"Num_Acc";"id_vehicule";"num_veh";"senc";"catv";"obs";"obsm";"choc";"manv";"motor";"occutc"
"202400000427";"155780993";"C01";"1";"7";"0";"2";"3";"2";"1";""
"202400000427";"155780995";"A01";"1";"10";"0";"2";"2";"2";"1";""
"202400000427";"155780996";"B01";"1";"7";"0";"2";"4";"2";"1";""
"202400000427";"155780997";"D01";"1";"7";"4";"2";"1";"2";"1";""
"202400000428";"155780994";"A01";"2";"43";"0";"5";"1";"1";"1";""
"202400000429";"155780992";"A01";"1";"7";"4";"0";"3";"1";"1";""
"202400000430";"155780990";"A01";"2";"10";"0";"2";"1";"2";"1";""
"202400000430";"155780991";"B01";"2";"33";"0";"2";"4";"23";"1";""
"202400000431";"155780987";"A01";"1";"7";"0";"2";"1";"0";"1";""
"202400000431";"155780988";"B01";"1";"7";"0";"2";"6";"1";"1";""
"202400000431";"155780989";"C01";"1";"7";"0";"2";"6";"1";"1";""
"202400000432";"155780986";"A01";"1";"33";"4";"0";"8";"11";"1";""
"202400000433";"155780983";"B01";"2";"7";"0";"2";"5";"11";"1";""
"202400000433";"155780985";"A01";"2";"33";"0";"2";"3";"3";"1";""
"202400000434";"155780982";"A01";"1";"33";"0";"2";"1";"2";"1";""
"202400000434";"155780984";"B01";"1";"33";"0";"2";"4";"2";"1";""
"202400000435";"155780980";"A01";"1";"7";"13";"0";"2";"1";"1";""
"202400000436";"155780979";"B01";"2";"10";"0";"2";"7";"1";"1";""
"202400000436";"155780981";"A01";"2";"7";"0";"2";"2";"2";"1";""
"202400000437";"155780974";"A01";"2";"2";"1";"2";"6";"21";"1";""
"202400000437";"155780976";"B01";"2";"7";"5";"2";"6";"24";"1";""
"202400000437";"155780978";"C01";"3";"7";"5";"2";"5";"24";"1";""
"202400000438";"155780975";"A01";"2";"7";"0";"2";"5";"14";"1";""
"202400000438";"155780977";"B01";"2";"31";"0";"2";"3";"3";"1";""
"202400000439";"155780970";"A01";"2";"7";"0";"2";"1";"2";"1";""
"202400000439";"155780971";"B01";"2";"7";"0";"2";"4";"2";"2";""
"202400000439";"155780972";"C01";"2";"7";"0";"2";"1";"2";"1";""
"202400000439";"155780973";"D01";"2";"7";"0";"2";"6";"2";"1";""
"202400000440";"155780968";"A01";"2";"10";"0";"2";"1";"1";"1";""
"202400000440";"155780969";"B01";"2";"7";"0";"2";"4";"1";"1";""
"202400000441";"155780965";"A01";"1";"7";"0";"2";"1";"1";"1";""
"202400000441";"155780966";"C01";"1";"7";"0";"2";"4";"1";"2";""
"202400000441";"155780967";"B01";"1";"7";"0";"2";"4";"1";"2";""
"202400000442";"155780963";"A01";"2";"33";"0";"2";"1";"3";"1";""
"202400000442";"155780964";"B01";"2";"7";"0";"2";"3";"11";"1";""
"202400000443";"155780961";"A01";"2";"7";"0";"2";"2";"1";"1";""
"202400000443";"155780962";"B01";"2";"14";"0";"2";"6";"1";"1";""
"202400000444";"155780959";"A01";"2";"7";"0";"2";"6";"1";"1";""
"202400000444";"155780960";"B01";"2";"14";"0";"2";"2";"1";"1";""
"202400000445";"155780955";"C01";"2";"7";"0";"2";"4";"2";"1";""
"202400000445";"155780956";"D01";"2";"7";"0";"2";"4";"2";"2";""
"202400000445";"155780957";"A01";"2";"7";"0";"2";"1";"2";"1";""
"202400000445";"155780958";"B01";"2";"7";"0";"2";"4";"2";"1";""
"202400000446";"155780953";"A01";"3";"7";"0";"2";"3";"9";"0";""
"202400000446";"155780954";"B01";"3";"50";"0";"2";"1";"1";"3";""
"202400000447";"155780951";"A01";"1";"30";"0";"2";"1";"1";"3";""
"202400000447";"155780952";"B01";"1";"7";"0";"2";"3";"1";"1";""
"202400000448";"155780949";"B01";"3";"7";"0";"0";"8";"1";"1";""
"202400000448";"155780950";"A01";"2";"1";"0";"2";"1";"1";"5";""
"202400000449";"155780946";"A01";"1";"1";"0";"2";"1";"1";"5";""
"202400000449";"155780948";"B01";"2";"7";"0";"2";"1";"13";"1";""
"202400000450";"155780945";"A01";"1";"7";"0";"2";"2";"2";"1";""
"202400000450";"155780947";"B01";"1";"1";"0";"2";"4";"2";"5";""
"202400000451";"155780943";"A01";"2";"2";"0";"1";"0";"2";"3";""
"202400000452";"155780942";"B01";"2";"7";"3";"0";"4";"2";"6";""
"202400000452";"155780944";"A01";"2";"33";"3";"2";"1";"2";"6";""
"202400000453";"155780939";"B01";"1";"7";"0";"2";"3";"23";"1";""
"202400000453";"155780941";"A01";"1";"33";"0";"2";"8";"15";"1";""
"202400000454";"155780938";"B01";"2";"7";"0";"2";"1";"1";"1";""
"202400000454";"155780940";"A01";"2";"7";"0";"2";"5";"1";"1";""
"202400000455";"155780936";"A01";"3";"7";"0";"1";"1";"9";"1";""
"202400000456";"155780934";"B01";"3";"1";"0";"2";"4";"1";"5";""
"202400000456";"155780935";"A01";"3";"7";"0";"2";"2";"17";"1";""
"202400000457";"155780933";"A01";"3";"37";"0";"2";"0";"0";"1";"10"
"202400000457";"155780937";"B01";"0";"33";"0";"2";"0";"0";"0";""
"202400000458";"155780931";"A01";"3";"7";"0";"2";"3";"15";"1";""
"202400000458";"155780932";"B01";"3";"33";"0";"2";"1";"1";"1";""
"202400000459";"155780929";"B01";"2";"7";"0";"2";"3";"23";"1";""
"202400000459";"155780930";"A01";"2";"7";"1";"0";"1";"0";"1";""
"202400000460";"155780928";"Z01";"3";"7";"0";"1";"7";"16";"0";""
"202400000461";"155780927";"A01";"1";"7";"0";"0";"7";"0";"1";""
"202400000462";"155780926";"A01";"2";"7";"0";"0";"0";"0";"1";""
"202400000463";"155780925";"A01";"2";"7";"3";"0";"1";"17";"1";""
"202400000464";"155780923";"A01";"1";"34";"0";"2";"7";"17";"1";""
"202400000464";"155780924";"B01";"2";"7";"0";"2";"3";"15";"1";""
"202400000465";"155780920";"A01";"1";"1";"0";"2";"1";"1";"5";""
"202400000465";"155780921";"B01";"2";"37";"0";"2";"8";"1";"1";"1"
"202400000466";"155780918";"A01";"3";"99";"0";"2";"8";"2";"3";""
"202400000466";"155780919";"B01";"3";"10";"0";"2";"0";"1";"1";""
"202400000467";"155780917";"A01";"3";"30";"0";"0";"7";"21";"1";""
"202400000468";"155780915";"B01";"1";"33";"0";"2";"1";"1";"1";""
"202400000468";"155780916";"A01";"2";"7";"0";"2";"5";"10";"1";""
"202400000469";"155780913";"A01";"1";"7";"0";"2";"1";"17";"1";""
"202400000469";"155780914";"B01";"1";"7";"0";"2";"4";"1";"1";""
"202400000470";"155780911";"A01";"3";"1";"0";"0";"0";"16";"5";""
"202400000471";"155780910";"A01";"3";"34";"0";"0";"9";"0";"1";""
"202400000472";"155780912";"A01";"1";"7";"0";"1";"1";"26";"2";""
"202400000473";"155780909";"A01";"1";"7";"0";"1";"4";"4";"1";""
"202400000474";"155780907";"A01";"1";"7";"0";"1";"1";"26";"1";""
"202400000475";"155780906";"A01";"1";"7";"1";"0";"2";"1";"1";""
"202400000475";"155780908";"B01";"1";"7";"0";"2";"8";"24";"1";""
"202400000476";"155780905";"A01";"2";"7";"0";"1";"2";"1";"1";""
"202400000477";"155780903";"A01";"2";"7";"12";"1";"1";"1";"1";""
"202400000478";"155780902";"B01";"3";"7";"0";"2";"5";"15";"1";""
"202400000478";"155780904";"A01";"3";"7";"12";"2";"5";"16";"2";""
"202400000479";"155780900";"A01";"3";"7";"0";"1";"3";"1";"2";""
"202400000480";"155780899";"B01";"3";"7";"0";"2";"3";"1";"1";""
"202400000480";"155780901";"A01";"3";"7";"0";"2";"3";"13";"1";""
"202400000481";"155780898";"A01";"1";"50";"0";"1";"1";"25";"3";""
"202400000482";"155780896";"A01";"3";"7";"0";"2";"3";"1";"1";""
"202400000482";"155780897";"B01";"3";"7";"0";"2";"3";"1";"1";""
"202400000483";"155780894";"A01";"1";"7";"0";"2";"7";"15";"1";""
"202400000483";"155780895";"B01";"1";"14";"0";"2";"1";"1";"1";""
"202400000484";"155780893";"A01";"1";"7";"0";"1";"4";"20";"1";""
"202400000485";"155780892";"A01";"1";"3";"13";"0";"3";"13";"1";""
"202400000486";"155780891";"A01";"1";"7";"0";"0";"3";"1";"1";""
"202400000487";"155780886";"B01";"1";"80";"0";"2";"2";"1";"3";""
"202400000487";"155780888";"A01";"1";"7";"0";"2";"3";"1";"1";""
"202400000488";"155780885";"A01";"3";"7";"0";"2";"1";"1";"1";""
"202400000488";"155780887";"B01";"3";"1";"0";"2";"0";"1";"5";""
"202400000489";"155780884";"A01";"1";"7";"2";"0";"1";"1";"1";""
"202400000490";"155780882";"B01";"2";"7";"0";"2";"8";"1";"1";""
"202400000490";"155780883";"A01";"2";"7";"0";"2";"1";"1";"1";""
"202400000491";"155780880";"B01";"2";"7";"0";"2";"1";"1";"1";""
"202400000491";"155780881";"A01";"2";"7";"0";"2";"4";"1";"1";""
"202400000492";"155780877";"A01";"1";"7";"0";"2";"2";"16";"2";""
"202400000492";"155780879";"B01";"2";"1";"0";"2";"8";"1";"5";""
"202400000493";"155780872";"C01";"0";"7";"0";"2";"1";"2";"1";""
"202400000493";"155780873";"B01";"0";"7";"0";"2";"3";"1";"1";""
"202400000493";"155780875";"A01";"0";"7";"0";"2";"3";"13";"1";""
"202400000494";"155780868";"A01";"1";"30";"0";"2";"1";"2";"1";""
"202400000494";"155780870";"B01";"1";"2";"0";"2";"4";"23";"1";""
"202400000495";"155780867";"B01";"1";"1";"0";"2";"2";"1";"5";""
"202400000495";"155780869";"A01";"2";"7";"0";"2";"3";"1";"2";""
"202400000496";"155780866";"A01";"1";"7";"9";"0";"2";"14";"1";""
"202400000497";"155780864";"B01";"2";"32";"0";"2";"1";"17";"1";""
"202400000497";"155780865";"A01";"1";"32";"0";"2";"3";"15";"1";""
"202400000498";"155780863";"A01";"1";"7";"1";"0";"1";"14";"1";""
"202400000499";"155780861";"B01";"2";"7";"0";"2";"1";"1";"1";""
"202400000499";"155780862";"A01";"1";"7";"0";"2";"1";"5";"1";""
"202400000500";"155780860";"A01";"3";"7";"0";"1";"3";"15";"1";""
"202400000501";"155780857";"Z01";"2";"14";"0";"9";"7";"0";"0";""
"202400000501";"155780858";"B01";"1";"1";"0";"2";"5";"9";"5";""
"202400000502";"155780856";"A01";"2";"7";"0";"2";"1";"1";"1";""
"202400000502";"155780859";"B01";"2";"30";"0";"2";"8";"1";"3";""
"202400000503";"155780855";"A01";"1";"7";"0";"1";"2";"14";"1";""
"202400000504";"155780854";"A01";"1";"30";"0";"0";"8";"1";"1";""
"202400000505";"155780853";"A01";"1";"7";"0";"1";"3";"15";"1";""
"202400000506";"155780849";"C01";"1";"7";"3";"2";"7";"13";"1";""
"202400000506";"155780851";"A01";"1";"7";"16";"2";"2";"1";"1";""
"202400000506";"155780852";"B01";"1";"7";"16";"2";"6";"14";"1";""
"202400000507";"155780850";"A01";"1";"50";"12";"0";"1";"19";"3";""
"202400000508";"155780846";"A01";"1";"33";"0";"5";"1";"21";"1";""
"202400000509";"155780845";"A01";"1";"7";"0";"2";"8";"15";"1";""
"202400000509";"155780847";"B01";"1";"30";"0";"2";"7";"17";"1";""
"202400000510";"155780843";"A01";"1";"7";"0";"1";"1";"1";"1";""
"202400000511";"155780842";"A01";"3";"7";"0";"9";"1";"1";"1";""
"202400000511";"155780844";"B01";"3";"1";"0";"2";"1";"1";"5";""
"202400000512";"155780841";"A01";"3";"10";"0";"2";"1";"17";"1";""
"202400000513";"155780837";"B01";"3";"1";"0";"2";"4";"9";"5";""
"202400000513";"155780839";"A01";"3";"7";"0";"2";"1";"1";"1";""
"202400000514";"155780833";"Z01";"2";"10";"0";"2";"0";"0";"0";""
"202400000514";"155780835";"B01";"1";"50";"0";"2";"0";"0";"3";""
"202400000515";"155780832";"B01";"1";"7";"0";"2";"1";"1";"1";""
"202400000515";"155780834";"A01";"1";"7";"0";"2";"5";"26";"1";""
"202400000516";"155780830";"A01";"2";"7";"1";"1";"1";"5";"1";""
"202400000517";"155780829";"B01";"3";"7";"0";"0";"1";"19";"1";""
"202400000517";"155780831";"A01";"3";"31";"0";"0";"8";"0";"1";""
"202400000518";"155780825";"B01";"1";"7";"7";"2";"3";"0";"1";""
"202400000518";"155780828";"A01";"1";"7";"0";"2";"1";"1";"2";""
"202400000519";"155780826";"A01";"2";"7";"0";"2";"7";"15";"2";""
"202400000519";"155780827";"B01";"1";"7";"0";"2";"1";"1";"1";""
"202400000520";"155780824";"A01";"3";"43";"3";"0";"1";"14";"1";""
"202400000521";"155780820";"B01";"2";"50";"12";"0";"8";"1";"3";""
"202400000521";"155780821";"A01";"1";"7";"12";"0";"2";"16";"2";""
"202400000522";"155780819";"A01";"1";"50";"12";"0";"1";"1";"3";""
"202400000523";"155780817";"A01";"1";"7";"1";"0";"3";"1";"1";""
"202400000524";"155780816";"A01";"2";"7";"0";"9";"3";"1";"1";""
"202400000524";"155780818";"B01";"2";"1";"0";"2";"2";"1";"5";""
"202400000525";"155780812";"A01";"0";"10";"0";"2";"4";"23";"6";""
"202400000525";"155780814";"B01";"0";"10";"0";"2";"4";"23";"6";""
"202400000526";"155780813";"B01";"2";"33";"0";"2";"8";"1";"1";""
"202400000526";"155780815";"A01";"1";"7";"0";"2";"1";"1";"2";""
"202400000527";"155780810";"A01";"2";"7";"0";"2";"2";"15";"1";""
"202400000527";"155780811";"B01";"0";"1";"0";"2";"1";"26";"5";""
"202400000528";"155780808";"B01";"2";"7";"0";"2";"1";"1";"2";""
"202400000528";"155780809";"A01";"1";"7";"0";"2";"7";"16";"1";""
"202400000529";"155780806";"A01";"2";"7";"0";"1";"3";"15";"2";""
"202400000530";"155780803";"A01";"2";"7";"0";"2";"3";"24";"2";""
"202400000530";"155780804";"B01";"2";"30";"0";"2";"1";"1";"1";""
"202400000531";"155780801";"A01";"2";"7";"0";"2";"3";"11";"1";""
"202400000531";"155780802";"B01";"1";"7";"0";"2";"3";"16";"1";""
"202400000532";"155780799";"A01";"1";"7";"9";"0";"4";"1";"1";""
"202400000532";"155780800";"B01";"1";"7";"14";"2";"1";"2";"1";""
"202400000533";"155780797";"A01";"1";"7";"0";"2";"1";"1";"1";""
"202400000533";"155780798";"B01";"1";"10";"0";"2";"4";"1";"1";""
"202400000534";"155780796";"A01";"1";"50";"0";"0";"0";"2";"3";""
"202400000535";"155780794";"A01";"1";"10";"0";"2";"7";"15";"1";""
"202400000535";"155780795";"B01";"2";"33";"0";"2";"1";"0";"1";""
"202400000536";"155780792";"B01";"2";"7";"0";"2";"1";"5";"0";""
"202400000537";"155780791";"A01";"1";"10";"0";"2";"7";"13";"1";""
"202400000537";"155780793";"B01";"1";"2";"8";"2";"9";"17";"1";""
"202400000538";"155780790";"A01";"1";"15";"0";"1";"6";"4";"0";""
"202400000539";"155780788";"B01";"2";"7";"0";"2";"1";"1";"1";""
"202400000539";"155780789";"A01";"2";"33";"0";"2";"1";"1";"1";""
"202400000540";"155780785";"B01";"0";"1";"0";"2";"1";"1";"5";""
"202400000540";"155780787";"A01";"0";"31";"0";"2";"1";"15";"1";""
"202400000541";"155780784";"A01";"2";"2";"0";"2";"1";"2";"1";""
"202400000541";"155780786";"B01";"2";"7";"0";"2";"4";"2";"1";""
"202400000542";"155780782";"A01";"1";"33";"0";"2";"2";"14";"1";""
"202400000542";"155780783";"B01";"2";"7";"0";"2";"3";"1";"2";""
"202400000543";"155780779";"B01";"2";"33";"0";"2";"1";"2";"1";""
"202400000543";"155780780";"A01";"2";"10";"0";"0";"6";"1";"1";""
"202400000544";"155780781";"A01";"1";"3";"0";"1";"1";"1";"1";""
"202400000545";"155780778";"A01";"1";"7";"0";"1";"3";"26";"1";""
"202400000546";"155780776";"A01";"2";"7";"2";"0";"1";"1";"1";""
"202400000547";"155780774";"A01";"2";"31";"0";"2";"1";"1";"1";""
"202400000547";"155780777";"B01";"1";"10";"0";"2";"1";"1";"1";""
"202400000548";"155780772";"A01";"2";"33";"9";"0";"1";"17";"1";""
"202400000549";"155780771";"A01";"1";"7";"8";"0";"1";"1";"1";""
"202400000550";"155780766";"A01";"3";"7";"0";"2";"2";"19";"1";""
"202400000550";"155780769";"B01";"1";"7";"0";"2";"1";"1";"1";""
"202400000551";"155780765";"C01";"2";"10";"0";"2";"4";"1";"1";""
"202400000551";"155780768";"B01";"2";"7";"0";"2";"1";"1";"1";""
"202400000551";"155780770";"A01";"2";"7";"0";"2";"1";"1";"1";""
"202400000552";"155780764";"A01";"1";"3";"0";"2";"1";"9";"1";""
"202400000552";"155780767";"B01";"2";"2";"0";"2";"1";"1";"1";""
"202400000553";"155780761";"A01";"2";"33";"3";"0";"1";"16";"1";""
"202400000554";"155780762";"A01";"2";"7";"0";"2";"1";"13";"1";""
"202400000554";"155780763";"B01";"1";"7";"0";"2";"1";"21";"1";""
"202400000555";"155780759";"B01";"2";"7";"0";"2";"1";"15";"1";""
"202400000555";"155780760";"A01";"1";"33";"0";"2";"2";"3";"1";""
"202400000556";"155780756";"B01";"1";"7";"3";"0";"9";"1";"1";""
"202400000556";"155780758";"A01";"1";"17";"0";"0";"7";"12";"1";""
"202400000557";"155780755";"A01";"1";"31";"0";"2";"1";"2";"1";""
"202400000557";"155780757";"B01";"1";"15";"0";"2";"4";"1";"1";""
"202400000558";"155780753";"A01";"2";"7";"0";"2";"3";"15";"1";""
"202400000558";"155780754";"B01";"1";"2";"0";"2";"0";"1";"1";""
"202400000559";"155780751";"A01";"3";"7";"13";"0";"9";"1";"1";""
"202400000560";"155780749";"A01";"2";"7";"0";"0";"1";"1";"1";""
"202400000561";"155780747";"A01";"2";"7";"0";"2";"1";"13";"1";""
"202400000561";"155780750";"B01";"1";"10";"0";"2";"1";"21";"1";""
"202400000562";"155780746";"A01";"1";"33";"0";"0";"9";"1";"1";""
"202400000563";"155780744";"Z01";"1";"30";"0";"1";"1";"1";"0";""
"202400000564";"155780743";"A01";"2";"7";"0";"2";"1";"2";"1";""
"202400000564";"155780745";"B01";"2";"7";"0";"2";"4";"2";"1";""
"202400000564";"155780748";"C01";"2";"7";"0";"2";"4";"2";"1";""
"202400000565";"155780738";"A01";"2";"7";"0";"2";"1";"14";"0";""
"202400000565";"155780741";"C01";"1";"14";"0";"2";"5";"1";"0";""
"202400000565";"155780742";"B01";"1";"7";"0";"2";"1";"1";"1";""
"202400000566";"155780739";"A01";"1";"7";"0";"1";"3";"1";"1";""
"202400000567";"155780737";"A01";"2";"7";"0";"2";"8";"19";"1";""
"202400000567";"155780740";"B01";"2";"7";"0";"2";"1";"1";"1";""
"202400000568";"155780736";"A01";"2";"7";"0";"0";"3";"13";"1";""
"202400000569";"155780734";"Z01";"3";"7";"0";"2";"1";"1";"1";""
"202400000569";"155780735";"A01";"3";"7";"0";"2";"4";"1";"2";""
"202400000570";"155780731";"B01";"2";"33";"0";"2";"1";"1";"1";""
"202400000570";"155780733";"A01";"2";"7";"0";"2";"7";"1";"1";""
"202400000571";"155780732";"A01";"1";"2";"0";"0";"8";"10";"1";""
"202400000572";"155780728";"A01";"1";"43";"0";"2";"1";"2";"1";""
"202400000572";"155780730";"B01";"1";"33";"0";"2";"4";"23";"1";""
"202400000573";"155780726";"A01";"1";"2";"13";"0";"1";"1";"1";""
"202400000574";"155780725";"A01";"1";"2";"0";"2";"1";"1";"1";""
"202400000574";"155780727";"B01";"1";"7";"0";"2";"4";"23";"1";""
"202400000575";"155780724";"B01";"2";"2";"8";"2";"1";"1";"3";""
"202400000575";"155780729";"A01";"1";"7";"0";"2";"5";"1";"1";""
"202400000576";"155780721";"A01";"1";"7";"2";"0";"1";"13";"1";""
"202400000577";"155780720";"A01";"1";"33";"0";"2";"1";"21";"1";""
"202400000577";"155780723";"B01";"1";"7";"0";"2";"6";"26";"2";""
"202400000578";"155780718";"A01";"2";"10";"0";"9";"1";"1";"1";""
"202400000578";"155780722";"B01";"0";"1";"0";"0";"8";"19";"5";""
"202400000579";"155780716";"A01";"1";"1";"0";"2";"1";"16";"5";""
"202400000579";"155780719";"B01";"3";"7";"0";"2";"6";"1";"1";""
"202400000580";"155780715";"A01";"1";"2";"0";"0";"8";"14";"1";""
"202400000581";"155780713";"A01";"1";"17";"0";"2";"3";"13";"1";""
"202400000581";"155780717";"B01";"2";"7";"0";"2";"3";"1";"1";""
"202400000582";"155780712";"B01";"2";"80";"0";"2";"8";"11";"3";""
"202400000582";"155780714";"A01";"2";"7";"14";"2";"7";"23";"1";""
"202400000583";"155780711";"A01";"3";"2";"11";"0";"1";"1";"1";""
"202400000584";"155780709";"A01";"1";"7";"0";"1";"1";"1";"1";""
"202400000585";"155780707";"B01";"2";"7";"0";"2";"3";"1";"1";""
"202400000585";"155780710";"A01";"1";"1";"0";"2";"1";"13";"5";""
"202400000586";"155780708";"A01";"1";"1";"1";"2";"2";"14";"5";""
"202400000587";"155780705";"A01";"1";"33";"0";"6";"0";"0";"1";""
"202400000588";"155780701";"A01";"1";"7";"0";"2";"1";"1";"1";""
"202400000588";"155780702";"B01";"2";"7";"0";"2";"1";"1";"1";""
"202400000588";"155780704";"C01";"2";"7";"0";"2";"3";"1";"1";""
"202400000589";"155780700";"A01";"2";"80";"0";"0";"0";"1";"3";""
"202400000590";"155780703";"A01";"3";"7";"0";"2";"1";"9";"1";""
"202400000590";"155780706";"B01";"1";"1";"0";"2";"1";"1";"5";""
"202400000591";"155780699";"A01";"1";"7";"1";"0";"2";"14";"2";""
"202400000592";"155780698";"A01";"3";"7";"0";"1";"2";"1";"1";""
"202400000593";"155780697";"A01";"2";"7";"0";"1";"3";"1";"1";""
"202400000594";"155780695";"A01";"1";"7";"0";"2";"7";"18";"1";""
"202400000594";"155780696";"B01";"1";"1";"0";"2";"8";"1";"5";""
"202400000595";"155780693";"A01";"2";"7";"0";"2";"1";"13";"1";""
"202400000595";"155780694";"B01";"1";"17";"0";"2";"3";"1";"1";""
"202400000596";"155780689";"A01";"1";"7";"0";"2";"1";"1";"1";""
"202400000596";"155780691";"B01";"1";"7";"0";"2";"4";"23";"1";""
"202400000597";"155780688";"B01";"1";"7";"0";"2";"1";"2";"1";""
"202400000597";"155780692";"A01";"2";"7";"0";"2";"1";"13";"1";""
"202400000598";"155780687";"B01";"1";"7";"0";"2";"2";"1";"1";""
"202400000598";"155780690";"A01";"1";"7";"0";"2";"1";"19";"1";""
"202400000599";"155780685";"B01";"2";"7";"0";"2";"6";"2";"1";""
"202400000599";"155780686";"A01";"2";"32";"0";"2";"1";"2";"1";""
"202400000600";"155780684";"A01";"1";"7";"0";"0";"9";"14";"1";""
"202400000601";"155780682";"A01";"1";"10";"13";"0";"3";"13";"1";""
"202400000602";"155780681";"A01";"1";"34";"0";"2";"1";"1";"0";""
"202400000602";"155780683";"B01";"1";"7";"0";"2";"4";"16";"0";""
"202400000603";"155780678";"B01";"2";"7";"5";"2";"3";"1";"1";""
"202400000603";"155780680";"A01";"1";"7";"0";"2";"2";"13";"1";""
"202400000604";"155780677";"B01";"1";"50";"0";"2";"1";"5";"3";""
"202400000604";"155780679";"A01";"2";"7";"0";"2";"3";"2";"1";""
"202400000605";"155780676";"A01";"2";"31";"0";"0";"0";"26";"1";""
"202400000606";"155780674";"A01";"2";"7";"0";"2";"3";"13";"1";""
"202400000606";"155780675";"B01";"1";"7";"0";"2";"3";"1";"1";""
"202400000607";"155780672";"A01";"1";"7";"0";"0";"0";"1";"1";""
"202400000608";"155780671";"B01";"0";"7";"0";"2";"1";"1";"1";""
"202400000608";"155780673";"A01";"0";"7";"0";"2";"5";"1";"1";""
"202400000609";"155780670";"A01";"2";"7";"2";"0";"3";"1";"1";""
"202400000610";"155780668";"A01";"2";"7";"13";"0";"3";"1";"1";""
"202400000611";"155780666";"A01";"1";"7";"0";"2";"1";"1";"1";""
"202400000611";"155780667";"B01";"1";"7";"0";"2";"4";"1";"1";""
"202400000611";"155780669";"C01";"1";"7";"0";"2";"4";"1";"1";""
"202400000612";"155780665";"A01";"0";"7";"8";"0";"1";"14";"1";""
"202400000613";"155780663";"B01";"2";"50";"0";"2";"7";"1";"3";""
"202400000613";"155780664";"A01";"1";"7";"0";"2";"1";"1";"1";""
"202400000614";"155780660";"A01";"3";"7";"12";"1";"2";"1";"1";""
"202400000615";"155780659";"A01";"1";"7";"4";"0";"0";"0";"2";""
"202400000616";"155780657";"B01";"1";"10";"0";"0";"4";"23";"1";""
"202400000616";"155780658";"A01";"1";"30";"0";"2";"1";"1";"1";""
"202400000617";"155780655";"A01";"1";"1";"0";"2";"8";"11";"5";""
"202400000617";"155780656";"B01";"1";"10";"0";"9";"7";"1";"1";""
"202400000618";"155780653";"A01";"1";"7";"0";"2";"3";"20";"1";""
"202400000618";"155780654";"B01";"2";"33";"0";"2";"1";"1";"1";""
"202400000619";"155780652";"A01";"1";"15";"4";"0";"7";"2";"1";""
"202400000620";"155780649";"A01";"2";"7";"0";"2";"1";"2";"1";""
"202400000620";"155780651";"B01";"2";"7";"0";"2";"4";"2";"1";""
"202400000621";"155780648";"A01";"3";"99";"0";"2";"1";"19";"1";""
"202400000621";"155780650";"B01";"3";"99";"0";"2";"7";"13";"1";""
"202400000622";"155780643";"A01";"1";"30";"0";"2";"1";"1";"1";""
"202400000622";"155780646";"B01";"2";"21";"0";"2";"3";"19";"1";""
"202400000623";"155780642";"C01";"1";"7";"0";"2";"1";"1";"1";""
"202400000623";"155780644";"B01";"1";"7";"0";"2";"1";"1";"1";""
"202400000623";"155780645";"D01";"1";"7";"13";"0";"2";"1";"1";""
"202400000623";"155780647";"A01";"2";"7";"0";"2";"1";"17";"2";""
"202400000624";"155780640";"A01";"1";"7";"3";"0";"3";"0";"1";""
"202400000625";"155780639";"B01";"1";"7";"0";"2";"1";"1";"2";""
"202400000625";"155780641";"A01";"2";"7";"0";"2";"4";"13";"1";""
"202400000626";"155780638";"A01";"2";"7";"0";"1";"2";"1";"1";""
"202400000627";"155780636";"A01";"1";"50";"0";"2";"1";"1";"3";""
"202400000627";"155780637";"B01";"1";"10";"0";"2";"7";"1";"1";""
"202400000628";"155780635";"A01";"1";"10";"6";"0";"1";"13";"1";""
"202400000629";"155780634";"A01";"3";"10";"9";"0";"2";"1";"1";""
"202400000630";"155780633";"A01";"1";"7";"1";"0";"2";"1";"1";""
"202400000631";"155780630";"A01";"1";"7";"0";"2";"3";"1";"1";""
"202400000631";"155780632";"B01";"2";"31";"0";"2";"8";"1";"1";""
"202400000632";"155780628";"A01";"2";"7";"0";"2";"7";"15";"1";""
"202400000632";"155780629";"B01";"1";"10";"0";"2";"1";"1";"1";""
"202400000632";"155780631";"C01";"2";"7";"0";"2";"1";"1";"1";""
"202400000633";"155780626";"A01";"2";"1";"14";"0";"1";"2";"5";""
"202400000633";"155780627";"B01";"2";"7";"0";"2";"4";"23";"1";""
"202400000634";"155780621";"A01";"2";"7";"0";"2";"1";"1";"1";""
"202400000634";"155780622";"B01";"2";"7";"0";"2";"4";"1";"1";""
"202400000634";"155780624";"C01";"2";"7";"0";"2";"4";"1";"1";""
"202400000634";"155780625";"D01";"2";"7";"0";"2";"4";"1";"1";""
"202400000635";"155780620";"B01";"1";"7";"3";"2";"1";"1";"1";""
"202400000635";"155780623";"A01";"1";"7";"0";"0";"4";"17";"1";""
"202400000636";"155780618";"A01";"2";"7";"2";"0";"1";"14";"1";""
"202400000637";"155780617";"B01";"3";"7";"0";"2";"3";"23";"1";""
"202400000637";"155780619";"A01";"3";"7";"0";"2";"3";"5";"1";""
"202400000638";"155780614";"B01";"1";"1";"0";"2";"1";"1";"5";""
"202400000638";"155780616";"A01";"2";"7";"0";"9";"7";"15";"1";""
"202400000639";"155780613";"B01";"3";"10";"0";"2";"3";"0";"1";""
"202400000639";"155780615";"A01";"3";"2";"0";"2";"1";"19";"1";""
"202400000640";"155780611";"A01";"1";"7";"0";"2";"3";"15";"1";""