"Num_Acc";"id_vehicule";"num_veh";"senc";"catv";"obs";"obsm";"choc";"manv";"motor";"occutc"
"202400000640";"155780612";"B01";"2";"1";"0";"2";"1";"1";"5";""
"202400000641";"155780610";"A01";"1";"7";"0";"1";"3";"1";"1";""
"202400000642";"155780609";"A01";"2";"15";"6";"0";"1";"13";"0";""
"202400000643";"155780607";"A01";"2";"15";"0";"2";"1";"1";"1";""
"202400000643";"155780608";"B01";"2";"33";"0";"2";"6";"23";"1";""
"202400000644";"155780605";"A01";"1";"7";"0";"2";"8";"15";"1";""
"202400000644";"155780606";"B01";"2";"2";"0";"2";"1";"1";"1";""
"202400000645";"155780604";"A01";"1";"7";"0";"1";"1";"1";"1";""
"202400000646";"155780603";"A01";"2";"7";"13";"0";"0";"13";"1";""
"202400000647";"155780602";"A01";"3";"7";"0";"1";"1";"1";"1";""
"202400000648";"155780600";"A01";"1";"7";"0";"2";"2";"9";"1";""
"202400000648";"155780601";"B01";"1";"2";"0";"2";"1";"1";"1";""
"202400000649";"155780598";"A01";"2";"7";"0";"0";"0";"16";"1";""
"202400000649";"155780599";"B01";"2";"50";"12";"0";"7";"1";"3";""
"202400000650";"155780597";"A01";"1";"7";"0";"1";"1";"16";"1";""
"202400000651";"155780594";"B01";"1";"7";"0";"2";"8";"17";"1";""
"202400000651";"155780595";"Z01";"1";"7";"0";"2";"2";"17";"3";""
"202400000651";"155780596";"C01";"1";"7";"0";"2";"8";"1";"1";""
"202400000652";"155780591";"A01";"1";"7";"13";"0";"9";"19";"1";""
"202400000653";"155780590";"A01";"1";"7";"3";"2";"1";"1";"1";""
"202400000653";"155780592";"B01";"1";"7";"0";"2";"4";"1";"1";""
"202400000653";"155780593";"C01";"1";"7";"0";"2";"4";"1";"1";""
"202400000654";"155780588";"Z01";"1";"7";"0";"2";"3";"0";"1";""
"202400000654";"155780589";"A01";"1";"7";"0";"2";"3";"1";"1";""
"202400000655";"155780585";"A01";"3";"37";"0";"2";"3";"15";"1";"1"
"202400000655";"155780587";"B01";"1";"10";"0";"2";"5";"1";"3";""
"202400000656";"155780584";"A01";"1";"33";"0";"2";"1";"12";"1";""
"202400000656";"155780586";"B01";"1";"7";"0";"2";"4";"23";"2";""
"202400000657";"155780583";"Y01";"0";"0";"0";"1";"0";"26";"0";""
"202400000658";"155780581";"A01";"1";"33";"0";"2";"1";"1";"1";""
"202400000658";"155780582";"B01";"3";"7";"0";"2";"7";"10";"1";""
"202400000659";"155780579";"A01";"3";"0";"0";"2";"3";"2";"0";""
"202400000659";"155780580";"B01";"3";"1";"0";"2";"7";"2";"5";""
"202400000660";"155780578";"A01";"3";"33";"0";"2";"8";"1";"1";""
"202400000661";"155780576";"A01";"3";"7";"0";"2";"1";"1";"1";""
"202400000661";"155780577";"B01";"3";"1";"0";"2";"4";"2";"5";""
"202400000662";"155780574";"B01";"1";"2";"0";"2";"2";"17";"1";""
"202400000662";"155780575";"A01";"1";"10";"0";"2";"3";"15";"1";""
"202400000663";"155780571";"A01";"2";"30";"0";"2";"3";"15";"1";""
"202400000663";"155780573";"B01";"1";"7";"0";"0";"0";"1";"2";""
"202400000664";"155780570";"A01";"2";"30";"0";"2";"1";"25";"1";""
"202400000664";"155780572";"B01";"2";"1";"0";"2";"2";"1";"5";""
"202400000665";"155780569";"A01";"2";"7";"15";"0";"1";"1";"1";""
"202400000666";"155780568";"Z01";"1";"7";"0";"1";"0";"1";"0";""
"202400000667";"155780566";"A01";"3";"7";"0";"2";"8";"7";"1";""
"202400000667";"155780567";"B01";"3";"50";"0";"2";"7";"1";"3";""
"202400000668";"155780563";"A01";"3";"30";"0";"2";"1";"1";"1";""
"202400000668";"155780564";"B01";"3";"7";"0";"2";"7";"1";"1";""
"202400000669";"155780562";"B01";"3";"7";"0";"2";"7";"1";"1";""
"202400000669";"155780565";"A01";"3";"7";"0";"2";"1";"19";"1";""
"202400000670";"155780561";"A01";"2";"7";"0";"1";"1";"1";"1";""
"202400000671";"155780559";"B01";"3";"7";"1";"2";"5";"2";"1";""
"202400000671";"155780560";"A01";"1";"7";"0";"2";"2";"19";"1";""
"202400000672";"155780558";"A01";"1";"10";"0";"1";"2";"12";"1";""
"202400000673";"155780556";"A01";"2";"31";"0";"0";"3";"0";"1";""
"202400000674";"155780555";"A01";"1";"7";"0";"2";"3";"15";"1";""
"202400000674";"155780557";"B01";"1";"2";"0";"2";"7";"17";"1";""
"202400000675";"155780553";"A01";"2";"7";"0";"2";"1";"13";"1";""
"202400000675";"155780554";"B01";"1";"7";"0";"2";"1";"26";"1";""
"202400000676";"155780551";"A01";"3";"30";"0";"4";"3";"19";"1";""
"202400000676";"155780552";"B01";"3";"39";"0";"9";"2";"1";"3";""
"202400000677";"155780550";"A01";"1";"7";"0";"1";"3";"17";"1";""
"202400000678";"155780549";"A01";"1";"7";"0";"1";"1";"1";"1";""
"202400000679";"155780546";"A01";"2";"7";"0";"2";"1";"2";"1";""
"202400000679";"155780548";"B01";"2";"7";"0";"2";"4";"0";"1";""
"202400000680";"155780542";"A01";"2";"7";"0";"2";"1";"2";"1";""
"202400000680";"155780544";"B01";"2";"7";"0";"2";"4";"2";"1";""
"202400000681";"155780543";"A01";"3";"7";"0";"2";"6";"10";"1";""
"202400000681";"155780545";"B01";"3";"33";"0";"2";"3";"21";"1";""
"202400000682";"155780541";"A01";"1";"7";"0";"1";"3";"21";"1";""
"202400000683";"155780540";"A01";"2";"15";"0";"1";"3";"1";"6";""
"202400000684";"155780539";"A01";"1";"7";"0";"1";"3";"15";"1";""
"202400000685";"155780535";"A01";"1";"7";"0";"2";"2";"1";"2";""
"202400000685";"155780537";"B01";"1";"34";"0";"2";"1";"1";"1";""
"202400000686";"155780536";"B01";"3";"33";"0";"2";"0";"0";"1";""
"202400000686";"155780538";"Z01";"3";"7";"0";"2";"1";"19";"0";""
"202400000687";"155780532";"A01";"1";"7";"0";"2";"1";"1";"1";""
"202400000687";"155780533";"B01";"2";"7";"0";"2";"3";"1";"1";""
"202400000688";"155780530";"A01";"1";"50";"0";"0";"0";"1";"3";""
"202400000689";"155780529";"A01";"1";"7";"0";"2";"3";"15";"1";""
"202400000689";"155780531";"B01";"2";"32";"0";"2";"8";"1";"1";""
"202400000690";"155780528";"A01";"1";"50";"0";"0";"0";"26";"3";""
"202400000691";"155780527";"A01";"2";"7";"0";"1";"2";"21";"1";""
"202400000692";"155780523";"C01";"1";"7";"0";"2";"2";"1";"1";""
"202400000692";"155780525";"B01";"1";"7";"0";"2";"2";"1";"1";""
"202400000692";"155780526";"A01";"1";"7";"0";"2";"3";"1";"1";""
"202400000693";"155780522";"A01";"3";"10";"0";"2";"1";"1";"1";""
"202400000693";"155780524";"B01";"3";"7";"0";"2";"4";"1";"1";""
"202400000694";"155780520";"A01";"1";"7";"0";"9";"7";"16";"1";""
"202400000694";"155780521";"B01";"3";"1";"0";"0";"0";"0";"5";""
"202400000695";"155780518";"B01";"3";"7";"0";"2";"3";"1";"1";""
"202400000695";"155780519";"A01";"3";"33";"0";"2";"1";"1";"1";""
"202400000696";"155780517";"A01";"1";"14";"0";"1";"5";"26";"1";""
"202400000697";"155780516";"A01";"1";"7";"0";"1";"1";"15";"1";""
"202400000698";"155780514";"B01";"1";"7";"0";"2";"8";"15";"1";""
"202400000698";"155780515";"A01";"1";"32";"0";"2";"7";"17";"1";""
"202400000699";"155780510";"A01";"2";"7";"0";"2";"3";"1";"1";""
"202400000699";"155780512";"B01";"1";"7";"0";"2";"1";"1";"1";""
"202400000700";"155780511";"A01";"2";"10";"0";"2";"1";"1";"1";""
"202400000700";"155780513";"B01";"2";"10";"0";"2";"4";"1";"1";""
"202400000701";"155780506";"A01";"1";"10";"0";"2";"2";"15";"1";""
"202400000701";"155780509";"B01";"2";"33";"0";"2";"1";"2";"1";""
"202400000702";"155780505";"C01";"1";"7";"0";"2";"4";"1";"2";""
"202400000702";"155780507";"A01";"1";"10";"0";"2";"1";"1";"3";""
"202400000702";"155780508";"B01";"1";"7";"0";"2";"4";"1";"1";""
"202400000703";"155780504";"A01";"3";"7";"2";"0";"7";"2";"1";""
"202400000704";"155780503";"A01";"1";"7";"8";"0";"3";"2";"1";""
"202400000705";"155780502";"A01";"1";"33";"12";"0";"6";"14";"1";""
"202400000706";"155780499";"A01";"2";"50";"0";"2";"1";"19";"3";""
"202400000706";"155780501";"B01";"1";"7";"0";"2";"3";"1";"2";""
"202400000707";"155780498";"A01";"1";"7";"0";"2";"2";"16";"1";""
"202400000707";"155780500";"B01";"2";"2";"0";"2";"8";"2";"3";""
"202400000708";"155780497";"A01";"3";"7";"0";"1";"1";"1";"0";""
"202400000709";"155780494";"A01";"3";"7";"0";"1";"5";"19";"1";""
"202400000710";"155780495";"A01";"1";"7";"0";"2";"5";"1";"1";""
"202400000710";"155780496";"B01";"1";"43";"7";"2";"2";"18";"1";""
"202400000711";"155780491";"A01";"1";"1";"0";"2";"1";"17";"5";""
"202400000711";"155780493";"B01";"2";"1";"0";"2";"1";"1";"5";""
"202400000712";"155780490";"A01";"3";"7";"0";"2";"2";"1";"1";""
"202400000712";"155780492";"B01";"3";"50";"0";"2";"1";"1";"3";""
"202400000713";"155780488";"A01";"1";"15";"0";"2";"7";"16";"1";""
"202400000713";"155780489";"B01";"1";"1";"0";"2";"8";"16";"5";""
"202400000714";"155780486";"A01";"2";"1";"0";"2";"8";"1";"5";""
"202400000714";"155780487";"Z01";"2";"10";"0";"2";"7";"14";"1";""
"202400000715";"155780484";"A01";"1";"7";"0";"2";"2";"1";"1";""
"202400000715";"155780485";"B01";"2";"1";"0";"2";"1";"19";"5";""
"202400000716";"155780483";"A01";"2";"30";"0";"1";"8";"1";"1";""
"202400000717";"155780482";"Z01";"1";"7";"0";"1";"1";"1";"1";""
"202400000718";"155780481";"A01";"3";"1";"0";"1";"1";"1";"5";""
"202400000719";"155780479";"A01";"3";"43";"0";"0";"0";"9";"1";""
"202400000720";"155780478";"B01";"1";"7";"0";"2";"1";"1";"1";""
"202400000720";"155780480";"A01";"1";"7";"0";"2";"8";"16";"1";""
"202400000721";"155780476";"A01";"0";"7";"0";"1";"2";"23";"1";""
"202400000722";"155780475";"B01";"3";"7";"16";"2";"8";"23";"0";""
"202400000722";"155780477";"A01";"3";"7";"0";"2";"7";"11";"0";""
"202400000723";"155780473";"A01";"3";"50";"9";"0";"2";"1";"3";""
"202400000724";"155780472";"A01";"3";"7";"0";"2";"4";"23";"1";""
"202400000724";"155780474";"B01";"3";"7";"14";"0";"1";"2";"1";""
"202400000725";"155780471";"A01";"2";"10";"8";"0";"1";"14";"0";""
"202400000726";"155780470";"A01";"1";"1";"0";"1";"8";"0";"5";""
"202400000727";"155780469";"A01";"1";"1";"12";"0";"1";"1";"5";""
"202400000728";"155780467";"A01";"2";"7";"0";"2";"2";"15";"1";""
"202400000728";"155780468";"B01";"1";"33";"0";"2";"1";"1";"1";""
"202400000729";"155780466";"A01";"2";"10";"0";"1";"2";"20";"1";""
"202400000730";"155780464";"A01";"1";"50";"0";"2";"8";"18";"3";""
"202400000730";"155780465";"B01";"1";"7";"0";"9";"2";"2";"1";""
"202400000731";"155780462";"A01";"1";"10";"0";"2";"1";"2";"1";""
"202400000731";"155780463";"B01";"1";"7";"0";"2";"4";"1";"1";""
"202400000732";"155780461";"A01";"2";"7";"0";"1";"3";"15";"1";""
"202400000733";"155780459";"A01";"1";"50";"0";"2";"1";"19";"3";""
"202400000733";"155780460";"B01";"1";"7";"0";"2";"0";"1";"2";""
"202400000734";"155780457";"A01";"1";"7";"0";"2";"2";"1";"1";""
"202400000734";"155780458";"B01";"3";"50";"16";"2";"7";"19";"3";""
"202400000735";"155780456";"A01";"2";"7";"9";"0";"1";"26";"1";""
"202400000736";"155780454";"A01";"0";"7";"0";"2";"0";"0";"3";""
"202400000736";"155780455";"B01";"1";"33";"0";"2";"1";"2";"1";""
"202400000737";"155780452";"A01";"2";"7";"0";"2";"1";"9";"1";""
"202400000737";"155780453";"B01";"2";"7";"0";"2";"1";"1";"1";""
"202400000738";"155780450";"A01";"2";"30";"0";"2";"1";"5";"1";""
"202400000738";"155780451";"B01";"1";"30";"0";"2";"1";"1";"1";""
"202400000739";"155780447";"B01";"1";"7";"0";"2";"4";"23";"1";""
"202400000739";"155780449";"A01";"1";"7";"0";"2";"1";"1";"1";""
"202400000740";"155780446";"B01";"2";"7";"0";"2";"1";"1";"0";""
"202400000740";"155780448";"A01";"1";"7";"0";"2";"3";"1";"2";""
"202400000741";"155780442";"B01";"2";"7";"0";"2";"4";"2";"1";""
"202400000741";"155780445";"A01";"2";"7";"0";"2";"1";"2";"1";""
"202400000742";"155780443";"A01";"1";"7";"1";"0";"1";"16";"1";""
"202400000742";"155780444";"B01";"1";"7";"1";"0";"3";"0";"1";""
"202400000743";"155780440";"A01";"3";"7";"0";"1";"0";"14";"1";""
"202400000744";"155780439";"A01";"0";"7";"0";"2";"3";"26";"1";""
"202400000744";"155780441";"B01";"2";"50";"0";"0";"0";"0";"3";""
"202400000745";"155780438";"A01";"3";"30";"1";"0";"1";"1";"1";""
"202400000746";"155780435";"A01";"3";"10";"0";"2";"3";"14";"0";""
"202400000746";"155780437";"B01";"3";"37";"0";"2";"8";"7";"1";"7"
"202400000747";"155780434";"A01";"1";"50";"0";"2";"1";"5";"3";""
"202400000747";"155780436";"B01";"2";"7";"0";"2";"2";"1";"6";""
"202400000748";"155780433";"A01";"3";"7";"0";"1";"3";"19";"1";""
"202400000749";"155780431";"B01";"2";"7";"0";"2";"6";"1";"1";""
"202400000749";"155780432";"A01";"1";"30";"0";"2";"1";"1";"1";""
"202400000750";"155780429";"B01";"2";"10";"0";"9";"2";"15";"1";""
"202400000750";"155780430";"A01";"1";"50";"0";"2";"1";"2";"3";""
"202400000751";"155780428";"A01";"2";"33";"3";"0";"1";"1";"1";""
"202400000752";"155780425";"A01";"2";"60";"0";"2";"1";"1";"5";""
"202400000752";"155780427";"B01";"2";"7";"0";"2";"7";"1";"3";""
"202400000753";"155780423";"B01";"2";"7";"0";"2";"1";"1";"1";""
"202400000753";"155780424";"A01";"3";"7";"0";"2";"7";"15";"1";""
"202400000753";"155780426";"C01";"3";"7";"0";"2";"1";"23";"2";""
"202400000754";"155780422";"A01";"3";"33";"0";"2";"3";"13";"1";""
"202400000755";"155780420";"A01";"2";"7";"0";"2";"1";"15";"1";""
"202400000755";"155780421";"B01";"1";"30";"0";"2";"3";"3";"3";""
"202400000756";"155780418";"A01";"2";"10";"0";"2";"2";"15";"1";""
"202400000756";"155780419";"B01";"1";"34";"0";"2";"1";"1";"1";""
"202400000757";"155780416";"B01";"3";"2";"0";"0";"4";"23";"1";""
"202400000757";"155780417";"A01";"0";"7";"0";"2";"1";"2";"1";""
"202400000758";"155780414";"A01";"3";"7";"0";"2";"2";"1";"1";""
"202400000758";"155780415";"B01";"3";"1";"0";"2";"8";"19";"5";""
"202400000759";"155780413";"A01";"0";"33";"1";"0";"8";"13";"1";""
"202400000760";"155780410";"A01";"2";"33";"0";"2";"7";"1";"1";""
"202400000760";"155780412";"B01";"1";"7";"0";"2";"2";"21";"1";""
"202400000761";"155780409";"A01";"1";"7";"0";"2";"1";"1";"1";""
"202400000761";"155780411";"B01";"1";"7";"0";"2";"4";"23";"1";""
"202400000762";"155780405";"A01";"1";"7";"0";"2";"3";"2";"1";""
"202400000762";"155780407";"B01";"1";"1";"0";"0";"4";"2";"5";""
"202400000763";"155780404";"A01";"1";"7";"4";"0";"2";"0";"1";""
"202400000764";"155780403";"A01";"0";"10";"0";"1";"1";"1";"1";""
"202400000765";"155780400";"B01";"2";"7";"0";"0";"4";"1";"1";""
"202400000765";"155780401";"A01";"2";"15";"0";"2";"1";"1";"1";""
"202400000766";"155780398";"A01";"2";"7";"0";"2";"2";"10";"3";""
"202400000766";"155780399";"B01";"1";"2";"0";"2";"1";"1";"1";""
"202400000767";"155780397";"A01";"2";"50";"0";"1";"3";"25";"3";""
"202400000768";"155780395";"B01";"1";"7";"0";"2";"1";"1";"1";""
"202400000768";"155780396";"A01";"2";"7";"0";"2";"1";"5";"1";""
"202400000769";"155780394";"A01";"2";"7";"11";"0";"1";"1";"1";""
"202400000770";"155780392";"A01";"1";"1";"0";"2";"2";"5";"5";""
"202400000770";"155780393";"B01";"1";"21";"0";"2";"2";"0";"1";""
"202400000771";"155780391";"A01";"0";"80";"6";"0";"1";"1";"3";""
"202400000772";"155780390";"A01";"2";"37";"0";"1";"0";"1";"1";"6"
"202400000773";"155780387";"A01";"1";"7";"0";"1";"2";"1";"1";""
"202400000774";"155780388";"A01";"3";"7";"0";"2";"1";"9";"1";""
"202400000774";"155780389";"B01";"3";"2";"0";"2";"4";"1";"3";""
"202400000775";"155780386";"A01";"2";"33";"4";"0";"8";"17";"1";""
"202400000776";"155780384";"B01";"2";"14";"0";"0";"3";"23";"1";""
"202400000776";"155780385";"A01";"2";"7";"14";"0";"1";"13";"1";""
"202400000777";"155780382";"B01";"2";"33";"0";"2";"1";"1";"1";""
"202400000777";"155780383";"A01";"1";"10";"0";"2";"3";"5";"1";""
"202400000778";"155780379";"A01";"1";"7";"0";"2";"2";"9";"1";""
"202400000778";"155780380";"B01";"2";"33";"0";"2";"1";"21";"1";""
"202400000779";"155780378";"A01";"1";"7";"0";"2";"1";"9";"1";""
"202400000779";"155780381";"B01";"1";"2";"0";"2";"2";"1";"1";""
"202400000780";"155780376";"A01";"2";"7";"13";"0";"9";"1";"1";""
"202400000781";"155780375";"A01";"1";"10";"0";"2";"3";"26";"1";""
"202400000781";"155780377";"B01";"3";"33";"0";"2";"4";"9";"1";""
"202400000782";"155780374";"A01";"1";"7";"0";"1";"3";"16";"1";""
"202400000783";"155780373";"A01";"0";"7";"0";"1";"1";"1";"1";""
"202400000784";"155780370";"A01";"1";"7";"0";"1";"1";"1";"1";""
"202400000785";"155780371";"A01";"2";"7";"0";"2";"1";"13";"1";""
"202400000785";"155780372";"B01";"1";"7";"0";"2";"1";"21";"1";""
"202400000786";"155780368";"A01";"0";"34";"0";"2";"1";"1";"1";""
"202400000786";"155780369";"B01";"2";"7";"0";"2";"5";"0";"1";""
"202400000787";"155780367";"A01";"0";"7";"13";"0";"9";"1";"1";""
"202400000788";"155780365";"A01";"3";"7";"0";"2";"2";"1";"1";""
"202400000788";"155780366";"B01";"3";"7";"0";"2";"4";"1";"1";""
"202400000789";"155780362";"A01";"3";"7";"0";"2";"3";"9";"1";""
"202400000789";"155780364";"B01";"3";"1";"0";"2";"7";"2";"5";""
"202400000790";"155780361";"B01";"3";"33";"0";"2";"7";"1";"0";""
"202400000790";"155780363";"Z01";"0";"0";"0";"2";"1";"0";"0";""
"202400000791";"155780358";"A01";"2";"7";"0";"2";"1";"15";"1";""
"202400000791";"155780360";"B01";"2";"7";"7";"2";"2";"1";"1";""
"202400000792";"155780357";"A01";"1";"31";"0";"2";"1";"13";"0";""
"202400000792";"155780359";"B01";"1";"7";"0";"2";"8";"1";"0";""
"202400000793";"155780355";"A01";"1";"7";"2";"0";"1";"1";"6";""
"202400000794";"155780354";"B01";"3";"7";"0";"2";"7";"1";"1";""
"202400000794";"155780356";"A01";"3";"7";"0";"2";"1";"9";"1";""
"202400000795";"155780351";"A01";"2";"7";"0";"2";"1";"15";"1";""
"202400000795";"155780352";"B01";"1";"33";"0";"2";"1";"1";"1";""
"202400000796";"155780350";"A01";"2";"2";"0";"2";"1";"9";"1";""
"202400000796";"155780353";"B01";"2";"7";"0";"0";"6";"1";"1";""
"202400000797";"155780349";"A01";"2";"30";"0";"0";"8";"1";"1";""
"202400000798";"155780347";"B01";"3";"1";"0";"2";"1";"1";"5";""
"202400000798";"155780348";"A01";"3";"10";"0";"9";"3";"1";"1";""
"202400000799";"155780345";"A01";"1";"7";"9";"2";"7";"1";"1";""
"202400000799";"155780346";"B01";"3";"7";"0";"2";"1";"1";"1";""
"202400000800";"155780344";"A01";"2";"7";"0";"1";"7";"1";"1";""
"202400000801";"155780341";"B01";"2";"7";"0";"2";"8";"1";"1";""
"202400000801";"155780343";"A01";"3";"7";"0";"2";"2";"9";"1";""
"202400000802";"155780340";"B01";"2";"7";"0";"2";"2";"1";"1";""
"202400000802";"155780342";"A01";"1";"7";"14";"2";"2";"15";"1";""
"202400000803";"155780339";"A01";"3";"1";"0";"0";"0";"0";"5";""
"202400000804";"155780336";"A01";"1";"7";"0";"2";"3";"13";"1";""
"202400000804";"155780338";"B01";"2";"15";"0";"2";"3";"1";"1";""
"202400000805";"155780335";"A01";"3";"10";"0";"2";"3";"1";"1";""
"202400000805";"155780337";"B01";"3";"7";"0";"2";"3";"1";"1";""
"202400000806";"155780333";"A01";"1";"7";"2";"0";"1";"1";"1";""
"202400000807";"155780332";"A01";"3";"7";"0";"2";"8";"9";"1";""
"202400000807";"155780334";"B01";"3";"1";"0";"2";"1";"0";"5";""
"202400000808";"155780331";"A01";"1";"33";"0";"6";"1";"0";"1";""
"202400000809";"155780329";"B01";"2";"7";"0";"2";"2";"1";"1";""
"202400000809";"155780330";"A01";"1";"7";"0";"2";"7";"15";"1";""
"202400000810";"155780326";"A01";"1";"7";"0";"2";"1";"1";"1";""
"202400000810";"155780328";"B01";"1";"7";"0";"2";"5";"1";"1";""
"202400000811";"155780325";"A01";"2";"7";"0";"2";"2";"12";"2";""
"202400000811";"155780327";"B01";"2";"7";"0";"2";"3";"2";"2";""
"202400000812";"155780322";"B01";"2";"32";"0";"2";"3";"1";"1";""
"202400000812";"155780324";"A01";"2";"7";"0";"2";"5";"12";"1";""
"202400000813";"155780321";"A01";"2";"2";"13";"0";"1";"0";"1";""
"202400000814";"155780319";"B01";"3";"31";"0";"2";"4";"2";"1";""
"202400000814";"155780320";"A01";"3";"7";"0";"2";"7";"2";"1";""
"202400000815";"155780316";"B01";"2";"1";"0";"2";"8";"16";"5";""
"202400000815";"155780318";"A01";"1";"1";"0";"2";"1";"1";"5";""
"202400000816";"155780315";"A01";"2";"33";"0";"2";"3";"13";"1";""
"202400000816";"155780317";"B01";"1";"7";"0";"2";"3";"1";"1";""
"202400000817";"155780314";"A01";"0";"50";"0";"1";"1";"1";"3";""
"202400000818";"155780313";"A01";"2";"7";"12";"0";"1";"14";"0";""
"202400000819";"155780311";"B01";"3";"1";"0";"0";"8";"6";"5";""
"202400000819";"155780312";"A01";"2";"7";"0";"9";"6";"1";"2";""
"202400000820";"155780309";"A01";"1";"7";"0";"2";"1";"17";"2";""
"202400000820";"155780310";"B01";"1";"7";"4";"0";"4";"2";"1";""
"202400000821";"155780307";"Z01";"3";"7";"0";"9";"8";"1";"0";""
"202400000821";"155780308";"A01";"3";"1";"0";"2";"1";"26";"5";""
"202400000822";"155780305";"B01";"1";"50";"0";"2";"1";"2";"3";""
"202400000822";"155780306";"A01";"1";"7";"0";"0";"4";"23";"1";""
"202400000823";"155780302";"A01";"0";"7";"0";"2";"0";"15";"2";""
"202400000823";"155780304";"B01";"0";"2";"0";"2";"1";"1";"1";""
"202400000824";"155780301";"B01";"3";"34";"0";"2";"1";"1";"1";""
"202400000824";"155780303";"A01";"3";"7";"0";"2";"7";"15";"1";""
"202400000825";"155780296";"A01";"2";"37";"0";"2";"5";"17";"3";"1"
"202400000825";"155780298";"B01";"2";"1";"0";"2";"8";"1";"5";""
"202400000825";"155780300";"C01";"2";"1";"0";"0";"0";"1";"5";""
"202400000826";"155780297";"A01";"1";"7";"0";"2";"1";"9";"1";""
"202400000826";"155780299";"B01";"1";"7";"0";"2";"1";"9";"1";""
"202400000827";"155780293";"A01";"1";"33";"0";"2";"1";"1";"1";""
"202400000827";"155780295";"B01";"1";"7";"0";"0";"6";"10";"1";""
"202400000828";"155780292";"B01";"2";"1";"0";"2";"1";"1";"5";""
"202400000828";"155780294";"A01";"1";"7";"0";"9";"7";"15";"1";""
"202400000829";"155780289";"B01";"3";"7";"0";"2";"0";"0";"0";""
"202400000829";"155780291";"A01";"3";"43";"0";"2";"8";"1";"1";""
"202400000830";"155780287";"A01";"1";"10";"9";"0";"1";"19";"1";""
"202400000831";"155780288";"A01";"1";"7";"0";"2";"1";"1";"1";""
"202400000831";"155780290";"B01";"1";"7";"0";"2";"8";"1";"2";""
"202400000832";"155780286";"A01";"2";"10";"3";"0";"0";"1";"1";""
"202400000833";"155780285";"A01";"2";"31";"0";"1";"2";"26";"1";""
"202400000834";"155780283";"A01";"2";"7";"0";"2";"1";"5";"1";""
"202400000834";"155780284";"B01";"2";"7";"6";"2";"3";"1";"1";""
"202400000835";"155780281";"B01";"3";"7";"0";"2";"1";"1";"1";""
"202400000835";"155780282";"A01";"3";"2";"0";"2";"2";"17";"1";""
"202400000836";"155780279";"A01";"1";"7";"0";"2";"1";"9";"1";""
"202400000836";"155780280";"B01";"1";"33";"0";"2";"1";"13";"1";""
"202400000837";"155780277";"B01";"3";"33";"0";"2";"1";"2";"1";""
"202400000837";"155780278";"A01";"3";"7";"0";"2";"1";"16";"1";""
"202400000838";"155780276";"A01";"1";"7";"0";"1";"1";"1";"1";""
"202400000839";"155780274";"B01";"2";"34";"0";"2";"7";"15";"1";""
"202400000839";"155780275";"A01";"1";"7";"0";"2";"1";"1";"1";""
"202400000840";"155780271";"B01";"1";"1";"0";"2";"1";"23";"5";""
"202400000840";"155780273";"A01";"2";"2";"0";"2";"1";"13";"3";""
"202400000841";"155780270";"B01";"2";"2";"0";"2";"2";"15";"1";""
"202400000841";"155780272";"A01";"2";"7";"0";"2";"3";"15";"1";""
"202400000842";"155780269";"A01";"3";"7";"8";"0";"7";"1";"1";""
"202400000843";"155780266";"A01";"3";"7";"0";"2";"3";"18";"1";""
"202400000843";"155780268";"B01";"2";"7";"0";"2";"8";"0";"1";""
"202400000844";"155780265";"A01";"1";"7";"0";"2";"5";"16";"1";""
"202400000844";"155780267";"B01";"1";"50";"0";"2";"1";"1";"3";""
"202400000845";"155780264";"A01";"3";"7";"0";"1";"7";"2";"1";""
"202400000846";"155780263";"A01";"2";"30";"0";"0";"1";"1";"1";""
"202400000847";"155780262";"A01";"1";"50";"0";"1";"8";"1";"3";""
"202400000848";"155780261";"A01";"3";"50";"0";"0";"0";"0";"3";""
"202400000849";"155780259";"A01";"3";"7";"0";"0";"0";"19";"1";""
"202400000849";"155780260";"B01";"3";"31";"0";"2";"0";"21";"1";""
"202400000850";"155780257";"B01";"1";"7";"0";"9";"5";"16";"1";""
"202400000850";"155780258";"C01";"1";"1";"0";"2";"1";"0";"5";""
"202400000851";"155780255";"A01";"1";"15";"0";"2";"2";"17";"1";""
"202400000851";"155780256";"B01";"1";"1";"0";"2";"3";"15";"5";""
"202400000852";"155780254";"A01";"1";"7";"2";"0";"8";"14";"1";""
"202400000853";"155780252";"A01";"1";"7";"0";"2";"2";"1";"1";""
"202400000853";"155780253";"B01";"2";"7";"0";"2";"3";"1";"1";""
"202400000854";"155780250";"A01";"1";"7";"0";"2";"4";"2";"1";""
"202400000854";"155780251";"B01";"1";"7";"0";"2";"1";"2";"1";""
"202400000855";"155780246";"A01";"2";"7";"0";"2";"1";"12";"1";""
"202400000855";"155780247";"B01";"2";"7";"0";"2";"4";"23";"1";""
"202400000855";"155780248";"C01";"2";"7";"0";"2";"4";"23";"1";""
"202400000855";"155780249";"D01";"2";"7";"0";"2";"4";"23";"1";""
"202400000856";"155780245";"A01";"1";"43";"4";"0";"0";"16";"1";""
"202400000857";"155780243";"B01";"1";"7";"0";"2";"7";"1";"1";""
"202400000857";"155780244";"A01";"1";"10";"0";"2";"8";"18";"1";""
"202400000858";"155780242";"A01";"2";"33";"4";"0";"3";"1";"1";""
"202400000859";"155780241";"A01";"2";"30";"3";"0";"1";"1";"1";""
"202400000860";"155780239";"A01";"2";"7";"0";"2";"1";"2";"1";""