"Num_Acc";"id_vehicule";"num_veh";"senc";"catv";"obs";"obsm";"choc";"manv";"motor";"occutc"
"202400001524";"155779090";"B01";"1";"7";"0";"2";"3";"15";"1";""
"202400001525";"155779086";"A01";"2";"7";"0";"2";"1";"1";"1";""
"202400001525";"155779087";"B01";"2";"7";"0";"2";"4";"15";"1";""
"202400001525";"155779088";"C01";"1";"10";"13";"0";"1";"1";"1";""
"202400001526";"155779084";"B01";"1";"2";"0";"2";"2";"1";"1";""
"202400001526";"155779085";"A01";"1";"7";"0";"2";"3";"9";"1";""
"202400001527";"155779083";"A01";"2";"10";"0";"5";"1";"0";"1";""
"202400001528";"155779082";"A01";"3";"15";"0";"1";"5";"9";"1";""
"202400001529";"155779081";"A01";"1";"31";"12";"0";"1";"1";"1";""
"202400001530";"155779080";"A01";"1";"7";"13";"0";"1";"1";"1";""
"202400001531";"155779078";"A01";"3";"33";"0";"2";"1";"1";"1";""
"202400001531";"155779079";"B01";"3";"7";"0";"2";"4";"1";"1";""
"202400001532";"155779076";"B01";"0";"33";"0";"2";"1";"1";"1";""
"202400001532";"155779077";"A01";"3";"7";"0";"2";"2";"15";"1";""
"202400001533";"155779074";"A01";"1";"10";"0";"2";"2";"15";"1";""
"202400001533";"155779075";"B01";"2";"33";"0";"2";"1";"1";"1";""
"202400001534";"155779072";"A01";"2";"33";"0";"2";"1";"2";"1";""
"202400001534";"155779073";"B01";"2";"7";"0";"2";"6";"2";"1";""
"202400001535";"155779070";"B01";"2";"2";"0";"2";"1";"1";"1";""
"202400001535";"155779071";"A01";"1";"7";"0";"2";"5";"15";"1";""
"202400001536";"155779068";"A01";"3";"33";"0";"2";"1";"1";"1";""
"202400001536";"155779069";"B01";"3";"7";"0";"2";"4";"1";"1";""
"202400001537";"155779066";"B01";"1";"30";"0";"2";"7";"1";"1";""
"202400001537";"155779067";"A01";"1";"7";"0";"2";"3";"15";"1";""
"202400001538";"155779064";"A01";"1";"32";"0";"2";"1";"1";"1";""
"202400001538";"155779065";"B01";"1";"1";"0";"2";"8";"19";"5";""
"202400001539";"155779062";"B01";"2";"33";"0";"2";"3";"0";"1";""
"202400001539";"155779063";"A01";"2";"7";"0";"2";"2";"1";"1";""
"202400001540";"155779060";"C01";"0";"2";"0";"2";"0";"0";"0";""
"202400001540";"155779061";"B01";"3";"33";"0";"2";"8";"26";"1";""
"202400001541";"155779058";"A01";"1";"7";"1";"0";"2";"14";"1";""
"202400001541";"155779059";"B01";"1";"17";"0";"2";"3";"24";"1";""
"202400001542";"155779056";"B01";"2";"15";"0";"2";"5";"16";"1";""
"202400001542";"155779057";"A01";"2";"7";"0";"2";"1";"9";"1";""
"202400001543";"155779054";"A01";"3";"3";"0";"2";"3";"26";"1";""
"202400001543";"155779055";"B01";"3";"7";"0";"2";"1";"1";"1";""
"202400001544";"155779052";"A01";"3";"7";"0";"2";"2";"19";"1";""
"202400001544";"155779053";"B01";"3";"7";"12";"2";"6";"1";"1";""
"202400001545";"155779050";"A01";"2";"10";"0";"2";"3";"9";"1";""
"202400001545";"155779051";"B01";"2";"7";"0";"2";"7";"1";"1";""
"202400001546";"155779048";"A01";"3";"7";"0";"2";"1";"15";"1";""
"202400001546";"155779049";"B01";"3";"2";"0";"2";"2";"1";"1";""
"202400001547";"155779046";"A01";"2";"7";"9";"2";"8";"15";"1";""
"202400001547";"155779047";"B01";"2";"33";"9";"2";"1";"1";"1";""
"202400001548";"155779044";"B01";"1";"50";"0";"2";"0";"0";"3";""
"202400001548";"155779045";"A01";"1";"7";"0";"2";"0";"0";"1";""
"202400001549";"155779042";"A01";"2";"33";"0";"2";"1";"3";"1";""
"202400001549";"155779043";"B01";"1";"10";"0";"2";"5";"1";"1";""
"202400001550";"155779041";"B01";"1";"1";"0";"1";"0";"1";"5";""
"202400001551";"155779040";"A01";"1";"80";"0";"1";"1";"1";"3";""
"202400001552";"155779038";"A01";"3";"7";"1";"2";"1";"1";"1";""
"202400001552";"155779039";"B01";"3";"7";"0";"2";"4";"0";"1";""
"202400001553";"155779035";"A01";"1";"1";"0";"2";"1";"19";"5";""
"202400001553";"155779036";"B01";"3";"7";"0";"2";"1";"1";"2";""
"202400001554";"155779033";"B01";"1";"1";"0";"2";"8";"1";"5";""
"202400001554";"155779034";"A01";"1";"7";"0";"2";"2";"16";"1";""
"202400001555";"155779031";"B01";"1";"10";"0";"2";"7";"15";"1";""
"202400001555";"155779032";"A01";"1";"7";"0";"2";"1";"1";"2";""
"202400001556";"155779030";"A01";"3";"7";"0";"1";"1";"16";"2";""
"202400001557";"155779028";"A01";"1";"7";"0";"2";"2";"1";"2";""
"202400001557";"155779029";"B01";"1";"1";"0";"2";"5";"1";"5";""
"202400001558";"155779027";"A01";"3";"7";"0";"1";"8";"1";"2";""
"202400001559";"155779026";"A01";"2";"32";"0";"1";"1";"1";"1";""
"202400001560";"155779024";"A01";"1";"32";"0";"2";"8";"7";"1";""
"202400001560";"155779025";"B01";"1";"7";"0";"2";"2";"16";"1";""
"202400001561";"155779022";"A01";"0";"33";"4";"0";"1";"1";"0";""
"202400001562";"155779021";"B01";"3";"21";"0";"2";"1";"1";"1";""
"202400001562";"155779023";"A01";"3";"31";"0";"2";"1";"1";"1";""
"202400001563";"155779020";"A01";"3";"7";"0";"1";"1";"19";"1";""
"202400001564";"155779017";"B01";"3";"7";"0";"2";"1";"1";"1";""
"202400001564";"155779019";"A01";"3";"7";"0";"2";"4";"1";"1";""
"202400001565";"155779016";"A01";"3";"7";"0";"2";"3";"1";"1";""
"202400001565";"155779018";"B01";"2";"7";"0";"2";"2";"1";"1";""
"202400001566";"155779013";"Z01";"1";"7";"3";"2";"1";"1";"1";""
"202400001566";"155779015";"A01";"1";"7";"3";"2";"3";"9";"1";""
"202400001567";"155779012";"B01";"2";"2";"0";"2";"1";"1";"1";""
"202400001567";"155779014";"A01";"2";"7";"0";"0";"6";"15";"1";""
"202400001568";"155779009";"A01";"1";"7";"16";"2";"0";"0";"1";""
"202400001568";"155779011";"B01";"1";"7";"14";"2";"3";"16";"1";""
"202400001569";"155779006";"A01";"3";"1";"0";"0";"1";"1";"5";""
"202400001570";"155779005";"B01";"1";"1";"0";"2";"1";"1";"5";""
"202400001570";"155779007";"A01";"1";"7";"1";"0";"3";"15";"1";""
"202400001571";"155779001";"C01";"3";"7";"0";"2";"4";"2";"1";""
"202400001571";"155779002";"A01";"3";"7";"0";"2";"1";"2";"1";""
"202400001571";"155779003";"B01";"3";"7";"0";"0";"0";"0";"1";""
"202400001572";"155779000";"B01";"1";"33";"0";"2";"1";"1";"1";""
"202400001572";"155779004";"A01";"1";"10";"0";"2";"8";"19";"1";""
"202400001573";"155778997";"A01";"1";"10";"0";"2";"4";"4";"1";""
"202400001573";"155778999";"B01";"1";"31";"0";"2";"1";"23";"3";""
"202400001574";"155778996";"B01";"2";"7";"0";"2";"1";"19";"6";""
"202400001574";"155778998";"A01";"1";"33";"0";"2";"7";"1";"1";""
"202400001575";"155778994";"A01";"3";"7";"0";"2";"1";"2";"1";""
"202400001575";"155778995";"B01";"3";"7";"0";"2";"4";"1";"3";""
"202400001576";"155778992";"A01";"1";"1";"0";"2";"8";"1";"5";""
"202400001576";"155778993";"B01";"2";"7";"0";"9";"1";"1";"1";""
"202400001577";"155778990";"A01";"2";"7";"0";"2";"7";"15";"1";""
"202400001577";"155778991";"B01";"1";"7";"0";"2";"1";"1";"2";""
"202400001578";"155778988";"A01";"0";"30";"0";"2";"1";"1";"1";""
"202400001578";"155778989";"B01";"0";"7";"0";"2";"2";"19";"1";""
"202400001579";"155778987";"A01";"2";"7";"16";"0";"0";"14";"1";""
"202400001580";"155778985";"A01";"2";"30";"0";"2";"8";"17";"3";""
"202400001580";"155778986";"B01";"2";"7";"0";"2";"8";"13";"1";""
"202400001581";"155778983";"A01";"0";"42";"0";"0";"0";"0";"1";""
"202400001581";"155778984";"B01";"3";"7";"0";"2";"3";"0";"1";""
"202400001582";"155778980";"A01";"1";"33";"0";"2";"1";"10";"3";""
"202400001582";"155778981";"B01";"2";"2";"0";"2";"1";"1";"3";""
"202400001583";"155778979";"A01";"2";"7";"0";"2";"3";"1";"1";""
"202400001583";"155778982";"B01";"1";"7";"3";"0";"3";"1";"1";""
"202400001584";"155778978";"A01";"1";"10";"0";"1";"4";"4";"1";""
"202400001585";"155778977";"A01";"1";"7";"0";"1";"1";"1";"1";""
"202400001586";"155778975";"A01";"1";"7";"0";"2";"3";"17";"1";""
"202400001586";"155778976";"B01";"1";"30";"0";"2";"1";"17";"1";""
"202400001587";"155778974";"A01";"2";"10";"0";"1";"1";"15";"1";""
"202400001588";"155778972";"A01";"2";"7";"6";"0";"1";"1";"1";""
"202400001589";"155778971";"A01";"1";"7";"0";"2";"1";"19";"1";""
"202400001589";"155778973";"B01";"1";"7";"3";"0";"2";"1";"1";""
"202400001590";"155778970";"A01";"2";"7";"3";"0";"9";"2";"1";""
"202400001591";"155778968";"B01";"2";"33";"0";"2";"1";"1";"1";""
"202400001591";"155778969";"A01";"1";"10";"0";"2";"3";"1";"1";""
"202400001592";"155778967";"A01";"2";"7";"8";"0";"9";"1";"1";""
"202400001593";"155778965";"A01";"2";"33";"0";"2";"1";"1";"1";""
"202400001593";"155778966";"B01";"1";"36";"0";"2";"1";"5";"1";""
"202400001594";"155778963";"A01";"2";"33";"0";"2";"3";"0";"1";""
"202400001594";"155778964";"B01";"1";"31";"0";"2";"3";"17";"1";""
"202400001595";"155778961";"A01";"1";"7";"0";"2";"1";"1";"1";""
"202400001595";"155778962";"B01";"2";"7";"0";"2";"7";"1";"1";""
"202400001596";"155778960";"A01";"1";"7";"6";"0";"3";"1";"0";""
"202400001597";"155778959";"A01";"3";"7";"6";"0";"1";"1";"1";""
"202400001598";"155778958";"A01";"3";"7";"11";"0";"1";"1";"1";""
"202400001599";"155778956";"A01";"1";"33";"13";"0";"1";"1";"1";""
"202400001599";"155778957";"B01";"1";"33";"13";"0";"1";"1";"1";""
"202400001600";"155778954";"A01";"2";"7";"6";"0";"2";"0";"1";""
"202400001601";"155778951";"B01";"3";"7";"0";"2";"3";"1";"1";""
"202400001601";"155778953";"A01";"3";"7";"0";"2";"2";"13";"1";""
"202400001602";"155778949";"A01";"0";"7";"0";"2";"1";"19";"1";""
"202400001602";"155778950";"B01";"2";"7";"0";"2";"7";"1";"1";""
"202400001602";"155778952";"C01";"1";"7";"0";"2";"3";"1";"2";""
"202400001603";"155778948";"A01";"2";"7";"0";"1";"1";"1";"3";""
"202400001604";"155778946";"A01";"0";"7";"6";"0";"1";"14";"1";""
"202400001605";"155778947";"A01";"2";"2";"0";"0";"8";"15";"1";""
"202400001606";"155778945";"A01";"1";"7";"13";"0";"9";"26";"1";""
"202400001607";"155778941";"B01";"2";"7";"0";"2";"8";"1";"1";""
"202400001607";"155778943";"A01";"1";"7";"0";"2";"1";"9";"1";""
"202400001608";"155778938";"A01";"1";"7";"0";"2";"3";"17";"1";""
"202400001608";"155778940";"B01";"2";"7";"0";"2";"1";"1";"1";""
"202400001609";"155778937";"A01";"1";"7";"0";"2";"1";"15";"0";""
"202400001609";"155778939";"B01";"2";"2";"0";"2";"1";"1";"0";""
"202400001610";"155778933";"A01";"1";"10";"13";"2";"5";"1";"1";""
"202400001610";"155778936";"C01";"1";"2";"0";"2";"1";"9";"1";""
"202400001611";"155778934";"B01";"1";"1";"0";"2";"3";"9";"5";""
"202400001611";"155778935";"A01";"1";"32";"0";"2";"2";"1";"1";""
"202400001612";"155778931";"A01";"1";"33";"5";"0";"1";"1";"1";""
"202400001613";"155778930";"B01";"1";"7";"0";"2";"7";"1";"1";""
"202400001613";"155778932";"A01";"2";"7";"7";"2";"1";"1";"1";""
"202400001614";"155778928";"A01";"1";"7";"0";"2";"1";"11";"1";""
"202400001614";"155778929";"B01";"1";"7";"0";"2";"3";"15";"1";""
"202400001615";"155778927";"A01";"3";"10";"0";"1";"4";"20";"1";""
"202400001616";"155778925";"A01";"1";"31";"0";"0";"9";"1";"1";""
"202400001617";"155778924";"A01";"1";"2";"0";"2";"3";"1";"1";""
"202400001617";"155778926";"B01";"2";"10";"0";"2";"3";"1";"1";""
"202400001618";"155778923";"A01";"2";"36";"0";"0";"0";"0";"1";""
"202400001619";"155778922";"A01";"3";"7";"0";"0";"1";"16";"1";""
"202400001620";"155778921";"A01";"2";"33";"3";"0";"0";"1";"1";""
"202400001621";"155778919";"A01";"1";"33";"0";"0";"7";"10";"1";""
"202400001622";"155778915";"B01";"1";"17";"0";"0";"6";"1";"1";""
"202400001622";"155778917";"A01";"1";"7";"3";"2";"1";"17";"1";""
"202400001622";"155778918";"D01";"1";"7";"0";"9";"7";"1";"1";""
"202400001623";"155778914";"A01";"2";"7";"2";"0";"3";"19";"2";""
"202400001624";"155778912";"A01";"2";"7";"2";"0";"8";"1";"1";""
"202400001625";"155778911";"A01";"2";"10";"0";"2";"1";"11";"1";""
"202400001625";"155778913";"B01";"2";"10";"3";"2";"4";"17";"1";""
"202400001626";"155778910";"A01";"1";"33";"13";"0";"2";"17";"1";""
"202400001627";"155778908";"A01";"2";"15";"3";"0";"7";"15";"1";""
"202400001628";"155778907";"A01";"2";"32";"0";"2";"7";"17";"1";""
"202400001628";"155778909";"B01";"2";"7";"0";"2";"1";"19";"1";""
"202400001629";"155778903";"C01";"0";"1";"0";"9";"1";"1";"5";""
"202400001629";"155778904";"B01";"0";"1";"1";"0";"1";"1";"5";""
"202400001629";"155778906";"A01";"0";"7";"0";"9";"3";"23";"1";""
"202400001630";"155778902";"A01";"2";"31";"0";"2";"1";"5";"1";""
"202400001630";"155778905";"B01";"1";"7";"0";"2";"2";"1";"1";""
"202400001631";"155778899";"A01";"1";"7";"7";"0";"6";"19";"1";""
"202400001631";"155778901";"B01";"2";"7";"0";"2";"1";"1";"1";""
"202400001632";"155778898";"A01";"1";"7";"2";"2";"4";"1";"1";""
"202400001632";"155778900";"B01";"1";"10";"0";"2";"1";"1";"0";""
"202400001633";"155778896";"A01";"2";"7";"0";"2";"2";"15";"1";""
"202400001633";"155778897";"B01";"1";"2";"0";"2";"1";"1";"1";""
"202400001634";"155778895";"A01";"0";"50";"0";"1";"1";"7";"3";""
"202400001635";"155778891";"B01";"1";"7";"0";"2";"7";"1";"1";""
"202400001635";"155778892";"A01";"1";"2";"0";"2";"1";"15";"1";""
"202400001636";"155778890";"A01";"1";"7";"0";"2";"3";"1";"1";""
"202400001636";"155778893";"B01";"1";"10";"0";"2";"1";"1";"1";""
"202400001637";"155778888";"A01";"2";"7";"0";"1";"6";"20";"1";""
"202400001638";"155778887";"A01";"2";"7";"0";"2";"1";"13";"1";""
"202400001638";"155778889";"B01";"1";"7";"0";"2";"1";"1";"1";""
"202400001639";"155778885";"A01";"2";"7";"6";"0";"1";"1";"1";""
"202400001640";"155778882";"A01";"1";"7";"0";"0";"1";"15";"1";""
"202400001640";"155778883";"B01";"2";"10";"0";"0";"2";"1";"1";""
"202400001641";"155778881";"A01";"1";"7";"0";"0";"6";"1";"1";""
"202400001641";"155778884";"B01";"1";"7";"0";"2";"1";"21";"1";""
"202400001641";"155778886";"C01";"2";"7";"0";"2";"1";"1";"1";""
"202400001642";"155778878";"A01";"1";"7";"13";"2";"9";"1";"1";""
"202400001642";"155778880";"B01";"1";"17";"0";"2";"2";"1";"1";""
"202400001643";"155778877";"A01";"2";"15";"0";"2";"3";"1";"1";""
"202400001643";"155778879";"B01";"1";"7";"0";"2";"3";"13";"1";""
"202400001644";"155778875";"A01";"0";"7";"0";"1";"1";"1";"1";""
"202400001645";"155778876";"A01";"2";"33";"0";"0";"0";"26";"1";""
"202400001646";"155778874";"A01";"2";"33";"12";"0";"9";"1";"1";""
"202400001647";"155778873";"A01";"1";"14";"0";"1";"2";"1";"0";""
"202400001648";"155778870";"A01";"1";"2";"0";"2";"1";"17";"1";""
"202400001648";"155778872";"B01";"2";"34";"0";"2";"1";"1";"1";""
"202400001649";"155778869";"A01";"2";"31";"0";"2";"1";"13";"1";""
"202400001649";"155778871";"B01";"1";"7";"0";"2";"3";"1";"1";""
"202400001650";"155778867";"A01";"1";"7";"0";"2";"6";"16";"1";""
"202400001650";"155778868";"B01";"1";"2";"0";"2";"2";"1";"1";""
"202400001651";"155778864";"A01";"0";"1";"0";"2";"4";"16";"5";""
"202400001651";"155778866";"B01";"0";"7";"0";"2";"1";"16";"1";""
"202400001652";"155778862";"C01";"2";"33";"0";"0";"4";"23";"1";""
"202400001652";"155778863";"B01";"2";"33";"0";"0";"4";"24";"1";""
"202400001652";"155778865";"A01";"2";"33";"3";"2";"1";"1";"1";""
"202400001653";"155778860";"A01";"1";"7";"2";"0";"7";"14";"1";""
"202400001654";"155778859";"A01";"3";"7";"0";"2";"2";"5";"1";""
"202400001654";"155778861";"B01";"3";"7";"0";"2";"2";"21";"1";""
"202400001655";"155778857";"A01";"0";"7";"0";"2";"3";"1";"2";""
"202400001655";"155778858";"B01";"3";"33";"0";"2";"1";"26";"1";""
"202400001656";"155778856";"A01";"2";"7";"2";"0";"1";"1";"1";""
"202400001657";"155778855";"A01";"3";"7";"0";"1";"4";"4";"1";""
"202400001658";"155778852";"A01";"1";"7";"0";"2";"3";"15";"1";""
"202400001658";"155778854";"B01";"1";"33";"0";"2";"1";"17";"1";""
"202400001659";"155778851";"A01";"3";"2";"0";"2";"1";"1";"1";""
"202400001659";"155778853";"B01";"2";"21";"0";"2";"7";"1";"1";""
"202400001660";"155778849";"A01";"2";"7";"0";"2";"1";"17";"1";""
"202400001660";"155778850";"B01";"1";"7";"0";"2";"1";"1";"1";""
"202400001661";"155778847";"B01";"0";"35";"0";"2";"8";"0";"1";""
"202400001661";"155778848";"A01";"0";"33";"0";"2";"1";"0";"1";""
"202400001662";"155778846";"A01";"3";"33";"8";"0";"3";"1";"1";""
"202400001663";"155778842";"A01";"2";"7";"0";"2";"1";"15";"1";""
"202400001663";"155778843";"B01";"1";"7";"0";"2";"1";"1";"1";""
"202400001663";"155778844";"C01";"1";"10";"0";"2";"1";"23";"1";""
"202400001664";"155778841";"A01";"1";"2";"8";"0";"1";"14";"1";""
"202400001665";"155778840";"A01";"2";"1";"0";"0";"0";"16";"5";""
"202400001666";"155778839";"A01";"3";"33";"13";"0";"1";"1";"1";""
"202400001667";"155778838";"A01";"1";"13";"0";"0";"5";"1";"1";""
"202400001667";"155778845";"B01";"1";"33";"0";"2";"1";"1";"1";""
"202400001668";"155778835";"A01";"1";"7";"0";"2";"2";"1";"1";""
"202400001668";"155778837";"B01";"1";"33";"0";"2";"4";"2";"1";""
"202400001669";"155778834";"A01";"3";"2";"0";"2";"7";"1";"1";""
"202400001669";"155778836";"B01";"0";"7";"0";"2";"1";"0";"1";""
"202400001670";"155778832";"A01";"1";"7";"0";"2";"1";"2";"1";""
"202400001670";"155778833";"B01";"1";"7";"0";"0";"0";"0";"1";""
"202400001671";"155778831";"A01";"1";"7";"6";"0";"2";"1";"1";""
"202400001672";"155778828";"A01";"2";"10";"0";"2";"1";"1";"1";""
"202400001672";"155778830";"B01";"2";"7";"0";"2";"4";"1";"1";""
"202400001673";"155778825";"A01";"2";"33";"0";"2";"3";"2";"1";""
"202400001673";"155778827";"B01";"2";"7";"0";"2";"3";"2";"1";""
"202400001674";"155778824";"B01";"2";"10";"0";"2";"1";"1";"1";""
"202400001674";"155778826";"C01";"1";"7";"0";"0";"0";"2";"1";""
"202400001674";"155778829";"A01";"1";"10";"0";"2";"1";"5";"1";""
"202400001675";"155778821";"B01";"1";"37";"0";"2";"3";"1";"1";"4"
"202400001675";"155778823";"A01";"2";"7";"0";"2";"2";"15";"1";""
"202400001676";"155778820";"A01";"1";"7";"0";"2";"2";"1";"1";""
"202400001676";"155778822";"B01";"1";"7";"0";"2";"3";"9";"1";""
"202400001677";"155778818";"B01";"3";"7";"0";"2";"5";"22";"1";""
"202400001677";"155778819";"A01";"1";"32";"0";"2";"2";"3";"1";""
"202400001678";"155778815";"A01";"2";"33";"0";"2";"1";"17";"1";""
"202400001678";"155778816";"B01";"2";"3";"0";"2";"8";"15";"1";""
"202400001679";"155778814";"B01";"3";"7";"0";"2";"3";"1";"1";""
"202400001679";"155778817";"A01";"3";"7";"0";"2";"3";"3";"1";""
"202400001680";"155778813";"A01";"1";"33";"0";"1";"1";"2";"1";""
"202400001681";"155778812";"A01";"2";"33";"16";"0";"9";"1";"1";""
"202400001682";"155778811";"A01";"2";"30";"0";"1";"1";"14";"1";""
"202400001683";"155778810";"A01";"0";"7";"0";"1";"1";"1";"1";""
"202400001684";"155778807";"A01";"3";"3";"0";"1";"1";"0";"1";""
"202400001685";"155778805";"A01";"1";"7";"0";"2";"2";"15";"1";""
"202400001685";"155778806";"B01";"0";"1";"0";"2";"0";"0";"5";""
"202400001686";"155778802";"A01";"1";"7";"0";"2";"2";"16";"0";""
"202400001686";"155778804";"B01";"1";"1";"0";"2";"8";"1";"0";""
"202400001687";"155778801";"B01";"1";"7";"0";"2";"1";"0";"1";""
"202400001687";"155778803";"A01";"2";"10";"0";"2";"1";"1";"1";""
"202400001688";"155778800";"Z01";"2";"30";"0";"1";"0";"1";"0";""
"202400001689";"155778799";"A01";"1";"1";"1";"0";"1";"1";"5";""
"202400001690";"155778797";"A01";"1";"1";"0";"2";"1";"13";"5";""
"202400001690";"155778798";"B01";"2";"1";"0";"2";"1";"14";"5";""
"202400001691";"155778796";"A01";"1";"7";"0";"0";"9";"1";"1";""
"202400001692";"155778793";"B01";"3";"7";"0";"2";"1";"1";"1";""
"202400001692";"155778795";"A01";"3";"31";"0";"2";"8";"9";"1";""
"202400001693";"155778794";"A01";"1";"31";"1";"0";"1";"1";"1";""
"202400001694";"155778790";"A01";"2";"33";"0";"2";"2";"3";"1";""
"202400001694";"155778792";"B01";"2";"7";"0";"2";"6";"11";"1";""
"202400001695";"155778789";"B01";"1";"33";"0";"0";"4";"23";"1";""
"202400001695";"155778791";"A01";"1";"7";"0";"2";"1";"2";"1";""
"202400001696";"155778788";"A01";"2";"7";"0";"2";"4";"23";"3";""
"202400001697";"155778786";"A01";"3";"7";"0";"2";"0";"0";"1";""
"202400001697";"155778787";"B01";"3";"7";"0";"1";"0";"0";"1";""
"202400001698";"155778785";"A01";"1";"33";"0";"0";"1";"1";"1";""
"202400001699";"155778784";"A01";"3";"7";"0";"1";"3";"0";"1";""
"202400001700";"155778782";"A01";"1";"10";"0";"2";"5";"12";"1";""
"202400001700";"155778783";"B01";"1";"33";"0";"2";"3";"3";"1";""
"202400001701";"155778781";"A01";"1";"50";"15";"0";"1";"1";"3";""
"202400001702";"155778780";"A01";"1";"7";"3";"0";"8";"0";"1";""
"202400001703";"155778776";"A01";"2";"7";"4";"2";"1";"1";"1";""
"202400001703";"155778778";"B01";"2";"33";"4";"2";"4";"2";"1";""
"202400001704";"155778774";"C01";"1";"7";"0";"2";"4";"23";"1";""
"202400001704";"155778775";"B01";"1";"7";"0";"0";"4";"23";"1";""
"202400001704";"155778777";"A01";"1";"10";"0";"2";"1";"2";"1";""
"202400001705";"155778772";"A01";"2";"7";"0";"1";"2";"9";"1";""
"202400001706";"155778770";"A01";"1";"7";"0";"2";"7";"14";"1";""
"202400001706";"155778771";"B01";"1";"37";"0";"2";"8";"1";"1";"3"
"202400001706";"155778773";"C01";"1";"10";"0";"2";"7";"1";"1";""
"202400001707";"155778769";"A01";"1";"7";"0";"1";"2";"1";"1";""
"202400001708";"155778768";"A01";"3";"7";"6";"0";"1";"1";"1";""
"202400001709";"155778764";"A01";"3";"7";"0";"2";"1";"1";"1";""
"202400001709";"155778765";"B01";"3";"50";"0";"2";"1";"1";"3";""
"202400001710";"155778761";"A01";"3";"7";"0";"1";"1";"1";"1";""
"202400001711";"155778760";"B01";"2";"7";"0";"2";"4";"2";"1";""
"202400001711";"155778762";"Z01";"2";"7";"0";"2";"0";"0";"1";""
"202400001711";"155778763";"C01";"2";"7";"0";"2";"4";"2";"1";""
"202400001712";"155778757";"A01";"1";"33";"0";"2";"8";"26";"1";""
"202400001712";"155778759";"Z01";"2";"7";"0";"2";"1";"26";"1";""
"202400001713";"155778755";"A01";"1";"7";"4";"2";"2";"12";"1";""
"202400001713";"155778756";"B01";"1";"7";"3";"2";"6";"1";"1";""
"202400001713";"155778758";"C01";"1";"7";"4";"2";"3";"1";"1";""
"202400001714";"155778753";"A01";"1";"10";"0";"2";"1";"0";"6";""
"202400001714";"155778754";"B01";"1";"7";"0";"2";"1";"1";"6";""
"202400001715";"155778751";"A01";"1";"7";"0";"2";"1";"2";"1";""
"202400001715";"155778752";"B01";"1";"7";"0";"2";"4";"2";"1";""
"202400001716";"155778749";"A01";"0";"7";"0";"2";"1";"15";"1";""
"202400001716";"155778750";"B01";"0";"50";"0";"2";"1";"1";"3";""
"202400001717";"155778747";"B01";"1";"14";"1";"0";"2";"11";"1";""
"202400001717";"155778748";"A01";"1";"10";"0";"2";"6";"23";"1";""
"202400001718";"155778743";"B01";"2";"1";"0";"2";"3";"1";"5";""
"202400001718";"155778745";"A01";"2";"7";"0";"2";"2";"16";"1";""
"202400001719";"155778742";"A01";"1";"7";"5";"0";"3";"26";"1";""
"202400001720";"155778740";"B01";"3";"7";"0";"2";"4";"4";"1";""
"202400001720";"155778741";"A01";"3";"7";"0";"2";"1";"0";"0";""
"202400001721";"155778739";"A01";"2";"7";"0";"1";"2";"1";"1";""
"202400001722";"155778736";"A01";"1";"7";"0";"2";"1";"16";"2";""
"202400001722";"155778737";"B01";"1";"50";"0";"2";"7";"1";"3";""
"202400001723";"155778735";"A01";"1";"7";"0";"2";"3";"13";"1";""
"202400001723";"155778738";"B01";"2";"21";"0";"2";"3";"1";"1";""
"202400001724";"155778734";"A01";"1";"7";"3";"0";"1";"1";"1";""
"202400001725";"155778732";"A01";"2";"7";"0";"1";"2";"1";"1";""
"202400001726";"155778731";"A01";"2";"7";"0";"2";"1";"1";"1";""
"202400001726";"155778733";"B01";"0";"7";"0";"2";"8";"1";"1";""
"202400001727";"155778728";"A01";"2";"7";"0";"2";"3";"20";"1";""
"202400001727";"155778729";"B01";"2";"1";"0";"2";"7";"1";"5";""
"202400001728";"155778727";"B01";"1";"10";"0";"2";"5";"1";"1";""
"202400001728";"155778730";"A01";"1";"33";"0";"2";"9";"1";"1";""
"202400001729";"155778726";"A01";"2";"7";"8";"0";"2";"1";"1";""
"202400001730";"155778724";"A01";"3";"32";"0";"2";"5";"17";"1";""
"202400001730";"155778725";"B01";"3";"10";"0";"2";"3";"26";"0";""
"202400001731";"155778722";"B01";"2";"7";"0";"2";"4";"23";"1";""
"202400001731";"155778723";"A01";"2";"7";"0";"2";"1";"2";"1";""
"202400001732";"155778719";"A01";"2";"7";"0";"2";"2";"1";"1";""
"202400001732";"155778721";"B01";"2";"1";"0";"2";"1";"1";"5";""
"202400001733";"155778720";"A01";"0";"7";"0";"1";"1";"17";"1";""
"202400001734";"155778718";"A01";"2";"7";"4";"0";"0";"1";"1";""
"202400001735";"155778716";"B01";"0";"7";"0";"2";"3";"1";"1";""
"202400001735";"155778717";"A01";"0";"50";"0";"2";"1";"1";"3";""
"202400001736";"155778713";"A01";"2";"33";"0";"2";"8";"11";"1";""
"202400001736";"155778715";"B01";"2";"7";"0";"2";"7";"1";"1";""
"202400001737";"155778712";"B01";"1";"7";"0";"2";"4";"23";"1";""
"202400001737";"155778714";"A01";"1";"10";"0";"2";"1";"2";"1";""
"202400001738";"155778709";"A01";"3";"7";"0";"2";"1";"5";"1";""
"202400001738";"155778711";"B01";"3";"7";"0";"2";"1";"0";"1";""
"202400001739";"155778708";"B01";"2";"7";"0";"2";"1";"15";"1";""
"202400001739";"155778710";"A01";"1";"33";"0";"2";"1";"1";"1";""
"202400001740";"155778706";"B01";"2";"7";"0";"2";"2";"1";"1";""