"Num_Acc";"id_vehicule";"num_veh";"senc";"catv";"obs";"obsm";"choc";"manv";"motor";"occutc"
"202400001740";"155778707";"A01";"1";"10";"0";"2";"6";"4";"1";""
"202400001741";"155778704";"A01";"1";"30";"0";"2";"1";"1";"1";""
"202400001741";"155778705";"B01";"1";"7";"0";"2";"6";"1";"1";""
"202400001742";"155778703";"A01";"1";"7";"0";"1";"1";"1";"1";""
"202400001743";"155778701";"A01";"1";"7";"0";"2";"6";" -1";" -1";""
"202400001743";"155778702";"B01";"1";"31";"0";"2";"2";"18";" -1";""
"202400001744";"155778699";"A01";"1";"7";"0";"2";"0";"0";"1";""
"202400001744";"155778700";"B01";"2";"31";"0";"2";"3";"0";"1";""
"202400001745";"155778696";"B01";"2";"33";"0";"2";"1";"1";"1";""
"202400001745";"155778697";"A01";"1";"7";"0";"2";"7";"15";"1";""
"202400001746";"155778695";"A01";"1";"7";"0";"2";"2";"15";"1";""
"202400001746";"155778698";"B01";"2";"30";"0";"2";"1";"15";"3";""
"202400001747";"155778694";"A01";"3";"7";"7";"0";"1";"1";"1";""
"202400001748";"155778691";"A01";"2";"10";"0";"2";"1";"1";"1";""
"202400001748";"155778693";"B01";"2";"7";"0";"2";"4";"0";"1";""
"202400001749";"155778690";"A01";"3";"7";"0";"2";"5";"15";"1";""
"202400001749";"155778692";"B01";"1";"34";"0";"2";"1";"1";"1";""
"202400001750";"155778688";"A01";"1";"10";"0";"1";"4";"20";"0";""
"202400001751";"155778687";"B01";"1";"7";"0";"2";"8";"1";"1";""
"202400001751";"155778689";"A01";"2";"7";"0";"2";"3";"13";"1";""
"202400001752";"155778686";"A01";"1";"10";"0";"1";"1";"1";"1";""
"202400001753";"155778685";"A01";"3";"10";"0";"1";"0";"1";"1";""
"202400001754";"155778684";"A01";"3";"10";"0";"1";"2";"10";"1";""
"202400001755";"155778682";"B01";"2";"33";"0";"2";"1";"26";"1";""
"202400001755";"155778683";"A01";"1";"10";"16";"2";"3";"19";"1";""
"202400001756";"155778680";"B01";"0";"7";"0";"2";"5";"1";"1";""
"202400001756";"155778681";"A01";"0";"30";"0";"2";"1";"1";"1";""
"202400001757";"155778678";"A01";"3";"7";"0";"1";"2";"15";"1";""
"202400001758";"155778677";"A01";"0";"7";"0";"2";"1";"1";"1";""
"202400001758";"155778679";"B01";"0";"7";"0";"2";"4";"0";"1";""
"202400001759";"155778676";"A01";"2";"7";"0";"1";"2";"15";"1";""
"202400001760";"155778675";"A01";"3";"10";"0";"1";"1";"2";"1";""
"202400001761";"155778674";"A01";"1";"7";"0";"1";"1";"9";"1";""
"202400001762";"155778669";"A01";"2";"7";"0";"2";"1";"2";"1";""
"202400001762";"155778670";"B01";"2";"7";"0";"2";"4";"2";"1";""
"202400001762";"155778672";"C01";"2";"7";"0";"2";"4";"1";"1";""
"202400001763";"155778666";"A01";"3";"10";"0";"2";"3";"19";"1";""
"202400001763";"155778668";"B01";"3";"33";"0";"2";"1";"1";"1";""
"202400001764";"155778663";"B01";"1";"50";"0";"2";"8";"1";"3";""
"202400001764";"155778664";"A01";"1";"7";"0";"2";"0";"1";"1";""
"202400001765";"155778661";"A01";"1";"33";"0";"2";"1";"1";"1";""
"202400001765";"155778662";"B01";"1";"7";"0";"2";"5";"1";"1";""
"202400001766";"155778659";"A01";"2";"7";"0";"2";"3";"1";"1";""
"202400001766";"155778660";"B01";"1";"7";"0";"2";"6";"1";"1";""
"202400001767";"155778657";"A01";"2";"7";"2";"0";"1";"1";"1";""
"202400001768";"155778653";"A01";"2";"7";"9";"0";"1";"6";"1";""
"202400001769";"155778651";"E01";"2";"7";"0";"2";"4";"1";"1";""
"202400001769";"155778652";"F01";"2";"7";"0";"2";"4";"1";"3";""
"202400001769";"155778654";"B01";"2";"7";"0";"2";"4";"1";"1";""
"202400001769";"155778655";"D01";"2";"10";"0";"2";"4";"1";"1";""
"202400001769";"155778656";"C01";"2";"7";"0";"2";"4";"1";"1";""
"202400001769";"155778658";"A01";"2";"7";"0";"2";"1";"1";"1";""
"202400001770";"155778650";"A01";"1";"99";"0";"1";"1";"15";"3";""
"202400001771";"155778648";"A01";"1";"2";"0";"2";"2";"2";"1";""
"202400001771";"155778649";"B01";"1";"7";"0";"2";"6";"23";"1";""
"202400001772";"155778646";"B01";"1";"7";"0";"2";"1";"1";"1";""
"202400001772";"155778647";"A01";"2";"80";"0";"2";"8";"19";"3";""
"202400001773";"155778644";"A01";"3";"7";"0";"1";"2";"1";"1";""
"202400001774";"155778643";"A01";"3";"7";"0";"2";"1";"1";"1";""
"202400001774";"155778645";"B01";"3";"7";"0";"2";"4";"23";"1";""
"202400001775";"155778640";"A01";"3";"7";"0";"2";"1";"1";"1";""
"202400001775";"155778642";"B01";"3";"50";"0";"2";"7";"1";"3";""
"202400001776";"155778639";"A01";"0";"7";"0";"2";"2";"1";"1";""
"202400001776";"155778641";"B01";"0";"7";"0";"2";"1";"1";"1";""
"202400001777";"155778636";"A01";"2";"7";"0";"2";"7";"1";"1";""
"202400001777";"155778637";"B01";"1";"32";"0";"2";"1";"1";"1";""
"202400001778";"155778635";"B01";"3";"7";"0";"2";"2";"15";"1";""
"202400001778";"155778638";"A01";"3";"7";"0";"2";"1";"1";"1";""
"202400001779";"155778633";"B01";"1";"15";"0";"2";"3";"2";"1";""
"202400001779";"155778634";"A01";"1";"7";"0";"2";"5";"9";"1";""
"202400001780";"155778631";"B01";"2";"7";"0";"2";"3";"1";"1";""
"202400001780";"155778632";"A01";"1";"7";"0";"2";"1";"15";"1";""
"202400001781";"155778629";"B01";"0";"7";"7";"2";"3";"1";"1";""
"202400001781";"155778630";"A01";"0";"7";"0";"2";"1";"15";"1";""
"202400001782";"155778628";"A01";"2";"7";"0";"1";"4";"20";"1";""
"202400001783";"155778626";"A01";"3";"7";"0";"2";"5";"16";"1";""
"202400001783";"155778627";"B01";"0";"1";"0";"2";"8";"1";"5";""
"202400001784";"155778624";"B01";"2";"7";"0";"2";"1";"17";"1";""
"202400001784";"155778625";"A01";"2";"7";"0";"2";"3";"15";"1";""
"202400001785";"155778622";"A01";"3";"7";"9";"2";"1";"13";"1";""
"202400001785";"155778623";"B01";"2";"7";"0";"2";"3";"1";"1";""
"202400001786";"155778619";"A01";"1";"33";"0";"2";"1";"26";"1";""
"202400001786";"155778620";"B01";"1";"7";"0";"2";"6";"15";"1";""
"202400001787";"155778618";"A01";"3";"7";"0";"2";"3";"16";"1";""
"202400001787";"155778621";"B01";"3";"10";"0";"2";"2";"1";"1";""
"202400001788";"155778615";"A01";"3";"1";"0";"2";"1";"26";"5";""
"202400001788";"155778617";"B01";"3";"7";"0";"2";"6";"20";"1";""
"202400001789";"155778614";"A01";"1";"32";"0";"2";"1";"15";"1";""
"202400001789";"155778616";"B01";"1";"7";"0";"2";"8";"1";"1";""
"202400001790";"155778611";"A01";"2";"33";"0";"2";"1";"1";"1";""
"202400001790";"155778613";"B01";"1";"7";"0";"2";"5";"15";"2";""
"202400001791";"155778612";"A01";"1";"7";"0";"1";"2";"16";"1";""
"202400001792";"155778608";"A01";"3";"7";"0";"2";"3";"23";"1";""
"202400001792";"155778610";"B01";"3";"50";"0";"2";"7";"15";"3";""
"202400001793";"155778606";"A01";"3";"7";"0";"1";"1";"15";"1";""
"202400001794";"155778604";"C01";"1";"7";"0";"2";"4";"1";"1";""
"202400001794";"155778605";"A01";"1";"7";"0";"2";"1";"1";"1";""
"202400001794";"155778607";"B01";"1";"7";"0";"2";"9";"1";"1";""
"202400001795";"155778602";"B01";"2";"30";"0";"2";"0";"1";"1";""
"202400001796";"155778601";"A01";"3";"7";"0";"2";"1";"16";"1";""
"202400001796";"155778603";"B01";"3";"1";"0";"2";"8";"19";"5";""
"202400001797";"155778598";"B01";"2";"33";"0";"2";"7";"2";"1";""
"202400001797";"155778600";"A01";"2";"7";"0";"2";"6";"20";"1";""
"202400001798";"155778597";"B01";"1";"7";"0";"2";"4";"2";"2";""
"202400001798";"155778599";"A01";"1";"31";"0";"2";"1";"2";"1";""
"202400001799";"155778596";"A01";"3";"3";"0";"0";"0";"0";"3";""
"202400001800";"155778595";"A01";"1";"7";"1";"0";"9";"15";"1";""
"202400001801";"155778593";"B01";"2";"33";"0";"2";"1";"1";"1";""
"202400001801";"155778594";"A01";"1";"7";"0";"2";"5";"15";"2";""
"202400001802";"155778591";"A01";"3";"33";"4";"0";"8";"13";"1";""
"202400001803";"155778590";"A01";"3";"10";"0";"2";"8";"24";"1";""
"202400001803";"155778592";"B01";"2";"1";"1";"0";"2";"21";"5";""
"202400001804";"155778589";"A01";"3";"33";"2";"0";"1";"21";"1";""
"202400001805";"155778587";"A01";"1";"7";"0";"2";"3";"10";"1";""
"202400001805";"155778588";"B01";"1";"33";"0";"2";"2";"1";"1";""
"202400001806";"155778586";"A01";"2";"30";"0";"0";"0";"26";"1";""
"202400001807";"155778584";"A01";"1";"50";"0";"2";"1";"16";"3";""
"202400001807";"155778585";"B01";"2";"7";"0";"9";"2";"16";"1";""
"202400001808";"155778581";"A01";"2";"32";"0";"1";"1";"7";"1";""
"202400001809";"155778582";"A01";"1";"7";"0";"2";"1";"2";"1";""
"202400001809";"155778583";"B01";"1";"7";"0";"2";"4";"1";"1";""
"202400001810";"155778579";"A01";"2";"7";"0";"1";"3";"17";"1";""
"202400001811";"155778578";"B01";"3";"1";"0";"0";"0";"1";"5";""
"202400001811";"155778580";"A01";"3";"7";"0";"2";"1";"2";"1";""
"202400001812";"155778576";"B01";"2";"7";"0";"2";"1";"1";"1";""
"202400001812";"155778577";"A01";"2";"7";"0";"2";"7";"1";"1";""
"202400001813";"155778572";"B01";"1";"7";"0";"2";"7";"1";"1";""
"202400001813";"155778575";"A01";"2";"50";"0";"2";"3";"9";"3";""
"202400001814";"155778571";"A01";"2";"7";"0";"1";"1";"1";"1";""
"202400001815";"155778569";"A01";"3";"7";"6";"0";"1";"1";"1";""
"202400001816";"155778568";"A01";"1";"33";"0";"2";"3";"26";"1";""
"202400001816";"155778570";"B01";"2";"7";"0";"2";"2";"10";"1";""
"202400001817";"155778565";"A01";"1";"1";"0";"2";"2";"1";"5";""
"202400001817";"155778566";"B01";"1";"7";"0";"2";"0";"9";" -1";""
"202400001818";"155778564";"A01";"2";"1";"0";"2";"7";"19";"5";""
"202400001818";"155778567";"B01";"2";"7";"0";"2";"2";"16";"1";""
"202400001819";"155778562";"A01";"2";"14";"0";"2";"5";"16";"1";""
"202400001819";"155778563";"B01";"3";"1";"0";"2";"0";"0";"5";""
"202400001820";"155778559";"A01";"3";"10";"0";"2";"2";"16";"1";""
"202400001820";"155778561";"B01";"3";"2";"0";"2";"8";"1";"1";""
"202400001821";"155778558";"B01";"2";"1";"0";"2";"8";"1";"5";""
"202400001821";"155778560";"A01";"3";"7";"0";"2";"8";"2";"1";""
"202400001822";"155778556";"B01";"1";"7";"0";"2";"1";"15";"1";""
"202400001822";"155778557";"A01";"1";"32";"0";"2";"1";"1";"1";""
"202400001823";"155778552";"A01";"2";"7";"0";"2";"3";"10";"1";""
"202400001823";"155778554";"B01";"2";"32";"0";"2";"1";"2";"1";""
"202400001824";"155778553";"A01";"2";"7";"0";"2";"1";"1";"1";""
"202400001824";"155778555";"B01";"2";"7";"0";"2";"4";"23";"1";""
"202400001825";"155778549";"A01";"3";"14";"0";"2";"7";"12";"1";""
"202400001825";"155778551";"B01";"3";"7";"0";"2";"8";"1";"1";""
"202400001826";"155778548";"B01";"2";"7";"0";"2";"1";"1";"1";""
"202400001826";"155778550";"A01";"1";"50";"0";"2";"7";"1";"3";""
"202400001827";"155778547";"A01";"1";"30";"1";"0";"1";"0";"1";""
"202400001828";"155778544";"A01";"1";"33";"0";"2";"1";"17";"1";""
"202400001828";"155778546";"B01";"1";"7";"0";"2";"3";"1";"1";""
"202400001829";"155778545";"A01";"1";"7";"0";"1";"4";"15";"1";""
"202400001830";"155778543";"A01";"3";"50";"0";"0";"0";"0";"3";""
"202400001831";"155778541";"A01";"1";"7";"0";"2";"1";"1";"1";""
"202400001831";"155778542";"B01";"1";"7";"0";"2";"8";"13";"1";""
"202400001832";"155778539";"A01";"1";"7";"0";"1";"1";"1";"0";""
"202400001833";"155778540";"A01";"1";"7";"0";"0";"0";"12";"1";""
"202400001834";"155778537";"B01";"1";"10";"0";"2";"4";"1";"1";""
"202400001834";"155778538";"A01";"1";"7";"0";"2";"1";"14";"1";""
"202400001835";"155778535";"A01";"1";"7";"0";"2";"1";"26";"1";""
"202400001835";"155778536";"B01";"1";"99";"0";"0";"0";"0";"3";""
"202400001836";"155778534";"A01";"0";"0";"0";"1";"2";"0";" -1";""
"202400001837";"155778532";"B01";"2";"31";"0";"2";"3";"1";"1";""
"202400001837";"155778533";"A01";"1";"2";"0";"2";"3";"5";"1";""
"202400001838";"155778531";"A01";"3";"7";"4";"0";"1";"0";"1";""
"202400001839";"155778530";"B01";"1";"2";"0";"1";"1";"1";"1";""
"202400001840";"155778528";"A01";"0";"7";"0";"2";"2";"10";"1";""
"202400001840";"155778529";"B01";"0";"32";"0";"2";"1";"1";"1";""
"202400001841";"155778527";"A01";"1";"1";"0";"0";"0";"1";"5";""
"202400001842";"155778524";"C01";"2";"1";"1";"2";"1";"2";"5";""
"202400001842";"155778525";"A01";"2";"7";"1";"9";"1";"20";"1";""
"202400001842";"155778526";"D01";"2";"7";"0";"9";"0";"1";"2";""
"202400001843";"155778522";"A01";"1";"7";"0";"2";"2";"15";"1";""
"202400001843";"155778523";"B01";"2";"32";"0";"2";"1";"1";"1";""
"202400001844";"155778520";"B01";"1";"7";"0";"2";"2";"23";"3";""
"202400001844";"155778521";"A01";"1";"2";"0";"2";"1";"18";"3";""
"202400001845";"155778517";"B01";"2";"10";"0";"2";"1";"1";"1";""
"202400001845";"155778519";"A01";"1";"10";"0";"2";"1";"13";"1";""
"202400001846";"155778516";"A01";"3";"1";"14";"0";"0";"1";"5";""
"202400001847";"155778514";"A01";"2";"1";"0";"2";"1";"2";"5";""
"202400001847";"155778515";"B01";"3";"1";"0";"2";"8";"19";"5";""
"202400001848";"155778513";"A01";"2";"33";"0";"1";"1";"7";"1";""
"202400001849";"155778511";"A01";"1";"7";"0";"2";"3";"0";"1";""
"202400001849";"155778512";"B01";"2";"7";"0";"2";"5";"1";"1";""
"202400001850";"155778510";"A01";"2";"7";"0";"0";"1";"1";"1";""
"202400001851";"155778508";"A01";"2";"7";"0";"2";"3";"9";"1";""
"202400001851";"155778509";"B01";"3";"30";"0";"2";"1";"0";"1";""
"202400001852";"155778506";"A01";"2";"7";"5";"2";"1";"1";"1";""
"202400001852";"155778507";"B01";"1";"7";"0";"2";"1";"1";"1";""
"202400001853";"155778504";"B01";"2";"7";"0";"2";"2";"17";"1";""
"202400001853";"155778505";"A01";"2";"10";"0";"2";"3";"11";"1";""
"202400001854";"155778502";"B01";"2";"31";"0";"2";"8";"1";"1";""
"202400001854";"155778503";"A01";"2";"7";"0";"2";"2";"10";"1";""
"202400001855";"155778501";"A01";"1";"7";"0";"0";"9";"14";"1";""
"202400001856";"155778500";"A01";"3";"10";"0";"1";"1";"1";"1";""
"202400001857";"155778498";"B01";"2";"7";"0";"2";"1";"1";"2";""
"202400001857";"155778499";"A01";"2";"30";"0";"2";"7";"19";"1";""
"202400001858";"155778496";"B01";"1";"2";"0";"2";"5";"17";"1";""
"202400001858";"155778497";"A01";"1";"7";"0";"0";"0";"0";"2";""
"202400001859";"155778495";"Z01";"0";"0";"0";"1";"0";"0";"0";""
"202400001860";"155778493";"A01";"2";"50";"0";"2";"1";"1";"3";""
"202400001860";"155778494";"B01";"1";"10";"0";"2";"8";"1";"1";""
"202400001861";"155778492";"A01";"3";"32";"0";"1";"1";"1";"1";""
"202400001862";"155778491";"A01";"3";"7";"0";"1";"2";"1";"1";""
"202400001863";"155778490";"A01";"0";"31";"0";"0";"0";"1";"1";""
"202400001864";"155778488";"B01";"2";"33";"0";"2";"1";"2";"1";""
"202400001864";"155778489";"A01";"2";"7";"0";"2";"6";"2";"1";""
"202400001865";"155778487";"A01";"3";"7";"6";"0";"1";"26";"1";""
"202400001866";"155778485";"B01";"1";"1";"0";"2";"1";"1";"5";""
"202400001866";"155778486";"A01";"1";"7";"0";"9";"3";"9";"1";""
"202400001867";"155778482";"A01";"2";"33";"0";"2";"1";"1";"1";""
"202400001867";"155778483";"B01";"2";"7";"0";"2";"6";"23";"1";""
"202400001867";"155778484";"C01";"1";"7";"0";"2";"3";"1";"1";""
"202400001868";"155778480";"A01";"2";"32";"6";"0";"1";"1";"1";""
"202400001869";"155778477";"B01";"3";"99";"0";"2";"1";"0";"6";""
"202400001869";"155778478";"A01";"3";"7";"0";"9";"1";"0";"1";""
"202400001870";"155778476";"A01";"1";"7";"0";"0";"0";"1";"1";""
"202400001870";"155778481";"B01";"2";"1";"0";"0";"0";"0";"5";""
"202400001871";"155778479";"A01";"2";"1";"0";"0";"0";"0";"5";""
"202400001872";"155778474";"A01";"3";"7";"0";"4";"5";"15";"1";""
"202400001872";"155778475";"B01";"3";"40";"0";"2";"1";"1";"3";""
"202400001873";"155778471";"A01";"1";"7";"0";"2";"3";"13";"1";""
"202400001873";"155778473";"B01";"2";"7";"0";"2";"3";"1";"1";""
"202400001874";"155778470";"A01";"2";"7";"0";"0";"1";"16";"1";""
"202400001875";"155778469";"A01";"2";"7";"0";"2";"7";"16";"1";""
"202400001875";"155778472";"B01";"3";"1";"0";"2";"1";"2";"5";""
"202400001876";"155778467";"A01";"0";"36";"0";"5";"1";"1";"1";""
"202400001877";"155778466";"B01";"1";"33";"0";"2";"1";"3";"1";""
"202400001877";"155778468";"A01";"1";"7";"0";"2";"2";"12";"1";""
"202400001878";"155778464";"BZ01";"1";"7";"0";"1";"1";"1";"1";""
"202400001879";"155778463";"A01";"2";"17";"0";"2";"1";"1";"1";""
"202400001879";"155778465";"B01";"1";"7";"0";"2";"1";"1";"1";""
"202400001880";"155778460";"A01";" -1";"39";"0";"1";"1";"1";" -1";""
"202400001881";"155778459";"A01";"3";"33";"0";"1";"0";"0";"0";""
"202400001882";"155778458";"B01";"1";"7";"0";"2";"4";"2";"1";""
"202400001882";"155778461";"C01";"1";"7";"0";"2";"4";"2";"2";""
"202400001882";"155778462";"A01";"1";"7";"0";"2";"1";"2";"1";""
"202400001883";"155778456";"B01";"0";"7";"0";"2";"1";"1";"1";""
"202400001883";"155778457";"A01";" -1";"50";"0";"2";"3";"15";"3";""
"202400001884";"155778454";"A01";"3";"30";"0";"2";"1";"17";"1";""
"202400001884";"155778455";"B01";"3";"7";"0";"2";"6";"15";"1";""
"202400001885";"155778452";"A01";"3";"33";"0";"0";"0";"1";"1";""
"202400001886";"155778451";"A01";"3";"7";"0";"1";"1";"1";"1";""
"202400001887";"155778449";"B01";"3";"40";"0";"2";"1";"1";"3";""
"202400001887";"155778450";"A01";"1";"37";"0";"4";"5";"19";"2";"13"
"202400001888";"155778446";"B01";"1";"1";"0";"2";"1";"1";"5";""
"202400001888";"155778448";"A01";"2";"7";"0";"9";"3";"15";"1";""
"202400001889";"155778447";"A01";"0";"7";"0";"1";"3";"15";"1";""
"202400001890";"155778445";"A01";"1";"7";"0";"1";"2";"1";"2";""
"202400001891";"155778444";"A01";"3";"7";"0";"1";"1";"1";"1";""
"202400001892";"155778442";"A01";"3";"7";"0";"2";"2";"1";"1";""
"202400001892";"155778443";"B01";"3";"60";"0";"2";"1";"2";"5";""
"202400001893";"155778439";"A01";"1";"7";"0";"2";"8";"22";"1";""
"202400001893";"155778441";"B01";"1";"80";"1";"0";"1";"0";"3";""
"202400001894";"155778438";"A01";"2";"33";"0";"2";"3";"1";"1";""
"202400001894";"155778440";"B01";"1";"21";"0";"2";"3";"15";"1";""
"202400001895";"155778437";"A01";"2";"10";"0";"1";"1";"18";"0";""
"202400001896";"155778436";"A01";"2";"7";"2";"0";"1";"1";"1";""
"202400001897";"155778435";"Z01";"1";"50";"0";"1";"4";"25";"3";""
"202400001898";"155778434";"A01";"0";"17";"0";"1";"2";"4";"0";""
"202400001899";"155778433";"A01";"2";"37";"0";"1";"1";"2";"1";"1"
"202400001900";"155778430";"B01";"1";"33";"0";"2";"1";"17";"1";""
"202400001900";"155778432";"A01";"1";"7";"0";"2";"3";"10";"1";""
"202400001901";"155778428";"A01";"2";"7";"0";"2";"3";"23";"1";""
"202400001901";"155778431";"B01";"1";"7";"0";"2";"1";"1";"1";""
"202400001902";"155778427";"B01";"0";"50";"0";"2";"1";"5";"3";""
"202400001902";"155778429";"A01";"0";"7";"0";"2";"3";"9";"1";""
"202400001903";"155778423";"A01";"3";"7";"0";"0";"3";"15";"1";""
"202400001903";"155778425";"B01";"3";"33";"0";"0";"1";"0";"1";""
"202400001904";"155778424";"B01";"2";"33";"0";"2";"1";"2";"1";""
"202400001904";"155778426";"A01";"2";"7";"0";"2";"3";"10";"1";""
"202400001905";"155778422";"A01";"2";"7";"0";"1";"3";"1";"1";""
"202400001906";"155778420";"A01";"2";"14";"0";"1";"2";"1";"1";""
"202400001907";"155778419";"A01";"1";"1";"0";"2";"1";"1";"5";""
"202400001907";"155778421";"B01";"1";"10";"0";"2";"8";"15";"1";""
"202400001908";"155778416";"B01";"2";"1";"0";"2";"0";"0";"5";""
"202400001908";"155778417";"A01";"2";"7";"0";"2";"0";"0";"1";""
"202400001909";"155778414";"A01";"2";"43";"0";"9";"2";"1";"1";""
"202400001909";"155778418";"B01";"2";"1";"0";"2";"3";"11";"5";""
"202400001910";"155778413";"A01";"3";"33";"0";"2";"3";"18";"1";""
"202400001910";"155778415";"B01";"3";"1";"0";"2";"7";"14";"5";""
"202400001911";"155778412";"A01";"2";"10";"2";"0";"0";"1";"1";""
"202400001912";"155778407";"B01";"1";"50";"0";"2";"1";"1";"3";""
"202400001912";"155778411";"A01";"1";"7";"0";"2";"7";"26";"1";""
"202400001913";"155778409";"A01";"2";"7";"0";"2";"3";"17";"1";""
"202400001913";"155778410";"B01";"1";"1";"0";"2";"2";"17";"5";""
"202400001914";"155778406";"B01";"1";"30";"0";"2";"8";"1";"0";""
"202400001914";"155778408";"A01";"2";"7";"0";"2";"1";"15";"1";""
"202400001915";"155778404";"A01";"1";"10";"0";"1";"2";"16";"1";""
"202400001916";"155778403";"A01";"2";"30";"0";"0";"0";"26";"1";""
"202400001917";"155778402";"A01";"0";"7";"0";"2";"1";"9";"2";""
"202400001917";"155778405";"B01";"0";"1";"0";"2";"4";"12";"5";""
"202400001918";"155778398";"B01";"2";"33";"0";"2";"8";"1";"1";""
"202400001918";"155778401";"A01";"2";"7";"0";"2";"1";"1";"2";""
"202400001919";"155778399";"A01";"1";"50";"0";"1";"1";"25";"3";""
"202400001920";"155778397";"A01";"1";"43";"0";"2";"1";"2";"1";""
"202400001920";"155778400";"B01";"1";"7";"0";"2";"4";"2";"1";""
"202400001921";"155778393";"A01";"1";"7";"0";"2";"3";"15";"1";""
"202400001921";"155778395";"B01";"2";"30";"0";"2";"0";"1";"1";""
"202400001922";"155778392";"A01";"3";"33";"0";"2";"1";"12";"1";""
"202400001922";"155778396";"B01";"3";"7";"0";"2";"3";"1";"1";""
"202400001923";"155778391";"A01";"1";"33";"0";"2";"1";"1";"1";""
"202400001923";"155778394";"B01";"1";"7";"0";"2";"2";"9";"1";""
"202400001924";"155778389";"A01";"1";"30";"0";"2";"0";"9";"1";""
"202400001924";"155778390";"B01";"1";"7";"0";"2";"0";"1";"1";""
"202400001925";"155778387";"B01";"2";"1";"0";"2";"3";"1";"5";""
"202400001925";"155778388";"A01";"2";"1";"0";"2";"2";"14";"5";""
"202400001926";"155778386";"A01";"2";"7";"0";"1";"2";"1";"1";""
"202400001927";"155778383";"A01";"1";"7";"0";"2";"5";"14";"2";""
"202400001927";"155778385";"B01";"1";"1";"0";"2";"8";"1";"5";""
"202400001928";"155778382";"Z01";"3";"7";"0";"2";"1";"1";"1";""
"202400001928";"155778384";"B01";"3";"7";"0";"2";"2";"15";"1";""
"202400001929";"155778381";"A01";"2";"50";"0";"1";"1";"5";"3";""
"202400001930";"155778379";"A01";"1";"33";"0";"1";"1";"3";"1";""
"202400001931";"155778378";"B01";"1";"7";"0";"2";"4";"15";"1";""
"202400001931";"155778380";"A01";"1";"7";"0";"2";"1";"1";"1";""
"202400001932";"155778375";"Z01";"2";"7";"0";"0";"0";"18";"1";""
"202400001932";"155778377";"A01";"2";"30";"0";"0";"0";"2";"3";""
"202400001933";"155778376";"A01";"1";"50";"0";"0";"1";"1";"3";""
"202400001934";"155778374";"A01";"1";"1";"12";"2";"3";"6";"5";""
"202400001935";"155778373";"A01";"1";"7";"0";"1";"0";"14";"0";""
"202400001936";"155778372";"A01";"2";"50";"0";"0";" -1";"2";"3";""
"202400001937";"155778370";"B01";"2";"7";"0";"2";"9";"1";"1";""
"202400001937";"155778371";"A01";"1";"7";"0";"2";"2";"19";"1";""
"202400001938";"155778369";"A01";"1";"7";"0";"1";"2";"26";"1";""
"202400001939";"155778367";"A01";"2";"42";"0";"1";"8";"15";"0";""
"202400001940";"155778365";"A01";"2";"1";"0";"1";"1";"1";"5";""
"202400001941";"155778363";"B01";"3";"2";"0";"2";"1";"1";"1";""
"202400001941";"155778364";"A01";"3";"7";"0";"2";"1";"1";"1";""
"202400001942";"155778361";"B01";"0";"7";"0";"2";"1";"1";"1";""
"202400001942";"155778362";"A01";"3";"7";"0";"2";"5";"15";"1";""
"202400001943";"155778360";"A01";"2";"15";"4";"0";"1";"0";"1";""
"202400001944";"155778358";"A01";"1";"7";"0";"2";"5";"23";"1";""
"202400001944";"155778359";"B01";"1";"1";"0";"2";"1";"2";"5";""
"202400001945";"155778354";"A01";"0";"7";"0";"2";"2";"1";"1";""
"202400001945";"155778355";"B01";"0";"32";"0";"2";"1";"25";"1";""
"202400001946";"155778351";"A01";"2";"7";"0";"1";"2";"1";"1";""
"202400001947";"155778352";"B01";"2";"60";"0";"2";"1";"1";"5";""
"202400001947";"155778353";"A01";"1";"7";"0";"2";"1";"13";"1";""
"202400001948";"155778346";"A01";"1";"7";"13";"2";"8";"13";"1";""
"202400001948";"155778349";"B01";"2";"7";"0";"2";"1";"1";"1";""
"202400001949";"155778345";"C01";"1";"7";"0";"2";"4";"1";"1";""
"202400001949";"155778347";"D01";"1";"7";"0";"2";"4";"1";"1";""
"202400001949";"155778348";"A01";"1";"7";"0";"2";"1";"1";"1";""
"202400001949";"155778350";"B01";"1";"7";"0";"2";"4";"1";"1";""
"202400001950";"155778341";"A01";"1";"7";"1";"0";"2";"14";"1";""
"202400001950";"155778343";"B01";"1";"7";"1";"2";"6";"0";"1";""
"202400001951";"155778342";"B01";"1";"31";"0";"2";"7";"17";"1";""
"202400001951";"155778344";"A01";"1";"7";"0";"2";"8";"17";"1";""
"202400001952";"155778339";"A01";"3";"33";"14";"0";"1";"0";"1";""
"202400001953";"155778338";"B01";"3";"1";"0";"2";"1";"1";"5";""
"202400001953";"155778340";"A01";"1";"7";"14";"2";"2";"0";"1";""
"202400001954";"155778337";"A01";"2";"10";"0";"2";"2";"2";"1";""
"202400001955";"155778336";"A01";"3";"10";"0";"1";"2";"2";"1";""
"202400001956";"155778332";"A01";"1";"10";"0";"2";"1";"12";"1";""
"202400001956";"155778334";"B01";"1";"7";"0";"0";"4";"23";"1";""
"202400001956";"155778335";"C01";"1";"7";"0";"0";"4";"0";"1";""
"202400001957";"155778331";"B01";"1";"7";"0";"2";"1";"1";"1";""
"202400001957";"155778333";"A01";"0";"7";"0";"2";"1";"0";"1";""
"202400001958";"155778329";"B01";"3";"50";"0";"2";"1";"0";"3";""
"202400001958";"155778330";"Z01";"3";"7";"0";"9";"1";"0";"0";""
"202400001959";"155778327";"A01";"1";"7";"0";"0";"7";"15";"2";""