"Num_Acc";"id_vehicule";"num_veh";"senc";"catv";"obs";"obsm";"choc";"manv";"motor";"occutc"
"202400001959";"155778328";"B01";"2";"33";"0";"2";"1";"1";"1";""
"202400001960";"155778326";"A01";"1";"33";"12";"0";"3";"16";"1";""
"202400001961";"155778323";"B01";"2";"33";"0";"2";"1";"1";"0";""
"202400001961";"155778324";"A01";"2";"0";"0";"2";"4";"18";"0";""
"202400001962";"155778320";"B01";"1";"7";"0";"2";"4";"2";"1";""
"202400001962";"155778321";"A01";"1";"7";"0";"2";"1";"2";"1";""
"202400001963";"155778319";"B01";"1";"7";"0";"2";"3";"1";"1";""
"202400001963";"155778322";"A01";"2";"7";"0";"2";"2";"15";"1";""
"202400001963";"155778325";"C01";"1";"7";"0";"0";"1";"23";"3";""
"202400001964";"155778317";"B01";"1";"7";"0";"2";"8";"15";"1";""
"202400001964";"155778318";"A01";"2";"7";"0";"2";"3";"1";"1";""
"202400001965";"155778315";"A01";"3";"10";"0";"0";"2";"1";"1";""
"202400001965";"155778316";"B01";"3";"10";"0";"2";"3";"1";"1";""
"202400001966";"155778313";"A01";"2";"7";"0";"2";"7";"15";"1";""
"202400001966";"155778314";"B01";"1";"33";"0";"2";"1";"1";"1";""
"202400001967";"155778311";"A01";"1";"7";"0";"2";"1";"17";"1";""
"202400001967";"155778312";"B01";"2";"7";"0";"2";"1";"1";"1";""
"202400001968";"155778310";"A01";"2";"7";"0";"1";"3";"1";"1";""
"202400001969";"155778309";"A01";"3";"7";"0";"1";"3";"9";"1";""
"202400001970";"155778308";"A01";"1";"32";"0";"1";"1";"1";"1";""
"202400001971";"155778306";"A01";"1";"36";"13";"0";"2";"14";"1";""
"202400001972";"155778304";"A01";"2";"10";"0";"2";"4";"2";"1";""
"202400001972";"155778305";"B01";"2";"10";"0";"2";"4";"2";"3";""
"202400001972";"155778307";"C01";"2";"10";"0";"2";"1";"2";"1";""
"202400001973";"155778302";"A01";"3";"10";"0";"2";"2";"5";"1";""
"202400001973";"155778303";"B01";"3";"43";"0";"2";"1";"0";"1";""
"202400001974";"155778300";"A01";"2";"7";"5";"0";"0";"1";"1";""
"202400001975";"155778299";"A01";"2";"14";"0";"2";"2";"17";"1";""
"202400001975";"155778301";"B01";"2";"1";"0";"2";"8";"1";"5";""
"202400001976";"155778298";"A01";"2";"33";"0";"0";"0";"2";"1";""
"202400001977";"155778295";"A01";"1";"7";"15";"9";"2";"13";"1";""
"202400001978";"155778296";"A01";"1";"7";"0";"2";"8";"19";"1";""
"202400001978";"155778297";"B01";"2";"43";"0";"2";"1";"1";"1";""
"202400001979";"155778294";"A01";"3";"33";"0";"0";"7";"15";"1";""
"202400001980";"155778292";"A01";"3";"31";"0";"0";"0";"1";"1";""
"202400001981";"155778289";"A01";"1";"7";"0";"2";"2";"15";"1";""
"202400001981";"155778291";"B01";"2";"33";"0";"2";"1";"1";"1";""
"202400001982";"155778288";"A01";"1";"7";"0";"2";"2";"26";"2";""
"202400001982";"155778290";"B01";"1";"7";"0";"2";"1";"1";"1";""
"202400001983";"155778287";"A01";"1";"1";"0";"0";"0";"1";"5";""
"202400001984";"155778285";"A01";"1";"1";"0";"2";"1";"1";"5";""
"202400001984";"155778286";"B01";"2";"34";"0";"2";"1";"1";"1";""
"202400001985";"155778283";"B01";"1";"7";"0";"0";"3";"9";"1";""
"202400001985";"155778284";"A01";"2";"2";"0";"0";"1";"1";"1";""
"202400001986";"155778282";"A01";"1";"15";"0";"1";"4";"4";"1";""
"202400001987";"155778280";"A01";"1";"7";"0";"2";"1";"1";"1";""
"202400001987";"155778281";"B01";"1";"7";"0";"2";"4";"1";"1";""
"202400001988";"155778279";"A01";"2";"10";"0";"1";"3";"1";"1";""
"202400001989";"155778277";"A01";"2";"7";"0";"2";"3";"13";"1";""
"202400001989";"155778278";"B01";"1";"7";"0";"2";"3";"1";"1";""
"202400001990";"155778275";"B01";"2";"1";"0";"2";"7";"0";"5";""
"202400001990";"155778276";"A01";"1";"7";"0";"9";"1";"0";"1";""
"202400001991";"155778274";"A01";"2";"2";"0";"1";"2";"17";"1";""
"202400001992";"155778272";"A01";"1";"33";"0";"2";"1";"17";"1";""
"202400001992";"155778273";"B01";"1";"32";"0";"2";"8";"15";"1";""
"202400001993";"155778270";"A01";"2";"7";"0";"2";"2";"12";"1";""
"202400001993";"155778271";"B01";"2";"33";"0";"2";"8";"0";"1";""
"202400001994";"155778267";"A01";"1";"10";"0";"2";"1";"19";"1";""
"202400001994";"155778268";"B01";"1";"7";"0";"2";"1";"1";"1";""
"202400001994";"155778269";"C01";"2";"7";"0";"2";"7";"1";"1";""
"202400001995";"155778266";"A01";"1";"7";"0";"1";"3";"1";"1";""
"202400001996";"155778264";"A01";"1";"7";"0";"2";"2";"15";"1";""
"202400001996";"155778265";"B01";"2";"7";"0";"2";"1";"1";"1";""
"202400001997";"155778263";"A01";"2";"33";"6";"0";"2";"17";"1";""
"202400001998";"155778262";"A01";"1";"7";"6";"0";"1";"1";"1";""
"202400001999";"155778261";"A01";"1";"1";"0";"0";"9";"0";"5";""
"202400002000";"155778260";"A01";"3";"7";"13";"0";"3";"1";"1";""
"202400002001";"155778258";"A01";"2";"7";"0";"2";"7";"17";"1";""
"202400002001";"155778259";"B01";"1";"7";"0";"2";"1";"1";"1";""
"202400002002";"155778256";"B01";"3";"10";"0";"0";"3";"19";"1";""
"202400002002";"155778257";"A01";"3";"7";"0";"2";"1";"1";"1";""
"202400002003";"155778253";"A01";"2";"7";"0";"2";"3";"5";"1";""
"202400002003";"155778254";"B01";"1";"7";"0";"2";"1";"1";"1";""
"202400002004";"155778252";"A01";"2";"7";"0";"2";"7";"17";"1";""
"202400002004";"155778255";"B01";"2";"1";"0";"2";"8";"1";"5";""
"202400002005";"155778251";"A01";"1";"7";"0";"1";"3";"2";"1";""
"202400002006";"155778250";"A01";"1";"7";"2";"0";"7";"1";"1";""
"202400002007";"155778248";"A01";"0";"7";"2";"0";"1";"1";"1";""
"202400002008";"155778247";"A01";"0";"50";"0";"2";"3";"5";"3";""
"202400002008";"155778249";"B01";"3";"7";"0";"2";"2";"1";"1";""
"202400002009";"155778243";"A01";"2";"7";"0";"2";"3";"13";"1";""
"202400002009";"155778244";"B01";"1";"7";"0";"2";"3";"1";"1";""
"202400002010";"155778242";"A01";"1";"7";"0";"2";"1";"5";"1";""
"202400002010";"155778245";"B01";"2";"33";"0";"2";"3";"1";"1";""
"202400002010";"155778246";"C01";"2";"7";"0";"2";"1";"1";"1";""
"202400002011";"155778240";"A01";"2";"7";"1";"0";"3";"10";"1";""
"202400002011";"155778241";"B01";"2";"31";"0";"0";"1";"17";"1";""
"202400002012";"155778239";"A01";"1";"1";"0";"1";"1";"1";"5";""
"202400002013";"155778235";"B01";"1";"7";"0";"9";"7";"1";"1";""
"202400002013";"155778237";"A01";"1";"50";"0";"2";"1";"19";"3";""
"202400002014";"155778234";"C01";"1";"7";"0";"2";"6";"1";"1";""
"202400002014";"155778236";"A01";"2";"7";"3";"2";"1";"5";"1";""
"202400002014";"155778238";"B01";"1";"7";"0";"2";"1";"1";"2";""
"202400002015";"155778232";"A01";"2";"7";"0";"2";"1";"1";"1";""
"202400002015";"155778233";"B01";"1";"10";"0";"2";"3";"15";"1";""
"202400002016";"155778228";"A01";"1";"33";"0";"2";"1";"13";"1";""
"202400002016";"155778230";"B01";"2";"7";"0";"2";"3";"1";"1";""
"202400002017";"155778229";"A01";"1";"31";"7";"0";"1";"14";"1";""
"202400002018";"155778226";"A01";"1";"7";"13";"0";"1";"0";"1";""
"202400002019";"155778222";"A01";"1";"34";"0";"2";"3";"26";"1";""
"202400002019";"155778224";"B01";"1";"10";"0";"2";"1";"26";"1";""
"202400002020";"155778221";"A01";"2";"7";"0";"2";"4";"2";"1";""
"202400002020";"155778223";"B01";"2";"7";"0";"2";"4";"2";"1";""
"202400002020";"155778225";"C01";"2";"7";"0";"2";"4";"2";"1";""
"202400002020";"155778227";"D01";"2";"7";"0";"2";"4";"2";"2";""
"202400002021";"155778220";"A01";"1";"7";"2";"0";"8";"14";"1";""
"202400002022";"155778219";"A01";"0";"33";"0";"0";"8";"0";"1";""
"202400002023";"155778218";"A01";"1";"7";"0";"2";"1";"13";"1";""
"202400002024";"155778215";"A01";"0";"7";"0";"0";"6";"15";"1";""
"202400002024";"155778217";"B01";"0";"33";"0";"2";"1";"11";"1";""
"202400002025";"155778214";"A01";"2";"7";"0";"2";"2";"2";"0";""
"202400002025";"155778216";"B01";"2";"33";"0";"2";"1";"3";"1";""
"202400002026";"155778213";"A01";"2";"7";"16";"6";"1";"0";"1";""
"202400002027";"155778212";"A01";"2";"7";"4";"0";"1";"13";"1";""
"202400002028";"155778209";"B01";"0";"7";"0";"2";"1";"2";"1";""
"202400002028";"155778211";"A01";"3";"7";"0";"0";"6";"2";"1";""
"202400002029";"155778207";"A01";"1";"10";"0";"2";"1";"2";"1";""
"202400002029";"155778208";"B01";"1";"7";"0";"2";"4";"2";"1";""
"202400002029";"155778210";"C01";"1";"7";"0";"2";"1";"21";"1";""
"202400002030";"155778206";"A01";"1";"7";"15";"0";"1";"1";"1";""
"202400002031";"155778204";"A01";"2";"2";"1";"0";"1";"1";"1";""
"202400002032";"155778201";"A01";"2";"7";"3";"0";"8";"13";"1";""
"202400002033";"155778202";"A01";"2";"43";"0";"2";"1";"3";"1";""
"202400002033";"155778203";"C01";"2";"7";"0";"2";"7";"1";"1";""
"202400002033";"155778205";"B01";"2";"7";"0";"2";"5";"14";"3";""
"202400002034";"155778200";"A01";"1";"7";"2";"0";"1";"1";"1";""
"202400002035";"155778199";"A01";"1";"33";"3";"0";"8";"1";"1";""
"202400002036";"155778196";"A01";"1";"7";"0";"2";"1";"1";"1";""
"202400002036";"155778198";"B01";"1";"7";"0";"0";"4";"1";"1";""
"202400002037";"155778195";"A01";"1";"7";"0";"2";"1";"1";"1";""
"202400002037";"155778197";"B01";"1";"7";"0";"2";"4";"1";"1";""
"202400002038";"155778194";"A01";"3";"7";"0";"1";"2";"1";"1";""
"202400002039";"155778192";"B01";"2";"7";"0";"2";"6";"0";"1";""
"202400002039";"155778193";"A01";"2";"43";"0";"2";"3";"1";"1";""
"202400002040";"155778190";"A01";"2";"33";"0";"2";"1";"2";"1";""
"202400002040";"155778191";"B01";"2";"7";"0";"2";"4";"2";"1";""
"202400002041";"155778189";"A01";"1";"30";"0";"0";"3";"1";"1";""
"202400002042";"155778188";"A01";"1";"31";"0";"1";"1";"26";"3";""
"202400002043";"155778185";"A01";"2";"43";"0";"2";"1";"11";"1";""
"202400002043";"155778186";"B01";"2";"10";"0";"2";"6";"23";"1";""
"202400002043";"155778187";"C01";"2";"7";"0";"2";"6";"23";"1";""
"202400002044";"155778184";"A01";"1";"31";"0";"1";"7";"14";"1";""
"202400002045";"155778179";"B01";"1";"7";"0";"2";"3";"2";"1";""
"202400002045";"155778181";"A01";"1";"7";"0";"2";"5";"2";"1";""
"202400002045";"155778182";"C01";"1";"7";"0";"2";"1";"2";"1";""
"202400002045";"155778183";"Z01";"0";"7";"0";"0";"0";"0";"0";""
"202400002046";"155778178";"A01";"1";"10";"0";"2";"7";"23";"1";""
"202400002046";"155778180";"B01";"1";"2";"0";"2";"2";"18";"1";""
"202400002047";"155778175";"B01";"1";"10";"0";"1";"3";"19";"0";""
"202400002048";"155778174";"C01";"1";"7";"0";"2";"4";"23";"1";""
"202400002048";"155778176";"A01";"1";"7";"0";"2";"1";"1";"1";""
"202400002048";"155778177";"B01";"1";"7";"1";"0";"4";"23";"1";""
"202400002049";"155778171";"B01";"1";"7";"0";"2";"1";"1";"1";""
"202400002049";"155778173";"A01";"1";"7";"0";"2";"4";"1";"2";""
"202400002050";"155778172";"A01";"1";"7";"0";"1";"3";"26";"1";""
"202400002051";"155778167";"B01";"1";"7";"0";"2";"4";"23";"1";""
"202400002051";"155778168";"C01";"1";"10";"0";"2";"4";"23";"1";""
"202400002051";"155778170";"A01";"1";"7";"0";"2";"1";"1";"1";""
"202400002052";"155778166";"A01";"2";"7";"0";"2";"1";"1";"1";""
"202400002052";"155778169";"B01";"1";"7";"0";"2";"2";"9";"1";""
"202400002053";"155778164";"A01";"2";"33";"0";"2";"7";"12";"1";""
"202400002053";"155778165";"B01";"2";"7";"0";"2";"6";"1";"1";""
"202400002054";"155778162";"B01";"3";"33";"0";"2";"8";"9";"1";""
"202400002054";"155778163";"A01";"1";"32";"0";"2";"1";"17";"1";""
"202400002055";"155778157";"A01";"2";"7";"0";"2";"3";"1";"1";""
"202400002055";"155778159";"B01";"2";"7";"0";"2";"4";"1";"1";""
"202400002055";"155778160";"C01";"2";"7";"0";"2";"4";"1";"1";""
"202400002055";"155778161";"D01";"2";"7";"0";"2";"4";"1";"1";""
"202400002056";"155778155";"C01";"2";"7";"0";"2";"3";"2";"1";""
"202400002056";"155778156";"A01";"2";"34";"0";"2";"1";"3";"1";""
"202400002056";"155778158";"B01";"1";"7";"0";"2";"3";"9";"2";""
"202400002057";"155778153";"A01";"1";"7";"0";"2";"1";"1";"1";""
"202400002057";"155778154";"B01";"1";"7";"0";"2";"4";"1";"2";""
"202400002058";"155778152";"A01";"2";"7";"0";"1";"2";"1";"1";""
"202400002059";"155778150";"A01";"1";"7";"0";"2";"2";"12";"2";""
"202400002059";"155778151";"B01";"1";"7";"0";"2";"6";"1";"2";""
"202400002060";"155778149";"A01";"2";"38";"0";"1";"3";"1";"1";"1"
"202400002061";"155778147";"A01";"1";"10";"0";"2";"5";"21";"1";""
"202400002061";"155778148";"B01";"1";"33";"0";"2";"1";"1";"1";""
"202400002062";"155778145";"A01";"2";"7";"3";"0";"3";"1";"1";""
"202400002063";"155778144";"B01";"2";"3";"0";"9";"1";"1";"0";""
"202400002063";"155778146";"A01";"2";"7";"0";"9";"2";"14";"1";""
"202400002064";"155778142";"B01";"2";"7";"0";"2";"6";"1";"1";""
"202400002064";"155778143";"A01";"2";"33";"0";"2";"1";"11";"1";""
"202400002065";"155778141";"A01";"3";"10";"0";"1";"7";"26";"3";""
"202400002066";"155778138";"A01";"1";"10";"0";"1";"2";"14";"1";""
"202400002067";"155778139";"A01";"1";"31";"0";"2";"1";"3";"1";""
"202400002067";"155778140";"B01";"1";"7";"0";"2";"8";"0";"3";""
"202400002068";"155778137";"A01";"2";"43";"1";"1";"0";"20";"1";""
"202400002069";"155778135";"Z01";"1";"7";"0";"2";"1";"2";"1";""
"202400002069";"155778136";"A01";"1";"7";"0";"2";"4";"2";"2";""
"202400002070";"155778133";"A01";"2";"7";"0";"1";"1";"1";"1";""
"202400002071";"155778131";"A01";"2";"7";"0";"2";"3";"11";"1";""
"202400002071";"155778132";"B01";"2";"33";"0";"2";"0";"1";"1";""
"202400002071";"155778134";"C01";"2";"7";"0";"2";"4";"1";"1";""
"202400002072";"155778127";"B01";"1";"15";"0";"2";"1";"1";"1";""
"202400002072";"155778129";"A01";"1";"7";"0";"2";"6";"11";"3";""
"202400002073";"155778128";"A01";"1";"7";"0";"9";"3";"1";"1";""
"202400002073";"155778130";"B01";"2";"50";"0";"2";"1";"5";"3";""
"202400002074";"155778125";"A01";"3";"10";"1";"0";"1";"1";"3";""
"202400002075";"155778124";"A01";"2";"15";"0";"2";"3";"2";"1";""
"202400002075";"155778126";"B01";"2";"1";"0";"2";"0";"0";"5";""
"202400002076";"155778122";"A01";"2";"31";"12";"0";"0";"14";"1";""
"202400002077";"155778123";"A01";"2";"7";"0";"2";"3";"17";"1";""
"202400002078";"155778120";"A01";"3";"7";"8";"0";"0";"16";"1";""
"202400002079";"155778119";"A01";"1";"30";"0";"2";"1";"17";"1";""
"202400002079";"155778121";"B01";"2";"7";"0";"2";"3";"1";"1";""
"202400002080";"155778116";"A01";"1";"7";"16";"2";"9";"13";"1";""
"202400002080";"155778118";"B01";"2";"7";"0";"2";"1";"1";"1";""
"202400002081";"155778115";"A01";"3";"50";"0";"2";"1";"8";"3";""
"202400002081";"155778117";"B01";"1";"33";"0";"2";"3";"0";"0";""
"202400002082";"155778112";"A01";"3";"30";"0";"2";"0";"0";"1";""
"202400002082";"155778114";"B01";"3";"10";"0";"2";"0";"0";"1";""
"202400002083";"155778111";"B01";"1";"2";"0";"2";"7";"1";"1";""
"202400002083";"155778113";"A01";"3";"7";"0";"2";"1";"15";"1";""
"202400002084";"155778109";"B01";"1";"7";"0";"2";"4";"1";"1";""
"202400002084";"155778110";"A01";"1";"7";"0";"2";"1";"2";"2";""
"202400002085";"155778108";"A01";"1";"30";"0";"1";"1";"13";"0";""
"202400002086";"155778105";"A01";"0";"80";"1";"2";"2";"26";"3";""
"202400002086";"155778107";"B01";"3";"7";"0";"9";"3";"23";"2";""
"202400002087";"155778104";"B01";"0";"7";"0";"2";"1";"0";"1";""
"202400002087";"155778106";"A01";"0";"7";"0";"2";"0";"26";"2";""
"202400002088";"155778102";"A01";"3";"7";"0";"1";"1";"1";"1";""
"202400002089";"155778101";"B01";"2";"7";"0";"2";"0";"0";"1";""
"202400002089";"155778103";"A01";"1";"31";"0";"2";"1";"1";"1";""
"202400002090";"155778097";"A01";"2";"7";"0";"1";"1";"1";"1";""
"202400002091";"155778096";"A01";"1";"7";"0";"2";"1";"2";"1";""
"202400002091";"155778098";"B01";"1";"7";"0";"2";"4";"2";"1";""
"202400002091";"155778099";"C01";"1";"7";"0";"2";"4";"2";"1";""
"202400002091";"155778100";"D01";"1";"7";"0";"2";"4";"2";"2";""
"202400002092";"155778092";"A01";"2";"32";"0";"2";"1";"1";"1";""
"202400002092";"155778093";"B01";"2";"7";"0";"2";"2";"16";"1";""
"202400002093";"155778094";"A01";"1";"10";"0";"2";"7";"22";"1";""
"202400002093";"155778095";"B01";"1";"50";"0";"2";"1";"1";"3";""
"202400002094";"155778091";"A01";"0";"7";"8";"0";"1";"14";"1";""
"202400002095";"155778089";"A01";"1";"7";"0";"1";"2";"26";"1";""
"202400002096";"155778088";"A01";"1";"7";"0";"2";"1";"1";"1";""
"202400002096";"155778090";"B01";"2";"7";"0";"2";"3";"1";"1";""
"202400002097";"155778086";"A01";"3";"7";"0";"1";"2";"9";"1";""
"202400002098";"155778085";"A01";"2";"30";"0";"2";"3";"13";"1";""
"202400002098";"155778087";"B01";"1";"10";"0";"2";"8";"1";"1";""
"202400002099";"155778084";"A01";"2";"7";"0";"1";"2";"1";"2";""
"202400002100";"155778082";"B01";"3";"37";"0";"2";"3";"0";"1";"2"
"202400002100";"155778083";"A01";"3";"10";"0";"2";"2";"2";"1";""
"202400002101";"155778077";"Z01";"2";"7";"0";"1";"1";"1";"0";""
"202400002102";"155778076";"A01";"1";"7";"0";"0";"0";"0";"1";""
"202400002102";"155778079";"B01";"1";"7";"0";"0";"0";"0";"1";""
"202400002102";"155778081";"C01";"1";"7";"0";"0";"0";"0";"1";""
"202400002103";"155778078";"A01";"2";"7";"0";"2";"3";"15";"2";""
"202400002103";"155778080";"B01";"2";"33";"0";"2";"7";"1";"1";""
"202400002104";"155778075";"A01";"1";"7";"0";"9";"3";"9";"1";""
"202400002105";"155778072";"B01";"2";"7";"0";"2";"1";"0";"0";""
"202400002105";"155778074";"A01";"1";"7";"0";"2";"1";"13";"0";""
"202400002106";"155778071";"B01";"3";"7";"0";"2";"1";"1";"1";""
"202400002106";"155778073";"A01";"3";"7";"0";"2";"2";"1";"1";""
"202400002107";"155778070";"A01";"1";"7";"2";"0";"1";"2";"0";""
"202400002108";"155778069";"A01";"3";"7";"0";"1";"3";"1";"2";""
"202400002109";"155778068";"A01";"1";"7";"0";"1";"2";"1";"2";""
"202400002110";"155778066";"Z01";"2";"7";"0";"1";"1";"1";"0";""
"202400002111";"155778067";"A01";"1";"3";"0";"1";"0";"26";"1";""
"202400002112";"155778064";"A01";"2";"33";"0";"2";"2";"3";"1";""
"202400002112";"155778065";"B01";"2";"10";"0";"2";"3";"10";"1";""
"202400002113";"155778062";"A01";"3";"7";"0";"1";"1";"1";"1";""
"202400002114";"155778060";"B01";"0";"14";"0";"2";"2";"1";"1";""
"202400002114";"155778063";"A01";"0";"7";"0";"2";"6";"1";"1";""
"202400002115";"155778059";"A01";"2";"10";"0";"2";"7";"2";"1";""
"202400002115";"155778061";"B01";"2";"13";"0";"2";"8";"2";"1";""
"202400002116";"155778058";"A01";"3";"7";"0";"1";"1";"0";"1";""
"202400002117";"155778055";"A01";"2";"30";"0";"2";"1";"2";"1";""
"202400002117";"155778056";"B01";"2";"7";"0";"2";"5";"1";"1";""
"202400002118";"155778054";"A01";"1";"7";"9";"1";"2";"1";"1";""
"202400002119";"155778053";"A01";"1";"7";"0";"2";"7";"1";"1";""
"202400002119";"155778057";"B01";"3";"1";"0";"2";"1";"19";"5";""
"202400002120";"155778052";"A01";"1";"34";"6";"0";"1";"26";"1";""
"202400002121";"155778049";"A01";"1";"7";"0";"2";"1";"2";"0";""
"202400002121";"155778050";"B01";"1";"7";"0";"2";"4";"1";"1";""
"202400002122";"155778048";"C01";"0";"7";"0";"2";"1";"1";"1";""
"202400002122";"155778051";"A01";"0";"7";"1";"2";"0";"13";"1";""
"202400002123";"155778044";"A01";"2";"7";"0";"2";"2";"1";"1";""
"202400002123";"155778046";"B01";"1";"33";"0";"2";"1";"1";"1";""
"202400002124";"155778045";"B01";"0";"7";"0";"2";"4";"2";"0";""
"202400002124";"155778047";"A01";"3";"34";"0";"2";"1";"2";"0";""
"202400002125";"155778039";"A01";"1";"7";"0";"2";"6";"20";"1";""
"202400002125";"155778041";"B01";"2";"7";"0";"2";"3";"2";"1";""
"202400002126";"155778040";"A01";"3";"7";"0";"2";"3";"19";"1";""
"202400002126";"155778043";"B01";"1";"33";"0";"2";"1";"1";"1";""
"202400002127";"155778038";"B01";"0";"7";"8";"2";"3";"1";"1";""
"202400002127";"155778042";"A01";"0";"7";"0";"2";"1";"15";"1";""
"202400002128";"155778035";"Z01";"2";"7";"0";"2";"2";"16";"2";""
"202400002128";"155778037";"A01";"1";"50";"0";"2";"7";"5";"3";""
"202400002129";"155778034";"B01";"3";"50";"0";"2";"3";"1";"3";""
"202400002129";"155778036";"A01";"3";"7";"0";"2";"3";"9";"1";""
"202400002130";"155778032";"A01";"1";"32";"0";"2";"1";"1";"1";""
"202400002130";"155778033";"B01";"1";"7";"0";"2";"2";"0";"1";""
"202400002131";"155778030";"A01";"1";"1";"0";"1";"1";"0";"5";""
"202400002132";"155778031";"A01";"2";"7";"0";"1";"1";"1";"1";""
"202400002133";"155778028";"A01";"1";"2";"0";"2";"1";"2";"1";""
"202400002133";"155778029";"B01";"1";"7";"0";"2";"6";"2";"1";""
"202400002134";"155778025";"A01";"2";"10";"0";"2";"1";"15";"1";""
"202400002134";"155778027";"B01";"2";"10";"12";"0";"3";"2";"1";""
"202400002135";"155778026";"A01";"0";"10";"0";"1";"3";"1";"1";""
"202400002136";"155778024";"A01";"1";"50";"0";"1";"1";"1";"3";""
"202400002137";"155778021";"A01";"0";"7";"0";"1";"1";"14";"3";""
"202400002138";"155778020";"A01";"2";"2";"0";"2";"1";"21";"1";""
"202400002138";"155778023";"B01";"3";"7";"0";"2";"1";"1";"0";""
"202400002139";"155778019";"A01";"1";"7";"0";"2";"3";"13";"1";""
"202400002139";"155778022";"B01";"2";"7";"0";"2";"3";"1";"1";""
"202400002140";"155778015";"B01";"2";"7";"0";"2";"4";"15";"1";""
"202400002140";"155778017";"A01";"2";"32";"0";"2";"1";"2";"1";""
"202400002141";"155778010";"A01";"2";"7";"0";"2";"1";"2";"1";""
"202400002141";"155778013";"B01";"2";"7";"0";"2";"2";"14";"1";""
"202400002142";"155778009";"A01";"2";"7";"0";"2";"3";"16";"1";""
"202400002142";"155778012";"B01";"3";"1";"0";"2";"1";"19";"5";""
"202400002143";"155778008";"B01";"3";"1";"0";"2";"1";"14";"5";""
"202400002143";"155778011";"A01";"2";"7";"0";"2";"3";"13";"1";""
"202400002144";"155778006";"A01";"3";"2";"0";"2";"1";"14";"1";""
"202400002144";"155778007";"B01";"3";"7";"0";"2";"7";"23";"1";""
"202400002145";"155778004";"A01";"1";"7";"0";"1";"2";"15";"1";""
"202400002146";"155778001";"A01";"1";"50";"0";"2";"1";"13";"3";""
"202400002146";"155778003";"B01";"2";"7";"0";"2";"3";"1";"1";""
"202400002146";"155778005";"C01";"1";"7";"0";"2";"3";"1";"1";""
"202400002147";"155777999";"A01";"3";"10";"0";"1";"1";"1";"1";""
"202400002148";"155777998";"A01";"1";"7";"0";"1";"3";"1";"1";""
"202400002149";"155777996";"B01";"2";"7";"0";"2";"1";"1";"1";""
"202400002149";"155777997";"A01";"1";"7";"0";"2";"7";"17";"1";""
"202400002150";"155777994";"A01";"1";"1";"0";"0";"0";"1";"5";""
"202400002151";"155777993";"B01";"2";"10";"0";"2";"8";"15";"1";""
"202400002151";"155777995";"A01";"1";"33";"0";"2";"1";"17";"1";""
"202400002152";"155777991";"A01";"1";"7";"0";"2";"2";"1";"1";""
"202400002152";"155777992";"B01";"1";"50";"0";"2";"2";"19";"3";""
"202400002153";"155777988";"A01";"3";"7";"0";"1";"1";"18";"1";""
"202400002154";"155777989";"A01";"2";"7";"2";"0";"1";"14";"1";""
"202400002155";"155777987";"A01";"2";"30";"0";"2";"3";"17";"1";""
"202400002155";"155777990";"B01";"2";"30";"0";"2";"8";"1";"1";""
"202400002156";"155777984";"A01";"2";"7";"0";"2";"0";"0";"1";""
"202400002156";"155777986";"B01";"1";"2";"0";"0";"0";"1";"1";""
"202400002157";"155777980";"A01";"0";"50";"14";"0";"1";"1";"3";""
"202400002158";"155777979";"A01";"3";"10";"0";"2";"1";"2";"3";""
"202400002158";"155777982";"C01";"3";"10";"0";"2";"4";"2";"1";""
"202400002158";"155777983";"B01";"3";"7";"0";"2";"1";"2";"1";""
"202400002159";"155777977";"A01";"0";"7";"1";"0";"1";"1";"1";""
"202400002160";"155777976";"A01";"2";"7";"0";"2";"3";"13";"1";""
"202400002160";"155777978";"B01";"1";"7";"0";"2";"3";"1";"1";""
"202400002160";"155777981";"C01";"1";"7";"0";"2";"6";"1";"1";""
"202400002160";"155777985";"D01";"1";"33";"0";"2";"1";"1";"1";""
"202400002161";"155777975";"A01";"1";"7";"0";"1";"1";"26";"1";""
"202400002162";"155777974";"A01";"2";"33";"12";"0";"1";"15";"1";""
"202400002163";"155777972";"A01";"3";"34";"0";"5";"1";"1";"1";""
"202400002164";"155777970";"B01";"1";"7";"0";"2";"1";"1";"1";""
"202400002165";"155777968";"A01";"2";"7";"0";"2";"2";"19";"1";""
"202400002165";"155777969";"B01";"2";"33";"0";"2";"1";"1";"1";""
"202400002166";"155777967";"A01";"3";"80";"14";"0";"1";"1";"3";""
"202400002167";"155777966";"A01";"0";"7";"12";"2";"1";"21";"1";""
"202400002168";"155777965";"A01";"2";"7";"0";"1";"2";"26";"0";""
"202400002169";"155777963";"A01";"3";"7";"0";"1";"1";"1";"1";""
"202400002170";"155777962";"A01";"1";"7";"0";"4";"2";"0";"1";""
"202400002170";"155777964";"B01";"3";"39";"0";"2";"3";"1";"3";""
"202400002171";"155777960";"A01";"1";"7";"0";"1";"2";"2";"1";""
"202400002172";"155777959";"B01";"1";"33";"0";"2";"1";"2";"1";""
"202400002172";"155777961";"A01";"1";"7";"0";"2";"8";"15";"2";""
"202400002173";"155777958";"A01";"1";"2";"0";"5";"1";"1";"1";""
"202400002174";"155777956";"A01";"1";"30";"0";"2";"1";"13";"1";""
"202400002174";"155777957";"B01";"2";"7";"0";"2";"1";"13";"1";""
"202400002175";"155777954";"A01";"2";"7";"2";"0";"2";"14";"1";""
"202400002176";"155777951";"B01";"1";"7";"0";"2";"6";"15";"1";""
"202400002176";"155777953";"C01";"2";"7";"0";"2";"1";"9";"1";""