"Num_Acc";"id_vehicule";"num_veh";"senc";"catv";"obs";"obsm";"choc";"manv";"motor";"occutc"
"202400002176";"155777955";"A01";"1";"3";"0";"2";"1";"9";"1";""
"202400002177";"155777949";"A01";"1";"1";"0";"2";"8";"19";"5";""
"202400002177";"155777952";"B01";"1";"7";"0";"2";"1";"1";"1";""
"202400002178";"155777950";"A01";"1";"7";"8";"0";"0";"1";"1";""
"202400002179";"155777947";"B01";"3";"1";"0";"2";"3";"9";"5";""
"202400002179";"155777948";"A01";"3";"7";"0";"9";"1";"9";"0";""
"202400002180";"155777944";"A01";"3";"7";"0";"1";"3";"14";"1";""
"202400002181";"155777943";"C01";"0";"7";"0";"2";"4";"2";"1";""
"202400002181";"155777945";"A01";"0";"7";"0";"2";"1";"2";"1";""
"202400002181";"155777946";"B01";"0";"7";"0";"2";"4";"2";"1";""
"202400002182";"155777941";"A01";"2";"50";"0";"2";"4";"1";"3";""
"202400002182";"155777942";"B01";"2";"1";"0";"2";"4";"17";"5";""
"202400002183";"155777937";"A01";"3";"7";"0";"1";"1";"16";"1";""
"202400002184";"155777935";"B01";"3";"1";"0";"2";"8";"16";"5";""
"202400002184";"155777938";"A01";"3";"37";"0";"2";"2";"16";"1";"1"
"202400002185";"155777936";"A01";"2";"10";"0";"0";"4";"23";"1";""
"202400002185";"155777939";"B01";"2";"7";"0";"0";"4";"23";"3";""
"202400002185";"155777940";"C01";"2";"7";"0";"2";"1";"1";"1";""
"202400002186";"155777933";"A01";"1";"7";"0";"2";"2";"1";"1";""
"202400002186";"155777934";"B01";"1";"7";"0";"2";"6";"1";"1";""
"202400002187";"155777931";"A01";"2";"7";"3";"0";"2";"1";"1";""
"202400002188";"155777930";"B01";"2";"30";"0";"2";"1";"1";"1";""
"202400002188";"155777932";"A01";"1";"7";"0";"2";"2";"15";"1";""
"202400002189";"155777926";"A01";"1";"7";"0";"2";"8";"15";"1";""
"202400002189";"155777929";"B01";"1";"33";"0";"2";"1";"1";"1";""
"202400002190";"155777925";"A01";"3";"7";"0";"2";"7";"14";"1";""
"202400002190";"155777927";"B01";"3";"80";"0";"2";"8";"1";"2";""
"202400002191";"155777924";"B01";"2";"7";"0";"2";"8";"19";"1";""
"202400002191";"155777928";"A01";"1";"7";"0";"2";"1";"1";"1";""
"202400002192";"155777921";"A01";"3";"10";"0";"1";"4";"4";"1";""
"202400002193";"155777922";"A01";"1";"7";"1";"2";"2";"1";"1";""
"202400002193";"155777923";"D01";"2";"7";"0";"2";"3";"1";"1";""
"202400002194";"155777919";"B01";"1";"80";"0";"2";"1";"1";"3";""
"202400002194";"155777920";"A01";"1";"7";"0";"2";"6";"9";"1";""
"202400002195";"155777914";"C01";"2";"7";"0";"2";"4";"23";"4";""
"202400002195";"155777916";"B01";"2";"7";"0";"2";"4";"23";"1";""
"202400002195";"155777918";"A01";"2";"7";"0";"2";"1";"2";"1";""
"202400002196";"155777915";"A01";"0";"7";"0";"2";"2";"15";"1";""
"202400002196";"155777917";"B01";"0";"1";"0";"2";"1";"1";"5";""
"202400002197";"155777912";"A01";"1";"7";"0";"2";"1";"5";"1";""
"202400002197";"155777913";"B01";"2";"7";"0";"2";"3";"1";"1";""
"202400002198";"155777911";"A01";"1";"7";"0";"0";"4";"13";"1";""
"202400002199";"155777909";"A01";"1";"7";"0";"2";"7";"15";"1";""
"202400002199";"155777910";"B01";"1";"2";"0";"2";"1";"18";"1";""
"202400002200";"155777907";"A01";"1";"7";"6";"0";"1";"1";"1";""
"202400002201";"155777905";"B01";"2";"7";"0";"2";"3";"15";"1";""
"202400002201";"155777908";"A01";"1";"10";"0";"2";"2";"9";"1";""
"202400002202";"155777903";"A01";"2";"33";"13";"0";"1";"1";"1";""
"202400002203";"155777904";"B01";"2";"7";"0";"2";"0";"1";"1";""
"202400002203";"155777906";"A01";"3";"7";"0";"2";"7";"19";"1";""
"202400002204";"155777900";"B01";"2";"1";"0";"2";"8";"1";"5";""
"202400002204";"155777902";"A01";"1";"7";"0";"2";"2";"1";"2";""
"202400002205";"155777899";"B01";"1";"7";"0";"2";"1";"1";"0";""
"202400002205";"155777901";"A01";"1";"10";"8";"2";"3";"1";"1";""
"202400002206";"155777898";"A01";"3";"7";"1";"0";"2";"14";"1";""
"202400002207";"155777896";"A01";"1";"7";"0";"2";"4";"4";"1";""
"202400002207";"155777897";"B01";"1";"7";"0";"2";"1";"23";"1";""
"202400002208";"155777894";"A01";"2";"7";"0";"1";"1";"26";"1";""
"202400002209";"155777893";"A01";"0";"7";"0";"1";"1";"15";"1";""
"202400002210";"155777890";"A01";"1";"7";"0";"2";"1";"2";"0";""
"202400002210";"155777892";"B01";"1";"2";"0";"2";"4";"2";"1";""
"202400002211";"155777888";"A01";"1";"7";"0";"0";"1";"1";"1";""
"202400002211";"155777891";"B01";"2";"50";"0";"2";"8";"1";"3";""
"202400002212";"155777887";"B01";"1";"1";"0";"2";"4";"1";"5";""
"202400002212";"155777889";"A01";"1";"7";"0";"2";"0";"1";"0";""
"202400002213";"155777884";"B01";"3";"7";"0";"2";"3";"9";"1";""
"202400002213";"155777886";"A01";"3";"2";"12";"2";"7";"9";"1";""
"202400002214";"155777885";"A01";"3";"7";"0";"1";"1";"26";"1";""
"202400002215";"155777883";"A01";"2";"7";"0";"1";"2";"16";"1";""
"202400002216";"155777882";"A01";"3";"2";"0";"0";"8";"1";"1";""
"202400002217";"155777879";"A01";"1";"7";"0";"0";"1";"1";"1";""
"202400002218";"155777878";"B01";"3";"50";"0";"2";"1";"1";"3";""
"202400002218";"155777881";"A01";"3";"7";"0";"2";"2";"16";"1";""
"202400002219";"155777877";"A01";"1";"7";"0";"2";"1";"1";"1";""
"202400002219";"155777880";"B01";"1";"7";"0";"2";"4";"1";"1";""
"202400002220";"155777874";"A01";"2";"7";"0";"2";"3";"5";"1";""
"202400002220";"155777876";"B01";"1";"10";"0";"2";"3";"2";"1";""
"202400002221";"155777873";"A01";"1";"7";"0";"1";"1";"1";"1";""
"202400002222";"155777872";"A01";"2";"7";"0";"2";"1";"1";"1";""
"202400002222";"155777875";"B01";"2";"1";"0";"2";"8";"1";"5";""
"202400002223";"155777870";"B01";"2";"7";"0";"2";"1";"1";"1";""
"202400002223";"155777871";"A01";"2";"7";"2";"0";"4";"11";"1";""
"202400002224";"155777869";"A01";"1";"7";"1";"0";"8";"1";"1";""
"202400002225";"155777867";"B01";"1";"30";"0";"2";"1";"1";"1";""
"202400002225";"155777868";"A01";"1";"7";"0";"2";"3";"9";"1";""
"202400002226";"155777866";"A01";"2";"7";"13";"0";"1";"26";"1";""
"202400002227";"155777864";"A01";"0";"3";"0";"9";"1";"17";"0";""
"202400002227";"155777865";"B01";"0";"60";"0";"2";"1";"1";"0";""
"202400002228";"155777863";"A01";"3";"7";"0";"1";"1";"15";"1";""
"202400002229";"155777860";"A01";"1";"2";"8";"2";"2";"2";"1";""
"202400002229";"155777862";"B01";"1";"7";"0";"2";"3";"15";"1";""
"202400002230";"155777859";"A01";"2";"50";"0";"2";"1";"1";"3";""
"202400002230";"155777861";"B01";"2";"7";"0";"2";"3";"1";"1";""
"202400002231";"155777857";"A01";"2";"7";"2";"0";"2";"26";"1";""
"202400002232";"155777854";"A01";"2";"14";"0";"2";"3";"15";"1";""
"202400002232";"155777856";"B01";"3";"7";"0";"2";"8";"1";"1";""
"202400002233";"155777851";"B01";"1";"7";"0";"2";"2";"1";"1";""
"202400002233";"155777853";"A01";"3";"7";"0";"2";"2";"9";"1";""
"202400002233";"155777855";"C01";"1";"7";"0";"2";"1";"1";"2";""
"202400002234";"155777848";"A01";"3";"7";"0";"2";"3";"13";"2";""
"202400002234";"155777850";"B01";"3";"7";"0";"2";"3";"1";"1";""
"202400002234";"155777852";"C01";"3";"7";"0";"2";"1";"2";"1";""
"202400002235";"155777847";"A01";"1";"30";"0";"2";"7";"26";"1";""
"202400002235";"155777849";"Z01";"0";"7";"0";"2";"1";"11";"0";""
"202400002236";"155777846";"A01";"1";"3";"0";"1";"1";"15";"1";""
"202400002237";"155777842";"A01";"3";"1";"0";"2";"1";"1";"5";""
"202400002237";"155777844";"B01";"3";"1";"0";"2";"1";"1";"5";""
"202400002238";"155777838";"A01";"1";"7";"0";"2";"1";"2";"1";""
"202400002238";"155777840";"C01";"1";"7";"0";"2";"4";"2";"1";""
"202400002238";"155777841";"B01";"1";"10";"0";"2";"1";"2";"1";""
"202400002239";"155777837";"D01";"2";"10";"0";"2";"6";"1";"0";""
"202400002239";"155777839";"A01";"1";"7";"0";"2";"1";"5";"1";""
"202400002239";"155777843";"B01";"2";"10";"0";"2";"1";"1";"1";""
"202400002239";"155777845";"C01";"2";"7";"0";"2";"1";"1";"1";""
"202400002240";"155777835";"A01";"2";"7";"0";"2";"5";"15";"1";""
"202400002240";"155777836";"B01";"1";"2";"0";"2";"1";"1";"3";""
"202400002241";"155777833";"A01";"1";"7";"14";"0";"1";"26";"1";""
"202400002242";"155777832";"A01";"1";"7";"2";"0";"0";"0";"1";""
"202400002242";"155777834";"B01";"2";"7";"2";"0";"0";"0";"1";""
"202400002243";"155777831";"A01";"3";"7";"12";"0";"2";"9";"1";""
"202400002244";"155777829";"A01";"3";"10";"0";"1";"3";"1";"1";""
"202400002245";"155777828";"B01";"0";"7";"0";"2";"3";"1";"1";""
"202400002245";"155777830";"A01";"0";"32";"0";"2";"1";"17";"1";""
"202400002246";"155777826";"A01";"3";"7";"0";"2";"4";"1";"1";""
"202400002246";"155777827";"B01";"3";"32";"0";"2";"1";"1";"1";""
"202400002247";"155777823";"B01";"1";"7";"0";"2";"6";"2";"1";""
"202400002247";"155777825";"A01";"1";"7";"0";"2";"2";"2";"1";""
"202400002248";"155777822";"B01";"2";"7";"0";"2";"3";"1";"1";""
"202400002248";"155777824";"A01";"1";"10";"0";"2";"1";"5";"1";""
"202400002249";"155777820";"A01";"2";"2";"0";"2";"1";"2";"1";""
"202400002250";"155777818";"A01";"1";"7";"0";"2";"1";"9";"1";""
"202400002250";"155777821";"B01";"0";"10";"0";"2";"7";"1";"1";""
"202400002251";"155777816";"B01";"1";"7";"0";"2";"4";"1";"1";""
"202400002251";"155777817";"C01";"1";"7";"0";"2";"4";"1";"1";""
"202400002251";"155777819";"A01";"1";"7";"0";"2";"1";"1";"1";""
"202400002252";"155777815";"A01";"0";"2";"9";"0";"2";"14";"1";""
"202400002253";"155777813";"A01";"0";"7";"0";"2";"1";"2";"1";""
"202400002253";"155777814";"B01";"0";"7";"0";"2";"4";"2";"1";""
"202400002254";"155777812";"A01";"1";"1";"0";"0";"0";"1";"5";""
"202400002255";"155777809";"A01";"2";"10";"0";"2";"6";"0";"1";""
"202400002255";"155777811";"B01";"2";"7";"0";"2";"2";"0";"1";""
"202400002256";"155777808";"A01";"1";"15";"0";"2";"5";"12";"1";""
"202400002256";"155777810";"B01";"1";"7";"0";"2";"3";"1";"1";""
"202400002257";"155777805";"A01";"1";"13";"0";"2";"1";"15";"1";""
"202400002257";"155777806";"B01";"1";"33";"0";"2";"2";"1";"1";""
"202400002257";"155777807";"C01";"1";"33";"0";"2";"8";"1";"1";""
"202400002258";"155777804";"A01";"2";"34";"4";"0";"7";"2";"1";""
"202400002259";"155777800";"A01";"2";"7";"4";"0";"1";"26";"1";""
"202400002260";"155777799";"A01";"1";"7";"0";"2";"1";"2";"1";""
"202400002260";"155777801";"B01";"1";"7";"0";"2";"4";"1";"1";""
"202400002261";"155777797";"A01";"3";"7";"0";"2";"6";"10";"1";""
"202400002261";"155777798";"B01";"3";"33";"0";"2";"1";"2";"1";""
"202400002262";"155777792";"A01";"1";"7";"0";"2";"1";"1";"1";""
"202400002262";"155777794";"B01";"1";"7";"0";"2";"9";"12";"1";""
"202400002262";"155777796";"C01";"1";"7";"0";"2";"4";"23";"6";""
"202400002263";"155777791";"A01";"2";"7";"0";"2";"7";"15";"1";""
"202400002263";"155777795";"B01";"1";"10";"0";"2";"2";"1";"1";""
"202400002264";"155777790";"A01";"1";"7";"0";"2";"2";"16";"1";""
"202400002264";"155777793";"B01";"2";"1";"0";"2";"1";"1";"5";""
"202400002265";"155777789";"A01";"2";"7";"0";"0";"9";"1";"1";""
"202400002266";"155777786";"A01";"1";"10";"0";"2";"3";"15";"3";""
"202400002266";"155777787";"B01";"2";"32";"0";"2";"6";"15";"1";""
"202400002267";"155777785";"A01";"2";"7";"0";"2";"0";"1";"1";""
"202400002267";"155777788";"B01";"2";"15";"0";"2";"0";"0";"1";""
"202400002268";"155777783";"A01";"3";"7";"0";"2";"3";"15";"1";""
"202400002268";"155777784";"B01";"2";"2";"0";"2";"7";"17";"1";""
"202400002269";"155777782";"A01";"1";"7";"4";"0";"1";"0";"1";""
"202400002270";"155777779";"A01";"1";"7";"0";"1";"3";"1";"1";""
"202400002271";"155777776";"Z01";"1";"7";"0";"2";"3";"11";"1";""
"202400002271";"155777778";"A01";"1";"7";"0";"2";"5";"1";"2";""
"202400002271";"155777780";"B01";"1";"10";"0";"2";"6";"1";"1";""
"202400002271";"155777781";"C01";"1";"43";"0";"2";"0";"3";"1";""
"202400002272";"155777774";"A01";"2";"7";"0";"2";"1";"19";"1";""
"202400002272";"155777775";"B01";"3";"1";"0";"2";"5";"19";"5";""
"202400002273";"155777773";"A01";"3";"7";"1";"0";"1";"1";"1";""
"202400002274";"155777771";"A01";"2";"33";"0";"2";"8";"3";"1";""
"202400002274";"155777772";"B01";"2";"7";"0";"2";"2";"12";"1";""
"202400002275";"155777769";"B01";"1";"1";"0";"2";"1";"1";"5";""
"202400002275";"155777770";"A01";"1";"7";"0";"9";"3";"15";"1";""
"202400002276";"155777768";"A01";"0";"30";"0";"1";"1";"16";"3";""
"202400002277";"155777766";"A01";"1";"7";"0";"2";"5";"12";"1";""
"202400002277";"155777767";"B01";"1";"33";"0";"2";"5";"0";"1";""
"202400002278";"155777764";"A01";"1";"37";"0";"1";"2";"1";"1";"1"
"202400002279";"155777763";"B01";"3";"7";"0";"2";"3";"9";"0";""
"202400002279";"155777765";"A01";"3";"32";"0";"2";"7";"15";"1";""
"202400002280";"155777761";"A01";"2";"43";"0";"2";"8";"13";"1";""
"202400002280";"155777762";"B01";"2";"14";"0";"2";"7";"2";"1";""
"202400002281";"155777759";"B01";"1";"7";"0";"9";"5";"16";"1";""
"202400002281";"155777760";"A01";"1";"50";"0";"2";"1";"1";"3";""
"202400002282";"155777756";"A01";"1";"7";"0";"2";"2";"17";"1";""
"202400002282";"155777758";"B01";"1";"7";"0";"2";"3";"15";"1";""
"202400002283";"155777755";"A01";"2";"33";"0";"2";"3";"3";"1";""
"202400002283";"155777757";"B01";"2";"7";"0";"2";"5";"1";"1";""
"202400002284";"155777753";"A01";"1";"7";"0";"2";"2";"2";"1";""
"202400002284";"155777754";"B01";"1";"7";"0";"2";"6";"2";"1";""
"202400002285";"155777752";"A01";"3";"50";"0";"1";"1";"5";"3";""
"202400002286";"155777750";"B01";"2";"33";"0";"2";"8";"3";"1";""
"202400002286";"155777751";"A01";"2";"7";"0";"2";"2";"12";"1";""
"202400002287";"155777748";"A01";"1";"7";"0";"2";"3";"13";"1";""
"202400002287";"155777749";"B01";"2";"7";"0";"2";"3";"0";"1";""
"202400002288";"155777747";"A01";"3";"7";"0";"1";"1";"1";"1";""
"202400002289";"155777744";"B01";"1";"7";"0";"2";"4";"1";"1";""
"202400002289";"155777746";"A01";"1";"33";"0";"2";"1";"3";"1";""
"202400002290";"155777743";"A01";"1";"10";"0";"1";"1";"1";"1";""
"202400002291";"155777742";"A01";"3";"7";"0";"2";"1";"15";"1";""
"202400002291";"155777745";"B01";"3";"7";"0";"2";"1";"1";"1";""
"202400002292";"155777740";"A01";"1";"7";"3";"0";"2";"1";"1";""
"202400002293";"155777738";"B01";"2";"2";"0";"2";"2";"0";"1";""
"202400002293";"155777741";"A01";"2";"32";"0";"2";"1";"0";"1";""
"202400002294";"155777737";"B01";"3";"10";"0";"2";"1";"16";"1";""
"202400002294";"155777739";"A01";"3";"10";"0";"2";"1";"1";"1";""
"202400002295";"155777735";"A01";"1";"30";"0";"0";"7";"26";"1";""
"202400002296";"155777734";"A01";"1";"7";"0";"2";"5";"1";"1";""
"202400002296";"155777736";"B01";"1";"33";"0";"2";"1";"3";"1";""
"202400002297";"155777732";"A01";"1";"10";"0";"2";"7";"17";"1";""
"202400002297";"155777733";"B01";"1";"7";"0";"2";"3";"1";"1";""
"202400002298";"155777731";"A01";"1";"1";"8";"0";"1";"2";"5";""
"202400002299";"155777730";"A01";"0";"10";"0";"1";"1";"0";"1";""
"202400002300";"155777728";"A01";"2";"7";"0";"2";"1";"2";"1";""
"202400002300";"155777729";"B01";"2";"10";"0";"2";"4";"1";"3";""
"202400002301";"155777726";"A01";"1";"10";"0";"2";"2";"0";"1";""
"202400002301";"155777727";"B01";"1";"7";"0";"2";"4";"2";"1";""
"202400002302";"155777721";"A01";"2";"10";"0";"2";"1";"15";"1";""
"202400002302";"155777723";"B01";"1";"2";"0";"2";"8";"1";"1";""
"202400002303";"155777720";"A01";"1";"33";"0";"2";"1";"1";"1";""
"202400002303";"155777722";"B01";"1";"7";"0";"2";"4";"1";"1";""
"202400002304";"155777716";"B01";"1";"80";"0";"2";"3";"11";"3";""
"202400002304";"155777717";"A01";"1";"7";"0";"9";"2";"17";"1";""
"202400002305";"155777715";"A01";"1";"7";"9";"1";"1";"14";"2";""
"202400002306";"155777710";"A01";"1";"10";"0";"2";"1";"15";"1";""
"202400002306";"155777712";"B01";"2";"1";"0";"2";"1";"1";"5";""
"202400002307";"155777711";"C01";"1";"10";"0";"2";"5";"23";"2";""
"202400002307";"155777713";"B01";"1";"10";"0";"2";"6";"23";"1";""
"202400002307";"155777714";"A01";"1";"2";"0";"2";"1";"1";"3";""
"202400002308";"155777709";"A01";"1";"37";"0";"1";"1";"1";"2";"1"
"202400002309";"155777705";"B01";"3";"7";"0";"2";"3";"1";"1";""
"202400002309";"155777708";"A01";"3";"7";"0";"2";"1";"14";"1";""
"202400002310";"155777703";"B01";"2";"7";"0";"2";"8";"26";"1";""
"202400002310";"155777706";"A01";"2";"7";"0";"2";"7";"12";"1";""
"202400002311";"155777701";"A01";"2";"34";"0";"2";"2";"17";"1";""
"202400002311";"155777704";"B01";"2";"7";"0";"2";"3";"15";"1";""
"202400002312";"155777700";"B01";"3";"33";"0";"2";"1";"2";"1";""
"202400002312";"155777702";"A01";"3";"7";"0";"2";"2";"15";"1";""
"202400002313";"155777696";"A01";"2";"1";"0";"2";"1";"5";"5";""
"202400002313";"155777698";"B01";"1";"1";"0";"2";"1";"1";"5";""
"202400002314";"155777697";"A01";"1";"33";"0";"2";"2";"17";"1";""
"202400002314";"155777699";"B01";"2";"7";"0";"2";"1";"15";"1";""
"202400002315";"155777693";"C01";"1";"7";"0";"2";"4";"2";"1";""
"202400002315";"155777694";"A01";"1";"7";"0";"2";"1";"2";"1";""
"202400002315";"155777695";"B01";"1";"7";"0";"2";"4";"2";"1";""
"202400002316";"155777691";"A01";"1";"33";"0";"1";"1";"1";"1";""
"202400002317";"155777690";"B01";"1";"33";"0";"2";"4";"0";"1";""
"202400002317";"155777692";"A01";"1";"7";"0";"2";"1";"26";"1";""
"202400002318";"155777689";"A01";"2";"10";"1";"2";"2";"14";"1";""
"202400002319";"155777687";"Z01";"2";"10";"0";"1";"1";"1";"1";""
"202400002320";"155777688";"A01";"1";"2";"0";"0";"3";"26";"1";""
"202400002321";"155777685";"B01";"2";"50";"0";"2";"1";"2";"3";""
"202400002321";"155777686";"A01";"2";"7";"0";"9";"2";"16";"1";""
"202400002322";"155777682";"B01";"2";"80";"0";"2";"2";"10";"3";""
"202400002322";"155777684";"A01";"2";"32";"0";"2";"1";"1";"3";""
"202400002323";"155777681";"B01";"1";"7";"0";"2";"4";"0";"1";""
"202400002323";"155777683";"A01";"1";"33";"0";"2";"1";"2";"1";""
"202400002324";"155777680";"A01";"3";"37";"0";"1";"7";"16";"2";"1"
"202400002325";"155777674";"B01";"2";"7";"0";"2";"7";"17";"1";""
"202400002325";"155777677";"A01";"2";"7";"0";"2";"8";"1";"1";""
"202400002326";"155777675";"B01";"1";"1";"0";"2";"1";"1";"5";""
"202400002326";"155777679";"A01";"2";"50";"0";"2";"8";"15";"3";""
"202400002327";"155777672";"C01";"1";"7";"0";"2";"4";"2";"1";""
"202400002327";"155777676";"A01";"1";"13";"1";"0";"1";"2";"1";""
"202400002327";"155777678";"B01";"1";"7";"0";"2";"4";"2";"1";""
"202400002328";"155777671";"B01";"2";"7";"0";"2";"3";"15";"2";""
"202400002328";"155777673";"A01";"2";"30";"0";"2";"0";"0";"1";""
"202400002329";"155777668";"A01";"1";"10";"0";"2";"1";"2";"1";""
"202400002329";"155777670";"B01";"1";"7";"0";"2";"4";"2";"1";""
"202400002330";"155777669";"Z01";"1";"1";"0";"1";"6";"9";"5";""
"202400002331";"155777667";"A01";"1";"7";"0";"1";"7";"1";"1";""
"202400002332";"155777666";"A01";"2";"7";"4";"0";"1";"13";"1";""
"202400002333";"155777661";"C01";"1";"7";"0";"2";"6";"1";"2";""
"202400002333";"155777663";"A01";"1";"7";"0";"2";"7";"12";"2";""
"202400002333";"155777665";"B01";"1";"34";"0";"2";"1";"3";"1";""
"202400002334";"155777662";"A01";"1";"1";"0";"2";"6";"12";"5";""
"202400002334";"155777664";"B01";"1";"32";"0";"0";"6";"1";"1";""
"202400002335";"155777659";"A01";"2";"7";"0";"1";"2";"1";"2";""
"202400002336";"155777658";"B01";"2";"7";"0";"2";"6";"11";"1";""
"202400002336";"155777660";"A01";"2";"7";"0";"2";"2";"12";"1";""
"202400002337";"155777656";"A01";"1";"30";"0";"0";"1";"3";"2";""
"202400002338";"155777657";"A01";"2";"10";"0";"1";"2";"1";"1";""
"202400002339";"155777654";"A01";"1";"7";"0";"2";"7";"15";"2";""
"202400002339";"155777655";"B01";"2";"80";"0";"2";"3";"1";"3";""
"202400002340";"155777649";"A01";"2";"7";"0";"2";"2";"15";"1";""
"202400002340";"155777653";"B01";"1";"2";"0";"2";"1";"1";"1";""
"202400002341";"155777647";"A01";"1";"50";"0";"2";"4";"1";"3";""
"202400002341";"155777652";"Z01";"1";"7";"0";"2";"1";"1";"1";""
"202400002342";"155777645";"A01";"1";"7";"0";"2";"3";"15";"3";""
"202400002342";"155777648";"B01";"1";"31";"0";"2";"3";"15";"1";""
"202400002343";"155777646";"B01";"2";"33";"0";"2";"1";"1";"1";""
"202400002343";"155777650";"C01";"2";"33";"0";"2";"1";"1";"1";""
"202400002343";"155777651";"A01";"2";"37";"0";"2";"6";"1";"0";"1"
"202400002344";"155777644";"A01";"2";"33";"4";"0";"3";"1";"1";""
"202400002345";"155777642";"A01";"0";"10";"0";"2";"1";"15";"0";""
"202400002345";"155777643";"B01";"0";"10";"0";"2";"3";"1";"0";""
"202400002346";"155777640";"B01";"3";"50";"0";"2";"8";"19";"3";""
"202400002346";"155777641";"A01";"3";"7";"0";"2";"2";"1";"2";""
"202400002347";"155777639";"A01";"3";"10";"0";"1";"1";"1";"1";""
"202400002348";"155777638";"Z01";"1";"1";"0";"1";"1";"19";"5";""
"202400002349";"155777635";"A01";"2";"10";"0";"2";"2";"15";"1";""
"202400002349";"155777637";"B01";"1";"1";"0";"2";"3";"1";"5";""
"202400002350";"155777631";"A01";"1";"7";"0";"2";"1";"15";"1";""
"202400002350";"155777636";"B01";"1";"10";"0";"2";"5";"1";"1";""
"202400002351";"155777630";"A01";"3";"34";"0";"2";"4";"2";"1";""
"202400002351";"155777633";"B01";"3";"7";"0";"2";"0";"0";"0";""
"202400002352";"155777632";"B01";"2";"7";"0";"2";"2";"15";"1";""
"202400002352";"155777634";"A01";"1";"7";"0";"2";"1";"1";"1";""
"202400002353";"155777627";"A01";"1";"1";"2";"0";"1";"14";"5";""
"202400002354";"155777625";"A01";"1";"33";"0";"2";"4";"12";"1";""
"202400002354";"155777628";"B01";"1";"7";"0";"2";"1";"2";"1";""
"202400002355";"155777624";"B01";"3";"10";"12";"2";"4";"2";"1";""
"202400002355";"155777626";"A01";"3";"7";"12";"2";"1";"2";"1";""
"202400002356";"155777623";"B01";"1";"31";"0";"2";"3";"23";"1";""
"202400002356";"155777629";"A01";"2";"1";"0";"2";"1";"1";"5";""
"202400002357";"155777622";"A01";"1";"7";"1";"0";"1";"14";"1";""
"202400002358";"155777621";"A01";"2";"7";"0";"1";"3";"26";"3";""
"202400002359";"155777620";"A01";"1";"7";"10";"0";"4";"10";"1";""
"202400002360";"155777617";"B01";"0";"33";"0";"2";"1";"1";"1";""
"202400002360";"155777619";"A01";"0";"10";"0";"2";"5";"15";"3";""
"202400002361";"155777616";"B01";"2";"33";"0";"2";"2";"1";"1";""
"202400002361";"155777618";"A01";"2";"7";"0";"2";"3";"23";"1";""
"202400002362";"155777613";"A01";"3";"37";"0";"2";"5";"16";"6";"1"
"202400002362";"155777615";"B01";"3";"7";"0";"2";"3";"0";"1";""
"202400002363";"155777610";"A01";"0";"7";"0";"2";"1";"15";"1";""
"202400002363";"155777614";"B01";"0";"7";"0";"2";"1";"1";"3";""
"202400002364";"155777611";"A01";"1";"32";"4";"0";"3";"17";"1";""
"202400002365";"155777609";"B01";"3";"7";"0";"2";"1";"21";"1";""
"202400002365";"155777612";"A01";"3";"10";"0";"2";"6";"24";"1";""
"202400002366";"155777608";"A01";"0";"7";"0";"1";"2";"19";"1";""
"202400002367";"155777604";"B01";"0";"7";"0";"2";"3";"15";"1";""
"202400002367";"155777607";"A01";"2";"80";"0";"2";"1";"1";"3";""
"202400002368";"155777605";"A01";"1";"1";"0";"1";"1";"1";"5";""
"202400002369";"155777602";"A01";"1";"7";"0";"2";"3";"22";"0";""
"202400002369";"155777603";"B01";"1";"1";"1";"2";"2";"1";"5";""
"202400002370";"155777601";"A01";"2";"7";"0";"2";"8";"10";"2";""
"202400002370";"155777606";"B01";"2";"7";"0";"2";"1";"0";"2";""
"202400002371";"155777599";"A01";"1";"7";"6";"0";"1";"1";"1";""
"202400002372";"155777597";"Z01";"1";"7";"0";"1";"4";"4";"1";""
"202400002373";"155777598";"A01";"2";"80";"0";"2";"1";"5";"3";""
"202400002373";"155777600";"B01";"1";"33";"0";"2";"5";"4";"1";""
"202400002374";"155777596";"A01";"3";"10";"1";"0";"1";"1";"3";""
"202400002375";"155777593";"B01";"3";"7";"0";"2";"5";"15";"1";""
"202400002375";"155777595";"A01";"3";"32";"0";"2";"1";"1";"1";""
"202400002376";"155777594";"A01";"3";"10";"0";"1";"2";"16";"1";""
"202400002377";"155777591";"A01";"2";"7";"0";"1";"1";"1";"2";""
"202400002378";"155777590";"B01";"1";"1";"0";"2";"5";"2";"5";""
"202400002378";"155777592";"A01";"1";"10";"0";"2";"0";"1";"0";""
"202400002379";"155777589";"A01";"1";"7";"1";"0";"1";"1";"1";""
"202400002380";"155777588";"A01";"1";"1";"0";"0";"0";"1";"5";""
"202400002381";"155777586";"A01";"3";"7";"0";"1";"1";"15";"1";""
"202400002382";"155777583";"B01";"1";"33";"1";"2";"7";"1";"0";""
"202400002382";"155777585";"A01";"1";"7";"0";"2";"7";"1";"2";""
"202400002382";"155777587";"C01";"2";"7";"0";"2";"1";"0";"1";""
"202400002383";"155777582";"B01";"1";"2";"0";"2";"9";"1";"1";""
"202400002383";"155777584";"A01";"2";"7";"0";"2";"3";"15";"1";""
"202400002384";"155777580";"A01";"1";"50";"0";"0";"0";"1";"3";""
"202400002385";"155777579";"A01";"3";"1";"0";"2";"8";"19";"5";""
"202400002385";"155777581";"B01";"1";"10";"0";"2";"1";"1";"1";""
"202400002386";"155777578";"A01";"1";"7";"0";"1";"2";"2";"1";""
"202400002387";"155777576";"A01";"2";"7";"0";"2";"1";"1";"1";""