"Num_Acc";"id_vehicule";"num_veh";"senc";"catv";"obs";"obsm";"choc";"manv";"motor";"occutc"
"202400002614";"155777202";"A01";"1";"7";"8";"2";"8";"0";"1";""
"202400002614";"155777204";"B01";"1";"7";"0";"2";"1";"1";"2";""
"202400002615";"155777199";"A01";"1";"7";"1";"0";"1";"14";"1";""
"202400002615";"155777200";"B01";"1";"20";"0";"2";"4";"23";"1";""
"202400002616";"155777198";"B01";"2";"7";"0";"2";"5";"1";"1";""
"202400002616";"155777201";"A01";"2";"1";"0";"2";"8";"1";"5";""
"202400002617";"155777196";"A01";"2";"7";"0";"2";"6";"11";"1";""
"202400002617";"155777197";"B01";"2";"33";"0";"2";"1";"3";"1";""
"202400002618";"155777194";"B01";"1";"7";"0";"2";"1";"1";"1";""
"202400002618";"155777195";"A01";"1";"30";"0";"2";"8";"1";"1";""
"202400002619";"155777192";"B01";"2";"33";"0";"2";"8";"0";"1";""
"202400002619";"155777193";"A01";"2";"10";"0";"2";"2";"14";"1";""
"202400002620";"155777189";"A01";"1";"7";"3";"2";"6";"18";"1";""
"202400002620";"155777191";"B01";"1";"7";"0";"2";"3";"0";"2";""
"202400002621";"155777188";"A01";"1";"10";"0";"2";"8";"20";"1";""
"202400002621";"155777190";"B01";"1";"7";"0";"2";"2";"1";"1";""
"202400002622";"155777184";"A01";"3";"7";"0";"2";"1";"2";"1";""
"202400002622";"155777187";"B01";"3";"7";"0";"2";"4";"11";"1";""
"202400002623";"155777183";"A01";"2";"7";"0";"2";"3";"11";"1";""
"202400002623";"155777185";"B01";"2";"7";"0";"2";"7";"1";"1";""
"202400002623";"155777186";"C01";"2";"7";"4";"2";"5";"1";"1";""
"202400002624";"155777180";"A01";"1";"7";"0";"2";"8";"11";"1";""
"202400002624";"155777181";"B01";"1";"33";"0";"2";"2";"3";"1";""
"202400002625";"155777179";"A01";"3";"7";"0";"2";"7";"2";"3";""
"202400002625";"155777182";"B01";"1";"7";"0";"2";"1";"2";"1";""
"202400002626";"155777178";"A01";"2";"33";"4";"0";"3";"15";"1";""
"202400002627";"155777176";"B01";"1";"34";"0";"2";"1";"1";"1";""
"202400002627";"155777177";"A01";"1";"7";"0";"2";"2";"1";"1";""
"202400002628";"155777172";"A01";"2";"7";"0";"2";"3";"11";"1";""
"202400002628";"155777174";"C01";"2";"7";"0";"2";"4";"1";"1";""
"202400002628";"155777175";"B01";"2";"33";"0";"2";"1";"3";"1";""
"202400002629";"155777173";"A01";"2";"1";"0";"0";"1";"26";"5";""
"202400002630";"155777171";"A01";"2";"32";"0";"0";"7";"1";"1";""
"202400002631";"155777169";"A01";"2";"7";"0";"2";"1";"15";"1";""
"202400002631";"155777170";"B01";"1";"7";"0";"2";"8";"1";"2";""
"202400002632";"155777167";"B01";"1";"10";"0";"2";"2";"14";"1";""
"202400002632";"155777168";"A01";"1";"33";"0";"2";"3";"3";"1";""
"202400002633";"155777166";"A01";"1";"30";"0";"0";"8";"26";"1";""
"202400002634";"155777164";"A01";"1";"33";"0";"1";"2";"1";"1";""
"202400002635";"155777163";"A01";"2";"7";"0";"2";"7";"12";"1";""
"202400002635";"155777165";"B01";"2";"32";"0";"2";"3";"3";"1";""
"202400002636";"155777162";"A01";"1";"50";"0";"1";"1";"1";"3";""
"202400002637";"155777158";"A01";"1";"7";"0";"2";"1";"12";"1";""
"202400002637";"155777160";"B01";"1";"7";"4";"2";"8";"1";"1";""
"202400002637";"155777161";"C01";"1";"7";"4";"2";"8";"1";"1";""
"202400002638";"155777157";"A01";"1";"7";"0";"2";"1";"13";"1";""
"202400002638";"155777159";"B01";"1";"31";"0";"2";"7";"17";"1";""
"202400002639";"155777154";"B01";"1";"33";"0";"2";"7";"3";"1";""
"202400002639";"155777156";"A01";"1";"7";"0";"2";"8";"13";"1";""
"202400002640";"155777151";"A01";"3";"7";"0";"1";"1";"16";"1";""
"202400002641";"155777147";"B01";"2";"2";"0";"2";"7";"1";"1";""
"202400002641";"155777149";"A01";"2";"7";"0";"2";"1";"9";"0";""
"202400002642";"155777144";"A01";"1";"33";"0";"6";"1";"0";"1";""
"202400002643";"155777145";"C01";"1";"7";"0";"2";"1";"1";"1";""
"202400002643";"155777146";"A01";"1";"7";"0";"2";"4";"1";"1";""
"202400002643";"155777148";"B01";"1";"7";"0";"2";"1";"1";"1";""
"202400002643";"155777150";"D01";"1";"7";"0";"2";"1";"2";"1";""
"202400002643";"155777152";"E01";"1";"7";"0";"2";"1";"2";"1";""
"202400002644";"155777141";"B01";"2";"7";"0";"0";"7";"26";"1";""
"202400002644";"155777143";"A01";"2";"7";"0";"2";"1";"1";"1";""
"202400002645";"155777142";"A01";"1";"10";"8";"0";"1";"13";"1";""
"202400002646";"155777140";"A01";"1";"7";"1";"2";"2";"14";"1";""
"202400002647";"155777139";"A01";"3";"7";"4";"0";"1";"13";"1";""
"202400002648";"155777137";"A01";"1";"30";"0";"2";"1";"1";"1";""
"202400002648";"155777138";"B01";"1";"7";"0";"2";"6";"0";"1";""
"202400002649";"155777136";"A01";"1";"7";"13";"0";"1";"14";"2";""
"202400002650";"155777135";"A01";"0";"7";"2";"0";"9";"16";"1";""
"202400002651";"155777134";"A01";"1";"10";"15";"0";"9";"6";"1";""
"202400002652";"155777132";"B01";"2";"7";"0";"2";"1";"1";"3";""
"202400002652";"155777133";"A01";"1";"7";"0";"2";"2";"19";"1";""
"202400002653";"155777131";"A01";"0";"7";"0";"1";"1";"11";"0";""
"202400002654";"155777129";"A01";"1";"7";"0";"2";"3";"1";"1";""
"202400002654";"155777130";"B01";"2";"7";"0";"2";"3";"13";"1";""
"202400002655";"155777128";"A01";"1";"32";"0";"1";"0";"0";"3";""
"202400002656";"155777124";"A01";"1";"33";"0";"2";"2";"14";"1";""
"202400002656";"155777125";"B01";"1";"7";"0";"0";"5";"2";"1";""
"202400002657";"155777122";"B01";"2";"7";"0";"2";"4";"1";"1";""
"202400002657";"155777123";"A01";"2";"10";"0";"2";"5";"1";"1";""
"202400002658";"155777121";"A01";"1";"37";"0";"1";"1";"15";"1";"1"
"202400002659";"155777119";"B01";"2";"1";"1";"0";"3";"21";"5";""
"202400002659";"155777120";"A01";"2";"7";"1";"2";"5";"22";"2";""
"202400002660";"155777117";"B01";"2";"7";"0";"2";"5";"1";"1";""
"202400002660";"155777118";"A01";"2";"33";"0";"2";"1";"9";"1";""
"202400002661";"155777116";"A01";"2";"7";"1";"0";"7";"1";"2";""
"202400002662";"155777114";"A01";"2";"1";"0";"2";"1";"1";"5";""
"202400002662";"155777115";"B01";"1";"80";"0";"2";"1";"1";"3";""
"202400002663";"155777112";"B01";"1";"50";"6";"0";"2";"19";"3";""
"202400002663";"155777113";"A01";"1";"7";"6";"0";"1";"19";"2";""
"202400002664";"155777110";"A01";"2";"50";"0";"2";"5";"15";"3";""
"202400002664";"155777111";"B01";"2";"2";"0";"2";"3";"15";"3";""
"202400002665";"155777109";"A01";"2";"80";"0";"1";"1";"1";"3";""
"202400002666";"155777107";"B01";"3";"33";"0";"2";"0";"2";"0";""
"202400002666";"155777108";"A01";"3";"33";"0";"2";"0";"0";"1";""
"202400002667";"155777106";"A01";"2";"31";"0";"2";"1";"1";"1";""
"202400002668";"155777104";"B01";"0";"7";"0";"2";"0";"0";"1";""
"202400002668";"155777105";"A01";"1";"7";"0";"2";"1";"9";"1";""
"202400002669";"155777102";"A01";"2";"7";"0";"2";"3";"22";"2";""
"202400002669";"155777103";"B01";"2";"1";"0";"2";"1";"1";"5";""
"202400002670";"155777101";"A01";"2";"7";"2";"0";"7";"1";"1";""
"202400002671";"155777100";"A01";"2";"2";"0";"0";"0";"1";"1";""
"202400002672";"155777098";"A01";"1";"33";"0";"2";"5";"17";"1";""
"202400002672";"155777099";"B01";"1";"7";"0";"2";"3";"1";"1";""
"202400002673";"155777097";"A01";"2";"7";"7";"0";"2";"1";"1";""
"202400002674";"155777095";"A01";"2";"7";"0";"2";"5";"19";"1";""
"202400002674";"155777096";"B01";"1";"7";"0";"2";"2";"1";"3";""
"202400002675";"155777094";"B01";"1";"7";"3";"0";"7";"17";"1";""
"202400002676";"155777093";"A01";"0";"36";"2";"0";"2";"0";"1";""
"202400002677";"155777092";"A01";"2";"7";"15";"0";"1";"1";"1";""
"202400002678";"155777091";"A01";"1";"2";"12";"0";"0";"14";"1";""
"202400002679";"155777090";"A01";"1";"7";"3";"0";"1";"1";"1";""
"202400002680";"155777089";"A01";"1";"33";"0";"0";"7";"1";"1";""
"202400002681";"155777087";"A01";"2";"7";"0";"4";"8";"26";"1";""
"202400002681";"155777088";"B01";"1";"39";"0";"2";"1";"0";"3";""
"202400002682";"155777084";"A01";"1";"7";"0";"2";"1";"17";"1";""
"202400002682";"155777085";"C01";"2";"7";"0";"2";"1";"1";"1";""
"202400002682";"155777086";"B01";"1";"7";"0";"2";"8";"1";"2";""
"202400002683";"155777083";"A01";"2";"7";"0";"0";"1";"21";"1";""
"202400002684";"155777081";"B01";"1";"1";"0";"2";"1";"1";"5";""
"202400002684";"155777082";"A01";"2";"7";"0";"2";"2";"19";"1";""
"202400002685";"155777079";"A01";"2";"33";"0";"2";"7";"1";"1";""
"202400002685";"155777080";"B01";"2";"7";"0";"2";"3";"9";"1";""
"202400002686";"155777078";"A01";"1";"7";"0";"1";"2";"1";"1";""
"202400002687";"155777077";"A01";"1";"50";"0";"0";"1";"1";"3";""
"202400002688";"155777076";"A01";"1";"33";"13";"0";"8";"1";"1";""
"202400002689";"155777074";"A01";"2";"33";"0";"2";"1";"21";"1";""
"202400002689";"155777075";"B01";"2";"7";"0";"2";"3";"9";"1";""
"202400002690";"155777072";"A01";"1";"33";"0";"0";"9";"2";"1";""
"202400002691";"155777070";"A01";"1";"32";"0";"2";"1";"13";"1";""
"202400002691";"155777071";"B01";"2";"7";"0";"2";"3";"1";"1";""
"202400002692";"155777069";"A01";"2";"7";"13";"0";"2";"0";"1";""
"202400002693";"155777068";"A01";"3";"7";"0";"1";"6";"1";"1";""
"202400002694";"155777067";"A01";"1";"15";"0";"1";"3";"1";"1";""
"202400002695";"155777065";"A01";"1";"7";"0";"2";"2";"1";"1";""
"202400002695";"155777066";"B01";"2";"7";"0";"2";"3";"5";"1";""
"202400002696";"155777063";"A01";"1";"7";"0";"2";"1";"9";"1";""
"202400002696";"155777064";"B01";"1";"7";"0";"2";"3";"1";"1";""
"202400002697";"155777062";"A01";"3";"2";"15";"0";"1";"14";"1";""
"202400002698";"155777061";"A01";"1";"21";"0";"0";"0";"2";"1";""
"202400002699";"155777060";"A01";"2";"7";"13";"0";"1";"1";"0";""
"202400002700";"155777059";"A01";"1";"33";"16";"0";"6";"1";"1";""
"202400002701";"155777057";"A01";"1";"7";"0";"0";"3";"19";"1";""
"202400002701";"155777058";"B01";"1";"7";"0";"0";"1";"1";"1";""
"202400002702";"155777056";"A01";"1";"7";"2";"9";"1";"2";"1";""
"202400002703";"155777055";"A01";"1";"7";"8";"0";"2";"1";"1";""
"202400002704";"155777053";"B01";"2";"34";"0";"0";"4";"1";"1";""
"202400002704";"155777054";"A01";"2";"34";"0";"2";"1";"2";"1";""
"202400002705";"155777052";"A01";"1";"33";"13";"0";"1";"26";"1";""
"202400002706";"155777050";"A01";"2";"7";"0";"9";"2";"19";"1";""
"202400002706";"155777051";"B01";"2";"1";"0";"2";"8";"15";"5";""
"202400002707";"155777049";"A01";"1";"7";"13";"0";"2";"14";"1";""
"202400002708";"155777048";"A01";"2";"7";"0";"0";"9";"14";"1";""
"202400002709";"155777047";"A01";"1";"10";"3";"0";"1";"14";"1";""
"202400002710";"155777046";"A01";"2";"10";"4";"0";"3";"1";"1";""
"202400002711";"155777044";"B01";"1";"7";"0";"2";"3";"1";"1";""
"202400002711";"155777045";"A01";"2";"1";"0";"2";"4";"13";"5";""
"202400002712";"155777043";"A01";"1";"7";"0";"1";"3";"1";"0";""
"202400002713";"155777042";"A01";"1";"7";"4";"0";"3";"11";"1";""
"202400002714";"155777039";"B01";"1";"15";"0";"2";"6";"1";"1";""
"202400002714";"155777040";"A01";"1";"7";"0";"2";"2";"0";"1";""
"202400002714";"155777041";"C01";"1";"10";"0";"2";"1";"1";"1";""
"202400002715";"155777037";"A01";"1";"7";"0";"2";"5";"1";"1";""
"202400002715";"155777038";"B01";"1";"33";"0";"2";"1";"1";"1";""
"202400002716";"155777035";"A01";"2";"33";"0";"2";"2";"16";"1";""
"202400002716";"155777036";"B01";"2";"7";"0";"2";"3";"1";"1";""
"202400002717";"155777033";"A01";"1";"2";"0";"2";"4";"16";"1";""
"202400002717";"155777034";"B01";"1";"7";"0";"2";"2";"0";"0";""
"202400002718";"155777032";"A01";"3";"34";"0";"0";"0";"1";"0";""
"202400002719";"155777031";"A01";"2";"2";"0";"0";"2";"1";"1";""
"202400002720";"155777030";"A01";"1";"7";"7";"0";"1";"0";"1";""
"202400002721";"155777029";"A01";"1";"7";"0";"1";"0";"15";"1";""
"202400002722";"155777028";"A01";"2";"7";"0";"1";"0";"16";"1";""
"202400002723";"155777027";"A01";"1";"7";"0";"1";"0";"1";"0";""
"202400002724";"155777025";"B01";"1";"1";"0";"2";"1";"1";"5";""
"202400002724";"155777026";"A01";"1";"7";"0";"2";"0";"26";"1";""
"202400002725";"155777023";"A01";"1";"17";"0";"2";"0";"0";"1";""
"202400002725";"155777024";"B01";"1";"1";"0";"2";"0";"0";"5";""
"202400002726";"155777021";"A01";"3";"7";"0";"2";"5";"0";"1";""
"202400002726";"155777022";"B01";"0";"7";"0";"2";"1";"0";"1";""
"202400002727";"155777018";"A01";" -1";"7";" -1";" -1";" -1";" -1";" -1";""
"202400002727";"155777019";"B01";" -1";"7";" -1";" -1";" -1";" -1";" -1";""
"202400002727";"155777020";"C01";" -1";"7";" -1";" -1";" -1";" -1";" -1";""
"202400002728";"155777016";"A01";"2";"7";"0";"2";"6";"1";"1";""
"202400002728";"155777017";"B01";"2";"7";"3";"2";"2";"0";"1";""
"202400002729";"155777015";"A01";"0";"37";"0";"1";"5";"0";"1";"1"
"202400002730";"155777014";"A01";"0";"7";"2";"0";"8";"1";"1";""
"202400002731";"155777012";"A01";"1";"7";"0";"2";"6";"19";"1";""
"202400002731";"155777013";"B01";"1";"7";"0";"2";"1";"1";"2";""
"202400002732";"155777011";"A01";"1";"7";"0";"0";"9";"1";"1";""
"202400002733";"155777009";"A01";"2";"7";"0";"2";"1";"13";"1";""
"202400002733";"155777010";"B01";"1";"7";"0";"2";"1";"1";"1";""
"202400002734";"155777008";"A01";"1";"7";"0";"1";"2";"14";"1";""
"202400002735";"155777006";"A01";"1";"7";"0";"2";"3";"13";"1";""
"202400002735";"155777007";"B01";"2";"7";"0";"2";"3";"1";"1";""
"202400002736";"155777004";"A01";"2";"21";"0";"0";"8";"15";"1";""
"202400002736";"155777005";"B01";"1";"15";"0";"0";"1";"1";"1";""
"202400002737";"155777003";"A01";"1";"7";"8";"0";"1";"5";"1";""
"202400002738";"155777002";"A01";"1";"33";"0";"9";"0";"26";"1";""
"202400002739";"155777000";"A01";"2";"7";"0";"2";"1";"2";"1";""
"202400002739";"155777001";"B01";"2";"15";"0";"0";"4";"1";"1";""
"202400002740";"155776998";"A01";"3";"2";"0";"2";"1";"15";"1";""
"202400002740";"155776999";"B01";"3";"7";"0";"2";"2";"1";"1";""
"202400002741";"155776997";"A01";"2";"15";"3";"0";"2";"1";"1";""
"202400002742";"155776996";"A01";"2";"7";"15";"9";"1";"11";"6";""
"202400002743";"155776995";"A01";"1";"7";"0";"1";"2";"0";"1";""
"202400002744";"155776992";"B01";"2";"7";"0";"2";"1";"1";"1";""
"202400002744";"155776993";"C01";"2";"7";"0";"2";"3";"1";"1";""
"202400002744";"155776994";"A01";"1";"7";"0";"2";"1";"17";"1";""
"202400002745";"155776991";"A01";"1";"10";"0";"1";"2";"1";"1";""
"202400002746";"155776989";"A01";"1";"7";"0";"2";"1";"5";"2";""
"202400002746";"155776990";"B01";"2";"7";"0";"2";"1";"5";"2";""
"202400002747";"155776988";"A01";"1";"7";"4";"0";"9";"1";"1";""
"202400002748";"155776987";"A01";"0";"7";"0";"1";"4";"20";"2";""
"202400002749";"155776985";"B01";"1";"7";"0";"2";"1";"1";"1";""
"202400002749";"155776986";"A01";"2";"10";"0";"2";"1";"13";"1";""
"202400002750";"155776984";"A01";"1";"7";"1";"0";"0";"0";"1";""
"202400002751";"155776983";"A01";"1";"32";"8";"0";"1";"1";"1";""
"202400002752";"155776981";"A01";"1";"7";"0";"0";"8";"15";"1";""
"202400002752";"155776982";"B01";"1";"7";"0";"2";"1";"1";"1";""
"202400002753";"155776980";"A01";"1";"7";"15";"0";"3";"0";"1";""
"202400002754";"155776978";"B01";"1";"33";"0";"2";"1";"1";"1";""
"202400002754";"155776979";"A01";"2";"7";"0";"2";"3";"15";"1";""
"202400002755";"155776976";"B01";"2";"1";"0";"2";"1";"1";"5";""
"202400002755";"155776977";"A01";"2";"7";"0";"2";"2";"12";"1";""
"202400002756";"155776975";"A01";"0";"0";"0";"1";"0";"0";"1";""
"202400002757";"155776974";"A01";"2";"2";"5";"0";"7";"1";"1";""
"202400002758";"155776973";"A01";"3";"2";"6";"0";"1";"1";"0";""
"202400002759";"155776972";"A01";"2";"7";"0";"0";"9";"1";"1";""
"202400002760";"155776970";"A01";"3";"7";"0";"2";"2";"5";"1";""
"202400002760";"155776971";"B01";"3";"32";"0";"2";"1";"1";"1";""
"202400002761";"155776968";"A01";"2";"33";"0";"2";"1";"17";"1";""
"202400002761";"155776969";"B01";"1";"10";"0";"2";"2";"9";"1";""
"202400002762";"155776965";"A01";"3";"7";"0";"2";"1";"15";"1";""
"202400002762";"155776966";"B01";"3";"1";"0";"0";"4";"0";"5";""
"202400002762";"155776967";"C01";"3";"1";"0";"0";"4";"24";"5";""
"202400002763";"155776964";"A01";"1";"33";"0";"0";"0";"26";"1";""
"202400002764";"155776963";"Z01";"3";"7";"0";"1";"1";"19";"0";""
"202400002765";"155776962";"A01";"1";"33";"0";"6";"8";"21";"1";""
"202400002766";"155776960";"A01";"2";"7";"0";"2";"7";"15";"2";""
"202400002766";"155776961";"B01";"1";"33";"0";"2";"7";"1";"1";""
"202400002767";"155776958";"B01";"1";"7";"0";"2";"1";"1";"1";""
"202400002767";"155776959";"A01";"2";"10";"0";"2";"1";"19";"1";""
"202400002768";"155776956";"A01";"1";"7";"0";"2";"1";"13";"1";""
"202400002768";"155776957";"B01";"2";"7";"0";"2";"1";"1";"3";""
"202400002769";"155776954";"A01";"2";"7";"0";"0";"3";"15";"1";""
"202400002769";"155776955";"B01";"2";"7";"6";"0";"9";"17";"1";""
"202400002770";"155776952";"A01";"1";"7";"0";"2";"6";"1";"1";""
"202400002770";"155776953";"B01";"1";"32";"0";"2";"9";"1";"1";""
"202400002771";"155776951";"A01";"3";"10";"2";"0";"3";"1";"1";""
"202400002772";"155776949";"B01";"2";"10";"0";"2";"1";"1";"1";""
"202400002772";"155776950";"A01";"1";"10";"0";"2";"5";"1";"1";""
"202400002773";"155776948";"A01";"1";"7";"7";"0";"1";"1";"1";""
"202400002774";"155776947";"A01";"1";"7";"15";"0";"1";"26";"1";""
"202400002775";"155776945";"A01";"2";"33";"13";"0";"1";"1";"1";""
"202400002776";"155776944";"A01";"1";"30";"0";"2";"3";"1";"1";""
"202400002776";"155776946";"B01";"1";"7";"0";"2";"3";"15";"1";""
"202400002777";"155776943";"A01";"2";"2";"0";"0";"0";"1";"1";""
"202400002778";"155776942";"A01";"1";"7";"0";"1";"2";"1";"1";""
"202400002779";"155776941";"A01";"1";"2";"2";"0";"5";"1";"1";""
"202400002780";"155776939";"A01";"2";"2";"6";"0";"1";"1";"3";""
"202400002781";"155776938";"A01";"1";"7";"0";"2";"1";"18";"1";""
"202400002781";"155776940";"B01";"2";"7";"0";"2";"2";"15";"1";""
"202400002782";"155776936";"A01";"3";"10";"0";"2";"2";"15";"1";""
"202400002782";"155776937";"B01";"3";"1";"0";"2";"1";"1";"5";""
"202400002783";"155776935";"A01";"1";"7";"9";"0";"9";"26";"1";""
"202400002784";"155776934";"A01";"1";"7";"0";"1";"2";"19";"1";""
"202400002785";"155776932";"A01";"1";"7";"0";"2";"1";"16";"1";""
"202400002785";"155776933";"B01";"2";"34";"0";"2";"7";"1";"1";""
"202400002786";"155776930";"A01";"1";"33";"0";"2";"1";"1";"1";""
"202400002786";"155776931";"B01";"2";"7";"0";"2";"8";"15";"1";""
"202400002787";"155776927";"A01";"2";"50";"0";"0";"2";"1";"3";""
"202400002788";"155776925";"A01";"1";"7";"0";"1";"1";"2";"1";""
"202400002789";"155776922";"D01";"2";"7";"0";"2";"7";"1";"1";""
"202400002789";"155776924";"E01";"2";"7";"0";"2";"5";"24";"1";""
"202400002789";"155776926";"A01";"2";"7";"0";"2";"8";"22";"1";""
"202400002789";"155776928";"B01";"2";"7";"1";"2";"9";"1";"1";""
"202400002789";"155776929";"C01";"2";"7";"0";"2";"4";"0";"1";""
"202400002790";"155776921";"A01";"3";"30";"9";"2";"1";"1";"1";""
"202400002790";"155776923";"B01";"3";"10";"13";"0";"3";"0";"1";""
"202400002791";"155776920";"Z01";"1";"30";"0";"0";"0";"16";"1";""
"202400002792";"155776919";"A01";"1";"7";"1";"0";"2";"1";"1";""
"202400002793";"155776918";"A01";"1";"7";"0";"1";"1";"1";"1";""
"202400002794";"155776916";"B01";"0";"7";"0";"2";"3";" -1";"1";""
"202400002794";"155776917";"A01";"1";"7";"0";"2";"3";"15";"1";""
"202400002795";"155776914";"A01";"1";"7";"0";"2";"3";"15";"1";""
"202400002795";"155776915";"B01";"1";"7";"0";"2";"7";"17";"1";""
"202400002796";"155776912";"A01";"1";"7";"0";"1";"2";"1";"1";""
"202400002797";"155776911";"A01";"1";"7";"14";"0";"1";"26";"2";""
"202400002798";"155776908";"A01";"1";"2";"0";"0";"4";"1";"1";""
"202400002798";"155776910";"B01";"1";"7";"0";"2";"1";"1";"2";""
"202400002799";"155776909";"A01";"1";"7";"0";"1";"1";"15";"1";""
"202400002800";"155776903";"B01";"1";"10";"0";"2";"1";"1";"1";""
"202400002800";"155776904";"C01";"2";"7";"0";"2";"3";"1";"1";""
"202400002800";"155776906";"A01";"1";"7";"0";"2";"4";"1";"2";""
"202400002801";"155776902";"A01";"2";"10";"0";"1";"1";"1";"0";""
"202400002802";"155776901";"A01";"2";"7";"2";"0";"1";"1";"1";""
"202400002803";"155776900";"A01";"3";"7";"6";"0";"3";"13";"1";""
"202400002804";"155776899";"A01";"1";"37";"0";"1";"1";"19";"1";"1"
"202400002805";"155776897";"A01";"2";"7";"0";"2";"3";"1";"1";""
"202400002805";"155776898";"B01";"2";"10";"0";"2";"3";"9";"1";""
"202400002806";"155776895";"A01";"2";"7";"0";"2";"3";"9";"1";""
"202400002806";"155776896";"B01";"1";"7";"0";"2";"3";"1";"1";""
"202400002807";"155776894";"A01";"1";"7";"14";"0";"1";"14";"1";""
"202400002808";"155776893";"A01";"0";"7";"0";"1";"3";"1";"2";""
"202400002809";"155776891";"A01";"2";"16";"0";"0";"8";"9";"1";""
"202400002809";"155776892";"B01";"1";"10";"0";"2";"1";"2";"1";""
"202400002810";"155776889";"A01";"0";"7";"0";"2";"7";"13";"1";""
"202400002810";"155776890";"B01";"0";"7";"0";"2";"1";"1";"1";""
"202400002811";"155776887";"A01";"1";"7";"2";"2";"3";"1";"1";""
"202400002811";"155776888";"B01";"2";"7";"0";"2";"1";"1";"1";""
"202400002812";"155776886";"A01";"1";"30";"6";"0";"1";"26";"1";""
"202400002813";"155776885";"A01";"2";"0";"0";"1";"7";"17";" -1";""
"202400002814";"155776884";"A01";"2";"10";"6";"0";"3";"1";"1";""
"202400002815";"155776880";"A01";"2";"7";"0";"2";"1";"2";"1";""
"202400002815";"155776882";"B01";"2";"7";"0";"0";"4";"2";"1";""
"202400002816";"155776881";"A01";"2";"7";"0";"2";"3";"17";"1";""
"202400002816";"155776883";"B01";"1";"2";"0";"2";"1";"26";"1";""
"202400002817";"155776879";"A01";"1";"10";"0";"1";"1";"2";"0";""
"202400002818";"155776877";"A01";"1";"7";"0";"2";"3";"15";"1";""
"202400002818";"155776878";"B01";"1";"33";"0";"2";"7";"1";"1";""
"202400002819";"155776876";"Z01";"1";"7";"0";"1";"1";"16";"1";""
"202400002820";"155776874";"A01";"1";"33";"8";"0";"1";"26";"1";""
"202400002820";"155776875";"B01";"1";"33";"0";"2";"4";"26";"1";""
"202400002821";"155776871";"A01";"1";"10";"0";"2";"1";"1";"3";""
"202400002821";"155776873";"B01";"3";"7";"0";"2";"2";"1";"1";""
"202400002822";"155776869";"A01";"2";"10";"0";"2";"1";"13";"1";""
"202400002822";"155776870";"B01";"1";"33";"0";"2";"1";"1";"1";""
"202400002822";"155776872";"C01";"1";"33";"0";"2";"1";"1";"1";""
"202400002823";"155776868";"A01";"3";"7";"3";"0";"1";"1";"2";""
"202400002824";"155776866";"A01";"1";"7";"0";"9";"1";"0";"1";""
"202400002824";"155776867";"B01";"2";"1";"0";"2";"8";"21";"5";""
"202400002825";"155776865";"A01";"1";"7";"1";"0";"1";"1";"1";""
"202400002826";"155776863";"A01";"2";"7";"1";"0";"0";"2";"1";""
"202400002827";"155776862";"A01";"2";"7";"0";"0";"2";"15";"1";""
"202400002827";"155776864";"B01";"1";"1";"0";"2";"1";"1";"5";""
"202400002828";"155776861";"A01";"2";"50";"8";"0";"2";"1";"3";""
"202400002829";"155776860";"A01";"3";"7";"0";"1";"1";"1";"1";""
"202400002830";"155776859";"A01";"2";"33";"0";"1";"6";"1";"1";""
"202400002831";"155776855";"A01";"2";"33";"0";"2";"3";"1";"1";""
"202400002831";"155776857";"B01";"1";"7";"0";"2";"3";"1";"1";""
"202400002832";"155776854";"A01";"1";"7";"0";"2";"3";"13";"1";""
"202400002832";"155776856";"B01";"2";"7";"0";"2";"3";"1";"1";""
"202400002832";"155776858";"C01";"2";"7";"0";"2";"8";"1";"1";""
"202400002833";"155776853";"A01";"0";"7";"0";"1";"1";"0";"1";""
"202400002834";"155776847";"A01";"2";"7";"0";"2";"1";"2";"1";""
"202400002834";"155776848";"B01";"2";"7";"0";"2";"6";"1";"1";""
"202400002834";"155776851";"C01";"1";"7";"0";"2";"4";"1";"1";""
"202400002834";"155776852";"D01";"1";"7";"14";"0";"1";"0";"1";""
"202400002835";"155776845";"A01";"2";"7";"13";"0";"2";"1";"1";""
"202400002836";"155776844";"A01";"3";"7";"0";"2";"2";"1";"1";""
"202400002836";"155776846";"B01";"3";"80";"0";"2";"7";"1";"3";""
"202400002837";"155776842";"A01";"1";"33";"0";"2";"1";"1";"1";""
"202400002837";"155776843";"B01";"1";"7";"0";"2";"2";"23";"0";""
"202400002838";"155776840";"A01";"0";"7";"0";"2";"1";"15";"1";""
"202400002838";"155776841";"B01";"0";"2";"0";"2";"2";"1";"1";""
"202400002839";"155776838";"A01";"1";"33";"4";"0";"0";"0";"1";""
"202400002839";"155776839";"B01";"1";"30";"4";"0";"0";"2";"1";""
"202400002840";"155776837";"A01";"3";"30";"0";"0";"8";"1";"1";""
"202400002841";"155776834";"A01";"1";"7";"0";"2";"1";"5";"1";""
"202400002841";"155776836";"B01";"1";"7";"0";"2";"1";"1";"1";""
"202400002842";"155776833";"B01";"1";"2";"14";"0";"1";"2";"1";""
"202400002842";"155776835";"A01";"1";"10";"0";"2";"3";"16";"1";""
"202400002843";"155776830";"A01";"3";"30";"0";"2";"8";"26";"1";""
"202400002843";"155776832";"B01";"3";"0";"0";"2";"1";"0";"0";""
"202400002844";"155776829";"A01";"2";"7";"0";"2";"5";"16";"1";""
"202400002844";"155776831";"B01";"2";"1";"0";"2";"4";"1";"5";""