"Num_Acc";"id_vehicule";"num_veh";"senc";"catv";"obs";"obsm";"choc";"manv";"motor";"occutc"
"202400002845";"155776827";"A01";"2";"10";"0";"2";"1";"2";"1";""
"202400002845";"155776828";"B01";"2";"10";"0";"2";"4";"2";"1";""
"202400002846";"155776826";"A01";"2";"7";"0";"1";"3";"2";"1";""
"202400002847";"155776825";"A01";"1";"7";"13";" -1";"1";"1";"1";""
"202400002848";"155776824";"A01";"1";"7";"1";"1";"2";"1";"1";""
"202400002849";"155776823";"A01";"1";"31";"9";"0";"1";"0";"1";""
"202400002850";"155776820";"A01";"1";"10";"0";"9";"0";"2";"1";""
"202400002850";"155776821";"B01";"1";"7";"0";"2";"4";"2";"1";""
"202400002850";"155776822";"C01";"1";"33";"0";"2";"4";"2";"1";""
"202400002851";"155776817";"A01";"3";"7";"0";"1";"7";"24";"1";""
"202400002852";"155776818";"B01";"1";"7";"0";"2";"1";"1";"1";""
"202400002852";"155776819";"A01";"2";"7";"0";"0";"2";"26";"1";""
"202400002853";"155776814";"A01";"1";"7";"0";"2";"2";"2";"1";""
"202400002853";"155776816";"B01";"1";"1";"0";"2";"8";"13";"5";""
"202400002854";"155776812";"A01";"3";"7";"0";"2";"3";"11";"1";""
"202400002854";"155776813";"C01";"3";"7";"0";"2";"8";"1";"1";""
"202400002854";"155776815";"B01";"3";"14";"0";"2";"2";"1";"0";""
"202400002855";"155776811";"A01";"1";"33";"1";"0";"1";"26";"1";""
"202400002856";"155776809";"A01";"3";"7";"0";"1";"6";"15";"1";""
"202400002857";"155776808";"B01";"1";"2";"0";"2";"1";"5";"1";""
"202400002857";"155776810";"A01";"1";"7";"0";"2";"2";"15";"2";""
"202400002858";"155776807";"A01";"3";"37";"0";"1";"6";"24";"1";"1"
"202400002859";"155776805";"B01";"2";"7";"0";"2";"2";"15";"1";""
"202400002859";"155776806";"A01";"1";"30";"0";"2";"1";"1";"1";""
"202400002860";"155776801";"A01";"1";"7";"0";"1";"1";"1";"1";""
"202400002861";"155776797";"D01";"1";"10";"0";"2";"1";"2";"1";""
"202400002861";"155776799";"F01";"1";"10";"3";"2";"3";"1";"1";""
"202400002861";"155776800";"B01";"1";"7";"0";"2";"1";"2";"1";""
"202400002861";"155776802";"C01";"1";"7";"0";"2";"1";"2";"1";""
"202400002861";"155776803";"E01";"1";"10";"0";"2";"1";"2";"1";""
"202400002861";"155776804";"A01";"1";"7";"0";"2";"4";"2";"1";""
"202400002862";"155776795";"A01";"1";"7";"0";"2";"1";"1";"2";""
"202400002862";"155776796";"B01";"1";"7";"0";"2";"5";"1";"1";""
"202400002862";"155776798";"C01";"1";"7";"0";"2";"2";"1";"1";""
"202400002863";"155776793";"A01";"1";"7";"0";"2";"8";"9";"1";""
"202400002863";"155776794";"B01";"1";"7";"0";"2";"3";"1";"1";""
"202400002864";"155776792";"A01";"3";"37";"0";"1";"2";"15";"1";"1"
"202400002865";"155776791";"B01";"1";"33";"16";"0";"0";"1";"1";""
"202400002866";"155776789";"B01";"2";"7";"0";"2";"1";"1";"1";""
"202400002866";"155776790";"A01";"1";"30";"0";"2";"1";"5";"1";""
"202400002867";"155776787";"B01";"3";"7";"0";"2";"0";"0";"1";""
"202400002867";"155776788";"A01";"1";"0";"0";"2";"0";"0";"0";""
"202400002868";"155776785";"B01";"2";"30";"0";"0";"0";"14";"1";""
"202400002868";"155776786";"Z01";"2";"7";"0";"2";"8";"12";"0";""
"202400002869";"155776783";"B01";"1";"10";"0";"2";"2";"1";"1";""
"202400002869";"155776784";"A01";"2";"7";"0";"2";"2";"5";"1";""
"202400002870";"155776780";"A01";"1";"7";"4";"0";"1";"1";"1";""
"202400002871";"155776779";"B01";"1";"2";"0";"2";"4";"23";"3";""
"202400002871";"155776781";"C01";"1";"7";"0";"2";"4";"1";"2";""
"202400002871";"155776782";"A01";"1";"7";"0";"2";"1";"1";"1";""
"202400002872";"155776778";"A01";"1";"7";"0";"1";"2";"1";"1";""
"202400002873";"155776777";"A01";"3";"7";"0";"1";"3";"15";"0";""
"202400002874";"155776776";"A01";"3";"7";"0";"1";"1";"1";" -1";""
"202400002875";"155776775";"A01";"1";"1";"8";"0";"1";"26";"5";""
"202400002876";"155776773";"A01";"0";"7";"0";"2";"1";"15";"1";""
"202400002876";"155776774";"B01";"0";"50";"0";"2";"1";"1";"3";""
"202400002877";"155776772";"A01";"1";"10";"0";"1";"1";"1";"1";""
"202400002878";"155776770";"A01";"1";"33";"0";"2";"2";"2";"1";""
"202400002878";"155776771";"B01";"2";"7";"0";"2";"3";"1";"1";""
"202400002879";"155776769";"A01";"2";"37";"0";"1";"3";"15";"1";"1"
"202400002880";"155776767";"B01";"1";"13";"0";"2";"2";"0";"1";""
"202400002880";"155776768";"A01";"1";"7";"0";"2";"6";"1";"1";""
"202400002881";"155776765";"B01";"1";"10";"0";"2";"3";"1";"1";""
"202400002881";"155776766";"A01";"1";"1";"0";"2";"7";"1";"5";""
"202400002882";"155776762";"A01";"1";"7";"0";"2";"8";"1";"1";""
"202400002882";"155776764";"B01";"1";"7";"0";"2";"5";"15";"1";""
"202400002883";"155776761";"A01";"2";"7";"0";"2";"4";"2";"1";""
"202400002883";"155776763";"B01";"2";"7";"0";"2";"1";"2";"1";""
"202400002884";"155776758";"A01";"1";"10";"0";"2";"1";"1";"1";""
"202400002884";"155776760";"B01";"2";"7";"0";"2";"1";"1";"1";""
"202400002885";"155776757";"A01";"1";"7";"0";"2";"1";"19";"1";""
"202400002885";"155776759";"B01";"1";"7";"0";"2";"1";"2";"1";""
"202400002886";"155776756";"A01";"2";"7";"0";"1";"3";"26";"1";""
"202400002887";"155776754";"A01";"2";"7";"0";"2";"6";"16";"1";""
"202400002887";"155776755";"B01";"2";"7";"0";"2";"6";"23";"1";""
"202400002888";"155776751";"A01";"2";"50";"0";"2";"1";"1";"3";""
"202400002888";"155776753";"B01";"1";"7";"0";"2";"5";"1";"2";""
"202400002889";"155776750";"B01";"0";"1";"0";"2";"2";"1";"5";""
"202400002889";"155776752";"A01";"0";"7";"0";"9";"3";"9";"1";""
"202400002890";"155776749";"A01";"1";"7";"0";"1";"4";"4";"1";""
"202400002891";"155776748";"A01";"3";"39";"0";"1";"1";"26";"3";""
"202400002892";"155776747";"A01";"1";"7";"0";"1";"1";"1";"1";""
"202400002893";"155776745";"A01";"1";"33";"0";"2";"1";"1";"1";""
"202400002893";"155776746";"B01";"2";"7";"0";"2";"3";"15";"1";""
"202400002894";"155776744";"A01";"1";"7";"0";"1";"5";"15";"1";""
"202400002895";"155776742";"A01";"3";"7";"0";"9";"1";"1";"1";""
"202400002895";"155776743";"B01";"3";"50";"0";"2";"1";"26";"3";""
"202400002896";"155776740";"A01";"1";"7";"0";"2";"1";"1";"1";""
"202400002896";"155776741";"B01";"1";"7";"0";"2";"6";"1";"1";""
"202400002897";"155776739";"A01";"2";"7";"8";"0";"1";"1";"1";""
"202400002898";"155776738";"A01";"1";"7";"8";"0";"1";"15";"1";""
"202400002899";"155776735";"A01";"3";"7";"0";"2";"8";"15";"1";""
"202400002899";"155776736";"B01";"3";"33";"0";"2";"7";"17";"1";""
"202400002900";"155776734";"A01";"3";"7";"0";"2";"3";"15";"1";""
"202400002900";"155776737";"B01";"3";"33";"0";"2";"1";"1";"1";""
"202400002901";"155776732";"A01";"2";"50";"13";"0";"1";"0";"3";""
"202400002902";"155776731";"A01";"1";"7";"0";"9";"1";"15";"1";""
"202400002902";"155776733";"B01";"1";"1";"0";"2";"8";"1";"5";""
"202400002903";"155776730";"A01";"3";"7";"2";"0";"2";"0";"1";""
"202400002904";"155776729";"A01";"1";"10";"0";"1";"1";"1";"0";""
"202400002905";"155776728";"A01";"2";"7";"13";"0";"1";"1";"2";""
"202400002906";"155776726";"A01";"3";"33";"3";"0";"3";"13";"1";""
"202400002907";"155776725";"B01";"1";"1";"0";"0";"0";"0";"5";""
"202400002907";"155776727";"A01";"0";"7";"0";"2";"1";"1";"1";""
"202400002908";"155776722";"B01";"2";"10";"0";"2";"1";"12";"1";""
"202400002908";"155776724";"A01";"2";"13";"3";"0";"5";"1";"1";""
"202400002909";"155776721";"A01";"3";"40";"0";"2";"7";"1";"3";""
"202400002909";"155776723";"B01";"3";"1";"0";"4";"8";"13";"5";""
"202400002910";"155776720";"A01";"1";"7";"6";"0";"1";"0";"1";""
"202400002911";"155776718";"A01";"1";"7";"0";"1";"1";"1";"1";""
"202400002912";"155776717";"A01";"3";"2";"0";"2";"1";"2";"1";""
"202400002912";"155776719";"B01";"3";"2";"0";"0";"4";"2";"1";""
"202400002913";"155776713";"B01";"1";"50";"0";"2";"1";"0";"3";""
"202400002913";"155776715";"A01";"1";"7";"0";"2";"3";"9";"1";""
"202400002914";"155776714";"A01";"1";"33";"0";"2";"1";"5";"0";""
"202400002914";"155776716";"B01";"2";"7";"0";"2";"3";"0";"1";""
"202400002915";"155776710";"B01";"1";"7";"0";"0";"0";"23";"3";""
"202400002915";"155776712";"A01";"1";"33";"0";"2";"0";"26";"1";""
"202400002916";"155776709";"A01";"2";"7";"0";"2";"1";"5";"1";""
"202400002916";"155776711";"B01";"1";"7";"0";"2";"1";"1";"1";""
"202400002917";"155776708";"A01";"0";"50";"0";"0";"0";"1";"3";""
"202400002918";"155776707";"A01";"2";"7";"13";"0";"3";"0";"1";""
"202400002919";"155776706";"A01";"1";"1";"0";"9";"0";"1";"5";""
"202400002920";"155776705";"A01";"1";"7";"0";"1";"1";"26";"3";""
"202400002921";"155776704";"A01";"2";"7";"2";"0";"2";"1";"1";""
"202400002922";"155776701";"A01";"1";"7";"2";"0";"3";"0";"1";""
"202400002923";"155776700";"A01";"2";"7";"8";"0";"1";"14";"1";""
"202400002924";"155776697";"A01";"1";"7";"0";"0";"0";"0";"1";""
"202400002925";"155776695";"A01";"1";"7";"13";"0";"0";"1";"1";""
"202400002926";"155776694";"B01";"1";"7";"0";"2";"0";"0";"1";""
"202400002926";"155776696";"A01";"1";"30";"0";"2";"1";"1";"1";""
"202400002927";"155776693";"A01";"1";"7";"13";"0";"0";"1";"1";""
"202400002928";"155776692";"A01";"1";"7";"16";"0";"2";"10";"1";""
"202400002929";"155776690";"A01";"2";"2";"0";"2";"4";"1";"1";""
"202400002929";"155776691";"B01";"2";"7";"0";"2";"2";"2";"1";""
"202400002930";"155776688";"A01";"2";"7";"2";"0";"2";"14";"1";""
"202400002931";"155776687";"A01";"1";"7";"0";"2";"1";"15";"1";""
"202400002931";"155776689";"B01";"1";"1";"0";"2";"8";"1";"5";""
"202400002932";"155776686";"A01";"1";"7";"16";"0";"9";"0";"1";""
"202400002933";"155776684";"A01";"1";"7";"0";"2";"1";"13";"1";""
"202400002933";"155776685";"B01";"2";"15";"0";"2";"1";"21";"1";""
"202400002934";"155776683";"A01";"1";"20";"8";"0";"7";"13";"1";""
"202400002935";"155776680";"B01";"3";"10";"0";"2";"3";"0";" -1";""
"202400002935";"155776682";"A01";"3";"30";"0";"2";"3";"15";" -1";""
"202400002936";"155776681";"A01";"3";"10";"10";"0";"2";"26";"0";""
"202400002937";"155776677";"A01";"3";"7";"0";"2";"3";"13";"1";""
"202400002937";"155776679";"B01";"3";"7";"0";"2";"0";"0";"3";""
"202400002938";"155776676";"A01";"0";"7";"0";"2";"1";"19";"1";""
"202400002938";"155776678";"B01";"1";"7";"0";"2";"2";"1";"1";""
"202400002939";"155776673";"A01";"2";"7";"0";"2";"3";"1";"1";""
"202400002939";"155776675";"B01";"1";"7";"0";"2";"3";"1";"1";""
"202400002940";"155776671";"A01";"2";"7";"8";"0";"1";"1";"1";""
"202400002941";"155776669";"A01";"1";"7";"13";"0";"1";"1";"1";""
"202400002942";"155776667";"A01";"1";"7";"0";"2";"1";"2";"1";""
"202400002942";"155776668";"C01";"1";"7";"0";"2";"4";"2";"1";""
"202400002943";"155776666";"A01";"2";"7";"0";"0";"2";"0";"1";""
"202400002944";"155776664";"A01";"2";"7";"3";"0";"1";"2";"1";""
"202400002945";"155776663";"A01";"2";"7";"0";"2";"3";"1";"1";""
"202400002945";"155776665";"B01";"1";"10";"0";"2";"3";"1";"1";""
"202400002946";"155776660";"A01";"2";"7";"0";"2";"1";"2";"3";""
"202400002946";"155776662";"B01";"2";"7";"0";"0";"4";"1";"1";""
"202400002947";"155776659";"A01";"3";"33";"0";"2";"1";"2";"1";""
"202400002947";"155776661";"B01";"3";"7";"0";"2";"6";"15";"1";""
"202400002948";"155776657";"A01";"0";"7";"2";"1";"3";"1";"1";""
"202400002949";"155776656";"A01";"1";"7";"0";"2";"0";"2";"1";""
"202400002949";"155776658";"B01";"1";"50";"0";"2";"4";"0";"3";""
"202400002950";"155776654";"A01";"0";"10";"0";"2";"1";"1";"1";""
"202400002950";"155776655";"B01";"0";"7";"0";"2";"1";"13";"1";""
"202400002951";"155776651";"A01";"0";"10";"0";"1";"4";"4";"1";""
"202400002952";"155776650";"A01";"3";"7";"0";"2";"1";"2";"1";""
"202400002952";"155776652";"B01";"3";"7";"0";"2";"4";"2";"1";""
"202400002952";"155776653";"C01";"3";"7";"0";"2";"4";"2";"1";""
"202400002953";"155776649";"A01";"2";"7";"4";"0";"3";"11";"1";""
"202400002954";"155776648";"A01";"3";"7";"0";"1";"1";"16";"1";""
"202400002955";"155776645";"A01";"1";"32";"5";"0";"2";"0";"1";""
"202400002956";"155776644";"A01";"2";"7";"0";"2";"3";"13";"1";""
"202400002956";"155776646";"B01";"1";"10";"0";"2";"3";"1";"1";""
"202400002957";"155776640";"A01";"2";"7";"0";"2";"3";"19";"1";""
"202400002957";"155776642";"B01";"2";"7";"0";"2";"1";"1";"1";""
"202400002958";"155776639";"A01";"2";"7";"13";"2";"9";"2";"1";""
"202400002958";"155776641";"C01";"2";"7";"0";"2";"0";"1";"1";""
"202400002958";"155776643";"B01";"2";"7";"0";"2";"6";"1";"2";""
"202400002959";"155776636";"B01";"1";"33";"0";"2";"1";"1";"1";""
"202400002959";"155776638";"A01";"2";"10";"0";"0";"8";"19";"1";""
"202400002960";"155776635";"A01";"1";"3";"0";"2";"1";"13";"1";""
"202400002960";"155776637";"B01";"2";"14";"0";"2";"2";"1";"1";""
"202400002961";"155776633";"A01";"2";"33";"4";"0";"2";"1";"1";""
"202400002962";"155776632";"B01";"0";"7";"0";"2";"3";"23";"1";""
"202400002962";"155776634";"A01";"2";"7";"0";"0";"2";"19";"1";""
"202400002963";"155776630";"A01";"2";"7";"0";"1";"3";"0";"1";""
"202400002964";"155776631";"A01";"3";"7";"2";"0";"1";"0";"1";""
"202400002965";"155776627";"A01";"3";"7";"0";"2";"1";"15";"1";""
"202400002965";"155776629";"B01";"1";"33";"0";"0";"7";"1";"1";""
"202400002966";"155776625";"A01";"2";"7";"0";"2";"1";"11";"1";""
"202400002966";"155776626";"B01";"1";"7";"0";"2";"1";"1";"1";""
"202400002966";"155776628";"C01";"1";"7";"0";"2";"3";"1";"1";""
"202400002967";"155776624";"A01";"3";"7";"0";"0";"9";"1";"1";""
"202400002968";"155776622";"A01";"1";"7";"8";"0";"1";"1";"1";""
"202400002969";"155776621";"A01";"1";"7";"0";"1";"1";"1";"1";""
"202400002970";"155776623";"A01";"3";"33";"0";"0";"1";"26";"0";""
"202400002971";"155776617";"A01";"2";"10";"0";"2";"1";"15";"1";""
"202400002971";"155776618";"B01";"1";"2";"0";"2";"3";"15";"1";""
"202400002972";"155776616";"B01";"1";"1";"0";"2";"7";"1";"5";""
"202400002972";"155776619";"A01";"1";"7";"0";"2";"1";"9";"1";""
"202400002973";"155776615";"A01";"1";"2";"1";"0";"1";"17";"1";""
"202400002974";"155776613";"B01";"1";"7";"0";"2";"1";"2";"1";""
"202400002974";"155776614";"A01";"1";"17";"0";"0";"7";"16";"1";""
"202400002975";"155776612";"A01";"2";"7";"3";"0";"1";"13";" -1";""
"202400002976";"155776611";"A01";"2";"7";"4";"0";"3";"1";"1";""
"202400002977";"155776609";"A01";"3";"1";"0";"2";"8";"1";"5";""
"202400002977";"155776610";"B01";"3";"7";"0";"2";"3";"15";"0";""
"202400002978";"155776608";"A01";"2";"7";"4";"0";"2";"1";"1";""
"202400002979";"155776607";"A01";"2";"7";"0";"0";"9";"1";"1";""
"202400002980";"155776604";"B01";"1";"17";"0";"2";"2";"1";"1";""
"202400002980";"155776605";"C01";"1";"7";"0";"2";"4";"11";"1";""
"202400002980";"155776606";"A01";"1";"10";"0";"2";"4";"11";"1";""
"202400002981";"155776602";"A01";"1";"7";"0";"4";"8";"15";" -1";""
"202400002981";"155776603";"B01";"1";"40";"0";"2";"2";"1";" -1";""
"202400002982";"155776599";"A01";"1";"7";"0";"2";"3";"1";"1";""
"202400002982";"155776601";"B01";"1";"7";"0";"2";"4";"1";"1";""
"202400002983";"155776598";"A01";"1";"7";"0";"0";"8";"19";"1";""
"202400002983";"155776600";"B01";"2";"33";"0";"0";"1";"17";"1";""
"202400002984";"155776597";"A01";"1";"33";"6";"0";"1";"26";"1";""
"202400002985";"155776595";"A01";"2";"2";"0";"2";"1";"1";"1";""
"202400002985";"155776596";"B01";"2";"15";"0";"2";"4";"26";"1";""
"202400002986";"155776594";"A01";"2";"7";"0";"2";"1";"0";"1";""
"202400002987";"155776592";"A01";"1";"7";"0";"2";"2";"14";"1";""
"202400002987";"155776593";"B01";"1";"7";"0";"2";"6";"2";"1";""
"202400002988";"155776590";"A01";"1";"7";"4";"0";"1";"26";"1";""
"202400002989";"155776591";"A01";"2";"7";"0";"2";"1";"1";"1";""
"202400002990";"155776588";"A01";"2";"7";"4";"2";"4";"1";"1";""
"202400002990";"155776589";"B01";"2";"33";"4";"2";"1";"1";"1";""
"202400002991";"155776585";"A01";"2";"7";"13";"2";"3";"0";"1";""
"202400002991";"155776587";"B01";"1";"7";"13";"2";"3";"1";"1";""
"202400002992";"155776586";"A01";"1";"7";"3";"0";"2";"14";"1";""
"202400002993";"155776583";"A01";"1";"7";"0";"2";"1";"1";"1";""
"202400002993";"155776584";"B01";"1";"7";" -1";" -1";" -1";"0";" -1";""
"202400002994";"155776578";"C01";"1";"10";"0";"2";"4";"15";"1";""
"202400002994";"155776579";"A01";"1";"7";"0";"2";"1";"1";"1";""
"202400002994";"155776581";"B01";"1";"7";"0";"2";"4";"2";"1";""
"202400002995";"155776576";"B01";"1";"7";"1";"0";"1";"2";"1";""
"202400002995";"155776577";"A01";"1";"7";"0";"2";"4";"23";"0";""
"202400002996";"155776580";"B01";"2";"7";"0";"2";"4";"2";"1";""
"202400002996";"155776582";"A01";"2";"7";"0";"2";"1";"2";"1";""
"202400002997";"155776574";"A01";"1";"7";"0";"0";"0";"15";"1";""
"202400002998";"155776573";"B01";"0";"10";"0";"2";"3";"1";"1";""
"202400002998";"155776575";"A01";"2";"7";"0";"2";"1";"1";"1";""
"202400002999";"155776571";"A01";"2";"7";"0";"2";"1";"0";"1";""
"202400002999";"155776572";"B01";"2";"15";"9";"2";"4";"23";"1";""
"202400003000";"155776567";"A01";"1";"7";"0";"2";"3";"13";"1";""
"202400003000";"155776568";"B01";"2";"7";"0";"2";"1";"1";"1";""
"202400003001";"155776566";"A01";"2";"7";"0";"2";"1";"2";"1";""
"202400003001";"155776569";"B01";"2";"7";"0";"2";"1";"2";"1";""
"202400003001";"155776570";"C01";"2";"7";"0";"2";"4";"2";"1";""
"202400003002";"155776565";"A01";"1";"7";"0";"0";"1";"1";"1";""
"202400003003";"155776563";"A01";"2";"10";"0";"2";"6";"11";"1";""
"202400003003";"155776564";"B01";"1";"31";"0";"2";"8";"0";"3";""
"202400003004";"155776561";"A01";"1";"2";"0";"2";"2";"2";"1";""
"202400003004";"155776562";"B01";"1";"7";"0";"2";"7";"1";"1";""
"202400003005";"155776559";"A01";"1";"33";"0";"2";"1";"17";"1";""
"202400003005";"155776560";"B01";"1";"7";"0";"2";"4";"15";"1";""
"202400003006";"155776557";"B01";"1";"7";"0";"2";"5";"0";"1";""
"202400003006";"155776558";"A01";"1";"50";"0";"2";"8";"13";"3";""
"202400003007";"155776556";"A01";"1";"7";"0";"1";"1";"0";"1";""
"202400003008";"155776553";"A01";"1";"7";"14";"2";"4";"26";"1";""
"202400003008";"155776554";"B01";"1";"7";"14";"0";"4";"2";"1";""
"202400003009";"155776552";"B01";"1";"7";"0";"2";"5";"16";"1";""
"202400003009";"155776555";"A01";"1";"2";"0";"2";"8";"18";"1";""
"202400003010";"155776551";"A01";"1";"0";"0";"0";"0";"26";"0";""
"202400003011";"155776550";"A01";"2";"50";"0";"1";"8";"13";"3";""
"202400003012";"155776548";"A01";"2";"7";"0";"2";"7";"15";"2";""
"202400003012";"155776549";"B01";"1";"7";"0";"2";"0";"0";"1";""
"202400003013";"155776546";"B01";"1";"1";"0";"2";"2";"1";"5";""
"202400003013";"155776547";"A01";"1";"14";"0";"2";"2";"16";"1";""
"202400003014";"155776545";"A01";"1";"7";"0";"0";"2";"14";"1";""
"202400003015";"155776542";"A01";"1";"7";"0";"0";"1";"13";"1";""
"202400003015";"155776544";"B01";"1";"7";"0";"2";"0";"5";"0";""
"202400003016";"155776541";"A01";"1";"34";"0";"2";"1";"26";"1";""
"202400003016";"155776543";"B01";"2";"7";"0";"2";"3";"2";"1";""
"202400003017";"155776539";"B01";"1";"7";"0";"2";"2";"1";"1";""
"202400003017";"155776540";"A01";"1";"33";"0";"2";"4";"18";"1";""
"202400003018";"155776537";"B01";"1";"7";"0";"2";"6";"13";"2";""
"202400003018";"155776538";"AA01";"1";"32";"0";"2";"2";"2";"1";""
"202400003019";"155776536";"A01";"1";"7";"0";"1";"6";"20";"1";""
"202400003020";"155776533";"A01";"2";"31";"0";"2";"5";"3";"0";""
"202400003020";"155776535";"B01";"2";"7";"0";"2";"2";"15";"1";""
"202400003021";"155776531";"B01";"1";"7";"0";"2";"1";"15";"2";""
"202400003021";"155776534";"A01";"2";"0";"0";"2";"1";"1";"0";""
"202400003022";"155776530";"A01";"1";"7";"0";"9";"3";"2";"1";""
"202400003022";"155776532";"B01";"1";"1";"0";"2";"5";"2";"5";""
"202400003023";"155776527";"B01";"2";"32";"0";"2";"8";"1";"1";""
"202400003023";"155776529";"A01";"2";"7";"0";"2";"6";"15";"2";""
"202400003024";"155776525";"A01";"2";"7";"0";"0";"5";"2";"2";""
"202400003024";"155776526";"B01";"2";"7";"0";"2";"3";"2";"1";""
"202400003024";"155776528";"C01";"2";"7";"0";"2";"2";"2";"1";""
"202400003025";"155776524";"A01";"2";"7";"0";"1";"1";"0";"1";""
"202400003026";"155776522";"A01";"1";"7";"0";"2";"3";"2";"1";""
"202400003026";"155776523";"B01";"2";"32";"0";"2";"4";"2";"1";""
"202400003027";"155776521";"A01";"1";"7";"0";"1";"2";"1";"1";""
"202400003028";"155776519";"A01";"1";"7";"13";"2";"6";"9";"1";""
"202400003028";"155776520";"B01";"1";"7";"0";"2";"2";"13";"1";""
"202400003029";"155776517";"A01";"3";"7";"9";"0";"3";"9";"1";""
"202400003029";"155776518";"B01";"3";"7";"9";"2";"1";"9";"1";""
"202400003030";"155776516";"A01";"1";"10";"0";"1";"1";"26";"1";""
"202400003031";"155776514";"A01";"0";"10";"0";"2";"3";"15";"1";""
"202400003031";"155776515";"B01";"0";"33";"0";"2";"1";"1";"1";""
"202400003032";"155776512";"A01";"1";"7";"0";"9";"1";"1";"1";""
"202400003033";"155776511";"B01";"2";"7";"0";"2";"3";"1";"1";""
"202400003033";"155776513";"A01";"1";"10";"0";"2";"3";"0";"1";""
"202400003034";"155776510";"A01";"1";"7";"0";"1";"1";"13";"1";""
"202400003035";"155776506";"A01";"2";"7";"0";"2";"2";"12";"1";""
"202400003035";"155776508";"B01";"2";"33";"0";"2";"8";"3";"1";""
"202400003036";"155776504";"A01";"3";"36";"0";"2";"6";"1";"1";""
"202400003036";"155776505";"B01";"3";"7";"0";"2";"1";"1";"1";""
"202400003037";"155776500";"A01";"2";"33";"0";"2";"1";"3";"0";""
"202400003037";"155776503";"B01";"2";"7";"0";"2";"5";"1";"0";""
"202400003038";"155776499";"B01";"0";"1";"0";"2";"1";"1";"5";""
"202400003038";"155776502";"A01";"0";"7";"0";"2";"8";"26";"1";""
"202400003039";"155776498";"A01";"3";"2";"0";"2";"0";"10";"1";""
"202400003039";"155776501";"B01";"3";"33";"0";"2";"0";"1";"1";""
"202400003040";"155776495";"B01";"1";"33";"0";"2";"8";"3";"1";""
"202400003040";"155776497";"A01";"1";"7";"0";"2";"5";"12";"1";""
"202400003041";"155776493";"A01";"1";"10";"0";"2";"1";"1";"1";""
"202400003041";"155776496";"B01";"1";"1";"0";"2";"4";"2";"5";""
"202400003042";"155776492";"B01";"2";"7";"0";"2";"3";"1";"1";""
"202400003042";"155776494";"A01";"1";"33";"0";"2";"3";"26";"1";""
"202400003043";"155776489";"A01";"1";"7";"12";"0";"2";"26";"1";""
"202400003044";"155776490";"A01";"1";"7";"14";"0";"1";"0";"1";""
"202400003044";"155776491";"B01";"1";"10";"0";"0";"4";"0";"1";""
"202400003045";"155776488";"A01";"1";"30";"0";"1";"1";"1";"1";""
"202400003046";"155776484";"Z01";"1";"1";"0";"2";"1";"26";"5";""
"202400003046";"155776487";"A01";"1";"10";"0";"2";"7";"1";"1";""
"202400003047";"155776483";"A01";"3";"7";"0";"2";"1";"9";"1";""
"202400003047";"155776486";"B01";"3";"2";"0";"2";"2";"26";"1";""
"202400003048";"155776482";"B01";"1";"10";"4";"2";"4";"1";"1";""
"202400003048";"155776485";"A01";"1";"20";"4";"2";"1";"1";"1";""
"202400003049";"155776478";"A01";"3";"7";"0";"2";"2";"2";"1";""
"202400003049";"155776481";"B01";"3";"2";"0";"2";"9";"2";"1";""
"202400003050";"155776477";"A01";"3";"17";"0";"2";"5";"1";"0";""
"202400003050";"155776480";"B01";"3";"1";"0";"2";"6";"23";"5";""
"202400003051";"155776476";"A01";"2";"7";"0";"2";"1";"1";"1";""
"202400003051";"155776479";"B01";"2";"10";"0";"2";"4";"1";"1";""
"202400003052";"155776475";"A01";"1";"7";"0";"1";"2";"1";"1";""
"202400003053";"155776472";"A01";"1";"10";"0";"2";"1";"2";"1";""
"202400003053";"155776473";"B01";"1";"10";"0";"2";"4";"2";"1";""
"202400003054";"155776471";"A01";"1";"7";"0";"2";"1";"9";"1";""
"202400003054";"155776474";"B01";"1";"7";"0";"2";"4";"1";"1";""
"202400003055";"155776469";"A01";"1";"7";"0";"2";"3";"0";"1";""
"202400003055";"155776470";"B01";"0";"7";"0";"0";"0";"0";"1";""
"202400003056";"155776463";"A01";"0";"7";"0";"1";"2";"26";"1";""
"202400003057";"155776464";"A01";"2";"33";"0";"2";"1";"3";"1";""
"202400003057";"155776466";"B01";"2";"10";"0";"2";"5";"1";"1";""
"202400003057";"155776468";"C01";"2";"15";"0";"2";"0";"1";"1";""
"202400003058";"155776465";"A01";"3";"1";"0";"2";"3";"13";"0";""
"202400003058";"155776467";"B01";"3";"37";"0";"2";"2";"2";"0";"1"
"202400003059";"155776461";"A01";"1";"7";"0";"2";"6";"16";"2";""
"202400003059";"155776462";"B01";"1";"7";"0";"2";"1";"1";"1";""
"202400003060";"155776458";"A01";"1";"7";"0";"1";"3";"15";"1";""
"202400003061";"155776459";"A01";"1";"7";"1";"2";"1";"1";"1";""
"202400003061";"155776460";"B01";"1";"7";"0";"2";"4";"24";"1";""
"202400003062";"155776455";"A01";"2";"33";"0";"2";"2";"21";"1";""
"202400003062";"155776457";"B01";"2";"7";"0";"2";"6";"0";"1";""
"202400003063";"155776448";"A01";"2";"7";"14";"0";"2";"15";"1";""
"202400003064";"155776445";"A01";"3";"7";"3";"2";"0";"21";"1";""
"202400003064";"155776449";"E01";"1";"1";"0";"2";"0";"1";"5";""
"202400003064";"155776451";"B01";"1";"1";"0";"2";"0";"1";"5";""