"Num_Acc";"id_vehicule";"num_veh";"senc";"catv";"obs";"obsm";"choc";"manv";"motor";"occutc"
"202400003064";"155776453";"C01";"1";"1";"0";"2";"0";"1";"5";""
"202400003064";"155776456";"D01";"1";"1";"0";"2";"0";"1";"5";""
"202400003065";"155776446";"B01";"1";"7";"0";"2";"6";"15";"1";""
"202400003065";"155776450";"A01";"2";"33";"0";"2";"1";"1";"1";""
"202400003066";"155776444";"B01";"1";"7";"0";"2";"2";"1";"1";""
"202400003066";"155776447";"A01";"1";"7";"0";"2";"8";"9";"2";""
"202400003067";"155776442";"A01";"1";"7";"0";"2";"3";"20";"2";""
"202400003067";"155776443";"B01";"1";"7";"0";"9";"3";"1";"1";""
"202400003068";"155776440";"A01";"3";"33";"0";"0";"0";"1";"1";""
"202400003069";"155776438";"A01";"2";"7";"0";"4";"8";"15";"1";""
"202400003069";"155776441";"B01";"2";"40";"0";"2";"2";"1";"3";""
"202400003070";"155776439";"A01";"3";"7";"0";"1";"8";"4";"1";""
"202400003071";"155776435";"B01";"0";"7";"0";"2";"8";"1";"1";""
"202400003071";"155776437";"A01";"0";"7";"0";"2";"1";"9";"1";""
"202400003072";"155776433";"A01";"3";"7";"0";"1";"2";"20";"2";""
"202400003073";"155776434";"A01";"2";"7";"0";"2";"7";"9";"1";""
"202400003073";"155776436";"B01";"2";"50";"0";"2";"8";"2";"3";""
"202400003074";"155776432";"A01";"3";"33";"0";"9";"1";"0";"1";""
"202400003075";"155776430";"A01";"3";"7";"2";"0";"1";"1";"1";""
"202400003076";"155776428";"A01";"1";"7";"0";"2";"2";"9";"1";""
"202400003076";"155776431";"B01";"1";"7";"0";"2";"4";"1";"1";""
"202400003077";"155776426";"A01";"1";"7";"0";"2";"1";"9";"1";""
"202400003077";"155776429";"B01";"2";"50";"0";"2";"8";"5";"3";""
"202400003078";"155776424";"A01";"1";"7";"0";"2";"5";"1";"1";""
"202400003078";"155776427";"B01";"1";"7";"0";"2";"1";"15";"2";""
"202400003079";"155776422";"A01";"1";"7";"0";"2";"3";"15";"3";""
"202400003079";"155776423";"B01";"0";"60";"0";"2";"1";"1";"5";""
"202400003080";"155776421";"A01";"1";"7";"0";"2";"1";"2";"1";""
"202400003080";"155776425";"B01";"1";"10";"13";"0";"4";"2";"1";""
"202400003081";"155776419";"B01";"2";"31";"0";"2";"1";"3";"1";""
"202400003081";"155776420";"A01";"2";"10";"0";"2";"3";"15";"1";""
"202400003082";"155776416";"A01";"2";"7";"0";"2";"1";"0";"2";""
"202400003082";"155776418";"B01";"2";"7";"0";"0";"8";"0";"1";""
"202400003083";"155776414";"A01";"1";"7";"0";"1";"1";"1";"1";""
"202400003084";"155776412";"A01";"1";"7";"1";"2";"7";"17";"1";""
"202400003084";"155776415";"C01";"1";"7";"0";"2";"8";"24";"1";""
"202400003084";"155776417";"B01";"1";"7";"0";"2";"8";"1";"1";""
"202400003085";"155776411";"B01";"1";"7";"0";"2";"7";"1";"1";""
"202400003085";"155776413";"A01";"1";"7";"0";"2";"1";"1";"1";""
"202400003086";"155776409";"A01";"2";"50";"0";"1";"1";"1";"3";""
"202400003087";"155776407";"A01";"1";"7";"0";"2";"1";"2";"1";""
"202400003087";"155776408";"B01";"1";"7";"0";"2";"4";"1";"1";""
"202400003088";"155776406";"A01";"2";"2";"0";"2";"1";"17";"1";""
"202400003088";"155776410";"B01";"2";"10";"0";"2";"8";"11";"1";""
"202400003089";"155776405";"A01";"1";"7";"0";"1";"7";"1";"1";""
"202400003090";"155776404";"A01";"2";"30";"8";"2";"0";"2";"1";""
"202400003091";"155776403";"A01";"3";"7";"6";"0";"1";"0";"1";""
"202400003092";"155776399";"B01";"2";"7";"0";"2";"2";"1";"1";""
"202400003092";"155776401";"A01";"1";"7";"0";"2";"5";"4";"1";""
"202400003093";"155776400";"A01";"2";"7";"0";"2";"7";"15";"1";""
"202400003093";"155776402";"B01";"1";"80";"0";"2";"1";"1";"3";""
"202400003094";"155776397";"A01";"3";"7";"0";"1";"1";"0";"1";""
"202400003095";"155776394";"A01";"1";"7";"0";"1";"1";"26";"1";""
"202400003096";"155776395";"Z01";"3";"7";"0";"1";"2";"0";"1";""
"202400003097";"155776396";"B01";"2";"31";"0";"2";"1";"1";"1";""
"202400003097";"155776398";"A01";"2";"7";"0";"2";"2";"9";"1";""
"202400003098";"155776388";"B01";"1";"33";"0";"2";"2";"13";"1";""
"202400003098";"155776391";"A01";"2";"7";"0";"2";"1";"15";"1";""
"202400003099";"155776390";"B01";"3";"7";"0";"2";"8";"15";"1";""
"202400003099";"155776392";"A01";"3";"33";"0";"2";"1";"17";"1";""
"202400003100";"155776389";"B01";"0";"50";"0";"2";"3";"2";"3";""
"202400003100";"155776393";"A01";"0";"10";"0";"2";"2";"2";"1";""
"202400003101";"155776387";"A01";"1";"7";"3";"0";"0";"1";"1";""
"202400003102";"155776384";"A01";"2";"7";"0";"2";"7";"15";"1";""
"202400003102";"155776386";"B01";"1";"33";"0";"2";"1";"1";"1";""
"202400003103";"155776381";"A01";"0";"7";"0";"1";"1";"15";"1";""
"202400003104";"155776383";"A01";"1";"7";"0";"2";"1";"1";"1";""
"202400003104";"155776385";"B01";"1";"7";"15";"2";"7";"1";"1";""
"202400003105";"155776379";"A01";"2";"7";"0";"1";"3";"26";"1";""
"202400003106";"155776378";"A01";"0";"7";"0";"0";"8";"1";"1";""
"202400003107";"155776375";"C01";"1";"7";"0";"2";"4";"1";"1";""
"202400003107";"155776376";"B01";"1";"7";"0";"2";"4";"2";"1";""
"202400003107";"155776377";"A01";"1";"10";"0";"2";"1";"2";"3";""
"202400003108";"155776372";"B01";"1";"50";"0";"2";"1";"15";"3";""
"202400003108";"155776373";"A01";"1";"7";"0";"2";"2";"1";"1";""
"202400003109";"155776371";"A01";"2";"33";"0";"2";"1";"1";"1";""
"202400003109";"155776374";"B01";"1";"7";"0";"2";"2";"21";"2";""
"202400003110";"155776369";"B01";"3";"7";"0";"2";"2";"9";"1";""
"202400003110";"155776370";"A01";"0";"7";"0";"2";"3";"1";"1";""
"202400003111";"155776366";"A01";"3";"10";"6";"1";"4";"26";"1";""
"202400003112";"155776363";"B01";"2";"32";"0";"0";"0";"0";"1";""
"202400003112";"155776365";"A01";"1";"10";"0";"2";"3";"13";"1";""
"202400003113";"155776364";"A01";"2";"7";"0";"2";"1";"1";"1";""
"202400003113";"155776367";"B01";"2";"7";"0";"2";"1";"1";"1";""
"202400003113";"155776368";"C01";"2";"7";"0";"2";"4";"23";"1";""
"202400003114";"155776361";"A01";"1";"7";"2";"0";"2";"1";"1";""
"202400003115";"155776360";"A01";"1";"7";"0";"0";"1";"0";"0";""
"202400003116";"155776359";"B01";"1";"1";"0";"2";"3";"23";"5";""
"202400003116";"155776362";"A01";"2";"7";"0";"2";"3";"15";"1";""
"202400003117";"155776357";"A01";"2";"33";"0";"2";"0";"26";"1";""
"202400003117";"155776358";"B01";"1";"7";"0";"0";"8";"1";"1";""
"202400003118";"155776352";"A01";"3";"7";"0";"2";"1";"9";"1";""
"202400003118";"155776354";"B01";"0";"1";"0";"2";"7";"0";"5";""
"202400003119";"155776351";"B01";"1";"31";"0";"2";"7";"1";"1";""
"202400003119";"155776356";"A01";"1";"7";"0";"2";"2";"9";"1";""
"202400003120";"155776353";"B01";"0";"7";"0";"2";"0";"0";"1";""
"202400003120";"155776355";"A01";"0";"32";"0";"0";"0";"0";"1";""
"202400003121";"155776350";"A01";"1";"7";"0";"1";"1";"1";"1";""
"202400003122";"155776349";"A01";"1";"7";"0";"1";"1";"0";"1";""
"202400003123";"155776348";"A01";"1";"7";"2";"0";"0";"1";"1";""
"202400003124";"155776346";"A01";"3";"50";"0";"2";"3";"19";"3";""
"202400003124";"155776347";"B01";"1";"14";"0";"2";"1";"1";"1";""
"202400003125";"155776345";"A01";"3";"1";"13";"0";"1";"25";"5";""
"202400003126";"155776342";"A01";"2";"7";"0";"2";"2";"1";"1";""
"202400003126";"155776344";"B01";"2";"7";"0";"2";"3";"9";"1";""
"202400003127";"155776341";"A01";"2";"7";"0";"2";"8";"1";"1";""
"202400003127";"155776343";"B01";"1";"7";"0";"2";"1";"1";"1";""
"202400003128";"155776338";"B01";"1";"7";"7";"2";"2";"1";"2";""
"202400003128";"155776339";"A01";"1";"7";"0";"2";"3";"11";"1";""
"202400003129";"155776333";"A01";"1";"7";"0";"2";"6";"2";"1";""
"202400003129";"155776336";"B01";"1";"10";"0";"2";"1";"2";"1";""
"202400003130";"155776334";"A01";"2";"7";"0";"2";"1";"1";"1";""
"202400003130";"155776340";"B01";"2";"7";"0";"2";"3";"1";"1";""
"202400003131";"155776335";"B01";"1";"33";"0";"2";"1";"1";"1";""
"202400003131";"155776337";"A01";"2";"7";"0";"2";"8";"15";"1";""
"202400003132";"155776332";"A01";"2";"10";"0";"1";"1";"15";"1";""
"202400003133";"155776330";"A01";"2";"7";"0";"1";"4";"21";"1";""
"202400003134";"155776331";"A01";"1";"7";"3";"0";"1";"1";"2";""
"202400003135";"155776326";"A01";"1";"7";"2";"0";"1";"13";"1";""
"202400003136";"155776322";"A01";"2";"7";"0";"2";"1";"1";"1";""
"202400003136";"155776325";"B01";"2";"7";"0";"2";"4";"1";"1";""
"202400003136";"155776328";"C01";"2";"7";"0";"2";"4";"1";"1";""
"202400003136";"155776329";"D01";"2";"7";"0";"2";"4";"1";"1";""
"202400003137";"155776320";"A01";"3";"33";"0";"2";"1";"1";"1";""
"202400003137";"155776323";"B01";"2";"7";"0";"2";"5";"15";"1";""
"202400003138";"155776319";"B01";"3";"7";"0";"2";"8";"1";"1";""
"202400003138";"155776321";"C01";"3";"7";"0";"2";"1";"1";"3";""
"202400003138";"155776324";"A01";"3";"7";"0";"2";"1";"1";"1";""
"202400003138";"155776327";"D01";"3";"7";"0";"2";"1";"1";"3";""
"202400003139";"155776316";"A01";"1";"31";"0";"2";"1";"1";"1";""
"202400003139";"155776318";"B01";"1";"1";"0";"2";"0";"0";"5";""
"202400003140";"155776315";"B01";"2";"80";"0";"2";"1";"1";"2";""
"202400003140";"155776317";"A01";"2";"3";"0";"9";"7";"16";"1";""
"202400003141";"155776313";"B01";"2";"7";"0";"2";"2";"1";"1";""
"202400003141";"155776314";"A01";"1";"10";"0";"2";"2";"13";"1";""
"202400003142";"155776310";"A01";"3";"7";"0";"9";"1";"26";"1";""
"202400003142";"155776311";"B01";"3";"60";"0";"2";"1";"19";"5";""
"202400003143";"155776309";"B01";"1";"7";"0";"2";"5";"2";"1";""
"202400003143";"155776312";"A01";"1";"7";"0";"2";"3";"2";"1";""
"202400003144";"155776306";"A01";"2";"7";"0";"2";"7";"15";"1";""
"202400003144";"155776307";"B01";"1";"1";"0";"2";"1";"1";"5";""
"202400003145";"155776304";"A01";"2";"7";"0";"9";"3";"1";"1";""
"202400003145";"155776308";"B01";"2";"1";"0";"2";"2";"15";"5";""
"202400003146";"155776302";"A01";"2";"30";"0";"2";"1";"2";"1";""
"202400003146";"155776303";"B01";"2";"7";"0";"2";"4";"23";"1";""
"202400003147";"155776300";"B01";"2";"7";"0";"9";"1";"16";"1";""
"202400003147";"155776305";"Z01";"2";"7";"0";"9";"1";"16";"1";""
"202400003148";"155776297";"B01";"3";"31";"0";"2";"1";"1";"1";""
"202400003148";"155776299";"A01";"3";"7";"0";"2";"3";"15";"2";""
"202400003149";"155776298";"A01";"3";"1";"0";"2";"1";"19";"5";""
"202400003149";"155776301";"B01";"3";"7";"0";"2";"2";"2";"1";""
"202400003150";"155776294";"A01";"1";"32";"0";"2";"1";"2";"1";""
"202400003150";"155776296";"B01";"3";"7";"0";"2";"4";"2";"1";""
"202400003151";"155776293";"A01";"1";"7";"0";"1";"2";"5";"1";""
"202400003152";"155776292";"B01";"1";"7";"0";"2";"2";"1";"1";""
"202400003152";"155776295";"A01";"2";"30";"0";"2";"1";"1";"1";""
"202400003153";"155776290";"B01";"3";"10";"0";"2";"4";"26";"1";""
"202400003153";"155776291";"A01";"3";"7";"1";"2";"4";"4";"1";""
"202400003154";"155776287";"A01";"1";"14";"0";"2";"6";"12";"0";""
"202400003154";"155776289";"B01";"1";"7";"0";"2";"6";"1";"1";""
"202400003155";"155776285";"A01";"2";"14";"0";"2";"1";"1";"1";""
"202400003155";"155776288";"B01";"1";"17";"0";"2";"3";"1";"1";""
"202400003156";"155776284";"A01";"1";"7";"0";"2";"2";"26";"1";""
"202400003156";"155776286";"B01";"1";"31";"0";"2";"8";"1";"1";""
"202400003157";"155776283";"A01";"3";"7";"0";"1";"2";"21";"1";""
"202400003158";"155776280";"A01";"3";"1";"0";"2";"3";"9";"5";""
"202400003158";"155776282";"B01";"2";"7";"0";"2";"2";"2";"1";""
"202400003159";"155776281";"A01";"1";"33";"6";"0";"1";"1";"1";""
"202400003160";"155776277";"A01";"3";"7";"0";"2";"1";"9";"2";""
"202400003160";"155776279";"B01";"3";"32";"0";"2";"7";"1";"1";""
"202400003161";"155776276";"A01";"3";"7";"0";"1";"1";"14";"1";""
"202400003162";"155776274";"C01";"1";"7";"0";"2";"3";"1";"1";""
"202400003162";"155776275";"A01";"2";"7";"0";"2";"3";"17";"1";""
"202400003162";"155776278";"B01";"2";"7";"0";"2";"3";"1";"1";""
"202400003163";"155776272";"B01";"1";"80";"0";"2";"1";"19";"3";""
"202400003163";"155776273";"A01";"2";"7";"0";"2";"0";"1";"1";""
"202400003164";"155776270";"A01";"3";"14";"0";"1";"1";"1";"1";""
"202400003165";"155776269";"A01";"2";"7";"0";"2";"1";"2";"1";""
"202400003165";"155776271";"B01";"2";"7";"0";"2";"4";"2";"1";""
"202400003166";"155776267";"A01";"1";"7";"0";"2";"3";"9";"1";""
"202400003166";"155776268";"B01";"1";"1";"0";"2";"1";"0";"5";""
"202400003167";"155776263";"B01";"0";"7";"0";"1";"1";"1";"1";""
"202400003168";"155776262";"A01";"1";"33";"0";"2";"1";"3";"1";""
"202400003168";"155776264";"B01";"1";"7";"0";"2";"5";"2";"2";""
"202400003169";"155776256";"B01";"1";"7";"0";"2";"2";"1";"1";""
"202400003169";"155776260";"A01";"2";"50";"0";"2";"1";"16";"3";""
"202400003170";"155776257";"A01";"2";"33";"3";"0";"2";"3";"1";""
"202400003170";"155776258";"B01";"2";"10";"0";"2";"6";"11";"1";""
"202400003171";"155776254";"A01";"0";"10";"0";"2";"1";"2";"1";""
"202400003171";"155776255";"B01";"3";"7";"0";"2";"4";"2";"1";""
"202400003172";"155776251";"B01";"3";"1";"0";"2";"1";"1";"5";""
"202400003172";"155776253";"A01";"3";"7";"0";"2";"3";"9";"1";""
"202400003173";"155776252";"A01";"2";"10";"4";"0";"1";"1";"1";""
"202400003174";"155776250";"A01";"1";"3";"0";"1";"1";"1";"1";""
"202400003175";"155776249";"A01";"2";"33";"3";"0";"8";"1";"1";""
"202400003176";"155776245";"A01";"2";"50";"0";"1";"1";"13";"3";""
"202400003177";"155776244";"A01";"1";"7";"0";"2";"2";"9";"1";""
"202400003177";"155776247";"B01";"1";"7";"9";"2";"0";"1";"1";""
"202400003178";"155776243";"C01";"1";"10";"1";"0";"1";"1";"1";""
"202400003178";"155776246";"B01";"1";"7";"1";"0";"1";"1";"2";""
"202400003178";"155776248";"A01";"1";"7";"1";"0";"4";"23";"1";""
"202400003179";"155776240";"A01";"1";"30";"0";"2";"2";"15";"1";""
"202400003179";"155776242";"B01";"2";"32";"0";"2";"1";"1";"1";""
"202400003180";"155776239";"B01";"2";"7";"0";"2";"1";"1";"1";""
"202400003180";"155776241";"A01";"1";"7";"0";"2";"2";"15";"1";""
"202400003181";"155776237";"B01";"2";"33";"0";"2";"1";"3";"1";""
"202400003181";"155776238";"A01";"2";"7";"0";"2";"2";"12";"2";""
"202400003182";"155776234";"A01";"1";"10";"0";"2";"1";"1";"1";""
"202400003182";"155776236";"B01";"1";"7";"0";"2";"4";"1";"1";""
"202400003183";"155776233";"A01";"1";"2";"0";"2";"2";"17";"1";""
"202400003183";"155776235";"B01";"1";"7";"0";"2";"8";"15";"1";""
"202400003184";"155776231";"A01";"1";"37";"0";"1";"1";"1";"1";"1"
"202400003185";"155776230";"B01";"2";"43";"0";"2";"8";"1";"1";""
"202400003185";"155776232";"A01";"2";"7";"0";"2";"2";"12";"1";""
"202400003186";"155776227";"B01";"1";"7";"0";"2";"8";"11";"1";""
"202400003186";"155776229";"A01";"1";"32";"0";"2";"7";"1";"1";""
"202400003187";"155776226";"B01";"1";"7";"0";"2";"1";"2";"1";""
"202400003187";"155776228";"A01";"2";"7";"0";"2";"1";"13";"1";""
"202400003188";"155776224";"B01";"1";"7";"0";"2";"4";"1";"1";""
"202400003188";"155776225";"A01";"1";"7";"0";"2";"1";"1";"1";""
"202400003189";"155776222";"A01";"3";"30";"0";"1";"1";"7";"3";""
"202400003190";"155776221";"A01";"2";"50";"0";"2";"1";"1";"3";""
"202400003190";"155776223";"B01";"2";"7";"0";"2";"1";"1";"1";""
"202400003191";"155776220";"A01";"1";"33";"0";"0";"9";"26";"1";""
"202400003192";"155776216";"A01";"1";"10";"1";"0";"1";"20";"1";""
"202400003192";"155776217";"B01";"1";"10";"1";"2";"4";"24";"1";""
"202400003193";"155776214";"A01";"2";"30";"0";"1";"2";"1";"1";""
"202400003194";"155776215";"B01";"2";"7";"0";"2";"6";"1";"1";""
"202400003194";"155776218";"A01";"2";"7";"0";"2";"1";"17";"1";""
"202400003194";"155776219";"C01";"2";"33";"0";"2";"4";"1";"1";""
"202400003195";"155776211";"A01";"2";"7";"0";"2";"2";"15";"1";""
"202400003195";"155776213";"B01";"1";"7";"0";"2";"1";"1";"1";""
"202400003196";"155776210";"A01";"2";"3";"0";"2";"3";"13";"1";""
"202400003196";"155776212";"B01";"2";"7";"0";"2";"3";"1";"1";""
"202400003197";"155776209";"A01";"1";"33";"0";"0";"9";"21";"1";""
"202400003198";"155776207";"A01";"3";"7";"0";"2";"3";"26";"1";""
"202400003198";"155776208";"B01";"3";"1";"0";"2";"7";"1";"5";""
"202400003199";"155776205";"A01";"1";"7";"0";"2";"8";"9";"1";""
"202400003199";"155776206";"B01";"1";"10";"0";"2";"1";"1";"1";""
"202400003200";"155776204";"A01";"2";"7";"0";"1";"1";"19";"1";""
"202400003201";"155776200";"B01";"1";"17";"0";"2";"5";"1";"1";""
"202400003201";"155776202";"A01";"1";"7";"0";"2";"8";"11";"1";""
"202400003202";"155776201";"A01";"1";"7";"0";"1";"3";"0";"1";""
"202400003203";"155776198";"A01";"2";"7";"0";"1";"6";"18";"1";""
"202400003204";"155776199";"B01";"2";"7";"0";"2";"2";"19";"1";""
"202400003204";"155776203";"A01";"1";"7";"0";"2";"3";"1";"1";""
"202400003205";"155776193";"A01";"1";"37";"0";"2";"3";"1";"1";"2"
"202400003205";"155776194";"Z01";"1";"7";"0";"2";"2";"16";"2";""
"202400003206";"155776191";"A01";"1";"7";"14";"1";"4";"26";"0";""
"202400003207";"155776190";"A01";"2";"7";"0";"2";"1";"2";"1";""
"202400003207";"155776192";"B01";"2";"7";"0";"2";"4";"2";"1";""
"202400003208";"155776189";"A01";"2";"33";"0";"1";"2";"17";"1";""
"202400003209";"155776187";"A01";"0";"1";"0";"2";"1";"19";"5";""
"202400003209";"155776188";"B01";"0";"7";"0";"2";"8";"1";"1";""
"202400003210";"155776185";"A01";"2";"7";"0";"1";"0";"1";"1";""
"202400003211";"155776183";"B01";"2";"2";"0";"2";"3";"1";"3";""
"202400003211";"155776186";"A01";"1";"7";"0";"2";"3";"13";"1";""
"202400003212";"155776182";"B01";"3";"7";"0";"2";"2";"1";"1";""
"202400003212";"155776184";"A01";"3";"50";"0";"2";"5";"19";"3";""
"202400003213";"155776180";"A01";"1";"7";"0";"1";"2";"16";"1";""
"202400003214";"155776178";"B01";"1";"50";"0";"2";"6";"2";"3";""
"202400003214";"155776179";"Z01";"1";"10";"0";"2";"2";"2";"0";""
"202400003215";"155776177";"B01";"1";"30";"0";"2";"1";"16";"1";""
"202400003215";"155776181";"A01";"2";"7";"0";"2";"6";"15";"1";""
"202400003216";"155776175";"A01";"0";"10";"0";"2";"3";"2";"1";""
"202400003216";"155776176";"B01";"0";"37";"0";"2";"4";"1";"1";"1"
"202400003217";"155776173";"B01";"1";"1";"0";"2";"7";"1";"5";""
"202400003217";"155776174";"A01";"1";"10";"0";"2";"3";"1";"1";""
"202400003218";"155776171";"A01";"2";"30";"0";"2";"1";"14";"1";""
"202400003218";"155776172";"Z01";"2";"7";"0";"2";"1";"16";"1";""
"202400003219";"155776169";"A01";"1";"7";"0";"1";"1";"26";"1";""
"202400003220";"155776166";"A01";"1";"7";"0";"1";"1";"26";"1";""
"202400003220";"155776168";"B01";"2";"7";"0";"2";"4";"23";"2";""
"202400003221";"155776164";"A01";"1";"7";"0";"2";"0";"0";"1";""
"202400003221";"155776167";"C01";"1";"7";"0";"2";"0";"0";"1";""
"202400003221";"155776170";"B01";"1";"7";"0";"2";"0";"0";"1";""
"202400003222";"155776163";"Y01";"3";"1";"0";"0";"0";"1";"5";""
"202400003222";"155776165";"A01";"3";"7";"0";"9";"1";"9";"1";""
"202400003223";"155776160";"A01";"1";"10";"0";"1";"1";"16";"1";""
"202400003224";"155776161";"A01";"3";"1";"0";"2";"1";"1";"5";""
"202400003224";"155776162";"B01";"2";"7";"0";"9";"1";"1";"1";""
"202400003225";"155776159";"A01";"1";"1";"0";"0";"0";"1";"5";""
"202400003226";"155776157";"B01";"1";"7";"0";"2";"4";"1";"1";""
"202400003226";"155776158";"A01";"1";"7";"0";"2";"1";"2";"1";""
"202400003227";"155776154";"A01";"1";"7";"1";"0";"1";"7";"1";""
"202400003227";"155776156";"B01";"1";"37";"0";"2";"4";"23";"1";"1"
"202400003228";"155776153";"B01";"2";"7";"0";"2";"2";"1";"1";""
"202400003228";"155776155";"A01";"2";"30";"0";"2";"1";"1";"1";""
"202400003229";"155776149";"A01";"2";"50";"0";"1";"1";"1";"3";""
"202400003230";"155776143";"A01";"1";"7";"0";"2";"1";"13";"1";""
"202400003230";"155776144";"B01";"2";"1";"0";"2";"1";"1";"5";""
"202400003230";"155776146";"C01";"2";"1";"0";"2";"1";"1";"5";""
"202400003230";"155776147";"D01";"2";"1";"0";"2";"1";"1";"5";""
"202400003230";"155776148";"E01";"2";"1";"0";"2";"1";"1";"5";""
"202400003230";"155776150";"G01";"2";"1";"0";"2";"1";"1";"5";""
"202400003230";"155776151";"F01";"2";"1";"0";"2";"1";"1";"5";""
"202400003230";"155776152";"H01";"2";"1";"0";"2";"1";"1";"5";""
"202400003231";"155776142";"A01";"1";"7";"6";"2";"5";"1";"1";""
"202400003231";"155776145";"Z01";"1";"7";"1";"2";"0";"0";"1";""
"202400003232";"155776139";"B01";"1";"33";"0";"2";"1";"1";"1";""
"202400003232";"155776141";"A01";"2";"37";"0";"2";"1";"15";"1";"1"
"202400003233";"155776138";"A01";"1";"7";"0";"2";"0";"0";"0";""
"202400003233";"155776140";"B01";"1";"50";"0";"0";"0";"5";"3";""
"202400003234";"155776136";"A01";"3";"7";"0";"1";"3";"15";"1";""
"202400003235";"155776134";"A01";"1";"7";"0";"2";"1";"1";"1";""
"202400003235";"155776135";"B01";"2";"7";"0";"2";"5";"15";"1";""
"202400003235";"155776137";"C01";"1";"10";"0";"2";"1";"16";"1";""
"202400003236";"155776132";"A01";"3";"15";"0";"2";"8";"16";"0";""
"202400003236";"155776133";"B01";"3";"33";"16";"2";"3";"26";"1";""
"202400003237";"155776130";"A01";"2";"7";"0";"2";"5";"0";"1";""
"202400003237";"155776131";"B01";"1";"33";"0";"2";"1";"0";"1";""
"202400003238";"155776128";"B01";"3";"7";"0";"2";"8";"1";"1";""
"202400003238";"155776129";"A01";"3";"7";"1";"2";"3";"16";"2";""
"202400003239";"155776127";"A01";"2";"7";"0";"1";"7";"1";"1";""
"202400003240";"155776125";"A01";"1";"7";"0";"1";"1";"15";"1";""
"202400003241";"155776124";"B01";"2";"7";"0";"2";"2";"1";"1";""
"202400003241";"155776126";"A01";"2";"7";"0";"2";"3";"15";"1";""
"202400003242";"155776122";"A01";"1";"10";"0";"2";"3";"19";"0";""
"202400003242";"155776123";"B01";"1";"31";"0";"2";"2";"1";"1";""
"202400003243";"155776120";"A01";"1";"33";"0";"2";"0";"1";"1";""
"202400003243";"155776121";"B01";"1";"31";"0";"2";"0";"15";"1";""
"202400003244";"155776119";"A01";"1";"7";"0";"1";"3";"0";"0";""
"202400003245";"155776116";"A01";"3";"30";"0";"2";"7";"2";"0";""
"202400003245";"155776118";"B01";"1";"0";"0";"2";"1";"15";"0";""
"202400003246";"155776115";"B01";"2";"33";"0";"2";"0";"1";"1";""
"202400003246";"155776117";"A01";"1";"7";"0";"2";"0";"9";"1";""
"202400003247";"155776112";"B01";"1";"7";"0";"2";"1";"0";"1";""
"202400003247";"155776114";"A01";"2";"10";"0";"2";"1";"13";"1";""
"202400003248";"155776111";"A01";"1";"10";"0";"2";"2";"9";"1";""
"202400003248";"155776113";"B01";"2";"1";"0";"2";"1";"1";"5";""
"202400003249";"155776109";"A01";"2";"50";"8";"0";"1";"1";"3";""
"202400003250";"155776104";"C01";"2";"10";"0";"2";"4";"1";"0";""
"202400003250";"155776106";"A01";"2";"7";"0";"2";"4";"1";"1";""
"202400003250";"155776107";"B01";"2";"7";"0";"2";"4";"1";"1";""
"202400003250";"155776108";"D01";"2";"7";"0";"2";"4";"0";"1";""
"202400003250";"155776110";"E01";"2";"10";"0";"2";"1";"1";"1";""
"202400003251";"155776105";"A01";"2";"7";"0";"1";"3";"15";"1";""
"202400003252";"155776101";"A01";"2";"10";"0";"2";"1";"2";"1";""
"202400003252";"155776103";"B01";"2";"7";"0";"2";"4";"1";"1";""
"202400003253";"155776100";"A01";"1";"7";"0";"2";"3";"9";"2";""
"202400003253";"155776102";"B01";"2";"33";"0";"2";"1";"1";"1";""
"202400003254";"155776099";"A01";"1";"7";"0";"1";"3";"1";"1";""
"202400003255";"155776096";"B01";"3";"7";"0";"2";"1";"1";"1";""
"202400003255";"155776098";"A01";"3";"7";"0";"2";"7";"15";"1";""
"202400003256";"155776094";"B01";"1";"7";"0";"2";"4";"2";"1";""
"202400003256";"155776095";"C01";"1";"7";"0";"2";"4";"2";"1";""
"202400003256";"155776097";"A01";"1";"10";"0";"2";"1";"1";"1";""
"202400003257";"155776093";"A01";"2";"7";"0";"1";"1";"1";"0";""
"202400003258";"155776091";"A01";"3";"7";"0";"2";"3";"19";"1";""
"202400003258";"155776092";"B01";"3";"30";"0";"2";"1";"21";"1";""
"202400003259";"155776090";"A01";"2";"7";"6";"0";"1";"14";"1";""
"202400003260";"155776089";"A01";"1";"7";"0";"1";"3";"1";"2";""
"202400003261";"155776088";"A01";"0";"10";"0";"1";"1";"1";"1";""
"202400003262";"155776086";"B01";"2";"7";"0";"2";"3";"1";"1";""
"202400003262";"155776087";"A01";"1";"7";"0";"2";"2";"15";"1";""
"202400003263";"155776085";"A01";"2";"7";"0";"1";"2";"1";"1";""
"202400003264";"155776083";"A01";"1";"7";"0";"2";"4";"17";"1";""
"202400003264";"155776084";"B01";"1";"33";"0";"2";"1";"1";"1";""
"202400003265";"155776080";"A01";"3";"7";"0";"2";"1";"1";"1";""
"202400003265";"155776082";"B01";"3";"7";"0";"2";"8";"1";"1";""
"202400003266";"155776079";"B01";"3";"50";"0";"2";"1";"1";"3";""
"202400003266";"155776081";"A01";"3";"7";"0";"2";"3";"22";"2";""
"202400003267";"155776077";"Z01";"1";"1";"0";"1";"0";"1";"5";""
"202400003268";"155776076";"B01";"2";"60";"0";"2";"0";"19";"5";""
"202400003268";"155776078";"A01";"2";"7";"0";"2";"3";"1";"2";""
"202400003269";"155776075";"A01";"1";"1";"0";"1";"1";"1";"5";""
"202400003270";"155776073";"A01";"1";"10";"14";"0";"1";"26";"1";""