"Num_Acc";"id_vehicule";"num_veh";"senc";"catv";"obs";"obsm";"choc";"manv";"motor";"occutc"
"202400003270";"155776074";"B01";"1";"7";"0";"2";"4";"23";"1";""
"202400003271";"155776071";"A01";"1";"38";"0";"1";"1";"1";"1";"1"
"202400003272";"155776070";"B01";"2";"1";"0";"2";"4";"1";"5";""
"202400003272";"155776072";"A01";"2";"10";"0";"2";"1";"0";"1";""
"202400003273";"155776067";"B01";"2";"7";"0";"2";"3";"10";"1";""
"202400003273";"155776069";"A01";"2";"32";"0";"2";"1";"5";"3";""
"202400003274";"155776066";"A01";"1";"7";"0";"2";"1";"14";"0";""
"202400003274";"155776068";"B01";"1";"7";"0";"2";"5";"0";"1";""
"202400003275";"155776063";"A01";"2";"1";"0";"2";"1";"5";"5";""
"202400003275";"155776065";"B01";"1";"32";"0";"2";"1";"1";"1";""
"202400003276";"155776062";"A01";"1";"7";"0";"2";"1";"2";"1";""
"202400003276";"155776064";"B01";"1";"7";"0";"2";"4";"2";"2";""
"202400003277";"155776060";"B01";"3";"32";"0";"2";"1";"17";"1";""
"202400003277";"155776061";"A01";"3";"7";"0";"2";"3";"10";"1";""
"202400003278";"155776058";"A01";"3";"7";"0";"2";"7";"15";"1";""
"202400003278";"155776059";"B01";"3";"7";"0";"2";"1";"1";"1";""
"202400003279";"155776056";"A01";"2";"7";"0";"2";"2";"16";"3";""
"202400003279";"155776057";"B01";"2";"1";"0";"2";"1";"1";"5";""
"202400003280";"155776054";"A01";"2";"1";"0";"1";"1";"17";"5";""
"202400003281";"155776053";"A01";"3";"7";"0";"2";"3";"9";"1";""
"202400003281";"155776055";"B01";"3";"7";"15";"2";"7";"1";"1";""
"202400003282";"155776050";"B01";"1";"10";"0";"2";"8";"15";"1";""
"202400003282";"155776052";"A01";"1";"34";"0";"2";"8";"17";"1";""
"202400003283";"155776049";"A01";"3";"7";"0";"2";"1";"1";"1";""
"202400003283";"155776051";"B01";"3";"10";"0";"2";"5";"1";"1";""
"202400003284";"155776047";"A01";"1";"1";"0";"2";"1";"1";"5";""
"202400003284";"155776048";"B01";"2";"1";"0";"2";"1";"1";"5";""
"202400003285";"155776045";"A01";"3";"7";"0";"2";"1";"1";"1";""
"202400003285";"155776046";"B01";"3";"7";"0";"2";"4";"23";"1";""
"202400003286";"155776043";"A01";"1";"33";"0";"2";"2";"1";"1";""
"202400003286";"155776044";"B01";"1";"1";"0";"2";"3";"15";"5";""
"202400003287";"155776041";"A01";"3";"7";"0";"2";"1";"15";"1";""
"202400003287";"155776042";"B01";"3";"7";"0";"2";"3";"1";"1";""
"202400003288";"155776039";"A01";"1";"14";"0";"2";"3";"22";"1";""
"202400003288";"155776040";"B01";"1";"1";"0";"2";"7";"1";"5";""
"202400003289";"155776037";"A01";"2";"7";"0";"2";"8";"13";"1";""
"202400003289";"155776038";"B01";"2";"43";"0";"2";"7";"2";"1";""
"202400003290";"155776036";"A01";"3";"80";"0";"1";"1";"1";"3";""
"202400003291";"155776034";"A01";"1";"15";"0";"2";"1";"13";"1";""
"202400003291";"155776035";"B01";"2";"7";"0";"2";"0";"1";"1";""
"202400003292";"155776032";"B01";"2";"7";"0";"2";"1";"15";"1";""
"202400003292";"155776033";"A01";"1";"7";"0";"2";"8";"1";"1";""
"202400003293";"155776030";"A01";"0";"50";"0";"2";"1";"1";"3";""
"202400003293";"155776031";"B01";"0";"7";"0";"2";"2";"1";"1";""
"202400003294";"155776028";"B01";"3";"31";"0";"2";"1";"1";"1";""
"202400003294";"155776029";"A01";"3";"7";"0";"2";"5";"15";"1";""
"202400003295";"155776026";"A01";"1";"7";"0";"2";"2";"15";"1";""
"202400003295";"155776027";"B01";"2";"7";"0";"2";"8";"1";"1";""
"202400003296";"155776025";"A01";"1";"33";"4";"0";"3";"13";"1";""
"202400003297";"155776023";"A01";"1";"7";"0";"2";"1";"1";"1";""
"202400003297";"155776024";"B01";"1";"1";"0";"2";"4";"1";"5";""
"202400003298";"155776020";"A01";"3";"10";"8";"0";"1";"1";"3";""
"202400003299";"155776021";"A01";"2";"32";"0";"2";"1";"1";"1";""
"202400003299";"155776022";"B01";"2";"7";"5";"2";"4";"2";"0";""
"202400003300";"155776018";"B01";"2";"7";"0";"2";"3";"1";"1";""
"202400003300";"155776019";"A01";"2";"1";"0";"2";"1";"1";"5";""
"202400003301";"155776016";"B01";"1";"1";"0";"2";"7";"1";"5";""
"202400003301";"155776017";"A01";"1";"7";"0";"2";"8";"24";"1";""
"202400003302";"155776014";"B01";"0";"50";"0";"2";"1";"1";"3";""
"202400003302";"155776015";"A01";"0";"7";"0";"9";"8";"15";"1";""
"202400003303";"155776012";"B01";"1";"50";"0";"2";"1";"1";"3";""
"202400003303";"155776013";"A01";"2";"7";"0";"2";"2";"15";"1";""
"202400003304";"155776009";"A01";"3";"7";"0";"2";"1";"2";"1";""
"202400003304";"155776010";"B01";"3";"7";"0";"2";"4";"2";"1";""
"202400003304";"155776011";"C01";"3";"7";"0";"2";"4";"2";"1";""
"202400003305";"155776007";"A01";"1";"7";"0";"2";"2";"2";"1";""
"202400003305";"155776008";"B01";"1";"50";"0";"2";"7";"2";"3";""
"202400003306";"155776003";"A01";"2";"7";"1";"2";"3";"16";"1";""
"202400003306";"155776005";"B01";"2";"7";"0";"2";"2";"1";"1";""
"202400003306";"155776006";"C01";"2";"7";"0";"2";"6";"24";"1";""
"202400003307";"155776002";"B01";"1";"7";"8";"0";"2";"1";"1";""
"202400003307";"155776004";"A01";"1";"7";"8";"2";"1";"1";"1";""
"202400003308";"155776000";"B01";"2";"7";"0";"2";"1";"2";"1";""
"202400003308";"155776001";"A01";"1";"10";"0";"2";"1";"15";"1";""
"202400003309";"155775999";"A01";"2";"7";"0";"1";"3";"1";"3";""
"202400003310";"155775997";"A01";"2";"7";"0";"2";"3";"9";"3";""
"202400003310";"155775998";"B01";"2";"50";"0";"2";"1";"1";"3";""
"202400003311";"155775995";"TA01";"0";"7";"0";"9";"3";"1";"1";""
"202400003311";"155775996";"B01";"0";"99";"0";"2";"0";"0";"0";""
"202400003312";"155775993";"A01";"1";"7";"0";"9";"3";"1";"1";""
"202400003312";"155775994";"B01";"2";"50";"0";"2";"1";"15";"3";""
"202400003313";"155775992";"A01";"3";"7";"0";"1";"2";"1";"2";""
"202400003314";"155775990";"B01";"1";"33";"0";"2";"2";"2";"1";""
"202400003314";"155775991";"A01";"1";"7";"0";"2";"3";"2";"1";""
"202400003315";"155775988";"B01";"3";"7";"0";"2";"6";"1";"0";""
"202400003315";"155775989";"A01";"3";"14";"0";"2";"2";"14";"0";""
"202400003316";"155775986";"A01";"1";"33";"5";"0";"2";"13";"1";""
"202400003317";"155775985";"B01";"1";"10";"0";"2";"1";"1";"1";""
"202400003317";"155775987";"A01";"2";"7";"0";"2";"7";"1";"1";""
"202400003318";"155775982";"B01";"1";"7";"0";"2";"3";"9";"1";""
"202400003318";"155775984";"A01";"1";"43";"0";"2";"0";"0";"1";""
"202400003319";"155775981";"B01";"1";"32";"0";"2";"6";"1";"1";""
"202400003319";"155775983";"Z01";"1";"10";"0";"2";"3";"13";"0";""
"202400003320";"155775978";"A01";"3";"33";"0";"2";"1";"2";"1";""
"202400003320";"155775979";"B01";"3";"7";"0";"2";"4";"16";"1";""
"202400003321";"155775977";"B01";"1";"7";"0";"2";"2";"1";"1";""
"202400003321";"155775980";"A01";"3";"7";"0";"2";"1";"1";"1";""
"202400003322";"155775976";"A01";"2";"30";"0";"1";"8";"25";"1";""
"202400003323";"155775975";"A01";"1";"30";"0";"0";"0";"17";"1";""
"202400003324";"155775974";"A01";"1";"7";"0";"1";"2";"26";"1";""
"202400003325";"155775972";"A01";"2";"30";"0";"2";"1";"1";"1";""
"202400003325";"155775973";"B01";"2";"7";"0";"2";"4";"1";"3";""
"202400003326";"155775971";"A01";"2";"7";"0";"1";"7";"17";"1";""
"202400003327";"155775970";"A01";"2";"10";"0";"1";"7";"1";"1";""
"202400003328";"155775968";"A01";"1";"33";"0";"2";"2";"0";"6";""
"202400003328";"155775969";"B01";"3";"7";"0";"2";"6";"23";"6";""
"202400003329";"155775965";"B01";"1";"7";"0";"2";"1";"1";"1";""
"202400003329";"155775967";"A01";"1";"10";"0";"2";"1";"13";"1";""
"202400003330";"155775961";"A01";"0";"7";"0";"1";"1";"23";"1";""
"202400003331";"155775962";"A01";"2";"7";"0";"2";"1";"2";"1";""
"202400003331";"155775963";"C01";"2";"10";"0";"2";"4";"2";"1";""
"202400003331";"155775964";"B01";"2";"7";"0";"2";"4";"2";"1";""
"202400003331";"155775966";"D01";"2";"7";"0";"2";"4";"2";"2";""
"202400003332";"155775959";"A01";"1";"33";"13";"0";"1";"21";"1";""
"202400003333";"155775958";"A01";"1";"7";"0";"2";"2";"11";"1";""
"202400003333";"155775960";"B01";"1";"7";"0";"2";"3";"1";"1";""
"202400003334";"155775957";"A01";"1";"1";"0";"1";"1";"1";"5";""
"202400003335";"155775956";"A01";"3";"7";"8";"0";"1";"13";"1";""
"202400003336";"155775954";"A01";"1";"80";"12";"0";"0";"26";"3";""
"202400003337";"155775953";"B01";"1";"50";"0";"2";"7";"1";"3";""
"202400003337";"155775955";"A01";"1";"7";"0";"2";"1";"9";"2";""
"202400003338";"155775951";"A01";"2";"7";"0";"1";"2";"1";"1";""
"202400003339";"155775950";"A01";"3";"33";"14";"0";"1";"0";"0";""
"202400003339";"155775952";"B01";"3";"7";"0";"2";"1";"0";"6";""
"202400003340";"155775949";"A01";"1";"2";"8";"0";"2";"1";"1";""
"202400003341";"155775947";"A01";"2";"7";"8";"0";"0";"0";"1";""
"202400003342";"155775948";"A01";"2";"7";"0";"1";"1";"15";"1";""
"202400003343";"155775944";"A01";"1";"7";"0";"2";"2";"5";"1";""
"202400003343";"155775946";"B01";"2";"7";"0";"2";"2";"0";"1";""
"202400003344";"155775942";"C01";"1";"7";"0";"2";"4";"2";"1";""
"202400003344";"155775943";"B01";"1";"10";"0";"2";"4";"2";"1";""
"202400003344";"155775945";"A01";"1";"14";"0";"2";"1";"1";"1";""
"202400003345";"155775940";"B01";"3";"7";"0";"2";"8";"16";"1";""
"202400003345";"155775941";"A01";"3";"7";"0";"2";"1";"2";"1";""
"202400003346";"155775937";"A01";"2";"7";"6";"0";"1";"1";"1";""
"202400003347";"155775938";"A01";"2";"33";"0";"2";"1";"3";"1";""
"202400003347";"155775939";"B01";"2";"7";"0";"2";"5";"0";"2";""
"202400003348";"155775936";"A01";"2";"43";"13";"0";"2";"14";"1";""
"202400003349";"155775934";"A01";"3";"7";"0";"1";"1";"0";"2";""
"202400003350";"155775933";"A01";"1";"7";"0";"2";"3";"13";"1";""
"202400003350";"155775935";"B01";"2";"7";"3";"2";"3";"1";"1";""
"202400003351";"155775930";"A01";"1";"7";"8";"2";"1";"1";"1";""
"202400003352";"155775929";"A01";"1";"7";"0";"2";"2";"2";"0";""
"202400003352";"155775931";"B01";"1";"7";"0";"2";"4";"14";"1";""
"202400003352";"155775932";"C01";"2";"7";"0";"2";"8";"21";"1";""
"202400003353";"155775926";"A01";"1";"30";"0";"2";"1";"1";"1";""
"202400003353";"155775928";"B01";"1";"7";"0";"2";"2";"1";"1";""
"202400003354";"155775924";"A01";"2";"7";"0";"2";"1";"1";"1";""
"202400003354";"155775925";"C01";"1";"7";"0";"2";"1";"5";"1";""
"202400003354";"155775927";"B01";"2";"7";"0";"2";"3";"1";"1";""
"202400003355";"155775921";"A01";"2";"33";"9";"0";"1";"1";"1";""
"202400003356";"155775922";"A01";"2";"1";"0";"2";"8";"2";"5";""
"202400003356";"155775923";"B01";"0";"34";"0";"2";"7";"1";"1";""
"202400003357";"155775919";"A01";"1";"13";"13";"0";"8";"15";"1";""
"202400003357";"155775920";"B01";"1";"7";"0";"2";"1";"1";"1";""
"202400003358";"155775917";"A01";"1";"2";"0";"0";"8";"1";"1";""
"202400003359";"155775916";"B01";"1";"7";"0";"2";"6";"16";"1";""
"202400003359";"155775918";"A01";"1";"7";"0";"2";"2";"13";"2";""
"202400003360";"155775914";"A01";"3";"33";"0";"0";"0";"26";"1";""
"202400003361";"155775913";"A01";"3";"1";"0";"2";"1";"1";"5";""
"202400003361";"155775915";"Z01";"3";"2";"0";"2";"8";"26";"1";""
"202400003362";"155775910";"A01";"1";"43";"0";"1";"8";"21";"1";""
"202400003363";"155775909";"A01";"2";"33";"0";"0";"7";"1";"1";""
"202400003364";"155775906";"A01";"1";"50";"1";"0";"1";"1";"3";""
"202400003364";"155775908";"B01";"1";"7";"0";"2";"4";"24";"1";""
"202400003365";"155775905";"A01";"2";"33";"0";"2";"0";"1";"1";""
"202400003365";"155775907";"B01";"1";"7";"0";"2";"1";"19";"1";""
"202400003366";"155775903";"A01";"2";"7";"0";"2";"3";"0";"1";""
"202400003366";"155775904";"B01";"2";"1";"1";"0";"7";"17";"5";""
"202400003367";"155775901";"A01";"2";"7";"13";"2";"2";"17";"1";""
"202400003367";"155775902";"B01";"2";"7";"0";"0";"8";"15";"1";""
"202400003368";"155775899";"A01";"3";"7";"13";"0";"8";"13";"1";""
"202400003369";"155775900";"A01";"2";"33";"0";"1";"7";"21";"1";""
"202400003370";"155775898";"A01";"2";"7";"2";"0";"1";"1";"1";""
"202400003371";"155775896";"A01";"3";"33";"0";"2";"3";"13";"1";""
"202400003371";"155775897";"B01";"3";"2";"0";"2";"7";"1";"1";""
"202400003372";"155775895";"A01";"1";"7";"8";"0";"1";"0";"1";""
"202400003373";"155775894";"A01";"2";"1";"12";"9";"1";"2";"5";""
"202400003374";"155775893";"A01";"1";"7";"16";"0";"8";"1";"1";""
"202400003375";"155775892";"A01";"3";"33";"0";"0";"0";"16";"1";""
"202400003376";"155775890";"B01";"1";"80";"9";"2";"1";"1";"3";""
"202400003376";"155775891";"A01";"1";"10";"9";"2";"7";"16";"1";""
"202400003377";"155775888";"A01";"1";"1";"10";"2";"5";"1";"5";""
"202400003377";"155775889";"B01";"2";"15";"0";"9";"6";"1";"1";""
"202400003378";"155775887";"A01";"1";"2";"0";"0";"0";"21";"1";""
"202400003379";"155775886";"A01";"1";"7";"6";"0";"2";"1";"1";""
"202400003380";"155775885";"A01";"2";"50";"14";"0";"1";"26";"3";""
"202400003381";"155775883";"A01";"1";"7";"1";"0";"4";"23";"1";""
"202400003381";"155775884";"B01";"1";"1";"1";"0";"1";"1";"5";""
"202400003382";"155775881";"A01";"1";"7";"0";"2";"7";"15";"2";""
"202400003382";"155775882";"B01";"2";"33";"0";"2";"7";"1";"1";""
"202400003383";"155775878";"A01";"3";"7";"0";"2";"7";"19";"1";""
"202400003383";"155775880";"B01";"2";"7";"0";"2";"1";"1";"1";""
"202400003384";"155775877";"A01";"1";"7";"0";"2";"1";"16";"1";""
"202400003384";"155775879";"B01";"1";"1";"0";"2";"0";"19";"5";""
"202400003385";"155775876";"A01";"3";"7";"8";"0";"1";"0";"1";""
"202400003386";"155775875";"A01";"3";"7";"0";"1";"1";"1";"2";""
"202400003387";"155775869";"B01";"1";"30";"0";"2";"2";"1";"1";""
"202400003387";"155775871";"A01";"1";"7";"0";"2";"3";"15";"1";""
"202400003388";"155775870";"B01";"3";"1";"0";"2";"8";"0";"5";""
"202400003388";"155775872";"A01";"3";"7";"0";"2";"1";"1";"1";""
"202400003389";"155775867";"A01";"2";"7";"13";"0";"9";"21";"1";""
"202400003390";"155775866";"B01";"3";"1";"0";"2";"0";"0";"5";""
"202400003390";"155775868";"A01";"3";"14";"15";"2";"7";"16";"6";""
"202400003391";"155775864";"A01";"3";"7";"15";"0";"6";"2";"1";""
"202400003392";"155775863";"A01";"0";"7";"0";"2";"3";"1";"1";""
"202400003392";"155775865";"B01";"0";"1";"0";"2";"8";"1";"5";""
"202400003393";"155775858";"C01";"1";"13";"0";"2";"1";"1";"1";""
"202400003393";"155775859";"A01";"1";"13";"0";"2";"1";"1";"1";""
"202400003393";"155775861";"B01";"1";"10";"0";"0";"6";"23";"1";""
"202400003394";"155775860";"B01";"1";"7";"0";"2";"1";"1";"1";""
"202400003394";"155775862";"A01";"1";"7";"0";"2";"8";"15";"1";""
"202400003395";"155775857";"A01";"0";"7";"0";"1";"1";"1";"1";""
"202400003396";"155775855";"A01";"1";"7";"0";"2";"3";"13";"1";""
"202400003396";"155775856";"B01";"2";"7";"0";"2";"6";"1";"1";""
"202400003397";"155775852";"A01";"2";"7";"0";"2";"6";"15";"1";""
"202400003397";"155775854";"B01";"2";"33";"0";"2";"1";"1";"1";""
"202400003398";"155775851";"A01";"2";"7";"0";"2";"1";"15";"1";""
"202400003398";"155775853";"B01";"1";"7";"6";"2";"1";"1";"1";""
"202400003399";"155775848";"B01";"3";"32";"0";"2";"1";"1";"1";""
"202400003399";"155775850";"A01";"3";"10";"0";"2";"2";"9";"1";""
"202400003400";"155775847";"A01";"1";"7";"0";"9";"2";"12";"1";""
"202400003400";"155775849";"B01";"1";"33";"0";"2";"3";"3";"1";""
"202400003401";"155775844";"B01";"2";"7";"0";"0";"5";"1";"1";""
"202400003401";"155775846";"A01";"2";"33";"13";"2";"1";"21";"1";""
"202400003402";"155775843";"A01";"3";"7";"0";"2";"6";"11";"0";""
"202400003402";"155775845";"B01";"3";"33";"0";"2";"2";"3";"0";""
"202400003403";"155775841";"B01";"2";"10";"0";"2";"3";"1";"1";""
"202400003403";"155775842";"A01";"1";"1";"0";"2";"3";"1";"5";""
"202400003404";"155775840";"A01";"1";"7";"14";"0";"1";"1";"1";""
"202400003405";"155775838";"A01";"0";"7";"0";"1";"1";"0";"0";""
"202400003406";"155775837";"A01";"1";"7";"0";"2";"3";"13";"1";""
"202400003406";"155775839";"B01";"2";"15";"0";"2";"3";"2";"1";""
"202400003407";"155775836";"A01";"1";"7";"0";"1";"1";"1";"0";""
"202400003408";"155775835";"A01";"0";"7";"2";"0";"1";"0";"1";""
"202400003409";"155775833";"A01";"2";"7";"0";"0";"0";"0";"1";""
"202400003409";"155775834";"B01";"0";"1";"0";"2";"1";"26";"5";""
"202400003410";"155775831";"A01";"3";"1";"0";"0";"4";"1";"5";""
"202400003410";"155775832";"B01";"3";"1";"0";"0";"1";"1";"5";""
"202400003411";"155775829";"B01";"1";"14";"0";"2";"7";"9";"1";""
"202400003411";"155775830";"Z01";"1";"50";"0";"2";"1";"0";"3";""
"202400003412";"155775827";"B01";"1";"10";"0";"2";"7";"0";"1";""
"202400003412";"155775828";"A01";"1";"1";"0";"2";"1";"0";"5";""
"202400003413";"155775826";"A01";"2";"7";"13";"0";"2";"1";"1";""
"202400003414";"155775823";"A01";"1";"33";"4";"0";"3";"13";"1";""
"202400003414";"155775825";"B01";"2";"7";"0";"9";"3";"1";"1";""
"202400003415";"155775822";"A01";"1";"2";"0";"2";"1";"19";"1";""
"202400003415";"155775824";"B01";"2";"7";"0";"0";"3";"1";"1";""
"202400003416";"155775819";"B01";"0";"20";"0";"2";"0";"19";"1";""
"202400003416";"155775821";"A01";"1";"7";"0";"2";"1";"1";"1";""
"202400003417";"155775818";"A01";"1";"7";"0";"9";"2";"2";"0";""
"202400003417";"155775820";"B01";"1";"1";"0";"2";"4";"2";"5";""
"202400003418";"155775816";"A01";"2";"7";"5";"0";"3";"21";"1";""
"202400003419";"155775815";"A01";"2";"10";"0";"2";"1";"1";"1";""
"202400003419";"155775817";"B01";"2";"7";"0";"2";"4";"1";"1";""
"202400003420";"155775813";"A01";"1";"33";"0";"0";"2";"6";"1";""
"202400003421";"155775812";"B01";"0";"34";"0";"2";"0";"11";"1";""
"202400003421";"155775814";"A01";"0";"7";"0";"2";"8";"1";"0";""
"202400003422";"155775809";"A01";"2";"13";"0";"2";"7";"2";"1";""
"202400003422";"155775811";"B01";"2";"1";"0";"2";"1";"2";"5";""
"202400003423";"155775807";"B01";"1";"80";"0";"0";"6";"1";"3";""
"202400003423";"155775808";"A01";"1";"7";"0";"9";"2";"1";"1";""
"202400003424";"155775806";"A01";"3";"2";"12";"0";"2";"1";"1";""
"202400003425";"155775805";"A01";"3";"33";"0";"0";"0";"25";"1";""
"202400003426";"155775802";"C01";"2";"7";"0";"2";"3";"1";"1";""
"202400003426";"155775803";"A01";"2";"13";"0";"0";"0";"21";"1";""
"202400003426";"155775804";"B01";"1";"21";"0";"2";"1";"21";"1";""
"202400003427";"155775800";"A01";"1";"99";"1";"0";"0";"0";"6";""
"202400003427";"155775801";"B01";"2";"7";"0";"0";"3";"23";"1";""
"202400003428";"155775798";"B01";"3";"2";"0";"2";"1";"13";"1";""
"202400003428";"155775799";"A01";"3";"7";"0";"2";"3";"21";"1";""
"202400003429";"155775797";"A01";"1";"7";"13";"0";"1";"15";"1";""
"202400003430";"155775794";"B01";"1";"7";"0";"2";"1";"1";"1";""
"202400003430";"155775796";"A01";"2";"7";"0";"2";"1";"13";"1";""
"202400003431";"155775793";"A01";"1";"7";"0";"0";"1";"26";"1";""
"202400003431";"155775795";"B01";"1";"7";"0";"0";"1";"26";"1";""
"202400003432";"155775792";"A01";"2";"10";"0";"1";"2";"1";"1";""
"202400003433";"155775791";"A01";"3";"2";"0";"0";"0";"0";"1";""
"202400003434";"155775788";"A01";"2";"7";"0";"2";"1";"11";"1";""
"202400003434";"155775789";"B01";"1";"7";"0";"2";"1";"1";"1";""
"202400003435";"155775786";"A01";"0";"7";"0";"2";"1";"2";"1";""
"202400003435";"155775787";"B01";"0";"7";"1";"2";"9";"23";"1";""
"202400003435";"155775790";"C01";"0";"7";"0";"2";"4";"23";"1";""
"202400003436";"155775781";"A01";"2";"7";"0";"2";"2";"15";"1";""
"202400003436";"155775782";"B01";"1";"33";"0";"2";"1";"1";"1";""
"202400003436";"155775784";"C01";"2";"7";"0";"0";"8";"23";"1";""
"202400003437";"155775779";"B01";"1";"1";"0";"2";"3";"1";"5";""
"202400003437";"155775780";"A01";"1";"7";"0";"9";"2";"2";"2";""
"202400003438";"155775778";"A01";"1";"21";"7";"0";"9";"1";"1";""
"202400003439";"155775777";"A01";"3";"30";"0";"0";"8";"1";"1";""
"202400003440";"155775774";"B01";"1";"7";"0";"2";"3";"1";"1";""
"202400003440";"155775776";"A01";"2";"7";"0";"2";"2";"15";"1";""
"202400003441";"155775773";"A01";"3";"7";"0";"2";"3";"1";"1";""
"202400003441";"155775775";"B01";"3";"1";"0";"2";"7";"16";"5";""
"202400003442";"155775772";"A01";"2";"7";"3";"0";"7";"0";"1";""
"202400003443";"155775771";"A01";"2";"34";"12";"0";"1";"14";"1";""
"202400003444";"155775770";"A01";"0";"7";"15";"0";"1";"1";"1";""
"202400003445";"155775767";"A01";"1";"7";"0";"2";"7";"15";"1";""
"202400003445";"155775768";"B01";"2";"30";"0";"2";"1";"1";"1";""
"202400003446";"155775764";"A01";"2";"7";"6";"0";"2";"1";"1";""
"202400003447";"155775763";"C01";"2";"7";"0";"2";"1";"1";"1";""
"202400003447";"155775765";"D01";"2";"7";"0";"2";"4";"23";"1";""
"202400003447";"155775766";"A01";"2";"7";"0";"2";"9";"23";"1";""
"202400003447";"155775769";"B01";"2";"7";"0";"2";"9";"23";"1";""
"202400003448";"155775760";"A01";"2";"31";"0";"2";"5";"3";"1";""
"202400003448";"155775762";"B01";"2";"7";"0";"2";"3";"11";"1";""
"202400003449";"155775757";"A01";"1";"7";"0";"2";"1";"15";"1";""
"202400003449";"155775759";"B01";"1";"7";"0";"2";"6";"15";"1";""
"202400003449";"155775761";"C01";"2";"7";"0";"2";"1";"1";"1";""
"202400003450";"155775754";"A01";"3";"3";"13";"0";"0";"2";"1";""
"202400003451";"155775752";"E01";"1";"10";"0";"2";"5";"21";"1";""
"202400003451";"155775753";"A01";"1";"10";"0";"0";"0";"26";"1";""
"202400003451";"155775755";"B01";"1";"7";"0";"2";"5";"2";"3";""
"202400003451";"155775756";"C01";"1";"7";"0";"2";"1";"1";"1";""
"202400003451";"155775758";"D01";"1";"14";"0";"2";"6";"2";"1";""
"202400003452";"155775750";"A01";"1";"7";"3";"0";"2";"0";"1";""
"202400003453";"155775749";"A01";"1";"7";"0";"0";"2";"1";"1";""
"202400003453";"155775751";"B01";"1";"7";"0";"0";"3";"1";"1";""
"202400003454";"155775746";"B01";"1";"2";"0";"2";"1";"1";"1";""
"202400003454";"155775747";"A01";"2";"7";"0";"2";"5";"15";"1";""
"202400003455";"155775744";"A01";"2";"31";"0";"2";"3";"3";"1";""
"202400003455";"155775745";"B01";"2";"10";"0";"2";"5";"2";"1";""
"202400003455";"155775748";"C01";"2";"10";"0";"2";"4";"1";"1";""
"202400003456";"155775743";"A01";"2";"7";"0";"1";"3";"1";"1";""
"202400003457";"155775740";"B01";"1";"80";"0";"0";"8";"19";"3";""
"202400003457";"155775741";"A01";"1";"13";"0";"9";"1";"1";"1";""
"202400003458";"155775737";"A01";"2";"2";"0";"2";"0";"17";"1";""
"202400003458";"155775738";"C01";"1";"7";"1";"2";"3";"1";"1";""
"202400003459";"155775734";"A01";"1";"7";"8";"2";"1";"13";"1";""
"202400003459";"155775735";"B01";"2";"14";"0";"2";"3";"1";"1";""
"202400003460";"155775732";"A01";"1";"1";"0";"0";"0";"26";"5";""
"202400003461";"155775731";"C01";"1";"7";"0";"2";"4";"1";"2";""
"202400003461";"155775733";"A01";"1";"7";"0";"2";"1";"1";"1";""
"202400003461";"155775736";"B01";"1";"7";"0";"2";"4";"1";"1";""
"202400003461";"155775739";"E01";"1";"7";"0";"2";"4";"1";"1";""
"202400003461";"155775742";"D01";"1";"7";"0";"2";"4";"1";"1";""
"202400003462";"155775729";"A01";"1";"38";"0";"2";"3";"13";"1";"1"
"202400003462";"155775730";"B01";"2";"7";"0";"2";"3";"1";"1";""
"202400003463";"155775727";"A01";"1";"14";"0";"2";"3";"2";"1";""
"202400003463";"155775728";"B01";"1";"7";"0";"2";"5";"0";"1";""
"202400003464";"155775726";"A01";"1";"7";"0";"0";"1";"26";"1";""
"202400003465";"155775724";"B01";"1";"7";"13";"2";"8";"1";"1";""
"202400003465";"155775725";"A01";"3";"7";"0";"2";"1";"1";"1";""
"202400003466";"155775721";"A01";"1";"7";"8";"1";"2";"1";"1";""
"202400003467";"155775719";"A01";"2";"10";"0";"6";"3";"1";"1";""
"202400003467";"155775720";"B01";"1";"7";"0";"6";"3";"1";"1";""
"202400003468";"155775718";"A01";"2";"7";"0";"1";"2";"2";"1";""
"202400003469";"155775716";"A01";"3";"7";"0";"2";"1";"9";"1";""
"202400003469";"155775717";"B01";"3";"7";"0";"0";"4";"1";"1";""
"202400003470";"155775712";"A01";"1";"10";"0";"2";"1";"2";"1";""
"202400003470";"155775713";"B01";"1";"7";"0";"2";"4";"2";"1";""
"202400003470";"155775714";"C01";"1";"7";"0";"2";"4";"2";"1";""
"202400003470";"155775715";"D01";"1";"7";"0";"2";"4";"2";"1";""
"202400003471";"155775710";"B01";"1";"17";"0";"2";"4";"1";"1";""
"202400003471";"155775711";"A01";"1";"10";"0";"2";"2";"2";"1";""
"202400003472";"155775708";"A01";"2";"7";"0";"2";"2";"1";"1";""
"202400003472";"155775709";"B01";"2";"7";"0";"2";"6";"1";"1";""
"202400003473";"155775704";"A01";"2";"7";"0";"2";"1";"2";"1";""
"202400003473";"155775705";"B01";"2";"7";"0";"0";"4";"2";"1";""
"202400003473";"155775706";"C01";"2";"7";"0";"2";"4";"2";"1";""
"202400003473";"155775707";"D01";"2";"7";"0";"2";"4";"0";"3";""
"202400003474";"155775701";"C01";"1";"7";"4";"2";"4";"2";"1";""
"202400003474";"155775702";"A01";"1";"10";"4";"2";"1";"2";"1";""
"202400003474";"155775703";"B01";"1";"7";"4";"2";"4";"2";"1";""
"202400003475";"155775699";"A01";"2";"7";"0";"2";"1";"2";"1";""
"202400003475";"155775700";"B01";"2";"7";"0";"2";"4";"2";"1";""