"Num_Acc";"id_vehicule";"num_veh";"senc";"catv";"obs";"obsm";"choc";"manv";"motor";"occutc"
"202400003476";"155775698";"A01";"2";"33";"0";"9";"0";"3";"1";""
"202400003477";"155775695";"C01";"2";"7";"0";"2";"4";"2";"1";""
"202400003477";"155775696";"B01";"2";"7";"0";"2";"3";"2";"1";""
"202400003477";"155775697";"A01";"2";"7";"0";"2";"1";"2";"1";""
"202400003478";"155775693";"A01";"1";"33";"0";"2";"1";"1";"1";""
"202400003478";"155775694";"B01";"1";"7";"0";"2";"4";"1";"1";""
"202400003479";"155775691";"A01";"2";"33";"0";"2";"4";"11";"1";""
"202400003479";"155775692";"B01";"2";"33";"0";"2";"1";"3";"1";""
"202400003480";"155775689";"A01";"2";"7";"0";"2";"1";"1";"1";""
"202400003480";"155775690";"B01";"2";"10";"0";"2";"4";"1";"1";""
"202400003481";"155775688";"A01";"1";"50";"0";"1";"1";"2";"3";""
"202400003482";"155775686";"A01";"2";"7";"0";"2";"7";"12";"1";""
"202400003482";"155775687";"B01";"2";"33";"4";"2";"8";"1";"1";""
"202400003483";"155775684";"A01";"1";"2";"0";"2";"1";"1";"1";""
"202400003483";"155775685";"B01";"2";"7";"3";"2";"2";"5";"1";""
"202400003484";"155775683";"A01";"2";"7";"15";"0";"3";"0";"1";""
"202400003485";"155775681";"B01";"1";"7";"0";"2";"2";"15";"1";""
"202400003485";"155775682";"A01";"2";"2";"0";"2";"8";"21";"1";""
"202400003486";"155775679";"A01";"2";"33";"0";"2";"1";"17";"1";""
"202400003486";"155775680";"B01";"2";"7";"0";"9";"0";"0";"1";""
"202400003487";"155775676";"C01";"1";"1";"0";"2";"1";"1";"5";""
"202400003487";"155775677";"B01";"1";"1";"0";"2";"1";"1";"5";""
"202400003487";"155775678";"A01";"2";"7";"0";"2";"6";"15";"1";""
"202400003488";"155775674";"B01";"0";"30";"0";"0";"0";"0";"1";""
"202400003488";"155775675";"A01";"3";"7";"0";"2";"0";"0";"0";""
"202400003489";"155775672";"B01";"3";"1";"0";"2";"8";"19";"5";""
"202400003489";"155775673";"A01";"1";"7";"0";"2";"1";"2";"1";""
"202400003490";"155775671";"A01";"2";"1";"16";"0";"3";"1";"5";""
"202400003491";"155775669";"A01";"2";"33";"0";"0";"0";"21";"1";""
"202400003491";"155775670";"B01";"1";"7";"0";"0";"0";"13";"1";""
"202400003492";"155775668";"A01";"2";"7";"13";"0";"8";"1";"1";""
"202400003493";"155775666";"B01";"1";"33";"0";"2";"1";"21";"1";""
"202400003493";"155775667";"A01";"1";"7";"0";"0";"4";"15";"1";""
"202400003494";"155775665";"A01";"1";"7";"0";"1";"1";"1";"2";""
"202400003495";"155775663";"A01";"2";"7";"0";"2";"1";"1";"1";""
"202400003495";"155775664";"B01";"2";"33";"0";"0";"4";"23";"1";""
"202400003496";"155775662";"A01";"3";"7";"0";"1";"2";"1";"1";""
"202400003497";"155775661";"A01";"2";"7";"4";"0";"0";"1";"1";""
"202400003498";"155775659";"A01";"1";"7";"0";"2";"3";"1";"1";""
"202400003498";"155775660";"B01";"1";"50";"0";"0";"7";"1";"3";""
"202400003499";"155775657";"A01";"3";"7";"0";"2";"2";"1";"1";""
"202400003499";"155775658";"B01";"3";"1";"0";"2";"6";"11";"5";""
"202400003500";"155775655";"A01";"3";"7";"0";"2";"1";"12";"1";""
"202400003500";"155775656";"B01";"3";"31";"0";"2";"4";"23";"1";""
"202400003501";"155775654";"A01";"2";"31";"0";"1";"1";"17";"1";""
"202400003502";"155775653";"A01";"1";"31";"0";"1";"1";"1";"3";""
"202400003503";"155775651";"A01";"1";"2";"0";"0";"3";"1";"3";""
"202400003503";"155775652";"B01";"1";"10";"0";"0";"0";"12";"1";""
"202400003504";"155775649";"B01";"3";"10";"0";"2";"1";"1";"1";""
"202400003504";"155775650";"A01";"3";"32";"0";"2";"4";"1";"1";""
"202400003505";"155775647";"A01";"1";"7";"8";"2";"7";"1";"1";""
"202400003505";"155775648";"B01";"2";"7";"0";"2";"3";"1";"3";""
"202400003506";"155775645";"B01";"2";"1";"0";"2";"8";"25";"5";""
"202400003506";"155775646";"A01";"1";"7";"0";"2";"2";"16";"1";""
"202400003507";"155775644";"A01";"1";"7";"0";"1";"2";"1";"1";""
"202400003508";"155775642";"A01";"3";"33";"0";"2";"2";"0";"1";""
"202400003508";"155775643";"B01";"3";"1";"0";"2";"8";"0";"5";""
"202400003509";"155775640";"B01";"2";"7";"0";"2";"8";"20";"1";""
"202400003509";"155775641";"A01";"2";"37";"0";"1";"1";"21";"1";"1"
"202400003510";"155775639";"A01";"1";"7";"1";"1";"1";"16";"1";""
"202400003511";"155775638";"A01";"2";"7";"0";"1";"2";"1";"1";""
"202400003512";"155775635";"B01";"3";"7";"14";"0";"4";"23";"0";""
"202400003512";"155775636";"C01";"3";"7";"0";"0";"4";"23";"0";""
"202400003512";"155775637";"A01";"3";"10";"14";"0";"1";"1";"0";""
"202400003513";"155775634";"A01";"1";"1";"1";"0";"7";"14";"5";""
"202400003514";"155775633";"A01";"2";"30";"0";"1";"2";"1";"1";""
"202400003515";"155775631";"A01";"2";"7";"0";"0";"1";"1";"1";""
"202400003515";"155775632";"B01";"1";"50";"0";"0";"1";"15";"3";""
"202400003516";"155775629";"A01";"0";"43";"0";"2";"1";"2";"1";""
"202400003516";"155775630";"B01";"3";"7";"0";"2";"5";"16";"1";""
"202400003517";"155775628";"A01";"1";"31";"0";"0";"7";"16";"1";""
"202400003518";"155775626";"B01";"2";"33";"0";"2";"5";"17";"1";""
"202400003518";"155775627";"A01";"2";"7";"0";"2";"3";"15";"2";""
"202400003519";"155775625";"A01";"1";"32";"0";"1";"1";"1";"1";""
"202400003520";"155775623";"A01";"1";"10";"0";"2";"1";"1";"1";""
"202400003520";"155775624";"B01";"1";"7";"0";"2";"6";"15";"1";""
"202400003521";"155775621";"A01";"1";"7";"0";"2";"7";"10";"1";""
"202400003521";"155775622";"B01";"1";"33";"0";"2";"1";"1";"1";""
"202400003522";"155775620";"A01";"3";"7";"0";"1";"2";"9";"0";""
"202400003523";"155775618";"B01";"2";"7";"0";"2";"3";"23";"1";""
"202400003523";"155775619";"A01";"1";"33";"0";"2";"1";"0";"1";""
"202400003524";"155775617";"A01";"1";"7";"15";"0";"2";"1";"1";""
"202400003525";"155775615";"A01";"2";"7";"0";"2";"2";"22";"1";""
"202400003525";"155775616";"B01";"2";"1";"0";"2";"1";"1";"5";""
"202400003526";"155775614";"A01";"3";"10";"0";"1";"1";"15";"1";""
"202400003527";"155775612";"A01";"3";"2";"0";"2";"2";"1";"1";""
"202400003527";"155775613";"B01";"0";"7";"0";"2";"3";"1";"1";""
"202400003528";"155775610";"B01";"1";"7";"0";"2";"8";"0";"1";""
"202400003528";"155775611";"A01";"1";"7";"0";"2";"5";"0";"1";""
"202400003529";"155775608";"A01";"2";"7";"0";"2";"1";"2";"1";""
"202400003529";"155775609";"B01";"2";"33";"0";"2";"1";"2";"1";""
"202400003530";"155775605";"C01";"1";"7";"0";"2";"1";"23";"1";""
"202400003530";"155775606";"A01";"1";"7";"0";"2";"2";"15";"1";""
"202400003530";"155775607";"B01";"2";"7";"0";"2";"3";"1";"1";""
"202400003531";"155775602";"A01";"2";"7";"0";"2";"7";"14";"1";""
"202400003531";"155775603";"B01";"2";"7";"0";"2";"8";"1";"1";""
"202400003531";"155775604";"C01";"2";"7";"3";"0";"7";"21";"1";""
"202400003532";"155775600";"A01";"1";"7";"0";"2";"1";"1";"1";""
"202400003532";"155775601";"B01";"2";"7";"0";"2";"1";"1";"1";""
"202400003533";"155775598";"A01";"2";"7";"0";"2";"8";"19";"1";""
"202400003533";"155775599";"B01";"1";"15";"0";"2";"1";"1";"1";""
"202400003534";"155775597";"A01";"3";"7";"2";"0";"3";"1";"1";""
"202400003535";"155775596";"A01";"1";"36";"0";"0";"7";"0";"1";""
"202400003536";"155775593";"C01";"2";"7";"0";"2";"1";"1";"1";""
"202400003536";"155775594";"A01";"1";"7";"0";"2";"7";"19";"1";""
"202400003536";"155775595";"B01";"0";"7";"0";"2";"1";"23";"1";""
"202400003537";"155775592";"A01";"1";"7";"8";"0";"1";"1";"1";""
"202400003538";"155775589";"A01";"2";"7";"0";"0";"4";"2";"1";""
"202400003538";"155775590";"B01";"2";"33";"0";"2";"1";"2";"1";""
"202400003538";"155775591";"C01";"2";"33";"0";"2";"1";"2";"1";""
"202400003539";"155775588";"A01";"1";"1";"12";"0";"1";"1";"5";""
"202400003540";"155775586";"B01";"3";"50";"0";"2";"1";"1";"3";""
"202400003540";"155775587";"A01";"1";"7";"0";"2";"5";"1";"1";""
"202400003541";"155775584";"A01";"2";"7";"0";"9";"2";"2";"1";""
"202400003541";"155775585";"B01";"2";"1";"0";"2";"4";"2";"5";""
"202400003542";"155775582";"A01";"1";"33";"0";"2";"1";"1";"1";""
"202400003542";"155775583";"B01";"1";"7";"0";"2";"3";"15";"1";""
"202400003543";"155775580";"A01";"1";"7";"0";"2";"1";"0";"1";""
"202400003543";"155775581";"B01";"2";"7";"0";"2";"1";"0";"1";""
"202400003544";"155775578";"B01";"2";"33";"0";"2";"3";"2";"1";""
"202400003544";"155775579";"A01";"2";"1";"0";"2";"1";"17";"5";""
"202400003545";"155775576";"A01";"2";"33";"8";"2";"1";"13";"1";""
"202400003545";"155775577";"B01";"1";"7";"0";"9";"8";"15";"1";""
"202400003546";"155775573";"A01";"1";"7";"0";"2";"3";"13";"1";""
"202400003546";"155775574";"B01";"2";"7";"0";"2";"3";"1";"1";""
"202400003546";"155775575";"C01";"2";"7";"0";"2";"3";"1";"1";""
"202400003547";"155775571";"A01";"2";"2";"0";"0";"8";"1";"1";""
"202400003547";"155775572";"B01";"1";"7";"0";"2";"8";"5";"0";""
"202400003548";"155775569";"A01";"3";"2";"0";"2";"1";"1";"1";""
"202400003548";"155775570";"B01";"3";"7";"0";"0";"4";"15";"1";""
"202400003549";"155775568";"A01";"3";"7";"13";"0";"3";"1";"1";""
"202400003550";"155775566";"A01";"2";"10";"0";"2";"1";"5";"1";""
"202400003550";"155775567";"B01";"1";"7";"0";"2";"1";"1";"1";""
"202400003551";"155775564";"A01";"2";"7";"0";"2";"3";"10";"1";""
"202400003551";"155775565";"B01";"2";"31";"0";"2";"1";"2";"3";""
"202400003552";"155775561";"A01";"1";"7";"0";"2";"1";"13";"1";""
"202400003552";"155775562";"B01";"2";"7";"0";"2";"3";"1";"1";""
"202400003552";"155775563";"C01";"1";"7";"0";"2";"7";"1";"1";""
"202400003553";"155775559";"A01";"2";"7";"0";"2";"1";"17";"1";""
"202400003553";"155775560";"B01";"1";"7";"0";"2";"1";"1";"1";""
"202400003554";"155775557";"A01";"2";"7";"0";"2";"1";"13";"1";""
"202400003554";"155775558";"B01";"1";"7";"0";"2";"1";"1";"1";""
"202400003555";"155775555";"A01";"1";"10";"0";"2";"1";"1";"1";""
"202400003555";"155775556";"B01";"2";"7";"0";"2";"8";"1";"1";""
"202400003556";"155775553";"A01";"2";"7";"0";"2";"1";"13";"1";""
"202400003556";"155775554";"B01";"1";"7";"0";"2";"1";"1";"2";""
"202400003557";"155775551";"A01";"2";"7";"0";"2";"2";"17";"1";""
"202400003557";"155775552";"B01";"2";"7";"0";"2";"8";"15";"1";""
"202400003558";"155775550";"A01";"1";"7";"13";"0";"0";"1";"1";""
"202400003559";"155775548";"A01";"1";"10";"0";"2";"2";"15";"1";""
"202400003559";"155775549";"B01";"2";"2";"0";"2";"1";"1";"1";""
"202400003560";"155775546";"A01";"2";"7";"3";"2";"2";"17";"1";""
"202400003560";"155775547";"B01";"2";"7";"3";"2";"3";"1";"1";""
"202400003561";"155775545";"A01";"2";"7";"13";"0";"8";"13";"1";""
"202400003562";"155775543";"A01";"2";"50";"0";"0";"0";"1";"3";""
"202400003563";"155775542";"A01";"2";"15";"0";"2";"1";"1";"1";""
"202400003563";"155775544";"C01";"2";"7";"0";"2";"4";"3";"1";""
"202400003564";"155775541";"A01";"2";"7";"13";"0";"0";"13";"1";""
"202400003565";"155775540";"A01";"1";"7";"0";"0";"2";"2";"0";""
"202400003566";"155775535";"A01";"3";"7";"13";"0";"7";"1";"1";""
"202400003567";"155775533";"B01";"2";"7";"0";"2";"1";"1";"1";""
"202400003567";"155775534";"A01";"1";"10";"7";"2";"7";"9";"1";""
"202400003568";"155775531";"B01";"2";"7";"0";"2";"1";"1";"1";""
"202400003568";"155775532";"A01";"1";"10";"0";"2";"2";"13";"1";""
"202400003569";"155775530";"A01";"2";"7";"8";"0";"1";"1";"1";""
"202400003570";"155775526";"B01";"2";"33";"0";"2";"1";"1";"1";""
"202400003570";"155775528";"A01";"1";"7";"0";"2";"3";"15";"1";""
"202400003571";"155775524";"A01";"3";"20";"0";"0";"9";"13";"1";""
"202400003572";"155775523";"A01";"2";"99";"0";"2";"1";"1";"1";""
"202400003572";"155775525";"B01";"1";"7";"0";"2";"1";"1";"1";""
"202400003573";"155775521";"A01";"2";"7";"6";"0";"3";"14";"1";""
"202400003574";"155775520";"A01";"2";"7";"0";"2";"1";"13";"1";""
"202400003574";"155775522";"B01";"1";"7";"0";"2";"3";"1";"1";""
"202400003575";"155775518";"A01";"2";"7";"0";"2";"1";"15";"1";""
"202400003575";"155775519";"B01";"1";"33";"0";"2";"8";"1";"1";""
"202400003576";"155775516";"A01";"0";"7";"0";"2";"1";"9";"1";""
"202400003576";"155775517";"B01";"0";"7";"0";"2";"1";"1";"1";""
"202400003577";"155775514";"A01";"1";"7";"0";"2";"1";"13";"1";""
"202400003577";"155775515";"B01";"2";"20";"0";"2";"1";"4";"1";""
"202400003578";"155775513";"A01";"1";"7";"0";"1";"1";"1";"1";""
"202400003579";"155775511";"A01";"0";"31";"0";"0";"8";"0";"1";""
"202400003580";"155775510";"A01";"2";"7";"0";"2";"5";"15";"1";""
"202400003580";"155775512";"B01";"1";"33";"0";"2";"1";"1";"1";""
"202400003581";"155775508";"A01";"1";"7";"0";"2";"3";"15";"1";""
"202400003581";"155775509";"B01";"1";"33";"0";"2";"1";"1";"1";""
"202400003582";"155775506";"A01";"1";"7";"0";"2";"2";"5";"1";""
"202400003582";"155775507";"B01";"2";"7";"0";"2";"7";"1";"1";""
"202400003583";"155775505";"A01";"2";"33";"15";"0";"1";"1";"1";""
"202400003584";"155775504";"A01";"2";"7";"0";"1";"2";"1";"1";""
"202400003585";"155775502";"B01";"2";"7";"0";"2";"3";"15";"1";""
"202400003585";"155775503";"A01";"2";"32";"0";"2";"2";"11";"1";""
"202400003586";"155775501";"A01";"1";"7";"2";"0";"2";"0";"1";""
"202400003587";"155775500";"A01";"1";"7";"2";"0";"2";"1";"1";""
"202400003588";"155775498";"A01";"3";"7";"0";"1";"7";"5";"1";""
"202400003589";"155775497";"B01";"2";"1";"0";"2";"2";"26";"5";""
"202400003589";"155775499";"A01";"1";"7";"0";"2";"3";"26";"1";""
"202400003590";"155775494";"A01";"2";"7";"0";"2";"4";"23";"1";""
"202400003590";"155775495";"B01";"2";"7";"0";"2";"1";"1";"0";""
"202400003591";"155775492";"A01";"2";"33";"0";"0";"0";"21";"1";""
"202400003592";"155775493";"A01";"1";"7";"0";"2";"1";"1";"1";""
"202400003592";"155775496";"B01";"1";"7";"8";"0";"2";"15";"1";""
"202400003593";"155775489";"A01";"1";"10";"13";"2";"3";"13";"1";""
"202400003593";"155775491";"B01";"2";"13";"13";"2";"3";"1";"1";""
"202400003594";"155775488";"A01";"1";"7";"0";"0";"3";"0";"1";""
"202400003594";"155775490";"B01";"2";"7";"0";"2";"3";"13";"1";""
"202400003595";"155775486";"A01";"1";"7";"2";"0";"7";"1";"1";""
"202400003596";"155775485";"A01";"1";"7";"0";"2";"2";"5";"1";""
"202400003596";"155775487";"B01";"2";"7";"0";"2";"3";"21";"1";""
"202400003597";"155775483";"B01";"2";"7";"0";"2";"1";"2";"1";""
"202400003597";"155775484";"A01";"2";"10";"0";"2";"4";"1";"1";""
"202400003598";"155775482";"A01";"2";"33";"0";"0";"8";"1";"1";""
"202400003599";"155775480";"A01";"1";"34";"6";"0";"2";"1";"1";""
"202400003600";"155775479";"A01";"1";"7";"0";"2";"8";"9";"1";""
"202400003600";"155775481";"B01";"1";"15";"0";"2";"7";"1";"1";""
"202400003601";"155775476";"B01";"2";"1";"0";"0";"6";"1";"5";""
"202400003601";"155775478";"A01";"1";"10";"0";"9";"2";"9";"1";""
"202400003602";"155775474";"C01";"2";"7";"0";"2";"4";"1";"1";""
"202400003602";"155775475";"A01";"2";"7";"0";"2";"1";"1";"1";""
"202400003602";"155775477";"B01";"2";"7";"0";"2";"7";"1";"1";""
"202400003603";"155775473";"A01";"1";"1";"0";"0";"1";"0";"5";""
"202400003604";"155775471";"A01";"1";"7";"6";"0";"2";"14";"1";""
"202400003605";"155775469";"A01";"1";"7";"0";"2";"1";"5";"1";""
"202400003605";"155775470";"B01";"1";"7";"0";"2";"1";"1";"1";""
"202400003605";"155775472";"C01";"1";"7";"0";"2";"1";"0";"1";""
"202400003606";"155775468";"A01";"1";"7";"0";"1";"7";"1";"1";""
"202400003607";"155775465";"A01";"2";"10";"0";"2";"3";"2";"1";""
"202400003607";"155775466";"B01";"2";"7";"0";"2";"4";"2";"1";""
"202400003607";"155775467";"C01";"2";"7";"0";"2";"4";"2";"1";""
"202400003608";"155775464";"A01";"1";"7";"2";"0";"1";"1";"1";""
"202400003609";"155775461";"B01";"1";"7";"0";"2";"1";"1";"1";""
"202400003609";"155775462";"C01";"1";"17";"0";"2";"1";"1";"1";""
"202400003609";"155775463";"A01";"1";"7";"0";"2";"4";"1";"1";""
"202400003610";"155775459";"A01";"1";"7";"0";"2";"3";"16";"1";""
"202400003610";"155775460";"B01";"2";"2";"0";"2";"1";"1";"1";""
"202400003611";"155775457";"A01";"1";"7";"0";"2";"1";"21";"1";""
"202400003611";"155775458";"B01";"1";"7";"0";"0";"4";"2";"1";""
"202400003612";"155775453";"A01";"2";"7";"0";"2";"1";"2";"1";""
"202400003612";"155775456";"B01";"2";"7";"0";"2";"4";"2";"1";""
"202400003613";"155775454";"A01";"1";"10";"0";"2";"3";"5";"1";""
"202400003613";"155775455";"B01";"2";"10";"0";"2";"3";"0";"1";""
"202400003614";"155775449";"A01";"3";"33";"0";"2";"1";"1";"1";""
"202400003614";"155775451";"B01";"3";"7";"0";"0";"4";"15";"1";""
"202400003615";"155775444";"F01";"1";"7";"0";"2";"4";"2";"1";""
"202400003615";"155775445";"A01";"1";"17";"0";"2";"1";"2";"1";""
"202400003615";"155775447";"B01";"1";"13";"0";"2";"1";"2";"1";""
"202400003615";"155775448";"D01";"1";"7";"0";"2";"4";"2";"1";""
"202400003615";"155775450";"E01";"1";"10";"0";"2";"1";"0";"1";""
"202400003615";"155775452";"C01";"1";"7";"0";"2";"1";"2";"2";""
"202400003616";"155775441";"A01";"1";"7";"0";"2";"2";"12";"1";""
"202400003616";"155775442";"B01";"1";"34";"0";"2";"3";"1";"1";""
"202400003617";"155775440";"A01";"2";"7";"16";"0";"9";"14";"1";""
"202400003618";"155775438";"A01";"1";"10";"0";"2";"6";"2";"1";""
"202400003618";"155775439";"B01";"1";"33";"0";"2";"1";"2";"1";""
"202400003619";"155775435";"B01";"3";"1";"0";"2";"1";"1";"5";""
"202400003619";"155775437";"A01";"3";"7";"0";"2";"3";"1";"2";""
"202400003620";"155775433";"A01";"2";"33";"0";"2";"1";"3";"1";""
"202400003620";"155775434";"B01";"2";"15";"0";"2";"2";"1";"1";""
"202400003620";"155775436";"C01";"2";"7";"0";"2";"4";"1";"1";""
"202400003621";"155775430";"A01";"2";"33";"0";"2";"3";"3";"1";""
"202400003621";"155775432";"B01";"2";"7";"0";"2";"5";"12";"1";""
"202400003622";"155775429";"B01";"3";"7";"0";"2";"7";"1";"1";""
"202400003622";"155775431";"A01";"0";"1";"0";"2";"1";"19";"5";""
"202400003623";"155775428";"A01";"1";"33";"4";"0";"1";"0";"1";""
"202400003624";"155775424";"B01";"2";"7";"0";"2";"4";"23";"1";""
"202400003624";"155775426";"A01";"2";"37";"0";"2";"1";"1";"1";"1"
"202400003625";"155775425";"A01";"1";"7";"0";"2";"3";"1";"1";""
"202400003625";"155775427";"B01";"2";"33";"0";"2";"1";"0";"1";""
"202400003626";"155775421";"B01";"1";"1";"0";"2";"1";"1";"5";""
"202400003626";"155775423";"A01";"1";"32";"0";"2";"6";"9";"1";""
"202400003627";"155775420";"A01";"2";"33";"0";"2";"3";"13";"1";""
"202400003627";"155775422";"B01";"1";"33";"0";"2";"3";"1";"1";""
"202400003628";"155775419";"A01";"1";"30";"8";"0";"1";"1";"1";""
"202400003629";"155775418";"A01";"3";"7";"6";"0";"3";"13";"1";""
"202400003630";"155775414";"A01";"1";"7";"0";"2";"1";"1";"1";""
"202400003630";"155775415";"B01";"1";"7";"0";"2";"4";"1";"1";""
"202400003630";"155775417";"C01";"1";"7";"0";"2";"4";"1";"1";""
"202400003631";"155775413";"A01";"0";"7";"0";"2";"1";"5";"1";""
"202400003631";"155775416";"B01";"0";"7";"0";"2";"6";"1";"1";""
"202400003632";"155775411";"B01";"1";"50";"0";"2";"3";"1";"3";""
"202400003632";"155775412";"A01";"1";"7";"0";"2";"2";"18";"1";""
"202400003633";"155775407";"A01";"1";"7";"0";"2";"3";"0";"1";""
"202400003633";"155775408";"B01";"2";"7";"0";"2";"7";"13";"1";""
"202400003634";"155775405";"A01";"1";"32";"0";"2";"1";"1";"1";""
"202400003634";"155775406";"B01";"1";"7";"0";"2";"8";"2";"1";""
"202400003635";"155775409";"B01";"1";"7";"0";"2";"3";"1";"1";""
"202400003635";"155775410";"A01";"2";"7";"0";"2";"3";"13";"1";""
"202400003636";"155775402";"A01";"2";"1";"0";"2";"1";"1";"5";""
"202400003636";"155775403";"B01";"2";"10";"0";"2";"5";"17";"1";""
"202400003637";"155775401";"A01";"2";"30";"0";"2";"1";"1";"1";""
"202400003637";"155775404";"B01";"1";"7";"0";"9";"8";"15";"1";""
"202400003638";"155775400";"A01";"1";"33";"6";"0";"1";"6";"1";""
"202400003639";"155775398";"A01";"2";"7";"0";"2";"1";"1";"1";""
"202400003639";"155775399";"B01";"2";"7";"0";"2";"4";"1";"1";""
"202400003640";"155775394";"A01";"1";"1";"14";"2";"1";"1";"5";""
"202400003640";"155775395";"B01";"1";"7";"0";"2";"5";"23";"1";""
"202400003641";"155775396";"B01";"2";"7";"0";"2";"1";"11";"1";""
"202400003641";"155775397";"A01";"1";"33";"0";"0";"1";"1";"1";""
"202400003642";"155775392";"A01";"3";"32";"0";"2";"1";"15";"1";""
"202400003642";"155775393";"B01";"3";"2";"0";"2";"1";"16";"0";""
"202400003643";"155775391";"A01";"1";"7";"8";"0";"0";"0";"1";""
"202400003644";"155775390";"A01";"2";"7";"0";"1";"3";"15";"1";""
"202400003645";"155775388";"A01";"0";"7";"0";"0";"6";"4";"1";""
"202400003645";"155775389";"B01";"0";"2";"0";"2";"1";"2";"1";""
"202400003646";"155775386";"A01";"3";"7";"0";"2";"1";"19";"1";""
"202400003646";"155775387";"B01";"3";"34";"0";"0";"0";"0";"0";""
"202400003647";"155775383";"A01";"2";"50";"0";"2";"1";"5";"3";""
"202400003647";"155775385";"B01";"1";"7";"0";"2";"2";"1";"1";""
"202400003648";"155775382";"A01";"1";"33";"0";"2";"8";"3";"1";""
"202400003648";"155775384";"B01";"2";"7";"0";"2";"7";"12";"1";""
"202400003649";"155775380";"A01";"1";"7";"1";"1";"3";"15";"1";""
"202400003650";"155775379";"A01";"1";"7";"8";"2";"8";"1";"1";""
"202400003650";"155775381";"B01";"1";"7";"0";"2";"1";"1";"2";""
"202400003651";"155775377";"B01";"2";"50";"0";"2";"7";"26";"3";""
"202400003651";"155775378";"A01";"3";"7";"0";"2";"3";"9";"1";""
"202400003652";"155775376";"A01";"3";"7";"0";"1";"4";"26";"1";""
"202400003653";"155775374";"A01";"0";"7";"0";"2";"3";"15";"1";""
"202400003653";"155775375";"B01";"0";"33";"0";"2";"1";"1";"1";""
"202400003654";"155775373";"A01";"1";"2";"7";"0";"0";"1";"1";""
"202400003655";"155775370";"A01";"2";"7";"0";"2";"2";"2";"1";""
"202400003655";"155775372";"B01";"2";"10";"0";"2";"8";"2";"1";""
"202400003656";"155775369";"A01";"2";"7";"0";"2";"1";"2";"1";""
"202400003656";"155775371";"B01";"2";"7";"0";"2";"4";"2";"1";""
"202400003657";"155775367";"A01";"3";"7";"0";"2";"6";"1";"1";""
"202400003657";"155775368";"B01";"1";"7";"0";"2";"1";"1";"1";""
"202400003658";"155775363";"A01";"1";"7";"0";"2";"1";"1";"1";""
"202400003658";"155775364";"B01";"1";"7";"0";"2";"1";"1";"2";""
"202400003658";"155775366";"C01";"1";"7";"0";"2";"1";"1";"1";""
"202400003659";"155775362";"A01";"1";"10";"0";"2";"1";"1";"1";""
"202400003659";"155775365";"B01";"1";"7";"0";"2";"8";"19";"1";""
"202400003660";"155775360";"B01";"1";"7";"0";"2";"5";"1";"1";""
"202400003660";"155775361";"A01";"1";"7";"0";"2";"3";"11";"1";""
"202400003661";"155775358";"A01";"2";"10";"0";"2";"7";"14";"0";""
"202400003661";"155775359";"B01";"2";"33";"0";"2";"3";"1";"1";""
"202400003662";"155775356";"A01";"0";"7";"0";"1";"1";"1";"0";""
"202400003663";"155775355";"B01";"1";"10";"0";"2";"6";"9";"1";""
"202400003663";"155775357";"A01";"1";"7";"0";"2";"2";"1";"1";""
"202400003664";"155775353";"A01";"3";"33";"0";"2";"3";"17";"1";""
"202400003664";"155775354";"B01";"3";"7";"0";"2";"3";"20";"1";""
"202400003665";"155775352";"A01";"2";"7";"4";"0";"1";"13";"1";""
"202400003666";"155775349";"B01";"3";"10";"0";"9";"3";"15";"1";""
"202400003666";"155775351";"A01";"3";"1";"0";"2";"2";"1";"5";""
"202400003667";"155775348";"A01";"1";"7";"0";"2";"8";"11";"1";""
"202400003667";"155775350";"B01";"1";"34";"0";"2";"7";"3";"1";""
"202400003668";"155775345";"A01";"1";"43";"0";"2";"1";"1";"1";""
"202400003668";"155775346";"B01";"2";"7";"0";"2";"2";"1";"1";""
"202400003668";"155775347";"C01";"2";"7";"0";"2";"3";"1";"1";""
"202400003669";"155775343";"A01";"2";"7";"0";"2";"8";"11";"1";""
"202400003669";"155775344";"B01";"2";"7";"0";"2";"2";"1";"1";""
"202400003670";"155775342";"A01";"1";"7";"1";"1";"1";"1";"1";""
"202400003671";"155775340";"A01";"1";"7";"0";"2";"7";"14";"1";""
"202400003671";"155775341";"B01";"1";"33";"0";"2";"8";"2";"1";""
"202400003672";"155775339";"A01";"3";"50";"8";"0";"1";"1";"3";""
"202400003673";"155775337";"B01";"1";"7";"0";"2";"7";"12";"1";""
"202400003673";"155775338";"A01";"1";"31";"0";"2";"1";"3";"1";""
"202400003674";"155775335";"A01";"3";"7";"0";"2";"3";"15";"1";""
"202400003674";"155775336";"B01";"3";"13";"0";"2";"2";"1";"1";""
"202400003675";"155775330";"D01";"2";"7";"0";"2";"1";"2";"0";""
"202400003675";"155775332";"A01";"2";"7";"0";"2";"4";"2";"1";""
"202400003675";"155775333";"B01";"2";"7";"0";"2";"4";"2";"1";""
"202400003675";"155775334";"C01";"2";"7";"0";"2";"4";"2";"3";""
"202400003676";"155775329";"B01";"3";"50";"0";"2";"1";"5";"3";""
"202400003676";"155775331";"A01";"3";"7";"0";"2";"1";"9";"1";""
"202400003677";"155775326";"B01";"3";"32";"0";"2";"1";"1";"1";""
"202400003677";"155775328";"A01";"2";"7";"0";"2";"6";"9";"1";""
"202400003678";"155775325";"A01";"1";"30";"0";"2";"8";"1";"1";""
"202400003678";"155775327";"Z01";"1";"7";"0";"2";"1";"20";"1";""
"202400003679";"155775323";"A01";"0";"80";"0";"1";"1";"26";"3";""