"Num_Acc";"id_vehicule";"num_veh";"senc";"catv";"obs";"obsm";"choc";"manv";"motor";"occutc"
"202400003680";"155775322";"A01";"1";"7";"0";"2";"0";"0";"1";""
"202400003680";"155775324";"B01";"1";"10";"0";"2";"0";"1";"1";""
"202400003681";"155775320";"A01";"1";"33";"0";"0";"1";"1";"1";""
"202400003682";"155775319";"A01";"2";"30";"0";"2";"8";"17";"1";""
"202400003682";"155775321";"B01";"2";"10";"0";"2";"8";"15";"1";""
"202400003683";"155775318";"A01";"1";"33";"17";"0";"1";"1";"1";""
"202400003684";"155775316";"A01";"3";"30";"0";"2";"1";"2";"1";""
"202400003684";"155775317";"B01";"3";"7";"0";"2";"4";"1";"1";""
"202400003685";"155775315";"A01";"1";"7";"6";"0";"2";"21";"1";""
"202400003686";"155775314";"A01";"2";"7";"0";"1";"1";"1";"1";""
"202400003687";"155775313";"A01";"1";"7";"0";"1";"7";"1";"1";""
"202400003688";"155775311";"A01";"1";"7";"0";"2";"1";"1";"1";""
"202400003688";"155775312";"B01";"1";"7";"0";"1";"3";"23";"1";""
"202400003689";"155775308";"A01";"2";"7";"0";"2";"6";"15";"1";""
"202400003689";"155775310";"B01";"2";"31";"0";"2";"1";"17";"1";""
"202400003690";"155775307";"A01";"1";"0";"0";"2";"0";"26";"1";""
"202400003690";"155775309";"B01";"0";"7";"0";"2";"0";"0";"1";""
"202400003691";"155775304";"B01";"3";"34";"0";"2";"1";"1";"1";""
"202400003691";"155775306";"A01";"3";"7";"0";"2";"3";"19";"1";""
"202400003692";"155775303";"A01";"1";"7";"0";"2";"3";"26";"1";""
"202400003692";"155775305";"B01";"3";"31";"0";"2";"2";"1";"1";""
"202400003693";"155775302";"A01";"2";"7";"0";"1";"1";"17";"1";""
"202400003694";"155775301";"A01";"1";"7";"0";"1";"7";"1";"1";""
"202400003695";"155775299";"A01";"3";"7";"0";"1";"1";"1";"1";""
"202400003696";"155775298";"A01";"2";"14";"0";"2";"1";"2";"1";""
"202400003696";"155775300";"B01";"2";"7";"0";"2";"4";"2";"1";""
"202400003697";"155775295";"A01";"1";"7";"0";"2";"6";"12";"1";""
"202400003697";"155775297";"B01";"1";"33";"0";"2";"2";"13";"1";""
"202400003698";"155775294";"A01";"1";"32";"0";"2";"1";"2";"1";""
"202400003698";"155775296";"B01";"1";"7";"0";"2";"5";"1";"1";""
"202400003699";"155775291";"A01";"3";"1";"0";"2";"8";"11";"5";""
"202400003699";"155775293";"B01";"3";"7";"0";"2";"1";"13";"1";""
"202400003700";"155775290";"A01";"1";"7";"0";"2";"3";"0";"1";""
"202400003700";"155775292";"B01";"1";"7";"0";"2";"0";"0";"1";""
"202400003701";"155775289";"A01";"3";"30";"0";"0";"0";"1";"1";""
"202400003702";"155775285";"B01";"0";"7";"0";"2";"7";"1";"1";""
"202400003702";"155775287";"A01";"1";"1";"0";"2";"1";"1";"5";""
"202400003703";"155775286";"A01";"1";"10";"0";"2";"1";"0";"0";""
"202400003703";"155775288";"B01";"1";"10";"0";"1";"4";"0";"0";""
"202400003704";"155775283";"A01";"3";"37";"0";"1";"1";"1";"1";"1"
"202400003705";"155775282";"B01";"2";"32";"0";"2";"3";"0";"0";""
"202400003705";"155775284";"A01";"1";"7";"0";"2";"3";"0";"1";""
"202400003706";"155775280";"A01";"3";"7";"15";"0";"1";"14";"1";""
"202400003707";"155775281";"A01";"1";"7";"0";"1";"1";"15";"1";""
"202400003708";"155775278";"A01";"1";"50";"0";"0";"0";"0";"3";""
"202400003709";"155775277";"B01";"2";"7";"0";"2";"1";"1";"1";""
"202400003709";"155775279";"A01";"1";"30";"0";"2";"1";"5";"1";""
"202400003710";"155775275";"A01";"1";"7";"0";"2";"1";"19";"1";""
"202400003710";"155775276";"B01";"2";"7";"0";"2";"1";"1";"1";""
"202400003711";"155775274";"A01";"1";"7";"0";"1";"3";"1";"1";""
"202400003712";"155775271";"A01";"1";"1";"0";"2";"1";"1";"5";""
"202400003712";"155775273";"B01";"2";"1";"0";"2";"1";"1";"5";""
"202400003713";"155775270";"B01";"3";"1";"0";"2";"1";"5";"5";""
"202400003713";"155775272";"A01";"1";"7";"0";"2";"1";"16";"1";""
"202400003714";"155775267";"B01";"1";"50";"0";"2";"7";"16";"3";""
"202400003714";"155775269";"A01";"3";"7";"0";"2";"1";"1";"1";""
"202400003715";"155775264";"A01";"2";"30";"0";"2";"3";"18";"1";""
"202400003715";"155775265";"B01";"2";"7";"0";"2";"5";"12";"1";""
"202400003716";"155775263";"A01";"1";"7";"0";"2";"1";"14";"1";""
"202400003716";"155775266";"B01";"2";"10";"0";"2";"1";"1";"1";""
"202400003717";"155775261";"A01";"1";"1";"0";"2";"0";"0";"5";""
"202400003717";"155775262";"B01";"1";"7";"0";"2";"2";"0";"1";""
"202400003718";"155775258";"A01";"3";"7";"0";"1";"3";"9";"1";""
"202400003719";"155775257";"B01";"1";"7";"0";"2";"4";"1";"1";""
"202400003719";"155775259";"C01";"1";"7";"0";"2";"4";"1";"1";""
"202400003719";"155775260";"A01";"1";"7";"0";"2";"1";"1";"1";""
"202400003720";"155775255";"A01";"2";"7";"0";"1";"0";"2";"1";""
"202400003721";"155775254";"B01";"0";"7";"0";"2";"8";"1";"1";""
"202400003721";"155775256";"A01";"2";"50";"0";"2";"1";"26";"3";""
"202400003722";"155775253";"A01";"2";"50";"0";"2";"0";"26";"3";""
"202400003723";"155775252";"A01";"3";"7";"0";"1";"1";"1";"1";""
"202400003724";"155775250";"B01";"2";"7";"0";"2";"1";"16";"1";""
"202400003724";"155775251";"A01";"1";"80";"0";"2";"7";"19";"3";""
"202400003725";"155775248";"A01";"0";"33";"2";"0";"1";"1";"1";""
"202400003726";"155775247";"A01";"3";"10";"0";"2";"2";"19";"1";""
"202400003726";"155775249";"B01";"1";"30";"0";"2";"1";"1";"1";""
"202400003727";"155775245";"A01";"2";"7";"0";"2";"5";"17";"1";""
"202400003727";"155775246";"B01";"2";"2";"0";"2";"8";"1";"1";""
"202400003728";"155775243";"B01";"3";"7";"0";"2";"1";"1";"1";""
"202400003728";"155775244";"A01";"3";"7";"0";"2";"1";"15";"1";""
"202400003729";"155775241";"A01";"1";"33";"0";"2";"1";"7";"1";""
"202400003729";"155775242";"B01";"1";"7";"0";"2";"7";"16";"1";""
"202400003730";"155775239";"A01";"2";"7";"0";"2";"1";"9";"1";""
"202400003730";"155775240";"B01";"1";"2";"0";"2";"7";"2";"1";""
"202400003731";"155775237";"A01";"3";"10";"0";"2";"1";"1";"1";""
"202400003731";"155775238";"B01";"3";"7";"0";"2";"4";"2";"1";""
"202400003732";"155775233";"B01";"1";"10";"0";"2";"3";"15";"1";""
"202400003732";"155775235";"A01";"1";"33";"0";"2";"1";"17";"1";""
"202400003733";"155775234";"A01";"1";"7";"0";"2";"7";"1";"1";""
"202400003733";"155775236";"B01";"1";"7";"0";"2";"1";"1";"1";""
"202400003734";"155775232";"A01";"1";"7";"3";"0";"1";"14";"1";""
"202400003735";"155775231";"A01";"1";"7";"11";"0";"1";"14";"1";""
"202400003736";"155775229";"A01";"1";"7";"0";"2";"5";"1";"1";""
"202400003736";"155775230";"B01";"2";"2";"0";"2";"1";"0";"1";""
"202400003737";"155775227";"B01";"2";"1";"0";"2";"1";"1";"5";""
"202400003737";"155775228";"A01";"2";"80";"0";"2";"1";"13";"3";""
"202400003738";"155775225";"A01";"2";"7";"0";"4";"7";"13";"1";""
"202400003738";"155775226";"B01";"2";"40";"0";"2";"1";"1";"3";""
"202400003739";"155775223";"A01";"2";"30";"0";"2";"1";"1";"1";""
"202400003739";"155775224";"B01";"1";"7";"0";"2";"8";"16";"1";""
"202400003740";"155775219";"A01";"1";"37";"0";"1";"2";"13";"6";"2"
"202400003741";"155775218";"A01";"0";"32";"0";"2";"1";"1";"1";""
"202400003741";"155775220";"B01";"0";"10";"0";"2";"4";"1";"1";""
"202400003742";"155775216";"A01";"1";"7";"0";"1";"1";"1";"1";""
"202400003743";"155775215";"A01";"1";"80";"0";"2";"1";"9";"3";""
"202400003743";"155775217";"B01";"1";"7";"0";"2";"0";"1";"1";""
"202400003744";"155775212";"A01";"2";"30";"0";"2";"1";"2";"1";""
"202400003744";"155775213";"B01";"2";"10";"0";"2";"5";"23";"3";""
"202400003745";"155775211";"B01";"2";"1";"0";"2";"0";"1";"5";""
"202400003745";"155775214";"A01";"3";"17";"0";"9";"1";"16";"1";""
"202400003746";"155775210";"A01";"1";"32";"0";"1";"3";"1";"1";""
"202400003747";"155775209";"A01";"3";"7";"8";"0";"1";"0";"1";""
"202400003748";"155775207";"A01";"1";"31";"8";"0";"1";"21";"1";""
"202400003749";"155775206";"A01";"2";"10";"0";"2";"1";"1";"1";""
"202400003749";"155775208";"B01";"2";"7";"0";"2";"4";"1";"1";""
"202400003750";"155775204";"A01";"3";"33";"0";"0";"8";"1";"1";""
"202400003751";"155775203";"A01";"0";"7";"0";"2";"4";"1";"1";""
"202400003751";"155775205";"Z01";"0";"7";"0";"2";"1";"1";"1";""
"202400003752";"155775201";"A01";"3";"7";"0";"1";"3";"17";"1";""
"202400003753";"155775202";"A01";"2";"7";"0";"0";"1";"1";"1";""
"202400003754";"155775199";"B01";"0";"7";"0";"0";"3";"15";"1";""
"202400003754";"155775200";"A01";"3";"32";"0";"2";"8";"1";"1";""
"202400003755";"155775197";"A01";"3";"32";"0";"2";"8";"1";"1";""
"202400003755";"155775198";"B01";"3";"3";"0";"2";"2";"1";"3";""
"202400003756";"155775194";"A01";"3";"30";"0";"2";"1";"0";"1";""
"202400003756";"155775196";"B01";"0";"7";"0";"2";"1";"16";"1";""
"202400003757";"155775193";"A01";"3";"2";"14";"2";"1";"19";"1";""
"202400003757";"155775195";"B01";"3";"7";"14";"2";"3";"1";"1";""
"202400003758";"155775189";"A01";"2";"7";"0";"2";"1";"13";"1";""
"202400003758";"155775190";"B01";"1";"33";"0";"2";"1";"1";"1";""
"202400003759";"155775188";"A01";"1";"33";"12";"0";"7";"1";"1";""
"202400003760";"155775187";"A01";"3";"1";"16";"0";"0";"1";"5";""
"202400003761";"155775184";"Z01";"2";"7";"0";"2";"1";"0";"0";""
"202400003761";"155775186";"A01";"2";"7";"0";"2";"6";"1";"0";""
"202400003762";"155775183";"A01";"1";"7";"0";"2";"7";"15";"3";""
"202400003762";"155775185";"B01";"2";"7";"0";"2";"1";"2";"1";""
"202400003763";"155775181";"A01";"1";"33";"0";"0";"0";"1";"1";""
"202400003764";"155775180";"A01";"2";"7";"0";"2";"3";"11";"1";""
"202400003764";"155775182";"B01";"2";"33";"0";"2";"2";"3";"1";""
"202400003765";"155775177";"A01";"1";"7";"0";"2";"1";"1";"1";""
"202400003765";"155775178";"B01";"2";"7";"0";"2";"6";"1";"2";""
"202400003766";"155775176";"A01";"3";"10";"0";"2";"7";"1";"1";""
"202400003766";"155775179";"B01";"3";"10";"0";"2";"1";"1";"3";""
"202400003767";"155775175";"A01";"1";"43";"4";"0";"3";"3";"1";""
"202400003768";"155775172";"B01";"1";"43";"0";"2";"5";"3";"1";""
"202400003768";"155775173";"A01";"1";"7";"0";"2";"5";"12";"3";""
"202400003769";"155775171";"A01";"3";"7";"0";"2";"1";"1";"1";""
"202400003769";"155775174";"B01";"3";"7";"0";"2";"3";"15";"2";""
"202400003770";"155775168";"A01";"3";"7";"0";"2";"2";"12";"1";""
"202400003770";"155775169";"B01";"3";"7";"0";"2";"8";"2";"1";""
"202400003771";"155775167";"B01";"3";"14";"0";"2";"1";"1";"1";""
"202400003771";"155775170";"A01";"3";"31";"0";"2";"0";"0";"1";""
"202400003772";"155775166";"A01";"1";"7";"6";"0";"1";"26";"1";""
"202400003773";"155775165";"A01";"1";"43";"0";"0";"3";"1";"1";""
"202400003774";"155775163";"A01";"2";"80";"14";"0";"3";"13";"3";""
"202400003775";"155775162";"A01";"1";"30";"0";"2";"1";"1";"1";""
"202400003775";"155775164";"Y01";"1";"50";"0";"2";"3";"15";"3";""
"202400003776";"155775160";"A01";"2";"31";"0";"1";"1";"1";"1";""
"202400003777";"155775159";"B01";"3";"10";"0";"2";"1";"1";"1";""
"202400003777";"155775161";"A01";"1";"7";"8";"2";"5";"1";"1";""
"202400003778";"155775156";"B01";"2";"7";"0";"2";"3";"1";"1";""
"202400003778";"155775158";"A01";"1";"60";"0";"2";"1";"13";"5";""
"202400003779";"155775152";"A01";"1";"7";"7";"0";"1";"6";"1";""
"202400003780";"155775151";"B01";"2";"7";"9";"0";"8";"1";"1";""
"202400003780";"155775153";"Z01";"2";"7";"0";"2";"0";"26";"4";""
"202400003780";"155775154";"A01";"2";"33";"14";"2";"7";"14";"1";""
"202400003781";"155775148";"A01";"3";"7";"0";"2";"1";"1";"1";""
"202400003781";"155775150";"B01";"0";"7";"0";"0";"4";"1";"1";""
"202400003782";"155775149";"A01";"1";"50";"4";"0";"3";"13";"3";""
"202400003783";"155775146";"A01";"1";"7";"0";"1";"3";"1";"3";""
"202400003784";"155775145";"A01";"1";"2";"0";"2";"8";"18";"1";""
"202400003784";"155775147";"B01";"1";"1";"0";"2";"7";"14";"5";""
"202400003785";"155775141";"B01";"1";"7";"0";"0";"3";"1";"1";""
"202400003785";"155775143";"A01";"1";"7";"0";"0";"5";"1";"2";""
"202400003786";"155775142";"B01";"1";"7";"0";"2";"4";"2";"1";""
"202400003786";"155775144";"A01";"1";"7";"0";"2";"1";"2";"2";""
"202400003787";"155775140";"A01";"0";"10";"0";"1";"2";"1";"1";""
"202400003788";"155775139";"A01";"2";"7";"0";"1";"7";"1";"1";""
"202400003789";"155775138";"A01";"1";"7";"0";"1";"1";"1";"1";""
"202400003790";"155775135";"B01";"1";"1";"0";"2";"2";"1";"5";""
"202400003790";"155775137";"Z01";"1";"10";"0";"2";"3";"15";"1";""
"202400003791";"155775134";"A01";"2";"7";"0";"2";"1";"15";"1";""
"202400003791";"155775136";"B01";"1";"1";"0";"2";"8";"1";"5";""
"202400003792";"155775130";"B01";"3";"10";"0";"2";"3";"1";"1";""
"202400003792";"155775132";"A01";"3";"7";"0";"2";"1";"15";"1";""
"202400003793";"155775131";"A01";"1";"7";"0";"2";"1";"19";"1";""
"202400003793";"155775133";"B01";"1";"7";"0";"2";"4";"2";"1";""
"202400003794";"155775127";"Z01";"1";"7";"0";"2";"6";"22";"1";""
"202400003794";"155775129";"A01";"1";"50";"0";"2";"1";"1";"3";""
"202400003795";"155775126";"A01";"3";"10";"0";"2";"3";"15";"1";""
"202400003795";"155775128";"B01";"3";"7";"0";"2";"6";"1";"1";""
"202400003796";"155775122";"A01";"1";"7";"0";"9";"3";"15";"1";""
"202400003796";"155775124";"B01";"2";"1";"0";"2";"1";"2";"5";""
"202400003797";"155775123";"A01";"1";"33";"0";"2";"3";"18";"1";""
"202400003797";"155775125";"B01";"1";"7";"0";"2";"2";"14";"2";""
"202400003798";"155775118";"A01";"1";"7";"0";"2";"1";"16";"1";""
"202400003798";"155775120";"B01";"2";"50";"0";"2";"7";"19";"3";""
"202400003799";"155775117";"C01";"3";"14";"0";"0";"4";"0";"0";""
"202400003799";"155775119";"A01";"3";"10";"0";"2";"1";"2";"1";""
"202400003799";"155775121";"B01";"0";"10";"0";"2";"4";"2";"1";""
"202400003800";"155775116";"A01";"1";"7";"1";"0";"1";"14";"2";""
"202400003801";"155775113";"A01";"1";"1";"0";"1";"1";"1";"5";""
"202400003802";"155775111";"B01";"1";"10";"0";"2";"7";"16";"1";""
"202400003802";"155775112";"A01";"1";"33";"0";"2";"3";"18";"1";""
"202400003803";"155775114";"A01";"2";"7";"0";"2";"5";"17";"1";""
"202400003803";"155775115";"B01";"2";"7";"0";"2";"3";"0";"0";""
"202400003804";"155775109";"B01";"3";"1";"0";"2";"7";"1";"5";""
"202400003804";"155775110";"A01";"3";"1";"0";"2";"8";"15";"5";""
"202400003805";"155775107";"A01";"2";"7";"0";"2";"3";"1";"1";""
"202400003805";"155775108";"B01";"1";"2";"0";"2";"2";"1";"1";""
"202400003806";"155775106";"A01";"1";"80";"12";"0";"1";"13";"3";""
"202400003807";"155775104";"A01";"1";"50";"0";"0";"0";"1";"3";""
"202400003808";"155775103";"A01";"1";"7";"0";"2";"0";"15";"1";""
"202400003808";"155775105";"B01";"1";"50";"0";"2";"8";"1";"3";""
"202400003809";"155775100";"B01";"1";"1";"0";"2";"0";"0";"5";""
"202400003809";"155775101";"A01";"1";"32";"0";"9";"1";"16";"1";""
"202400003810";"155775099";"A01";"1";"7";"0";"2";"2";"15";"1";""
"202400003810";"155775102";"B01";"1";"7";"0";"2";"8";"1";"2";""
"202400003811";"155775096";"B01";"2";"7";"0";"2";"2";"1";"0";""
"202400003811";"155775098";"A01";"2";"7";"0";"2";"3";"17";"1";""
"202400003812";"155775097";"A01";"1";"7";"0";"1";"1";"16";"0";""
"202400003813";"155775095";"A01";"1";"14";"0";"1";"5";"4";"1";""
"202400003814";"155775094";"A01";"2";"34";"0";"1";"1";"1";"1";""
"202400003815";"155775091";"A01";"3";"7";"0";"2";"2";"15";"1";""
"202400003815";"155775093";"B01";"2";"33";"0";"2";"1";"1";"1";""
"202400003816";"155775092";"A01";"2";"7";"0";"1";"1";"1";"1";""
"202400003817";"155775090";"A01";"2";"60";"14";"0";"1";"1";"5";""
"202400003818";"155775088";"A01";"1";"7";"0";"2";"1";"2";"1";""
"202400003818";"155775089";"B01";"1";"32";"0";"2";"4";"2";"1";""
"202400003819";"155775086";"B01";"1";"7";"0";"2";"1";"1";"1";""
"202400003819";"155775087";"A01";"1";"7";"0";"2";"3";"16";"1";""
"202400003820";"155775084";"A01";"1";"7";"0";"2";"1";"5";"2";""
"202400003820";"155775085";"B01";"1";"31";"0";"2";"7";"1";"1";""
"202400003821";"155775082";"B01";"3";"7";"0";"2";"2";"19";"3";""
"202400003821";"155775083";"A01";"2";"30";"0";"2";"3";"1";"3";""
"202400003822";"155775080";"B01";"1";"7";"0";"2";"2";"1";"1";""
"202400003822";"155775081";"A01";"1";"7";"8";"2";"1";"1";"2";""
"202400003823";"155775079";"A01";"1";"1";"12";"0";"1";"26";"5";""
"202400003824";"155775078";"A01";"1";"10";"0";"1";"4";"4";"3";""
"202400003825";"155775074";"B01";"2";"7";"0";"0";"3";"13";"0";""
"202400003825";"155775075";"A01";"1";"7";"0";"2";"3";"13";"1";""
"202400003825";"155775076";"C01";"2";"7";"0";"2";"8";"13";"1";""
"202400003825";"155775077";"D01";"2";"7";"0";"2";"3";"13";"1";""
"202400003826";"155775072";"A01";"2";"21";"0";"2";"6";"15";"0";""
"202400003826";"155775073";"B01";"2";"33";"0";"2";"1";"17";"1";""
"202400003827";"155775071";"A01";"1";"2";"15";"0";"2";"1";"1";""
"202400003828";"155775069";"B01";"1";"33";"0";"2";"1";"0";"1";""
"202400003828";"155775070";"A01";"1";"7";"0";"2";"7";"15";"1";""
"202400003829";"155775067";"A01";"1";"7";"0";"2";"1";"1";"1";""
"202400003829";"155775068";"B01";"2";"7";"0";"2";"1";"1";"1";""
"202400003830";"155775065";"B01";"2";"7";"0";"2";"1";"15";"1";""
"202400003830";"155775066";"A01";"1";"33";"0";"2";"1";"17";"1";""
"202400003831";"155775063";"A01";"1";"7";"0";"2";"3";"10";"1";""
"202400003831";"155775064";"B01";"1";"33";"0";"2";"1";"21";"1";""
"202400003832";"155775061";"A01";"1";"15";"0";"2";"2";"2";"1";""
"202400003832";"155775062";"B01";"1";"15";"0";"0";"6";"2";"1";""
"202400003833";"155775060";"A01";"2";"33";"0";"0";"0";"16";"1";""
"202400003834";"155775058";"A01";"2";"10";"0";"2";"3";"13";"1";""
"202400003834";"155775059";"B01";"1";"17";"0";"2";"3";"1";"1";""
"202400003835";"155775057";"A01";"2";"7";"2";"0";"1";"21";"1";""
"202400003836";"155775056";"A01";"3";"7";"13";"0";"1";"13";"1";""
"202400003837";"155775054";"A01";"3";"7";"0";"2";"3";"1";"1";""
"202400003837";"155775055";"B01";"3";"7";"0";"2";"3";"1";"1";""
"202400003838";"155775052";"B01";"2";"33";"0";"2";"1";"1";"1";""
"202400003838";"155775053";"A01";"1";"7";"0";"2";"1";"15";"3";""
"202400003839";"155775050";"A01";"1";"7";"0";"0";"6";"1";"1";""
"202400003839";"155775051";"B01";"2";"80";"12";"0";"8";"5";"3";""
"202400003840";"155775048";"A01";"2";"2";"0";"2";"1";"1";"1";""
"202400003840";"155775049";"B01";"1";"7";"0";"2";"6";"1";"1";""
"202400003841";"155775047";"A01";"1";"33";"3";"0";"1";"2";"0";""
"202400003842";"155775044";"C01";"2";"13";"0";"2";"1";"1";"1";""
"202400003842";"155775045";"A01";"1";"7";"0";"2";"4";"1";"3";""
"202400003842";"155775046";"B01";"1";"10";"0";"2";"4";"1";"1";""
"202400003843";"155775043";"A01";"1";"33";"8";"0";"2";"14";"1";""
"202400003844";"155775042";"A01";"2";"33";"6";"9";"1";"1";"1";""
"202400003845";"155775039";"A01";"1";"7";"0";"2";"1";"1";"1";""
"202400003845";"155775040";"B01";"1";"7";"0";"2";"4";"1";"1";""
"202400003845";"155775041";"C01";"1";"7";"0";"2";"4";"1";"1";""
"202400003846";"155775038";"A01";"1";"33";"0";"0";"0";"1";"1";""
"202400003847";"155775034";"B01";"2";"10";"0";"2";"1";"1";"1";""
"202400003847";"155775035";"C01";"1";"7";"0";"2";"4";"23";"1";""
"202400003847";"155775036";"D01";"1";"7";"0";"2";"4";"23";"1";""
"202400003847";"155775037";"A01";"1";"7";"0";"2";"1";"13";"1";""
"202400003848";"155775031";"A01";"3";"7";"0";"2";"2";"1";"1";""
"202400003848";"155775032";"B01";"3";"7";"0";"2";"3";"1";"1";""
"202400003848";"155775033";"C01";"3";"7";"0";"2";"1";"0";"2";""
"202400003849";"155775030";"A01";"1";"33";"13";"0";"9";"14";"1";""
"202400003850";"155775028";"A01";"1";"7";"0";"2";"2";"17";"1";""
"202400003850";"155775029";"B01";"1";"7";"0";"2";"8";"15";"1";""
"202400003851";"155775027";"A01";"1";"33";"0";"0";"1";"1";"1";""
"202400003852";"155775025";"A01";"1";"7";"0";"2";"1";"13";"1";""
"202400003852";"155775026";"B01";"2";"17";"0";"2";"1";"1";"1";""
"202400003853";"155775023";"A01";"1";"7";"0";"2";"8";"19";"1";""
"202400003853";"155775024";"B01";"2";"33";"0";"2";"1";"1";"1";""
"202400003854";"155775020";"A01";"2";"7";"0";"2";"1";"2";"1";""
"202400003854";"155775021";"B01";"2";"7";"0";"2";"6";"13";"1";""
"202400003854";"155775022";"C01";"1";"7";"0";"2";"3";"1";"1";""
"202400003855";"155775017";"B01";"2";"7";"0";"2";"3";"9";"1";""
"202400003855";"155775018";"C01";"2";"7";"0";"0";"6";"26";"1";""
"202400003855";"155775019";"A01";"2";"2";"1";"2";"1";"1";"1";""
"202400003856";"155775016";"A01";"1";"2";"0";"0";"0";"0";"1";""
"202400003857";"155775014";"A01";"3";"1";"0";"9";"1";"1";"5";""
"202400003857";"155775015";"B01";"3";"1";"0";"9";"1";"1";"5";""
"202400003858";"155775013";"A01";"2";"33";"0";"0";"0";"1";"1";""
"202400003859";"155775011";"A01";"3";"10";"0";"2";"3";"13";"1";""
"202400003859";"155775012";"B01";"3";"1";"0";"2";"1";"1";"5";""
"202400003860";"155775010";"A01";"2";"7";"2";"0";"1";"1";"1";""
"202400003861";"155775009";"A01";"2";"2";"0";"0";"1";"0";"1";""
"202400003862";"155775008";"A01";"2";"7";"13";"0";"3";"13";"1";""
"202400003863";"155775006";"B01";"1";"7";"0";"2";"1";"5";"1";""
"202400003863";"155775007";"A01";"2";"7";"0";"2";"1";"5";"1";""
"202400003864";"155775004";"A01";"1";"7";"0";"2";"7";"15";"1";""
"202400003864";"155775005";"B01";"2";"34";"0";"2";"1";"1";"1";""
"202400003865";"155775002";"A01";"1";"7";"0";"0";"8";"16";"1";""
"202400003865";"155775003";"B01";"1";"7";"0";"2";"2";"1";"1";""
"202400003866";"155775001";"A01";"1";"7";"4";"0";"1";"1";"1";""
"202400003867";"155774999";"B01";"2";"7";"0";"0";"4";"1";"1";""
"202400003867";"155775000";"A01";"2";"10";"5";"2";"1";"0";"1";""
"202400003868";"155774997";"A01";"2";"7";"0";"2";"3";"11";"1";""
"202400003868";"155774998";"B01";"2";"33";"0";"2";"9";"3";"1";""
"202400003869";"155774995";"B01";"3";"2";"0";"0";"8";"9";"1";""
"202400003869";"155774996";"A01";"3";"7";"13";"2";"2";"1";"1";""
"202400003870";"155774993";"A01";"3";"33";"0";"2";"3";"13";"1";""
"202400003870";"155774994";"B01";"3";"7";"0";"2";"2";"26";"1";""
"202400003871";"155774992";"A01";"1";"31";"0";"0";"1";"0";"1";""
"202400003872";"155774990";"B01";"1";"1";"0";"9";"3";"12";"5";""
"202400003872";"155774991";"A01";"1";"7";"0";"2";"3";"9";"1";""
"202400003873";"155774988";"B01";"1";"7";"0";"0";"3";"15";"3";""
"202400003873";"155774989";"A01";"1";"33";"8";"0";"2";"17";"1";""
"202400003874";"155774986";"B01";"2";"31";"0";"2";"1";"1";"1";""
"202400003874";"155774987";"A01";"1";"7";"0";"2";"6";"15";"1";""
"202400003875";"155774984";"A01";"1";"32";"0";"2";"3";"1";"1";""
"202400003875";"155774985";"B01";"2";"1";"4";"2";"1";"13";"5";""
"202400003876";"155774982";"A01";"1";"33";"0";"2";"8";"13";"1";""
"202400003876";"155774983";"B01";"2";"10";"0";"2";"6";"1";"1";""
"202400003877";"155774980";"A01";"1";"7";"0";"2";"7";"1";"1";""
"202400003877";"155774981";"B01";"1";"33";"0";"2";"8";"3";"1";""
"202400003878";"155774978";"B01";"2";"50";"0";"2";"3";"9";"3";""
"202400003878";"155774979";"A01";"2";"7";"0";"2";"2";"9";"1";""
"202400003879";"155774976";"B01";"1";"7";"0";"2";"2";"1";"1";""
"202400003879";"155774977";"A01";"2";"33";"0";"2";"0";"0";"1";""
"202400003880";"155774974";"A01";"2";"10";"0";"2";"6";"17";"1";""
"202400003880";"155774975";"B01";"2";"33";"0";"2";"2";"17";"1";""
"202400003881";"155774972";"A01";"1";"33";"3";"2";"1";"0";"1";""
"202400003881";"155774973";"B01";"2";"38";"0";"2";"3";"0";"1";"1"
"202400003882";"155774971";"A01";"3";"7";"0";"0";"9";"1";"1";""
"202400003883";"155774969";"A01";"2";"7";"0";"2";"2";"19";"1";""
"202400003883";"155774970";"B01";"1";"7";"0";"2";"1";"1";"1";""
"202400003884";"155774967";"A01";"1";"7";"0";"2";"3";"1";"1";""
"202400003884";"155774968";"B01";"1";"1";"0";"2";"1";"1";"5";""
"202400003885";"155774965";"B01";"2";"7";"0";"2";"1";"1";"1";""
"202400003885";"155774966";"A01";"1";"10";"0";"2";"1";"1";"1";""
"202400003886";"155774963";"B01";"3";"7";"0";"2";"3";"13";"1";""
"202400003886";"155774964";"A01";"3";"7";"0";"2";"3";"1";"1";""
"202400003887";"155774961";"A01";"0";"7";"0";"0";"5";"23";"1";""
"202400003887";"155774962";"B01";"0";"1";"0";"2";"1";"2";"5";""
"202400003888";"155774960";"A01";"2";"33";"16";"0";"8";"16";"1";""
"202400003889";"155774958";"A01";"2";"7";"0";"2";"6";"2";"1";""
"202400003889";"155774959";"B01";"2";"7";"0";"2";"2";"12";"1";""
"202400003890";"155774957";"A01";"3";"32";"0";"0";"0";"0";"1";""
"202400003891";"155774955";"A01";"2";"7";"0";"9";"3";"20";"1";""
"202400003891";"155774956";"B01";"2";"50";"1";"0";"7";"1";"3";""
"202400003892";"155774953";"A01";"0";"7";"0";"2";"1";"1";"1";""
"202400003892";"155774954";"B01";"0";"1";"0";"2";"4";"1";"5";""
"202400003893";"155774951";"B01";"1";"33";"12";"2";"2";"0";"1";""
"202400003893";"155774952";"A01";"1";"7";"15";"2";"1";"1";"1";""