"Num_Acc";"id_vehicule";"num_veh";"senc";"catv";"obs";"obsm";"choc";"manv";"motor";"occutc"
"202400004107";"155774574";"A01";"3";"7";"0";"2";"1";"1";"1";""
"202400004107";"155774576";"B01";"3";"7";"0";"2";"7";"1";"1";""
"202400004108";"155774573";"A01";"3";"7";"0";"2";"3";"13";"1";""
"202400004108";"155774577";"B01";"0";"33";"0";"2";"7";"17";"1";""
"202400004109";"155774572";"A01";"3";"7";"15";"1";"3";"1";"1";""
"202400004110";"155774570";"A01";"3";"30";"0";"0";"8";"15";"1";""
"202400004111";"155774569";"B01";"2";"7";"0";"2";"1";"1";"1";""
"202400004111";"155774571";"A01";"1";"32";"0";"2";"0";"13";"1";""
"202400004112";"155774568";"A01";"3";"10";"0";"1";"4";"26";"1";""
"202400004113";"155774567";"A01";"0";"10";"0";"1";"0";"1";"1";""
"202400004114";"155774566";"A01";"1";"7";"0";"1";"1";"15";"1";""
"202400004115";"155774563";"A01";"0";"7";"0";"1";"1";"0";"1";""
"202400004116";"155774564";"A01";"1";"33";"0";"2";"7";"26";"1";""
"202400004116";"155774565";"B01";"1";"7";"0";"2";"8";"0";"1";""
"202400004117";"155774562";"A01";"1";"7";"14";"0";"1";"1";"1";""
"202400004118";"155774560";"A01";"1";"7";"0";"1";"1";"26";"1";""
"202400004119";"155774558";"B01";"1";"7";"0";"2";"1";"1";"2";""
"202400004119";"155774561";"A01";"1";"30";"0";"2";"7";"13";"1";""
"202400004120";"155774556";"A01";"3";"7";"0";"1";"3";"1";"1";""
"202400004121";"155774557";"A01";"3";"7";"15";"2";"1";"19";"1";""
"202400004121";"155774559";"B01";"3";"7";"0";"2";"0";"0";"2";""
"202400004122";"155774553";"B01";"1";"7";"0";"2";"1";"9";"1";""
"202400004122";"155774554";"A01";"1";"50";"0";"2";"1";"5";"3";""
"202400004123";"155774548";"C01";"2";"7";"0";"2";"2";"1";"0";""
"202400004123";"155774550";"A01";"1";"10";"0";"2";"2";"0";"1";""
"202400004123";"155774551";"B01";"2";"7";"0";"2";"8";"1";"1";""
"202400004124";"155774547";"A01";"0";"7";"0";"1";"2";"21";"1";""
"202400004125";"155774545";"A01";"1";"7";"0";"2";"1";"1";"1";""
"202400004125";"155774549";"B01";"1";"7";"0";"2";"4";"1";"1";""
"202400004126";"155774544";"B01";"2";"7";"0";"2";"0";"0";"1";""
"202400004126";"155774546";"A01";"1";"7";"0";"0";"0";"0";"1";""
"202400004127";"155774543";"A01";"1";"50";"0";"1";"2";"1";"3";""
"202400004128";"155774540";"A01";"1";"10";"0";"1";"4";"25";"1";""
"202400004129";"155774539";"A01";"3";"31";"0";"2";"1";"0";"1";""
"202400004129";"155774541";"B01";"3";"7";"0";"2";"5";"2";"1";""
"202400004130";"155774538";"B01";"3";"7";"0";"2";"1";"0";"1";""
"202400004130";"155774542";"A01";"3";"7";"0";"2";"6";"0";"1";""
"202400004131";"155774537";"A01";"1";"7";"0";"1";"3";"1";"1";""
"202400004132";"155774535";"A01";"2";"30";"0";"2";"1";"1";"1";""
"202400004132";"155774536";"B01";"2";"7";"0";"2";"4";"2";"1";""
"202400004133";"155774533";"A01";"1";"7";"0";"1";"3";"13";"1";""
"202400004134";"155774531";"A01";"2";"7";"0";"2";"3";"15";"1";""
"202400004134";"155774534";"B01";"2";"2";"0";"2";"1";"17";"1";""
"202400004135";"155774530";"B01";"1";"13";"14";"0";"1";"0";"1";""
"202400004135";"155774532";"A01";"1";"32";"14";"0";"4";"0";"1";""
"202400004136";"155774529";"B01";"3";"7";"0";"0";"1";"19";"1";""
"202400004137";"155774526";"A01";"2";"17";"0";"2";"2";"1";"1";""
"202400004137";"155774528";"B01";"2";"7";"0";"2";"8";"9";"1";""
"202400004138";"155774525";"A01";"2";"7";"0";"1";"1";"1";"1";""
"202400004139";"155774524";"A01";"2";"10";"0";"2";"1";"5";"1";""
"202400004139";"155774527";"B01";"1";"7";"0";"2";"1";"1";"1";""
"202400004140";"155774523";"A01";"1";"33";"4";"0";"3";"13";"1";""
"202400004141";"155774522";"A01";"1";"7";"0";"1";"1";"1";"2";""
"202400004142";"155774520";"A01";"3";"7";"0";"9";"7";"15";"6";""
"202400004142";"155774521";"B01";"3";"50";"0";"2";"1";"1";"3";""
"202400004143";"155774519";"A01";"2";"31";"0";"0";"0";"1";"1";""
"202400004144";"155774517";"B01";"2";"50";"0";"2";"0";"0";"3";""
"202400004144";"155774518";"A01";"1";"7";"0";"2";"0";"10";"1";""
"202400004145";"155774516";"A01";"1";"7";"3";"0";"2";"1";"1";""
"202400004146";"155774513";"A01";"1";"1";"0";"2";"8";"15";"5";""
"202400004146";"155774515";"B01";"1";"32";"0";"2";"1";"17";"3";""
"202400004147";"155774511";"A01";"2";"33";"0";"2";"1";"17";"1";""
"202400004147";"155774514";"B01";"2";"10";"0";"2";"6";"11";"1";""
"202400004148";"155774510";"B01";"1";"7";"0";"2";"5";"23";"1";""
"202400004148";"155774512";"A01";"1";"30";"0";"2";"3";"2";"3";""
"202400004149";"155774508";"A01";"3";"10";"0";"1";"4";"4";"1";""
"202400004150";"155774506";"A01";"2";"7";"0";"2";"2";"15";"1";""
"202400004150";"155774509";"B01";"1";"31";"0";"2";"1";"1";"1";""
"202400004151";"155774505";"A01";"1";"33";"0";"2";"1";"1";"1";""
"202400004151";"155774507";"B01";"0";"7";"0";"2";"6";"2";"1";""
"202400004152";"155774504";"A01";"1";"7";"0";"1";"2";"1";"2";""
"202400004153";"155774501";"B01";"2";"7";"0";"2";"1";"1";"1";""
"202400004153";"155774503";"A01";"1";"7";"0";"2";"2";"1";"1";""
"202400004154";"155774500";"A01";"1";"7";"0";"2";"2";"15";"1";""
"202400004154";"155774502";"B01";"2";"2";"0";"2";"1";"1";"1";""
"202400004155";"155774499";"A01";"3";"1";"0";"0";"1";"1";"5";""
"202400004156";"155774497";"B01";"1";"17";"0";"2";"5";"11";"1";""
"202400004156";"155774498";"A01";"1";"7";"0";"2";"3";"12";"1";""
"202400004157";"155774495";"A01";"1";"1";"0";"2";"1";"1";"5";""
"202400004157";"155774496";"Z01";"1";"1";"0";"2";"0";"16";"5";""
"202400004158";"155774494";"A01";"3";"7";"0";"0";"1";"14";"1";""
"202400004159";"155774489";"A01";"3";"7";"0";"2";"8";"26";"1";""
"202400004159";"155774493";"B01";"3";"10";"0";"2";"8";"0";"1";""
"202400004160";"155774491";"B01";"1";"1";"0";"2";"5";"16";"5";""
"202400004160";"155774492";"A01";"1";"80";"0";"2";"2";"1";"3";""
"202400004161";"155774490";"A01";"1";"7";"12";"0";"1";"26";"1";""
"202400004162";"155774488";"A01";"3";"7";"0";"1";"1";"2";"1";""
"202400004163";"155774486";"B01";"3";"10";"0";"0";"4";"1";"1";""
"202400004163";"155774487";"A01";"3";"13";"0";"2";"1";"1";"1";""
"202400004164";"155774484";"A01";"3";"7";"9";"0";"2";"6";"1";""
"202400004165";"155774485";"A01";"1";"7";"13";"0";"1";"14";"1";""
"202400004166";"155774481";"A01";"1";"2";"0";"2";"1";"1";"1";""
"202400004166";"155774483";"B01";"1";"7";"0";"2";"3";"1";"1";""
"202400004167";"155774476";"A01";"2";"10";"0";"2";"3";"1";"1";""
"202400004167";"155774478";"B01";"0";"1";"0";"2";"0";"19";"5";""
"202400004168";"155774477";"B01";"2";"32";"0";"2";"3";"1";"1";""
"202400004168";"155774480";"A01";"1";"7";"0";"2";"3";"15";"1";""
"202400004169";"155774474";"A01";"1";"7";"0";"2";"9";"26";"1";""
"202400004169";"155774475";"B01";"1";"7";"0";"2";"0";"0";"1";""
"202400004170";"155774472";"A01";"2";"7";"0";"1";"2";"19";"1";""
"202400004171";"155774471";"B01";"1";"33";"0";"2";"4";"2";"1";""
"202400004171";"155774473";"A01";"1";"7";"0";"2";"1";"2";"2";""
"202400004172";"155774470";"A01";"1";"7";"0";"1";"1";"1";"1";""
"202400004173";"155774467";"B01";"1";"7";"0";"2";"3";"1";"1";""
"202400004173";"155774469";"A01";"3";"7";"0";"2";"3";"5";"2";""
"202400004174";"155774468";"A01";"1";"7";"0";"1";"6";"1";"1";""
"202400004175";"155774465";"B01";"3";"15";"5";"0";"8";"15";"1";""
"202400004175";"155774466";"A01";"3";"33";"5";"2";"7";"17";"1";""
"202400004176";"155774463";"B01";"0";"32";"0";"2";"2";"17";"1";""
"202400004176";"155774464";"A01";"0";"7";"0";"2";"0";"0";"1";""
"202400004177";"155774462";"A01";"3";"7";"0";"1";"1";"1";"1";""
"202400004178";"155774461";"A01";"1";"10";"1";"1";"2";"16";"1";""
"202400004179";"155774458";"A01";"1";"33";"0";"2";"8";"18";"1";""
"202400004179";"155774460";"B01";"1";"1";"0";"2";"7";"14";"5";""
"202400004180";"155774456";"B01";"1";"7";"0";"2";"0";"0";"1";""
"202400004180";"155774459";"A01";"1";"33";"0";"2";"8";"17";"1";""
"202400004181";"155774455";"A01";"1";"50";"0";"2";"1";"5";"3";""
"202400004181";"155774457";"B01";"2";"7";"0";"9";"2";"2";"1";""
"202400004182";"155774453";"A01";"1";"7";"0";"1";"1";"1";"1";""
"202400004183";"155774452";"B01";"1";"7";"0";"0";"0";"0";"1";""
"202400004183";"155774454";"A01";"2";"7";"0";"2";"7";"1";"1";""
"202400004184";"155774448";"A01";"1";"10";"0";"1";"1";"21";"1";""
"202400004185";"155774447";"A01";"1";"7";"0";"2";"3";"15";"1";""
"202400004185";"155774450";"B01";"1";"1";"0";"2";"7";"1";"5";""
"202400004186";"155774449";"A01";"1";"7";"0";"2";"5";"19";"2";""
"202400004186";"155774451";"B01";"1";"7";"0";"0";"7";"1";"2";""
"202400004187";"155774444";"A01";"3";"1";"0";"9";"8";"5";"5";""
"202400004187";"155774446";"B01";"3";"50";"0";"9";"7";"1";"3";""
"202400004188";"155774443";"A01";"2";"43";"0";"2";"3";"7";"1";""
"202400004188";"155774445";"B01";"2";"7";"0";"2";"2";"16";"1";""
"202400004189";"155774442";"A01";"3";"7";"0";"1";"4";"26";"1";""
"202400004190";"155774438";"B01";"2";"7";"0";"2";"3";"16";"0";""
"202400004190";"155774441";"A01";"2";"7";"1";"2";"3";"19";"1";""
"202400004191";"155774436";"A01";"2";"7";"0";"2";"1";"19";"1";""
"202400004191";"155774440";"B01";"1";"30";"0";"2";"7";"1";"1";""
"202400004192";"155774437";"A01";"1";"7";"0";"2";"7";"1";"1";""
"202400004192";"155774439";"B01";"2";"50";"0";"2";"1";"19";"3";""
"202400004193";"155774435";"A01";"2";"7";"0";"1";"2";"1";"1";""
"202400004194";"155774434";"A01";" -1";"7";"0";"1";"1";"1";"1";""
"202400004195";"155774432";"B01";"2";"33";"0";"2";"7";"3";"1";""
"202400004195";"155774433";"A01";"2";"7";"0";"2";"8";"11";"1";""
"202400004196";"155774428";"A01";"2";"10";"0";"2";"4";"4";"1";""
"202400004196";"155774430";"B01";"2";"30";"0";"2";"1";"2";"1";""
"202400004197";"155774426";"C01";"0";"7";"0";"2";"3";"1";"1";""
"202400004197";"155774429";"A01";"0";"33";"0";"2";"3";"17";"1";""
"202400004197";"155774431";"B01";"0";"7";"0";"2";"3";"15";"1";""
"202400004198";"155774424";"A01";"1";"7";"3";"0";"1";"26";"1";""
"202400004199";"155774423";"B01";"1";"10";"0";"2";"3";"1";"1";""
"202400004199";"155774425";"Z01";"2";"7";"0";"2";"5";"11";"0";""
"202400004199";"155774427";"A01";"2";"33";"0";"2";"7";"3";"1";""
"202400004200";"155774421";"A01";"0";"30";"0";"2";"3";"2";"1";""
"202400004200";"155774422";"B01";"0";"7";"0";"2";"7";"22";"1";""
"202400004201";"155774418";"A01";"1";"33";"0";"2";"4";"1";"1";""
"202400004201";"155774420";"B01";"1";"7";"0";"2";"4";"16";"1";""
"202400004202";"155774415";"Z01";"2";"32";"0";"1";"1";"1";"1";""
"202400004203";"155774416";"B01";"2";"7";"0";"2";"8";"9";"1";""
"202400004203";"155774417";"A01";"2";"7";"0";"2";"1";"9";"1";""
"202400004204";"155774414";"A01";"3";"7";"0";"1";"1";"0";"1";""
"202400004205";"155774411";"A01";"3";"7";"0";"1";"2";"26";"1";""
"202400004206";"155774409";"A01";"3";"10";"0";"2";"2";"26";"0";""
"202400004206";"155774412";"B01";"3";"1";"0";"2";"1";"1";"5";""
"202400004207";"155774410";"A01";"3";"7";"0";"2";"2";"26";"1";""
"202400004207";"155774413";"B01";"3";"33";"0";"2";"6";"16";"1";""
"202400004208";"155774408";"A01";"1";"33";"1";"0";"6";"15";"1";""
"202400004209";"155774407";"A01";"3";"7";"0";"1";"7";"1";"1";""
"202400004210";"155774406";"A01";"2";"80";"0";"0";"0";"2";"3";""
"202400004211";"155774404";"A01";"3";"7";"0";"1";"1";"1";"1";""
"202400004212";"155774403";"A01";"1";"7";"0";"2";"1";"1";"0";""
"202400004212";"155774405";"B01";"2";"33";"0";"2";"3";"1";"1";""
"202400004213";"155774400";"A01";"3";"30";"0";"2";"5";"23";"1";""
"202400004213";"155774402";"B01";"3";"7";"0";"2";"3";"2";"1";""
"202400004214";"155774398";"A01";"2";"7";"0";"2";"1";"9";"1";""
"202400004214";"155774401";"B01";"2";"7";"3";"2";"2";"9";"1";""
"202400004215";"155774397";"A01";"2";"33";"0";"2";"1";"1";"1";""
"202400004215";"155774399";"B01";"1";"7";"0";"2";"8";"15";"1";""
"202400004216";"155774394";"B01";"3";"1";"0";"2";"7";"1";"5";""
"202400004216";"155774395";"A01";"3";"7";"0";"9";"1";"9";"1";""
"202400004217";"155774391";"A01";"2";"7";"0";"2";"2";"10";"2";""
"202400004217";"155774393";"B01";"1";"33";"0";"2";"3";"1";"1";""
"202400004218";"155774392";"A01";"1";"33";"0";"2";"4";"2";"1";""
"202400004218";"155774396";"B01";"1";"10";"0";"2";"1";"2";"3";""
"202400004219";"155774388";"A01";"1";"7";"4";"0";"1";"21";"1";""
"202400004220";"155774387";"A01";"1";"7";"0";"2";"1";"9";"1";""
"202400004220";"155774390";"B01";"2";"1";"0";"2";"7";"1";"5";""
"202400004221";"155774386";"A01";"3";"7";"0";"2";"1";"9";"1";""
"202400004221";"155774389";"B01";"3";"1";"0";"2";"7";"1";"5";""
"202400004222";"155774383";"A01";"1";"7";"8";"0";"2";"1";"1";""
"202400004223";"155774381";"B01";"1";"1";"0";"2";"0";"0";"5";""
"202400004223";"155774384";"A01";"2";"7";"0";"9";"0";"0";"1";""
"202400004224";"155774380";"A01";"3";"7";"0";"2";"1";"1";"1";""
"202400004224";"155774382";"B01";"3";"7";"0";"2";"4";"1";"1";""
"202400004224";"155774385";"C01";"3";"7";"0";"2";"4";"1";"1";""
"202400004225";"155774378";"A01";"1";"34";"0";"1";"1";"1";"1";""
"202400004226";"155774373";"B01";"2";"7";"0";"2";"8";"1";"1";""
"202400004226";"155774377";"C01";"2";"7";"0";"2";"1";"1";"1";""
"202400004226";"155774379";"A01";"2";"17";"0";"2";"2";"12";"1";""
"202400004227";"155774372";"B01";"1";"2";"0";"2";"1";"1";"1";""
"202400004227";"155774374";"A01";"2";"7";"0";"2";"2";"15";"1";""
"202400004228";"155774370";"A01";"2";"30";"0";"0";"8";"21";"3";""
"202400004229";"155774367";"B01";"2";"10";"0";"2";"4";"2";"1";""
"202400004229";"155774369";"A01";"2";"37";"0";"2";"1";"2";"3";"1"
"202400004229";"155774371";"C01";"2";"7";"0";"2";"4";"2";"2";""
"202400004230";"155774365";"A01";"1";"34";"0";"1";"0";"13";"0";""
"202400004231";"155774364";"C01";"0";"7";"0";"2";"1";"2";"1";""
"202400004231";"155774366";"A01";"1";"7";"0";"2";"4";"9";"1";""
"202400004231";"155774368";"B01";"0";"10";"0";"2";"4";"23";"1";""
"202400004232";"155774361";"A01";"1";"33";"0";"0";"7";"26";"1";""
"202400004233";"155774362";"A01";"1";"7";"0";"2";"2";"9";"1";""
"202400004233";"155774363";"B01";"3";"33";"0";"2";"2";"1";"1";""
"202400004234";"155774359";"A01";"2";"10";"0";"2";"7";"15";"1";""
"202400004234";"155774360";"B01";"1";"33";"0";"2";"1";"1";"1";""
"202400004235";"155774357";"A01";"1";"7";"0";"1";"2";"1";"1";""
"202400004236";"155774356";"B01";"3";"7";"0";"2";"0";"0";"0";""
"202400004236";"155774358";"A01";"2";"43";"0";"2";"7";"1";"1";""
"202400004237";"155774355";"A01";"3";"7";"0";"1";"1";"15";"1";""
"202400004238";"155774354";"A01";"2";"7";"3";"0";"3";"0";"1";""
"202400004239";"155774350";"B01";"1";"13";"0";"2";"1";"1";"0";""
"202400004239";"155774352";"A01";"1";"10";"0";"2";"1";"1";"1";""
"202400004240";"155774349";"B01";"0";"1";"0";"2";"7";"1";"5";""
"202400004240";"155774353";"A01";"0";"7";"0";"2";"8";"2";"2";""
"202400004241";"155774343";"B01";"1";"7";"0";"2";"3";"9";"1";""
"202400004241";"155774346";"A01";"1";"2";"0";"2";"2";"1";"1";""
"202400004242";"155774342";"A01";"1";"7";"0";"2";"1";"2";"1";""
"202400004242";"155774345";"B01";"1";"7";"0";"2";"4";"2";"1";""
"202400004242";"155774347";"C01";"1";"14";"0";"2";"4";"2";"1";""
"202400004243";"155774341";"A01";"0";"7";"0";"9";"2";"16";"1";""
"202400004243";"155774344";"B01";"0";"50";"0";"2";"1";"14";"3";""
"202400004244";"155774337";"A01";"3";"7";"0";"2";"2";"1";"1";""
"202400004244";"155774340";"B01";"2";"1";"0";"2";"1";"1";"5";""
"202400004245";"155774336";"A01";"2";"80";"0";"2";"1";"1";"3";""
"202400004245";"155774339";"Z01";"2";"10";"0";"2";"1";"13";"1";""
"202400004246";"155774335";"B01";"1";"7";"0";"2";"4";"1";"3";""
"202400004246";"155774338";"A01";"1";"33";"0";"2";"1";"1";"1";""
"202400004247";"155774331";"B01";"2";"60";"0";"0";"1";"2";"5";""
"202400004247";"155774333";"A01";"1";"38";"0";"0";"4";"2";"1";"1"
"202400004248";"155774329";"A01";"2";"50";"0";"2";"1";"1";"3";""
"202400004248";"155774334";"B01";"1";"33";"0";"0";"8";"15";"1";""
"202400004249";"155774328";"A01";"2";"7";"2";"0";"0";"1";"1";""
"202400004250";"155774326";"A01";"1";"15";"2";"2";"1";"1";"1";""
"202400004250";"155774327";"B01";"2";"10";"0";"2";"1";"11";"1";""
"202400004251";"155774325";"A01";"1";"7";"0";"1";"2";"16";"2";""
"202400004252";"155774323";"A01";"3";"2";"1";"0";"1";"26";"1";""
"202400004252";"155774324";"B01";"3";"10";"0";"0";"3";"23";"1";""
"202400004253";"155774322";"A01";"3";"7";"0";"1";"3";"1";"1";""
"202400004254";"155774319";"A01";"2";"99";"0";"0";"0";"1";"1";""
"202400004255";"155774321";"A01";"1";"1";"0";"1";"1";"2";"5";""
"202400004256";"155774318";"B01";"2";"15";"0";"2";"3";"1";"0";""
"202400004256";"155774320";"A01";"1";"7";"0";"2";"3";"17";"0";""
"202400004257";"155774317";"A01";"1";"7";"13";"0";"9";"0";"1";""
"202400004258";"155774314";"A01";"1";"33";"0";"2";"1";"1";"1";""
"202400004258";"155774316";"B01";"2";"7";"0";"2";"8";"9";"1";""
"202400004259";"155774313";"A01";"2";"33";"10";"0";"1";"1";"1";""
"202400004260";"155774315";"A01";"1";"33";"0";"1";"2";"1";"1";""
"202400004261";"155774312";"A01";"2";"33";"0";"0";"0";"1";"1";""
"202400004262";"155774309";"A01";"2";"7";"4";"0";"3";"1";"1";""
"202400004262";"155774311";"B01";"2";"10";"1";"0";"3";"1";"1";""
"202400004263";"155774307";"B01";"2";"1";"0";"2";"1";"1";"5";""
"202400004263";"155774308";"A01";"2";"7";"0";"9";"2";"17";"1";""
"202400004264";"155774310";"A01";"2";"1";"0";"0";"0";"9";"5";""
"202400004265";"155774304";"A01";"2";"7";"0";"2";"2";"0";"1";""
"202400004265";"155774306";"B01";"2";"7";"0";"2";"6";"1";"1";""
"202400004266";"155774303";"A01";"3";"10";"0";"2";"3";"1";"1";""
"202400004266";"155774305";"B01";"3";"21";"0";"2";"3";"1";"1";""
"202400004267";"155774301";"A01";"2";"7";"1";"0";"2";"25";"1";""
"202400004268";"155774302";"A01";"3";"1";"0";"1";"1";"1";"5";""
"202400004269";"155774299";"A01";"1";"7";"0";"2";"3";"13";"1";""
"202400004269";"155774300";"B01";"2";"33";"0";"2";"8";"1";"1";""
"202400004270";"155774296";"A01";"2";"7";"8";"9";"2";"2";"1";""
"202400004270";"155774298";"B01";"2";"1";"0";"0";"4";"2";"5";""
"202400004271";"155774295";"A01";"0";"10";"0";"2";"1";"1";"1";""
"202400004271";"155774297";"B01";"2";"7";"0";"2";"3";"1";"1";""
"202400004272";"155774294";"A01";"3";"31";"0";"0";"7";"1";"1";""
"202400004273";"155774293";"A01";"2";"7";"2";"0";"3";"1";"1";""
"202400004274";"155774292";"A01";"1";"10";"0";"1";"0";"0";"1";""
"202400004275";"155774291";"A01";"2";"31";"16";"0";"0";"1";"1";""
"202400004276";"155774287";"B01";"1";"37";"0";"1";"1";"7";"6";"3"
"202400004277";"155774286";"B01";"3";"1";"0";"2";"1";"1";"5";""
"202400004277";"155774289";"A01";"0";"7";"0";"9";"3";"9";"1";""
"202400004278";"155774285";"A01";"3";"7";"0";"1";"2";"1";"1";""
"202400004279";"155774283";"A01";"2";"7";"6";"0";"8";"1";"0";""
"202400004280";"155774282";"A01";"3";"7";"0";"2";"3";"13";"3";""
"202400004280";"155774284";"B01";"3";"15";"0";"2";"3";"1";"1";""
"202400004281";"155774280";"A01";"2";"7";"16";"0";"9";"4";"1";""
"202400004282";"155774277";"A01";"1";"15";"0";"5";"4";"1";"1";""
"202400004282";"155774279";"B01";"1";"37";"0";"2";"1";"1";"1";"4"
"202400004283";"155774276";"A01";"1";"7";"15";"0";"3";"13";"1";""
"202400004284";"155774278";"A01";"3";"7";"0";"2";"1";"16";"1";""
"202400004284";"155774281";"B01";"3";"7";"0";"2";"1";"1";"1";""
"202400004285";"155774275";"A01";"3";"7";"1";"0";"3";"13";"3";""
"202400004286";"155774271";"A01";"1";"7";"0";"2";"3";"15";"1";""
"202400004286";"155774273";"B01";"1";"7";"0";"2";"2";"1";"1";""
"202400004287";"155774270";"A01";"0";"7";"1";"0";"9";"0";"1";""
"202400004288";"155774272";"A01";"1";"7";"0";"2";"7";"15";"1";""
"202400004288";"155774274";"B01";"2";"33";"0";"2";"1";"1";"1";""
"202400004289";"155774265";"A01";"1";"7";"0";"2";"1";"1";"1";""
"202400004289";"155774268";"B01";"2";"21";"0";"2";"1";"5";"1";""
"202400004290";"155774266";"A01";"1";"7";"6";"0";"1";"19";"1";""
"202400004291";"155774261";"A01";"1";"7";"6";"0";"1";"1";"1";""
"202400004292";"155774256";"B01";"1";"33";"0";"2";"4";"0";"1";""
"202400004292";"155774258";"C01";"1";"7";"0";"2";"7";"2";"0";""
"202400004292";"155774260";"A01";"3";"7";"0";"2";"2";"2";"2";""
"202400004293";"155774255";"A01";"1";"15";"0";"1";"3";"18";"1";""
"202400004294";"155774254";"A01";"1";"7";"0";"2";"1";"23";"1";""
"202400004294";"155774257";"B01";"1";"7";"16";"2";"2";"1";"1";""
"202400004295";"155774252";"A01";"0";"7";"0";"1";"1";"1";"1";""
"202400004296";"155774251";"B01";"1";"33";"0";"2";"3";"1";"1";""
"202400004296";"155774253";"A01";"2";"7";"0";"2";"2";"15";"1";""
"202400004297";"155774248";"B01";"2";"13";"0";"2";"8";"1";"1";""
"202400004297";"155774249";"C01";"2";"7";"0";"2";"1";"1";"1";""
"202400004297";"155774250";"A01";"2";"10";"0";"2";"8";"13";"1";""
"202400004298";"155774247";"A01";"3";"30";"0";"1";"1";"1";"1";""
"202400004299";"155774246";"A01";"2";"7";"1";"1";"3";"2";"3";""
"202400004300";"155774245";"B01";"3";"1";"0";"0";"5";"13";"5";""
"202400004301";"155774244";"A01";"2";"7";"13";"0";"1";"0";"1";""
"202400004302";"155774242";"A01";"2";"7";"0";"2";"2";"1";"1";""
"202400004302";"155774243";"B01";"1";"7";"0";"2";"3";"1";"1";""
"202400004303";"155774240";"A01";"3";"38";"14";"0";"1";"1";"1";"2"
"202400004304";"155774241";"A01";"1";"7";"0";"1";"3";"15";"1";""
"202400004305";"155774239";"A01";"1";"10";"2";"0";"3";"13";"1";""
"202400004306";"155774236";"A01";"1";"7";"0";"2";"2";"12";"1";""
"202400004306";"155774238";"B01";"1";"7";"16";"0";"6";"2";"1";""
"202400004307";"155774237";"A01";"0";"7";"0";"1";"2";"16";"2";""
"202400004308";"155774234";"A01";"1";"7";"0";"0";"0";"1";"1";""
"202400004308";"155774235";"B01";"1";"7";"0";"0";"0";"1";"1";""
"202400004309";"155774232";"A01";"1";"7";"0";"0";"4";"23";"2";""
"202400004309";"155774233";"B01";"1";"15";"1";"0";"1";"2";"1";""
"202400004310";"155774231";"A01";"3";"10";"0";"1";"1";"17";"1";""
"202400004311";"155774228";"A01";"2";"10";"0";"2";"3";"19";"1";""
"202400004311";"155774230";"B01";"1";"7";"0";"2";"2";"1";"1";""
"202400004312";"155774226";"A01";"1";"7";"0";"1";"1";"0";"1";""
"202400004313";"155774227";"A01";"2";"7";"0";"2";"1";"15";"1";""
"202400004313";"155774229";"B01";"1";"1";"0";"2";"8";"1";"5";""
"202400004314";"155774225";"A01";"2";"7";"0";"1";"3";"15";"1";""
"202400004315";"155774224";"A01";"2";"33";"0";"0";"0";"1";"1";""
"202400004316";"155774220";"A01";"3";"7";"0";"1";"1";"1";"1";""
"202400004317";"155774221";"A01";"1";"2";"0";"2";"1";"1";"1";""
"202400004317";"155774223";"B01";"2";"7";"0";"2";"1";"1";"1";""
"202400004318";"155774219";"A01";"2";"7";"0";"2";"1";"1";"1";""
"202400004318";"155774222";"B01";"2";"2";"0";"2";"5";"1";"1";""
"202400004319";"155774212";"A01";"2";"7";"0";"2";"1";"5";"1";""
"202400004319";"155774215";"B01";"1";"33";"15";"2";"6";"1";"1";""
"202400004319";"155774217";"C01";"1";"33";"0";"2";"8";"1";"1";""
"202400004319";"155774218";"D01";"1";"33";"0";"2";"1";"1";"1";""
"202400004320";"155774210";"A01";"3";"7";"0";"2";"2";"16";"1";""
"202400004320";"155774214";"B01";"3";"50";"0";"2";"1";"1";"3";""
"202400004321";"155774211";"A01";"2";"7";"0";"0";"8";"15";"1";""
"202400004321";"155774216";"B01";"2";"31";"9";"2";"1";"17";"0";""
"202400004322";"155774209";"A01";"1";"7";"0";"2";"3";"13";"1";""
"202400004322";"155774213";"B01";"2";"7";"0";"2";"3";"1";"1";""
"202400004323";"155774208";"A01";"1";"7";"8";"0";"1";"1";"1";""
"202400004324";"155774206";"A01";"1";"7";"2";"0";"1";"1";"1";""
"202400004325";"155774205";"A01";"3";"2";"0";"0";"0";"0";"1";""
"202400004326";"155774204";"A01";"1";"7";"0";"2";"3";"0";"1";""
"202400004326";"155774207";"B01";"2";"7";"0";"2";"2";"0";"1";""
"202400004327";"155774200";"B01";"2";"7";"0";"9";"3";"1";"1";""
"202400004327";"155774203";"A01";"2";"13";"0";"0";"0";"0";"1";""
"202400004328";"155774199";"A01";"1";"10";"0";"2";"3";"9";"1";""
"202400004328";"155774202";"B01";"1";"80";"0";"2";"4";"2";"3";""
"202400004329";"155774196";"B01";"1";"7";"0";"2";"1";"1";"0";""
"202400004329";"155774198";"A01";"1";"7";"0";"2";"1";"13";"1";""
"202400004330";"155774197";"B01";"1";"33";"0";"2";"1";"1";"1";""
"202400004330";"155774201";"A01";"1";"7";"0";"2";"3";"15";"1";""
"202400004331";"155774195";"A01";"1";"7";"11";"0";"1";"1";"1";""
"202400004332";"155774189";"B01";"2";"10";"0";"2";"1";"1";"1";""
"202400004332";"155774192";"A01";"1";"7";"0";"2";"1";"26";"1";""
"202400004332";"155774194";"C01";"2";"7";"0";"0";"0";"1";"2";""