"Num_Acc";"id_vehicule";"num_veh";"senc";"catv";"obs";"obsm";"choc";"manv";"motor";"occutc"
"202400004764";"155773448";"C01";"3";"7";"0";"2";"2";"1";"1";""
"202400004765";"155773445";"A01";"1";"7";"2";"0";"1";"0";"1";""
"202400004766";"155773444";"A01";"1";"33";"0";"0";"7";"1";"1";""
"202400004767";"155773441";"B01";"3";"80";"0";"2";"1";"1";"3";""
"202400004767";"155773443";"A01";"3";"7";"0";"2";"3";"19";"1";""
"202400004768";"155773438";"A01";"2";"2";"0";"2";"1";"1";"1";""
"202400004768";"155773439";"B01";"2";"31";"12";"0";"4";"23";"1";""
"202400004769";"155773437";"A01";"1";"7";"3";"6";"1";"1";"1";""
"202400004770";"155773435";"A01";"1";"50";"0";"2";"8";"19";"3";""
"202400004770";"155773436";"B01";"1";"7";"0";"2";"1";"1";"0";""
"202400004771";"155773433";"A01";"1";"7";"0";"2";"1";"9";"1";""
"202400004771";"155773434";"B01";"2";"50";"0";"2";"7";"15";"3";""
"202400004772";"155773429";"A01";"2";"2";"0";"2";"1";"17";"1";""
"202400004772";"155773431";"B01";"1";"7";"0";"2";"7";"15";"1";""
"202400004773";"155773424";"A01";"3";"7";"0";"1";"1";"1";"1";""
"202400004774";"155773423";"A01";"2";"7";"0";"2";"0";"21";"1";""
"202400004774";"155773425";"B01";"2";"7";"0";"2";"1";"21";"1";""
"202400004774";"155773426";"C01";"2";"7";"14";"0";"3";"21";"1";""
"202400004774";"155773428";"D01";"2";"7";"14";"0";"1";"2";"1";""
"202400004774";"155773432";"E01";"2";"7";"0";"0";"4";"2";"1";""
"202400004775";"155773422";"A01";"2";"1";"12";"0";"0";"0";"5";""
"202400004776";"155773421";"A01";"2";"10";"0";"1";"7";"1";"1";""
"202400004777";"155773418";"B01";"1";"1";"0";"2";"5";"15";"5";""
"202400004777";"155773420";"A01";"1";"7";"0";"2";"1";"9";"1";""
"202400004778";"155773417";"A01";"1";"7";"0";"2";"1";"1";"1";""
"202400004778";"155773419";"B01";"1";"7";"0";"2";"7";"1";"1";""
"202400004779";"155773415";"A01";"0";"7";"0";"2";"1";"15";"1";""
"202400004779";"155773416";"B01";"3";"30";"0";"2";"8";"1";"1";""
"202400004780";"155773414";"A01";"1";"7";"13";"0";"9";"1";"1";""
"202400004781";"155773413";"A01";"2";"7";"2";"0";"7";"0";"1";""
"202400004782";"155773411";"A01";"1";"32";"0";"0";"6";"0";"1";""
"202400004783";"155773409";"B01";"3";"50";"0";"2";"4";"1";"3";""
"202400004783";"155773412";"A01";"3";"7";"0";"2";"1";"9";"1";""
"202400004784";"155773408";"A01";"1";"33";"16";"2";"7";"17";"1";""
"202400004784";"155773410";"B01";"2";"7";"0";"2";"1";"15";"1";""
"202400004785";"155773405";"A01";"0";"7";"0";"1";"0";"20";"1";""
"202400004786";"155773404";"B01";"1";"7";"0";"2";"2";"15";"1";""
"202400004786";"155773407";"A01";"2";"7";"9";"2";"1";"1";"3";""
"202400004787";"155773402";"A01";"2";"7";"2";"0";"8";"1";"1";""
"202400004788";"155773401";"A01";"3";"7";"0";"1";"1";"26";"1";""
"202400004789";"155773400";"B01";"1";"7";"0";"2";"1";"1";"1";""
"202400004789";"155773403";"A01";"2";"7";"0";"2";"7";"1";"1";""
"202400004789";"155773406";"C01";"1";"7";"0";"2";"8";"23";"1";""
"202400004790";"155773398";"B01";"2";"7";"0";"9";"3";"1";"2";""
"202400004790";"155773399";"A01";"1";"1";"0";"2";"7";"15";"5";""
"202400004791";"155773397";"A01";"1";"7";"0";"1";"1";"15";"1";""
"202400004792";"155773396";"A01";"2";"7";"6";"0";"1";"13";"1";""
"202400004793";"155773395";"A01";"2";"7";"0";"1";"9";"26";"1";""
"202400004794";"155773394";"A01";"0";"7";"0";"1";"3";"1";"1";""
"202400004795";"155773393";"A01";"2";"7";"13";"0";"3";"1";"1";""
"202400004796";"155773392";"A01";"0";"31";"0";"6";"1";"1";"1";""
"202400004797";"155773389";"A01";"2";"7";"0";"2";"7";"13";"1";""
"202400004797";"155773391";"B01";"1";"10";"0";"2";"1";"1";"1";""
"202400004798";"155773388";"A01";"3";"7";"0";"2";"2";"15";"1";""
"202400004798";"155773390";"B01";"0";"32";"0";"2";"1";"1";"1";""
"202400004799";"155773385";"A01";"1";"7";"3";"0";"1";"0";"1";""
"202400004799";"155773387";"B01";"2";"2";"0";"2";"1";"13";"1";""
"202400004800";"155773382";"A01";"1";"33";"0";"2";"1";"26";"1";""
"202400004801";"155773381";"A01";"2";"10";"0";"2";"1";"1";"1";""
"202400004801";"155773383";"C01";"1";"10";"0";"2";"8";"1";"1";""
"202400004801";"155773384";"D01";"1";"10";"0";"2";"8";"1";"1";""
"202400004801";"155773386";"B01";"1";"7";"0";"2";"8";"1";"1";""
"202400004802";"155773378";"A01";"1";"7";"0";"2";"1";"2";"1";""
"202400004802";"155773380";"B01";"1";"7";"0";"2";"4";"1";"1";""
"202400004803";"155773377";"A01";"2";"7";"8";"0";"9";"0";"1";""
"202400004804";"155773375";"A01";"1";"7";"0";"2";"7";"12";"1";""
"202400004804";"155773376";"B01";"1";"33";"0";"2";"8";"26";"1";""
"202400004805";"155773374";"A01";"3";"39";"0";"1";"2";"19";"3";""
"202400004806";"155773373";"A01";"2";"7";"3";"0";"0";"1";"1";""
"202400004807";"155773370";"A01";"1";"7";"13";"2";"2";"26";"1";""
"202400004807";"155773371";"B01";"1";"15";"0";"2";"6";"1";"1";""
"202400004808";"155773369";"A01";"2";"7";"0";"5";"1";"1";"1";""
"202400004809";"155773366";"B01";"0";"7";"0";"2";"1";"0";"0";""
"202400004809";"155773367";"A01";"0";"7";"0";"2";"1";"0";"1";""
"202400004810";"155773365";"A01";"1";"7";"4";"2";"3";"2";"1";""
"202400004810";"155773368";"B01";"1";"14";"0";"2";"2";"2";"1";""
"202400004811";"155773364";"A01";"1";"7";"13";"0";"1";"26";"1";""
"202400004812";"155773363";"A01";"1";"7";"3";"0";"3";"1";"1";""
"202400004813";"155773360";"B01";"3";"80";"0";"2";"1";"1";"3";""
"202400004813";"155773361";"A01";"0";"7";"0";"2";"2";"15";"1";""
"202400004814";"155773359";"B01";"1";"33";"0";"2";"1";"3";"1";""
"202400004814";"155773362";"A01";"1";"10";"0";"2";"5";"12";"1";""
"202400004815";"155773356";"A01";"2";"7";"0";"2";"1";"13";"1";""
"202400004815";"155773358";"B01";"1";"7";"0";"2";"3";"23";"1";""
"202400004816";"155773353";"B01";"2";"7";"0";"2";"6";"2";"1";""
"202400004816";"155773354";"C01";"2";"33";"0";"2";"1";"2";"1";""
"202400004816";"155773355";"D01";"2";"7";"0";"2";"4";"0";"1";""
"202400004816";"155773357";"A01";"2";"7";"0";"2";"1";"2";"1";""
"202400004817";"155773351";"A01";"1";"7";"0";"2";"1";"1";"1";""
"202400004817";"155773352";"B01";"2";"7";"0";"2";"1";"1";"1";""
"202400004818";"155773350";"A01";"1";"30";"0";"0";"8";"1";"1";""
"202400004819";"155773348";"A01";"1";"7";"0";"0";"0";"0";"1";""
"202400004820";"155773345";"B01";"1";"7";"0";"2";"1";"1";"2";""
"202400004820";"155773347";"A01";"2";"7";"0";"2";"7";"1";"1";""
"202400004820";"155773349";"C01";"2";"7";"0";"2";"3";"1";"1";""
"202400004821";"155773344";"Z01";"1";"10";"0";"2";"0";"11";"0";""
"202400004821";"155773346";"B01";"1";"7";"4";"2";"9";"1";"1";""
"202400004822";"155773343";"A01";"1";"7";"0";"1";"6";"20";"1";""
"202400004823";"155773340";"B01";"2";"33";"0";"2";"6";"3";"1";""
"202400004823";"155773341";"C01";"2";"7";"0";"2";"2";"1";"2";""
"202400004823";"155773342";"A01";"2";"7";"0";"2";"3";"11";"3";""
"202400004824";"155773339";"A01";"3";"7";"0";"1";"4";"26";"1";""
"202400004825";"155773337";"A01";"2";"32";"0";"2";"4";"3";"1";""
"202400004825";"155773338";"B01";"2";"7";"0";"2";"1";"1";"1";""
"202400004826";"155773335";"A01";"2";"7";"0";"2";"1";"13";"1";""
"202400004826";"155773336";"B01";"1";"37";"0";"0";"3";"1";"1";"1"
"202400004827";"155773333";"A01";"1";"7";"1";"1";"1";"15";"6";""
"202400004828";"155773331";"A01";"1";"33";"0";"2";"1";"2";"1";""
"202400004828";"155773334";"B01";"1";"7";"0";"2";"4";"2";"2";""
"202400004829";"155773329";"A01";"2";"7";"0";"2";"3";"17";"1";""
"202400004829";"155773330";"B01";"1";"10";"0";"2";"3";"0";"1";""
"202400004829";"155773332";"C01";"1";"10";"0";"2";"8";"0";"1";""
"202400004830";"155773327";"A01";"1";"7";"0";"2";"3";"10";"1";""
"202400004830";"155773328";"B01";"1";"2";"0";"2";"1";"2";"1";""
"202400004831";"155773326";"A01";"0";"2";"0";"0";"3";"1";"1";""
"202400004832";"155773324";"A01";"1";"7";"0";"2";"1";"2";"1";""
"202400004832";"155773325";"B01";"1";"14";"0";"2";"6";"2";"1";""
"202400004833";"155773323";"A01";"1";"7";"12";"0";"1";"1";"1";""
"202400004834";"155773321";"B01";"3";"32";"0";"2";"7";"14";"1";""
"202400004834";"155773322";"A01";"3";"10";"0";"2";"3";"16";"3";""
"202400004835";"155773317";"A01";"2";"7";"0";"2";"1";"5";"1";""
"202400004835";"155773319";"B01";"1";"14";"0";"0";"1";"1";"1";""
"202400004836";"155773315";"C01";"1";"10";"0";"2";"6";"1";"1";""
"202400004836";"155773316";"Z01";"1";"0";"0";"2";"0";"0";"0";""
"202400004836";"155773318";"B01";"1";"7";"0";"2";"8";"1";"1";""
"202400004836";"155773320";"A01";"1";"7";"0";"2";"6";"1";"1";""
"202400004837";"155773313";"B01";"2";"33";"0";"2";"2";"17";"1";""
"202400004837";"155773314";"A01";"1";"7";"0";"2";"6";"5";"0";""
"202400004838";"155773309";"D01";"1";"7";"0";"2";"4";"2";"1";""
"202400004838";"155773310";"A01";"1";"10";"0";"2";"1";"1";"1";""
"202400004838";"155773311";"C01";"1";"10";"0";"2";"4";"1";"1";""
"202400004838";"155773312";"B01";"1";"10";"0";"2";"1";"2";"1";""
"202400004839";"155773306";"A01";"1";"7";"3";"0";"1";"2";"1";""
"202400004840";"155773305";"A01";"3";"7";"0";"2";"3";"1";"1";""
"202400004840";"155773307";"B01";"3";"50";"0";"2";"4";"1";"3";""
"202400004841";"155773303";"A01";"2";"10";"0";"2";"1";"1";"1";""
"202400004841";"155773304";"B01";"2";"7";"0";"2";"4";"1";"1";""
"202400004842";"155773301";"A01";"2";"15";"0";"2";"7";"1";"1";""
"202400004842";"155773302";"B01";"2";"7";"0";"2";"9";"1";"1";""
"202400004843";"155773299";"A01";"1";"7";"3";"0";"0";"0";"1";""
"202400004844";"155773298";"A01";"3";"7";"0";"2";"1";"1";"1";""
"202400004844";"155773300";"B01";"3";"7";"0";"2";"8";"1";"1";""
"202400004845";"155773297";"A01";"3";"33";"0";"0";"0";"1";"1";""
"202400004846";"155773295";"A01";"3";"7";"0";"2";"3";"15";"1";""
"202400004846";"155773296";"B01";"3";"1";"0";"2";"8";"1";"5";""
"202400004847";"155773294";"A01";"3";"1";"0";"0";"8";"1";"5";""
"202400004848";"155773292";"B01";"1";"2";"0";"2";"7";"1";"0";""
"202400004848";"155773293";"A01";"2";"2";"0";"2";"1";"16";"0";""
"202400004849";"155773290";"A01";"1";"7";"0";"1";"3";"1";"1";""
"202400004849";"155773291";"B01";"1";"50";"0";"0";"7";"1";"3";""
"202400004850";"155773289";"A01";"1";"7";"0";"1";"2";"1";"2";""
"202400004851";"155773288";"A01";"1";"30";"8";"0";"0";"0";"1";""
"202400004852";"155773287";"A01";"3";"7";"0";"1";"1";"1";"1";""
"202400004853";"155773286";"A01";"2";"30";"14";"0";"0";"0";"1";""
"202400004854";"155773284";"A01";"2";"7";"4";"0";"0";"0";"1";""
"202400004855";"155773285";"A01";"1";"7";"8";"0";"1";"1";"1";""
"202400004856";"155773283";"A01";"2";"31";"4";"0";"0";"1";"1";""
"202400004857";"155773281";"A01";"1";"7";"0";"2";"1";"2";"1";""
"202400004857";"155773282";"B01";"1";"7";"0";"2";"4";"2";"1";""
"202400004858";"155773277";"A01";"1";"7";"0";"2";"1";"15";"1";""
"202400004858";"155773278";"Y01";"2";"1";"0";"2";"8";"19";"5";""
"202400004859";"155773276";"B01";"2";"7";"0";"2";"1";"1";"2";""
"202400004859";"155773279";"C01";"2";"7";"0";"2";"3";"1";"1";""
"202400004859";"155773280";"A01";"1";"7";"16";"2";"3";"13";"1";""
"202400004860";"155773272";"A01";"1";"7";"4";"0";"1";"1";"1";""
"202400004860";"155773274";"B01";"1";"17";"0";"2";"8";"0";"1";""
"202400004861";"155773271";"B01";"3";"7";"0";"2";"4";"23";"1";""
"202400004861";"155773273";"D01";"3";"7";"0";"2";"4";"23";"1";""
"202400004861";"155773275";"A01";"3";"7";"0";"2";"1";"1";"1";""
"202400004862";"155773269";"A01";"1";"7";"0";"2";"2";"14";"0";""
"202400004862";"155773270";"B01";"1";"17";"0";"2";"3";"1";"0";""
"202400004863";"155773267";"A01";"3";"30";"0";"2";"0";"5";"1";""
"202400004863";"155773268";"B01";"3";"10";"0";"2";"1";"1";"1";""
"202400004864";"155773266";"A01";"2";"7";"3";"0";"7";"1";"0";""
"202400004865";"155773263";"A01";"1";"50";"0";"2";"1";"25";"3";""
"202400004865";"155773265";"B01";"3";"10";"0";"2";"2";"16";"1";""
"202400004866";"155773262";"A01";"2";"15";"0";"2";"8";"1";"1";""
"202400004866";"155773264";"B01";"2";"7";"0";"2";"1";"1";"1";""
"202400004867";"155773260";"A01";"1";"7";"0";"2";"2";"15";"1";""
"202400004867";"155773261";"B01";"1";"33";"0";"2";"1";"1";"1";""
"202400004868";"155773256";"A01";"2";"10";"0";"2";"4";"11";"1";""
"202400004868";"155773257";"B01";"2";"31";"0";"2";"1";"3";"1";""
"202400004869";"155773255";"A01";"1";"7";"3";"0";"7";"1";"1";""
"202400004870";"155773254";"A01";"1";"31";"0";"1";"7";"1";"0";""
"202400004871";"155773251";"A01";"1";"7";"0";"1";"2";"1";"1";""
"202400004872";"155773250";"A01";"1";"7";"0";"2";"1";"1";"1";""
"202400004872";"155773252";"B01";"1";"7";"0";"2";"4";"1";"1";""
"202400004872";"155773253";"C01";"1";"7";"0";"2";"4";"1";"1";""
"202400004873";"155773248";"A01";"2";"31";"0";"2";"1";"17";"1";""
"202400004873";"155773249";"B01";"1";"10";"0";"2";"8";"1";"1";""
"202400004874";"155773245";"A01";"2";"2";"0";"0";"3";"2";"1";""
"202400004875";"155773246";"A01";"0";"7";"0";"2";"1";"1";"1";""
"202400004875";"155773247";"B01";"0";"7";"0";"2";"3";"1";"1";""
"202400004876";"155773244";"A01";"2";"33";"13";"0";"3";"1";"1";""
"202400004877";"155773242";"A01";"1";"7";"0";"2";"1";"1";"1";""
"202400004877";"155773243";"B01";"2";"7";"0";"2";"1";"1";"1";""
"202400004878";"155773240";"A01";"1";"7";"0";"2";"2";"0";"1";""
"202400004878";"155773241";"B01";"1";"7";"0";"2";"6";"2";"1";""
"202400004879";"155773238";"A01";"2";"33";"0";"2";"2";"1";"1";""
"202400004879";"155773239";"B01";"2";"7";"0";"2";"1";"9";"1";""
"202400004880";"155773237";"A01";"1";"7";"3";"0";"1";"26";"1";""
"202400004881";"155773234";"A01";"1";"7";"0";"2";"2";"1";"1";""
"202400004881";"155773236";"B01";"3";"7";"0";"2";"1";"26";"1";""
"202400004882";"155773233";"A01";"1";"7";"0";"2";"3";"11";"1";""
"202400004882";"155773235";"B01";"1";"33";"0";"2";"1";"1";"1";""
"202400004883";"155773230";"A01";"1";"7";"0";"2";"0";"0";"1";""
"202400004883";"155773231";"B01";"1";"1";"0";"2";"0";"0";"5";""
"202400004884";"155773229";"A01";"1";"7";"0";"2";"5";"9";"0";""
"202400004884";"155773232";"B01";"0";"7";"0";"2";"1";"1";"0";""
"202400004885";"155773227";"A01";"1";"7";"0";"2";"2";"1";"1";""
"202400004885";"155773228";"B01";"1";"1";"0";"2";"5";"19";"5";""
"202400004886";"155773226";"A01";"2";"7";"0";"1";"4";"20";"1";""
"202400004887";"155773225";"A01";"1";"7";"13";"0";"0";"0";"1";""
"202400004888";"155773223";"A01";"2";"7";"4";"0";"1";"1";"1";""
"202400004889";"155773222";"A01";"1";"7";"1";"2";"2";"1";"1";""
"202400004889";"155773224";"B01";"1";"7";"0";"2";"1";"15";"1";""
"202400004890";"155773221";"A01";"1";"7";"0";"0";"0";"0";"1";""
"202400004891";"155773219";"A01";"2";"10";"0";"2";"8";"15";"1";""
"202400004891";"155773220";"B01";"2";"7";"0";"2";"2";"17";"1";""
"202400004892";"155773218";"A01";"2";"7";"6";"0";"1";"1";"1";""
"202400004893";"155773217";"Z01";"1";"10";"0";"1";"1";"1";"1";""
"202400004894";"155773216";"A01";"1";"1";"0";"0";"0";"21";"5";""
"202400004895";"155773215";"A01";"1";"40";"0";"1";"7";"1";"3";""
"202400004896";"155773213";"B01";"2";"1";"0";"2";"0";"1";"5";""
"202400004896";"155773214";"A01";"1";"7";"0";"2";"2";"15";"1";""
"202400004897";"155773211";"A01";"1";"60";"1";"0";"0";"0";"5";""
"202400004898";"155773210";"B01";"3";"7";"0";"0";"4";"1";"1";""
"202400004898";"155773212";"A01";"3";"7";"0";"2";"1";"2";"1";""
"202400004899";"155773208";"A01";"1";"7";"0";"2";"7";"17";"1";""
"202400004899";"155773209";"B01";"1";"33";"0";"2";"8";"2";"1";""
"202400004900";"155773206";"A01";"2";"60";"0";"0";"0";"0";"5";""
"202400004901";"155773205";"B01";"2";"7";"0";"2";"1";"1";"1";""
"202400004901";"155773207";"A01";"1";"7";"0";"2";"1";"15";"1";""
"202400004902";"155773202";"A01";"2";"7";"0";"1";"1";"1";"1";""
"202400004903";"155773203";"B01";"1";"1";"0";"2";"0";"1";"5";""
"202400004903";"155773204";"A01";"1";"7";"0";"2";"0";"16";"1";""
"202400004904";"155773199";"A01";"2";"7";"0";"2";"1";"9";"1";""
"202400004904";"155773201";"B01";"1";"1";"0";"2";"7";"1";"5";""
"202400004905";"155773200";"A01";"3";"7";"0";"0";"9";"1";"1";""
"202400004906";"155773196";"A01";"1";"7";"0";"2";"1";"5";"0";""
"202400004906";"155773198";"B01";"2";"7";"0";"2";"1";"1";"0";""
"202400004907";"155773195";"A01";"1";"7";"0";"2";"1";"1";"1";""
"202400004907";"155773197";"B01";"1";"7";"9";"0";"1";"2";"1";""
"202400004908";"155773194";"A01";"2";"7";"13";"0";"9";"1";"2";""
"202400004909";"155773193";"A01";"1";"7";"0";"1";"3";"1";"1";""
"202400004910";"155773191";"A01";"3";"7";"0";"0";"7";"1";"2";""
"202400004910";"155773192";"B01";"3";"31";"0";"2";"1";"9";"0";""
"202400004911";"155773190";"A01";"1";"10";"0";"1";"0";"26";"1";""
"202400004912";"155773187";"A01";"1";"7";"0";"0";"6";"15";"1";""
"202400004912";"155773189";"B01";"1";"34";"0";"2";"1";"17";"1";""
"202400004913";"155773186";"A01";"3";"7";"0";"2";"3";"19";"1";""
"202400004913";"155773188";"B01";"3";"37";"0";"2";"2";"1";"1";"1"
"202400004914";"155773184";"A01";"3";"7";"0";"1";"4";"26";"1";""
"202400004914";"155773185";"B01";"3";"7";"0";"2";"3";"26";"1";""
"202400004915";"155773182";"B01";"3";"7";"0";"2";"4";"2";"1";""
"202400004915";"155773183";"A01";"3";"2";"0";"2";"1";"2";"1";""
"202400004916";"155773181";"A01";"1";"7";"8";"0";"1";"2";"1";""
"202400004917";"155773179";"A01";"2";"7";"0";"1";"3";"19";"1";""
"202400004918";"155773177";"A01";"2";"21";"0";"2";"6";"1";"0";""
"202400004918";"155773178";"B01";"2";"7";"0";"2";"3";"17";"1";""
"202400004918";"155773180";"C01";"1";"7";"0";"2";"0";"0";"1";""
"202400004919";"155773176";"A01";"0";"38";"0";"1";"8";"26";"1";"1"
"202400004920";"155773173";"C01";"3";"7";"0";"2";"4";"1";"3";""
"202400004920";"155773174";"B01";"3";"7";"0";"2";"4";"1";"1";""
"202400004920";"155773175";"A01";"3";"7";"0";"2";"1";"1";"1";""
"202400004921";"155773172";"A01";"2";"7";"0";"0";"0";"1";"1";""
"202400004922";"155773171";"A01";"1";"1";"0";"2";"0";"1";"5";""
"202400004923";"155773169";"A01";"1";"7";"0";"2";"3";"2";"1";""
"202400004923";"155773170";"B01";"2";"7";"0";"2";"3";"5";"1";""
"202400004924";"155773167";"B01";"1";"2";"0";"2";"1";"1";"1";""
"202400004924";"155773168";"A01";"1";"7";"0";"2";"1";"17";"1";""
"202400004925";"155773166";"A01";"1";"15";"0";"1";"2";"16";"1";""
"202400004926";"155773164";"B01";"0";"7";"0";"0";"3";"0";"1";""
"202400004926";"155773165";"A01";"0";"7";"0";"0";"3";"0";"1";""
"202400004927";"155773163";"A01";"1";"7";"2";"0";"9";"14";"1";""
"202400004928";"155773162";"A01";"3";"7";"0";"1";"2";"16";"1";""
"202400004929";"155773158";"A01";"3";"7";"0";"2";"2";"16";"1";""
"202400004929";"155773161";"B01";"1";"1";"0";"2";"5";"1";"5";""
"202400004930";"155773159";"A01";"3";"7";"0";"2";"3";"1";"1";""
"202400004930";"155773160";"B01";"0";"10";"0";"2";"3";"1";"1";""
"202400004931";"155773157";"A01";"1";"32";"0";"5";"1";"0";"1";""
"202400004932";"155773156";"A01";"1";"50";"0";"0";"7";"16";"3";""
"202400004933";"155773153";"A01";"2";"7";"0";"2";"2";"13";"1";""
"202400004933";"155773155";"B01";"1";"7";"0";"2";"2";"1";"1";""
"202400004934";"155773152";"A01";"0";"7";"0";"2";"3";"18";"1";""
"202400004934";"155773154";"B01";"0";"7";"0";"2";"7";"1";"1";""
"202400004935";"155773150";"A01";"3";"7";"0";"1";"2";"1";"1";""
"202400004936";"155773149";"A01";"1";"7";"0";"2";"1";"0";"2";""
"202400004936";"155773151";"B01";"2";"7";"0";"2";"1";"13";"1";""
"202400004937";"155773146";"A01";"1";"7";"0";"2";"8";"9";"1";""
"202400004937";"155773148";"B01";"1";"33";"0";"2";"8";"1";"1";""
"202400004938";"155773145";"A01";"1";"7";"0";"2";"0";"15";"1";""
"202400004938";"155773147";"B01";"2";"2";"0";"2";"0";"1";"1";""
"202400004939";"155773143";"A01";"1";"7";"0";"2";"2";"16";"1";""
"202400004939";"155773144";"B01";"2";"50";"0";"2";"1";"1";"3";""
"202400004940";"155773142";"A01";"2";"7";"7";"0";"0";"0";"2";""
"202400004941";"155773139";"A01";"3";"7";"0";"2";"1";"2";"3";""
"202400004941";"155773140";"B01";"3";"7";"0";"2";"6";"2";"1";""
"202400004942";"155773138";"A01";"1";"7";"0";"2";"1";"13";"1";""
"202400004942";"155773141";"B01";"2";"7";"0";"2";"1";"0";"1";""
"202400004943";"155773136";"A01";"2";"33";"11";"0";"1";"17";"1";""
"202400004944";"155773135";"B01";"1";"10";"1";"0";"0";"0";"1";""
"202400004944";"155773137";"A01";"1";"80";"0";"2";"0";"14";"3";""
"202400004945";"155773133";"A01";"1";"7";"12";"0";"2";"15";"1";""
"202400004946";"155773132";"B01";"2";"17";"0";"2";"2";"24";"1";""
"202400004946";"155773134";"A01";"2";"7";"1";"0";"3";"21";"1";""
"202400004947";"155773130";"B01";"0";"33";"0";"2";"1";"1";"1";""
"202400004947";"155773131";"A01";"0";"7";"0";"2";"5";"15";"1";""
"202400004948";"155773129";"A01";"0";"7";"0";"1";"1";"15";"1";""
"202400004949";"155773125";"A01";"2";"7";"0";"2";"4";"1";"1";""
"202400004949";"155773126";"B01";"2";"7";"0";"2";"1";"1";"1";""
"202400004949";"155773128";"C01";"2";"7";"0";"2";"1";"1";"1";""
"202400004950";"155773123";"A01";"2";"7";"0";"2";"3";"15";"1";""
"202400004950";"155773124";"B01";"2";"2";"0";"2";"2";"17";"1";""
"202400004951";"155773122";"A01";"2";"7";"0";"1";"1";"1";"1";""
"202400004952";"155773121";"A01";"0";"7";"0";"1";"1";"0";"0";""
"202400004953";"155773119";"B01";"1";"2";"0";"0";"8";"1";"1";""
"202400004953";"155773120";"A01";"1";"7";"0";"2";"2";"26";"1";""
"202400004954";"155773116";"A01";"1";"7";"0";"1";"3";"1";"1";""
"202400004955";"155773113";"B01";"1";"32";"0";"2";"1";"1";"1";""
"202400004955";"155773115";"A01";"1";"7";"0";"2";"3";"15";"2";""
"202400004956";"155773114";"A01";"1";"1";"12";"0";"4";"16";"5";""
"202400004956";"155773117";"B01";"1";"7";"12";"0";"1";"16";"1";""
"202400004957";"155773112";"A01";"1";"7";"0";"1";"1";"1";"1";""
"202400004958";"155773110";"Z01";"2";"33";"0";"1";"1";"17";"0";""
"202400004959";"155773109";"B01";"1";"2";"0";"2";"1";"1";"1";""
"202400004959";"155773111";"A01";"2";"7";"0";"2";"3";"15";"2";""
"202400004960";"155773108";"A01";"2";"33";"8";"0";"2";"26";"1";""
"202400004961";"155773105";"A01";"0";"7";"0";"1";"2";"1";"1";""
"202400004962";"155773106";"A01";"1";"7";"0";"2";"8";"17";"0";""
"202400004962";"155773107";"B01";"2";"2";"0";"2";"8";"1";"1";""
"202400004963";"155773102";"A01";"1";"10";"0";"2";"2";"1";"1";""
"202400004963";"155773104";"B01";"3";"1";"0";"2";"0";"1";"5";""
"202400004964";"155773103";"A01";"1";"7";"0";"1";"2";"15";"1";""
"202400004965";"155773101";"A01";"0";"7";"0";"1";"3";"0";"1";""
"202400004966";"155773100";"A01";"1";"7";"0";"1";"2";"1";"1";""
"202400004967";"155773098";"Z01";"2";"7";"0";"2";"1";"1";"0";""
"202400004967";"155773099";"A01";"2";"7";"0";"2";"4";"23";"1";""
"202400004968";"155773097";"A01";"2";"7";"0";"1";"1";"0";"1";""
"202400004969";"155773096";"A01";"3";"2";"0";"2";"2";"16";"1";""
"202400004970";"155773093";"A01";"2";"7";"0";"1";"1";"1";"1";""
"202400004971";"155773092";"B01";"2";"7";"0";"2";"6";"1";"1";""
"202400004971";"155773094";"C01";"2";"7";"0";"2";"1";"1";"1";""
"202400004971";"155773095";"A01";"1";"7";"0";"2";"1";"13";"1";""
"202400004972";"155773089";"A01";"3";"31";"0";"2";"1";"17";"1";""
"202400004972";"155773091";"B01";"3";"7";"0";"2";"3";"15";"1";""
"202400004973";"155773088";"A01";"1";"7";"0";"2";"8";"15";"1";""
"202400004973";"155773090";"B01";"1";"7";"0";"2";"1";"1";"1";""
"202400004974";"155773086";"B01";"2";"33";"0";"2";"1";"1";"1";""
"202400004974";"155773087";"A01";"2";"7";"0";"2";"2";"15";"1";""
"202400004975";"155773084";"B01";"2";"1";"0";"2";"1";"1";"5";""
"202400004975";"155773085";"A01";"1";"7";"0";"2";"3";"15";"1";""
"202400004976";"155773082";"A01";"2";"7";"0";"2";"3";"19";"1";""
"202400004976";"155773083";"B01";"1";"31";"0";"2";"1";"1";"1";""
"202400004977";"155773080";"A01";"2";"13";"0";"0";"4";"2";"1";""
"202400004977";"155773081";"B01";"2";"33";"0";"2";"1";"2";"1";""
"202400004978";"155773078";"A01";"2";"7";"0";"2";"1";"1";"2";""
"202400004978";"155773079";"B01";"1";"7";"0";"2";"2";"2";"1";""
"202400004979";"155773077";"A01";"3";"7";"0";"0";"0";"1";"1";""
"202400004980";"155773075";"B01";"3";"7";"0";"9";"1";"1";"1";""
"202400004980";"155773076";"A01";"3";"2";"0";"2";"1";"15";"1";""
"202400004981";"155773073";"A01";"1";"2";"0";"2";"3";"1";"1";""
"202400004981";"155773074";"B01";"3";"7";"0";"2";"0";"15";"1";""
"202400004982";"155773071";"B01";"3";"50";"0";"2";"8";"1";"3";""
"202400004982";"155773072";"A01";"2";"7";"0";"9";"3";"1";"1";""
"202400004983";"155773066";"Z01";"2";"10";"0";"2";"1";"2";"0";""
"202400004983";"155773068";"A01";"2";"7";"0";"2";"4";"2";"1";""