"Num_Acc";"id_vehicule";"num_veh";"senc";"catv";"obs";"obsm";"choc";"manv";"motor";"occutc"
"202400004984";"155773065";"B01";"1";"7";"0";"2";"4";"2";"1";""
"202400004984";"155773067";"C01";"1";"7";"0";"2";"4";"2";"3";""
"202400004984";"155773069";"D01";"1";"7";"0";"2";"4";"2";"1";""
"202400004984";"155773070";"A01";"1";"7";"0";"2";"1";"2";"1";""
"202400004985";"155773060";"A01";"2";"7";"0";"2";"3";"1";"2";""
"202400004985";"155773063";"B01";"1";"1";"0";"2";"1";"19";"5";""
"202400004986";"155773059";"D01";"1";"7";"0";"2";"6";"1";"2";""
"202400004986";"155773061";"A01";"2";"7";"0";"2";"8";"13";"1";""
"202400004986";"155773062";"C01";"1";"7";"0";"2";"2";"1";"1";""
"202400004986";"155773064";"B01";"1";"7";"0";"2";"3";"1";"2";""
"202400004987";"155773058";"A01";"1";"7";"1";"0";"0";"0";"1";""
"202400004988";"155773055";"A01";"2";"7";"12";"1";"1";"13";"1";""
"202400004989";"155773056";"A01";"1";"10";"0";"2";"1";"9";"1";""
"202400004989";"155773057";"B01";"1";"33";"0";"2";"8";"1";"1";""
"202400004990";"155773052";"A01";"2";"7";"0";"1";"7";"1";"1";""
"202400004991";"155773053";"B01";"1";"33";"0";"2";"0";"9";"1";""
"202400004991";"155773054";"A01";"1";"7";"0";"2";"0";"1";"1";""
"202400004992";"155773051";"A01";"1";"7";"0";"2";"2";"1";"0";""
"202400004993";"155773050";"B01";"3";"1";"0";"1";"1";"1";"5";""
"202400004994";"155773048";"A01";"1";"7";"2";"0";"2";"1";"1";""
"202400004995";"155773049";"A01";"2";"32";"0";"1";"1";"26";"1";""
"202400004996";"155773047";"A01";"3";"1";"9";"0";"1";"1";"5";""
"202400004997";"155773045";"A01";"1";"7";"0";"0";"2";"1";"1";""
"202400004997";"155773046";"B01";"1";"7";"0";"0";"3";"16";"1";""
"202400004998";"155773044";"A01";"3";"60";"14";"0";"1";"2";"5";""
"202400004999";"155773041";"A01";"3";"10";"0";"1";"3";"15";"3";""
"202400005000";"155773042";"A01";"2";"7";"0";"2";"1";"13";"1";""
"202400005000";"155773043";"B01";"1";"7";"0";"0";"1";"1";"1";""
"202400005001";"155773040";"A01";"3";"1";"0";"1";"1";"7";"5";""
"202400005002";"155773039";"A01";"1";"2";"0";"1";"8";"0";"1";""
"202400005003";"155773036";"B01";"1";"2";"0";"2";"8";"2";"1";""
"202400005003";"155773038";"A01";"2";"7";"0";"2";"7";"5";"1";""
"202400005004";"155773035";"B01";"3";"1";"0";"2";"0";"0";"5";""
"202400005004";"155773037";"A01";"1";"7";"0";"9";"3";"16";"0";""
"202400005005";"155773031";"B01";"1";"7";"0";"2";"7";"1";"1";""
"202400005005";"155773033";"A01";"2";"7";"0";"2";"1";"1";"1";""
"202400005005";"155773034";"C01";"3";"7";"0";"2";"4";"24";"1";""
"202400005006";"155773030";"B01";"2";"2";"0";"2";"1";"1";"1";""
"202400005006";"155773032";"A01";"2";"10";"0";"2";"3";"20";"1";""
"202400005007";"155773029";"A01";"0";"7";"0";"1";"7";"2";"1";""
"202400005008";"155773027";"B01";"3";"7";"0";"2";"4";"10";"1";""
"202400005008";"155773028";"A01";"3";"33";"0";"2";"1";"26";"1";""
"202400005009";"155773026";"A01";"1";"7";"0";"1";"3";"2";"1";""
"202400005010";"155773024";"A01";"1";"10";"0";"1";"4";"4";"1";""
"202400005011";"155773023";"B01";"3";"50";"0";"2";"1";"19";"3";""
"202400005011";"155773025";"A01";"3";"7";"0";"9";"1";"15";"1";""
"202400005012";"155773022";"A01";"2";"33";"3";"0";"9";"1";"1";""
"202400005013";"155773020";"B01";"3";"99";"0";"2";"3";"5";"0";""
"202400005013";"155773021";"A01";"3";"7";"0";"9";"3";"15";"1";""
"202400005014";"155773018";"B01";"1";"1";"0";"2";"1";"2";"5";""
"202400005014";"155773019";"A01";"1";"7";"0";"9";"6";"4";"2";""
"202400005015";"155773016";"A01";"2";"33";"0";"2";"1";"1";"1";""
"202400005015";"155773017";"B01";"1";"7";"0";"2";"3";"15";"1";""
"202400005016";"155773015";"A01";"1";"10";"0";"1";"2";"1";"1";""
"202400005017";"155773012";"B01";"0";"10";"0";"2";"2";"1";"1";""
"202400005017";"155773014";"X01";"3";"13";"0";"2";"0";"0";"0";""
"202400005018";"155773011";"B01";"2";"33";"0";"2";"1";"13";"1";""
"202400005018";"155773013";"A01";"1";"7";"0";"2";"1";"1";"1";""
"202400005019";"155773010";"A01";"3";"2";"0";"1";"7";"1";"1";""
"202400005020";"155773008";"B01";"1";"2";"0";"2";"8";"1";"1";""
"202400005020";"155773009";"A01";"0";"10";"0";"2";"1";"15";"1";""
"202400005021";"155773006";"A01";"0";"7";"0";"9";"2";"1";"1";""
"202400005021";"155773007";"B01";"0";"50";"0";"2";"1";"0";"3";""
"202400005022";"155773004";"A01";"2";"7";"0";"2";"1";"15";"1";""
"202400005022";"155773005";"B01";"1";"33";"0";"2";"1";"1";"1";""
"202400005023";"155773003";"A01";"1";"7";"0";"1";"1";"26";"1";""
"202400005024";"155773001";"A01";"3";"33";"0";"9";"1";"0";"1";""
"202400005024";"155773002";"B01";"3";"50";"0";"2";"1";"0";"3";""
"202400005025";"155772999";"B01";"1";"7";"0";"2";"0";"9";"1";""
"202400005025";"155773000";"A01";"1";"13";"0";"2";"0";"1";"1";""
"202400005026";"155772998";"A01";"2";"7";"0";"1";"2";"1";"1";""
"202400005027";"155772995";"B01";"0";"40";"0";"2";"1";"1";"3";""
"202400005027";"155772996";"A01";"0";"50";"0";"4";"4";"1";"3";""
"202400005028";"155772997";"A01";"3";"7";"0";"1";"1";"1";"1";""
"202400005029";"155772994";"A01";"2";"7";"7";"0";"0";"0";"2";""
"202400005030";"155772993";"A01";"1";"7";"4";"0";"9";"26";"1";""
"202400005031";"155772991";"B01";"1";"10";"0";"2";"1";"15";"1";""
"202400005031";"155772992";"A01";"1";"34";"0";"2";"4";"18";"1";""
"202400005032";"155772989";"A01";"1";"39";"0";"1";"1";"1";" -1";""
"202400005033";"155772988";"A01";"1";"7";"0";"2";"1";"9";"1";""
"202400005033";"155772990";"X01";"1";"15";"0";"2";"0";"0";"0";""
"202400005034";"155772987";"A01";"0";"7";"0";"1";"1";"1";"1";""
"202400005035";"155772986";"A01";"2";"30";"0";"0";"0";"0";"1";""
"202400005036";"155772984";"A01";"2";"30";"9";"0";"0";"14";"1";""
"202400005037";"155772983";"A01";"1";"33";"0";"2";"2";"3";"1";""
"202400005037";"155772985";"Z01";"1";"7";"0";"2";"4";"11";"0";""
"202400005038";"155772982";"A01";"1";"7";"8";"0";"0";"0";"0";""
"202400005039";"155772980";"A01";"3";"7";"0";"1";"3";"16";"1";""
"202400005040";"155772978";"A01";"2";"10";"0";"2";"1";"2";"1";""
"202400005040";"155772981";"B01";"2";"10";"0";"2";"4";"1";"1";""
"202400005041";"155772977";"A01";"2";"7";"0";"2";"1";"2";"1";""
"202400005041";"155772979";"B01";"2";"7";"0";"2";"4";"2";"1";""
"202400005042";"155772975";"A01";"3";"7";"0";"1";"4";"4";"1";""
"202400005043";"155772974";"A01";"2";"30";"0";"2";"1";"2";"3";""
"202400005043";"155772976";"B01";"2";"7";"0";"2";"6";"2";"1";""
"202400005044";"155772971";"A01";"3";"7";"0";"1";"1";"26";"1";""
"202400005045";"155772970";"A01";"1";"7";"0";"2";"1";"1";"2";""
"202400005045";"155772973";"B01";"2";"7";"0";"2";"1";"5";"0";""
"202400005046";"155772969";"B01";"1";"7";"0";"2";"5";"1";"1";""
"202400005046";"155772972";"A01";"1";"32";"0";"2";"0";"0";"1";""
"202400005047";"155772967";"A01";"2";"39";"0";"1";"1";"1";"3";""
"202400005048";"155772966";"A01";"0";"7";"0";"2";"3";"15";"1";""
"202400005048";"155772968";"B01";"0";"32";"0";"2";"3";"1";"1";""
"202400005049";"155772965";"A01";"1";"37";"0";"1";"1";"0";"1";"1"
"202400005050";"155772962";"A01";"1";"7";"0";"2";"7";"15";"1";""
"202400005050";"155772964";"B01";"2";"10";"0";"2";"2";"1";"1";""
"202400005051";"155772960";"A01";"1";"7";"9";"1";"0";"14";"1";""
"202400005052";"155772958";"A01";"2";"7";"0";"0";"0";"0";"1";""
"202400005053";"155772957";"A01";"1";"7";"0";"2";"8";"15";"1";""
"202400005053";"155772959";"B01";"1";"7";"0";"2";"1";"2";"1";""
"202400005054";"155772954";"B01";"1";"7";"0";"2";"4";"1";"1";""
"202400005054";"155772956";"A01";"1";"34";"0";"2";"1";"2";"1";""
"202400005055";"155772950";"B01";"1";"1";"0";"2";"0";"0";"5";""
"202400005055";"155772952";"A01";"1";"7";"0";"2";"0";"0";"1";""
"202400005056";"155772949";"B01";"2";"7";"0";"0";"1";"19";"1";""
"202400005056";"155772951";"A01";"2";"7";"0";"2";"3";"1";"1";""
"202400005057";"155772947";"A01";"2";"7";"0";"2";"0";"16";"1";""
"202400005057";"155772948";"B01";"2";"60";"0";"2";"0";"1";"5";""
"202400005058";"155772945";"A01";"2";"7";"0";"2";"1";"2";"1";""
"202400005058";"155772946";"B01";"2";"1";"0";"0";"4";"1";"5";""
"202400005059";"155772943";"A01";"1";"7";"0";"2";"0";"1";"1";""
"202400005059";"155772944";"B01";"1";"33";"0";"2";"0";"1";"1";""
"202400005060";"155772942";"A01";"2";"7";"0";"1";"2";"1";"1";""
"202400005061";"155772939";"B01";"1";"1";"1";"0";"0";"1";"5";""
"202400005061";"155772941";"A01";"1";"7";"0";"2";"8";"22";"1";""
"202400005062";"155772940";"A01";"2";"7";"2";"0";"1";"1";"1";""
"202400005063";"155772938";"A01";"1";"7";"8";"0";"0";"14";"1";""
"202400005064";"155772937";"A01";"2";"7";"0";"0";"1";"1";"1";""
"202400005065";"155772934";"A01";"1";"7";"0";"2";"3";"9";"1";""
"202400005065";"155772935";"B01";"2";"7";"0";"2";"1";"1";"1";""
"202400005066";"155772929";"A01";"2";"7";"0";"2";"2";"21";"1";""
"202400005066";"155772931";"C01";"1";"30";"0";"2";"1";"19";"1";""
"202400005066";"155772933";"B01";"2";"34";"0";"2";"1";"1";"1";""
"202400005067";"155772925";"B01";"2";"31";"0";"2";"1";"1";"1";""
"202400005067";"155772927";"A01";"2";"7";"0";"2";"5";"12";"1";""
"202400005068";"155772926";"A01";"3";"7";"0";"2";"3";"16";"1";""
"202400005068";"155772928";"B01";"2";"7";"0";"2";"1";"1";"1";""
"202400005069";"155772923";"A01";"1";"7";"1";"0";"1";"14";"1";""
"202400005069";"155772924";"B01";"1";"7";"0";"2";"0";"23";"1";""
"202400005070";"155772921";"A01";"1";"7";"0";"2";"1";"13";"1";""
"202400005070";"155772922";"B01";"2";"7";"0";"2";"1";"26";"1";""
"202400005071";"155772920";"A01";"2";"7";"0";"1";"3";"1";"1";""
"202400005072";"155772919";"A01";"1";"31";"0";"1";"1";"1";"1";""
"202400005073";"155772916";"B01";"2";"7";"0";"2";"3";"1";"1";""
"202400005073";"155772918";"A01";"2";"7";"0";"2";"8";"26";"1";""
"202400005074";"155772915";"B01";"2";"7";"0";"2";"1";"1";"1";""
"202400005074";"155772917";"A01";"1";"7";"0";"2";"2";"15";"1";""
"202400005075";"155772914";"A01";"3";"7";"14";"0";"2";"1";"1";""
"202400005076";"155772909";"A01";"1";"7";"0";"2";"1";"1";"1";""
"202400005076";"155772910";"B01";"1";"7";"0";"2";"4";"1";"1";""
"202400005076";"155772911";"C01";"1";"10";"0";"2";"4";"1";"1";""
"202400005077";"155772907";"A01";"1";"7";"0";"2";"4";"23";"1";""
"202400005077";"155772908";"B01";"1";"10";"0";"2";"1";"2";"1";""
"202400005078";"155772905";"B01";"1";"33";"0";"2";"8";"1";"1";""
"202400005078";"155772906";"A01";"1";"7";"0";"2";"2";"9";"1";""
"202400005079";"155772904";"A01";"1";"7";"0";"1";"2";"1";"1";""
"202400005080";"155772903";"A01";"2";"7";"0";"1";"2";"1";"3";""
"202400005081";"155772901";"A01";"1";"7";"2";"2";"3";"17";"1";""
"202400005081";"155772902";"B01";"1";"10";"0";"2";"3";"1";"1";""
"202400005082";"155772898";"A01";"3";"7";"0";"2";"1";"2";"1";""
"202400005082";"155772899";"B01";"3";"7";"0";"2";"4";"1";"1";""
"202400005082";"155772900";"C01";"3";"7";"1";"2";"4";"1";"1";""
"202400005083";"155772896";"A01";"2";"7";"0";"2";"2";"15";"1";""
"202400005083";"155772897";"B01";"2";"50";"0";"2";"1";"1";"3";""
"202400005084";"155772892";"A01";"2";"7";"0";"2";"7";"15";"1";""
"202400005084";"155772893";"B01";"1";"33";"0";"2";"7";"16";"1";""
"202400005085";"155772891";"A01";"1";"7";"0";"1";"2";"15";"1";""
"202400005086";"155772889";"A01";"0";"1";"0";"2";"1";"26";"5";""
"202400005086";"155772890";"B01";"0";"7";"0";"2";"3";"1";"1";""
"202400005087";"155772887";"A01";"0";"80";"0";"2";"1";"1";"3";""
"202400005087";"155772888";"B01";"1";"7";"0";"2";"8";"1";"1";""
"202400005088";"155772883";"A01";"3";"7";"0";"2";"3";"24";"1";""
"202400005088";"155772884";"B01";"3";"17";"1";"0";"7";"1";"1";""
"202400005089";"155772882";"A01";"3";"30";"0";"2";"1";"25";"3";""
"202400005090";"155772881";"A01";"3";"80";"0";"1";"1";"21";"3";""
"202400005091";"155772879";"A01";"2";"30";"0";"2";"4";"0";"1";""
"202400005091";"155772880";"B01";"2";"7";"0";"2";"4";"0";"3";""
"202400005092";"155772877";"A01";"3";"7";"0";"4";"3";"15";"1";""
"202400005092";"155772878";"B01";"3";"40";"0";"2";"3";"0";"3";""
"202400005093";"155772875";"B01";"1";"31";"0";"2";"1";"1";"1";""
"202400005093";"155772876";"A01";"2";"7";"0";"2";"5";"15";"1";""
"202400005094";"155772874";"A01";"1";"7";"0";"1";"2";"19";"1";""
"202400005095";"155772872";"A01";"2";"7";"0";"2";"3";"15";"1";""
"202400005095";"155772873";"B01";"1";"1";"0";"2";"0";"1";"5";""
"202400005096";"155772870";"B01";"2";"7";"0";"2";"1";"1";"1";""
"202400005096";"155772871";"A01";"1";"1";"0";"2";"1";"5";"5";""
"202400005097";"155772869";"A01";"3";"14";"0";"1";"5";"26";"1";""
"202400005098";"155772867";"B01";"3";"2";"0";"2";"1";"1";"1";""
"202400005098";"155772868";"A01";"2";"7";"0";"2";"6";"1";"1";""
"202400005099";"155772865";"B01";"3";"33";"0";"2";"4";"23";"1";""
"202400005099";"155772866";"A01";"3";"32";"0";"2";"1";"1";"1";""
"202400005100";"155772863";"A01";"1";"50";"0";"2";"1";"9";"3";""
"202400005100";"155772864";"B01";"2";"7";"0";"2";"1";"1";"1";""
"202400005101";"155772861";"A01";"1";"7";"0";"2";"1";"15";"1";""
"202400005101";"155772862";"B01";"2";"7";"0";"2";"8";"2";"1";""
"202400005102";"155772859";"A01";"1";"7";"0";"2";"2";"2";"1";""
"202400005102";"155772860";"B01";"3";"10";"0";"1";"0";"2";"0";""
"202400005103";"155772855";"A01";"3";"7";"0";"2";"3";"1";"1";""
"202400005103";"155772856";"B01";"0";"1";"0";"2";"1";"1";"5";""
"202400005104";"155772853";"B01";"3";"7";"0";"2";"2";"19";"1";""
"202400005104";"155772854";"A01";"0";"7";"0";"2";"3";"19";"1";""
"202400005105";"155772851";"A01";"1";"7";"0";"2";"3";"13";"1";""
"202400005105";"155772852";"B01";"2";"7";"0";"2";"3";"1";"2";""
"202400005106";"155772850";"A01";"2";"7";"9";"0";"1";"1";"1";""
"202400005107";"155772849";"A01";"3";"1";"0";"0";" -1";"21";"5";""
"202400005108";"155772848";"A01";"2";"30";"0";"0";"0";"1";"1";""
"202400005109";"155772844";"A01";"1";"10";"0";"2";"1";"1";"1";""
"202400005109";"155772846";"B01";"1";"32";"0";"2";"4";"1";"1";""
"202400005109";"155772847";"C01";"1";"7";"0";"2";"4";"1";"1";""
"202400005110";"155772842";"A01";"1";"10";"0";"2";"1";"26";"1";""
"202400005110";"155772843";"B01";"1";"50";"0";"2";"8";"1";"3";""
"202400005111";"155772839";"A01";"3";"7";"0";"2";"3";"26";"1";""
"202400005111";"155772840";"B01";"3";"80";"0";"2";"1";"1";"3";""
"202400005112";"155772841";"A01";"1";"2";"0";"0";"1";"0";"1";""
"202400005112";"155772845";"B01";"2";"2";"0";"0";"1";"0";"1";""
"202400005113";"155772838";"A01";"1";"7";"4";"0";"3";"26";"1";""
"202400005114";"155772835";"B01";"1";"7";"0";"2";"2";"2";"1";""
"202400005114";"155772837";"A01";"1";"7";"0";"2";"2";"5";"2";""
"202400005115";"155772831";"B01";"1";"7";"0";"2";"2";"1";"1";""
"202400005115";"155772832";"C01";"3";"7";"8";"0";"1";"23";"1";""
"202400005115";"155772833";"A01";"2";"7";"0";"2";"1";"26";"1";""
"202400005116";"155772830";"A01";"2";"7";"0";"0";"1";"13";"1";""
"202400005117";"155772828";"A01";"1";"30";"9";"0";"1";"16";"1";""
"202400005118";"155772827";"A01";"1";"7";"0";"2";"1";"1";"1";""
"202400005118";"155772829";"B01";"2";"7";"0";"2";"4";"23";"1";""
"202400005119";"155772826";"A01";"2";"2";"15";"0";"1";"14";"1";""
"202400005120";"155772825";"A01";"1";"40";"0";"1";"1";"1";"3";""
"202400005121";"155772822";"B01";"2";"50";"0";"2";"1";"1";"3";""
"202400005121";"155772824";"A01";"2";"1";"0";"2";"3";"15";"5";""
"202400005122";"155772821";"B01";"2";"43";"0";"2";"1";"1";"1";""
"202400005122";"155772823";"A01";"1";"7";"0";"2";"3";"1";"1";""
"202400005123";"155772818";"B01";"1";"10";"0";"2";"3";"1";"1";""
"202400005123";"155772820";"A01";"2";"10";"0";"2";"8";"1";"1";""
"202400005124";"155772817";"A01";"2";"7";"0";"2";"1";"1";"1";""
"202400005124";"155772819";"B01";"2";"7";"0";"2";"8";"1";"1";""
"202400005125";"155772815";"A01";"1";"7";"0";"2";"1";"2";"1";""
"202400005125";"155772816";"B01";"1";"7";"0";"2";"7";"1";"0";""
"202400005126";"155772813";"B01";"2";"60";"0";"2";"3";"0";"5";""
"202400005126";"155772814";"A01";"0";"7";"0";"2";"2";"1";"2";""
"202400005127";"155772811";"A01";"2";"32";"0";"2";"1";"0";"1";""
"202400005127";"155772812";"B01";"1";"7";"0";"2";"1";"0";"1";""
"202400005128";"155772807";"B01";"1";"7";"0";"2";"1";"0";"1";""
"202400005128";"155772808";"A01";"1";"10";"0";"2";"3";"16";"1";""
"202400005129";"155772809";"A01";"2";"7";"0";"2";"5";"23";"1";""
"202400005129";"155772810";"B01";"2";"50";"1";"2";"1";"2";"3";""
"202400005130";"155772804";"A01";"0";"50";"0";"2";"3";"19";"3";""
"202400005130";"155772806";"B01";"0";"7";"0";"9";"8";"1";"0";""
"202400005131";"155772803";"A01";"1";"7";"0";"2";"1";"13";"1";""
"202400005131";"155772805";"B01";"2";"7";"0";"2";"3";"1";"1";""
"202400005132";"155772801";"A01";"0";"10";"0";"9";"1";"9";"1";""
"202400005132";"155772802";"B01";"0";"60";"0";"2";"7";"1";"5";""
"202400005133";"155772800";"A01";"1";"10";"8";"0";"9";"26";"1";""
"202400005134";"155772798";"A01";"0";"32";"0";"2";"1";"13";" -1";""
"202400005134";"155772799";"B01";"0";"7";"0";"2";"6";"1";" -1";""
"202400005135";"155772797";"A01";"1";"0";"0";"1";"2";"17";"0";""
"202400005136";"155772793";"A01";"1";"7";"0";"2";"3";"15";"1";""
"202400005136";"155772795";"B01";"2";"7";"0";"2";"6";"1";"1";""
"202400005137";"155772792";"B01";"2";"3";"0";"2";"8";"9";"0";""
"202400005137";"155772794";"A01";"2";"3";"0";"2";"1";"19";"0";""
"202400005138";"155772791";"A01";"3";"7";"1";"0";"2";"1";"1";""
"202400005139";"155772788";"A01";"1";"10";"8";"0";"9";"0";"0";""
"202400005140";"155772787";"A01";"3";"30";"0";"2";"1";"26";"1";""
"202400005140";"155772789";"B01";"3";"7";"0";"2";"2";"1";"1";""
"202400005141";"155772782";"A01";"3";"7";"0";"2";"3";"17";"1";""
"202400005141";"155772784";"B01";"3";"7";"0";"2";"3";"1";"1";""
"202400005142";"155772781";"A01";"2";"7";"0";"2";"1";"2";"1";""
"202400005142";"155772783";"B01";"2";"7";"0";"2";"4";"1";"1";""
"202400005143";"155772780";"A01";"0";"13";"0";"1";"1";"16";"1";""
"202400005144";"155772778";"B01";"1";"1";"0";"2";"4";"2";"5";""
"202400005144";"155772779";"A01";"1";"7";"0";"9";"2";"2";"1";""
"202400005145";"155772776";"A01";"1";"7";"0";"2";"7";"2";"1";""
"202400005145";"155772777";"B01";"1";"1";"0";"2";"8";"2";"5";""
"202400005146";"155772774";"A01";"1";"33";"0";"2";"1";"2";"1";""
"202400005147";"155772773";"A01";"0";"7";"0";"2";"1";"19";"1";""
"202400005147";"155772775";"B01";"0";"7";"0";"2";"1";"0";"1";""
"202400005148";"155772770";"A01";"2";"31";"0";"2";"4";"3";"1";""
"202400005148";"155772771";"B01";"2";"7";"0";"2";"6";"1";"1";""
"202400005148";"155772772";"Z01";"2";"31";"0";"2";"1";"3";"1";""
"202400005149";"155772767";"A01";"2";"10";"0";"2";"1";"2";"1";""
"202400005149";"155772769";"B01";"2";"7";"0";"2";"4";"2";"2";""
"202400005150";"155772766";"A01";"1";"15";"0";"2";"1";"1";"1";""
"202400005150";"155772768";"B01";"1";"7";"0";"0";"4";"1";"1";""
"202400005151";"155772764";"A01";"2";"15";"0";"2";"7";"12";"1";""
"202400005151";"155772765";"B01";"2";"31";"0";"2";"8";"1";"1";""
"202400005152";"155772760";"A01";"3";"7";"0";"2";"5";"5";"3";""
"202400005152";"155772762";"B01";"3";"1";"0";"2";"7";"1";"5";""
"202400005153";"155772761";"A01";"2";"7";"1";"0";"2";"1";"1";""
"202400005154";"155772758";"A01";"0";"10";"0";"2";"1";"1";"1";""
"202400005154";"155772759";"B01";"0";"50";"0";"2";"7";"1";"3";""
"202400005155";"155772757";"A01";"3";"10";"0";"1";"2";"26";"3";""
"202400005156";"155772756";"A01";"1";"10";"0";"1";"1";"16";"1";""
"202400005157";"155772754";"A01";"0";"10";"0";"1";"1";"15";"1";""
"202400005158";"155772752";"A01";"1";"15";"0";"2";"1";"15";"1";""
"202400005158";"155772753";"B01";"1";"30";"0";"2";"7";"15";"1";""
"202400005159";"155772749";"A01";"2";"7";"0";"2";"2";"1";"2";""
"202400005159";"155772750";"B01";"1";"32";"0";"2";"3";"1";"1";""
"202400005160";"155772751";"A01";"1";"7";"0";"1";"1";"1";"1";""
"202400005161";"155772747";"A01";"2";"7";"0";"1";"1";"9";"3";""
"202400005162";"155772744";"A01";"1";"13";"0";"2";"1";"2";"6";""
"202400005162";"155772745";"B01";"1";"7";"0";"2";"4";"23";"2";""
"202400005162";"155772746";"D01";"1";"7";"0";"2";"1";"23";"1";""
"202400005162";"155772748";"C01";"1";"7";"0";"2";"1";"23";"1";""
"202400005163";"155772743";"A01";"2";"7";"0";"1";"1";"2";"1";""
"202400005164";"155772742";"A01";"2";"33";"0";"1";"2";"3";"1";""
"202400005165";"155772740";"Z01";"2";"1";"0";"1";"1";"1";"5";""
"202400005166";"155772741";"A01";"2";"21";"0";"1";"1";"2";"1";""
"202400005167";"155772738";"A01";"2";"7";"0";"2";"3";"1";"2";""
"202400005168";"155772739";"A01";"2";"1";"12";"0";"1";"25";"5";""
"202400005169";"155772737";"A01";"2";"30";"0";"1";"1";"1";"3";""
"202400005170";"155772734";"B01";"2";"7";"0";"2";"1";"1";"1";""
"202400005170";"155772735";"A01";"2";"10";"0";"2";"3";"0";"1";""
"202400005171";"155772736";"A01";"2";"80";"12";"0";"2";"14";"3";""
"202400005172";"155772732";"B01";"1";"50";"0";"2";"1";"2";"3";""
"202400005172";"155772733";"A01";"1";"7";"0";"2";"6";"20";"1";""
"202400005173";"155772731";"A01";"0";"7";"0";"1";"1";"1";"1";""
"202400005174";"155772729";"A01";"1";"43";"0";"2";"1";"1";"1";""
"202400005174";"155772730";"B01";"1";"7";"0";"2";"4";"1";"1";""
"202400005175";"155772728";"A01";"0";"7";"0";"1";"4";"4";"1";""
"202400005176";"155772727";"A01";"3";"7";"0";"1";"1";"2";"1";""
"202400005177";"155772725";"A01";"3";"7";"0";"2";"1";"13";"1";""
"202400005177";"155772726";"B01";"3";"7";"0";"2";"3";"1";"1";""
"202400005178";"155772723";"A01";"3";"7";"0";"2";"1";"15";"1";""
"202400005178";"155772724";"B01";"3";"7";"0";"2";"3";"1";"1";""
"202400005179";"155772721";"B01";"1";"7";"0";"2";"3";"0";"3";""
"202400005179";"155772722";"A01";"1";"43";"0";"2";"1";"1";"1";""
"202400005180";"155772719";"A01";"0";"7";"0";"1";"3";"1";"1";""
"202400005181";"155772718";"A01";"2";"7";"0";"2";"8";"1";"1";""
"202400005181";"155772720";"B01";"2";"30";"0";"2";"1";"9";"1";""
"202400005182";"155772717";"A01";"1";"32";"14";"1";"1";"17";"1";""
"202400005183";"155772716";"A01";"1";"7";"9";"0";"1";"13";"1";""
"202400005184";"155772715";"A01";"3";"7";"13";"0";"1";"14";"1";""
"202400005185";"155772713";"B01";"3";"10";"0";"2";"2";"9";"1";""
"202400005185";"155772714";"A01";"3";"7";"0";"2";"3";"9";"2";""
"202400005186";"155772711";"B01";"1";"50";"0";"2";"1";"5";"3";""
"202400005186";"155772712";"A01";"1";"10";"0";"0";"8";"2";"1";""
"202400005187";"155772708";"Z01";"1";"7";"0";"1";"1";"1";"0";""
"202400005188";"155772707";"C01";"0";"7";"0";"2";"1";"1";"1";""
"202400005188";"155772709";"A01";"0";"10";"0";"2";"1";"1";"1";""
"202400005188";"155772710";"B01";"0";"7";"0";"2";"3";"1";"1";""
"202400005189";"155772705";"A01";"1";"31";"0";"2";"3";"18";"1";""
"202400005189";"155772706";"B01";"2";"10";"1";"0";"2";"15";"1";""
"202400005190";"155772703";"B01";"1";"7";"0";"2";"1";"1";"1";""
"202400005190";"155772704";"A01";"2";"1";"0";"2";"2";"1";"5";""
"202400005191";"155772701";"A01";"1";"33";"0";"2";"1";"1";"1";""
"202400005191";"155772702";"B01";"2";"7";"0";"2";"7";"17";"1";""
"202400005192";"155772699";"A01";"2";"7";"0";"2";"3";"5";"1";""
"202400005192";"155772700";"B01";"1";"7";"0";"2";"1";"1";"1";""
"202400005193";"155772695";"B01";"3";"80";"0";"2";"1";"16";"3";""
"202400005193";"155772698";"A01";"3";"7";"0";"2";"3";"15";"1";""
"202400005194";"155772693";"D01";"2";"7";"0";"0";"0";"2";"1";""
"202400005194";"155772694";"A01";"2";"7";"0";"2";"1";"2";"1";""
"202400005194";"155772696";"B01";"2";"7";"14";"2";"4";"23";"1";""
"202400005194";"155772697";"C01";"2";"7";"1";"2";"1";"2";"1";""
"202400005195";"155772691";"B01";"3";"7";"0";"2";"2";"1";"1";""
"202400005195";"155772692";"A01";"3";"1";"0";"2";"2";"19";"5";""
"202400005196";"155772689";"A01";"2";"7";"0";"2";"1";"13";"1";""
"202400005196";"155772690";"B01";"1";"15";"13";"2";"1";"1";"1";""
"202400005197";"155772683";"B01";"1";"10";"0";"2";"1";"1";"1";""
"202400005197";"155772685";"A01";"2";"7";"0";"2";"2";"1";"1";""
"202400005198";"155772684";"B01";"2";"7";"0";"2";"1";"1";"1";""
"202400005198";"155772686";"A01";"1";"7";"0";"2";"8";"19";"1";""
"202400005199";"155772682";"A01";"3";"7";"0";"1";"8";"1";"1";""
"202400005200";"155772680";"A01";"2";"31";"0";"2";"2";"15";"1";""
"202400005200";"155772681";"B01";"2";"10";"0";"2";"3";"26";"1";""
"202400005201";"155772679";"A01";"1";"3";"0";"1";"1";"12";"3";""
"202400005202";"155772678";"A01";"1";"7";"2";"0";"1";"13";"1";""