"Num_Acc";"id_vehicule";"num_veh";"senc";"catv";"obs";"obsm";"choc";"manv";"motor";"occutc"
"202400005203";"155772675";"A01";"1";"38";"13";"0";"1";"13";"1";"1"
"202400005204";"155772676";"B01";"1";"7";"0";"2";"7";"1";"1";""
"202400005204";"155772677";"A01";"1";"1";"0";"2";"1";"1";"5";""
"202400005205";"155772672";"A01";"0";"7";"0";"2";"1";"13";"1";""
"202400005205";"155772674";"B01";"0";"7";"0";"2";"3";"1";"1";""
"202400005206";"155772670";"C01";"2";"7";"0";"2";"4";"1";"1";""
"202400005206";"155772671";"A01";"2";"7";"0";"2";"1";"1";"1";""
"202400005206";"155772673";"B01";"2";"7";"0";"2";"4";"1";"1";""
"202400005207";"155772666";"A01";"2";"7";"0";"2";"1";"0";"1";""
"202400005207";"155772667";"B01";"2";"33";"0";"2";"3";"1";"0";""
"202400005208";"155772664";"A01";"1";"7";"0";"9";"8";"10";"1";""
"202400005208";"155772665";"B01";"1";"33";"0";"2";"1";"17";"1";""
"202400005209";"155772662";"A01";"2";"7";"0";"2";"1";"2";"1";""
"202400005209";"155772663";"B01";"2";"7";"0";"2";"4";"23";"1";""
"202400005210";"155772660";"A01";"3";"7";"15";"0";"9";"1";"1";""
"202400005211";"155772659";"A01";"1";"7";"0";"2";"1";"13";"1";""
"202400005211";"155772661";"B01";"2";"99";"0";"2";"1";"1";"1";""
"202400005212";"155772657";"A01";"1";"7";"0";"1";"4";"26";"0";""
"202400005213";"155772656";"B01";"2";"7";"0";"2";"7";"1";"1";""
"202400005213";"155772658";"A01";"1";"7";"0";"2";"2";"15";"1";""
"202400005214";"155772652";"A01";"2";"7";"7";"2";"2";"15";"3";""
"202400005214";"155772653";"B01";"1";"7";"0";"2";"1";"1";"1";""
"202400005215";"155772650";"A01";"1";"7";"0";"2";"1";"1";"1";""
"202400005215";"155772651";"B01";"1";"7";"0";"2";"4";"1";"1";""
"202400005216";"155772648";"A01";"2";"7";"0";"2";"2";"2";"1";""
"202400005216";"155772649";"B01";"2";"17";"0";"2";"6";"2";"1";""
"202400005217";"155772644";"A01";"1";"7";"0";"2";"3";"13";"1";""
"202400005217";"155772645";"B01";"2";"10";"0";"2";"1";"1";"1";""
"202400005218";"155772643";"C01";"1";"7";"0";"2";"4";"2";"1";""
"202400005218";"155772646";"B01";"1";"7";"0";"2";"1";"2";"1";""
"202400005218";"155772647";"A01";"1";"10";"0";"2";"1";"9";"1";""
"202400005219";"155772641";"A01";"0";"1";"0";"0";"4";"26";"5";""
"202400005220";"155772637";"B01";"3";"30";"0";"0";"4";"2";"1";""
"202400005220";"155772639";"A01";"3";"30";"0";"0";"1";"2";"1";""
"202400005221";"155772635";"A01";"0";"7";"0";"1";"3";"19";"1";""
"202400005222";"155772634";"A01";"1";"7";"0";"0";"8";"0";"1";""
"202400005222";"155772636";"B01";"1";"2";"0";"2";"1";"0";"1";""
"202400005223";"155772630";"A01";"0";"7";"0";"2";"3";"16";"2";""
"202400005223";"155772633";"B01";"0";"7";"0";"2";"6";"1";"1";""
"202400005224";"155772631";"B01";"2";"21";"0";"2";"8";"15";"1";""
"202400005224";"155772632";"A01";"1";"33";"0";"2";"3";"13";"1";""
"202400005225";"155772627";"A01";"3";"7";"0";"9";"2";"1";"1";""
"202400005225";"155772629";"B01";"3";"60";"0";"2";"1";"26";"5";""
"202400005226";"155772626";"A01";"2";"1";"0";"2";"4";"2";"5";""
"202400005226";"155772628";"B01";"2";"10";"0";"9";"2";"2";"1";""
"202400005227";"155772624";"A01";"1";"50";"0";"0";"0";"1";"3";""
"202400005228";"155772623";"B01";"1";"2";"0";"2";"0";"1";"1";""
"202400005228";"155772625";"A01";"2";"7";"0";"2";"1";"11";"1";""
"202400005229";"155772620";"B01";"2";"7";"0";"2";"1";"9";"1";""
"202400005229";"155772622";"A01";"1";"31";"0";"2";"1";"0";"1";""
"202400005230";"155772619";"B01";"1";"33";"0";"2";"7";"21";"1";""
"202400005230";"155772621";"A01";"2";"7";"0";"2";"1";"19";"1";""
"202400005231";"155772618";"A01";"2";"10";"0";"1";"3";"1";"1";""
"202400005232";"155772616";"A01";"2";"1";"1";"2";"7";"1";"5";""
"202400005232";"155772617";"B01";"3";"10";"0";"2";"8";"24";"1";""
"202400005233";"155772614";"B01";"1";"30";"0";"2";"1";"14";"1";""
"202400005233";"155772615";"A01";"2";"7";"0";"2";"2";"9";"1";""
"202400005234";"155772613";"A01";"3";"33";"16";"0";"1";"1";"1";""
"202400005235";"155772612";"A01";"1";"33";"13";"0";"1";"1";"1";""
"202400005236";"155772611";"A01";"1";"7";"0";"1";"3";"15";"2";""
"202400005237";"155772610";"A01";"1";"7";"0";"1";"1";"1";"1";""
"202400005238";"155772608";"A01";"3";"80";"0";"2";"8";"1";"3";""
"202400005238";"155772609";"B01";"3";"32";"0";"2";"1";"1";"3";""
"202400005239";"155772607";"A01";"2";"33";"0";"0";"7";"1";"1";""
"202400005240";"155772606";"A01";"3";"1";"0";"0";"0";"1";"5";""
"202400005241";"155772605";"A01";"3";"2";"0";"0";"0";"0";"1";""
"202400005242";"155772603";"A01";"2";"7";"0";"2";"3";"10";"1";""
"202400005242";"155772604";"B01";"2";"33";"0";"2";"7";"1";"1";""
"202400005243";"155772602";"A01";"1";"1";"0";"0";"9";"1";"5";""
"202400005244";"155772600";"A01";"1";"7";"0";"1";"3";"14";"1";""
"202400005245";"155772599";"B01";"1";"50";"0";"2";"7";"1";"3";""
"202400005245";"155772601";"A01";"1";"7";"0";"9";"1";"19";"1";""
"202400005246";"155772596";"A01";"1";"7";"0";"2";"1";"26";"1";""
"202400005246";"155772598";"B01";"2";"50";"0";"2";"7";"25";"3";""
"202400005247";"155772594";"A01";"2";"10";"0";"0";"4";"2";"1";""
"202400005247";"155772595";"B01";"2";"7";"0";"2";"1";"2";"1";""
"202400005247";"155772597";"C01";"2";"7";"0";"2";"1";"2";"1";""
"202400005248";"155772592";"A01";"1";"7";"0";"1";"1";"15";"1";""
"202400005249";"155772591";"A01";"2";"7";"0";"2";"7";"1";"1";""
"202400005249";"155772593";"B01";"2";"7";"0";"0";"1";"9";"1";""
"202400005250";"155772588";"A01";"1";"15";"0";"2";"7";"14";"1";""
"202400005250";"155772590";"B01";"1";"1";"0";"2";"8";"1";"5";""
"202400005251";"155772587";"B01";"1";"10";"0";"2";"1";"9";"1";""
"202400005251";"155772589";"A01";"1";"7";"15";"0";"3";"1";"1";""
"202400005252";"155772586";"A01";"2";"33";"9";"0";"1";"1";"1";""
"202400005253";"155772585";"A01";"1";"2";"11";"0";"1";"6";"1";""
"202400005254";"155772582";"A01";"2";"7";"2";"0";"1";"1";"1";""
"202400005255";"155772583";"A01";"3";"7";"0";"0";"8";"19";"1";""
"202400005255";"155772584";"B01";"3";"7";"0";"2";"1";"1";"1";""
"202400005256";"155772580";"A01";"3";"15";"1";"2";"1";"14";"1";""
"202400005256";"155772581";"B01";"0";"17";"0";"2";"4";"24";"1";""
"202400005257";"155772579";"A01";"2";"7";"0";"1";"3";"1";"1";""
"202400005258";"155772576";"A01";"1";"7";"0";"2";"8";"9";"1";""
"202400005258";"155772578";"B01";"2";"31";"0";"2";"1";"1";"1";""
"202400005259";"155772575";"A01";"2";"7";"0";"2";"1";"1";"1";""
"202400005259";"155772577";"B01";"1";"7";"0";"2";"1";"1";"1";""
"202400005260";"155772572";"A01";"1";"10";"0";"2";"2";"15";"1";""
"202400005260";"155772574";"B01";"1";"2";"0";"2";"8";"1";"1";""
"202400005261";"155772571";"A01";"2";"31";"0";"2";"2";"1";"1";""
"202400005261";"155772573";"B01";"2";"7";"0";"2";"6";"9";"1";""
"202400005262";"155772569";"A01";"2";"7";"13";"0";"1";"0";"1";""
"202400005263";"155772568";"B01";"1";"7";"0";"0";"1";"1";"1";""
"202400005263";"155772570";"A01";"2";"7";"0";"2";"1";"13";"0";""
"202400005264";"155772565";"A01";"3";"7";"0";"1";"3";"20";"1";""
"202400005265";"155772566";"B01";"1";"7";"0";"2";"3";"9";"2";""
"202400005265";"155772567";"A01";"1";"2";"0";"2";"1";"1";"1";""
"202400005266";"155772562";"A01";"2";"7";"0";"2";"8";"1";"1";""
"202400005266";"155772564";"B01";"1";"21";"0";"2";"8";"1";"1";""
"202400005267";"155772561";"A01";"2";"7";"0";"2";"3";"19";"1";""
"202400005267";"155772563";"B01";"1";"33";"0";"2";"7";"1";"1";""
"202400005268";"155772560";"A01";"2";"7";"3";"0";"2";"0";"1";""
"202400005269";"155772558";"A01";"1";"21";"0";"2";"3";"15";"1";""
"202400005269";"155772559";"B01";"1";"33";"0";"2";"1";"17";"1";""
"202400005270";"155772556";"A01";"1";"7";"2";"0";"1";"6";"1";""
"202400005271";"155772555";"A01";"3";"7";"0";"2";"2";"0";"1";""
"202400005271";"155772557";"B01";"0";"50";"0";"2";"3";"19";"3";""
"202400005272";"155772551";"B01";"2";"7";"0";"2";"4";"1";"1";""
"202400005272";"155772553";"A01";"2";"7";"0";"2";"1";"2";"1";""
"202400005273";"155772550";"A01";"2";"10";"0";"2";"1";"2";"1";""
"202400005273";"155772552";"B01";"2";"7";"0";"2";"4";"2";"2";""
"202400005273";"155772554";"C01";"2";"7";"0";"2";"1";"1";"1";""
"202400005274";"155772547";"A01";"2";"7";"0";"2";"3";"5";"1";""
"202400005274";"155772548";"B01";"1";"15";"0";"2";"8";"1";"1";""
"202400005275";"155772540";"C01";"1";"7";"0";"2";"5";"0";"1";""
"202400005275";"155772541";"D01";"1";"7";"0";"0";"4";"0";"1";""
"202400005275";"155772543";"A01";"1";"10";"0";"2";"2";"0";"1";""
"202400005275";"155772545";"B01";"1";"7";"0";"2";"9";"0";"1";""
"202400005276";"155772537";"A01";"2";"7";"0";"2";"1";"19";"1";""
"202400005276";"155772539";"B01";"2";"2";"0";"2";"1";"1";"1";""
"202400005277";"155772536";"A01";"1";"10";"0";"9";"7";"2";"1";""
"202400005277";"155772538";"B01";"2";"1";"12";"2";"0";"1";"5";""
"202400005278";"155772534";"A01";"1";"33";"0";"0";"0";"2";"1";""
"202400005279";"155772535";"A01";"1";"2";"12";"0";"0";"16";"1";""
"202400005280";"155772531";"A01";"3";"7";"0";"2";"1";"13";"1";""
"202400005280";"155772533";"B01";"3";"7";"0";"2";"1";"1";"1";""
"202400005281";"155772530";"B01";"2";"7";"0";"2";"3";"1";"1";""
"202400005281";"155772532";"A01";"1";"20";"0";"2";"5";"26";"1";""
"202400005282";"155772527";"A01";"3";"7";"0";"2";"3";"15";"1";""
"202400005282";"155772529";"B01";"3";"33";"0";"2";"1";"17";"1";""
"202400005283";"155772526";"B01";"1";"7";"0";"0";"1";"1";"1";""
"202400005283";"155772528";"A01";"2";"7";"0";"0";"1";"0";"1";""
"202400005284";"155772523";"A01";"1";"7";"0";"2";"6";"19";"1";""
"202400005284";"155772524";"B01";"1";"3";"0";"2";"1";"1";"1";""
"202400005285";"155772522";"A01";"1";"7";"0";"2";"6";"1";"1";""
"202400005285";"155772525";"B01";"1";"14";"0";"0";"2";"2";"1";""
"202400005286";"155772520";"A01";"2";"7";"0";"2";"2";"15";"1";""
"202400005286";"155772521";"B01";"2";"7";"13";"2";"3";"1";"1";""
"202400005287";"155772519";"A01";"2";"7";"13";"0";"1";"1";"1";""
"202400005288";"155772516";"A01";"2";"7";"0";"2";"2";"2";"1";""
"202400005288";"155772517";"B01";"1";"2";"0";"0";"6";"15";"1";""
"202400005289";"155772515";"B01";"2";"1";"0";"2";"4";"2";"5";""
"202400005289";"155772518";"A01";"2";"7";"0";"2";"2";"2";"1";""
"202400005290";"155772512";"A01";"3";"31";"0";"2";"1";"1";"1";""
"202400005290";"155772514";"B01";"3";"1";"0";"2";"8";"15";"5";""
"202400005291";"155772511";"A01";"2";"7";"0";"9";"2";"19";"1";""
"202400005291";"155772513";"B01";"1";"33";"0";"2";"1";"21";"1";""
"202400005292";"155772509";"A01";"2";"7";"13";"0";"0";"2";"1";""
"202400005293";"155772508";"A01";"1";"7";"0";"2";"2";"2";"1";""
"202400005293";"155772510";"B01";"1";"7";"0";"0";"6";"1";"1";""
"202400005294";"155772505";"B01";"1";"7";"0";"2";"5";"15";"1";""
"202400005294";"155772506";"A01";"1";"7";"0";"2";"3";"1";"1";""
"202400005294";"155772507";"C01";"2";"7";"0";"2";"8";"1";"1";""
"202400005295";"155772503";"A01";"1";"2";"0";"2";"1";"3";"1";""
"202400005295";"155772504";"B01";"2";"0";"0";"2";"1";"3";"1";""
"202400005296";"155772502";"A01";"1";"33";"15";"0";"8";"1";"1";""
"202400005297";"155772500";"A01";"0";"7";"5";"2";"3";"13";"1";""
"202400005297";"155772501";"B01";"0";"13";"0";"2";"3";"1";"1";""
"202400005298";"155772499";"A01";"2";"7";"3";"0";"3";"1";"1";""
"202400005299";"155772497";"A01";"1";"7";"0";"1";"3";"1";"1";""
"202400005300";"155772495";"C01";"1";"33";"14";"2";"7";"17";"1";""
"202400005300";"155772496";"A01";"1";"10";"0";"2";"3";"1";"1";""
"202400005300";"155772498";"B01";"1";"3";"14";"2";"4";"12";"1";""
"202400005301";"155772493";"A01";"2";"7";"0";"2";"3";"1";"1";""
"202400005301";"155772494";"B01";"1";"7";"0";"2";"3";"1";"1";""
"202400005302";"155772491";"A01";"1";"7";"0";"2";"3";"1";"1";""
"202400005302";"155772492";"B01";"1";"2";"0";"2";"3";"13";"1";""
"202400005303";"155772489";"B01";"0";"1";"0";"2";"1";"13";"5";""
"202400005303";"155772490";"A01";"0";"7";"0";"9";"1";"1";"1";""
"202400005304";"155772488";"A01";"2";"7";"2";"0";"1";"1";"1";""
"202400005305";"155772485";"A01";"2";"33";"0";"2";"1";"1";"1";""
"202400005305";"155772487";"B01";"2";"7";"0";"2";"8";"15";"1";""
"202400005306";"155772483";"A01";"2";"2";"0";"0";"1";"14";"1";""
"202400005307";"155772482";"A01";"1";"7";"0";"2";"1";"2";"1";""
"202400005307";"155772484";"B01";"1";"7";"0";"2";"4";"2";"2";""
"202400005307";"155772486";"C01";"1";"7";"0";"0";"4";"2";"1";""
"202400005308";"155772480";"A01";"1";"33";"11";"0";"1";"17";"1";""
"202400005309";"155772479";"B01";"1";"33";"0";"2";"3";"1";"1";""
"202400005309";"155772481";"A01";"2";"7";"0";"2";"1";"15";"1";""
"202400005310";"155772478";"A01";"2";"7";"14";"0";"9";"17";"1";""
"202400005311";"155772476";"A01";"1";"7";"0";"2";"2";"9";"3";""
"202400005311";"155772477";"B01";"1";"33";"0";"2";"1";"1";"1";""
"202400005312";"155772474";"A01";"1";"2";"6";"0";"1";"14";"1";""
"202400005312";"155772475";"B01";"2";"7";"0";"0";"0";"1";"1";""
"202400005313";"155772470";"A01";"1";"1";"0";"2";"4";"0";"5";""
"202400005313";"155772472";"B01";"1";"30";"0";"2";"1";"0";"0";""
"202400005314";"155772469";"C01";"1";"7";"0";"2";"1";"1";"1";""
"202400005314";"155772471";"A01";"2";"7";"0";"2";"1";"5";"3";""
"202400005314";"155772473";"B01";"2";"7";"0";"2";"8";"1";"3";""
"202400005315";"155772467";"A01";"1";"15";"0";"2";"1";"1";"1";""
"202400005315";"155772468";"B01";"1";"7";"0";"0";"8";"0";"1";""
"202400005316";"155772465";"B01";"0";"1";"0";"2";"0";"19";"5";""
"202400005316";"155772466";"A01";"3";"7";"0";"9";"1";"1";"1";""
"202400005317";"155772463";"B01";"0";"13";"0";"2";"1";"2";"1";""
"202400005317";"155772464";"A01";"0";"7";"0";"2";"1";"9";"1";""
"202400005318";"155772461";"A01";"2";"33";"0";"2";"1";"1";"1";""
"202400005319";"155772460";"B01";"1";"7";"0";"0";"7";"1";"2";""
"202400005319";"155772462";"A01";"3";"7";"0";"2";"1";"19";"1";""
"202400005320";"155772456";"A01";"1";"7";"0";"2";"1";"9";"1";""
"202400005320";"155772458";"B01";"1";"33";"0";"2";"7";"1";"1";""
"202400005321";"155772455";"B01";"1";"34";"0";"2";"1";"1";"1";""
"202400005321";"155772457";"A01";"3";"7";"0";"2";"8";"16";"1";""
"202400005322";"155772454";"A01";"2";"2";"12";"1";"1";"9";"1";""
"202400005323";"155772453";"A01";"2";"10";"0";"1";"2";"1";"3";""
"202400005324";"155772451";"A01";"3";"7";"13";"0";"1";"14";"3";""
"202400005325";"155772449";"A01";"2";"33";"13";"0";"1";"1";"1";""
"202400005326";"155772450";"A01";"3";"7";"0";"2";"2";"15";"2";""
"202400005326";"155772452";"B01";"3";"7";"0";"2";"3";"15";"1";""
"202400005327";"155772448";"A01";"2";"7";"6";"9";"3";"2";"1";""
"202400005328";"155772447";"A01";"1";"7";"13";"0";"2";"1";"1";""
"202400005329";"155772444";"A01";"3";"7";"0";"0";"8";"1";"2";""
"202400005329";"155772445";"B01";"3";"7";"0";"2";"3";"1";"1";""
"202400005330";"155772443";"A01";"1";"3";"3";"0";"1";"14";"1";""
"202400005331";"155772440";"B01";"3";"7";"0";"0";"3";"15";"3";""
"202400005331";"155772442";"A01";"1";"43";"0";"0";"1";"1";"1";""
"202400005332";"155772439";"A01";"1";"7";"0";"2";"1";"13";"1";""
"202400005332";"155772441";"B01";"2";"7";"0";"2";"1";"1";"1";""
"202400005333";"155772436";"A01";"2";"7";"0";"2";"2";"15";"1";""
"202400005333";"155772438";"B01";"1";"7";"0";"2";"1";"1";"1";""
"202400005334";"155772435";"B01";"2";"7";"0";"0";"3";"1";"0";""
"202400005334";"155772437";"A01";"1";"7";"0";"0";"3";"17";"1";""
"202400005335";"155772432";"B01";"2";"33";"0";"2";"1";"1";"1";""
"202400005335";"155772434";"A01";"1";"14";"0";"2";"3";"15";"1";""
"202400005336";"155772426";"A01";"2";"15";"0";"2";"8";"11";"1";""
"202400005336";"155772428";"B01";"2";"33";"0";"2";"7";"1";"1";""
"202400005337";"155772425";"A01";"1";"7";"0";"2";"1";"2";"1";""
"202400005337";"155772427";"B01";"1";"7";"0";"2";"4";"26";"1";""
"202400005337";"155772429";"D01";"1";"7";"0";"2";"4";"26";"1";""
"202400005337";"155772430";"E01";"1";"7";"0";"0";"4";"26";"1";""
"202400005337";"155772431";"F01";"1";"15";"0";"0";"4";"26";"1";""
"202400005337";"155772433";"C01";"1";"7";"0";"2";"4";"26";"2";""
"202400005338";"155772424";"A01";"1";"7";"4";"0";"1";"0";"1";""
"202400005339";"155772420";"A01";"1";"7";"4";"2";"8";"21";"1";""
"202400005339";"155772422";"B01";"1";"7";"0";"2";"3";"13";"1";""
"202400005340";"155772419";"A01";"2";"43";"0";"2";"1";"17";"1";""
"202400005340";"155772421";"B01";"2";"7";"0";"2";"1";"1";"1";""
"202400005340";"155772423";"C01";"2";"7";"0";"2";"4";"23";"1";""
"202400005341";"155772417";"A01";"1";"7";"0";"2";"7";"12";"1";""
"202400005341";"155772418";"B01";"1";"33";"0";"2";"8";"1";"1";""
"202400005342";"155772414";"A01";"1";"7";"0";"2";"1";"5";"1";""
"202400005342";"155772416";"B01";"2";"7";"0";"2";"1";"1";"1";""
"202400005343";"155772413";"B01";"2";"17";"0";"2";"2";"1";"1";""
"202400005343";"155772415";"A01";"2";"7";"0";"2";"5";"9";"3";""
"202400005344";"155772410";"B01";"2";"33";"0";"2";"8";"2";"1";""
"202400005344";"155772412";"A01";"2";"7";"0";"2";"7";"12";"1";""
"202400005345";"155772409";"B01";"1";"7";"0";"2";"2";"2";"1";""
"202400005345";"155772411";"A01";"1";"7";"0";"2";"6";"26";"3";""
"202400005346";"155772406";"B01";"1";"7";"0";"2";"4";"2";"1";""
"202400005346";"155772408";"A01";"1";"7";"0";"2";"1";"2";"1";""
"202400005347";"155772404";"B01";"2";"10";"0";"2";"4";"2";"1";""
"202400005347";"155772405";"A01";"2";"10";"0";"0";"0";"0";"1";""
"202400005347";"155772407";"C01";"2";"7";"0";"2";"4";"2";"2";""
"202400005348";"155772401";"A01";"1";"33";"0";"0";"0";"13";"1";""
"202400005348";"155772402";"B01";"2";"7";"0";"0";"0";"0";"1";""
"202400005348";"155772403";"C01";"2";"7";"0";"0";"0";"0";"1";""
"202400005349";"155772399";"A01";"1";"7";"0";"2";"2";"3";"1";""
"202400005349";"155772400";"B01";"1";"43";"0";"2";"3";"3";"1";""
"202400005350";"155772398";"A01";"3";"7";"3";"0";"8";"21";"1";""
"202400005351";"155772394";"A01";"1";"7";"0";"2";"1";"2";"1";""
"202400005351";"155772396";"B01";"1";"10";"0";"2";"4";"2";"1";""
"202400005352";"155772393";"B01";"2";"7";"0";"2";"9";"1";"1";""
"202400005352";"155772395";"C01";"2";"7";"0";"2";"6";"1";"1";""
"202400005352";"155772397";"A01";"2";"7";"0";"2";"9";"1";"1";""
"202400005353";"155772391";"A01";"3";"30";"0";"2";"1";"2";"1";""
"202400005353";"155772392";"B01";"3";"7";"0";"2";"3";"15";"0";""
"202400005354";"155772390";"A01";"1";"7";"4";"0";"1";"0";"1";""
"202400005355";"155772389";"Z01";"2";"0";"0";"1";"1";"0";"0";""
"202400005356";"155772385";"B01";"1";"1";"0";"2";"1";"1";"5";""
"202400005356";"155772387";"A01";"1";"7";"0";"9";"3";"16";"1";""
"202400005357";"155772386";"A01";"2";"10";"0";"2";"1";"2";"1";""
"202400005357";"155772388";"B01";"2";"7";"0";"2";"4";"2";"1";""
"202400005358";"155772384";"A01";"1";"7";"0";"1";"3";"1";"2";""
"202400005359";"155772382";"A01";"1";"33";"0";"2";"1";"3";"1";""
"202400005359";"155772383";"B01";"1";"7";"0";"2";"6";"11";"1";""
"202400005360";"155772381";"A01";"2";"80";"9";"0";"2";"1";"3";""
"202400005361";"155772378";"A01";"2";"7";"0";"2";"7";"15";"1";""
"202400005361";"155772380";"B01";"1";"2";"14";"2";"2";"0";"1";""
"202400005362";"155772377";"A01";"1";"7";"0";"2";"1";"9";"2";""
"202400005362";"155772379";"B01";"2";"37";"0";"2";"3";"1";"1";"4"
"202400005363";"155772374";"A01";"1";"2";"0";"2";"0";"1";"1";""
"202400005363";"155772376";"B01";"2";"7";"0";"2";"0";"15";"1";""
"202400005364";"155772372";"C01";"2";"7";"0";"2";"4";"2";"1";""
"202400005364";"155772373";"B01";"2";"7";"0";"2";"4";"0";"1";""
"202400005364";"155772375";"A01";"2";"7";"0";"2";"1";"2";"1";""
"202400005365";"155772370";"B01";"2";"3";"0";"2";"1";"1";"3";""
"202400005365";"155772371";"A01";"3";"50";"0";"2";"7";"12";"3";""
"202400005366";"155772367";"B01";"2";"7";"0";"2";"8";"1";"1";""
"202400005366";"155772369";"A01";"2";"7";"0";"2";"3";"13";"1";""
"202400005367";"155772366";"A01";"2";"2";"0";"2";"8";"15";"1";""
"202400005367";"155772368";"B01";"2";"10";"0";"2";"2";"16";"1";""
"202400005368";"155772364";"B01";"1";"7";"0";"2";"3";"1";"2";""
"202400005368";"155772365";"A01";"2";"32";"0";"2";"3";"17";"0";""
"202400005369";"155772362";"A01";"1";"7";"0";"2";"2";"1";"1";""
"202400005369";"155772363";"B01";"1";"7";"0";"2";"6";"1";"1";""
"202400005370";"155772360";"A01";"3";"37";"14";"0";"3";"1";"1";"1"
"202400005370";"155772361";"B01";"3";"1";"14";"0";"0";"26";"5";""
"202400005371";"155772358";"B01";"1";"7";"0";"0";"0";"15";"1";""
"202400005371";"155772359";"A01";"1";"32";"0";"0";"0";"0";"1";""
"202400005372";"155772356";"A01";"2";"7";"0";"2";"1";"2";"1";""
"202400005372";"155772357";"B01";"1";"7";"0";"2";"2";"15";"1";""
"202400005373";"155772355";"A01";"2";"7";"0";"1";"2";"1";"1";""
"202400005374";"155772353";"B01";"3";"1";"0";"2";"4";"0";"5";""
"202400005374";"155772354";"A01";"3";"7";"0";"2";"1";"0";"1";""
"202400005375";"155772351";"A01";"0";"30";"0";"2";"1";"1";"1";""
"202400005375";"155772352";"B01";"0";"7";"0";"2";"3";"20";"1";""
"202400005376";"155772349";"A01";"2";"7";"0";"2";"8";"10";"1";""
"202400005376";"155772350";"B01";"1";"2";"0";"2";"1";"1";"1";""
"202400005377";"155772348";"A01";"1";"7";"13";"0";"1";"14";"1";""
"202400005378";"155772344";"A01";"2";"7";"0";"2";"1";"15";"1";""
"202400005378";"155772345";"B01";"2";"7";"0";"2";"8";"1";"1";""
"202400005379";"155772342";"A01";"0";"7";"13";"0";"1";"1";"1";""
"202400005380";"155772341";"A01";"1";"7";"3";"0";"0";"1";"3";""
"202400005381";"155772339";"A01";"3";"7";"0";"2";"5";"17";"1";""
"202400005381";"155772340";"B01";"3";"7";"0";"2";"3";"11";"1";""
"202400005382";"155772337";"A01";"1";"7";"0";"2";"7";"13";"1";""
"202400005382";"155772338";"B01";"1";"10";"0";"2";"1";"1";"1";""
"202400005383";"155772334";"A01";"1";"7";"0";"2";"1";"1";"1";""
"202400005383";"155772335";"B01";"1";"33";"0";"2";"4";"1";"1";""
"202400005383";"155772336";"C01";"1";"7";"0";"2";"4";"23";"1";""
"202400005384";"155772332";"A01";"2";"7";"0";"2";"2";"1";"0";""
"202400005384";"155772333";"B01";"2";"33";"0";"2";"3";"19";"6";""
"202400005385";"155772331";"A01";"1";"7";"0";"0";"9";"14";"1";""
"202400005386";"155772329";"A01";"1";"7";"0";"2";"1";"1";"1";""
"202400005386";"155772330";"B01";"2";"7";"0";"2";"3";"1";"1";""
"202400005387";"155772328";"A01";"2";"7";"6";"0";"1";"0";"1";""
"202400005388";"155772326";"A01";"1";"7";"0";"2";"1";"0";"1";""
"202400005388";"155772327";"B01";"3";"1";"0";"2";"1";"1";"5";""
"202400005389";"155772324";"A01";"1";"7";"0";"2";"1";"9";"1";""
"202400005389";"155772325";"B01";"0";"31";"0";"2";"4";"23";"0";""
"202400005390";"155772322";"B01";"1";"7";"0";"2";"3";"1";"1";""
"202400005390";"155772323";"A01";"1";"7";"0";"2";"1";"1";"1";""
"202400005391";"155772321";"A01";"1";"33";"0";"0";"8";"9";"1";""
"202400005392";"155772319";"A01";"2";"3";"0";"2";"2";"2";"1";""
"202400005392";"155772320";"B01";"2";"7";"0";"2";"6";"23";"1";""
"202400005393";"155772318";"A01";"1";"7";"8";"0";"1";"17";"1";""
"202400005394";"155772316";"A01";"2";"7";"0";"2";"1";"11";"1";""
"202400005394";"155772317";"B01";"1";"7";"0";"2";"1";"1";"1";""
"202400005395";"155772314";"B01";"3";"7";"0";"2";"5";"15";"1";""
"202400005395";"155772315";"A01";"3";"7";"0";"2";"1";"1";"1";""
"202400005396";"155772313";"A01";"0";"7";"6";"0";"3";"1";"1";""
"202400005397";"155772312";"A01";"3";"7";"14";"0";"1";"1";"1";""
"202400005398";"155772310";"B01";"1";"7";"0";"2";"8";"2";"1";""
"202400005398";"155772311";"A01";"2";"7";"0";"2";"3";"15";"1";""
"202400005399";"155772308";"A01";"2";"7";"0";"2";"1";"15";"3";""
"202400005399";"155772309";"B01";"1";"33";"0";"2";"1";"1";"1";""
"202400005400";"155772307";"A01";"1";"7";"15";"0";"1";"6";"1";""
"202400005401";"155772306";"A01";"0";"7";"0";"1";"1";"1";"1";""
"202400005402";"155772304";"A01";"3";"7";"0";"2";"1";"2";"0";""
"202400005402";"155772305";"B01";"3";"7";"0";"2";"4";"2";"0";""
"202400005403";"155772303";"A01";"0";"7";"0";"1";"3";"1";"1";""
"202400005404";"155772302";"A01";"1";"7";"0";"1";"2";"18";"1";""
"202400005405";"155772300";"A01";"3";"7";"0";"2";"1";"13";"1";""
"202400005405";"155772301";"B01";"1";"3";"0";"2";"1";"1";"1";""
"202400005406";"155772297";"A01";"2";"7";"0";"2";"1";"9";"1";""
"202400005406";"155772298";"C01";"2";"7";"0";"2";"8";"1";"1";""
"202400005406";"155772299";"B01";"2";"7";"0";"2";"4";"2";"1";""
"202400005407";"155772296";"A01";"0";"34";"0";"0";"7";"1";"1";""
"202400005408";"155772295";"A01";"1";"7";"0";"1";"2";"1";"1";""