"Num_Acc";"id_vehicule";"num_veh";"senc";"catv";"obs";"obsm";"choc";"manv";"motor";"occutc"
"202400005409";"155772293";"A01";"2";"7";"0";"2";"1";"14";"1";""
"202400005409";"155772294";"B01";"1";"7";"0";"2";"1";"1";"1";""
"202400005410";"155772290";"B01";"2";"50";"0";"2";"7";"0";"3";""
"202400005410";"155772291";"A01";"3";"7";"0";"2";"1";"9";"1";""
"202400005411";"155772288";"A01";"1";"7";"0";"2";"3";"10";"1";""
"202400005411";"155772289";"B01";"1";"33";"0";"2";"1";"1";"1";""
"202400005412";"155772287";"A01";"0";"10";"2";"0";"1";"13";"1";""
"202400005413";"155772285";"Z01";"3";"7";"0";"2";"0";"0";"0";""
"202400005413";"155772286";"B01";"3";"1";"0";"2";"4";"0";"5";""
"202400005414";"155772284";"A01";"1";"33";"0";"1";"1";"0";"1";""
"202400005415";"155772282";"A01";"1";"40";"0";"2";"7";"1";"3";""
"202400005415";"155772283";"B01";"1";"1";"0";"4";"2";"1";"5";""
"202400005416";"155772281";"Z01";"0";"30";"0";"1";"1";"1";"1";""
"202400005417";"155772280";"Z01";"0";"0";"0";"1";"1";"1";"0";""
"202400005418";"155772278";"B01";"3";"7";"0";"2";"8";"1";"1";""
"202400005418";"155772279";"A01";"0";"7";"0";"2";"1";"15";"1";""
"202400005419";"155772277";"A01";"1";"3";"2";"0";"1";"1";"1";""
"202400005420";"155772275";"B01";"1";"1";"0";"2";"5";"18";"5";""
"202400005420";"155772276";"A01";"1";"14";"0";"2";"2";"16";"1";""
"202400005421";"155772273";"B01";"2";"50";"0";"2";"1";"15";"3";""
"202400005421";"155772274";"A01";"1";"7";"0";"2";"3";"9";"3";""
"202400005422";"155772272";"A01";"2";"7";"0";"1";"3";"15";"1";""
"202400005423";"155772269";"C01";"1";"7";"0";"2";"4";"23";"1";""
"202400005423";"155772270";"B01";"1";"7";"0";"2";"4";"23";"2";""
"202400005423";"155772271";"A01";"1";"7";"0";"2";"1";"2";"1";""
"202400005424";"155772267";"A01";"2";"7";"0";"2";"2";"2";"1";""
"202400005424";"155772268";"B01";"2";"7";"0";"2";"4";"2";"1";""
"202400005425";"155772265";"A01";"1";"7";"0";"2";"1";"2";"1";""
"202400005425";"155772266";"B01";"1";"7";"0";"2";"4";"2";"1";""
"202400005426";"155772263";"Z01";"3";"7";"0";"0";"2";"15";"0";""
"202400005426";"155772264";"A01";"3";"2";"0";"2";"7";"1";"3";""
"202400005427";"155772262";"Z01";"1";"7";"0";"1";"1";"10";"2";""
"202400005428";"155772260";"A01";"2";"43";"0";"2";"2";"15";"1";""
"202400005428";"155772261";"B01";"2";"2";"0";"2";"1";"1";"1";""
"202400005429";"155772258";"A01";"2";"10";"0";"0";"2";"12";"1";""
"202400005429";"155772259";"B01";"2";"50";"0";"0";"8";"1";"3";""
"202400005430";"155772256";"B01";"3";"1";"0";"2";"7";"1";"5";""
"202400005430";"155772257";"A01";"1";"7";"0";"9";"2";"2";"2";""
"202400005431";"155772255";"A01";"2";"31";"0";"2";"1";"17";"1";""
"202400005432";"155772254";"Z01";"2";"7";"0";"1";"1";"9";"2";""
"202400005433";"155772253";"A01";"3";"7";"0";"1";"1";"1";"3";""
"202400005434";"155772252";"A01";"1";"7";"17";"0";"3";"5";"0";""
"202400005435";"155772250";"B01";"3";"14";"0";"2";"2";"9";"1";""
"202400005435";"155772251";"A01";"2";"7";"0";"2";"3";"1";"1";""
"202400005436";"155772247";"A01";"2";"7";"0";"2";"7";"9";"1";""
"202400005436";"155772248";"B01";"2";"1";"0";"2";"8";"2";"5";""
"202400005436";"155772249";"C01";"2";"1";"0";"2";"8";"2";"5";""
"202400005437";"155772245";"B01";"1";"33";"0";"2";"1";"1";"1";""
"202400005437";"155772246";"A01";"3";"7";"0";"2";"3";"16";"1";""
"202400005438";"155772243";"B01";"1";"15";"0";"2";"1";"1";"1";""
"202400005438";"155772244";"A01";"2";"7";"0";"2";"1";"5";"1";""
"202400005439";"155772241";"A01";"1";"7";"0";"2";"5";"15";"1";""
"202400005439";"155772242";"B01";"1";"10";"0";"2";"3";"2";"1";""
"202400005440";"155772239";"A01";"1";"2";"14";"0";"1";"1";"1";""
"202400005440";"155772240";"B01";"1";"7";"0";"0";"4";"23";"1";""
"202400005441";"155772237";"A01";"0";"3";"0";"9";"7";"2";"0";""
"202400005441";"155772238";"B01";"0";"1";"0";"2";"8";"2";"5";""
"202400005442";"155772236";"A01";"2";"33";"0";"0";"1";"14";"1";""
"202400005443";"155772234";"A01";"2";"7";"1";"0";"1";"16";"1";""
"202400005443";"155772235";"B01";"2";"14";"1";"0";"4";"24";"1";""
"202400005444";"155772232";"A01";"1";"15";"0";"2";"3";"13";"1";""
"202400005444";"155772233";"B01";"2";"32";"0";"9";"1";"0";"1";""
"202400005445";"155772229";"A01";"1";"7";"0";"2";"1";"13";"1";""
"202400005445";"155772230";"B01";"2";"7";"0";"2";"1";"1";"2";""
"202400005446";"155772227";"B01";"1";"7";"0";"2";"1";"1";"1";""
"202400005446";"155772228";"A01";"1";"10";"0";"2";"8";"15";"1";""
"202400005447";"155772225";"A01";"1";"7";"0";"2";"2";"0";"1";""
"202400005447";"155772226";"B01";"3";"7";"0";"2";"3";"0";"1";""
"202400005448";"155772220";"B01";"2";"7";"3";"0";"4";"23";"1";""
"202400005448";"155772221";"C01";"2";"10";"0";"2";"4";"2";"1";""
"202400005448";"155772222";"D01";"2";"7";"0";"0";"4";"2";"1";""
"202400005448";"155772223";"A01";"2";"7";"0";"2";"4";"2";"1";""
"202400005448";"155772224";"E01";"2";"7";"0";"0";"4";"2";"2";""
"202400005449";"155772217";"A01";"1";"7";"0";"2";"1";"1";"1";""
"202400005449";"155772218";"B01";"1";"7";"0";"2";"4";"1";"2";""
"202400005449";"155772219";"C01";"1";"7";"0";"0";"4";"1";"1";""
"202400005450";"155772215";"A01";"2";"7";"0";"2";"3";"1";"1";""
"202400005450";"155772216";"B01";"1";"21";"0";"2";"2";"15";"1";""
"202400005451";"155772214";"A01";"1";"33";"16";"0";"0";"1";"1";""
"202400005452";"155772213";"A01";"0";"10";"15";"0";"3";"26";"1";""
"202400005453";"155772212";"A01";"1";"33";"2";"0";"1";"14";"1";""
"202400005454";"155772210";"A01";"2";"2";"0";"2";"1";"9";"0";""
"202400005454";"155772211";"B01";"1";"10";"0";"2";"6";"9";"1";""
"202400005455";"155772207";"A01";"1";"7";"0";"2";"4";"23";"1";""
"202400005455";"155772208";"B01";"1";"7";"0";"2";"4";"23";"1";""
"202400005455";"155772209";"C01";"1";"7";"0";"2";"1";"1";"1";""
"202400005456";"155772206";"A01";"1";"7";"13";"0";"3";"1";"1";""
"202400005457";"155772205";"A01";"2";"7";"6";"0";"1";"14";"1";""
"202400005458";"155772203";"A01";"1";"7";"0";"2";"3";"5";"1";""
"202400005458";"155772204";"B01";"2";"7";"0";"2";"7";"1";"1";""
"202400005459";"155772202";"A01";"1";"1";"14";"0";"2";"1";"5";""
"202400005460";"155772200";"A01";"1";"7";"0";"2";"1";"13";"1";""
"202400005460";"155772201";"B01";"2";"32";"0";"2";"1";"1";"1";""
"202400005461";"155772198";"A01";"2";"7";"0";"2";"3";"1";"1";""
"202400005461";"155772199";"B01";"1";"10";"0";"2";"3";"1";"1";""
"202400005462";"155772196";"B01";"1";"1";"0";"2";"7";"1";"5";""
"202400005462";"155772197";"A01";"2";"7";"0";"2";"2";"15";"1";""
"202400005463";"155772194";"A01";"2";"7";"0";"2";"3";"15";"1";""
"202400005463";"155772195";"B01";"1";"33";"0";"2";"1";"1";"1";""
"202400005464";"155772193";"A01";"2";"1";"0";"0";"0";"1";"5";""
"202400005465";"155772191";"B01";"2";"14";"0";"2";"3";"1";"1";""
"202400005465";"155772192";"A01";"1";"7";"0";"2";"3";"13";"1";""
"202400005466";"155772189";"A01";"1";"10";"0";"2";"2";"21";"1";""
"202400005466";"155772190";"B01";"2";"7";"0";"2";"1";"11";"1";""
"202400005467";"155772185";"A01";"3";"7";"0";"2";"8";"2";"3";""
"202400005467";"155772186";"B01";"3";"30";"0";"2";"7";"12";"1";""
"202400005468";"155772183";"B01";"1";"0";"0";"0";"0";"2";"0";""
"202400005468";"155772184";"A01";"1";"7";"0";"0";"3";"0";"1";""
"202400005469";"155772182";"A01";"2";"31";"13";"0";"2";"1";"1";""
"202400005470";"155772181";"A01";"2";"7";"8";"0";"0";"0";"1";""
"202400005471";"155772178";"A01";"1";"7";"0";"2";"3";"26";"1";""
"202400005471";"155772179";"B01";"1";"2";"7";"2";"1";"1";"1";""
"202400005472";"155772177";"A01";"2";"7";"3";"0";"8";"13";"1";""
"202400005473";"155772175";"A01";"2";"7";"0";"2";"3";"11";"1";""
"202400005473";"155772176";"B01";"1";"14";"0";"2";"3";"21";"1";""
"202400005474";"155772173";"A01";"3";"7";"0";"2";"3";"13";"1";""
"202400005474";"155772174";"B01";"3";"7";"0";"2";"3";"1";"1";""
"202400005475";"155772169";"A01";"1";"7";"0";"2";"1";"13";"1";""
"202400005475";"155772170";"B01";"2";"15";"0";"2";"3";"21";"1";""
"202400005476";"155772162";"D01";"2";"1";"16";"2";"4";"1";"5";""
"202400005476";"155772163";"B01";"2";"1";"16";"2";"4";"1";"5";""
"202400005476";"155772164";"A01";"2";"7";"8";"2";"1";"1";"1";""
"202400005476";"155772165";"C01";"2";"1";"16";"2";"4";"1";"5";""
"202400005477";"155772161";"A01";"3";"7";"0";"1";"1";"1";"1";""
"202400005478";"155772159";"A01";"1";"7";"0";"2";"1";"0";"1";""
"202400005478";"155772160";"B01";"1";"15";"0";"2";"4";"1";"1";""
"202400005479";"155772158";"A01";"1";"14";"13";"0";"1";"13";"1";""
"202400005480";"155772156";"A01";"0";"7";"0";"2";"1";"5";"1";""
"202400005480";"155772157";"B01";"0";"7";"0";"2";"1";"0";"1";""
"202400005481";"155772154";"A01";"1";"7";"0";"2";"3";"13";"1";""
"202400005481";"155772155";"B01";"2";"7";"0";"2";"3";"0";"3";""
"202400005482";"155772152";"A01";"1";"1";"0";"2";"1";"1";"5";""
"202400005482";"155772153";"B01";"1";"1";"0";"2";"4";"1";"5";""
"202400005483";"155772150";"B01";"1";"33";"0";"0";"8";"1";"1";""
"202400005483";"155772151";"A01";"2";"7";"0";"2";"1";"15";"1";""
"202400005484";"155772148";"A01";"0";"7";"0";"9";"3";"9";"1";""
"202400005484";"155772149";"B01";"0";"1";"0";"2";"7";"1";"5";""
"202400005485";"155772146";"A01";"3";"7";"0";"2";"1";"1";"1";""
"202400005485";"155772147";"B01";"3";"7";"0";"2";"1";"1";"1";""
"202400005486";"155772144";"A01";"2";"7";"0";"2";"3";"1";"2";""
"202400005486";"155772145";"B01";"1";"33";"0";"2";"1";"1";"1";""
"202400005487";"155772143";"A01";"1";"7";"0";"1";"1";"1";"1";""
"202400005488";"155772141";"A01";"2";"10";"0";"2";"8";"9";"1";""
"202400005488";"155772142";"B01";"2";"33";"0";"2";"7";"1";"3";""
"202400005489";"155772140";"A01";"2";"33";"0";"0";"8";"1";"1";""
"202400005490";"155772139";"A01";"2";"7";"2";"0";"2";"1";"1";""
"202400005491";"155772138";"A01";"2";"2";"6";"0";"0";"0";"1";""
"202400005492";"155772136";"A01";"2";"3";"0";"2";"8";"15";"1";""
"202400005492";"155772137";"B01";"2";"15";"0";"2";"2";"1";"1";""
"202400005493";"155772135";"A01";"3";"7";"0";"0";"3";"1";"1";""
"202400005494";"155772134";"A01";"3";"14";"0";"1";"4";"4";"1";""
"202400005495";"155772132";"A01";"1";"7";"0";"2";"3";"13";"1";""
"202400005495";"155772133";"B01";"1";"7";"0";"2";"7";"1";"1";""
"202400005496";"155772130";"B01";"2";"7";"0";"2";"3";"13";"1";""
"202400005496";"155772131";"A01";"2";"7";"3";"2";"2";"21";"1";""
"202400005497";"155772128";"A01";"2";"33";"0";"2";"8";"16";"1";""
"202400005497";"155772129";"B01";"2";"10";"0";"2";"1";"1";"1";""
"202400005498";"155772127";"A01";"1";"33";"16";"0";"1";"26";"1";""
"202400005499";"155772126";"A01";"1";"17";"0";"1";"1";"1";"1";""
"202400005500";"155772124";"B01";"1";"15";"0";"2";"4";"11";"1";""
"202400005500";"155772125";"A01";"1";"15";"0";"2";"1";"1";"1";""
"202400005501";"155772121";"A01";"2";"10";"0";"2";"3";"2";"1";""
"202400005501";"155772122";"B01";"2";"7";"0";"2";"5";"2";"1";""
"202400005501";"155772123";"C01";"2";"7";"0";"2";"6";"0";"1";""
"202400005502";"155772119";"A01";"1";"7";"0";"2";"1";"1";"2";""
"202400005502";"155772120";"B01";"1";"7";"0";"2";"4";"1";"1";""
"202400005503";"155772118";"A01";"1";"7";"3";"0";"1";"1";"0";""
"202400005504";"155772114";"A01";"2";"7";"0";"2";"1";"11";"1";""
"202400005504";"155772115";"B01";"2";"33";"0";"2";"8";"3";"1";""
"202400005504";"155772116";"D01";"2";"10";"0";"2";"0";"1";"1";""
"202400005504";"155772117";"C01";"2";"7";"0";"2";"6";"1";"1";""
"202400005505";"155772112";"A01";"1";"7";"0";"2";"1";"1";"1";""
"202400005505";"155772113";"B01";"1";"10";"0";"2";"4";"9";"1";""
"202400005506";"155772110";"A01";"2";"7";"0";"2";"1";"1";"1";""
"202400005506";"155772111";"B01";"2";"7";"0";"2";"4";"11";"3";""
"202400005507";"155772109";"A01";"1";"7";"3";"0";"1";"1";"1";""
"202400005508";"155772108";"A01";"2";"32";"0";"0";"0";"3";"1";""
"202400005509";"155772105";"B01";"2";"32";"0";"2";"7";"14";"1";""
"202400005509";"155772106";"A01";"2";"33";"0";"2";"8";"26";"1";""
"202400005509";"155772107";"C01";"2";"7";"0";"2";"7";"1";"1";""
"202400005510";"155772104";"A01";"1";"33";"12";"0";"1";"13";"1";""
"202400005511";"155772100";"A01";"2";"10";"0";"2";"1";"2";"1";""
"202400005511";"155772101";"B01";"2";"17";"0";"2";"4";"2";"1";""
"202400005511";"155772102";"C01";"2";"7";"0";"2";"1";"2";"1";""
"202400005511";"155772103";"D01";"2";"7";"0";"2";"1";"2";"1";""
"202400005512";"155772098";"A01";"1";"7";"0";"2";"5";"12";"1";""
"202400005512";"155772099";"B01";"1";"33";"0";"2";"1";"1";"1";""
"202400005513";"155772096";"A01";"1";"33";"0";"2";"1";"1";"1";""
"202400005513";"155772097";"B01";"1";"7";"0";"2";"4";"1";"2";""
"202400005514";"155772094";"A01";"1";"10";"0";"2";"1";"2";"1";""
"202400005514";"155772095";"B01";"1";"7";"0";"2";"4";"2";"3";""
"202400005515";"155772091";"B01";"1";"7";"0";"2";"3";"11";"2";""
"202400005515";"155772092";"C01";"1";"7";"0";"2";"5";"1";"1";""
"202400005515";"155772093";"A01";"1";"33";"0";"2";"1";"3";"1";""
"202400005516";"155772089";"B01";"1";"7";"0";"2";"6";"16";"1";""
"202400005516";"155772090";"A01";"1";"33";"0";"2";"2";"16";"1";""
"202400005517";"155772087";"B01";"1";"30";"0";"2";"4";"23";"1";""
"202400005517";"155772088";"A01";"1";"7";"0";"2";"1";"2";"1";""
"202400005518";"155772085";"B01";"2";"60";"0";"2";"0";"1";"5";""
"202400005518";"155772086";"A01";"2";"7";"0";"2";"7";"16";"1";""
"202400005519";"155772083";"A01";"1";"7";"0";"2";"0";"1";"1";""
"202400005519";"155772084";"B01";"1";"7";"0";"2";"0";"0";"1";""
"202400005520";"155772080";"A01";"3";"7";"0";"2";"1";"3";"1";""
"202400005520";"155772081";"C01";"3";"7";"0";"2";"4";"23";"1";""
"202400005520";"155772082";"B01";"3";"7";"0";"2";"4";"23";"1";""
"202400005521";"155772079";"A01";"1";"7";"0";"1";"1";"1";"1";""
"202400005522";"155772077";"A01";"1";"10";"0";"2";"1";"2";"1";""
"202400005522";"155772078";"B01";"1";"7";"0";"2";"4";"2";"1";""
"202400005523";"155772076";"A01";"3";"7";"0";"1";"2";"15";"3";""
"202400005524";"155772075";"A01";"2";"33";"0";"1";"1";"3";"1";""
"202400005525";"155772074";"A01";"1";"7";"0";"1";"1";"15";"2";""
"202400005526";"155772072";"A01";"1";"33";"0";"2";"3";"8";"1";""
"202400005526";"155772073";"B01";"2";"7";"0";"2";"1";"15";"1";""
"202400005527";"155772066";"D01";"2";"7";"0";"2";"2";"1";"3";""
"202400005527";"155772067";"A01";"2";"7";"0";"2";"7";"12";"1";""
"202400005527";"155772069";"B01";"2";"33";"0";"2";"3";"3";"1";""
"202400005527";"155772071";"C01";"2";"10";"0";"2";"3";"1";"1";""
"202400005528";"155772065";"B01";"2";"10";"0";"2";"4";"1";"0";""
"202400005528";"155772068";"A01";"2";"7";"0";"2";"1";"1";"1";""
"202400005528";"155772070";"C01";"2";"7";"0";"2";"4";"1";"1";""
"202400005529";"155772063";"A01";"0";"15";"0";"1";"1";"19";"1";""
"202400005530";"155772062";"B01";"2";"7";"0";"2";"4";"2";"1";""
"202400005530";"155772064";"A01";"2";"7";"0";"2";"1";"2";"1";""
"202400005531";"155772061";"A01";"1";"32";"0";"0";"8";"1";"1";""
"202400005532";"155772059";"A01";"1";"7";"1";"0";"8";"24";"0";""
"202400005532";"155772060";"B01";"1";"37";"1";"0";"7";"24";"0";"1"
"202400005533";"155772058";"A01";"1";"7";"0";"0";"0";"0";"1";""
"202400005534";"155772056";"B01";"1";"7";"0";"2";"3";"15";"1";""
"202400005534";"155772057";"A01";"2";"2";"0";"2";"1";"1";"1";""
"202400005535";"155772054";"A01";"2";"7";"0";"2";"4";"2";"1";""
"202400005535";"155772055";"B01";"2";"7";"0";"2";"1";"2";"1";""
"202400005536";"155772050";"A01";"2";"7";"0";"2";"7";"1";"1";""
"202400005536";"155772053";"B01";"1";"7";"0";"2";"1";"1";"1";""
"202400005537";"155772051";"A01";"1";"7";"0";"2";"1";"18";"1";""
"202400005537";"155772052";"B01";"1";"10";"0";"2";"0";"0";"1";""
"202400005538";"155772047";"A01";"1";"7";"0";"2";"1";"15";"1";""
"202400005538";"155772049";"B01";"2";"30";"0";"2";"1";"1";"1";""
"202400005539";"155772046";"A01";"2";"31";"0";"2";"8";"2";"1";""
"202400005539";"155772048";"B01";"2";"7";"0";"2";"7";"12";"1";""
"202400005540";"155772044";"A01";"1";"30";"0";"2";"1";"2";"1";""
"202400005540";"155772045";"B01";"1";"7";"0";"2";"4";"23";"1";""
"202400005541";"155772042";"A01";"3";"7";"0";"2";"1";"2";"1";""
"202400005541";"155772043";"B01";"0";"7";"0";"2";"4";"23";"1";""
"202400005542";"155772039";"A01";"2";"1";"0";"2";"2";"1";"5";""
"202400005542";"155772041";"B01";"1";"7";"0";"2";"8";"1";"1";""
"202400005543";"155772040";"A01";"1";"7";"4";"0";"4";"2";"1";""
"202400005544";"155772038";"A01";"2";"7";"0";"1";"1";"26";"1";""
"202400005545";"155772037";"A01";"2";"33";"0";"0";"0";"26";"1";""
"202400005546";"155772034";"B01";"2";"7";"0";"2";"8";"1";"1";""
"202400005546";"155772035";"A01";"3";"31";"0";"2";"1";"19";"1";""
"202400005547";"155772036";"A01";"1";"7";"4";"0";"8";"11";"1";""
"202400005548";"155772033";"A01";"3";"7";"9";"0";"1";"1";"0";""
"202400005549";"155772032";"A01";"3";"1";"12";"0";"0";"1";"5";""
"202400005550";"155772028";"B01";"1";"7";"0";"2";"2";"0";"1";""
"202400005550";"155772030";"A01";"2";"7";"0";"2";"3";"1";"1";""
"202400005551";"155772026";"A01";"3";"33";"8";"0";"1";"0";"1";""
"202400005552";"155772023";"A01";"1";"7";"0";"2";"1";"11";"1";""
"202400005552";"155772025";"B01";"2";"7";"0";"2";"3";"1";"1";""
"202400005553";"155772024";"A01";"1";"33";"0";"2";"3";"21";"1";""
"202400005553";"155772027";"C01";"1";"33";"0";"2";"3";"21";"1";""
"202400005553";"155772029";"B01";"1";"7";"0";"2";"7";"14";"1";""
"202400005553";"155772031";"D01";"1";"10";"0";"2";"7";"14";"1";""
"202400005554";"155772020";"A01";"0";"7";"0";"2";"3";"26";"3";""
"202400005554";"155772021";"B01";"0";"34";"0";"2";"1";"1";"1";""
"202400005555";"155772022";"A01";"2";"33";"0";"0";"9";"2";"1";""
"202400005556";"155772018";"A01";"2";"7";"1";"0";"2";"1";"1";""
"202400005557";"155772017";"A01";"3";"7";"0";"2";"2";"15";"1";""
"202400005557";"155772019";"B01";"3";"1";"0";"2";"3";"26";"0";""
"202400005558";"155772016";"A01";"1";"30";"0";"9";"1";"1";"1";""
"202400005559";"155772014";"A01";"1";"7";"0";"2";"8";"19";"1";""
"202400005559";"155772015";"B01";"1";"7";"0";"2";"2";"1";"1";""
"202400005560";"155772012";"B01";"1";"50";"0";"2";"8";"19";"3";""
"202400005560";"155772013";"A01";"1";"7";"0";"2";"1";"19";"0";""
"202400005561";"155772010";"A01";"1";"10";"0";"2";"7";"15";"1";""
"202400005561";"155772011";"B01";"2";"33";"0";"2";"1";"1";"1";""
"202400005562";"155772008";"A01";"1";"7";"0";"2";"1";"17";"1";""
"202400005562";"155772009";"B01";"1";"7";"0";"2";"6";"23";"1";""
"202400005563";"155772007";"A01";"1";"7";"0";"1";"1";"1";"1";""
"202400005564";"155772005";"A01";"1";"7";"0";"2";"1";"5";"1";""
"202400005564";"155772006";"B01";"2";"7";"0";"2";"1";"1";"1";""
"202400005565";"155772003";"A01";"2";"7";"0";"2";"2";"15";"1";""
"202400005565";"155772004";"B01";"1";"80";"0";"2";"1";"25";"3";""
"202400005566";"155771999";"A01";"1";"7";"0";"2";"1";"26";"1";""
"202400005566";"155772001";"B01";"2";"7";"14";"0";"1";"5";"1";""
"202400005567";"155772000";"A01";"1";"30";"0";"2";"1";"17";"1";""
"202400005567";"155772002";"B01";"1";"7";"0";"2";"3";"15";"1";""
"202400005568";"155771998";"A01";"2";"1";"0";"1";"0";"1";"5";""
"202400005569";"155771996";"B01";"3";"7";"0";"2";"4";"1";"1";""
"202400005569";"155771997";"A01";"3";"31";"0";"2";"1";"1";"1";""
"202400005570";"155771994";"A01";"2";"7";"1";"0";"1";"14";"1";""
"202400005571";"155771991";"A01";"3";"7";"0";"2";"1";"15";"1";""
"202400005571";"155771993";"B01";"3";"31";"0";"2";"7";"17";"1";""
"202400005572";"155771992";"A01";"1";"7";"0";"2";"3";"13";"1";""
"202400005572";"155771995";"B01";"1";"33";"0";"2";"3";"1";"1";""
"202400005573";"155771989";"A01";"3";"1";"0";"2";"4";"1";"5";""
"202400005573";"155771990";"B01";"3";"50";"0";"2";"1";"13";"3";""
"202400005574";"155771987";"A01";"3";"1";"0";"2";"8";"15";"5";""
"202400005574";"155771988";"B01";"3";"2";"0";"9";"8";"1";"1";""
"202400005575";"155771984";"A01";"2";"14";"0";"2";"7";"16";"1";""
"202400005575";"155771986";"B01";"2";"1";"0";"2";"8";"26";"5";""
"202400005576";"155771983";"A01";"1";"7";"0";"2";"4";"1";"1";""
"202400005576";"155771985";"B01";"1";"33";"0";"2";"1";"1";"1";""
"202400005577";"155771981";"A01";"3";"7";"0";"1";"3";"13";"0";""
"202400005578";"155771979";"B01";"3";"7";"0";"2";"3";"19";"1";""
"202400005578";"155771980";"A01";"3";"7";"0";"2";"1";"23";"1";""
"202400005578";"155771982";"C01";"1";"7";"0";"2";"3";"23";"1";""
"202400005579";"155771977";"A01";"1";"7";"0";"1";"2";"1";"1";""
"202400005580";"155771973";"A01";"2";"30";"0";"2";"7";"9";"1";""
"202400005580";"155771974";"B01";"2";"7";"0";"2";"6";"1";"2";""
"202400005581";"155771970";"A01";"2";"7";"0";"1";"3";"1";"2";""
"202400005582";"155771967";"B01";"1";"2";"0";"2";"1";"1";"1";""
"202400005582";"155771969";"A01";"2";"7";"0";"2";"2";"15";"1";""
"202400005583";"155771966";"A01";"1";"7";"0";"2";"3";"15";"1";""
"202400005583";"155771968";"B01";"2";"33";"0";"2";"1";"1";"1";""
"202400005584";"155771964";"A01";"0";"1";"0";"0";"0";"0";"5";""
"202400005585";"155771963";"B01";"1";"7";"0";"2";"6";"1";"1";""
"202400005585";"155771965";"A01";"2";"7";"0";"2";"3";"0";"1";""
"202400005586";"155771961";"A01";"2";"7";"12";"2";"2";"15";"1";""
"202400005586";"155771962";"B01";"1";"10";"12";"2";"1";"1";"1";""
"202400005587";"155771960";"A01";"2";"7";"3";"0";"3";"13";"1";""
"202400005588";"155771957";"A01";"3";"7";"0";"2";"1";"0";"1";""
"202400005588";"155771959";"B01";"3";"1";"0";"2";"1";"0";"5";""
"202400005589";"155771956";"A01";"1";"7";"0";"2";"1";"9";"1";""
"202400005589";"155771958";"B01";"1";"10";"0";"2";"2";"1";"1";""
"202400005590";"155771955";"A01";"3";"3";"8";"0";"1";"16";"3";""
"202400005591";"155771953";"B01";"1";"30";"0";"2";"1";"1";"1";""
"202400005591";"155771954";"A01";"1";"7";"0";"2";"3";"6";"1";""
"202400005592";"155771951";"B01";"2";"7";"0";"2";"3";"1";"1";""
"202400005592";"155771952";"A01";"1";"7";"0";"2";"1";"15";"1";""
"202400005593";"155771948";"B01";"1";"1";"0";"2";"1";"19";"5";""
"202400005593";"155771950";"A01";"3";"7";"0";"2";"3";"23";"1";""
"202400005594";"155771947";"A01";"2";"7";"0";"2";"2";"15";"1";""
"202400005594";"155771949";"B01";"1";"10";"0";"2";"3";"1";"1";""
"202400005595";"155771946";"A01";"0";"31";"0";"0";"8";"1";"1";""
"202400005596";"155771945";"A01";"1";"7";"13";"0";"1";"14";"1";""
"202400005597";"155771943";"A01";"2";"7";"0";"2";"1";"19";"1";""
"202400005597";"155771944";"B01";"1";"7";"0";"2";"8";"1";"1";""
"202400005598";"155771941";"A01";"1";"7";"0";"2";"3";"10";"1";""
"202400005598";"155771942";"B01";"1";"33";"0";"2";"1";"1";"1";""
"202400005599";"155771939";"B01";"2";"1";"0";"2";"3";"13";"5";""
"202400005599";"155771940";"A01";"1";"10";"0";"2";"2";"7";"1";""
"202400005600";"155771937";"B01";"3";"7";"0";"2";"5";"1";"1";""
"202400005600";"155771938";"A01";"3";"7";"0";"2";"1";"1";"1";""
"202400005601";"155771935";"B01";"1";"10";"0";"2";"1";"1";"1";""
"202400005601";"155771936";"A01";"3";"7";"0";"2";"8";"15";"1";""
"202400005602";"155771933";"B01";"1";"7";"0";"2";"6";"1";"1";""
"202400005602";"155771934";"A01";"2";"7";"0";"2";"3";"1";"1";""
"202400005603";"155771931";"B01";"1";"32";"0";"2";"0";"1";"1";""
"202400005603";"155771932";"A01";"1";"7";"0";"2";"1";"20";"1";""
"202400005604";"155771929";"B01";"2";"33";"0";"9";"3";"3";"1";""
"202400005604";"155771930";"A01";"1";"7";"0";"9";"3";"15";"1";""
"202400005605";"155771927";"A01";"2";"10";"0";"2";"0";"0";"1";""
"202400005605";"155771928";"B01";"2";"33";"0";"2";"0";"0";"1";""
"202400005606";"155771926";"A01";"1";"7";"0";"1";"1";"1";"1";""
"202400005607";"155771925";"A01";"1";"7";"0";"1";"3";"17";"1";""
"202400005608";"155771924";"A01";"3";"1";"14";"0";"0";"1";"5";""
"202400005609";"155771923";"A01";"1";"43";"1";"0";"1";"1";"1";""
"202400005610";"155771920";"A01";"3";"7";"0";"2";"1";"21";"1";""
"202400005610";"155771922";"B01";"0";"50";"0";"2";"1";"1";"3";""
"202400005611";"155771917";"A01";"1";"30";"0";"2";"1";"1";"1";""
"202400005612";"155771915";"A01";"3";"7";"0";"1";"2";"1";"1";""
"202400005613";"155771914";"A01";"2";"7";"0";"2";"1";"2";"1";""
"202400005613";"155771916";"B01";"2";"10";"0";"0";"4";"2";"1";""
"202400005614";"155771911";"A01";"1";"10";"0";"2";"2";"13";"1";""
"202400005614";"155771913";"B01";"2";"10";"0";"2";"1";"1";"1";""
"202400005615";"155771910";"A01";"1";"14";"0";"2";"3";"13";"1";""