"Num_Acc";"id_vehicule";"num_veh";"senc";"catv";"obs";"obsm";"choc";"manv";"motor";"occutc"
"202400005615";"155771912";"B01";"2";"10";"0";"2";"0";"0";"1";""
"202400005616";"155771908";"A01";"1";"7";"0";"2";"4";"4";"1";""
"202400005616";"155771909";"B01";"2";"7";"0";"9";"2";"2";"1";""
"202400005617";"155771907";"A01";"1";"10";"0";"1";"1";"1";"1";""
"202400005618";"155771905";"B01";"1";"7";"0";"2";"3";"2";"1";""
"202400005618";"155771906";"A01";"1";"30";"0";"2";"1";"2";"1";""
"202400005619";"155771902";"B01";"1";"7";"0";"2";"1";"1";"1";""
"202400005619";"155771904";"A01";"2";"7";"0";"2";"7";"15";"1";""
"202400005620";"155771901";"A01";"0";"37";"0";"2";"3";"13";"1";"1"
"202400005620";"155771903";"B01";"2";"7";"0";"2";"3";"0";"1";""
"202400005621";"155771900";"A01";"2";"50";"0";"0";"0";"2";"3";""
"202400005622";"155771898";"A01";"3";"50";"0";"2";"5";"1";"3";""
"202400005622";"155771899";"B01";"2";"34";"0";"2";"5";"1";"1";""
"202400005623";"155771896";"B01";"2";"33";"0";"2";"1";"1";"1";""
"202400005623";"155771897";"A01";"1";"7";"0";"2";"3";"15";"1";""
"202400005624";"155771894";"A01";"3";"1";"0";"2";"1";"1";"5";""
"202400005624";"155771895";"B01";"1";"1";"0";"2";"1";"1";"5";""
"202400005625";"155771892";"A01";"1";"33";"0";"2";"8";"13";"1";""
"202400005625";"155771893";"B01";"1";"33";"0";"2";"7";"2";"1";""
"202400005626";"155771891";"A01";"3";"1";"0";"1";"1";"13";"5";""
"202400005627";"155771888";"A01";"1";"20";"0";"2";"1";"2";"1";""
"202400005627";"155771889";"C01";"1";"33";"0";"2";"4";"2";"1";""
"202400005627";"155771890";"B01";"1";"7";"0";"2";"4";"2";"2";""
"202400005628";"155771887";"A01";"1";"7";"0";"1";"1";"1";"2";""
"202400005629";"155771884";"B01";"1";"33";"1";"2";"2";"1";"1";""
"202400005629";"155771886";"A01";"1";"7";"0";"2";"3";"15";"2";""
"202400005630";"155771883";"A01";"2";"32";"0";"2";"6";"15";"1";""
"202400005630";"155771885";"Z01";"2";"31";"0";"2";"0";"0";"0";""
"202400005631";"155771881";"A01";"2";"37";"0";"0";"0";"24";"1";"1"
"202400005632";"155771879";"A01";"1";"31";"0";"2";"1";"3";"1";""
"202400005632";"155771880";"C01";"1";"7";"0";"2";"4";"1";"1";""
"202400005632";"155771882";"B01";"1";"7";"0";"2";"6";"1";"1";""
"202400005633";"155771877";"B01";"2";"1";"0";"2";"1";"1";"5";""
"202400005633";"155771878";"A01";"1";"1";"0";"2";"1";"13";"5";""
"202400005634";"155771874";"A01";"1";"7";"8";"0";"1";"14";"1";""
"202400005635";"155771875";"A01";"1";"7";"0";"2";"8";"22";"2";""
"202400005635";"155771876";"Y01";"1";"1";"0";"2";"3";"1";"5";""
"202400005636";"155771873";"A01";"0";"7";"0";"1";"3";"26";"2";""
"202400005637";"155771871";"A01";"1";"1";"0";"2";"7";"15";"5";""
"202400005637";"155771872";"B01";"3";"1";"0";"2";"1";"1";"5";""
"202400005638";"155771870";"A01";"1";"80";"0";"1";"1";"1";"3";""
"202400005639";"155771867";"A01";"3";"7";"0";"2";"8";"9";"1";""
"202400005639";"155771869";"B01";"1";"33";"0";"2";"1";"17";"1";""
"202400005640";"155771866";"A01";"3";"7";"0";"2";"3";"15";"1";""
"202400005640";"155771868";"B01";"1";"43";"0";"2";"3";"15";"1";""
"202400005641";"155771865";"A01";"2";"1";"0";"0";"0";"21";"5";""
"202400005642";"155771863";"B01";"3";"7";"6";"0";"4";"26";"1";""
"202400005642";"155771864";"A01";"2";"7";"1";"0";"1";"26";"1";""
"202400005643";"155771861";"A01";"3";"1";"0";"2";"3";"13";"5";""
"202400005643";"155771862";"B01";"3";"1";"0";"2";"3";"1";"5";""
"202400005644";"155771860";"A01";"2";"30";"0";"2";"1";"1";"3";""
"202400005645";"155771858";"B01";"3";"1";"0";"0";"0";"0";"5";""
"202400005645";"155771859";"A01";"3";"33";"0";"0";"0";"2";"1";""
"202400005646";"155771857";"A01";"1";"43";"14";"0";"8";"1";"1";""
"202400005647";"155771856";"A01";"2";"33";"11";"0";"1";"1";"1";""
"202400005648";"155771853";"A01";"1";"43";"0";"2";"1";"7";"1";""
"202400005648";"155771855";"B01";"3";"7";"0";"2";"2";"15";"3";""
"202400005649";"155771854";"A01";"1";"32";"11";"0";"1";"12";"3";""
"202400005650";"155771851";"B01";"1";"2";"1";"0";"1";"2";"1";""
"202400005650";"155771852";"A01";"1";"7";"0";"2";"8";"22";"1";""
"202400005651";"155771849";"A01";"3";"7";"0";"2";"1";"2";"1";""
"202400005651";"155771850";"B01";"3";"7";"0";"2";"4";"23";"1";""
"202400005652";"155771848";"A01";"3";"50";"0";"0";"1";"1";"3";""
"202400005653";"155771847";"A01";"0";"50";"11";"0";"1";"26";"3";""
"202400005654";"155771843";"A01";"2";"7";"0";"2";"1";"1";"1";""
"202400005654";"155771844";"B01";"2";"7";"0";"2";"9";"23";"2";""
"202400005654";"155771846";"C01";"2";"7";"0";"2";"4";"23";"1";""
"202400005655";"155771842";"A01";"1";"7";"0";"2";"1";"1";"1";""
"202400005655";"155771845";"B01";"3";"50";"0";"2";"3";"19";"3";""
"202400005656";"155771840";"A01";"2";"33";"0";"2";"7";"17";"1";""
"202400005656";"155771841";"B01";"2";"7";"0";"2";"3";"15";"1";""
"202400005657";"155771839";"A01";"3";"7";"0";"1";"2";"26";"1";""
"202400005658";"155771836";"A01";"3";"7";"14";"1";"1";"1";"1";""
"202400005659";"155771837";"A01";"3";"7";"0";"2";"1";"15";"1";""
"202400005659";"155771838";"B01";"3";"33";"0";"2";"3";"2";"1";""
"202400005660";"155771833";"A01";"1";"33";"0";"2";"4";"14";"1";""
"202400005660";"155771835";"B01";"1";"7";"0";"2";"1";"1";"1";""
"202400005661";"155771832";"A01";"3";"7";"0";"2";"3";"26";"1";""
"202400005661";"155771834";"B01";"3";"32";"0";"2";"3";"1";"0";""
"202400005662";"155771830";"B01";"2";"30";"0";"2";"1";"19";"1";""
"202400005662";"155771831";"A01";"2";"7";"0";"2";"3";"12";"1";""
"202400005663";"155771825";"A01";"2";"10";"0";"2";"1";"2";"1";""
"202400005663";"155771826";"B01";"2";"7";"0";"2";"9";"2";"1";""
"202400005663";"155771827";"C01";"2";"7";"0";"2";"4";"2";"1";""
"202400005664";"155771824";"A01";"1";"30";"0";"0";"0";"1";"1";""
"202400005665";"155771822";"A01";"1";"31";"0";"0";"0";"0";"1";""
"202400005666";"155771821";"B01";"2";"50";"0";"0";"0";"0";"3";""
"202400005666";"155771823";"A01";"3";"7";"0";"0";"1";"26";"1";""
"202400005667";"155771820";"A01";"0";"1";"0";"0";"0";"0";"5";""
"202400005668";"155771818";"B01";"3";"7";"0";"2";"2";"14";"1";""
"202400005668";"155771819";"A01";"3";"33";"0";"2";"8";"2";"1";""
"202400005669";"155771815";"A01";"1";"50";"0";"2";"3";"18";"3";""
"202400005669";"155771816";"B01";"1";"7";"0";"9";"7";"16";"1";""
"202400005670";"155771814";"B01";"0";"7";"0";"2";"8";"19";"3";""
"202400005670";"155771817";"A01";"1";"7";"8";"2";"1";"1";"1";""
"202400005671";"155771812";"A01";"1";"7";"8";"0";"1";"1";"1";""
"202400005672";"155771810";"A01";"3";"33";"0";"2";"1";"3";"1";""
"202400005672";"155771811";"C01";"3";"7";"0";"2";"3";"23";"1";""
"202400005672";"155771813";"B01";"3";"30";"0";"2";"8";"13";"3";""
"202400005673";"155771807";"A01";"1";"7";"0";"2";"3";"13";"0";""
"202400005673";"155771809";"B01";"2";"33";"0";"2";"8";"1";"1";""
"202400005674";"155771806";"A01";"1";"30";"0";"2";"4";"20";"1";""
"202400005674";"155771808";"B01";"1";"7";"0";"2";"4";"13";"1";""
"202400005675";"155771805";"A01";"0";"33";"0";"0";"9";"16";"1";""
"202400005676";"155771804";"A01";"1";"33";"2";"0";"1";"1";"1";""
"202400005677";"155771802";"A01";"2";"7";"4";"0";"3";"1";"1";""
"202400005678";"155771801";"B01";"2";"33";"0";"2";"1";"1";"1";""
"202400005678";"155771803";"A01";"1";"7";"0";"2";"5";"15";"1";""
"202400005679";"155771800";"A01";"1";"7";"14";"0";"3";"21";"1";""
"202400005680";"155771798";"A01";"1";"33";"0";"2";"1";"17";"1";""
"202400005680";"155771799";"B01";"2";"7";"0";"2";"1";"1";"1";""
"202400005681";"155771797";"A01";"3";"33";"1";"0";"2";"16";"1";""
"202400005682";"155771793";"A01";"1";"10";"0";"2";"7";"15";"1";""
"202400005682";"155771795";"B01";"2";"33";"0";"2";"1";"1";"1";""
"202400005683";"155771791";"C01";"3";"7";"0";"2";"4";"2";"1";""
"202400005683";"155771792";"A01";"0";"10";"0";"2";"1";"2";"1";""
"202400005683";"155771794";"B01";"3";"7";"0";"2";"4";"2";"1";""
"202400005683";"155771796";"D01";"3";"7";"0";"0";"4";"2";"1";""
"202400005684";"155771788";"A01";"2";"7";"2";"0";"8";"1";"1";""
"202400005685";"155771789";"A01";"2";"7";"0";"2";"3";"15";"3";""
"202400005685";"155771790";"B01";"2";"32";"0";"2";"2";"17";"1";""
"202400005686";"155771786";"A01";"2";"33";"16";"0";"9";"26";"1";""
"202400005687";"155771785";"A01";"1";"38";"1";"1";"4";"23";"1";"1"
"202400005687";"155771787";"B01";"1";"14";"0";"0";"1";"1";"1";""
"202400005688";"155771781";"A01";"2";"10";"0";"2";"3";"19";"1";""
"202400005688";"155771783";"B01";"1";"2";"0";"2";"1";"1";"1";""
"202400005689";"155771780";"A01";"2";"10";"0";"0";"9";"26";"1";""
"202400005690";"155771779";"A01";"1";"7";"13";"0";"2";"0";"1";""
"202400005691";"155771776";"A01";"1";"7";"3";"0";"9";"1";"1";""
"202400005692";"155771774";"B01";"1";"7";"0";"2";"4";"1";"1";""
"202400005692";"155771775";"C01";"1";"7";"0";"2";"1";"1";"1";""
"202400005692";"155771777";"D01";"1";"7";"0";"2";"1";"21";"1";""
"202400005692";"155771778";"A01";"2";"7";"0";"2";"9";"21";"1";""
"202400005693";"155771773";"A01";"1";"7";"13";"0";"1";"1";"2";""
"202400005694";"155771771";"B01";"2";"7";"8";"2";"1";"1";"2";""
"202400005694";"155771772";"A01";"1";"7";"0";"2";"3";"1";"1";""
"202400005695";"155771769";"A01";"1";"7";"2";"0";"1";"14";"1";""
"202400005696";"155771768";"A01";"2";"7";"8";"2";"3";"1";"1";""
"202400005696";"155771770";"B01";"2";"7";"1";"2";"1";"1";"1";""
"202400005697";"155771766";"A01";"2";"7";"13";"0";"2";"0";"6";""
"202400005698";"155771764";"A01";"1";"7";"0";"2";"1";"15";"1";""
"202400005698";"155771765";"B01";"2";"33";"0";"2";"1";"1";"1";""
"202400005698";"155771767";"C01";"1";"7";"0";"2";"1";"1";"1";""
"202400005699";"155771762";"A01";"1";"7";"0";"9";"2";"1";"1";""
"202400005699";"155771763";"B01";"2";"1";"0";"2";"3";"15";"5";""
"202400005700";"155771760";"B01";"1";"33";"0";"0";"1";"1";"1";""
"202400005700";"155771761";"A01";"1";"7";"0";"0";"3";"9";"1";""
"202400005701";"155771758";"A01";"2";"7";"16";"0";"9";"1";"1";""
"202400005702";"155771757";"A01";"2";"7";"0";"2";"1";"2";"1";""
"202400005702";"155771759";"B01";"2";"10";"0";"2";"4";"2";"1";""
"202400005703";"155771756";"A01";"1";"7";"0";"1";"3";"1";"1";""
"202400005704";"155771754";"B01";"2";"0";"0";"2";"1";"13";"0";""
"202400005704";"155771755";"A01";"1";"1";"0";"2";"1";"26";"5";""
"202400005705";"155771750";"A01";"1";"7";"0";"2";"3";"13";"1";""
"202400005705";"155771753";"B01";"2";"7";"0";"2";"3";"1";"1";""
"202400005706";"155771749";"A01";"2";"7";"0";"2";"3";"17";"1";""
"202400005706";"155771751";"C01";"1";"7";"0";"0";"4";"15";"1";""
"202400005706";"155771752";"B01";"1";"7";"0";"2";"3";"1";"1";""
"202400005707";"155771746";"B01";"2";"7";"0";"2";"2";"12";"1";""
"202400005707";"155771748";"A01";"1";"2";"0";"2";"8";"1";"0";""
"202400005708";"155771745";"B01";"2";"1";"0";"2";"8";"1";"5";""
"202400005708";"155771747";"A01";"3";"21";"0";"2";"3";"16";"1";""
"202400005709";"155771744";"A01";"1";"7";"9";"0";"3";"1";"1";""
"202400005710";"155771738";"A01";"2";"7";"0";"0";"0";"1";"2";""
"202400005711";"155771739";"A01";"2";"7";"2";"0";"1";"1";"1";""
"202400005712";"155771737";"A01";"2";"33";"13";"0";"7";"1";"0";""
"202400005713";"155771736";"A01";"1";"3";"1";"0";"1";"1";"3";""
"202400005714";"155771735";"A01";"1";"33";"0";"0";"0";"1";"1";""
"202400005715";"155771732";"A01";"2";"7";"13";"0";"2";"1";"1";""
"202400005716";"155771731";"B01";"1";"1";"0";"2";"1";"1";"5";""
"202400005716";"155771733";"A01";"2";"7";"0";"9";"2";"15";"3";""
"202400005716";"155771734";"C01";"1";"1";"0";"2";"1";"1";"5";""
"202400005717";"155771730";"A01";"1";"1";"0";"0";"1";"1";"5";""
"202400005718";"155771728";"B01";"2";"33";"0";"2";"1";"1";"1";""
"202400005718";"155771729";"A01";"1";"21";"0";"2";"2";"19";"1";""
"202400005719";"155771726";"A01";"1";"7";"0";"0";"7";"15";"1";""
"202400005719";"155771727";"B01";"2";"33";"0";"2";"1";"1";"1";""
"202400005720";"155771724";"A01";"2";"7";"0";"2";"1";"1";"1";""
"202400005720";"155771725";"B01";"2";"7";"0";"2";"3";"9";"1";""
"202400005721";"155771722";"A01";"2";"13";"0";"2";"5";"2";"1";""
"202400005721";"155771723";"B01";"2";"1";"0";"2";"0";"2";"5";""
"202400005722";"155771720";"A01";"1";"7";"0";"2";"1";"13";"1";""
"202400005722";"155771721";"B01";"3";"10";"0";"2";"3";"1";"1";""
"202400005723";"155771718";"A01";"3";"7";"0";"2";"3";"1";"1";""
"202400005723";"155771719";"B01";"3";"7";"0";"2";"3";"1";"1";""
"202400005724";"155771717";"A01";"3";"7";"0";"1";"4";"4";"1";""
"202400005725";"155771715";"A01";"1";"7";"0";"2";"2";"9";"1";""
"202400005725";"155771716";"B01";"1";"3";"0";"2";"1";"1";"1";""
"202400005726";"155771713";"A01";"1";"7";"0";"2";"3";"17";"1";""
"202400005726";"155771714";"B01";"2";"7";"0";"2";"3";"1";"1";""
"202400005727";"155771711";"B01";"2";"2";"0";"0";"4";"10";"1";""
"202400005727";"155771712";"A01";"2";"33";"0";"2";"1";"2";"1";""
"202400005728";"155771708";"C01";"1";"7";"0";"9";"2";"17";"1";""
"202400005728";"155771709";"A01";"1";"17";"0";"0";"6";"24";"6";""
"202400005728";"155771710";"B01";"1";"17";"1";"0";"2";"1";"1";""
"202400005729";"155771706";"B01";"1";"7";"0";"2";"4";"23";"2";""
"202400005729";"155771707";"A01";"2";"33";"1";"2";"1";"3";"1";""
"202400005730";"155771704";"A01";"1";"7";"13";"2";"3";"13";"1";""
"202400005730";"155771705";"B01";"2";"7";"3";"2";"3";"1";"1";""
"202400005731";"155771703";"A01";"2";"7";"8";"0";"1";"14";"1";""
"202400005732";"155771701";"B01";"2";"7";"0";"2";"3";"1";"1";""
"202400005732";"155771702";"A01";"1";"7";"0";"2";"3";"13";"1";""
"202400005733";"155771699";"A01";"3";"33";"0";"2";"8";"17";"1";""
"202400005733";"155771700";"B01";"3";"7";"0";"2";"3";"1";"1";""
"202400005734";"155771696";"A01";"1";"10";"13";"0";"9";"1";"1";""
"202400005735";"155771694";"A01";"1";"33";"0";"2";"3";"0";"1";""
"202400005735";"155771695";"B01";"1";"10";"0";"2";"7";"0";"1";""
"202400005736";"155771693";"A01";"2";"7";"12";"0";"1";"13";"1";""
"202400005737";"155771689";"A01";"2";"7";"0";"2";"8";"2";"1";""
"202400005737";"155771690";"B01";"2";"33";"0";"2";"1";"2";"1";""
"202400005738";"155771688";"A01";"1";"50";"2";"0";"2";"25";"3";""
"202400005739";"155771687";"A01";"1";"7";"6";"0";"1";"1";"1";""
"202400005740";"155771686";"A01";"2";"2";"16";"0";"9";"14";"1";""
"202400005741";"155771685";"A01";"2";"10";"8";"0";"2";"17";"1";""
"202400005742";"155771684";"A01";"1";"10";"6";"0";"2";"1";"1";""
"202400005743";"155771683";"A01";"1";"7";"0";"1";"2";"15";"1";""
"202400005744";"155771681";"A01";"1";"7";"0";"2";"7";"19";"1";""
"202400005744";"155771682";"B01";"1";"1";"0";"2";"1";"1";"5";""
"202400005745";"155771679";"B01";"2";"7";"0";"2";"3";"1";"1";""
"202400005745";"155771680";"A01";"1";"7";"0";"2";"3";"1";"1";""
"202400005746";"155771678";"A01";"1";"7";"2";"0";"1";"14";"1";""
"202400005747";"155771677";"A01";"0";"7";"0";"0";"1";"1";"0";""
"202400005748";"155771674";"B01";"2";"33";"0";"2";"5";"2";"0";""
"202400005748";"155771676";"A01";"2";"7";"0";"2";"3";"9";"1";""
"202400005749";"155771673";"B01";"2";"7";"0";"2";"4";"1";"1";""
"202400005749";"155771675";"A01";"2";"7";"0";"2";"1";"2";"1";""
"202400005750";"155771669";"B01";"1";"7";"4";"2";"6";"1";"1";""
"202400005750";"155771671";"Z01";"1";"7";"0";"2";"1";"3";"1";""
"202400005751";"155771668";"C01";"2";"7";"4";"2";"2";"1";"1";""
"202400005751";"155771670";"A01";"1";"7";"0";"2";"1";"13";"1";""
"202400005751";"155771672";"B01";"2";"7";"4";"2";"1";"1";"1";""
"202400005752";"155771667";"A01";"1";"7";"4";"0";"8";"0";"1";""
"202400005753";"155771665";"A01";"2";"7";"0";"0";"1";"0";"1";""
"202400005753";"155771666";"B01";"1";"7";"0";"2";"1";"1";"1";""
"202400005754";"155771660";"A01";"2";"7";"0";"2";"1";"2";"2";""
"202400005754";"155771662";"B01";"2";"7";"0";"2";"4";"2";"1";""
"202400005754";"155771663";"C01";"2";"7";"0";"2";"4";"2";"1";""
"202400005754";"155771664";"D01";"2";"7";"0";"2";"5";"2";"1";""
"202400005755";"155771661";"A01";"3";"7";"0";"1";"0";"1";"1";""
"202400005756";"155771656";"B01";"2";"7";"0";"2";"6";"1";"0";""
"202400005756";"155771657";"C01";"2";"7";"0";"2";"7";"1";"0";""
"202400005756";"155771659";"A01";"2";"7";"0";"2";"2";"13";"0";""
"202400005757";"155771655";"A01";"2";"7";"0";"2";"6";"1";"1";""
"202400005757";"155771658";"B01";"2";"33";"0";"2";"1";"1";"1";""
"202400005758";"155771654";"A01";"2";"7";"11";"0";"1";"1";"0";""
"202400005759";"155771651";"A01";"2";"7";"2";"2";"1";"13";"1";""
"202400005760";"155771652";"A01";"1";"33";"0";"2";"9";"0";"1";""
"202400005760";"155771653";"B01";"1";"10";"0";"0";"4";"1";"1";""
"202400005761";"155771648";"A01";"2";"33";"0";"2";"1";"2";"1";""
"202400005761";"155771649";"B01";"2";"33";"0";"2";"8";"1";"1";""
"202400005762";"155771647";"B01";"2";"13";"3";"2";"8";"1";"1";""
"202400005762";"155771650";"A01";"2";"7";"3";"2";"5";"14";"1";""
"202400005763";"155771643";"A01";"1";"7";"0";"2";"1";"2";"1";""
"202400005763";"155771645";"B01";"1";"7";"0";"2";"4";"23";"1";""
"202400005764";"155771642";"A01";"1";"7";"0";"2";"1";"1";"1";""
"202400005764";"155771644";"B01";"1";"7";"0";"2";"0";"2";"1";""
"202400005764";"155771646";"C01";"1";"7";"0";"2";"0";"2";"1";""
"202400005765";"155771638";"A01";"1";"7";"0";"2";"1";"2";"1";""
"202400005765";"155771640";"B01";"1";"7";"0";"2";"4";"2";"1";""
"202400005766";"155771637";"A01";"1";"7";"0";"2";"1";"2";"1";""
"202400005766";"155771639";"B01";"1";"7";"0";"2";"4";"2";"1";""
"202400005766";"155771641";"C01";"1";"7";"0";"2";"4";"2";"1";""
"202400005767";"155771635";"A01";"1";"7";"0";"2";"3";"11";"1";""
"202400005767";"155771636";"B01";"1";"33";"0";"2";"3";"1";"1";""
"202400005768";"155771632";"A01";"2";"7";"0";"2";"3";"1";"1";""
"202400005768";"155771633";"C01";"2";"7";"0";"2";"3";"1";"1";""
"202400005768";"155771634";"B01";"2";"15";"0";"2";"2";"0";"1";""
"202400005769";"155771631";"A01";"2";"7";"4";"0";"3";"17";"1";""
"202400005770";"155771625";"A01";"2";"7";"0";"2";"1";"1";"1";""
"202400005770";"155771627";"B01";"2";"7";"0";"2";"6";"21";"1";""
"202400005770";"155771629";"C01";"2";"7";"0";"2";"8";"1";"1";""
"202400005770";"155771630";"D01";"2";"7";"0";"2";"8";"1";"1";""
"202400005771";"155771626";"A01";"2";"33";"3";"2";"1";"2";"1";""
"202400005771";"155771628";"B01";"2";"7";"3";"2";"4";"1";"2";""
"202400005772";"155771623";"A01";"1";"33";"0";"2";"0";"1";"1";""
"202400005773";"155771622";"B01";"2";"7";"0";"2";"6";"2";"2";""
"202400005773";"155771624";"A01";"2";"33";"0";"2";"1";"3";"1";""
"202400005774";"155771620";"A01";"1";"7";"0";"2";"1";"1";"1";""
"202400005774";"155771621";"B01";"1";"7";"0";"2";"4";"1";"1";""
"202400005775";"155771619";"A01";"2";"7";"0";"2";"1";"1";"1";""
"202400005776";"155771615";"B01";"2";"7";"0";"2";"4";"1";"1";""
"202400005776";"155771617";"A01";"2";"7";"0";"2";"2";"1";"1";""
"202400005777";"155771613";"C01";"1";"7";"0";"2";"4";"2";"1";""
"202400005777";"155771614";"A01";"1";"7";"0";"2";"1";"2";"1";""
"202400005777";"155771616";"D01";"1";"7";"0";"2";"4";"2";"2";""
"202400005777";"155771618";"B01";"1";"7";"0";"2";"4";"2";"1";""
"202400005778";"155771611";"A01";"2";"7";"0";"2";"1";"2";"1";""
"202400005778";"155771612";"B01";"2";"7";"0";"2";"4";"2";"1";""
"202400005779";"155771609";"A01";"2";"7";"0";"2";"3";"11";"1";""
"202400005779";"155771610";"B01";"2";"33";"0";"2";"7";"3";"1";""
"202400005780";"155771608";"A01";"1";"7";"0";"2";"1";"2";"4";""
"202400005781";"155771606";"B01";"2";"7";"0";"2";"6";"0";"1";""
"202400005781";"155771607";"A01";"2";"7";"0";"2";"3";"0";"1";""
"202400005782";"155771604";"A01";"3";"33";"0";"2";"7";"10";"1";""
"202400005782";"155771605";"B01";"3";"7";"0";"2";"1";"26";"1";""
"202400005783";"155771601";"B01";"1";"7";"0";"2";"4";"2";"1";""
"202400005783";"155771602";"C01";"1";"7";"0";"2";"4";"2";"1";""
"202400005783";"155771603";"A01";"1";"7";"0";"2";"1";"2";"1";""
"202400005784";"155771599";"A01";"1";"33";"0";"2";"7";"1";"1";""
"202400005784";"155771600";"B01";"1";"7";"0";"2";"8";"13";"1";""
"202400005785";"155771596";"B01";"3";"50";"0";"2";"0";"1";"3";""
"202400005785";"155771598";"A01";"1";"50";"0";"2";"1";"26";"3";""
"202400005786";"155771595";"A01";"3";"7";"0";"2";"1";"15";"1";""
"202400005786";"155771597";"B01";"3";"1";"0";"2";"1";"25";"5";""
"202400005787";"155771594";"A01";"1";"30";"0";"1";"1";"1";"1";""
"202400005788";"155771591";"A01";"1";"34";"0";"2";"1";"1";"3";""
"202400005788";"155771593";"B01";"2";"7";"0";"2";"1";"15";"1";""
"202400005789";"155771592";"A01";"2";"1";"0";"0";"0";"0";"5";""
"202400005790";"155771589";"A01";"3";"7";"13";"0";"1";"20";"2";""
"202400005791";"155771588";"A01";"3";"7";"0";"2";"7";"2";"1";""
"202400005791";"155771590";"B01";"3";"7";"0";"2";"3";"24";"1";""
"202400005792";"155771587";"A01";"2";"7";"0";"1";"1";"1";"1";""
"202400005793";"155771584";"B01";"2";"2";"0";"2";"0";"0";"1";""
"202400005793";"155771586";"A01";"0";"7";"0";"2";"1";"9";"2";""
"202400005794";"155771583";"A01";"1";"7";"0";"2";"8";"1";"1";""
"202400005794";"155771585";"B01";"1";"32";"0";"2";"1";"21";"1";""
"202400005795";"155771582";"A01";"1";"33";"0";"0";"0";"0";"1";""
"202400005796";"155771581";"Z01";"3";"99";"0";"1";"4";"21";"0";""
"202400005797";"155771578";"A01";"1";"7";"0";"2";"3";"11";"1";""
"202400005797";"155771580";"B01";"2";"2";"0";"2";"8";"2";"1";""
"202400005798";"155771577";"B01";"0";"7";"0";"2";"2";"0";"1";""
"202400005798";"155771579";"A01";"1";"7";"0";"2";"0";"0";"1";""
"202400005799";"155771574";"A01";"2";"30";"0";"2";"3";"18";"3";""
"202400005799";"155771576";"B01";"2";"7";"0";"2";"7";"2";"1";""
"202400005800";"155771573";"A01";"1";"7";"0";"2";"1";"1";"1";""
"202400005800";"155771575";"B01";"1";"50";"0";"0";"7";"1";"3";""
"202400005801";"155771572";"A01";"2";"7";"1";"0";"1";"26";"1";""
"202400005802";"155771568";"A01";"1";"30";"0";"2";"1";"1";"1";""
"202400005802";"155771570";"B01";"2";"7";"0";"2";"8";"16";"2";""
"202400005803";"155771569";"B01";"0";"10";"0";"2";"4";"1";"1";""
"202400005803";"155771571";"A01";"0";"32";"0";"2";"1";"1";"1";""
"202400005804";"155771567";"A01";"1";"33";"0";"0";"0";"0";"1";""
"202400005805";"155771565";"B01";"1";"34";"0";"2";"7";"2";"1";""
"202400005805";"155771566";"A01";"1";"7";"0";"2";"3";"11";"1";""
"202400005806";"155771563";"A01";"2";"10";"0";"2";"1";"2";"1";""
"202400005806";"155771564";"B01";"2";"7";"0";"2";"4";"1";"1";""
"202400005807";"155771560";"A01";"1";"34";"12";"2";"8";"1";"1";""
"202400005807";"155771561";"B01";"3";"7";"0";"9";"8";"1";"1";""
"202400005808";"155771559";"B01";"2";"2";"0";"2";"1";"1";"1";""
"202400005808";"155771562";"A01";"1";"7";"0";"2";"7";"15";"1";""
"202400005809";"155771557";"A01";"1";"7";"0";"2";"8";"16";"1";""
"202400005809";"155771558";"B01";"1";"99";"0";"2";"7";"16";"3";""
"202400005810";"155771554";"A01";"2";"7";"0";"1";"2";"1";"1";""
"202400005811";"155771555";"A01";"1";"10";"0";"2";"2";"1";"1";""
"202400005811";"155771556";"B01";"0";"1";"0";"2";"8";"25";"5";""
"202400005812";"155771550";"B01";"1";"33";"0";"2";"4";"23";"1";""
"202400005812";"155771553";"A01";"1";"7";"0";"2";"1";"0";"1";""
"202400005813";"155771549";"C01";"1";"17";"0";"0";"0";"24";"1";""
"202400005813";"155771551";"A01";"2";"37";"1";"0";"0";"12";"0";"1"
"202400005813";"155771552";"B01";"2";"50";"1";"2";"3";"3";"3";""
"202400005814";"155771548";"A01";"3";"7";"0";"1";"3";"15";"1";""
"202400005815";"155771547";"A01";"1";"43";"0";"2";"1";"19";"1";""
"202400005816";"155771545";"A01";"1";"7";"0";"1";"4";"4";"1";""
"202400005817";"155771544";"A01";"1";"7";"0";"2";"6";"1";"1";""
"202400005817";"155771546";"B01";"3";"10";"0";"2";"1";"2";"1";""
"202400005818";"155771542";"A01";"1";"7";"0";"2";"0";"13";"1";""
"202400005819";"155771541";"A01";"1";"30";"1";"0";"6";"11";"1";""
"202400005819";"155771543";"B01";"1";"10";"1";"0";"6";"11";"1";""
"202400005820";"155771540";"A01";"3";"7";"0";"1";"1";"1";"1";""
"202400005821";"155771538";"A01";"1";"7";"1";"2";"3";"16";"1";""
"202400005821";"155771539";"B01";"1";"30";"0";"0";"2";"0";"1";""
"202400005822";"155771536";"A01";"2";"10";"0";"2";"3";"21";"1";""
"202400005822";"155771537";"B01";"1";"30";"0";"2";"9";"0";"1";""
"202400005823";"155771533";"A01";"3";"7";"0";"1";"2";"1";"2";""
"202400005824";"155771534";"B01";"0";"7";"0";"2";"6";"15";"1";""
"202400005824";"155771535";"A01";"0";"7";"0";"2";"3";"15";"1";""