"Num_Acc";"id_vehicule";"num_veh";"senc";"catv";"obs";"obsm";"choc";"manv";"motor";"occutc"
"202400005825";"155771529";"B01";"1";"10";"0";"2";"4";"1";"1";""
"202400005825";"155771532";"A01";"1";"10";"0";"2";"1";"1";"1";""
"202400005826";"155771530";"A01";"1";"15";"0";"2";"3";"15";"1";""
"202400005826";"155771531";"B01";"1";"7";"0";"2";"2";"17";"1";""
"202400005827";"155771525";"A01";"1";"10";"0";"2";"8";"1";"1";""
"202400005827";"155771528";"B01";"2";"10";"0";"2";"6";"1";"1";""
"202400005828";"155771526";"A01";"1";"7";"0";"2";"1";"2";"1";""
"202400005828";"155771527";"B01";"1";"7";"15";"0";"4";"0";"1";""
"202400005829";"155771522";"B01";"0";"50";"0";"2";"1";"0";"3";""
"202400005829";"155771523";"A01";"0";"7";"9";"2";"1";"26";"1";""
"202400005830";"155771521";"B01";"1";"10";"0";"2";"7";"23";"3";""
"202400005830";"155771524";"A01";"1";"1";"0";"2";"1";"3";"5";""
"202400005831";"155771519";"A01";"1";"7";"8";"0";"1";"19";"1";""
"202400005832";"155771518";"A01";"2";"7";"0";"2";"3";"1";"1";""
"202400005832";"155771520";"B01";"2";"33";"0";"2";"8";"16";"1";""
"202400005833";"155771517";"A01";"0";"31";"0";"2";"4";"1";"1";""
"202400005834";"155771516";"Z01";"1";"10";"0";"1";"0";"26";"0";""
"202400005835";"155771514";"A01";"1";"7";"0";"2";"3";"9";"2";""
"202400005835";"155771515";"B01";"1";"50";"0";"2";"7";"1";"3";""
"202400005836";"155771512";"A01";"2";"7";"0";"2";"1";"2";"1";""
"202400005836";"155771513";"B01";"2";"80";"0";"0";"4";"2";"3";""
"202400005837";"155771510";"A01";"1";"7";"0";"2";"3";"11";"3";""
"202400005837";"155771511";"B01";"1";"2";"0";"2";"9";"2";"1";""
"202400005838";"155771509";"A01";"1";"7";"0";"1";"1";"1";"2";""
"202400005839";"155771507";"A01";"2";"7";"0";"2";"1";"9";"1";""
"202400005839";"155771508";"B01";"1";"2";"0";"2";"1";"1";"1";""
"202400005840";"155771506";"A01";"1";"7";"1";"0";"7";"4";"1";""
"202400005841";"155771502";"A01";"2";"33";"1";"0";"1";"1";"1";""
"202400005842";"155771503";"B01";"2";"10";"0";"2";"0";"15";"0";""
"202400005842";"155771504";"A01";"1";"7";"0";"2";"2";"0";"1";""
"202400005843";"155771500";"A01";"2";"7";"0";"2";"3";"15";"1";""
"202400005843";"155771501";"B01";"2";"2";"0";"2";"2";"17";"1";""
"202400005844";"155771499";"A01";"1";"7";"0";"1";"1";"1";"1";""
"202400005845";"155771497";"A01";"1";"7";"12";"0";"1";"1";"1";""
"202400005846";"155771496";"A01";"1";"7";"6";"2";"1";"1";"1";""
"202400005846";"155771498";"B01";"1";"7";"0";"2";"2";"1";"1";""
"202400005847";"155771495";"A01";"1";"7";"0";"1";"4";"20";"1";""
"202400005848";"155771494";"A01";"3";"50";"12";"0";"1";"16";"3";""
"202400005849";"155771493";"A01";"2";"13";"6";"0";"1";"1";"1";""
"202400005850";"155771490";"A01";"3";"7";"0";"2";"1";"15";"1";""
"202400005850";"155771492";"B01";"3";"7";"0";"2";"1";"1";"1";""
"202400005851";"155771489";"B01";"1";"7";"0";"2";"1";"1";"1";""
"202400005851";"155771491";"A01";"1";"7";"0";"2";"3";"1";"1";""
"202400005852";"155771486";"B01";"2";"7";"0";"2";"3";"15";"1";""
"202400005852";"155771488";"A01";"1";"7";"0";"2";"7";"16";"1";""
"202400005853";"155771484";"A01";"1";"7";"0";"2";"1";"0";"1";""
"202400005853";"155771485";"B01";"1";"2";"0";"0";"4";"0";"1";""
"202400005853";"155771487";"C01";"1";"10";"0";"2";"4";"0";"1";""
"202400005854";"155771479";"A01";"3";"37";"0";"2";"7";"1";"1";"2"
"202400005854";"155771482";"B01";"3";"10";"0";"2";"4";"4";"1";""
"202400005855";"155771476";"A01";"2";"7";"0";"2";"2";"15";"1";""
"202400005855";"155771478";"B01";"2";"43";"0";"2";"1";"1";"1";""
"202400005856";"155771475";"A01";"1";"7";"0";"2";"5";"15";"1";""
"202400005856";"155771477";"B01";"2";"33";"0";"2";"1";"1";"1";""
"202400005857";"155771472";"B01";"3";"1";"0";"2";"4";"19";"5";""
"202400005857";"155771474";"A01";"3";"7";"0";"2";"1";"23";"1";""
"202400005858";"155771473";"A01";"3";"7";"0";"1";"3";"1";"1";""
"202400005859";"155771469";"A01";"1";"7";"0";"2";"1";"2";"1";""
"202400005859";"155771471";"B01";"1";"7";"0";"2";"4";"2";"1";""
"202400005860";"155771466";"A01";"1";"7";"0";"2";"1";"2";"1";""
"202400005860";"155771468";"B01";"1";"1";"0";"2";"4";"1";"5";""
"202400005861";"155771465";"B01";"3";"50";"0";"2";"5";"1";"3";""
"202400005861";"155771467";"A01";"3";"7";"0";"2";"1";"0";"1";""
"202400005862";"155771463";"A01";"2";"33";"0";"2";"1";"2";"1";""
"202400005862";"155771464";"B01";"2";"33";"0";"2";"4";"1";"1";""
"202400005863";"155771461";"A01";"2";"30";"0";"2";"7";"1";"1";""
"202400005863";"155771462";"B01";"1";"7";"0";"2";"2";"1";"1";""
"202400005864";"155771459";"A01";"3";"33";"0";"2";"0";"1";"1";""
"202400005864";"155771460";"B01";"3";"7";"0";"2";"5";"9";"1";""
"202400005865";"155771457";"A01";"1";"7";"0";"2";"1";"1";"1";""
"202400005865";"155771458";"B01";"1";"7";"0";"2";"4";"1";"1";""
"202400005866";"155771452";"D01";"1";"7";"0";"2";"1";"2";"1";""
"202400005866";"155771453";"C01";"1";"7";"0";"2";"4";"2";"1";""
"202400005866";"155771455";"A01";"1";"7";"0";"2";"6";"21";"1";""
"202400005866";"155771456";"B01";"1";"7";"0";"2";"2";"2";"1";""
"202400005867";"155771451";"B01";"1";"7";"0";"2";"1";"1";"1";""
"202400005867";"155771454";"A01";"1";"7";"14";"2";"1";"1";"1";""
"202400005868";"155771449";"A01";"1";"33";"0";"2";"9";"14";"1";""
"202400005868";"155771450";"B01";"1";"7";"0";"2";"6";"1";"1";""
"202400005869";"155771446";"A01";"3";"7";"2";"0";"1";"1";"1";""
"202400005870";"155771447";"A01";"1";"7";"0";"2";"2";"1";"1";""
"202400005870";"155771448";"B01";"2";"7";"0";"2";"5";"15";"2";""
"202400005871";"155771443";"A01";"0";"7";"0";"2";"1";"1";"1";""
"202400005871";"155771445";"B01";"0";"7";"0";"2";"8";"1";"1";""
"202400005872";"155771442";"A01";"3";"7";"0";"2";"3";"15";"1";""
"202400005872";"155771444";"B01";"3";"33";"0";"2";"8";"1";"1";""
"202400005873";"155771438";"A01";"2";"7";"0";"2";"2";"9";"1";""
"202400005873";"155771439";"B01";"1";"33";"0";"2";"1";"1";"1";""
"202400005874";"155771437";"A01";"3";"50";"0";"1";"1";"21";"3";""
"202400005875";"155771436";"A01";"2";"7";"13";"0";"3";"1";"1";""
"202400005876";"155771434";"B01";"1";"80";"0";"2";"3";"19";"3";""
"202400005876";"155771435";"A01";"1";"31";"0";"2";"1";"17";"1";""
"202400005877";"155771433";"A01";"3";"7";"8";"0";"3";"1";"1";""
"202400005878";"155771432";"A01";"3";"10";"0";"1";"3";"15";"1";""
"202400005879";"155771428";"A01";"2";"7";"0";"2";"3";"13";"1";""
"202400005879";"155771430";"B01";"1";"33";"0";"2";"8";"1";"1";""
"202400005879";"155771431";"C01";"1";"7";"0";"2";"6";"1";"1";""
"202400005880";"155771427";"A01";"2";"7";"0";"1";"1";"9";"1";""
"202400005881";"155771426";"A01";"1";"7";"0";"2";"2";"2";"1";""
"202400005881";"155771429";"B01";"1";"7";"0";"2";"8";"15";"1";""
"202400005882";"155771423";"A01";"1";"7";"0";"2";"1";"1";"1";""
"202400005882";"155771424";"B01";"1";"7";"0";"0";"2";"1";"1";""
"202400005882";"155771425";"C01";"2";"7";"0";"0";"3";"1";"1";""
"202400005883";"155771420";"A01";"3";"7";"0";"9";"1";"9";"1";""
"202400005883";"155771421";"B01";"3";"1";"0";"2";"7";"1";"5";""
"202400005884";"155771416";"A01";"2";"2";"0";"2";"3";"13";"1";""
"202400005884";"155771419";"B01";"1";"10";"0";"2";"8";"1";"1";""
"202400005885";"155771415";"A01";"1";"7";"8";"0";"8";"1";"1";""
"202400005886";"155771414";"C01";"1";"7";"0";"2";"2";"2";"1";""
"202400005886";"155771417";"B01";"1";"7";"0";"2";"4";"1";"1";""
"202400005886";"155771418";"A01";"1";"7";"0";"2";"1";"11";"1";""
"202400005887";"155771413";"A01";"3";"7";"0";"1";"2";"1";"1";""
"202400005888";"155771408";"A01";"2";"7";"0";"2";"1";"21";"1";""
"202400005888";"155771411";"B01";"2";"7";"0";"2";"1";"16";"1";""
"202400005888";"155771412";"C01";"1";"7";"0";"2";"1";"13";"2";""
"202400005889";"155771406";"A01";"1";"7";"0";"2";"4";"2";"1";""
"202400005889";"155771407";"B01";"1";"7";"0";"2";"1";"0";"1";""
"202400005890";"155771405";"A01";"3";"7";"0";"1";"2";"1";"3";""
"202400005891";"155771403";"A01";"2";"7";"3";"2";"1";"26";"1";""
"202400005891";"155771404";"B01";"2";"7";"0";"2";"4";"2";"1";""
"202400005892";"155771401";"A01";"2";"7";"1";"2";"3";"1";"1";""
"202400005892";"155771402";"B01";"1";"7";"12";"2";"3";"1";"1";""
"202400005893";"155771399";"A01";"2";"7";"0";"2";"2";"26";"2";""
"202400005893";"155771400";"B01";"2";"33";"0";"2";"1";"2";"1";""
"202400005894";"155771398";"A01";"1";"7";"0";"0";"1";"0";"1";""
"202400005895";"155771395";"A01";"3";"7";"15";"0";"4";"4";"1";""
"202400005896";"155771394";"A01";"1";"7";"0";"2";"1";"12";"1";""
"202400005896";"155771396";"B01";"1";"7";"0";"2";"4";"1";"1";""
"202400005896";"155771397";"C01";"1";"10";"0";"2";"4";"0";"1";""
"202400005897";"155771392";"B01";"2";"7";"0";"2";"6";"11";"1";""
"202400005897";"155771393";"A01";"2";"33";"4";"2";"7";"21";"1";""
"202400005898";"155771390";"A01";"2";"7";"0";"2";"0";"1";"1";""
"202400005898";"155771391";"B01";"1";"50";"0";"2";"1";"1";"3";""
"202400005899";"155771388";"A01";"1";"33";"0";"2";"1";"2";"1";""
"202400005899";"155771389";"B01";"1";"14";"0";"2";"4";"2";"1";""
"202400005900";"155771386";"A01";"2";"7";"0";"2";"1";"2";"1";""
"202400005900";"155771387";"B01";"2";"7";"0";"2";"4";"23";"1";""
"202400005901";"155771385";"A01";"2";"14";"0";"1";"0";"1";"1";""
"202400005902";"155771382";"A01";"2";"7";"0";"2";"2";"12";"1";""
"202400005902";"155771384";"B01";"2";"43";"0";"2";"3";"3";"1";""
"202400005903";"155771381";"A01";"3";"50";"0";"2";"0";"1";"3";""
"202400005903";"155771383";"B01";"3";"10";"0";"2";"1";"1";"1";""
"202400005904";"155771377";"A01";"1";"7";"0";"2";"4";"2";"1";""
"202400005904";"155771379";"B01";"1";"7";"0";"2";"4";"2";"1";""
"202400005904";"155771380";"C01";"1";"7";"0";"2";"1";"2";"3";""
"202400005905";"155771374";"A01";"2";"7";"0";"2";"4";"12";"1";""
"202400005905";"155771375";"B01";"2";"7";"0";"2";"1";"1";"3";""
"202400005906";"155771372";"A01";"1";"32";"0";"2";"1";"1";"1";""
"202400005906";"155771373";"B01";"1";"7";"0";"2";"5";"1";"1";""
"202400005907";"155771370";"B01";"1";"30";"0";"2";"1";"1";"1";""
"202400005907";"155771371";"A01";"0";"10";"0";"2";"7";"15";"1";""
"202400005908";"155771368";"A01";"1";"7";"0";"2";"1";"21";"1";""
"202400005908";"155771369";"B01";"1";"7";"0";"2";"4";"1";"3";""
"202400005909";"155771365";"B01";"1";"7";"0";"2";"4";"1";"1";""
"202400005909";"155771367";"A01";"1";"33";"0";"2";"1";"3";"1";""
"202400005910";"155771363";"B01";"1";"7";"9";"2";"3";"1";"1";""
"202400005910";"155771366";"A01";"2";"7";"0";"2";"1";"15";"1";""
"202400005911";"155771362";"A01";"1";"17";"0";"2";"2";"14";"1";""
"202400005911";"155771364";"B01";"1";"7";"0";"2";"8";"1";"1";""
"202400005912";"155771358";"A01";"1";"7";"0";"2";"1";"2";"1";""
"202400005912";"155771360";"B01";"1";"7";"0";"2";"4";"2";"1";""
"202400005913";"155771359";"A01";"3";"7";"1";"0";"3";"13";"1";""
"202400005913";"155771361";"B01";"0";"7";"0";"0";"3";"24";"1";""
"202400005914";"155771354";"B01";"1";"32";"0";"2";"4";"1";"1";""
"202400005914";"155771356";"Z01";"1";"7";"0";"2";"1";"2";"0";""
"202400005915";"155771353";"B01";"2";"7";"0";"2";"1";"2";"1";""
"202400005915";"155771355";"C01";"2";"10";"0";"2";"1";"2";"1";""
"202400005915";"155771357";"A01";"2";"10";"0";"2";"4";"2";"1";""
"202400005916";"155771352";"A01";"1";"1";"14";"0";"1";"15";"5";""
"202400005917";"155771350";"A01";"1";"7";"1";"0";"1";"1";"1";""
"202400005917";"155771351";"B01";"1";"13";"0";"2";"4";"23";"1";""
"202400005918";"155771348";"A01";"1";"31";"0";"2";"1";"17";"1";""
"202400005918";"155771349";"B01";"1";"10";"0";"2";"3";"15";"1";""
"202400005919";"155771344";"A01";"1";"7";"0";"2";"1";"1";"1";""
"202400005919";"155771346";"B01";"1";"7";"0";"2";"4";"1";"1";""
"202400005919";"155771347";"C01";"1";"7";"0";"2";"4";"1";"1";""
"202400005920";"155771343";"A01";"1";"10";"4";"0";"2";"15";"1";""
"202400005921";"155771342";"A01";"1";"14";"0";"1";"2";"5";"6";""
"202400005922";"155771340";"B01";"3";"7";"0";"2";"8";"23";"1";""
"202400005922";"155771341";"A01";"3";"7";"0";"2";"1";"14";"1";""
"202400005923";"155771337";"A01";"0";"7";"4";"2";"1";"1";"1";""
"202400005923";"155771339";"B01";"0";"3";"4";"2";"9";"13";"1";""
"202400005924";"155771336";"B01";"3";"7";"0";"2";"2";"23";"1";""
"202400005924";"155771338";"A01";"3";"7";"1";"2";"3";"1";"1";""
"202400005925";"155771335";"A01";"2";"33";"1";"0";"3";"0";"1";""
"202400005926";"155771334";"A01";"3";"36";"8";"0";"1";"25";"1";""
"202400005927";"155771331";"B01";"2";"60";"0";"2";"1";"1";"5";""
"202400005927";"155771333";"A01";"1";"7";"0";"2";"7";"15";"1";""
"202400005928";"155771328";"A01";"1";"7";"0";"9";"0";"9";"1";""
"202400005928";"155771329";"B01";"1";"50";"0";"2";"0";"9";"3";""
"202400005929";"155771330";"A01";"1";"30";"14";"2";"1";"9";"1";""
"202400005929";"155771332";"B01";"1";"7";"0";"2";"3";"1";"1";""
"202400005930";"155771325";"A01";"3";"30";"0";"2";"1";"3";"1";""
"202400005930";"155771326";"C01";"3";"7";"0";"2";"7";"1";"1";""
"202400005930";"155771327";"B01";"3";"7";"0";"2";"3";"1";"2";""
"202400005931";"155771322";"A01";"1";"7";"0";"2";"4";"1";"1";""
"202400005931";"155771323";"B01";"1";"7";"0";"2";"1";"1";"1";""
"202400005932";"155771320";"A01";"3";"30";"0";"2";"8";"15";"3";""
"202400005932";"155771321";"B01";"3";"7";"0";"2";"7";"1";"1";""
"202400005933";"155771319";"A01";"1";"7";"0";"2";"8";"21";"0";""
"202400005933";"155771324";"B01";"1";"33";"0";"2";"2";"17";"1";""
"202400005934";"155771317";"A01";"2";"1";"0";"1";"1";"1";"5";""
"202400005934";"155771318";"B01";"2";"1";"0";"2";"4";"23";"5";""
"202400005935";"155771316";"A01";"1";"10";"0";"1";"1";"1";"1";""
"202400005936";"155771313";"A01";"2";"1";"0";"2";"1";"1";"5";""
"202400005936";"155771314";"B01";"2";"1";"0";"2";"8";"9";"5";""
"202400005937";"155771312";"A01";"1";"7";"0";"2";"6";"1";"1";""
"202400005937";"155771315";"B01";"1";"1";"0";"2";"1";"19";"5";""
"202400005938";"155771310";"A01";"2";"7";"0";"2";"2";"16";"1";""
"202400005938";"155771311";"B01";"2";"80";"0";"2";"8";"16";"3";""
"202400005939";"155771307";"A01";"3";"7";"0";"2";"3";"1";"1";""
"202400005939";"155771309";"B01";"3";"36";"0";"2";"2";"1";"3";""
"202400005940";"155771308";"A01";"3";"7";"0";"1";"3";"9";"2";""
"202400005941";"155771305";"B01";"2";"1";"0";"2";"8";"1";"5";""
"202400005941";"155771306";"A01";"2";"7";"0";"2";"7";"22";"2";""
"202400005942";"155771303";"B01";"1";"7";"0";"2";"4";"1";"1";""
"202400005942";"155771304";"A01";"1";"7";"0";"2";"1";"1";"1";""
"202400005943";"155771302";"A01";"1";"1";"12";"0";"2";"13";"5";""
"202400005944";"155771299";"B01";"2";"7";"0";"2";"3";"9";"1";""
"202400005944";"155771301";"A01";"2";"33";"0";"2";"7";"1";"1";""
"202400005945";"155771297";"A01";"3";"10";"0";"2";"3";"9";"1";""
"202400005945";"155771300";"B01";"3";"31";"0";"2";"1";"1";"3";""
"202400005946";"155771294";"A01";"3";"50";"0";"0";"0";"1";"3";""
"202400005947";"155771293";"A01";"2";"7";"2";"0";"2";"1";"1";""
"202400005948";"155771292";"D01";"0";"10";"0";"0";"0";"0";"0";""
"202400005948";"155771295";"B01";"3";"10";"0";"0";"0";"0";"0";""
"202400005948";"155771296";"C01";"3";"10";"0";"0";"0";"0";"0";""
"202400005948";"155771298";"A01";"3";"10";"0";"0";"0";"0";"0";""
"202400005949";"155771290";"A01";"2";"2";"2";"0";"3";"14";"1";""
"202400005950";"155771288";"A01";"3";"7";"0";"2";"0";"1";"0";""
"202400005950";"155771289";"B01";"3";"7";"0";"2";"0";"1";"1";""
"202400005951";"155771287";"A01";"1";"7";"0";"2";"2";"1";"1";""
"202400005951";"155771291";"B01";"2";"7";"0";"2";"1";"16";"1";""
"202400005952";"155771285";"A01";"1";"2";"0";"2";"7";"1";"1";""
"202400005952";"155771286";"B01";"1";"7";"0";"2";"1";"1";"1";""
"202400005953";"155771282";"B01";"3";"30";"0";"2";"1";"1";"1";""
"202400005953";"155771284";"A01";"3";"7";"0";"2";"6";"13";"1";""
"202400005954";"155771283";"A01";"1";"7";"0";"1";"2";"15";"1";""
"202400005955";"155771279";"A01";"3";"50";"0";"1";"0";"1";"3";""
"202400005956";"155771280";"A01";"2";"7";"0";"2";"3";"13";"1";""
"202400005956";"155771281";"B01";"2";"7";"0";"2";"3";"1";"1";""
"202400005957";"155771278";"A01";"1";"7";"3";"0";"2";"9";"1";""
"202400005958";"155771276";"A01";"1";"7";"0";"2";"1";"1";"1";""
"202400005958";"155771277";"B01";"3";"50";"0";"2";"8";"19";"3";""
"202400005959";"155771275";"A01";"0";"7";"0";"1";"1";"1";"1";""
"202400005960";"155771274";"A01";"0";"7";"2";"0";"3";"1";"3";""
"202400005961";"155771271";"A01";"3";"1";"0";"2";"1";"16";"5";""
"202400005961";"155771273";"B01";"0";"1";"0";"2";"4";"16";"5";""
"202400005962";"155771270";"B01";"1";"1";"0";"2";"0";"1";"5";""
"202400005962";"155771272";"A01";"1";"1";"0";"2";"1";"15";"5";""
"202400005963";"155771268";"A01";"1";"7";"13";"0";"1";"1";"1";""
"202400005964";"155771267";"B01";"3";"50";"0";"2";"7";"19";"3";""
"202400005964";"155771269";"A01";"1";"7";"0";"2";"1";"1";"2";""
"202400005965";"155771264";"B01";"2";"43";"0";"2";"1";"3";"1";""
"202400005965";"155771265";"C01";"2";"7";"0";"2";"8";"23";"1";""
"202400005965";"155771266";"A01";"1";"99";"0";"2";"1";"26";"1";""
"202400005966";"155771262";"A01";"1";"50";"1";"2";"0";"0";"3";""
"202400005966";"155771263";"B01";"1";"7";"1";"0";"0";"0";"0";""
"202400005967";"155771261";"A01";"2";"7";"17";"0";"1";"0";"1";""
"202400005968";"155771259";"A01";"2";"10";"0";"2";"1";"15";"1";""
"202400005968";"155771260";"B01";"1";"31";"0";"2";"8";"1";"1";""
"202400005969";"155771257";"B01";"3";"1";"0";"2";"0";"0";"5";""
"202400005969";"155771258";"A01";"2";"7";"1";"0";"8";"22";"1";""
"202400005970";"155771255";"A01";"1";"7";"3";"0";"8";"1";"1";""
"202400005971";"155771256";"A01";"3";"7";"16";"0";"0";"14";"1";""
"202400005972";"155771253";"A01";"3";"7";"0";"2";"3";"15";"1";""
"202400005972";"155771254";"B01";"3";"33";"0";"2";"1";"1";"1";""
"202400005973";"155771252";"Z01";"0";"32";"0";"1";"1";"26";"0";""
"202400005974";"155771249";"A01";"2";"7";"0";"2";"1";"1";"1";""
"202400005974";"155771251";"B01";"2";"7";"0";"2";"1";"0";"1";""
"202400005975";"155771246";"A01";"3";"50";"0";"2";"1";"1";"3";""
"202400005975";"155771248";"B01";"3";"15";"0";"2";"8";"19";"1";""
"202400005976";"155771245";"A01";"1";"33";"3";"0";"1";"2";"1";""
"202400005977";"155771244";"C01";"3";"7";"0";"2";"1";"26";"1";""
"202400005977";"155771247";"B01";"2";"33";"0";"2";"8";"1";"1";""
"202400005977";"155771250";"A01";"1";"7";"0";"2";"1";"15";"1";""
"202400005978";"155771241";"A01";"2";"33";"0";"5";"1";"1";"1";""
"202400005979";"155771243";"A01";"0";"33";"0";"0";"3";"14";"1";""
"202400005980";"155771242";"A01";"2";"80";"1";"0";"1";"13";"3";""
"202400005981";"155771240";"A01";"2";"50";"1";"0";"1";"1";"3";""
"202400005982";"155771239";"A01";"1";"7";"2";"0";"1";"14";"1";""
"202400005983";"155771235";"A01";"0";"10";"3";"0";"1";"1";"1";""
"202400005984";"155771232";"A01";"2";"7";"13";"0";"3";"1";"1";""
"202400005985";"155771231";"A01";"3";"10";"0";"2";"2";"5";"1";""
"202400005985";"155771233";"C01";"3";"7";"0";"0";"3";"26";"1";""
"202400005985";"155771234";"B01";"3";"7";"0";"0";"6";"2";"3";""
"202400005985";"155771236";"D01";"3";"7";"0";"0";"8";"26";"2";""
"202400005986";"155771229";"A01";"1";"7";"8";"0";"3";"1";"1";""
"202400005987";"155771225";"A01";"2";"7";"2";"0";"1";"1";"1";""
"202400005988";"155771226";"A01";"3";"14";"0";"2";"1";"1";"1";""
"202400005988";"155771228";"B01";"3";"7";"0";"2";"1";"13";"1";""
"202400005988";"155771230";"C01";"3";"7";"0";"2";"1";"2";"3";""
"202400005989";"155771224";"B01";"1";"33";"0";"2";"4";"23";"1";""
"202400005989";"155771227";"A01";"1";"7";"0";"2";"1";"1";"1";""
"202400005990";"155771222";"A01";"1";"2";"0";"0";"8";"1";"1";""
"202400005991";"155771220";"A01";"3";"7";"13";"0";"1";"1";"1";""
"202400005992";"155771219";"A01";"1";"7";"0";"2";"1";"1";"1";""
"202400005992";"155771221";"B01";"1";"7";"0";"2";"2";"1";"1";""
"202400005992";"155771223";"C01";"1";"7";"0";"2";"4";"0";"2";""
"202400005993";"155771218";"A01";"2";"7";"4";"0";"0";"1";"1";""
"202400005994";"155771215";"A01";"2";"7";"0";"1";"2";"1";"1";""
"202400005995";"155771214";"A01";"1";"7";"0";"0";"0";"1";"1";""
"202400005996";"155771211";"A01";"1";"7";"8";"0";"1";"2";"1";""
"202400005997";"155771210";"A01";"3";"7";"0";"1";"2";"16";"1";""
"202400005998";"155771209";"A01";"3";"33";"0";"2";"3";"1";"1";""
"202400005998";"155771212";"B01";"3";"7";"0";"2";"3";"1";"1";""
"202400005999";"155771208";"A01";"2";"7";"2";"0";"1";"13";"1";""
"202400006000";"155771205";"A01";"2";"7";"0";"2";"1";"2";"1";""
"202400006000";"155771206";"B01";"2";"7";"0";"0";"4";"2";"1";""
"202400006001";"155771204";"A01";"1";"7";"0";"0";"9";"2";"1";""
"202400006002";"155771203";"A01";"3";"7";"0";"2";"3";"9";"1";""
"202400006002";"155771207";"B01";"3";"50";"0";"2";"2";"1";"3";""
"202400006003";"155771202";"A01";"1";"10";"0";"0";"1";"26";"1";""
"202400006004";"155771201";"A01";"2";"7";"8";"0";"1";"1";"1";""
"202400006005";"155771199";"A01";"1";"7";"2";"0";"2";"14";"1";""
"202400006006";"155771200";"A01";"3";"36";"0";"0";"9";"0";"1";""
"202400006007";"155771198";"A01";"2";"7";"0";"1";"1";"16";"1";""
"202400006008";"155771197";"A01";"2";"7";"6";"0";"3";"1";"1";""
"202400006009";"155771193";"A01";"3";"7";"6";"0";"2";"1";"1";""
"202400006010";"155771194";"A01";"1";"7";"0";"0";"8";"15";"1";""
"202400006010";"155771196";"B01";"2";"33";"0";"2";"1";"1";"1";""
"202400006011";"155771191";"A01";"0";"36";"2";"0";"2";"2";"0";""
"202400006012";"155771189";"A01";"1";"7";"4";"0";"2";"1";"1";""
"202400006013";"155771186";"A01";"1";"7";"13";"0";"1";"0";"1";""
"202400006014";"155771185";"B01";"2";"1";"0";"0";"4";"2";"5";""
"202400006014";"155771188";"A01";"2";"7";"0";"2";"2";"2";"1";""
"202400006015";"155771184";"B01";"2";"1";"0";"0";"0";"0";"5";""
"202400006015";"155771187";"A01";"2";"7";"0";"9";"1";"16";"1";""
"202400006016";"155771183";"A01";"2";"7";"3";"0";"3";"1";"1";""
"202400006017";"155771181";"A01";"1";"32";"0";"0";"8";"1";"1";""
"202400006018";"155771179";"A01";"3";"7";"0";"2";"1";"1";"1";""
"202400006018";"155771182";"B01";"3";"10";"0";"2";"1";"1";"1";""
"202400006019";"155771178";"B01";"1";"2";"0";"2";"1";"17";"1";""
"202400006019";"155771180";"A01";"2";"2";"0";"2";"1";"17";"1";""
"202400006020";"155771175";"A01";"2";"34";"4";"0";"8";"1";"1";""
"202400006021";"155771176";"A01";"1";"1";"0";"2";"4";"11";"5";""
"202400006021";"155771177";"B01";"1";"10";"0";"2";"1";"1";"1";""
"202400006022";"155771171";"A01";"2";"7";"0";"0";"9";"17";"3";""
"202400006023";"155771169";"B01";"1";"7";"0";"2";"3";"1";"1";""
"202400006023";"155771172";"A01";"2";"7";"0";"2";"3";"5";"1";""
"202400006023";"155771173";"C01";"1";"10";"6";"2";"8";"1";"1";""
"202400006023";"155771174";"D01";"1";"10";"0";"2";"3";"1";"1";""
"202400006024";"155771168";"A01";"1";"7";"0";"2";"7";"2";"1";""
"202400006024";"155771170";"B01";"1";"50";"0";"2";"8";"2";"3";""
"202400006025";"155771167";"A01";"1";"7";"4";"0";"0";"0";"1";""
"202400006026";"155771164";"A01";"3";"2";"1";"0";"1";" -1";"1";""
"202400006027";"155771163";"B01";"2";"30";"0";"2";"2";"17";"1";""
"202400006027";"155771166";"A01";"2";"7";"0";"2";"3";"1";"1";""
"202400006028";"155771162";"A01";"1";"7";"7";"0";"7";"1";"2";""
"202400006028";"155771165";"B01";"1";"7";"0";"0";"1";"1";"1";""
"202400006029";"155771160";"A01";"1";"7";"0";"2";"1";"13";"1";""
"202400006029";"155771161";"B01";"2";"10";"0";"2";"1";"1";"1";""
"202400006030";"155771158";"A01";"1";"33";"13";"0";"1";"1";"1";""
"202400006031";"155771157";"A01";"2";"7";"0";"2";"1";"17";"1";""
"202400006031";"155771159";"B01";"2";"31";"0";"2";"4";"13";"1";""
"202400006032";"155771153";"B01";"2";"7";"0";"2";"1";"2";"1";""
"202400006032";"155771156";"A01";"2";"7";"0";"0";"4";"2";"2";""
"202400006033";"155771154";"A01";"1";"7";"0";"2";"2";"15";"1";""
"202400006033";"155771155";"B01";"2";"33";"0";"2";"1";"1";"1";""
"202400006034";"155771150";"B01";"3";"7";"0";"2";"2";"9";"1";""
"202400006034";"155771152";"A01";"3";"50";"0";"2";"8";"19";"3";""
"202400006035";"155771148";"B01";"1";"14";"0";"2";"1";"0";"0";""
"202400006035";"155771151";"A01";"2";"7";"0";"2";"1";"0";"1";""
"202400006036";"155771147";"A01";"1";"7";"0";"0";"2";"15";"1";""
"202400006036";"155771149";"B01";"2";"7";"0";"2";"1";"1";"1";""
"202400006037";"155771144";"A01";"2";"7";"13";"0";"3";"13";"1";""