"Num_Acc";"id_vehicule";"num_veh";"senc";"catv";"obs";"obsm";"choc";"manv";"motor";"occutc"
"202400006038";"155771143";"A01";"2";"7";"0";"2";"3";"15";"1";""
"202400006038";"155771146";"B01";"1";"60";"0";"2";"1";"1";"5";""
"202400006039";"155771142";"B01";"3";"1";"0";"2";"8";"15";"5";""
"202400006039";"155771145";"A01";"1";"7";"0";"2";"2";"0";"1";""
"202400006040";"155771141";"A01";"3";"7";"0";"0";"9";"16";"1";""
"202400006041";"155771140";"A01";"1";"7";"11";"0";"1";"1";"1";""
"202400006042";"155771138";"A01";"2";"7";"0";"2";"1";"15";"1";""
"202400006042";"155771139";"B01";"1";"33";"0";"2";"1";"1";"1";""
"202400006043";"155771136";"A01";"1";"7";"0";"9";"2";"17";"1";""
"202400006043";"155771137";"B01";"1";"1";"0";"2";"0";"2";"5";""
"202400006044";"155771135";"A01";"1";"7";"15";"0";"1";"2";"1";""
"202400006045";"155771132";"A01";"2";"7";"0";"0";"0";"11";"1";""
"202400006045";"155771134";"B01";"1";"33";"0";"0";"3";"1";"1";""
"202400006046";"155771131";"B01";"1";"7";"0";"2";"3";"1";"1";""
"202400006046";"155771133";"A01";"2";"7";"3";"2";"3";"1";"1";""
"202400006047";"155771128";"B01";"1";"7";"13";"0";"2";"17";"1";""
"202400006047";"155771130";"A01";"1";"33";"0";"2";"3";"17";"1";""
"202400006048";"155771126";"B01";"3";"33";"0";"2";"7";"17";"1";""
"202400006048";"155771129";"A01";"3";"7";"0";"2";"8";"3";"1";""
"202400006049";"155771127";"A01";"1";"7";"0";"0";"9";"0";"1";""
"202400006050";"155771122";"A01";"2";"30";"0";"2";"0";"17";"1";""
"202400006050";"155771125";"B01";"2";"7";"0";"2";"8";"15";"1";""
"202400006051";"155771121";"A01";"2";"7";"0";"2";"3";"1";"1";""
"202400006051";"155771124";"B01";"1";"7";"0";"2";"3";"1";"1";""
"202400006052";"155771120";"A01";"2";"7";"0";"0";"3";"17";"1";""
"202400006052";"155771123";"B01";"1";"7";"0";"0";"3";"1";"2";""
"202400006053";"155771115";"A01";"2";"0";"0";"0";"1";"1";"0";""
"202400006053";"155771117";"B01";"2";"50";"0";"0";"4";"1";"3";""
"202400006054";"155771116";"A01";"0";"1";"0";"2";"4";"2";"5";""
"202400006054";"155771118";"B01";"0";"1";"0";"2";"1";"2";"5";""
"202400006055";"155771114";"A01";"1";"10";"0";"2";"7";"0";"1";""
"202400006055";"155771119";"B01";"2";"7";"0";"2";"1";"0";"1";""
"202400006056";"155771112";"A01";"0";"7";"8";"0";"1";"1";"1";""
"202400006057";"155771109";"Z01";"3";"7";"0";"2";"1";"17";"0";""
"202400006057";"155771111";"A01";"3";"7";"0";"2";"8";"15";"1";""
"202400006058";"155771108";"A01";"3";"7";"13";"0";"4";"4";"1";""
"202400006059";"155771107";"A01";"1";"7";"0";"2";"3";"17";"1";""
"202400006059";"155771110";"B01";"2";"7";"0";"2";"3";"1";"1";""
"202400006059";"155771113";"C01";"2";"7";"0";"2";"3";"1";"1";""
"202400006060";"155771106";"A01";"3";"30";"16";"0";"8";"1";"1";""
"202400006061";"155771103";"A01";"2";"7";"0";"2";"1";"17";"1";""
"202400006061";"155771105";"B01";"1";"2";"0";"2";"1";"1";"1";""
"202400006062";"155771100";"B01";"1";"33";"0";"2";"1";"1";"1";""
"202400006062";"155771102";"C01";"1";"7";"0";"2";"8";"1";"1";""
"202400006062";"155771104";"A01";"2";"10";"0";"2";"3";"13";"1";""
"202400006063";"155771098";"A01";"2";"7";"0";"2";"1";"2";"1";""
"202400006063";"155771099";"B01";"2";"7";"0";"2";"4";"23";"1";""
"202400006063";"155771101";"C01";"2";"7";"0";"2";"4";"23";"1";""
"202400006064";"155771097";"A01";"1";"33";"13";"0";"1";"1";"1";""
"202400006065";"155771093";"A01";"2";"7";"0";"2";"1";"1";"1";""
"202400006065";"155771096";"B01";"2";"7";"0";"2";"4";"15";"1";""
"202400006066";"155771090";"B01";"1";"33";"0";"2";"1";"1";"1";""
"202400006066";"155771092";"A01";"2";"7";"0";"2";"3";"13";"1";""
"202400006066";"155771094";"C01";"2";"10";"0";"2";"1";"1";"1";""
"202400006067";"155771091";"B01";"3";"31";"0";"2";"1";"1";"0";""
"202400006067";"155771095";"A01";"3";"7";"0";"2";"7";"15";"1";""
"202400006068";"155771084";"C01";"2";"33";"0";"0";"4";"23";"1";""
"202400006068";"155771086";"B01";"2";"33";"0";"2";"4";"2";"1";""
"202400006068";"155771088";"A01";"2";"33";"0";"2";"1";"2";"1";""
"202400006069";"155771087";"A01";"2";"7";"11";"0";"1";"1";"1";""
"202400006070";"155771083";"A01";"2";"7";"0";"2";"8";"1";"1";""
"202400006070";"155771085";"B01";"1";"2";"0";"2";"2";"1";"1";""
"202400006071";"155771082";"A01";"2";"7";"0";"1";"1";"1";"1";""
"202400006072";"155771081";"A01";"1";"33";"0";"0";"8";"1";"1";""
"202400006073";"155771080";"A01";"1";"3";"2";"0";"2";"11";"1";""
"202400006074";"155771076";"A01";"1";"33";"6";"0";"3";"13";"1";""
"202400006075";"155771073";"A01";"1";"7";"0";"2";"5";"19";"1";""
"202400006075";"155771078";"B01";"2";"7";"0";"2";"1";"1";"1";""
"202400006076";"155771074";"B01";"2";"7";"0";"2";"0";"1";"1";""
"202400006076";"155771075";"C01";"2";"7";"0";"2";"0";"0";"1";""
"202400006076";"155771077";"A01";"2";"7";"0";"2";"3";"17";"1";""
"202400006076";"155771079";"D01";"2";"7";"0";"2";"0";"0";"1";""
"202400006077";"155771072";"A01";"2";"10";"4";"0";"1";"26";"1";""
"202400006078";"155771071";"A01";"1";"7";"0";"1";"2";"2";"1";""
"202400006079";"155771070";"A01";"1";"7";"0";"1";"5";"1";"1";""
"202400006080";"155771069";"A01";"2";"7";"4";"0";"1";"2";"1";""
"202400006081";"155771066";"B01";"3";"31";"0";"2";"1";"2";"1";""
"202400006081";"155771068";"A01";"3";"7";"0";"2";"1";"0";"1";""
"202400006082";"155771064";"B01";"1";"7";"0";"2";"2";"1";"1";""
"202400006082";"155771067";"A01";"1";"7";"10";"2";"8";"19";"1";""
"202400006083";"155771063";"A01";"1";"15";"0";"2";"2";"12";"0";""
"202400006083";"155771065";"B01";"1";"10";"0";"2";"3";"1";"0";""
"202400006084";"155771062";"A01";"3";"0";"0";"1";"0";"2";"1";""
"202400006085";"155771057";"A01";"1";"7";"0";"2";"3";"1";"1";""
"202400006085";"155771061";"B01";"2";"7";"0";"2";"3";"1";"1";""
"202400006086";"155771058";"B01";"2";"33";"0";"2";"8";"2";"1";""
"202400006086";"155771060";"A01";"2";"7";"0";"2";"7";"12";"1";""
"202400006087";"155771056";"A01";"2";"7";"0";"2";"1";"9";"1";""
"202400006087";"155771059";"B01";"2";"50";"0";"2";"1";"0";"3";""
"202400006088";"155771055";"A01";"1";"33";"13";"0";"1";"0";"1";""
"202400006089";"155771053";"A01";"3";"40";"0";"1";"2";"1";"3";""
"202400006090";"155771052";"A01";"1";"7";"0";"2";"1";"13";"1";""
"202400006090";"155771054";"B01";"1";"7";"0";"2";"5";"1";"1";""
"202400006091";"155771051";"A01";"3";"38";"0";"1";"7";"26";"1";"1"
"202400006092";"155771050";"A01";"3";"7";"0";"1";"2";"16";"1";""
"202400006093";"155771048";"A01";"1";"7";"0";"2";"1";"1";"1";""
"202400006093";"155771049";"B01";"1";"7";"0";"2";"4";"1";"1";""
"202400006094";"155771047";"A01";"1";"33";"0";"6";"1";"1";"1";""
"202400006095";"155771045";"A01";"1";"7";"4";"2";"1";"1";"1";""
"202400006096";"155771044";"A01";"2";"33";"0";"2";"1";"26";"1";""
"202400006096";"155771046";"B01";"3";"10";"0";"2";"2";"26";"1";""
"202400006097";"155771042";"A01";"1";"33";"0";"2";"3";"5";"1";""
"202400006097";"155771043";"B01";"2";"13";"0";"2";"8";"1";"1";""
"202400006098";"155771038";"A01";"2";"7";"0";"2";"1";"2";"1";""
"202400006098";"155771040";"B01";"2";"7";"0";"2";"4";"2";"1";""
"202400006098";"155771041";"C01";"2";"7";"0";"2";"4";"2";"1";""
"202400006099";"155771037";"B01";"1";"7";"0";"2";"1";"1";"1";""
"202400006099";"155771039";"A01";"2";"50";"0";"2";"1";"5";"3";""
"202400006100";"155771035";"A01";"1";"7";"0";"2";"3";"9";"1";""
"202400006100";"155771036";"B01";"1";"31";"0";"2";"1";"1";"1";""
"202400006101";"155771034";"A01";"2";"7";"4";"0";"4";"1";"1";""
"202400006102";"155771032";"A01";"3";"7";"0";"2";"2";"1";"1";""
"202400006102";"155771033";"B01";"3";"50";"0";"2";"4";"1";"3";""
"202400006103";"155771031";"A01";"1";"10";"3";"0";"1";"1";"1";""
"202400006104";"155771028";"B01";"2";"33";"0";"2";"2";"1";"1";""
"202400006104";"155771030";"A01";"2";"7";"0";"0";"6";"1";"1";""
"202400006105";"155771026";"B01";"3";"7";"0";"2";"6";"23";"1";""
"202400006105";"155771029";"A01";"2";"10";"0";"2";"2";"14";"1";""
"202400006106";"155771024";"A01";"1";"33";"13";"0";"9";"1";"1";""
"202400006107";"155771022";"A01";"1";"7";"0";"1";"2";"1";"1";""
"202400006108";"155771023";"B01";"1";"7";"0";"2";"4";"2";"1";""
"202400006108";"155771025";"A01";"1";"7";"0";"2";"4";"2";"1";""
"202400006108";"155771027";"Z01";"1";"7";"0";"2";"1";"0";"1";""
"202400006109";"155771020";"A01";"3";"2";"0";"2";"1";"1";"0";""
"202400006109";"155771021";"B01";"3";"2";"0";"2";"1";"1";"0";""
"202400006110";"155771019";"A01";"2";"7";"0";"1";"1";"1";"1";""
"202400006111";"155771016";"A01";"1";"7";"0";"2";"4";"2";"1";""
"202400006111";"155771018";"B01";"1";"33";"0";"2";"1";"2";"1";""
"202400006112";"155771015";"A01";"1";"7";"0";"2";"1";"1";"1";""
"202400006112";"155771017";"B01";"2";"7";"0";"2";"3";"1";"1";""
"202400006113";"155771013";"B01";"2";"10";"0";"2";"3";"2";"1";""
"202400006113";"155771014";"A01";"1";"33";"0";"2";"2";"2";"1";""
"202400006114";"155771010";"B01";"1";"33";"0";"2";"8";"1";"1";""
"202400006114";"155771012";"A01";"1";"7";"0";"2";"7";"14";"1";""
"202400006115";"155771008";"A01";"1";"7";"0";"2";"2";"15";"1";""
"202400006115";"155771011";"B01";"1";"7";"16";"2";"1";"1";"1";""
"202400006116";"155771006";"A01";"2";"7";"0";"2";"2";"14";"1";""
"202400006116";"155771007";"B01";"2";"33";"0";"2";"3";"3";"1";""
"202400006116";"155771009";"C01";"2";"7";"0";"0";"4";"1";"1";""
"202400006117";"155771004";"A01";"1";"14";"0";"1";"1";"1";"1";""
"202400006118";"155771003";"A01";"2";"7";"0";"1";"1";"1";"1";""
"202400006119";"155771002";"B01";"1";"7";"0";"2";"2";"1";"1";""
"202400006119";"155771005";"A01";"1";"7";"0";"2";"3";"1";"1";""
"202400006120";"155771000";"A01";"1";"7";"2";"0";"2";"1";"1";""
"202400006121";"155770997";"C01";"2";"7";"0";"2";"4";"2";"1";""
"202400006121";"155770999";"A01";"2";"7";"0";"2";"1";"2";"1";""
"202400006121";"155771001";"B01";"2";"7";"0";"2";"9";"2";"1";""
"202400006122";"155770996";"A01";"3";"7";"0";"2";"1";"9";"1";""
"202400006122";"155770998";"B01";"3";"2";"0";"2";"8";"1";"1";""
"202400006123";"155770994";"Z01";"1";"7";"0";"1";"3";"1";"0";""
"202400006124";"155770995";"A01";"1";"7";"3";"0";"2";"1";"1";""
"202400006125";"155770993";"A01";"3";"32";"0";"0";"0";"13";"1";""
"202400006126";"155770992";"A01";"1";"7";"0";"1";"1";"1";"1";""
"202400006127";"155770989";"A01";"2";"7";"0";"2";"1";"2";"1";""
"202400006127";"155770991";"B01";"2";"7";"0";"1";"4";"2";"1";""
"202400006128";"155770987";"B01";"2";"2";"0";"0";"0";"1";"0";""
"202400006128";"155770990";"A01";"1";"7";"0";"2";"3";"13";" -1";""
"202400006129";"155770986";"A01";"1";"2";"0";"2";"1";"17";"1";""
"202400006129";"155770988";"B01";"1";"7";"0";"2";"8";"10";"1";""
"202400006130";"155770983";"A01";"1";"33";"0";"1";"8";"1";"0";""
"202400006131";"155770982";"A01";"2";"7";"0";"2";"3";"19";"1";""
"202400006131";"155770985";"B01";"1";"33";"0";"2";"1";"1";"1";""
"202400006132";"155770981";"B01";"1";"2";"0";"2";"7";"2";"1";""
"202400006132";"155770984";"A01";"2";"7";"0";"2";"1";"16";"1";""
"202400006133";"155770979";"A01";"2";"33";"3";"0";"3";"0";"1";""
"202400006134";"155770978";"B01";"3";"7";"0";"2";"6";"2";"1";""
"202400006134";"155770980";"A01";"3";"7";"0";"2";"3";"21";"1";""
"202400006135";"155770977";"A01";"1";"33";"14";"0";"1";"17";"1";""
"202400006136";"155770975";"B01";"1";"15";"0";"0";"4";"0";"1";""
"202400006136";"155770976";"A01";"1";"7";"0";"2";"1";"0";"1";""
"202400006137";"155770972";"A01";"1";"50";"13";"0";"1";"1";"3";""
"202400006138";"155770971";"B01";"2";"7";"0";"2";"4";"1";"1";""
"202400006138";"155770973";"A01";"1";"7";"0";"0";"6";"1";"1";""
"202400006138";"155770974";"C01";"1";"7";"0";"2";"1";"2";"1";""
"202400006139";"155770967";"A01";"3";"7";"10";"0";"3";"6";"1";""
"202400006140";"155770968";"A01";"1";"7";"0";"2";"4";"1";"1";""
"202400006140";"155770970";"B01";"1";"7";"0";"2";"1";"2";"1";""
"202400006141";"155770966";"A01";"1";"7";"0";"2";"1";"1";"1";""
"202400006141";"155770969";"B01";"1";"7";"0";"2";"4";"1";"1";""
"202400006142";"155770964";"A01";"3";"7";"0";"1";"2";"1";"1";""
"202400006143";"155770962";"A01";"2";"7";"0";"2";"3";"9";"1";""
"202400006143";"155770965";"B01";"1";"1";"0";"2";"4";"1";"5";""
"202400006144";"155770961";"A01";"1";"7";"0";"9";"2";"9";"1";""
"202400006144";"155770963";"B01";"1";"60";"0";"2";"4";"9";"5";""
"202400006145";"155770959";"A01";"0";"32";"0";"0";"0";"0";"0";""
"202400006146";"155770958";"A01";"2";"7";"0";"2";"2";"15";"1";""
"202400006146";"155770960";"B01";"2";"30";"0";"2";"3";"0";"1";""
"202400006147";"155770955";"A01";"1";"1";"0";"2";"5";"2";"5";""
"202400006147";"155770957";"B01";"1";"7";"0";"2";"2";"1";"1";""
"202400006148";"155770953";"A01";"1";"33";"0";"2";"1";"17";"1";""
"202400006148";"155770956";"B01";"2";"7";"0";"2";"1";"16";"1";""
"202400006149";"155770954";"A01";"2";"37";"0";"1";"2";"15";"1";"1"
"202400006150";"155770950";"B01";"2";"7";"0";"2";"4";"2";"1";""
"202400006150";"155770952";"Z01";"2";"31";"0";"2";"0";"0";"0";""
"202400006151";"155770949";"A01";"1";"33";"0";"2";"8";"13";"1";""
"202400006151";"155770951";"B01";"2";"7";"0";"2";"8";"1";"1";""
"202400006152";"155770948";"A01";"1";"10";"8";"0";"1";"13";"1";""
"202400006153";"155770947";"A01";"1";"2";"0";"5";"1";"19";"3";""
"202400006154";"155770946";"A01";"1";"7";"0";"1";"1";"1";"1";""
"202400006155";"155770945";"A01";"0";"7";"2";"0";"2";"1";"1";""
"202400006156";"155770941";"A01";"1";"33";"3";"0";"3";"17";"1";""
"202400006157";"155770943";"A01";"2";"1";"0";"2";"2";"1";"5";""
"202400006157";"155770944";"Z01";"2";"7";"0";"2";"8";"22";"1";""
"202400006158";"155770942";"A01";"0";"34";"0";"1";"2";"1";"3";""
"202400006159";"155770936";"A01";"1";"30";"1";"0";"3";"17";"1";""
"202400006159";"155770938";"B01";"1";"30";"1";"0";"5";"18";"1";""
"202400006160";"155770937";"B01";"2";"50";"0";"2";"1";"1";"3";""
"202400006160";"155770939";"A01";"2";"10";"0";"2";"1";"1";"6";""
"202400006161";"155770932";"B01";"2";"7";"0";"2";"8";"15";"1";""
"202400006161";"155770934";"A01";"2";"43";"0";"2";"2";"17";"1";""
"202400006162";"155770931";"B01";"2";"7";"0";"2";"2";"19";"1";""
"202400006162";"155770933";"C01";"1";"7";"0";"2";"1";"21";"1";""
"202400006162";"155770935";"A01";"3";"7";"0";"2";"1";"23";"1";""
"202400006163";"155770930";"A01";"1";"7";"0";"1";"3";"1";"1";""
"202400006164";"155770929";"A01";"3";"50";"16";"0";"0";"1";"3";""
"202400006165";"155770927";"A01";"2";"37";"0";"1";"2";"1";"2";"1"
"202400006166";"155770925";"A01";"3";"10";"0";"1";"4";"4";"1";""
"202400006167";"155770926";"A01";"1";"7";"0";"2";"2";"1";"1";""
"202400006167";"155770928";"B01";"1";"7";"0";"2";"1";"1";"1";""
"202400006168";"155770922";"A01";"1";"7";"0";"2";"3";"1";"3";""
"202400006169";"155770923";"B01";"2";"1";"0";"2";"1";"18";"5";""
"202400006169";"155770924";"A01";"2";"10";"0";"2";"7";"20";"1";""
"202400006170";"155770920";"B01";"1";"33";"13";"2";"0";"1";"1";""
"202400006170";"155770921";"A01";"1";"10";"0";"2";"3";"15";"1";""
"202400006171";"155770918";"A01";"1";"7";"0";"2";"3";"16";"1";""
"202400006171";"155770919";"B01";"1";"1";"0";"2";"6";"25";"5";""
"202400006172";"155770917";"A01";"3";"50";"0";"1";"1";"1";"3";""
"202400006173";"155770914";"A01";"1";"31";"0";"2";"1";"1";"1";""
"202400006173";"155770916";"B01";"1";"7";"0";"2";"6";"23";"3";""
"202400006174";"155770913";"A01";"0";"13";"0";"2";"2";"16";"1";""
"202400006174";"155770915";"B01";"0";"30";"0";"2";"8";"16";"1";""
"202400006175";"155770911";"A01";"2";"50";"0";"2";"1";"5";"3";""
"202400006175";"155770912";"B01";"2";"10";"0";"2";"3";"15";"1";""
"202400006176";"155770910";"A01";"3";"31";"0";"6";"3";"1";"1";""
"202400006177";"155770908";"A01";"1";"7";"0";"2";"2";"1";"1";""
"202400006177";"155770909";"B01";"1";"99";"0";"2";"1";"1";"3";""
"202400006178";"155770905";"A01";"2";"7";"0";"9";"1";"2";"1";""
"202400006178";"155770906";"B01";"2";"1";"0";"0";"4";"2";"5";""
"202400006179";"155770904";"A01";"3";"30";"0";"2";"6";"1";"1";""
"202400006179";"155770907";"B01";"3";"7";"0";"0";"6";"15";"1";""
"202400006180";"155770903";"A01";"1";"7";"0";"1";"3";"15";"1";""
"202400006181";"155770900";"A01";"2";"1";"12";"0";"3";"1";"5";""
"202400006182";"155770898";"A01";"0";"7";"0";"2";"2";"16";"1";""
"202400006182";"155770899";"B01";"0";"50";"0";"2";"1";"5";"3";""
"202400006183";"155770896";"A01";"1";"10";"0";"1";"4";"4";"1";""
"202400006184";"155770893";"A01";"3";"7";"13";"0";"8";"1";"1";""
"202400006184";"155770895";"B01";"3";"7";"0";"2";"7";"17";"3";""
"202400006185";"155770891";"A01";"1";"7";"0";"2";"3";"16";"1";""
"202400006185";"155770892";"B01";"2";"50";"0";"2";"1";"19";"3";""
"202400006186";"155770888";"A01";"1";"7";"0";"2";"7";"12";"1";""
"202400006186";"155770890";"B01";"1";"32";"0";"2";"8";"1";"1";""
"202400006187";"155770887";"A01";"1";"7";"16";"0";"4";"6";"1";""
"202400006187";"155770889";"B01";"2";"7";"0";"0";"1";"1";"1";""
"202400006188";"155770884";"A01";"2";"80";"12";"2";"1";"13";"3";""
"202400006188";"155770886";"B01";"1";"1";"0";"2";"1";"1";"5";""
"202400006189";"155770883";"A01";"2";"10";"0";"2";"4";"2";"1";""
"202400006189";"155770885";"B01";"2";"7";"0";"2";"1";"2";"1";""
"202400006190";"155770882";"A01";"3";"7";"1";"0";"1";"1";"0";""
"202400006191";"155770881";"Z01";"1";"32";"0";"1";"1";"5";"1";""
"202400006192";"155770879";"A01";"3";"10";"0";"1";"4";"4";"1";""
"202400006193";"155770878";"A01";"2";"7";"0";"2";"4";"2";"1";""
"202400006193";"155770880";"B01";"2";"7";"0";"2";"1";"2";"1";""
"202400006194";"155770877";"A01";"1";"1";"0";"1";"1";"1";"5";""
"202400006195";"155770872";"B01";"2";"10";"0";"2";"8";"15";"1";""
"202400006195";"155770874";"A01";"1";"33";"0";"2";"3";"1";"1";""
"202400006196";"155770870";"A01";"3";"32";"12";"0";"0";"18";"1";""
"202400006197";"155770869";"B01";"1";"7";"0";"2";"4";"1";"1";""
"202400006197";"155770871";"C01";"1";"10";"0";"2";"1";"1";"1";""
"202400006197";"155770873";"A01";"1";"7";"0";"2";"4";"1";"2";""
"202400006198";"155770865";"B01";"3";"7";"0";"2";"1";"1";"1";""
"202400006198";"155770868";"A01";"0";"2";"0";"2";"1";"1";"1";""
"202400006199";"155770864";"A01";"2";"33";"0";"2";"1";"2";"1";""
"202400006199";"155770866";"B01";"2";"10";"0";"2";"4";"2";"1";""
"202400006200";"155770861";"A01";"1";"7";"0";"2";"1";"1";"1";""
"202400006200";"155770863";"B01";"1";"7";"0";"2";"7";"0";"1";""
"202400006201";"155770859";"A01";"1";"34";"12";"2";"3";"17";"1";""
"202400006201";"155770862";"B01";"2";"7";"12";"2";"3";"1";"1";""
"202400006202";"155770858";"A01";"2";"10";"1";"0";"4";"2";"1";""
"202400006202";"155770860";"B01";"2";"10";"0";"2";"1";"2";"1";""
"202400006203";"155770855";"A01";"1";"33";"0";"2";"1";"17";"1";""
"202400006203";"155770856";"B01";"2";"7";"0";"2";"3";"9";"1";""
"202400006204";"155770853";"A01";"1";"33";"0";"2";"1";"15";"1";""
"202400006204";"155770857";"B01";"2";"7";"0";"2";"3";"1";"1";""
"202400006205";"155770852";"A01";"1";"7";"0";"2";"2";"14";"1";""
"202400006205";"155770854";"B01";"1";"7";"0";"2";"6";"1";"1";""
"202400006206";"155770849";"B01";"1";"7";"0";"2";"3";"2";"0";""
"202400006206";"155770851";"A01";"1";"2";"0";"2";"1";"16";"1";""
"202400006207";"155770848";"A01";"2";"33";"7";"0";"1";"0";"1";""
"202400006208";"155770847";"A01";"1";"7";"0";"2";"1";"2";"1";""
"202400006208";"155770850";"B01";"1";"2";"0";"2";"4";"2";"1";""
"202400006209";"155770845";"A01";"3";"7";"0";"2";"2";"15";"2";""
"202400006209";"155770846";"B01";"3";"30";"0";"2";"1";"1";"1";""
"202400006210";"155770841";"B01";"1";"33";"0";"2";"1";"3";"1";""
"202400006210";"155770843";"A01";"1";"7";"0";"2";"4";"11";"1";""
"202400006211";"155770840";"A01";"2";"33";"0";"2";"1";"2";"1";""
"202400006211";"155770842";"B01";"2";"33";"0";"2";"1";"2";"1";""
"202400006211";"155770844";"C01";"2";"33";"0";"2";"4";"0";"1";""
"202400006212";"155770839";"A01";"2";"7";"0";"1";"1";"1";"1";""
"202400006213";"155770836";"A01";"1";"7";"0";"2";"5";"15";"1";""
"202400006213";"155770838";"B01";"2";"30";"0";"2";"2";"1";"1";""
"202400006214";"155770835";"B01";"1";"7";"0";"0";"0";"2";"2";""
"202400006214";"155770837";"A01";"1";"7";"0";"2";"1";"2";"1";""
"202400006215";"155770834";"A01";"2";"7";"0";"1";"2";"15";"1";""
"202400006216";"155770833";"A01";"3";"7";"4";"0";"9";"13";"1";""
"202400006217";"155770832";"A01";"1";"7";"6";"0";"8";"13";"1";""
"202400006218";"155770830";"A01";"2";"7";"0";"1";"6";"20";"1";""
"202400006219";"155770829";"B01";"3";"7";"0";"2";"3";"1";"1";""
"202400006219";"155770831";"A01";"3";"7";"0";"2";"2";"2";"1";""
"202400006220";"155770822";"C01";"1";"7";"1";"0";"1";"1";"1";""
"202400006220";"155770826";"B01";"1";"7";"0";"2";"4";"1";"1";""
"202400006220";"155770827";"A01";"1";"7";"0";"2";"1";"0";"1";""
"202400006220";"155770828";"D01";"1";"7";"0";"9";"2";"1";"1";""
"202400006221";"155770823";"B01";"3";"7";"0";"2";"2";"15";"3";""
"202400006221";"155770825";"A01";"3";"32";"0";"2";"2";"1";"1";""
"202400006222";"155770821";"A01";"1";"7";"0";"2";"1";"1";"1";""
"202400006222";"155770824";"B01";"2";"7";"0";"2";"5";"15";"1";""
"202400006223";"155770820";"A01";"1";"7";"6";"0";"0";"1";"1";""
"202400006224";"155770816";"A01";"3";"7";"0";"2";"2";"1";"1";""
"202400006224";"155770818";"B01";"3";"7";"0";"2";"7";"1";"1";""
"202400006224";"155770819";"C01";"3";"7";"0";"2";"6";"1";"1";""
"202400006225";"155770814";"A01";"1";"2";"0";"2";"2";"13";"1";""
"202400006225";"155770817";"B01";"2";"7";"0";"2";"2";"1";"1";""
"202400006226";"155770813";"B01";"1";"33";"0";"2";"1";"1";"1";""
"202400006226";"155770815";"A01";"1";"80";"0";"2";"1";"15";"3";""
"202400006227";"155770812";"A01";"1";"7";"0";"1";"1";"13";"1";""
"202400006228";"155770810";"A01";"1";"7";"1";"2";"1";"1";"1";""
"202400006228";"155770811";"B01";"1";"7";"0";"2";"5";"1";"1";""
"202400006229";"155770809";"A01";"3";"13";"3";"1";"4";"4";"1";""
"202400006230";"155770806";"A01";"2";"50";"0";"2";"1";"5";"3";""
"202400006230";"155770808";"B01";"1";"7";"0";"9";"3";"1";"1";""
"202400006231";"155770804";"B01";"1";"33";"0";"2";"7";"1";"1";""
"202400006231";"155770807";"A01";"1";"7";"0";"2";"3";"9";"1";""
"202400006232";"155770805";"A01";"3";"7";"12";"0";"1";"1";"1";""
"202400006233";"155770803";"A01";"2";"43";"0";"0";"0";"1";"1";""
"202400006234";"155770801";"B01";"3";"32";"0";"2";"5";"1";"0";""
"202400006234";"155770802";"A01";"3";"7";"0";"2";"1";"9";"0";""
"202400006235";"155770799";"A01";"1";"7";"0";"0";"0";"21";"1";""
"202400006236";"155770798";"A01";"2";"15";"0";"9";"2";"16";"1";""
"202400006236";"155770800";"B01";"2";"1";"0";"2";"4";"19";"5";""
"202400006237";"155770794";"B01";"3";"50";"0";"2";"1";"1";"3";""
"202400006237";"155770796";"A01";"1";"7";"0";"2";"8";"1";"1";""
"202400006238";"155770795";"B01";"1";"7";"0";"2";"5";"2";"1";""
"202400006238";"155770797";"A01";"1";"7";"0";"2";"3";"2";"2";""
"202400006239";"155770793";"A01";"2";"37";"0";"1";"5";"1";"1";"1"
"202400006240";"155770792";"A01";"2";"7";"0";"1";"1";"15";"1";""
"202400006241";"155770791";"A01";"1";"10";"0";"1";"3";"15";"1";""
"202400006242";"155770787";"A01";"2";"7";"0";"1";"4";"4";"1";""
"202400006243";"155770788";"B01";"1";"7";"0";"2";"6";"2";"1";""
"202400006243";"155770789";"C01";"2";"7";"0";"2";"1";"1";"1";""
"202400006243";"155770790";"A01";"1";"32";"0";"2";"1";"2";"1";""
"202400006244";"155770785";"A01";"1";"10";"0";"2";"1";"2";"1";""
"202400006244";"155770786";"B01";"1";"7";"0";"0";"4";"2";"1";""
"202400006245";"155770783";"A01";"2";"7";"0";"2";"3";"15";"1";""
"202400006245";"155770784";"B01";"2";"50";"0";"2";"7";"1";"3";""
"202400006246";"155770782";"A01";"1";"10";"3";"0";"1";"2";"1";""
"202400006247";"155770780";"B01";"1";"10";"0";"2";"2";"1";"1";""
"202400006247";"155770781";"A01";"1";"10";"0";"2";"3";"10";"1";""
"202400006248";"155770777";"A01";"1";"7";"0";"9";"6";"1";"1";""
"202400006249";"155770776";"B01";"3";"7";"0";"2";"2";"15";"1";""
"202400006249";"155770778";"C01";"1";"7";"0";"2";"3";"1";"1";""
"202400006249";"155770779";"A01";"2";"33";"0";"2";"1";"1";"1";""
"202400006250";"155770774";"B01";"1";"50";"0";"2";"8";"15";"3";""
"202400006250";"155770775";"A01";"1";"7";"0";"9";"1";"19";"1";""
"202400006251";"155770770";"A01";"2";"40";"0";"2";"2";"1";"3";""
"202400006251";"155770771";"B01";"3";"50";"0";"4";"3";"1";"3";""
"202400006252";"155770772";"B01";"2";"13";"0";"2";"3";"1";"0";""
"202400006252";"155770773";"A01";"1";"3";"0";"2";"3";"21";"1";""