"Num_Acc";"id_vehicule";"num_veh";"senc";"catv";"obs";"obsm";"choc";"manv";"motor";"occutc"
"202400006253";"155770768";"A01";"0";"7";"13";"0";"1";"1";"1";""
"202400006254";"155770767";"A01";"1";"50";"0";"2";"1";"1";"3";""
"202400006254";"155770769";"B01";"1";"7";"0";"2";"1";"15";"1";""
"202400006255";"155770766";"A01";"1";"7";"13";"0";"1";"1";"2";""
"202400006256";"155770764";"A01";"1";"33";"0";"2";"9";"3";"1";""
"202400006257";"155770761";"A01";"2";"7";"0";"2";"1";"2";"1";""
"202400006257";"155770763";"B01";"2";"10";"0";"0";"5";"15";"1";""
"202400006258";"155770760";"A01";"0";"7";"0";"2";"1";"1";"1";""
"202400006258";"155770762";"B01";"0";"7";"0";"2";"4";"1";"1";""
"202400006258";"155770765";"C01";"0";"7";"0";"2";"4";"1";"1";""
"202400006259";"155770758";"A01";"1";"7";"0";"2";"3";"13";"1";""
"202400006259";"155770759";"B01";"2";"7";"0";"2";"3";"1";"1";""
"202400006260";"155770755";"A01";"2";"7";"4";"0";"7";"1";"1";""
"202400006261";"155770756";"A01";"2";"7";"0";"2";"1";"1";"1";""
"202400006261";"155770757";"B01";"2";"7";"0";"2";"4";"9";"1";""
"202400006262";"155770753";"B01";"0";"7";"0";"2";"7";"1";"1";""
"202400006262";"155770754";"A01";"2";"33";"0";"2";"1";"1";"1";""
"202400006263";"155770752";"A01";"1";"7";"13";"0";"9";"17";"1";""
"202400006264";"155770750";"A01";"2";"7";"0";"2";"5";"12";"1";""
"202400006264";"155770751";"B01";"1";"7";"0";"2";"2";"1";"1";""
"202400006265";"155770748";"A01";"2";"33";"3";"2";"8";"18";"1";""
"202400006265";"155770749";"B01";"2";"7";"0";"2";"5";"1";"1";""
"202400006266";"155770746";"A01";"1";"7";"0";"1";"5";"1";"1";""
"202400006267";"155770745";"B01";"2";"2";"0";"2";"1";"1";"1";""
"202400006267";"155770747";"A01";"1";"7";"13";"2";"1";"17";"1";""
"202400006268";"155770744";"A01";"1";"7";"4";"0";"2";"6";"1";""
"202400006269";"155770741";"B01";"1";"1";"0";"2";"6";"1";"5";""
"202400006269";"155770743";"Z01";"1";"7";"0";"2";"2";"16";"0";""
"202400006270";"155770738";"A01";"1";"10";"0";"9";"2";"26";"1";""
"202400006270";"155770742";"B01";"1";"1";"0";"0";"4";"26";"5";""
"202400006271";"155770739";"A01";"2";"7";"0";"2";"1";"2";"1";""
"202400006271";"155770740";"B01";"2";"7";"0";"2";"4";"2";"1";""
"202400006272";"155770735";"A01";"0";"33";"1";"2";"1";"1";"1";""
"202400006272";"155770737";"B01";"0";"7";"0";"2";"7";"11";"1";""
"202400006273";"155770733";"A01";"1";"10";"0";"2";"1";"1";"1";""
"202400006273";"155770734";"B01";"1";"7";"0";"2";"4";"1";"1";""
"202400006274";"155770732";"B01";"2";"7";"0";"0";"4";"23";"1";""
"202400006274";"155770736";"A01";"2";"2";"0";"2";"1";"1";"1";""
"202400006275";"155770730";"A01";"1";"10";"0";"0";"0";"16";"1";""
"202400006275";"155770731";"B01";"1";"1";"0";"2";"8";"1";"5";""
"202400006276";"155770728";"B01";"1";"1";"0";"2";"8";"15";"5";""
"202400006276";"155770729";"A01";"1";"2";"12";"9";"1";"2";"1";""
"202400006277";"155770726";"A01";"1";"1";"12";"0";"1";"15";"5";""
"202400006278";"155770725";"A01";"2";"7";"4";"0";"4";"23";"1";""
"202400006279";"155770723";"A01";"2";"7";"0";"2";"1";"2";"1";""
"202400006279";"155770724";"B01";"2";"7";"0";"2";"1";"0";"1";""
"202400006279";"155770727";"C01";"2";"7";"0";"2";"4";"0";"2";""
"202400006280";"155770720";"A01";"1";"10";"0";"2";"2";"12";"1";""
"202400006280";"155770721";"B01";"1";"7";"0";"0";"6";"1";"1";""
"202400006281";"155770718";"A01";"0";"7";"0";"1";"1";"1";"2";""
"202400006282";"155770717";"A01";"2";"2";"5";"0";"3";"21";"1";""
"202400006283";"155770716";"A01";"2";"7";"0";"2";"1";"1";"1";""
"202400006283";"155770719";"B01";"2";"7";"0";"2";"4";"1";"1";""
"202400006284";"155770714";"A01";"1";"33";"0";"2";"3";"1";"1";""
"202400006284";"155770715";"B01";"1";"99";"0";"2";"3";"1";"0";""
"202400006285";"155770711";"A01";"1";"7";"0";"1";"2";"1";"1";""
"202400006286";"155770712";"A01";"2";"7";"4";"0";"3";"0";"1";""
"202400006287";"155770709";"A01";"1";"7";"0";"2";"1";"2";"3";""
"202400006287";"155770710";"B01";"1";"21";"13";"2";"3";"2";"1";""
"202400006288";"155770706";"A01";"2";"7";"0";"2";"1";"15";"1";""
"202400006288";"155770708";"B01";"1";"2";"0";"2";"1";"1";"1";""
"202400006289";"155770703";"B01";"1";"50";"0";"0";"3";"1";"3";""
"202400006289";"155770705";"A01";"2";"7";"0";"2";"3";"15";"1";""
"202400006290";"155770701";"B01";"1";"7";"0";"2";"4";"1";"1";""
"202400006290";"155770704";"A01";"1";"7";"0";"2";"1";"1";"1";""
"202400006290";"155770707";"C01";"1";"7";"0";"2";"5";"1";"1";""
"202400006291";"155770699";"A01";"1";"7";"0";"1";"1";"1";"1";""
"202400006292";"155770698";"A01";"2";"7";"0";"2";"4";"21";"1";""
"202400006292";"155770700";"B01";"0";"7";"0";"2";"1";"26";"1";""
"202400006293";"155770694";"A01";"2";"33";"0";"2";"1";"1";"1";""
"202400006293";"155770696";"B01";"2";"7";"0";"2";"0";"0";"1";""
"202400006294";"155770695";"A01";"1";"43";"14";"0";"0";"16";"1";""
"202400006295";"155770693";"B01";"1";"7";"0";"2";"9";"0";"1";""
"202400006295";"155770697";"A01";"1";"7";"0";"2";"9";"26";"1";""
"202400006296";"155770692";"A01";"2";"50";"0";"0";"0";"0";"3";""
"202400006297";"155770691";"A01";"1";"7";"0";"1";"8";"15";"1";""
"202400006298";"155770688";"B01";"1";"2";"0";"2";"2";"17";"1";""
"202400006298";"155770690";"A01";"1";"3";"0";"2";"8";"15";"1";""
"202400006299";"155770685";"B01";"1";"7";"0";"2";"4";"15";"1";""
"202400006299";"155770686";"A01";"1";"43";"0";"2";"1";"3";"1";""
"202400006300";"155770684";"A01";"0";"7";"0";"2";"3";"19";"1";""
"202400006300";"155770687";"B01";"3";"7";"0";"2";"3";"9";"1";""
"202400006300";"155770689";"C01";"3";"13";"0";"2";"1";"9";"0";""
"202400006301";"155770681";"A01";"1";"10";"0";"1";"4";"26";"1";""
"202400006302";"155770682";"A01";"2";"10";"0";"9";"1";"1";"1";""
"202400006302";"155770683";"B01";"1";"1";"0";"2";"8";"0";"5";""
"202400006303";"155770676";"A01";"1";"7";"0";"2";"3";"15";"1";""
"202400006303";"155770678";"B01";"2";"43";"0";"2";"1";"1";"1";""
"202400006304";"155770674";"A01";"1";"10";"0";"2";"2";"15";"1";""
"202400006304";"155770677";"B01";"0";"7";"0";"2";"2";"0";"1";""
"202400006305";"155770672";"A01";"3";"1";"0";"2";"8";"15";"5";""
"202400006305";"155770675";"B01";"3";"10";"0";"2";"8";"1";"1";""
"202400006306";"155770671";"A01";"1";"99";"0";"2";"4";"2";"1";""
"202400006306";"155770673";"C01";"1";"10";"0";"2";"3";"26";"1";""
"202400006307";"155770670";"A01";"1";"7";"0";"1";"7";"1";"1";""
"202400006308";"155770669";"A01";"1";"7";"1";"0";"2";"1";"1";""
"202400006309";"155770667";"A01";"1";"30";"0";"2";"0";"0";"1";""
"202400006309";"155770668";"B01";"1";"7";"0";"2";"4";"23";"3";""
"202400006310";"155770662";"A01";"1";"33";"12";"0";"1";"1";"1";""
"202400006311";"155770663";"A01";"1";"7";"3";"2";"3";"26";"1";""
"202400006311";"155770665";"B01";"1";"7";"3";"0";"4";"2";"1";""
"202400006312";"155770664";"A01";"3";"1";"0";"2";"1";"19";"5";""
"202400006312";"155770666";"B01";"1";"7";"0";"2";"7";"1";"1";""
"202400006313";"155770661";"A01";"1";"7";"4";"0";"3";"13";"1";""
"202400006314";"155770658";"A01";"3";"7";"0";"2";"1";"1";"1";""
"202400006314";"155770660";"B01";"3";"7";"0";"2";"3";"9";"1";""
"202400006315";"155770656";"A01";"1";"7";"3";"0";"2";"1";"1";""
"202400006316";"155770657";"A01";"1";"7";"0";"2";"8";"15";"1";""
"202400006316";"155770659";"B01";"1";"2";"0";"2";"0";"0";"0";""
"202400006317";"155770654";"A01";"3";"7";"0";"2";"1";"16";"1";""
"202400006317";"155770655";"B01";"1";"80";"0";"2";"3";"0";"3";""
"202400006318";"155770651";"A01";"1";"7";"0";"9";"2";"1";"1";""
"202400006318";"155770652";"B01";"1";"1";"0";"2";"7";"9";"5";""
"202400006319";"155770647";"A01";"2";"31";"0";"2";"8";"2";"1";""
"202400006319";"155770649";"Z01";"2";"7";"0";"2";"7";"11";"0";""
"202400006320";"155770645";"A01";"1";"38";"0";"2";"1";"2";"1";"3"
"202400006320";"155770648";"B01";"1";"10";"0";"2";"1";"2";"1";""
"202400006320";"155770650";"C01";"1";"7";"0";"0";"0";"0";"2";""
"202400006320";"155770653";"D01";"1";"7";"0";"0";"0";"0";"1";""
"202400006321";"155770642";"B01";"1";"7";"0";"2";"8";"1";"1";""
"202400006321";"155770646";"A01";"2";"50";"0";"2";"1";"1";"3";""
"202400006322";"155770641";"A01";"2";"7";"0";"2";"2";"2";"2";""
"202400006322";"155770643";"C01";"2";"33";"0";"2";"4";"1";"1";""
"202400006322";"155770644";"B01";"2";"7";"0";"2";"6";"2";"1";""
"202400006323";"155770637";"A01";"2";"10";"0";"1";"3";"17";"3";""
"202400006324";"155770636";"A01";"2";"7";"0";"2";"4";"1";"2";""
"202400006324";"155770639";"B01";"1";"7";"0";"2";"1";"1";"1";""
"202400006324";"155770640";"C01";"1";"15";"0";"2";"1";"1";"1";""
"202400006325";"155770635";"B01";"1";"1";"1";"2";"1";"1";"0";""
"202400006325";"155770638";"A01";"1";"7";"0";"2";"8";"22";"1";""
"202400006326";"155770632";"A01";"2";"1";"0";"2";"1";"5";"5";""
"202400006326";"155770634";"B01";"1";"2";"0";"2";"1";"1";"1";""
"202400006327";"155770631";"A01";"1";"7";"15";"0";"1";"25";"1";""
"202400006328";"155770630";"A01";"2";"32";"0";"2";"1";"3";"1";""
"202400006328";"155770633";"B01";"2";"7";"0";"2";"4";"14";"1";""
"202400006329";"155770629";"A01";"0";"50";"0";"1";"1";"7";"3";""
"202400006330";"155770625";"A01";"2";"37";"8";"0";"1";"1";"3";"1"
"202400006331";"155770626";"A01";"1";"31";"3";"0";"1";"16";"1";""
"202400006332";"155770624";"B01";"1";"7";"0";"2";"4";"1";"1";""
"202400006332";"155770627";"C01";"1";"7";"0";"2";"4";"1";"1";""
"202400006332";"155770628";"A01";"1";"10";"0";"2";"1";"1";"1";""
"202400006333";"155770621";"A01";"3";"7";"0";"2";"6";"13";"1";""
"202400006333";"155770623";"B01";"3";"33";"0";"2";"7";"1";"1";""
"202400006334";"155770618";"A01";"1";"7";"0";"2";"1";"1";"1";""
"202400006334";"155770620";"B01";"1";"7";"0";"2";"4";"0";"1";""
"202400006334";"155770622";"C01";"1";"7";"0";"2";"4";"1";"1";""
"202400006335";"155770617";"A01";"1";"7";"0";"2";"1";"1";"1";""
"202400006335";"155770619";"B01";"1";"7";"0";"2";"4";"1";"1";""
"202400006336";"155770615";"B01";"2";"10";"0";"2";"7";"24";"0";""
"202400006336";"155770616";"A01";"2";"1";"1";"0";"1";"1";"5";""
"202400006337";"155770614";"A01";"1";"7";"4";"0";"3";"1";"1";""
"202400006338";"155770610";"B01";"1";"7";"0";"2";"4";"1";"1";""
"202400006338";"155770612";"A01";"1";"33";"0";"2";"1";"1";"1";""
"202400006339";"155770609";"A01";"2";"7";"0";"1";"1";"15";"2";""
"202400006340";"155770606";"A01";"1";"33";"0";"0";"0";"9";"1";""
"202400006341";"155770604";"D01";"2";"7";"0";"2";"9";"1";"1";""
"202400006341";"155770607";"E01";"2";"7";"0";"2";"7";"1";"1";""
"202400006341";"155770608";"A01";"2";"33";"0";"2";"1";"1";"1";""
"202400006341";"155770611";"B01";"2";"7";"4";"2";"1";"1";"1";""
"202400006341";"155770613";"C01";"2";"10";"0";"2";"3";"1";"1";""
"202400006342";"155770603";"A01";"1";"10";"1";"2";"8";"22";"1";""
"202400006342";"155770605";"B01";"1";"1";"1";"2";"1";"1";"5";""
"202400006343";"155770601";"A01";"1";"33";"0";"2";"2";"1";"1";""
"202400006343";"155770602";"Z01";"1";"7";"0";"2";"0";"0";"0";""
"202400006344";"155770599";"A01";"1";"7";"0";"1";"3";"16";"1";""
"202400006345";"155770597";"B01";"3";"13";"0";"2";"3";"1";"6";""
"202400006345";"155770600";"A01";"3";"30";"0";"2";"1";"1";"1";""
"202400006346";"155770595";"B01";"1";"7";"0";"2";"7";"12";"1";""
"202400006346";"155770596";"A01";"1";"33";"0";"2";"1";"3";"1";""
"202400006346";"155770598";"C01";"1";"7";"0";"2";"6";"0";"1";""
"202400006347";"155770594";"A01";"3";"7";"0";"0";"9";"0";"1";""
"202400006348";"155770591";"A01";"1";"7";"0";"0";"7";"1";"1";""
"202400006348";"155770593";"B01";"2";"7";"0";"0";"1";"1";"2";""
"202400006349";"155770590";"A01";"2";"15";"0";"2";"1";"1";"1";""
"202400006349";"155770592";"B01";"2";"7";"0";"2";"8";"9";"1";""
"202400006350";"155770589";"A01";"3";"33";"0";"0";"0";"1";"1";""
"202400006351";"155770588";"A01";"3";"10";"1";"1";"4";"4";"1";""
"202400006352";"155770586";"A01";"3";"1";"9";"0";"0";"23";"5";""
"202400006353";"155770585";"B01";"1";"7";"0";"2";"5";"14";"1";""
"202400006353";"155770587";"A01";"1";"31";"0";"2";"3";"3";"1";""
"202400006354";"155770582";"A01";"2";"7";"0";"0";"9";"1";"1";""
"202400006355";"155770580";"B01";"1";"1";"0";"2";"1";"1";"5";""
"202400006355";"155770581";"A01";"2";"7";"0";"2";"5";"15";"1";""
"202400006356";"155770583";"B01";"2";"7";"0";"2";"5";"15";"1";""
"202400006356";"155770584";"A01";"1";"1";"0";"2";"1";"19";"5";""
"202400006357";"155770579";"B01";"3";"50";"0";"0";"0";"0";"3";""
"202400006358";"155770578";"A01";"1";"50";"14";"0";"1";"5";"3";""
"202400006359";"155770576";"A01";"1";"7";"6";"0";"1";"21";"1";""
"202400006360";"155770575";"A01";"1";"33";"0";"2";"1";"9";"1";""
"202400006360";"155770577";"B01";"1";"7";"0";"2";"8";"2";"1";""
"202400006361";"155770574";"A01";"2";"10";"0";"1";"1";"1";"1";""
"202400006362";"155770573";"A01";"1";"7";"5";"0";"2";"1";"1";""
"202400006363";"155770572";"A01";"1";"7";"9";"0";"1";"1";"2";""
"202400006364";"155770570";"A01";"1";"10";"0";"5";"1";"1";"1";""
"202400006365";"155770569";"B01";"1";"31";"0";"2";"3";"1";"1";""
"202400006365";"155770571";"A01";"2";"10";"0";"2";"2";"15";"1";""
"202400006366";"155770567";"A01";"2";"33";"14";"0";"1";"17";"1";""
"202400006367";"155770566";"A01";"2";"7";"0";"2";"3";"15";"1";""
"202400006367";"155770568";"B01";"2";"10";"0";"2";"2";"1";"1";""
"202400006368";"155770565";"A01";"0";"10";"0";"1";"0";"26";"0";""
"202400006369";"155770563";"A01";"1";"10";"4";"0";"1";"15";"1";""
"202400006370";"155770562";"A01";"2";"7";"13";"2";"1";"13";"1";""
"202400006370";"155770564";"B01";"1";"7";"0";"2";"1";"1";"1";""
"202400006371";"155770560";"B01";"1";"7";"0";"2";"3";"15";"1";""
"202400006371";"155770561";"A01";"2";"32";"0";"2";"1";"17";"1";""
"202400006372";"155770558";"Z01";"3";"33";"0";"1";"1";"26";"0";""
"202400006373";"155770556";"A01";"1";"33";"0";"2";"1";"1";"1";""
"202400006373";"155770559";"B01";"1";"7";"0";"2";"4";"9";"1";""
"202400006374";"155770557";"A01";"2";"7";"0";"1";"1";"15";"1";""
"202400006375";"155770553";"B01";"1";"1";"0";"2";"1";"1";"5";""
"202400006375";"155770555";"A01";"1";"7";"0";"2";"3";"9";"3";""
"202400006376";"155770551";"A01";"2";"7";"0";"2";"3";"1";"1";""
"202400006376";"155770554";"B01";"1";"50";"0";"2";"1";"5";"3";""
"202400006377";"155770550";"A01";"3";"7";"0";"2";"1";"1";"1";""
"202400006377";"155770552";"B01";"3";"50";"0";"2";"8";"19";"3";""
"202400006378";"155770547";"A01";"0";"33";"0";"2";"7";"26";"1";""
"202400006378";"155770549";"B01";"0";"7";"0";"0";"8";"0";"2";""
"202400006379";"155770546";"B01";"2";"7";"0";"2";"2";"1";"1";""
"202400006379";"155770548";"A01";"3";"7";"0";"2";"3";"9";"1";""
"202400006380";"155770545";"A01";"3";"7";"1";"1";"1";"26";"1";""
"202400006381";"155770544";"A01";"3";"7";"0";"1";"3";"1";"0";""
"202400006382";"155770541";"A01";"2";"43";"1";"1";"1";"1";"1";""
"202400006383";"155770542";"A01";"2";"10";"0";"1";"2";"1";"0";""
"202400006384";"155770540";"A01";"3";"7";"0";"2";"1";"2";"1";""
"202400006384";"155770543";"B01";"3";"7";"0";"2";"5";"1";"1";""
"202400006385";"155770538";"A01";"3";"7";"0";"2";"1";"1";"1";""
"202400006385";"155770539";"B01";"3";"7";"0";"2";"7";"15";"1";""
"202400006386";"155770537";"A01";"1";"7";"0";"1";"2";"1";"1";""
"202400006387";"155770536";"A01";"1";"37";"0";"1";"3";"1";"1";"1"
"202400006388";"155770533";"A01";"1";"7";"0";"2";"1";"1";"1";""
"202400006388";"155770535";"B01";"2";"30";"0";"2";"7";"0";"0";""
"202400006389";"155770531";"A01";"0";"7";"0";"2";"7";"26";"0";""
"202400006389";"155770534";"B01";"3";"50";"0";"2";"1";"25";"3";""
"202400006390";"155770532";"A01";"1";"7";"0";"1";"3";"0";"1";""
"202400006391";"155770529";"A01";"3";"30";"0";"2";"1";"18";"3";""
"202400006391";"155770530";"B01";"3";"10";"0";"2";"2";"16";"1";""
"202400006392";"155770527";"A01";"1";"7";"0";"2";"3";"13";"1";""
"202400006392";"155770528";"B01";"2";"30";"0";"2";"1";"1";"1";""
"202400006393";"155770526";"A01";"1";"33";"0";"1";"1";"1";"1";""
"202400006394";"155770524";"A01";"1";"7";"0";"2";"1";"19";"1";""
"202400006394";"155770525";"B01";"2";"7";"0";"2";"3";"1";"1";""
"202400006395";"155770520";"A01";"2";"7";"0";"2";"4";"1";"1";""
"202400006395";"155770522";"B01";"2";"7";"0";"2";"4";"15";"1";""
"202400006396";"155770521";"A01";"1";"7";"0";"2";"1";"1";"1";""
"202400006396";"155770523";"B01";"1";"7";"0";"2";"2";"15";"1";""
"202400006397";"155770518";"B01";"1";"7";"0";"2";"3";"16";"2";""
"202400006397";"155770519";"A01";"1";"80";"0";"2";"7";"1";"3";""
"202400006398";"155770516";"A01";"3";"7";"0";"2";"7";"16";"1";""
"202400006398";"155770517";"B01";"3";"32";"0";"2";"8";"16";"1";""
"202400006399";"155770513";"B01";"2";"33";"8";"2";"3";"1";"1";""
"202400006399";"155770514";"A01";"2";"10";"0";"2";"3";"15";"1";""
"202400006400";"155770509";"A01";"1";"33";"0";"1";"3";"1";"1";""
"202400006401";"155770510";"A01";"2";"50";"0";"9";"8";"2";"3";""
"202400006401";"155770512";"Y01";"1";"60";"0";"2";"0";"26";"5";""
"202400006402";"155770511";"B01";"3";"1";"0";"2";"7";"1";"5";""
"202400006402";"155770515";"A01";"3";"7";"0";"2";"3";"9";"2";""
"202400006403";"155770506";"A01";"2";"10";"0";"2";"1";"15";"1";""
"202400006403";"155770508";"B01";"2";"33";"0";"2";"1";"1";"1";""
"202400006404";"155770507";"A01";"1";"10";"0";"1";"2";"1";"1";""
"202400006405";"155770505";"A01";"2";"7";"0";"1";"2";"1";"1";""
"202400006406";"155770502";"A01";"1";"10";"0";"2";"6";"26";"1";""
"202400006406";"155770504";"B01";"1";"32";"0";"2";"1";"2";"1";""
"202400006407";"155770503";"A01";"2";"33";"6";"0";"1";"14";"1";""
"202400006408";"155770498";"A01";"3";"32";"0";"2";"3";"11";"1";""
"202400006408";"155770501";"B01";"3";"33";"0";"2";"2";"3";"0";""
"202400006409";"155770494";"A01";"1";"31";"0";"0";"1";"1";"6";""
"202400006410";"155770496";"B01";"1";"7";"0";"2";"4";"1";"1";""
"202400006410";"155770500";"A01";"1";"7";"0";"2";"1";"2";"1";""
"202400006411";"155770495";"C01";"2";"7";"0";"2";"1";"2";"3";""
"202400006411";"155770497";"B01";"2";"7";"0";"2";"4";"2";"1";""
"202400006411";"155770499";"A01";"2";"7";"0";"2";"4";"1";"1";""
"202400006412";"155770493";"A01";"1";"33";"0";"0";"0";"1";"1";""
"202400006413";"155770492";"A01";"1";"7";"13";"0";"1";"1";"1";""
"202400006414";"155770490";"A01";"1";"7";"0";"1";"1";"1";"1";""
"202400006415";"155770489";"B01";"3";"7";"0";"2";"1";"1";"1";""
"202400006415";"155770491";"A01";"3";"10";"0";"2";"3";"10";"1";""
"202400006416";"155770488";"A01";"1";"33";"12";"0";"1";"1";"1";""
"202400006417";"155770487";"A01";"1";"7";"4";"0";"3";"13";"1";""
"202400006418";"155770484";"A01";"1";"33";"14";"0";"1";"6";"1";""
"202400006419";"155770483";"A01";"1";"7";"0";"2";"7";"19";"1";""
"202400006419";"155770486";"B01";"1";"7";"0";"2";"1";"1";"1";""
"202400006420";"155770482";"A01";"1";"7";"0";"2";"4";"2";"1";""
"202400006420";"155770485";"B01";"1";"7";"0";"2";"1";"2";"1";""
"202400006421";"155770480";"A01";"2";"7";"6";"2";"8";"9";"1";""
"202400006421";"155770481";"B01";"2";"7";"0";"2";"1";"1";"1";""
"202400006422";"155770478";"A01";"3";"7";"13";"0";"2";"17";"1";""
"202400006423";"155770475";"A01";"1";"7";"0";"2";"1";"1";"1";""
"202400006423";"155770477";"B01";"1";"7";"0";"2";"4";"23";"1";""
"202400006424";"155770476";"A01";"2";"33";"0";"2";"1";"1";"1";""
"202400006424";"155770479";"B01";"1";"13";"0";"2";"8";"15";"1";""
"202400006425";"155770474";"A01";"2";"7";"0";"1";"2";"2";"3";""
"202400006426";"155770473";"A01";"2";"7";"13";"0";"9";"1";"1";""
"202400006427";"155770472";"A01";"1";"7";"13";"0";"1";"1";"1";""
"202400006428";"155770471";"A01";"1";"7";"0";"1";"2";"1";"1";""
"202400006429";"155770470";"A01";"1";"33";"3";"0";"3";"1";"1";""
"202400006430";"155770469";"A01";"1";"7";"13";"0";"1";"1";"1";""
"202400006431";"155770465";"A01";"1";"33";"0";"2";"1";"17";"1";""
"202400006431";"155770466";"B01";"1";"10";"0";"2";"8";"15";"1";""
"202400006432";"155770467";"B01";"3";"7";"8";"2";"1";"1";"1";""
"202400006432";"155770468";"A01";"3";"7";"0";"2";"1";"15";"1";""
"202400006433";"155770462";"A01";"1";"7";"0";"0";"3";"15";"1";""
"202400006433";"155770464";"B01";"1";"7";"0";"0";"1";"1";"1";""
"202400006434";"155770461";"A01";"2";"30";"0";"2";"1";"2";"1";""
"202400006434";"155770463";"B01";"2";"7";"0";"2";"6";"16";"2";""
"202400006435";"155770459";"A01";"2";"7";"0";"2";"1";"1";"1";""
"202400006435";"155770460";"B01";"1";"7";"0";"2";"1";"1";"1";""
"202400006436";"155770457";"A01";"3";"33";"15";"0";"3";"1";"1";""
"202400006437";"155770455";"A01";"1";"7";"0";"2";"3";"1";"1";""
"202400006437";"155770458";"B01";"1";"50";"0";"2";"2";"15";"3";""
"202400006438";"155770454";"B01";"1";"14";"0";"0";"1";"1";"1";""
"202400006438";"155770456";"A01";"1";"7";"0";"2";"1";"13";"1";""
"202400006439";"155770452";"A01";"1";"43";"0";"2";"1";"13";"1";""
"202400006439";"155770453";"B01";"2";"7";"0";"2";"3";"1";"1";""
"202400006440";"155770450";"A01";"3";"10";"0";"1";"5";"4";"1";""
"202400006441";"155770451";"A01";"1";"38";"0";"1";"3";"1";"1";"1"
"202400006442";"155770449";"A01";"2";"7";"6";"0";"2";"1";"1";""
"202400006443";"155770446";"B01";"1";"1";"0";"2";"8";"1";"5";""
"202400006443";"155770448";"A01";"2";"14";"15";"2";"3";"13";"1";""
"202400006444";"155770445";"A01";"3";"10";"0";"2";"1";"15";"1";""
"202400006444";"155770447";"B01";"3";"32";"0";"2";"1";"1";"1";""
"202400006445";"155770443";"A01";"1";"7";"0";"2";"2";"12";"1";""
"202400006445";"155770444";"B01";"1";"7";"0";"2";"6";"1";"1";""
"202400006446";"155770442";"A01";"1";"31";"14";"0";"1";"0";"1";""
"202400006447";"155770441";"A01";"1";"7";"1";"0";"2";"1";"1";""
"202400006448";"155770439";"A01";"2";"7";"0";"2";"2";"13";"1";""
"202400006448";"155770440";"B01";"1";"7";"0";"2";"2";"1";"1";""
"202400006449";"155770437";"A01";"2";"7";"0";"2";"1";"1";"1";""
"202400006449";"155770438";"B01";"1";"7";"2";"2";"7";"1";"1";""
"202400006450";"155770436";"A01";"2";"7";"8";"0";"1";"15";"1";""
"202400006451";"155770434";"A01";"2";"7";"0";"2";"2";"9";"1";""
"202400006451";"155770435";"B01";"2";"7";"0";"2";"5";"1";"1";""
"202400006452";"155770433";"A01";"1";"32";"1";"0";"1";"17";"1";""
"202400006453";"155770431";"A01";"3";"7";"0";"2";"7";"15";"1";""
"202400006453";"155770432";"B01";"3";"1";"0";"2";"1";"1";"5";""
"202400006454";"155770430";"A01";"2";"7";"3";"0";"1";"13";"1";""
"202400006455";"155770428";"A01";"2";"7";"0";"2";"1";"2";"1";""
"202400006455";"155770429";"B01";"2";"7";"0";"2";"4";"2";"1";""
"202400006456";"155770426";"B01";"3";"7";"0";"2";"8";"9";"1";""
"202400006456";"155770427";"A01";"3";"30";"0";"2";"8";"12";"1";""
"202400006457";"155770425";"A01";"3";"7";"0";"1";"2";"1";"1";""
"202400006458";"155770423";"A01";"2";"7";"0";"2";"3";"26";"1";""
"202400006458";"155770424";"B01";"0";"0";"0";"9";"1";"1";"0";""
"202400006459";"155770422";"A01";"3";"7";"0";"1";"1";"19";"0";""
"202400006460";"155770420";"A01";"3";"33";"0";"2";"6";"14";"1";""
"202400006460";"155770421";"B01";"3";"7";"0";"2";"0";"0";"1";""
"202400006461";"155770416";"A01";"1";"7";"0";"9";"2";"15";"1";""
"202400006461";"155770417";"B01";"2";"1";"0";"2";"1";"1";"5";""
"202400006462";"155770415";"A01";"1";"50";"0";"0";"0";"1";"3";""
"202400006463";"155770413";"B01";"1";"7";"0";"2";"8";"10";"1";""
"202400006463";"155770414";"A01";"1";"7";"0";"2";"1";"10";"3";""
"202400006464";"155770412";"A01";"1";"7";"0";"1";"1";"1";"1";""
"202400006465";"155770410";"B01";"1";"7";"8";"0";"1";"2";"1";""
"202400006465";"155770411";"A01";"1";"7";"0";"2";"1";"2";"1";""
"202400006466";"155770409";"A01";"2";"50";"0";"1";"1";"26";"3";""
"202400006467";"155770407";"A01";"2";"10";"0";"2";"3";"9";"1";""
"202400006467";"155770408";"B01";"2";"50";"0";"2";"2";"1";"3";""
"202400006468";"155770406";"A01";"3";"7";"0";"1";"3";"15";"2";""
"202400006469";"155770405";"A01";"1";"10";"8";"0";"1";"26";"1";""
"202400006470";"155770401";"A01";"1";"7";"0";"2";"3";"1";"1";""
"202400006470";"155770402";"B01";"2";"30";"0";"2";"1";"1";"1";""
"202400006471";"155770400";"A01";"2";"7";"0";"1";"3";"16";"1";""
"202400006472";"155770398";"A01";"3";"33";"0";"0";"3";"15";"1";""
"202400006473";"155770399";"A01";"3";"7";"9";"0";"1";"1";"1";""
"202400006474";"155770397";"A01";"1";"7";"4";"0";"2";"1";"1";""
"202400006475";"155770394";"A01";"3";"7";"0";"2";"3";"1";"1";""
"202400006475";"155770396";"B01";"3";"7";"0";"2";"3";"1";"1";""