"Num_Acc";"id_vehicule";"num_veh";"senc";"catv";"obs";"obsm";"choc";"manv";"motor";"occutc"
"202400006476";"155770391";"A01";"2";"21";"0";"2";"3";"1";"1";""
"202400006476";"155770392";"B01";"1";"7";"0";"2";"3";"13";"1";""
"202400006477";"155770393";"B01";"1";"7";"0";"2";"5";"2";"1";""
"202400006477";"155770395";"A01";"1";"33";"0";"2";"1";"1";"1";""
"202400006478";"155770390";"A01";"2";"33";"0";"0";"0";"0";"1";""
"202400006479";"155770387";"A01";"2";"7";"0";"2";"1";"5";"1";""
"202400006479";"155770388";"B01";"1";"15";"0";"2";"2";"1";"1";""
"202400006480";"155770385";"A01";"1";"7";"4";"0";"3";"0";"1";""
"202400006481";"155770386";"A01";"0";"7";"0";"0";"6";"0";"1";""
"202400006481";"155770389";"B01";"0";"33";"0";"2";"1";"15";"1";""
"202400006482";"155770383";"A01";"2";"17";"0";"0";"4";"23";"1";""
"202400006482";"155770384";"B01";"2";"17";"1";"0";"1";"2";"1";""
"202400006483";"155770382";"A01";"1";"34";"4";"0";"2";"1";"1";""
"202400006484";"155770380";"A01";"2";"10";"2";"0";"1";"0";"1";""
"202400006485";"155770378";"A01";"2";"7";"0";"2";"1";"2";"1";""
"202400006485";"155770379";"B01";"2";"7";"0";"0";"4";"1";"1";""
"202400006486";"155770377";"A01";"1";"7";"3";"0";"2";"13";"1";""
"202400006487";"155770376";"A01";"1";"7";"0";"2";"3";"9";"1";""
"202400006487";"155770381";"B01";"3";"7";"0";"2";"1";"1";"1";""
"202400006488";"155770374";"A01";"1";"7";"13";"2";"5";"17";"1";""
"202400006488";"155770375";"B01";"1";"17";"0";"2";"3";"1";"1";""
"202400006489";"155770373";"A01";"2";"50";"5";"0";"1";"1";"3";""
"202400006490";"155770372";"A01";"2";"7";"0";"1";"1";"1";"1";""
"202400006491";"155770371";"A01";"2";"7";"0";"1";"1";"15";"1";""
"202400006492";"155770368";"A01";"3";"7";"0";"2";"1";"0";"2";""
"202400006492";"155770369";"B01";"3";"7";"0";"2";"1";"0";"1";""
"202400006492";"155770370";"C01";"3";"7";"3";"2";"0";"0";"1";""
"202400006493";"155770367";"A01";"2";"30";"11";"0";"1";"1";"3";""
"202400006494";"155770363";"A01";"3";"15";"0";"2";"2";"1";"1";""
"202400006494";"155770364";"B01";"3";"7";"0";"2";"8";"19";"1";""
"202400006495";"155770361";"A01";"3";"7";"0";"2";"3";"15";"1";""
"202400006495";"155770362";"B01";"1";"7";"0";"2";"2";"1";"1";""
"202400006496";"155770359";"A01";"1";"7";"0";"1";"1";"1";"1";""
"202400006497";"155770358";"A01";"1";"14";"2";"0";"3";"13";"1";""
"202400006498";"155770356";"A01";"2";"7";"0";"2";"1";"13";"1";""
"202400006498";"155770357";"B01";"1";"7";"0";"2";"1";"1";"1";""
"202400006499";"155770354";"A01";"2";"7";"9";"2";"1";"1";"1";""
"202400006499";"155770355";"B01";"1";"7";"0";"2";"7";"15";"1";""
"202400006500";"155770351";"A01";"1";"10";"0";"2";"3";"13";"1";""
"202400006500";"155770352";"B01";"2";"17";"0";"2";"3";"1";"1";""
"202400006501";"155770353";"A01";"2";"10";"0";"1";"1";"1";"1";""
"202400006502";"155770349";"A01";"1";"7";"0";"2";"3";"13";"1";""
"202400006502";"155770350";"B01";"2";"7";"0";"2";"3";"1";"1";""
"202400006503";"155770348";"A01";"1";"7";"4";"0";"1";"16";"1";""
"202400006504";"155770345";"A01";"1";"7";"0";"2";"1";"2";"1";""
"202400006504";"155770346";"B01";"1";"7";"0";"2";"4";"23";"1";""
"202400006505";"155770344";"A01";"1";"7";"3";"2";"5";"1";"1";""
"202400006505";"155770347";"Z01";"1";"7";"0";"2";"1";"1";"0";""
"202400006506";"155770343";"A01";"3";"32";"4";"0";"8";"1";"1";""
"202400006507";"155770338";"A01";"0";"7";"0";"2";"3";"20";"1";""
"202400006507";"155770340";"B01";"0";"1";"0";"2";"1";"25";"5";""
"202400006508";"155770337";"A01";"1";"10";"0";"2";"1";"1";"1";""
"202400006508";"155770339";"B01";"1";"7";"0";"2";"4";"23";"1";""
"202400006508";"155770341";"C01";"1";"10";"0";"2";"4";"23";"1";""
"202400006508";"155770342";"D01";"1";"7";"0";"2";"3";"21";"1";""
"202400006509";"155770334";"A01";"0";"50";"0";"2";"0";"1";"3";""
"202400006509";"155770336";"B01";"0";"7";"0";"2";"1";"1";"1";""
"202400006510";"155770333";"B01";"1";"10";"0";"2";"1";"1";"1";""
"202400006510";"155770335";"A01";"1";"10";"0";"2";"4";"1";"1";""
"202400006511";"155770329";"B01";"3";"2";"0";"2";"8";"0";"1";""
"202400006511";"155770332";"A01";"2";"7";"0";"2";"1";"2";"1";""
"202400006512";"155770327";"A01";"1";"7";"0";"1";"3";"0";"1";""
"202400006513";"155770328";"C01";"2";"7";"0";"2";"6";"1";"1";""
"202400006513";"155770330";"B01";"2";"33";"0";"2";"7";"3";"1";""
"202400006513";"155770331";"A01";"2";"10";"0";"2";"3";"12";"1";""
"202400006514";"155770325";"A01";"1";"7";"0";"2";"2";"9";"1";""
"202400006514";"155770326";"B01";"2";"1";"0";"2";"5";"1";"5";""
"202400006515";"155770324";"A01";"1";"7";"3";"0";"8";"2";"1";""
"202400006516";"155770321";"B01";"1";"7";"0";"2";"0";"1";"1";""
"202400006516";"155770323";"A01";"1";"7";"0";"2";"0";"0";"0";""
"202400006517";"155770320";"A01";"2";"33";"0";"2";"1";"3";"1";""
"202400006517";"155770322";"B01";"2";"7";"0";"2";"7";"12";"1";""
"202400006518";"155770318";"A01";"0";"10";"0";"1";"2";"0";"0";""
"202400006519";"155770317";"A01";"2";"7";"0";"2";"8";"11";"1";""
"202400006519";"155770319";"B01";"2";"33";"0";"2";"2";"3";"1";""
"202400006520";"155770315";"A01";"1";"7";"3";"0";"3";"16";"1";""
"202400006521";"155770314";"A01";"1";"7";"0";"2";"2";"15";"1";""
"202400006521";"155770316";"B01";"2";"2";"0";"2";"1";"1";"1";""
"202400006522";"155770313";"A01";"3";"10";"0";"1";"4";"26";"1";""
"202400006523";"155770312";"A01";"1";"37";"0";"1";"4";"20";"1";"1"
"202400006524";"155770310";"A01";"3";"7";"13";"0";"1";"1";"1";""
"202400006525";"155770308";"A01";"1";"10";"0";"2";"3";"1";"1";""
"202400006525";"155770311";"B01";"2";"7";"0";"2";"3";"1";"1";""
"202400006526";"155770307";"A01";"2";"7";"0";"2";"3";"19";"2";""
"202400006526";"155770309";"B01";"1";"33";"0";"2";"1";"3";"1";""
"202400006527";"155770306";"A01";"1";"7";"8";"0";"1";"13";"1";""
"202400006528";"155770305";"A01";"1";"7";"13";"0";"9";"21";"1";""
"202400006529";"155770302";"A01";"3";"3";"13";"0";"1";"1";"3";""
"202400006530";"155770301";"B01";"1";"7";"0";"2";"6";"26";"1";""
"202400006530";"155770304";"A01";"1";"33";"0";"2";"5";"17";"1";""
"202400006531";"155770297";"C01";"2";"7";"0";"2";"8";"1";"2";""
"202400006531";"155770299";"A01";"2";"30";"0";"2";"1";"17";"1";""
"202400006531";"155770300";"B01";"1";"7";"0";"2";"1";"1";"2";""
"202400006531";"155770303";"Z01";"2";"34";"0";"2";"5";"17";"0";""
"202400006532";"155770296";"B01";"2";"7";"0";"0";"4";"2";"1";""
"202400006532";"155770298";"A01";"2";"7";"0";"2";"1";"2";"1";""
"202400006533";"155770294";"B01";"1";"0";"0";"0";"0";"5";"0";""
"202400006533";"155770295";"A01";"2";"31";"0";"2";"0";"1";"1";""
"202400006534";"155770291";"B01";"3";"7";"0";"2";"8";"19";"1";""
"202400006534";"155770293";"A01";"3";"7";"0";"2";"3";"19";"1";""
"202400006535";"155770292";"A01";"1";"7";"0";"1";"1";"9";"1";""
"202400006536";"155770287";"B01";"1";"7";"0";"9";"3";"1";"1";""
"202400006536";"155770289";"A01";"2";"50";"0";"2";"1";"5";"3";""
"202400006537";"155770286";"A01";"1";"7";"0";"2";"3";"18";"1";""
"202400006537";"155770288";"B01";"1";"10";"0";"2";"2";"9";"1";""
"202400006537";"155770290";"C01";"1";"37";"0";"2";"8";"0";"1";"1"
"202400006538";"155770285";"A01";"1";"39";"0";"1";"2";"1";"3";""
"202400006539";"155770282";"A01";"3";"33";"0";"2";"1";"5";"1";""
"202400006539";"155770283";"B01";"3";"7";"0";"2";"3";"15";"3";""
"202400006540";"155770280";"B01";"3";"7";"0";"2";"1";"1";"1";""
"202400006540";"155770284";"A01";"3";"1";"0";"2";"8";"1";"5";""
"202400006541";"155770279";"A01";"2";"7";"0";"2";"8";"1";"1";""
"202400006541";"155770281";"B01";"1";"50";"0";"2";"7";"1";"3";""
"202400006542";"155770276";"A01";"1";"30";"0";"0";"0";"0";"3";""
"202400006543";"155770275";"A01";"1";"7";"0";"2";"1";"15";"1";""
"202400006543";"155770277";"B01";"1";"1";"0";"2";"1";"23";"5";""
"202400006544";"155770274";"B01";"1";"7";"0";"2";"7";"1";"1";""
"202400006544";"155770278";"A01";"0";"1";"0";"2";"8";"15";"5";""
"202400006545";"155770271";"A01";"1";"7";"0";"2";"3";"0";"1";""
"202400006545";"155770273";"B01";"1";"33";"0";"2";"7";"1";"1";""
"202400006546";"155770270";"A01";"1";"0";"0";"1";"0";"1";"0";""
"202400006547";"155770268";"C01";"2";"7";"0";"2";"2";"13";"1";""
"202400006547";"155770269";"A01";"1";"7";"0";"2";"3";"1";"1";""
"202400006547";"155770272";"B01";"2";"7";"0";"2";"1";"1";"2";""
"202400006548";"155770267";"A01";"1";"37";"0";"1";"1";"1";"0";"1"
"202400006549";"155770265";"B01";"1";"31";"0";"2";"1";"1";"1";""
"202400006549";"155770266";"A01";"2";"7";"0";"2";"7";"15";"1";""
"202400006550";"155770264";"A01";"2";"7";"1";"0";"0";"0";"1";""
"202400006551";"155770263";"A01";"2";"7";"0";"1";"1";"16";"1";""
"202400006552";"155770262";"A01";"3";"7";"0";"1";"2";"16";"1";""
"202400006553";"155770259";"B01";"2";"7";"0";"2";"4";"2";"1";""
"202400006553";"155770261";"A01";"2";"7";"0";"2";"1";"2";"1";""
"202400006554";"155770258";"A01";"2";"7";"0";"2";"1";"1";"1";""
"202400006554";"155770260";"B01";"2";"7";"0";"2";"1";"2";"2";""
"202400006555";"155770256";"A01";"3";"7";"0";"1";"1";"16";"1";""
"202400006556";"155770255";"A01";"2";"7";"0";"2";"1";"2";"1";""
"202400006556";"155770257";"B01";"2";"43";"0";"2";"4";"2";"1";""
"202400006557";"155770251";"B01";"2";"7";"0";"2";"3";"1";"1";""
"202400006557";"155770252";"A01";"2";"7";"0";"2";"5";"14";"1";""
"202400006558";"155770248";"B01";"1";"37";"0";"2";"3";"1";"0";"1"
"202400006558";"155770250";"A01";"2";"10";"0";"2";"2";"15";"1";""
"202400006559";"155770247";"A01";"0";"7";"0";"2";"2";"10";"1";""
"202400006559";"155770249";"B01";"1";"31";"0";"2";"1";"1";"1";""
"202400006560";"155770245";"A01";"1";"31";"0";"2";"1";"1";"1";""
"202400006560";"155770246";"B01";"1";"7";"0";"0";"4";"1";"1";""
"202400006561";"155770243";"A01";"1";"7";"0";"2";"3";"0";"2";""
"202400006561";"155770244";"B01";"1";"1";"0";"2";"0";"0";"5";""
"202400006562";"155770242";"A01";"1";"7";"6";"0";"1";"16";"1";""
"202400006563";"155770240";"A01";"1";"13";"0";"0";"0";"15";"3";""
"202400006563";"155770241";"B01";"2";"1";"0";"0";"0";"26";"5";""
"202400006564";"155770235";"A01";"3";"50";"0";"1";"2";"25";"3";""
"202400006565";"155770236";"A01";"1";"7";"0";"2";"1";"0";"1";""
"202400006565";"155770238";"B01";"1";"1";"0";"2";"0";"1";"5";""
"202400006566";"155770234";"A01";"1";"7";"6";"0";"0";"0";"1";""
"202400006567";"155770232";"A01";"3";"7";"0";"1";"1";"0";"1";""
"202400006568";"155770231";"A01";"3";"7";"1";"0";"2";"1";"3";""
"202400006568";"155770233";"D01";"3";"7";"0";"0";"4";"24";"2";""
"202400006569";"155770230";"A01";"1";"7";"0";"1";"0";"26";"1";""
"202400006570";"155770227";"A01";"1";"80";"0";"0";"0";"1";"3";""
"202400006571";"155770226";"A01";"2";"33";"0";"0";"0";"24";"1";""
"202400006572";"155770224";"A01";"1";"7";"6";"0";"0";"0";"1";""
"202400006573";"155770222";"B01";"2";"7";"0";"2";"5";"17";"1";""
"202400006573";"155770225";"A01";"1";"43";"0";"2";"1";"1";"1";""
"202400006574";"155770221";"A01";"1";"7";"0";"0";"0";"0";"1";""
"202400006575";"155770220";"B01";"1";"7";"0";"2";"8";"1";"1";""
"202400006575";"155770223";"A01";"1";"7";"0";"2";"1";"1";"1";""
"202400006576";"155770218";"A01";"1";"7";"0";"0";"0";"0";"1";""
"202400006577";"155770217";"B01";"2";"14";"1";"2";"8";"1";"1";""
"202400006577";"155770219";"A01";"2";"10";"1";"2";"9";"14";"1";""
"202400006578";"155770215";"B01";"3";"20";"0";"2";"1";"26";"6";""
"202400006578";"155770216";"A01";"1";"7";"0";"2";"8";"1";"2";""
"202400006579";"155770212";"A01";"1";"33";"0";"2";"1";"0";"1";""
"202400006579";"155770214";"B01";"1";"33";"0";"2";"1";"0";"1";""
"202400006580";"155770210";"B01";"2";"7";"0";"2";"1";"1";"1";""
"202400006580";"155770213";"A01";"1";"7";"16";"2";"1";"1";"2";""
"202400006581";"155770211";"A01";"1";"7";"0";"1";"2";"1";"1";""
"202400006582";"155770209";"A01";"1";"7";"8";"0";"1";"1";"1";""
"202400006583";"155770207";"A01";"2";"1";"0";"1";"1";"1";"5";""
"202400006584";"155770206";"A01";"2";"17";"6";"0";"1";"1";"1";""
"202400006585";"155770203";"A01";"1";"7";"1";"1";"3";"15";"1";""
"202400006586";"155770202";"B01";"1";"1";"0";"2";"7";"26";"5";""
"202400006586";"155770205";"A01";"1";"7";"1";"2";"1";"19";"1";""
"202400006587";"155770204";"A01";"2";"80";"0";"1";"1";"1";"3";""
"202400006588";"155770199";"A01";"3";"7";"0";"2";"8";"15";"1";""
"202400006588";"155770201";"B01";"3";"31";"0";"2";"1";"17";"1";""
"202400006589";"155770198";"A01";"1";"10";"0";"2";"3";"10";"1";""
"202400006589";"155770200";"B01";"1";"30";"0";"2";"1";"17";"3";""
"202400006590";"155770196";"A01";"2";"7";"0";"2";"1";"13";"1";""
"202400006590";"155770197";"B01";"1";"7";"0";"2";"1";"1";"1";""
"202400006591";"155770193";"A01";"3";"7";"0";"0";"3";"1";"1";""
"202400006591";"155770194";"B01";"3";"1";"0";"2";"1";"1";"5";""
"202400006592";"155770190";"B01";"3";"7";"0";"2";"1";"1";"1";""
"202400006592";"155770192";"A01";"3";"2";"0";"2";"1";"5";"1";""
"202400006593";"155770191";"B01";"1";"7";"0";"2";"1";"1";"2";""
"202400006593";"155770195";"A01";"1";"1";"0";"2";"8";"1";"5";""
"202400006594";"155770187";"A01";"2";"10";"0";"0";"9";"13";"1";""
"202400006595";"155770188";"A01";"2";"7";"0";"2";"1";"1";"1";""
"202400006595";"155770189";"B01";"2";"7";"9";"2";"4";"23";"1";""
"202400006596";"155770185";"A01";"2";"7";"0";"2";"3";"9";"2";""
"202400006596";"155770186";"B01";"2";"32";"0";"2";"7";"1";"1";""
"202400006597";"155770184";"A01";"1";"7";"0";"1";"1";"1";"0";""
"202400006598";"155770182";"B01";"1";"7";"0";"2";"3";"1";"2";""
"202400006598";"155770183";"A01";"2";"30";"0";"2";"1";"1";"1";""
"202400006599";"155770180";"A01";"2";"7";"8";"0";"1";"1";"1";""
"202400006599";"155770181";"B01";"2";"7";"0";"0";"7";"1";"1";""
"202400006600";"155770179";"A01";"1";"7";"0";"1";"1";"1";"1";""
"202400006601";"155770178";"A01";"1";"7";"0";"1";"1";"1";"1";""
"202400006602";"155770176";"B01";"1";"50";"0";"4";"6";"1";"3";""
"202400006602";"155770177";"A01";" -1";"39";"0";"2";"7";"1";"3";""
"202400006603";"155770174";"A01";"3";"7";"1";"1";"4";"1";"1";""
"202400006604";"155770173";"A01";"0";"7";"0";"1";"6";"15";"1";""
"202400006605";"155770172";"B01";"0";"37";"0";"2";"1";"7";"1";"2"
"202400006605";"155770175";"A01";"0";"7";"0";"2";"8";"9";"1";""
"202400006606";"155770170";"B01";"2";"7";"0";"2";"1";"1";"1";""
"202400006606";"155770171";"A01";"1";"50";"0";"2";"1";"15";"3";""
"202400006607";"155770169";"A01";"3";"39";"0";"1";"1";"1";"0";""
"202400006608";"155770168";"A01";"1";"7";"6";"0";"1";"0";"1";""
"202400006609";"155770167";"A01";"2";"30";"0";"0";"0";"1";"1";""
"202400006610";"155770166";"A01";"3";"7";"0";"1";"1";"12";"1";""
"202400006611";"155770164";"A01";"2";"7";"0";"9";"0";"0";"2";""
"202400006611";"155770165";"B01";"2";"1";"0";"9";"0";"0";"5";""
"202400006612";"155770161";"A01";"3";"7";"0";"2";"3";"0";"1";""
"202400006612";"155770163";"B01";"3";"2";"0";"2";"1";"1";"1";""
"202400006613";"155770160";"A01";"2";"7";"0";"2";"1";"2";"1";""
"202400006613";"155770162";"B01";"2";"33";"0";"2";"4";"2";"1";""
"202400006614";"155770158";"A01";"3";"7";"0";"1";"2";"22";"1";""
"202400006615";"155770156";"A01";"3";"7";"0";"0";"1";"0";"1";""
"202400006616";"155770157";"A01";"0";"7";"0";"2";"2";"12";"1";""
"202400006616";"155770159";"B01";"0";"1";"0";"2";"3";"1";"5";""
"202400006617";"155770155";"A01";"3";"7";"0";"0";"0";"0";"1";""
"202400006618";"155770154";"A01";"1";"7";"0";"1";"3";"1";"1";""
"202400006619";"155770152";"B01";"2";"2";"0";"2";"1";"1";"0";""
"202400006619";"155770153";"A01";"2";"7";"0";"2";"2";"16";"0";""
"202400006620";"155770151";"A01";"2";"31";"12";"0";"0";"1";"1";""
"202400006621";"155770148";"A01";"1";"3";"0";"0";"3";"1";"1";""
"202400006622";"155770149";"A01";"3";"7";"0";"2";"1";"14";"1";""
"202400006622";"155770150";"B01";"3";"7";"0";"2";"4";"1";"1";""
"202400006623";"155770146";"A01";"2";"33";"0";"2";"2";"17";"1";""
"202400006623";"155770147";"B01";"2";"7";"0";"2";"3";"1";"1";""
"202400006624";"155770144";"A01";"0";"7";"0";"9";"2";"15";"1";""
"202400006624";"155770145";"B01";"0";"1";"0";"2";"1";"1";"5";""
"202400006625";"155770143";"A01";"1";"7";"0";"1";"2";"16";"1";""
"202400006626";"155770142";"A01";"1";"7";"0";"1";"2";"1";"1";""
"202400006627";"155770138";"B01";"2";"15";"0";"2";"8";"1";"1";""
"202400006627";"155770140";"A01";"2";"30";"0";"2";"7";"12";"1";""
"202400006628";"155770137";"A01";"2";"33";"0";"2";"3";"1";"1";""
"202400006628";"155770139";"B01";"2";"7";"0";"2";"2";"0";"1";""
"202400006629";"155770136";"B01";"3";"7";"0";"2";"7";"2";"1";""
"202400006629";"155770141";"A01";"1";"50";"0";"2";"1";"1";"3";""
"202400006630";"155770134";"A01";"1";"7";"0";"1";"2";"19";"6";""
"202400006631";"155770132";"A01";"1";"7";"0";"2";"4";"20";"1";""
"202400006631";"155770135";"B01";"1";"7";"0";"2";"1";"1";"3";""
"202400006632";"155770131";"A01";"2";"7";"0";"2";"1";"1";"1";""
"202400006632";"155770133";"B01";"3";"33";"0";"2";"8";"15";"1";""
"202400006633";"155770130";"A01";"2";"7";"0";"1";"1";"1";"1";""
"202400006634";"155770128";"A01";"2";"7";"13";"0";"2";"1";"1";""
"202400006635";"155770126";"A01";"1";"37";"0";"2";"2";"15";"1";"1"
"202400006635";"155770129";"B01";"1";"37";"6";"0";"1";"0";"1";"1"
"202400006636";"155770125";"B01";"1";"2";"0";"2";"8";"13";"1";""
"202400006636";"155770127";"A01";"1";"33";"0";"2";"7";"1";"1";""
"202400006637";"155770121";"B01";"1";"1";"0";"2";"1";"0";"5";""
"202400006637";"155770124";"A01";"1";"7";"0";"2";"3";"0";"1";""
"202400006638";"155770118";"A01";"3";"7";"0";"2";"3";"15";"1";""
"202400006638";"155770120";"B01";"2";"32";"0";"2";"1";"17";"1";""
"202400006639";"155770117";"A01";"2";"10";"0";"2";"1";"2";"1";""
"202400006639";"155770119";"B01";"2";"7";"0";"2";"4";"2";"1";""
"202400006639";"155770122";"C01";"2";"10";"0";"2";"4";"2";"1";""
"202400006639";"155770123";"D01";"2";"7";"0";"2";"5";"2";"2";""
"202400006640";"155770116";"A01";"2";"50";"0";"0";"0";"1";"3";""
"202400006641";"155770114";"A01";"1";"7";"9";"0";"1";"1";"1";""
"202400006642";"155770113";"A01";"3";"7";"0";"2";"7";"14";"1";""
"202400006642";"155770115";"B01";"3";"1";"0";"2";"8";"15";"5";""
"202400006643";"155770110";"B01";"2";"14";"0";"2";"3";"1";"1";""
"202400006643";"155770112";"A01";"1";"7";"7";"2";"1";"13";"1";""
"202400006644";"155770109";"B01";"2";"21";"0";"2";"4";"2";"0";""
"202400006644";"155770111";"A01";"2";"7";"0";"2";"1";"2";"6";""
"202400006645";"155770107";"A01";"1";"7";"0";"1";"1";"26";"1";""
"202400006646";"155770105";"A01";"1";"7";"0";"2";"3";"15";"2";""
"202400006646";"155770108";"B01";"3";"32";"0";"2";"1";"0";"1";""
"202400006647";"155770104";"A01";"1";"33";"2";"2";"0";"1";"1";""
"202400006647";"155770106";"B01";"2";"10";"0";"2";"2";"15";"1";""
"202400006648";"155770102";"T01";"2";"7";"3";"0";"1";"21";"1";""
"202400006648";"155770103";"A01";"2";"7";"0";"1";"2";"1";"1";""
"202400006649";"155770101";"A01";"1";"7";"7";"0";"1";"14";"1";""
"202400006650";"155770100";"A01";"2";"7";"0";"1";"1";"1";"1";""
"202400006651";"155770099";"A01";"1";"31";"3";"0";"1";"14";"1";""
"202400006652";"155770097";"A01";"2";"10";"4";"0";"1";"2";"1";""
"202400006653";"155770096";"A01";"2";"7";"0";"1";"1";"1";"1";""
"202400006654";"155770095";"A01";"2";"7";"0";"2";"6";"1";"1";""
"202400006654";"155770098";"B01";"1";"33";"0";"2";"3";"1";"1";""
"202400006655";"155770092";"Z01";" -1";"0";" -1";" -1";" -1";" -1";" -1";""
"202400006655";"155770094";"A01";"2";"7";"0";"2";"6";"2";"1";""
"202400006656";"155770091";"A01";"2";"7";"0";"0";"2";"1";"1";""
"202400006657";"155770090";"B01";"2";"7";"0";"2";"7";"1";"1";""
"202400006657";"155770093";"A01";"3";"7";"0";"2";"1";"9";"1";""
"202400006658";"155770089";"A01";"3";"7";"0";"1";"3";"15";"1";""
"202400006659";"155770086";"A01";"1";"7";"0";"1";"3";"15";"1";""
"202400006660";"155770085";"A01";"2";"7";"0";"2";"3";"13";"0";""
"202400006660";"155770088";"B01";"1";"7";"0";"2";"3";"26";"1";""
"202400006661";"155770084";"B01";"2";"7";"16";"2";"6";"9";"1";""
"202400006661";"155770087";"A01";"2";"7";"7";"2";"2";"1";"1";""
"202400006662";"155770081";"A01";"0";"7";"0";"0";"0";"1";"1";""
"202400006663";"155770080";"B01";"1";"7";"0";"2";"2";"1";"1";""
"202400006663";"155770083";"A01";"3";"10";"0";"2";"1";"1";"1";""
"202400006664";"155770079";"B01";"1";"30";"0";"2";"8";"15";"1";""
"202400006664";"155770082";"A01";"1";"7";"0";"2";"2";"15";"1";""
"202400006665";"155770075";"A01";"0";"33";"0";"2";"1";"1";"1";""
"202400006665";"155770078";"Z01";"1";"7";"0";"2";"3";"15";"0";""
"202400006666";"155770076";"A01";"2";"7";"0";"2";"5";"1";"1";""
"202400006666";"155770077";"B01";"1";"50";"0";"2";"1";"19";"3";""
"202400006667";"155770074";"A01";"2";"7";"15";"0";"2";"19";"1";""
"202400006668";"155770070";"A01";"3";"7";"0";"2";"3";"1";"1";""
"202400006668";"155770073";"B01";"3";"50";"0";"2";"4";"19";"3";""
"202400006669";"155770069";"B01";"3";"21";"0";"2";"5";"1";"1";""
"202400006669";"155770072";"A01";"3";"1";"0";"2";"0";"1";"5";""
"202400006670";"155770067";"A01";"2";"7";"0";"2";"1";"1";"1";""
"202400006670";"155770068";"C01";"0";"7";"0";"9";"4";"1";"1";""
"202400006670";"155770071";"B01";"3";"33";"0";"2";"8";"15";"1";""
"202400006671";"155770065";"A01";"2";"80";"0";"0";"0";"0";"3";""
"202400006672";"155770064";"A01";"3";"7";"0";"9";"1";"2";"2";""
"202400006672";"155770066";"B01";"3";"60";"0";"2";"8";"2";"5";""
"202400006673";"155770061";"A01";"1";"7";"0";"0";"9";"14";"1";""
"202400006674";"155770060";"A01";"1";"7";"0";"2";"2";"15";"2";""
"202400006674";"155770063";"B01";"2";"37";"0";"2";"3";"1";"1";"4"
"202400006675";"155770058";"A01";"3";"7";"0";"1";"2";"1";"2";""
"202400006676";"155770057";"A01";"1";"80";"0";"1";"1";"1";"3";""
"202400006677";"155770056";"A01";"2";"7";"2";"0";"1";"13";"1";""
"202400006678";"155770054";"A01";"0";"2";"0";"0";"0";"1";"1";""
"202400006679";"155770053";"A01";"3";"30";"0";"2";"1";"9";"1";""
"202400006679";"155770055";"B01";"0";"10";"0";"2";"3";"1";"1";""
"202400006680";"155770051";"A01";"1";"7";"0";"1";"2";"1";"1";""
"202400006681";"155770048";"A01";"3";"7";"0";"1";"8";"1";"1";""
"202400006682";"155770046";"A01";"2";"7";"0";"2";"1";"2";"1";""
"202400006682";"155770049";"B01";"2";"7";"0";"2";"4";"1";"1";""
"202400006682";"155770050";"C01";"2";"7";"1";"0";"3";"3";"1";""
"202400006682";"155770052";"D01";"2";"7";"0";"2";"2";"1";"1";""
"202400006683";"155770045";"A01";"2";"7";"0";"2";"2";"19";"1";""
"202400006683";"155770047";"B01";"2";"33";"0";"2";"1";"1";"1";""
"202400006684";"155770042";"B01";"2";"33";"0";"2";"2";"0";"1";""
"202400006684";"155770044";"A01";"2";"10";"0";"2";"6";"0";"1";""
"202400006685";"155770041";"A01";"1";"7";"0";"1";"3";"1";"1";""
"202400006685";"155770043";"B01";"1";"7";"0";"1";"3";"1";"1";""
"202400006686";"155770040";"A01";"2";"7";"13";"0";"1";"21";"1";""
"202400006687";"155770036";"A01";"1";"7";"0";"2";"5";"2";"1";""
"202400006687";"155770038";"B01";"1";"33";"0";"2";"1";"11";"1";""
"202400006688";"155770033";"B01";"1";"7";"0";"2";"3";"1";"1";""
"202400006688";"155770035";"A01";"2";"32";"0";"2";"1";"13";"1";""
"202400006689";"155770032";"B01";"1";"7";"0";"2";"4";"2";"1";""
"202400006689";"155770034";"C01";"1";"7";"0";"2";"4";"2";"1";""
"202400006689";"155770037";"D01";"1";"7";"0";"2";"4";"2";"1";""
"202400006689";"155770039";"A01";"1";"7";"0";"2";"1";"2";"1";""
"202400006690";"155770031";"A01";"3";"10";"0";"0";"9";"4";"1";""
"202400006691";"155770030";"A01";"3";"7";"0";"1";"3";"1";"1";""
"202400006692";"155770027";"A01";"2";"30";"12";"2";"8";"5";"1";""
"202400006692";"155770029";"B01";"1";"7";"0";"2";"1";"1";"1";""
"202400006693";"155770026";"A01";"1";"7";"0";"1";"2";"1";"1";""
"202400006694";"155770022";"A01";"2";"32";"1";"0";"0";"1";"1";""
"202400006695";"155770020";"A01";"1";"7";"0";"2";"1";"1";"1";""
"202400006695";"155770023";"B01";"1";"7";"0";"2";"4";"1";"1";""
"202400006695";"155770025";"C01";"1";"7";"0";"2";"4";"2";"1";""
"202400006696";"155770021";"B01";"1";"7";"0";"2";"3";"15";"1";""
"202400006696";"155770024";"A01";"1";"33";"1";"2";"1";"11";"1";""
"202400006697";"155770019";"A01";"1";"30";"8";"0";"0";"1";"1";""
"202400006698";"155770016";"B01";"1";"10";"0";"2";"3";"1";"1";""
"202400006698";"155770018";"A01";"2";"2";"0";"2";"1";"26";"1";""
"202400006699";"155770014";"A01";"0";"39";"0";"1";"7";"19";"6";""