"Num_Acc";"id_vehicule";"num_veh";"senc";"catv";"obs";"obsm";"choc";"manv";"motor";"occutc"
"202400006700";"155770015";"B01";"1";"10";"0";"0";"7";"15";"1";""
"202400006700";"155770017";"A01";"2";"7";"0";"2";"1";"1";"1";""
"202400006701";"155770012";"A01";"1";"7";"0";"2";"1";"17";"1";""
"202400006701";"155770013";"B01";"2";"7";"0";"0";"1";"1";"1";""
"202400006702";"155770009";"A01";"3";"31";"0";"2";"1";"1";"1";""
"202400006702";"155770011";"B01";"3";"7";"0";"2";"3";"1";"1";""
"202400006703";"155770008";"B01";"1";"7";"0";"2";"8";"15";"1";""
"202400006703";"155770010";"A01";"1";"30";"0";"2";"1";"21";"1";""
"202400006704";"155770007";"A01";"1";"31";"2";"0";"0";"2";"1";""
"202400006705";"155770004";"A01";"2";"34";"13";"0";"2";"1";"1";""
"202400006706";"155770005";"A01";"2";"7";"0";"2";"1";"2";"1";""
"202400006706";"155770006";"B01";"2";"7";"0";"0";"4";"2";"2";""
"202400006707";"155770003";"A01";"2";"33";"0";"0";"2";"17";"1";""
"202400006708";"155770001";"A01";"1";"32";"0";"0";"3";"1";"3";""
"202400006709";"155769999";"A01";"3";"7";"0";"2";"3";"9";"1";""
"202400006709";"155770002";"B01";"3";"33";"0";"2";"1";"13";"1";""
"202400006710";"155769998";"B01";"2";"1";"0";"2";"6";"1";"5";""
"202400006710";"155770000";"A01";"2";"32";"0";"2";"2";"18";"1";""
"202400006711";"155769993";"B01";"2";"15";"0";"2";"1";"19";"1";""
"202400006711";"155769996";"A01";"1";"7";"5";"0";"2";"1";"1";""
"202400006712";"155769992";"A01";"2";"7";"0";"2";"3";"13";"1";""
"202400006712";"155769995";"B01";"1";"7";"0";"2";"8";"21";"1";""
"202400006712";"155769997";"C01";"1";"7";"0";"2";"1";"1";"1";""
"202400006713";"155769994";"A01";"2";"50";"0";"1";"1";"1";"3";""
"202400006714";"155769988";"B01";"1";"7";"0";"2";"1";"9";"1";""
"202400006714";"155769990";"A01";"1";"33";"0";"2";"8";"1";"1";""
"202400006715";"155769986";"B01";"1";"7";"0";"2";"3";"1";"1";""
"202400006715";"155769991";"A01";"2";"30";"0";"2";"2";"1";"1";""
"202400006716";"155769987";"A01";"1";"10";"0";"2";"2";"15";"1";""
"202400006716";"155769989";"B01";"2";"33";"0";"2";"1";"1";"1";""
"202400006717";"155769985";"A01";"1";"33";"1";"0";"1";"2";"1";""
"202400006718";"155769984";"A01";"1";"33";"0";"0";"0";"0";"1";""
"202400006719";"155769983";"Z01";"1";"30";"0";"1";"1";"5";"0";""
"202400006720";"155769981";"A01";"1";"7";"0";"0";"7";"13";"1";""
"202400006720";"155769982";"B01";"2";"7";"0";"2";"1";"1";"1";""
"202400006721";"155769980";"A01";"2";"33";"6";"0";"3";"13";"1";""
"202400006722";"155769977";"B01";"2";"7";"0";"2";"4";"1";"1";""
"202400006722";"155769978";"A01";"2";"30";"0";"2";"1";"2";"1";""
"202400006723";"155769976";"B01";"1";"1";"0";"2";"1";"16";"5";""
"202400006723";"155769979";"A01";"2";"7";"0";"2";"2";"1";"1";""
"202400006724";"155769975";"A01";"3";"7";"2";"0";"1";"13";"1";""
"202400006725";"155769971";"A01";"1";"7";"0";"2";"2";"17";"1";""
"202400006725";"155769973";"B01";"1";"1";"0";"2";"3";"1";"5";""
"202400006726";"155769970";"A01";"2";"3";"0";"2";"1";"1";"1";""
"202400006726";"155769974";"B01";"0";"7";"0";"2";"4";"23";"1";""
"202400006727";"155769969";"B01";"1";"1";"0";"0";"4";"15";"5";""
"202400006727";"155769972";"A01";"1";"7";"0";"2";"4";"1";"1";""
"202400006728";"155769966";"A01";"1";"30";"0";"2";"0";"18";"1";""
"202400006728";"155769967";"B01";"1";"7";"0";"2";"5";"1";"3";""
"202400006729";"155769963";"A01";"3";"7";"16";"0";"9";"4";"1";""
"202400006730";"155769964";"A01";"1";"10";"0";"2";"3";"15";"1";""
"202400006730";"155769965";"B01";"1";"7";"16";"2";"2";"17";"1";""
"202400006731";"155769962";"A01";"1";"1";"0";"0";"1";"1";"5";""
"202400006732";"155769959";"A01";"1";"7";"0";"2";"3";"1";"1";""
"202400006732";"155769960";"B01";"2";"7";"0";"2";"3";"1";"1";""
"202400006733";"155769958";"A01";"2";"80";"0";"2";"0";"21";"3";""
"202400006734";"155769957";"A01";"3";"7";"2";"0";"2";"1";"1";""
"202400006735";"155769955";"A01";"1";"80";"0";"1";"1";"1";"3";""
"202400006736";"155769953";"A01";"3";"2";"0";"2";"2";"19";"1";""
"202400006736";"155769956";"B01";"1";"7";"0";"2";"3";"1";"1";""
"202400006737";"155769951";"A01";"2";"7";"0";"2";"3";"24";"1";""
"202400006737";"155769952";"B01";"2";"32";"1";"2";"1";"1";"1";""
"202400006737";"155769954";"C01";"3";"7";"0";"2";"4";"23";"1";""
"202400006738";"155769948";"B01";"1";"33";"0";"2";"1";"1";"1";""
"202400006738";"155769949";"A01";"3";"7";"0";"2";"3";"9";"2";""
"202400006739";"155769945";"B01";"1";"7";"8";"2";"3";"1";"1";""
"202400006739";"155769950";"A01";"1";"7";"0";"2";"2";"12";"2";""
"202400006740";"155769946";"A01";"3";"7";"0";"0";"2";"15";"1";""
"202400006740";"155769947";"B01";"1";"33";"0";"2";"1";"1";"1";""
"202400006741";"155769943";"A01";"1";"7";"0";"2";"8";"22";"1";""
"202400006741";"155769944";"B01";"1";"1";"0";"2";"7";"1";"5";""
"202400006742";"155769942";"A01";"2";"32";"4";"0";"2";"1";"1";""
"202400006743";"155769940";"A01";"1";"15";"0";"2";"2";"12";"1";""
"202400006743";"155769941";"B01";"1";"7";"0";"2";"8";"1";"1";""
"202400006744";"155769939";"A01";"3";"30";"0";"0";"0";"1";"1";""
"202400006745";"155769937";"A01";"2";"50";"0";"0";"0";"1";"3";""
"202400006746";"155769936";"A01";"2";"10";"0";"2";"1";"2";"1";""
"202400006746";"155769938";"B01";"2";"7";"0";"2";"4";"2";"3";""
"202400006747";"155769933";"A01";"2";"1";"0";"2";"8";"5";"5";""
"202400006747";"155769935";"B01";"1";"7";"0";"2";"1";"16";"1";""
"202400006748";"155769932";"B01";"3";"7";"0";"2";"1";"1";"0";""
"202400006748";"155769934";"A01";"3";"7";"0";"2";"4";"1";"0";""
"202400006749";"155769930";"A01";"2";"7";"12";"0";"0";"0";"1";""
"202400006750";"155769929";"B01";"2";"7";"0";"2";"3";"1";"1";""
"202400006750";"155769931";"A01";"1";"7";"0";"2";"3";"13";"1";""
"202400006751";"155769928";"A01";"2";"50";"0";"1";"1";"1";"3";""
"202400006752";"155769926";"A01";"3";"7";"0";"1";"1";"1";"1";""
"202400006753";"155769924";"A01";"2";"1";"0";"2";"4";"1";"5";""
"202400006753";"155769927";"B01";"2";"1";"0";"2";"1";"17";"5";""
"202400006754";"155769925";"A01";"2";"7";"6";"0";"0";"0";"1";""
"202400006755";"155769923";"A01";"1";"7";"6";"0";"3";"13";"1";""
"202400006756";"155769921";"A01";"3";"7";"15";"0";"1";"0";"1";""
"202400006757";"155769922";"A01";"1";"33";"0";"0";"0";"0";"1";""
"202400006758";"155769917";"B01";"3";"50";"0";"2";"5";"1";"3";""
"202400006758";"155769920";"A01";"3";"7";"0";"2";"3";"1";"0";""
"202400006759";"155769919";"A01";"2";"7";"0";"0";"0";"0";"1";""
"202400006760";"155769916";"B01";"2";"33";"0";"2";"0";"1";"1";""
"202400006760";"155769918";"A01";"2";"7";"0";"2";"0";"26";"0";""
"202400006761";"155769915";"A01";"1";"60";"0";"0";"0";"0";"5";""
"202400006762";"155769914";"A01";"1";"10";"0";"1";"1";"1";"0";""
"202400006763";"155769912";"A01";"2";"7";"0";"0";"0";"0";"1";""
"202400006764";"155769911";"B01";"2";"7";"0";"2";"6";"15";"2";""
"202400006764";"155769913";"A01";"2";"33";"0";"2";"2";"2";"1";""
"202400006765";"155769908";"A01";"1";"7";"3";"0";"0";"0";"1";""
"202400006766";"155769905";"A01";"2";"7";"0";"2";"2";"15";"1";""
"202400006766";"155769907";"B01";"1";"2";"0";"2";"1";"1";"1";""
"202400006767";"155769906";"C01";"3";"7";"0";"2";"6";"1";"1";""
"202400006767";"155769909";"A01";"3";"7";"0";"2";"1";"1";"1";""
"202400006767";"155769910";"B01";"3";"7";"0";"2";"1";"15";"1";""
"202400006768";"155769903";"A01";"1";"7";"0";"2";"0";"26";"1";""
"202400006768";"155769904";"B01";"2";"60";"0";"2";"0";"0";"5";""
"202400006769";"155769901";"A01";"2";"7";"0";"1";"1";"1";"1";""
"202400006770";"155769900";"A01";"3";"7";"0";"2";"4";"15";"1";""
"202400006770";"155769902";"B01";"3";"7";"0";"2";"1";"1";"1";""
"202400006771";"155769898";"A01";"2";"7";"0";"2";"1";"17";"1";""
"202400006771";"155769899";"B01";"2";"7";"8";"2";"3";"15";"1";""
"202400006772";"155769893";"B01";"2";"1";"0";"2";"1";"13";"5";""
"202400006772";"155769896";"A01";"1";"10";"0";"2";"2";"13";"1";""
"202400006773";"155769895";"A01";"0";"7";"0";"9";"1";"15";"1";""
"202400006773";"155769897";"B01";"0";"1";"0";"2";"3";"1";"5";""
"202400006774";"155769892";"B01";"1";"7";"0";"2";"1";"1";"1";""
"202400006774";"155769894";"A01";"2";"60";"0";"0";"0";"0";"5";""
"202400006775";"155769890";"A01";"1";"37";"1";"9";"7";"17";"1";"1"
"202400006776";"155769888";"A01";"3";"10";"0";"0";" -1";"9";"1";""
"202400006776";"155769891";"B01";"1";"33";"11";"0";"1";"21";"1";""
"202400006777";"155769887";"B01";"1";"1";"0";"2";"1";"1";"5";""
"202400006777";"155769889";"A01";"1";"7";"0";"2";"8";"9";"1";""
"202400006778";"155769886";"A01";"3";"7";"0";"1";"3";"16";"1";""
"202400006779";"155769883";"B01";"1";"37";"0";"2";"8";"26";"0";"1"
"202400006779";"155769885";"A01";"2";"33";"0";"2";"8";"26";"1";""
"202400006780";"155769884";"A01";"2";"31";"0";"0";"2";"26";"3";""
"202400006781";"155769882";"A01";"3";"2";"12";"0";"0";"1";"1";""
"202400006782";"155769880";"A01";"2";"7";"0";"1";"3";"1";"2";""
"202400006783";"155769881";"Z01";"2";"32";"0";"1";"1";"26";"0";""
"202400006784";"155769879";"A01";"2";"7";"6";"0";"1";"1";"1";""
"202400006785";"155769877";"B01";"2";"7";"0";"2";"4";"1";"1";""
"202400006785";"155769878";"A01";"2";"7";"0";"2";"1";"2";"1";""
"202400006786";"155769876";"A01";"1";"7";"0";"1";"3";"1";"1";""
"202400006787";"155769874";"B01";"3";"10";"0";"2";"3";"19";"1";""
"202400006787";"155769875";"A01";"1";"7";"0";"2";"1";"1";"1";""
"202400006788";"155769872";"A01";"2";"7";"0";"1";"2";"1";"1";""
"202400006789";"155769870";"B01";"2";"7";"0";"2";"1";"2";"1";""
"202400006789";"155769871";"A01";"2";"7";"0";"2";"1";"2";"1";""
"202400006789";"155769873";"C01";"2";"10";"0";"2";"4";"2";"1";""
"202400006790";"155769867";"A01";"2";"7";"0";"1";"2";"26";"1";""
"202400006791";"155769868";"B01";"3";"33";"0";"2";"1";"1";"1";""
"202400006791";"155769869";"A01";"1";"7";"0";"0";"7";"15";"1";""
"202400006792";"155769865";"B01";"1";"33";"0";"2";"1";"1";"1";""
"202400006792";"155769866";"A01";"2";"7";"0";"2";"2";"10";"1";""
"202400006793";"155769863";"A01";"3";"7";"0";"0";"1";"1";"1";""
"202400006794";"155769862";"B01";"1";"33";"0";"2";"2";"1";"1";""
"202400006794";"155769864";"A01";"2";"21";"0";"2";"5";"1";"1";""
"202400006795";"155769859";"B01";"2";"7";"0";"2";"3";"13";"1";""
"202400006795";"155769860";"A01";"2";"7";"0";"2";"1";"17";"1";""
"202400006796";"155769858";"B01";"2";"10";"0";"2";"7";"1";"1";""
"202400006796";"155769861";"A01";"2";"32";"0";"2";"1";"1";"1";""
"202400006797";"155769857";"A01";"2";"7";"13";"0";"1";"1";"1";""
"202400006798";"155769855";"A01";"3";"30";"0";"1";"1";"1";"1";""
"202400006799";"155769854";"A01";"1";"10";"0";"2";"3";"1";"1";""
"202400006799";"155769856";"B01";"2";"7";"0";"2";"2";"13";"1";""
"202400006800";"155769852";"A01";"1";"7";"0";"2";"3";"15";"1";""
"202400006800";"155769853";"B01";"2";"7";"13";"2";"3";"1";"1";""
"202400006801";"155769851";"A01";"3";"37";"6";"0";"3";"1";"2";"2"
"202400006802";"155769850";"A01";"2";"7";"0";"1";"3";"1";"0";""
"202400006803";"155769848";"A01";"1";"7";"0";"2";"1";"1";"1";""
"202400006803";"155769849";"B01";"2";"10";"0";"2";"1";"1";"1";""
"202400006804";"155769847";"A01";"1";"7";"1";"0";"3";"20";"1";""
"202400006805";"155769846";"A01";"2";"7";"2";"0";"1";"1";"1";""
"202400006806";"155769844";"A01";"2";"33";"0";"0";"0";"0";"1";""
"202400006807";"155769843";"A01";"2";"7";"13";"0";"9";"21";"1";""
"202400006808";"155769842";"A01";"3";"31";"0";"2";"8";"21";"1";""
"202400006808";"155769845";"B01";"1";"10";"0";"2";"0";"1";"1";""
"202400006809";"155769839";"A01";"1";"7";"2";"0";"2";"0";"1";""
"202400006810";"155769837";"A01";"3";"7";"0";"2";"5";"16";"1";""
"202400006810";"155769840";"B01";"3";"1";"0";"2";"1";"1";"5";""
"202400006811";"155769836";"A01";"1";"7";"0";"0";"9";"1";"1";""
"202400006812";"155769834";"A01";"0";"7";"0";"1";"4";"4";"1";""
"202400006813";"155769832";"A01";"2";"1";"0";"0";"0";"0";"5";""
"202400006814";"155769833";"B01";"1";"7";"0";"2";"1";"1";"1";""
"202400006814";"155769835";"A01";"2";"7";"6";"0";"8";"16";"1";""
"202400006815";"155769830";"B01";"1";"7";"0";"2";"3";"1";"1";""
"202400006815";"155769831";"A01";"2";"7";"0";"2";"3";"1";"1";""
"202400006816";"155769828";"A01";"2";"7";"0";"2";"1";"15";"0";""
"202400006816";"155769829";"B01";"1";"7";"0";"2";"1";"1";"1";""
"202400006817";"155769827";"A01";"1";"7";"6";"0";"1";"1";"3";""
"202400006818";"155769824";"A01";"3";"7";"0";"1";"4";"4";"1";""
"202400006819";"155769823";"A01";"1";"33";"0";"2";"1";"1";"1";""
"202400006819";"155769825";"B01";"2";"13";"0";"2";"3";"1";"1";""
"202400006820";"155769826";"A01";"2";"7";"4";"0";"1";"17";"1";""
"202400006821";"155769821";"A01";"1";"7";"0";"2";"6";"15";"1";""
"202400006821";"155769822";"B01";"1";"30";"0";"2";"1";"2";"1";""
"202400006822";"155769819";"A01";"1";"7";"0";"2";"2";"1";"1";""
"202400006822";"155769820";"B01";"1";"7";"0";"2";"1";"16";"1";""
"202400006823";"155769817";"A01";"2";"33";"0";"2";"1";"1";"1";""
"202400006823";"155769818";"B01";"2";"10";"0";"2";"6";"1";"1";""
"202400006824";"155769813";"A01";"1";"33";"0";"2";"1";"1";"1";""
"202400006824";"155769815";"B01";"1";"7";"0";"2";"3";"15";"1";""
"202400006825";"155769810";"A01";"2";"14";"0";"2";"2";"12";"1";""
"202400006825";"155769812";"B01";"2";"7";"3";"2";"3";"1";"1";""
"202400006826";"155769808";"A01";"1";"7";"6";"0";"1";"13";"1";""
"202400006827";"155769809";"A01";"1";"33";"1";"2";"1";"1";"0";""
"202400006827";"155769811";"D01";"1";"50";"0";"0";"6";"26";"3";""
"202400006827";"155769814";"B01";"1";"7";"1";"0";"5";"23";"1";""
"202400006827";"155769816";"C01";"1";"7";"0";"0";"4";"23";"1";""
"202400006828";"155769805";"B01";"1";"33";"13";"2";"8";"2";"1";""
"202400006828";"155769807";"A01";"1";"7";"0";"2";"2";"2";"1";""
"202400006829";"155769806";"A01";"2";"7";"4";"0";"3";"0";"1";""
"202400006830";"155769801";"A01";"1";"7";"0";"2";"3";"13";"1";""
"202400006830";"155769803";"B01";"1";"15";"0";"2";"2";"1";"1";""
"202400006831";"155769800";"A01";"0";"7";"0";"2";"1";"0";"1";""
"202400006831";"155769804";"B01";"0";"7";"0";"2";"7";"1";"1";""
"202400006832";"155769799";"A01";"2";"7";"0";"2";"1";"2";"1";""
"202400006832";"155769802";"B01";"2";"17";"0";"0";"4";"1";"1";""
"202400006833";"155769797";"A01";"1";"7";"0";"2";"2";"1";"1";""
"202400006833";"155769798";"B01";"1";"33";"0";"2";"4";"1";"1";""
"202400006834";"155769796";"A01";"2";"7";"2";"0";"3";"13";"1";""
"202400006835";"155769794";"A01";"1";"7";"0";"2";"1";"17";"1";""
"202400006835";"155769795";"B01";"2";"7";"0";"2";"1";"1";"1";""
"202400006836";"155769791";"A01";"1";"7";"0";"2";"1";"2";"1";""
"202400006836";"155769793";"B01";"1";"10";"0";"2";"3";"26";"1";""
"202400006837";"155769790";"A01";"2";"7";"0";"2";"3";"13";"0";""
"202400006837";"155769792";"B01";"1";"7";"0";"2";"3";"1";"0";""
"202400006838";"155769788";"B01";"2";"14";"0";"2";"8";"1";"1";""
"202400006838";"155769789";"A01";"1";"7";"0";"2";"3";"13";"2";""
"202400006839";"155769786";"A01";"2";"7";"16";"0";"9";"0";"1";""
"202400006840";"155769785";"A01";"2";"30";"0";"2";"8";"26";"1";""
"202400006840";"155769787";"B01";"2";"7";"0";"2";"7";"26";"1";""
"202400006841";"155769784";"A01";"1";"7";"2";"0";"1";"1";"1";""
"202400006842";"155769781";"B01";"2";"10";"0";"2";"6";"1";"1";""
"202400006842";"155769782";"A01";"2";"10";"0";"2";"1";"1";"1";""
"202400006843";"155769780";"B01";"1";"34";"0";"0";"7";"1";"1";""
"202400006843";"155769783";"A01";"1";"7";"0";"0";"1";"15";"2";""
"202400006844";"155769778";"A01";"2";"7";"6";"0";"1";"15";"1";""
"202400006845";"155769776";"A01";"2";"10";"0";"2";"8";"19";"1";""
"202400006845";"155769779";"B01";"2";"33";"0";"2";"1";"1";"1";""
"202400006846";"155769777";"A01";"1";"31";"15";"0";"1";"2";"1";""
"202400006847";"155769774";"A01";"1";"7";"0";"0";"4";"1";"1";""
"202400006847";"155769775";"B01";"1";"7";"0";"2";"1";"1";"1";""
"202400006848";"155769773";"A01";"1";"7";"0";"1";"2";"16";"1";""
"202400006849";"155769772";"A01";"2";"7";"8";"0";"3";"1";"0";""
"202400006850";"155769771";"A01";"3";"7";"0";"1";"2";"1";"1";""
"202400006851";"155769770";"A01";"2";"7";"2";"0";"2";"1";"1";""
"202400006852";"155769769";"A01";"2";"7";"12";"0";"0";"1";"1";""
"202400006853";"155769767";"A01";"2";"10";"0";"9";"2";"2";"1";""
"202400006853";"155769768";"B01";"2";"1";"0";"0";"4";"2";"5";""
"202400006854";"155769765";"B01";"3";"7";"0";"2";"6";"4";"1";""
"202400006854";"155769766";"A01";"1";"7";"0";"2";"3";"1";"1";""
"202400006855";"155769764";"A01";"3";"7";"0";"1";"1";"1";"1";""
"202400006856";"155769761";"A01";"2";"33";"0";"0";"0";"0";"1";""
"202400006856";"155769763";"B01";"2";"7";"0";"2";"0";"0";"0";""
"202400006857";"155769760";"A01";"1";"7";"0";"2";"8";"15";"1";""
"202400006857";"155769762";"B01";"2";"7";"0";"2";"1";"1";"1";""
"202400006858";"155769759";"A01";"1";"33";"0";"0";"2";"1";"1";""
"202400006859";"155769758";"A01";"1";"7";"13";"0";"3";"1";"2";""
"202400006860";"155769757";"A01";"2";"7";"4";"0";"9";"1";"1";""
"202400006861";"155769755";"A01";"1";"7";"0";"2";"3";"1";"1";""
"202400006861";"155769756";"B01";"2";"15";"0";"2";"3";"1";"1";""
"202400006862";"155769754";"A01";"1";"2";"0";"1";"1";"2";"1";""
"202400006863";"155769752";"A01";"1";"2";"0";"0";"9";"1";"1";""
"202400006864";"155769753";"A01";"3";"7";"0";"1";"8";"23";"2";""
"202400006865";"155769751";"A01";"0";"2";"0";"0";"7";"1";"1";""
"202400006866";"155769750";"A01";"1";"7";"2";"0";"2";"1";"1";""
"202400006867";"155769746";"A01";"2";"7";"0";"2";"9";"17";"1";""
"202400006867";"155769748";"B01";"1";"7";"0";"2";"3";"1";"1";""
"202400006867";"155769749";"C01";"1";"17";"0";"2";"9";"1";"1";""
"202400006868";"155769745";"A01";"2";"7";"0";"2";"8";"19";"1";""
"202400006868";"155769747";"B01";"2";"7";"0";"2";"1";"1";"1";""
"202400006869";"155769744";"A01";"1";"7";"0";"1";"2";"1";"1";""
"202400006870";"155769743";"A01";"1";"7";"15";"0";"0";"1";"1";""
"202400006871";"155769740";"A01";"1";"7";"0";"2";"1";"15";"1";""
"202400006871";"155769741";"B01";"2";"2";"0";"2";"1";"1";"1";""
"202400006872";"155769738";"A01";"3";"7";"0";"2";"1";"1";"1";""
"202400006872";"155769739";"B01";"3";"7";"0";"2";"4";"1";"1";""
"202400006872";"155769742";"C01";"3";"7";"0";"2";"4";"15";"1";""
"202400006873";"155769737";"A01";"2";"7";"2";"0";"1";"13";"1";""
"202400006874";"155769736";"A01";"1";"7";"5";"0";"7";"2";"1";""
"202400006875";"155769734";"A01";"1";"7";"8";"2";"3";"13";"1";""
"202400006875";"155769735";"B01";"2";"7";"0";"2";"3";"1";"1";""
"202400006876";"155769733";"UA01";"0";"7";"2";"0";"1";"21";"1";""
"202400006877";"155769730";"B01";"2";"7";"0";"2";"3";"15";"3";""
"202400006877";"155769731";"A01";"2";"50";"0";"2";"1";"26";"3";""
"202400006878";"155769732";"A01";"2";"7";"15";"0";"2";"1";"1";""
"202400006879";"155769729";"A01";"3";"7";"2";"0";"3";"1";"1";""
"202400006880";"155769728";"A01";"3";"7";"0";"1";"1";"1";"1";""
"202400006881";"155769725";"B01";"2";"2";"0";"2";"0";"1";"1";""
"202400006881";"155769727";"A01";"1";"7";"0";"2";"3";"9";"1";""
"202400006882";"155769722";"A01";"3";"7";"0";"2";"2";"15";"1";""
"202400006882";"155769723";"B01";"3";"32";"0";"2";"1";"1";"1";""
"202400006883";"155769721";"A01";"1";"7";"2";"0";"0";"14";"1";""
"202400006884";"155769718";"A01";"2";"7";"0";"2";"2";"16";"1";""
"202400006884";"155769720";"B01";"2";"2";"0";"2";"0";"26";"1";""
"202400006885";"155769719";"A01";"1";"7";"0";"1";"2";"1";"1";""
"202400006886";"155769717";"A01";"2";"7";"0";"1";"3";"1";"1";""
"202400006887";"155769715";"A01";"1";"7";"0";"2";"3";"13";"1";""
"202400006887";"155769716";"B01";"2";"15";"0";"2";"3";"1";"1";""
"202400006888";"155769713";"B01";"1";"7";"0";"2";"2";"1";"1";""
"202400006888";"155769714";"A01";"0";"33";"0";"2";"4";"19";"1";""
"202400006889";"155769712";"A01";"2";"10";"0";"1";"0";"1";"1";""
"202400006890";"155769711";"A01";"1";"30";"0";"1";"2";"17";"1";""
"202400006891";"155769710";"A01";"3";"7";"6";"0";"3";"1";"1";""
"202400006892";"155769709";"B01";"0";"7";"0";"0";"0";"0";" -1";""
"202400006893";"155769707";"A01";"2";"33";"0";"2";"1";"1";"1";""
"202400006893";"155769708";"B01";"1";"7";"0";"2";"6";"15";"1";""
"202400006894";"155769705";"A01";"2";"7";"0";"2";"2";"13";"3";""
"202400006894";"155769706";"B01";"1";"10";"0";"2";"2";"1";"1";""
"202400006895";"155769703";"A01";"2";"33";"0";"2";"8";"1";"1";""
"202400006895";"155769704";"B01";"2";"7";"0";"2";"1";"15";"1";""
"202400006896";"155769701";"A01";"1";"7";"0";"2";"8";"19";"2";""
"202400006896";"155769702";"B01";"2";"10";"0";"2";"1";"26";"1";""
"202400006897";"155769699";"A01";"2";"31";"0";"2";"1";"26";"1";""
"202400006897";"155769700";"B01";"2";"7";"0";"2";"8";"1";"1";""
"202400006898";"155769698";"A01";"0";"7";"2";"0";"5";"4";"1";""
"202400006899";"155769697";"A01";"2";"36";"12";"0";"0";"1";"1";""
"202400006900";"155769695";"A01";"1";"7";"0";"2";"1";"5";"1";""
"202400006900";"155769696";"B01";"2";"7";"0";"2";"1";"1";"1";""
"202400006901";"155769693";"A01";"1";"7";"10";"0";"1";"1";"1";""
"202400006902";"155769692";"A01";"1";"7";"0";"2";"1";"17";"2";""
"202400006902";"155769694";"B01";"1";"10";"0";"2";"1";"1";"1";""
"202400006903";"155769691";"B01";"0";"10";"1";"1";"1";"1";"1";""
"202400006904";"155769690";"A01";"1";"7";"13";"0";"3";"1";"1";""
"202400006905";"155769689";"A01";"1";"33";"16";"0";"9";"17";"1";""
"202400006906";"155769687";"B01";"1";"7";"0";"2";"4";"0";"1";""
"202400006906";"155769688";"A01";"1";"10";"0";"2";"1";"2";"1";""
"202400006907";"155769686";"A01";"2";"34";"13";"0";"1";"18";"1";""
"202400006908";"155769684";"A01";"1";"7";"0";"2";"2";"15";"3";""
"202400006908";"155769685";"B01";"1";"2";"0";"2";"3";"21";"1";""
"202400006909";"155769683";"A01";"1";"7";"0";"1";"1";"1";"1";""
"202400006910";"155769680";"A01";"2";"33";"0";"2";"1";"1";"1";""
"202400006910";"155769682";"B01";"2";"7";"0";"2";"3";"15";"1";""
"202400006911";"155769679";"A01";"2";"7";"0";"2";"1";"1";"1";""
"202400006911";"155769681";"B01";"1";"7";"0";"2";"3";"19";"1";""
"202400006912";"155769677";"A01";"1";"7";"0";"2";"3";"15";"1";""
"202400006912";"155769678";"B01";"1";"33";"0";"2";"1";"1";"1";""
"202400006913";"155769675";"A01";"1";"7";"0";"0";"6";"23";"1";""
"202400006913";"155769676";"B01";"2";"2";"0";"0";"1";"17";"1";""
"202400006914";"155769672";"A01";"3";"7";"0";"2";"3";"9";"1";""
"202400006914";"155769674";"B01";"1";"33";"0";"2";"4";"14";"1";""
"202400006915";"155769671";"B01";"1";"7";"1";"0";"1";"1";"3";""
"202400006915";"155769673";"A01";"1";"15";"0";"0";"4";"24";"1";""
"202400006916";"155769670";"A01";"2";"33";"0";"0";"9";"2";"1";""
"202400006917";"155769669";"A01";"2";"7";"0";"1";"3";"0";"1";""
"202400006918";"155769668";"A01";"2";"7";"0";"0";"9";"1";"1";""
"202400006919";"155769665";"A01";"1";"2";"0";"2";"3";"17";"1";""
"202400006919";"155769666";"B01";"2";"7";"0";"2";"8";"1";"1";""
"202400006919";"155769667";"C01";"1";"13";"0";"0";"8";"1";"1";""
"202400006920";"155769663";"A01";"1";"7";"3";"2";"2";"2";"1";""
"202400006920";"155769664";"B01";"1";"7";"6";"0";"6";"2";"1";""
"202400006921";"155769660";"A01";"2";"7";"0";"2";"0";"15";"1";""
"202400006921";"155769662";"B01";"1";"33";"0";"2";"1";"1";"1";""
"202400006922";"155769659";"A01";"1";"7";"9";"2";"5";"26";"1";""
"202400006922";"155769661";"B01";"1";"7";"0";"2";"3";"1";"1";""
"202400006923";"155769656";"A01";"2";"7";"0";"2";"8";"13";"1";""
"202400006923";"155769658";"B01";"2";"33";"0";"2";"7";"1";"1";""
"202400006924";"155769655";"A01";"2";"7";"0";"2";"3";"9";"1";""
"202400006924";"155769657";"B01";"1";"30";"0";"2";"1";"1";"1";""
"202400006925";"155769651";"B01";"0";"1";"0";"2";"1";"1";"5";""
"202400006925";"155769653";"A01";"0";"7";"0";"9";"5";"24";"2";""
"202400006926";"155769649";"A01";"3";"34";"16";"0";"2";"16";"3";""
"202400006927";"155769648";"A01";"1";"7";"0";"2";"1";"14";"1";""
"202400006927";"155769650";"C01";"1";"7";"0";"2";"6";"23";"1";""
"202400006927";"155769652";"B01";"1";"7";"0";"2";"9";"23";"1";""
"202400006927";"155769654";"D01";"1";"7";"0";"2";"6";"23";"3";""
"202400006928";"155769645";"A01";"1";"7";"0";"2";"1";"2";"1";""
"202400006928";"155769647";"B01";"1";"7";"0";"2";"4";"2";"1";""
"202400006929";"155769644";"A01";"1";"7";"0";"2";"3";"15";"3";""
"202400006929";"155769646";"B01";"2";"7";"0";"2";"3";"1";"2";""