"Num_Acc";"id_vehicule";"num_veh";"senc";"catv";"obs";"obsm";"choc";"manv";"motor";"occutc"
"202400006930";"155769642";"B01";"1";"7";"0";"1";"0";"1";"1";""
"202400006930";"155769643";"C01";"1";"7";"0";"2";"0";"1";"1";""
"202400006931";"155769641";"A01";"1";"7";"0";"1";"1";"1";"1";""
"202400006932";"155769638";"B01";"2";"7";"0";"2";"4";"23";"0";""
"202400006932";"155769640";"A01";"2";"7";"1";"0";"1";"14";"0";""
"202400006933";"155769637";"A01";"1";"10";"0";"2";"5";"1";"0";""
"202400006933";"155769639";"B01";"1";"33";"0";"2";"1";"1";"0";""
"202400006934";"155769633";"B01";"1";"7";"0";"2";"3";"1";"1";""
"202400006934";"155769635";"A01";"2";"38";"0";"2";"3";"1";"1";"1"
"202400006935";"155769632";"A01";"1";"7";"0";"2";"2";"1";"1";""
"202400006935";"155769634";"B01";"1";"7";"0";"2";"8";"1";"2";""
"202400006935";"155769636";"C01";"1";"7";"0";"2";"4";"1";"1";""
"202400006936";"155769628";"B01";"2";"32";"0";"2";"5";"3";"1";""
"202400006936";"155769630";"A01";"2";"7";"0";"2";"8";"11";"1";""
"202400006937";"155769629";"A01";"1";"7";"0";"2";"8";"19";"1";""
"202400006937";"155769631";"B01";"2";"7";"0";"2";"3";"1";"1";""
"202400006938";"155769627";"A01";"2";"7";"4";"0";"4";"1";"1";""
"202400006939";"155769624";"A01";"3";"7";"0";"2";"3";"9";"1";""
"202400006939";"155769626";"B01";"3";"33";"0";"2";"1";"1";"1";""
"202400006940";"155769622";"A01";"2";"7";"0";"2";"7";"2";"1";""
"202400006940";"155769625";"B01";"2";"2";"0";"2";"1";"2";"1";""
"202400006941";"155769620";"A01";"1";"33";"11";"0";"1";"0";"1";""
"202400006942";"155769619";"A01";"2";"7";"0";"2";"1";"1";"1";""
"202400006942";"155769621";"C01";"2";"7";"0";"2";"4";"1";"1";""
"202400006942";"155769623";"B01";"2";"7";"0";"2";"4";"1";"1";""
"202400006943";"155769617";"B01";"1";"33";"0";"2";"1";"1";"1";""
"202400006943";"155769618";"A01";"2";"7";"0";"2";"3";"15";"1";""
"202400006944";"155769615";"A01";"0";"7";"0";"1";"2";"1";"1";""
"202400006945";"155769613";"A01";"2";"33";"0";"2";"1";"3";"1";""
"202400006945";"155769614";"C01";"2";"10";"0";"2";"4";"1";"1";""
"202400006945";"155769616";"B01";"2";"10";"0";"2";"6";"1";"1";""
"202400006946";"155769611";"A01";"1";"7";"0";"9";"1";"1";"1";""
"202400006946";"155769612";"B01";"2";"99";"0";"2";"8";"19";"3";""
"202400006947";"155769610";"A01";"1";"7";"4";"0";"1";"1";"1";""
"202400006948";"155769605";"A01";"0";"7";"0";"2";"1";"13";"1";""
"202400006948";"155769606";"B01";"0";"7";"0";"2";"1";"1";"1";""
"202400006949";"155769604";"A01";"1";"7";"0";"2";"1";"1";"1";""
"202400006949";"155769608";"B01";"2";"7";"0";"2";"8";"15";"1";""
"202400006950";"155769601";"D01";"2";"7";"0";"2";"4";"1";"1";""
"202400006950";"155769602";"E01";"2";"7";"0";"2";"4";"1";"1";""
"202400006950";"155769603";"A01";"2";"7";"0";"2";"1";"12";"1";""
"202400006950";"155769607";"C01";"2";"7";"0";"2";"4";"1";"1";""
"202400006950";"155769609";"B01";"2";"7";"0";"2";"4";"2";"1";""
"202400006951";"155769598";"A01";"1";"10";"0";"2";"8";"23";"1";""
"202400006951";"155769600";"B01";"2";"60";"0";"2";"0";"0";"5";""
"202400006952";"155769599";"A01";"0";"7";"0";"1";"3";"15";"1";""
"202400006953";"155769595";"A01";"2";"33";"0";"2";"3";"3";"1";""
"202400006953";"155769597";"Z01";"2";"10";"0";"2";"7";"12";"0";""
"202400006954";"155769593";"B01";"1";"33";"0";"2";"8";"9";"1";""
"202400006954";"155769596";"A01";"1";"7";"0";"2";"2";"9";"1";""
"202400006955";"155769592";"B01";"2";"2";"0";"2";"4";"1";"1";""
"202400006955";"155769594";"A01";"2";"7";"0";"2";"1";"17";" -1";""
"202400006956";"155769591";"A01";"1";"10";"0";"1";"1";"18";"1";""
"202400006957";"155769589";"A01";"0";"50";"0";"0";"0";"1";"3";""
"202400006958";"155769588";"B01";"3";"50";"0";"2";"3";"25";"3";""
"202400006958";"155769590";"A01";"3";"7";"2";"0";"2";"26";"1";""
"202400006959";"155769587";"A01";"2";"7";"10";"0";"1";"1";"1";""
"202400006960";"155769584";"A01";"2";"7";"0";"2";"1";"5";"1";""
"202400006960";"155769585";"B01";"1";"7";"0";"2";"1";"1";"1";""
"202400006961";"155769580";"B01";"1";"7";"0";"2";"6";"1";"1";""
"202400006961";"155769582";"A01";"1";"10";"0";"2";"1";"1";"1";""
"202400006962";"155769577";"A01";"3";"17";"0";"2";"7";"12";"1";""
"202400006962";"155769579";"B01";"3";"7";"0";"2";"8";"1";"1";""
"202400006962";"155769581";"C01";"3";"33";"0";"2";"2";"1";"1";""
"202400006963";"155769576";"A01";"1";"7";"0";"2";"1";"13";"1";""
"202400006963";"155769578";"B01";"2";"7";"0";"2";"1";"0";"1";""
"202400006964";"155769575";"A01";"1";"50";"0";"1";"1";"1";"3";""
"202400006965";"155769573";"A01";"1";"37";"0";"2";"0";"0";"4";"1"
"202400006965";"155769574";"B01";"1";"1";"0";"2";"3";"1";"5";""
"202400006966";"155769570";"A01";"1";"7";"0";"9";"7";"17";"1";""
"202400006966";"155769572";"B01";"1";"1";"0";"2";"4";"15";"5";""
"202400006967";"155769568";"B01";"1";"1";"0";"2";"7";"16";"5";""
"202400006967";"155769571";"A01";"2";"7";"0";"2";"1";"9";"1";""
"202400006968";"155769567";"A01";"1";"7";"0";"1";"1";"1";"1";""
"202400006969";"155769566";"A01";"2";"30";"0";"2";"3";"1";"1";""
"202400006969";"155769569";"B01";"1";"7";"0";"2";"3";"15";"1";""
"202400006970";"155769562";"A01";"2";"7";"0";"2";"0";"15";"1";""
"202400006970";"155769564";"B01";"1";"33";"0";"2";"1";"1";"1";""
"202400006971";"155769560";"C01";"2";"7";"0";"2";"0";"0";"1";""
"202400006971";"155769561";"B01";"1";"7";"0";"2";"0";"0";"1";""
"202400006971";"155769563";"A01";"1";"33";"0";"2";"0";"17";"1";""
"202400006972";"155769565";"A01";"0";"7";"0";"1";"0";"0";"0";""
"202400006973";"155769559";"A01";"2";"7";"1";"0";"0";"0";"1";""
"202400006974";"155769558";"A01";"0";"7";"0";"1";"1";"9";"1";""
"202400006975";"155769556";"A01";"0";"37";"0";"1";"2";"1";"1";"1"
"202400006976";"155769555";"B01";"2";"7";"0";"2";"8";"15";"1";""
"202400006976";"155769557";"A01";"2";"31";"0";"2";"1";"17";"1";""
"202400006977";"155769553";"A01";"0";"33";"15";"0";"8";"13";"1";""
"202400006978";"155769552";"B01";"1";"10";"0";"2";"1";"1";"1";""
"202400006978";"155769554";"A01";"1";"33";"0";"2";"9";"1";"0";""
"202400006979";"155769549";"A01";"1";"10";"0";"9";"5";"15";"1";""
"202400006979";"155769551";"B01";"1";"50";"0";"2";"1";"0";"3";""
"202400006980";"155769546";"A01";"1";"7";"0";"2";"3";"0";"1";""
"202400006980";"155769548";"B01";"1";"7";"0";"2";"3";"0";"1";""
"202400006981";"155769545";"B01";"1";"7";"0";"2";"6";"17";"1";""
"202400006981";"155769547";"A01";"1";"7";"0";"2";"1";"1";"1";""
"202400006981";"155769550";"C01";"1";"7";"0";"2";"6";"1";"1";""
"202400006982";"155769541";"A01";"2";"32";"0";"0";"0";"0";"1";""
"202400006983";"155769540";"A01";"2";"7";"15";"0";"2";"1";"1";""
"202400006983";"155769543";"B01";"2";"7";"0";"9";"1";"1";"1";""
"202400006983";"155769544";"C01";"2";"7";"0";"9";"1";"1";"1";""
"202400006984";"155769539";"B01";"1";"32";"0";"2";"3";"21";"1";""
"202400006984";"155769542";"A01";"1";"10";"0";"2";"7";"9";"1";""
"202400006985";"155769535";"B01";"3";"7";"6";"2";"1";"1";"1";""
"202400006985";"155769537";"A01";"3";"7";"6";"2";"1";"1";"1";""
"202400006986";"155769534";"A01";"1";"33";"0";"2";"1";"19";"1";""
"202400006986";"155769538";"B01";"1";"32";"0";"2";"1";"19";"1";""
"202400006987";"155769533";"A01";"2";"7";"14";"2";"1";"1";"1";""
"202400006987";"155769536";"B01";"3";"10";"15";"0";"8";"9";"1";""
"202400006988";"155769530";"B01";"1";"10";"0";"2";"4";"1";"1";""
"202400006988";"155769531";"A01";"1";"7";"0";"2";"1";"2";"1";""
"202400006989";"155769529";"B01";"1";"1";"9";"2";"4";"1";"5";""
"202400006989";"155769532";"A01";"2";"7";"0";"2";"1";"1";"0";""
"202400006990";"155769527";"A01";"0";"10";"0";"1";"3";"1";"1";""
"202400006991";"155769525";"B01";"3";"7";"0";"2";"4";"2";"1";""
"202400006991";"155769526";"C01";"3";"7";"0";"0";"4";"2";"1";""
"202400006991";"155769528";"A01";"3";"7";"0";"2";"1";"2";"1";""
"202400006992";"155769523";"A01";"1";"1";"0";"2";"1";"1";"5";""
"202400006992";"155769524";"B01";"1";"7";"0";"2";"4";"1";"1";""
"202400006993";"155769520";"A01";"1";"7";"0";"1";"7";"1";"1";""
"202400006994";"155769521";"B01";"2";"33";"0";"2";"1";"17";"1";""
"202400006994";"155769522";"A01";"2";"7";"0";"0";"8";"15";"3";""
"202400006995";"155769517";"A01";"3";"7";"0";"2";"3";"17";"1";""
"202400006995";"155769519";"B01";"3";"1";"0";"2";"1";"1";"5";""
"202400006996";"155769516";"B01";"1";"30";"0";"2";"7";"17";"1";""
"202400006996";"155769518";"A01";"1";"7";"0";"2";"3";"15";"1";""
"202400006997";"155769513";"A01";"1";"10";"0";"2";"5";"16";"1";""
"202400006997";"155769515";"B01";"1";"50";"0";"2";"8";"1";"3";""
"202400006998";"155769510";"A01";"1";"7";"0";"2";"8";"15";"1";""
"202400006998";"155769512";"B01";"1";"33";"0";"2";"2";"17";"1";""
"202400006999";"155769511";"B01";"1";"7";"0";"2";"7";"1";"1";""
"202400006999";"155769514";"A01";"1";"7";"0";"2";"8";"19";"1";""
"202400007000";"155769509";"A01";"2";"10";"0";"1";"1";"1";"1";""
"202400007001";"155769507";"A01";"1";"7";"3";"0";"1";"1";"1";""
"202400007002";"155769508";"A01";"1";"33";"13";"0";"1";"1";"1";""
"202400007003";"155769505";"A01";"1";"7";"0";"2";"7";"2";"1";""
"202400007003";"155769506";"B01";"1";"50";"0";"2";"8";"2";"3";""
"202400007004";"155769503";"A01";"3";"10";"0";"2";"5";"15";"1";""
"202400007004";"155769504";"B01";"3";"7";"0";"2";"2";"1";"1";""
"202400007005";"155769501";"B01";"3";"2";"0";"2";"0";" -1";" -1";""
"202400007005";"155769502";"D01";"3";"60";"0";"2";"0";"26";"5";""
"202400007006";"155769498";"A01";"1";"7";"1";"0";"1";"19";"1";""
"202400007007";"155769497";"A01";"1";"7";"0";"2";"9";"1";"1";""
"202400007007";"155769499";"B01";"1";"7";"0";"2";"6";"2";"1";""
"202400007007";"155769500";"C01";"2";"7";"0";"2";"3";"1";"1";""
"202400007008";"155769496";"A01";"1";"7";"0";"1";"2";"2";"2";""
"202400007009";"155769494";"B01";"1";"50";"0";"2";"3";"0";"3";""
"202400007009";"155769495";"A01";"1";"14";"0";"2";"0";"0";"1";""
"202400007010";"155769492";"A01";"3";"7";"0";"2";"0";"0";"0";""
"202400007010";"155769493";"B01";"3";"1";"0";"2";"0";"0";"5";""
"202400007011";"155769490";"A01";"2";"7";"0";"2";"1";"1";"1";""
"202400007011";"155769491";"B01";"1";"1";"0";"2";"1";"13";"5";""
"202400007012";"155769488";"C01";"1";"7";"0";"2";"2";"1";"1";""
"202400007012";"155769489";"B01";"1";"7";"0";"2";"2";"1";"1";""
"202400007013";"155769484";"A01";"1";"7";"0";"2";"2";"2";"1";""
"202400007013";"155769485";"B01";"1";"10";"0";"2";"4";"2";"1";""
"202400007013";"155769486";"C01";"1";"7";"0";"2";"4";"2";"3";""
"202400007013";"155769487";"D01";"1";"10";"0";"2";"0";"2";"1";""
"202400007014";"155769482";"A01";"1";"7";"0";"2";"1";"1";"1";""
"202400007014";"155769483";"B01";"1";"33";"0";"2";"4";"1";"1";""
"202400007015";"155769480";"A01";"1";"7";"0";"2";"1";"1";"1";""
"202400007015";"155769481";"B01";"1";"7";"0";"2";"6";"1";"1";""
"202400007016";"155769478";"A01";"1";"10";"0";"9";"4";"26";"1";""
"202400007016";"155769479";"B01";"1";"50";"0";"0";"1";"1";"3";""
"202400007017";"155769477";"A01";"1";"7";"0";"1";"1";"26";"2";""
"202400007018";"155769475";"A01";"2";"0";"0";"2";"0";"0";"0";""
"202400007018";"155769476";"B01";"2";"30";"0";"2";"7";"17";"1";""
"202400007019";"155769473";"A01";"1";"7";"0";"2";"4";"4";"1";""
"202400007019";"155769474";"B01";"1";"1";"0";"2";"1";"1";"5";""
"202400007020";"155769471";"A01";"2";"7";"0";"2";"3";"13";"1";""
"202400007020";"155769472";"B01";"1";"33";"0";"2";"1";"1";"1";""
"202400007021";"155769469";"A01";"1";"33";"0";"2";"1";"0";"1";""
"202400007021";"155769470";"B01";"2";"7";"0";"2";"3";"0";"1";""
"202400007022";"155769467";"A01";"3";"7";"0";"9";"2";"26";"2";""
"202400007022";"155769468";"B01";"3";"50";"0";"0";"0";"0";"3";""
"202400007023";"155769465";"A01";"3";"1";"0";"2";"1";"1";"5";""
"202400007023";"155769466";"B01";"1";"7";"0";"2";"3";"1";"1";""
"202400007024";"155769462";"B01";"2";"1";"0";"2";"0";"1";"5";""
"202400007024";"155769463";"A01";"2";"33";"0";"2";"0";"1";"1";""
"202400007025";"155769460";"A01";"1";"7";"0";"2";"3";"15";"1";""
"202400007025";"155769461";"B01";"2";"33";"0";"2";"1";"1";"1";""
"202400007026";"155769459";"A01";"1";"10";"0";"1";"4";"4";"1";""
"202400007027";"155769457";"B01";"2";"30";"0";"2";"1";"18";"1";""
"202400007027";"155769458";"A01";"2";"7";"0";"2";"3";"15";"1";""
"202400007028";"155769455";"A01";"3";"7";"0";"2";"1";"2";"1";""
"202400007028";"155769456";"B01";"3";"7";"0";"0";"4";"2";"1";""
"202400007029";"155769453";"A01";"1";"7";"0";"2";"1";"26";"1";""
"202400007029";"155769454";"B01";"1";"1";"0";"2";"2";"1";"5";""
"202400007030";"155769451";"A01";"1";"33";"0";"2";"1";"1";"1";""
"202400007030";"155769452";"B01";"1";"7";"0";"2";"4";"1";"1";""
"202400007031";"155769449";"A01";"1";"31";"0";"2";"1";"1";"1";""
"202400007031";"155769450";"B01";"0";"7";"0";"2";"3";"1";"1";""
"202400007032";"155769445";"A01";"2";"7";"0";"2";"1";"7";"1";""
"202400007032";"155769446";"B01";"2";"2";"0";"2";"7";"7";"1";""
"202400007033";"155769443";"B01";"3";"10";"0";"2";"1";"1";"1";""
"202400007033";"155769444";"A01";"3";"7";"0";"2";"3";"15";"1";""
"202400007034";"155769441";"B01";"3";"33";"0";"2";"8";"9";"1";""
"202400007034";"155769442";"A01";"3";"7";"0";"2";"2";"26";"3";""
"202400007035";"155769439";"B01";"2";"7";"0";"2";"4";"2";"0";""
"202400007035";"155769440";"A01";"2";"31";"0";"2";"1";"1";"1";""
"202400007036";"155769436";"A01";"1";"10";"0";"2";"4";"2";"1";""
"202400007036";"155769437";"B01";"1";"7";"0";"2";"4";"1";"1";""
"202400007036";"155769438";"C01";"1";"7";"0";"2";"0";"2";"1";""
"202400007037";"155769434";"B01";"2";"7";"0";"2";"4";"1";"1";""
"202400007037";"155769435";"A01";"1";"7";"0";"2";"1";"2";"1";""
"202400007038";"155769432";"A01";"2";"7";"0";"2";"1";"2";"1";""
"202400007038";"155769433";"B01";"2";"15";"0";"2";"4";"2";"1";""
"202400007039";"155769430";"A01";"1";"33";"0";"2";"8";"21";"1";""
"202400007039";"155769431";"B01";"1";"7";"0";"2";"6";"1";"2";""
"202400007040";"155769428";"A01";"1";"14";"0";"2";"1";"16";"1";""
"202400007040";"155769429";"B01";"1";"1";"0";"2";"8";"1";"5";""
"202400007041";"155769427";"A01";"1";"33";"1";"1";"1";"1";"1";""
"202400007042";"155769425";"B01";"1";"7";"0";"2";"1";"1";"2";""
"202400007042";"155769426";"A01";"2";"14";"0";"2";"2";"1";"3";""
"202400007043";"155769423";"A01";"2";"33";"0";"2";"4";"11";"1";""
"202400007043";"155769424";"B01";"2";"1";"0";"2";"1";"2";"5";""
"202400007044";"155769421";"B01";"2";"1";"0";"2";"3";"13";"5";""
"202400007044";"155769422";"A01";"2";"10";"0";"2";"2";"1";"1";""
"202400007045";"155769419";"A01";"3";"33";"0";"0";"7";"3";"1";""
"202400007045";"155769420";"B01";"0";"7";"0";"2";"8";"13";"1";""
"202400007046";"155769418";"A01";"2";"7";"0";"1";"7";"16";"1";""
"202400007047";"155769416";"B01";"2";"50";"0";"2";"1";"1";"3";""
"202400007047";"155769417";"A01";"3";"31";"0";"2";"1";"5";"1";""
"202400007048";"155769413";"A01";"3";"33";"0";"2";"3";"18";"1";""
"202400007048";"155769414";"C01";"3";"10";"0";"2";"5";"1";"1";""
"202400007048";"155769415";"B01";"3";"7";"0";"2";"7";"1";"1";""
"202400007049";"155769411";"B01";"2";"33";"0";"2";"1";"1";"1";""
"202400007049";"155769412";"A01";"2";"31";"0";"2";"8";"1";"1";""
"202400007050";"155769410";"A01";"1";"50";"0";"1";"1";"1";"3";""
"202400007051";"155769408";"A01";"1";"50";"0";"2";"1";"1";"3";""
"202400007051";"155769409";"B01";"1";"1";"0";"2";"4";"15";"5";""
"202400007052";"155769406";"B01";"1";"50";"0";"2";"1";"2";"3";""
"202400007052";"155769407";"A01";"1";"30";"0";"2";"5";"2";"3";""
"202400007053";"155769404";"A01";"1";"34";"0";"2";"7";"10";"1";""
"202400007053";"155769405";"B01";"2";"33";"0";"2";"1";"1";"1";""
"202400007054";"155769402";"B01";"3";"2";"0";"2";"1";"0";"0";""
"202400007054";"155769403";"A01";"3";"7";"0";"2";"2";"5";"1";""
"202400007055";"155769400";"B01";"1";"1";"0";"2";"4";"1";"5";""
"202400007055";"155769401";"A01";"1";"1";"0";"2";"1";"2";"5";""
"202400007056";"155769398";"A01";"0";"7";"0";"2";"1";"1";"1";""
"202400007056";"155769399";"B01";"0";"7";"0";"2";"1";"1";"1";""
"202400007057";"155769396";"A01";"3";"7";"0";"2";"4";"0";"1";""
"202400007057";"155769397";"B01";"3";"7";"0";"2";"1";"1";"1";""
"202400007058";"155769394";"A01";"1";"7";"1";"0";"1";"16";"1";""
"202400007058";"155769395";"B01";"1";"7";"1";"0";"8";"24";"1";""
"202400007059";"155769392";"A01";"1";"7";"0";"2";"3";"22";"0";""
"202400007059";"155769393";"B01";"1";"80";"1";"0";"3";"22";"3";""
"202400007060";"155769390";"A01";"0";"33";"1";"2";"1";"3";"1";""
"202400007060";"155769391";"B01";"0";"7";"0";"2";"3";"15";"1";""
"202400007061";"155769388";"B01";"2";"33";"0";"2";"3";"0";"1";""
"202400007061";"155769389";"A01";"1";"7";"0";"2";"2";"15";"1";""
"202400007062";"155769386";"A01";"1";"10";"0";"2";"3";"15";"1";""
"202400007062";"155769387";"B01";"1";"32";"0";"2";"1";"3";"1";""
"202400007063";"155769383";"B01";"2";"33";"0";"2";"3";"1";"0";""
"202400007063";"155769384";"A01";"1";"7";"0";"2";"3";"15";"1";""
"202400007064";"155769382";"Z01";"1";"7";"0";"9";"1";"1";"0";""
"202400007064";"155769385";"A01";"1";"50";"0";"2";"7";"1";"3";""
"202400007065";"155769381";"A01";"0";"7";"0";"2";"1";"1";"1";""
"202400007066";"155769380";"A01";"1";"32";"9";"1";"8";"2";"1";""
"202400007067";"155769378";"A01";"1";"7";"0";"2";"3";"15";"1";""
"202400007067";"155769379";"B01";"1";"33";"0";"2";"1";"0";"1";""
"202400007068";"155769376";"B01";"1";"7";"0";"9";"1";"20";"1";""
"202400007068";"155769377";"A01";"2";"1";"0";"2";"1";"5";"5";""
"202400007069";"155769374";"A01";"1";"30";"0";"2";"8";"0";"1";""
"202400007069";"155769375";"B01";"1";"7";"0";"2";"1";"9";"1";""
"202400007070";"155769372";"A01";"3";"7";"3";"0";"3";"1";"1";""
"202400007071";"155769373";"A01";"2";"33";"0";"0";"9";"2";"1";""
"202400007072";"155769369";"A01";"2";"7";"0";"2";"2";"1";"1";""
"202400007072";"155769370";"B01";"2";"33";"0";"2";"3";"17";"3";""
"202400007072";"155769371";"C01";"1";"7";"0";"2";"0";"0";"2";""
"202400007073";"155769366";"B01";"3";"7";"0";"0";"8";"15";"1";""
"202400007073";"155769367";"A01";"1";"33";"0";"2";"1";"1";"1";""
"202400007074";"155769365";"A01";"2";"10";"0";"2";"2";"16";"1";""
"202400007074";"155769368";"B01";"2";"1";"0";"2";"8";"1";"5";""
"202400007075";"155769363";"B01";"1";"37";"0";"2";"3";"1";"1";"1"
"202400007075";"155769364";"A01";"1";"7";"0";"2";"2";"15";"2";""
"202400007076";"155769362";"A01";"1";"7";"1";"0";"2";"1";"1";""
"202400007077";"155769360";"A01";"1";"14";"0";"2";"1";"2";"6";""
"202400007077";"155769361";"B01";"3";"7";"0";"2";"4";"1";"3";""
"202400007078";"155769359";"A01";"1";"7";"1";"0";"1";"21";"2";""
"202400007079";"155769357";"A01";"2";"7";"0";"2";"1";"19";"1";""
"202400007079";"155769358";"B01";"1";"7";"0";"2";"1";"1";"1";""
"202400007080";"155769355";"A01";"1";"34";"0";"0";"0";"2";"1";""
"202400007081";"155769354";"A01";"1";"7";"0";"2";"3";"1";"1";""
"202400007081";"155769356";"B01";"1";"2";"0";"2";"1";"2";"1";""
"202400007082";"155769353";"A01";"1";"7";"0";"1";"7";"1";"1";""
"202400007083";"155769351";"A01";"1";"34";"0";"2";"3";"1";"1";""
"202400007083";"155769352";"B01";"2";"7";"0";"2";"3";"1";"1";""
"202400007084";"155769347";"B01";"0";"33";"0";"2";"3";"0";"1";""
"202400007084";"155769349";"A01";"0";"10";"0";"2";"3";"0";"1";""
"202400007085";"155769348";"A01";"1";"10";"0";"2";"3";"2";"1";""
"202400007085";"155769350";"B01";"1";"37";"0";"2";"2";"2";"3";"1"
"202400007086";"155769345";"B01";"1";"14";"0";"2";"6";"15";"1";""
"202400007086";"155769346";"A01";"1";"33";"0";"2";"1";"17";"1";""
"202400007087";"155769343";"A01";"1";"33";"0";"9";"8";"1";"1";""
"202400007087";"155769344";"B01";"1";"1";"0";"2";"1";"16";"5";""
"202400007088";"155769341";"A01";"1";"7";"0";"2";"1";"1";"1";""
"202400007088";"155769342";"B01";"2";"2";"0";"0";"8";"1";"1";""
"202400007089";"155769339";"A01";"1";"7";"13";"0";"0";"1";"1";""
"202400007090";"155769338";"A01";"2";"7";"0";"2";"1";"0";"0";""
"202400007090";"155769340";"B01";"0";"60";"0";"0";"0";"5";"5";""
"202400007091";"155769336";"A01";"1";"30";"0";"2";"3";"1";"1";""
"202400007091";"155769337";"B01";"1";"7";"0";"2";"3";"11";"1";""
"202400007092";"155769335";"A01";"1";"7";"0";"1";"0";"1";"2";""
"202400007093";"155769333";"B01";"3";"7";"0";"2";"8";"15";"1";""
"202400007093";"155769334";"A01";"1";"7";"0";"2";"1";"1";"1";""
"202400007094";"155769331";"A01";"1";"37";"0";"0";"0";"1";"2";"2"
"202400007095";"155769329";"B01";"1";"10";"0";"2";"2";"19";"1";""
"202400007095";"155769330";"A01";"1";"33";"0";"2";"8";"17";"1";""
"202400007095";"155769332";"C01";"1";"7";"0";"9";"4";"2";"1";""
"202400007096";"155769327";"A01";"1";"7";"0";"1";"1";"1";"1";""
"202400007097";"155769328";"A01";"3";"60";"0";"0";"0";"0";"5";""
"202400007098";"155769326";"A01";"1";"33";"16";"0";"0";"1";"1";""
"202400007099";"155769323";"A01";"1";"7";"0";"2";"3";"13";"1";""
"202400007099";"155769324";"B01";"2";"10";"0";"2";"3";"21";"1";""
"202400007100";"155769322";"A01";"1";"7";"0";"2";"1";"2";"1";""
"202400007100";"155769325";"B01";"1";"7";"0";"2";"4";"2";"1";""
"202400007101";"155769320";"A01";"3";"7";"15";"0";"1";"14";"1";""
"202400007102";"155769321";"A01";"1";"33";"0";"0";"7";"2";"1";""
"202400007103";"155769319";"A01";"3";"7";"0";"2";"2";"17";"1";""
"202400007104";"155769315";"A01";"1";"7";"0";"2";"3";"13";"1";""
"202400007104";"155769317";"B01";"2";"33";"0";"2";"3";"1";"1";""
"202400007105";"155769316";"B01";"2";"30";"0";"2";"4";"2";"1";""
"202400007105";"155769318";"A01";"2";"7";"0";"2";"2";"2";"1";""
"202400007106";"155769312";"A01";"1";"33";"0";"2";"1";"1";"1";""
"202400007106";"155769313";"B01";"1";"7";"0";"0";"3";"19";"1";""
"202400007107";"155769310";"A01";"1";"7";"2";"0";"1";"15";"1";""
"202400007108";"155769309";"A01";"1";"10";"2";"0";"1";"1";"1";""
"202400007109";"155769308";"A01";"1";"2";"0";"1";"1";"1";"1";""
"202400007110";"155769305";"A01";"1";"14";"0";"2";"1";"1";"1";""
"202400007110";"155769307";"B01";"1";"33";"0";"2";"0";"0";"1";""
"202400007111";"155769302";"A01";"2";"33";"0";"0";"0";"1";"1";""
"202400007112";"155769301";"B01";"1";"21";"0";"2";"3";"1";"0";""
"202400007112";"155769303";"A01";"2";"33";"0";"2";"1";"0";"1";""
"202400007113";"155769299";"A01";"1";"1";"0";"0";"0";"1";"5";""
"202400007114";"155769298";"B01";"1";"1";"0";"0";"6";"1";"5";""
"202400007114";"155769300";"A01";"1";"2";"0";"0";"1";"1";"0";""
"202400007115";"155769296";"A01";"0";"7";"0";"2";"3";"13";"1";""
"202400007115";"155769297";"B01";"0";"7";"0";"2";"3";"1";"1";""
"202400007116";"155769294";"A01";"1";"7";"3";"0";"1";"14";"1";""
"202400007117";"155769291";"B01";"2";"33";"0";"2";"1";"1";"1";""
"202400007117";"155769292";"C01";"1";"33";"0";"2";"3";"1";"1";""
"202400007117";"155769293";"D01";"1";"33";"0";"2";"3";"1";"1";""
"202400007117";"155769295";"A01";"1";"7";"0";"2";"8";"1";"1";""
"202400007118";"155769288";"A01";"1";"34";"1";"2";"1";"26";"0";""
"202400007118";"155769289";"B01";"2";"7";"0";"2";"3";"1";"1";""
"202400007119";"155769285";"A01";"1";"7";"0";"0";"1";"21";"1";""
"202400007120";"155769286";"B01";"1";"7";"0";"2";"1";"1";"1";""
"202400007120";"155769287";"C01";"2";"7";"0";"2";"6";"1";"1";""
"202400007120";"155769290";"A01";"2";"10";"0";"2";"1";"17";"1";""
"202400007121";"155769282";"B01";"2";"1";"0";"2";"8";"11";"5";""
"202400007121";"155769284";"A01";"2";"7";"0";"2";"7";"17";"1";""
"202400007122";"155769283";"A01";"3";"7";"8";"0";"1";"1";"1";""
"202400007123";"155769281";"A01";"2";"1";"0";"0";"0";"2";"5";""
"202400007124";"155769280";"A01";"2";"7";"13";"0";"3";"13";"1";""
"202400007125";"155769277";"A01";"1";"7";"0";"2";"1";"13";"1";""
"202400007125";"155769279";"B01";"1";"7";"0";"2";"1";"13";"1";""
"202400007126";"155769276";"B01";"1";"7";"0";"2";"1";"1";"1";""
"202400007126";"155769278";"A01";"2";"7";"0";"2";"1";"15";"1";""
"202400007127";"155769272";"A01";"1";"7";"0";"2";"4";"15";"1";""
"202400007127";"155769274";"B01";"1";"7";"3";"2";"4";"1";"1";""
"202400007127";"155769275";"C01";"2";"7";"13";"2";"3";"1";"1";""
"202400007128";"155769271";"A01";"2";"7";"0";"2";"3";"19";"1";""
"202400007128";"155769273";"B01";"2";"33";"0";"2";"7";"1";"1";""
"202400007129";"155769270";"A01";"1";"33";"4";"0";"7";"26";"1";""
"202400007130";"155769268";"A01";"2";"7";"13";"0";"3";"13";"1";""