"Num_Acc";"id_vehicule";"num_veh";"senc";"catv";"obs";"obsm";"choc";"manv";"motor";"occutc"
"202400007131";"155769264";"B01";"3";"50";"0";"9";"1";"13";"3";""
"202400007131";"155769266";"A01";"3";"2";"0";"2";"1";"25";"1";""
"202400007132";"155769263";"A01";"2";"14";"0";"2";"1";"1";"1";""
"202400007132";"155769265";"B01";"2";"7";"0";"2";"4";"23";"1";""
"202400007132";"155769267";"C01";"2";"7";"0";"0";"4";"23";"1";""
"202400007132";"155769269";"D01";"1";"10";"0";"0";"1";"23";"1";""
"202400007133";"155769262";"A01";"1";"7";"13";"0";"1";"1";"1";""
"202400007134";"155769261";"A01";"2";"7";"9";"0";"1";"1";"1";""
"202400007135";"155769259";"A01";"3";"7";"0";"9";"8";"22";"1";""
"202400007135";"155769260";"B01";"2";"1";"0";"9";"1";"22";"5";""
"202400007136";"155769258";"A01";"1";"10";"0";"1";"2";"0";"1";""
"202400007137";"155769257";"A01";"1";"33";"7";"0";"1";"1";"1";""
"202400007138";"155769254";"A01";"2";"33";"0";"2";"2";"17";"1";""
"202400007138";"155769256";"B01";"2";"7";"0";"2";"6";"1";"1";""
"202400007139";"155769255";"A01";"1";"33";"7";"0";"1";"1";"1";""
"202400007140";"155769253";"A01";"1";"33";"0";"0";"0";"0";"1";""
"202400007141";"155769252";"A01";"0";"2";"0";"0";"0";"1";"1";""
"202400007142";"155769249";"A01";"2";"21";"0";"1";"2";"1";"1";""
"202400007143";"155769247";"D01";"2";"17";"0";"2";"3";"1";"0";""
"202400007143";"155769248";"B01";"1";"7";"0";"2";"1";"1";"1";""
"202400007143";"155769250";"C01";"1";"7";"12";"2";"3";"1";"1";""
"202400007143";"155769251";"A01";"1";"7";"0";"2";"3";"1";"1";""
"202400007144";"155769246";"A01";"3";"7";"6";"0";"1";"15";"1";""
"202400007145";"155769245";"A01";"2";"7";"3";"0";"3";"1";"1";""
"202400007146";"155769241";"A01";"2";"7";"0";"2";"3";"1";"1";""
"202400007146";"155769243";"B01";"1";"10";"0";"2";"3";"1";"1";""
"202400007147";"155769242";"A01";"1";"7";"0";"2";"0";"19";"1";""
"202400007147";"155769244";"B01";"2";"33";"0";"2";"1";"1";"1";""
"202400007148";"155769238";"B01";"2";"7";"0";"2";"3";"15";"2";""
"202400007148";"155769240";"A01";"1";"31";"0";"2";"2";"21";"1";""
"202400007149";"155769237";"A01";"2";"7";"0";"2";"3";"13";"1";""
"202400007149";"155769239";"B01";"1";"15";"0";"2";"3";"1";"1";""
"202400007150";"155769236";"A01";"1";"32";"12";"0";"0";"1";"1";""
"202400007151";"155769235";"A01";"3";"2";"0";"0";"0";"26";"1";""
"202400007152";"155769233";"A01";"2";"7";"0";"2";"3";"15";"1";""
"202400007152";"155769234";"B01";"1";"2";"0";"2";"1";"0";"1";""
"202400007153";"155769231";"A01";"3";"36";"8";"0";"2";"14";"1";""
"202400007154";"155769230";"A01";"1";"31";"0";"2";"1";"1";"1";""
"202400007154";"155769232";"B01";"1";"7";"0";"2";"4";"16";"1";""
"202400007155";"155769228";"B01";"2";"33";"0";"2";"1";"1";"1";""
"202400007155";"155769229";"A01";"1";"7";"0";"2";"2";"1";"2";""
"202400007156";"155769227";"A01";"1";"10";"13";"0";"7";"1";"1";""
"202400007157";"155769226";"A01";"2";"7";"2";"0";"1";"14";"1";""
"202400007158";"155769223";"B01";"2";"7";"0";"2";"4";"2";"1";""
"202400007158";"155769225";"A01";"2";"7";"0";"2";"1";"2";"1";""
"202400007159";"155769222";"A01";"2";"33";"0";"2";"8";"9";"1";""
"202400007159";"155769224";"B01";"2";"33";"0";"2";"7";"1";"1";""
"202400007160";"155769219";"A01";"1";"7";"0";"2";"3";"13";"1";""
"202400007160";"155769221";"B01";"2";"3";"0";"2";"3";"1";"1";""
"202400007161";"155769218";"A01";"1";"10";"0";"2";"3";"9";"1";""
"202400007161";"155769220";"B01";"1";"33";"0";"2";"7";"1";"1";""
"202400007162";"155769215";"A01";"1";"33";"0";"2";"4";"2";"1";""
"202400007162";"155769217";"B01";"1";"43";"0";"2";"1";"2";"1";""
"202400007163";"155769213";"A01";"1";"7";"0";"2";"3";"13";"1";""
"202400007163";"155769214";"B01";"2";"7";"0";"2";"3";"1";"1";""
"202400007163";"155769216";"C01";"2";"7";"0";"2";"2";"1";"1";""
"202400007164";"155769211";"A01";"2";"7";"0";"2";"6";"11";"1";""
"202400007164";"155769212";"B01";"2";"33";"0";"2";"2";"3";"1";""
"202400007165";"155769210";"A01";"3";"31";"0";"0";"0";"0";"0";""
"202400007166";"155769205";"A01";"3";"7";"0";"9";"1";"1";"1";""
"202400007166";"155769207";"B01";"3";"50";"0";"2";"1";"9";"3";""
"202400007167";"155769204";"A01";"1";"7";"0";"2";"4";"1";"1";""
"202400007167";"155769206";"B01";"1";"7";"0";"2";"4";"1";"1";""
"202400007167";"155769208";"C01";"1";"7";"0";"2";"4";"1";"1";""
"202400007167";"155769209";"D01";"1";"10";"0";"2";"1";"1";"1";""
"202400007168";"155769202";"A01";"1";"7";"0";"2";"8";"18";"1";""
"202400007168";"155769203";"B01";"1";"1";"0";"2";"0";"2";"5";""
"202400007169";"155769201";"A01";"2";"7";"4";"0";"3";"1";"1";""
"202400007170";"155769199";"B01";"1";"21";"0";"0";"6";"1";"1";""
"202400007170";"155769200";"A01";"1";"7";"15";"2";"1";"2";"1";""
"202400007171";"155769198";"A01";"1";"7";"3";"0";"2";"6";"1";""
"202400007172";"155769196";"A01";"1";"33";"0";"0";"8";"1";"1";""
"202400007173";"155769193";"A01";"1";"33";"0";"2";"1";"3";"1";""
"202400007173";"155769194";"B01";"1";"7";"0";"2";"7";"1";"1";""
"202400007173";"155769195";"C01";"1";"33";"0";"2";"9";"23";"1";""
"202400007173";"155769197";"D01";"1";"7";"0";"2";"7";"1";"1";""
"202400007174";"155769191";"A01";"2";"2";"0";"2";"1";"1";"1";""
"202400007174";"155769192";"B01";"2";"7";"0";"2";"1";"1";"1";""
"202400007175";"155769189";"A01";"2";"7";"0";"2";"1";"1";"1";""
"202400007175";"155769190";"B01";"2";"7";"0";"2";"4";"23";"3";""
"202400007176";"155769188";"A01";"3";"3";"2";"0";"9";"13";"1";""
"202400007177";"155769186";"A01";"2";"7";"0";"2";"1";"1";"1";""
"202400007177";"155769187";"B01";"2";"7";"0";"2";"4";"1";"1";""
"202400007178";"155769184";"B01";" -1";"10";"0";"2";"1";"1";"1";""
"202400007178";"155769185";"A01";" -1";"7";"0";"2";"1";"13";"1";""
"202400007179";"155769181";"A01";"1";"33";"4";"2";"1";"3";"1";""
"202400007179";"155769183";"B01";"1";"7";"4";"2";"5";"14";"3";""
"202400007180";"155769180";"B01";"1";"7";"0";"2";"1";"1";"1";""
"202400007180";"155769182";"A01";"2";"1";"0";"2";"1";"13";"5";""
"202400007181";"155769177";"C01";"2";"7";"0";"2";"4";"1";"1";""
"202400007181";"155769178";"A01";"2";"7";"0";"2";"7";"1";"1";""
"202400007181";"155769179";"B01";"2";"33";"0";"2";"8";"1";"1";""
"202400007182";"155769176";"A01";"2";"7";"2";"0";"1";"0";"1";""
"202400007183";"155769174";"A01";"2";"7";"0";"2";"1";"2";"1";""
"202400007183";"155769175";"B01";"2";"7";"0";"2";"4";"2";"2";""
"202400007184";"155769171";"A01";"3";"80";"0";"2";"0";"6";"3";""
"202400007184";"155769173";"B01";"1";"7";"0";"2";"2";"1";"1";""
"202400007185";"155769170";"A01";"2";"10";"0";"2";"1";"2";"1";""
"202400007185";"155769172";"B01";"2";"7";"0";"2";"4";"2";"2";""
"202400007186";"155769166";"A01";"2";"7";"0";"2";"7";"17";"1";""
"202400007186";"155769168";"B01";"2";"32";"0";"2";"8";"2";"1";""
"202400007187";"155769162";"E01";"2";"7";"0";"2";"6";"1";"1";""
"202400007187";"155769164";"A01";"2";"7";"0";"2";"2";"14";"1";""
"202400007187";"155769165";"B01";"2";"7";"0";"2";"2";"1";"1";""
"202400007187";"155769167";"C01";"2";"7";"0";"2";"8";"1";"1";""
"202400007187";"155769169";"D01";"2";"7";"0";"2";"2";"1";"1";""
"202400007188";"155769161";"A01";"1";"7";"0";"2";"1";"5";"1";""
"202400007188";"155769163";"B01";"2";"7";"0";"2";"8";"1";"1";""
"202400007189";"155769158";"A01";"2";"7";"0";"2";"8";"11";"1";""
"202400007189";"155769160";"B01";"2";"33";"0";"2";"2";"0";"1";""
"202400007190";"155769157";"B01";"2";"21";"0";"2";"6";"15";"1";""
"202400007190";"155769159";"A01";"2";"33";"0";"2";"1";"17";"1";""
"202400007191";"155769155";"A01";"2";"7";"0";"2";"3";"11";"1";""
"202400007191";"155769156";"B01";"2";"33";"0";"2";"7";"3";"1";""
"202400007192";"155769152";"A01";"1";"33";"0";"2";"1";"0";"1";""
"202400007192";"155769154";"B01";"1";"7";"0";"2";"5";"12";"2";""
"202400007193";"155769151";"A01";"0";"2";"0";"2";"1";"5";"1";""
"202400007193";"155769153";"B01";"0";"7";"0";"2";"1";"5";"1";""
"202400007194";"155769150";"A01";"1";"1";"14";"0";"0";"0";"5";""
"202400007195";"155769147";"A01";"1";"7";"0";"1";"1";"1";"1";""
"202400007196";"155769146";"A01";"1";"10";"0";"2";"3";"17";"1";""
"202400007196";"155769148";"C01";"1";"2";"0";"2";"1";"1";"1";""
"202400007196";"155769149";"B01";"2";"7";"0";"0";"8";"1";"2";""
"202400007197";"155769143";"A01";"2";"7";"0";"2";"8";"21";"1";""
"202400007197";"155769145";"B01";"2";"7";"0";"2";"7";"1";"1";""
"202400007198";"155769142";"A01";"2";"7";"0";"2";"3";"5";"1";""
"202400007198";"155769144";"B01";"1";"7";"0";"2";"3";"1";"1";""
"202400007199";"155769140";"A01";"1";"7";"13";"0";"1";"1";"1";""
"202400007200";"155769139";"A01";"1";"7";"0";"2";"7";"15";"1";""
"202400007200";"155769141";"B01";"2";"1";"0";"2";"0";"1";"5";""
"202400007201";"155769137";"A01";"1";"7";"0";"2";"8";"22";"1";""
"202400007201";"155769138";"B01";"1";"1";"1";"0";"0";"1";"5";""
"202400007202";"155769135";"A01";"1";"7";"1";"0";"0";"0";"1";""
"202400007203";"155769133";"A01";"1";"7";"0";"2";"2";"26";"1";""
"202400007203";"155769134";"B01";"2";"17";"0";"0";"5";"19";"1";""
"202400007203";"155769136";"C01";"2";"99";"0";"2";"1";"1";"1";""
"202400007204";"155769132";"A01";"1";"7";"2";"0";"0";"0";"1";""
"202400007205";"155769130";"A01";"1";"7";"0";"1";"0";"0";"1";""
"202400007206";"155769129";"B01";"2";"7";"0";"0";"4";"23";"2";""
"202400007206";"155769131";"A01";"2";"7";"0";"2";"1";"1";"1";""
"202400007207";"155769127";"B01";"2";"31";"0";"2";"0";"0";"1";""
"202400007207";"155769128";"A01";"1";"7";"0";"2";"1";"0";"1";""
"202400007208";"155769124";"A01";"0";"7";"0";"2";"3";"1";"1";""
"202400007208";"155769126";"B01";"0";"7";"0";"2";"3";"5";"1";""
"202400007209";"155769123";"B01";"1";"7";"0";"2";"7";"1";"1";""
"202400007209";"155769125";"A01";"1";"60";"0";"2";"8";"13";"5";""
"202400007210";"155769122";"A01";"1";"7";"8";"0";"1";"13";"1";""
"202400007211";"155769120";"B01";"2";"7";"0";"2";"1";"2";"1";""
"202400007211";"155769121";"A01";"2";"7";"0";"1";"4";"23";"1";""
"202400007212";"155769119";"A01";"1";"7";"8";"0";"0";"0";"1";""
"202400007213";"155769117";"A01";"2";"10";"13";"0";"1";"1";"1";""
"202400007214";"155769116";"C01";"1";"7";"0";"2";"5";"15";"1";""
"202400007214";"155769118";"B01";"1";"1";"0";"2";"1";"1";"5";""
"202400007215";"155769115";"A01";"1";"7";"0";"0";"0";"2";"1";""
"202400007216";"155769113";"A01";"1";"30";"5";"0";"1";"9";"1";""
"202400007216";"155769114";"B01";"1";"13";"0";"2";"4";"0";"1";""
"202400007217";"155769110";"A01";"1";"50";"0";"0";"0";"1";"3";""
"202400007218";"155769108";"B01";"2";"10";"0";"2";"0";"0";"1";""
"202400007218";"155769109";"A01";"1";"30";"0";"2";"4";"26";"1";""
"202400007219";"155769107";"A01";"1";"2";"0";"0";"7";"1";"1";""
"202400007220";"155769105";"A01";"2";"7";"0";"2";"1";"1";"1";""
"202400007220";"155769106";"B01";"2";"7";"0";"2";"4";"23";"2";""
"202400007221";"155769104";"A01";"1";"43";"15";"0";"1";"14";"1";""
"202400007222";"155769103";"A01";"1";"31";"0";"1";"1";"3";"3";""
"202400007223";"155769102";"A01";"2";"7";"13";"0";"1";"1";"1";""
"202400007224";"155769101";"A01";"1";"30";"0";"0";"0";"0";"3";""
"202400007225";"155769100";"A01";"2";"7";"14";"0";"8";"1";"1";""
"202400007226";"155769099";"A01";"1";"7";"0";"1";"2";"0";"1";""
"202400007227";"155769096";"A01";"1";"7";"0";"2";"2";"10";"1";""
"202400007227";"155769097";"B01";"1";"32";"0";"2";"2";"1";"1";""
"202400007228";"155769095";"A01";"1";"21";"0";"0";"3";"15";"0";""
"202400007228";"155769098";"B01";"1";"33";"0";"2";"3";"17";"1";""
"202400007229";"155769093";"A01";"2";"7";"0";"2";"3";"15";"1";""
"202400007229";"155769094";"B01";"1";"33";"0";"2";"1";"26";"1";""
"202400007230";"155769091";"A01";"2";"7";"0";"1";"7";"0";"1";""
"202400007231";"155769090";"A01";"2";"2";"0";"2";"3";"0";"1";""
"202400007231";"155769092";"B01";"1";"7";"0";"2";"1";"19";"1";""
"202400007232";"155769088";"Y01";"2";"1";"0";"2";"1";"1";"5";""
"202400007232";"155769089";"A01";"1";"7";"0";"2";"1";"1";"1";""
"202400007233";"155769086";"A01";"2";"7";"0";"0";"9";"1";"1";""
"202400007234";"155769085";"B01";"2";"7";"0";"2";"4";"23";"1";""
"202400007234";"155769087";"A01";"2";"31";"0";"2";"1";"2";"1";""
"202400007235";"155769084";"A01";"2";"7";"6";"0";"2";"0";"1";""
"202400007236";"155769082";"B01";"2";"7";"0";"2";"1";"15";"1";""
"202400007236";"155769083";"A01";"1";"43";"0";"2";"3";"0";"1";""
"202400007237";"155769080";"A01";"1";"7";"0";"9";"4";"23";"1";""
"202400007238";"155769079";"A01";"1";"7";"0";"2";"8";"1";"1";""
"202400007238";"155769081";"B01";"1";"7";"0";"2";"1";"1";"1";""
"202400007239";"155769076";"A01";"1";"7";"0";"2";"5";"1";"1";""
"202400007239";"155769078";"B01";"1";"7";"0";"2";"3";"13";"1";""
"202400007240";"155769075";"A01";"0";"7";"0";"2";"1";"1";"1";""
"202400007240";"155769077";"B01";"3";"7";"0";"2";"4";"23";"1";""
"202400007241";"155769072";"B01";"2";"7";"0";"2";"7";"1";"1";""
"202400007241";"155769074";"A01";"2";"7";"0";"2";"1";"0";"1";""
"202400007242";"155769071";"A01";"2";"7";"0";"2";"1";"2";"1";""
"202400007242";"155769073";"B01";"2";"7";"0";"2";"4";"23";"1";""
"202400007243";"155769067";"A01";"2";"33";"0";"1";"3";"1";"1";""
"202400007244";"155769066";"A01";"2";"7";"0";"2";"1";"2";"1";""
"202400007244";"155769068";"B01";"2";"7";"0";"2";"4";"2";"2";""
"202400007244";"155769069";"C01";"2";"7";"0";"2";"4";"2";"1";""
"202400007245";"155769065";"A01";"2";"7";"4";"0";"9";"2";"1";""
"202400007246";"155769063";"B01";"3";"1";"0";"2";"7";"19";"5";""
"202400007246";"155769064";"A01";"3";"10";"0";"2";"1";"1";"1";""
"202400007247";"155769062";"A01";"2";"7";"4";"0";"1";"11";"1";""
"202400007248";"155769060";"A01";"0";"7";"0";"2";"7";"14";"1";""
"202400007248";"155769061";"B01";"0";"43";"6";"2";"8";"1";"1";""
"202400007249";"155769057";"A01";"2";"2";"0";"1";"2";"17";"1";""
"202400007250";"155769058";"B01";"2";"7";"0";"2";"5";"2";"1";""
"202400007250";"155769059";"A01";"2";"7";"0";"2";"3";"2";"1";""
"202400007251";"155769055";"A01";"1";"7";"0";"2";"3";"19";"1";""
"202400007251";"155769056";"B01";"1";"31";"0";"2";"1";"17";"1";""
"202400007252";"155769052";"A01";"1";"33";"0";"0";"8";"1";"1";""
"202400007253";"155769053";"B01";"2";"7";"0";"2";"1";"2";"1";""
"202400007253";"155769054";"A01";"2";"7";"0";"2";"4";"2";"3";""
"202400007254";"155769049";"A01";"1";"34";"0";"0";"0";"0";"1";""
"202400007255";"155769044";"A01";"1";"7";"0";"2";"1";"13";"1";""
"202400007255";"155769046";"B01";"2";"7";"0";"2";"1";"1";"2";""
"202400007255";"155769048";"C01";"1";"7";"0";"2";"3";"1";"1";""
"202400007256";"155769045";"B01";"3";"7";"0";"2";"3";"0";"1";""
"202400007256";"155769047";"A01";"3";"7";"0";"2";"8";"0";"1";""
"202400007257";"155769041";"A01";"0";"7";"0";"2";"3";"1";"1";""
"202400007257";"155769043";"B01";"1";"80";"8";"2";"1";"1";"3";""
"202400007258";"155769042";"A01";"2";"1";"16";"0";"0";"1";"5";""
"202400007259";"155769039";"B01";"1";"7";"8";"2";"1";"1";"1";""
"202400007259";"155769040";"A01";"2";"7";"0";"2";"1";"1";"1";""
"202400007260";"155769038";"A01";"1";"7";"1";"0";"0";"0";"1";""
"202400007261";"155769037";"A01";"1";"10";"0";"1";"1";"26";"1";""
"202400007262";"155769036";"A01";"1";"1";"0";"0";"0";"1";"5";""
"202400007263";"155769034";"B01";"2";"10";"0";"2";"5";"23";"1";""
"202400007263";"155769035";"A01";"3";"1";"1";"0";"1";"1";"5";""
"202400007264";"155769033";"A01";"3";"10";"0";"1";"1";"26";"0";""
"202400007265";"155769031";"A01";"2";"7";"0";"2";"6";"17";"1";""
"202400007265";"155769032";"B01";"2";"31";"0";"2";"7";"17";"1";""
"202400007266";"155769029";"A01";"0";"7";"0";"2";"2";"1";"1";""
"202400007266";"155769030";"B01";"0";"50";"0";"2";"8";"1";"3";""
"202400007267";"155769027";"A01";"2";"7";"0";"9";"7";"1";"1";""
"202400007267";"155769028";"B01";"2";"1";"0";"2";"8";"19";"5";""
"202400007268";"155769025";"A01";"1";"7";"0";"9";"2";"15";"1";""
"202400007268";"155769026";"B01";"2";"1";"0";"2";"1";"1";"5";""
"202400007269";"155769023";"A01";"1";"7";"0";"2";"1";"16";"1";""
"202400007269";"155769024";"B01";"2";"50";"0";"2";"0";"0";"3";""
"202400007270";"155769022";"A01";"1";"7";"0";"1";"1";"1";"1";""
"202400007271";"155769020";"Z01";"1";"7";"0";"2";"1";"2";"1";""
"202400007271";"155769021";"A01";"1";"7";"0";"2";"5";"23";"1";""
"202400007272";"155769017";"C01";"2";"7";"0";"2";"3";"1";"2";""
"202400007272";"155769018";"A01";"1";"7";"0";"2";"1";"1";"2";""
"202400007272";"155769019";"B01";"1";"1";"0";"2";"7";"19";"5";""
"202400007273";"155769015";"A01";"1";"7";"0";"2";"2";"15";"3";""
"202400007273";"155769016";"B01";"2";"1";"8";"2";"1";"1";"5";""
"202400007274";"155769014";"A01";"3";"7";"14";"0";"2";"1";"1";""
"202400007275";"155769013";"A01";"1";"30";"0";"0";"0";"26";"0";""
"202400007276";"155769011";"A01";"1";"7";"0";"2";"0";"0";"1";""
"202400007276";"155769012";"B01";"2";"31";"0";"2";"4";"0";"1";""
"202400007277";"155769010";"A01";"1";"7";"0";"1";"3";"0";"1";""
"202400007278";"155769008";"A01";"3";"7";"0";"2";"2";"15";"1";""
"202400007278";"155769009";"B01";"2";"32";"0";"2";"1";"18";"1";""
"202400007279";"155769006";"A01";"3";"7";"0";"2";"2";"15";"1";""
"202400007279";"155769007";"B01";"3";"7";"0";"2";"2";"1";"1";""
"202400007280";"155769004";"A01";"1";"3";"12";"0";"3";"1";"1";""
"202400007280";"155769005";"B01";"2";"3";"5";"0";"3";"13";"1";""
"202400007281";"155769002";"A01";"2";"7";"0";"2";"3";"15";"1";""
"202400007281";"155769003";"B01";"1";"33";"0";"2";"3";"1";"1";""
"202400007282";"155769000";"A01";"1";"50";"0";"2";"4";"2";"3";""
"202400007282";"155769001";"B01";"1";"13";"0";"2";"2";"1";"3";""
"202400007283";"155768998";"B01";"0";"7";"0";"2";"1";"1";"1";""
"202400007283";"155768999";"A01";"0";"7";"0";"2";"1";"13";"3";""
"202400007284";"155768996";"A01";"1";"32";"0";"2";"1";"1";"1";""
"202400007284";"155768997";"B01";"3";"1";"0";"2";"7";"19";"5";""
"202400007285";"155768993";"B01";"1";"7";"0";"2";"5";"0";"1";""
"202400007285";"155768994";"C01";"1";"7";"0";"2";"6";"0";"1";""
"202400007285";"155768995";"A01";"1";"33";"0";"2";"2";"2";"1";""
"202400007286";"155768992";"A01";"0";"50";"0";"1";"1";"1";"3";""
"202400007287";"155768991";"A01";"2";"7";"0";"1";"1";"0";"1";""
"202400007288";"155768989";"B01";"1";"1";"0";"2";"4";"1";"5";""
"202400007288";"155768990";"A01";"1";"7";"0";"2";"1";"1";"1";""
"202400007289";"155768987";"A01";"1";"30";"0";"2";"2";"2";"1";""
"202400007289";"155768988";"B01";"1";"7";"0";"2";"6";"23";"2";""
"202400007290";"155768985";"A01";"1";"7";"0";"2";"3";"11";"1";""
"202400007290";"155768986";"B01";"1";"33";"0";"2";"2";"1";"1";""
"202400007291";"155768984";"A01";"1";"10";"0";"1";"2";"2";"1";""
"202400007292";"155768983";"A01";"1";"3";"0";"0";"0";"1";"3";""
"202400007293";"155768981";"A01";"2";"50";"0";"2";"1";"15";"3";""
"202400007293";"155768982";"B01";"2";"7";"0";"2";"2";"1";"1";""
"202400007294";"155768979";"A01";"1";"3";"0";"2";"3";"13";"1";""
"202400007294";"155768980";"B01";"2";"7";"0";"2";"3";"1";"1";""
"202400007295";"155768978";"A01";"1";"7";"0";"1";"3";"1";"1";""
"202400007296";"155768976";"A01";"3";"3";"14";"2";"1";"6";"3";""
"202400007296";"155768977";"B01";"3";"7";"0";"2";"2";"1";"3";""
"202400007297";"155768974";"A01";"2";"10";"0";"2";"1";"26";"1";""
"202400007297";"155768975";"B01";"2";"7";"0";"2";"0";"1";"1";""
"202400007298";"155768972";"A01";"1";"7";"0";"2";"7";"15";"1";""
"202400007298";"155768973";"B01";"1";"7";"0";"2";"1";"1";"1";""
"202400007299";"155768971";"A01";"3";"7";"0";"2";"1";"26";"1";""
"202400007300";"155768970";"A01";"3";"60";"1";"0";"6";"15";"5";""
"202400007301";"155768969";"A01";"1";"7";"9";"0";"1";"15";"3";""
"202400007302";"155768967";"A01";"1";"7";"0";"2";"1";"9";"1";""
"202400007302";"155768968";"B01";"2";"1";"0";"2";"7";"1";"5";""
"202400007303";"155768966";"A01";"3";"7";"0";"1";"2";"1";"1";""
"202400007304";"155768965";"A01";"1";"37";"0";"1";"1";"1";"1";"1"
"202400007305";"155768963";"A01";"2";"7";"0";"2";"3";"13";"1";""
"202400007305";"155768964";"B01";"1";"7";"0";"2";"3";"1";"1";""
"202400007306";"155768961";"B01";"1";"7";"0";"2";"1";"1";"1";""
"202400007306";"155768962";"A01";"2";"7";"0";"2";"7";"1";"1";""
"202400007307";"155768959";"A01";"3";"7";"0";"2";"1";"15";"1";""
"202400007307";"155768960";"B01";"3";"1";"0";"2";"0";"1";"5";""
"202400007308";"155768957";"A01";"1";"7";"0";"2";"5";"15";"1";""
"202400007308";"155768958";"B01";"3";"33";"0";"2";"1";"1";"1";""
"202400007309";"155768956";"Z01";"0";"50";"0";"1";"1";"26";"3";""
"202400007310";"155768954";"A01";"2";"7";"0";"9";"2";"16";"1";""
"202400007310";"155768955";"B01";"2";"1";"0";"2";"1";"1";"5";""
"202400007311";"155768953";"A01";"3";"30";"0";"0";"8";"0";"1";""
"202400007312";"155768952";"A01";"3";"7";"2";"0";"1";"1";"1";""
"202400007313";"155768950";"A01";"1";"7";"0";"2";"1";"19";"1";""
"202400007313";"155768951";"B01";"2";"50";"0";"2";"8";"1";"3";""
"202400007314";"155768949";"Y01";"3";"99";"0";"1";"0";"0";"0";""
"202400007315";"155768947";"B01";"2";"7";"0";"2";"3";"1";"1";""
"202400007315";"155768948";"A01";"1";"33";"0";"2";"1";"13";"1";""
"202400007316";"155768945";"B01";"2";"50";"0";"2";"5";"5";"3";""
"202400007316";"155768946";"A01";"1";"7";"0";"9";"2";"19";"1";""
"202400007317";"155768943";"A01";"3";"7";"0";"2";"2";"15";"1";""
"202400007317";"155768944";"B01";"3";"34";"0";"2";"1";"1";"1";""
"202400007318";"155768941";"A01";"2";"7";"1";"0";"2";"11";"1";""
"202400007318";"155768942";"B01";"1";"7";"0";"2";"2";"2";"1";""
"202400007319";"155768939";"B01";"2";"10";"0";"2";"3";"13";"1";""
"202400007319";"155768940";"A01";"2";"30";"0";"2";"2";"17";"1";""
"202400007320";"155768937";"A01";"0";"2";"0";"2";"1";"13";"1";""
"202400007320";"155768938";"B01";"2";"7";"0";"2";"1";"1";"1";""
"202400007321";"155768935";"A01";"1";"34";"0";"2";"3";"3";"1";""
"202400007321";"155768936";"B01";"1";"10";"0";"2";"5";"12";"1";""
"202400007322";"155768932";"A01";"2";"7";"0";"2";"1";"1";"2";""
"202400007322";"155768933";"C01";"2";"7";"0";"2";"4";"23";"1";""
"202400007322";"155768934";"B01";"2";"7";"0";"2";"9";"23";"2";""
"202400007323";"155768931";"A01";"1";"30";"0";"1";"1";"1";"3";""
"202400007324";"155768930";"A01";"2";"7";"0";"1";"7";"1";"1";""
"202400007325";"155768928";"A01";"2";"30";"0";"2";"1";"2";"3";""
"202400007325";"155768929";"B01";"2";"7";"0";"2";"4";"2";"2";""
"202400007326";"155768926";"B01";"2";"7";"0";"2";"1";"2";"2";""
"202400007326";"155768927";"A01";"2";"7";"0";"2";"5";"23";"2";""
"202400007327";"155768925";"A01";"2";"7";"7";"0";"1";"1";"1";""
"202400007328";"155768923";"A01";"1";"30";"0";"0";"0";"11";"1";""
"202400007328";"155768924";"B01";"1";"33";"0";"0";"0";"1";"1";""
"202400007329";"155768921";"B01";"1";"2";"0";"2";"1";"18";"3";""
"202400007329";"155768922";"A01";"1";"10";"0";"2";"7";"16";"1";""
"202400007330";"155768919";"A01";"1";"10";"0";"2";"7";"21";"1";""
"202400007330";"155768920";"B01";"2";"7";"0";"2";"7";"5";"1";""
"202400007331";"155768917";"A01";"1";"37";"12";"2";"1";"1";"1";"1"
"202400007331";"155768918";"B01";"2";"7";"12";"0";"5";"15";"1";""
"202400007332";"155768916";"A01";"0";"60";"0";"0";"0";"0";"5";""
"202400007333";"155768914";"A01";"3";"7";"0";"2";"3";"1";"1";""
"202400007333";"155768915";"B01";"0";"50";"0";"0";"4";"1";"3";""
"202400007334";"155768912";"A01";"3";"7";"0";"2";"0";"0";"1";""
"202400007334";"155768913";"B01";"3";"7";"0";"2";"0";"0";"1";""
"202400007335";"155768910";"B01";"1";"33";"1";"2";"2";"1";"1";""
"202400007335";"155768911";"A01";"1";"7";"1";"2";"3";"20";"1";""
"202400007336";"155768908";"B01";"1";"32";"4";"2";"8";"1";"1";""
"202400007336";"155768909";"A01";"1";"7";"4";"2";"1";"10";"2";""
"202400007337";"155768906";"B01";"1";"50";"0";"2";"1";"0";"3";""
"202400007337";"155768907";"A01";"1";"7";"0";"2";"3";"15";"1";""
"202400007338";"155768904";"A01";"2";"7";"0";"2";"1";"13";"1";""
"202400007338";"155768905";"B01";"1";"10";"0";"2";"1";"1";"1";""
"202400007339";"155768902";"A01";"3";"7";"0";"9";"1";"16";"1";""
"202400007339";"155768903";"B01";"3";"50";"0";"2";"1";"2";"3";""
"202400007340";"155768900";"B01";"3";"32";"0";"2";"1";"0";"3";""
"202400007340";"155768901";"A01";"3";"7";"0";"2";"2";"0";"1";""
"202400007341";"155768898";"B01";"3";"33";"0";"2";"1";"2";"1";""
"202400007341";"155768899";"A01";"3";"7";"0";"2";"8";"10";"3";""
"202400007342";"155768896";"A01";"2";"7";"0";"2";"2";"2";"1";""