"Num_Acc";"id_vehicule";"num_veh";"senc";"catv";"obs";"obsm";"choc";"manv";"motor";"occutc"
"202400007342";"155768897";"B01";"2";"21";"0";"0";"6";"16";"1";""
"202400007343";"155768895";"A01";"1";"7";"1";"0";"2";"1";"1";""
"202400007344";"155768893";"A01";"2";"10";"0";"2";"8";"19";"1";""
"202400007344";"155768894";"B01";"1";"7";"0";"2";"1";"1";"1";""
"202400007345";"155768892";"A01";"2";"33";"11";"0";"1";"1";"1";""
"202400007346";"155768888";"A01";"1";"7";"7";"2";"1";"2";"2";""
"202400007346";"155768889";"B01";"2";"7";"0";"0";"1";"2";"1";""
"202400007347";"155768887";"A01";"2";"7";"2";"0";"3";"1";"1";""
"202400007348";"155768885";"A01";"1";"7";"0";"2";"8";"2";"0";""
"202400007348";"155768886";"B01";"1";"7";"0";"2";"1";"11";"1";""
"202400007349";"155768883";"A01";"2";"7";"0";"2";"3";"0";"1";""
"202400007349";"155768884";"B01";"1";"7";"0";"2";"3";"0";"1";""
"202400007350";"155768881";"A01";"1";"7";"0";"2";"3";"9";"1";""
"202400007350";"155768882";"B01";"1";"7";"0";"2";"2";"1";"1";""
"202400007351";"155768880";"A01";"1";"2";"0";"0";"9";"1";"1";""
"202400007352";"155768879";"A01";"1";"7";"0";"1";"1";"1";"1";""
"202400007353";"155768877";"A01";"2";"33";"3";"0";"1";"1";"1";""
"202400007353";"155768878";"B01";"2";"33";"0";"9";"1";"2";"1";""
"202400007354";"155768876";"A01";"3";"7";"0";"0";"9";"1";"1";""
"202400007355";"155768875";"A01";"2";"7";"2";"0";"5";"1";"1";""
"202400007356";"155768874";"A01";"1";"7";"0";"1";"3";"1";"1";""
"202400007357";"155768872";"B01";"1";"7";"0";"2";"7";"1";"1";""
"202400007357";"155768873";"A01";"2";"33";"0";"0";"3";"19";"1";""
"202400007358";"155768871";"A01";"1";"7";"0";"1";"2";"1";"1";""
"202400007359";"155768870";"A01";"3";"33";"0";"0";"9";"1";"1";""
"202400007360";"155768868";"A01";"3";"7";"2";"2";"1";"1";"1";""
"202400007360";"155768869";"B01";"3";"7";"0";"2";"1";"1";"1";""
"202400007361";"155768867";"A01";"1";"10";"0";"1";"7";"1";"1";""
"202400007362";"155768866";"A01";"3";"33";"14";"0";"1";"1";"1";""
"202400007363";"155768865";"A01";"1";"33";"0";"0";"9";"26";"1";""
"202400007364";"155768864";"A01";"1";"7";"8";"0";"1";"0";"1";""
"202400007365";"155768862";"A01";"1";"7";"0";"2";"3";"15";"1";""
"202400007365";"155768863";"B01";"2";"17";"0";"2";"3";"1";"1";""
"202400007366";"155768861";"A01";"1";"7";"0";"0";"0";"13";"0";""
"202400007367";"155768859";"A01";"1";"7";"0";"2";"1";"3";"1";""
"202400007367";"155768860";"B01";"2";"7";"9";"2";"7";"2";"0";""
"202400007368";"155768858";"A01";"2";"7";"2";"0";"9";"2";"1";""
"202400007369";"155768856";"A01";"1";"7";"0";"2";"3";"13";"1";""
"202400007369";"155768857";"B01";"2";"7";"0";"2";"3";"1";"1";""
"202400007370";"155768855";"A01";"2";"7";"5";"0";"1";"17";"1";""
"202400007371";"155768853";"A01";"3";"7";"2";"0";"1";"1";"1";""
"202400007372";"155768851";"B01";"3";"7";"0";"0";"6";"15";"1";""
"202400007372";"155768852";"A01";"1";"33";"0";"2";"1";"0";"1";""
"202400007373";"155768849";"A01";"2";"1";"0";"2";"1";"13";"5";""
"202400007373";"155768850";"B01";"1";"33";"0";"2";"1";"1";"1";""
"202400007374";"155768847";"A01";"1";"7";"8";"2";"7";"9";"1";""
"202400007374";"155768848";"B01";"1";"7";"0";"2";"1";"1";"1";""
"202400007375";"155768844";"A01";"1";"7";"0";"2";"1";"1";"1";""
"202400007375";"155768845";"B01";"1";"7";"0";"2";"9";"23";"1";""
"202400007375";"155768846";"C01";"2";"14";"0";"2";"1";"1";"1";""
"202400007376";"155768843";"A01";"2";"7";"2";"0";"3";"1";"1";""
"202400007377";"155768842";"A01";"1";"7";"0";"0";"6";"0";"1";""
"202400007378";"155768841";"A01";"1";"31";"8";"0";"1";"0";"1";""
"202400007379";"155768840";"A01";"1";"7";"0";"1";"2";"19";"1";""
"202400007380";"155768832";"B01";"2";"7";"0";"2";"3";"2";"1";""
"202400007380";"155768833";"C01";"2";"7";"0";"2";"1";"2";"1";""
"202400007380";"155768834";"D01";"2";"7";"0";"2";"6";"2";"2";""
"202400007380";"155768835";"E01";"2";"7";"0";"2";"7";"2";"1";""
"202400007380";"155768836";"G01";"2";"7";"0";"0";"3";"2";"1";""
"202400007380";"155768837";"H01";"2";"7";"0";"0";"8";"2";"1";""
"202400007380";"155768838";"F01";"2";"7";"0";"0";"4";"2";"1";""
"202400007380";"155768839";"A01";"2";"7";"0";"2";"1";"2";"1";""
"202400007381";"155768830";"A01";"2";"7";"0";"2";"2";"1";"1";""
"202400007381";"155768831";"B01";"2";"1";"0";"2";"1";"1";"5";""
"202400007382";"155768828";"B01";"2";"7";"0";"2";"1";"26";"1";""
"202400007382";"155768829";"A01";"2";"7";"0";"0";"8";"9";"3";""
"202400007383";"155768826";"B01";"2";"7";"0";"9";"2";"0";"1";""
"202400007383";"155768827";"A01";"1";"1";"0";"2";"0";"1";"5";""
"202400007384";"155768824";"A01";"2";"33";"0";"2";"6";"1";"1";""
"202400007384";"155768825";"B01";"1";"7";"0";"2";"3";"15";"3";""
"202400007385";"155768822";"B01";"2";"10";"0";"0";"6";"2";"0";""
"202400007385";"155768823";"A01";"2";"7";"0";"2";"2";"2";"2";""
"202400007386";"155768821";"A01";"1";"7";"13";"0";"3";"26";"1";""
"202400007387";"155768820";"A01";"1";"15";"3";"0";"2";"1";"1";""
"202400007388";"155768818";"B01";"0";"10";"0";"0";"1";"1";"1";""
"202400007388";"155768819";"A01";"0";"7";"0";"9";"1";"13";"1";""
"202400007389";"155768817";"A01";"1";"14";"16";"0";"9";"21";"1";""
"202400007390";"155768816";"A01";"3";"99";"0";"0";"9";"1";"6";""
"202400007391";"155768815";"A01";"3";"7";"0";"1";"1";"1";"1";""
"202400007392";"155768814";"A01";"2";"0";"0";"1";"1";"0";"0";""
"202400007393";"155768811";"A01";"1";"7";"0";"2";"4";"23";"1";""
"202400007393";"155768812";"B01";"1";"7";"0";"2";"4";"23";"1";""
"202400007393";"155768813";"C01";"1";"7";"1";"0";"1";"12";"1";""
"202400007394";"155768809";"A01";"1";"7";"0";"2";"2";"17";"3";""
"202400007394";"155768810";"B01";"2";"7";"0";"2";"2";"0";"1";""
"202400007395";"155768808";"A01";"0";"33";"8";"0";"1";"17";"1";""
"202400007396";"155768804";"A01";"2";"7";"0";"2";"3";"5";"1";""
"202400007396";"155768805";"B01";"2";"7";"0";"2";"2";"1";"1";""
"202400007397";"155768803";"A01";"2";"7";"2";"0";"1";"6";"1";""
"202400007398";"155768800";"B01";"1";"1";"0";"2";"1";"1";"5";""
"202400007398";"155768801";"A01";"2";"7";"14";"9";"3";"1";"1";""
"202400007398";"155768802";"C01";"1";"1";"0";"2";"1";"1";"5";""
"202400007399";"155768799";"A01";"1";"7";"0";"1";"3";"1";"1";""
"202400007400";"155768797";"B01";"3";"7";"0";"2";"8";"1";"1";""
"202400007400";"155768798";"A01";"2";"7";"0";"2";"1";"1";"1";""
"202400007401";"155768795";"A01";"2";"1";"0";"2";"4";"15";"5";""
"202400007401";"155768796";"B01";"2";"10";"0";"9";"1";"1";"1";""
"202400007402";"155768792";"A01";"1";"7";"0";"2";"6";"11";"1";""
"202400007402";"155768793";"B01";"1";"7";"0";"2";"2";"1";"1";""
"202400007402";"155768794";"Z01";"1";"7";"0";"2";"0";"0";"0";""
"202400007403";"155768791";"A01";"2";"33";"13";"0";"2";"1";"1";""
"202400007404";"155768788";"B01";"2";"7";"0";"2";"2";"1";"1";""
"202400007404";"155768789";"C01";"2";"7";"0";"2";"6";"0";"1";""
"202400007404";"155768790";"A01";"2";"43";"0";"2";"3";"11";"1";""
"202400007405";"155768787";"A01";"1";"33";"0";"2";"1";"1";"1";""
"202400007406";"155768785";"B01";"1";"15";"0";"2";"2";"1";"1";""
"202400007406";"155768786";"A01";"1";"7";"0";"2";"6";"1";"2";""
"202400007407";"155768784";"A01";"2";"10";"0";"2";"7";"1";"1";""
"202400007408";"155768782";"A01";"2";"7";"0";"2";"1";"1";"1";""
"202400007408";"155768783";"B01";"2";"7";"0";"2";"4";"1";"1";""
"202400007409";"155768780";"A01";"1";"13";"0";"2";"5";"2";"1";""
"202400007409";"155768781";"B01";"1";"2";"0";"2";"3";"2";"1";""
"202400007410";"155768779";"A01";"2";"32";"0";"5";"0";"21";"1";""
"202400007411";"155768778";"A01";"1";"30";"0";"0";"0";"1";"1";""
"202400007412";"155768777";"A01";"2";"7";"6";"0";"1";"14";"1";""
"202400007413";"155768776";"A01";"1";"7";"0";"1";"2";"1";"1";""
"202400007414";"155768774";"A01";"1";"33";"0";"2";"1";"7";"1";""
"202400007414";"155768775";"B01";"1";"7";"0";"2";"7";"15";"1";""
"202400007415";"155768773";"A01";"2";"7";"1";"1";"6";"24";"1";""
"202400007416";"155768769";"C01";"1";"10";"0";"2";"9";"2";"1";""
"202400007416";"155768770";"A01";"1";"13";"0";"2";"1";"2";"1";""
"202400007416";"155768771";"B01";"1";"7";"0";"2";"9";"2";"1";""
"202400007416";"155768772";"D01";"1";"7";"0";"0";"4";"2";"1";""
"202400007417";"155768768";"A01";"2";"7";"0";"1";"1";"1";"1";""
"202400007418";"155768767";"A01";"1";"7";"0";"1";"2";"1";"1";""
"202400007419";"155768765";"B01";"2";"7";"0";"2";"3";"0";"1";""
"202400007419";"155768766";"A01";"1";"7";"0";"2";"3";"26";"1";""
"202400007420";"155768764";"A01";"3";"7";"0";"1";"1";"1";"1";""
"202400007421";"155768762";"A01";"1";"41";"0";"2";"1";"6";"1";""
"202400007421";"155768763";"B01";"1";"7";"0";"2";"7";"0";"1";""
"202400007422";"155768760";"B01";"3";"7";"0";"2";"2";"1";"1";""
"202400007422";"155768761";"A01";"3";"7";"7";"2";"8";"15";"1";""
"202400007423";"155768758";"A01";"1";"30";"0";"2";"7";"17";"1";""
"202400007423";"155768759";"B01";"1";"43";"0";"2";"3";"15";"1";""
"202400007424";"155768756";"B01";"2";"2";"0";"2";"1";"2";"1";""
"202400007424";"155768757";"A01";"2";"2";"0";"2";"8";"17";"1";""
"202400007425";"155768755";"A01";"1";"7";"0";"1";"2";"1";"1";""
"202400007426";"155768754";"A01";"1";"7";"0";"1";"0";"0";"1";""
"202400007427";"155768752";"B01";"0";"33";"0";"0";"0";"0";"0";""
"202400007427";"155768753";"A01";"3";"99";"0";"0";"0";"0";"0";""
"202400007428";"155768750";"A01";"0";"7";"0";"2";"1";"1";"1";""
"202400007428";"155768751";"B01";"0";"7";"0";"2";"4";"24";"1";""
"202400007429";"155768749";"A01";"0";"7";"0";"0";"0";"0";"1";""
"202400007430";"155768748";"A01";"2";"7";"0";"1";"2";"1";"1";""
"202400007431";"155768746";"A01";"2";"10";"0";"2";"8";"17";"1";""
"202400007431";"155768747";"B01";"2";"33";"0";"2";"7";"17";"1";""
"202400007432";"155768743";"A01";"3";"7";"0";"1";"1";"1";"1";""
"202400007433";"155768741";"B01";"2";"1";"0";"0";"0";"0";"5";""
"202400007433";"155768742";"A01";"2";"7";"0";"0";"7";"16";"1";""
"202400007434";"155768739";"A01";"0";"10";"0";"2";"1";"1";"1";""
"202400007434";"155768740";"B01";"0";"7";"0";"2";"1";"15";"1";""
"202400007435";"155768737";"A01";"2";"10";"0";"2";"3";"15";"1";""
"202400007435";"155768738";"B01";"2";"33";"0";"2";"5";"17";"1";""
"202400007436";"155768735";"A01";"3";"31";"0";"2";"1";"13";"0";""
"202400007436";"155768736";"B01";"3";"7";"0";"2";"3";"1";"1";""
"202400007437";"155768733";"A01";"2";"7";"0";"2";"3";"13";"1";""
"202400007437";"155768734";"B01";"1";"1";"0";"2";"7";"1";"5";""
"202400007438";"155768731";"B01";"1";"31";"0";"2";"7";"26";"0";""
"202400007438";"155768732";"A01";"1";"7";"0";"2";"8";"15";"1";""
"202400007439";"155768729";"A01";"1";"1";"0";"2";"5";"25";"5";""
"202400007439";"155768730";"B01";"3";"7";"0";"2";"1";"9";"1";""
"202400007440";"155768728";"A01";"1";"10";"0";"1";"1";"1";"1";""
"202400007441";"155768726";"A01";"3";"7";"0";"2";"1";"15";"1";""
"202400007441";"155768727";"B01";"3";"33";"0";"2";"1";"17";"1";""
"202400007442";"155768725";"A01";"1";"30";"0";"0";"8";"26";"1";""
"202400007443";"155768723";"A01";"3";"7";"0";"2";"3";"15";"1";""
"202400007443";"155768724";"B01";"3";"50";"0";"2";"1";"1";"3";""
"202400007444";"155768721";"A01";"1";"7";"0";"2";"0";"0";"1";""
"202400007444";"155768722";"B01";"1";"50";"0";"2";"0";"0";"3";""
"202400007445";"155768719";"B01";"3";"33";"0";"2";"1";"5";"1";""
"202400007445";"155768720";"A01";"3";"7";"0";"2";"3";"1";"1";""
"202400007446";"155768718";"A01";"3";"7";"0";"1";"2";"1";"1";""
"202400007447";"155768717";"A01";"3";"7";"0";"1";"2";"19";"3";""
"202400007448";"155768716";"A01";"2";"10";"0";"1";"3";"1";"1";""
"202400007449";"155768714";"A01";"3";"50";"0";"2";"2";"1";"3";""
"202400007449";"155768715";"B01";"3";"7";"0";"2";"3";"1";"2";""
"202400007450";"155768713";"A01";"3";"1";"0";"0";"7";"16";"5";""
"202400007451";"155768712";"A01";"0";"7";"16";"0";"1";"1";"0";""
"202400007452";"155768711";"A01";"1";"31";"0";"2";"2";"1";"1";""
"202400007453";"155768709";"A01";"3";"7";"0";"2";"0";"1";"1";""
"202400007453";"155768710";"B01";"3";"7";"0";"2";"0";"1";"1";""
"202400007454";"155768707";"B01";"3";"1";"0";"2";"1";"1";"5";""
"202400007454";"155768708";"A01";"3";"7";"0";"2";"8";"16";"1";""
"202400007455";"155768706";"A01";"2";"7";"0";"1";"2";"1";"1";""
"202400007456";"155768704";"B01";"2";"7";"0";"2";"1";"1";"1";""
"202400007456";"155768705";"A01";"1";"7";"0";"2";"1";"13";"1";""
"202400007457";"155768702";"B01";"2";"10";"0";"2";"2";"1";"1";""
"202400007457";"155768703";"A01";"1";"7";"0";"2";"1";"9";"1";""
"202400007458";"155768700";"A01";"2";"7";"0";"2";"1";"1";"1";""
"202400007458";"155768701";"B01";"1";"7";"0";"2";"6";"1";"2";""
"202400007459";"155768699";"A01";"1";"7";"0";"1";"1";"1";"1";""
"202400007460";"155768698";"A01";"1";"33";"7";"0";"1";"2";"1";""
"202400007461";"155768696";"B01";"3";"1";"0";"2";"2";"1";"5";""
"202400007461";"155768697";"A01";"1";"7";"0";"2";"5";"15";"1";""
"202400007462";"155768692";"C01";"1";"10";"0";"2";"4";"23";"1";""
"202400007462";"155768694";"A01";"1";"7";"0";"2";"1";"1";"1";""
"202400007462";"155768695";"B01";"1";"7";"0";"2";"1";"1";"1";""
"202400007463";"155768689";"A01";"2";"7";"12";"0";"2";"15";"1";""
"202400007464";"155768688";"B01";"3";"7";"0";"2";"6";"1";"2";""
"202400007464";"155768690";"A01";"3";"31";"0";"2";"1";"1";"1";""
"202400007465";"155768687";"Z01";"0";"30";"0";"1";"0";"26";"0";""
"202400007466";"155768684";"A01";"2";"10";"0";"2";"3";"1";"1";""
"202400007466";"155768685";"B01";"2";"7";"0";"2";"4";"1";"1";""
"202400007466";"155768686";"C01";"2";"7";"0";"2";"4";"1";"1";""
"202400007467";"155768683";"A01";"2";"33";"0";"1";"1";"1";"1";""
"202400007468";"155768681";"A01";"0";"7";"0";"1";"1";"1";"1";""
"202400007469";"155768680";"B01";"2";"33";"0";"2";"0";"1";"0";""
"202400007469";"155768682";"A01";"1";"7";"0";"2";"7";"15";"1";""
"202400007470";"155768678";"A01";"3";"30";"0";"2";"1";"10";"1";""
"202400007470";"155768679";"B01";"3";"7";"0";"2";"8";"1";"1";""
"202400007471";"155768677";"A01";"2";"33";"0";"1";"1";"26";"1";""
"202400007472";"155768676";"A01";"2";"1";"0";"0";"1";"0";"5";""
"202400007473";"155768675";"A01";"2";"7";"0";"9";"8";"26";"1";""
"202400007474";"155768673";"A01";"1";"7";"0";"1";"1";"1";"1";""
"202400007475";"155768672";"A01";"2";"7";"0";"9";"0";"7";"0";""
"202400007475";"155768674";"B01";"1";"1";"0";"2";"0";"7";"5";""
"202400007476";"155768670";"A01";"2";"33";"7";"0";"0";"0";"1";""
"202400007477";"155768668";"A01";"1";"33";"0";"2";"1";"1";"1";""
"202400007477";"155768669";"B01";"1";"7";"0";"2";"7";"2";"1";""
"202400007477";"155768671";"C01";"1";"10";"0";"2";"4";"1";"1";""
"202400007478";"155768667";"A01";"2";"7";"0";"1";"1";"1";"1";""
"202400007479";"155768665";"B01";"1";"33";"0";"2";"0";"0";"1";""
"202400007479";"155768666";"A01";"3";"7";"0";"2";"2";"15";"1";""
"202400007480";"155768662";"A01";"3";"7";"0";"0";"8";"1";"1";""
"202400007481";"155768661";"B01";"1";"33";"0";"2";"2";"2";"1";""
"202400007481";"155768663";"A01";"1";"7";"0";"2";"8";"11";"1";""
"202400007482";"155768660";"A01";"1";"7";"0";"1";"1";"1";"1";""
"202400007483";"155768659";"A01";"1";"7";"3";"0";"1";"14";"1";""
"202400007484";"155768656";"A01";"2";"7";"0";"9";"0";"16";"0";""
"202400007484";"155768657";"B01";"2";"50";"0";"2";"1";"1";"3";""
"202400007485";"155768655";"A01";"1";"7";"0";"2";"2";"1";"1";""
"202400007485";"155768658";"B01";"2";"1";"0";"2";"6";"19";"5";""
"202400007486";"155768653";"A01";"1";"50";"0";"0";"0";"1";"3";""
"202400007487";"155768654";"A01";"1";"7";"0";"1";"4";"4";"1";""
"202400007488";"155768650";"B01";"1";"32";"0";"2";"0";"16";"1";""
"202400007488";"155768652";"A01";"1";"7";"0";"2";"7";"16";"1";""
"202400007489";"155768649";"A01";"1";"50";"0";"2";"8";"12";"3";""
"202400007489";"155768651";"Z01";"1";"7";"0";"0";"8";"1";"0";""
"202400007490";"155768646";"A01";"0";"7";"0";"2";"3";"15";"2";""
"202400007490";"155768648";"B01";"1";"50";"0";"2";"1";"1";"3";""
"202400007491";"155768645";"A01";"1";"7";"0";"1";"2";"1";"2";""
"202400007492";"155768644";"B01";"1";"7";"0";"2";"3";"15";"1";""
"202400007492";"155768647";"A01";"1";"33";"0";"2";"1";"17";"1";""
"202400007493";"155768640";"A01";"2";"7";"0";"2";"2";"1";"2";""
"202400007493";"155768643";"B01";"2";"80";"12";"0";"8";"9";"3";""
"202400007494";"155768641";"B01";"1";"32";"0";"0";"7";"17";"1";""
"202400007494";"155768642";"A01";"3";"7";"0";"2";"1";"16";"1";""
"202400007495";"155768639";"A01";"1";"80";"0";"0";"1";"1";"3";""
"202400007496";"155768636";"A01";"0";"30";"0";"2";"1";"0";"0";""
"202400007496";"155768638";"B01";"0";"7";"0";"0";"4";"0";"1";""
"202400007497";"155768634";"A01";"3";"43";"1";"0";"1";"13";"1";""
"202400007498";"155768630";"A01";"3";"40";"0";"2";"1";"0";"3";""
"202400007498";"155768633";"B01";"3";"40";"0";"2";"4";"0";"3";""
"202400007499";"155768631";"A01";"0";"7";"0";"2";"2";"17";"1";""
"202400007499";"155768632";"B01";"0";"1";"0";"2";"1";"1";"5";""
"202400007500";"155768628";"A01";"1";"7";"0";"2";"3";"15";"1";""
"202400007500";"155768629";"B01";"1";"2";"0";"2";"1";"1";"1";""
"202400007501";"155768627";"A01";"1";"7";"0";"1";"0";"1";"1";""
"202400007502";"155768624";"A01";"1";"10";"0";"2";"1";"2";"1";""
"202400007502";"155768626";"B01";"1";"7";"0";"2";"4";"0";"1";""
"202400007503";"155768623";"B01";"3";"33";"0";"2";"3";"1";"1";""
"202400007503";"155768625";"A01";"3";"7";"0";"2";"3";"15";"1";""
"202400007504";"155768621";"A01";"0";"33";"0";"2";"8";"1";"1";""
"202400007504";"155768622";"B01";"0";"33";"0";"2";"7";"1";"1";""
"202400007505";"155768619";"A01";"2";"7";"0";"2";"1";"2";"1";""
"202400007505";"155768620";"B01";"2";"7";"0";"2";"4";"2";"1";""
"202400007506";"155768617";"A01";"1";"7";"0";"2";"1";"15";"1";""
"202400007506";"155768618";"B01";"2";"1";"0";"2";"6";"1";"5";""
"202400007507";"155768614";"A01";"1";"31";"0";"0";"0";"1";"1";""
"202400007508";"155768615";"A01";"1";"7";"0";"2";"1";"26";"1";""
"202400007508";"155768616";"B01";"1";"80";"0";"2";"4";"0";"3";""
"202400007509";"155768613";"A01";"1";"50";"0";"1";"1";"1";"3";""
"202400007510";"155768610";"A01";"1";"7";"0";"2";"1";"2";"1";""
"202400007510";"155768612";"B01";"1";"7";"0";"2";"4";"1";"1";""
"202400007511";"155768609";"A01";"3";"7";"0";"2";"2";"1";"1";""
"202400007511";"155768611";"B01";"3";"50";"0";"2";"1";"16";"3";""
"202400007512";"155768606";"A01";"1";"1";"0";"2";"8";"1";"5";""
"202400007512";"155768607";"B01";"1";"7";"0";"2";"7";"1";"0";""
"202400007513";"155768605";"B01";"1";"10";"0";"2";"2";"0";"1";""
"202400007513";"155768608";"A01";"1";"30";"0";"2";"3";"11";"1";""
"202400007514";"155768603";"A01";"1";"33";"0";"1";"1";"1";"1";""
"202400007515";"155768602";"A01";"1";"7";"0";"1";"3";"1";"1";""
"202400007515";"155768604";"B01";"2";"10";"0";"1";"3";"1";"1";""
"202400007516";"155768599";"A01";"2";"7";"0";"2";"5";"15";"1";""
"202400007516";"155768601";"B01";"1";"33";"0";"2";"1";"1";"1";""
"202400007517";"155768598";"A01";"2";"10";"0";"2";"1";"1";"1";""
"202400007517";"155768600";"B01";"2";"15";"0";"2";"4";"1";"1";""
"202400007518";"155768595";"A01";"3";"7";"0";"2";"3";"1";"0";""
"202400007518";"155768597";"B01";"0";"13";"0";"0";"4";"1";"0";""
"202400007519";"155768594";"A01";"1";"10";"0";"0";"6";"9";"1";""
"202400007519";"155768596";"B01";"2";"2";"0";"2";"1";"1";"1";""
"202400007520";"155768592";"A01";"2";"33";"3";"0";"1";"0";"0";""
"202400007521";"155768591";"A01";"2";"7";"0";"2";"3";"11";"1";""
"202400007521";"155768593";"B01";"2";"33";"0";"2";"7";"2";"1";""
"202400007522";"155768590";"A01";"1";"7";"1";"0";"9";"21";"1";""
"202400007523";"155768588";"A01";"2";"7";"0";"2";"1";"2";"1";""
"202400007523";"155768589";"B01";"2";"10";"0";"2";"4";"2";"1";""
"202400007524";"155768587";"A01";"2";"7";"0";"1";"2";"1";"2";""
"202400007525";"155768586";"A01";"2";"33";"0";"0";"0";"26";"1";""
"202400007526";"155768583";"A01";"2";"7";"0";"0";"7";"1";"1";""
"202400007526";"155768585";"B01";"1";"33";"0";"2";"1";"1";"1";""
"202400007527";"155768584";"A01";"2";"10";"0";"1";"2";"21";"3";""
"202400007528";"155768581";"B01";"2";"33";"0";"2";"4";"2";"1";""
"202400007528";"155768582";"A01";"2";"7";"0";"2";"2";"2";"1";""
"202400007529";"155768580";"A01";"1";"7";"0";"1";"3";"1";"2";""
"202400007530";"155768578";"A01";"1";"7";"6";"0";"1";"1";"1";""
"202400007531";"155768579";"A01";"1";"10";"0";"1";"1";"26";"3";""
"202400007532";"155768577";"A01";"2";"7";"8";"0";"3";"3";"1";""
"202400007533";"155768574";"A01";"1";"33";"0";"2";"1";"1";"1";""
"202400007533";"155768576";"B01";"1";"43";"0";"2";"3";"15";"1";""
"202400007534";"155768573";"A01";"1";"33";"4";"0";"7";"17";"1";""
"202400007534";"155768575";"B01";"1";"7";"0";"2";"6";"17";"1";""
"202400007535";"155768571";"A01";"1";"7";"13";"0";"1";"1";"1";""
"202400007536";"155768570";"A01";"1";"7";"0";"2";"3";"9";"1";""
"202400007536";"155768572";"B01";"2";"60";"0";"2";"2";"1";"5";""
"202400007537";"155768569";"A01";"2";"7";"6";"0";"3";"2";"1";""
"202400007538";"155768567";"A01";"1";"7";"2";"0";"1";"0";"1";""
"202400007539";"155768568";"A01";"1";"2";"0";"0";"1";"2";"1";""
"202400007540";"155768566";"A01";"2";"7";"6";"0";"9";"1";"2";""
"202400007541";"155768565";"Z01";"1";"34";"0";"1";"0";"0";"1";""
"202400007542";"155768562";"A01";"1";"1";"0";"1";"1";"1";"5";""
"202400007543";"155768560";"A01";"3";"1";"12";"0";"1";"2";"5";""
"202400007544";"155768559";"A01";"2";"7";"9";"9";"1";"15";"1";""
"202400007544";"155768561";"B01";"2";"1";"0";"0";"6";"15";"5";""
"202400007545";"155768558";"A01";"0";"2";"0";"0";"1";"1";"1";""
"202400007546";"155768557";"A01";"2";"1";"0";"1";"1";"1";"5";""
"202400007547";"155768556";"A01";"1";"33";"13";"0";"1";"0";"1";""
"202400007548";"155768555";"A01";"1";"50";"14";"0";"1";"2";"3";""
"202400007549";"155768554";"A01";"1";"7";"13";"0";"8";"1";"1";""
"202400007550";"155768550";"B01";"3";"43";"0";"2";"1";"2";"1";""
"202400007550";"155768552";"C01";"3";"33";"0";"2";"1";"2";"1";""
"202400007550";"155768553";"A01";"3";"7";"0";"2";"4";"2";"1";""
"202400007551";"155768551";"A01";"1";"32";"6";"0";"2";"14";"1";""
"202400007552";"155768548";"A01";"2";"31";"12";"0";"3";"14";"1";""
"202400007553";"155768547";"A01";"1";"10";"0";"2";"6";"0";"2";""
"202400007553";"155768549";"B01";"1";"1";"0";"2";"3";"2";"5";""
"202400007554";"155768545";"B01";"2";"33";"0";"2";"1";"1";"1";""
"202400007554";"155768546";"A01";"1";"7";"0";"2";"3";"15";"1";""
"202400007555";"155768544";"A01";"1";"7";"0";"1";"1";"15";"1";""
"202400007556";"155768542";"A01";"2";"33";"16";"2";"1";"17";"1";""
"202400007556";"155768543";"B01";"2";"7";"0";"0";"3";"15";"1";""
"202400007557";"155768541";"A01";"1";"7";"0";"1";"1";"15";"3";""
"202400007558";"155768540";"A01";"1";"31";"12";"0";"8";"0";"1";""
"202400007559";"155768536";"B01";"2";"7";"0";"2";"7";"0";"1";""
"202400007559";"155768538";"A01";"2";"33";"0";"2";"7";"26";"1";""
"202400007559";"155768539";"C01";"2";"10";"0";"2";"8";"0";"1";""
"202400007560";"155768535";"A01";"1";"1";"0";"2";"0";"2";"5";""
"202400007560";"155768537";"B01";"1";"1";"0";"2";"0";"2";"5";""
"202400007561";"155768534";"A01";"1";"33";"0";"0";"7";"13";"1";""
"202400007562";"155768533";"A01";"2";"7";"0";"1";"2";"17";"3";""
"202400007563";"155768532";"A01";"1";"7";"6";"0";"1";"2";"1";""
"202400007564";"155768531";"A01";"3";"7";"0";"1";"6";"4";"2";""
"202400007565";"155768530";"A01";"2";"7";"2";"0";"8";"1";"1";""
"202400007566";"155768528";"B01";"3";"7";"0";"2";"1";"1";"1";""
"202400007566";"155768529";"A01";"3";"7";"0";"2";"4";"23";"1";""
"202400007567";"155768527";"A01";"1";"7";"8";"0";"1";"13";"1";""
"202400007568";"155768525";"B01";"1";"10";"0";"2";"4";"23";"1";""
"202400007568";"155768526";"A01";"1";"7";"0";"2";"1";"1";"1";""
"202400007569";"155768524";"A01";"2";"10";"0";"1";"2";"26";"1";""
"202400007570";"155768521";"B01";"1";"50";"0";"2";"2";"1";"3";""
"202400007570";"155768522";"SA01";"1";"7";"0";"2";"3";"15";"1";""
"202400007571";"155768517";"A01";"2";"43";"0";"2";"1";"1";"1";""
"202400007571";"155768518";"B01";"2";"1";"0";"2";"8";"10";"5";""
"202400007572";"155768516";"A01";"1";"7";"17";"9";"2";"0";"1";""
"202400007573";"155768514";"B01";"1";"10";"0";"2";"6";"2";"0";""
"202400007573";"155768515";"A01";"1";"7";"0";"2";"1";"2";"1";""