"Num_Acc";"id_vehicule";"num_veh";"senc";"catv";"obs";"obsm";"choc";"manv";"motor";"occutc"
"202400007574";"155768512";"A01";"1";"33";"0";"2";"1";"1";"1";""
"202400007574";"155768513";"B01";"2";"33";"0";"2";"1";"1";"1";""
"202400007575";"155768511";"A01";"2";"7";"0";"1";"1";"26";"1";""
"202400007576";"155768509";"A01";"2";"7";"0";"2";"3";"13";"1";""
"202400007576";"155768510";"B01";"1";"7";"0";"2";"3";"1";"1";""
"202400007577";"155768508";"A01";"3";"7";"0";"1";"2";"1";"2";""
"202400007578";"155768506";"B01";"2";"7";"0";"2";"2";"0";"1";""
"202400007578";"155768507";"A01";"1";"7";"0";"2";"2";"13";"1";""
"202400007579";"155768504";"B01";"3";"34";"0";"2";"3";"2";"1";""
"202400007579";"155768505";"A01";"3";"32";"0";"0";"0";"0";"1";""
"202400007580";"155768500";"A01";"1";"10";"0";"2";"2";"15";"1";""
"202400007580";"155768501";"B01";"2";"33";"0";"2";"8";"1";"1";""
"202400007581";"155768502";"B01";"1";"1";"0";"2";"1";"1";"5";""
"202400007581";"155768503";"A01";"2";"7";"0";"2";"3";"1";"1";""
"202400007582";"155768498";"A01";"2";"31";"0";"2";"8";"1";"1";""
"202400007582";"155768499";"B01";"0";"7";"0";"2";"5";"20";"2";""
"202400007583";"155768497";"A01";"1";"7";"2";"0";"1";"1";"1";""
"202400007584";"155768496";"A01";"2";"7";"0";"1";"1";"1";"1";""
"202400007585";"155768495";"A01";"0";"7";"2";"0";"3";"1";"1";""
"202400007586";"155768492";"A01";"1";"7";"0";"2";"4";"2";"1";""
"202400007586";"155768493";"B01";"1";"7";"1";"2";"6";"2";"0";""
"202400007586";"155768494";"C01";"1";"7";"1";"2";"1";"2";"1";""
"202400007587";"155768491";"A01";"1";"7";"6";"0";"1";"0";"1";""
"202400007588";"155768489";"A01";"1";"7";"13";"0";"3";"13";"1";""
"202400007589";"155768488";"A01";"3";"7";"0";"2";"4";"1";"1";""
"202400007589";"155768490";"B01";"3";"7";"0";"1";"1";"1";"1";""
"202400007590";"155768487";"A01";"1";"7";"0";"0";"0";"1";"1";""
"202400007591";"155768486";"Z01";"2";"7";"0";"1";"2";"1";"1";""
"202400007592";"155768484";"A01";"2";"7";"0";"1";"1";"1";"0";""
"202400007593";"155768483";"B01";"1";"33";"0";"2";"1";"13";"1";""
"202400007593";"155768485";"A01";"2";"30";"0";"2";"1";"1";"1";""
"202400007594";"155768482";"A01";"1";"10";"3";"0";"2";"1";"1";""
"202400007595";"155768481";"A01";"0";"32";"0";"1";"1";"17";"1";""
"202400007596";"155768480";"A01";"1";"17";"1";"0";"2";"1";"1";""
"202400007597";"155768479";"A01";"1";"7";"0";"1";"7";"2";"1";""
"202400007598";"155768475";"B01";"1";"7";"0";"2";"3";"19";"1";""
"202400007598";"155768478";"A01";"1";"33";"0";"2";"1";"1";"1";""
"202400007599";"155768476";"A01";"1";"10";"0";"2";"3";"26";"1";""
"202400007599";"155768477";"B01";"1";"7";"0";"2";"5";"1";"1";""
"202400007600";"155768473";"A01";"2";"33";"0";"0";"0";"1";"1";""
"202400007601";"155768468";"B01";"1";"33";"0";"2";"3";"1";"1";""
"202400007601";"155768470";"A01";"2";"7";"0";"2";"1";"15";"1";""
"202400007602";"155768466";"A01";"3";"60";"0";"0";"0";"1";"5";""
"202400007603";"155768463";"A01";"1";"7";"0";"2";"3";"2";"1";""
"202400007603";"155768465";"B01";"1";"21";"0";"0";"6";"15";"1";""
"202400007604";"155768462";"A01";"1";"7";"0";"2";"1";"9";"1";""
"202400007604";"155768464";"B01";"1";"7";"0";"2";"5";"0";"1";""
"202400007605";"155768460";"B01";"2";"7";"0";"2";"2";"1";"0";""
"202400007605";"155768461";"A01";"1";"7";"0";"2";"3";"1";"1";""
"202400007606";"155768459";"A01";"3";"7";"0";"0";"9";"21";"1";""
"202400007607";"155768457";"A01";"2";"7";"2";"0";"3";"14";"1";""
"202400007607";"155768458";"B01";"1";"10";"0";"2";"5";"17";"1";""
"202400007608";"155768456";"A01";"1";"32";"7";"0";"1";"1";"1";""
"202400007609";"155768455";"A01";"2";"7";"9";"1";"1";"0";"1";""
"202400007610";"155768453";"A01";"2";"33";"0";"2";"0";"13";"1";""
"202400007610";"155768454";"B01";"1";"10";"0";"2";"1";"1";"1";""
"202400007611";"155768451";"A01";"2";"33";"0";"2";"1";"1";"1";""
"202400007611";"155768452";"B01";"2";"7";"0";"2";"6";"15";"1";""
"202400007612";"155768449";"B01";"2";"13";"0";"2";"3";"1";"1";""
"202400007612";"155768450";"A01";"1";"7";"0";"2";"3";"1";"1";""
"202400007613";"155768448";"A01";"3";"43";"15";"0";"3";"11";"1";""
"202400007614";"155768447";"A01";"1";"7";"16";"0";"0";"1";"1";""
"202400007615";"155768446";"A01";"2";"0";"0";"1";"0";"0";"0";""
"202400007616";"155768444";"A01";"1";"7";"0";"2";"3";"1";"1";""
"202400007616";"155768445";"B01";"2";"7";"0";"2";"2";"1";"1";""
"202400007617";"155768442";"A01";"2";"7";"0";"2";"1";"13";"1";""
"202400007617";"155768443";"B01";"1";"10";"0";"2";"2";"1";"1";""
"202400007618";"155768439";"A01";"1";"7";"0";"0";"3";"15";"1";""
"202400007618";"155768441";"B01";"2";"33";"13";"2";"9";"1";"1";""
"202400007619";"155768438";"A01";"2";"33";"0";"2";"1";"1";"1";""
"202400007619";"155768440";"B01";"1";"7";"0";"2";"3";"1";"1";""
"202400007620";"155768437";"A01";"1";"33";"7";"0";"1";"1";"1";""
"202400007621";"155768436";"A01";"3";"7";"2";"0";"3";"0";"1";""
"202400007622";"155768433";"B01";"2";"14";"0";"2";"1";"1";"1";""
"202400007622";"155768435";"A01";"1";"7";"0";"2";"8";"19";"1";""
"202400007623";"155768432";"A01";"1";"7";"0";"9";"2";"21";"1";""
"202400007624";"155768430";"A01";"1";"7";"0";"2";"2";"1";"1";""
"202400007624";"155768431";"B01";"1";"33";"0";"0";"4";"23";"1";""
"202400007625";"155768428";"A01";"1";"2";"11";"0";"0";"1";"1";""
"202400007626";"155768427";"A01";"2";"33";"0";"2";"1";"13";"1";""
"202400007626";"155768429";"B01";"1";"7";"0";"2";"1";"1";"1";""
"202400007627";"155768424";"A01";"2";"7";"0";"2";"1";"1";"3";""
"202400007627";"155768426";"B01";"2";"7";"0";"2";"5";"16";"1";""
"202400007628";"155768423";"B01";"1";"7";"0";"2";"1";"1";"1";""
"202400007628";"155768425";"A01";"1";"7";"0";"0";"4";"1";"1";""
"202400007629";"155768421";"B01";"1";"1";"0";"2";"7";"1";"5";""
"202400007629";"155768422";"A01";"2";"7";"0";"2";"3";"16";"1";""
"202400007630";"155768419";"A01";"2";"31";"0";"2";"1";"17";"1";""
"202400007630";"155768420";"B01";"1";"7";"0";"2";"8";"2";"2";""
"202400007631";"155768418";"A01";"1";"15";"0";"1";"2";"9";"1";""
"202400007632";"155768417";"A01";"1";"7";"8";"0";"1";"14";"1";""
"202400007633";"155768416";"A01";"0";"7";"13";"0";"3";"21";"1";""
"202400007634";"155768415";"A01";"1";"7";"2";"0";"1";"1";"1";""
"202400007635";"155768412";"A01";"2";"31";"0";"2";"6";"11";"1";""
"202400007635";"155768414";"B01";"2";"7";"0";"2";"2";"2";"1";""
"202400007636";"155768411";"A01";"1";"7";"0";"0";"4";"15";"1";""
"202400007636";"155768413";"B01";"1";"7";"0";"2";"1";"1";"1";""
"202400007637";"155768408";"B01";"2";"7";"0";"2";"1";"11";"1";""
"202400007637";"155768410";"A01";"2";"7";"0";"2";"4";"2";"1";""
"202400007638";"155768407";"A01";"1";"7";"0";"2";"3";"13";"1";""
"202400007638";"155768409";"B01";"2";"10";"0";"2";"3";"1";"1";""
"202400007639";"155768406";"A01";"1";"33";"0";"0";"4";"2";"1";""
"202400007640";"155768404";"A01";"1";"3";"0";"2";"2";"15";"3";""
"202400007640";"155768405";"B01";"1";"7";"0";"2";"1";"1";"1";""
"202400007641";"155768401";"A01";"2";"33";"0";"2";"2";"3";"1";""
"202400007641";"155768403";"B01";"2";"7";"0";"0";"6";"1";"1";""
"202400007642";"155768397";"A01";"1";"7";"0";"2";"1";"2";"1";""
"202400007642";"155768399";"B01";"1";"7";"0";"2";"4";"2";"2";""
"202400007642";"155768400";"C01";"1";"10";"0";"2";"4";"2";"1";""
"202400007642";"155768402";"D01";"1";"10";"0";"0";"4";"2";"3";""
"202400007643";"155768396";"B01";"1";"7";"0";"2";"6";"1";"1";""
"202400007643";"155768398";"A01";"1";"33";"0";"2";"1";"1";"1";""
"202400007644";"155768394";"A01";"2";"7";"3";"0";"1";"1";"1";""
"202400007645";"155768393";"A01";"1";"7";"3";"2";"2";"17";"1";""
"202400007645";"155768395";"B01";"1";"15";"0";"2";"6";"1";"1";""
"202400007646";"155768390";"A01";"1";"7";"0";"2";"2";"11";"1";""
"202400007646";"155768392";"B01";"1";"33";"0";"2";"4";"1";"1";""
"202400007647";"155768389";"A01";"2";"7";"0";"2";"1";"5";"1";""
"202400007647";"155768391";"B01";"1";"2";"0";"2";"1";"1";"1";""
"202400007648";"155768386";"A01";"1";"10";"0";"0";"6";"24";"1";""
"202400007648";"155768388";"B01";"1";"10";"1";"0";"2";"1";"1";""
"202400007649";"155768384";"B01";"1";"33";"0";"2";"3";"1";"1";""
"202400007649";"155768385";"C01";"1";"10";"0";"2";"5";"1";"1";""
"202400007649";"155768387";"A01";"1";"7";"0";"2";"0";"11";"1";""
"202400007650";"155768383";"A01";"1";"33";"0";"0";"0";"16";"1";""
"202400007651";"155768381";"A01";"1";"7";"0";"2";"1";"1";"1";""
"202400007651";"155768382";"B01";"1";"7";"0";"2";"4";"11";"1";""
"202400007652";"155768380";"A01";"2";"33";"3";"0";"1";"14";"1";""
"202400007653";"155768377";"A01";"1";"33";"0";"2";"5";"3";"1";""
"202400007653";"155768379";"B01";"1";"10";"0";"2";"8";"11";"1";""
"202400007654";"155768375";"A01";"2";"32";"4";"0";"1";"16";"1";""
"202400007655";"155768376";"A01";"2";"33";"16";"2";"9";"1";"1";""
"202400007655";"155768378";"B01";"1";"7";"0";"2";"2";"2";"1";""
"202400007656";"155768374";"A01";"2";"33";"0";"2";"1";"3";"1";""
"202400007657";"155768373";"A01";"2";"33";"12";"0";"1";"1";"1";""
"202400007658";"155768371";"A01";"1";"7";"0";"1";"1";"1";"1";""
"202400007659";"155768370";"B01";"2";"7";"0";"2";"1";"1";"1";""
"202400007659";"155768372";"A01";"2";"7";"13";"0";"8";"9";"1";""
"202400007660";"155768368";"A01";"1";"7";"0";"2";"5";"2";"1";""
"202400007660";"155768369";"B01";"1";"10";"0";"2";"3";"0";"1";""
"202400007661";"155768366";"B01";"3";"7";"0";"2";"8";"15";"1";""
"202400007661";"155768367";"A01";"1";"7";"0";"2";"1";"1";"1";""
"202400007662";"155768365";"A01";"3";"7";"0";"1";"2";"26";"1";""
"202400007663";"155768363";"B01";"1";"7";"0";"2";"3";"1";"1";""
"202400007663";"155768364";"A01";"2";"2";"0";"2";"3";"13";"1";""
"202400007664";"155768361";"B01";"2";"50";"0";"2";"1";"1";"3";""
"202400007664";"155768362";"A01";"2";"7";"0";"2";"2";"16";"1";""
"202400007665";"155768354";"B01";"1";"7";"0";"2";"4";"26";"1";""
"202400007665";"155768356";"C01";"1";"7";"0";"2";"4";"0";"1";""
"202400007665";"155768358";"A01";"1";"7";"0";"2";"1";"0";"1";""
"202400007666";"155768353";"A01";"2";"99";"0";"2";"1";"17";"1";""
"202400007666";"155768355";"B01";"2";"7";"0";"2";"1";"1";"1";""
"202400007666";"155768357";"C01";"1";"7";"0";"2";"1";"1";"1";""
"202400007667";"155768352";"A01";"1";"33";"6";"0";"1";"1";"1";""
"202400007668";"155768350";"B01";"1";"33";"0";"2";"5";"23";"1";""
"202400007668";"155768351";"A01";"1";"7";"0";"2";"3";"18";"1";""
"202400007669";"155768349";"A01";"1";"32";"14";"0";"1";"9";"1";""
"202400007670";"155768348";"A01";"3";"50";"0";"0";"1";"1";"3";""
"202400007671";"155768347";"A01";"1";"7";"3";"0";"2";"1";"1";""
"202400007672";"155768346";"A01";"1";"7";"4";"0";"2";"1";"1";""
"202400007673";"155768344";"A01";"2";"17";"0";"2";"1";"21";"1";""
"202400007673";"155768345";"B01";"2";"17";"0";"2";"8";"23";"1";""
"202400007674";"155768341";"A01";"1";"7";"0";"2";"5";"2";"1";""
"202400007674";"155768343";"B01";"1";"33";"0";"2";"1";"2";"1";""
"202400007675";"155768339";"A01";"2";"17";"1";"2";"5";"1";"1";""
"202400007675";"155768340";"B01";"2";"17";"0";"2";"3";"23";"1";""
"202400007675";"155768342";"C01";"2";"7";"0";"2";"8";"1";"1";""
"202400007676";"155768337";"A01";"1";"7";"1";"2";"9";"21";"1";""
"202400007676";"155768338";"B01";"1";"7";"0";"2";"1";"15";"1";""
"202400007677";"155768336";"A01";"2";"43";"0";"1";"1";"1";"1";""
"202400007678";"155768334";"B01";"3";"7";"0";"2";"3";"1";"1";""
"202400007678";"155768335";"A01";"3";"7";"0";"2";"1";"19";"1";""
"202400007679";"155768332";"A01";"3";"7";"0";"2";"7";"19";"1";""
"202400007679";"155768333";"B01";"3";"7";"0";"2";"1";"1";"1";""
"202400007680";"155768331";"A01";"2";"7";"0";"1";"8";"1";"1";""
"202400007681";"155768329";"A01";"3";"7";"12";"2";"4";"23";"1";""
"202400007681";"155768330";"B01";"3";"7";"0";"2";"1";"2";"1";""
"202400007682";"155768327";"A01";"1";"33";"0";"2";"1";"2";"1";""
"202400007682";"155768328";"B01";"1";"7";"0";"2";"4";"1";"1";""
"202400007683";"155768325";"B01";"1";"7";"0";"2";"8";"1";"2";""
"202400007683";"155768326";"A01";"1";"7";"0";"2";"3";"15";"1";""
"202400007684";"155768323";"A01";"2";"7";"0";"2";"1";"0";"0";""
"202400007684";"155768324";"B01";"3";"7";"0";"2";"4";"1";"0";""
"202400007685";"155768321";"A01";"2";"7";"0";"2";"8";"10";"2";""
"202400007685";"155768322";"B01";"2";"33";"0";"2";"2";"2";"1";""
"202400007686";"155768320";"A01";"1";"7";"3";"0";"1";"9";"1";""
"202400007687";"155768318";"B01";"2";"7";"0";"2";"2";"1";"1";""
"202400007687";"155768319";"A01";"1";"7";"0";"2";"3";"16";"1";""
"202400007688";"155768316";"B01";"1";"7";"0";"2";"4";"1";"1";""
"202400007688";"155768317";"A01";"1";"31";"0";"2";"4";"21";"1";""
"202400007689";"155768314";"A01";"3";"7";"0";"2";"4";"1";"1";""
"202400007689";"155768315";"B01";"1";"50";"0";"2";"1";"1";"3";""
"202400007690";"155768313";"A01";"3";"7";"0";"1";"2";"21";"1";""
"202400007691";"155768311";"A01";"3";"7";"0";"2";"1";"16";"1";""
"202400007691";"155768312";"B01";"3";"1";"0";"2";"1";"1";"5";""
"202400007692";"155768310";"A01";"3";"7";"0";"1";"1";"1";"1";""
"202400007693";"155768309";"A01";"2";"7";"7";"0";"1";"26";"1";""
"202400007694";"155768308";"A01";"0";"50";"0";"0";"0";"1";"3";""
"202400007695";"155768307";"A01";"0";"7";"0";"1";"1";"16";"1";""
"202400007696";"155768304";"A01";"1";"7";"0";"2";"1";"2";"1";""
"202400007696";"155768305";"B01";"1";"7";"0";"2";"1";"2";"1";""
"202400007696";"155768306";"C01";"1";"7";"0";"2";"4";"2";"1";""
"202400007697";"155768301";"C01";"2";"7";"0";"2";"0";"0";"1";""
"202400007697";"155768302";"B01";"1";"33";"0";"2";"0";"2";"1";""
"202400007697";"155768303";"A01";"1";"7";"0";"2";"2";"9";"1";""
"202400007698";"155768298";"A01";"1";"7";"0";"1";"2";"17";"0";""
"202400007699";"155768297";"A01";"1";"0";"0";"1";"0";"26";"0";""
"202400007700";"155768295";"B01";"2";"50";"0";"2";"7";"19";"3";""
"202400007700";"155768296";"A01";"1";"10";"0";"2";"1";"16";"1";""
"202400007701";"155768293";"B01";"1";"32";"0";"2";"8";"1";"1";""
"202400007701";"155768294";"A01";"3";"7";"0";"2";"3";"15";"1";""
"202400007702";"155768291";"B01";"1";"7";"0";"2";"8";"15";"1";""
"202400007702";"155768292";"A01";"2";"7";"0";"2";"1";"1";"1";""
"202400007703";"155768290";"A01";"2";"7";"0";"1";"3";"1";"1";""
"202400007704";"155768288";"A01";"3";"7";"0";"9";"5";"16";"1";""
"202400007704";"155768289";"B01";"1";"80";"0";"2";"1";"1";"2";""
"202400007705";"155768286";"B01";"2";"7";"0";"2";"1";"1";"1";""
"202400007705";"155768287";"A01";"2";"1";"0";"2";"2";"15";"5";""
"202400007706";"155768283";"B01";"2";"7";"0";"0";"0";"0";"1";""
"202400007706";"155768284";"A01";"2";"7";"0";"2";"1";"1";"1";""
"202400007706";"155768285";"C01";"2";"7";"0";"2";"4";"1";"2";""
"202400007707";"155768281";"A01";"2";"80";"0";"2";"8";"2";"2";""
"202400007707";"155768282";"B01";"2";"80";"0";"2";"2";"2";"2";""
"202400007708";"155768279";"A01";"1";"33";"6";"2";"1";"17";"1";""
"202400007708";"155768280";"B01";"1";"7";"0";"2";"8";"15";"1";""
"202400007709";"155768277";"B01";"2";"32";"0";"2";"1";"1";"1";""
"202400007709";"155768278";"A01";"1";"7";"0";"2";"7";"15";"1";""
"202400007710";"155768276";"A01";"3";"21";"0";"1";"5";"15";"6";""
"202400007711";"155768274";"B01";"1";"7";"0";"2";"2";"1";"3";""
"202400007711";"155768275";"A01";"1";"50";"1";"2";"2";"26";"3";""
"202400007712";"155768272";"A01";"3";"7";"0";"2";"0";"0";"1";""
"202400007712";"155768273";"B01";"3";"50";"0";"2";"8";"0";"3";""
"202400007713";"155768270";"B01";"1";"7";"0";"2";"1";"1";"1";""
"202400007713";"155768271";"A01";"2";"7";"0";"2";"1";"16";"1";""
"202400007714";"155768269";"A01";"1";"1";"12";"0";"1";"14";"5";""
"202400007715";"155768267";"B01";"3";"7";"0";"2";"4";"2";"1";""
"202400007715";"155768268";"A01";"3";"30";"0";"2";"1";"2";"3";""
"202400007716";"155768265";"A01";"3";"7";"0";"2";"2";"12";"1";""
"202400007716";"155768266";"B01";"3";"7";"0";"2";"4";"23";"1";""
"202400007717";"155768263";"A01";"3";"7";"0";"2";"2";"26";"1";""
"202400007717";"155768264";"B01";"3";"7";"0";"2";"5";"1";"1";""
"202400007718";"155768261";"B01";"2";"7";"0";"2";"1";"1";"1";""
"202400007718";"155768262";"A01";"2";"10";"0";"2";"3";"15";"1";""
"202400007719";"155768259";"A01";"3";"7";"0";"2";"4";"1";"1";""
"202400007719";"155768260";"B01";"3";"7";"0";"2";"1";"1";"1";""
"202400007720";"155768257";"B01";"3";"7";"0";"2";"8";"1";"1";""
"202400007720";"155768258";"A01";"3";"50";"0";"2";"3";"19";"3";""
"202400007721";"155768255";"A01";"1";"33";"0";"2";"1";"13";"1";""
"202400007721";"155768256";"B01";"2";"10";"0";"2";"3";"1";"1";""
"202400007722";"155768254";"A01";"1";"10";"0";"1";"5";"4";"3";""
"202400007723";"155768252";"B01";"2";"32";"0";"2";"9";"15";"1";""
"202400007723";"155768253";"A01";"1";"7";"0";"2";"1";"15";"1";""
"202400007724";"155768250";"B01";"0";"33";"0";"2";"1";"1";"1";""
"202400007724";"155768251";"A01";"0";"7";"0";"2";"2";"16";"1";""
"202400007725";"155768248";"B01";"1";"33";"0";"2";"1";"1";"1";""
"202400007725";"155768249";"A01";"1";"7";"0";"2";"4";"1";"1";""
"202400007726";"155768246";"A01";"2";"2";"0";"9";"1";"3";"1";""
"202400007726";"155768247";"B01";"2";"60";"0";"0";"0";"0";"5";""
"202400007727";"155768244";"B01";"1";"10";"0";"0";"3";"20";"1";""
"202400007727";"155768245";"A01";"1";"30";"1";"2";"1";"17";"1";""
"202400007728";"155768242";"A01";"2";"10";"0";"2";"2";"16";"1";""
"202400007728";"155768243";"B01";"2";"50";"0";"2";"3";"1";"3";""
"202400007729";"155768238";"A01";"1";"15";"0";"2";"1";"1";"1";""
"202400007729";"155768239";"B01";"1";"7";"0";"2";"4";"23";"1";""
"202400007729";"155768240";"C01";"1";"7";"0";"2";"4";"23";"1";""
"202400007729";"155768241";"D01";"1";"7";"0";"2";"5";"23";"1";""
"202400007730";"155768236";"B01";"2";"7";"0";"2";"5";"17";"1";""
"202400007730";"155768237";"A01";"2";"17";"0";"2";"3";"17";"1";""
"202400007731";"155768234";"A01";"1";"7";"0";"2";"4";"4";"1";""
"202400007731";"155768235";"B01";"1";"30";"0";"2";"1";"1";"1";""
"202400007732";"155768230";"A01";"1";"7";"0";"2";"1";"1";"1";""
"202400007732";"155768231";"B01";"1";"7";"0";"2";"4";"1";"1";""
"202400007733";"155768227";"A01";"1";"7";"0";"1";"1";"1";"1";""
"202400007734";"155768224";"A01";"3";"7";"1";"0";"1";"1";"1";""
"202400007734";"155768225";"B01";"3";"7";"0";"2";"1";"24";"1";""
"202400007734";"155768226";"C01";"3";"7";"1";"0";"7";"1";"1";""
"202400007735";"155768220";"B01";"0";"10";"0";"2";"1";"1";"1";""
"202400007735";"155768221";"A01";"0";"7";"0";"2";"1";"13";"1";""
"202400007736";"155768219";"A01";"1";"7";"0";"0";"0";"1";"1";""
"202400007737";"155768217";"B01";"1";"31";"0";"2";"1";"1";"1";""
"202400007737";"155768218";"A01";"1";"7";"0";"2";"9";"1";"1";""
"202400007738";"155768216";"A01";"1";"32";"0";"0";"7";"0";"1";""
"202400007739";"155768214";"A01";"1";"7";"0";"2";"0";"15";"1";""
"202400007739";"155768215";"B01";"2";"33";"0";"2";"1";"1";"0";""
"202400007740";"155768212";"B01";"0";"7";"1";"0";"1";"1";"1";""
"202400007740";"155768213";"A01";"0";"7";"1";"0";"1";"1";"1";""
"202400007741";"155768210";"A01";"1";"33";"0";"2";"1";"1";"1";""
"202400007741";"155768211";"B01";"1";"7";"0";"2";"2";"9";"1";""
"202400007742";"155768208";"B01";"2";"33";"0";"2";"3";"17";"1";""
"202400007742";"155768209";"A01";"2";"10";"0";"2";"3";"15";"1";""
"202400007743";"155768205";"B01";"2";"7";"0";"2";"3";"1";"2";""
"202400007743";"155768206";"C01";"2";"7";"0";"2";"8";"0";"1";""
"202400007743";"155768207";"A01";"1";"7";"0";"2";"3";"13";"1";""
"202400007744";"155768203";"A01";"1";"33";"8";"2";"1";"17";"1";""
"202400007744";"155768204";"B01";"1";"7";"0";"2";"8";"15";"1";""
"202400007745";"155768201";"A01";"1";"33";"0";"2";"3";"17";"1";""
"202400007745";"155768202";"B01";"1";"7";"1";"0";"3";"13";"1";""
"202400007746";"155768200";"A01";"3";"7";"1";"1";"8";"9";"3";""
"202400007747";"155768198";"B01";"1";"1";"0";"2";"4";"1";"5";""
"202400007747";"155768199";"Z01";"3";"7";"0";"2";"1";"26";"0";""
"202400007748";"155768197";"A01";"1";"33";"0";"0";"7";"1";"1";""
"202400007749";"155768194";"C01";"1";"33";"0";"2";"2";"3";"1";""
"202400007749";"155768195";"A01";"1";"7";"0";"2";"3";"11";"1";""
"202400007749";"155768196";"B01";"1";"33";"0";"2";"7";"3";"1";""
"202400007750";"155768192";"B01";"1";"7";"0";"2";"4";"2";"2";""
"202400007750";"155768193";"A01";"1";"7";"0";"2";"1";"2";"1";""
"202400007751";"155768190";"A01";"3";"7";"0";"2";"3";"1";"1";""
"202400007751";"155768191";"B01";"3";"1";"0";"2";"2";"2";"5";""
"202400007752";"155768188";"A01";"2";"7";"0";"2";"1";"16";"1";""
"202400007752";"155768189";"B01";"1";"80";"0";"2";"1";"1";"3";""
"202400007753";"155768186";"A01";"1";"33";"0";"2";"1";"9";"1";""
"202400007753";"155768187";"B01";"1";"7";"0";"2";"8";"15";"2";""
"202400007754";"155768185";"A01";"1";"7";"0";"1";"1";"15";"1";""
"202400007755";"155768184";"A01";"3";"7";"2";"0";"3";"1";"1";""
"202400007756";"155768182";"B01";"0";"7";"0";"2";"3";"1";"2";""
"202400007756";"155768183";"A01";"0";"7";"0";"2";"3";"15";"1";""
"202400007757";"155768180";"A01";"0";"32";"0";"2";"1";"1";"1";""
"202400007757";"155768181";"B01";"0";"2";"0";"2";"1";"1";"3";""
"202400007758";"155768178";"A01";"1";"7";"0";"2";"6";"13";"1";""
"202400007758";"155768179";"B01";"1";"7";"0";"2";"6";"1";"1";""
"202400007759";"155768176";"A01";"2";"7";"0";"2";"1";"1";"1";""
"202400007759";"155768177";"B01";"2";"7";"0";"2";"4";"1";"2";""
"202400007760";"155768174";"A01";"1";"7";"0";"9";"3";"9";"1";""
"202400007760";"155768175";"B01";"1";"2";"0";"2";"2";"1";"1";""
"202400007761";"155768172";"A01";"2";"7";"0";"2";"1";"1";"1";""
"202400007761";"155768173";"B01";"2";"7";"0";"2";"1";"15";"1";""
"202400007762";"155768171";"Z01";"2";"7";"0";"1";"0";"0";"0";""
"202400007763";"155768170";"A01";"2";"7";"0";"1";"2";"18";"1";""
"202400007764";"155768167";"B01";"1";"7";"0";"2";"4";"1";"1";""
"202400007764";"155768168";"A01";"1";"7";"0";"2";"1";"1";"1";""
"202400007764";"155768169";"C01";"1";"7";"0";"0";"0";"0";"1";""
"202400007765";"155768165";"B01";"2";"7";"0";"2";"3";"2";"3";""
"202400007765";"155768166";"A01";"1";"7";"0";"2";"3";"11";"1";""
"202400007766";"155768163";"A01";"3";"7";"0";"2";"1";"26";"2";""
"202400007766";"155768164";"B01";"0";"33";"8";"2";"7";"1";"1";""
"202400007767";"155768162";"A01";"2";"7";"0";"1";"2";"1";"1";""
"202400007768";"155768160";"A01";"3";"1";"0";"2";"1";"1";"5";""
"202400007768";"155768161";"B01";"3";"7";"0";"2";"1";"1";"1";""
"202400007769";"155768156";"D01";"2";"7";"0";"2";"4";"23";"1";""
"202400007769";"155768157";"C01";"2";"7";"0";"2";"8";"23";"2";""
"202400007769";"155768158";"A01";"2";"7";"9";"2";"1";"17";"1";""
"202400007769";"155768159";"B01";"2";"7";"0";"2";"1";"23";"1";""
"202400007770";"155768155";"A01";"2";"7";"0";"1";"3";"1";"1";""
"202400007771";"155768148";"A01";"1";"7";"0";"1";"1";"16";"1";""
"202400007772";"155768146";"B01";"2";"7";"0";"2";"0";"0";"1";""
"202400007772";"155768147";"A01";"2";"7";"0";"2";"3";"19";"1";""
"202400007773";"155768145";"B01";"2";"80";"0";"1";"5";"12";"3";""
"202400007774";"155768144";"A01";"1";"10";"0";"1";"2";"16";"1";""
"202400007775";"155768143";"A01";"3";"7";"0";"1";"2";"2";"1";""
"202400007776";"155768142";"A01";"1";"80";"1";"0";"1";"13";"3";""
"202400007777";"155768140";"A01";"1";"3";"0";"2";"1";"2";"1";""
"202400007777";"155768141";"B01";"1";"7";"0";"2";"6";"23";"1";""
"202400007778";"155768138";"B01";"1";"50";"0";"9";"4";"1";"3";""
"202400007778";"155768139";"A01";"1";"50";"0";"9";"1";"1";"3";""
"202400007779";"155768135";"B01";"1";"7";"0";"2";"4";"2";"1";""
"202400007779";"155768136";"A01";"1";"7";"0";"2";"4";"1";"1";""
"202400007779";"155768137";"C01";"1";"33";"0";"2";"1";"2";"1";""
"202400007780";"155768133";"A01";"2";"43";"0";"2";"1";"2";"1";""
"202400007780";"155768134";"B01";"2";"7";"0";"2";"6";"26";"1";""
"202400007781";"155768129";"A01";"1";"7";"0";"2";"2";"1";"1";""
"202400007781";"155768131";"B01";"1";"80";"0";"2";"4";"19";"3";""
"202400007782";"155768128";"A01";"2";"7";"0";"2";"4";"2";"1";""
"202400007782";"155768130";"B01";"2";"7";"0";"2";"4";"2";"1";""
"202400007782";"155768132";"Z01";"2";"7";"0";"2";"1";"2";"1";""
"202400007783";"155768127";"A01";"2";"7";"0";"0";"9";"14";"1";""
"202400007784";"155768125";"A01";"3";"30";"0";"2";"1";"16";"1";""