"Num_Acc";"id_vehicule";"num_veh";"senc";"catv";"obs";"obsm";"choc";"manv";"motor";"occutc"
"202400007784";"155768126";"B01";"3";"7";"0";"2";"8";"1";"3";""
"202400007785";"155768123";"A01";"2";"33";"0";"2";"7";"1";"1";""
"202400007785";"155768124";"B01";"2";"7";"0";"2";"3";"11";"1";""
"202400007786";"155768120";"A01";"1";"31";"0";"2";"8";"23";"1";""
"202400007786";"155768122";"B01";"2";"7";"0";"2";"1";"1";"1";""
"202400007787";"155768119";"B01";"1";"33";"0";"2";"1";"3";"1";""
"202400007787";"155768121";"A01";"1";"7";"0";"2";"4";"12";"1";""
"202400007788";"155768116";"Z01";"2";"7";"0";"2";"6";"11";"1";""
"202400007788";"155768117";"A01";"2";"33";"0";"2";"2";"1";"1";""
"202400007789";"155768115";"B01";"2";"7";"0";"2";"3";"1";"1";""
"202400007789";"155768118";"A01";"1";"33";"0";"2";"1";"13";"1";""
"202400007790";"155768113";"B01";"1";"30";"0";"2";"1";"1";"1";""
"202400007790";"155768114";"A01";"2";"7";"0";"2";"1";"26";"1";""
"202400007791";"155768109";"A01";"1";"33";"0";"2";"7";"2";"1";""
"202400007791";"155768110";"B01";"1";"10";"0";"2";"5";"16";"1";""
"202400007792";"155768111";"B01";"1";"33";"0";"2";"3";"1";"1";""
"202400007792";"155768112";"A01";"1";"10";"0";"2";"0";"15";"1";""
"202400007793";"155768107";"A01";"2";"7";"0";"1";"1";"19";"1";""
"202400007794";"155768106";"B01";"1";"2";"0";"2";"0";"1";"1";""
"202400007794";"155768108";"Z01";"1";"7";"0";"9";"0";"14";"0";""
"202400007795";"155768105";"A01";"2";"50";"8";"0";"1";"1";"3";""
"202400007796";"155768103";"B01";"2";"7";"0";"2";"5";"1";"1";""
"202400007796";"155768104";"A01";"1";"80";"0";"2";"4";"5";"3";""
"202400007797";"155768100";"A01";"3";"33";"0";"2";"1";"2";"1";""
"202400007797";"155768102";"B01";"3";"3";"0";"2";"4";"1";"1";""
"202400007798";"155768099";"A01";"1";"7";"0";"2";"2";"15";"1";""
"202400007798";"155768101";"B01";"2";"2";"0";"2";"1";"1";"1";""
"202400007799";"155768096";"A01";"1";"7";"0";"2";"1";"15";"1";""
"202400007799";"155768098";"B01";"2";"2";"0";"2";"1";"1";"1";""
"202400007800";"155768095";"B01";"2";"31";"1";"2";"4";"2";"1";""
"202400007800";"155768097";"C01";"2";"7";"0";"2";"1";"2";" -1";""
"202400007801";"155768092";"A01";"2";"30";"0";"2";"1";"2";"1";""
"202400007801";"155768094";"B01";"2";"7";"0";"2";"4";"2";"1";""
"202400007802";"155768090";"B01";"1";"7";"0";"2";"1";"0";"1";""
"202400007802";"155768093";"A01";"2";"7";"0";"2";"1";"0";"1";""
"202400007803";"155768089";"B01";"3";"1";"0";"2";"7";"0";"5";""
"202400007803";"155768091";"A01";"1";"7";"0";"2";"1";"1";"0";""
"202400007804";"155768087";"A01";"1";"7";"11";"0";"1";"1";"1";""
"202400007805";"155768082";"A01";"2";"10";"0";"2";"2";"11";"1";""
"202400007805";"155768085";"B01";"1";"34";"0";"2";"1";"1";"1";""
"202400007806";"155768080";"B01";"2";"7";"1";"2";"4";"23";"1";""
"202400007806";"155768083";"C01";"2";"7";"0";"2";"8";"23";"1";""
"202400007806";"155768084";"D01";"2";"7";"14";"2";"4";"23";"1";""
"202400007806";"155768086";"E01";"2";"7";"0";"2";"4";"15";"1";""
"202400007806";"155768088";"A01";"2";"10";"14";"2";"1";"2";"1";""
"202400007807";"155768079";"A01";"1";"7";"0";"2";"8";"15";"1";""
"202400007807";"155768081";"B01";"1";"2";"0";"2";"1";"17";"1";""
"202400007808";"155768077";"A01";"3";"7";"15";"0";"2";"1";"1";""
"202400007809";"155768076";"A01";"3";"7";"0";"2";"0";"0";"1";""
"202400007809";"155768078";"B01";"3";"7";"0";"2";"1";"1";"1";""
"202400007810";"155768075";"A01";"1";"7";"16";"0";"1";"14";"1";""
"202400007811";"155768072";"A01";"1";"7";"0";"2";"0";"0";"1";""
"202400007811";"155768074";"B01";"1";"50";"0";"2";"0";"0";"3";""
"202400007812";"155768070";"A01";"1";"7";"0";"0";"4";"1";"1";""
"202400007812";"155768073";"B01";"1";"7";"0";"2";"1";"1";"1";""
"202400007813";"155768068";"A01";"3";"7";"2";"5";"2";"21";"1";""
"202400007814";"155768065";"A01";"2";"7";"0";"2";"2";"20";"1";""
"202400007814";"155768067";"B01";"2";"33";"0";"2";"8";"1";"1";""
"202400007815";"155768064";"A01";"0";"37";"0";"2";"2";"16";"1";"1"
"202400007815";"155768066";"B01";"0";"1";"0";"2";"8";"1";"0";""
"202400007816";"155768061";"B01";"1";"7";"0";"2";"4";"2";"1";""
"202400007816";"155768063";"A01";"1";"7";"0";"2";"1";"2";"1";""
"202400007817";"155768060";"A01";"3";"1";"12";"2";"1";"2";"5";""
"202400007817";"155768062";"C01";"3";"37";"15";"2";"7";"1";"1";"1"
"202400007818";"155768059";"A01";"0";"7";"0";"1";"1";"15";"1";""
"202400007819";"155768058";"A01";"1";"7";"3";"0";"1";"18";"1";""
"202400007820";"155768055";"A01";"1";"7";"0";"2";"2";"2";"1";""
"202400007820";"155768057";"B01";"1";"10";"0";"2";"6";"2";"1";""
"202400007821";"155768053";"A01";"3";"7";"0";"2";"1";"1";"1";""
"202400007821";"155768056";"B01";"3";"7";"0";"2";"8";"16";"1";""
"202400007822";"155768052";"B01";"2";"7";"0";"2";"1";"1";"1";""
"202400007822";"155768054";"A01";"2";"7";"0";"2";"4";"1";"1";""
"202400007823";"155768050";"B01";"2";"7";"0";"2";"4";"1";"1";""
"202400007823";"155768051";"A01";"2";"33";"0";"2";"1";"1";"1";""
"202400007824";"155768047";"B01";"3";"33";"0";"2";"1";"2";"1";""
"202400007824";"155768049";"A01";"3";"7";"0";"2";"5";"15";"1";""
"202400007825";"155768046";"A01";"3";"7";"13";"2";"1";"21";"1";""
"202400007825";"155768048";"B01";"3";"10";"0";"2";"1";"1";"1";""
"202400007826";"155768042";"A01";"1";"7";"10";"0";"1";"1";"1";""
"202400007827";"155768041";"B01";"1";"7";"0";"2";"9";"2";"1";""
"202400007827";"155768044";"A01";"1";"7";"0";"2";"1";"2";"1";""
"202400007827";"155768045";"C01";"1";"7";"0";"2";"4";"2";"1";""
"202400007828";"155768039";"A01";"2";"7";"0";"2";"1";"2";"1";""
"202400007828";"155768040";"B01";"2";"7";"0";"2";"4";"2";"1";""
"202400007828";"155768043";"C01";"2";"7";"0";"2";"4";"2";"1";""
"202400007829";"155768035";"B01";"1";"7";"0";"9";"4";"2";"1";""
"202400007829";"155768038";"A01";"1";"99";"0";"2";"1";"2";"1";""
"202400007830";"155768034";"A01";"1";"7";"0";"2";"1";"1";"1";""
"202400007830";"155768037";"B01";"1";"7";"0";"2";"7";"1";"1";""
"202400007831";"155768033";"B01";"0";"7";"0";"2";"3";"1";"1";""
"202400007831";"155768036";"A01";"2";"34";"0";"2";"1";"0";"1";""
"202400007832";"155768030";"A01";"3";"7";"0";"2";"0";"0";"1";""
"202400007832";"155768032";"B01";"3";"7";"0";"2";"1";"26";"1";""
"202400007833";"155768027";"A01";"2";"7";"0";"2";"4";"2";"1";""
"202400007833";"155768029";"C01";"2";"7";"0";"2";"1";"1";"1";""
"202400007833";"155768031";"B01";"2";"7";"0";"2";"9";"2";"1";""
"202400007834";"155768024";"A01";"3";"7";"0";"2";"2";"10";"1";""
"202400007834";"155768026";"B01";"3";"7";"0";"2";"1";"21";"2";""
"202400007834";"155768028";"C01";"3";"7";"0";"2";"4";"2";"1";""
"202400007835";"155768023";"A01";"1";"7";"0";"2";"3";"11";"1";""
"202400007835";"155768025";"B01";"1";"32";"0";"2";"1";"0";"1";""
"202400007836";"155768022";"A01";"1";"7";"8";"0";"3";"1";"1";""
"202400007837";"155768019";"A01";"2";"7";"13";"0";"1";"0";"1";""
"202400007838";"155768017";"A01";"3";"7";"0";"2";"3";"15";"1";""
"202400007838";"155768021";"B01";"3";"7";"0";"2";"3";"1";"1";""
"202400007839";"155768016";"C01";"1";"13";"0";"2";"1";"1";"0";""
"202400007839";"155768018";"B01";"1";"7";"0";"2";"4";"1";"0";""
"202400007839";"155768020";"A01";"1";"7";"0";"2";"4";"1";"1";""
"202400007840";"155768014";"A01";"3";"7";"0";"9";"2";"1";"1";""
"202400007840";"155768015";"B01";"3";"1";"0";"0";"4";"1";"5";""
"202400007841";"155768012";"A01";"1";"33";"0";"2";"1";"21";"1";""
"202400007841";"155768013";"B01";"1";"7";"0";"2";"6";"20";"3";""
"202400007842";"155768009";"B01";"2";"7";"0";"0";"4";"1";"1";""
"202400007842";"155768011";"A01";"2";"30";"0";"2";"1";"1";"1";""
"202400007843";"155768007";"B01";"1";"37";"0";"2";"8";"13";"0";"1"
"202400007843";"155768010";"A01";"1";"30";"0";"2";"7";"17";"0";""
"202400007844";"155768004";"A01";"1";"2";"0";"2";"1";"3";"1";""
"202400007844";"155768006";"B01";"1";"99";"0";"2";"6";"1";"6";""
"202400007844";"155768008";"C01";"2";"7";"0";"2";"3";"1";"1";""
"202400007845";"155768003";"A01";"2";"32";"0";"1";"1";"17";"1";""
"202400007846";"155768002";"A01";"3";"1";"0";"2";"3";"13";"5";""
"202400007846";"155768005";"B01";"2";"7";"0";"2";"5";"17";"1";""
"202400007847";"155767998";"A01";"3";"7";"0";"1";"1";"26";"1";""
"202400007848";"155767999";"B01";"1";"50";"0";"2";"1";"1";"3";""
"202400007848";"155768001";"A01";"1";"10";"0";"2";"4";"20";"1";""
"202400007849";"155767997";"A01";"2";"7";"0";"2";"3";"13";"1";""
"202400007849";"155768000";"B01";"1";"7";"0";"2";"3";"1";"1";""
"202400007850";"155767993";"A01";"2";"7";"0";"2";"3";"13";"1";""
"202400007850";"155767996";"B01";"1";"7";"0";"2";"3";"1";"1";""
"202400007851";"155767992";"A01";"1";"7";"0";"2";"1";"2";"1";""
"202400007851";"155767994";"B01";"1";"7";"0";"2";"4";"2";"1";""
"202400007852";"155767991";"A01";"2";"10";"0";"2";"3";"1";"1";""
"202400007852";"155767995";"B01";"2";"50";"0";"2";"1";"1";"3";""
"202400007853";"155767989";"A01";"1";"7";"2";"0";"8";"1";"2";""
"202400007854";"155767987";"A01";"1";"7";"0";"2";"1";"13";"1";""
"202400007854";"155767990";"B01";"2";"14";"0";"2";"1";"1";"1";""
"202400007855";"155767986";"A01";"1";"31";"0";"2";"3";"3";"1";""
"202400007855";"155767988";"B01";"1";"10";"0";"2";"5";"12";"1";""
"202400007856";"155767980";"A01";"3";"7";"0";"2";"3";"13";"1";""
"202400007856";"155767982";"B01";"3";"7";"0";"2";"3";"1";"1";""
"202400007857";"155767978";"A01";"0";"7";"0";"2";"8";"0";"1";""
"202400007857";"155767979";"B01";"0";"10";"0";"2";"7";"0";"1";""
"202400007858";"155767977";"A01";"1";"1";"0";"2";"1";"15";"5";""
"202400007858";"155767981";"B01";"1";"7";"0";"2";"3";"1";"1";""
"202400007859";"155767975";"A01";"1";"33";"0";"2";"2";"12";"1";""
"202400007859";"155767976";"B01";"1";"7";"0";"2";"6";"2";"2";""
"202400007860";"155767974";"A01";"3";"7";"0";"1";"1";"1";"1";""
"202400007861";"155767972";"B01";"2";"1";"0";"2";"5";"23";"5";""
"202400007861";"155767973";"A01";"1";"10";"0";"2";"3";"15";"1";""
"202400007862";"155767971";"A01";"1";"33";"6";"0";"7";"14";"1";""
"202400007863";"155767970";"A01";"2";"7";"0";"1";"3";"1";"1";""
"202400007864";"155767966";"A01";"1";"7";"0";"2";"3";"13";"1";""
"202400007864";"155767969";"B01";"1";"32";"0";"2";"2";"17";"1";""
"202400007865";"155767965";"A01";"1";"7";"0";"2";"1";"13";"1";""
"202400007865";"155767968";"B01";"2";"10";"0";"2";"1";"1";"1";""
"202400007866";"155767963";"A01";"1";"7";"0";"2";"1";"1";"1";""
"202400007866";"155767964";"B01";"1";"7";"0";"2";"9";"1";"1";""
"202400007866";"155767967";"C01";"1";"7";"0";"2";"4";"1";"1";""
"202400007867";"155767962";"A01";"0";"1";"0";"0";"1";"21";"5";""
"202400007868";"155767957";"B01";"1";"10";"0";"2";"1";"1";"1";""
"202400007868";"155767960";"A01";"1";"7";"0";"2";"4";"1";"1";""
"202400007869";"155767958";"A01";"1";"7";"0";"2";"1";"1";"1";""
"202400007869";"155767959";"B01";"1";"7";"0";"2";"6";"1";"1";""
"202400007869";"155767961";"C01";"1";"10";"0";"0";"0";"0";"1";""
"202400007870";"155767956";"A01";"1";"7";"0";"1";"3";"1";" -1";""
"202400007871";"155767953";"A01";"1";"10";"0";"2";"7";"1";"1";""
"202400007871";"155767955";"B01";"1";"1";"0";"2";"0";"0";"5";""
"202400007872";"155767951";"B01";"2";"7";"0";"2";"8";"1";"1";""
"202400007872";"155767952";"C01";"2";"7";"0";"2";"4";"1";"1";""
"202400007872";"155767954";"A01";"2";"31";"0";"2";"7";"3";"1";""
"202400007873";"155767950";"A01";"1";"30";"14";"0";"1";"14";"3";""
"202400007874";"155767949";"A01";"1";"7";"0";"1";"1";"15";"1";""
"202400007875";"155767946";"C01";"2";"7";"4";"2";"4";"2";"1";""
"202400007875";"155767947";"A01";"2";"7";"4";"2";"1";"2";"1";""
"202400007875";"155767948";"B01";"2";"7";"4";"2";"4";"2";"1";""
"202400007876";"155767945";"A01";"2";"10";"0";"1";"3";"1";"1";""
"202400007877";"155767939";"A01";"2";"7";"0";"2";"3";"1";"1";""
"202400007877";"155767941";"B01";"2";"33";"0";"2";"2";"3";"1";""
"202400007877";"155767943";"C01";"2";"7";"0";"2";"6";"1";"1";""
"202400007878";"155767938";"A01";"2";"1";"0";"2";"7";"1";"5";""
"202400007878";"155767942";"B01";"2";"7";"0";"2";"1";"1";"1";""
"202400007879";"155767936";"C01";"1";"7";"0";"2";"4";"2";"1";""
"202400007879";"155767937";"A01";"1";"7";"0";"2";"1";"2";"1";""
"202400007879";"155767940";"B01";"1";"7";"0";"2";"9";"2";"1";""
"202400007880";"155767935";"A01";"1";"7";"4";"0";"1";"1";"1";""
"202400007881";"155767933";"A01";"2";"7";"0";"2";"1";"17";"1";""
"202400007881";"155767934";"B01";"1";"1";"0";"2";"1";"1";"5";""
"202400007882";"155767931";"B01";"3";"33";"0";"2";"9";"1";"1";""
"202400007882";"155767932";"A01";"3";"17";"0";"2";"7";"15";"1";""
"202400007883";"155767930";"A01";"3";"10";"0";"1";"7";"26";"1";""
"202400007884";"155767927";"A01";"1";"7";"0";"2";"1";"0";"1";""
"202400007884";"155767929";"B01";"2";"33";"0";"2";"8";"0";"1";""
"202400007885";"155767925";"A01";"2";"7";"0";"2";"1";"1";"1";""
"202400007885";"155767928";"B01";"2";"7";"0";"0";"4";"0";"1";""
"202400007886";"155767924";"B01";"2";"7";"0";"2";"3";"1";"1";""
"202400007886";"155767926";"A01";"1";"30";"0";"2";"1";"1";"1";""
"202400007887";"155767922";"A01";"2";"32";"0";"2";"1";"2";"1";""
"202400007887";"155767923";"B01";"2";"7";"0";"2";"4";"1";"1";""
"202400007888";"155767919";"A01";"3";"7";"9";"2";"1";"14";"1";""
"202400007888";"155767921";"B01";"3";"7";"0";"2";"1";"1";"1";""
"202400007889";"155767918";"B01";"2";"1";"0";"2";"3";"15";"5";""
"202400007889";"155767920";"A01";"0";"7";"0";"2";"2";"19";"1";""
"202400007890";"155767916";"B01";"2";"7";"0";"2";"7";"15";"1";""
"202400007890";"155767917";"A01";"1";"50";"0";"2";"1";"9";"3";""
"202400007891";"155767913";"A01";"2";"37";"0";"2";"3";"21";"1";"4"
"202400007891";"155767915";"B01";"3";"7";"0";"2";"4";"23";"1";""
"202400007892";"155767912";"A01";"2";"7";"0";"1";"1";"1";"1";""
"202400007893";"155767907";"A01";"1";"7";"0";"2";"7";"17";"2";""
"202400007893";"155767909";"B01";"1";"1";"0";"2";"8";"2";"5";""
"202400007894";"155767908";"A01";"1";"7";"4";"0";"4";"1";"1";""
"202400007894";"155767910";"B01";"1";"7";"0";"2";"1";"2";"1";""
"202400007895";"155767911";"Z01";"1";"7";"0";"1";"0";"16";"1";""
"202400007896";"155767903";"A01";"1";"1";"0";"2";"1";"19";"5";""
"202400007896";"155767906";"B01";"2";"7";"0";"2";"3";"1";"1";""
"202400007897";"155767904";"A01";"3";"7";"8";"0";"1";"16";"1";""
"202400007898";"155767902";"B01";"1";"1";"0";"2";"1";"1";"0";""
"202400007898";"155767905";"A01";"3";"10";"0";"2";"2";"9";"1";""
"202400007899";"155767899";"B01";"1";"7";"0";"2";"2";"9";"2";""
"202400007899";"155767901";"A01";"2";"34";"0";"2";"1";"17";"1";""
"202400007900";"155767898";"A01";"1";"7";"0";"1";"5";"4";"1";""
"202400007901";"155767897";"A01";"1";"7";"0";"2";"3";"15";"1";""
"202400007901";"155767900";"B01";"0";"32";"0";"2";"1";"1";"1";""
"202400007902";"155767895";"A01";"1";"32";"0";"0";"0";"1";"1";""
"202400007903";"155767894";"B01";"3";"7";"0";"2";"4";"2";"1";""
"202400007903";"155767896";"A01";"3";"2";"0";"2";"1";"2";"1";""
"202400007904";"155767892";"A01";"1";"7";"0";"2";"4";"23";"1";""
"202400007904";"155767893";"B01";"0";"7";"4";"0";"2";"1";"1";""
"202400007905";"155767890";"A01";"2";"7";"0";"1";"3";"0";"1";""
"202400007906";"155767889";"A01";"2";"30";"0";"2";"3";"17";"1";""
"202400007906";"155767891";"B01";"1";"7";"0";"2";"8";"1";"1";""
"202400007907";"155767887";"A01";"1";"7";"0";"1";"2";"0";"1";""
"202400007908";"155767886";"A01";"1";"33";"0";"2";"1";"1";"1";""
"202400007908";"155767888";"B01";"2";"7";"0";"2";"2";"15";"2";""
"202400007909";"155767885";"A01";"0";"7";"0";"1";"1";"26";"1";""
"202400007910";"155767883";"B01";"3";"7";"0";"2";"1";"26";"3";""
"202400007910";"155767884";"A01";"3";"7";"0";"2";"1";"26";"3";""
"202400007911";"155767881";"A01";"3";"7";"0";"1";"1";"1";"1";""
"202400007912";"155767880";"A01";"1";"7";"12";"0";"3";"15";"1";""
"202400007912";"155767882";"B01";"1";"33";"0";"2";"0";"13";"0";""
"202400007913";"155767879";"A01";"1";"33";"0";"0";"8";"0";"1";""
"202400007914";"155767877";"A01";"1";"7";"0";"1";"1";"1";"1";""
"202400007915";"155767876";"A01";"0";"7";"0";"2";"3";"10";"1";""
"202400007915";"155767878";"B01";"0";"2";"0";"0";"2";"2";"0";""
"202400007916";"155767875";"A01";"2";"7";"0";"1";"7";"1";"1";""
"202400007917";"155767872";"A01";"1";"10";"0";"1";"1";"15";"1";""
"202400007918";"155767871";"A01";"3";"7";"0";"2";"3";"9";"1";""
"202400007918";"155767873";"B01";"3";"1";"0";"2";"2";"1";"5";""
"202400007919";"155767870";"A01";"3";"7";"0";"2";"7";"15";"1";""
"202400007919";"155767874";"B01";"3";"7";"0";"2";"3";"15";"1";""
"202400007920";"155767867";"A01";"1";"32";"0";"1";"2";"1";"1";""
"202400007921";"155767865";"A01";"3";"1";"1";"0";"8";"25";"5";""
"202400007921";"155767868";"B01";"3";"7";"1";"0";"2";"1";"1";""
"202400007922";"155767864";"A01";"1";"33";"12";"0";"7";"26";"1";""
"202400007923";"155767863";"A01";"3";"7";"0";"1";"1";"1";"1";""
"202400007924";"155767860";"A01";"3";"50";"0";"2";"1";"1";"3";""
"202400007924";"155767862";"B01";"3";"37";"0";"2";"1";"15";"1";"1"
"202400007925";"155767858";"A01";"1";"34";"0";"2";"1";"18";"1";""
"202400007925";"155767861";"B01";"1";"7";"0";"2";"2";"20";"1";""
"202400007926";"155767857";"A01";"1";"7";"0";"2";"8";"26";"1";""
"202400007926";"155767859";"B01";"2";"7";"0";"2";"2";"1";"1";""
"202400007927";"155767855";"A01";"0";"7";"0";"2";"3";"13";"1";""
"202400007927";"155767856";"B01";"2";"10";"0";"2";"3";"14";"1";""
"202400007928";"155767854";"A01";"3";"7";"0";"1";"1";"1";"1";""
"202400007929";"155767851";"B01";"2";"7";"0";"2";"4";"1";"3";""
"202400007929";"155767853";"A01";"2";"10";"0";"2";"1";"2";"1";""
"202400007930";"155767849";"A01";"1";"50";"0";"0";"1";"26";"3";""
"202400007931";"155767848";"A01";"1";"7";"0";"2";"4";"2";"1";""
"202400007931";"155767850";"B01";"1";"7";"0";"2";"1";"2";"1";""
"202400007931";"155767852";"C01";"1";"14";"0";"0";"0";"0";"0";""
"202400007932";"155767847";"A01";"1";"1";"0";"1";"0";"5";"5";""
"202400007933";"155767845";"A01";"1";"10";"5";"0";"9";"1";"1";""
"202400007934";"155767844";"A01";"1";"7";"0";"2";"1";"5";"1";""
"202400007934";"155767846";"B01";"2";"33";"0";"2";"1";"1";"1";""
"202400007935";"155767842";"A01";"2";"33";"15";"0";"1";"0";"1";""
"202400007936";"155767841";"A01";"1";"7";"0";"2";"0";"15";"1";""
"202400007936";"155767843";"B01";"1";"50";"0";"2";"0";"1";"3";""
"202400007937";"155767838";"A01";"1";"33";"0";"0";"5";"1";"1";""
"202400007938";"155767837";"A01";"3";"2";"0";"2";"1";"19";"1";""
"202400007938";"155767839";"B01";"0";"7";"0";"2";"3";"16";"1";""
"202400007939";"155767835";"C01";"3";"7";"0";"2";"7";"2";" -1";""
"202400007939";"155767836";"B01";"3";"50";"0";"2";"7";"1";"3";""
"202400007940";"155767831";"A01";"2";"7";"16";"0";"9";"14";"1";""
"202400007941";"155767829";"A01";"3";"7";"0";"2";"3";"13";"1";""
"202400007941";"155767832";"B01";"3";"7";"0";"2";"3";"1";"1";""
"202400007942";"155767828";"B01";"2";"7";"0";"2";"1";"1";"1";""
"202400007942";"155767830";"A01";"1";"7";"0";"2";"1";"1";"1";""
"202400007943";"155767826";"A01";"1";"7";"0";"1";"3";"1";"1";""
"202400007944";"155767824";"B01";"2";"50";"0";"2";"1";"5";"3";""
"202400007944";"155767827";"A01";"1";"7";"0";"9";"2";"12";"1";""
"202400007945";"155767822";"A01";"2";"13";"0";"2";"7";"10";"1";""
"202400007945";"155767825";"B01";"1";"33";"0";"2";"1";"1";"1";""
"202400007946";"155767821";"B01";"2";"1";"0";"2";"8";"15";"5";""
"202400007946";"155767823";"A01";"1";"7";"0";"2";"2";"2";"1";""
"202400007947";"155767820";"A01";"1";"7";"0";"1";"2";"1";"1";""
"202400007948";"155767819";"A01";"2";"7";"0";"1";"1";"1";"1";""
"202400007949";"155767818";"A01";"1";"7";"5";"0";"1";"1";"1";""
"202400007950";"155767816";"A01";"2";"30";"0";"4";"7";"5";"1";""
"202400007950";"155767817";"B01";"1";"40";"0";"2";"1";"16";"0";""
"202400007951";"155767814";"A01";"3";"7";"8";"0";"3";"1";"1";""
"202400007952";"155767812";"A01";"1";"7";"0";"2";"1";"12";"1";""
"202400007952";"155767813";"B01";"1";"7";"0";"2";"1";"1";"1";""
"202400007952";"155767815";"C01";"1";"7";"0";"2";"5";"1";"1";""
"202400007953";"155767811";"A01";"1";"7";"0";"1";"0";"1";"2";""
"202400007954";"155767810";"A01";"1";"33";"4";"0";"1";"13";"1";""
"202400007955";"155767807";"B01";"1";"38";"0";"0";"3";"2";"1";"1"
"202400007955";"155767809";"A01";"1";"7";"2";"2";"2";"12";"1";""
"202400007956";"155767806";"B01";"3";"1";"0";"2";"1";"1";"5";""
"202400007956";"155767808";"A01";"1";"1";"0";"2";"1";"1";"5";""
"202400007957";"155767805";"A01";"1";"33";"0";"1";"0";"21";"1";""
"202400007958";"155767803";"A01";"3";"10";"0";"1";"4";"4";"1";""
"202400007959";"155767802";"A01";"3";"7";"0";"1";"1";"1";"1";""
"202400007960";"155767801";"A01";"1";"7";"0";"2";"1";"1";"1";""
"202400007960";"155767804";"B01";"1";"7";"0";"2";"8";"1";"1";""
"202400007961";"155767800";"A01";"1";"1";"0";"1";"0";"1";"5";""
"202400007962";"155767798";"A01";"1";"7";"2";"0";"3";"1";"1";""
"202400007963";"155767797";"B01";"3";"7";"0";"2";"0";"0";"0";""
"202400007963";"155767799";"A01";"3";"32";"0";"2";"0";"2";"0";""
"202400007964";"155767795";"A01";"3";"2";"0";"2";"1";"1";"1";""
"202400007964";"155767796";"B01";"3";"7";"0";"2";"2";"1";"1";""
"202400007965";"155767792";"A01";"1";"30";"0";"2";"3";"1";"1";""
"202400007965";"155767794";"B01";"2";"7";"0";"2";"1";"15";"1";""
"202400007966";"155767791";"A01";"1";"7";"0";"2";"3";"13";"1";""
"202400007966";"155767793";"B01";"2";"7";"0";"2";"3";"1";"1";""
"202400007967";"155767790";"A01";"3";"7";"8";"0";"1";"1";"1";""
"202400007968";"155767787";"B01";"3";"7";"0";"2";"7";"1";"1";""
"202400007968";"155767789";"A01";"2";"50";"0";"2";"1";"1";"3";""
"202400007969";"155767786";"B01";"3";"7";"0";"2";"3";"21";"1";""
"202400007969";"155767788";"A01";"3";"7";"0";"2";"3";"13";"1";""
"202400007970";"155767782";"B01";"2";"1";"0";"2";"8";"25";"5";""
"202400007970";"155767784";"A01";"1";"7";"0";"2";"1";"9";"1";""
"202400007971";"155767780";"A01";"2";"7";"0";"2";"1";"1";"1";""
"202400007971";"155767783";"B01";"2";"7";"0";"2";"1";"1";"1";""
"202400007971";"155767785";"C01";"2";"7";"0";"2";"4";"23";"1";""
"202400007972";"155767778";"A01";"1";"1";"0";"0";"0";"0";"5";""
"202400007973";"155767777";"A01";"1";"7";"0";"1";"8";"19";"2";""
"202400007974";"155767774";"A01";"3";"7";"0";"2";"3";"9";"1";""
"202400007974";"155767775";"B01";"3";"33";"0";"2";"8";"1";"1";""
"202400007975";"155767773";"A01";"0";"7";"0";"1";"1";"1";"1";""
"202400007976";"155767770";"A01";"2";"10";"0";"2";"2";"17";"1";""
"202400007976";"155767771";"B01";"2";"10";"0";"2";"6";"15";"1";""
"202400007977";"155767769";"B01";"1";"33";"0";"2";"1";"1";"1";""
"202400007977";"155767772";"A01";"2";"10";"0";"2";"3";"15";"1";""
"202400007978";"155767765";"A01";"3";"50";"0";"2";"1";"19";"3";""
"202400007978";"155767767";"B01";"3";"7";"0";"2";"8";"1";"1";""
"202400007979";"155767766";"A01";"2";"7";"0";"2";"1";"2";"1";""
"202400007979";"155767768";"B01";"2";"7";"0";"2";"4";"1";"1";""
"202400007980";"155767764";"A01";"1";"1";"0";"0";"0";"1";"5";""
"202400007981";"155767762";"A01";"2";"7";"0";"2";"3";"13";"1";""
"202400007981";"155767763";"B01";"1";"37";"0";"2";"3";"0";"1";"1"
"202400007982";"155767759";"A01";"2";"7";"0";"1";"1";"16";"1";""
"202400007983";"155767760";"A01";"2";"33";"0";"0";"8";"0";"1";""
"202400007984";"155767758";"A01";"1";"38";"0";"1";"8";"1";"1";"1"
"202400007985";"155767755";"A01";"3";"7";"0";"2";"7";"15";"1";""
"202400007985";"155767757";"B01";"3";"50";"0";"2";"1";"1";"3";""
"202400007986";"155767756";"A01";"2";"33";"0";"0";"8";"1";"1";""
"202400007987";"155767753";"B01";"3";"7";"0";"2";"4";"2";"1";""
"202400007987";"155767754";"A01";"3";"7";"6";"2";"1";"1";"1";""
"202400007988";"155767751";"A01";"1";"10";"0";"2";"1";"1";"1";""
"202400007988";"155767752";"B01";"1";"7";"0";"2";"4";"15";"1";""
"202400007989";"155767750";"A01";"1";"7";"5";"1";"3";"13";"1";""
"202400007990";"155767747";"B01";"3";"40";"0";"2";"3";"19";"3";""
"202400007990";"155767749";"A01";"3";"7";"0";"4";"2";"16";"1";""
"202400007991";"155767746";"A01";"2";"7";"0";"2";"2";"1";"1";""
"202400007991";"155767748";"B01";"1";"1";"0";"2";"1";"15";"5";""
"202400007992";"155767743";"A01";"1";"3";"0";"1";"1";"1";"2";""
"202400007993";"155767742";"A01";"1";"2";"0";"2";"2";"19";"1";""