"Num_Acc";"id_vehicule";"num_veh";"senc";"catv";"obs";"obsm";"choc";"manv";"motor";"occutc"
"202400007993";"155767744";"B01";"2";"7";"0";"2";"2";"1";"1";""
"202400007994";"155767741";"B01";"1";"31";"0";"2";"8";"16";"1";""
"202400007994";"155767745";"A01";"1";"7";"0";"2";"2";"1";"1";""
"202400007995";"155767738";"A01";"1";"7";"0";"2";"1";"1";"0";""
"202400007995";"155767740";"B01";"2";"30";"0";"2";"1";"1";"1";""
"202400007996";"155767739";"A01";"0";"7";"1";"0";"2";"14";"1";""
"202400007997";"155767737";"A01";"2";"32";"13";"0";"1";"1";"1";""
"202400007998";"155767735";"B01";"2";"7";"0";"2";"6";"1";"1";""
"202400007998";"155767736";"A01";"2";"50";"0";"2";"1";"2";"3";""
"202400007999";"155767732";"B01";"1";"2";"0";"2";"1";"1";"1";""
"202400007999";"155767734";"A01";"1";"7";"0";"2";"2";"15";"1";""
"202400008000";"155767733";"A01";"1";"33";"3";"0";"1";"14";"1";""
"202400008001";"155767730";"A01";"1";"7";"0";"2";"3";"19";"1";""
"202400008001";"155767731";"B01";"1";"50";"0";"2";"1";"1";"3";""
"202400008002";"155767728";"A01";"3";"7";"0";"2";"1";"13";"1";""
"202400008002";"155767729";"B01";"3";"7";"0";"2";"1";"1";"1";""
"202400008003";"155767725";"B01";"1";"30";"0";"2";"1";"1";"1";""
"202400008003";"155767726";"A01";"1";"10";"0";"2";"7";"15";"1";""
"202400008004";"155767721";"A01";"0";"7";"0";"2";"1";"2";"1";""
"202400008004";"155767723";"B01";"0";"7";"0";"2";"4";"2";"1";""
"202400008005";"155767719";"A01";"1";"7";"0";"1";"1";"15";"1";""
"202400008006";"155767717";"C01";"2";"7";"0";"2";"1";"2";"1";""
"202400008006";"155767720";"A01";"2";"33";"0";"2";"1";"1";"1";""
"202400008006";"155767722";"B01";"1";"7";"0";"2";"3";"1";"1";""
"202400008006";"155767724";"D01";"2";"7";"0";"2";"8";"2";"1";""
"202400008006";"155767727";"E01";"1";"7";"0";"9";"1";"2";"2";""
"202400008007";"155767716";"A01";"1";"7";"0";"2";"3";"19";"1";""
"202400008007";"155767718";"Y01";"2";"2";"0";"2";"1";"1";"1";""
"202400008008";"155767715";"A01";"1";"10";"0";"1";"2";"1";"1";""
"202400008009";"155767712";"A01";"2";"7";"0";"1";"1";"1";"1";""
"202400008010";"155767711";"A01";"1";"7";"0";"2";"3";"13";"1";""
"202400008010";"155767714";"B01";"2";"30";"0";"2";"1";"1";"1";""
"202400008011";"155767706";"A01";"1";"7";"0";"2";"1";"1";"1";""
"202400008011";"155767707";"B01";"1";"7";"0";"2";"4";"23";"1";""
"202400008011";"155767708";"C01";"1";"7";"0";"2";"4";"1";"1";""
"202400008012";"155767710";"B01";"1";"33";"0";"2";"1";"1";"1";""
"202400008012";"155767713";"A01";"2";"7";"0";"2";"7";"15";"1";""
"202400008013";"155767705";"A01";"2";"33";"13";"0";"1";"16";"1";""
"202400008014";"155767701";"B01";"1";"7";"0";"2";"1";"2";"1";""
"202400008014";"155767704";"A01";"1";"7";"0";"2";"4";"2";"1";""
"202400008015";"155767700";"A01";"2";"7";"0";"2";"2";"1";"1";""
"202400008015";"155767703";"B01";"2";"7";"0";"2";"6";"1";"1";""
"202400008016";"155767699";"A01";"2";"7";"0";"2";"6";"13";"1";""
"202400008016";"155767702";"B01";"2";"7";"0";"2";"3";"0";"1";""
"202400008017";"155767697";"A01";"3";"7";"0";"1";"8";"1";"1";""
"202400008018";"155767696";"B01";"3";"10";"0";"2";"3";"15";"1";""
"202400008018";"155767698";"A01";"3";"30";"0";"2";"2";"17";"1";""
"202400008019";"155767695";"A01";"0";"80";"0";"0";"1";"0";"3";""
"202400008020";"155767694";"A01";"3";"7";"0";"1";"1";"1";"1";""
"202400008021";"155767691";"A01";"1";"7";"0";"2";"1";"2";"1";""
"202400008021";"155767693";"B01";"1";"7";"0";"2";"4";"2";"2";""
"202400008022";"155767689";"B01";"3";"7";"0";"2";"4";"23";"1";""
"202400008022";"155767690";"A01";"3";"7";"0";"2";"1";"1";"1";""
"202400008023";"155767688";"A01";"2";"33";"0";"0";"0";"1";"1";""
"202400008024";"155767686";"A01";"1";"7";"0";"2";"1";"2";"1";""
"202400008024";"155767687";"B01";"1";"7";"0";"2";"4";"1";"1";""
"202400008025";"155767684";"A01";"1";"33";"13";"0";"7";"1";"1";""
"202400008026";"155767683";"B01";"2";"7";"0";"2";"4";"1";"1";""
"202400008026";"155767685";"A01";"2";"7";"0";"2";"1";"11";"1";""
"202400008027";"155767681";"A01";"2";"33";"0";"5";"1";"21";"1";""
"202400008028";"155767678";"A01";"2";"7";"0";"2";"3";"16";"1";""
"202400008028";"155767679";"B01";"1";"50";"0";"2";"2";"25";"3";""
"202400008029";"155767676";"A01";"1";"7";"13";"0";"0";"1";"1";""
"202400008030";"155767673";"B01";"2";"7";"0";"2";"4";"2";"1";""
"202400008030";"155767675";"E01";"2";"10";"0";"2";"4";"1";"1";""
"202400008030";"155767677";"C01";"2";"7";"0";"2";"6";"2";"1";""
"202400008030";"155767680";"D01";"2";"7";"0";"2";"4";"2";"1";""
"202400008030";"155767682";"A01";"2";"10";"0";"2";"1";"2";"1";""
"202400008031";"155767672";"A01";"1";"7";"0";"2";"2";"26";"1";""
"202400008031";"155767674";"B01";"1";"7";"0";"2";"0";"0";"1";""
"202400008032";"155767668";"A01";"1";"7";"2";"2";"4";"19";"1";""
"202400008032";"155767671";"B01";"2";"7";"0";"2";"1";"1";"1";""
"202400008033";"155767666";"A01";"2";"10";"0";"2";"8";"1";"1";""
"202400008033";"155767669";"B01";"1";"10";"0";"2";"2";"1";"1";""
"202400008034";"155767667";"A01";"0";"33";"0";"2";"2";"26";"1";""
"202400008034";"155767670";"B01";"0";"7";"0";"2";"2";"19";"1";""
"202400008035";"155767663";"A01";"1";"1";"0";"2";"8";"1";"5";""
"202400008035";"155767665";"Z01";"2";"7";"0";"2";"0";"26";"1";""
"202400008036";"155767661";"B01";"1";"7";"0";"2";"1";"0";"1";""
"202400008036";"155767664";"A01";"2";"7";"0";"2";"1";"0";"1";""
"202400008037";"155767659";"A01";"1";"50";"0";"1";"1";"25";"3";""
"202400008038";"155767658";"A01";"0";"7";"0";"2";"2";"5";"1";""
"202400008038";"155767660";"B01";"0";"32";"0";"2";"1";"1";"1";""
"202400008038";"155767662";"C01";"0";"7";"0";"2";"1";"1";"1";""
"202400008039";"155767657";"A01";"1";"7";"4";"0";"2";"2";"1";""
"202400008040";"155767653";"A01";"2";"7";"0";"2";"1";"2";"1";""
"202400008040";"155767655";"B01";"2";"7";"0";"2";"4";"1";"1";""
"202400008040";"155767656";"D01";"2";"7";"0";"2";"2";"26";"1";""
"202400008041";"155767651";"A01";"2";"33";"0";"2";"1";"21";"1";""
"202400008041";"155767654";"B01";"1";"7";"0";"2";"5";"15";"2";""
"202400008042";"155767650";"A01";"1";"21";"0";"2";"8";"15";"1";""
"202400008042";"155767652";"B01";"1";"33";"0";"2";"1";"17";"1";""
"202400008043";"155767648";"A01";"2";"7";"0";"2";"2";"12";"1";""
"202400008043";"155767649";"B01";"2";"33";"0";"2";"3";"3";"3";""
"202400008044";"155767646";"A01";"2";"33";"0";"2";"1";"2";"1";""
"202400008044";"155767647";"B01";"3";"10";"0";"2";"6";"2";"1";""
"202400008045";"155767644";"A01";"2";"7";"4";"0";"1";"1";"1";""
"202400008046";"155767643";"A01";"2";"7";"0";"2";"1";"13";"1";""
"202400008046";"155767645";"B01";"1";"7";"0";"2";"3";"1";"1";""
"202400008047";"155767641";"A01";"1";"7";"0";"2";"8";"2";"1";""
"202400008047";"155767642";"B01";"1";"7";"0";"2";"7";"2";"1";""
"202400008048";"155767640";"A01";"2";"7";"15";"0";"7";"13";"1";""
"202400008049";"155767639";"A01";"1";"33";"12";"0";"8";"1";"1";""
"202400008050";"155767634";"A01";"1";"33";"0";"2";"1";"1";"1";""
"202400008050";"155767635";"B01";"2";"7";"0";"2";"4";"1";"1";""
"202400008051";"155767636";"A01";"3";"3";"0";"2";"1";"1";"1";""
"202400008051";"155767638";"B01";"3";"7";"0";"2";"4";"0";"1";""
"202400008052";"155767630";"A01";"1";"7";"0";"1";"8";"15";"1";""
"202400008053";"155767629";"B01";"2";"7";"0";"2";"7";"1";"2";""
"202400008053";"155767632";"A01";"2";"7";"0";"2";"1";"1";"1";""
"202400008054";"155767628";"A01";"1";"7";"4";"0";"2";"1";"1";""
"202400008055";"155767626";"A01";"1";"7";"0";"2";"8";"19";"1";""
"202400008055";"155767627";"B01";"1";"30";"0";"2";"1";"1";"1";""
"202400008056";"155767625";"A01";"3";"3";"0";"1";"1";"0";"1";""
"202400008057";"155767624";"A01";"1";"7";"0";"1";"2";"1";"2";""
"202400008058";"155767623";"B01";"0";"2";"0";"0";"7";"1";"1";""
"202400008059";"155767620";"A01";"3";"7";"0";"4";"6";"19";"1";""
"202400008059";"155767622";"B01";"3";"39";"1";"2";"3";"1";"3";""
"202400008060";"155767619";"A01";"1";"7";"0";"2";"1";"0";"1";""
"202400008060";"155767621";"B01";"1";"7";"0";"2";"0";"0";"1";""
"202400008061";"155767617";"B01";"1";"33";"0";"2";"1";"2";"1";""
"202400008061";"155767618";"A01";"1";"7";"0";"0";"5";"2";"1";""
"202400008062";"155767614";"B01";"1";"7";"0";"2";"3";"1";"1";""
"202400008062";"155767616";"A01";"1";"7";"0";"2";"1";"0";"1";""
"202400008063";"155767613";"A01";"3";"7";"0";"2";"1";"5";"1";""
"202400008063";"155767615";"B01";"3";"7";"0";"2";"1";"23";"1";""
"202400008064";"155767610";"B01";"1";"7";"0";"2";"1";"1";"1";""
"202400008064";"155767611";"A01";"2";"7";"0";"2";"1";"15";"1";""
"202400008065";"155767609";"A01";"1";"7";"0";"2";"2";"1";"1";""
"202400008065";"155767612";"B01";"2";"7";"0";"2";"3";"15";"0";""
"202400008066";"155767607";"A01";"1";"37";"0";"1";"2";"1";"1";"1"
"202400008067";"155767606";"A01";"2";"33";"0";"2";"5";"1";"1";""
"202400008067";"155767608";"B01";"2";"32";"0";"2";"5";"1";"1";""
"202400008068";"155767605";"A01";"1";"7";"0";"1";"1";"1";"1";""
"202400008069";"155767604";"A01";"2";"10";"0";"1";"2";"15";"3";""
"202400008070";"155767601";"C01";"1";"7";"0";"2";"4";"23";"2";""
"202400008070";"155767602";"A01";"1";"7";"0";"2";"1";"2";"1";""
"202400008070";"155767603";"B01";"1";"7";"0";"2";"4";"2";"1";""
"202400008071";"155767600";"A01";"2";"37";"3";"0";"7";"0";"0";"43"
"202400008072";"155767598";"B01";"2";"2";"8";"2";"3";"18";"1";""
"202400008072";"155767599";"A01";"2";"7";"0";"2";"7";"22";"2";""
"202400008073";"155767596";"A01";"2";"7";"0";"0";"9";"1";"1";""
"202400008074";"155767595";"A01";"1";"7";"0";"2";"7";"19";"2";""
"202400008074";"155767597";"B01";"1";"7";"0";"2";"1";"1";"1";""
"202400008075";"155767594";"A01";"1";"2";"0";"1";"1";"1";"1";""
"202400008076";"155767591";"A01";"2";"10";"0";"1";"1";"1";"1";""
"202400008077";"155767589";"A01";"2";"31";"0";"2";"1";"2";"1";""
"202400008077";"155767590";"B01";"0";"1";"0";"2";"0";"19";"5";""
"202400008078";"155767587";"B01";"1";"1";"0";"2";"1";"1";"5";""
"202400008078";"155767592";"A01";"2";"7";"0";"9";"3";"15";"1";""
"202400008079";"155767588";"A01";"2";"7";"0";"0";"3";"19";"1";""
"202400008079";"155767593";"B01";"1";"10";"0";"2";"1";"1";"1";""
"202400008080";"155767585";"B01";"1";"33";"0";"2";"0";"0";"1";""
"202400008080";"155767586";"A01";"1";"7";"0";"2";"0";"1";"1";""
"202400008081";"155767583";"A01";"2";"33";"14";"0";"1";"1";"1";""
"202400008082";"155767581";"A01";"2";"7";"0";"2";"8";"24";"2";""
"202400008082";"155767582";"B01";"2";"1";"1";"0";"1";"0";"5";""
"202400008083";"155767575";"A01";"1";"7";"0";"2";"3";"15";"1";""
"202400008083";"155767576";"B01";"1";"10";"0";"2";"3";"17";"1";""
"202400008084";"155767574";"A01";"1";"50";"0";"2";"2";"1";"3";""
"202400008084";"155767578";"B01";"2";"7";"0";"2";"3";"1";"1";""
"202400008085";"155767572";"B01";"3";"7";"0";"2";"3";"16";"2";""
"202400008085";"155767573";"A01";"3";"80";"0";"2";"2";"15";"3";""
"202400008086";"155767570";"A01";"1";"33";"0";"2";"1";"1";"1";""
"202400008086";"155767571";"B01";"1";"1";"0";"2";"4";"1";"5";""
"202400008087";"155767577";"B01";"2";"33";"0";"2";"1";"2";"1";""
"202400008087";"155767579";"A01";"1";"7";"0";"0";"7";"15";"1";""
"202400008087";"155767580";"C01";"2";"33";"0";"2";"1";"2";"1";""
"202400008087";"155767584";"D01";"1";"7";"0";"2";"1";"2";"2";""
"202400008088";"155767568";"B01";"0";"7";"0";"2";"1";"1";"1";""
"202400008088";"155767569";"A01";"0";"7";"0";"0";"4";"23";"1";""
"202400008089";"155767566";"A01";"1";"33";"0";"0";"1";"1";"1";""
"202400008090";"155767565";"A01";"1";"1";"0";"2";"1";"11";"5";""
"202400008090";"155767567";"B01";"1";"1";"0";"2";"0";"1";"5";""
"202400008091";"155767564";"A01";"3";"10";"0";"1";"0";"0";"0";""
"202400008092";"155767561";"A01";"2";"33";"0";"2";"0";"21";"1";""
"202400008093";"155767558";"A01";"0";"15";"0";"2";"3";"15";"1";""
"202400008093";"155767560";"B01";"0";"32";"0";"2";"2";"3";"1";""
"202400008094";"155767559";"D01";"1";"33";"0";"2";"1";"1";"1";""
"202400008094";"155767562";"A01";"1";"7";"0";"2";"4";"15";"1";""
"202400008094";"155767563";"C01";"1";"33";"0";"2";"3";"1";"1";""
"202400008095";"155767556";"B01";"3";"32";"0";"2";"0";"0";"0";""
"202400008095";"155767557";"A01";"1";"1";"0";"2";"7";"0";"5";""
"202400008096";"155767551";"B01";"3";"7";"0";"2";"5";"2";"1";""
"202400008096";"155767554";"A01";"3";"7";"0";"2";"2";"2";"1";""
"202400008096";"155767555";"C01";"3";"31";"0";"2";"4";"2";"1";""
"202400008097";"155767549";"A01";"2";"32";"0";"2";"7";"15";"1";""
"202400008097";"155767552";"B01";"1";"33";"0";"2";"1";"1";"1";""
"202400008098";"155767550";"B01";"2";"33";"0";"2";"1";"1";"1";""
"202400008098";"155767553";"A01";"2";"33";"0";"0";"4";"26";"1";""
"202400008099";"155767545";"A01";"2";"37";"0";"2";"8";"15";"2";"1"
"202400008099";"155767547";"B01";"1";"50";"0";"2";"1";"21";"3";""
"202400008100";"155767544";"B01";"2";"7";"0";"2";"3";"26";"1";""
"202400008100";"155767546";"A01";"1";"33";"0";"2";"8";"5";"1";""
"202400008101";"155767543";"B01";"1";"10";"0";"2";"1";"1";"1";""
"202400008101";"155767548";"A01";"1";"7";"0";"2";"8";"15";"1";""
"202400008102";"155767541";"B01";"3";"43";"0";"2";"4";"2";"1";""
"202400008102";"155767542";"A01";"3";"7";"0";"2";"1";"1";"2";""
"202400008103";"155767539";"A01";"0";"7";"6";"0";"1";"15";"1";""
"202400008104";"155767540";"A01";"3";"7";"0";"1";"2";"0";"1";""
"202400008105";"155767536";"A01";"0";"1";"8";"0";"0";"1";"5";""
"202400008106";"155767534";"A01";"3";"7";"0";"2";"3";"15";"1";""
"202400008106";"155767537";"B01";"3";"99";"0";"2";"1";"1";"0";""
"202400008107";"155767535";"A01";"2";"7";"0";"2";"6";"15";"1";""
"202400008107";"155767538";"B01";"1";"34";"0";"2";"1";"1";"1";""
"202400008108";"155767532";"A01";"2";"7";"0";"1";"3";"1";"1";""
"202400008109";"155767528";"A01";"1";"33";"13";"2";"6";"5";"1";""
"202400008109";"155767530";"B01";"2";"10";"0";"2";"6";"1";"0";""
"202400008110";"155767527";"C01";"2";"7";"0";"2";"4";"1";"1";""
"202400008110";"155767529";"A01";"2";"10";"0";"2";"1";"2";"1";""
"202400008110";"155767531";"B01";"2";"7";"0";"2";"4";"2";"1";""
"202400008111";"155767523";"B01";"2";"7";"0";"2";"4";"1";"1";""
"202400008111";"155767525";"A01";"2";"43";"0";"2";"1";"1";"1";""
"202400008112";"155767521";"B01";"3";"7";"0";"2";"3";"15";"1";""
"202400008112";"155767526";"A01";"3";"7";"0";"2";"3";"1";"3";""
"202400008113";"155767520";"B01";"1";"33";"0";"2";"7";"1";"1";""
"202400008113";"155767522";"C01";"2";"7";"0";"2";"8";"5";"1";""
"202400008113";"155767524";"A01";"1";"7";"0";"2";"2";"9";"1";""
"202400008114";"155767517";"A01";"1";"7";"0";"1";"1";"1";"1";""
"202400008115";"155767516";"A01";"1";"33";"0";"2";"1";"3";"1";""
"202400008115";"155767518";"C01";"1";"7";"0";"2";"4";"1";"1";""
"202400008115";"155767519";"B01";"1";"33";"0";"2";"1";"3";"1";""
"202400008116";"155767515";"A01";"1";"7";"13";"0";"1";"1";"1";""
"202400008117";"155767514";"A01";"2";"31";"4";"0";"7";"2";"1";""
"202400008118";"155767513";"Z01";"3";"7";"0";"1";"0";"2";"0";""
"202400008119";"155767512";"A01";"2";"7";"2";"0";"1";"1";"1";""
"202400008120";"155767509";"A01";"3";"7";"0";"1";"1";"17";"1";""
"202400008121";"155767510";"A01";"3";"7";"0";"2";"1";"1";"2";""
"202400008121";"155767511";"B01";"1";"1";"0";"2";"8";"1";"5";""
"202400008122";"155767507";"B01";"1";"1";"0";"0";"4";"2";"5";""
"202400008122";"155767508";"A01";"1";"7";"0";"9";"2";"17";"1";""
"202400008123";"155767506";"Z01";"3";"7";"0";"1";"3";"2";"1";""
"202400008124";"155767505";"A01";"1";"33";"0";"0";"4";"2";"1";""
"202400008125";"155767504";"A01";"2";"31";"0";"1";"3";"26";"1";""
"202400008126";"155767501";"B01";"1";"10";"0";"2";"1";"2";"1";""
"202400008126";"155767503";"A01";"1";"7";"0";"2";"4";"23";"2";""
"202400008127";"155767499";"A01";"1";"7";"0";"1";"2";"1";"1";""
"202400008128";"155767498";"A01";"2";"7";"0";"2";"1";"2";"1";""
"202400008128";"155767500";"B01";"2";"10";"0";"2";"4";"2";"1";""
"202400008128";"155767502";"C01";"2";"7";"0";"2";"4";"2";"2";""
"202400008129";"155767493";"B01";"1";"7";"0";"2";"2";"1";"2";""
"202400008129";"155767496";"A01";"0";"7";"0";"2";"3";"16";"2";""
"202400008130";"155767491";"B01";"2";"7";"8";"2";"4";"2";"1";""
"202400008130";"155767497";"A01";"2";"7";"0";"2";"2";"2";"1";""
"202400008131";"155767492";"A01";"2";"7";"0";"2";"1";"2";"1";""
"202400008131";"155767495";"B01";"2";"7";"0";"2";"4";"2";"1";""
"202400008132";"155767490";"A01";"2";"31";"0";"2";"1";"1";"1";""
"202400008132";"155767494";"B01";"3";"50";"0";"2";"5";"19";"3";""
"202400008133";"155767487";"A01";"0";"2";"0";"1";"0";"0";"0";""
"202400008134";"155767486";"A01";"1";"7";"0";"2";"1";"26";"1";""
"202400008134";"155767489";"B01";"3";"33";"0";"2";"1";"26";"1";""
"202400008135";"155767485";"A01";"2";"10";"1";"0";"1";"1";"1";""
"202400008135";"155767488";"B01";"2";"7";"0";"2";"6";"23";"2";""
"202400008136";"155767483";"A01";"1";"21";"0";"2";"6";"15";"1";""
"202400008136";"155767484";"B01";"1";"7";"0";"2";"2";"17";"1";""
"202400008137";"155767480";"A01";"2";"7";"0";"1";"2";"0";"1";""
"202400008138";"155767479";"B01";"1";"50";"0";"2";"1";"0";"3";""
"202400008138";"155767482";"A01";"1";"7";"0";"2";"6";"22";"3";""
"202400008139";"155767478";"B01";"2";"7";"0";"2";"6";"1";"1";""
"202400008139";"155767481";"A01";"2";"31";"0";"2";"1";"26";"1";""
"202400008140";"155767473";"A01";"1";"7";"0";"1";"1";"14";"0";""
"202400008141";"155767475";"A01";"2";"7";"0";"2";"1";"2";"1";""
"202400008141";"155767477";"B01";"2";"7";"0";"2";"4";"2";"2";""
"202400008142";"155767472";"A01";"1";"7";"0";"2";"1";"2";"2";""
"202400008142";"155767476";"B01";"1";"50";"0";"2";"3";"19";"3";""
"202400008143";"155767470";"A01";"1";"10";"0";"2";"5";"12";"1";""
"202400008143";"155767471";"B01";"1";"43";"0";"2";"8";"3";"1";""
"202400008143";"155767474";"C01";"1";"7";"0";"2";"4";"1";"1";""
"202400008144";"155767465";"B01";"1";"7";"14";"0";"5";"23";"2";""
"202400008144";"155767469";"A01";"1";"30";"3";"0";"2";"12";"1";""
"202400008145";"155767466";"A01";"2";"30";"0";"2";"7";"21";"1";""
"202400008145";"155767468";"B01";"2";"7";"0";"2";"8";"26";"1";""
"202400008146";"155767467";"A01";"2";"33";"12";"0";"7";"14";"1";""
"202400008147";"155767462";"A01";"1";"0";"0";"1";"0";"26";"0";""
"202400008148";"155767463";"Z01";"1";"7";"0";"2";"1";"1";"2";""
"202400008148";"155767464";"B01";"1";"7";"0";"2";"6";"1";"2";""
"202400008149";"155767459";"B01";"1";"33";"0";"2";"7";"17";"1";""
"202400008149";"155767461";"A01";"1";"10";"0";"2";"3";"15";"1";""
"202400008150";"155767460";"A01";"2";"30";"1";"1";"1";"17";"3";""
"202400008151";"155767452";"A01";"1";"33";"0";"1";"1";"1";"1";""
"202400008152";"155767454";"A01";"1";"7";"8";"2";"7";"15";"1";""
"202400008152";"155767457";"B01";"2";"7";"0";"2";"1";"1";"1";""
"202400008152";"155767458";"C01";"1";"1";"0";"2";"7";"1";"5";""
"202400008153";"155767453";"B01";"2";"34";"0";"2";"7";"21";"1";""
"202400008153";"155767456";"A01";"2";"10";"0";"2";"8";"23";"1";""
"202400008154";"155767451";"A01";"1";"10";"0";"2";"1";"21";"1";""
"202400008154";"155767455";"B01";"1";"50";"0";"2";"7";"0";"3";""
"202400008155";"155767446";"A01";"1";"10";"0";"2";"2";"24";"0";""
"202400008155";"155767449";"B01";"1";"1";"0";"2";"3";"1";"5";""
"202400008156";"155767447";"A01";"1";"33";"0";"2";"1";"1";"1";""
"202400008156";"155767450";"B01";"1";"33";"0";"2";"4";"26";"1";""
"202400008157";"155767444";"A01";"1";"7";"0";"2";"2";"1";"1";""
"202400008157";"155767448";"B01";"1";"7";"0";"2";"6";"2";"2";""
"202400008158";"155767443";"B01";"1";"7";"1";"0";"4";"2";"1";""
"202400008158";"155767445";"A01";"1";"7";"15";"2";"4";"1";"2";""
"202400008159";"155767439";"A01";"1";"10";"0";"2";"7";"19";"1";""
"202400008160";"155767441";"A01";"1";"30";"0";"2";"1";"2";"1";""
"202400008160";"155767442";"B01";"1";"7";"0";"0";"0";"1";"1";""
"202400008161";"155767436";"A01";"2";"7";"0";"2";"3";"11";"1";""
"202400008161";"155767438";"B01";"2";"31";"0";"2";"7";"3";"1";""
"202400008161";"155767440";"C01";"2";"7";"0";"2";"4";"23";"1";""
"202400008162";"155767434";"A01";"1";"32";"0";"0";"7";"26";"1";""
"202400008163";"155767433";"B01";"3";"7";"0";"2";"7";"1";"2";""
"202400008163";"155767437";"A01";"3";"7";"0";"2";"1";"1";"1";""
"202400008164";"155767432";"A01";"1";"2";"0";"2";"7";"17";"1";""
"202400008164";"155767435";"B01";"1";"7";"0";"2";"8";"20";"1";""
"202400008165";"155767430";"B01";"1";"30";"0";"2";"1";"2";"1";""
"202400008165";"155767431";"Z01";"0";"50";"0";"0";"0";"2";"3";""
"202400008166";"155767428";"A01";"1";"7";"0";"0";"0";"26";"1";""
"202400008167";"155767426";"A01";"1";"7";"0";"2";"3";"9";"1";""
"202400008167";"155767429";"B01";"1";"2";"0";"2";"1";"17";"1";""
"202400008168";"155767425";"A01";"3";"10";"0";"2";"1";"1";"1";""
"202400008168";"155767427";"B01";"3";"10";"0";"2";"8";"15";"1";""
"202400008169";"155767423";"A01";"1";"7";"0";"2";"8";"15";"1";""
"202400008169";"155767424";"B01";"1";"50";"0";"2";"7";"1";"3";""
"202400008170";"155767419";"A01";"2";"7";"0";"2";"6";"14";"1";""
"202400008170";"155767422";"B01";"2";"7";"0";"2";"2";"1";"1";""
"202400008171";"155767418";"B01";"3";"43";"0";"2";"1";"1";"1";""
"202400008171";"155767421";"A01";"3";"37";"0";"2";"2";"15";"1";"1"
"202400008172";"155767417";"B01";"1";"2";"0";"0";"0";"0";"1";""
"202400008172";"155767420";"A01";"1";"7";"0";"0";"0";"14";"0";""
"202400008173";"155767413";"A01";"1";"7";"0";"2";"3";"1";"2";""
"202400008173";"155767416";"B01";"3";"37";"0";"2";"1";"1";"1";"6"
"202400008174";"155767414";"A01";"2";"7";"4";"0";"9";"1";"0";""
"202400008175";"155767411";"A01";"3";"30";"0";"2";"7";"17";"1";""
"202400008175";"155767415";"B01";"3";"7";"0";"2";"8";"15";"1";""
"202400008176";"155767412";"A01";"1";"7";"0";"1";"2";"0";"1";""
"202400008177";"155767409";"A01";"1";"14";"0";"2";"7";"14";"1";""
"202400008177";"155767410";"B01";"1";"1";"1";"2";"8";"2";"5";""
"202400008178";"155767408";"B01";"0";"7";"0";"2";"5";"1";"1";""
"202400008179";"155767405";"B01";"3";"7";"0";"2";"0";"2";"1";""
"202400008179";"155767406";"A01";"3";"31";"0";"2";"7";"1";"3";""
"202400008180";"155767404";"B01";"3";"2";"0";"2";"4";"11";"1";""
"202400008180";"155767407";"A01";"3";"10";"0";"2";"2";"1";"1";""
"202400008181";"155767402";"A01";"3";"7";"0";"1";"3";"15";"1";""
"202400008182";"155767401";"A01";"0";"32";"0";"2";"1";"17";"1";""
"202400008182";"155767403";"AB01";"0";"7";"0";"2";"1";"0";"1";""
"202400008183";"155767399";"A01";"3";"7";"8";"0";"2";"14";"1";""
"202400008184";"155767397";"A01";"1";"7";"0";"2";"3";"15";"1";""
"202400008184";"155767398";"B01";"1";"2";"0";"2";"7";"1";"1";""
"202400008185";"155767395";"B01";"1";"7";"0";"2";"7";"1";"1";""
"202400008185";"155767400";"A01";"2";"50";"0";"2";"1";"1";"3";""
"202400008186";"155767393";"B01";"2";"31";"0";"2";"2";"1";"1";""
"202400008186";"155767396";"A01";"2";"7";"0";"2";"3";"15";"1";""
"202400008187";"155767391";"B01";"1";"33";"0";"2";"1";"0";"0";""
"202400008187";"155767394";"A01";"1";"7";"0";"2";"7";"15";"1";""
"202400008188";"155767388";"B01";"2";"7";"0";"2";"3";"1";"1";""
"202400008188";"155767390";"C01";"1";"7";"0";"2";"1";"23";"1";""
"202400008188";"155767392";"A01";"2";"7";"0";"2";"2";"19";"1";""
"202400008189";"155767387";"B01";"2";"1";"0";"2";"8";"15";"5";""
"202400008189";"155767389";"A01";"2";"7";"0";"2";"1";"1";"1";""
"202400008190";"155767384";"A01";"3";"7";"0";"2";"7";"15";"1";""
"202400008190";"155767385";"B01";"1";"37";"9";"2";"1";"1";"1";"1"
"202400008191";"155767383";"A01";"2";"7";"0";"2";"6";"15";"2";""
"202400008191";"155767386";"B01";"2";"2";"0";"2";"1";"1";"1";""
"202400008192";"155767382";"A01";"1";"7";"0";"1";"7";"15";"1";""
"202400008193";"155767381";"A01";"1";"30";"12";"0";"7";"21";"1";""
"202400008194";"155767380";"A01";"2";"30";"0";"0";"2";"1";"1";""
"202400008195";"155767377";"B01";"1";"7";"0";"2";"3";"15";"1";""
"202400008195";"155767379";"A01";"1";"34";"0";"2";"1";"13";"1";""
"202400008196";"155767375";"A01";"2";"50";"0";"0";"0";"16";"3";""
"202400008197";"155767376";"A01";"3";"7";"0";"2";"3";"19";"1";""
"202400008197";"155767378";"B01";"3";"50";"0";"2";"3";"1";"3";""
"202400008198";"155767372";"B01";"1";"1";"0";"2";"1";"19";"5";""
"202400008198";"155767374";"A01";"1";"10";"0";"9";"3";"1";"1";""
"202400008199";"155767371";"A01";"1";"14";"4";"0";"3";"1";"1";""