"Num_Acc";"id_vehicule";"num_veh";"senc";"catv";"obs";"obsm";"choc";"manv";"motor";"occutc"
"202400008200";"155767369";"A01";"2";"37";"0";"2";"3";"1";"1";"3"
"202400008200";"155767373";"B01";"2";"7";"0";"2";"5";"16";"1";""
"202400008201";"155767368";"B01";"2";"15";"0";"0";"1";"1";"1";""
"202400008201";"155767370";"A01";"2";"7";"0";"0";"8";"19";"1";""
"202400008202";"155767367";"A01";"3";"7";"0";"1";"1";"1";"1";""
"202400008203";"155767364";"A01";"2";"10";"0";"2";"3";"13";"1";""
"202400008203";"155767366";"B01";"1";"7";"0";"2";"1";"1";"1";""
"202400008204";"155767362";"B01";"3";"7";"0";"2";"3";"10";"0";""
"202400008204";"155767365";"A01";"1";"33";"0";"2";"3";"1";"0";""
"202400008205";"155767361";"B01";"2";"7";"0";"2";"1";"1";"1";""
"202400008205";"155767363";"A01";"1";"7";"0";"2";"1";"13";"1";""
"202400008206";"155767360";"A01";"3";"30";"0";"2";"1";"26";"1";""
"202400008207";"155767355";"B01";"0";"33";"0";"2";"1";"1";"3";""
"202400008207";"155767358";"A01";"0";"7";"0";"2";"3";"10";"2";""
"202400008208";"155767357";"A01";"3";"7";"0";"2";"1";"2";"1";""
"202400008208";"155767359";"B01";"3";"10";"0";"2";"4";"23";"1";""
"202400008209";"155767351";"B01";"1";"80";"1";"2";"1";"2";"3";""
"202400008209";"155767353";"A01";"1";"7";"0";"2";"2";"22";"1";""
"202400008210";"155767349";"C01";"2";"7";"0";"2";"3";"1";"1";""
"202400008210";"155767352";"A01";"1";"7";"0";"2";"3";"11";"2";""
"202400008210";"155767354";"D01";"2";"7";"0";"2";"3";"1";"1";""
"202400008210";"155767356";"B01";"2";"7";"0";"2";"3";"1";"2";""
"202400008211";"155767347";"B01";"3";"7";"0";"2";"3";"15";"3";""
"202400008211";"155767350";"A01";"3";"7";"0";"2";"1";"1";"1";""
"202400008212";"155767346";"A01";"3";"7";"0";"2";"3";"15";"1";""
"202400008212";"155767348";"B01";"3";"33";"0";"2";"2";"17";"1";""
"202400008213";"155767344";"A01";"0";"7";"0";"1";"2";"1";"1";""
"202400008214";"155767345";"A01";"1";"7";"0";"1";"3";"15";"0";""
"202400008215";"155767342";"A01";"2";"7";"0";"2";"8";"1";"2";""
"202400008215";"155767343";"Y01";"3";"60";"0";"2";"8";"19";"5";""
"202400008216";"155767340";"A01";"1";"7";"0";"1";"1";"13";"1";""
"202400008217";"155767336";"B01";"3";"31";"0";"2";"7";"1";"1";""
"202400008217";"155767339";"A01";"3";"7";"0";"2";"3";"15";"1";""
"202400008218";"155767338";"A01";"1";"2";"0";"2";"5";"2";"1";""
"202400008218";"155767341";"B01";"1";"7";"0";"2";"3";"2";"2";""
"202400008219";"155767335";"B01";"1";"1";"0";"2";"1";"1";"5";""
"202400008219";"155767337";"A01";"2";"7";"0";"2";"1";"15";"2";""
"202400008220";"155767332";"A01";"1";"7";"0";"2";"2";"0";"1";""
"202400008220";"155767334";"B01";"1";"33";"3";"2";"7";"0";"1";""
"202400008221";"155767331";"A01";"1";"10";"0";"1";"4";"20";"1";""
"202400008222";"155767330";"A01";"1";"7";"8";"0";"1";"1";"1";""
"202400008223";"155767329";"A01";"2";"7";"0";"2";"2";"19";"1";""
"202400008223";"155767333";"B01";"1";"7";"0";"2";"1";"1";"1";""
"202400008224";"155767327";"A01";"0";"7";"1";"0";"1";"1";"1";""
"202400008225";"155767326";"A01";"2";"33";"0";"2";"2";"15";"1";""
"202400008225";"155767328";"B01";"1";"7";"0";"2";"3";"19";"1";""
"202400008226";"155767325";"A01";"1";"31";"0";"0";"0";"9";"1";""
"202400008227";"155767322";"B01";"0";"37";"0";"2";"2";"1";"3";"1"
"202400008227";"155767323";"A01";"0";"80";"0";"2";"8";"13";"3";""
"202400008228";"155767321";"A01";"2";"7";"0";"2";"1";"12";"1";""
"202400008228";"155767324";"B01";"2";"7";"0";"2";"3";"1";"0";""
"202400008229";"155767318";"A01";"1";"14";"0";"0";"6";"1";"1";""
"202400008229";"155767320";"B01";"1";"7";"0";"2";"2";"17";"2";""
"202400008230";"155767317";"A01";"2";"33";"0";"2";"2";"5";"1";""
"202400008230";"155767319";"B01";"1";"7";"0";"2";"2";"1";"1";""
"202400008231";"155767315";"B01";"1";"7";"0";"2";"4";"23";"1";""
"202400008231";"155767316";"A01";"1";"7";"0";"2";"1";"2";"1";""
"202400008232";"155767312";"A01";"3";"7";"0";"2";"3";"13";"2";""
"202400008232";"155767313";"B01";"3";"7";"0";"2";"1";"1";"1";""
"202400008233";"155767311";"A01";"1";"7";"0";"2";"1";"2";"1";""
"202400008233";"155767314";"B01";"1";"7";"0";"2";"4";"2";"2";""
"202400008234";"155767308";"A01";"3";"7";"0";"2";"1";"21";"1";""
"202400008234";"155767310";"B01";"3";"1";"0";"2";"1";"16";"5";""
"202400008235";"155767307";"A01";"2";"7";"0";"2";"3";"15";"1";""
"202400008235";"155767309";"B01";"2";"33";"0";"2";"7";"17";"1";""
"202400008236";"155767305";"A01";"2";"7";"0";"1";"2";"1";"1";""
"202400008237";"155767304";"A01";"3";"7";"0";"2";"3";"9";"1";""
"202400008237";"155767306";"B01";"3";"7";"0";"2";"2";"1";"1";""
"202400008238";"155767301";"A01";"2";"7";"0";"2";"3";"13";"1";""
"202400008238";"155767303";"B01";"1";"15";"0";"2";"3";"1";"1";""
"202400008239";"155767300";"A01";"2";"7";"15";"0";"0";"1";"1";""
"202400008240";"155767299";"A01";"2";"7";"0";"2";"3";"13";"1";""
"202400008240";"155767302";"B01";"1";"7";"1";"2";"8";"1";"1";""
"202400008241";"155767298";"A01";"2";"31";"0";"0";"7";"21";"1";""
"202400008242";"155767297";"A01";"1";"7";"1";"0";"2";"14";"1";""
"202400008243";"155767296";"A01";"2";"7";"0";"1";"1";"23";"1";""
"202400008244";"155767293";"A01";"1";"7";"0";"2";"2";"16";"1";""
"202400008244";"155767295";"B01";"1";"2";"0";"2";"1";"1";"1";""
"202400008245";"155767290";"A01";"1";"7";"0";"2";"1";"1";"1";""
"202400008245";"155767294";"B01";"2";"7";"0";"2";"8";"1";"1";""
"202400008246";"155767289";"B01";"1";"1";"0";"2";"7";"19";"5";""
"202400008246";"155767292";"A01";"1";"10";"0";"9";"3";"1";"1";""
"202400008247";"155767288";"A01";"0";"10";"0";"2";"1";"1";"1";""
"202400008247";"155767291";"B01";"0";"14";"0";"2";"1";"1";"1";""
"202400008248";"155767287";"A01";"1";"7";"0";"1";"3";"1";"1";""
"202400008249";"155767285";"A01";"1";"7";"13";"0";"9";"1";"1";""
"202400008250";"155767282";"A01";"1";"15";"0";"2";"2";"17";"1";""
"202400008250";"155767284";"B01";"1";"30";"0";"2";"4";"15";"1";""
"202400008251";"155767281";"A01";"1";"7";"0";"1";"3";"1";"1";""
"202400008252";"155767280";"B01";"1";"2";"0";"2";"4";"2";"1";""
"202400008252";"155767283";"C01";"2";"7";"0";"2";"1";"5";"1";""
"202400008252";"155767286";"A01";"1";"10";"0";"2";"1";"2";"1";""
"202400008253";"155767278";"A01";"2";"7";"0";"1";"7";"1";"1";""
"202400008254";"155767276";"A01";"0";"7";"0";"2";"1";"1";"1";""
"202400008254";"155767279";"B01";"0";"7";"0";"2";"3";"1";"1";""
"202400008255";"155767274";"A01";"1";"7";"13";"0";"6";"14";"1";""
"202400008256";"155767273";"B01";"1";"7";"0";"2";"1";"1";"1";""
"202400008256";"155767277";"A01";"2";"7";"0";"2";"3";"15";"1";""
"202400008257";"155767272";"B01";"1";"2";"0";"0";"1";"0";"1";""
"202400008257";"155767275";"A01";"1";"10";"0";"0";"3";"15";"1";""
"202400008258";"155767268";"A01";"2";"50";"0";"2";"1";"1";"3";""
"202400008258";"155767271";"B01";"1";"7";"0";"2";"2";"16";"1";""
"202400008259";"155767267";"A01";"2";"50";"0";"1";"0";"0";"3";""
"202400008260";"155767266";"B01";"3";"7";"8";"2";"8";"21";"1";""
"202400008260";"155767270";"A01";"3";"10";"0";"2";"1";"9";"1";""
"202400008261";"155767265";"B01";"2";"30";"0";"2";"8";"1";"1";""
"202400008261";"155767269";"A01";"1";"7";"0";"2";"3";"15";"1";""
"202400008262";"155767263";"A01";"3";"7";"9";"0";"1";"25";"1";""
"202400008263";"155767261";"A01";"1";"30";"0";"2";"1";"13";"1";""
"202400008263";"155767264";"B01";"2";"10";"0";"2";"3";"0";"1";""
"202400008264";"155767255";"A01";"2";"7";"0";"2";"1";"1";"1";""
"202400008264";"155767257";"B01";"1";"7";"0";"2";"1";"1";"1";""
"202400008264";"155767259";"C01";"1";"7";"0";"2";"8";"1";"1";""
"202400008265";"155767254";"A01";"3";"7";"0";"2";"1";"26";"1";""
"202400008265";"155767258";"B01";"3";"7";"0";"2";"4";"26";"1";""
"202400008265";"155767262";"C01";"3";"7";"0";"2";"4";"26";"1";""
"202400008266";"155767253";"A01";"1";"7";"0";"1";"1";"1";"1";""
"202400008267";"155767251";"A01";"1";"7";"7";"1";"1";"25";"1";""
"202400008268";"155767249";"A01";"3";"7";"1";"0";"1";"0";"1";""
"202400008269";"155767250";"A01";"1";"7";"0";"2";"3";"13";"1";""
"202400008269";"155767252";"B01";"2";"14";"0";"2";"3";"21";"1";""
"202400008270";"155767248";"A01";"2";"2";"0";"0";"9";"0";"1";""
"202400008271";"155767246";"A01";"2";"2";"0";"2";"3";"26";"1";""
"202400008271";"155767247";"B01";"2";"7";"0";"2";"2";"1";"1";""
"202400008272";"155767241";"A01";"1";"33";"0";"2";"2";"3";"1";""
"202400008272";"155767244";"B01";"1";"7";"0";"2";"3";"15";"1";""
"202400008273";"155767239";"A01";"2";"7";"0";"2";"1";"15";"1";""
"202400008273";"155767243";"B01";"2";"7";"0";"2";"8";"1";"1";""
"202400008274";"155767237";"A01";"1";"10";"16";"0";"1";"1";"1";""
"202400008275";"155767238";"B01";"1";"14";"0";"2";"8";"1";"1";""
"202400008275";"155767240";"A01";"1";"33";"0";"2";"8";"17";"1";""
"202400008275";"155767242";"C01";"2";"7";"0";"2";"8";"1";"1";""
"202400008275";"155767245";"D01";"2";"7";"0";"2";"8";"1";"3";""
"202400008276";"155767236";"A01";"2";"33";"0";"0";"8";"16";"1";""
"202400008277";"155767232";"A01";"3";"15";"0";"2";"2";"12";"1";""
"202400008277";"155767235";"B01";"1";"33";"0";"2";"8";"15";"1";""
"202400008278";"155767227";"A01";"3";"7";"13";"2";"1";"13";"1";""
"202400008278";"155767231";"B01";"2";"7";"0";"2";"1";"1";"1";""
"202400008279";"155767229";"A01";"2";"14";"0";"2";"2";"16";"1";""
"202400008279";"155767233";"B01";"2";"1";"0";"2";"8";"1";"5";""
"202400008279";"155767234";"C01";"2";"1";"0";"2";"8";"1";"5";""
"202400008280";"155767226";"B01";"2";"10";"0";"2";"8";"1";"1";""
"202400008280";"155767228";"C01";"1";"7";"13";"0";"0";"0";"1";""
"202400008280";"155767230";"A01";"1";"14";"0";"2";"8";"1";"1";""
"202400008281";"155767224";"A01";"1";"7";"2";"0";"1";"5";"0";""
"202400008282";"155767221";"A01";"3";"7";"0";"2";"3";"19";"1";""
"202400008282";"155767225";"B01";"3";"33";"0";"2";"1";"1";"1";""
"202400008283";"155767219";"B01";"1";"1";"0";"2";"7";"1";"5";""
"202400008283";"155767223";"A01";"1";"7";"0";"9";"1";"16";"1";""
"202400008284";"155767218";"A01";"1";"17";"0";"2";"1";"1";"0";""
"202400008284";"155767220";"B01";"1";"7";"0";"2";"4";"1";"1";""
"202400008284";"155767222";"C01";"1";"7";"0";"0";"4";"1";"1";""
"202400008285";"155767212";"A01";"2";"7";"13";"0";"1";"1";"1";""
"202400008286";"155767213";"A01";"1";"7";"0";"1";"2";"1";"1";""
"202400008287";"155767214";"A01";"3";"7";"0";"2";"1";"1";"1";""
"202400008287";"155767216";"B01";"3";"50";"0";"2";"1";"9";"3";""
"202400008288";"155767215";"A01";"2";"7";"0";"2";"1";"16";"1";""
"202400008288";"155767217";"B01";"2";"7";"0";"0";"2";"1";"1";""
"202400008289";"155767208";"A01";"1";"7";"0";"0";"1";"13";"1";""
"202400008290";"155767209";"A01";"3";"1";"12";"0";"0";"18";"5";""
"202400008291";"155767207";"A01";"1";"80";"0";"2";"1";"15";"3";""
"202400008291";"155767210";"B01";"2";"7";"0";"2";"1";"1";"1";""
"202400008292";"155767204";"B01";"1";"7";"0";"2";"7";"1";"1";""
"202400008292";"155767206";"C01";"2";"7";"0";"2";"1";"1";"1";""
"202400008292";"155767211";"A01";"1";"7";"0";"2";"1";"19";"1";""
"202400008293";"155767205";"A01";"1";"7";"11";"0";"1";"1";"1";""
"202400008294";"155767202";"A01";"1";"99";"0";"2";"1";"10";"0";""
"202400008294";"155767203";"B01";"2";"33";"0";"9";"7";"1";"1";""
"202400008295";"155767200";"B01";"2";"80";"0";"2";"1";"1";"3";""
"202400008295";"155767201";"A01";"1";"10";"0";"2";"7";"15";"0";""
"202400008296";"155767197";"B01";"2";"21";"0";"2";"4";"1";"1";""
"202400008296";"155767198";"A01";"2";"7";"0";"2";"1";"2";"1";""
"202400008297";"155767196";"B01";"1";"1";"0";"2";"4";"1";"5";""
"202400008297";"155767199";"A01";"1";"7";"0";"2";"3";"1";"1";""
"202400008298";"155767194";"A01";"1";"10";"0";"2";"1";"6";"1";""
"202400008298";"155767195";"B01";"2";"99";"0";"2";"1";"1";"3";""
"202400008299";"155767192";"A01";"2";"33";"0";"5";"1";"1";"1";""
"202400008300";"155767190";"B01";"2";"80";"0";"2";"1";"1";"3";""
"202400008300";"155767193";"Z01";"1";"7";"0";"2";"3";"1";"0";""
"202400008301";"155767191";"A01";"2";"7";"2";"0";"1";"1";"1";""
"202400008302";"155767186";"B01";"1";"50";"0";"2";"8";"17";"3";""
"202400008302";"155767189";"A01";"1";"7";"0";"9";"1";"17";"0";""
"202400008303";"155767185";"A01";"1";"7";"0";"1";"1";"1";"1";""
"202400008304";"155767184";"A01";"1";"7";"0";"2";"2";"1";"2";""
"202400008304";"155767188";"B01";"3";"7";"0";"2";"1";"9";"1";""
"202400008305";"155767183";"A01";"1";"7";"0";"2";"1";"1";"1";""
"202400008305";"155767187";"B01";"2";"60";"0";"2";"8";"19";"5";""
"202400008306";"155767180";"A01";"1";"7";"0";"1";"2";"1";"1";""
"202400008307";"155767182";"A01";"1";"7";"0";"1";"2";"16";"1";""
"202400008308";"155767179";"A01";"3";"7";"0";"2";"1";"15";"1";""
"202400008308";"155767181";"B01";"3";"7";"0";"2";"7";"1";"2";""
"202400008309";"155767178";"A01";"1";"7";"6";"0";"1";"15";"1";""
"202400008310";"155767173";"A01";"3";"7";"0";"2";"8";"1";"0";""
"202400008310";"155767176";"B01";"3";"33";"0";"2";"3";"1";"0";""
"202400008311";"155767170";"A01";"1";"10";"0";"2";"1";"19";"1";""
"202400008311";"155767174";"B01";"2";"7";"0";"0";"6";"1";"0";""
"202400008312";"155767168";"B01";"1";"15";"0";"2";"3";"1";"1";""
"202400008312";"155767171";"A01";"2";"7";"0";"2";"2";"15";"1";""
"202400008313";"155767169";"A01";"0";"7";"0";"2";"1";"1";"1";""
"202400008313";"155767172";"B01";"0";"7";"0";"2";"7";"2";"2";""
"202400008314";"155767167";"A01";"3";"3";"8";"0";"3";"1";"0";""
"202400008315";"155767162";"A01";"1";"32";"0";"2";"2";"17";"1";""
"202400008315";"155767164";"B01";"1";"7";"0";"2";"3";"2";"1";""
"202400008316";"155767163";"A01";"3";"7";"0";"2";"3";"1";"1";""
"202400008316";"155767166";"B01";"3";"3";"0";"2";"1";"1";"1";""
"202400008317";"155767161";"B01";"3";"7";"0";"2";"8";"15";"1";""
"202400008317";"155767165";"A01";"2";"17";"0";"2";"3";"21";"1";""
"202400008318";"155767160";"A01";"1";"7";"0";"1";"1";"1";"1";""
"202400008319";"155767156";"A01";"2";"10";"0";"2";"7";"10";"1";""
"202400008319";"155767159";"B01";"1";"33";"0";"2";"1";"2";"1";""
"202400008320";"155767157";"A01";"1";"7";"4";"0";"1";"0";"1";""
"202400008321";"155767155";"B01";"1";"7";"0";"2";"1";"1";"1";""
"202400008321";"155767158";"A01";"2";"1";"0";"2";"1";"15";"5";""
"202400008322";"155767153";"B01";"3";"50";"1";"2";"1";"1";"3";""
"202400008322";"155767154";"A01";"3";"7";"0";"2";"8";"22";"2";""
"202400008323";"155767150";"A01";"1";"17";"0";"0";"6";"2";"1";""
"202400008323";"155767151";"B01";"1";"14";"1";"0";"2";"2";"1";""
"202400008324";"155767149";"A01";"1";"7";"0";"2";"2";"9";"1";""
"202400008324";"155767152";"B01";"3";"1";"0";"2";"7";"1";"5";""
"202400008325";"155767145";"B01";"1";"32";"0";"2";"1";"3";"1";""
"202400008325";"155767147";"A01";"1";"7";"0";"2";"8";"10";"1";""
"202400008326";"155767146";"A01";"2";"2";"0";"2";"1";"1";"1";""
"202400008326";"155767148";"B01";"1";"7";"0";"2";"3";"19";"1";""
"202400008327";"155767143";"B01";"1";"7";"0";"2";"2";"0";"1";""
"202400008327";"155767144";"A01";"1";"10";"0";"0";"6";"0";"1";""
"202400008328";"155767139";"A01";"1";"14";"4";"0";"3";"0";"1";""
"202400008329";"155767138";"B01";"1";"7";"0";"2";"3";"15";"1";""
"202400008329";"155767141";"A01";"1";"31";"0";"2";"9";"17";"1";""
"202400008330";"155767136";"B01";"1";"7";"0";"2";"3";"1";"1";""
"202400008330";"155767137";"A01";"1";"7";"0";"2";"8";"13";"1";""
"202400008331";"155767135";"B01";"1";"7";"0";"2";"8";"1";"1";""
"202400008331";"155767140";"C01";"1";"7";"0";"2";"6";"23";"1";""
"202400008331";"155767142";"A01";"2";"7";"7";"2";"1";"1";"1";""
"202400008332";"155767133";"A01";"1";"7";"0";"0";"4";"0";"1";""
"202400008332";"155767134";"B01";"1";"33";"0";"2";"0";"0";"1";""
"202400008333";"155767131";"A01";"2";"7";"0";"1";"7";"0";"1";""
"202400008334";"155767130";"A01";"1";"7";"0";"9";"7";"15";"1";""
"202400008334";"155767132";"B01";"2";"1";"0";"2";"1";"1";"5";""
"202400008335";"155767129";"A01";"2";"7";"0";"1";"2";"1";"1";""
"202400008336";"155767123";"B01";"2";"39";"0";"4";"1";"1";"3";""
"202400008336";"155767127";"A01";"0";"3";"0";"4";"8";"21";"1";""
"202400008337";"155767124";"Z01";"1";"0";"0";"1";"8";"7";"0";""
"202400008338";"155767122";"A01";"1";"7";"0";"2";"3";"1";"1";""
"202400008338";"155767126";"C01";"1";"15";"0";"0";"3";"23";"1";""
"202400008338";"155767128";"B01";"1";"15";"0";"0";"8";"24";"1";""
"202400008339";"155767121";"B01";"1";"2";"0";"2";"2";"1";"1";""
"202400008339";"155767125";"A01";"1";"7";"0";"2";"3";"9";"1";""
"202400008340";"155767120";"A01";"1";"7";"2";"0";"3";"1";"1";""
"202400008341";"155767117";"A01";"2";"7";"8";"0";"3";"13";"1";""
"202400008342";"155767115";"B01";"1";"7";"0";"2";"1";"11";"1";""
"202400008342";"155767119";"A01";"1";"7";"0";"2";"1";"15";"1";""
"202400008343";"155767112";"B01";"3";"7";"0";"2";"3";"15";"1";""
"202400008343";"155767114";"A01";"2";"2";"0";"2";"2";"1";"1";""
"202400008344";"155767111";"A01";"1";"7";"0";"1";"2";"16";"1";""
"202400008345";"155767110";"A01";"2";"7";"0";"1";"1";"1";"1";""
"202400008346";"155767109";"B01";"3";"1";"0";"2";"0";"1";"5";""
"202400008346";"155767113";"A01";"2";"31";"0";"2";"1";"19";"1";""
"202400008347";"155767108";"A01";"3";"10";"0";"1";"4";"4";"1";""
"202400008348";"155767104";"A01";"3";"7";"13";"0";"1";"1";"1";""
"202400008349";"155767107";"A01";"3";"7";"0";"1";"1";"11";"1";""
"202400008350";"155767103";"A01";"1";"7";"0";"2";"2";"1";"1";""
"202400008350";"155767106";"B01";"3";"7";"0";"2";"1";"9";"1";""
"202400008351";"155767102";"A01";"2";"7";"0";"2";"1";"2";"1";""
"202400008351";"155767105";"B01";"2";"7";"0";"0";"4";"23";"1";""
"202400008352";"155767098";"A01";"3";"33";"6";"2";"1";"1";"1";""
"202400008352";"155767101";"B01";"0";"7";"0";"2";"1";"11";"2";""
"202400008353";"155767097";"A01";"3";"7";"0";"2";"1";"13";"1";""
"202400008353";"155767100";"B01";"3";"7";"0";"2";"1";"1";"1";""
"202400008354";"155767096";"A01";"2";"7";"0";"2";"1";"2";"1";""
"202400008354";"155767099";"B01";"2";"10";"0";"2";"4";"1";"1";""
"202400008355";"155767094";"A01";"2";"10";"13";"0";"2";"1";"1";""
"202400008356";"155767093";"A01";"1";"33";"0";"0";"1";"26";"1";""
"202400008357";"155767090";"A01";"1";"2";"0";"0";"4";"2";"1";""
"202400008357";"155767092";"B01";"1";"2";"0";"2";"0";"2";"1";""
"202400008358";"155767088";"B01";"3";"50";"0";"2";"1";"1";"3";""
"202400008358";"155767091";"A01";"3";"7";"0";"2";"8";"15";"1";""
"202400008359";"155767089";"A01";"2";"33";"6";"0";"3";"1";"1";""
"202400008360";"155767085";"A01";"2";"7";"0";"2";"4";"23";"1";""
"202400008360";"155767087";"B01";"2";"7";"0";"2";"1";"2";"0";""
"202400008361";"155767084";"A01";"1";"1";"0";"1";"1";"19";"5";""
"202400008362";"155767082";"B01";"2";"50";"0";"2";"2";"2";"3";""
"202400008362";"155767086";"A01";"1";"7";"0";"9";"6";"9";"1";""
"202400008363";"155767080";"A01";"3";"7";"6";"0";"8";"0";"1";""
"202400008364";"155767079";"A01";"1";"7";"0";"1";"2";"1";"1";""
"202400008365";"155767076";"B01";"3";"1";"0";"2";"7";"1";"5";""
"202400008365";"155767078";"A01";"3";"7";"0";"2";"3";"1";"1";""
"202400008366";"155767073";"B01";"1";"33";"0";"2";"1";"1";"1";""
"202400008366";"155767075";"A01";"2";"7";"0";"2";"2";"15";"2";""
"202400008367";"155767074";"B01";"1";"7";"0";"2";"1";"1";"1";""
"202400008367";"155767077";"A01";"2";"1";"0";"2";"1";"15";"5";""
"202400008368";"155767072";"A01";"3";"2";"0";"0";"7";"1";"1";""
"202400008369";"155767067";"A01";"2";"7";"0";"2";"3";"19";"1";""
"202400008369";"155767070";"B01";"1";"7";"0";"2";"1";"1";"1";""
"202400008370";"155767068";"B01";"1";"1";"0";"2";"1";"1";"5";""
"202400008370";"155767071";"A01";"1";"7";"0";"2";"8";"9";"1";""
"202400008371";"155767063";"A01";"2";"7";"0";"2";"4";"1";"1";""
"202400008371";"155767065";"C01";"2";"7";"0";"2";"1";"2";"1";""
"202400008371";"155767066";"D01";"2";"7";"0";"2";"1";"1";"2";""
"202400008371";"155767069";"B01";"2";"7";"0";"2";"4";"1";"3";""
"202400008372";"155767062";"A01";"3";"1";"0";"1";"1";"2";"5";""
"202400008373";"155767061";"A01";"1";"7";"0";"2";"8";"11";"1";""
"202400008373";"155767064";"B01";"1";"7";"0";"2";"2";"14";"0";""
"202400008374";"155767059";"A01";"0";"34";"3";"0";"3";"13";"1";""
"202400008375";"155767058";"A01";"3";"7";"0";"2";"1";"15";"1";""
"202400008375";"155767060";"B01";"3";"30";"0";"2";"2";"1";"1";""
"202400008376";"155767057";"A01";"2";"7";"0";"5";"1";"2";"1";""
"202400008377";"155767055";"A01";"3";"30";"0";"0";"0";"1";"1";""
"202400008378";"155767053";"A01";"2";"7";"7";"0";"1";"6";"1";""
"202400008379";"155767049";"A01";"1";"7";"0";"2";"6";"2";"1";""
"202400008379";"155767052";"B01";"1";"7";"0";"2";"3";"2";"1";""
"202400008379";"155767054";"Z01";"1";"7";"0";"2";"2";"11";"0";""
"202400008380";"155767047";"B01";"2";"33";"0";"2";"8";"2";"1";""
"202400008380";"155767050";"A01";"2";"7";"0";"2";"4";"1";"2";""
"202400008381";"155767048";"B01";"1";"7";"0";"2";"1";"1";"1";""
"202400008381";"155767051";"A01";"2";"7";"0";"2";"1";"1";"1";""
"202400008382";"155767044";"A01";"1";"7";"0";"2";"6";"23";"1";""
"202400008382";"155767046";"B01";"1";"33";"0";"2";"1";"12";"1";""
"202400008383";"155767043";"A01";"1";"13";"0";"1";"1";"1";"3";""
"202400008384";"155767040";"A01";"2";"33";"0";"2";"1";"1";"1";""
"202400008384";"155767041";"B01";"2";"33";"0";"2";"0";"0";"1";""
"202400008385";"155767037";"A01";"2";"10";"0";"2";"1";"1";"1";""
"202400008385";"155767039";"B01";"2";"7";"0";"2";"4";"1";"1";""
"202400008386";"155767038";"A01";"3";"10";"0";"1";"4";"25";"1";""
"202400008387";"155767034";"A01";"2";"7";"0";"2";"1";"2";"1";""
"202400008387";"155767035";"B01";"2";"17";"0";"2";"4";"2";"0";""
"202400008388";"155767030";"A01";"2";"14";"4";"0";"1";"14";"1";""
"202400008389";"155767026";"B01";"2";"33";"0";"2";"1";"3";"1";""
"202400008389";"155767027";"A01";"2";"10";"0";"2";"4";"12";"1";""
"202400008390";"155767029";"B01";"0";"7";"0";"2";"0";"0";"1";""
"202400008390";"155767032";"A01";"3";"43";"0";"2";"3";"17";"1";""
"202400008391";"155767028";"A01";"1";"7";"0";"2";"1";"2";"1";""
"202400008391";"155767031";"B01";"1";"7";"0";"2";"4";"0";"2";""
"202400008391";"155767033";"C01";"1";"7";"0";"2";"1";"21";"1";""
"202400008391";"155767036";"D01";"1";"7";"0";"2";"4";"1";"1";""
"202400008392";"155767025";"A01";"2";"34";"0";"0";"0";"15";"1";""
"202400008393";"155767022";"B01";"3";"7";"0";"2";"2";"2";"1";""
"202400008393";"155767024";"A01";"3";"7";"0";"2";"6";"23";"2";""
"202400008394";"155767021";"A01";"2";"7";"0";"2";"1";"2";"1";""
"202400008394";"155767023";"B01";"2";"17";"0";"2";"4";"2";"1";""
"202400008395";"155767019";"A01";"3";"7";"0";"2";"1";"1";"1";""
"202400008395";"155767020";"B01";"3";"1";"0";"2";"7";"19";"5";""
"202400008396";"155767018";"A01";"2";"33";"0";"0";"8";"21";"1";""
"202400008397";"155767017";"A01";"1";"2";"0";"0";"8";"1";"1";""
"202400008398";"155767015";"A01";"3";"7";"3";"0";"2";"14";"1";""
"202400008399";"155767012";"A01";"3";"7";"0";"2";"2";"12";"1";""
"202400008399";"155767013";"B01";"3";"32";"0";"2";"3";"1";"1";""
"202400008400";"155767014";"A01";"1";"7";"0";"2";"2";"9";"1";""
"202400008400";"155767016";"B01";"1";"7";"0";"2";"6";"0";"1";""
"202400008401";"155767011";"A01";"1";"33";"4";"0";"7";"1";"1";""
"202400008402";"155767009";"A01";"2";"32";"1";"0";"2";"1";"1";""
"202400008403";"155767008";"A01";"1";"7";"0";"2";"3";"16";"1";""
"202400008403";"155767010";"B01";"2";"7";"0";"2";"3";"15";"1";""
"202400008404";"155767005";"A01";"2";"7";"0";"1";"1";"1";"1";""
"202400008405";"155767006";"B01";"1";"30";"0";"2";"1";"1";"1";""
"202400008405";"155767007";"A01";"1";"7";"0";"2";"5";"24";"1";""
"202400008406";"155767003";"A01";"1";"7";"0";"2";"7";"5";"1";""
"202400008406";"155767004";"B01";"2";"7";"0";"2";"1";"26";"1";""
"202400008407";"155767001";"A01";"1";"7";"12";"0";"3";"1";"1";""
"202400008407";"155767002";"B01";"2";"17";"12";"0";"0";"1";"1";""
"202400008408";"155766999";"A01";"3";"10";"0";"2";"3";"15";"1";""
"202400008408";"155767000";"B01";"3";"34";"0";"2";"1";"2";"1";""
"202400008409";"155766997";"A01";"1";"10";"0";"2";"7";"15";"1";""
"202400008409";"155766998";"B01";"2";"34";"12";"2";"1";"1";"1";""
"202400008410";"155766994";"B01";"1";"80";"0";"2";"1";"2";"3";""
"202400008410";"155766995";"A01";"2";"14";"0";"2";"6";"4";"0";""
"202400008411";"155766996";"A01";"1";"7";"13";"0";"1";"13";"1";""
"202400008412";"155766992";"B01";"2";"50";"0";"2";"8";"1";"3";""