"Num_Acc";"id_vehicule";"num_veh";"senc";"catv";"obs";"obsm";"choc";"manv";"motor";"occutc"
"202400008412";"155766993";"A01";"1";"7";"0";"2";"3";"15";"1";""
"202400008413";"155766990";"A01";"1";"33";"0";"2";"1";"1";"1";""
"202400008413";"155766991";"B01";"1";"7";"0";"2";"4";"1";"1";""
"202400008414";"155766989";"A01";"1";"7";"6";"0";"1";"15";"1";""
"202400008415";"155766988";"A01";"3";"7";"0";"1";"1";"1";"1";""
"202400008416";"155766987";"A01";"3";"10";"0";"1";"5";"4";"1";""
"202400008417";"155766986";"Z01";"0";"7";" -1";"1";"8";"0";"0";""
"202400008418";"155766984";"A01";"1";"7";"0";"2";"1";"3";"1";""
"202400008418";"155766985";"B01";"1";"7";"0";"2";"4";"1";"1";""
"202400008419";"155766979";"A01";"1";"10";"0";"2";"1";"3";"1";""
"202400008419";"155766981";"C01";"1";"7";"0";"2";"1";"1";"1";""
"202400008419";"155766982";"B01";"1";"7";"14";"0";"1";"1";"1";""
"202400008420";"155766980";"A01";"0";"7";"0";"2";"3";"2";"1";""
"202400008420";"155766983";"B01";"0";"33";"0";"2";"1";"2";"1";""
"202400008421";"155766977";"A01";"0";"7";"9";"0";"2";"14";"1";""
"202400008422";"155766976";"A01";"1";"7";"4";"2";"1";"17";"1";""
"202400008422";"155766978";"B01";"1";"7";"0";"2";"4";"1";"1";""
"202400008423";"155766975";"A01";"1";"7";"0";"9";"1";"21";"1";""
"202400008424";"155766973";"A01";"2";"10";"0";"2";"1";"1";"1";""
"202400008424";"155766974";"B01";"2";"7";"0";"2";"4";"1";"1";""
"202400008425";"155766971";"A01";"1";"7";"0";"2";"3";"15";"1";""
"202400008425";"155766972";"B01";"1";"2";"0";"2";"1";"1";"1";""
"202400008426";"155766967";"A01";"3";"7";"0";"9";"1";"15";"1";""
"202400008426";"155766970";"B01";"3";"50";"0";"2";"3";"19";"3";""
"202400008427";"155766966";"A01";"1";"7";"0";"2";"3";"15";"1";""
"202400008427";"155766968";"B01";"1";"1";"0";"2";"1";"1";"5";""
"202400008427";"155766969";"C01";"1";"1";"0";"2";"1";"2";"5";""
"202400008428";"155766964";"A01";"3";"7";"0";"2";"1";"9";"1";""
"202400008428";"155766965";"B01";"0";"1";"0";"2";"7";"1";"5";""
"202400008429";"155766963";"A01";"1";"7";"6";"0";"1";"14";"1";""
"202400008430";"155766962";"A01";"2";"7";"4";"0";"3";"13";"1";""
"202400008431";"155766961";"A01";"3";"10";"0";"1";"0";"1";"1";""
"202400008432";"155766958";"A01";"1";"30";"0";"2";"1";"1";"1";""
"202400008432";"155766960";"B01";"1";"10";"0";"2";"7";"16";"1";""
"202400008433";"155766957";"A01";"3";"7";"0";"2";"5";"15";"1";""
"202400008433";"155766959";"B01";"3";"43";"0";"2";"1";"15";"1";""
"202400008434";"155766956";"A01";"1";"33";"0";"1";"1";"1";"1";""
"202400008435";"155766954";"A01";"1";"31";"0";"0";"0";"1";"1";""
"202400008436";"155766953";"A01";"0";"7";"0";"2";"2";"1";"1";""
"202400008436";"155766955";"B01";"2";"50";"0";"2";"7";"19";"3";""
"202400008437";"155766952";"A01";"3";"1";"0";"0";"0";"1";"5";""
"202400008438";"155766950";"A01";"2";"7";"0";"2";"1";"2";"1";""
"202400008438";"155766951";"B01";"2";"7";"0";"2";"4";"1";"2";""
"202400008439";"155766949";"A01";"1";"33";"0";"0";"7";"15";"1";""
"202400008440";"155766948";"A01";"1";"33";"0";"0";"7";"13";"1";""
"202400008441";"155766944";"A01";"2";"7";"0";"2";"1";"2";"2";""
"202400008441";"155766946";"B01";"2";"7";"0";"2";"4";"2";"2";""
"202400008442";"155766942";"A01";"3";"7";"0";"2";"5";"5";"1";""
"202400008442";"155766943";"B01";"3";"7";"0";"2";"3";"1";"3";""
"202400008442";"155766945";"C01";"3";"7";"0";"2";"1";"1";"2";""
"202400008442";"155766947";"D01";"3";"7";"0";"2";"1";"1";"1";""
"202400008443";"155766940";"A01";"1";"43";"0";"2";"3";"1";"1";""
"202400008443";"155766941";"B01";"1";"7";"0";"2";"5";"1";"3";""
"202400008444";"155766938";"A01";"1";"17";"0";"2";"2";"2";"1";""
"202400008444";"155766939";"B01";"1";"1";"8";"2";"3";"2";"5";""
"202400008445";"155766935";"A01";"1";"31";"0";"2";"8";"0";"1";""
"202400008445";"155766937";"Z01";"1";"7";"0";"2";"0";"0";"0";""
"202400008446";"155766934";"A01";"2";"7";"0";"2";"1";"2";"1";""
"202400008446";"155766936";"B01";"2";"3";"0";"0";"4";"2";"1";""
"202400008447";"155766932";"A01";"2";"33";"0";"0";"8";"1";"1";""
"202400008448";"155766931";"A01";"2";"32";"0";"2";"8";"3";"1";""
"202400008448";"155766933";"B01";"2";"7";"0";"2";"2";"12";"3";""
"202400008449";"155766929";"A01";"2";"7";"8";"0";"2";"21";"1";""
"202400008450";"155766928";"A01";"3";"32";"0";"2";"7";"17";"1";""
"202400008450";"155766930";"B01";"3";"7";"0";"2";"3";"15";"2";""
"202400008451";"155766927";"A01";"1";"7";"0";"1";"3";"1";"1";""
"202400008452";"155766925";"A01";"2";"1";"0";"2";"8";"2";"5";""
"202400008452";"155766926";"B01";"2";"10";"0";"2";"5";"2";"1";""
"202400008453";"155766924";"A01";"1";"7";"0";"1";"3";"15";"1";""
"202400008454";"155766922";"A01";"1";"1";"0";"9";"1";"1";"5";""
"202400008454";"155766923";"B01";"1";"1";"0";"9";"1";"1";"5";""
"202400008455";"155766920";"A01";"3";"7";"0";"2";"2";"19";"1";""
"202400008455";"155766921";"B01";"3";"7";"0";"2";"1";"2";"1";""
"202400008456";"155766919";"A01";"1";"7";"1";"1";"1";"1";"1";""
"202400008457";"155766915";"B01";"3";"50";"0";"2";"1";"1";"3";""
"202400008457";"155766917";"A01";"3";"10";"0";"2";"3";"15";"1";""
"202400008458";"155766916";"A01";"3";"7";"0";"9";"1";"15";"1";""
"202400008458";"155766918";"B01";"0";"1";"0";"0";"0";"0";"5";""
"202400008459";"155766913";"A01";"2";"33";"0";"2";"6";"2";"1";""
"202400008459";"155766914";"B01";"2";"7";"0";"2";"6";"2";"1";""
"202400008460";"155766912";"A01";"2";"7";"0";"1";"3";"15";"1";""
"202400008461";"155766910";"A01";"1";"7";"0";"2";"1";"1";"1";""
"202400008461";"155766911";"B01";"1";"2";"0";"2";"4";"1";"1";""
"202400008462";"155766907";"B01";"2";"7";"0";"2";"4";"2";"2";""
"202400008462";"155766909";"Z01";"2";"7";"0";"2";"1";"2";"1";""
"202400008463";"155766905";"B01";"1";"7";"0";"2";"8";"15";"1";""
"202400008463";"155766908";"A01";"3";"10";"0";"2";"1";"1";"1";""
"202400008464";"155766904";"A01";"2";"31";"0";"2";"7";"18";"1";""
"202400008464";"155766906";"B01";"2";"33";"0";"0";"8";"2";"1";""
"202400008465";"155766901";"A01";"1";"33";"0";"2";"2";"17";"1";""
"202400008465";"155766903";"B01";"1";"10";"0";"2";"6";"21";"1";""
"202400008466";"155766899";"A01";"1";"15";"0";"2";"1";"1";"1";""
"202400008466";"155766900";"B01";"3";"7";"0";"2";"1";"1";"1";""
"202400008466";"155766902";"C01";"3";"15";"0";"2";"1";"1";"1";""
"202400008467";"155766898";"A01";"0";"1";"9";"1";"1";"1";"5";""
"202400008468";"155766897";"A01";"3";"7";"0";"0";"1";"1";" -1";""
"202400008469";"155766896";"A01";"2";"7";"9";"0";"9";"1";"1";""
"202400008470";"155766894";"A01";"3";"7";"0";"2";"7";"1";"1";""
"202400008470";"155766895";"B01";"3";"7";"0";"2";"3";"13";"1";""
"202400008471";"155766893";"A01";"1";"37";"0";"1";"1";"1";"1";"1"
"202400008472";"155766892";"A01";"1";"38";"0";"1";"2";"1";"1";"5"
"202400008473";"155766889";"A01";"1";"7";"0";"2";"1";"17";"1";""
"202400008473";"155766891";"B01";"2";"33";"0";"2";"1";"1";"1";""
"202400008474";"155766888";"B01";"2";"7";"0";"2";"2";"15";"1";""
"202400008474";"155766890";"A01";"1";"31";"0";"2";"1";"1";"1";""
"202400008475";"155766884";"A01";"2";"43";"0";"1";"8";"19";"1";""
"202400008476";"155766883";"A01";"2";"17";"0";"2";"7";"12";"1";""
"202400008476";"155766886";"B01";"2";"7";"0";"2";"8";"1";"1";""
"202400008477";"155766881";"A01";"0";"7";"0";"9";"8";"26";"1";""
"202400008477";"155766885";"B01";"0";"50";"0";"2";"2";"26";"3";""
"202400008478";"155766880";"B01";"2";"1";"0";"2";"2";"1";"5";""
"202400008478";"155766882";"A01";"2";"7";"0";"9";"3";"20";"2";""
"202400008479";"155766877";"A01";"2";"33";"1";"0";"1";"26";"1";""
"202400008480";"155766878";"A01";"1";"30";"0";"2";"1";"0";"1";""
"202400008480";"155766879";"B01";"1";"7";"0";"0";"0";"0";"1";""
"202400008481";"155766875";"B01";"1";"7";"0";"2";"3";"1";"2";""
"202400008481";"155766876";"A01";"2";"80";"0";"2";"1";"19";"3";""
"202400008482";"155766874";"A01";"1";"7";"0";"1";"1";"19";"1";""
"202400008483";"155766873";"A01";"3";"50";"0";"1";"8";"7";"3";""
"202400008484";"155766870";"A01";"1";"7";"0";"2";"5";"15";"1";""
"202400008484";"155766871";"B01";"2";"2";"0";"2";"1";"1";"1";""
"202400008485";"155766872";"A01";"1";"3";"0";"1";"2";"1";"3";""
"202400008486";"155766868";"A01";"1";"31";"0";"2";"1";"1";"1";""
"202400008486";"155766869";"B01";"1";"31";"0";"2";"4";"23";"1";""
"202400008487";"155766866";"A01";"1";"7";"0";"1";"2";"1";"1";""
"202400008488";"155766865";"A01";"1";"7";"0";"2";"5";"24";"2";""
"202400008488";"155766867";"B01";"1";"43";"1";"2";"3";"1";"1";""
"202400008489";"155766863";"A01";"1";"7";"0";"1";"1";"16";"1";""
"202400008490";"155766862";"A01";"2";"10";"0";"2";"8";"9";"1";""
"202400008490";"155766864";"B01";"2";"2";"0";"2";"1";"1";"1";""
"202400008491";"155766859";"A01";"1";"7";"0";"2";"1";"2";"1";""
"202400008491";"155766861";"B01";"1";"50";"0";"0";"0";"0";"3";""
"202400008492";"155766857";"A01";"1";"7";"0";"2";"2";"1";"1";""
"202400008492";"155766860";"B01";"2";"50";"0";"2";"1";"1";"3";""
"202400008493";"155766856";"A01";"1";"31";"0";"2";"1";"1";"1";""
"202400008493";"155766858";"B01";"2";"7";"0";"2";"5";"15";"2";""
"202400008494";"155766853";"A01";"1";"10";"0";"2";"7";"2";"1";""
"202400008494";"155766854";"B01";"3";"50";"0";"2";"1";"0";"3";""
"202400008495";"155766851";"A01";"1";"10";"8";"2";"1";"1";"1";""
"202400008495";"155766855";"B01";"3";"7";"8";"2";"8";"19";"1";""
"202400008496";"155766850";"A01";"2";"7";"1";"2";"1";"26";"1";""
"202400008496";"155766852";"B01";"2";"1";"12";"2";"4";"1";"5";""
"202400008497";"155766849";"A01";"1";"7";"1";"0";"2";"0";"1";""
"202400008498";"155766848";"A01";"1";"7";"6";"0";"2";"1";"3";""
"202400008499";"155766845";"A01";"1";"7";"6";"0";"1";"26";"1";""
"202400008500";"155766843";"A01";"3";"10";"0";"2";"1";"15";"0";""
"202400008500";"155766844";"B01";"0";"7";"0";"2";"4";"15";"0";""
"202400008501";"155766841";"B01";"1";"50";"0";"2";"3";"2";"3";""
"202400008501";"155766842";"A01";"1";"10";"0";"2";"2";"2";"1";""
"202400008502";"155766838";"A01";"1";"1";"0";"2";"7";"1";"5";""
"202400008502";"155766840";"B01";"1";"7";"0";"2";"1";"15";"1";""
"202400008503";"155766836";"B01";"2";"7";"0";"2";"4";"2";"1";""
"202400008503";"155766837";"A01";"2";"7";"0";"2";"1";"2";"1";""
"202400008504";"155766835";"A01";"3";"7";"0";"2";"2";"1";"2";""
"202400008504";"155766839";"B01";"0";"7";"0";"2";"8";"15";"1";""
"202400008505";"155766832";"B01";"1";"7";"0";"2";"1";"1";"1";""
"202400008505";"155766834";"A01";"1";"10";"0";"2";"0";"0";"1";""
"202400008506";"155766831";"B01";"0";"33";"0";"2";"1";"1";"1";""
"202400008506";"155766833";"A01";"0";"7";"0";"2";"2";"9";"2";""
"202400008507";"155766829";"P01";"0";"99";"0";"2";"3";"0";"0";""
"202400008507";"155766830";"A01";"0";"7";"0";"2";"1";"1";"2";""
"202400008508";"155766827";"A01";"0";"50";"0";"0";"0";"25";"3";""
"202400008509";"155766826";"A01";"1";"7";"0";"2";"1";"13";"1";""
"202400008509";"155766828";"B01";"2";"7";"0";"2";"3";"0";"0";""
"202400008510";"155766820";"B01";"1";"7";"0";"2";"4";"1";"1";""
"202400008510";"155766821";"A01";"1";"7";"14";"0";"1";"1";"1";""
"202400008511";"155766818";"A01";"1";"7";"0";"2";"5";"15";"0";""
"202400008511";"155766822";"B01";"1";"7";"0";"2";"1";"1";"2";""
"202400008511";"155766825";"C01";"2";"7";"0";"2";"8";"1";"1";""
"202400008512";"155766817";"A01";"1";"50";"0";"2";"1";"5";"3";""
"202400008512";"155766819";"B01";"1";"7";"0";"2";"3";"15";"1";""
"202400008513";"155766815";"A01";"2";"33";"0";"9";"8";"17";"1";""
"202400008513";"155766816";"B01";"2";"1";"0";"2";"3";"15";"5";""
"202400008514";"155766811";"A01";"2";"7";"0";"2";"1";"9";"1";""
"202400008514";"155766814";"B01";"1";"33";"0";"2";"7";"1";"1";""
"202400008515";"155766812";"B01";"2";"30";"0";"2";"4";"2";"1";""
"202400008515";"155766813";"A01";"2";"7";"0";"2";"1";"2";"3";""
"202400008516";"155766807";"A01";" -1";"2";"0";"0";"1";"1";" -1";""
"202400008517";"155766803";"A01";"1";"7";"0";"2";"1";"2";"1";""
"202400008517";"155766806";"B01";"1";"7";"0";"2";"4";"2";"1";""
"202400008517";"155766809";"D01";"1";"7";"0";"2";"4";"2";"1";""
"202400008517";"155766810";"C01";"1";"7";"0";"2";"4";"2";"1";""
"202400008518";"155766802";"A01";"1";"7";"0";"2";"1";"13";"1";""
"202400008518";"155766804";"D01";"2";"7";"0";"2";"3";"1";"1";""
"202400008518";"155766805";"B01";"2";"7";"0";"2";"6";"1";"2";""
"202400008518";"155766808";"C01";"1";"10";"0";"2";"6";"1";"1";""
"202400008519";"155766797";"B01";"3";"1";"0";"2";"1";"1";"5";""
"202400008519";"155766799";"A01";"3";"7";"0";"2";"4";"20";"1";""
"202400008520";"155766796";"A01";"2";"7";"0";"0";"1";"1";"1";""
"202400008521";"155766792";"B01";"2";"7";"0";"2";"2";"1";"1";""
"202400008521";"155766794";"A01";"2";"7";"12";"2";"2";"13";"1";""
"202400008522";"155766793";"B01";"1";"1";"0";"2";"1";"1";"5";""
"202400008522";"155766795";"A01";"1";"7";"0";"9";"2";"15";"1";""
"202400008523";"155766791";"A01";"1";"10";"0";"1";"1";"1";"1";""
"202400008524";"155766789";"A01";"1";"2";"0";"2";"3";"1";"1";""
"202400008524";"155766790";"B01";"1";"7";"0";"2";"3";"1";"1";""
"202400008525";"155766788";"A01";"1";"7";"0";"1";"2";"26";"1";""
"202400008526";"155766786";"A01";"2";"2";"16";"9";"1";"1";"1";""
"202400008527";"155766785";"A01";"1";"10";"0";"9";"5";"14";"1";""
"202400008527";"155766787";"B01";"1";"99";"9";"2";"1";"1";"3";""
"202400008528";"155766783";"A01";"1";"7";"4";"0";"3";"13";"1";""
"202400008529";"155766782";"B01";"3";"10";"0";"2";"4";"1";"1";""
"202400008529";"155766784";"A01";"3";"7";"0";"2";"1";"1";"1";""
"202400008530";"155766781";"A01";"2";"1";"0";"0";"1";"1";"5";""
"202400008531";"155766779";"B01";"1";"7";"0";"2";"1";"1";"1";""
"202400008531";"155766780";"A01";"2";"7";"0";"2";"1";"13";"1";""
"202400008532";"155766778";"A01";"3";"7";"13";"0";"1";"1";"1";""
"202400008533";"155766775";"A01";"1";"2";"0";"0";"0";"1";"1";""
"202400008534";"155766774";"A01";"1";"7";"0";"2";"4";"2";"1";""
"202400008534";"155766776";"B01";"1";"7";"0";"2";"4";"1";"1";""
"202400008534";"155766777";"C01";"1";"7";"0";"2";"0";"0";"1";""
"202400008535";"155766773";"A01";"3";"37";"0";"1";"2";"15";"3";"1"
"202400008536";"155766772";"A01";"3";"99";"0";"0";"0";"0";"1";""
"202400008537";"155766771";"A01";"1";"33";"0";"1";"1";"1";"1";""
"202400008538";"155766769";"A01";"1";"7";"0";"1";"1";"1";"1";""
"202400008539";"155766767";"A01";"3";"7";"0";"1";"2";"1";"2";""
"202400008540";"155766766";"A01";"1";"7";"0";"2";"4";"11";"1";""
"202400008540";"155766768";"B01";"1";"7";"0";"2";"1";"1";"2";""
"202400008541";"155766765";"A01";"3";"1";"0";"0";"1";"13";"5";""
"202400008542";"155766764";"A01";"1";"32";"0";"1";"7";"2";"3";""
"202400008543";"155766763";"A01";"1";"7";"0";"0";"9";"15";"1";""
"202400008544";"155766760";"B01";"1";"34";"12";"2";"8";"21";"1";""
"202400008544";"155766762";"A01";"1";"7";"0";"2";"5";"15";"1";""
"202400008545";"155766759";"B01";"3";"33";"0";"2";"1";"1";"1";""
"202400008545";"155766761";"A01";"3";"7";"16";"0";"8";"15";"1";""
"202400008546";"155766756";"A01";"2";"7";"0";"2";"4";"23";"1";""
"202400008546";"155766757";"B01";"2";"50";"14";"0";"1";"1";"3";""
"202400008547";"155766753";"A01";"3";"10";"0";"2";"1";"12";"0";""
"202400008547";"155766755";"B01";"3";"34";"0";"0";"1";"1";"1";""
"202400008548";"155766752";"A01";"1";"7";"0";"0";"1";"16";"1";""
"202400008549";"155766750";"A01";"3";"7";"0";"0";"0";"1";"1";""
"202400008550";"155766749";"A01";"2";"7";"2";"0";"2";"5";"1";""
"202400008551";"155766748";"A01";"3";"7";"0";"2";"2";"15";"1";""
"202400008551";"155766751";"B01";"2";"7";"0";"2";"1";"1";"1";""
"202400008552";"155766745";"A01";"1";"7";"6";"0";"1";"14";"1";""
"202400008553";"155766746";"A01";"1";"7";"0";"2";"1";"5";"2";""
"202400008553";"155766747";"B01";"2";"37";"0";"2";"3";"0";"1";"1"
"202400008554";"155766744";"A01";"3";"7";"16";"0";"0";"1";"1";""
"202400008555";"155766742";"A01";"2";"7";"13";"0";"2";"1";"1";""
"202400008556";"155766741";"Z01";"1";"7";"0";"2";"1";"13";"0";""
"202400008556";"155766743";"A01";"2";"1";"0";"2";"1";"19";"5";""
"202400008557";"155766739";"B01";"3";"1";"0";"2";"1";"19";"5";""
"202400008557";"155766740";"A01";"3";"7";"0";"2";"3";"1";"1";""
"202400008558";"155766735";"A01";"1";"7";"0";"2";"8";"22";"1";""
"202400008558";"155766737";"B01";"1";"1";"0";"2";"0";"7";"5";""
"202400008559";"155766733";"A01";"2";"7";"0";"2";"5";"23";"1";""
"202400008559";"155766736";"B01";"2";"7";"0";"2";"3";"1";"1";""
"202400008559";"155766738";"C01";"2";"7";"3";"0";"1";"1";"1";""
"202400008560";"155766732";"A01";"2";"7";"2";"0";"0";"1";"1";""
"202400008561";"155766731";"B01";"2";"7";"10";"2";"1";"1";"1";""
"202400008561";"155766734";"A01";"3";"10";"7";"2";"7";"19";"1";""
"202400008562";"155766730";"A01";"2";"50";"0";"1";"1";"1";"3";""
"202400008563";"155766729";"A01";"2";"7";"13";"0";"1";"1";"1";""
"202400008564";"155766728";"A01";"2";"33";"6";"0";"1";"14";"1";""
"202400008565";"155766727";"A01";"1";"7";"0";"1";"1";"1";"1";""
"202400008566";"155766725";"A01";"1";"33";"1";"0";"1";"1";"1";""
"202400008567";"155766724";"B01";"1";"7";"0";"2";"3";"13";"1";""
"202400008567";"155766726";"A01";"1";"7";"0";"2";"3";"0";"1";""
"202400008568";"155766723";"A01";"1";"80";"0";"1";"1";"1";"3";""
"202400008569";"155766720";"A01";"2";"7";"0";"2";"1";"13";"1";""
"202400008569";"155766721";"B01";"1";"7";"2";"2";"3";"1";"2";""
"202400008570";"155766719";"A01";"0";"7";"0";"2";"3";"13";"1";""
"202400008570";"155766722";"B01";"0";"7";"0";"2";"3";"1";"1";""
"202400008571";"155766717";"A01";"2";"7";"0";"2";"8";"22";"1";""
"202400008571";"155766718";"B01";"2";"1";"0";"2";"1";"1";"5";""
"202400008572";"155766714";"A01";"1";"7";"0";"2";"1";"17";"1";""
"202400008572";"155766715";"B01";"2";"7";"0";"2";"1";"1";"1";""
"202400008573";"155766713";"A01";"2";"7";"0";"2";"1";"13";"1";""
"202400008573";"155766716";"B01";"1";"7";"0";"2";"1";"1";"1";""
"202400008574";"155766712";"A01";"1";"7";"7";"0";"1";"1";"1";""
"202400008575";"155766710";"A01";"2";"7";"0";"1";"1";"1";"0";""
"202400008576";"155766711";"A01";"2";"7";"0";"1";"3";"1";"1";""
"202400008577";"155766706";"B01";"3";"33";"0";"2";"2";"17";"1";""
"202400008577";"155766709";"A01";"3";"7";"0";"2";"3";"10";"1";""
"202400008578";"155766705";"A01";"3";"2";"0";"2";"3";"1";"1";""
"202400008578";"155766707";"B01";"3";"21";"0";"2";"6";"1";"1";""
"202400008579";"155766703";"A01";"1";"7";"0";"2";"3";"1";"1";""
"202400008579";"155766704";"B01";"2";"7";"0";"2";"1";"1";"1";""
"202400008579";"155766708";"C01";"1";"7";"0";"2";"2";"9";"1";""
"202400008580";"155766700";"B01";"0";"33";"0";"2";"1";"1";"1";""
"202400008580";"155766702";"A01";"0";"7";"0";"2";"3";"15";"1";""
"202400008581";"155766699";"B01";"1";"7";"0";"2";"3";"1";"2";""
"202400008581";"155766701";"A01";"2";"7";"0";"2";"3";"13";"1";""
"202400008582";"155766698";"A01";"1";"7";"0";"1";"2";"1";"1";""
"202400008583";"155766695";"B01";"1";"7";"0";"2";"3";"15";"1";""
"202400008583";"155766697";"A01";"1";"30";"0";"2";"2";"17";"1";""
"202400008584";"155766692";"A01";"1";"7";"0";"2";"3";"17";"1";""
"202400008584";"155766696";"B01";"2";"7";"0";"2";"3";"1";"1";""
"202400008585";"155766691";"A01";"2";"7";"12";"2";"1";"15";"1";""
"202400008585";"155766693";"B01";"1";"32";"0";"2";"1";"1";"1";""
"202400008586";"155766690";"A01";"1";"10";"0";"2";"1";"1";"1";""
"202400008586";"155766694";"B01";"2";"7";"0";"2";"8";"1";"1";""
"202400008587";"155766688";"A01";"2";"7";"0";"1";"2";"1";"1";""
"202400008588";"155766686";"Z01";"2";"7";"0";"2";"1";"1";"1";""
"202400008588";"155766687";"A01";"2";"7";"0";"2";"4";"1";"1";""
"202400008589";"155766685";"A01";"1";"2";"0";"2";"1";"1";"1";""
"202400008589";"155766689";"B01";"1";"7";"0";"2";"2";"19";"2";""
"202400008590";"155766683";"A01";"2";"7";"0";"2";"1";"5";"1";""
"202400008590";"155766684";"B01";"1";"15";"0";"2";"1";"1";"1";""
"202400008591";"155766681";"A01";"1";"7";"0";"1";"1";"1";"1";""
"202400008592";"155766680";"A01";"1";"33";"0";"2";"1";"17";"1";""
"202400008592";"155766682";"B01";"1";"7";"0";"2";"3";"15";"1";""
"202400008593";"155766679";"A01";"2";"7";"0";"0";"2";"14";"1";""
"202400008594";"155766676";"A01";"2";"7";"0";"2";"3";"20";"1";""
"202400008594";"155766677";"B01";"2";"30";"0";"2";"7";"1";"1";""
"202400008595";"155766675";"A01";"0";"32";"0";"2";"5";"17";"1";""
"202400008595";"155766678";"B01";"0";"7";"0";"0";"6";"15";"1";""
"202400008596";"155766674";"A01";"3";"7";"13";"0";"2";"15";"1";""
"202400008597";"155766672";"A01";"3";"7";"0";"2";"3";"15";"1";""
"202400008597";"155766673";"B01";"1";"1";"0";"2";"0";"0";"5";""
"202400008598";"155766671";"A01";"2";"2";"0";"0";"0";"10";"1";""
"202400008599";"155766670";"A01";"1";"7";"13";"0";"1";"1";"1";""
"202400008600";"155766667";"A01";"1";"7";"0";"2";"2";"15";"1";""
"202400008600";"155766669";"B01";"1";"7";"0";"2";"7";"1";"1";""
"202400008601";"155766662";"A01";"2";"7";"0";"2";"6";"1";"1";""
"202400008601";"155766665";"B01";"2";"7";"0";"2";"3";"1";"1";""
"202400008601";"155766668";"C01";"1";"7";"2";"2";"1";"1";"1";""
"202400008602";"155766664";"A01";"1";"2";"0";"0";"0";"1";"1";""
"202400008602";"155766666";"B01";"2";"1";"0";"0";"0";"19";"5";""
"202400008603";"155766663";"A01";"3";"32";"0";"1";"0";"0";"1";""
"202400008604";"155766661";"A01";"1";"32";"11";"0";"1";"6";"1";""
"202400008605";"155766660";"A01";"2";"7";"13";"0";"3";"1";"1";""
"202400008606";"155766656";"A01";"1";"7";"0";"2";"1";"2";"0";""
"202400008606";"155766658";"B01";"1";"7";"0";"2";"4";"2";"0";""
"202400008607";"155766657";"A01";"1";"7";"0";"2";"3";"0";"1";""
"202400008607";"155766659";"B01";"2";"7";"0";"2";"3";"0";"1";""
"202400008608";"155766655";"A01";"3";"2";"0";"1";"1";"5";"1";""
"202400008609";"155766652";"A01";"0";"7";"1";"1";"1";"15";"0";""
"202400008610";"155766650";"A01";"0";"7";"0";"9";"2";"17";"1";""
"202400008610";"155766651";"B01";"0";"1";"0";"2";"4";"26";"5";""
"202400008610";"155766653";"C01";"0";"1";"0";"0";"4";"1";"5";""
"202400008611";"155766649";"A01";"1";"33";"0";"2";"2";"1";"1";""
"202400008611";"155766654";"B01";"2";"7";"0";"2";"3";"15";"1";""
"202400008612";"155766648";"A01";"3";"7";"0";"1";"4";"4";"1";""
"202400008613";"155766646";"A01";"1";"7";"0";"0";"9";"1";"1";""
"202400008614";"155766645";"A01";"1";"1";"0";"2";"7";"19";"5";""
"202400008614";"155766647";"B01";"1";"7";"0";"2";"1";"1";"1";""
"202400008615";"155766644";"A01";"3";"1";"11";"0";"1";"1";"5";""
"202400008616";"155766640";"B01";"2";"15";"0";"2";"2";"21";"5";""
"202400008616";"155766641";"A01";"1";"7";"0";"2";"2";"13";"1";""
"202400008617";"155766639";"A01";"1";"7";"0";"2";"1";"2";"1";""
"202400008617";"155766642";"B01";"1";"17";"0";"2";"5";"2";"1";""
"202400008618";"155766638";"B01";"3";"1";"0";"2";"1";"16";"5";""
"202400008618";"155766643";"A01";"3";"7";"0";"2";"3";"9";"1";""
"202400008619";"155766637";"A01";"2";"33";"0";"0";"8";"1";"0";""
"202400008620";"155766636";"A01";"2";"7";"2";"0";"7";"0";"1";""
"202400008621";"155766635";"A01";"1";"7";"2";"0";"1";"1";"1";""
"202400008622";"155766632";"A01";"2";"7";"0";"0";"5";"15";"1";""
"202400008622";"155766634";"B01";"2";"2";"0";"2";"1";"1";"1";""
"202400008623";"155766629";"B01";"1";"7";"0";"2";"1";"5";"1";""
"202400008623";"155766631";"C01";"2";"17";"1";"0";"3";"1";"1";""
"202400008623";"155766633";"A01";"2";"7";"0";"2";"1";"1";"1";""
"202400008624";"155766628";"B01";"1";"7";"0";"1";"4";"1";"1";""
"202400008624";"155766630";"MA01";"1";"7";"0";"2";"1";"26";"1";""
"202400008625";"155766625";"A01";"2";"7";"0";"2";"1";"19";"2";""
"202400008625";"155766627";"B01";"2";"7";"0";"0";"6";"1";"1";""
"202400008626";"155766624";"A01";"0";"7";"0";"2";"3";"9";"1";""
"202400008626";"155766626";"B01";"2";"33";"0";"2";"1";"17";"1";""
"202400008627";"155766622";"A01";"1";"7";"0";"2";"1";"1";"1";""
"202400008627";"155766623";"B01";"2";"10";"0";"2";"1";"1";"1";""
"202400008628";"155766621";"A01";"0";"36";"0";"0";"0";"0";"1";""
"202400008629";"155766620";"A01";"3";"7";"0";"1";"7";"1";"1";""
"202400008630";"155766618";"A01";"2";"7";"0";"0";"0";"0";"2";""
"202400008631";"155766617";"A01";"0";"7";"0";"0";"6";"1";"1";""
"202400008631";"155766619";"B01";"0";"2";"0";"2";"3";"0";"1";""
"202400008632";"155766616";"A01";"2";"7";"13";"0";"9";"1";"1";""