"Num_Acc";"id_vehicule";"num_veh";"senc";"catv";"obs";"obsm";"choc";"manv";"motor";"occutc"
"202400008633";"155766615";"A01";"1";"10";"2";"0";"1";"14";"1";""
"202400008634";"155766612";"A01";"1";"10";"0";"2";"3";"20";"1";""
"202400008634";"155766614";"B01";"1";"17";"0";"2";"2";"1";"1";""
"202400008635";"155766611";"B01";"1";"33";"0";"2";"1";"15";"1";""
"202400008635";"155766613";"A01";"1";"10";"0";"2";"9";"1";"1";""
"202400008636";"155766610";"A01";"1";"7";"2";"0";"3";"0";"1";""
"202400008637";"155766609";"A01";"1";"2";"0";"0";"0";"16";"1";""
"202400008638";"155766606";"B01";"2";"2";"0";"2";"1";"2";"0";""
"202400008638";"155766608";"A01";"2";"7";"0";"0";"4";"16";"1";""
"202400008639";"155766605";"A01";"1";"2";"0";"0";"7";"1";"1";""
"202400008639";"155766607";"B01";"1";"7";"0";"2";"1";"19";"1";""
"202400008640";"155766604";"A01";"2";"7";"1";"1";"1";"20";"1";""
"202400008641";"155766602";"A01";"2";"7";"3";"2";"6";"1";"1";""
"202400008641";"155766603";"B01";"2";"7";"0";"2";"2";"1";"1";""
"202400008642";"155766601";"A01";"1";"7";"0";"1";"1";"1";"1";""
"202400008643";"155766598";"A01";"1";"7";"0";"2";"3";"15";"1";""
"202400008643";"155766600";"B01";"2";"2";"0";"2";"1";"1";"1";""
"202400008644";"155766596";"A01";"2";"33";"0";"0";"3";"1";"1";""
"202400008644";"155766599";"B01";"2";"7";"0";"2";"7";"12";"1";""
"202400008645";"155766595";"A01";"2";"7";"0";"2";"1";"13";"1";""
"202400008645";"155766597";"B01";"1";"7";"0";"2";"1";"1";"1";""
"202400008646";"155766593";"A01";"3";"1";"0";"9";"7";"1";"5";""
"202400008646";"155766594";"B01";"3";"1";"0";"9";"8";"1";"5";""
"202400008647";"155766592";"A01";"2";"7";"6";"0";"1";"0";"1";""
"202400008648";"155766590";"A01";"1";"7";"0";"0";"5";"1";"3";""
"202400008648";"155766591";"B01";"2";"33";"0";"2";"3";"3";"1";""
"202400008649";"155766587";"A01";" -1";"10";"0";"2";"5";"14";"1";""
"202400008649";"155766589";"B01";" -1";"80";"0";"2";"1";"9";"3";""
"202400008650";"155766585";"B01";"2";"10";"0";"2";"8";"1";"1";""
"202400008650";"155766588";"A01";"1";"7";"0";"2";"1";"1";"1";""
"202400008651";"155766583";"B01";"2";"7";"3";"0";"9";"21";"1";""
"202400008651";"155766586";"A01";"2";"7";"4";"0";"3";"21";"2";""
"202400008652";"155766580";"A01";"1";"7";"0";"2";"3";"13";"2";""
"202400008652";"155766581";"B01";"2";"17";"0";"2";"3";"1";"1";""
"202400008653";"155766578";"A01";"1";"33";"0";"2";"1";"2";"1";""
"202400008653";"155766579";"B01";"1";"7";"0";"0";"4";"1";"1";""
"202400008654";"155766574";"B01";"1";"1";"3";"0";"8";"1";"5";""
"202400008654";"155766575";"A01";"1";"21";"0";"0";"7";"17";"1";""
"202400008655";"155766573";"A01";"2";"7";"13";"0";"1";"1";"1";""
"202400008656";"155766576";"B01";"2";"7";"4";"2";"4";"1";"1";""
"202400008656";"155766577";"A01";"2";"7";"0";"2";"1";"1";"6";""
"202400008657";"155766570";"B01";"1";"10";"0";"2";"1";"15";"1";""
"202400008657";"155766572";"A01";"2";"7";"0";"2";"2";"1";"1";""
"202400008658";"155766569";"A01";"1";"7";"0";"2";"3";"13";"1";""
"202400008658";"155766571";"B01";"2";"10";"0";"2";"3";"1";"1";""
"202400008659";"155766567";"A01";"0";"34";"0";"9";"1";"26";"1";""
"202400008659";"155766568";"B01";"2";"7";"0";"0";"0";"1";"1";""
"202400008660";"155766566";"A01";"0";"7";"16";"0";"0";"1";"1";""
"202400008661";"155766564";"A01";"3";"7";"0";"2";"3";"17";"0";""
"202400008661";"155766565";"B01";"3";"2";"0";"2";"1";"17";"1";""
"202400008662";"155766561";"A01";"1";"7";"0";"2";"3";"13";"1";""
"202400008662";"155766562";"B01";"2";"33";"0";"2";"1";"13";"1";""
"202400008663";"155766559";"B01";"1";"50";"0";"0";"4";"1";"3";""
"202400008663";"155766563";"Z01";"1";"7";"8";"2";"1";"1";"0";""
"202400008664";"155766558";"A01";"3";"32";"0";"2";"7";"1";"1";""
"202400008664";"155766560";"B01";"3";"3";"0";"2";"1";"0";"3";""
"202400008665";"155766557";"A01";"2";"7";"0";"1";"2";"1";"2";""
"202400008666";"155766554";"A01";"3";"32";"0";"2";"1";"1";"1";""
"202400008666";"155766555";"B01";"3";"7";"0";"2";"3";"16";"1";""
"202400008667";"155766552";"A01";"3";"33";"0";"0";"1";"14";"1";""
"202400008668";"155766553";"A01";"2";"10";"0";"2";"4";"2";"1";""
"202400008668";"155766556";"Z01";"2";"7";"0";"2";"1";"1";"0";""
"202400008669";"155766548";"A01";"1";"15";"0";"2";"2";"1";"1";""
"202400008669";"155766551";"B01";"2";"7";"0";"2";"1";"13";"1";""
"202400008670";"155766547";"A01";"1";"7";"0";"2";"3";"2";"1";""
"202400008670";"155766550";"B01";"2";"7";"0";"2";"3";"1";"1";""
"202400008671";"155766549";"A01";"1";"7";"0";"1";"3";"1";"2";""
"202400008672";"155766545";"A01";"1";"2";"1";"0";"3";"2";"1";""
"202400008673";"155766542";"C01";"2";"7";"0";"2";"2";"17";"1";""
"202400008673";"155766544";"A01";"2";"7";"0";"2";"2";"13";"1";""
"202400008673";"155766546";"B01";"2";"7";"0";"2";"9";"1";"2";""
"202400008674";"155766541";"A01";"2";"31";"0";"2";"1";"1";"1";""
"202400008674";"155766543";"B01";"1";"1";"0";"2";"3";"15";"5";""
"202400008675";"155766540";"A01";"1";"7";"15";"0";"1";"0";"1";""
"202400008676";"155766537";"A01";"0";"80";"0";"2";"5";"19";"3";""
"202400008676";"155766539";"B01";"0";"1";"0";"0";"5";"1";"5";""
"202400008677";"155766536";"A01";"2";"7";"4";"2";"8";"1";"1";""
"202400008677";"155766538";"B01";"2";"7";"4";"2";"4";"1";"1";""
"202400008678";"155766535";"A01";"1";"33";"0";"0";"1";"1";"1";""
"202400008679";"155766531";"A01";"1";"34";"0";"2";"7";"15";"1";""
"202400008679";"155766533";"B01";"1";"38";"0";"2";"8";"15";"1";"1"
"202400008680";"155766529";"A01";"2";"7";"0";"2";"3";"2";"1";""
"202400008680";"155766530";"B01";"2";"33";"9";"2";"2";"2";"1";""
"202400008681";"155766527";"B01";"3";"10";"0";"2";"4";"1";"2";""
"202400008681";"155766528";"A01";"3";"7";"0";"2";"1";"2";"1";""
"202400008682";"155766525";"A01";"3";"7";"0";"2";"1";"1";"2";""
"202400008682";"155766526";"B01";"3";"7";"0";"2";"4";"23";"1";""
"202400008683";"155766532";"A01";"1";"7";"0";"2";"1";"19";"1";""
"202400008683";"155766534";"B01";"2";"7";"0";"2";"3";"1";"1";""
"202400008684";"155766523";"A01";"2";"7";"0";"2";"1";"1";"1";""
"202400008684";"155766524";"B01";"2";"7";"0";"2";"4";"23";"1";""
"202400008685";"155766520";"B01";"2";"1";"0";"2";"1";"5";"5";""
"202400008685";"155766521";"A01";"1";"7";"0";"9";"1";"1";"1";""
"202400008686";"155766518";"A01";"1";"7";"0";"2";"4";"1";"1";""
"202400008686";"155766522";"Z01";"1";"7";"0";"2";"1";"1";"1";""
"202400008687";"155766514";"A01";"1";"7";"0";"2";"5";"17";"1";""
"202400008687";"155766517";"B01";"1";"1";"0";"2";"3";"1";"5";""
"202400008688";"155766513";"A01";"1";"7";"0";"2";"1";"9";"1";""
"202400008688";"155766516";"B01";"1";"7";"0";"2";"2";"1";"1";""
"202400008689";"155766512";"A01";"3";"50";"0";"2";"1";"26";"3";""
"202400008689";"155766515";"B01";"3";"7";"0";"2";"3";"1";"1";""
"202400008690";"155766510";"A01";"3";"33";"0";"0";"0";"0";"1";""
"202400008691";"155766509";"B01";"2";"50";"0";"2";"1";"1";"3";""
"202400008691";"155766511";"A01";"1";"10";"0";"9";"2";"15";"1";""
"202400008692";"155766507";"A01";"1";"43";"0";"2";"4";"23";"1";""
"202400008692";"155766508";"B01";"1";"10";"0";"2";"1";"2";"1";""
"202400008693";"155766505";"A01";"1";"2";"0";"0";"0";"1";"3";""
"202400008694";"155766504";"A01";"2";"7";"0";"9";"3";"22";"1";""
"202400008694";"155766506";"B01";"2";"1";"1";"0";"2";"25";"5";""
"202400008695";"155766501";"A01";"2";"7";"0";"2";"3";"15";"1";""
"202400008695";"155766503";"B01";"2";"2";"0";"2";"1";"1";"3";""
"202400008696";"155766499";"A01";"1";"7";"0";"2";"3";"5";"1";""
"202400008696";"155766502";"B01";"2";"7";"0";"2";"3";"1";"1";""
"202400008697";"155766498";"A01";"1";"7";"8";"2";"6";"13";"1";""
"202400008697";"155766500";"B01";"1";"7";"0";"2";"1";"1";"1";""
"202400008698";"155766494";"B01";"2";"7";"0";"2";"1";"1";"1";""
"202400008698";"155766496";"A01";"1";"7";"2";"2";"1";"1";"1";""
"202400008699";"155766493";"A01";"1";"7";"0";"2";"2";"15";"1";""
"202400008699";"155766495";"B01";"2";"7";"0";"2";"1";"1";"1";""
"202400008699";"155766497";"C01";"1";"7";"0";"2";"8";"1";"1";""
"202400008700";"155766491";"A01";"2";"7";"0";"2";"3";"19";"2";""
"202400008700";"155766492";"B01";"2";"7";"0";"2";"3";"1";"1";""
"202400008701";"155766488";"B01";"1";"7";"0";"2";"1";"1";"1";""
"202400008701";"155766490";"A01";"1";"1";"15";"0";"4";"1";"5";""
"202400008702";"155766487";"A01";"2";"10";"0";"2";"8";"19";"1";""
"202400008702";"155766489";"B01";"2";"33";"0";"2";"1";"1";"1";""
"202400008703";"155766485";"A01";"3";"7";"0";"2";"6";"15";"1";""
"202400008703";"155766486";"B01";"3";"2";"0";"2";"2";"2";"1";""
"202400008704";"155766483";"A01";"3";"36";"11";"0";"2";"16";"1";""
"202400008705";"155766481";"A01";"1";"2";"0";"0";"2";"1";"1";""
"202400008706";"155766482";"A01";"1";"7";"0";"2";"8";"9";"1";""
"202400008706";"155766484";"B01";"1";"2";"0";"2";"1";"1";"1";""
"202400008707";"155766479";"B01";"2";"14";"0";"2";"2";"1";"1";""
"202400008707";"155766480";"A01";"1";"10";"0";"2";"2";"13";"1";""
"202400008708";"155766476";"A01";"0";"7";"0";"1";"0";"1";" -1";""
"202400008709";"155766472";"A01";"1";"31";"0";"2";"2";"17";"1";""
"202400008709";"155766474";"B01";"2";"7";"0";"2";"3";"15";"1";""
"202400008710";"155766470";"B01";"1";"33";"0";"0";"9";"1";"1";""
"202400008710";"155766473";"C01";"1";"7";"0";"0";"4";"1";"2";""
"202400008710";"155766475";"A01";"1";"7";"0";"0";"1";"0";"1";""
"202400008711";"155766471";"A01";"2";"37";"0";"1";"3";"13";"1";"1"
"202400008712";"155766468";"A01";"1";"7";"13";"0";"7";"1";"1";""
"202400008713";"155766466";"A01";"1";"2";"0";"2";"1";"2";"1";""
"202400008713";"155766469";"B01";"1";"7";"0";"2";"4";"2";"1";""
"202400008714";"155766462";"A01";"1";"7";"6";"0";"1";"21";"1";""
"202400008714";"155766464";"B01";"1";"15";"0";"0";"0";"19";"0";""
"202400008715";"155766459";"A01";"2";"2";"0";"2";"8";"15";"1";""
"202400008715";"155766461";"B01";"1";"7";"0";"2";"1";"1";"1";""
"202400008716";"155766458";"D01";"2";"7";"3";"2";"2";"2";"1";""
"202400008716";"155766460";"E01";"2";"7";"0";"2";"3";"2";"1";""
"202400008716";"155766463";"A01";"2";"7";"3";"2";"9";"17";"1";""
"202400008716";"155766465";"B01";"2";"7";"0";"2";"9";"2";"1";""
"202400008716";"155766467";"C01";"2";"7";"3";"2";"9";"2";"1";""
"202400008717";"155766457";"A01";"2";"2";"6";"0";"1";"1";"1";""
"202400008718";"155766455";"A01";"2";"7";"0";"1";"2";"1";"2";""
"202400008719";"155766454";"B01";"2";"7";"3";"0";"1";"0";"1";""
"202400008719";"155766456";"A01";"2";"7";"3";"0";"4";"0";"1";""
"202400008720";"155766453";"A01";"1";"7";"0";"1";"1";"1";"1";""
"202400008721";"155766452";"A01";"1";"7";"7";"0";"1";"14";"1";""
"202400008722";"155766449";"B01";"1";"7";"0";"2";"7";"12";"1";""
"202400008722";"155766451";"A01";"1";"33";"0";"2";"8";"1";"1";""
"202400008723";"155766448";"B01";"2";"30";"0";"2";"1";"5";"1";""
"202400008723";"155766450";"A01";"1";"7";"0";"2";"7";"1";"1";""
"202400008724";"155766446";"B01";"2";"10";"0";"2";"4";"1";"1";""
"202400008724";"155766447";"A01";"2";"33";"0";"2";"1";"1";"1";""
"202400008725";"155766443";"B01";"1";"7";"0";"0";"0";"0";"1";""
"202400008725";"155766445";"A01";"2";"2";"0";"2";"7";"5";"1";""
"202400008726";"155766441";"A01";"1";"7";"0";"2";"4";"1";"1";""
"202400008726";"155766442";"B01";"1";"7";"0";"2";"4";"1";"1";""
"202400008726";"155766444";"C01";"1";"7";"0";"2";"1";"0";"1";""
"202400008727";"155766440";"A01";"1";"2";"0";"0";"0";"1";"1";""
"202400008728";"155766438";"A01";"2";"7";"1";"0";"1";"1";"1";""
"202400008728";"155766439";"B01";"2";"10";"0";"2";"7";"23";"1";""
"202400008729";"155766435";"A01";"2";"7";"0";"2";"3";"1";"1";""
"202400008729";"155766437";"B01";"1";"7";"0";"2";"1";"15";"1";""
"202400008730";"155766433";"A01";"1";"7";"0";"2";"4";"1";"1";""
"202400008730";"155766434";"B01";"1";"7";"0";"2";"4";"2";"1";""
"202400008730";"155766436";"C01";"1";"7";"0";"2";"1";"2";"1";""
"202400008731";"155766430";"A01";"1";"7";"0";"2";"3";"1";"1";""
"202400008731";"155766432";"B01";"1";"7";"0";"2";"1";"1";"1";""
"202400008732";"155766427";"C01";"2";"14";"0";"2";"4";"2";"1";""
"202400008732";"155766428";"A01";"2";"7";"0";"2";"4";"2";"1";""
"202400008732";"155766429";"B01";"2";"7";"0";"2";"6";"0";"1";""
"202400008732";"155766431";"D01";"2";"17";"0";"2";"1";"2";"1";""
"202400008733";"155766426";"A01";"1";"33";"0";"0";"1";"1";"1";""
"202400008734";"155766423";"A01";"3";"7";"4";"2";"1";"15";"3";""
"202400008735";"155766422";"B01";"2";"7";"0";"2";"8";"13";"1";""
"202400008735";"155766424";"C01";"2";"7";"0";"2";"1";"1";"1";""
"202400008735";"155766425";"A01";"2";"14";"0";"2";"2";"1";"1";""
"202400008736";"155766421";"A01";"2";"33";"0";"0";"0";"1";"1";""
"202400008737";"155766420";"A01";"1";"7";"0";"1";"1";"1";"1";""
"202400008738";"155766417";"A01";"2";"7";"0";"2";"6";"9";"1";""
"202400008738";"155766419";"B01";"2";"15";"0";"0";"2";"1";"1";""
"202400008739";"155766418";"A01";"2";"33";"15";"0";"1";"17";"1";""
"202400008740";"155766414";"A01";"1";"7";"0";"1";"1";"1";"0";""
"202400008741";"155766413";"C01";"2";"7";"0";"2";"8";"1";"1";""
"202400008741";"155766415";"A01";"2";"43";"0";"2";"1";"3";"1";""
"202400008741";"155766416";"B01";"2";"7";"0";"2";"5";"11";"1";""
"202400008742";"155766412";"A01";"2";"7";"8";"0";"1";"0";"1";""
"202400008743";"155766410";"A01";"1";"7";"0";"2";"1";"1";"1";""
"202400008743";"155766411";"B01";"1";"38";"0";"2";"4";"1";"1";"1"
"202400008744";"155766408";"A01";"2";"43";"0";"2";"3";"13";"1";""
"202400008744";"155766409";"B01";"2";"32";"0";"2";"5";"3";"1";""
"202400008745";"155766406";"A01";"1";"7";"0";"2";"3";"18";"1";""
"202400008745";"155766407";"B01";"1";"7";"4";"0";"4";"2";"1";""
"202400008746";"155766405";"A01";"2";"33";"15";"0";"7";"1";"1";""
"202400008747";"155766403";"B01";"2";"7";"0";"2";"6";"9";"1";""
"202400008747";"155766404";"A01";"2";"33";"0";"2";"6";"1";"1";""
"202400008748";"155766401";"A01";"2";"7";"0";"2";"6";"17";"1";""
"202400008748";"155766402";"B01";"1";"33";"0";"2";"8";"1";"1";""
"202400008749";"155766400";"A01";"2";"33";"0";"2";"2";"1";"1";""
"202400008750";"155766397";"A01";"2";"7";"0";"2";"1";"15";"1";""
"202400008750";"155766399";"B01";"1";"33";"0";"2";"1";"1";"1";""
"202400008751";"155766396";"A01";"2";"7";"0";"2";"1";"2";"1";""
"202400008751";"155766398";"B01";"2";"10";"0";"2";"4";"2";"1";""
"202400008752";"155766395";"A01";"0";"36";"13";"0";"8";"1";"1";""
"202400008753";"155766393";"B01";"2";"33";"0";"2";"1";"2";"1";""
"202400008753";"155766394";"A01";"2";"7";"0";"2";"6";"2";"1";""
"202400008754";"155766391";"A01";"0";"1";"0";"2";"1";"0";"5";""
"202400008754";"155766392";"B01";"2";"2";"0";"2";"1";"5";"1";""
"202400008755";"155766389";"A01";"1";"7";"12";"0";"2";"0";"1";""
"202400008756";"155766387";"A01";"2";"7";"0";"2";"7";"12";"2";""
"202400008756";"155766388";"B01";"2";"34";"0";"2";"1";"3";"1";""
"202400008756";"155766390";"C01";"2";"7";"0";"2";"7";"1";"3";""
"202400008757";"155766382";"C01";"2";"7";"0";"2";"8";"1";"1";""
"202400008757";"155766384";"B01";"2";"7";"0";"2";"3";"1";"1";""
"202400008757";"155766386";"A01";"1";"7";"0";"2";"3";"13";"1";""
"202400008758";"155766383";"Z01";"1";"7";"0";"2";"3";"15";"1";""
"202400008758";"155766385";"B01";"2";"2";"0";"2";"3";"1";"1";""
"202400008759";"155766379";"A01";"0";"7";"0";"2";"1";"9";"1";""
"202400008759";"155766381";"B01";"0";"1";"0";"2";"7";"1";"5";""
"202400008760";"155766377";"A01";"1";"7";"0";"2";"1";"2";"1";""
"202400008760";"155766378";"B01";"1";"7";"0";"2";"4";"2";"1";""
"202400008760";"155766380";"C01";"1";"7";"0";"2";"5";"0";"3";""
"202400008761";"155766374";"A01";"1";"7";"0";"2";"2";"2";"1";""
"202400008761";"155766375";"B01";"1";"7";"0";"2";"6";"1";"1";""
"202400008762";"155766371";"B01";"2";"1";"0";"2";"2";"2";"5";""
"202400008762";"155766373";"A01";"2";"7";"0";"2";"3";"24";"2";""
"202400008763";"155766370";"A01";"1";"10";"0";"2";"1";"2";"1";""
"202400008763";"155766372";"B01";"1";"7";"0";"2";"4";"2";"1";""
"202400008764";"155766367";"B01";"1";"1";"0";"2";"7";"2";"5";""
"202400008764";"155766369";"A01";"1";"7";"0";"2";"3";"22";"1";""
"202400008765";"155766364";"A01";"2";"7";"0";"2";"1";"0";"1";""
"202400008765";"155766365";"B01";"2";"7";"0";"2";"4";"0";"1";""
"202400008765";"155766366";"C01";"2";"7";"0";"2";"4";"0";"1";""
"202400008765";"155766368";"D01";"2";"7";"0";"0";"0";"0";"1";""
"202400008766";"155766363";"A01";"1";"10";"0";"1";"2";"15";"3";""
"202400008767";"155766362";"A01";"1";"7";"0";"1";"3";"1";"1";""
"202400008768";"155766360";"A01";"2";"7";"0";"2";"2";"9";"1";""
"202400008768";"155766361";"B01";"1";"2";"0";"2";"1";"1";"1";""
"202400008769";"155766359";"A01";"3";"37";"0";"1";"3";"16";"1";"1"
"202400008770";"155766358";"A01";"1";"37";"0";"1";"1";"1";"1";"1"
"202400008771";"155766356";"A01";"3";"7";"3";"0";"1";"26";"1";""
"202400008772";"155766355";"A01";"1";"7";"0";"2";"1";"15";"1";""
"202400008772";"155766357";"B01";"2";"7";"0";"2";"1";"1";"1";""
"202400008773";"155766354";"A01";"3";"80";"9";"0";"7";"25";"3";""
"202400008774";"155766352";"A01";"3";"1";"0";"2";"8";"1";"5";""
"202400008774";"155766353";"Z01";"3";"10";"0";"2";"8";"13";"1";""
"202400008775";"155766350";"A01";"3";"7";"0";"1";"1";"1";"1";""
"202400008776";"155766349";"A01";"2";"1";"0";"2";"7";"5";"5";""
"202400008776";"155766351";"B01";"2";"7";"0";"2";"2";"15";"1";""
"202400008777";"155766347";"A01";"2";"7";"3";"0";"6";"23";"1";""
"202400008777";"155766348";"B01";"2";"7";"1";"0";"1";"1";"1";""
"202400008778";"155766346";"A01";"3";"34";"12";"0";"3";"15";"1";""
"202400008779";"155766343";"A01";"1";"33";"0";"0";"0";"15";"1";""
"202400008780";"155766344";"A01";"1";"7";"0";"2";"1";"19";"1";""
"202400008780";"155766345";"B01";"1";"7";"0";"2";"1";"1";"1";""
"202400008781";"155766339";"A01";"2";"7";"0";"2";"3";"15";"1";""
"202400008781";"155766341";"B01";"1";"30";"0";"2";"1";"1";"1";""
"202400008782";"155766340";"A01";"2";"10";"0";"2";"1";"5";"3";""
"202400008782";"155766342";"B01";"1";"7";"15";"2";"8";"15";"1";""
"202400008783";"155766337";"A01";"2";"7";"0";"1";"2";"1";"1";""
"202400008784";"155766336";"A01";"1";"7";"0";"2";"3";"1";"2";""
"202400008784";"155766338";"B01";"2";"10";"0";"2";"3";"11";"1";""
"202400008785";"155766334";"A01";"1";"14";"2";"0";"1";"2";"1";""
"202400008786";"155766331";"A01";"2";"33";"0";"2";"1";"17";"1";""
"202400008786";"155766332";"B01";"2";"7";"0";"2";"3";"1";"1";""
"202400008787";"155766326";"A01";"3";"7";"0";"0";"2";"15";"1";""
"202400008787";"155766328";"B01";"3";"7";"0";"0";"2";"1";"1";""
"202400008788";"155766325";"B01";"1";"50";"0";"9";"1";"1";"3";""
"202400008788";"155766327";"Z01";"1";"7";"0";"9";"2";"0";"0";""
"202400008789";"155766323";"A01";"2";"7";"0";"2";"1";"1";"1";""
"202400008789";"155766324";"B01";"2";"10";"0";"0";"8";"19";"1";""
"202400008790";"155766321";"B01";"0";"7";"0";"2";"7";"15";"2";""
"202400008790";"155766322";"A01";"0";"7";"0";"2";"1";"1";"1";""
"202400008791";"155766320";"A01";"3";"1";"0";"0";"0";"26";"5";""
"202400008792";"155766319";"A01";"1";"7";"15";"0";"1";"1";"1";""
"202400008793";"155766317";"A01";"1";"7";"0";"5";"2";"1";"1";""
"202400008794";"155766318";"A01";"0";"37";"9";"0";"1";"9";"1";"7"
"202400008795";"155766315";"A01";"1";"7";"8";"0";"1";"0";"1";""
"202400008796";"155766314";"A01";"0";"7";"0";"2";"1";"15";"1";""
"202400008796";"155766316";"B01";"0";"7";"0";"2";"1";"1";"1";""
"202400008797";"155766311";"B01";"1";"10";"0";"2";"4";"2";"1";""
"202400008797";"155766312";"A01";"1";"10";"0";"2";"1";"2";"1";""
"202400008797";"155766313";"C01";"1";"7";"0";"2";"0";"2";"1";""
"202400008798";"155766309";"A01";"2";"7";"0";"2";"3";"13";"1";""
"202400008798";"155766310";"B01";"1";"7";"0";"2";"3";"1";"1";""
"202400008799";"155766308";"A01";"3";"7";"0";"1";"4";"20";"3";""
"202400008800";"155766307";"A01";"3";"7";"0";"1";"0";"0";"1";""
"202400008801";"155766304";"A01";"1";"7";"0";"9";"3";"13";"1";""
"202400008801";"155766306";"B01";"2";"1";"0";"2";"1";"1";"5";""
"202400008802";"155766303";"B01";"0";"7";"0";"2";"1";"0";"2";""
"202400008802";"155766305";"A01";"0";"7";"0";"2";"1";"26";"1";""
"202400008803";"155766301";"A01";"1";"7";"0";"1";"1";"1";"1";""
"202400008804";"155766300";"A01";"1";"7";"0";"2";"1";"9";"1";""
"202400008804";"155766302";"B01";"1";"50";"0";"2";"8";"2";"3";""
"202400008805";"155766298";"A01";"1";"7";"0";"1";"2";"1";"3";""
"202400008806";"155766297";"B01";"1";"7";"9";"2";"1";"17";"1";""
"202400008806";"155766299";"A01";"1";"7";"0";"2";"8";"13";"1";""
"202400008807";"155766296";"A01";"3";"10";"0";"1";"2";"17";"1";""
"202400008808";"155766295";"A01";"3";"31";"0";"0";"1";"1";"0";""
"202400008809";"155766293";"A01";"2";"7";"0";"2";"1";"2";"1";""
"202400008809";"155766294";"B01";"2";"7";"0";"2";"4";"2";"1";""
"202400008810";"155766291";"A01";"1";"1";"0";"0";"2";"9";"5";""
"202400008810";"155766292";"B01";"1";"7";"0";"2";"1";"9";"0";""
"202400008811";"155766290";"A01";"2";"7";"0";"1";"3";"1";"1";""
"202400008812";"155766287";"B01";"2";"7";"0";"2";"8";"19";"1";""
"202400008812";"155766289";"A01";"0";"7";"0";"2";"1";"1";"1";""
"202400008813";"155766286";"A01";"1";"7";"0";"2";"2";"15";"1";""
"202400008813";"155766288";"B01";"1";"32";"0";"2";"3";"1";"1";""
"202400008814";"155766284";"A01";"1";"7";"0";"1";"2";"26";" -1";""
"202400008815";"155766281";"A01";"1";"7";"0";"9";"1";"16";"1";""
"202400008815";"155766283";"Y01";"1";"1";"0";"2";"4";"16";"5";""
"202400008816";"155766282";"A01";"1";"31";"0";"2";"1";"1";"1";""
"202400008816";"155766285";"B01";"2";"7";"0";"0";"0";"1";"1";""
"202400008817";"155766280";"A01";"3";"33";"8";"0";"1";"16";"1";""
"202400008818";"155766278";"A01";"2";"3";"1";"0";"2";"24";"1";""
"202400008818";"155766279";"B01";"2";"2";"1";"0";"0";"0";"1";""
"202400008819";"155766275";"B01";"0";"7";"0";"2";"1";"1";"1";""
"202400008819";"155766276";"A01";"0";"50";"0";"2";"8";"1";"3";""
"202400008820";"155766274";"A01";"0";"7";"6";"0";"2";"14";"1";""
"202400008821";"155766273";"A01";"2";"33";"12";"0";"1";"13";"1";""
"202400008822";"155766272";"A01";"0";"7";"8";"0";"2";"13";"1";""
"202400008823";"155766269";"A01";"0";"10";"0";"2";"3";"10";"1";""
"202400008823";"155766271";"B01";"3";"50";"0";"2";"1";"5";"3";""
"202400008824";"155766267";"B01";"2";"7";"0";"9";"0";"17";"1";""
"202400008824";"155766268";"A01";"1";"43";"3";"0";"3";"17";"1";""
"202400008824";"155766270";"C01";"1";"7";"0";"9";"0";"1";"1";""
"202400008825";"155766264";"A01";"0";"7";"0";"2";"3";"0";"0";""
"202400008825";"155766266";"B01";"0";"7";"0";"2";"3";"0";"0";""
"202400008826";"155766263";"A01";"1";"7";"9";"2";"1";"2";"2";""
"202400008826";"155766265";"B01";"1";"10";"0";"2";"2";"15";"0";""
"202400008827";"155766261";"A01";"1";"7";"0";"2";"7";"1";"1";""
"202400008827";"155766262";"B01";"1";"50";"0";"2";"3";"0";"3";""
"202400008828";"155766260";"A01";"0";"7";"0";"1";"7";"1";"1";""
"202400008829";"155766258";"B01";"0";"7";"0";"2";"4";"2";"3";""
"202400008829";"155766259";"A01";"0";"33";"0";"2";"1";"2";"1";""
"202400008830";"155766256";"B01";"2";"10";"0";"2";"6";"15";"1";""
"202400008830";"155766257";"A01";"2";"7";"0";"2";"1";"1";"1";""
"202400008831";"155766254";"A01";"2";"43";"13";"0";"9";"1";"1";""
"202400008832";"155766253";"A01";"1";"7";"0";"2";"1";"1";"1";""
"202400008832";"155766255";"B01";"2";"7";"0";"2";"7";"1";"1";""
"202400008833";"155766251";"A01";"3";"7";"0";"1";"2";"1";"2";""
"202400008834";"155766250";"A01";"2";"7";"0";"2";"1";"1";"1";""
"202400008834";"155766252";"B01";"1";"7";"0";"2";"1";"13";"1";""
"202400008835";"155766248";"A01";"1";"7";"4";"0";"0";"2";"1";""
"202400008836";"155766247";"A01";"1";"33";"0";"2";"1";"7";"1";""
"202400008836";"155766249";"B01";"2";"30";"0";"2";"2";"15";"1";""
"202400008837";"155766245";"A01";"2";"7";"0";"1";"0";"26";"1";""
"202400008838";"155766244";"B01";"1";"32";"0";"2";"1";"1";"1";""
"202400008838";"155766246";"A01";"2";"7";"0";"2";"2";"15";"1";""
"202400008839";"155766242";"A01";"3";"10";"8";"0";"1";"16";"0";""
"202400008840";"155766241";"A01";"1";"7";"0";"2";"1";"15";"1";""
"202400008840";"155766243";"B01";"3";"37";"0";"2";"2";"1";"1";"2"
"202400008841";"155766238";"A01";"0";"1";"0";"2";"1";"15";"5";""
"202400008841";"155766240";"B01";"0";"7";"0";"9";"1";"5";"1";""