"Num_Acc";"id_vehicule";"num_veh";"senc";"catv";"obs";"obsm";"choc";"manv";"motor";"occutc"
"202400008842";"155766237";"B01";"3";"1";"0";"2";"8";"1";"5";""
"202400008842";"155766239";"A01";"1";"7";"0";"2";"2";"16";"1";""
"202400008843";"155766233";"A01";"3";"7";"0";"2";"4";"20";"0";""
"202400008843";"155766235";"B01";"2";"1";"0";"2";"7";"2";"5";""
"202400008844";"155766232";"A01";"3";"7";" -1";"2";"1";"13";"1";""
"202400008844";"155766234";"B01";"3";"7";"0";"2";"1";"1";"1";""
"202400008844";"155766236";"C01";"3";"7";"0";"0";"0";"21";"1";""
"202400008845";"155766231";"A01";"2";"7";"0";"1";"2";"15";"1";""
"202400008846";"155766229";"A01";"1";"50";"0";"2";"6";"2";"3";""
"202400008846";"155766230";"B01";"1";"0";"0";"9";"7";"0";"0";""
"202400008847";"155766227";"B01";"3";"7";"1";"0";"1";"1";"1";""
"202400008847";"155766228";"A01";"3";"38";"0";"2";"6";"24";"1";"1"
"202400008848";"155766225";"B01";"1";"1";"0";"2";"1";"2";"5";""
"202400008848";"155766226";"A01";"1";"7";"0";"2";"1";"2";"1";""
"202400008849";"155766223";"A01";"3";"7";"0";"2";"7";"15";"1";""
"202400008849";"155766224";"B01";"3";"34";"0";"2";"1";"1";"1";""
"202400008850";"155766221";"A01";"1";"7";"0";"0";"1";"5";"1";""
"202400008850";"155766222";"B01";"2";"7";"0";"0";"1";"1";"1";""
"202400008851";"155766220";"A01";"0";"13";"0";"1";"4";"0";"0";""
"202400008852";"155766218";"A01";"1";"7";"0";"2";"0";"2";"0";""
"202400008852";"155766219";"B01";"1";"1";"0";"0";"0";"2";"5";""
"202400008853";"155766217";"A01";"1";"7";"0";"1";"1";"9";"1";""
"202400008854";"155766216";"A01";"2";"33";"0";"0";"7";"1";"1";""
"202400008855";"155766214";"A01";"3";"7";"0";"2";"3";"9";"1";""
"202400008855";"155766215";"B01";"3";"50";"0";"2";"1";"1";"3";""
"202400008856";"155766212";"A01";"1";"7";"0";"2";"2";"5";"1";""
"202400008856";"155766213";"B01";"2";"7";"0";"2";"3";"1";"1";""
"202400008857";"155766210";"A01";"1";"3";"0";"1";"2";"1";"1";""
"202400008858";"155766209";"A01";"1";"7";"0";"2";"7";"1";"1";""
"202400008858";"155766211";"B01";"1";"7";"0";"2";"3";"1";"1";""
"202400008859";"155766208";"A01";"1";"38";"0";"1";"7";"17";"1";"1"
"202400008860";"155766207";"A01";"1";"7";"0";"0";"1";"26";"1";""
"202400008861";"155766204";"A01";"2";"7";"0";"2";"5";"2";"1";""
"202400008861";"155766205";"B01";"2";"7";"3";"2";"3";"2";"1";""
"202400008861";"155766206";"C01";"2";"7";"0";"2";"3";"2";"1";""
"202400008862";"155766202";"A01";"2";"32";"0";"2";"3";"17";"1";""
"202400008862";"155766203";"B01";"2";"50";"0";"2";"3";"19";"3";""
"202400008863";"155766199";"A01";"1";"7";"0";"0";"5";"2";"3";""
"202400008863";"155766200";"B01";"1";"33";"0";"2";"2";"2";"1";""
"202400008863";"155766201";"C01";"1";"33";"0";"0";"2";"2";"1";""
"202400008864";"155766198";"A01";"1";"7";"0";"1";"2";"1";"1";""
"202400008865";"155766196";"A01";"1";"7";"0";"0";"3";"15";"1";""
"202400008865";"155766197";"B01";"1";"33";"0";"2";"1";"1";"1";""
"202400008866";"155766194";"B01";"3";"10";"0";"2";"6";"24";"1";""
"202400008866";"155766195";"A01";"3";"7";"0";"2";"2";"14";"1";""
"202400008867";"155766191";"A01";"2";"7";"0";"2";"1";"13";"0";""
"202400008867";"155766192";"B01";"1";"7";"0";"2";"1";"1";"2";""
"202400008868";"155766190";"A01";"2";"34";"0";"2";"3";"18";"1";""
"202400008868";"155766193";"B01";"2";"10";"0";"2";"7";"16";"1";""
"202400008869";"155766188";"A01";"1";"7";"0";"2";"3";"1";"1";""
"202400008869";"155766189";"B01";"2";"7";"0";"2";"3";"1";"2";""
"202400008870";"155766187";"A01";"2";"50";"0";"0";"7";"17";"3";""
"202400008871";"155766185";"A01";"2";"7";"0";"2";"1";"2";"1";""
"202400008871";"155766186";"B01";"2";"33";"5";"2";"4";"2";"1";""
"202400008872";"155766183";"A01";"3";"10";"0";"2";"5";"15";"1";""
"202400008872";"155766184";"B01";"3";"31";"0";"2";"1";"16";"1";""
"202400008873";"155766181";"B01";"2";"7";"0";"2";"4";"23";"1";""
"202400008873";"155766182";"A01";"2";"7";"0";"2";"1";"1";"1";""
"202400008874";"155766179";"A01";"1";"7";"0";"2";"3";"17";"1";""
"202400008874";"155766180";"B01";"2";"7";"0";"2";"3";"1";"1";""
"202400008875";"155766178";"A01";"1";"2";"0";"1";"1";"25";"1";""
"202400008876";"155766177";"A01";"1";"7";"9";"0";"1";"2";"1";""
"202400008877";"155766175";"A01";"2";"7";"0";"2";"8";"22";"1";""
"202400008877";"155766176";"B01";"2";"50";"0";"2";"1";"1";"3";""
"202400008878";"155766172";"A01";"3";"7";"0";"9";"1";"19";"2";""
"202400008878";"155766174";"B01";"1";"1";"0";"2";"7";"1";"5";""
"202400008879";"155766171";"B01";"0";"33";"0";"2";"1";"1";"1";""
"202400008879";"155766173";"A01";"0";"10";"0";"2";"8";"15";"1";""
"202400008880";"155766169";"A01";"1";"50";"0";"1";"0";"1";"3";""
"202400008881";"155766168";"A01";"0";"7";"0";"2";"1";"14";"2";""
"202400008881";"155766170";"B01";"0";"7";"0";"2";"7";"0";"1";""
"202400008882";"155766165";"A01";"2";"7";"0";"2";"1";"15";"1";""
"202400008882";"155766167";"B01";"2";"32";"0";"2";"5";"17";"1";""
"202400008883";"155766164";"B01";"1";"7";"0";"2";"3";"1";"1";""
"202400008883";"155766166";"A01";"1";"7";"0";"2";"2";"1";"1";""
"202400008884";"155766162";"A01";"3";"10";"0";"1";"4";"26";"1";""
"202400008885";"155766161";"A01";"1";"10";"0";"2";"1";"9";"1";""
"202400008885";"155766163";"B01";"3";"7";"0";"0";"8";"1";"1";""
"202400008886";"155766159";"B01";"1";"32";"0";"2";"7";"21";"1";""
"202400008886";"155766160";"A01";"3";"7";"0";"2";"1";"19";"1";""
"202400008887";"155766158";"A01";"3";"7";"2";"0";"1";"1";"1";""
"202400008888";"155766155";"C01";"1";"7";"0";"2";"4";"2";"1";""
"202400008888";"155766156";"A01";"1";"7";"0";"2";"1";"2";"1";""
"202400008888";"155766157";"B01";"1";"7";"0";"2";"4";"2";"1";""
"202400008889";"155766153";"Y01";"3";"60";"0";"2";"7";"1";"5";""
"202400008889";"155766154";"A01";"1";"7";"0";"2";"1";"1";"1";""
"202400008890";"155766151";"A01";"1";"7";"0";"2";"3";"13";"1";""
"202400008890";"155766152";"B01";"2";"7";"0";"2";"3";"1";"2";""
"202400008891";"155766149";"B01";"2";"7";"0";"2";"4";"2";"2";""
"202400008891";"155766150";"A01";"2";"7";"0";"2";"1";"2";"2";""
"202400008892";"155766147";"B01";"2";"7";"0";"2";"1";"1";"1";""
"202400008892";"155766148";"A01";"1";"7";"0";"2";"1";"5";"1";""
"202400008893";"155766145";"A01";"1";"7";"0";"2";"3";"13";"1";""
"202400008893";"155766146";"B01";"2";"38";"0";"2";"3";"9";"1";"5"
"202400008894";"155766144";"A01";"1";"2";"0";"9";"9";"26";"1";""
"202400008895";"155766140";"A01";"1";"7";"0";"2";"1";"2";"1";""
"202400008895";"155766141";"B01";"1";"15";"0";"2";"6";"1";"1";""
"202400008896";"155766139";"A01";"3";"7";"0";"1";"4";"20";"1";""
"202400008897";"155766138";"A01";"2";"7";"0";"1";"2";"1";"1";""
"202400008898";"155766136";"B01";"2";"1";"0";"2";"1";"1";"5";""
"202400008898";"155766137";"A01";"1";"7";"0";"2";"2";"15";"1";""
"202400008899";"155766135";"A01";"1";"7";"3";"0";"3";"1";"2";""
"202400008900";"155766132";"C01";"1";"7";"0";"2";"1";"1";" -1";""
"202400008900";"155766133";"A01";"1";"10";"0";"0";"9";"1";"1";""
"202400008900";"155766134";"B01";"2";"7";"0";"0";"0";"1";"3";""
"202400008901";"155766129";"A01";"2";"7";"0";"2";"4";"11";"1";""
"202400008901";"155766130";"B01";"2";"10";"0";"2";"1";"1";"1";""
"202400008901";"155766131";"C01";"1";"10";"0";"2";"1";"1";"1";""
"202400008902";"155766127";"A01";"2";"7";"0";"2";"3";"13";"1";""
"202400008902";"155766128";"B01";"1";"33";"0";"2";"1";"1";"1";""
"202400008903";"155766125";"A01";"1";"14";"0";"2";"4";"23";"1";""
"202400008903";"155766126";"B01";"1";"33";"1";"0";"1";"1";"1";""
"202400008904";"155766124";"A01";"1";"7";"0";"0";"8";"16";"1";""
"202400008905";"155766122";"B01";"1";"1";"0";"2";"1";"1";"5";""
"202400008905";"155766123";"A01";"1";"7";"0";"2";"2";"1";"1";""
"202400008906";"155766119";"B01";"1";"7";"0";"2";"8";"2";"1";""
"202400008906";"155766120";"C01";"2";"7";"0";"2";"1";"5";"1";""
"202400008906";"155766121";"A01";"1";"7";"0";"2";"9";"2";"2";""
"202400008907";"155766117";"A01";"1";"80";"0";"2";"5";"12";"3";""
"202400008907";"155766118";"B01";"1";"7";"0";"2";"3";"9";"1";""
"202400008908";"155766115";"A01";"1";"33";"0";"2";"1";"6";"1";""
"202400008908";"155766116";"B01";"2";"7";"0";"2";"1";"1";"2";""
"202400008909";"155766113";"A01";"1";"7";"0";"0";"1";"17";"2";""
"202400008909";"155766114";"B01";"2";"33";"0";"0";"1";"1";"1";""
"202400008910";"155766111";"B01";"2";"7";"0";"2";"4";"23";"1";""
"202400008910";"155766112";"A01";"2";"33";"0";"2";"2";"2";"1";""
"202400008911";"155766109";"A01";"3";"7";"0";"2";"5";"15";"1";""
"202400008911";"155766110";"B01";"3";"7";"0";"2";"1";"1";"1";""
"202400008912";"155766108";"A01";"1";"2";"0";"0";"7";"1";"1";""
"202400008913";"155766106";"A01";"0";"30";"0";"2";"4";"2";"1";""
"202400008913";"155766107";"B01";"0";"7";"0";"2";"1";"2";"0";""
"202400008914";"155766104";"B01";"1";"37";"0";"9";"7";"14";"1";"1"
"202400008914";"155766105";"A01";"1";"1";"0";"2";"8";"1";"5";""
"202400008915";"155766102";"A01";"3";"7";"0";"2";"1";"2";"1";""
"202400008915";"155766103";"B01";"3";"7";"0";"2";"4";"2";"1";""
"202400008916";"155766100";"A01";"2";"7";"0";"2";"1";"1";"1";""
"202400008916";"155766101";"B01";"2";"10";"0";"2";"4";"12";"1";""
"202400008917";"155766098";"A01";"1";"10";"0";"2";"1";"9";"1";""
"202400008917";"155766099";"B01";"1";"1";"0";"2";"4";"1";"5";""
"202400008918";"155766096";"A01";"0";"33";"0";"2";"7";"17";"1";""
"202400008918";"155766097";"B01";"0";"7";"0";"2";"3";"15";"1";""
"202400008919";"155766095";"A01";"1";"50";"11";"0";"1";"1";"3";""
"202400008920";"155766094";"A01";"0";"33";"0";"0";"0";"15";"1";""
"202400008921";"155766093";"A01";"1";"30";"0";"0";"0";"1";"1";""
"202400008922";"155766091";"A01";"1";"7";"0";"2";"2";"17";"1";""
"202400008922";"155766092";"B01";"1";"7";"0";"2";"6";"11";"1";""
"202400008923";"155766089";"B01";"3";"7";"0";"2";"7";"9";"0";""
"202400008923";"155766090";"A01";"3";"30";"0";"2";"1";"1";"1";""
"202400008924";"155766087";"A01";"2";"33";"0";"2";"8";"9";"1";""
"202400008924";"155766088";"B01";"2";"7";"0";"2";"7";"1";"1";""
"202400008925";"155766085";"A01";"2";"7";"0";"2";"1";"0";"1";""
"202400008925";"155766086";"B01";"2";"7";"0";"2";"4";"0";"0";""
"202400008926";"155766083";"A01";"3";"7";"0";"2";"3";"15";"1";""
"202400008926";"155766084";"B01";"3";"33";"0";"2";"1";"1";"1";""
"202400008927";"155766082";"A01";"3";"7";"0";"1";"1";"1";"1";""
"202400008928";"155766081";"A01";"3";"7";"0";"1";"2";"1";"1";""
"202400008929";"155766080";"A01";"1";"50";"0";"0";"1";"14";"3";""
"202400008930";"155766078";"A01";"3";"7";"0";"2";"3";"16";"1";""
"202400008930";"155766079";"B01";"3";"7";"0";"2";"7";"1";"1";""
"202400008931";"155766077";"A01";"1";"7";"0";"0";"1";"26";"3";""
"202400008932";"155766075";"A01";"1";"3";"0";"2";"4";"1";"1";""
"202400008932";"155766076";"B01";"1";"10";"0";"2";"2";"1";"1";""
"202400008933";"155766074";"A01";"3";"10";"0";"1";"2";"16";"1";""
"202400008934";"155766071";"A01";"2";"7";"0";"2";"1";"1";"1";""
"202400008934";"155766072";"B01";"2";"33";"1";"2";"4";"1";"1";""
"202400008934";"155766073";"C01";"2";"7";"0";"2";"4";"1";"1";""
"202400008935";"155766069";"A01";"3";"10";"0";"2";"1";"15";"1";""
"202400008935";"155766070";"B01";"3";"7";"0";"2";"6";"1";"1";""
"202400008936";"155766067";"A01";"2";"7";"0";"2";"3";"1";"1";""
"202400008936";"155766068";"B01";"2";"7";"0";"2";"5";"15";"1";""
"202400008937";"155766065";"A01";"2";"7";"0";"2";"3";"1";"1";""
"202400008937";"155766066";"B01";"3";"1";"0";"2";"8";"19";"5";""
"202400008938";"155766064";"A01";"3";"7";"9";"0";"1";"16";"1";""
"202400008939";"155766062";"A01";"3";"7";"0";"2";"3";"13";"1";""
"202400008939";"155766063";"B01";"3";"7";"0";"2";"3";"1";"1";""
"202400008940";"155766060";"A01";"2";"7";"0";"9";"3";"1";"1";""
"202400008940";"155766061";"Z01";"1";"17";"0";"2";"6";"13";"1";""
"202400008941";"155766059";"A01";"2";"33";"0";"5";"7";"1";"1";""
"202400008942";"155766058";"A01";"2";"7";"0";"1";"1";"26";"1";""
"202400008943";"155766057";"A01";"2";"30";"0";"0";"1";"17";"1";""
"202400008944";"155766055";"A01";"3";"7";"0";"2";"2";"16";"1";""
"202400008944";"155766056";"B01";"3";"7";"0";"2";"3";"1";"0";""
"202400008945";"155766053";"A01";"3";"7";"0";"2";"1";"15";"1";""
"202400008945";"155766054";"B01";"3";"1";"0";"2";"0";"0";"5";""
"202400008946";"155766051";"B01";"3";"1";"0";"2";"7";"1";"5";""
"202400008946";"155766052";"A01";"1";"7";"0";"2";"3";"9";"1";""
"202400008947";"155766049";"A01";"1";"33";"0";"2";"2";"1";"1";""
"202400008947";"155766050";"B01";"1";"7";"0";"2";"6";"11";"1";""
"202400008948";"155766047";"A01";"3";"7";"0";"2";"6";"17";"1";""
"202400008948";"155766048";"B01";"1";"33";"0";"2";"1";"17";"1";""
"202400008949";"155766045";"A01";"1";"30";"0";"2";"1";"1";"3";""
"202400008949";"155766046";"B01";"2";"7";"0";"2";"6";"1";"1";""
"202400008950";"155766042";"B01";"3";"30";"0";"2";"7";"1";"3";""
"202400008950";"155766043";"C01";"3";"7";"0";"2";"8";"15";"1";""
"202400008950";"155766044";"A01";"3";"7";"0";"2";"1";"26";"2";""
"202400008951";"155766040";"B01";"3";"34";"0";"2";"2";"1";"1";""
"202400008951";"155766041";"A01";"3";"7";"0";"0";"0";"0";"0";""
"202400008952";"155766038";"A01";"0";"1";"0";"2";"0";"0";"5";""
"202400008952";"155766039";"B01";"3";"7";"0";"2";"0";"0";"0";""
"202400008953";"155766036";"A01";"2";"7";"0";"2";"7";"1";"1";""
"202400008953";"155766037";"B01";"3";"1";"0";"2";"1";"19";"5";""
"202400008954";"155766034";"A01";"1";"7";"0";"2";"2";"15";"1";""
"202400008954";"155766035";"B01";"1";"7";"0";"2";"2";"1";"1";""
"202400008955";"155766033";"A01";"1";"10";"0";"1";"2";"1";"1";""
"202400008956";"155766031";"A01";"0";"7";"0";"2";"7";"15";"1";""
"202400008956";"155766032";"B01";"0";"7";"0";"2";"1";"1";"1";""
"202400008957";"155766029";"B01";"0";"7";"0";"2";"8";"20";"1";""
"202400008957";"155766030";"A01";"0";"30";"0";"2";"7";"1";"1";""
"202400008958";"155766028";"A01";"3";"10";"0";"1";"1";"15";"3";""
"202400008959";"155766026";"B01";"1";"7";"0";"2";"8";"1";"1";""
"202400008959";"155766027";"A01";"1";"33";"0";"2";"2";"17";"1";""
"202400008960";"155766024";"B01";"2";"7";"0";"2";"4";"2";"1";""
"202400008960";"155766025";"A01";"2";"41";"0";"2";"1";"2";"1";""
"202400008961";"155766022";"A01";"3";"7";"0";"2";"1";"19";"1";""
"202400008961";"155766023";"B01";"3";"7";"0";"2";"7";"1";"2";""
"202400008962";"155766020";"A01";"3";"10";"0";"2";"1";"1";"1";""
"202400008962";"155766021";"B01";"3";"10";"0";"2";"8";"1";"1";""
"202400008963";"155766018";"A01";"1";"2";"0";"2";"1";"5";"1";""
"202400008963";"155766019";"B01";"1";"7";"0";"2";"3";"15";"1";""
"202400008964";"155766016";"B01";"3";"50";"0";"2";"3";"1";"3";""
"202400008964";"155766017";"A01";"3";"7";"0";"2";"2";"1";"1";""
"202400008965";"155766014";"A01";"1";"7";"0";"2";"8";"9";"1";""
"202400008965";"155766015";"B01";"1";"2";"0";"2";"1";"17";"1";""
"202400008966";"155766013";"A01";"2";"7";"0";"1";"2";"1";"1";""
"202400008967";"155766011";"A01";"1";"7";"0";"2";"7";"15";"1";""
"202400008967";"155766012";"B01";"2";"33";"0";"2";"1";"1";"1";""
"202400008968";"155766009";"A01";"3";"7";"0";"2";"3";"16";"1";""
"202400008968";"155766010";"B01";"3";"50";"0";"2";"1";"0";"3";""
"202400008969";"155766008";"A01";"2";"33";"0";"2";"7";"1";"1";""
"202400008970";"155766007";"A01";"2";"2";"0";"9";"1";"21";"3";""
"202400008971";"155766005";"B01";"1";"1";"0";"2";"1";"1";"5";""
"202400008971";"155766006";"A01";"2";"7";"0";"2";"8";"22";"2";""
"202400008972";"155766003";"A01";"2";"1";"0";"2";"1";"1";"5";""
"202400008972";"155766004";"Z01";"1";"7";"0";"2";"1";"1";"1";""
"202400008973";"155766002";"A01";"1";"37";"1";"2";"5";"9";"3";"1"
"202400008974";"155766001";"A01";"2";"37";"0";"1";"2";"26";"2";"1"
"202400008975";"155765999";"A01";"1";"10";"0";"2";"1";"15";"1";""
"202400008975";"155766000";"B01";"1";"1";"0";"2";"1";"1";"5";""
"202400008976";"155765998";"A01";"2";"37";"0";"1";"1";"1";"2";"1"
"202400008977";"155765996";"A01";"3";"33";"0";"2";"2";"14";"1";""
"202400008977";"155765997";"Z01";"3";"7";"0";"2";"0";"14";"0";""
"202400008978";"155765994";"A01";"2";"10";"0";"2";"4";"1";"1";""
"202400008978";"155765995";"B01";"2";"1";"0";"2";"1";"1";"5";""
"202400008979";"155765992";"B01";"2";"33";"0";"2";"1";"1";"1";""
"202400008979";"155765993";"A01";"1";"7";"0";"2";"2";"1";"2";""
"202400008980";"155765990";"A01";"3";"10";"0";"2";"2";"1";"1";""
"202400008980";"155765991";"B01";"3";"10";"0";"2";"3";"1";"1";""
"202400008981";"155765987";"A01";"3";"1";"0";"1";"1";"1";"5";""
"202400008982";"155765986";"A01";"3";"30";"1";"0";"1";"2";"1";""
"202400008983";"155765985";"A01";"1";"7";"0";"1";"2";"1";"1";""
"202400008984";"155765984";"A01";"2";"7";"13";"1";"1";"1";"1";""
"202400008985";"155765981";"C01";"2";"7";"0";"2";"1";"1";"1";""
"202400008985";"155765982";"B01";"1";"31";"0";"2";"4";"15";"1";""
"202400008985";"155765983";"A01";"1";"10";"0";"2";"3";"13";"1";""
"202400008986";"155765980";"A01";"2";"33";"0";"0";"1";"17";"1";""
"202400008987";"155765978";"A01";"1";"1";"0";"2";"3";"26";"5";""
"202400008987";"155765979";"B01";"1";"7";"0";"9";"2";"0";"3";""
"202400008988";"155765975";"B01";"0";"7";"1";"2";"2";"0";"1";""
"202400008988";"155765977";"A01";"1";"7";"1";"2";"1";"1";"1";""
"202400008989";"155765976";"A01";"1";"7";"0";"0";"1";"1";"1";""
"202400008990";"155765973";"B01";"1";"7";"0";"2";"2";"21";"1";""
"202400008990";"155765974";"A01";"3";"1";"0";"1";"0";"1";"5";""
"202400008991";"155765972";"A01";"1";"2";"0";"1";"1";"1";"1";""
"202400008992";"155765971";"A01";"3";"7";"0";"1";"4";"20";"1";""
"202400008993";"155765969";"A01";"1";"31";"0";"2";"0";"0";"1";""
"202400008993";"155765970";"B01";"1";"10";"0";"2";"0";"0";"1";""
"202400008994";"155765966";"A01";"1";"7";"0";"2";"7";"15";"1";""
"202400008994";"155765968";"B01";"2";"32";"0";"2";"1";"1";"1";""
"202400008995";"155765965";"A01";"3";"2";"0";"2";"8";"1";"1";""
"202400008995";"155765967";"B01";"0";"33";"0";"2";"7";"1";"1";""
"202400008996";"155765964";"A01";"2";"30";"1";"0";"7";"14";"1";""
"202400008997";"155765963";"A01";"2";"7";"13";"0";"1";"26";"1";""
"202400008998";"155765961";"A01";"1";"50";"0";"2";"1";"26";"3";""
"202400008998";"155765962";"B01";"1";"7";"0";"2";"3";"1";"3";""
"202400008999";"155765959";"A01";"3";"7";"0";"1";"5";"20";"1";""
"202400009000";"155765960";"A01";"2";"33";"0";"0";"0";"26";"0";""
"202400009001";"155765958";"A01";"2";"7";"14";"0";"1";"17";"1";""
"202400009002";"155765955";"A01";"3";"7";"0";"2";"1";"1";"1";""
"202400009002";"155765957";"B01";"3";"1";"0";"0";"4";"1";"5";""
"202400009003";"155765954";"B01";"3";"33";"0";"2";"1";"1";"1";""
"202400009003";"155765956";"A01";"3";"21";"0";"2";"3";"9";"1";""
"202400009004";"155765952";"A01";"2";"32";"0";"1";"1";"0";"1";""
"202400009005";"155765951";"B01";"1";"7";"2";"2";"3";"1";"1";""
"202400009005";"155765953";"A01";"2";"7";"0";"2";"1";"13";"2";""
"202400009006";"155765950";"A01";"2";"33";"6";"0";"3";"13";"1";""
"202400009007";"155765949";"A01";"1";"7";"2";"0";"7";"2";"1";""
"202400009008";"155765946";"A01";"1";"7";"1";"1";"3";"1";"2";""
"202400009008";"155765948";"B01";"1";"7";"0";"0";"6";"1";"1";""
"202400009009";"155765945";"A01";"0";"1";"0";"2";"8";"19";"5";""
"202400009009";"155765947";"B01";"0";"7";"0";"2";"2";"2";"1";""
"202400009010";"155765944";"A01";"3";"7";"0";"0";"0";"1";"1";""
"202400009011";"155765942";"A01";"1";"7";"0";"1";"2";"9";"1";""
"202400009012";"155765941";"A01";"2";"7";"0";"2";"7";"1";"1";""
"202400009012";"155765943";"B01";"1";"7";"0";"2";"1";"1";"1";""
"202400009013";"155765940";"A01";"1";"7";"2";"0";"1";"1";"1";""
"202400009014";"155765938";"A01";"2";"7";"0";"2";"2";"14";"1";""
"202400009014";"155765939";"B01";"2";"1";"0";"2";"3";"1";"5";""
"202400009015";"155765937";"A01";"1";"33";"0";"9";"1";"1";"1";""
"202400009016";"155765936";"A01";"2";"7";"6";"0";"3";"13";"1";""
"202400009017";"155765934";"A01";"2";"32";"14";"0";"8";"1";"1";""
"202400009018";"155765933";"A01";"2";"10";"0";"2";"1";"1";"0";""
"202400009018";"155765935";"B01";"2";"7";"4";"0";"4";"15";"1";""
"202400009019";"155765931";"A01";"2";"7";"2";"0";"9";"21";"1";""
"202400009020";"155765930";"B01";"2";"1";"0";"2";"7";"1";"5";""
"202400009020";"155765932";"A01";"1";"7";"0";"2";"3";"9";"2";""
"202400009021";"155765927";"A01";"2";"13";"0";"2";"1";"9";"1";""
"202400009021";"155765929";"B01";"1";"7";"0";"0";"8";"0";"1";""
"202400009022";"155765924";"A01";"2";"2";"12";"0";"8";"0";"1";""
"202400009023";"155765925";"C01";"2";"10";"0";"2";"5";"1";"1";""
"202400009023";"155765926";"A01";"2";"10";"0";"2";"9";"13";"1";""
"202400009023";"155765928";"B01";"1";"7";"3";"2";"1";"1";"1";""
"202400009024";"155765922";"A01";"3";"36";"13";"9";"2";"1";"1";""
"202400009025";"155765917";"A01";"1";"7";"0";"2";"2";"15";"6";""
"202400009025";"155765919";"B01";"2";"33";"0";"2";"1";"1";"1";""
"202400009026";"155765916";"A01";"1";"7";"0";"2";"3";"1";"1";""
"202400009026";"155765918";"D01";"1";"1";"0";"2";"1";"1";"5";""
"202400009026";"155765920";"E01";"1";"1";"0";"2";"1";"1";"5";""
"202400009026";"155765921";"C01";"1";"1";"0";"2";"1";"1";"5";""
"202400009026";"155765923";"B01";"1";"1";"0";"2";"1";"1";"5";""
"202400009027";"155765914";"A01";"1";"7";"0";"0";"1";"0";"1";""
"202400009027";"155765915";"B01";"2";"7";"0";"0";"1";"0";"1";""
"202400009028";"155765913";"A01";"1";"10";"2";"0";"3";"5";"1";""
"202400009029";"155765912";"A01";"2";"7";"7";"0";"0";"14";"1";""
"202400009030";"155765909";"A01";"2";"7";"2";"0";"1";"1";"1";""
"202400009031";"155765908";"A01";"1";"33";"0";"2";"1";"1";"1";""
"202400009031";"155765910";"B01";"1";"33";"0";"2";"1";"1";"1";""
"202400009031";"155765911";"C01";"1";"33";"0";"0";"4";"1";"1";""
"202400009032";"155765906";"A01";"2";"1";"0";"2";"3";"2";"5";""
"202400009032";"155765907";"B01";"2";"7";"0";"2";"2";"16";"3";""
"202400009033";"155765904";"A01";"2";"7";"6";"0";"1";"2";"1";""
"202400009034";"155765905";"A01";"3";"10";"13";"0";"1";"14";"1";""
"202400009035";"155765901";"A01";"1";"7";"0";"2";"3";"14";"2";""
"202400009035";"155765903";"B01";"2";"13";"0";"2";"6";"1";"1";""
"202400009036";"155765900";"A01";"1";"15";"16";"2";"3";"1";"1";""
"202400009036";"155765902";"B01";"3";"7";"0";"2";"3";"9";"1";""
"202400009037";"155765898";"A01";"1";"99";"0";"2";"5";"16";"0";""
"202400009037";"155765899";"B01";"1";"33";"0";"2";"1";"2";"6";""
"202400009038";"155765895";"A01";"1";"7";"2";"0";"1";"14";"1";""
"202400009039";"155765894";"A01";"2";"7";"0";"2";"8";"9";"2";""
"202400009039";"155765896";"B01";"2";"33";"0";"2";"7";"1";"1";""
"202400009039";"155765897";"C01";"2";"7";"0";"2";"2";"21";"1";""
"202400009040";"155765893";"A01";"1";"33";"0";"0";"0";"1";"1";""
"202400009041";"155765889";"A01";"1";"33";"0";"2";"1";"2";"1";""
"202400009041";"155765890";"B01";"2";"7";"0";"0";"4";"23";"1";""
"202400009041";"155765892";"C01";"2";"7";"0";"2";"1";"1";"1";""
"202400009042";"155765885";"A01";"1";"7";"4";"2";"9";"0";"1";""
"202400009042";"155765887";"B01";"1";"10";"0";"2";"2";"1";"1";""
"202400009043";"155765884";"A01";"1";"7";"0";"2";"1";"2";"0";""
"202400009043";"155765886";"B01";"1";"7";"0";"2";"4";"2";"1";""
"202400009044";"155765881";"A01";"2";"33";"0";"2";"9";"3";"1";""
"202400009044";"155765882";"B01";"2";"7";"0";"2";"6";"0";"2";""
"202400009045";"155765879";"A01";"2";"10";"0";"2";"6";"1";"1";""
"202400009045";"155765880";"B01";"1";"33";"0";"2";"3";"13";"1";""
"202400009046";"155765876";"A01";"1";"32";"0";"0";"2";"5";"1";""
"202400009046";"155765878";"B01";"1";"15";"0";"0";"2";"9";"1";""
"202400009047";"155765874";"A01";"3";"31";"13";"0";"0";"21";"1";""
"202400009048";"155765875";"B01";"1";"7";"0";"2";"4";"2";"2";""
"202400009048";"155765877";"A01";"1";"7";"0";"2";"1";"2";"1";""
"202400009049";"155765872";"A01";"1";"31";"0";"2";"3";"2";"1";""
"202400009049";"155765873";"B01";"1";"21";"0";"0";"6";"1";"1";""
"202400009050";"155765868";"B01";"2";"33";"0";"2";"3";"1";"1";""
"202400009050";"155765870";"A01";"1";"7";"0";"2";"2";"10";"1";""
"202400009051";"155765869";"A01";"1";"7";"0";"2";"5";"14";"1";""
"202400009051";"155765871";"B01";"1";"33";"0";"2";"3";"3";"1";""
"202400009052";"155765866";"A01";"3";"7";"0";"1";"2";"1";"0";""
"202400009053";"155765865";"B01";"1";"32";"1";"2";"6";"7";"1";""
"202400009053";"155765867";"A01";"1";"7";"1";"2";"2";"12";"1";""