"Num_Acc";"id_vehicule";"num_veh";"senc";"catv";"obs";"obsm";"choc";"manv";"motor";"occutc"
"202400009054";"155765863";"A01";"3";"15";"0";"0";"2";"15";"1";""
"202400009054";"155765864";"B01";"2";"7";"0";"2";"1";"1";"1";""
"202400009055";"155765860";"B01";"2";"50";"0";"2";"1";"17";"3";""
"202400009055";"155765862";"A01";"2";"7";"14";"2";"8";"15";"3";""
"202400009056";"155765859";"A01";"1";"7";"0";"2";"3";"16";"1";""
"202400009056";"155765861";"B01";"1";"7";"0";"2";"2";"1";"1";""
"202400009057";"155765856";"A01";"3";"7";"0";"2";"4";"23";"1";""
"202400009057";"155765858";"B01";"3";"10";"0";"2";"1";"2";"1";""
"202400009058";"155765855";"A01";"3";"32";"0";"2";"2";"17";"1";""
"202400009058";"155765857";"B01";"3";"7";"0";"2";"3";"15";"2";""
"202400009059";"155765853";"A01";"2";"7";"0";"2";"5";"1";"1";""
"202400009059";"155765854";"B01";"2";"7";"0";"2";"3";"2";"1";""
"202400009060";"155765852";"A01";"1";"2";"0";"0";"0";"26";"3";""
"202400009061";"155765850";"A01";"2";"7";"0";"2";"2";"1";"1";""
"202400009061";"155765851";"B01";"2";"7";"0";"2";"6";"1";"1";""
"202400009062";"155765847";"A01";"2";"17";"0";"2";"5";"12";"1";""
"202400009062";"155765849";"B01";"2";"7";"0";"2";"8";"1";"1";""
"202400009063";"155765846";"A01";"2";"34";"0";"2";"2";"2";"1";""
"202400009063";"155765848";"B01";"2";"7";"0";"2";"0";"0";"2";""
"202400009064";"155765844";"Z01";"2";"15";"0";"2";"8";"1";"1";""
"202400009064";"155765845";"B01";"2";"7";"0";"2";"8";"12";"1";""
"202400009065";"155765842";"A01";"3";"7";"0";"2";"3";"15";"1";""
"202400009065";"155765843";"B01";"1";"33";"0";"2";"7";"1";"1";""
"202400009066";"155765840";"A01";"2";"33";"0";"2";"1";"21";"1";""
"202400009066";"155765841";"B01";"2";"7";"0";"2";"4";"2";"1";""
"202400009067";"155765837";"A01";"3";"15";"0";"2";"1";"1";"1";""
"202400009067";"155765839";"B01";"3";"7";"0";"2";"2";"15";"1";""
"202400009068";"155765836";"A01";"2";"7";"0";"2";"7";"12";"1";""
"202400009068";"155765838";"B01";"2";"33";"0";"2";"8";"3";"1";""
"202400009069";"155765832";"A01";"2";"33";"0";"2";"1";"17";"1";""
"202400009069";"155765834";"B01";"2";"7";"0";"2";"5";"12";"1";""
"202400009070";"155765833";"A01";"1";"7";"0";"2";"8";"19";"1";""
"202400009070";"155765835";"B01";"1";"7";"0";"2";"3";"1";"2";""
"202400009071";"155765831";"A01";"1";"43";"0";"2";"3";"14";"1";""
"202400009072";"155765829";"B01";"2";"7";"0";"2";"1";"1";"1";""
"202400009072";"155765830";"A01";"1";"10";"0";"2";"1";"1";"1";""
"202400009073";"155765828";"A01";"2";"7";"0";"2";"1";"26";"1";""
"202400009074";"155765827";"A01";"1";"7";"0";"1";"5";"4";"1";""
"202400009075";"155765826";"A01";"2";"7";"4";"0";"1";"1";"1";""
"202400009076";"155765821";"B01";"3";"80";"0";"2";"2";"1";"3";""
"202400009076";"155765825";"A01";"3";"7";"0";"2";"1";"1";"2";""
"202400009077";"155765818";"E01";"2";"15";"0";"2";"3";"1";"1";""
"202400009077";"155765819";"B01";"2";"13";"0";"2";"0";"0";"1";""
"202400009077";"155765820";"D01";"2";"7";"0";"2";"4";"2";"1";""
"202400009077";"155765822";"C01";"2";"10";"0";"2";"4";"12";"1";""
"202400009077";"155765823";"A01";"2";"7";"3";"2";"0";"0";"1";""
"202400009077";"155765824";"F01";"2";"7";"0";"2";"7";"0";"1";""
"202400009078";"155765816";"A01";"1";"2";"12";"0";"0";"0";"1";""
"202400009079";"155765815";"A01";"1";"33";"0";"2";"1";"3";"1";""
"202400009079";"155765817";"B01";"1";"7";"0";"2";"4";"1";"1";""
"202400009080";"155765814";"A01";"1";"41";"0";"0";"0";"0";"1";""
"202400009081";"155765813";"A01";"1";"7";"2";"0";"3";"0";"1";""
"202400009082";"155765811";"B01";"1";"30";"0";"2";"8";"1";"1";""
"202400009082";"155765812";"A01";"1";"7";"0";"2";"3";"15";"1";""
"202400009083";"155765810";"A01";"0";"60";"0";"0";"0";"3";"5";""
"202400009084";"155765808";"A01";"1";"7";"0";"2";"0";"0";"1";""
"202400009084";"155765809";"B01";"1";"7";"0";"2";"0";"0";"1";""
"202400009085";"155765807";"A01";"1";"2";"0";"0";"0";"0";"1";""
"202400009086";"155765806";"A01";"1";"1";"1";"0";"0";"0";"5";""
"202400009087";"155765805";"A01";"1";"7";"6";"9";"1";"1";"1";""
"202400009088";"155765803";"B01";"2";"1";"0";"2";"0";"0";"5";""
"202400009088";"155765804";"A01";"2";"7";"0";"2";"0";"0";"1";""
"202400009089";"155765801";"A01";"0";"7";"0";"1";"2";"0";"1";""
"202400009090";"155765802";"A01";"1";"30";"0";"0";"8";"1";"3";""
"202400009091";"155765799";"A01";"2";"1";"1";"0";"1";"1";"5";""
"202400009091";"155765800";"B01";"2";"10";"0";"2";"4";"24";"1";""
"202400009092";"155765797";"A01";"3";"30";"0";"2";"1";"0";"0";""
"202400009092";"155765798";"B01";"3";"1";"0";"2";"4";"1";"5";""
"202400009093";"155765795";"B01";"2";"7";"0";"2";"3";"1";"1";""
"202400009093";"155765796";"A01";"1";"30";"0";"2";"7";"1";"3";""
"202400009094";"155765791";"B01";"1";"7";"0";"2";"1";"26";"1";""
"202400009094";"155765793";"A01";"1";"7";"0";"2";"2";"1";"1";""
"202400009095";"155765788";"B01";"1";"36";"0";"2";"8";"15";"1";""
"202400009095";"155765790";"Z01";"1";"7";"0";"2";"1";"1";"0";""
"202400009096";"155765786";"A01";"1";"7";"0";"2";"1";"9";"1";""
"202400009096";"155765789";"B01";"1";"7";"0";"2";"2";"1";"1";""
"202400009097";"155765785";"B01";"1";"7";"0";"2";"1";"15";"1";""
"202400009097";"155765787";"A01";"2";"7";"0";"2";"7";"1";"1";""
"202400009098";"155765781";"A01";"1";"1";"0";"0";"3";"1";"5";""
"202400009098";"155765783";"B01";"1";"7";"0";"2";"3";"1";"1";""
"202400009099";"155765782";"A01";"3";"7";"0";"2";"1";"16";"1";""
"202400009099";"155765784";"Y01";"0";"50";"0";"2";"7";"26";"3";""
"202400009100";"155765778";"A01";"3";"10";"0";"2";"3";"1";"1";""
"202400009100";"155765780";"B01";"3";"10";"0";"2";"1";"1";"1";""
"202400009101";"155765779";"A01";"2";"33";"2";"0";"1";"1";"1";""
"202400009102";"155765774";"A01";"2";"7";"0";"2";"3";"9";"1";""
"202400009102";"155765777";"B01";"1";"30";"0";"2";"2";"9";"1";""
"202400009103";"155765772";"B01";"2";"7";"0";"2";"8";"1";"1";""
"202400009103";"155765773";"A01";"2";"7";"0";"2";"1";"1";"1";""
"202400009104";"155765770";"A01";"3";"7";"0";"2";"1";"13";"1";""
"202400009104";"155765771";"B01";"3";"7";"0";"2";"1";"1";"1";""
"202400009105";"155765767";"B01";"2";"1";"0";"2";"1";"1";"5";""
"202400009105";"155765769";"A01";"2";"7";"0";"2";"3";"9";"1";""
"202400009106";"155765768";"A01";"2";"7";"8";"0";"1";"21";"1";""
"202400009107";"155765765";"B01";"1";"7";"0";"2";"1";"1";"1";""
"202400009107";"155765766";"A01";"2";"30";"0";"2";"7";"5";"1";""
"202400009108";"155765762";"A01";"1";"10";"0";"2";"2";"16";"1";""
"202400009108";"155765763";"B01";"1";"2";"0";"2";"3";"1";"1";""
"202400009109";"155765760";"Z01";"1";"7";"0";"1";"1";"1";"1";""
"202400009110";"155765761";"A01";"2";"34";"0";"2";"1";"17";"1";""
"202400009110";"155765764";"B01";"2";"7";"0";"9";"8";"15";"1";""
"202400009111";"155765759";"A01";"1";"33";"0";"1";"1";"1";"1";""
"202400009112";"155765757";"A01";"2";"50";"0";"2";"1";"1";"3";""
"202400009112";"155765758";"B01";"2";"7";"0";"9";"5";"1";"1";""
"202400009113";"155765756";"A01";"3";"30";"0";"0";"0";"26";"1";""
"202400009114";"155765752";"A01";"1";"7";"0";"2";"3";"9";"1";""
"202400009114";"155765753";"B01";"1";"2";"0";"2";"7";"1";"1";""
"202400009115";"155765750";"A01";"1";"7";"0";"2";"1";"1";"1";""
"202400009115";"155765751";"B01";"1";"33";"0";"0";"4";"2";"1";""
"202400009116";"155765746";"B01";"1";"7";"0";"2";"1";"19";"2";""
"202400009116";"155765748";"A01";"1";"7";"0";"2";"5";"19";"2";""
"202400009117";"155765744";"A01";"3";"7";"15";"0";"0";"1";"1";""
"202400009118";"155765743";"A01";"3";"7";"0";"2";"1";"1";"1";""
"202400009118";"155765745";"B01";"3";"2";"0";"2";"2";"1";"1";""
"202400009119";"155765740";"A01";"1";"7";"0";"2";"3";"19";"0";""
"202400009119";"155765742";"B01";"2";"7";"0";"2";"2";"1";"0";""
"202400009120";"155765739";"A01";"3";"31";"1";"0";"1";"10";"1";""
"202400009121";"155765738";"B01";"3";"80";"0";"2";"7";"9";"2";""
"202400009121";"155765741";"A01";"3";"14";"0";"2";"8";"9";"1";""
"202400009122";"155765736";"A01";"1";"7";"0";"1";"1";"26";"1";""
"202400009123";"155765735";"A01";"0";"7";"0";"2";"1";"13";"1";""
"202400009123";"155765737";"B01";"0";"7";"0";"2";"1";"1";"1";""
"202400009124";"155765733";"B01";"2";"7";"0";"2";"1";"1";"1";""
"202400009124";"155765734";"A01";"1";"2";"0";"2";"7";"1";"1";""
"202400009125";"155765731";"A01";"2";"7";"0";"2";"8";"19";"1";""
"202400009125";"155765732";"B01";"2";"50";"0";"2";"2";"1";"3";""
"202400009126";"155765729";"B01";"2";"30";"0";"2";"1";"1";"1";""
"202400009126";"155765730";"A01";"2";"7";"0";"2";"3";"13";"1";""
"202400009127";"155765728";"A01";"3";"3";"0";"1";"1";"0";"0";""
"202400009128";"155765727";"A01";"2";"7";"1";"0";"1";"12";"0";""
"202400009129";"155765722";"B01";"3";"7";"0";"2";"4";"23";"1";""
"202400009129";"155765724";"C01";"3";"7";"0";"2";"4";"23";"2";""
"202400009129";"155765725";"Z01";"3";"7";"0";"2";"1";"26";"1";""
"202400009130";"155765720";"A01";"1";"30";"0";"2";"2";"1";"1";""
"202400009130";"155765721";"B01";"1";"7";"0";"2";"3";"15";"1";""
"202400009131";"155765718";"A01";"2";"7";"0";"2";"3";"13";"1";""
"202400009131";"155765719";"B01";"1";"7";"0";"2";"2";"0";"1";""
"202400009132";"155765716";"A01";"1";"7";"0";"2";"2";"1";"1";""
"202400009132";"155765717";"B01";"1";"7";"0";"2";"6";"15";"1";""
"202400009133";"155765712";"A01";"2";"7";"0";"2";"1";"1";"1";""
"202400009133";"155765714";"B01";"1";"7";"0";"2";"1";"5";"1";""
"202400009134";"155765713";"A01";"1";"7";"0";"9";"1";"9";"1";""
"202400009134";"155765715";"B01";"1";"50";"0";"2";"1";"1";"3";""
"202400009135";"155765709";"B01";"1";"50";"0";"2";"8";"1";"3";""
"202400009135";"155765710";"A01";"1";"10";"0";"2";"7";"14";"1";""
"202400009136";"155765708";"B01";"0";"50";"0";"2";"6";"19";"3";""
"202400009136";"155765711";"A01";"3";"7";"0";"2";"1";"1";"1";""
"202400009137";"155765705";"B01";"3";"80";"0";"2";"4";"1";"3";""
"202400009137";"155765707";"A01";"1";"7";"0";"2";"1";"9";"1";""
"202400009138";"155765704";"A01";"1";"10";"0";"2";"1";"16";"1";""
"202400009138";"155765706";"B01";"2";"43";"0";"2";"8";"1";"1";""
"202400009139";"155765702";"A01";"2";"7";"13";"0";"1";"11";"1";""
"202400009140";"155765701";"A01";"1";"7";"0";"2";"1";"1";"1";""
"202400009140";"155765703";"B01";"1";"7";"0";"2";"4";"1";"2";""
"202400009141";"155765699";"A01";"1";"7";"0";"2";"0";"0";"1";""
"202400009141";"155765700";"B01";"1";"2";"0";"2";"5";"17";"1";""
"202400009142";"155765697";"A01";"1";"37";"0";"2";"1";"1";"1";"1"
"202400009142";"155765698";"B01";"1";"37";"0";"2";"4";"2";"1";"1"
"202400009143";"155765693";"B01";"1";"7";"0";"2";"4";"2";"1";""
"202400009143";"155765695";"A01";"1";"7";"0";"2";"1";"2";"1";""
"202400009143";"155765696";"C01";"1";"7";"0";"2";"4";"2";"1";""
"202400009144";"155765692";"A01";"1";"7";"0";"2";"1";"26";"0";""
"202400009144";"155765694";"B01";"1";"80";"0";"2";"0";"0";"3";""
"202400009145";"155765690";"A01";"3";"33";"0";"2";"2";"1";"1";""
"202400009145";"155765691";"B01";"3";"7";"0";"2";"3";"9";"1";""
"202400009146";"155765688";"A01";"3";"7";"0";"2";"1";"2";"1";""
"202400009146";"155765689";"B01";"3";"7";"0";"2";"4";"23";"1";""
"202400009147";"155765686";"B01";"2";"1";"0";"2";"1";"2";"5";""
"202400009147";"155765687";"A01";"2";"7";"1";"0";"4";"1";"1";""
"202400009148";"155765682";"B01";"2";"41";"0";"2";"3";"15";"3";""
"202400009148";"155765684";"A01";"2";"33";"0";"2";"7";"11";"1";""
"202400009148";"155765685";"C01";"1";"1";"0";"2";"0";"5";"5";""
"202400009149";"155765681";"A01";"3";"7";"0";"2";"2";"1";"1";""
"202400009149";"155765683";"B01";"1";"99";"0";"2";"1";"1";"2";""
"202400009150";"155765680";"A01";"1";"7";"0";"1";"8";"1";"1";""
"202400009151";"155765678";"A01";"2";"1";"0";"2";"1";"18";"5";""
"202400009151";"155765679";"B01";"1";"37";"0";"0";"6";"1";"2";"1"
"202400009152";"155765677";"A01";"1";"7";"0";"1";"1";"1";"1";""
"202400009153";"155765676";"A01";"1";"33";"11";"0";"3";"1";"1";""
"202400009154";"155765672";"B01";"3";"99";"0";"2";"3";"1";"2";""
"202400009154";"155765673";"A01";"3";"7";"0";"2";"1";"1";"2";""
"202400009155";"155765669";"B01";"3";"7";"0";"2";"3";"1";"0";""
"202400009155";"155765671";"A01";"3";"3";"0";"2";"1";"13";"0";""
"202400009156";"155765668";"A01";"1";"80";"0";"2";"1";"5";"3";""
"202400009156";"155765670";"B01";"2";"1";"0";"2";"1";"1";"5";""
"202400009157";"155765667";"A01";"1";"1";"1";"0";"1";"1";"5";""
"202400009158";"155765666";"A01";"1";"7";"0";"1";"2";"1";"1";""
"202400009159";"155765665";"A01";"1";"80";"0";"0";"0";"2";"3";""
"202400009160";"155765662";"B01";"2";"7";"0";"2";"4";"2";"1";""
"202400009160";"155765663";"A01";"2";"33";"0";"2";"1";"2";"1";""
"202400009161";"155765661";"A01";"1";"30";"0";"2";"5";"1";"1";""
"202400009161";"155765664";"B01";"1";"7";"0";"2";"1";"9";"0";""
"202400009162";"155765658";"A01";"2";"10";"0";"2";"4";"4";"0";""
"202400009162";"155765660";"B01";"2";"2";"0";"2";"1";"1";"1";""
"202400009163";"155765657";"B01";"3";"1";"0";"2";"1";"1";"5";""
"202400009163";"155765659";"A01";"3";"30";"0";"2";"1";"5";"1";""
"202400009164";"155765654";"A01";"3";"7";"0";"2";"2";"0";"0";""
"202400009164";"155765656";"B01";"0";"1";"0";"2";"5";"0";"5";""
"202400009165";"155765653";"B01";"3";"31";"0";"2";"2";"17";"1";""
"202400009165";"155765655";"A01";"1";"7";"0";"2";"3";"10";"1";""
"202400009166";"155765651";"Z01";"3";"7";"0";"2";"2";"16";"1";""
"202400009166";"155765652";"B01";"3";"1";"0";"2";"3";"26";"5";""
"202400009167";"155765649";"B01";"1";"33";"0";"2";"8";"2";"1";""
"202400009167";"155765650";"A01";"1";"7";"0";"2";"2";"0";"1";""
"202400009168";"155765647";"B01";"2";"30";"0";"2";"1";"2";"1";""
"202400009168";"155765648";"A01";"2";"7";"0";"2";"3";"20";"1";""
"202400009169";"155765646";"A01";"3";"40";"0";"1";"1";"1";"3";""
"202400009170";"155765644";"A01";"3";"7";"0";"2";"3";"1";"1";""
"202400009170";"155765645";"B01";"3";"33";"0";"2";"5";"1";"1";""
"202400009171";"155765643";"A01";"0";"7";"0";"1";"1";"1";"1";""
"202400009172";"155765641";"A01";"0";"7";"1";"0";"9";"2";"1";""
"202400009173";"155765640";"B01";"0";"7";"0";"2";"3";"10";"1";""
"202400009173";"155765642";"A01";"0";"10";"0";"2";"2";"2";"1";""
"202400009174";"155765638";"A01";"1";"7";"3";"0";"8";"1";"1";""
"202400009175";"155765637";"A01";"1";"7";"0";"2";"2";"16";"1";""
"202400009175";"155765639";"B01";"1";"60";"0";"2";"0";"1";"5";""
"202400009176";"155765635";"B01";"1";"50";"0";"2";"1";"1";"3";""
"202400009176";"155765636";"A01";"2";"7";"0";"2";"3";"17";"1";""
"202400009177";"155765633";"A01";"1";"7";"0";"2";"3";"15";"1";""
"202400009177";"155765634";"B01";"2";"33";"0";"2";"3";"1";"1";""
"202400009178";"155765632";"A01";"1";"7";"0";"1";"3";"2";"1";""
"202400009179";"155765630";"B01";"1";"7";"0";"2";"5";"1";"2";""
"202400009179";"155765631";"A01";"1";"34";"0";"2";"3";"11";"1";""
"202400009180";"155765628";"B01";"2";"1";"0";"2";"1";"1";"5";""
"202400009180";"155765629";"A01";"1";"1";"0";"2";"1";"1";"5";""
"202400009181";"155765626";"B01";"1";"32";"0";"0";"0";"0";"0";""
"202400009181";"155765627";"A01";"2";"7";"0";"0";"0";"0";"1";""
"202400009182";"155765625";"A01";"3";"7";"0";"1";"3";"1";"1";""
"202400009183";"155765624";"A01";"2";"7";"0";"9";"1";"1";"1";""
"202400009184";"155765623";"A01";"1";"7";"0";"1";"1";"16";"1";""
"202400009185";"155765621";"A01";"2";"7";"14";"2";"3";"1";"1";""
"202400009185";"155765622";"B01";"1";"7";"0";"2";"3";"17";"1";""
"202400009186";"155765619";"A01";"1";"7";"0";"9";"1";"1";"1";""
"202400009186";"155765620";"B01";"1";"50";"0";"2";"3";"19";"3";""
"202400009187";"155765616";"B01";"1";"33";"0";"2";"0";"2";"1";""
"202400009187";"155765618";"A01";"1";"7";"0";"2";"2";"2";"1";""
"202400009188";"155765615";"A01";"1";"7";"0";"2";"3";"15";"1";""
"202400009188";"155765617";"B01";"1";"33";"0";"2";"2";"17";"1";""
"202400009189";"155765612";"B01";"1";"33";"0";"2";"1";"1";"1";""
"202400009189";"155765614";"A01";"1";"7";"0";"2";"7";"19";"1";""
"202400009190";"155765610";"A01";"1";"32";"12";"0";"1";"2";"1";""
"202400009191";"155765608";"A01";"1";"7";"0";"2";"2";"19";"1";""
"202400009191";"155765609";"B01";"1";"7";"0";"2";"3";"1";"1";""
"202400009192";"155765606";"A01";"2";"33";"0";"2";"1";"13";"1";""
"202400009192";"155765607";"B01";"1";"33";"0";"2";"1";"1";"1";""
"202400009193";"155765605";"A01";"1";"7";"0";"1";"3";"15";"1";""
"202400009194";"155765603";"A01";"1";"7";"0";"0";"1";"0";"1";""
"202400009195";"155765601";"B01";"1";"7";"0";"2";"3";"15";"0";""
"202400009195";"155765602";"A01";"2";"10";"0";"2";"3";"1";"1";""
"202400009196";"155765600";"A01";"3";"7";"2";"0";"3";"13";"1";""
"202400009197";"155765599";"A01";"1";"7";"0";"1";"1";"19";"2";""
"202400009198";"155765597";"A01";"1";"1";"0";"1";"7";"15";"5";""
"202400009199";"155765596";"A01";"1";"10";"0";"1";"1";"15";"1";""
"202400009200";"155765598";"A01";"3";"30";"12";"0";"6";"21";"3";""
"202400009201";"155765594";"B01";"2";"37";"0";"2";"3";"10";"3";"1"
"202400009201";"155765595";"A01";"2";"7";"0";"2";"5";"1";"2";""
"202400009202";"155765592";"A01";"2";"7";"0";"2";"5";"1";"1";""
"202400009202";"155765593";"B01";"2";"10";"0";"2";"1";"1";"3";""
"202400009203";"155765590";"A01";"1";"7";"0";"2";"6";"4";"1";""
"202400009203";"155765591";"B01";"1";"80";"0";"2";"1";"1";"3";""
"202400009204";"155765589";"A01";"1";"7";"0";"1";"1";"1";"1";""
"202400009205";"155765588";"A01";"2";"7";"0";"1";"4";"4";"1";""
"202400009206";"155765586";"B01";"2";"1";"0";"2";"1";"1";"5";""
"202400009206";"155765587";"A01";"2";"7";"0";"2";"5";"24";"2";""
"202400009207";"155765584";"B01";"1";"7";"0";"2";"4";"23";"1";""
"202400009207";"155765585";"A01";"1";"14";"0";"2";"1";"1";"1";""
"202400009208";"155765583";"A01";"2";"30";"0";"0";"0";"1";"1";""
"202400009209";"155765582";"Z01";"2";"1";"0";"1";"1";"1";"5";""
"202400009210";"155765581";"A01";"2";"2";"0";"0";"7";"1";"3";""
"202400009211";"155765579";"A01";"2";"7";"0";"2";"7";"23";"2";""
"202400009211";"155765580";"B01";"2";"80";"0";"2";"1";"1";"3";""
"202400009212";"155765578";"A01";"2";"80";"0";"1";"1";"1";"3";""
"202400009213";"155765576";"A01";"3";"7";"0";"2";"1";"0";"1";""
"202400009213";"155765577";"B01";"3";"14";"0";"2";"4";"23";"1";""
"202400009214";"155765574";"A01";"3";"10";"0";"2";"8";"22";"1";""
"202400009214";"155765575";"B01";"3";"1";"0";"2";"2";"1";"5";""
"202400009215";"155765572";"B01";"2";"7";"0";"2";"1";"15";"1";""
"202400009215";"155765573";"A01";"2";"43";"0";"2";"1";"17";"1";""
"202400009216";"155765570";"A01";"2";"7";"1";"0";"3";"21";"1";""
"202400009216";"155765571";"B01";"1";"7";"0";"0";"3";"1";"1";""
"202400009217";"155765568";"B01";"0";"60";"0";"2";"8";"0";"5";""
"202400009217";"155765569";"A01";"0";"7";"0";"9";"3";"0";"1";""
"202400009218";"155765566";"A01";"1";"30";"0";"2";"1";"5";"3";""
"202400009218";"155765567";"B01";"0";"34";"0";"0";"0";"0";"0";""
"202400009219";"155765565";"A01";"1";"7";"0";"1";"2";"1";"0";""
"202400009220";"155765564";"A01";"3";"7";"0";"1";"2";"26";"2";""
"202400009221";"155765563";"A01";"3";"50";"0";"0";"0";"0";"3";""
"202400009222";"155765561";"B01";"3";"32";"0";"2";"1";"16";"1";""
"202400009222";"155765562";"A01";"1";"10";"0";"2";"0";"0";"1";""
"202400009223";"155765559";"B01";"3";"7";"0";"2";"2";"1";"1";""
"202400009223";"155765560";"A01";"3";"10";"0";"2";"3";"20";"1";""
"202400009224";"155765557";"B01";"1";"37";"0";"2";"8";"2";"1";"1"
"202400009224";"155765558";"A01";"1";"50";"0";"2";"7";"17";"3";""
"202400009225";"155765555";"A01";"1";"7";"0";"2";"6";"9";"1";""
"202400009225";"155765556";"B01";"1";"30";"0";"2";"3";"2";"1";""
"202400009226";"155765553";"A01";"1";"2";"0";"2";"1";"2";"1";""
"202400009226";"155765554";"B01";"1";"7";"0";"2";"4";"2";"1";""
"202400009227";"155765551";"A01";"2";"7";"0";"2";"1";"5";"1";""
"202400009227";"155765552";"B01";"2";"7";"0";"2";"3";"1";"2";""
"202400009228";"155765549";"B01";"2";"34";"0";"2";"1";"2";"1";""
"202400009228";"155765550";"A01";"2";"80";"0";"2";"8";"13";"3";""
"202400009229";"155765548";"A01";"1";"7";"2";"0";"1";"13";"1";""
"202400009230";"155765546";"A01";"1";"7";"5";"2";"5";"14";"1";""
"202400009230";"155765547";"B01";"1";"7";"5";"2";"3";"1";"1";""
"202400009231";"155765545";"A01";"2";"7";"0";"0";"9";"1";"1";""
"202400009232";"155765544";"A01";"1";"30";"12";"0";"1";"13";"1";""
"202400009233";"155765543";"A01";"1";"7";"0";"0";"0";"1";"1";""
"202400009234";"155765542";"A01";"2";"7";"2";"0";"1";"1";"1";""
"202400009235";"155765540";"A01";"2";"1";"0";"2";"3";"13";"5";""
"202400009235";"155765541";"B01";"1";"7";"0";"2";"3";"1";"1";""
"202400009236";"155765538";"B01";"1";"33";"0";"2";"2";"1";"1";""
"202400009236";"155765539";"A01";"1";"7";"0";"2";"3";"15";"1";""
"202400009237";"155765536";"A01";"2";"7";"0";"2";"1";"17";"1";""
"202400009237";"155765537";"B01";"1";"7";"0";"2";"1";"17";"1";""
"202400009238";"155765534";"B01";"1";"2";"0";"0";"4";"15";"1";""
"202400009238";"155765535";"A01";"1";"7";"0";"2";"1";"1";"1";""
"202400009239";"155765532";"A01";"1";"7";"0";"0";"1";"1";"1";""
"202400009239";"155765533";"B01";"1";"1";"0";"0";"4";"1";"5";""
"202400009240";"155765530";"A01";"1";"7";"13";"0";"2";"14";"1";""
"202400009241";"155765528";"A01";"1";"7";"13";"0";"2";"1";"1";""
"202400009242";"155765526";"A01";"1";"10";"0";"2";"1";"1";"1";""
"202400009242";"155765527";"B01";"2";"7";"0";"2";"1";"1";"1";""
"202400009243";"155765524";"B01";"1";"33";"0";"2";"1";"2";"1";""
"202400009243";"155765525";"A01";"1";"34";"0";"2";"4";"2";"1";""
"202400009244";"155765523";"A01";"1";"33";"8";"0";"1";"13";"1";""
"202400009245";"155765521";"A01";"1";"7";"0";"2";"1";"1";"1";""
"202400009245";"155765522";"B01";"1";"1";"0";"0";"4";"1";"5";""
"202400009246";"155765519";"A01";"2";"37";"0";"2";"1";"1";"1";"1"
"202400009246";"155765520";"B01";"1";"7";"0";"2";"1";"1";"1";""
"202400009247";"155765517";"A01";"0";"7";"0";"2";"6";"15";"1";""
"202400009247";"155765518";"B01";"1";"2";"0";"2";"1";"0";"1";""
"202400009248";"155765514";"A01";"1";"7";"1";"1";"2";"17";"1";""
"202400009249";"155765512";"B01";"2";"7";"0";"0";"4";"0";"1";""
"202400009249";"155765513";"A01";"2";"14";"0";"0";"1";"0";"1";""
"202400009250";"155765510";"B01";"1";"34";"1";"0";"1";"12";"1";""
"202400009250";"155765511";"A01";"1";"7";"0";"0";"6";"23";"1";""
"202400009251";"155765507";"A01";"1";"7";"0";"2";"3";"13";"1";""
"202400009251";"155765508";"B01";"2";"7";"0";"2";"1";"1";"1";""
"202400009252";"155765505";"A01";"2";"10";"0";"2";"1";"15";"1";""
"202400009252";"155765506";"B01";"1";"1";"0";"2";"1";"16";"5";""
"202400009253";"155765504";"A01";"3";"16";"13";"0";"1";"1";"1";""
"202400009254";"155765502";"A01";"2";"7";"0";"2";"3";"13";"1";""
"202400009254";"155765503";"B01";"1";"7";"0";"2";"3";"1";"1";""
"202400009255";"155765501";"A01";"1";"30";"12";"0";"2";"14";"1";""
"202400009256";"155765500";"A01";"1";"7";"15";"0";"1";"0";"1";""
"202400009257";"155765499";"A01";"1";"7";"0";"0";"0";"1";"1";""
"202400009258";"155765497";"A01";"2";"10";"0";"2";"2";"1";"1";""
"202400009258";"155765498";"B01";"1";"1";"0";"2";"8";"1";"5";""
"202400009259";"155765495";"A01";"2";"7";"0";"2";"1";"13";"1";""
"202400009259";"155765496";"B01";"1";"33";"0";"2";"1";"1";"1";""
"202400009260";"155765492";"C01";"1";"7";"0";"2";"8";"0";"1";""
"202400009260";"155765493";"A01";"2";"7";"0";"2";"3";"13";"1";""
"202400009260";"155765494";"B01";"1";"7";"0";"2";"1";"0";"1";""
"202400009261";"155765488";"B01";"1";"16";"0";"2";"2";"14";"1";""
"202400009261";"155765489";"A01";"1";"7";"0";"2";"8";"1";"2";""
"202400009262";"155765487";"A01";"1";"14";"0";"1";"3";"1";"1";""
"202400009263";"155765485";"A01";"2";"7";"0";"2";"1";"5";"1";""
"202400009263";"155765486";"B01";"1";"10";"0";"2";"1";"17";"1";""
"202400009264";"155765482";"A01";"1";"7";"0";"2";"1";"13";"1";""
"202400009264";"155765483";"B01";"1";"7";"0";"2";"3";"1";"1";""
"202400009264";"155765484";"C01";"1";"10";"0";"2";"4";"1";"1";""
"202400009265";"155765481";"A01";"1";"7";"6";"0";"2";"14";"0";""
"202400009266";"155765479";"A01";"1";"7";"1";"0";"1";"0";"1";""
"202400009266";"155765480";"B01";"1";"7";"0";"2";"4";"0";"1";""
"202400009267";"155765477";"B01";"1";"17";"0";"2";"3";"1";"1";""
"202400009267";"155765478";"A01";"1";"7";"0";"2";"2";"12";"1";""