"Num_Acc";"id_vehicule";"num_veh";"senc";"catv";"obs";"obsm";"choc";"manv";"motor";"occutc"
"202400009268";"155765476";"A01";"2";"7";"4";"0";"1";"1";"1";""
"202400009269";"155765475";"A01";"1";"7";"3";"0";"1";"1";"1";""
"202400009270";"155765474";"A01";"2";"33";"0";"0";"3";"3";"1";""
"202400009271";"155765472";"A01";"2";"7";"0";"2";"3";"21";"1";""
"202400009271";"155765473";"B01";"2";"7";"4";"2";"4";"23";"1";""
"202400009272";"155765471";"A01";"1";"7";"4";"0";"8";"1";"1";""
"202400009273";"155765469";"B01";"1";"7";"0";"2";"4";"11";"2";""
"202400009273";"155765470";"A01";"1";"7";"0";"2";"2";"2";"2";""
"202400009274";"155765467";"B01";"2";"31";"0";"2";"2";"3";"1";""
"202400009274";"155765468";"A01";"2";"7";"0";"2";"3";"11";"1";""
"202400009275";"155765465";"A01";"1";"7";"0";"2";"5";"0";"1";""
"202400009275";"155765466";"B01";"1";"43";"0";"2";"1";"0";"1";""
"202400009276";"155765462";"C01";"2";"7";"0";"2";"4";"2";"1";""
"202400009276";"155765463";"B01";"2";"7";"0";"2";"4";"2";"1";""
"202400009276";"155765464";"A01";"2";"7";"0";"2";"1";"2";"1";""
"202400009277";"155765460";"B01";"1";"7";"4";"0";"4";"1";"1";""
"202400009277";"155765461";"A01";"1";"7";"0";"2";"1";"1";"1";""
"202400009278";"155765457";"A01";"2";"7";"0";"2";"1";"13";"1";""
"202400009278";"155765458";"B01";"1";"7";"0";"2";"1";"1";"1";""
"202400009278";"155765459";"C01";"1";"7";"0";"2";"2";"1";"1";""
"202400009279";"155765456";"A01";"3";"1";"0";"0";"0";"1";"5";""
"202400009280";"155765454";"A01";"1";"7";"0";"2";"4";"23";"1";""
"202400009280";"155765455";"B01";"1";"7";"0";"2";"2";"2";"1";""
"202400009281";"155765453";"A01";"1";"7";"3";"0";"1";"13";"1";""
"202400009282";"155765451";"B01";"2";"7";"0";"2";"2";"15";"1";""
"202400009282";"155765452";"A01";"2";"50";"0";"2";"3";"13";"3";""
"202400009283";"155765450";"A01";"2";"14";"5";"0";"1";"0";"1";""
"202400009284";"155765448";"B01";"1";"10";"0";"2";"3";"21";"1";""
"202400009284";"155765449";"A01";"1";"31";"0";"2";"1";"21";"1";""
"202400009285";"155765447";"A01";"1";"10";"0";"1";"1";"1";"1";""
"202400009286";"155765445";"B01";"1";"50";"0";"2";"8";"1";"3";""
"202400009286";"155765446";"A01";"1";"7";"0";"2";"2";"16";"1";""
"202400009287";"155765444";"A01";"2";"7";"0";"1";"1";"1";"1";""
"202400009288";"155765442";"A01";"1";"1";"0";"2";"0";"0";"5";""
"202400009288";"155765443";"B01";"1";"7";"0";"2";"2";"1";"1";""
"202400009289";"155765441";"A01";"1";"37";"0";"1";"2";"16";"1";"1"
"202400009290";"155765438";"A01";"2";"17";"0";"2";"3";"1";"1";""
"202400009290";"155765439";"B01";"2";"7";"0";"0";"5";"12";"1";""
"202400009290";"155765440";"C01";"1";"7";"0";"2";"1";"1";"1";""
"202400009291";"155765435";"A01";"3";"7";"2";"0";"3";"13";"1";""
"202400009291";"155765436";"B01";"3";"7";"15";"0";"3";"1";"1";""
"202400009291";"155765437";"C01";"3";"7";"5";"0";"8";"1";"1";""
"202400009292";"155765434";"A01";"1";"7";"0";"1";"1";"1";"1";""
"202400009293";"155765432";"A01";"1";"7";"0";"2";"1";"17";"3";""
"202400009293";"155765433";"B01";"2";"33";"0";"2";"1";"1";"1";""
"202400009294";"155765430";"A01";"1";"7";"0";"2";"1";"15";"1";""
"202400009294";"155765431";"B01";"2";"7";"0";"2";"3";"9";"3";""
"202400009295";"155765428";"A01";"3";"7";"6";"2";"1";"11";"1";""
"202400009295";"155765429";"B01";"3";"7";"6";"2";"3";"2";"2";""
"202400009296";"155765426";"A01";"1";"10";"0";"2";"2";"26";"1";""
"202400009296";"155765427";"B01";"1";"10";"0";"2";"4";"23";"0";""
"202400009297";"155765424";"B01";"1";"7";"0";"2";"0";"0";"0";""
"202400009297";"155765425";"A01";"1";"7";"0";"2";"4";"26";"0";""
"202400009298";"155765421";"A01";"1";"7";"0";"0";"0";"1";"3";""
"202400009299";"155765419";"A01";"2";"15";"0";"2";"3";"2";"1";""
"202400009299";"155765420";"B01";"2";"7";"0";"2";"4";"2";"1";""
"202400009300";"155765417";"B01";"1";"10";"0";"2";"4";"1";"1";""
"202400009300";"155765418";"A01";"1";"10";"0";"2";"1";"2";"1";""
"202400009301";"155765415";"A01";"2";"7";"0";"2";"5";"12";"2";""
"202400009301";"155765416";"B01";"2";"33";"0";"2";"1";"3";"1";""
"202400009302";"155765413";"B01";"2";"7";"0";"2";"2";"12";"1";""
"202400009302";"155765414";"A01";"2";"32";"0";"2";"3";"3";"1";""
"202400009303";"155765411";"B01";"1";"34";"0";"2";"1";"0";"1";""
"202400009303";"155765412";"A01";"1";"7";"0";"2";"8";"0";"1";""
"202400009304";"155765409";"B01";"2";"33";"0";"2";"7";"3";"1";""
"202400009304";"155765410";"A01";"2";"7";"0";"2";"8";"11";"1";""
"202400009305";"155765406";"B01";"1";"33";"0";"2";"7";"3";"1";""
"202400009305";"155765407";"C01";"1";"7";"0";"2";"5";"1";"1";""
"202400009305";"155765408";"A01";"1";"7";"0";"2";"3";"11";"1";""
"202400009306";"155765404";"A01";"1";"15";"0";"2";"1";"2";"1";""
"202400009306";"155765405";"B01";"1";"15";"0";"2";"4";"1";"1";""
"202400009307";"155765402";"B01";"1";"7";"0";"2";"4";"2";"1";""
"202400009307";"155765403";"A01";"1";"10";"0";"2";"1";"2";"1";""
"202400009308";"155765400";"A01";"2";"7";"0";"2";"3";"0";"2";""
"202400009308";"155765401";"B01";"2";"43";"0";"2";"8";"0";"1";""
"202400009309";"155765398";"B01";"3";"30";"0";"2";"2";"1";"1";""
"202400009309";"155765399";"A01";"3";"10";"0";"2";"1";"26";"1";""
"202400009310";"155765396";"A01";"2";"7";"0";"2";"3";"11";"1";""
"202400009310";"155765397";"B01";"2";"30";"0";"2";"7";"3";"1";""
"202400009311";"155765395";"A01";"3";"32";"0";"0";"0";"16";"1";""
"202400009312";"155765394";"A01";"1";"10";"0";"1";"1";"15";"1";""
"202400009313";"155765393";"A01";"1";"50";"0";"0";"0";"0";"3";""
"202400009314";"155765391";"A01";"1";"7";"0";"9";"1";"1";"1";""
"202400009314";"155765392";"B01";"2";"1";"0";"2";"1";"1";"5";""
"202400009315";"155765389";"A01";"2";"7";"0";"2";"3";"2";"1";""
"202400009315";"155765390";"B01";"2";"32";"0";"2";"2";"17";"1";""
"202400009316";"155765387";"A01";"2";"7";"0";"2";"8";"15";"1";""
"202400009316";"155765388";"B01";"2";"2";"0";"2";"3";"2";"1";""
"202400009317";"155765385";"Y01";"1";"0";"0";"9";"5";"0";"0";""
"202400009317";"155765386";"A01";"1";"1";"0";"9";"1";"1";"5";""
"202400009318";"155765382";"A01";"1";"7";"0";"2";"3";"26";"1";""
"202400009318";"155765383";"C01";"1";"7";"0";"2";"3";"26";"1";""
"202400009318";"155765384";"B01";"1";"7";"0";"2";"3";"1";"1";""
"202400009319";"155765381";"A01";"3";"34";"0";"1";"1";"1";"1";""
"202400009320";"155765380";"A01";"1";"7";"8";"0";"1";"1";"1";""
"202400009321";"155765378";"B01";"2";"7";"0";"2";"6";"20";"1";""
"202400009321";"155765379";"A01";"1";"7";"0";"2";"2";"2";"1";""
"202400009322";"155765377";"A01";"1";"7";"0";"1";"3";"1";"1";""
"202400009323";"155765375";"B01";"2";"15";"0";"2";"1";"15";"1";""
"202400009323";"155765376";"A01";"1";"7";"0";"2";"1";"1";"1";""
"202400009324";"155765373";"A01";"2";"50";"0";"2";"1";"2";"3";""
"202400009324";"155765374";"B01";"1";"7";"0";"2";"4";"23";"1";""
"202400009325";"155765370";"A01";"2";"7";"1";"0";"1";"1";"1";""
"202400009326";"155765369";"A01";"3";"10";"8";"0";"1";"1";"1";""
"202400009327";"155765367";"A01";"0";"7";"0";"2";"1";"2";"1";""
"202400009327";"155765368";"B01";"0";"7";"0";"2";"4";"2";"1";""
"202400009328";"155765365";"A01";"1";"7";"0";"2";"4";"20";"1";""
"202400009328";"155765366";"B01";"1";"7";"0";"2";"3";"1";"1";""
"202400009329";"155765362";"C01";"1";"7";"0";"2";"5";"2";"1";""
"202400009329";"155765363";"A01";"1";"7";"0";"2";"1";"2";"1";""
"202400009329";"155765364";"B01";"1";"7";"0";"2";"4";"2";"1";""
"202400009330";"155765360";"A01";"2";"1";"0";"2";"8";"15";"5";""
"202400009330";"155765361";"Z01";"2";"7";"0";"2";"3";"26";"1";""
"202400009331";"155765358";"B01";"1";"7";"0";"2";"3";"1";"1";""
"202400009331";"155765359";"A01";"2";"7";"0";"2";"1";"15";"1";""
"202400009332";"155765356";"A01";"1";"30";"0";"2";"1";"2";"1";""
"202400009332";"155765357";"B01";"1";"7";"0";"2";"4";"2";"1";""
"202400009333";"155765354";"A01";"1";"7";"0";"2";"8";"15";"1";""
"202400009333";"155765355";"B01";"1";"2";"0";"2";"1";"1";"1";""
"202400009334";"155765352";"B01";"0";"7";"0";"0";"0";"0";"0";""
"202400009334";"155765353";"A01";"1";"2";"0";"2";"0";"0";"1";""
"202400009335";"155765351";"A01";"3";"40";"0";"1";"2";"1";"3";""
"202400009336";"155765349";"B01";"3";"7";"0";"2";"2";"19";"1";""
"202400009336";"155765350";"A01";"3";"7";"0";"2";"3";"19";"1";""
"202400009337";"155765346";"A01";"2";"7";"0";"1";"3";"1";"1";""
"202400009338";"155765344";"A01";"1";"7";"0";"2";"1";"9";"1";""
"202400009338";"155765345";"B01";"1";"7";"0";"2";"2";"1";"1";""
"202400009339";"155765342";"A01";"2";"33";"0";"2";"2";"17";"1";""
"202400009339";"155765343";"B01";"2";"7";"0";"2";"8";"15";"1";""
"202400009340";"155765341";"A01";"2";"7";"0";"1";"2";"1";"1";""
"202400009341";"155765338";"C01";"2";"33";"0";"0";"0";"0";"1";""
"202400009341";"155765339";"A01";"2";"7";"0";"2";"1";"15";"1";""
"202400009341";"155765340";"B01";"1";"33";"0";"0";"0";"0";"1";""
"202400009342";"155765336";"A01";"1";"7";"0";"2";"2";"26";"1";""
"202400009342";"155765337";"B01";"1";"50";"0";"0";"0";"0";"3";""
"202400009343";"155765333";"A01";"0";"7";"0";"2";"2";"15";"1";""
"202400009343";"155765334";"B01";"0";"7";"0";"2";"1";"1";"1";""
"202400009343";"155765335";"C01";"0";"7";"0";"2";"7";"15";"1";""
"202400009344";"155765330";"A01";"2";"7";"0";"2";"2";"2";"1";""
"202400009344";"155765331";"B01";"2";"7";"0";"2";"9";"2";"1";""
"202400009344";"155765332";"C01";"2";"7";"0";"2";"4";"2";"1";""
"202400009345";"155765328";"A01";"2";"30";"0";"2";"2";"15";"1";""
"202400009345";"155765329";"B01";"2";"7";"0";"2";"3";"1";"1";""
"202400009346";"155765326";"A01";"1";"33";"0";"2";"1";"17";"1";""
"202400009346";"155765327";"B01";"1";"7";"0";"2";"8";"16";"1";""
"202400009347";"155765325";"A01";"1";"7";"13";"0";"0";"1";"1";""
"202400009348";"155765323";"A01";"3";"7";"0";"2";"2";"19";"1";""
"202400009348";"155765324";"B01";"2";"2";"0";"2";"1";"1";"1";""
"202400009349";"155765321";"B01";"1";"7";"0";"2";"3";"1";"1";""
"202400009349";"155765322";"A01";"2";"7";"0";"2";"1";"9";"1";""
"202400009350";"155765317";"A01";"2";"7";"0";"2";"1";"15";"1";""
"202400009350";"155765318";"B01";"1";"7";"2";"2";"9";"21";"1";""
"202400009351";"155765316";"A01";"2";"7";"0";"1";"1";"9";"2";""
"202400009352";"155765315";"A01";"1";"7";"16";"0";"2";"1";"1";""
"202400009353";"155765308";"A01";"1";"7";"0";"2";"1";"14";"2";""
"202400009353";"155765309";"B01";"1";"7";"0";"2";"5";"1";"1";""
"202400009353";"155765310";"C01";"1";"7";"0";"2";"8";"0";"1";""
"202400009354";"155765306";"A01";"3";"7";"0";"2";"1";"13";"1";""
"202400009354";"155765307";"B01";"3";"7";"0";"2";"8";"2";"1";""
"202400009355";"155765304";"A01";"3";"50";"0";"2";"1";"17";"3";""
"202400009355";"155765305";"B01";"3";"7";"0";"0";"8";"15";"1";""
"202400009356";"155765302";"B01";"2";"7";"0";"2";"2";"1";"1";""
"202400009356";"155765303";"A01";"1";"7";"0";"2";"7";"15";"1";""
"202400009357";"155765301";"A01";"3";"10";"0";"1";"4";"20";"3";""
"202400009358";"155765300";"A01";"3";"7";"6";"0";"1";"1";"1";""
"202400009359";"155765296";"C01";"0";"7";"0";"2";"4";"2";"1";""
"202400009359";"155765297";"D01";"0";"7";"0";"0";"4";"1";"1";""
"202400009359";"155765298";"A01";"0";"7";"0";"2";"1";"2";"3";""
"202400009359";"155765299";"B01";"0";"7";"0";"2";"4";"2";"1";""
"202400009360";"155765294";"B01";"1";"99";"0";"2";"1";"5";"0";""
"202400009360";"155765295";"A01";"2";"2";"0";"9";"1";"2";"1";""
"202400009361";"155765293";"A01";"3";"7";"8";"0";"2";"1";"1";""
"202400009362";"155765292";"A01";"1";"43";"0";"1";"2";"1";"1";""
"202400009363";"155765290";"A01";"1";"7";"0";"2";"3";"15";"1";""
"202400009363";"155765291";"B01";"1";"30";"0";"2";"1";"17";"1";""
"202400009364";"155765289";"Z01";"2";"50";"0";"1";"1";"25";"3";""
"202400009365";"155765288";"A01";"1";"34";"0";"0";"2";"0";"1";""
"202400009366";"155765286";"A01";"3";"7";"0";"2";"2";"1";"1";""
"202400009366";"155765287";"B01";"3";"32";"0";"2";"1";"16";"1";""
"202400009367";"155765284";"A01";"2";"7";"0";"2";"3";"19";"1";""
"202400009367";"155765285";"B01";"2";"30";"0";"2";"1";"1";"1";""
"202400009368";"155765282";"B01";"1";"7";"0";"2";"3";"1";"3";""
"202400009368";"155765283";"A01";"1";"2";"0";"2";"3";"14";"1";""
"202400009369";"155765281";"A01";"2";"30";"11";"0";"7";"1";"1";""
"202400009370";"155765280";"A01";"2";"1";"0";"1";"8";"1";"5";""
"202400009371";"155765276";"A01";"1";"7";"0";"2";"0";"22";"1";""
"202400009371";"155765278";"C01";"2";"7";"0";"2";"1";"2";"1";""
"202400009371";"155765279";"B01";"1";"32";"0";"2";"1";"2";"1";""
"202400009372";"155765277";"A01";"1";"7";"14";"0";"1";"1";"1";""
"202400009373";"155765275";"A01";"2";"30";"0";"0";"8";"2";"1";""
"202400009374";"155765273";"A01";"2";"33";"0";"2";"1";"2";"1";""
"202400009374";"155765274";"B01";"2";"10";"0";"2";"4";"2";"1";""
"202400009375";"155765272";"A01";"2";"1";"0";"1";"1";"1";"5";""
"202400009376";"155765270";"A01";"2";"7";"0";"2";"1";"2";"1";""
"202400009376";"155765271";"B01";"2";"7";"0";"2";"4";"2";"1";""
"202400009377";"155765268";"B01";"3";"7";"0";"2";"5";"23";"2";""
"202400009377";"155765269";"A01";"3";"1";"0";"2";"3";"1";"5";""
"202400009378";"155765266";"B01";"1";"32";"0";"9";"8";"23";"1";""
"202400009378";"155765267";"A01";"1";"37";"0";"2";"5";"13";"2";"1"
"202400009379";"155765264";"Z01";"2";"10";"0";"2";"1";"15";"1";""
"202400009379";"155765265";"B01";"1";"1";"0";"2";"7";"2";"5";""
"202400009380";"155765262";"A01";"1";"7";"0";"2";"2";"1";"6";""
"202400009380";"155765263";"B01";"3";"2";"0";"2";"1";"16";"3";""
"202400009381";"155765260";"A01";"2";"34";"0";"2";"7";"12";"1";""
"202400009381";"155765261";"B01";"2";"43";"0";"2";"8";"1";"1";""
"202400009382";"155765257";"A01";"1";"50";"0";"0";"7";"2";"3";""
"202400009383";"155765254";"A01";"2";"80";"0";"2";"3";"1";"3";""
"202400009383";"155765256";"B01";"2";"10";"0";"2";"3";"1";"1";""
"202400009384";"155765253";"A01";"2";"1";"0";"2";"1";"17";"5";""
"202400009384";"155765255";"B01";"2";"1";"0";"2";"4";"1";"5";""
"202400009385";"155765250";"A01";"1";"10";"0";"2";"8";"15";"1";""
"202400009385";"155765252";"B01";"2";"32";"0";"2";"1";"1";"1";""
"202400009386";"155765249";"A01";"2";"80";"0";"9";"6";"23";"3";""
"202400009386";"155765251";"B01";"2";"10";"0";"9";"6";"23";"4";""
"202400009387";"155765246";"A01";"2";"32";"0";"2";"1";"1";"1";""
"202400009387";"155765248";"B01";"2";"7";"0";"2";"5";"16";"0";""
"202400009388";"155765245";"A01";"3";"7";"0";"2";"3";"10";"2";""
"202400009388";"155765247";"B01";"3";"43";"0";"2";"1";"1";"1";""
"202400009389";"155765242";"A01";"1";"99";"0";"2";"0";"1";"3";""
"202400009389";"155765244";"B01";"1";"7";"0";"2";"0";"0";"0";""
"202400009390";"155765241";"B01";"2";"1";"1";"0";"0";"0";"5";""
"202400009390";"155765243";"A01";"2";"7";"0";"2";"5";"24";"1";""
"202400009391";"155765240";"A01";"2";"7";"0";"1";"2";"1";"1";""
"202400009392";"155765237";"A01";"3";"7";"0";"2";"1";"2";"1";""
"202400009392";"155765238";"B01";"3";"7";"0";"2";"1";"1";"1";""
"202400009392";"155765239";"C01";"3";"10";"0";"2";"6";"1";"1";""
"202400009393";"155765236";"A01";"0";"32";"0";"1";"1";"1";"1";""
"202400009394";"155765232";"B01";"2";"33";"0";"2";"8";"1";"1";""
"202400009394";"155765234";"A01";"2";"7";"0";"2";"1";"1";"1";""
"202400009395";"155765233";"B01";"1";"2";"0";"2";"1";"3";"3";""
"202400009395";"155765235";"A01";"1";"10";"0";"2";"5";"15";"1";""
"202400009396";"155765229";"A01";"1";"7";"0";"2";"4";"24";"1";""
"202400009396";"155765231";"B01";"1";"1";"0";"2";"1";"1";"5";""
"202400009397";"155765227";"B01";"3";"7";"0";"2";"0";"0";"1";""
"202400009397";"155765228";"C01";"3";"7";"0";"2";"0";"0";"1";""
"202400009397";"155765230";"A01";"3";"7";"0";"2";"0";"0";"1";""
"202400009398";"155765225";"A01";"0";"33";"0";"2";"1";"3";"1";""
"202400009398";"155765226";"B01";"0";"7";"0";"2";"5";"23";"1";""
"202400009399";"155765223";"Y01";"1";"50";"0";"2";"1";"21";"3";""
"202400009399";"155765224";"A01";"1";"7";"0";"2";"8";"26";"1";""
"202400009400";"155765222";"A01";"1";"7";"0";"1";"1";"1";"2";""
"202400009401";"155765221";"A01";"1";"7";"2";"0";"1";"0";"1";""
"202400009402";"155765218";"B01";"1";"7";"0";"2";"0";"0";"1";""
"202400009402";"155765219";"C01";"1";"7";"0";"2";"0";"0";"0";""
"202400009402";"155765220";"A01";"1";"7";"0";"2";"0";"0";"0";""
"202400009403";"155765216";"A01";"2";"7";"0";"2";"7";"15";"1";""
"202400009403";"155765217";"B01";"1";"33";"0";"2";"1";"1";"1";""
"202400009404";"155765214";"A01";"3";"7";"0";"2";"1";"13";"1";""
"202400009404";"155765215";"B01";"3";"7";"0";"2";"1";"1";"1";""
"202400009405";"155765210";"B01";"3";"33";"0";"2";"1";"0";"1";""
"202400009405";"155765212";"A01";"0";"7";"0";"2";"3";"0";"1";""
"202400009406";"155765211";"A01";"1";"7";"0";"2";"1";"23";"1";""
"202400009406";"155765213";"B01";"1";"31";"0";"2";"2";"0";"1";""
"202400009407";"155765208";"A01";"2";"7";"0";"1";"7";"26";"1";""
"202400009408";"155765207";"B01";"2";"33";"0";"2";"5";"1";"0";""
"202400009408";"155765209";"A01";"2";"0";"0";"2";"3";"15";"0";""
"202400009409";"155765204";"B01";"1";"33";"0";"2";"8";"1";"1";""
"202400009409";"155765206";"A01";"1";"13";"0";"2";"5";"14";"0";""
"202400009410";"155765205";"A01";"1";"7";"0";"9";"1";"2";"1";""
"202400009411";"155765202";"B01";"1";"7";"0";"2";"2";"20";"1";""
"202400009411";"155765203";"A01";"1";"7";"0";"2";"8";"1";"1";""
"202400009412";"155765201";"A01";"3";"7";"0";"1";"1";"1";"1";""
"202400009413";"155765200";"A01";"1";"50";"1";"1";"2";"14";"3";""
"202400009414";"155765197";"A01";"3";"7";"0";"2";"8";"1";"1";""
"202400009414";"155765199";"B01";"3";"7";"0";"2";"1";"1";"2";""
"202400009415";"155765195";"A01";"3";"7";"0";"2";"7";"1";"1";""
"202400009415";"155765198";"B01";"3";"7";"0";"2";"1";"1";"1";""
"202400009416";"155765194";"B01";"3";"7";"0";"2";"5";"23";"1";""
"202400009416";"155765196";"A01";"3";"10";"0";"2";"3";"13";"1";""
"202400009417";"155765192";"A01";"1";"30";"0";"2";"0";"0";"1";""
"202400009418";"155765191";"A01";"1";"7";"0";"2";"2";"23";"1";""
"202400009418";"155765193";"B01";"1";"1";"0";"2";"1";"1";"5";""
"202400009419";"155765187";"A01";"3";"7";"0";"2";"3";"1";"1";""
"202400009419";"155765188";"B01";"3";"30";"0";"2";"3";"0";"1";""
"202400009420";"155765186";"A01";"2";"7";"0";"2";"3";"15";"1";""
"202400009420";"155765189";"B01";"2";"32";"0";"2";"7";"17";"1";""
"202400009420";"155765190";"T01";"2";"7";"0";"0";"0";"1";"1";""
"202400009421";"155765183";"B01";"1";"50";"0";"2";"3";"19";"3";""
"202400009421";"155765185";"A01";"1";"10";"0";"2";"6";"4";"1";""
"202400009422";"155765182";"A01";"1";"7";"0";"2";"3";"17";"1";""
"202400009422";"155765184";"B01";"1";"7";"0";"2";"6";"1";"1";""
"202400009423";"155765180";"A01";"1";"10";"0";"2";"6";"9";"1";""
"202400009423";"155765181";"B01";"1";"33";"0";"2";"7";"1";"1";""
"202400009424";"155765178";"A01";"1";"7";"2";"2";"1";"17";"1";""
"202400009424";"155765179";"B01";"1";"7";"0";"2";"1";"15";"1";""
"202400009425";"155765176";"A01";"1";"33";"0";"2";"1";"2";"0";""
"202400009425";"155765177";"B01";"1";"10";"0";"2";"4";"2";"1";""
"202400009426";"155765172";"A01";"0";"7";"0";"2";"7";"1";"1";""
"202400009426";"155765174";"B01";"0";"30";"0";"2";"6";"20";"3";""
"202400009427";"155765173";"A01";"3";"7";"0";"2";"1";"15";"0";""
"202400009427";"155765175";"B01";"3";"33";"0";"2";"1";"8";"1";""
"202400009428";"155765171";"A01";"3";"30";"0";"1";"1";"15";"3";""
"202400009429";"155765169";"A01";"2";"7";"0";"2";"3";"17";"1";""
"202400009429";"155765170";"B01";"1";"2";"0";"2";"1";"1";"1";""
"202400009430";"155765167";"A01";"0";"34";"8";"9";"0";"0";"1";""
"202400009431";"155765166";"B01";"1";"1";"0";"2";"1";"19";"5";""
"202400009431";"155765168";"A01";"1";"7";"0";"9";"8";"1";"1";""
"202400009432";"155765161";"A01";"1";"7";"0";"2";"3";"15";"2";""
"202400009432";"155765163";"B01";"1";"2";"0";"2";"1";"17";"1";""
"202400009433";"155765162";"B01";"0";"2";"0";"2";"1";"5";"1";""
"202400009433";"155765164";"A01";"0";"7";"0";"2";"3";"19";"1";""
"202400009433";"155765165";"C01";"0";"2";"0";"2";"1";"5";"1";""
"202400009434";"155765159";"A01";"1";"7";"0";"2";"2";"15";"1";""
"202400009434";"155765160";"B01";"2";"7";"0";"2";"3";"1";"1";""
"202400009435";"155765158";"A01";"2";"10";"0";"1";"7";"1";"1";""
"202400009436";"155765156";"A01";"1";"7";"13";"0";"1";"1";"1";""
"202400009437";"155765155";"A01";"1";"7";"0";"2";"8";"19";"1";""
"202400009437";"155765157";"B01";"1";"32";"0";"2";"7";"1";"1";""
"202400009438";"155765153";"A01";"1";"7";"0";"0";"6";"1";"1";""
"202400009438";"155765154";"B01";"1";"31";"0";"2";"2";"21";"1";""
"202400009439";"155765151";"A01";"1";"7";"0";"2";"5";"16";"0";""
"202400009439";"155765152";"B01";"1";"1";"0";"2";"2";"1";"5";""
"202400009440";"155765149";"A01";"2";"7";"8";"0";"1";"0";"1";""
"202400009441";"155765146";"A01";"2";"7";"12";"2";"2";"1";"1";""
"202400009441";"155765148";"B01";"1";"7";"0";"2";"3";"23";"1";""
"202400009442";"155765145";"A01";"2";"33";"0";"2";"1";"2";"1";""
"202400009442";"155765147";"B01";"2";"7";"0";"2";"6";"1";"1";""
"202400009443";"155765143";"B01";"3";"7";"0";"2";"1";"1";"1";""
"202400009443";"155765144";"A01";"3";"2";"0";"2";"1";"13";"1";""
"202400009444";"155765141";"B01";"1";"15";"0";"2";"1";"1";"1";""
"202400009444";"155765142";"A01";"2";"7";"8";"2";"2";"15";"1";""
"202400009445";"155765139";"A01";"3";"7";"6";"2";"1";"5";"1";""
"202400009445";"155765140";"B01";"3";"7";"0";"2";"1";"1";"1";""
"202400009446";"155765138";"A01";"2";"7";"8";"0";"2";"1";"1";""
"202400009447";"155765137";"A01";"3";"7";"0";"1";"4";"20";"1";""
"202400009448";"155765135";"B01";"2";"34";"0";"2";"1";"1";"1";""
"202400009448";"155765136";"A01";"1";"7";"0";"2";"5";"15";"1";""
"202400009449";"155765133";"B01";"3";"50";"0";"0";"5";"1";"3";""
"202400009449";"155765134";"A01";"3";"10";"0";"2";"3";"9";"1";""
"202400009450";"155765131";"A01";"1";"7";"0";"2";"3";"9";"1";""
"202400009450";"155765132";"B01";"1";"60";"0";"2";"7";"2";"5";""
"202400009451";"155765130";"A01";"1";"2";"8";"0";"1";"1";"1";""
"202400009452";"155765129";"A01";"1";"7";"2";"0";"1";"0";"1";""
"202400009453";"155765127";"A01";"1";"2";"5";"2";"8";"1";"1";""
"202400009453";"155765128";"B01";"1";"33";"0";"2";"7";"1";"1";""
"202400009454";"155765125";"B01";"2";"1";"0";"2";"7";"1";"5";""
"202400009454";"155765126";"A01";"1";"7";"13";"2";"1";"26";"1";""
"202400009455";"155765123";"A01";"3";"7";"0";"2";"2";"15";"1";""
"202400009455";"155765124";"B01";"3";"7";"0";"2";"1";"2";"2";""
"202400009456";"155765121";"A01";"3";"2";"0";"2";"1";"1";"1";""
"202400009456";"155765122";"B01";"3";"7";"0";"2";"3";"1";"1";""
"202400009457";"155765119";"B01";"3";"37";"0";"2";"2";"1";"1";"1"
"202400009457";"155765120";"A01";"3";"33";"0";"2";"1";"13";"1";""
"202400009458";"155765118";"A01";"1";"1";"0";"0";"0";"1";"5";""
"202400009459";"155765116";"A01";"2";"2";"13";"0";"0";"0";"1";""
"202400009460";"155765115";"A01";"2";"7";"2";"2";"8";"13";"1";""
"202400009460";"155765117";"B01";"1";"7";"0";"2";"1";"1";"1";""
"202400009461";"155765113";"A01";"1";"34";"6";"0";"7";"1";"1";""
"202400009462";"155765112";"A01";"1";"2";"0";"2";"1";"5";"1";""
"202400009462";"155765114";"B01";"2";"7";"0";"2";"3";"1";"1";""
"202400009463";"155765110";"A01";"2";"7";"0";"9";"3";"9";"1";""
"202400009463";"155765111";"B01";"2";"1";"0";"2";"1";"1";"5";""
"202400009464";"155765107";"A01";"1";"10";"0";"2";"3";"13";"1";""
"202400009464";"155765109";"B01";"2";"7";"0";"2";"8";"1";"1";""
"202400009465";"155765106";"A01";"2";"10";"0";"2";"1";"1";"1";""
"202400009465";"155765108";"B01";"2";"7";"0";"0";"4";"15";"1";""
"202400009466";"155765104";"B01";"1";"10";"0";"2";"2";"17";"1";""
"202400009466";"155765105";"A01";"1";"1";"0";"2";"6";"1";"5";""
"202400009467";"155765101";"A01";"2";"33";"0";"0";"0";"1";"1";""
"202400009468";"155765100";"A01";"1";"7";"0";"2";"7";"15";"1";""
"202400009468";"155765102";"C01";"1";"7";"0";"2";"3";"2";"1";""
"202400009468";"155765103";"B01";"1";"10";"0";"2";"1";"1";"1";""
"202400009469";"155765099";"A01";"3";"7";"0";"1";"2";"0";"1";""
"202400009470";"155765097";"A01";"0";"31";"5";"0";"7";"14";"0";""
"202400009471";"155765096";"B01";"3";"21";"0";"2";"3";"1";"1";""
"202400009471";"155765098";"A01";"3";"7";"0";"2";"1";"13";"1";""