"Num_Acc";"id_vehicule";"num_veh";"senc";"catv";"obs";"obsm";"choc";"manv";"motor";"occutc"
"202400009472";"155765093";"B01";"2";"1";"0";"2";"7";"1";"5";""
"202400009472";"155765095";"A01";"2";"43";"0";"9";"1";"1";"1";""
"202400009473";"155765092";"A01";"2";"7";"0";"0";"3";"10";"1";""
"202400009473";"155765094";"B01";"2";"33";"0";"2";"1";"1";"1";""
"202400009474";"155765089";"B01";"2";"2";"0";"2";"2";"1";"1";""
"202400009474";"155765091";"A01";"2";"1";"0";"2";"8";"9";"5";""
"202400009475";"155765088";"A01";"1";"7";"2";"2";"2";"15";"1";""
"202400009475";"155765090";"B01";"0";"7";"3";"2";"1";"1";"1";""
"202400009476";"155765086";"A01";"2";"7";"0";"2";"1";"2";"1";""
"202400009476";"155765087";"B01";"2";"10";"0";"2";"4";"23";"1";""
"202400009477";"155765084";"A01";"1";"10";"3";"2";"3";"13";"1";""
"202400009477";"155765085";"B01";"2";"7";"3";"2";"3";"1";"1";""
"202400009478";"155765082";"A01";"1";"30";"0";"2";"7";"0";"0";""
"202400009478";"155765083";"B01";"1";"10";"0";"2";"3";"21";"1";""
"202400009479";"155765081";"A01";"1";"7";"8";"0";"3";"1";"1";""
"202400009480";"155765079";"A01";"3";"2";"0";"2";"1";"17";"1";""
"202400009480";"155765080";"B01";"3";"2";"0";"2";"1";"1";"1";""
"202400009481";"155765077";"A01";"1";"7";"0";"1";"2";"2";"1";""
"202400009482";"155765076";"A01";"1";"33";"0";"2";"1";"1";"1";""
"202400009482";"155765078";"B01";"2";"7";"0";"2";"1";"1";"1";""
"202400009483";"155765075";"A01";"1";"10";"2";"9";"3";"0";"1";""
"202400009484";"155765074";"A01";"1";"7";"13";"0";"2";"17";"1";""
"202400009485";"155765072";"A01";"2";"7";"0";"1";"2";"1";"1";""
"202400009486";"155765071";"A01";"2";"33";"0";"2";"1";"1";"1";""
"202400009486";"155765073";"B01";"1";"10";"0";"2";"8";"9";"1";""
"202400009487";"155765070";"A01";"1";"7";"6";"0";"1";"1";"1";""
"202400009488";"155765068";"A01";"3";"7";"0";"2";"1";"13";"1";""
"202400009488";"155765069";"B01";"3";"7";"0";"2";"1";"1";"1";""
"202400009489";"155765065";"A01";"2";"17";"0";"2";"1";"17";"1";""
"202400009489";"155765067";"B01";"2";"21";"0";"2";"8";"26";"1";""
"202400009490";"155765064";"A01";"1";"7";"0";"2";"2";"13";"1";""
"202400009490";"155765066";"B01";"2";"7";"0";"2";"2";"1";"2";""
"202400009491";"155765062";"A01";"0";"7";"0";"1";"1";"1";"1";""
"202400009492";"155765061";"A01";"2";"33";"0";"2";"1";"2";"1";""
"202400009492";"155765063";"B01";"2";"10";"0";"2";"6";"15";"1";""
"202400009493";"155765058";"A01";"2";"43";"0";"2";"8";"1";"1";""
"202400009493";"155765060";"B01";"2";"7";"0";"2";"7";"12";"1";""
"202400009494";"155765057";"A01";"1";"7";"0";"0";"2";"1";"1";""
"202400009494";"155765059";"B01";"1";"7";"0";"0";"1";"1";"1";""
"202400009495";"155765054";"A01";"1";"14";"0";"2";"1";"2";"1";""
"202400009495";"155765055";"B01";"1";"7";"0";"2";"4";"2";"1";""
"202400009495";"155765056";"C01";"1";"14";"0";"2";"4";"2";"1";""
"202400009496";"155765052";"B01";"0";"1";"0";"2";"8";"15";"5";""
"202400009496";"155765053";"A01";"0";"7";"0";"9";"3";"1";"1";""
"202400009497";"155765047";"A01";"2";"7";"0";"2";"1";"1";"1";""
"202400009497";"155765049";"B01";"1";"7";"0";"2";"1";"1";"2";""
"202400009498";"155765046";"A01";"2";"14";"0";"2";"1";"26";"1";""
"202400009498";"155765048";"B01";"2";"7";"0";"2";"4";"2";"1";""
"202400009498";"155765050";"C01";"2";"7";"0";"2";"1";"2";"1";""
"202400009498";"155765051";"D01";"2";"7";"0";"2";"4";"2";"0";""
"202400009499";"155765044";"A01";"2";"33";"0";"0";"0";"1";"1";""
"202400009500";"155765042";"C01";"1";"7";"0";"2";"6";"14";"1";""
"202400009500";"155765043";"A01";"1";"7";"0";"2";"8";"17";"1";""
"202400009500";"155765045";"B01";"2";"7";"12";"2";"8";"21";"1";""
"202400009501";"155765041";"A01";"2";"7";"4";"0";"1";"1";"1";""
"202400009502";"155765038";"B01";"1";"7";"0";"2";"8";"1";"1";""
"202400009502";"155765040";"A01";"2";"10";"0";"2";"1";"19";"1";""
"202400009503";"155765039";"A01";"2";"7";"13";"0";"1";"1";"1";""
"202400009504";"155765036";"A01";"3";"10";"0";"1";"2";"13";"1";""
"202400009505";"155765035";"A01";"1";"7";"3";"2";"3";"13";"1";""
"202400009505";"155765037";"B01";"2";"15";"0";"2";"3";"1";"1";""
"202400009506";"155765032";"A01";"3";"38";"0";"2";"6";"23";"1";"1"
"202400009506";"155765034";"B01";"1";"33";"1";"0";"6";"17";"1";""
"202400009507";"155765031";"A01";"3";"7";"0";"2";"2";"9";"0";""
"202400009507";"155765033";"B01";"3";"2";"0";"0";"7";"3";"1";""
"202400009508";"155765029";"A01";"1";"7";"17";"0";"2";"1";"1";""
"202400009509";"155765028";"A01";"2";"7";"0";"2";"1";"15";"1";""
"202400009509";"155765030";"B01";"2";"1";"0";"2";"7";"1";"0";""
"202400009510";"155765025";"A01";"1";"30";"0";"0";"1";"16";"1";""
"202400009511";"155765026";"A01";"1";"10";"0";"2";"1";"11";"1";""
"202400009511";"155765027";"B01";"2";"33";"0";"2";"1";"1";"1";""
"202400009512";"155765022";"A01";"1";"7";"0";"2";"6";"1";"1";""
"202400009512";"155765024";"B01";"1";"33";"0";"2";"1";"1";"1";""
"202400009513";"155765023";"A01";"3";"7";"0";"0";"0";"15";"1";""
"202400009514";"155765020";"A01";"1";"33";"0";"2";"1";"1";"1";""
"202400009514";"155765021";"B01";"1";"0";"0";"9";"4";"0";"0";""
"202400009515";"155765017";"B01";"2";"2";"0";"2";"1";"1";"1";""
"202400009515";"155765019";"A01";"1";"7";"0";"2";"8";"15";"1";""
"202400009516";"155765018";"A01";"1";"30";"0";"0";"8";"26";"1";""
"202400009517";"155765014";"A01";"2";"33";"0";"2";"1";"2";"1";""
"202400009517";"155765016";"B01";"2";"7";"0";"2";"5";"1";"1";""
"202400009518";"155765013";"B01";"2";"32";"0";"2";"8";"1";"1";""
"202400009518";"155765015";"A01";"1";"7";"0";"2";"3";"15";"1";""
"202400009519";"155765012";"A01";"1";"30";"0";"0";"8";"1";"1";""
"202400009520";"155765011";"A01";"2";"7";"0";"0";"9";"1";"1";""
"202400009521";"155765009";"A01";"1";"7";"2";"0";"8";"17";"1";""
"202400009522";"155765008";"A01";"3";"7";"0";"2";"2";"1";"1";""
"202400009522";"155765010";"B01";"3";"33";"0";"2";"3";"1";"1";""
"202400009523";"155765007";"A01";"2";"36";"0";"0";"0";"26";"6";""
"202400009524";"155765005";"A01";"1";"7";"0";"2";"3";"1";"2";""
"202400009524";"155765006";"B01";"1";"2";"0";"2";"1";"19";"1";""
"202400009525";"155765003";"A01";"1";"7";"10";"0";"9";"1";"1";""
"202400009526";"155765002";"A01";"3";"50";"0";"2";"1";"25";"3";""
"202400009526";"155765004";"B01";"3";"50";"0";"2";"1";"0";"3";""
"202400009527";"155765000";"A01";"2";"7";"2";"0";"1";"2";"1";""
"202400009528";"155764999";"A01";"3";"1";"0";"9";"1";"9";"5";""
"202400009528";"155765001";"Z01";"3";"1";"0";"9";"0";"0";"5";""
"202400009529";"155764997";"A01";"2";"7";"0";"2";"3";"9";"1";""
"202400009529";"155764998";"B01";"2";"7";"0";"0";"2";"1";"1";""
"202400009530";"155764996";"A01";"2";"10";"0";"1";"2";"1";"1";""
"202400009531";"155764994";"A01";"1";"7";"0";"0";"2";"1";"1";""
"202400009532";"155764993";"B01";"2";"50";"0";"2";"0";"0";"3";""
"202400009532";"155764995";"A01";"2";"10";"0";"2";"8";"2";"1";""
"202400009533";"155764991";"B01";"2";"7";"0";"2";"2";"15";"1";""
"202400009533";"155764992";"A01";"1";"33";"0";"2";"1";"1";"1";""
"202400009534";"155764988";"A01";"2";"7";"1";"2";"7";"9";"1";""
"202400009534";"155764990";"B01";"2";"7";"0";"2";"1";"1";"1";""
"202400009535";"155764987";"B01";"1";"33";"0";"2";"8";"15";"1";""
"202400009535";"155764989";"A01";"2";"33";"0";"2";"1";"1";"1";""
"202400009536";"155764986";"A01";"3";"7";"0";"1";"1";"0";"1";""
"202400009537";"155764984";"B01";"2";"10";"0";"0";"6";"1";"1";""
"202400009537";"155764985";"A01";"2";"33";"0";"0";"6";"3";"1";""
"202400009538";"155764981";"A01";"1";"7";"6";"2";"7";"1";"1";""
"202400009538";"155764983";"B01";"1";"7";"9";"2";"1";"1";"3";""
"202400009539";"155764979";"A01";"1";"15";"0";"0";"5";"21";"1";""
"202400009539";"155764980";"B01";"1";"33";"0";"2";"1";"2";"1";""
"202400009540";"155764978";"A01";"1";"3";"0";"1";"2";"13";"0";""
"202400009541";"155764976";"A01";"1";"7";"4";"2";"2";"2";"1";""
"202400009541";"155764977";"B01";"1";"7";"3";"0";"4";"1";"0";""
"202400009542";"155764975";"A01";"2";"33";"0";"0";"8";"1";"1";""
"202400009543";"155764973";"A01";"2";"7";"2";"0";"3";"13";"1";""
"202400009544";"155764972";"A01";"2";"7";"0";"0";"5";"1";"2";""
"202400009544";"155764974";"B01";"2";"33";"0";"0";"8";"1";"1";""
"202400009545";"155764969";"A01";"1";"34";"0";"2";"1";"17";"1";""
"202400009545";"155764971";"B01";"1";"7";"0";"2";"6";"15";"1";""
"202400009546";"155764968";"A01";"3";"33";"0";"2";"0";"1";"1";""
"202400009546";"155764970";"B01";"3";"7";"0";"2";"6";"13";"1";""
"202400009547";"155764967";"A01";"1";"32";"8";"0";"1";"14";"1";""
"202400009548";"155764966";"A01";"1";"7";"1";"0";"9";"14";"1";""
"202400009549";"155764964";"A01";"3";"7";"0";"1";"1";"26";"1";""
"202400009550";"155764963";"A01";"2";"7";"0";"2";"3";"13";"1";""
"202400009550";"155764965";"B01";"1";"7";"0";"2";"8";"21";"2";""
"202400009551";"155764962";"A01";"2";"33";"2";"0";"1";"1";"1";""
"202400009552";"155764960";"B01";"0";"33";"0";"2";"9";"1";"1";""
"202400009552";"155764961";"A01";"0";"7";"0";"2";"2";"15";"1";""
"202400009553";"155764959";"A01";"3";"7";"0";"1";"3";"20";"1";""
"202400009554";"155764958";"A01";"3";"32";"12";"0";"8";"13";"1";""
"202400009555";"155764956";"B01";"1";"33";"0";"2";"1";"1";"1";""
"202400009555";"155764957";"A01";"2";"2";"0";"2";"8";"15";"1";""
"202400009556";"155764955";"A01";"3";"32";"0";"0";"0";"26";"0";""
"202400009557";"155764952";"A01";"1";"33";"0";"2";"7";"1";"1";""
"202400009557";"155764954";"B01";"1";"7";"0";"2";"1";"10";"1";""
"202400009558";"155764948";"A01";"1";"33";"0";"2";"6";"13";"1";""
"202400009558";"155764951";"B01";"0";"7";"0";"2";"3";"0";"1";""
"202400009559";"155764949";"A01";"2";"7";"0";"0";"8";"9";"1";""
"202400009559";"155764950";"B01";"2";"80";"0";"0";"0";"16";"3";""
"202400009560";"155764947";"A01";"2";"7";"6";"0";"2";"1";"1";""
"202400009561";"155764946";"A01";"3";"7";"13";"0";"9";"0";"1";""
"202400009562";"155764943";"B01";"2";"33";"0";"0";"4";"23";"1";""
"202400009562";"155764945";"A01";"2";"7";"0";"2";"2";"1";"2";""
"202400009563";"155764944";"A01";"2";"7";"8";"0";"7";"6";"2";""
"202400009564";"155764942";"A01";"1";"7";"13";"0";"1";"0";"1";""
"202400009565";"155764940";"B01";"1";"34";"0";"2";"8";"2";"1";""
"202400009565";"155764941";"A01";"1";"7";"0";"2";"7";"9";"2";""
"202400009566";"155764937";"A01";"1";"7";"0";"2";"3";"15";"1";""
"202400009566";"155764939";"B01";"0";"50";"0";"2";"1";"1";"3";""
"202400009567";"155764936";"B01";"1";"7";"0";"9";"7";"23";"1";""
"202400009567";"155764938";"A01";"1";"1";"0";"2";"1";"25";"5";""
"202400009568";"155764935";"A01";"2";"37";"0";"1";"2";"1";"1";"1"
"202400009569";"155764932";"A01";"1";"7";"0";"2";"3";"13";"1";""
"202400009569";"155764933";"B01";"2";"7";"2";"2";"3";"1";"1";""
"202400009570";"155764929";"A01";"1";"7";"0";"2";"1";"1";"1";""
"202400009570";"155764931";"B01";"0";"7";"0";"2";"4";"20";"1";""
"202400009570";"155764934";"C01";"0";"7";"0";"2";"4";"0";"1";""
"202400009571";"155764928";"A01";"2";"7";"0";"2";"3";"13";"1";""
"202400009571";"155764930";"B01";"1";"7";"0";"2";"2";"1";"1";""
"202400009572";"155764926";"A01";"2";"33";"0";"0";"9";"1";"1";""
"202400009573";"155764925";"A01";"1";"33";"0";"0";"1";"1";"1";""
"202400009573";"155764927";"B01";"1";"7";"0";"2";"2";"15";"1";""
"202400009574";"155764924";"A01";"1";"15";"4";"0";"3";"1";"1";""
"202400009575";"155764921";"A01";"3";"3";"0";"0";"1";"0";"1";""
"202400009576";"155764919";"A01";"2";"33";"0";"0";"9";"1";"0";""
"202400009577";"155764918";"B01";"2";"7";"0";"2";"1";"1";"1";""
"202400009577";"155764920";"A01";"1";"7";"0";"2";"2";"15";"1";""
"202400009578";"155764916";"B01";"2";"7";"0";"2";"8";"19";"1";""
"202400009578";"155764917";"A01";"1";"7";"0";"2";"1";"1";"1";""
"202400009579";"155764914";"A01";"1";"7";"0";"2";"0";"19";"1";""
"202400009579";"155764915";"B01";"2";"7";"0";"2";"1";"0";"1";""
"202400009580";"155764911";"A01";"2";"99";"0";"2";"1";"1";"1";""
"202400009580";"155764913";"B01";"1";"7";"5";"2";"1";"13";"1";""
"202400009581";"155764910";"A01";"2";"31";"0";"2";"7";"3";"1";""
"202400009581";"155764912";"Z01";"2";"7";"0";"2";"8";"11";"1";""
"202400009582";"155764908";"A01";"2";"31";"4";"0";"7";"1";"1";""
"202400009583";"155764907";"A01";"2";"7";"0";"1";"3";"1";"1";""
"202400009584";"155764904";"A01";"0";"7";"0";"2";"3";"1";"1";""
"202400009584";"155764905";"B01";"0";"7";"0";"2";"3";"13";"1";""
"202400009585";"155764903";"A01";"1";"2";"8";"0";"0";"0";"1";""
"202400009586";"155764902";"B01";"2";"7";"0";"2";"7";"12";"1";""
"202400009586";"155764906";"A01";"2";"43";"0";"2";"3";"3";"1";""
"202400009587";"155764900";"B01";"1";"7";"0";"2";"1";"1";"1";""
"202400009587";"155764901";"A01";"1";"15";"0";"0";"6";"1";"1";""
"202400009588";"155764899";"A01";"0";"1";"0";"1";"1";"1";"5";""
"202400009589";"155764897";"A01";"2";"33";"0";"2";"4";"2";"1";""
"202400009589";"155764898";"B01";"2";"43";"0";"2";"1";"2";"1";""
"202400009590";"155764892";"A01";"1";"7";"0";"2";"3";"10";"1";""
"202400009590";"155764894";"B01";"1";"80";"0";"2";"1";"2";"3";""
"202400009591";"155764891";"A01";"2";"7";"0";"2";"9";"26";"1";""
"202400009591";"155764893";"B01";"2";"7";"0";"2";"6";"1";"1";""
"202400009591";"155764895";"C01";"2";"7";"0";"2";"8";"1";"1";""
"202400009592";"155764888";"B01";"1";"7";"0";"2";"0";"0";"0";""
"202400009592";"155764890";"A01";"2";"30";"0";"2";"2";"0";"1";""
"202400009593";"155764887";"A01";"1";"7";"0";"2";"1";"2";"0";""
"202400009593";"155764889";"B01";"1";"7";"0";"2";"4";"0";"1";""
"202400009594";"155764885";"A01";"1";"7";"4";"0";"2";"14";"1";""
"202400009595";"155764879";"A01";"1";"7";"0";"2";"1";"2";"1";""
"202400009595";"155764881";"B01";"1";"7";"0";"2";"4";"2";"1";""
"202400009595";"155764883";"C01";"1";"7";"0";"2";"4";"2";"1";""
"202400009596";"155764877";"A01";"2";"7";"0";"2";"1";"2";"1";""
"202400009596";"155764878";"B01";"2";"13";"0";"2";"4";"2";"1";""
"202400009597";"155764876";"A01";"1";"7";"0";"1";"3";"1";"1";""
"202400009598";"155764873";"A01";"1";"14";"0";"2";"2";"1";"0";""
"202400009598";"155764875";"B01";"1";"7";"0";"2";"3";"2";"1";""
"202400009599";"155764872";"A01";"2";"34";"0";"2";"6";"15";"1";""
"202400009599";"155764874";"B01";"2";"7";"0";"2";"1";"1";"1";""
"202400009600";"155764870";"A01";"2";"33";"0";"2";"1";"26";"0";""
"202400009600";"155764871";"B01";"2";"32";"0";"2";"7";"26";"1";""
"202400009601";"155764869";"A01";"1";"31";"0";"1";"8";"1";"0";""
"202400009602";"155764867";"A01";"2";"7";"0";"2";"1";"2";"3";""
"202400009602";"155764868";"B01";"2";"34";"0";"2";"4";"2";"1";""
"202400009603";"155764864";"A01";"2";"10";"0";"2";"3";"0";"2";""
"202400009603";"155764865";"B01";"2";"7";"0";"2";"4";"26";"1";""
"202400009603";"155764866";"C01";"2";"7";"0";"2";"3";"0";"1";""
"202400009604";"155764862";"A01";"1";"33";"0";"2";"1";"21";"1";""
"202400009604";"155764863";"B01";"1";"7";"0";"2";"4";"1";"1";""
"202400009605";"155764858";"B01";"1";"7";"4";"2";"4";"1";"1";""
"202400009605";"155764859";"A01";"1";"10";"4";"2";"1";"1";"1";""
"202400009606";"155764857";"A01";"1";"7";"2";"0";"7";"1";"1";""
"202400009607";"155764855";"A01";"1";"17";"0";"2";"1";"1";"1";""
"202400009607";"155764856";"B01";"1";"10";"0";"2";"8";"11";"1";""
"202400009608";"155764853";"A01";"2";"33";"0";"2";"1";"1";"1";""
"202400009608";"155764854";"B01";"1";"7";"0";"0";"8";"9";"1";""
"202400009609";"155764852";"A01";"1";"7";"3";"0";"2";"14";"1";""
"202400009610";"155764850";"A01";"1";"31";"0";"2";"5";"13";"1";""
"202400009610";"155764851";"B01";"2";"7";"0";"2";"2";"1";"1";""
"202400009611";"155764849";"A01";"2";"34";"0";"0";"8";"26";"1";""
"202400009612";"155764847";"A01";"2";"7";"14";"0";"7";"2";"1";""
"202400009613";"155764845";"A01";"1";"7";"0";"1";"7";"1";"1";""
"202400009614";"155764842";"A01";"0";"7";"0";"0";"0";"26";"1";""
"202400009615";"155764843";"A01";"1";"31";"0";"2";"0";"0";"1";""
"202400009615";"155764844";"B01";"1";"30";"0";"2";"0";"0";"1";""
"202400009616";"155764839";"A01";"1";"10";"0";"0";"0";"6";"1";""
"202400009616";"155764841";"B01";"2";"50";"0";"0";"0";"6";"3";""
"202400009617";"155764838";"B01";"1";"30";"0";"2";"1";"2";"1";""
"202400009617";"155764840";"A01";"1";"32";"0";"2";"4";"23";"1";""
"202400009618";"155764835";"A01";"2";"7";"0";"2";"7";"16";"1";""
"202400009618";"155764836";"B01";"2";"80";"0";"2";"1";"1";"3";""
"202400009619";"155764834";"A01";"2";"7";"0";"2";"2";"1";"1";""
"202400009619";"155764837";"B01";"1";"1";"0";"2";"1";"1";"5";""
"202400009620";"155764832";"B01";"2";"7";"0";"2";"4";"0";"1";""
"202400009620";"155764833";"A01";"2";"7";"0";"2";"2";"21";"1";""
"202400009621";"155764830";"B01";"1";"2";"0";"2";"4";"2";"1";""
"202400009621";"155764831";"A01";"1";"10";"0";"2";"1";"2";"1";""
"202400009622";"155764828";"A01";"1";"7";"0";"2";"2";"1";"1";""
"202400009622";"155764829";"B01";"1";"2";"0";"2";"3";"21";"1";""
"202400009623";"155764826";"B01";"1";"2";"0";"2";"1";"1";"1";""
"202400009623";"155764827";"A01";"1";"7";"0";"2";"0";"16";"1";""
"202400009624";"155764824";"A01";"2";"7";"0";"2";"8";"15";"1";""
"202400009624";"155764825";"B01";"2";"2";"0";"2";"7";"17";"1";""
"202400009625";"155764823";"A01";"1";"33";"12";"0";"7";"16";"1";""
"202400009626";"155764821";"A01";"0";"7";"0";"2";"1";"16";"1";""
"202400009626";"155764822";"B01";"0";"31";"0";"2";"6";"0";"1";""
"202400009627";"155764819";"A01";"1";"30";"0";"2";"3";"2";"1";""
"202400009627";"155764820";"B01";"1";"7";"0";"2";"2";"0";"1";""
"202400009628";"155764817";"B01";"3";"7";"0";"2";"7";"23";"1";""
"202400009628";"155764818";"A01";"3";"7";"0";"2";"1";"13";"2";""
"202400009629";"155764815";"B01";"1";"7";"0";"2";"1";"1";"1";""
"202400009629";"155764816";"A01";"1";"13";"0";"2";"8";"1";"1";""
"202400009630";"155764813";"A01";"2";"1";"0";"2";"1";"1";"5";""
"202400009630";"155764814";"B01";"2";"7";"0";"9";"5";"1";"1";""
"202400009631";"155764812";"Z01";"2";"7";"0";"1";"1";"1";"0";""
"202400009632";"155764810";"A01";"1";"7";"0";"2";"1";"1";"1";""
"202400009632";"155764811";"B01";"2";"30";"0";"2";"8";"15";"1";""
"202400009633";"155764808";"B01";"2";"1";"0";"2";"8";"5";"5";""
"202400009633";"155764809";"A01";"2";"10";"0";"9";"2";"15";"1";""
"202400009634";"155764806";"B01";"2";"30";"1";"0";"7";"1";"1";""
"202400009634";"155764807";"A01";"2";"7";"0";"2";"7";"12";"1";""
"202400009635";"155764804";"A01";"1";"33";"0";"2";"2";"17";"1";""
"202400009635";"155764805";"B01";"1";"7";"0";"2";"6";"1";"1";""
"202400009636";"155764802";"B01";"1";"7";"0";"2";"4";"23";"1";""
"202400009636";"155764803";"A01";"1";"7";"0";"2";"1";"0";"0";""
"202400009637";"155764801";"A01";"3";"7";"0";"0";"9";"1";"1";""
"202400009638";"155764800";"A01";"2";"15";"0";"1";"2";"1";"1";""
"202400009639";"155764796";"A01";"1";"7";"0";"2";"1";"13";"1";""
"202400009639";"155764797";"B01";"2";"7";"0";"2";"2";"1";"1";""
"202400009640";"155764795";"A01";"1";"33";"12";"0";"1";"0";"1";""
"202400009641";"155764793";"A01";"1";"33";"13";"2";"7";"2";"1";""
"202400009641";"155764794";"B01";"1";"30";"0";"2";"8";"15";"1";""
"202400009642";"155764791";"A01";"1";"10";"0";"2";"1";"13";"1";""
"202400009642";"155764792";"B01";"2";"7";"0";"2";"1";"1";"1";""
"202400009643";"155764789";"B01";"1";"7";"0";"2";"6";"1";"1";""
"202400009643";"155764790";"A01";"1";"7";"0";"2";"1";"1";"1";""
"202400009644";"155764787";"B01";"1";"32";"0";"2";"4";"0";"1";""
"202400009644";"155764788";"A01";"1";"7";"0";"2";"1";"0";"1";""
"202400009645";"155764785";"B01";"2";"1";"0";"2";"1";"15";"5";""
"202400009645";"155764786";"A01";"1";"7";"0";"2";"8";"15";"1";""
"202400009646";"155764779";"A01";"1";"7";"0";"2";"1";"2";"1";""
"202400009646";"155764780";"B01";"1";"7";"0";"2";"4";"2";"1";""
"202400009646";"155764781";"C01";"1";"7";"0";"2";"4";"2";"1";""
"202400009647";"155764777";"A01";"0";"7";"0";"2";"3";"26";"3";""
"202400009647";"155764778";"B01";"0";"7";"0";"2";"7";"1";"1";""
"202400009648";"155764776";"A01";"2";"7";"0";"1";"5";"26";"1";""
"202400009649";"155764775";"A01";"1";"99";"0";"2";"0";"1";"3";""
"202400009650";"155764773";"A01";"1";"10";"0";"2";"3";"15";"1";""
"202400009650";"155764774";"B01";"1";"33";"0";"2";"1";"2";"1";""
"202400009651";"155764771";"A01";"3";"33";"0";"2";"1";"17";"1";""
"202400009651";"155764772";"B01";"3";"7";"0";"2";"8";"15";"1";""
"202400009652";"155764769";"A01";"1";"7";"0";"2";"1";"26";"1";""
"202400009652";"155764770";"B01";"2";"7";"0";"2";"1";"0";"1";""
"202400009653";"155764767";"A01";"1";"38";"0";"2";"5";"16";"1";"1"
"202400009653";"155764768";"Y01";"1";"1";"0";"2";"1";"1";"5";""
"202400009654";"155764765";"Z01";"2";"7";"0";"2";"4";"26";"0";""
"202400009654";"155764766";"A01";"2";"7";"0";"2";"4";"23";"1";""
"202400009655";"155764763";"A01";"3";"3";"1";"0";"3";"13";"3";""
"202400009655";"155764764";"B01";"3";"7";"0";"2";"8";"24";"1";""
"202400009656";"155764761";"A01";"1";"7";"0";"2";"3";"15";"1";""
"202400009656";"155764762";"B01";"2";"33";"0";"2";"0";"1";"1";""
"202400009657";"155764760";"A01";"3";"10";"0";"1";"2";"15";"1";""
"202400009658";"155764758";"A01";"1";"7";"0";"2";"8";"13";"1";""
"202400009658";"155764759";"B01";"1";"33";"0";"2";"7";"17";"1";""
"202400009659";"155764756";"A01";"1";"7";"9";"2";"9";"6";"1";""
"202400009659";"155764757";"B01";"2";"7";"0";"2";"8";"1";"1";""
"202400009660";"155764754";"B01";"1";"7";"0";"2";"2";"15";"1";""
"202400009660";"155764755";"A01";"2";"7";"8";"0";"1";"1";"0";""
"202400009661";"155764753";"A01";"1";"7";"0";"1";"3";"1";"1";""
"202400009662";"155764751";"A01";"2";"7";"0";"2";"6";"15";"1";""
"202400009662";"155764752";"B01";"1";"33";"0";"2";"8";"1";"1";""
"202400009663";"155764750";"A01";"2";"30";"0";"0";"0";"1";"1";""
"202400009664";"155764748";"B01";"1";"33";"0";"2";"1";"1";"1";""
"202400009664";"155764749";"A01";"1";"7";"0";"2";"3";"9";"1";""
"202400009665";"155764745";"C01";"2";"7";"0";"2";"4";"2";"1";""
"202400009665";"155764746";"A01";"2";"10";"0";"2";"1";"2";"1";""
"202400009665";"155764747";"B01";"2";"7";"0";"2";"4";"2";"1";""
"202400009666";"155764743";"A01";"3";"32";"0";"2";"1";"18";"1";""
"202400009666";"155764744";"B01";"3";"7";"0";"2";"2";"15";"1";""
"202400009667";"155764742";"A01";"3";"2";"14";"0";"7";"21";"1";""
"202400009668";"155764740";"A01";"3";"7";"0";"2";"7";"23";"1";""
"202400009668";"155764741";"B01";"3";"1";"0";"2";"8";"2";"5";""
"202400009669";"155764738";"A01";"1";"7";"0";"2";"0";"1";"1";""
"202400009669";"155764739";"B01";"3";"7";"0";"2";"0";"1";"0";""
"202400009670";"155764735";"C01";"1";"7";"0";"2";"4";"2";"1";""
"202400009670";"155764736";"A01";"1";"7";"0";"2";"1";"2";"1";""
"202400009670";"155764737";"B01";"1";"7";"0";"2";"4";"2";"3";""
"202400009671";"155764733";"A01";"3";"7";"0";"2";"3";"9";"1";""
"202400009671";"155764734";"B01";"3";"1";"0";"2";"2";"1";"5";""
"202400009672";"155764731";"A01";"3";"31";"0";"2";"1";"19";"3";""
"202400009672";"155764732";"B01";"3";"7";"0";"2";"4";"19";"1";""
"202400009673";"155764729";"B01";"2";"7";"0";"2";"1";"1";"1";""
"202400009673";"155764730";"A01";"2";"10";"0";"2";"8";"15";"1";""
"202400009674";"155764727";"A01";"1";"7";"0";"2";"3";"13";"1";""
"202400009674";"155764728";"B01";"2";"7";"0";"2";"3";"1";"1";""
"202400009675";"155764725";"B01";"1";"7";"0";"2";"3";"2";"1";""
"202400009675";"155764726";"A01";"1";"7";"0";"2";"4";"0";"2";""
"202400009676";"155764724";"A01";"3";"31";"3";"0";"8";"17";"1";""
"202400009677";"155764723";"A01";"1";"7";"4";"0";"1";"0";"1";""
"202400009678";"155764722";"A01";"3";"7";"2";"0";"1";"2";"2";""
"202400009679";"155764721";"B01";"1";"7";"1";"0";"4";"24";"1";""
"202400009680";"155764719";"B01";"2";"33";"0";"2";"1";"3";"1";""
"202400009680";"155764720";"A01";"2";"7";"0";"2";"3";"11";"1";""
"202400009681";"155764717";"A01";"1";"31";"0";"2";"1";"2";"1";""
"202400009681";"155764718";"B01";"1";"7";"0";"2";"4";"2";"2";""
"202400009682";"155764715";"B01";"2";"7";"0";"2";"8";"11";"1";""
"202400009682";"155764716";"A01";"2";"31";"0";"2";"5";"0";"1";""
"202400009683";"155764713";"A01";"2";"31";"0";"2";"1";"3";"1";""
"202400009683";"155764714";"B01";"2";"7";"0";"2";"4";"12";"2";""
"202400009684";"155764710";"A01";"2";"7";"0";"2";"1";"1";"1";""
"202400009684";"155764711";"B01";"2";"7";"0";"2";"4";"1";"1";""