"Num_Acc";"id_vehicule";"num_veh";"senc";"catv";"obs";"obsm";"choc";"manv";"motor";"occutc"
"202400009684";"155764712";"C01";"2";"7";"0";"2";"4";"1";"3";""
"202400009685";"155764708";"A01";"1";"33";"0";"2";"1";"3";"1";""
"202400009685";"155764709";"B01";"1";"7";"0";"2";"6";"11";"1";""
"202400009686";"155764707";"A01";"1";"7";"9";"0";"1";"16";"1";""
"202400009687";"155764706";"A01";"1";"33";"0";"5";"1";"1";"1";""
"202400009688";"155764705";"A01";"1";"38";"3";"0";"1";"1";"1";"11"
"202400009689";"155764703";"B01";"2";"7";"0";"2";"4";"1";"1";""
"202400009689";"155764704";"A01";"2";"7";"0";"2";"1";"2";"2";""
"202400009690";"155764702";"A01";"1";"2";"0";"0";"2";"13";"1";""
"202400009691";"155764700";"A01";"3";"7";"0";"2";"3";"13";"1";""
"202400009691";"155764701";"B01";"3";"7";"0";"2";"3";"1";"1";""
"202400009692";"155764699";"A01";"3";"10";"0";"1";"2";"16";"1";""
"202400009693";"155764697";"A01";"1";"7";"0";"2";"2";"13";"1";""
"202400009693";"155764698";"B01";"2";"7";"0";"2";"1";"1";"1";""
"202400009694";"155764695";"B01";"3";"10";"0";"2";"6";"2";"1";""
"202400009694";"155764696";"A01";"3";"10";"0";"2";"1";"2";"3";""
"202400009695";"155764693";"B01";"1";"50";"1";"2";"7";"1";"3";""
"202400009695";"155764694";"A01";"1";"37";"0";"0";"2";"1";"2";"1"
"202400009696";"155764691";"B01";"1";"7";"0";"2";"3";"1";"1";""
"202400009696";"155764692";"A01";"1";"7";"0";"2";"5";"2";"2";""
"202400009697";"155764689";"A01";"1";"7";"0";"2";"3";"15";"1";""
"202400009697";"155764690";"B01";"1";"1";"0";"2";"7";"1";"5";""
"202400009698";"155764687";"B01";"3";"32";"0";"2";"7";"2";"1";""
"202400009698";"155764688";"A01";"3";"7";"1";"2";"2";"1";"1";""
"202400009699";"155764686";"A01";"1";"7";"0";"1";"3";"1";"1";""
"202400009700";"155764684";"B01";"2";"7";"8";"2";"1";"1";"1";""
"202400009700";"155764685";"A01";"1";"7";"0";"2";"2";"9";"1";""
"202400009701";"155764682";"A01";"2";"7";"1";"2";"3";"9";"1";""
"202400009701";"155764683";"B01";"2";"33";"0";"0";"0";"0";"1";""
"202400009702";"155764679";"A01";"1";"32";"0";"2";"2";"17";"1";""
"202400009702";"155764681";"B01";"1";"7";"1";"2";"8";"17";"1";""
"202400009703";"155764678";"A01";"2";"30";"0";"4";"1";"19";"1";""
"202400009703";"155764680";"B01";"3";"39";"0";"2";"2";"1";"3";""
"202400009704";"155764677";"A01";"1";"7";"0";"0";"2";"1";"1";""
"202400009705";"155764675";"B01";"1";"2";"0";"2";"8";"1";"1";""
"202400009705";"155764676";"A01";"1";"7";"0";"2";"3";"15";"1";""
"202400009706";"155764673";"A01";"2";"7";"0";"2";"1";"0";"1";""
"202400009706";"155764674";"B01";"1";"7";"0";"2";"3";"1";"1";""
"202400009707";"155764672";"A01";"1";"7";"0";"1";"2";"1";"1";""
"202400009708";"155764671";"A01";"3";"7";"1";"1";"2";"1";"1";""
"202400009709";"155764668";"B01";"3";"31";"0";"2";"3";"16";"1";""
"202400009709";"155764670";"Z01";"3";"7";"0";"2";"0";"0";"6";""
"202400009710";"155764667";"B01";"1";"1";"0";"2";"8";"1";"5";""
"202400009710";"155764669";"A01";"1";"7";"0";"2";"3";"1";"1";""
"202400009711";"155764666";"A01";"1";"7";"0";"1";"2";"0";"1";""
"202400009712";"155764665";"A01";"1";"43";"0";"1";"1";"1";"1";""
"202400009713";"155764664";"A01";"2";"7";"1";"0";"7";"20";"1";""
"202400009714";"155764663";"A01";"1";"7";"0";"1";"1";"0";"1";""
"202400009715";"155764662";"A01";"1";"7";"15";"0";"3";"1";"1";""
"202400009716";"155764661";"A01";"3";"7";"0";"1";"3";"2";"2";""
"202400009717";"155764659";"A01";"1";"7";"0";"2";"2";"9";"1";""
"202400009717";"155764660";"B01";"1";"43";"0";"2";"6";"1";"1";""
"202400009718";"155764656";"A01";"1";"7";"0";"2";"6";"15";"1";""
"202400009718";"155764658";"B01";"1";"30";"0";"2";"1";"2";"1";""
"202400009719";"155764655";"A01";"3";"33";"0";"2";"7";"17";"1";""
"202400009719";"155764657";"B01";"3";"7";"0";"2";"3";"0";"1";""
"202400009720";"155764653";"A01";"1";"99";"0";"2";"1";"7";"0";""
"202400009720";"155764654";"B01";"1";"37";"0";"9";"8";"15";"1";"1"
"202400009721";"155764651";"B01";"1";"7";"0";"2";"1";"1";"1";""
"202400009721";"155764652";"A01";"2";"7";"0";"2";"1";"13";"1";""
"202400009722";"155764650";"A01";"1";"0";"1";"0";"6";"14";"1";""
"202400009723";"155764647";"B01";"2";"7";"0";"2";"4";"1";"1";""
"202400009723";"155764649";"A01";"2";"33";"0";"2";"4";"2";"1";""
"202400009724";"155764646";"A01";"1";"7";"0";"2";"2";"15";"0";""
"202400009724";"155764648";"B01";"3";"30";"0";"2";"0";"0";"0";""
"202400009725";"155764645";"A01";"1";"1";"0";"0";"1";"5";"5";""
"202400009726";"155764641";"B01";"3";"7";"0";"2";"4";"2";"1";""
"202400009726";"155764642";"A01";"3";"7";"0";"2";"1";"2";"1";""
"202400009727";"155764640";"A01";"2";"33";"0";"2";"1";"3";"1";""
"202400009727";"155764643";"B01";"2";"7";"0";"2";"4";"1";"1";""
"202400009728";"155764639";"B01";"2";"2";"0";"2";"1";"1";"1";""
"202400009728";"155764644";"A01";"2";"7";"0";"2";"3";"15";"1";""
"202400009729";"155764635";"A01";"2";"7";"0";"2";"6";"2";"1";""
"202400009729";"155764637";"B01";"2";"33";"4";"2";"1";"2";"1";""
"202400009730";"155764634";"A01";"1";"7";"0";"2";"3";"16";"1";""
"202400009730";"155764636";"B01";"1";"2";"0";"2";"2";"1";"3";""
"202400009731";"155764633";"B01";"2";"7";"0";"2";"7";"15";"1";""
"202400009731";"155764638";"A01";"1";"30";"0";"2";"1";"1";"1";""
"202400009732";"155764630";"A01";"2";"7";"0";"2";"1";"2";"1";""
"202400009732";"155764632";"B01";"2";"31";"0";"2";"4";"2";"1";""
"202400009733";"155764628";"A01";"1";"7";"0";"2";"1";"9";"1";""
"202400009733";"155764631";"B01";"1";"7";"0";"2";"7";"9";"1";""
"202400009734";"155764626";"A01";"2";"2";"0";"2";"1";"2";"1";""
"202400009734";"155764627";"B01";"2";"7";"0";"2";"1";"2";"1";""
"202400009734";"155764629";"C01";"2";"7";"0";"2";"1";"2";"1";""
"202400009735";"155764624";"A01";"1";"10";"0";"2";"4";"1";"1";""
"202400009735";"155764625";"B01";"1";"7";"0";"2";"1";"2";"1";""
"202400009736";"155764622";"A01";"1";"7";"16";"0";"5";"14";"1";""
"202400009737";"155764621";"A01";"3";"31";"0";"2";"1";"1";"1";""
"202400009737";"155764623";"B01";"3";"7";"0";"2";"4";"1";"3";""
"202400009738";"155764620";"A01";"1";"33";"0";"0";"7";"14";"1";""
"202400009739";"155764618";"A01";"1";"7";"0";"9";"7";"14";"1";""
"202400009739";"155764619";"B01";"1";"50";"0";"2";"7";"1";"3";""
"202400009740";"155764615";"B01";"3";"34";"0";"0";"0";"0";"1";""
"202400009740";"155764617";"A01";"3";"7";"0";"0";"0";"0";"1";""
"202400009741";"155764612";"A01";"1";"2";"0";"2";"1";"1";"1";""
"202400009741";"155764614";"Z01";"1";"7";"0";"2";"0";"15";"1";""
"202400009742";"155764609";"A01";"2";"7";"1";"2";"2";"1";"1";""
"202400009742";"155764611";"Z01";"1";"7";"0";"2";"1";"1";"0";""
"202400009743";"155764608";"A01";"3";"7";"0";"2";"2";"15";"1";""
"202400009743";"155764610";"B01";"2";"30";"0";"2";"4";"1";"1";""
"202400009744";"155764605";"B01";"0";"7";"0";"2";"3";"15";"1";""
"202400009744";"155764606";"A01";"0";"30";"0";"2";"1";"1";"1";""
"202400009745";"155764603";"B01";"1";"34";"0";"2";"6";"1";"1";""
"202400009745";"155764607";"A01";"1";"7";"0";"2";"3";"15";"1";""
"202400009746";"155764602";"B01";"1";"7";"0";"2";"1";"1";"1";""
"202400009746";"155764604";"A01";"2";"7";"0";"2";"1";"5";"1";""
"202400009747";"155764600";"A01";"2";"7";"2";"0";"1";"1";"1";""
"202400009748";"155764599";"A01";"2";"7";"2";"0";"1";"0";"1";""
"202400009749";"155764598";"A01";"0";"7";"0";"2";"8";"15";"1";""
"202400009749";"155764601";"B01";"0";"33";"0";"2";"1";"1";"1";""
"202400009750";"155764593";"A01";"1";"7";"1";"2";"1";"17";"0";""
"202400009750";"155764597";"B01";"2";"7";"0";"2";"3";"1";"0";""
"202400009751";"155764594";"A01";"1";"31";"0";"2";"6";"26";"1";""
"202400009751";"155764596";"B01";"0";"10";"0";"2";"5";"26";"0";""
"202400009752";"155764592";"B01";"2";"7";"0";"2";"1";"1";"0";""
"202400009752";"155764595";"A01";"2";"7";"0";"2";"8";"15";"1";""
"202400009753";"155764591";"A01";"1";"32";"0";"1";"1";"1";"3";""
"202400009754";"155764590";"A01";"0";"10";"0";"1";"1";"16";"1";""
"202400009755";"155764589";"A01";"1";"40";"0";"1";"3";"2";"3";""
"202400009756";"155764588";"A01";"2";"7";"0";"1";"1";"1";"2";""
"202400009757";"155764585";"A01";"3";"7";"0";"2";"1";"26";"1";""
"202400009757";"155764587";"B01";"3";"1";"0";"2";"7";"19";"5";""
"202400009758";"155764583";"B01";"1";"7";"0";"2";"3";"1";"1";""
"202400009758";"155764586";"A01";"1";"10";"0";"2";"1";"13";"1";""
"202400009759";"155764584";"A01";"1";"33";"1";"0";"7";"26";"1";""
"202400009760";"155764581";"A01";"3";"7";"1";"0";"1";"5";"1";""
"202400009761";"155764579";"A01";"2";"32";"0";"2";"3";"21";"1";""
"202400009761";"155764580";"B01";"1";"7";"0";"2";"3";"15";"2";""
"202400009761";"155764582";"C01";"3";"7";"0";"2";"1";"26";"2";""
"202400009762";"155764577";"A01";"1";"7";"0";"1";"2";"1";"2";""
"202400009763";"155764574";"A01";"2";"50";"0";"1";"1";"13";"3";""
"202400009764";"155764573";"A01";"3";"7";"0";"1";"3";"1";"1";""
"202400009765";"155764572";"B01";"2";"33";"0";"2";"2";"26";"1";""
"202400009765";"155764575";"A01";"1";"7";"0";"2";"6";"9";"1";""
"202400009766";"155764571";"A01";"1";"7";"6";"0";"1";"1";"1";""
"202400009767";"155764568";"A01";"3";"33";"0";"2";"3";"1";"1";""
"202400009767";"155764569";"B01";"3";"32";"0";"2";"2";"1";"1";""
"202400009768";"155764564";"A01";"1";"7";"0";"2";"5";"14";"1";""
"202400009768";"155764567";"B01";"1";"33";"14";"0";"1";"1";"1";""
"202400009768";"155764570";"C01";"1";"7";"0";"2";"1";"1";" -1";""
"202400009769";"155764565";"A01";"2";"7";"0";"2";"2";"15";"2";""
"202400009769";"155764566";"B01";"1";"7";"0";"2";"3";"1";"1";""
"202400009770";"155764563";"A01";"2";"7";"0";"1";"7";"16";"0";""
"202400009771";"155764559";"A01";"2";"10";"3";"2";"1";"1";"1";""
"202400009771";"155764562";"B01";"0";"7";"0";"2";"1";"1";"1";""
"202400009772";"155764557";"B01";"1";"7";"0";"2";"3";"1";"1";""
"202400009772";"155764560";"A01";"2";"3";"0";"2";"5";"4";"1";""
"202400009773";"155764553";"A01";"1";"7";"0";"2";"1";"17";"1";""
"202400009773";"155764555";"B01";"1";"7";"0";"2";"6";"13";"1";""
"202400009774";"155764552";"A01";"3";"7";"0";"1";"4";"20";"1";""
"202400009775";"155764548";"A01";"1";"7";"0";"2";"8";"15";"1";""
"202400009775";"155764551";"B01";"1";"50";"0";"2";"1";"2";"3";""
"202400009776";"155764547";"A01";"3";"7";"0";"2";"2";"19";"2";""
"202400009776";"155764550";"B01";"3";"7";"0";"2";"7";"1";"3";""
"202400009777";"155764549";"A01";"2";"10";"0";"1";"2";"1";"1";""
"202400009778";"155764546";"A01";"2";"1";"0";"0";"0";"1";"5";""
"202400009779";"155764543";"B01";"1";"7";"0";"2";"0";"0";"1";""
"202400009779";"155764544";"A01";"1";"7";"0";"2";"0";"1";"1";""
"202400009780";"155764542";"A01";"1";"7";"0";"2";"3";"26";"1";""
"202400009780";"155764545";"B01";"3";"33";"0";"2";"7";"0";"1";""
"202400009781";"155764540";"B01";"1";"7";"0";"2";"1";"1";"1";""
"202400009781";"155764541";"A01";"3";"50";"0";"2";"7";"1";"3";""
"202400009782";"155764535";"B01";"3";"7";"0";"2";"7";"1";"1";""
"202400009782";"155764539";"A01";"3";"7";"0";"2";"1";"19";"1";""
"202400009783";"155764536";"A01";"2";"3";"0";"9";"7";"15";"3";""
"202400009783";"155764538";"B01";"1";"80";"0";"2";"1";"19";"3";""
"202400009784";"155764529";"A01";"2";"7";"0";"2";"1";"9";"1";""
"202400009784";"155764530";"B01";"1";"37";"0";"2";"3";"1";"1";"2"
"202400009785";"155764527";"A01";"2";"30";"0";"2";"1";"1";"1";""
"202400009785";"155764528";"B01";"1";"7";"0";"2";"8";"0";"1";""
"202400009786";"155764526";"A01";"1";"50";"0";"2";"5";"1";"3";""
"202400009787";"155764525";"A01";"1";"7";"0";"1";"2";"2";"1";""
"202400009788";"155764523";"Z01";"2";"0";"0";"1";"1";"11";"0";""
"202400009789";"155764522";"B01";"2";"30";"0";"2";"3";"1";"1";""
"202400009789";"155764524";"A01";"1";"7";"0";"2";"3";"15";"3";""
"202400009790";"155764518";"A01";"0";"50";"0";"1";"1";"0";"3";""
"202400009791";"155764516";"A01";"2";"50";"0";"2";"1";"1";"3";""
"202400009791";"155764520";"B01";"2";"7";"0";"2";"3";"1";"1";""
"202400009792";"155764515";"B01";"2";"7";"0";"2";"4";"2";"1";""
"202400009792";"155764517";"A01";"2";"7";"0";"2";"1";"1";"1";""
"202400009792";"155764519";"C01";"2";"7";"0";"2";"4";"1";"1";""
"202400009792";"155764521";"D01";"2";"7";"0";"2";"1";"1";"1";""
"202400009793";"155764514";"A01";"1";"7";"8";"0";"1";"1";"1";""
"202400009794";"155764511";"A01";"1";"33";"0";"2";"7";"17";"1";""
"202400009794";"155764513";"B01";"1";"7";"0";"2";"3";"15";"1";""
"202400009795";"155764512";"A01";"1";"7";"0";"1";"1";"15";"1";""
"202400009796";"155764506";"A01";"1";"7";"0";"2";"5";"9";"2";""
"202400009796";"155764508";"B01";"3";"50";"0";"2";"1";"1";"3";""
"202400009797";"155764504";"A01";"2";"7";"0";"2";"1";"15";"1";""
"202400009797";"155764507";"B01";"1";"33";"0";"2";"1";"1";"1";""
"202400009798";"155764502";"C01";"3";"7";"0";"2";"4";"1";"1";""
"202400009798";"155764503";"A01";"2";"7";"0";"2";"1";"1";"1";""
"202400009798";"155764505";"B01";"3";"7";"0";"2";"1";"1";"1";""
"202400009799";"155764501";"A01";"3";"10";"0";"1";"1";"1";"1";""
"202400009800";"155764498";"A01";"1";"3";"0";"1";"3";"15";"3";""
"202400009801";"155764495";"C01";"2";"10";"0";"2";"2";"0";"1";""
"202400009801";"155764496";"B01";"2";"7";"0";"2";"1";"2";"1";""
"202400009801";"155764500";"A01";"2";"10";"0";"2";"4";"23";"3";""
"202400009802";"155764492";"B01";"2";"7";"0";"0";"1";"1";"1";""
"202400009802";"155764494";"A01";"0";"7";"0";"2";"7";"19";"1";""
"202400009803";"155764489";"A01";"1";"7";"0";"2";"3";"15";"1";""
"202400009803";"155764491";"B01";"2";"1";"0";"2";"1";"1";"5";""
"202400009804";"155764490";"B01";"3";"7";"0";"2";"2";"15";"1";""
"202400009804";"155764493";"A01";"3";"7";"0";"2";"2";"1";"1";""
"202400009805";"155764485";"A01";"1";"7";"0";"1";"1";"26";"1";""
"202400009806";"155764484";"B01";"3";"7";"0";"2";"4";"23";"1";""
"202400009806";"155764487";"A01";"3";"7";"0";"2";"1";"2";"1";""
"202400009807";"155764483";"A01";"2";"32";"0";"2";"7";"1";"1";""
"202400009808";"155764480";"A01";"3";"7";"0";"2";"1";"1";"1";""
"202400009808";"155764482";"B01";"3";"10";"0";"0";"4";"1";"1";""
"202400009809";"155764478";"A01";"1";"7";"0";"2";"3";"1";"1";""
"202400009809";"155764481";"B01";"2";"1";"0";"2";"1";"1";"5";""
"202400009810";"155764477";"A01";"2";"33";"0";"2";"2";"3";"1";""
"202400009810";"155764479";"B01";"2";"7";"0";"2";"6";"11";"2";""
"202400009811";"155764475";"A01";"1";"50";"0";"2";"1";"1";"3";""
"202400009811";"155764476";"B01";"3";"7";"0";"2";"3";"26";"1";""
"202400009812";"155764472";"A01";"2";"33";"0";"2";"2";"17";"1";""
"202400009812";"155764474";"B01";"2";"7";"0";"2";"1";"16";"1";""
"202400009813";"155764471";"A01";"2";"43";"0";"2";"1";"3";"1";""
"202400009813";"155764473";"B01";"2";"7";"0";"2";"5";"12";"2";""
"202400009814";"155764469";"A01";"1";"7";"0";"2";"2";"16";"1";""
"202400009814";"155764470";"B01";"1";"1";"0";"2";"4";"16";"5";""
"202400009815";"155764468";"A01";"2";"7";"0";"1";"2";"1";"1";""
"202400009816";"155764466";"A01";"2";"7";"13";"0";"1";"13";"1";""
"202400009817";"155764465";"A01";"3";"31";"0";"2";"1";"1";"1";""
"202400009817";"155764467";"B01";"3";"7";"0";"2";"2";"15";"1";""
"202400009818";"155764463";"A01";"3";"10";"0";"2";"3";"1";"1";""
"202400009818";"155764464";"B01";"0";"33";"0";"0";"7";"1";"1";""
"202400009819";"155764462";"A01";"2";"7";"0";"1";"0";"1";"0";""
"202400009820";"155764460";"A01";"3";"30";"12";"0";"7";"14";"1";""
"202400009821";"155764459";"A01";"1";"32";"0";"2";"6";"1";"1";""
"202400009821";"155764461";"B01";"2";"7";"0";"2";"1";"1";"1";""
"202400009822";"155764457";"B01";"1";"1";"0";"2";"4";"9";"5";""
"202400009822";"155764458";"A01";"1";"7";"0";"9";"2";"9";"1";""
"202400009823";"155764456";"A01";"2";"7";"1";"0";"3";"13";"1";""
"202400009824";"155764455";"A01";"1";"7";"1";"1";"1";"20";"1";""
"202400009825";"155764453";"A01";"2";"7";"0";"1";"4";"26";"1";""
"202400009826";"155764452";"A01";"2";"10";"0";"2";"3";"1";"3";""
"202400009826";"155764454";"B01";"1";"50";"0";"2";"1";"1";"3";""
"202400009827";"155764446";"A01";"1";"32";"0";"2";"7";"15";"1";""
"202400009827";"155764451";"B01";"2";"7";"0";"2";"1";"1";"1";""
"202400009828";"155764445";"A01";"1";"7";"0";"2";"1";"1";"2";""
"202400009828";"155764448";"B01";"1";"7";"0";"2";"4";"2";"1";""
"202400009828";"155764450";"C01";"1";"7";"14";"0";"1";"2";"1";""
"202400009829";"155764447";"B01";"3";"7";"0";"2";"4";"2";"1";""
"202400009829";"155764449";"A01";"3";"7";"0";"2";"1";"2";"1";""
"202400009830";"155764443";"A01";"1";"7";"0";"2";"3";"15";"2";""
"202400009830";"155764444";"B01";"1";"1";"0";"2";"1";"1";"5";""
"202400009831";"155764440";"A01";"1";"7";"0";"2";"5";"15";"1";""
"202400009831";"155764442";"B01";"2";"30";"0";"2";"1";"1";"1";""
"202400009832";"155764438";"A01";"3";"7";"0";"0";"0";"0";"1";""
"202400009832";"155764439";"B01";"3";"7";"0";"0";"0";"0";"1";""
"202400009832";"155764441";"C01";"3";"10";"0";"9";"4";"26";"1";""
"202400009833";"155764436";"A01";"3";"7";"1";"0";"9";"1";"1";""
"202400009834";"155764435";"A01";"3";"10";"0";"2";"4";"4";"1";""
"202400009834";"155764437";"B01";"3";"33";"0";"2";"1";"23";"1";""
"202400009835";"155764433";"A01";"3";"1";"0";"2";"7";"1";"5";""
"202400009835";"155764434";"B01";"3";"7";"0";"2";"0";"16";"0";""
"202400009836";"155764431";"A01";"1";"32";"0";"2";"7";"1";"1";""
"202400009836";"155764432";"B01";"1";"7";"0";"2";"1";"1";"1";""
"202400009837";"155764430";"A01";"2";"7";"0";"1";"6";"17";"2";""
"202400009838";"155764425";"B01";"1";"7";"0";"2";"4";"1";"1";""
"202400009838";"155764426";"C01";"1";"7";"0";"2";"1";"1";"1";""
"202400009838";"155764429";"A01";"1";"7";"0";"2";"6";"1";"1";""
"202400009839";"155764423";"A01";"3";"7";"0";"2";"1";"1";"1";""
"202400009839";"155764428";"B01";"3";"7";"0";"2";"7";"1";"1";""
"202400009840";"155764424";"A01";"1";"7";"0";"2";"5";"23";"2";""
"202400009840";"155764427";"B01";"1";"7";"0";"2";"3";"1";"1";""
"202400009841";"155764421";"A01";"3";"7";"0";"2";"1";"16";"1";""
"202400009841";"155764422";"B01";"3";"7";"0";"2";"8";"0";"1";""
"202400009842";"155764420";"A01";"1";"7";"0";"1";"1";"1";"1";""
"202400009843";"155764419";"A01";"1";"1";"12";"0";"2";"14";"5";""
"202400009844";"155764418";"A01";"0";"10";"0";"1";"1";"26";"0";""
"202400009845";"155764414";"A01";"0";"7";"0";"2";"1";"1";"1";""
"202400009845";"155764417";"B01";"0";"80";"0";"2";"8";"19";"3";""
"202400009846";"155764413";"A01";"1";"7";"0";"2";"3";"15";"1";""
"202400009846";"155764416";"B01";"1";"34";"0";"2";"2";"17";"1";""
"202400009847";"155764407";"A01";"1";"10";"0";"2";"8";"10";"1";""
"202400009847";"155764410";"B01";"1";"33";"0";"2";"1";"1";"1";""
"202400009848";"155764406";"A01";"1";"7";"0";"2";"8";"13";"1";""
"202400009848";"155764408";"B01";"1";"43";"0";"2";"8";"23";"1";""
"202400009849";"155764404";"A01";"2";"7";"15";"0";"1";"26";"1";""
"202400009850";"155764402";"B01";"0";"7";"0";"2";"1";"1";"1";""
"202400009850";"155764403";"A01";"3";"7";"0";"2";"7";"26";"1";""
"202400009850";"155764405";"C01";"3";"7";"0";"2";"3";"1";"1";""
"202400009851";"155764399";"A01";"3";"10";"0";"2";"1";"15";"1";""
"202400009851";"155764401";"B01";"3";"50";"0";"2";"8";"9";"3";""
"202400009852";"155764398";"B01";"3";"7";"0";"2";"3";"1";"1";""
"202400009852";"155764400";"A01";"3";"50";"0";"2";"3";"19";"3";""
"202400009853";"155764396";"A01";"1";"30";"0";"2";"7";"11";"1";""
"202400009853";"155764397";"B01";"1";"7";"0";"2";"8";"1";"1";""
"202400009854";"155764394";"A01";"0";"7";"0";"1";"1";"1";"1";""
"202400009855";"155764393";"A01";"1";"7";"0";"9";"1";"1";"1";""
"202400009855";"155764395";"B01";"3";"1";"0";"2";"3";"19";"5";""
"202400009856";"155764388";"B01";"1";"50";"0";"2";"2";"1";"3";""
"202400009856";"155764391";"A01";"1";"7";"0";"2";"8";"24";"1";""
"202400009857";"155764390";"A01";"0";"7";"0";"2";"6";"17";"1";""
"202400009857";"155764392";"B01";"0";"7";"0";"2";"3";"15";"1";""
"202400009858";"155764385";"A01";"2";"7";"0";"2";"1";"7";"1";""
"202400009858";"155764389";"B01";"2";"7";"0";"0";"8";"1";"1";""
"202400009859";"155764382";"E01";"0";"7";"1";"2";"1";"1";"3";""
"202400009859";"155764384";"B01";"0";"32";"0";"2";"7";"1";"1";""
"202400009859";"155764387";"A01";"0";"7";"0";"2";"1";"19";"1";""
"202400009860";"155764383";"A01";"2";"10";"0";"9";"2";"1";"1";""
"202400009860";"155764386";"B01";"2";"1";"0";"2";"1";"19";"5";""
"202400009861";"155764380";"A01";"1";"7";"14";"0";"1";"2";"1";""
"202400009861";"155764381";"B01";"1";"33";"0";"2";"4";"23";"1";""
"202400009862";"155764379";"A01";"2";"7";"0";"1";"1";"1";"2";""
"202400009863";"155764378";"A01";"3";"10";"4";"1";"1";"1";"1";""
"202400009864";"155764376";"A01";"1";"50";"0";"1";"1";"1";"3";""
"202400009865";"155764373";"B01";"0";"7";"0";"2";"3";"1";"0";""
"202400009865";"155764375";"A01";"0";"10";"0";"2";"7";"26";"0";""
"202400009866";"155764374";"B01";"2";"7";"0";"2";"3";"16";"1";""
"202400009866";"155764377";"A01";"2";"7";"0";"2";"0";"26";"0";""
"202400009867";"155764372";"Z01";"1";"7";"0";"1";"2";"1";"1";""
"202400009868";"155764368";"A01";"1";"33";"0";"2";"9";"3";"1";""
"202400009868";"155764371";"B01";"1";"7";"0";"2";"6";"15";"2";""
"202400009869";"155764367";"B01";"2";"1";"0";"2";"4";"13";"5";""
"202400009869";"155764369";"A01";"2";"34";"0";"2";"1";"1";"1";""
"202400009870";"155764366";"A01";"3";"7";"0";"2";"1";"26";"1";""
"202400009870";"155764370";"B01";"3";"7";"0";"2";"4";"23";"1";""
"202400009871";"155764365";"A01";"0";"10";"0";"1";"5";"4";"1";""
"202400009872";"155764363";"A01";"1";"7";"0";"2";"2";"1";"2";""
"202400009872";"155764364";"B01";"2";"7";"0";"2";"3";"1";"1";""
"202400009873";"155764361";"A01";"1";"10";"4";"0";"2";"1";"1";""
"202400009874";"155764359";"A01";"1";"10";"9";"0";"2";"1";"1";""
"202400009875";"155764360";"B01";"1";"32";"0";"2";"1";"0";"1";""
"202400009875";"155764362";"A01";"3";"7";"0";"2";"5";"1";"1";""
"202400009876";"155764358";"A01";"1";"7";"0";"1";"1";"2";"1";""
"202400009877";"155764355";"A01";"1";"1";"0";"2";"1";"26";"5";""
"202400009877";"155764357";"B01";"2";"10";"0";"9";"8";"1";"1";""
"202400009878";"155764354";"A01";"3";"7";"0";"2";"1";"0";"1";""
"202400009878";"155764356";"B01";"3";"1";"0";"2";"7";"1";"5";""
"202400009879";"155764353";"Z01";"3";"0";"12";"1";"2";"0";"0";""
"202400009880";"155764352";"A01";"2";"1";"0";"5";"3";"21";"5";""
"202400009881";"155764351";"A01";"2";"7";"0";"2";"1";"2";"1";""
"202400009882";"155764348";"A01";"1";"31";"0";"1";"1";"1";"1";""
"202400009883";"155764347";"B01";"3";"10";"0";"2";"3";"1";"1";""
"202400009883";"155764349";"A01";"3";"7";"0";"2";"2";"1";"2";""
"202400009884";"155764350";"A01";"0";"30";"0";"0";"3";"2";"1";""
"202400009885";"155764346";"A01";"3";"7";"0";"1";"3";"15";"2";""
"202400009886";"155764343";"A01";"1";"10";"0";"2";"2";"26";"1";""
"202400009886";"155764344";"B01";"1";"2";"0";"2";"1";"2";"1";""
"202400009887";"155764342";"B01";"3";"50";"0";"0";"0";"0";"3";""
"202400009887";"155764345";"A01";"3";"7";"0";"9";"2";"1";"1";""
"202400009888";"155764340";"A01";"3";"7";"0";"0";"0";"0";"1";""
"202400009889";"155764339";"A01";"2";"31";"0";"2";"1";"18";"3";""
"202400009889";"155764341";"B01";"2";"7";"0";"2";"2";"24";"1";""
"202400009890";"155764333";"A01";"2";"2";"0";"0";"0";"21";"1";""
"202400009891";"155764334";"C01";"3";"7";"12";"2";"3";"26";"1";""
"202400009891";"155764335";"A01";"3";"33";"12";"2";"6";"2";"1";""
"202400009891";"155764337";"B01";"3";"7";"12";"2";"6";"2";"2";""
"202400009892";"155764332";"A01";"2";"7";"0";"2";"1";"1";"1";""
"202400009892";"155764336";"B01";"2";"7";"0";"2";"4";"1";"1";""
"202400009892";"155764338";"D01";"2";"7";"0";"2";"4";"1";" -1";""
"202400009893";"155764329";"B01";"0";"50";"0";"2";"1";"1";"3";""
"202400009893";"155764330";"A01";"0";"7";"0";"2";"7";"16";"1";""
"202400009894";"155764328";"A01";"3";"7";"0";"2";"6";"1";"1";""
"202400009894";"155764331";"B01";"3";"10";"0";"2";"2";"16";"0";""
"202400009895";"155764325";"A01";"1";"7";"0";"1";"1";"16";"1";""
"202400009896";"155764326";"A01";"1";"7";"0";"2";"4";"23";"1";""
"202400009896";"155764327";"B01";"1";"7";"0";"2";"1";"2";"1";""
"202400009897";"155764323";"A01";"0";"10";"5";"0";"0";"2";"1";""
"202400009897";"155764324";"B01";"0";"33";"0";"0";"0";"0";"0";""
"202400009898";"155764321";"B01";"1";"1";"0";"2";"1";"1";"5";""
"202400009898";"155764322";"A01";"1";"7";"0";"2";"2";"1";"2";""