"Num_Acc";"id_vehicule";"num_veh";"senc";"catv";"obs";"obsm";"choc";"manv";"motor";"occutc"
"202400009899";"155764319";"A01";"2";"33";"0";"1";"1";"17";"1";""
"202400009900";"155764318";"B01";"3";"7";"0";"2";"8";"15";"1";""
"202400009900";"155764320";"A01";"3";"34";"0";"2";"1";"17";"1";""
"202400009901";"155764317";"A01";"1";"7";"1";"1";"2";"1";"1";""
"202400009902";"155764316";"A01";"1";"2";"0";"0";"0";"1";"3";""
"202400009903";"155764314";"A01";"3";"33";"0";"2";"1";"2";"3";""
"202400009903";"155764315";"B01";"3";"7";"0";"0";"5";"2";"2";""
"202400009904";"155764312";"A01";"3";"7";"0";"1";"0";"23";"1";""
"202400009904";"155764313";"B01";"3";"7";"0";"2";"3";"1";"1";""
"202400009905";"155764308";"B01";"1";"7";"0";"9";"3";"2";"1";""
"202400009905";"155764310";"A01";"1";"50";"0";"2";"1";"14";"3";""
"202400009906";"155764309";"A01";"2";"1";"0";"2";"1";"5";"5";""
"202400009906";"155764311";"B01";"1";"7";"0";"2";"3";"15";"1";""
"202400009907";"155764304";"B01";"3";"10";"0";"2";"7";"0";"1";""
"202400009907";"155764306";"A01";"0";"50";"0";"2";"1";"1";"3";""
"202400009908";"155764303";"B01";"1";"10";"0";"2";"3";"1";"1";""
"202400009908";"155764307";"A01";"2";"7";"0";"2";"1";"1";"1";""
"202400009909";"155764305";"A01";"1";"60";"0";"0";"0";"1";"5";""
"202400009910";"155764298";"B01";"1";"7";"0";"2";"1";"0";"1";""
"202400009910";"155764300";"A01";"1";"7";"0";"2";"4";"0";"1";""
"202400009911";"155764299";"A01";"1";"1";"0";"2";"7";"1";"5";""
"202400009911";"155764302";"B01";"1";"7";"0";"9";"1";"1";"1";""
"202400009912";"155764297";"A01";"2";"7";"0";"2";"2";"10";"2";""
"202400009912";"155764301";"B01";"1";"33";"0";"2";"1";"1";"1";""
"202400009913";"155764296";"A01";"0";"7";"0";"1";"1";"15";"1";""
"202400009914";"155764295";"A01";"0";"60";"0";"0";"0";"0";"5";""
"202400009915";"155764292";"A01";"3";"7";"0";"1";"1";"0";"1";""
"202400009916";"155764291";"A01";"3";"50";"0";"2";"1";"26";"3";""
"202400009916";"155764293";"B01";"3";"1";"0";"9";"1";"1";"5";""
"202400009917";"155764290";"B01";"1";"31";"0";"2";"5";"2";"1";""
"202400009917";"155764294";"A01";"1";"7";"0";"2";"6";"15";"1";""
"202400009918";"155764288";"A01";"2";"7";"0";"1";"3";"15";"2";""
"202400009919";"155764287";"A01";"1";"7";"0";"9";"8";"20";"1";""
"202400009919";"155764289";"B01";"1";"1";"0";"2";"1";"1";"5";""
"202400009920";"155764285";"A01";"1";"2";"0";"9";"1";"1";"1";""
"202400009920";"155764286";"B01";"1";"1";"0";"2";"8";"15";"5";""
"202400009921";"155764282";"A01";"3";"7";"0";"2";"2";"15";"0";""
"202400009921";"155764284";"B01";"3";"33";"0";"2";"1";"1";"0";""
"202400009922";"155764283";"A01";"1";"7";"0";"1";"4";"26";"1";""
"202400009923";"155764281";"A01";"1";"32";"16";"0";"0";"1";"1";""
"202400009924";"155764280";"A01";"1";"10";"0";"1";"3";"15";"1";""
"202400009925";"155764278";"B01";"3";"1";"0";"2";"7";"3";"5";""
"202400009925";"155764279";"A01";"3";"10";"0";"2";"3";"13";"1";""
"202400009926";"155764277";"A01";"0";"10";"0";"1";"1";"0";"0";""
"202400009927";"155764275";"A01";"3";"15";"0";"2";"2";"1";"1";""
"202400009927";"155764276";"B01";"3";"33";"0";"2";"8";"1";"1";""
"202400009928";"155764273";"A01";"2";"7";"0";"2";"8";"22";"1";""
"202400009928";"155764274";"B01";"2";"1";"1";"0";"7";"1";"5";""
"202400009929";"155764272";"A01";"1";"7";"0";"1";"1";"1";"1";""
"202400009930";"155764268";"B01";"1";"33";"0";"2";"0";"16";"1";""
"202400009930";"155764271";"A01";"1";"7";"0";"2";"7";"15";"2";""
"202400009931";"155764269";"A01";"1";"7";"0";"2";"1";"0";"1";""
"202400009931";"155764270";"B01";"2";"7";"0";"2";"3";"1";"1";""
"202400009932";"155764267";"A01";"0";"50";"0";"0";"0";"25";"3";""
"202400009933";"155764264";"A01";"1";"7";"0";"1";"1";"1";"0";""
"202400009934";"155764263";"A01";"1";"7";"0";"2";"1";"26";"1";""
"202400009934";"155764266";"B01";"1";"7";"0";"2";"4";"1";"2";""
"202400009935";"155764262";"A01";"1";"7";"0";"2";"1";"15";"1";""
"202400009935";"155764265";"B01";"1";"7";"0";"2";"1";"1";"1";""
"202400009936";"155764259";"A01";"3";"7";"5";"1";"1";"1";"1";""
"202400009937";"155764260";"B01";"3";"34";"0";"2";"2";"1";"0";""
"202400009937";"155764261";"A01";"3";"10";"0";"2";"3";"9";"1";""
"202400009938";"155764257";"A01";"1";"31";"0";"2";"1";"2";"1";""
"202400009938";"155764258";"B01";"1";"7";"0";"2";"6";"10";"1";""
"202400009939";"155764255";"A01";"1";"7";"0";"1";"1";"1";"1";""
"202400009940";"155764254";"A01";"1";"7";"10";"2";"2";"17";"1";""
"202400009940";"155764256";"B01";"1";"17";"0";"0";"6";"2";"1";""
"202400009941";"155764253";"A01";"0";"7";"0";"2";"3";"23";"1";""
"202400009942";"155764252";"A01";"0";"7";"2";"0";"2";"0";"1";""
"202400009943";"155764250";"A01";"1";"7";"0";"2";"1";"13";"1";""
"202400009943";"155764251";"B01";"1";"7";"0";"2";"1";"0";"1";""
"202400009944";"155764248";"A01";"1";"7";"2";"0";"1";"1";"1";""
"202400009945";"155764247";"B01";"3";"50";"0";"2";"1";"0";"3";""
"202400009945";"155764249";"A01";"3";"7";"0";"2";"3";"25";"1";""
"202400009946";"155764246";"A01";"1";"7";"8";"0";"8";"1";"1";""
"202400009947";"155764243";"A01";"1";"7";"0";"2";"3";"15";"1";""
"202400009947";"155764245";"B01";"2";"33";"0";"2";"1";"17";"1";""
"202400009948";"155764242";"B01";"3";"33";"0";"2";"7";"1";"1";""
"202400009948";"155764244";"A01";"3";"7";"0";"2";"2";"16";"1";""
"202400009949";"155764238";"B01";"0";"7";"0";"2";"3";"15";"1";""
"202400009949";"155764240";"A01";"1";"2";"0";"2";"1";"2";"1";""
"202400009950";"155764239";"B01";"2";"7";"0";"0";"3";"15";"1";""
"202400009950";"155764241";"A01";"1";"7";"0";"2";"1";"10";"1";""
"202400009951";"155764236";"A01";"2";"7";"0";"2";"6";"24";"3";""
"202400009951";"155764237";"B01";"1";"7";"1";"0";"2";"1";"2";""
"202400009952";"155764233";"A01";"2";"33";"0";"2";"7";"17";"1";""
"202400009952";"155764235";"B01";"2";"7";"0";"2";"8";"15";"1";""
"202400009953";"155764231";"A01";"2";"7";"0";"2";"1";"1";"1";""
"202400009953";"155764234";"B01";"2";"7";"0";"2";"4";"1";"1";""
"202400009954";"155764230";"A01";"2";"7";"0";"2";"7";"9";"1";""
"202400009954";"155764232";"B01";"2";"33";"0";"2";"3";"1";"1";""
"202400009955";"155764226";"A01";"2";"7";"1";"0";"1";"1";"2";""
"202400009955";"155764228";"B01";"2";"10";"0";"0";"4";"24";"1";""
"202400009956";"155764225";"B01";"1";"1";"0";"0";"0";"2";"5";""
"202400009956";"155764227";"C01";"1";"7";"0";"0";"0";"17";"0";""
"202400009956";"155764229";"A01";"1";"1";"0";"0";"9";"2";"5";""
"202400009957";"155764222";"A01";"2";"7";"0";"2";"1";"1";"0";""
"202400009957";"155764224";"B01";"2";"10";"0";"2";"4";"1";"1";""
"202400009958";"155764221";"A01";"1";"7";"0";"2";"1";"13";"1";""
"202400009958";"155764223";"B01";"1";"7";"0";"2";"3";"1";"1";""
"202400009959";"155764219";"A01";"2";"7";"0";"2";"3";"15";"1";""
"202400009959";"155764220";"B01";"1";"33";"0";"2";"1";"1";"1";""
"202400009960";"155764218";"A01";"3";"3";"0";"2";"0";"26";"0";""
"202400009961";"155764216";"A01";"2";"7";"0";"0";"6";"1";"1";""
"202400009961";"155764217";"B01";"2";"7";"0";"0";"1";"1";"1";""
"202400009962";"155764215";"A01";"3";"10";"2";"0";"3";"13";"1";""
"202400009963";"155764214";"A01";"1";"7";"1";"1";"1";"2";"1";""
"202400009964";"155764213";"A01";"2";"7";"13";"0";"3";"1";"1";""
"202400009965";"155764211";"A01";"3";"50";"0";"1";"1";"1";"3";""
"202400009966";"155764210";"A01";"1";"7";"2";"0";"8";"14";"1";""
"202400009967";"155764209";"A01";"2";"7";"0";"2";"4";"1";"1";""
"202400009967";"155764212";"B01";"2";"33";"0";"2";"1";"1";"1";""
"202400009968";"155764207";"A01";"0";"31";"0";"0";"0";"0";"1";""
"202400009969";"155764205";"A01";"3";"7";"0";"0";"1";"1";"1";""
"202400009969";"155764208";"B01";"3";"7";"0";"0";"4";"1";"2";""
"202400009970";"155764204";"A01";"0";"7";"0";"2";"1";"10";"1";""
"202400009970";"155764206";"B01";"0";"32";"13";"2";"2";"1";"1";""
"202400009971";"155764199";"A01";"1";"7";"0";"2";"3";"0";"1";""
"202400009971";"155764201";"B01";"2";"15";"0";"2";"3";"1";"1";""
"202400009972";"155764198";"A01";"1";"14";"0";"2";"3";"11";"1";""
"202400009972";"155764200";"B01";"1";"7";"4";"2";"7";"1";"1";""
"202400009972";"155764202";"C01";"1";"15";"0";"2";"8";"1";"1";""
"202400009973";"155764197";"B01";"1";"7";"13";"0";"9";"1";"1";""
"202400009973";"155764203";"A01";"2";"7";"0";"0";"0";"15";"1";""
"202400009974";"155764195";"A01";"2";"33";"2";"0";"0";"17";"1";""
"202400009975";"155764192";"B01";"3";"33";"0";"2";"1";"1";"1";""
"202400009975";"155764194";"A01";"3";"2";"0";"2";"1";"13";"1";""
"202400009976";"155764193";"A01";"3";"7";"0";"2";"3";"15";"1";""
"202400009976";"155764196";"B01";"3";"43";"0";"2";"2";"17";"1";""
"202400009977";"155764191";"A01";"2";"7";"3";"0";"2";"0";"1";""
"202400009978";"155764189";"A01";"1";"7";"16";"0";"0";"14";"1";""
"202400009979";"155764188";"B01";"1";"1";"0";"2";"1";"1";"5";""
"202400009979";"155764190";"A01";"2";"7";"0";"0";"5";"15";"1";""
"202400009980";"155764186";"A01";"2";"7";"8";"0";"1";"1";"1";""
"202400009981";"155764185";"A01";"2";"33";"0";"0";"9";"1";"1";""
"202400009982";"155764184";"A01";"2";"7";"0";"2";"3";"13";"1";""
"202400009982";"155764187";"B01";"1";"17";"0";"2";"3";"1";"1";""
"202400009983";"155764183";"A01";"3";"33";"0";"0";"0";"2";"1";""
"202400009984";"155764182";"A01";"3";"3";"0";"0";"9";"10";"3";""
"202400009985";"155764179";"A01";"1";"7";"0";"2";"3";"9";"1";""
"202400009985";"155764181";"B01";"1";"30";"0";"2";"2";"1";"1";""
"202400009986";"155764178";"A01";"1";"7";"2";"0";"1";"1";"1";""
"202400009987";"155764176";"A01";"2";"7";"0";"2";"1";"2";"1";""
"202400009987";"155764177";"C01";"1";"7";"0";"2";"1";"1";"1";""
"202400009987";"155764180";"B01";"2";"7";"0";"2";"4";"2";"2";""
"202400009988";"155764174";"A01";"2";"7";"6";"0";"6";"0";"1";""
"202400009989";"155764175";"A01";"2";"7";"13";"0";"0";"1";"1";""
"202400009990";"155764172";"A01";"2";"10";"0";"1";"3";"15";"1";""
"202400009991";"155764170";"A01";"1";"7";"0";"2";"1";"13";"1";""
"202400009991";"155764171";"B01";"2";"7";"0";"2";"3";"1";"1";""
"202400009992";"155764166";"A01";"2";"7";"0";"2";"1";"13";"1";""
"202400009992";"155764169";"B01";"1";"7";"0";"2";"1";"1";"1";""
"202400009993";"155764164";"A01";"1";"33";"0";"2";"2";"17";"1";""
"202400009993";"155764168";"B01";"1";"7";"0";"2";"3";"15";"1";""
"202400009994";"155764163";"A01";"1";"7";"0";"2";"1";"1";"1";""
"202400009994";"155764165";"B01";"1";"7";"0";"2";"1";"0";"1";""
"202400009994";"155764167";"C01";"1";"10";"0";"2";"1";"0";"1";""
"202400009995";"155764158";"A01";"1";"7";"0";"2";"3";"13";"1";""
"202400009995";"155764160";"B01";"2";"7";"0";"2";"3";"1";"1";""
"202400009995";"155764162";"C01";"2";"7";"0";"2";"1";"21";"1";""
"202400009996";"155764156";"A01";"2";"7";"8";"0";"0";"14";"1";""
"202400009997";"155764155";"A01";"1";"7";"6";"2";"3";"9";"1";""
"202400009997";"155764157";"B01";"1";"10";"0";"2";"2";"1";"1";""
"202400009998";"155764153";"A01";"1";"33";"6";"0";"0";"1";"1";""
"202400009999";"155764150";"A01";"2";"7";"6";"0";"2";"14";"1";""
"202400010000";"155764149";"B01";"1";"1";"0";"2";"1";"1";"5";""
"202400010000";"155764151";"A01";"2";"7";"0";"9";"2";"15";"1";""
"202400010001";"155764148";"A01";"3";"2";"0";"0";"1";"1";"1";""
"202400010002";"155764147";"A01";"1";"17";"8";"0";"2";"1";"1";""
"202400010003";"155764146";"A01";"2";"7";"13";"0";"3";"13";"1";""
"202400010004";"155764145";"A01";"3";"33";"8";"0";"8";"0";"1";""
"202400010005";"155764141";"A01";"1";"21";"0";"2";"3";"10";"1";""
"202400010005";"155764143";"B01";"2";"34";"0";"2";"1";"21";"1";""
"202400010006";"155764139";"A01";"2";"7";"0";"0";"6";"15";"1";""
"202400010006";"155764142";"C01";"1";"7";"0";"2";"0";"1";"1";""
"202400010006";"155764144";"B01";"2";"2";"0";"2";"7";"13";"1";""
"202400010007";"155764137";"A01";"1";"7";"0";"2";"2";"9";"1";""
"202400010007";"155764140";"B01";"1";"33";"0";"2";"2";"1";"1";""
"202400010008";"155764134";"A01";"2";"7";"0";"2";"1";"2";"1";""
"202400010008";"155764136";"B01";"2";"21";"0";"0";"4";"2";"1";""
"202400010009";"155764135";"A01";"2";"13";"0";"1";"2";"1";"1";""
"202400010010";"155764132";"A01";"3";"33";"0";"2";"3";"1";"1";""
"202400010010";"155764133";"B01";"3";"33";"0";"2";"3";"1";"1";""
"202400010011";"155764130";"A01";"1";"7";"2";"0";"1";"1";"1";""
"202400010012";"155764128";"A01";"1";"21";"0";"0";"0";"1";"1";""
"202400010013";"155764124";"E01";"2";"7";"0";"2";"2";"1";"1";""
"202400010013";"155764126";"B01";"2";"7";"0";"2";"1";"16";"1";""
"202400010013";"155764127";"D01";"2";"7";"0";"2";"1";"1";"1";""
"202400010013";"155764129";"A01";"1";"7";"0";"2";"1";"1";"1";""
"202400010013";"155764131";"C01";"1";"7";"0";"2";"1";"1";"1";""
"202400010014";"155764122";"A01";"1";"7";"0";"2";"7";"15";"1";""
"202400010014";"155764123";"B01";"2";"33";"0";"2";"1";"1";"1";""
"202400010015";"155764121";"B01";"2";"33";"0";"2";"1";"1";"1";""
"202400010015";"155764125";"A01";"1";"7";"0";"2";"1";"15";"1";""
"202400010016";"155764120";"A01";"1";"7";"0";"0";"9";"1";"1";""
"202400010017";"155764118";"A01";"1";"33";"2";"0";"2";"1";"1";""
"202400010018";"155764116";"A01";"1";"7";"0";"2";"2";"15";"1";""
"202400010018";"155764119";"B01";"1";"32";"0";"2";"1";"17";"1";""
"202400010019";"155764117";"A01";"1";"7";"0";"1";"3";"1";"1";""
"202400010020";"155764115";"A01";"2";"33";"0";"0";"7";"21";"1";""
"202400010021";"155764114";"A01";"2";"7";"0";"1";"5";"4";"1";""
"202400010022";"155764113";"A01";"1";"7";"6";"0";"3";"1";"1";""
"202400010023";"155764112";"A01";"1";"38";"0";"1";"3";"1";"1";"1"
"202400010024";"155764111";"A01";"2";"7";"2";"0";"9";"1";"1";""
"202400010025";"155764109";"A01";"1";"7";"6";"0";"3";"1";"1";""
"202400010026";"155764108";"A01";"2";"7";"0";"2";"1";"0";"2";""
"202400010026";"155764110";"B01";"1";"7";"0";"2";"1";"1";"1";""
"202400010027";"155764106";"A01";"2";"33";"0";"0";"0";"16";"1";""
"202400010028";"155764104";"A01";"1";"7";"0";"2";"3";"13";"1";""
"202400010028";"155764107";"B01";"2";"7";"3";"2";"3";"1";"1";""
"202400010029";"155764103";"A01";"1";"7";"0";"2";"1";"13";"1";""
"202400010029";"155764105";"B01";"2";"38";"15";"2";"3";"1";"1";"1"
"202400010030";"155764102";"A01";"1";"7";"13";"6";"1";"1";"1";""
"202400010031";"155764100";"A01";"3";"31";"6";"0";"2";"1";"1";""
"202400010032";"155764098";"A01";"1";"33";"0";"2";"3";"1";"1";""
"202400010032";"155764101";"B01";"2";"7";"0";"2";"3";"1";"1";""
"202400010033";"155764095";"A01";"2";"10";"0";"0";"1";"0";"1";""
"202400010033";"155764097";"B01";"1";"7";"0";"0";"1";"0";"1";""
"202400010034";"155764096";"A01";"1";"7";"1";"0";"2";"1";"1";""
"202400010034";"155764099";"B01";"1";"10";"0";"0";"6";"23";"1";""
"202400010035";"155764094";"A01";"0";"2";"0";"1";"1";"17";"0";""
"202400010036";"155764090";"B01";"2";"7";"0";"0";"3";"6";"1";""
"202400010036";"155764093";"A01";"1";"99";"0";"0";"3";"1";"1";""
"202400010037";"155764089";"A01";"3";"10";"0";"1";"2";"15";"1";""
"202400010038";"155764091";"B01";"2";"50";"0";"2";"1";"1";"3";""
"202400010038";"155764092";"A01";"1";"7";"0";"2";"3";"1";"1";""
"202400010039";"155764086";"A01";"3";"7";"0";"2";"3";"1";"1";""
"202400010039";"155764088";"B01";"3";"7";"0";"2";"3";"15";"1";""
"202400010040";"155764085";"A01";"3";"7";"2";"0";"2";"0";"2";""
"202400010041";"155764084";"A01";"3";"7";"0";"2";"1";"1";"1";""
"202400010041";"155764087";"B01";"0";"7";"0";"2";"2";"9";"1";""
"202400010042";"155764082";"B01";"0";"50";"0";"2";"1";"1";"3";""
"202400010042";"155764083";"A01";"0";"7";"0";"9";"3";"1";"1";""
"202400010043";"155764081";"A01";"1";"33";"4";"0";"8";"1";"1";""
"202400010044";"155764078";"A01";"1";"7";"0";"2";"3";"13";"1";""
"202400010044";"155764079";"B01";"1";"20";"0";"2";"3";"1";"1";""
"202400010045";"155764077";"A01";"1";"7";"0";"2";"1";"19";"1";""
"202400010045";"155764080";"B01";"2";"7";"0";"2";"2";"5";"1";""
"202400010046";"155764074";"A01";"1";"7";"0";"2";"3";"13";"1";""
"202400010046";"155764076";"B01";"2";"7";"0";"2";"3";"1";"1";""
"202400010047";"155764073";"B01";"1";"32";"8";"2";"8";"1";"1";""
"202400010047";"155764075";"A01";"2";"7";"0";"2";"1";"15";"1";""
"202400010048";"155764072";"A01";"1";"33";"6";"0";"8";"1";"1";""
"202400010049";"155764071";"A01";"2";"2";"3";"0";"3";"13";"1";""
"202400010050";"155764066";"A01";"3";"7";"0";"1";"1";"1";"1";""
"202400010051";"155764065";"A01";"1";"10";"0";"2";"2";"13";"1";""
"202400010051";"155764069";"B01";"1";"7";"0";"2";"6";"23";"1";""
"202400010052";"155764064";"A01";"1";"7";"0";"2";"3";"15";"1";""
"202400010052";"155764068";"B01";"2";"1";"0";"2";"4";"1";"5";""
"202400010053";"155764063";"A01";"1";"7";"4";"2";"7";"14";"1";""
"202400010053";"155764067";"B01";"1";"15";"0";"2";"8";"1";"1";""
"202400010053";"155764070";"C01";"1";"17";"0";"0";"0";"1";"6";""
"202400010054";"155764058";"A01";"1";"7";"0";"2";"1";"2";"1";""
"202400010054";"155764062";"B01";"1";"7";"4";"2";"4";"2";"1";""
"202400010055";"155764057";"A01";"3";"7";"0";"9";"2";"19";"1";""
"202400010055";"155764061";"B01";"3";"1";"0";"2";"1";"1";"5";""
"202400010056";"155764056";"B01";"1";"7";"3";"0";"3";"1";"1";""
"202400010056";"155764060";"A01";"2";"7";"3";"0";"3";"13";"1";""
"202400010057";"155764054";"A01";"1";"7";"3";"0";"1";"26";"1";""
"202400010058";"155764053";"A01";"1";"7";"0";"2";"3";"13";"1";""
"202400010058";"155764055";"B01";"2";"7";"0";"2";"3";"1";"1";""
"202400010058";"155764059";"C01";"1";"7";"0";"2";"8";"1";"1";""
"202400010059";"155764050";"A01";"0";"7";"0";"2";"1";"15";"1";""
"202400010059";"155764051";"B01";"0";"31";"0";"2";"8";"1";"1";""
"202400010060";"155764048";"A01";"1";"7";"4";"0";"1";"14";"1";""
"202400010061";"155764049";"A01";"2";"7";"0";"9";"5";"2";"1";""
"202400010061";"155764052";"B01";"2";"1";"0";"2";"3";"2";"5";""
"202400010062";"155764045";"A01";"3";"2";"13";"0";"1";"1";"1";""
"202400010063";"155764042";"A01";"3";"7";"0";"1";"7";"0";"2";""
"202400010064";"155764043";"A01";"0";"7";"0";"2";"3";"0";"1";""
"202400010064";"155764046";"B01";"0";"2";"0";"2";"1";"0";" -1";""
"202400010065";"155764041";"A01";"1";"7";"0";"2";"8";"19";"1";""
"202400010065";"155764044";"B01";"2";"7";"0";"2";"1";"1";"1";""
"202400010066";"155764040";"A01";"1";"7";"0";"1";"2";"1";"1";""
"202400010067";"155764039";"A01";"3";"7";"0";"1";"6";"4";"1";""
"202400010068";"155764037";"A01";"1";"7";"13";"0";"1";"0";"1";""
"202400010069";"155764038";"A01";"1";"7";"13";"0";"0";"0";"1";""
"202400010070";"155764034";"A01";"2";"7";"0";"1";"2";"1";"1";""
"202400010071";"155764032";"A01";"2";"7";"0";"2";"3";"15";"1";""
"202400010071";"155764035";"B01";"2";"33";"0";"2";"1";"17";"1";""
"202400010072";"155764030";"A01";"2";"7";"0";"2";"4";"2";"1";""
"202400010072";"155764033";"B01";"2";"10";"0";"2";"1";"2";"1";""
"202400010073";"155764028";"A01";"1";"7";"0";"2";"3";"13";"1";""
"202400010073";"155764031";"B01";"2";"17";"0";"2";"3";"1";"1";""
"202400010074";"155764027";"A01";"1";"7";"0";"2";"0";"15";"1";""
"202400010074";"155764029";"B01";"1";"33";"0";"2";"0";"1";"1";""
"202400010075";"155764026";"A01";"2";"43";"0";"0";"2";"17";"1";""
"202400010076";"155764022";"A01";"1";"7";"0";"2";"6";"1";"2";""
"202400010076";"155764024";"B01";"1";"33";"0";"2";"1";"3";"1";""
"202400010077";"155764021";"A01";"2";"33";"0";"2";"1";"2";"1";""
"202400010077";"155764023";"B01";"2";"10";"0";"2";"4";"14";"1";""
"202400010078";"155764019";"A01";"1";"7";"0";"2";"1";"1";"1";""
"202400010078";"155764025";"B01";"2";"7";"0";"2";"3";"15";"1";""
"202400010079";"155764018";"A01";"1";"16";"0";"2";"1";"1";"1";""
"202400010079";"155764020";"B01";"1";"7";"0";"2";"4";"1";"1";""
"202400010080";"155764015";"A01";"1";"33";"0";"2";"2";"18";"1";""
"202400010080";"155764017";"B01";"1";"7";"0";"2";"3";"11";"2";""
"202400010081";"155764014";"A01";"2";"1";"0";"1";"1";"1";"5";""
"202400010082";"155764012";"A01";"1";"33";"0";"2";"1";"2";"1";""
"202400010082";"155764016";"Z01";"1";"7";"0";"2";"4";"1";"0";""
"202400010083";"155764013";"A01";"1";"7";"16";"0";"8";"26";"0";""
"202400010084";"155764010";"A01";"1";"7";"1";"1";"1";"14";"1";""
"202400010085";"155764009";"A01";"2";"1";"0";"2";"1";"1";"5";""
"202400010085";"155764011";"B01";"1";"38";"0";"2";"3";"5";"1";"1"
"202400010086";"155764006";"B01";"1";"33";"0";"2";"7";"1";"1";""
"202400010086";"155764008";"A01";"1";"7";"0";"2";"3";"11";"1";""
"202400010087";"155764002";"C01";"2";"7";"0";"2";"4";"23";"1";""
"202400010087";"155764005";"A01";"2";"7";"0";"2";"1";"2";"1";""
"202400010087";"155764007";"B01";"2";"7";"0";"2";"4";"23";"1";""
"202400010088";"155764001";"A01";"2";"7";"0";"2";"1";"2";"1";""
"202400010088";"155764004";"B01";"2";"7";"0";"2";"4";"2";"1";""
"202400010089";"155764000";"A01";"2";"7";"0";"2";"3";"13";"1";""
"202400010089";"155764003";"B01";"1";"7";"0";"2";"1";"15";"1";""
"202400010090";"155763994";"B01";"1";"15";"0";"2";"4";"2";"1";""
"202400010090";"155763999";"A01";"1";"10";"0";"2";"1";"2";"1";""
"202400010091";"155763992";"A01";"1";"33";"0";"2";"1";"17";"1";""
"202400010091";"155763996";"B01";"2";"7";"0";"2";"3";"1";"1";""
"202400010092";"155763995";"A01";"1";"14";"1";"0";"5";"1";"4";""
"202400010092";"155763998";"B01";"1";"10";"0";"2";"3";"24";"3";""
"202400010093";"155763991";"A01";"1";"7";"0";"1";"1";"1";"1";""
"202400010093";"155763993";"B01";"1";"7";"0";"1";"1";"1";"1";""
"202400010093";"155763997";"C01";"1";"7";"0";"1";"1";"1";"2";""
"202400010094";"155763986";"A01";"1";"33";"0";"2";"3";"1";"1";""
"202400010094";"155763988";"B01";"2";"7";"0";"2";"8";"1";"1";""
"202400010095";"155763987";"B01";"1";"7";"0";"2";"3";"1";"1";""
"202400010095";"155763989";"A01";"1";"7";"0";"2";"1";"19";"1";""
"202400010096";"155763985";"A01";"2";"33";"0";"2";"1";"2";"1";""
"202400010096";"155763990";"B01";"2";"7";"0";"2";"4";"2";"1";""
"202400010097";"155763979";"A01";"2";"50";"0";"2";"1";"1";"3";""
"202400010097";"155763984";"B01";"1";"7";"0";"2";"3";"1";"1";""
"202400010098";"155763980";"B01";"2";"14";"0";"2";"1";"1";"0";""
"202400010098";"155763983";"A01";"2";"7";"0";"2";"1";"19";"1";""
"202400010099";"155763978";"A01";"2";"7";"0";"2";"1";"2";"1";""
"202400010099";"155763982";"B01";"2";"7";"0";"2";"4";"2";"1";""
"202400010100";"155763976";"C01";"2";"21";"0";"2";"8";"1";"1";""
"202400010100";"155763977";"B01";"2";"7";"0";"2";"9";"17";"1";""
"202400010100";"155763981";"A01";"2";"7";"0";"2";"7";"17";"1";""
"202400010101";"155763972";"Z01";"1";"1";"0";"1";"3";"1";"5";""
"202400010102";"155763973";"A01";"2";"7";"0";"2";"2";"1";"1";""
"202400010102";"155763975";"B01";"2";"33";"0";"2";"6";"13";"0";""
"202400010103";"155763971";"B01";"2";"33";"0";"2";"7";"3";"1";""
"202400010103";"155763974";"A01";"2";"7";"0";"2";"3";"11";"1";""
"202400010104";"155763969";"A01";"2";"7";"13";"0";"1";"0";"1";""
"202400010105";"155763968";"A01";"2";"32";"0";"0";"1";"3";"1";""
"202400010106";"155763966";"A01";"3";"7";"0";"2";"3";"19";"6";""
"202400010106";"155763970";"B01";"0";"2";"0";"2";"1";"1";"0";""
"202400010107";"155763965";"A01";"2";"30";"0";"2";"4";"1";"3";""
"202400010107";"155763967";"B01";"2";"1";"0";"0";"0";"1";"5";""
"202400010108";"155763962";"A01";"1";"33";"0";"2";"2";"12";"1";""
"202400010108";"155763964";"B01";"1";"7";"0";"2";"6";"11";"1";""
"202400010109";"155763958";"B01";"2";"7";"0";"2";"6";"1";"1";""
"202400010109";"155763961";"A01";"2";"15";"0";"2";"3";"12";"1";""
"202400010110";"155763957";"B01";"2";"1";"0";"0";"2";"1";"5";""
"202400010110";"155763959";"A01";"2";"10";"0";"2";"3";"22";"1";""
"202400010111";"155763956";"A01";"2";"7";"0";"2";"8";"1";"1";""
"202400010112";"155763955";"B01";"1";"7";"0";"2";"4";"1";"1";""
"202400010112";"155763960";"C01";"1";"7";"0";"2";"4";"1";"1";""
"202400010112";"155763963";"A01";"1";"7";"0";"2";"1";"1";"1";""
"202400010113";"155763952";"A01";"2";"7";"0";"2";"6";"2";"1";""
"202400010114";"155763951";"B01";"1";"1";"0";"2";"2";"1";"5";""
"202400010114";"155763954";"A01";"1";"7";"0";"2";"3";"22";"1";""
"202400010115";"155763949";"A01";"2";"7";"0";"2";"8";"11";"1";""
"202400010115";"155763953";"B01";"2";"33";"0";"2";"7";"3";"1";""
"202400010116";"155763945";"B01";"2";"7";"0";"2";"3";"11";"1";""
"202400010116";"155763947";"A01";"2";"33";"0";"2";"7";"3";"1";""
"202400010117";"155763943";"B01";"2";"7";"0";"2";"4";"2";"1";""