"Num_Acc";"id_vehicule";"num_veh";"senc";"catv";"obs";"obsm";"choc";"manv";"motor";"occutc"
"202400010117";"155763948";"C01";"2";"7";"0";"2";"4";"2";"1";""
"202400010117";"155763950";"A01";"2";"7";"0";"2";"1";"2";"1";""
"202400010118";"155763942";"A01";"2";"17";"0";"2";"1";"1";"1";""
"202400010118";"155763946";"B01";"2";"7";"0";"2";"8";"9";"1";""
"202400010119";"155763941";"A01";"1";"7";"0";"9";"2";"14";"3";""
"202400010119";"155763944";"B01";"1";"80";"0";"2";"8";"1";"3";""
"202400010120";"155763937";"A01";"2";"33";"0";"2";"2";"3";"1";""
"202400010120";"155763940";"B01";"2";"10";"0";"2";"6";"11";"1";""
"202400010121";"155763933";"A01";"2";"37";"0";"2";"1";"2";"1";"1"
"202400010121";"155763936";"B01";"2";"10";"0";"2";"4";"2";"1";""
"202400010121";"155763938";"C01";"2";"7";"0";"2";"4";"2";"1";""
"202400010121";"155763939";"D01";"2";"38";"0";"2";"4";"2";"1";"1"
"202400010122";"155763934";"A01";"1";"7";"1";"0";"0";"0";"0";""
"202400010123";"155763929";"A01";"1";"10";"0";"2";"1";"1";"1";""
"202400010123";"155763932";"B01";"1";"7";"0";"2";"4";"1";"1";""
"202400010124";"155763928";"A01";"2";"7";"4";"0";"2";"26";"1";""
"202400010125";"155763931";"B01";"3";"10";"0";"2";"6";"21";"1";""
"202400010125";"155763935";"A01";"3";"7";"0";"2";"3";"13";"1";""
"202400010126";"155763927";"A01";"2";"7";"0";"2";"8";"11";"1";""
"202400010126";"155763930";"B01";"2";"33";"0";"2";"7";"3";"1";""
"202400010127";"155763925";"A01";"1";"33";"0";"0";"0";"11";"1";""
"202400010128";"155763922";"A01";"1";"2";"0";"2";"1";"1";"1";""
"202400010128";"155763924";"B01";"1";"7";"0";"2";"8";"1";"1";""
"202400010129";"155763920";"B01";"2";"33";"0";"2";"1";"3";"1";""
"202400010129";"155763926";"A01";"2";"7";"0";"2";"5";"12";"1";""
"202400010130";"155763921";"A01";"0";"7";"0";"2";"6";"2";"1";""
"202400010130";"155763923";"B01";"0";"33";"0";"2";"1";"2";"1";""
"202400010131";"155763918";"B01";"1";"43";"0";"2";"2";"1";"1";""
"202400010131";"155763919";"A01";"1";"7";"0";"2";"6";"11";"1";""
"202400010132";"155763915";"A01";"2";"7";"8";"0";"2";"1";"2";""
"202400010133";"155763911";"B01";"1";"14";"0";"2";"2";"1";"1";""
"202400010133";"155763914";"A01";"1";"7";"0";"2";"6";"13";"2";""
"202400010134";"155763910";"C01";"2";"10";"0";"2";"8";"1";"1";""
"202400010134";"155763912";"D01";"2";"15";"0";"2";"5";"1";"1";""
"202400010134";"155763913";"A01";"2";"7";"0";"2";"3";"13";"3";""
"202400010134";"155763917";"B01";"2";"7";"0";"2";"2";"1";"2";""
"202400010135";"155763903";"A01";"2";"33";"0";"2";"1";"3";"1";""
"202400010135";"155763907";"B01";"2";"10";"0";"2";"6";"11";"1";""
"202400010136";"155763902";"A01";"1";"10";"0";"2";"1";"1";"1";""
"202400010136";"155763905";"B01";"1";"10";"0";"2";"4";"1";"1";""
"202400010136";"155763908";"C01";"1";"7";"0";"0";"4";"1";"1";""
"202400010137";"155763906";"B01";"0";"10";"0";"2";"2";"0";"1";""
"202400010137";"155763909";"C01";"0";"10";"0";"2";"6";"5";"0";""
"202400010137";"155763916";"A01";"2";"7";"0";"2";"6";"2";"1";""
"202400010138";"155763897";"B01";"2";"7";"0";"2";"3";"15";"1";""
"202400010138";"155763899";"A01";"1";"32";"0";"2";"1";"1";"1";""
"202400010139";"155763895";"A01";"0";"37";"0";"2";"4";"1";"1";"1"
"202400010139";"155763898";"B01";"0";"13";"0";"2";"1";"1";"1";""
"202400010140";"155763894";"B01";"1";"10";"0";"2";"6";"2";"1";""
"202400010140";"155763896";"C01";"1";"15";"0";"2";"2";"2";"1";""
"202400010140";"155763900";"D01";"1";"7";"0";"2";"6";"2";"1";""
"202400010140";"155763901";"A01";"1";"7";"0";"2";"9";"11";"1";""
"202400010140";"155763904";"E01";"1";"7";"0";"2";"1";"2";"1";""
"202400010141";"155763893";"A01";"3";"10";"0";"1";"1";"23";"1";""
"202400010142";"155763891";"A01";"2";"33";"4";"0";"8";"26";"1";""
"202400010143";"155763890";"A01";"0";"10";"0";"2";"3";"15";"1";""
"202400010143";"155763892";"B01";"0";"10";"0";"2";"2";"1";"1";""
"202400010144";"155763886";"A01";"2";"7";"0";"2";"1";"1";"1";""
"202400010144";"155763889";"B01";"2";"7";"0";"2";"4";"1";"1";""
"202400010145";"155763884";"A01";"2";"7";"0";"2";"8";"13";"1";""
"202400010145";"155763887";"B01";"2";"33";"0";"2";"7";"3";"1";""
"202400010146";"155763885";"A01";"1";"7";"0";"0";"6";"1";"1";""
"202400010146";"155763888";"B01";"2";"7";"0";"2";"3";"13";"1";""
"202400010147";"155763880";"A01";"1";"33";"4";"0";"1";"1";"1";""
"202400010148";"155763882";"A01";"2";"7";"3";"0";"1";"1";"1";""
"202400010149";"155763877";"B01";"2";"7";"0";"2";"1";"2";"1";""
"202400010149";"155763879";"A01";"2";"10";"0";"2";"4";"23";"1";""
"202400010149";"155763881";"C01";"2";"33";"14";"2";"1";"3";"1";""
"202400010150";"155763878";"A01";"2";"7";"0";"2";"3";"1";"1";""
"202400010150";"155763883";"B01";"1";"30";"0";"2";"8";"1";"3";""
"202400010151";"155763876";"A01";"1";"30";"0";"0";"7";"16";"1";""
"202400010152";"155763872";"A01";"1";"50";"0";"2";"8";"9";"3";""
"202400010152";"155763875";"B01";"1";"7";"0";"2";"2";"1";"1";""
"202400010153";"155763871";"B01";"3";"7";"0";"2";"5";"20";"1";""
"202400010153";"155763874";"A01";"3";"2";"0";"2";"1";"2";"1";""
"202400010154";"155763870";"A01";"1";"33";"0";"2";"3";"26";"1";""
"202400010154";"155763873";"B01";"2";"7";"0";"2";"3";"0";"1";""
"202400010155";"155763866";"A01";"3";"30";"0";"2";"3";"9";"1";""
"202400010155";"155763868";"B01";"3";"37";"0";"2";"8";"1";"1";"1"
"202400010155";"155763869";"C01";"3";"7";"0";"2";"6";"23";"2";""
"202400010156";"155763863";"A01";"1";"7";"0";"2";"8";"22";"1";""
"202400010156";"155763865";"C01";"1";"1";"0";"2";"7";"17";"5";""
"202400010156";"155763867";"B01";"1";"1";"0";"2";"7";"21";"5";""
"202400010157";"155763862";"A01";"2";"7";"0";"2";"3";"1";"1";""
"202400010157";"155763864";"B01";"2";"1";"0";"2";"1";"9";"5";""
"202400010158";"155763856";"B01";"1";"7";"0";"0";"1";"13";"2";""
"202400010158";"155763859";"A01";"2";"7";"0";"2";"1";"1";"1";""
"202400010159";"155763858";"A01";"1";"7";"0";"2";"1";"26";"1";""
"202400010159";"155763861";"B01";"1";"7";"0";"2";"4";"2";"1";""
"202400010160";"155763853";"A01";"1";"7";"0";"9";"2";"15";"1";""
"202400010160";"155763854";"B01";"2";"1";"0";"2";"1";"1";"5";""
"202400010161";"155763852";"B01";"2";"7";"0";"2";"4";"1";"2";""
"202400010161";"155763855";"C01";"2";"7";"0";"2";"4";"1";"1";""
"202400010161";"155763857";"D01";"2";"7";"0";"2";"4";"1";"1";""
"202400010161";"155763860";"A01";"2";"7";"0";"2";"1";"1";"1";""
"202400010162";"155763851";"A01";"1";"7";"13";"0";"9";"14";"1";""
"202400010163";"155763848";"A01";"1";"30";"0";"2";"1";"26";"1";""
"202400010164";"155763845";"A01";"1";"7";"0";"2";"1";"26";"1";""
"202400010164";"155763847";"B01";"1";"7";"0";"2";"1";"26";"1";""
"202400010164";"155763850";"C01";"1";"7";"0";"2";"4";"1";"1";""
"202400010165";"155763841";"B01";"1";"13";"4";"2";"3";"1";"1";""
"202400010165";"155763844";"C01";"2";"7";"0";"2";"1";"21";"1";""
"202400010165";"155763846";"A01";"2";"7";"0";"2";"1";"13";"1";""
"202400010166";"155763840";"A01";"1";"30";"12";"0";"2";"1";"1";""
"202400010167";"155763838";"C01";"1";"99";"0";"2";"1";"1";" -1";""
"202400010167";"155763839";"B01";"1";"30";"0";"0";"3";"1";"1";""
"202400010167";"155763842";"A01";"2";"37";"0";"2";"2";"13";" -1";"2"
"202400010168";"155763843";"A01";"1";"7";"0";"9";"3";"15";"1";""
"202400010168";"155763849";"B01";"1";"1";"0";"2";"1";"1";"5";""
"202400010169";"155763836";"A01";"3";"7";"6";"0";"1";"1";"1";""
"202400010170";"155763837";"A01";"2";"33";"0";"0";"8";"0";"1";""
"202400010171";"155763833";"A01";"1";"7";"0";"9";"0";"0";"1";""
"202400010171";"155763834";"B01";"1";"31";"0";"2";"7";"17";"1";""
"202400010172";"155763830";"A01";"2";"7";"0";"1";"3";"1";"1";""
"202400010173";"155763829";"A01";"2";"10";"0";"2";"2";"15";"1";""
"202400010173";"155763831";"B01";"2";"1";"0";"2";"1";"1";"5";""
"202400010174";"155763828";"A01";"1";"7";"9";"0";"1";"14";"1";""
"202400010175";"155763832";"A01";"2";"7";"0";"2";"3";"10";"1";""
"202400010175";"155763835";"B01";"2";"32";"0";"2";"1";"1";"1";""
"202400010176";"155763827";"A01";"2";"1";"0";"0";" -1";"24";"5";""
"202400010177";"155763825";"A01";"1";"7";"0";"2";"5";"2";"1";""
"202400010177";"155763826";"B01";"1";"2";"0";"2";"3";"2";"1";""
"202400010178";"155763824";"A01";"3";"7";"0";"1";"3";"1";"1";""
"202400010179";"155763823";"A01";"1";"2";"3";"0";"8";"0";"1";""
"202400010180";"155763821";"A01";"2";"50";"0";"2";"1";"1";"3";""
"202400010180";"155763822";"B01";"1";"7";"0";"2";"2";"15";"1";""
"202400010181";"155763818";"A01";"2";"7";"0";"2";"1";"1";"1";""
"202400010181";"155763819";"B01";"1";"7";"0";"2";"0";"26";"1";""
"202400010182";"155763817";"A01";"1";"2";"0";"1";"1";"3";"1";""
"202400010183";"155763814";"A01";"1";"7";"0";"2";"1";"15";"1";""
"202400010183";"155763816";"B01";"2";"50";"0";"2";"1";"2";"3";""
"202400010184";"155763813";"A01";"3";"7";"1";"0";"1";"21";"1";""
"202400010185";"155763812";"A01";"1";"7";"13";"0";"1";"1";"1";""
"202400010186";"155763809";"A01";"2";"7";"0";"2";"4";"12";"1";""
"202400010186";"155763811";"B01";"2";"7";"0";"2";"1";"2";"1";""
"202400010187";"155763815";"A01";"3";"1";"0";"2";"1";"1";"5";""
"202400010187";"155763820";"B01";"3";"50";"0";"2";"1";"1";"3";""
"202400010188";"155763807";"A01";"1";"31";"0";"0";"0";"14";"1";""
"202400010189";"155763803";"Z01";"1";"7";"15";"2";"1";"15";"0";""
"202400010189";"155763805";"B01";"1";"30";"0";"2";"1";"23";"1";""
"202400010190";"155763804";"A01";"2";"7";"0";"2";"7";"15";"1";""
"202400010190";"155763806";"B01";"1";"7";"0";"2";"1";"1";"1";""
"202400010191";"155763802";"A01";"3";"7";"0";"1";"1";"1";"1";""
"202400010192";"155763799";"A01";"2";"3";"0";"2";"1";"1";"3";""
"202400010192";"155763801";"B01";"2";"1";"0";"2";"4";"1";"5";""
"202400010193";"155763800";"A01";"1";"7";"6";"0";"3";"13";"0";""
"202400010194";"155763796";"A01";"3";"7";"0";"2";"0";"15";"1";""
"202400010194";"155763798";"B01";"3";"7";"0";"2";"1";"1";"1";""
"202400010195";"155763792";"A01";"1";"7";"0";"1";"7";"26";"1";""
"202400010196";"155763794";"B01";"1";"30";"0";"2";"1";"1";"1";""
"202400010196";"155763795";"A01";"1";"7";"0";"2";"6";"15";"1";""
"202400010197";"155763793";"A01";"1";"7";"2";"0";"2";"2";"1";""
"202400010198";"155763797";"B01";"1";"7";"0";"1";"1";"1";"1";""
"202400010199";"155763788";"A01";"2";"7";"0";"2";"1";"1";"1";""
"202400010199";"155763791";"B01";"2";"7";"0";"2";"4";"1";"1";""
"202400010200";"155763789";"A01";"1";"13";"3";"0";"2";"1";"1";""
"202400010201";"155763786";"A01";"1";"7";"0";"1";"3";"15";"1";""
"202400010202";"155763783";"B01";"2";"7";"6";"0";"4";"1";"1";""
"202400010202";"155763784";"A01";"2";"10";"6";"2";"1";"1";"1";""
"202400010203";"155763781";"A01";"1";"7";"0";"1";"3";"0";"1";""
"202400010204";"155763777";"A01";"1";"7";"0";"2";"2";"0";"1";""
"202400010204";"155763780";"B01";"2";"1";"0";"2";"0";"0";"5";""
"202400010205";"155763775";"A01";"2";"7";"0";"2";"3";"1";"1";""
"202400010205";"155763779";"B01";"1";"30";"0";"2";"1";"1";"1";""
"202400010206";"155763774";"B01";"1";"1";"0";"2";"3";"15";"5";""
"202400010206";"155763778";"A01";"1";"7";"0";"2";"2";"0";"1";""
"202400010207";"155763772";"B01";"1";"32";"0";"2";"2";"1";"1";""
"202400010207";"155763773";"A01";"1";"7";"0";"2";"3";"20";"1";""
"202400010208";"155763776";"B01";"1";"7";"0";"2";"1";"1";"0";""
"202400010208";"155763782";"A01";"1";"7";"0";"2";"1";"1";"0";""
"202400010209";"155763771";"A01";"1";"33";"3";"0";"7";"1";"1";""
"202400010210";"155763769";"A01";"1";"7";"0";"2";"7";"15";"1";""
"202400010210";"155763770";"B01";"1";"7";"0";"2";"1";"16";"1";""
"202400010211";"155763767";"B01";"2";"1";"0";"2";"4";"1";"5";""
"202400010211";"155763768";"A01";"2";"7";"0";"2";"1";"1";"1";""
"202400010212";"155763764";"A01";"1";"7";"0";"9";"1";"1";"1";""
"202400010212";"155763766";"Y01";"2";"50";"0";"2";"7";"19";"3";""
"202400010213";"155763761";"A01";"3";"33";"0";"1";"1";"26";"1";""
"202400010214";"155763760";"A01";"2";"7";"2";"0";"8";"2";"1";""
"202400010215";"155763759";"A01";"3";"7";"0";"1";"1";"1";"1";""
"202400010216";"155763756";"A01";"3";"31";"0";"2";"1";"2";"1";""
"202400010216";"155763758";"B01";"3";"7";"0";"2";"4";"1";"1";""
"202400010217";"155763753";"A01";"2";"3";"0";"2";"2";"2";"1";""
"202400010217";"155763757";"B01";"2";"1";"0";"2";"4";"1";"5";""
"202400010218";"155763752";"A01";"2";"14";"0";"2";"1";"2";"1";""
"202400010218";"155763754";"B01";"2";"1";"0";"2";"4";"2";"5";""
"202400010219";"155763750";"A01";"1";"7";"0";"2";"1";"5";"1";""
"202400010219";"155763751";"B01";"0";"7";"0";"2";"1";"5";"1";""
"202400010220";"155763749";"A01";"1";"7";"13";"0";"9";"26";"1";""
"202400010221";"155763755";"B01";"1";"14";"0";"2";"8";"22";"1";""
"202400010221";"155763762";"A01";"1";"34";"0";"2";"3";"3";"1";""
"202400010222";"155763748";"A01";"3";"7";"15";"1";"1";"21";"1";""
"202400010223";"155763746";"A01";"3";"31";"0";"2";"2";"17";"1";""
"202400010223";"155763747";"B01";"3";"7";"0";"2";"6";"1";"1";""
"202400010224";"155763742";"A01";"3";"7";"0";"1";"3";"9";"1";""
"202400010225";"155763743";"B01";"3";"7";"0";"2";"6";"9";"0";""
"202400010225";"155763744";"A01";"0";"32";"0";"2";"1";"1";"1";""
"202400010226";"155763741";"A01";"2";"10";"0";"1";"1";"1";"1";""
"202400010227";"155763740";"A01";"1";"7";"8";"0";"1";"13";"1";""
"202400010228";"155763738";"A01";"2";"43";"0";"1";"3";"21";"1";""
"202400010229";"155763739";"A01";"2";"7";"0";"1";"3";"1";"1";""
"202400010230";"155763732";"A01";"3";"7";"0";"1";"1";"20";"1";""
"202400010231";"155763731";"A01";"1";"50";"0";"2";"1";"1";"3";""
"202400010231";"155763733";"B01";"1";"7";"0";"2";"1";"1";"1";""
"202400010232";"155763734";"B01";"1";"7";"0";"0";"1";"2";"1";""
"202400010232";"155763736";"A01";"1";"7";"0";"0";"4";"1";"1";""
"202400010233";"155763729";"B01";"0";"31";"0";"2";"1";"2";"1";""
"202400010233";"155763730";"A01";"0";"10";"0";"2";"4";"23";"1";""
"202400010234";"155763728";"A01";"2";"33";"0";"1";"8";"21";"1";""
"202400010235";"155763726";"A01";"3";"2";"0";"6";"1";"0";"1";""
"202400010236";"155763725";"A01";"0";"31";"12";"0";"2";"14";"1";""
"202400010237";"155763723";"A01";"1";"33";"0";"2";"1";"26";"1";""
"202400010237";"155763724";"B01";"1";"7";"0";"2";"6";"1";"1";""
"202400010238";"155763721";"A01";"1";"7";"0";"2";"3";"15";"1";""
"202400010238";"155763727";"B01";"2";"2";"0";"2";"1";"1";"1";""
"202400010239";"155763718";"A01";"3";"7";"0";"2";"2";"19";"2";""
"202400010239";"155763722";"B01";"3";"1";"0";"2";"1";"1";"5";""
"202400010240";"155763717";"A01";"3";"7";"0";"1";"2";"1";"1";""
"202400010241";"155763719";"B01";"2";"31";"0";"0";"1";"1";"1";""
"202400010241";"155763720";"A01";"2";"7";"0";"0";"4";"1";"2";""
"202400010242";"155763714";"A01";"3";"50";"1";"0";"1";"1";"3";""
"202400010243";"155763713";"A01";"1";"10";"0";"2";"1";"1";"1";""
"202400010243";"155763716";"Y01";"3";"1";"0";"2";"8";"19";"5";""
"202400010244";"155763711";"Z01";"1";"7";"0";"2";"1";"1";"0";""
"202400010244";"155763715";"B01";"1";"30";"0";"2";"4";"1";"1";""
"202400010245";"155763709";"A01";"1";"7";"0";"2";"1";"26";"1";""
"202400010245";"155763710";"B01";"3";"50";"0";"2";"4";"19";"3";""
"202400010246";"155763707";"A01";"3";"33";"0";"0";"9";"19";"1";""
"202400010247";"155763708";"A01";"1";"7";"0";"2";"1";"1";"1";""
"202400010247";"155763712";"B01";"2";"7";"0";"2";"1";"1";"1";""
"202400010248";"155763704";"A01";"3";"7";"0";"2";"3";"1";"1";""
"202400010248";"155763706";"B01";"3";"7";"0";"2";"8";"13";"1";""
"202400010249";"155763701";"B01";"2";"33";"0";"2";"1";"3";"1";""
"202400010249";"155763702";"A01";"2";"7";"0";"2";"8";"15";"1";""
"202400010250";"155763699";"A01";"2";"7";"0";"1";"1";"1";"1";""
"202400010251";"155763696";"B01";"1";"7";"0";"2";"8";"1";"1";""
"202400010251";"155763698";"A01";"1";"7";"0";"2";"7";"1";"1";""
"202400010252";"155763697";"B01";"1";"2";"0";"0";"7";"15";"1";""
"202400010252";"155763700";"A01";"2";"7";"0";"2";"1";"1";"1";""
"202400010253";"155763692";"A01";"1";"7";"0";"1";"3";"1";"1";""
"202400010254";"155763693";"A01";"1";"7";"0";"2";"7";"16";"1";""
"202400010254";"155763694";"B01";"1";"50";"0";"2";"1";"2";"3";""
"202400010255";"155763690";"A01";"1";"7";"13";"0";"0";"0";"1";""
"202400010256";"155763691";"B01";"1";"7";"0";"2";"3";"1";"1";""
"202400010256";"155763695";"A01";"2";"7";"0";"2";"1";"15";"1";""
"202400010257";"155763687";"A01";"1";"7";"0";"2";"8";"22";"1";""
"202400010257";"155763689";"B01";"3";"50";"0";"2";"1";"1";"3";""
"202400010258";"155763686";"B01";"2";"7";"0";"0";"1";"1";"1";""
"202400010258";"155763688";"A01";"2";"7";"0";"0";"4";"9";"1";""
"202400010259";"155763684";"A01";"2";"7";"4";"0";"1";"13";"1";""
"202400010260";"155763683";"B01";"1";"80";"0";"2";"1";"1";"3";""
"202400010260";"155763685";"A01";"1";"10";"0";"9";"1";"19";"1";""
"202400010261";"155763681";"A01";"2";"33";"0";"0";"8";"17";"1";""
"202400010261";"155763682";"T01";"2";"7";"0";"0";"0";"1";"1";""
"202400010262";"155763680";"A01";"1";"14";"0";"1";"3";"1";"1";""
"202400010263";"155763678";"A01";"1";"31";"13";"0";"0";"0";"0";""
"202400010264";"155763677";"B01";"2";"7";"0";"2";"6";"23";"1";""
"202400010264";"155763679";"A01";"2";"7";"0";"2";"2";"1";"2";""
"202400010265";"155763676";"A01";"1";"7";"0";"5";"9";"1";"1";""
"202400010266";"155763674";"A01";"1";"7";"0";"1";"1";"16";"1";""
"202400010267";"155763673";"A01";"2";"7";"13";"0";"3";"15";"1";""
"202400010268";"155763672";"A01";"1";"7";"0";"2";"3";"13";"1";""
"202400010268";"155763675";"B01";"2";"21";"0";"2";"6";"1";"1";""
"202400010269";"155763671";"A01";"1";"7";"1";"0";"2";"0";"1";""
"202400010270";"155763669";"A01";"2";"7";"0";"1";"7";"1";"1";""
"202400010271";"155763667";"B01";"1";"1";"0";"2";"7";"2";"5";""
"202400010271";"155763670";"A01";"1";"7";"0";"9";"1";"9";"3";""
"202400010272";"155763665";"A01";"3";"7";"0";"2";"4";"2";"1";""
"202400010272";"155763666";"B01";"3";"7";"0";"2";"1";"2";"1";""
"202400010273";"155763662";"A01";"3";"2";"0";"2";"1";"13";"1";""
"202400010273";"155763664";"B01";"3";"10";"0";"2";"3";"1";"1";""
"202400010274";"155763661";"A01";"2";"7";"0";"2";"6";"19";"1";""
"202400010274";"155763663";"B01";"2";"7";"0";"2";"3";"1";"1";""
"202400010275";"155763655";"A01";"2";"7";"0";"1";"2";"26";"1";""
"202400010276";"155763658";"A01";"1";"7";"0";"2";"5";"15";"1";""
"202400010276";"155763660";"B01";"2";"31";"0";"2";"1";"1";"1";""
"202400010277";"155763654";"A01";"1";"7";"0";"2";"2";"17";"1";""
"202400010277";"155763656";"B01";"1";"99";"0";"2";"8";"15";"1";""
"202400010278";"155763653";"A01";"1";"1";"0";"0";"0";"15";"5";""
"202400010279";"155763651";"A01";"2";"7";"0";"0";"7";"14";"1";""
"202400010280";"155763648";"A01";"2";"10";"0";"1";"2";"15";"1";""
"202400010281";"155763645";"A01";"1";"80";"0";"2";"1";"13";"3";""
"202400010281";"155763647";"B01";"2";"10";"0";"2";"2";"1";"1";""
"202400010282";"155763644";"A01";"1";"7";"0";"1";"2";"1";"1";""
"202400010283";"155763642";"A01";"2";"7";"0";"2";"1";"13";"1";""
"202400010283";"155763646";"B01";"1";"7";"0";"2";"1";"1";"1";""
"202400010284";"155763641";"A01";"2";"7";"0";"2";"1";"2";"1";""
"202400010284";"155763643";"B01";"1";"7";"0";"2";"0";"20";"1";""
"202400010285";"155763637";"A01";"2";"99";"0";"2";"0";"9";"5";""
"202400010285";"155763640";"B01";"2";"7";"0";"5";"8";"1";"1";""
"202400010286";"155763638";"A01";"1";"7";"0";"1";"3";"1";"1";""
"202400010287";"155763636";"B01";"3";"33";"0";"2";"7";"0";"1";""
"202400010287";"155763639";"A01";"3";"7";"0";"2";"1";"9";"2";""
"202400010288";"155763634";"A01";"2";"7";"0";"1";"1";"16";"1";""
"202400010289";"155763632";"A01";"1";"7";"0";"1";"7";"1";"1";""
"202400010290";"155763630";"B01";"1";"1";"0";"2";"1";"1";"5";""
"202400010290";"155763633";"C01";"1";"1";"0";"2";"0";"1";"5";""
"202400010290";"155763635";"A01";"1";"7";"0";"0";"2";"19";"2";""
"202400010291";"155763629";"A01";"1";"2";"0";"0";"8";"1";"1";""
"202400010292";"155763627";"A01";"1";"7";"0";"1";"3";"1";"1";""
"202400010293";"155763625";"B01";"3";"50";"0";"2";"1";"1";"3";""
"202400010293";"155763628";"A01";"2";"10";"0";"2";"8";"9";"1";""
"202400010294";"155763626";"A01";"2";"7";"0";"1";"2";"1";"2";""
"202400010295";"155763620";"B01";"0";"7";"16";"0";"3";"1";"1";""
"202400010295";"155763624";"A01";"0";"7";"0";"2";"1";"20";"1";""
"202400010296";"155763619";"A01";"1";"1";"0";"2";"1";"1";"5";""
"202400010296";"155763623";"B01";"1";"7";"0";"2";"7";"1";"1";""
"202400010297";"155763618";"B01";"2";"7";"0";"2";"3";"11";"1";""
"202400010297";"155763621";"A01";"2";"33";"0";"2";"7";"1";"1";""
"202400010298";"155763617";"B01";"2";"7";"0";"2";"2";"1";"1";""
"202400010298";"155763622";"A01";"1";"7";"0";"2";"2";"15";"1";""
"202400010299";"155763614";"B01";"3";"50";"0";"2";"7";"1";"3";""
"202400010299";"155763616";"A01";"3";"7";"0";"9";"3";"2";"1";""
"202400010300";"155763613";"B01";"1";"33";"0";"2";"2";"1";"1";""
"202400010300";"155763615";"A01";"1";"7";"0";"2";"3";"15";"1";""
"202400010301";"155763608";"B01";"1";"10";"0";"2";"3";"1";"1";""
"202400010301";"155763611";"A01";"2";"7";"0";"2";"3";"1";"1";""
"202400010302";"155763610";"A01";"2";"14";"0";"2";"2";"16";"1";""
"202400010302";"155763612";"B01";"2";"30";"0";"2";"3";"18";"1";""
"202400010303";"155763606";"A01";"2";"33";"0";"2";"2";"17";"1";""
"202400010303";"155763609";"B01";"2";"7";"0";"2";"3";"15";"1";""
"202400010304";"155763607";"A01";"1";"10";"0";"1";"1";"1";"1";""
"202400010305";"155763601";"A01";"1";"7";"0";"2";"2";"16";"1";""
"202400010305";"155763603";"B01";"1";"50";"0";"2";"1";"1";"3";""
"202400010306";"155763602";"A01";"2";"7";"0";"2";"8";"1";"1";""
"202400010306";"155763605";"B01";"1";"7";"0";"2";"8";"13";"1";""
"202400010307";"155763600";"A01";"1";"7";"0";"1";"3";"1";"1";""
"202400010308";"155763604";"A01";"1";"17";"0";"1";"1";"1";"1";""
"202400010309";"155763598";"A01";"1";"32";"2";"0";"1";"1";"1";""
"202400010310";"155763595";"A01";"3";"10";"0";"2";"7";"16";"1";""
"202400010310";"155763597";"B01";"3";"50";"0";"2";"8";"16";"3";""
"202400010311";"155763594";"A01";"3";"7";"0";"2";"0";"0";"1";""
"202400010311";"155763599";"B01";"3";"1";"0";"2";"6";"15";"5";""
"202400010312";"155763590";"A01";"3";"10";"0";"1";"2";"26";"3";""
"202400010313";"155763589";"A01";"3";"7";"0";"1";"1";"15";"2";""
"202400010314";"155763588";"A01";"1";"10";"0";"2";"1";"0";"1";""
"202400010314";"155763591";"C01";"2";"7";"0";"2";"8";"0";"1";""
"202400010314";"155763592";"B01";"1";"7";"0";"2";"1";"0";"1";""
"202400010315";"155763587";"A01";"2";"15";"13";"0";"1";"14";"1";""
"202400010316";"155763585";"A01";"2";"31";"0";"0";"3";"26";"1";""
"202400010317";"155763583";"B01";"2";"7";"0";"2";"7";"15";"1";""
"202400010317";"155763586";"A01";"1";"50";"0";"2";"1";"1";"3";""
"202400010318";"155763582";"A01";"1";"7";"0";"2";"1";"9";" -1";""
"202400010318";"155763584";"B01";"1";"2";"0";"2";"4";"1";"1";""
"202400010319";"155763579";"A01";"1";"10";"0";"2";"8";"13";"1";""
"202400010319";"155763581";"B01";"2";"1";"0";"2";"1";"1";"5";""
"202400010320";"155763577";"A01";"2";"7";"0";"2";"1";"15";"1";""
"202400010320";"155763578";"B01";"1";"2";"0";"2";"1";"1";"1";""
"202400010321";"155763575";"B01";"3";"1";"1";"2";"1";"1";"5";""
"202400010321";"155763580";"A01";"3";"7";"1";"2";"2";"15";"0";""
"202400010322";"155763571";"B01";"1";"7";"0";"2";"2";"21";"1";""
"202400010322";"155763574";"C01";"1";"7";"0";"2";"2";"21";"1";""
"202400010322";"155763576";"A01";"1";"7";"0";"2";"6";"26";"1";""
"202400010323";"155763569";"A01";"3";"7";"0";"1";"8";"26";"2";""
"202400010324";"155763570";"A01";"0";"7";"0";"2";"3";"20";"1";""
"202400010324";"155763572";"B01";"0";"33";"0";"2";"1";"1";"1";""
"202400010325";"155763568";"B01";"1";"7";"0";"2";"3";"1";"1";""
"202400010325";"155763573";"A01";"2";"33";"0";"2";"3";"13";"1";""
"202400010326";"155763567";"A01";"2";"15";"13";"0";"7";"1";"1";""
"202400010327";"155763565";"A01";"1";"32";"0";"0";"0";"0";"1";""
"202400010328";"155763564";"B01";"2";"7";"0";"1";"4";"26";"1";""
"202400010328";"155763566";"A01";"2";"10";"0";"2";"1";"1";"1";""
"202400010329";"155763563";"A01";"2";"7";"13";"0";"7";"13";"1";""
"202400010330";"155763562";"A01";"3";"7";"0";"1";"2";"1";"1";""
"202400010331";"155763560";"A01";"1";"1";"0";"2";"4";"2";"5";""
"202400010331";"155763561";"B01";"1";"37";"0";"2";"4";"20";"1";"1"