"Num_Acc";"id_vehicule";"num_veh";"senc";"catv";"obs";"obsm";"choc";"manv";"motor";"occutc"
"202400010332";"155763557";"A01";"2";"7";"0";"2";"1";"13";"1";""
"202400010332";"155763559";"B01";"1";"7";"0";"2";"1";"1";"1";""
"202400010333";"155763556";"B01";"2";"80";"0";"2";"1";"1";"3";""
"202400010333";"155763558";"A01";"2";"10";"0";"2";"2";"16";"1";""
"202400010334";"155763555";"A01";"1";"7";"0";"1";"2";"1";"1";""
"202400010335";"155763554";"A01";"1";"7";"0";"2";"1";"1";"1";""
"202400010336";"155763550";"A01";"1";"7";"0";"2";"7";"16";"1";""
"202400010336";"155763553";"B01";"1";"2";"0";"2";"3";"2";"3";""
"202400010337";"155763548";"A01";"0";"30";"0";"0";"8";"26";"1";""
"202400010338";"155763547";"B01";"3";"7";"0";"2";"1";"1";"2";""
"202400010338";"155763549";"C01";"3";"7";"0";"2";"1";"1";"2";""
"202400010338";"155763552";"A01";"3";"33";"0";"0";"4";"1";"1";""
"202400010339";"155763546";"A01";"2";"32";"0";"2";"8";"1";"0";""
"202400010339";"155763551";"B01";"1";"7";"0";"2";"8";"5";"0";""
"202400010340";"155763542";"A01";"2";"7";"8";"2";"3";"13";"1";""
"202400010340";"155763544";"B01";"1";"33";"0";"2";"1";"1";"1";""
"202400010341";"155763540";"A01";"1";"7";"2";"0";"3";"13";"1";""
"202400010342";"155763539";"B01";"1";"7";"0";"2";"3";"0";"0";""
"202400010342";"155763545";"A01";"1";"1";"0";"2";"0";"0";"5";""
"202400010343";"155763541";"A01";"3";"7";"0";"2";"6";"9";"1";""
"202400010343";"155763543";"B01";"0";"33";"0";"2";"7";"0";"1";""
"202400010344";"155763538";"A01";"3";"10";"13";"0";"3";"0";"6";""
"202400010345";"155763537";"A01";"1";"7";"13";"0";"7";"1";"1";""
"202400010346";"155763534";"Z01";"1";"7";"0";"2";"2";"2";"0";""
"202400010346";"155763536";"B01";"1";"50";"0";"2";"4";"2";"3";""
"202400010347";"155763532";"A01";"0";"1";"0";"0";"0";"1";"0";""
"202400010348";"155763531";"B01";"2";"7";"0";"2";"2";"16";"1";""
"202400010348";"155763535";"A01";"2";"7";"0";"2";"2";"1";"1";""
"202400010349";"155763530";"A01";"1";"7";"0";"2";"1";"13";"1";""
"202400010349";"155763533";"B01";"2";"38";"0";"2";"3";"1";"1";"1"
"202400010350";"155763528";"A01";"2";"7";"6";"0";"1";"1";"1";""
"202400010351";"155763526";"A01";"2";"2";"0";"2";"1";"1";"1";""
"202400010351";"155763529";"B01";"1";"33";"0";"2";"1";"26";"1";""
"202400010352";"155763525";"A01";"2";"7";"0";"2";"1";"13";"1";""
"202400010352";"155763527";"B01";"1";"7";"0";"2";"1";"1";"3";""
"202400010353";"155763522";"A01";"2";"7";"0";"2";"1";"1";"1";""
"202400010353";"155763524";"B01";"1";"7";"0";"0";"7";"1";"1";""
"202400010354";"155763521";"B01";"1";"1";"0";"2";"0";"19";"5";""
"202400010354";"155763523";"A01";"2";"7";"0";"2";"1";"1";"1";""
"202400010355";"155763518";"B01";"1";"2";"0";"2";"1";"1";"1";""
"202400010355";"155763520";"A01";"2";"7";"0";"2";"7";"15";"1";""
"202400010356";"155763517";"A01";"1";"32";"0";"0";"0";"1";"1";""
"202400010357";"155763516";"B01";"2";"1";"0";"2";"1";"1";"5";""
"202400010357";"155763519";"A01";"1";"7";"0";"2";"2";"15";"1";""
"202400010358";"155763515";"A01";"2";"7";"0";"1";"3";"1";"1";""
"202400010359";"155763511";"B01";"3";"1";"0";"2";"8";"19";"5";""
"202400010359";"155763514";"A01";"2";"7";"0";"2";"1";"15";"1";""
"202400010360";"155763510";"B01";"0";"2";"0";"0";"0";"1";"1";""
"202400010360";"155763512";"A01";"0";"2";"0";"0";"0";"1";"1";""
"202400010361";"155763509";"A01";"2";"7";"0";"2";"2";"6";"1";""
"202400010361";"155763513";"B01";"1";"7";"0";"2";"2";"1";"1";""
"202400010362";"155763504";"A01";"1";"7";"2";"0";"1";"14";"1";""
"202400010363";"155763503";"A01";"2";"7";"0";"0";"1";"1";"1";""
"202400010363";"155763506";"B01";"1";"10";"0";"0";"3";"1";"1";""
"202400010363";"155763508";"C01";"1";"7";"0";"0";"1";"1";"1";""
"202400010364";"155763502";"A01";"3";"7";"0";"2";"1";"2";"1";""
"202400010364";"155763505";"B01";"3";"7";"0";"2";"1";"2";"1";""
"202400010364";"155763507";"C01";"3";"7";"16";"0";"4";"2";"1";""
"202400010365";"155763498";"A01";"2";"32";"0";"2";"8";"1";"1";""
"202400010365";"155763501";"B01";"2";"7";"0";"2";"7";"12";"1";""
"202400010366";"155763499";"B01";"1";"2";"0";"2";"1";"1";"1";""
"202400010366";"155763500";"A01";"1";"7";"0";"2";"2";"15";"1";""
"202400010367";"155763495";"A01";"2";"7";"4";"0";"0";"1";"1";""
"202400010368";"155763496";"A01";"3";"7";"0";"2";"1";"15";"1";""
"202400010368";"155763497";"B01";"3";"50";"0";"2";"3";"19";"3";""
"202400010369";"155763493";"A01";"2";"10";"0";"9";"4";"20";"1";""
"202400010369";"155763494";"B01";"2";"1";"0";"2";"7";"1";"5";""
"202400010370";"155763489";"A01";"1";"7";"12";"0";"0";"1";"1";""
"202400010371";"155763488";"B01";"1";"7";"0";"2";"4";"2";"1";""
"202400010371";"155763491";"A01";"1";"7";"0";"2";"1";"2";"1";""
"202400010372";"155763487";"B01";"2";"14";"0";"2";"7";"2";"1";""
"202400010372";"155763490";"A01";"2";"7";"3";"2";"4";"2";"1";""
"202400010372";"155763492";"Z01";"2";"7";"0";"2";"1";"2";"1";""
"202400010373";"155763486";"A01";"2";"7";"8";"0";"1";"14";"1";""
"202400010374";"155763484";"A01";"1";"7";"0";"2";"3";"15";"1";""
"202400010374";"155763485";"B01";"1";"30";"0";"2";"1";"1";"1";""
"202400010375";"155763483";"A01";"2";"7";"0";"2";"1";"2";"1";""
"202400010376";"155763477";"A01";"2";"7";"0";"2";"1";"1";"1";""
"202400010376";"155763480";"B01";"2";"14";"0";"2";"4";"1";"1";""
"202400010376";"155763481";"C01";"2";"7";"0";"2";"0";"1";"1";""
"202400010376";"155763482";"D01";"2";"7";"0";"0";"0";"1";"1";""
"202400010377";"155763478";"A01";"2";"33";"10";"0";"8";"1";"1";""
"202400010378";"155763479";"A01";"3";"7";"0";"1";"4";"0";"1";""
"202400010379";"155763474";"B01";"2";"32";"0";"2";"2";"3";"1";""
"202400010379";"155763476";"A01";"2";"7";"0";"2";"3";"11";"1";""
"202400010380";"155763473";"A01";"2";"7";"0";"0";"3";"2";"1";""
"202400010381";"155763471";"A01";"2";"14";"3";"2";"2";"1";"1";""
"202400010381";"155763472";"B01";"1";"10";"0";"2";"3";"13";"1";""
"202400010381";"155763475";"C01";"1";"10";"0";"2";"1";"1";"1";""
"202400010382";"155763468";"A01";"2";"7";"0";"2";"3";"1";"1";""
"202400010382";"155763470";"B01";"2";"17";"0";"2";"5";"23";"1";""
"202400010383";"155763467";"A01";"2";"7";"17";"0";"2";"14";"1";""
"202400010384";"155763464";"A01";"1";"7";"15";"0";"0";"0";"1";""
"202400010385";"155763460";"C01";"1";"10";"0";"2";"7";"1";"1";""
"202400010385";"155763462";"B01";"1";"10";"0";"2";"4";"20";"1";""
"202400010385";"155763465";"A01";"1";"10";"0";"2";"1";"1";"1";""
"202400010386";"155763461";"A01";"1";"7";"0";"1";"3";"1";"1";""
"202400010387";"155763459";"A01";"1";"32";"3";"0";"0";"0";"1";""
"202400010388";"155763458";"A01";"1";"7";"4";"0";"1";"1";"1";""
"202400010389";"155763455";"A01";"3";"7";"0";"2";"7";"15";"1";""
"202400010389";"155763457";"B01";"3";"7";"0";"2";"1";"1";"1";""
"202400010390";"155763454";"A01";"1";"7";"0";"2";"3";"5";"1";""
"202400010390";"155763456";"B01";"3";"7";"0";"2";"3";"1";"1";""
"202400010391";"155763452";"A01";"2";"7";"3";"2";"1";"21";"1";""
"202400010391";"155763453";"B01";"2";"13";"0";"2";"2";"1";"1";""
"202400010392";"155763447";"A01";"1";"10";"13";"0";"1";"1";"1";""
"202400010393";"155763445";"A01";"1";"33";"0";"2";"1";"1";"1";""
"202400010393";"155763446";"B01";"1";"7";"0";"2";"5";"23";"1";""
"202400010394";"155763443";"A01";"3";"7";"0";"1";"1";"1";"1";""
"202400010395";"155763442";"A01";"1";"7";"0";"2";"8";"11";"1";""
"202400010395";"155763444";"B01";"1";"33";"0";"2";"1";"3";"1";""
"202400010396";"155763441";"A01";"2";"33";"0";"1";"1";"1";"1";""
"202400010397";"155763440";"A01";"1";"7";"0";"1";"3";"1";"1";""
"202400010398";"155763438";"A01";"2";"7";"0";"1";"3";"21";"1";""
"202400010399";"155763437";"A01";"2";"7";"0";"1";"1";"15";"1";""
"202400010400";"155763434";"A01";"1";"14";"0";"2";"1";"1";"6";""
"202400010400";"155763436";"B01";"1";"7";"0";"2";"4";"1";"1";""
"202400010400";"155763439";"C01";"1";"14";"0";"2";"1";"1";"1";""
"202400010401";"155763431";"C01";"3";"7";"0";"2";"3";"2";"1";""
"202400010401";"155763432";"B01";"3";"7";"0";"2";"3";"2";"1";""
"202400010401";"155763435";"A01";"3";"7";"0";"2";"2";"19";"1";""
"202400010402";"155763430";"A01";"0";"2";"0";"2";"7";"1";"1";""
"202400010402";"155763433";"B01";"0";"7";"0";"2";"8";"1";"2";""
"202400010403";"155763429";"A01";"1";"30";"3";"0";"2";"14";"1";""
"202400010404";"155763428";"A01";"1";"50";"0";"1";"1";"1";"3";""
"202400010405";"155763425";"A01";"0";"99";"0";"2";"0";"0";" -1";""
"202400010405";"155763427";"B01";"0";"37";"0";"2";"0";"0";" -1";"1"
"202400010406";"155763423";"A01";"2";"7";"6";"0";"8";"26";"1";""
"202400010407";"155763420";"B01";"3";"7";"0";"2";"1";"0";"0";""
"202400010407";"155763422";"A01";"3";"7";"0";"2";"1";"26";"0";""
"202400010408";"155763417";"A01";"1";"30";"0";"2";"1";"17";"0";""
"202400010408";"155763419";"B01";"2";"99";"0";"2";"1";"5";"0";""
"202400010408";"155763421";"C01";"2";"99";"0";"2";"1";"5";"0";""
"202400010409";"155763416";"A01";"3";"7";"0";"2";"2";"1";"1";""
"202400010409";"155763418";"B01";"3";"7";"0";"2";"1";"1";"1";""
"202400010410";"155763415";"A01";"1";"33";"0";"1";"9";"21";"1";""
"202400010411";"155763413";"A01";"1";"33";"16";"0";"5";"26";"1";""
"202400010412";"155763412";"A01";"1";"7";"0";"2";"1";"2";"1";""
"202400010412";"155763414";"B01";"1";"7";"0";"2";"4";"2";"1";""
"202400010413";"155763410";"B01";"1";"7";"13";"2";"3";"1";"2";""
"202400010413";"155763411";"A01";"2";"7";"0";"2";"3";"13";"1";""
"202400010414";"155763407";"A01";"1";"7";"0";"0";"9";"26";"1";""
"202400010415";"155763408";"A01";"3";"7";"0";"2";"3";"15";"1";""
"202400010415";"155763409";"B01";"3";"32";"0";"2";"3";"1";"1";""
"202400010416";"155763402";"A01";"1";"50";"0";"2";"8";"19";"3";""
"202400010416";"155763405";"B01";"2";"7";"0";"9";"1";"1";"1";""
"202400010417";"155763403";"B01";"1";"7";"0";"2";"6";"1";"1";""
"202400010417";"155763406";"A01";"2";"33";"8";"2";"9";"1";"1";""
"202400010418";"155763401";"A01";"3";"33";"0";"2";"1";"1";"1";""
"202400010418";"155763404";"B01";"3";"7";"0";"2";"5";"15";"1";""
"202400010419";"155763399";"A01";"0";"50";"0";"9";"7";"2";"3";""
"202400010420";"155763397";"A01";"1";"7";"0";"2";"4";"4";"1";""
"202400010420";"155763398";"B01";"1";"34";"0";"2";"1";"1";"1";""
"202400010421";"155763396";"A01";"3";"10";"0";"2";"1";"1";"3";""
"202400010421";"155763400";"B01";"3";"7";"0";"2";"8";"1";"1";""
"202400010422";"155763394";"A01";"3";"34";"0";"2";"1";"13";"1";""
"202400010422";"155763395";"B01";"3";"50";"0";"2";"1";"14";"3";""
"202400010423";"155763393";"A01";"2";"10";"0";"1";"3";"1";"3";""
"202400010424";"155763391";"B01";"0";"50";"0";"0";"0";"0";"3";""
"202400010424";"155763392";"A01";"3";"7";"0";"0";"0";"0";"1";""
"202400010425";"155763390";"A01";"2";"50";"0";"0";"7";"16";"3";""
"202400010426";"155763388";"B01";"2";"7";"0";"2";"8";"15";"1";""
"202400010426";"155763389";"A01";"2";"33";"0";"2";"1";"17";"1";""
"202400010427";"155763385";"A01";"3";"7";"0";"2";"1";"26";"1";""
"202400010427";"155763387";"B01";"3";"1";"0";"2";"1";"26";"5";""
"202400010428";"155763384";"A01";"1";"2";"1";"0";"1";"15";"1";""
"202400010428";"155763386";"B01";"3";"10";"0";"2";"5";"23";"1";""
"202400010429";"155763382";"A01";"2";"7";"0";"2";"1";"2";"1";""
"202400010429";"155763383";"B01";"2";"7";"0";"2";"4";"23";"1";""
"202400010430";"155763381";"A01";"1";"7";"6";"0";"3";"1";"3";""
"202400010431";"155763379";"A01";"2";"7";"0";"2";"6";"17";"1";""
"202400010431";"155763380";"B01";"2";"31";"0";"2";"1";"17";"1";""
"202400010432";"155763378";"A01";"3";"33";"3";"0";"1";"16";"0";""
"202400010433";"155763377";"A01";"1";"7";"1";"0";"0";"14";"1";""
"202400010434";"155763376";"A01";"1";"7";"0";"1";"3";"1";"1";""
"202400010435";"155763374";"A01";"2";"7";"0";"2";"3";"11";"3";""
"202400010435";"155763375";"B01";"2";"31";"0";"2";"2";"1";"1";""
"202400010436";"155763373";"A01";"1";"33";"0";"0";"1";"0";"1";""
"202400010437";"155763370";"A01";"1";"7";"1";"0";"1";"1";"1";""
"202400010438";"155763369";"A01";"1";"32";"0";"2";"1";"2";"1";""
"202400010438";"155763371";"B01";"1";"7";"0";"2";"5";"2";"1";""
"202400010439";"155763367";"A01";"1";"33";"0";"2";"2";"1";"1";""
"202400010439";"155763368";"B01";"2";"7";"0";"2";"1";"1";"1";""
"202400010439";"155763372";"C01";"1";"50";"0";"2";"1";"1";"3";""
"202400010440";"155763366";"A01";"2";"7";"15";"0";"1";"14";"1";""
"202400010441";"155763363";"C01";"1";"7";"0";"2";"4";"2";"1";""
"202400010441";"155763364";"B01";"1";"7";"0";"2";"4";"2";"1";""
"202400010441";"155763365";"A01";"1";"7";"0";"2";"1";"2";"1";""
"202400010442";"155763361";"A01";"2";"7";"0";"1";"2";"1";"1";""
"202400010443";"155763360";"A01";"2";"7";"3";"2";"4";"11";"1";""
"202400010443";"155763362";"B01";"2";"7";"0";"2";"1";"1";"1";""
"202400010444";"155763356";"A01";"2";"7";"0";"2";"1";"2";"1";""
"202400010444";"155763359";"B01";"2";"7";"0";"2";"4";"1";"1";""
"202400010445";"155763355";"B01";"2";"34";"0";"2";"1";"1";"1";""
"202400010445";"155763358";"A01";"1";"7";"0";"2";"3";"16";"1";""
"202400010446";"155763354";"B01";"1";"7";"2";"2";"3";"1";"1";""
"202400010446";"155763357";"A01";"1";"7";"2";"2";"8";"9";"1";""
"202400010447";"155763353";"A01";"1";"31";"12";"0";"1";"1";"1";""
"202400010448";"155763351";"A01";"1";"34";"0";"2";"7";"18";"1";""
"202400010448";"155763352";"B01";"1";"7";"0";"2";"2";"12";"1";""
"202400010449";"155763348";"A01";"2";"2";"0";"0";"0";"13";"0";""
"202400010450";"155763346";"A01";"1";"7";"0";"2";"1";"9";"1";""
"202400010450";"155763349";"B01";"1";"7";"0";"2";"5";"1";"1";""
"202400010451";"155763344";"A01";"3";"7";"0";"1";"1";"19";"1";""
"202400010452";"155763343";"A01";"1";"10";"0";"0";"1";"17";"1";""
"202400010453";"155763337";"B01";"2";"7";"0";"2";"4";"0";"1";""
"202400010453";"155763340";"A01";"2";"7";"0";"2";"1";"0";"1";""
"202400010454";"155763336";"A01";"3";"7";"0";"1";"3";"1";"1";""
"202400010455";"155763331";"A01";"1";"7";"0";"2";"1";"26";"1";""
"202400010455";"155763334";"B01";"1";"33";"16";"2";"4";"23";"1";""
"202400010456";"155763329";"A01";"2";"7";"0";"0";"0";"10";"1";""
"202400010456";"155763332";"B01";"1";"32";"12";"0";"3";"21";"1";""
"202400010457";"155763328";"E01";"1";"7";"0";"2";"5";"1";"1";""
"202400010457";"155763330";"K01";"1";"7";"0";"2";"0";"1";"1";""
"202400010457";"155763333";"G01";"1";"7";"0";"2";"5";"1";"1";""
"202400010457";"155763335";"H01";"1";"7";"0";"2";"1";"1";"1";""
"202400010457";"155763338";"J01";"1";"7";"0";"2";"7";"1";"1";""
"202400010457";"155763339";"A01";"1";"7";"0";"2";"3";"11";"2";""
"202400010457";"155763341";"C01";"1";"7";"0";"2";"4";"1";"1";""
"202400010457";"155763342";"D01";"1";"7";"0";"2";"4";"1";"2";""
"202400010457";"155763345";"B01";"1";"7";"0";"2";"2";"2";"1";""
"202400010457";"155763347";"F01";"1";"7";"0";"2";"8";"1";"1";""
"202400010457";"155763350";"I01";"1";"7";"0";"2";"4";"1";"1";""
"202400010458";"155763327";"A01";"1";"32";"0";"0";"3";"1";"1";""
"202400010459";"155763321";"A01";"3";"7";"0";"2";"3";"19";"1";""
"202400010459";"155763326";"B01";"2";"7";"0";"2";"2";"19";"1";""
"202400010460";"155763320";"C01";"2";"7";"4";"2";"2";"2";"1";""
"202400010460";"155763323";"A01";"2";"7";"0";"2";"2";"11";"1";""
"202400010460";"155763325";"B01";"2";"10";"0";"2";"6";"2";"1";""
"202400010461";"155763318";"D01";"2";"14";"0";"2";"8";"1";"1";""
"202400010461";"155763319";"C01";"2";"21";"0";"2";"3";"1";"1";""
"202400010461";"155763322";"A01";"2";"7";"0";"2";"1";"13";"1";""
"202400010461";"155763324";"B01";"1";"1";"0";"2";"1";"1";"5";""
"202400010462";"155763315";"A01";"1";"7";"0";"9";"3";"16";"1";""
"202400010462";"155763317";"B01";"1";"80";"0";"2";"3";"1";"3";""
"202400010463";"155763308";"Z01";"0";"7";"0";"2";"1";"15";"1";""
"202400010463";"155763309";"A01";"1";"7";"0";"2";"3";"1";"1";""
"202400010464";"155763307";"A01";"1";"10";"0";"1";"2";"1";"1";""
"202400010465";"155763303";"B01";"1";"7";"0";"2";"5";"1";"1";""
"202400010465";"155763306";"A01";"1";"7";"0";"2";"1";"9";"1";""
"202400010466";"155763301";"A01";"1";"7";"0";"2";"1";"1";"1";""
"202400010466";"155763304";"B01";"1";"7";"0";"2";"5";"23";"2";""
"202400010467";"155763302";"A01";"0";"7";"1";"0";"0";"22";"1";""
"202400010467";"155763305";"B01";"0";"1";"1";"0";"1";"1";"5";""
"202400010468";"155763300";"A01";"3";"7";"0";"1";"1";"1";"1";""
"202400010469";"155763299";"A01";"1";"1";"0";"1";"1";"1";"5";""
"202400010470";"155763293";"A01";"1";"7";"0";"2";"1";"5";"1";""
"202400010470";"155763296";"B01";"2";"7";"0";"2";"2";"1";"1";""
"202400010471";"155763294";"A01";"3";"7";"0";"2";"1";"2";"1";""
"202400010471";"155763297";"B01";"3";"7";"0";"2";"9";"23";"2";""
"202400010471";"155763298";"C01";"3";"7";"0";"2";"4";"23";"1";""
"202400010472";"155763292";"A01";"2";"1";"0";"2";"5";"1";"5";""
"202400010472";"155763295";"B01";"1";"33";"0";"2";"1";"1";"1";""
"202400010473";"155763289";"A01";"1";"7";"0";"2";"8";"15";"1";""
"202400010473";"155763291";"B01";"2";"32";"0";"2";"1";"1";"1";""
"202400010474";"155763288";"A01";"3";"10";"8";"0";"7";"1";"1";""
"202400010474";"155763290";"B01";"3";"10";"0";"0";"1";"1";"1";""
"202400010475";"155763286";"A01";"1";"7";"0";"1";"2";"1";"1";""
"202400010476";"155763285";"A01";"2";"33";"0";"2";"7";"26";"1";""
"202400010476";"155763287";"B01";"2";"7";"0";"2";"1";"26";"1";""
"202400010477";"155763282";"A01";"3";"7";"0";"2";"0";"0";"1";""
"202400010477";"155763283";"B01";"3";"33";"0";"2";"0";"0";"1";""
"202400010478";"155763281";"A01";"2";"7";"0";"2";"3";"13";"1";""
"202400010478";"155763284";"B01";"1";"7";"0";"2";"3";"15";"1";""
"202400010479";"155763279";"A01";"2";"7";"2";"0";"1";"1";"1";""
"202400010480";"155763278";"A01";"1";"31";"0";"2";"1";"17";"1";""
"202400010480";"155763280";"B01";"1";"7";"0";"0";"4";"23";"1";""
"202400010481";"155763277";"A01";"2";"7";"2";"0";"1";"5";"1";""
"202400010482";"155763276";"A01";"3";"7";"1";"0";"8";"14";"1";""
"202400010483";"155763275";"A01";"1";"33";"0";"6";"1";"1";"1";""
"202400010484";"155763272";"A01";"2";"7";"0";"2";"1";"26";"1";""
"202400010484";"155763274";"B01";"1";"7";"0";"2";"1";"1";"1";""
"202400010485";"155763271";"B01";"2";"1";"0";"0";"0";"2";"5";""
"202400010485";"155763273";"A01";"2";"33";"0";"9";"0";"17";"1";""
"202400010486";"155763270";"A01";"1";"33";"0";"0";"8";"1";"1";""
"202400010487";"155763268";"B01";"1";"7";"6";"2";"8";"1";"0";""
"202400010487";"155763269";"A01";"2";"7";"0";"2";"2";"1";"3";""
"202400010488";"155763266";"A01";"1";"7";"0";"2";"1";"5";"1";""
"202400010488";"155763267";"B01";"2";"7";"0";"2";"1";"0";"1";""
"202400010489";"155763265";"A01";"0";"80";"0";"0";"8";"1";"3";""
"202400010490";"155763264";"A01";"2";"33";"0";"0";"0";"1";"1";""
"202400010491";"155763262";"B01";"1";"1";"0";"2";"1";"1";"5";""
"202400010491";"155763263";"A01";"2";"7";"0";"2";"2";"15";"1";""
"202400010492";"155763260";"B01";"1";"7";"0";"2";"1";"1";"1";""
"202400010492";"155763261";"A01";"2";"7";"0";"2";"1";"13";"1";""
"202400010493";"155763258";"A01";"1";"7";"0";"2";"7";"15";"1";""
"202400010493";"155763259";"B01";"2";"50";"0";"2";"1";"1";"3";""
"202400010494";"155763256";"A01";"2";"7";"0";"2";"3";"13";"1";""
"202400010494";"155763257";"B01";"1";"2";"0";"2";"1";"1";"1";""
"202400010495";"155763254";"B01";"1";"13";"1";"0";"1";"2";"1";""
"202400010496";"155763253";"A01";"1";"33";"0";"2";"9";"13";"1";""
"202400010496";"155763255";"B01";"2";"7";"0";"2";"1";"1";"1";""
"202400010497";"155763250";"B01";"2";"37";"0";"2";"7";"1";"1";"1"
"202400010497";"155763252";"A01";"2";"50";"0";"2";"1";"25";"3";""
"202400010498";"155763249";"A01";"3";"7";"0";"2";"2";"0";"1";""
"202400010498";"155763251";"B01";"1";"32";"0";"2";"1";"15";"1";""
"202400010499";"155763248";"A01";"1";"7";"0";"1";"2";"0";"1";""
"202400010500";"155763246";"B01";"1";"32";"0";"2";"1";"1";"1";""
"202400010500";"155763247";"A01";"1";"7";"0";"2";"2";"15";"1";""
"202400010501";"155763245";"A01";"1";"7";"0";"1";"1";"1";"1";""
"202400010502";"155763243";"B01";"1";"7";"0";"9";"3";"1";"1";""
"202400010502";"155763244";"A01";"1";"10";"0";"2";"2";"13";"1";""
"202400010503";"155763240";"A01";"2";"7";"0";"1";"1";"1";"3";""
"202400010504";"155763241";"A01";"2";"7";"3";"0";"9";"1";"1";""
"202400010505";"155763238";"B01";"1";"2";"0";"0";"7";"15";"1";""
"202400010505";"155763239";"A01";"1";"7";"0";"2";"1";"9";"1";""
"202400010506";"155763236";"A01";"3";"2";"0";"0";"0";"1";"1";""
"202400010507";"155763235";"B01";"1";"7";"0";"2";"3";"1";"1";""
"202400010507";"155763237";"A01";"2";"30";"0";"2";"1";"15";"1";""
"202400010508";"155763233";"A01";"1";"32";"0";"2";"1";"1";"1";""
"202400010508";"155763234";"B01";"1";"7";"0";"2";"6";"9";"1";""
"202400010509";"155763232";"A01";"1";"33";"0";"0";"8";"2";"1";""
"202400010510";"155763231";"A01";"3";"1";"0";"0";"0";"1";"5";""
"202400010511";"155763229";"A01";"2";"31";"0";"2";"3";"3";"1";""
"202400010511";"155763230";"B01";"2";"7";"0";"2";"5";"1";"1";""
"202400010512";"155763226";"B01";"1";"31";"0";"2";"1";"1";"1";""
"202400010512";"155763227";"A01";"2";"7";"0";"2";"2";"15";"2";""
"202400010513";"155763225";"A01";"1";"7";"1";"1";"1";"14";"1";""
"202400010514";"155763223";"A01";"1";"7";"0";"9";"2";"2";"1";""
"202400010514";"155763224";"B01";"1";"50";"0";"2";"4";"2";"3";""
"202400010515";"155763221";"Z01";"2";"7";"0";"2";"0";"0";"0";""
"202400010515";"155763222";"A01";"1";"80";"0";"2";"3";"1";"3";""
"202400010516";"155763219";"A01";"3";"7";"0";"9";"3";"1";"1";""
"202400010516";"155763220";"B01";"3";"37";"0";"2";"3";"1";"1";"2"
"202400010517";"155763218";"A01";"2";"50";"15";"0";"1";"26";"3";""
"202400010518";"155763217";"A01";"3";"50";"0";"0";"0";"1";"3";""
"202400010519";"155763215";"A01";"1";"37";"0";"2";"2";"1";"2";"1"
"202400010519";"155763216";"B01";"1";"7";"0";"2";"8";"20";"1";""
"202400010520";"155763213";"A01";"1";"7";"0";"2";"1";"2";"1";""
"202400010520";"155763214";"B01";"1";"7";"0";"2";"4";"1";"2";""
"202400010521";"155763211";"A01";"3";"7";"15";"9";"2";"14";"1";""
"202400010522";"155763210";"A01";"2";"7";"0";"2";"3";"10";"1";""
"202400010522";"155763212";"B01";"2";"31";"0";"2";"0";"1";"1";""
"202400010523";"155763209";"A01";"1";"7";"15";"0";"1";"0";"1";""
"202400010524";"155763208";"A01";"3";"60";"0";"0";"0";"1";"5";""
"202400010525";"155763206";"A01";"1";"32";"0";"0";"0";"3";"1";""
"202400010526";"155763207";"A01";"3";"7";"0";"1";"2";"0";"1";""
"202400010527";"155763204";"A01";"1";"1";"0";"1";"1";"1";"5";""
"202400010528";"155763202";"A01";"2";"10";"0";"2";"2";"15";"0";""
"202400010528";"155763205";"B01";"1";"33";"0";"2";"3";"1";"0";""
"202400010529";"155763201";"A01";"1";"7";"0";"0";"6";"2";"1";""
"202400010529";"155763203";"B01";"1";"33";"0";"2";"1";"2";"1";""
"202400010530";"155763199";"B01";"1";"7";"0";"2";"3";"15";"2";""
"202400010530";"155763200";"A01";"1";"2";"0";"2";"1";"2";"3";""
"202400010531";"155763197";"A01";"3";"7";"0";"2";"2";"16";"1";""
"202400010531";"155763198";"B01";"3";"30";"0";"2";"3";"18";"1";""
"202400010532";"155763196";"A01";"1";"7";"0";"1";"2";"1";"2";""
"202400010533";"155763194";"B01";"2";"7";"0";"2";"4";"2";"2";""
"202400010533";"155763195";"A01";"2";"80";"0";"2";"1";"2";"3";""
"202400010534";"155763192";"A01";"0";"7";"0";"1";"0";"0";"1";""
"202400010535";"155763191";"A01";"1";"7";"1";"2";"3";"9";"1";""
"202400010535";"155763193";"Y01";"1";"1";"1";"0";"1";"2";"5";""
"202400010536";"155763185";"A01";"2";"7";"0";"2";"0";"0";"1";""
"202400010536";"155763189";"B01";"2";"15";"0";"2";"2";"0";"0";""
"202400010537";"155763188";"A01";"2";"50";"0";"2";"1";"17";"3";""
"202400010537";"155763190";"B01";"1";"1";"0";"2";"3";"1";"5";""
"202400010538";"155763186";"A01";"0";"50";"0";"2";"1";"0";"3";""
"202400010538";"155763187";"B01";"0";"7";"1";"2";"0";"0";"1";""
"202400010539";"155763183";"B01";"2";"7";"0";"2";"3";"1";"2";""
"202400010539";"155763184";"A01";"2";"7";"0";"2";"3";"1";"1";""
"202400010540";"155763179";"A01";"1";"7";"0";"2";"7";"24";"2";""
"202400010540";"155763181";"B01";"2";"80";"1";"2";"1";"1";"3";""
"202400010541";"155763180";"B01";"3";"7";"0";"2";"7";"15";"1";""
"202400010541";"155763182";"A01";"3";"7";"0";"2";"1";"1";"3";""
"202400010542";"155763177";"A01";"1";"7";"0";"2";"1";"1";"1";""
"202400010542";"155763178";"B01";"2";"7";"0";"2";"8";"10";"1";""