"Num_Acc";"id_vehicule";"num_veh";"senc";"catv";"obs";"obsm";"choc";"manv";"motor";"occutc"
"202400010543";"155763175";"B01";"2";"7";"0";"2";"2";"16";"2";""
"202400010543";"155763176";"A01";"2";"50";"0";"2";"1";"25";"3";""
"202400010544";"155763172";"A01";"1";"10";"0";"2";"1";"13";"1";""
"202400010544";"155763174";"B01";"2";"7";"0";"2";"1";"1";"1";""
"202400010545";"155763171";"A01";"1";"7";"0";"9";"1";"15";"1";""
"202400010545";"155763173";"B01";"2";"2";"0";"2";"8";"1";"1";""
"202400010546";"155763166";"A01";"1";"7";"0";"2";"3";"15";"1";""
"202400010546";"155763169";"B01";"2";"7";"0";"2";"1";"1";"1";""
"202400010547";"155763167";"B01";"2";"1";"16";"2";"0";"0";"5";""
"202400010547";"155763170";"A01";"2";"7";"16";"2";"5";"1";"1";""
"202400010548";"155763165";"B01";"3";"33";"13";"2";"8";"1";"1";""
"202400010548";"155763168";"A01";"3";"7";"0";"2";"8";"0";"1";""
"202400010549";"155763163";"A01";"1";"10";"13";"0";"3";"0";"1";""
"202400010550";"155763161";"B01";"1";"33";"14";"2";"1";"11";"1";""
"202400010550";"155763164";"A01";"3";"50";"9";"2";"8";"26";"3";""
"202400010551";"155763162";"A01";"2";"7";"0";"1";"7";"2";"1";""
"202400010552";"155763160";"A01";"1";"7";"13";"0";"2";"14";"1";""
"202400010553";"155763158";"A01";"2";"10";"0";"2";"1";"0";"1";""
"202400010554";"155763157";"A01";"1";"7";"13";"0";"0";"1";"1";""
"202400010555";"155763156";"A01";"3";"7";"0";"2";"2";"15";"1";""
"202400010555";"155763159";"B01";"0";"50";"0";"2";"8";"25";"3";""
"202400010556";"155763154";"A01";"3";"7";"0";"1";"1";"1";"2";""
"202400010557";"155763153";"B01";"2";"15";"0";"2";"3";"1";"1";""
"202400010557";"155763155";"A01";"1";"7";"0";"2";"3";"13";"1";""
"202400010558";"155763150";"A01";"2";"10";"0";"0";"0";"0";"1";""
"202400010559";"155763149";"A01";"0";"7";"14";"0";"1";"26";"1";""
"202400010560";"155763148";"B01";"0";"7";"0";"2";"4";"2";"1";""
"202400010560";"155763151";"C01";"0";"7";"0";"2";"4";"23";"1";""
"202400010560";"155763152";"A01";"0";"7";"0";"2";"1";"2";"1";""
"202400010561";"155763147";"A01";"1";"33";"16";"0";"3";"15";"1";""
"202400010562";"155763145";"A01";"1";"7";"0";"2";"1";"21";"1";""
"202400010562";"155763146";"B01";"2";"7";"0";"2";"1";"1";"1";""
"202400010563";"155763142";"A01";"1";"50";"0";"2";"8";"1";"3";""
"202400010563";"155763144";"Z01";"3";"2";"0";"9";"1";"15";"0";""
"202400010564";"155763141";"A01";"2";"7";"0";"2";"3";"1";"1";""
"202400010564";"155763143";"B01";"1";"7";"0";"2";"3";"17";"1";""
"202400010565";"155763140";"A01";"2";"7";"0";"1";"1";"1";"1";""
"202400010566";"155763137";"A01";"1";"1";"0";"0";"3";"1";"5";""
"202400010567";"155763136";"B01";"1";"7";"0";"0";"3";"1";"1";""
"202400010567";"155763139";"A01";"2";"7";"0";"2";"1";"1";"1";""
"202400010568";"155763135";"A01";"1";"7";"0";"2";"2";"16";"1";""
"202400010568";"155763138";"B01";"1";"7";"0";"2";"3";"16";"1";""
"202400010569";"155763131";"A01";"3";"17";"0";"1";"3";"23";"1";""
"202400010570";"155763133";"B01";"2";"33";"13";"2";"3";"1";"1";""
"202400010570";"155763134";"A01";"1";"7";"0";"2";"3";"15";"1";""
"202400010571";"155763130";"B01";"0";"7";"0";"9";"6";"15";"2";""
"202400010571";"155763132";"A01";"0";"50";"0";"2";"1";"1";"3";""
"202400010572";"155763127";"A01";"2";"7";"0";"2";"3";"2";"1";""
"202400010572";"155763128";"B01";"2";"7";"0";"0";"6";"2";"1";""
"202400010573";"155763126";"B01";"2";"2";"0";"2";"1";"1";"1";""
"202400010573";"155763129";"A01";"1";"7";"0";"2";"5";"15";"1";""
"202400010574";"155763124";"A01";"0";"7";"0";"1";"4";"26";"1";""
"202400010575";"155763123";"B01";"2";"50";"0";"2";"8";"1";"3";""
"202400010575";"155763125";"A01";"2";"7";"0";"2";"1";"15";"2";""
"202400010576";"155763120";"A01";"1";"32";"0";"2";"1";"14";"1";""
"202400010576";"155763121";"B01";"1";"7";"0";"2";"0";"1";"1";""
"202400010577";"155763119";"A01";"2";"7";"0";"0";"8";"15";"1";""
"202400010577";"155763122";"B01";"1";"15";"0";"2";"3";"1";"1";""
"202400010578";"155763118";"A01";"1";"7";"13";"0";"1";"1";"1";""
"202400010579";"155763117";"A01";"1";"7";"8";"0";"1";"1";"1";""
"202400010580";"155763115";"A01";"2";"7";"0";"2";"1";"1";"1";""
"202400010580";"155763116";"B01";"1";"7";"0";"2";"1";"1";"1";""
"202400010581";"155763113";"A01";"3";"15";"0";"2";"3";"9";"6";""
"202400010581";"155763114";"B01";"3";"7";"0";"2";"2";"1";"3";""
"202400010582";"155763112";"A01";"3";"33";"14";"0";"1";"1";"1";""
"202400010583";"155763111";"A01";"1";"1";"0";"0";"0";"2";"5";""
"202400010584";"155763108";"B01";"2";"2";"0";"2";"3";"1";"1";""
"202400010584";"155763110";"A01";"2";"7";"0";"2";"5";"17";"1";""
"202400010585";"155763105";"B01";"1";"7";"0";"2";"1";"1";"1";""
"202400010585";"155763106";"A01";"2";"7";"0";"2";"1";"5";"1";""
"202400010586";"155763107";"A01";"2";"7";"0";"2";"3";"13";"1";""
"202400010586";"155763109";"B01";"1";"7";"0";"2";"3";"1";"2";""
"202400010587";"155763103";"A01";"1";"7";"0";"2";"2";"19";"1";""
"202400010587";"155763104";"B01";"1";"1";"0";"2";"4";"26";"5";""
"202400010588";"155763101";"A01";"1";"7";"0";"2";"1";"13";"1";""
"202400010588";"155763102";"B01";"2";"7";"0";"2";"1";"1";"1";""
"202400010589";"155763100";"A01";"2";"33";"8";"0";"0";"1";"1";""
"202400010590";"155763098";"A01";"1";"7";"2";"0";"8";"13";"1";""
"202400010591";"155763097";"A01";"2";"10";"0";"1";"3";"1";"1";""
"202400010592";"155763096";"B01";"1";"33";"0";"2";"3";"0";"1";""
"202400010592";"155763099";"A01";"2";"7";"0";"2";"3";"0";"3";""
"202400010593";"155763095";"A01";"1";"7";"8";"0";"1";"1";"1";""
"202400010594";"155763094";"A01";"1";"33";"5";"0";"7";"0";"1";""
"202400010595";"155763093";"A01";"2";"7";"6";"0";"1";"1";"1";""
"202400010596";"155763092";"A01";"1";"2";"16";"0";"0";"14";"1";""
"202400010597";"155763091";"A01";"3";"33";"8";"0";"1";"14";"1";""
"202400010598";"155763090";"A01";"2";"7";"0";"1";"1";"1";"1";""
"202400010599";"155763088";"A01";"1";"2";"0";"2";"1";"5";"0";""
"202400010599";"155763089";"B01";"2";"7";"0";"9";"3";"0";"1";""
"202400010600";"155763087";"A01";"2";"7";"13";"0";"9";"15";"1";""
"202400010601";"155763085";"A01";"1";"7";"0";"2";"1";"15";"1";""
"202400010601";"155763086";"B01";"2";"33";"0";"2";"1";"1";"1";""
"202400010602";"155763084";"A01";"1";"7";"2";"0";"3";"13";"1";""
"202400010603";"155763082";"A01";"2";"7";"13";"0";"2";"1";"1";""
"202400010604";"155763081";"A01";"1";"7";"0";"2";"2";"15";"1";""
"202400010604";"155763083";"B01";"2";"2";"0";"2";"1";"1";"1";""
"202400010605";"155763079";"B01";"1";"7";"0";"2";"8";"1";"1";""
"202400010605";"155763080";"A01";"2";"21";"0";"2";"3";"15";"1";""
"202400010606";"155763077";"A01";"2";"10";"0";"2";"1";"2";"1";""
"202400010606";"155763078";"B01";"2";"7";"0";"2";"4";"2";"1";""
"202400010607";"155763076";"A01";"1";"10";"2";"0";"2";"14";"1";""
"202400010608";"155763075";"A01";"1";"7";"2";"0";"7";"1";"1";""
"202400010609";"155763073";"A01";"1";"7";"2";"0";"1";"26";"1";""
"202400010610";"155763072";"A01";"2";"7";"3";"2";"1";"14";"1";""
"202400010610";"155763074";"B01";"2";"7";"0";"2";"4";"1";"1";""
"202400010611";"155763070";"B01";"0";"7";"0";"2";"1";"1";"2";""
"202400010611";"155763071";"A01";"0";"50";"0";"2";"1";"5";"3";""
"202400010612";"155763066";"A01";"0";"7";"0";"1";"3";"1";"1";""
"202400010613";"155763068";"A01";"1";"7";"0";"2";"4";"1";"1";""
"202400010613";"155763069";"B01";"1";"7";"0";"2";"1";"1";"2";""
"202400010614";"155763064";"A01";"1";"7";"0";"0";"0";"14";"2";""
"202400010615";"155763065";"B01";"2";"7";"0";"2";"3";"1";"1";""
"202400010615";"155763067";"A01";"2";"7";"12";"2";"2";"3";"1";""
"202400010616";"155763062";"A01";"3";"1";"0";"0";"0";"26";"5";""
"202400010617";"155763061";"B01";"1";"15";"0";"2";"1";"1";"1";""
"202400010617";"155763063";"A01";"1";"7";"0";"2";"8";"19";"1";""
"202400010618";"155763058";"A01";"2";"7";"0";"2";"3";"15";"2";""
"202400010618";"155763060";"B01";"3";"33";"0";"2";"1";"23";"1";""
"202400010619";"155763059";"A01";"0";"33";"1";"0";"1";"1";"0";""
"202400010620";"155763056";"A01";"1";"33";"0";"6";"1";"1";"1";""
"202400010621";"155763055";"A01";"2";"33";"13";"0";"1";"17";"1";""
"202400010622";"155763054";"A01";"1";"7";"0";"1";"2";"1";"2";""
"202400010623";"155763052";"A01";"2";"7";"0";"2";"1";"17";"1";""
"202400010623";"155763053";"B01";"1";"7";"0";"2";"1";"1";"1";""
"202400010624";"155763051";"A01";"2";"33";"0";"0";"0";"0";"1";""
"202400010625";"155763050";"A01";"1";"7";"0";"1";"8";"1";"1";""
"202400010626";"155763048";"A01";"2";"10";"0";"0";"0";"0";"1";""
"202400010627";"155763046";"A01";"2";"7";"0";"1";"8";"1";"1";""
"202400010628";"155763045";"A01";"1";"7";"7";"0";"1";"14";"1";""
"202400010629";"155763043";"A01";"1";"7";"0";"2";"1";"13";"1";""
"202400010629";"155763044";"B01";"2";"7";"13";"2";"3";"1";"1";""
"202400010630";"155763042";"A01";"3";"7";"0";"1";"3";"1";"1";""
"202400010631";"155763040";"A01";"1";"33";"0";"2";"1";"0";"1";""
"202400010631";"155763041";"B01";"1";"7";"0";"2";"5";"23";"1";""
"202400010632";"155763037";"B01";"2";"33";"0";"2";"3";"1";"1";""
"202400010632";"155763039";"A01";"1";"7";"0";"2";"3";"13";"1";""
"202400010633";"155763036";"A01";"1";"10";"0";"2";"2";"17";"1";""
"202400010633";"155763038";"B01";"2";"2";"0";"2";"9";"0";"1";""
"202400010634";"155763035";"A01";"1";"7";"0";"1";"4";"0";"1";""
"202400010635";"155763032";"B01";"3";"7";"0";"2";"1";"1";"1";""
"202400010635";"155763034";"A01";"3";"2";"0";"2";"1";"13";"1";""
"202400010636";"155763033";"A01";"2";"7";"6";"0";"1";"1";"1";""
"202400010637";"155763027";"A01";"2";"7";"0";"2";"4";"1";"1";""
"202400010637";"155763029";"B01";"2";"2";"0";"2";"1";"1";"3";""
"202400010638";"155763028";"A01";"2";"7";"0";"1";"2";"1";"1";""
"202400010639";"155763030";"B01";"1";"7";"0";"2";"1";"1";"1";""
"202400010639";"155763031";"A01";"1";"7";"0";"2";"7";"15";"3";""
"202400010640";"155763025";"A01";"2";"33";"0";"0";"0";"14";"1";""
"202400010641";"155763024";"B01";"1";"1";"0";"2";"1";"17";"5";""
"202400010641";"155763026";"A01";"1";"7";"0";"2";"3";"15";"1";""
"202400010642";"155763019";"A01";"2";"2";"0";"0";"4";"2";"1";""
"202400010642";"155763021";"B01";"1";"7";"0";"2";"2";"2";"1";""
"202400010643";"155763018";"A01";"1";"7";"0";"2";"1";"2";"1";""
"202400010643";"155763022";"B01";"1";"7";"0";"2";"4";"2";"1";""
"202400010643";"155763023";"C01";"1";"7";"0";"2";"4";"2";"1";""
"202400010644";"155763017";"A01";"1";"7";"0";"2";"3";"2";"2";""
"202400010644";"155763020";"B01";"2";"1";"0";"2";"1";"1";"5";""
"202400010645";"155763015";"A01";"3";"34";"4";"0";"1";"21";"1";""
"202400010646";"155763014";"A01";"1";"10";"0";"1";"2";"15";"1";""
"202400010647";"155763013";"A01";"2";"7";"0";"2";"5";"17";"1";""
"202400010647";"155763016";"B01";"2";"17";"0";"2";"3";"1";"1";""
"202400010648";"155763012";"A01";"1";"7";"13";"0";"1";"1";"1";""
"202400010649";"155763010";"A01";"1";"10";"3";"0";"1";"1";"1";""
"202400010650";"155763009";"B01";"2";"10";"0";"2";"1";"1";"1";""
"202400010650";"155763011";"A01";"3";"10";"0";"2";"1";"15";"1";""
"202400010651";"155763008";"A01";"0";"7";"0";"1";"1";"1";"1";""
"202400010652";"155763005";"A01";"2";"7";"0";"2";"7";"1";"1";""
"202400010652";"155763007";"B01";"1";"7";"0";"2";"1";"1";"1";""
"202400010653";"155763004";"A01";"1";"7";"0";"9";"2";"15";"1";""
"202400010653";"155763006";"B01";"2";"1";"0";"2";"8";"1";"5";""
"202400010654";"155763001";"A01";"1";"33";"0";"0";"1";"1";"1";""
"202400010655";"155763003";"A01";"2";"7";"1";"0";"0";"0";"1";""
"202400010656";"155763000";"A01";"2";"7";"0";"2";"2";"19";"1";""
"202400010656";"155763002";"B01";"1";"1";"0";"2";"7";"1";"5";""
"202400010657";"155762999";"A01";"1";"7";"13";"0";"1";"1";"1";""
"202400010658";"155762997";"A01";"2";"7";"0";"2";"7";"1";"1";""
"202400010658";"155762998";"B01";"1";"7";"0";"2";"1";"1";"1";""
"202400010659";"155762996";"A01";"1";"33";"0";"1";"1";"1";"0";""
"202400010660";"155762994";"A01";"1";"7";"0";"2";"1";"1";"1";""
"202400010660";"155762995";"B01";"2";"7";"0";"2";"1";"1";"1";""
"202400010661";"155762992";"A01";"2";"7";"8";"1";"1";"15";"1";""
"202400010662";"155762991";"A01";"1";"7";"0";"2";"3";"13";"1";""
"202400010662";"155762993";"B01";"1";"43";"0";"2";"5";"1";"1";""
"202400010663";"155762990";"A01";"2";"7";"13";"0";"1";"1";"1";""
"202400010664";"155762984";"B01";"1";"7";"0";"2";"3";"1";"1";""
"202400010664";"155762987";"A01";"2";"33";"0";"2";"3";"13";"1";""
"202400010665";"155762983";"A01";"1";"7";"0";"2";"2";"15";"1";""
"202400010665";"155762986";"B01";"2";"33";"0";"2";"1";"1";"1";""
"202400010666";"155762981";"A01";"0";"7";"0";"1";"1";"20";"1";""
"202400010667";"155762979";"A01";"2";"7";"0";"2";"3";"13";"1";""
"202400010667";"155762980";"B01";"1";"7";"0";"2";"8";"26";"1";""
"202400010667";"155762982";"C01";"1";"7";"0";"2";"3";"0";"1";""
"202400010668";"155762978";"A01";"1";"7";"0";"1";"1";"15";"1";""
"202400010669";"155762976";"A01";"1";"7";"0";"2";"4";"1";"1";""
"202400010669";"155762977";"B01";"1";"7";"0";"2";"1";"1";"1";""
"202400010670";"155762974";"A01";"1";"7";"0";"2";"3";"1";"1";""
"202400010670";"155762975";"B01";"2";"7";"0";"2";"3";"1";"1";""
"202400010671";"155762971";"A01";"3";"7";"14";"0";"1";"14";"1";""
"202400010672";"155762972";"A01";"2";"7";"0";"2";"3";"1";"1";""
"202400010672";"155762973";"B01";"1";"7";"0";"2";"8";"19";"1";""
"202400010673";"155762969";"A01";"2";"7";"0";"2";"6";"1";"1";""
"202400010673";"155762970";"B01";"2";"7";"0";"2";"2";"1";"2";""
"202400010674";"155762968";"A01";"2";"7";"0";"1";"3";"1";"0";""
"202400010675";"155762965";"A01";"2";"7";"0";"2";"1";"13";"1";""
"202400010675";"155762967";"B01";"1";"7";"0";"2";"1";"1";"1";""
"202400010676";"155762964";"A01";"1";"7";"0";"2";"1";"1";"1";""
"202400010676";"155762966";"B01";"1";"7";"0";"2";"2";"15";"1";""
"202400010677";"155762959";"A01";"2";"7";"0";"2";"1";"13";"1";""
"202400010677";"155762962";"B01";"1";"7";"0";"2";"3";"13";"1";""
"202400010678";"155762957";"A01";"3";"7";"0";"2";"1";"13";"1";""
"202400010678";"155762960";"B01";"3";"7";"0";"2";"1";"1";"1";""
"202400010679";"155762955";"A01";"2";"1";"0";"0";"0";"1";"5";""
"202400010680";"155762954";"A01";"2";"7";"0";"2";"4";"2";"1";""
"202400010680";"155762956";"B01";"2";"7";"0";"2";"4";"2";"1";""
"202400010680";"155762958";"C01";"2";"7";"0";"2";"4";"2";"1";""
"202400010680";"155762961";"D01";"2";"7";"0";"2";"4";"0";"1";""
"202400010680";"155762963";"E01";"2";"7";"0";"2";"1";"2";"1";""
"202400010681";"155762953";"A01";"3";"7";"0";"1";"1";"15";"1";""
"202400010682";"155762950";"A01";"3";"13";"0";"0";"0";"1";"1";""
"202400010682";"155762952";"B01";"3";"2";"0";"0";"9";"21";"1";""
"202400010683";"155762949";"B01";"1";"7";"0";"2";"2";"1";"1";""
"202400010683";"155762951";"A01";"1";"7";"0";"2";"6";"1";"1";""
"202400010684";"155762947";"A01";"1";"33";"0";"0";"8";"1";"1";""
"202400010685";"155762943";"A01";"2";"7";"2";"0";"3";"1";"1";""
"202400010686";"155762942";"A01";"1";"7";"0";"2";"1";"1";"1";""
"202400010686";"155762945";"B01";"1";"7";"0";"2";"4";"23";"1";""
"202400010686";"155762946";"C01";"1";"7";"0";"2";"4";"23";"1";""
"202400010687";"155762940";"A01";"2";"7";"4";"0";"5";"23";"1";""
"202400010687";"155762944";"B01";"2";"7";"0";"2";"1";"21";"1";""
"202400010688";"155762941";"A01";"0";"34";"15";"0";"8";"1";"1";""
"202400010689";"155762939";"A01";"1";"7";"0";"1";"1";"1";"1";""
"202400010690";"155762936";"A01";"2";"7";"1";"2";"1";"2";"1";""
"202400010690";"155762938";"B01";"2";"7";"0";"0";"4";"2";"1";""
"202400010691";"155762934";"A01";"2";"7";"0";"1";"1";"1";"1";""
"202400010692";"155762935";"B01";"3";"7";"0";"2";"7";"1";"1";""
"202400010692";"155762937";"A01";"3";"33";"0";"2";"3";"16";"1";""
"202400010693";"155762933";"A01";"1";"31";"3";"0";"7";"2";"1";""
"202400010694";"155762931";"A01";"1";"7";"13";"0";"1";"2";"1";""
"202400010695";"155762930";"A01";"3";"7";"0";"2";"1";"15";"2";""
"202400010695";"155762932";"B01";"3";"31";"0";"2";"8";"21";"1";""
"202400010696";"155762928";"B01";"1";"7";"13";"0";"1";"16";"1";""
"202400010696";"155762929";"A01";"1";"7";"13";"0";"3";"16";"1";""
"202400010697";"155762926";"A01";"1";"7";"12";"0";"3";"0";"1";""
"202400010698";"155762925";"A01";"1";"7";"0";"1";"1";"11";"1";""
"202400010699";"155762922";"A01";"1";"43";"3";"0";"0";"0";"1";""
"202400010700";"155762921";"B01";"1";"7";"0";"2";"4";"14";"0";""
"202400010700";"155762923";"D01";"1";"15";"0";"2";"8";"1";"1";""
"202400010700";"155762924";"A01";"1";"7";"0";"2";"1";"2";"3";""
"202400010700";"155762927";"C01";"1";"33";"3";"2";"1";"1";"1";""
"202400010701";"155762920";"A01";"2";"33";"0";"0";"7";"17";"1";""
"202400010702";"155762916";"A01";"1";"33";"9";"0";"1";"0";"1";""
"202400010703";"155762912";"A01";"2";"7";"0";"2";"9";"18";"1";""
"202400010703";"155762914";"C01";"2";"7";"0";"2";"2";"2";"1";""
"202400010703";"155762917";"B01";"2";"10";"0";"2";"5";"1";"1";""
"202400010703";"155762918";"D01";"2";"7";"0";"2";"1";"2";"1";""
"202400010703";"155762919";"E01";"2";"7";"0";"2";"1";"2";"3";""
"202400010704";"155762913";"A01";"1";"38";"0";"2";"1";"15";"1";"1"
"202400010704";"155762915";"B01";"2";"32";"0";"2";"1";"1";"1";""
"202400010705";"155762911";"A01";"1";"30";"12";"0";"1";"1";"1";""
"202400010706";"155762909";"A01";"2";"7";"0";"2";"6";"11";"1";""
"202400010706";"155762910";"B01";"2";"33";"0";"2";"2";"1";"1";""
"202400010707";"155762908";"A01";"1";"31";"0";"0";"3";"1";"3";""
"202400010708";"155762905";"B01";"3";"50";"0";"2";"1";"1";"3";""
"202400010708";"155762907";"A01";"3";"7";"0";"2";"4";"1";"1";""
"202400010709";"155762901";"C01";"2";"7";"0";"2";"1";"1";"1";""
"202400010709";"155762903";"A01";"2";"17";"0";"2";"2";"14";"1";""
"202400010709";"155762906";"B01";"2";"7";"0";"2";"6";"1";"1";""
"202400010710";"155762902";"A01";"1";"33";"0";"2";"1";"1";"1";""
"202400010710";"155762904";"B01";"1";"30";"0";"2";"4";"15";"1";""
"202400010711";"155762899";"A01";"3";"7";"0";"2";"7";"16";"1";""
"202400010711";"155762900";"B01";"3";"50";"0";"2";"1";"7";"3";""
"202400010712";"155762898";"A01";"2";"1";"0";"0";"0";"26";"5";""
"202400010713";"155762896";"A01";"1";"7";"0";"2";"3";"13";"1";""
"202400010713";"155762897";"B01";"2";"7";"0";"2";"3";"1";"1";""
"202400010714";"155762895";"A01";"1";"30";"0";"0";"1";"1";"1";""
"202400010715";"155762894";"A01";"2";"7";"8";"0";"1";"26";"2";""
"202400010716";"155762890";"B01";"1";"50";"0";"2";"8";"1";"3";""
"202400010716";"155762892";"Z01";"1";"7";"0";"2";"7";"16";"0";""
"202400010717";"155762889";"B01";"2";"7";"0";"2";"2";"19";"1";""
"202400010717";"155762893";"A01";"2";"7";"0";"2";"1";"1";"1";""
"202400010718";"155762888";"A01";"1";"31";"0";"2";"1";"1";"1";""
"202400010718";"155762891";"B01";"2";"10";"0";"2";"8";"15";"1";""
"202400010719";"155762886";"A01";"1";"33";"11";"0";"1";"1";"1";""
"202400010720";"155762885";"B01";"1";"80";"16";"2";"1";"2";"2";""
"202400010720";"155762887";"A01";"1";"7";"0";"2";"1";"26";"1";""
"202400010721";"155762883";"A01";"1";"7";"0";"2";"1";"5";"1";""
"202400010721";"155762884";"B01";"2";"10";"0";"2";"1";"1";"1";""
"202400010722";"155762881";"A01";"3";"7";"0";"2";"1";"2";"1";""
"202400010722";"155762882";"B01";"3";"10";"0";"0";"4";"9";"1";""
"202400010723";"155762880";"A01";"1";"7";"0";"1";"0";"0";"0";""
"202400010724";"155762877";"B01";"1";"1";"0";"2";"6";"15";"5";""
"202400010724";"155762879";"A01";"1";"7";"0";"2";"2";"2";"2";""
"202400010725";"155762874";"B01";"1";"7";"0";"2";"8";"1";"2";""
"202400010725";"155762876";"A01";"1";"7";"0";"2";"1";"1";"1";""
"202400010726";"155762875";"A01";"1";"21";"0";"0";"6";"19";"1";""
"202400010726";"155762878";"B01";"2";"33";"0";"2";"1";"1";"1";""
"202400010727";"155762873";"A01";"2";"7";"0";"1";"2";"17";"1";""
"202400010728";"155762872";"A01";"2";"1";"0";"0";"0";"1";"5";""
"202400010729";"155762871";"A01";"1";"7";"0";"1";"1";"1";"1";""
"202400010730";"155762867";"A01";"1";"33";"0";"0";"5";"1";"1";""
"202400010730";"155762870";"B01";"1";"7";"0";"2";"1";"9";"1";""
"202400010731";"155762866";"A01";"3";"50";"0";"2";"3";"25";"3";""
"202400010731";"155762868";"B01";"3";"7";"0";"2";"3";"26";"0";""
"202400010732";"155762865";"B01";"3";"7";"0";"2";"1";"9";"1";""
"202400010732";"155762869";"A01";"1";"10";"0";"2";"2";"1";"1";""
"202400010733";"155762862";"A01";"1";"7";"14";"0";"1";"2";"1";""
"202400010733";"155762863";"B01";"1";"7";"0";"2";"4";"23";"1";""
"202400010734";"155762860";"B01";"2";"7";"0";"0";"8";"1";"1";""
"202400010734";"155762864";"A01";"2";"1";"0";"2";"1";"1";"5";""
"202400010735";"155762859";"A01";"3";"7";"8";"2";"1";"1";"1";""
"202400010735";"155762861";"B01";"1";"7";"0";"2";"1";"1";"1";""
"202400010736";"155762858";"A01";"1";"7";"3";"0";"3";"9";"2";""
"202400010737";"155762855";"A01";"3";"10";"0";"1";"0";"25";"1";""
"202400010738";"155762856";"B01";"1";"33";"0";"2";"1";"17";"1";""
"202400010738";"155762857";"A01";"1";"10";"0";"2";"8";"15";"1";""
"202400010739";"155762854";"A01";"2";"7";"9";"0";"3";"1";"2";""
"202400010740";"155762852";"A01";"3";"7";"8";"0";"1";"6";"1";""
"202400010741";"155762850";"A01";"3";"7";"6";"0";"1";"13";"1";""
"202400010742";"155762849";"C01";"1";"7";"0";"2";"3";"1";"1";""
"202400010742";"155762851";"A01";"1";"7";"0";"2";"3";"13";"1";""
"202400010742";"155762853";"B01";"2";"7";"0";"2";"8";"1";"1";""
"202400010743";"155762847";"A01";"3";"7";"0";"1";"1";"1";"1";""
"202400010744";"155762845";"B01";"1";"80";"0";"2";"7";"2";"3";""
"202400010744";"155762848";"A01";"1";"7";"0";"2";"3";"2";"1";""
"202400010745";"155762846";"A01";"2";"10";"13";"0";"2";"14";"1";""
"202400010746";"155762843";"D01";"2";"7";"0";"2";"1";"1";"1";""
"202400010746";"155762844";"A01";"2";"17";"1";"0";"1";"1";"1";""
"202400010747";"155762842";"A01";"2";"7";"1";"0";"2";"1";"1";""
"202400010748";"155762841";"A01";"2";"33";"13";"0";"0";"21";"1";""
"202400010749";"155762837";"A01";"2";"7";"0";"2";"1";"13";"1";""
"202400010749";"155762839";"B01";"1";"7";"0";"2";"1";"0";"1";""
"202400010750";"155762834";"C01";"0";"7";"4";"2";"4";"2";"1";""
"202400010750";"155762836";"A01";"3";"7";"4";"2";"1";"2";"1";""
"202400010750";"155762838";"B01";"0";"7";"4";"2";"4";"2";"1";""
"202400010750";"155762840";"D01";"0";"7";"4";"2";"4";"24";"1";""
"202400010751";"155762833";"B01";"1";"2";"0";"2";"2";"2";"0";""
"202400010751";"155762835";"A01";"1";"1";"0";"2";"6";"1";"5";""
"202400010752";"155762831";"A01";"3";"7";"0";"2";"3";"13";"0";""
"202400010752";"155762832";"B01";"0";"7";"0";"2";"1";"1";"0";""
"202400010753";"155762828";"A01";"3";"7";"0";"2";"1";"5";"1";""
"202400010753";"155762830";"B01";"0";"7";"0";"2";"1";"1";"2";""
"202400010754";"155762825";"C01";"3";"7";"0";"2";"3";"1";"1";""
"202400010754";"155762826";"B01";"3";"33";"0";"2";"2";"1";"1";""
"202400010755";"155762822";"B01";"2";"7";"0";"2";"3";"1";"1";""
"202400010755";"155762823";"C01";"2";"7";"14";"2";"1";"1";"1";""
"202400010755";"155762824";"A01";"1";"7";"14";"2";"3";"6";"3";""
"202400010756";"155762820";"B01";"1";"7";"0";"2";"3";"15";"1";""
"202400010756";"155762821";"A01";"1";"34";"0";"2";"2";"17";"1";""
"202400010757";"155762818";"B01";"2";"10";"0";"2";"2";"1";"1";""
"202400010757";"155762819";"A01";"2";"50";"0";"2";"1";"1";"3";""
"202400010758";"155762817";"A01";"3";"14";"0";"1";"0";"16";"1";""
"202400010759";"155762812";"B01";"2";"37";"0";"2";"3";"15";"1";"1"
"202400010759";"155762814";"A01";"1";"7";"0";"2";"3";"1";"1";""
"202400010760";"155762811";"A01";"3";"7";"0";"2";"1";"0";"1";""
"202400010760";"155762813";"B01";"3";"1";"0";"2";"4";"0";"5";""
"202400010761";"155762808";"A01";"2";"30";"0";"2";"1";"17";"1";""
"202400010761";"155762810";"B01";"2";"7";"0";"2";"3";"15";"1";""
"202400010762";"155762807";"B01";"1";"10";"0";"2";"1";"1";"1";""
"202400010762";"155762809";"A01";"2";"7";"0";"2";"2";"1";"1";""
"202400010763";"155762805";"A01";"3";"7";"0";"1";"0";"16";"1";""
"202400010764";"155762804";"B01";"1";"7";"0";"2";"4";"1";"0";""
"202400010764";"155762806";"A01";"1";"7";"0";"2";"1";"1";"1";""
"202400010765";"155762802";"A01";"2";"30";"1";"0";"1";"1";"1";""
"202400010765";"155762803";"C01";"3";"7";"1";"0";"0";"0";"1";""
"202400010766";"155762799";"A01";"2";"7";"0";"1";"0";"1";"1";""
"202400010767";"155762800";"A01";"2";"36";"0";"9";"2";"15";"1";""