"Num_Acc";"id_vehicule";"num_veh";"senc";"catv";"obs";"obsm";"choc";"manv";"motor";"occutc"
"202400010767";"155762801";"B01";"1";"1";"0";"9";"1";"1";"5";""
"202400010768";"155762797";"A01";"1";"7";"0";"1";"3";"1";"1";""
"202400010769";"155762796";"B01";"2";"7";"0";"2";"4";"2";"1";""
"202400010769";"155762798";"A01";"1";"10";"0";"2";"1";"2";"1";""
"202400010770";"155762795";"A01";"1";"3";"1";"0";"1";"1";"1";""
"202400010771";"155762793";"B01";"1";"7";"0";"2";"7";"2";"1";""
"202400010771";"155762794";"A01";"2";"1";"0";"2";"1";"19";"5";""
"202400010772";"155762792";"A01";"3";"37";"0";"0";"0";"23";"1";"3"
"202400010773";"155762791";"A01";"3";"33";"0";"0";"8";"16";"1";""
"202400010774";"155762789";"A01";"1";"7";"0";"2";"5";"20";"1";""
"202400010774";"155762790";"B01";"1";"37";"0";"2";"3";"1";"1";"2"
"202400010775";"155762787";"A01";"3";"7";"0";"2";"1";"1";"1";""
"202400010775";"155762788";"B01";"3";"7";"0";"2";"4";"23";"1";""
"202400010776";"155762785";"A01";"2";"50";"0";"2";"1";"1";"3";""
"202400010776";"155762786";"B01";"1";"7";"0";"2";"8";"1";"1";""
"202400010777";"155762783";"A01";"1";"7";"0";"2";"8";"15";"1";""
"202400010777";"155762784";"B01";"1";"32";"0";"2";"1";"0";"1";""
"202400010778";"155762780";"A01";"1";"7";"0";"2";"3";"15";"1";""
"202400010778";"155762781";"B01";"2";"33";"0";"2";"8";"2";"1";""
"202400010779";"155762778";"C01";"1";"7";"0";"2";"1";"23";"1";""
"202400010779";"155762779";"B01";"1";"7";"0";"2";"8";"1";"1";""
"202400010779";"155762782";"A01";"2";"10";"0";"2";"1";"19";"1";""
"202400010780";"155762776";"A01";"1";"33";"0";"2";"1";"1";"1";""
"202400010780";"155762777";"B01";"2";"7";"0";"2";"1";"15";"1";""
"202400010781";"155762772";"A01";"2";"7";"0";"2";"7";"15";"1";""
"202400010781";"155762774";"B01";"1";"7";"0";"2";"1";"1";"1";""
"202400010781";"155762775";"C01";"2";"7";"0";"2";"1";"1";"1";""
"202400010782";"155762771";"B01";"2";"7";"0";"2";"3";"15";"1";""
"202400010782";"155762773";"A01";"2";"1";"0";"2";"1";"17";"5";""
"202400010783";"155762768";"A01";"2";"7";"1";"2";"3";"1";"1";""
"202400010783";"155762770";"B01";"1";"80";"0";"2";"1";"1";"3";""
"202400010784";"155762767";"B01";"1";"7";"0";"2";"4";"2";"2";""
"202400010784";"155762769";"A01";"1";"10";"0";"2";"1";"2";"1";""
"202400010785";"155762764";"A01";"0";"7";"0";"2";"2";"1";"3";""
"202400010785";"155762765";"B01";"0";"7";"0";"2";"3";"1";"1";""
"202400010786";"155762761";"A01";"2";"7";"15";"0";"1";"1";"1";""
"202400010787";"155762762";"A01";"2";"10";"0";"2";"4";"4";"1";""
"202400010787";"155762763";"B01";"2";"31";"0";"2";"1";"1";"1";""
"202400010788";"155762760";"A01";"1";"80";"0";"1";"1";"1";"3";""
"202400010789";"155762758";"A01";"1";"7";"0";"2";"1";"15";"1";""
"202400010789";"155762759";"B01";"2";"33";"0";"2";"6";"1";"1";""
"202400010790";"155762755";"B01";"1";"7";"0";"2";"4";"1";"3";""
"202400010790";"155762757";"A01";"1";"33";"0";"2";"1";"1";"1";""
"202400010791";"155762754";"A01";"2";"7";"0";"2";"2";"1";"3";""
"202400010791";"155762756";"B01";"1";"7";"0";"2";"3";"1";"3";""
"202400010792";"155762752";"A01";"1";"7";"0";"2";"1";"13";"1";""
"202400010792";"155762753";"B01";"1";"7";"0";"2";"3";"2";"1";""
"202400010793";"155762751";"A01";"1";"7";"0";"1";"2";"1";"1";""
"202400010794";"155762749";"A01";"1";"7";"0";"2";"1";"26";"1";""
"202400010794";"155762750";"B01";"1";"7";"0";"2";"4";"23";"0";""
"202400010795";"155762747";"A01";"2";"7";"0";"2";"1";"1";"1";""
"202400010795";"155762748";"B01";"1";"7";"0";"2";"0";"0";"0";""
"202400010796";"155762744";"A01";"1";"7";"8";"2";"1";"1";"1";""
"202400010796";"155762746";"B01";"1";"7";"0";"2";"6";"1";"1";""
"202400010797";"155762743";"A01";"3";"7";"0";"2";"1";"16";"1";""
"202400010797";"155762745";"B01";"3";"50";"0";"2";"4";"1";"3";""
"202400010798";"155762742";"A01";"1";"7";"1";"1";"6";"4";"1";""
"202400010799";"155762740";"A01";"3";"7";"0";"2";"4";"23";"0";""
"202400010799";"155762741";"B01";"3";"7";"0";"2";"1";"2";"0";""
"202400010800";"155762738";"A01";"2";"7";"0";"2";"6";"20";"1";""
"202400010800";"155762739";"B01";"1";"32";"0";"2";"1";"1";"1";""
"202400010801";"155762736";"B01";"2";"31";"0";"2";"1";"17";"1";""
"202400010801";"155762737";"A01";"1";"7";"0";"2";"3";"15";"1";""
"202400010802";"155762734";"B01";"2";"10";"0";"2";"7";"23";"0";""
"202400010802";"155762735";"A01";"2";"7";"0";"2";"3";"3";"1";""
"202400010803";"155762732";"A01";"1";"32";"0";"2";"1";"9";"1";""
"202400010803";"155762733";"B01";"0";"7";"0";"0";"0";"0";"0";""
"202400010804";"155762731";"A01";"2";"10";"0";"1";"2";"1";"1";""
"202400010805";"155762729";"B01";"1";"43";"0";"2";"1";"1";"1";""
"202400010805";"155762730";"A01";"1";"7";"0";"0";"8";"26";"1";""
"202400010806";"155762727";"A01";"2";"7";"0";"0";"6";"23";"1";""
"202400010806";"155762728";"B01";"2";"34";"0";"2";"1";"3";"1";""
"202400010807";"155762726";"A01";"1";"7";"3";"0";"7";"1";"1";""
"202400010808";"155762725";"A01";"3";"7";"0";"0";"9";"1";"1";""
"202400010809";"155762724";"A01";"2";"7";"0";"0";"9";"0";"1";""
"202400010810";"155762723";"A01";"1";"7";"2";"0";"9";"14";"1";""
"202400010811";"155762721";"A01";"2";"7";"0";"2";"1";"13";"1";""
"202400010811";"155762722";"B01";"1";"7";"0";"2";"1";"1";"1";""
"202400010812";"155762719";"A01";"2";"31";"0";"2";"1";"5";"1";""
"202400010812";"155762720";"B01";"1";"7";"0";"2";"1";"1";"1";""
"202400010813";"155762717";"A01";"2";"7";"0";"2";"1";"1";"1";""
"202400010813";"155762718";"B01";"2";"7";"0";"0";"4";"1";"1";""
"202400010814";"155762715";"A01";"1";"10";"0";"2";"3";"15";"1";""
"202400010814";"155762716";"B01";"2";"7";"0";"2";"3";"1";"1";""
"202400010815";"155762713";"B01";"2";"7";"0";"2";"4";"2";"1";""
"202400010815";"155762714";"A01";"2";"0";"0";"2";"2";"0";"0";""
"202400010816";"155762712";"A01";"2";"7";"4";"0";"0";"1";"1";""
"202400010817";"155762711";"A01";"2";"7";"3";"0";"0";"1";"1";""
"202400010818";"155762709";"A01";"2";"7";"4";"2";"6";"23";"1";""
"202400010818";"155762710";"B01";"2";"7";"1";"2";"2";"1";"1";""
"202400010819";"155762708";"A01";"1";"7";"4";"0";"1";"16";"1";""
"202400010820";"155762706";"B01";"2";"15";"0";"2";"4";"2";"1";""
"202400010820";"155762707";"A01";"1";"10";"0";"2";"1";"2";"1";""
"202400010821";"155762704";"B01";"2";"7";"0";"2";"6";"12";"3";""
"202400010821";"155762705";"A01";"2";"31";"0";"2";"2";"12";"1";""
"202400010822";"155762702";"B01";"3";"7";"0";"2";"1";"1";"1";""
"202400010822";"155762703";"A01";"3";"34";"0";"2";"2";"1";"1";""
"202400010823";"155762701";"A01";"1";"7";"0";"1";"1";"26";"1";""
"202400010824";"155762699";"A01";"0";"7";"0";"2";"1";"5";" -1";""
"202400010824";"155762700";"B01";" -1";"7";"0";"2";"1";"1";" -1";""
"202400010825";"155762698";"A01";"1";"30";"0";"0";"7";"0";"1";""
"202400010826";"155762696";"A01";"2";"7";"0";"2";"3";"15";"2";""
"202400010826";"155762697";"B01";"2";"1";"0";"2";"1";"17";"5";""
"202400010827";"155762694";"A01";"1";"7";"0";"2";"1";"14";"1";""
"202400010827";"155762695";"B01";"1";"7";"0";"2";"4";"1";"1";""
"202400010828";"155762693";"A01";"1";"33";"0";"1";"1";"1";"1";""
"202400010829";"155762692";"A01";"1";"10";"1";"0";"1";"24";"1";""
"202400010830";"155762691";"A01";"2";"7";"1";"0";"2";"14";"1";""
"202400010831";"155762689";"A01";"0";"7";"0";"2";"1";"15";"1";""
"202400010831";"155762690";"B01";"0";"32";"0";"2";"8";"1";"1";""
"202400010832";"155762687";"A01";"1";"7";"0";"2";"1";"15";"2";""
"202400010832";"155762688";"B01";"2";"7";"0";"2";"3";"1";"2";""
"202400010833";"155762686";"A01";"1";"7";"0";"1";"2";"1";"1";""
"202400010834";"155762684";"A01";"1";"7";"0";"2";"1";"13";"1";""
"202400010834";"155762685";"B01";"2";"7";"0";"2";"1";"1";"1";""
"202400010835";"155762682";"B01";"1";"10";"0";"2";"7";"19";"1";""
"202400010835";"155762683";"A01";"2";"7";"0";"2";"1";"1";"1";""
"202400010836";"155762681";"A01";"2";"7";"2";"0";"7";"1";"1";""
"202400010837";"155762679";"A01";"0";"7";"0";"2";"1";"1";"1";""
"202400010837";"155762680";"B01";"3";"7";"7";"2";"1";"0";"1";""
"202400010838";"155762677";"A01";"1";"7";"0";"0";"6";"1";"1";""
"202400010838";"155762678";"B01";"1";"7";"0";"0";"1";"1";"1";""
"202400010839";"155762676";"A01";"2";"7";"0";"0";"9";"13";"1";""
"202400010840";"155762673";"A01";"2";"7";"0";"2";"3";"17";"1";""
"202400010840";"155762674";"B01";"1";"7";"0";"2";"3";"1";"1";""
"202400010841";"155762672";"A01";"3";"1";"0";"0";"0";"0";"5";""
"202400010842";"155762671";"A01";"1";"7";"2";"0";"3";"1";"0";""
"202400010843";"155762669";"A01";"1";"7";"0";"2";"3";"13";"1";""
"202400010843";"155762670";"B01";"2";"33";"0";"2";"3";"1";"1";""
"202400010844";"155762668";"A01";"1";"33";"2";"0";"9";"14";"1";""
"202400010845";"155762666";"A01";"1";"35";"0";"2";"8";"15";"1";""
"202400010845";"155762667";"B01";"1";"7";"0";"2";"2";"1";"1";""
"202400010846";"155762663";"A01";"2";"33";"1";"0";"1";"13";"1";""
"202400010847";"155762662";"A01";"2";"33";"0";"6";"1";"0";"1";""
"202400010848";"155762660";"A01";"2";"7";"0";"0";"0";"15";"1";""
"202400010848";"155762661";"B01";"1";"1";"9";"0";"1";"1";"5";""
"202400010849";"155762659";"A01";"1";"20";"13";"0";"7";"14";"1";""
"202400010850";"155762657";"A01";"1";"7";"0";"0";"4";"1";"2";""
"202400010850";"155762658";"B01";"1";"7";"0";"2";"1";"9";"1";""
"202400010851";"155762655";"A01";"3";"21";"0";"2";"3";"13";"1";""
"202400010851";"155762656";"B01";"3";"80";"0";"2";"3";"1";"2";""
"202400010852";"155762653";"A01";"3";"7";"0";"2";"1";"2";"1";""
"202400010852";"155762654";"B01";"3";"7";"0";"2";"4";"1";"1";""
"202400010853";"155762652";"A01";"2";"34";"0";"0";"9";"14";"1";""
"202400010854";"155762650";"A01";"0";"7";"0";"2";"3";"15";"1";""
"202400010854";"155762651";"B01";"0";"50";"0";"2";"8";"1";"3";""
"202400010855";"155762649";"A01";"1";"30";"0";"0";"0";"1";"1";""
"202400010856";"155762646";"B01";"1";"7";"0";"2";"6";"26";"1";""
"202400010856";"155762647";"A01";"2";"30";"0";"2";"1";" -1";"1";""
"202400010857";"155762644";"A01";"2";"7";"3";"2";"8";"5";"1";""
"202400010857";"155762645";"B01";"1";"7";"0";"2";"8";"1";"1";""
"202400010858";"155762642";"A01";"1";"7";"0";"2";"3";"15";"1";""
"202400010858";"155762643";"B01";"2";"33";"0";"2";"1";"1";"1";""
"202400010859";"155762641";"A01";"2";"7";"2";"0";"1";"14";"1";""
"202400010860";"155762639";"A01";"1";"33";"0";"2";"2";"3";"1";""
"202400010860";"155762640";"B01";"1";"7";"0";"2";"8";"15";"1";""
"202400010861";"155762638";"A01";"1";"10";"11";"0";"1";"2";"1";""
"202400010862";"155762636";"B01";"2";"43";"0";"2";"2";"1";"3";""
"202400010862";"155762637";"A01";"1";"7";"0";"2";"3";"19";"1";""
"202400010863";"155762635";"A01";"2";"33";"3";"0";"8";"13";"1";""
"202400010864";"155762633";"A01";"1";"33";"0";"2";"2";"1";"1";""
"202400010864";"155762634";"B01";"3";"7";"0";"2";"3";"26";"1";""
"202400010865";"155762631";"A01";"2";"15";"1";"0";"2";"2";"1";""
"202400010865";"155762632";"B01";"2";"7";"3";"0";"6";"24";"1";""
"202400010866";"155762628";"A01";"1";"7";"4";"0";"1";"1";"1";""
"202400010866";"155762629";"B01";"1";"7";"3";"2";"1";"1";"1";""
"202400010866";"155762630";"C01";"1";"7";"0";"9";"3";"1";"2";""
"202400010867";"155762627";"A01";"2";"33";"3";"0";"1";"0";"1";""
"202400010868";"155762624";"B01";"0";"7";"0";"2";"3";"1";"1";""
"202400010868";"155762625";"A01";"0";"10";"0";"2";"3";"1";"1";""
"202400010869";"155762623";"A01";"2";"7";"13";"0";"1";"1";"1";""
"202400010870";"155762620";"A01";"3";"7";"8";"0";"2";"1";"1";""
"202400010871";"155762618";"B01";"1";"7";"0";"2";"3";"5";"1";""
"202400010871";"155762619";"A01";"1";"33";"0";"2";"1";"5";"1";""
"202400010872";"155762617";"A01";"2";"7";"13";"0";"3";"13";"1";""
"202400010873";"155762615";"B01";"1";"1";"0";"2";"7";"2";"5";""
"202400010873";"155762616";"A01";"1";"7";"0";"2";"3";"9";"1";""
"202400010874";"155762612";"C01";"1";"10";"0";"0";"3";"15";"1";""
"202400010874";"155762613";"A01";"1";"36";"0";"2";"1";"1";"1";""
"202400010874";"155762614";"B01";"1";"7";"0";"0";"5";"19";"1";""
"202400010875";"155762610";"B01";"1";"7";"0";"2";"1";"1";"1";""
"202400010875";"155762611";"A01";"2";"7";"0";"2";"1";"13";"1";""
"202400010876";"155762608";"A01";"0";"10";"0";"2";"6";"1";"1";""
"202400010876";"155762609";"B01";"0";"33";"0";"2";"1";"9";"1";""
"202400010877";"155762606";"B01";"2";"14";"0";"2";"3";"1";"1";""
"202400010877";"155762607";"A01";"1";"7";"0";"2";"3";"13";"1";""
"202400010878";"155762604";"A01";"1";"7";"0";"2";"6";"10";"1";""
"202400010878";"155762605";"B01";"2";"7";"7";"2";"1";"1";"2";""
"202400010879";"155762600";"A01";"2";"7";"0";"2";"4";"2";"1";""
"202400010879";"155762601";"C01";"2";"7";"0";"2";"4";"1";"1";""
"202400010879";"155762602";"D01";"2";"7";"0";"2";"1";"1";"1";""
"202400010879";"155762603";"B01";"2";"7";"0";"2";"4";"2";"1";""
"202400010880";"155762596";"A01";"1";"7";"4";"2";"4";"11";"1";""
"202400010880";"155762598";"B01";"1";"7";"0";"2";"1";"26";"1";""
"202400010881";"155762597";"B01";"2";"7";"3";"2";"1";"1";"1";""
"202400010881";"155762599";"A01";"1";"10";"0";"2";"1";"13";"1";""
"202400010882";"155762593";"A01";"2";"7";"0";"2";"4";"11";"1";""
"202400010882";"155762595";"B01";"2";"7";"0";"2";"3";"1";"1";""
"202400010883";"155762594";"A01";"1";"33";"0";"0";"0";"0";"1";""
"202400010884";"155762592";"A01";"2";"7";"0";"2";"1";"1";"1";""
"202400010885";"155762589";"A01";"2";"7";"0";"2";"3";"11";"1";""
"202400010885";"155762591";"B01";"2";"33";"0";"2";"1";"3";"1";""
"202400010886";"155762588";"A01";"2";"10";"11";"2";"1";"15";"1";""
"202400010886";"155762590";"B01";"1";"7";"0";"0";"6";"1";"1";""
"202400010887";"155762585";"A01";"1";"7";"0";"2";"1";"1";"1";""
"202400010887";"155762586";"B01";"1";"7";"0";"2";"4";"1";"1";""
"202400010887";"155762587";"C01";"1";"7";"0";"2";"4";"1";"1";""
"202400010888";"155762583";"A01";"1";"33";"3";"0";"4";"18";"1";""
"202400010889";"155762582";"A01";"1";"7";"0";"2";"3";"15";"1";""
"202400010889";"155762584";"B01";"2";"7";"0";"2";"3";"1";"2";""
"202400010890";"155762580";"A01";"1";"7";"4";"2";"3";"1";"1";""
"202400010890";"155762581";"Z01";"1";"7";"0";"2";"2";"0";"0";""
"202400010891";"155762578";"A01";"1";"10";"0";"2";"8";"1";"1";""
"202400010891";"155762579";"B01";"1";"10";"0";"2";"2";"1";"1";""
"202400010892";"155762576";"A01";"2";"7";"0";"2";"1";"21";"0";""
"202400010892";"155762577";"B01";"2";"7";"0";"2";"4";"2";"0";""
"202400010893";"155762574";"A01";"3";"7";"13";"0";"3";"9";"1";""
"202400010894";"155762573";"A01";"2";"7";"0";"2";"7";"15";"1";""
"202400010894";"155762575";"B01";"2";"3";"0";"2";"2";"1";"1";""
"202400010895";"155762572";"A01";"1";"7";"14";"0";"0";"0";"1";""
"202400010896";"155762571";"A01";"1";"1";"0";"0";"0";"0";"5";""
"202400010897";"155762570";"A01";"1";"7";"0";"1";"3";"1";"3";""
"202400010898";"155762568";"B01";"1";"7";"0";"2";"4";"1";"1";""
"202400010898";"155762569";"A01";"1";"42";"0";"2";"1";"0";"1";""
"202400010899";"155762566";"A01";"2";"7";"8";"0";"0";"0";"1";""
"202400010900";"155762567";"A01";"0";"33";"0";"0";"8";"1";"1";""
"202400010901";"155762564";"A01";"2";"7";"0";"2";"7";"16";"1";""
"202400010901";"155762565";"B01";"2";"37";"0";"2";"1";"1";"1";"1"
"202400010902";"155762563";"A01";"3";"7";"0";"1";"1";"15";"1";""
"202400010903";"155762562";"A01";"3";"7";"0";"1";"1";"1";"1";""
"202400010904";"155762560";"A01";"0";"10";"0";"2";"1";"1";"1";""
"202400010904";"155762561";"B01";"0";"7";"0";"2";"8";"1";"1";""
"202400010905";"155762558";"A01";"2";"7";"0";"9";"1";"1";" -1";""
"202400010905";"155762559";"B01";"1";"1";"0";"0";"8";"1";"5";""
"202400010906";"155762557";"A01";"3";"7";"0";"1";"1";"0";"1";""
"202400010907";"155762556";"A01";"3";"10";"0";"1";"1";"1";"1";""
"202400010908";"155762554";"B01";"2";"10";"0";"2";"4";"1";" -1";""
"202400010908";"155762555";"A01";"2";"7";"0";"2";"1";"2";" -1";""
"202400010909";"155762550";"A01";"1";"10";"0";"9";"8";"2";"1";""
"202400010909";"155762552";"B01";"1";"1";"0";"0";"7";"2";"5";""
"202400010910";"155762551";"A01";"1";"7";"0";"9";"1";"13";"0";""
"202400010910";"155762553";"B01";"2";"50";"0";"2";"1";"26";"3";""
"202400010911";"155762549";"A01";"1";"7";"0";"1";"1";"1";"1";""
"202400010912";"155762548";"A01";"2";"7";"2";"0";"1";"0";"1";""
"202400010913";"155762546";"A01";"1";"7";"0";"2";"3";"15";"1";""
"202400010913";"155762547";"B01";"2";"2";"0";"2";"1";"1";"1";""
"202400010914";"155762545";"A01";"2";"7";"0";"1";"1";"15";"1";""
"202400010915";"155762542";"A01";"1";"2";"0";"2";"1";"2";"1";""
"202400010915";"155762543";"B01";"1";"2";"0";"2";"4";"2";"1";""
"202400010915";"155762544";"C01";"1";"7";"0";"2";"5";"2";"1";""
"202400010916";"155762541";"A01";"0";"7";"0";"1";"1";"0";"0";""
"202400010917";"155762538";"A01";"2";"7";"0";"1";"2";"1";"1";""
"202400010918";"155762539";"B01";"1";"50";"0";"2";"7";"1";"3";""
"202400010918";"155762540";"A01";"2";"7";"0";"2";"3";"1";"1";""
"202400010919";"155762536";"B01";"1";"2";"0";"2";"0";"0";"1";""
"202400010919";"155762537";"A01";"1";"7";"0";"2";"1";"1";"1";""
"202400010920";"155762533";"A01";"1";"30";"0";"2";"8";"1";"1";""
"202400010920";"155762535";"Z01";"1";"50";"0";"2";"1";"1";"3";""
"202400010921";"155762532";"A01";"3";"7";"0";"2";"2";"15";"1";""
"202400010921";"155762534";"B01";"3";"7";"9";"2";"1";"2";"2";""
"202400010922";"155762529";"B01";"2";"32";"0";"2";"3";"0";"1";""
"202400010922";"155762531";"A01";"2";"7";"0";"2";"2";"12";"1";""
"202400010923";"155762528";"A01";"3";"2";"14";"0";"1";"21";"1";""
"202400010923";"155762530";"B01";"3";"10";"0";"2";"4";"23";"1";""
"202400010924";"155762525";"B01";"1";"7";"0";"2";"1";"1";"1";""
"202400010924";"155762527";"A01";"2";"50";"0";"2";"7";"1";"3";""
"202400010925";"155762524";"B01";"1";"7";"0";"2";"3";"15";"1";""
"202400010925";"155762526";"A01";"1";"33";"0";"2";"2";"1";"1";""
"202400010926";"155762522";"A01";"1";"7";"0";"2";"1";"2";"1";""
"202400010926";"155762523";"B01";"1";"1";"0";"2";"1";"2";"5";""
"202400010927";"155762521";"A01";"3";"7";"0";"1";"1";"19";"1";""
"202400010928";"155762518";"A01";"3";"7";"0";"2";"6";"11";"1";""
"202400010928";"155762520";"B01";"2";"7";"0";"2";"2";"0";"1";""
"202400010929";"155762519";"A01";"3";"10";"0";"1";"1";"15";"1";""
"202400010930";"155762516";"A01";"1";"33";"0";"2";"1";"3";"1";""
"202400010930";"155762517";"B01";"2";"7";"0";"2";"3";"15";"1";""
"202400010931";"155762514";"A01";"1";"7";"0";"2";"8";"11";"1";""
"202400010931";"155762515";"B01";"2";"10";"0";"2";"1";"17";"1";""
"202400010932";"155762513";"A01";"2";"33";"0";"1";"1";"1";"1";""
"202400010933";"155762510";"A01";"1";"10";"0";"2";"6";"15";"1";""
"202400010933";"155762512";"B01";"1";"34";"0";"2";"2";"17";"1";""
"202400010934";"155762509";"B01";"1";"7";"2";"2";"6";"1";"1";""
"202400010934";"155762511";"A01";"1";"7";"0";"2";"2";"9";"2";""
"202400010935";"155762507";"Z01";"1";"10";"0";"2";"7";"1";"1";""
"202400010935";"155762508";"A01";"2";"7";"0";"2";"1";"16";"1";""
"202400010936";"155762503";"B01";"3";"7";"8";"0";"7";"1";"1";""
"202400010936";"155762505";"A01";"3";"7";"0";"2";"1";"26";"1";""
"202400010937";"155762504";"B01";"0";"50";"0";"0";"0";"0";"3";""
"202400010937";"155762506";"A01";"0";"7";"1";"0";"3";"0";"1";""
"202400010938";"155762499";"A01";"1";"7";"0";"2";"1";"1";"1";""
"202400010938";"155762501";"B01";"1";"1";"0";"2";"7";"19";"5";""
"202400010939";"155762500";"A01";"3";"7";"0";"2";"2";"1";"0";""
"202400010939";"155762502";"B01";"1";"2";"0";"2";"1";"1";"0";""
"202400010940";"155762497";"A01";"0";"32";"0";"2";"3";"13";"1";""
"202400010940";"155762498";"B01";"0";"7";"0";"2";"2";"1";"1";""
"202400010941";"155762496";"A01";"2";"7";"13";"0";"1";"13";"1";""
"202400010942";"155762494";"A01";"1";"7";"0";"2";"3";"23";"1";""
"202400010942";"155762495";"B01";"1";"31";"0";"2";"3";"1";"6";""
"202400010943";"155762493";"A01";"1";"7";"0";"1";"2";"1";"1";""
"202400010944";"155762491";"B01";"3";"50";"0";"2";"5";"23";"3";""
"202400010944";"155762492";"A01";"1";"1";"0";"2";"1";"9";"5";""
"202400010945";"155762487";"A01";"1";"7";"0";"2";"6";"1";"1";""
"202400010945";"155762490";"B01";"1";"50";"0";"2";"1";"1";"3";""
"202400010946";"155762486";"A01";"1";"7";"0";"0";"5";"23";"2";""
"202400010946";"155762488";"B01";"1";"7";"0";"0";"8";"23";"1";""
"202400010946";"155762489";"C01";"1";"7";"0";"0";"2";"3";"1";""
"202400010947";"155762483";"A01";"1";"7";"0";"1";"0";"1";"1";""
"202400010948";"155762481";"A01";"3";"31";"12";"2";"1";"1";"1";""
"202400010948";"155762482";"B01";"3";"7";"0";"2";"6";"1";"1";""
"202400010949";"155762478";"A01";"3";"7";"0";"2";"8";"1";"1";""
"202400010949";"155762480";"B01";"3";"30";"0";"2";"5";"1";"1";""
"202400010950";"155762474";"B01";"2";"7";"0";"2";"1";"15";"1";""
"202400010950";"155762476";"A01";"1";"7";"0";"2";"1";"13";"1";""
"202400010951";"155762473";"B01";"1";"50";"0";"2";"7";"1";"3";""
"202400010951";"155762475";"A01";"3";"7";"0";"2";"1";"15";"1";""
"202400010952";"155762470";"B01";"1";"1";"0";"2";"3";"19";"5";""
"202400010952";"155762472";"Z01";"2";"7";"0";"2";"2";"15";"1";""
"202400010953";"155762468";"B01";"1";"33";"0";"2";"1";"1";"1";""
"202400010953";"155762469";"A01";"2";"7";"0";"2";"3";"10";"2";""
"202400010954";"155762467";"A01";"1";"7";"0";"2";"1";"9";"1";""
"202400010954";"155762471";"B01";"2";"7";"0";"2";"1";"1";"1";""
"202400010955";"155762465";"A01";"1";"7";"0";"2";"1";"1";"1";""
"202400010955";"155762466";"B01";"1";"33";"0";"2";"4";"23";"1";""
"202400010956";"155762461";"A01";"3";"7";"16";"0";"3";"15";"0";""
"202400010956";"155762464";"B01";"3";"31";"0";"2";"2";"21";"1";""
"202400010957";"155762462";"A01";"0";"13";"0";"2";"1";"1";"1";""
"202400010957";"155762463";"B01";"0";"7";"0";"2";"4";"1";"1";""
"202400010958";"155762458";"B01";"2";"7";"0";"2";"1";"0";"1";""
"202400010958";"155762460";"A01";"1";"7";"0";"2";"8";"26";"1";""
"202400010959";"155762457";"A01";"2";"10";"0";"2";"1";"1";"1";""
"202400010959";"155762459";"B01";"2";"7";"0";"2";"4";"23";"2";""
"202400010960";"155762455";"A01";"1";"1";"14";"2";"3";"26";"5";""
"202400010960";"155762456";"B01";"1";"10";"0";"0";"6";"0";"1";""
"202400010961";"155762452";"A01";"1";"7";"0";"2";"1";"11";"1";""
"202400010961";"155762454";"B01";"2";"7";"0";"2";"1";"1";"1";""
"202400010962";"155762453";"A01";"2";"7";"0";"1";"2";"1";"3";""
"202400010963";"155762449";"B01";"2";"7";"0";"2";"4";"1";"1";""
"202400010963";"155762451";"A01";"2";"7";"0";"2";"1";"1";"1";""
"202400010964";"155762450";"Y01";"1";"7";"0";"1";"3";"26";"4";""
"202400010965";"155762448";"A01";"1";"7";"8";"0";"1";"5";"1";""
"202400010966";"155762443";"A01";"3";"7";"14";"0";"1";"2";"1";""
"202400010966";"155762445";"B01";"2";"7";"14";"2";"4";"2";"1";""
"202400010966";"155762447";"C01";"2";"7";"0";"2";"1";"2";"1";""
"202400010967";"155762444";"B01";"1";"7";"0";"5";"4";"2";"1";""
"202400010967";"155762446";"A01";"1";"7";"0";"2";"1";"2";"1";""
"202400010968";"155762439";"B01";"1";"7";"0";"2";"4";"0";"1";""
"202400010968";"155762442";"A01";"2";"7";"0";"2";"2";"11";"1";""
"202400010969";"155762440";"A01";"1";"7";"0";"2";"2";"15";"1";""
"202400010969";"155762441";"B01";"2";"1";"0";"2";"1";"1";"5";""
"202400010970";"155762435";"B01";"3";"50";"0";"2";"0";"0";"3";""
"202400010970";"155762438";"A01";"3";"7";"0";"9";"2";"19";"1";""
"202400010971";"155762434";"C01";"1";"7";"1";"0";"6";"24";"1";""
"202400010971";"155762436";"A01";"1";"7";"0";"2";"3";"1";"1";""
"202400010971";"155762437";"B01";"1";"10";"1";"0";"6";"15";"1";""
"202400010972";"155762431";"A01";"3";"3";"0";"2";"2";"1";"1";""
"202400010972";"155762432";"B01";"3";"7";"0";"2";"3";"1";"1";""
"202400010973";"155762430";"B01";"3";"7";"0";"2";"1";"15";"1";""
"202400010973";"155762433";"A01";"3";"7";"0";"2";"7";"1";"1";""
"202400010974";"155762429";"A01";"1";"7";"3";"0";"1";"1";"1";""
"202400010975";"155762427";"A01";"3";"7";"6";"0";"1";"0";"3";""
"202400010976";"155762426";"A01";"2";"1";"0";"2";"7";"1";"5";""
"202400010976";"155762428";"B01";"1";"7";"0";"2";"1";"1";"0";""
"202400010977";"155762421";"A01";"3";"7";"0";"2";"1";"15";"1";""
"202400010977";"155762424";"B01";"3";"7";"0";"2";"3";"1";"1";""
"202400010978";"155762418";"B01";"1";"7";"0";"2";"1";"1";"1";""
"202400010978";"155762420";"A01";"2";"7";"0";"2";"1";"13";"1";""
"202400010979";"155762417";"B01";"3";"1";"0";"2";"7";"1";"5";""