"Num_Acc";"id_vehicule";"num_veh";"senc";"catv";"obs";"obsm";"choc";"manv";"motor";"occutc"
"202400010979";"155762419";"A01";"3";"7";"0";"2";"1";"9";"3";""
"202400010980";"155762416";"A01";"3";"7";"0";"1";"1";"1";"1";""
"202400010981";"155762412";"B01";"2";"1";"0";"2";"1";"1";"5";""
"202400010981";"155762413";"A01";"1";"7";"0";"2";"2";"1";"1";""
"202400010982";"155762414";"A01";"3";"7";"0";"2";"1";"9";"1";""
"202400010982";"155762415";"B01";"3";"1";"0";"2";"7";"1";"5";""
"202400010983";"155762410";"A01";"1";"34";"0";"2";"0";"17";"1";""
"202400010983";"155762411";"B01";"1";"7";"0";"2";"6";"1";"1";""
"202400010984";"155762409";"A01";"3";"3";"0";"1";"2";"1";"3";""
"202400010985";"155762408";"Z01";"2";"7";"0";"1";"0";"19";"0";""
"202400010986";"155762405";"A01";"1";"30";"0";"1";"3";"25";"1";""
"202400010987";"155762404";"B01";"1";"7";"0";"2";"8";"23";"1";""
"202400010987";"155762406";"C01";"1";"7";"0";"2";"8";"23";"1";""
"202400010987";"155762407";"A01";"2";"7";"0";"1";"2";"16";"1";""
"202400010988";"155762402";"A01";"2";"7";"0";"1";"1";"1";"1";""
"202400010989";"155762401";"A01";"0";"7";"0";"2";"8";"15";"1";""
"202400010989";"155762403";"B01";"2";"33";"0";"2";"1";"2";"1";""
"202400010990";"155762399";"A01";"2";"7";"0";"2";"1";"15";"1";""
"202400010990";"155762400";"B01";"1";"7";"0";"2";"7";"1";"1";""
"202400010991";"155762398";"A01";"0";"32";"0";"0";"7";"14";"1";""
"202400010992";"155762397";"A01";"3";"33";"12";"0";"1";"1";"1";""
"202400010993";"155762396";"A01";"2";"7";"13";"0";"9";"1";"1";""
"202400010994";"155762393";"A01";"0";"7";"0";"2";"2";"26";"1";""
"202400010994";"155762395";"B01";"3";"7";"0";"2";"3";"26";"1";""
"202400010995";"155762392";"A01";"3";"7";"0";"2";"1";"2";"1";""
"202400010995";"155762394";"B01";"3";"7";"0";"2";"4";"2";"2";""
"202400010996";"155762390";"A01";"3";"7";"0";"1";"1";"1";"1";""
"202400010997";"155762391";"A01";"1";"7";"1";"0";"2";"17";"1";""
"202400010998";"155762387";"B01";"1";"7";"0";"2";"8";"1";"1";""
"202400010998";"155762389";"A01";"1";"7";"0";"2";"8";"1";"1";""
"202400010999";"155762388";"Z01";"1";"10";"0";"1";"1";"0";"0";""
"202400011000";"155762386";"A01";"3";"37";"0";"1";"2";"1";"1";"1"
"202400011001";"155762383";"A01";"1";"7";"0";"2";"1";"2";"1";""
"202400011001";"155762385";"B01";"1";"7";"0";"2";"4";"2";"2";""
"202400011002";"155762382";"A01";"1";"7";"0";"2";"5";"15";"1";""
"202400011002";"155762384";"B01";"2";"32";"0";"2";"1";"1";"1";""
"202400011003";"155762380";"A01";"3";"7";"0";"1";"1";"0";"1";""
"202400011004";"155762379";"A01";"1";"7";"0";"2";"1";"15";"1";""
"202400011004";"155762381";"B01";"2";"7";"0";"2";"1";"1";"1";""
"202400011005";"155762378";"A01";"3";"7";"0";"1";"4";"20";"1";""
"202400011006";"155762376";"A01";"1";"30";"0";"2";"1";"13";"1";""
"202400011006";"155762377";"B01";"1";"7";"1";"2";"6";"0";"1";""
"202400011007";"155762374";"A01";"1";"10";"0";"2";"2";"11";"1";""
"202400011007";"155762375";"B01";"2";"7";"0";"2";"3";"1";"1";""
"202400011008";"155762373";"A01";"0";"7";"0";"1";"2";"1";"1";""
"202400011009";"155762371";"A01";"1";"10";"0";"9";"1";"15";"1";""
"202400011009";"155762372";"B01";"2";"1";"0";"2";"1";"1";"5";""
"202400011010";"155762368";"A01";"3";"7";"0";"2";"8";"15";"1";""
"202400011010";"155762370";"B01";"3";"10";"0";"2";"2";"1";"1";""
"202400011011";"155762367";"B01";"1";"33";"0";"2";"1";"2";"1";""
"202400011011";"155762369";"A01";"1";"7";"0";"2";"3";"11";"1";""
"202400011012";"155762365";"A01";"1";"10";"0";"0";"7";"1";"3";""
"202400011012";"155762366";"B01";"0";"7";"0";"2";"5";"24";"1";""
"202400011013";"155762363";"A01";"3";"10";"0";"2";"3";"15";"1";""
"202400011013";"155762364";"B01";"3";"33";"0";"2";"1";"1";"1";""
"202400011014";"155762362";"A01";"1";"7";"0";"1";"1";"1";"3";""
"202400011015";"155762361";"A01";"2";"7";"0";"1";"4";"4";"1";""
"202400011016";"155762359";"A01";"2";"32";"0";"2";"2";"17";"1";""
"202400011016";"155762360";"B01";"2";"7";"0";"2";"6";"1";"1";""
"202400011017";"155762357";"A01";"1";"7";"0";"2";"5";"14";"1";""
"202400011017";"155762358";"B01";"1";"33";"0";"2";"1";"3";"1";""
"202400011018";"155762355";"A01";"1";"1";"0";"2";"7";"1";"5";""
"202400011018";"155762356";"Z01";"1";"7";"0";"2";"1";"1";"3";""
"202400011019";"155762353";"B01";"2";"33";"0";"2";"5";"1";"1";""
"202400011019";"155762354";"A01";"2";"10";"0";"2";"3";"11";"1";""
"202400011020";"155762350";"A01";"1";"7";"0";"2";"1";"1";"1";""
"202400011020";"155762352";"B01";"1";"10";"0";"2";"7";"1";"1";""
"202400011021";"155762349";"A01";"1";"7";"0";"2";"6";"11";"1";""
"202400011021";"155762351";"B01";"1";"33";"0";"2";"2";"1";"1";""
"202400011022";"155762348";"A01";"1";"1";"0";"1";"1";"1";"5";""
"202400011023";"155762347";"A01";"2";"50";"1";"0";"1";"26";"3";""
"202400011024";"155762343";"A01";"2";"7";"0";"2";"3";"15";"2";""
"202400011024";"155762345";"B01";"3";"33";"0";"2";"2";"2";"1";""
"202400011025";"155762344";"A01";"2";"7";"0";"2";"8";"24";"1";""
"202400011025";"155762346";"B01";"2";"1";"1";"0";"1";"1";"5";""
"202400011026";"155762342";"A01";"1";"37";"0";"1";"8";"1";"3";"1"
"202400011027";"155762340";"A01";"1";"7";"0";"2";"4";"12";"1";""
"202400011027";"155762341";"B01";"1";"7";"0";"2";"1";"7";"0";""
"202400011028";"155762338";"Z01";"3";"13";"0";"0";"8";"26";"0";""
"202400011028";"155762339";"A01";"1";"32";"0";"2";"7";"1";"1";""
"202400011029";"155762334";"B01";"2";"30";"14";"2";"1";"1";"3";""
"202400011029";"155762336";"A01";"1";"7";"15";"2";"1";"13";"2";""
"202400011030";"155762333";"B01";"3";"7";"0";"2";"3";"15";"1";""
"202400011030";"155762335";"A01";"3";"7";"8";"0";"1";"17";"2";""
"202400011031";"155762330";"A01";"1";"7";"0";"2";"2";"10";"0";""
"202400011031";"155762332";"B01";"2";"50";"0";"2";"3";"1";"3";""
"202400011032";"155762329";"A01";"1";"1";"0";"2";"2";"17";"5";""
"202400011032";"155762331";"B01";"1";"80";"0";"2";"6";"15";"3";""
"202400011033";"155762326";"B01";"3";"50";"0";"2";"8";"1";"3";""
"202400011033";"155762328";"A01";"3";"7";"0";"2";"1";"9";"1";""
"202400011034";"155762325";"A01";"2";"7";"1";"2";"1";"1";"1";""
"202400011034";"155762327";"B01";"1";"7";"0";"2";"2";"1";"3";""
"202400011035";"155762323";"A01";"1";"33";"0";"2";"7";"1";"1";""
"202400011035";"155762324";"Z01";"3";"10";"0";"2";"6";"13";"0";""
"202400011036";"155762322";"A01";"3";"7";"12";"0";"0";"14";"0";""
"202400011037";"155762318";"A01";"3";"7";"0";"2";"1";"2";"1";""
"202400011037";"155762320";"C01";"3";"10";"0";"0";"4";"0";"1";""
"202400011037";"155762321";"B01";"3";"7";"0";"2";"4";"1";"2";""
"202400011038";"155762317";"A01";"1";"7";"0";"2";"3";"15";"1";""
"202400011038";"155762319";"B01";"1";"33";"0";"2";"2";"17";"1";""
"202400011039";"155762313";"A01";"1";"7";"0";"2";"8";"22";"1";""
"202400011039";"155762315";"B01";"1";"43";"0";"2";"1";"1";"1";""
"202400011040";"155762314";"A01";"3";"33";"0";"2";"4";"1";"1";""
"202400011040";"155762316";"B01";"3";"7";"0";"2";"1";"1";"1";""
"202400011041";"155762310";"A01";"2";"60";"1";"0";"7";"1";"5";""
"202400011041";"155762312";"B01";"3";"10";"0";"0";"8";"24";"1";""
"202400011042";"155762309";"B01";"2";"7";"1";"2";"2";"1";"1";""
"202400011042";"155762311";"A01";"1";"7";"12";"0";"5";"19";"1";""
"202400011043";"155762306";"B01";"3";"10";"0";"2";"1";"2";"0";""
"202400011043";"155762307";"A01";"3";"7";"0";"2";"4";"1";"1";""
"202400011044";"155762305";"A01";"2";"33";"0";"2";"5";"1";"1";""
"202400011044";"155762308";"Z01";"2";"10";"0";"2";"5";"11";"0";""
"202400011045";"155762304";"A01";"0";"50";"9";"0";"1";"0";"3";""
"202400011046";"155762302";"A01";"1";"31";"0";"2";"2";"15";"1";""
"202400011046";"155762303";"B01";"2";"1";"0";"2";"8";"1";"5";""
"202400011047";"155762299";"A01";"1";"7";"0";"2";"1";"1";"1";""
"202400011047";"155762301";"B01";"1";"7";"0";"2";"4";"1";"1";""
"202400011048";"155762300";"A01";"1";"7";"0";"1";"4";"20";"2";""
"202400011049";"155762297";"A01";"1";"7";"2";"0";"1";"1";"1";""
"202400011050";"155762296";"B01";"1";"33";"0";"2";"8";"1";"1";""
"202400011050";"155762298";"A01";"1";"7";"0";"2";"3";"1";"1";""
"202400011051";"155762295";"A01";"1";"7";"6";"0";"1";"13";"0";""
"202400011052";"155762294";"Y01";"1";"1";"0";"2";"5";"21";"5";""
"202400011053";"155762292";"A01";"1";"7";"0";"2";"3";"24";"1";""
"202400011053";"155762293";"B01";"1";"1";"1";"0";"0";"0";"5";""
"202400011054";"155762290";"B01";"1";"7";"0";"0";"1";"1";"1";""
"202400011054";"155762291";"A01";"1";"7";"8";"0";"4";"2";"1";""
"202400011055";"155762289";"A01";"1";"10";"2";"0";"1";"1";"1";""
"202400011056";"155762288";"A01";"3";"33";"0";"0";"9";"1";"1";""
"202400011057";"155762286";"B01";"3";"7";"0";"2";"8";"15";"0";""
"202400011057";"155762287";"A01";"3";"2";"0";"2";"1";"26";"1";""
"202400011058";"155762284";"A01";"1";"7";"0";"2";"8";"9";"1";""
"202400011058";"155762285";"B01";"1";"7";"0";"2";"1";"1";"1";""
"202400011059";"155762282";"C01";"0";"50";"0";"2";"0";"19";"3";""
"202400011059";"155762283";"A01";"3";"7";"0";"2";"1";"2";"2";""
"202400011060";"155762281";"A01";"1";"7";"2";"0";"3";"1";"1";""
"202400011061";"155762280";"A01";"3";"37";"0";"1";"2";"1";"1";"1"
"202400011062";"155762278";"B01";"1";"2";"0";"2";"1";"1";"1";""
"202400011062";"155762279";"A01";"2";"7";"0";"2";"3";"15";"1";""
"202400011063";"155762276";"B01";"2";"7";"0";"2";"4";"1";"1";""
"202400011063";"155762277";"A01";"2";"33";"0";"2";"1";"1";"1";""
"202400011064";"155762275";"A01";"0";"7";"2";"0";"1";"1";"1";""
"202400011065";"155762274";"A01";"0";"7";"0";"1";"1";"1";"2";""
"202400011066";"155762272";"B01";"2";"50";"0";"2";"7";"25";"3";""
"202400011066";"155762273";"A01";"2";"7";"0";"9";"1";"16";"1";""
"202400011067";"155762269";"B01";"1";"1";"0";"2";"4";"1";"5";""
"202400011067";"155762271";"A01";"1";"7";"0";"2";"8";"19";"2";""
"202400011068";"155762268";"B01";"1";"7";"13";"2";"2";"2";"1";""
"202400011068";"155762270";"A01";"2";"7";"8";"2";"1";"9";"1";""
"202400011069";"155762267";"A01";"1";"60";"0";"0";"2";"25";"5";""
"202400011070";"155762265";"A01";"2";"7";"0";"2";"3";"15";"1";""
"202400011070";"155762266";"B01";"2";"33";"0";"2";"1";"11";"1";""
"202400011071";"155762263";"B01";"0";"1";"0";"2";"2";"0";"5";""
"202400011071";"155762264";"A01";"1";"7";"0";"2";"2";"2";"1";""
"202400011072";"155762261";"A01";"3";"33";"0";"2";"7";"21";"1";""
"202400011073";"155762260";"A01";"2";"2";"0";"2";"1";"1";"1";""
"202400011073";"155762262";"B01";"2";"7";"0";"2";"3";"15";"1";""
"202400011074";"155762258";"A01";"3";"7";"0";"1";"1";"2";"1";""
"202400011075";"155762257";"B01";"3";"2";"1";"2";"1";"1";"3";""
"202400011075";"155762259";"A01";"3";"7";"0";"9";"2";"20";"2";""
"202400011076";"155762254";"A01";"2";"2";"0";"2";"1";"13";"1";""
"202400011076";"155762256";"B01";"1";"7";"0";"0";"1";"1";"1";""
"202400011077";"155762253";"B01";"3";"50";"0";"2";"8";"1";"3";""
"202400011077";"155762255";"A01";"3";"7";"0";"9";"7";"1";"1";""
"202400011078";"155762250";"A01";"1";"7";"0";"2";"1";"1";"1";""
"202400011078";"155762252";"B01";"1";"7";"0";"2";"8";"9";"0";""
"202400011079";"155762249";"A01";"1";"7";"0";"2";"3";"9";"1";""
"202400011079";"155762251";"B01";"2";"7";"0";"2";"2";"1";"4";""
"202400011080";"155762247";"A01";"1";"33";"0";"0";"9";"1";"1";""
"202400011081";"155762246";"B01";"3";"7";"0";"2";"3";"0";"1";""
"202400011081";"155762248";"A01";"3";"7";"0";"2";"3";"0";"1";""
"202400011082";"155762245";"A01";"2";"21";"0";"1";"1";"1";"0";""
"202400011083";"155762244";"A01";"3";"7";"2";"0";"9";"2";"4";""
"202400011084";"155762242";"A01";"3";"7";"0";"0";"9";"14";"1";""
"202400011085";"155762241";"A01";"2";"33";"0";"2";"2";"2";"3";""
"202400011085";"155762243";"B01";"2";"7";"0";"2";"8";"15";"1";""
"202400011086";"155762238";"A01";"1";"10";"0";"2";"3";"15";"1";""
"202400011086";"155762240";"B01";"1";"7";"0";"2";"2";"1";"1";""
"202400011087";"155762237";"A01";"2";"7";"0";"2";"1";"19";"1";""
"202400011087";"155762239";"B01";"1";"7";"0";"2";"1";"1";"1";""
"202400011088";"155762236";"A01";"1";"7";"6";"0";"8";"1";"1";""
"202400011089";"155762232";"A01";"2";"7";"13";"0";"6";"1";"1";""
"202400011089";"155762234";"B01";"2";"7";"0";"0";"9";"23";"1";""
"202400011089";"155762235";"C01";"1";"33";"0";"0";"8";"1";"1";""
"202400011090";"155762233";"A01";"1";"10";"1";"0";"3";"1";"1";""
"202400011091";"155762226";"A01";"1";"7";"0";"2";"1";"13";"1";""
"202400011091";"155762228";"B01";"1";"7";"0";"0";"8";"1";"1";""
"202400011091";"155762229";"C01";"1";"7";"0";"2";"3";"1";"1";""
"202400011091";"155762231";"D01";"1";"7";"0";"9";"1";"1";"1";""
"202400011092";"155762224";"A01";"1";"7";"0";"2";"3";"13";"1";""
"202400011092";"155762225";"B01";"2";"7";"0";"2";"3";"1";"1";""
"202400011092";"155762227";"C01";"2";"7";"0";"2";"3";"1";"1";""
"202400011093";"155762221";"A01";"3";"31";"0";"1";"1";"1";"0";""
"202400011093";"155762223";"B01";"3";"7";"0";"2";"6";"15";"1";""
"202400011094";"155762220";"B01";"2";"17";"0";"0";"4";"2";"1";""
"202400011094";"155762222";"A01";"2";"7";"0";"2";"1";"2";"1";""
"202400011095";"155762217";"A01";"3";"50";"0";"2";"3";"25";"3";""
"202400011095";"155762219";"B01";"3";"7";"0";"2";"2";"23";"3";""
"202400011096";"155762216";"A01";"1";"7";"0";"2";"1";"2";"1";""
"202400011096";"155762218";"B01";"1";"7";"0";"0";"4";"26";"1";""
"202400011097";"155762215";"A01";"1";"7";"13";"0";"7";"14";"1";""
"202400011098";"155762213";"A01";"1";"7";"0";"2";"6";"15";"1";""
"202400011098";"155762214";"B01";"2";"7";"0";"2";"1";"1";"1";""
"202400011099";"155762211";"A01";"1";"33";"0";"2";"1";"17";"1";""
"202400011099";"155762212";"B01";"1";"30";"0";"2";"4";"9";"1";""
"202400011100";"155762209";"A01";"1";"36";"0";"2";"2";"5";"1";""
"202400011100";"155762210";"B01";"1";"2";"0";"2";"1";"1";"1";""
"202400011101";"155762207";"A01";"1";"7";"4";"2";"3";"14";"1";""
"202400011101";"155762208";"B01";"1";"7";"0";"2";"3";"1";"1";""
"202400011102";"155762206";"A01";"2";"7";"2";"0";"8";"1";"1";""
"202400011103";"155762204";"B01";"1";"7";"0";"2";"1";"1";"1";""
"202400011103";"155762205";"A01";"2";"10";"0";"2";"1";"1";"1";""
"202400011104";"155762203";"A01";"1";"7";"2";"0";"1";"14";"1";""
"202400011105";"155762200";"A01";"2";"7";"0";"2";"1";"9";"1";""
"202400011105";"155762202";"B01";"1";"1";"0";"2";"2";"15";"5";""
"202400011106";"155762199";"B01";"1";"7";"0";"0";"3";"1";"1";""
"202400011106";"155762201";"A01";"2";"7";"0";"0";"1";"1";"1";""
"202400011107";"155762195";"B01";"3";"7";"0";"0";"8";"0";"1";""
"202400011107";"155762198";"A01";"1";"7";"0";"2";"1";"0";"1";""
"202400011108";"155762194";"C01";"1";"7";"0";"2";"3";"19";"1";""
"202400011108";"155762196";"B01";"2";"7";"0";"2";"1";"1";"1";""
"202400011108";"155762197";"A01";"1";"7";"0";"2";"1";"1";"1";""
"202400011109";"155762193";"A01";"2";"7";"3";"0";"1";"1";"1";""
"202400011110";"155762191";"A01";"1";"7";"0";"2";"1";"13";"1";""
"202400011110";"155762192";"B01";"2";"7";"0";"2";"1";"1";"1";""
"202400011111";"155762189";"A01";"2";"7";"0";"2";"1";"1";"3";""
"202400011111";"155762190";"B01";"1";"7";"0";"2";"3";"1";"1";""
"202400011112";"155762187";"A01";"2";"7";"0";"2";"5";"10";"1";""
"202400011112";"155762188";"B01";"2";"10";"0";"2";"1";"1";"1";""
"202400011113";"155762182";"A01";"1";"7";"0";"2";"2";"15";"1";""
"202400011113";"155762184";"B01";"1";"30";"0";"2";"1";"1";"1";""
"202400011114";"155762181";"D01";"1";"7";"0";"0";"4";"1";"1";""
"202400011114";"155762183";"C01";"1";"7";"0";"2";"4";"1";"1";""
"202400011114";"155762185";"A01";"1";"7";"0";"2";"1";"1";"1";""
"202400011114";"155762186";"B01";"1";"7";"0";"2";"4";"1";"2";""
"202400011115";"155762179";"A01";"2";"7";"13";"0";"2";"14";"1";""
"202400011116";"155762178";"B01";"2";"7";"0";"2";"1";"1";"1";""
"202400011116";"155762180";"A01";"1";"7";"0";"2";"1";"1";"1";""
"202400011117";"155762174";"B01";"2";"7";"0";"2";"1";"1";"1";""
"202400011117";"155762177";"A01";"1";"7";"0";"2";"1";"15";"1";""
"202400011118";"155762172";"B01";"1";"7";"0";"2";"1";"0";"1";""
"202400011118";"155762173";"A01";"2";"32";"0";"2";"1";"0";"1";""
"202400011119";"155762168";"A01";"1";"7";"0";"2";"3";"9";"1";""
"202400011119";"155762170";"B01";"1";"50";"0";"2";"2";"15";"3";""
"202400011120";"155762166";"A01";"1";"33";"0";"0";"0";"1";"1";""
"202400011121";"155762163";"A01";"2";"7";"0";"2";"3";"13";"1";""
"202400011121";"155762165";"B01";"1";"15";"0";"0";"7";"1";"1";""
"202400011122";"155762162";"A01";"2";"7";"0";"2";"5";"15";"1";""
"202400011122";"155762164";"B01";"1";"2";"0";"2";"1";"1";"1";""
"202400011123";"155762160";"A01";"1";"10";"2";"0";"8";"1";"1";""
"202400011124";"155762159";"A01";"1";"7";"0";"2";"8";"1";"1";""
"202400011124";"155762161";"B01";"2";"7";"0";"2";"8";"15";"2";""
"202400011125";"155762158";"A01";"2";"7";"13";"0";"2";"14";"1";""
"202400011126";"155762157";"A01";"1";"7";"1";"0";"2";"1";"1";""
"202400011127";"155762155";"A01";"2";"7";"1";"0";"1";"1";"1";""
"202400011127";"155762156";"B01";"1";"7";"0";"1";"2";"23";"1";""
"202400011128";"155762154";"A01";"3";"2";"0";"0";"1";"1";"1";""
"202400011129";"155762153";"A01";"1";"1";"0";"0";"0";"0";"5";""
"202400011130";"155762152";"A01";"1";"1";"0";"0";"0";"1";"5";""
"202400011131";"155762149";"B01";"3";"99";"0";"0";"4";"2";"6";""
"202400011131";"155762150";"C01";"3";"99";"0";"0";"4";"2";"6";""
"202400011131";"155762151";"A01";"3";"10";"0";"5";"2";"2";"1";""
"202400011132";"155762148";"A01";"3";"7";"6";"0";"1";"1";"1";""
"202400011133";"155762147";"A01";"1";"7";"0";"0";"0";"2";"0";""
"202400011134";"155762146";"A01";"2";"7";"17";"0";"8";"1";"1";""
"202400011135";"155762144";"B01";"2";"33";"0";"2";"1";"0";"1";""
"202400011135";"155762145";"A01";"2";"7";"13";"2";"1";"26";"1";""
"202400011136";"155762143";"A01";"1";"10";"0";"1";"2";"1";"0";""
"202400011137";"155762141";"A01";"2";"7";"0";"2";"1";"2";"1";""
"202400011137";"155762142";"B01";"2";"7";"0";"2";"4";"2";"1";""
"202400011138";"155762140";"A01";"3";"7";"0";"0";"0";"2";"1";""
"202400011139";"155762138";"A01";"2";"34";"0";"2";"1";"11";"1";""
"202400011139";"155762139";"B01";"2";"7";"0";"2";"6";"0";"1";""
"202400011140";"155762136";"A01";"2";"7";"3";"0";"3";"0";"1";""
"202400011141";"155762135";"A01";"1";"7";"0";"2";"3";"19";"1";""
"202400011141";"155762137";"B01";"1";"10";"0";"2";"1";"1";"1";""
"202400011142";"155762132";"A01";"2";"33";"0";"2";"3";"2";"1";""
"202400011142";"155762134";"B01";"2";"7";"0";"2";"2";"2";"1";""
"202400011143";"155762131";"A01";"1";"7";"0";"2";"1";"9";"1";""
"202400011143";"155762133";"B01";"2";"33";"8";"2";"8";"1";"1";""
"202400011144";"155762129";"A01";"2";"7";"0";"2";"7";"0";"1";""
"202400011144";"155762130";"B01";"2";"7";"0";"2";"6";"1";"1";""
"202400011145";"155762126";"A01";"1";"13";"0";"2";"1";"13";"1";""
"202400011145";"155762127";"B01";"2";"7";"0";"2";"8";"1";"1";""
"202400011145";"155762128";"C01";"2";"10";"0";"2";"8";"1";"1";""
"202400011146";"155762124";"A01";"1";"7";"0";"2";"4";"0";"1";""
"202400011146";"155762125";"B01";"1";"7";"0";"2";"1";"1";"2";""
"202400011147";"155762122";"A01";"2";"2";"0";"2";"1";"1";"1";""
"202400011147";"155762123";"B01";"2";"7";"0";"2";"8";"15";"1";""
"202400011148";"155762121";"A01";"1";"7";"4";"0";"1";"1";"1";""
"202400011149";"155762120";"A01";"1";"7";"13";"0";"0";"1";"1";""
"202400011150";"155762119";"A01";"2";"7";"0";"0";"9";"1";"1";""
"202400011151";"155762118";"A01";"1";"7";"13";"0";"9";"14";"1";""
"202400011152";"155762116";"A01";"1";"7";"9";"2";"2";"15";"1";""
"202400011152";"155762117";"B01";"2";"7";"7";"0";"3";"1";"1";""
"202400011153";"155762112";"A01";"1";"33";"0";"2";"3";"3";"1";""
"202400011153";"155762113";"B01";"1";"15";"0";"2";"6";"1";"1";""
"202400011154";"155762110";"B01";"2";"17";"0";"0";"4";"1";"1";""
"202400011154";"155762111";"A01";"2";"7";"0";"2";"1";"2";"1";""
"202400011155";"155762108";"A01";"2";"2";"0";"2";"7";"9";"1";""
"202400011155";"155762109";"B01";"2";"7";"0";"2";"1";"1";"1";""
"202400011156";"155762107";"A01";"3";"7";"6";"0";"2";"14";"1";""
"202400011157";"155762106";"A01";"2";"7";"2";"0";"9";"1";"1";""
"202400011158";"155762104";"A01";"2";"7";"0";"2";"3";"13";"1";""
"202400011158";"155762105";"B01";"1";"7";"0";"2";"1";"1";"1";""
"202400011159";"155762102";"B01";"1";"7";"0";"2";"8";"1";"1";""
"202400011159";"155762103";"A01";"1";"7";"0";"2";"2";"26";"1";""
"202400011160";"155762100";"A01";"1";"7";"0";"2";"3";"13";"1";""
"202400011160";"155762101";"B01";"2";"7";"0";"2";"3";"1";"3";""
"202400011161";"155762098";"A01";"1";"2";"0";"2";"0";"1";"1";""
"202400011161";"155762099";"B01";"1";"0";"0";"2";"0";"17";"0";""
"202400011162";"155762097";"A01";"1";"7";"0";"0";"0";"1";"1";""
"202400011163";"155762095";"A01";"1";"10";"0";"2";"7";"19";"1";""
"202400011163";"155762096";"B01";"2";"7";"0";"2";"1";"1";"1";""
"202400011164";"155762093";"B01";"3";"7";"6";"2";"2";"1";"1";""
"202400011164";"155762094";"A01";"3";"7";"0";"2";"1";"15";"1";""
"202400011165";"155762092";"A01";"3";"7";"0";"1";"1";"1";"1";""
"202400011166";"155762087";"A01";"1";"7";"0";"0";"2";"13";"1";""
"202400011166";"155762088";"B01";"2";"7";"0";"0";"2";"1";"1";""
"202400011167";"155762085";"A01";"1";"7";"0";"2";"4";"1";"3";""
"202400011167";"155762086";"B01";"1";"7";"0";"2";"1";"1";"1";""
"202400011168";"155762083";"B01";"1";"7";"0";"2";"4";"2";"1";""
"202400011168";"155762084";"A01";"1";"14";"0";"2";"1";"2";"1";""
"202400011169";"155762081";"B01";"2";"7";"0";"2";"1";"0";"1";""
"202400011169";"155762082";"A01";"2";"7";"0";"2";"1";"1";"1";""
"202400011170";"155762079";"A01";"2";"33";"0";"2";"1";"26";"1";""
"202400011170";"155762080";"B01";"2";"7";"0";"2";"5";"12";"1";""
"202400011171";"155762077";"A01";"2";"31";"0";"2";"2";"3";"1";""
"202400011171";"155762078";"B01";"2";"7";"0";"2";"6";"1";"3";""
"202400011172";"155762075";"A01";"2";"14";"0";"2";"2";"2";"1";""
"202400011172";"155762076";"B01";"2";"7";"0";"2";"3";"2";"2";""
"202400011173";"155762073";"A01";"2";"34";"0";"2";"1";"2";"1";""
"202400011173";"155762074";"B01";"2";"10";"0";"2";"4";"23";"1";""
"202400011174";"155762072";"A01";"2";"7";"4";"0";"1";"1";"1";""
"202400011175";"155762070";"A01";"1";"7";"0";"2";"7";"12";"1";""
"202400011175";"155762071";"B01";"1";"32";"0";"2";"3";"3";"1";""
"202400011176";"155762067";"C01";"1";"7";"0";"2";"4";"2";"1";""
"202400011176";"155762068";"A01";"1";"7";"0";"2";"1";"2";"1";""
"202400011176";"155762069";"B01";"1";"7";"0";"2";"4";"2";"1";""
"202400011177";"155762065";"A01";"1";"7";"0";"2";"1";"1";"1";""
"202400011177";"155762066";"B01";"1";"10";"0";"2";"4";"1";"1";""
"202400011178";"155762062";"A01";"2";"33";"0";"2";"7";"3";"1";""
"202400011178";"155762063";"B01";"2";"7";"0";"2";"7";"1";"1";""
"202400011178";"155762064";"Z01";"2";"0";"0";"2";"8";"11";"0";""
"202400011179";"155762060";"B01";"1";"37";"0";"2";"3";"1";"1";"1"
"202400011179";"155762061";"A01";"2";"7";"0";"2";"1";"19";"1";""
"202400011180";"155762058";"B01";"1";"17";"0";"2";"1";"0";"1";""
"202400011180";"155762059";"A01";"1";"2";"0";"2";"1";"15";"1";""
"202400011181";"155762056";"A01";"3";"43";"0";"2";"1";"26";"1";""
"202400011181";"155762057";"B01";"3";"50";"0";"2";"4";"19";"3";""
"202400011182";"155762054";"A01";"1";"7";"0";"9";"7";"1";"1";""
"202400011182";"155762055";"B01";"1";"1";"0";"2";"1";"1";"5";""
"202400011183";"155762052";"B01";"2";"36";"0";"2";"0";"2";"1";""
"202400011183";"155762053";"A01";"2";"7";"0";"2";"3";"26";"2";""
"202400011184";"155762051";"A01";"3";"7";"0";"1";"0";"0";"0";""
"202400011185";"155762050";"A01";"2";"7";"13";"9";"2";"1";"1";""
"202400011186";"155762048";"A01";"1";"99";"0";"2";"1";"1";"1";""
"202400011186";"155762049";"B01";"0";"7";"0";"2";"4";"23";"1";""
"202400011187";"155762046";"B01";"1";"7";"0";"2";"2";"16";"1";""
"202400011187";"155762047";"A01";"1";"50";"0";"2";"1";"1";"3";""
"202400011188";"155762045";"A01";"0";"7";"0";"1";"2";"1";"1";""
"202400011189";"155762044";"Z01";"3";"50";"0";"0";"0";"1";"3";""
"202400011190";"155762042";"B01";"3";"37";"0";"2";"8";"1";"2";"1"
"202400011190";"155762043";"A01";"1";"50";"0";"2";"1";"1";"3";""
"202400011191";"155762040";"A01";"1";"10";"0";"9";"2";"15";"1";""
"202400011191";"155762041";"B01";"1";"1";"0";"2";"8";"1";"5";""