"Num_Acc";"id_vehicule";"num_veh";"senc";"catv";"obs";"obsm";"choc";"manv";"motor";"occutc"
"202400011192";"155762039";"A01";"2";"30";"0";"0";"0";"0";"1";""
"202400011193";"155762036";"A01";"2";"1";"0";"2";"1";"13";"5";""
"202400011193";"155762037";"B01";"2";"1";"0";"2";"0";"13";"5";""
"202400011193";"155762038";"C01";"1";"14";"0";"9";"1";"1";"1";""
"202400011194";"155762034";"A01";"1";"7";"0";"2";"3";"13";"1";""
"202400011194";"155762035";"B01";"2";"33";"0";"2";"3";"0";"1";""
"202400011195";"155762032";"A01";"1";"99";"2";"2";"7";"17";"1";""
"202400011195";"155762033";"B01";"1";"1";"0";"2";"8";"15";"5";""
"202400011196";"155762030";"A01";"0";"7";"0";"2";"1";"1";"1";""
"202400011196";"155762031";"B01";"1";"80";"0";"2";"1";"1";"3";""
"202400011197";"155762029";"A01";"1";"33";"13";"0";"1";"1";"1";""
"202400011198";"155762027";"B01";"2";"33";"0";"2";"7";"1";"1";""
"202400011198";"155762028";"A01";"1";"7";"0";"2";"2";"9";"1";""
"202400011199";"155762026";"A01";"1";"3";"0";"0";"9";"1";"1";""
"202400011200";"155762024";"A01";"1";"10";"0";"9";"3";"17";"1";""
"202400011200";"155762025";"B01";"2";"1";"0";"2";"1";"1";"5";""
"202400011201";"155762022";"A01";"1";"7";"0";"2";"1";"15";"1";""
"202400011201";"155762023";"B01";"2";"33";"0";"2";"1";"1";"1";""
"202400011202";"155762020";"A01";"1";"7";"0";"2";"1";"17";"1";""
"202400011202";"155762021";"B01";"2";"15";"0";"2";"1";"1";"1";""
"202400011203";"155762019";"A01";"3";"7";"6";"0";"2";"1";"1";""
"202400011204";"155762017";"B01";"1";"1";"0";"2";"9";"1";"5";""
"202400011204";"155762018";"A01";"2";"7";"0";"9";"2";"15";"1";""
"202400011205";"155762016";"A01";"1";"7";"17";"0";"2";"2";"1";""
"202400011206";"155762015";"A01";"2";"50";"0";"0";"0";"0";"3";""
"202400011207";"155762013";"A01";"1";"7";"0";"2";"3";"1";"1";""
"202400011207";"155762014";"B01";"2";"7";"0";"2";"3";"1";"1";""
"202400011208";"155762012";"A01";"1";"7";"0";"0";"8";"2";"1";""
"202400011209";"155762010";"A01";"1";"7";"0";"0";"4";"2";" -1";""
"202400011209";"155762011";"B01";"1";"7";"0";"2";"1";"2";" -1";""
"202400011210";"155762009";"A01";"1";"42";"0";"0";"0";"0";"1";""
"202400011211";"155762007";"B01";"1";"37";"0";"2";"2";"1";"1";"1"
"202400011211";"155762008";"A01";"1";"7";"0";"2";"1";"1";"1";""
"202400011212";"155762006";"A01";"3";"30";"12";"0";"6";"1";"1";""
"202400011213";"155762005";"A01";"1";"7";"0";"1";"1";"15";"1";""
"202400011214";"155762004";"A01";"2";"7";"15";"0";"2";"16";"1";""
"202400011215";"155762003";"A01";"1";"30";"0";"0";"7";"1";"1";""
"202400011216";"155762000";"C01";"2";"7";"0";"2";"1";"1";"2";""
"202400011216";"155762001";"B01";"1";"7";"0";"2";"2";"9";"1";""
"202400011216";"155762002";"A01";"1";"10";"0";"2";"1";"1";"1";""
"202400011217";"155761998";"A01";"1";"30";"1";"0";"1";"1";"1";""
"202400011217";"155761999";"B01";"1";"7";"0";"2";"5";"23";"1";""
"202400011218";"155761997";"A01";"1";"7";"0";"0";"9";"1";"1";""
"202400011219";"155761995";"B01";"2";"7";"0";"2";"1";"21";"1";""
"202400011219";"155761996";"A01";"1";"10";"0";"2";"1";"26";"1";""
"202400011220";"155761992";"B01";"2";"33";"15";"2";"0";"1";"1";""
"202400011220";"155761993";"A01";"2";"33";"0";"2";"0";"1";"0";""
"202400011220";"155761994";"C01";"1";"7";"0";"2";"1";"1";"1";""
"202400011221";"155761991";"A01";"2";"2";"0";"0";"0";"1";"1";""
"202400011222";"155761989";"A01";"3";"7";"0";"2";"1";"5";"1";""
"202400011222";"155761990";"B01";"3";"7";"0";"2";"1";"1";"1";""
"202400011223";"155761988";"A01";"1";"7";"0";"0";"9";"13";"1";""
"202400011224";"155761986";"A01";"1";"7";"0";"2";"5";"12";"1";""
"202400011224";"155761987";"B01";"3";"80";"0";"2";"1";"1";"3";""
"202400011225";"155761985";"A01";"2";"2";"9";"0";"1";"14";"1";""
"202400011226";"155761983";"A01";"2";"31";"0";"2";"8";"1";"1";""
"202400011226";"155761984";"B01";"1";"7";"0";"2";"8";"1";"1";""
"202400011227";"155761981";"B01";"1";"7";"8";"2";"3";"1";"1";""
"202400011227";"155761982";"A01";"2";"7";"0";"2";"6";"1";"1";""
"202400011228";"155761980";"A01";"2";"7";"0";"1";"1";"1";"1";""
"202400011229";"155761979";"A01";"2";"7";"7";"0";"0";"1";"1";""
"202400011230";"155761977";"B01";"0";"7";"0";"2";"1";"0";"1";""
"202400011230";"155761978";"A01";"3";"7";"0";"2";"1";"0";"1";""
"202400011231";"155761976";"A01";"3";"7";"11";"0";"3";"0";"1";""
"202400011232";"155761974";"A01";"2";"2";"0";"2";"1";"5";"1";""
"202400011232";"155761975";"B01";"1";"7";"0";"2";"2";"1";"1";""
"202400011233";"155761973";"A01";"2";"17";"0";"0";"2";"2";"1";""
"202400011234";"155761971";"A01";"1";"7";"0";"2";"1";"1";"1";""
"202400011234";"155761972";"B01";"2";"10";"0";"2";"1";"1";"1";""
"202400011235";"155761969";"A01";"3";"7";"0";"2";"3";"0";"1";""
"202400011235";"155761970";"B01";"3";"31";"0";"2";"1";"1";"1";""
"202400011236";"155761967";"B01";"1";"7";"0";"2";"8";"13";"1";""
"202400011236";"155761968";"A01";"1";"33";"0";"2";"7";"17";"1";""
"202400011237";"155761965";"B01";"2";"7";"0";"2";"3";"15";"1";""
"202400011237";"155761966";"A01";"1";"2";"0";"2";"1";"1";"1";""
"202400011238";"155761963";"B01";"0";"33";"0";"2";"1";"2";"1";""
"202400011238";"155761964";"A01";"3";"7";"0";"2";"7";"2";"1";""
"202400011239";"155761961";"A01";"1";"7";"0";"0";"4";"15";"1";""
"202400011239";"155761962";"B01";"1";"15";"0";"2";"1";"2";"1";""
"202400011240";"155761960";"A01";"2";"7";"0";"0";"9";"1";"1";""
"202400011241";"155761959";"A01";"1";"7";"4";"0";"1";"0";"1";""
"202400011242";"155761957";"A01";"3";"2";"1";"0";"7";"1";"3";""
"202400011242";"155761958";"B01";"3";"2";"0";"2";"8";"23";"1";""
"202400011243";"155761955";"A01";"0";"99";"0";"2";"1";"13";"3";""
"202400011243";"155761956";"B01";"0";"99";"0";"2";"1";"1";"3";""
"202400011244";"155761953";"A01";"2";"2";"0";"2";"1";"1";"6";""
"202400011244";"155761954";"B01";"1";"7";"0";"2";"2";"15";"1";""
"202400011245";"155761951";"A01";"1";"7";"0";"2";"2";"17";"1";""
"202400011245";"155761952";"B01";"1";"7";"1";"2";"8";"15";"1";""
"202400011246";"155761949";"A01";"1";"7";"0";"2";"1";"13";"1";""
"202400011246";"155761950";"B01";"2";"7";"10";"2";"1";"1";"1";""
"202400011247";"155761948";"A01";"2";"7";"0";"1";"3";"1";"1";""
"202400011248";"155761946";"B01";"2";"1";"0";"2";"3";"21";"5";""
"202400011248";"155761947";"A01";"1";"7";"0";"2";"2";"9";"1";""
"202400011249";"155761945";"A01";"1";"15";"2";"0";"1";"1";"1";""
"202400011250";"155761944";"A01";"2";"7";"13";"0";"1";"1";"1";""
"202400011251";"155761942";"A01";"0";"7";"0";"9";"1";"2";"1";""
"202400011251";"155761943";"B01";"0";"1";"0";"0";"4";"2";"5";""
"202400011252";"155761937";"A01";"2";"7";"0";"2";"4";"2";"1";""
"202400011252";"155761938";"B01";"2";"33";"0";"2";"1";"2";"1";""
"202400011253";"155761935";"A01";"1";"7";"3";"9";"2";"2";"1";""
"202400011253";"155761936";"B01";"1";"7";"0";"9";"6";"2";"3";""
"202400011254";"155761934";"A01";"2";"7";"4";"0";"8";"1";"1";""
"202400011255";"155761932";"B01";"2";"7";"0";"2";"4";"1";"1";""
"202400011255";"155761933";"A01";"2";"7";"0";"2";"1";"12";"1";""
"202400011256";"155761931";"A01";"1";"10";"3";"0";"9";"1";"1";""
"202400011257";"155761929";"A01";"1";"10";"0";"2";"1";"1";"1";""
"202400011257";"155761930";"B01";"1";"7";"0";"2";"4";"2";"1";""
"202400011258";"155761928";"A01";"2";"7";"4";"0";"1";"1";"1";""
"202400011259";"155761927";"A01";"1";"33";"4";"0";"1";"1";"1";""
"202400011260";"155761923";"B01";"2";"7";"0";"2";"4";"2";"1";""
"202400011260";"155761924";"C01";"2";"7";"0";"2";"4";"2";"1";""
"202400011260";"155761925";"A01";"2";"7";"0";"2";"4";"23";"1";""
"202400011260";"155761926";"D01";"2";"10";"0";"2";"1";"2";"1";""
"202400011261";"155761921";"A01";"2";"10";"3";"2";"1";"1";"1";""
"202400011261";"155761922";"B01";"2";"7";"4";"2";"4";"1";"1";""
"202400011262";"155761920";"A01";"1";"7";"2";"0";"1";"0";"1";""
"202400011263";"155761919";"A01";"1";"13";"4";"0";"2";"0";"1";""
"202400011264";"155761917";"A01";"2";"10";"0";"2";"3";"10";"1";""
"202400011264";"155761918";"B01";"3";"32";"0";"2";"1";"1";"1";""
"202400011265";"155761915";"B01";"1";"7";"0";"2";"1";"15";"1";""
"202400011265";"155761916";"A01";"1";"2";"0";"2";"1";"26";"1";""
"202400011266";"155761913";"A01";"3";"34";"0";"2";"1";"17";"1";""
"202400011266";"155761914";"B01";"3";"7";"0";"2";"3";"15";"1";""
"202400011267";"155761911";"A01";"1";"31";"0";"2";"1";"11";"1";""
"202400011267";"155761912";"B01";"1";"7";"0";"2";"4";"1";"1";""
"202400011268";"155761909";"B01";"2";"7";"0";"0";"0";"0";"1";""
"202400011268";"155761910";"A01";"2";"7";"0";"2";"0";"0";"2";""
"202400011269";"155761908";"A01";"3";"7";"0";"1";"1";"15";"1";""
"202400011270";"155761905";"B01";"1";"7";"1";"2";"3";"1";"1";""
"202400011270";"155761906";"A01";"2";"7";"0";"2";"3";"13";"1";""
"202400011271";"155761904";"A01";"1";"7";"0";"2";"1";"5";"1";""
"202400011271";"155761907";"B01";"2";"7";"0";"2";"1";"15";"1";""
"202400011272";"155761903";"A01";"1";"30";"0";"0";"1";"0";"1";""
"202400011273";"155761901";"A01";"2";"7";"0";"2";"1";"1";"1";""
"202400011273";"155761902";"B01";"2";"7";"0";"2";"4";"1";"1";""
"202400011274";"155761900";"A01";"3";"50";"0";"1";"1";"25";"3";""
"202400011275";"155761897";"A01";"3";"1";"0";"0";"0";"0";"5";""
"202400011276";"155761898";"B01";"1";"10";"0";"2";"4";"2";"1";""
"202400011276";"155761899";"A01";"1";"7";"0";"2";"1";"2";"1";""
"202400011277";"155761895";"B01";"1";"7";"0";"2";"4";"2";"2";""
"202400011277";"155761896";"A01";"1";"3";"0";"2";"1";"2";"1";""
"202400011278";"155761893";"A01";"1";"30";"0";"2";"0";"0";"0";""
"202400011278";"155761894";"B01";"2";"30";"0";"2";"0";"0";"0";""
"202400011279";"155761890";"A01";"3";"30";"0";"1";"1";"1";"1";""
"202400011280";"155761891";"B01";"3";"3";"0";"0";"0";"0";"3";""
"202400011280";"155761892";"A01";"3";"3";"0";"2";"1";"0";"1";""
"202400011281";"155761888";"A01";"2";"7";"0";"2";"3";"1";"1";""
"202400011281";"155761889";"B01";"1";"7";"0";"2";"3";"13";"1";""
"202400011282";"155761884";"C01";"1";"7";"0";"2";"4";"2";"1";""
"202400011282";"155761886";"A01";"1";"7";"0";"2";"1";"2";"1";""
"202400011282";"155761887";"B01";"1";"7";"0";"2";"4";"2";"1";""
"202400011283";"155761883";"B01";"2";"33";"0";"2";"1";"1";"1";""
"202400011283";"155761885";"A01";"1";"7";"0";"2";"1";"15";"1";""
"202400011284";"155761880";"A01";"2";"7";"0";"2";"2";"26";"1";""
"202400011285";"155761881";"A01";"0";"80";"0";"2";"1";"0";"0";""
"202400011285";"155761882";"B01";"0";"7";"0";"0";"0";"0";"1";""
"202400011286";"155761877";"A01";"3";"2";"0";"2";"1";"9";"1";""
"202400011286";"155761879";"B01";"3";"7";"0";"2";"3";"1";"1";""
"202400011287";"155761876";"B01";"1";"7";"0";"2";"2";"16";"1";""
"202400011287";"155761878";"A01";"2";"32";"0";"2";"1";"7";"1";""
"202400011288";"155761874";"A01";"2";"33";"0";"2";"1";"13";"1";""
"202400011288";"155761875";"B01";"1";"7";"0";"2";"2";"1";"1";""
"202400011289";"155761873";"A01";"1";"30";"12";"0";"1";"1";"1";""
"202400011290";"155761872";"A01";"2";"32";"0";"0";"8";"1";"1";""
"202400011291";"155761871";"A01";"1";"7";"0";"1";"1";"1";"1";""
"202400011292";"155761869";"B01";"2";"7";"0";"2";"2";"15";"1";""
"202400011292";"155761870";"A01";"1";"33";"0";"2";"1";"1";"1";""
"202400011293";"155761868";"A01";"3";"30";"1";"1";"1";"1";"1";""
"202400011294";"155761866";"A01";"1";"7";"0";"2";"1";"2";"1";""
"202400011294";"155761867";"B01";"0";"7";"0";"2";"4";"23";"1";""
"202400011295";"155761864";"A01";"1";"7";"0";"2";"1";"13";"1";""
"202400011295";"155761865";"B01";"2";"7";"1";"2";"3";"1";"1";""
"202400011296";"155761863";"A01";"1";"7";"2";"0";"2";"13";"0";""
"202400011297";"155761861";"A01";"1";"10";"0";"2";"4";"1";"1";""
"202400011297";"155761862";"B01";"1";"31";"0";"2";"1";"1";"1";""
"202400011298";"155761859";"B01";"1";"15";"0";"2";"5";"1";"0";""
"202400011298";"155761860";"A01";"1";"33";"0";"2";"5";"14";"1";""
"202400011299";"155761855";"B01";"2";"7";"0";"2";"6";"1";"1";""
"202400011299";"155761858";"A01";"2";"31";"0";"2";"1";"1";"1";""
"202400011300";"155761852";"A01";"2";"10";"0";"2";"2";"15";"1";""
"202400011300";"155761854";"B01";"1";"33";"0";"2";"1";"1";"1";""
"202400011301";"155761851";"B01";"2";"1";"0";"2";"1";"1";"5";""
"202400011301";"155761853";"A01";"2";"3";"0";"2";"2";"1";"1";""
"202400011302";"155761849";"A01";"2";"7";"0";"1";"1";"1";"1";""
"202400011303";"155761848";"A01";"2";"7";"0";"2";"1";"1";"1";""
"202400011303";"155761850";"B01";"2";"7";"0";"2";"0";"1";"1";""
"202400011304";"155761846";"A01";"3";"7";"0";"2";"1";"26";"1";""
"202400011304";"155761847";"B01";"3";"33";"0";"2";"5";"0";"1";""
"202400011305";"155761845";"A01";"3";"1";"0";"0";"0";"26";"5";""
"202400011306";"155761842";"B01";"1";"33";"0";"2";"7";"1";"0";""
"202400011306";"155761844";"A01";"2";"7";"0";"2";"1";"15";"1";""
"202400011307";"155761841";"B01";"1";"2";"0";"2";"0";"1";"1";""
"202400011307";"155761843";"A01";"1";"7";"0";"2";"6";"19";"1";""
"202400011308";"155761839";"B01";"2";"80";"0";"2";"1";"1";"3";""
"202400011308";"155761840";"A01";"1";"7";"1";"2";"3";"13";"1";""
"202400011309";"155761837";"B01";"2";"7";"0";"2";"4";"26";"1";""
"202400011309";"155761838";"A01";"2";"13";"0";"2";"1";"26";"1";""
"202400011310";"155761835";"A01";"1";"2";"0";"0";"7";"1";"1";""
"202400011311";"155761834";"A01";"1";"7";"0";"2";"3";"13";"1";""
"202400011311";"155761836";"B01";"1";"7";"0";"2";"3";"1";"1";""
"202400011312";"155761831";"A01";"1";"7";"8";"0";"2";"26";"1";""
"202400011313";"155761829";"A01";"3";"7";"0";"1";"1";"1";"1";""
"202400011314";"155761826";"B01";"2";"10";"0";"2";"2";"0";"1";""
"202400011314";"155761828";"A01";"1";"34";"0";"2";"1";"1";"1";""
"202400011315";"155761825";"A01";"1";"7";"0";"2";"3";"15";"1";""
"202400011315";"155761827";"B01";"2";"2";"0";"2";"1";"1";"1";""
"202400011316";"155761824";"A01";"2";"7";"0";"1";"2";"26";"1";""
"202400011317";"155761822";"A01";"3";"7";"0";"2";"7";"19";"1";""
"202400011317";"155761823";"B01";"3";"34";"0";"2";"1";"1";"1";""
"202400011318";"155761821";"A01";"1";"7";"0";"2";"6";"14";"1";""
"202400011319";"155761818";"A01";"2";"7";"0";"2";"1";"19";"2";""
"202400011319";"155761820";"B01";"2";"50";"0";"2";"7";"19";"3";""
"202400011320";"155761817";"A01";"2";"10";"0";"2";"4";"2";"1";""
"202400011320";"155761819";"B01";"2";"7";"0";"2";"1";"2";"1";""
"202400011321";"155761816";"A01";"2";"7";"0";"1";"0";"1";"1";""
"202400011322";"155761814";"A01";"2";"7";"0";"2";"1";"2";"1";""
"202400011322";"155761815";"B01";"2";"7";"0";"2";"4";"23";"1";""
"202400011323";"155761812";"A01";"2";"34";"0";"2";"2";"17";"1";""
"202400011323";"155761813";"B01";"2";"7";"0";"2";"8";"15";"1";""
"202400011324";"155761808";"B01";"1";"33";"0";"2";"1";"1";"1";""
"202400011324";"155761810";"A01";"2";"7";"0";"2";"2";"15";"1";""
"202400011325";"155761807";"B01";"2";"7";"0";"2";"8";"9";"1";""
"202400011325";"155761809";"A01";"1";"32";"0";"2";"1";"17";"1";""
"202400011325";"155761811";"C01";"1";"7";"0";"2";"3";"0";"1";""
"202400011326";"155761806";"A01";"0";"7";"0";"1";"1";"1";"0";""
"202400011327";"155761804";"A01";"1";"32";"0";"2";"1";"3";"1";""
"202400011327";"155761805";"B01";"1";"31";"0";"2";"4";"3";"1";""
"202400011328";"155761802";"A01";"2";"7";"0";"2";"8";"13";"1";""
"202400011328";"155761803";"B01";"1";"7";"0";"2";"8";"1";"1";""
"202400011329";"155761800";"B01";"1";"33";"0";"2";"8";"3";"3";""
"202400011329";"155761801";"A01";"1";"10";"0";"2";"7";"12";"1";""
"202400011330";"155761798";"B01";"3";"7";"0";"2";"1";"0";"1";""
"202400011330";"155761799";"A01";"3";"7";"0";"2";"1";"5";"1";""
"202400011331";"155761796";"A01";"1";"7";"0";"2";"5";"14";"2";""
"202400011331";"155761797";"B01";"1";"33";"0";"2";"3";"3";"1";""
"202400011332";"155761794";"B01";"2";"32";"0";"2";"3";"2";"1";""
"202400011332";"155761795";"Z01";"1";"7";"0";"2";"3";"15";"1";""
"202400011333";"155761792";"A01";"1";"33";"0";"2";"8";"3";"1";""
"202400011333";"155761793";"B01";"1";"7";"0";"2";"7";"12";"1";""
"202400011334";"155761790";"A01";"1";"7";"8";"2";"1";"13";"1";""
"202400011334";"155761791";"B01";"2";"7";"0";"2";"8";"0";"1";""
"202400011335";"155761788";"A01";"3";"33";"0";"0";"8";"26";"1";""
"202400011336";"155761789";"A01";"2";"7";"0";"1";"2";"1";"1";""
"202400011337";"155761785";"A01";"3";"7";"0";"2";"2";"1";"1";""
"202400011337";"155761787";"B01";"0";"7";"0";"2";"3";"1";"2";""
"202400011338";"155761784";"A01";"3";"7";"0";"2";"2";"16";"1";""
"202400011338";"155761786";"B01";"3";"1";"0";"2";"3";"16";"5";""
"202400011339";"155761782";"B01";"0";"33";"0";"2";"7";"1";"1";""
"202400011339";"155761783";"A01";"3";"7";"0";"2";"3";"26";"3";""
"202400011340";"155761780";"A01";"1";"7";"8";"0";"1";"1";"1";""
"202400011341";"155761779";"A01";"3";"1";"0";"2";"7";"15";"5";""
"202400011341";"155761781";"B01";"3";"7";"0";"2";"3";"1";"1";""
"202400011342";"155761778";"A01";"1";"30";"2";"0";"1";"0";"1";""
"202400011343";"155761777";"A01";"2";"7";"0";"1";"1";"1";"1";""
"202400011344";"155761776";"A01";"2";"31";"0";"1";"1";"1";"1";""
"202400011345";"155761774";"B01";"1";"7";"0";"2";"8";"1";"3";""
"202400011345";"155761775";"A01";"1";"32";"0";"2";"1";"1";"3";""
"202400011346";"155761772";"A01";"1";"50";"0";"2";"1";"5";"3";""
"202400011346";"155761773";"B01";"2";"7";"0";"2";"3";"1";"2";""
"202400011347";"155761770";"A01";"2";"1";"0";"2";"1";"1";"5";""
"202400011347";"155761771";"Z01";"1";"10";"0";"2";"4";"20";"1";""
"202400011348";"155761769";"A01";"2";"1";"13";"0";"1";"1";"5";""
"202400011349";"155761768";"A01";"2";"1";"1";"0";"1";"1";"5";""
"202400011350";"155761766";"A01";"3";"7";"0";"2";"1";"1";"1";""
"202400011350";"155761767";"B01";"3";"80";"0";"2";"4";"2";"3";""
"202400011351";"155761765";"A01";"3";"33";"0";"1";"7";"1";"1";""
"202400011352";"155761762";"B01";"3";"80";"0";"2";"4";"1";"3";""
"202400011352";"155761763";"A01";"3";"80";"0";"2";"1";"1";"3";""
"202400011353";"155761761";"B01";"2";"7";"0";"2";"7";"1";"2";""
"202400011353";"155761764";"A01";"1";"7";"0";"2";"1";"1";"1";""
"202400011354";"155761760";"A01";"3";"1";"0";"1";"1";"1";"5";""
"202400011355";"155761758";"B01";"1";"7";"0";"9";"3";"26";"1";""
"202400011355";"155761759";"A01";"2";"50";"0";"2";"1";"26";"3";""
"202400011356";"155761757";"Z01";"3";"32";"0";"1";"1";"1";"0";""
"202400011357";"155761756";"A01";"1";"31";"0";"0";"2";"1";"1";""
"202400011358";"155761753";"A01";"3";"7";"0";"2";"3";"1";"3";""
"202400011358";"155761755";"B01";"3";"34";"0";"2";"7";"1";"1";""
"202400011359";"155761752";"A01";"3";"2";"0";"2";"1";"26";"3";""
"202400011359";"155761754";"B01";"1";"1";"0";"2";"4";"1";"5";""
"202400011360";"155761751";"A01";"1";"2";"8";"0";"1";"21";"1";""
"202400011361";"155761750";"A01";"3";"7";"0";"1";"3";"1";"2";""
"202400011362";"155761748";"B01";"3";"80";"0";"2";"1";"1";"3";""
"202400011362";"155761749";"A01";"3";"10";"0";"2";"7";"22";"1";""
"202400011363";"155761746";"A01";"1";"80";"0";"2";"1";"1";"3";""
"202400011363";"155761747";"B01";"2";"1";"0";"2";"1";"1";"5";""
"202400011364";"155761745";"Z01";"2";"1";"0";"1";"1";"25";"5";""
"202400011365";"155761744";"A01";"2";"2";"0";"0";"0";"1";"3";""
"202400011366";"155761742";"B01";"1";"7";"0";"2";"2";"16";"1";""
"202400011366";"155761743";"A01";"0";"33";"0";"2";"0";"0";"0";""
"202400011367";"155761740";"B01";"1";"33";"0";"2";"8";"1";"1";""
"202400011367";"155761741";"A01";"2";"7";"0";"2";"8";"13";"2";""
"202400011368";"155761737";"B01";"1";"7";"0";"2";"4";"2";"1";""
"202400011368";"155761739";"A01";"1";"7";"0";"2";"1";"2";"1";""
"202400011369";"155761736";"B01";"3";"7";"0";"2";"7";"2";"0";""
"202400011369";"155761738";"A01";"3";"10";"0";"2";"1";"2";"0";""
"202400011370";"155761734";"A01";"1";"10";"12";"0";"1";"1";"1";""
"202400011371";"155761733";"A01";"1";"10";"0";"2";"1";"1";"0";""
"202400011371";"155761735";"B01";"2";"7";"9";"2";"9";"0";"0";""
"202400011372";"155761730";"A01";"1";"7";"0";"2";"7";"1";"1";""
"202400011372";"155761732";"B01";"1";"7";"0";"2";"0";"11";"2";""
"202400011373";"155761729";"A01";"3";"50";"0";"9";"1";"13";"3";""
"202400011373";"155761731";"B01";"3";"1";"0";"9";"1";"1";"5";""
"202400011374";"155761727";"B01";"3";"7";"0";"2";"2";"1";"0";""
"202400011374";"155761728";"A01";"3";"7";"0";"2";"6";"11";"1";""
"202400011375";"155761725";"B01";"1";"10";"0";"2";"1";"1";"1";""
"202400011375";"155761726";"A01";"1";"10";"0";"2";"7";"15";"1";""
"202400011376";"155761723";"A01";"3";"10";"0";"2";"2";"16";"1";""
"202400011376";"155761724";"B01";"3";"32";"0";"2";"3";"1";"0";""
"202400011377";"155761722";"A01";"2";"34";"0";"1";"2";"26";"0";""
"202400011378";"155761720";"A01";"1";"7";"0";"2";"0";"0";"1";""
"202400011378";"155761721";"B01";"1";"33";"0";"2";"5";"2";"1";""
"202400011379";"155761718";"A01";"1";"7";"0";"2";"4";"20";"1";""
"202400011379";"155761719";"B01";"2";"1";"0";"2";"1";"1";"5";""
"202400011380";"155761716";"A01";"1";"7";"0";"2";"2";"16";"2";""
"202400011380";"155761717";"B01";"1";"50";"0";"2";"0";"0";"3";""
"202400011381";"155761715";"A01";"3";"34";"0";"1";"1";"1";"0";""
"202400011382";"155761713";"B01";"3";"14";"0";"0";"0";"0";"1";""
"202400011382";"155761714";"A01";"3";"7";"0";"0";"0";"2";"2";""
"202400011383";"155761711";"B01";"3";"50";"0";"2";"7";"5";"3";""
"202400011383";"155761712";"A01";"3";"7";"0";"9";"3";"1";"1";""
"202400011384";"155761710";"A01";"2";"7";"6";"0";"3";"13";"1";""
"202400011385";"155761708";"A01";"2";"7";"1";"0";"2";"1";"1";""
"202400011386";"155761707";"A01";"2";"7";"0";"2";"1";"1";"1";""
"202400011386";"155761709";"B01";"2";"33";"0";"2";"4";"1";"1";""
"202400011387";"155761706";"A01";"1";"31";"0";"0";"8";"1";"1";""
"202400011388";"155761704";"A01";"1";"31";"0";"0";"0";"1";"1";""
"202400011389";"155761705";"A01";"1";"15";"0";"1";"7";"1";"1";""
"202400011390";"155761700";"A01";"2";"7";"0";"2";"1";"1";"1";""
"202400011390";"155761703";"B01";"2";"3";"0";"2";"3";"19";"1";""
"202400011391";"155761701";"A01";"1";"7";"0";"2";"3";"2";"1";""
"202400011391";"155761702";"B01";"3";"7";"0";"2";"2";"15";"1";""
"202400011392";"155761696";"A01";"3";"7";"0";"2";"1";"15";"1";""
"202400011392";"155761698";"B01";"3";"33";"0";"2";"1";"0";"1";""
"202400011393";"155761697";"A01";"1";"7";"0";"2";"1";"1";"1";""
"202400011393";"155761699";"B01";"1";"7";"0";"2";"1";"1";"2";""
"202400011394";"155761694";"A01";"1";"33";"6";"2";"3";"17";"0";""
"202400011394";"155761695";"B01";"2";"21";"0";"2";"3";"15";"1";""
"202400011395";"155761693";"A01";"1";"7";"0";"1";"1";"16";"1";""
"202400011396";"155761692";"A01";"1";"7";"4";"0";"8";"2";"1";""
"202400011397";"155761689";"A01";"1";"7";"0";"2";"1";"26";"1";""
"202400011397";"155761690";"B01";"1";"7";"0";"2";"9";"2";"1";""
"202400011397";"155761691";"C01";"1";"10";"0";"2";"4";"2";"3";""
"202400011398";"155761687";"A01";"1";"7";"0";"2";"2";"13";"1";""
"202400011398";"155761688";"B01";"2";"7";"13";"2";"1";"1";"1";""
"202400011399";"155761685";"B01";"3";"33";"0";"2";"1";"1";"1";""
"202400011399";"155761686";"A01";"3";"7";"0";"2";"3";"9";"1";""
"202400011400";"155761684";"A01";"1";"7";"2";"0";"2";"1";"1";""
"202400011401";"155761682";"A01";"2";"34";"0";"1";"1";"1";"1";""
"202400011402";"155761681";"A01";"1";"7";"0";"2";"3";"9";"1";""
"202400011402";"155761683";"B01";"2";"2";"0";"2";"1";"1";"1";""
"202400011403";"155761678";"A01";"3";"43";"0";"2";"3";"9";"1";""
"202400011403";"155761680";"B01";"1";"50";"0";"2";"1";"1";"3";""
"202400011404";"155761676";"B01";"2";"2";"0";"2";"1";"13";"1";""
"202400011404";"155761677";"C01";"2";"2";"0";"2";"1";"13";"1";""
"202400011404";"155761679";"A01";"1";"7";"0";"2";"3";"1";"1";""
"202400011405";"155761674";"A01";"1";"7";"0";"2";"8";"11";"1";""
"202400011405";"155761675";"B01";"1";"33";"0";"2";"7";"3";"1";""
"202400011406";"155761673";"A01";"1";"7";"6";"0";"1";"15";"1";""
"202400011407";"155761672";"A01";"0";"2";"6";"0";"1";"1";"1";""
"202400011408";"155761671";"A01";"1";"7";"0";"0";"1";"13";"1";""
"202400011409";"155761668";"B01";"1";"7";"0";"2";"1";"1";"1";""
"202400011409";"155761670";"A01";"2";"2";"0";"2";"1";"15";"1";""
"202400011410";"155761666";"A01";"2";"10";"0";"2";"2";"2";"1";""
"202400011410";"155761667";"B01";"2";"1";"0";"2";"4";"1";"5";""
"202400011410";"155761669";"C01";"2";"1";"0";"2";"4";"1";"5";""
"202400011411";"155761664";"A01";"1";"7";"0";"2";"2";"1";"1";""