"Num_Acc";"id_vehicule";"num_veh";"senc";"catv";"obs";"obsm";"choc";"manv";"motor";"occutc"
"202400011411";"155761665";"B01";"2";"31";"0";"2";"1";"15";"1";""
"202400011412";"155761662";"B01";"2";"33";"0";"2";"8";"1";"1";""
"202400011412";"155761663";"A01";"1";"7";"0";"2";"8";"13";"0";""
"202400011413";"155761661";"A01";"1";"2";"12";"0";"1";"1";"1";""
"202400011414";"155761657";"B01";"1";"2";"0";"2";"8";"15";"1";""
"202400011414";"155761659";"A01";"1";"7";"0";"2";"2";"17";"1";""
"202400011415";"155761656";"A01";"1";"7";"0";"2";"3";"13";"1";""
"202400011415";"155761658";"B01";"2";"7";"0";"2";"3";"1";"1";""
"202400011415";"155761660";"C01";"2";"7";"0";"2";"8";"1";"1";""
"202400011416";"155761655";"A01";"1";"2";"3";"0";"8";"13";"1";""
"202400011417";"155761653";"B01";"1";"21";"0";"2";"1";"1";"0";""
"202400011417";"155761654";"A01";"2";"7";"0";"2";"1";"13";"2";""
"202400011418";"155761652";"A01";"1";"7";"13";"0";"3";"0";"1";""
"202400011419";"155761651";"A01";"2";"31";"12";"0";"7";"1";"1";""
"202400011420";"155761650";"A01";"1";"36";"0";"0";"0";"1";"1";""
"202400011421";"155761649";"A01";"2";"2";"3";"0";"1";"0";"1";""
"202400011422";"155761648";"A01";"1";"7";"0";"1";"0";"1";"1";""
"202400011423";"155761647";"A01";"1";"7";"4";"0";"1";"17";"1";""
"202400011424";"155761646";"A01";"1";"1";"12";"0";"0";"0";"5";""
"202400011425";"155761645";"A01";"1";"7";"0";"1";"3";"21";"1";""
"202400011426";"155761644";"A01";"2";"1";"5";"0";"2";"1";"5";""
"202400011427";"155761640";"A01";"3";"1";"0";"2";"7";"1";"5";""
"202400011427";"155761642";"B01";"3";"1";"0";"2";"8";"1";"5";""
"202400011427";"155761643";"C01";"3";"1";"0";"2";"1";"1";"5";""
"202400011428";"155761641";"A01";"1";"7";"2";"0";"3";"13";"1";""
"202400011429";"155761639";"A01";"2";"7";"15";"0";"1";"1";"1";""
"202400011430";"155761637";"A01";"2";"7";"3";"2";"3";"1";"1";""
"202400011430";"155761638";"B01";"1";"21";"0";"2";"6";"1";"1";""
"202400011431";"155761636";"A01";"2";"37";"0";"1";"1";"15";"3";"1"
"202400011432";"155761635";"A01";"1";"7";"1";"0";"2";"1";"1";""
"202400011433";"155761632";"A01";"1";"7";"0";"1";"1";"16";"1";""
"202400011434";"155761631";"A01";"2";"33";"8";"0";"1";"1";"1";""
"202400011435";"155761628";"A01";"1";"7";"13";"0";"9";"14";"1";""
"202400011435";"155761630";"B01";"1";"7";"0";"2";"2";"21";"1";""
"202400011436";"155761627";"A01";"1";"7";"13";"2";"1";"1";"1";""
"202400011436";"155761629";"B01";"2";"7";"13";"2";"1";"1";"1";""
"202400011437";"155761626";"A01";"1";"7";"13";"0";"9";"0";"1";""
"202400011438";"155761625";"A01";"1";"7";"15";"9";"1";"1";"1";""
"202400011439";"155761622";"A01";"1";"10";"0";"2";"3";"13";"1";""
"202400011439";"155761624";"B01";"2";"7";"0";"2";"3";"1";"1";""
"202400011440";"155761621";"A01";"1";"7";"0";"2";"3";"13";"1";""
"202400011440";"155761623";"B01";"2";"7";"0";"2";"6";"21";"1";""
"202400011441";"155761618";"B01";"2";"7";"0";"2";"7";"1";"1";""
"202400011441";"155761620";"A01";"0";"32";"0";"2";"1";"1";"1";""
"202400011442";"155761617";"A01";"1";"10";"0";"2";"2";"1";"1";""
"202400011442";"155761619";"B01";"1";"3";"0";"2";"3";"19";"1";""
"202400011443";"155761615";"A01";"1";"7";"0";"2";"1";"1";"1";""
"202400011443";"155761616";"B01";"2";"7";"0";"2";"1";"1";"1";""
"202400011444";"155761613";"A01";"1";"2";"0";"2";"1";"26";"1";""
"202400011444";"155761614";"B01";"1";"7";"0";"2";"3";"1";"1";""
"202400011445";"155761609";"B01";"1";"10";"0";"9";"3";"1";"1";""
"202400011445";"155761610";"C01";"1";"7";"6";"9";"1";"1";"1";""
"202400011445";"155761611";"A01";"1";"1";"0";"2";"4";"2";"5";""
"202400011445";"155761612";"D01";"1";"10";"0";"2";"7";"2";"0";""
"202400011446";"155761605";"A01";"1";"7";"0";"2";"2";"17";"1";""
"202400011446";"155761606";"B01";"1";"7";"2";"0";"7";"1";"1";""
"202400011447";"155761603";"B01";"1";"7";"4";"0";"4";"1";"1";""
"202400011447";"155761604";"A01";"1";"7";"0";"2";"1";"1";"1";""
"202400011448";"155761602";"A01";"2";"7";"13";"0";"9";"2";"1";""
"202400011449";"155761600";"B01";"1";"7";"0";"0";"3";"15";"1";""
"202400011449";"155761601";"A01";"1";"7";"0";"0";"2";"17";"1";""
"202400011450";"155761599";"A01";"3";"33";"12";"1";"3";"26";"1";""
"202400011451";"155761598";"A01";"3";"36";"13";"0";"2";"15";"1";""
"202400011452";"155761596";"A01";"2";"7";"13";"0";"1";"1";"1";""
"202400011453";"155761597";"A01";"2";"33";"0";"0";"9";"9";"1";""
"202400011454";"155761593";"A01";"3";"34";"0";"2";"1";"2";"1";""
"202400011454";"155761595";"B01";"3";"7";"0";"2";"8";"10";"2";""
"202400011455";"155761592";"B01";"1";"7";"0";"2";"3";"1";"1";""
"202400011455";"155761594";"A01";"2";"33";"0";"2";"1";"13";"1";""
"202400011456";"155761589";"A01";"1";"14";"0";"2";"2";"1";"1";""
"202400011456";"155761591";"B01";"1";"1";"0";"2";"0";"1";"5";""
"202400011457";"155761588";"B01";"1";"10";"0";"9";"5";"15";"1";""
"202400011457";"155761590";"A01";"2";"33";"0";"2";"0";"1";"1";""
"202400011458";"155761586";"A01";"1";"33";"0";"2";"1";"1";"1";""
"202400011458";"155761587";"B01";"1";"7";"0";"2";"5";"1";"1";""
"202400011459";"155761585";"A01";"0";"7";"2";"0";"1";"26";"1";""
"202400011460";"155761584";"A01";"2";"2";"16";"0";"8";"13";"1";""
"202400011461";"155761583";"A01";"1";"7";"0";"0";"0";"6";"1";""
"202400011462";"155761582";"A01";"1";"33";"0";"5";"1";"1";"1";""
"202400011463";"155761580";"A01";"1";"7";"0";"2";"1";"17";"1";""
"202400011463";"155761581";"B01";"2";"7";"0";"2";"1";"1";"1";""
"202400011464";"155761578";"A01";"1";"7";"0";"2";"1";"13";"1";""
"202400011464";"155761579";"B01";"2";"7";"0";"2";"1";"1";"1";""
"202400011465";"155761575";"A01";"2";"7";"0";"2";"8";"9";"6";""
"202400011465";"155761576";"B01";"2";"33";"14";"2";"1";"1";"0";""
"202400011466";"155761574";"A01";"2";"17";"0";"0";"0";"0";"0";""
"202400011467";"155761571";"A01";"1";"7";"0";"0";"2";"15";"1";""
"202400011467";"155761573";"B01";"2";"10";"0";"2";"3";"1";"1";""
"202400011468";"155761570";"A01";"2";"7";"0";"2";"2";"15";"1";""
"202400011468";"155761572";"B01";"2";"33";"0";"2";"1";"1";"1";""
"202400011469";"155761569";"A01";"3";"1";"0";"0";" -1";"23";"5";""
"202400011470";"155761567";"A01";"2";"7";"0";"2";"1";"0";"1";""
"202400011470";"155761568";"B01";"1";"7";"0";"2";"3";"0";"1";""
"202400011471";"155761565";"A01";"1";"7";"0";"0";"8";"19";"1";""
"202400011471";"155761566";"B01";"1";"10";"0";"2";"1";"1";"1";""
"202400011472";"155761561";"C01";"2";"7";"0";"0";"4";"1";"2";""
"202400011472";"155761563";"B01";"2";"10";"0";"2";"4";"1";"1";""
"202400011472";"155761564";"A01";"2";"10";"0";"2";"1";"1";"1";""
"202400011473";"155761560";"B01";"1";"33";"15";"0";"1";"1";"1";""
"202400011473";"155761562";"A01";"2";"7";"0";"0";"0";"19";"1";""
"202400011474";"155761559";"A01";"3";"7";"14";"0";"1";"2";"1";""
"202400011475";"155761558";"A01";"2";"36";"8";"0";"9";"1";"1";""
"202400011476";"155761557";"A01";"1";"7";"0";"9";"1";"1";"1";""
"202400011477";"155761556";"A01";"1";"7";"16";"0";"1";"0";"1";""
"202400011478";"155761553";"A01";"1";"7";"0";"2";"1";"2";"1";""
"202400011478";"155761555";"B01";"1";"7";"0";"2";"4";"2";"1";""
"202400011479";"155761552";"A01";"2";"10";"0";"2";"1";"17";"1";""
"202400011479";"155761554";"B01";"2";"7";"0";"2";"8";"15";"1";""
"202400011480";"155761551";"A01";"1";"33";"16";"0";"1";"16";"1";""
"202400011481";"155761548";"A01";"1";"7";"4";"2";"1";"14";"1";""
"202400011481";"155761550";"B01";"1";"7";"4";"2";"6";"1";"1";""
"202400011482";"155761547";"B01";"1";"33";"0";"2";"1";"1";"1";""
"202400011482";"155761549";"A01";"2";"7";"0";"0";"3";"19";"2";""
"202400011483";"155761544";"B01";"2";"7";"0";"2";"6";"13";"1";""
"202400011483";"155761546";"A01";"2";"33";"0";"2";"3";"17";"1";""
"202400011484";"155761543";"A01";"2";"7";"0";"2";"2";"19";"1";""
"202400011484";"155761545";"B01";"2";"33";"0";"2";"1";"1";"1";""
"202400011485";"155761541";"A01";"1";"7";"4";"2";"1";"9";"3";""
"202400011485";"155761542";"B01";"1";"7";"1";"0";"3";"1";"1";""
"202400011486";"155761538";"A01";"1";"7";"3";"0";"1";"1";"1";""
"202400011487";"155761536";"A01";"1";"7";"0";"2";"1";"1";"1";""
"202400011487";"155761537";"B01";"2";"7";"0";"2";"1";"15";"1";""
"202400011488";"155761532";"A01";"2";"10";"2";"0";"1";"0";"1";""
"202400011489";"155761533";"A01";"2";"33";"0";"2";"2";"3";"1";""
"202400011489";"155761534";"B01";"2";"7";"0";"2";"3";"11";"1";""
"202400011489";"155761535";"C01";"2";"7";"0";"2";"5";"1";"1";""
"202400011490";"155761530";"A01";"2";"7";"4";"0";"1";"1";"1";""
"202400011491";"155761529";"A01";"1";"21";"0";"2";"3";"13";"1";""
"202400011491";"155761531";"B01";"2";"7";"0";"2";"3";"1";"1";""
"202400011492";"155761524";"A01";"1";"30";"0";"2";"1";"17";"1";""
"202400011492";"155761526";"B01";"2";"7";"0";"2";"3";"1";"1";""
"202400011492";"155761527";"C01";"1";"10";"0";"0";"6";"2";"1";""
"202400011493";"155761522";"A01";"1";"33";"15";"0";"8";"1";"1";""
"202400011494";"155761520";"C01";"2";"7";"0";"2";"4";"2";"1";""
"202400011494";"155761521";"D01";"2";"7";"0";"2";"4";"2";"1";""
"202400011494";"155761523";"E01";"2";"7";"0";"2";"4";"2";"3";""
"202400011494";"155761525";"B01";"2";"7";"0";"2";"4";"2";"1";""
"202400011494";"155761528";"A01";"2";"10";"0";"2";"1";"2";"1";""
"202400011495";"155761518";"A01";"1";"7";"0";"2";"1";"1";"1";""
"202400011495";"155761519";"B01";"2";"7";"0";"2";"1";"13";"1";""
"202400011496";"155761517";"A01";"2";"7";"0";"1";"2";"2";"1";""
"202400011497";"155761516";"A01";"1";"7";"16";"0";"0";"1";"1";""
"202400011498";"155761513";"B01";"3";"7";"0";"2";"3";"1";"1";""
"202400011498";"155761515";"A01";"3";"2";"0";"2";"6";"26";"1";""
"202400011499";"155761512";"A01";"1";"7";"0";"9";"2";"16";"1";""
"202400011499";"155761514";"B01";"1";"2";"0";"2";"8";"1";"1";""
"202400011500";"155761511";"A01";"2";"32";"8";"0";"1";"1";"1";""
"202400011501";"155761509";"A01";"2";"1";"0";"2";"1";"1";"5";""
"202400011501";"155761510";"B01";"1";"7";"0";"2";"1";"1";"1";""
"202400011502";"155761507";"B01";"2";"33";"0";"2";"7";"1";"1";""
"202400011502";"155761508";"A01";"1";"7";"0";"2";"2";"15";"1";""
"202400011503";"155761505";"A01";"1";"33";"0";"2";"1";"17";"1";""
"202400011503";"155761506";"B01";"1";"7";"0";"2";"3";"15";"1";""
"202400011504";"155761503";"A01";"2";"2";"0";"2";"1";"5";"1";""
"202400011504";"155761504";"B01";"1";"7";"0";"2";"2";"13";"1";""
"202400011505";"155761501";"A01";"1";"50";"0";"2";"0";"0";"3";""
"202400011505";"155761502";"B01";"3";"7";"0";"2";"1";"2";"1";""
"202400011506";"155761499";"B01";"2";"2";"0";"2";"1";"1";"1";""
"202400011506";"155761500";"A01";"1";"7";"0";"2";"3";"19";"1";""
"202400011507";"155761496";"A01";"1";"7";"0";"2";"1";"19";"1";""
"202400011507";"155761498";"B01";"1";"7";"0";"2";"1";"23";"1";""
"202400011508";"155761495";"B01";"2";"1";"0";"2";"1";"5";"5";""
"202400011508";"155761497";"A01";"1";"7";"0";"2";"1";"9";"1";""
"202400011509";"155761492";"A01";"2";"33";"0";"2";"3";"17";"1";""
"202400011509";"155761493";"B01";"2";"7";"0";"2";"3";"13";"2";""
"202400011510";"155761491";"B01";"3";"7";"0";"2";"1";"1";"1";""
"202400011510";"155761494";"A01";"3";"32";"0";"2";"1";"17";"1";""
"202400011511";"155761489";"A01";"1";"2";"0";"2";"2";"1";"1";""
"202400011511";"155761490";"B01";"1";"7";"0";"2";"3";"15";"1";""
"202400011512";"155761487";"A01";"1";"34";"0";"2";"1";"17";"1";""
"202400011512";"155761488";"B01";"1";"7";"0";"2";"3";"15";"3";""
"202400011513";"155761486";"A01";"1";"7";"0";"1";"2";"1";"1";""
"202400011514";"155761485";"A01";"1";"10";"0";"1";"2";"1";"1";""
"202400011515";"155761481";"A01";"2";"7";"1";"0";"4";"1";"1";""
"202400011515";"155761482";"B01";"2";"7";"0";"2";"1";"2";"1";""
"202400011515";"155761484";"C01";"2";"15";"0";"0";"8";"24";"1";""
"202400011516";"155761480";"A01";"2";"2";"0";"2";"8";"1";"3";""
"202400011516";"155761483";"B01";"1";"7";"0";"2";"1";"1";"1";""
"202400011517";"155761478";"B01";"1";"7";"0";"2";"3";"1";"1";""
"202400011517";"155761479";"A01";"2";"37";"0";"2";"2";"1";"1";"1"
"202400011518";"155761476";"A01";"2";"7";"0";"2";"0";"0";"1";""
"202400011518";"155761477";"B01";"2";"7";"0";"2";"0";"0";"1";""
"202400011519";"155761474";"A01";"2";"7";"13";"2";"2";"13";"1";""
"202400011519";"155761475";"B01";"1";"38";"0";"0";"8";"1";"1";"1"
"202400011520";"155761473";"Z01";"3";"0";"0";"0";"0";"0";"0";""
"202400011521";"155761471";"A01";"2";"7";"0";"2";"7";"13";"1";""
"202400011521";"155761472";"B01";"1";"13";"0";"2";"1";"1";"1";""
"202400011522";"155761470";"A01";"1";"7";"0";"1";"2";"21";"1";""
"202400011523";"155761468";"A01";"1";"7";"0";"2";"2";"15";"1";""
"202400011523";"155761469";"B01";"2";"30";"0";"2";"1";"1";"1";""
"202400011524";"155761467";"B01";"0";"50";"1";"0";"3";"0";"3";""
"202400011525";"155761465";"A01";"2";"7";"0";"2";"3";"6";"3";""
"202400011525";"155761466";"B01";"2";"33";"0";"2";"1";"6";"1";""
"202400011526";"155761464";"A01";"2";"10";"0";"1";"1";"1";"1";""
"202400011527";"155761463";"A01";"2";"31";"13";"0";"0";"1";"1";""
"202400011528";"155761459";"A01";"1";"7";"0";"0";"1";"1";"1";""
"202400011528";"155761461";"B01";"2";"50";"0";"0";"1";"1";"3";""
"202400011529";"155761458";"C01";"2";"7";"0";"2";"1";"23";"2";""
"202400011529";"155761460";"B01";"1";"33";"0";"2";"1";"1";"1";""
"202400011529";"155761462";"A01";"2";"7";"0";"2";"7";"15";"1";""
"202400011530";"155761456";"A01";"1";"7";"0";"0";"4";"9";"1";""
"202400011530";"155761457";"B01";"1";"7";"0";"2";"1";"1";"1";""
"202400011531";"155761453";"B01";"1";"7";"0";"2";"3";"1";"1";""
"202400011531";"155761455";"A01";"1";"50";"0";"2";"7";"19";"3";""
"202400011532";"155761451";"A01";"1";"31";"0";"2";"1";"13";"1";""
"202400011532";"155761452";"B01";"2";"10";"0";"2";"1";"1";"1";""
"202400011532";"155761454";"C01";"1";"7";"0";"2";"3";"2";"3";""
"202400011533";"155761447";"A01";"3";"7";"0";"2";"1";"9";"1";""
"202400011533";"155761448";"B01";"1";"7";"0";"2";"8";"1";"1";""
"202400011534";"155761445";"A01";"1";"7";"0";"0";"3";"9";"1";""
"202400011534";"155761446";"B01";"2";"2";"0";"2";"1";"1";"1";""
"202400011535";"155761444";"A01";"1";"7";"0";"0";" -1";"1";"1";""
"202400011536";"155761440";"A01";"1";"7";"0";"2";"2";"16";"1";""
"202400011536";"155761442";"B01";"3";"34";"0";"2";"3";"14";"1";""
"202400011537";"155761441";"B01";"2";"33";"0";"2";"1";"1";"1";""
"202400011537";"155761443";"A01";"2";"7";"0";"2";"1";"15";"2";""
"202400011538";"155761436";"A01";"2";"7";"0";"2";"2";"15";"1";""
"202400011538";"155761438";"B01";"2";"2";"1";"2";"1";"1";"1";""
"202400011539";"155761437";"A01";"2";"7";"0";"2";"1";"17";"1";""
"202400011539";"155761439";"B01";"1";"7";"0";"2";"1";"1";"1";""
"202400011540";"155761435";"A01";"3";"7";"2";"0";"1";"26";"1";""
"202400011541";"155761434";"A01";"1";"33";"0";"0";"8";"1";"1";""
"202400011542";"155761431";"A01";"0";"50";"0";"2";"1";"7";"3";""
"202400011542";"155761433";"B01";"1";"7";"0";"2";"1";"1";"1";""
"202400011543";"155761430";"A01";"3";"1";"0";"2";"3";"13";"5";""
"202400011543";"155761432";"B01";"3";"7";"0";"9";"3";"1";"1";""
"202400011544";"155761427";"A01";"1";"80";"0";"2";"1";"1";"3";""
"202400011544";"155761428";"B01";"1";"7";"0";"2";"5";"12";"1";""
"202400011545";"155761422";"B01";"1";"1";"0";"2";"2";"0";"5";""
"202400011545";"155761425";"A01";"1";"7";"0";"9";"4";"16";"1";""
"202400011546";"155761419";"D01";"2";"7";"0";"0";"1";"0";"0";""
"202400011546";"155761420";"E01";"2";"7";"0";"0";"8";"0";"0";""
"202400011546";"155761421";"B01";"2";"7";"0";"0";"0";"0";"0";""
"202400011546";"155761423";"C01";"2";"7";"0";"0";"1";"0";"0";""
"202400011546";"155761424";"A01";"1";"7";"0";"2";"8";"1";"1";""
"202400011547";"155761415";"A01";"1";"2";"0";"2";"7";"1";"1";""
"202400011547";"155761417";"B01";"2";"7";"0";"2";"2";"1";"1";""
"202400011547";"155761418";"C01";"0";"7";"0";"2";"2";"15";"0";""
"202400011548";"155761414";"A01";"1";"33";"0";"2";"1";"17";"1";""
"202400011548";"155761416";"B01";"0";"7";"0";"0";"3";"15";"2";""
"202400011549";"155761410";"B01";"1";"7";"0";"0";"8";"1";"1";""
"202400011549";"155761412";"A01";"1";"17";"0";"0";"2";"12";"1";""
"202400011550";"155761411";"A01";"2";"33";"0";"2";"2";"18";"1";""
"202400011550";"155761413";"B01";"1";"7";"0";"2";"3";"13";"2";""
"202400011551";"155761406";"A01";"2";"7";"15";"2";"7";"15";"1";""
"202400011551";"155761408";"B01";"2";"7";"0";"2";"1";"0";"1";""
"202400011552";"155761405";"A01";"1";"7";"0";"1";"2";"1";"1";""
"202400011553";"155761402";"A01";"2";"7";"0";"2";"1";"13";"1";""
"202400011553";"155761403";"B01";"1";"7";"0";"2";"3";"19";"1";""
"202400011554";"155761401";"A01";"2";"2";"0";"0";"0";"1";"1";""
"202400011555";"155761399";"B01";"1";"1";"0";"0";"4";"2";"5";""
"202400011555";"155761400";"A01";"1";"7";"0";"0";"1";"2";"1";""
"202400011556";"155761397";"B01";"2";"7";"3";"2";"2";"14";"1";""
"202400011556";"155761398";"A01";"2";"7";"0";"2";"6";"1";"1";""
"202400011557";"155761394";"C01";"1";"7";"0";"2";"1";"1";"1";""
"202400011557";"155761395";"A01";"1";"7";"0";"2";"4";"1";"1";""
"202400011557";"155761396";"B01";"1";"7";"0";"2";"1";"1";"1";""
"202400011558";"155761388";"B01";"1";"7";"1";"0";"1";"14";"1";""
"202400011558";"155761389";"D01";"1";"7";"0";"2";"1";"1";"1";""
"202400011558";"155761390";"E01";"1";"7";"0";"2";"4";"1";"1";""
"202400011558";"155761391";"F01";"1";"7";"0";"2";"1";"1";"1";""
"202400011558";"155761392";"A01";"1";"14";"0";"2";"6";"23";"1";""
"202400011558";"155761393";"C01";"1";"7";"0";"2";"4";"1";"2";""
"202400011559";"155761387";"A01";"1";"7";"5";"0";"2";"14";"1";""
"202400011560";"155761385";"A01";"2";"33";"0";"2";"5";"2";"1";""
"202400011560";"155761386";"B01";"2";"7";"0";"2";"5";"2";"1";""
"202400011561";"155761383";"A01";"1";"7";"0";"2";"0";"12";"1";""
"202400011561";"155761384";"B01";"1";"33";"0";"9";"1";"0";"1";""
"202400011562";"155761380";"C01";"1";"7";"0";"2";"4";"2";"1";""
"202400011562";"155761381";"A01";"1";"7";"0";"2";"4";"1";"1";""
"202400011562";"155761382";"B01";"1";"7";"0";"2";"1";"2";"1";""
"202400011563";"155761378";"B01";"1";"17";"0";"2";"4";"2";"1";""
"202400011563";"155761379";"A01";"1";"10";"0";"2";"1";"2";"1";""
"202400011564";"155761376";"A01";"2";"7";"5";"0";"2";"1";"1";""
"202400011564";"155761377";"B01";"1";"38";"5";"0";"2";"1";"1";"1"
"202400011565";"155761373";"A01";"2";"10";"0";"2";"1";"1";"1";""
"202400011565";"155761374";"B01";"2";"7";"0";"2";"4";"0";"1";""
"202400011565";"155761375";"C01";"2";"7";"0";"2";"6";"1";"1";""
"202400011566";"155761372";"A01";"1";"7";"4";"0";"1";"21";"1";""
"202400011567";"155761370";"A01";"2";"7";"0";"2";"8";"11";"1";""
"202400011567";"155761371";"B01";"2";"34";"0";"2";"1";"3";"1";""
"202400011568";"155761369";"B01";"1";"7";"6";"0";"1";"1";"1";""
"202400011569";"155761367";"A01";"1";"43";"0";"2";"2";"3";"1";""
"202400011569";"155761368";"B01";"1";"7";"0";"2";"3";"11";"1";""
"202400011570";"155761365";"A01";"1";"7";"0";"2";"1";"2";"1";""
"202400011570";"155761366";"B01";"1";"7";"0";"2";"4";"2";"2";""
"202400011571";"155761362";"A01";"1";"33";"0";"2";"1";"3";"1";""
"202400011571";"155761363";"B01";"1";"7";"0";"2";"7";"12";"1";""
"202400011571";"155761364";"C01";"1";"7";"0";"2";"5";"2";"1";""
"202400011572";"155761360";"A01";"1";"7";"4";"2";"2";"1";"1";""
"202400011572";"155761361";"B01";"1";"7";"0";"2";"0";"0";"0";""
"202400011573";"155761358";"A01";"2";"33";"0";"2";"3";"3";"1";""
"202400011573";"155761359";"B01";"2";"7";"0";"2";"7";"12";"1";""
"202400011574";"155761356";"A01";"2";"7";"0";"2";"1";"2";"1";""
"202400011574";"155761357";"B01";"2";"38";"0";"2";"4";"1";"1";"1"
"202400011575";"155761354";"B01";"2";"43";"0";"2";"1";"3";"1";""
"202400011575";"155761355";"A01";"2";"7";"0";"2";"4";"1";"1";""
"202400011576";"155761352";"B01";"1";"7";"0";"2";"1";"2";"1";""
"202400011576";"155761353";"A01";"1";"7";"0";"2";"4";"2";"1";""
"202400011577";"155761350";"B01";"1";"10";"0";"2";"4";"2";"1";""
"202400011577";"155761351";"A01";"1";"10";"0";"2";"1";"2";"1";""
"202400011578";"155761349";"A01";"1";"7";"0";"1";"1";"15";"1";""
"202400011579";"155761348";"A01";"1";"30";"13";"0";"1";"1";"1";""
"202400011580";"155761346";"A01";"2";"7";"0";"2";"0";"0";"1";""
"202400011580";"155761347";"B01";"2";"60";"0";"2";"0";"0";"5";""
"202400011581";"155761344";"A01";"1";"7";"0";"2";"8";"15";"1";""
"202400011581";"155761345";"B01";"1";"32";"0";"2";"7";"17";"1";""
"202400011582";"155761342";"A01";"1";"7";"0";"1";"3";"1";"1";""
"202400011583";"155761340";"A01";"0";"30";"14";"2";"1";"17";"1";""
"202400011583";"155761341";"B01";"0";"7";"0";"2";"1";"2";"1";""
"202400011584";"155761338";"A01";"1";"7";"0";"2";"3";"22";"2";""
"202400011584";"155761339";"B01";"1";"1";"1";"0";"1";"1";"5";""
"202400011585";"155761337";"A01";"0";"7";"0";"1";"4";"4";"1";""
"202400011586";"155761336";"A01";"2";"7";"0";"1";"3";"15";"2";""
"202400011587";"155761334";"B01";"3";"1";"0";"2";"8";"19";"5";""
"202400011587";"155761335";"Z01";"3";"2";"0";"2";"1";"1";"1";""
"202400011588";"155761332";"A01";"1";"7";"8";"2";"1";"15";"1";""
"202400011588";"155761333";"B01";"2";"37";"0";"2";"2";"16";"1";"1"
"202400011589";"155761331";"A01";"2";"7";"0";"1";"3";"1";"1";""
"202400011590";"155761329";"A01";"1";"7";"4";"0";"2";"14";"3";""
"202400011591";"155761328";"A01";"2";"33";"0";"0";"8";"1";"1";""
"202400011592";"155761326";"A01";"1";"7";"1";"2";"1";"14";"1";""
"202400011592";"155761327";"B01";"2";"14";"0";"2";"1";"24";"1";""
"202400011593";"155761323";"C01";"2";"7";"0";"2";"2";"1";"1";""
"202400011593";"155761324";"B01";"2";"7";"0";"2";"2";"1";"1";""
"202400011593";"155761325";"A01";"2";"7";"0";"2";"3";"9";"1";""
"202400011594";"155761322";"A01";"2";"37";"0";"1";"2";"21";"2";"1"
"202400011595";"155761320";"A01";"1";"14";"0";"2";"2";"9";"1";""
"202400011595";"155761321";"B01";"1";"1";"0";"2";"8";"2";"5";""
"202400011596";"155761318";"A01";"1";"50";"0";"2";"1";"9";"3";""
"202400011596";"155761319";"B01";"1";"7";"0";"2";"6";"9";"1";""
"202400011597";"155761316";"B01";"3";"1";"0";"2";"1";"26";"5";""
"202400011597";"155761317";"A01";"3";"37";"0";"9";"1";"1";"1";"1"
"202400011598";"155761315";"A01";"3";"7";"0";"1";"1";"1";"1";""
"202400011599";"155761313";"A01";"2";"7";"0";"2";"7";"15";"1";""
"202400011599";"155761314";"B01";"1";"7";"0";"2";"1";"1";"1";""
"202400011600";"155761311";"A01";"3";"7";"0";"9";"8";"15";"1";""
"202400011600";"155761312";"B01";"3";"60";"0";"2";"1";"19";"5";""
"202400011601";"155761309";"B01";"2";"31";"0";"2";"1";"1";"1";""
"202400011601";"155761310";"A01";"1";"7";"0";"2";"1";"11";"1";""
"202400011602";"155761307";"A01";"2";"7";"0";"2";"3";"13";"3";""
"202400011602";"155761308";"B01";"1";"7";"1";"2";"3";"1";"1";""
"202400011603";"155761305";"B01";"2";"7";"0";"2";"7";"1";"0";""
"202400011603";"155761306";"A01";"2";"37";"0";"2";"1";"1";"0";"1"
"202400011604";"155761304";"A01";"2";"7";"2";"0";"1";"13";"1";""
"202400011605";"155761302";"A01";"2";"31";"0";"2";"0";"9";"1";""
"202400011605";"155761303";"B01";"0";"33";"0";"0";"0";"0";"0";""
"202400011606";"155761300";"A01";"2";"2";"0";"2";"1";"1";"1";""
"202400011606";"155761301";"B01";"2";"7";"0";"2";"4";"23";"1";""
"202400011607";"155761299";"A01";"2";"7";"0";"1";"3";"15";"1";""
"202400011608";"155761298";"A01";"3";"7";"6";"0";"1";"1";"1";""
"202400011609";"155761296";"A01";"2";"7";"0";"2";"3";"15";"1";""
"202400011609";"155761297";"B01";"2";"1";"0";"2";"1";"1";"5";""
"202400011610";"155761293";"B01";"0";"7";"0";"0";"0";"0";"0";""
"202400011610";"155761294";"A01";"0";"7";"0";"0";"0";"0";"1";""
"202400011610";"155761295";"C01";"0";"7";"0";"0";"0";"0";"1";""
"202400011611";"155761291";"A01";"1";"7";"1";"2";"8";"15";"1";""
"202400011611";"155761292";"B01";"1";"2";"1";"2";"1";"1";"1";""
"202400011612";"155761289";"A01";"3";"43";"0";"2";"7";"17";"1";""
"202400011612";"155761290";"Z01";"3";"7";"0";"2";"3";"10";"0";""
"202400011613";"155761286";"A01";"2";"33";"0";"2";"1";"1";"1";""
"202400011613";"155761287";"B01";"1";"7";"0";"2";"7";"15";"1";""
"202400011613";"155761288";"C01";"1";"7";"0";"2";"1";"23";"1";""
"202400011614";"155761285";"A01";"0";"32";"0";"2";"2";"17";"1";""
"202400011615";"155761283";"A01";"3";"7";"0";"2";"1";"26";"6";""
"202400011615";"155761284";"B01";"3";"7";"0";"2";"1";"1";"1";""