"Num_Acc";"id_vehicule";"num_veh";"senc";"catv";"obs";"obsm";"choc";"manv";"motor";"occutc"
"202400011616";"155761281";"B01";"2";"7";"8";"2";"7";"10";"1";""
"202400011616";"155761282";"A01";"1";"33";"0";"2";"1";"1";"1";""
"202400011617";"155761280";"A01";"1";"7";"0";"1";"2";"1";"1";""
"202400011618";"155761278";"B01";"2";"7";"0";"2";"6";"1";"1";""
"202400011618";"155761279";"A01";"2";"33";"0";"2";"1";"3";"1";""
"202400011619";"155761276";"A01";"2";"43";"0";"2";"1";"3";"1";""
"202400011619";"155761277";"B01";"2";"33";"0";"2";"4";"12";"1";""
"202400011620";"155761274";"A01";"1";"31";"0";"2";"2";"1";"1";""
"202400011620";"155761275";"B01";"1";"3";"0";"2";"6";"1";"1";""
"202400011621";"155761272";"A01";"2";"1";"0";"0";"0";"0";"5";""
"202400011621";"155761273";"B01";"0";"1";"0";"0";"0";"0";"5";""
"202400011622";"155761271";"A01";"1";"32";"0";"1";"7";"1";"1";""
"202400011623";"155761270";"A01";"1";"1";"1";"0";"1";"21";"5";""
"202400011624";"155761268";"A01";"3";"30";"9";"2";"3";"17";"3";""
"202400011624";"155761269";"B01";"3";"7";"9";"2";"2";"1";"1";""
"202400011625";"155761266";"A01";"2";"7";"0";"2";"3";"13";"1";""
"202400011625";"155761267";"B01";"2";"7";"0";"2";"5";"1";"2";""
"202400011626";"155761265";"A01";"2";"2";"0";"0";"0";"1";"3";""
"202400011627";"155761264";"A01";"1";"7";"1";"0";"2";"1";"1";""
"202400011628";"155761263";"A01";"1";"7";"9";"0";"1";"26";"1";""
"202400011629";"155761261";"B01";"1";"33";"0";"2";"2";"1";"1";""
"202400011629";"155761262";"A01";"1";"7";"0";"2";"3";"15";"2";""
"202400011630";"155761260";"A01";"3";"7";"0";"1";"1";"26";"0";""
"202400011631";"155761258";"A01";"0";"37";"0";"0";"0";"0";"4";"1"
"202400011631";"155761259";"B01";"0";"50";"0";"0";"0";"0";"3";""
"202400011632";"155761256";"B01";"3";"7";"0";"2";"1";"1";"3";""
"202400011632";"155761257";"A01";"3";"7";"0";"2";"2";"1";"3";""
"202400011633";"155761254";"B01";"0";"7";"0";"0";"6";"1";"1";""
"202400011633";"155761255";"A01";"1";"7";"0";"2";"1";"1";"2";""
"202400011634";"155761253";"A01";"1";"7";"0";"1";"3";"1";"1";""
"202400011635";"155761251";"A01";"2";"32";"0";"2";"7";"1";"1";""
"202400011635";"155761252";"B01";"2";"7";"0";"2";"1";"1";"1";""
"202400011636";"155761250";"A01";"0";"7";"0";"1";"2";"16";"1";""
"202400011637";"155761248";"A01";"1";"7";"0";"2";"1";"9";"1";""
"202400011637";"155761249";"B01";"1";"7";"0";"2";"7";"1";"1";""
"202400011638";"155761246";"A01";"1";"32";"0";"2";"0";"1";"1";""
"202400011638";"155761247";"Z01";"2";"10";"0";"2";"0";"26";"0";""
"202400011639";"155761245";"A01";"2";"33";"0";"0";"3";"1";"1";""
"202400011640";"155761244";"A01";"1";"7";"3";"0";"9";"2";"1";""
"202400011641";"155761243";"A01";"2";"7";"2";"0";"2";"17";"1";""
"202400011642";"155761242";"A01";"2";"32";"0";"0";"0";"13";"1";""
"202400011643";"155761241";"A01";"3";"2";"0";"0";"9";"2";"1";""
"202400011644";"155761239";"A01";"1";"7";"0";"2";"1";"0";"1";""
"202400011644";"155761240";"B01";"2";"7";"0";"2";"1";"0";"1";""
"202400011645";"155761238";"A01";"2";"7";"3";"1";"2";"1";"1";""
"202400011646";"155761236";"B01";"1";"33";"0";"2";"2";"17";"1";""
"202400011646";"155761237";"A01";"1";"7";"0";"2";"3";"10";"1";""
"202400011647";"155761234";"A01";"1";"38";"0";"0";"4";"2";"1";"1"
"202400011647";"155761235";"B01";"1";"37";"0";"2";"1";"2";"1";"1"
"202400011648";"155761232";"B01";"2";"10";"0";"0";"8";"1";"1";""
"202400011648";"155761233";"A01";"1";"7";"0";"2";"1";"1";"1";""
"202400011649";"155761230";"B01";"2";"2";"0";"2";"3";"1";"1";""
"202400011649";"155761231";"A01";"1";"10";"0";"2";"3";"6";"1";""
"202400011650";"155761228";"A01";"2";"33";"0";"2";"2";"17";"1";""
"202400011650";"155761229";"B01";"2";"7";"0";"2";"8";"15";"1";""
"202400011651";"155761227";"A01";"1";"7";"13";"0";"9";"1";"1";""
"202400011652";"155761226";"A01";"2";"7";"2";"0";"1";"1";"1";""
"202400011653";"155761224";"B01";"1";"33";"0";"2";"7";"1";"1";""
"202400011653";"155761225";"A01";"1";"10";"0";"2";"3";"19";"1";""
"202400011654";"155761223";"A01";"2";"7";"2";"0";"1";"13";"0";""
"202400011655";"155761222";"A01";"1";"7";"13";"0";"9";"1";"1";""
"202400011656";"155761220";"B01";"2";"1";"0";"2";"8";"1";"5";""
"202400011656";"155761221";"A01";"2";"7";"0";"2";"2";"1";"1";""
"202400011657";"155761217";"C01";"2";"7";"0";"2";"1";"0";"1";""
"202400011657";"155761218";"A01";"1";"7";"0";"0";"1";"5";"1";""
"202400011657";"155761219";"B01";"2";"7";"3";"2";"1";"0";"1";""
"202400011658";"155761214";"A01";"2";"33";"0";"2";"1";"1";"1";""
"202400011658";"155761215";"B01";"1";"7";"0";"2";"5";"15";"1";""
"202400011658";"155761216";"C01";"2";"7";"6";"0";"7";"18";"1";""
"202400011659";"155761212";"B01";"3";"7";"16";"2";"8";"2";"1";""
"202400011659";"155761213";"A01";"3";"7";"7";"2";"1";"19";"1";""
"202400011660";"155761210";"B01";"1";"7";"5";"0";"3";"13";"1";""
"202400011660";"155761211";"A01";"2";"7";"5";"0";"3";"13";"1";""
"202400011661";"155761208";"A01";"2";"7";"0";"2";"1";"13";"1";""
"202400011661";"155761209";"B01";"1";"10";"0";"2";"1";"1";"1";""
"202400011662";"155761207";"A01";"2";"7";"0";"9";"2";"19";"1";""
"202400011663";"155761206";"A01";"1";"33";"0";"0";"0";"0";"1";""
"202400011664";"155761204";"A01";"1";"80";"0";"0";"0";"1";"3";""
"202400011665";"155761201";"D01";"1";"1";"0";"2";"3";"1";"5";""
"202400011665";"155761202";"A01";"1";"7";"0";"2";"3";"13";"1";""
"202400011665";"155761203";"B01";"1";"1";"0";"2";"3";"1";"5";""
"202400011665";"155761205";"C01";"1";"1";"0";"2";"3";"1";"5";""
"202400011666";"155761199";"B01";"3";"7";"0";"2";"6";"9";"1";""
"202400011666";"155761200";"A01";"1";"33";"0";"2";"1";"21";"1";""
"202400011667";"155761197";"A01";"1";"10";"0";"1";"4";"4";"1";""
"202400011668";"155761194";"B01";"1";"1";"0";"2";"4";"13";"5";""
"202400011668";"155761195";"A01";"1";"7";"0";"2";"2";"17";"1";""
"202400011669";"155761193";"A01";"2";"7";"3";"0";"1";"2";"1";""
"202400011670";"155761190";"A01";"2";"7";"0";"2";"1";"1";"2";""
"202400011670";"155761191";"B01";"2";"7";"0";"2";"6";"19";"2";""
"202400011671";"155761189";"B01";"2";"40";"0";"2";"1";"1";"3";""
"202400011671";"155761192";"A01";"2";"7";"0";"4";"8";"1";"1";""
"202400011672";"155761188";"A01";"1";"10";"2";"0";"3";"1";"0";""
"202400011673";"155761187";"A01";"1";"32";"0";"1";"1";"21";"1";""
"202400011674";"155761186";"A01";"2";"7";"13";"0";"0";"13";"0";""
"202400011675";"155761185";"A01";"1";"7";"0";"1";"7";"1";"1";""
"202400011676";"155761184";"A01";"3";"33";"6";"0";"1";"1";"0";""
"202400011677";"155761183";"A01";"0";"50";"12";"0";"3";"11";"3";""
"202400011678";"155761180";"B01";"2";"7";"6";"0";"4";"2";"1";""
"202400011678";"155761182";"A01";"2";"10";"0";"2";"1";"2";"1";""
"202400011679";"155761179";"A01";"0";"7";"0";"2";"3";"15";"1";""
"202400011679";"155761181";"B01";"0";"33";"0";"2";"1";"1";"1";""
"202400011680";"155761177";"B01";"1";"7";"0";"2";"2";"2";"1";""
"202400011680";"155761178";"A01";"1";"1";"0";"0";"8";"1";"5";""
"202400011681";"155761173";"A01";"1";"7";"2";"0";"1";"0";"1";""
"202400011682";"155761172";"A01";"1";"7";"0";"2";"1";"1";"0";""
"202400011682";"155761174";"B01";"2";"7";"0";"2";"4";"15";"1";""
"202400011682";"155761175";"C01";"1";"10";"0";"2";"4";"1";"1";""
"202400011682";"155761176";"D01";"1";"7";"0";"2";"4";"1";"1";""
"202400011683";"155761169";"A01";"1";"7";"0";"0";"2";"23";"1";""
"202400011683";"155761171";"B01";"1";"2";"0";"0";"1";"25";"3";""
"202400011684";"155761170";"A01";"2";"7";"0";"1";"1";"1";"1";""
"202400011685";"155761168";"A01";"0";"2";"0";"0";"0";"1";"3";""
"202400011686";"155761167";"A01";"1";"33";"1";"0";"1";"14";"1";""
"202400011687";"155761165";"A01";"2";"7";"0";"2";"1";"13";"1";""
"202400011687";"155761166";"B01";"1";"7";"0";"2";"1";"1";"1";""
"202400011688";"155761163";"A01";"1";"33";"0";"2";"3";"11";"1";""
"202400011688";"155761164";"B01";"1";"33";"0";"2";"5";"1";"1";""
"202400011689";"155761162";"A01";"0";"7";"0";"1";"2";"1";"1";""
"202400011690";"155761159";"B01";"1";"7";"0";"2";"4";"2";"1";""
"202400011690";"155761161";"A01";"1";"32";"0";"2";"1";"2";"1";""
"202400011691";"155761158";"B01";"2";"7";"0";"2";"1";"1";"2";""
"202400011691";"155761160";"A01";"1";"7";"0";"2";"1";"1";"1";""
"202400011692";"155761156";"A01";"2";"7";"0";"2";"8";"11";"2";""
"202400011692";"155761157";"B01";"2";"31";"0";"2";"7";"1";"1";""
"202400011693";"155761154";"A01";"1";"33";"0";"2";"1";"1";"1";""
"202400011693";"155761155";"B01";"2";"7";"0";"2";"5";"15";"1";""
"202400011694";"155761150";"C01";"1";"7";"0";"2";"4";"2";"1";""
"202400011694";"155761152";"A01";"1";"7";"0";"2";"1";"2";"1";""
"202400011694";"155761153";"B01";"1";"7";"0";"2";"4";"2";"1";""
"202400011695";"155761149";"A01";"1";"7";"0";"2";"1";"5";"1";""
"202400011695";"155761151";"B01";"2";"7";"0";"2";"1";"1";"1";""
"202400011696";"155761147";"A01";"2";"30";"0";"1";"1";"26";"1";""
"202400011697";"155761148";"A01";"1";"7";"0";"1";"2";"9";"1";""
"202400011698";"155761146";"A01";"3";"7";"0";"1";"3";"1";"1";""
"202400011699";"155761145";"A01";"1";"10";"0";"1";"1";"15";"3";""
"202400011700";"155761142";"A01";"2";"7";"0";"0";"6";"1";"1";""
"202400011700";"155761144";"B01";"2";"33";"0";"2";"1";"2";"1";""
"202400011701";"155761141";"A01";"1";"7";"0";"2";"3";"15";"1";""
"202400011701";"155761143";"B01";"2";"7";"9";"2";"3";"1";"1";""
"202400011702";"155761137";"A01";"1";"33";"0";"2";"2";"17";"1";""
"202400011702";"155761139";"B01";"1";"10";"0";"0";"3";"1";"1";""
"202400011703";"155761138";"A01";"2";"7";"0";"2";"1";"5";"1";""
"202400011703";"155761140";"B01";"1";"7";"0";"2";"1";"21";"1";""
"202400011704";"155761135";"A01";"2";"50";"0";"2";"2";"1";"3";""
"202400011704";"155761136";"B01";"1";"7";"0";"9";"0";"1";"1";""
"202400011705";"155761133";"A01";"2";"50";"0";"1";"1";"1";"3";""
"202400011706";"155761134";"A01";"1";"7";"6";"0";"9";"17";"1";""
"202400011707";"155761132";"A01";"1";"7";"2";"0";"7";"1";"1";""
"202400011708";"155761131";"A01";"1";"14";"0";"1";"1";"1";"1";""
"202400011709";"155761130";"A01";"1";"10";"0";"1";"3";"16";"1";""
"202400011710";"155761129";"A01";"1";"7";"0";"1";"1";"1";"1";""
"202400011711";"155761127";"A01";"1";"7";"0";"2";"7";"1";"2";""
"202400011711";"155761128";"B01";"1";"1";"0";"0";"1";"2";"5";""
"202400011712";"155761125";"A01";"1";"7";"0";"2";"3";"15";"1";""
"202400011712";"155761126";"B01";"2";"50";"0";"2";"2";"1";"3";""
"202400011713";"155761123";"A01";"1";"33";"0";"0";"0";"21";"0";""
"202400011713";"155761124";"B01";"1";"14";"15";"0";"1";"21";"1";""
"202400011714";"155761120";"A01";"1";"7";"12";"2";"2";"9";"2";""
"202400011714";"155761122";"B01";"2";"33";"12";"2";"1";"9";"1";""
"202400011715";"155761118";"A01";"2";"7";"0";"1";"1";"19";"1";""
"202400011716";"155761119";"A01";"3";"31";"0";"2";"4";"1";"1";""
"202400011716";"155761121";"B01";"3";"7";"0";"2";"1";"1";"1";""
"202400011717";"155761117";"A01";"2";"32";"0";"1";"1";"1";"1";""
"202400011718";"155761115";"A01";"2";"10";"0";"5";"1";"1";"1";""
"202400011719";"155761116";"A01";"1";"7";"3";"0";"1";"13";"1";""
"202400011720";"155761113";"A01";"2";"7";"0";"0";"9";"0";"1";""
"202400011721";"155761112";"A01";"3";"7";"0";"2";"3";"10";"2";""
"202400011721";"155761114";"B01";"2";"43";"0";"2";"2";"1";"1";""
"202400011722";"155761111";"A01";"3";"7";"0";"0";"2";"1";"1";""
"202400011723";"155761109";"A01";"1";"31";"0";"2";"1";"1";"1";""
"202400011723";"155761110";"B01";"1";"10";"0";"2";"4";"1";"1";""
"202400011724";"155761107";"A01";"3";"7";"0";"1";"1";"1";"1";""
"202400011725";"155761106";"B01";"2";"33";"0";"2";"4";"1";"1";""
"202400011725";"155761108";"A01";"2";"7";"0";"2";"1";"1";"1";""
"202400011726";"155761103";"A01";"2";"10";"0";"1";"1";"16";"1";""
"202400011727";"155761100";"A01";"2";"7";"0";"2";"4";"23";"1";""
"202400011727";"155761102";"B01";"2";"7";"0";"2";"1";"1";"1";""
"202400011727";"155761104";"C01";"2";"7";"0";"2";"1";"1";"1";""
"202400011727";"155761105";"D01";"2";"7";"0";"2";"1";"2";"1";""
"202400011728";"155761099";"B01";"3";"7";"0";"2";"6";"15";"1";""
"202400011728";"155761101";"A01";"2";"30";"0";"2";"1";"17";"1";""
"202400011729";"155761095";"A01";"1";"7";"0";"2";"8";"15";"1";""
"202400011729";"155761098";"B01";"1";"33";"0";"2";"2";"17";"1";""
"202400011730";"155761094";"A01";"0";"1";"0";"1";"1";"1";"5";""
"202400011731";"155761092";"A01";"3";"7";"0";"1";"1";"1";"1";""
"202400011732";"155761089";"B01";"2";"7";"0";"2";"4";"1";"0";""
"202400011732";"155761091";"C01";"2";"7";"0";"2";"4";"1";"1";""
"202400011732";"155761093";"A01";"2";"7";"0";"2";"1";"26";"1";""
"202400011733";"155761088";"A01";"3";"7";"0";"2";"2";"16";"1";""
"202400011733";"155761090";"B01";"1";"50";"0";"2";"1";"1";"3";""
"202400011734";"155761086";"A01";"1";"10";"0";"2";"2";"21";"1";""
"202400011734";"155761087";"B01";"1";"32";"0";"2";"4";"1";"1";""
"202400011735";"155761084";"A01";"1";"37";"0";"1";"1";"15";"2";"1"
"202400011736";"155761083";"Z01";"0";"7";"0";"0";"1";"1";"2";""
"202400011736";"155761085";"A01";"0";"7";"0";"0";"8";"1";"1";""
"202400011737";"155761080";"A01";"2";"33";"0";"2";"8";"3";"1";""
"202400011737";"155761082";"B01";"2";"7";"0";"2";"7";"12";"1";""
"202400011738";"155761079";"A01";"3";"7";"0";"2";"9";"1";"1";""
"202400011738";"155761081";"B01";"3";"7";"0";"2";"1";"1";"1";""
"202400011739";"155761077";"B01";"1";"7";"0";"2";"3";"1";"1";""
"202400011739";"155761078";"A01";"2";"7";"0";"2";"8";"1";"1";""
"202400011740";"155761075";"A01";"2";"10";"3";"2";"1";"2";"1";""
"202400011740";"155761076";"B01";"2";"7";"3";"0";"4";"2";"1";""
"202400011741";"155761072";"B01";"2";"2";"0";"2";"2";"2";"1";""
"202400011741";"155761074";"A01";"2";"7";"0";"2";"8";"15";"3";""
"202400011742";"155761071";"A01";"2";"50";"4";"0";"2";"0";"3";""
"202400011743";"155761069";"A01";"1";"32";"0";"1";"1";"1";"1";""
"202400011744";"155761068";"B01";"3";"32";"1";"0";"1";"0";"1";""
"202400011745";"155761070";"B01";"2";"7";"0";"2";"3";"15";"1";""
"202400011745";"155761073";"A01";"2";"33";"0";"2";"3";"17";"1";""
"202400011746";"155761067";"A01";"1";"31";"0";"0";"8";"16";"1";""
"202400011747";"155761064";"B01";"3";"1";"0";"0";"5";"1";"5";""
"202400011747";"155761066";"A01";"3";"7";"0";"9";"3";"1";"1";""
"202400011748";"155761063";"B01";"3";"7";"15";"2";"8";"1";"1";""
"202400011748";"155761065";"A01";"3";"7";"15";"2";"1";"1";"1";""
"202400011749";"155761060";"A01";"1";"33";"0";"2";"8";"1";"1";""
"202400011749";"155761062";"B01";"2";"3";"0";"2";"1";"0";"1";""
"202400011750";"155761058";"A01";"3";"30";"0";"2";"1";"26";"1";""
"202400011750";"155761059";"B01";"3";"7";"0";"2";"0";"0";"1";""
"202400011751";"155761056";"A01";"2";"7";"1";"0";"1";"13";"1";""
"202400011752";"155761055";"B01";"2";"7";"0";"1";"3";"1";"1";""
"202400011752";"155761057";"A01";"2";"10";"0";"2";"3";"2";"1";""
"202400011753";"155761054";"A01";"1";"34";"0";"1";"1";"1";"1";""
"202400011754";"155761051";"A01";"1";"7";"0";"2";"3";"1";"1";""
"202400011754";"155761053";"B01";"1";"10";"0";"2";"3";"17";"1";""
"202400011755";"155761050";"A01";"1";"34";"1";"2";"1";"21";"1";""
"202400011755";"155761052";"B01";"1";"7";"0";"0";"6";"24";"1";""
"202400011756";"155761048";"B01";"1";"7";"0";"2";"1";"20";"0";""
"202400011756";"155761049";"A01";"2";"33";"0";"2";"3";"17";"1";""
"202400011757";"155761047";"A01";"2";"7";"0";"9";"9";"1";"1";""
"202400011758";"155761046";"A01";"1";"7";"0";"1";"1";"1";"2";""
"202400011759";"155761043";"B01";"1";"2";"0";"2";"3";"1";"1";""
"202400011759";"155761044";"C01";"1";"50";"0";"2";"0";"1";"3";""
"202400011760";"155761042";"A01";"1";"7";"0";"2";"2";"16";"1";""
"202400011760";"155761045";"B01";"1";"1";"0";"2";"7";"1";"5";""
"202400011761";"155761038";"A01";"2";"50";"0";"2";"3";"26";"3";""
"202400011761";"155761040";"B01";"1";"7";"0";"2";"2";"16";"1";""
"202400011762";"155761039";"A01";"3";"7";"0";"2";"3";"16";"1";""
"202400011762";"155761041";"B01";"1";"33";"0";"2";"5";"1";"1";""
"202400011763";"155761036";"B01";"2";"7";"0";"2";"2";"0";"1";""
"202400011763";"155761037";"A01";"1";"7";"0";"2";"3";"16";"1";""
"202400011764";"155761035";"A01";"1";"7";"4";"0";"1";"1";"1";""
"202400011765";"155761033";"A01";"3";"7";"0";"2";"8";"15";"1";""
"202400011765";"155761034";"B01";"3";"1";"0";"2";"7";"1";"5";""
"202400011766";"155761030";"A01";"2";"7";"0";"2";"3";"22";"1";""
"202400011766";"155761032";"B01";"2";"32";"0";"2";"2";"3";"1";""
"202400011767";"155761028";"B01";"2";"7";"0";"2";"4";"2";"1";""
"202400011767";"155761031";"A01";"2";"7";"0";"2";"1";"2";"1";""
"202400011768";"155761027";"A01";"3";"7";"0";"2";"5";"17";"1";""
"202400011768";"155761029";"B01";"0";"32";"0";"2";"1";"0";"1";""
"202400011769";"155761024";"A01";"1";"33";"0";"2";"1";"3";"1";""
"202400011769";"155761026";"B01";"1";"7";"0";"2";"7";"12";"1";""
"202400011770";"155761023";"A01";"0";"7";"0";"0";"2";"0";"1";""
"202400011771";"155761022";"A01";"1";"7";"0";"2";"1";"14";"1";""
"202400011771";"155761025";"B01";"1";"7";"0";"2";"4";"1";"2";""
"202400011772";"155761021";"A01";"1";"7";"17";"0";"1";"14";"1";""
"202400011773";"155761020";"A01";"1";"7";"4";"0";"3";"13";"1";""
"202400011774";"155761016";"B01";"1";"7";"0";"2";"2";"1";"1";""
"202400011774";"155761019";"A01";"1";"7";"0";"2";"2";"5";"1";""
"202400011775";"155761015";"A01";"3";"7";"0";"0";"5";"19";"1";""
"202400011775";"155761018";"B01";"0";"33";"0";"2";"1";"1";"0";""
"202400011776";"155761014";"B01";"1";"43";"0";"2";"1";"1";"1";""
"202400011776";"155761017";"A01";"2";"10";"0";"2";"1";"15";"1";""
"202400011777";"155761011";"B01";"1";"7";"0";"2";"2";"16";"1";""
"202400011777";"155761013";"A01";"1";"31";"0";"2";"1";"7";"1";""
"202400011778";"155761009";"B01";"2";"33";"0";"2";"1";"1";"1";""
"202400011778";"155761012";"A01";"3";"7";"0";"2";"6";"15";"1";""
"202400011779";"155761008";"A01";"1";"31";"0";"2";"2";"1";"1";""
"202400011779";"155761010";"Z01";"1";"7";"0";"2";"3";"15";"0";""
"202400011780";"155761005";"A01";"1";"7";"0";"1";"0";"1";"0";""
"202400011781";"155761006";"A01";"1";"33";"0";"2";"1";"1";"1";""
"202400011781";"155761007";"B01";"1";"7";"0";"2";"4";"1";"3";""
"202400011782";"155761001";"A01";"1";"7";"0";"1";"2";"21";"1";""
"202400011783";"155760999";"C01";"3";"7";"0";"2";"7";"16";"1";""
"202400011783";"155761002";"A01";"3";"10";"0";"2";"3";"1";"1";""
"202400011783";"155761004";"B01";"3";"32";"0";"2";"1";"1";"1";""
"202400011784";"155760998";"B01";"1";"15";"0";"2";"1";"1";"1";""
"202400011784";"155761000";"C01";"1";"7";"0";"2";"1";"1";"1";""
"202400011784";"155761003";"A01";"1";"15";"0";"0";"4";"0";"1";""
"202400011785";"155760996";"B01";"2";"50";"0";"0";"0";"0";"3";""
"202400011785";"155760997";"A01";"1";"7";"0";"2";"1";"2";"1";""
"202400011786";"155760992";"B01";"2";"7";"0";"2";"1";"2";"1";""
"202400011786";"155760994";"A01";"1";"10";"0";"2";"2";"5";"1";""
"202400011787";"155760995";"A01";"1";"37";"0";"0";"0";"21";"1";"3"
"202400011788";"155760989";"A01";"2";"7";"0";"1";"1";"15";"1";""
"202400011789";"155760988";"A01";"1";"7";"0";"2";"3";"22";"1";""
"202400011789";"155760990";"B01";"1";"43";"0";"2";"2";"1";"1";""
"202400011790";"155760987";"A01";"3";"7";"2";"0";"3";"13";"1";""
"202400011791";"155760986";"A01";"2";"7";"0";"0";"2";"1";"1";""
"202400011792";"155760983";"A01";"3";"31";"0";"0";"0";"1";"1";""
"202400011793";"155760982";"A01";"3";"7";"0";"1";"3";"26";"1";""
"202400011794";"155760984";"A01";"3";"3";"0";"2";"7";"1";"1";""
"202400011794";"155760985";"B01";"3";"7";"0";"2";"1";"1";"1";""
"202400011795";"155760978";"A01";"2";"7";"5";"0";"2";"1";"1";""
"202400011796";"155760979";"B01";"1";"7";"0";"2";"3";"1";"1";""
"202400011796";"155760981";"A01";"2";"7";"0";"2";"3";"13";"1";""
"202400011797";"155760977";"A01";"3";"7";"0";"2";"2";"12";"1";""
"202400011797";"155760980";"B01";"1";"2";"0";"2";"8";"1";"3";""
"202400011798";"155760975";"A01";"2";"50";"0";"0";"8";"1";"3";""
"202400011799";"155760974";"B01";"3";"1";"0";"2";"7";"1";"5";""
"202400011799";"155760976";"A01";"2";"7";"0";"2";"8";"1";"1";""
"202400011800";"155760970";"A01";"1";"31";"0";"2";"1";"1";"1";""
"202400011800";"155760973";"B01";"1";"80";"0";"2";"8";"11";"3";""
"202400011801";"155760969";"A01";"3";"2";"0";"2";"1";"13";"1";""
"202400011801";"155760972";"B01";"3";"7";"0";"2";"1";"1";"1";""
"202400011802";"155760966";"A01";"2";"7";"0";"1";"3";"1";"1";""
"202400011802";"155760968";"B01";"2";"7";"0";"1";"3";"1";"2";""
"202400011803";"155760964";"A01";"1";"10";"0";"2";"1";"1";"1";""
"202400011803";"155760967";"B01";"1";"7";"0";"2";"4";"23";"1";""
"202400011804";"155760963";"A01";"2";"7";"0";"0";"2";"1";"1";""
"202400011804";"155760965";"B01";"0";"2";"0";"2";"2";"1";"1";""
"202400011805";"155760961";"A01";"1";"50";"1";"0";"1";"1";"3";""
"202400011805";"155760962";"B01";"1";"7";"0";"2";"4";"23";"1";""
"202400011806";"155760958";"A01";"1";"33";"0";"2";"2";"1";"1";""
"202400011806";"155760959";"B01";"1";"7";"0";"0";"6";"1";"1";""
"202400011807";"155760957";"A01";"1";"1";"0";"2";"5";"16";"5";""
"202400011807";"155760960";"B01";"1";"1";"0";"2";"1";"1";"5";""
"202400011808";"155760953";"A01";"3";"7";"0";"2";"1";"11";"1";""
"202400011808";"155760954";"B01";"0";"33";"0";"2";"1";"1";"1";""
"202400011809";"155760955";"A01";"2";"32";"0";"2";"1";"5";"1";""
"202400011809";"155760956";"B01";"1";"7";"0";"2";"1";"1";"1";""
"202400011810";"155760951";"B01";"1";"37";"0";"2";"4";"23";"3";"1"
"202400011810";"155760952";"A01";"1";"2";"0";"2";"1";"1";"1";""
"202400011811";"155760948";"A01";"3";"7";"0";"0";"7";"15";"2";""
"202400011811";"155760950";"B01";"2";"32";"0";"2";"1";"1";"1";""
"202400011812";"155760947";"B01";"2";"7";"0";"2";"1";"2";"1";""
"202400011812";"155760949";"A01";"2";"7";"0";"2";"4";"23";"1";""
"202400011813";"155760946";"A01";"2";"80";"0";"1";"7";"13";"3";""
"202400011814";"155760944";"A01";"1";"7";"0";"1";"4";"4";"1";""
"202400011815";"155760943";"A01";"2";"33";"0";"2";"1";"17";"1";""
"202400011815";"155760945";"B01";"2";"7";"0";"2";"8";"15";"1";""
"202400011816";"155760941";"A01";"1";"1";"0";"0";"0";"15";"5";""
"202400011817";"155760940";"B01";"1";"50";"0";"2";"1";"1";"3";""
"202400011817";"155760942";"A01";"1";"10";"0";"2";"3";"15";"1";""
"202400011818";"155760938";"A01";"1";"7";"0";"2";"3";"9";"1";""
"202400011818";"155760939";"B01";"1";"7";"12";"0";"7";"1";"1";""
"202400011819";"155760935";"A01";"1";"7";"0";"2";"1";"15";"1";""
"202400011819";"155760937";"B01";"1";"2";"0";"2";"3";"1";"1";""
"202400011820";"155760934";"A01";"3";"7";"0";"1";"4";"4";"1";""
"202400011821";"155760933";"B01";"1";"1";"0";"2";"8";"1";"5";""
"202400011821";"155760936";"A01";"1";"7";"0";"2";"0";"0";"1";""
"202400011822";"155760929";"A01";"0";"2";"0";"2";"1";"1";"1";""
"202400011822";"155760932";"B01";"0";"37";"0";"2";"1";"1";"1";"1"
"202400011823";"155760928";"A01";"1";"30";"0";"0";"2";"16";"1";""
"202400011824";"155760930";"B01";"2";"7";"0";"0";"5";"17";"1";""
"202400011824";"155760931";"A01";"2";"2";"0";"2";"3";"13";"1";""
"202400011825";"155760925";"B01";"1";"2";"14";"0";"1";"1";"1";""
"202400011825";"155760927";"A01";"1";"7";"14";"0";"2";"1";"1";""
"202400011826";"155760923";"A01";"3";"31";"0";"2";"3";"15";"3";""
"202400011826";"155760926";"B01";"1";"7";"0";"2";"6";"1";"2";""
"202400011827";"155760921";"A01";"1";"7";"0";"1";"1";"1";"1";""
"202400011828";"155760922";"B01";"1";"2";"0";"0";"0";"1";"1";""
"202400011828";"155760924";"A01";"1";"10";"0";"0";"0";"16";"1";""
"202400011829";"155760917";"A01";"1";"7";"0";"2";"5";"1";"1";""
"202400011829";"155760920";"B01";"1";"32";"0";"2";"1";"3";"1";""
"202400011830";"155760916";"A01";"1";"7";"0";"2";"1";"1";"1";""
"202400011830";"155760919";"B01";"1";"7";"0";"2";"4";"23";"1";""
"202400011831";"155760915";"B01";"3";"7";"0";"2";"1";"0";"1";""
"202400011831";"155760918";"A01";"3";"7";"0";"2";"1";"13";"1";""
"202400011832";"155760913";"A01";"2";"7";"0";"0";"9";"26";"1";""
"202400011833";"155760912";"A01";"1";"7";"0";"2";"1";"9";"1";""
"202400011833";"155760914";"B01";"1";"1";"0";"2";"5";"1";"5";""
"202400011834";"155760910";"A01";"1";"37";"0";"2";"8";"18";"0";"1"
"202400011834";"155760911";"B01";"1";"50";"0";"2";"7";"0";"3";""
"202400011835";"155760908";"A01";"3";"7";"0";"1";"1";"9";"1";""