"Num_Acc";"id_vehicule";"num_veh";"senc";"catv";"obs";"obsm";"choc";"manv";"motor";"occutc"
"202400011836";"155760907";"A01";"1";"7";"0";"2";"8";"1";"1";""
"202400011836";"155760909";"B01";"1";"7";"0";"2";"1";"17";"1";""
"202400011837";"155760906";"A01";"2";"33";"8";"0";"1";"1";"1";""
"202400011838";"155760904";"A01";"1";"7";"0";"1";"4";"4";"1";""
"202400011839";"155760902";"C01";"1";"7";"0";"2";"1";"2";"1";""
"202400011839";"155760903";"A01";"1";"10";"0";"2";"4";"2";"1";""
"202400011839";"155760905";"B01";"1";"7";"0";"2";"3";"2";"0";""
"202400011840";"155760901";"A01";"3";"7";"15";"0";"1";"1";"3";""
"202400011841";"155760900";"A01";"0";"10";"0";"1";"8";"9";"0";""
"202400011842";"155760898";"A01";"2";"7";"3";"0";"7";"1";"1";""
"202400011843";"155760897";"A01";"0";"7";"0";"2";"1";"1";"1";""
"202400011843";"155760899";"B01";"0";"7";"0";"2";"6";"1";"1";""
"202400011844";"155760893";"B01";"2";"10";"0";"2";"4";"12";"1";""
"202400011844";"155760895";"A01";"2";"43";"0";"2";"1";"3";"1";""
"202400011845";"155760894";"A01";"2";"7";"0";"2";"4";"4";"2";""
"202400011845";"155760896";"B01";"2";"2";"0";"2";"1";"23";"1";""
"202400011846";"155760891";"A01";"2";"7";"0";"2";"4";"23";"1";""
"202400011846";"155760892";"Z01";"2";"0";"0";"2";"1";"2";"0";""
"202400011847";"155760888";"A01";"2";"7";"0";"2";"1";"1";"1";""
"202400011847";"155760890";"B01";"2";"10";"0";"2";"4";"1";"1";""
"202400011848";"155760887";"B01";"3";"50";"0";"2";"7";"19";"3";""
"202400011848";"155760889";"A01";"1";"7";"0";"2";"1";"1";"1";""
"202400011849";"155760884";"A01";"3";"7";"0";"9";"2";"1";"2";""
"202400011849";"155760886";"B01";"3";"50";"0";"2";"7";"16";"3";""
"202400011850";"155760881";"A01";"1";"7";"0";"2";"1";"1";"1";""
"202400011850";"155760882";"C01";"1";"7";"0";"2";"6";"1";"1";""
"202400011850";"155760885";"B01";"1";"7";"0";"2";"4";"1";"2";""
"202400011851";"155760880";"B01";"2";"2";"0";"2";"8";"15";"1";""
"202400011851";"155760883";"A01";"1";"10";"0";"2";"0";"26";"3";""
"202400011852";"155760877";"B01";"1";"50";"0";"2";"1";"1";"3";""
"202400011852";"155760879";"A01";"2";"10";"0";"9";"1";"1";"1";""
"202400011853";"155760876";"B01";"2";"7";"0";"2";"6";"11";"1";""
"202400011853";"155760878";"A01";"2";"20";"0";"2";"2";"12";"1";""
"202400011854";"155760874";"B01";"1";"33";"0";"2";"8";"16";"1";""
"202400011854";"155760875";"A01";"1";"10";"0";"2";"1";"15";"1";""
"202400011855";"155760870";"A01";"1";"7";"0";"2";"7";"21";"1";""
"202400011855";"155760872";"B01";"1";"33";"0";"2";"8";"1";"1";""
"202400011856";"155760866";"A01";"1";"7";"0";"2";"4";"2";"1";""
"202400011856";"155760869";"B01";"1";"7";"0";"2";"4";"2";"1";""
"202400011856";"155760871";"D01";"1";"7";"0";"2";"0";"0";"1";""
"202400011856";"155760873";"C01";"1";"7";"0";"2";"4";"2";"1";""
"202400011857";"155760864";"B01";"2";"7";"0";"2";"1";"1";"3";""
"202400011857";"155760867";"A01";"2";"7";"0";"2";"7";"15";"0";""
"202400011858";"155760862";"A01";"1";"7";"0";"1";"7";"0";"0";""
"202400011859";"155760861";"B01";"2";"43";"0";"2";"4";"3";"1";""
"202400011859";"155760865";"A01";"2";"43";"0";"2";"1";"3";"1";""
"202400011859";"155760868";"C01";"2";"33";"0";"2";"4";"3";"1";""
"202400011860";"155760859";"B01";"1";"10";"0";"2";"7";"1";"1";""
"202400011860";"155760863";"A01";"1";"10";"0";"2";"1";"1";"1";""
"202400011861";"155760857";"B01";"1";"99";"0";"2";"8";"26";"0";""
"202400011861";"155760860";"A01";"1";"10";"0";"2";"4";"26";"0";""
"202400011862";"155760855";"A01";"2";"10";"0";"2";"2";"12";"1";""
"202400011862";"155760856";"B01";"2";"33";"0";"2";"8";"3";"1";""
"202400011862";"155760858";"C01";"2";"10";"0";"2";"4";"1";"1";""
"202400011863";"155760854";"A01";"0";"10";"8";"0";"1";"2";"1";""
"202400011864";"155760853";"A01";"1";"60";"0";"0";"0";"26";"5";""
"202400011865";"155760849";"A01";"1";"7";"0";"2";"8";"13";"1";""
"202400011865";"155760852";"B01";"1";"15";"0";"2";"2";"1";"1";""
"202400011866";"155760851";"A01";"3";"2";"0";"0";"8";"21";"1";""
"202400011867";"155760848";"B01";"0";"30";"0";"2";"1";"13";"1";""
"202400011867";"155760850";"A01";"0";"7";"0";"2";"1";"21";"1";""
"202400011868";"155760846";"A01";"1";"7";"1";"1";"3";"12";"1";""
"202400011869";"155760847";"A01";"3";"33";"0";"0";"0";"26";"6";""
"202400011870";"155760844";"B01";"1";"33";"0";"2";"7";"17";"1";""
"202400011870";"155760845";"A01";"1";"7";"0";"2";"3";"15";"1";""
"202400011871";"155760842";"A01";"2";"31";"1";"0";"2";"0";"1";""
"202400011872";"155760843";"A01";"1";"7";"4";"0";"1";"1";"1";""
"202400011873";"155760840";"A01";"1";"7";"0";"2";"6";"1";"2";""
"202400011873";"155760841";"B01";"1";"33";"0";"2";"1";"21";"1";""
"202400011874";"155760837";"A01";"3";"3";"0";"1";"3";"1";"1";""
"202400011875";"155760835";"B01";"1";"7";"0";"2";"8";"1";"1";""
"202400011875";"155760838";"A01";"1";"10";"7";"2";"8";"19";"1";""
"202400011875";"155760839";"C01";"1";"7";"0";"2";"1";"1";"1";""
"202400011876";"155760834";"A01";"0";"7";"0";"2";"3";"15";"1";""
"202400011876";"155760836";"B01";"0";"33";"0";"2";"2";"17";"1";""
"202400011877";"155760832";"A01";"2";"7";"0";"1";"3";"1";"1";""
"202400011878";"155760831";"A01";"3";"7";"14";"2";"6";"16";"0";""
"202400011878";"155760833";"B01";"3";"7";"15";"2";"6";"26";"0";""
"202400011879";"155760828";"A01";"2";"1";"0";"1";"1";"2";"5";""
"202400011880";"155760829";"B01";"1";"50";"0";"2";"1";"2";"3";""
"202400011880";"155760830";"A01";"1";"10";"0";"2";"5";"2";"1";""
"202400011881";"155760826";"A01";"1";"30";"0";"2";"1";"18";"1";""
"202400011881";"155760827";"B01";"1";"7";"0";"2";"5";"16";"1";""
"202400011882";"155760822";"B01";"2";"31";"0";"2";"1";"1";"1";""
"202400011882";"155760824";"C01";"1";"7";"0";"2";"1";"1";"2";""
"202400011882";"155760825";"A01";"3";"7";"0";"2";"2";"16";"1";""
"202400011883";"155760820";"A01";"2";"50";"0";"2";"8";"1";"3";""
"202400011883";"155760823";"B01";"2";"7";"0";"2";"2";"2";"1";""
"202400011884";"155760819";"B01";"1";"50";"0";"2";"5";"1";"3";""
"202400011884";"155760821";"A01";"1";"7";"0";"9";"5";"20";"1";""
"202400011885";"155760816";"A01";"0";"30";"14";"0";"0";"2";"1";""
"202400011886";"155760815";"A01";"1";"7";"13";"0";"2";"2";"1";""
"202400011886";"155760817";"B01";"1";"7";"0";"0";"4";"1";"1";""
"202400011887";"155760814";"A01";"1";"7";"0";"2";"6";"23";"1";""
"202400011887";"155760818";"B01";"1";"7";"0";"2";"1";"2";"1";""
"202400011888";"155760813";"A01";"2";"50";"12";"0";"1";"26";"3";""
"202400011889";"155760810";"A01";"1";"2";"0";"2";"3";"13";"1";""
"202400011889";"155760812";"B01";"1";"7";"0";"2";"3";"1";"1";""
"202400011890";"155760809";"A01";"1";"34";"0";"2";"2";"2";"1";""
"202400011890";"155760811";"B01";"1";"80";"0";"2";"8";"15";"3";""
"202400011891";"155760808";"A01";"1";"7";"0";"1";"4";"20";"1";""
"202400011892";"155760806";"A01";"2";"10";"0";"1";"7";"1";"1";""
"202400011893";"155760805";"A01";"3";"7";"0";"2";"8";"9";"1";""
"202400011893";"155760807";"B01";"2";"7";"0";"2";"2";"1";"2";""
"202400011894";"155760801";"B01";"1";"7";"0";"2";"6";"15";"2";""
"202400011894";"155760804";"A01";"2";"32";"0";"2";"1";"17";"1";""
"202400011895";"155760802";"A01";"1";"7";"0";"2";"4";"20";"1";""
"202400011895";"155760803";"B01";"1";"2";"0";"2";"1";"1";"1";""
"202400011896";"155760800";"A01";"0";"7";"4";"0";"2";"1";"1";""
"202400011897";"155760797";"A01";"1";"7";"0";"0";"2";"26";"2";""
"202400011898";"155760796";"A01";"1";"10";"0";"2";"2";"16";"1";""
"202400011898";"155760798";"B01";"2";"50";"0";"2";"8";"19";"3";""
"202400011899";"155760795";"A01";"2";"7";"0";"2";"2";"1";"1";""
"202400011899";"155760799";"B01";"2";"33";"0";"2";"1";"1";"1";""
"202400011900";"155760791";"B01";"1";"30";"0";"9";"4";"7";"1";""
"202400011900";"155760793";"A01";"1";"7";"0";"2";"1";"1";"2";""
"202400011901";"155760790";"A01";"1";"7";"0";"0";"4";"23";"1";""
"202400011901";"155760792";"B01";"1";"34";"0";"2";"1";"1";"1";""
"202400011901";"155760794";"C01";"1";"33";"0";"2";"1";"1";"1";""
"202400011902";"155760789";"A01";"3";"10";"0";"1";"1";"1";"0";""
"202400011903";"155760787";"A01";"1";"34";"0";"1";"1";"26";"6";""
"202400011904";"155760785";"A01";"1";"7";"0";"2";"1";"2";"1";""
"202400011904";"155760786";"B01";"1";"7";"0";"2";"4";"1";"1";""
"202400011905";"155760784";"A01";"1";"7";"0";"0";"3";"1";"1";""
"202400011905";"155760788";"B01";"2";"7";"0";"0";"8";"15";"1";""
"202400011906";"155760780";"A01";"1";"7";"0";"2";"3";"17";"1";""
"202400011906";"155760782";"B01";"2";"37";"0";"2";"3";"1";"1";"1"
"202400011907";"155760779";"A01";"2";"33";"0";"2";"7";"26";"1";""
"202400011907";"155760783";"B01";"2";"7";"0";"2";"3";"0";"1";""
"202400011908";"155760778";"A01";"2";"7";"0";"2";"1";"1";"0";""
"202400011908";"155760781";"B01";"2";"7";"0";"2";"4";"1";"1";""
"202400011909";"155760776";"A01";"1";"7";"15";"0";"1";"14";"1";""
"202400011910";"155760774";"B01";"2";"33";"16";"2";"1";"17";"1";""
"202400011910";"155760777";"A01";"2";"7";"0";"2";"8";"15";"1";""
"202400011911";"155760773";"B01";"2";"7";"0";"2";"6";"2";"1";""
"202400011911";"155760775";"A01";"2";"33";"0";"2";"1";"2";"1";""
"202400011912";"155760771";"A01";"3";"33";"8";"2";"3";"26";"1";""
"202400011913";"155760770";"B01";"3";"7";"0";"2";"2";"17";"1";""
"202400011913";"155760772";"A01";"3";"7";"0";"2";"3";"15";"1";""
"202400011914";"155760766";"A01";"2";"10";"0";"1";"1";"15";"1";""
"202400011915";"155760765";"A01";"2";"7";"1";"0";"4";"2";"1";""
"202400011915";"155760767";"B01";"2";"20";"1";"0";"1";"2";"0";""
"202400011916";"155760764";"C01";"2";"38";"0";"2";"3";"5";"6";"5"
"202400011916";"155760768";"A01";"1";"14";"0";"0";"6";"2";"1";""
"202400011916";"155760769";"B01";"1";"7";"0";"2";"3";"13";"1";""
"202400011917";"155760761";"B01";"1";"50";"0";"2";"1";"5";"3";""
"202400011917";"155760763";"A01";"1";"7";"0";"9";"2";"16";"1";""
"202400011918";"155760760";"A01";"1";"7";"0";"2";"7";"15";"1";""
"202400011918";"155760762";"B01";"2";"1";"0";"2";"1";"1";"5";""
"202400011919";"155760759";"A01";"1";"7";"0";"1";"3";"1";"1";""
"202400011920";"155760757";"B01";"1";"31";"0";"2";"4";"1";"0";""
"202400011920";"155760758";"A01";"2";"7";"0";"2";"1";"1";"0";""
"202400011921";"155760755";"A01";"3";"7";"10";"9";"1";"1";"1";""
"202400011922";"155760756";"A01";"0";"7";"0";"1";"2";"1";"1";""
"202400011923";"155760754";"A01";"2";"33";"7";"0";"2";"14";"1";""
"202400011924";"155760751";"A01";"3";"10";"0";"2";"7";"12";"1";""
"202400011924";"155760753";"B01";"3";"10";"0";"2";"8";"1";"1";""
"202400011925";"155760752";"A01";"1";"37";"0";"2";"0";"1";"1";"5"
"202400011926";"155760748";"A01";"3";"7";"0";"1";"0";"16";"1";""
"202400011927";"155760749";"A01";"1";"15";"0";"1";"3";"2";"1";""
"202400011928";"155760747";"A01";"1";"7";"0";"2";"7";"1";"1";""
"202400011928";"155760750";"B01";"1";"1";"0";"2";"0";"0";"5";""
"202400011929";"155760746";"A01";"3";"7";"1";"1";"1";"1";"1";""
"202400011930";"155760743";"A01";"3";"7";"0";"2";"8";"15";"2";""
"202400011930";"155760745";"B01";"3";"7";"0";"2";"0";"0";"1";""
"202400011931";"155760742";"B01";"2";"1";"0";"2";"7";"11";"5";""
"202400011931";"155760744";"A01";"1";"10";"0";"9";"3";"1";"1";""
"202400011932";"155760741";"Z01";"1";"0";"0";"1";"3";"0";"0";""
"202400011933";"155760738";"B01";"2";"2";"0";"2";"3";"2";"1";""
"202400011933";"155760740";"A01";"2";"10";"0";"2";"2";"0";"1";""
"202400011934";"155760737";"A01";"0";"33";"12";"0";"7";"1";"1";""
"202400011935";"155760736";"A01";"3";"7";"0";"2";"1";"17";"1";""
"202400011935";"155760739";"B01";"3";"7";"0";"2";"3";"1";"3";""
"202400011936";"155760733";"A01";"1";"7";"0";"2";"1";"17";"1";""
"202400011936";"155760735";"B01";"2";"7";"0";"2";"1";"1";"1";""
"202400011937";"155760732";"B01";"2";"0";"0";"2";"1";"1";" -1";""
"202400011937";"155760734";"A01";"2";"30";"0";"2";"4";"1";"3";""
"202400011938";"155760731";"A01";"2";"7";"0";"1";"3";"15";"1";""
"202400011939";"155760729";"B01";"2";"30";"0";"2";"1";"1";"1";""
"202400011939";"155760730";"A01";"1";"7";"0";"2";"3";"19";"1";""
"202400011940";"155760727";"A01";"2";"10";"0";"2";"3";"15";"1";""
"202400011940";"155760728";"B01";"2";"31";"0";"2";"4";"15";"1";""
"202400011941";"155760726";"A01";"2";"33";"0";"0";"0";"1";"1";""
"202400011942";"155760725";"A01";"1";"7";"8";"0";"1";"1";"1";""
"202400011943";"155760724";"A01";"2";"32";"16";"0";"0";"1";"1";""
"202400011944";"155760723";"A01";"1";"33";"0";"0";"9";"14";"1";""
"202400011945";"155760721";"B01";"1";"7";"0";"2";"1";"1";"5";""
"202400011945";"155760722";"A01";"1";"7";"0";"2";"2";"16";"1";""
"202400011946";"155760720";"A01";"3";"7";"0";"1";"4";"20";"1";""
"202400011947";"155760719";"A01";"0";"2";"0";"1";"1";"1";"1";""
"202400011948";"155760716";"A01";"2";"33";"0";"2";"2";"17";"1";""
"202400011948";"155760718";"B01";"1";"10";"0";"2";"3";"15";"1";""
"202400011949";"155760715";"B01";"1";"33";"0";"2";"1";"1";"1";""
"202400011949";"155760717";"A01";"2";"7";"0";"2";"3";"3";"1";""
"202400011950";"155760709";"A01";"1";"7";"0";"2";"3";"15";"1";""
"202400011950";"155760710";"B01";"2";"2";"13";"2";"8";"1";"1";""
"202400011951";"155760708";"B01";"2";"38";"0";"2";"3";"1";"1";"3"
"202400011951";"155760713";"A01";"1";"30";"0";"2";"1";"5";"1";""
"202400011952";"155760705";"A01";"2";"1";"0";"2";"8";"9";"5";""
"202400011952";"155760707";"B01";"2";"7";"0";"2";"3";"6";"1";""
"202400011953";"155760704";"C01";"1";"33";"1";"2";"1";"17";"1";""
"202400011953";"155760706";"A01";"1";"10";"0";"2";"3";"15";"1";""
"202400011954";"155760703";"A01";"2";"10";"2";"0";"7";"1";"1";""
"202400011955";"155760697";"B01";"2";"7";"0";"2";"4";"13";"1";""
"202400011955";"155760698";"C01";"1";"7";"0";"2";"8";"1";"1";""
"202400011955";"155760701";"A01";"2";"7";"0";"2";"1";"2";"1";""
"202400011956";"155760694";"A01";"2";"7";"0";"2";"1";"26";"1";""
"202400011956";"155760696";"B01";"1";"7";"0";"2";"1";"26";"1";""
"202400011956";"155760700";"C01";"2";"7";"0";"2";"1";"2";"1";""
"202400011957";"155760693";"A01";"3";"7";"2";"0";"3";"0";"1";""
"202400011958";"155760692";"A01";"2";"7";"0";"2";"3";"2";"1";""
"202400011958";"155760695";"B01";"2";"7";"0";"2";"7";"17";"1";""
"202400011959";"155760690";"A01";"0";"33";"0";"0";"2";"1";"1";""
"202400011960";"155760688";"B01";"1";"1";"0";"2";"5";"1";"5";""
"202400011960";"155760689";"A01";"1";"7";"0";"2";"1";"9";"3";""
"202400011961";"155760691";"A01";"1";"10";"13";"0";"8";"1";"1";""
"202400011962";"155760686";"A01";"1";"10";"0";"2";"3";"19";"1";""
"202400011962";"155760687";"B01";"1";"7";"0";"2";"1";"1";"1";""
"202400011963";"155760685";"A01";"1";"33";"0";"0";"4";"1";"1";""
"202400011964";"155760684";"A01";"2";"2";"14";"9";"1";"1";"1";""
"202400011965";"155760683";"A01";"3";"33";"13";"0";"1";"1";"1";""
"202400011966";"155760681";"B01";"2";"7";"0";"0";"1";"1";" -1";""
"202400011966";"155760682";"A01";"2";"3";"0";"0";"4";"1";"1";""
"202400011967";"155760679";"A01";"1";"7";"8";"0";"0";"17";"1";""
"202400011968";"155760677";"B01";"2";"10";"0";"0";"3";"15";"1";""
"202400011968";"155760678";"A01";"2";"33";"0";"2";"1";"17";"1";""
"202400011969";"155760676";"A01";"1";"2";"16";"0";"1";"1";"1";""
"202400011970";"155760675";"A01";"0";"10";"0";"2";"1";"1";"0";""
"202400011970";"155760680";"B01";"2";"7";"0";"2";"7";"1";"0";""
"202400011971";"155760674";"A01";"2";"7";"8";"0";"1";"0";"1";""
"202400011972";"155760673";"A01";"3";"21";"13";"0";"3";"1";"1";""
"202400011973";"155760669";"A01";"1";"7";"0";"2";"1";"1";"1";""
"202400011973";"155760671";"B01";"2";"7";"0";"2";"1";"17";"1";""
"202400011974";"155760670";"B01";"2";"50";"0";"2";"1";"1";"3";""
"202400011974";"155760672";"A01";"1";"7";"0";"2";"3";"9";"1";""
"202400011975";"155760668";"A01";"1";"7";"10";"0";"2";"14";"1";""
"202400011976";"155760667";"A01";"3";"7";"13";"0";"1";"1";"1";""
"202400011977";"155760665";"A01";"3";"7";"0";"2";"1";"1";"1";""
"202400011977";"155760666";"B01";"3";"7";"0";"2";"4";"1";"2";""
"202400011978";"155760664";"A01";"1";"7";"13";"0";"0";"1";"1";""
"202400011979";"155760663";"A01";"1";"33";"0";"0";"8";"1";"1";""
"202400011980";"155760661";"A01";"1";"7";"0";"2";"3";"1";"1";""
"202400011980";"155760662";"B01";"0";"60";"0";"2";"1";"1";"5";""
"202400011981";"155760659";"A01";"2";"7";"6";"0";"1";"13";"1";""
"202400011982";"155760658";"A01";"2";"7";"0";"9";"5";"2";"1";""
"202400011982";"155760660";"B01";"2";"80";"0";"2";"3";"2";"3";""
"202400011983";"155760656";"A01";"2";"7";"13";"0";"2";"1";"1";""
"202400011984";"155760655";"B01";"1";"50";"0";"9";"1";"1";"3";""
"202400011984";"155760657";"A01";"1";"1";"0";"9";"1";"1";"5";""
"202400011985";"155760653";"A01";"1";"7";"0";"9";"8";"1";"0";""
"202400011985";"155760654";"B01";"1";"1";"0";"2";"7";"19";"5";""
"202400011986";"155760651";"A01";"1";"7";"0";"2";"2";"5";"1";""
"202400011986";"155760652";"B01";"2";"7";"0";"2";"3";"1";"1";""
"202400011987";"155760648";"A01";"2";"7";"0";"0";"1";"1";"1";""
"202400011988";"155760647";"B01";"0";"33";"0";"2";"1";"1";"1";""
"202400011988";"155760650";"A01";"0";"14";"0";"2";"5";"15";"1";""
"202400011989";"155760646";"B01";"1";"7";"0";"2";"4";"2";"1";""
"202400011989";"155760649";"A01";"1";"7";"0";"2";"1";"2";"1";""
"202400011990";"155760645";"A01";"3";"7";"16";"0";"1";"1";"1";""
"202400011991";"155760642";"B01";"2";"7";"0";"0";"1";"1";"1";""
"202400011991";"155760644";"A01";"2";"10";"0";"0";"5";"0";"1";""
"202400011992";"155760641";"A01";"1";"33";"0";"2";"1";"1";"1";""
"202400011992";"155760643";"B01";"2";"7";"0";"2";"2";"15";"1";""
"202400011993";"155760639";"A01";"1";"7";"0";"2";"3";"9";"1";""
"202400011993";"155760640";"B01";"3";"2";"0";"0";"7";"1";"1";""
"202400011994";"155760637";"A01";"1";"7";"6";"0";"3";"0";"1";""
"202400011995";"155760636";"A01";"2";"7";"4";"2";"0";"0";"1";""
"202400011995";"155760638";"B01";"2";"0";"0";"2";"2";"0";"0";""
"202400011996";"155760630";"B01";"1";"7";"0";"2";"3";"2";"1";""
"202400011996";"155760632";"A01";"1";"7";"0";"0";"5";"2";"2";""
"202400011997";"155760631";"A01";"1";"7";"0";"0";"1";"15";"1";""
"202400011997";"155760633";"B01";"2";"33";"1";"0";"1";"1";"1";""
"202400011998";"155760628";"A01";"2";"30";"0";"2";"1";"2";"1";""
"202400011998";"155760629";"B01";"2";"7";"0";"2";"6";"2";"1";""
"202400011999";"155760626";"A01";"2";"2";"16";"0";"1";"1";"1";""
"202400012000";"155760623";"D01";"2";"7";"0";"9";"1";"1";"1";""
"202400012000";"155760624";"A01";"2";"33";"0";"2";"1";"5";"1";""
"202400012000";"155760625";"B01";"1";"7";"0";"2";"3";"1";"1";""
"202400012000";"155760627";"C01";"2";"7";"0";"2";"0";"1";"1";""
"202400012001";"155760622";"A01";"2";"7";"8";"0";"1";"0";"1";""
"202400012002";"155760617";"B01";"2";"2";"0";"2";"1";"2";"1";""
"202400012002";"155760620";"A01";"2";"7";"0";"2";"8";"15";"1";""
"202400012003";"155760616";"A01";"1";"7";"0";"2";"4";"23";"1";""
"202400012003";"155760619";"B01";"1";"7";"0";"2";"4";"0";"1";""
"202400012003";"155760621";"Z01";"1";"10";"0";"2";"1";"2";"1";""
"202400012004";"155760615";"A01";"1";"2";"0";"2";"1";"1";"1";""
"202400012004";"155760618";"B01";"1";"7";"0";"2";"2";"15";"2";""
"202400012005";"155760612";"A01";"1";"33";"4";"0";"8";"17";"1";""
"202400012006";"155760610";"B01";"0";"7";"0";"0";"7";"26";"1";""
"202400012006";"155760614";"A01";"0";"13";"0";"0";"3";"0";"1";""
"202400012007";"155760611";"B01";"2";"1";"0";"2";"0";"1";"5";""
"202400012007";"155760613";"A01";"1";"37";"0";"2";"2";"1";"2";"1"
"202400012008";"155760608";"A01";"2";"7";"13";"0";"1";"1";"1";""
"202400012009";"155760607";"A01";"2";"7";"0";"2";"2";"1";"1";""
"202400012009";"155760609";"B01";"2";"7";"0";"2";"3";"1";"1";""
"202400012010";"155760605";"A01";"1";"7";"1";"0";"8";"26";"1";""
"202400012010";"155760606";"B01";"1";"80";"1";"0";"1";"14";"3";""
"202400012011";"155760604";"A01";"2";"7";"0";"1";"3";"15";"1";""
"202400012012";"155760602";"A01";"1";"7";"0";"0";"1";"15";"3";""
"202400012012";"155760603";"B01";"0";"1";"0";"0";"8";"1";"5";""
"202400012013";"155760598";"A01";"2";"1";"0";"2";"1";"15";"5";""
"202400012013";"155760601";"B01";"2";"37";"0";"9";"2";"1";"1";"1"
"202400012014";"155760599";"A01";"3";"7";"0";"2";"2";"15";"0";""
"202400012014";"155760600";"B01";"3";"1";"0";"2";"1";"26";"5";""
"202400012015";"155760596";"B01";"2";"7";"13";"2";"1";"1";"1";""
"202400012015";"155760597";"A01";"2";"7";"13";"2";"3";"10";"1";""
"202400012016";"155760594";"A01";"1";"7";"17";"0";"0";"14";"1";""
"202400012017";"155760592";"A01";"1";"7";"8";"0";"3";"13";"1";""
"202400012018";"155760593";"B01";"2";"37";"0";"0";"0";"0";"0";"1"
"202400012018";"155760595";"A01";"2";"80";"0";"2";"6";"21";"3";""
"202400012019";"155760590";"A01";"1";"80";"0";"2";"8";"1";"3";""
"202400012019";"155760591";"B01";"1";"10";"0";"2";"3";"15";"1";""
"202400012020";"155760589";"A01";"1";"7";"1";"0";"1";"20";"2";""
"202400012021";"155760587";"A01";"1";"10";"0";"2";"2";"15";"1";""
"202400012021";"155760588";"B01";"2";"1";"0";"2";"8";"1";"5";""
"202400012022";"155760586";"A01";"1";"7";"6";"0";"2";"1";"1";""
"202400012023";"155760585";"A01";"2";"7";"0";"1";"1";"1";"3";""
"202400012024";"155760582";"B01";"0";"1";"0";"0";"8";"25";"5";""
"202400012024";"155760583";"A01";"0";"3";"0";"9";"1";"2";"1";""
"202400012025";"155760581";"A01";"2";"10";"0";"2";"1";"13";"1";""
"202400012025";"155760584";"B01";"1";"7";"0";"2";"1";"1";"1";""
"202400012026";"155760579";"A01";"1";"7";"0";"2";"1";"1";"1";""
"202400012026";"155760580";"B01";"1";"7";"0";"2";"4";"2";"3";""
"202400012027";"155760577";"A01";"1";"7";"0";"2";"2";"19";"1";""
"202400012027";"155760578";"B01";"1";"10";"0";"2";"1";"19";"1";""
"202400012028";"155760575";"A01";"1";"7";"8";"2";"1";"1";"1";""
"202400012028";"155760576";"B01";"1";"37";"0";"2";"8";"0";"1";"1"
"202400012029";"155760574";"A01";"1";"7";"2";"0";"1";"1";"1";""
"202400012030";"155760572";"B01";"0";"50";"0";"2";"8";"17";"3";""
"202400012030";"155760573";"A01";"0";"10";"0";"2";"7";"13";"1";""
"202400012031";"155760570";"B01";"1";"7";"0";"2";"1";"2";"1";""
"202400012031";"155760571";"A01";"1";"10";"0";"2";"4";"1";"1";""
"202400012032";"155760569";"A01";"2";"7";"1";"0";"5";"1";"1";""
"202400012033";"155760565";"B01";"2";"1";"0";"2";"1";"1";"5";""
"202400012033";"155760567";"A01";"1";"37";"0";"2";"3";"1";"3";"1"
"202400012034";"155760566";"A01";"1";"7";"0";"2";"6";"1";"1";""
"202400012034";"155760568";"B01";"1";"7";"0";"2";"1";"2";"1";""
"202400012035";"155760564";"A01";"1";"60";"12";"0";"1";"1";"5";""
"202400012036";"155760562";"A01";"1";"7";"0";"2";"6";"1";"1";""
"202400012036";"155760563";"Z01";"1";"7";"0";"2";"2";"12";"1";""
"202400012037";"155760560";"B01";"2";"37";"0";"1";"7";"23";"1";"1"
"202400012037";"155760561";"A01";"2";"2";"0";"2";"1";"1";"1";""
"202400012038";"155760557";"A01";"1";"50";"0";"2";"8";"10";"3";""
"202400012038";"155760559";"B01";"1";"33";"0";"2";"1";"1";"1";""
"202400012039";"155760554";"A01";"1";"7";"0";"2";"4";"23";"1";""
"202400012039";"155760556";"B01";"2";"7";"0";"2";"4";"23";"1";""
"202400012039";"155760558";"C01";"2";"7";"0";"2";"1";"2";"1";""
"202400012040";"155760553";"B01";"2";"50";"0";"2";"2";"25";"3";""
"202400012040";"155760555";"A01";"2";"7";"0";"9";"3";"15";"0";""
"202400012041";"155760550";"A01";"3";"7";"0";"0";"0";"0";"0";""
"202400012041";"155760551";"B01";"3";"1";"0";"0";"0";"0";"5";""
"202400012042";"155760548";"A01";"1";"7";"0";"2";"1";"2";"3";""
"202400012042";"155760549";"B01";"1";"7";"0";"2";"4";"2";"1";""
"202400012042";"155760552";"C01";"1";"7";"0";"2";"4";"2";"1";""
"202400012043";"155760546";"A01";"3";"1";"0";"2";"0";"9";"5";""
"202400012043";"155760547";"B01";"3";"3";"0";"2";"0";"0";"3";""
"202400012044";"155760545";"A01";"2";"7";"11";"0";"1";"1";"1";""
"202400012045";"155760542";"A01";"2";"7";"0";"2";"1";"1";"1";""
"202400012045";"155760543";"B01";"2";"7";"0";"0";"4";"2";"3";""
"202400012046";"155760539";"A01";"3";"7";"0";"2";"1";"26";"1";""
"202400012046";"155760544";"B01";"1";"33";"0";"2";"2";"1";"1";""
"202400012047";"155760538";"A01";"2";"33";"0";"2";"2";"3";"1";""
"202400012047";"155760540";"C01";"2";"7";"0";"2";"5";"1";"2";""
"202400012047";"155760541";"B01";"2";"7";"0";"2";"6";"11";"2";""
"202400012048";"155760537";"Z01";"1";"99";"0";"1";"5";"26";"6";""
"202400012049";"155760535";"A01";"1";"7";"0";"2";"1";"2";"1";""