"Num_Acc";"id_vehicule";"num_veh";"senc";"catv";"obs";"obsm";"choc";"manv";"motor";"occutc"
"202400012049";"155760536";"Z01";"1";"7";"0";"0";"0";"0";"0";""
"202400012050";"155760534";"A01";"3";"7";"0";"1";"6";"20";"1";""
"202400012051";"155760532";"A01";"2";"33";"8";"0";"1";"1";"1";""
"202400012052";"155760529";"A01";"1";"33";"0";"0";"8";"13";"1";""
"202400012053";"155760528";"A01";"0";"7";"0";"0";"1";"13";"1";""
"202400012053";"155760530";"B01";"3";"7";"0";"0";"1";"1";"1";""
"202400012054";"155760525";"B01";"1";"7";"0";"2";"6";"1";"1";""
"202400012054";"155760527";"A01";"1";"33";"0";"2";"7";"3";"1";""
"202400012055";"155760524";"A01";"1";"33";"12";"2";"7";"1";"1";""
"202400012055";"155760526";"B01";"3";"7";"0";"2";"2";"19";"1";""
"202400012056";"155760521";"B01";"2";"17";"0";"2";"5";"1";"1";""
"202400012056";"155760523";"A01";"2";"2";"15";"2";"1";"21";"1";""
"202400012057";"155760519";"A01";"2";"33";"0";"2";"1";"1";"1";""
"202400012057";"155760520";"B01";"1";"17";"0";"2";"7";"15";"1";""
"202400012057";"155760522";"C01";"1";"7";"0";"2";"1";"1";"1";""
"202400012058";"155760517";"A01";"2";"32";"0";"2";"1";"1";"1";""
"202400012058";"155760518";"B01";"2";"10";"0";"2";"4";"1";"1";""
"202400012059";"155760516";"A01";"3";"7";"9";"0";"3";"13";"1";""
"202400012060";"155760514";"A01";"1";"7";"0";"1";"1";"1";"1";""
"202400012061";"155760513";"B01";"1";"7";"0";"2";"4";"23";"1";""
"202400012061";"155760515";"A01";"1";"30";"0";"2";"1";"1";"1";""
"202400012062";"155760512";"A01";"1";"7";"6";"0";"1";"1";"1";""
"202400012063";"155760511";"A01";"1";"7";"0";"1";"3";"1";"1";""
"202400012064";"155760510";"A01";"1";"31";"14";"0";"1";"1";"1";""
"202400012065";"155760508";"A01";"1";"33";"0";"2";"1";"1";"1";""
"202400012065";"155760509";"B01";"1";"7";"0";"2";"5";"16";"1";""
"202400012066";"155760507";"A01";"1";"2";"0";"0";"0";"1";"1";""
"202400012067";"155760506";"A01";"1";"7";"13";"0";"8";"1";"1";""
"202400012068";"155760503";"A01";"1";"7";"0";"2";"1";"1";"1";""
"202400012068";"155760504";"C01";"1";"7";"0";"2";"4";"1";"1";""
"202400012068";"155760505";"B01";"1";"10";"0";"2";"4";"0";"1";""
"202400012069";"155760501";"A01";"0";"7";"0";"2";"1";"13";"1";""
"202400012069";"155760502";"B01";"0";"7";"0";"2";"1";"1";"1";""
"202400012070";"155760497";"A01";"1";"7";"0";"2";"1";"5";"1";""
"202400012070";"155760499";"B01";"2";"7";"0";"2";"1";"5";"1";""
"202400012070";"155760500";"C01";"2";"7";"0";"2";"1";"2";"1";""
"202400012071";"155760496";"A01";"1";"7";"0";"2";"1";"1";"1";""
"202400012071";"155760498";"B01";"1";"7";"0";"2";"4";"1";"1";""
"202400012072";"155760495";"A01";"0";"7";"0";"1";"2";"1";"1";""
"202400012073";"155760494";"A01";"2";"7";"8";"0";"1";"1";"1";""
"202400012074";"155760492";"A01";"2";"7";"2";"0";"0";"1";"1";""
"202400012075";"155760491";"A01";"1";"33";"0";"2";"1";"2";"1";""
"202400012075";"155760493";"B01";"1";"7";"0";"2";"5";"2";"1";""
"202400012076";"155760488";"A01";"0";"7";"0";"2";"7";"1";"1";""
"202400012076";"155760489";"B01";"3";"36";"0";"2";"1";"1";"1";""
"202400012077";"155760487";"B01";"2";"7";"0";"2";"5";"1";"1";""
"202400012077";"155760490";"A01";"2";"7";"0";"2";"1";"1";"1";""
"202400012078";"155760485";"A01";"1";"10";"8";"0";"1";"2";"1";""
"202400012079";"155760484";"B01";"1";"10";"0";"2";"5";"1";"1";""
"202400012079";"155760486";"A01";"1";"7";"0";"2";"1";"18";"3";""
"202400012080";"155760482";"A01";"1";"7";"1";"0";"3";"26";"1";""
"202400012081";"155760481";"B01";"1";"10";"0";"2";"3";"1";"1";""
"202400012081";"155760483";"A01";"2";"7";"0";"2";"3";"1";"1";""
"202400012082";"155760480";"A01";"1";"33";"13";"0";"1";"1";"1";""
"202400012083";"155760479";"A01";"3";"7";"16";"0";"2";"11";"1";""
"202400012084";"155760477";"A01";"1";"1";"0";"0";"1";"26";"5";""
"202400012084";"155760478";"B01";"1";"7";"0";"9";"2";"16";"1";""
"202400012085";"155760474";"A01";"3";"7";"0";"2";"1";"9";"1";""
"202400012085";"155760476";"B01";"3";"7";"0";"2";"7";"1";"1";""
"202400012086";"155760472";"A01";"2";"10";"0";"0";"4";"1";"1";""
"202400012086";"155760473";"B01";"2";"7";"0";"2";"1";"1";"1";""
"202400012086";"155760475";"C01";"2";"7";"0";"2";"1";"1";"1";""
"202400012087";"155760469";"A01";"1";"38";"0";"0";"6";"23";"1";"1"
"202400012087";"155760471";"B01";"1";"15";"1";"0";"2";"1";"1";""
"202400012088";"155760468";"A01";"1";"7";"0";"2";"1";"19";"1";""
"202400012088";"155760470";"B01";"1";"2";"0";"2";"8";"1";"1";""
"202400012089";"155760466";"A01";"2";"7";"0";"2";"1";"2";"1";""
"202400012089";"155760467";"B01";"2";"10";"0";"0";"4";"2";"1";""
"202400012090";"155760465";"A01";"1";"7";"13";"0";"2";"14";"1";""
"202400012091";"155760464";"A01";"2";"7";"0";"0";"2";"0";"1";""
"202400012092";"155760461";"A01";"1";"7";"7";"2";"8";"14";"1";""
"202400012092";"155760463";"B01";"1";"7";"0";"2";"1";"9";"1";""
"202400012093";"155760459";"A01";"1";"7";"0";"0";"3";"6";"1";""
"202400012093";"155760460";"B01";"1";"33";"0";"2";"1";"17";"1";""
"202400012094";"155760457";"B01";"0";"1";"0";"2";"7";"19";"5";""
"202400012094";"155760458";"A01";"2";"7";"0";"2";"3";"2";"1";""
"202400012095";"155760453";"A01";"1";"10";"0";"2";"1";"1";"1";""
"202400012095";"155760454";"B01";"1";"7";"0";"0";"6";"2";"1";""
"202400012095";"155760455";"C01";"2";"7";"0";"2";"1";"1";"1";""
"202400012095";"155760456";"D01";"2";"10";"0";"2";"1";"1";"1";""
"202400012096";"155760449";"A01";"2";"33";"15";"2";"3";"1";"1";""
"202400012096";"155760450";"B01";"1";"10";"0";"2";"8";"1";"1";""
"202400012097";"155760451";"A01";"0";"7";"0";"2";"2";"16";"1";""
"202400012097";"155760452";"B01";"0";"37";"0";"2";"0";"1";"3";"3"
"202400012098";"155760447";"A01";"1";"7";"0";"2";"1";"12";"1";""
"202400012098";"155760448";"B01";"1";"33";"0";"2";"4";"12";"1";""
"202400012099";"155760445";"A01";"1";"7";"2";"0";"1";"14";"1";""
"202400012100";"155760444";"A01";"3";"2";"0";"0";"0";"1";"1";""
"202400012101";"155760446";"A01";"3";"7";"0";"1";"5";"4";"1";""
"202400012102";"155760443";"A01";"2";"7";"2";"0";"3";"1";"1";""
"202400012103";"155760441";"A01";"2";"7";"6";"0";"1";"1";"1";""
"202400012104";"155760439";"A01";"3";"7";"2";"0";"1";"1";"1";""
"202400012105";"155760440";"A01";"1";"10";"16";"0";"3";"10";"1";""
"202400012105";"155760442";"B01";"1";"34";"16";"0";"2";"17";"1";""
"202400012106";"155760436";"A01";"3";"7";"6";"0";"1";"26";"1";""
"202400012107";"155760435";"A01";"1";"7";"0";"2";"1";"19";"1";""
"202400012107";"155760438";"B01";"2";"32";"9";"2";"7";"1";"1";""
"202400012108";"155760434";"A01";"1";"7";"0";"0";"2";"9";"1";""
"202400012108";"155760437";"B01";"1";"7";"0";"0";"3";"1";"1";""
"202400012109";"155760431";"A01";"1";"10";"0";"0";"3";"19";"1";""
"202400012109";"155760433";"B01";"2";"1";"0";"2";"3";"1";"5";""
"202400012110";"155760430";"A01";"2";"7";"0";"1";"1";"15";"1";""
"202400012111";"155760429";"A01";"2";"7";"0";"2";"2";"5";"1";""
"202400012111";"155760432";"B01";"2";"15";"0";"2";"3";"1";"1";""
"202400012112";"155760425";"A01";"1";"7";"0";"2";"0";"9";"1";""
"202400012112";"155760427";"B01";"1";"31";"0";"2";"0";"1";"1";""
"202400012113";"155760424";"A01";"0";"7";"9";"1";"1";"1";"1";""
"202400012114";"155760422";"A01";"2";"33";"4";"2";"0";"1";"1";""
"202400012115";"155760421";"A01";"1";"80";"0";"2";"0";"1";"3";""
"202400012116";"155760420";"A01";"3";"7";"6";"2";"1";"15";"2";""
"202400012116";"155760423";"B01";"2";"7";"1";"2";"8";"1";"1";""
"202400012117";"155760418";"A01";"1";"33";"0";"2";"1";"3";"1";""
"202400012117";"155760419";"B01";"1";"7";"0";"2";"6";"11";"1";""
"202400012118";"155760415";"A01";"1";"2";"0";"1";"1";"1";"1";""
"202400012119";"155760416";"A01";"3";"7";"11";"2";"7";"7";"1";""
"202400012119";"155760417";"B01";"3";"32";"0";"2";"7";"15";"1";""
"202400012120";"155760413";"B01";"1";"7";"0";"2";"1";"1";"1";""
"202400012120";"155760414";"A01";"1";"7";"0";"2";"4";"1";"1";""
"202400012121";"155760412";"A01";"1";"7";"0";"1";"0";"1";"1";""
"202400012122";"155760411";"A01";"2";"7";"0";"1";"7";"26";"1";""
"202400012123";"155760409";"B01";"1";"33";"0";"2";"8";"3";"1";""
"202400012123";"155760410";"A01";"1";"7";"0";"2";"7";"14";"1";""
"202400012124";"155760407";"A01";"3";"7";"0";"1";"1";"1";"2";""
"202400012125";"155760405";"A01";"2";"7";"0";"2";"6";"11";"1";""
"202400012125";"155760406";"B01";"2";"33";"0";"2";"1";"2";"1";""
"202400012126";"155760403";"B01";"0";"7";"0";"2";"1";"1";"0";""
"202400012126";"155760404";"A01";"3";"10";"0";"2";"8";"19";"1";""
"202400012127";"155760401";"B01";"3";"7";"0";"2";"4";"2";"2";""
"202400012127";"155760402";"A01";"3";"7";"0";"2";"1";"1";"1";""
"202400012128";"155760399";"B01";"2";"7";"0";"2";"1";"2";"1";""
"202400012128";"155760400";"A01";"2";"7";"0";"2";"4";"2";"2";""
"202400012129";"155760398";"A01";"2";"7";"0";"1";"1";"0";"2";""
"202400012130";"155760395";"A01";"2";"7";"6";"0";"1";"1";"1";""
"202400012131";"155760397";"A01";"2";"7";"0";"1";"1";"0";"1";""
"202400012132";"155760394";"A01";"1";"7";"0";"2";"1";"1";"1";""
"202400012132";"155760396";"B01";"1";"7";"0";"2";"4";"1";"1";""
"202400012133";"155760388";"B01";"1";"7";"0";"2";"4";"2";"2";""
"202400012133";"155760392";"A01";"1";"7";"0";"2";"1";"2";"1";""
"202400012133";"155760393";"C01";"1";"7";"0";"2";"4";"2";"3";""
"202400012134";"155760383";"A01";"1";"32";"0";"2";"1";"2";"1";""
"202400012134";"155760387";"B01";"1";"10";"0";"2";"4";"2";"1";""
"202400012134";"155760390";"C01";"1";"10";"0";"2";"4";"2";"1";""
"202400012135";"155760381";"C01";"1";"7";"0";"2";"4";"2";"1";""
"202400012135";"155760384";"B01";"1";"7";"0";"2";"4";"2";"1";""
"202400012135";"155760386";"D01";"1";"10";"0";"2";"1";"2";"1";""
"202400012135";"155760391";"A01";"1";"7";"0";"2";"4";"23";"2";""
"202400012136";"155760380";"A01";"2";"1";"12";"0";"3";"1";"5";""
"202400012137";"155760379";"A01";"2";"7";"0";"2";"4";"0";"1";""
"202400012137";"155760382";"B01";"2";"7";"0";"2";"4";"1";"1";""
"202400012137";"155760385";"C01";"2";"7";"0";"2";"4";"0";"1";""
"202400012137";"155760389";"D01";"2";"7";"0";"2";"1";"0";"1";""
"202400012138";"155760377";"A01";"1";"7";"0";"2";"1";"1";"2";""
"202400012138";"155760378";"B01";"1";"7";"0";"2";"4";"2";"1";""
"202400012139";"155760375";"A01";"3";"7";"0";"1";"2";"26";"1";""
"202400012140";"155760374";"A01";"1";"7";"0";"2";"3";"26";"1";""
"202400012140";"155760376";"B01";"2";"7";"0";"2";"3";"5";"1";""
"202400012141";"155760373";"A01";"1";"80";"0";"1";"1";"21";"3";""
"202400012142";"155760372";"A01";"2";"43";"4";"0";"1";"1";"1";""
"202400012143";"155760370";"A01";"1";"7";"8";"0";"8";"1";"1";""
"202400012144";"155760369";"A01";"1";"80";"12";"0";"2";"1";"3";""
"202400012145";"155760368";"A01";"2";"7";"0";"0";"0";"15";"1";""
"202400012145";"155760371";"B01";"2";"1";"0";"0";"0";"21";"5";""
"202400012146";"155760367";"A01";"1";"32";"0";"0";"0";"1";"1";""
"202400012147";"155760366";"A01";"2";"7";"0";"0";"0";"13";"1";""
"202400012148";"155760363";"A01";"3";"32";"0";"2";"1";"1";"1";""
"202400012148";"155760365";"Z01";"3";"10";"0";"2";"4";"11";"0";""
"202400012149";"155760362";"A01";"2";"7";"0";"2";"7";"16";"1";""
"202400012149";"155760364";"B01";"2";"1";"0";"2";"1";"1";"5";""
"202400012150";"155760359";"A01";"1";"31";"0";"2";"7";"2";"1";""
"202400012150";"155760361";"Z01";"1";"7";"0";"2";"8";"2";"0";""
"202400012151";"155760358";"A01";"2";"7";"0";"2";"1";"2";"1";""
"202400012151";"155760360";"B01";"2";"10";"0";"2";"4";"2";"1";""
"202400012152";"155760356";"A01";"1";"1";"1";"2";"6";"1";"5";""
"202400012152";"155760357";"Z01";"1";"7";"0";"9";"7";"1";"1";""
"202400012153";"155760355";"A01";"2";"7";"0";"1";"1";"1";"1";""
"202400012154";"155760354";"A01";"1";"7";"13";"0";"0";"14";"1";""
"202400012155";"155760352";"A01";"1";"15";"0";"2";"2";"9";"1";""
"202400012155";"155760353";"B01";"1";"7";"0";"2";"8";"1";"1";""
"202400012156";"155760351";"A01";"2";"30";"0";"1";"1";"0";"1";""
"202400012157";"155760350";"A01";"1";"7";"0";"1";"2";"1";"1";""
"202400012158";"155760349";"Z01";"2";"7";"0";"1";"8";"0";"0";""
"202400012159";"155760348";"A01";"0";"50";"0";"0";"0";"1";"3";""
"202400012160";"155760345";"A01";"1";"7";"1";"0";"3";"22";"1";""
"202400012161";"155760346";"A01";"3";"7";"0";"2";"5";"15";"1";""
"202400012161";"155760347";"B01";"3";"50";"0";"2";"1";"1";"3";""
"202400012162";"155760344";"A01";"1";"7";"12";"0";"1";"6";"1";""
"202400012163";"155760342";"B01";"1";"43";"1";"0";"1";"1";"1";""
"202400012164";"155760341";"A01";"3";"7";"0";"1";"1";"1";"1";""
"202400012165";"155760337";"B01";"3";"50";"0";"2";"3";"9";"3";""
"202400012165";"155760340";"A01";"3";"7";"0";"2";"1";"1";"2";""
"202400012166";"155760330";"A01";"3";"7";"0";"1";"2";"16";"1";""
"202400012167";"155760332";"A01";"2";"7";"0";"2";"8";"15";"1";""
"202400012167";"155760335";"B01";"2";"7";"0";"2";"2";"1";"2";""
"202400012168";"155760329";"C01";"2";"7";"0";"2";"4";"2";"1";""
"202400012168";"155760333";"D01";"2";"7";"0";"2";"4";"2";"1";""
"202400012168";"155760334";"A01";"2";"7";"0";"2";"1";"2";"1";""
"202400012168";"155760339";"B01";"2";"7";"0";"2";"4";"2";"2";""
"202400012169";"155760328";"B01";"2";"7";"0";"2";"4";"26";"1";""
"202400012169";"155760331";"A01";"2";"7";"0";"2";"1";"26";"1";""
"202400012170";"155760325";"B01";"1";"50";"0";"2";"1";"1";"3";""
"202400012170";"155760327";"A01";"1";"7";"0";"2";"3";"15";"1";""
"202400012171";"155760324";"B01";"1";"7";"0";"2";"1";"1";"1";""
"202400012171";"155760326";"A01";"1";"7";"0";"2";"1";"11";"1";""
"202400012172";"155760319";"A01";"1";"7";"0";"2";"2";"9";"1";""
"202400012172";"155760322";"C01";"1";"34";"0";"2";"1";"0";"0";""
"202400012173";"155760317";"A01";"3";"10";"0";"2";"3";"9";"1";""
"202400012173";"155760320";"B01";"3";"2";"0";"2";"5";"1";"1";""
"202400012174";"155760318";"C01";"3";"7";"0";"2";"6";"0";"2";""
"202400012174";"155760321";"A01";"3";"7";"0";"2";"2";"2";"1";""
"202400012174";"155760323";"B01";"3";"7";"0";"2";"5";"0";"1";""
"202400012175";"155760314";"A01";"1";"33";"0";"2";"1";"1";"1";""
"202400012175";"155760316";"B01";"1";"7";"0";"2";"6";"1";"1";""
"202400012176";"155760312";"A01";"3";"7";"0";"2";"1";"17";"1";""
"202400012176";"155760315";"B01";"3";"34";"0";"9";"4";"3";"1";""
"202400012177";"155760311";"A01";"3";"7";"0";"2";"1";"2";"1";""
"202400012177";"155760313";"B01";"3";"7";"0";"2";"4";"23";"1";""
"202400012178";"155760309";"A01";"2";"7";"0";"1";"3";"12";"1";""
"202400012179";"155760308";"A01";"2";"7";"0";"2";"1";"15";"1";""
"202400012179";"155760310";"B01";"1";"33";"0";"2";"1";"1";"1";""
"202400012180";"155760305";"B01";"3";"1";"0";"9";"7";"1";"5";""
"202400012180";"155760307";"A01";"3";"30";"0";"9";"0";"0";"0";""
"202400012181";"155760304";"A01";"0";"7";"0";"2";"1";"1";"1";""
"202400012181";"155760306";"B01";"0";"1";"0";"2";"7";"1";"5";""
"202400012182";"155760303";"A01";"1";"7";"0";"0";"2";"26";"1";""
"202400012183";"155760302";"A01";"1";"7";"2";"0";"2";"1";"1";""
"202400012184";"155760301";"A01";"1";"2";"0";"0";"1";"1";"3";""
"202400012185";"155760299";"A01";"1";"2";"12";"0";"1";"0";"1";""
"202400012186";"155760298";"A01";"1";"2";"0";"0";"2";"14";"1";""
"202400012187";"155760297";"B01";"2";"33";"0";"2";"4";"2";"1";""
"202400012187";"155760300";"A01";"2";"7";"0";"2";"1";"2";"1";""
"202400012188";"155760295";"A01";"1";"7";"13";"0";"1";"0";"2";""
"202400012189";"155760294";"A01";"3";"31";"0";"2";"1";"1";"0";""
"202400012189";"155760296";"B01";"0";"10";"0";"0";"3";"1";"1";""
"202400012190";"155760292";"A01";"3";"7";"0";"1";"1";"1";"1";""
"202400012191";"155760293";"A01";"3";"33";"1";"0";"1";"26";"1";""
"202400012192";"155760290";"A01";"3";"7";"8";"0";"1";"16";"1";""
"202400012193";"155760288";"A01";"3";"33";"0";"2";"6";"9";"1";""
"202400012193";"155760291";"B01";"3";"7";"0";"2";"5";"9";"1";""
"202400012194";"155760286";"A01";"2";"7";"2";"0";"3";"14";"1";""
"202400012195";"155760283";"A01";"1";"34";"0";"1";"1";"1";"1";""
"202400012195";"155760287";"B01";"1";"7";"0";"2";"6";"1";"1";""
"202400012196";"155760280";"B01";"2";"7";"0";"2";"4";"2";"1";""
"202400012196";"155760282";"C01";"2";"7";"0";"2";"4";"2";"1";""
"202400012196";"155760285";"D01";"2";"7";"0";"2";"4";"2";"1";""
"202400012196";"155760289";"A01";"2";"10";"0";"2";"1";"2";"1";""
"202400012197";"155760279";"B01";"3";"1";"0";"2";"1";"26";"5";""
"202400012197";"155760284";"A01";"3";"7";"0";"2";"7";"1";"1";""
"202400012198";"155760276";"A01";"1";"7";"0";"2";"1";"15";"2";""
"202400012198";"155760277";"B01";"2";"33";"0";"2";"1";"1";"1";""
"202400012199";"155760272";"A01";"0";"10";"0";"2";"2";"16";"1";""
"202400012199";"155760274";"B01";"0";"1";"0";"2";"6";"16";"5";""
"202400012200";"155760273";"A01";"3";"7";"0";"2";"4";"23";"1";""
"202400012200";"155760275";"B01";"3";"3";"1";"0";"1";"1";"1";""
"202400012201";"155760270";"A01";"0";"2";"0";"0";"9";"1";"1";""
"202400012202";"155760268";"A01";"2";"50";"0";"2";"4";"1";"3";""
"202400012203";"155760266";"A01";"2";"7";"0";"0";"5";"0";"1";""
"202400012203";"155760269";"B01";"2";"1";"1";"0";"1";"2";"5";""
"202400012204";"155760264";"A01";"2";"31";"0";"2";"1";"13";"1";""
"202400012204";"155760267";"B01";"2";"7";"0";"0";"3";"15";"1";""
"202400012205";"155760259";"A01";"1";"40";"0";"2";"2";"1";"3";""
"202400012205";"155760262";"B01";"1";"1";"0";"4";"3";"19";"5";""
"202400012206";"155760257";"A01";"1";"1";"0";"2";"3";"2";"5";""
"202400012206";"155760260";"Z01";"1";"7";"0";"2";"2";"17";"0";""
"202400012207";"155760256";"B01";"2";"10";"0";"2";"3";"1";"1";""
"202400012207";"155760261";"A01";"1";"7";"0";"2";"1";"5";"1";""
"202400012208";"155760258";"A01";"3";"7";"0";"2";"1";"1";"1";""
"202400012208";"155760263";"B01";"3";"7";"0";"2";"1";"16";"2";""
"202400012209";"155760255";"A01";"1";"7";"0";"0";"9";"6";"0";""
"202400012210";"155760254";"A01";"2";"7";"13";"0";"1";"1";"1";""
"202400012211";"155760253";"A01";"3";"32";"0";"1";"8";"26";"1";""
"202400012212";"155760250";"A01";"3";"7";"0";"1";"7";"0";"1";""
"202400012213";"155760251";"B01";"3";"7";"0";"2";"8";"2";"1";""
"202400012213";"155760252";"A01";"3";"30";"0";"2";"8";"13";"1";""
"202400012214";"155760246";"A01";"2";"33";"0";"2";"1";"2";"1";""
"202400012214";"155760248";"B01";"2";"10";"0";"2";"4";"2";"1";""
"202400012215";"155760244";"B01";"2";"33";"0";"2";"1";"1";"1";""
"202400012215";"155760247";"A01";"2";"7";"0";"2";"8";"9";"2";""
"202400012216";"155760243";"B01";"3";"7";"0";"2";"1";"1";"1";""
"202400012216";"155760249";"A01";"1";"7";"0";"0";"8";"15";"1";""
"202400012217";"155760241";"A01";"1";"38";"0";"1";"2";"16";"1";"1"
"202400012218";"155760239";"B01";"1";"30";"0";"2";"7";"1";"1";""
"202400012218";"155760242";"C01";"2";"7";"0";"2";"1";"1";"1";""
"202400012218";"155760245";"A01";"1";"10";"0";"2";"1";"15";"1";""
"202400012219";"155760238";"A01";"0";"7";"0";"2";"3";"0";"1";""
"202400012219";"155760240";"B01";"0";"2";"0";"2";"3";"0";"1";""
"202400012220";"155760236";"A01";"1";"7";"0";"2";"5";"18";"1";""
"202400012220";"155760237";"B01";"3";"80";"0";"2";"8";"1";"3";""
"202400012221";"155760234";"A01";"1";"7";"0";"1";"1";"0";"1";""
"202400012222";"155760232";"B01";"1";"33";"0";"2";"1";"0";"1";""
"202400012222";"155760235";"A01";"3";"7";"0";"2";"3";"26";"1";""
"202400012223";"155760230";"B01";"1";"7";"0";"2";"3";"1";"1";""
"202400012223";"155760231";"A01";"2";"7";"0";"2";"3";"1";"1";""
"202400012224";"155760227";"A01";"1";"7";"13";"0";"1";"16";"1";""
"202400012225";"155760226";"B01";"2";"33";"0";"2";"7";"2";"1";""
"202400012225";"155760229";"A01";"3";"10";"0";"2";"3";"26";"1";""
"202400012226";"155760224";"B01";"2";"7";"0";"2";"3";"13";"2";""
"202400012226";"155760225";"A01";"1";"7";"0";"2";"3";"1";"1";""
"202400012227";"155760228";"A01";"0";"7";"1";"0";"1";"1";"1";""
"202400012228";"155760220";"A01";"2";"14";"0";"2";"1";"9";"1";""
"202400012228";"155760223";"B01";"1";"7";"0";"2";"7";"1";"1";""
"202400012229";"155760218";"A01";"1";"34";"0";"2";"1";"5";"1";""
"202400012229";"155760221";"B01";"2";"7";"0";"2";"1";"1";"1";""
"202400012229";"155760222";"C01";"1";"7";"0";"2";"3";"1";"1";""
"202400012230";"155760217";"A01";"1";"10";"6";"0";"1";"17";"1";""
"202400012231";"155760216";"A01";"1";"7";"0";"2";"4";"2";"1";""
"202400012231";"155760219";"B01";"2";"7";"0";"2";"1";"2";"0";""
"202400012232";"155760213";"B01";"2";"10";"0";"2";"2";"1";"1";""
"202400012232";"155760215";"A01";"1";"7";"0";"2";"3";"17";"1";""
"202400012233";"155760211";"B01";"2";"15";"0";"0";"7";"19";"0";""
"202400012233";"155760214";"A01";"1";"7";"0";"2";"1";"1";"0";""
"202400012234";"155760210";"A01";"1";"7";"6";"0";"1";"1";"1";""
"202400012235";"155760209";"B01";"1";"7";"0";"9";"1";"1";"1";""
"202400012235";"155760212";"A01";"1";"50";"0";"2";"1";"15";"3";""
"202400012236";"155760207";"A01";"1";"7";"0";"1";"2";"1";"2";""
"202400012237";"155760208";"A01";"1";"10";"0";"2";"1";"1";"1";""
"202400012238";"155760205";"A01";"1";"7";"0";"1";"1";"11";"1";""
"202400012239";"155760203";"A01";"1";"33";"0";"2";"2";"1";"1";""
"202400012239";"155760206";"B01";"1";"21";"0";"2";"6";"16";"0";""
"202400012240";"155760198";"B01";"2";"1";"0";"2";"0";"21";"5";""
"202400012240";"155760200";"A01";"2";"7";"0";"9";"7";"17";"1";""
"202400012241";"155760199";"A01";"1";"7";"0";"2";"5";"15";"1";""
"202400012241";"155760201";"B01";"2";"31";"0";"2";"1";"1";"3";""
"202400012242";"155760193";"A01";"3";"7";"0";"2";"4";"23";"1";""
"202400012242";"155760197";"B01";"3";"7";"0";"2";"1";"2";"1";""
"202400012243";"155760192";"A01";"2";"30";"0";"0";"7";"1";"1";""
"202400012244";"155760190";"A01";"2";"50";"0";"2";"1";"19";"3";""
"202400012244";"155760194";"B01";"1";"7";"0";"0";"3";"1";"1";""
"202400012245";"155760191";"A01";"2";"7";"0";"2";"8";"11";"1";""
"202400012245";"155760195";"C01";"2";"33";"0";"2";"3";"3";"1";""
"202400012245";"155760196";"B01";"2";"14";"0";"2";"2";"1";"1";""
"202400012245";"155760202";"D01";"2";"7";"0";"2";"5";"1";"1";""
"202400012246";"155760187";"B01";"3";"7";"0";"2";"1";"1";"1";""
"202400012246";"155760189";"A01";"3";"7";"0";"2";"1";"5";"1";""
"202400012247";"155760188";"A01";"2";"7";"0";"1";"1";"1";"1";""
"202400012248";"155760185";"A01";"2";"7";"0";"2";"2";"19";"1";""
"202400012248";"155760186";"B01";"2";"7";"0";"2";"1";"1";"1";""
"202400012249";"155760180";"A01";"2";"7";"8";"0";"9";"1";"1";""
"202400012250";"155760181";"A01";"0";"39";"0";"1";"1";"1";"3";""
"202400012251";"155760179";"A01";"3";"30";"0";"2";"1";"19";"1";""
"202400012251";"155760183";"B01";"3";"7";"0";"2";"1";"21";"1";""
"202400012252";"155760182";"B01";"1";"7";"0";"2";"4";"2";"1";""
"202400012252";"155760184";"A01";"1";"10";"0";"2";"1";"2";"1";""
"202400012253";"155760178";"A01";"1";"7";"4";"0";"1";"13";"1";""
"202400012254";"155760174";"A01";"2";"7";"0";"2";"8";"10";"1";""
"202400012254";"155760176";"B01";"2";"33";"0";"2";"1";"1";"1";""
"202400012255";"155760172";"A01";"1";"7";"0";"0";"0";"1";"1";""
"202400012256";"155760171";"A01";"1";"33";"0";"2";"1";"11";"1";""
"202400012256";"155760173";"B01";"1";"32";"0";"2";"7";"3";"1";""
"202400012257";"155760168";"A01";"2";"7";"13";"0";"1";"1";"1";""
"202400012258";"155760169";"A01";"3";"7";"0";"1";"1";"15";"1";""
"202400012259";"155760167";"A01";"1";"33";"0";"2";"1";"1";"1";""
"202400012259";"155760170";"B01";"1";"7";"0";"2";"4";"0";"2";""
"202400012260";"155760164";"A01";"3";"7";"0";"0";"1";"1";"1";""
"202400012261";"155760166";"A01";"1";"7";"0";"2";"1";"14";"1";""
"202400012262";"155760163";"A01";"2";"7";"0";"2";"3";"0";"1";""
"202400012262";"155760165";"B01";"1";"7";"0";"2";"1";"0";"1";""
"202400012263";"155760160";"A01";"2";"2";"0";"1";"1";"1";"1";""
"202400012264";"155760161";"C01";"1";"7";"0";"2";"1";"16";"1";""
"202400012264";"155760162";"D01";"2";"7";"0";"2";"0";"0";"0";""
"202400012265";"155760157";"A01";"1";"7";"0";"2";"1";"0";"1";""
"202400012265";"155760158";"B01";"2";"7";"0";"2";"3";"1";"0";""
"202400012266";"155760159";"A01";"1";"30";"0";"0";"8";"1";"1";""
"202400012267";"155760155";"A01";"0";"50";"12";"0";"1";"1";"3";""
"202400012268";"155760154";"A01";"2";"7";"0";"0";"0";"1";"1";""
"202400012269";"155760153";"B01";"1";"1";"0";"2";"5";"1";"5";""
"202400012269";"155760156";"A01";"1";"7";"0";"2";"1";"1";"1";""