"Num_Acc";"id_vehicule";"num_veh";"senc";"catv";"obs";"obsm";"choc";"manv";"motor";"occutc"
"202400012270";"155760150";"A01";"1";"33";"6";"0";"1";"1";"1";""
"202400012271";"155760151";"A01";"2";"33";"0";"2";"3";"3";"1";""
"202400012271";"155760152";"B01";"2";"7";"0";"2";"2";"1";"1";""
"202400012272";"155760149";"A01";"2";"50";"8";"0";"1";"1";"3";""
"202400012273";"155760148";"A01";"2";"7";"2";"0";"1";"13";"1";""
"202400012274";"155760146";"B01";"2";"1";"0";"2";"6";"1";"5";""
"202400012274";"155760147";"A01";"2";"10";"0";"2";"7";"2";"1";""
"202400012275";"155760143";"A01";"3";"7";"0";"1";"3";"15";"2";""
"202400012276";"155760144";"A01";"2";"10";"0";"1";"3";"15";"3";""
"202400012277";"155760141";"A01";"1";"43";"1";"0";"7";"14";"2";""
"202400012278";"155760140";"A01";"2";"7";"0";"0";"8";"15";"1";""
"202400012278";"155760142";"B01";"1";"7";"0";"2";"1";"1";"1";""
"202400012279";"155760139";"A01";"1";"7";"0";"0";"1";"14";"1";""
"202400012280";"155760134";"A01";"2";"7";"0";"2";"2";"13";"1";""
"202400012280";"155760137";"B01";"1";"7";"0";"2";"3";"1";"1";""
"202400012281";"155760135";"A01";"2";"7";"0";"1";"2";"18";"1";""
"202400012282";"155760133";"A01";"3";"7";"0";"2";"3";"1";"1";""
"202400012282";"155760138";"B01";"3";"7";"0";"2";"3";"13";"1";""
"202400012283";"155760132";"B01";"1";"7";"0";"2";"3";"1";"1";""
"202400012283";"155760136";"A01";"1";"30";"0";"2";"8";"19";"1";""
"202400012284";"155760128";"A01";"2";"7";"0";"2";"2";"1";"1";""
"202400012284";"155760131";"B01";"1";"1";"0";"2";"6";"1";"5";""
"202400012285";"155760127";"A01";"2";"34";"0";"2";"1";"17";"1";""
"202400012285";"155760129";"B01";"1";"7";"0";"2";"3";"1";"1";""
"202400012286";"155760126";"A01";"2";"7";"0";"2";"2";"16";"2";""
"202400012286";"155760130";"B01";"2";"50";"0";"2";"8";"7";"3";""
"202400012287";"155760124";"A01";"1";"1";"0";"2";"0";"19";"5";""
"202400012287";"155760125";"B01";"2";"7";"0";"2";"0";"1";"1";""
"202400012288";"155760121";"A01";"2";"7";"0";"2";"3";"1";"1";""
"202400012288";"155760123";"B01";"1";"10";"0";"2";"3";"1";"1";""
"202400012289";"155760118";"A01";"1";"2";"0";"2";"1";"13";"1";""
"202400012289";"155760120";"B01";"2";"43";"0";"2";"1";"1";"1";""
"202400012290";"155760117";"A01";"3";"33";"0";"2";"8";"1";"1";""
"202400012290";"155760122";"B01";"3";"38";"0";"2";"2";"9";"1";"1"
"202400012291";"155760119";"A01";"1";"33";"0";"1";"3";"1";"1";""
"202400012292";"155760114";"A01";"3";"30";"12";"0";"2";"14";"1";""
"202400012293";"155760115";"B01";"2";"33";"0";"2";"1";"1";"1";""
"202400012293";"155760116";"A01";"1";"7";"0";"2";"3";"15";"1";""
"202400012294";"155760113";"A01";"1";"7";"3";"0";"8";"13";"1";""
"202400012295";"155760111";"B01";"2";"7";"0";"2";"2";"23";"2";""
"202400012295";"155760112";"A01";"1";"1";"0";"2";"1";"1";"5";""
"202400012296";"155760106";"A01";"3";"7";"0";"2";"1";"13";"1";""
"202400012296";"155760109";"B01";"3";"7";"0";"2";"1";"1";"3";""
"202400012297";"155760107";"A01";"2";"30";"0";"2";"1";"1";"1";""
"202400012297";"155760110";"B01";"2";"7";"0";"2";"4";"23";"1";""
"202400012298";"155760105";"A01";"2";"7";"0";"0";"7";"0";"1";""
"202400012298";"155760108";"B01";"1";"7";"0";"2";"7";"0";"1";""
"202400012299";"155760100";"A01";"1";"7";"8";"0";"1";"17";"1";""
"202400012300";"155760098";"A01";"1";"7";"0";"2";"7";"2";"1";""
"202400012300";"155760102";"B01";"1";"33";"0";"2";"8";"15";"1";""
"202400012301";"155760097";"B01";"1";"32";"0";"2";"0";"0";"1";""
"202400012301";"155760099";"C01";"1";"30";"0";"2";"0";"0";"1";""
"202400012301";"155760103";"A01";"1";"7";"0";"2";"1";"25";"1";""
"202400012302";"155760101";"A01";"2";"10";"0";"2";"2";"10";"1";""
"202400012302";"155760104";"B01";"1";"33";"0";"2";"3";"1";"1";""
"202400012303";"155760094";"A01";"3";"31";"14";"0";"1";"1";"1";""
"202400012304";"155760093";"A01";"3";"7";"0";"9";"0";"2";"3";""
"202400012304";"155760096";"B01";"3";"1";"0";"2";"6";"15";"5";""
"202400012305";"155760091";"B01";"3";"7";"0";"2";"1";"21";"1";""
"202400012305";"155760095";"A01";"3";"7";"0";"2";"3";"13";"1";""
"202400012306";"155760086";"B01";"1";"50";"0";"2";"8";"19";"3";""
"202400012306";"155760088";"A01";"1";"7";"0";"2";"2";"1";"1";""
"202400012307";"155760087";"A01";"2";"10";"0";"0";"6";"15";"1";""
"202400012307";"155760089";"B01";"1";"33";"0";"0";"1";"17";"1";""
"202400012308";"155760090";"A01";" -1";"7";"0";"2";"8";"15";"1";""
"202400012308";"155760092";"B01";"2";"34";"0";"2";"7";"1";"3";""
"202400012309";"155760082";"A01";"3";"7";"0";"1";"1";"1";"1";""
"202400012310";"155760079";"A01";"1";"7";"0";"2";"1";"14";"1";""
"202400012310";"155760081";"B01";"2";"10";"0";"2";"1";"1";"1";""
"202400012310";"155760083";"C01";"2";"7";"0";"2";"1";"1";"1";""
"202400012311";"155760078";"A01";"1";"1";"0";"1";"1";"0";"5";""
"202400012312";"155760077";"B01";"3";"33";"0";"2";"1";"1";"1";""
"202400012312";"155760080";"A01";"3";"10";"0";"2";"3";"1";"1";""
"202400012313";"155760075";"A01";"1";"7";"16";"0";"0";"1";"1";""
"202400012314";"155760074";"A01";"2";"7";"0";"1";"1";"1";"1";""
"202400012315";"155760073";"A01";"3";"7";"0";"2";"1";"1";"1";""
"202400012315";"155760076";"Y01";"3";"1";"0";"2";"8";"0";"5";""
"202400012316";"155760072";"A01";"1";"40";"0";"1";"7";"1";"3";""
"202400012317";"155760069";"A01";"2";"7";"15";"0";"2";"0";"1";""
"202400012318";"155760067";"A01";"2";"7";"0";"2";"3";"20";"1";""
"202400012318";"155760070";"B01";"2";"7";"0";"2";"2";"2";"1";""
"202400012319";"155760066";"A01";"2";"7";"0";"1";"2";"1";"2";""
"202400012320";"155760063";"B01";"1";"7";"0";"2";"1";"1";"1";""
"202400012320";"155760065";"A01";"2";"37";"0";"2";"1";"13";"2";"1"
"202400012321";"155760060";"C01";"1";"2";"0";"0";"0";"2";"1";""
"202400012321";"155760061";"B01";"1";"99";"0";"2";"4";"2";"1";""
"202400012321";"155760064";"A01";"1";"7";"0";"2";"2";"0";"1";""
"202400012322";"155760059";"A01";"1";"7";"0";"2";"2";"21";"1";""
"202400012322";"155760062";"B01";"1";"99";"0";"2";"3";"15";"0";""
"202400012323";"155760058";"A01";"2";"1";"0";"0";"1";"1";"5";""
"202400012324";"155760056";"A01";"1";"7";"13";"0";"1";"14";"1";""
"202400012325";"155760055";"A01";"2";"31";"0";"2";"2";"17";"1";""
"202400012325";"155760057";"B01";"2";"7";"0";"2";"3";"15";"1";""
"202400012326";"155760054";"A01";"1";"34";"1";"1";"0";"0";"1";""
"202400012327";"155760051";"A01";"1";"7";"0";"1";"1";"16";"1";""
"202400012328";"155760050";"B01";"2";"31";"0";"2";"3";"11";"1";""
"202400012328";"155760052";"A01";"1";"7";"0";"2";"1";"1";"1";""
"202400012329";"155760048";"A01";"1";"10";"0";"2";"1";"2";"1";""
"202400012329";"155760049";"B01";"1";"7";"0";"2";"4";"1";"1";""
"202400012330";"155760046";"A01";"2";"7";"2";"0";"1";"1";"1";""
"202400012331";"155760045";"B01";"3";"33";"0";"2";"3";"1";"1";""
"202400012331";"155760047";"A01";"3";"7";"0";"2";"2";"20";"1";""
"202400012332";"155760041";"A01";"0";"7";"0";"1";"3";"1";"1";""
"202400012333";"155760042";"B01";"2";"10";"0";"2";"4";"23";"1";""
"202400012333";"155760044";"A01";"2";"37";"0";"2";"1";"1";"1";"2"
"202400012333";"155760053";"C01";"2";"7";"0";"2";"4";"23";"2";""
"202400012334";"155760040";"A01";"1";"21";"0";"1";"0";"15";"1";""
"202400012335";"155760039";"A01";"2";"7";"0";"2";"1";"1";"1";""
"202400012335";"155760043";"B01";"1";"50";"0";"2";"8";"1";"3";""
"202400012336";"155760035";"C01";"1";"7";"0";"0";"0";"0";"3";""
"202400012336";"155760037";"A01";"1";"14";"0";"0";"0";"0";"1";""
"202400012336";"155760038";"B01";"1";"33";"0";"0";"0";"0";"1";""
"202400012337";"155760036";"A01";"1";"37";"0";"1";"2";"7";"2";"1"
"202400012338";"155760031";"A01";"2";"7";"0";"2";"8";"9";"1";""
"202400012338";"155760032";"B01";"0";"1";"0";"0";"0";"0";"5";""
"202400012339";"155760028";"B01";"1";"7";"0";"2";"8";"1";"1";""
"202400012339";"155760034";"A01";"1";"7";"0";"2";"1";"1";"1";""
"202400012340";"155760026";"B01";"2";"2";"0";"2";"1";"1";"1";""
"202400012340";"155760029";"A01";"1";"7";"0";"2";"8";"15";"1";""
"202400012341";"155760024";"B01";"1";"80";"15";"2";"5";"18";"3";""
"202400012341";"155760027";"Z01";"1";"7";"0";"2";"1";"1";"2";""
"202400012341";"155760030";"A01";"1";"7";"0";"2";"4";"23";"2";""
"202400012342";"155760022";"B01";"1";"7";"0";"2";"3";"1";"1";""
"202400012342";"155760025";"A01";"2";"7";"0";"2";"3";"13";"1";""
"202400012343";"155760021";"A01";"1";"7";"2";"0";"7";"1";"0";""
"202400012344";"155760019";"A01";"3";"7";"0";"2";"1";"1";"1";""
"202400012344";"155760023";"B01";"3";"7";"0";"2";"8";"1";"1";""
"202400012345";"155760018";"A01";"1";"1";"0";"2";"1";"1";"5";""
"202400012345";"155760020";"Z01";"2";"1";"0";"2";"1";"13";"5";""
"202400012346";"155760017";"A01";"1";"7";"0";"1";"1";"9";"1";""
"202400012347";"155760016";"A01";"0";"2";"0";"1";"4";"4";"3";""
"202400012348";"155760013";"B01";"1";"37";"0";"2";"0";"1";"1";"1"
"202400012348";"155760015";"A01";"1";"50";"0";"2";"0";"1";"3";""
"202400012349";"155760008";"A01";"1";"10";"0";"2";"1";"17";"1";""
"202400012349";"155760010";"B01";"2";"10";"0";"2";"1";"1";"1";""
"202400012350";"155760007";"B01";"1";"7";"6";"2";"1";"1";"1";""
"202400012350";"155760011";"A01";"2";"7";"0";"2";"3";"13";"1";""
"202400012351";"155760009";"B01";"1";"33";"0";"2";"1";"1";"1";""
"202400012351";"155760012";"A01";"1";"33";"0";"2";"6";"1";"1";""
"202400012351";"155760014";"C01";"1";"1";"0";"2";"8";"15";"5";""
"202400012352";"155760005";"A01";"3";"7";"2";"0";"1";"14";"1";""
"202400012353";"155760001";"A01";"2";"30";"14";"0";"7";"12";"1";""
"202400012354";"155760002";"B01";"1";"33";"0";"2";"7";"17";"1";""
"202400012354";"155760006";"A01";"1";"7";"0";"2";"3";"13";"1";""
"202400012355";"155759999";"A01";"3";"10";"8";"0";"1";"1";"1";""
"202400012356";"155759998";"D01";"1";"1";"0";"2";"1";"2";"5";""
"202400012356";"155760000";"A01";"1";"1";"0";"2";"4";"2";"5";""
"202400012356";"155760003";"C01";"1";"1";"0";"2";"1";"2";"5";""
"202400012356";"155760004";"B01";"1";"1";"0";"2";"1";"2";"5";""
"202400012357";"155759997";"A01";"3";"2";"0";"0";"0";"2";"1";""
"202400012358";"155759995";"B01";"3";"80";"0";"2";"5";"2";"3";""
"202400012358";"155759996";"A01";"1";"7";"0";"2";"1";"2";"1";""
"202400012359";"155759993";"A01";"1";"7";"13";"0";"0";"1";"1";""
"202400012360";"155759994";"A01";"1";"7";"17";"0";"1";"1";"1";""
"202400012361";"155759990";"A01";"3";"1";"0";"2";"3";"1";"5";""
"202400012361";"155759992";"B01";"3";"10";"0";"2";"2";"1";"1";""
"202400012362";"155759989";"B01";"3";"2";"0";"2";"3";"0";"1";""
"202400012362";"155759991";"A01";"3";"7";"0";"0";"7";"1";"1";""
"202400012363";"155759988";"A01";"1";"7";"13";"0";"3";"13";"1";""
"202400012364";"155759987";"A01";"3";"33";"0";"0";"0";"1";"1";""
"202400012365";"155759986";"A01";"1";"7";"2";"0";"3";"0";"1";""
"202400012366";"155759984";"A01";"1";"7";"0";"2";"3";"2";"1";""
"202400012366";"155759985";"B01";"2";"33";"0";"2";"8";"2";"1";""
"202400012367";"155759983";"A01";"1";"10";"3";"0";"1";"1";"1";""
"202400012368";"155759982";"A01";"2";"7";"13";"0";"2";"0";"1";""
"202400012369";"155759980";"A01";"1";"7";"0";"2";"1";"15";"1";""
"202400012369";"155759981";"B01";"1";"7";"0";"0";"4";"15";"3";""
"202400012370";"155759978";"A01";"3";"7";"12";"1";"2";"4";"1";""
"202400012371";"155759976";"A01";"2";"7";"0";"9";"1";"13";"1";""
"202400012371";"155759977";"B01";"1";"33";"0";"2";"1";"26";"1";""
"202400012371";"155759979";"C01";"1";"33";"0";"2";"1";"26";"1";""
"202400012372";"155759975";"A01";"1";"7";"13";"0";"1";"2";"1";""
"202400012373";"155759973";"B01";"0";"50";"0";"2";"1";"0";"3";""
"202400012373";"155759974";"A01";"3";"7";"0";"2";"3";"1";"1";""
"202400012374";"155759972";"A01";"1";"7";"10";"0";"8";"13";"1";""
"202400012375";"155759971";"A01";"3";"7";"2";"0";"1";"15";"1";""
"202400012376";"155759967";"B01";"3";"7";"0";"2";"8";"1";"1";""
"202400012376";"155759970";"A01";"3";"7";"0";"2";"3";"13";"1";""
"202400012377";"155759966";"A01";"2";"7";"0";"2";"7";"14";"1";""
"202400012377";"155759969";"B01";"2";"7";"0";"2";"8";"1";"1";""
"202400012378";"155759965";"B01";"3";"50";"0";"2";"1";"19";"3";""
"202400012378";"155759968";"A01";"3";"10";"0";"2";"2";"16";"1";""
"202400012379";"155759962";"A01";"1";"7";"0";"2";"4";"2";"1";""
"202400012379";"155759963";"B01";"1";"7";"0";"2";"1";"2";"1";""
"202400012380";"155759961";"Z01";"3";"7";"0";"9";"0";"19";"0";""
"202400012380";"155759964";"A01";"2";"80";"0";"2";"8";"15";"3";""
"202400012381";"155759959";"A01";"3";"7";"0";"2";"7";"13";"1";""
"202400012381";"155759960";"B01";"3";"7";"0";"2";"1";"1";"1";""
"202400012382";"155759954";"A01";"2";"7";"0";"2";"8";"13";"1";""
"202400012382";"155759958";"B01";"2";"7";"0";"2";"0";"0";"1";""
"202400012383";"155759957";"A01";"1";"3";"0";"1";"1";"15";"1";""
"202400012384";"155759953";"A01";"1";"7";"4";"0";"2";"1";"1";""
"202400012385";"155759951";"A01";"1";"7";"0";"1";"7";"14";"2";""
"202400012386";"155759950";"B01";"2";"7";"0";"2";"1";"14";"1";""
"202400012386";"155759952";"A01";"1";"7";"0";"2";"1";"1";"1";""
"202400012387";"155759948";"A01";"1";"7";"0";"1";"1";"1";"1";""
"202400012388";"155759947";"A01";"1";"7";"0";"2";"2";"2";"1";""
"202400012388";"155759949";"B01";"1";"7";"0";"2";"4";"2";"1";""
"202400012389";"155759944";"A01";"2";"7";"3";"0";"1";"1";"1";""
"202400012390";"155759945";"A01";"1";"7";"0";"1";"3";"9";"1";""
"202400012391";"155759939";"A01";"1";"33";"0";"2";"0";"1";"1";""
"202400012391";"155759942";"B01";"1";"33";"0";"2";"1";"1";"1";""
"202400012392";"155759938";"B01";"2";"7";"0";"2";"3";"1";"1";""
"202400012392";"155759940";"A01";"1";"7";"0";"2";"2";"15";"1";""
"202400012393";"155759936";"A01";"1";"7";"0";"2";"1";"1";"1";""
"202400012393";"155759937";"B01";"1";"7";"0";"2";"9";"1";"1";""
"202400012393";"155759941";"C01";"1";"7";"0";"2";"1";"1";"1";""
"202400012393";"155759943";"D01";"1";"7";"0";"2";"4";"23";"2";""
"202400012393";"155759946";"E01";"1";"7";"0";"2";"4";"23";"2";""
"202400012394";"155759935";"A01";"1";"7";"3";"0";"7";"26";"1";""
"202400012395";"155759932";"A01";"1";"7";"0";"2";"7";"12";"1";""
"202400012395";"155759933";"B01";"1";"34";"0";"2";"3";"3";"1";""
"202400012396";"155759930";"A01";"2";"7";"0";"2";"1";"11";"0";""
"202400012396";"155759934";"B01";"1";"7";"0";"2";"1";"0";"1";""
"202400012397";"155759929";"A01";"1";"7";"0";"2";"1";"1";"1";""
"202400012397";"155759931";"B01";"1";"7";"0";"2";"4";"23";"1";""
"202400012398";"155759927";"A01";"2";"10";"0";"1";"7";"1";"1";""
"202400012399";"155759928";"A01";"2";"50";"0";"0";"2";"1";"3";""
"202400012400";"155759925";"A01";"3";"33";"0";"2";"1";"1";"1";""
"202400012400";"155759926";"B01";"3";"7";"0";"2";"4";"1";"1";""
"202400012401";"155759923";"A01";"2";"7";"0";"1";"1";"26";"1";""
"202400012402";"155759922";"A01";"1";"7";"0";"2";"4";"1";"1";""
"202400012402";"155759924";"B01";"1";"7";"0";"2";"1";"1";"1";""
"202400012403";"155759919";"A01";"1";"7";"0";"2";"3";"9";"1";""
"202400012403";"155759920";"B01";"1";"2";"0";"2";"1";"26";"1";""
"202400012404";"155759918";"A01";"1";"7";"12";"0";"9";"26";"1";""
"202400012405";"155759917";"A01";"3";"7";"0";"9";"1";"15";"0";""
"202400012405";"155759921";"B01";"3";"33";"0";"2";"1";"1";"1";""
"202400012406";"155759912";"A01";"3";"7";"0";"9";"3";"1";"1";""
"202400012406";"155759915";"Y01";"3";"50";"0";"2";"1";"19";"3";""
"202400012407";"155759911";"A01";"2";"10";"0";"2";"1";"19";"1";""
"202400012407";"155759913";"B01";"1";"10";"0";"2";"6";"1";"1";""
"202400012408";"155759909";"A01";"3";"2";"0";"1";"3";"2";"1";""
"202400012409";"155759908";"B01";"2";"10";"0";"2";"1";"15";"1";""
"202400012409";"155759910";"A01";"1";"32";"0";"2";"1";"1";"1";""
"202400012410";"155759906";"A01";"3";"7";"0";"2";"3";"1";"1";""
"202400012410";"155759907";"B01";"3";"7";"0";"2";"8";"15";"1";""
"202400012411";"155759903";"A01";"2";"2";"0";"2";"8";"1";"1";""
"202400012411";"155759905";"B01";"2";"7";"0";"2";"7";"16";"1";""
"202400012412";"155759902";"A01";"1";"7";"0";"2";"1";"15";"1";""
"202400012412";"155759904";"B01";"2";"33";"0";"2";"1";"1";"1";""
"202400012413";"155759899";"A01";"1";"7";"0";"1";"3";"2";"0";""
"202400012414";"155759898";"A01";"3";"7";"0";"1";"4";"4";"1";""
"202400012415";"155759894";"A01";"1";"7";"0";"2";"4";"12";"1";""
"202400012415";"155759896";"B01";"1";"33";"0";"2";"1";"3";"1";""
"202400012416";"155759893";"A01";"2";"7";"2";"0";"1";"1";"1";""
"202400012417";"155759890";"F01";"2";"15";"0";"2";"3";"1";"1";""
"202400012417";"155759892";"A01";"2";"7";"0";"0";"4";"1";"1";""
"202400012417";"155759895";"B01";"2";"7";"0";"2";"4";"1";"1";""
"202400012417";"155759897";"C01";"2";"7";"0";"2";"4";"1";"1";""
"202400012417";"155759900";"D01";"2";"7";"0";"0";"4";"1";"1";""
"202400012417";"155759901";"E01";"2";"7";"3";"2";"4";"1";"1";""
"202400012418";"155759888";"A01";"3";"3";"0";"2";"2";"15";"1";""
"202400012418";"155759891";"B01";"1";"1";"0";"2";"5";"1";"5";""
"202400012419";"155759887";"A01";"3";"7";"0";"2";"3";"13";"1";""
"202400012419";"155759889";"B01";"3";"34";"0";"2";"1";"1";"1";""
"202400012420";"155759885";"A01";"3";"1";"0";"2";"0";"2";"5";""
"202400012420";"155759886";"B01";"3";"1";"0";"2";"7";"16";"5";""
"202400012421";"155759884";"A01";"1";"50";"0";"1";"1";"1";"3";""
"202400012422";"155759882";"A01";"1";"7";"0";"0";"0";"1";"1";""
"202400012423";"155759880";"A01";"2";"10";"0";"2";"1";"1";"1";""
"202400012423";"155759883";"B01";"1";"7";"0";"2";"7";"0";"1";""
"202400012424";"155759879";"B01";"1";"32";"0";"2";"8";"9";"1";""
"202400012424";"155759881";"A01";"1";"7";"0";"2";"1";"1";"1";""
"202400012425";"155759873";"B01";"0";"7";"0";"2";"3";"12";"1";""
"202400012425";"155759875";"A01";"0";"7";"0";"2";"3";"1";"1";""
"202400012426";"155759872";"C01";"2";"7";"0";"0";"4";"2";"1";""
"202400012426";"155759874";"A01";"2";"10";"0";"2";"1";"2";"1";""
"202400012426";"155759876";"B01";"2";"10";"0";"2";"9";"2";"1";""
"202400012427";"155759870";"A01";"0";"7";"0";"2";"2";"5";"1";""
"202400012427";"155759871";"B01";"0";"7";"0";"2";"3";"1";"1";""
"202400012428";"155759869";"A01";"3";"7";"0";"1";"1";"26";"1";""
"202400012429";"155759863";"A01";"2";"7";"0";"2";"3";"9";"1";""
"202400012429";"155759866";"B01";"2";"80";"0";"2";"7";"1";"3";""
"202400012430";"155759865";"A01";"1";"10";"0";"1";"1";"1";"1";""
"202400012431";"155759862";"A01";"1";"7";"0";"2";"4";"1";"1";""
"202400012431";"155759864";"B01";"1";"7";"0";"2";"1";"1";"1";""
"202400012432";"155759859";"A01";"1";"7";"0";"2";"2";"13";"1";""
"202400012432";"155759861";"B01";"2";"43";"0";"2";"1";"1";"1";""
"202400012433";"155759857";"B01";"1";"7";"0";"2";"1";"1";"1";""
"202400012433";"155759860";"A01";"2";"7";"0";"2";"1";"13";"1";""
"202400012434";"155759854";"B01";"2";"7";"0";"2";"1";"1";"1";""
"202400012434";"155759858";"A01";"1";"7";"0";"2";"2";"13";"1";""
"202400012435";"155759856";"A01";"2";"10";"0";"1";"8";"15";"1";""
"202400012436";"155759852";"A01";"1";"7";"0";"2";"3";"1";"1";""
"202400012436";"155759855";"B01";"3";"1";"0";"2";"2";"26";"5";""
"202400012437";"155759851";"A01";"3";"7";"0";"2";"7";"19";"1";""
"202400012437";"155759853";"B01";"1";"2";"0";"2";"1";"1";"1";""
"202400012438";"155759849";"A01";"2";"7";"2";"0";"1";"1";"1";""
"202400012439";"155759847";"B01";"3";"7";"0";"2";"3";"15";"3";""
"202400012439";"155759848";"A01";"3";"7";"9";"2";"1";"1";"1";""
"202400012440";"155759850";"A01";"2";"7";"0";"1";"1";"1";"1";""
"202400012441";"155759845";"B01";"1";"2";"13";"0";"6";"1";"1";""
"202400012441";"155759846";"A01";"1";"7";"0";"0";"1";"15";"1";""
"202400012442";"155759843";"A01";"2";"2";"0";"0";"9";"1";"1";""
"202400012443";"155759841";"A01";"2";"30";"0";"2";"1";"1";"1";""
"202400012443";"155759842";"B01";"2";"7";"0";"2";"6";"15";"1";""
"202400012444";"155759844";"A01";"2";"10";"0";"1";"1";"1";"1";""
"202400012445";"155759839";"A01";"1";"7";"8";"2";"3";"1";"1";""
"202400012445";"155759840";"B01";"2";"7";"0";"2";"2";"19";"1";""
"202400012446";"155759835";"A01";"1";"7";"0";"2";"3";"13";"1";""
"202400012446";"155759837";"B01";"1";"7";"0";"2";"1";"26";"1";""
"202400012446";"155759838";"C01";"1";"7";"0";"2";"1";"1";"1";""
"202400012447";"155759833";"B01";"2";"1";"0";"2";"1";"1";"5";""
"202400012447";"155759836";"A01";"2";"7";"0";"2";"3";"19";"1";""
"202400012448";"155759832";"A01";"1";"7";"3";"2";"1";"2";"1";""
"202400012448";"155759834";"B01";"1";"7";"3";"0";"6";"2";"1";""
"202400012449";"155759830";"A01";"1";"2";"0";"1";"1";"1";"3";""
"202400012450";"155759829";"A01";"2";"7";"0";"2";"1";"2";"1";""
"202400012450";"155759831";"B01";"2";"7";"0";"2";"4";"2";"1";""
"202400012451";"155759823";"B01";"1";"7";"0";"2";"4";"26";"1";""
"202400012451";"155759825";"A01";"1";"33";"0";"2";"4";"26";"1";""
"202400012452";"155759824";"B01";"1";"7";"0";"2";"2";"15";"1";""
"202400012452";"155759827";"A01";"2";"32";"9";"2";"1";"1";"1";""
"202400012453";"155759817";"A01";"1";"7";"12";"2";"1";"1";"1";""
"202400012453";"155759820";"B01";"2";"7";"0";"2";"1";"23";"1";""
"202400012454";"155759816";"B01";"1";"32";"0";"2";"7";"1";"1";""
"202400012454";"155759819";"A01";"1";"10";"0";"2";"3";"15";"1";""
"202400012455";"155759815";"A01";"1";"7";"0";"2";"1";"2";"2";""
"202400012455";"155759818";"B01";"1";"7";"0";"2";"4";"2";"1";""
"202400012455";"155759821";"C01";"1";"7";"0";"2";"4";"2";"1";""
"202400012455";"155759822";"D01";"1";"7";"0";"2";"4";"0";"1";""
"202400012455";"155759826";"E01";"1";"7";"0";"2";"4";"2";"2";""
"202400012455";"155759828";"F01";"1";"7";"0";"0";"4";"2";"2";""
"202400012456";"155759812";"A01";"2";"7";"0";"2";"1";"10";"1";""
"202400012456";"155759814";"B01";"2";"33";"0";"2";"1";"3";"1";""
"202400012457";"155759810";"B01";"1";"31";" -1";" -1";" -1";"0";" -1";""
"202400012457";"155759813";"A01";"1";"10";"0";"2";"1";"15";"1";""
"202400012458";"155759811";"A01";"1";"7";"0";"1";"1";"15";"1";""
"202400012459";"155759808";"A01";"0";"43";"0";"0";"0";"1";"1";""
"202400012460";"155759806";"A01";"2";"50";"0";"2";"7";"1";"3";""
"202400012460";"155759809";"Z01";"3";"0";"0";"2";"1";"2";"0";""
"202400012461";"155759805";"B01";"1";"50";"0";"2";"1";"1";"3";""
"202400012461";"155759807";"A01";"2";"80";"0";"2";"1";"1";"5";""
"202400012462";"155759803";"A01";"2";"7";"0";"2";"5";"11";"1";""
"202400012462";"155759804";"B01";"2";"33";"0";"2";"1";"3";"1";""
"202400012463";"155759801";"A01";"2";"10";"0";"1";"1";"16";"1";""
"202400012464";"155759800";"B01";"2";"7";"0";"2";"6";"15";"1";""
"202400012464";"155759802";"A01";"2";"33";"0";"2";"1";"1";"1";""
"202400012465";"155759798";"A01";"1";"7";"0";"1";"1";"1";"1";""
"202400012466";"155759797";"B01";"1";"33";"0";"2";"8";"1";"1";""
"202400012466";"155759799";"A01";"2";"0";"0";"2";"3";"13";" -1";""
"202400012467";"155759796";"A01";"2";"2";"0";"1";"1";"1";"1";""
"202400012468";"155759794";"A01";"2";"10";"0";"1";"1";"1";"1";""
"202400012469";"155759792";"B01";"0";"7";"0";"2";"1";"1";"1";""
"202400012469";"155759795";"A01";"0";"7";"0";"2";"7";"13";"1";""
"202400012470";"155759790";"A01";"2";"13";"1";"0";"3";"13";"1";""
"202400012471";"155759791";"A01";"2";"50";"0";"2";"1";"1";"3";""
"202400012471";"155759793";"B01";"2";"80";"0";"2";"4";"1";"5";""
"202400012472";"155759789";"A01";"3";"17";"0";"0";"7";"1";"1";""
"202400012473";"155759788";"A01";"2";"7";"0";"1";"4";"4";"1";""
"202400012474";"155759787";"A01";"3";"33";"14";"0";"1";"26";"1";""
"202400012475";"155759786";"A01";"0";"7";"0";"1";"1";"1";"1";""
"202400012476";"155759783";"A01";"1";"7";"1";"2";"2";"1";"1";""
"202400012476";"155759785";"B01";"1";"7";"0";"2";"6";"0";"1";""
"202400012477";"155759781";"B01";"0";"7";"0";"2";"3";"2";"1";""
"202400012477";"155759784";"A01";"1";"50";"0";"2";"1";"7";"3";""
"202400012478";"155759780";"B01";"1";"50";"0";"2";"1";"19";"3";""
"202400012478";"155759782";"A01";"2";"7";"0";"2";"1";"15";"1";""
"202400012479";"155759779";"A01";"1";"7";"4";"0";"3";"1";"1";""
"202400012480";"155759775";"A01";"1";"33";"0";"2";"1";"13";"1";""
"202400012480";"155759778";"B01";"2";"1";"0";"2";"1";"13";"5";""
"202400012481";"155759774";"A01";"2";"50";"0";"2";"1";"1";"3";""
"202400012481";"155759776";"B01";"2";"7";"0";"2";"3";"1";"1";""
"202400012482";"155759773";"A01";"2";"7";"0";"2";"6";"20";"1";""
"202400012482";"155759777";"B01";"1";"31";"0";"2";"1";"1";"1";""