"Num_Acc";"id_vehicule";"num_veh";"senc";"catv";"obs";"obsm";"choc";"manv";"motor";"occutc"
"202400012483";"155759771";"A01";"3";"31";"0";"2";"8";"15";"1";""
"202400012483";"155759772";"B01";"3";"7";"0";"2";"1";"0";"1";""
"202400012484";"155759769";"A01";"1";"37";"1";"0";"1";"13";"1";"2"
"202400012485";"155759767";"B01";"2";"10";"0";"2";"5";"0";"0";""
"202400012485";"155759770";"A01";"2";"7";"0";"2";"1";"26";"0";""
"202400012486";"155759766";"B01";"3";"38";"0";"2";"8";"1";"1";"1"
"202400012486";"155759768";"A01";"3";"7";"16";"2";"1";"26";"1";""
"202400012487";"155759763";"B01";"3";"1";"0";"2";"4";"1";"5";""
"202400012487";"155759765";"A01";"2";"7";"0";"2";"3";"9";"2";""
"202400012488";"155759760";"B01";"2";"10";"0";"2";"4";"1";"1";""
"202400012488";"155759762";"C01";"2";"10";"0";"2";"1";"1";"1";""
"202400012488";"155759764";"A01";"3";"7";"0";"2";"0";"26";"0";""
"202400012489";"155759761";"A01";"3";"7";"0";"1";"3";"2";"2";""
"202400012490";"155759758";"A01";"0";"50";"0";"2";"1";"19";"3";""
"202400012490";"155759759";"B01";"0";"7";"0";"2";"6";"15";"1";""
"202400012491";"155759757";"A01";"1";"31";"0";"1";"1";"0";"1";""
"202400012492";"155759756";"A01";"1";"7";"0";"1";"1";"15";"1";""
"202400012493";"155759755";"A01";"2";"7";"8";"0";"3";"26";"1";""
"202400012494";"155759753";"A01";"0";"7";"0";"1";"3";"0";"1";""
"202400012495";"155759751";"A01";"1";"7";"1";"0";"1";"1";"1";""
"202400012496";"155759752";"B01";"1";"7";"0";"2";"4";"23";"1";""
"202400012496";"155759754";"A01";"1";"7";"0";"2";"1";"2";"1";""
"202400012497";"155759750";"A01";"3";"7";"15";"0";"2";"14";"1";""
"202400012498";"155759747";"B01";"3";"7";"0";"2";"2";"0";"1";""
"202400012498";"155759749";"A01";"1";"7";"0";"2";"1";"24";"1";""
"202400012499";"155759745";"A01";"2";"10";"0";"2";"1";"1";"1";""
"202400012499";"155759748";"B01";"2";"7";"0";"2";"4";"2";"1";""
"202400012500";"155759744";"A01";"0";"7";"0";"2";"1";"15";"3";""
"202400012500";"155759746";"B01";"0";"1";"0";"2";"0";"0";"5";""
"202400012501";"155759743";"A01";"3";"7";"0";"0";"2";"9";"2";""
"202400012502";"155759742";"A01";"1";"7";"0";"1";"2";"15";"1";""
"202400012503";"155759739";"A01";"1";"7";"0";"2";"1";"1";"1";""
"202400012503";"155759740";"B01";"3";"7";"0";"2";"8";"19";"1";""
"202400012504";"155759738";"B01";"0";"33";"2";"2";"1";"2";"1";""
"202400012504";"155759741";"A01";"0";"7";"2";"2";"3";"26";"1";""
"202400012505";"155759737";"A01";"3";"7";"1";"0";"1";"14";"0";""
"202400012506";"155759735";"A01";"2";"99";"0";"1";"2";"1";"0";""
"202400012507";"155759734";"B01";"1";"7";"0";"2";"3";"1";"1";""
"202400012507";"155759736";"A01";"1";"30";"0";"2";"2";"26";"1";""
"202400012508";"155759732";"A01";"0";"33";"0";"2";"2";"9";"1";""
"202400012508";"155759733";"B01";"0";"7";"0";"2";"7";"1";"1";""
"202400012509";"155759729";"B01";"1";"7";"0";"2";"1";"15";"1";""
"202400012509";"155759731";"A01";"2";"32";"0";"2";"7";"1";"1";""
"202400012510";"155759727";"A01";"3";"7";"0";"2";"8";"15";"1";""
"202400012510";"155759728";"B01";"3";"33";"0";"0";"0";"0";"1";""
"202400012511";"155759726";"A01";"2";"7";"0";"2";"1";"1";"2";""
"202400012511";"155759730";"B01";"1";"7";"0";"2";"2";"15";"1";""
"202400012512";"155759721";"A01";"1";"7";"0";"2";"1";"2";"1";""
"202400012512";"155759723";"B01";"1";"7";"0";"2";"4";"15";"1";""
"202400012513";"155759722";"A01";"3";"43";"0";"2";"5";"1";"1";""
"202400012513";"155759724";"B01";"3";"1";"0";"2";"1";"1";"5";""
"202400012514";"155759720";"A01";"3";"7";"0";"2";"1";"9";"1";""
"202400012514";"155759725";"B01";"3";"2";"0";"2";"4";"1";"1";""
"202400012515";"155759716";"A01";"3";"30";"0";"2";"4";"17";"1";""
"202400012515";"155759718";"B01";"0";"7";"0";"2";"1";"0";" -1";""
"202400012516";"155759717";"A01";"1";"7";"13";"0";"3";"13";"1";""
"202400012517";"155759715";"B01";"2";"50";"0";"2";"8";"1";"3";""
"202400012517";"155759719";"A01";"2";"7";"0";"2";"7";"16";"2";""
"202400012518";"155759714";"A01";"1";"7";"0";"1";"3";"9";"1";""
"202400012519";"155759711";"A01";"1";"7";"0";"2";"1";"2";"2";""
"202400012519";"155759713";"B01";"1";"7";"0";"2";"4";"15";"1";""
"202400012520";"155759710";"A01";"2";"33";"12";"0";"1";"14";"1";""
"202400012521";"155759709";"A01";"1";"10";"0";"2";"1";"1";"1";""
"202400012521";"155759712";"B01";"1";"7";"0";"2";"8";"15";"1";""
"202400012522";"155759708";"A01";"2";"7";"12";"0";"1";"19";"1";""
"202400012523";"155759707";"A01";"1";"7";"3";"0";"1";"2";"1";""
"202400012524";"155759703";"A01";"1";"3";"0";"2";"7";"19";"1";""
"202400012524";"155759706";"B01";"2";"33";"0";"2";"1";"1";"1";""
"202400012525";"155759701";"B01";"1";"7";"0";"2";"1";"0";"1";""
"202400012525";"155759702";"A01";"2";"50";"0";"2";"1";"26";"3";""
"202400012526";"155759700";"A01";"1";"7";"0";"1";"3";"0";"1";""
"202400012527";"155759699";"A01";"0";"0";"0";"1";"0";"0";"0";""
"202400012528";"155759697";"A01";"3";"7";"0";"2";"2";"1";"1";""
"202400012528";"155759698";"B01";"3";"7";"0";"2";"3";"1";"1";""
"202400012529";"155759695";"A01";"3";"10";"0";"1";"1";"1";"1";""
"202400012530";"155759693";"AB01";"2";"7";"0";"2";"2";"16";" -1";""
"202400012530";"155759696";"B01";"1";"2";"8";"2";"1";"0";"1";""
"202400012531";"155759691";"A01";"2";"7";"0";"2";"1";"15";"1";""
"202400012531";"155759692";"B01";"1";"7";"0";"2";"7";"1";"1";""
"202400012531";"155759694";"C01";"2";"2";"0";"2";"1";"1";"1";""
"202400012532";"155759687";"A01";"1";"7";"0";"0";"0";"1";"1";""
"202400012533";"155759688";"A01";"3";"7";"0";"2";"1";"16";"1";""
"202400012533";"155759689";"B01";"1";"50";"0";"2";"1";"1";"3";""
"202400012534";"155759686";"B01";"1";"7";"0";"2";"2";"1";"1";""
"202400012534";"155759690";"A01";"2";"7";"0";"2";"2";"9";"1";""
"202400012535";"155759685";"A01";"3";"7";"0";"1";"8";"16";"1";""
"202400012536";"155759684";"A01";"3";"7";"0";"1";"3";"5";"1";""
"202400012537";"155759682";"B01";"1";"7";"0";"2";"5";"12";"1";""
"202400012537";"155759683";"A01";"1";"33";"0";"2";"1";"3";"1";""
"202400012538";"155759680";"A01";"1";"7";"0";"1";"3";"1";"1";""
"202400012539";"155759679";"B01";"2";"33";"0";"2";"7";"17";"1";""
"202400012539";"155759681";"A01";"2";"7";"0";"2";"3";"15";"1";""
"202400012540";"155759677";"B01";"1";"7";"0";"2";"1";"1";"1";""
"202400012540";"155759678";"A01";"1";"7";"0";"2";"3";"5";"1";""
"202400012541";"155759676";"A01";"1";"7";"0";"1";"1";"1";"1";""
"202400012542";"155759675";"A01";"1";"7";"0";"1";"2";"1";"1";""
"202400012543";"155759673";"A01";"1";"7";"0";"2";"1";"15";"1";""
"202400012543";"155759674";"B01";"2";"10";"0";"2";"1";"1";"1";""
"202400012544";"155759670";"A01";"2";"10";"0";"2";"1";"12";"1";""
"202400012544";"155759672";"B01";"2";"7";"0";"2";"4";"1";"1";""
"202400012545";"155759669";"B01";"1";"1";"0";"2";"7";"1";"5";""
"202400012545";"155759671";"A01";"1";"7";"0";"2";"7";"1";"1";""
"202400012546";"155759667";"A01";"1";"7";"0";"2";"1";"15";"1";""
"202400012546";"155759668";"B01";"2";"33";"0";"2";"8";"1";"1";""
"202400012547";"155759666";"A01";"1";"7";"12";"0";"1";"9";"1";""
"202400012548";"155759665";"A01";"1";"7";"13";"0";"2";"19";"1";""
"202400012549";"155759663";"A01";"2";"33";"0";"6";"8";"21";"1";""
"202400012550";"155759662";"A01";"2";"1";"0";"1";"1";"1";"5";""
"202400012551";"155759661";"B01";"1";"50";"0";"2";"0";"1";"3";""
"202400012551";"155759664";"A01";"1";"7";"0";"2";"0";"1";"0";""
"202400012552";"155759657";"A01";"2";"2";"0";"2";"3";"19";"1";""
"202400012552";"155759660";"B01";"1";"7";"0";"2";"2";"1";"1";""
"202400012553";"155759656";"A01";"1";"50";"0";"2";"1";"1";"3";""
"202400012553";"155759659";"B01";"1";"7";"0";"2";"4";"1";"1";""
"202400012554";"155759655";"A01";"3";"7";"0";"2";"8";"10";"3";""
"202400012554";"155759658";"B01";"3";"7";"0";"2";"2";"1";"1";""
"202400012555";"155759653";"A01";"1";"7";"0";"2";"1";"13";"2";""
"202400012555";"155759654";"B01";"2";"7";"0";"2";"1";"1";"1";""
"202400012556";"155759650";"A01";"3";"7";"0";"2";"1";"2";"1";""
"202400012556";"155759652";"B01";"3";"7";"0";"2";"6";"0";"1";""
"202400012557";"155759649";"A01";"3";"7";"0";"2";"1";"2";"1";""
"202400012557";"155759651";"B01";"3";"7";"0";"2";"4";"2";"1";""
"202400012558";"155759648";"A01";"1";"7";"0";"0";"0";"12";"1";""
"202400012559";"155759645";"B01";"1";"10";"0";"2";"6";"1";"1";""
"202400012559";"155759647";"A01";"1";"7";"0";"2";"0";"0";"1";""
"202400012560";"155759643";"A01";"2";"7";"0";"2";"1";"2";"1";""
"202400012560";"155759646";"B01";"2";"10";"0";"2";"4";"2";"1";""
"202400012561";"155759644";"A01";"1";"7";"9";"0";"1";"5";"1";""
"202400012562";"155759640";"A01";"1";"1";"0";"0";"0";"1";"5";""
"202400012563";"155759638";"A01";"3";"7";"0";"2";"1";"1";"1";""
"202400012563";"155759641";"B01";"3";"7";"0";"2";"4";"1";"1";""
"202400012563";"155759642";"C01";"3";"7";"0";"2";"6";"23";"2";""
"202400012564";"155759637";"A01";"3";"7";"0";"2";"7";"9";"1";""
"202400012564";"155759639";"B01";"3";"1";"0";"2";"1";"1";"5";""
"202400012565";"155759633";"A01";"2";"50";"0";"2";"3";"15";"3";""
"202400012565";"155759635";"B01";"2";"15";"0";"2";"2";"2";"1";""
"202400012566";"155759634";"A01";"2";"7";"0";"2";"0";"15";"1";""
"202400012566";"155759636";"B01";"1";"43";"0";"2";"0";"1";"1";""
"202400012567";"155759631";"A01";"2";"7";"0";"2";"0";"0";"0";""
"202400012567";"155759632";"B01";"1";"7";"0";"2";"1";"0";"0";""
"202400012568";"155759629";"B01";"2";"80";"0";"2";"8";"13";"3";""
"202400012568";"155759630";"A01";"2";"7";"0";"9";"5";"17";"1";""
"202400012569";"155759626";"A01";"3";"1";"0";"2";"1";"15";"5";""
"202400012569";"155759627";"B01";"3";"1";"0";"2";"1";"1";"5";""
"202400012570";"155759625";"A01";"2";"1";"0";"0";"0";"11";"5";""
"202400012571";"155759624";"A01";"1";"7";"0";"2";"1";"2";"2";""
"202400012571";"155759628";"B01";"1";"37";"0";"2";"4";"23";"1";"1"
"202400012572";"155759621";"A01";"2";"7";"0";"2";"1";"16";"1";""
"202400012572";"155759623";"B01";"2";"7";"0";"2";"1";"15";"1";""
"202400012573";"155759622";"A01";"3";"7";"9";"0";"1";"1";"3";""
"202400012574";"155759619";"A01";"1";"2";"0";"2";"3";"18";"3";""
"202400012574";"155759620";"B01";"1";"7";"0";"2";"2";"16";"1";""
"202400012575";"155759616";"A01";"2";"7";"2";"0";"3";"1";"1";""
"202400012576";"155759617";"A01";"1";"7";"15";"0";"3";"19";"1";""
"202400012577";"155759615";"A01";"2";"7";"0";"2";"3";"26";"1";""
"202400012577";"155759618";"B01";"2";"32";"0";"2";"1";"5";"1";""
"202400012578";"155759613";"A01";"1";"7";"2";"0";"1";"0";"1";""
"202400012579";"155759612";"A01";"2";"7";"0";"2";"1";"5";"1";""
"202400012579";"155759614";"B01";"1";"7";"0";"2";"1";"2";"1";""
"202400012580";"155759611";"A01";"2";"7";"3";"0";"1";"9";"1";""
"202400012581";"155759609";"A01";"1";"7";"2";"0";"1";"14";"1";""
"202400012582";"155759607";"A01";"1";"7";"9";"0";"0";"1";"1";""
"202400012583";"155759608";"B01";"1";"7";"0";"2";"3";"1";"1";""
"202400012583";"155759610";"A01";"2";"7";"0";"2";"3";"15";"1";""
"202400012584";"155759605";"A01";"2";"7";"0";"2";"3";"19";"1";""
"202400012584";"155759606";"B01";"2";"7";"0";"0";"7";"1";"1";""
"202400012585";"155759603";"A01";"2";"7";"0";"1";"3";"15";"1";""
"202400012586";"155759602";"A01";"0";"7";"0";"1";"1";"1";"1";""
"202400012587";"155759600";"A01";"2";"7";"13";"2";"6";"17";"1";""
"202400012587";"155759604";"B01";"2";"7";"0";"2";"2";"17";"2";""
"202400012588";"155759598";"A01";"1";"7";"16";"0";"9";"21";"1";""
"202400012589";"155759599";"A01";"2";"7";"0";"2";"3";"15";"1";""
"202400012589";"155759601";"B01";"1";"7";"0";"2";"3";"1";"1";""
"202400012590";"155759596";"A01";"2";"7";"2";"0";"1";"26";"1";""
"202400012591";"155759594";"A01";"2";"2";"0";"2";"1";"2";"1";""
"202400012591";"155759597";"B01";"2";"2";"0";"0";"4";"2";"1";""
"202400012592";"155759593";"A01";"3";"7";"0";"2";"3";"13";"1";""
"202400012592";"155759595";"B01";"3";"7";"0";"2";"3";"1";"1";""
"202400012593";"155759592";"A01";"2";"36";"15";"0";"1";"1";"1";""
"202400012594";"155759591";"A01";"2";"3";"13";"0";"9";"14";"1";""
"202400012595";"155759589";"A01";"0";"7";"2";"0";"1";"1";"1";""
"202400012596";"155759588";"B01";"1";"32";"0";"2";"1";"17";"1";""
"202400012596";"155759590";"A01";"2";"7";"0";"2";"3";"11";"1";""
"202400012597";"155759587";"A01";"2";"33";"11";"0";"6";"17";"1";""
"202400012598";"155759585";"A01";"1";"30";"0";"0";"3";"1";"3";""
"202400012599";"155759583";"A01";"2";"31";"13";"0";"1";"1";"1";""
"202400012600";"155759576";"B01";"1";"7";"0";"2";"2";"15";"2";""
"202400012600";"155759581";"C01";"1";"7";"0";"2";"8";"26";"1";""
"202400012600";"155759582";"A01";"2";"7";"1";"2";"2";"14";"1";""
"202400012601";"155759575";"A01";"2";"7";"0";"2";"1";"2";"1";""
"202400012601";"155759578";"B01";"2";"7";"0";"2";"4";"23";"1";""
"202400012601";"155759580";"C01";"2";"7";"0";"0";"4";"23";"1";""
"202400012602";"155759577";"A01";"3";"80";"0";"0";"1";"0";"3";""
"202400012602";"155759579";"B01";"3";"1";"0";"0";"4";"1";"5";""
"202400012603";"155759573";"A01";"3";"31";"9";"0";"1";"1";"1";""
"202400012604";"155759571";"A01";"2";"10";"0";"6";"2";"1";"1";""
"202400012605";"155759570";"A01";"1";"7";"9";"2";"1";"1";"1";""
"202400012605";"155759572";"B01";"0";"7";"0";"2";"7";"1";"1";""
"202400012606";"155759563";"A01";"2";"21";"0";"2";"3";"13";"1";""
"202400012606";"155759566";"B01";"2";"7";"0";"2";"3";"2";"1";""
"202400012607";"155759562";"A01";"1";"33";"0";"2";"1";"0";"1";""
"202400012607";"155759565";"B01";"2";"7";"0";"2";"1";"1";"1";""
"202400012608";"155759564";"A01";"3";"7";"0";"2";"7";"16";"1";""
"202400012608";"155759567";"B01";"3";"2";"0";"2";"8";"1";"1";""
"202400012609";"155759561";"A01";"2";"7";"2";"0";"1";"1";"1";""
"202400012610";"155759558";"A01";"2";"7";"0";"2";"1";"17";"1";""
"202400012610";"155759560";"B01";"1";"7";"0";"2";"1";"1";"1";""
"202400012611";"155759557";"A01";"1";"10";"0";"2";"3";"9";"1";""
"202400012611";"155759559";"B01";"0";"7";"0";"2";"7";"15";"1";""
"202400012612";"155759555";"B01";"1";"7";"0";"2";"1";"1";"1";""
"202400012612";"155759556";"A01";"2";"7";"0";"2";"1";"13";"1";""
"202400012613";"155759552";"A01";"2";"7";"4";"2";"0";"0";"1";""
"202400012613";"155759554";"B01";"2";"7";"4";"0";"4";"0";"1";""
"202400012614";"155759550";"A01";"1";"50";"0";"0";"0";"26";"3";""
"202400012615";"155759549";"A01";"2";"7";"4";"0";"8";"0";"1";""
"202400012616";"155759548";"A01";"1";"2";"0";"2";"1";"1";"1";""
"202400012616";"155759551";"B01";"2";"33";"0";"2";"1";"17";"1";""
"202400012617";"155759547";"A01";"1";"7";"9";"0";"1";"19";"1";""
"202400012618";"155759544";"A01";"1";"2";"0";"2";"1";"3";"1";""
"202400012618";"155759546";"B01";"2";"2";"0";"2";"1";"0";"0";""
"202400012619";"155759543";"B01";"1";"1";"0";"2";"1";"0";"5";""
"202400012619";"155759545";"A01";"2";"7";"0";"2";"3";"17";"2";""
"202400012620";"155759541";"B01";"1";"7";"0";"2";"4";"23";"1";""
"202400012620";"155759542";"A01";"1";"30";"0";"2";"1";"1";"1";""
"202400012621";"155759538";"A01";"1";"10";"0";"2";"3";"13";"1";""
"202400012621";"155759540";"B01";"2";"10";"0";"2";"8";"1";"1";""
"202400012622";"155759539";"A01";"3";"7";"0";"1";"2";"1";"2";""
"202400012623";"155759536";"A01";"3";"7";"0";"2";"1";"1";"1";""
"202400012623";"155759537";"B01";"3";"50";"0";"2";"7";"19";"3";""
"202400012624";"155759533";"B01";"1";"7";"0";"2";"1";"1";"1";""
"202400012624";"155759535";"A01";"2";"7";"0";"2";"1";"5";"1";""
"202400012625";"155759531";"A01";"1";"43";"14";"0";"1";"1";"1";""
"202400012626";"155759530";"A01";"3";"50";"0";"0";"0";"21";"3";""
"202400012627";"155759532";"B01";"1";"33";"0";"2";"1";"1";"1";""
"202400012627";"155759534";"A01";"1";"7";"0";"2";"8";"10";"1";""
"202400012628";"155759522";"B01";"2";"2";"0";"2";"1";"1";"1";""
"202400012628";"155759524";"A01";"2";"7";"0";"2";"1";"15";"1";""
"202400012629";"155759521";"A01";"2";"2";"0";"2";"1";"13";"1";""
"202400012629";"155759525";"B01";"2";"10";"0";"2";"1";"1";"1";""
"202400012630";"155759520";"D01";"1";"7";"0";"2";"1";"13";"0";""
"202400012630";"155759523";"A01";"2";"7";"0";"2";"8";"1";"2";""
"202400012630";"155759526";"B01";"2";"7";"0";"2";"1";"1";"1";""
"202400012630";"155759527";"C01";"2";"7";"0";"2";"1";"1";"2";""
"202400012631";"155759518";"A01";"1";"7";"0";"0";"9";"0";"1";""
"202400012632";"155759517";"A01";"3";"7";"0";"0";"0";"13";"1";""
"202400012633";"155759512";"A01";"2";"7";"0";"2";"7";"1";"1";""
"202400012633";"155759516";"B01";"2";"7";"0";"2";"1";"1";"1";""
"202400012634";"155759511";"A01";"1";"33";"3";"0";"2";"0";"1";""
"202400012635";"155759509";"A01";"1";"7";"2";"0";"1";"13";"1";""
"202400012636";"155759508";"A01";"0";"3";"0";"2";"1";"11";"1";""
"202400012636";"155759510";"B01";"0";"30";"0";"2";"1";"1";"1";""
"202400012637";"155759506";"B01";"2";"7";"0";"2";"1";"1";"1";""
"202400012637";"155759507";"A01";"2";"7";"0";"2";"4";"1";"1";""
"202400012638";"155759504";"A01";"1";"7";"13";"0";"3";"13";"1";""
"202400012639";"155759503";"B01";"2";"7";"0";"2";"4";"1";"1";""
"202400012639";"155759505";"A01";"2";"7";"3";"2";"1";"1";"1";""
"202400012640";"155759500";"A01";"1";"7";"0";"1";"7";"2";"1";""
"202400012641";"155759499";"A01";"2";"7";"0";"2";"1";"5";"2";""
"202400012641";"155759502";"B01";"1";"7";"0";"2";"1";"1";"1";""
"202400012642";"155759498";"A01";"1";"7";"0";"9";"7";"1";"1";""
"202400012642";"155759501";"B01";"1";"80";"0";"2";"6";"1";"3";""
"202400012643";"155759495";"A01";"3";"10";"0";"2";"0";"15";"1";""
"202400012643";"155759497";"B01";"0";"1";"0";"2";"1";"1";"5";""
"202400012644";"155759494";"B01";"1";"20";"0";"2";"5";"15";"1";""
"202400012644";"155759496";"A01";"2";"33";"0";"2";"7";"17";"1";""
"202400012645";"155759490";"A01";"1";"7";"0";"2";"1";"2";"1";""
"202400012645";"155759492";"C01";"1";"7";"0";"2";"4";"2";"1";""
"202400012645";"155759493";"B01";"1";"10";"0";"2";"4";"2";"1";""
"202400012646";"155759488";"A01";"1";"33";"0";"2";"1";"3";"1";""
"202400012646";"155759491";"B01";"1";"7";"0";"2";"3";"1";"1";""
"202400012647";"155759486";"A01";"0";"7";"0";"0";"2";"19";"1";""
"202400012647";"155759489";"B01";"2";"2";"0";"0";"1";"1";"1";""
"202400012648";"155759484";"B01";"2";"7";"4";"2";"4";"0";"1";""
"202400012648";"155759485";"A01";"2";"7";"4";"2";"1";"26";"1";""
"202400012649";"155759481";"A01";"3";"7";"1";"0";"0";"1";"1";""
"202400012650";"155759482";"A01";"1";"7";"1";"2";"5";"15";"1";""
"202400012650";"155759483";"B01";"2";"33";"0";"2";"1";"0";"1";""
"202400012650";"155759487";"C01";"3";"7";"0";"2";"1";"0";"1";""
"202400012651";"155759480";"A01";"2";"7";"4";"0";"1";"1";"1";""
"202400012652";"155759479";"A01";"1";"2";"6";"0";"8";"1";"1";""
"202400012653";"155759473";"A01";"2";"7";"0";"2";"4";"9";"1";""
"202400012653";"155759477";"Z01";"2";"0";"0";"2";"1";"2";"0";""
"202400012654";"155759474";"A01";"2";"7";"0";"2";"1";"13";"1";""
"202400012654";"155759476";"B01";"2";"7";"0";"2";"4";"2";"1";""
"202400012654";"155759478";"C01";"2";"7";"0";"2";"4";"2";"1";""
"202400012655";"155759472";"B01";"2";"7";"0";"2";"1";"1";"1";""
"202400012655";"155759475";"A01";"1";"2";"0";"2";"1";"13";"1";""
"202400012656";"155759470";"A01";"1";"15";"0";"0";"0";"1";"1";""
"202400012657";"155759468";"A01";"2";"7";"0";"2";"1";"2";"1";""
"202400012657";"155759469";"B01";"2";"7";"0";"0";"5";"1";"1";""
"202400012658";"155759467";"B01";"1";"7";"0";"2";"4";"12";"1";""
"202400012658";"155759471";"A01";"1";"33";"0";"2";"1";"3";"1";""
"202400012659";"155759466";"A01";"1";"33";"13";"0";"9";"1";"1";""
"202400012660";"155759465";"A01";"0";"7";"2";"0";"1";"0";"1";""
"202400012661";"155759463";"A01";"2";"7";"0";"0";"9";"1";"1";""
"202400012662";"155759461";"A01";"1";"7";"0";"2";"1";"1";"1";""
"202400012662";"155759464";"B01";"2";"7";"0";"2";"1";"13";"1";""
"202400012663";"155759460";"B01";"2";"7";"0";"2";"2";"12";"1";""
"202400012663";"155759462";"A01";"2";"33";"8";"2";"1";"7";"1";""
"202400012664";"155759458";"A01";"2";"2";"3";"0";"0";"14";"1";""
"202400012665";"155759457";"B01";"1";"7";"0";"2";"1";"15";"1";""
"202400012665";"155759459";"A01";"2";"7";"0";"2";"1";"1";"1";""
"202400012666";"155759455";"B01";"2";"7";"0";"2";"2";"16";"1";""
"202400012666";"155759456";"A01";"2";"33";"0";"2";"3";"18";"1";""
"202400012667";"155759454";"A01";"1";"7";"0";"1";"3";"1";"1";""
"202400012668";"155759452";"A01";"1";"7";"0";"0";"4";"1";"1";""
"202400012668";"155759453";"B01";"1";"7";"0";"0";"2";"1";"1";""
"202400012669";"155759449";"A01";"1";"10";"0";"2";"3";"15";"1";""
"202400012669";"155759451";"B01";"1";"32";"0";"2";"2";"17";"1";""
"202400012670";"155759448";"A01";"1";"7";"4";"0";"1";"1";"1";""
"202400012671";"155759447";"A01";"1";"7";"0";"2";"1";"17";"0";""
"202400012671";"155759450";"B01";"1";"80";"0";"2";"8";"15";"3";""
"202400012672";"155759444";"A01";"2";"7";"10";"0";"1";"2";"0";""
"202400012673";"155759443";"A01";"2";"7";"0";"2";"2";"15";"1";""
"202400012673";"155759445";"B01";"1";"10";"0";"2";"3";"2";"1";""
"202400012674";"155759441";"A01";"2";"7";"0";"1";"2";"1";"1";""
"202400012675";"155759440";"A01";"3";"36";"0";"0";"1";"1";"1";""
"202400012676";"155759438";"B01";"2";"7";"3";"0";"4";"1";"1";""
"202400012676";"155759439";"C01";"2";"7";"0";"2";"2";"1";"1";""
"202400012676";"155759442";"A01";"2";"7";"0";"2";"1";"2";"1";""
"202400012677";"155759434";"C01";"1";"7";"0";"2";"4";"23";"1";""
"202400012677";"155759436";"A01";"1";"7";"0";"2";"1";"1";"1";""
"202400012677";"155759437";"B01";"1";"7";"0";"2";"4";"23";"1";""
"202400012678";"155759435";"A01";"1";"7";"0";"1";"1";"21";"1";""
"202400012679";"155759430";"A01";"1";"33";"17";"0";"1";"0";"1";""
"202400012680";"155759431";"A01";"3";"7";"0";"2";"1";"1";"1";""
"202400012680";"155759433";"B01";"3";"1";"0";"2";"1";"1";"5";""
"202400012681";"155759429";"A01";"2";"7";"0";"2";"3";"11";"1";""
"202400012681";"155759432";"B01";"2";"7";"0";"2";"7";"13";"1";""
"202400012682";"155759427";"A01";"1";"33";"0";"0";"8";"21";"1";""
"202400012683";"155759425";"A01";"1";"7";"3";"2";"2";"17";"1";""
"202400012683";"155759428";"B01";"1";"17";"0";"0";"4";"1";"1";""
"202400012684";"155759424";"A01";"3";"7";"0";"2";"1";"15";"0";""
"202400012684";"155759426";"B01";"3";"1";"0";"2";"1";"1";"5";""
"202400012685";"155759423";"A01";"1";"37";"0";"2";"3";"1";"1";"1"
"202400012686";"155759421";"A01";"2";"7";"0";"2";"3";"13";"1";""
"202400012686";"155759422";"B01";"1";"7";"0";"2";"3";"1";"2";""
"202400012687";"155759419";"B01";"1";"2";"0";"2";"8";"1";"1";""
"202400012687";"155759420";"A01";"1";"7";"0";"2";"7";"26";"2";""
"202400012688";"155759417";"A01";"1";"33";"0";"2";"8";"17";"1";""
"202400012688";"155759418";"B01";"2";"7";"0";"2";"3";"16";"1";""
"202400012689";"155759414";"A01";"1";"7";"0";"2";"3";"13";"1";""
"202400012689";"155759415";"B01";"1";"7";"0";"2";"8";"1";"1";""
"202400012690";"155759413";"A01";"1";"7";"0";"2";"1";"15";"1";""
"202400012690";"155759416";"B01";"1";"33";"0";"2";"1";"1";"1";""
"202400012691";"155759410";"B01";"1";"10";"0";"2";"1";"1";"1";""
"202400012691";"155759412";"A01";"1";"10";"0";"2";"4";"1";"1";""
"202400012692";"155759407";"C01";"3";"7";"0";"9";"1";"1";"1";""
"202400012692";"155759408";"B01";"3";"15";"0";"2";"3";"1";"1";""
"202400012692";"155759411";"A01";"3";"7";"0";"2";"1";"13";"1";""
"202400012693";"155759406";"B01";"1";"7";"0";"2";"8";"1";"1";""
"202400012693";"155759409";"A01";"2";"7";"0";"2";"3";"13";"1";""
"202400012694";"155759404";"A01";"0";"7";"0";"2";"5";"12";"1";""
"202400012694";"155759405";"B01";"0";"30";"0";"2";"1";"1";"1";""
"202400012695";"155759401";"A01";"1";"7";"0";"2";"1";"1";"1";""
"202400012695";"155759403";"B01";"2";"7";"0";"2";"1";"13";"1";""
"202400012696";"155759399";"A01";"2";"1";"0";"2";"3";"15";"5";""
"202400012696";"155759402";"B01";"2";"33";"0";"2";"7";"17";"1";""
"202400012697";"155759398";"A01";"0";"10";"0";"2";"3";"15";"1";""
"202400012697";"155759400";"B01";"0";"2";"0";"2";"3";"1";"0";""
"202400012698";"155759394";"A01";"3";"7";"0";"0";"3";"1";"1";""
"202400012698";"155759396";"B01";"1";"33";"0";"0";"7";"1";"1";""
"202400012699";"155759395";"A01";"1";"7";"0";"2";"5";"1";"1";""
"202400012699";"155759397";"B01";"1";"30";"0";"2";"1";"1";"1";""
"202400012700";"155759393";"A01";"2";"31";"4";"0";"1";"0";"1";""
"202400012701";"155759391";"A01";"2";"7";"2";"0";"1";"2";"1";""
"202400012702";"155759390";"A01";"0";"7";"2";"0";"1";"1";"1";""