"Num_Acc";"id_vehicule";"num_veh";"senc";"catv";"obs";"obsm";"choc";"manv";"motor";"occutc"
"202400013134";"155758632";"A01";"2";"1";"0";"2";"6";"1";"5";""
"202400013134";"155758633";"B01";"2";"7";"0";"2";"2";"26";"0";""
"202400013135";"155758630";"A01";"0";"7";"0";"1";"1";"26";"0";""
"202400013136";"155758629";"A01";"1";"33";"0";"2";"1";"19";"1";""
"202400013136";"155758631";"B01";"1";"33";"0";"2";"8";"1";"1";""
"202400013137";"155758626";"A01";"1";"7";"0";"2";"1";"15";"1";""
"202400013137";"155758628";"B01";"2";"2";"0";"2";"1";"1";"1";""
"202400013138";"155758625";"B01";"3";"50";"0";"2";"8";"19";"3";""
"202400013138";"155758627";"A01";"3";"7";"0";"2";"3";"1";"1";""
"202400013139";"155758623";"B01";"1";"7";"0";"2";"2";"2";"1";""
"202400013140";"155758622";"B01";"2";"7";"0";"2";"3";"1";"1";""
"202400013140";"155758624";"A01";"1";"7";"0";"2";"2";"15";"1";""
"202400013141";"155758619";"A01";"3";"7";"0";"2";"1";"15";"2";""
"202400013141";"155758621";"B01";"3";"7";"0";"2";"1";"1";"1";""
"202400013142";"155758618";"A01";"2";"7";"0";"2";"3";"15";"1";""
"202400013142";"155758620";"B01";"1";"30";"0";"2";"1";"1";"1";""
"202400013143";"155758617";"A01";"1";"40";"0";"1";"2";"1";"3";""
"202400013144";"155758615";"B01";"2";"7";"0";"2";"2";"1";"2";""
"202400013144";"155758616";"A01";"3";"7";"0";"2";"1";"9";"1";""
"202400013145";"155758613";"A01";"3";"7";"0";"2";"0";"0";"1";""
"202400013145";"155758614";"B01";"3";"1";"0";"2";"7";"15";"5";""
"202400013146";"155758609";"A01";"2";"10";"0";"9";"2";"16";"1";""
"202400013146";"155758611";"B01";"2";"80";"0";"2";"1";"1";"2";""
"202400013147";"155758608";"C01";"2";"7";"0";"0";"4";"23";"0";""
"202400013147";"155758610";"A01";"2";"7";"0";"2";"1";"2";"0";""
"202400013147";"155758612";"B01";"2";"7";"0";"2";"9";"2";"0";""
"202400013148";"155758607";"A01";"0";"30";"0";"0";"0";"26";"1";""
"202400013149";"155758606";"A01";"1";"7";"15";"0";"1";"16";"1";""
"202400013150";"155758603";"B01";"1";"7";"0";"2";"3";"15";"1";""
"202400013150";"155758605";"A01";"1";"30";"0";"2";"1";"17";"1";""
"202400013151";"155758604";"A01";"1";"7";"0";"1";"1";"26";"1";""
"202400013152";"155758599";"A01";"2";"33";"0";"2";"1";"1";"1";""
"202400013152";"155758601";"B01";"1";"10";"0";"2";"5";"15";"1";""
"202400013153";"155758600";"B01";"2";"31";"0";"2";"7";"1";"1";""
"202400013153";"155758602";"A01";"1";"7";"0";"9";"2";"15";"0";""
"202400013154";"155758596";"A01";"3";"7";"0";"2";"6";"10";"1";""
"202400013154";"155758598";"B01";"3";"33";"0";"2";"1";"1";"1";""
"202400013155";"155758595";"A01";"1";"7";"0";"2";"5";"12";"1";""
"202400013155";"155758597";"B01";"1";"1";"0";"0";"0";"1";"5";""
"202400013156";"155758592";"B01";"1";"1";"0";"2";"8";"1";"5";""
"202400013156";"155758594";"Z01";"1";"7";"0";"2";"7";"16";"0";""
"202400013157";"155758591";"A01";"1";"33";"0";"2";"2";"17";"1";""
"202400013157";"155758593";"B01";"1";"7";"0";"2";"6";"17";"1";""
"202400013158";"155758590";"A01";"2";"1";"12";"0";"2";"14";"5";""
"202400013159";"155758588";"A01";"2";"14";"0";"2";"3";"26";"1";""
"202400013159";"155758589";"B01";"2";"7";"0";"2";"3";"13";"1";""
"202400013160";"155758587";"A01";"1";"7";"0";"1";"1";"15";"1";""
"202400013161";"155758586";"A01";"1";"7";"0";"1";"1";"1";"1";""
"202400013162";"155758584";"B01";"2";"2";"0";"2";"7";"16";"1";""
"202400013162";"155758585";"A01";"2";"7";"0";"2";"8";"18";"2";""
"202400013163";"155758583";"A01";"3";"1";"0";"1";"1";"25";"5";""
"202400013164";"155758581";"B01";"3";"33";"0";"2";"0";"1";"1";""
"202400013164";"155758582";"A01";"3";"7";"0";"2";"3";"16";"1";""
"202400013165";"155758579";"A01";"1";"7";"0";"0";"0";"5";"0";""
"202400013165";"155758580";"B01";"2";"37";"0";"0";"0";"1";"1";"2"
"202400013166";"155758578";"A01";"1";"7";"2";"0";"1";"13";"1";""
"202400013167";"155758576";"A01";"2";"7";"0";"2";"1";"1";"1";""
"202400013167";"155758577";"B01";"2";"7";"0";"2";"6";"1";"0";""
"202400013168";"155758575";"A01";"3";"7";"0";"2";"0";"1";"1";""
"202400013169";"155758573";"B01";"1";"7";"0";"2";"1";"1";"1";""
"202400013169";"155758574";"A01";"1";"10";"0";"2";"3";"1";"1";""
"202400013170";"155758569";"A01";"3";"7";"0";"2";"2";"1";"6";""
"202400013170";"155758570";"B01";"3";"32";"0";"2";"0";"1";"3";""
"202400013171";"155758568";"A01";"1";"33";"2";"0";"1";"15";"1";""
"202400013172";"155758566";"A01";"1";"7";"0";"2";"3";"15";"1";""
"202400013172";"155758567";"B01";"2";"32";"0";"2";"6";"0";"1";""
"202400013173";"155758564";"A01";"1";"7";"0";"9";"1";"16";"1";""
"202400013173";"155758565";"B01";"1";"1";"0";"2";"4";"1";"5";""
"202400013174";"155758562";"A01";"1";"7";"0";"2";"3";"19";"1";""
"202400013174";"155758563";"B01";"2";"31";"0";"0";"0";"21";"1";""
"202400013175";"155758561";"A01";"1";"7";"0";"1";"2";"17";"1";""
"202400013176";"155758560";"A01";"3";"7";"5";"0";"1";"1";"1";""
"202400013177";"155758559";"A01";"3";"7";"0";"1";"1";"1";"1";""
"202400013178";"155758558";"Z01";"3";"31";"0";"1";"0";"0";"0";""
"202400013179";"155758556";"A01";"1";"7";"0";"2";"1";"2";"1";""
"202400013179";"155758557";"B01";"1";"7";"0";"2";"4";"2";"1";""
"202400013180";"155758554";"B01";"0";"33";"0";"2";"2";"1";"1";""
"202400013180";"155758555";"A01";"0";"7";"0";"2";"1";"13";"2";""
"202400013181";"155758553";"A01";"0";"33";"0";"0";"8";"16";"1";""
"202400013182";"155758548";"A01";"3";"7";"0";"2";"1";"1";"1";""
"202400013182";"155758549";"B01";"3";"50";"0";"2";"7";"2";"3";""
"202400013183";"155758547";"A01";"3";"7";"1";"0";"3";"1";"1";""
"202400013184";"155758545";"A01";"1";"17";"0";"2";"7";"12";"1";""
"202400013184";"155758546";"B01";"1";"7";"0";"2";"8";"1";"1";""
"202400013185";"155758543";"A01";"1";"30";"0";"2";"8";"1";"1";""
"202400013185";"155758544";"B01";"1";"7";"0";"2";"3";"1";"1";""
"202400013186";"155758541";"A01";"1";"7";"0";"2";"1";"2";"1";""
"202400013186";"155758542";"B01";"1";"50";"0";"2";"4";"2";"3";""
"202400013187";"155758540";"A01";"2";"7";"3";"0";"8";"17";"1";""
"202400013188";"155758539";"A01";"3";"42";"0";"1";"3";"1";"1";""
"202400013189";"155758537";"A01";"3";"33";"0";"2";"2";"16";"1";""
"202400013189";"155758538";"B01";"3";"7";"0";"2";"6";"0";"1";""
"202400013190";"155758535";"A01";"3";"7";"0";"2";"3";"13";"1";""
"202400013190";"155758536";"B01";"3";"7";"0";"2";"6";"1";"3";""
"202400013191";"155758533";"A01";"2";"33";"0";"2";"1";"1";"1";""
"202400013191";"155758534";"B01";"1";"7";"0";"2";"5";"15";"1";""
"202400013192";"155758532";"A01";"3";"50";"0";"1";"1";"19";"3";""
"202400013193";"155758531";"A01";"1";"7";"0";"1";"3";"1";"1";""
"202400013194";"155758530";"A01";"2";"10";"0";"1";"1";"15";"1";""
"202400013195";"155758529";"A01";"2";"7";"0";"1";"1";"1";"1";""
"202400013196";"155758528";"A01";"2";"34";"12";"0";"1";"1";"1";""
"202400013197";"155758527";"A01";"2";"3";"6";"0";"3";"10";"3";""
"202400013198";"155758525";"B01";"2";"7";"0";"2";"3";"1";"3";""
"202400013198";"155758526";"A01";"2";"3";"0";"2";"6";"4";"1";""
"202400013199";"155758524";"Z01";"0";"34";"0";"0";"0";"17";"1";""
"202400013200";"155758522";"A01";"2";"10";"0";"2";"3";"10";"1";""
"202400013200";"155758523";"B01";"2";"33";"0";"2";"1";"9";"1";""
"202400013201";"155758521";"A01";"1";"1";"0";"1";"1";"1";"5";""
"202400013202";"155758520";"A01";"1";"80";"13";"0";"1";"2";"3";""
"202400013203";"155758519";"A01";"2";"10";"0";"1";"1";"1";"1";""
"202400013204";"155758518";"A01";"2";"1";"0";"0";"8";"1";"5";""
"202400013205";"155758516";"A01";"2";"33";"0";"2";"1";"1";"1";""
"202400013205";"155758517";"B01";"2";"7";"0";"2";"3";"1";"1";""
"202400013206";"155758515";"Z01";"0";"7";"0";"1";"3";"1";"0";""
"202400013207";"155758514";"A01";"1";"7";"0";"1";"7";"1";"2";""
"202400013208";"155758513";"A01";"1";"30";"0";"1";"2";"1";"3";""
"202400013209";"155758512";"A01";"2";"7";"0";"1";"2";"1";"2";""
"202400013210";"155758510";"A01";"2";"10";"0";"2";"1";"2";"1";""
"202400013210";"155758511";"B01";"2";"30";"0";"2";"4";"2";"1";""
"202400013211";"155758507";"A01";"1";"7";"0";"2";"2";"1";"1";""
"202400013211";"155758508";"B01";"1";"2";"0";"2";"4";"23";"3";""
"202400013211";"155758509";"C01";"1";"33";"0";"2";"5";"23";"1";""
"202400013212";"155758506";"A01";"2";"2";"8";"0";"1";"1";"1";""
"202400013213";"155758505";"Z01";"1";"7";"0";"1";"1";"1";"1";""
"202400013214";"155758503";"A01";"1";"80";"0";"2";"8";"1";"3";""
"202400013214";"155758504";"B01";"1";"7";"0";"2";"3";"15";"2";""
"202400013215";"155758501";"A01";"1";"7";"0";"2";"8";"22";"1";""
"202400013215";"155758502";"B01";"1";"1";"1";"0";"1";"1";"5";""
"202400013216";"155758499";"A01";"3";"7";"0";"2";"1";"15";"1";""
"202400013216";"155758500";"B01";"3";"7";"0";"2";"3";"1";"1";""
"202400013217";"155758498";"A01";"3";"10";"0";"2";"1";"1";"1";""
"202400013218";"155758496";"A01";"3";"30";"12";"0";"0";"1";"1";""
"202400013219";"155758495";"A01";"1";"10";"0";"2";"1";"1";"1";""
"202400013219";"155758497";"B01";"1";"7";"0";"2";"4";"12";"1";""
"202400013220";"155758492";"B01";"3";"50";"0";"2";"1";"1";"3";""
"202400013220";"155758493";"A01";"3";"7";"0";"2";"7";"15";"2";""
"202400013221";"155758491";"A01";"2";"7";"1";"2";"2";"1";"1";""
"202400013221";"155758494";"C01";"2";"7";"0";"2";"4";"24";"1";""
"202400013222";"155758490";"A01";"1";"7";"6";"0";"2";"1";"1";""
"202400013223";"155758489";"A01";"2";"7";"0";"1";"1";"1";"1";""
"202400013224";"155758486";"B01";"2";"1";"0";"2";"1";"1";"5";""
"202400013224";"155758488";"A01";"2";"7";"0";"2";"3";"9";"1";""
"202400013225";"155758485";"A01";"2";"7";"0";"2";"5";"4";"1";""
"202400013225";"155758487";"B01";"2";"99";"0";"2";"3";"18";"3";""
"202400013226";"155758482";"B01";"3";"7";"0";"2";"5";"1";"1";""
"202400013226";"155758483";"A01";"3";"13";"0";"2";"1";"19";"1";""
"202400013227";"155758481";"A01";"1";"7";"0";"2";"1";"1";"1";""
"202400013227";"155758484";"B01";"2";"1";"0";"2";"6";"1";"5";""
"202400013228";"155758479";"A01";"2";"1";"0";"0";"0";"21";"5";""
"202400013229";"155758478";"B01";"0";"7";"0";"0";"0";"9";"0";""
"202400013229";"155758480";"A01";"0";"32";"0";"0";"2";"1";"1";""
"202400013230";"155758474";"B01";"2";"80";"0";"0";"0";"0";"3";""
"202400013230";"155758476";"A01";"2";"7";"0";"0";"0";"0";"1";""
"202400013231";"155758473";"B01";"0";"7";"0";"2";"0";"0";" -1";""
"202400013231";"155758475";"A01";" -1";"7";"0";"2";"0";"0";" -1";""
"202400013231";"155758477";"C01";" -1";"7";"0";"2";"0";"0";" -1";""
"202400013232";"155758471";"B01";"2";"37";"0";"2";"3";"1";"0";"1"
"202400013232";"155758472";"A01";"1";"7";"0";"2";"1";"13";"1";""
"202400013233";"155758469";"A01";"1";"80";"0";"2";"1";"15";"3";""
"202400013233";"155758470";"B01";"2";"1";"0";"2";"1";"1";"5";""
"202400013234";"155758467";"B01";"0";"33";"0";"2";"3";"1";"1";""
"202400013234";"155758468";"A01";"3";"7";"0";"2";"3";"13";"1";""
"202400013235";"155758466";"A01";"3";"7";"0";"1";"3";"1";"2";""
"202400013236";"155758464";"A01";"1";"0";"14";"1";"1";"1";"0";""
"202400013237";"155758463";"A01";"2";"7";"0";"2";"4";"26";"1";""
"202400013237";"155758465";"B01";"2";"7";"0";"2";"1";"1";"1";""
"202400013238";"155758460";"A01";"0";"7";"0";"1";"2";"1";"1";""
"202400013239";"155758461";"B01";"1";"50";"0";"2";"1";"9";"3";""
"202400013239";"155758462";"A01";"1";"10";"0";"2";"2";"15";"1";""
"202400013240";"155758459";"A01";"1";"30";"1";"0";"1";"1";"3";""
"202400013241";"155758457";"A01";"2";"1";"1";"0";"4";"2";"5";""
"202400013241";"155758458";"B01";"2";"1";"1";"0";"4";"26";"5";""
"202400013242";"155758454";"A01";"2";"80";"0";"2";"1";"15";"3";""
"202400013242";"155758456";"B01";"2";"7";"0";"2";"1";"1";"1";""
"202400013243";"155758453";"A01";"0";"7";"0";"2";"2";"1";"1";""
"202400013243";"155758455";"B01";"0";"1";"0";"2";"8";"15";"5";""
"202400013244";"155758450";"A01";"2";"7";"0";"2";"7";"15";"1";""
"202400013244";"155758452";"B01";"1";"1";"0";"2";"1";"1";"5";""
"202400013245";"155758449";"A01";"3";"37";"0";"2";"1";"1";"1";"2"
"202400013245";"155758451";"B01";"3";"10";"0";"2";"4";"1";"1";""
"202400013246";"155758448";"A01";"2";"7";"6";"0";"1";"26";"1";""
"202400013247";"155758446";"A01";"1";"1";"0";"2";"3";"1";"5";""
"202400013247";"155758447";"B01";"2";"7";"0";"2";"3";"17";"1";""
"202400013248";"155758444";"A01";"3";"7";"0";"2";"1";"9";"1";""
"202400013248";"155758445";"B01";"0";"50";"0";"0";"0";"0";"3";""
"202400013249";"155758442";"A01";"1";"33";"0";"2";"2";"1";"1";""
"202400013249";"155758443";"B01";"2";"7";"0";"2";"8";"15";"1";""
"202400013250";"155758438";"A01";"3";"10";"0";"2";"3";"26";"1";""
"202400013250";"155758440";"B01";"2";"2";"0";"2";"1";"26";"1";""
"202400013251";"155758437";"A01";"1";"7";"0";"1";"1";"1";"1";""
"202400013252";"155758436";"A01";"1";"7";"15";"0";"3";"5";"1";""
"202400013253";"155758434";"A01";"3";"7";"0";"0";"2";"14";"1";""
"202400013254";"155758432";"A01";"2";"7";"0";"2";"1";"1";"2";""
"202400013254";"155758433";"B01";"1";"7";"3";"2";"1";"13";"2";""
"202400013254";"155758435";"C01";"2";"7";"0";"2";"1";"1";"1";""
"202400013255";"155758431";"A01";"1";"7";"0";"1";"3";"16";"1";""
"202400013256";"155758429";"B01";"1";"7";"0";"0";"3";"9";"1";""
"202400013256";"155758430";"A01";"1";"33";"0";"2";"1";"1";"1";""
"202400013257";"155758428";"A01";"1";"7";"0";"1";"1";"2";"1";""
"202400013258";"155758427";"A01";"2";"33";"3";"0";"1";"13";"1";""
"202400013259";"155758426";"A01";"2";"7";"0";"1";"4";"26";"1";""
"202400013260";"155758423";"A01";"2";"7";"0";"2";"1";"2";"1";""
"202400013260";"155758425";"B01";"2";"7";"0";"2";"4";"1";"1";""
"202400013261";"155758422";"A01";"1";"7";"0";"2";"1";"13";"1";""
"202400013261";"155758424";"B01";"2";"7";"0";"2";"1";"1";"1";""
"202400013262";"155758419";"B01";"1";"33";"13";"2";"1";"1";"1";""
"202400013262";"155758421";"A01";"3";"7";"0";"2";"3";"9";"1";""
"202400013263";"155758418";"B01";"2";"37";"0";"2";"1";"1";"1";"2"
"202400013263";"155758420";"A01";"1";"7";"0";"2";"3";"15";"1";""
"202400013264";"155758416";"A01";"1";"7";"0";"2";"1";"13";"0";""
"202400013264";"155758417";"B01";"2";"7";"0";"2";"1";"1";"1";""
"202400013265";"155758415";"A01";"2";"10";"0";"1";"1";"1";"1";""
"202400013266";"155758413";"A01";"1";"31";"6";"0";"1";"1";"1";""
"202400013267";"155758412";"A01";"1";"10";"0";"2";"2";"12";"1";""
"202400013267";"155758414";"B01";"1";"33";"0";"2";"3";"1";"1";""
"202400013268";"155758410";"A01";"2";"33";"0";"0";"7";"3";"1";""
"202400013269";"155758409";"A01";"2";"7";"0";"2";"3";"13";"1";""
"202400013269";"155758411";"B01";"1";"7";"0";"2";"3";"1";"1";""
"202400013270";"155758407";"B01";"1";"7";"0";"2";"6";"1";"2";""
"202400013270";"155758408";"A01";"1";"32";"4";"2";"2";"1";"1";""
"202400013271";"155758405";"A01";"2";"7";"0";"2";"1";"15";"1";""
"202400013271";"155758406";"B01";"1";"7";"0";"2";"1";"1";"1";""
"202400013272";"155758403";"A01";"3";"7";"0";"2";"3";"1";"3";""
"202400013272";"155758404";"B01";"3";"32";"0";"2";"5";"16";"1";""
"202400013273";"155758401";"B01";"2";"7";"0";"0";"0";"15";"1";""
"202400013273";"155758402";"A01";"1";"33";"12";"0";"0";"1";"1";""
"202400013274";"155758398";"Z01";"2";"30";"0";"2";"2";"1";"1";""
"202400013274";"155758400";"B01";"1";"33";"0";"2";"3";"1";"1";""
"202400013275";"155758397";"A01";"1";"10";"0";"2";"6";"11";"1";""
"202400013275";"155758399";"B01";"1";"7";"0";"2";"2";"1";"1";""
"202400013276";"155758396";"A01";"1";"80";"0";"0";"0";"5";"3";""
"202400013277";"155758395";"A01";"1";"34";"2";"0";"1";"14";"1";""
"202400013278";"155758392";"A01";"2";"7";"0";"2";"3";"13";"1";""
"202400013278";"155758393";"B01";"1";"2";"0";"2";"1";"1";"1";""
"202400013279";"155758391";"A01";"2";"30";"0";"2";"2";"19";"3";""
"202400013279";"155758394";"B01";"2";"7";"0";"2";"7";"1";"2";""
"202400013280";"155758390";"A01";"2";"7";"15";"0";"2";"2";"1";""
"202400013281";"155758389";"A01";"1";"30";"0";"5";"1";"1";"1";""
"202400013282";"155758387";"B01";"2";"7";"0";"2";"2";"19";"1";""
"202400013282";"155758388";"A01";"1";"7";"0";"2";"2";"1";"1";""
"202400013283";"155758385";"B01";"2";"7";"0";"2";"7";"1";"1";""
"202400013283";"155758386";"A01";"2";"30";"0";"2";"8";"1";"1";""
"202400013284";"155758384";"A01";"0";"36";"0";"0";"2";"0";"1";""
"202400013285";"155758383";"A01";"1";"33";"2";"0";"1";"1";"1";""
"202400013286";"155758381";"A01";"1";"34";"0";"2";"8";"1";"1";""
"202400013286";"155758382";"B01";"1";"1";"0";"2";"0";"19";"5";""
"202400013287";"155758380";"A01";"1";"7";"8";"0";"7";"0";"1";""
"202400013288";"155758378";"A01";"1";"7";"0";"1";"0";"1";"1";""
"202400013289";"155758377";"A01";"2";"7";"0";"2";"1";"0";"1";""
"202400013289";"155758379";"B01";"2";"7";"0";"0";"4";"23";"1";""
"202400013290";"155758376";"A01";"2";"7";"2";"0";"1";"1";"1";""
"202400013291";"155758375";"A01";"3";"7";"0";"1";"1";"1";"1";""
"202400013292";"155758373";"A01";"2";"10";"0";"2";"1";"1";"1";""
"202400013292";"155758374";"B01";"1";"10";"0";"2";"1";"1";"1";""
"202400013293";"155758371";"A01";"3";"10";"0";"2";"1";"6";"0";""
"202400013293";"155758372";"AB01";"3";"2";"0";"2";"3";"1";"1";""
"202400013294";"155758369";"A01";"2";"7";"0";"2";"1";"17";"1";""
"202400013294";"155758370";"B01";"1";"2";"0";"2";"1";"1";"1";""
"202400013295";"155758367";"A01";"1";"7";"0";"2";"1";"26";"1";""
"202400013295";"155758368";"B01";"2";"7";"0";"2";"1";"26";"1";""
"202400013296";"155758366";"A01";"2";"33";"3";"0";"1";"0";"1";""
"202400013297";"155758364";"B01";"2";"37";"0";"2";"5";"0";"1";"1"
"202400013297";"155758365";"A01";"1";"1";"0";"2";"0";"14";"5";""
"202400013298";"155758362";"A01";"2";"7";"0";"2";"1";"1";"1";""
"202400013298";"155758363";"B01";"1";"7";"0";"2";"8";"15";"1";""
"202400013299";"155758360";"B01";"1";"7";"0";"2";"7";"1";"1";""
"202400013299";"155758361";"A01";"0";"30";"0";"2";"1";"15";"1";""
"202400013300";"155758357";"A01";"2";"7";"0";"0";"3";"14";"1";""
"202400013301";"155758356";"A01";"2";"32";"0";"2";"1";"17";"1";""
"202400013301";"155758358";"B01";"2";"7";"1";"0";"3";"13";"1";""
"202400013302";"155758353";"B01";"1";"31";"9";"9";"1";"17";"1";""
"202400013302";"155758355";"A01";"1";"1";"0";"2";"6";"15";"5";""
"202400013303";"155758352";"A01";"1";"10";"0";"2";"8";"1";"0";""
"202400013303";"155758354";"B01";"3";"33";"0";"2";"7";"1";"0";""
"202400013304";"155758347";"B01";"1";"7";"0";"2";"5";"1";"2";""
"202400013304";"155758349";"A01";"1";"50";"0";"2";"3";"13";"3";""
"202400013305";"155758348";"A01";"2";"7";"0";"2";"8";"15";"1";""
"202400013305";"155758350";"C01";"0";"7";"0";"0";"1";"24";"1";""
"202400013305";"155758351";"B01";"2";"43";"1";"2";"9";"17";"1";""
"202400013306";"155758345";"A01";"2";"7";"0";"2";"1";"15";"1";""
"202400013306";"155758346";"B01";"2";"1";"0";"2";"4";"15";"5";""
"202400013307";"155758344";"A01";"2";"7";"0";"1";"7";"1";"1";""
"202400013308";"155758342";"A01";"2";"7";"0";"9";"3";"15";"1";""
"202400013308";"155758343";"B01";"1";"1";"0";"2";"1";"0";"5";""
"202400013309";"155758339";"A01";"1";"10";"6";"0";"1";"1";"0";""
"202400013309";"155758341";"B01";"1";"7";"6";"0";"3";"1";"1";""
"202400013310";"155758338";"A01";"3";"7";"0";"2";"1";"1";"1";""
"202400013310";"155758340";"B01";"2";"50";"0";"2";"2";"1";"3";""
"202400013311";"155758334";"A01";"2";"7";"0";"2";"8";"15";"1";""
"202400013311";"155758336";"B01";"2";"7";"0";"2";"1";"1";"2";""
"202400013312";"155758335";"B01";"1";"2";"0";"0";"1";"1";"1";""
"202400013312";"155758337";"A01";"1";"7";"0";"0";"3";"15";"1";""
"202400013313";"155758332";"A01";"0";"2";"0";"0";"0";"0";"1";""
"202400013314";"155758331";"A01";"1";"10";"0";"0";"2";"19";"3";""
"202400013314";"155758333";"B01";"2";"33";"9";"0";"1";"13";"1";""
"202400013315";"155758328";"A01";"2";"7";"0";"2";"1";"2";"1";""
"202400013315";"155758330";"B01";"2";"21";"0";"2";"4";"2";"1";""
"202400013316";"155758329";"A01";"1";"1";"12";"0";"7";"21";"5";""
"202400013317";"155758327";"A01";"3";"7";"13";"0";"1";"0";"1";""
"202400013318";"155758325";"A01";"1";"7";"13";"0";"1";"1";"1";""
"202400013319";"155758326";"A01";"3";"33";"0";"0";"4";"26";"1";""
"202400013320";"155758322";"B01";"1";"7";"0";"2";"1";"21";"1";""
"202400013320";"155758323";"C01";"2";"7";"0";"2";"1";"1";"1";""
"202400013320";"155758324";"A01";"1";"7";"0";"0";"5";"26";"1";""
"202400013321";"155758319";"A01";"2";"7";"0";"2";"1";"13";"1";""
"202400013321";"155758320";"B01";"1";"10";"0";"2";"1";"1";"1";""
"202400013322";"155758317";"A01";"3";"7";"0";"1";"1";"1";"1";""
"202400013323";"155758316";"A01";"1";"7";"0";"1";"2";"1";"1";""
"202400013324";"155758313";"A01";"1";"33";"0";"2";"8";"9";"1";""
"202400013324";"155758314";"B01";"1";"7";"0";"2";"7";"1";"1";""
"202400013325";"155758312";"A01";"3";"2";"0";"0";"9";"1";"0";""
"202400013326";"155758311";"A01";"1";"2";"0";"0";"0";"1";"1";""
"202400013327";"155758308";"A01";"2";"7";"0";"2";"6";"9";"1";""
"202400013327";"155758309";"B01";"2";"2";"0";"2";"1";"15";"1";""
"202400013328";"155758310";"A01";"1";"2";"4";"0";"7";"1";"1";""
"202400013329";"155758306";"A01";"2";"1";"0";"2";"1";"2";"5";""
"202400013329";"155758307";"B01";"2";"7";"0";"0";"4";"2";"1";""
"202400013330";"155758304";"A01";"2";"7";"13";"0";"0";"1";"1";""
"202400013331";"155758305";"A01";"2";"17";"4";"0";"3";"1";"1";""
"202400013332";"155758303";"A01";"3";"31";"0";"0";"0";"26";"1";""
"202400013333";"155758301";"A01";"2";"33";"0";"2";"1";"1";"1";""
"202400013333";"155758302";"B01";"1";"7";"0";"2";"3";"1";"1";""
"202400013334";"155758298";"A01";"3";"7";"0";"2";"3";"26";"1";""
"202400013334";"155758299";"B01";"3";"7";"0";"2";"1";"1";"2";""
"202400013335";"155758300";"A01";"2";"7";"3";"0";"2";"1";"2";""
"202400013336";"155758295";"A01";"1";"10";"0";"2";"1";"1";"1";""
"202400013336";"155758296";"B01";"1";"10";"0";"2";"4";"16";"1";""
"202400013336";"155758297";"C01";"1";"7";"0";"2";"4";"16";"1";""
"202400013337";"155758292";"A01";"1";"7";"2";"0";"1";"1";"1";""
"202400013338";"155758293";"B01";"2";"7";"0";"2";"6";"12";"1";""
"202400013338";"155758294";"A01";"2";"33";"0";"2";"1";"3";"1";""
"202400013339";"155758290";"A01";"3";"7";"0";"0";"8";"1";"1";""
"202400013339";"155758291";"B01";"3";"7";"0";"2";"1";"1";"1";""
"202400013340";"155758288";"A01";"1";"7";"0";"2";"8";"1";"1";""
"202400013340";"155758289";"B01";"2";"7";"0";"2";"8";"1";"1";""
"202400013341";"155758285";"A01";"1";"7";"0";"2";"3";"13";"1";""
"202400013341";"155758286";"B01";"2";"7";"0";"2";"3";"1";"1";""
"202400013342";"155758287";"A01";"1";"7";"4";"0";"1";"0";"1";""
"202400013343";"155758283";"A01";"2";"7";"0";"2";"8";"11";"1";""
"202400013343";"155758284";"B01";"2";"7";"0";"2";"1";"17";"1";""
"202400013344";"155758281";"A01";"2";"33";"0";"0";"0";"1";"1";""
"202400013345";"155758280";"A01";"1";"33";"0";"2";"1";"0";"1";""
"202400013345";"155758282";"B01";"1";"7";"0";"2";"4";"0";"1";""
"202400013346";"155758277";"B01";"2";"60";"0";"2";"1";"1";"5";""
"202400013346";"155758278";"A01";"1";"10";"0";"2";"1";"9";"1";""
"202400013347";"155758275";"A01";"2";"33";"6";"0";"0";"0";"1";""
"202400013348";"155758273";"A01";"2";"10";"16";"0";"9";"0";"0";""
"202400013349";"155758274";"A01";"2";"7";"0";"2";"3";"11";"1";""
"202400013349";"155758276";"B01";"2";"7";"0";"2";"7";"1";"1";""
"202400013350";"155758272";"A01";"2";"33";"0";"0";"8";"1";"1";""
"202400013351";"155758269";"A01";"2";"7";"0";"2";"2";"15";"1";""
"202400013351";"155758271";"B01";"1";"1";"0";"2";"1";"1";"5";""
"202400013352";"155758268";"A01";"1";"7";"0";"2";"6";"11";"1";""
"202400013352";"155758270";"B01";"1";"15";"0";"2";"2";"1";"1";""
"202400013353";"155758266";"B01";"1";"1";"0";"2";"8";"13";"5";""
"202400013353";"155758267";"A01";"1";"2";"0";"2";"1";"2";"1";""
"202400013354";"155758265";"A01";"1";"7";"4";"0";"1";"1";"1";""
"202400013355";"155758264";"A01";"3";"2";"0";"0";"4";"1";"1";""
"202400013356";"155758262";"B01";"1";"7";"0";"2";"5";"1";"1";""
"202400013356";"155758263";"A01";"1";"32";"0";"2";"8";"11";"1";""
"202400013357";"155758260";"A01";"2";"7";"0";"2";"3";"15";"1";""
"202400013357";"155758261";"B01";"1";"33";"0";"2";"1";"1";"1";""
"202400013358";"155758257";"C01";"1";"33";"0";"2";"4";"3";"1";""
"202400013358";"155758258";"A01";"1";"33";"0";"2";"3";"3";"1";""
"202400013358";"155758259";"B01";"1";"7";"0";"2";"7";"14";"1";""
"202400013359";"155758256";"A01";"3";"7";"6";"0";"1";"1";"2";""