"Num_Acc";"id_vehicule";"num_veh";"senc";"catv";"obs";"obsm";"choc";"manv";"motor";"occutc"
"202400013360";"155758255";"A01";"2";"2";"6";"0";"2";"1";"1";""
"202400013361";"155758254";"A01";"2";"33";"0";"0";"0";"1";"1";""
"202400013362";"155758252";"A01";"3";"7";"0";"1";"4";"4";"2";""
"202400013363";"155758253";"A01";"2";"7";"0";"1";"1";"1";"1";""
"202400013364";"155758250";"A01";"3";"34";"0";"2";"0";"19";"1";""
"202400013364";"155758251";"B01";"3";"7";"0";"2";"0";"1";"1";""
"202400013365";"155758248";"A01";"3";"31";"0";"2";"3";"13";"1";""
"202400013365";"155758249";"B01";"3";"13";"0";"2";"3";"1";"1";""
"202400013366";"155758245";"A01";"2";"7";"0";"2";"3";"15";"1";""
"202400013366";"155758247";"B01";"1";"30";"0";"2";"6";"1";"1";""
"202400013367";"155758244";"A01";"1";"7";"0";"2";"2";"1";"1";""
"202400013367";"155758246";"B01";"1";"1";"0";"2";"8";"9";"5";""
"202400013368";"155758241";"B01";"3";"30";"0";"2";"1";"1";"1";""
"202400013368";"155758243";"A01";"3";"7";"0";"2";"3";"0";"0";""
"202400013369";"155758240";"B01";"2";"31";"0";"2";"1";"1";"1";""
"202400013369";"155758242";"A01";"1";"14";"0";"2";"5";"15";"1";""
"202400013370";"155758236";"A01";"3";"7";"0";"0";"4";"17";"1";""
"202400013370";"155758238";"B01";"3";"33";"0";"2";"1";"17";"1";""
"202400013371";"155758235";"A01";"2";"10";"0";"2";"1";"1";"1";""
"202400013371";"155758237";"B01";"2";"7";"0";"2";"4";"1";"1";""
"202400013371";"155758239";"C01";"2";"7";"0";"2";"4";"1";"1";""
"202400013372";"155758233";"A01";"1";"7";"0";"1";"1";"1";"1";""
"202400013373";"155758232";"A01";"1";"7";"0";"2";"3";"15";"1";""
"202400013373";"155758234";"B01";"2";"2";"12";"2";"8";"1";"1";""
"202400013374";"155758231";"A01";"2";"10";"0";"1";"1";"1";"1";""
"202400013375";"155758229";"A01";"0";"10";"0";"2";"2";"2";"1";""
"202400013375";"155758230";"B01";"1";"80";"0";"0";"4";"2";"3";""
"202400013376";"155758227";"B01";"3";"50";"0";"2";"1";"2";"3";""
"202400013376";"155758228";"A01";"1";"7";"0";"2";"3";"22";"1";""
"202400013377";"155758226";"A01";"3";"2";"0";"1";"1";"13";"1";""
"202400013378";"155758224";"B01";"1";"7";"0";"2";"2";"1";"1";""
"202400013378";"155758225";"A01";"1";"50";"0";"2";"7";"1";"3";""
"202400013379";"155758223";"A01";"1";"7";"0";"1";"1";"1";"1";""
"202400013380";"155758220";"B01";"2";"7";"0";"2";"3";"12";"1";""
"202400013380";"155758222";"A01";"2";"7";"0";"2";"2";"1";"1";""
"202400013381";"155758219";"B01";"1";"7";"0";"0";"5";"1";"2";""
"202400013381";"155758221";"A01";"1";"33";"0";"2";"1";"1";"1";""
"202400013382";"155758216";"B01";"2";"10";"0";"2";"5";"1";"1";""
"202400013382";"155758218";"A01";"1";"33";"0";"2";"1";"3";"1";""
"202400013383";"155758215";"A01";"2";"33";"0";"2";"1";"15";"1";""
"202400013383";"155758217";"B01";"1";"7";"0";"2";"1";"1";"1";""
"202400013384";"155758212";"A01";"1";"7";"0";"2";"3";"13";"1";""
"202400013384";"155758213";"B01";"2";"10";"0";"2";"3";"1";"1";""
"202400013385";"155758211";"A01";"2";"7";"6";"2";"1";"21";"1";""
"202400013385";"155758214";"B01";"1";"7";"0";"0";"0";"0";"1";""
"202400013386";"155758210";"A01";"3";"7";"11";"0";"1";"2";"1";""
"202400013387";"155758206";"B01";"1";"7";"0";"2";"1";"1";"1";""
"202400013387";"155758208";"C01";"2";"15";"0";"2";"2";"1";"1";""
"202400013387";"155758209";"A01";"1";"7";"8";"2";"9";"17";"2";""
"202400013388";"155758207";"A01";"1";"10";"1";"2";"1";"14";"1";""
"202400013389";"155758204";"B01";"1";"34";"0";"2";"1";"1";"1";""
"202400013389";"155758205";"A01";"2";"10";"0";"2";"1";"15";"1";""
"202400013390";"155758203";"B01";"1";"7";"0";"1";"1";"1";"1";""
"202400013391";"155758201";"B01";"2";"33";"0";"2";"1";"2";"1";""
"202400013391";"155758202";"A01";"2";"7";"0";"0";"6";"2";"1";""
"202400013392";"155758199";"A01";"3";"7";"0";"2";"1";"2";"1";""
"202400013392";"155758200";"B01";"3";"30";"0";"2";"1";"2";"1";""
"202400013393";"155758197";"A01";"1";"33";"0";"2";"1";"1";"1";""
"202400013393";"155758198";"B01";"2";"7";"0";"2";"7";"9";"2";""
"202400013394";"155758195";"A01";"3";"7";"0";"2";"2";"16";"1";""
"202400013394";"155758196";"B01";"3";"1";"0";"2";"4";"2";"5";""
"202400013395";"155758193";"A01";"3";"7";"7";"0";"1";"13";"1";""
"202400013396";"155758191";"B01";"1";"33";"0";"0";"8";"11";"1";""
"202400013396";"155758194";"A01";"1";"7";"0";"0";"5";"0";"2";""
"202400013397";"155758190";"A01";"3";"7";"0";"2";"1";"1";"1";""
"202400013397";"155758192";"B01";"3";"7";"0";"2";"8";"1";"1";""
"202400013398";"155758189";"A01";"1";"33";"8";"0";"9";"14";"1";""
"202400013399";"155758187";"A01";"2";"7";"0";"0";"1";"0";"2";""
"202400013399";"155758188";"B01";"2";"7";"0";"0";"4";"0";"1";""
"202400013400";"155758185";"A01";"3";"34";"0";"2";"1";"1";"1";""
"202400013400";"155758186";"B01";"3";"7";"0";"2";"2";"1";"1";""
"202400013401";"155758183";"B01";"1";"10";"0";"2";"1";"1";"1";""
"202400013401";"155758184";"A01";"2";"7";"0";"2";"1";"13";"1";""
"202400013402";"155758182";"A01";"0";"7";"0";"1";"1";"16";"1";""
"202400013403";"155758181";"A01";"1";"7";"2";"0";"1";"1";"1";""
"202400013404";"155758180";"A01";"2";"33";"6";"0";"1";"1";"1";""
"202400013405";"155758179";"A01";"1";"7";"0";"1";"1";"1";"1";""
"202400013406";"155758176";"A01";"3";"7";"0";"2";"3";"1";"1";""
"202400013406";"155758177";"B01";"3";"7";"0";"2";"1";"1";"1";""
"202400013407";"155758175";"A01";"1";"7";"0";"0";"6";"1";"1";""
"202400013407";"155758178";"B01";"2";"7";"0";"2";"3";"1";"1";""
"202400013408";"155758172";"A01";"0";"7";"0";"4";"7";"1";"1";""
"202400013408";"155758174";"B01";"1";"40";"0";"2";"1";"1";"3";""
"202400013409";"155758171";"A01";"2";"7";"0";"2";"3";"17";"1";""
"202400013409";"155758173";"B01";"1";"33";"0";"2";"8";"1";"1";""
"202400013410";"155758168";"A01";"1";"7";"0";"2";"2";"14";"1";""
"202400013410";"155758170";"Y01";"1";"1";"0";"2";"8";"1";"5";""
"202400013411";"155758167";"A01";"1";"7";"0";"2";"1";"1";"1";""
"202400013411";"155758169";"B01";"2";"7";"0";"2";"3";"15";"1";""
"202400013412";"155758166";"A01";"1";"33";"0";"0";"1";"26";"0";""
"202400013413";"155758163";"B01";"2";"7";"0";"2";"2";"0";"1";""
"202400013413";"155758165";"A01";"2";"7";"0";"2";"1";"19";"1";""
"202400013414";"155758162";"A01";"1";"7";"0";"2";"1";"1";"1";""
"202400013414";"155758164";"B01";"1";"7";"0";"2";"4";"23";"1";""
"202400013415";"155758161";"A01";"1";"7";"2";"9";"3";"1";"1";""
"202400013416";"155758160";"A01";"0";"50";"0";"1";"0";"1";"3";""
"202400013417";"155758159";"A01";"2";"7";"16";"0";"9";"13";"1";""
"202400013418";"155758157";"A01";"1";"7";"0";"2";"3";"13";"1";""
"202400013418";"155758158";"B01";"1";"33";"0";"2";"7";"17";"1";""
"202400013419";"155758155";"A01";"1";"7";"0";"9";"3";"16";"1";""
"202400013419";"155758156";"B01";"2";"50";"0";"0";"0";"1";"3";""
"202400013420";"155758152";"A01";"1";"10";"0";"2";"2";"16";"1";""
"202400013420";"155758154";"B01";"1";"32";"0";"2";"6";"2";"1";""
"202400013421";"155758149";"A01";"1";"7";"0";"2";"6";"1";"1";""
"202400013421";"155758150";"B01";"1";"7";"0";"2";"4";"1";"1";""
"202400013421";"155758151";"C01";"1";"7";"0";"2";"6";"1";"1";""
"202400013421";"155758153";"Z01";"1";"7";"0";"2";"2";"12";"1";""
"202400013422";"155758146";"A01";"2";"7";"0";"2";"1";"1";"1";""
"202400013422";"155758147";"B01";"2";"7";"0";"2";"4";"2";"1";""
"202400013422";"155758148";"C01";"2";"10";"0";"2";"4";"2";"1";""
"202400013423";"155758145";"A01";"1";"7";"3";"0";"1";"1";"1";""
"202400013424";"155758144";"A01";"1";"7";"0";"1";"2";"1";"2";""
"202400013425";"155758142";"A01";"1";"7";"0";"2";"1";"2";"1";""
"202400013425";"155758143";"B01";"1";"15";"0";"2";"4";"2";"1";""
"202400013426";"155758139";"B01";"1";"15";"0";"2";"6";"1";"0";""
"202400013426";"155758140";"A01";"1";"10";"0";"2";"1";"14";"1";""
"202400013427";"155758138";"A01";"3";"7";"0";"2";"2";"9";"1";""
"202400013427";"155758141";"B01";"3";"1";"0";"2";"1";"1";"5";""
"202400013428";"155758135";"B01";"2";"32";"0";"2";"8";"1";"1";""
"202400013428";"155758137";"A01";"2";"7";"0";"2";"7";"12";"3";""
"202400013429";"155758134";"B01";"3";"1";"0";"2";"1";"15";"5";""
"202400013429";"155758136";"A01";"1";"37";"0";"2";"1";"1";"1";"1"
"202400013430";"155758132";"B01";"2";"33";"0";"2";"8";"3";"1";""
"202400013430";"155758133";"A01";"2";"7";"0";"2";"7";"12";"1";""
"202400013431";"155758129";"B01";"2";"7";"0";"2";"4";"2";"1";""
"202400013431";"155758131";"A01";"2";"7";"0";"2";"1";"2";"1";""
"202400013432";"155758128";"A01";"1";"17";"0";"2";"1";"1";"1";""
"202400013432";"155758130";"B01";"1";"7";"3";"2";"4";"9";"1";""
"202400013433";"155758125";"A01";"1";"7";"0";"2";"0";"0";"1";""
"202400013433";"155758127";"B01";"1";"34";"0";"2";"0";"0";"1";""
"202400013434";"155758124";"A01";"2";"7";"0";"2";"2";"15";"1";""
"202400013434";"155758126";"B01";"1";"33";"0";"2";"1";"1";"1";""
"202400013435";"155758122";"B01";"2";"7";"0";"2";"4";"2";"1";""
"202400013435";"155758123";"A01";"2";"7";"0";"2";"1";"2";"1";""
"202400013436";"155758121";"A01";"0";"33";"0";"0";"0";"1";"1";""
"202400013437";"155758119";"B01";"1";"7";"0";"2";"5";"23";"1";""
"202400013437";"155758120";"A01";"1";"43";"0";"2";"1";"2";"1";""
"202400013438";"155758118";"A01";"3";"7";"0";"1";"3";"1";"1";""
"202400013439";"155758116";"B01";"2";"1";"0";"2";"4";"1";"5";""
"202400013439";"155758117";"A01";"2";"7";"0";"2";"2";"1";"1";""
"202400013440";"155758112";"B01";"3";"50";"0";"2";"1";"25";"3";""
"202400013440";"155758114";"A01";"3";"7";"0";"9";"1";"15";"1";""
"202400013441";"155758113";"A01";"1";"7";"0";"2";"1";"1";"1";""
"202400013441";"155758115";"B01";"1";"33";"0";"2";"8";"15";"1";""
"202400013442";"155758109";"B01";"1";"1";"0";"2";"1";"1";"5";""
"202400013442";"155758110";"A01";"1";"7";"0";"2";"1";"15";"1";""
"202400013443";"155758108";"A01";"2";"7";"0";"0";"0";"14";"1";""
"202400013444";"155758107";"A01";"1";"3";"3";"0";"2";"1";"1";""
"202400013445";"155758105";"A01";"2";"30";"15";"0";"1";"17";"1";""
"202400013446";"155758103";"A01";"0";"7";"0";"2";"1";"1";"1";""
"202400013446";"155758104";"B01";"0";"7";"0";"2";"8";"0";"1";""
"202400013447";"155758101";"A01";"3";"7";"15";"0";"1";"1";"1";""
"202400013448";"155758102";"A01";"1";"7";"0";"1";"2";"16";"1";""
"202400013449";"155758099";"A01";"1";"1";"0";"2";"7";"1";"5";""
"202400013449";"155758100";"B01";"1";"7";"0";"2";"6";"1";"1";""
"202400013450";"155758097";"A01";"0";"7";"0";"2";"1";"1";"1";""
"202400013450";"155758098";"B01";"0";"7";"0";"2";"1";"1";"1";""
"202400013451";"155758096";"A01";"3";"37";"0";"1";"2";"26";"1";"1"
"202400013452";"155758095";"A01";"0";"7";"0";"1";"1";"18";"1";""
"202400013453";"155758093";"B01";"3";"99";"0";"2";"3";"1";"1";""
"202400013453";"155758094";"A01";"3";"99";"0";"2";"2";"9";"1";""
"202400013454";"155758092";"A01";"2";"7";"0";"1";"3";"1";"1";""
"202400013455";"155758089";"A01";"3";"7";"0";"2";"1";"16";"1";""
"202400013455";"155758091";"B01";"3";"50";"0";"2";"7";"19";"3";""
"202400013456";"155758088";"A01";"3";"7";"0";"2";"1";"1";"1";""
"202400013456";"155758090";"B01";"3";"7";"0";"2";"1";"9";"1";""
"202400013457";"155758087";"A01";"1";"7";"0";"1";"8";"1";"2";""
"202400013458";"155758086";"A01";"2";"7";"6";"0";"1";"19";"2";""
"202400013459";"155758084";"B01";"2";"7";"0";"0";"4";"1";"2";""
"202400013459";"155758085";"A01";"2";"7";"0";"2";"1";"1";"1";""
"202400013460";"155758083";"A01";"0";"7";"8";"0";"2";"1";"1";""
"202400013461";"155758080";"A01";"1";"1";"0";"2";"1";"2";"5";""
"202400013461";"155758082";"B01";"3";"1";"0";"2";"8";"9";"5";""
"202400013462";"155758078";"B01";"2";"7";"0";"2";"4";"1";"1";""
"202400013462";"155758079";"A01";"2";"7";"0";"2";"4";"1";"1";""
"202400013462";"155758081";"C01";"2";"7";"0";"2";"1";"1";"1";""
"202400013463";"155758076";"A01";"1";"7";"0";"2";"1";"0";"1";""
"202400013463";"155758077";"B01";"1";"7";"0";"2";"4";"0";"1";""
"202400013464";"155758075";"A01";"2";"7";"0";"1";"2";"0";"1";""
"202400013465";"155758072";"A01";"2";"7";"0";"2";"1";"1";"1";""
"202400013465";"155758073";"B01";"2";"7";"0";"2";"4";"1";"1";""
"202400013465";"155758074";"C01";"2";"7";"0";"2";"4";"1";"1";""
"202400013466";"155758068";"A01";"2";"7";"0";"2";"3";"0";"1";""
"202400013466";"155758070";"B01";"2";"7";"0";"2";"2";"15";"1";""
"202400013467";"155758069";"A01";"1";"7";"0";"2";"3";"15";"1";""
"202400013467";"155758071";"B01";"1";"60";"0";"2";"8";"1";"5";""
"202400013468";"155758066";"A01";"1";"7";"0";"2";"1";"2";"1";""
"202400013468";"155758067";"B01";"1";"7";"0";"2";"4";"1";"1";""
"202400013469";"155758063";"A01";"2";"1";"0";"2";"1";"1";"5";""
"202400013469";"155758065";"B01";"1";"7";"0";"2";"7";"1";"2";""
"202400013470";"155758062";"B01";"2";"33";"0";"2";"1";"26";"1";""
"202400013470";"155758064";"A01";"1";"7";"0";"2";"3";"26";"2";""
"202400013471";"155758061";"A01";"1";"50";"0";"1";"1";"1";"3";""
"202400013472";"155758058";"B01";"3";"7";"0";"2";"1";"15";"2";""
"202400013472";"155758059";"A01";"3";"32";"0";"2";"1";"15";"1";""
"202400013473";"155758057";"B01";"1";"2";"0";"2";"3";"0";"1";""
"202400013473";"155758060";"A01";"2";"7";"0";"2";"1";"15";"1";""
"202400013474";"155758056";"A01";"1";"7";"0";"9";"3";"1";"1";""
"202400013475";"155758051";"C01";"1";"7";"0";"2";"1";"1";"1";""
"202400013475";"155758053";"A01";"2";"7";"0";"2";"3";"13";"1";""
"202400013475";"155758055";"B01";"1";"7";"0";"2";"3";"1";"1";""
"202400013476";"155758050";"B01";"1";"7";"0";"2";"6";"1";"1";""
"202400013476";"155758052";"A01";"1";"17";"0";"2";"2";"12";"1";""
"202400013476";"155758054";"C01";"1";"10";"0";"2";"5";"1";"1";""
"202400013477";"155758048";"A01";"1";"31";"8";"0";"0";"14";"0";""
"202400013478";"155758047";"B01";"2";"7";"0";"2";"4";"23";"1";""
"202400013478";"155758049";"A01";"2";"7";"0";"2";"1";"1";"1";""
"202400013479";"155758044";"B01";"1";"50";"0";"2";"1";"1";"3";""
"202400013479";"155758046";"A01";"1";"7";"0";"2";"3";"26";"1";""
"202400013480";"155758043";"A01";"3";"10";"0";"2";"3";"1";"1";""
"202400013480";"155758045";"B01";"3";"1";"0";"2";"1";"15";"5";""
"202400013481";"155758041";"A01";"1";"7";"0";"2";"3";"15";"2";""
"202400013481";"155758042";"B01";"1";"7";"0";"2";"2";"1";"1";""
"202400013482";"155758038";"B01";"1";"7";"0";"2";"3";"15";"1";""
"202400013482";"155758040";"A01";"2";"33";"0";"2";"7";"2";"1";""
"202400013483";"155758037";"A01";"1";"7";"0";"9";"7";"15";"0";""
"202400013483";"155758039";"B01";"2";"1";"0";"2";"0";"0";"5";""
"202400013484";"155758035";"B01";"2";"60";"0";"2";"0";"19";"5";""
"202400013484";"155758036";"A01";"1";"7";"0";"2";"0";"1";"1";""
"202400013485";"155758033";"Y01";"1";"1";"0";"2";"7";"1";"5";""
"202400013485";"155758034";"A01";"1";"10";"0";"9";"1";"9";"1";""
"202400013486";"155758032";"A01";"0";"50";"0";"1";"0";"1";"3";""
"202400013487";"155758030";"A01";"1";"7";"0";"2";"3";"9";"1";""
"202400013487";"155758031";"B01";"1";"1";"0";"2";"5";"1";"5";""
"202400013488";"155758029";"A01";"1";"7";"4";"0";"3";"13";"1";""
"202400013489";"155758027";"A01";"1";"7";"0";"2";"3";"15";"2";""
"202400013489";"155758028";"B01";"2";"33";"0";"2";"1";"1";"1";""
"202400013490";"155758026";"A01";"1";"13";"0";"1";"2";"16";"3";""
"202400013491";"155758024";"B01";"3";"7";"0";"2";"3";"1";"1";""
"202400013491";"155758025";"A01";"3";"50";"0";"2";"1";"5";"3";""
"202400013492";"155758021";"A01";"2";"10";"0";"2";"1";"1";"1";""
"202400013492";"155758022";"B01";"2";"7";"0";"2";"4";"23";"1";""
"202400013492";"155758023";"C01";"1";"7";"0";"2";"8";"1";"1";""
"202400013493";"155758018";"B01";"3";"7";"0";"2";"4";"1";"1";""
"202400013493";"155758019";"C01";"3";"7";"0";"2";"1";"15";" -1";""
"202400013493";"155758020";"A01";"3";"7";"0";"2";"1";"2";"1";""
"202400013494";"155758017";"A01";"3";"7";"13";"0";"1";"1";"1";""
"202400013495";"155758015";"B01";"3";"7";"0";"2";"6";"1";"1";""
"202400013495";"155758016";"A01";"3";"7";"0";"2";"2";"2";"1";""
"202400013496";"155758013";"B01";"2";"33";"0";"2";"1";"2";"1";""
"202400013496";"155758014";"A01";"2";"7";"0";"2";"3";"26";"1";""
"202400013497";"155758011";"B01";"1";"33";"0";"2";"1";"1";"1";""
"202400013497";"155758012";"A01";"2";"7";"0";"2";"7";"15";"1";""
"202400013498";"155758010";"A01";"3";"7";"12";"0";"0";"1";"1";""
"202400013499";"155758007";"A01";"2";"7";"0";"2";"3";"1";"1";""
"202400013499";"155758008";"C01";"2";"7";"0";"2";"8";"23";"3";""
"202400013499";"155758009";"B01";"2";"7";"0";"2";"2";"16";"1";""
"202400013500";"155758005";"A01";"1";"33";"0";"2";"2";"3";"1";""
"202400013500";"155758006";"B01";"1";"7";"0";"2";"3";"15";"2";""
"202400013501";"155758002";"B01";"1";"7";"0";"2";"1";"2";"2";""
"202400013501";"155758003";"C01";"1";"7";"0";"2";"4";"2";"2";""
"202400013501";"155758004";"A01";"1";"7";"0";"2";"1";"2";"1";""
"202400013502";"155758001";"A01";"1";"30";"0";"0";"1";"0";"1";""
"202400013503";"155757998";"C01";"1";"7";"0";"2";"2";"1";"1";""
"202400013503";"155757999";"B01";"1";"7";"0";"2";"3";"0";"1";""
"202400013503";"155758000";"A01";"2";"7";"0";"2";"1";"16";"1";""
"202400013504";"155757996";"A01";"3";"7";"0";"2";"3";"21";"1";""
"202400013504";"155757997";"B01";"3";"33";"0";"2";"1";"17";"1";""
"202400013505";"155757994";"A01";"1";"7";"0";"9";"7";"17";"1";""
"202400013505";"155757995";"B01";"1";"50";"0";"0";"0";"0";"3";""
"202400013506";"155757993";"A01";"3";"7";"6";"0";"1";"26";"1";""
"202400013507";"155757991";"B01";"3";"80";"0";"2";"2";"26";"3";""
"202400013507";"155757992";"A01";"1";"7";"0";"9";"3";"1";"1";""
"202400013508";"155757990";"A01";"1";"7";"8";"0";"1";"19";"1";""
"202400013509";"155757988";"A01";"3";"50";"0";"2";"0";"1";"3";""
"202400013509";"155757989";"B01";"3";"7";"0";"2";"0";"15";"3";""
"202400013510";"155757986";"B01";"3";"7";"0";"2";"4";"2";"1";""
"202400013510";"155757987";"A01";"3";"10";"0";"2";"1";"2";"1";""
"202400013511";"155757984";"A01";"1";"7";"0";"2";"3";"17";"1";""
"202400013511";"155757985";"B01";"2";"7";"0";"2";"3";"1";"1";""
"202400013512";"155757982";"A01";"1";"10";"0";"2";"1";"15";"1";""
"202400013512";"155757983";"B01";"2";"1";"0";"2";"8";"1";"5";""
"202400013513";"155757980";"B01";"3";"7";"0";"2";"1";"9";"1";""
"202400013513";"155757981";"A01";"3";"7";"0";"2";"3";"9";"1";""
"202400013514";"155757978";"A01";"3";"10";"0";"2";"1";"2";"1";""
"202400013514";"155757979";"B01";"3";"10";"0";"2";"4";"2";"1";""
"202400013515";"155757976";"A01";"2";"7";"0";"2";"7";"23";"1";""
"202400013515";"155757977";"B01";"2";"50";"0";"2";"1";"1";"3";""
"202400013516";"155757974";"A01";"3";"7";"0";"2";"3";"1";"1";""
"202400013516";"155757975";"B01";"3";"7";"0";"2";"6";"5";"1";""
"202400013517";"155757972";"A01";"1";"7";"0";"2";"3";"26";"1";""
"202400013517";"155757973";"B01";"1";"1";"0";"2";"1";"1";"5";""
"202400013518";"155757970";"B01";"1";"50";"0";"2";"1";"1";"3";""
"202400013518";"155757971";"A01";"2";"7";"0";"2";"2";"15";"1";""
"202400013519";"155757968";"A01";"3";"7";"0";"2";"6";"9";"1";""
"202400013519";"155757969";"B01";"3";"7";"0";"2";"1";"1";"1";""
"202400013520";"155757967";"A01";"3";"7";"0";"1";"1";"15";"1";""
"202400013521";"155757966";"A01";"2";"7";"0";"1";"1";"16";"1";""
"202400013522";"155757964";"B01";"2";"2";"0";"2";"3";"18";"1";""
"202400013522";"155757965";"A01";"2";"10";"0";"2";"7";"14";"1";""
"202400013523";"155757960";"B01";"1";"7";"0";"2";"4";"1";"1";""
"202400013523";"155757961";"A01";"1";"7";"0";"2";"1";"1";"1";""
"202400013523";"155757962";"C01";"1";"7";"0";"2";"4";"1";"1";""
"202400013523";"155757963";"D01";"1";"37";"0";"2";"4";"1";"1";"1"
"202400013524";"155757957";"C01";"2";"7";"0";"2";"5";"0";"1";""
"202400013524";"155757958";"A01";"1";"7";"0";"2";"1";"13";"1";""
"202400013524";"155757959";"B01";"2";"10";"0";"2";"1";"0";"1";""
"202400013525";"155757955";"A01";"3";"7";"0";"2";"2";"26";"1";""
"202400013525";"155757956";"B01";"3";"7";"0";"2";"1";"19";"0";""
"202400013526";"155757952";"A01";"2";"7";"0";"2";"4";"2";"1";""
"202400013526";"155757953";"B01";"2";"7";"0";"2";"4";"2";"1";""
"202400013526";"155757954";"C01";"2";"10";"0";"2";"1";"2";"1";""
"202400013527";"155757949";"A01";"1";"7";"0";"2";"1";"1";"1";""
"202400013527";"155757950";"B01";"1";"7";"0";"2";"4";"1";"1";""
"202400013528";"155757948";"B01";"1";"32";"0";"2";"2";"1";"1";""
"202400013528";"155757951";"A01";"1";"7";"0";"2";"8";"9";"1";""
"202400013529";"155757945";"A01";"2";"7";"0";"1";"1";"1";"1";""
"202400013530";"155757944";"A01";"2";"7";"0";"2";"2";"12";"1";""
"202400013530";"155757946";"B01";"2";"7";"0";"2";"4";"1";"1";""
"202400013530";"155757947";"C01";"2";"7";"0";"2";"4";"1";"1";""
"202400013531";"155757941";"A01";"1";"7";"0";"2";"2";"13";"2";""
"202400013531";"155757943";"B01";"2";"1";"0";"2";"1";"1";"5";""
"202400013532";"155757939";"A01";"2";"7";"0";"2";"1";"1";"1";""
"202400013532";"155757940";"B01";"2";"7";"0";"2";"4";"23";"1";""
"202400013532";"155757942";"C01";"2";"7";"0";"2";"4";"23";"1";""
"202400013533";"155757937";"A01";"3";"7";"0";"2";"2";"19";"1";""
"202400013533";"155757938";"B01";"2";"7";"0";"2";"1";"1";"1";""
"202400013534";"155757934";"A01";"2";"7";"0";"2";"1";"1";"1";""
"202400013534";"155757935";"B01";"2";"7";"0";"2";"4";"2";"1";""
"202400013534";"155757936";"C01";"2";"7";"0";"2";"4";"2";"1";""
"202400013535";"155757931";"A01";"1";"7";"0";"2";"1";"2";"0";""
"202400013535";"155757932";"B01";"1";"7";"0";"2";"4";"2";"0";""
"202400013536";"155757929";"A01";"1";"7";"0";"2";"8";"15";"1";""
"202400013536";"155757930";"B01";"2";"33";"0";"2";"1";"17";"1";""
"202400013537";"155757927";"A01";"2";"7";"0";"2";"2";"2";"1";""
"202400013537";"155757928";"B01";"2";"7";"0";"2";"6";"2";"1";""
"202400013538";"155757925";"A01";"2";"7";"4";"0";"1";"2";"1";""
"202400013539";"155757923";"A01";"2";"7";"3";"0";"1";"12";"2";""
"202400013540";"155757922";"A01";"2";"7";"0";"2";"8";"10";"1";""
"202400013540";"155757924";"B01";"2";"37";"0";"2";"2";"7";"1";"4"
"202400013541";"155757919";"A01";"1";"7";"0";"2";"1";"2";"1";""
"202400013541";"155757921";"B01";"1";"7";"0";"2";"4";"2";"1";""
"202400013542";"155757918";"A01";"1";"7";"0";"9";"8";"9";"1";""
"202400013542";"155757920";"B01";"1";"1";"0";"2";"4";"16";"5";""
"202400013543";"155757916";"Z01";"3";"7";"0";"1";"0";"0";"0";""
"202400013544";"155757915";"A01";"3";"7";"0";"2";"8";"15";"1";""
"202400013544";"155757917";"B01";"2";"33";"0";"2";"8";"26";"1";""
"202400013545";"155757911";"B01";"3";"30";"0";"2";"7";"17";"1";""
"202400013545";"155757914";"A01";"3";"7";"0";"2";"1";"15";"1";""
"202400013546";"155757912";"B01";"2";"7";"0";"2";"4";"1";"1";""
"202400013546";"155757913";"A01";"2";"10";"0";"2";"1";"1";"1";""
"202400013547";"155757907";"A01";"1";"7";"0";"9";"3";"1";"2";""
"202400013547";"155757909";"B01";"1";"50";"0";"2";"3";"5";"3";""
"202400013548";"155757906";"A01";"1";"7";"0";"2";"1";"26";"1";""
"202400013548";"155757908";"B01";"1";"7";"0";"2";"4";"2";"1";""
"202400013548";"155757910";"C01";"1";"7";"0";"2";"4";"2";"1";""
"202400013549";"155757904";"A01";"1";"7";"0";"1";"1";"1";"1";""
"202400013550";"155757903";"A01";"1";"7";"0";"2";"3";"9";"1";""
"202400013550";"155757905";"B01";"1";"2";"0";"2";"7";"1";"1";""
"202400013551";"155757901";"A01";"1";"33";"0";"9";"1";"1";"1";""
"202400013551";"155757902";"B01";"2";"1";"0";"9";"8";"1";"5";""
"202400013552";"155757900";"A01";"2";"10";"2";"0";"1";"14";"1";""
"202400013553";"155757898";"B01";"2";"2";"0";"2";"1";"1";"1";""
"202400013553";"155757899";"A01";"2";"7";"0";"2";"0";"12";"1";""
"202400013554";"155757896";"B01";"1";"7";"0";"2";"1";"1";"1";""
"202400013554";"155757897";"A01";"2";"7";"0";"2";"2";"1";"1";""
"202400013555";"155757894";"B01";"2";"7";"1";"2";"2";"1";"2";""
"202400013555";"155757895";"A01";"0";"50";"0";"2";"0";"0";"3";""
"202400013556";"155757892";"B01";"1";"7";"0";"2";"2";"2";"1";""
"202400013556";"155757893";"A01";"1";"30";"0";"2";"1";"16";"1";""
"202400013557";"155757891";"A01";"1";"7";"0";"1";"3";"1";"2";""
"202400013558";"155757890";"A01";"1";"7";"0";"1";"1";"1";"1";""
"202400013559";"155757888";"B01";"2";"7";"0";"2";"3";"15";"1";""
"202400013559";"155757889";"A01";"1";"32";"0";"2";"1";"1";"1";""
"202400013560";"155757887";"A01";"1";"32";"0";"0";"0";"15";"1";""
"202400013561";"155757886";"A01";"0";"7";"0";"1";"4";"0";"2";""
"202400013562";"155757885";"A01";"2";"7";"0";"1";"3";"15";"2";""