"Num_Acc";"id_vehicule";"num_veh";"senc";"catv";"obs";"obsm";"choc";"manv";"motor";"occutc"
"202400013563";"155757884";"A01";"3";"7";"0";"1";"3";"15";"1";""
"202400013564";"155757883";"A01";"3";"80";"0";"1";"1";"1";"2";""
"202400013565";"155757880";"A01";"1";"7";"1";"2";"1";"26";"1";""
"202400013565";"155757881";"C01";"1";"7";"0";"2";"5";"1";"1";""
"202400013565";"155757882";"B01";"1";"7";"0";"2";"3";"24";"2";""
"202400013566";"155757879";"A01";"1";"7";"0";"1";"1";"15";"1";""
"202400013567";"155757877";"A01";"2";"7";"0";"2";"1";"1";"1";""
"202400013567";"155757878";"B01";"3";"1";"0";"2";"7";"0";"5";""
"202400013568";"155757875";"A01";"2";"7";"0";"2";"1";"26";"1";""
"202400013568";"155757876";"B01";"2";"7";"0";"2";"4";"1";"2";""
"202400013569";"155757873";"A01";"3";"7";"14";"2";"1";"26";"1";""
"202400013569";"155757874";"B01";"3";"2";"0";"2";"1";"1";"1";""
"202400013570";"155757869";"A01";"1";"31";"0";"2";"2";"1";"1";""
"202400013570";"155757870";"B01";"1";"7";"0";"2";"6";"1";"2";""
"202400013571";"155757868";"A01";"1";"7";"0";"1";"2";"1";"6";""
"202400013572";"155757866";"A01";"2";"7";"0";"2";"3";"21";"1";""
"202400013572";"155757867";"B01";"2";"7";"0";"2";"2";"1";"1";""
"202400013573";"155757864";"B01";"2";"7";"0";"2";"8";"1";"1";""
"202400013573";"155757865";"A01";"1";"7";"8";"2";"2";"15";"1";""
"202400013574";"155757862";"A01";"1";"7";"0";"2";"1";"0";"1";""
"202400013574";"155757863";"B01";"0";"7";"0";"2";"4";"0";"1";""
"202400013575";"155757860";"A01";"3";"7";"0";"2";"1";"13";"1";""
"202400013575";"155757861";"B01";"3";"7";"0";"2";"3";"1";"1";""
"202400013576";"155757859";"A01";"3";"7";"12";"0";"2";"26";"1";""
"202400013577";"155757858";"Z01";"2";"7";"0";"1";"0";"15";"0";""
"202400013578";"155757855";"B01";"2";"7";"0";"0";"0";"0";"1";""
"202400013578";"155757856";"C01";"1";"7";"0";"2";"0";"0";"1";""
"202400013578";"155757857";"A01";"2";"7";"0";"2";"5";"26";"1";""
"202400013579";"155757854";"A01";"2";"7";"1";"0";"1";"1";"1";""
"202400013580";"155757852";"B01";"3";"7";"0";"9";"2";"1";"1";""
"202400013580";"155757853";"A01";"0";"99";"0";"2";"1";"5";"3";""
"202400013581";"155757851";"A01";"1";"32";"11";"0";"1";"1";"1";""
"202400013582";"155757850";"A01";"1";"30";"0";"0";"0";"1";"1";""
"202400013583";"155757849";"A01";"3";"1";"0";"0";"0";"16";"5";""
"202400013584";"155757847";"A01";"2";"7";"0";"2";"6";"13";"1";""
"202400013584";"155757848";"B01";"1";"7";"0";"2";"1";"1";"1";""
"202400013585";"155757844";"A01";"1";"7";"0";"2";"1";"2";"1";""
"202400013585";"155757845";"B01";"1";"7";"0";"2";"9";"2";"3";""
"202400013585";"155757846";"C01";"1";"7";"0";"2";"4";"15";"1";""
"202400013586";"155757842";"A01";"2";"7";"0";"2";"1";"1";"1";""
"202400013586";"155757843";"B01";"2";"7";"0";"2";"6";"10";"1";""
"202400013587";"155757840";"B01";"1";"1";"0";"2";"8";"1";"5";""
"202400013587";"155757841";"A01";"2";"10";"0";"2";"1";"1";"1";""
"202400013588";"155757839";"A01";"1";"7";"0";"1";"1";"16";"1";""
"202400013589";"155757837";"A01";"1";"7";"0";"2";"8";"15";"1";""
"202400013589";"155757838";"B01";"1";"37";"0";"2";"1";"1";"4";"3"
"202400013590";"155757835";"B01";"1";"31";"0";"2";"1";"1";"1";""
"202400013590";"155757836";"A01";"1";"7";"0";"2";"0";"15";"0";""
"202400013591";"155757834";"A01";"1";"50";"0";"0";"0";"1";"3";""
"202400013592";"155757833";"A01";"3";"7";"0";"1";"1";"1";"1";""
"202400013593";"155757831";"B01";"0";"1";"0";"2";"1";"1";"5";""
"202400013593";"155757832";"A01";"0";"1";"0";"2";"1";"1";"5";""
"202400013594";"155757829";"A01";"3";"7";"0";"2";"1";"1";"1";""
"202400013594";"155757830";"B01";"3";"33";"0";"2";"4";"1";"1";""
"202400013595";"155757828";"A01";"1";"7";"0";"1";"3";"15";"1";""
"202400013596";"155757827";"A01";"1";"7";"0";"1";"2";"16";"1";""
"202400013597";"155757825";"A01";"3";"7";"0";"2";"0";"9";"1";""
"202400013597";"155757826";"B01";"3";"80";"0";"2";"0";"0";"3";""
"202400013598";"155757824";"A01";"1";"7";"0";"1";"3";"1";"1";""
"202400013599";"155757822";"B01";"1";"1";"0";"2";"1";"1";"5";""
"202400013599";"155757823";"A01";"2";"7";"0";"2";"3";"1";"1";""
"202400013600";"155757820";"A01";"2";"7";"0";"2";"3";"1";"1";""
"202400013600";"155757821";"B01";"2";"7";"0";"2";"6";"9";"1";""
"202400013601";"155757818";"A01";"3";"7";"0";"0";"5";"10";"1";""
"202400013601";"155757819";"B01";"0";"34";"0";"2";"1";"26";"1";""
"202400013602";"155757816";"B01";"3";"33";"0";"2";"8";"1";"0";""
"202400013602";"155757817";"A01";"3";"10";"0";"2";"1";"11";"0";""
"202400013603";"155757815";"A01";"1";"33";"0";"0";"7";"19";"1";""
"202400013604";"155757813";"B01";"2";"7";"0";"2";"5";"17";"1";""
"202400013604";"155757814";"A01";"2";"7";"0";"2";"3";"12";"1";""
"202400013605";"155757811";"A01";"3";"7";"0";"2";"1";"1";"1";""
"202400013605";"155757812";"B01";"3";"7";"0";"2";"4";"1";"3";""
"202400013606";"155757809";"A01";"3";"7";"0";"2";"2";"1";"1";""
"202400013606";"155757810";"B01";"3";"7";"0";"2";"4";"1";"1";""
"202400013607";"155757807";"B01";"1";"1";"0";"2";"7";"1";"5";""
"202400013607";"155757808";"A01";"3";"7";"0";"2";"1";"20";"1";""
"202400013608";"155757803";"B01";"1";"31";"0";"2";"1";"1";"1";""
"202400013608";"155757805";"A01";"1";"7";"0";"2";"8";"10";"1";""
"202400013609";"155757804";"A01";"3";"7";"0";"2";"1";"1";"1";""
"202400013609";"155757806";"B01";"3";"7";"0";"2";"4";"23";"1";""
"202400013610";"155757799";"A01";"1";"7";"0";"2";"8";"1";"1";""
"202400013610";"155757802";"B01";"2";"50";"0";"2";"1";"1";"3";""
"202400013611";"155757798";"B01";"1";"7";"3";"2";"3";"1";"3";""
"202400013611";"155757800";"C01";"1";"7";"0";"2";"4";"1";"1";""
"202400013611";"155757801";"A01";"1";"7";"4";"2";"3";"17";"2";""
"202400013612";"155757794";"B01";"2";"1";"0";"2";"8";"5";"5";""
"202400013612";"155757796";"A01";"1";"7";"0";"2";"2";"16";"2";""
"202400013613";"155757792";"A01";"3";"33";"0";"2";"8";"17";"1";""
"202400013613";"155757793";"B01";"3";"7";"0";"9";"8";"1";"2";""
"202400013613";"155757795";"Z01";"3";"10";"0";"2";"0";"0";"0";""
"202400013613";"155757797";"C01";"3";"7";"0";"2";"3";"2";"1";""
"202400013614";"155757790";"A01";"1";"7";"0";"1";"2";"1";"1";""
"202400013615";"155757789";"B01";"2";"34";"0";"2";"8";"2";"1";""
"202400013615";"155757791";"A01";"1";"7";"0";"2";"1";"15";"1";""
"202400013616";"155757788";"A01";"3";"36";"15";"0";"2";"1";"1";""
"202400013617";"155757786";"A01";"2";"7";"0";"2";"6";"16";"1";""
"202400013617";"155757787";"B01";"2";"32";"0";"2";"1";"26";"1";""
"202400013618";"155757784";"A01";"1";"33";"0";"2";"1";"1";"1";""
"202400013618";"155757785";"B01";"1";"7";"0";"2";"1";"15";"1";""
"202400013619";"155757782";"B01";"1";"30";"0";"2";"4";"23";"3";""
"202400013619";"155757783";"Z01";"1";"7";"0";"2";"1";"1";"0";""
"202400013620";"155757780";"B01";"1";"80";"0";"2";"3";"1";"3";""
"202400013620";"155757781";"Z01";"1";"7";"0";"2";"0";"0";"0";""
"202400013621";"155757779";"A01";"2";"7";"12";"0";"1";"1";"1";""
"202400013622";"155757778";"A01";"1";"7";"0";"1";"0";"1";" -1";""
"202400013623";"155757777";"A01";"1";"7";"0";"0";"6";"0";"1";""
"202400013624";"155757776";"A01";"1";"7";"0";"1";"2";"26";"1";""
"202400013625";"155757774";"B01";"2";"7";"0";"2";"4";"23";"1";""
"202400013625";"155757775";"A01";"2";"7";"0";"2";"1";"1";"1";""
"202400013626";"155757773";"A01";"1";"7";"13";"0";"0";"1";"0";""
"202400013627";"155757770";"B01";"0";"7";"0";"2";"4";"1";"1";""
"202400013627";"155757772";"A01";"0";"7";"0";"2";"1";"1";"1";""
"202400013628";"155757769";"A01";"3";"7";"0";"2";"7";"1";"1";""
"202400013628";"155757771";"B01";"3";"50";"0";"2";"1";"1";"3";""
"202400013629";"155757767";"A01";"1";"7";"0";"1";"1";"17";"1";""
"202400013630";"155757764";"A01";"1";"7";"0";"2";"1";"16";"1";""
"202400013630";"155757765";"B01";"2";"7";"0";"2";"2";"1";"1";""
"202400013631";"155757766";"B01";"1";"7";"0";"2";"7";"1";"1";""
"202400013631";"155757768";"A01";"1";"7";"0";"2";"1";"1";"1";""
"202400013632";"155757762";"A01";"1";"33";"0";"2";"1";"17";"1";""
"202400013632";"155757763";"B01";"1";"7";"0";"2";"3";"15";"1";""
"202400013633";"155757760";"B01";"0";"7";"0";"0";"6";"2";"2";""
"202400013633";"155757761";"A01";"0";"10";"0";"2";"2";"1";"1";""
"202400013634";"155757757";"A01";"3";"7";"0";"2";"6";"23";"1";""
"202400013634";"155757758";"B01";"3";"50";"1";"0";"1";"1";"3";""
"202400013635";"155757759";"A01";"3";"7";"0";"1";"1";"2";"1";""
"202400013636";"155757756";"A01";"2";"30";"14";"0";"1";"5";"3";""
"202400013637";"155757752";"A01";"1";"7";"6";"0";"1";"21";"1";""
"202400013638";"155757750";"A01";"2";"7";"6";"0";"3";"1";"1";""
"202400013639";"155757749";"A01";"1";"30";"0";"1";"1";"25";"1";""
"202400013640";"155757746";"A01";"3";"7";"0";"2";"1";"1";"1";""
"202400013640";"155757748";"B01";"3";"7";"0";"2";"7";"0";"1";""
"202400013641";"155757745";"B01";"1";"7";"0";"2";"8";"1";"1";""
"202400013641";"155757747";"A01";"1";"17";"0";"2";"1";"17";"1";""
"202400013642";"155757741";"B01";"3";"7";"0";"2";"1";"15";"1";""
"202400013642";"155757744";"A01";"3";"7";"0";"2";"1";"1";"1";""
"202400013643";"155757742";"A01";"0";"7";"0";"2";"3";"15";"1";""
"202400013643";"155757743";"B01";"0";"33";"0";"2";"1";"1";"1";""
"202400013644";"155757740";"A01";"3";"31";"0";"0";"7";"16";"1";""
"202400013645";"155757737";"A01";"1";"7";"1";"0";"1";"1";"1";""
"202400013646";"155757738";"A01";"2";"30";"0";"2";"1";"1";"1";""
"202400013646";"155757739";"B01";"1";"7";"0";"2";"3";"15";"1";""
"202400013647";"155757736";"A01";"0";"7";"1";"0";"3";"16";"1";""
"202400013648";"155757734";"Z01";"2";"7";"0";"1";"1";"15";"1";""
"202400013649";"155757731";"A01";"1";"7";"0";"2";"3";"13";"1";""
"202400013649";"155757732";"B01";"0";"7";"0";"2";"3";"1";"1";""
"202400013650";"155757730";"A01";"3";"7";"0";"2";"1";"1";"1";""
"202400013650";"155757733";"B01";"3";"7";"0";"2";"1";"1";"1";""
"202400013650";"155757735";"Z01";"3";"7";"0";"2";"1";"16";"0";""
"202400013651";"155757727";"A01";"2";"7";"0";"2";"1";"1";"1";""
"202400013651";"155757729";"B01";"2";"14";"0";"2";"4";"23";"1";""
"202400013652";"155757726";"B01";"2";"43";"0";"2";"1";"1";"1";""
"202400013652";"155757728";"A01";"2";"7";"0";"2";"0";"0";"0";""
"202400013653";"155757725";"A01";"1";"7";"0";"1";"3";"1";"1";""
"202400013654";"155757723";"B01";"1";"7";"0";"2";"3";"0";"1";""
"202400013654";"155757724";"A01";"1";"33";"0";"2";"3";"13";"1";""
"202400013655";"155757722";"A01";"2";"7";"0";"1";"3";"15";"1";""
"202400013656";"155757719";"B01";"1";"3";"0";"2";"7";"1";"1";""
"202400013656";"155757721";"A01";"2";"7";"0";"2";"1";"9";"1";""
"202400013657";"155757718";"A01";"3";"7";"0";"2";"9";"13";"1";""
"202400013657";"155757720";"B01";"3";"7";"0";"2";"3";"1";"1";""
"202400013658";"155757714";"A01";"1";"7";"0";"2";"1";"1";"1";""
"202400013658";"155757716";"B01";"3";"99";"0";"2";"8";"1";"3";""
"202400013659";"155757715";"B01";"2";"2";"0";"2";"7";"1";"1";""
"202400013659";"155757717";"A01";"1";"7";"0";"2";"1";"15";"1";""
"202400013660";"155757713";"A01";"1";"7";"0";"1";"1";"1";"1";""
"202400013661";"155757711";"A01";"1";"7";"0";"2";"2";"9";"1";""
"202400013661";"155757712";"B01";"2";"80";"0";"2";"1";"1";"3";""
"202400013662";"155757709";"A01";"2";"7";"0";"2";"3";"13";"1";""
"202400013662";"155757710";"B01";"1";"34";"0";"2";"1";"1";"1";""
"202400013663";"155757707";"B01";"1";"7";"0";"2";"8";"10";"1";""
"202400013663";"155757708";"A01";"1";"32";"0";"2";"9";"17";"1";""
"202400013664";"155757704";"A01";"1";"33";"0";"2";"2";"1";"1";""
"202400013664";"155757706";"B01";"1";"7";"0";"2";"3";"9";"1";""
"202400013665";"155757703";"A01";"0";"7";"0";"2";"5";"16";"1";""
"202400013665";"155757705";"B01";"0";"60";"0";"0";"0";"16";"5";""
"202400013666";"155757701";"A01";"1";"34";"0";"1";"1";"0";"1";""
"202400013667";"155757700";"A01";"3";"7";"0";"2";"3";"15";"1";""
"202400013667";"155757702";"B01";"3";"33";"0";"2";"2";"17";"1";""
"202400013668";"155757698";"B01";"2";"43";"0";"2";"1";"2";"1";""
"202400013668";"155757699";"A01";"2";"7";"0";"2";"8";"16";"1";""
"202400013669";"155757693";"A01";"1";"13";"0";"2";"2";"1";"1";""
"202400013669";"155757694";"B01";"1";"7";"0";"2";"8";"1";"1";""
"202400013670";"155757692";"A01";"1";"10";"0";"2";"4";"2";"1";""
"202400013670";"155757695";"B01";"1";"7";"0";"2";"4";"2";"0";""
"202400013670";"155757696";"C01";"1";"7";"0";"2";"4";"2";"1";""
"202400013670";"155757697";"Z01";"1";"10";"0";"2";"1";"11";"1";""
"202400013671";"155757689";"A01";"2";"7";"4";"2";"1";"9";"1";""
"202400013671";"155757690";"B01";"2";"15";"0";"2";"5";"1";"1";""
"202400013672";"155757688";"B01";"1";"7";"0";"2";"4";"23";"1";""
"202400013672";"155757691";"A01";"1";"7";"0";"2";"1";"2";"1";""
"202400013673";"155757687";"A01";"2";"33";"14";"0";"2";"26";"1";""
"202400013674";"155757685";"A01";"1";"30";"0";"2";"3";"1";"1";""
"202400013674";"155757686";"Z01";"2";"7";"0";"2";"3";"15";"0";""
"202400013675";"155757683";"B01";"2";"7";"0";"2";"3";"1";"2";""
"202400013675";"155757684";"A01";"2";"80";"0";"2";"1";"1";"3";""
"202400013676";"155757682";"A01";"1";"7";"0";"1";"3";"1";"1";""
"202400013677";"155757680";"Z01";"1";"1";"0";"9";"1";"1";"5";""
"202400013677";"155757681";"A01";"1";"1";"0";"9";"4";"1";"5";""
"202400013678";"155757674";"A01";"1";"7";"0";"2";"3";"15";"1";""
"202400013678";"155757676";"B01";"2";"1";"0";"2";"3";"1";"5";""
"202400013679";"155757675";"A01";"1";"7";"1";"2";"1";"9";"1";""
"202400013679";"155757677";"B01";"3";"7";"0";"2";"4";"24";"1";""
"202400013679";"155757678";"C01";"2";"7";"0";"2";"1";"1";"1";""
"202400013679";"155757679";"D01";"2";"10";"0";"2";"1";"1";"1";""
"202400013680";"155757672";"A01";"1";"50";"1";"0";"2";"1";"3";""
"202400013680";"155757673";"B01";"1";"7";"0";"9";"8";"22";"2";""
"202400013681";"155757671";"A01";"1";"10";"1";"1";"2";"1";"1";""
"202400013682";"155757668";"A01";"1";"7";"0";"2";"2";"16";"2";""
"202400013682";"155757670";"B01";"1";"50";"0";"2";"1";"1";"3";""
"202400013683";"155757669";"A01";"1";"7";"11";"0";"3";"1";"1";""
"202400013684";"155757665";"B01";"1";"1";"1";"2";"1";"2";"5";""
"202400013684";"155757667";"A01";"2";"7";"1";"2";"1";"15";"2";""
"202400013685";"155757664";"A01";"1";"7";"0";"2";"5";"22";"2";""
"202400013685";"155757666";"B01";"1";"1";"0";"2";"0";"1";"5";""
"202400013686";"155757663";"Z01";"2";"7";"0";"1";"1";"1";"2";""
"202400013687";"155757662";"A01";"2";"80";"0";"1";"1";"5";"3";""
"202400013688";"155757660";"C01";"1";"7";"0";"2";"0";"10";" -1";""
"202400013688";"155757661";"B01";"1";"43";"0";"2";"8";"1";"1";""
"202400013689";"155757658";"B01";"1";"10";"0";"2";"8";"2";"0";""
"202400013689";"155757659";"A01";"1";"30";"0";"2";"7";"2";"3";""
"202400013690";"155757657";"A01";"3";"7";"9";"0";"1";"1";"1";""
"202400013691";"155757656";"A01";"2";"1";"0";"9";"0";"1";"5";""
"202400013692";"155757654";"A01";"1";"37";"0";"2";"2";"16";"2";"1"
"202400013692";"155757655";"B01";"1";"1";"0";"0";"0";"0";"5";""
"202400013693";"155757653";"A01";"2";"7";"0";"1";"1";"1";"1";""
"202400013694";"155757651";"A01";"1";"7";"0";"2";"4";"9";"1";""
"202400013694";"155757652";"B01";"1";"7";"0";"2";"0";"1";"1";""
"202400013695";"155757650";"Z01";"1";"10";"0";"1";"1";"15";"3";""
"202400013696";"155757648";"A01";"1";"7";"0";"2";"2";"12";"1";""
"202400013696";"155757649";"B01";"1";"7";"0";"2";"0";"0";"2";""
"202400013697";"155757644";"A01";"1";"7";"0";"2";"2";"15";"2";""
"202400013697";"155757646";"B01";"2";"1";"0";"0";"0";"0";"5";""
"202400013698";"155757645";"A01";"2";"7";"0";"2";"3";"1";"1";""
"202400013698";"155757647";"B01";"2";"7";"0";"2";"4";"1";"1";""
"202400013699";"155757643";"A01";"3";"32";"0";"0";"1";"1";"1";""
"202400013700";"155757642";"A01";"3";"7";"0";"1";"1";"20";"1";""
"202400013701";"155757641";"A01";"1";"10";"2";"0";"1";"1";"1";""
"202400013702";"155757640";"A01";"1";"30";"0";"0";"0";"1";"1";""
"202400013703";"155757635";"A01";"1";"7";"12";"2";"3";"23";"1";""
"202400013703";"155757636";"B01";"1";"2";"12";"2";"1";"2";"1";""
"202400013704";"155757634";"A01";"2";"30";"12";"1";"1";"1";"1";""
"202400013705";"155757633";"A01";"1";"33";"13";"0";"3";"14";"1";""
"202400013706";"155757631";"B01";"1";"31";"0";"2";"1";"1";"1";""
"202400013706";"155757632";"A01";"1";"7";"0";"2";"3";"19";"2";""
"202400013707";"155757629";"A01";"1";"2";"0";"2";"2";"12";"1";""
"202400013707";"155757630";"B01";"1";"7";"0";"2";"8";"14";"1";""
"202400013708";"155757625";"A01";"2";"7";"0";"2";"1";"1";"1";""
"202400013708";"155757627";"B01";"1";"7";"0";"2";"3";"16";"1";""
"202400013709";"155757626";"A01";"3";"7";"0";"2";"2";"16";"1";""
"202400013709";"155757628";"B01";"3";"1";"0";"2";"8";"19";"5";""
"202400013710";"155757622";"A01";"2";"7";"0";"2";"5";"1";"1";""
"202400013710";"155757624";"B01";"1";"7";"0";"2";"1";"15";"1";""
"202400013711";"155757621";"B01";"3";"10";"0";"2";"2";"1";"1";""
"202400013711";"155757623";"A01";"3";"7";"3";"2";"3";"1";"2";""
"202400013712";"155757620";"A01";"1";"7";"13";"0";"2";"1";"1";""
"202400013713";"155757615";"D01";"3";"10";"14";"0";"2";"1";"0";""
"202400013713";"155757616";"A01";"3";"7";"0";"2";"7";"11";"0";""
"202400013713";"155757618";"B01";"3";"7";"0";"2";"3";"1";"2";""
"202400013713";"155757619";"C01";"3";"37";"0";"2";"5";"23";"3";"1"
"202400013714";"155757614";"B01";"0";"7";"0";"2";"3";"1";"1";""
"202400013714";"155757617";"A01";"0";"7";"0";"2";"3";"13";"1";""
"202400013715";"155757612";"A01";"0";"34";"0";"0";"7";"1";"1";""
"202400013716";"155757613";"A01";"1";"7";"1";"0";"2";"1";"1";""
"202400013717";"155757608";"A01";"2";"7";"0";"2";"7";"17";"1";""
"202400013717";"155757610";"B01";"2";"7";"0";"2";"6";"1";"1";""
"202400013718";"155757609";"B01";"0";"7";"0";"2";"5";"14";"1";""
"202400013718";"155757611";"A01";"3";"30";"0";"2";"1";"1";"1";""
"202400013719";"155757605";"A01";"1";"7";"0";"2";"1";"1";"1";""
"202400013719";"155757607";"B01";"2";"15";"0";"2";"2";"1";"1";""
"202400013720";"155757603";"A01";"1";"7";"0";"2";"3";"15";"2";""
"202400013720";"155757606";"B01";"1";"1";"17";"2";"1";"1";"5";""
"202400013721";"155757602";"A01";"1";"7";"5";"0";"3";"12";"1";""
"202400013721";"155757604";"B01";"1";"7";"5";"0";"8";"1";"1";""
"202400013722";"155757600";"B01";"3";"21";"0";"2";"1";"1";"1";""
"202400013722";"155757601";"A01";"3";"7";"0";"2";"1";"1";"1";""
"202400013723";"155757597";"A01";"3";"30";"0";"2";"4";"2";"1";""
"202400013724";"155757595";"A01";"1";"7";"15";"0";"9";"1";"1";""
"202400013725";"155757594";"B01";"2";"7";"0";"2";"3";"23";"0";""
"202400013725";"155757596";"A01";"2";"7";"0";"2";"2";"21";"1";""
"202400013725";"155757598";"C01";"2";"7";"0";"2";"4";"23";"1";""
"202400013725";"155757599";"D01";"2";"7";"0";"2";"4";"23";"1";""
"202400013726";"155757592";"B01";"3";"37";"0";"1";"1";"2";"1";"1"
"202400013727";"155757590";"A01";"1";"7";"0";"2";"2";"1";"2";""
"202400013727";"155757593";"B01";"1";"7";"0";"2";"3";"1";"3";""
"202400013728";"155757589";"A01";"1";"33";"0";"2";"7";"15";"1";""
"202400013728";"155757591";"B01";"2";"7";"0";"2";"1";"1";"1";""
"202400013729";"155757587";"A01";"3";"10";"0";"1";"7";"1";"1";""
"202400013730";"155757585";"A01";"1";"7";"13";"0";"1";"1";"1";""
"202400013731";"155757586";"A01";"2";"33";"0";"2";"1";"17";"1";""
"202400013731";"155757588";"B01";"2";"7";"0";"2";"6";"15";"2";""
"202400013732";"155757584";"A01";"1";"7";"8";"2";"0";"0";"1";""
"202400013733";"155757582";"A01";"3";"7";"1";"1";"0";"1";"3";""
"202400013734";"155757581";"A01";"2";"7";"0";"2";"4";"1";"1";""
"202400013734";"155757583";"B01";"2";"7";"0";"2";"1";"1";"1";""
"202400013735";"155757579";"A01";"1";"7";"9";"0";"1";"1";"1";""
"202400013736";"155757578";"A01";"2";"31";"13";"0";"1";"14";"1";""
"202400013737";"155757577";"B01";"3";"50";"0";"2";"7";"6";"3";""
"202400013737";"155757580";"A01";"1";"7";"0";"9";"1";"1";"1";""
"202400013738";"155757575";"A01";"2";"7";"10";"0";"1";"1";"1";""
"202400013739";"155757574";"A01";"2";"1";"0";"1";"1";"1";"5";""
"202400013740";"155757573";"A01";"2";"7";"1";"2";"2";"16";"0";""
"202400013740";"155757576";"B01";"2";"1";"1";"0";"3";"1";"5";""
"202400013741";"155757571";"A01";"0";"7";"0";"1";"1";"9";"3";""
"202400013742";"155757570";"A01";"1";"7";"0";"2";"2";"1";"1";""
"202400013742";"155757572";"B01";"1";"2";"0";"2";"3";"16";"1";""
"202400013743";"155757569";"A01";"2";"7";"0";"1";"3";"15";"1";""
"202400013744";"155757565";"A01";"3";"7";"0";"2";"7";"19";"1";""
"202400013744";"155757567";"B01";"2";"7";"0";"2";"1";"1";"1";""
"202400013745";"155757566";"A01";"3";"10";"0";"2";"0";"0";"1";""
"202400013746";"155757564";"A01";"2";"14";"0";"2";"3";"1";"1";""
"202400013746";"155757568";"B01";"1";"7";"0";"2";"3";"16";"1";""
"202400013747";"155757563";"A01";"1";"1";"0";"1";"1";"1";"5";""
"202400013748";"155757560";"B01";"1";"7";"0";"2";"3";"1";"1";""
"202400013748";"155757562";"A01";"2";"7";"0";"2";"3";"13";"1";""
"202400013749";"155757559";"A01";"1";"7";"0";"2";"3";"13";"1";""
"202400013749";"155757561";"B01";"2";"31";"0";"2";"1";"1";"3";""
"202400013750";"155757558";"A01";"1";"30";"0";"0";"0";"0";"1";""
"202400013751";"155757556";"A01";"2";"31";"0";"2";"3";"0";"1";""
"202400013751";"155757557";"B01";"1";"7";"0";"0";"3";"1";"1";""
"202400013752";"155757555";"A01";"2";"7";"0";"1";"1";"1";"1";""
"202400013753";"155757553";"B01";"3";"33";"0";"2";"3";"1";"1";""
"202400013753";"155757554";"Z01";"3";"7";"0";"2";"2";"1";"0";""
"202400013754";"155757552";"A01";"1";"10";"9";"0";"1";"1";"1";""
"202400013755";"155757549";"A01";"3";"7";"2";"0";"1";"1";"1";""
"202400013756";"155757550";"A01";"1";"30";"0";"2";"6";"2";"1";""
"202400013756";"155757551";"B01";"1";"7";"0";"2";"6";"2";"3";""
"202400013757";"155757547";"A01";"1";"7";"0";"2";"3";"1";"1";""
"202400013757";"155757548";"B01";"2";"7";"0";"2";"3";"1";"1";""
"202400013758";"155757545";"A01";"2";"7";"0";"2";"1";"9";"1";""
"202400013758";"155757546";"B01";"1";"2";"0";"2";"7";"1";"1";""
"202400013759";"155757544";"A01";"1";"7";"0";"1";"4";"4";"0";""
"202400013760";"155757542";"A01";"1";"2";"0";"2";"3";"1";"1";""
"202400013760";"155757543";"B01";"2";"7";"0";"2";"3";"1";"1";""
"202400013761";"155757540";"A01";"1";"32";"0";"0";"7";"1";"1";""
"202400013762";"155757539";"A01";"3";"10";"0";"2";"3";"9";"1";""
"202400013762";"155757541";"B01";"2";"31";"0";"2";"3";"9";"1";""
"202400013763";"155757536";"A01";"2";"10";"13";"0";"3";"1";"1";""
"202400013764";"155757535";"A01";"1";"7";"0";"1";"2";"26";"3";""
"202400013765";"155757532";"A01";"2";"7";"0";"2";"8";"19";"1";""
"202400013765";"155757534";"B01";"1";"33";"0";"2";"1";"1";"1";""
"202400013766";"155757529";"B01";"1";"7";"0";"0";"3";"2";"0";""
"202400013766";"155757531";"C01";"1";"7";"0";"0";"3";"23";"0";""
"202400013766";"155757533";"A01";"1";"7";"0";"2";"3";"15";"1";""
"202400013767";"155757528";"B01";"1";"50";"0";"2";"4";"1";"3";""
"202400013767";"155757530";"Z01";"1";"7";"0";"2";"0";"0";"0";""
"202400013768";"155757527";"A01";"2";"10";"2";"0";"7";"1";"1";""
"202400013769";"155757524";"A01";"1";"33";"0";"2";"5";"2";"1";""
"202400013769";"155757526";"B01";"1";"33";"0";"2";"0";"2";"0";""
"202400013770";"155757522";"A01";"2";"33";"0";"2";"1";"1";"1";""
"202400013770";"155757523";"B01";"1";"7";"0";"2";"1";"15";"1";""
"202400013771";"155757520";"A01";"1";"33";"0";"0";"0";"1";"0";""
"202400013772";"155757521";"A01";"1";"2";"0";"0";"4";"1";"3";""
"202400013772";"155757525";"B01";"1";"7";"0";"2";"1";"1";"1";""
"202400013773";"155757516";"A01";"1";"7";"0";"2";"3";"9";"1";""
"202400013773";"155757519";"B01";"1";"33";"0";"2";"1";"1";"1";""
"202400013774";"155757517";"A01";"2";"7";"0";"2";"2";"2";"1";""
"202400013774";"155757518";"B01";"2";"1";"0";"0";"4";"2";"5";""
"202400013775";"155757515";"A01";"2";"7";"6";"0";"1";"0";"1";""
"202400013776";"155757514";"A01";"2";"33";"0";"0";"7";"0";"1";""
"202400013777";"155757513";"A01";"1";"31";"5";"0";"0";"14";"1";""
"202400013778";"155757512";"A01";"1";"43";"4";"1";"1";"1";"1";""
"202400013779";"155757511";"A01";"2";"7";"17";"0";"1";"12";"1";""
"202400013780";"155757506";"B01";"1";"7";"0";"2";"8";"11";"1";""
"202400013780";"155757509";"C01";"1";"7";"3";"2";"3";"1";"1";""
"202400013780";"155757510";"A01";"1";"7";"0";"2";"7";"1";"1";""