"Num_Acc";"id_vehicule";"num_veh";"senc";"catv";"obs";"obsm";"choc";"manv";"motor";"occutc"
"202400013781";"155757504";"A01";"1";"7";"0";"0";"1";"13";"1";""
"202400013781";"155757507";"B01";"2";"7";"0";"0";"1";"1";"1";""
"202400013782";"155757503";"B01";"1";"7";"0";"2";"4";"2";"1";""
"202400013782";"155757505";"C01";"1";"7";"0";"0";"4";"2";"1";""
"202400013782";"155757508";"A01";"1";"7";"0";"2";"1";"2";"2";""
"202400013783";"155757500";"A01";"1";"7";"0";"2";"1";"26";"1";""
"202400013783";"155757501";"B01";"2";"7";"0";"2";"1";"1";"3";""
"202400013784";"155757499";"A01";"1";"7";"0";"2";"3";"1";"1";""
"202400013784";"155757502";"B01";"1";"2";"0";"2";"7";"19";"1";""
"202400013785";"155757496";"A01";"2";"7";"0";"2";"2";"2";"1";""
"202400013785";"155757498";"B01";"2";"10";"0";"0";"6";"1";"1";""
"202400013786";"155757495";"B01";"2";"7";"0";"2";"1";"1";"2";""
"202400013786";"155757497";"A01";"1";"7";"0";"2";"1";"11";"1";""
"202400013787";"155757492";"A01";"1";"7";"0";"2";"1";"2";"1";""
"202400013787";"155757494";"B01";"1";"7";"13";"2";"6";"1";"1";""
"202400013788";"155757490";"A01";"1";"10";"0";"2";"1";"6";"1";""
"202400013788";"155757491";"B01";"2";"7";"0";"2";"1";"1";"2";""
"202400013789";"155757487";"A01";"1";"10";"0";"2";"1";"0";"1";""
"202400013789";"155757489";"B01";"2";"17";"0";"2";"3";"1";"1";""
"202400013790";"155757486";"A01";"1";"2";"0";"2";"1";"1";"1";""
"202400013790";"155757488";"B01";"1";"10";"0";"0";"6";"6";"1";""
"202400013791";"155757484";"A01";"1";"7";"0";"2";"3";"9";"1";""
"202400013791";"155757485";"B01";"1";"1";"0";"2";"8";"12";"5";""
"202400013792";"155757483";"A01";"2";"7";"3";"0";"1";"2";"1";""
"202400013793";"155757480";"A01";"2";"7";"0";"0";"2";"0";"1";""
"202400013794";"155757479";"B01";"2";"7";"0";"2";"3";"20";"3";""
"202400013794";"155757481";"A01";"2";"7";"0";"2";"5";"1";"1";""
"202400013795";"155757478";"A01";"1";"10";"0";"2";"2";"0";"1";""
"202400013795";"155757482";"B01";"2";"7";"0";"2";"3";"5";"1";""
"202400013796";"155757475";"A01";"1";"7";"0";"2";"1";"1";"1";""
"202400013796";"155757477";"B01";"1";"7";"0";"2";"8";"9";"1";""
"202400013797";"155757474";"A01";"1";"7";"9";"0";"7";"13";"1";""
"202400013798";"155757473";"B01";"3";"31";"0";"2";"8";"15";"0";""
"202400013798";"155757476";"A01";"3";"7";"0";"2";"1";"15";"1";""
"202400013799";"155757472";"A01";"0";"1";"0";"1";"1";"1";"5";""
"202400013800";"155757468";"B01";"1";"7";"0";"2";"1";"2";"1";""
"202400013800";"155757471";"A01";"2";"7";"0";"2";"1";"5";"1";""
"202400013801";"155757466";"A01";"2";"7";"0";"2";"3";"0";"1";""
"202400013801";"155757469";"B01";"1";"7";"0";"2";"3";"0";"1";""
"202400013802";"155757467";"A01";"1";"10";"0";"2";"1";"1";"1";""
"202400013802";"155757470";"B01";"1";"7";"0";"0";"4";"1";"1";""
"202400013803";"155757464";"A01";"1";"10";"7";"0";"3";"1";"1";""
"202400013804";"155757462";"A01";"2";"7";"13";"2";"3";"15";"1";""
"202400013804";"155757465";"B01";"1";"7";"13";"2";"1";"1";"1";""
"202400013805";"155757461";"A01";"1";"33";"0";"2";"8";"0";"1";""
"202400013805";"155757463";"B01";"2";"7";"0";"2";"8";"0";"1";""
"202400013806";"155757459";"B01";"1";"7";"0";"0";"1";"1";"1";""
"202400013806";"155757460";"A01";"2";"1";"0";"2";"1";"13";"5";""
"202400013807";"155757457";"A01";"1";"7";"2";"0";"1";"1";"1";""
"202400013808";"155757456";"A01";"1";"7";"0";"2";"3";"11";"1";""
"202400013808";"155757458";"B01";"1";"2";"0";"2";"1";"17";"1";""
"202400013809";"155757455";"A01";"1";"7";"2";"0";"7";"1";"1";""
"202400013810";"155757452";"B01";"1";"7";"0";"2";"1";"1";"1";""
"202400013810";"155757454";"A01";"1";"7";"0";"2";"3";"19";"1";""
"202400013811";"155757450";"A01";"1";"7";"0";"0";"1";"1";"1";""
"202400013811";"155757453";"B01";"2";"10";"0";"0";"3";"13";"1";""
"202400013812";"155757449";"B01";"1";"2";"0";"2";"2";"1";"1";""
"202400013812";"155757451";"A01";"2";"7";"0";"2";"1";"15";"1";""
"202400013813";"155757448";"A01";"1";"1";"0";"0";"0";"0";"5";""
"202400013814";"155757446";"B01";"2";"17";"4";"0";"8";"21";"1";""
"202400013814";"155757447";"A01";"2";"17";"6";"0";"2";"1";"1";""
"202400013815";"155757443";"B01";"2";"50";"0";"2";"4";"2";"3";""
"202400013815";"155757444";"A01";"2";"7";"0";"2";"2";"2";"0";""
"202400013816";"155757440";"A01";"2";"7";"11";"2";"3";"6";"1";""
"202400013816";"155757441";"B01";"1";"7";"0";"2";"3";"1";"1";""
"202400013816";"155757445";"C01";"1";"7";"0";"2";"1";"1";"1";""
"202400013817";"155757439";"A01";"2";"7";"0";"0";"2";"14";"1";""
"202400013817";"155757442";"B01";"2";"7";"0";"0";"6";"1";"1";""
"202400013818";"155757438";"A01";"3";"7";"13";"0";"1";"1";"1";""
"202400013819";"155757434";"A01";"1";"7";"0";"2";"1";"13";"1";""
"202400013819";"155757436";"B01";"2";"7";"8";"2";"1";"1";"1";""
"202400013820";"155757433";"A01";"1";"7";"17";"0";"2";"14";"1";""
"202400013821";"155757435";"A01";"1";"7";"0";"2";"4";"9";"1";""
"202400013821";"155757437";"B01";"1";"2";"0";"2";"1";"1";"1";""
"202400013822";"155757431";"A01";"2";"7";"0";"1";"8";"15";"1";""
"202400013823";"155757429";"A01";"1";"7";"0";"2";"3";"0";"1";""
"202400013823";"155757432";"B01";"2";"7";"0";"2";"1";"0";"1";""
"202400013824";"155757428";"A01";"2";"33";"0";"2";"1";"15";"1";""
"202400013824";"155757430";"B01";"1";"7";"0";"2";"1";"1";"1";""
"202400013825";"155757425";"A01";"3";"7";"0";"2";"2";"9";"1";""
"202400013825";"155757427";"B01";"1";"7";"0";"2";"2";"2";"1";""
"202400013826";"155757424";"A01";"1";"7";"7";"0";"1";"1";"1";""
"202400013827";"155757423";"B01";"1";"80";"0";"2";"8";"1";"3";""
"202400013827";"155757426";"A01";"1";"7";"0";"2";"7";"17";"1";""
"202400013828";"155757422";"A01";"2";"43";"3";"0";"1";"2";"1";""
"202400013829";"155757421";"A01";"3";"7";"13";"0";"3";"0";"1";""
"202400013830";"155757418";"A01";"3";"7";"0";"0";"4";"1";"1";""
"202400013830";"155757420";"B01";"3";"7";"0";"2";"1";"1";"1";""
"202400013831";"155757416";"A01";"0";"7";"0";"2";"1";"13";"1";""
"202400013831";"155757419";"B01";"0";"7";"0";"2";"1";"0";"1";""
"202400013832";"155757415";"A01";"2";"15";"3";"0";"1";"1";"1";""
"202400013833";"155757414";"B01";"3";"7";"0";"2";"3";"15";"1";""
"202400013833";"155757417";"A01";"1";"13";"0";"2";"3";"1";"1";""
"202400013834";"155757412";"A01";"1";"7";"0";"2";"2";"2";"1";""
"202400013834";"155757413";"B01";"1";"7";"0";"0";"4";"16";"1";""
"202400013835";"155757411";"A01";"2";"7";"0";"0";"0";"19";"1";""
"202400013836";"155757409";"A01";"2";"7";"6";"2";"8";"1";"1";""
"202400013836";"155757410";"B01";"2";"7";"0";"2";"7";"12";"1";""
"202400013837";"155757408";"A01";"3";"10";"0";"1";"2";"0";"1";""
"202400013838";"155757407";"A01";"1";"10";"1";"1";"2";"0";"1";""
"202400013839";"155757405";"A01";"2";"7";"4";"0";"9";"1";"1";""
"202400013840";"155757403";"A01";"1";"10";"2";"0";"1";"1";"1";""
"202400013841";"155757404";"A01";"1";"7";"0";"2";"4";"2";"1";""
"202400013841";"155757406";"B01";"1";"7";"0";"2";"1";"2";"1";""
"202400013842";"155757397";"A01";"1";"7";"0";"2";"1";"5";"1";""
"202400013842";"155757400";"B01";"2";"7";"0";"2";"1";"1";"1";""
"202400013843";"155757396";"A01";"2";"7";"0";"2";"4";"23";"1";""
"202400013843";"155757399";"B01";"2";"7";"0";"2";"4";"23";"1";""
"202400013843";"155757401";"C01";"2";"7";"0";"2";"1";"2";"1";""
"202400013844";"155757394";"A01";"1";"7";"0";"2";"5";"2";"1";""
"202400013844";"155757395";"B01";"1";"7";"1";"0";"1";"12";"2";""
"202400013844";"155757398";"C01";"1";"15";"0";"2";"8";"21";"1";""
"202400013844";"155757402";"D01";"1";"7";"1";"2";"1";"21";"2";""
"202400013845";"155757393";"A01";"1";"7";"13";"5";"1";"1";"1";""
"202400013846";"155757391";"A01";"1";"7";"0";"2";"1";"2";"1";""
"202400013846";"155757392";"B01";"1";"7";"0";"2";"4";"1";"1";""
"202400013847";"155757387";"A01";"2";"10";"7";"2";"1";"1";"1";""
"202400013847";"155757389";"B01";"2";"7";"7";"2";"3";"1";"1";""
"202400013848";"155757385";"A01";"1";"7";"0";"2";"6";"1";"1";""
"202400013848";"155757388";"Z01";"1";"7";"0";"2";"1";"26";"0";""
"202400013849";"155757386";"A01";"1";"33";"2";"2";"1";"12";"1";""
"202400013849";"155757390";"B01";"1";"7";"0";"2";"6";"11";"1";""
"202400013850";"155757384";"A01";"1";"7";"8";"0";"1";"14";"1";""
"202400013851";"155757381";"A01";"3";"7";"0";"2";"3";"0";"1";""
"202400013851";"155757383";"B01";"3";"33";"0";"2";"7";"1";"1";""
"202400013852";"155757378";"A01";"1";"10";"4";"2";"4";"2";"1";""
"202400013852";"155757380";"B01";"1";"33";"4";"2";"1";"3";"1";""
"202400013853";"155757379";"A01";"0";"7";"14";"0";"1";"1";"1";""
"202400013853";"155757382";"B01";"3";"7";"0";"0";"4";"1";"3";""
"202400013854";"155757377";"A01";"1";"33";"13";"0";"0";"1";"1";""
"202400013855";"155757376";"A01";"2";"33";"0";"0";"0";"3";"1";""
"202400013856";"155757375";"A01";"2";"2";"0";"0";"0";"2";"1";""
"202400013857";"155757373";"A01";"2";"15";"0";"1";"0";"0";"1";""
"202400013858";"155757370";"B01";"1";"17";"0";"2";"2";"1";"1";""
"202400013858";"155757371";"C01";"1";"33";"0";"2";"1";"17";"1";""
"202400013858";"155757374";"A01";"1";"7";"3";"2";"6";"9";"1";""
"202400013859";"155757369";"A01";"2";"7";"4";"0";"1";"0";"1";""
"202400013860";"155757368";"B01";"1";"7";"10";"0";"4";"13";"1";""
"202400013860";"155757372";"A01";"1";"10";"1";"0";"1";"13";"1";""
"202400013861";"155757365";"A01";"1";"33";"0";"2";"7";"3";"1";""
"202400013861";"155757366";"B01";"1";"7";"0";"2";"8";"2";"1";""
"202400013862";"155757363";"A01";"1";"7";"0";"2";"1";"14";"1";""
"202400013862";"155757367";"B01";"1";"15";"0";"2";"4";"1";"1";""
"202400013863";"155757362";"A01";"3";"7";"0";"9";"2";"21";"1";""
"202400013863";"155757364";"B01";"3";"1";"0";"2";"3";"15";"5";""
"202400013864";"155757357";"B01";"1";"16";"0";"0";"8";"24";"1";""
"202400013864";"155757358";"C01";"1";"15";"1";"9";"8";"24";"1";""
"202400013864";"155757359";"A01";"1";"7";"1";"0";"2";"14";"1";""
"202400013865";"155757360";"B01";"1";"7";"0";"2";"3";"24";"1";""
"202400013865";"155757361";"A01";"1";"7";"1";"0";"2";"14";"1";""
"202400013866";"155757355";"A01";"1";"33";"3";"0";"2";"0";"1";""
"202400013867";"155757352";"A01";"1";"10";"0";"0";"2";"2";"6";""
"202400013867";"155757354";"B01";"1";"30";"0";"0";"4";"13";"1";""
"202400013868";"155757348";"C01";"1";"7";"0";"2";"1";"1";"1";""
"202400013868";"155757349";"E01";"1";"7";"0";"2";"1";"1";"3";""
"202400013868";"155757350";"D01";"1";"7";"0";"2";"2";"26";"1";""
"202400013868";"155757353";"A01";"1";"7";"0";"2";"4";"2";"1";""
"202400013868";"155757356";"B01";"1";"7";"0";"2";"1";"2";"1";""
"202400013869";"155757346";"B01";"0";"2";"0";"2";"1";"5";"1";""
"202400013869";"155757351";"A01";"0";"7";"0";"2";"1";"1";"1";""
"202400013870";"155757345";"B01";"2";"33";"0";"2";"1";"1";"1";""
"202400013870";"155757347";"A01";"2";"7";"0";"2";"3";"15";"1";""
"202400013871";"155757344";"A01";"2";"7";"0";"1";"1";"1";"1";""
"202400013872";"155757341";"A01";"3";"1";"0";"9";"1";"1";"5";""
"202400013872";"155757342";"B01";"3";"1";"0";"9";"1";"1";"5";""
"202400013873";"155757340";"B01";"1";"7";"0";"2";"1";"26";"1";""
"202400013873";"155757343";"A01";"1";"1";"0";"2";"8";"25";"5";""
"202400013874";"155757339";"A01";"0";"7";"0";"1";"3";"16";"1";""
"202400013875";"155757338";"A01";"1";"7";"13";"0";"9";"1";"1";""
"202400013876";"155757337";"A01";"0";"7";"1";"1";"3";"15";"1";""
"202400013877";"155757335";"A01";"3";"7";"0";"1";"1";"1";"1";""
"202400013878";"155757336";"A01";"0";"17";"0";"1";"0";"16";"1";""
"202400013879";"155757333";"A01";"1";"31";"12";"2";"1";"14";"1";""
"202400013879";"155757334";"B01";"1";"10";"0";"0";"8";"23";"1";""
"202400013880";"155757332";"A01";"3";"80";"0";"1";"1";"1";"3";""
"202400013881";"155757331";"A01";"1";"10";"6";"0";"1";"6";"1";""
"202400013882";"155757330";"A01";"1";"31";"0";"0";"0";"1";"1";""
"202400013883";"155757327";"A01";"1";"7";"0";"2";"3";"15";"1";""
"202400013883";"155757329";"B01";"2";"1";"0";"2";"1";"1";"5";""
"202400013884";"155757325";"A01";"1";"7";"8";"0";"1";"2";"1";""
"202400013885";"155757324";"B01";"1";"7";"0";"2";"7";"1";"1";""
"202400013885";"155757328";"A01";"2";"7";"0";"2";"1";"1";"1";""
"202400013886";"155757323";"A01";"2";"7";"0";"6";"3";"1";"1";""
"202400013886";"155757326";"B01";"1";"7";"0";"6";"1";"1";"1";""
"202400013887";"155757320";"B01";"2";"33";"0";"2";"1";"2";"1";""
"202400013887";"155757321";"A01";"2";"33";"0";"2";"4";"1";"1";""
"202400013888";"155757317";"D01";"2";"7";"0";"2";"0";"0";"1";""
"202400013888";"155757318";"A01";"2";"7";"1";"0";"3";"6";"1";""
"202400013889";"155757319";"A01";"1";"7";"6";"0";"2";"2";"1";""
"202400013890";"155757312";"A01";"3";"30";"0";"2";"8";"13";"1";""
"202400013890";"155757315";"B01";"3";"10";"0";"2";"6";"0";"1";""
"202400013891";"155757314";"A01";"2";"7";"0";"2";"1";"15";"1";""
"202400013891";"155757316";"B01";"1";"7";"0";"2";"1";"1";"1";""
"202400013892";"155757309";"B01";"3";"7";"0";"2";"6";"15";"1";""
"202400013892";"155757310";"A01";"3";"33";"0";"2";"1";"13";"1";""
"202400013893";"155757306";"A01";"1";"7";"0";"2";"1";"13";"1";""
"202400013893";"155757307";"B01";"1";"7";"0";"2";"1";"1";"1";""
"202400013894";"155757308";"B01";"1";"7";"0";"2";"4";"2";"1";""
"202400013894";"155757311";"C01";"1";"7";"0";"2";"1";"2";"1";""
"202400013894";"155757313";"A01";"1";"7";"0";"2";"4";"9";"1";""
"202400013895";"155757302";"A01";"3";"7";"0";"2";"8";"24";"3";""
"202400013895";"155757304";"B01";"3";"1";"0";"2";"1";"1";"5";""
"202400013896";"155757303";"A01";"1";"7";"0";"2";"2";"19";"2";""
"202400013896";"155757305";"B01";"2";"43";"0";"2";"5";"15";"1";""
"202400013897";"155757298";"A01";"3";"7";"0";"2";"1";"1";"0";""
"202400013897";"155757300";"B01";"3";"1";"0";"2";"0";"19";"5";""
"202400013898";"155757299";"B01";"2";"7";"0";"2";"1";"2";"1";""
"202400013898";"155757301";"A01";"2";"10";"0";"2";"4";"1";"1";""
"202400013899";"155757296";"B01";"1";"17";"0";"0";"0";"1";"0";""
"202400013899";"155757297";"A01";"1";"7";"15";"0";"4";"1";"1";""
"202400013900";"155757289";"A01";"2";"7";"0";"2";"1";"2";"1";""
"202400013900";"155757292";"B01";"2";"7";"0";"2";"4";"0";"1";""
"202400013900";"155757294";"C01";"2";"7";"0";"2";"4";"1";"1";""
"202400013901";"155757290";"B01";"2";"7";"0";"2";"2";"0";"1";""
"202400013901";"155757295";"A01";"1";"7";"0";"2";"7";"16";"1";""
"202400013902";"155757288";"C01";"2";"7";"0";"2";"1";"2";"1";""
"202400013902";"155757291";"A01";"2";"7";"0";"2";"4";"2";"1";""
"202400013902";"155757293";"B01";"2";"7";"0";"2";"4";"2";"1";""
"202400013903";"155757285";"A01";"2";"30";"0";"0";"0";"14";"1";""
"202400013904";"155757284";"A01";"2";"7";"0";"2";"1";"1";"1";""
"202400013904";"155757286";"B01";"2";"7";"0";"2";"4";"2";"1";""
"202400013904";"155757287";"C01";"2";"7";"0";"2";"4";"0";"1";""
"202400013905";"155757282";"A01";"1";"7";"0";"2";"1";"12";"1";""
"202400013905";"155757283";"B01";"1";"10";"0";"2";"4";"12";"1";""
"202400013906";"155757280";"A01";"1";"37";"0";"1";"0";"2";"0";"1"
"202400013907";"155757278";"B01";"1";"10";"0";"2";"9";"23";"1";""
"202400013907";"155757279";"A01";"1";"7";"0";"2";"1";"0";"1";""
"202400013907";"155757281";"C01";"1";"7";"0";"2";"4";"23";"1";""
"202400013908";"155757272";"A01";"2";"33";"0";"2";"1";"21";"1";""
"202400013908";"155757275";"B01";"2";"7";"0";"2";"4";"1";"1";""
"202400013909";"155757273";"T01";"2";"7";"0";"0";"0";"0";"1";""
"202400013909";"155757276";"B01";"2";"33";"0";"2";"4";"2";"1";""
"202400013909";"155757277";"A01";"2";"33";"0";"2";"1";"2";"1";""
"202400013910";"155757271";"A01";"1";"7";"0";"2";"3";"15";"0";""
"202400013910";"155757274";"B01";"1";"2";"0";"2";"5";"1";"1";""
"202400013911";"155757269";"B01";"1";"33";"0";"2";"8";"3";"1";""
"202400013911";"155757270";"A01";"1";"7";"0";"2";"7";"12";"1";""
"202400013912";"155757267";"A01";"1";"14";"0";"2";"1";"14";"1";""
"202400013912";"155757268";"B01";"1";"14";"0";"2";"4";"24";"0";""
"202400013913";"155757266";"B01";"3";"7";"0";"1";"3";"1";"1";""
"202400013914";"155757264";"A01";"2";"7";"0";"2";"6";"9";"1";""
"202400013914";"155757265";"B01";"2";"7";"0";"2";"2";"1";"1";""
"202400013915";"155757259";"B01";"1";"15";"0";"2";"6";"24";"1";""
"202400013915";"155757260";"A01";"1";"7";"1";"0";"2";"1";"1";""
"202400013916";"155757257";"A01";"1";"7";"0";"2";"1";"12";"1";""
"202400013916";"155757262";"B01";"1";"7";"0";"2";"5";"1";"2";""
"202400013917";"155757255";"A01";"0";"10";"0";"1";"1";"1";"1";""
"202400013918";"155757254";"E01";"1";"15";"0";"2";"8";"1";"1";""
"202400013918";"155757256";"C01";"1";"10";"0";"2";"5";"1";"1";""
"202400013918";"155757258";"D01";"1";"7";"0";"2";"4";"1";"1";""
"202400013918";"155757261";"A01";"1";"15";"0";"2";"1";"1";"1";""
"202400013918";"155757263";"B01";"1";"10";"0";"2";"5";"1";"1";""
"202400013919";"155757252";"A01";"3";"33";"0";"9";"1";"26";"1";""
"202400013919";"155757253";"B01";"3";"33";"0";"9";"1";"0";"1";""
"202400013920";"155757248";"B01";"1";"7";"0";"2";"1";"15";"1";""
"202400013920";"155757251";"A01";"1";"33";"0";"2";"8";"1";"1";""
"202400013921";"155757247";"A01";"1";"7";"0";"0";"3";"21";"1";""
"202400013922";"155757245";"A01";"1";"7";"0";"1";"3";"15";"1";""
"202400013923";"155757241";"B01";"3";"7";"0";"2";"9";"1";"1";""
"202400013923";"155757243";"A01";"3";"7";"0";"2";"1";"1";"1";""
"202400013924";"155757242";"A01";"2";"7";"0";"2";"7";"1";" -1";""
"202400013924";"155757244";"B01";"1";"7";"0";"2";"1";"1";" -1";""
"202400013925";"155757239";"A01";"1";"7";"0";"2";"3";"1";"1";""
"202400013925";"155757240";"B01";"1";"2";"0";"2";"3";"1";"1";""
"202400013926";"155757236";"A01";"1";"7";"0";"2";"4";"2";"1";""
"202400013926";"155757238";"B01";"1";"10";"0";"2";"1";"2";"1";""
"202400013927";"155757235";"A01";"3";"33";"0";"2";"1";"1";"1";""
"202400013927";"155757237";"B01";"3";"1";"0";"2";"1";"1";"5";""
"202400013928";"155757234";"A01";"1";"7";"0";"1";"2";"16";"1";""
"202400013929";"155757233";"A01";"3";"7";"0";"1";"1";"1";"1";""
"202400013930";"155757231";"A01";"0";"2";"0";"2";"1";"18";"1";""
"202400013930";"155757232";"B01";"0";"7";"0";"2";"7";"16";"1";""
"202400013931";"155757229";"A01";"1";"32";"0";"0";"7";"17";"1";""
"202400013932";"155757228";"D01";"1";"7";"0";"2";"4";"0";"2";""
"202400013932";"155757230";"A01";"1";"38";"0";"2";"1";"21";"1";"32"
"202400013932";"155757246";"B01";"1";"7";"0";"2";"4";"0";"2";""
"202400013932";"155757249";"C01";"1";"7";"0";"2";"0";"0";"1";""
"202400013932";"155757250";"E01";"1";"7";"0";"2";"0";"0";"2";""
"202400013933";"155757226";"A01";"1";"7";"0";"9";"2";"1";"1";""
"202400013933";"155757227";"B01";"2";"60";"0";"2";"1";"9";"5";""
"202400013934";"155757222";"A01";"1";"43";"0";"2";"0";"17";"1";""
"202400013934";"155757224";"B01";"1";"7";"0";"2";"0";"1";"2";""
"202400013935";"155757221";"Z01";"3";"2";"0";"1";"1";"1";"0";""
"202400013936";"155757217";"A01";"1";"34";"11";"0";"2";"16";"1";""
"202400013937";"155757214";"A01";"1";"32";"8";"0";"3";"13";"1";""
"202400013938";"155757213";"A01";"1";"33";"0";"2";"3";"3";"1";""
"202400013938";"155757215";"B01";"1";"7";"0";"2";"5";"1";"1";""
"202400013939";"155757212";"D01";"2";"10";"0";"2";"1";"2";"1";""
"202400013939";"155757216";"E01";"2";"7";"0";"2";"4";"2";"1";""
"202400013939";"155757219";"A01";"2";"7";"0";"2";"4";"2";"2";""
"202400013939";"155757220";"B01";"2";"7";"0";"2";"0";"2";"1";""
"202400013939";"155757225";"C01";"2";"10";"0";"2";"1";"0";"1";""
"202400013940";"155757210";"A01";"1";"37";"0";"2";"6";"15";"3";"1"
"202400013940";"155757211";"B01";"1";"2";"0";"2";"4";"15";"1";""
"202400013941";"155757208";"B01";"1";"1";"0";"2";"4";"23";"5";""
"202400013941";"155757209";"A01";"1";"7";"1";"0";"2";"26";"1";""
"202400013942";"155757204";"A01";"1";"7";"0";"2";"3";"1";"1";""
"202400013942";"155757206";"B01";"2";"7";"0";"2";"3";"1";"1";""
"202400013943";"155757203";"A01";"1";"33";"0";"2";"8";"12";"1";""
"202400013943";"155757207";"B01";"1";"10";"0";"2";"1";"9";"1";""
"202400013944";"155757201";"A01";"2";"7";"0";"2";"2";"16";"1";""
"202400013944";"155757205";"B01";"1";"50";"0";"2";"1";"19";"3";""
"202400013945";"155757200";"A01";"3";"7";"0";"2";"1";"1";"1";""
"202400013945";"155757202";"B01";"3";"50";"0";"2";"5";"1";"3";""
"202400013946";"155757195";"C01";"1";"7";"0";"2";"1";"1";"1";""
"202400013946";"155757196";"A01";"1";"7";"1";"0";"2";"21";"1";""
"202400013946";"155757199";"B01";"1";"7";"0";"2";"6";"23";"1";""
"202400013947";"155757194";"A01";"2";"7";"0";"2";"5";"2";"1";""
"202400013947";"155757197";"B01";"2";"2";"0";"2";"3";"2";"1";""
"202400013948";"155757191";"B01";"3";"50";"0";"2";"4";"2";"3";""
"202400013948";"155757193";"A01";"3";"10";"0";"2";"1";"2";"0";""
"202400013949";"155757189";"A01";"1";"7";"0";"2";"8";"0";"1";""
"202400013949";"155757192";"B01";"1";"31";"0";"2";"7";"0";"1";""
"202400013950";"155757190";"B01";"2";"7";"0";"2";"2";"20";"1";""
"202400013950";"155757198";"A01";"3";"30";"0";"2";"1";"20";"1";""
"202400013951";"155757186";"A01";"2";"43";"1";"0";"1";"14";"1";""
"202400013952";"155757187";"A01";"1";"30";"0";"2";"1";"17";"1";""
"202400013953";"155757185";"B01";"1";"7";"0";"2";"3";"15";"1";""
"202400013953";"155757188";"A01";"2";"33";"0";"2";"1";"1";"1";""
"202400013954";"155757183";"A01";"1";"7";"4";"0";"1";"1";"2";""
"202400013955";"155757182";"B01";"3";"7";"0";"2";"4";"23";"0";""
"202400013955";"155757184";"Z01";"3";"7";"0";"2";"1";"1";"1";""
"202400013956";"155757179";"A01";"1";"34";"0";"1";"1";"1";"1";""
"202400013957";"155757175";"C01";"2";"7";"0";"2";"4";"1";"1";""
"202400013957";"155757178";"B01";"2";"7";"0";"2";"4";"1";"1";""
"202400013957";"155757181";"A01";"2";"7";"0";"2";"1";"1";"1";""
"202400013958";"155757174";"A01";"3";"7";"14";"0";"1";"2";"1";""
"202400013959";"155757172";"B01";"1";"7";"0";"2";"6";"1";"1";""
"202400013959";"155757176";"A01";"1";"10";"0";"2";"2";"13";"1";""
"202400013959";"155757180";"C01";"1";"7";"0";"2";"1";"1";"1";""
"202400013960";"155757170";"C01";"1";"33";"4";"0";"8";"2";"1";""
"202400013960";"155757173";"B01";"1";"7";"0";"2";"4";"2";"1";""
"202400013960";"155757177";"A01";"1";"7";"0";"2";"1";"2";"1";""
"202400013961";"155757169";"A01";"2";"30";"0";"2";"1";"1";"1";""
"202400013961";"155757171";"B01";"2";"7";"0";"2";"4";"1";"3";""
"202400013962";"155757166";"A01";"2";"0";"0";"2";"1";"1";"0";""
"202400013962";"155757168";"Y01";"1";"50";"0";"2";"1";"1";"3";""
"202400013963";"155757165";"A01";"2";"10";"1";"0";"0";"0";"1";""
"202400013963";"155757167";"B01";"2";"10";"1";"2";"4";"23";"2";""
"202400013964";"155757163";"A01";"1";"7";"0";"1";"3";"16";"2";""
"202400013965";"155757162";"A01";"1";"33";"0";"0";"7";"1";"1";""
"202400013966";"155757160";"A01";"2";"21";"7";"0";"7";"15";"1";""
"202400013967";"155757161";"A01";"3";"7";"0";"2";"2";"13";"1";""
"202400013967";"155757164";"B01";"3";"33";"0";"2";"7";"14";"1";""
"202400013968";"155757158";"A01";"1";"7";"0";"9";"2";"20";"1";""
"202400013968";"155757159";"B01";"1";"50";"0";"2";"2";"18";"3";""
"202400013969";"155757154";"B01";"2";"33";"0";"2";"1";"15";"1";""
"202400013969";"155757157";"A01";"1";"2";"0";"2";"1";"1";"1";""
"202400013970";"155757152";"A01";"2";"33";"0";"2";"2";"3";"1";""
"202400013970";"155757156";"B01";"2";"14";"0";"2";"6";"0";"1";""
"202400013971";"155757151";"A01";"2";"7";"9";"0";"1";"0";"3";""
"202400013972";"155757150";"B01";"2";"42";"0";"2";"1";"1";"1";""
"202400013972";"155757155";"A01";"1";"7";"0";"2";"1";"15";"3";""
"202400013973";"155757149";"A01";"3";"7";"1";"0";"1";"1";"1";""
"202400013973";"155757153";"B01";"3";"7";"0";"2";"4";"24";"1";""
"202400013974";"155757147";"A01";"1";"7";"8";"0";"1";"1";"1";""
"202400013975";"155757144";"B01";"2";"32";"0";"2";"7";"1";"1";""
"202400013975";"155757148";"A01";"2";"7";"0";"2";"8";"11";"1";""
"202400013976";"155757143";"A01";"1";"34";"0";"2";"2";"17";"1";""
"202400013976";"155757146";"B01";"1";"7";"0";"2";"3";"15";"1";""
"202400013977";"155757141";"A01";"1";"7";"0";"2";"3";"15";"1";""
"202400013977";"155757145";"B01";"3";"32";"0";"2";"1";"1";"1";""
"202400013978";"155757142";"A01";"3";"7";"6";"0";"5";"20";"1";""
"202400013979";"155757138";"A01";"2";"7";"0";"2";"2";"16";"1";""
"202400013979";"155757140";"B01";"2";"30";"0";"2";"8";"18";"1";""
"202400013980";"155757137";"A01";"1";"17";"0";"2";"1";"1";"1";""