"Num_Acc";"id_vehicule";"num_veh";"senc";"catv";"obs";"obsm";"choc";"manv";"motor";"occutc"
"202400013980";"155757139";"B01";"1";"7";"0";"2";"9";"0";"1";""
"202400013981";"155757133";"Z01";"1";"7";"0";"1";"1";"1";"1";""
"202400013982";"155757134";"A01";"2";"7";"0";"2";"4";"2";"2";""
"202400013982";"155757136";"B01";"1";"10";"0";"2";"1";"0";"1";""
"202400013983";"155757132";"A01";"1";"33";"0";"0";"0";"1";"1";""
"202400013984";"155757131";"A01";"1";"7";"4";"0";"7";"1";"1";""
"202400013985";"155757130";"B01";"2";"7";"0";"0";"2";"2";"1";""
"202400013985";"155757135";"A01";"2";"7";"0";"0";"8";"19";"1";""
"202400013986";"155757128";"A01";"1";"33";"0";"0";"7";"1";"1";""
"202400013987";"155757125";"A01";"2";"7";"0";"2";"8";"14";"1";""
"202400013987";"155757129";"B01";"2";"80";"0";"2";"8";"1";"3";""
"202400013988";"155757123";"A01";"1";"7";"1";"0";"1";"17";"1";""
"202400013989";"155757122";"B01";"1";"7";"0";"2";"4";"2";"2";""
"202400013989";"155757126";"A01";"1";"7";"0";"2";"1";"2";"1";""
"202400013990";"155757121";"B01";"2";"33";"0";"2";"3";"3";"1";""
"202400013990";"155757124";"C01";"2";"7";"0";"2";"4";"1";"1";""
"202400013990";"155757127";"A01";"2";"7";"0";"2";"2";"12";"1";""
"202400013991";"155757120";"A01";"1";"33";"0";"6";"1";"1";"1";""
"202400013992";"155757119";"A01";"3";"33";"0";"1";"2";"1";"1";""
"202400013993";"155757117";"A01";"2";"7";"0";"1";"3";"18";"1";""
"202400013994";"155757116";"A01";"1";"7";"8";"0";"3";"13";"1";""
"202400013995";"155757114";"B01";"3";"7";"0";"2";"3";"2";"2";""
"202400013995";"155757118";"A01";"3";"7";"0";"2";"0";"0";"1";""
"202400013996";"155757110";"A01";"2";"1";"0";"2";"1";"1";"5";""
"202400013996";"155757112";"B01";"2";"7";"0";"2";"8";"15";"2";""
"202400013997";"155757108";"A01";"1";"7";"0";"2";"3";"15";"1";""
"202400013997";"155757111";"B01";"2";"7";"0";"2";"7";"1";"1";""
"202400013998";"155757107";"A01";"3";"50";"0";"2";"7";"11";"3";""
"202400013998";"155757109";"B01";"3";"7";"0";"2";"3";"2";"3";""
"202400013999";"155757106";"A01";"1";"7";"0";"1";"3";"1";"1";""
"202400014000";"155757102";"A01";"2";"7";"0";"2";"4";"1";"1";""
"202400014000";"155757105";"B01";"2";"80";"0";"2";"4";"1";"3";""
"202400014001";"155757098";"B01";"2";"7";"4";"2";"2";"12";"1";""
"202400014001";"155757104";"A01";"1";"7";"0";"2";"6";"1";"1";""
"202400014002";"155757099";"A01";"1";"7";"0";"1";"1";"1";"1";""
"202400014003";"155757100";"A01";"2";"7";"0";"2";"1";"15";"1";""
"202400014003";"155757103";"B01";"1";"7";"0";"2";"1";"1";"1";""
"202400014004";"155757097";"B01";"2";"7";"0";"2";"1";"13";"1";""
"202400014004";"155757101";"A01";"1";"7";"0";"2";"1";"2";"1";""
"202400014005";"155757094";"A01";"2";"7";"2";"0";"1";"1";"1";""
"202400014006";"155757093";"A01";"3";"7";"1";"2";"3";"15";"1";""
"202400014006";"155757096";"B01";"3";"2";"0";"2";"2";"16";"1";""
"202400014007";"155757091";"B01";"1";"7";"0";"2";"3";"5";"1";""
"202400014007";"155757095";"A01";"2";"7";"0";"2";"3";"23";"1";""
"202400014008";"155757088";"A01";"3";"7";"0";"2";"1";"9";"1";""
"202400014008";"155757092";"B01";"1";"7";"0";"2";"8";"1";"1";""
"202400014009";"155757087";"A01";"3";"2";"0";"2";"3";"11";"1";""
"202400014009";"155757089";"B01";"0";"7";"0";"2";"3";"11";"0";""
"202400014010";"155757085";"A01";"1";"7";"0";"1";"2";"26";"1";""
"202400014011";"155757084";"A01";"1";"33";"0";"2";"1";"2";"1";""
"202400014011";"155757086";"B01";"1";"7";"0";"2";"5";"2";"1";""
"202400014011";"155757090";"C01";"1";"10";"0";"0";"4";"2";"1";""
"202400014012";"155757082";"A01";"1";"7";"0";"2";"1";"1";"1";""
"202400014012";"155757083";"B01";"1";"7";"0";"2";"4";"1";"1";""
"202400014013";"155757081";"A01";"3";"7";"0";"1";"7";"26";"1";""
"202400014014";"155757077";"A01";"1";"7";"0";"2";"2";"15";"1";""
"202400014014";"155757079";"B01";"2";"33";"0";"2";"1";"2";"1";""
"202400014015";"155757076";"A01";"1";"30";"0";"0";"0";"26";"1";""
"202400014016";"155757075";"B01";"0";"33";"0";"2";"3";"3";"1";""
"202400014016";"155757078";"C01";"0";"7";"0";"0";"2";"1";"1";""
"202400014016";"155757080";"A01";"0";"15";"0";"0";"0";"1";"1";""
"202400014017";"155757073";"A01";"1";"10";"0";"1";"3";"24";"1";""
"202400014018";"155757072";"A01";"1";"7";"0";"2";"1";"2";"0";""
"202400014018";"155757074";"B01";"1";"7";"0";"2";"4";"2";"1";""
"202400014019";"155757070";"A01";"1";"7";"0";"2";"1";"1";"1";""
"202400014019";"155757071";"B01";"2";"7";"0";"2";"2";"0";"1";""
"202400014020";"155757068";"A01";"1";"7";"0";"0";"9";"0";"1";""
"202400014021";"155757069";"A01";"3";"32";"0";"2";"8";"0";"1";""
"202400014022";"155757066";"A01";"2";"1";"0";"1";"1";"1";"5";""
"202400014023";"155757065";"A01";"2";"33";"0";"5";"1";"1";"1";""
"202400014024";"155757064";"A01";"2";"7";"0";"2";"3";"19";"2";""
"202400014024";"155757067";"B01";"1";"60";"0";"2";"7";"1";"5";""
"202400014025";"155757062";"A01";"1";"7";"3";"0";"0";"1";"2";""
"202400014026";"155757061";"A01";"0";"7";"1";"1";"1";"1";"1";""
"202400014026";"155757063";"B01";"0";"7";"0";"2";"0";"0";"1";""
"202400014027";"155757058";"A01";"2";"7";"0";"2";"2";"1";"1";""
"202400014027";"155757059";"B01";"2";"7";"0";"2";"8";"16";"1";""
"202400014028";"155757056";"A01";"2";"7";"0";"1";"6";"0";"1";""
"202400014029";"155757055";"A01";"1";"7";"0";"2";"4";"15";"1";""
"202400014029";"155757060";"B01";"2";"7";"0";"2";"1";"2";"1";""
"202400014030";"155757054";"A01";"1";"7";"1";"0";"2";"14";"1";""
"202400014030";"155757057";"B01";"2";"7";"0";"2";"2";"24";"1";""
"202400014031";"155757052";"B01";"3";"15";"0";"2";"7";"16";"1";""
"202400014031";"155757053";"A01";"3";"7";"0";"2";"8";"16";"1";""
"202400014032";"155757051";"A01";"0";"7";"0";"1";"0";"1";"1";""
"202400014033";"155757050";"A01";"2";"7";"6";"0";"7";"1";"3";""
"202400014034";"155757048";"A01";"0";"7";"3";"0";"0";"1";"1";""
"202400014035";"155757047";"A01";"0";"7";"0";"1";"1";"25";"1";""
"202400014036";"155757045";"A01";"2";"7";"13";"0";"1";"1";"1";""
"202400014037";"155757046";"A01";"0";"10";"0";"2";"1";"1";"1";""
"202400014037";"155757049";"B01";"0";"37";"0";"2";"1";"1";"1";"1"
"202400014038";"155757042";"A01";"2";"3";"4";"0";"1";"1";"1";""
"202400014039";"155757041";"A01";"0";"7";"0";"2";"0";"16";"1";""
"202400014039";"155757044";"B01";"0";"7";"0";"2";"0";"0";"1";""
"202400014040";"155757040";"A01";"3";"7";"0";"1";"1";"26";"2";""
"202400014041";"155757039";"A01";"3";"7";"0";"2";"2";"26";"1";""
"202400014041";"155757043";"B01";"3";"7";"0";"2";"7";"0";"2";""
"202400014042";"155757036";"A01";"2";"7";"0";"0";"0";"1";"1";""
"202400014043";"155757037";"A01";"1";"10";"0";"1";"1";"19";"6";""
"202400014044";"155757035";"A01";"3";"7";"7";"2";"5";"1";"1";""
"202400014044";"155757038";"B01";"1";"7";"0";"2";"1";"1";"1";""
"202400014045";"155757033";"A01";"1";"7";"0";"0";"8";"13";"1";""
"202400014045";"155757034";"B01";"2";"7";"0";"0";"8";"1";"1";""
"202400014046";"155757032";"A01";"3";"7";"2";"0";"1";"14";"2";""
"202400014047";"155757030";"A01";"1";"7";"0";"1";"8";"15";"2";""
"202400014048";"155757028";"A01";"1";"7";"0";"1";"2";"1";"1";""
"202400014049";"155757027";"A01";"1";"7";"0";"1";"2";"1";"2";""
"202400014050";"155757023";"A01";"3";"10";"13";"0";"2";"15";"1";""
"202400014051";"155757025";"B01";"0";"50";"0";"2";"8";"19";"3";""
"202400014051";"155757026";"A01";"3";"7";"0";"2";"1";"1";"1";""
"202400014052";"155757020";"B01";"3";"1";"0";"2";"2";"0";"5";""
"202400014052";"155757022";"A01";"0";"7";"0";"0";"3";"16";"0";""
"202400014053";"155757019";"A01";"2";"7";"0";"2";"1";"9";"1";""
"202400014053";"155757021";"C01";"2";"7";"0";"2";"8";"24";"1";""
"202400014053";"155757024";"B01";"2";"7";"0";"2";"2";"1";"1";""
"202400014054";"155757018";"A01";"1";"7";"2";"0";"1";"0";"1";""
"202400014055";"155757016";"A01";"1";"7";"0";"1";"1";"1";"1";""
"202400014056";"155757011";"B01";"1";"7";"0";"2";"3";"1";"1";""
"202400014056";"155757014";"A01";"2";"7";"0";"2";"6";"13";"1";""
"202400014057";"155757010";"C01";"1";"7";"0";"2";"1";"0";"1";""
"202400014057";"155757012";"A01";"1";"7";"0";"2";"4";"15";"1";""
"202400014057";"155757015";"B01";"1";"7";"0";"2";"1";"2";"1";""
"202400014058";"155757008";"A01";"0";"7";"0";"2";"7";"19";"1";""
"202400014058";"155757009";"B01";"0";"7";"0";"2";"1";"1";"1";""
"202400014059";"155757007";"A01";"1";"7";"11";"0";"1";"1";"1";""
"202400014060";"155757003";"A01";"2";"7";"0";"2";"2";"3";"1";""
"202400014060";"155757006";"B01";"2";"17";"0";"0";"6";"23";"1";""
"202400014061";"155757001";"A01";"1";"7";"0";"2";"1";"15";"1";""
"202400014061";"155757002";"B01";"2";"33";"0";"2";"1";"18";"1";""
"202400014062";"155757000";"A01";"1";"7";"0";"2";"1";"1";"1";""
"202400014062";"155757005";"B01";"1";"1";"1";"0";"3";"2";"5";""
"202400014063";"155756995";"B01";"1";"7";"0";"2";"3";"15";"1";""
"202400014063";"155756998";"C01";"2";"7";"0";"2";"8";"2";"1";""
"202400014063";"155756999";"A01";"2";"34";"0";"2";"2";"1";"1";""
"202400014064";"155756993";"A01";"3";"7";"0";"2";"0";"10";"1";""
"202400014064";"155756997";"B01";"3";"34";"0";"2";"0";"1";"1";""
"202400014065";"155756992";"B01";"1";"10";"0";"2";"6";"1";"1";""
"202400014065";"155756996";"A01";"1";"43";"0";"2";"1";"1";"1";""
"202400014066";"155756989";"A01";"3";"7";"12";"0";"1";"13";"1";""
"202400014067";"155756987";"A01";"1";"50";"0";"1";"1";"1";"3";""
"202400014068";"155756988";"A01";"1";"7";"0";"2";"3";"10";"1";""
"202400014068";"155756991";"B01";"1";"33";"0";"2";"0";"0";"1";""
"202400014069";"155756986";"A01";"2";"7";"0";"2";"2";"17";"1";""
"202400014069";"155756990";"C01";"2";"7";"1";"0";"1";"1";"1";""
"202400014069";"155756994";"B01";"2";"7";"0";"2";"3";"1";"1";""
"202400014070";"155756985";"A01";"2";"7";"6";"0";"1";"0";"1";""
"202400014071";"155756983";"A01";"3";"7";"0";"1";"1";"1";"2";""
"202400014072";"155756980";"B01";"2";"33";"9";"2";"1";"1";"1";""
"202400014072";"155756981";"A01";"2";"7";"0";"2";"1";"15";"1";""
"202400014073";"155756982";"B01";"2";"1";"0";"2";"7";"1";"5";""
"202400014073";"155756984";"A01";"2";"7";"9";"2";"8";"9";"1";""
"202400014074";"155756977";"A01";"1";"7";"0";"2";"2";"17";"1";""
"202400014074";"155756979";"B01";"2";"50";"12";"2";"3";"15";"3";""
"202400014075";"155756976";"A01";"2";"7";"0";"2";"3";"13";"1";""
"202400014075";"155756978";"B01";"1";"7";"0";"2";"3";"23";"1";""
"202400014076";"155756975";"A01";"1";"7";"4";"0";"9";"2";"2";""
"202400014077";"155756974";"A01";"3";"7";"0";"1";"2";"1";"1";""
"202400014078";"155756972";"A01";"2";"99";"0";"1";"3";"16";"1";""
"202400014079";"155756973";"A01";"1";"7";"1";"0";"6";"14";"0";""
"202400014080";"155756970";"Z01";"1";"7";"0";"1";"2";"14";"1";""
"202400014081";"155756968";"B01";"1";"7";"0";"0";"4";"1";"2";""
"202400014081";"155756971";"A01";"1";"14";"0";"2";"1";"2";"1";""
"202400014082";"155756966";"A01";"3";"7";"0";"2";"3";"0";"1";""
"202400014082";"155756969";"B01";"2";"2";"0";"2";"1";"1";"1";""
"202400014083";"155756965";"A01";"1";"7";"0";"2";"2";"9";"1";""
"202400014083";"155756967";"B01";"1";"7";"0";"2";"6";"1";"1";""
"202400014084";"155756960";"B01";"2";"7";"0";"2";"1";"1";"1";""
"202400014084";"155756963";"A01";"1";"7";"0";"2";"1";"15";"1";""
"202400014085";"155756961";"A01";"2";"7";"0";"2";"7";"15";"1";""
"202400014085";"155756962";"B01";"1";"1";"0";"2";"1";"1";"5";""
"202400014086";"155756958";"B01";"2";"2";"0";"2";"0";"26";"1";""
"202400014086";"155756959";"A01";"2";"7";"0";"0";"5";"0";"1";""
"202400014087";"155756964";"A01";"1";"10";"0";"1";"1";"1";"1";""
"202400014088";"155756954";"A01";"2";"7";"0";"0";"2";"0";"1";""
"202400014088";"155756957";"B01";"2";"1";"0";"0";"4";"0";"5";""
"202400014089";"155756955";"A01";"1";"2";"0";"2";"1";"15";"1";""
"202400014089";"155756956";"B01";"2";"7";"0";"2";"3";"1";"1";""
"202400014090";"155756952";"A01";"3";"7";"15";"0";"0";"0";"1";""
"202400014091";"155756950";"A01";"3";"32";"0";"0";"2";"16";"1";""
"202400014092";"155756951";"A01";"1";"7";"0";"9";"3";"19";"3";""
"202400014092";"155756953";"B01";"2";"50";"0";"0";"0";"0";"3";""
"202400014093";"155756946";"B01";"2";"7";"0";"2";"3";"1";"1";""
"202400014093";"155756948";"A01";"1";"7";"0";"2";"3";"11";"1";""
"202400014094";"155756943";"Z01";"1";"7";"0";"2";"1";"2";"0";""
"202400014094";"155756944";"A01";"1";"2";"0";"2";"4";"2";"1";""
"202400014095";"155756942";"B01";"2";"7";"0";"2";"1";"1";"1";""
"202400014095";"155756945";"A01";"1";"7";"0";"2";"1";"13";"1";""
"202400014096";"155756939";"A01";"1";"7";"0";"2";"3";"1";"1";""
"202400014096";"155756941";"B01";"2";"7";"6";"2";"3";"1";"1";""
"202400014097";"155756936";"B01";"1";"2";"0";"2";"1";"1";"1";""
"202400014097";"155756938";"C01";"1";"7";"0";"2";"3";"1";"1";""
"202400014097";"155756940";"A01";"1";"7";"0";"2";"2";"17";"1";""
"202400014098";"155756934";"Z01";"2";"7";"0";"2";"3";"11";"0";""
"202400014098";"155756937";"A01";"2";"33";"0";"2";"7";"2";"1";""
"202400014099";"155756933";"A01";"0";"7";"0";"0";"9";"1";"1";""
"202400014100";"155756932";"A01";"2";"7";"1";"2";"9";"1";"1";""
"202400014100";"155756935";"B01";"2";"1";"0";"2";"4";"1";"5";""
"202400014101";"155756931";"A01";"1";"10";"15";"0";"1";"0";"1";""
"202400014102";"155756930";"A01";"1";"80";"0";"1";"7";"21";"3";""
"202400014103";"155756927";"A01";"0";"7";"0";"2";"3";"9";"1";""
"202400014103";"155756929";"B01";"0";"2";"0";"2";"1";"25";"0";""
"202400014104";"155756924";"A01";"2";"7";"0";"2";"3";"15";"1";""
"202400014104";"155756928";"B01";"1";"33";"0";"2";"1";"1";"1";""
"202400014105";"155756923";"A01";"1";"32";"0";"2";"1";"1";"1";""
"202400014105";"155756926";"B01";"2";"7";"0";"2";"8";"15";"1";""
"202400014106";"155756921";"A01";"3";"7";"0";"1";"2";"15";"1";""
"202400014107";"155756918";"A01";"0";"7";"8";"0";"2";"14";"1";""
"202400014108";"155756916";"A01";"1";"7";"0";"2";"3";"1";"1";""
"202400014108";"155756920";"B01";"2";"1";"0";"2";"1";"19";"5";""
"202400014109";"155756917";"A01";"1";"7";"0";"2";"2";"13";"1";""
"202400014109";"155756919";"B01";"2";"7";"0";"2";"1";"1";"1";""
"202400014109";"155756922";"C01";"2";"7";"0";"2";"1";"1";"1";""
"202400014110";"155756913";"A01";"1";"1";"1";"0";"3";"1";"5";""
"202400014111";"155756911";"B01";"0";"33";"0";"0";"0";"0";"1";""
"202400014111";"155756915";"A01";"3";"7";"0";"2";"3";"15";"0";""
"202400014112";"155756909";"A01";"2";"7";"0";"2";"1";"2";"1";""
"202400014112";"155756912";"B01";"2";"7";"0";"2";"9";"23";"1";""
"202400014112";"155756914";"C01";"2";"7";"0";"2";"4";"23";"1";""
"202400014113";"155756908";"A01";"0";"14";"0";"2";"8";"9";"1";""
"202400014113";"155756910";"B01";"3";"1";"0";"0";"7";"1";"5";""
"202400014114";"155756906";"A01";"2";"7";"0";"0";"6";"15";"2";""
"202400014114";"155756907";"B01";"2";"43";"0";"2";"1";"2";"1";""
"202400014115";"155756903";"A01";"1";"7";"4";"0";"2";"1";"1";""
"202400014116";"155756900";"A01";"3";"40";"0";"1";"1";"1";"3";""
"202400014117";"155756899";"C01";"2";"7";"0";"2";"4";"26";"1";""
"202400014117";"155756902";"A01";"1";"10";"15";"2";"7";"13";"1";""
"202400014117";"155756905";"B01";"2";"17";"0";"2";"1";"26";"1";""
"202400014118";"155756898";"A01";"1";"7";"7";"0";"1";"14";"1";""
"202400014119";"155756901";"A01";"0";"7";"0";"2";"1";"1";"1";""
"202400014119";"155756904";"B01";"1";"7";"0";"2";"2";"1";"1";""
"202400014120";"155756894";"A01";"1";"10";"0";"2";"7";"16";"1";""
"202400014120";"155756897";"B01";"1";"50";"0";"2";"1";"1";"3";""
"202400014121";"155756892";"B01";"1";"7";"0";"2";"4";"23";"1";""
"202400014121";"155756896";"A01";"1";"7";"0";"2";"1";"1";"1";""
"202400014122";"155756891";"A01";"1";"31";"0";"2";"1";"1";"1";""
"202400014122";"155756893";"B01";"2";"10";"0";"2";"8";"10";"1";""
"202400014123";"155756887";"A01";"1";"7";"0";"1";"1";"19";"0";""
"202400014124";"155756886";"A01";"2";"7";"0";"0";"0";"2";"1";""
"202400014125";"155756884";"B01";"2";"7";"3";"2";"3";"21";"1";""
"202400014125";"155756889";"A01";"1";"33";"0";"2";"1";"0";"1";""
"202400014126";"155756883";"A01";"1";"7";"0";"1";"1";"19";"1";""
"202400014127";"155756882";"A01";"2";"36";"8";"0";"0";"0";"1";""
"202400014128";"155756880";"A01";"2";"80";"12";"0";"1";"1";"3";""
"202400014129";"155756877";"B01";"2";"7";"0";"2";"2";"1";"1";""
"202400014129";"155756881";"A01";"1";"7";"0";"2";"3";"13";"1";""
"202400014130";"155756876";"A01";"2";"13";"0";"2";"1";"14";"1";""
"202400014130";"155756879";"B01";"2";"7";"0";"2";"4";"1";"1";""
"202400014131";"155756875";"A01";"0";"7";"6";"0";"1";"1";"1";""
"202400014132";"155756874";"B01";"2";"2";"0";"2";"1";"1";"1";""
"202400014132";"155756878";"A01";"3";"7";"0";"2";"8";"15";"1";""
"202400014133";"155756873";"A01";"0";"2";"0";"0";"0";"0";"1";""
"202400014134";"155756871";"A01";"2";"32";"1";"0";"1";"12";"3";""
"202400014134";"155756872";"B01";"2";"7";"0";"2";"4";"23";"1";""
"202400014135";"155756869";"A01";"1";"30";"12";"0";"0";"1";"1";""
"202400014136";"155756870";"A01";"3";"7";"0";"9";"0";"1";"1";""
"202400014137";"155756867";"A01";"3";"7";"4";"2";"1";"5";"1";""
"202400014137";"155756868";"B01";"3";"7";"3";"2";"4";"1";"1";""
"202400014138";"155756862";"A01";"2";"7";"0";"2";"1";"2";"1";""
"202400014138";"155756864";"B01";"2";"7";"0";"2";"6";"23";"1";""
"202400014139";"155756861";"A01";"2";"7";"0";"9";"2";"16";"1";""
"202400014139";"155756865";"B01";"1";"1";"0";"2";"0";"0";"5";""
"202400014140";"155756858";"B01";"1";"17";"0";"2";"8";"1";"0";""
"202400014140";"155756860";"A01";"2";"10";"0";"2";"3";"13";"1";""
"202400014140";"155756863";"D01";"1";"17";"0";"2";"3";"1";"1";""
"202400014140";"155756866";"C01";"2";"7";"0";"2";"3";"23";"2";""
"202400014141";"155756857";"A01";"2";"1";"0";"2";"1";"2";"5";""
"202400014141";"155756859";"B01";"2";"10";"0";"2";"4";"1";"1";""
"202400014142";"155756856";"A01";"1";"7";"0";"0";"3";"1";"1";""
"202400014143";"155756851";"B01";"1";"50";"0";"2";"1";"5";"3";""
"202400014143";"155756854";"A01";"2";"7";"0";"2";"3";"16";"1";""
"202400014144";"155756852";"B01";"3";"7";"0";"2";"3";"0";"1";""
"202400014144";"155756855";"A01";"3";"7";"0";"2";"3";"23";"1";""
"202400014145";"155756850";"A01";"1";"7";"0";"2";"8";"26";"1";""
"202400014145";"155756853";"B01";"1";"33";"0";"2";"7";"2";"1";""
"202400014146";"155756848";"B01";"2";"7";"0";"2";"1";"1";"1";""
"202400014146";"155756849";"A01";"1";"7";"3";"2";"1";"13";"1";""
"202400014147";"155756847";"A01";"1";"7";"4";"0";"8";"2";"1";""
"202400014148";"155756846";"A01";"2";"7";"0";"1";"1";"1";"1";""
"202400014149";"155756845";"A01";"1";"7";"0";"0";"9";"0";"1";""
"202400014150";"155756842";"A01";"2";"7";"0";"2";"8";"11";"1";""
"202400014150";"155756844";"B01";"2";"31";"0";"2";"7";"1";"1";""
"202400014151";"155756840";"A01";"1";"7";"0";"2";"3";"15";"1";""
"202400014151";"155756843";"B01";"1";"33";"0";"2";"1";"1";"1";""
"202400014152";"155756839";"A01";"1";"33";"0";"0";"2";"2";"1";""
"202400014152";"155756841";"B01";"1";"7";"0";"2";"3";"15";"1";""
"202400014153";"155756838";"A01";"2";"7";"4";"0";"3";"1";"1";""
"202400014154";"155756837";"A01";"3";"7";"13";"0";"3";"13";"1";""
"202400014155";"155756836";"A01";"2";"7";"0";"1";"2";"1";"1";""
"202400014156";"155756835";"A01";"2";"10";"0";"0";"9";"1";"1";""
"202400014157";"155756830";"A01";"3";"10";"0";"2";"4";"4";"1";""
"202400014157";"155756832";"B01";"3";"1";"0";"2";"8";"1";"5";""
"202400014158";"155756828";"A01";"3";"50";"0";"2";"3";"13";"3";""
"202400014158";"155756831";"B01";"3";"7";"0";"2";"0";"0";"1";""
"202400014159";"155756827";"A01";"3";"7";"0";"2";"1";"1";"1";""
"202400014159";"155756829";"B01";"3";"7";"0";"2";"3";"1";"2";""
"202400014160";"155756825";"A01";"1";"33";"0";"0";"7";"2";"1";""
"202400014161";"155756824";"A01";"3";"33";"0";"2";"0";"0";"1";""
"202400014161";"155756826";"B01";"3";"7";"0";"2";"8";"1";"1";""
"202400014162";"155756822";"A01";"2";"7";"0";"2";"2";"1";"1";""
"202400014162";"155756823";"B01";"2";"33";"0";"2";"3";"1";"1";""
"202400014163";"155756817";"B01";"2";"7";"4";"2";"9";"17";"1";""
"202400014163";"155756821";"A01";"2";"7";"0";"2";"8";"1";"1";""
"202400014164";"155756818";"B01";"1";"7";"0";"2";"1";"1";"1";""
"202400014164";"155756820";"A01";"0";"31";"0";"2";"7";"19";"1";""
"202400014165";"155756813";"A01";"3";"2";"0";"0";"7";"19";"1";""
"202400014165";"155756816";"B01";"2";"7";"0";"2";"1";"1";"1";""
"202400014166";"155756812";"B01";"1";"7";"0";"2";"2";"2";"1";""
"202400014166";"155756815";"A01";"1";"7";"0";"2";"6";"11";"1";""
"202400014167";"155756810";"C01";"1";"7";"0";"2";"4";"1";"2";""
"202400014167";"155756811";"A01";"2";"13";"0";"2";"1";"1";"1";""
"202400014167";"155756814";"B01";"2";"7";"0";"2";"2";"1";"1";""
"202400014168";"155756809";"A01";"3";"7";"0";"0";"2";"1";"1";""
"202400014169";"155756807";"B01";"2";"7";"0";"2";"6";"0";"1";""
"202400014169";"155756808";"A01";"2";"7";"0";"2";"5";"19";"2";""
"202400014170";"155756805";"A01";"1";"7";"2";"0";"7";"1";"1";""
"202400014171";"155756804";"A01";"2";"32";"0";"2";"1";"17";"1";""
"202400014171";"155756806";"B01";"1";"10";"0";"2";"2";"1";"1";""
"202400014172";"155756803";"A01";"1";"7";"0";"1";"1";"0";"1";""
"202400014173";"155756802";"A01";"3";"7";"0";"1";"3";"5";"1";""
"202400014174";"155756799";"A01";"1";"33";"12";"2";"1";"2";"1";""
"202400014174";"155756800";"B01";"1";"1";"0";"2";"7";"19";"5";""
"202400014175";"155756797";"B01";"2";"7";"0";"2";"1";"1";"3";""
"202400014175";"155756798";"A01";"1";"7";"0";"2";"1";"13";"1";""
"202400014175";"155756801";"C01";"2";"7";"0";"2";"1";"1";"1";""
"202400014176";"155756796";"A01";"1";"43";"7";"0";"1";"1";"1";""
"202400014177";"155756794";"A01";"1";"7";"0";"1";"2";"1";"1";""
"202400014178";"155756793";"A01";"3";"7";"0";"2";"2";"16";"1";""
"202400014178";"155756795";"B01";"3";"33";"0";"2";"8";"15";"1";""
"202400014179";"155756792";"A01";"1";"7";"2";"0";"9";"1";"1";""
"202400014180";"155756790";"A01";"1";"7";"0";"2";"6";"1";"1";""
"202400014180";"155756791";"B01";"1";"50";"0";"2";"1";"1";"3";""
"202400014181";"155756788";"A01";"1";"32";"0";"1";"1";"0";"1";""
"202400014182";"155756787";"A01";"0";"7";"1";"9";"3";"24";"1";""
"202400014182";"155756789";"B01";"0";"1";"1";"0";"1";"21";"5";""
"202400014183";"155756786";"A01";"3";"7";"15";"0";"1";"15";"1";""
"202400014184";"155756785";"A01";"3";"14";"0";"1";"2";"9";"1";""
"202400014185";"155756783";"A01";"1";"7";"0";"2";"2";"12";"1";""
"202400014185";"155756784";"B01";"1";"15";"0";"2";"3";"1";"1";""
"202400014186";"155756781";"A01";"1";"7";"0";"1";"2";"14";"1";""
"202400014187";"155756777";"A01";"1";"7";"0";"1";"2";"1";"1";""
"202400014188";"155756778";"A01";"3";"7";"0";"2";"2";"17";"1";""
"202400014188";"155756779";"B01";"3";"7";"0";"0";"4";"1";"1";""
"202400014189";"155756776";"A01";"1";"7";"0";"0";"9";"26";"1";""
"202400014190";"155756773";"B01";"1";"14";"0";"2";"3";"1";"1";""
"202400014190";"155756774";"A01";"2";"7";"0";"2";"1";"13";"1";""
"202400014191";"155756772";"A01";"2";"7";"0";"2";"1";"13";"1";""
"202400014191";"155756775";"B01";"1";"7";"0";"2";"1";"1";"1";""
"202400014192";"155756770";"B01";"2";"7";"0";"2";"1";"1";"1";""
"202400014192";"155756771";"A01";"2";"7";"0";"2";"1";"1";"1";""
"202400014193";"155756768";"A01";"3";"10";"17";"0";"1";"1";"0";""
"202400014194";"155756769";"A01";"1";"80";"0";"1";"4";"26";"3";""
"202400014195";"155756767";"A01";"1";"7";"0";"1";"3";"2";"1";""
"202400014196";"155756765";"A01";"2";"7";"8";"0";"1";"9";"1";""
"202400014197";"155756763";"A01";"1";"10";"0";"1";"2";"0";"1";""
"202400014198";"155756764";"A01";"2";"7";"0";"2";"1";"13";"1";""
"202400014198";"155756766";"B01";"1";"7";"0";"2";"1";"1";"1";""
"202400014199";"155756762";"A01";"3";"7";"0";"1";"7";"2";"1";""
"202400014200";"155756761";"A01";"3";"7";"0";"1";"1";"15";"1";""
"202400014201";"155756757";"A01";"2";"33";"0";"2";"1";"1";"1";""
"202400014201";"155756759";"B01";"1";"7";"0";"2";"3";"1";"1";""
"202400014201";"155756760";"C01";"2";"10";"0";"2";"8";"11";"1";""
"202400014202";"155756758";"A01";"1";"30";"0";"0";"3";"0";"1";""
"202400014203";"155756753";"A01";"3";"7";"0";"2";"1";"2";"1";""
"202400014203";"155756755";"B01";"3";"7";"0";"2";"4";"2";"1";""
"202400014204";"155756752";"A01";"1";"10";"8";"0";"2";"6";"1";""
"202400014205";"155756750";"A01";"2";"7";"1";"1";"1";"1";"1";""
"202400014206";"155756749";"B01";"3";"10";"0";"2";"3";"15";"1";""