"Num_Acc";"id_vehicule";"num_veh";"senc";"catv";"obs";"obsm";"choc";"manv";"motor";"occutc"
"202400014206";"155756751";"A01";"3";"34";"0";"2";"1";"1";"1";""
"202400014206";"155756754";"C01";"3";"7";"0";"2";"1";"23";"1";""
"202400014207";"155756744";"A01";"1";"7";"0";"2";"4";"1";"1";""
"202400014207";"155756745";"B01";"1";"7";"0";"2";"1";"2";"1";""
"202400014208";"155756743";"A01";"2";"10";"0";"2";"7";"26";"1";""
"202400014208";"155756747";"B01";"3";"13";"0";"2";"1";"16";"1";""
"202400014209";"155756742";"A01";"2";"7";"0";"2";"7";"15";"1";""
"202400014209";"155756746";"B01";"1";"7";"0";"2";"1";"1";"1";""
"202400014210";"155756741";"A01";"2";"7";"14";"0";"1";"0";"1";""
"202400014211";"155756735";"A01";"1";"7";"0";"2";"2";"12";"1";""
"202400014211";"155756739";"B01";"1";"7";"0";"2";"8";"0";"1";""
"202400014212";"155756734";"A01";"1";"7";"0";"2";"1";"13";"1";""
"202400014212";"155756736";"B01";"2";"7";"0";"2";"1";"1";"1";""
"202400014212";"155756740";"C01";"2";"7";"0";"2";"8";"9";"1";""
"202400014213";"155756733";"C01";"2";"7";"0";"2";"4";"1";"3";""
"202400014213";"155756737";"A01";"2";"99";"0";"2";"3";"21";"1";""
"202400014213";"155756738";"B01";"2";"10";"0";"2";"5";"21";"1";""
"202400014214";"155756730";"A01";"1";"10";"4";"0";"3";"13";"1";""
"202400014215";"155756729";"A01";"1";"80";"0";"4";"0";"14";"3";""
"202400014215";"155756731";"B01";"1";"40";"0";"2";"8";"1";"3";""
"202400014216";"155756728";"A01";"1";"60";"0";"2";"3";"5";"5";""
"202400014216";"155756732";"B01";"1";"7";"0";"2";"2";"2";"1";""
"202400014217";"155756724";"B01";"2";"7";"0";"2";"8";"1";"1";""
"202400014217";"155756726";"A01";"2";"31";"14";"2";"4";"1";"1";""
"202400014218";"155756725";"B01";"1";"33";"0";"2";"1";"1";"1";""
"202400014218";"155756727";"A01";"1";"7";"0";"2";"2";"15";"1";""
"202400014219";"155756722";"A01";"3";"7";"0";"2";"3";"13";"1";""
"202400014219";"155756723";"B01";"3";"7";"0";"2";"8";"1";"1";""
"202400014220";"155756720";"A01";"1";"2";"0";"0";"0";"26";"1";""
"202400014221";"155756719";"A01";"2";"15";"0";"2";"1";"2";"1";""
"202400014221";"155756721";"B01";"2";"15";"0";"2";"4";"2";"1";""
"202400014222";"155756715";"D01";"2";"14";"0";"2";"5";"1";"1";""
"202400014222";"155756717";"A01";"2";"7";"0";"2";"1";"0";"1";""
"202400014222";"155756718";"B01";"2";"3";"1";"0";"4";"0";"1";""
"202400014223";"155756712";"A01";"2";"7";"0";"2";"3";"11";"1";""
"202400014223";"155756714";"B01";"2";"33";"0";"2";"7";"3";"1";""
"202400014224";"155756713";"A01";"0";"7";"0";"9";"7";"9";"1";""
"202400014224";"155756716";"B01";"0";"50";"0";"2";"2";"1";"3";""
"202400014225";"155756711";"A01";"2";"33";"13";"0";"0";"13";"1";""
"202400014226";"155756708";"B01";"1";"31";"0";"2";"1";"1";"1";""
"202400014226";"155756709";"A01";"3";"10";"0";"2";"3";"9";"1";""
"202400014227";"155756707";"A01";"2";"7";"4";"2";"1";"1";"1";""
"202400014227";"155756710";"B01";"2";"7";"0";"2";"3";"1";"1";""
"202400014228";"155756703";"A01";"1";"33";"0";"2";"1";"0";"1";""
"202400014228";"155756705";"B01";"1";"7";"0";"2";"5";"1";"1";""
"202400014229";"155756704";"A01";"2";"30";"0";"2";"1";"1";"1";""
"202400014229";"155756706";"B01";"3";"33";"0";"0";"5";"21";"1";""
"202400014230";"155756702";"A01";"2";"17";"3";"0";"7";"1";"1";""
"202400014231";"155756701";"A01";"2";"7";"0";"1";"8";"15";"1";""
"202400014232";"155756700";"A01";"2";"7";"4";"0";"2";"14";"1";""
"202400014233";"155756699";"A01";"3";"30";"0";"0";"0";"1";"1";""
"202400014234";"155756697";"A01";"1";"1";"0";"2";"1";"1";"5";""
"202400014234";"155756698";"B01";"1";"7";"0";"0";"0";"0";"1";""
"202400014235";"155756694";"A01";"1";"7";"0";"2";"1";"1";"1";""
"202400014235";"155756696";"B01";"1";"7";"0";"2";"4";"1";"1";""
"202400014236";"155756693";"B01";"1";"33";"0";"2";"6";"12";"1";""
"202400014236";"155756695";"A01";"1";"7";"0";"2";"7";"1";"2";""
"202400014237";"155756691";"A01";"1";"7";"0";"0";"8";"1";"1";""
"202400014237";"155756692";"B01";"2";"7";"0";"0";"1";"15";"1";""
"202400014238";"155756686";"B01";"2";"7";"0";"2";"2";"1";"2";""
"202400014238";"155756688";"A01";"2";"7";"0";"2";"3";"13";"1";""
"202400014239";"155756685";"A01";"2";"10";"0";"2";"3";"13";"1";""
"202400014239";"155756689";"B01";"2";"7";"0";"2";"5";"1";"2";""
"202400014239";"155756690";"C01";"2";"7";"0";"2";"4";"1";"1";""
"202400014240";"155756684";"A01";"1";"7";"0";"2";"2";"1";"1";""
"202400014240";"155756687";"B01";"2";"7";"0";"2";"3";"1";"1";""
"202400014241";"155756681";"A01";"2";"14";"4";"2";"7";"12";"1";""
"202400014241";"155756683";"B01";"2";"7";"4";"2";"8";"1";"1";""
"202400014242";"155756679";"A01";"3";"7";"1";"0";"2";"14";"1";""
"202400014243";"155756678";"B01";"2";"33";"0";"2";"7";"1";"1";""
"202400014243";"155756680";"C01";"1";"1";"0";"2";"8";"1";"5";""
"202400014243";"155756682";"A01";"2";"10";"0";"2";"3";"13";"3";""
"202400014244";"155756676";"B01";"3";"7";"0";"2";"1";"1";"1";""
"202400014244";"155756677";"A01";"3";"1";"0";"2";"1";"5";"5";""
"202400014245";"155756675";"A01";"0";"7";"0";"1";"1";"1";"1";""
"202400014246";"155756671";"A01";"1";"7";"0";"2";"1";"9";"1";""
"202400014246";"155756673";"B01";"2";"2";"0";"2";"1";"1";"1";""
"202400014247";"155756670";"A01";"0";"7";"0";"1";"1";"1";"1";""
"202400014248";"155756672";"A01";"1";"2";"0";"2";"2";"7";"3";""
"202400014248";"155756674";"B01";"1";"7";"0";"2";"3";"15";"2";""
"202400014249";"155756668";"A01";"1";"10";"0";"2";"6";"2";"1";""
"202400014249";"155756669";"B01";"1";"2";"1";"0";"1";"2";"1";""
"202400014250";"155756667";"A01";"3";"7";"0";"1";"8";"15";"1";""
"202400014251";"155756666";"A01";"1";"37";"0";"1";"2";"7";"3";"1"
"202400014252";"155756664";"A01";"3";"7";"6";"0";"1";"13";"3";""
"202400014253";"155756662";"B01";"2";"99";"0";"2";"2";"8";"3";""
"202400014253";"155756665";"A01";"1";"7";"0";"2";"3";"15";"3";""
"202400014254";"155756661";"A01";"3";"31";"0";"0";"1";"3";"1";""
"202400014255";"155756660";"B01";"1";"7";"1";"2";"1";"21";"1";""
"202400014255";"155756663";"A01";"1";"7";"0";"2";"2";"1";"1";""
"202400014256";"155756658";"A01";"1";"7";"0";"1";"1";"1";"1";""
"202400014257";"155756657";"A01";"2";"7";"0";"1";"4";"4";"1";""
"202400014258";"155756654";"A01";"1";"33";"12";"0";"1";"1";"1";""
"202400014259";"155756652";"A01";"2";"1";"0";"0";"0";"1";"5";""
"202400014260";"155756650";"A01";"1";"7";"0";"2";"2";"1";"1";""
"202400014260";"155756653";"B01";"2";"50";"0";"2";"1";"1";"3";""
"202400014261";"155756649";"B01";"1";"7";"0";"2";"6";"23";"1";""
"202400014261";"155756651";"A01";"2";"7";"0";"2";"6";"0";"1";""
"202400014261";"155756655";"C01";"1";"7";"0";"2";"2";"1";"1";""
"202400014261";"155756656";"D01";"1";"14";"0";"2";"2";"1";"1";""
"202400014262";"155756647";"B01";"1";"7";"0";"2";"8";"15";"1";""
"202400014262";"155756648";"A01";"1";"32";"9";"2";"1";"17";"1";""
"202400014263";"155756644";"A01";"1";"7";"0";"1";"1";"21";"1";""
"202400014264";"155756643";"A01";"2";"14";"0";"2";"8";"15";"1";""
"202400014264";"155756646";"B01";"1";"2";"0";"2";"2";"17";"3";""
"202400014265";"155756641";"B01";"1";"7";"0";"2";"1";"1";"1";""
"202400014265";"155756645";"A01";"2";"7";"0";"2";"1";"15";"1";""
"202400014266";"155756640";"A01";"1";"33";"0";"2";"2";"15";"1";""
"202400014266";"155756642";"B01";"1";"7";"0";"2";"3";"15";"1";""
"202400014267";"155756638";"A01";"1";"7";"0";"2";"4";"19";"1";""
"202400014267";"155756639";"B01";"1";"1";"0";"2";"1";"1";"5";""
"202400014268";"155756637";"A01";"1";"10";"0";"1";"1";"16";"1";""
"202400014269";"155756636";"A01";"2";"7";"0";"1";"2";"1";"2";""
"202400014270";"155756634";"A01";"1";"10";"0";"1";"4";"4";"1";""
"202400014271";"155756633";"A01";"1";"7";"0";"1";"2";"1";"1";""
"202400014272";"155756632";"A01";"1";"32";"0";"2";"3";"1";"1";""
"202400014272";"155756635";"B01";"1";"10";"0";"2";"2";"9";"1";""
"202400014273";"155756631";"A01";"1";"7";"0";"1";"1";"1";"1";""
"202400014274";"155756627";"Z01";"1";"10";"0";"2";"1";"1";"0";""
"202400014274";"155756629";"A01";"1";"10";"0";"2";"4";"23";"2";""
"202400014275";"155756626";"A01";"1";"31";"0";"2";"2";"14";"1";""
"202400014275";"155756630";"B01";"1";"33";"0";"2";"3";"18";"1";""
"202400014276";"155756624";"A01";"2";"7";"0";"2";"2";"22";"3";""
"202400014276";"155756628";"B01";"2";"80";"0";"2";"3";"1";"3";""
"202400014277";"155756625";"A01";"1";"7";"0";"1";"3";"1";"1";""
"202400014278";"155756623";"A01";"2";"33";"0";"1";"1";"1";"1";""
"202400014279";"155756621";"A01";"1";"7";"0";"1";"3";"1";"1";""
"202400014280";"155756620";"A01";"3";"1";"0";"1";"1";"16";"5";""
"202400014281";"155756618";"A01";"2";"7";"4";"0";"8";"10";"1";""
"202400014281";"155756622";"B01";"1";"7";"4";"2";"1";"1";"1";""
"202400014282";"155756612";"A01";"1";"33";"0";"2";"6";"11";"1";""
"202400014282";"155756615";"D01";"1";"7";"0";"2";"6";"1";"1";""
"202400014282";"155756617";"B01";"1";"33";"0";"2";"2";"0";"1";""
"202400014282";"155756619";"C01";"1";"7";"0";"2";"8";"1";"2";""
"202400014283";"155756611";"Z01";"1";"10";"0";"1";"4";"4";"0";""
"202400014284";"155756607";"A01";"3";"7";"0";"2";"1";"1";"1";""
"202400014284";"155756610";"B01";"3";"1";"0";"2";"7";"1";"5";""
"202400014284";"155756614";"C01";"3";"1";"0";"2";"7";"1";"5";""
"202400014285";"155756602";"A01";"1";"7";"0";"2";"1";"1";"0";""
"202400014285";"155756604";"B01";"1";"7";"0";"2";"4";"23";"1";""
"202400014286";"155756601";"A01";"3";"7";"0";"2";"1";"1";"1";""
"202400014286";"155756606";"B01";"3";"10";"0";"2";"2";"1";"3";""
"202400014287";"155756599";"A01";"1";"17";"0";"2";"1";"2";"1";""
"202400014287";"155756600";"D01";"2";"7";"0";"2";"1";"1";"1";""
"202400014287";"155756603";"E01";"1";"7";"0";"2";"1";"1";"0";""
"202400014287";"155756605";"F01";"1";"7";"0";"2";"1";"1";"1";""
"202400014287";"155756608";"G01";"1";"7";"0";"2";"1";"1";"1";""
"202400014287";"155756609";"H01";"1";"7";"0";"2";"1";"1";"0";""
"202400014287";"155756613";"B01";"1";"3";"0";"2";"1";"2";"0";""
"202400014287";"155756616";"C01";"2";"7";"0";"2";"1";"2";"1";""
"202400014288";"155756595";"A01";"2";"7";"0";"2";"2";"1";"1";""
"202400014288";"155756597";"B01";"2";"7";"9";"2";"3";"20";"1";""
"202400014289";"155756592";"A01";"3";"7";"0";"1";"4";"20";"2";""
"202400014290";"155756593";"A01";"1";"50";"0";"2";"1";"1";"3";""
"202400014290";"155756598";"B01";"3";"7";"0";"2";"5";"1";"1";""
"202400014291";"155756594";"A01";"3";"34";"0";"2";"5";"1";"1";""
"202400014291";"155756596";"B01";"3";"7";"0";"2";"2";"1";"1";""
"202400014292";"155756591";"A01";"3";"15";"1";"1";"5";"20";"1";""
"202400014293";"155756588";"B01";"2";"7";"0";"2";"4";"2";"1";""
"202400014293";"155756590";"A01";"2";"7";"0";"2";"1";"2";"1";""
"202400014294";"155756586";"A01";"2";"7";"0";"9";"3";"16";"2";""
"202400014294";"155756589";"B01";"2";"1";"0";"0";"2";"1";"5";""
"202400014295";"155756585";"A01";"1";"7";"0";"2";"2";"5";"1";""
"202400014295";"155756587";"B01";"1";"7";"0";"2";"1";"1";"1";""
"202400014296";"155756582";"A01";"3";"10";"0";"2";"1";"1";"3";""
"202400014296";"155756584";"B01";"3";"7";"0";"2";"4";"1";"3";""
"202400014297";"155756581";"A01";"2";"7";"1";"0";"2";"26";"1";""
"202400014298";"155756579";"A01";"2";"7";"0";"2";"5";"26";"1";""
"202400014298";"155756583";"B01";"2";"7";"0";"2";"1";"26";"1";""
"202400014299";"155756578";"A01";"2";"10";"0";"2";"1";"15";"3";""
"202400014299";"155756580";"B01";"1";"1";"0";"2";"7";"1";"5";""
"202400014300";"155756573";"A01";"3";"7";"0";"2";"3";"13";"1";""
"202400014300";"155756576";"B01";"3";"1";"0";"2";"2";"19";"5";""
"202400014301";"155756571";"B01";"3";"7";"0";"2";"1";"1";"1";""
"202400014301";"155756574";"A01";"3";"7";"0";"2";"0";"0";"0";""
"202400014302";"155756569";"C01";"1";"7";"0";"2";"1";"1";"1";""
"202400014302";"155756572";"A01";"1";"2";"0";"2";"1";"1";"1";""
"202400014302";"155756575";"B01";"2";"7";"0";"2";"3";"15";"1";""
"202400014303";"155756570";"B01";"2";"7";"9";"2";"3";"1";"1";""
"202400014303";"155756577";"A01";"1";"10";"0";"2";"2";"1";"1";""
"202400014304";"155756568";"A01";"1";"7";"12";"0";"2";"2";"1";""
"202400014305";"155756566";"A01";"2";"10";"12";"0";"9";"2";"1";""
"202400014306";"155756565";"A01";"0";"10";"1";"0";"1";"1";"1";""
"202400014307";"155756564";"A01";"1";"7";"0";"9";"2";"1";"1";""
"202400014307";"155756567";"B01";"2";"50";"0";"2";"1";"0";"3";""
"202400014308";"155756562";"Z01";"2";"7";"0";"2";"2";"17";"1";""
"202400014308";"155756563";"B01";"1";"7";"0";"2";"1";"1";"0";""
"202400014309";"155756557";"A01";"3";"33";"0";"0";"0";"1";"1";""
"202400014310";"155756560";"A01";"0";"33";"0";"2";"7";"26";"1";""
"202400014310";"155756561";"B01";"0";"7";"0";"2";"6";"0";"1";""
"202400014311";"155756558";"A01";"1";"7";"0";"1";"3";"1";"1";""
"202400014312";"155756555";"B01";"1";"32";"0";"2";"8";"1";"1";""
"202400014312";"155756559";"A01";"3";"7";"0";"2";"2";"1";"1";""
"202400014313";"155756553";"A01";"1";"99";"8";"2";"1";"21";"1";""
"202400014314";"155756551";"B01";"0";"1";"0";"2";"8";"1";"5";""
"202400014314";"155756552";"A01";"1";"7";"0";"9";"7";"15";"1";""
"202400014315";"155756549";"A01";"0";"50";"8";"0";"1";"13";"3";""
"202400014316";"155756547";"B01";"0";"7";"0";"2";"4";"15";"1";""
"202400014316";"155756550";"A01";"0";"7";"0";"2";"1";"1";"1";""
"202400014317";"155756543";"A01";"3";"7";"0";"1";"1";"1";"1";""
"202400014318";"155756545";"A01";"0";"7";"0";"2";"1";"1";"1";""
"202400014318";"155756546";"B01";"0";"7";"0";"2";"4";"1";"1";""
"202400014318";"155756548";"C01";"0";"7";"0";"0";"4";"15";"1";""
"202400014319";"155756542";"A01";"1";"7";"0";"2";"2";"15";"1";""
"202400014319";"155756544";"B01";"0";"42";"0";"2";"8";"1";"1";""
"202400014320";"155756540";"A01";"1";"7";" -1";"0";"1";"26";"1";""
"202400014321";"155756537";"B01";"3";"7";"0";"2";"1";"1";"1";""
"202400014321";"155756541";"A01";"3";"7";"0";"2";"5";"19";"1";""
"202400014322";"155756535";"B01";"1";"7";"0";"2";"2";"13";"1";""
"202400014322";"155756538";"A01";"2";"20";"0";"2";"3";"1";"3";""
"202400014323";"155756536";"A01";"2";"7";"0";"2";"4";"2";"1";""
"202400014323";"155756539";"B01";"2";"36";"0";"2";"0";"0";"1";""
"202400014324";"155756534";"A01";"1";"7";"0";"1";"2";"15";"0";""
"202400014325";"155756532";"B01";"1";"33";"0";"2";"0";"1";"1";""
"202400014326";"155756531";"B01";"2";"7";"0";"2";"1";"26";"1";""
"202400014326";"155756533";"A01";"1";"7";"0";"2";"1";"26";"1";""
"202400014327";"155756530";"A01";"1";"7";"0";"1";"7";"16";"1";""
"202400014328";"155756528";"A01";"1";"30";"12";"0";"7";"14";"1";""
"202400014329";"155756525";"A01";"1";"7";"0";"2";"1";"1";"1";""
"202400014329";"155756529";"B01";"1";"7";"0";"2";"4";"2";"1";""
"202400014330";"155756523";"B01";"3";"7";"0";"2";"1";"2";"1";""
"202400014330";"155756526";"A01";"3";"10";"12";"0";"4";"2";"3";""
"202400014331";"155756524";"B01";"2";"2";"0";"2";"7";"15";"1";""
"202400014331";"155756527";"A01";"2";"7";"0";"2";"3";"9";"1";""
"202400014332";"155756520";"B01";"1";"33";"0";"2";"4";"1";"1";""
"202400014332";"155756522";"A01";"2";"7";"0";"2";"3";"9";"1";""
"202400014333";"155756519";"B01";"0";"32";"0";"2";"1";"1";"1";""
"202400014333";"155756521";"A01";"0";"7";"0";"2";"1";"15";"1";""
"202400014334";"155756517";"A01";"0";"7";"0";"1";"1";"18";"1";""
"202400014335";"155756513";"B01";"3";"30";"0";"2";"1";"1";"1";""
"202400014335";"155756516";"A01";"3";"7";"0";"2";"8";"15";"1";""
"202400014336";"155756512";"B01";"3";"7";"0";"2";"7";"10";"1";""
"202400014336";"155756518";"A01";"3";"32";"0";"2";"1";"26";"1";""
"202400014337";"155756511";"A01";"1";"33";"0";"1";"1";"19";"1";""
"202400014338";"155756506";"A01";"3";"7";"0";"2";"1";"13";"1";""
"202400014338";"155756509";"B01";"3";"7";"0";"2";"1";"1";"1";""
"202400014339";"155756507";"A01";"1";"7";"0";"2";"2";"16";"1";""
"202400014339";"155756510";"B01";"1";"31";"0";"2";"1";"1";"1";""
"202400014340";"155756504";"B01";"0";"32";"0";"1";"1";"2";"1";""
"202400014340";"155756508";"A01";"3";"50";"0";"2";"1";"5";"3";""
"202400014341";"155756503";"A01";"2";"7";"0";"2";"1";"1";"1";""
"202400014341";"155756505";"B01";"3";"7";"0";"2";"3";"10";"1";""
"202400014342";"155756501";"B01";"1";"38";"0";"2";"4";"2";"1";"1"
"202400014342";"155756502";"A01";"1";"7";"0";"2";"1";"2";"1";""
"202400014343";"155756500";"A01";"2";"7";"0";"1";"1";"1";"1";""
"202400014344";"155756497";"A01";"2";"7";"0";"2";"3";"9";"1";""
"202400014344";"155756499";"B01";"1";"1";"0";"2";"2";"1";"5";""
"202400014345";"155756498";"A01";"2";"33";"0";"1";"2";"1";"1";""
"202400014346";"155756495";"A01";"2";"31";"0";"2";"8";"15";"1";""
"202400014346";"155756496";"B01";"2";"7";"0";"2";"7";"1";"1";""
"202400014347";"155756493";"B01";"2";"7";"0";"2";"3";"1";"1";""
"202400014347";"155756494";"A01";"1";"7";"0";"2";"3";"13";"1";""
"202400014348";"155756492";"A01";"1";"37";"9";"1";"7";"9";"1";"1"
"202400014349";"155756488";"B01";"1";"7";"0";"2";"4";"1";"1";""
"202400014349";"155756490";"A01";"1";"7";"0";"2";"1";"1";"1";""
"202400014350";"155756487";"B01";"2";"34";"0";"2";"1";"1";"1";""
"202400014350";"155756489";"A01";"3";"7";"0";"2";"7";"12";"1";""
"202400014351";"155756485";"B01";"3";"80";"0";"2";"1";"0";"2";""
"202400014351";"155756491";"A01";"3";"7";"0";"2";"1";"9";"1";""
"202400014352";"155756486";"A01";"1";"7";"0";"1";"0";"13";"1";""
"202400014353";"155756481";"B01";"1";"33";"0";"2";"2";"20";"0";""
"202400014353";"155756483";"A01";"1";"30";"0";"2";"8";"1";"1";""
"202400014354";"155756479";"B01";"2";"50";"0";"2";"1";"1";"3";""
"202400014354";"155756482";"A01";"2";"7";"0";"2";"5";"16";"1";""
"202400014355";"155756480";"A01";"1";"33";"0";"2";"8";"18";"1";""
"202400014355";"155756484";"B01";"2";"7";"0";"2";"1";"15";"2";""
"202400014356";"155756476";"A01";"2";"50";"0";"0";"0";"14";"3";""
"202400014357";"155756477";"B01";"3";"7";"0";"2";"0";"0";"1";""
"202400014357";"155756478";"A01";"3";"10";"0";"2";"0";"0";"1";""
"202400014358";"155756474";"B01";"3";"30";"0";"2";"1";"1";"1";""
"202400014358";"155756475";"A01";"3";"7";"0";"2";"1";"9";"1";""
"202400014359";"155756472";"A01";"2";"7";"0";"0";"1";"1";"1";""
"202400014360";"155756470";"A01";"3";"7";"0";"1";"5";"1";"1";""
"202400014361";"155756471";"B01";"1";"3";"0";"0";"0";"13";"0";""
"202400014361";"155756473";"A01";"1";"37";"1";"2";"0";"1";"1";"5"
"202400014362";"155756468";"A01";"3";"7";"0";"2";"0";"1";"1";""
"202400014362";"155756469";"B01";"3";"1";"0";"2";"0";"1";"5";""
"202400014363";"155756465";"B01";"1";"80";"0";"2";"1";"1";"3";""
"202400014363";"155756467";"A01";"1";"15";"0";"2";"5";"1";"1";""
"202400014364";"155756464";"A01";"1";"7";"0";"2";"3";"19";"2";""
"202400014364";"155756466";"B01";"2";"32";"0";"2";"1";"1";"1";""
"202400014365";"155756463";"A01";"3";"50";"15";"1";"1";"1";"3";""
"202400014366";"155756459";"A01";"1";"33";"0";"0";"0";"0";"1";""
"202400014366";"155756462";"B01";"2";"0";"0";"2";"3";"18";"0";""
"202400014367";"155756458";"A01";"2";"31";"0";"2";"3";"2";"1";""
"202400014367";"155756460";"B01";"1";"7";"0";"2";"3";"13";"2";""
"202400014368";"155756456";"B01";"2";"7";"0";"2";"3";"1";"1";""
"202400014368";"155756461";"A01";"1";"7";"0";"2";"0";"0";"1";""
"202400014369";"155756455";"A01";"1";"7";"0";"2";"1";"0";"1";""
"202400014369";"155756457";"B01";"1";"7";"0";"2";"2";"26";"1";""
"202400014370";"155756454";"A01";"2";"10";"0";"1";"1";"2";"1";""
"202400014371";"155756448";"B01";"3";"50";"0";"2";"1";"1";"3";""
"202400014371";"155756452";"A01";"3";"7";"0";"9";"8";"9";"0";""
"202400014372";"155756446";"A01";"1";"7";"0";"2";"8";"1";"1";""
"202400014372";"155756450";"B01";"1";"50";"0";"2";"7";"1";"3";""
"202400014373";"155756447";"B01";"2";"15";"0";"2";"3";"1";"1";""
"202400014373";"155756451";"C01";"2";"7";"0";"2";"1";"1";"1";""
"202400014373";"155756453";"A01";"1";"7";"0";"2";"1";"1";"1";""
"202400014374";"155756444";"C01";"2";"7";"0";"2";"5";"2";"1";""
"202400014374";"155756445";"A01";"2";"14";"0";"2";"2";"2";"1";""
"202400014374";"155756449";"B01";"2";"7";"0";"2";"6";"9";"1";""
"202400014375";"155756438";"A01";"3";"33";"0";"2";"3";"1";"1";""
"202400014375";"155756442";"B01";"3";"7";"0";"2";"3";"1";"1";""
"202400014376";"155756440";"A01";"3";"7";"0";"2";"1";"2";"2";""
"202400014376";"155756443";"B01";"3";"10";"0";"2";"4";"23";"1";""
"202400014377";"155756441";"A01";"1";"33";"8";"0";"1";"0";"1";""
"202400014378";"155756437";"A01";"1";"33";"0";"2";"7";"3";"1";""
"202400014378";"155756439";"Z01";"1";"7";"0";"2";"7";"13";"0";""
"202400014379";"155756433";"A01";"1";"30";"0";"0";"2";"1";"1";""
"202400014380";"155756434";"A01";"1";"7";"2";"0";"1";"13";"1";""
"202400014381";"155756431";"A01";"1";"3";"0";"2";"6";"26";"1";""
"202400014381";"155756436";"B01";"1";"32";"0";"2";"1";"1";"1";""
"202400014382";"155756432";"B01";"1";"32";"0";"2";"7";"1";"1";""
"202400014382";"155756435";"A01";"1";"7";"0";"2";"8";"10";"2";""
"202400014383";"155756429";"A01";"1";"7";"0";"1";"7";"1";"2";""
"202400014384";"155756428";"A01";"1";"32";"0";"0";"0";"0";"1";""
"202400014385";"155756430";"A01";"1";"7";"13";"0";"1";"1";"1";""
"202400014386";"155756426";"A01";"1";"7";"0";"2";"6";"13";"1";""
"202400014386";"155756427";"B01";"2";"7";"0";"2";"3";"1";"1";""
"202400014387";"155756423";"B01";"0";"33";"0";"2";"0";"0";"1";""
"202400014387";"155756425";"A01";"2";"7";"0";"2";"2";"15";"2";""
"202400014388";"155756422";"A01";"1";"33";"0";"0";"7";"2";"1";""
"202400014389";"155756421";"A01";"2";"7";"0";"2";"3";"19";"1";""
"202400014389";"155756424";"B01";"1";"7";"0";"2";"3";"1";"1";""
"202400014390";"155756420";"A01";"1";"7";"0";"1";"2";"1";"1";""
"202400014391";"155756416";"A01";"3";"33";"0";"0";"7";"1";"1";""
"202400014392";"155756415";"A01";"2";"7";"1";"2";"1";"13";"1";""
"202400014392";"155756417";"C01";"3";"7";"6";"2";"9";"23";"1";""
"202400014392";"155756419";"B01";"1";"7";"0";"2";"1";"1";"1";""
"202400014393";"155756412";"A01";"2";"7";"0";"1";"3";"1";"1";""
"202400014394";"155756411";"A01";"0";"7";"0";"2";"0";"0";"1";""
"202400014394";"155756414";"B01";"0";"33";"0";"2";"0";"26";"1";""
"202400014395";"155756409";"A01";"2";"50";"0";"2";"1";"13";"3";""
"202400014395";"155756410";"B01";"1";"7";"0";"2";"6";"21";"3";""
"202400014396";"155756407";"C01";"2";"15";"0";"0";"3";"1";"1";""
"202400014396";"155756408";"A01";"1";"7";"0";"2";"1";"1";"1";""
"202400014396";"155756413";"B01";"1";"7";"0";"0";"6";"1";"1";""
"202400014397";"155756406";"A01";"1";"13";"2";"0";"1";"14";"1";""
"202400014398";"155756404";"A01";"1";"7";"0";"2";"1";"5";"1";""
"202400014398";"155756405";"B01";"1";"7";"0";"2";"1";"0";"1";""
"202400014399";"155756403";"A01";"3";"7";"0";"1";"3";"19";"2";""
"202400014400";"155756402";"A01";"2";"7";"13";"0";"1";"1";"1";""
"202400014401";"155756400";"A01";"1";"7";"6";"0";"1";"1";"1";""
"202400014402";"155756399";"A01";"2";"33";"13";"0";"1";"16";"1";""
"202400014403";"155756398";"B01";"1";"30";"0";"2";"1";"1";"1";""
"202400014403";"155756401";"A01";"2";"7";"0";"2";"2";"15";"1";""
"202400014404";"155756394";"B01";"1";"60";"0";"2";"2";"19";"5";""
"202400014404";"155756396";"A01";"1";"7";"0";"2";"3";"1";"0";""
"202400014405";"155756393";"A01";"2";"7";"0";"2";"3";"1";"1";""
"202400014405";"155756395";"C01";"1";"33";"0";"2";"7";"1";"1";""
"202400014405";"155756397";"B01";"2";"7";"0";"2";"8";"1";"1";""
"202400014406";"155756389";"A01";"3";"7";"0";"2";"1";"1";"1";""
"202400014406";"155756391";"B01";"1";"1";"0";"2";"7";"15";"5";""
"202400014407";"155756390";"B01";"2";"7";"0";"2";"1";"1";"1";""
"202400014407";"155756392";"A01";"1";"7";"8";"0";"5";"19";"1";""
"202400014408";"155756385";"A01";"0";"7";"0";"0";"4";"23";"1";""
"202400014408";"155756387";"B01";"0";"7";"0";"2";"1";"1";"1";""
"202400014409";"155756383";"B01";"1";"38";"0";"0";"0";"0";"1";"1"
"202400014409";"155756384";"A01";"1";"30";"0";"2";"1";"26";"3";""
"202400014410";"155756381";"A01";"2";"7";"4";"0";"3";"17";"1";""
"202400014411";"155756380";"A01";"1";"7";"0";"1";"1";"1";"1";""
"202400014412";"155756378";"A01";"1";"7";"0";"2";"1";"2";"1";""
"202400014412";"155756382";"B01";"1";"13";"0";"0";"6";"2";"1";""
"202400014413";"155756377";"B01";"3";"7";"0";"2";"2";"1";"1";""
"202400014413";"155756379";"A01";"3";"7";"0";"2";"6";"4";"1";""
"202400014414";"155756376";"A01";"1";"7";"0";"1";"1";"1";"1";""