"Num_Acc";"id_vehicule";"num_veh";"senc";"catv";"obs";"obsm";"choc";"manv";"motor";"occutc"
"202400014415";"155756374";"B01";"1";"7";"0";"2";"6";"20";"1";""
"202400014415";"155756375";"A01";"1";"33";"0";"2";"1";"1";"1";""
"202400014416";"155756373";"A01";"1";"33";"13";"0";"1";"1";"1";""
"202400014417";"155756371";"A01";"2";"7";"13";"0";"1";"1";"1";""
"202400014418";"155756370";"A01";"0";"1";"0";"2";"1";"2";"5";""
"202400014419";"155756369";"A01";"3";"7";"0";"2";"2";"15";"1";""
"202400014419";"155756372";"B01";"2";"16";"0";"2";"3";"1";"1";""
"202400014420";"155756368";"A01";"2";"7";"0";"0";"9";"2";"1";""
"202400014421";"155756367";"A01";"2";"1";"0";"0";"0";"1";"5";""
"202400014422";"155756365";"A01";"0";"33";"0";"2";"1";"13";"1";""
"202400014422";"155756366";"B01";"2";"7";"0";"2";"6";"2";"1";""
"202400014423";"155756364";"A01";"3";"37";"0";"1";"3";"1";"1";"1"
"202400014424";"155756362";"B01";"3";"7";"0";"2";"1";"1";"0";""
"202400014424";"155756363";"A01";"3";"7";"0";"0";"2";"13";"1";""
"202400014425";"155756360";"A01";"1";"7";"0";"1";"1";"1";"1";""
"202400014426";"155756359";"A01";"2";"50";"0";"1";"1";"1";"3";""
"202400014427";"155756357";"A01";"2";"14";"0";"2";"1";"2";"1";""
"202400014427";"155756358";"B01";"2";"7";"0";"2";"4";"2";"1";""
"202400014427";"155756361";"C01";"2";"14";"0";"2";"4";"2";"1";""
"202400014428";"155756353";"A01";"1";"7";"0";"2";"1";"2";"1";""
"202400014428";"155756355";"B01";"1";"7";"0";"2";"4";"23";"1";""
"202400014429";"155756352";"A01";"1";"2";"13";"2";"1";"17";"1";""
"202400014429";"155756356";"B01";"2";"7";"0";"2";"2";"16";"1";""
"202400014430";"155756351";"B01";"2";"99";"0";"2";"8";"26";"6";""
"202400014430";"155756354";"A01";"2";"7";"0";"5";"2";"17";"1";""
"202400014431";"155756350";"A01";"2";"33";"0";"0";"0";"1";"1";""
"202400014432";"155756348";"A01";"2";"7";"0";"2";"7";"15";"1";""
"202400014432";"155756349";"B01";"1";"30";"0";"2";"2";"1";"1";""
"202400014433";"155756347";"A01";"0";"7";"0";"1";"0";"0";"1";""
"202400014434";"155756343";"B01";"2";"1";"0";"2";"3";"1";"5";""
"202400014434";"155756346";"A01";"2";"7";"0";"2";"2";"17";"2";""
"202400014435";"155756342";"B01";"1";"7";"0";"2";"1";"13";"1";""
"202400014435";"155756344";"A01";"2";"10";"0";"2";"1";"1";"1";""
"202400014436";"155756341";"A01";"3";"7";"0";"2";"2";"9";"1";""
"202400014436";"155756345";"B01";"3";"80";"0";"2";"7";"1";"3";""
"202400014437";"155756340";"A01";"2";"7";"0";"1";"1";"1";"1";""
"202400014438";"155756339";"A01";"2";"7";"2";"0";"3";"13";"1";""
"202400014439";"155756338";"A01";"3";"37";"0";"1";"2";"1";"1";"1"
"202400014440";"155756337";"A01";"1";"7";"16";"9";"1";"1";"1";""
"202400014441";"155756334";"B01";"3";"99";"0";"9";"0";"0";"5";""
"202400014441";"155756336";"A01";"3";"1";"0";"9";"8";"21";"5";""
"202400014442";"155756333";"A01";"2";"7";"0";"2";"1";"1";"1";""
"202400014442";"155756335";"B01";"2";"7";"0";"2";"2";"19";"1";""
"202400014443";"155756330";"B01";"0";"10";"0";"2";"8";"0";"1";""
"202400014443";"155756332";"A01";"0";"7";"0";"2";"1";"0";"1";""
"202400014444";"155756328";"A01";"1";"7";"13";"0";"3";"1";"1";""
"202400014445";"155756331";"A01";"3";"7";"2";"0";"8";"16";"1";""
"202400014446";"155756327";"B01";"2";"7";"0";"2";"4";"23";"1";""
"202400014446";"155756329";"A01";"2";"10";"14";"2";"1";"1";"1";""
"202400014447";"155756323";"A01";"1";"2";"0";"2";"3";"0";"1";""
"202400014447";"155756326";"B01";"1";"7";"0";"2";"3";"0";"2";""
"202400014448";"155756321";"A01";"3";"7";"0";"2";"6";"9";"1";""
"202400014448";"155756325";"B01";"2";"7";"0";"2";"2";"21";"1";""
"202400014449";"155756320";"A01";"3";"7";"0";"2";"3";"1";"1";""
"202400014449";"155756322";"T01";"3";"7";"0";"0";"0";"0";"1";""
"202400014449";"155756324";"B01";"3";"33";"0";"2";"5";"16";"1";""
"202400014450";"155756318";"B01";"1";"14";"0";"2";"3";"1";"1";""
"202400014450";"155756319";"A01";"2";"7";"0";"2";"1";"11";"1";""
"202400014451";"155756315";"B01";"1";"7";"0";"2";"1";"1";"3";""
"202400014451";"155756317";"A01";"2";"7";"15";"2";"1";"13";"1";""
"202400014452";"155756314";"A01";"1";"33";"0";"2";"1";"21";"1";""
"202400014452";"155756316";"B01";"3";"7";"0";"2";"3";"15";"1";""
"202400014453";"155756312";"A01";"1";"2";"1";"0";"1";"1";"1";""
"202400014454";"155756309";"A01";"2";"7";"3";"2";"1";"2";"1";""
"202400014454";"155756311";"B01";"2";"7";"0";"0";"4";"2";"1";""
"202400014454";"155756313";"C01";"2";"7";"0";"2";"4";"2";"1";""
"202400014455";"155756306";"A01";"2";"7";"8";"0";"1";"1";"1";""
"202400014456";"155756305";"A01";"3";"7";"0";"2";"3";"15";"1";""
"202400014456";"155756308";"B01";"1";"7";"0";"2";"2";"21";"1";""
"202400014457";"155756307";"A01";"1";"30";"0";"2";"1";"1";"3";""
"202400014457";"155756310";"B01";"2";"7";"0";"2";"8";"15";"1";""
"202400014458";"155756304";"A01";"2";"33";"14";"0";"1";"1";"1";""
"202400014459";"155756302";"B01";"2";"80";"0";"2";"8";"10";"3";""
"202400014459";"155756303";"A01";"2";"7";"0";"2";"2";"17";"1";""
"202400014460";"155756299";"B01";"2";"7";"0";"2";"0";"1";"1";""
"202400014460";"155756301";"A01";"1";"30";"0";"2";"5";"1";"1";""
"202400014461";"155756298";"A01";"1";"7";"16";"0";"0";"1";"1";""
"202400014462";"155756295";"A01";"1";"14";"8";"2";"3";"5";"1";""
"202400014462";"155756296";"B01";"2";"7";"0";"2";"8";"1";"1";""
"202400014463";"155756294";"B01";"1";"7";"0";"2";"1";"1";"1";""
"202400014463";"155756297";"A01";"1";"7";"0";"2";"3";"15";"2";""
"202400014464";"155756291";"B01";"1";"33";"13";"0";"0";"21";"1";""
"202400014465";"155756292";"A01";"1";"7";"0";"2";"3";"13";"1";""
"202400014465";"155756293";"B01";"2";"10";"0";"2";"3";"1";"1";""
"202400014466";"155756289";"A01";"3";"7";"0";"2";"1";"9";"1";""
"202400014466";"155756290";"B01";"2";"1";"0";"2";"2";"1";"5";""
"202400014467";"155756286";"A01";"2";"7";"0";"2";"8";"9";"1";""
"202400014467";"155756288";"B01";"1";"1";"0";"2";"1";"1";"5";""
"202400014468";"155756285";"A01";"1";"7";"0";"2";"2";"13";"1";""
"202400014468";"155756287";"B01";"2";"7";"0";"2";"2";"21";"2";""
"202400014469";"155756283";"A01";"3";"1";"0";"2";"1";"1";"5";""
"202400014469";"155756284";"B01";"3";"7";"0";"2";"3";"16";"1";""
"202400014470";"155756282";"A01";"1";"7";"13";"0";"0";"1";"1";""
"202400014471";"155756281";"A01";"3";"7";"2";"0";"1";"14";"1";""
"202400014472";"155756280";"A01";"1";"7";"0";"1";"1";"1";"1";""
"202400014473";"155756278";"A01";"3";"50";"0";"1";"1";"1";"3";""
"202400014474";"155756277";"A01";"1";"7";"0";"2";"2";"15";"1";""
"202400014474";"155756279";"B01";"2";"34";"0";"2";"1";"1";"1";""
"202400014475";"155756274";"A01";"3";"0";"0";"2";"3";"13";"0";""
"202400014475";"155756275";"B01";"3";"1";"0";"0";"8";"1";"5";""
"202400014476";"155756276";"A01";"1";"7";"0";"1";"1";"1";"1";""
"202400014477";"155756273";"A01";"2";"7";"2";"0";"1";"0";"1";""
"202400014478";"155756272";"A01";"1";"33";"0";"0";"1";"1";"1";""
"202400014479";"155756270";"A01";"1";"7";"0";"0";"0";"0";"1";""
"202400014480";"155756268";"A01";"3";"7";"0";"2";"3";"26";"1";""
"202400014480";"155756271";"B01";"3";"2";"0";"2";"2";"0";"1";""
"202400014481";"155756267";"A01";"2";"7";"0";"9";"2";"11";"1";""
"202400014481";"155756269";"B01";"1";"1";"0";"2";"1";"1";"5";""
"202400014482";"155756265";"B01";"1";"7";"0";"2";"6";"9";"1";""
"202400014482";"155756266";"A01";"1";"7";"0";"2";"1";"1";"1";""
"202400014483";"155756264";"A01";"2";"7";"0";"1";"1";"15";"1";""
"202400014484";"155756263";"A01";"2";"7";"2";"0";"1";"2";"1";""
"202400014485";"155756262";"A01";"3";"7";"0";"1";"1";"26";"1";""
"202400014486";"155756260";"A01";"1";"7";"17";"0";"1";"14";"1";""
"202400014487";"155756259";"A01";"2";"2";"0";"2";"1";"17";"1";""
"202400014487";"155756261";"B01";"1";"7";"0";"2";"2";"9";"1";""
"202400014488";"155756252";"A01";"2";"1";"0";"9";"3";"1";"5";""
"202400014488";"155756255";"B01";"2";"1";"0";"0";"2";"1";"5";""
"202400014488";"155756257";"C01";"1";"1";"0";"0";"0";"1";"5";""
"202400014488";"155756258";"D01";"2";"1";"0";"9";"0";"1";"5";""
"202400014489";"155756251";"A01";"3";"7";"0";"2";"1";"2";"1";""
"202400014489";"155756254";"B01";"3";"7";"0";"2";"4";"23";"1";""
"202400014490";"155756250";"A01";"2";"7";"0";"2";"3";"17";"1";""
"202400014490";"155756253";"B01";"1";"7";"0";"2";"3";"1";"2";""
"202400014490";"155756256";"C01";"1";"10";"0";"2";"8";"1";"1";""
"202400014491";"155756249";"A01";"2";"33";"0";"0";"0";"1";"1";""
"202400014492";"155756248";"A01";"1";"10";"14";"0";"1";"1";"1";""
"202400014493";"155756243";"A01";"1";"7";"0";"2";"3";"0";"1";""
"202400014493";"155756246";"B01";"2";"17";"0";"0";"3";"0";"1";""
"202400014494";"155756247";"A01";"2";"7";"12";"0";"2";"1";"1";""
"202400014495";"155756241";"A01";"2";"2";"0";"6";"1";"0";"1";""
"202400014496";"155756240";"A01";"0";"7";"0";"0";"7";"1";"1";""
"202400014497";"155756237";"A01";"1";"33";"0";"6";"8";"21";"1";""
"202400014498";"155756238";"A01";"3";"7";"0";"2";"2";"20";"1";""
"202400014498";"155756239";"B01";"3";"1";"0";"2";"1";"1";"5";""
"202400014499";"155756236";"A01";"1";"14";"5";"0";"7";"14";"1";""
"202400014500";"155756232";"A01";"1";"7";"0";"2";"1";"1";"1";""
"202400014500";"155756234";"B01";"1";"7";"0";"0";"6";"3";"1";""
"202400014501";"155756230";"A01";"1";"7";"0";"2";"1";"17";"1";""
"202400014501";"155756233";"B01";"2";"7";"0";"2";"1";"1";"1";""
"202400014502";"155756231";"A01";"2";"30";"0";"2";"1";"1";"1";""
"202400014502";"155756235";"B01";"2";"10";"0";"2";"5";"23";"1";""
"202400014503";"155756226";"B01";"2";"7";"0";"2";"3";"1";"1";""
"202400014503";"155756229";"A01";"2";"15";"0";"2";"3";"11";"1";""
"202400014504";"155756224";"A01";"3";"7";"0";"2";"3";"1";"1";""
"202400014504";"155756228";"B01";"3";"7";"0";"2";"2";"1";"1";""
"202400014505";"155756222";"A01";"1";"7";"0";"2";"1";"13";"1";""
"202400014505";"155756223";"B01";"2";"10";"0";"2";"1";"1";"1";""
"202400014505";"155756225";"C01";"1";"7";"2";"0";"1";"21";"1";""
"202400014505";"155756227";"D01";"2";"7";"0";"2";"1";"1";"1";""
"202400014506";"155756220";"B01";"1";"7";"0";"0";"5";"3";"1";""
"202400014506";"155756221";"A01";"1";"7";"4";"2";"0";"0";"1";""
"202400014507";"155756217";"A01";"3";"1";"0";"2";"3";"15";"5";""
"202400014507";"155756218";"B01";"3";"7";"0";"2";"2";"17";"1";""
"202400014508";"155756216";"A01";"3";"10";"14";"2";"2";"1";"1";""
"202400014508";"155756219";"B01";"3";"7";"0";"2";"3";"1";"1";""
"202400014509";"155756215";"A01";"3";"7";" -1";" -1";" -1";" -1";"1";""
"202400014510";"155756213";"A01";"0";"7";"0";"2";"7";"9";"1";""
"202400014510";"155756214";"B01";"0";"33";"0";"2";"1";"7";"1";""
"202400014511";"155756208";"A01";"2";"7";"0";"2";"1";"1";"1";""
"202400014511";"155756210";"B01";"2";"7";"0";"2";"4";"1";"1";""
"202400014511";"155756212";"C01";"2";"7";"0";"0";"4";"1";"1";""
"202400014512";"155756209";"B01";"2";"7";"0";"2";"1";"1";"1";""
"202400014512";"155756211";"A01";"1";"7";"0";"2";"1";"21";"1";""
"202400014513";"155756206";"B01";"2";"7";"0";"2";"3";"1";"1";""
"202400014513";"155756207";"A01";"2";"80";"0";"2";"3";"1";"3";""
"202400014514";"155756204";"A01";"1";"7";"2";"0";"1";"19";"1";""
"202400014515";"155756203";"B01";"2";"7";"4";"0";"6";"2";"1";""
"202400014515";"155756205";"A01";"2";"7";"0";"2";"2";"11";"1";""
"202400014516";"155756199";"A01";"1";"7";"0";"2";"3";"13";"1";""
"202400014516";"155756201";"B01";"2";"7";"0";"2";"3";"1";"1";""
"202400014517";"155756196";"A01";"1";"7";"0";"0";"1";"2";"1";""
"202400014517";"155756198";"B01";"1";"7";"0";"0";"4";"2";"1";""
"202400014518";"155756195";"D01";"3";"32";"0";"0";"0";"23";"1";""
"202400014518";"155756197";"A01";"0";"7";"0";"2";"1";"1";"1";""
"202400014518";"155756200";"B01";"3";"7";"0";"0";"4";"23";"1";""
"202400014518";"155756202";"C01";"3";"7";"0";"2";"4";"23";"1";""
"202400014519";"155756194";"A01";"1";"7";"3";"0";"1";"14";"1";""
"202400014520";"155756193";"A01";"3";"10";"0";"1";"2";"1";"1";""
"202400014521";"155756192";"A01";"1";"7";"0";"1";"1";"16";"2";""
"202400014522";"155756191";"A01";"1";"7";"8";"0";"2";"1";"1";""
"202400014523";"155756189";"B01";"1";"7";"0";"0";"4";"0";"1";""
"202400014523";"155756190";"A01";"1";"7";"0";"2";"1";"0";"1";""
"202400014524";"155756186";"B01";"3";"7";"0";"9";"1";"1";"1";""
"202400014524";"155756188";"A01";"3";"1";"0";"2";"8";"19";"5";""
"202400014525";"155756185";"A01";"3";"7";"0";"2";"3";"1";"1";""
"202400014525";"155756187";"B01";"3";"7";"0";"2";"8";"15";"1";""
"202400014526";"155756182";"A01";"2";"32";"0";"2";"3";"1";"1";""
"202400014526";"155756183";"B01";"1";"32";"0";"2";"3";"1";"1";""
"202400014527";"155756178";"A01";"1";"7";"0";"0";"4";"1";"1";""
"202400014527";"155756180";"B01";"1";"7";"0";"2";"1";"1";"1";""
"202400014527";"155756184";"C01";"1";"7";"0";"2";"3";"1";"1";""
"202400014528";"155756177";"A01";"1";"7";"0";"2";"1";"1";"1";""
"202400014528";"155756181";"B01";"1";"1";"0";"2";"4";"1";"5";""
"202400014529";"155756176";"A01";"1";"7";"0";"2";"1";"9";"1";""
"202400014529";"155756179";"B01";"1";"33";"7";"0";"8";"1";"1";""
"202400014530";"155756175";"A01";"2";"7";"13";"0";"1";"1";"1";""
"202400014531";"155756174";"A01";"2";"7";"13";"0";"0";"0";"1";""
"202400014532";"155756173";"A01";"1";"7";"0";"1";"2";"2";"1";""
"202400014533";"155756171";"B01";"2";"38";"0";"2";"1";"1";"1";"1"
"202400014533";"155756172";"A01";"1";"33";"0";"2";"1";"0";"1";""
"202400014534";"155756169";"A01";"1";"10";"0";"2";"1";"11";"1";""
"202400014534";"155756170";"B01";"2";"7";"0";"2";"1";"1";"2";""
"202400014535";"155756166";"A01";"2";"7";"0";"2";"7";"12";"1";""
"202400014535";"155756168";"B01";"2";"33";"0";"2";"3";"3";"1";""
"202400014536";"155756164";"B01";"3";"7";"0";"2";"3";"1";"1";""
"202400014536";"155756167";"A01";"3";"32";"0";"2";"1";"13";"1";""
"202400014537";"155756165";"A01";"1";"2";"0";"0";"0";"13";"1";""
"202400014538";"155756162";"B01";"1";"7";"0";"2";"1";"1";"2";""
"202400014539";"155756160";"A01";"2";"7";"0";"2";"2";"21";"1";""
"202400014539";"155756161";"B01";"2";"2";"0";"2";"4";"15";"1";""
"202400014540";"155756163";"A01";"2";"7";"4";"0";"3";"13";"1";""
"202400014541";"155756157";"A01";"3";"7";"0";"2";"1";"16";"1";""
"202400014541";"155756159";"B01";"0";"7";"0";"2";"3";"0";"1";""
"202400014542";"155756154";"A01";"1";"7";"0";"2";"1";"1";"1";""
"202400014542";"155756155";"B01";"2";"7";"0";"2";"1";"1";"1";""
"202400014542";"155756158";"C01";"2";"7";"0";"2";"1";"1";"1";""
"202400014543";"155756152";"A01";"1";"7";"0";"2";"3";"1";"1";""
"202400014543";"155756153";"B01";"2";"3";"0";"2";"2";"1";"1";""
"202400014544";"155756151";"B01";"1";"7";"0";"2";"5";"1";"1";""
"202400014544";"155756156";"A01";"1";"7";"0";"2";"3";"12";"2";""
"202400014545";"155756148";"A01";"1";"37";"0";"1";"3";"1";"3";"2"
"202400014546";"155756146";"A01";"2";"10";"0";"2";"3";"1";"1";""
"202400014546";"155756149";"B01";"1";"3";"0";"2";"1";"13";"1";""
"202400014547";"155756147";"B01";"2";"1";"0";"2";"1";"1";"5";""
"202400014547";"155756150";"A01";"2";"3";"0";"2";"2";"15";"1";""
"202400014548";"155756145";"A01";"1";"80";"0";"0";"0";"1";"3";""
"202400014549";"155756144";"A01";"2";"7";"0";"1";"2";"1";"2";""
"202400014550";"155756143";"A01";"2";"7";"0";"1";"3";"5";"1";""
"202400014551";"155756140";"A01";"1";"7";"0";"0";"7";"1";"1";""
"202400014551";"155756142";"B01";"1";"31";"0";"2";"1";"1";"1";""
"202400014552";"155756139";"A01";"0";"7";"0";"1";"7";"26";"1";""
"202400014553";"155756138";"B01";"1";"7";"14";"0";"4";"23";"3";""
"202400014553";"155756141";"A01";"1";"14";"14";"2";"1";"1";"1";""
"202400014554";"155756134";"A01";"1";"33";"0";"2";"8";"3";"1";""
"202400014554";"155756137";"Z01";"1";"7";"0";"2";"7";"12";"1";""
"202400014555";"155756132";"B01";"1";"7";"0";"2";"1";"15";"1";""
"202400014555";"155756135";"A01";"2";"33";"1";"0";"8";"1";"1";""
"202400014555";"155756136";"C01";"1";"7";"0";"2";"3";"23";"1";""
"202400014556";"155756130";"B01";"1";"1";"0";"2";"1";"1";"5";""
"202400014556";"155756131";"Z01";"2";"1";"0";"2";"1";"17";"5";""
"202400014556";"155756133";"A01";"2";"1";"0";"2";"4";"1";"5";""
"202400014557";"155756128";"A01";"1";"7";"0";"2";"1";"2";"1";""
"202400014557";"155756129";"B01";"1";"7";"0";"2";"1";"2";"1";""
"202400014558";"155756126";"Z01";"0";"30";"0";"2";"2";"17";"0";""
"202400014559";"155756123";"A01";"1";"7";"0";"2";"4";"2";"1";""
"202400014559";"155756125";"B01";"1";"7";"0";"2";"7";"14";"1";""
"202400014560";"155756122";"A01";"1";"7";"0";"2";"2";"1";"1";""
"202400014560";"155756124";"B01";"1";"1";"0";"2";"4";"2";"5";""
"202400014561";"155756120";"A01";"1";"10";"4";"0";"8";"1";"1";""
"202400014562";"155756121";"A01";"2";"50";"0";"1";"1";"5";"3";""
"202400014563";"155756118";"B01";"2";"2";"3";"0";"1";"1";"1";""
"202400014563";"155756119";"A01";"1";"7";"0";"0";"3";"1";"1";""
"202400014564";"155756117";"A01";"2";"3";"4";"0";"1";"1";"3";""
"202400014565";"155756115";"A01";"1";"7";"0";"2";"8";"10";"1";""
"202400014565";"155756116";"B01";"1";"33";"0";"2";"1";"1";"1";""
"202400014566";"155756114";"A01";"2";"33";"4";"0";"1";"0";"1";""
"202400014567";"155756113";"A01";"1";"7";"0";"1";"1";"1";"1";""
"202400014568";"155756112";"Z01";"2";"10";"0";"1";"2";"1";"0";""
"202400014569";"155756109";"A01";"2";"7";"0";"2";"9";"1";"1";""
"202400014569";"155756111";"B01";"2";"7";"0";"2";"7";"18";" -1";""
"202400014570";"155756108";"B01";"0";"7";"0";"2";"1";"5";"1";""
"202400014570";"155756110";"A01";"0";"7";"0";"2";"1";"1";"1";""
"202400014571";"155756107";"A01";"2";"7";"0";"1";"1";"1";"2";""
"202400014572";"155756102";"A01";"2";"7";"0";"2";"1";"1";"1";""
"202400014572";"155756104";"B01";"2";"7";"0";"2";"5";"1";"1";""
"202400014572";"155756106";"C01";"2";"7";"0";"2";"1";"1";"1";""
"202400014573";"155756101";"A01";"3";"1";"0";"2";"2";"12";"5";""
"202400014573";"155756103";"B01";"1";"50";"0";"2";"1";"1";"3";""
"202400014574";"155756099";"A01";"1";"7";"4";"0";"3";"21";"1";""
"202400014575";"155756098";"A01";"2";"7";"0";"2";"1";"2";"1";""
"202400014575";"155756100";"B01";"2";"7";"0";"2";"4";"2";"2";""
"202400014576";"155756095";"A01";"1";"43";"0";"2";"8";"13";"1";""
"202400014576";"155756097";"B01";"1";"7";"0";"2";"7";"1";"1";""
"202400014577";"155756096";"A01";"2";"10";"0";"1";"1";"1";"1";""
"202400014578";"155756092";"C01";"1";"7";"0";"2";"4";"2";"0";""
"202400014578";"155756093";"A01";"1";"7";"0";"2";"1";"2";"1";""
"202400014578";"155756094";"B01";"1";"7";"0";"2";"4";"2";"1";""
"202400014579";"155756089";"A01";"1";"10";"0";"2";"1";"2";"1";""
"202400014579";"155756091";"B01";"1";"7";"0";"2";"4";"2";"1";""
"202400014580";"155756087";"B01";"2";"7";"0";"2";"4";"23";"3";""
"202400014580";"155756090";"A01";"2";"7";"0";"2";"1";"1";"0";""
"202400014581";"155756086";"A01";"1";"7";"0";"2";"1";"5";"1";""
"202400014581";"155756088";"B01";"1";"7";"0";"2";"1";"1";"1";""
"202400014582";"155756085";"A01";"3";"2";"16";"0";"1";"0";"1";""
"202400014583";"155756084";"A01";"1";"7";"13";"0";"1";"1";"1";""
"202400014584";"155756083";"A01";"2";"40";"0";"1";"3";"1";"3";""
"202400014585";"155756081";"A01";"3";"2";"0";"2";"2";"3";"1";""
"202400014585";"155756082";"B01";"3";"7";"0";"2";"3";"2";"1";""
"202400014586";"155756079";"A01";"2";"7";"0";"2";"1";"21";"1";""
"202400014586";"155756080";"B01";"2";"7";"0";"2";"5";"23";"1";""
"202400014587";"155756078";"A01";"3";"33";"13";"0";"1";"16";"1";""
"202400014588";"155756076";"A01";"2";"7";"0";"2";"5";"15";"1";""
"202400014588";"155756077";"B01";"2";"33";"0";"2";"1";"1";"1";""
"202400014589";"155756075";"A01";"1";"1";"0";"0";"1";"1";"5";""
"202400014590";"155756074";"A01";"2";"7";"4";"0";"1";"12";"1";""
"202400014591";"155756073";"Z01";"1";"37";"0";"1";"7";"1";"1";"1"
"202400014592";"155756070";"A01";"1";"7";"0";"2";"1";"2";"1";""
"202400014592";"155756071";"B01";"1";"7";"0";"2";"4";"2";"1";""
"202400014592";"155756072";"C01";"1";"7";"0";"2";"4";"2";"1";""
"202400014593";"155756068";"A01";"1";"7";"0";"1";"1";"14";"1";""
"202400014594";"155756065";"A01";"3";"10";"16";"0";"2";"15";"2";""
"202400014594";"155756066";"B01";"3";"33";"0";"2";"1";"1";"1";""
"202400014595";"155756064";"A01";"1";"7";"0";"2";"3";"1";"1";""
"202400014595";"155756067";"B01";"1";"7";"0";"2";"5";"1";"1";""
"202400014595";"155756069";"C01";"2";"7";"0";"2";"3";"1";"1";""
"202400014596";"155756062";"A01";"2";"33";"13";"0";"1";"1";"1";""
"202400014597";"155756063";"A01";"3";"7";"0";"1";"0";"19";"0";""
"202400014598";"155756060";"A01";"1";"31";"0";"2";"7";"1";"1";""
"202400014598";"155756061";"B01";"1";"7";"0";"2";"1";"15";"1";""
"202400014599";"155756057";"B01";"1";"1";"0";"2";"8";"9";"5";""
"202400014599";"155756059";"A01";"2";"30";"0";"2";"1";"26";"1";""
"202400014600";"155756055";"A01";"1";"7";"6";"0";"1";"1";"1";""
"202400014601";"155756054";"A01";"1";"7";"0";"2";"6";"17";"1";""
"202400014601";"155756056";"B01";"2";"43";"0";"2";"1";"1";"1";""
"202400014601";"155756058";"C01";"1";"37";"0";"2";"3";"23";"2";"1"
"202400014602";"155756051";"A01";"1";"30";"0";"2";"1";"1";"1";""
"202400014602";"155756053";"B01";"1";"7";"0";"2";"7";"19";"1";""
"202400014603";"155756050";"B01";"1";"32";"0";"2";"1";"1";"1";""
"202400014603";"155756052";"A01";"1";"7";"0";"2";"7";"1";"1";""
"202400014604";"155756049";"A01";"1";"1";"14";"0";"0";"0";"5";""
"202400014605";"155756047";"A01";"1";"7";"2";"1";"1";"15";"1";""
"202400014606";"155756046";"A01";"2";"7";"0";"2";"6";"9";"1";""
"202400014606";"155756048";"B01";"1";"10";"0";"2";"1";"1";"1";""
"202400014607";"155756043";"B01";"2";"7";"0";"0";"3";"15";"1";""
"202400014607";"155756045";"A01";"1";"1";"0";"2";"1";"1";"5";""
"202400014608";"155756042";"Z01";"1";"7";"12";"2";"3";"5";"1";""
"202400014608";"155756044";"A01";"1";"34";"0";"2";"3";"1";"1";""
"202400014609";"155756041";"A01";"1";"7";"12";"0";"1";"1";"1";""
"202400014610";"155756038";"A01";"2";"7";"0";"2";"1";"1";"1";""
"202400014610";"155756040";"B01";"2";"10";"0";"2";"4";"2";"1";""
"202400014611";"155756037";"A01";"3";"7";"0";"2";"2";"9";"1";""
"202400014611";"155756039";"B01";"3";"7";"0";"2";"7";"1";"1";""
"202400014612";"155756035";"A01";"3";"7";"0";"2";"8";"2";"1";""
"202400014612";"155756036";"B01";"0";"7";"0";"2";"1";"11";"1";""
"202400014613";"155756034";"A01";"1";"7";"8";"1";"1";"26";"1";""
"202400014614";"155756032";"A01";"1";"50";"0";"2";"1";"1";"3";""
"202400014614";"155756033";"B01";"1";"7";"0";"2";"1";"1";"1";""
"202400014615";"155756031";"A01";"1";"10";"0";"1";"2";"5";"0";""
"202400014616";"155756028";"A01";"3";"7";"1";"0";"8";"1";"1";""
"202400014617";"155756027";"A01";"2";"7";"0";"1";"2";"26";"1";""
"202400014618";"155756026";"A01";"2";"80";"0";"1";"1";"1";"3";""
"202400014619";"155756025";"A01";"1";"0";"0";"1";"1";"1";"0";""
"202400014620";"155756023";"A01";"2";"7";"0";"1";"6";"20";"1";""
"202400014621";"155756022";"B01";"2";"32";"0";"2";"1";"0";"1";""
"202400014621";"155756024";"A01";"2";"7";"0";"2";"2";"15";"1";""
"202400014622";"155756020";"A01";"1";"10";"0";"2";"2";"1";"3";""
"202400014622";"155756021";"B01";"2";"50";"0";"2";"7";"19";"3";""
"202400014623";"155756019";"A01";"2";"7";"1";"0";"2";"1";"3";""
"202400014624";"155756018";"A01";"2";"33";"14";"0";"1";"0";"1";""
"202400014625";"155756015";"B01";"1";"17";"0";"2";"1";"1";"1";""
"202400014625";"155756016";"A01";"1";"7";"0";"2";"8";"1";"1";""
"202400014626";"155756014";"A01";"1";"7";"0";"2";"7";"1";"1";""
"202400014626";"155756017";"B01";"1";"7";"0";"2";"1";"2";"1";""
"202400014627";"155756013";"A01";"1";"1";"0";"0";"9";"1";"5";""
"202400014628";"155756012";"A01";"3";"7";"13";"0";"1";"14";"1";""
"202400014629";"155756011";"A01";"2";"30";"1";"5";"1";"21";"1";""
"202400014630";"155756010";"A01";"3";"7";"0";"1";"2";"2";"1";""
"202400014631";"155756008";"A01";"1";"14";"0";"2";"1";"1";"1";""
"202400014631";"155756009";"B01";"2";"7";"0";"2";"1";"5";"1";""
"202400014632";"155756006";"B01";"1";"80";"0";"2";"1";"19";"3";""
"202400014632";"155756007";"A01";"1";"7";"0";"2";"1";"16";"1";""
"202400014633";"155756004";"A01";"3";"13";"0";"2";"3";"15";"1";""
"202400014633";"155756005";"B01";"3";"7";"0";"2";"7";"1";"1";""
"202400014634";"155756002";"B01";"3";"7";"0";"2";"7";"1";"1";""
"202400014634";"155756003";"A01";"1";"50";"0";"2";"1";"2";"3";""
"202400014635";"155756001";"A01";"3";"7";"9";"0";"1";"1";"1";""