"Num_Acc";"id_vehicule";"num_veh";"senc";"catv";"obs";"obsm";"choc";"manv";"motor";"occutc"
"202400014636";"155755999";"A01";"1";"7";"0";"2";"1";"1";"1";""
"202400014636";"155756000";"B01";"1";"1";"0";"2";"0";"19";"5";""
"202400014637";"155755998";"A01";"2";"7";"2";"0";"2";"1";"1";""
"202400014638";"155755997";"A01";"2";"7";"0";"1";"3";"1";"1";""
"202400014639";"155755993";"C01";"2";"7";"0";"0";"6";"1";"3";""
"202400014639";"155755994";"A01";"2";"7";"0";"2";"2";"1";"1";""
"202400014639";"155755995";"B01";"2";"7";"0";"0";"8";"11";"1";""
"202400014640";"155755992";"A01";"3";"40";"0";"1";"5";"1";"0";""
"202400014641";"155755990";"A01";"1";"10";"0";"2";"8";"22";"1";""
"202400014641";"155755991";"B01";"1";"1";"1";"0";"1";"1";"5";""
"202400014642";"155755988";"A01";"3";"7";"0";"2";"2";"18";"1";""
"202400014642";"155755989";"B01";"3";"31";"0";"2";"3";"0";"1";""
"202400014643";"155755986";"A01";"1";"32";"0";"2";"1";"17";"1";""
"202400014643";"155755987";"B01";"2";"7";"0";"2";"3";"1";"1";""
"202400014644";"155755984";"Z01";"2";"7";"0";"2";"1";"0";"0";""
"202400014644";"155755985";"A01";"2";"34";"0";"2";"4";"12";"1";""
"202400014645";"155755982";"A01";"1";"32";"0";"2";"0";"1";"1";""
"202400014645";"155755983";"B01";"1";"1";"0";"2";"0";"15";"5";""
"202400014646";"155755979";"C01";"1";"7";"9";"2";"4";"24";"2";""
"202400014646";"155755980";"A01";"1";"7";"0";"2";"1";"13";"1";""
"202400014646";"155755981";"B01";"1";"7";"1";"2";"6";"1";"1";""
"202400014647";"155755978";"A01";"2";"33";"14";"0";"1";"1";"1";""
"202400014648";"155755974";"D01";"1";"7";"0";"2";"4";"2";"1";""
"202400014648";"155755975";"C01";"1";"10";"0";"2";"2";"23";"1";""
"202400014648";"155755976";"A01";"1";"7";"0";"2";"1";"1";"1";""
"202400014648";"155755977";"B01";"1";"7";"0";"2";"4";"2";"1";""
"202400014649";"155755973";"A01";"2";"7";"12";"0";"1";"15";"1";""
"202400014650";"155755972";"A01";"1";"50";"11";"0";"0";"0";"3";""
"202400014651";"155755970";"B01";"1";"80";"0";"2";"7";"1";"3";""
"202400014651";"155755971";"A01";"2";"3";"0";"2";"1";"1";"1";""
"202400014652";"155755968";"B01";"3";"7";"0";"2";"1";"21";"1";""
"202400014652";"155755969";"A01";"3";"7";"0";"2";"1";"15";"1";""
"202400014653";"155755966";"A01";"1";"7";"0";"2";"3";"15";"1";""
"202400014653";"155755967";"B01";"1";"7";"0";"2";"2";"15";"1";""
"202400014654";"155755965";"A01";"3";"7";"2";"0";"9";"1";"1";""
"202400014655";"155755963";"A01";"2";"7";"0";"2";"1";"1";"1";""
"202400014655";"155755964";"B01";"2";"7";"0";"2";"4";"1";"1";""
"202400014656";"155755961";"A01";"1";"10";"0";"2";"3";"13";"1";""
"202400014656";"155755962";"B01";"2";"7";"0";"2";"3";"1";"1";""
"202400014657";"155755960";"A01";"1";"7";"12";"0";"2";"14";"1";""
"202400014658";"155755959";"A01";"2";"10";"0";"1";"1";"1";"1";""
"202400014659";"155755958";"A01";"1";"7";"12";"1";"2";"1";"1";""
"202400014660";"155755956";"Z01";"1";"7";"0";"2";"5";"12";"0";""
"202400014660";"155755957";"A01";"1";"33";"0";"2";"3";"1";"1";""
"202400014661";"155755954";"B01";"1";"33";"0";"2";"8";"1";"1";""
"202400014661";"155755955";"A01";"1";"7";"0";"2";"7";"12";"1";""
"202400014662";"155755953";"B01";"1";"32";"0";"1";"1";"19";"3";""
"202400014663";"155755951";"A01";"1";"7";"0";"9";"1";"26";"1";""
"202400014663";"155755952";"B01";"0";"50";"0";"2";"1";"19";"3";""
"202400014664";"155755949";"B01";"3";"1";"0";"2";"8";"1";"5";""
"202400014664";"155755950";"A01";"3";"37";"0";"2";"7";"1";"2";"1"
"202400014665";"155755948";"Z01";"1";"7";"0";"1";"2";"1";"1";""
"202400014666";"155755946";"A01";"1";"7";"0";"2";"3";"13";"1";""
"202400014666";"155755947";"B01";"1";"7";"0";"2";"7";"1";"2";""
"202400014667";"155755944";"B01";"0";"34";"0";"2";"3";"1";"1";""
"202400014667";"155755945";"A01";"0";"10";"0";"2";"2";"26";"1";""
"202400014668";"155755943";"A01";"1";"50";"12";"0";"1";"13";"3";""
"202400014669";"155755941";"A01";"1";"7";"0";"2";"1";"23";"0";""
"202400014669";"155755942";"B01";"2";"50";"0";"2";"7";"2";"3";""
"202400014670";"155755938";"A01";"3";"7";"4";"2";"3";"17";"1";""
"202400014670";"155755939";"B01";"3";"7";"0";"2";"2";"1";"1";""
"202400014670";"155755940";"C01";"3";"7";"0";"2";"6";"1";"2";""
"202400014671";"155755936";"A01";"2";"7";"0";"2";"0";"0";"0";""
"202400014671";"155755937";"B01";"2";"1";"0";"2";"0";"0";"5";""
"202400014672";"155755932";"C01";"0";"7";"0";"2";"2";"0";"1";""
"202400014672";"155755933";"D01";"0";"7";"0";"2";"3";"0";"1";""
"202400014672";"155755934";"B01";"0";"33";"0";"2";"6";"9";"1";""
"202400014672";"155755935";"A01";"0";"33";"0";"2";"1";"1";"1";""
"202400014673";"155755930";"B01";"0";"37";"0";"2";"4";"0";"1";"1"
"202400014673";"155755931";"A01";"0";"7";"0";"2";"1";"1";"1";""
"202400014674";"155755928";"B01";"1";"7";"0";"2";"6";"15";"2";""
"202400014674";"155755929";"A01";"2";"7";"0";"2";"3";"2";"1";""
"202400014675";"155755927";"A01";"2";"7";"0";"1";"1";"1";"1";""
"202400014676";"155755925";"B01";"2";"50";"0";"2";"1";"5";"3";""
"202400014676";"155755926";"A01";"1";"10";"0";"9";"7";"2";"0";""
"202400014677";"155755924";"A01";"1";"7";"0";"1";"1";"1";"1";""
"202400014678";"155755922";"A01";"3";"7";"0";"2";"2";"16";"0";""
"202400014678";"155755923";"B01";"3";"1";"0";"2";"3";"1";"5";""
"202400014679";"155755921";"A01";"1";"30";"0";"0";"0";"2";"1";""
"202400014680";"155755920";"A01";"3";"7";"0";"2";"7";"1";"2";""
"202400014681";"155755918";"A01";"3";"7";"0";"2";"0";"26";"0";""
"202400014681";"155755919";"B01";"3";"1";"0";"2";"0";"0";"5";""
"202400014682";"155755916";"A01";"2";"7";"0";"2";"1";"1";"1";""
"202400014682";"155755917";"B01";"2";"30";"0";"2";"7";"9";"1";""
"202400014683";"155755915";"A01";"2";"33";"0";"0";"1";"0";"1";""
"202400014684";"155755913";"A01";"2";"7";"0";"2";"2";"13";"1";""
"202400014684";"155755914";"B01";"1";"17";"0";"2";"2";"21";"1";""
"202400014685";"155755911";"B01";"2";"7";"0";"2";"2";"1";"1";""
"202400014685";"155755912";"A01";"1";"7";"16";"2";"3";"9";"1";""
"202400014686";"155755909";"A01";"3";"7";"0";"2";"6";"15";"1";""
"202400014686";"155755910";"B01";"3";"33";"0";"2";"2";"1";"1";""
"202400014687";"155755907";"A01";"1";"30";"9";"0";"1";"14";"1";""
"202400014688";"155755903";"B01";"1";"80";"0";"2";"3";"0";"3";""
"202400014688";"155755905";"A01";"1";"7";"0";"2";"2";"15";"1";""
"202400014689";"155755902";"A01";"1";"7";"0";"2";"1";"2";"1";""
"202400014689";"155755904";"B01";"1";"7";"0";"0";"4";"2";"1";""
"202400014689";"155755906";"C01";"1";"7";"0";"0";"4";"2";"1";""
"202400014689";"155755908";"D01";"1";"7";"0";"2";"2";"2";"1";""
"202400014690";"155755900";"A01";"1";"1";"0";"2";"2";"10";"5";""
"202400014690";"155755901";"B01";"1";"30";"0";"2";"2";"1";"1";""
"202400014691";"155755899";"A01";"1";"31";"0";"0";"9";"1";"1";""
"202400014692";"155755897";"A01";"2";"1";"0";"9";"4";"15";"5";""
"202400014692";"155755898";"B01";"2";"50";"0";"9";"1";"1";"3";""
"202400014693";"155755896";"A01";"1";"33";"0";"0";"1";"1";"1";""
"202400014694";"155755895";"A01";"1";"34";"0";"0";"1";"1";"1";""
"202400014695";"155755894";"A01";"1";"43";"0";"0";"9";"13";"1";""
"202400014696";"155755892";"A01";"1";"7";"0";"2";"8";"9";"1";""
"202400014696";"155755893";"B01";"1";"7";"0";"2";"7";"2";" -1";""
"202400014697";"155755889";"B01";"1";"7";"0";"2";"3";"1";"1";""
"202400014697";"155755891";"A01";"2";"7";"14";"2";"3";"13";"1";""
"202400014698";"155755888";"A01";"2";"50";"0";"2";"1";"1";"3";""
"202400014698";"155755890";"B01";"2";"7";"0";"2";"8";"15";"1";""
"202400014699";"155755886";"A01";"1";"7";"0";"9";"3";"13";"1";""
"202400014699";"155755887";"B01";"2";"1";"0";"2";"1";"1";"5";""
"202400014700";"155755884";"B01";"3";"7";"0";"2";"1";"1";"1";""
"202400014700";"155755885";"A01";"3";"1";"0";"2";"7";"19";"5";""
"202400014701";"155755882";"A01";"1";"7";"7";"0";"2";"14";"1";""
"202400014702";"155755881";"B01";"1";"7";"0";"2";"8";"11";"1";""
"202400014702";"155755883";"A01";"1";"2";"0";"2";"0";"1";"1";""
"202400014703";"155755880";"A01";"1";"7";"1";"0";"4";"26";"2";""
"202400014704";"155755879";"A01";"1";"7";"0";"0";"1";"2";"1";""
"202400014705";"155755876";"B01";"2";"31";"0";"2";"2";"5";"1";""
"202400014705";"155755877";"A01";"1";"7";"0";"2";"1";"1";"1";""
"202400014706";"155755875";"A01";"1";"10";"0";"2";"3";"1";"1";""
"202400014706";"155755878";"B01";"1";"50";"0";"2";"1";"1";"3";""
"202400014707";"155755873";"A01";"1";"7";"0";"1";"2";"1";"1";""
"202400014708";"155755872";"B01";"2";"99";"0";"2";"3";"0";"6";""
"202400014708";"155755874";"A01";"1";"1";"0";"2";"0";"0";"5";""
"202400014709";"155755870";"B01";"2";"50";"0";"2";"1";"1";"3";""
"202400014709";"155755871";"A01";"2";"7";"0";"2";"3";"1";"1";""
"202400014710";"155755869";"A01";"1";"7";"2";"0";"5";"14";"1";""
"202400014711";"155755868";"A01";"1";"15";"0";"1";"1";"0";"1";""
"202400014712";"155755866";"B01";"2";"50";"0";"2";"8";"1";"3";""
"202400014712";"155755867";"A01";"1";"7";"0";"2";"1";"1";"1";""
"202400014713";"155755865";"A01";"3";"7";"0";"1";"3";"17";"1";""
"202400014714";"155755864";"A01";"2";"7";"0";"1";"2";"1";"1";""
"202400014715";"155755862";"A01";"0";"7";"13";"0";"1";"1";"1";""
"202400014716";"155755861";"A01";"1";"7";"0";"2";"2";"16";"1";""
"202400014716";"155755863";"B01";"1";"37";"0";"2";"3";"1";"1";"3"
"202400014717";"155755860";"A01";"1";"36";"0";"0";"7";"15";"1";""
"202400014718";"155755858";"A01";"3";"7";"0";"2";"8";"15";"1";""
"202400014718";"155755859";"B01";"3";"50";"0";"2";"1";"5";"3";""
"202400014719";"155755857";"A01";"1";"7";"0";"0";"0";"0";"2";""
"202400014720";"155755855";"A01";"1";"10";"0";"2";"3";"19";"1";""
"202400014720";"155755856";"B01";"2";"7";"0";"2";"3";"1";"1";""
"202400014721";"155755853";"B01";"1";"33";"0";"2";"8";"9";"1";""
"202400014721";"155755854";"A01";"1";"7";"0";"2";"3";"1";"1";""
"202400014722";"155755850";"A01";"1";"33";"0";"0";"0";"0";"1";""
"202400014723";"155755849";"B01";"3";"7";"0";"2";"7";"1";"1";""
"202400014723";"155755851";"C01";"3";"7";"0";"2";"7";"1";"1";""
"202400014723";"155755852";"A01";"3";"7";"0";"2";"3";"1";"1";""
"202400014724";"155755847";"A01";"2";"30";"0";"2";"1";"2";"1";""
"202400014724";"155755848";"B01";"2";"7";"0";"2";"4";"1";"1";""
"202400014725";"155755846";"A01";"1";"1";"0";"1";"2";"21";"5";""
"202400014726";"155755845";"A01";"3";"32";"0";"1";"0";"26";"0";""
"202400014727";"155755844";"A01";"3";"32";"6";"0";"9";"1";"1";""
"202400014728";"155755842";"B01";"2";"7";"0";"2";"8";"15";"1";""
"202400014728";"155755843";"A01";"2";"33";"0";"2";"1";"17";"1";""
"202400014729";"155755840";"B01";"3";"2";"0";"2";"1";"3";"3";""
"202400014729";"155755841";"A01";"2";"7";"0";"2";"3";"15";"1";""
"202400014730";"155755838";"A01";"1";"14";"0";"2";"7";"16";"1";""
"202400014730";"155755839";"B01";"1";"1";"0";"2";"8";"1";"5";""
"202400014731";"155755837";"A01";"2";"50";"0";"1";"3";"16";"3";""
"202400014732";"155755835";"A01";"1";"1";"0";"2";"7";"19";"5";""
"202400014732";"155755836";"B01";"2";"7";"0";"2";"2";"1";"1";""
"202400014733";"155755833";"B01";"2";"33";"0";"2";"1";"1";"1";""
"202400014733";"155755834";"A01";"2";"7";"0";"2";"3";"15";"1";""
"202400014734";"155755831";"A01";"1";"10";"0";"2";"3";"15";"1";""
"202400014734";"155755832";"B01";"2";"33";"0";"2";"1";"1";"1";""
"202400014735";"155755827";"A01";"2";"30";"0";"2";"1";"18";"1";""
"202400014735";"155755828";"B01";"1";"10";"0";"2";"3";"15";"1";""
"202400014736";"155755825";"B01";"1";"7";"0";"2";"6";"15";"1";""
"202400014736";"155755826";"Z01";"1";"7";"0";"2";"0";"0";"1";""
"202400014737";"155755823";"A01";"2";"7";"1";"2";"1";"1";"1";""
"202400014737";"155755824";"B01";"1";"7";"1";"2";"7";"15";"2";""
"202400014738";"155755821";"B01";"3";"60";"0";"2";"1";"19";"5";""
"202400014738";"155755822";"A01";"1";"7";"0";"9";"2";"1";"2";""
"202400014739";"155755819";"A01";"3";"7";"0";"2";"7";"15";"1";""
"202400014739";"155755820";"B01";"0";"30";"0";"2";"2";"1";"1";""
"202400014740";"155755818";"A01";"1";"7";"0";"1";"0";"1";"1";""
"202400014741";"155755816";"B01";"3";"0";"0";"2";"0";"0";"0";""
"202400014741";"155755817";"A01";"0";"7";"0";"2";"1";"1";"1";""
"202400014742";"155755815";"A01";"1";"7";"0";"1";"1";"1";"1";""
"202400014743";"155755813";"B01";"3";"33";"0";"2";"1";"17";"1";""
"202400014743";"155755814";"A01";"3";"7";"0";"2";"1";"15";"1";""
"202400014744";"155755811";"A01";"3";"10";"1";"0";"4";"20";"1";""
"202400014744";"155755812";"B01";"3";"7";"0";"2";"0";"24";"1";""
"202400014745";"155755809";"A01";"1";"50";"0";"2";"7";"1";"3";""
"202400014745";"155755810";"B01";"3";"7";"0";"2";"1";"1";"2";""
"202400014746";"155755807";"B01";"3";"7";"0";"2";"2";"1";"1";""
"202400014746";"155755808";"A01";"3";"7";"0";"2";"1";"9";"1";""
"202400014747";"155755805";"B01";"2";"33";"0";"2";"5";"16";"1";""
"202400014747";"155755806";"A01";"2";"7";"0";"2";"3";"16";"2";""
"202400014748";"155755803";"A01";"1";"34";"0";"2";"7";"1";"3";""
"202400014748";"155755804";"B01";"1";"7";"0";"2";"3";"20";"1";""
"202400014749";"155755801";"B01";"2";"7";"0";"2";"4";"1";"1";""
"202400014749";"155755802";"A01";"2";"10";"0";"2";"1";"1";"1";""
"202400014750";"155755799";"B01";"2";"7";"0";"2";"3";"1";"1";""
"202400014750";"155755800";"A01";"1";"10";"0";"2";"1";"15";"1";""
"202400014751";"155755797";"A01";"2";"33";"0";"2";"3";"3";"1";""
"202400014751";"155755798";"B01";"2";"10";"0";"0";"3";"2";"1";""
"202400014752";"155755795";"A01";"2";"31";"0";"2";"1";"3";"1";""
"202400014752";"155755796";"B01";"2";"7";"0";"2";"6";"11";"1";""
"202400014753";"155755792";"C01";"1";"33";"2";"0";"7";"2";"1";""
"202400014753";"155755793";"A01";"1";"7";"2";"0";"1";"2";"1";""
"202400014753";"155755794";"B01";"1";"7";"2";"0";"4";"2";"2";""
"202400014754";"155755790";"A01";"1";"10";"0";"2";"2";"1";"1";""
"202400014754";"155755791";"B01";"1";"7";"0";"2";"3";"1";"1";""
"202400014755";"155755789";"A01";"1";"7";"0";"1";"3";"1";"2";""
"202400014756";"155755788";"A01";"2";"31";"0";"0";"7";"1";"1";""
"202400014757";"155755786";"B01";"2";"33";"0";"2";"7";"1";"1";""
"202400014757";"155755787";"A01";"1";"7";"0";"2";"7";"26";"1";""
"202400014758";"155755785";"A01";"3";"99";"0";"1";"1";"25";"3";""
"202400014759";"155755783";"B01";"3";"7";"0";"2";"1";"2";"1";""
"202400014759";"155755784";"A01";"3";"7";"0";"2";"7";"15";"1";""
"202400014760";"155755781";"B01";"3";"10";"0";"2";"3";"1";"1";""
"202400014760";"155755782";"A01";"3";"10";"0";"2";"1";"5";"1";""
"202400014761";"155755779";"A01";"2";"50";"0";"2";"4";"15";"3";""
"202400014761";"155755780";"B01";"1";"80";"0";"2";"4";"1";"3";""
"202400014762";"155755777";"B01";"3";"7";"0";"2";"4";"2";"2";""
"202400014762";"155755778";"A01";"3";"7";"0";"2";"1";"2";"2";""
"202400014763";"155755774";"C01";"1";"33";"0";"2";"4";"1";"1";""
"202400014763";"155755775";"B01";"1";"7";"0";"2";"4";"1";"1";""
"202400014763";"155755776";"A01";"1";"7";"0";"2";"1";"1";"3";""
"202400014764";"155755772";"A01";"0";"7";"0";"2";"1";"1";"1";""
"202400014764";"155755773";"B01";"2";"7";"0";"2";"4";"1";"2";""
"202400014765";"155755771";"A01";"1";"80";"11";"0";"8";"11";"3";""
"202400014766";"155755769";"A01";"1";"50";"0";"2";"8";"1";"3";""
"202400014766";"155755770";"B01";"1";"7";"0";"2";"1";"15";"2";""
"202400014767";"155755768";"A01";"1";"80";"0";"0";"2";"2";"3";""
"202400014768";"155755766";"A01";"1";"7";"0";"2";"2";"16";"1";""
"202400014768";"155755767";"B01";"1";"32";"0";"2";"1";"18";"1";""
"202400014769";"155755765";"A01";"1";"7";"0";"1";"2";"17";"1";""
"202400014770";"155755764";"A01";"1";"7";"1";"0";"2";"14";"1";""
"202400014771";"155755761";"A01";"2";"7";"0";"2";"1";"1";"1";""
"202400014771";"155755762";"B01";"2";"7";"0";"2";"4";"1";"2";""
"202400014771";"155755763";"C01";"2";"10";"0";"2";"4";"1";"1";""
"202400014772";"155755759";"A01";"2";"7";"0";"2";"1";"2";"1";""
"202400014772";"155755760";"B01";"2";"7";"0";"2";"4";"23";"1";""
"202400014773";"155755757";"A01";"3";"7";"0";"2";"2";"21";"1";""
"202400014773";"155755758";"B01";"3";"7";"0";"2";"6";"16";"1";""
"202400014774";"155755756";"A01";"1";"7";"0";"1";"3";"1";"1";""
"202400014775";"155755754";"A01";"1";"7";"0";"2";"1";"1";"1";""
"202400014775";"155755755";"B01";"1";"7";"0";"2";"4";"2";"1";""
"202400014776";"155755753";"A01";"2";"7";"1";"0";"1";"16";"1";""
"202400014777";"155755752";"A01";"2";"7";"0";"1";"1";"2";"1";""
"202400014778";"155755750";"B01";"1";"7";"0";"2";"0";"0";"1";""
"202400014778";"155755751";"A01";"1";"50";"0";"2";"1";"21";"3";""
"202400014779";"155755749";"A01";"1";"14";"0";"1";"3";"19";"1";""
"202400014780";"155755748";"A01";"1";"31";"0";"1";"1";"21";"3";""
"202400014781";"155755746";"A01";"1";"10";"0";"2";"4";"19";"1";""
"202400014781";"155755747";"B01";"1";"10";"0";"2";"4";"1";"1";""
"202400014782";"155755745";"A01";"1";"50";"0";"0";"0";"1";"3";""
"202400014783";"155755743";"B01";"3";"1";"0";"2";"1";"2";"5";""
"202400014783";"155755744";"A01";"3";"10";"0";"2";"0";"9";"1";""
"202400014784";"155755741";"A01";"3";"7";"16";"2";"3";"19";"1";""
"202400014784";"155755742";"B01";"2";"30";"0";"2";"1";"0";"3";""
"202400014785";"155755740";"A01";"2";"30";"0";"0";"7";"16";"1";""
"202400014786";"155755738";"A01";"1";"7";"0";"2";"2";"1";"1";""
"202400014786";"155755739";"B01";"1";"33";"0";"2";"1";"1";"1";""
"202400014787";"155755736";"A01";"3";"30";"0";"2";"1";"1";"1";""
"202400014787";"155755737";"B01";"3";"7";"0";"2";"6";"16";"1";""
"202400014788";"155755734";"A01";"1";"7";"0";"2";"7";"19";"1";""
"202400014788";"155755735";"B01";"2";"33";"0";"2";"1";"1";"1";""
"202400014789";"155755733";"A01";"2";"7";"15";"0";"1";"1";"1";""
"202400014790";"155755732";"A01";"1";"33";"9";"0";"1";"1";"1";""
"202400014791";"155755731";"A01";"2";"38";"13";"0";"2";"1";"1";"8"
"202400014792";"155755729";"B01";"1";"33";"0";"2";"1";"1";"1";""
"202400014792";"155755730";"A01";"2";"7";"0";"2";"3";"19";"1";""
"202400014793";"155755728";"A01";"1";"7";"13";"0";"2";"13";"1";""
"202400014794";"155755726";"A01";"3";"7";"6";"2";"8";"13";"1";""
"202400014794";"155755727";"B01";"3";"7";"0";"2";"1";"1";"1";""
"202400014795";"155755723";"A01";"1";"7";"0";"2";"1";"17";"1";""
"202400014795";"155755724";"B01";"2";"7";"0";"2";"4";"1";"1";""
"202400014795";"155755725";"C01";"1";"7";"0";"2";"4";"1";"1";""
"202400014796";"155755721";"B01";"1";"7";"0";"2";"3";"1";"1";""
"202400014796";"155755722";"A01";"2";"7";"0";"2";"3";"13";"1";""
"202400014797";"155755719";"B01";"2";"80";"0";"2";"8";"1";"3";""
"202400014797";"155755720";"A01";"2";"7";"0";"2";"7";"17";"1";""
"202400014798";"155755717";"A01";"3";"1";"0";"2";"1";"1";"5";""
"202400014798";"155755718";"B01";"3";"7";"0";"2";"2";"1";"2";""
"202400014799";"155755716";"A01";"0";"7";"15";"0";"1";"0";"1";""
"202400014800";"155755714";"A01";"1";"7";"0";"0";"8";"16";"1";""
"202400014800";"155755715";"B01";"1";"7";"0";"2";"1";"1";"1";""
"202400014801";"155755712";"A01";"1";"7";"0";"0";"3";"15";"1";""
"202400014801";"155755713";"B01";"1";"36";"0";"2";"2";"17";"1";""
"202400014802";"155755710";"B01";"2";"7";"0";"2";"2";"1";"1";""
"202400014802";"155755711";"A01";"2";"1";"0";"0";"8";"0";"5";""
"202400014803";"155755708";"A01";"2";"33";"0";"2";"3";"13";"1";""
"202400014803";"155755709";"B01";"2";"15";"0";"2";"3";"1";"1";""
"202400014804";"155755707";"A01";"2";"7";"2";"0";"2";"1";"1";""
"202400014805";"155755706";"A01";"2";"7";"3";"0";"3";"13";"1";""
"202400014806";"155755704";"A01";"1";"7";"0";"2";"3";"13";"1";""
"202400014806";"155755705";"B01";"2";"15";"0";"2";"3";"1";"1";""
"202400014807";"155755701";"A01";"1";"7";"0";"2";"1";"21";"1";""
"202400014807";"155755702";"B01";"1";"7";"0";"2";"8";"15";"1";""
"202400014807";"155755703";"C01";"2";"7";"0";"2";"8";"1";"1";""
"202400014808";"155755700";"A01";"2";"33";"0";"0";"9";"1";"1";""
"202400014809";"155755699";"A01";"2";"33";"3";"0";"8";"0";"1";""
"202400014810";"155755698";"A01";"2";"10";"13";"0";"2";"0";"1";""
"202400014811";"155755696";"A01";"1";"2";"14";"2";"1";"1";"1";""
"202400014811";"155755697";"B01";"1";"7";"0";"2";"2";"12";"1";""
"202400014812";"155755693";"A01";"1";"14";"0";"1";"8";"1";"1";""
"202400014813";"155755691";"A01";"1";"7";"0";"2";"3";"19";"1";""
"202400014813";"155755692";"B01";"2";"17";"0";"2";"1";"1";"1";""
"202400014814";"155755689";"A01";"3";"33";"0";"2";"1";"17";"1";""
"202400014814";"155755690";"B01";"3";"7";"0";"2";"3";"15";"1";""
"202400014815";"155755687";"A01";"1";"7";"0";"2";"1";"19";"1";""
"202400014815";"155755688";"B01";"1";"7";"0";"2";"3";"1";"1";""
"202400014816";"155755685";"B01";"2";"30";"0";"2";"9";"2";"1";""
"202400014816";"155755686";"A01";"2";"7";"0";"2";"7";"14";"2";""
"202400014817";"155755683";"A01";"3";"2";"0";"2";"1";"13";"1";""
"202400014817";"155755684";"B01";"3";"14";"0";"2";"3";"1";"1";""
"202400014818";"155755681";"A01";"1";"7";"0";"2";"1";"13";"1";""
"202400014818";"155755682";"B01";"2";"7";"0";"2";"1";"1";"1";""
"202400014819";"155755679";"B01";"1";"2";"0";"2";"7";"17";"1";""
"202400014819";"155755680";"A01";"1";"7";"0";"2";"3";"15";"1";""
"202400014820";"155755677";"A01";"2";"7";"0";"1";"2";"1";"1";""
"202400014821";"155755675";"A01";"3";"1";"0";"2";"1";"5";"5";""
"202400014821";"155755676";"B01";"3";"2";"0";"9";"1";"1";"1";""
"202400014822";"155755673";"A01";"0";"10";"0";"2";"1";"15";"1";""
"202400014822";"155755674";"B01";"0";"33";"0";"0";"7";"1";"1";""
"202400014823";"155755672";"A01";"3";"32";"12";"0";"7";"1";"1";""
"202400014824";"155755669";"A01";"0";"7";"0";"2";"1";"13";"1";""
"202400014824";"155755670";"B01";"0";"7";"0";"2";"3";"1";"1";""
"202400014824";"155755671";"C01";"0";"7";"0";"2";"8";"1";"1";""
"202400014825";"155755668";"A01";"0";"50";"0";"0";"0";"1";"3";""
"202400014826";"155755666";"A01";"1";"2";"0";"0";"7";"15";"1";""
"202400014826";"155755667";"B01";"2";"7";"0";"0";"1";"1";"1";""
"202400014827";"155755664";"B01";"2";"33";"5";"2";"1";"1";"1";""
"202400014827";"155755665";"A01";"1";"10";"0";"2";"3";"15";"1";""
"202400014828";"155755663";"A01";"1";"7";"2";"0";"8";"13";"1";""
"202400014829";"155755662";"A01";"2";"7";"2";"0";"1";"2";"1";""
"202400014830";"155755661";"A01";"2";"7";"13";"0";"2";"2";"2";""
"202400014831";"155755659";"B01";"1";"7";"0";"2";"8";"2";"1";""
"202400014831";"155755660";"A01";"1";"2";"0";"2";"7";"2";"1";""
"202400014832";"155755658";"A01";"1";"7";"13";"0";"1";"1";"1";""
"202400014833";"155755657";"A01";"0";"7";"0";"1";"2";"16";"1";""
"202400014834";"155755656";"A01";"1";"2";"0";"1";"1";"17";"1";""
"202400014835";"155755655";"A01";"2";"7";"3";"0";"9";"26";"1";""
"202400014836";"155755653";"A01";"2";"7";"0";"2";"6";"11";"1";""
"202400014836";"155755654";"B01";"2";"33";"0";"2";"1";"3";"1";""
"202400014837";"155755651";"A01";"2";"7";"0";"2";"5";"23";"1";""
"202400014837";"155755652";"B01";"2";"33";"0";"2";"8";"3";"1";""
"202400014838";"155755649";"B01";"1";"10";"0";"2";"1";"2";"1";""
"202400014838";"155755650";"A01";"1";"7";"0";"2";"4";"2";"2";""
"202400014839";"155755647";"B01";"1";"10";"0";"2";"7";"1";"1";""
"202400014839";"155755648";"A01";"1";"31";"0";"2";"8";"11";"1";""
"202400014840";"155755644";"B01";"1";"7";"0";"2";"4";"2";"1";""
"202400014840";"155755645";"C01";"1";"10";"0";"2";"4";"2";"1";""
"202400014840";"155755646";"Z01";"1";"15";"0";"0";"0";"0";"0";""
"202400014841";"155755642";"A01";"1";"7";"0";"2";"1";"1";"1";""
"202400014841";"155755643";"B01";"1";"15";"0";"2";"4";"1";"1";""
"202400014842";"155755640";"A01";"1";"33";"0";"2";"2";"1";"1";""
"202400014842";"155755641";"B01";"1";"10";"0";"2";"6";"2";"1";""
"202400014843";"155755636";"A01";"1";"10";"0";"2";"0";"1";"1";""
"202400014843";"155755637";"C01";"1";"10";"0";"2";"0";"0";"1";""
"202400014843";"155755638";"B01";"1";"7";"0";"2";"0";"0";"1";""
"202400014843";"155755639";"D01";"1";"7";"0";"2";"0";"0";"1";""
"202400014844";"155755635";"A01";"2";"7";"4";"0";"8";"1";"2";""
"202400014845";"155755630";"B01";"2";"7";"0";"2";"4";"1";"1";""
"202400014845";"155755631";"C01";"2";"7";"0";"2";"1";"1";"1";""
"202400014845";"155755632";"D01";"2";"7";"0";"2";"1";"2";"1";""
"202400014845";"155755633";"Z01";"2";"7";"0";"2";"1";"21";"0";""
"202400014846";"155755628";"A01";"1";"10";"0";"2";"1";"2";"1";""
"202400014846";"155755629";"B01";"1";"7";"0";"2";"4";"2";"1";""