"Num_Acc";"id_vehicule";"num_veh";"senc";"catv";"obs";"obsm";"choc";"manv";"motor";"occutc"
"202400014847";"155755625";"A01";"1";"7";"0";"2";"0";"0";"1";""
"202400014847";"155755626";"B01";"1";"7";"0";"2";"4";"2";"1";""
"202400014847";"155755627";"C01";"1";"33";"0";"2";"1";"1";"1";""
"202400014848";"155755623";"A01";"1";"7";"4";"2";"5";"12";"1";""
"202400014848";"155755624";"B01";"1";"33";"4";"2";"1";"3";"1";""
"202400014849";"155755622";"A01";"2";"7";"4";"0";"1";"26";"1";""
"202400014850";"155755620";"A01";"1";"7";"0";"2";"1";"26";"1";""
"202400014850";"155755621";"B01";"1";"7";"0";"2";"4";"26";"1";""
"202400014851";"155755619";"A01";"2";"7";"4";"0";"1";"15";"1";""
"202400014852";"155755618";"A01";"1";"7";"4";"0";"3";"1";"1";""
"202400014853";"155755616";"B01";"2";"33";"0";"2";"7";"3";"1";""
"202400014853";"155755617";"A01";"2";"7";"0";"2";"3";"11";"1";""
"202400014854";"155755613";"C01";"2";"7";"0";"2";"4";"0";"1";""
"202400014854";"155755614";"A01";"2";"33";"0";"2";"1";"3";"1";""
"202400014854";"155755615";"B01";"2";"7";"0";"2";"0";"0";"1";""
"202400014855";"155755611";"A01";"2";"32";"0";"2";"1";"3";"1";""
"202400014855";"155755612";"B01";"2";"7";"0";"2";"4";"11";"1";""
"202400014856";"155755609";"B01";"2";"31";"0";"2";"0";"0";"1";""
"202400014856";"155755610";"A01";"1";"7";"0";"2";"0";"0";"1";""
"202400014857";"155755608";"A01";"1";"7";"0";"1";"0";"1";"1";""
"202400014858";"155755606";"A01";"1";"7";"0";"2";"0";"1";"1";""
"202400014858";"155755607";"B01";"1";"60";"0";"2";"0";"19";"5";""
"202400014859";"155755604";"B01";"1";"7";"0";"2";"6";"11";"1";""
"202400014859";"155755605";"A01";"1";"7";"0";"2";"2";"1";"1";""
"202400014860";"155755602";"A01";"1";"7";"0";"2";"7";"16";"2";""
"202400014860";"155755603";"B01";"1";"33";"0";"2";"8";"18";"1";""
"202400014861";"155755600";"B01";"1";"1";"0";"2";"1";"26";"5";""
"202400014861";"155755601";"A01";"1";"1";"0";"2";"0";"0";"5";""
"202400014862";"155755598";"A01";"3";"7";"13";"2";"3";"0";"1";""
"202400014862";"155755599";"B01";"3";"7";"0";"2";"3";"0";"1";""
"202400014863";"155755596";"A01";"1";"7";"0";"2";"6";"17";"1";""
"202400014863";"155755597";"B01";"1";"34";"0";"2";"7";"1";"1";""
"202400014864";"155755595";"A01";"1";"7";"0";"1";"2";"0";"1";""
"202400014865";"155755593";"A01";"3";"7";"0";"2";"3";"15";"1";""
"202400014865";"155755594";"B01";"3";"2";"0";"2";"7";"5";"1";""
"202400014866";"155755591";"A01";"1";"50";"0";"2";"1";"1";"3";""
"202400014866";"155755592";"B01";"1";"7";"0";"2";"5";"23";"1";""
"202400014867";"155755589";"A01";"1";"7";"0";"2";"2";"2";"1";""
"202400014867";"155755590";"B01";"1";"7";"0";"2";"8";"2";"1";""
"202400014868";"155755587";"A01";"1";"50";"0";"0";"0";"2";"3";""
"202400014868";"155755588";"B01";"1";"7";"0";"0";"0";"1";"1";""
"202400014869";"155755586";"A01";"1";"7";"0";"1";"3";"2";"1";""
"202400014870";"155755584";"A01";"1";"7";"0";"2";"1";"1";"1";""
"202400014870";"155755585";"B01";"1";"7";"0";"2";"4";"2";"1";""
"202400014871";"155755582";"A01";"2";"7";"0";"2";"1";"15";"1";""
"202400014871";"155755583";"B01";"1";"7";"0";"2";"3";"1";"1";""
"202400014872";"155755581";"A01";"1";"7";"0";"1";"1";"1";"1";""
"202400014873";"155755579";"C01";"2";"1";"0";"2";"6";"21";"0";""
"202400014873";"155755580";"B01";"2";"7";"0";"2";"5";"1";"1";""
"202400014874";"155755578";"A01";"1";"7";"0";"2";"2";"1";"1";""
"202400014875";"155755576";"A01";"1";"14";"0";"0";"0";"15";"1";""
"202400014875";"155755577";"B01";"1";"33";"0";"0";"9";"2";"1";""
"202400014876";"155755574";"A01";"2";"7";"0";"1";"1";"26";"1";""
"202400014877";"155755573";"A01";"1";"7";"0";"2";"1";"1";"1";""
"202400014877";"155755575";"B01";"2";"7";"0";"2";"1";"1";"1";""
"202400014878";"155755570";"A01";"1";"33";"0";"2";"0";"21";"1";""
"202400014878";"155755572";"B01";"2";"7";"0";"2";"6";"1";"1";""
"202400014879";"155755569";"A01";"2";"50";"0";"2";"1";"1";"3";""
"202400014879";"155755571";"B01";"1";"1";"0";"2";"1";"1";"5";""
"202400014880";"155755566";"B01";"2";"99";"0";"2";"1";"26";"3";""
"202400014880";"155755568";"A01";"1";"10";"0";"2";"8";"26";"1";""
"202400014881";"155755564";"A01";"1";"10";"15";"0";"0";"1";"0";""
"202400014882";"155755562";"A01";"3";"7";"0";"1";"1";"16";"1";""
"202400014883";"155755557";"B01";"2";"7";"0";"2";"1";"1";"1";""
"202400014883";"155755559";"A01";"2";"7";"0";"2";"7";"1";"1";""
"202400014884";"155755558";"A01";"3";"7";"0";"2";"2";"9";"2";""
"202400014884";"155755560";"B01";"3";"50";"0";"2";"7";"15";"3";""
"202400014885";"155755555";"A01";"2";"7";"0";"2";"1";"2";"1";""
"202400014885";"155755556";"B01";"2";"50";"0";"2";"8";"13";"3";""
"202400014886";"155755554";"A01";"2";"7";"7";"0";"1";"1";"1";""
"202400014887";"155755553";"A01";"2";"50";"12";"0";"7";"1";"3";""
"202400014888";"155755550";"A01";"3";"10";"0";"2";"2";"20";"1";""
"202400014888";"155755552";"B01";"1";"43";"0";"2";"1";"1";"1";""
"202400014889";"155755549";"A01";"1";"7";"12";"2";"1";"1";"1";""
"202400014889";"155755551";"B01";"2";"7";"9";"2";"1";"5";"1";""
"202400014890";"155755545";"A01";"1";"31";"0";"2";"7";"17";"1";""
"202400014890";"155755547";"B01";"1";"7";"0";"2";"8";"13";"1";""
"202400014891";"155755546";"B01";"3";"50";"0";"2";"1";"11";"3";""
"202400014891";"155755548";"A01";"3";"7";"0";"2";"3";"15";"1";""
"202400014892";"155755544";"A01";"1";"7";"9";"0";"1";"1";"1";""
"202400014893";"155755540";"A01";"2";"7";"0";"2";"7";"15";"1";""
"202400014893";"155755543";"B01";"2";"2";"0";"2";"1";"1";"1";""
"202400014894";"155755541";"B01";"1";"34";"0";"2";"1";"1";"1";""
"202400014894";"155755542";"A01";"2";"10";"0";"2";"1";"15";"1";""
"202400014895";"155755539";"A01";"1";"7";"0";"1";"1";"1";"1";""
"202400014896";"155755535";"A01";"3";"30";"0";"2";"1";"2";"1";""
"202400014896";"155755537";"B01";"3";"7";"0";"2";"4";"2";"1";""
"202400014897";"155755536";"B01";"1";"7";"0";"2";"1";"1";"3";""
"202400014897";"155755538";"A01";"2";"30";"0";"2";"1";"15";"3";""
"202400014898";"155755532";"A01";"2";"7";"0";"2";"3";"9";"1";""
"202400014898";"155755534";"B01";"1";"31";"0";"2";"2";"1";"1";""
"202400014899";"155755533";"A01";"2";"30";"0";"0";"7";"1";"3";""
"202400014900";"155755530";"A01";"3";"1";"0";"2";"1";"2";"5";""
"202400014900";"155755531";"B01";"3";"7";"0";"2";"4";"2";"1";""
"202400014901";"155755527";"A01";"3";"7";"0";"2";"1";"15";"1";""
"202400014901";"155755529";"B01";"0";"7";"0";"2";"6";"0";"1";""
"202400014902";"155755526";"A01";"3";"10";"0";"2";"1";"9";"1";""
"202400014902";"155755528";"B01";"3";"2";"0";"2";"2";"1";"1";""
"202400014903";"155755525";"A01";"2";"7";"1";"0";"3";"1";"1";""
"202400014904";"155755524";"A01";"1";"7";"0";"1";"7";"1";"1";""
"202400014905";"155755522";"A01";"1";"37";"0";"2";"1";"1";"1";"2"
"202400014905";"155755523";"B01";"1";"7";"9";"2";"3";"1";"1";""
"202400014906";"155755519";"A01";"3";"10";"0";"2";"7";"0";"0";""
"202400014906";"155755520";"B01";"3";"10";"0";"2";"1";"0";"0";""
"202400014907";"155755518";"A01";"3";"7";"14";"1";"2";"1";"1";""
"202400014908";"155755516";"B01";"1";"50";"0";"2";"1";"19";"3";""
"202400014908";"155755517";"A01";"1";"7";"0";"2";"3";"1";"1";""
"202400014909";"155755514";"B01";"2";"33";"0";"2";"1";"1";"1";""
"202400014909";"155755515";"A01";"1";"7";"0";"2";"2";"15";"1";""
"202400014910";"155755512";"A01";"3";"7";"0";"2";"1";"26";"1";""
"202400014910";"155755513";"B01";"3";"7";"0";"0";"4";"26";"1";""
"202400014911";"155755510";"A01";"3";"7";"14";"0";"1";"1";"2";""
"202400014911";"155755511";"B01";"3";"7";"0";"2";"6";"9";"1";""
"202400014912";"155755508";"A01";"3";"7";"0";"2";"2";"15";"1";""
"202400014912";"155755509";"B01";"3";"34";"0";"2";"1";"1";"1";""
"202400014913";"155755506";"A01";"3";"38";"8";"2";"2";"26";"1";"8"
"202400014914";"155755505";"A01";"2";"2";"0";"1";"1";"17";"1";""
"202400014915";"155755504";"Z01";"3";"0";"0";"1";"4";"26";"0";""
"202400014916";"155755507";"A01";"1";"7";"0";"1";"2";"10";"1";""
"202400014917";"155755502";"B01";"3";"1";"0";"2";"7";"1";"5";""
"202400014917";"155755503";"A01";"3";"7";"0";"2";"1";"15";"1";""
"202400014918";"155755501";"A01";"3";"7";"0";"1";"8";"26";"0";""
"202400014919";"155755500";"A01";"2";"7";"0";"0";"9";"2";"1";""
"202400014920";"155755497";"A01";"0";"10";"1";"2";"1";"1";"1";""
"202400014921";"155755496";"A01";"1";"10";"0";"2";"1";"2";"1";""
"202400014921";"155755498";"B01";"1";"7";"0";"2";"4";"1";"1";""
"202400014921";"155755499";"C01";"1";"7";"0";"2";"4";"2";"1";""
"202400014922";"155755494";"A01";"1";"7";"0";"2";"8";"11";"1";""
"202400014922";"155755495";"B01";"2";"33";"0";"2";"1";"3";"1";""
"202400014923";"155755492";"A01";"2";"50";"0";"2";"1";"0";"3";""
"202400014923";"155755493";"B01";"1";"1";"0";"2";"0";"0";"5";""
"202400014924";"155755490";"A01";"2";"7";"0";"2";"2";"15";"1";""
"202400014924";"155755491";"B01";"1";"43";"0";"2";"1";"1";"1";""
"202400014925";"155755488";"A01";"1";"7";"0";"2";"7";"24";"2";""
"202400014925";"155755489";"B01";"1";"1";"0";"2";"1";"1";"5";""
"202400014926";"155755487";"A01";"1";"7";"0";"1";"1";"1";"2";""
"202400014927";"155755486";"A01";"2";"7";"0";"1";"8";"1";"1";""
"202400014928";"155755484";"A01";"1";"7";"0";"2";"1";"1";"1";""
"202400014928";"155755485";"B01";"1";"31";"0";"2";"4";"23";"1";""
"202400014929";"155755482";"B01";"1";"2";"0";"2";"1";"15";"1";""
"202400014929";"155755483";"A01";"1";"10";"0";"2";"2";"1";"1";""
"202400014930";"155755481";"B01";"2";"1";"0";"1";"1";"1";"5";""
"202400014931";"155755479";"A01";"1";"7";"0";"0";"2";"19";"2";""
"202400014931";"155755480";"B01";"0";"31";"0";"0";"3";"19";"3";""
"202400014932";"155755477";"B01";"1";"10";"0";"2";"3";"1";"1";""
"202400014932";"155755478";"A01";"2";"30";"0";"2";"1";"1";"1";""
"202400014933";"155755475";"B01";"1";"33";"0";"2";"6";"1";"1";""
"202400014933";"155755476";"A01";"1";"7";"0";"2";"1";"11";"1";""
"202400014934";"155755473";"A01";"1";"10";"0";"2";"7";"15";"1";""
"202400014934";"155755474";"B01";"2";"2";"0";"2";"1";"1";"1";""
"202400014935";"155755471";"A01";"3";"10";"0";"2";"3";"13";"1";""
"202400014935";"155755472";"B01";"3";"32";"0";"2";"7";"1";"1";""
"202400014936";"155755469";"B01";"3";"33";"0";"2";"1";"1";"1";""
"202400014936";"155755470";"A01";"3";"7";"0";"2";"3";"15";"1";""
"202400014937";"155755467";"B01";"3";"37";"0";"2";"6";"8";"0";"2"
"202400014937";"155755468";"A01";"3";"37";"0";"2";"3";"21";"0";"2"
"202400014938";"155755465";"B01";"1";"50";"0";"2";"8";"1";"3";""
"202400014938";"155755466";"A01";"3";"10";"0";"2";"7";"16";"1";""
"202400014939";"155755463";"B01";"3";"50";"0";"2";"8";"0";"3";""
"202400014939";"155755464";"A01";"0";"37";"0";"2";"3";"15";"2";"1"
"202400014940";"155755461";"A01";"1";"7";"0";"2";"3";"15";"1";""
"202400014940";"155755462";"B01";"1";"43";"0";"2";"7";"3";"1";""
"202400014941";"155755460";"A01";"0";"7";"15";"0";"1";"1";"3";""
"202400014942";"155755458";"A01";"3";"7";"0";"2";"7";"26";"1";""
"202400014942";"155755459";"B01";"3";"7";"0";"2";"1";"26";"1";""
"202400014943";"155755457";"A01";"1";"43";"0";"1";"1";"1";"1";""
"202400014944";"155755455";"A01";"2";"7";"0";"9";"3";"22";"1";""
"202400014944";"155755456";"B01";"2";"1";"1";"0";"1";"22";"5";""
"202400014945";"155755453";"B01";"1";"50";"16";"0";"0";"0";"3";""
"202400014945";"155755454";"A01";"1";"7";"0";"9";"1";"11";"1";""
"202400014946";"155755450";"A01";"2";"31";"0";"2";"7";"26";"3";""
"202400014946";"155755451";"B01";"2";"10";"0";"2";"3";"1";"1";""
"202400014946";"155755452";"C01";"1";"7";"0";"0";"8";"1";"1";""
"202400014947";"155755449";"A01";"2";"7";"8";"0";"1";"1";"1";""
"202400014948";"155755447";"A01";"1";"7";"0";"2";"3";"1";"2";""
"202400014948";"155755448";"B01";"1";"7";"0";"2";"2";"1";"1";""
"202400014949";"155755445";"A01";"3";"7";"0";"2";"3";"9";"1";""
"202400014949";"155755446";"B01";"3";"10";"0";"2";"7";"1";"1";""
"202400014950";"155755443";"A01";"1";"10";"0";"2";"3";"1";"1";""
"202400014950";"155755444";"B01";"2";"10";"3";"2";"3";"1";"1";""
"202400014951";"155755441";"B01";"1";"15";"0";"2";"1";"1";"1";""
"202400014951";"155755442";"A01";"2";"7";"0";"2";"7";"13";"1";""
"202400014952";"155755440";"A01";"1";"33";"0";"0";"2";"1";"1";""
"202400014953";"155755438";"B01";"2";"15";"0";"0";"3";"1";"0";""
"202400014953";"155755439";"A01";"1";"7";"0";"1";"1";"1";"2";""
"202400014954";"155755436";"A01";"1";"7";"0";"2";"6";"11";"1";""
"202400014954";"155755437";"B01";"1";"33";"3";"2";"7";"1";"1";""
"202400014955";"155755434";"B01";"1";"7";"0";"2";"3";"1";"1";""
"202400014955";"155755435";"A01";"2";"33";"0";"2";"1";"13";"1";""
"202400014956";"155755433";"A01";"2";"7";"0";"0";"9";"14";"1";""
"202400014957";"155755429";"A01";"1";"7";"0";"2";"4";"2";"1";""
"202400014957";"155755430";"B01";"1";"7";"0";"2";"1";"17";"1";""
"202400014958";"155755428";"A01";"1";"14";"0";"1";"0";"1";"1";""
"202400014959";"155755427";"A01";"1";"7";"2";"0";"2";"14";"1";""
"202400014960";"155755426";"A01";"3";"1";"0";"0";"0";"1";"5";""
"202400014961";"155755424";"B01";"3";"7";"8";"1";"8";"23";"1";""
"202400014961";"155755425";"A01";"3";"7";"1";"2";"2";"1";"2";""
"202400014962";"155755423";"A01";"2";"7";"2";"0";"1";"14";"1";""
"202400014963";"155755421";"A01";"2";"7";"0";"0";"2";"15";"1";""
"202400014963";"155755422";"B01";"1";"1";"0";"0";"3";"1";"5";""
"202400014964";"155755419";"A01";"2";"7";"0";"2";"1";"1";"1";""
"202400014964";"155755420";"B01";"1";"7";"0";"2";"3";"1";"3";""
"202400014965";"155755418";"A01";"1";"10";"13";"0";"3";"13";"1";""
"202400014966";"155755416";"B01";"2";"80";"0";"2";"1";"1";"3";""
"202400014966";"155755417";"A01";"2";"7";"0";"2";"8";"9";"2";""
"202400014967";"155755415";"A01";"0";"7";"0";"1";"0";"0";"1";""
"202400014968";"155755414";"A01";"1";"10";"2";"0";"1";"2";"1";""
"202400014969";"155755412";"A01";"1";"2";"0";"2";"1";"17";"1";""
"202400014969";"155755413";"B01";"2";"7";"0";"2";"3";"1";"1";""
"202400014970";"155755410";"A01";"2";"7";"7";"2";"1";"1";"1";""
"202400014970";"155755411";"B01";"1";"7";"0";"2";"6";"1";"1";""
"202400014971";"155755408";"A01";"1";"2";"0";"2";"1";"17";"1";""
"202400014971";"155755409";"B01";"1";"7";"0";"2";"3";"1";"1";""
"202400014972";"155755406";"B01";"1";"15";"0";"0";"4";"1";"1";""
"202400014972";"155755407";"A01";"1";"10";"3";"2";"1";"17";"1";""
"202400014973";"155755404";"A01";"1";"17";"1";"0";"2";"1";"1";""
"202400014973";"155755405";"B01";"1";"15";"0";"0";"4";"23";"1";""
"202400014974";"155755403";"A01";"1";"7";"0";"1";"1";"1";"1";""
"202400014975";"155755401";"A01";"1";"7";"0";"2";"3";"9";"1";""
"202400014975";"155755402";"B01";"1";"1";"0";"2";"5";"15";"5";""
"202400014976";"155755400";"A01";"1";"7";"0";"1";"3";"16";"1";""
"202400014977";"155755398";"A01";"3";"7";"0";"2";"1";"15";"1";""
"202400014977";"155755399";"B01";"3";"3";"0";"0";"5";"26";"1";""
"202400014978";"155755396";"A01";"1";"7";"0";"2";"7";"17";"1";""
"202400014978";"155755397";"B01";"1";"10";"0";"2";"3";"15";"1";""
"202400014979";"155755395";"A01";"1";"7";"8";"0";"2";"13";"1";""
"202400014980";"155755394";"A01";"1";"7";"15";"0";"1";"14";"1";""
"202400014981";"155755392";"A01";"2";"7";"0";"2";"1";"19";"1";""
"202400014981";"155755393";"B01";"1";"30";"0";"2";"8";"1";"3";""
"202400014982";"155755391";"A01";"0";"36";"13";"0";"1";"0";"1";""
"202400014983";"155755390";"A01";"3";"7";"0";"1";"2";"25";"1";""
"202400014984";"155755388";"A01";"1";"7";"2";"2";"3";"9";"1";""
"202400014984";"155755389";"B01";"1";"10";"0";"2";"1";"1";"1";""
"202400014985";"155755387";"A01";"2";"7";"16";"0";"1";"1";"1";""
"202400014986";"155755385";"B01";"2";"1";"1";"0";"1";"1";"5";""
"202400014986";"155755386";"A01";"2";"38";"0";"0";"5";"23";"1";"1"
"202400014987";"155755384";"B01";"3";"10";"0";"1";"5";"20";"1";""
"202400014988";"155755380";"D01";"1";"10";"0";"2";"6";"1";"0";""
"202400014988";"155755381";"A01";"1";"7";"3";"2";"9";"0";"2";""
"202400014988";"155755382";"B01";"1";"7";"0";"2";"6";"1";"1";""
"202400014988";"155755383";"C01";"1";"7";"0";"2";"7";"1";"1";""
"202400014989";"155755379";"A01";"2";"10";"0";"1";"2";"1";"1";""
"202400014990";"155755378";"A01";"3";"7";"4";"0";"3";"1";"1";""
"202400014991";"155755377";"A01";"3";"7";"0";"1";"2";"1";"2";""
"202400014992";"155755375";"B01";"3";"15";"0";"2";"3";"1";"1";""
"202400014992";"155755376";"A01";"3";"3";"0";"2";"1";"13";"1";""
"202400014993";"155755373";"A01";"1";"10";"0";"2";"2";"10";"1";""
"202400014993";"155755374";"B01";"1";"7";"0";"0";"3";"1";"1";""
"202400014994";"155755370";"C01";"2";"33";"0";"2";"1";"1";"1";""
"202400014994";"155755371";"B01";"2";"7";"0";"2";"9";"1";"1";""
"202400014994";"155755372";"A01";"2";"7";"0";"2";"2";"1";"1";""
"202400014995";"155755367";"B01";"2";"10";"0";"2";"4";"2";"1";""
"202400014995";"155755368";"A01";"2";"10";"0";"2";"1";"2";"1";""
"202400014995";"155755369";"C01";"2";"7";"0";"2";"4";"2";"1";""
"202400014996";"155755364";"B01";"2";"7";"0";"2";"1";"2";"1";""
"202400014996";"155755365";"C01";"2";"7";"0";"2";"1";"2";"1";""
"202400014996";"155755366";"A01";"2";"7";"0";"2";"4";"1";"1";""
"202400014997";"155755362";"A01";"2";"7";"0";"0";"6";"11";"1";""
"202400014997";"155755363";"B01";"2";"33";"0";"0";"1";"3";"1";""
"202400014998";"155755360";"A01";"1";"15";"0";"2";"1";"2";"1";""
"202400014998";"155755361";"B01";"1";"7";"0";"2";"4";"1";"1";""
"202400014999";"155755358";"B01";"1";"7";"0";"2";"5";"2";"0";""
"202400014999";"155755359";"A01";"1";"7";"0";"2";"3";"2";"0";""
"202400015000";"155755356";"A01";"2";"10";"0";"2";"2";"1";"1";""
"202400015000";"155755357";"B01";"2";"7";"0";"2";"6";"1";"1";""
"202400015001";"155755355";"A01";"3";"99";"4";"0";"1";"6";"1";""
"202400015002";"155755353";"A01";"1";"10";"14";"0";"1";"26";"1";""
"202400015002";"155755354";"B01";"3";"7";"0";"9";"2";"26";"1";""
"202400015003";"155755351";"A01";"3";"7";"0";"2";"2";"16";"1";""
"202400015003";"155755352";"B01";"3";"50";"0";"2";"3";"1";"3";""
"202400015004";"155755350";"A01";"1";"1";"0";"0";"7";"1";"5";""
"202400015005";"155755349";"A01";"3";"7";"0";"1";"3";"20";"1";""
"202400015006";"155755348";"A01";"3";"7";"0";"1";"0";"15";"1";""
"202400015007";"155755347";"A01";"2";"7";"0";"1";"1";"19";"0";""
"202400015008";"155755345";"A01";"1";"7";"0";"2";"3";"15";"1";""
"202400015008";"155755346";"B01";"2";"30";"0";"2";"1";"13";"1";""
"202400015009";"155755341";"A01";"1";"7";"0";"0";"0";"1";"1";""
"202400015009";"155755342";"C01";"1";"2";"0";"2";"0";"15";"1";""
"202400015009";"155755343";"B01";"1";"2";"0";"0";"0";"15";"1";""
"202400015009";"155755344";"D01";"1";"2";"0";"0";"0";"1";"1";""
"202400015010";"155755339";"A01";"2";"7";"0";"2";"6";"17";"1";""
"202400015010";"155755340";"B01";"1";"7";"0";"2";"1";"1";"1";""
"202400015011";"155755338";"A01";"1";"7";"0";"9";"3";"1";"1";""
"202400015012";"155755336";"A01";"3";"10";"0";"2";"8";"15";"1";""
"202400015012";"155755337";"B01";"3";"2";"0";"2";"1";"16";"1";""
"202400015013";"155755335";"A01";"2";"7";"0";"0";"1";"1";"1";""
"202400015014";"155755333";"B01";"2";"7";"0";"2";"8";"1";"1";""
"202400015014";"155755334";"A01";"1";"7";"0";"2";"3";"5";"1";""
"202400015015";"155755331";"A01";"2";"7";"14";"0";"2";"5";"1";""
"202400015015";"155755332";"B01";"3";"7";"14";"0";"1";"15";"1";""
"202400015016";"155755329";"A01";"3";"7";"0";"2";"3";"15";"1";""
"202400015016";"155755330";"B01";"3";"31";"0";"2";"1";"2";"1";""
"202400015017";"155755327";"B01";"3";"7";"0";"2";"4";"1";"1";""
"202400015017";"155755328";"A01";"3";"31";"0";"2";"9";"2";"1";""
"202400015018";"155755325";"A01";"1";"7";"0";"2";"1";"1";"1";""
"202400015018";"155755326";"B01";"2";"7";"0";"2";"1";"1";"2";""
"202400015019";"155755323";"A01";"1";"7";"0";"2";"1";"1";"1";""
"202400015019";"155755324";"B01";"1";"7";"0";"2";"4";"1";"1";""
"202400015020";"155755321";"A01";"1";"50";"0";"9";"1";"2";"3";""
"202400015020";"155755322";"B01";"1";"50";"0";"9";"1";"1";"3";""
"202400015021";"155755319";"B01";"3";"30";"0";"2";"1";"1";"1";""
"202400015021";"155755320";"A01";"3";"7";"0";"2";"7";"15";"1";""
"202400015022";"155755318";"A01";"1";"7";"2";"0";"3";"13";"1";""
"202400015023";"155755317";"A01";"3";"7";"8";"1";"0";"1";"2";""
"202400015024";"155755315";"A01";"2";"50";"0";"2";"1";"1";"3";""
"202400015024";"155755316";"B01";"1";"7";"0";"2";"3";"1";"1";""
"202400015025";"155755313";"B01";"3";"30";"0";"2";"1";"1";"1";""
"202400015025";"155755314";"A01";"3";"10";"0";"2";"5";"15";"1";""
"202400015026";"155755311";"A01";"1";"7";"0";"2";"3";"10";"1";""
"202400015026";"155755312";"B01";"1";"32";"0";"2";"1";"17";"1";""
"202400015027";"155755309";"A01";"1";"80";"0";"2";"1";"2";"3";""
"202400015027";"155755310";"B01";"1";"7";"0";"2";"4";"23";"1";""
"202400015028";"155755307";"A01";"2";"3";"0";"2";"1";"13";"1";""
"202400015028";"155755308";"B01";"1";"7";"0";"2";"3";"1";"1";""
"202400015029";"155755304";"B01";"1";"7";"0";"2";"4";"23";"1";""
"202400015029";"155755305";"A01";"1";"7";"0";"2";"1";"2";"1";""
"202400015029";"155755306";"C01";"1";"7";"0";"2";"5";"23";"2";""
"202400015030";"155755302";"B01";"1";"7";"0";"9";"1";"1";"0";""
"202400015030";"155755303";"A01";"1";"50";"0";"2";"1";"15";"3";""
"202400015031";"155755300";"A01";"3";"50";"0";"2";"1";"25";"3";""
"202400015031";"155755301";"B01";"3";"7";"0";"9";"3";"1";"1";""
"202400015032";"155755298";"A01";"3";"1";"0";"2";"8";"15";"5";""
"202400015032";"155755299";"B01";"3";"7";"0";"2";"7";"1";"1";""
"202400015033";"155755297";"A01";"2";"35";"1";"0";"2";"1";"1";""
"202400015034";"155755296";"A01";"1";"7";"0";"1";"1";"1";"1";""
"202400015035";"155755294";"B01";"2";"13";"0";"2";"5";"16";" -1";""
"202400015035";"155755295";"A01";"2";"7";"0";"2";"2";"26";"1";""
"202400015036";"155755292";"B01";"1";"7";"0";"2";"6";"16";"1";""
"202400015036";"155755293";"A01";"1";"33";"0";"2";"1";"2";"1";""
"202400015037";"155755290";"B01";"1";"33";"0";"2";"1";"1";"1";""
"202400015037";"155755291";"A01";"1";"7";"0";"2";"8";"9";"1";""
"202400015038";"155755289";"A01";"1";"7";"0";"1";"3";"1";"1";""
"202400015039";"155755288";"A01";"2";"7";"0";"1";"1";"1";"1";""
"202400015040";"155755287";"A01";"2";"7";"1";"0";"1";"1";"1";""
"202400015041";"155755286";"A01";"3";"7";"0";"1";"4";"26";"1";""
"202400015042";"155755285";"A01";"2";"7";"0";"0";"9";"1";"1";""
"202400015043";"155755284";"A01";"1";"7";"0";"1";"3";"1";"1";""
"202400015044";"155755282";"A01";"2";"7";"0";"2";"2";"15";"1";""
"202400015044";"155755283";"B01";"1";"30";"0";"2";"1";"2";"1";""
"202400015045";"155755280";"A01";"1";"30";"0";"2";"1";"0";"1";""
"202400015045";"155755281";"B01";"1";"7";"0";"2";"1";"1";"1";""
"202400015046";"155755279";"A01";"2";"7";"13";"0";"2";"14";"1";""
"202400015047";"155755277";"B01";"2";"7";"0";"2";"8";"9";"1";""
"202400015047";"155755278";"A01";"1";"7";"0";"2";"1";"1";"1";""
"202400015048";"155755274";"B01";"1";"7";"0";"9";"3";"1";"1";""
"202400015048";"155755275";"A01";"2";"1";"0";"2";"7";"1";"5";""
"202400015049";"155755272";"A01";"0";"7";"0";"1";"2";"1";"1";""
"202400015049";"155755273";"B01";"0";"38";"0";"1";"8";"1";"1";"1"
"202400015050";"155755270";"A01";"1";"32";"0";"2";"1";"17";"0";""
"202400015050";"155755271";"B01";"1";"10";"0";"2";"3";"10";"0";""
"202400015051";"155755269";"A01";"3";"7";"0";"1";"3";"1";"1";""
"202400015052";"155755267";"A01";"2";"7";"0";"2";"4";"21";"1";""
"202400015052";"155755268";"B01";"2";"7";"0";"2";"1";"1";"1";""
"202400015053";"155755266";"A01";"0";"7";"0";"2";"0";"14";"1";""
"202400015054";"155755264";"B01";"1";"10";"0";"2";"6";"1";"1";""
"202400015054";"155755265";"A01";"1";"33";"0";"2";"7";"11";"1";""
"202400015055";"155755263";"A01";"1";"1";"0";"0";"1";"1";"5";""
"202400015056";"155755261";"B01";"2";"7";"0";"2";"4";"23";"2";""
"202400015056";"155755262";"A01";"2";"30";"0";"2";"1";"2";"1";""
"202400015057";"155755259";"B01";"0";"7";"0";"2";"4";"23";"2";""
"202400015057";"155755260";"A01";"2";"30";"0";"2";"1";"2";"1";""
"202400015058";"155755257";"Z01";"2";"1";"0";"2";"1";"1";"5";""
"202400015058";"155755258";"B01";"2";"80";"0";"2";"4";"1";"5";""
"202400015059";"155755254";"C01";"2";"7";"1";"0";"6";"24";"1";""
"202400015059";"155755255";"A01";"2";"33";"0";"2";"1";"2";"1";""
"202400015059";"155755256";"B01";"2";"7";"1";"0";"7";"2";"1";""