"Num_Acc";"id_vehicule";"num_veh";"senc";"catv";"obs";"obsm";"choc";"manv";"motor";"occutc"
"202400015060";"155755252";"B01";"2";"50";"0";"2";"8";"1";"3";""
"202400015060";"155755253";"A01";"1";"7";"0";"2";"2";"15";"2";""
"202400015061";"155755251";"A01";"0";"37";"0";"1";"3";"1";"1";"1"
"202400015062";"155755249";"A01";"2";"33";"9";"2";"7";"2";"1";""
"202400015062";"155755250";"B01";"2";"7";"9";"2";"8";"15";"1";""
"202400015063";"155755246";"A01";"1";"10";"0";"1";"6";"15";"1";""
"202400015064";"155755244";"A01";"2";"50";"0";"2";"1";"1";"3";""
"202400015064";"155755245";"B01";"2";"7";"0";"2";"3";"1";"2";""
"202400015065";"155755242";"Z01";"1";"7";"0";"2";"8";"0";"0";""
"202400015065";"155755243";"B01";"1";"80";"0";"2";"7";"0";"3";""
"202400015066";"155755241";"A01";"1";"33";"0";"0";"0";"0";"1";""
"202400015067";"155755240";"A01";"1";"1";"5";"0";"1";"26";"5";""
"202400015068";"155755239";"A01";"1";"1";"0";"0";"0";"1";"5";""
"202400015069";"155755238";"A01";"1";"7";"4";"0";"1";"1";"1";""
"202400015070";"155755235";"B01";"2";"34";"12";"2";"4";"9";"1";""
"202400015070";"155755236";"C01";"1";"7";"0";"2";"3";"1";"1";""
"202400015070";"155755237";"A01";"2";"7";"0";"2";"1";"21";"1";""
"202400015071";"155755232";"A01";"1";"7";"0";"2";"1";"1";"1";""
"202400015071";"155755233";"B01";"1";"7";"0";"2";"4";"23";"1";""
"202400015071";"155755234";"C01";"1";"32";"0";"2";"4";"1";"1";""
"202400015072";"155755231";"A01";"1";"7";"0";"1";"1";"1";"1";""
"202400015073";"155755229";"A01";"3";"7";"0";"2";"2";"15";"1";""
"202400015073";"155755230";"B01";"3";"30";"0";"2";"3";"1";"1";""
"202400015074";"155755228";"A01";"3";"34";"1";"1";"1";"2";"1";""
"202400015075";"155755227";"A01";"3";"32";"8";"0";"0";"0";"1";""
"202400015076";"155755225";"A01";"1";"10";"0";"2";"5";"21";"1";""
"202400015076";"155755226";"B01";"1";"7";"0";"2";"1";"0";"1";""
"202400015077";"155755221";"A01";"1";"7";"0";"2";"1";"15";"1";""
"202400015077";"155755222";"B01";"2";"32";"0";"2";"8";"1";"1";""
"202400015078";"155755220";"A01";"1";"50";"0";"1";"1";"1";"3";""
"202400015079";"155755218";"B01";"0";"2";"0";"0";"0";"0";"0";""
"202400015079";"155755219";"A01";"0";"7";"0";"0";"2";"15";"1";""
"202400015080";"155755216";"B01";"1";"7";"0";"2";"2";"12";"1";""
"202400015080";"155755217";"A01";"1";"33";"0";"2";"3";"1";"1";""
"202400015081";"155755215";"A01";"3";"7";"0";"1";"3";"0";"0";""
"202400015082";"155755213";"B01";"1";"1";"1";"2";"2";"26";"5";""
"202400015082";"155755214";"A01";"1";"10";"1";"2";"3";"22";"3";""
"202400015083";"155755211";"A01";"1";"7";"0";"2";"2";"8";"1";""
"202400015083";"155755212";"B01";"1";"7";"0";"2";"3";"9";"1";""
"202400015084";"155755207";"B01";"1";"1";"0";"0";"8";"1";"5";""
"202400015084";"155755209";"A01";"1";"7";"0";"2";"2";"16";"1";""
"202400015085";"155755206";"B01";"3";"7";"0";"2";"0";"24";"1";""
"202400015085";"155755208";"A01";"3";"14";"0";"2";"5";"2";"1";""
"202400015085";"155755210";"C01";"3";"50";"0";"2";"0";"21";"3";""
"202400015086";"155755203";"A01";"1";"2";"0";"2";"1";"1";"1";""
"202400015086";"155755205";"B01";"1";"7";"0";"2";"4";"0";"1";""
"202400015087";"155755201";"B01";"2";"7";"0";"2";"6";"0";"1";""
"202400015087";"155755202";"A01";"2";"33";"0";"2";"2";"0";"1";""
"202400015088";"155755200";"A01";"2";"38";"0";"2";"2";"19";"1";"8"
"202400015088";"155755204";"B01";"2";"7";"0";"2";"3";"1";"2";""
"202400015089";"155755199";"A01";"2";"7";"0";"1";"1";"1";"1";""
"202400015090";"155755196";"A01";"1";"7";"0";"2";"2";"14";"1";""
"202400015090";"155755198";"B01";"1";"15";"0";"0";"6";"1";"1";""
"202400015091";"155755195";"B01";"2";"2";"12";"0";"5";"15";"1";""
"202400015091";"155755197";"A01";"2";"32";"0";"2";"7";"1";"1";""
"202400015092";"155755193";"A01";"1";"32";"0";"0";"1";"1";"1";""
"202400015093";"155755192";"B01";"2";"7";"7";"0";"3";"1";"1";""
"202400015093";"155755194";"A01";"2";"7";"7";"2";"3";"15";"1";""
"202400015094";"155755190";"A01";"1";"33";"0";"2";"1";"13";"1";""
"202400015094";"155755191";"B01";"2";"7";"0";"2";"3";"1";"1";""
"202400015095";"155755189";"A01";"1";"7";"0";"1";"1";"1";"3";""
"202400015096";"155755187";"B01";"1";"7";"0";"2";"5";"1";"1";""
"202400015096";"155755188";"A01";"1";"7";"4";"2";"2";"9";"1";""
"202400015097";"155755185";"A01";"1";"7";"0";"2";"1";"13";"1";""
"202400015097";"155755186";"B01";"2";"15";"0";"2";"3";"1";"1";""
"202400015098";"155755184";"A01";"3";"1";"5";"1";"1";"21";"5";""
"202400015099";"155755181";"A01";"2";"60";"0";"2";"8";"18";"5";""
"202400015099";"155755183";"B01";"2";"14";"0";"2";"7";"16";"1";""
"202400015100";"155755180";"A01";"2";"10";"0";"2";"8";"15";"1";""
"202400015100";"155755182";"B01";"1";"7";"0";"2";"1";"1";"1";""
"202400015101";"155755178";"A01";"1";"31";"0";"2";"6";"15";"1";""
"202400015101";"155755179";"Z01";"1";"2";"0";"2";"1";"2";" -1";""
"202400015102";"155755176";"A01";"2";"33";"0";"2";"1";"18";"1";""
"202400015102";"155755177";"B01";"1";"1";"0";"2";"8";"9";"5";""
"202400015103";"155755175";"A01";"1";"7";"13";"0";"1";"1";"1";""
"202400015104";"155755172";"A01";"2";"7";"0";"2";"3";"20";"3";""
"202400015104";"155755174";"B01";"2";"32";"0";"2";"5";"3";"1";""
"202400015105";"155755173";"A01";"1";"33";"0";"0";"7";"1";"1";""
"202400015106";"155755169";"A01";"1";"30";"0";"2";"3";"17";"1";""
"202400015106";"155755171";"B01";"2";"1";"0";"2";"1";"1";"5";""
"202400015107";"155755168";"A01";"2";"7";"0";"2";"0";"17";"1";""
"202400015107";"155755170";"B01";"2";"7";"0";"2";"0";"2";"1";""
"202400015108";"155755167";"A01";"3";"1";"0";"9";"0";"1";"5";""
"202400015109";"155755166";"A01";"2";"7";"0";"1";"3";"15";"1";""
"202400015110";"155755165";"A01";"1";"80";"0";"1";"7";"1";"3";""
"202400015111";"155755164";"A01";"2";"50";"0";"0";"1";"21";"3";""
"202400015112";"155755163";"A01";"2";"7";"0";"1";"1";"1";"1";""
"202400015113";"155755162";"A01";"2";"10";"0";"1";"2";"1";"1";""
"202400015114";"155755160";"A01";"2";"7";"0";"2";"2";"14";"0";""
"202400015114";"155755161";"B01";"2";"33";"0";"2";"3";"1";"1";""
"202400015115";"155755158";"Z01";"1";"7";"0";"2";"5";"24";"1";""
"202400015115";"155755159";"Y01";"2";"1";"1";"0";"1";"1";"5";""
"202400015116";"155755156";"A01";"2";"33";"0";"2";"1";"2";"1";""
"202400015116";"155755157";"B01";"2";"31";"0";"2";"4";"2";"1";""
"202400015117";"155755154";"A01";"1";"43";"0";"2";"2";"2";"1";""
"202400015117";"155755155";"B01";"1";"38";"0";"2";"3";"11";"1";"1"
"202400015118";"155755152";"A01";"1";"7";"0";"2";"5";"7";"1";""
"202400015118";"155755153";"B01";"1";"43";"0";"2";"1";"1";"1";""
"202400015119";"155755151";"A01";"1";"10";"8";"0";"1";"14";"1";""
"202400015120";"155755149";"A01";"1";"10";"0";"2";"2";"14";"1";""
"202400015120";"155755150";"B01";"1";"33";"0";"2";"3";"1";"1";""
"202400015121";"155755146";"A01";"2";"60";"8";"0";"1";"21";"5";""
"202400015122";"155755144";"C01";"1";"7";"0";"2";"4";"1";"1";""
"202400015122";"155755145";"Z01";"1";"7";"0";"2";"1";"1";"0";""
"202400015122";"155755147";"A01";"1";"7";"0";"2";"4";"1";"1";""
"202400015122";"155755148";"B01";"1";"31";"0";"2";"4";"3";"1";""
"202400015123";"155755143";"A01";"1";"7";"1";"0";"1";"15";"1";""
"202400015124";"155755139";"A01";"1";"10";"0";"2";"2";"1";"1";""
"202400015124";"155755141";"B01";"1";"31";"0";"2";"8";"3";"1";""
"202400015124";"155755142";"C01";"1";"7";"0";"0";"6";"11";"1";""
"202400015125";"155755138";"A01";"1";"7";"3";"0";"3";"23";"1";""
"202400015125";"155755140";"B01";"1";"7";"0";"0";"2";"0";"0";""
"202400015126";"155755135";"B01";"2";"80";"0";"2";"7";"1";"3";""
"202400015126";"155755137";"A01";"2";"33";"0";"2";"1";"1";"1";""
"202400015127";"155755134";"B01";"1";"1";"0";"2";"1";"1";"5";""
"202400015127";"155755136";"A01";"1";"7";"0";"2";"4";"4";"1";""
"202400015128";"155755132";"A01";"2";"10";"0";"1";"3";"1";"1";""
"202400015129";"155755133";"Z01";"1";"10";"0";"1";"0";"0";"0";""
"202400015130";"155755129";"Z01";"3";"10";"0";"2";"8";"9";"0";""
"202400015130";"155755131";"B01";"3";"1";"0";"2";"8";"9";"5";""
"202400015131";"155755128";"B01";"1";"7";"0";"2";"7";"24";"1";""
"202400015131";"155755130";"A01";"1";"7";"0";"1";"3";"1";"1";""
"202400015132";"155755127";"Z01";"1";"30";"0";"1";"1";"1";"0";""
"202400015133";"155755126";"A01";"3";"10";"0";"1";"0";"20";"1";""
"202400015134";"155755125";"A01";"1";"43";"0";"1";"1";"1";"1";""
"202400015135";"155755123";"A01";"3";"7";"0";"2";"3";"13";"1";""
"202400015135";"155755124";"B01";"3";"7";"0";"2";"3";"1";"1";""
"202400015136";"155755122";"A01";"3";"7";"12";"1";"1";"21";"1";""
"202400015137";"155755119";"A01";"1";"33";"0";"2";"1";"1";"1";""
"202400015137";"155755120";"B01";"1";"7";"0";"2";"7";"20";"2";""
"202400015138";"155755118";"B01";"1";"34";"0";"2";"1";"1";"1";""
"202400015138";"155755121";"A01";"2";"7";"0";"2";"3";"21";"1";""
"202400015139";"155755116";"A01";"2";"30";"0";"2";"1";"17";"1";""
"202400015139";"155755117";"B01";"1";"7";"0";"2";"6";"2";"1";""
"202400015140";"155755114";"B01";"2";"7";"0";"2";"3";"0";"1";""
"202400015140";"155755115";"A01";"2";"7";"0";"2";"2";"1";"1";""
"202400015141";"155755113";"Z01";"2";"13";"0";"1";"7";"1";"0";""
"202400015142";"155755111";"B01";"1";"1";"0";"2";"0";"0";"5";""
"202400015142";"155755112";"A01";"3";"10";"0";"0";"0";"0";"0";""
"202400015143";"155755108";"A01";"1";"30";"0";"2";"1";"1";"3";""
"202400015143";"155755110";"B01";"1";"10";"0";"2";"4";"23";"1";""
"202400015144";"155755107";"B01";"3";"7";"0";"2";"3";"1";"1";""
"202400015144";"155755109";"A01";"3";"7";"0";"2";"6";"1";"1";""
"202400015145";"155755105";"A01";"1";"43";"0";"2";"1";"21";"1";""
"202400015145";"155755106";"B01";"1";"2";"0";"0";"4";"23";"3";""
"202400015146";"155755103";"A01";"1";"7";"12";"0";"1";"9";"2";""
"202400015146";"155755104";"B01";"1";"50";"9";"2";"1";"12";"3";""
"202400015147";"155755101";"A01";"2";"33";"0";"2";"7";"10";"1";""
"202400015147";"155755102";"B01";"2";"1";"0";"2";"8";"1";"5";""
"202400015148";"155755097";"A01";"2";"80";"0";"2";"2";"1";"3";""
"202400015148";"155755099";"B01";"2";"7";"0";"2";"1";"1";"2";""
"202400015149";"155755098";"A01";"1";"1";"0";"2";"1";"2";"5";""
"202400015149";"155755100";"B01";"1";"7";"0";"2";"4";"23";"2";""
"202400015150";"155755095";"A01";"2";"10";"0";"1";"1";"5";"1";""
"202400015151";"155755094";"B01";"2";"1";"0";"2";"3";"2";"5";""
"202400015151";"155755096";"A01";"2";"50";"0";"2";"3";"11";"3";""
"202400015152";"155755091";"A01";"3";"7";"0";"2";"7";"17";"1";""
"202400015152";"155755092";"B01";"3";"32";"0";"2";"8";"1";"1";""
"202400015153";"155755090";"B01";"2";"32";"0";"2";"8";"1";"1";""
"202400015153";"155755093";"A01";"2";"7";"0";"2";"1";"1";"1";""
"202400015154";"155755087";"B01";"3";"33";"0";"2";"7";"0";"1";""
"202400015154";"155755089";"A01";"3";"43";"0";"2";"7";"1";"1";""
"202400015155";"155755086";"A01";"3";"7";"0";"9";"7";"17";"1";""
"202400015155";"155755088";"B01";"3";"60";"0";"2";"8";"0";"5";""
"202400015156";"155755083";"A01";"1";"50";"0";"1";"1";"1";"3";""
"202400015157";"155755084";"B01";"1";"33";"0";"2";"1";"1";"1";""
"202400015157";"155755085";"A01";"1";"7";"0";"2";"2";"20";"1";""
"202400015158";"155755082";"A01";"2";"50";"0";"1";"1";"5";"3";""
"202400015159";"155755080";"B01";"1";"2";"0";"2";"8";"2";"3";""
"202400015159";"155755081";"A01";"2";"80";"0";"0";"3";"2";"3";""
"202400015160";"155755077";"B01";"3";"7";"0";"2";"4";"23";"1";""
"202400015160";"155755078";"A01";"3";"7";"0";"2";"1";"1";"1";""
"202400015161";"155755076";"B01";"1";"7";"0";"2";"3";"1";"2";""
"202400015161";"155755079";"A01";"1";"1";"0";"2";"1";"1";"5";""
"202400015162";"155755075";"A01";"3";"7";"0";"1";"3";"1";"3";""
"202400015163";"155755073";"B01";"2";"21";"0";"2";"3";"9";"1";""
"202400015163";"155755074";"A01";"1";"30";"0";"2";"1";"1";"3";""
"202400015164";"155755072";"A01";"0";"33";"0";"0";"0";"26";"1";""
"202400015165";"155755071";"A01";"1";"7";"2";"0";"2";"1";"2";""
"202400015166";"155755069";"A01";"3";"7";"0";"2";"1";"1";"1";""
"202400015166";"155755070";"B01";"3";"7";"0";"2";"7";"1";"1";""
"202400015167";"155755068";"A01";"2";"7";"0";"1";"1";"1";"1";""
"202400015168";"155755065";"A01";"2";"7";"0";"2";"1";"2";"2";""
"202400015168";"155755067";"B01";"1";"7";"0";"2";"4";"2";"1";""
"202400015169";"155755064";"A01";"2";"1";"0";"2";"1";"21";"5";""
"202400015169";"155755066";"B01";"1";"14";"0";"2";"7";"1";"1";""
"202400015170";"155755062";"A01";"1";"7";"0";"1";"2";"1";"2";""
"202400015171";"155755061";"B01";"1";"10";"0";"2";"3";"1";"1";""
"202400015171";"155755063";"A01";"2";"33";"0";"2";"2";"1";"1";""
"202400015172";"155755059";"A01";"2";"50";"0";"2";"7";"1";"3";""
"202400015172";"155755060";"B01";"2";"7";"0";"2";"3";"24";"2";""
"202400015173";"155755057";"B01";"1";"17";"0";"2";"3";"13";"1";""
"202400015173";"155755058";"A01";"2";"7";"0";"2";"3";"1";"1";""
"202400015174";"155755054";"A01";"2";"43";"0";"2";"8";"3";"1";""
"202400015174";"155755056";"B01";"3";"7";"0";"2";"2";"9";"1";""
"202400015175";"155755053";"B01";"1";"7";"0";"0";"6";"6";"3";""
"202400015175";"155755055";"A01";"2";"1";"0";"2";"1";"6";"5";""
"202400015176";"155755050";"A01";"0";"50";"0";"2";"1";"25";"3";""
"202400015176";"155755052";"B01";"3";"7";"0";"2";"3";"26";"3";""
"202400015177";"155755049";"B01";"1";"2";"0";"0";"0";"17";"1";""
"202400015177";"155755051";"A01";"1";"7";"14";"0";"0";"15";"2";""
"202400015178";"155755047";"B01";"1";"7";"0";"2";"3";"15";"1";""
"202400015178";"155755048";"A01";"1";"30";"0";"2";"2";"1";"1";""
"202400015179";"155755045";"A01";"1";"10";"0";"2";"7";"15";"1";""
"202400015179";"155755046";"B01";"2";"1";"0";"2";"1";"1";"5";""
"202400015180";"155755043";"A01";"1";"7";"2";"0";"2";"1";"1";""
"202400015181";"155755042";"A01";"2";"7";"0";"2";"1";"1";"1";""
"202400015181";"155755044";"B01";"2";"32";"0";"2";"4";"1";"1";""
"202400015182";"155755040";"A01";"2";"7";"0";"2";"6";"17";"1";""
"202400015182";"155755041";"B01";"2";"7";"0";"2";"2";"17";"1";""
"202400015183";"155755038";"B01";"2";"7";"0";"2";"1";"0";"1";""
"202400015183";"155755039";"A01";"2";"3";"0";"2";"4";"1";"1";""
"202400015184";"155755036";"A01";"1";"3";"0";"0";"4";"1";"1";""
"202400015184";"155755037";"B01";"1";"7";"3";"2";"2";"1";"1";""
"202400015185";"155755034";"Y01";"1";"60";"0";"2";"4";"19";"5";""
"202400015185";"155755035";"A01";"1";"7";"0";"2";"4";"20";"1";""
"202400015186";"155755031";"A01";"2";"7";"0";"2";"3";"1";"1";""
"202400015186";"155755033";"B01";"1";"31";"0";"2";"3";"1";"1";""
"202400015187";"155755030";"A01";"1";"14";"0";"2";"7";"16";"1";""
"202400015187";"155755032";"B01";"1";"1";"0";"2";"0";"1";"5";""
"202400015188";"155755027";"A01";"2";"7";"0";"2";"3";"1";"1";""
"202400015188";"155755029";"B01";"1";"7";"0";"2";"3";"1";"1";""
"202400015189";"155755026";"B01";"3";"15";"0";"2";"1";"16";"1";""
"202400015189";"155755028";"A01";"3";"7";"0";"2";"8";"16";"1";""
"202400015190";"155755025";"A01";"2";"33";"4";"0";"7";"14";"1";""
"202400015191";"155755023";"B01";"1";"7";"0";"2";"6";"20";"3";""
"202400015191";"155755024";"A01";"1";"50";"0";"2";"6";"13";"3";""
"202400015192";"155755022";"A01";"2";"7";"13";"0";"1";"13";"1";""
"202400015193";"155755019";"A01";"3";"36";"0";"0";"0";"16";"1";""
"202400015194";"155755020";"B01";"1";"7";"0";"2";"2";"14";"1";""
"202400015194";"155755021";"A01";"1";"32";"0";"2";"3";"1";"1";""
"202400015195";"155755015";"A01";"2";"7";"0";"2";"1";"1";"1";""
"202400015195";"155755017";"B01";"1";"10";"0";"2";"3";"1";"1";""
"202400015196";"155755016";"A01";"1";"30";"0";"2";"1";"1";"1";""
"202400015196";"155755018";"B01";"2";"7";"0";"2";"1";"1";"1";""
"202400015197";"155755014";"A01";"1";"7";"5";"0";"1";"1";"1";""
"202400015198";"155755013";"A01";"3";"33";"0";"0";"0";"2";"0";""
"202400015199";"155755011";"A01";"1";"1";"8";"0";"1";"12";"5";""
"202400015200";"155755010";"B01";"2";"31";"0";"2";"1";"1";"1";""
"202400015200";"155755012";"A01";"1";"33";"0";"2";"1";"26";"1";""
"202400015201";"155755009";"A01";"2";"60";"0";"0";"7";"1";"5";""
"202400015202";"155755008";"A01";"3";"7";"0";"1";"1";"1";"1";""
"202400015203";"155755004";"A01";"1";"43";"1";"2";"2";"11";"0";""
"202400015203";"155755006";"B01";"2";"7";"0";"2";"1";"9";"0";""
"202400015203";"155755007";"C01";"2";"7";"1";"2";"1";"24";"0";""
"202400015204";"155755002";"A01";"2";"7";"0";"2";"1";"17";"1";""
"202400015204";"155755003";"B01";"1";"10";"0";"2";"3";"1";"1";""
"202400015204";"155755005";"C01";"1";"7";"0";"2";"1";"1";"1";""
"202400015205";"155755001";"A01";"1";"1";"1";"0";"1";"26";"5";""
"202400015206";"155754999";"A01";"1";"1";"0";"0";"1";"2";"5";""
"202400015207";"155754998";"A01";"2";"2";"0";"2";"1";"16";"1";""
"202400015207";"155755000";"B01";"1";"7";"0";"2";"1";"1";"1";""
"202400015208";"155754997";"A01";"1";"7";"0";"1";"1";"1";"1";""
"202400015209";"155754996";"A01";"2";"33";"0";"1";"2";"1";"1";""
"202400015210";"155754994";"A01";"1";"7";"0";"2";"3";"2";"1";""
"202400015210";"155754995";"B01";"1";"7";"0";"2";"5";"9";"1";""
"202400015211";"155754993";"A01";"3";"7";"0";"1";"2";"1";"1";""
"202400015212";"155754989";"A01";"0";"10";"0";"2";"1";"15";"1";""
"202400015212";"155754992";"B01";"1";"10";"0";"2";"8";"1";"1";""
"202400015213";"155754990";"B01";"1";"7";"0";"2";"4";"15";"1";""
"202400015213";"155754991";"A01";"1";"33";"0";"2";"1";"2";"1";""
"202400015214";"155754986";"A01";"1";"7";"1";"0";"7";"1";"1";""
"202400015215";"155754985";"B01";"2";"7";"0";"2";"9";"26";"1";""
"202400015215";"155754987";"C01";"2";"10";"0";"2";"1";"0";"1";""
"202400015215";"155754988";"A01";"2";"10";"0";"0";"4";"0";"1";""
"202400015216";"155754982";"B01";"2";"7";"0";"2";"1";"0";"1";""
"202400015216";"155754984";"A01";"1";"7";"0";"2";"3";"1";"1";""
"202400015217";"155754981";"A01";"2";"7";"0";"2";"3";"1";"1";""
"202400015217";"155754983";"B01";"1";"7";"0";"2";"3";"13";"1";""
"202400015218";"155754980";"A01";"1";"7";"13";"0";"1";"1";"1";""
"202400015219";"155754978";"A01";"1";"15";"0";"0";"6";"11";"1";""
"202400015219";"155754979";"B01";"1";"7";"0";"2";"1";"0";"1";""
"202400015220";"155754977";"A01";"1";"7";"6";"0";"1";"1";"1";""
"202400015221";"155754975";"A01";"1";"34";"0";"6";"2";"0";"1";""
"202400015222";"155754973";"A01";"1";"7";"0";"0";"4";"15";"1";""
"202400015222";"155754974";"B01";"1";"7";"0";"2";"1";"1";"1";""
"202400015223";"155754972";"A01";"2";"7";"0";"1";"1";"1";"1";""
"202400015224";"155754970";"B01";"0";"33";"0";"2";"1";"1";"1";""
"202400015224";"155754971";"A01";"3";"33";"0";"2";"1";"1";"1";""
"202400015225";"155754969";"A01";"1";"1";"0";"0";"1";"1";"5";""
"202400015226";"155754968";"A01";"3";"50";"0";"1";"1";"25";"3";""
"202400015227";"155754966";"A01";"2";"7";"0";"2";"3";"15";"1";""
"202400015227";"155754967";"B01";"1";"7";"0";"2";"3";"1";"2";""
"202400015228";"155754965";"A01";"1";"7";"0";"1";"3";"1";"1";""
"202400015229";"155754964";"A01";"2";"7";"0";"0";"3";"0";"1";""
"202400015230";"155754962";"A01";"1";"7";"0";"2";"1";"1";"1";""
"202400015230";"155754963";"B01";"2";"14";"0";"2";"8";"15";"1";""
"202400015231";"155754961";"A01";"2";"7";"13";"0";"9";"1";"1";""
"202400015232";"155754960";"A01";"1";"7";"2";"0";"1";"0";"1";""
"202400015233";"155754957";"A01";"2";"7";"3";"0";"7";"1";"1";""
"202400015234";"155754958";"A01";"2";"7";"0";"2";"5";"15";"1";""
"202400015234";"155754959";"B01";"1";"7";"0";"2";"1";"1";"3";""
"202400015235";"155754954";"B01";"2";"99";"0";"2";"2";"1";"1";""
"202400015235";"155754956";"A01";"1";"7";"11";"2";"2";"13";"1";""
"202400015236";"155754953";"A01";"1";"2";"0";"2";"3";"9";"1";""
"202400015236";"155754955";"B01";"1";"7";"0";"2";"2";"1";"1";""
"202400015237";"155754952";"A01";"0";"33";"0";"0";"0";"26";"1";""
"202400015238";"155754951";"A01";"3";"33";"0";"0";"0";"1";"1";""
"202400015239";"155754949";"A01";"1";"7";"2";"0";"7";"0";"1";""
"202400015240";"155754950";"A01";"3";"1";"13";"0";"7";"1";"5";""
"202400015241";"155754947";"A01";"1";"7";"0";"0";"4";"1";"1";""
"202400015241";"155754948";"B01";"1";"7";"0";"2";"1";"1";"1";""
"202400015242";"155754946";"A01";"2";"7";"2";"0";"1";"1";"1";""
"202400015243";"155754943";"A01";"0";"7";"0";"2";"1";"1";"1";""
"202400015243";"155754945";"B01";"1";"50";"0";"2";"1";"15";"3";""
"202400015244";"155754942";"A01";"2";"7";"0";"2";"2";"17";"1";""
"202400015244";"155754944";"B01";"1";"10";"0";"2";"3";"1";"1";""
"202400015245";"155754941";"A01";"1";"1";"0";"9";"1";"1";"5";""
"202400015246";"155754940";"A01";"1";"7";"0";"1";"2";"2";"1";""
"202400015247";"155754939";"A01";"2";"33";"11";"0";"1";"1";"1";""
"202400015248";"155754937";"B01";"0";"30";"0";"0";"8";"1";"1";""
"202400015248";"155754938";"A01";"0";"30";"0";"2";"1";"15";"1";""
"202400015249";"155754935";"A01";"3";"7";"9";"2";"1";"5";"1";""
"202400015249";"155754936";"B01";"1";"10";"0";"2";"2";"2";"1";""
"202400015250";"155754933";"A01";"1";"7";"2";"2";"3";"5";"1";""
"202400015250";"155754934";"B01";"2";"33";"13";"2";"6";"1";"1";""
"202400015251";"155754931";"A01";"2";"33";"10";"0";"1";"17";"1";""
"202400015252";"155754930";"B01";"1";"7";"0";"2";"2";"1";"1";""
"202400015252";"155754932";"A01";"3";"2";"0";"2";"1";"1";"1";""
"202400015253";"155754928";"A01";"3";"7";"2";"0";"7";"13";"1";""
"202400015254";"155754927";"A01";"3";"33";"0";"2";"3";"13";"1";""
"202400015254";"155754929";"B01";"3";"14";"0";"2";"3";"21";"1";""
"202400015255";"155754925";"A01";"0";"7";"0";"1";"3";"2";"1";""
"202400015256";"155754924";"B01";"1";"50";"0";"2";"1";"1";"3";""
"202400015256";"155754926";"A01";"1";"7";"0";"2";"3";"9";"1";""
"202400015257";"155754920";"A01";"2";"7";"0";"2";"5";"18";"1";""
"202400015257";"155754921";"C01";"2";"15";"0";"2";"3";"1";"1";""
"202400015257";"155754922";"B01";"2";"7";"0";"2";"3";"14";"2";""
"202400015258";"155754918";"A01";"2";"32";"14";"0";"0";"17";"1";""
"202400015258";"155754919";"B01";"2";"38";"0";"0";"0";"15";"1";"1"
"202400015259";"155754913";"A01";"2";"7";"0";"2";"2";"14";"1";""
"202400015259";"155754915";"B01";"2";"17";"0";"0";"0";"1";"1";""
"202400015260";"155754914";"A01";"2";"3";"8";"0";"1";"1";"1";""
"202400015261";"155754912";"A01";"1";"7";"6";"0";"1";"1";"1";""
"202400015262";"155754910";"A01";"2";"7";"3";"9";"1";"2";"2";""
"202400015263";"155754909";"A01";"1";"7";"4";"0";"3";"1";"1";""
"202400015264";"155754908";"A01";"2";"1";"13";"0";"0";"14";"5";""
"202400015265";"155754905";"A01";"2";"7";"0";"2";"5";"15";"1";""
"202400015265";"155754907";"B01";"1";"10";"0";"2";"1";"1";"1";""
"202400015266";"155754904";"A01";"2";"2";"0";"0";"1";"1";"1";""
"202400015266";"155754906";"B01";"1";"7";"0";"9";"3";"13";"1";""
"202400015267";"155754902";"A01";"1";"13";"0";"1";"5";"1";"1";""
"202400015268";"155754901";"A01";"1";"7";"0";"2";"3";"5";"1";""
"202400015268";"155754903";"B01";"2";"7";"0";"2";"3";"1";"1";""
"202400015269";"155754896";"C01";"2";"1";"0";"9";"8";"1";"5";""
"202400015269";"155754898";"B01";"2";"1";"0";"2";"8";"1";"5";""
"202400015269";"155754900";"A01";"2";"10";"0";"9";"7";"17";"1";""
"202400015270";"155754895";"A01";"2";"7";"13";"0";"2";"1";"1";""
"202400015271";"155754894";"A01";"1";"36";"2";"0";"0";"1";"1";""
"202400015272";"155754891";"A01";"2";"7";"0";"2";"1";"13";"1";""
"202400015272";"155754893";"B01";"1";"10";"0";"2";"1";"1";"1";""
"202400015273";"155754890";"A01";"2";"7";"0";"2";"7";"1";"1";""
"202400015273";"155754892";"B01";"2";"31";"0";"2";"1";"2";"1";""
"202400015274";"155754888";"A01";"1";"2";"0";"1";"1";"1";"1";""
"202400015275";"155754887";"A01";"1";"7";"0";"2";"2";"19";"1";""
"202400015275";"155754889";"B01";"1";"7";"13";"2";"1";"1";"1";""
"202400015276";"155754885";"B01";"1";"7";"0";"0";"0";"17";"0";""
"202400015276";"155754886";"A01";"0";"1";"0";"0";"0";"0";"5";""
"202400015277";"155754883";"B01";"2";"1";"0";"2";"0";"0";"5";""
"202400015277";"155754884";"A01";"2";"10";"0";"9";"3";"0";"1";""
"202400015278";"155754882";"A01";"1";"7";"0";"1";"2";"1";"1";""
"202400015279";"155754881";"A01";"1";"7";"0";"1";"1";"1";"1";""
"202400015280";"155754876";"A01";"2";"33";"0";"2";"1";"17";"1";""
"202400015280";"155754878";"B01";"1";"7";"0";"2";"8";"15";"1";""
"202400015281";"155754874";"B01";"2";"7";"0";"2";"2";"1";"1";""
"202400015281";"155754875";"C01";"1";"7";"0";"2";"8";"1";"1";""