"Num_Acc";"id_vehicule";"num_veh";"senc";"catv";"obs";"obsm";"choc";"manv";"motor";"occutc"
"202400015281";"155754877";"A01";"1";"7";"0";"2";"7";"15";"1";""
"202400015282";"155754871";"A01";"2";"7";"0";"2";"1";"1";"1";""
"202400015282";"155754872";"B01";"1";"7";"0";"2";"4";"23";"1";""
"202400015282";"155754873";"C01";"2";"7";"0";"2";"1";"1";"1";""
"202400015283";"155754869";"A01";"1";"7";"0";"2";"8";"1";"1";""
"202400015283";"155754870";"B01";"1";"33";"0";"2";"7";"17";"1";""
"202400015284";"155754866";"A01";"2";"7";"0";"2";"1";"2";"1";""
"202400015284";"155754868";"B01";"2";"21";"0";"2";"4";"2";"1";""
"202400015285";"155754865";"B01";"2";"15";"0";"2";"1";"1";"1";""
"202400015285";"155754867";"A01";"1";"7";"0";"2";"1";"5";"1";""
"202400015286";"155754863";"A01";"2";"7";"2";"9";"9";"21";"2";""
"202400015287";"155754862";"B01";"1";"1";"0";"2";"3";"15";"5";""
"202400015287";"155754864";"A01";"1";"7";"0";"2";"2";"17";"1";""
"202400015288";"155754860";"A01";"1";"33";"0";"2";"1";"1";"1";""
"202400015288";"155754861";"B01";"1";"30";"0";"0";"4";"15";"1";""
"202400015289";"155754858";"A01";"2";"1";"0";"2";"0";"1";"5";""
"202400015289";"155754859";"B01";"1";"0";"0";"2";"0";"1";"0";""
"202400015290";"155754857";"A01";"2";"33";"0";"0";"1";"0";"1";""
"202400015291";"155754854";"A01";"2";"10";"0";"2";"5";"9";"1";""
"202400015291";"155754856";"B01";"2";"1";"0";"2";"1";"2";"5";""
"202400015292";"155754853";"A01";"2";"7";"0";"2";"3";"1";"1";""
"202400015292";"155754855";"B01";"1";"7";"0";"2";"1";"15";"1";""
"202400015293";"155754851";"A01";"0";"32";"0";"2";"2";"1";"1";""
"202400015293";"155754852";"B01";"0";"7";"0";"2";"3";"1";"1";""
"202400015294";"155754849";"A01";"1";"7";"0";"2";"6";"10";"1";""
"202400015294";"155754850";"B01";"1";"50";"0";"2";"1";"1";"3";""
"202400015295";"155754847";"A01";"2";"7";"0";"2";"3";"1";"1";""
"202400015295";"155754848";"B01";"1";"33";"0";"2";"1";"13";"1";""
"202400015296";"155754844";"B01";"1";"30";"0";"2";"2";"0";"1";""
"202400015296";"155754846";"A01";"1";"7";"0";"2";"5";"2";"1";""
"202400015297";"155754843";"A01";"2";"33";"0";"9";"5";"1";"1";""
"202400015297";"155754845";"B01";"2";"1";"0";"2";"8";"1";"5";""
"202400015298";"155754840";"A01";"1";"33";"0";"2";"1";"1";"1";""
"202400015298";"155754842";"B01";"1";"7";"0";"2";"4";"1";"1";""
"202400015299";"155754838";"C01";"2";"1";"0";"2";"1";"1";"5";""
"202400015299";"155754839";"A01";"1";"7";"0";"2";"1";"13";"1";""
"202400015299";"155754841";"B01";"2";"1";"0";"2";"1";"1";"5";""
"202400015300";"155754836";"A01";"3";"7";"0";"1";"2";"1";"1";""
"202400015301";"155754833";"A01";"3";"7";"0";"2";"2";"9";"1";""
"202400015301";"155754834";"B01";"2";"2";"0";"2";"8";"15";"1";""
"202400015302";"155754832";"A01";"0";"33";"0";"0";"2";"2";"1";""
"202400015303";"155754830";"A01";"1";"7";"0";"2";"3";"13";"1";""
"202400015303";"155754831";"B01";"2";"7";"0";"2";"3";"1";"1";""
"202400015304";"155754826";"A01";"1";"10";"7";"2";"2";"11";"1";""
"202400015304";"155754828";"B01";"1";"2";"0";"2";"3";"15";"1";""
"202400015305";"155754825";"A01";"2";"7";"0";"2";"8";"1";"1";""
"202400015305";"155754827";"B01";"2";"7";"0";"2";"7";"14";"1";""
"202400015306";"155754823";"A01";"2";"7";"0";"2";"3";"9";"1";""
"202400015306";"155754824";"B01";"2";"33";"0";"2";"3";"1";"1";""
"202400015307";"155754821";"B01";"1";"10";"0";"2";"1";"2";"1";""
"202400015307";"155754822";"A01";"1";"7";"0";"2";"4";"1";"1";""
"202400015308";"155754819";"A01";"3";"10";"0";"2";"3";"19";"1";""
"202400015308";"155754820";"B01";"1";"2";"0";"2";"1";"1";"1";""
"202400015309";"155754815";"C01";"2";"7";"0";"2";"1";"2";"3";""
"202400015309";"155754817";"A01";"2";"7";"0";"2";"1";"1";"1";""
"202400015309";"155754818";"B01";"2";"7";"0";"2";"9";"2";"1";""
"202400015310";"155754814";"B01";"2";"7";"0";"0";"0";"19";"1";""
"202400015310";"155754816";"A01";"1";"7";"6";"0";"2";"1";"1";""
"202400015311";"155754812";"A01";"1";"7";"0";"2";"7";"12";"1";""
"202400015311";"155754813";"B01";"1";"33";"0";"2";"8";"3";"1";""
"202400015312";"155754810";"A01";"3";"7";"0";"2";"3";"9";"1";""
"202400015312";"155754811";"B01";"3";"2";"0";"2";"1";"9";"1";""
"202400015313";"155754805";"A01";"2";"10";"4";"2";"5";"14";"1";""
"202400015313";"155754807";"C01";"2";"10";"4";"2";"8";"2";"1";""
"202400015313";"155754809";"B01";"2";"32";"4";"2";"8";"3";"1";""
"202400015314";"155754804";"A01";"3";"36";"13";"0";"0";"1";"1";""
"202400015315";"155754800";"A01";"1";"7";"0";"2";"4";"2";"1";""
"202400015315";"155754802";"B01";"1";"10";"0";"2";"1";"2";"1";""
"202400015316";"155754799";"C01";"2";"7";"0";"2";"5";"1";"1";""
"202400015316";"155754801";"A01";"2";"7";"0";"2";"8";"11";"1";""
"202400015316";"155754803";"B01";"2";"32";"0";"2";"1";"3";"1";""
"202400015317";"155754797";"A01";"2";"7";"0";"2";"4";"2";"1";""
"202400015317";"155754798";"B01";"2";"7";"0";"2";"1";"2";"1";""
"202400015318";"155754795";"A01";"2";"10";"0";"2";"3";"11";"1";""
"202400015318";"155754796";"B01";"2";"33";"0";"2";"1";"3";"1";""
"202400015319";"155754793";"A01";"1";"7";"0";"2";"2";"2";"1";""
"202400015319";"155754794";"B01";"1";"7";"0";"2";"6";"17";"1";""
"202400015320";"155754792";"A01";"1";"31";"14";"0";"1";"1";"1";""
"202400015321";"155754790";"A01";"1";"10";"6";"0";"2";"15";"1";""
"202400015322";"155754788";"A01";"1";"7";"0";"2";"1";"2";"1";""
"202400015322";"155754789";"B01";"1";"7";"0";"2";"4";"2";"1";""
"202400015322";"155754791";"C01";"1";"10";"0";"2";"4";"2";"1";""
"202400015323";"155754787";"A01";"2";"32";"0";"0";"0";"2";"1";""
"202400015324";"155754785";"A01";"2";"33";"0";"2";"1";"1";"1";""
"202400015324";"155754786";"B01";"2";"7";"0";"2";"5";"1";"1";""
"202400015325";"155754783";"A01";"1";"7";"4";"0";"8";"13";"1";""
"202400015326";"155754782";"B01";"1";"32";"0";"2";"2";"9";"1";""
"202400015326";"155754784";"A01";"1";"33";"0";"2";"8";"3";"1";""
"202400015327";"155754779";"B01";"1";"17";"0";"2";"6";"0";"1";""
"202400015327";"155754781";"A01";"1";"10";"0";"2";"2";"2";"1";""
"202400015328";"155754777";"A01";"1";"14";"0";"2";"1";"2";"1";""
"202400015328";"155754778";"B01";"1";"7";"0";"2";"4";"2";"1";""
"202400015328";"155754780";"C01";"1";"31";"0";"2";"4";"2";"1";""
"202400015329";"155754773";"C01";"2";"7";"4";"2";"4";"1";"1";""
"202400015329";"155754775";"A01";"2";"32";"4";"2";"1";"3";"1";""
"202400015329";"155754776";"B01";"2";"7";"4";"2";"8";"11";"1";""
"202400015330";"155754772";"A01";"1";"33";"0";"2";"1";"2";"1";""
"202400015330";"155754774";"B01";"1";"10";"0";"2";"5";"2";"1";""
"202400015331";"155754771";"A01";"1";"32";"4";"0";"1";"3";"1";""
"202400015332";"155754767";"A01";"2";"33";"0";"2";"1";"3";"1";""
"202400015332";"155754769";"B01";"2";"7";"0";"2";"4";"2";"1";""
"202400015333";"155754768";"B01";"1";"7";"0";"2";"8";"1";"2";""
"202400015333";"155754770";"A01";"1";"7";"4";"2";"1";"1";"1";""
"202400015334";"155754764";"A01";"1";"7";"4";"2";"1";"12";"1";""
"202400015334";"155754766";"B01";"1";"10";"4";"2";"8";"1";"1";""
"202400015335";"155754763";"A01";"1";"7";"4";"0";"3";"1";"1";""
"202400015335";"155754765";"B01";"1";"33";"0";"2";"9";"1";"1";""
"202400015336";"155754758";"A01";"2";"7";"0";"0";"2";"14";"1";""
"202400015336";"155754760";"B01";"2";"7";"0";"0";"3";"1";"2";""
"202400015337";"155754757";"D01";"1";"7";"0";"2";"4";"0";"1";""
"202400015337";"155754759";"A01";"1";"10";"0";"2";"1";"2";"1";""
"202400015337";"155754761";"B01";"1";"7";"0";"2";"4";"0";"1";""
"202400015337";"155754762";"C01";"1";"7";"0";"2";"4";"0";"1";""
"202400015338";"155754753";"A01";"1";"33";"0";"2";"1";"1";"1";""
"202400015338";"155754755";"B01";"1";"10";"0";"2";"5";"12";"1";""
"202400015339";"155754752";"B01";"1";"7";"0";"2";"4";"2";"1";""
"202400015339";"155754754";"A01";"1";"7";"0";"2";"1";"2";"3";""
"202400015339";"155754756";"C01";"1";"7";"0";"2";"4";"2";"1";""
"202400015340";"155754748";"B01";"1";"7";"0";"2";"2";"12";"1";""
"202400015340";"155754750";"A01";"1";"33";"0";"2";"8";"3";"1";""
"202400015341";"155754749";"A01";"2";"30";"0";"2";"4";"1";"1";""
"202400015341";"155754751";"B01";"2";"7";"0";"2";"1";"1";"1";""
"202400015342";"155754746";"A01";"1";"33";"0";"0";"7";"11";"1";""
"202400015343";"155754745";"A01";"2";"31";"0";"2";"3";"0";"1";""
"202400015343";"155754747";"B01";"2";"7";"0";"2";"5";"0";"1";""
"202400015344";"155754743";"A01";"1";"2";"0";"0";"8";"1";"1";""
"202400015345";"155754742";"B01";"2";"7";"0";"2";"4";"23";"1";""
"202400015345";"155754744";"A01";"2";"15";"0";"2";"1";"2";"1";""
"202400015346";"155754740";"A01";"2";"33";"0";"1";"3";"26";"1";""
"202400015347";"155754739";"A01";"0";"7";"0";"0";"1";"1";"1";""
"202400015348";"155754737";"B01";"1";"2";"0";"2";"7";"1";"1";""
"202400015348";"155754738";"A01";"1";"7";"0";"2";"1";"15";"1";""
"202400015349";"155754736";"A01";"3";"10";"0";"1";"3";"15";"1";""
"202400015350";"155754735";"A01";"2";"50";"0";"0";"1";"1";"3";""
"202400015351";"155754734";"A01";"2";"7";"0";"1";"0";"1";"1";""
"202400015352";"155754730";"A01";"1";"7";"0";"2";"3";"1";"1";""
"202400015352";"155754731";"B01";"2";"50";"0";"2";"7";"1";"3";""
"202400015353";"155754732";"A01";"1";"7";"0";"2";"4";"26";"1";""
"202400015353";"155754733";"B01";"1";"7";"0";"2";"1";"26";"1";""
"202400015354";"155754728";"A01";"2";"30";"0";"2";"3";"17";"1";""
"202400015354";"155754729";"B01";"3";"99";"0";"2";"6";"9";"0";""
"202400015355";"155754726";"A01";"1";"10";"0";"2";"1";"2";"1";""
"202400015355";"155754727";"B01";"3";"7";"0";"2";"4";"1";"1";""
"202400015356";"155754725";"A01";"2";"50";"0";"2";"1";"1";"3";""
"202400015357";"155754724";"A01";"1";"7";"0";"0";"0";"1";"1";""
"202400015358";"155754722";"B01";"3";"1";"0";"2";"1";"1";"5";""
"202400015358";"155754723";"A01";"3";"7";"0";"2";"2";"9";"1";""
"202400015359";"155754721";"A01";"1";"7";"8";"0";"8";"1";"1";""
"202400015360";"155754719";"A01";"2";"7";"0";"2";"1";"9";"1";""
"202400015360";"155754720";"B01";"1";"31";"0";"2";"7";"3";"3";""
"202400015361";"155754717";"A01";"0";"7";"0";"2";"0";"0";"1";""
"202400015361";"155754718";"B01";"3";"50";"0";"2";"7";"19";"3";""
"202400015362";"155754714";"A01";"3";"7";"0";"2";"6";"0";"0";""
"202400015362";"155754716";"B01";"3";"7";"0";"2";"3";"2";"1";""
"202400015363";"155754715";"A01";"2";"7";"0";"1";"3";"15";"1";""
"202400015364";"155754711";"A01";"1";"10";"0";"2";"3";"19";"1";""
"202400015364";"155754713";"B01";"0";"30";"0";"2";"5";"17";"3";""
"202400015365";"155754710";"A01";"1";"80";"0";"2";"0";"21";"3";""
"202400015365";"155754712";"B01";"2";"1";"0";"2";"0";"15";"0";""
"202400015366";"155754708";"A01";"3";"7";"0";"1";"3";"16";"1";""
"202400015367";"155754707";"A01";"2";"7";"0";"2";"3";"10";"1";""
"202400015367";"155754709";"B01";"2";"33";"0";"2";"2";"17";"1";""
"202400015368";"155754704";"A01";"2";"7";"0";"1";"2";"15";"1";""
"202400015369";"155754703";"A01";"1";"7";"0";"2";"1";"1";"1";""
"202400015369";"155754705";"B01";"1";"7";"0";"2";"4";"1";"1";""
"202400015369";"155754706";"C01";"1";"7";"0";"2";"4";"1";"1";""
"202400015370";"155754700";"A01";"1";"7";"0";"2";"2";"21";"1";""
"202400015370";"155754701";"B01";"1";"34";"0";"2";"3";"2";"1";""
"202400015371";"155754699";"A01";"2";"37";"0";"2";"8";"17";"2";"2"
"202400015371";"155754702";"B01";"1";"33";"0";"2";"1";"1";"1";""
"202400015372";"155754696";"A01";"1";"7";"0";"2";"3";"13";"1";""
"202400015372";"155754698";"B01";"2";"7";"0";"2";"6";"1";"1";""
"202400015373";"155754695";"A01";"3";"7";"0";"9";"3";"15";"2";""
"202400015373";"155754697";"B01";"0";"80";"0";"2";"4";"15";"3";""
"202400015374";"155754692";"A01";"3";"7";"0";"2";"3";"1";"1";""
"202400015374";"155754693";"B01";"3";"33";"0";"0";"7";"1";"1";""
"202400015375";"155754691";"A01";"2";"7";"0";"2";"3";"1";"1";""
"202400015375";"155754694";"B01";"1";"7";"0";"2";"3";"1";"1";""
"202400015376";"155754690";"A01";"2";"7";"2";"0";"1";"14";"1";""
"202400015377";"155754687";"A01";"0";"7";"0";"2";"1";"1";"1";""
"202400015377";"155754688";"B01";"0";"7";"1";"2";"8";"1";"1";""
"202400015378";"155754685";"A01";"3";"32";"0";"1";"1";"1";"1";""
"202400015379";"155754686";"B01";"0";"1";"1";"0";"1";"0";"5";""
"202400015380";"155754682";"A01";"3";"7";"0";"2";"3";"15";"1";""
"202400015380";"155754684";"B01";"2";"33";"0";"2";"1";"1";"1";""
"202400015381";"155754681";"B01";"2";"7";"0";"2";"2";"1";"1";""
"202400015381";"155754683";"A01";"3";"7";"0";"2";"1";"19";"1";""
"202400015382";"155754679";"A01";"1";"31";"0";"2";"7";"17";"1";""
"202400015382";"155754680";"B01";"1";"7";"0";"2";"1";"9";"1";""
"202400015383";"155754678";"A01";"3";"10";"0";"1";"6";"20";"1";""
"202400015384";"155754676";"A01";"1";"40";"0";"1";"7";"2";"3";""
"202400015385";"155754675";"A01";"2";"7";"0";"2";"0";"15";"1";""
"202400015385";"155754677";"B01";"2";"1";"0";"2";"2";"17";"5";""
"202400015386";"155754673";"Z01";"0";"1";"0";"0";"0";"26";"5";""
"202400015387";"155754672";"A01";"1";"1";"0";"2";"6";"2";"5";""
"202400015387";"155754674";"B01";"1";"7";"0";"2";"1";"2";"1";""
"202400015388";"155754671";"A01";"0";"7";"1";"0";"1";"16";"1";""
"202400015389";"155754669";"A01";"2";"7";"0";"1";"1";"1";"1";""
"202400015390";"155754666";"B01";"1";"7";"0";"2";"1";"1";"1";""
"202400015390";"155754668";"A01";"2";"7";"0";"2";"1";"13";"1";""
"202400015391";"155754665";"B01";"3";"7";"0";"2";"4";"2";"1";""
"202400015391";"155754667";"A01";"0";"7";"0";"2";"1";"2";"1";""
"202400015392";"155754663";"A01";"2";"31";"0";"2";"1";"1";"1";""
"202400015392";"155754664";"B01";"2";"7";"0";"2";"4";"1";"1";""
"202400015393";"155754662";"A01";"2";"10";"0";"1";"2";"16";"1";""
"202400015394";"155754659";"A01";"2";"7";"0";"2";"8";"9";"1";""
"202400015394";"155754660";"B01";"2";"33";"0";"2";"2";"1";"1";""
"202400015395";"155754661";"A01";"3";"7";"0";"1";"0";"1";"0";""
"202400015396";"155754657";"B01";"3";"7";"0";"2";"4";"23";"2";""
"202400015396";"155754658";"A01";"1";"50";"1";"0";"4";"1";"3";""
"202400015397";"155754655";"A01";"2";"30";"12";"0";"0";"1";"1";""
"202400015398";"155754656";"A01";"2";"32";"0";"1";"1";"1";"1";""
"202400015399";"155754653";"A01";"3";"7";"0";"1";"1";"1";"1";""
"202400015400";"155754652";"A01";"3";"7";"0";"2";"1";"1";"1";""
"202400015400";"155754654";"B01";"3";"7";"2";"2";"1";"1";"1";""
"202400015401";"155754649";"B01";"3";"7";"0";"2";"3";"1";"1";""
"202400015401";"155754650";"A01";"3";"50";"0";"2";"1";"15";"3";""
"202400015402";"155754648";"B01";"1";"7";"0";"2";"3";"0";"1";""
"202400015402";"155754651";"A01";"2";"7";"0";"2";"2";"1";"1";""
"202400015403";"155754645";"B01";"1";"30";"0";"2";"4";"23";"1";""
"202400015403";"155754647";"A01";"1";"10";"0";"2";"1";"2";"1";""
"202400015404";"155754644";"B01";"2";"7";"0";"0";"0";"0";"1";""
"202400015404";"155754646";"A01";"1";"30";"0";"2";"0";"0";"1";""
"202400015405";"155754643";"A01";"2";"7";"0";"1";"0";"1";"1";""
"202400015406";"155754641";"B01";"1";"7";"0";"2";"7";"16";"1";""
"202400015406";"155754642";"A01";"1";"31";"0";"2";"1";"18";"1";""
"202400015407";"155754637";"A01";"1";"10";"0";"2";"4";"1";"0";""
"202400015407";"155754639";"B01";"1";"33";"0";"2";"1";"1";"0";""
"202400015408";"155754638";"B01";"3";"7";"0";"2";"3";"1";"1";""
"202400015408";"155754640";"A01";"3";"7";"0";"2";"1";"15";"1";""
"202400015409";"155754635";"A01";"3";"7";"0";"1";" -1";"1";" -1";""
"202400015410";"155754634";"A01";"1";"32";"0";"2";"7";"15";"1";""
"202400015410";"155754636";"B01";"2";"7";"0";"2";"3";"1";"1";""
"202400015411";"155754633";"A01";"1";"7";"0";"1";"1";"1";"1";""
"202400015412";"155754632";"A01";"3";"7";"0";"0";"1";"0";"0";""
"202400015413";"155754629";"A01";"1";"30";"0";"2";"2";"17";"3";""
"202400015413";"155754631";"B01";"1";"7";"0";"2";"3";"15";"1";""
"202400015414";"155754627";"A01";"3";"7";"15";"2";"1";"1";"1";""
"202400015414";"155754628";"B01";"3";"7";"1";"0";"0";"0";"1";""
"202400015414";"155754630";"C01";"3";"7";"1";"0";"0";"0";"1";""
"202400015415";"155754625";"B01";"3";"10";"7";"2";"2";"15";"1";""
"202400015415";"155754626";"A01";"3";"10";"0";"2";"1";"7";"1";""
"202400015416";"155754624";"A01";"1";"7";"0";"1";"1";"1";"1";""
"202400015417";"155754619";"C01";"3";"7";"0";"2";"4";"2";"1";""
"202400015417";"155754621";"A01";"3";"7";"0";"2";"1";"1";"1";""
"202400015417";"155754623";"B01";"3";"7";"0";"2";"4";"2";"3";""
"202400015418";"155754618";"A01";"2";"7";"0";"2";"1";"13";"1";""
"202400015418";"155754620";"B01";"2";"7";"0";"2";"5";"1";"1";""
"202400015418";"155754622";"C01";"2";"7";"0";"2";"7";"1";"1";""
"202400015419";"155754616";"A01";"3";"7";"0";"2";"3";"15";"1";""
"202400015419";"155754617";"B01";"3";"33";"8";"2";"1";"17";"1";""
"202400015420";"155754615";"A01";"2";"7";"0";"1";"2";"1";"1";""
"202400015421";"155754612";"A01";"1";"7";"0";"2";"3";"15";"1";""
"202400015421";"155754614";"B01";"1";"33";"0";"2";"7";"17";"1";""
"202400015422";"155754611";"B01";"1";"7";"0";"2";"3";"0";"1";""
"202400015422";"155754613";"A01";"2";"7";"0";"2";"2";"13";"1";""
"202400015423";"155754609";"A01";"2";"7";"0";"2";"3";"10";"1";""
"202400015423";"155754610";"B01";"2";"33";"0";"2";"1";"1";"1";""
"202400015424";"155754607";"A01";"1";"60";"0";"2";"1";"19";"5";""
"202400015424";"155754608";"B01";"1";"7";"0";"2";"3";"1";"1";""
"202400015425";"155754604";"A01";"1";"7";"0";"2";"6";"0";"1";""
"202400015425";"155754606";"B01";"2";"7";"0";"2";"1";"0";"3";""
"202400015426";"155754602";"C01";"1";"7";"0";"2";"4";"2";"1";""
"202400015426";"155754603";"A01";"1";"10";"0";"2";"1";"2";"1";""
"202400015426";"155754605";"B01";"0";"7";"0";"2";"4";"2";"1";""
"202400015427";"155754601";"A01";"1";"10";"0";"1";"2";"1";"1";""
"202400015428";"155754600";"A01";"1";"7";"0";"1";"1";"16";"1";""
"202400015429";"155754599";"A01";"3";"7";"0";"1";"1";"15";"1";""
"202400015430";"155754595";"B01";"1";"50";"0";"2";"1";"1";"3";""
"202400015430";"155754597";"A01";"2";"7";"0";"2";"1";"15";"1";""
"202400015431";"155754596";"A01";"3";"10";"0";"2";"4";"4";"1";""
"202400015431";"155754598";"B01";"0";"1";"0";"2";"1";"0";"5";""
"202400015432";"155754593";"A01";"1";"7";"0";"2";"7";"15";"1";""
"202400015432";"155754594";"B01";"2";"2";"0";"2";"0";"1";"1";""
"202400015433";"155754590";"A01";"1";"7";"0";"2";"3";"13";"1";""
"202400015433";"155754591";"B01";"2";"7";"0";"2";"8";"1";"6";""
"202400015433";"155754592";"C01";"2";"7";"0";"2";"1";"1";"1";""
"202400015434";"155754588";"A01";"3";"50";"0";"2";"8";"19";"3";""
"202400015434";"155754589";"B01";"2";"7";"0";"2";"3";"1";"2";""
"202400015435";"155754587";"A01";"3";"7";"2";"0";"1";"1";"1";""
"202400015436";"155754586";"A01";"2";"50";"0";"0";"1";"0";"3";""
"202400015437";"155754583";"A01";"1";"7";"0";"2";"1";"17";"1";""
"202400015437";"155754585";"B01";"2";"7";"0";"2";"1";"1";"1";""
"202400015438";"155754582";"A01";"1";"10";"3";"2";"4";"14";"1";""
"202400015438";"155754584";"B01";"1";"7";"0";"2";"1";"1";"2";""
"202400015439";"155754581";"A01";"1";"33";"0";"1";"1";"1";"1";""
"202400015440";"155754579";"B01";"1";"7";"0";"2";"1";"1";"1";""
"202400015440";"155754580";"A01";"2";"7";"0";"2";"1";"1";"1";""
"202400015441";"155754578";"A01";"2";"13";"0";"1";"3";"1";"1";""
"202400015442";"155754576";"B01";"2";"31";"0";"2";"2";"2";"1";""
"202400015442";"155754577";"A01";"2";"7";"0";"2";"6";"1";"1";""
"202400015443";"155754574";"A01";"2";"33";"0";"2";"1";"5";"1";""
"202400015443";"155754575";"B01";"1";"7";"0";"2";"7";"15";"1";""
"202400015444";"155754572";"A01";"1";"7";"0";"2";"1";"2";"1";""
"202400015444";"155754573";"B01";"1";"7";"0";"2";"4";"2";"1";""
"202400015445";"155754570";"A01";"2";"7";"0";"2";"7";"16";"1";""
"202400015445";"155754571";"B01";"2";"1";"0";"2";"1";"1";"5";""
"202400015446";"155754568";"A01";"1";"38";"0";"2";"3";"15";"1";"1"
"202400015446";"155754569";"B01";"1";"80";"0";"2";"7";"1";"3";""
"202400015447";"155754566";"A01";"2";"7";"0";"2";"8";"15";"1";""
"202400015447";"155754567";"B01";"2";"30";"0";"2";"7";"17";"3";""
"202400015448";"155754563";"A01";"2";"7";"0";"2";"1";"5";"1";""
"202400015448";"155754565";"B01";"2";"80";"0";"2";"8";"19";"3";""
"202400015449";"155754561";"A01";"0";"33";"0";"2";"3";"3";"1";""
"202400015449";"155754562";"B01";"0";"7";"0";"2";"7";"14";"1";""
"202400015449";"155754564";"C01";"0";"7";"0";"2";"5";"1";"1";""
"202400015450";"155754559";"A01";"3";"1";"0";"2";"3";"11";"5";""
"202400015450";"155754560";"B01";"3";"7";"0";"9";"2";"1";"1";""
"202400015451";"155754558";"A01";"1";"7";"13";"0";"1";"14";"1";""
"202400015452";"155754557";"A01";"1";"30";"0";"1";"1";"26";"1";""
"202400015453";"155754556";"A01";"0";"7";"0";"1";"7";"1";"1";""
"202400015454";"155754554";"A01";"0";"7";"0";"2";"1";"26";"1";""
"202400015454";"155754555";"B01";"0";"7";"0";"2";"4";"23";"1";""
"202400015455";"155754552";"A01";"3";"7";"0";"0";"0";"0";"1";""
"202400015455";"155754553";"B01";"3";"50";"0";"2";"2";"1";"3";""
"202400015456";"155754550";"A01";"3";"7";"0";"2";"2";"14";"1";""
"202400015456";"155754551";"B01";"3";"32";"0";"2";"3";"1";"1";""
"202400015457";"155754548";"A01";"3";"7";"0";"2";"1";"1";"1";""
"202400015457";"155754549";"B01";"3";"50";"0";"2";"0";"0";"3";""
"202400015458";"155754544";"B01";"3";"7";"0";"2";"6";"16";"1";""
"202400015458";"155754545";"A01";"3";"15";"0";"2";"2";"1";"1";""
"202400015459";"155754542";"A01";"3";"7";"0";"2";"1";"1";"1";""
"202400015459";"155754543";"B01";"2";"7";"0";"2";"3";"1";"1";""
"202400015460";"155754541";"A01";"3";"7";"0";"1";"1";"26";"1";""
"202400015461";"155754540";"Z01";"3";"10";"0";"0";"0";"0";"0";""
"202400015462";"155754538";"A01";"2";"7";"0";"2";"1";"0";"1";""
"202400015462";"155754539";"B01";"1";"7";"0";"2";"3";"0";"1";""
"202400015463";"155754536";"A01";"3";"7";"0";"2";"5";"16";"1";""
"202400015463";"155754537";"B01";"3";"50";"0";"2";"1";"0";"3";""
"202400015464";"155754535";"A01";"1";"7";"13";"0";"1";"14";"1";""
"202400015465";"155754533";"A01";"2";"7";"2";"2";"2";"1";"1";""
"202400015465";"155754534";"B01";"2";"1";"0";"2";"4";"1";"5";""
"202400015466";"155754531";"A01";"1";"7";"0";"2";"1";"1";"1";""
"202400015466";"155754532";"B01";"1";"7";"0";"2";"4";"9";"2";""
"202400015467";"155754529";"A01";"2";"1";"0";"2";"8";"15";"5";""
"202400015467";"155754530";"B01";"2";"33";"0";"2";"1";"1";"1";""
"202400015468";"155754527";"B01";"2";"80";"0";"2";"1";"1";"3";""
"202400015468";"155754528";"A01";"1";"80";"0";"2";"1";"1";"3";""
"202400015469";"155754525";"B01";"1";"2";"0";"2";"1";"17";"3";""
"202400015469";"155754526";"A01";"1";"10";"0";"2";"3";"10";"1";""
"202400015470";"155754523";"B01";"3";"7";"0";"2";"8";"1";"1";""
"202400015470";"155754524";"A01";"3";"31";"0";"2";"1";"1";"1";""
"202400015471";"155754520";"C01";"3";"7";"0";"0";"3";"24";"1";""
"202400015471";"155754521";"A01";"1";"10";"1";"0";"3";"2";"1";""
"202400015471";"155754522";"B01";"3";"7";"1";"0";"3";"24";"1";""
"202400015472";"155754519";"A01";"2";"50";"0";"0";"1";"1";"3";""
"202400015473";"155754517";"A01";"1";"2";"0";"0";"7";"1";"1";""
"202400015474";"155754516";"A01";"2";"17";"2";"2";"1";"2";"1";""
"202400015474";"155754518";"B01";"2";"7";"0";"2";"4";"1";"1";""
"202400015475";"155754513";"B01";"1";"10";"0";"2";"6";"1";"1";""
"202400015475";"155754515";"A01";"1";"32";"0";"2";"1";"3";"1";""
"202400015476";"155754512";"A01";"2";"7";"0";"2";"7";"23";"1";""
"202400015476";"155754514";"B01";"2";"1";"1";"0";"3";"1";"5";""
"202400015477";"155754509";"B01";"1";"7";"4";"2";"6";"2";"1";""
"202400015477";"155754511";"A01";"1";"7";"0";"2";"2";"21";"2";""
"202400015478";"155754508";"A01";"2";"7";"0";"9";"7";"23";"3";""
"202400015478";"155754510";"B01";"2";"80";"0";"2";"8";"13";"3";""
"202400015479";"155754507";"A01";"1";"7";"4";"0";"6";"13";"1";""
"202400015480";"155754505";"A01";"2";"1";"0";"2";"1";"1";"5";""
"202400015480";"155754506";"B01";"2";"10";"0";"2";"8";"15";"0";""
"202400015481";"155754503";"A01";"1";"7";"0";"2";"7";"14";"2";""
"202400015481";"155754504";"B01";"1";"7";"0";"2";"8";"1";"1";""
"202400015482";"155754500";"A01";"2";"32";"0";"2";"8";"1";"1";""
"202400015482";"155754502";"B01";"2";"1";"0";"2";"7";"13";"5";""
"202400015483";"155754499";"A01";"1";"7";"0";"9";"2";"9";"1";""
"202400015483";"155754501";"B01";"1";"1";"0";"2";"4";"19";"5";""