"Num_Acc";"id_vehicule";"num_veh";"senc";"catv";"obs";"obsm";"choc";"manv";"motor";"occutc"
"202400015484";"155754496";"B01";"1";"7";"0";"2";"1";"1";"2";""
"202400015484";"155754498";"A01";"2";"80";"0";"2";"7";"9";"3";""
"202400015485";"155754495";"A01";"1";"7";"0";"2";"2";"7";"1";""
"202400015485";"155754497";"B01";"1";"7";"0";"0";"8";"1";"3";""
"202400015486";"155754491";"Z01";"1";"33";"0";"2";"3";"16";"1";""
"202400015486";"155754493";"AB01";"2";"80";"0";"2";"1";"1";"3";""
"202400015487";"155754490";"AC01";"0";"7";"0";"2";"0";"0";"1";""
"202400015487";"155754492";"A01";"3";"7";"9";"2";"6";"1";"1";""
"202400015487";"155754494";"B01";"3";"7";"9";"2";"9";"1";"1";""
"202400015488";"155754489";"A01";"2";"7";"0";"1";"2";"16";"2";""
"202400015489";"155754488";"A01";"1";"1";"0";"0";"8";"1";"5";""
"202400015490";"155754487";"A01";"1";"7";"10";"0";"1";"1";"1";""
"202400015491";"155754486";"A01";"1";"10";"0";"1";"8";"15";"1";""
"202400015492";"155754484";"B01";"2";"7";"0";"2";"3";"1";"1";""
"202400015492";"155754485";"A01";"1";"7";"0";"2";"3";"13";"1";""
"202400015493";"155754483";"A01";"1";"7";"0";"1";"2";"1";"1";""
"202400015494";"155754482";"A01";"1";"7";"0";"1";"1";"1";"1";""
"202400015495";"155754479";"B01";"2";"7";"0";"2";"1";"23";"1";""
"202400015495";"155754480";"C01";"2";"7";"0";"2";"4";"23";"1";""
"202400015495";"155754481";"A01";"2";"7";"0";"2";"1";"2";"1";""
"202400015496";"155754476";"A01";"2";"7";"0";"2";"1";"2";"1";""
"202400015496";"155754477";"B01";"2";"7";"0";"2";"4";"15";"1";""
"202400015497";"155754475";"A01";"1";"7";"0";"1";"0";"1";"1";""
"202400015498";"155754474";"A01";"0";"7";"0";"0";"9";"1";"1";""
"202400015499";"155754472";"A01";"1";"7";"0";"2";"7";"17";"1";""
"202400015499";"155754473";"B01";"1";"7";"0";"2";"6";"1";"1";""
"202400015500";"155754470";"B01";"1";"7";"0";"2";"3";"1";"1";""
"202400015500";"155754471";"A01";"2";"7";"0";"2";"3";"15";"1";""
"202400015501";"155754469";"A01";"3";"37";"0";"1";"7";"1";"1";"1"
"202400015502";"155754467";"A01";"0";"7";"0";"9";"1";"16";"1";""
"202400015502";"155754468";"B01";"0";"1";"0";"9";"8";"1";"5";""
"202400015503";"155754465";"A01";"0";"7";"0";"2";"1";"26";"1";""
"202400015503";"155754466";"B01";"1";"7";"0";"2";"4";"0";"0";""
"202400015504";"155754464";"A01";"3";"7";"0";"1";"1";"2";"1";""
"202400015505";"155754462";"B01";"2";"7";"0";"2";"1";"1";"1";""
"202400015505";"155754463";"A01";"1";"10";"9";"2";"5";"15";"1";""
"202400015506";"155754461";"A01";"2";"7";"0";"1";"1";"1";"1";""
"202400015507";"155754460";"A01";"1";"7";"0";"1";"1";"1";"0";""
"202400015508";"155754458";"A01";"3";"7";"0";"2";"6";"9";"1";""
"202400015508";"155754459";"B01";"1";"33";"0";"2";"1";"1";"1";""
"202400015509";"155754456";"B01";"3";"7";"0";"2";"3";"2";"1";""
"202400015509";"155754457";"A01";"3";"50";"0";"2";"1";"19";"3";""
"202400015510";"155754455";"A01";"2";"30";"9";"9";"0";"26";"0";""
"202400015511";"155754452";"A01";"3";"7";"0";"2";"1";"2";"1";""
"202400015511";"155754453";"C01";"1";"7";"0";"2";"4";"2";"1";""
"202400015511";"155754454";"B01";"1";"7";"0";"2";"4";"2";"1";""
"202400015512";"155754451";"A01";"0";"7";"14";"0";"1";"1";"1";""
"202400015513";"155754450";"A01";"1";"7";"0";"1";"2";"1";"1";""
"202400015514";"155754448";"B01";"1";"7";"0";"2";"1";"1";"1";""
"202400015514";"155754449";"A01";"2";"7";"0";"2";"1";"13";"2";""
"202400015515";"155754447";"A01";"3";"7";"1";"0";"1";"14";"1";""
"202400015516";"155754446";"A01";"1";"7";"0";"1";"1";"1";"1";""
"202400015517";"155754444";"A01";"2";"7";"0";"9";"3";"9";"1";""
"202400015517";"155754445";"B01";"3";"50";"0";"2";"1";"1";"3";""
"202400015518";"155754443";"A01";"1";"10";"0";"1";"1";"1";"1";""
"202400015519";"155754440";"A01";"1";"7";"13";"2";"1";"17";"1";""
"202400015519";"155754441";"B01";"2";"7";"0";"2";"1";"1";"1";""
"202400015519";"155754442";"C01";"2";"7";"0";"2";"3";"2";"1";""
"202400015520";"155754438";"A01";"2";"50";"0";"2";"0";"2";"3";""
"202400015520";"155754439";"B01";"2";"1";"0";"2";"4";"1";"5";""
"202400015521";"155754436";"A01";"2";"7";"0";"2";"3";"15";"1";""
"202400015521";"155754437";"B01";"1";"2";"0";"2";"3";"1";"1";""
"202400015522";"155754434";"A01";"2";"37";"0";"2";"1";"2";"3";"2"
"202400015522";"155754435";"B01";"2";"7";"7";"0";"4";"2";"1";""
"202400015523";"155754432";"A01";"2";"10";"0";"2";"3";"1";"1";""
"202400015523";"155754433";"B01";"2";"1";"0";"2";"1";"9";"5";""
"202400015524";"155754430";"A01";"3";"10";"0";"2";"8";"9";"1";""
"202400015524";"155754431";"B01";"3";"50";"0";"2";"7";"1";"3";""
"202400015525";"155754429";"A01";"1";"7";"0";"1";"3";"1";"1";""
"202400015526";"155754426";"A01";"1";"7";"0";"2";"1";"2";"1";""
"202400015526";"155754427";"B01";"1";"7";"0";"2";"4";"2";"1";""
"202400015526";"155754428";"C01";"1";"7";"0";"0";"0";"0";"1";""
"202400015527";"155754424";"A01";"1";"7";"0";"2";"1";"13";"1";""
"202400015527";"155754425";"B01";"2";"7";"0";"2";"1";"1";"1";""
"202400015528";"155754423";"A01";"3";"7";"0";"1";"1";"15";"0";""
"202400015529";"155754422";"A01";"2";"37";"0";"1";"1";"1";"1";"1"
"202400015530";"155754421";"A01";"3";"30";"0";"0";"7";"16";"1";""
"202400015531";"155754420";"Z01";"1";"7";"0";"1";"3";"20";"1";""
"202400015532";"155754419";"A01";"2";"7";"8";"0";"1";"1";"1";""
"202400015533";"155754417";"A01";"2";"7";"0";"2";"1";"15";"1";""
"202400015533";"155754418";"B01";"1";"33";"0";"2";"1";"1";"1";""
"202400015534";"155754415";"A01";"2";"50";"0";"2";"1";"13";"3";""
"202400015534";"155754416";"B01";"2";"7";"0";"2";"1";"1";"1";""
"202400015535";"155754414";"A01";"3";"7";"0";"2";"1";"1";"1";""
"202400015536";"155754412";"A01";"1";"7";"0";"2";"2";"19";"1";""
"202400015536";"155754413";"B01";"1";"32";"0";"2";"1";"1";"1";""
"202400015537";"155754410";"A01";"0";"7";"0";"2";"1";"1";"1";""
"202400015537";"155754411";"B01";"0";"7";"0";"2";"4";"26";"1";""
"202400015538";"155754409";"A01";"0";"7";"0";"1";"1";"1";"1";""
"202400015539";"155754407";"A01";"2";"7";"0";"2";"2";"1";"1";""
"202400015539";"155754408";"B01";"2";"7";"0";"2";"3";"1";"1";""
"202400015540";"155754406";"A01";"1";"7";"0";"2";"1";"0";"1";""
"202400015541";"155754405";"A01";"2";"7";"0";"1";"1";"15";"1";""
"202400015542";"155754403";"B01";"1";"50";"0";"2";"8";"1";"3";""
"202400015542";"155754404";"A01";"1";"7";"0";"2";"2";"12";"1";""
"202400015543";"155754402";"A01";"1";"50";"0";"1";"0";"0";"3";""
"202400015544";"155754399";"A01";"1";"7";"0";"1";"2";"16";"1";""
"202400015545";"155754397";"B01";"3";"1";"0";"0";"0";"0";"5";""
"202400015545";"155754398";"A01";"1";"7";"0";"2";"3";"1";"1";""
"202400015546";"155754396";"A01";"2";"7";"0";"1";"3";"1";"1";""
"202400015547";"155754394";"A01";"3";"2";"0";"2";"1";"15";"1";""
"202400015547";"155754395";"B01";"3";"7";"0";"2";"3";"1";"1";""
"202400015548";"155754393";"A01";"1";"43";"0";"1";"1";"2";"1";""
"202400015549";"155754392";"A01";"2";"34";"0";"1";"0";"1";"3";""
"202400015550";"155754391";"A01";"1";"10";"0";"1";"4";"20";"1";""
"202400015551";"155754390";"A01";"3";"3";"0";"1";"8";"2";"3";""
"202400015552";"155754389";"A01";"3";"32";"0";"1";"1";"16";"1";""
"202400015553";"155754387";"A01";"3";"7";"0";"2";"3";"1";"1";""
"202400015553";"155754388";"B01";"3";"32";"0";"2";"5";"1";"1";""
"202400015554";"155754386";"A01";"1";"1";"0";"1";"1";"1";"5";""
"202400015555";"155754385";"A01";"2";"10";"0";"1";"2";"16";"1";""
"202400015556";"155754383";"A01";"1";"50";"0";"2";"1";"13";"3";""
"202400015556";"155754384";"B01";"2";"80";"0";"2";"1";"1";"3";""
"202400015557";"155754381";"A01";"2";"7";"0";"2";"6";"22";"2";""
"202400015557";"155754382";"B01";"2";"31";"0";"2";"7";"17";"3";""
"202400015558";"155754379";"A01";"1";"1";"2";"0";"2";"17";"5";""
"202400015558";"155754380";"B01";"1";"7";"2";"0";"3";"24";"2";""
"202400015559";"155754378";"A01";"1";"37";"0";"1";"3";"7";"2";"1"
"202400015560";"155754377";"A01";"1";"50";"0";"0";"0";"1";"3";""
"202400015561";"155754376";"A01";"3";"7";"0";"1";"1";"9";"1";""
"202400015562";"155754374";"A01";"1";"7";"0";"2";"3";"0";"1";""
"202400015562";"155754375";"B01";"2";"7";"0";"2";"1";"1";"1";""
"202400015563";"155754373";"A01";"1";"32";"0";"1";"7";"21";"1";""
"202400015564";"155754371";"B01";"1";"33";"4";"2";"1";"1";"1";""
"202400015564";"155754372";"A01";"2";"10";"0";"9";"1";"1";"1";""
"202400015565";"155754369";"A01";"1";"7";"0";"2";"1";"1";"1";""
"202400015565";"155754370";"B01";"1";"7";"0";"2";"4";"1";"1";""
"202400015566";"155754367";"A01";"2";"7";"0";"2";"4";"2";"1";""
"202400015566";"155754368";"B01";"2";"10";"0";"2";"1";"2";"1";""
"202400015567";"155754365";"A01";"2";"7";"0";"2";"2";"2";"3";""
"202400015567";"155754366";"B01";"2";"7";"0";"2";"3";"2";"3";""
"202400015568";"155754364";"A01";"1";"10";"0";"1";"1";"9";"1";""
"202400015569";"155754362";"X01";"1";"50";"0";"2";"1";"1";"3";""
"202400015569";"155754363";"A01";"1";"10";"0";"2";"7";"20";"1";""
"202400015570";"155754361";"A01";"1";"34";"0";"1";"1";"6";"0";""
"202400015571";"155754359";"A01";"1";"0";"0";"2";"0";"0";"0";""
"202400015571";"155754360";"B01";"1";"33";"0";"2";"3";"2";"1";""
"202400015572";"155754357";"A01";"2";"30";"0";"2";"1";"1";"1";""
"202400015572";"155754358";"B01";"2";"7";"0";"2";"5";"15";"1";""
"202400015573";"155754355";"B01";"0";"50";"1";"0";"1";"1";"3";""
"202400015573";"155754356";"A01";"0";"33";"0";"2";"4";"26";"1";""
"202400015574";"155754354";"A01";"2";"7";"0";"1";"3";"15";"1";""
"202400015575";"155754352";"A01";"1";"7";"0";"2";"2";"1";"1";""
"202400015575";"155754353";"B01";"2";"32";"0";"2";"3";"1";"1";""
"202400015576";"155754350";"B01";"2";"10";"0";"2";"1";"1";"1";""
"202400015576";"155754351";"A01";"2";"10";"0";"2";"3";"13";"1";""
"202400015577";"155754348";"A01";"2";"7";"0";"2";"2";"12";"1";""
"202400015577";"155754349";"B01";"2";"7";"0";"2";"6";"1";"1";""
"202400015578";"155754346";"A01";"1";"7";"0";"2";"3";"4";"1";""
"202400015578";"155754347";"B01";"2";"7";"13";"2";"1";"1";"1";""
"202400015579";"155754344";"A01";"2";"7";"0";"2";"3";"1";"1";""
"202400015579";"155754345";"B01";"1";"7";"0";"2";"1";"1";"1";""
"202400015580";"155754342";"A01";"2";"7";"0";"2";"2";"15";"1";""
"202400015580";"155754343";"B01";"2";"32";"0";"2";"2";"1";"1";""
"202400015581";"155754341";"A01";"2";"7";"14";"0";"1";"1";"1";""
"202400015582";"155754339";"A01";"1";"7";"0";"2";"3";"9";"1";""
"202400015582";"155754340";"B01";"1";"33";"0";"2";"1";"9";"1";""
"202400015583";"155754338";"A01";"1";"10";"13";"0";"1";"1";"1";""
"202400015584";"155754336";"A01";"2";"7";"0";"9";"2";"1";"1";""
"202400015584";"155754337";"B01";"2";"1";"0";"0";"4";"1";"5";""
"202400015585";"155754335";"A01";"0";"7";"13";"6";"3";"23";"1";""
"202400015586";"155754334";"A01";"1";"7";"0";"0";"3";"1";"1";""
"202400015587";"155754331";"C01";"1";"7";"0";"0";"0";"13";"1";""
"202400015587";"155754332";"A01";"1";"7";"0";"2";"3";"13";"1";""
"202400015587";"155754333";"B01";"2";"7";"0";"2";"3";"1";"1";""
"202400015588";"155754329";"A01";"2";"7";"16";"2";"3";"1";"1";""
"202400015588";"155754330";"B01";"1";"7";"0";"2";"2";"17";"1";""
"202400015589";"155754327";"A01";"3";"7";"0";"2";"3";"13";"2";""
"202400015589";"155754328";"B01";"3";"7";"0";"2";"3";"1";"1";""
"202400015590";"155754326";"A01";"2";"7";"10";"0";"1";"26";"1";""
"202400015591";"155754325";"A01";"2";"7";"0";"1";"2";"1";"1";""
"202400015592";"155754322";"B01";"1";"10";"0";"0";"0";"14";"1";""
"202400015592";"155754323";"C01";"1";"10";"0";"2";"1";"1";"1";""
"202400015592";"155754324";"A01";"2";"7";"0";"2";"1";"13";"1";""
"202400015593";"155754321";"A01";"2";"7";"0";"1";"2";"15";"1";""
"202400015594";"155754317";"A01";"2";"7";"15";"2";"1";"15";"1";""
"202400015594";"155754318";"B01";"1";"7";"6";"0";"1";"1";"1";""
"202400015594";"155754319";"C01";"2";"7";"0";"2";"1";"1";"1";""
"202400015594";"155754320";"D01";"2";"2";"0";"2";"1";"2";"1";""
"202400015595";"155754316";"A01";"1";"7";"0";"1";"2";"1";"1";""
"202400015596";"155754315";"A01";"1";"7";"0";"1";"3";"1";"0";""
"202400015597";"155754313";"A01";"1";"7";"0";"2";"0";"1";"1";""
"202400015597";"155754314";"B01";"1";"7";"0";"2";"0";"1";"1";""
"202400015598";"155754311";"B01";"2";"2";"0";"2";"7";"6";"1";""
"202400015598";"155754312";"A01";"2";"7";"0";"2";"3";"9";"1";""
"202400015599";"155754310";"A01";"1";"7";"6";"0";"7";"1";"1";""
"202400015600";"155754308";"B01";"2";"7";"0";"2";"1";"19";"1";""
"202400015600";"155754309";"A01";"1";"7";"0";"2";"8";"1";"2";""
"202400015601";"155754304";"A01";"1";"7";"3";"0";"1";"0";"1";""
"202400015602";"155754303";"A01";"2";"7";"0";"1";"1";"1";"1";""
"202400015603";"155754302";"A01";"2";"7";"2";"0";"1";"1";"1";""
"202400015604";"155754301";"A01";"0";"7";"0";"1";"1";"1";"1";""
"202400015605";"155754299";"B01";"1";"33";"0";"2";"4";"1";"1";""
"202400015605";"155754300";"A01";"1";"7";"0";"2";"1";"17";"1";""
"202400015606";"155754298";"A01";"1";"7";"14";"0";"1";"1";"1";""
"202400015607";"155754296";"B01";"1";"7";"0";"2";"1";"1";"1";""
"202400015607";"155754297";"A01";"2";"7";"0";"2";"1";"5";"1";""
"202400015608";"155754294";"A01";"2";"32";"0";"2";"1";"1";"1";""
"202400015608";"155754295";"B01";"2";"7";"0";"0";"6";"1";"1";""
"202400015609";"155754293";"A01";"3";"7";"0";"1";"1";"1";"1";""
"202400015610";"155754292";"A01";"1";"50";"0";"2";"1";"1";"3";""
"202400015611";"155754291";"A01";"1";"7";"0";"9";"1";"1";"1";""
"202400015612";"155754289";"A01";"2";"7";"0";"2";"2";"1";"1";""
"202400015612";"155754290";"Y01";"3";"60";"0";"2";"8";"19";"5";""
"202400015613";"155754288";"A01";"2";"7";"13";"0";"3";"1";"2";""
"202400015614";"155754285";"A01";"1";"7";"7";"2";"2";"19";"1";""
"202400015614";"155754286";"B01";"2";"7";"0";"2";"3";"1";"1";""
"202400015614";"155754287";"C01";"1";"7";"0";"0";"8";"1";"1";""
"202400015615";"155754281";"C01";"1";"15";"0";"0";"6";"23";"1";""
"202400015615";"155754283";"A01";"1";"15";"1";"0";"7";"26";"1";""
"202400015615";"155754284";"B01";"1";"7";"1";"0";"1";"21";"1";""
"202400015616";"155754282";"A01";"3";"33";"0";"0";"0";"1";"1";""
"202400015617";"155754278";"B01";"1";"7";"0";"2";"3";"15";"1";""
"202400015617";"155754280";"A01";"2";"7";"0";"2";"1";"1";"1";""
"202400015618";"155754276";"A01";"2";"7";"0";"2";"2";"1";"1";""
"202400015618";"155754277";"B01";"2";"7";"4";"2";"9";"11";"1";""
"202400015619";"155754275";"A01";"3";"10";"16";"0";"0";"1";"1";""
"202400015620";"155754272";"A01";"2";"7";"0";"0";"9";"0";"1";""
"202400015621";"155754273";"A01";"1";"32";"0";"2";"8";"1";"1";""
"202400015621";"155754274";"B01";"1";"10";"0";"2";"2";"14";"1";""
"202400015622";"155754271";"A01";"1";"33";"0";"0";"0";"0";"1";""
"202400015623";"155754269";"B01";"1";"38";"0";"2";"3";"1";"1";"1"
"202400015623";"155754270";"A01";"1";"10";"3";"2";"2";"17";"1";""
"202400015624";"155754268";"A01";"2";"7";"0";"1";"3";"1";"3";""
"202400015625";"155754266";"A01";"1";"7";"0";"0";"3";"15";"0";""
"202400015625";"155754267";"B01";"1";"2";"0";"0";"1";"17";"1";""
"202400015626";"155754263";"B01";"3";"33";"0";"2";"3";"1";"1";""
"202400015626";"155754265";"A01";"3";"7";"0";"2";"6";"9";"1";""
"202400015627";"155754260";"A01";"2";"7";"0";"0";"1";"13";"1";""
"202400015628";"155754259";"A01";"1";"7";"4";"2";"9";"17";"1";""
"202400015628";"155754261";"B01";"1";"7";"0";"2";"8";"1";"1";""
"202400015628";"155754262";"C01";"1";"7";"0";"2";"1";"17";"1";""
"202400015628";"155754264";"D01";"1";"7";"0";"0";"8";"1";"1";""
"202400015629";"155754258";"A01";"2";"7";"0";"1";"2";"1";"1";""
"202400015630";"155754249";"B01";"2";"7";"0";"2";"1";"1";"1";""
"202400015630";"155754250";"F01";"2";"7";"0";"2";"1";"1";"1";""
"202400015630";"155754252";"G01";"2";"15";"0";"0";"6";"1";"1";""
"202400015630";"155754253";"C01";"2";"7";"1";"0";"5";"1";"1";""
"202400015630";"155754255";"D01";"2";"7";"0";"2";"3";"1";"1";""
"202400015630";"155754256";"A01";"2";"7";"4";"0";"2";"1";"1";""
"202400015630";"155754257";"E01";"2";"10";"4";"0";"1";"1";"1";""
"202400015631";"155754248";"B01";"2";"7";"0";"2";"3";"1";"1";""
"202400015631";"155754251";"A01";"2";"7";"0";"2";"2";"9";"1";""
"202400015631";"155754254";"C01";"1";"7";"0";"0";"3";"23";"1";""
"202400015632";"155754245";"A01";"2";"7";"0";"2";"3";"9";"1";""
"202400015632";"155754246";"B01";"1";"33";"0";"2";"0";"17";"1";""
"202400015633";"155754244";"A01";"2";"15";"13";"0";"4";"1";"1";""
"202400015633";"155754247";"B01";"2";"15";"14";"0";"1";"1";"1";""
"202400015634";"155754239";"C01";"1";"10";"14";"1";"2";"21";"1";""
"202400015634";"155754241";"B01";"1";"17";"0";"0";"4";"23";"1";""
"202400015634";"155754243";"A01";"1";"15";"4";"0";"2";"14";"1";""
"202400015635";"155754236";"A01";"1";"7";"0";"2";"1";"1";"1";""
"202400015635";"155754238";"B01";"1";"7";"0";"2";"1";"1";"1";""
"202400015635";"155754240";"C01";"1";"7";"0";"2";"1";"1";"1";""
"202400015635";"155754242";"D01";"1";"7";"0";"0";"4";"1";"1";""
"202400015636";"155754235";"B01";"1";"7";"0";"0";"0";"11";"0";""
"202400015636";"155754237";"A01";"1";"31";"0";"0";"0";"1";"1";""
"202400015637";"155754233";"B01";"2";"21";"0";"2";"3";"1";"1";""
"202400015637";"155754234";"A01";"1";"33";"0";"2";"1";"13";"1";""
"202400015638";"155754232";"A01";"2";"7";"3";"0";"1";"21";"1";""
"202400015639";"155754231";"A01";"1";"33";"15";"0";"1";"1";"1";""
"202400015640";"155754229";"A01";"2";"7";"0";"2";"4";"2";"1";""
"202400015640";"155754230";"B01";"2";"7";"0";"2";"1";"2";"1";""
"202400015641";"155754228";"A01";"0";"10";"13";"0";"0";"0";"1";""
"202400015642";"155754227";"A01";"3";"2";"0";"0";"0";"0";"1";""
"202400015643";"155754223";"A01";"1";"7";"0";"2";"1";"9";"1";""
"202400015643";"155754226";"B01";"1";"7";"0";"2";"1";"1";"1";""
"202400015644";"155754221";"A01";"2";"7";"15";"0";"1";"1";"1";""
"202400015645";"155754222";"A01";"2";"7";"13";"0";"0";"1";"1";""
"202400015646";"155754220";"A01";"1";"10";"3";"0";"1";"1";"1";""
"202400015647";"155754219";"A01";"0";"7";"0";"1";"3";"1";"1";""
"202400015648";"155754218";"A01";"2";"7";"0";"0";"0";"0";"1";""
"202400015649";"155754216";"A01";"1";"10";"0";"2";"3";"1";"1";""
"202400015649";"155754217";"B01";"2";"7";"0";"2";"3";"13";"1";""
"202400015650";"155754215";"A01";"1";"7";"13";"0";"9";"17";"1";""
"202400015651";"155754214";"A01";"3";"7";"0";"1";"2";"15";"1";""
"202400015652";"155754213";"A01";"2";"33";"0";"0";"2";"14";"1";""
"202400015653";"155754212";"A01";"1";"7";"2";"0";"3";"1";"1";""
"202400015654";"155754211";"A01";"2";"7";"6";"0";"1";"13";"1";""
"202400015655";"155754210";"A01";"1";"21";"6";"9";"1";"1";"0";""
"202400015656";"155754209";"A01";"1";"7";"0";"1";"3";"1";"1";""
"202400015657";"155754208";"A01";"1";"7";"0";"1";"3";"1";"1";""
"202400015658";"155754205";"A01";"2";"7";"0";"2";"2";"2";"1";""
"202400015658";"155754207";"B01";"2";"7";"0";"2";"6";"23";"1";""
"202400015659";"155754204";"A01";"1";"7";"0";"2";"8";"1";"1";""
"202400015659";"155754206";"B01";"2";"7";"2";"2";"3";"1";"1";""
"202400015660";"155754202";"B01";"1";"7";"0";"2";"4";"2";"1";""
"202400015660";"155754203";"A01";"1";"43";"0";"2";"1";"2";"1";""
"202400015661";"155754201";"A01";"1";"7";"0";"1";"1";"1";"1";""
"202400015662";"155754197";"A01";"1";"15";"0";"2";"1";"2";"1";""
"202400015662";"155754199";"B01";"1";"15";"0";"2";"4";"2";"1";""
"202400015662";"155754200";"C01";"1";"15";"0";"2";"4";"23";"1";""
"202400015663";"155754196";"A01";"1";"7";"0";"2";"1";"2";"1";""
"202400015663";"155754198";"B01";"1";"10";"0";"0";"4";"2";"1";""
"202400015664";"155754194";"A01";"2";"7";"0";"2";"2";"12";"1";""
"202400015664";"155754195";"B01";"2";"33";"0";"2";"3";"11";"1";""
"202400015665";"155754193";"A01";"1";"7";"13";"0";"1";"1";"1";""
"202400015666";"155754191";"A01";"2";"10";"0";"2";"1";"1";"1";""
"202400015666";"155754192";"B01";"2";"7";"0";"2";"4";"1";"1";""
"202400015667";"155754189";"B01";"2";"7";"0";"2";"3";"1";"1";""
"202400015667";"155754190";"A01";"1";"7";"0";"2";"1";"17";"1";""
"202400015668";"155754187";"B01";"2";"10";"0";"2";"5";"1";"1";""
"202400015668";"155754188";"A01";"2";"33";"0";"2";"3";"3";"1";""
"202400015669";"155754185";"A01";"2";"10";"4";"0";"1";"1";"1";""
"202400015670";"155754186";"A01";"1";"7";"1";"0";"3";"13";"1";""
"202400015671";"155754181";"A01";"1";"31";"0";"2";"1";"1";"1";""
"202400015671";"155754183";"B01";"1";"7";"0";"9";"4";"16";"1";""
"202400015672";"155754179";"C01";"1";"7";"0";"2";"1";"1";"1";""
"202400015672";"155754180";"A01";"1";"7";"0";"2";"1";"1";"1";""
"202400015672";"155754182";"B01";"1";"7";"14";"0";"4";"1";"1";""
"202400015672";"155754184";"D01";"1";"7";"0";"2";"4";"1";"3";""
"202400015673";"155754176";"B01";"1";"1";"0";"2";"4";"2";"5";""
"202400015673";"155754178";"A01";"1";"7";"0";"9";"7";"2";"1";""
"202400015674";"155754175";"A01";"2";"7";"0";"2";"3";"9";"1";""
"202400015674";"155754177";"B01";"2";"7";"0";"2";"5";"0";"1";""
"202400015675";"155754172";"A01";"1";"7";"0";"2";"1";"9";"1";""
"202400015675";"155754173";"B01";"1";"7";"0";"2";"4";"1";"1";""
"202400015676";"155754171";"A01";"1";"7";"0";"2";"3";"5";"1";""
"202400015676";"155754174";"B01";"2";"7";"0";"2";"3";"1";"1";""
"202400015677";"155754168";"B01";"1";"7";"0";"2";"2";"1";"1";""
"202400015677";"155754170";"A01";"1";"33";"0";"2";"7";"1";"1";""
"202400015678";"155754167";"A01";"1";"7";"0";"2";"1";"17";"1";""
"202400015678";"155754169";"B01";"2";"37";"0";"0";"2";"13";"1";"1"
"202400015679";"155754164";"A01";"1";"7";"0";"2";"4";"1";"1";""
"202400015679";"155754165";"B01";"1";"7";"0";"2";"4";"1";"3";""
"202400015679";"155754166";"C01";"1";"7";"0";"2";"1";"1";"1";""
"202400015680";"155754162";"A01";"1";"7";"0";"2";"1";"13";"1";""
"202400015680";"155754163";"B01";"2";"7";"0";"2";"1";"1";"1";""
"202400015681";"155754156";"C01";"2";"7";"0";"2";"1";"1";"1";""
"202400015681";"155754158";"B01";"1";"31";"0";"2";"1";"1";"1";""
"202400015681";"155754160";"A01";"1";"10";"0";"0";"4";"1";"1";""
"202400015682";"155754155";"A01";"1";"10";"0";"2";"4";"1";"1";""
"202400015682";"155754157";"B01";"1";"7";"0";"2";"4";"2";"1";""
"202400015682";"155754159";"D01";"1";"10";"0";"2";"1";"2";"1";""
"202400015682";"155754161";"C01";"1";"7";"0";"2";"1";"1";"1";""
"202400015683";"155754154";"A01";"1";"10";"4";"0";"1";"0";"1";""
"202400015684";"155754153";"A01";"0";"50";"0";"0";"1";"0";"3";""
"202400015685";"155754151";"A01";"2";"7";"14";"0";"1";"1";"1";""
"202400015686";"155754150";"C01";"1";"7";"0";"2";"1";"19";"1";""
"202400015686";"155754152";"A01";"1";"50";"0";"2";"7";"19";"3";""
"202400015687";"155754147";"B01";"1";"1";"0";"0";"4";"2";"5";""
"202400015687";"155754149";"A01";"1";"7";"0";"9";"2";"2";"1";""
"202400015688";"155754146";"A01";"1";"7";"0";"2";"3";"15";"1";""
"202400015688";"155754148";"B01";"2";"31";"0";"2";"1";"2";"1";""
"202400015689";"155754143";"A01";"3";"7";"0";"9";"2";"1";"1";""
"202400015689";"155754145";"B01";"3";"1";"0";"2";"1";"25";"5";""
"202400015690";"155754142";"B01";"3";"1";"0";"0";"0";"0";"5";""
"202400015690";"155754144";"A01";"3";"10";"0";"0";"0";"0";"1";""
"202400015691";"155754138";"A01";"3";"7";"0";"2";"8";"1";"1";""
"202400015691";"155754140";"B01";"3";"1";"0";"2";"0";"1";"5";""
"202400015692";"155754139";"A01";"3";"7";"0";"2";"1";"1";"1";""
"202400015692";"155754141";"B01";"3";"33";"0";"2";"1";"1";"1";""
"202400015693";"155754137";"A01";"1";"7";"14";"0";"1";"1";"1";""
"202400015694";"155754135";"B01";"1";"31";"0";"0";"0";"0";"1";""
"202400015694";"155754136";"A01";"1";"7";"0";"2";"7";"0";"1";""
"202400015695";"155754134";"A01";"2";"36";"8";"0";"9";"13";"1";""
"202400015696";"155754132";"A01";"2";"7";"13";"0";"1";"14";"1";""
"202400015697";"155754131";"A01";"2";"7";"0";"2";"1";"9";"1";""
"202400015697";"155754133";"B01";"2";"7";"0";"0";"2";"1";"1";""
"202400015698";"155754129";"A01";"2";"7";"0";"2";"8";"1";"1";""
"202400015698";"155754130";"B01";"3";"1";"0";"2";"2";"19";"5";""
"202400015699";"155754127";"A01";"1";"7";"6";"0";"1";"0";"1";""
"202400015700";"155754125";"A01";"2";"50";"1";"0";"0";"1";"3";""
"202400015701";"155754122";"A01";"2";"33";"15";"0";"0";"14";"1";""
"202400015702";"155754123";"C01";"2";"7";"0";"2";"4";"2";"1";""
"202400015702";"155754124";"B01";"2";"7";"0";"2";"4";"2";"1";""