"Num_Acc";"id_vehicule";"num_veh";"senc";"catv";"obs";"obsm";"choc";"manv";"motor";"occutc"
"202400015702";"155754126";"A01";"2";"7";"0";"2";"1";"2";"1";""
"202400015703";"155754119";"A01";"1";"7";"0";"9";"2";"1";"1";""
"202400015703";"155754121";"B01";"3";"1";"0";"2";"2";"5";"5";""
"202400015704";"155754118";"B01";"1";"7";"0";"2";"6";"2";"1";""
"202400015704";"155754120";"A01";"1";"7";"0";"2";"1";"2";"1";""
"202400015705";"155754117";"A01";"0";"7";"13";"0";"9";"0";"1";""
"202400015706";"155754116";"A01";"2";"33";"3";"0";"0";"17";"1";""
"202400015707";"155754114";"A01";"1";"33";"6";"0";"8";"1";"1";""
"202400015708";"155754113";"A01";"1";"7";"0";"2";"7";"1";"1";""
"202400015708";"155754115";"B01";"1";"31";"0";"2";"7";"16";"1";""
"202400015709";"155754111";"A01";"1";"7";"0";"2";"1";"2";"1";""
"202400015709";"155754112";"B01";"1";"7";"0";"2";"4";"0";"1";""
"202400015710";"155754110";"A01";"1";"33";"4";"0";"3";"17";"1";""
"202400015711";"155754108";"B01";"3";"7";"0";"2";"3";"13";"0";""
"202400015711";"155754109";"A01";"3";"30";"0";"2";"2";"17";"0";""
"202400015712";"155754107";"A01";"2";"7";"8";"0";"1";"0";"1";""
"202400015713";"155754104";"A01";"1";"7";"0";"0";"0";"12";"1";""
"202400015713";"155754105";"B01";"1";"33";"0";"2";"0";"1";"1";""
"202400015714";"155754103";"B01";"1";"7";"0";"2";"3";"1";"1";""
"202400015714";"155754106";"A01";"3";"50";"0";"2";"7";"19";"3";""
"202400015715";"155754101";"A01";"1";"7";"0";"9";"3";"19";"1";""
"202400015715";"155754102";"B01";"2";"2";"0";"2";"1";"1";"1";""
"202400015716";"155754099";"A01";"2";"7";"1";"2";"8";"9";"1";""
"202400015716";"155754100";"B01";"3";"7";"1";"2";"7";"1";"1";""
"202400015717";"155754097";"A01";"2";"50";"0";"2";"3";"5";"3";""
"202400015717";"155754098";"B01";"2";"7";"0";"2";"3";"16";"1";""
"202400015718";"155754094";"B01";"1";"1";"0";"2";"7";"1";"5";""
"202400015718";"155754096";"A01";"3";"7";"0";"2";"1";"9";"2";""
"202400015719";"155754093";"B01";"2";"2";"0";"2";"2";"1";"1";""
"202400015719";"155754095";"A01";"2";"7";"0";"2";"3";"20";"1";""
"202400015720";"155754092";"A01";"1";"7";"0";"1";"1";"17";"1";""
"202400015721";"155754090";"A01";"2";"7";"0";"1";"2";"1";"1";""
"202400015722";"155754091";"A01";"1";"7";"0";"1";"3";"15";"1";""
"202400015723";"155754088";"A01";"1";"7";"0";"2";"1";"1";"1";""
"202400015723";"155754089";"B01";"1";"7";"0";"2";"8";"15";"1";""
"202400015724";"155754085";"B01";"1";"7";"0";"2";"2";"2";"1";""
"202400015724";"155754086";"A01";"1";"30";"0";"2";"1";"1";"1";""
"202400015725";"155754087";"A01";"3";"7";"0";"1";"4";"20";"1";""
"202400015726";"155754084";"A01";"1";"50";"0";"0";"8";"1";"3";""
"202400015727";"155754082";"B01";"2";"2";"0";"2";"1";"1";"1";""
"202400015727";"155754083";"A01";"2";"7";"0";"9";"7";"14";"1";""
"202400015728";"155754079";"A01";"3";"7";"0";"2";"0";"15";"1";""
"202400015728";"155754080";"B01";"3";"1";"0";"2";"0";"1";"5";""
"202400015729";"155754081";"A01";"2";"7";"8";"0";"3";"1";"1";""
"202400015730";"155754077";"A01";"1";"33";"0";"2";"7";"1";"1";""
"202400015730";"155754078";"B01";"1";"7";"0";"2";"3";"11";"0";""
"202400015731";"155754075";"A01";"1";"7";"0";"1";"1";"1";"1";""
"202400015732";"155754072";"A01";"2";"10";"0";"2";"3";"1";"1";""
"202400015732";"155754073";"B01";"1";"7";"0";"2";"1";"15";"1";""
"202400015733";"155754074";"A01";"2";"7";"0";"2";"1";"15";"1";""
"202400015733";"155754076";"B01";"1";"1";"0";"2";"3";"1";"5";""
"202400015734";"155754070";"A01";"2";"7";"0";"2";"2";"1";"1";""
"202400015734";"155754071";"B01";"1";"50";"0";"2";"1";"1";"3";""
"202400015735";"155754068";"A01";"2";"7";"0";"1";"1";"1";"1";""
"202400015736";"155754067";"B01";"2";"33";"0";"2";"7";"1";"1";""
"202400015736";"155754069";"A01";"2";"10";"0";"2";"2";"9";"1";""
"202400015737";"155754065";"B01";"1";"34";"0";"2";"0";"0";"1";""
"202400015737";"155754066";"A01";"3";"2";"0";"2";"3";"9";"1";""
"202400015738";"155754063";"A01";"2";"50";"0";"2";"1";"2";"3";""
"202400015738";"155754064";"B01";"2";"7";"0";"2";"4";"2";"1";""
"202400015739";"155754060";"A01";"1";"7";"0";"2";"8";"0";"1";""
"202400015739";"155754061";"B01";"1";"7";"0";"2";"6";"1";"1";""
"202400015739";"155754062";"C01";"1";"7";"14";"0";"3";"0";"1";""
"202400015740";"155754058";"B01";"1";"2";"0";"2";"4";"1";"1";""
"202400015740";"155754059";"Z01";"1";"7";"0";"9";"1";"1";"1";""
"202400015741";"155754057";"A01";"1";"50";"0";"1";"1";"1";"3";""
"202400015742";"155754055";"A01";"1";"2";"0";"2";"7";"1";"1";""
"202400015742";"155754056";"B01";"2";"7";"0";"2";"2";"1";"1";""
"202400015743";"155754052";"A01";"1";"7";"0";"2";"0";"0";"1";""
"202400015743";"155754053";"C01";"2";"7";"0";"2";"0";"0";"1";""
"202400015743";"155754054";"B01";"2";"7";"0";"2";"0";"0";"1";""
"202400015744";"155754050";"A01";"2";"7";"0";"2";"3";"13";"2";""
"202400015744";"155754051";"B01";"2";"7";"0";"2";"5";"1";"1";""
"202400015745";"155754049";"A01";"2";"7";"3";"0";"9";"0";"1";""
"202400015746";"155754048";"A01";"2";"10";"6";"0";"1";"21";"1";""
"202400015747";"155754046";"A01";"3";"7";"0";"2";"8";"15";"1";""
"202400015747";"155754047";"B01";"3";"33";"0";"2";"7";"17";"1";""
"202400015748";"155754044";"B01";"2";"80";"0";"2";"7";"2";"3";""
"202400015748";"155754045";"A01";"2";"30";"0";"2";"1";"9";"3";""
"202400015749";"155754041";"B01";"2";"7";"0";"2";"3";"1";"1";""
"202400015749";"155754042";"C01";"2";"7";"1";"2";"3";"1";"1";""
"202400015749";"155754043";"A01";"1";"7";"0";"2";"8";"13";"1";""
"202400015750";"155754039";"A01";"1";"10";"0";"2";"3";"1";"1";""
"202400015750";"155754040";"B01";"2";"10";"0";"2";"3";"13";"1";""
"202400015751";"155754038";"A01";"1";"10";"3";"0";"1";"26";"1";""
"202400015752";"155754037";"A01";"2";"1";"0";"0";"0";"1";"5";""
"202400015753";"155754035";"A01";"1";"3";"0";"2";"2";"15";"1";""
"202400015753";"155754036";"B01";"1";"1";"0";"2";"1";"1";"5";""
"202400015754";"155754033";"B01";"2";"50";"0";"2";"1";"1";"3";""
"202400015754";"155754034";"A01";"1";"7";"0";"2";"3";"16";"2";""
"202400015755";"155754032";"A01";"2";"2";"12";"0";"1";"1";"1";""
"202400015756";"155754030";"A01";"0";"7";"0";"2";"7";"16";"1";""
"202400015756";"155754031";"B01";"0";"37";"0";"2";"2";"1";"0";"3"
"202400015757";"155754029";"A01";"2";"34";"0";"1";"1";"1";"1";""
"202400015758";"155754027";"A01";"1";"7";"0";"2";"1";"15";"6";""
"202400015758";"155754028";"B01";"1";"7";"0";"2";"1";"1";"6";""
"202400015759";"155754026";"A01";"1";"10";"0";"1";"0";"0";"1";""
"202400015760";"155754025";"A01";"2";"80";"0";"0";"7";"1";"3";""
"202400015761";"155754024";"A01";"1";"7";"0";"1";"2";"1";"1";""
"202400015762";"155754023";"A01";"1";"7";"6";"2";"1";"14";"1";""
"202400015763";"155754018";"A01";"0";"33";"0";"2";"3";"17";"1";""
"202400015763";"155754019";"B01";"3";"7";"0";"2";"3";"15";"1";""
"202400015764";"155754016";"A01";"1";"7";"0";"2";"3";"3";"1";""
"202400015764";"155754017";"B01";"1";"32";"0";"2";"2";"1";"1";""
"202400015765";"155754014";"A01";"3";"7";"0";"2";"3";"15";"1";""
"202400015765";"155754015";"B01";"3";"32";"0";"2";"1";"1";"1";""
"202400015766";"155754012";"B01";"3";"7";"0";"2";"5";"12";"1";""
"202400015766";"155754013";"A01";"3";"7";"0";"2";"3";"1";"1";""
"202400015767";"155754011";"A01";"3";"7";"0";"1";"2";"1";"1";""
"202400015768";"155754009";"A01";"2";"7";"0";"2";"1";"1";"1";""
"202400015768";"155754010";"B01";"1";"7";"0";"2";"7";"15";"1";""
"202400015769";"155754008";"A01";"2";"32";"0";"1";"3";"12";"1";""
"202400015770";"155754006";"B01";"1";"7";"0";"2";"1";"1";"2";""
"202400015770";"155754007";"A01";"2";"7";"0";"2";"5";"10";"1";""
"202400015771";"155754005";"A01";"1";"7";"0";"1";"1";"1";"2";""
"202400015772";"155754003";"A01";"1";"7";"0";"2";"5";"16";"1";""
"202400015772";"155754004";"B01";"2";"1";"0";"2";"2";"1";"5";""
"202400015773";"155754002";"A01";"1";"7";"3";"9";"1";"13";"1";""
"202400015774";"155754001";"A01";"1";"7";"0";"1";"1";"1";"1";""
"202400015775";"155754000";"A01";"1";"10";"0";"1";"2";"16";"1";""
"202400015776";"155753997";"C01";"2";"33";"10";"0";"8";"24";"1";""
"202400015776";"155753998";"B01";"2";"7";"0";"2";"4";"2";"1";""
"202400015776";"155753999";"A01";"2";"7";"0";"2";"1";"1";"1";""
"202400015777";"155753995";"A01";"2";"2";"0";"2";"1";"1";"1";""
"202400015777";"155753996";"B01";"2";"2";"0";"2";"4";"1";"1";""
"202400015778";"155753993";"A01";"1";"7";"0";"2";"4";"14";"0";""
"202400015778";"155753994";"B01";"1";"37";"0";"2";"4";"23";" -1";"1"
"202400015779";"155753991";"B01";"3";"2";"0";"2";"1";"0";"1";""
"202400015779";"155753992";"A01";"0";"7";"0";"2";"3";"19";"1";""
"202400015780";"155753989";"A01";"2";"7";"0";"2";"3";"1";"1";""
"202400015780";"155753990";"B01";"2";"50";"0";"2";"1";"1";"3";""
"202400015781";"155753988";"A01";"2";"7";"1";"0";"8";"1";"1";""
"202400015782";"155753986";"B01";"0";"1";"0";"2";"4";"1";"5";""
"202400015782";"155753987";"A01";"0";"10";"0";"2";"2";"2";"1";""
"202400015783";"155753985";"A01";"1";"10";"10";"0";"1";"26";"0";""
"202400015784";"155753984";"A01";"3";"0";"0";"1";"7";"26";"0";""
"202400015785";"155753982";"A01";"1";"7";"0";"1";"2";"1";"0";""
"202400015786";"155753981";"A01";"1";"30";"0";"2";"1";"1";"1";""
"202400015786";"155753983";"B01";"1";"7";"0";"2";"4";"1";"1";""
"202400015787";"155753979";"B01";"1";"1";"1";"0";"1";"1";"5";""
"202400015787";"155753980";"A01";"1";"7";"0";"2";"8";"22";"1";""
"202400015788";"155753978";"A01";"2";"7";"3";"0";"7";"14";"1";""
"202400015789";"155753975";"A01";"2";"32";"0";"2";"1";"17";"1";""
"202400015789";"155753977";"B01";"2";"7";"0";"2";"0";"15";"1";""
"202400015790";"155753970";"A01";"1";"7";"0";"2";"1";"1";"1";""
"202400015790";"155753972";"B01";"1";"7";"0";"2";"1";"1";"1";""
"202400015790";"155753974";"C01";"1";"7";"0";"2";"1";"1";"1";""
"202400015790";"155753976";"D01";"1";"7";"0";"2";"4";"1";"3";""
"202400015791";"155753968";"A01";"3";"2";"0";"2";"8";"1";"1";""
"202400015791";"155753971";"B01";"3";"7";"0";"2";"0";"15";"0";""
"202400015792";"155753967";"A01";"1";"10";"0";"1";"1";"1";"1";""
"202400015793";"155753969";"B01";"2";"33";"0";"0";"5";"26";"1";""
"202400015793";"155753973";"A01";"2";"7";"0";"2";"1";"26";"1";""
"202400015794";"155753966";"A01";"2";"1";"0";"0";"0";"1";"5";""
"202400015795";"155753965";"A01";"1";"50";"0";"1";"1";"1";"3";""
"202400015796";"155753964";"A01";"1";"2";"0";"0";"0";"1";"1";""
"202400015797";"155753962";"A01";"2";"7";"0";"2";"1";"1";"1";""
"202400015797";"155753963";"B01";"2";"7";"0";"2";"6";"1";"1";""
"202400015798";"155753961";"A01";"1";"7";"0";"1";"1";"1";"1";""
"202400015799";"155753959";"B01";"1";"7";"0";"2";"4";"23";"1";""
"202400015799";"155753960";"A01";"1";"33";"0";"2";"1";"1";"1";""
"202400015800";"155753955";"A01";"1";"7";"0";"2";"2";"16";"0";""
"202400015800";"155753957";"B01";"1";"50";"0";"2";"1";"1";"3";""
"202400015801";"155753956";"B01";"2";"10";"0";"0";"3";"1";"1";""
"202400015801";"155753958";"A01";"1";"7";"0";"0";"1";"13";"1";""
"202400015802";"155753953";"A01";"2";"7";"0";"2";"2";"1";"1";""
"202400015802";"155753954";"B01";"2";"7";"0";"2";"0";"24";"1";""
"202400015803";"155753952";"A01";"1";"7";"0";"1";"4";"1";"1";""
"202400015804";"155753951";"A01";"1";"10";"13";"0";"1";"2";"1";""
"202400015805";"155753950";"A01";"1";"7";"6";"0";"1";"6";"1";""
"202400015806";"155753948";"A01";"3";"2";"0";"0";"0";"13";"1";""
"202400015807";"155753947";"B01";"1";"7";"0";"2";"1";"1";"1";""
"202400015807";"155753949";"A01";"1";"10";"0";"0";"8";"15";"1";""
"202400015808";"155753944";"A01";"3";"7";"0";"1";"1";"2";"1";""
"202400015809";"155753939";"A01";"1";"7";"0";"2";"2";"15";"1";""
"202400015809";"155753942";"B01";"2";"33";"0";"2";"1";"1";"1";""
"202400015810";"155753941";"A01";"2";"33";"0";"2";"1";"2";"1";""
"202400015810";"155753943";"B01";"2";"10";"0";"2";"5";"1";"1";""
"202400015811";"155753938";"A01";"1";"7";"0";"2";"8";"1";"1";""
"202400015811";"155753940";"B01";"2";"38";"0";"2";"3";"21";"1";"1"
"202400015812";"155753933";"A01";"1";"7";"17";"6";"1";"1";"1";""
"202400015813";"155753931";"A01";"2";"7";"0";"1";"1";"1";"1";""
"202400015814";"155753932";"A01";"2";"7";"0";"2";"6";"11";"1";""
"202400015814";"155753936";"B01";"2";"33";"0";"2";"2";"1";"1";""
"202400015815";"155753927";"B01";"1";"1";"0";"0";"8";"1";"5";""
"202400015815";"155753929";"A01";"1";"7";"0";"2";"2";"1";"0";""
"202400015816";"155753925";"A01";"3";"50";"0";"2";"0";"0";"3";""
"202400015816";"155753926";"B01";"3";"7";"0";"2";"0";"0";"1";""
"202400015817";"155753924";"A01";"1";"10";"0";"1";"2";"0";"3";""
"202400015818";"155753923";"A01";"3";"7";"13";"0";"3";"13";"1";""
"202400015819";"155753921";"A01";"1";"7";"3";"0";"0";"1";"1";""
"202400015820";"155753918";"A01";"1";"7";"0";"2";"1";"1";"1";""
"202400015820";"155753920";"B01";"1";"7";"0";"2";"1";"9";"1";""
"202400015821";"155753917";"A01";"1";"7";"8";"0";"1";"1";"1";""
"202400015822";"155753912";"A01";"1";"2";"1";"0";"5";"2";"1";""
"202400015822";"155753914";"B01";"1";"10";"0";"2";"5";"23";"1";""
"202400015823";"155753911";"B01";"2";"7";"0";"2";"8";"15";"1";""
"202400015823";"155753913";"A01";"1";"33";"0";"2";"6";"17";"1";""
"202400015824";"155753910";"B01";"2";"7";"4";"0";"9";"0";"1";""
"202400015824";"155753915";"A01";"2";"17";"4";"0";"3";"6";"1";""
"202400015824";"155753916";"D01";"1";"7";"0";"0";"8";"0";"1";""
"202400015824";"155753919";"E01";"1";"10";"0";"0";"8";"0";"1";""
"202400015824";"155753922";"C01";"1";"7";"0";"0";"8";"0";"2";""
"202400015825";"155753907";"B01";"3";"31";"0";"0";"0";"0";"0";""
"202400015825";"155753908";"A01";"1";"10";"0";"0";"0";"0";"0";""
"202400015826";"155753906";"B01";"2";"2";"0";"2";"7";"1";"1";""
"202400015826";"155753909";"A01";"2";"7";"0";"2";"1";"1";"1";""
"202400015827";"155753905";"A01";"1";"10";"0";"1";"8";"26";"1";""
"202400015828";"155753901";"B01";"1";"7";"0";"9";"2";"1";"1";""
"202400015828";"155753904";"A01";"2";"1";"0";"2";"1";"19";"5";""
"202400015829";"155753899";"A01";"3";"33";"0";"2";"1";"18";"1";""
"202400015829";"155753902";"B01";"1";"10";"0";"0";"2";"16";"1";""
"202400015830";"155753900";"A01";"1";"7";"0";"2";"1";"19";"1";""
"202400015830";"155753903";"B01";"1";"7";"0";"2";"7";"1";"1";""
"202400015831";"155753896";"A01";"3";"7";"0";"2";"3";"9";"2";""
"202400015831";"155753898";"B01";"3";"1";"0";"2";"7";"1";"5";""
"202400015832";"155753894";"A01";"1";"7";"0";"2";"8";"9";"1";""
"202400015832";"155753897";"B01";"1";"7";"0";"2";"5";"1";"1";""
"202400015833";"155753893";"A01";"1";"7";"0";"0";"4";"2";"1";""
"202400015833";"155753895";"B01";"1";"7";"0";"2";"1";"2";"1";""
"202400015834";"155753890";"A01";"2";"7";"0";"2";"1";"2";"1";""
"202400015834";"155753892";"B01";"2";"7";"0";"2";"4";"1";"1";""
"202400015835";"155753889";"A01";"2";"1";"0";"2";"3";"15";"5";""
"202400015835";"155753891";"B01";"2";"7";"0";"2";"2";"1";"1";""
"202400015836";"155753888";"A01";"2";"7";"2";"0";"1";"1";"1";""
"202400015837";"155753885";"A01";"1";"7";"0";"2";"3";"9";"1";""
"202400015837";"155753887";"B01";"2";"50";"0";"2";"1";"1";"3";""
"202400015838";"155753884";"B01";"2";"30";"0";"2";"1";"1";"1";""
"202400015838";"155753886";"A01";"2";"7";"0";"2";"3";"10";"1";""
"202400015839";"155753880";"A01";"1";"7";"0";"2";"8";"1";"1";""
"202400015839";"155753882";"B01";"2";"50";"0";"2";"1";"25";"3";""
"202400015840";"155753881";"A01";"3";"33";"0";"0";"8";"1";"1";""
"202400015840";"155753883";"B01";"3";"7";"0";"2";"8";"15";"1";""
"202400015841";"155753877";"A01";"1";"7";"6";"0";"1";"1";"1";""
"202400015842";"155753878";"B01";"0";"7";"0";"2";"1";"0";"1";""
"202400015842";"155753879";"A01";"0";"34";"8";"2";"8";"1";"1";""
"202400015843";"155753873";"B01";"2";"10";"0";"2";"4";"23";"1";""
"202400015843";"155753875";"A01";"2";"30";"1";"0";"1";"1";"1";""
"202400015844";"155753874";"A01";"2";"2";"0";"2";"1";"1";"1";""
"202400015844";"155753876";"B01";"2";"7";"0";"0";"7";"1";"1";""
"202400015845";"155753869";"A01";"3";"7";"0";"2";"1";"5";"1";""
"202400015845";"155753872";"B01";"3";"7";"0";"2";"2";"15";"1";""
"202400015846";"155753868";"A01";"3";"1";"0";"0";"0";"1";"5";""
"202400015847";"155753866";"B01";"1";"33";"0";"2";"3";"1";"1";""
"202400015847";"155753870";"A01";"2";"80";"0";"2";"8";"15";"3";""
"202400015848";"155753863";"C01";"2";"7";"0";"2";"1";"10";"0";""
"202400015848";"155753865";"A01";"2";"33";"0";"2";"1";"0";"1";""
"202400015848";"155753867";"B01";"2";"33";"0";"2";"1";"0";"1";""
"202400015849";"155753860";"A01";"1";"7";"8";"2";"2";"1";"1";""
"202400015849";"155753862";"B01";"1";"10";"0";"2";"3";"1";"1";""
"202400015849";"155753864";"C01";"1";"10";"0";"2";"3";"1";"1";""
"202400015850";"155753859";"B01";"0";"33";"0";"2";"2";"16";"1";""
"202400015850";"155753861";"A01";"0";"7";"0";"2";"6";"1";"1";""
"202400015851";"155753858";"A01";"2";"7";"0";"1";"3";"1";"1";""
"202400015852";"155753854";"B01";"0";"7";"0";"2";"2";"1";"1";""
"202400015852";"155753857";"A01";"0";"10";"0";"2";"3";"1";"1";""
"202400015853";"155753853";"A01";"1";"33";"0";"2";"1";"3";"1";""
"202400015853";"155753855";"B01";"1";"7";"0";"2";"3";"13";"1";""
"202400015853";"155753856";"C01";"1";"7";"0";"2";"5";"1";"1";""
"202400015854";"155753848";"B01";"2";"33";"0";"2";"1";"1";"1";""
"202400015854";"155753851";"A01";"2";"7";"0";"2";"8";"15";"1";""
"202400015855";"155753850";"A01";"3";"7";"0";"2";"2";"15";"1";""
"202400015855";"155753852";"B01";"3";"33";"0";"2";"1";"1";"1";""
"202400015856";"155753847";"B01";"1";"80";"0";"2";"8";"1";"3";""
"202400015856";"155753849";"A01";"1";"7";"0";"2";"2";"16";"1";""
"202400015857";"155753846";"A01";"3";"7";"7";"0";"9";"26";"1";""
"202400015858";"155753844";"A01";"2";"10";"0";"2";"5";"15";"1";""
"202400015858";"155753845";"B01";"1";"33";"0";"2";"1";"1";"1";""
"202400015859";"155753839";"A01";"1";"7";"0";"2";"2";"1";"1";""
"202400015859";"155753841";"C01";"1";"10";"0";"2";"4";"23";"1";""
"202400015859";"155753843";"B01";"1";"7";"0";"2";"4";"23";"1";""
"202400015860";"155753838";"B01";"1";"33";"0";"2";"0";"0";"1";""
"202400015860";"155753840";"C01";"2";"10";"0";"2";"1";"0";"1";""
"202400015860";"155753842";"A01";"1";"7";"1";"0";"7";"26";"1";""
"202400015861";"155753835";"A01";"0";"7";"0";"0";"3";"26";"1";""
"202400015862";"155753834";"A01";"2";"7";"0";"2";"1";"1";"1";""
"202400015862";"155753836";"B01";"2";"7";"0";"2";"4";"1";"1";""
"202400015863";"155753833";"A01";"1";"2";"0";"2";"5";"17";"1";""
"202400015863";"155753837";"B01";"1";"7";"0";"2";"3";"1";"1";""
"202400015864";"155753831";"A01";"1";"7";"0";"2";"3";"15";"2";""
"202400015864";"155753832";"B01";"1";"1";"0";"2";"7";"15";"5";""
"202400015865";"155753828";"A01";"3";"7";"0";"2";"3";"0";"2";""
"202400015865";"155753830";"B01";"3";"7";"0";"2";"7";"0";"1";""
"202400015866";"155753827";"A01";"1";"30";"0";"0";"1";"0";"1";""
"202400015867";"155753825";"A01";"1";"7";"0";"1";"2";"2";"1";""
"202400015868";"155753823";"A01";"2";"10";"0";"2";"3";"1";"1";""
"202400015868";"155753826";"B01";"1";"7";"0";"2";"1";"1";"1";""
"202400015869";"155753822";"B01";"1";"2";"0";"2";"8";"1";"1";""
"202400015869";"155753824";"A01";"2";"7";"0";"2";"1";"19";"1";""
"202400015870";"155753821";"Z01";"2";"7";"1";"0";"0";"20";"1";""
"202400015871";"155753820";"A01";"3";"2";"0";"0";"7";"1";"1";""
"202400015872";"155753817";"A01";"1";"7";"0";"2";"2";"2";"2";""
"202400015872";"155753818";"B01";"1";"7";"0";"2";"6";"1";"1";""
"202400015873";"155753816";"B01";"2";"7";"0";"2";"6";"19";"1";""
"202400015873";"155753819";"A01";"2";"7";"0";"2";"1";"1";"1";""
"202400015874";"155753814";"B01";"2";"33";"0";"2";"1";"2";"1";""
"202400015874";"155753815";"A01";"2";"7";"0";"2";"4";"2";"1";""
"202400015875";"155753813";"A01";"1";"7";"4";"0";"1";"1";"1";""
"202400015876";"155753811";"A01";"1";"34";"0";"2";"1";"1";"1";""
"202400015876";"155753812";"B01";"2";"1";"0";"2";"1";"1";"5";""
"202400015877";"155753810";"A01";"2";"10";"0";"2";"7";"1";"1";""
"202400015878";"155753805";"B01";"1";"7";"0";"2";"4";"2";"1";""
"202400015878";"155753806";"D01";"1";"33";"0";"2";"1";"1";"1";""
"202400015878";"155753808";"A01";"1";"33";"0";"2";"1";"2";"1";""
"202400015878";"155753809";"C01";"1";"7";"0";"2";"1";"1";"2";""
"202400015879";"155753803";"A01";"3";"37";"0";"2";"1";"1";"3";"4"
"202400015879";"155753807";"B01";"3";"7";"0";"2";"7";"1";"1";""
"202400015880";"155753802";"A01";"1";"31";"7";"0";"2";"2";"1";""
"202400015881";"155753800";"A01";"2";"33";"0";"2";"1";"1";"1";""
"202400015881";"155753801";"B01";"2";"7";"0";"2";"4";"1";"1";""
"202400015881";"155753804";"C01";"2";"7";"0";"2";"4";"1";"1";""
"202400015882";"155753797";"A01";"3";"7";"0";"2";"1";"1";"1";""
"202400015882";"155753799";"B01";"3";"1";"0";"2";"1";"0";"5";""
"202400015883";"155753798";"A01";"3";"7";"0";"1";"1";"15";"1";""
"202400015884";"155753794";"A01";"2";"7";"0";"1";"3";"1";"2";""
"202400015885";"155753791";"A01";"3";"33";"0";"2";"1";"1";"1";""
"202400015885";"155753793";"B01";"3";"7";"0";"2";"4";"1";"2";""
"202400015886";"155753792";"A01";"2";"10";"0";"2";"1";"2";"1";""
"202400015886";"155753795";"B01";"2";"7";"0";"2";"4";"2";"1";""
"202400015886";"155753796";"C01";"2";"7";"0";"2";"4";"2";"1";""
"202400015887";"155753789";"A01";"2";"7";"0";"2";"1";"2";"2";""
"202400015887";"155753790";"B01";"2";"10";"0";"2";"4";"2";"1";""
"202400015888";"155753786";"B01";"1";"1";"0";"2";"1";"17";"5";""
"202400015888";"155753787";"A01";"1";"7";"0";"2";"8";"22";"2";""
"202400015889";"155753784";"A01";"1";"33";"12";"0";"1";"21";"1";""
"202400015890";"155753783";"C01";"1";"7";"0";"2";"4";"2";"1";""
"202400015890";"155753785";"A01";"1";"10";"0";"2";"1";"2";"1";""
"202400015890";"155753788";"B01";"1";"7";"0";"0";"4";"2";"2";""
"202400015891";"155753779";"A01";"1";"7";"0";"2";"3";"16";"2";""
"202400015891";"155753781";"B01";"2";"1";"0";"2";"1";"1";"5";""
"202400015892";"155753778";"C01";"2";"7";"0";"2";"3";"22";"1";""
"202400015892";"155753780";"A01";"2";"33";"1";"2";"7";"18";"1";""
"202400015892";"155753782";"B01";"2";"10";"0";"2";"2";"1";"1";""
"202400015893";"155753776";"A01";"2";"7";"0";"2";"6";"11";"1";""
"202400015893";"155753777";"B01";"2";"33";"0";"2";"2";"1";"1";""
"202400015894";"155753773";"Z01";"2";"32";"0";"9";"1";"26";"0";""
"202400015894";"155753775";"B01";"3";"1";"0";"2";"8";"9";"5";""
"202400015895";"155753772";"A01";"2";"7";"4";"0";"3";"13";"1";""
"202400015896";"155753771";"B01";"2";"80";"0";"2";"1";"1";"3";""
"202400015896";"155753774";"A01";"1";"10";"0";"9";"0";"0";"0";""
"202400015897";"155753766";"A01";"1";"7";"0";"2";"5";"16";"1";""
"202400015897";"155753769";"B01";"1";"1";"0";"2";"2";"16";"5";""
"202400015898";"155753767";"A01";"1";"7";"0";"2";"4";"24";"1";""
"202400015898";"155753770";"B01";"1";"50";"1";"0";"1";"1";"3";""
"202400015899";"155753762";"A01";"2";"7";"0";"2";"2";"12";"1";""
"202400015899";"155753764";"B01";"2";"34";"0";"2";"3";"2";"1";""
"202400015899";"155753765";"C01";"2";"7";"0";"2";"4";"1";"2";""
"202400015899";"155753768";"D01";"2";"7";"0";"2";"4";"1";"2";""
"202400015900";"155753759";"A01";"1";"2";"0";"2";"1";"9";"1";""
"202400015900";"155753761";"F01";"1";"7";"0";"0";"7";"17";"0";""
"202400015901";"155753760";"A01";"1";"1";"0";"0";"0";"1";"5";""
"202400015902";"155753758";"B01";"1";"7";"0";"0";"5";"2";"1";""
"202400015902";"155753763";"A01";"1";"7";"0";"2";"1";"2";"1";""
"202400015903";"155753755";"A01";"1";"31";"0";"0";"8";"26";"1";""
"202400015904";"155753754";"B01";"2";"7";"0";"2";"4";"2";"1";""
"202400015904";"155753757";"A01";"2";"7";"0";"2";"1";"2";"1";""
"202400015905";"155753752";"B01";"2";"33";"0";"2";"1";"26";"1";""
"202400015905";"155753756";"A01";"3";"7";"0";"2";"8";"26";"1";""
"202400015906";"155753751";"Z01";"3";"10";"0";"2";"2";"1";"0";""
"202400015906";"155753753";"B01";"3";"7";"0";"2";"3";"1";"1";""
"202400015907";"155753748";"A01";"1";"33";"0";"0";"0";"0";"1";""
"202400015908";"155753750";"A01";"1";"7";"3";"0";"1";"1";"1";""
"202400015909";"155753747";"A01";"2";"31";"0";"2";"1";"1";"3";""
"202400015909";"155753749";"B01";"2";"7";"0";"2";"4";"1";"1";""
"202400015910";"155753745";"A01";"2";"7";"4";"0";"1";"16";"1";""
"202400015911";"155753743";"B01";"2";"7";"0";"2";"0";"0";"1";""
"202400015911";"155753746";"A01";"1";"7";"0";"2";"0";"0";"2";""