"Num_Acc";"id_vehicule";"num_veh";"senc";"catv";"obs";"obsm";"choc";"manv";"motor";"occutc"
"202400015912";"155753741";"A01";"2";"7";"4";"0";"1";"2";"1";""
"202400015913";"155753739";"A01";"1";"7";"6";"2";"7";"19";"1";""
"202400015913";"155753744";"B01";"2";"7";"0";"2";"1";"1";"1";""
"202400015914";"155753740";"B01";"2";"33";"0";"9";"1";"1";"1";""
"202400015914";"155753742";"A01";"1";"80";"0";"2";"7";"1";"3";""
"202400015915";"155753738";"A01";"1";"37";"1";"1";"7";"11";"1";"1"
"202400015916";"155753735";"A01";"2";"17";"0";"2";"1";"9";"1";""
"202400015916";"155753737";"B01";"2";"17";"0";"2";"4";"0";"1";""
"202400015917";"155753733";"A01";"2";"99";"0";"2";"6";"23";"1";""
"202400015917";"155753734";"Z01";"2";"10";"0";"2";"1";"1";"1";""
"202400015918";"155753732";"B01";"1";"50";"0";"2";"7";"1";"3";""
"202400015918";"155753736";"A01";"1";"7";"0";"2";"0";"0";"0";""
"202400015919";"155753728";"A01";"2";"7";"0";"2";"2";"26";"2";""
"202400015919";"155753731";"B01";"2";"7";"0";"2";"6";"1";"1";""
"202400015920";"155753726";"A01";"1";"30";"0";"2";"3";"15";"1";""
"202400015920";"155753729";"B01";"1";"50";"0";"2";"1";"1";"3";""
"202400015921";"155753725";"A01";"2";"31";"0";"2";"1";"12";"1";""
"202400015921";"155753727";"B01";"2";"33";"0";"2";"4";"1";"1";""
"202400015921";"155753730";"C01";"2";"10";"0";"2";"3";"0";"1";""
"202400015922";"155753720";"A01";"3";"0";"0";"1";"0";"0";"0";""
"202400015923";"155753722";"A01";"1";"32";"0";"2";"3";"21";"1";""
"202400015923";"155753723";"C01";"1";"7";"0";"2";"6";"1";"3";""
"202400015923";"155753724";"B01";"1";"7";"0";"0";"0";"1";"1";""
"202400015924";"155753719";"Z01";"1";"10";"0";"2";"1";"1";"1";""
"202400015924";"155753721";"A01";"2";"30";"0";"2";"8";"1";"3";""
"202400015925";"155753718";"A01";"3";"7";"6";"0";"1";"0";"0";""
"202400015926";"155753716";"A01";"2";"31";"0";"2";"8";"11";"1";""
"202400015926";"155753717";"B01";"2";"33";"0";"2";"1";"3";"1";""
"202400015927";"155753715";"A01";"0";"32";"0";"0";"0";"1";"1";""
"202400015928";"155753713";"B01";"0";"0";"0";"2";"0";"2";"1";""
"202400015928";"155753714";"A01";"1";"10";"0";"2";"4";"2";"1";""
"202400015929";"155753712";"A01";"3";"10";"0";"1";"1";"1";"0";""
"202400015930";"155753710";"A01";"1";"15";"0";"2";"2";"12";"1";""
"202400015930";"155753711";"B01";"1";"7";"0";"2";"8";"1";"1";""
"202400015931";"155753706";"A01";"1";"7";"4";"0";"1";"26";"1";""
"202400015932";"155753704";"A01";"2";"10";"0";"2";"2";"15";"1";""
"202400015932";"155753709";"B01";"2";"7";"0";"2";"1";"1";"1";""
"202400015933";"155753707";"A01";"3";"7";"0";"2";"3";"1";"1";""
"202400015933";"155753708";"B01";"3";"7";"0";"2";"3";"10";"2";""
"202400015934";"155753703";"B01";"1";"7";"0";"2";"8";"1";"1";""
"202400015934";"155753705";"A01";"2";"38";"0";"2";"3";"13";"1";"46"
"202400015935";"155753700";"A01";"2";"10";"4";"0";"3";"26";"1";""
"202400015936";"155753698";"B01";"3";"2";"0";"2";"4";"23";"3";""
"202400015936";"155753701";"A01";"3";"0";"0";"2";"3";"1";"0";""
"202400015937";"155753699";"A01";"1";"7";"15";"0";"1";"1";"1";""
"202400015938";"155753697";"B01";"0";"99";"0";"2";"1";"0";"0";""
"202400015938";"155753702";"A01";"0";"32";"0";"2";"7";"2";"1";""
"202400015939";"155753696";"A01";"2";"7";"0";"0";"0";"1";"1";""
"202400015940";"155753693";"A01";"3";"7";"2";"0";"1";"1";"1";""
"202400015941";"155753691";"B01";"1";"7";"0";"2";"2";"5";"0";""
"202400015941";"155753694";"A01";"2";"7";"0";"2";"1";"0";"0";""
"202400015942";"155753690";"A01";"2";"7";"0";"0";"4";"1";"1";""
"202400015942";"155753692";"B01";"2";"7";"0";"0";"4";"2";" -1";""
"202400015942";"155753695";"C01";"2";"7";"0";"2";"1";"1";"2";""
"202400015943";"155753688";"B01";"3";"2";"0";"2";"1";"17";"1";""
"202400015943";"155753689";"A01";"3";"3";"0";"2";"6";"15";"1";""
"202400015944";"155753687";"A01";"3";"7";"0";"1";"0";"16";"0";""
"202400015945";"155753683";"A01";"1";"7";"0";"2";"0";"15";"1";""
"202400015945";"155753685";"B01";"2";"1";"0";"2";"0";"5";"5";""
"202400015946";"155753684";"A01";"3";"7";"0";"2";"6";"2";"0";""
"202400015946";"155753686";"B01";"3";"30";"0";"2";"2";"2";"1";""
"202400015947";"155753680";"A01";"2";"7";"0";"2";"1";"2";"1";""
"202400015947";"155753681";"B01";"2";"7";"0";"2";"4";"2";"1";""
"202400015948";"155753679";"A01";"3";"7";"2";"2";"5";"9";"1";""
"202400015948";"155753682";"B01";"3";"7";"0";"2";"3";"0";"1";""
"202400015949";"155753674";"A01";"1";"7";"0";"2";"3";"13";"1";""
"202400015949";"155753676";"B01";"2";"7";"0";"2";"3";"1";"1";""
"202400015950";"155753673";"B01";"1";"7";"0";"2";"1";"1";"1";""
"202400015950";"155753677";"A01";"1";"7";"0";"0";"2";"15";" -1";""
"202400015951";"155753672";"B01";"1";"7";"0";"2";"1";"2";"1";""
"202400015951";"155753675";"A01";"1";"7";"0";"2";"4";"2";"1";""
"202400015952";"155753671";"A01";"3";"7";"0";"2";"2";"1";"1";""
"202400015952";"155753678";"B01";"0";"7";"0";"2";"1";"1";"1";""
"202400015953";"155753670";"A01";"2";"15";"0";"0";"7";"1";"1";""
"202400015954";"155753668";"A01";"3";"7";"0";"9";"2";"15";"1";""
"202400015954";"155753669";"B01";"3";"33";"0";"2";"1";"0";"1";""
"202400015955";"155753666";"A01";"1";"32";"0";"2";"1";"17";"1";""
"202400015956";"155753662";"A01";"2";"7";"0";"2";"1";"17";"1";""
"202400015956";"155753665";"B01";"1";"7";"0";"2";"1";"1";"1";""
"202400015956";"155753667";"C01";"1";"7";"0";"2";"8";"1";"1";""
"202400015957";"155753661";"A01";"2";"7";"4";"0";"4";"23";"1";""
"202400015957";"155753664";"B01";"2";"7";"0";"2";"1";"1";"1";""
"202400015958";"155753660";"A01";"2";"30";"0";"1";"1";"26";"3";""
"202400015959";"155753657";"A01";"1";"7";"13";"0";"1";"1";"1";""
"202400015960";"155753658";"C01";"2";"10";"0";"2";"4";"23";"1";""
"202400015960";"155753659";"A01";"2";"10";"0";"2";"1";"1";"3";""
"202400015960";"155753663";"B01";"2";"7";"0";"2";"4";"23";"1";""
"202400015961";"155753655";"A01";"1";"7";"0";"1";"0";"1";"1";""
"202400015962";"155753653";"A01";"0";"7";"0";"2";"3";"0";"1";""
"202400015962";"155753656";"B01";"0";"10";"0";"2";"3";"13";"1";""
"202400015963";"155753651";"A01";"1";"14";"0";"2";"3";"13";"1";""
"202400015963";"155753654";"B01";"2";"15";"0";"2";"3";"1";"1";""
"202400015964";"155753650";"B01";"0";"7";"0";"2";"1";"9";"1";""
"202400015964";"155753652";"A01";"0";"7";"0";"2";"3";"1";"2";""
"202400015965";"155753648";"A01";"1";"7";"0";"2";"1";"1";"1";""
"202400015965";"155753649";"B01";"1";"1";"0";"2";"7";"19";"5";""
"202400015966";"155753646";"A01";"1";"7";"8";"0";"1";"14";"1";""
"202400015967";"155753645";"A01";"1";"2";"0";"0";"4";"1";"1";""
"202400015967";"155753647";"B01";"1";"7";"0";"2";"3";"9";"1";""
"202400015968";"155753641";"B01";"2";"32";"0";"0";"0";"5";"0";""
"202400015968";"155753644";"A01";"1";"7";"0";"0";"3";"1";"0";""
"202400015969";"155753639";"B01";"1";"2";"0";"2";"8";"1";"1";""
"202400015969";"155753643";"A01";"2";"7";"0";"2";"3";"15";"1";""
"202400015970";"155753638";"A01";"2";"34";"0";"2";"1";"17";"1";""
"202400015970";"155753642";"B01";"2";"7";"0";"2";"3";"15";"2";""
"202400015971";"155753637";"B01";"2";"7";"0";"0";"4";"15";"1";""
"202400015971";"155753640";"A01";"2";"7";"0";"2";"1";"2";"1";""
"202400015972";"155753636";"A01";"3";"2";"0";"0";"0";"1";"1";""
"202400015973";"155753634";"B01";"3";"33";"0";"2";"1";"1";"1";""
"202400015973";"155753635";"A01";"3";"7";"0";"2";"7";"15";"2";""
"202400015974";"155753633";"A01";"1";"7";"0";"1";"1";"1";"1";""
"202400015975";"155753630";"A01";"1";"7";"0";"2";"3";"13";"1";""
"202400015975";"155753632";"B01";"2";"7";"0";"2";"3";"1";"1";""
"202400015976";"155753631";"A01";"1";"7";"2";"0";"8";"1";"1";""
"202400015977";"155753629";"A01";"3";"7";"0";"1";"1";"16";"1";""
"202400015978";"155753628";"A01";"1";"7";"13";"0";"0";"0";"1";""
"202400015979";"155753624";"A01";"1";"10";"0";"2";"2";"10";"1";""
"202400015979";"155753627";"B01";"1";"31";"0";"2";"1";"1";"1";""
"202400015980";"155753623";"A01";"2";"7";"0";"2";"7";"1";"1";""
"202400015980";"155753625";"B01";"1";"50";"0";"2";"1";"0";"3";""
"202400015981";"155753619";"A01";"1";"7";"5";"0";"1";"1";"1";""
"202400015982";"155753621";"B01";"1";"1";"0";"2";"0";"0";"5";""
"202400015982";"155753622";"A01";"1";"7";"0";"2";"0";"0";"1";""
"202400015983";"155753618";"A01";"1";"7";"0";"0";"4";"23";"1";""
"202400015983";"155753620";"B01";"1";"7";"0";"2";"1";"1";"1";""
"202400015984";"155753616";"A01";"3";"7";"14";"1";"3";"0";"1";""
"202400015985";"155753613";"A01";"1";"7";"0";"1";"6";"4";"1";""
"202400015986";"155753614";"A01";"0";"7";"0";"2";"3";"16";"0";""
"202400015986";"155753617";"B01";"3";"7";"0";"2";"2";"1";"0";""
"202400015987";"155753612";"A01";"1";"7";"0";"2";"1";"2";"0";""
"202400015987";"155753615";"B01";"1";"7";"0";"2";"4";"2";"1";""
"202400015988";"155753611";"A01";"1";"2";"0";"0";"0";"1";"1";""
"202400015989";"155753610";"A01";"3";"7";"3";"0";"1";"1";"2";""
"202400015990";"155753608";"A01";"3";"1";"0";"0";"9";"13";"5";""
"202400015991";"155753606";"Z01";"3";"7";"1";"0";"0";"26";"1";""
"202400015992";"155753605";"A01";"2";"7";"13";"2";"1";"17";"1";""
"202400015992";"155753607";"B01";"2";"7";"0";"2";"1";"2";"3";""
"202400015992";"155753609";"C01";"1";"15";"0";"2";"1";"0";"1";""
"202400015993";"155753604";"A01";"3";"7";"0";"1";"3";"15";"1";""
"202400015994";"155753603";"A01";"1";"7";"0";"1";"1";"1";"1";""
"202400015995";"155753600";"A01";"1";"7";"15";"0";"3";"19";"1";""
"202400015996";"155753599";"A01";"2";"7";"0";"2";"3";"1";"1";""
"202400015996";"155753602";"B01";"1";"7";"13";"2";"3";"1";"1";""
"202400015997";"155753597";"A01";"1";"7";"0";"2";"2";"15";"1";""
"202400015997";"155753601";"B01";"2";"34";"0";"2";"3";"1";"1";""
"202400015998";"155753596";"B01";"2";"10";"13";"2";"1";"2";"1";""
"202400015998";"155753598";"A01";"2";"10";"13";"2";"5";"1";"1";""
"202400015999";"155753593";"B01";"1";"1";"0";"2";"0";"0";"5";""
"202400015999";"155753595";"A01";"1";"7";"0";"2";"0";"0";"1";""
"202400016000";"155753594";"A01";"1";"7";"15";"0";"1";"1";"1";""
"202400016001";"155753590";"B01";"1";"7";"0";"9";"5";"15";"2";""
"202400016001";"155753592";"A01";"1";"1";"0";"2";"1";"15";"5";""
"202400016002";"155753589";"B01";"1";"7";"0";"2";"3";"1";"1";""
"202400016002";"155753591";"A01";"0";"7";"0";"2";"3";"1";"1";""
"202400016003";"155753588";"A01";"1";"33";"0";"0";"0";"1";"1";""
"202400016004";"155753584";"B01";"1";"10";"0";"2";"8";"9";"1";""
"202400016004";"155753587";"A01";"1";"7";"0";"2";"1";"1";"1";""
"202400016005";"155753583";"A01";"1";"10";"0";"2";"3";"1";"1";""
"202400016005";"155753586";"B01";"1";"2";"0";"2";"8";"1";"1";""
"202400016006";"155753581";"A01";"1";"7";"14";"0";"9";"5";"1";""
"202400016007";"155753579";"B01";"0";"7";"0";"0";"1";"1";"1";""
"202400016007";"155753585";"A01";"0";"7";"0";"2";"7";"19";"1";""
"202400016008";"155753580";"A01";"1";"7";"0";"9";"1";"1";"1";""
"202400016008";"155753582";"B01";"2";"50";"0";"2";"1";"5";"3";""
"202400016009";"155753578";"A01";"2";"7";"4";"0";"3";"1";"1";""
"202400016010";"155753574";"A01";"2";"7";"0";"2";"2";"1";"1";""
"202400016010";"155753576";"B01";"1";"31";"0";"2";"3";"0";"1";""
"202400016011";"155753573";"A01";"0";"33";"0";"2";"0";"1";"1";""
"202400016011";"155753577";"B01";"0";"1";"0";"2";"0";"26";"5";""
"202400016012";"155753572";"A01";"1";"7";"2";"0";"9";"0";"1";""
"202400016013";"155753571";"A01";"1";"7";"0";"9";"2";"1";"1";""
"202400016013";"155753575";"B01";"2";"1";"0";"2";"7";"19";"5";""
"202400016014";"155753567";"A01";"1";"7";"16";"0";"9";"1";"1";""
"202400016015";"155753566";"B01";"1";"7";"0";"2";"1";"1";"1";""
"202400016015";"155753570";"A01";"2";"1";"0";"2";"1";"5";"5";""
"202400016016";"155753565";"A01";"1";"7";"0";"2";"2";"16";"1";""
"202400016016";"155753568";"B01";"2";"80";"0";"2";"8";"15";"3";""
"202400016017";"155753564";"A01";"0";"33";"0";"2";"1";"18";"1";""
"202400016017";"155753569";"B01";"0";"7";"0";"0";"5";"1";"1";""
"202400016018";"155753558";"A01";"1";"7";"0";"2";"1";"5";"1";""
"202400016018";"155753561";"B01";"2";"10";"0";"2";"2";"1";"1";""
"202400016019";"155753557";"B01";"2";"7";"0";"2";"5";"2";"1";""
"202400016019";"155753562";"A01";"2";"7";"12";"2";"3";"2";"1";""
"202400016020";"155753556";"B01";"2";"7";"0";"2";"2";"15";"1";""
"202400016020";"155753560";"A01";"1";"33";"0";"2";"1";"1";"1";""
"202400016021";"155753552";"A01";"2";"7";"0";"2";"1";"13";"1";""
"202400016021";"155753555";"B01";"1";"7";"0";"2";"1";"1";"1";""
"202400016022";"155753550";"A01";"1";"7";"0";"2";"1";"26";"1";""
"202400016022";"155753553";"Z01";"1";"7";"0";"2";"8";"0";"0";""
"202400016023";"155753551";"A01";"2";"7";"0";"2";"1";"1";"1";""
"202400016023";"155753554";"B01";"1";"7";"0";"2";"3";"1";"1";""
"202400016024";"155753547";"A01";"2";"10";"0";"2";"3";"13";"1";""
"202400016024";"155753549";"B01";"1";"7";"0";"2";"3";"1";"1";""
"202400016025";"155753546";"A01";"1";"7";"0";"2";"1";"0";"1";""
"202400016025";"155753548";"B01";"2";"7";"0";"2";"1";"0";"1";""
"202400016026";"155753545";"A01";"1";"32";"0";"0";"1";"1";"1";""
"202400016027";"155753543";"A01";"1";"7";"0";"1";"1";"15";"2";""
"202400016028";"155753542";"A01";"3";"7";"0";"0";"9";"1";"1";""
"202400016029";"155753540";"A01";"3";"7";"0";"0";"8";"2";"1";""
"202400016029";"155753544";"B01";"3";"33";"0";"2";"1";"17";"1";""
"202400016030";"155753539";"A01";"2";"10";"0";"2";"8";"1";"1";""
"202400016030";"155753541";"B01";"1";"2";"0";"2";"1";"1";"1";""
"202400016031";"155753538";"A01";"2";"7";"0";"1";"1";"1";"1";""
"202400016032";"155753537";"A01";"2";"7";"0";"1";"2";"1";"1";""
"202400016033";"155753533";"A01";"3";"7";"0";"2";"1";"1";"1";""
"202400016033";"155753536";"B01";"0";"33";"0";"2";"3";"1";"1";""
"202400016034";"155753532";"B01";"0";"50";"0";"2";"0";"0";"3";""
"202400016034";"155753535";"A01";"0";"7";"0";"2";"0";"0";"0";""
"202400016035";"155753530";"A01";"2";"7";"0";"2";"8";"9";"1";""
"202400016035";"155753534";"B01";"1";"33";"0";"2";"1";"1";"1";""
"202400016036";"155753528";"A01";"0";"7";"0";"2";"3";"1";"1";""
"202400016036";"155753531";"B01";"0";"7";"0";"2";"3";"13";"1";""
"202400016037";"155753525";"A01";"1";"7";"0";"2";"1";"9";"1";""
"202400016038";"155753523";"A01";"2";"31";"0";"2";"1";"13";"1";""
"202400016038";"155753526";"B01";"1";"7";"0";"2";"3";"1";"1";""
"202400016039";"155753522";"A01";"1";"7";"2";"0";"3";"1";"1";""
"202400016040";"155753521";"A01";"2";"1";"0";"2";"7";"17";"5";""
"202400016040";"155753524";"B01";"2";"1";"0";"2";"8";"26";"5";""
"202400016040";"155753527";"C01";"2";"1";"0";"2";"1";"17";"5";""
"202400016040";"155753529";"D01";"2";"1";"0";"2";"1";"17";"5";""
"202400016041";"155753520";"Z01";"1";"0";"0";"0";"0";"26";"0";""
"202400016042";"155753514";"A01";"1";"10";"0";"1";"8";"1";"1";""
"202400016043";"155753516";"A01";"1";"7";"0";"0";"1";"11";"1";""
"202400016043";"155753519";"B01";"2";"7";"0";"0";"1";"1";"1";""
"202400016044";"155753513";"A01";"3";"7";"0";"2";"2";"9";"1";""
"202400016044";"155753518";"B01";"2";"7";"0";"2";"3";"1";"1";""
"202400016045";"155753512";"A01";"1";"7";"0";"2";"6";"1";"3";""
"202400016045";"155753515";"C01";"1";"33";"0";"2";"1";"1";"1";""
"202400016045";"155753517";"B01";"1";"33";"0";"2";"1";"0";"1";""
"202400016046";"155753511";"A01";"2";"7";"8";"0";"1";"0";"1";""
"202400016047";"155753508";"A01";"2";"7";"2";"0";"3";"14";"1";""
"202400016048";"155753506";"A01";"2";"7";"3";"0";"3";"1";"1";""
"202400016048";"155753509";"B01";"2";"7";"3";"0";"1";"1";"1";""
"202400016049";"155753507";"A01";"2";"7";"0";"2";"2";"15";"1";""
"202400016049";"155753510";"B01";"1";"33";"0";"2";"1";"1";"1";""
"202400016050";"155753503";"A01";"1";"34";"0";"2";"7";"2";"1";""
"202400016050";"155753505";"B01";"1";"7";"0";"2";"0";"13";"0";""
"202400016051";"155753504";"A01";"1";"7";"2";"0";"2";"1";"1";""
"202400016052";"155753502";"A01";"1";"7";"13";"0";"7";"1";"1";""
"202400016053";"155753499";"A01";"1";"3";"0";"1";"2";"1";"1";""
"202400016054";"155753498";"A01";"1";"33";"3";"0";"1";"1";"1";""
"202400016055";"155753496";"A01";"2";"7";"13";"0";"0";"19";"1";""
"202400016056";"155753495";"B01";"3";"37";"0";"2";"2";"19";"6";"1"
"202400016056";"155753497";"A01";"3";"7";"0";"2";"3";"19";"1";""
"202400016057";"155753492";"A01";"2";"17";"0";"1";"3";"2";"1";""
"202400016058";"155753491";"B01";"2";"7";"13";"2";"3";"1";"0";""
"202400016058";"155753494";"A01";"1";"7";"13";"2";"3";"13";"1";""
"202400016059";"155753489";"A01";"2";"7";"0";"2";"3";"9";"1";""
"202400016059";"155753493";"B01";"1";"33";"0";"2";"1";"1";"1";""
"202400016060";"155753488";"A01";"3";"7";"0";"2";"1";"2";"1";""
"202400016060";"155753490";"B01";"3";"33";"0";"2";"4";"2";"1";""
"202400016061";"155753486";"A01";"1";"2";"12";"0";"7";"1";"3";""
"202400016062";"155753484";"A01";"2";"10";"3";"2";"1";"2";"1";""
"202400016062";"155753487";"B01";"2";"10";"3";"2";"9";"2";"1";""
"202400016063";"155753483";"A01";"2";"7";"0";"2";"3";"1";"1";""
"202400016063";"155753485";"B01";"1";"7";"0";"2";"3";"1";"1";""
"202400016064";"155753482";"A01";"2";"1";"0";"0";"1";"1";"5";""
"202400016065";"155753478";"B01";"2";"7";"0";"2";"1";"2";"1";""
"202400016065";"155753480";"A01";"2";"7";"3";"2";"1";"23";"1";""
"202400016065";"155753481";"C01";"2";"17";"0";"0";"1";"2";"1";""
"202400016066";"155753476";"A01";"2";"33";"0";"2";"1";"3";"1";""
"202400016066";"155753477";"B01";"2";"15";"0";"0";"4";"1";"6";""
"202400016066";"155753479";"C01";"2";"10";"0";"2";"8";"1";"1";""
"202400016067";"155753475";"A01";"1";"33";"13";"0";"7";"14";"1";""
"202400016068";"155753474";"A01";"1";"7";"0";"1";"3";"1";"1";""
"202400016069";"155753471";"A01";"2";"15";"0";"2";"3";"1";"1";""
"202400016069";"155753473";"B01";"1";"7";"0";"2";"3";"1";"1";""
"202400016070";"155753466";"B01";"2";"7";"0";"2";"3";"1";"1";""
"202400016070";"155753470";"A01";"1";"7";"0";"2";"1";"15";"1";""
"202400016071";"155753464";"A01";"1";"7";"0";"2";"3";"17";"1";""
"202400016071";"155753467";"B01";"1";"10";"0";"2";"3";"1";"1";""
"202400016071";"155753469";"C01";"2";"7";"0";"2";"3";"1";"1";""
"202400016071";"155753472";"D01";"1";"7";"0";"2";"3";"1";"1";""
"202400016072";"155753463";"A01";"2";"7";"0";"2";"5";"13";"1";""
"202400016072";"155753465";"B01";"1";"7";"0";"2";"2";"21";"1";""
"202400016072";"155753468";"C01";"1";"13";"0";"2";"3";"1";"1";""
"202400016073";"155753461";"A01";"2";"7";"0";"2";"1";"1";"1";""
"202400016073";"155753462";"B01";"2";"7";"0";"2";"4";"1";"1";""
"202400016074";"155753459";"A01";"1";"7";"13";"0";"3";"13";"1";""
"202400016075";"155753460";"A01";"1";"7";"0";"1";"1";"1";"1";""
"202400016076";"155753458";"A01";"1";"7";"0";"1";"2";"1";"1";""
"202400016077";"155753456";"A01";"1";"36";"6";"0";"3";"0";"1";""
"202400016078";"155753457";"A01";"2";"7";"2";"0";"1";"13";"0";""
"202400016079";"155753455";"B01";"1";"30";"0";"2";"0";"0";"0";""
"202400016080";"155753454";"A01";"3";"7";"0";"1";"3";"1";"1";""
"202400016081";"155753453";"A01";"1";"7";"0";"0";"0";"2";"1";""
"202400016082";"155753451";"A01";"2";"7";"15";"0";"1";"13";"1";""
"202400016083";"155753449";"A01";"2";"7";"0";"1";"3";"1";"2";""
"202400016084";"155753448";"A01";"1";"7";"16";"2";"2";"13";"1";""
"202400016084";"155753450";"B01";"2";"15";"0";"2";"2";"1";"1";""
"202400016085";"155753447";"B01";"2";"7";"0";"2";"4";"1";"1";""
"202400016085";"155753452";"A01";"2";"10";"0";"2";"3";"9";"1";""
"202400016086";"155753445";"A01";"3";"7";"0";"2";"3";"1";"1";""
"202400016086";"155753446";"B01";"3";"1";"0";"2";"1";"9";"5";""
"202400016087";"155753441";"Z01";"2";"30";"0";"1";"1";"1";"1";""
"202400016088";"155753442";"A01";"2";"7";"3";"0";"3";"13";"1";""
"202400016089";"155753443";"A01";"1";"10";"15";"0";"1";"1";"1";""
"202400016090";"155753439";"C01";"1";"7";"0";"2";"2";"1";"1";""
"202400016090";"155753440";"A01";"2";"7";"3";"0";"7";"15";"1";""
"202400016090";"155753444";"B01";"1";"10";"0";"2";"1";"1";"1";""
"202400016091";"155753438";"A01";"2";"43";"12";"0";"0";"1";"1";""
"202400016092";"155753435";"A01";"1";"7";"0";"2";"8";"19";"1";""
"202400016092";"155753437";"B01";"2";"33";"0";"2";"1";"1";"1";""
"202400016093";"155753434";"A01";"1";"7";"1";"1";"2";"1";"1";""
"202400016094";"155753433";"A01";"2";"7";"0";"2";"3";"13";"1";""
"202400016094";"155753436";"B01";"2";"7";"0";"2";"3";"1";"1";""
"202400016095";"155753432";"A01";"1";"33";"13";"0";"8";"1";"1";""
"202400016096";"155753431";"A01";"1";"7";"2";"0";"1";"1";"1";""
"202400016097";"155753429";"A01";"1";"7";"0";"1";"3";"4";"1";""
"202400016098";"155753428";"A01";"1";"7";"0";"0";"0";"1";"1";""
"202400016099";"155753427";"B01";"2";"7";"0";"2";"8";"1";"1";""
"202400016099";"155753430";"A01";"1";"7";"0";"2";"1";"13";"1";""
"202400016100";"155753426";"A01";"1";"7";"0";"0";"2";"0";"1";""
"202400016101";"155753423";"B01";"0";"50";"0";"2";"1";"1";"3";""
"202400016101";"155753425";"A01";"0";"7";"1";"0";"6";"9";"1";""
"202400016102";"155753421";"A01";"2";"7";"0";"9";"1";"1";"1";""
"202400016102";"155753424";"B01";"3";"80";"0";"2";"5";"19";"3";""
"202400016103";"155753419";"B01";"2";"10";"0";"2";"1";"17";"1";""
"202400016103";"155753420";"C01";"2";"13";"0";"2";"6";"1";"0";""
"202400016103";"155753422";"A01";"3";"7";"0";"2";"1";"9";"1";""
"202400016104";"155753418";"A01";"3";"7";"0";"1";"1";"1";"1";""
"202400016105";"155753415";"A01";"2";"7";"13";"2";"1";"5";"1";""
"202400016105";"155753417";"B01";"1";"7";"0";"2";"7";"1";"1";""
"202400016106";"155753413";"B01";"0";"1";"0";"2";"1";"16";"5";""
"202400016106";"155753416";"A01";"1";"7";"0";"2";"3";"15";"1";""
"202400016107";"155753412";"A01";"3";"7";"0";"2";"8";"1";"1";""
"202400016107";"155753414";"B01";"3";"7";"0";"2";"8";"10";"1";""
"202400016108";"155753411";"A01";"1";"31";"15";"0";"1";"14";"1";""
"202400016109";"155753409";"A01";"1";"7";"6";"0";"1";"14";"1";""
"202400016110";"155753408";"A01";"1";"7";"0";"1";"1";"1";"1";""
"202400016111";"155753405";"A01";"1";"7";"0";"2";"3";"9";"2";""
"202400016111";"155753406";"B01";"1";"1";"0";"2";"2";"14";"5";""
"202400016112";"155753403";"A01";"1";"7";"0";"2";"1";"1";"1";""
"202400016112";"155753404";"B01";"2";"7";"0";"2";"2";"13";"1";""
"202400016113";"155753400";"B01";"3";"7";"0";"0";"3";"15";"1";""
"202400016113";"155753402";"A01";"2";"32";"0";"2";"3";"17";"1";""
"202400016114";"155753391";"C01";"2";"10";"0";"2";"3";"1";"1";""
"202400016114";"155753395";"A01";"1";"10";"6";"2";"1";"13";"1";""
"202400016114";"155753398";"B01";"2";"7";"0";"2";"3";"1";"1";""
"202400016115";"155753390";"A01";"1";"7";"14";"0";"1";"26";"1";""
"202400016115";"155753393";"C01";"1";"15";"0";"2";"4";"26";"1";""
"202400016115";"155753397";"B01";"1";"7";"14";"0";"9";"2";"1";""
"202400016116";"155753389";"D01";"2";"7";"14";"0";"1";"2";"1";""
"202400016116";"155753392";"A01";"2";"7";"0";"2";"1";"2";"1";""
"202400016116";"155753394";"B01";"2";"7";"0";"2";"5";"2";"1";""
"202400016116";"155753396";"C01";"2";"7";"0";"2";"4";"2";"1";""
"202400016117";"155753387";"A01";"1";"7";"0";"2";"1";"19";"1";""
"202400016117";"155753388";"B01";"2";"2";"0";"2";"8";"1";"1";""
"202400016118";"155753385";"A01";"2";"7";"3";"0";"2";"1";"1";""
"202400016119";"155753386";"A01";"3";"31";"12";"0";"1";"13";"1";""
"202400016120";"155753383";"A01";"2";"31";"8";"0";"3";"13";"1";""
"202400016121";"155753384";"A01";"3";"7";"0";"1";"1";"1";"1";""
"202400016122";"155753382";"A01";"0";"7";"0";"1";"1";"1";"1";""
"202400016123";"155753378";"C01";"1";"7";"0";"2";"4";"2";"1";""
"202400016123";"155753379";"B01";"1";"7";"0";"2";"4";"2";"1";""
"202400016123";"155753381";"A01";"1";"7";"0";"2";"1";"2";"2";""
"202400016124";"155753377";"A01";"0";"2";"12";"0";"1";"1";"1";""
"202400016125";"155753375";"B01";"3";"7";"0";"2";"2";"15";"1";""
"202400016125";"155753376";"C01";"3";"7";"0";"2";"2";"23";"1";""
"202400016125";"155753380";"A01";"1";"7";"6";"2";"3";"1";"1";""
"202400016126";"155753371";"B01";"2";"7";"0";"2";"4";"2";"1";""
"202400016126";"155753373";"A01";"2";"7";"0";"2";"1";"2";"1";""
"202400016126";"155753374";"C01";"2";"7";"0";"2";"4";"2";"3";""
"202400016127";"155753370";"A01";"1";"7";"0";"1";"7";"1";"1";""
"202400016128";"155753369";"B01";"0";"7";"0";"2";"5";"1";"1";""
"202400016128";"155753372";"A01";"0";"7";"0";"2";"5";"15";"2";""
"202400016129";"155753367";"A01";"2";"7";"0";"2";"4";"1";"1";""