"Num_Acc";"id_vehicule";"num_veh";"senc";"catv";"obs";"obsm";"choc";"manv";"motor";"occutc"
"202400016129";"155753368";"Z01";"2";"7";"0";"2";"1";"1";"1";""
"202400016130";"155753366";"A01";"2";"7";"13";"0";"8";"1";"1";""
"202400016131";"155753365";"A01";"1";"7";"7";"0";"1";"16";"2";""
"202400016132";"155753361";"A01";"1";"7";"0";"2";"4";"2";"1";""
"202400016132";"155753364";"B01";"1";"7";"0";"2";"1";"2";"2";""
"202400016133";"155753362";"B01";"1";"7";"0";"2";"2";"1";"1";""
"202400016133";"155753363";"A01";"1";"7";"0";"2";"6";"16";"1";""
"202400016134";"155753359";"A01";"2";"7";"4";"0";"3";"0";"1";""
"202400016135";"155753358";"A01";"1";"33";"0";"2";"8";"3";"1";""
"202400016135";"155753360";"B01";"1";"7";"0";"2";"7";"12";"1";""
"202400016136";"155753357";"A01";"3";"10";"9";"0";"1";"1";"0";""
"202400016137";"155753354";"A01";"1";"7";"14";"0";"3";"12";"1";""
"202400016138";"155753350";"D01";"1";"7";"0";"2";"4";"23";"1";""
"202400016138";"155753352";"A01";"1";"15";"0";"2";"1";"2";"1";""
"202400016138";"155753353";"B01";"1";"10";"0";"2";"4";"23";"1";""
"202400016138";"155753356";"C01";"1";"7";"0";"2";"4";"23";"3";""
"202400016139";"155753351";"B01";"3";"7";"0";"2";"1";"1";"1";""
"202400016139";"155753355";"A01";"3";"10";"0";"2";"1";"0";"1";""
"202400016140";"155753347";"A01";"3";"7";"11";"0";"1";"13";"1";""
"202400016141";"155753345";"A01";"1";"33";"0";"2";"1";"1";"1";""
"202400016141";"155753348";"B01";"1";"7";"0";"2";"1";"1";"1";""
"202400016141";"155753349";"C01";"1";"7";"0";"2";"5";"2";"1";""
"202400016142";"155753344";"A01";"1";"7";"0";"2";"1";"2";"1";""
"202400016142";"155753346";"B01";"1";"7";"0";"2";"4";"2";"1";""
"202400016143";"155753343";"A01";"1";"7";"0";"1";"2";"1";"1";""
"202400016144";"155753341";"A01";"1";"33";"0";"2";"1";"0";"1";""
"202400016144";"155753342";"B01";"1";"7";"0";"2";"7";"0";"1";""
"202400016145";"155753338";"B01";"1";"7";"0";"2";"5";"1";"1";""
"202400016145";"155753340";"A01";"1";"30";"0";"2";"1";"1";"1";""
"202400016146";"155753339";"A01";"2";"7";"0";"2";"1";"2";"1";""
"202400016147";"155753336";"A01";"3";"7";"0";"2";"1";"1";"1";""
"202400016147";"155753337";"B01";"3";"7";"0";"2";"1";"13";"1";""
"202400016148";"155753334";"A01";"0";"7";"0";"2";"1";"26";"1";""
"202400016148";"155753335";"B01";"1";"10";"0";"2";"4";"2";"1";""
"202400016149";"155753331";"A01";"2";"30";"0";"2";"1";"2";"1";""
"202400016149";"155753333";"B01";"3";"7";"0";"9";"5";"1";"1";""
"202400016150";"155753332";"A01";"1";"7";"3";"0";"1";"16";"1";""
"202400016151";"155753329";"A01";"1";"30";"0";"0";"0";"15";"1";""
"202400016152";"155753325";"A01";"1";"7";"0";"2";"2";"26";"3";""
"202400016152";"155753328";"C01";"2";"7";"0";"2";"1";"23";"1";""
"202400016152";"155753330";"B01";"1";"7";"0";"2";"1";"1";"1";""
"202400016153";"155753323";"A01";"1";"7";"0";"2";"8";"15";"1";""
"202400016153";"155753324";"B01";"1";"1";"0";"2";"8";"1";"0";""
"202400016154";"155753321";"A01";"3";"7";"0";"1";"8";"21";"1";""
"202400016155";"155753322";"B01";"2";"7";"0";"2";"4";"21";"1";""
"202400016155";"155753326";"C01";"2";"7";"1";"0";"0";"26";"1";""
"202400016155";"155753327";"A01";"2";"7";"3";"2";"1";"2";"1";""
"202400016156";"155753319";"B01";"1";"32";"0";"2";"1";"2";"1";""
"202400016156";"155753320";"A01";"1";"7";"0";"2";"8";"10";"2";""
"202400016157";"155753317";"A01";"2";"30";"0";"2";"1";"2";"1";""
"202400016157";"155753318";"B01";"2";"10";"0";"2";"6";"2";"1";""
"202400016158";"155753315";"A01";"1";"7";"0";"1";"3";"15";"1";""
"202400016159";"155753314";"A01";"2";"7";"0";"2";"1";"2";"1";""
"202400016159";"155753316";"B01";"2";"10";"0";"2";"4";"2";"1";""
"202400016160";"155753311";"A01";"1";"7";"0";"2";"1";"19";"1";""
"202400016160";"155753313";"B01";"2";"7";"0";"2";"3";"1";"1";""
"202400016161";"155753310";"A01";"2";"31";"0";"2";"1";"1";"1";""
"202400016161";"155753312";"B01";"2";"7";"0";"2";"4";"9";"1";""
"202400016162";"155753308";"A01";"1";"7";"15";"1";"2";"1";"0";""
"202400016163";"155753307";"A01";"1";"7";"0";"1";"1";"1";"2";""
"202400016164";"155753305";"C01";"1";"7";"0";"2";"4";"2";"2";""
"202400016164";"155753306";"A01";"1";"10";"0";"2";"1";"2";"1";""
"202400016164";"155753309";"B01";"1";"7";"0";"2";"4";"1";"1";""
"202400016165";"155753303";"A01";"3";"37";"0";"0";"0";"9";"1";"1"
"202400016165";"155753304";"B01";"3";"30";"0";"0";"0";"21";"1";""
"202400016166";"155753300";"A01";"2";"30";"0";"2";"1";"17";"1";""
"202400016166";"155753302";"B01";"2";"7";"0";"0";"3";"15";"1";""
"202400016167";"155753299";"B01";"1";"7";"0";"2";"4";"1";"1";""
"202400016167";"155753301";"A01";"1";"10";"0";"2";"1";"2";"1";""
"202400016168";"155753297";"B01";"1";"30";"0";"2";"1";"1";"1";""
"202400016168";"155753298";"A01";"1";"7";"0";"2";"8";"20";"1";""
"202400016169";"155753296";"A01";"2";"10";"0";"1";"1";"1";"1";""
"202400016170";"155753292";"Z01";"2";"7";"14";"0";"8";"9";"3";""
"202400016170";"155753294";"A01";"1";"50";"0";"2";"1";"1";"3";""
"202400016171";"155753290";"B01";"1";"34";"0";"2";"1";"17";"1";""
"202400016171";"155753293";"A01";"1";"7";"0";"2";"3";"10";"1";""
"202400016172";"155753291";"B01";"1";"7";"0";"2";"4";"2";"2";""
"202400016172";"155753295";"A01";"1";"7";"0";"2";"1";"2";"1";""
"202400016173";"155753289";"A01";"3";"7";"0";"1";"2";"1";"1";""
"202400016174";"155753288";"A01";"1";"7";"0";"1";"2";"1";"1";""
"202400016175";"155753287";"A01";"1";"10";"0";"1";"2";"2";"1";""
"202400016176";"155753283";"A01";"3";"1";"0";"0";"0";"0";"5";""
"202400016176";"155753286";"B01";"1";"30";"0";"2";"1";"0";"1";""
"202400016177";"155753281";"B01";"1";"7";"0";"2";"1";"0";"1";""
"202400016177";"155753284";"A01";"1";"14";"0";"2";"4";"4";"1";""
"202400016178";"155753282";"A01";"1";"7";"0";"2";"3";"1";"1";""
"202400016178";"155753285";"B01";"2";"33";"0";"2";"9";"1";"1";""
"202400016179";"155753277";"A01";"1";"7";"0";"2";"1";"15";"1";""
"202400016179";"155753279";"B01";"2";"33";"0";"2";"0";"1";"1";""
"202400016180";"155753278";"B01";"1";"1";"0";"2";"0";"19";"5";""
"202400016180";"155753280";"A01";"3";"32";"0";"2";"0";"1";"3";""
"202400016181";"155753276";"A01";"2";"7";"0";"1";"4";"26";"0";""
"202400016182";"155753275";"A01";"2";"7";"12";"1";"1";"15";"1";""
"202400016183";"155753274";"A01";"1";"7";"1";"0";"3";"1";"1";""
"202400016184";"155753273";"A01";"3";"7";"0";"1";"2";"12";"1";""
"202400016185";"155753271";"A01";"2";"50";"0";"2";"1";"1";"3";""
"202400016185";"155753272";"B01";"0";"7";"0";"2";"1";"1";"2";""
"202400016186";"155753268";"A01";"2";"2";"0";"0";"8";"15";"1";""
"202400016186";"155753269";"B01";"2";"99";"0";"2";"2";"17";"0";""
"202400016187";"155753267";"A01";"3";"10";"0";"2";"2";"1";"0";""
"202400016187";"155753270";"B01";"3";"10";"0";"2";"5";"1";"0";""
"202400016188";"155753259";"B01";"1";"33";"0";"2";"7";"17";"1";""
"202400016188";"155753264";"A01";"1";"7";"0";"2";"8";"15";"1";""
"202400016189";"155753258";"C01";"2";"10";"0";"2";"2";"2";"1";""
"202400016189";"155753261";"D01";"2";"7";"0";"2";"2";"2";"1";""
"202400016189";"155753263";"E01";"2";"7";"0";"2";"2";"0";"1";""
"202400016189";"155753265";"A01";"2";"7";"4";"2";"2";"11";"1";""
"202400016189";"155753266";"B01";"2";"15";"0";"2";"6";"1";"1";""
"202400016190";"155753257";"B01";"1";"7";"0";"2";"3";"1";"1";""
"202400016190";"155753260";"A01";"1";"30";"0";"2";"7";"15";"1";""
"202400016191";"155753256";"B01";"3";"7";"0";"2";"7";"1";"1";""
"202400016191";"155753262";"A01";"3";"7";"0";"2";"1";"9";"1";""
"202400016192";"155753254";"B01";"2";"7";"0";"2";"2";"17";"1";""
"202400016192";"155753255";"A01";"2";"2";"6";"2";"7";"1";"1";""
"202400016193";"155753251";"B01";"1";"50";"0";"2";"1";"2";"3";""
"202400016193";"155753252";"A01";"1";"7";"0";"2";"4";"2";"1";""
"202400016194";"155753249";"A01";"1";"7";"0";"1";"3";"13";"1";""
"202400016195";"155753248";"A01";"0";"50";"12";"0";"1";"0";"3";""
"202400016196";"155753245";"A01";"1";"7";"0";"1";"5";"1";"1";""
"202400016197";"155753246";"A01";"0";"10";"0";"2";"3";"10";"1";""
"202400016197";"155753247";"B01";"0";"33";"0";"2";"1";"17";"1";""
"202400016198";"155753244";"A01";"1";"7";"0";"0";"0";"26";"1";""
"202400016199";"155753241";"B01";"2";"33";"0";"2";"1";"13";"1";""
"202400016199";"155753243";"A01";"1";"7";"0";"2";"3";"1";"1";""
"202400016200";"155753239";"B01";"3";"10";"0";"2";"7";"20";"1";""
"202400016200";"155753242";"A01";"3";"1";"0";"2";"1";"25";"5";""
"202400016201";"155753237";"B01";"2";"7";"0";"2";"1";"1";"1";""
"202400016201";"155753240";"A01";"1";"7";"0";"2";"1";"13";"1";""
"202400016202";"155753238";"A01";"1";"7";"0";"1";"3";"19";"1";""
"202400016203";"155753233";"A01";"1";"10";"0";"2";"2";"21";"1";""
"202400016203";"155753236";"B01";"2";"7";"0";"2";"2";"13";"1";""
"202400016204";"155753232";"B01";"2";"32";"0";"2";"1";"1";"0";""
"202400016204";"155753235";"A01";"1";"7";"0";"2";"2";"15";"1";""
"202400016205";"155753230";"B01";"2";"50";"0";"2";"7";"1";"3";""
"202400016205";"155753234";"A01";"2";"7";"0";"2";"2";"1";"1";""
"202400016206";"155753229";"A01";"3";"36";"0";"0";"0";"1";"1";""
"202400016207";"155753228";"A01";"1";"3";"0";"2";"1";"1";"1";""
"202400016207";"155753231";"B01";"1";"7";"0";"2";"7";"1";"1";""
"202400016208";"155753225";"B01";"3";"50";"0";"2";"8";"16";"3";""
"202400016208";"155753227";"Z01";"3";"7";"0";"2";"0";"16";"1";""
"202400016209";"155753224";"A01";"2";"7";"13";"0";"1";"1";"1";""
"202400016210";"155753219";"Z01";"3";"7";"0";"2";"0";"14";"0";""
"202400016210";"155753221";"B01";"0";"7";"0";"2";"3";"2";"1";""
"202400016211";"155753218";"A01";"1";"33";"0";"0";"8";"1";"1";""
"202400016212";"155753217";"A01";"2";"7";"0";"1";"1";"1";"0";""
"202400016213";"155753214";"A01";"0";"36";"0";"0";"9";"15";"1";""
"202400016214";"155753211";"A01";"1";"7";"0";"2";"1";"1";"3";""
"202400016214";"155753216";"B01";"2";"1";"0";"2";"8";"19";"5";""
"202400016215";"155753212";"A01";"1";"7";"0";"2";"1";"2";"1";""
"202400016215";"155753215";"B01";"1";"7";"0";"2";"0";"0";"1";""
"202400016216";"155753210";"B01";"2";"7";"0";"2";"1";"1";"1";""
"202400016216";"155753213";"A01";"0";"7";"0";"2";"1";"5";"1";""
"202400016217";"155753209";"A01";"2";"7";"2";"9";"1";"14";"1";""
"202400016218";"155753206";"A01";"1";"7";"3";"2";"2";"13";"1";""
"202400016218";"155753208";"B01";"2";"14";"0";"2";"1";"1";"1";""
"202400016219";"155753204";"A01";"2";"1";"0";"2";"8";"8";"5";""
"202400016219";"155753207";"B01";"2";"7";"0";"9";"1";"1";"1";""
"202400016220";"155753202";"A01";"2";"7";"2";"0";"1";"1";"1";""
"202400016221";"155753203";"B01";"1";"10";"0";"2";"3";"1";"1";""
"202400016221";"155753205";"A01";"3";"99";"0";"2";"2";"19";"3";""
"202400016222";"155753199";"B01";"2";"80";"0";"2";"1";"1";"2";""
"202400016222";"155753201";"A01";"1";"7";"0";"9";"3";"15";"1";""
"202400016223";"155753196";"A01";"3";"7";"0";"2";"1";"9";"1";""
"202400016223";"155753200";"B01";"3";"33";"0";"2";"7";"2";"1";""
"202400016224";"155753195";"A01";"2";"2";"0";"2";"1";"1";"1";""
"202400016224";"155753198";"B01";"1";"7";"0";"2";"8";"15";"1";""
"202400016225";"155753194";"A01";"2";"7";"0";"2";"1";"0";"1";""
"202400016225";"155753197";"B01";"2";"7";"3";"0";"4";"1";"2";""
"202400016226";"155753192";"A01";"1";"7";"0";"0";"0";"26";"1";""
"202400016227";"155753193";"A01";"1";"7";"0";"1";"3";"15";"1";""
"202400016228";"155753191";"A01";"2";"7";"6";"0";"1";"14";"1";""
"202400016229";"155753189";"B01";"0";"32";"0";"2";"1";"17";"1";""
"202400016229";"155753190";"A01";"0";"7";"0";"2";"6";"15";"2";""
"202400016230";"155753187";"A01";"1";"7";"0";"2";"5";"1";"1";""
"202400016230";"155753188";"B01";"1";"7";"0";"2";"1";"1";"1";""
"202400016231";"155753184";"A01";"3";"36";"2";"0";"2";"2";"1";""
"202400016232";"155753181";"A01";"1";"30";"0";"2";"1";"17";"1";""
"202400016232";"155753185";"B01";"2";"7";"0";"2";"4";"16";"1";""
"202400016233";"155753180";"B01";"2";"32";"0";"2";"1";"2";"1";""
"202400016233";"155753182";"A01";"1";"7";"0";"2";"2";"15";"2";""
"202400016234";"155753176";"A01";"3";"50";"0";"0";"0";"0";"3";""
"202400016234";"155753177";"Z01";"3";"7";"0";"9";"0";"15";"0";""
"202400016235";"155753174";"A01";"1";"7";"6";"0";"1";"1";"1";""
"202400016236";"155753172";"A01";"2";"7";"0";"2";"1";"2";"1";""
"202400016236";"155753175";"B01";"2";"7";"0";"2";"4";"2";"2";""
"202400016237";"155753170";"A01";"1";"2";"0";"0";"0";"0";"1";""
"202400016238";"155753173";"A01";"1";"30";"0";"1";"1";"1";"1";""
"202400016239";"155753169";"A01";"2";"7";"0";"2";"6";"15";"1";""
"202400016239";"155753171";"B01";"1";"7";"0";"2";"3";"21";"1";""
"202400016240";"155753167";"A01";"1";"33";"0";"0";"6";"1";"1";""
"202400016241";"155753165";"A01";"1";"7";"0";"2";"1";"12";"3";""
"202400016241";"155753168";"B01";"1";"7";"0";"2";"5";"1";"1";""
"202400016242";"155753163";"A01";"3";"7";"0";"2";"2";"15";"1";""
"202400016242";"155753166";"B01";"3";"1";"0";"2";"1";"1";"5";""
"202400016243";"155753161";"A01";"1";"32";"11";"0";"1";"26";"1";""
"202400016244";"155753157";"B01";"1";"7";"0";"2";"7";"1";"1";""
"202400016244";"155753158";"C01";"1";"7";"0";"2";"3";"1";"1";""
"202400016244";"155753160";"A01";"1";"31";"0";"2";"8";"3";"1";""
"202400016245";"155753156";"A01";"0";"33";"0";"1";"1";"26";"1";""
"202400016246";"155753155";"A01";"1";"7";"15";"0";"8";"1";"1";""
"202400016247";"155753153";"B01";"3";"7";"0";"2";"4";"23";"1";""
"202400016247";"155753154";"A01";"3";"7";"0";"2";"1";"1";"1";""
"202400016248";"155753149";"A01";"1";"7";"0";"2";"1";"16";"1";""
"202400016248";"155753152";"B01";"1";"43";"0";"2";"4";"16";"1";""
"202400016249";"155753148";"A01";"1";"7";"0";"2";"3";"1";"1";""
"202400016250";"155753147";"B01";"3";"33";"0";"2";"1";"1";"0";""
"202400016250";"155753151";"A01";"3";"7";"0";"2";"3";"15";"0";""
"202400016251";"155753146";"A01";"2";"7";"0";"2";"3";"13";"1";""
"202400016251";"155753150";"B01";"1";"10";"0";"2";"3";"1";"1";""
"202400016252";"155753144";"A01";"2";"7";"9";"0";"2";"1";"1";""
"202400016253";"155753143";"A01";"3";"7";"8";"0";"1";"1";"1";""
"202400016254";"155753141";"A01";"1";"50";"0";"2";"1";"1";"3";""
"202400016254";"155753145";"B01";"1";"7";"0";"2";"3";"1";"2";""
"202400016255";"155753140";"A01";"2";"33";"0";"0";"0";"15";"1";""
"202400016255";"155753142";"B01";"1";"7";"0";"0";"0";"9";"1";""
"202400016256";"155753139";"A01";"2";"1";"0";"0";"0";"26";"5";""
"202400016257";"155753137";"A01";"3";"7";"12";"0";"1";"14";"1";""
"202400016258";"155753135";"B01";"1";"7";"0";"2";"2";"17";"1";""
"202400016258";"155753138";"A01";"1";"7";"0";"2";"3";"11";"1";""
"202400016259";"155753134";"B01";"2";"7";"0";"2";"1";"13";"1";""
"202400016259";"155753136";"A01";"1";"7";"0";"2";"1";"21";"1";""
"202400016260";"155753131";"B01";"1";"10";"0";"2";"1";"1";"1";""
"202400016260";"155753133";"A01";"2";"7";"8";"2";"1";"1";"1";""
"202400016261";"155753130";"A01";"2";"7";"0";"2";"2";"15";"1";""
"202400016261";"155753132";"B01";"2";"34";"0";"2";"3";"1";"1";""
"202400016262";"155753128";"A01";"1";"7";"12";"0";"1";"1";"1";""
"202400016263";"155753127";"A01";"2";"10";"0";"0";"1";"1";"1";""
"202400016263";"155753129";"B01";"2";"7";"0";"2";"7";"1";"2";""
"202400016264";"155753125";"B01";"1";"1";"0";"2";"6";"1";"5";""
"202400016264";"155753126";"A01";"2";"7";"0";"2";"1";"9";"1";""
"202400016265";"155753123";"A01";"1";"33";"8";"0";"1";"19";"1";""
"202400016266";"155753122";"B01";"1";"33";"0";"2";"2";"17";"1";""
"202400016266";"155753124";"A01";"1";"7";"0";"2";"3";"10";"3";""
"202400016267";"155753119";"A01";"2";"7";"6";"0";"3";"1";"1";""
"202400016268";"155753117";"B01";"2";"7";"0";"2";"3";"1";"2";""
"202400016268";"155753121";"A01";"1";"30";"0";"2";"1";"13";"1";""
"202400016269";"155753116";"A01";"1";"1";"0";"2";"3";"15";"5";""
"202400016269";"155753118";"B01";"1";"1";"0";"2";"2";"1";"5";""
"202400016270";"155753115";"B01";"1";"50";"0";"2";"1";"0";"3";""
"202400016270";"155753120";"A01";"2";"10";"0";"2";"1";"1";"1";""
"202400016271";"155753110";"B01";"3";"33";"0";"0";"1";"1";"1";""
"202400016271";"155753113";"A01";"3";"7";"0";"0";"5";"15";"1";""
"202400016272";"155753112";"Z01";"2";"37";"0";"1";"5";"9";"1";"1"
"202400016273";"155753109";"A01";"1";"1";"0";"2";"3";"1";"5";""
"202400016273";"155753114";"B01";"2";"7";"0";"2";"3";"1";"1";""
"202400016274";"155753108";"A01";"2";"7";"0";"2";"2";"15";"1";""
"202400016274";"155753111";"B01";"1";"33";"0";"2";"1";"7";"1";""
"202400016275";"155753101";"A01";"2";"7";"0";"2";"3";"1";"1";""
"202400016275";"155753104";"B01";"2";"7";"6";"2";"9";"13";"1";""
"202400016275";"155753107";"C01";"1";"10";"0";"2";"8";"1";"1";""
"202400016276";"155753102";"A01";"3";"7";"0";"2";"6";"15";"1";""
"202400016276";"155753105";"B01";"3";"33";"0";"2";"1";"1";"1";""
"202400016277";"155753100";"A01";"3";"7";"0";"2";"1";"2";"3";""
"202400016277";"155753106";"B01";"3";"7";"0";"2";"0";"0";"1";""
"202400016278";"155753099";"A01";"1";"1";"0";"2";"1";"1";"5";""
"202400016278";"155753103";"B01";"1";"7";"0";"2";"6";"15";"1";""
"202400016279";"155753098";"A01";"2";"7";"0";"0";"9";"26";"1";""
"202400016280";"155753094";"A01";"1";"7";"0";"2";"1";"19";"1";""
"202400016280";"155753097";"B01";"1";"33";"0";"2";"7";"1";"1";""
"202400016281";"155753092";"B01";"1";"7";"0";"2";"6";"17";"1";""
"202400016281";"155753096";"A01";"2";"7";"2";"2";"1";"17";"1";""
"202400016282";"155753093";"A01";"2";"7";"0";"2";"1";"1";"2";""
"202400016282";"155753095";"B01";"2";"7";"0";"0";"4";"23";"1";""
"202400016283";"155753091";"A01";"1";"10";"0";"1";"1";"1";"3";""
"202400016284";"155753087";"A01";"2";"7";"0";"2";"3";"1";"1";""
"202400016284";"155753089";"B01";"1";"7";"0";"2";"3";"13";"1";""
"202400016285";"155753086";"A01";"0";"7";"0";"2";"3";"9";"0";""
"202400016285";"155753088";"B01";"0";"7";"0";"2";"1";"0";"1";""
"202400016286";"155753085";"A01";"2";"7";"0";"2";"7";"1";"1";""
"202400016286";"155753090";"B01";"3";"7";"0";"2";"1";"1";"2";""
"202400016287";"155753084";"A01";"3";"7";"0";"1";"1";"1";"1";""
"202400016288";"155753081";"B01";"2";"3";"0";"0";"4";"2";"1";""
"202400016288";"155753083";"A01";"2";"7";"0";"2";"1";"2";"1";""
"202400016289";"155753080";"A01";"3";"7";"0";"1";"1";"2";"0";""
"202400016290";"155753078";"A01";"2";"7";"0";"2";"1";"1";"1";""
"202400016290";"155753082";"B01";"1";"7";"0";"2";"8";"19";"1";""
"202400016291";"155753077";"A01";"3";"7";"0";"2";"1";"1";"1";""
"202400016291";"155753079";"B01";"3";"10";"0";"2";"8";"1";"1";""
"202400016292";"155753074";"A01";"1";"50";"0";"0";"4";"2";"3";""
"202400016292";"155753076";"B01";"1";"7";"0";"2";"1";"2";"1";""
"202400016293";"155753072";"B01";"3";"7";"0";"0";"3";"1";"1";""
"202400016293";"155753075";"A01";"0";"7";"0";"2";"1";"15";"1";""
"202400016294";"155753071";"B01";"1";"1";"0";"0";"4";"2";"5";""
"202400016294";"155753073";"A01";"1";"33";"0";"0";"1";"1";"1";""
"202400016295";"155753069";"A01";"1";"7";"0";"1";"2";"1";"1";""
"202400016296";"155753066";"A01";"1";"7";"12";"0";"9";"0";"1";""
"202400016297";"155753065";"A01";"0";"10";"0";"9";"3";"26";"1";""
"202400016297";"155753068";"B01";"0";"1";"0";"0";"1";"2";"5";""
"202400016298";"155753064";"A01";"3";"7";"1";"0";"0";"20";"1";""
"202400016299";"155753063";"A01";"0";"33";"0";"6";"1";"1";"1";""
"202400016300";"155753061";"A01";"3";"7";"3";"0";"1";"1";"1";""
"202400016301";"155753059";"A01";"2";"33";"13";"0";"0";"0";"1";""
"202400016302";"155753058";"A01";"2";"7";"8";"0";"8";"1";"1";""
"202400016303";"155753057";"B01";"1";"7";"0";"2";"1";"1";"1";""
"202400016303";"155753060";"A01";"2";"1";"0";"2";"1";"5";"5";""
"202400016304";"155753054";"B01";"2";"7";"0";"2";"5";"15";"0";""
"202400016304";"155753056";"A01";"1";"33";"0";"2";"1";"1";"0";""
"202400016305";"155753051";"A01";"1";"17";"0";"0";"6";"1";"1";""
"202400016305";"155753053";"B01";"1";"7";"4";"2";"9";"2";"1";""
"202400016305";"155753055";"C01";"1";"7";"0";"2";"1";"17";"2";""
"202400016306";"155753050";"A01";"1";"7";"0";"1";"1";"19";"1";""
"202400016307";"155753048";"A01";"2";"30";"0";"1";"1";"1";"0";""
"202400016308";"155753047";"A01";"3";"7";"13";"0";"9";"1";"1";""
"202400016309";"155753041";"A01";"1";"7";"0";"2";"5";"1";"1";""
"202400016309";"155753044";"B01";"1";"7";"0";"2";"5";"2";"1";""
"202400016309";"155753045";"C01";"1";"7";"0";"2";"1";"2";"1";""
"202400016310";"155753040";"A01";"1";"7";"0";"2";"1";"2";"1";""
"202400016310";"155753042";"B01";"1";"7";"0";"2";"4";"2";"1";""
"202400016310";"155753046";"C01";"1";"7";"0";"2";"4";"2";"1";""
"202400016311";"155753036";"A01";"1";"7";"0";"2";"3";"21";"1";""
"202400016311";"155753039";"B01";"2";"7";"0";"2";"3";"1";"2";""
"202400016312";"155753034";"B01";"2";"7";"0";"2";"3";"21";"2";""
"202400016312";"155753038";"A01";"2";"33";"0";"2";"7";"14";"1";""
"202400016313";"155753035";"A01";"1";"10";"6";"0";"2";"14";"1";""
"202400016314";"155753037";"B01";"1";"50";"0";"2";"1";"1";"3";""
"202400016314";"155753043";"A01";"1";"32";"0";"9";"8";"23";"1";""
"202400016315";"155753031";"A01";"3";"10";"0";"2";"6";"15";"1";""
"202400016315";"155753033";"B01";"3";"2";"0";"2";"3";"21";"1";""
"202400016316";"155753030";"A01";"1";"30";"0";"2";"0";"26";"1";""
"202400016316";"155753032";"B01";"2";"10";"0";"2";"0";"0";"1";""
"202400016317";"155753028";"A01";"2";"7";"3";"0";"1";"0";"1";""
"202400016318";"155753025";"A01";"1";"31";"0";"0";"7";"16";"1";""
"202400016319";"155753024";"C01";"1";"1";"0";"2";"4";"1";"5";""
"202400016319";"155753027";"A01";"1";"7";"0";"2";"2";"1";"0";""
"202400016319";"155753029";"B01";"1";"1";"0";"2";"4";"1";"5";""
"202400016320";"155753023";"A01";"1";"13";"0";"2";"3";"1";"1";""
"202400016320";"155753026";"B01";"1";"33";"0";"2";"0";"0";"1";""
"202400016321";"155753022";"A01";"1";"7";"0";"0";"9";"14";"1";""
"202400016322";"155753021";"A01";"1";"7";"0";"1";"1";"15";"1";""
"202400016323";"155753018";"A01";"2";"33";"0";"0";"8";"12";"1";""
"202400016324";"155753017";"A01";"1";"14";"0";"2";"1";"16";"1";""
"202400016324";"155753020";"B01";"1";"1";"0";"2";"4";"1";"5";""
"202400016325";"155753015";"A01";"2";"30";"0";"2";"1";"17";"1";""
"202400016325";"155753019";"B01";"2";"7";"0";"2";"8";"1";"3";""
"202400016326";"155753012";"A01";"2";"7";"0";"2";"3";"13";"1";""
"202400016326";"155753016";"B01";"1";"7";"0";"2";"2";"1";"1";""
"202400016327";"155753013";"A01";"2";"7";"3";"2";"9";"14";"1";""
"202400016327";"155753014";"B01";"2";"7";"0";"0";"6";"1";"1";""
"202400016328";"155753010";"A01";"3";"1";"0";"0";"0";"26";"5";""
"202400016329";"155753009";"A01";"1";"10";"0";"2";"2";"1";"1";""
"202400016329";"155753011";"B01";"1";"1";"0";"0";"0";"13";"5";""
"202400016330";"155753005";"A01";"2";"7";"0";"2";"1";"1";"1";""
"202400016330";"155753006";"B01";"2";"7";"0";"2";"4";"1";"2";""
"202400016330";"155753008";"C01";"2";"7";"0";"2";"4";"1";"1";""
"202400016331";"155753002";"B01";"2";"14";"0";"2";"3";"13";"1";""
"202400016331";"155753004";"A01";"1";"7";"0";"2";"6";"1";"1";""
"202400016332";"155753001";"A01";"2";"7";"0";"2";"3";"13";"1";""
"202400016332";"155753003";"B01";"2";"37";"0";"2";"7";"1";"1";"2"
"202400016333";"155752999";"A01";"1";"33";"0";"0";"0";"1";"1";""
"202400016334";"155752998";"B01";"1";"80";"0";"2";"1";"2";"3";""
"202400016334";"155753000";"Z01";"1";"7";"0";"2";" -1";"22";"0";""
"202400016335";"155752997";"A01";"1";"2";"1";"0";"2";"14";"1";""
"202400016336";"155752994";"B01";"2";"14";"0";"2";"3";"1";"1";""
"202400016336";"155752996";"A01";"1";"2";"0";"2";"1";"1";"1";""
"202400016337";"155752991";"B01";"1";"33";"0";"2";"3";"1";"1";""
"202400016337";"155752995";"A01";"1";"7";"0";"2";"4";"12";"0";""
"202400016338";"155752990";"A01";"2";"7";"0";"2";"2";"13";"1";""
"202400016338";"155752993";"B01";"1";"7";"0";"2";"1";"1";"1";""
"202400016339";"155752989";"B01";"2";"1";"1";"0";"1";"13";"5";""
"202400016339";"155752992";"A01";"2";"10";"0";"2";"3";"24";"1";""
"202400016340";"155752987";"A01";"1";"7";"0";"2";"3";"13";"1";""
"202400016340";"155752988";"B01";"2";"33";"0";"2";"8";"1";"1";""
"202400016341";"155752984";"A01";"2";"7";"0";"2";"1";"1";"1";""
"202400016341";"155752986";"B01";"1";"7";"0";"2";"1";"1";"1";""
"202400016342";"155752983";"A01";"2";"30";"0";"1";"8";"1";"3";""
"202400016343";"155752982";"B01";"2";"7";"0";"2";"4";"1";"1";""