"Num_Acc";"id_vehicule";"num_veh";"senc";"catv";"obs";"obsm";"choc";"manv";"motor";"occutc"
"202400016343";"155752985";"A01";"2";"7";"0";"2";"1";"2";"1";""
"202400016344";"155752979";"A01";"3";"7";"0";"2";"3";"15";"1";""
"202400016344";"155752981";"B01";"1";"2";"0";"2";"1";"1";"1";""
"202400016345";"155752978";"A01";"1";"33";"14";"0";"1";"17";"3";""
"202400016346";"155752976";"A01";"1";"7";"0";"2";"1";"21";"2";""
"202400016346";"155752977";"B01";"1";"7";"0";"2";"6";"23";"1";""
"202400016347";"155752975";"A01";"1";"2";"6";"0";"0";"5";"1";""
"202400016348";"155752973";"A01";"1";"7";"0";"2";"2";"1";"1";""
"202400016348";"155752974";"B01";"2";"7";"0";"2";"3";"1";"1";""
"202400016349";"155752972";"A01";"1";"31";"12";"0";"2";"14";"3";""
"202400016350";"155752968";"B01";"2";"7";"0";"2";"4";"2";"1";""
"202400016350";"155752970";"A01";"2";"7";"0";"2";"1";"2";"1";""
"202400016351";"155752966";"B01";"2";"7";"0";"2";"3";"1";"1";""
"202400016351";"155752971";"A01";"1";"10";"0";"2";"3";"13";"1";""
"202400016352";"155752964";"A01";"1";"2";"0";"1";"1";"1";"3";""
"202400016353";"155752959";"A01";"1";"7";"2";"2";"3";"13";"1";""
"202400016353";"155752961";"B01";"1";"7";"8";"2";"2";"1";"1";""
"202400016354";"155752958";"B01";"1";"7";"0";"2";"4";"1";"1";""
"202400016354";"155752962";"C01";"2";"7";"0";"2";"0";"0";"1";""
"202400016354";"155752963";"A01";"2";"7";"0";"2";"1";"2";"2";""
"202400016355";"155752957";"B01";"2";"7";"0";"0";"3";"23";"1";""
"202400016355";"155752960";"A01";"1";"7";"0";"2";"2";"16";"1";""
"202400016356";"155752955";"B01";"2";"1";"0";"2";"8";"1";"5";""
"202400016356";"155752956";"A01";"2";"10";"0";"2";"7";"16";"1";""
"202400016357";"155752950";"A01";"1";"7";"0";"2";"3";"0";"1";""
"202400016357";"155752952";"B01";"1";"7";"0";"2";"1";"0";"1";""
"202400016358";"155752949";"A01";"1";"7";"0";"2";"1";"13";"1";""
"202400016358";"155752954";"B01";"2";"7";"0";"2";"3";"2";"1";""
"202400016359";"155752948";"A01";"2";"38";"0";"2";"2";"2";"1";"1"
"202400016359";"155752951";"B01";"2";"33";"0";"2";"8";"3";"1";""
"202400016359";"155752953";"C01";"2";"7";"0";"2";"6";"2";"1";""
"202400016360";"155752946";"A01";"1";"33";"0";"0";"0";"0";"1";""
"202400016361";"155752945";"A01";"2";"7";"3";"0";"3";"1";"1";""
"202400016362";"155752944";"A01";"3";"10";"0";"2";"5";"15";"1";""
"202400016362";"155752947";"B01";"3";"33";"0";"2";"1";"1";"1";""
"202400016363";"155752943";"A01";"1";"2";"3";"0";"0";"1";"1";""
"202400016364";"155752941";"A01";"3";"7";"2";"0";"1";"26";"1";""
"202400016365";"155752940";"A01";"2";"7";"11";"0";"1";"2";"1";""
"202400016365";"155752942";"B01";"2";"80";"0";"2";"1";"19";"3";""
"202400016366";"155752938";"A01";"3";"33";"0";"0";"9";"1";"1";""
"202400016367";"155752937";"A01";"2";"33";"0";"0";"8";"1";"1";""
"202400016367";"155752939";"B01";"2";"7";"0";"0";"0";"15";"0";""
"202400016368";"155752935";"A01";"3";"30";"2";"2";"1";"3";"1";""
"202400016368";"155752936";"B01";"3";"7";"2";"2";"8";"15";"1";""
"202400016369";"155752934";"A01";"1";"7";"0";"1";"3";"26";"1";""
"202400016370";"155752932";"A01";"2";"7";"0";"2";"1";"26";"1";""
"202400016370";"155752933";"B01";"2";"7";"0";"2";"4";"23";"2";""
"202400016371";"155752929";"A01";"2";"38";"0";"0";"7";"1";"1";"4"
"202400016372";"155752928";"B01";"2";"7";"0";"2";"3";"1";"1";""
"202400016372";"155752931";"A01";"1";"32";"0";"2";"1";"1";"1";""
"202400016373";"155752925";"B01";"0";"7";"0";"0";"0";"0";"0";""
"202400016373";"155752927";"A01";"2";"7";"0";"2";"1";"2";"1";""
"202400016373";"155752930";"C01";"2";"7";"0";"2";"0";"0";"1";""
"202400016374";"155752924";"A01";"2";"33";"0";"0";"7";"2";"1";""
"202400016375";"155752923";"A01";"1";"7";"0";"2";"1";"1";"3";""
"202400016375";"155752926";"B01";"1";"7";"0";"2";"4";"1";"1";""
"202400016376";"155752919";"C01";"2";"7";"0";"2";"4";"1";"1";""
"202400016376";"155752921";"A01";"2";"17";"0";"2";"1";"2";"1";""
"202400016376";"155752922";"B01";"2";"7";"0";"2";"4";"1";"1";""
"202400016377";"155752917";"A01";"3";"1";"0";"2";"0";"0";"5";""
"202400016377";"155752920";"B01";"3";"50";"0";"2";"0";"0";"3";""
"202400016378";"155752918";"A01";"2";"7";"0";"1";"1";"1";"1";""
"202400016379";"155752916";"A01";"1";"7";"12";"1";"1";"15";"1";""
"202400016380";"155752915";"A01";"2";"32";"4";"0";"1";"14";"1";""
"202400016381";"155752914";"A01";"1";"7";"3";"0";"3";"21";"1";""
"202400016382";"155752912";"B01";"1";"7";"0";"2";"1";"2";"1";""
"202400016382";"155752913";"A01";"1";"7";"0";"2";"5";"1";"2";""
"202400016383";"155752907";"B01";"1";"17";"0";"2";"6";"1";"1";""
"202400016383";"155752909";"A01";"1";"7";"0";"2";"2";"17";"1";""
"202400016384";"155752908";"A01";"1";"7";"0";"2";"7";"15";"1";""
"202400016384";"155752910";"B01";"2";"0";"0";"2";"0";"1";"0";""
"202400016385";"155752906";"A01";"1";"7";"6";"0";"3";"1";"1";""
"202400016386";"155752904";"A01";"1";"33";"0";"0";"7";"1";"1";""
"202400016387";"155752905";"B01";"3";"7";"9";"2";"8";"1";"1";""
"202400016387";"155752911";"A01";"3";"7";"3";"2";"1";"1";"1";""
"202400016388";"155752903";"A01";"2";"7";"3";"0";"3";"13";"1";""
"202400016389";"155752902";"A01";"1";"7";"0";"0";"1";"1";"1";""
"202400016390";"155752899";"A01";"3";"7";"0";"2";"1";"19";"2";""
"202400016390";"155752901";"B01";"3";"33";"0";"2";"8";"1";"1";""
"202400016391";"155752896";"A01";"2";"7";"5";"0";"2";"1";"1";""
"202400016392";"155752897";"B01";"2";"32";"0";"2";"7";"1";"1";""
"202400016392";"155752900";"A01";"2";"7";"0";"2";"6";"13";"1";""
"202400016393";"155752895";"B01";"2";"7";"0";"2";"1";"1";"1";""
"202400016393";"155752898";"A01";"2";"7";"0";"0";"8";"10";"2";""
"202400016394";"155752891";"B01";"2";"7";"0";"2";"8";"26";"1";""
"202400016394";"155752892";"C01";"2";"7";"0";"2";"8";"0";"1";""
"202400016394";"155752894";"A01";"1";"7";"0";"2";"3";"13";"1";""
"202400016395";"155752889";"A01";"1";"31";"0";"5";"1";"1";"1";""
"202400016396";"155752888";"A01";"1";"7";"0";"1";"3";"20";"1";""
"202400016397";"155752886";"A01";"2";"7";"13";"0";"0";"14";"1";""
"202400016398";"155752885";"A01";"1";"7";"6";"0";"2";"1";"1";""
"202400016399";"155752881";"B01";"2";"7";"0";"2";"3";"1";"2";""
"202400016399";"155752883";"A01";"3";"50";"0";"2";"1";"1";"3";""
"202400016400";"155752882";"A01";"1";"30";"1";"0";"2";"1";"1";""
"202400016401";"155752879";"B01";"2";"2";"0";"2";"8";"18";"1";""
"202400016401";"155752880";"A01";"2";"7";"0";"0";"7";"16";"1";""
"202400016402";"155752878";"A01";"1";"7";"8";"0";"1";"13";"1";""
"202400016403";"155752874";"A01";"2";"7";"0";"6";"1";"1";"1";""
"202400016404";"155752872";"A01";"2";"80";"0";"2";"8";"0";"3";""
"202400016404";"155752876";"B01";"2";"7";"0";"2";"8";"2";"1";""
"202400016405";"155752875";"A01";"1";"7";"0";"2";"4";"9";"1";""
"202400016405";"155752877";"B01";"2";"33";"0";"2";"1";"2";"1";""
"202400016406";"155752869";"A01";"3";"7";"0";"0";"0";"13";"1";""
"202400016407";"155752871";"A01";"0";"7";"0";"2";"1";"19";"1";""
"202400016407";"155752873";"B01";"1";"7";"0";"2";"3";"1";"1";""
"202400016408";"155752868";"A01";"0";"7";"0";"1";"1";"16";"3";""
"202400016409";"155752866";"A01";"1";"7";"0";"0";"0";"1";"1";""
"202400016410";"155752865";"A01";"2";"7";"2";"0";"0";"14";"1";""
"202400016411";"155752863";"A01";"2";"7";"0";"2";"7";"15";"1";""
"202400016411";"155752864";"B01";"2";"33";"0";"2";"1";"1";"1";""
"202400016412";"155752867";"B01";"2";"7";"0";"2";"1";"2";"2";""
"202400016412";"155752870";"A01";"2";"7";"0";"0";"4";"9";"1";""
"202400016413";"155752861";"A01";"1";"37";"0";"2";"2";"15";"1";"1"
"202400016414";"155752859";"B01";"2";"7";"14";"0";"3";"9";"1";""
"202400016414";"155752862";"A01";"1";"7";"0";"2";"3";"1";"1";""
"202400016415";"155752858";"B01";"2";"7";"0";"2";"1";"13";"1";""
"202400016415";"155752860";"A01";"1";"7";"0";"2";"1";"13";"1";""
"202400016416";"155752855";"A01";"2";"7";"13";"0";"2";"1";"1";""
"202400016417";"155752853";"B01";"3";"2";"0";"2";"1";"1";"1";""
"202400016417";"155752856";"A01";"3";"7";"0";"2";"7";"15";"1";""
"202400016418";"155752852";"A01";"1";"7";"4";"2";"4";"17";"1";""
"202400016418";"155752854";"B01";"1";"10";"0";"2";"1";"1";"1";""
"202400016418";"155752857";"C01";"1";"7";"0";"2";"1";"1";"1";""
"202400016419";"155752850";"A01";"2";"32";"0";"1";"1";"21";"3";""
"202400016420";"155752846";"B01";"1";"7";"0";"2";"3";"0";"1";""
"202400016420";"155752848";"A01";"1";"33";"0";"2";"1";"0";"1";""
"202400016421";"155752845";"A01";"1";"7";"0";"2";"1";"2";"1";""
"202400016421";"155752847";"B01";"1";"10";"0";"2";"4";"2";"1";""
"202400016421";"155752851";"C01";"1";"20";"0";"0";"4";"2";"1";""
"202400016422";"155752844";"B01";"3";"7";"0";"2";"1";"1";"1";""
"202400016422";"155752849";"A01";"3";"7";"0";"2";"1";"9";"1";""
"202400016423";"155752842";"B01";"2";"7";"0";"2";"1";"1";"1";""
"202400016423";"155752843";"A01";"1";"7";"0";"0";"7";"10";"1";""
"202400016424";"155752839";"A01";"1";"7";"6";"0";"2";"0";"1";""
"202400016425";"155752838";"B01";"3";"2";"0";"2";"1";"1";"1";""
"202400016425";"155752841";"A01";"3";"7";"0";"2";"2";"1";"1";""
"202400016426";"155752837";"B01";"1";"7";"0";"0";"6";"23";"1";""
"202400016426";"155752840";"A01";"1";"7";"0";"1";"2";"2";"1";""
"202400016427";"155752836";"A01";"1";"7";"15";"0";"1";"0";"2";""
"202400016428";"155752832";"B01";"3";"7";"0";"2";"3";"1";"1";""
"202400016428";"155752835";"A01";"3";"2";"0";"2";"1";"9";"1";""
"202400016429";"155752831";"A01";"2";"7";"0";"0";"0";"19";"1";""
"202400016429";"155752833";"B01";"1";"31";"10";"0";"8";"26";"1";""
"202400016430";"155752827";"A01";"2";"7";"0";"2";"5";"17";"1";""
"202400016430";"155752830";"B01";"2";"7";"0";"2";"3";"1";"1";""
"202400016431";"155752826";"A01";"1";"7";"13";"0";"3";"19";"1";""
"202400016432";"155752825";"C01";"2";"7";"0";"2";"6";"5";"1";""
"202400016432";"155752828";"A01";"2";"7";"0";"2";"1";"17";"1";""
"202400016432";"155752829";"B01";"2";"7";"0";"2";"4";"2";"1";""
"202400016432";"155752834";"D01";"2";"15";"0";"2";"4";"2";"1";""
"202400016433";"155752824";"A01";"2";"7";"2";"0";"9";"2";"1";""
"202400016434";"155752820";"B01";"0";"7";"0";"2";"1";"1";"0";""
"202400016434";"155752822";"A01";"0";"60";"0";"2";"1";"1";"5";""
"202400016435";"155752819";"A01";"2";"2";"0";"2";"1";"1";"1";""
"202400016435";"155752821";"B01";"1";"7";"0";"2";"1";"15";"1";""
"202400016436";"155752817";"A01";"1";"7";"8";"0";"1";"15";"1";""
"202400016437";"155752816";"A01";"3";"7";"0";"2";"1";"1";"1";""
"202400016437";"155752818";"B01";"3";"7";"0";"2";"3";"9";"1";""
"202400016438";"155752814";"A01";"2";"33";"0";"0";"9";"17";"1";""
"202400016439";"155752813";"A01";"0";"7";"0";"6";"0";"15";"0";""
"202400016440";"155752812";"B01";"0";"1";"0";"2";"0";"1";"5";""
"202400016440";"155752815";"A01";"0";"7";"0";"2";"0";"1";"1";""
"202400016441";"155752811";"A01";"1";"7";"0";"1";"2";"2";"1";""
"202400016442";"155752808";"A01";"1";"33";"13";"0";"9";"14";"1";""
"202400016443";"155752807";"A01";"1";"7";"1";"0";"2";"14";"1";""
"202400016444";"155752806";"B01";"2";"2";"0";"2";"1";"5";"1";""
"202400016444";"155752809";"A01";"1";"7";"0";"2";"3";"1";"1";""
"202400016445";"155752805";"B01";"2";"7";"0";"2";"3";"13";"1";""
"202400016445";"155752810";"A01";"1";"7";"0";"0";"3";"2";"1";""
"202400016446";"155752803";"A01";"2";"7";"6";"0";"1";"1";"1";""
"202400016447";"155752799";"B01";"2";"1";"0";"0";"4";"2";"5";""
"202400016447";"155752802";"A01";"2";"7";"0";"2";"2";"2";"1";""
"202400016448";"155752800";"B01";"3";"7";"0";"2";"6";"1";"1";""
"202400016448";"155752804";"A01";"3";"33";"0";"2";"1";"2";"1";""
"202400016449";"155752798";"A01";"3";"7";"0";"2";"2";"19";"1";""
"202400016449";"155752801";"B01";"3";"2";"0";"2";"1";"1";"1";""
"202400016450";"155752794";"A01";"1";"7";"0";"2";"1";"1";"1";""
"202400016450";"155752797";"B01";"2";"7";"0";"2";"1";"1";"1";""
"202400016451";"155752792";"A01";"1";"33";"13";"0";"7";"17";"1";""
"202400016451";"155752796";"B01";"1";"17";"0";"0";"0";"13";"1";""
"202400016452";"155752791";"A01";"1";"7";"0";"2";"1";"1";"1";""
"202400016452";"155752795";"B01";"1";"2";"0";"2";"5";"1";"1";""
"202400016453";"155752789";"A01";"1";"7";"0";"2";"3";"1";"1";""
"202400016453";"155752790";"B01";"2";"7";"0";"0";"3";"15";"1";""
"202400016453";"155752793";"C01";"2";"7";"0";"2";"1";"1";"1";""
"202400016454";"155752786";"B01";"1";"7";"0";"2";"3";"1";"1";""
"202400016454";"155752788";"A01";"1";"7";"0";"2";"3";"15";"2";""
"202400016455";"155752785";"B01";"3";"7";"0";"2";"2";"26";"2";""
"202400016455";"155752787";"A01";"3";"2";"0";"2";"1";"1";"1";""
"202400016456";"155752784";"A01";"1";"7";"0";"1";"1";"15";"1";""
"202400016457";"155752780";"A01";"3";"7";"0";"2";"3";"13";"1";""
"202400016457";"155752782";"B01";"3";"31";"0";"2";"1";"1";"1";""
"202400016458";"155752781";"A01";"2";"7";"0";"2";"5";"15";"1";""
"202400016458";"155752783";"B01";"1";"33";"0";"2";"1";"1";"1";""
"202400016459";"155752779";"A01";"1";"7";"8";"0";"1";"13";"1";""
"202400016460";"155752775";"A01";"1";"7";"0";"2";"2";"15";"1";""
"202400016460";"155752778";"B01";"2";"30";"0";"2";"1";"26";"1";""
"202400016461";"155752774";"A01";"1";"7";"0";"2";"2";"1";"1";""
"202400016461";"155752776";"B01";"1";"2";"1";"2";"8";"16";"3";""
"202400016462";"155752773";"A01";"1";"7";"0";"0";"0";"17";"1";""
"202400016462";"155752777";"B01";"1";"1";"0";"0";"0";"1";"5";""
"202400016463";"155752770";"A01";"2";"50";"0";"2";"0";"0";"3";""
"202400016463";"155752772";"B01";"2";"10";"0";"2";"8";"9";"1";""
"202400016464";"155752769";"A01";"3";"7";"0";"1";"2";"19";"1";""
"202400016465";"155752768";"A01";"1";"7";"0";"2";"1";"9";"1";""
"202400016465";"155752771";"B01";"2";"7";"9";"2";"7";"1";"2";""
"202400016466";"155752767";"A01";"3";"33";"0";"0";"7";"1";"1";""
"202400016467";"155752766";"A01";"3";"7";"0";"1";"2";"17";"1";""
"202400016468";"155752762";"B01";"2";"7";"0";"2";"0";"1";"1";""
"202400016468";"155752764";"A01";"1";"7";"0";"2";"1";"1";"1";""
"202400016469";"155752760";"B01";"0";"33";"0";"2";"1";"5";"1";""
"202400016469";"155752763";"A01";"3";"7";"0";"2";"3";"10";"1";""
"202400016470";"155752759";"A01";"1";"7";"0";"2";"3";"11";"1";""
"202400016470";"155752761";"B01";"1";"31";"0";"2";"2";"17";"1";""
"202400016471";"155752756";"A01";"2";"50";"0";"2";"1";"26";"3";""
"202400016471";"155752758";"B01";"1";"7";"0";"2";"0";"0";"1";""
"202400016472";"155752755";"B01";"1";"7";"0";"2";"1";"1";"1";""
"202400016472";"155752757";"A01";"1";"1";"0";"2";"8";"19";"5";""
"202400016473";"155752751";"A01";"1";"7";"0";"1";"2";"0";"1";""
"202400016474";"155752752";"A01";"1";"7";"14";"2";"1";"1";"1";""
"202400016474";"155752754";"B01";"2";"7";"0";"2";"7";"1";"1";""
"202400016475";"155752750";"A01";"2";"7";"0";"2";"1";"2";"2";""
"202400016475";"155752753";"B01";"2";"15";"0";"2";"4";"1";"1";""
"202400016476";"155752748";"A01";"3";"7";"0";"1";"1";"16";"1";""
"202400016477";"155752747";"B01";"2";"15";"0";"2";"2";"1";"1";""
"202400016477";"155752749";"A01";"1";"10";"0";"2";"3";"13";"1";""
"202400016478";"155752746";"A01";"1";"7";"6";"0";"1";"1";"1";""
"202400016479";"155752745";"A01";"2";"30";"0";"0";"0";"21";"1";""
"202400016480";"155752744";"A01";"2";"33";"0";"0";"0";"1";"1";""
"202400016481";"155752743";"A01";"2";"7";"0";"1";"7";"0";"1";""
"202400016482";"155752741";"A01";"1";"43";"13";"0";"0";"2";"1";""
"202400016483";"155752740";"Z01";"1";"7";"0";"2";"1";"1";"0";""
"202400016483";"155752742";"B01";"1";"7";"0";"2";"4";"1";"1";""
"202400016484";"155752738";"A01";"1";"32";"0";"2";"0";"0";"1";""
"202400016484";"155752739";"B01";"1";"7";"0";"9";"0";"2";"1";""
"202400016485";"155752736";"A01";"2";"7";"2";"0";"1";"1";"1";""
"202400016486";"155752735";"B01";"1";"7";"0";"2";"4";"2";"1";""
"202400016486";"155752737";"A01";"1";"7";"0";"2";"1";"2";"1";""
"202400016487";"155752732";"A01";"1";"33";"0";"0";"0";"26";"1";""
"202400016488";"155752731";"A01";"1";"0";"0";"2";"1";"17";"0";""
"202400016488";"155752733";"B01";"1";"7";"0";"2";"3";"15";"1";""
"202400016489";"155752734";"A01";"2";"33";"2";"0";"1";"0";"1";""
"202400016490";"155752729";"A01";"3";"33";"8";"0";"3";"0";"1";""
"202400016491";"155752727";"B01";"2";"7";"0";"2";"1";"1";"1";""
"202400016491";"155752730";"A01";"2";"7";"0";"2";"1";"5";"1";""
"202400016492";"155752726";"A01";"1";"7";"1";"0";"2";"1";"1";""
"202400016492";"155752728";"B01";"1";"7";"0";"0";"6";"23";"1";""
"202400016493";"155752724";"A01";"0";"33";"15";"0";"0";"15";"1";""
"202400016494";"155752723";"A01";"1";"7";"0";"2";"3";"1";"1";""
"202400016494";"155752725";"B01";"3";"1";"0";"0";"7";"19";"5";""
"202400016495";"155752719";"A01";"2";"31";"0";"2";"2";"17";"1";""
"202400016495";"155752721";"B01";"2";"7";"0";"2";"3";"15";"1";""
"202400016496";"155752718";"B01";"1";"2";"0";"2";"2";"1";"1";""
"202400016496";"155752722";"A01";"3";"7";"0";"2";"3";"19";"1";""
"202400016497";"155752717";"B01";"0";"33";"0";"2";"1";"1";"1";""
"202400016497";"155752720";"A01";"0";"7";"0";"2";"2";"15";"1";""
"202400016498";"155752714";"A01";"3";"10";"0";"2";"5";"17";"1";""
"202400016498";"155752715";"B01";"3";"33";"0";"2";"8";"1";"1";""
"202400016499";"155752712";"A01";"2";"7";"0";"2";"2";"19";"1";""
"202400016499";"155752716";"B01";"2";"7";"0";"2";"3";"1";"1";""
"202400016500";"155752711";"A01";"1";"7";"0";"2";"1";"13";"1";""
"202400016500";"155752713";"B01";"2";"7";"0";"2";"3";"1";"1";""
"202400016501";"155752709";"A01";"3";"7";"13";"0";"1";"1";"1";""
"202400016502";"155752708";"B01";"1";"7";"0";"9";"3";"15";"1";""
"202400016502";"155752710";"A01";"1";"33";"1";"2";"3";"17";"1";""
"202400016503";"155752706";"A01";"1";"7";"0";"1";"3";"16";"1";""
"202400016504";"155752705";"A01";"1";"7";"0";"2";"8";"13";"1";""
"202400016504";"155752707";"B01";"2";"7";"0";"2";"8";"1";"1";""
"202400016505";"155752701";"A01";"2";"7";"0";"2";"1";"1";"1";""
"202400016505";"155752703";"B01";"1";"7";"0";"2";"1";"5";"1";""
"202400016506";"155752697";"A01";"2";"7";"0";"2";"2";"2";"1";""
"202400016506";"155752699";"B01";"2";"7";"0";"0";"8";"11";"1";""
"202400016507";"155752694";"B01";"2";"33";"0";"2";"7";"1";"1";""
"202400016507";"155752695";"A01";"2";"7";"0";"2";"3";"11";"1";""
"202400016508";"155752690";"A01";"2";"7";"0";"0";"5";"2";"1";""
"202400016508";"155752692";"B01";"2";"10";"0";"2";"3";"2";"1";""
"202400016508";"155752693";"C01";"2";"7";"0";"2";"4";"1";"1";""
"202400016508";"155752696";"D01";"2";"7";"0";"0";"4";"1";"1";""
"202400016509";"155752689";"A01";"2";"7";"9";"2";"2";"1";"1";""
"202400016509";"155752691";"B01";"2";"7";"0";"2";"1";"1";"1";""
"202400016510";"155752687";"A01";"1";"33";"0";"0";"8";"1";"1";""
"202400016511";"155752686";"A01";"3";"7";"0";"2";"3";"9";"1";""
"202400016511";"155752688";"B01";"3";"80";"0";"2";"4";"1";"3";""
"202400016512";"155752682";"A01";"1";"31";"0";"2";"1";"1";"1";""
"202400016512";"155752684";"B01";"1";"7";"1";"2";"3";"15";"1";""
"202400016513";"155752683";"A01";"1";"7";"0";"2";"1";"1";"1";""
"202400016513";"155752685";"B01";"2";"7";"0";"2";"7";"13";"1";""
"202400016514";"155752680";"A01";"1";"7";"0";"1";"1";"15";"1";""
"202400016515";"155752681";"A01";"2";"33";"0";"0";"7";"21";"1";""
"202400016516";"155752677";"A01";"2";"7";"0";"2";"1";"2";"1";""
"202400016516";"155752679";"B01";"2";"7";"0";"2";"4";"2";"2";""
"202400016517";"155752676";"A01";"3";"7";"0";"2";"3";"0";"1";""
"202400016517";"155752678";"B01";"3";"7";"0";"2";"0";"0";"1";""
"202400016518";"155752675";"A01";"2";"7";"0";"1";"2";"1";"1";""
"202400016519";"155752673";"A01";"2";"7";"8";"0";"1";"1";"1";""
"202400016520";"155752672";"A01";"1";"10";"0";"2";"3";"15";"1";""
"202400016520";"155752674";"B01";"2";"33";"0";"2";"1";"1";"1";""
"202400016521";"155752669";"B01";"2";"7";"0";"2";"3";"1";"1";""
"202400016521";"155752670";"A01";"2";"33";"0";"2";"7";"14";"1";""
"202400016522";"155752668";"B01";"1";"33";"0";"2";"1";"1";"1";""
"202400016522";"155752671";"A01";"1";"7";"0";"2";"3";"15";"1";""
"202400016523";"155752666";"B01";"1";"7";"0";"2";"0";"10";"1";""
"202400016523";"155752667";"A01";"2";"33";"0";"2";"3";"5";"1";""
"202400016524";"155752663";"A01";"1";"7";"0";"2";"1";"13";"1";""
"202400016524";"155752665";"B01";"1";"7";"0";"2";"1";"1";"1";""
"202400016525";"155752662";"A01";"1";"7";"0";"2";"6";"19";"1";""
"202400016525";"155752664";"B01";"2";"33";"0";"2";"1";"0";"1";""
"202400016526";"155752661";"A01";"2";"7";"15";"0";"1";"13";"1";""
"202400016527";"155752658";"A01";"1";"7";"0";"2";"1";"2";"1";""
"202400016527";"155752659";"B01";"1";"10";"0";"2";"4";"2";"1";""
"202400016528";"155752657";"B01";"1";"7";"0";"2";"2";"1";"1";""
"202400016528";"155752660";"A01";"1";"7";"0";"0";"3";"15";"1";""
"202400016529";"155752656";"A01";"3";"10";"0";"1";"1";"1";"0";""
"202400016530";"155752654";"A01";"1";"7";"0";"2";"1";"2";"1";""
"202400016530";"155752655";"B01";"1";"1";"0";"0";"4";"1";"5";""
"202400016531";"155752652";"B01";"2";"10";"0";"0";"0";"0";"1";""
"202400016531";"155752653";"A01";"1";"7";"0";"2";"1";"2";"1";""
"202400016532";"155752651";"A01";"1";"7";"8";"0";"1";"13";"1";""
"202400016533";"155752649";"A01";"1";"7";"0";"0";"9";"1";"1";""
"202400016534";"155752645";"A01";"2";"7";"0";"2";"3";"13";"1";""
"202400016534";"155752646";"B01";"1";"15";"0";"2";"8";"21";"1";""
"202400016535";"155752644";"B01";"1";"37";"0";"2";"1";"1";"1";"3"
"202400016535";"155752647";"A01";"0";"7";"0";"2";"8";"15";"1";""
"202400016536";"155752642";"A01";"3";"30";"15";"0";"2";"0";"1";""
"202400016537";"155752641";"A01";"2";"2";"0";"2";"1";"1";"1";""
"202400016537";"155752643";"B01";"1";"7";"0";"2";"3";"17";"1";""
"202400016538";"155752638";"A01";"1";"7";"0";"2";"3";"1";"1";""
"202400016538";"155752640";"B01";"3";"50";"0";"2";"8";"1";"3";""
"202400016539";"155752637";"A01";"1";"7";"0";"0";"4";"2";"1";""
"202400016539";"155752639";"B01";"1";"10";"0";"2";"1";"2";"1";""
"202400016540";"155752635";"B01";"3";"50";"0";"2";"1";"1";"3";""
"202400016540";"155752636";"A01";"3";"7";"0";"2";"1";"9";"1";""
"202400016541";"155752634";"B01";"1";"7";"1";"1";"7";"1";"1";""
"202400016542";"155752632";"B01";"2";"7";"0";"2";"1";"1";"1";""
"202400016542";"155752633";"A01";"1";"7";"0";"2";"1";"15";"1";""
"202400016543";"155752631";"A01";"0";"33";"7";"0";"0";"1";"1";""
"202400016544";"155752628";"A01";"2";"7";"0";"2";"2";"14";"1";""
"202400016544";"155752629";"B01";"2";"15";"0";"2";"8";"13";"1";""
"202400016545";"155752627";"B01";"1";"7";"13";"2";"7";"1";"1";""
"202400016545";"155752630";"A01";"1";"10";"13";"2";"1";"1";"1";""
"202400016546";"155752624";"Z01";"1";"7";"0";"2";"1";"1";"1";""
"202400016546";"155752626";"A01";"1";"7";"0";"2";"4";"1";"1";""
"202400016547";"155752623";"A01";"2";"7";"0";"2";"1";"1";"1";""
"202400016547";"155752625";"B01";"2";"50";"0";"2";"4";"0";"3";""
"202400016548";"155752622";"A01";"2";"33";"0";"0";"0";"26";"1";""
"202400016549";"155752621";"A01";"1";"7";"0";"0";"0";"15";"1";""
"202400016550";"155752618";"C01";"2";"7";"0";"2";"4";"1";"1";""
"202400016550";"155752619";"A01";"2";"7";"0";"2";"2";"1";"1";""
"202400016550";"155752620";"B01";"2";"7";"0";"2";"9";"1";"1";""
"202400016551";"155752616";"Z01";"2";"10";"0";"1";"0";"0";"0";""
"202400016552";"155752614";"A01";"2";"3";"0";"2";"1";"9";"1";""
"202400016552";"155752615";"B01";"2";"32";"0";"2";"5";"12";"1";""
"202400016553";"155752612";"A01";"1";"30";"0";"2";"1";"1";"1";""
"202400016553";"155752613";"B01";"2";"7";"0";"2";"2";"15";"1";""
"202400016554";"155752610";"A01";"3";"7";"0";"2";"6";"20";"1";""
"202400016554";"155752611";"B01";"3";"7";"1";"0";"2";"20";"1";""
"202400016555";"155752608";"B01";"1";"80";"0";"2";"5";"0";"3";""
"202400016555";"155752609";"A01";"1";"7";"0";"2";"3";"13";"1";""
"202400016556";"155752606";"B01";"0";"1";"0";"2";"8";"19";"5";""
"202400016556";"155752607";"A01";"0";"32";"0";"2";"1";"1";"1";""
"202400016557";"155752603";"A01";"1";"7";"0";"2";"3";"17";"1";""
"202400016558";"155752604";"B01";"2";"50";"0";"2";"6";"1";"3";""
"202400016558";"155752605";"A01";"1";"7";"0";"2";"3";"15";"1";""
"202400016559";"155752602";"A01";"3";"7";"0";"1";"2";"2";"1";""
"202400016560";"155752601";"Z01";"2";"7";"0";"1";"7";"26";"0";""
"202400016561";"155752599";"A01";"2";"7";"1";"0";"1";"26";"1";""