"Num_Acc";"id_vehicule";"num_veh";"senc";"catv";"obs";"obsm";"choc";"manv";"motor";"occutc"
"202400016562";"155752597";"A01";"1";"7";"0";"2";"1";"2";"1";""
"202400016562";"155752598";"B01";"1";"7";"0";"2";"4";"0";"1";""
"202400016563";"155752594";"A01";"1";"7";"0";"2";"2";"19";"2";""
"202400016563";"155752596";"B01";"1";"7";"0";"2";"1";"1";"1";""
"202400016564";"155752591";"C01";"1";"7";"0";"2";"6";"1";"1";""
"202400016564";"155752592";"D01";"1";"7";"0";"2";"4";"1";"1";""
"202400016564";"155752593";"A01";"1";"43";"0";"2";"3";"3";"1";""
"202400016564";"155752595";"B01";"1";"38";"0";"2";"2";"1";"1";"1"
"202400016565";"155752589";"A01";"2";"33";"0";"2";"1";"3";"1";""
"202400016565";"155752590";"B01";"2";"7";"0";"2";"3";"11";"1";""
"202400016566";"155752587";"A01";"1";"10";"0";"2";"1";"1";"3";""
"202400016566";"155752588";"B01";"1";"7";"0";"2";"4";"2";"1";""
"202400016567";"155752585";"A01";"1";"7";"0";"2";"8";"13";"2";""
"202400016567";"155752586";"B01";"1";"50";"0";"2";"1";"1";"3";""
"202400016568";"155752582";"B01";"2";"7";"0";"2";"4";"1";"1";""
"202400016568";"155752583";"A01";"2";"33";"0";"2";"1";"1";"1";""
"202400016568";"155752584";"C01";"2";"10";"0";"2";"0";"26";"1";""
"202400016569";"155752580";"Z01";"3";"7";"0";"2";"2";"26";"1";""
"202400016569";"155752581";"A01";"1";"1";"0";"2";"7";"1";"5";""
"202400016570";"155752577";"A01";"2";"7";"0";"2";"1";"1";"2";""
"202400016570";"155752578";"C01";"2";"7";"0";"2";"1";"23";"2";""
"202400016570";"155752579";"B01";"1";"7";"8";"2";"7";"1";"1";""
"202400016571";"155752575";"A01";"2";"33";"0";"2";"8";"18";"1";""
"202400016571";"155752576";"B01";"2";"7";"0";"2";"7";"12";"2";""
"202400016572";"155752573";"B01";"3";"7";"0";"2";"1";"7";"1";""
"202400016572";"155752574";"A01";"3";"13";"0";"2";"4";"0";"1";""
"202400016573";"155752572";"A01";"2";"2";"1";"0";"1";"14";"3";""
"202400016574";"155752571";"A01";"2";"7";"0";"1";"1";"15";"1";""
"202400016575";"155752569";"B01";"1";"1";"0";"2";"1";"1";"5";""
"202400016575";"155752570";"A01";"1";"7";"0";"2";"5";"15";"1";""
"202400016576";"155752567";"A01";"1";"7";"0";"2";"1";"15";"0";""
"202400016576";"155752568";"Y01";"2";"50";"0";"2";"1";"1";"3";""
"202400016577";"155752566";"Y01";"1";"1";"1";"0";"1";"1";"5";""
"202400016578";"155752564";"A01";"1";"10";"0";"2";"1";"1";"1";""
"202400016578";"155752565";"B01";"1";"7";"0";"2";"4";"23";"1";""
"202400016579";"155752562";"A01";"2";"33";"0";"2";"8";"1";"1";""
"202400016579";"155752563";"B01";"2";"33";"0";"2";"2";"1";"1";""
"202400016580";"155752560";"B01";"3";"7";"1";"2";"3";"15";"0";""
"202400016580";"155752561";"A01";"3";"50";"0";"2";"1";"1";"3";""
"202400016581";"155752558";"A01";"1";"7";"0";"2";"8";"19";"1";""
"202400016581";"155752559";"B01";"3";"7";"0";"2";"1";"1";"1";""
"202400016582";"155752556";"A01";"1";"33";"12";"0";"1";"16";"1";""
"202400016582";"155752557";"B01";"1";"7";"0";"2";"1";"15";"1";""
"202400016583";"155752553";"A01";"1";"7";"0";"2";"4";"1";"2";""
"202400016583";"155752554";"B01";"1";"7";"0";"2";"4";"23";"1";""
"202400016583";"155752555";"X01";"1";"7";"0";"2";"4";"0";"0";""
"202400016584";"155752551";"A01";"0";"50";"0";"2";"1";"15";"3";""
"202400016584";"155752552";"B01";"1";"30";"0";"2";"0";"19";"1";""
"202400016585";"155752550";"A01";"1";"33";"14";"0";"1";"1";"1";""
"202400016586";"155752548";"A01";"3";"7";"0";"2";"1";"14";"1";""
"202400016586";"155752549";"B01";"3";"33";"0";"9";"5";"23";"1";""
"202400016587";"155752547";"A01";"1";"32";"0";"0";"7";"14";"1";""
"202400016588";"155752545";"B01";"3";"1";"0";"2";"1";"15";"5";""
"202400016588";"155752546";"A01";"3";"1";"0";"2";"1";"1";"5";""
"202400016589";"155752543";"B01";"1";"7";"0";"0";"0";"2";"1";""
"202400016589";"155752544";"A01";"1";"30";"0";"0";"0";"2";"1";""
"202400016590";"155752542";"A01";"1";"7";"0";"1";"8";"1";"2";""
"202400016591";"155752541";"A01";"3";"43";"12";"0";"3";"13";"1";""
"202400016592";"155752540";"A01";"3";"7";"2";"0";"0";"13";"1";""
"202400016593";"155752538";"A01";"2";"21";"0";"2";"7";"15";"1";""
"202400016593";"155752539";"B01";"1";"1";"0";"2";"1";"26";"5";""
"202400016594";"155752536";"A01";"1";"33";"0";"2";"1";"1";"1";""
"202400016594";"155752537";"B01";"2";"7";"0";"2";"1";"15";"1";""
"202400016595";"155752534";"A01";"3";"7";"0";"2";"1";"1";"1";""
"202400016595";"155752535";"B01";"3";"2";"0";"2";"1";"1";"1";""
"202400016596";"155752533";"A01";"1";"33";"14";"0";"1";"1";"1";""
"202400016597";"155752531";"B01";"2";"1";"0";"2";"1";"1";"5";""
"202400016597";"155752532";"A01";"1";"7";"0";"9";"3";"0";"1";""
"202400016598";"155752530";"A01";"2";"33";"12";"0";"2";"1";"1";""
"202400016599";"155752529";"A01";"1";"32";"12";"0";"0";"17";"1";""
"202400016600";"155752527";"B01";"1";"7";"0";"0";"4";"15";"1";""
"202400016600";"155752528";"A01";"1";"10";"0";"2";"1";"1";"1";""
"202400016601";"155752525";"B01";"1";"15";"0";"2";"6";"1";"1";""
"202400016601";"155752526";"A01";"1";"7";"4";"2";"2";"12";"1";""
"202400016602";"155752523";"B01";"1";"2";"0";"2";"1";"1";"1";""
"202400016602";"155752524";"A01";"2";"7";"0";"2";"2";"15";"1";""
"202400016603";"155752519";"A01";"1";"10";"0";"2";"1";"2";"1";""
"202400016603";"155752520";"D01";"1";"7";"0";"0";"3";"1";"1";""
"202400016603";"155752521";"C01";"1";"7";"0";"2";"3";"2";"1";""
"202400016603";"155752522";"B01";"1";"7";"0";"2";"4";"1";"2";""
"202400016604";"155752517";"B01";"2";"7";"0";"0";"2";"5";"1";""
"202400016604";"155752518";"A01";"1";"7";"0";"0";"2";"13";"1";""
"202400016605";"155752515";"A01";"1";"43";"0";"2";"1";"5";"1";""
"202400016605";"155752516";"B01";"2";"7";"0";"2";"2";"1";"1";""
"202400016606";"155752513";"B01";"1";"7";"3";"2";"1";"1";"1";""
"202400016606";"155752514";"A01";"2";"7";"3";"2";"1";"13";"1";""
"202400016607";"155752511";"B01";"2";"7";"0";"2";"1";"1";"3";""
"202400016607";"155752512";"A01";"1";"7";"3";"2";"1";"11";"1";""
"202400016608";"155752509";"A01";"1";"33";"0";"2";"3";"13";"1";""
"202400016608";"155752510";"B01";"2";"7";"0";"2";"3";"1";"1";""
"202400016609";"155752507";"A01";"1";"7";"0";"2";"3";"5";"1";""
"202400016609";"155752508";"B01";"2";"33";"0";"2";"1";"2";"1";""
"202400016610";"155752506";"A01";"1";"7";"2";"0";"1";"1";"3";""
"202400016611";"155752505";"A01";"3";"7";"2";"0";"1";"14";"1";""
"202400016612";"155752503";"B01";"2";"7";"0";"2";"7";"15";"1";""
"202400016612";"155752504";"A01";"1";"1";"0";"2";"2";"1";"5";""
"202400016613";"155752502";"A01";"2";"7";"13";"0";"1";"13";"1";""
"202400016614";"155752501";"A01";"2";"7";"2";"0";"8";"1";"1";""
"202400016615";"155752499";"A01";"2";"7";"13";"0";"1";"13";"1";""
"202400016616";"155752497";"B01";"2";"1";"0";"2";"3";"2";"5";""
"202400016616";"155752498";"A01";"2";"0";"0";"9";"2";"2";"0";""
"202400016617";"155752496";"A01";"1";"33";"7";"0";"3";"1";"1";""
"202400016618";"155752495";"A01";"3";"33";"15";"0";"1";"14";"1";""
"202400016619";"155752494";"A01";"1";"33";"13";"0";"1";"16";"1";""
"202400016620";"155752493";"A01";"1";"10";"2";"0";"1";"13";"1";""
"202400016621";"155752491";"A01";"2";"7";"0";"2";"3";"5";"3";""
"202400016621";"155752492";"B01";"1";"7";"0";"2";"8";"1";"1";""
"202400016622";"155752490";"A01";"1";"33";"13";"0";"1";"1";"1";""
"202400016623";"155752488";"C01";"0";"7";"0";"2";"3";"1";"2";""
"202400016623";"155752489";"A01";"1";"33";"0";"2";"2";"2";"1";""
"202400016624";"155752487";"A01";"3";"7";"13";"0";"1";"1";"1";""
"202400016625";"155752485";"A01";"2";"7";"0";"2";"6";"11";"1";""
"202400016625";"155752486";"B01";"2";"15";"0";"2";"2";"1";"1";""
"202400016626";"155752484";"A01";"1";"1";"0";"0";"1";"1";"5";""
"202400016627";"155752483";"A01";"2";"7";"0";"1";"1";"1";"1";""
"202400016628";"155752481";"A01";"1";"33";"0";"2";"1";"2";"1";""
"202400016628";"155752482";"B01";"1";"2";"0";"2";"3";"1";"1";""
"202400016629";"155752479";"A01";"3";"33";"0";"2";"1";"2";"1";""
"202400016629";"155752480";"B01";"3";"7";"0";"2";"6";"15";"1";""
"202400016630";"155752478";"A01";"2";"7";"8";"0";"2";"14";"1";""
"202400016631";"155752476";"A01";"3";"7";"0";"2";"5";"16";"1";""
"202400016631";"155752477";"B01";"3";"31";"0";"2";"1";"1";"1";""
"202400016632";"155752473";"B01";"2";"7";"0";"2";"8";"15";"1";""
"202400016632";"155752475";"A01";"2";"7";"0";"2";"1";"17";"1";""
"202400016633";"155752472";"A01";"3";"7";"5";"2";"4";"26";"1";""
"202400016633";"155752474";"B01";"3";"7";"0";"2";"3";"2";"1";""
"202400016634";"155752469";"A01";"3";"7";"0";"1";"1";"1";"3";""
"202400016635";"155752470";"B01";"3";"50";"0";"0";"4";"16";"3";""
"202400016635";"155752471";"A01";"3";"7";"0";"9";"0";"16";"0";""
"202400016636";"155752467";"A01";"2";"7";"8";"9";"1";"13";"1";""
"202400016637";"155752466";"A01";"1";"7";"0";"2";"1";"15";"1";""
"202400016637";"155752468";"B01";"2";"33";"0";"2";"8";"0";"1";""
"202400016638";"155752463";"A01";"2";"7";"0";"2";"3";"1";"1";""
"202400016638";"155752465";"B01";"2";"33";"0";"2";"5";"17";"1";""
"202400016639";"155752462";"B01";"3";"10";"0";"2";"1";"16";"1";""
"202400016639";"155752464";"A01";"3";"7";"0";"2";"7";"1";"1";""
"202400016640";"155752460";"A01";"3";"7";"0";"2";"6";"1";"1";""
"202400016640";"155752461";"B01";"3";"7";"0";"2";"1";"1";"1";""
"202400016641";"155752459";"A01";"2";"7";"0";"1";"6";"4";"1";""
"202400016642";"155752457";"B01";"1";"7";"0";"9";"2";"1";"1";""
"202400016642";"155752458";"A01";"1";"1";"0";"2";"4";"1";"5";""
"202400016643";"155752455";"A01";"1";"7";"0";"2";"2";"26";"1";""
"202400016643";"155752456";"B01";"1";"1";"0";"0";"0";"0";"5";""
"202400016644";"155752454";"A01";"1";"33";"13";"0";"1";"1";"1";""
"202400016645";"155752452";"A01";"2";"7";"4";"0";"0";"0";"1";""
"202400016646";"155752451";"A01";"1";"15";"0";"0";"1";"1";"0";""
"202400016646";"155752453";"B01";"2";"7";"0";"0";"3";"9";"1";""
"202400016647";"155752450";"A01";"3";"7";"0";"1";"1";"1";"2";""
"202400016648";"155752447";"B01";"3";"1";"0";"2";"3";"15";"5";""
"202400016648";"155752449";"A01";"3";"7";"0";"2";"3";"1";"2";""
"202400016649";"155752446";"A01";"3";"7";"0";"2";"1";"19";"1";""
"202400016649";"155752448";"B01";"3";"7";"0";"2";"8";"19";"1";""
"202400016650";"155752445";"A01";"2";"7";"16";"0";"9";"13";"1";""
"202400016651";"155752443";"B01";"3";"7";"0";"2";"3";"1";"1";""
"202400016651";"155752444";"A01";"1";"7";"0";"2";"1";"15";"1";""
"202400016652";"155752442";"A01";"2";"10";"0";"0";"9";"1";"1";""
"202400016653";"155752441";"A01";"0";"33";"2";"0";"1";"1";"1";""
"202400016654";"155752440";"A01";"1";"7";"0";"1";"1";"15";"1";""
"202400016655";"155752437";"B01";"1";"7";"0";"2";"4";"1";"1";""
"202400016655";"155752438";"C01";"1";"7";"0";"2";"4";"1";"1";""
"202400016655";"155752439";"A01";"1";"10";"0";"2";"1";"1";"1";""
"202400016656";"155752436";"A01";"1";"7";"11";"0";"1";"9";"1";""
"202400016657";"155752435";"A01";"1";"7";"0";"1";"3";"19";"1";""
"202400016658";"155752433";"A01";"3";"7";"0";"2";"6";"15";"1";""
"202400016658";"155752434";"B01";"3";"7";"0";"2";"1";"2";"1";""
"202400016659";"155752431";"A01";"2";"30";"0";"2";"1";"2";"1";""
"202400016659";"155752432";"B01";"2";"7";"0";"2";"4";"2";"1";""
"202400016660";"155752430";"A01";"1";"7";"15";"0";"2";"25";"1";""
"202400016661";"155752428";"A01";"3";"10";"0";"2";"3";"25";"1";""
"202400016661";"155752429";"B01";"1";"2";"0";"2";"3";"2";"1";""
"202400016662";"155752426";"A01";"1";"7";"13";"2";"1";"1";"1";""
"202400016662";"155752427";"B01";"1";"7";"0";"2";"6";"1";"1";""
"202400016663";"155752424";"B01";"2";"7";"0";"2";"3";"1";"1";""
"202400016663";"155752425";"A01";"1";"7";"0";"2";"3";"17";"1";""
"202400016664";"155752422";"A01";"0";"7";"0";"2";"6";"20";"1";""
"202400016664";"155752423";"B01";"0";"33";"0";"2";"1";"1";"1";""
"202400016665";"155752420";"A01";"0";"32";"0";"2";"1";"17";"1";""
"202400016665";"155752421";"B01";"0";"7";"0";"2";"8";"15";"1";""
"202400016666";"155752419";"A01";"1";"80";"0";"0";"1";"1";"3";""
"202400016667";"155752418";"A01";"3";"7";"8";"0";"1";"1";"1";""
"202400016668";"155752417";"A01";"1";"37";"0";"1";"2";"2";"3";"1"
"202400016669";"155752416";"A01";"2";"2";"16";"0";"7";"26";"3";""
"202400016670";"155752414";"A01";"1";"7";"14";"2";"7";"1";"1";""
"202400016670";"155752415";"B01";"2";"1";"14";"2";"1";"1";"5";""
"202400016671";"155752412";"A01";"2";"7";"0";"2";"1";"1";"1";""
"202400016671";"155752413";"B01";"2";"80";"0";"2";"8";"1";"3";""
"202400016672";"155752410";"A01";"2";"32";"0";"2";"8";"1";"1";""
"202400016672";"155752411";"B01";"2";"10";"0";"2";"2";"16";"1";""
"202400016673";"155752409";"A01";"3";"7";"0";"1";"1";"1";"2";""
"202400016674";"155752408";"A01";"2";"2";"0";"0";"0";"1";"3";""
"202400016675";"155752406";"A01";"2";"10";"0";"0";"3";"24";"1";""
"202400016675";"155752407";"B01";"1";"1";"0";"0";"3";"2";"5";""
"202400016676";"155752405";"A01";"2";"80";"0";"0";"1";"21";"3";""
"202400016677";"155752404";"A01";"2";"1";"0";"1";"8";"19";"5";""
"202400016678";"155752403";"A01";"2";"31";"0";"0";"0";"1";"1";""
"202400016679";"155752402";"A01";"1";"1";"0";"1";"1";"1";"5";""
"202400016680";"155752400";"A01";"3";"2";"0";"2";"5";"21";"3";""
"202400016680";"155752401";"B01";"3";"14";"1";"0";"4";"2";"1";""
"202400016681";"155752398";"B01";"2";"7";"0";"9";"1";"1";"2";""
"202400016681";"155752399";"A01";"1";"1";"0";"2";"7";"1";"5";""
"202400016682";"155752396";"B01";"1";"80";"0";"2";"1";"2";"3";""
"202400016682";"155752397";"A01";"2";"10";"0";"2";"2";"20";"1";""
"202400016683";"155752394";"B01";"3";"33";"0";"2";"1";"1";"1";""
"202400016683";"155752395";"A01";"3";"7";"0";"2";"1";"15";"1";""
"202400016684";"155752392";"B01";"3";"7";"0";"2";"8";"2";"1";""
"202400016684";"155752393";"A01";"3";"31";"0";"2";"7";"17";"1";""
"202400016685";"155752390";"B01";"3";"1";"0";"2";"7";"25";"5";""
"202400016685";"155752391";"A01";"1";"30";"0";"2";"1";"25";"1";""
"202400016686";"155752388";"A01";"1";"7";"2";"0";"2";"26";"1";""
"202400016686";"155752389";"B01";"2";"7";"0";"2";"1";"0";"1";""
"202400016687";"155752386";"B01";"2";"7";"1";"2";"4";"23";"1";""
"202400016687";"155752387";"A01";"2";"7";"1";"2";"1";"1";"1";""
"202400016688";"155752385";"A01";"2";"3";"0";"1";"1";"1";"3";""
"202400016689";"155752383";"A01";"1";"7";"0";"2";"1";"15";"2";""
"202400016689";"155752384";"B01";"1";"1";"0";"2";"7";"1";"5";""
"202400016690";"155752382";"A01";"1";"50";"0";"1";"1";"1";"3";""
"202400016691";"155752380";"B01";"3";"33";"0";"2";"1";"0";"1";""
"202400016691";"155752381";"A01";"3";"2";"0";"2";"3";"10";"1";""
"202400016692";"155752379";"A01";"1";"32";"0";"0";"0";"2";"1";""
"202400016693";"155752377";"C01";"0";"7";"1";"2";"3";"24";"3";""
"202400016693";"155752378";"A01";"1";"31";"1";"0";"1";"1";"1";""
"202400016694";"155752375";"A01";"1";"10";"14";"0";"5";"2";"0";""
"202400016694";"155752376";"B01";"1";"2";"0";"2";"1";"2";"0";""
"202400016695";"155752373";"A01";"1";"32";"0";"2";"2";"9";"1";""
"202400016695";"155752374";"B01";"1";"7";"0";"2";"3";"1";"1";""
"202400016696";"155752371";"B01";"1";"7";"0";"2";"0";"0";"1";""
"202400016696";"155752372";"A01";"2";"30";"0";"0";"2";"26";"1";""
"202400016697";"155752369";"B01";"2";"60";"0";"2";"1";"1";"5";""
"202400016697";"155752370";"A01";"2";"7";"0";"9";"3";"20";"1";""
"202400016698";"155752367";"A01";"1";"7";"0";"2";"3";"26";"1";""
"202400016698";"155752368";"B01";"1";"33";"1";"2";"1";"1";"1";""
"202400016699";"155752365";"B01";"1";"30";"0";"2";"7";"9";"1";""
"202400016699";"155752366";"A01";"1";"7";"0";"2";"3";"1";"2";""
"202400016700";"155752364";"A01";"2";"30";"0";"0";"8";"26";"1";""
"202400016701";"155752363";"A01";"2";"33";"0";"0";"0";"1";"1";""
"202400016702";"155752362";"A01";"1";"7";"1";"0";"2";"1";"1";""
"202400016703";"155752361";"A01";"2";"2";"8";"0";"0";"1";"1";""
"202400016704";"155752359";"B01";"1";"1";"0";"2";"3";"15";"5";""
"202400016704";"155752360";"A01";"1";"33";"0";"2";"1";"17";"1";""
"202400016705";"155752358";"A01";"1";"33";"2";"0";"1";"14";"1";""
"202400016706";"155752357";"A01";"2";"7";"11";"0";"3";"1";"1";""
"202400016707";"155752355";"B01";"3";"7";"0";"2";"8";"1";"1";""
"202400016707";"155752356";"A01";"1";"99";"0";"2";"1";"9";"1";""
"202400016708";"155752353";"B01";"1";"7";"0";"2";"3";"0";"1";""
"202400016708";"155752354";"A01";"2";"7";"0";"2";"3";"0";"1";""
"202400016709";"155752351";"A01";"2";"10";"8";"2";"2";"19";"1";""
"202400016709";"155752352";"B01";"1";"7";"0";"2";"2";"1";"1";""
"202400016710";"155752349";"A01";"1";"15";"0";"2";"2";"17";"1";""
"202400016710";"155752350";"B01";"1";"7";"0";"2";"6";"15";"3";""
"202400016711";"155752346";"A01";"2";"36";"7";"2";"7";"19";"1";""
"202400016711";"155752347";"C01";"1";"33";"0";"2";"1";"1";"1";""
"202400016711";"155752348";"B01";"1";"33";"7";"2";"1";"1";"1";""
"202400016712";"155752344";"B01";"1";"7";"0";"2";"7";"16";"1";""
"202400016712";"155752345";"A01";"1";"31";"0";"2";"1";"25";"1";""
"202400016713";"155752341";"A01";"1";"31";"3";"2";"0";"9";"1";""
"202400016713";"155752342";"B01";"1";"15";"0";"2";"0";"1";"1";""
"202400016713";"155752343";"C01";"1";"7";"0";"2";"7";"1";"1";""
"202400016714";"155752340";"A01";"1";"7";"2";"0";"2";"1";"1";""
"202400016715";"155752339";"A01";"1";"7";"17";"0";"3";"13";"1";""
"202400016716";"155752337";"A01";"1";"10";"0";"2";"2";"1";"1";""
"202400016716";"155752338";"B01";"1";"7";"0";"2";"1";"1";"1";""
"202400016717";"155752336";"A01";"1";"7";"1";"0";"2";"1";"1";""
"202400016718";"155752334";"B01";"0";"1";"0";"0";"4";"26";"5";""
"202400016718";"155752335";"A01";"0";"7";"0";"2";"3";"26";"1";""
"202400016719";"155752332";"A01";"1";"33";"0";"0";"0";"1";"1";""
"202400016719";"155752333";"B01";"2";"7";"0";"0";"0";"17";"1";""
"202400016720";"155752330";"B01";"1";"2";"0";"2";"1";"1";"1";""
"202400016720";"155752331";"A01";"1";"7";"0";"0";"3";"19";"1";""
"202400016721";"155752328";"A01";"2";"99";"0";"2";"3";"13";"1";""
"202400016721";"155752329";"B01";"1";"10";"0";"2";"3";"1";"1";""
"202400016722";"155752327";"A01";"0";"7";"6";"0";"1";"0";"1";""
"202400016723";"155752326";"A01";"1";"7";"2";"0";"1";"13";"1";""
"202400016724";"155752324";"A01";"1";"7";"0";"2";"1";"13";"1";""
"202400016724";"155752325";"B01";"2";"7";"0";"2";"3";"1";"1";""
"202400016725";"155752323";"A01";"3";"7";"9";"1";"4";"4";"1";""
"202400016726";"155752322";"A01";"2";"7";"13";"0";"1";"15";"1";""
"202400016727";"155752319";"A01";"3";"10";"0";"2";"3";"16";"1";""
"202400016727";"155752320";"B01";"0";"1";"0";"2";"1";"16";"5";""
"202400016727";"155752321";"C01";"3";"1";"0";"0";"0";"1";"5";""
"202400016728";"155752317";"A01";"2";"33";"10";"2";"3";"9";"1";""
"202400016728";"155752318";"B01";"2";"7";"0";"2";"2";"1";"1";""
"202400016729";"155752315";"A01";"1";"7";"0";"2";"3";"13";"1";""
"202400016729";"155752316";"B01";"2";"7";"0";"2";"3";"1";"1";""
"202400016730";"155752313";"A01";"2";"31";"0";"2";"1";"17";"1";""
"202400016730";"155752314";"B01";"2";"21";"0";"2";"6";"1";"1";""
"202400016731";"155752312";"A01";"1";"33";"0";"0";"1";"1";"1";""
"202400016732";"155752310";"A01";"1";"33";"0";"2";"6";"1";"1";""
"202400016732";"155752311";"B01";"3";"10";"0";"2";"2";"15";"1";""
"202400016733";"155752308";"A01";"1";"7";"0";"9";"1";"0";"1";""
"202400016733";"155752309";"B01";"1";"1";"0";"0";"4";"0";"5";""
"202400016734";"155752307";"A01";"1";"10";"0";"1";"1";"1";"1";""
"202400016735";"155752306";"A01";"1";"31";"2";"0";"2";"1";"1";""
"202400016736";"155752305";"A01";"2";"7";"0";"1";"3";"1";"1";""
"202400016737";"155752304";"A01";"0";"7";"0";"1";"2";"1";"1";""
"202400016738";"155752302";"A01";"2";"33";"0";"2";"1";"1";"1";""
"202400016738";"155752303";"B01";"1";"7";"0";"2";"7";"19";"1";""
"202400016739";"155752301";"A01";"1";"80";"0";"1";"0";"26";"3";""
"202400016740";"155752300";"A01";"1";"33";"8";"0";"2";"1";"1";""
"202400016741";"155752298";"B01";"2";"7";"0";"2";"1";"19";"1";""
"202400016741";"155752299";"A01";"1";"7";"7";"0";"3";"1";"1";""
"202400016742";"155752297";"A01";"2";"33";"4";"0";"2";"1";"1";""
"202400016743";"155752296";"A01";"1";"7";"0";"0";"7";"1";"1";""
"202400016744";"155752294";"B01";"3";"7";"0";"2";"8";"1";"1";""
"202400016744";"155752295";"A01";"0";"7";"0";"2";"1";"19";"1";""
"202400016745";"155752291";"B01";"1";"7";"0";"2";"3";"15";"1";""
"202400016745";"155752292";"A01";"2";"7";"0";"2";"3";"1";"1";""
"202400016745";"155752293";"C01";"2";"10";"0";"0";"8";"23";"1";""
"202400016746";"155752289";"A01";"1";"7";"0";"2";"1";"2";"1";""
"202400016746";"155752290";"B01";"1";"7";"0";"2";"4";"2";"1";""
"202400016747";"155752288";"A01";"1";"33";"1";"2";"0";"1";"1";""
"202400016748";"155752287";"A01";"2";"7";"0";"2";"9";"1";"1";""
"202400016749";"155752286";"A01";"1";"7";"4";"0";"0";"1";"1";""
"202400016750";"155752284";"A01";"2";"7";"0";"2";"9";"21";"1";""
"202400016750";"155752285";"B01";"2";"7";"0";"2";"0";"0";"1";""
"202400016751";"155752282";"A01";"1";"31";"0";"2";"3";"3";"1";""
"202400016751";"155752283";"B01";"1";"7";"0";"2";"3";"12";"0";""
"202400016752";"155752280";"B01";"2";"34";"0";"2";"2";"1";"1";""
"202400016752";"155752281";"A01";"2";"7";"0";"2";"3";"11";"1";""
"202400016753";"155752278";"A01";"2";"7";"0";"2";"7";"12";"1";""
"202400016753";"155752279";"B01";"2";"33";"0";"2";"8";"0";"1";""
"202400016754";"155752276";"A01";"2";"7";"0";"2";"8";"11";"2";""
"202400016754";"155752277";"B01";"2";"33";"0";"2";"7";"3";"1";""
"202400016755";"155752274";"A01";"2";"10";"0";"2";"3";"11";"1";""
"202400016755";"155752275";"B01";"2";"33";"0";"2";"7";"3";"1";""
"202400016756";"155752272";"A01";"2";"33";"0";"2";"8";"3";"1";""
"202400016756";"155752273";"B01";"2";"7";"0";"2";"7";"12";"1";""
"202400016757";"155752268";"A01";"2";"37";"4";"2";"3";"9";"1";"1"
"202400016757";"155752269";"B01";"2";"7";"3";"2";"1";"1";"1";""
"202400016757";"155752270";"C01";"2";"10";"4";"2";"7";"1";"1";""
"202400016757";"155752271";"D01";"2";"7";"4";"2";"2";"1";"2";""
"202400016758";"155752267";"A01";"2";"43";"4";"2";"3";"3";"1";""
"202400016759";"155752265";"B01";"2";"7";"0";"2";"7";"14";"1";""
"202400016759";"155752266";"A01";"2";"31";"0";"2";"8";"2";"1";""
"202400016760";"155752263";"A01";"1";"33";"0";"2";"1";"3";"1";""
"202400016760";"155752264";"B01";"1";"7";"0";"2";"4";"11";"1";""
"202400016761";"155752260";"B01";"2";"7";"0";"2";"3";"2";"1";""
"202400016761";"155752261";"C01";"2";"7";"0";"2";"8";"1";"1";""
"202400016761";"155752262";"A01";"2";"10";"4";"0";"1";"26";"1";""
"202400016762";"155752258";"B01";"3";"34";"0";"2";"1";"17";"0";""
"202400016762";"155752259";"A01";"3";"7";"0";"2";"8";"13";"0";""
"202400016763";"155752257";"A01";"0";"0";"0";"1";"1";"0";" -1";""
"202400016764";"155752256";"A01";"2";"7";"0";"1";"1";"1";"1";""
"202400016765";"155752255";"A01";"0";"3";"0";"0";"9";"1";"1";""
"202400016766";"155752253";"A01";"2";"33";"0";"2";"7";"1";"1";""
"202400016766";"155752254";"B01";"1";"7";"0";"2";"5";"15";"1";""
"202400016767";"155752252";"A01";"2";"7";"13";"0";"1";"1";"1";""
"202400016768";"155752250";"A01";"1";"7";"0";"2";"1";"1";"2";""
"202400016768";"155752251";"B01";"2";"7";"0";"2";"1";"19";"1";""
"202400016769";"155752248";"A01";"1";"10";"0";"2";"2";"9";"1";""
"202400016769";"155752249";"B01";"1";"31";"0";"2";"3";"1";"1";""
"202400016770";"155752245";"A01";"1";"7";"0";"2";"1";"26";"1";""
"202400016770";"155752246";"B01";"1";"7";"0";"2";"4";"1";"1";""
"202400016770";"155752247";"C01";"1";"7";"0";"2";"4";"1";"1";""
"202400016771";"155752243";"A01";"3";"7";"0";"2";"2";"1";"1";""
"202400016771";"155752244";"B01";"3";"50";"0";"2";"8";"1";"3";""
"202400016772";"155752242";"Z01";"3";"31";"0";"1";"4";"25";"1";""
"202400016773";"155752240";"A01";"1";"7";"0";"9";"3";"1";"3";""
"202400016773";"155752241";"B01";"1";"1";"0";"2";"8";"19";"5";""
"202400016774";"155752238";"B01";"1";"7";"0";"0";"0";"2";"1";""
"202400016774";"155752239";"A01";"1";"2";"3";"0";"7";"18";"1";""
"202400016775";"155752236";"A01";"1";"10";"0";"2";"0";"0";"1";""
"202400016775";"155752237";"B01";"1";"2";"0";"2";"0";"0";"1";""
"202400016776";"155752235";"A01";"2";"50";"0";"1";"1";"1";"3";""
"202400016777";"155752234";"A01";"1";"7";"0";"1";"0";"26";"1";""
"202400016778";"155752233";"A01";"2";"0";"0";"0";"0";"16";"1";""
"202400016779";"155752232";"A01";"2";"7";"2";"0";"1";"1";"1";""