"Num_Acc";"id_vehicule";"num_veh";"senc";"catv";"obs";"obsm";"choc";"manv";"motor";"occutc"
"202400016780";"155752230";"A01";"1";"7";"0";"2";"3";"13";"1";""
"202400016780";"155752231";"B01";"2";"17";"0";"2";"3";"1";"1";""
"202400016781";"155752228";"A01";"3";"7";"0";"2";"1";"9";"1";""
"202400016781";"155752229";"B01";"3";"50";"0";"2";"7";"0";"3";""
"202400016782";"155752226";"A01";"2";"7";"0";"2";"8";"11";"1";""
"202400016782";"155752227";"B01";"2";"33";"0";"2";"7";"1";"1";""
"202400016783";"155752225";"A01";"1";"7";"13";"0";"1";"0";"1";""
"202400016784";"155752223";"A01";"2";"7";"0";"2";"7";"13";"1";""
"202400016784";"155752224";"B01";"1";"33";"0";"2";"7";"1";"1";""
"202400016785";"155752221";"A01";"3";"7";"0";"9";"1";"9";"1";""
"202400016785";"155752222";"B01";"0";"50";"0";"2";"7";"0";"3";""
"202400016786";"155752220";"A01";"1";"33";"0";"6";"1";"1";"1";""
"202400016787";"155752219";"A01";"2";"33";"0";"0";"0";"1";"1";""
"202400016788";"155752218";"A01";"1";"30";"0";"0";"7";"18";"1";""
"202400016789";"155752214";"A01";"2";"7";"0";"2";"2";"15";"3";""
"202400016789";"155752216";"B01";"1";"7";"0";"2";"1";"1";"1";""
"202400016790";"155752213";"A01";"1";"1";"12";"0";"1";"2";"5";""
"202400016791";"155752212";"A01";"2";"7";"13";"0";"8";"13";"1";""
"202400016792";"155752209";"B01";"2";"21";"0";"9";"8";"23";"0";""
"202400016792";"155752211";"A01";"2";"33";"0";"2";"1";"1";"1";""
"202400016793";"155752210";"A01";"2";"7";"6";"0";"1";"1";"1";""
"202400016794";"155752206";"A01";"0";"7";"6";"2";"7";"1";"1";""
"202400016794";"155752208";"B01";"0";"7";"6";"2";"1";"0";"1";""
"202400016795";"155752205";"B01";"2";"7";"0";"2";"3";"1";"1";""
"202400016795";"155752207";"Z01";"3";"7";"0";"2";"1";"16";"0";""
"202400016796";"155752204";"A01";"2";"43";"11";"0";"1";"2";"1";""
"202400016797";"155752202";"B01";"1";"31";"0";"2";"1";"1";"1";""
"202400016797";"155752203";"A01";"2";"7";"0";"2";"2";"15";"1";""
"202400016798";"155752200";"A01";"1";"7";"0";"2";"3";"15";"1";""
"202400016798";"155752201";"B01";"2";"33";"0";"2";"1";"1";"1";""
"202400016799";"155752199";"P01";"3";"7";"0";"2";"0";"1";"6";""
"202400016800";"155752196";"A01";"3";"21";"0";"2";"3";"1";"0";""
"202400016800";"155752198";"B01";"0";"7";"0";"2";"3";"1";"1";""
"202400016801";"155752197";"A01";"0";"10";"0";"1";"1";"15";"1";""
"202400016802";"155752192";"A01";"2";"33";"0";"2";"1";"1";"1";""
"202400016802";"155752195";"B01";"2";"33";"0";"2";"8";"10";"1";""
"202400016803";"155752190";"A01";"1";"10";"13";"0";"3";"13";"1";""
"202400016804";"155752189";"A01";"2";"10";"0";"2";"3";"1";"1";""
"202400016804";"155752191";"B01";"1";"80";"0";"2";"7";"1";"3";""
"202400016805";"155752187";"A01";"2";"7";"0";"2";"1";"2";"1";""
"202400016805";"155752188";"B01";"2";"3";"13";"0";"4";"2";"1";""
"202400016806";"155752186";"A01";"3";"7";"0";"1";"3";"1";"1";""
"202400016807";"155752183";"A01";"1";"7";"3";"2";"1";"5";"1";""
"202400016807";"155752185";"B01";"2";"15";"0";"2";"2";"1";"1";""
"202400016808";"155752182";"Z01";"2";"7";"0";"2";"1";"1";"0";""
"202400016808";"155752184";"A01";"2";"50";"0";"2";"7";"1";"3";""
"202400016809";"155752179";"B01";"2";"7";"0";"2";"6";"24";"1";""
"202400016809";"155752181";"A01";"1";"7";"14";"2";"1";"1";"1";""
"202400016810";"155752178";"B01";"1";"7";"0";"2";"1";"1";"1";""
"202400016810";"155752180";"A01";"2";"7";"0";"2";"1";"17";"1";""
"202400016811";"155752177";"WX01";"0";"1";"0";"0";"2";"26";"5";""
"202400016812";"155752175";"B01";"2";"10";"0";"0";"5";"23";"1";""
"202400016812";"155752176";"A01";"2";"33";"0";"2";"1";"1";"1";""
"202400016813";"155752174";"A01";"2";"7";"0";"1";"1";"1";"1";""
"202400016814";"155752173";"A01";"1";"7";"0";"1";"2";"0";"1";""
"202400016815";"155752170";"A01";"1";"7";"2";"0";"1";"0";"0";""
"202400016816";"155752171";"B01";"2";"10";"0";"2";"4";"23";"1";""
"202400016816";"155752172";"A01";"2";"7";"0";"2";"1";"2";"1";""
"202400016817";"155752166";"B01";"1";"7";"0";"2";"5";"2";"1";""
"202400016817";"155752168";"A01";"1";"33";"0";"2";"1";"2";"1";""
"202400016818";"155752167";"B01";"2";"7";"0";"2";"8";"15";"1";""
"202400016818";"155752169";"A01";"2";"33";"0";"2";"1";"17";"1";""
"202400016819";"155752159";"C01";"2";"13";"0";"2";"8";"23";"0";""
"202400016819";"155752161";"A01";"2";"17";"1";"1";"2";"1";"1";""
"202400016820";"155752158";"A01";"1";"2";"0";"2";"1";"1";"1";""
"202400016820";"155752160";"B01";"3";"7";"0";"2";"8";"19";"1";""
"202400016821";"155752157";"A01";"2";"7";"13";"0";"2";"0";"2";""
"202400016822";"155752155";"A01";"3";"7";"0";"2";"1";"16";"1";""
"202400016822";"155752156";"Y01";"3";"50";"0";"2";"7";"19";"3";""
"202400016823";"155752152";"A01";"2";"7";"0";"2";"2";"15";"1";""
"202400016823";"155752153";"B01";"1";"30";"0";"2";"1";"1";"1";""
"202400016824";"155752150";"A01";"1";"7";"0";"2";"1";"1";"1";""
"202400016824";"155752154";"B01";"1";"7";"0";"2";"8";"15";"1";""
"202400016825";"155752149";"B01";"1";"7";"0";"2";"5";"1";"1";""
"202400016825";"155752151";"A01";"1";"7";"0";"2";"1";"1";"1";""
"202400016826";"155752147";"A01";"2";"7";"3";"2";"1";"2";"2";""
"202400016826";"155752148";"B01";"2";"17";"0";"2";"4";"2";"1";""
"202400016827";"155752145";"A01";"2";"7";"0";"2";"2";"2";"1";""
"202400016827";"155752146";"B01";"2";"7";"0";"2";"5";"1";"1";""
"202400016828";"155752143";"A01";"2";"2";"0";"2";"2";"17";"1";""
"202400016828";"155752144";"B01";"2";"7";"0";"2";"3";"15";"1";""
"202400016829";"155752141";"B01";"3";"37";"0";"2";"3";"1";"1";"1"
"202400016829";"155752142";"A01";"3";"7";"0";"2";"7";"16";"1";""
"202400016830";"155752139";"A01";"2";"7";"0";"0";"6";"2";"1";""
"202400016830";"155752140";"B01";"2";"7";"3";"2";"2";"11";"1";""
"202400016831";"155752137";"A01";"1";"33";"0";"2";"1";"3";"1";""
"202400016831";"155752138";"B01";"3";"7";"0";"2";"1";"9";"1";""
"202400016832";"155752135";"A01";"2";"15";"0";"2";"4";"2";"1";""
"202400016832";"155752136";"B01";"2";"7";"0";"2";"1";"2";"1";""
"202400016833";"155752134";"A01";"1";"31";"0";"0";"3";"15";"1";""
"202400016834";"155752131";"A01";"1";"17";"0";"2";"2";"12";"1";""
"202400016834";"155752133";"B01";"1";"7";"0";"2";"6";"1";"1";""
"202400016835";"155752130";"A01";"1";"7";"0";"2";"1";"2";"1";""
"202400016835";"155752132";"B01";"1";"7";"0";"2";"4";"2";"1";""
"202400016836";"155752128";"A01";"3";"34";"0";"1";"0";"1";"0";""
"202400016837";"155752127";"B01";"2";"7";"0";"2";"3";"15";"1";""
"202400016837";"155752129";"A01";"2";"43";"0";"2";"3";"17";"1";""
"202400016838";"155752124";"B01";"2";"7";"0";"0";"1";"0";"1";""
"202400016838";"155752125";"A01";"2";"7";"0";"2";"4";"5";"1";""
"202400016839";"155752123";"A01";"2";"10";"0";"2";"2";"12";"1";""
"202400016839";"155752126";"B01";"2";"37";"0";"0";"6";"1";"1";"1"
"202400016840";"155752120";"A01";"1";"7";"6";"0";"1";"26";"1";""
"202400016841";"155752119";"A01";"2";"7";"0";"0";"6";"1";"1";""
"202400016841";"155752121";"B01";"2";"7";"0";"2";"1";"1";"1";""
"202400016842";"155752116";"B01";"2";"33";"0";"2";"1";"1";"1";""
"202400016842";"155752118";"A01";"1";"10";"0";"2";"5";"15";"1";""
"202400016843";"155752115";"A01";"1";"7";"0";"2";"1";"13";"1";""
"202400016843";"155752117";"B01";"2";"7";"0";"2";"1";"1";"1";""
"202400016844";"155752113";"A01";"3";"10";"0";"9";"1";"11";"1";""
"202400016844";"155752114";"B01";"3";"1";"0";"2";"8";"19";"5";""
"202400016845";"155752112";"A01";"0";"7";"0";"1";"3";"15";"1";""
"202400016846";"155752111";"A01";"3";"2";"0";"1";"8";"1";"3";""
"202400016847";"155752109";"B01";"2";"7";"0";"2";"3";"0";"1";""
"202400016847";"155752110";"A01";"1";"7";"2";"2";"1";"14";"1";""
"202400016848";"155752108";"A01";"2";"7";"0";"1";"3";"1";"1";""
"202400016849";"155752107";"A01";"1";"7";"2";"0";"1";"1";"1";""
"202400016850";"155752104";"B01";"3";"14";"0";"2";"8";"26";"1";""
"202400016850";"155752106";"A01";"3";"7";"1";"0";"1";"1";"1";""
"202400016851";"155752105";"A01";"1";"33";"0";"0";"0";"1";"1";""
"202400016852";"155752102";"A01";"3";"99";"0";"1";"1";"26";"0";""
"202400016853";"155752100";"C01";"2";"14";"0";"2";"6";"20";"1";""
"202400016853";"155752101";"A01";"2";"7";"0";"2";"6";"17";"1";""
"202400016853";"155752103";"B01";"1";"7";"0";"2";"3";"1";"1";""
"202400016854";"155752097";"A01";"2";"7";"0";"2";"2";"15";"1";""
"202400016854";"155752099";"B01";"1";"10";"0";"2";"6";"1";"1";""
"202400016855";"155752096";"B01";"1";"30";"0";"2";"1";"1";"1";""
"202400016855";"155752098";"A01";"1";"7";"0";"2";"6";"20";"1";""
"202400016856";"155752095";"A01";"1";"1";"0";"1";"1";"1";"5";""
"202400016857";"155752092";"A01";"2";"7";"0";"2";"2";"13";"1";""
"202400016857";"155752094";"B01";"1";"7";"0";"2";"2";"1";"1";""
"202400016858";"155752091";"B01";"2";"7";"0";"2";"4";"1";"1";""
"202400016858";"155752093";"A01";"2";"7";"0";"2";"1";"1";"1";""
"202400016859";"155752089";"B01";"1";"7";"0";"2";"1";"1";"1";""
"202400016859";"155752090";"A01";"2";"7";"0";"2";"1";"13";"1";""
"202400016860";"155752086";"B01";"3";"7";"0";"2";"1";"0";"1";""
"202400016860";"155752088";"A01";"2";"1";"0";"2";"1";"19";"5";""
"202400016861";"155752085";"A01";"2";"7";"13";"0";"3";"13";"1";""
"202400016861";"155752087";"B01";"1";"7";"0";"0";"6";"1";"1";""
"202400016862";"155752083";"B01";"1";"1";"0";"0";"0";"16";"5";""
"202400016863";"155752082";"A01";"2";"10";"0";"2";"7";"9";"1";""
"202400016863";"155752084";"B01";"3";"33";"0";"2";"1";"1";"1";""
"202400016864";"155752079";"B01";"1";"7";"0";"2";"4";"9";"1";""
"202400016864";"155752080";"A01";"1";"7";"0";"2";"1";"9";"2";""
"202400016865";"155752078";"B01";"1";"31";"0";"2";"1";"1";"1";""
"202400016865";"155752081";"A01";"3";"7";"0";"2";"1";"19";"1";""
"202400016866";"155752076";"A01";"3";"7";"0";"9";"1";"1";"1";""
"202400016866";"155752077";"B01";"3";"50";"0";"2";"7";"19";"3";""
"202400016867";"155752075";"A01";"1";"7";"16";"0";"0";"26";"1";""
"202400016868";"155752074";"A01";"3";"17";"0";"0";"7";"26";"1";""
"202400016869";"155752070";"A01";"0";"32";"0";"2";"2";"1";"1";""
"202400016869";"155752072";"B01";"0";"7";"0";"2";"3";"15";"2";""
"202400016870";"155752071";"B01";"2";"7";"0";"2";"4";"1";"1";""
"202400016870";"155752073";"A01";"2";"7";"0";"2";"1";"1";"1";""
"202400016871";"155752068";"A01";"2";"7";"0";"1";"0";"1";"1";""
"202400016872";"155752066";"A01";"1";"7";"0";"2";"8";"11";"1";""
"202400016872";"155752067";"C01";"1";"7";"0";"2";"8";"1";"1";""
"202400016872";"155752069";"B01";"1";"33";"0";"2";"7";"1";"1";""
"202400016873";"155752065";"A01";"1";"7";"2";"0";"1";"1";"1";""
"202400016874";"155752062";"A01";"2";"33";"0";"2";"1";"9";"1";""
"202400016874";"155752064";"B01";"2";"10";"0";"2";"7";"1";"1";""
"202400016875";"155752061";"A01";"1";"10";"0";"2";"8";"1";"1";""
"202400016875";"155752063";"B01";"3";"1";"0";"2";"1";"9";"5";""
"202400016876";"155752059";"B01";"2";"7";"0";"2";"4";"23";"1";""
"202400016876";"155752060";"A01";"2";"10";"0";"2";"1";"1";"1";""
"202400016877";"155752055";"B01";"2";"33";"3";"2";"7";"2";"1";""
"202400016877";"155752057";"A01";"2";"7";"4";"2";"8";"13";"1";""
"202400016878";"155752054";"C01";"2";"80";"0";"2";"1";"1";"2";""
"202400016878";"155752056";"A01";"2";"7";"0";"2";"8";"24";"1";""
"202400016878";"155752058";"B01";"2";"80";"0";"2";"1";"1";"2";""
"202400016879";"155752049";"A01";"1";"7";"0";"2";"5";"12";"1";""
"202400016879";"155752051";"B01";"1";"7";"0";"2";"3";"1";"1";""
"202400016879";"155752053";"C01";"1";"7";"0";"2";"1";"1";"1";""
"202400016880";"155752050";"B01";"1";"33";"0";"2";"7";"1";"1";""
"202400016880";"155752052";"A01";"1";"7";"0";"2";"3";"15";"1";""
"202400016881";"155752048";"A01";"1";"7";"13";"0";"1";"1";"1";""
"202400016882";"155752046";"B01";"2";"1";"0";"2";"7";"14";"5";""
"202400016882";"155752047";"A01";"2";"1";"0";"2";"3";"18";"5";""
"202400016883";"155752044";"A01";"1";"7";"0";"2";"1";"2";"1";""
"202400016883";"155752045";"B01";"1";"7";"0";"2";"4";"2";"1";""
"202400016884";"155752041";"A01";"2";"7";"0";"2";"2";"11";"1";""
"202400016884";"155752043";"B01";"1";"7";"0";"2";"8";"1";"2";""
"202400016885";"155752040";"A01";"1";"7";"0";"2";"1";"21";"1";""
"202400016885";"155752042";"B01";"1";"7";"0";"0";"0";"0";"1";""
"202400016886";"155752038";"A01";"2";"33";"0";"2";"1";"1";"1";""
"202400016886";"155752039";"B01";"2";"7";"0";"2";"4";"1";"3";""
"202400016887";"155752036";"B01";"1";"15";"0";"2";"2";"0";"1";""
"202400016887";"155752037";"A01";"1";"7";"0";"2";"0";"0";"1";""
"202400016888";"155752034";"B01";"2";"10";"0";"2";"5";"2";"1";""
"202400016888";"155752035";"A01";"2";"10";"0";"2";"1";"2";"1";""
"202400016889";"155752033";"A01";"1";"32";"0";"0";"0";"26";"3";""
"202400016890";"155752031";"A01";"2";"33";"0";"2";"1";"1";"1";""
"202400016890";"155752032";"B01";"2";"7";"0";"2";"4";"1";"1";""
"202400016891";"155752029";"A01";"1";"10";"1";"0";"2";"1";"1";""
"202400016891";"155752030";"B01";"1";"17";"0";"2";"6";"23";"1";""
"202400016892";"155752027";"B01";"1";"33";"0";"2";"1";"17";"1";""
"202400016892";"155752028";"A01";"1";"7";"0";"2";"5";"13";"1";""
"202400016893";"155752026";"A01";"2";"7";"0";"1";"3";"1";"1";""
"202400016894";"155752024";"A01";"2";"7";"0";"2";"2";"1";"1";""
"202400016894";"155752025";"C01";"3";"2";"0";"2";"8";"16";"1";""
"202400016895";"155752023";"A01";"1";"7";"0";"9";"3";"2";"1";""
"202400016896";"155752021";"A01";"1";"7";"3";"2";"1";"1";"1";""
"202400016896";"155752022";"B01";"2";"7";"0";"2";"1";"1";"1";""
"202400016897";"155752020";"A01";"0";"36";"12";"0";"1";"1";"1";""
"202400016898";"155752019";"A01";"1";"33";"1";"0";"1";"14";"1";""
"202400016899";"155752017";"A01";"1";"7";"3";"0";"3";"1";"1";""
"202400016899";"155752018";"B01";"1";"7";"0";"2";"2";"9";"1";""
"202400016900";"155752016";"A01";"2";"7";"2";"0";"1";"1";"1";""
"202400016901";"155752014";"B01";"2";"33";"0";"2";"1";"1";"1";""
"202400016901";"155752015";"A01";"2";"7";"0";"2";"1";"15";"1";""
"202400016902";"155752013";"Z01";"3";"7";"0";"1";"1";"0";"0";""
"202400016903";"155752012";"A01";"3";"10";"0";"1";"5";"15";"1";""
"202400016904";"155752011";"A01";"3";"7";"0";"1";"2";"19";"1";""
"202400016905";"155752009";"A01";"1";"33";"1";"0";"1";"21";"1";""
"202400016905";"155752010";"B01";"2";"7";"0";"2";"3";"26";"1";""
"202400016906";"155752007";"B01";"3";"7";"0";"2";"1";"1";"1";""
"202400016906";"155752008";"A01";"3";"7";"0";"2";"3";"15";"1";""
"202400016907";"155752005";"B01";"1";"7";"0";"2";"1";"1";"1";""
"202400016907";"155752006";"A01";"2";"10";"0";"2";"1";"17";"1";""
"202400016908";"155752003";"A01";"1";"7";"0";"2";"1";"13";"1";""
"202400016908";"155752004";"B01";"2";"7";"0";"2";"1";"1";"1";""
"202400016909";"155752001";"A01";"1";"2";"0";"2";"1";"1";"1";""
"202400016909";"155752002";"B01";"2";"7";"0";"2";"1";"16";"1";""
"202400016910";"155751999";"B01";"3";"7";"0";"2";"2";"1";"1";""
"202400016910";"155752000";"A01";"3";"7";"0";"2";"3";"9";"1";""
"202400016911";"155751997";"A01";"1";"7";"0";"2";"3";"9";"1";""
"202400016911";"155751998";"B01";"1";"1";"0";"2";"5";"1";"5";""
"202400016912";"155751996";"A01";"1";"7";"0";"1";"1";"1";"1";""
"202400016913";"155751995";"A01";"2";"7";"0";"1";"2";"1";"1";""
"202400016914";"155751993";"B01";"1";"7";"0";"2";"4";"1";"1";""
"202400016914";"155751994";"A01";"1";"30";"0";"2";"1";"1";"1";""
"202400016915";"155751990";"A01";"3";"7";"0";"2";"3";"13";"1";""
"202400016915";"155751991";"B01";"3";"7";"0";"2";"0";"0";"1";""
"202400016915";"155751992";"C01";"3";"7";"0";"2";"0";"0";"1";""
"202400016916";"155751988";"B01";"3";"33";"0";"2";"1";"1";"1";""
"202400016916";"155751989";"A01";"3";"7";"0";"2";"8";"15";"1";""
"202400016917";"155751987";"A01";"3";"7";"13";"0";"1";"16";"1";""
"202400016918";"155751985";"A01";"3";"7";"0";"2";"3";"13";"1";""
"202400016918";"155751986";"B01";"3";"7";"0";"2";"3";"1";"1";""
"202400016919";"155751983";"A01";"1";"7";"0";"2";"1";"0";"4";""
"202400016919";"155751984";"B01";"1";"1";"0";"0";"0";"0";"5";""
"202400016920";"155751980";"A01";"2";"7";"0";"2";"1";"2";"1";""
"202400016920";"155751981";"B01";"2";"7";"0";"2";"4";"1";"3";""
"202400016921";"155751976";"A01";"1";"7";"0";"2";"7";"1";"1";""
"202400016921";"155751977";"B01";"1";"1";"0";"2";"8";"9";"5";""
"202400016922";"155751975";"A01";"1";"7";"0";"1";"6";"20";"1";""
"202400016923";"155751973";"A01";"2";"50";"0";"2";"0";"5";"3";""
"202400016923";"155751974";"B01";"2";"33";"0";"2";"7";"16";"1";""
"202400016924";"155751971";"A01";"1";"30";"0";"2";"8";"10";"1";""
"202400016924";"155751972";"B01";"1";"30";"0";"2";"1";"1";"1";""
"202400016925";"155751968";"A01";"3";"7";"0";"2";"1";"23";"1";""
"202400016925";"155751969";"B01";"3";"7";"0";"2";"1";"23";"1";""
"202400016925";"155751970";"C01";"3";"7";"0";"2";"4";"23";"1";""
"202400016926";"155751967";"A01";"1";"7";"0";"1";"1";"1";"1";""
"202400016927";"155751964";"A01";"0";"7";"0";"2";"1";"15";"1";""
"202400016927";"155751965";"B01";"0";"33";"0";"2";"2";"1";"1";""
"202400016927";"155751966";"C01";"1";"7";"0";"2";"1";"1";"1";""
"202400016928";"155751962";"A01";"3";"7";"0";"2";"1";"13";"1";""
"202400016928";"155751963";"B01";"3";"7";"0";"2";"1";"1";"1";""
"202400016929";"155751961";"A01";"2";"7";"1";"0";"1";"1";"1";""
"202400016930";"155751958";"A01";"2";"7";"0";"2";"1";"1";"1";""
"202400016930";"155751959";"B01";"1";"7";"0";"2";"1";"1";"1";""
"202400016930";"155751960";"C01";"1";"7";"0";"2";"2";"1";"1";""
"202400016931";"155751956";"B01";"3";"1";"0";"2";"8";"19";"5";""
"202400016931";"155751957";"Z01";"2";"7";"0";"2";"1";"1";"1";""
"202400016932";"155751955";"A01";"1";"7";"3";"0";"1";"19";"2";""
"202400016933";"155751953";"A01";"2";"7";"0";"2";"1";"2";"1";""
"202400016933";"155751954";"B01";"2";"10";"0";"2";"4";"2";"1";""
"202400016934";"155751952";"A01";"2";"50";"14";"0";"1";"14";"3";""
"202400016935";"155751949";"B01";"1";"7";"0";"2";"1";"19";"1";""
"202400016935";"155751950";"A01";"1";"7";"0";"2";"2";"1";"2";""
"202400016935";"155751951";"C01";"2";"7";"0";"2";"1";"23";"2";""
"202400016936";"155751948";"A01";"3";"43";"0";"1";"1";"1";"1";""
"202400016937";"155751947";"A01";"2";"50";"14";"0";"1";"1";"3";""
"202400016938";"155751945";"B01";"2";"1";"0";"2";"1";"1";"5";""
"202400016938";"155751946";"A01";"2";"7";"0";"2";"7";"1";"2";""
"202400016939";"155751944";"A01";"1";"1";"0";"0";"1";"1";"5";""
"202400016940";"155751942";"B01";"1";"10";"0";"2";"5";"15";"1";""
"202400016940";"155751943";"A01";"2";"80";"0";"2";"1";"19";"3";""
"202400016941";"155751941";"A01";"1";"7";"6";"0";"1";"1";"1";""
"202400016942";"155751939";"B01";"2";"1";"0";"2";"1";"15";"5";""
"202400016942";"155751940";"A01";"1";"7";"0";"2";"3";"1";"1";""
"202400016943";"155751937";"A01";"0";"33";"0";"2";"7";"15";"1";""
"202400016943";"155751938";"B01";"0";"7";"0";"2";"2";"1";"1";""
"202400016944";"155751935";"B01";"1";"7";"0";"2";"1";"2";"1";""
"202400016944";"155751936";"A01";"1";"7";"0";"2";"4";"1";"1";""
"202400016945";"155751933";"A01";"3";"7";"0";"2";"8";"11";"1";""
"202400016945";"155751934";"B01";"3";"7";"0";"2";"2";"1";"3";""
"202400016946";"155751932";"A01";"3";"7";"0";"1";"4";"20";"1";""
"202400016947";"155751931";"A01";"1";"7";"0";"1";"2";"26";"1";""
"202400016948";"155751930";"A01";"3";"7";"0";"1";"1";"1";"0";""
"202400016949";"155751928";"A01";"1";"7";"0";"2";"1";"15";"1";""
"202400016949";"155751929";"B01";"1";"80";"0";"2";"8";"1";"3";""
"202400016950";"155751926";"A01";"2";"7";"0";"2";"2";"9";"1";""
"202400016950";"155751927";"B01";"3";"7";"0";"2";"3";"0";"1";""
"202400016951";"155751924";"A01";"3";"7";"0";"2";"3";"9";"2";""
"202400016951";"155751925";"B01";"2";"33";"0";"2";"1";"17";"1";""
"202400016952";"155751922";"A01";"1";"7";"0";"2";"1";"9";"1";""
"202400016952";"155751923";"B01";"2";"7";"13";"2";"2";"1";"1";""
"202400016953";"155751920";"A01";"1";"7";"0";"0";"5";"21";"1";""
"202400016953";"155751921";"B01";"1";"32";"0";"2";"1";"1";"1";""
"202400016954";"155751918";"A01";"2";"7";"0";"2";"1";"1";"1";""
"202400016954";"155751919";"B01";"1";"7";"0";"2";"1";"1";"1";""
"202400016955";"155751916";"B01";"2";"7";"0";"2";"1";"1";"1";""
"202400016955";"155751917";"A01";"1";"33";"0";"2";"7";"13";"1";""
"202400016956";"155751915";"A01";"1";"7";"0";"0";"9";"1";"1";""
"202400016957";"155751914";"A01";"2";"33";"7";"0";"7";"6";"1";""
"202400016958";"155751913";"A01";"3";"7";"8";"0";"1";"1";"1";""
"202400016959";"155751911";"A01";"3";"2";"0";"2";"1";"1";"1";""
"202400016959";"155751912";"B01";"3";"21";"0";"2";"3";"1";"1";""
"202400016960";"155751909";"B01";"3";"50";"0";"2";"1";"15";"3";""
"202400016960";"155751910";"A01";"0";"7";"0";"9";"1";"1";"1";""
"202400016961";"155751908";"A01";"1";"10";"13";"0";"1";"17";"1";""
"202400016962";"155751906";"A01";"2";"31";"16";"0";"1";"1";"1";""
"202400016963";"155751905";"A01";"1";"7";"13";"0";"1";"1";"1";""
"202400016964";"155751904";"A01";"2";"7";"8";"0";"1";"1";"3";""
"202400016965";"155751902";"A01";"2";"7";"0";"2";"3";"26";"1";""
"202400016965";"155751903";"B01";"2";"33";"0";"2";"5";"1";"1";""
"202400016966";"155751901";"A01";"1";"33";"8";"0";"7";"1";"1";""
"202400016967";"155751898";"C01";"2";"7";"0";"0";"6";"2";"1";""
"202400016967";"155751899";"A01";"2";"7";"0";"2";"2";"17";"1";""
"202400016967";"155751900";"B01";"2";"7";"0";"2";"6";"2";"1";""
"202400016968";"155751896";"A01";"3";"7";"0";"0";"2";"9";"1";""
"202400016968";"155751897";"B01";"3";"34";"0";"2";"1";"1";"1";""
"202400016969";"155751895";"A01";"3";"33";"0";"0";"0";"1";"1";""
"202400016970";"155751894";"A01";"1";"7";"2";"0";"1";"14";"1";""
"202400016971";"155751893";"A01";"1";"7";"0";"0";"1";"1";"1";""
"202400016972";"155751891";"B01";"1";"2";"0";"2";"1";"1";"1";""
"202400016972";"155751892";"A01";"2";"7";"0";"2";"8";"17";"2";""
"202400016973";"155751889";"A01";"1";"7";"0";"2";"3";"13";"1";""
"202400016973";"155751890";"B01";"2";"7";"0";"2";"3";"1";"1";""
"202400016974";"155751888";"A01";"2";"1";"0";"0";"0";"1";"5";""
"202400016975";"155751886";"A01";"3";"33";"0";"2";"1";"13";"1";""
"202400016975";"155751887";"B01";"3";"7";"0";"2";"3";"1";"1";""
"202400016976";"155751884";"B01";"1";"7";"0";"2";"2";"15";"1";""
"202400016976";"155751885";"A01";"1";"2";"0";"2";"1";"1";"1";""
"202400016977";"155751883";"A01";"1";"7";"2";"0";"1";"14";"1";""
"202400016978";"155751882";"A01";"0";"7";"0";"0";"2";"1";"1";""
"202400016979";"155751881";"A01";"1";"7";"0";"1";"1";"17";"2";""
"202400016980";"155751879";"B01";"1";"99";"0";"2";"1";"1";"1";""
"202400016980";"155751880";"A01";"2";"43";"0";"2";"1";"5";"1";""
"202400016981";"155751878";"A01";"1";"2";"13";"0";"0";"0";"1";""
"202400016982";"155751876";"B01";"2";"30";"0";"2";"5";"26";"0";""
"202400016982";"155751877";"A01";"2";"32";"0";"2";"3";"26";"1";""
"202400016983";"155751874";"B01";"2";"7";"0";"2";"6";"19";"1";""
"202400016983";"155751875";"A01";"2";"32";"0";"2";"1";"17";"1";""
"202400016984";"155751872";"B01";"1";"7";"0";"0";"4";"2";"1";""
"202400016984";"155751873";"A01";"1";"7";"0";"2";"1";"2";"2";""
"202400016985";"155751870";"A01";"1";"7";"0";"2";"1";"2";"1";""
"202400016985";"155751871";"B01";"1";"7";"0";"2";"4";"2";"1";""
"202400016986";"155751868";"A01";"2";"7";"3";"0";"9";"0";"1";""
"202400016986";"155751869";"B01";"2";"7";"0";"2";"3";"0";"1";""
"202400016987";"155751866";"B01";"2";"33";"0";"2";"5";"1";"1";""
"202400016987";"155751867";"A01";"1";"7";"0";"2";"2";"15";"1";""
"202400016988";"155751864";"B01";"2";"7";"0";"2";"4";"1";"3";""
"202400016988";"155751865";"A01";"2";"7";"0";"2";"1";"1";"1";""
"202400016989";"155751862";"A01";"3";"7";"3";"2";"2";"17";"1";""
"202400016989";"155751863";"B01";"3";"7";"3";"2";"3";"1";"2";""
"202400016990";"155751860";"B01";"2";"7";"0";"2";"1";"1";"1";""
"202400016990";"155751861";"A01";"2";"7";"3";"2";"1";"1";"1";""
"202400016991";"155751858";"F01";"0";"7";"2";"0";"1";"1";"1";""
"202400016991";"155751859";"A01";"0";"7";"2";"2";"1";"17";"1";""
"202400016992";"155751857";"A01";"1";"7";"9";"0";"1";"15";"1";""
"202400016993";"155751856";"A01";"1";"7";"0";"1";"0";"17";"1";""
"202400016994";"155751854";"A01";"1";"7";"0";"9";"1";"1";"1";""
"202400016994";"155751855";"B01";"2";"80";"0";"2";"7";"1";"3";""
"202400016995";"155751852";"B01";"3";"7";"0";"2";"1";"2";"1";""