"Num_Acc";"id_vehicule";"num_veh";"senc";"catv";"obs";"obsm";"choc";"manv";"motor";"occutc"
"202400016995";"155751853";"A01";"3";"7";"0";"2";"4";"2";"1";""
"202400016996";"155751850";"A01";"1";"7";"0";"2";"3";"13";"1";""
"202400016996";"155751851";"B01";"2";"7";"0";"2";"3";"1";"1";""
"202400016997";"155751848";"A01";"3";"7";"0";"1";"6";"1";"1";""
"202400016997";"155751849";"B01";"1";"7";"0";"0";"6";"23";"1";""
"202400016998";"155751846";"A01";"3";"7";"0";"9";"0";"0";"0";""
"202400016998";"155751847";"B01";"3";"1";"0";"0";"4";"1";"5";""
"202400016999";"155751845";"A01";"1";"50";"0";"0";"1";"0";"3";""
"202400017000";"155751843";"A01";"2";"7";"0";"2";"1";"13";"1";""
"202400017000";"155751844";"B01";"1";"7";"0";"2";"2";"1";"1";""
"202400017001";"155751841";"A01";"3";"7";"13";"2";"1";"16";"1";""
"202400017001";"155751842";"B01";"3";"7";"0";"2";"0";"17";"0";""
"202400017002";"155751839";"B01";"2";"7";"0";"2";"9";"1";"1";""
"202400017002";"155751840";"A01";"1";"7";"0";"2";"1";"1";"1";""
"202400017003";"155751838";"A01";"1";"2";"7";"0";"8";"5";"1";""
"202400017004";"155751836";"B01";"1";"33";"0";"0";"1";"1";"1";""
"202400017004";"155751837";"A01";"1";"7";"0";"2";"1";"15";"1";""
"202400017005";"155751834";"B01";"3";"1";"0";"2";"8";"2";"5";""
"202400017005";"155751835";"A01";"3";"7";"0";"2";"1";"17";"1";""
"202400017006";"155751833";"A01";"3";"1";"0";"1";"1";"1";"5";""
"202400017007";"155751831";"A01";"1";"7";"0";"2";"1";"2";"1";""
"202400017007";"155751832";"B01";"1";"7";"0";"2";"4";"2";"1";""
"202400017008";"155751829";"A01";"1";"7";"0";"2";"7";"1";"1";""
"202400017008";"155751830";"B01";"1";"7";"0";"2";"8";"13";"1";""
"202400017009";"155751827";"B01";"1";"7";"0";"2";"2";"1";"1";""
"202400017009";"155751828";"A01";"1";"7";"0";"2";"8";"11";"1";""
"202400017010";"155751826";"A01";"3";"33";"4";"0";"2";"1";"1";""
"202400017011";"155751825";"A01";"1";"7";"0";"5";"1";"1";"1";""
"202400017012";"155751822";"C01";"1";"7";"0";"0";"9";"1";"1";""
"202400017012";"155751823";"B01";"1";"7";"0";"0";"4";"1";"1";""
"202400017012";"155751824";"A01";"1";"7";"0";"2";"8";"11";"1";""
"202400017013";"155751819";"B01";"2";"7";"0";"2";"9";"1";"1";""
"202400017013";"155751820";"C01";"2";"7";"0";"2";"4";"1";"1";""
"202400017013";"155751821";"A01";"2";"7";"0";"2";"1";"1";"1";""
"202400017014";"155751816";"B01";"1";"7";"0";"2";"4";"1";"2";""
"202400017014";"155751817";"C01";"1";"7";"0";"2";"4";"1";"1";""
"202400017014";"155751818";"A01";"1";"10";"0";"2";"1";"12";"1";""
"202400017015";"155751815";"A01";"2";"7";"4";"0";"1";"1";"1";""
"202400017016";"155751813";"A01";"2";"7";"0";"2";"1";"2";"1";""
"202400017016";"155751814";"B01";"2";"7";"0";"2";"4";"2";"1";""
"202400017017";"155751811";"A01";"1";"7";"0";"2";"2";"14";"1";""
"202400017017";"155751812";"B01";"1";"7";"0";"2";"6";"1";"1";""
"202400017018";"155751808";"B01";"1";"7";"0";"2";"3";"1";"1";""
"202400017018";"155751809";"C01";"1";"7";"0";"2";"1";"2";"2";""
"202400017018";"155751810";"A01";"1";"17";"0";"2";"2";"12";"1";""
"202400017019";"155751805";"A01";"1";"7";"0";"2";"4";"1";"1";""
"202400017019";"155751806";"B01";"1";"7";"0";"2";"1";"2";"1";""
"202400017019";"155751807";"Z01";"1";"7";"0";"2";"1";"2";"0";""
"202400017020";"155751804";"A01";"2";"7";"4";"0";"3";"1";"2";""
"202400017021";"155751799";"A01";"2";"7";"0";"2";"8";"1";"1";""
"202400017021";"155751800";"B01";"2";"10";"0";"2";"7";"1";"1";""
"202400017021";"155751801";"C01";"2";"10";"0";"2";"5";"1";"1";""
"202400017021";"155751802";"Z01";"2";"7";"4";"2";"9";"26";"1";""
"202400017021";"155751803";"D01";"2";"7";"0";"2";"1";"1";"2";""
"202400017022";"155751797";"B01";"2";"7";"0";"2";"4";"1";"1";""
"202400017022";"155751798";"A01";"2";"33";"0";"2";"1";"1";"1";""
"202400017023";"155751795";"B01";"1";"7";"0";"2";"4";"2";"1";""
"202400017023";"155751796";"A01";"1";"7";"0";"2";"1";"2";"1";""
"202400017024";"155751793";"B01";"1";"7";"0";"2";"4";"1";"1";""
"202400017024";"155751794";"A01";"1";"10";"0";"2";"1";"1";"1";""
"202400017025";"155751790";"C01";"2";"7";"0";"2";"4";"1";"1";""
"202400017025";"155751791";"B01";"2";"7";"0";"2";"4";"1";"1";""
"202400017025";"155751792";"A01";"2";"10";"0";"2";"1";"1";"1";""
"202400017026";"155751788";"A01";"2";"7";"0";"2";"2";"2";"1";""
"202400017026";"155751789";"B01";"2";"7";"0";"2";"6";"11";"2";""
"202400017027";"155751786";"A01";"2";"7";"0";"2";"1";"2";"1";""
"202400017027";"155751787";"B01";"2";"7";"0";"2";"4";"2";"1";""
"202400017028";"155751785";"A01";"2";"7";"0";"1";"1";"15";"1";""
"202400017029";"155751783";"A01";"1";"50";"0";"2";"7";"19";"3";""
"202400017029";"155751784";"B01";"2";"7";"0";"2";"1";"1";"1";""
"202400017030";"155751782";"A01";"3";"7";"0";"1";"1";"1";"1";""
"202400017031";"155751780";"B01";"0";"99";"0";"2";"0";"23";"1";""
"202400017031";"155751781";"A01";"3";"34";"1";"2";"7";"16";"1";""
"202400017032";"155751778";"A01";"2";"10";"0";"2";"2";"16";"1";""
"202400017032";"155751779";"B01";"2";"50";"0";"2";"8";"1";"3";""
"202400017033";"155751777";"A01";"2";"50";"0";"2";"1";"13";"3";""
"202400017034";"155751775";"A01";"1";"32";"0";"2";"7";"1";"1";""
"202400017034";"155751776";"Z01";"3";"10";"0";"2";"0";"9";"0";""
"202400017035";"155751774";"A01";"1";"32";"0";"1";"1";"1";"1";""
"202400017036";"155751773";"A01";"1";"1";"0";"0";"1";"1";"5";""
"202400017037";"155751772";"A01";"1";"1";"0";"0";"1";"1";"5";""
"202400017038";"155751770";"B01";"1";"1";"0";"2";"1";"26";"5";""
"202400017038";"155751771";"A01";"2";"7";"16";"2";"1";"0";"0";""
"202400017039";"155751769";"A01";"1";"1";"0";"1";"0";"21";"5";""
"202400017040";"155751767";"B01";"3";"30";"0";"2";"8";"1";"3";""
"202400017040";"155751768";"A01";"3";"7";"0";"2";"1";"1";"1";""
"202400017041";"155751765";"B01";"1";"50";"0";"2";"1";"19";"3";""
"202400017041";"155751766";"A01";"3";"7";"0";"2";"2";"9";"1";""
"202400017042";"155751764";"A01";"2";"31";"0";"1";"2";"3";"1";""
"202400017043";"155751763";"A01";"1";"7";"9";"0";"1";"1";"1";""
"202400017044";"155751761";"B01";"0";"30";"0";"2";"2";"1";"1";""
"202400017044";"155751762";"A01";"0";"10";"0";"2";"1";"19";"1";""
"202400017045";"155751760";"A01";"1";"37";"12";"2";"0";"26";"2";"2"
"202400017046";"155751759";"A01";"1";"7";"0";"1";"1";"1";"0";""
"202400017047";"155751758";"A01";"1";"7";"0";"1";"1";"1";"1";""
"202400017048";"155751756";"A01";"0";"7";"0";"2";"3";"15";"1";""
"202400017048";"155751757";"B01";"0";"32";"0";"2";"2";"2";"3";""
"202400017049";"155751753";"A01";"1";"7";"0";"0";"0";"22";"1";""
"202400017049";"155751755";"B01";"1";"50";"1";"0";"1";"1";"3";""
"202400017050";"155751752";"B01";"2";"10";"0";"2";"1";"1";"1";""
"202400017050";"155751754";"A01";"1";"7";"9";"2";"5";"15";"2";""
"202400017051";"155751751";"A01";"3";"3";"0";"1";"1";"0";"1";""
"202400017052";"155751749";"B01";"2";"50";"0";"2";"1";"2";"3";""
"202400017052";"155751750";"Z01";"2";"7";"9";"2";"0";"10";"0";""
"202400017053";"155751748";"A01";"2";"7";"0";"1";"7";"1";"1";""
"202400017054";"155751746";"A01";"2";"37";"0";"1";"8";"26";"1";"1"
"202400017055";"155751745";"A01";"3";"10";"0";"2";"0";"15";"0";""
"202400017055";"155751747";"B01";"3";"31";"0";"2";"6";"2";"1";""
"202400017056";"155751744";"A01";"2";"7";"13";"0";"9";"13";"1";""
"202400017057";"155751742";"A01";"1";"7";"8";"2";"8";"2";"1";""
"202400017057";"155751743";"B01";"1";"7";"0";"2";"1";"15";"1";""
"202400017058";"155751741";"A01";"1";"7";"0";"1";"3";"0";"1";""
"202400017059";"155751738";"B01";"3";"7";"0";"2";"3";"19";"1";""
"202400017059";"155751740";"A01";"3";"7";"0";"2";"1";"9";"1";""
"202400017060";"155751734";"B01";"2";"33";"0";"2";"1";"1";"1";""
"202400017060";"155751736";"A01";"1";"7";"0";"2";"7";"1";"1";""
"202400017061";"155751733";"B01";"1";"7";"1";"0";"1";"1";"1";""
"202400017061";"155751735";"A01";"1";"15";"0";"0";"9";"1";"1";""
"202400017062";"155751732";"A01";"2";"7";"9";"0";"1";"1";"1";""
"202400017063";"155751730";"B01";"1";"7";"0";"2";"2";"1";"1";""
"202400017063";"155751731";"A01";"2";"33";"0";"2";"1";"15";"1";""
"202400017064";"155751728";"B01";"1";"32";"0";"2";"1";"1";"1";""
"202400017064";"155751729";"A01";"3";"7";"0";"2";"2";"15";"1";""
"202400017065";"155751727";"A01";"1";"7";"0";"1";"2";"0";"1";""
"202400017066";"155751724";"A01";"3";"7";"0";"2";"1";"1";"0";""
"202400017066";"155751726";"B01";"3";"99";"0";"2";"0";"0";"0";""
"202400017067";"155751723";"A01";"0";"50";"0";"2";"1";"5";"3";""
"202400017067";"155751725";"B01";"0";"7";"0";"9";"1";"0";"1";""
"202400017068";"155751720";"B01";"3";"7";"0";"2";"3";"1";"1";""
"202400017068";"155751722";"A01";"3";"7";"0";"2";"5";"15";"1";""
"202400017069";"155751718";"A01";"3";"10";"0";"2";"6";"0";"0";""
"202400017070";"155751716";"A01";"1";"7";"0";"2";"3";"15";"0";""
"202400017070";"155751717";"B01";"1";"33";"0";"2";"2";"17";"0";""
"202400017071";"155751713";"A01";"3";"30";"0";"2";"7";"13";"1";""
"202400017071";"155751715";"B01";"0";"7";"0";"2";"3";"14";"1";""
"202400017072";"155751708";"A01";"3";"7";"0";"2";"2";"20";"1";""
"202400017072";"155751710";"B01";"3";"2";"0";"2";"0";"1";"1";""
"202400017073";"155751709";"B01";"1";"7";"0";"2";"0";"15";"2";""
"202400017073";"155751711";"A01";"1";"31";"0";"2";"0";"1";"1";""
"202400017074";"155751707";"A01";"1";"7";"14";"1";"1";"1";"1";""
"202400017075";"155751705";"A01";"2";"33";"15";"0";"7";"1";"1";""
"202400017076";"155751704";"B01";"1";"32";"4";"0";"8";"1";"1";""
"202400017076";"155751706";"A01";"3";"30";"0";"9";"1";"19";"1";""
"202400017077";"155751702";"B01";"1";"1";"6";"2";"3";"1";"5";""
"202400017077";"155751703";"A01";"2";"7";"0";"9";"3";"15";"1";""
"202400017078";"155751700";"A01";"2";"33";"0";"2";"7";"17";"1";""
"202400017078";"155751701";"B01";"2";"7";"0";"2";"8";"13";"1";""
"202400017079";"155751696";"B01";"1";"7";"0";"9";"3";"16";"3";""
"202400017079";"155751698";"A01";"1";"1";"0";"2";"1";"5";"5";""
"202400017080";"155751695";"A01";"1";"33";"0";"6";"1";"1";"1";""
"202400017080";"155751697";"B01";"1";"7";"0";"6";"1";"14";"1";""
"202400017080";"155751699";"C01";"1";"7";"0";"6";"1";"1";"1";""
"202400017081";"155751694";"A01";"2";"7";"1";"0";"2";"1";"1";""
"202400017082";"155751692";"A01";"2";"17";"0";"2";"1";"1";"1";""
"202400017082";"155751693";"B01";"2";"7";"0";"0";"4";"23";"1";""
"202400017083";"155751689";"A01";"2";"7";"0";"2";"3";"15";"1";""
"202400017083";"155751691";"B01";"2";"33";"0";"2";"8";"7";"1";""
"202400017084";"155751690";"A01";"0";"7";"8";"0";"1";"14";"0";""
"202400017085";"155751686";"B01";"1";"15";"0";"0";"6";"1";"1";""
"202400017085";"155751688";"A01";"1";"7";"0";"2";"2";"14";"1";""
"202400017086";"155751685";"B01";"3";"33";"0";"2";"1";"19";"1";""
"202400017086";"155751687";"A01";"3";"7";"0";"0";"7";"1";"1";""
"202400017087";"155751683";"A01";"1";"2";"0";"2";"1";"5";"1";""
"202400017087";"155751684";"B01";"2";"7";"0";"2";"3";"15";"1";""
"202400017088";"155751681";"A01";"1";"10";"0";"2";"2";"17";"0";""
"202400017088";"155751682";"B01";"2";"7";"0";"2";"1";"1";"1";""
"202400017089";"155751679";"A01";"1";"7";"0";"2";"1";"21";"1";""
"202400017089";"155751680";"B01";"1";"7";"0";"2";"4";"0";"3";""
"202400017090";"155751677";"B01";"1";"14";"0";"0";"6";"0";"1";""
"202400017090";"155751678";"A01";"1";"10";"3";"2";"2";"0";"1";""
"202400017091";"155751673";"A01";"2";"1";"0";"0";"0";"1";"5";""
"202400017091";"155751675";"B01";"2";"10";"0";"0";"0";"16";"1";""
"202400017092";"155751671";"A01";"1";"17";"0";"2";"9";"2";"1";""
"202400017092";"155751672";"B01";"1";"7";"0";"2";"9";"23";"1";""
"202400017092";"155751674";"C01";"1";"17";"0";"2";"4";"2";"1";""
"202400017092";"155751676";"D01";"1";"7";"0";"2";"1";"2";"3";""
"202400017093";"155751670";"A01";"1";"33";"12";"0";"0";"1";"1";""
"202400017094";"155751669";"A01";"2";"17";"3";"0";"0";"1";"1";""
"202400017095";"155751667";"A01";"2";"7";"2";"0";"2";"1";"1";""
"202400017095";"155751668";"B01";"1";"2";"0";"2";"1";"19";"1";""
"202400017096";"155751665";"B01";"2";"10";"0";"2";"4";"1";"1";""
"202400017096";"155751666";"A01";"2";"33";"0";"2";"1";"3";"1";""
"202400017097";"155751664";"A01";"1";"1";"0";"0";"0";"0";"5";""
"202400017098";"155751663";"A01";"2";"15";"13";"0";"3";"17";"1";""
"202400017099";"155751662";"A01";"2";"43";"0";"0";"0";"16";"1";""
"202400017100";"155751661";"A01";"2";"1";"0";"1";"1";"1";"5";""
"202400017101";"155751659";"A01";"1";"7";"0";"2";"2";"0";"1";""
"202400017101";"155751660";"B01";"1";"7";"0";"2";"6";"0";"1";""
"202400017102";"155751658";"A01";"2";"7";"4";"0";"1";"26";"2";""
"202400017103";"155751654";"B01";"1";"7";"0";"2";"1";"1";"1";""
"202400017103";"155751656";"A01";"1";"7";"0";"0";"2";"19";"1";""
"202400017103";"155751657";"C01";"2";"7";"0";"0";"6";"23";"1";""
"202400017104";"155751653";"B01";"2";"15";"0";"2";"5";"1";"1";""
"202400017104";"155751655";"A01";"2";"10";"0";"2";"3";"11";"1";""
"202400017105";"155751652";"A01";"1";"33";"2";"0";"1";"13";"1";""
"202400017106";"155751647";"A01";"1";"7";"0";"2";"1";"1";"1";""
"202400017106";"155751650";"B01";"1";"14";"0";"0";"4";"2";"1";""
"202400017107";"155751648";"B01";"2";"32";"0";"2";"7";"3";"1";""
"202400017107";"155751649";"C01";"2";"7";"0";"2";"5";"1";"1";""
"202400017107";"155751651";"A01";"2";"10";"0";"2";"3";"11";"1";""
"202400017108";"155751643";"A01";"2";"7";"0";"2";"1";"15";"1";""
"202400017108";"155751645";"B01";"1";"7";"0";"2";"8";"1";"1";""
"202400017109";"155751640";"A01";"2";"17";"0";"0";"4";"1";"1";""
"202400017109";"155751642";"B01";"2";"7";"0";"2";"1";"2";"1";""
"202400017110";"155751639";"A01";"0";"7";"0";"2";"1";"13";"1";""
"202400017110";"155751641";"B01";"0";"10";"0";"2";"1";"1";"1";""
"202400017111";"155751634";"A01";"1";"7";"0";"2";"3";"1";"1";""
"202400017111";"155751635";"B01";"2";"7";"0";"2";"3";"1";"1";""
"202400017112";"155751633";"A01";"2";"3";"12";"0";"1";"1";"1";""
"202400017113";"155751631";"A01";"2";"50";"12";"0";"1";"26";"3";""
"202400017114";"155751630";"A01";"1";"7";"0";"2";"2";"1";"1";""
"202400017114";"155751632";"B01";"1";"2";"0";"2";"2";"26";"1";""
"202400017115";"155751627";"B01";"2";"1";"0";"2";"4";"2";"5";""
"202400017115";"155751628";"A01";"2";"99";"0";"2";"3";"2";"1";""
"202400017116";"155751626";"B01";"1";"2";"0";"2";"1";"1";"1";""
"202400017116";"155751629";"A01";"1";"10";"0";"2";"6";"9";"1";""
"202400017117";"155751622";"B01";"1";"50";"0";"2";"7";"1";"3";""
"202400017117";"155751624";"A01";"2";"7";"0";"2";"3";"15";"1";""
"202400017118";"155751623";"A01";"1";"7";"0";"2";"1";"13";"1";""
"202400017118";"155751625";"B01";"2";"7";"0";"2";"1";"1";"1";""
"202400017119";"155751619";"A01";"1";"7";"0";"2";"3";"13";"1";""
"202400017119";"155751620";"B01";"2";"7";"0";"2";"3";"1";"1";""
"202400017120";"155751618";"B01";"1";"7";"0";"2";"1";"19";"1";""
"202400017120";"155751621";"A01";"1";"50";"0";"2";"8";"19";"3";""
"202400017121";"155751615";"B01";"1";"50";"0";"2";"8";"16";"3";""
"202400017121";"155751616";"A01";"1";"7";"0";"2";"2";"15";"1";""
"202400017122";"155751614";"A01";"1";"7";"0";"2";"3";"9";"3";""
"202400017122";"155751617";"B01";"1";"7";"0";"2";"2";"1";"1";""
"202400017123";"155751612";"A01";"1";"7";"0";"2";"2";"15";"1";""
"202400017123";"155751613";"B01";"1";"33";"0";"2";"7";"1";"1";""
"202400017124";"155751611";"A01";"2";"7";"7";"0";"1";"6";"3";""
"202400017125";"155751608";"A01";"1";"7";"0";"2";"1";"2";"1";""
"202400017125";"155751610";"B01";"1";"7";"0";"2";"4";"2";"1";""
"202400017126";"155751607";"B01";"1";"7";"0";"2";"1";"1";"1";""
"202400017126";"155751609";"A01";"2";"7";"0";"2";"1";"13";"1";""
"202400017127";"155751606";"A01";"2";"7";"13";"0";"3";"21";"1";""
"202400017128";"155751605";"A01";"2";"0";"0";"1";"1";"21";"0";""
"202400017129";"155751603";"A01";"1";"7";"0";"2";"2";"13";"1";""
"202400017129";"155751604";"B01";"2";"7";"0";"2";"2";"1";"1";""
"202400017130";"155751601";"A01";"2";"30";"0";"2";"1";"7";"1";""
"202400017130";"155751602";"B01";"2";"37";"0";"2";"4";"7";"1";"1"
"202400017131";"155751600";"A01";"2";"33";"0";"1";"1";"17";"1";""
"202400017132";"155751599";"A01";"1";"7";"8";"1";"2";"16";"1";""
"202400017133";"155751598";"A01";"2";"33";"0";"6";"1";"1";"1";""
"202400017134";"155751597";"A01";"1";"7";"0";"1";"0";"1";"1";""
"202400017135";"155751594";"A01";"2";"7";"0";"2";"3";"13";"1";""
"202400017135";"155751596";"B01";"1";"14";"0";"2";"3";"1";"1";""
"202400017136";"155751593";"B01";"3";"1";"1";"0";"1";"1";"5";""
"202400017136";"155751595";"A01";"3";"7";"0";"2";"3";"24";"1";""
"202400017137";"155751591";"A01";"1";"7";"0";"1";"3";"1";"1";""
"202400017138";"155751589";"A01";"1";"7";"0";"1";"1";"1";"1";""
"202400017139";"155751587";"A01";"1";"10";"0";"2";"1";"1";"0";""
"202400017139";"155751588";"B01";"1";"7";"0";"2";"7";"1";"1";""
"202400017140";"155751585";"A01";"3";"60";"0";"2";"1";"1";"5";""
"202400017140";"155751586";"B01";"3";"7";"0";"2";"3";"1";"3";""
"202400017141";"155751582";"A01";"2";"7";"0";"2";"3";"13";"1";""
"202400017141";"155751584";"B01";"1";"7";"0";"2";"3";"1";"1";""
"202400017142";"155751581";"A01";"3";"7";"0";"2";"2";"1";"1";""
"202400017142";"155751583";"B01";"3";"7";"0";"2";"8";"9";"1";""
"202400017143";"155751580";"A01";"0";"21";"6";"0";"3";"1";"3";""
"202400017144";"155751579";"A01";"3";"7";"0";"1";"3";"1";"1";""
"202400017145";"155751577";"A01";"3";"7";"0";"2";"3";"1";"1";""
"202400017145";"155751578";"B01";"3";"7";"0";"2";"3";"1";"1";""
"202400017146";"155751576";"A01";"1";"7";"0";"1";"2";"21";"1";""
"202400017147";"155751573";"A01";"1";"7";"0";"2";"3";"9";"1";""
"202400017147";"155751575";"B01";"1";"2";"0";"2";"2";"1";"1";""
"202400017148";"155751572";"A01";"3";"7";"0";"2";"1";"1";"1";""
"202400017148";"155751574";"B01";"3";"7";"0";"2";"3";"1";"1";""
"202400017149";"155751570";"A01";"3";"10";"0";"1";"2";"1";"1";""
"202400017150";"155751569";"B01";"2";"33";"0";"2";"1";"1";"1";""
"202400017150";"155751571";"A01";"3";"10";"0";"2";"3";"19";"1";""
"202400017151";"155751568";"A01";"3";"7";"0";"1";"1";"1";"1";""
"202400017152";"155751565";"A01";"2";"2";"0";"2";"1";"1";"1";""
"202400017152";"155751567";"B01";"2";"10";"0";"2";"8";"9";"1";""
"202400017153";"155751564";"B01";"1";"7";"0";"2";"1";"2";"1";""
"202400017153";"155751566";"A01";"1";"7";"0";"0";"0";"0";"1";""
"202400017154";"155751561";"B01";"2";"31";"0";"2";"2";"1";"1";""
"202400017154";"155751563";"A01";"2";"7";"0";"2";"3";"15";"1";""
"202400017155";"155751560";"B01";"3";"7";"0";"2";"3";"1";"1";""
"202400017155";"155751562";"A01";"3";"7";"0";"2";"2";"15";"1";""
"202400017156";"155751555";"A01";"2";"7";"0";"2";"1";"15";"1";""
"202400017156";"155751556";"B01";"2";"30";"0";"2";"7";"17";"1";""
"202400017157";"155751557";"A01";"2";"30";"0";"2";"2";"15";"1";""
"202400017157";"155751558";"B01";"1";"7";"0";"2";"2";"1";"1";""
"202400017157";"155751559";"C01";"2";"7";"0";"2";"1";"2";"1";""
"202400017158";"155751554";"Z01";"1";"3";"0";"1";"1";"16";"1";""
"202400017159";"155751552";"A01";"1";"7";"3";"0";"1";"12";"1";""
"202400017159";"155751553";"B01";"1";"10";"0";"0";"4";"9";"1";""
"202400017160";"155751550";"A01";"1";"7";"0";"2";"2";"9";"1";""
"202400017160";"155751551";"B01";"2";"37";"0";"2";"3";"1";"3";"1"
"202400017161";"155751548";"A01";"1";"7";"0";"2";"3";"1";"6";""
"202400017161";"155751549";"B01";"1";"7";"0";"2";"2";"1";"1";""
"202400017162";"155751545";"A01";"3";"7";"0";"2";"3";"1";"1";""
"202400017162";"155751547";"B01";"3";"1";"0";"2";"1";"19";"5";""
"202400017163";"155751544";"A01";"1";"34";"0";"2";"1";"0";"1";""
"202400017163";"155751546";"B01";"1";"7";"0";"2";"4";"0";"1";""
"202400017164";"155751541";"B01";"2";"7";"0";"2";"3";"1";"1";""
"202400017164";"155751543";"A01";"1";"7";"0";"2";"3";"1";"1";""
"202400017165";"155751540";"B01";"1";"17";"0";"0";"6";"2";"1";""
"202400017165";"155751542";"A01";"1";"10";"0";"2";"1";"2";"1";""
"202400017166";"155751537";"B01";"1";"13";"0";"2";"3";"1";"6";""
"202400017166";"155751539";"A01";"2";"7";"0";"2";"3";"13";"1";""
"202400017167";"155751536";"A01";"1";"7";"0";"2";"3";"15";"2";""
"202400017167";"155751538";"B01";"2";"7";"0";"2";"3";"1";"1";""
"202400017168";"155751533";"B01";"1";"33";"0";"2";"1";"15";"0";""
"202400017168";"155751535";"A01";"1";"33";"0";"2";"1";"1";"1";""
"202400017169";"155751534";"A01";"1";"7";"0";"1";"1";"1";"1";""
"202400017170";"155751531";"A01";"2";"33";"0";"2";"3";"13";"1";""
"202400017170";"155751532";"B01";"1";"10";"0";"2";"2";"1";"1";""
"202400017171";"155751527";"A01";"2";"7";"0";"2";"1";"13";"1";""
"202400017171";"155751528";"B01";"1";"7";"0";"2";"1";"1";"1";""
"202400017172";"155751526";"A01";"2";"7";"13";"0";"9";"1";"1";""
"202400017173";"155751525";"A01";"1";"2";"0";"0";"0";"1";"1";""
"202400017174";"155751523";"A01";"2";"7";"0";"2";"3";"9";"1";""
"202400017174";"155751524";"B01";"2";"50";"0";"2";"0";"1";"3";""
"202400017175";"155751522";"A01";"3";"7";"2";"0";"1";"0";"1";""
"202400017176";"155751521";"A01";"1";"7";"0";"0";"9";"1";"1";""
"202400017177";"155751519";"A01";"3";"7";"15";"0";"2";"26";"2";""
"202400017178";"155751518";"B01";"1";"21";"0";"2";"1";"1";"1";""
"202400017178";"155751520";"A01";"1";"7";"0";"2";"8";"19";"1";""
"202400017179";"155751517";"A01";"0";"50";"0";"0";"0";"14";"3";""
"202400017180";"155751515";"B01";"3";"50";"0";"2";"1";"16";"3";""
"202400017180";"155751516";"A01";"0";"7";"0";"2";"1";"1";"1";""
"202400017181";"155751512";"A01";"1";"33";"0";"0";"0";"1";"1";""
"202400017182";"155751511";"C01";"1";"13";"0";"2";"4";"1";"1";""
"202400017182";"155751513";"A01";"1";"10";"0";"2";"1";"26";"1";""
"202400017182";"155751514";"B01";"1";"7";"0";"2";"4";"2";"1";""
"202400017183";"155751509";"A01";"0";"7";"0";"2";"4";"4";"1";""
"202400017184";"155751508";"A01";"1";"10";"0";"2";"3";"13";"1";""
"202400017184";"155751510";"B01";"2";"7";"0";"2";"3";"1";"1";""
"202400017185";"155751506";"A01";"0";"7";"0";"2";"1";"1";"1";""
"202400017185";"155751507";"B01";"0";"7";"0";"2";"3";"20";"1";""
"202400017186";"155751504";"A01";"1";"10";"0";"2";"3";"0";"1";""
"202400017186";"155751505";"B01";"0";"1";"0";"2";"4";"19";"5";""
"202400017187";"155751502";"B01";"2";"7";"0";"2";"3";"19";"1";""
"202400017187";"155751503";"A01";"2";"7";"0";"2";"1";"19";"1";""
"202400017188";"155751499";"B01";"2";"30";"0";"2";"1";"1";"1";""
"202400017188";"155751501";"A01";"2";"7";"0";"2";"0";"16";"1";""
"202400017189";"155751498";"A01";"2";"7";"0";"2";"1";"1";"1";""
"202400017189";"155751500";"B01";"1";"15";"0";"2";"3";"1";"1";""
"202400017190";"155751495";"B01";"3";"7";"0";"2";"4";"2";"1";""
"202400017190";"155751497";"A01";"3";"30";"0";"2";"1";"2";"1";""
"202400017191";"155751493";"A01";"2";"10";"0";"2";"1";"2";"1";""
"202400017191";"155751494";"B01";"2";"10";"0";"2";"4";"2";"1";""
"202400017191";"155751496";"C01";"2";"7";"0";"2";"4";"2";"1";""
"202400017192";"155751491";"A01";"2";"1";"0";"2";"1";"5";"5";""
"202400017192";"155751492";"B01";"1";"7";"0";"2";"2";"1";"1";""
"202400017193";"155751490";"A01";"2";"10";"0";"2";"0";"0";"1";""
"202400017194";"155751487";"B01";"2";"33";"0";"2";"2";"3";"1";""
"202400017194";"155751488";"A01";"2";"10";"0";"2";"8";"11";"1";""
"202400017195";"155751486";"A01";"2";"7";"0";"2";"7";"9";"1";""
"202400017195";"155751489";"B01";"2";"31";"0";"2";"1";"1";"1";""
"202400017196";"155751483";"A01";"1";"7";"0";"2";"1";"5";"1";""
"202400017196";"155751484";"B01";"1";"7";"0";"2";"0";"0";"1";""
"202400017197";"155751481";"A01";"2";"33";"0";"0";"3";"0";"1";""
"202400017198";"155751482";"A01";"3";"33";"0";"2";"3";"2";"1";""
"202400017198";"155751485";"B01";"3";"7";"0";"2";"5";"2";"1";""
"202400017199";"155751479";"A01";"1";"10";"0";"2";"1";"2";"0";""
"202400017199";"155751480";"B01";"1";"7";"0";"2";"4";"1";"0";""
"202400017200";"155751476";"B01";"2";"33";"0";"2";"1";"3";"1";""
"202400017200";"155751477";"C01";"2";"7";"0";"2";"5";"1";"1";""
"202400017200";"155751478";"A01";"2";"10";"0";"2";"3";"11";"1";""
"202400017201";"155751472";"A01";"1";"7";"0";"2";"1";"16";"1";""
"202400017201";"155751475";"B01";"2";"7";"0";"2";"8";"1";"1";""
"202400017202";"155751473";"B01";"1";"7";"0";"2";"5";"2";"0";""
"202400017202";"155751474";"A01";"1";"33";"0";"2";"2";"3";"1";""
"202400017203";"155751469";"B01";"2";"10";"1";"2";"1";"2";"1";""