"Num_Acc";"id_vehicule";"num_veh";"senc";"catv";"obs";"obsm";"choc";"manv";"motor";"occutc"
"202400017203";"155751471";"A01";"2";"7";"0";"2";"2";"23";"1";""
"202400017204";"155751468";"B01";"2";"37";"0";"2";"7";"1";"1";"2"
"202400017204";"155751470";"A01";"2";"14";"0";"2";"4";"4";"1";""
"202400017205";"155751464";"A01";"1";"33";"4";"0";"0";"1";"1";""
"202400017206";"155751462";"A01";"1";"10";"0";"2";"1";"2";"1";""
"202400017206";"155751463";"B01";"1";"10";"0";"2";"4";"23";"1";""
"202400017206";"155751465";"C01";"1";"7";"0";"2";"4";"23";"2";""
"202400017206";"155751466";"D01";"1";"7";"0";"2";"4";"23";"1";""
"202400017206";"155751467";"E01";"1";"7";"0";"2";"4";"23";"2";""
"202400017207";"155751460";"A01";"1";"7";"0";"2";"1";"10";"1";""
"202400017207";"155751461";"B01";"2";"31";"0";"2";"1";"1";"1";""
"202400017208";"155751457";"A01";"2";"10";"0";"2";"6";"12";"1";""
"202400017208";"155751458";"B01";"0";"7";"0";"2";"6";"1";"1";""
"202400017209";"155751456";"B01";"1";"7";"0";"2";"2";"1";"1";""
"202400017209";"155751459";"A01";"1";"1";"0";"2";"8";"15";"5";""
"202400017210";"155751452";"A01";"2";"7";"0";"2";"1";"1";"1";""
"202400017210";"155751453";"B01";"2";"7";"0";"2";"4";"1";"1";""
"202400017210";"155751455";"C01";"2";"7";"0";"0";"4";"1";"1";""
"202400017211";"155751451";"Z01";"3";"7";"0";"1";"2";"1";"0";""
"202400017212";"155751448";"B01";"2";"7";"0";"0";"4";"2";"1";""
"202400017212";"155751450";"A01";"2";"7";"0";"2";"1";"2";"1";""
"202400017213";"155751446";"A01";"3";"30";"0";"2";"1";"2";"1";""
"202400017213";"155751447";"B01";"3";"30";"0";"2";"4";"2";"1";""
"202400017213";"155751449";"C01";"3";"30";"16";"0";"0";"0";"1";""
"202400017214";"155751444";"A01";"1";"7";"0";"1";"1";"16";"1";""
"202400017215";"155751442";"A01";"2";"7";"0";"2";"2";"14";"1";""
"202400017215";"155751443";"B01";"2";"7";"0";"2";"4";"1";"1";""
"202400017215";"155751445";"C01";"2";"7";"4";"2";"5";"1";"1";""
"202400017216";"155751441";"A01";"2";"7";"0";"1";"1";"1";"1";""
"202400017217";"155751438";"B01";"1";"7";"0";"2";"4";"1";"1";""
"202400017217";"155751439";"A01";"1";"7";"0";"2";"1";"0";"0";""
"202400017218";"155751437";"B01";"2";"7";"0";"2";"4";"0";"1";""
"202400017218";"155751440";"A01";"2";"7";"0";"2";"1";"0";"1";""
"202400017219";"155751433";"A01";"1";"7";"0";"1";"2";"1";"1";""
"202400017220";"155751434";"A01";"1";"7";"4";"0";"7";"13";"4";""
"202400017221";"155751430";"A01";"3";"7";"0";"2";"1";"19";"1";""
"202400017221";"155751432";"B01";"3";"33";"0";"2";"7";"17";"1";""
"202400017222";"155751428";"B01";"2";"7";"0";"2";"3";"2";"1";""
"202400017222";"155751429";"A01";"2";"7";"0";"2";"1";"17";"1";""
"202400017222";"155751431";"C01";"2";"7";"0";"2";"3";"2";"1";""
"202400017223";"155751426";"A01";"1";"32";"0";"2";"1";"3";"1";""
"202400017223";"155751427";"B01";"2";"7";"0";"2";"1";"15";"1";""
"202400017224";"155751425";"A01";"2";"0";"0";"1";"0";"0";"0";""
"202400017225";"155751423";"A01";"2";"7";"0";"2";"1";"5";"1";""
"202400017225";"155751424";"B01";"1";"7";"0";"2";"1";"1";"1";""
"202400017226";"155751422";"A01";"0";"7";"0";"1";"1";"12";"0";""
"202400017227";"155751420";"A01";"1";"7";"0";"1";"4";"20";"1";""
"202400017228";"155751418";"A01";"1";"14";"0";"2";"5";"16";"1";""
"202400017228";"155751419";"C01";"3";"33";"0";"2";"1";"24";"1";""
"202400017228";"155751421";"B01";"1";"7";"14";"0";"3";"16";"1";""
"202400017229";"155751414";"A01";"1";"7";"0";"2";"3";"15";"0";""
"202400017229";"155751416";"B01";"1";"33";"0";"2";"1";"1";"0";""
"202400017230";"155751415";"B01";"2";"1";"0";"2";"0";"1";"5";""
"202400017230";"155751417";"A01";"1";"7";"0";"2";"0";"13";"1";""
"202400017231";"155751412";"B01";"1";"33";"0";"2";"1";"1";"1";""
"202400017231";"155751413";"A01";"1";"7";"0";"2";"1";"26";"1";""
"202400017232";"155751410";"B01";"1";"1";"0";"2";"0";"1";"5";""
"202400017232";"155751411";"A01";"2";"1";"0";"2";"0";"1";"5";""
"202400017233";"155751408";"Z01";"3";"7";"0";"2";"0";"13";"0";""
"202400017233";"155751409";"B01";"3";"7";"0";"2";"3";"1";"1";""
"202400017234";"155751405";"B01";"1";"60";"0";"2";"0";"1";"5";""
"202400017234";"155751407";"A01";"1";"7";"0";"2";"0";"20";"1";""
"202400017235";"155751404";"A01";"2";"7";"0";"2";"6";"0";"1";""
"202400017235";"155751406";"B01";"2";"2";"0";"2";"1";"2";"1";""
"202400017236";"155751403";"A01";"1";"7";"0";"1";"1";"9";"0";""
"202400017237";"155751402";"A01";"3";"7";"0";"1";"1";"13";"1";""
"202400017238";"155751400";"B01";"3";"7";"0";"2";"4";"2";"1";""
"202400017238";"155751401";"A01";"1";"10";"0";"2";"1";"2";"1";""
"202400017239";"155751399";"A01";"2";"7";"15";"0";"1";"13";"1";""
"202400017240";"155751397";"A01";"3";"7";"0";"1";"3";"26";"0";""
"202400017241";"155751396";"A01";"1";"7";"0";"2";"3";"15";"1";""
"202400017241";"155751398";"B01";"1";"31";"0";"2";"1";"1";"1";""
"202400017242";"155751392";"A01";"1";"7";"0";"2";"1";"2";"1";""
"202400017243";"155751393";"B01";"2";"31";"0";"2";"2";"0";"1";""
"202400017243";"155751394";"C01";"2";"7";"0";"2";"3";"23";"1";""
"202400017243";"155751395";"A01";"2";"7";"0";"9";"2";"19";"1";""
"202400017244";"155751391";"A01";"1";"7";"1";"0";"1";"14";"1";""
"202400017245";"155751390";"A01";"2";"7";"8";"0";"3";"13";"1";""
"202400017246";"155751389";"A01";"2";"99";"0";"9";"1";"26";"1";""
"202400017247";"155751388";"A01";"3";"10";"0";"1";"1";"16";"0";""
"202400017248";"155751386";"A01";"2";"7";"0";"2";"3";"13";"2";""
"202400017248";"155751387";"B01";"1";"7";"0";"2";"3";"1";"1";""
"202400017249";"155751385";"A01";"1";"7";"0";"1";"3";"16";"2";""
"202400017250";"155751383";"A01";"1";"7";"0";"2";"3";"26";"1";""
"202400017250";"155751384";"B01";"1";"7";"0";"2";"4";"21";"1";""
"202400017251";"155751380";"A01";"2";"7";"0";"2";"2";"16";"1";""
"202400017251";"155751382";"B01";"2";"32";"0";"2";"1";"1";"1";""
"202400017252";"155751379";"A01";"2";"1";"0";"2";"8";"11";"5";""
"202400017252";"155751381";"B01";"2";"7";"0";"2";"2";"1";"1";""
"202400017253";"155751375";"A01";"1";"7";"0";"2";"2";"1";"1";""
"202400017253";"155751378";"B01";"1";"2";"0";"2";"3";"1";"3";""
"202400017254";"155751376";"A01";"1";"1";"0";"2";"1";"1";"5";""
"202400017254";"155751377";"B01";"1";"7";"0";"2";"1";"1";"2";""
"202400017255";"155751372";"A01";"1";"2";"0";"0";"0";"14";"3";""
"202400017256";"155751371";"A01";"3";"7";"0";"1";"1";"1";"1";""
"202400017257";"155751369";"A01";"3";"13";"0";"2";"2";"2";"1";""
"202400017257";"155751370";"B01";"3";"34";"0";"2";"6";"0";"1";""
"202400017258";"155751368";"A01";"3";"7";"15";"0";"1";"9";"1";""
"202400017259";"155751366";"A01";"0";"7";"0";"0";"1";"13";"1";""
"202400017260";"155751365";"A01";"2";"7";"0";"2";"8";"10";"1";""
"202400017260";"155751367";"B01";"2";"7";"0";"2";"2";"1";"2";""
"202400017261";"155751364";"A01";"0";"7";"8";"0";"1";"1";"1";""
"202400017262";"155751361";"A01";"3";"10";"0";"1";"1";"1";"1";""
"202400017263";"155751362";"B01";"3";"10";"0";"2";"1";"1";"1";""
"202400017263";"155751363";"A01";"3";"10";"8";"2";"3";"14";"1";""
"202400017264";"155751360";"A01";"3";"31";"0";"1";"1";"25";"0";""
"202400017265";"155751359";"A01";"1";"7";"0";"1";"8";"1";"1";""
"202400017266";"155751356";"A01";"1";"33";"4";"0";"1";"13";"1";""
"202400017267";"155751353";"B01";"3";"7";"0";"2";"3";"1";"1";""
"202400017267";"155751355";"A01";"3";"7";"0";"2";"8";"1";"1";""
"202400017268";"155751354";"A01";"2";"30";"0";"1";"1";"17";"1";""
"202400017269";"155751352";"A01";"3";"1";"14";"0";"1";"1";"5";""
"202400017270";"155751351";"A01";"2";"7";"0";"0";"2";"1";"1";""
"202400017271";"155751348";"A01";"3";"7";"0";"2";"1";"2";"1";""
"202400017271";"155751349";"B01";"3";"7";"0";"2";"4";"1";"1";""
"202400017272";"155751350";"A01";"1";"7";"15";"0";"1";"2";"1";""
"202400017273";"155751347";"A01";"0";"1";"0";"0";"1";"1";"5";""
"202400017274";"155751344";"B01";"0";"7";"0";"2";"0";"1";"1";""
"202400017274";"155751345";"A01";"0";"7";"0";"2";"1";"15";"1";""
"202400017275";"155751342";"A01";"1";"7";"0";"1";"1";"1";"1";""
"202400017276";"155751341";"A01";"1";"7";"0";"0";"9";"0";"1";""
"202400017277";"155751343";"A01";"1";"7";"0";"0";"4";"26";"1";""
"202400017277";"155751346";"B01";"1";"7";"0";"2";"1";"2";"2";""
"202400017278";"155751340";"A01";"2";"7";"0";"1";"1";"1";"6";""
"202400017279";"155751336";"A01";"3";"99";"0";"2";"3";"15";"1";""
"202400017279";"155751338";"B01";"3";"30";"0";"2";"2";"17";"1";""
"202400017280";"155751335";"A01";"1";"7";"1";"0";"2";"14";"1";""
"202400017281";"155751332";"A01";"1";"7";"0";"2";"1";"16";"1";""
"202400017282";"155751331";"A01";"1";"7";"9";"0";"1";"20";"1";""
"202400017282";"155751334";"B01";"3";"7";"16";"0";"0";"0";"1";""
"202400017283";"155751330";"A01";"1";"50";"12";"0";"0";"2";"3";""
"202400017284";"155751326";"A01";"1";"7";"0";"2";"0";"0";"0";""
"202400017284";"155751328";"B01";"2";"10";"0";"2";"0";"0";"0";""
"202400017285";"155751322";"A01";"2";"10";"0";"1";"6";"4";"1";""
"202400017286";"155751321";"B01";"3";"7";"0";"2";"3";"1";"1";""
"202400017286";"155751324";"Z01";"3";"7";"0";"2";"1";"5";"1";""
"202400017287";"155751320";"B01";"3";"2";"0";"2";"1";"1";"1";""
"202400017287";"155751323";"A01";"3";"7";"0";"2";"1";"13";"1";""
"202400017288";"155751316";"B01";"1";"33";"0";"2";"7";"23";"1";""
"202400017288";"155751318";"A01";"1";"34";"0";"2";"8";"18";"1";""
"202400017289";"155751315";"B01";"3";"33";"0";"2";"7";"15";"1";""
"202400017289";"155751319";"A01";"3";"7";"0";"2";"3";"15";"2";""
"202400017290";"155751314";"A01";"1";"7";"0";"2";"7";"16";"2";""
"202400017290";"155751317";"B01";"1";"34";"0";"2";"8";"1";"1";""
"202400017291";"155751312";"A01";"1";"7";"3";"1";"1";"1";"1";""
"202400017292";"155751310";"A01";"1";"7";"0";"2";"7";"15";"1";""
"202400017292";"155751313";"B01";"2";"33";"0";"2";"1";"1";"1";""
"202400017293";"155751309";"A01";"1";"7";"0";"9";"2";"16";"2";""
"202400017293";"155751311";"B01";"1";"50";"0";"2";"3";"1";"3";""
"202400017294";"155751307";"A01";"1";"7";"0";"2";"8";"16";"1";""
"202400017294";"155751308";"B01";"1";"1";"0";"2";"7";"1";"5";""
"202400017295";"155751306";"A01";"2";"7";"0";"1";"1";"1";"1";""
"202400017296";"155751305";"A01";"1";"7";"0";"1";"3";"1";"1";""
"202400017297";"155751304";"A01";"3";"7";"5";"0";"4";"10";"1";""
"202400017298";"155751303";"A01";"0";"37";"0";"1";"6";"1";"3";"1"
"202400017299";"155751301";"A01";"1";"7";"2";"0";"1";"26";"1";""
"202400017300";"155751299";"A01";"1";"7";"0";"2";"5";"26";"1";""
"202400017300";"155751302";"B01";"2";"17";"15";"2";"3";"21";"1";""
"202400017301";"155751298";"A01";"1";"7";"0";"2";"1";"2";"1";""
"202400017301";"155751300";"B01";"1";"7";"0";"2";"4";"2";"1";""
"202400017302";"155751297";"A01";"2";"7";"0";"1";"1";"1";"1";""
"202400017303";"155751296";"A01";"2";"10";"5";"0";"3";"13";"1";""
"202400017304";"155751294";"A01";"2";"33";"0";"2";"1";"2";"1";""
"202400017304";"155751295";"B01";"2";"33";"0";"2";"4";"2";"1";""
"202400017305";"155751292";"A01";"1";"7";"0";"2";"1";"15";"1";""
"202400017305";"155751293";"B01";"2";"1";"0";"2";"8";"1";"5";""
"202400017306";"155751290";"A01";"3";"7";"0";"2";"1";"1";"1";""
"202400017306";"155751291";"B01";"0";"31";"0";"2";"8";"26";"1";""
"202400017307";"155751288";"A01";"3";"7";"0";"2";"3";"11";"2";""
"202400017307";"155751289";"B01";"0";"2";"0";"2";"7";"2";"3";""
"202400017308";"155751287";"A01";"3";"7";"0";"1";"1";"15";"2";""
"202400017309";"155751285";"A01";"1";"7";"0";"2";"3";"1";"1";""
"202400017309";"155751286";"B01";"2";"7";"0";"2";"3";"13";"1";""
"202400017310";"155751283";"A01";"2";"7";"0";"2";"8";"10";"1";""
"202400017310";"155751284";"B01";"2";"33";"0";"2";"1";"2";"1";""
"202400017311";"155751282";"A01";"3";"7";"0";"1";"1";"15";"1";""
"202400017312";"155751280";"A01";"1";"1";"12";"0";"1";"9";"5";""
"202400017313";"155751278";"A01";"0";"7";"0";"2";"3";"1";"1";""
"202400017313";"155751281";"B01";"0";"7";"0";"2";"3";"1";"1";""
"202400017314";"155751277";"B01";"2";"10";"0";"0";"0";"0";"0";""
"202400017314";"155751279";"A01";"2";"7";"0";"0";"4";"1";"1";""
"202400017315";"155751274";"A01";"2";"7";"0";"2";"1";"15";"1";""
"202400017315";"155751276";"B01";"1";"1";"0";"2";"1";"1";"5";""
"202400017316";"155751275";"A01";"1";"43";"7";"0";"1";"9";"1";""
"202400017317";"155751273";"A01";"2";"7";"6";"0";"3";"13";"1";""
"202400017318";"155751268";"C01";"3";"1";"0";"2";"1";"2";"5";""
"202400017318";"155751271";"A01";"3";"1";"0";"2";"4";"14";"5";""
"202400017318";"155751272";"B01";"3";"1";"0";"2";"4";"2";"5";""
"202400017319";"155751270";"A01";"1";"7";"0";"1";"1";"1";"1";""
"202400017320";"155751267";"B01";"2";"7";"0";"2";"1";"1";"1";""
"202400017320";"155751269";"A01";"1";"7";"0";"2";"2";"15";"1";""
"202400017321";"155751265";"B01";"1";"50";"0";"2";"1";"19";"3";""
"202400017321";"155751266";"A01";"1";"32";"0";"2";"2";"1";"1";""
"202400017322";"155751264";"Z01";"1";"7";"0";"1";"1";"16";"0";""
"202400017323";"155751263";"A01";"1";"7";"6";"0";"2";"1";"1";""
"202400017324";"155751260";"A01";"2";"7";"0";"2";"2";"15";"1";""
"202400017324";"155751261";"B01";"1";"50";"0";"2";"1";"1";"3";""
"202400017325";"155751259";"B01";"1";"7";"0";"2";"4";"23";"1";""
"202400017325";"155751262";"A01";"1";"10";"0";"2";"1";"1";"1";""
"202400017326";"155751256";"A01";"3";"80";"0";"1";"1";"1";"3";""
"202400017327";"155751257";"A01";"2";"7";"0";"2";"2";"15";"1";""
"202400017327";"155751258";"B01";"2";"33";"0";"2";"1";"13";"1";""
"202400017328";"155751254";"B01";"2";"30";"0";"2";"1";"1";"1";""
"202400017328";"155751255";"A01";"1";"7";"0";"2";"2";"15";"1";""
"202400017329";"155751251";"B01";"2";"7";"0";"2";"4";"2";"2";""
"202400017329";"155751253";"A01";"2";"7";"0";"2";"1";"2";"1";""
"202400017330";"155751250";"B01";"0";"33";"0";"2";"1";"0";"1";""
"202400017330";"155751252";"A01";"0";"7";"0";"2";"3";"15";"1";""
"202400017331";"155751249";"A01";"1";"7";"0";"0";"0";"0";"1";""
"202400017332";"155751248";"A01";"1";"7";"9";"0";"2";"1";"1";""
"202400017333";"155751246";"A01";"2";"33";"0";"2";"1";"2";"0";""
"202400017333";"155751247";"B01";"2";"7";"0";"0";"5";"1";"1";""
"202400017334";"155751245";"A01";"1";"7";"0";"1";"2";"16";"1";""
"202400017335";"155751244";"A01";"3";"7";"0";"1";"2";"15";"1";""
"202400017336";"155751241";"A01";"2";"33";"0";"2";"8";"3";"1";""
"202400017336";"155751243";"B01";"2";"7";"0";"2";"2";"1";"1";""
"202400017337";"155751239";"A01";"1";"7";"0";"2";"2";"19";"1";""
"202400017337";"155751242";"B01";"2";"33";"0";"2";"1";"1";"1";""
"202400017338";"155751238";"Z01";"1";"0";"0";"2";"1";"1";"0";""
"202400017338";"155751240";"A01";"3";"7";"0";"2";"3";"9";"2";""
"202400017339";"155751236";"A01";"2";"7";"8";"0";"7";"1";"1";""
"202400017340";"155751235";"B01";"0";"1";"0";"9";"0";"1";"5";""
"202400017340";"155751237";"A01";"0";"1";"0";"9";"0";"13";"5";""
"202400017341";"155751233";"A01";"2";"15";"0";"0";"0";"1";"1";""
"202400017342";"155751231";"A01";"1";"7";"0";"2";"1";"1";"1";""
"202400017342";"155751234";"B01";"2";"7";"0";"2";"2";"15";"2";""
"202400017343";"155751230";"B01";"3";"7";"0";"2";"6";"1";"1";""
"202400017343";"155751232";"A01";"3";"7";"0";"2";"2";"1";"1";""
"202400017344";"155751228";"B01";"2";"7";"0";"2";"1";"1";"1";""
"202400017344";"155751229";"A01";"2";"7";"14";"2";"5";"19";"1";""
"202400017345";"155751226";"A01";"1";"7";"0";"1";"3";"1";"0";""
"202400017346";"155751225";"A01";"2";"7";"0";"2";"5";"9";"1";""
"202400017346";"155751227";"B01";"1";"1";"0";"2";"2";"1";"5";""
"202400017347";"155751224";"A01";"2";"7";"13";"0";"9";"1";"1";""
"202400017348";"155751221";"B01";"2";"7";"0";"2";"2";"1";"1";""
"202400017348";"155751223";"A01";"3";"7";"0";"2";"3";"15";"1";""
"202400017349";"155751218";"A01";"1";"7";"0";"2";"1";"1";"1";""
"202400017349";"155751220";"B01";"1";"7";"0";"2";"4";"1";"1";""
"202400017349";"155751222";"C01";"1";"7";"0";"2";"4";"1";"1";""
"202400017350";"155751216";"A01";"1";"7";"1";"0";"1";"1";"2";""
"202400017351";"155751217";"B01";"1";"2";"0";"2";"1";"1";"1";""
"202400017351";"155751219";"A01";"1";"7";"0";"2";"2";"15";"1";""
"202400017352";"155751215";"A01";"2";"30";"0";"0";"3";"1";"3";""
"202400017353";"155751214";"A01";"1";"7";"0";"1";"3";"1";"1";""
"202400017354";"155751212";"A01";"2";"1";"0";"2";"1";"1";"5";""
"202400017354";"155751213";"B01";"2";"7";"0";"2";"6";"1";"1";""
"202400017355";"155751210";"A01";"3";"7";"0";"1";"3";"15";"1";""
"202400017356";"155751211";"A01";"1";"15";"0";"1";"2";"9";"1";""
"202400017357";"155751208";"A01";"1";"7";"0";"1";"2";"1";"1";""
"202400017358";"155751207";"A01";"1";"7";"2";"0";"1";"14";"1";""
"202400017359";"155751206";"B01";"1";"50";"1";"0";"7";"1";"3";""
"202400017359";"155751209";"A01";"1";"7";"0";"9";"8";"26";"2";""
"202400017360";"155751204";"B01";"1";"7";"0";"2";"3";"19";"1";""
"202400017360";"155751205";"A01";"1";"50";"0";"2";"1";"19";"3";""
"202400017361";"155751201";"A01";"2";"7";"0";"0";"6";"15";"1";""
"202400017361";"155751203";"B01";"2";"34";"0";"0";"1";"17";"1";""
"202400017362";"155751200";"A01";"1";"7";"0";"2";"1";"1";"1";""
"202400017362";"155751202";"B01";"1";"7";"0";"2";"3";"9";"1";""
"202400017363";"155751199";"A01";"3";"7";"0";"2";"3";"15";"1";""
"202400017364";"155751197";"B01";"2";"7";"0";"2";"3";"1";"1";""
"202400017364";"155751198";"A01";"1";"33";"0";"2";"1";"13";"1";""
"202400017365";"155751194";"A01";"2";"7";"0";"2";"1";"1";"1";""
"202400017365";"155751195";"B01";"3";"1";"0";"2";"8";"19";"5";""
"202400017366";"155751193";"A01";"2";"10";"0";"2";"2";"15";"1";""
"202400017366";"155751196";"B01";"1";"10";"0";"2";"1";"1";"1";""
"202400017367";"155751190";"A01";"2";"7";"13";"2";"3";"13";"1";""
"202400017367";"155751192";"B01";"1";"7";"0";"2";"1";"1";"1";""
"202400017368";"155751189";"A01";"1";"7";"0";"2";"1";"1";"1";""
"202400017368";"155751191";"B01";"1";"50";"0";"2";"8";"19";"3";""
"202400017369";"155751187";"A01";"1";"10";"0";"2";"2";"2";"1";""
"202400017369";"155751188";"B01";"1";"2";"0";"2";"4";"2";"1";""
"202400017370";"155751186";"A01";"1";"7";"13";"0";"2";"1";"1";""
"202400017371";"155751185";"Z01";"1";"31";"0";"1";"1";"1";"0";""
"202400017372";"155751181";"A01";"1";"7";"0";"2";"0";"1";"0";""
"202400017372";"155751184";"B01";"1";"7";"0";"2";"0";"2";"1";""
"202400017373";"155751179";"A01";"3";"1";"0";"2";"1";"13";"5";""
"202400017373";"155751183";"B01";"3";"50";"0";"2";"1";"1";"3";""
"202400017374";"155751177";"B01";"2";"10";"0";"2";"8";"1";"1";""
"202400017374";"155751178";"C01";"2";"10";"0";"2";"6";"1";"1";""
"202400017374";"155751180";"A01";"2";"33";"0";"2";"8";"17";"1";""
"202400017374";"155751182";"D01";"1";"33";"0";"2";"1";"1";"1";""
"202400017375";"155751174";"A01";"1";"7";"0";"2";"1";"1";"1";""
"202400017375";"155751176";"B01";"1";"3";"0";"2";"4";"23";"1";""
"202400017376";"155751173";"A01";"2";"7";"0";"2";"5";"15";"1";""
"202400017376";"155751175";"B01";"1";"32";"0";"2";"1";"1";"1";""
"202400017377";"155751171";"B01";"1";"7";"0";"2";"1";"1";"1";""
"202400017377";"155751172";"A01";"1";"7";"0";"2";"5";"1";"1";""
"202400017378";"155751169";"A01";"2";"7";"6";"0";"1";"1";"1";""
"202400017379";"155751167";"A01";"1";"7";"13";"2";"2";"17";"1";""
"202400017379";"155751170";"B01";"2";"13";"0";"2";"1";"21";"1";""
"202400017380";"155751166";"B01";"3";"32";"0";"2";"1";"1";"1";""
"202400017380";"155751168";"A01";"3";"7";"0";"2";"3";"16";"1";""
"202400017381";"155751165";"A01";"2";"33";"2";"0";"0";"1";"1";""
"202400017382";"155751162";"A01";"2";"10";"13";"0";"1";"9";"1";""
"202400017383";"155751158";"A01";"1";"7";"13";"0";"1";"1";"1";""
"202400017384";"155751157";"C01";"2";"7";"0";"2";"4";"1";"1";""
"202400017384";"155751159";"A01";"2";"13";"0";"2";"5";"2";"1";""
"202400017384";"155751161";"B01";"2";"7";"0";"2";"7";"2";"1";""
"202400017384";"155751164";"D01";"2";"10";"0";"2";"1";"2";"1";""
"202400017385";"155751155";"A01";"1";"31";"0";"2";"1";"13";"1";""
"202400017385";"155751156";"B01";"2";"7";"0";"2";"1";"1";"1";""
"202400017386";"155751152";"B01";"3";"1";"0";"2";"0";"0";"5";""
"202400017386";"155751154";"A01";"3";"7";"0";"9";"0";"0";"1";""
"202400017387";"155751151";"A01";"3";"7";"0";"2";"3";"1";"1";""
"202400017387";"155751153";"B01";"3";"7";"0";"0";"8";"1";"1";""
"202400017388";"155751150";"A01";"1";"7";"0";"1";"3";"1";"1";""
"202400017389";"155751146";"A01";"1";"7";"3";"0";"9";"26";"1";""
"202400017389";"155751149";"B01";"1";"7";"13";"2";"0";"0";"1";""
"202400017390";"155751145";"A01";"1";"31";"0";"2";"1";"1";"1";""
"202400017390";"155751148";"B01";"2";"7";"0";"2";"3";"11";"1";""
"202400017391";"155751144";"A01";"1";"33";"0";"2";"1";"2";"1";""
"202400017391";"155751147";"B01";"1";"10";"0";"2";"5";"2";"1";""
"202400017392";"155751142";"A01";"1";"7";"4";"6";"1";"1";"1";""
"202400017393";"155751143";"Z01";"3";"7";"0";"1";"1";"2";"0";""
"202400017394";"155751140";"A01";"1";"7";"0";"0";"3";"2";"1";""
"202400017394";"155751141";"B01";"1";"7";"0";"0";"5";"23";"1";""
"202400017395";"155751139";"A01";"1";"7";"13";"0";"1";"1";"1";""
"202400017396";"155751138";"A01";"3";"7";"0";"1";"1";"1";"1";""
"202400017397";"155751134";"A01";"3";"7";"0";"1";"2";"17";"2";""
"202400017398";"155751135";"B01";"3";"21";"0";"0";"0";"1";"1";""
"202400017398";"155751136";"A01";"3";"1";"0";"9";"1";"1";"5";""
"202400017399";"155751133";"A01";"0";"10";"0";"2";"1";"1";"1";""
"202400017399";"155751137";"B01";"3";"7";"0";"2";"2";"2";"1";""
"202400017400";"155751130";"A01";"1";"10";"2";"0";"1";"1";"1";""
"202400017401";"155751129";"A01";"1";"7";"12";"2";"3";"9";"1";""
"202400017401";"155751132";"B01";"1";"7";"12";"2";"5";"9";"1";""
"202400017402";"155751128";"A01";"1";"10";"0";"2";"7";"2";"1";""
"202400017402";"155751131";"B01";"1";"1";"13";"0";"8";"2";"5";""
"202400017403";"155751127";"A01";"2";"33";"13";"0";"2";"1";"1";""
"202400017404";"155751124";"A01";"2";"7";"6";"0";"1";"1";"1";""
"202400017405";"155751123";"B01";"2";"7";"0";"2";"3";"0";"0";""
"202400017405";"155751126";"A01";"1";"34";"0";"2";"2";"1";"1";""
"202400017406";"155751122";"A01";"1";"7";"0";"2";"1";"1";"1";""
"202400017406";"155751125";"B01";"1";"7";"0";"2";"4";"1";"1";""
"202400017407";"155751119";"A01";"1";"7";"0";"2";"1";"19";"1";""
"202400017407";"155751120";"B01";"2";"2";"0";"2";"1";"17";"1";""
"202400017408";"155751118";"A01";"1";"10";"13";"0";"3";"13";"1";""
"202400017409";"155751117";"A01";"1";"7";"0";"2";"7";"9";"1";""
"202400017409";"155751121";"B01";"1";"7";"0";"2";"1";"26";"1";""
"202400017410";"155751113";"B01";"2";"43";"0";"2";"1";"1";"1";""
"202400017410";"155751116";"A01";"1";"10";"0";"2";"3";"1";"1";""
"202400017411";"155751115";"A01";"1";"7";"0";"0";"2";"1";"1";""
"202400017412";"155751111";"A01";"3";"7";"0";"1";"4";"4";"1";""
"202400017413";"155751112";"A01";"2";"31";"1";"0";"1";"14";"1";""
"202400017414";"155751109";"B01";"2";"15";"0";"0";"6";"1";"1";""
"202400017414";"155751110";"A01";"2";"10";"0";"2";"7";"17";"1";""
"202400017415";"155751104";"C01";"1";"7";"0";"2";"1";"1";"1";""
"202400017415";"155751107";"B01";"1";"10";"0";"2";"3";"1";"1";""
"202400017415";"155751108";"A01";"2";"7";"0";"2";"1";"13";"1";""
"202400017416";"155751103";"B01";"1";"7";"0";"2";"1";"1";"1";""
"202400017416";"155751106";"A01";"1";"7";"0";"2";"7";"1";"1";""
"202400017417";"155751102";"A01";"2";"31";"6";"0";"1";"11";"1";""
"202400017417";"155751105";"B01";"2";"15";"0";"0";"6";"1";"1";""
"202400017418";"155751099";"A01";"1";"15";"3";"0";"7";"1";"1";""
"202400017419";"155751098";"A01";"1";"33";"0";"2";"1";"1";"1";""
"202400017419";"155751101";"B01";"1";"10";"0";"2";"5";"11";"1";""
"202400017420";"155751097";"A01";"2";"10";"0";"2";"1";"13";"1";""
"202400017420";"155751100";"B01";"1";"7";"0";"2";"1";"1";"1";""
"202400017421";"155751093";"A01";"1";"7";"8";"0";"0";"13";"1";""
"202400017422";"155751092";"A01";"2";"7";"0";"2";"2";"1";"3";""
"202400017422";"155751095";"B01";"1";"7";"0";"2";"1";"1";"1";""
"202400017423";"155751091";"A01";"0";"7";"0";"2";"1";"15";"1";""
"202400017423";"155751094";"B01";"2";"10";"0";"2";"1";"1";"1";""
"202400017423";"155751096";"C01";"1";"17";"0";"2";"1";"23";"1";""
"202400017424";"155751088";"A01";"2";"7";"0";"2";"1";"2";"1";""
"202400017424";"155751090";"B01";"2";"1";"0";"0";"4";"2";"5";""