"Num_Acc";"id_vehicule";"num_veh";"senc";"catv";"obs";"obsm";"choc";"manv";"motor";"occutc"
"202400017425";"155751087";"A01";"0";"7";"0";"2";"1";"16";"1";""
"202400017425";"155751089";"Y01";"3";"60";"0";"2";"8";"1";"5";""
"202400017426";"155751086";"A01";"3";"7";"0";"1";"2";"2";"1";""
"202400017427";"155751084";"A01";"1";"7";"0";"2";"1";"19";"1";""
"202400017427";"155751085";"B01";"2";"7";"12";"2";"1";"1";"1";""
"202400017428";"155751082";"B01";"3";"7";"0";"2";"5";"1";"2";""
"202400017428";"155751083";"A01";"3";"1";"0";"2";"1";"1";"5";""
"202400017429";"155751081";"A01";"2";"7";"0";"1";"0";"1";"1";""
"202400017430";"155751079";"B01";"1";"10";"0";"2";"1";"1";"1";""
"202400017430";"155751080";"A01";"2";"7";"0";"2";"2";"1";"1";""
"202400017431";"155751076";"A01";"2";"60";"1";"2";"8";"1";"5";""
"202400017431";"155751078";"Z01";"2";"13";"0";"0";"0";"2";"0";""
"202400017432";"155751075";"A01";"1";"99";"0";"2";"1";"1";"1";""
"202400017432";"155751077";"B01";"2";"7";"0";"2";"1";"1";"1";""
"202400017433";"155751071";"A01";"2";"3";"0";"2";"1";"0";"1";""
"202400017433";"155751074";"B01";"1";"7";"0";"2";"2";"1";"1";""
"202400017434";"155751069";"A01";"1";"7";"0";"2";"3";"15";"1";""
"202400017434";"155751072";"B01";"2";"31";"0";"2";"1";"1";"1";""
"202400017435";"155751067";"A01";"1";"7";"0";"2";"3";"16";"1";""
"202400017435";"155751068";"B01";"1";"7";"0";"2";"3";"2";"1";""
"202400017436";"155751066";"A01";"2";"10";"0";"1";"3";"1";"1";""
"202400017437";"155751070";"A01";"1";"7";"0";"2";"3";"15";"2";""
"202400017437";"155751073";"B01";"2";"31";"0";"2";"8";"1";"1";""
"202400017438";"155751064";"A01";"1";"7";"3";"0";"1";"1";"1";""
"202400017439";"155751063";"A01";"2";"7";"0";"2";"2";"13";"1";""
"202400017439";"155751065";"B01";"1";"10";"0";"2";"2";"13";"1";""
"202400017440";"155751062";"A01";"2";"7";"0";"1";"1";"2";"1";""
"202400017441";"155751060";"A01";"2";"1";"0";"2";"1";"13";"5";""
"202400017441";"155751061";"B01";"1";"7";"0";"9";"8";"26";"1";""
"202400017442";"155751059";"A01";"1";"33";"8";"0";"2";"1";"1";""
"202400017443";"155751058";"A01";"1";"7";"0";"1";"1";"15";"1";""
"202400017444";"155751053";"A01";"2";"7";"0";"2";"2";"16";"1";""
"202400017444";"155751055";"B01";"3";"1";"0";"2";"7";"1";"5";""
"202400017445";"155751052";"A01";"1";"10";"0";"2";"1";"13";"1";""
"202400017445";"155751056";"B01";"2";"7";"0";"2";"1";"1";"2";""
"202400017446";"155751054";"A01";"1";"7";"0";"9";"3";"26";"1";""
"202400017446";"155751057";"B01";"1";"1";"0";"2";"1";"1";"5";""
"202400017447";"155751050";"A01";"2";"7";"0";"1";"3";"1";"1";""
"202400017448";"155751047";"A01";"1";"7";"0";"2";"2";"15";"1";""
"202400017448";"155751049";"B01";"2";"33";"0";"2";"1";"1";"1";""
"202400017449";"155751048";"A01";"2";"7";"0";"2";"1";"1";"1";""
"202400017449";"155751051";"B01";"1";"7";"0";"2";"2";"1";"1";""
"202400017450";"155751045";"B01";"1";"33";"0";"2";"3";"3";"1";""
"202400017450";"155751046";"A01";"1";"7";"0";"2";"7";"12";"1";""
"202400017451";"155751043";"A01";"1";"7";"0";"1";"1";"15";"1";""
"202400017452";"155751044";"A01";"1";"7";"13";"0";"1";"1";"1";""
"202400017453";"155751041";"A01";"3";"50";"0";"2";"7";"19";"3";""
"202400017453";"155751042";"B01";"1";"7";"0";"2";"1";"26";"1";""
"202400017454";"155751040";"A01";"1";"34";"0";"1";"1";"21";"1";""
"202400017455";"155751037";"A01";"1";"50";"0";"1";"1";"5";"3";""
"202400017456";"155751036";"B01";"2";"7";"0";"2";"3";"1";"1";""
"202400017456";"155751038";"A01";"1";"7";"0";"2";"8";"19";"1";""
"202400017457";"155751035";"B01";"1";"7";"0";"2";"1";"1";"1";""
"202400017457";"155751039";"A01";"1";"7";"0";"2";"1";"15";"1";""
"202400017458";"155751033";"A01";"3";"32";"0";"2";"1";"1";"3";""
"202400017458";"155751034";"B01";"3";"10";"0";"2";"4";"23";"1";""
"202400017459";"155751031";"A01";"2";"2";"0";"2";"8";"16";"1";""
"202400017459";"155751032";"B01";"2";"21";"0";"2";"1";"15";"1";""
"202400017460";"155751029";"A01";"1";"7";"0";"1";"1";"1";"1";""
"202400017461";"155751030";"A01";"2";"2";"1";"0";"1";"1";"1";""
"202400017462";"155751027";"A01";"2";"7";"10";"0";"1";"11";"1";""
"202400017462";"155751028";"B01";"2";"7";"3";"0";"2";"21";"1";""
"202400017463";"155751026";"A01";"1";"33";"13";"0";"9";"1";"1";""
"202400017464";"155751023";"A01";"1";"7";"0";"9";"2";"1";"1";""
"202400017464";"155751025";"B01";"1";"80";"0";"2";"4";"1";"3";""
"202400017465";"155751022";"A01";"1";"7";"0";"2";"1";"13";"1";""
"202400017465";"155751024";"B01";"2";"7";"0";"2";"1";"1";"1";""
"202400017466";"155751021";"A01";"0";"1";"6";"0";"1";"1";"5";""
"202400017467";"155751019";"A01";"1";"33";"0";"2";"7";"1";"1";""
"202400017467";"155751020";"B01";"1";"7";"0";"9";"0";"0";"2";""
"202400017468";"155751018";"A01";"3";"7";"0";"1";"5";"1";"1";""
"202400017469";"155751017";"A01";"3";"7";"0";"1";"3";"16";"1";""
"202400017470";"155751016";"A01";"2";"7";"2";"0";"1";"17";"1";""
"202400017471";"155751014";"A01";"3";"21";"0";"0";"1";"1";"1";""
"202400017472";"155751013";"A01";"1";"7";"0";"2";"7";"12";"1";""
"202400017472";"155751015";"B01";"1";"1";"0";"2";"1";"1";"5";""
"202400017473";"155751012";"A01";"2";"33";"0";"1";"1";"1";"1";""
"202400017474";"155751011";"A01";"1";"7";"16";"0";"1";"16";"1";""
"202400017475";"155751009";"A01";"1";"7";"0";"1";"1";"1";"1";""
"202400017476";"155751008";"A01";"1";"7";"0";"2";"3";"2";"1";""
"202400017476";"155751010";"B01";"1";"7";"0";"2";"3";"0";"1";""
"202400017477";"155751006";"A01";"3";"31";"14";"0";"1";"0";"1";""
"202400017478";"155751005";"B01";"1";"7";"14";"0";"4";"2";"1";""
"202400017478";"155751007";"A01";"1";"30";"0";"2";"1";"2";"1";""
"202400017479";"155751004";"A01";"1";"10";"0";"0";"8";"0";"1";""
"202400017480";"155751003";"A01";"1";"1";"0";"2";"8";"1";"5";""
"202400017481";"155751002";"A01";"2";"15";"0";"1";"3";"23";"1";""
"202400017482";"155751000";"A01";"3";"7";"1";"0";"3";"22";"1";""
"202400017482";"155751001";"B01";"2";"60";"1";"2";"2";"1";"5";""
"202400017483";"155750997";"A01";"3";"7";"0";"2";"1";"9";"1";""
"202400017483";"155750999";"B01";"3";"33";"0";"2";"1";"1";"1";""
"202400017484";"155750996";"A01";"1";"7";"0";"2";"1";"13";"1";""
"202400017484";"155750998";"B01";"2";"7";"0";"2";"1";"1";"1";""
"202400017485";"155750994";"B01";"2";"7";"0";"0";"3";"1";"2";""
"202400017485";"155750995";"A01";"1";"7";"0";"0";"3";"1";"1";""
"202400017486";"155750992";"B01";"1";"50";"0";"2";"7";"17";"3";""
"202400017486";"155750993";"A01";"1";"7";"0";"2";"3";"1";"1";""
"202400017487";"155750989";"A01";"2";"7";"0";"0";"4";"2";"1";""
"202400017487";"155750991";"B01";"2";"7";"0";"2";"1";"2";"1";""
"202400017488";"155750987";"A01";"3";"10";"2";"0";"7";"1";"1";""
"202400017489";"155750984";"A01";"1";"43";"3";"0";"2";"1";"1";""
"202400017490";"155750985";"A01";"2";"7";"0";"2";"1";"1";"1";""
"202400017490";"155750986";"B01";"1";"7";"0";"2";"1";"1";"1";""
"202400017491";"155750982";"A01";"2";"7";"2";"0";"2";"0";"1";""
"202400017492";"155750981";"A01";"0";"7";"0";"1";"2";"1";"1";""
"202400017493";"155750977";"C01";"2";"7";"0";"2";"1";"1";"1";""
"202400017493";"155750978";"A01";"2";"7";"0";"1";"1";"14";"1";""
"202400017494";"155750976";"A01";"3";"7";"0";"2";"3";"13";"1";""
"202400017494";"155750979";"B01";"3";"7";"0";"2";"3";"1";"1";""
"202400017495";"155750975";"A01";"3";"7";"0";"1";"1";"17";"1";""
"202400017496";"155750973";"B01";"2";"14";"0";"2";"2";"21";"1";""
"202400017496";"155750974";"A01";"2";"7";"0";"2";"2";"16";"1";""
"202400017497";"155750971";"B01";"1";"33";"0";"2";"1";"1";"1";""
"202400017497";"155750972";"A01";"2";"7";"0";"2";"2";"10";"1";""
"202400017498";"155750970";"A01";"1";"7";"14";"0";"1";"1";"1";""
"202400017499";"155750968";"A01";"1";"7";"0";"2";"1";"15";"1";""
"202400017499";"155750969";"B01";"2";"7";"0";"2";"1";"1";"1";""
"202400017500";"155750966";"A01";"0";"1";"0";"2";"4";"2";"5";""
"202400017500";"155750967";"B01";"0";"1";"0";"2";"1";"2";"5";""
"202400017501";"155750965";"A01";"3";"2";"0";"0";"0";"16";"3";""
"202400017502";"155750964";"A01";"1";"7";"0";"1";"3";"1";"1";""
"202400017503";"155750963";"A01";"1";"1";"14";"0";"1";"1";"5";""
"202400017504";"155750962";"A01";"2";"10";"13";"0";"1";"19";"1";""
"202400017505";"155750960";"A01";"1";"7";"3";"2";"3";"13";"1";""
"202400017505";"155750961";"B01";"2";"7";"0";"2";"3";"1";"1";""
"202400017506";"155750958";"B01";"2";"7";"0";"2";"7";"0";"1";""
"202400017506";"155750959";"A01";"1";"7";"0";"2";"3";"15";"1";""
"202400017507";"155750956";"B01";"1";"2";"0";"2";"1";"9";"1";""
"202400017507";"155750957";"A01";"2";"7";"0";"2";"3";"9";"1";""
"202400017508";"155750954";"A01";"1";"7";"0";"0";"3";"1";"1";""
"202400017508";"155750955";"B01";"2";"10";"0";"0";"1";"1";"1";""
"202400017509";"155750952";"A01";"1";"7";"0";"2";"8";"9";"1";""
"202400017509";"155750953";"B01";"1";"33";"0";"2";"3";"1";"1";""
"202400017510";"155750950";"B01";"1";"7";"0";"2";"3";"1";"1";""
"202400017510";"155750951";"A01";"1";"17";"0";"0";"0";"9";"1";""
"202400017511";"155750948";"A01";"1";"7";"0";"2";"1";"13";"1";""
"202400017511";"155750949";"B01";"2";"14";"0";"2";"3";"1";"1";""
"202400017512";"155750947";"A01";"1";"2";"0";"0";"0";"1";"1";""
"202400017513";"155750945";"A01";"1";"7";"1";"2";"2";"2";"1";""
"202400017513";"155750946";"B01";"2";"7";"8";"0";"2";"1";"1";""
"202400017514";"155750944";"A01";"2";"7";"13";"0";"3";"1";"1";""
"202400017515";"155750942";"A01";"2";"7";"0";"1";"2";"1";"1";""
"202400017516";"155750940";"A01";"3";"7";"0";"2";"8";"15";"1";""
"202400017516";"155750941";"B01";"3";"2";"0";"2";"1";"1";"1";""
"202400017517";"155750938";"A01";"2";"7";"0";"2";"1";"17";"1";""
"202400017517";"155750939";"B01";"3";"7";"0";"2";"8";"19";"1";""
"202400017518";"155750937";"A01";"3";"7";"0";"1";"2";"1";"1";""
"202400017519";"155750935";"A01";"2";"7";"0";"2";"3";"9";"1";""
"202400017519";"155750936";"B01";"2";"33";"0";"2";"7";"1";"1";""
"202400017520";"155750932";"A01";"1";"7";"0";"2";"2";"1";"1";""
"202400017520";"155750933";"B01";"2";"7";"0";"2";"1";"13";"1";""
"202400017520";"155750934";"C01";"1";"7";"0";"2";"1";"1";"1";""
"202400017521";"155750927";"A01";"1";"10";"0";"1";"2";"1";"1";""
"202400017522";"155750925";"A01";"1";"7";"3";"2";"2";"1";"1";""
"202400017522";"155750926";"B01";"2";"7";"3";"2";"2";"5";"1";""
"202400017523";"155750924";"A01";"1";"7";"3";"0";"2";"1";"1";""
"202400017524";"155750922";"A01";"2";"10";"0";"0";"3";"11";"1";""
"202400017524";"155750923";"B01";"2";"7";"0";"0";"5";"1";"1";""
"202400017525";"155750920";"A01";"3";"7";"15";"0";"3";"1";"1";""
"202400017525";"155750921";"B01";"3";"14";"0";"2";"3";"1";"1";""
"202400017526";"155750919";"A01";"3";"33";"8";"0";"1";"21";"1";""
"202400017527";"155750918";"A01";"1";"7";"0";"1";"3";"21";"1";""
"202400017528";"155750917";"A01";"2";"33";"2";"0";"1";"0";"1";""
"202400017529";"155750916";"A01";"2";"1";"13";"0";"0";"19";"5";""
"202400017530";"155750914";"A01";"0";"30";"0";"0";"5";"1";"1";""
"202400017530";"155750915";"B01";"3";"7";"0";"2";"3";"9";"1";""
"202400017531";"155750913";"A01";"3";"7";"0";"1";"3";"15";"3";""
"202400017532";"155750911";"B01";"1";"33";"0";"2";"8";"1";"0";""
"202400017532";"155750912";"A01";"2";"7";"0";"2";"1";"15";"1";""
"202400017533";"155750909";"A01";"2";"7";"0";"2";"1";"1";"1";""
"202400017533";"155750910";"B01";"1";"7";"0";"2";"2";"15";"1";""
"202400017534";"155750908";"A01";"2";"7";"3";"0";"9";"14";"1";""
"202400017535";"155750907";"A01";"2";"10";"0";"1";"3";"15";"1";""
"202400017536";"155750905";"A01";"1";"7";"0";"1";"2";"1";"1";""
"202400017537";"155750904";"A01";"2";"7";"3";"0";"1";"1";"1";""
"202400017538";"155750903";"A01";"2";"10";"0";"1";"3";"1";"1";""
"202400017539";"155750901";"A01";"3";"7";"0";"2";"3";"16";"2";""
"202400017539";"155750902";"B01";"3";"7";"0";"2";"3";"15";"1";""
"202400017540";"155750899";"B01";"2";"38";"0";"2";"3";"1";"1";"1"
"202400017540";"155750900";"A01";"1";"10";"0";"2";"3";"13";"1";""
"202400017541";"155750897";"B01";"1";"7";"4";"2";"4";"2";"1";""
"202400017541";"155750898";"A01";"1";"7";"0";"2";"1";"2";"1";""
"202400017542";"155750896";"A01";"1";"33";"0";"2";"7";"3";"1";""
"202400017543";"155750894";"A01";"1";"43";"11";"2";"1";"3";"1";""
"202400017543";"155750895";"B01";"1";"7";"0";"2";"5";"12";"1";""
"202400017544";"155750892";"B01";"2";"33";"0";"2";"7";"1";"1";""
"202400017544";"155750893";"A01";"2";"7";"0";"2";"3";"11";"1";""
"202400017545";"155750886";"D01";"2";"7";"0";"2";"4";"26";"2";""
"202400017545";"155750887";"E01";"2";"7";"0";"2";"1";"26";"1";""
"202400017545";"155750888";"B01";"2";"7";"0";"2";"2";"2";"3";""
"202400017545";"155750889";"C01";"2";"7";"0";"2";"1";"26";"1";""
"202400017545";"155750890";"F01";"2";"17";"0";"2";"1";"26";"1";""
"202400017545";"155750891";"A01";"2";"7";"0";"2";"6";"26";"2";""
"202400017546";"155750884";"A01";"2";"7";"0";"2";"6";"11";"1";""
"202400017546";"155750885";"B01";"2";"33";"0";"2";"1";"3";"1";""
"202400017547";"155750882";"A01";"3";"1";"0";"2";"0";"23";"5";""
"202400017547";"155750883";"B01";"3";"21";"0";"2";"0";"17";"1";""
"202400017548";"155750880";"A01";"2";"7";"0";"2";"1";"1";"1";""
"202400017548";"155750881";"B01";"1";"10";"0";"2";"1";"13";"1";""
"202400017549";"155750879";"A01";"1";"7";"0";"2";"8";"24";"1";""
"202400017550";"155750877";"A01";"2";"10";"0";"2";"3";"13";"1";""
"202400017550";"155750878";"B01";"1";"7";"0";"2";"3";"1";"2";""
"202400017551";"155750875";"B01";"2";"7";"0";"2";"3";"1";"1";""
"202400017551";"155750876";"A01";"1";"1";"0";"2";"0";"0";"5";""
"202400017552";"155750872";"A01";"1";"7";"8";"1";"1";"26";"1";""
"202400017552";"155750873";"B01";"1";"7";"0";"2";"0";"0";"1";""
"202400017552";"155750874";"C01";"1";"7";"0";"2";"1";"0";"1";""
"202400017553";"155750871";"A01";"2";"7";"15";"0";"2";"1";"2";""
"202400017554";"155750869";"A01";"1";"7";"0";"1";"4";"4";"1";""
"202400017555";"155750867";"B01";"1";"7";"0";"2";"2";"2";"1";""
"202400017555";"155750868";"A01";"1";"34";"0";"2";"1";"12";"1";""
"202400017556";"155750865";"A01";"2";"7";"0";"2";"1";"1";"1";""
"202400017556";"155750866";"B01";"2";"7";"0";"2";"0";"0";"1";""
"202400017557";"155750864";"A01";"3";"7";"1";"1";"1";"9";"1";""
"202400017558";"155750862";"B01";"1";"33";"0";"2";"1";"1";"1";""
"202400017558";"155750863";"A01";"1";"7";"0";"2";"3";"19";"1";""
"202400017559";"155750860";"B01";"1";"7";"0";"2";"1";"1";"0";""
"202400017559";"155750861";"A01";"1";"7";"0";"2";"4";"23";"0";""
"202400017560";"155750858";"B01";"3";"10";"15";"2";"2";"9";"1";""
"202400017560";"155750859";"A01";"3";"7";"15";"2";"3";"9";"1";""
"202400017561";"155750857";"A01";"3";"7";"0";"1";"1";"1";"1";""
"202400017562";"155750856";"A01";"2";"7";"0";"1";"1";"0";"1";""
"202400017563";"155750855";"A01";"2";"3";"6";"0";"3";"16";"1";""
"202400017564";"155750854";"A01";"0";"50";"0";"9";"0";"26";"3";""
"202400017565";"155750853";"A01";"1";"7";"0";"1";"1";"1";"1";""
"202400017566";"155750851";"B01";"1";"38";"0";"2";"8";"1";"0";"1"
"202400017566";"155750852";"A01";"1";"7";"0";"2";"7";"1";"1";""
"202400017567";"155750850";"A01";"1";"7";"0";"1";"1";"1";"1";""
"202400017568";"155750838";"B01";"1";"7";"0";"2";"4";"2";"3";""
"202400017568";"155750839";"A01";"1";"7";"0";"2";"1";"2";"1";""
"202400017568";"155750840";"C01";"1";"7";"0";"0";"4";"2";"3";""
"202400017569";"155750835";"A01";"1";"10";"0";"2";"1";"2";"1";""
"202400017569";"155750836";"B01";"1";"7";"0";"2";"4";"1";"1";""
"202400017569";"155750837";"C01";"1";"7";"0";"2";"4";"1";"2";""
"202400017570";"155750834";"A01";"1";"7";"0";"1";"1";"15";"1";""
"202400017571";"155750833";"A01";"0";"7";"0";"1";"1";"1";"1";""
"202400017572";"155750831";"B01";"1";"50";"0";"2";"7";"0";"3";""
"202400017572";"155750832";"A01";"2";"7";"0";"2";"3";"9";"1";""
"202400017573";"155750830";"A01";"2";"37";"0";"1";"1";"1";"1";"1"
"202400017574";"155750829";"A01";"3";"7";"0";"1";"3";"15";"1";""
"202400017575";"155750828";"A01";"1";"7";"0";"1";"3";"1";"1";""
"202400017576";"155750826";"B01";"3";"50";"0";"2";"1";"1";"3";""
"202400017576";"155750827";"A01";"3";"7";"9";"2";"1";"1";"1";""
"202400017577";"155750824";"A01";"2";"7";"0";"2";"7";"14";"1";""
"202400017577";"155750825";"B01";"2";"10";"0";"2";"3";"1";"1";""
"202400017578";"155750822";"B01";"2";"7";"0";"2";"5";"15";"1";""
"202400017578";"155750823";"A01";"1";"1";"0";"2";"1";"1";"5";""
"202400017579";"155750819";"A01";"3";"7";"0";"2";"3";"20";"1";""
"202400017579";"155750820";"C01";"3";"7";"0";"2";"0";"0";"0";""
"202400017579";"155750821";"B01";"3";"7";"0";"2";"2";"0";"0";""
"202400017580";"155750817";"A01";"1";"7";"0";"2";"1";"1";"2";""
"202400017580";"155750818";"B01";"2";"50";"0";"2";"7";"19";"3";""
"202400017581";"155750816";"A01";"1";"1";"0";"1";"1";"25";"5";""
"202400017582";"155750814";"B01";"3";"7";"0";"2";"2";"1";"1";""
"202400017582";"155750815";"A01";"3";"7";"0";"2";"2";"15";"1";""
"202400017583";"155750812";"B01";"3";"7";"0";"2";"4";"23";"1";""
"202400017583";"155750813";"A01";"3";"7";"0";"2";"1";"1";"3";""
"202400017584";"155750810";"A01";"3";"7";"0";"2";"3";"9";"2";""
"202400017584";"155750811";"B01";"3";"7";"0";"2";"4";"1";"1";""
"202400017585";"155750808";"B01";"1";"7";"0";"2";"4";"23";"2";""
"202400017585";"155750809";"A01";"1";"31";"0";"2";"1";"2";"1";""
"202400017586";"155750807";"A01";"2";"30";"1";"0";"1";"1";"1";""
"202400017587";"155750805";"B01";"1";"7";"0";"2";"1";"1";"1";""
"202400017587";"155750806";"A01";"1";"60";"0";"2";"8";"19";"5";""
"202400017588";"155750804";"A01";"1";"7";"0";"1";"1";"15";"1";""
"202400017589";"155750803";"A01";"0";"7";"0";"1";"1";"1";"1";""
"202400017590";"155750801";"A01";"3";"7";"0";"2";"1";"0";"1";""
"202400017590";"155750802";"B01";"3";"7";"0";"2";"3";"0";"1";""
"202400017591";"155750800";"A01";"3";"7";"0";"1";"1";"15";"1";""
"202400017592";"155750797";"A01";"1";"7";"0";"2";"2";"2";"1";""
"202400017592";"155750798";"B01";"1";"7";"0";"2";"6";"1";"1";""
"202400017592";"155750799";"C01";"1";"10";"0";"2";"5";"1";"1";""
"202400017593";"155750796";"A01";"2";"50";"0";"0";"0";"1";"3";""
"202400017594";"155750795";"A01";"1";"7";"0";"1";"1";"16";"1";""
"202400017595";"155750793";"B01";"3";"7";"0";"2";"1";"20";"1";""
"202400017595";"155750794";"A01";"2";"30";"0";"2";"8";"17";"1";""
"202400017596";"155750791";"A01";"1";"10";"0";"2";"1";"9";"1";""
"202400017596";"155750792";"B01";"1";"1";"0";"2";"7";"1";"5";""
"202400017597";"155750789";"A01";"1";"10";"2";"0";"1";"1";"1";""
"202400017597";"155750790";"B01";"2";"7";"2";"0";"1";"13";"1";""
"202400017598";"155750788";"A01";"3";"7";"0";"1";"1";"2";"1";""
"202400017599";"155750787";"A01";"1";"7";"2";"0";"1";"14";"1";""
"202400017600";"155750784";"A01";"2";"7";"0";"2";"9";"1";"1";""
"202400017600";"155750785";"B01";"2";"7";"0";"2";"6";"1";"1";""
"202400017600";"155750786";"C01";"1";"7";"0";"2";"1";"5";"1";""
"202400017601";"155750782";"B01";"2";"7";"8";"0";"4";"14";"1";""
"202400017601";"155750783";"A01";"1";"10";"8";"0";"2";"14";"1";""
"202400017602";"155750781";"A01";"2";"7";"2";"0";"2";"21";"1";""
"202400017603";"155750780";"A01";"2";"7";"8";"0";"1";"17";"1";""
"202400017604";"155750777";"A01";"1";"7";"0";"2";"6";"15";"1";""
"202400017604";"155750778";"B01";"2";"7";"0";"2";"1";"1";"1";""
"202400017604";"155750779";"C01";"1";"7";"0";"2";"3";"1";"1";""
"202400017605";"155750775";"A01";"2";"7";"0";"2";"3";"1";"1";""
"202400017605";"155750776";"B01";"1";"7";"0";"2";"3";"5";"1";""
"202400017606";"155750774";"A01";"2";"33";"0";"0";"7";"14";"1";""
"202400017607";"155750773";"A01";"3";"7";"0";"1";"1";"1";"1";""
"202400017608";"155750771";"A01";"2";"7";"0";"2";"3";"13";"1";""
"202400017608";"155750772";"B01";"2";"7";"0";"2";"7";"14";"1";""
"202400017609";"155750770";"A01";"2";"7";"13";"0";"1";"1";"1";""
"202400017610";"155750768";"A01";"1";"7";"0";"2";"1";"14";"1";""
"202400017610";"155750769";"B01";"1";"15";"0";"2";"6";"1";"1";""
"202400017611";"155750766";"A01";"2";"17";"0";"2";"2";"1";"1";""
"202400017611";"155750767";"B01";"1";"7";"0";"2";"1";"5";"1";""
"202400017612";"155750765";"A01";"2";"7";"16";"0";"9";"17";"1";""
"202400017613";"155750763";"A01";"0";"0";"0";"2";"0";"19";"0";""
"202400017613";"155750764";"B01";"0";"10";"0";"2";"7";"1";"1";""
"202400017614";"155750762";"A01";"0";"33";"0";"1";"0";"0";"1";""
"202400017615";"155750760";"A01";"2";"7";"0";"2";"1";"9";"1";""
"202400017615";"155750761";"B01";"1";"7";"0";"2";"1";"1";"1";""
"202400017616";"155750758";"A01";"1";"7";"0";"2";"6";"20";"1";""
"202400017616";"155750759";"B01";"2";"33";"0";"2";"1";"1";"1";""
"202400017617";"155750757";"A01";"1";"7";"13";"0";"0";"13";"3";""
"202400017618";"155750755";"A01";"1";"7";"0";"2";"1";"1";"1";""
"202400017618";"155750756";"B01";"1";"3";"0";"0";"4";"1";"1";""
"202400017619";"155750753";"B01";"3";"2";"0";"2";"1";"1";"0";""
"202400017619";"155750754";"A01";"3";"7";"0";"0";"8";"16";"2";""
"202400017620";"155750751";"B01";"2";"7";"0";"0";"5";"1";"2";""
"202400017620";"155750752";"A01";"1";"2";"0";"2";"1";"9";"1";""
"202400017621";"155750750";"A01";"1";"7";"6";"0";"2";"1";"1";""
"202400017622";"155750749";"A01";"2";"33";"13";"0";"2";"13";"1";""
"202400017623";"155750747";"B01";"0";"31";"0";"0";"5";"1";"1";""
"202400017623";"155750748";"A01";"3";"7";"0";"0";"1";"9";"1";""
"202400017624";"155750745";"A01";"2";"7";"0";"2";"5";"16";"1";""
"202400017624";"155750746";"B01";"2";"33";"0";"2";"1";"1";"1";""
"202400017625";"155750744";"A01";"2";"7";"0";"0";"1";"1";"1";""
"202400017626";"155750742";"A01";"2";"31";"0";"2";"1";"2";"1";""
"202400017626";"155750743";"B01";"2";"7";"0";"2";"5";"2";"1";""
"202400017627";"155750740";"A01";"2";"33";"1";"2";"9";"1";"1";""
"202400017627";"155750741";"Z01";"0";"0";"0";"0";"0";"0";"0";""
"202400017628";"155750738";"B01";"1";"7";"0";"2";"6";"1";"1";""
"202400017628";"155750739";"A01";"1";"7";"4";"2";"1";"1";"1";""
"202400017629";"155750736";"A01";"1";"7";"0";"2";"2";"1";"1";""
"202400017629";"155750737";"B01";"1";"10";"0";"2";"6";"11";"1";""
"202400017630";"155750733";"C01";"1";"7";"0";"2";"4";"2";"1";""
"202400017630";"155750734";"A01";"1";"7";"0";"2";"1";"2";"1";""
"202400017630";"155750735";"B01";"1";"7";"0";"2";"4";"2";"1";""
"202400017631";"155750731";"A01";"2";"7";"0";"2";"1";"2";"1";""
"202400017631";"155750732";"B01";"2";"7";"0";"2";"5";"2";"2";""
"202400017632";"155750730";"A01";"2";"7";"13";"0";"1";"2";"1";""
"202400017633";"155750726";"B01";"2";"7";"0";"2";"8";"1";"1";""
"202400017633";"155750727";"D01";"2";"10";"0";"2";"6";"1";"1";""
"202400017633";"155750728";"A01";"2";"33";"0";"2";"1";"3";"1";""
"202400017633";"155750729";"C01";"2";"7";"0";"2";"7";"1";"1";""
"202400017634";"155750723";"B01";"1";"7";"0";"2";"4";"1";"1";""
"202400017634";"155750724";"C01";"1";"7";"0";"2";"7";"1";"1";""
"202400017634";"155750725";"Z01";"1";"0";"0";"2";"1";"0";"0";""
"202400017635";"155750721";"A01";"1";"7";"0";"2";"7";"12";"1";""
"202400017635";"155750722";"B01";"1";"31";"0";"2";"8";"3";"1";""
"202400017636";"155750720";"A01";"2";"7";"4";"0";"3";"21";"1";""
"202400017637";"155750718";"A01";"2";"7";"0";"2";"2";"6";"1";""
"202400017637";"155750719";"B01";"1";"7";"0";"2";"2";"1";"1";""
"202400017638";"155750717";"A01";"1";"7";"4";"0";"3";"1";"1";""
"202400017639";"155750715";"B01";"2";"1";"0";"2";"6";"19";"5";""
"202400017639";"155750716";"A01";"1";"7";"0";"2";"3";"1";"1";""
"202400017640";"155750713";"A01";"1";"7";"15";"2";"1";"13";"1";""
"202400017640";"155750714";"B01";"2";"37";"15";"2";"3";"1";"1";"2"
"202400017641";"155750711";"A01";"2";"33";"0";"2";"8";"17";"1";""
"202400017641";"155750712";"B01";"2";"7";"0";"2";"8";"15";"1";""
"202400017642";"155750710";"A01";"2";"7";"0";"1";"3";"1";"3";""
"202400017643";"155750708";"Z01";"1";"7";"0";"2";"7";"1";"1";""
"202400017643";"155750709";"A01";"1";"50";"0";"2";"1";"1";"3";""
"202400017644";"155750705";"A01";"1";"7";"0";"2";"7";"1";"1";""
"202400017644";"155750706";"C01";"1";"7";"8";"2";"6";"23";"1";""
"202400017644";"155750707";"B01";"1";"7";"0";"2";"8";"23";"1";""
"202400017645";"155750703";"B01";"1";"2";"0";"2";"1";"1";"0";""
"202400017645";"155750704";"A01";"1";"7";"0";"2";"8";"10";"1";""