"Num_Acc";"id_vehicule";"num_veh";"senc";"catv";"obs";"obsm";"choc";"manv";"motor";"occutc"
"202400017646";"155750701";"A01";"3";"32";"0";"2";"1";"1";"1";""
"202400017646";"155750702";"B01";"3";"7";"0";"2";"4";"1";"1";""
"202400017647";"155750698";"B01";"2";"7";"0";"2";"4";"1";"1";""
"202400017647";"155750699";"C01";"2";"7";"0";"2";"0";"1";"1";""
"202400017647";"155750700";"A01";"2";"33";"0";"2";"4";"1";"1";""
"202400017648";"155750696";"A01";"1";"7";"0";"2";"1";"15";"1";""
"202400017648";"155750697";"B01";"1";"7";"0";"2";"8";"1";"1";""
"202400017649";"155750695";"A01";"1";"7";"0";"1";"2";"15";"1";""
"202400017650";"155750693";"B01";"2";"7";"0";"2";"6";"0";"1";""
"202400017650";"155750694";"A01";"2";"50";"0";"2";"6";"15";"3";""
"202400017651";"155750692";"A01";"1";"7";"0";"1";"1";"1";"1";""
"202400017652";"155750691";"A01";"0";"0";"0";"1";"0";"0";"0";""
"202400017653";"155750689";"A01";"3";"7";"0";"1";"2";"15";"2";""
"202400017654";"155750688";"A01";"3";"7";"0";"9";"1";"5";"1";""
"202400017654";"155750690";"B01";"3";"60";"0";"2";"1";"1";"5";""
"202400017655";"155750687";"A01";"0";"3";"6";"0";"1";"15";"3";""
"202400017656";"155750686";"A01";"2";"7";"0";"1";"2";"1";"1";""
"202400017657";"155750685";"A01";"3";"7";"0";"1";"4";"4";"1";""
"202400017658";"155750683";"A01";"1";"50";"0";"0";"0";"1";"3";""
"202400017659";"155750682";"B01";"2";"7";"0";"2";"4";"1";"1";""
"202400017659";"155750684";"A01";"2";"7";"0";"2";"1";"12";"1";""
"202400017660";"155750681";"A01";"1";"31";"3";"0";"3";"1";"1";""
"202400017661";"155750680";"A01";"1";"7";"3";"0";"2";"1";"1";""
"202400017662";"155750679";"A01";"1";"32";"4";"2";"7";"2";"1";""
"202400017663";"155750678";"A01";"2";"37";"0";"1";"5";"7";"2";"1"
"202400017664";"155750676";"B01";"1";"7";"14";"0";"4";"23";"1";""
"202400017664";"155750677";"A01";"1";"7";"0";"2";"1";"2";"2";""
"202400017665";"155750673";"A01";"1";"7";"0";"2";"1";"2";"1";""
"202400017665";"155750674";"B01";"1";"7";"0";"2";"4";"2";"1";""
"202400017666";"155750672";"B01";"0";"50";"0";"2";"0";"0";"3";""
"202400017666";"155750675";"A01";"3";"7";"0";"2";"0";"0";"1";""
"202400017667";"155750671";"A01";"1";"7";"1";"0";"0";"0";"1";""
"202400017668";"155750670";"A01";"1";"30";"0";"0";"2";"14";"1";""
"202400017669";"155750667";"B01";"1";"3";"0";"2";"0";"19";"1";""
"202400017669";"155750669";"A01";"1";"7";"0";"2";"0";"1";"1";""
"202400017670";"155750664";"A01";"0";"1";"0";"2";"0";"0";"5";""
"202400017670";"155750666";"B01";"0";"7";"0";"2";"4";"23";"1";""
"202400017671";"155750663";"A01";"1";"7";"0";"2";"0";"9";"1";""
"202400017671";"155750665";"B01";"1";"1";"0";"2";"0";"1";"5";""
"202400017672";"155750660";"A01";"1";"7";"0";"2";"1";"0";"1";""
"202400017672";"155750662";"B01";"1";"7";"0";"2";"7";"0";"1";""
"202400017673";"155750658";"C01";"1";"33";"0";"2";"0";"2";"1";""
"202400017673";"155750659";"A01";"1";"7";"0";"2";"4";"2";"1";""
"202400017673";"155750661";"B01";"1";"7";"0";"2";"1";"2";"1";""
"202400017674";"155750656";"A01";"1";"7";"0";"2";"1";"13";"1";""
"202400017674";"155750657";"B01";"2";"14";"0";"2";"1";"1";"1";""
"202400017675";"155750654";"A01";"2";"7";"0";"2";"8";"9";"1";""
"202400017675";"155750655";"B01";"2";"41";"0";"2";"0";"1";"1";""
"202400017676";"155750652";"A01";"2";"13";"0";"2";"3";"15";"1";""
"202400017676";"155750653";"B01";"2";"33";"0";"2";"1";"0";"1";""
"202400017677";"155750648";"A01";"3";"7";"0";"2";"1";"2";"1";""
"202400017677";"155750650";"B01";"3";"7";"0";"2";"9";"2";"1";""
"202400017677";"155750651";"C01";"3";"7";"0";"2";"4";"2";"2";""
"202400017678";"155750645";"B01";"0";"7";"0";"2";"1";"1";"1";""
"202400017678";"155750647";"A01";"0";"31";"15";"2";"1";"1";"1";""
"202400017679";"155750644";"A01";"2";"7";"0";"2";"3";"13";"1";""
"202400017679";"155750646";"B01";"1";"7";"0";"2";"8";"1";"1";""
"202400017680";"155750642";"A01";"3";"50";"12";"0";"1";"1";"3";""
"202400017681";"155750641";"B01";"1";"33";"0";"2";"1";"1";"1";""
"202400017681";"155750643";"A01";"2";"7";"0";"2";"3";"1";"1";""
"202400017682";"155750639";"A01";"2";"7";"0";"2";"7";"1";"1";""
"202400017682";"155750640";"B01";"0";"1";"0";"2";"1";"26";"5";""
"202400017683";"155750638";"A01";"2";"7";"0";"1";"1";"15";"1";""
"202400017684";"155750636";"A01";"1";"7";"8";"0";"1";"26";"1";""
"202400017685";"155750635";"B01";"2";"40";"1";"2";"0";"1";"3";""
"202400017685";"155750637";"A01";"2";"7";"0";"4";"7";"15";"1";""
"202400017686";"155750633";"A01";"1";"32";"0";"2";"8";"3";"1";""
"202400017686";"155750634";"Z01";"1";"7";"0";"2";"0";"0";"0";""
"202400017687";"155750630";"B01";"2";"7";"0";"2";"3";"1";"1";""
"202400017687";"155750631";"C01";"2";"7";"0";"2";"3";"1";"1";""
"202400017687";"155750632";"A01";"1";"7";"0";"2";"3";"5";"1";""
"202400017688";"155750629";"A01";"1";"38";"0";"1";"4";"4";"1";"1"
"202400017689";"155750626";"B01";"2";"10";"0";"2";"0";"0";"1";""
"202400017689";"155750628";"A01";"2";"7";"0";"2";"3";"26";"1";""
"202400017690";"155750625";"A01";"1";"7";"0";"2";"1";"1";"1";""
"202400017690";"155750627";"B01";"2";"1";"0";"2";"1";"6";"5";""
"202400017691";"155750623";"A01";"3";"7";"0";"2";"3";"15";"1";""
"202400017691";"155750624";"B01";"0";"33";"0";"2";"1";"2";"1";""
"202400017692";"155750622";"A01";"1";"7";"0";"1";"2";"1";"1";""
"202400017693";"155750618";"C01";"2";"7";"0";"2";"3";"1";"3";""
"202400017693";"155750620";"A01";"1";"7";"0";"2";"1";"13";"1";""
"202400017693";"155750621";"B01";"2";"7";"0";"2";"6";"1";"1";""
"202400017694";"155750617";"A01";"3";"10";"0";"2";"2";"0";"1";""
"202400017694";"155750619";"B01";"3";"7";"0";"2";"3";"16";"1";""
"202400017695";"155750613";"B01";"2";"7";"0";"2";"3";"1";"2";""
"202400017695";"155750615";"A01";"1";"33";"0";"2";"1";"17";"1";""
"202400017695";"155750616";"T01";"1";"7";"0";"0";"0";"1";"1";""
"202400017696";"155750612";"A01";"2";"7";"0";"2";"5";"15";"1";""
"202400017696";"155750614";"B01";"1";"33";"0";"2";"1";"1";"1";""
"202400017697";"155750611";"A01";"1";"7";"0";"1";"3";"1";"1";""
"202400017698";"155750610";"A01";"0";"7";"0";"1";"1";"9";"1";""
"202400017699";"155750607";"A01";"1";"10";"0";"2";"1";"2";"1";""
"202400017699";"155750609";"B01";"1";"7";"0";"2";"4";"2";"1";""
"202400017700";"155750608";"A01";"0";"7";"0";"1";"8";"15";"1";""
"202400017701";"155750604";"A01";"1";"7";"0";"2";"1";"13";"1";""
"202400017701";"155750606";"B01";"2";"10";"0";"2";"1";"1";"1";""
"202400017702";"155750603";"A01";"2";"10";"0";"2";"3";"10";"1";""
"202400017702";"155750605";"B01";"2";"7";"0";"2";"2";"1";"1";""
"202400017703";"155750602";"A01";"3";"7";"0";"1";"1";"1";"2";""
"202400017704";"155750600";"B01";"3";"10";"12";"2";"1";"13";"1";""
"202400017704";"155750601";"A01";"3";"7";"0";"0";"1";"13";"1";""
"202400017705";"155750599";"A01";"1";"7";"0";"1";"2";"1";"1";""
"202400017706";"155750597";"B01";"3";"7";"0";"2";"4";"23";"1";""
"202400017706";"155750598";"A01";"3";"33";"0";"2";"1";"1";"1";""
"202400017707";"155750596";"A01";"1";"7";"0";"1";"1";"16";"1";""
"202400017708";"155750595";"A01";"0";"3";"0";"1";"1";"1";"3";""
"202400017709";"155750594";"A01";"1";"7";"1";"0";"2";"1";"1";""
"202400017710";"155750591";"B01";"3";"7";"0";"2";"6";"26";"1";""
"202400017710";"155750593";"A01";"3";"43";"0";"2";"1";"2";"1";""
"202400017711";"155750590";"A01";"3";"7";"0";"2";"3";"1";"1";""
"202400017711";"155750592";"B01";"3";"7";"0";"2";"8";"1";"1";""
"202400017712";"155750588";"A01";"2";"33";"0";"2";"1";"2";"1";""
"202400017712";"155750589";"B01";"2";"7";"0";"2";"4";"1";"2";""
"202400017713";"155750585";"B01";"3";"7";"0";"2";"1";"2";"1";""
"202400017713";"155750586";"A01";"3";"7";"0";"2";"7";"1";"1";""
"202400017714";"155750584";"A01";"2";"7";"0";"2";"7";"20";"1";""
"202400017714";"155750587";"B01";"2";"1";"0";"2";"8";"1";"5";""
"202400017715";"155750583";"A01";"1";"7";"0";"1";"2";"16";"1";""
"202400017716";"155750581";"A01";"1";"10";"0";"2";"1";"11";"1";""
"202400017716";"155750582";"B01";"2";"7";"0";"2";"1";"1";"1";""
"202400017717";"155750580";"A01";"1";"3";"0";"1";"3";"1";"1";""
"202400017718";"155750579";"A01";"3";"31";"3";"0";"1";"14";"1";""
"202400017719";"155750577";"A01";"1";"7";"8";"5";"1";"14";"1";""
"202400017720";"155750575";"A01";"1";"7";"1";"0";"5";"10";"1";""
"202400017720";"155750578";"B01";"2";"30";"1";"2";"1";"0";"0";""
"202400017721";"155750573";"B01";"1";"2";"0";"2";"7";"1";"1";""
"202400017721";"155750576";"A01";"2";"7";"0";"2";"3";"15";"1";""
"202400017722";"155750571";"A01";"2";"32";"0";"2";"1";"17";"1";""
"202400017722";"155750572";"B01";"2";"7";"0";"2";"3";"15";"2";""
"202400017723";"155750570";"B01";"1";"7";"0";"2";"3";"15";"1";""
"202400017723";"155750574";"A01";"2";"32";"0";"2";"2";"17";"1";""
"202400017724";"155750568";"A01";"1";"15";"0";"2";"3";"1";"1";""
"202400017724";"155750569";"B01";"1";"7";"0";"2";"2";"17";"1";""
"202400017725";"155750566";"A01";"3";"7";"0";"2";"7";"15";"1";""
"202400017725";"155750567";"B01";"1";"1";"0";"2";"1";"1";"5";""
"202400017726";"155750564";"A01";"2";"2";"0";"9";"0";"1";"3";""
"202400017727";"155750563";"A01";"3";"7";"0";"2";"1";"1";"1";""
"202400017727";"155750565";"B01";"1";"7";"8";"2";"7";"1";"1";""
"202400017728";"155750562";"A01";"3";"7";"9";"0";"1";"1";"1";""
"202400017729";"155750558";"C01";"1";"10";"0";"2";"8";"1";"1";""
"202400017729";"155750559";"A01";"1";"33";"0";"2";"8";"1";"1";""
"202400017729";"155750561";"B01";"1";"7";"0";"2";"5";"1";"1";""
"202400017730";"155750557";"A01";"1";"7";"0";"2";"7";"1";"1";""
"202400017730";"155750560";"B01";"2";"33";"0";"2";"1";"1";"1";""
"202400017731";"155750553";"B01";"2";"7";"0";"2";"3";"1";"1";""
"202400017731";"155750556";"A01";"2";"7";"0";"2";"2";"1";"1";""
"202400017732";"155750551";"V01";"2";"1";"0";"2";"8";"19";"5";""
"202400017732";"155750555";"A01";"2";"7";"0";"2";"1";"1";"1";""
"202400017733";"155750550";"C01";"1";"7";"0";"2";"1";"1";"1";""
"202400017733";"155750552";"A01";"2";"7";"0";"2";"8";"18";"1";""
"202400017733";"155750554";"B01";"2";"3";"0";"2";"7";"9";"1";""
"202400017734";"155750548";"B01";"3";"7";"1";"0";"1";"19";"1";""
"202400017734";"155750549";"A01";"3";"7";"0";"2";"1";"24";"1";""
"202400017735";"155750546";"A01";"2";"7";"0";"2";"3";"15";"1";""
"202400017735";"155750547";"B01";"1";"1";"0";"2";"3";"1";"5";""
"202400017736";"155750544";"A01";"0";"10";"0";"2";"2";"16";"1";""
"202400017736";"155750545";"B01";"1";"37";"0";"2";"3";"1";"2";"2"
"202400017737";"155750542";"A01";"1";"7";"0";"1";"1";"26";"1";""
"202400017738";"155750540";"A01";"2";"7";"1";"1";"6";"14";"1";""
"202400017738";"155750543";"B01";"2";"7";"0";"2";"6";"24";"1";""
"202400017739";"155750539";"A01";"1";"10";"0";"2";"3";"15";"6";""
"202400017739";"155750541";"B01";"2";"10";"0";"2";"6";"16";"0";""
"202400017740";"155750537";"A01";"3";"7";"9";"0";"1";"6";"1";""
"202400017741";"155750531";"B01";"3";"7";"0";"2";"4";"23";"1";""
"202400017741";"155750533";"A01";"3";"7";"0";"2";"1";"2";"1";""
"202400017742";"155750529";"A01";"3";"1";"0";"2";"1";"1";"5";""
"202400017742";"155750532";"B01";"3";"37";"0";"2";"3";"1";"1";"1"
"202400017743";"155750526";"A01";"1";"7";"0";"2";"3";"26";"1";""
"202400017744";"155750525";"A01";"3";"7";"0";"2";"3";"16";"1";""
"202400017744";"155750527";"B01";"3";"7";"0";"2";"1";"0";"1";""
"202400017745";"155750528";"B01";"1";"7";"0";"2";"4";"2";"1";""
"202400017745";"155750530";"A01";"1";"33";"0";"2";"1";"2";"1";""
"202400017746";"155750521";"A01";"3";"7";"0";"2";"2";"5";"1";""
"202400017746";"155750524";"B01";"1";"32";"0";"2";"1";"1";"3";""
"202400017747";"155750522";"A01";"2";"7";"0";"2";"2";"2";"1";""
"202400017747";"155750523";"B01";"2";"50";"0";"2";"1";"26";"3";""
"202400017748";"155750519";"B01";"2";"33";"0";"2";"1";"2";"1";""
"202400017748";"155750520";"A01";"2";"7";"0";"2";"3";"13";"1";""
"202400017749";"155750518";"A01";"0";"30";"0";"1";"1";"25";"1";""
"202400017750";"155750515";"A01";"1";"7";"2";"5";"1";"21";"1";""
"202400017751";"155750512";"A01";"2";"50";"0";"2";"1";"1";"3";""
"202400017751";"155750514";"B01";"2";"7";"0";"2";"3";"1";"1";""
"202400017752";"155750513";"C01";"2";"7";"0";"2";"4";"2";"2";""
"202400017752";"155750516";"A01";"2";"7";"0";"2";"1";"2";"1";""
"202400017752";"155750517";"B01";"2";"7";"0";"2";"4";"2";"1";""
"202400017753";"155750509";"B01";"2";"33";"0";"2";"1";"1";"1";""
"202400017753";"155750510";"A01";"1";"7";"0";"2";"1";"13";"1";""
"202400017754";"155750506";"A01";"2";"7";"0";"1";"4";"4";"1";""
"202400017755";"155750504";"C01";"1";"7";"0";"0";"4";"2";"1";""
"202400017755";"155750507";"A01";"1";"7";"0";"2";"1";"2";"1";""
"202400017755";"155750511";"B01";"1";"10";"0";"2";"9";"2";"1";""
"202400017756";"155750505";"A01";"0";"7";"0";"2";"3";"15";"1";""
"202400017756";"155750508";"B01";"0";"33";"0";"2";"7";"15";"1";""
"202400017757";"155750503";"A01";"0";"50";"12";"0";"1";"14";"3";""
"202400017758";"155750499";"B01";"3";"7";"0";"2";"4";"1";"2";""
"202400017758";"155750502";"A01";"3";"7";"0";"2";"1";"2";"1";""
"202400017759";"155750498";"A01";"1";"7";"0";"2";"3";"2";"1";""
"202400017759";"155750500";"B01";"1";"80";"0";"2";"0";"2";"3";""
"202400017760";"155750497";"A01";"1";"50";"0";"1";"1";"25";"3";""
"202400017761";"155750492";"A01";"3";"7";"0";"1";"1";"1";"2";""
"202400017762";"155750490";"A01";"1";"7";"0";"2";"1";"15";"1";""
"202400017762";"155750493";"B01";"1";"33";"0";"2";"1";"1";"1";""
"202400017763";"155750489";"A01";"2";"10";"9";"2";"3";"11";"1";""
"202400017763";"155750494";"B01";"2";"7";"0";"2";"5";"1";"1";""
"202400017764";"155750485";"A01";"3";"10";"0";"2";"1";"1";"1";""
"202400017764";"155750487";"B01";"3";"10";"0";"2";"4";"1";"1";""
"202400017765";"155750481";"B01";"1";"7";"0";"2";"1";"1";"1";""
"202400017765";"155750484";"A01";"1";"50";"0";"2";"8";"19";"3";""
"202400017766";"155750482";"C01";"2";"7";"0";"2";"4";"1";"1";""
"202400017766";"155750486";"D01";"2";"7";"0";"2";"4";"2";"2";""
"202400017766";"155750488";"E01";"2";"7";"0";"2";"4";"2";"1";""
"202400017766";"155750491";"B01";"2";"10";"0";"2";"4";"1";"1";""
"202400017766";"155750495";"A01";"2";"10";"0";"2";"1";"2";"1";""
"202400017766";"155750496";"F01";"2";"7";"0";"2";"4";"2";"1";""
"202400017767";"155750479";"A01";"2";"14";"0";"0";"0";"2";"1";""
"202400017768";"155750480";"A01";"3";"7";"0";"2";"5";"15";"1";""
"202400017768";"155750483";"B01";"3";"7";"0";"2";"1";"1";"1";""
"202400017769";"155750477";"A01";"2";"50";"0";"1";"1";"2";"3";""
"202400017770";"155750476";"A01";"1";"33";"3";"0";"1";"1";"1";""
"202400017771";"155750473";"A01";"2";"7";"0";"2";"1";"2";"1";""
"202400017771";"155750475";"B01";"2";"7";"0";"2";"4";"2";"1";""
"202400017771";"155750478";"C01";"2";"7";"0";"2";"4";"2";"1";""
"202400017772";"155750471";"A01";"3";"3";"0";"2";"1";"13";"1";""
"202400017772";"155750474";"B01";"1";"7";"0";"2";"1";"23";"1";""
"202400017773";"155750470";"A01";"2";"7";"0";"1";"1";"15";"0";""
"202400017774";"155750469";"A01";"2";"7";"0";"2";"8";"10";"1";""
"202400017774";"155750472";"B01";"2";"2";"0";"2";"8";"17";"1";""
"202400017775";"155750464";"A01";"3";"7";"0";"1";"1";"20";"1";""
"202400017776";"155750461";"B01";"1";"31";"0";"2";"4";"2";"1";""
"202400017776";"155750463";"A01";"1";"7";"0";"2";"3";"2";"1";""
"202400017777";"155750459";"B01";"1";"10";"0";"2";"4";"2";"1";""
"202400017777";"155750465";"A01";"1";"7";"0";"2";"1";"2";"1";""
"202400017777";"155750467";"C01";"1";"7";"0";"2";"4";"2";"1";""
"202400017778";"155750458";"B01";"1";"17";"0";"2";"0";"12";"0";""
"202400017778";"155750460";"A01";"1";"7";"0";"2";"7";"14";"1";""
"202400017778";"155750462";"C01";"1";"10";"0";"2";"6";"2";"1";""
"202400017778";"155750466";"D01";"1";"7";"0";"2";"1";"2";"2";""
"202400017778";"155750468";"E01";"1";"7";"0";"2";"3";"0";"1";""
"202400017779";"155750456";"A01";"1";"7";"0";"2";"1";"15";"1";""
"202400017779";"155750457";"B01";"1";"33";"0";"2";"8";"1";"1";""
"202400017780";"155750451";"A01";"1";"33";"0";"2";"1";"2";"1";""
"202400017780";"155750454";"B01";"1";"7";"0";"0";"5";"23";"1";""
"202400017781";"155750453";"A01";"3";"7";"0";"2";"3";"15";"1";""
"202400017781";"155750455";"B01";"3";"1";"0";"2";"8";"1";"5";""
"202400017782";"155750450";"B01";"1";"33";"0";"2";"2";"3";"1";""
"202400017782";"155750452";"A01";"1";"7";"0";"2";"6";"13";"1";""
"202400017783";"155750448";"B01";"3";"30";"0";"2";"1";"0";"1";""
"202400017783";"155750449";"A01";"3";"7";"0";"2";"7";"15";"1";""
"202400017784";"155750445";"A01";"2";"7";"12";"0";"2";"1";"1";""
"202400017785";"155750446";"A01";"1";"7";"4";"0";"1";"2";"1";""
"202400017786";"155750444";"B01";"3";"1";"0";"2";"1";"1";"5";""
"202400017786";"155750447";"A01";"3";"7";"0";"0";"0";"1";"1";""
"202400017787";"155750443";"A01";"3";"7";"0";"0";"0";"26";"1";""
"202400017788";"155750439";"A01";"3";"7";"0";"2";"1";"17";"1";""
"202400017788";"155750440";"B01";"3";"7";"0";"2";"9";"23";"1";""
"202400017788";"155750442";"C01";"3";"7";"0";"2";"4";"0";"1";""
"202400017789";"155750438";"A01";"1";"7";"0";"2";"1";"26";"1";""
"202400017789";"155750441";"B01";"2";"17";"0";"2";"2";"1";"1";""
"202400017790";"155750434";"A01";"1";"7";"0";"2";"1";"10";"1";""
"202400017790";"155750436";"B01";"1";"33";"0";"2";"1";"6";"1";""
"202400017791";"155750433";"C01";"2";"7";"0";"2";"4";"23";"1";""
"202400017791";"155750435";"B01";"2";"7";"0";"2";"9";"23";"1";""
"202400017791";"155750437";"A01";"2";"7";"0";"2";"1";"1";"1";""
"202400017792";"155750431";"A01";"3";"7";"0";"1";"1";"17";"0";""
"202400017793";"155750429";"A01";"1";"7";"0";"2";"3";"11";"1";""
"202400017793";"155750430";"B01";"1";"7";"0";"2";"7";"1";"1";""
"202400017793";"155750432";"C01";"1";"33";"0";"2";"8";"11";"1";""
"202400017794";"155750428";"A01";"1";"7";"0";"1";"1";"1";"1";""
"202400017795";"155750426";"A01";"1";"50";"0";"1";"1";"0";"3";""
"202400017796";"155750425";"B01";"1";"7";"0";"2";"8";"15";"1";""
"202400017796";"155750427";"A01";"1";"33";"0";"2";"7";"1";"1";""
"202400017797";"155750419";"A01";"1";"7";"0";"2";"1";"2";"1";""
"202400017797";"155750423";"B01";"1";"7";"0";"2";"1";"2";"1";""
"202400017797";"155750424";"C01";"1";"7";"0";"2";"4";"2";"1";""
"202400017798";"155750418";"Z01";"2";"7";"0";"2";"1";"15";"1";""
"202400017798";"155750421";"B01";"1";"33";"0";"2";"7";"1";"1";""
"202400017799";"155750417";"A01";"2";"32";"0";"2";"3";"2";"1";""
"202400017799";"155750420";"B01";"2";"7";"0";"2";"4";"15";"1";""
"202400017800";"155750416";"B01";"3";"50";"0";"2";"4";"15";"3";""
"202400017800";"155750422";"A01";"3";"7";"0";"2";"1";"9";"1";""
"202400017801";"155750412";"A01";"1";"33";"0";"1";"1";"25";"1";""
"202400017802";"155750413";"B01";"1";"7";"0";"2";"4";"11";"1";""
"202400017802";"155750415";"A01";"1";"34";"0";"2";"8";"3";"1";""
"202400017803";"155750411";"A01";"3";"7";"0";"2";"3";"9";"1";""
"202400017803";"155750414";"B01";"3";"31";"0";"2";"4";"9";"1";""
"202400017804";"155750409";"A01";"1";"7";"0";"2";"1";"1";"1";""
"202400017804";"155750410";"B01";"2";"7";"0";"2";"1";"1";"1";""
"202400017805";"155750404";"B01";"3";"7";"0";"2";"7";"1";"1";""
"202400017805";"155750407";"A01";"3";"7";"0";"2";"1";"1";"1";""
"202400017806";"155750402";"B01";"1";"7";"0";"2";"4";"1";"1";""
"202400017806";"155750406";"C01";"1";"7";"0";"2";"4";"1";"2";""
"202400017806";"155750408";"A01";"1";"7";"0";"2";"1";"1";"2";""
"202400017807";"155750403";"A01";"1";"7";"0";"1";"2";"1";"1";""
"202400017808";"155750401";"A01";"3";"7";"0";"0";"3";"15";"1";""
"202400017808";"155750405";"B01";"3";"1";"0";"2";"1";"17";"5";""
"202400017809";"155750400";"A01";"1";"7";"13";"0";"1";"6";"1";""
"202400017810";"155750395";"A01";"1";"33";"0";"2";"8";"3";"1";""
"202400017810";"155750399";"B01";"1";"7";"0";"2";"7";"12";"2";""
"202400017811";"155750393";"A01";"3";"7";"0";"2";"2";"9";"1";""
"202400017811";"155750398";"B01";"2";"50";"0";"2";"1";"1";"3";""
"202400017812";"155750392";"A01";"1";"7";"14";"0";"1";"2";"1";""
"202400017812";"155750394";"B01";"1";"7";"0";"2";"4";"23";"1";""
"202400017813";"155750388";"A01";"2";"7";"0";"2";"1";"2";"1";""
"202400017813";"155750390";"B01";"2";"7";"0";"2";"4";"2";"1";""
"202400017814";"155750389";"A01";"1";"7";"6";"0";"1";"1";"1";""
"202400017815";"155750387";"A01";"1";"7";"0";"1";"1";"1";"2";""
"202400017816";"155750386";"A01";"1";"10";"0";"1";"1";"1";"1";""
"202400017817";"155750385";"B01";"1";"33";"0";"2";"0";"1";"1";""
"202400017817";"155750391";"A01";"2";"37";"0";"2";"2";"1";"1";"1"
"202400017818";"155750384";"A01";"1";"7";"2";"9";"9";"15";"1";""
"202400017819";"155750382";"A01";"2";"7";"0";"1";"2";"15";"2";""
"202400017820";"155750380";"A01";"3";"7";"0";"2";"2";"1";"1";""
"202400017820";"155750381";"B01";"1";"1";"0";"2";"8";"19";"5";""
"202400017821";"155750379";"A01";"2";"33";"13";"0";"2";"0";"1";""
"202400017822";"155750375";"B01";"2";"31";"0";"2";"8";"3";"1";""
"202400017822";"155750376";"A01";"2";"7";"0";"2";"7";"12";"1";""
"202400017823";"155750373";"A01";"1";"7";"0";"2";"4";"1";"1";""
"202400017823";"155750374";"B01";"1";"33";"0";"2";"1";"1";"1";""
"202400017824";"155750371";"A01";"1";"7";"0";"2";"2";"20";"1";""
"202400017824";"155750372";"B01";"1";"31";"0";"2";"3";"1";"1";""
"202400017825";"155750370";"A01";"2";"3";"15";"0";"1";"1";"1";""
"202400017826";"155750369";"A01";"1";"30";"0";"0";"1";"26";"1";""
"202400017827";"155750366";"D01";"2";"32";"0";"9";"1";"23";"1";""
"202400017827";"155750377";"B01";"2";"33";"0";"2";"8";"1";"1";""
"202400017827";"155750378";"C01";"2";"7";"0";"2";"1";"23";"1";""
"202400017827";"155750383";"A01";"1";"10";"0";"2";"1";"15";"0";""
"202400017828";"155750365";"B01";"2";"7";"0";"2";"1";"2";"1";""
"202400017828";"155750368";"A01";"2";"1";"0";"2";"4";"1";"5";""
"202400017829";"155750364";"A01";"1";"1";"0";"1";"1";"1";"5";""
"202400017830";"155750361";"A01";"1";"7";"0";"2";"4";"1";"1";""
"202400017830";"155750363";"B01";"1";"7";"0";"2";"1";"1";"0";""
"202400017831";"155750359";"A01";"0";"7";"0";"2";"2";"15";"1";""
"202400017831";"155750362";"B01";"0";"50";"0";"2";"1";"1";"3";""
"202400017832";"155750360";"A01";"1";"50";"0";"1";"1";"1";"3";""
"202400017833";"155750357";"A01";"2";"7";"0";"1";"4";"4";"2";""
"202400017834";"155750358";"A01";"1";"7";"0";"1";"6";"4";"1";""
"202400017835";"155750354";"A01";"1";"31";"0";"2";"1";"3";"3";""
"202400017835";"155750356";"B01";"1";"10";"0";"2";"4";"2";"1";""
"202400017836";"155750352";"A01";"2";"33";"0";"2";"3";"7";"1";""
"202400017836";"155750353";"B01";"2";"7";"0";"2";"2";"12";"2";""
"202400017837";"155750351";"A01";"3";"7";"0";"2";"2";"1";"1";""
"202400017837";"155750355";"B01";"3";"7";"0";"2";"3";"1";"1";""
"202400017838";"155750347";"Z01";"2";"34";"0";"1";"1";"1";"0";""
"202400017839";"155750349";"A01";"2";"7";"0";"1";"8";"1";"2";""
"202400017840";"155750345";"A01";"3";"7";"0";"2";"6";"10";"1";""
"202400017840";"155750346";"B01";"3";"7";"0";"2";"1";"2";"1";""
"202400017841";"155750341";"Z01";"1";"1";"0";"1";"1";"1";"5";""
"202400017842";"155750342";"A01";"3";"1";"0";"2";"1";"5";"5";""
"202400017842";"155750344";"B01";"0";"7";"0";"2";"3";"15";"1";""
"202400017843";"155750340";"A01";"1";"7";"15";"0";"1";"0";"1";""
"202400017844";"155750343";"A01";"2";"40";"0";"1";"1";"1";"3";""
"202400017845";"155750339";"A01";"2";"1";"0";"1";"1";"1";"5";""
"202400017846";"155750337";"A01";"1";"7";"9";"0";"1";"1";"1";""
"202400017847";"155750336";"A01";"1";"7";"0";"2";"4";"15";"1";""
"202400017847";"155750338";"B01";"1";"7";"0";"2";"1";"2";"1";""
"202400017848";"155750334";"A01";"2";"60";"0";"1";"1";"1";"5";""
"202400017849";"155750333";"A01";"1";"7";"0";"0";"3";"24";"2";""
"202400017849";"155750335";"B01";"1";"50";"0";"0";"2";"2";"3";""
"202400017850";"155750329";"A01";"1";"7";"0";"9";"3";"2";"1";""
"202400017850";"155750332";"B01";"1";"1";"0";"2";"4";"14";"5";""
"202400017851";"155750328";"A01";"0";"7";"0";"2";"1";"2";"1";""
"202400017851";"155750331";"B01";"0";"31";"0";"0";"4";"23";"1";""
"202400017852";"155750327";"A01";"1";"30";"0";"2";"1";"2";"1";""
"202400017852";"155750330";"B01";"1";"37";"0";"2";"5";"23";"2";"1"
"202400017853";"155750325";"A01";"1";"80";"0";"2";"1";"26";"3";""
"202400017853";"155750326";"B01";"1";"43";"0";"9";"1";"1";"1";""
"202400017854";"155750321";"A01";"1";"31";"0";"2";"2";"17";"1";""