"Num_Acc";"id_vehicule";"num_veh";"senc";"catv";"obs";"obsm";"choc";"manv";"motor";"occutc"
"202400017854";"155750324";"B01";"1";"21";"0";"2";"3";"15";"1";""
"202400017855";"155750323";"A01";"3";"33";"0";"1";"1";"1";"1";""
"202400017856";"155750320";"B01";"1";"1";"0";"2";"1";"1";"5";""
"202400017856";"155750322";"A01";"1";"7";"0";"2";"3";"1";"2";""
"202400017857";"155750316";"B01";"1";"33";"0";"2";"4";"2";"1";""
"202400017857";"155750317";"C01";"3";"7";"0";"2";"5";"1";"1";""
"202400017857";"155750318";"A01";"1";"7";"0";"2";"2";"2";"1";""
"202400017858";"155750314";"B01";"1";"30";"0";"2";"1";"1";"3";""
"202400017858";"155750319";"A01";"2";"30";"0";"2";"1";"9";"1";""
"202400017859";"155750313";"A01";"2";"33";"1";"0";"1";"0";"1";""
"202400017860";"155750315";"A01";"1";"7";"0";"0";"0";"13";"0";""
"202400017861";"155750312";"A01";"2";"80";"0";"1";"1";"1";"3";""
"202400017862";"155750307";"B01";"1";"1";"0";"2";"1";"17";"5";""
"202400017862";"155750310";"Z01";"1";"10";"0";"9";"8";"2";"0";""
"202400017863";"155750309";"A01";"0";"80";"0";"2";"1";"26";"3";""
"202400017863";"155750311";"B01";"1";"7";"0";"2";"1";"0";"1";""
"202400017864";"155750308";"A01";"2";"7";"12";"0";"2";"11";"1";""
"202400017865";"155750306";"Z01";"1";"1";"0";"1";"1";"1";"5";""
"202400017866";"155750304";"A01";"2";"7";"0";"1";"1";"1";"3";""
"202400017867";"155750303";"A01";"3";"31";"0";"0";"0";"1";"1";""
"202400017868";"155750302";"B01";"2";"7";"0";"9";"3";"1";"1";""
"202400017868";"155750305";"A01";"2";"80";"0";"2";"1";"1";"3";""
"202400017869";"155750298";"B01";"2";"7";"0";"2";"1";"5";"1";""
"202400017869";"155750301";"A01";"1";"7";"0";"2";"1";"13";"2";""
"202400017870";"155750297";"A01";"1";"7";"0";"2";"2";"16";"2";""
"202400017870";"155750300";"B01";"3";"50";"0";"2";"0";"0";"3";""
"202400017871";"155750295";"A01";"1";"7";"0";"2";"1";"2";"1";""
"202400017871";"155750299";"B01";"1";"50";"0";"2";"4";"2";"3";""
"202400017872";"155750293";"A01";"1";"7";"0";"2";"2";"1";"1";""
"202400017872";"155750296";"B01";"2";"7";"0";"2";"8";"16";"2";""
"202400017873";"155750291";"A01";"1";"31";"0";"2";"2";"17";"1";""
"202400017873";"155750294";"B01";"2";"7";"0";"2";"3";"19";"1";""
"202400017874";"155750288";"B01";"3";"7";"0";"2";"4";"1";"1";""
"202400017874";"155750290";"C01";"3";"37";"0";"2";"4";"23";"2";"1"
"202400017874";"155750292";"A01";"3";"10";"0";"2";"1";"1";"1";""
"202400017875";"155750286";"B01";"3";"7";"0";"0";"0";"0";"1";""
"202400017875";"155750289";"A01";"3";"7";"0";"1";"3";"17";"1";""
"202400017876";"155750284";"A01";"1";"10";"0";"2";"2";"1";"1";""
"202400017876";"155750287";"B01";"1";"32";"0";"2";"3";"18";"1";""
"202400017877";"155750283";"B01";"2";"32";"0";"2";"1";"1";"1";""
"202400017877";"155750285";"A01";"3";"7";"0";"2";"3";"9";"1";""
"202400017878";"155750281";"A01";"1";"7";"2";"0";"1";"26";"1";""
"202400017879";"155750278";"A01";"2";"7";"0";"2";"3";"15";"1";""
"202400017879";"155750282";"B01";"1";"1";"0";"2";"8";"1";"5";""
"202400017880";"155750277";"A01";"1";"10";"0";"2";"2";"1";"1";""
"202400017880";"155750280";"B01";"1";"7";"0";"2";"3";"15";"1";""
"202400017881";"155750276";"A01";"3";"7";"0";"2";"1";"17";"1";""
"202400017881";"155750279";"B01";"3";"7";"0";"2";"5";"23";"1";""
"202400017882";"155750275";"A01";"1";"10";"13";"0";"1";"26";"1";""
"202400017883";"155750272";"A01";"0";"33";"0";"2";"3";"18";"1";""
"202400017883";"155750274";"B01";"0";"7";"0";"2";"2";"1";"1";""
"202400017884";"155750270";"A01";"0";"7";"0";"2";"3";"13";"1";""
"202400017884";"155750273";"B01";"0";"37";"0";"2";"3";"1";"2";"1"
"202400017885";"155750269";"A01";"3";"10";"14";"2";"2";"1";"1";""
"202400017885";"155750271";"B01";"3";"7";"0";"2";"4";"23";"1";""
"202400017886";"155750267";"A01";"3";"7";"0";"2";"1";"1";"1";""
"202400017886";"155750268";"B01";"3";"7";"0";"2";"4";"16";"1";""
"202400017887";"155750265";"A01";"3";"7";"0";"1";"6";"16";"1";""
"202400017888";"155750259";"B01";"1";"7";"0";"2";"6";"1";"1";""
"202400017888";"155750263";"A01";"2";"7";"0";"2";"3";"13";"1";""
"202400017888";"155750266";"C01";"1";"7";"0";"2";"1";"1";"1";""
"202400017889";"155750262";"A01";"3";"7";"0";"2";"8";"15";"2";""
"202400017889";"155750264";"B01";"3";"34";"0";"2";"2";"21";"1";""
"202400017890";"155750258";"B01";"3";"1";"0";"2";"7";"19";"5";""
"202400017890";"155750261";"A01";"3";"7";"0";"2";"1";"15";"1";""
"202400017891";"155750257";"A01";"1";"32";"0";"2";"1";"1";"1";""
"202400017891";"155750260";"B01";"3";"7";"0";"2";"3";"15";"2";""
"202400017892";"155750255";"A01";"1";"7";"0";"1";"2";"1";"1";""
"202400017893";"155750254";"A01";"2";"7";"15";"0";"1";"1";"1";""
"202400017894";"155750252";"A01";"2";"7";"4";"0";"1";"1";"1";""
"202400017895";"155750251";"A01";"1";"7";"0";"1";"1";"15";"3";""
"202400017896";"155750249";"A01";"3";"7";"0";"2";"1";"2";"1";""
"202400017896";"155750253";"B01";"3";"7";"0";"2";"4";"2";"1";""
"202400017897";"155750250";"B01";"1";"7";"0";"2";"1";"2";"1";""
"202400017897";"155750256";"A01";"1";"7";"0";"2";"7";"1";"2";""
"202400017898";"155750246";"B01";"3";"33";"0";"2";"2";"1";"1";""
"202400017898";"155750248";"A01";"3";"7";"0";"2";"8";"11";"1";""
"202400017899";"155750244";"B01";"2";"7";"1";"0";"1";"21";"1";""
"202400017899";"155750245";"C01";"2";"7";"0";"2";"4";"24";"1";""
"202400017900";"155750243";"A01";"3";"30";"0";"2";"1";"16";"1";""
"202400017900";"155750247";"B01";"3";"10";"0";"2";"2";"26";"1";""
"202400017901";"155750242";"A01";"2";"7";"0";"1";"2";"1";"1";""
"202400017902";"155750241";"A01";"1";"7";"0";"0";"1";"1";"1";""
"202400017903";"155750239";"A01";"3";"7";"0";"1";"0";"15";"0";""
"202400017904";"155750238";"A01";"2";"31";"0";"2";"7";"16";"1";""
"202400017905";"155750234";"C01";"1";"7";"0";"2";"1";"15";"0";""
"202400017905";"155750237";"B01";"1";"32";"0";"2";"4";"15";"0";""
"202400017905";"155750240";"A01";"2";"7";"0";"2";"0";"15";"0";""
"202400017906";"155750235";"A01";"3";"7";"6";"0";"3";"1";"1";""
"202400017907";"155750233";"A01";"1";"10";"0";"1";"7";"16";"1";""
"202400017908";"155750232";"B01";"0";"7";"0";"2";"7";"1";"1";""
"202400017908";"155750236";"A01";"0";"7";"0";"2";"1";"19";"1";""
"202400017909";"155750229";"B01";"2";"31";"0";"2";"8";"3";"1";""
"202400017909";"155750231";"A01";"2";"7";"0";"2";"7";"12";"1";""
"202400017910";"155750228";"A01";"1";"50";"8";"2";"1";"2";"3";""
"202400017910";"155750230";"B01";"2";"7";"0";"9";"3";"15";"1";""
"202400017911";"155750224";"A01";"1";"30";"1";"2";"1";"25";"1";""
"202400017911";"155750226";"B01";"2";"10";"0";"2";"1";"1";"1";""
"202400017912";"155750220";"B01";"2";"10";"0";"2";"5";"2";"1";""
"202400017912";"155750223";"A01";"2";"43";"0";"2";"1";"2";"1";""
"202400017912";"155750225";"C01";"2";"7";"0";"2";"6";"1";"1";""
"202400017913";"155750219";"A01";"1";"1";"1";"0";"3";"13";"5";""
"202400017913";"155750222";"B01";"1";"7";"0";"2";"7";"1";"1";""
"202400017914";"155750221";"B01";"2";"7";"0";"2";"1";"1";"1";""
"202400017914";"155750227";"A01";"1";"7";"0";"2";"8";"26";"1";""
"202400017915";"155750218";"A01";"1";"42";"6";"0";"1";"19";"1";""
"202400017916";"155750217";"A01";"1";"7";"13";"0";"7";"1";"1";""
"202400017917";"155750211";"A01";"2";"31";"0";"2";"1";"21";"1";""
"202400017917";"155750214";"C01";"2";"10";"0";"2";"6";"1";"1";""
"202400017917";"155750216";"B01";"1";"7";"0";"0";"6";"1";"0";""
"202400017918";"155750210";"B01";"0";"7";"0";"2";"1";"19";"1";""
"202400017918";"155750213";"A01";"2";"99";"0";"2";"2";"19";"1";""
"202400017919";"155750212";"B01";"0";"50";"0";"2";"4";"26";"3";""
"202400017919";"155750215";"A01";"0";"0";"0";"2";"0";"0";"0";""
"202400017920";"155750209";"A01";"1";"7";"6";"0";"3";"1";"1";""
"202400017921";"155750207";"A01";"2";"50";"0";"1";"1";"1";"3";""
"202400017922";"155750208";"A01";"1";"33";"0";"1";"2";"1";"1";""
"202400017923";"155750204";"B01";"2";"7";"0";"2";"1";"1";"1";""
"202400017923";"155750205";"A01";"2";"7";"0";"2";"5";"10";"1";""
"202400017924";"155750202";"A01";"1";"7";"6";"0";"8";"13";"1";""
"202400017925";"155750201";"A01";"3";"33";"0";"1";"3";"25";"1";""
"202400017926";"155750200";"A01";"1";"37";"0";"2";"1";"2";"0";"3"
"202400017926";"155750203";"B01";"1";"7";"0";"2";"4";"2";"1";""
"202400017927";"155750199";"A01";"1";"7";"4";"0";"0";"0";"1";""
"202400017928";"155750196";"A01";"3";"2";"0";"2";"1";"13";"1";""
"202400017928";"155750198";"B01";"3";"7";"0";"2";"1";"26";"1";""
"202400017929";"155750194";"B01";"3";"1";"0";"2";"1";"1";"5";""
"202400017929";"155750197";"A01";"1";"31";"0";"9";"1";"5";"1";""
"202400017930";"155750192";"A01";"1";"7";"0";"2";"2";"15";"1";""
"202400017930";"155750195";"B01";"2";"34";"0";"2";"1";"1";"1";""
"202400017931";"155750191";"A01";"2";"32";"0";"2";"1";"1";"1";""
"202400017931";"155750193";"Z01";"2";"7";"0";"2";"8";"23";"1";""
"202400017932";"155750190";"A01";"1";"7";"2";"0";"1";"1";"1";""
"202400017933";"155750188";"A01";"3";"1";"0";"1";"1";"26";"5";""
"202400017934";"155750187";"A01";"1";"7";"0";"0";"0";"0";"1";""
"202400017935";"155750186";"A01";"2";"30";"14";"0";"1";"1";"1";""
"202400017936";"155750185";"B01";"1";"7";"0";"2";"6";"23";"1";""
"202400017936";"155750189";"A01";"1";"33";"0";"2";"1";"13";"1";""
"202400017937";"155750182";"A01";"2";"10";"0";"2";"4";"4";"1";""
"202400017937";"155750184";"B01";"2";"2";"0";"2";"1";"1";"3";""
"202400017938";"155750178";"A01";"2";"7";"0";"2";"3";"1";"1";""
"202400017938";"155750181";"B01";"1";"7";"0";"2";"3";"1";"1";""
"202400017939";"155750179";"A01";"2";"7";"0";"2";"1";"1";"1";""
"202400017939";"155750180";"B01";"2";"7";"0";"1";"4";"1";"1";""
"202400017940";"155750176";"A01";"1";"7";"0";"2";"1";"15";"1";""
"202400017940";"155750177";"B01";"2";"2";"0";"0";"4";"16";"1";""
"202400017941";"155750174";"A01";"3";"7";"6";"0";"1";"1";"1";""
"202400017942";"155750172";"A01";"1";"1";"0";"2";"1";"13";"5";""
"202400017942";"155750175";"B01";"2";"1";"0";"2";"0";"1";"5";""
"202400017943";"155750171";"B01";"3";"7";"0";"9";"1";"1";"1";""
"202400017943";"155750173";"A01";"3";"50";"0";"2";"1";"5";"3";""
"202400017944";"155750167";"A01";"2";"10";"0";"2";"7";"15";"1";""
"202400017944";"155750170";"B01";"1";"1";"0";"2";"1";"1";"5";""
"202400017945";"155750168";"A01";"2";"33";"0";"0";"0";"26";"1";""
"202400017946";"155750164";"A01";"1";"7";"4";"0";"0";"23";"1";""
"202400017946";"155750166";"B01";"1";"14";"1";"0";"2";"2";"1";""
"202400017946";"155750169";"C01";"1";"7";"1";"0";"1";"1";"1";""
"202400017947";"155750162";"A01";"1";"7";"0";"2";"1";"1";"1";""
"202400017947";"155750165";"B01";"2";"34";"0";"2";"7";"1";"1";""
"202400017948";"155750159";"A01";"3";"33";"6";"0";"1";"26";"1";""
"202400017949";"155750160";"A01";"2";"10";"0";"2";"1";"1";"1";""
"202400017949";"155750163";"B01";"2";"16";"0";"2";"4";"2";"1";""
"202400017950";"155750158";"A01";"1";"7";"6";"2";"1";"17";"1";""
"202400017950";"155750161";"B01";"1";"7";"6";"2";"6";"15";"1";""
"202400017951";"155750156";"A01";"1";"2";"1";"0";"1";"1";"3";""
"202400017952";"155750153";"A01";"1";"30";"0";"2";"8";"1";"3";""
"202400017952";"155750157";"B01";"1";"7";"0";"2";"1";"1";"1";""
"202400017953";"155750152";"B01";"3";"99";"0";"2";"1";"2";"3";""
"202400017953";"155750155";"A01";"3";"7";"0";"0";"5";"2";"1";""
"202400017954";"155750148";"B01";"0";"10";"14";"0";"4";"2";"1";""
"202400017954";"155750149";"C01";"0";"7";"14";"0";"4";"2";"1";""
"202400017954";"155750151";"A01";"3";"17";"14";"0";"1";"2";"1";""
"202400017954";"155750154";"D01";"0";"10";"0";"0";"4";"2";"1";""
"202400017955";"155750146";"A01";"1";"7";"2";"0";"1";"1";"1";""
"202400017956";"155750147";"A01";"3";"7";"0";"1";"1";"26";"3";""
"202400017957";"155750144";"A01";"0";"7";"0";"0";"1";"0";"1";""
"202400017958";"155750143";"A01";"1";"33";"5";"0";"9";"2";"1";""
"202400017959";"155750141";"A01";"0";"1";"0";"0";"1";"14";"5";""
"202400017960";"155750139";"A01";"1";"33";"13";"0";"0";"0";"1";""
"202400017961";"155750138";"A01";"3";"7";"1";"2";"3";"16";"1";""
"202400017961";"155750140";"B01";"2";"7";"0";"2";"2";"1";"1";""
"202400017962";"155750135";"A01";"1";"7";"0";"2";"1";"0";"1";""
"202400017962";"155750137";"B01";"2";"7";"0";"2";"1";"0";"1";""
"202400017962";"155750142";"C01";"2";"7";"0";"2";"3";"0";"1";""
"202400017962";"155750145";"D01";"1";"7";"0";"2";"1";"13";"1";""
"202400017962";"155750150";"E01";"1";"7";"1";"0";"1";"26";"1";""
"202400017963";"155750133";"A01";"3";"7";"0";"1";"6";"20";"1";""
"202400017964";"155750131";"A01";"2";"7";"6";"0";"2";"14";"1";""
"202400017965";"155750129";"A01";"2";"7";"0";"1";"3";"1";"1";""
"202400017966";"155750128";"B01";"1";"1";"0";"2";"8";"1";"5";""
"202400017966";"155750132";"A01";"2";"7";"0";"9";"1";"1";"1";""
"202400017967";"155750130";"A01";"1";"7";"0";"2";"3";"11";"1";""
"202400017967";"155750134";"B01";"1";"7";"0";"2";"6";"1";"1";""
"202400017967";"155750136";"C01";"1";"7";"0";"2";"5";"1";"1";""
"202400017968";"155750122";"A01";"1";"10";"0";"2";"2";"14";"0";""
"202400017968";"155750125";"B01";"1";"33";"0";"2";"3";"1";"1";""
"202400017969";"155750126";"B01";"2";"7";"0";"2";"1";"2";"1";""
"202400017969";"155750127";"A01";"2";"2";"0";"0";"4";"23";"1";""
"202400017970";"155750121";"A01";"1";"7";"0";"2";"2";"2";"1";""
"202400017970";"155750123";"B01";"1";"10";"0";"2";"6";"2";"1";""
"202400017971";"155750120";"A01";"1";"7";"0";"2";"1";"2";"1";""
"202400017971";"155750124";"B01";"1";"7";"0";"2";"4";"2";"1";""
"202400017972";"155750119";"A01";"1";"37";"0";"1";"8";"0";"1";"1"
"202400017973";"155750118";"A01";"2";"2";"12";"0";"1";"16";"1";""
"202400017974";"155750117";"A01";"0";"7";"0";"1";"1";"15";"3";""
"202400017975";"155750115";"A01";"2";"10";"0";"2";"3";"11";"3";""
"202400017975";"155750116";"B01";"2";"7";"0";"2";"4";"1";"2";""
"202400017976";"155750113";"A01";"0";"80";"0";"0";"2";"1";"3";""
"202400017977";"155750112";"A01";"1";"10";"0";"1";"1";"1";"0";""
"202400017978";"155750111";"B01";"2";"7";"0";"2";"8";"1";"1";""
"202400017978";"155750114";"A01";"1";"7";"0";"2";"1";"1";"1";""
"202400017979";"155750107";"A01";"1";"7";"15";"0";"2";"1";"1";""
"202400017980";"155750109";"A01";"3";"37";"0";"1";"2";"1";"2";"1"
"202400017981";"155750108";"B01";"2";"50";"0";"2";"1";"1";"3";""
"202400017981";"155750110";"A01";"2";"7";"0";"2";"4";"23";"1";""
"202400017982";"155750105";"B01";"3";"2";"0";"2";"8";"1";"1";""
"202400017982";"155750106";"A01";"2";"7";"0";"2";"2";"1";"1";""
"202400017983";"155750104";"A01";"3";"33";"0";"0";"8";"1";"1";""
"202400017984";"155750100";"A01";"2";"7";"0";"2";"8";"19";"1";""
"202400017984";"155750103";"B01";"1";"7";"0";"2";"1";"1";"1";""
"202400017985";"155750095";"A01";"1";"7";"0";"0";"1";"2";"1";""
"202400017985";"155750098";"B01";"1";"30";"0";"0";"0";"0";"1";""
"202400017986";"155750097";"A01";"0";"7";"0";"2";"1";"1";"1";""
"202400017986";"155750101";"B01";"0";"7";"0";"2";"1";"1";"1";""
"202400017987";"155750096";"A01";"1";"7";"0";"2";"1";"1";"1";""
"202400017987";"155750099";"B01";"1";"7";"0";"2";"4";"1";"1";""
"202400017987";"155750102";"C01";"1";"7";"0";"2";"4";"9";"1";""
"202400017988";"155750094";"A01";"0";"7";"12";"0";"0";"0";"1";""
"202400017989";"155750089";"A01";"1";"33";"0";"2";"2";"17";"1";""
"202400017989";"155750093";"B01";"0";"7";"0";"2";"3";"0";"2";""
"202400017990";"155750090";"B01";"3";"32";"0";"2";"7";"17";"1";""
"202400017990";"155750092";"A01";"3";"10";"0";"2";"3";"9";"1";""
"202400017991";"155750086";"A01";"1";"7";"0";"2";"1";"15";"1";""
"202400017991";"155750088";"B01";"2";"7";"0";"2";"1";"1";"1";""
"202400017992";"155750085";"C01";"2";"7";"0";"2";"1";"1";"1";""
"202400017992";"155750087";"A01";"2";"7";"0";"2";"4";"1";"1";""
"202400017992";"155750091";"B01";"2";"10";"0";"2";"4";"1";"1";""
"202400017993";"155750082";"A01";"1";"1";"0";"2";"3";"19";"5";""
"202400017993";"155750084";"B01";"1";"7";"0";"9";"3";"16";"2";""
"202400017994";"155750080";"A01";"3";"2";"0";"2";"8";"16";"3";""
"202400017994";"155750083";"B01";"1";"33";"0";"2";"2";"1";"1";""
"202400017995";"155750079";"A01";"1";"7";"0";"1";"3";"1";"3";""
"202400017996";"155750077";"B01";"3";"33";"0";"2";"1";"1";"1";""
"202400017996";"155750081";"A01";"3";"7";"0";"2";"6";"19";"1";""
"202400017997";"155750076";"B01";"2";"7";"0";"2";"4";"1";"2";""
"202400017997";"155750078";"A01";"2";"7";"0";"2";"1";"2";"1";""
"202400017998";"155750073";"A01";"2";"7";"2";"0";"1";"1";"1";""
"202400017999";"155750070";"A01";"1";"7";"0";"2";"7";"22";"2";""
"202400017999";"155750075";"B01";"1";"1";"0";"2";"1";"1";"5";""
"202400018000";"155750068";"A01";"1";"10";"0";"0";"0";"15";"1";""
"202400018000";"155750071";"B01";"2";"33";"7";"0";"3";"21";"1";""
"202400018001";"155750069";"C01";"1";"7";"1";"0";"1";"1";"1";""
"202400018001";"155750072";"B01";"1";"7";"1";"0";"4";"1";"1";""
"202400018001";"155750074";"A01";"1";"7";"0";"0";"4";"23";"2";""
"202400018002";"155750066";"A01";"2";"15";"0";"2";"2";"2";"1";""
"202400018002";"155750067";"B01";"2";"1";"0";"2";"3";"2";"5";""
"202400018003";"155750062";"A01";"1";"7";"0";"0";"3";"1";"1";""
"202400018003";"155750065";"B01";"2";"7";"0";"0";"3";"1";"1";""
"202400018004";"155750060";"A01";"2";"7";"0";"0";"1";"1";"1";""
"202400018005";"155750059";"A01";"1";"7";"0";"2";"2";"2";"1";""
"202400018005";"155750064";"B01";"1";"7";"0";"0";"4";"2";"1";""
"202400018006";"155750061";"A01";"1";"7";"0";"2";"8";"15";"1";""
"202400018006";"155750063";"B01";"1";"33";"0";"2";"1";"1";"1";""
"202400018007";"155750057";"A01";"2";"2";"0";"0";"7";"10";"1";""
"202400018008";"155750058";"A01";"1";"7";"13";"0";"3";"13";"1";""
"202400018009";"155750049";"B01";"2";"33";"0";"2";"1";"1";"1";""
"202400018009";"155750052";"A01";"1";"7";"0";"2";"2";"15";"1";""
"202400018010";"155750048";"B01";"2";"7";"0";"2";"0";"1";"1";""
"202400018010";"155750053";"C01";"2";"7";"0";"2";"8";"23";"2";""
"202400018010";"155750055";"A01";"2";"32";"0";"2";"1";"1";"1";""
"202400018011";"155750047";"A01";"2";"7";"0";"2";"3";"1";"2";""
"202400018011";"155750051";"B01";"1";"30";"0";"2";"2";"19";"1";""
"202400018012";"155750046";"A01";"1";"7";"0";"2";"1";"1";"1";""
"202400018012";"155750050";"C01";"1";"10";"0";"2";"1";"1";"1";""
"202400018012";"155750054";"D01";"1";"7";"0";"2";"1";"1";"1";""
"202400018012";"155750056";"B01";"1";"7";"0";"2";"4";"1";"3";""
"202400018013";"155750041";"B01";"1";"33";"0";"2";"1";"1";"1";""
"202400018013";"155750045";"A01";"2";"7";"0";"2";"1";"1";"1";""
"202400018014";"155750040";"A01";"2";"33";"0";"2";"1";"2";"1";""
"202400018014";"155750042";"B01";"2";"7";"0";"2";"5";"0";"1";""
"202400018015";"155750039";"A01";"1";"33";"0";"2";"1";"2";"1";""
"202400018015";"155750044";"B01";"1";"7";"0";"2";"2";"17";"1";""
"202400018016";"155750038";"A01";"2";"7";"0";"0";"0";"1";"1";""
"202400018017";"155750037";"A01";"3";"7";"0";"1";"1";"0";"1";""
"202400018018";"155750033";"A01";"2";"2";"0";"5";"1";"1";"1";""
"202400018019";"155750034";"A01";"1";"7";"0";"2";"1";"2";"1";""
"202400018019";"155750036";"B01";"1";"7";"0";"2";"4";"2";"1";""
"202400018020";"155750032";"A01";"0";"7";"0";"2";"2";"12";"1";""
"202400018020";"155750035";"B01";"3";"7";"1";"2";"8";"1";"1";""
"202400018021";"155750030";"A01";"1";"7";"7";"0";"3";"1";"1";""
"202400018022";"155750028";"A01";"1";"7";"14";"0";"1";"1";"1";""
"202400018023";"155750026";"A01";"2";"99";"0";"2";"3";"13";"0";""
"202400018023";"155750029";"B01";"1";"7";"0";"2";"3";"1";"0";""
"202400018024";"155750024";"A01";"3";"7";"0";"1";"2";"1";"1";""
"202400018025";"155750025";"A01";"2";"7";"0";"2";"1";"2";"1";""
"202400018025";"155750027";"B01";"2";"7";"0";"2";"4";"2";"2";""
"202400018026";"155750021";"A01";"1";"7";"0";"1";"1";"16";"1";""
"202400018027";"155750019";"B01";"3";"10";"0";"2";"3";"1";"1";""
"202400018027";"155750022";"A01";"1";"33";"0";"2";"1";"1";"1";""
"202400018028";"155750017";"A01";"1";"7";"0";"2";"0";"26";"1";""
"202400018028";"155750020";"B01";"1";"7";"0";"2";"0";"0";"1";""
"202400018029";"155750018";"A01";"1";"7";"0";"2";"2";"15";"1";""
"202400018029";"155750023";"B01";"1";"50";"0";"2";"8";"1";"3";""
"202400018030";"155750016";"A01";"2";"7";"2";"0";"7";"1";"1";""
"202400018031";"155750015";"A01";"2";"33";"0";"2";"7";"0";"1";""
"202400018032";"155750014";"A01";"1";"7";"0";"1";"1";"1";"1";""
"202400018033";"155750013";"A01";"1";"33";"6";"0";"1";"1";"1";""
"202400018034";"155750010";"A01";"1";"7";"0";"2";"4";"23";"1";""
"202400018034";"155750011";"B01";"1";"7";"0";"2";"1";"2";"1";""
"202400018035";"155750009";"A01";"2";"7";"3";"2";"3";"13";"1";""
"202400018035";"155750012";"B01";"1";"7";"0";"2";"3";"1";"1";""
"202400018036";"155750006";"B01";"1";"7";"3";"2";"1";"0";"1";""
"202400018036";"155750008";"A01";"2";"7";"0";"2";"3";"19";"1";""
"202400018037";"155750005";"A01";"1";"21";"0";"2";"6";"19";"1";""
"202400018037";"155750007";"B01";"1";"33";"0";"2";"1";"1";"1";""
"202400018038";"155750003";"A01";"1";"2";"0";"6";"1";"1";"1";""
"202400018039";"155750002";"A01";"1";"43";"0";"2";"1";"1";"1";""
"202400018039";"155750004";"B01";"1";"7";"0";"2";"4";"1";"1";""
"202400018040";"155750001";"A01";"1";"33";"0";"0";"0";"2";"1";""
"202400018041";"155750000";"A01";"1";"7";"2";"0";"5";"1";"1";""
"202400018042";"155749997";"A01";"1";"33";"0";"2";"1";"2";"1";""
"202400018042";"155749998";"B01";"1";"7";"0";"2";"5";"14";"1";""
"202400018043";"155749996";"A01";"2";"33";"13";"0";"7";"1";"1";""
"202400018043";"155749999";"B01";"1";"7";"0";"2";"1";"9";"1";""
"202400018044";"155749995";"A01";"1";"7";"6";"0";"1";"26";"1";""
"202400018045";"155749992";"A01";"1";"7";"0";"2";"3";"13";"1";""
"202400018045";"155749994";"B01";"2";"15";"0";"2";"3";"1";"1";""
"202400018046";"155749991";"B01";"2";"33";"0";"2";"3";"0";"1";""
"202400018046";"155749993";"A01";"2";"99";"0";"2";"5";"0";"1";""
"202400018047";"155749988";"A01";"2";"31";"0";"0";"1";"1";"1";""
"202400018047";"155749990";"B01";"2";"10";"0";"2";"7";"17";"1";""
"202400018048";"155749987";"B01";"2";"13";"0";"2";"7";"1";"1";""
"202400018048";"155749989";"A01";"2";"7";"0";"2";"3";"11";"1";""
"202400018049";"155749986";"A01";"2";"33";"5";"0";"7";"0";"1";""
"202400018050";"155749984";"B01";"1";"7";"0";"2";"4";"1";"1";""
"202400018050";"155749985";"A01";"2";"33";"0";"2";"1";"2";"1";""
"202400018051";"155749980";"A01";"0";"7";"0";"2";"1";"1";"1";""
"202400018051";"155749982";"B01";"0";"10";"0";"2";"4";"23";"1";""
"202400018052";"155749979";"A01";"2";"10";"0";"2";"1";"2";"1";""
"202400018052";"155749983";"B01";"2";"17";"0";"2";"6";"2";"1";""
"202400018053";"155749977";"A01";"2";"33";"0";"2";"8";"15";"1";""
"202400018053";"155749981";"B01";"2";"10";"0";"2";"2";"1";"1";""
"202400018054";"155749976";"A01";"2";"7";"0";"2";"1";"2";"1";""
"202400018054";"155749978";"B01";"2";"7";"0";"2";"4";"2";"1";""
"202400018055";"155749974";"B01";"2";"7";"0";"2";"2";"1";"1";""
"202400018055";"155749975";"A01";"1";"7";"0";"2";"3";"13";"1";""
"202400018056";"155749971";"B01";"1";"2";"0";"2";"1";"1";"1";""
"202400018056";"155749973";"A01";"2";"7";"0";"2";"7";"15";"1";""
"202400018057";"155749969";"A01";"2";"7";"0";"2";"1";"5";"1";""
"202400018057";"155749972";"B01";"1";"10";"0";"2";"1";"1";"1";""
"202400018058";"155749967";"A01";"2";"7";"0";"2";"6";"15";"1";""
"202400018058";"155749968";"B01";"1";"32";"0";"2";"1";"17";"1";""
"202400018059";"155749965";"A01";"1";"32";"0";"2";"1";"1";"1";""
"202400018059";"155749966";"B01";"3";"7";"0";"2";"3";"23";"1";""
"202400018060";"155749963";"A01";"1";"7";"0";"2";"1";"2";"1";""
"202400018060";"155749964";"C01";"1";"7";"0";"2";"4";"2";"1";""
"202400018060";"155749970";"B01";"1";"7";"0";"2";"4";"2";"1";""
"202400018061";"155749961";"A01";"1";"7";"13";"0";"2";"14";"1";""
"202400018062";"155749959";"B01";"1";"17";"0";"2";"2";"21";"1";""
"202400018062";"155749962";"A01";"1";"17";"13";"2";"2";"13";"1";""
"202400018063";"155749957";"A01";"1";"7";"0";"2";"1";"2";"1";""
"202400018063";"155749960";"B01";"1";"15";"0";"2";"4";"2";"1";""
"202400018064";"155749958";"A01";"2";"7";"9";"0";"1";"1";"2";""
"202400018065";"155749955";"A01";"1";"2";"8";"0";"1";"14";"1";""
"202400018066";"155749956";"A01";"1";"7";"2";"0";"1";"1";"1";""
"202400018067";"155749949";"A01";"1";"7";"13";"2";"2";"1";"1";""