"Num_Acc";"id_vehicule";"num_veh";"senc";"catv";"obs";"obsm";"choc";"manv";"motor";"occutc"
"202400018067";"155749951";"B01";"1";"7";"14";"2";"2";"1";"1";""
"202400018068";"155749950";"B01";"1";"50";"0";"2";"1";"1";"3";""
"202400018068";"155749953";"A01";"1";"7";"0";"2";"1";"15";"1";""
"202400018069";"155749948";"B01";"1";"1";"0";"2";"1";"1";"5";""
"202400018069";"155749954";"A01";"2";"7";"0";"2";"3";"15";"1";""
"202400018070";"155749947";"A01";"2";"7";"0";"2";"1";"2";"1";""
"202400018070";"155749952";"B01";"2";"7";"0";"0";"4";"2";"1";""
"202400018071";"155749946";"A01";"1";"32";"0";"0";"0";"0";"6";""
"202400018072";"155749944";"A01";"1";"0";"0";"1";"0";"9";"0";""
"202400018073";"155749943";"B01";"1";"17";"3";"0";"7";"1";"0";""
"202400018074";"155749942";"B01";"1";"7";"0";"0";"0";"23";"1";""
"202400018074";"155749945";"A01";"1";"7";"0";"0";"3";"1";"1";""
"202400018075";"155749939";"B01";"0";"13";"0";"0";"8";"15";"1";""
"202400018075";"155749941";"A01";"0";"50";"0";"2";"1";"1";"3";""
"202400018076";"155749937";"A01";"1";"7";"2";"0";"1";"1";"1";""
"202400018077";"155749936";"B01";"3";"50";"15";"2";"7";"1";"3";""
"202400018077";"155749940";"A01";"2";"10";"0";"2";"1";"1";"1";""
"202400018078";"155749932";"A01";"3";"20";"0";"1";"3";"2";"3";""
"202400018079";"155749933";"B01";"3";"80";"0";"2";"4";"1";"3";""
"202400018079";"155749934";"Z01";"3";"10";"0";"2";"1";"1";"1";""
"202400018080";"155749935";"A01";"1";"10";"0";"0";"3";"15";"1";""
"202400018080";"155749938";"B01";"1";"7";"0";"0";"2";"17";"2";""
"202400018081";"155749931";"A01";"2";"7";"0";"1";"2";"15";"1";""
"202400018082";"155749928";"A01";"1";"7";"0";"2";"3";"0";"1";""
"202400018082";"155749929";"B01";"2";"7";"0";"0";"3";"1";"1";""
"202400018083";"155749927";"A01";"2";"32";"4";"2";"4";"14";"1";""
"202400018083";"155749930";"B01";"1";"43";"0";"2";"1";"2";"1";""
"202400018084";"155749926";"B01";"2";"30";"1";"0";"1";"25";"1";""
"202400018085";"155749925";"A01";"1";"7";"6";"0";"3";"2";"1";""
"202400018086";"155749923";"A01";"1";"33";"0";"2";"1";"17";"1";""
"202400018086";"155749924";"B01";"1";"7";"0";"2";"6";"15";"1";""
"202400018087";"155749922";"A01";"3";"2";"8";"0";"7";"10";"3";""
"202400018088";"155749920";"A01";"3";"7";"5";"1";"5";"14";"1";""
"202400018089";"155749918";"A01";"1";"7";"2";"0";"2";"14";"1";""
"202400018090";"155749919";"B01";"1";"32";"0";"2";"1";"1";"1";""
"202400018090";"155749921";"A01";"2";"7";"0";"2";"8";"15";"1";""
"202400018091";"155749916";"A01";"2";"99";"2";"1";"2";"2";"1";""
"202400018092";"155749915";"A01";"2";"15";"13";"0";"3";"1";"1";""
"202400018092";"155749917";"B01";"2";"7";"13";"0";"1";"1";"1";""
"202400018093";"155749912";"A01";"2";"7";"0";"2";"1";"17";"1";""
"202400018093";"155749914";"B01";"1";"7";"0";"2";"1";"1";"1";""
"202400018094";"155749913";"A01";"1";"7";"2";"0";"0";"1";"1";""
"202400018095";"155749911";"A01";"1";"7";"0";"1";"2";"1";"1";""
"202400018096";"155749909";"A01";"1";"1";"0";"0";"0";"1";"5";""
"202400018097";"155749910";"A01";"2";"33";"0";"0";"0";"1";"1";""
"202400018098";"155749908";"A01";"3";"21";"0";"0";"0";"1";"1";""
"202400018099";"155749907";"A01";"2";"7";"15";"0";"2";"1";"1";""
"202400018100";"155749906";"A01";"1";"33";"3";"0";"7";"1";"1";""
"202400018101";"155749904";"A01";"1";"7";"0";"2";"1";"1";"1";""
"202400018101";"155749905";"B01";"1";"1";"0";"2";"4";"1";"5";""
"202400018102";"155749903";"A01";"3";"7";"15";"0";"3";"1";"1";""
"202400018103";"155749900";"A01";"1";"7";"0";"2";"3";"13";"1";""
"202400018103";"155749902";"B01";"2";"7";"0";"2";"3";"1";"1";""
"202400018104";"155749898";"A01";"2";"33";"14";"0";"1";"1";"1";""
"202400018105";"155749897";"C01";"1";"7";"0";"2";"1";"2";"1";""
"202400018105";"155749899";"A01";"1";"7";"0";"2";"0";"1";"1";""
"202400018105";"155749901";"B01";"1";"7";"0";"2";"1";"1";"1";""
"202400018106";"155749896";"A01";"3";"7";"2";"0";"2";"1";"2";""
"202400018107";"155749894";"A01";"3";"7";"0";"2";"3";"1";"1";""
"202400018107";"155749895";"B01";"3";"7";"0";"2";"3";"1";"1";""
"202400018108";"155749893";"A01";"3";"38";"0";"1";"2";"7";"1";"1"
"202400018109";"155749892";"A01";"2";"7";"13";"0";"0";"16";"1";""
"202400018110";"155749887";"A01";"1";"2";"16";"0";"8";"2";"1";""
"202400018110";"155749890";"B01";"1";"7";"0";"2";"2";"2";"0";""
"202400018111";"155749886";"A01";"1";"7";"0";"2";"3";"5";"3";""
"202400018111";"155749889";"B01";"2";"7";"0";"2";"2";"0";"1";""
"202400018112";"155749885";"A01";"1";"7";"0";"2";"0";"0";"1";""
"202400018112";"155749888";"B01";"1";"13";"0";"2";"8";"2";"1";""
"202400018113";"155749884";"A01";"1";"7";"0";"0";"1";"1";"1";""
"202400018114";"155749879";"A01";"1";"7";"0";"1";"1";"15";"1";""
"202400018115";"155749880";"A01";"2";"7";"2";"0";"2";"1";"1";""
"202400018116";"155749881";"A01";"1";"7";"0";"2";"1";"1";"1";""
"202400018116";"155749883";"B01";"0";"10";"0";"2";"7";"1";"1";""
"202400018117";"155749875";"A01";"1";"7";"0";"1";"1";"1";"1";""
"202400018118";"155749874";"A01";"1";"7";"0";"2";"1";"17";"1";""
"202400018118";"155749877";"B01";"2";"7";"0";"2";"1";"1";"1";""
"202400018119";"155749873";"A01";"2";"7";"0";"1";"2";"1";"1";""
"202400018120";"155749872";"A01";"1";"7";"0";"2";"4";"1";"1";""
"202400018120";"155749876";"B01";"1";"7";"0";"2";"1";"1";"1";""
"202400018121";"155749871";"A01";"1";"33";"0";"5";"1";"1";"1";""
"202400018122";"155749869";"A01";"2";"7";"16";"0";"9";"1";"1";""
"202400018123";"155749866";"B01";"1";"7";"0";"2";"1";"1";"1";""
"202400018123";"155749868";"A01";"1";"7";"0";"2";"4";"1";"3";""
"202400018124";"155749865";"A01";"1";"7";"0";"2";"3";"19";"1";""
"202400018124";"155749870";"B01";"2";"7";"0";"2";"1";"1";"1";""
"202400018125";"155749864";"A01";"2";"7";"0";"2";"1";"2";"1";""
"202400018125";"155749867";"B01";"2";"7";"0";"2";"4";"23";"1";""
"202400018126";"155749862";"A01";"1";"7";"0";"2";"1";"2";"1";""
"202400018126";"155749863";"B01";"1";"7";"0";"0";"4";"2";"1";""
"202400018127";"155749858";"A01";"1";"7";"0";"1";"3";"1";"1";""
"202400018128";"155749855";"A01";"2";"7";"2";"0";"3";"13";"1";""
"202400018129";"155749857";"B01";"1";"7";"4";"2";"4";"13";"1";""
"202400018129";"155749860";"A01";"1";"7";"0";"2";"1";"1";"1";""
"202400018129";"155749861";"C01";"1";"7";"0";"2";"6";"1";"1";""
"202400018130";"155749856";"B01";"1";"7";"13";"0";"0";"0";"1";""
"202400018130";"155749859";"A01";"2";"7";"13";"0";"0";"1";"1";""
"202400018131";"155749852";"A01";"1";"31";"3";"0";"8";"1";"1";""
"202400018132";"155749850";"B01";"3";"7";"0";"2";"6";"1";"1";""
"202400018132";"155749854";"A01";"3";"7";"0";"2";"1";"1";"1";""
"202400018133";"155749849";"B01";"1";"7";"0";"2";"6";"1";"1";""
"202400018133";"155749851";"C01";"1";"7";"0";"2";"4";"3";"1";""
"202400018133";"155749853";"A01";"1";"7";"0";"2";"1";"1";"1";""
"202400018134";"155749847";"B01";"1";"10";"0";"2";"5";"1";"1";""
"202400018134";"155749848";"A01";"1";"33";"0";"2";"1";"21";"1";""
"202400018135";"155749841";"B01";"2";"33";"0";"2";"1";"1";"1";""
"202400018135";"155749844";"A01";"2";"7";"0";"2";"4";"1";"1";""
"202400018136";"155749842";"B01";"1";"33";"4";"2";"9";"2";"1";""
"202400018136";"155749845";"A01";"1";"7";"0";"2";"8";"13";"1";""
"202400018137";"155749843";"B01";"2";"7";"0";"2";"1";"1";"1";""
"202400018137";"155749846";"A01";"1";"7";"0";"2";"1";"15";"1";""
"202400018138";"155749840";"A01";"2";"7";"4";"0";"3";"1";"1";""
"202400018139";"155749834";"A01";"3";"7";"0";"1";"1";"19";"0";""
"202400018140";"155749835";"A01";"1";"99";"13";"0";"7";"14";"1";""
"202400018141";"155749833";"A01";"1";"10";"0";"2";"3";"2";"1";""
"202400018141";"155749837";"B01";"1";"7";"0";"2";"5";"2";"2";""
"202400018141";"155749839";"C01";"1";"7";"0";"2";"6";"2";"1";""
"202400018142";"155749831";"A01";"1";"7";"0";"2";"2";"2";"1";""
"202400018142";"155749836";"B01";"1";"7";"0";"2";"1";"2";"1";""
"202400018142";"155749838";"C01";"1";"7";"0";"2";"5";"0";"1";""
"202400018143";"155749830";"A01";"1";"17";"0";"2";"6";"2";"1";""
"202400018143";"155749832";"B01";"1";"7";"0";"2";"1";"2";"1";""
"202400018144";"155749826";"B01";"1";"1";"0";"5";"1";"1";"5";""
"202400018144";"155749828";"A01";"1";"1";"0";"5";"1";"1";"5";""
"202400018145";"155749824";"B01";"0";"2";"0";"2";"7";"15";"0";""
"202400018145";"155749827";"A01";"0";"7";"0";"2";"8";"15";"0";""
"202400018146";"155749822";"B01";"1";"7";"0";"2";"4";"2";"1";""
"202400018146";"155749825";"C01";"1";"7";"0";"2";"4";"2";"1";""
"202400018146";"155749829";"A01";"1";"7";"0";"2";"1";"2";"1";""
"202400018147";"155749821";"A01";"2";"7";"13";"0";"2";"14";"1";""
"202400018148";"155749820";"A01";"1";"36";"13";"0";"8";"1";"3";""
"202400018149";"155749819";"A01";"2";"33";"0";"2";"1";"2";"1";""
"202400018149";"155749823";"B01";"2";"33";"0";"2";"6";"11";"1";""
"202400018150";"155749817";"A01";"3";"7";"4";"0";"1";"0";"1";""
"202400018151";"155749818";"A01";"1";"7";"0";"1";"2";"1";"1";""
"202400018152";"155749815";"A01";"1";"33";"0";"0";"0";"26";"1";""
"202400018153";"155749813";"A01";"1";"7";"0";"2";"1";"13";"1";""
"202400018153";"155749816";"B01";"2";"10";"0";"2";"3";"1";"1";""
"202400018154";"155749811";"B01";"1";"10";"0";"2";"3";"15";"1";""
"202400018154";"155749814";"A01";"1";"7";"0";"2";"1";"1";"1";""
"202400018155";"155749808";"A01";"1";"7";"9";"9";"1";"9";"1";""
"202400018156";"155749807";"A01";"2";"7";"0";"2";"1";"1";"1";""
"202400018156";"155749809";"B01";"2";"10";"0";"2";"4";"11";"1";""
"202400018157";"155749805";"A01";"1";"10";"0";"2";"1";"2";"1";""
"202400018157";"155749806";"B01";"1";"7";"0";"2";"4";"1";"1";""
"202400018157";"155749810";"C01";"1";"7";"0";"2";"9";"1";"1";""
"202400018157";"155749812";"D01";"1";"7";"0";"2";"5";"2";"1";""
"202400018158";"155749804";"A01";"3";"7";"0";"1";"6";"15";"1";""
"202400018159";"155749801";"A01";"0";"33";"0";"6";"1";"1";"1";""
"202400018160";"155749799";"A01";"2";"2";"0";"2";"1";"2";"1";""
"202400018160";"155749802";"B01";"2";"7";"0";"2";"5";"0";"1";""
"202400018161";"155749798";"B01";"2";"7";"6";"2";"6";"1";"1";""
"202400018161";"155749803";"A01";"2";"7";"0";"2";"2";"17";"1";""
"202400018162";"155749795";"B01";"2";"30";"0";"2";"3";"1";"1";""
"202400018162";"155749797";"A01";"2";"7";"0";"2";"0";"2";"1";""
"202400018163";"155749794";"A01";"3";"7";"6";"1";"1";"20";"0";""
"202400018164";"155749796";"B01";"1";"10";"0";"2";"4";"1";"1";""
"202400018164";"155749800";"A01";"1";"7";"0";"2";"1";"1";"1";""
"202400018165";"155749793";"A01";"2";"7";"8";"0";"2";"14";"1";""
"202400018166";"155749792";"A01";"3";"7";"0";"1";"1";"0";"1";""
"202400018167";"155749791";"A01";"1";"7";"13";"0";"3";"13";"1";""
"202400018168";"155749789";"A01";"2";"7";"1";"0";"1";"2";"1";""
"202400018169";"155749788";"A01";"1";"7";"0";"2";"1";"2";"1";""
"202400018169";"155749790";"B01";"1";"7";"0";"2";"4";"2";"1";""
"202400018170";"155749787";"A01";"2";"2";"3";"0";"0";"2";"1";""
"202400018171";"155749784";"A01";"2";"7";"0";"2";"2";"1";"1";""
"202400018171";"155749786";"B01";"1";"2";"0";"2";"1";"5";"1";""
"202400018172";"155749783";"B01";"2";"7";"0";"2";"1";"1";"1";""
"202400018172";"155749785";"A01";"1";"7";"13";"2";"4";"13";"1";""
"202400018173";"155749782";"A01";"2";"10";"4";"0";"7";"1";"1";""
"202400018174";"155749781";"A01";"1";"36";"6";"0";"2";"26";"1";""
"202400018175";"155749780";"A01";"2";"7";"0";"1";"2";"1";"1";""
"202400018176";"155749779";"A01";"3";"7";"0";"1";"2";"16";"1";""
"202400018177";"155749777";"A01";"2";"7";"0";"0";"9";"1";"1";""
"202400018178";"155749775";"A01";"3";"7";"0";"1";"4";"4";"1";""
"202400018179";"155749774";"B01";"1";"7";"0";"2";"3";"12";"1";""
"202400018179";"155749778";"A01";"1";"33";"0";"2";"2";"12";"1";""
"202400018180";"155749773";"B01";"1";"21";"0";"2";"1";"1";"1";""
"202400018180";"155749776";"A01";"2";"7";"0";"2";"7";"1";"1";""
"202400018181";"155749768";"A01";"1";"7";"0";"2";"1";"1";"1";""
"202400018181";"155749772";"B01";"1";"7";"0";"2";"1";"1";"1";""
"202400018182";"155749767";"A01";"2";"7";"0";"2";"1";"8";"1";""
"202400018182";"155749771";"B01";"1";"7";"0";"2";"8";"15";"1";""
"202400018183";"155749766";"B01";"1";"1";"0";"0";"4";"2";"5";""
"202400018183";"155749769";"A01";"1";"7";"0";"2";"2";"14";"1";""
"202400018184";"155749765";"A01";"3";"7";"0";"0";"0";"15";"1";""
"202400018184";"155749770";"B01";"3";"31";"0";"0";"0";"1";"1";""
"202400018185";"155749764";"A01";"3";"33";"0";"0";"7";"23";"1";""
"202400018186";"155749762";"A01";"2";"7";"0";"1";"1";"1";"1";""
"202400018187";"155749760";"A01";"3";"7";"0";"1";"1";"1";"1";""
"202400018188";"155749758";"A01";"1";"10";"0";"1";"3";"1";"1";""
"202400018189";"155749757";"A01";"3";"30";"0";"2";"1";"1";"1";""
"202400018189";"155749759";"B01";"3";"7";"0";"2";"1";"15";"1";""
"202400018190";"155749755";"A01";"1";"2";"0";"2";"4";"18";"1";""
"202400018190";"155749756";"B01";"1";"14";"0";"2";"7";"9";"1";""
"202400018191";"155749752";"A01";"2";"2";"0";"9";"0";"1";"1";""
"202400018192";"155749750";"B01";"2";"7";"0";"2";"1";"5";"1";""
"202400018192";"155749754";"A01";"1";"33";"0";"2";"1";"13";"1";""
"202400018193";"155749751";"A01";"1";"7";"0";"2";"2";"15";"1";""
"202400018193";"155749753";"B01";"2";"2";"0";"2";"1";"1";"1";""
"202400018194";"155749749";"A01";"3";"7";"0";"1";"1";"15";"1";""
"202400018195";"155749748";"A01";"2";"7";"0";"1";"1";"1";"1";""
"202400018196";"155749746";"A01";"0";"7";"2";"0";"1";"1";"1";""
"202400018197";"155749743";"A01";"1";"7";"0";"2";"7";"9";"1";""
"202400018197";"155749745";"B01";"1";"2";"0";"2";"0";"0";"1";""
"202400018198";"155749744";"A01";"2";"7";"0";"0";"1";"1";"1";""
"202400018198";"155749747";"B01";"1";"7";"3";"0";"1";"1";"1";""
"202400018199";"155749741";"A01";"2";"33";"13";"0";"2";"1";"1";""
"202400018200";"155749739";"B01";"2";"7";"1";"0";"2";"1";"1";""
"202400018200";"155749740";"A01";"2";"7";"1";"0";"6";"24";"1";""
"202400018201";"155749738";"A01";"3";"7";"0";"2";"1";"19";"1";""
"202400018201";"155749742";"B01";"3";"7";"0";"2";"8";"0";"1";""
"202400018202";"155749736";"A01";"1";"33";"0";"0";"0";"16";"1";""
"202400018203";"155749735";"A01";"1";"7";"0";"2";"3";"26";"1";""
"202400018204";"155749734";"A01";"1";"7";"0";"2";"3";"1";"1";""
"202400018204";"155749737";"B01";"2";"2";"0";"2";"1";"1";"1";""
"202400018205";"155749733";"A01";"1";"7";"0";"1";"3";"1";"1";""
"202400018206";"155749729";"Z01";"1";"50";"0";"2";"1";"26";"3";""
"202400018206";"155749732";"B01";"2";"31";"0";"2";"8";"1";"1";""
"202400018207";"155749730";"A01";"1";"7";"16";"0";"0";"1";"1";""
"202400018208";"155749728";"A01";"1";"10";"0";"2";"2";"1";"1";""
"202400018208";"155749731";"B01";"2";"7";"0";"2";"3";"19";"2";""
"202400018209";"155749724";"A01";"1";"30";"0";"2";"1";"26";"3";""
"202400018209";"155749727";"Z01";"2";"7";"0";"2";"1";"26";"0";""
"202400018210";"155749725";"A01";"1";"7";"13";"0";"2";"21";"1";""
"202400018211";"155749723";"A01";"2";"7";"0";"2";"1";"1";"1";""
"202400018211";"155749726";"B01";"3";"50";"0";"2";"7";"19";"3";""
"202400018212";"155749718";"A01";"1";"7";"0";"2";"3";"16";"1";""
"202400018212";"155749722";"B01";"2";"2";"0";"0";"0";"0";"6";""
"202400018213";"155749721";"A01";"2";"1";"0";"0";"9";"1";"5";""
"202400018214";"155749717";"B01";"2";"7";"0";"2";"8";"6";"1";""
"202400018214";"155749720";"A01";"1";"7";"0";"2";"2";"19";"1";""
"202400018215";"155749719";"A01";"3";"31";"13";"0";"0";"14";"1";""
"202400018216";"155749715";"B01";"1";"7";"0";"2";"5";"2";"1";""
"202400018216";"155749716";"A01";"1";"7";"0";"2";"3";"2";"1";""
"202400018217";"155749714";"A01";"1";"7";"8";"0";"2";"1";"1";""
"202400018218";"155749712";"A01";"1";"33";"13";"0";"7";"1";"1";""
"202400018219";"155749709";"A01";"0";"10";"0";"1";"2";"2";"1";""
"202400018220";"155749710";"B01";"2";"1";"0";"2";"1";"1";"5";""
"202400018220";"155749713";"A01";"1";"7";"0";"2";"3";"15";"1";""
"202400018221";"155749708";"A01";"3";"7";"0";"2";"5";"15";"2";""
"202400018221";"155749711";"B01";"3";"33";"0";"2";"1";"1";"1";""
"202400018222";"155749705";"A01";"2";"33";"13";"0";"8";"1";"1";""
"202400018223";"155749703";"B01";"0";"2";"0";"2";"1";"1";"1";""
"202400018223";"155749706";"A01";"0";"7";"0";"2";"2";"1";"1";""
"202400018224";"155749702";"A01";"1";"33";"0";"2";"3";"13";"1";""
"202400018224";"155749707";"B01";"2";"1";"0";"2";"3";"13";"5";""
"202400018225";"155749701";"A01";"1";"7";"14";"0";"1";"1";"1";""
"202400018225";"155749704";"B01";"1";"7";"0";"2";"1";"2";"1";""
"202400018226";"155749700";"A01";"0";"31";"6";"0";"1";"0";"0";""
"202400018227";"155749699";"A01";"2";"7";"0";"1";"4";"4";"1";""
"202400018228";"155749698";"A01";"1";"7";"13";"0";"9";"0";"0";""
"202400018229";"155749697";"A01";"1";"7";"0";"1";"1";"1";"1";""
"202400018230";"155749693";"A01";"3";"7";"0";"0";"7";"11";"1";""
"202400018230";"155749695";"B01";"3";"10";"0";"0";"1";"1";"1";""
"202400018231";"155749692";"B01";"0";"10";"0";"2";"9";"1";"1";""
"202400018231";"155749696";"A01";"0";"7";"0";"2";"1";"1";"1";""
"202400018232";"155749691";"A01";"2";"33";"0";"2";"1";"5";"1";""
"202400018232";"155749694";"B01";"1";"7";"0";"2";"3";"1";"1";""
"202400018233";"155749689";"A01";"3";"7";"0";"2";"1";"10";"1";""
"202400018233";"155749690";"B01";"3";"33";"0";"2";"1";"1";"1";""
"202400018234";"155749688";"A01";"3";"7";"0";"1";"2";"2";"1";""
"202400018235";"155749684";"A01";"1";"7";"0";"2";"1";"13";"1";""
"202400018235";"155749686";"B01";"2";"7";"0";"2";"1";"23";"1";""
"202400018236";"155749683";"A01";"1";"7";"0";"2";"2";"15";"1";""
"202400018236";"155749685";"B01";"2";"30";"0";"2";"1";"1";"1";""
"202400018237";"155749681";"A01";"1";"7";"0";"0";"9";"1";"1";""
"202400018238";"155749680";"A01";"2";"7";"2";"0";"2";"1";"1";""
"202400018239";"155749679";"A01";"1";"7";"4";"2";"2";"1";"1";""
"202400018239";"155749682";"B01";"1";"10";"0";"2";"2";"1";"1";""
"202400018240";"155749676";"A01";"2";"33";"0";"0";"2";"1";"1";""
"202400018241";"155749673";"B01";"3";"33";"0";"2";"3";"1";"1";""
"202400018241";"155749674";"A01";"1";"7";"0";"2";"1";"15";"1";""
"202400018242";"155749677";"A01";"2";"7";"0";"2";"2";"15";"1";""
"202400018242";"155749678";"B01";"1";"2";"0";"2";"1";"1";"1";""
"202400018243";"155749672";"A01";"1";"7";"0";"2";"1";"1";"1";""
"202400018243";"155749675";"B01";"2";"7";"0";"2";"3";"1";"1";""
"202400018244";"155749669";"A01";"3";"7";"0";"1";"1";"1";"1";""
"202400018245";"155749667";"A01";"0";"33";"0";"2";"8";"1";"1";""
"202400018245";"155749670";"B01";"0";"7";"0";"2";"3";"15";"1";""
"202400018246";"155749666";"A01";"3";"7";"0";"2";"2";"12";"1";""
"202400018246";"155749671";"B01";"3";"7";"0";"2";"6";"1";"1";""
"202400018247";"155749659";"B01";"2";"1";"0";"2";"7";"1";"5";""
"202400018247";"155749665";"A01";"2";"7";"0";"2";"1";"9";"1";""
"202400018248";"155749661";"A01";"3";"7";"0";"2";"3";"0";"1";""
"202400018248";"155749664";"B01";"3";"3";"0";"2";"1";"0";"1";""
"202400018249";"155749663";"A01";"1";"7";"0";"2";"1";"19";"2";""
"202400018249";"155749668";"B01";"2";"33";"0";"2";"7";"1";"1";""
"202400018250";"155749660";"B01";"3";"10";"0";"2";"7";"1";"1";""
"202400018250";"155749662";"A01";"3";"50";"0";"2";"5";"9";"3";""
"202400018251";"155749657";"A01";"2";"7";"0";"1";"3";"1";"1";""
"202400018252";"155749653";"A01";"2";"7";"0";"2";"3";"13";"1";""
"202400018252";"155749656";"B01";"1";"7";"0";"2";"3";"1";"1";""
"202400018253";"155749652";"C01";"2";"7";"0";"2";"6";"1";"2";""
"202400018253";"155749655";"A01";"2";"33";"0";"2";"3";"3";"1";""
"202400018253";"155749658";"B01";"2";"10";"0";"2";"5";"1";"2";""
"202400018254";"155749651";"B01";"2";"7";"0";"0";"1";"15";"1";""
"202400018254";"155749654";"A01";"1";"7";"0";"0";"1";"1";"1";""
"202400018255";"155749647";"B01";"2";"34";"0";"2";"3";"1";"1";""
"202400018255";"155749650";"A01";"2";"7";"0";"2";"5";"12";"1";""
"202400018256";"155749646";"Z01";"1";"7";"0";"2";"1";"2";"1";""
"202400018256";"155749649";"A01";"1";"7";"0";"2";"4";"1";"1";""
"202400018257";"155749645";"A01";"1";"33";"0";"2";"4";"1";"1";""
"202400018257";"155749648";"B01";"1";"7";"0";"2";"1";"1";"1";""
"202400018258";"155749642";"B01";"1";"10";"13";"2";"8";"1";"1";""
"202400018258";"155749644";"A01";"1";"7";"16";"2";"1";"1";"1";""
"202400018259";"155749639";"A01";"1";"1";"0";"1";"1";"1";"5";""
"202400018260";"155749637";"A01";"0";"10";"0";"2";"2";"1";"1";""
"202400018260";"155749641";"B01";"2";"7";"0";"2";"3";"15";"1";""
"202400018261";"155749636";"C01";"1";"7";"0";"2";"4";"2";"1";""
"202400018261";"155749638";"D01";"1";"10";"0";"2";"1";"2";"1";""
"202400018261";"155749640";"A01";"1";"7";"0";"2";"4";"2";"1";""
"202400018261";"155749643";"B01";"1";"7";"0";"2";"4";"2";"3";""
"202400018262";"155749633";"A01";"2";"7";"0";"1";"1";"1";"1";""
"202400018263";"155749634";"B01";"1";"7";"0";"2";"1";"1";"1";""
"202400018263";"155749635";"A01";"1";"10";"0";"2";"7";"13";"1";""
"202400018264";"155749631";"A01";"1";"7";"1";"0";"1";"1";"1";""
"202400018265";"155749627";"A01";"1";"7";"0";"1";"4";"26";"1";""
"202400018266";"155749626";"B01";"1";"7";"0";"2";"4";"2";"1";""
"202400018266";"155749629";"A01";"1";"7";"0";"2";"4";"1";"1";""
"202400018266";"155749632";"C01";"1";"10";"0";"2";"1";"2";"1";""
"202400018267";"155749630";"A01";"1";"7";"8";"0";"1";"1";"1";""
"202400018268";"155749625";"A01";"3";"7";"0";"2";"2";"1";"1";""
"202400018268";"155749628";"B01";"3";"7";"0";"2";"2";"1";"1";""
"202400018269";"155749624";"A01";"1";"7";"0";"1";"2";"26";"1";""
"202400018270";"155749623";"A01";"0";"2";"0";"0";"0";"13";"1";""
"202400018271";"155749619";"B01";"3";"7";"0";"2";"2";"19";"1";""
"202400018271";"155749622";"A01";"2";"33";"0";"2";"1";"1";"1";""
"202400018272";"155749616";"A01";"1";"1";"0";"2";"4";"3";"5";""
"202400018272";"155749620";"B01";"1";"33";"0";"2";"1";"3";"1";""
"202400018273";"155749618";"A01";"2";"7";"0";"2";"7";"1";"1";""
"202400018273";"155749621";"B01";"2";"34";"0";"2";"8";"1";"1";""
"202400018274";"155749615";"B01";"0";"1";"0";"2";"7";"1";"0";""
"202400018274";"155749617";"A01";"0";"7";"0";"2";"7";"15";"1";""
"202400018275";"155749611";"A01";"2";"7";"0";"0";"2";"26";"1";""
"202400018276";"155749610";"C01";"0";"1";"0";"2";"1";"2";"5";""
"202400018276";"155749612";"B01";"0";"1";"0";"2";"1";"2";"5";""
"202400018276";"155749614";"A01";"0";"1";"0";"2";"4";"2";"5";""
"202400018277";"155749607";"B01";"3";"7";"0";"2";"1";"2";"1";""
"202400018277";"155749609";"C01";"3";"7";"0";"2";"3";"2";"1";""
"202400018278";"155749608";"A01";"2";"7";"0";"2";"3";"15";"3";""
"202400018278";"155749613";"B01";"2";"7";"0";"2";"2";"17";"1";""
"202400018279";"155749605";"Z01";"2";"50";"0";"1";"1";"25";"3";""
"202400018280";"155749602";"A01";"1";"7";"0";"2";"2";"24";"1";""
"202400018280";"155749604";"B01";"1";"7";"1";"2";"2";"1";"1";""
"202400018281";"155749596";"A01";"1";"7";"13";"2";"3";"1";"1";""
"202400018281";"155749601";"B01";"2";"7";"13";"2";"8";"1";"1";""
"202400018282";"155749595";"A01";"3";"7";"0";"2";"7";"9";"1";""
"202400018282";"155749598";"B01";"3";"2";"0";"2";"1";"1";"1";""
"202400018283";"155749594";"B01";"1";"7";"0";"2";"4";"21";"1";""
"202400018283";"155749599";"C01";"1";"33";"0";"2";"1";"2";"1";""
"202400018283";"155749600";"D01";"1";"33";"0";"2";"1";"2";"1";""
"202400018283";"155749603";"F01";"1";"33";"0";"2";"3";"2";"1";""
"202400018283";"155749606";"A01";"1";"15";"0";"2";"4";"20";"1";""
"202400018284";"155749593";"B01";"2";"7";"0";"2";"4";"23";"1";""
"202400018284";"155749597";"A01";"2";"7";"0";"2";"1";"2";"1";""
"202400018285";"155749591";"A01";"1";"80";"0";"0";"0";"1";"3";""
"202400018286";"155749587";"B01";"1";"7";"0";"2";"4";"23";"1";""
"202400018286";"155749590";"A01";"1";"31";"0";"2";"1";"17";"1";""
"202400018287";"155749586";"A01";"2";"33";"0";"2";"0";"13";"1";""
"202400018287";"155749588";"B01";"1";"7";"0";"2";"6";"1";"1";""
"202400018287";"155749592";"C01";"1";"7";"0";"2";"1";"1";"1";""
"202400018288";"155749585";"A01";"2";"10";"0";"1";"1";"15";"1";""
"202400018289";"155749584";"B01";"1";"7";"0";"2";"8";"19";"1";""
"202400018289";"155749589";"A01";"1";"10";"0";"2";"1";"1";"1";""
"202400018290";"155749579";"A01";"1";"1";"0";"2";"4";"2";"5";""
"202400018290";"155749582";"Z01";"1";"7";"0";"2";"1";"2";"0";""
"202400018291";"155749577";"B01";"1";"31";"0";"2";"7";"17";"1";""