"Num_Acc";"id_vehicule";"num_veh";"senc";"catv";"obs";"obsm";"choc";"manv";"motor";"occutc"
"202400018291";"155749580";"A01";"1";"7";"0";"2";"8";"15";"1";""
"202400018292";"155749576";"A01";"1";"7";"0";"2";"1";"2";"1";""
"202400018292";"155749581";"C01";"2";"7";"0";"2";"4";"2";"1";""
"202400018292";"155749583";"B01";"2";"10";"0";"2";"4";"2";"1";""
"202400018293";"155749575";"B01";"2";"33";"0";"2";"1";"1";"1";""
"202400018293";"155749578";"A01";"1";"7";"0";"2";"5";"15";"1";""
"202400018294";"155749571";"A01";"2";"33";"0";"0";"0";"2";"1";""
"202400018295";"155749572";"B01";"1";"7";"0";"2";"4";"2";"0";""
"202400018295";"155749573";"A01";"1";"7";"0";"2";"1";"26";"0";""
"202400018296";"155749570";"A01";"1";"7";"1";"0";"1";"11";"1";""
"202400018296";"155749574";"B01";"1";"7";"0";"2";"4";"0";"1";""
"202400018297";"155749568";"A01";"2";"33";"3";"2";"8";"17";"1";""
"202400018297";"155749569";"B01";"2";"7";"0";"2";"7";"17";"2";""
"202400018298";"155749566";"A01";"3";"7";"0";"1";"0";"1";"2";""
"202400018299";"155749564";"A01";"2";"7";"0";"2";"8";"13";"1";""
"202400018299";"155749567";"B01";"2";"10";"0";"2";"7";"2";"1";""
"202400018300";"155749563";"A01";"1";"7";"4";"0";"2";"1";"1";""
"202400018301";"155749562";"A01";"1";"7";"0";"2";"1";"1";"1";""
"202400018301";"155749565";"B01";"1";"2";"0";"0";"4";"1";"1";""
"202400018302";"155749559";"A01";"2";"7";"0";"1";"3";"9";"1";""
"202400018303";"155749558";"A01";"1";"10";"0";"2";"8";"11";"1";""
"202400018303";"155749561";"B01";"1";"33";"0";"2";"7";"21";"1";""
"202400018304";"155749557";"A01";"3";"7";"0";"2";"3";"13";"1";""
"202400018304";"155749560";"B01";"3";"7";"0";"2";"3";"1";"1";""
"202400018305";"155749555";"B01";"2";"7";"0";"2";"2";"1";"1";""
"202400018305";"155749556";"A01";"2";"32";"0";"2";"1";"9";"1";""
"202400018306";"155749554";"A01";"1";"1";"0";"0";"0";"14";"5";""
"202400018307";"155749553";"A01";"2";"7";"0";"0";"0";"1";"1";""
"202400018308";"155749547";"A01";"3";"7";"0";"2";"2";"15";"1";""
"202400018308";"155749551";"B01";"3";"33";"0";"2";"3";"3";"1";""
"202400018309";"155749545";"B01";"1";"7";"0";"2";"1";"1";"1";""
"202400018309";"155749549";"A01";"1";"17";"4";"2";"1";"1";"0";""
"202400018310";"155749544";"A01";"1";"7";"0";"2";"1";"1";"1";""
"202400018310";"155749548";"B01";"1";"7";"0";"2";"4";"1";"1";""
"202400018311";"155749542";"D01";"1";"7";"3";"2";"3";"17";"1";""
"202400018311";"155749543";"E01";"1";"15";"0";"2";"3";"2";"1";""
"202400018311";"155749546";"C01";"1";"7";"0";"0";"0";"0";"1";""
"202400018311";"155749550";"A01";"2";"7";"3";"2";"1";"5";"1";""
"202400018311";"155749552";"B01";"1";"15";"3";"2";"1";"17";"1";""
"202400018312";"155749539";"A01";"1";"33";"4";"0";"3";"18";"1";""
"202400018313";"155749537";"A01";"1";"7";"0";"1";"1";"16";"1";""
"202400018314";"155749536";"A01";"2";"7";"0";"2";"3";"2";"1";""
"202400018314";"155749541";"B01";"3";"50";"0";"2";"1";"0";"3";""
"202400018315";"155749535";"C01";"2";"7";"0";"2";"7";"1";"1";""
"202400018315";"155749538";"A01";"2";"10";"0";"0";"6";"23";"1";""
"202400018315";"155749540";"B01";"2";"7";"1";"2";"2";"1";"2";""
"202400018316";"155749531";"B01";"1";"7";"0";"0";"4";"2";"1";""
"202400018316";"155749533";"A01";"1";"7";"0";"2";"1";"1";"1";""
"202400018317";"155749532";"A01";"1";"7";"3";"0";"2";"1";"1";""
"202400018318";"155749529";"A01";"2";"2";"0";"2";"2";"1";"1";""
"202400018318";"155749534";"B01";"1";"7";"0";"2";"3";"15";"1";""
"202400018319";"155749528";"B01";"1";"7";"0";"2";"1";"1";"1";""
"202400018319";"155749530";"A01";"1";"7";"8";"2";"6";"15";"1";""
"202400018320";"155749523";"A01";"1";"7";"0";"2";"1";"13";"1";""
"202400018320";"155749525";"B01";"2";"7";"0";"2";"1";"1";"1";""
"202400018320";"155749526";"C01";"1";"7";"0";"2";"8";"1";"1";""
"202400018321";"155749524";"A01";"1";"33";"0";"2";"3";"1";"1";""
"202400018321";"155749527";"B01";"1";"7";"0";"2";"6";"15";"1";""
"202400018322";"155749519";"A01";"1";"10";"0";"2";"1";"16";"1";""
"202400018322";"155749522";"B01";"1";"32";"0";"2";"4";"26";"1";""
"202400018323";"155749518";"B01";"2";"7";"0";"0";"4";"2";"1";""
"202400018323";"155749520";"A01";"2";"7";"0";"2";"1";"2";"1";""
"202400018323";"155749521";"C01";"2";"7";"0";"2";"1";"21";"0";""
"202400018324";"155749515";"B01";"1";"7";"0";"2";"2";"16";"2";""
"202400018324";"155749517";"A01";"1";"2";"0";"2";"1";"18";"1";""
"202400018325";"155749513";"A01";"1";"10";"0";"2";"8";"15";"1";""
"202400018325";"155749516";"B01";"1";"31";"0";"2";"1";"1";"1";""
"202400018326";"155749512";"A01";"1";"7";"0";"0";"0";"1";"1";""
"202400018327";"155749514";"A01";"1";"30";"12";"0";"0";"1";"1";""
"202400018328";"155749511";"A01";"2";"7";"1";"0";"1";"14";"1";""
"202400018329";"155749506";"A01";"2";"7";"0";"2";"1";"2";"1";""
"202400018329";"155749509";"B01";"2";"7";"0";"0";"4";"1";"1";""
"202400018330";"155749505";"B01";"2";"7";"0";"2";"8";"15";"1";""
"202400018330";"155749508";"A01";"2";"31";"0";"2";"1";"17";"1";""
"202400018331";"155749504";"A01";"3";"7";"0";"1";"7";"7";"1";""
"202400018332";"155749503";"B01";"3";"10";"0";"2";"8";"1";"1";""
"202400018332";"155749507";"A01";"3";"33";"0";"2";"1";"5";"1";""
"202400018332";"155749510";"C01";"3";"7";"0";"2";"1";"1";"1";""
"202400018333";"155749502";"A01";"0";"7";"14";"0";"2";"1";"1";""
"202400018334";"155749498";"B01";"1";"10";"1";"2";"2";"16";"1";""
"202400018334";"155749501";"A01";"1";"31";"0";"2";"8";"1";"1";""
"202400018335";"155749496";"B01";"1";"0";"0";"0";"0";"0";"0";""
"202400018335";"155749500";"A01";"1";"30";"0";"2";"4";"1";"1";""
"202400018336";"155749497";"A01";"3";"7";"8";"2";"2";"19";"1";""
"202400018336";"155749499";"B01";"3";"34";"8";"2";"1";"1";"1";""
"202400018337";"155749495";"A01";"2";"7";"16";"0";"9";"26";"1";""
"202400018338";"155749494";"A01";"1";"32";"0";"1";"1";"18";"1";""
"202400018339";"155749492";"A01";"1";"7";"2";"0";"1";"1";"1";""
"202400018340";"155749490";"B01";"1";"7";"0";"2";"2";"12";"1";""
"202400018340";"155749493";"A01";"1";"7";"4";"2";"6";"11";"1";""
"202400018341";"155749487";"C01";"2";"7";"0";"9";"3";"1";"1";""
"202400018341";"155749489";"A01";"2";"7";"0";"2";"3";"1";"2";""
"202400018341";"155749491";"B01";"1";"10";"0";"2";"1";"13";"1";""
"202400018342";"155749485";"B01";"3";"7";"0";"2";"6";"1";"3";""
"202400018342";"155749488";"A01";"3";"7";"0";"2";"2";"3";"1";""
"202400018343";"155749484";"A01";"1";"7";"0";"2";"1";"1";"1";""
"202400018343";"155749486";"B01";"1";"10";"0";"2";"4";"1";"1";""
"202400018344";"155749483";"A01";"2";"7";"0";"1";"1";"1";"1";""
"202400018345";"155749482";"A01";"2";"36";"6";"0";"1";"14";"1";""
"202400018346";"155749480";"A01";"3";"1";"0";"2";"1";"16";"5";""
"202400018346";"155749481";"B01";"3";"10";"0";"2";"5";"16";"1";""
"202400018347";"155749477";"A01";"2";"7";"16";"2";"1";"5";"1";""
"202400018347";"155749479";"B01";"1";"7";"0";"2";"1";"5";"1";""
"202400018348";"155749476";"A01";"1";"14";"0";"2";"0";"17";"1";""
"202400018348";"155749478";"B01";"1";"80";"0";"2";"0";"0";"3";""
"202400018349";"155749473";"A01";"2";"32";"0";"2";"1";"17";"1";""
"202400018349";"155749475";"B01";"2";"7";"0";"2";"3";"10";"1";""
"202400018350";"155749471";"A01";"1";"2";"0";"0";"4";"11";"1";""
"202400018350";"155749474";"B01";"1";"7";"0";"0";"2";"1";"1";""
"202400018351";"155749470";"A01";"1";"7";"0";"2";"1";"2";"3";""
"202400018351";"155749472";"B01";"1";"32";"0";"2";"4";"2";"1";""
"202400018352";"155749465";"B01";"1";"33";"0";"2";"2";"17";"1";""
"202400018352";"155749467";"A01";"1";"10";"0";"2";"8";"15";"1";""
"202400018353";"155749464";"Z01";"3";"99";"0";"2";"7";"17";"0";""
"202400018353";"155749466";"B01";"3";"50";"0";"2";"8";"1";"3";""
"202400018354";"155749462";"B01";"3";"7";"0";"2";"3";"1";"1";""
"202400018354";"155749463";"A01";"3";"30";"0";"2";"3";"19";"3";""
"202400018355";"155749461";"A01";"2";"7";"13";"0";"1";"14";"1";""
"202400018356";"155749460";"A01";"1";"7";"0";"0";"1";"1";"1";""
"202400018357";"155749459";"A01";"1";"7";"8";"0";"1";"14";"1";""
"202400018358";"155749455";"A01";"1";"7";"0";"2";"8";"13";"1";""
"202400018358";"155749457";"B01";"2";"10";"0";"2";"8";"1";"1";""
"202400018359";"155749453";"Z01";"1";"7";"0";"2";"0";"0";"1";""
"202400018359";"155749454";"B01";"1";"33";"0";"2";"4";"23";"1";""
"202400018360";"155749452";"A01";"0";"50";"2";"0";"0";"1";"3";""
"202400018361";"155749449";"B01";"1";"34";"0";"2";"6";"23";"1";""
"202400018361";"155749450";"A01";"1";"7";"0";"2";"2";"2";"1";""
"202400018362";"155749448";"B01";"1";"50";"0";"2";"1";"1";"3";""
"202400018362";"155749451";"A01";"2";"7";"0";"2";"1";"1";"1";""
"202400018363";"155749446";"A01";"1";"7";"0";"2";"1";"0";"1";""
"202400018363";"155749447";"B01";"2";"7";"0";"2";"1";"1";"1";""
"202400018364";"155749443";"A01";"1";"33";"0";"2";"3";"1";"0";""
"202400018364";"155749445";"Z01";"1";"7";"0";"2";"0";"15";"0";""
"202400018365";"155749442";"A01";"1";"7";"0";"2";"3";"15";"1";""
"202400018365";"155749444";"B01";"2";"33";"0";"2";"3";"1";"1";""
"202400018366";"155749440";"A01";"1";"7";"0";"9";"2";"2";"1";""
"202400018366";"155749441";"B01";"1";"1";"0";"2";"4";"2";"5";""
"202400018367";"155749438";"A01";"3";"7";"0";"1";"2";"1";"1";""
"202400018368";"155749437";"A01";"3";"50";"8";"0";"1";"26";"3";""
"202400018369";"155749436";"A01";"3";"7";"0";"2";"1";"1";"1";""
"202400018369";"155749439";"B01";"3";"7";"0";"2";"7";"15";"1";""
"202400018370";"155749434";"A01";"0";"33";"0";"0";"0";"2";"1";""
"202400018371";"155749433";"B01";"3";"7";"0";"2";"2";"1";"1";""
"202400018371";"155749435";"A01";"3";"7";"0";"2";"8";"1";"1";""
"202400018372";"155749430";"A01";"2";"34";"9";"0";"8";"1";"0";""
"202400018372";"155749432";"B01";"1";"7";"9";"2";"1";"13";"0";""
"202400018373";"155749429";"A01";"0";"7";"0";"2";"1";"1";"1";""
"202400018373";"155749431";"B01";"3";"7";"0";"2";"1";"1";"1";""
"202400018374";"155749427";"B01";"2";"1";"0";"2";"3";"1";"5";""
"202400018374";"155749428";"A01";"2";"7";"0";"2";"2";"16";"2";""
"202400018375";"155749425";"A01";"2";"10";"0";"1";"3";"15";"1";""
"202400018376";"155749424";"A01";"1";"33";"0";"2";"0";"0";"1";""
"202400018376";"155749426";"B01";"2";"7";"0";"2";"1";"0";"1";""
"202400018377";"155749423";"A01";"3";"7";"14";"0";"1";"1";"1";""
"202400018378";"155749422";"A01";"0";"7";"0";"1";"2";"1";"3";""
"202400018379";"155749421";"A01";"1";"33";"12";"0";"3";"21";"1";""
"202400018380";"155749417";"B01";"2";"80";"0";"2";"4";"1";"3";""
"202400018380";"155749419";"A01";"2";"15";"0";"2";"2";"16";"0";""
"202400018381";"155749418";"A01";"1";"7";"0";"2";"5";"23";"2";""
"202400018381";"155749420";"B01";"1";"2";"1";"0";"1";"26";"1";""
"202400018382";"155749416";"A01";"1";"7";"8";"0";"2";"1";"1";""
"202400018383";"155749411";"A01";"0";"7";"0";"9";"8";"1";"1";""
"202400018383";"155749414";"B01";"0";"50";"0";"2";"7";"1";"3";""
"202400018384";"155749412";"A01";"1";"33";"0";"2";"7";"1";"1";""
"202400018384";"155749415";"B01";"2";"7";"0";"2";"2";"2";"2";""
"202400018385";"155749410";"A01";"1";"10";"0";"2";"3";"15";"1";""
"202400018385";"155749413";"B01";"2";"7";"0";"2";"3";"1";"3";""
"202400018386";"155749407";"A01";"1";"7";"6";"0";"2";"14";"1";""
"202400018387";"155749406";"B01";"2";"7";"0";"2";"8";"15";"1";""
"202400018387";"155749408";"A01";"2";"31";"0";"2";"1";"17";"1";""
"202400018388";"155749405";"B01";"1";"7";"0";"2";"3";"1";"2";""
"202400018388";"155749409";"A01";"2";"80";"0";"2";"2";"1";"3";""
"202400018389";"155749400";"A01";"1";"7";"0";"2";"1";"15";"1";""
"202400018389";"155749404";"B01";"3";"32";"0";"2";"7";"1";"1";""
"202400018390";"155749398";"A01";"2";"7";"0";"2";"1";"1";"1";""
"202400018390";"155749399";"B01";"2";"7";"3";"2";"1";"1";"1";""
"202400018390";"155749401";"C01";"2";"7";"3";"2";"3";"1";"1";""
"202400018390";"155749403";"D01";"2";"10";"0";"2";"2";"1";"1";""
"202400018391";"155749402";"A01";"2";"7";"1";"0";"3";"13";"1";""
"202400018392";"155749391";"B01";"2";"7";"14";"2";"7";"23";"1";""
"202400018392";"155749395";"A01";"1";"7";"0";"2";"3";"13";"1";""
"202400018393";"155749393";"B01";"1";"2";"0";"2";"4";"1";"1";""
"202400018393";"155749394";"A01";"1";"7";"0";"2";"4";"1";"1";""
"202400018394";"155749390";"B01";"3";"7";"0";"2";"7";"1";"1";""
"202400018394";"155749392";"A01";"3";"50";"0";"2";"1";"15";"3";""
"202400018395";"155749386";"B01";"0";"50";"0";"0";"0";"0";"3";""
"202400018395";"155749387";"A01";"1";"7";"0";"2";"8";"24";"1";""
"202400018396";"155749385";"A01";"2";"7";"0";"2";"2";"17";"1";""
"202400018396";"155749389";"B01";"1";"7";"0";"2";"1";"1";"1";""
"202400018397";"155749384";"B01";"1";"1";"0";"2";"0";"0";"5";""
"202400018397";"155749388";"A01";"1";"7";"0";"2";"1";"15";"1";""
"202400018398";"155749383";"A01";"1";"15";"14";"0";"2";"1";"1";""
"202400018399";"155749381";"A01";"3";"1";"0";"2";"1";"26";"5";""
"202400018399";"155749382";"B01";"3";"7";"0";"2";"2";"1";"2";""
"202400018400";"155749379";"A01";"1";"7";"1";"0";"2";"1";"1";""
"202400018401";"155749378";"A01";"0";"50";"0";"2";"1";"26";"3";""
"202400018401";"155749380";"B01";"0";"1";"0";"2";"1";"1";"5";""
"202400018402";"155749374";"B01";"2";"2";"0";"2";"7";"1";"1";""
"202400018402";"155749377";"A01";"2";"7";"0";"2";"3";"15";"1";""
"202400018403";"155749375";"B01";"0";"50";"0";"2";"8";"19";"3";""
"202400018403";"155749376";"A01";"1";"10";"0";"2";"0";"9";"0";""
"202400018404";"155749370";"A01";"1";"7";"0";"2";"3";"19";"1";""
"202400018404";"155749373";"B01";"2";"31";"0";"2";"1";"1";"1";""
"202400018405";"155749371";"A01";"1";"33";"0";"0";"0";"0";"1";""
"202400018406";"155749369";"A01";"2";"10";"0";"2";"2";"1";"1";""
"202400018406";"155749372";"B01";"2";"7";"0";"2";"3";"16";"2";""
"202400018407";"155749368";"A01";"2";"32";"4";"0";"1";"16";"1";""
"202400018408";"155749365";"A01";"2";"7";"4";"0";"2";"1";"1";""
"202400018409";"155749361";"A01";"2";"31";"0";"2";"8";"19";"1";""
"202400018409";"155749364";"B01";"0";"7";"0";"2";"1";"1";"1";""
"202400018410";"155749363";"A01";"3";"7";"0";"2";"2";"19";"1";""
"202400018410";"155749366";"B01";"2";"33";"0";"2";"1";"1";"1";""
"202400018411";"155749360";"A01";"2";"7";"4";"2";"4";"1";"1";""
"202400018411";"155749362";"B01";"2";"7";"0";"2";"1";"14";"1";""
"202400018412";"155749356";"A01";"3";"7";"0";"2";"7";"9";"1";""
"202400018412";"155749359";"B01";"3";"1";"0";"2";"8";"1";"5";""
"202400018413";"155749355";"A01";"1";"7";"0";"2";"6";"11";"1";""
"202400018413";"155749357";"B01";"1";"7";"0";"2";"2";"1";"1";""
"202400018414";"155749358";"A01";"3";"7";"0";"0";"1";"1";" -1";""
"202400018415";"155749354";"A01";"1";"7";"1";"0";"1";"15";"1";""
"202400018416";"155749350";"A01";"2";"7";"0";"2";"1";"2";"2";""
"202400018416";"155749352";"B01";"2";"7";"3";"2";"4";"1";"1";""
"202400018416";"155749353";"C01";"2";"7";"0";"0";"0";"1";"1";""
"202400018417";"155749349";"B01";"0";"38";"0";"2";"7";"1";"1";"1"
"202400018417";"155749351";"A01";"0";"30";"0";"2";"1";"11";"1";""
"202400018418";"155749348";"A01";"1";"7";"0";"1";"7";"1";"0";""
"202400018419";"155749345";"A01";"1";"7";"0";"2";"2";"12";"1";""
"202400018419";"155749347";"B01";"1";"7";"0";"2";"8";"1";"1";""
"202400018420";"155749344";"A01";"1";"7";"0";"2";"3";"11";"1";""
"202400018420";"155749346";"B01";"1";"34";"0";"2";"0";"0";"1";""
"202400018421";"155749342";"A01";"1";"7";"0";"2";"3";"15";"1";""
"202400018421";"155749343";"B01";"1";"43";"0";"2";"1";"2";"1";""
"202400018422";"155749340";"A01";"2";"7";"0";"1";"1";"1";"1";""
"202400018423";"155749338";"C01";"2";"7";"0";"2";"6";"23";"1";""
"202400018423";"155749339";"A01";"2";"7";"0";"2";"1";"2";"1";""
"202400018423";"155749341";"B01";"2";"7";"0";"2";"4";"1";"2";""
"202400018424";"155749335";"B01";"1";"50";"0";"2";"7";"19";"3";""
"202400018424";"155749337";"A01";"2";"1";"0";"2";"1";"19";"5";""
"202400018425";"155749331";"B01";"1";"50";"0";"2";"3";"2";"3";""
"202400018425";"155749334";"A01";"1";"7";"0";"9";"7";"16";"1";""
"202400018426";"155749330";"A01";"2";"7";"1";"0";"1";"26";"1";""
"202400018426";"155749333";"B01";"2";"7";"0";"2";"4";"26";"1";""
"202400018426";"155749336";"C01";"1";"7";"0";"2";"4";"26";"1";""
"202400018427";"155749329";"A01";"3";"7";"0";"2";"3";"16";"1";""
"202400018427";"155749332";"B01";"3";"50";"0";"0";"4";"1";"3";""
"202400018428";"155749325";"A01";"2";"33";"0";"2";"0";"3";"0";""
"202400018428";"155749328";"B01";"1";"32";"0";"2";"0";"0";"1";""
"202400018429";"155749324";"A01";"2";"7";"0";"2";"1";"2";"1";""
"202400018429";"155749327";"B01";"2";"7";"0";"2";"4";"2";"1";""
"202400018430";"155749323";"A01";"1";"50";"0";"2";"3";"19";"3";""
"202400018430";"155749326";"B01";"1";"7";"0";"9";"2";"1";"1";""
"202400018431";"155749322";"A01";"2";"7";"0";"1";"2";"21";"1";""
"202400018432";"155749318";"B01";"2";"7";"0";"2";"7";"1";"2";""
"202400018432";"155749320";"A01";"2";"33";"0";"2";"1";"1";"1";""
"202400018433";"155749317";"A01";"2";"7";"0";"2";"1";"2";"1";""
"202400018433";"155749321";"B01";"2";"7";"0";"2";"4";"18";"1";""
"202400018434";"155749316";"A01";"1";"7";"0";"2";"1";"2";"1";""
"202400018434";"155749319";"B01";"1";"15";"0";"0";"4";"1";"1";""
"202400018435";"155749313";"B01";"3";"7";"0";"2";"2";"1";"1";""
"202400018435";"155749315";"A01";"1";"30";"0";"2";"1";"1";"1";""
"202400018436";"155749311";"A01";"3";"10";"0";"0";"1";"1";"1";""
"202400018437";"155749310";"A01";"2";"7";"0";"2";"9";"0";"1";""
"202400018437";"155749312";"B01";"2";"7";"0";"2";"4";"23";"2";""
"202400018437";"155749314";"C01";"2";"7";"0";"2";"1";"0";"1";""
"202400018438";"155749308";"B01";"3";"10";"0";"2";"2";"24";"1";""
"202400018438";"155749309";"A01";"3";"7";"0";"2";"4";"4";"1";""
"202400018439";"155749306";"A01";"2";"33";"0";"2";"1";"3";"1";""
"202400018439";"155749307";"B01";"2";"7";"0";"2";"6";"11";"3";""
"202400018440";"155749304";"A01";"1";"1";"0";"2";"1";"26";"5";""
"202400018440";"155749305";"B01";"1";"7";"0";"2";"4";"23";"1";""
"202400018441";"155749302";"A01";"2";"7";"0";"2";"2";"12";"1";""
"202400018441";"155749303";"B01";"2";"7";"0";"2";"6";"1";"1";""
"202400018442";"155749299";"A01";"1";"7";"6";"2";"1";"17";"1";""
"202400018442";"155749301";"B01";"2";"7";"0";"2";"2";"1";"1";""
"202400018443";"155749298";"B01";"3";"7";"0";"2";"6";"0";"1";""
"202400018443";"155749300";"A01";"3";"30";"9";"2";"8";"16";"1";""
"202400018444";"155749297";"A01";"1";"30";"0";"2";"7";"1";"1";""
"202400018445";"155749295";"A01";"2";"7";"0";"0";"0";"0";"1";""
"202400018445";"155749296";"B01";"2";"7";"0";"2";"4";"26";"1";""
"202400018446";"155749293";"A01";"2";"7";"0";"2";"2";"2";"1";""
"202400018446";"155749294";"B01";"1";"7";"0";"2";"3";"2";"1";""
"202400018447";"155749291";"B01";"0";"7";"0";"2";"1";"1";"1";""
"202400018447";"155749292";"A01";"3";"10";"0";"2";"3";"15";"1";""
"202400018448";"155749287";"A01";"1";"7";"0";"2";"1";"1";"1";""
"202400018448";"155749289";"C01";"2";"7";"0";"2";"2";"1";"1";""
"202400018448";"155749290";"B01";"2";"7";"0";"2";"1";"1";"2";""
"202400018449";"155749286";"A01";"2";"7";"0";"2";"8";"15";"1";""
"202400018449";"155749288";"B01";"2";"1";"0";"2";"8";"9";"5";""
"202400018450";"155749284";"A01";"1";"33";"0";"2";"1";"1";"1";""
"202400018450";"155749285";"B01";"3";"7";"0";"2";"8";"15";"1";""
"202400018451";"155749282";"B01";"2";"2";"0";"2";"2";"1";"1";""
"202400018451";"155749283";"A01";"1";"7";"0";"2";"1";"15";"1";""
"202400018452";"155749279";"A01";"1";"7";"0";"2";"3";"1";"1";""
"202400018452";"155749281";"B01";"2";"33";"0";"2";"1";"1";"1";""
"202400018453";"155749278";"A01";"1";"33";"0";"2";"2";"17";"1";""
"202400018453";"155749280";"B01";"1";"7";"0";"2";"3";"15";"1";""
"202400018454";"155749275";"A01";"2";"37";"12";"1";"2";"14";"3";"1"
"202400018455";"155749276";"B01";"2";"7";"0";"2";"1";"2";"1";""
"202400018455";"155749277";"A01";"2";"33";"0";"2";"4";"1";"1";""
"202400018456";"155749273";"A01";"1";"7";"4";"0";"2";"1";"2";""
"202400018457";"155749272";"B01";"1";"7";"0";"2";"2";"1";"1";""
"202400018457";"155749274";"A01";"3";"7";"0";"2";"1";"15";"1";""
"202400018458";"155749270";"A01";"1";"7";"0";"1";"2";"26";"1";""
"202400018459";"155749269";"A01";"2";"32";"0";"2";"7";"17";"1";""
"202400018459";"155749271";"B01";"2";"7";"0";"2";"8";"1";"1";""
"202400018460";"155749266";"A01";"1";"7";"1";"0";"2";"14";"1";""
"202400018460";"155749268";"B01";"1";"7";"1";"0";"6";"0";"1";""
"202400018461";"155749265";"B01";"3";"7";"0";"2";"1";"9";"0";""
"202400018461";"155749267";"A01";"3";"7";"0";"2";"1";"1";"0";""
"202400018462";"155749263";"A01";"3";"7";"0";"2";"8";"15";"1";""
"202400018462";"155749264";"B01";"3";"33";"0";"2";"1";"1";"1";""
"202400018463";"155749260";"A01";"3";"7";"0";"0";"0";"9";"1";""
"202400018463";"155749262";"B01";"2";"7";"0";"0";"0";"1";"1";""
"202400018464";"155749259";"B01";"1";"33";"0";"2";"1";"21";"1";""
"202400018464";"155749261";"A01";"2";"7";"0";"2";"0";"0";"1";""
"202400018465";"155749258";"A01";"2";"32";"0";"0";"1";"26";"1";""
"202400018466";"155749255";"A01";"1";"10";"0";"1";"5";"1";"1";""
"202400018467";"155749256";"B01";"1";"7";"0";"2";"3";"1";"1";""
"202400018467";"155749257";"A01";"1";"7";"0";"2";"3";"1";"2";""
"202400018468";"155749254";"A01";"1";"10";"0";"1";"1";"15";"1";""
"202400018469";"155749252";"A01";"3";"7";"0";"2";"1";"13";"1";""
"202400018469";"155749253";"B01";"3";"38";"0";"2";"1";"5";"1";"1"
"202400018470";"155749251";"A01";"1";"7";"6";"0";"3";"16";"1";""
"202400018471";"155749249";"AB01";"1";"40";"0";"2";"3";"2";"0";""
"202400018471";"155749250";"A01";"0";"7";"0";"4";"1";"19";"1";""
"202400018472";"155749246";"C01";"1";"10";"0";"2";"4";"2";"1";""
"202400018472";"155749247";"A01";"1";"10";"0";"2";"1";"2";"1";""
"202400018472";"155749248";"B01";"1";"7";"0";"2";"4";"2";"1";""
"202400018473";"155749244";"A01";"1";"32";"0";"2";"3";"5";"1";""
"202400018473";"155749245";"B01";"2";"7";"0";"2";"3";"1";"1";""
"202400018474";"155749242";"A01";"2";"33";"0";"2";"4";"1";"1";""
"202400018474";"155749243";"B01";"2";"7";"0";"2";"4";"2";"1";""
"202400018475";"155749240";"B01";"1";"1";"0";"2";"1";"1";"5";""
"202400018475";"155749241";"Z01";"2";"50";"0";"2";"1";"5";"3";""
"202400018476";"155749236";"A01";"1";"7";"0";"2";"1";"19";"1";""
"202400018476";"155749238";"B01";"2";"7";"6";"2";"5";"1";"1";""
"202400018477";"155749237";"A01";"1";"1";"0";"2";"1";"19";"5";""
"202400018477";"155749239";"B01";"2";"7";"0";"2";"8";"1";"1";""
"202400018478";"155749234";"A01";"2";"32";"0";"2";"2";"15";"1";""
"202400018478";"155749235";"B01";"1";"38";"0";"2";"7";"15";"0";"1"
"202400018479";"155749233";"A01";"1";"2";"0";"0";"0";"1";"1";""
"202400018480";"155749231";"A01";"1";"50";"1";"0";"1";"2";"3";""
"202400018480";"155749232";"B01";"1";"7";"0";"9";"4";"20";"1";""
"202400018481";"155749230";"A01";"1";"30";"0";"0";"8";"26";"1";""
"202400018482";"155749229";"A01";"2";"50";"12";"0";"1";"25";"3";""
"202400018483";"155749227";"A01";"1";"30";"0";"2";"1";"19";"1";""
"202400018483";"155749228";"B01";"2";"10";"0";"2";"8";"1";"1";""
"202400018484";"155749226";"A01";"3";"7";"0";"1";"2";"1";"2";""
"202400018485";"155749222";"A01";"1";"7";"0";"2";"1";"1";"1";""
"202400018485";"155749224";"B01";"1";"7";"0";"2";"4";"1";"2";""
"202400018486";"155749223";"A01";"1";"7";"0";"2";"4";"16";"1";""
"202400018486";"155749225";"B01";"1";"30";"0";"2";"1";"2";"1";""
"202400018487";"155749220";"A01";"3";"7";"4";"9";"7";"9";"1";""
"202400018488";"155749219";"A01";"1";"1";"1";"0";"0";"1";"5";""
"202400018488";"155749221";"B01";"1";"13";"0";"2";"4";"24";"1";""
"202400018489";"155749215";"A01";"3";"7";"0";"2";"2";"10";"1";""
"202400018489";"155749217";"B01";"2";"33";"0";"2";"1";"1";"1";""
"202400018490";"155749214";"A01";"1";"7";"15";"0";"4";"1";"1";""
"202400018490";"155749216";"C01";"1";"7";"14";"0";"4";"23";"1";""
"202400018490";"155749218";"B01";"1";"7";"15";"0";"1";"1";"1";""
"202400018491";"155749212";"B01";"1";"43";"0";"2";"8";"1";"1";""
"202400018491";"155749213";"Z01";"1";"7";"0";"2";"1";"1";"1";""
"202400018492";"155749210";"A01";"1";"30";"0";"1";"1";"19";"1";""
"202400018493";"155749209";"A01";"2";"7";"0";"2";"1";"9";"1";""
"202400018493";"155749211";"B01";"2";"7";"0";"2";"6";"1";"1";""
"202400018494";"155749207";"A01";"2";"30";"0";"2";"6";"20";"1";""