"Num_Acc";"id_vehicule";"num_veh";"senc";"catv";"obs";"obsm";"choc";"manv";"motor";"occutc"
"202400018494";"155749208";"B01";"2";"1";"1";"0";"1";"1";"5";""
"202400018495";"155749206";"A01";"1";"37";"1";"1";"5";"15";"0";"1"
"202400018496";"155749205";"A01";"1";"33";"0";"0";"0";"1";"1";""
"202400018497";"155749203";"A01";"1";"7";"0";"2";"1";"1";"2";""
"202400018497";"155749204";"B01";"1";"7";"0";"2";"6";"15";"1";""
"202400018498";"155749200";"A01";"3";"10";"0";"2";"2";"14";"1";""
"202400018498";"155749201";"C01";"3";"10";"0";"2";"4";"2";"1";""
"202400018498";"155749202";"B01";"3";"7";"0";"2";"6";"1";"1";""
"202400018499";"155749198";"A01";"1";"33";"0";"2";"2";"26";"1";""
"202400018499";"155749199";"B01";"0";"1";"0";"2";"0";"0";"5";""
"202400018500";"155749197";"A01";"1";"7";"1";"0";"1";"21";"1";""
"202400018501";"155749196";"A01";"3";"1";"0";"0";"1";"1";"5";""
"202400018502";"155749194";"A01";"0";"7";"0";"2";"3";"9";"2";""
"202400018502";"155749195";"B01";"0";"37";"0";"2";"2";"2";"1";"2"
"202400018503";"155749192";"A01";"3";"7";"0";"2";"2";"1";"1";""
"202400018503";"155749193";"B01";"0";"7";"0";"2";"1";"1";"1";""
"202400018504";"155749190";"B01";"2";"10";"0";"2";"2";"1";"1";""
"202400018504";"155749191";"A01";"2";"30";"0";"2";"1";"16";"3";""
"202400018505";"155749188";"B01";"1";"32";"0";"2";"3";"0";"1";""
"202400018505";"155749189";"A01";"1";"10";"0";"2";"2";"1";"1";""
"202400018506";"155749187";"A01";"1";"10";"1";"0";"1";"1";"0";""
"202400018507";"155749185";"B01";"2";"1";"0";"2";"7";"1";"5";""
"202400018507";"155749186";"A01";"1";"7";"0";"9";"3";"1";"2";""
"202400018508";"155749184";"A01";"2";"7";"1";"0";"2";"26";"1";""
"202400018509";"155749183";"Z01";"3";"50";"0";"1";"1";"25";"3";""
"202400018510";"155749181";"B01";"2";"7";"0";"0";"4";"23";"1";""
"202400018510";"155749182";"A01";"1";"7";"0";"0";"1";"2";"1";""
"202400018511";"155749179";"A01";"1";"33";"0";"0";"8";"1";"0";""
"202400018511";"155749180";"B01";"1";"7";"0";"0";"0";"9";"1";""
"202400018512";"155749178";"A01";"1";"7";"13";"0";"9";"1";"1";""
"202400018513";"155749177";"A01";"0";"31";"0";"0";"0";"0";"1";""
"202400018514";"155749175";"B01";"2";"7";"0";"0";"6";"2";"1";""
"202400018514";"155749176";"A01";"2";"33";"0";"2";"1";"17";"1";""
"202400018515";"155749173";"B01";"1";"33";"0";"2";"1";"0";"0";""
"202400018515";"155749174";"A01";"1";"7";"0";"2";"5";"10";"1";""
"202400018516";"155749171";"B01";"1";"33";"0";"0";"1";"2";"1";""
"202400018516";"155749172";"A01";"1";"7";"0";"0";"6";"2";"1";""
"202400018517";"155749170";"A01";"1";"7";"2";"0";"1";"1";"1";""
"202400018518";"155749167";"C01";"1";"7";"0";"2";"3";"2";"2";""
"202400018518";"155749168";"B01";"1";"7";"0";"2";"1";"2";"1";""
"202400018518";"155749169";"A01";"1";"7";"0";"0";"4";"2";"2";""
"202400018519";"155749166";"A01";"1";"1";"0";"0";"0";"26";"5";""
"202400018520";"155749164";"B01";"1";"7";"5";"0";"4";"15";"1";""
"202400018520";"155749165";"A01";"1";"7";"0";"2";"1";"1";"1";""
"202400018521";"155749162";"A01";"1";"7";"0";"2";"2";"15";"1";""
"202400018521";"155749163";"B01";"2";"33";"0";"2";"1";"1";"1";""
"202400018522";"155749161";"A01";"3";"7";"5";"0";"0";"26";"1";""
"202400018523";"155749160";"A01";"3";"36";"13";"0";"8";"13";"1";""
"202400018524";"155749159";"A01";"1";"33";"13";"0";"9";"1";"1";""
"202400018525";"155749157";"A01";"1";"80";"0";"2";"2";"16";"3";""
"202400018525";"155749158";"B01";"1";"10";"0";"2";"6";"16";"1";""
"202400018526";"155749154";"A01";"2";"7";"0";"2";"1";"1";"1";""
"202400018526";"155749156";"B01";"2";"10";"0";"0";"4";"1";"1";""
"202400018527";"155749153";"A01";"3";"2";"0";"2";"6";"1";"3";""
"202400018527";"155749155";"B01";"2";"7";"0";"2";"3";"15";"2";""
"202400018528";"155749151";"A01";"2";"7";"0";"2";"2";"19";"1";""
"202400018528";"155749152";"B01";"2";"33";"0";"2";"1";"1";"1";""
"202400018529";"155749150";"A01";"2";"32";"0";"1";"1";"1";"1";""
"202400018530";"155749147";"A01";"2";"7";"6";"0";"4";"15";"1";""
"202400018531";"155749148";"A01";"2";"7";"0";"9";"7";"22";"2";""
"202400018531";"155749149";"B01";"1";"1";"0";"2";"1";"1";"5";""
"202400018532";"155749145";"A01";"2";"80";"14";"0";"1";"1";"3";""
"202400018533";"155749142";"A01";"1";"30";"0";"2";"3";"18";"1";""
"202400018533";"155749143";"Z01";"1";"2";"0";"2";"2";"16";"0";""
"202400018534";"155749141";"A01";"3";"10";"6";"2";"1";"19";"1";""
"202400018534";"155749144";"B01";"2";"7";"0";"2";"2";"1";"1";""
"202400018535";"155749139";"A01";"1";"50";"14";"0";"1";"1";"3";""
"202400018536";"155749138";"A01";"2";"7";"0";"2";"8";"24";"1";""
"202400018536";"155749140";"B01";"2";"1";"0";"2";"1";"1";"5";""
"202400018537";"155749136";"B01";"2";"7";"0";"2";"8";"19";"1";""
"202400018537";"155749137";"A01";"2";"7";"0";"2";"1";"2";"1";""
"202400018538";"155749134";"B01";"3";"2";"0";"2";"6";"1";"3";""
"202400018538";"155749135";"A01";"3";"31";"0";"2";"1";"13";"1";""
"202400018539";"155749132";"A01";"1";"7";"0";"2";"1";"13";"1";""
"202400018539";"155749133";"B01";"2";"10";"0";"2";"3";"1";"1";""
"202400018540";"155749131";"A01";"1";"7";"0";"1";"2";"1";"2";""
"202400018541";"155749130";"A01";"2";"7";"0";"1";"2";"1";"1";""
"202400018542";"155749126";"A01";"2";"7";"0";"2";"3";"1";"1";""
"202400018542";"155749128";"B01";"1";"7";"0";"2";"3";"1";"1";""
"202400018543";"155749127";"A01";"2";"7";"0";"2";"3";"1";"1";""
"202400018543";"155749129";"B01";"2";"30";"0";"2";"5";"15";"1";""
"202400018544";"155749123";"A01";"1";"7";"0";"2";"1";"2";"1";""
"202400018544";"155749124";"B01";"1";"30";"0";"2";"4";"2";"3";""
"202400018545";"155749122";"A01";"2";"33";"5";"0";"2";"1";"4";""
"202400018546";"155749121";"A01";"1";"33";"0";"0";"0";"2";"1";""
"202400018547";"155749119";"A01";"1";"7";"0";"2";"1";"15";"1";""
"202400018547";"155749120";"B01";"2";"7";"0";"2";"1";"1";"1";""
"202400018548";"155749117";"A01";"1";"7";"0";"2";"3";"13";"1";""
"202400018548";"155749118";"B01";"2";"10";"0";"2";"6";"1";"1";""
"202400018549";"155749115";"A01";"2";"7";"0";"2";"2";"15";"1";""
"202400018549";"155749116";"B01";"1";"2";"0";"2";"1";"1";"1";""
"202400018550";"155749114";"A01";"1";"7";"0";"1";"1";"1";"2";""
"202400018551";"155749112";"A01";"2";"7";"0";"2";"4";"1";"1";""
"202400018551";"155749113";"B01";"2";"2";"0";"2";"1";"2";"1";""
"202400018552";"155749111";"A01";"2";"33";"9";"0";"1";"21";"1";""
"202400018553";"155749109";"A01";"1";"7";"0";"2";"7";"15";"1";""
"202400018553";"155749110";"B01";"2";"1";"0";"2";"1";"1";"5";""
"202400018554";"155749106";"A01";"2";"33";"0";"2";"8";"13";"1";""
"202400018554";"155749108";"B01";"1";"14";"0";"2";"8";"1";"0";""
"202400018555";"155749102";"D01";"1";"7";"0";"2";"3";"1";"1";""
"202400018555";"155749104";"C01";"1";"7";"0";"2";"1";"1";"1";""
"202400018555";"155749105";"A01";"1";"7";"3";"2";"1";"13";"1";""
"202400018555";"155749107";"B01";"1";"7";"0";"2";"1";"1";"1";""
"202400018556";"155749101";"B01";"1";"1";"0";"2";"8";"19";"5";""
"202400018556";"155749103";"A01";"1";"7";"0";"2";"1";"1";"1";""
"202400018557";"155749098";"B01";"1";"1";"0";"2";"3";"26";"5";""
"202400018557";"155749100";"A01";"1";"7";"0";"9";"7";"17";"1";""
"202400018558";"155749099";"A01";"1";"7";"0";"1";"3";"1";"1";""
"202400018559";"155749095";"B01";"1";"33";"0";"0";"0";"16";"1";""
"202400018559";"155749097";"A01";"1";"7";"0";"0";"0";"16";"1";""
"202400018560";"155749093";"B01";"2";"7";"0";"2";"7";"0";"1";""
"202400018560";"155749096";"A01";"2";"7";"0";"2";"1";"0";"1";""
"202400018561";"155749091";"A01";"1";"7";"0";"2";"3";"13";"1";""
"202400018561";"155749092";"B01";"2";"13";"0";"2";"3";"1";"1";""
"202400018561";"155749094";"C01";"1";"7";"0";"2";"1";"1";"1";""
"202400018562";"155749090";"A01";"3";"10";"0";"1";"4";"4";"0";""
"202400018563";"155749087";"A01";"1";"31";"0";"2";"1";"1";"1";""
"202400018563";"155749089";"B01";"2";"7";"0";"2";"3";"1";"1";""
"202400018564";"155749086";"A01";"0";"7";"0";"9";"2";"14";"1";""
"202400018564";"155749088";"B01";"3";"1";"0";"2";"8";"1";"5";""
"202400018565";"155749084";"A01";"2";"33";"0";"0";"9";"1";"1";""
"202400018566";"155749083";"A01";"2";"10";"0";"2";"3";"2";"1";""
"202400018566";"155749085";"B01";"2";"43";"0";"2";"5";"2";"1";""
"202400018567";"155749079";"B01";"3";"32";"0";"2";"1";"1";"1";""
"202400018567";"155749081";"A01";"3";"7";"0";"2";"7";"14";"2";""
"202400018568";"155749080";"A01";"3";"1";"0";"2";"0";"1";"5";""
"202400018568";"155749082";"B01";"1";"7";"0";"2";"1";"9";"1";""
"202400018569";"155749078";"A01";"0";"1";"14";"0";"1";"0";"5";""
"202400018570";"155749076";"A01";"0";"50";"0";"0";"0";"21";"3";""
"202400018571";"155749075";"B01";"2";"15";"0";"0";"1";"1";"1";""
"202400018571";"155749077";"A01";"1";"10";"0";"2";"1";"15";"1";""
"202400018572";"155749074";"A01";"2";"37";"0";"1";"1";"0";"2";"1"
"202400018573";"155749071";"A01";"1";"7";"0";"2";"1";"13";"1";""
"202400018573";"155749073";"B01";"2";"7";"0";"2";"1";"1";"1";""
"202400018574";"155749070";"B01";"0";"50";"0";"9";"1";"15";"3";""
"202400018574";"155749072";"A01";"3";"50";"0";"9";"1";"1";"3";""
"202400018575";"155749069";"A01";"3";"30";"14";"0";"1";"6";"0";""
"202400018576";"155749068";"A01";"1";"33";"0";"0";"8";"26";"1";""
"202400018577";"155749065";"B01";"1";"50";"0";"2";"1";"2";"3";""
"202400018577";"155749067";"A01";"1";"7";"0";"2";"7";"4";"1";""
"202400018578";"155749064";"A01";"1";"7";"0";"9";"8";"15";"1";""
"202400018578";"155749066";"B01";"1";"1";"0";"2";"7";"1";"5";""
"202400018579";"155749062";"A01";"2";"7";"9";"0";"9";"17";"1";""
"202400018580";"155749061";"A01";"1";"7";"14";"2";"1";"1";"1";""
"202400018580";"155749063";"B01";"1";"7";"0";"2";"8";"0";"1";""
"202400018581";"155749058";"A01";"1";"50";"0";"2";"1";"13";"3";""
"202400018581";"155749060";"B01";"2";"7";"0";"2";"2";"23";"1";""
"202400018582";"155749057";"A01";"2";"7";"0";"0";"1";"15";"1";""
"202400018582";"155749059";"B01";"2";"1";"0";"0";"1";"1";"5";""
"202400018583";"155749055";"B01";"1";"1";"0";"2";"3";"1";"5";""
"202400018583";"155749056";"Z01";"1";"10";"0";"2";"2";"12";"0";""
"202400018584";"155749054";"A01";"1";"33";"0";"0";"1";"1";"1";""
"202400018585";"155749051";"A01";"2";"43";"0";"2";"0";"1";"1";""
"202400018585";"155749053";"B01";"2";"80";"0";"2";"0";"1";"3";""
"202400018586";"155749050";"B01";"2";"7";"0";"2";"1";"1";"1";""
"202400018586";"155749052";"A01";"1";"7";"0";"2";"1";"13";"1";""
"202400018587";"155749048";"A01";"1";"33";"0";"0";"1";"1";"1";""
"202400018588";"155749047";"A01";"1";"33";"0";"2";"1";"1";"1";""
"202400018588";"155749049";"B01";"1";"7";"0";"2";"2";"16";"1";""
"202400018589";"155749045";"A01";"2";"7";"0";"2";"1";"13";"1";""
"202400018589";"155749046";"B01";"1";"7";"0";"2";"1";"1";"1";""
"202400018590";"155749044";"A01";"1";"7";"0";"1";"2";"16";"1";""
"202400018591";"155749041";"B01";"1";"7";"0";"0";"7";"15";"1";""
"202400018591";"155749043";"A01";"1";"32";"0";"2";"1";"1";"1";""
"202400018592";"155749040";"A01";"1";"7";"0";"2";"1";"1";"1";""
"202400018592";"155749042";"B01";"1";"1";"0";"2";"5";"19";"5";""
"202400018593";"155749039";"A01";"0";"2";"14";"0";"0";"1";"1";""
"202400018594";"155749038";"A01";"2";"36";"1";"0";"1";"1";"1";""
"202400018595";"155749036";"A01";"2";"7";"0";"2";"1";"0";"1";""
"202400018595";"155749037";"B01";"1";"7";"0";"2";"1";"0";"1";""
"202400018596";"155749034";"B01";"2";"1";"0";"2";"9";"1";"5";""
"202400018596";"155749035";"A01";"1";"7";"0";"2";"3";"1";"1";""
"202400018597";"155749033";"A01";"1";"33";"0";"6";"0";"1";"1";""
"202400018598";"155749032";"A01";"2";"7";"0";"0";"0";"0";"1";""
"202400018599";"155749030";"A01";"1";"7";"0";"2";"3";"5";"1";""
"202400018599";"155749031";"B01";"1";"7";"0";"2";"3";"2";"1";""
"202400018600";"155749029";"A01";"2";"33";"12";"0";"1";"1";"1";""
"202400018601";"155749028";"A01";"1";"33";"0";"0";"8";"1";"1";""
"202400018602";"155749026";"B01";"1";"31";"0";"2";"7";"0";"1";""
"202400018602";"155749027";"A01";"1";"7";"13";"2";"6";"2";"1";""
"202400018603";"155749025";"A01";"2";"7";"2";"0";"1";"0";"1";""
"202400018604";"155749022";"A01";"1";"7";"0";"2";"3";"15";"1";""
"202400018604";"155749023";"B01";"2";"1";"0";"2";"3";"1";"5";""
"202400018604";"155749024";"C01";"2";"7";"0";"2";"1";"1";"1";""
"202400018605";"155749020";"A01";"1";"7";"7";"0";"2";"0";"1";""
"202400018606";"155749019";"A01";"1";"2";"0";"2";"1";"26";"1";""
"202400018606";"155749021";"B01";"2";"7";"0";"2";"7";"19";"1";""
"202400018607";"155749016";"B01";"0";"20";"0";"2";"1";"1";"0";""
"202400018607";"155749018";"A01";"0";"7";"0";"9";"2";"1";"1";""
"202400018608";"155749015";"A01";"3";"7";"0";"2";"1";"9";"1";""
"202400018608";"155749017";"B01";"0";"50";"0";"2";"7";"1";"3";""
"202400018609";"155749012";"A01";"1";"7";"9";"2";"3";"9";"1";""
"202400018609";"155749014";"B01";"1";"7";"9";"2";"1";"1";"1";""
"202400018610";"155749011";"Z01";"2";"7";"0";"2";"2";"12";"0";""
"202400018610";"155749013";"A01";"2";"33";"0";"2";"1";"1";"1";""
"202400018611";"155749009";"A01";"1";"7";"0";"2";"3";"15";"1";""
"202400018611";"155749010";"B01";"2";"7";"0";"2";"2";"1";"1";""
"202400018612";"155749008";"A01";"2";"10";"4";"0";"1";"1";"1";""
"202400018613";"155749007";"A01";"3";"7";"0";"1";"3";"1";"1";""
"202400018614";"155749003";"A01";"3";"10";"0";"0";"2";"15";"1";""
"202400018614";"155749005";"B01";"1";"2";"0";"0";"5";"1";"1";""
"202400018615";"155749000";"A01";"2";"33";"0";"6";"1";"1";"1";""
"202400018616";"155749001";"B01";"1";"10";"0";"2";"4";"2";"1";""
"202400018616";"155749002";"C01";"1";"10";"0";"2";"1";"2";"1";""
"202400018616";"155749004";"D01";"1";"7";"0";"2";"4";"0";"1";""
"202400018616";"155749006";"A01";"1";"10";"0";"2";"1";"2";"1";""
"202400018617";"155748997";"A01";"1";"7";"3";"0";"1";"21";"1";""
"202400018618";"155748998";"A01";"1";"7";"0";"0";"5";"15";"1";""
"202400018618";"155748999";"B01";"2";"1";"0";"0";"4";"1";"5";""
"202400018619";"155748994";"B01";"2";"7";"0";"2";"4";"2";"1";""
"202400018619";"155748996";"A01";"1";"33";"0";"2";"1";"2";"1";""
"202400018620";"155748992";"A01";"2";"33";"0";"2";"1";"17";"1";""
"202400018620";"155748993";"B01";"2";"15";"0";"2";"8";"26";"1";""
"202400018620";"155748995";"C01";"1";"7";"0";"2";"1";"1";"1";""
"202400018621";"155748989";"B01";"1";"10";"0";"2";"4";"2";"1";""
"202400018621";"155748991";"A01";"1";"7";"0";"2";"1";"2";"1";""
"202400018622";"155748990";"A01";"2";"10";"0";"1";"7";"1";"1";""
"202400018623";"155748984";"A01";"2";"7";"0";"9";"8";"15";"1";""
"202400018623";"155748987";"B01";"1";"1";"0";"2";"1";"1";"5";""
"202400018624";"155748985";"A01";"1";"14";"6";"2";"1";"21";"1";""
"202400018624";"155748986";"B01";"1";"14";"0";"2";"6";"2";"1";""
"202400018624";"155748988";"C01";"1";"17";"0";"2";"4";"1";"1";""
"202400018625";"155748981";"A01";"1";"33";"0";"0";"1";"21";"1";""
"202400018625";"155748983";"B01";"3";"7";"0";"0";"3";"19";"1";""
"202400018626";"155748980";"A01";"2";"10";"0";"2";"2";"11";"1";""
"202400018626";"155748982";"B01";"2";"7";"0";"2";"6";"1";"2";""
"202400018627";"155748979";"A01";"1";"7";"2";"0";"7";"1";"1";""
"202400018628";"155748978";"A01";"2";"31";"4";"0";"3";"1";"3";""
"202400018629";"155748976";"A01";"2";"7";"0";"2";"1";"1";"1";""
"202400018629";"155748977";"B01";"1";"10";"6";"2";"1";"1";"1";""
"202400018630";"155748974";"A01";"1";"33";"0";"2";"1";"3";"1";""
"202400018630";"155748975";"B01";"1";"7";"0";"2";"2";"12";"1";""
"202400018631";"155748973";"A01";"1";"2";"8";"0";"1";"1";"1";""
"202400018632";"155748970";"A01";"1";"7";"6";"0";"1";"1";"1";""
"202400018633";"155748969";"B01";"2";"7";"0";"2";"4";"2";"1";""
"202400018633";"155748971";"C01";"2";"7";"0";"2";"1";"2";"1";""
"202400018633";"155748972";"A01";"2";"7";"0";"2";"4";"2";"1";""
"202400018634";"155748964";"A01";"1";"7";"3";"0";"2";"14";"1";""
"202400018635";"155748965";"C01";"1";"7";"0";"9";"0";"2";"1";""
"202400018635";"155748966";"A01";"1";"7";"0";"9";"8";"21";"1";""
"202400018635";"155748967";"B01";"1";"7";"0";"9";"2";"21";"1";""
"202400018636";"155748962";"B01";"1";"31";"0";"2";"1";"17";"1";""
"202400018636";"155748963";"A01";"1";"10";"0";"2";"6";"11";"1";""
"202400018637";"155748961";"A01";"1";"7";"13";"0";"2";"1";"0";""
"202400018638";"155748960";"A01";"1";"33";"13";"0";"1";"0";"1";""
"202400018639";"155748959";"A01";"2";"30";"0";"1";"1";"19";"1";""
"202400018640";"155748958";"A01";"2";"7";"2";"0";"1";"11";"1";""
"202400018641";"155748957";"A01";"0";"7";"4";"0";"0";"1";"1";""
"202400018642";"155748955";"A01";"2";"14";"9";"2";"1";"6";"1";""
"202400018642";"155748956";"B01";"1";"17";"0";"2";"1";"1";"1";""
"202400018643";"155748953";"A01";"1";"33";"0";"2";"1";"2";"1";""
"202400018643";"155748954";"B01";"1";"7";"0";"0";"4";"2";"3";""
"202400018644";"155748951";"B01";"2";"7";"0";"2";"7";"1";"1";""
"202400018644";"155748952";"A01";"1";"7";"0";"2";"1";"15";"1";""
"202400018645";"155748949";"A01";"3";"7";"0";"2";"3";"15";"1";""
"202400018645";"155748950";"B01";"3";"2";"0";"2";"7";"17";"1";""
"202400018646";"155748948";"A01";"1";"7";"16";"0";"0";"0";"1";""
"202400018647";"155748947";"A01";"0";"10";"9";"1";"1";"16";"1";""
"202400018648";"155748944";"A01";"1";"7";"0";"2";"4";"1";"3";""
"202400018648";"155748945";"B01";"1";"7";"0";"2";"2";"1";"1";""
"202400018648";"155748946";"C01";"1";"10";"0";"2";"1";"2";"1";""
"202400018649";"155748941";"A01";"1";"7";"0";"2";"3";"2";"1";""
"202400018649";"155748942";"C01";"1";"7";"3";"0";"5";"1";"1";""
"202400018649";"155748943";"B01";"1";"7";"0";"2";"3";"1";"1";""
"202400018650";"155748938";"A01";"2";"14";"1";"2";"6";"1";"1";""
"202400018650";"155748939";"B01";"2";"99";"1";"0";"3";"1";"1";""
"202400018650";"155748940";"C01";"2";"7";"1";"0";"6";"26";"1";""
"202400018651";"155748936";"B01";"1";"10";"0";"0";"0";"1";"1";""
"202400018651";"155748937";"A01";"1";"7";"4";"0";"1";"1";"1";""
"202400018652";"155748933";"C01";"2";"7";"0";"2";"4";"1";"1";""
"202400018652";"155748934";"A01";"2";"7";"0";"2";"1";"1";"1";""
"202400018652";"155748935";"B01";"2";"7";"0";"2";"4";"1";"1";""
"202400018653";"155748930";"A01";"1";"7";"0";"2";"1";"1";"1";""
"202400018653";"155748931";"B01";"1";"10";"0";"2";"4";"1";"1";""
"202400018653";"155748932";"C01";"1";"7";"0";"2";"4";"1";"1";""
"202400018654";"155748928";"A01";"1";"33";"0";"2";"1";"3";"1";""
"202400018654";"155748929";"B01";"1";"7";"0";"2";"6";"11";"1";""
"202400018655";"155748925";"B01";"1";"7";"0";"2";"4";"2";"1";""
"202400018655";"155748926";"C01";"1";"10";"0";"2";"4";"2";"1";""
"202400018655";"155748927";"A01";"1";"7";"0";"2";"1";"2";"2";""
"202400018656";"155748924";"A01";"2";"7";"8";"0";"1";"13";"1";""
"202400018657";"155748923";"A01";"2";"10";"1";"1";"4";"4";"1";""
"202400018658";"155748921";"A01";"2";"7";"0";"2";"7";"15";"1";""
"202400018658";"155748922";"B01";"2";"7";"0";"2";"1";"2";"1";""
"202400018659";"155748919";"A01";"2";"7";"0";"2";"1";"1";"1";""
"202400018659";"155748920";"B01";"2";"7";"4";"0";"1";"0";"1";""
"202400018660";"155748917";"A01";"3";"10";"0";"2";"4";"4";"1";""
"202400018660";"155748918";"B01";"3";"2";"0";"2";"2";"1";"1";""
"202400018661";"155748916";"A01";"3";"7";"0";"1";"3";"1";"1";""
"202400018662";"155748914";"A01";"3";"7";"0";"9";"3";"16";"1";""
"202400018662";"155748915";"B01";"3";"1";"0";"2";"1";"5";"5";""
"202400018663";"155748912";"B01";"2";"7";"0";"2";"1";"1";"1";""
"202400018663";"155748913";"A01";"2";"7";"0";"2";"7";"1";"2";""
"202400018664";"155748911";"A01";"1";"7";"0";"1";"2";"1";"1";""
"202400018665";"155748910";"A01";"3";"31";"0";"1";"1";"21";"1";""
"202400018666";"155748909";"A01";"1";"7";"1";"1";"4";"23";"1";""
"202400018667";"155748906";"B01";"1";"7";"0";"2";"4";"2";"1";""
"202400018667";"155748907";"A01";"1";"10";"0";"2";"1";"2";"1";""
"202400018667";"155748908";"C01";"1";"7";"0";"2";"4";"2";"1";""
"202400018668";"155748904";"B01";"2";"7";"0";"2";"3";"1";"3";""
"202400018668";"155748905";"A01";"3";"7";"0";"2";"2";"16";"1";""
"202400018669";"155748900";"B01";"1";"7";"0";"2";"3";"1";"1";""
"202400018669";"155748901";"A01";"2";"7";"3";"2";"2";"26";"1";""
"202400018670";"155748899";"A01";"0";"33";"12";"0";"1";"1";"1";""
"202400018671";"155748897";"B01";"2";"7";"0";"2";"1";"1";"1";""
"202400018671";"155748898";"A01";"1";"3";"0";"2";"1";"13";"1";""
"202400018672";"155748895";"A01";"2";"7";"0";"2";"1";"1";"1";""
"202400018672";"155748896";"B01";"2";"7";"0";"2";"4";"1";"1";""
"202400018673";"155748893";"A01";"1";"50";"0";"2";"1";"1";"3";""
"202400018673";"155748894";"B01";"2";"7";"0";"2";"2";"15";"1";""
"202400018674";"155748891";"B01";"1";"33";"0";"2";"1";"1";"1";""
"202400018674";"155748892";"A01";"2";"7";"0";"2";"1";"15";"1";""
"202400018675";"155748889";"A01";"1";"7";"0";"2";"1";"1";"1";""
"202400018675";"155748890";"B01";"2";"7";"0";"2";"1";"13";"1";""
"202400018676";"155748888";"A01";"1";"7";"0";"1";"2";"1";"1";""
"202400018677";"155748887";"A01";"1";"30";"0";"0";"0";"1";"1";""
"202400018678";"155748885";"A01";"1";"7";"0";"2";"2";"2";"1";""
"202400018678";"155748886";"B01";"1";"1";"0";"2";"1";"1";"5";""
"202400018679";"155748884";"A01";"2";"7";"0";"1";"0";"0";"1";""
"202400018680";"155748883";"A01";"3";"7";"0";"1";"3";"15";"1";""
"202400018681";"155748880";"C01";"3";"7";"0";"2";"6";"1";"1";""
"202400018681";"155748881";"B01";"3";"7";"0";"2";"7";"1";"1";""
"202400018681";"155748882";"A01";"3";"7";"8";"2";"1";"8";"1";""
"202400018682";"155748878";"A01";"1";"7";"0";"2";"1";"13";"1";""
"202400018682";"155748879";"B01";"2";"7";"0";"2";"1";"1";"1";""
"202400018683";"155748876";"A01";"2";"7";"0";"2";"3";"26";"1";""
"202400018683";"155748877";"B01";"1";"7";"0";"2";"1";"1";"1";""
"202400018684";"155748874";"A01";"2";"33";"0";"2";"2";"16";"1";""
"202400018684";"155748875";"B01";"2";"7";"0";"2";"6";"1";"1";""
"202400018685";"155748872";"A01";"3";"7";"0";"2";"1";"1";"1";""
"202400018685";"155748873";"B01";"3";"1";"0";"2";"4";"1";"5";""
"202400018686";"155748870";"A01";"0";"80";"0";"2";"8";"15";"3";""
"202400018686";"155748871";"B01";"1";"2";"0";"2";"7";"17";"1";""
"202400018687";"155748868";"B01";"1";"34";"0";"2";"1";"1";"1";""
"202400018687";"155748869";"A01";"2";"7";"0";"2";"3";"13";"1";""
"202400018688";"155748866";"B01";"1";"7";"0";"2";"6";"1";"1";""
"202400018688";"155748867";"A01";"2";"7";"0";"2";"3";"19";"1";""
"202400018689";"155748864";"A01";"1";"7";"0";"2";"1";"0";"1";""
"202400018689";"155748865";"B01";"1";"7";"0";"2";"4";"0";"1";""
"202400018690";"155748863";"A01";"0";"10";"0";"1";"1";"1";"1";""
"202400018691";"155748862";"A01";"1";"7";"1";"0";"2";"14";"1";""
"202400018692";"155748860";"B01";"1";"7";"0";"2";"8";"1";"3";""
"202400018692";"155748861";"A01";"1";"34";"0";"2";"1";"1";"1";""
"202400018693";"155748858";"B01";"2";"7";"0";"2";"1";"0";"1";""
"202400018693";"155748859";"A01";"1";"7";"0";"2";"1";"13";"1";""
"202400018694";"155748856";"A01";"0";"7";"0";"2";"1";"15";"1";""
"202400018694";"155748857";"B01";"1";"7";"0";"2";"2";"1";"1";""
"202400018695";"155748854";"B01";"2";"15";"0";"2";"1";"1";"1";""
"202400018695";"155748855";"A01";"2";"10";"0";"2";"3";"15";"1";""
"202400018696";"155748852";"A01";"1";"50";"0";"2";"1";"1";"3";""
"202400018696";"155748853";"B01";"1";"7";"0";"9";"7";"16";"1";""
"202400018697";"155748851";"A01";"1";"7";"6";"0";"1";"15";"1";""
"202400018698";"155748850";"A01";"3";"7";"0";"2";"1";"0";"0";""
"202400018699";"155748849";"A01";"3";"7";"2";"0";"1";"13";"1";""
"202400018700";"155748845";"A01";"1";"7";"0";"2";"2";"1";"1";""
"202400018700";"155748846";"B01";"1";"10";"0";"2";"3";"1";"1";""
"202400018701";"155748843";"A01";"0";"10";"0";"2";"1";"13";"1";""
"202400018701";"155748844";"B01";"0";"7";"0";"2";"3";"1";"1";""
"202400018702";"155748841";"A01";"2";"31";"0";"2";"4";"12";"1";""
"202400018702";"155748842";"B01";"2";"7";"0";"2";"1";"2";"1";""
"202400018703";"155748840";"A01";"2";"7";"0";"1";"1";"1";"1";""
"202400018704";"155748838";"Z01";"2";"7";"0";"2";"2";"12";"0";""
"202400018704";"155748839";"A01";"2";"7";"0";"2";"3";"1";"1";""
"202400018705";"155748836";"A01";"0";"80";"0";"2";"1";"1";"3";""
"202400018705";"155748837";"B01";"0";"1";"0";"2";"1";"1";"5";""
"202400018706";"155748835";"A01";"2";"33";"0";"1";"1";"17";"1";""