"Num_Acc";"id_vehicule";"num_veh";"senc";"catv";"obs";"obsm";"choc";"manv";"motor";"occutc"
"202400018707";"155748834";"A01";"2";"7";"2";"0";"1";"13";"1";""
"202400018708";"155748832";"Y01";"3";"50";"0";"2";"3";"25";"3";""
"202400018708";"155748833";"A01";"3";"32";"0";"2";"2";"26";"1";""
"202400018709";"155748831";"A01";"3";"7";"0";"1";"1";"26";"3";""
"202400018710";"155748829";"A01";"3";"7";"0";"2";"3";"15";"1";""
"202400018710";"155748830";"B01";"3";"2";"0";"2";"8";"1";"3";""
"202400018711";"155748827";"Z01";"2";"1";"0";"1";"1";"1";"5";""
"202400018712";"155748826";"B01";"2";"50";"0";"2";"2";"2";"3";""
"202400018712";"155748828";"A01";"2";"7";"0";"9";"8";"11";"0";""
"202400018713";"155748824";"A01";"2";"7";"0";"1";"2";"1";"2";""
"202400018714";"155748823";"A01";"3";"7";"0";"1";"2";"2";"3";""
"202400018715";"155748821";"Z01";"2";"50";"0";"1";"1";"1";"3";""
"202400018716";"155748820";"B01";"1";"32";"14";"2";"3";"13";"6";""
"202400018716";"155748822";"A01";"1";"37";"0";"9";"3";"15";"6";"1"
"202400018717";"155748818";"B01";"3";"7";"0";"2";"1";"0";"1";""
"202400018717";"155748819";"A01";"3";"7";"0";"2";"2";"16";"3";""
"202400018718";"155748816";"A01";"2";"10";"0";"2";"7";"19";"1";""
"202400018718";"155748817";"B01";"2";"33";"0";"2";"1";"1";"1";""
"202400018719";"155748813";"A01";"2";"7";"14";"2";"4";"1";"1";""
"202400018719";"155748814";"B01";"2";"7";"0";"2";"1";"2";"1";""
"202400018719";"155748815";"C01";"2";"7";"0";"2";"1";"2";"1";""
"202400018720";"155748811";"A01";"3";"7";"8";"0";"3";"1";"1";""
"202400018721";"155748810";"A01";"1";"33";"0";"2";"1";"2";"1";""
"202400018721";"155748812";"B01";"1";"7";"0";"2";"5";"2";"1";""
"202400018722";"155748808";"A01";"3";"1";"0";"2";"8";"9";"5";""
"202400018722";"155748809";"B01";"3";"2";"0";"2";"1";"2";"0";""
"202400018723";"155748807";"A01";"3";"99";"15";"0";"8";"26";"0";""
"202400018724";"155748803";"C01";"1";"13";"0";"2";"1";"1";"1";""
"202400018724";"155748805";"A01";"1";"31";"0";"2";"4";"1";"1";""
"202400018724";"155748806";"B01";"1";"7";"0";"2";"4";"1";"2";""
"202400018725";"155748804";"A01";"2";"2";"0";"1";"1";"0";"1";""
"202400018726";"155748801";"B01";"1";"33";"0";"2";"1";"1";"1";""
"202400018726";"155748802";"A01";"2";"7";"0";"2";"2";"15";"1";""
"202400018727";"155748797";"B01";"1";"31";"0";"2";"2";"21";"1";""
"202400018727";"155748799";"A01";"1";"7";"0";"2";"3";"22";"1";""
"202400018728";"155748798";"A01";"1";"7";"0";"2";"0";"0";"1";""
"202400018728";"155748800";"B01";"1";"7";"0";"2";"1";"14";"1";""
"202400018729";"155748794";"B01";"3";"7";"0";"2";"3";"15";"1";""
"202400018729";"155748796";"A01";"1";"33";"0";"2";"2";"17";"1";""
"202400018730";"155748792";"Z01";"3";"0";"0";"2";"2";"1";"0";""
"202400018730";"155748795";"A01";"3";"50";"0";"2";"1";"1";"3";""
"202400018731";"155748791";"A01";"3";"1";"0";"2";"1";"1";"5";""
"202400018731";"155748793";"B01";"3";"7";"0";"2";"8";"1";"1";""
"202400018732";"155748789";"A01";"2";"7";"0";"2";"3";"13";"1";""
"202400018732";"155748790";"B01";"2";"34";"0";"2";"2";"17";"1";""
"202400018733";"155748787";"A01";"1";"2";"0";"2";"7";"21";"1";""
"202400018733";"155748788";"B01";"2";"7";"0";"2";"3";"19";"1";""
"202400018734";"155748785";"A01";"3";"50";"0";"2";"1";"19";"3";""
"202400018734";"155748786";"B01";"2";"0";"0";"2";"1";"1";"0";""
"202400018735";"155748784";"A01";"2";"7";"0";"1";"2";"19";"1";""
"202400018736";"155748783";"A01";"3";"1";"0";"0";"1";"1";"5";""
"202400018737";"155748781";"A01";"1";"7";"3";"0";"1";"26";"1";""
"202400018738";"155748780";"B01";"2";"1";"0";"2";"1";"1";"5";""
"202400018738";"155748782";"A01";"1";"10";"0";"9";"1";"1";"1";""
"202400018739";"155748777";"B01";"1";"7";"0";"0";"0";"1";"1";""
"202400018739";"155748779";"A01";"2";"31";"0";"0";"2";"17";"1";""
"202400018740";"155748778";"A01";"2";"33";"15";"0";"2";"14";"1";""
"202400018741";"155748776";"A01";"2";"7";"6";"0";"1";"5";"1";""
"202400018742";"155748773";"A01";"1";"33";"0";"2";"1";"13";"1";""
"202400018742";"155748774";"B01";"2";"7";"0";"9";"8";"13";"1";""
"202400018743";"155748771";"C01";"3";"7";"0";"2";"8";"23";"1";""
"202400018743";"155748772";"B01";"3";"7";"0";"2";"1";"1";"1";""
"202400018743";"155748775";"A01";"1";"7";"0";"2";"3";"13";"3";""
"202400018744";"155748769";"B01";"2";"15";"0";"2";"8";"1";"1";""
"202400018744";"155748770";"A01";"1";"7";"0";"2";"3";"13";"1";""
"202400018745";"155748766";"A01";"2";"7";"0";"0";"6";"23";"1";""
"202400018745";"155748768";"B01";"2";"17";"0";"2";"2";"21";"1";""
"202400018746";"155748765";"A01";"0";"7";"6";"0";"3";"1";"1";""
"202400018747";"155748764";"A01";"2";"7";"12";"2";"5";"15";"1";""
"202400018747";"155748767";"B01";"2";"33";"12";"2";"3";"1";"1";""
"202400018748";"155748762";"B01";"0";"1";"0";"2";"0";"0";"5";""
"202400018748";"155748763";"A01";"2";"7";"0";"0";"0";"15";"1";""
"202400018749";"155748761";"A01";"1";"7";"14";"0";"2";"1";"0";""
"202400018750";"155748759";"A01";"2";"7";"0";"2";"8";"11";"1";""
"202400018750";"155748760";"B01";"1";"7";"16";"0";"8";"1";"1";""
"202400018751";"155748756";"A01";"3";"36";"0";"0";"9";"26";"1";""
"202400018752";"155748757";"A01";"1";"7";"0";"9";"3";"15";"1";""
"202400018752";"155748758";"B01";"1";"31";"0";"2";"1";"1";"1";""
"202400018753";"155748755";"A01";"2";"7";"2";"0";"1";"0";"1";""
"202400018754";"155748753";"B01";"1";"10";"0";"2";"0";"0";"1";""
"202400018754";"155748754";"A01";"1";"32";"1";"0";"1";"0";"1";""
"202400018755";"155748752";"A01";"1";"7";"2";"0";"1";"19";"2";""
"202400018756";"155748751";"A01";"3";"7";"0";"0";"0";"2";"1";""
"202400018757";"155748749";"A01";"2";"7";"10";"0";"1";"6";"1";""
"202400018758";"155748750";"A01";"2";"7";"0";"1";"1";"1";"1";""
"202400018759";"155748747";"A01";"2";"33";"0";"2";"1";"1";"1";""
"202400018759";"155748748";"B01";"2";"7";"0";"2";"3";"15";"1";""
"202400018760";"155748745";"B01";"1";"33";"0";"2";"3";"1";"1";""
"202400018760";"155748746";"A01";"1";"7";"0";"2";"2";"0";"1";""
"202400018761";"155748743";"A01";"2";"10";"0";"2";"3";"9";"1";""
"202400018761";"155748744";"B01";"1";"13";"0";"2";"1";"1";"1";""
"202400018762";"155748742";"A01";"1";"7";"2";"0";"1";"14";"1";""
"202400018763";"155748741";"A01";"3";"7";"1";"0";"2";"1";"1";""
"202400018764";"155748739";"A01";"2";"2";"1";"0";"1";"0";"1";""
"202400018764";"155748740";"B01";"2";"7";"0";"0";"6";"23";"1";""
"202400018765";"155748736";"A01";"2";"7";"0";"2";"2";"11";"1";""
"202400018765";"155748737";"B01";"1";"7";"0";"2";"3";"1";"2";""
"202400018766";"155748733";"A01";"1";"7";"10";"0";"2";"14";"1";""
"202400018767";"155748734";"A01";"3";"7";"0";"2";"1";"15";"1";""
"202400018767";"155748735";"B01";"3";"33";"0";"2";"1";"1";"1";""
"202400018768";"155748731";"A01";"1";"7";"0";"2";"2";"15";"1";""
"202400018768";"155748732";"B01";"1";"32";"0";"0";"4";"15";"1";""
"202400018769";"155748730";"A01";"3";"1";"0";"0";"0";"23";"5";""
"202400018770";"155748729";"A01";"1";"7";"15";"0";"1";"13";"1";""
"202400018771";"155748727";"A01";"2";"10";"2";"2";"8";"14";"1";""
"202400018771";"155748728";"B01";"1";"10";"0";"2";"8";"13";"1";""
"202400018772";"155748725";"A01";"1";"7";"8";"1";"1";"15";"1";""
"202400018773";"155748723";"A01";"2";"7";"0";"2";"1";"1";"1";""
"202400018773";"155748724";"B01";"2";"10";"0";"0";"4";"15";"1";""
"202400018774";"155748718";"B01";"1";"7";"0";"0";"8";"15";"1";""
"202400018774";"155748720";"A01";"1";"33";"0";"2";"1";"1";"1";""
"202400018775";"155748715";"A01";"1";"10";"0";"9";"1";"1";"1";""
"202400018775";"155748716";"B01";"1";"1";"0";"2";"8";"9";"5";""
"202400018776";"155748714";"A01";"1";"43";"14";"0";"0";"0";"1";""
"202400018777";"155748711";"A01";"1";"33";"0";"2";"2";"2";"1";""
"202400018777";"155748713";"B01";"1";"7";"0";"2";"8";"2";"0";""
"202400018778";"155748710";"A01";"3";"50";"0";"2";"1";"1";"3";""
"202400018778";"155748712";"B01";"3";"10";"0";"2";"2";"16";"0";""
"202400018779";"155748707";"A01";"2";"7";"0";"1";"1";"1";"1";""
"202400018780";"155748705";"C01";"1";"33";"0";"2";"1";"1";"1";""
"202400018780";"155748706";"A01";"2";"7";"0";"2";"4";"13";"1";""
"202400018780";"155748708";"B01";"1";"33";"0";"2";"1";"1";"1";""
"202400018780";"155748709";"D01";"1";"33";"0";"2";"1";"1";"1";""
"202400018781";"155748703";"B01";"1";"7";"0";"2";"7";"9";"1";""
"202400018781";"155748704";"A01";"1";"2";"0";"2";"1";"17";"1";""
"202400018782";"155748701";"A01";"2";"7";"0";"2";"3";"1";"1";""
"202400018782";"155748702";"B01";"1";"7";"0";"2";"1";"1";"1";""
"202400018783";"155748700";"A01";"2";"7";"0";"1";"1";"17";"1";""
"202400018784";"155748699";"A01";"1";"7";"8";"0";"2";"1";"1";""
"202400018785";"155748697";"A01";"1";"7";"13";"0";"2";"2";"1";""
"202400018786";"155748696";"B01";"1";"7";"0";"2";"4";"1";"1";""
"202400018786";"155748698";"A01";"1";"7";"0";"2";"1";"2";"2";""
"202400018787";"155748694";"A01";"2";"7";"0";"2";"3";"13";"1";""
"202400018787";"155748695";"B01";"1";"7";"0";"2";"3";"0";"1";""
"202400018788";"155748692";"B01";"2";"30";"0";"2";"1";"1";"1";""
"202400018788";"155748693";"A01";"1";"7";"0";"2";"1";"15";"1";""
"202400018789";"155748690";"A01";"3";"2";"0";"2";"1";"13";"1";""
"202400018789";"155748691";"B01";"3";"21";"0";"2";"3";"23";"1";""
"202400018790";"155748689";"A01";"3";"7";"0";"1";"4";"4";"1";""
"202400018791";"155748687";"B01";"3";"14";"0";"2";"3";"1";"1";""
"202400018791";"155748688";"A01";"3";"10";"0";"2";"8";"13";"1";""
"202400018792";"155748684";"A01";"1";"7";"0";"2";"3";"19";"1";""
"202400018792";"155748686";"B01";"1";"7";"0";"2";"2";"1";"1";""
"202400018793";"155748683";"A01";"2";"7";"0";"2";"2";"12";"1";""
"202400018793";"155748685";"B01";"2";"7";"3";"2";"6";"1";"2";""
"202400018794";"155748681";"A01";"3";"7";"0";"2";"5";"15";"1";""
"202400018794";"155748682";"B01";"3";"7";"0";"2";"2";"1";"1";""
"202400018795";"155748679";"A01";"1";"10";"3";"0";"6";"1";"1";""
"202400018795";"155748680";"B01";"1";"7";"3";"0";"2";"0";"2";""
"202400018796";"155748677";"B01";"1";"7";"0";"2";"6";"26";"1";""
"202400018796";"155748678";"A01";"1";"10";"0";"2";"1";"1";"1";""
"202400018797";"155748676";"A01";"1";"10";"13";"0";"1";"1";"1";""
"202400018798";"155748674";"A01";"1";"7";"0";"2";"5";"13";"3";""
"202400018798";"155748675";"B01";"1";"10";"0";"2";"8";"1";"1";""
"202400018799";"155748671";"A01";"1";"1";"0";"2";"0";"19";"5";""
"202400018799";"155748672";"B01";"1";"33";"0";"2";"8";"1";"1";""
"202400018800";"155748670";"A01";"1";"7";"4";"2";"3";"11";"1";""
"202400018800";"155748673";"B01";"1";"7";"0";"2";"5";"12";"1";""
"202400018801";"155748668";"A01";"1";"7";"0";"1";"1";"1";"1";""
"202400018802";"155748667";"A01";"2";"33";"0";"2";"1";"3";"1";""
"202400018802";"155748669";"B01";"2";"7";"0";"2";"8";"13";"1";""
"202400018803";"155748665";"A01";"1";"7";"0";"2";"1";"1";"1";""
"202400018803";"155748666";"B01";"1";"7";"0";"9";"4";"15";"1";""
"202400018804";"155748663";"A01";"2";"10";"0";"2";"1";"13";"1";""
"202400018804";"155748664";"B01";"2";"10";"0";"2";"1";"1";"1";""
"202400018805";"155748661";"A01";"3";"2";"0";"2";"1";"1";"3";""
"202400018805";"155748662";"B01";"3";"1";"0";"2";"1";"1";"5";""
"202400018806";"155748658";"A01";"1";"2";"8";"0";"1";"1";"1";""
"202400018807";"155748659";"A01";"3";"34";"0";"2";"1";"1";"1";""
"202400018807";"155748660";"B01";"3";"7";"0";"0";"7";"15";"3";""
"202400018808";"155748656";"B01";"2";"7";"0";"2";"3";"21";"1";""
"202400018808";"155748657";"A01";"2";"33";"0";"2";"2";"17";"1";""
"202400018809";"155748652";"A01";"1";"2";"0";"0";"0";"26";"3";""
"202400018810";"155748653";"A01";"1";"34";"12";"2";"7";"3";"1";""
"202400018810";"155748654";"B01";"1";"7";"0";"2";"8";"2";"2";""
"202400018810";"155748655";"C01";"2";"10";"0";"2";"1";"2";"1";""
"202400018811";"155748651";"A01";"3";"7";"0";"1";"4";"20";"1";""
"202400018812";"155748650";"A01";"3";"7";"0";"1";"2";"5";"1";""
"202400018813";"155748648";"A01";"1";"1";"0";"0";"0";"1";"5";""
"202400018814";"155748647";"B01";"3";"7";"0";"2";"5";"1";"2";""
"202400018814";"155748649";"A01";"3";"50";"0";"2";"1";"26";"3";""
"202400018815";"155748646";"A01";"3";"43";"13";"0";"0";"14";"1";""
"202400018816";"155748641";"C01";"2";"7";"0";"2";"4";"23";"1";""
"202400018816";"155748642";"A01";"2";"10";"0";"2";"1";"2";"1";""
"202400018816";"155748644";"D01";"2";"7";"0";"2";"4";"23";"1";""
"202400018816";"155748645";"B01";"2";"7";"0";"2";"4";"23";"1";""
"202400018817";"155748640";"B01";"0";"33";"0";"2";"1";"26";"1";""
"202400018817";"155748643";"A01";"0";"7";"0";"2";"3";"9";"1";""
"202400018818";"155748638";"A01";"1";"7";"16";"9";"1";"1";"1";""
"202400018819";"155748636";"A01";"1";"13";"0";"2";"1";"1";"1";""
"202400018819";"155748637";"B01";"1";"7";"0";"2";"4";"1";"1";""
"202400018819";"155748639";"C01";"1";"7";"0";"2";"4";"1";"1";""
"202400018820";"155748635";"A01";"0";"35";"1";"0";"1";"0";"1";""
"202400018821";"155748633";"A01";"0";"7";"0";"2";"8";"21";"1";""
"202400018821";"155748634";"B01";"0";"7";"0";"2";"7";"1";"1";""
"202400018822";"155748630";"A01";"1";"10";"0";"1";"2";"1";"1";""
"202400018823";"155748631";"A01";"1";"7";"0";"2";"3";"7";"1";""
"202400018823";"155748632";"B01";"1";"33";"0";"2";"7";"7";"1";""
"202400018824";"155748629";"A01";"3";"7";"0";"1";"2";"1";"1";""
"202400018825";"155748627";"A01";"2";"7";"0";"2";"4";"1";"3";""
"202400018825";"155748628";"B01";"2";"7";"0";"2";"1";"1";"1";""
"202400018826";"155748626";"A01";"2";"7";"1";"0";"3";"13";"1";""
"202400018827";"155748624";"A01";"2";"7";"0";"2";"2";"5";"1";""
"202400018827";"155748625";"B01";"1";"7";"0";"2";"2";"1";"1";""
"202400018828";"155748622";"B01";"2";"7";"0";"2";"8";"0";"1";""
"202400018828";"155748623";"A01";"2";"33";"0";"2";"2";"17";"1";""
"202400018829";"155748620";"A01";"1";"14";"0";"2";"1";"12";"1";""
"202400018829";"155748621";"B01";"1";"7";"0";"2";"4";"1";"1";""
"202400018830";"155748618";"A01";"1";"7";"0";"2";"1";"1";"1";""
"202400018830";"155748619";"B01";"2";"7";"0";"2";"1";"9";"1";""
"202400018831";"155748617";"A01";"1";"7";"4";"0";"3";"0";"1";""
"202400018832";"155748615";"A01";"3";"30";"0";"4";"1";"1";"1";""
"202400018832";"155748616";"B01";"3";"39";"0";"2";"7";"1";"0";""
"202400018833";"155748613";"A01";"3";"1";"0";"2";"1";"1";"5";""
"202400018833";"155748614";"B01";"1";"7";"3";"2";"1";"1";"1";""
"202400018834";"155748611";"B01";"2";"10";"0";"2";"7";"15";"1";""
"202400018834";"155748612";"A01";"1";"2";"0";"2";"1";"1";"1";""
"202400018835";"155748608";"B01";"2";"7";"0";"2";"6";"1";"2";""
"202400018835";"155748609";"C01";"2";"7";"0";"9";"4";"1";"1";""
"202400018835";"155748610";"A01";"2";"7";"0";"2";"3";"1";"1";""
"202400018836";"155748605";"C01";"1";"7";"0";"2";"8";"1";"1";""
"202400018836";"155748606";"A01";"1";"33";"0";"2";"3";"3";"1";""
"202400018836";"155748607";"B01";"1";"10";"0";"2";"7";"12";"1";""
"202400018837";"155748604";"A01";"3";"33";"0";"1";"2";"1";"3";""
"202400018838";"155748602";"B01";"2";"30";"0";"2";"1";"1";"1";""
"202400018838";"155748603";"A01";"1";"14";"0";"2";"3";"1";"1";""
"202400018839";"155748600";"B01";"2";"1";"0";"2";"6";"1";"5";""
"202400018839";"155748601";"A01";"2";"7";"0";"2";"6";"23";"2";""
"202400018840";"155748598";"A01";"3";"7";"0";"2";"1";"1";"1";""
"202400018840";"155748599";"Z01";"3";"7";"0";"2";"1";"15";"1";""
"202400018841";"155748596";"A01";"1";"7";"0";"2";"2";"15";"2";""
"202400018841";"155748597";"B01";"2";"50";"0";"2";"1";"1";"3";""
"202400018842";"155748594";"B01";"2";"60";"0";"2";"1";"1";"5";""
"202400018842";"155748595";"A01";"2";"7";"0";"2";"2";"12";"1";""
"202400018843";"155748593";"A01";"1";"33";"0";"1";"2";"21";"1";""
"202400018844";"155748591";"B01";"3";"1";"0";"2";"2";"1";"5";""
"202400018844";"155748592";"A01";"3";"1";"0";"2";"1";"5";"5";""
"202400018845";"155748589";"A01";"1";"7";"0";"2";"2";"1";"2";""
"202400018845";"155748590";"B01";"1";"1";"0";"2";"4";"1";"5";""
"202400018846";"155748587";"B01";"3";"50";"0";"2";"2";"1";"3";""
"202400018846";"155748588";"A01";"3";"7";"0";"2";"3";"1";"1";""
"202400018847";"155748586";"A01";"3";"7";"0";"1";"1";"16";"0";""
"202400018848";"155748584";"A01";"3";"7";"0";"2";"5";"15";"1";""
"202400018848";"155748585";"B01";"3";"7";"0";"2";"1";"1";"1";""
"202400018849";"155748583";"A01";"1";"7";"0";"1";"1";"26";"6";""
"202400018850";"155748582";"A01";"2";"7";"0";"1";"1";"15";"1";""
"202400018851";"155748580";"B01";"0";"7";"0";"2";"7";"1";"1";""
"202400018851";"155748581";"A01";"0";"7";"0";"2";"3";"1";"1";""
"202400018852";"155748578";"A01";"3";"7";"0";"2";"1";"26";"2";""
"202400018852";"155748579";"B01";"0";"7";"0";"2";"4";"2";"1";""
"202400018853";"155748576";"A01";"1";"33";"14";"2";"2";"26";"1";""
"202400018853";"155748577";"B01";"2";"7";"14";"2";"8";"26";"3";""
"202400018854";"155748575";"A01";"2";"7";"0";"1";"1";"15";"2";""
"202400018855";"155748574";"A01";"0";"7";"3";"0";"1";"1";"1";""
"202400018856";"155748573";"A01";"1";"7";"0";"1";"1";"19";"1";""
"202400018857";"155748571";"A01";"3";"1";"0";"2";"1";"16";"5";""
"202400018857";"155748572";"B01";"2";"7";"0";"9";"5";"1";"2";""
"202400018858";"155748569";"B01";"2";"2";"0";"2";"1";"2";"1";""
"202400018858";"155748570";"A01";"2";"7";"0";"2";"2";"15";"1";""
"202400018859";"155748566";"B01";"3";"31";"0";"2";"7";"0";"1";""
"202400018859";"155748567";"C01";"3";"30";"0";"0";"0";"0";"1";""
"202400018859";"155748568";"A01";"3";"7";"0";"0";"0";"0";"1";""
"202400018860";"155748564";"A01";"3";"33";"0";"2";"1";"1";"1";""
"202400018860";"155748565";"B01";"0";"50";"0";"2";"7";"19";"3";""
"202400018861";"155748562";"B01";"2";"21";"0";"2";"6";"1";"1";""
"202400018861";"155748563";"A01";"2";"10";"0";"2";"2";"17";"1";""
"202400018862";"155748561";"A01";"1";"10";"2";"0";"1";"1";"1";""
"202400018863";"155748560";"A01";"1";"33";"8";"0";"1";"13";"1";""
"202400018864";"155748558";"B01";"2";"7";"0";"2";"1";"1";"3";""
"202400018864";"155748559";"A01";"1";"7";"0";"2";"1";"5";"1";""
"202400018865";"155748557";"A01";"1";"7";"0";"0";"0";"1";"1";""
"202400018866";"155748555";"A01";"2";"7";"0";"2";"3";"2";"1";""
"202400018866";"155748556";"B01";"2";"7";"0";"0";"5";"1";"1";""
"202400018867";"155748552";"C01";"2";"7";"1";"2";"2";"2";"1";""
"202400018867";"155748553";"A01";"2";"7";"0";"2";"1";"2";"1";""
"202400018867";"155748554";"B01";"2";"10";"0";"2";"4";"1";"1";""
"202400018868";"155748550";"A01";"1";"7";"0";"2";"8";"15";"2";""
"202400018868";"155748551";"B01";"2";"33";"0";"2";"1";"1";"1";""
"202400018869";"155748549";"A01";"1";"36";"2";"0";"0";"1";"1";""
"202400018870";"155748548";"A01";"1";"7";"0";"1";"2";"1";"1";""
"202400018871";"155748547";"A01";"1";"7";"2";"0";"1";"13";"1";""
"202400018872";"155748545";"B01";"2";"33";"0";"2";"1";"1";"1";""
"202400018872";"155748546";"A01";"2";"10";"0";"2";"1";"15";"1";""
"202400018873";"155748542";"A01";"2";"2";"0";"0";"9";"14";"1";""
"202400018874";"155748540";"B01";"2";"7";"0";"2";"2";"15";"1";""
"202400018874";"155748541";"A01";"1";"2";"0";"2";"2";"1";"1";""
"202400018875";"155748538";"A01";"1";"7";"0";"2";"1";"0";"1";""
"202400018875";"155748539";"B01";"2";"7";"0";"2";"3";"0";"1";""
"202400018876";"155748534";"A01";"3";"7";"0";"2";"1";"9";"1";""
"202400018876";"155748535";"B01";"1";"7";"0";"2";"7";"1";"1";""
"202400018877";"155748532";"A01";"1";"33";"0";"2";"1";"11";"1";""
"202400018877";"155748533";"B01";"1";"1";"1";"2";"6";"2";"5";""
"202400018878";"155748530";"B01";"3";"2";"0";"9";"2";"1";"1";""
"202400018878";"155748531";"A01";"1";"7";"0";"2";"7";"15";"1";""
"202400018879";"155748529";"A01";"2";"7";"17";"0";"1";"14";"1";""
"202400018880";"155748528";"A01";"2";"33";"15";"0";"7";"1";"1";""
"202400018881";"155748527";"A01";"1";"7";"15";"0";"8";"0";"1";""
"202400018882";"155748525";"A01";"2";"14";"4";"2";"3";"1";"1";""
"202400018882";"155748526";"B01";"1";"7";"0";"2";"3";"13";"1";""
"202400018883";"155748523";"B01";"1";"33";"0";"2";"3";"15";"1";""
"202400018883";"155748524";"A01";"2";"7";"0";"2";"2";"1";"1";""
"202400018884";"155748522";"A01";"2";"33";"0";"0";"1";"1";"1";""
"202400018885";"155748520";"A01";"3";"7";"0";"2";"1";"5";"1";""
"202400018885";"155748521";"B01";"3";"7";"0";"2";"1";"1";"1";""
"202400018886";"155748518";"B01";"1";"2";"0";"2";"2";"2";"1";""
"202400018886";"155748519";"A01";"1";"7";"0";"2";"3";"2";"1";""
"202400018887";"155748517";"A01";"1";"7";"6";"0";"3";"26";"1";""
"202400018888";"155748515";"B01";"2";"7";"0";"2";"2";"1";"0";""
"202400018888";"155748516";"A01";"2";"7";"0";"2";"2";"17";"1";""
"202400018889";"155748513";"A01";"3";"7";"0";"2";"1";"1";"1";""
"202400018889";"155748514";"B01";"3";"2";"0";"2";"1";"1";"1";""
"202400018890";"155748511";"A01";"2";"7";"0";"1";"2";"1";"1";""
"202400018891";"155748510";"A01";"3";"7";"2";"0";"1";"1";"1";""
"202400018892";"155748509";"A01";"2";"2";"2";"0";"2";"1";"1";""
"202400018893";"155748508";"A01";"1";"33";"0";"0";"7";"1";"1";""
"202400018894";"155748506";"A01";"2";"33";"0";"2";"8";"13";"1";""
"202400018894";"155748507";"B01";"1";"7";"0";"2";"8";"1";"1";""
"202400018895";"155748504";"B01";"1";"7";"0";"2";"1";"15";"1";""
"202400018895";"155748505";"A01";"2";"33";"0";"2";"1";"1";"1";""
"202400018896";"155748503";"A01";"1";"7";"0";"1";"3";"0";"1";""
"202400018897";"155748502";"A01";"2";"7";"3";"0";"2";"0";"1";""
"202400018898";"155748501";"A01";"2";"7";"13";"0";"9";"1";"1";""
"202400018899";"155748500";"A01";"2";"7";"0";"1";"3";"1";"1";""
"202400018900";"155748498";"A01";"2";"7";"4";"2";"1";"11";"1";""
"202400018900";"155748499";"B01";"2";"7";"0";"2";"4";"1";"1";""
"202400018901";"155748496";"A01";"1";"10";"3";"0";"1";"2";"1";""
"202400018902";"155748494";"B01";"2";"7";"0";"0";"6";"1";"1";""
"202400018902";"155748495";"A01";"2";"7";"0";"2";"2";"2";"1";""
"202400018903";"155748492";"B01";"2";"10";"0";"2";"3";"1";"1";""
"202400018903";"155748493";"A01";"1";"32";"0";"2";"1";"1";"1";""
"202400018904";"155748490";"B01";"1";"7";"0";"2";"1";"1";"1";""
"202400018904";"155748491";"A01";"2";"7";"0";"2";"1";"17";"1";""
"202400018905";"155748487";"A01";"1";"7";"0";"2";"2";"2";"1";""
"202400018905";"155748488";"B01";"2";"1";"0";"2";"4";"0";"5";""
"202400018906";"155748485";"B01";"1";"7";"0";"2";"2";"1";"1";""
"202400018906";"155748486";"A01";"2";"33";"0";"2";"1";"13";"1";""
"202400018907";"155748484";"A01";"1";"2";"0";"0";"0";"1";"1";""
"202400018908";"155748482";"A01";"1";"33";"0";"2";"1";"2";"1";""
"202400018908";"155748483";"B01";"1";"14";"0";"2";"4";"2";"1";""
"202400018909";"155748481";"A01";"2";"33";"0";"0";"0";"1";"1";""
"202400018910";"155748480";"A01";"2";"7";"0";"0";"9";"13";"1";""
"202400018911";"155748479";"A01";"1";"21";"1";"0";"2";"9";"1";""
"202400018912";"155748477";"A01";"1";"7";"0";"2";"3";"16";"1";""
"202400018912";"155748478";"B01";"1";"7";"0";"0";"7";"1";"1";""
"202400018913";"155748476";"A01";"1";"33";"13";"0";"0";"1";"1";""
"202400018914";"155748472";"B01";"1";"1";"0";"0";"6";"2";"5";""
"202400018914";"155748473";"C01";"1";"1";"0";"0";"6";"2";"5";""
"202400018914";"155748474";"A01";"1";"7";"0";"0";"7";"17";"1";""
"202400018915";"155748470";"A01";"3";"2";"8";"0";"1";"1";"1";""
"202400018916";"155748466";"B01";"1";"7";"1";"0";"1";"2";"1";""
"202400018916";"155748467";"A01";"1";"7";"0";"2";"4";"23";"1";""
"202400018917";"155748464";"B01";"1";"7";"0";"2";"4";"1";"3";""
"202400018917";"155748465";"A01";"1";"7";"0";"2";"1";"1";"1";""
"202400018918";"155748462";"B01";"2";"7";"0";"2";"5";"1";"1";""
"202400018918";"155748463";"X01";"2";"10";"0";"2";"1";"1";"1";""
"202400018919";"155748460";"B01";"1";"7";"0";"2";"6";"21";"1";""
"202400018919";"155748461";"A01";"1";"7";"0";"2";"2";"17";"1";""
"202400018920";"155748458";"A01";"2";"7";"4";"2";"3";"11";"1";""
"202400018920";"155748459";"B01";"2";"15";"0";"2";"5";"1";"1";""
"202400018921";"155748456";"A01";"1";"10";"0";"2";"1";"1";"0";""
"202400018921";"155748457";"B01";"1";"7";"0";"2";"4";"1";"0";""
"202400018922";"155748454";"A01";"2";"7";"4";"0";"3";"1";"1";""
"202400018922";"155748455";"B01";"2";"7";"0";"0";"8";"1";"2";""
"202400018923";"155748452";"A01";"2";"7";"0";"2";"1";"5";"1";""
"202400018923";"155748453";"B01";"1";"7";"0";"2";"1";"2";"1";""
"202400018924";"155748450";"A01";"2";"7";"0";"2";"1";"2";"1";""