"Num_Acc";"id_vehicule";"num_veh";"senc";"catv";"obs";"obsm";"choc";"manv";"motor";"occutc"
"202400018924";"155748451";"B01";"2";"7";"0";"2";"4";"2";"2";""
"202400018925";"155748449";"A01";"1";"7";"4";"0";"1";"21";"1";""
"202400018926";"155748447";"A01";"1";"33";"0";"2";"3";"3";"1";""
"202400018926";"155748448";"B01";"1";"7";"0";"2";"7";"12";"2";""
"202400018927";"155748445";"A01";"2";"7";"0";"2";"3";"11";"1";""
"202400018927";"155748446";"B01";"2";"33";"0";"2";"7";"1";"1";""
"202400018928";"155748443";"A01";"2";"33";"0";"2";"3";"3";"1";""
"202400018928";"155748444";"B01";"2";"7";"0";"2";"5";"12";"1";""
"202400018929";"155748441";"A01";"2";"32";"0";"2";"2";"3";"1";""
"202400018929";"155748442";"B01";"2";"7";"0";"2";"8";"11";"2";""
"202400018930";"155748440";"A01";"0";"7";"0";"1";"1";"1";"1";""
"202400018931";"155748439";"A01";"2";"7";"7";"0";"1";"1";"1";""
"202400018932";"155748438";"A01";"1";"7";"0";"1";"2";"1";"1";""
"202400018933";"155748437";"A01";"0";"7";"0";"1";"1";"1";"1";""
"202400018934";"155748434";"B01";"2";"7";"0";"2";"1";"6";"1";""
"202400018934";"155748435";"A01";"1";"10";"0";"2";"6";"2";"1";""
"202400018934";"155748436";"C01";"1";"7";"0";"2";"1";"2";"2";""
"202400018935";"155748432";"B01";"1";"50";"0";"2";"2";"0";"3";""
"202400018935";"155748433";"A01";"1";"7";"0";"2";"3";"26";"1";""
"202400018936";"155748431";"A01";"2";"7";"0";"1";"1";"1";"1";""
"202400018937";"155748429";"A01";"1";"7";"1";"0";"2";"1";"1";""
"202400018937";"155748430";"B01";"1";"7";"0";"0";"0";"0";"1";""
"202400018938";"155748427";"A01";"3";"10";"0";"2";"4";"2";"1";""
"202400018938";"155748428";"B01";"3";"7";"0";"2";"4";"2";"1";""
"202400018939";"155748426";"A01";"2";"7";"3";"0";"7";"12";"1";""
"202400018940";"155748424";"A01";"3";"10";"0";"9";"7";"15";"1";""
"202400018940";"155748425";"B01";"3";"50";"0";"2";"1";"1";"3";""
"202400018941";"155748422";"B01";"3";"33";"0";"2";"6";"1";"1";""
"202400018941";"155748423";"Z01";"3";"7";"0";"2";"5";"14";"1";""
"202400018942";"155748420";"A01";"2";"7";"0";"2";"3";"10";"1";""
"202400018942";"155748421";"B01";"1";"32";"0";"2";"1";"1";"1";""
"202400018943";"155748418";"B01";"1";"7";"0";"2";"8";"1";"1";""
"202400018943";"155748419";"A01";"1";"7";"0";"2";"7";"17";"1";""
"202400018944";"155748416";"B01";"1";"30";"0";"2";"1";"1";"1";""
"202400018944";"155748417";"A01";"1";"7";"0";"2";"2";"15";"1";""
"202400018945";"155748415";"A01";"0";"7";"0";"1";"5";"1";"1";""
"202400018946";"155748414";"A01";"1";"30";"0";"0";"0";"1";"1";""
"202400018947";"155748412";"A01";"1";"7";"0";"2";"8";"15";"1";""
"202400018947";"155748413";"B01";"1";"34";"0";"2";"7";"2";"1";""
"202400018948";"155748408";"B01";"2";"33";"0";"2";"7";"3";"1";""
"202400018948";"155748409";"A01";"1";"7";"0";"2";"8";"13";"1";""
"202400018949";"155748406";"B01";"3";"1";"0";"2";"8";"0";"5";""
"202400018949";"155748407";"A01";"3";"33";"0";"2";"1";"1";"1";""
"202400018950";"155748405";"A01";"3";"7";"0";"1";"5";"20";"2";""
"202400018951";"155748404";"A01";"0";"7";"0";"1";"1";"15";"1";""
"202400018952";"155748402";"A01";"2";"7";"0";"2";"3";"26";"1";""
"202400018952";"155748403";"B01";"2";"38";"0";"2";"3";"1";"1";"1"
"202400018953";"155748399";"A01";"2";"7";"0";"2";"1";"2";"0";""
"202400018953";"155748400";"B01";"2";"7";"0";"2";"1";"2";"0";""
"202400018953";"155748401";"C01";"2";"7";"0";"2";"4";"2";"0";""
"202400018954";"155748397";"A01";"3";"7";"0";"2";"4";"2";"1";""
"202400018954";"155748398";"B01";"3";"38";"0";"2";"1";"2";"1";"1"
"202400018955";"155748395";"A01";"2";"33";"0";"2";"7";"15";"1";""
"202400018955";"155748396";"B01";"1";"7";"0";"2";"2";"0";"1";""
"202400018956";"155748393";"A01";"2";"7";"0";"2";"3";"15";"1";""
"202400018956";"155748394";"B01";"2";"2";"0";"2";"1";"17";"1";""
"202400018957";"155748392";"A01";"1";"7";"6";"0";"1";"1";"1";""
"202400018958";"155748390";"A01";"1";"7";"0";"2";"3";"15";"1";""
"202400018958";"155748391";"B01";"2";"7";"0";"2";"8";"1";"1";""
"202400018959";"155748388";"B01";"2";"7";"0";"2";"4";"1";"1";""
"202400018959";"155748389";"A01";"2";"7";"0";"2";"1";"1";"1";""
"202400018960";"155748386";"A01";"2";"7";"0";"2";"3";"15";"1";""
"202400018960";"155748387";"B01";"1";"2";"0";"2";"8";"1";"1";""
"202400018961";"155748385";"A01";"2";"7";"0";"0";"9";"1";"1";""
"202400018962";"155748384";"A01";"2";"7";"8";"9";"1";"1";"1";""
"202400018963";"155748382";"A01";"2";"33";"0";"2";"1";"5";"1";""
"202400018963";"155748383";"B01";"1";"7";"0";"2";"1";"1";"1";""
"202400018964";"155748381";"A01";"2";"7";"2";"0";"2";"15";"1";""
"202400018965";"155748380";"A01";"0";"7";"0";"1";"4";"4";"1";""
"202400018966";"155748376";"A01";"1";"7";"0";"2";"1";"11";"1";""
"202400018966";"155748377";"D01";"2";"7";"0";"2";"1";"1";"1";""
"202400018966";"155748378";"C01";"2";"7";"0";"2";"1";"1";"1";""
"202400018966";"155748379";"B01";"2";"10";"0";"2";"1";"1";"1";""
"202400018967";"155748373";"B01";"0";"1";"0";"0";"1";"2";"5";""
"202400018967";"155748374";"A01";"0";"7";"0";"0";"3";"9";"1";""
"202400018968";"155748371";"A01";"3";"31";"0";"0";"3";"2";"1";""
"202400018968";"155748372";"B01";"0";"7";"0";"0";"3";"15";"1";""
"202400018969";"155748369";"A01";"3";"10";"0";"2";"1";"1";"1";""
"202400018969";"155748370";"B01";"3";"50";"0";"2";"8";"15";"3";""
"202400018970";"155748368";"A01";"3";"36";"13";"0";"9";"1";"1";""
"202400018971";"155748365";"B01";"1";"2";"0";"2";"1";"26";"1";""
"202400018971";"155748366";"A01";"3";"7";"0";"2";"2";"19";"1";""
"202400018972";"155748363";"B01";"1";"10";"0";"0";"3";"0";"1";""
"202400018972";"155748364";"A01";"2";"2";"0";"2";"1";"0";"1";""
"202400018973";"155748361";"A01";"3";"37";"0";"2";"2";"17";"1";"1"
"202400018973";"155748362";"B01";"3";"1";"0";"2";"8";"13";"5";""
"202400018974";"155748359";"A01";"1";"7";"0";"2";"1";"0";"1";""
"202400018974";"155748360";"B01";"1";"1";"0";"2";"1";"0";"5";""
"202400018975";"155748358";"A01";"1";"33";"0";"0";"9";"1";"1";""
"202400018976";"155748356";"A01";"1";"7";"0";"2";"1";"1";"1";""
"202400018976";"155748357";"B01";"1";"7";"0";"2";"6";"23";"1";""
"202400018977";"155748353";"A01";"1";"7";"0";"2";"4";"1";"1";""
"202400018977";"155748354";"B01";"1";"33";"0";"2";"2";"11";"1";""
"202400018978";"155748352";"A01";"1";"10";"4";"0";"2";"1";"1";""
"202400018979";"155748351";"A01";"1";"7";"4";"0";"1";"0";"1";""
"202400018980";"155748350";"A01";"1";"7";"4";"0";"3";"13";"1";""
"202400018981";"155748348";"A01";"2";"7";"0";"2";"1";"2";"1";""
"202400018981";"155748349";"B01";"2";"7";"0";"2";"4";"2";"2";""
"202400018982";"155748346";"B01";"2";"7";"0";"0";"4";"1";"1";""
"202400018982";"155748347";"A01";"2";"7";"0";"2";"1";"1";"1";""
"202400018983";"155748344";"A01";"1";"7";"0";"1";"3";"12";"1";""
"202400018983";"155748345";"T01";"1";"7";"0";"2";"0";"11";"1";""
"202400018984";"155748341";"C01";"1";"7";"0";"0";"8";"26";"1";""
"202400018984";"155748342";"B01";"1";"10";"0";"2";"3";"1";"1";""
"202400018984";"155748343";"A01";"1";"7";"1";"2";"3";"1";"1";""
"202400018985";"155748338";"A01";"1";"7";"2";"0";"1";"0";"0";""
"202400018986";"155748337";"A01";"1";"7";"0";"2";"1";"1";"1";""
"202400018986";"155748339";"B01";"1";"7";"0";"2";"4";"1";"1";""
"202400018986";"155748340";"C01";"1";"7";"0";"2";"4";"1";"1";""
"202400018987";"155748336";"A01";"1";"7";"8";"0";"0";"26";"1";""
"202400018988";"155748335";"A01";"1";"7";"3";"0";"1";"1";"1";""
"202400018989";"155748333";"A01";"2";"7";"0";"2";"5";"12";"1";""
"202400018989";"155748334";"B01";"1";"2";"0";"2";"3";"3";"1";""
"202400018990";"155748331";"A01";"1";"7";"4";"2";"2";"2";"1";""
"202400018990";"155748332";"B01";"1";"7";"4";"2";"6";"1";"1";""
"202400018991";"155748327";"A01";"2";"7";"0";"2";"4";"1";"1";""
"202400018991";"155748329";"B01";"2";"7";"0";"2";"1";"2";"1";""
"202400018991";"155748330";"C01";"2";"7";"0";"2";"1";"2";"1";""
"202400018992";"155748326";"A01";"2";"7";"1";"0";"1";"1";"1";""
"202400018992";"155748328";"B01";"2";"7";"0";"2";"4";"23";"1";""
"202400018993";"155748323";"A01";"2";"15";"0";"2";"4";"1";"1";""
"202400018993";"155748325";"B01";"2";"7";"0";"2";"1";"1";"1";""
"202400018994";"155748322";"A01";"2";"7";"0";"2";"5";"1";"1";""
"202400018994";"155748324";"B01";"2";"7";"0";"2";"3";"13";"1";""
"202400018995";"155748319";"A01";"2";"7";"0";"2";"4";"1";"1";""
"202400018995";"155748321";"B01";"2";"7";"0";"2";"1";"1";"1";""
"202400018996";"155748316";"A01";"2";"10";"0";"2";"8";"13";"1";""
"202400018996";"155748317";"B01";"2";"43";"0";"2";"7";"3";"1";""
"202400018997";"155748315";"C01";"1";"17";"0";"2";"6";"23";"1";""
"202400018997";"155748318";"A01";"1";"7";"1";"0";"3";"26";"1";""
"202400018997";"155748320";"B01";"1";"17";"0";"2";"5";"20";"6";""
"202400018998";"155748312";"A01";"2";"7";"14";"9";"1";"26";"1";""
"202400018999";"155748310";"D01";"0";"7";"0";"0";"0";"0";"1";""
"202400018999";"155748311";"A01";"1";"7";"0";"2";"4";"1";"1";""
"202400018999";"155748313";"B01";"1";"7";"0";"2";"1";"1";"1";""
"202400018999";"155748314";"C01";"1";"7";"0";"2";"1";"1";"1";""
"202400019000";"155748307";"A01";"0";"60";"0";"2";"0";"0";"5";""
"202400019000";"155748309";"B01";"1";"30";"0";"1";"2";"1";" -1";""
"202400019001";"155748306";"A01";"2";"7";"0";"2";"3";"2";"1";""
"202400019001";"155748308";"B01";"2";"7";"0";"2";"5";"1";"1";""
"202400019002";"155748303";"A01";"1";"7";"0";"9";"3";"1";"1";""
"202400019002";"155748305";"B01";"2";"1";"0";"2";"6";"2";"5";""
"202400019003";"155748301";"C01";"2";"7";"1";"0";"1";"1";"1";""
"202400019003";"155748302";"A01";"2";"99";"1";"0";"5";"23";"1";""
"202400019003";"155748304";"B01";"2";"10";"1";"0";"4";"23";"1";""
"202400019004";"155748300";"A01";"1";"7";"0";"1";"2";"15";"1";""
"202400019005";"155748296";"C01";"1";"10";"0";"2";"1";"2";"1";""
"202400019005";"155748298";"A01";"1";"7";"0";"2";"4";"1";"1";""
"202400019005";"155748299";"B01";"1";"7";"0";"2";"4";"2";"1";""
"202400019006";"155748295";"A01";"1";"7";"0";"9";"2";"1";"1";""
"202400019006";"155748297";"B01";"0";"99";"0";"9";"8";"0";"3";""
"202400019007";"155748293";"A01";"3";"7";"0";"1";"1";"18";"1";""
"202400019008";"155748291";"A01";"1";"7";"0";"2";"9";"1";"1";""
"202400019008";"155748292";"B01";"1";"7";"0";"2";"1";"1";"1";""
"202400019008";"155748294";"C01";"1";"7";"0";"2";"1";"1";"1";""
"202400019009";"155748288";"A01";"3";"7";"0";"2";"2";"15";"1";""
"202400019009";"155748290";"B01";"3";"33";"0";"2";"1";"26";"1";""
"202400019010";"155748285";"A01";"1";"33";"6";"0";"1";"17";"1";""
"202400019011";"155748284";"D01";"2";"10";"0";"2";"1";"2";"1";""
"202400019011";"155748286";"C01";"2";"10";"0";"2";"4";"23";"1";""
"202400019011";"155748287";"A01";"2";"7";"0";"2";"4";"23";"1";""
"202400019011";"155748289";"B01";"2";"7";"0";"2";"4";"23";"1";""
"202400019012";"155748282";"A01";"1";"7";"0";"1";"2";"1";"1";""
"202400019013";"155748281";"B01";"1";"7";"0";"2";"1";"2";"1";""
"202400019013";"155748283";"A01";"1";"7";"0";"2";"4";"1";"1";""
"202400019014";"155748279";"B01";"2";"7";"0";"2";"1";"1";"1";""
"202400019014";"155748280";"A01";"1";"7";"0";"2";"2";"1";"2";""
"202400019015";"155748277";"A01";"2";"7";"0";"2";"7";"12";"1";""
"202400019015";"155748278";"B01";"2";"33";"0";"2";"8";"3";"1";""
"202400019016";"155748276";"A01";"2";"7";"16";"0";"9";"21";"1";""
"202400019017";"155748274";"A01";"1";"33";"0";"2";"1";"1";"1";""
"202400019017";"155748275";"B01";"2";"10";"0";"0";"8";"15";"1";""
"202400019018";"155748272";"A01";"2";"10";"0";"2";"7";"12";"0";""
"202400019018";"155748273";"B01";"2";"33";"0";"2";"1";"3";"0";""
"202400019019";"155748271";"A01";"2";"33";"4";"0";"1";"15";"1";""
"202400019020";"155748268";"A01";"2";"33";"0";"2";"1";"3";"1";""
"202400019020";"155748269";"B01";"2";"7";"0";"2";"6";"11";"1";""
"202400019020";"155748270";"C01";"2";"7";"0";"2";"6";"1";"1";""
"202400019021";"155748267";"A01";"2";"7";"4";"0";"1";"21";"1";""
"202400019022";"155748266";"A01";"2";"7";"0";"2";"5";"11";"1";""
"202400019023";"155748263";"A01";"2";"7";"4";"0";"1";"1";"1";""
"202400019024";"155748262";"B01";"1";"7";"0";"2";"3";"1";"1";""
"202400019024";"155748264";"C01";"1";"7";"0";"2";"1";"1";"1";""
"202400019024";"155748265";"A01";"2";"7";"13";"2";"1";"17";"1";""
"202400019025";"155748258";"B01";"1";"1";"1";"0";"1";"0";"5";""
"202400019025";"155748260";"A01";"1";"10";"0";"0";"6";"24";"1";""
"202400019026";"155748257";"C01";"1";"7";"1";"2";"1";"1";"1";""
"202400019026";"155748259";"A01";"1";"7";"3";"2";"1";"13";"1";""
"202400019026";"155748261";"B01";"1";"7";"1";"2";"1";"1";"1";""
"202400019027";"155748256";"A01";"1";"7";"0";"0";"0";"14";"1";""
"202400019028";"155748254";"A01";"2";"7";"4";"2";"8";"13";"1";""
"202400019028";"155748255";"B01";"2";"37";"0";"2";"6";"1";"1";"1"
"202400019029";"155748252";"A01";"1";"33";"0";"0";"0";"0";"1";""
"202400019030";"155748251";"A01";"1";"33";"0";"2";"1";"26";"1";""
"202400019030";"155748253";"B01";"1";"2";"0";"2";"4";"0";"1";""
"202400019031";"155748250";"A01";"1";"41";"0";"0";"0";"0";"1";""
"202400019032";"155748249";"A01";"3";"50";"12";"0";"8";"1";"3";""
"202400019033";"155748247";"B01";"2";"7";"0";"2";"4";"23";"1";""
"202400019033";"155748248";"A01";"2";"60";"0";"2";"1";"2";"5";""
"202400019034";"155748245";"A01";"2";"7";"0";"2";"0";"13";"1";""
"202400019034";"155748246";"B01";"1";"7";"6";"2";"6";"1";"1";""
"202400019035";"155748243";"A01";"1";"43";"0";"2";"1";"12";"1";""
"202400019035";"155748244";"B01";"1";"7";"0";"2";"4";"12";"1";""
"202400019036";"155748238";"B01";"2";"7";"0";"2";"0";"1";"1";""
"202400019036";"155748241";"A01";"2";"7";"0";"2";"0";"23";"1";""
"202400019037";"155748239";"B01";"2";"7";"0";"2";"8";"11";"1";""
"202400019037";"155748242";"A01";"2";"34";"0";"2";"7";"17";"1";""
"202400019038";"155748237";"B01";"2";"33";"0";"2";"1";"17";"1";""
"202400019038";"155748240";"A01";"2";"7";"0";"2";"8";"10";"1";""
"202400019039";"155748235";"A01";"1";"7";"0";"1";"8";"1";"1";""
"202400019040";"155748234";"A01";"2";"7";"0";"1";"1";"1";"1";""
"202400019041";"155748233";"B01";"1";"10";"15";"2";"4";"15";"1";""
"202400019041";"155748236";"A01";"1";"7";"0";"2";"1";"1";"1";""
"202400019042";"155748232";"A01";"1";"7";"0";"1";"2";"1";"1";""
"202400019043";"155748231";"A01";"2";"7";"0";"1";"2";"26";"1";""
"202400019044";"155748230";"A01";"3";"7";"14";"1";"1";"2";"1";""
"202400019045";"155748228";"A01";"1";"34";"8";"2";"2";"17";"1";""
"202400019045";"155748229";"B01";"1";"7";"0";"2";"3";"1";"2";""
"202400019046";"155748227";"A01";"3";"7";"13";"0";"9";"19";"2";""
"202400019047";"155748225";"A01";"3";"7";"2";"0";"2";"17";"1";""
"202400019048";"155748223";"B01";"2";"1";"0";"2";"1";"26";"5";""
"202400019048";"155748226";"A01";"1";"7";"0";"2";"6";"26";"1";""
"202400019049";"155748222";"B01";"3";"7";"0";"2";"1";"1";"1";""
"202400019049";"155748224";"A01";"3";"7";"0";"2";"1";"15";"1";""
"202400019050";"155748221";"A01";"1";"7";"0";"1";"3";"1";"1";""
"202400019051";"155748218";"B01";"3";"7";"0";"2";"2";"15";"1";""
"202400019051";"155748220";"A01";"3";"50";"0";"2";"1";"19";"3";""
"202400019052";"155748217";"A01";"2";"7";"0";"1";"3";"15";"1";""
"202400019053";"155748216";"B01";"2";"33";"0";"2";"1";"1";"1";""
"202400019053";"155748219";"A01";"3";"10";"0";"2";"8";"15";"0";""
"202400019054";"155748215";"A01";"1";"7";"7";"0";"1";"14";"1";""
"202400019055";"155748212";"B01";"2";"7";"0";"2";"1";"1";"1";""
"202400019055";"155748214";"A01";"1";"7";"0";"2";"2";"1";"1";""
"202400019056";"155748211";"A01";"3";"7";"0";"2";"1";"1";"0";""
"202400019056";"155748213";"V01";"3";"7";"0";"2";"6";"0";"1";""
"202400019057";"155748210";"A01";"1";"34";"0";"1";"1";"1";"1";""
"202400019058";"155748209";"A01";"1";"50";"0";"0";"1";"1";"3";""
"202400019059";"155748208";"A01";"2";"7";"0";"0";"0";"1";"1";""
"202400019060";"155748205";"A01";"3";"32";"0";"2";"1";"16";"1";""
"202400019060";"155748206";"B01";"3";"7";"0";"2";"2";"15";"1";""
"202400019061";"155748203";"C01";"1";"10";"0";"2";"3";"16";"1";""
"202400019061";"155748207";"B01";"1";"43";"0";"2";"1";"2";"1";""
"202400019062";"155748201";"A01";"1";"7";"0";"2";"4";"2";"1";""
"202400019062";"155748204";"B01";"1";"7";"0";"2";"1";"2";"1";""
"202400019063";"155748200";"B01";"1";"10";"0";"9";"2";"1";"1";""
"202400019063";"155748202";"A01";"2";"30";"0";"2";"1";"19";"1";""
"202400019064";"155748197";"A01";"3";"33";"0";"2";"1";"1";"1";""
"202400019064";"155748198";"B01";"1";"7";"0";"2";"2";"15";"1";""
"202400019065";"155748196";"B01";"1";"13";"0";"2";"5";"15";"6";""
"202400019065";"155748199";"A01";"2";"33";"0";"2";"1";"1";"1";""
"202400019066";"155748191";"A01";"1";"7";"0";"2";"1";"2";"1";""
"202400019066";"155748193";"B01";"1";"7";"0";"2";"4";"2";"1";""
"202400019066";"155748195";"C01";"1";"7";"0";"2";"6";"2";"1";""
"202400019067";"155748190";"A01";"1";"7";"0";"2";"1";"2";"1";""
"202400019067";"155748192";"B01";"1";"38";"0";"2";"4";"2";"1";"1"
"202400019068";"155748187";"A01";"0";"7";"0";"1";"4";"26";"2";""
"202400019069";"155748184";"B01";"1";"7";"13";"2";"8";"1";"1";""
"202400019069";"155748186";"C01";"1";"7";"0";"2";"3";"1";"1";""
"202400019069";"155748188";"A01";"2";"7";"0";"2";"1";"13";"1";""
"202400019070";"155748185";"Z01";"1";"7";"0";"1";"0";"15";"0";""
"202400019071";"155748183";"A01";"3";"7";"0";"0";"2";"0";"1";""
"202400019072";"155748179";"A01";"1";"7";"0";"2";"1";"1";"1";""
"202400019072";"155748182";"B01";"1";"7";"0";"2";"4";"1";"1";""
"202400019073";"155748177";"B01";"3";"7";"0";"2";"1";"1";"1";""
"202400019073";"155748181";"A01";"3";"7";"0";"2";"1";"13";"1";""
"202400019074";"155748176";"A01";"2";"7";"0";"1";"3";"1";"1";""
"202400019075";"155748174";"A01";"3";"7";"15";"0";"1";"1";"1";""
"202400019076";"155748173";"A01";"3";"7";"1";"0";"1";"9";"1";""
"202400019077";"155748172";"B01";"1";"33";"0";"2";"1";"1";"1";""
"202400019077";"155748175";"A01";"3";"7";"0";"2";"1";"15";"1";""
"202400019078";"155748166";"A01";"1";"30";"0";"2";"1";"2";"1";""
"202400019078";"155748170";"B01";"1";"7";"0";"2";"5";"15";"1";""
"202400019079";"155748165";"B01";"2";"2";"0";"2";"2";"17";"1";""
"202400019079";"155748168";"A01";"2";"10";"0";"2";"3";"1";"1";""
"202400019080";"155748158";"A01";"1";"7";"0";"2";"1";"5";"1";""
"202400019080";"155748162";"B01";"2";"17";"0";"2";"1";"1";"1";""
"202400019081";"155748157";"A01";"2";"7";"0";"2";"7";"17";"1";""
"202400019081";"155748160";"C01";"1";"7";"0";"2";"1";"1";"3";""
"202400019081";"155748163";"B01";"2";"7";"15";"2";"8";"1";"1";""
"202400019082";"155748154";"A01";"2";"7";"0";"2";"5";"26";"1";""
"202400019082";"155748155";"B01";"1";"7";"0";"2";"2";"26";"1";""
"202400019083";"155748153";"A01";"2";"33";"0";"2";"1";"1";"1";""
"202400019083";"155748156";"B01";"1";"7";"0";"2";"7";"1";"1";""
"202400019084";"155748152";"A01";"3";"7";"0";"1";"1";"1";"1";""
"202400019085";"155748150";"A01";"2";"7";"1";"0";"1";"14";"1";""
"202400019086";"155748148";"A01";"2";"7";"0";"2";"2";"1";"1";""
"202400019086";"155748151";"B01";"3";"50";"0";"2";"7";"1";"3";""
"202400019087";"155748147";"A01";"1";"7";"1";"0";"1";"1";"1";""
"202400019088";"155748146";"B01";"0";"7";"0";"2";"7";"0";"1";""
"202400019088";"155748149";"A01";"0";"7";"0";"2";"1";"19";"1";""
"202400019089";"155748143";"A01";"1";"7";"0";"2";"1";"0";"1";""
"202400019089";"155748145";"B01";"2";"7";"0";"2";"2";"0";"1";""
"202400019090";"155748142";"B01";"1";"33";"0";"2";"1";"26";"1";""
"202400019090";"155748144";"A01";"1";"7";"0";"2";"4";"15";"1";""
"202400019091";"155748141";"A01";"1";"7";"0";"1";"1";"1";"1";""
"202400019092";"155748136";"A01";"3";"10";"0";"2";"1";"2";"1";""
"202400019092";"155748139";"B01";"3";"7";"0";"2";"9";"2";"1";""
"202400019092";"155748140";"C01";"3";"7";"0";"0";"0";"24";"2";""
"202400019093";"155748135";"B01";"3";"50";"0";"2";"6";"2";"3";""
"202400019093";"155748137";"A01";"3";"10";"0";"2";"1";"2";"1";""
"202400019094";"155748134";"A01";"1";"7";"0";"2";"6";"16";"1";""
"202400019094";"155748138";"B01";"1";"33";"0";"2";"2";"1";"1";""
"202400019095";"155748133";"A01";"2";"7";"0";"1";"3";"1";"3";""
"202400019096";"155748132";"A01";"3";"2";"0";"0";"7";"21";"1";""
"202400019097";"155748131";"A01";"2";"7";"4";"0";"3";"21";"1";""
"202400019098";"155748129";"B01";"1";"7";"0";"2";"4";"23";"1";""
"202400019098";"155748130";"A01";"1";"7";"0";"2";"1";"2";"1";""
"202400019099";"155748128";"A01";"1";"7";"0";"1";"1";"19";"1";""
"202400019100";"155748127";"A01";"3";"7";"0";"1";"2";"1";"1";""
"202400019101";"155748124";"A01";"1";"30";"0";"2";"1";"1";"1";""
"202400019101";"155748126";"B01";"2";"7";"0";"2";"7";"15";"1";""
"202400019102";"155748122";"A01";"1";"7";"0";"2";"3";"13";"1";""
"202400019102";"155748125";"B01";"2";"7";"0";"2";"3";"1";"1";""
"202400019103";"155748123";"A01";"3";"7";"8";"0";"1";"6";"0";""
"202400019104";"155748120";"B01";"1";"7";"0";"2";"3";"1";"1";""
"202400019104";"155748121";"A01";"1";"30";"0";"2";"1";"6";"1";""
"202400019105";"155748118";"A01";"1";"7";"0";"1";"1";"26";"1";""
"202400019106";"155748117";"A01";"3";"7";"0";"2";"1";"2";"1";""
"202400019106";"155748119";"B01";"3";"30";"0";"2";"1";"2";"1";""
"202400019107";"155748116";"A01";"1";"7";"1";"0";"2";"1";"1";""
"202400019108";"155748115";"A01";"1";"7";"2";"0";"2";"15";"1";""
"202400019109";"155748112";"A01";"2";"7";"0";"2";"1";"13";"1";""
"202400019109";"155748113";"B01";"1";"7";"1";"2";"5";"19";"1";""
"202400019110";"155748110";"A01";"1";"7";"0";"2";"7";"26";"1";""
"202400019110";"155748114";"B01";"1";"33";"0";"2";"1";"26";"1";""
"202400019111";"155748109";"B01";"1";"2";"0";"2";"1";"1";"1";""
"202400019111";"155748111";"A01";"1";"7";"0";"2";"3";"9";"1";""
"202400019112";"155748107";"A01";"3";"7";"0";"2";"3";"13";"1";""
"202400019112";"155748108";"B01";"3";"7";"0";"2";"3";"1";"3";""
"202400019113";"155748105";"A01";"3";"7";"3";"0";"9";"13";"1";""
"202400019114";"155748104";"A01";"1";"7";"0";"2";"2";"15";"1";""
"202400019114";"155748106";"B01";"2";"1";"0";"2";"1";"2";"5";""
"202400019115";"155748102";"B01";"1";"7";"9";"2";"1";"1";"1";""
"202400019115";"155748103";"A01";"1";"80";"0";"2";"6";"15";"3";""
"202400019116";"155748098";"A01";"3";"33";"0";"2";"0";"0";"1";""
"202400019116";"155748101";"B01";"3";"10";"0";"2";"3";"0";"0";""
"202400019117";"155748099";"A01";"2";"1";"0";"2";"0";"0";"5";""
"202400019117";"155748100";"B01";"2";"7";"0";"2";"8";"0";"0";""
"202400019118";"155748096";"B01";"1";"50";"0";"2";"5";"1";"3";""
"202400019118";"155748097";"A01";"1";"7";"0";"2";"2";"9";"1";""
"202400019119";"155748095";"A01";"1";"50";"0";"9";"1";"1";"3";""
"202400019120";"155748093";"A01";"1";"7";"0";"1";"1";"1";"1";""
"202400019121";"155748092";"A01";"1";"7";"1";"0";"2";"1";"1";""
"202400019121";"155748094";"B01";"1";"7";"0";"2";"6";"24";"1";""
"202400019122";"155748090";"A01";"3";"7";"2";"0";"2";"26";"1";""
"202400019123";"155748089";"B01";"1";"7";"0";"2";"5";"1";"1";""
"202400019123";"155748091";"A01";"1";"30";"0";"2";"2";"2";"1";""
"202400019124";"155748088";"A01";"3";"30";"0";"0";"1";"0";"1";""
"202400019125";"155748085";"A01";"1";"1";"0";"0";"0";"0";"5";""
"202400019126";"155748086";"A01";"2";"7";"0";"1";"4";"26";"1";""
"202400019127";"155748084";"A01";"2";"7";"0";"2";"1";"1";"1";""
"202400019127";"155748087";"B01";"1";"7";"0";"2";"7";"1";"1";""
"202400019128";"155748082";"A01";"1";"30";"0";"0";"0";"26";"3";""
"202400019129";"155748081";"A01";"3";"7";"0";"1";"1";"16";"1";""
"202400019130";"155748076";"C01";"2";"7";"0";"2";"4";"23";"1";""
"202400019130";"155748079";"B01";"2";"7";"1";"2";"4";"23";"1";""
"202400019130";"155748080";"A01";"2";"7";"1";"0";"1";"2";"1";""
"202400019130";"155748083";"E01";"2";"7";"0";"2";"4";"23";"1";""
"202400019131";"155748075";"A01";"2";"7";"0";"2";"3";"1";"2";""
"202400019131";"155748077";"B01";"2";"7";"0";"2";"6";"1";"0";""
"202400019132";"155748071";"D01";"2";"7";"0";"2";"4";"23";"1";""
"202400019132";"155748072";"A01";"2";"7";"0";"2";"1";"1";"1";""
"202400019132";"155748074";"B01";"2";"7";"0";"2";"4";"23";"1";""
"202400019132";"155748078";"C01";"2";"7";"0";"2";"4";"23";"2";""
"202400019133";"155748070";"A01";"2";"99";"0";"2";"1";"1";"0";""
"202400019133";"155748073";"B01";"2";"7";"0";"2";"2";"1";"1";""
"202400019134";"155748069";"A01";"3";"7";"8";"0";"1";"1";"1";""