"Num_Acc";"id_vehicule";"num_veh";"senc";"catv";"obs";"obsm";"choc";"manv";"motor";"occutc"
"202400019135";"155748066";"A01";"1";"7";"0";"9";"1";"2";"1";""
"202400019135";"155748068";"B01";"1";"50";"0";"0";"0";"0";"3";""
"202400019136";"155748065";"A01";"3";"7";"0";"1";"1";"13";"1";""
"202400019137";"155748064";"A01";"1";"32";"0";"2";"1";"2";"1";""
"202400019137";"155748067";"B01";"1";"7";"0";"2";"4";"2";"1";""
"202400019138";"155748060";"B01";"1";"7";"0";"2";"1";"1";"1";""
"202400019138";"155748063";"A01";"2";"7";"0";"2";"7";"1";"1";""
"202400019139";"155748059";"Z01";"1";"0";"0";"2";"0";"0";"0";""
"202400019139";"155748062";"A01";"1";"7";"0";"2";"3";"26";"1";""
"202400019140";"155748058";"B01";"1";"50";"0";"2";"5";"15";"3";""
"202400019140";"155748061";"A01";"1";"10";"0";"9";"1";"2";"0";""
"202400019141";"155748057";"A01";"2";"1";"0";"0";"1";"1";"5";""
"202400019142";"155748052";"B01";"2";"32";"1";"2";"2";"1";"1";""
"202400019142";"155748055";"A01";"2";"7";"0";"2";"3";"9";"2";""
"202400019143";"155748048";"A01";"1";"7";"0";"2";"2";"9";"1";""
"202400019143";"155748050";"D01";"1";"7";"1";"0";"6";"2";"1";""
"202400019143";"155748053";"B01";"1";"34";"0";"2";"1";"9";"1";""
"202400019143";"155748054";"C01";"1";"33";"0";"2";"1";"1";"1";""
"202400019143";"155748056";"E01";"2";"7";"0";"2";"1";"5";"1";""
"202400019144";"155748047";"A01";"2";"32";"0";"0";"0";"1";"1";""
"202400019145";"155748049";"A01";"3";"1";"0";"2";"1";"1";"5";""
"202400019145";"155748051";"B01";"3";"7";"0";"2";"0";"0";"1";""
"202400019146";"155748046";"A01";"1";"7";"6";"0";"1";"13";"1";""
"202400019147";"155748044";"A01";"3";"7";"0";"1";"2";"19";"1";""
"202400019148";"155748045";"A01";"1";"7";"8";"0";"1";"1";"1";""
"202400019149";"155748042";"B01";"0";"7";"1";"0";"0";"0";"1";""
"202400019149";"155748043";"A01";"3";"7";"1";"0";"0";"0";"1";""
"202400019150";"155748038";"A01";"2";"7";"0";"2";"3";"15";"1";""
"202400019150";"155748041";"B01";"1";"1";"0";"2";"3";"1";"5";""
"202400019151";"155748036";"A01";"0";"7";"0";"2";"1";"0";"0";""
"202400019151";"155748040";"B01";"0";"60";"0";"2";"8";"1";"5";""
"202400019152";"155748034";"A01";"2";"7";"13";"0";"8";"1";"1";""
"202400019153";"155748032";"B01";"1";"33";"0";"2";"7";"1";"1";""
"202400019153";"155748035";"A01";"1";"7";"0";"2";"3";"15";"1";""
"202400019154";"155748030";"A01";"1";"7";"0";"2";"1";"1";"1";""
"202400019154";"155748033";"B01";"1";"10";"0";"2";"4";"12";"1";""
"202400019155";"155748029";"A01";"3";"7";"0";"2";"2";"20";"1";""
"202400019155";"155748031";"B01";"3";"2";"0";"2";"8";"1";"1";""
"202400019156";"155748028";"A01";"3";"7";"0";"1";"1";"16";"3";""
"202400019157";"155748026";"A01";"1";"7";"0";"1";"3";"13";"1";""
"202400019158";"155748025";"A01";"2";"7";"0";"2";"8";"13";"1";""
"202400019158";"155748027";"B01";"1";"17";"0";"2";"6";"1";"1";""
"202400019159";"155748022";"A01";"2";"43";"11";"0";"8";"1";"1";""
"202400019160";"155748023";"B01";"3";"7";"0";"2";"7";"15";"2";""
"202400019160";"155748024";"A01";"3";"7";"0";"2";"1";"1";"1";""
"202400019161";"155748020";"A01";"1";"7";"0";"2";"0";"0";"0";""
"202400019161";"155748021";"B01";"1";"1";"0";"2";"6";"1";"5";""
"202400019162";"155748017";"B01";"1";"1";"0";"2";"2";"3";"5";""
"202400019162";"155748019";"A01";"2";"7";"0";"2";"2";"9";"1";""
"202400019163";"155748016";"A01";"3";"10";"0";"4";"6";"26";"1";""
"202400019163";"155748018";"B01";"3";"40";"0";"2";"1";"1";"0";""
"202400019164";"155748015";"A01";"2";"7";"2";"0";"1";"17";"1";""
"202400019165";"155748014";"A01";"2";"7";"0";"1";"2";"1";"1";""
"202400019166";"155748012";"A01";"3";"7";"1";"1";"4";"20";"1";""
"202400019167";"155748010";"A01";"1";"7";"13";"0";"3";"1";"1";""
"202400019168";"155748008";"B01";"2";"7";"0";"9";"4";"1";"1";""
"202400019168";"155748011";"C01";"2";"7";"0";"2";"1";"1";"1";""
"202400019168";"155748013";"A01";"2";"10";"0";"2";"1";"1";"1";""
"202400019169";"155748003";"A01";"1";"7";"0";"0";"4";"1";"6";""
"202400019169";"155748005";"B01";"1";"7";"0";"2";"1";"1";"1";""
"202400019169";"155748007";"C01";"1";"33";"0";"2";"1";"1";"1";""
"202400019170";"155748002";"A01";"2";"13";"0";"2";"2";"12";"1";""
"202400019170";"155748004";"B01";"2";"7";"0";"2";"6";"1";"1";""
"202400019170";"155748006";"C01";"2";"7";"0";"2";"4";"1";"2";""
"202400019170";"155748009";"D01";"2";"7";"0";"2";"2";"1";"2";""
"202400019171";"155748000";"A01";"1";"2";"6";"0";"2";"14";"1";""
"202400019172";"155747997";"A01";"1";"7";"0";"2";"1";"1";"2";""
"202400019172";"155747998";"B01";"1";"7";"0";"2";"4";"1";"1";""
"202400019173";"155747995";"A01";"3";"7";"0";"2";"5";"16";"1";""
"202400019173";"155747996";"B01";"3";"1";"0";"2";"1";"1";"5";""
"202400019174";"155747993";"A01";"2";"33";"0";"2";"1";"3";"1";""
"202400019174";"155747994";"B01";"2";"7";"0";"2";"6";"1";"1";""
"202400019175";"155747999";"A01";"1";"7";"0";"2";"1";"2";"1";""
"202400019175";"155748001";"B01";"1";"7";"0";"2";"4";"1";"1";""
"202400019176";"155747991";"B01";"1";"7";"0";"2";"3";"1";"1";""
"202400019176";"155747992";"A01";"2";"7";"0";"2";"3";"1";"1";""
"202400019177";"155747989";"A01";"1";"34";"12";"0";"1";"1";"1";""
"202400019178";"155747988";"A01";"0";"7";"0";"1";"1";"26";"1";""
"202400019179";"155747986";"A01";"2";"33";"0";"2";"1";"21";"1";""
"202400019179";"155747987";"B01";"2";"43";"0";"2";"4";"23";"1";""
"202400019180";"155747980";"A01";"1";"80";"1";"0";"7";"1";"3";""
"202400019180";"155747982";"B01";"1";"10";"0";"2";"3";"22";"1";""
"202400019181";"155747979";"A01";"1";"7";"0";"2";"1";"13";"1";""
"202400019181";"155747981";"C01";"2";"7";"0";"2";"4";"2";"2";""
"202400019181";"155747983";"B01";"2";"7";"0";"2";"1";"0";"1";""
"202400019181";"155747984";"D01";"2";"10";"0";"2";"1";"2";"1";""
"202400019182";"155747985";"B01";"0";"60";"0";"2";"1";"19";"5";""
"202400019182";"155747990";"A01";"1";"10";"12";"2";"7";"1";"1";""
"202400019183";"155747978";"A01";"1";"10";"0";"1";"1";"15";"1";""
"202400019184";"155747977";"A01";"2";"7";"0";"1";"2";"1";"2";""
"202400019185";"155747976";"A01";"1";"7";"8";"0";"2";"14";"1";""
"202400019186";"155747974";"A01";"2";"10";"0";"0";"9";"1";"1";""
"202400019187";"155747971";"A01";"3";"1";"0";"2";"1";"18";"5";""
"202400019187";"155747973";"B01";"3";"1";"0";"2";"4";"14";"5";""
"202400019188";"155747970";"A01";"1";"36";"0";"6";"1";"0";"1";""
"202400019189";"155747972";"B01";"1";"7";"0";"2";"5";"1";"1";""
"202400019189";"155747975";"A01";"1";"33";"0";"2";"1";"11";"1";""
"202400019190";"155747968";"B01";"3";"7";"0";"2";"2";"15";"0";""
"202400019190";"155747969";"A01";"1";"3";"0";"2";"2";"1";"1";""
"202400019191";"155747967";"A01";"2";"7";"0";"1";"1";"1";"2";""
"202400019192";"155747965";"B01";"2";"7";"0";"2";"1";"1";"1";""
"202400019192";"155747966";"A01";"1";"7";"0";"2";"1";"13";"1";""
"202400019193";"155747963";"B01";"1";"1";"0";"2";"1";"1";"5";""
"202400019193";"155747964";"A01";"1";"7";"0";"2";"2";"1";"1";""
"202400019194";"155747962";"A01";"1";"7";"0";"1";"2";"1";"1";""
"202400019195";"155747960";"A01";"1";"7";"9";"0";"1";"10";"1";""
"202400019196";"155747961";"A01";"3";"7";"8";"0";"2";"16";"1";""
"202400019197";"155747959";"A01";"1";"80";"0";"1";"1";"1";"3";""
"202400019198";"155747956";"B01";"2";"3";"4";"2";"1";"1";"1";""
"202400019198";"155747958";"A01";"1";"7";"4";"2";"3";"1";"1";""
"202400019199";"155747954";"A01";"1";"1";"0";"0";"0";"1";"5";""
"202400019200";"155747953";"A01";"1";"7";"0";"1";"3";"1";"1";""
"202400019201";"155747951";"A01";"1";"7";"0";"2";"1";"1";"1";""
"202400019201";"155747952";"B01";"1";"7";"0";"2";"4";"1";"1";""
"202400019202";"155747948";"A01";"2";"7";"0";"2";"1";"1";"1";""
"202400019202";"155747950";"B01";"1";"10";"0";"2";"1";"5";"1";""
"202400019203";"155747949";"Z01";"2";"1";"0";"1";"1";"1";"5";""
"202400019204";"155747944";"B01";"2";"7";"0";"2";"4";"2";"1";""
"202400019204";"155747945";"C01";"2";"7";"0";"2";"4";"2";"1";""
"202400019204";"155747947";"A01";"2";"7";"0";"2";"1";"2";"1";""
"202400019205";"155747943";"A01";"1";"1";"0";"1";"3";"5";"5";""
"202400019206";"155747942";"A01";"1";"10";"0";"1";"2";"1";"1";""
"202400019207";"155747939";"B01";"2";"7";"0";"2";"3";"15";"1";""
"202400019207";"155747941";"A01";"2";"1";"0";"2";"7";"1";"5";""
"202400019208";"155747938";"A01";"2";"10";"0";"2";"3";"9";"1";""
"202400019208";"155747940";"B01";"2";"1";"0";"2";"1";"1";"5";""
"202400019209";"155747936";"A01";"2";"7";"0";"2";"3";"15";"1";""
"202400019209";"155747937";"B01";"1";"30";"0";"2";"1";"1";"1";""
"202400019210";"155747934";"B01";"1";"37";"0";"2";"4";"26";"1";"1"
"202400019210";"155747935";"A01";"1";"7";"0";"2";"1";"2";"1";""
"202400019211";"155747932";"A01";"1";"10";"1";"1";"3";"26";"3";""
"202400019212";"155747930";"A01";"1";"7";"0";"0";"4";"2";"1";""
"202400019212";"155747933";"B01";"1";"7";"0";"0";"1";"2";"1";""
"202400019213";"155747929";"A01";"2";"7";"0";"2";"0";"17";"1";""
"202400019213";"155747931";"B01";"2";"7";"0";"2";"8";"2";"1";""
"202400019214";"155747927";"A01";"1";"7";"0";"1";"3";"19";"1";""
"202400019215";"155747926";"B01";"1";"31";"0";"2";"1";"0";"1";""
"202400019215";"155747928";"A01";"1";"7";"0";"2";"3";"0";"1";""
"202400019216";"155747925";"A01";"2";"50";"0";"1";"1";"5";"3";""
"202400019217";"155747922";"B01";"2";"33";"0";"2";"1";"17";"1";""
"202400019217";"155747924";"A01";"2";"10";"0";"2";"3";"15";"1";""
"202400019218";"155747923";"A01";"1";"33";"0";"1";"2";"21";"1";""
"202400019219";"155747921";"A01";"2";"7";"0";"0";"9";"14";"1";""
"202400019220";"155747918";"B01";"2";"50";"0";"2";"1";"2";"3";""
"202400019220";"155747920";"A01";"2";"10";"0";"2";"8";"2";"3";""
"202400019221";"155747917";"A01";"2";"33";"0";"0";"5";"1";"1";""
"202400019222";"155747916";"A01";"1";"7";"13";"0";"6";"19";"0";""
"202400019222";"155747919";"B01";"1";"7";"13";"2";"1";"1";"1";""
"202400019223";"155747915";"A01";"0";"1";"0";"0";"0";"26";"5";""
"202400019224";"155747913";"A01";"2";"7";"4";"0";"7";"0";"1";""
"202400019225";"155747911";"A01";"2";"30";"0";"2";"1";"16";"1";""
"202400019225";"155747912";"B01";"2";"7";"0";"2";"7";"16";"1";""
"202400019226";"155747910";"B01";"3";"3";"0";"1";"2";"23";"1";""
"202400019226";"155747914";"A01";"3";"7";"0";"2";"2";"1";"6";""
"202400019227";"155747908";"A01";"1";"7";"0";"0";"4";"15";"1";""
"202400019227";"155747909";"B01";"1";"7";"0";"2";"1";"1";"1";""
"202400019228";"155747905";"A01";"2";"1";"0";"0";"0";"1";"5";""
"202400019229";"155747906";"A01";"1";"7";"8";"0";"1";"1";"2";""
"202400019230";"155747907";"A01";"3";"7";"0";"1";"1";"19";"1";""
"202400019231";"155747903";"A01";"1";"7";"8";"0";"1";"1";"1";""
"202400019232";"155747902";"A01";"1";"7";"2";"1";"3";"25";"1";""
"202400019233";"155747900";"A01";"1";"7";"0";"2";"1";"1";"1";""
"202400019233";"155747901";"C01";"2";"7";"0";"0";"1";"1";"1";""
"202400019233";"155747904";"B01";"2";"7";"0";"0";"1";"1";"1";""
"202400019234";"155747898";"A01";"2";"7";"0";"1";"1";"2";"1";""
"202400019235";"155747896";"A01";"0";"7";"0";"2";"1";"1";"1";""
"202400019235";"155747899";"B01";"0";"7";"0";"2";"8";"1";"1";""
"202400019236";"155747895";"A01";"1";"7";"1";"0";"1";"1";"1";""
"202400019236";"155747897";"B01";"2";"7";"0";"2";"3";"26";"1";""
"202400019237";"155747892";"B01";"1";"2";"0";"2";"1";"0";"1";""
"202400019237";"155747894";"A01";"1";"10";"0";"2";"2";"0";"1";""
"202400019238";"155747891";"A01";"1";"1";"0";"2";"1";"1";"5";""
"202400019238";"155747893";"B01";"1";"7";"0";"2";"4";"23";"1";""
"202400019239";"155747889";"A01";"2";"3";"1";"0";"1";"14";"1";""
"202400019239";"155747890";"B01";"1";"7";"0";"0";"5";"24";"1";""
"202400019240";"155747888";"A01";"2";"7";"4";"0";"1";"9";"1";""
"202400019241";"155747886";"A01";"1";"7";"0";"2";"1";"19";"1";""
"202400019241";"155747887";"B01";"2";"32";"0";"2";"8";"1";"3";""
"202400019242";"155747885";"A01";"1";"33";"0";"0";"8";"12";"1";""
"202400019243";"155747882";"B01";"1";"33";"0";"2";"7";"2";"1";""
"202400019243";"155747884";"A01";"1";"31";"0";"2";"3";"11";"1";""
"202400019244";"155747881";"A01";"1";"7";"0";"1";"1";"1";"0";""
"202400019245";"155747880";"B01";"1";"50";"0";"0";"0";"0";"3";""
"202400019245";"155747883";"A01";"1";"7";"0";"0";"0";"1";"1";""
"202400019246";"155747878";"A01";"1";"7";"0";"1";"1";"1";"1";""
"202400019247";"155747877";"A01";"1";"7";"0";"1";"1";"9";"1";""
"202400019248";"155747873";"A01";"2";"10";"0";"2";"1";"2";"1";""
"202400019248";"155747875";"B01";"2";"7";"0";"2";"4";"2";"1";""
"202400019248";"155747876";"C01";"2";"7";"3";"2";"4";"2";"1";""
"202400019248";"155747879";"D01";"2";"7";"0";"0";"4";"2";"1";""
"202400019249";"155747874";"A01";"2";"40";"0";"1";"2";"1";"3";""
"202400019250";"155747870";"A01";"1";"31";"0";"2";"2";"21";"1";""
"202400019250";"155747872";"B01";"1";"7";"0";"2";"2";"15";"1";""
"202400019251";"155747868";"A01";"0";"7";"0";"2";"3";"13";"1";""
"202400019251";"155747871";"B01";"0";"7";"0";"2";"3";"1";"1";""
"202400019252";"155747869";"A01";"1";"7";"0";"1";"1";"16";"1";""
"202400019253";"155747866";"A01";"0";"7";"0";"1";"2";"1";"1";""
"202400019254";"155747865";"A01";"1";"7";"0";"2";"3";"9";"1";""
"202400019254";"155747867";"B01";"1";"1";"0";"2";"1";"1";"5";""
"202400019255";"155747863";"A01";"2";"1";"0";"2";"6";"1";"5";""
"202400019255";"155747864";"B01";"1";"2";"0";"2";"1";"1";"3";""
"202400019256";"155747861";"A01";"0";"7";"0";"1";"3";"1";"2";""
"202400019257";"155747860";"A01";"2";"2";"0";"0";"7";"16";"1";""
"202400019258";"155747858";"B01";"3";"7";"0";"2";"2";"0";"2";""
"202400019258";"155747862";"A01";"3";"10";"0";"2";"3";"1";"1";""
"202400019259";"155747857";"A01";"2";"2";"1";"0";"1";"1";"3";""
"202400019260";"155747856";"A01";"3";"7";"1";"0";"2";"21";"1";""
"202400019260";"155747859";"B01";"3";"15";"0";"0";"6";"23";"1";""
"202400019261";"155747853";"A01";"2";"30";"0";"2";"1";"5";"1";""
"202400019261";"155747855";"B01";"3";"7";"0";"2";"1";"1";"1";""
"202400019262";"155747852";"B01";"2";"10";"0";"2";"7";"16";"1";""
"202400019262";"155747854";"A01";"2";"31";"0";"2";"8";"18";"1";""
"202400019263";"155747849";"A01";"1";"7";"0";"2";"3";"13";"1";""
"202400019263";"155747851";"B01";"2";"7";"0";"2";"3";"1";"1";""
"202400019264";"155747848";"B01";"1";"7";"7";"0";"6";"15";"1";""
"202400019264";"155747850";"A01";"1";"7";"0";"2";"2";"17";"1";""
"202400019265";"155747846";"B01";"1";"33";"0";"2";"3";"1";"1";""
"202400019265";"155747847";"A01";"1";"1";"0";"2";"1";"19";"5";""
"202400019266";"155747844";"A01";"1";"7";"6";"0";"1";"1";"1";""
"202400019267";"155747843";"B01";"1";"1";"0";"0";"1";"1";"5";""
"202400019267";"155747845";"A01";"2";"7";"0";"9";"2";"15";"1";""
"202400019268";"155747842";"A01";"1";"31";"0";"1";"1";"1";"1";""
"202400019269";"155747841";"A01";"2";"7";"0";"1";"1";"16";"1";""
"202400019270";"155747839";"A01";"1";"2";"0";"2";"1";"1";"1";""
"202400019270";"155747840";"B01";"1";"7";"0";"2";"3";"1";"1";""
"202400019271";"155747838";"A01";"2";"1";"0";"2";"7";"1";"5";""
"202400019272";"155747837";"A01";"0";"10";"0";"1";"2";"1";"1";""
"202400019273";"155747835";"A01";"1";"99";"0";"2";"2";"9";"1";""
"202400019273";"155747836";"B01";"2";"33";"0";"2";"2";"1";"1";""
"202400019274";"155747833";"A01";"2";"7";"0";"1";"1";"15";"2";""
"202400019275";"155747831";"A01";"0";"7";"0";"0";"6";"1";"1";""
"202400019275";"155747834";"B01";"0";"10";"0";"2";"1";"15";"1";""
"202400019276";"155747830";"A01";"1";"7";"0";"2";"0";"13";"1";""
"202400019276";"155747832";"B01";"2";"7";"0";"2";"1";"1";"1";""
"202400019277";"155747826";"A01";"0";"7";"0";"1";"1";"1";"1";""
"202400019278";"155747825";"D01";"2";"7";"0";"2";"4";"1";"1";""
"202400019278";"155747827";"A01";"2";"10";"0";"2";"1";"1";"1";""
"202400019278";"155747828";"B01";"2";"7";"0";"2";"4";"1";"1";""
"202400019278";"155747829";"C01";"2";"7";"0";"2";"4";"1";"1";""
"202400019279";"155747822";"B01";"1";"2";"0";"2";"1";"1";"3";""
"202400019279";"155747824";"A01";"2";"10";"1";"2";"1";"1";"1";""
"202400019280";"155747820";"A01";"2";"7";"0";"1";"5";"1";"1";""
"202400019281";"155747819";"Z01";"0";"0";"0";"2";"0";"1";"0";""
"202400019281";"155747821";"A01";"1";"30";"0";"2";"0";"9";"1";""
"202400019282";"155747818";"A01";"2";"7";"6";"0";"1";"1";"1";""
"202400019283";"155747815";"A01";"2";"1";"0";"2";"1";"1";"5";""
"202400019283";"155747817";"B01";"1";"7";"0";"2";"2";"15";"3";""
"202400019284";"155747813";"A01";"1";"7";"3";"0";"0";"2";"1";""
"202400019285";"155747814";"B01";"2";"7";"0";"2";"3";"15";"1";""
"202400019285";"155747816";"A01";"1";"7";"0";"2";"1";"1";"1";""
"202400019286";"155747812";"A01";"3";"7";"9";"0";"2";"26";"1";""
"202400019287";"155747809";"A01";"2";"10";"0";"2";"1";"15";"1";""
"202400019287";"155747811";"B01";"1";"33";"0";"2";"1";"1";"1";""
"202400019288";"155747808";"B01";"2";"7";"0";"2";"8";"15";"1";""
"202400019288";"155747810";"A01";"2";"10";"13";"2";"2";"17";"1";""
"202400019289";"155747806";"A01";"1";"50";"0";"0";"1";"1";"3";""
"202400019290";"155747805";"B01";"0";"99";"0";"2";"3";"0";"5";""
"202400019290";"155747807";"A01";"1";"7";"0";"2";"3";"15";"1";""
"202400019291";"155747804";"A01";"2";"7";"0";"1";"3";"16";"1";""
"202400019292";"155747801";"A01";"2";"7";"0";"2";"1";"1";"1";""
"202400019292";"155747803";"B01";"1";"7";"0";"2";"1";"13";"1";""
"202400019293";"155747800";"A01";"2";"2";"0";"2";"1";"2";"3";""
"202400019293";"155747802";"B01";"2";"7";"0";"2";"4";"2";"1";""
"202400019294";"155747798";"A01";"1";"7";"0";"2";"1";"0";"1";""
"202400019294";"155747799";"B01";"2";"7";"0";"2";"1";"26";"1";""
"202400019295";"155747795";"A01";"1";"33";"8";"0";"9";"1";"1";""
"202400019296";"155747796";"A01";"1";"7";"0";"1";"2";"1";"1";""
"202400019297";"155747794";"B01";"1";"50";"0";"9";"7";"26";"3";""
"202400019297";"155747797";"A01";"1";"7";"0";"2";"1";"9";"1";""
"202400019298";"155747789";"B01";"2";"7";"0";"2";"1";"1";"1";""
"202400019298";"155747791";"A01";"2";"7";"17";"2";"1";"5";"1";""
"202400019299";"155747790";"B01";"1";"7";"0";"2";"1";"1";"1";""
"202400019299";"155747793";"A01";"1";"1";"0";"0";"4";"1";"5";""
"202400019300";"155747787";"A01";"1";"7";"0";"2";"2";"26";"1";""
"202400019300";"155747788";"B01";"1";"7";"0";"2";"3";"0";"1";""
"202400019300";"155747792";"C01";"1";"7";"0";"2";"1";"1";"1";""
"202400019301";"155747784";"B01";"2";"7";"0";"2";"1";"1";"1";""
"202400019301";"155747786";"A01";"1";"7";"0";"2";"1";"5";"1";""
"202400019302";"155747783";"A01";"3";"7";"1";"0";"1";"14";"3";""
"202400019303";"155747781";"A01";"1";"7";"13";"0";"2";"1";"1";""
"202400019304";"155747782";"B01";"1";"31";"0";"2";"3";"1";"1";""
"202400019304";"155747785";"A01";"1";"7";"0";"2";"3";"21";"1";""
"202400019305";"155747779";"A01";"2";"33";"0";"2";"1";"1";"1";""
"202400019305";"155747780";"B01";"1";"7";"0";"2";"2";"15";"2";""
"202400019306";"155747778";"A01";"2";"7";"0";"0";"0";"1";"1";""
"202400019307";"155747776";"A01";"1";"7";"0";"2";"5";"16";"2";""
"202400019307";"155747777";"B01";"1";"50";"0";"2";"8";"1";"3";""
"202400019308";"155747774";"A01";"3";"50";"8";"0";"1";"1";"3";""
"202400019309";"155747773";"A01";"2";"7";"0";"2";"1";"2";"1";""
"202400019309";"155747775";"B01";"1";"32";"0";"2";"3";"1";"1";""
"202400019310";"155747770";"A01";"0";"7";"0";"1";"1";"9";"2";""
"202400019311";"155747771";"A01";"1";"2";"0";"9";"6";"15";"1";""
"202400019311";"155747772";"B01";"1";"2";"0";"9";"1";"1";"1";""
"202400019312";"155747767";"A01";"1";"7";"0";"0";"1";"17";"1";""
"202400019313";"155747769";"A01";"2";"7";"8";"0";"7";"0";"1";""
"202400019314";"155747766";"A01";"2";"30";"0";"2";"3";"2";"1";""
"202400019314";"155747768";"B01";"1";"7";"0";"2";"3";"17";"1";""
"202400019315";"155747765";"A01";"1";"7";"8";"0";"7";"26";"1";""
"202400019316";"155747764";"A01";"2";"7";"6";"0";"1";"1";"1";""
"202400019317";"155747761";"A01";"1";"2";"15";"0";"1";"16";"1";""
"202400019318";"155747760";"B01";"1";"7";"0";"2";"9";"1";"1";""
"202400019318";"155747763";"A01";"1";"7";"0";"2";"2";"1";"1";""
"202400019319";"155747762";"A01";"1";"7";"0";"1";"2";"2";"1";""
"202400019320";"155747758";"A01";"3";"10";"0";"1";"3";"1";"1";""
"202400019321";"155747757";"A01";"2";"7";"0";"1";"1";"16";"1";""
"202400019322";"155747756";"A01";"3";"17";"0";"2";"2";"12";"1";""
"202400019322";"155747759";"B01";"3";"7";"0";"2";"8";"1";"1";""
"202400019323";"155747754";"A01";"1";"1";"0";"0";"0";"1";"5";""
"202400019324";"155747752";"A01";"0";"30";"1";"0";"8";"1";"1";""
"202400019324";"155747755";"B01";"0";"7";"1";"0";"3";"15";"1";""
"202400019325";"155747751";"A01";"2";"7";"0";"2";"1";"2";"1";""
"202400019325";"155747753";"B01";"2";"7";"0";"2";"4";"2";"1";""
"202400019326";"155747749";"A01";"1";"7";"2";"0";"1";"1";"1";""
"202400019327";"155747747";"A01";"2";"1";"0";"0";"0";"26";"5";""
"202400019328";"155747746";"A01";"1";"7";"0";"2";"1";"17";"1";""
"202400019328";"155747748";"B01";"2";"7";"0";"2";"1";"1";"1";""
"202400019328";"155747750";"C01";"1";"7";"0";"2";"8";"1";"1";""
"202400019329";"155747744";"A01";"1";"32";"0";"1";"1";"1";"2";""
"202400019330";"155747743";"A01";"2";"10";"0";"1";"1";"26";"1";""
"202400019331";"155747742";"B01";"1";"7";"0";"2";"1";"13";"1";""
"202400019331";"155747745";"A01";"2";"7";"0";"2";"1";"1";"1";""
"202400019332";"155747740";"A01";"2";"7";"0";"1";"3";"1";"1";""
"202400019333";"155747739";"B01";"2";"2";"0";"2";"1";"21";"1";""
"202400019333";"155747741";"A01";"2";"7";"0";"2";"6";"2";"1";""
"202400019334";"155747737";"A01";"1";"7";"0";"0";"5";"2";"1";""
"202400019334";"155747738";"B01";"1";"3";"0";"2";"3";"2";"1";""
"202400019335";"155747736";"A01";"2";"10";"1";"1";"0";"1";"2";""
"202400019336";"155747733";"A01";"2";"7";"0";"2";"3";"15";"1";""
"202400019336";"155747734";"B01";"1";"1";"0";"2";"1";"1";"5";""
"202400019337";"155747730";"A01";"1";"10";"0";"2";"1";"1";"1";""
"202400019337";"155747731";"B01";"1";"7";"0";"0";"6";"1";"1";""
"202400019338";"155747732";"A01";"1";"7";"0";"1";"2";"15";"2";""
"202400019339";"155747728";"A01";"1";"10";"13";"0";"1";"1";"1";""
"202400019340";"155747725";"A01";"1";"7";"6";"0";"1";"0";"1";""
"202400019341";"155747723";"B01";"2";"7";"0";"2";"4";"2";"0";""
"202400019341";"155747724";"C01";"2";"7";"0";"2";"4";"2";"0";""
"202400019341";"155747726";"D01";"2";"7";"0";"2";"4";"2";"0";""
"202400019341";"155747727";"A01";"2";"7";"0";"2";"1";"2";"0";""
"202400019342";"155747722";"B01";"3";"7";"0";"2";"3";"16";"1";""
"202400019342";"155747729";"A01";"2";"7";"0";"2";"1";"1";"1";""
"202400019343";"155747720";"A01";"1";"7";"0";"1";"1";"15";"1";""
"202400019344";"155747718";"A01";"1";"7";"2";"0";"3";"1";"1";""
"202400019345";"155747717";"A01";"2";"7";"0";"0";"0";"14";"1";""
"202400019346";"155747716";"A01";"1";"10";"0";"1";"1";"15";"1";""
"202400019347";"155747715";"A01";"2";"14";"4";"0";"1";"2";"1";""
"202400019348";"155747714";"A01";"1";"33";"16";"0";"1";"1";"1";""
"202400019349";"155747711";"A01";"1";"7";"0";"2";"7";"16";"1";""
"202400019349";"155747713";"B01";"1";"1";"0";"2";"1";"1";"5";""
"202400019350";"155747710";"A01";"2";"2";"0";"2";"1";"1";"1";""
"202400019350";"155747712";"B01";"1";"7";"0";"9";"2";"15";"1";""
"202400019351";"155747709";"A01";"2";"7";"15";"0";"1";"0";"1";""
"202400019352";"155747706";"A01";"3";"7";"0";"2";"2";"16";"1";""
"202400019352";"155747708";"B01";"3";"60";"0";"2";"8";"19";"5";""
"202400019353";"155747707";"A01";"3";"7";"0";"1";"2";"20";"1";""
"202400019354";"155747705";"A01";"2";"7";"0";"0";"5";"1";"2";""
"202400019355";"155747702";"B01";"2";"1";"0";"0";"4";"2";"5";""
"202400019355";"155747703";"A01";"2";"7";"0";"2";"2";"2";"1";""
"202400019356";"155747701";"A01";"2";"7";"0";"2";"1";"9";"1";""
"202400019356";"155747704";"B01";"1";"1";"0";"2";"7";"1";"5";""
"202400019357";"155747700";"A01";"2";"7";"6";"0";"1";"16";"1";""
"202400019358";"155747698";"A01";"1";"7";"0";"1";"2";"21";"1";""
"202400019359";"155747697";"A01";"2";"10";"0";"0";"5";"23";"1";""
"202400019359";"155747699";"B01";"2";"33";"0";"2";"1";"2";"1";""
"202400019360";"155747696";"A01";"2";"33";"15";"0";"8";"1";"1";""
"202400019361";"155747693";"A01";"1";"7";"1";"2";"1";"5";"1";""
"202400019361";"155747695";"B01";"2";"7";"0";"2";"6";"1";"1";""