"Num_Acc";"id_vehicule";"num_veh";"senc";"catv";"obs";"obsm";"choc";"manv";"motor";"occutc"
"202400019362";"155747692";"A01";"1";"7";"13";"0";"8";"13";"1";""
"202400019363";"155747691";"A01";"3";"7";"0";"2";"3";"23";"1";""
"202400019363";"155747694";"B01";"3";"30";"0";"2";"8";"5";"1";""
"202400019364";"155747690";"A01";"2";"2";"0";"1";"1";"1";"1";""
"202400019365";"155747688";"A01";"1";"7";"0";"1";"3";"1";"1";""
"202400019366";"155747687";"A01";"2";"7";"0";"2";"3";"15";"1";""
"202400019366";"155747689";"B01";"1";"33";"0";"2";"1";"1";"1";""
"202400019367";"155747684";"A01";"1";"33";"4";"0";"1";"1";"1";""
"202400019368";"155747683";"A01";"1";"7";"0";"1";"2";"1";"1";""
"202400019369";"155747685";"A01";"2";"7";"0";"2";"3";"15";"1";""
"202400019369";"155747686";"B01";"2";"2";"0";"2";"7";"17";"1";""
"202400019370";"155747679";"A01";"2";"33";"0";"2";"1";"17";"1";""
"202400019370";"155747682";"B01";"1";"33";"0";"2";"1";"1";"1";""
"202400019371";"155747678";"B01";"1";"15";"0";"0";"1";"1";"1";""
"202400019371";"155747681";"A01";"2";"7";"0";"2";"1";"13";"1";""
"202400019372";"155747680";"A01";"1";"7";"0";"1";"0";"1";"1";""
"202400019373";"155747676";"A01";"1";"7";"0";"2";"1";"1";"1";""
"202400019373";"155747677";"B01";"3";"10";"0";"2";"8";"1";"1";""
"202400019374";"155747675";"A01";"1";"7";"3";"0";"1";"1";"1";""
"202400019375";"155747674";"A01";"2";"33";"0";"0";"0";"1";"1";""
"202400019376";"155747671";"A01";"2";"7";"0";"2";"3";"4";"1";""
"202400019376";"155747672";"B01";"2";"7";"0";"2";"2";"1";"1";""
"202400019377";"155747670";"A01";"3";"7";"2";"0";"2";"1";"1";""
"202400019378";"155747673";"A01";"3";"7";"0";"1";"3";"1";"1";""
"202400019379";"155747667";"A01";"2";"7";"0";"2";"3";"13";"1";""
"202400019379";"155747669";"B01";"1";"7";"0";"2";"3";"1";"1";""
"202400019380";"155747665";"A01";"2";"7";"0";"2";"7";"15";"1";""
"202400019380";"155747668";"B01";"2";"33";"0";"2";"1";"1";"1";""
"202400019381";"155747664";"A01";"1";"7";"10";"0";"3";"1";"1";""
"202400019382";"155747663";"A01";"2";"7";"0";"2";"1";"1";"1";""
"202400019382";"155747666";"B01";"2";"7";"0";"2";"4";"23";"3";""
"202400019383";"155747661";"A01";"1";"7";"6";"0";"1";"1";"1";""
"202400019384";"155747659";"A01";"2";"7";"0";"2";"3";"1";"1";""
"202400019384";"155747662";"B01";"1";"7";"0";"2";"3";"9";"1";""
"202400019385";"155747658";"B01";"1";"1";"0";"2";"1";"1";"5";""
"202400019385";"155747660";"A01";"2";"7";"0";"9";"5";"0";"1";""
"202400019386";"155747656";"A01";"1";"7";"1";"0";"2";"1";"1";""
"202400019387";"155747657";"A01";"2";"7";"0";"1";"2";"0";"1";""
"202400019388";"155747655";"A01";"1";"7";"0";"1";"3";"0";"1";""
"202400019389";"155747654";"A01";"1";"7";"5";"0";"1";"0";"1";""
"202400019390";"155747652";"A01";"0";"7";"0";"1";"2";"1";"1";""
"202400019391";"155747651";"A01";"3";"7";"0";"2";"1";"15";"1";""
"202400019391";"155747653";"B01";"3";"7";"0";"2";"1";"1";"1";""
"202400019392";"155747649";"A01";"2";"7";"0";"2";"2";"1";"1";""
"202400019392";"155747650";"B01";"2";"2";"13";"0";"6";"1";"1";""
"202400019393";"155747648";"A01";"3";"7";"0";"1";"2";"1";"1";""
"202400019394";"155747646";"A01";"1";"10";"0";"2";"6";"21";"1";""
"202400019394";"155747647";"B01";"1";"7";"0";"2";"3";"21";"1";""
"202400019395";"155747645";"A01";"1";"10";"3";"0";"2";"1";"1";""
"202400019396";"155747643";"A01";"1";"10";"0";"2";"8";"20";"1";""
"202400019396";"155747644";"B01";"1";"10";"0";"2";"1";"1";"1";""
"202400019397";"155747640";"A01";"1";"7";"0";"2";"3";"5";"1";""
"202400019397";"155747642";"B01";"2";"33";"0";"2";"1";"0";"1";""
"202400019398";"155747637";"B01";"1";"7";"0";"2";"5";"26";"1";""
"202400019398";"155747639";"A01";"1";"10";"0";"2";"3";"1";"1";""
"202400019398";"155747641";"C01";"2";"7";"0";"2";"2";"1";"1";""
"202400019399";"155747636";"A01";"2";"7";"2";"0";"1";"14";"1";""
"202400019400";"155747638";"A01";"1";"7";"2";"0";"9";"1";"1";""
"202400019401";"155747635";"A01";"1";"7";"2";"0";"3";"1";"1";""
"202400019402";"155747631";"A01";"2";"7";"0";"2";"1";"1";"1";""
"202400019402";"155747634";"B01";"1";"7";"0";"2";"3";"1";"2";""
"202400019403";"155747629";"A01";"1";"7";"0";"2";"3";"5";"1";""
"202400019403";"155747632";"B01";"2";"7";"0";"2";"3";"1";"1";""
"202400019404";"155747628";"A01";"1";"7";"0";"2";"1";"2";"1";""
"202400019404";"155747630";"B01";"1";"7";"0";"2";"4";"1";"1";""
"202400019404";"155747633";"C01";"2";"7";"0";"2";"1";"1";"1";""
"202400019405";"155747626";"A01";"1";"7";"0";"2";"4";"1";"1";""
"202400019405";"155747627";"B01";"1";"33";"0";"2";"1";"2";"1";""
"202400019406";"155747625";"A01";"2";"7";"0";"1";"2";"1";"1";""
"202400019407";"155747624";"A01";"1";"7";"0";"1";"2";"1";"2";""
"202400019408";"155747619";"A01";"2";"7";"3";"0";"8";"17";"1";""
"202400019408";"155747621";"B01";"2";"7";"1";"0";"1";"1";"1";""
"202400019408";"155747623";"C01";"2";"7";"1";"0";"1";"1";"1";""
"202400019409";"155747618";"A01";"0";"7";"2";"0";"1";"1";"1";""
"202400019410";"155747616";"B01";"2";"7";"0";"2";"4";"23";"1";""
"202400019410";"155747617";"C01";"2";"7";"0";"2";"4";"23";"1";""
"202400019410";"155747620";"A01";"2";"7";"0";"2";"1";"2";"1";""
"202400019410";"155747622";"D01";"2";"7";"0";"2";"4";"23";"1";""
"202400019411";"155747613";"A01";"0";"7";"0";"2";"1";"1";"1";""
"202400019411";"155747614";"B01";"0";"33";"0";"2";"4";"9";"1";""
"202400019412";"155747612";"A01";"2";"10";"3";"0";"2";"1";"1";""
"202400019412";"155747615";"B01";"2";"17";"0";"0";"6";"1";"0";""
"202400019413";"155747611";"A01";"2";"30";"0";"1";"1";"18";"1";""
"202400019414";"155747609";"A01";"1";"7";"13";"0";"1";"13";"1";""
"202400019415";"155747607";"A01";"2";"33";"0";"0";"7";"3";"1";""
"202400019415";"155747610";"B01";"2";"17";"0";"9";"8";"21";"1";""
"202400019416";"155747608";"A01";"1";"7";"0";"1";"2";"1";"1";""
"202400019417";"155747602";"A01";"1";"7";"0";"2";"1";"17";"1";""
"202400019417";"155747604";"B01";"2";"7";"0";"2";"1";"1";"1";""
"202400019417";"155747605";"C01";"1";"2";"0";"2";"1";"1";"1";""
"202400019418";"155747601";"B01";"2";"50";"0";"2";"2";"1";"3";""
"202400019418";"155747603";"A01";"2";"10";"0";"2";"3";"10";"0";""
"202400019419";"155747600";"A01";"2";"7";"4";"0";"3";"1";"1";""
"202400019420";"155747598";"A01";"3";"7";"7";"0";"1";"15";"1";""
"202400019421";"155747594";"A01";"2";"7";"1";"0";"2";"1";"1";""
"202400019421";"155747597";"B01";"1";"20";"0";"2";"2";"26";"1";""
"202400019422";"155747593";"B01";"1";"7";"0";"2";"4";"1";"1";""
"202400019422";"155747596";"A01";"1";"7";"0";"2";"1";"17";"2";""
"202400019423";"155747595";"A01";"1";"7";"4";"0";"2";"14";"1";""
"202400019424";"155747589";"A01";"1";"7";"0";"2";"1";"5";"1";""
"202400019424";"155747591";"B01";"2";"7";"0";"2";"6";"1";"1";""
"202400019424";"155747592";"C01";"2";"7";"0";"2";"1";"1";"1";""
"202400019425";"155747587";"A01";"2";"7";"1";"1";"1";"1";"1";""
"202400019425";"155747590";"B01";"3";"10";"0";"0";"3";"24";"1";""
"202400019426";"155747586";"A01";"1";"10";"0";"2";"1";"2";"1";""
"202400019426";"155747588";"B01";"1";"7";"0";"0";"4";"26";"1";""
"202400019427";"155747585";"A01";"2";"7";"3";"0";"0";"17";"1";""
"202400019428";"155747584";"A01";"2";"33";"0";"0";"9";"1";"1";""
"202400019429";"155747582";"B01";"3";"1";"0";"2";"1";"25";"5";""
"202400019429";"155747583";"A01";"3";"50";"0";"2";"1";"25";"3";""
"202400019430";"155747581";"A01";"1";"33";"14";"9";"1";"1";"1";""
"202400019431";"155747579";"B01";"2";"7";"0";"2";"1";"1";"1";""
"202400019431";"155747580";"A01";"2";"10";"0";"0";"4";"23";"1";""
"202400019432";"155747577";"A01";"2";"7";"2";"0";"1";"13";"1";""
"202400019433";"155747576";"A01";"1";"7";"0";"2";"2";"0";"1";""
"202400019433";"155747578";"B01";"1";"2";"0";"0";"5";"0";"1";""
"202400019434";"155747575";"A01";"2";"10";"0";"1";"1";"1";"1";""
"202400019435";"155747573";"B01";"1";"31";"0";"2";"1";"1";"1";""
"202400019435";"155747574";"A01";"2";"7";"0";"2";"1";"15";"1";""
"202400019436";"155747572";"A01";"1";"7";"2";"0";"1";"13";"1";""
"202400019437";"155747571";"A01";"1";"7";"0";"1";"2";"1";"1";""
"202400019438";"155747568";"A01";"1";"7";"0";"2";"1";"2";"3";""
"202400019438";"155747570";"B01";"2";"2";"0";"2";"4";"15";"1";""
"202400019439";"155747563";"A01";"1";"7";"4";"2";"1";"14";"1";""
"202400019439";"155747565";"B01";"1";"7";"4";"2";"4";"2";"1";""
"202400019440";"155747560";"A01";"1";"17";"1";"2";"1";"1";"1";""
"202400019440";"155747562";"B01";"2";"7";"1";"2";"1";"1";"1";""
"202400019440";"155747566";"C01";"0";"15";"0";"2";"1";"24";"1";""
"202400019440";"155747567";"D01";"0";"15";"3";"2";"6";"24";"1";""
"202400019441";"155747561";"B01";"3";"33";"0";"2";"1";"16";"1";""
"202400019441";"155747564";"A01";"3";"7";"0";"2";"8";"11";"1";""
"202400019442";"155747557";"A01";"1";"2";"12";"0";"1";"1";"1";""
"202400019443";"155747555";"A01";"2";"33";"0";"2";"1";"1";"1";""
"202400019443";"155747558";"B01";"2";"7";"0";"2";"5";"1";"1";""
"202400019443";"155747559";"C01";"2";"7";"0";"2";"4";"1";"1";""
"202400019444";"155747551";"A01";"3";"7";"0";"2";"2";"17";"1";""
"202400019444";"155747553";"B01";"0";"2";"0";"0";"6";"15";"1";""
"202400019445";"155747549";"C01";"3";"7";"0";"2";"5";"1";"1";""
"202400019445";"155747552";"B01";"3";"7";"0";"2";"1";"1";"2";""
"202400019445";"155747554";"A01";"3";"7";"0";"2";"2";"15";"1";""
"202400019445";"155747556";"D01";"3";"7";"0";"2";"2";"1";"3";""
"202400019446";"155747547";"A01";"2";"7";"0";"2";"1";"1";"1";""
"202400019446";"155747548";"B01";"2";"7";"0";"2";"4";"1";"2";""
"202400019446";"155747550";"C01";"2";"7";"0";"2";"4";"1";"2";""
"202400019447";"155747545";"A01";"3";"7";"0";"1";"2";"1";"1";""
"202400019448";"155747544";"A01";"2";"99";"0";"2";"3";"1";"1";""
"202400019448";"155747546";"B01";"1";"80";"0";"2";"1";"11";"3";""
"202400019449";"155747539";"C01";"2";"7";"0";"2";"4";"1";"1";""
"202400019449";"155747542";"A01";"2";"33";"0";"2";"7";"3";"1";""
"202400019449";"155747543";"B01";"2";"7";"0";"2";"8";"1";"1";""
"202400019450";"155747538";"A01";"1";"7";"0";"2";"5";"2";"1";""
"202400019450";"155747541";"B01";"1";"7";"0";"2";"3";"2";"1";""
"202400019451";"155747537";"A01";"1";"33";"0";"0";"2";"1";"1";""
"202400019452";"155747534";"A01";"0";"7";"0";"2";"8";"15";"1";""
"202400019452";"155747536";"B01";"0";"10";"0";"2";"1";"1";"1";""
"202400019453";"155747533";"A01";"2";"7";"0";"1";"3";"16";"1";""
"202400019454";"155747532";"C01";"1";"7";"0";"2";"2";"12";"2";""
"202400019454";"155747535";"B01";"1";"7";"0";"2";"6";"1";"1";""
"202400019454";"155747540";"A01";"1";"7";"0";"2";"7";"1";"1";""
"202400019455";"155747530";"A01";"2";"10";"3";"0";"8";"1";"2";""
"202400019456";"155747528";"A01";"1";"7";"3";"0";"4";"1";"1";""
"202400019457";"155747527";"A01";"1";"7";"3";"2";"1";"11";"1";""
"202400019458";"155747529";"B01";"1";"7";"0";"2";"8";"1";"1";""
"202400019458";"155747531";"A01";"1";"7";"0";"2";"1";"1";"1";""
"202400019459";"155747526";"A01";"1";"33";"4";"0";"3";"16";"1";""
"202400019460";"155747524";"A01";"1";"1";"0";"2";"2";"5";"5";""
"202400019460";"155747525";"B01";"2";"7";"0";"2";"1";"16";"1";""
"202400019461";"155747523";"A01";"3";"30";"14";"0";"0";"1";"1";""
"202400019462";"155747522";"A01";"2";"7";"4";"0";"0";"0";"1";""
"202400019463";"155747520";"A01";"1";"7";"0";"2";"7";"9";"1";""
"202400019463";"155747521";"B01";"1";"50";"0";"2";"7";"9";"3";""
"202400019464";"155747518";"A01";"1";"7";"0";"2";"1";"2";"1";""
"202400019464";"155747519";"B01";"1";"7";"0";"2";"4";"2";"1";""
"202400019465";"155747517";"A01";"1";"7";"0";"1";"7";"1";"1";""
"202400019466";"155747516";"A01";"1";"7";"4";"0";"3";"26";"1";""
"202400019467";"155747515";"A01";"1";"7";"2";"0";"2";"14";"1";""
"202400019468";"155747513";"B01";"1";"7";"0";"2";"4";"1";"1";""
"202400019468";"155747514";"A01";"1";"30";"0";"2";"1";"2";"1";""
"202400019469";"155747512";"A01";"1";"7";"0";"1";"3";"19";"1";""
"202400019470";"155747511";"A01";"1";"1";"0";"0";"1";"2";"5";""
"202400019471";"155747510";"A01";"1";"7";"0";"1";"1";"15";"1";""
"202400019472";"155747508";"A01";"1";"7";"4";"0";"0";"0";"1";""
"202400019473";"155747507";"A01";"1";"7";"0";"2";"1";"1";"1";""
"202400019473";"155747509";"B01";"1";"10";"0";"2";"5";"1";"1";""
"202400019474";"155747506";"A01";"0";"7";"13";"0";"1";"0";"1";""
"202400019475";"155747505";"A01";"1";"37";"0";"0";"0";"1";"1";"3"
"202400019476";"155747502";"B01";"2";"7";"0";"2";"3";"13";"1";""
"202400019476";"155747504";"A01";"1";"7";"0";"2";"3";"1";"1";""
"202400019477";"155747501";"B01";"1";"1";"0";"2";"0";"0";"5";""
"202400019477";"155747503";"A01";"1";"7";"0";"2";"0";"0";"1";""
"202400019478";"155747497";"B01";"1";"80";"0";"2";"1";"1";"3";""
"202400019478";"155747499";"A01";"1";"7";"0";"2";"7";"16";"1";""
"202400019479";"155747498";"B01";"1";"2";"0";"0";"4";"16";"1";""
"202400019479";"155747500";"A01";"1";"7";"0";"2";"2";"1";"1";""
"202400019480";"155747496";"A01";"2";"33";"9";"0";"7";"1";"1";""
"202400019481";"155747495";"A01";"1";"10";"0";"1";"1";"1";"1";""
"202400019482";"155747492";"A01";"1";"7";"0";"2";"8";"19";"1";""
"202400019482";"155747494";"B01";"2";"2";"0";"2";"1";"1";"1";""
"202400019483";"155747493";"A01";"2";"33";"0";"2";"8";"3";"1";""
"202400019484";"155747490";"A01";"2";"7";"1";"0";"2";"14";"2";""
"202400019485";"155747488";"A01";"2";"99";"0";"2";"2";"17";"1";""
"202400019485";"155747491";"B01";"2";"15";"0";"2";"6";"1";"1";""
"202400019486";"155747487";"B01";"2";"7";"0";"2";"8";"1";"1";""
"202400019486";"155747489";"A01";"2";"7";"0";"2";"2";"14";"1";""
"202400019487";"155747484";"A01";"3";"10";"17";"0";"2";"14";"1";""
"202400019488";"155747481";"A01";"1";"33";"0";"0";"8";"1";"1";""
"202400019489";"155747480";"B01";"1";"34";"0";"2";"1";"0";"1";""
"202400019489";"155747482";"A01";"1";"7";"0";"2";"3";"9";"1";""
"202400019490";"155747477";"A01";"1";"7";"0";"2";"1";"2";"1";""
"202400019490";"155747478";"B01";"1";"3";"0";"2";"4";"2";"1";""
"202400019491";"155747479";"A01";"0";"7";"0";"1";"3";"1";"1";""
"202400019492";"155747476";"A01";"1";"7";"0";"1";"1";"0";"1";""
"202400019493";"155747474";"A01";"1";"7";"0";"2";"4";"1";"1";""
"202400019493";"155747475";"B01";"1";"7";"0";"2";"1";"2";"1";""
"202400019494";"155747473";"A01";"1";"7";"4";"0";"1";"1";"1";""
"202400019495";"155747467";"A01";"3";"7";"0";"2";"1";"26";"1";""
"202400019495";"155747468";"B01";"3";"1";"0";"2";"7";"1";"5";""
"202400019496";"155747466";"A01";"3";"7";"0";"1";"3";"1";"1";""
"202400019497";"155747464";"A01";"2";"7";"0";"2";"3";"19";"1";""
"202400019497";"155747465";"B01";"2";"7";"0";"2";"1";"1";"1";""
"202400019498";"155747462";"B01";"0";"33";"0";"2";"7";"26";"1";""
"202400019498";"155747463";"A01";"1";"7";"0";"2";"1";"1";"1";""
"202400019499";"155747461";"A01";"2";"38";"8";"0";"7";"1";"1";"5"
"202400019500";"155747460";"A01";"1";"7";"0";"1";"1";"1";"0";""
"202400019501";"155747459";"A01";"1";"7";"2";"0";"3";"13";"1";""
"202400019502";"155747457";"A01";"2";"7";"0";"2";"1";"26";"1";""
"202400019502";"155747458";"B01";"2";"7";"0";"2";"4";"0";"1";""
"202400019503";"155747455";"A01";"3";"7";"0";"2";"3";"15";"1";""
"202400019503";"155747456";"B01";"3";"1";"0";"2";"8";"18";"5";""
"202400019504";"155747453";"A01";"3";"33";"5";"0";"9";"1";"1";""
"202400019504";"155747454";"B01";"3";"33";"5";"0";"0";"21";"1";""
"202400019505";"155747452";"A01";"1";"7";"0";"1";"1";"1";"1";""
"202400019506";"155747451";"A01";"3";"0";"0";"1";"6";"4";"0";""
"202400019507";"155747450";"A01";"2";"33";"0";"6";"1";"1";"1";""
"202400019508";"155747448";"A01";"1";"7";"0";"2";"1";"2";"1";""
"202400019508";"155747449";"B01";"1";"32";"0";"2";"4";"2";"1";""
"202400019509";"155747446";"A01";"1";"7";"0";"2";"1";"13";"1";""
"202400019509";"155747447";"B01";"2";"7";"0";"2";"1";"1";"1";""
"202400019510";"155747444";"A01";"3";"7";"0";"1";"1";"1";"2";""
"202400019511";"155747441";"A01";"2";"7";"0";"2";"3";"13";"1";""
"202400019511";"155747442";"B01";"1";"7";"0";"2";"3";"1";"1";""
"202400019512";"155747443";"A01";"3";"7";"0";"2";"3";"1";"1";""
"202400019512";"155747445";"B01";"3";"7";"0";"2";"3";"15";"1";""
"202400019513";"155747438";"A01";"1";"7";"0";"2";"1";"17";"2";""
"202400019513";"155747440";"B01";"2";"7";"0";"2";"1";"1";"1";""
"202400019514";"155747437";"A01";"2";"7";"0";"2";"0";"0";"1";""
"202400019514";"155747439";"B01";"3";"30";"0";"2";"0";"0";"1";""
"202400019515";"155747436";"A01";"3";"33";"0";"0";"8";"1";"1";""
"202400019516";"155747434";"A01";"3";"7";"0";"2";"1";"15";"1";""
"202400019516";"155747435";"B01";"3";"31";"0";"2";"1";"1";"1";""
"202400019517";"155747433";"A01";"1";"7";"15";"0";"0";"1";"1";""
"202400019518";"155747431";"A01";"3";"37";"0";"1";"7";"9";"1";"1"
"202400019519";"155747430";"A01";"0";"2";"0";"2";"3";"0";"1";""
"202400019519";"155747432";"B01";"2";"15";"0";"0";"5";"1";"1";""
"202400019520";"155747429";"A01";"1";"7";"0";"1";"2";"1";"1";""
"202400019521";"155747428";"A01";"1";"33";"0";"0";"0";"1";"1";""
"202400019522";"155747426";"A01";"1";"99";"0";"1";"2";"20";"1";""
"202400019523";"155747424";"A01";"0";"7";"1";"0";"3";"0";"1";""
"202400019523";"155747425";"B01";"0";"7";"0";"2";"3";"24";"2";""
"202400019524";"155747423";"A01";"1";"7";"3";"0";"2";"2";"1";""
"202400019525";"155747422";"A01";"2";"99";"13";"0";"1";"0";"1";""
"202400019526";"155747421";"A01";"1";"33";"0";"0";"0";"21";"1";""
"202400019527";"155747419";"A01";"2";"33";"0";"2";"1";"1";"1";""
"202400019527";"155747420";"B01";"1";"7";"0";"2";"3";"1";"1";""
"202400019528";"155747418";"A01";"1";"7";"3";"0";"1";"1";"1";""
"202400019529";"155747416";"A01";"1";"7";"0";"2";"3";"9";"2";""
"202400019529";"155747417";"B01";"1";"33";"0";"2";"1";"26";"1";""
"202400019530";"155747415";"A01";"2";"7";"1";"2";"2";"1";"1";""
"202400019531";"155747414";"A01";"1";"7";"0";"1";"2";"1";"1";""
"202400019532";"155747413";"A01";"1";"7";"0";"1";"1";"1";"1";""
"202400019533";"155747411";"A01";"0";"10";"0";"9";"0";"0";"1";""
"202400019533";"155747412";"B01";"0";"50";"0";"2";"0";"1";"3";""
"202400019534";"155747407";"A01";"2";"14";"0";"2";"1";"13";"1";""
"202400019534";"155747408";"B01";"2";"15";"0";"2";"6";"2";"1";""
"202400019535";"155747404";"A01";"2";"7";"0";"2";"1";"2";"1";""
"202400019535";"155747405";"B01";"2";"7";"0";"2";"4";"2";"1";""
"202400019535";"155747406";"C01";"2";"7";"0";"0";"0";"0";"1";""
"202400019536";"155747399";"B01";"2";"7";"0";"2";"9";"0";"1";""
"202400019536";"155747400";"A01";"2";"37";"0";"2";"0";"0";"0";"0"
"202400019536";"155747401";"C01";"2";"7";"0";"2";"9";"0";"1";""
"202400019536";"155747402";"D01";"2";"7";"0";"2";"9";"0";"1";""
"202400019536";"155747403";"E01";"2";"7";"0";"2";"1";"0";"1";""
"202400019537";"155747396";"A01";"1";"34";"0";"2";"8";"26";"1";""
"202400019537";"155747397";"B01";"1";"7";"0";"2";"0";"12";"2";""
"202400019537";"155747398";"C01";"1";"7";"0";"2";"5";"23";"1";""
"202400019538";"155747394";"A01";"1";"31";"0";"2";"1";"26";"1";""
"202400019538";"155747395";"B01";"1";"10";"0";"2";"7";"14";"2";""
"202400019539";"155747392";"A01";"1";"7";"1";"2";"1";"1";"1";""
"202400019539";"155747393";"B01";"1";"7";"0";"2";"4";"0";"1";""
"202400019540";"155747390";"A01";"1";"7";"0";"2";"6";"1";"1";""
"202400019540";"155747391";"B01";"1";"32";"0";"2";"1";"2";"1";""
"202400019541";"155747389";"A01";"2";"33";"0";"0";"7";"3";"1";""
"202400019542";"155747387";"A01";"2";"33";"0";"2";"1";"1";"1";""
"202400019542";"155747388";"B01";"1";"7";"0";"2";"1";"1";"1";""
"202400019543";"155747385";"A01";"3";"7";"0";"2";"2";"15";"1";""
"202400019543";"155747386";"B01";"3";"7";"0";"2";"1";"1";"0";""
"202400019544";"155747384";"A01";"2";"7";"0";"1";"1";"1";"1";""
"202400019545";"155747382";"A01";"1";"2";"0";"2";"1";"1";"1";""
"202400019545";"155747383";"B01";"2";"7";"0";"2";"2";"15";"1";""
"202400019546";"155747381";"A01";"1";"99";"0";"9";"7";"17";"0";""
"202400019547";"155747379";"A01";"2";"33";"0";"2";"1";"1";"1";""
"202400019547";"155747380";"B01";"2";"7";"0";"2";"4";"1";"1";""
"202400019548";"155747376";"B01";"1";"7";"0";"2";"3";"1";"1";""
"202400019548";"155747377";"C01";"3";"7";"0";"2";"6";"26";"2";""
"202400019548";"155747378";"A01";"3";"2";"0";"2";"1";"9";"1";""
"202400019549";"155747374";"A01";"1";"7";"9";"2";"5";"16";"1";""
"202400019549";"155747375";"B01";"0";"1";"0";"2";"0";"0";"0";""
"202400019550";"155747372";"A01";"1";"50";"0";"2";"8";"19";"3";""
"202400019550";"155747373";"B01";"1";"7";"0";"2";"2";"1";"1";""
"202400019551";"155747370";"B01";"2";"7";"0";"2";"3";"1";"1";""
"202400019551";"155747371";"A01";"2";"7";"0";"2";"3";"15";"1";""
"202400019552";"155747369";"A01";"2";"7";"8";"0";"1";"14";"1";""
"202400019553";"155747367";"Z01";"1";"7";"0";"9";"0";"0";"0";""
"202400019553";"155747368";"A01";"1";"1";"0";"2";"0";"0";"5";""
"202400019554";"155747365";"A01";"1";"7";"0";"0";"0";"0";"1";""
"202400019554";"155747366";"B01";"1";"1";"0";"2";"1";"5";"5";""
"202400019555";"155747362";"A01";"2";"7";"0";"2";"7";"15";"1";""
"202400019555";"155747363";"B01";"1";"7";"0";"2";"1";"1";"1";""
"202400019555";"155747364";"C01";"1";"7";"0";"2";" -1";"2";" -1";""
"202400019556";"155747361";"A01";"3";"7";"0";"1";"1";"19";"1";""
"202400019557";"155747360";"A01";"1";"7";"0";"1";"2";"1";"0";""
"202400019558";"155747358";"B01";"1";"7";"0";"2";"9";"1";"1";""
"202400019558";"155747359";"A01";"1";"14";"0";"2";"3";"13";"1";""
"202400019559";"155747356";"A01";"2";"30";"0";"2";"1";"1";"1";""
"202400019559";"155747357";"B01";"2";"7";"0";"2";"4";"23";"1";""
"202400019560";"155747355";"A01";"1";"30";"12";"0";"1";"0";"1";""
"202400019561";"155747354";"A01";"2";"7";"8";"0";"1";"1";"1";""
"202400019562";"155747353";"A01";"3";"32";"0";"0";"0";"1";"1";""
"202400019563";"155747351";"A01";"3";"7";"6";"0";"2";"1";"3";""
"202400019563";"155747352";"B01";"3";"50";"0";"2";"1";"1";"3";""
"202400019564";"155747349";"A01";"3";"7";"0";"2";"1";"6";"1";""
"202400019564";"155747350";"B01";"3";"80";"0";"2";"1";"2";"2";""
"202400019565";"155747347";"A01";"3";"7";"0";"9";"8";"15";"2";""
"202400019565";"155747348";"B01";"3";"1";"0";"2";"1";"15";"5";""
"202400019566";"155747345";"C01";"1";"33";"0";"2";"1";"1";"1";""
"202400019566";"155747346";"B01";"2";"7";"0";"2";"1";"15";"1";""
"202400019567";"155747344";"A01";"2";"50";"0";"1";"1";"1";"3";""
"202400019568";"155747342";"A01";"0";"7";"0";"2";"2";"12";"1";""
"202400019568";"155747343";"B01";"0";"33";"0";"2";"8";"1";"1";""
"202400019569";"155747340";"A01";"2";"7";"0";"2";"1";"9";"1";""
"202400019569";"155747341";"B01";"2";"7";"0";"2";"4";"1";"1";""
"202400019570";"155747338";"A01";"2";"7";"0";"2";"1";"1";"1";""
"202400019570";"155747339";"B01";"1";"80";"0";"2";"4";"1";"3";""
"202400019571";"155747334";"C01";"1";"7";"0";"2";"4";"23";"1";""
"202400019571";"155747335";"D01";"1";"7";"0";"2";"4";"23";"1";""
"202400019571";"155747336";"A01";"1";"37";"15";"2";"1";"1";"1";"1"
"202400019571";"155747337";"B01";"1";"7";"0";"2";"4";"23";"1";""
"202400019572";"155747332";"A01";"1";"36";"0";"2";"2";"17";"3";""
"202400019572";"155747333";"B01";"1";"1";"0";"2";"3";"2";"5";""
"202400019573";"155747331";"A01";"1";"30";"1";"0";"1";"1";"1";""
"202400019574";"155747330";"A01";"1";"50";"1";"0";"1";"14";"3";""
"202400019575";"155747327";"A01";"2";"1";"1";"0";"1";"2";"5";""
"202400019575";"155747328";"B01";"2";"7";"0";"0";"4";"24";"1";""
"202400019576";"155747325";"A01";"1";"10";"0";"2";"3";"1";"3";""
"202400019576";"155747326";"B01";"1";"7";"0";"2";"6";"1";"1";""
"202400019577";"155747324";"A01";"3";"7";"0";"1";"4";"4";"1";""
"202400019578";"155747321";"B01";"2";"7";"0";"2";"4";"1";"1";""
"202400019578";"155747322";"C01";"2";"7";"0";"2";"4";"2";"1";""
"202400019578";"155747323";"A01";"2";"7";"0";"2";"1";"2";"2";""
"202400019579";"155747320";"C01";"2";"7";"0";"1";"0";"0";"0";""
"202400019580";"155747318";"A01";"2";"7";"0";"1";"3";"2";"1";""
"202400019581";"155747317";"A01";"1";"7";"0";"2";"1";"1";"1";""
"202400019581";"155747319";"B01";"1";"50";"0";"2";"3";"1";"3";""
"202400019582";"155747314";"A01";"1";"10";"0";"2";"6";"15";"1";""
"202400019582";"155747315";"B01";"1";"33";"0";"2";"1";"15";"1";""
"202400019583";"155747311";"A01";"2";"7";"0";"2";"1";"2";"1";""
"202400019583";"155747312";"B01";"1";"7";"0";"2";"4";"2";"1";""