"Num_Acc";"id_vehicule";"num_veh";"senc";"catv";"obs";"obsm";"choc";"manv";"motor";"occutc"
"202400019584";"155747309";"C01";"2";"7";"0";"2";"3";"21";"1";""
"202400019584";"155747310";"B01";"1";"7";"0";"2";"3";"21";"1";""
"202400019584";"155747313";"A01";"2";"17";"0";"2";"6";"21";"1";""
"202400019585";"155747307";"A01";"1";"3";"0";"2";"1";"11";"3";""
"202400019585";"155747308";"B01";"2";"33";"0";"2";"1";"1";"1";""
"202400019586";"155747306";"A01";"1";"10";"2";"0";"3";"13";"1";""
"202400019587";"155747303";"B01";"1";"2";"0";"2";"1";"1";"1";""
"202400019587";"155747305";"A01";"2";"7";"0";"2";"1";"17";"1";""
"202400019588";"155747304";"A01";"3";"7";"8";"0";"1";"2";"1";""
"202400019589";"155747301";"B01";"2";"7";"0";"2";"2";"15";"1";""
"202400019589";"155747302";"A01";"1";"2";"0";"2";"1";"17";"1";""
"202400019590";"155747300";"A01";"0";"7";"0";"1";"0";"9";"1";""
"202400019591";"155747298";"A01";"1";"7";"2";"0";"2";"1";"1";""
"202400019592";"155747297";"A01";"1";"7";"0";"2";"2";"1";"1";""
"202400019592";"155747299";"B01";"1";"7";"0";"2";"3";"1";"1";""
"202400019593";"155747295";"A01";"2";"7";"0";"2";"2";"15";"1";""
"202400019593";"155747296";"B01";"1";"2";"0";"2";"1";"19";"1";""
"202400019594";"155747294";"A01";"2";"7";"14";"0";"1";"1";"1";""
"202400019595";"155747292";"A01";"3";"7";"15";"0";"8";"1";"1";""
"202400019596";"155747291";"A01";"2";"7";"0";"2";"4";"15";"1";""
"202400019596";"155747293";"B01";"2";"10";"0";"2";"1";"1";"1";""
"202400019597";"155747289";"B01";"1";"7";"0";"2";"4";"2";"1";""
"202400019597";"155747290";"A01";"1";"33";"0";"2";"1";"2";"1";""
"202400019598";"155747287";"A01";"2";"7";"0";"0";"0";"9";"0";""
"202400019598";"155747288";"B01";"2";"7";"0";"2";"2";"1";"1";""
"202400019599";"155747285";"Z01";"0";"7";"0";"0";"0";"0";"0";""
"202400019599";"155747286";"B01";"3";"32";"4";"2";"0";"1";"1";""
"202400019600";"155747284";"A01";"1";"7";"15";"0";"1";"1";"1";""
"202400019601";"155747281";"Z01";"2";"31";"0";"1";"1";"1";"0";""
"202400019602";"155747278";"A01";"3";"38";"0";"1";"0";"1";"1";"1"
"202400019603";"155747277";"A01";"2";"7";"9";"0";"1";"1";"1";""
"202400019604";"155747276";"A01";"3";"33";"1";"0";"1";"26";"1";""
"202400019605";"155747274";"A01";"2";"7";"0";"2";"1";"0";"1";""
"202400019605";"155747275";"B01";"1";"20";"0";"2";"1";"1";"1";""
"202400019606";"155747273";"A01";"2";"7";"7";"0";"1";"1";"1";""
"202400019607";"155747271";"B01";"2";"15";"0";"2";"1";"1";"1";""
"202400019607";"155747272";"A01";"1";"7";"5";"2";"1";"13";"1";""
"202400019608";"155747268";"A01";"1";"7";"2";"0";"1";"1";"1";""
"202400019609";"155747269";"A01";"1";"34";"0";"2";"3";"19";"1";""
"202400019609";"155747270";"B01";"2";"7";"0";"2";"3";"11";"1";""
"202400019610";"155747267";"A01";"3";"40";"0";"1";"2";"26";"3";""
"202400019611";"155747265";"A01";"1";"7";"0";"2";"2";"17";"1";""
"202400019611";"155747266";"B01";"1";"7";"0";"0";"6";"2";"1";""
"202400019612";"155747263";"B01";"2";"50";"0";"2";"8";"19";"3";""
"202400019612";"155747264";"A01";"2";"7";"0";"2";"2";"1";"1";""
"202400019613";"155747262";"A01";"1";"33";"0";"0";"8";"1";"1";""
"202400019614";"155747259";"A01";"2";"3";"0";"2";"0";"0";"1";""
"202400019614";"155747261";"B01";"1";"10";"0";"2";"2";"1";"1";""
"202400019615";"155747258";"B01";"3";"50";"0";"2";"1";"1";"3";""
"202400019615";"155747260";"A01";"0";"7";"0";"2";"4";"4";"1";""
"202400019616";"155747255";"B01";"1";"2";"0";"2";"3";"1";"1";""
"202400019616";"155747257";"A01";"2";"10";"0";"2";"3";"1";"1";""
"202400019617";"155747254";"A01";"1";"7";"0";"2";"2";"17";"1";""
"202400019617";"155747256";"B01";"1";"2";"0";"0";"8";"15";"1";""
"202400019618";"155747252";"A01";"2";"10";"13";"0";"9";"0";"1";""
"202400019619";"155747251";"A01";"2";"33";"0";"2";"7";"3";"1";""
"202400019619";"155747253";"Z01";"2";"7";"0";"2";"3";"1";"0";""
"202400019620";"155747249";"B01";"1";"15";"0";"0";"4";"2";"1";""
"202400019620";"155747250";"A01";"1";"10";"3";"2";"1";"2";"1";""
"202400019621";"155747247";"A01";"1";"7";"0";"2";"6";"1";"1";""
"202400019621";"155747248";"Z01";"3";"7";"0";"2";"6";"0";"0";""
"202400019622";"155747244";"A01";"1";"7";"0";"1";"4";"4";"1";""
"202400019623";"155747241";"C01";"2";"7";"0";"2";"1";"1";"1";""
"202400019623";"155747243";"D01";"2";"7";"0";"2";"4";"1";"1";""
"202400019623";"155747245";"A01";"2";"7";"3";"0";"9";"1";"1";""
"202400019623";"155747246";"B01";"2";"7";"0";"2";"9";"1";"1";""
"202400019624";"155747240";"A01";"2";"7";"0";"2";"3";"15";"1";""
"202400019624";"155747242";"B01";"1";"31";"0";"2";"3";"1";"1";""
"202400019625";"155747238";"B01";"1";"33";"0";"2";"1";"1";"1";""
"202400019625";"155747239";"A01";"1";"7";"0";"2";"6";"11";"0";""
"202400019626";"155747237";"A01";"2";"7";"1";"0";"2";"1";"3";""
"202400019627";"155747236";"A01";"1";"7";"17";"0";"1";"1";"1";""
"202400019628";"155747233";"A01";"1";"7";"0";"2";"1";"2";"1";""
"202400019628";"155747234";"B01";"1";"7";"0";"0";"4";"2";"1";""
"202400019629";"155747235";"A01";"1";"31";"0";"0";"0";"12";"3";""
"202400019630";"155747232";"A01";"2";"7";"0";"1";"3";"1";"1";""
"202400019631";"155747231";"Z01";"1";"7";"0";"1";"1";"1";"1";""
"202400019632";"155747229";"B01";"2";"7";"0";"2";"8";"15";"1";""
"202400019632";"155747230";"A01";"2";"2";"0";"2";"1";"17";"1";""
"202400019633";"155747228";"A01";"3";"10";"0";"1";"4";"20";"1";""
"202400019634";"155747227";"A01";"1";"7";"0";"1";"2";"0";"1";""
"202400019635";"155747226";"A01";"2";"7";"0";"1";"3";"1";"1";""
"202400019636";"155747225";"A01";"2";"33";"0";"0";"8";"2";"1";""
"202400019637";"155747224";"A01";"2";"7";"2";"0";"8";"17";"1";""
"202400019638";"155747223";"A01";"1";"10";"12";"1";"1";"16";"0";""
"202400019639";"155747222";"A01";"0";"7";"0";"1";"3";"15";"1";""
"202400019640";"155747220";"B01";"2";"33";"0";"2";"0";"0";"1";""
"202400019640";"155747221";"A01";"2";"7";"0";"2";"6";"15";"1";""
"202400019641";"155747219";"A01";"2";"7";"3";"0";"3";"1";"1";""
"202400019642";"155747216";"A01";"3";"1";"0";"2";"5";"2";"5";""
"202400019642";"155747218";"B01";"3";"15";"0";"2";"5";"2";"1";""
"202400019643";"155747214";"A01";"2";"7";"0";"2";"3";"26";"1";""
"202400019643";"155747217";"B01";"2";"7";"0";"2";"3";"26";"1";""
"202400019644";"155747213";"B01";"1";"7";"0";"2";"1";"1";"1";""
"202400019644";"155747215";"A01";"2";"7";"0";"2";"1";"5";"1";""
"202400019645";"155747212";"A01";"0";"32";"0";"1";"1";"1";"1";""
"202400019646";"155747210";"A01";"3";"7";"0";"1";"6";"4";"3";""
"202400019647";"155747209";"B01";"1";"7";"6";"0";"8";"1";"1";""
"202400019647";"155747211";"A01";"1";"7";"0";"2";"1";"9";"1";""
"202400019648";"155747206";"A01";"3";"33";"0";"1";"2";"1";"1";""
"202400019649";"155747205";"A01";"2";"7";"0";"2";"2";"13";"1";""
"202400019649";"155747208";"B01";"1";"7";"0";"2";"2";"1";"1";""
"202400019650";"155747203";"A01";"1";"7";"0";"2";"3";"1";"1";""
"202400019650";"155747204";"B01";"1";"7";"0";"2";"5";"1";"1";""
"202400019650";"155747207";"C01";"1";"7";"0";"2";"4";"15";"1";""
"202400019651";"155747201";"A01";"3";"13";"0";"2";"8";"17";"3";""
"202400019651";"155747202";"B01";"0";"32";"0";"0";"0";"0";"3";""
"202400019652";"155747197";"B01";"3";"33";"0";"2";"8";"9";"1";""
"202400019652";"155747200";"A01";"2";"7";"0";"2";"1";"1";"1";""
"202400019653";"155747196";"A01";"2";"7";"0";"2";"3";"1";"1";""
"202400019653";"155747199";"B01";"1";"7";"0";"2";"1";"1";"1";""
"202400019654";"155747193";"B01";"1";"7";"0";"2";"4";"2";"1";""
"202400019654";"155747195";"C01";"1";"7";"0";"2";"4";"2";"2";""
"202400019654";"155747198";"A01";"1";"37";"0";"2";"1";"2";"1";"1"
"202400019655";"155747192";"B01";"1";"7";"0";"2";"1";"1";"1";""
"202400019655";"155747194";"A01";"2";"7";"0";"2";"1";"13";"1";""
"202400019656";"155747191";"A01";"1";"36";"0";"0";"1";"1";"1";""
"202400019657";"155747188";"A01";"1";"2";"0";"2";"1";"13";"1";""
"202400019657";"155747189";"B01";"2";"7";"0";"2";"2";"1";"1";""
"202400019658";"155747187";"A01";"1";"7";"0";"2";"2";"15";"1";""
"202400019658";"155747190";"B01";"1";"50";"0";"2";"1";"1";"3";""
"202400019659";"155747185";"A01";"1";"7";"8";"0";"9";"1";"1";""
"202400019660";"155747184";"A01";"2";"33";"0";"0";"8";"2";"1";""
"202400019661";"155747183";"A01";"1";"2";"0";"2";"1";"1";"1";""
"202400019661";"155747186";"B01";"0";"50";"0";"2";"8";"5";"3";""
"202400019662";"155747179";"A01";"2";"7";"0";"2";"1";"1";"1";""
"202400019662";"155747181";"B01";"2";"33";"0";"2";"4";"1";"1";""
"202400019662";"155747182";"C01";"2";"7";"0";"0";"4";"1";"1";""
"202400019663";"155747177";"B01";"1";"7";"0";"2";"3";"1";"1";""
"202400019663";"155747180";"A01";"2";"7";"0";"2";"3";"17";"2";""
"202400019664";"155747178";"A01";"2";"7";"13";"0";"9";"14";"1";""
"202400019665";"155747174";"A01";"3";"31";"3";"0";"8";"13";"1";""
"202400019666";"155747173";"A01";"2";"7";"0";"2";"1";"1";"1";""
"202400019666";"155747175";"B01";"1";"7";"0";"2";"1";"21";"1";""
"202400019667";"155747168";"D01";"1";"7";"1";"0";"1";"2";"1";""
"202400019667";"155747170";"A01";"1";"10";"0";"0";"4";"23";"1";""
"202400019667";"155747171";"C01";"1";"7";"0";"0";"4";"23";"1";""
"202400019667";"155747172";"B01";"1";"7";"0";"0";"4";"23";"1";""
"202400019668";"155747166";"B01";"1";"15";"0";"0";"4";"1";"6";""
"202400019668";"155747169";"A01";"1";"15";"0";"2";"1";"1";"1";""
"202400019669";"155747165";"A01";"2";"15";"0";"2";"1";"1";"1";""
"202400019669";"155747167";"B01";"1";"7";"0";"2";"1";"13";"1";""
"202400019670";"155747161";"A01";"1";"31";"13";"0";"7";"1";"1";""
"202400019671";"155747160";"A01";"2";"7";"6";"2";"8";"1";"1";""
"202400019671";"155747163";"Z01";"2";"7";"0";"2";"0";"0";"0";""
"202400019671";"155747164";"B01";"2";"7";"0";"2";"7";"0";"1";""
"202400019672";"155747159";"D01";"1";"7";"0";"2";"8";"0";"2";""
"202400019672";"155747162";"A01";"1";"15";"0";"2";"1";"0";"0";""
"202400019673";"155747157";"A01";"2";"2";"0";"2";"3";"1";"1";""
"202400019673";"155747158";"B01";"1";"7";"0";"2";"3";"1";"1";""
"202400019674";"155747155";"A01";"1";"7";"0";"2";"6";"1";"1";""
"202400019674";"155747156";"B01";"1";"7";"0";"2";"2";"1";"1";""
"202400019675";"155747153";"A01";"0";"2";"17";"0";"1";"0";"1";""
"202400019676";"155747151";"A01";"2";"7";"0";"2";"5";"12";"1";""
"202400019676";"155747154";"B01";"2";"2";"0";"2";"6";"1";"1";""
"202400019677";"155747149";"A01";"2";"7";"0";"1";"2";"19";"1";""
"202400019678";"155747145";"B01";"2";"7";"0";"2";"3";"1";"1";""
"202400019678";"155747148";"A01";"2";"10";"8";"2";"2";"1";"1";""
"202400019679";"155747144";"A01";"3";"80";"0";"0";"9";"1";"3";""
"202400019680";"155747142";"D01";"2";"7";"0";"2";"4";"2";"1";""
"202400019680";"155747143";"C01";"2";"7";"0";"2";"4";"2";"1";""
"202400019680";"155747146";"F01";"2";"7";"0";"2";"1";"2";"1";""
"202400019680";"155747147";"A01";"2";"7";"0";"2";"1";"2";"1";""
"202400019680";"155747150";"B01";"2";"7";"0";"2";"4";"2";"1";""
"202400019680";"155747152";"E01";"2";"7";"0";"2";"4";"2";"3";""
"202400019681";"155747138";"B01";"1";"1";"0";"0";"4";"2";"5";""
"202400019681";"155747141";"A01";"1";"7";"0";"9";"1";"2";"1";""
"202400019682";"155747137";"A01";"3";"7";"0";"2";"6";"15";"1";""
"202400019682";"155747140";"B01";"3";"2";"0";"2";"1";"17";"1";""
"202400019683";"155747135";"A01";"0";"7";"8";"0";"0";"20";"2";""
"202400019684";"155747133";"A01";"2";"33";"0";"2";"3";"1";"1";""
"202400019684";"155747134";"B01";"1";"7";"0";"2";"3";"1";"2";""
"202400019685";"155747130";"B01";"1";"7";"0";"2";"4";"21";"1";""
"202400019685";"155747132";"C01";"1";"7";"0";"2";"1";"1";"1";""
"202400019685";"155747136";"D01";"1";"7";"0";"2";"2";"21";"1";""
"202400019685";"155747139";"A01";"1";"7";"0";"2";"1";"10";"1";""
"202400019686";"155747128";"A01";"2";"33";"0";"2";"1";"1";"1";""
"202400019686";"155747131";"B01";"1";"21";"0";"2";"6";"15";"1";""
"202400019687";"155747125";"B01";"1";"7";"0";"2";"4";"1";"2";""
"202400019687";"155747127";"A01";"1";"7";"0";"2";"1";"2";"1";""
"202400019688";"155747126";"A01";"1";"7";"0";"2";"8";"1";"1";""
"202400019688";"155747129";"B01";"1";"15";"0";"2";"1";"21";"1";""
"202400019689";"155747123";"A01";"2";"33";"0";"6";"1";"1";"1";""
"202400019690";"155747122";"A01";"2";"7";"15";"2";"1";"17";"1";""
"202400019690";"155747124";"B01";"2";"7";"0";"0";"3";"15";"1";""
"202400019691";"155747121";"A01";"3";"33";"0";"0";"7";"1";"1";""
"202400019692";"155747117";"A01";"2";"7";"0";"2";"1";"2";"1";""
"202400019692";"155747120";"B01";"2";"7";"0";"2";"4";"23";"2";""
"202400019693";"155747116";"A01";"1";"14";"1";"2";"1";"1";"1";""
"202400019693";"155747118";"B01";"1";"14";"0";"0";"0";"23";"1";""
"202400019694";"155747115";"A01";"2";"7";"0";"2";"3";"13";"1";""
"202400019694";"155747119";"B01";"1";"7";"13";"2";"3";"1";"2";""
"202400019695";"155747114";"A01";"1";"7";"0";"0";"0";"9";"1";""
"202400019696";"155747111";"A01";"1";"7";"0";"0";"4";"1";"1";""
"202400019696";"155747113";"B01";"1";"7";"0";"2";"1";"2";"1";""
"202400019697";"155747112";"A01";"1";"33";"13";"6";"2";"1";"1";""
"202400019698";"155747110";"A01";"2";"7";"4";"0";"1";"16";"1";""
"202400019699";"155747109";"A01";"2";"33";"0";"0";"9";"26";"1";""
"202400019700";"155747107";"A01";"1";"7";"3";"0";"1";"1";"1";""
"202400019701";"155747108";"A01";"2";"7";"13";"0";"2";"0";"1";""
"202400019702";"155747103";"A01";"1";"7";"0";"1";"0";"1";"1";""
"202400019703";"155747102";"A01";"2";"7";"0";"2";"1";"13";"1";""
"202400019703";"155747105";"B01";"1";"7";"0";"0";"1";"1";"1";""
"202400019703";"155747106";"C01";"1";"15";"0";"0";"3";"1";"1";""
"202400019704";"155747099";"B01";"1";"1";"0";"2";"0";"0";"5";""
"202400019704";"155747101";"A01";"1";"14";"0";"2";"0";"0";"1";""
"202400019705";"155747096";"A01";"2";"15";"0";"2";"8";"1";"1";""
"202400019705";"155747098";"B01";"1";"33";"0";"2";"8";"0";"1";""
"202400019706";"155747094";"A01";"1";"1";"0";"0";"0";"0";"5";""
"202400019707";"155747092";"A01";"1";"7";"0";"1";"0";"1";"1";""
"202400019708";"155747090";"A01";"2";"15";"0";"1";"5";"1";"1";""
"202400019709";"155747088";"A01";"2";"2";"0";"2";"1";"26";"1";""
"202400019709";"155747091";"B01";"2";"7";"0";"0";"3";"15";"1";""
"202400019710";"155747087";"B01";"2";"7";"0";"2";"0";"1";"1";""
"202400019710";"155747089";"A01";"1";"7";"0";"2";"0";"1";"1";""
"202400019711";"155747084";"A01";"1";"31";"0";"0";"0";"0";"1";""
"202400019712";"155747083";"A01";"1";"7";"0";"2";"3";"1";"2";""
"202400019712";"155747086";"B01";"2";"7";"0";"2";"3";"1";"1";""
"202400019713";"155747081";"A01";"2";"10";"0";"2";"3";"13";"1";""
"202400019713";"155747082";"B01";"1";"17";"0";"2";"3";"1";"1";""
"202400019713";"155747085";"C01";"2";"7";"14";"0";"1";"1";"3";""
"202400019714";"155747080";"A01";"2";"7";"0";"1";"1";"1";"3";""
"202400019715";"155747077";"A01";"3";"21";"0";"2";"3";"13";"1";""
"202400019715";"155747078";"B01";"3";"1";"0";"2";"1";"1";"5";""
"202400019716";"155747076";"A01";"2";"7";"11";"0";"8";"1";"1";""
"202400019716";"155747079";"B01";"1";"17";"0";"0";"2";"1";"6";""
"202400019717";"155747074";"A01";"3";"7";"0";"9";"3";"11";"1";""
"202400019717";"155747075";"B01";"2";"2";"0";"2";"2";"1";"1";""
"202400019718";"155747071";"A01";"2";"7";"0";"2";"3";"10";"1";""
"202400019718";"155747073";"B01";"2";"7";"0";"2";"2";"1";"1";""
"202400019719";"155747067";"Z01";"1";"2";"0";"2";"0";"26";"1";""
"202400019719";"155747069";"A01";"1";"7";"0";"2";"3";"26";"1";""
"202400019720";"155747068";"B01";"2";"7";"0";"2";"4";"1";"1";""
"202400019720";"155747070";"A01";"2";"7";"0";"2";"1";"1";"1";""
"202400019720";"155747072";"C01";"2";"7";"0";"2";"6";"1";"1";""
"202400019721";"155747065";"B01";"1";"17";"0";"2";"3";"1";"1";""
"202400019721";"155747066";"A01";"2";"7";"0";"2";"1";"13";"1";""
"202400019722";"155747062";"A01";"1";"7";"0";"2";"7";"12";"1";""
"202400019722";"155747064";"B01";"1";"2";"0";"2";"8";"2";"1";""
"202400019723";"155747059";"B01";"1";"7";"0";"2";"1";"1";"2";""
"202400019723";"155747061";"A01";"2";"7";"0";"2";"1";"13";"1";""
"202400019724";"155747060";"A01";"2";"1";"0";"2";"4";"2";"5";""
"202400019724";"155747063";"B01";"2";"15";"0";"2";"2";"1";"1";""
"202400019725";"155747058";"A01";"2";"50";"12";"0";"1";"19";"3";""
"202400019726";"155747052";"B01";"1";"7";"0";"2";"8";"15";"1";""
"202400019726";"155747054";"A01";"2";"33";"0";"2";"2";"17";"1";""
"202400019727";"155747053";"B01";"1";"15";"0";"2";"3";"11";"1";""
"202400019727";"155747056";"A01";"1";"7";"0";"2";"2";"17";"2";""
"202400019728";"155747051";"A01";"1";"7";"0";"2";"2";"17";"1";""
"202400019728";"155747055";"B01";"1";"1";"0";"2";"8";"1";"5";""
"202400019728";"155747057";"C01";"1";"1";"0";"2";"4";"1";"5";""
"202400019729";"155747050";"A01";"3";"7";"0";"1";"2";"21";"1";""
"202400019730";"155747047";"A01";"3";"7";"0";"2";"1";"2";"1";""
"202400019730";"155747049";"B01";"3";"7";"0";"2";"4";"2";"1";""
"202400019731";"155747046";"B01";"1";"7";"0";"2";"8";"15";"1";""
"202400019731";"155747048";"A01";"1";"10";"0";"2";"2";"17";"1";""
"202400019732";"155747043";"A01";"2";"2";"12";"0";"1";"1";"1";""
"202400019733";"155747040";"A01";"3";"7";"0";"2";"1";"2";"1";""
"202400019733";"155747041";"B01";"3";"7";"0";"2";"5";"1";"1";""
"202400019733";"155747044";"C01";"3";"7";"0";"2";"8";"1";"1";""
"202400019734";"155747037";"A01";"1";"2";"0";"2";"8";"2";"1";""
"202400019734";"155747039";"B01";"1";"10";"0";"2";"2";"2";"1";""
"202400019735";"155747036";"A01";"2";"7";"0";"2";"2";"2";"1";""
"202400019735";"155747038";"B01";"2";"1";"0";"0";"4";"2";"5";""
"202400019736";"155747035";"A01";"1";"7";"0";"1";"1";"1";"0";""
"202400019737";"155747031";"B01";"0";"1";"0";"2";"1";"1";"5";""
"202400019737";"155747033";"A01";"0";"7";"0";"9";"3";"1";"2";""
"202400019738";"155747030";"A01";"2";"7";"0";"1";"1";"2";"1";""
"202400019739";"155747029";"A01";"2";"33";"0";"2";"1";"17";"1";""
"202400019739";"155747032";"B01";"2";"10";"0";"2";"3";"15";"1";""
"202400019740";"155747028";"A01";"2";"7";"0";"2";"3";"9";"1";""
"202400019740";"155747034";"B01";"1";"30";"0";"2";"1";"1";"1";""
"202400019741";"155747025";"A01";"2";"10";"0";"2";"3";"19";"1";""
"202400019741";"155747027";"B01";"2";"1";"0";"2";"1";"1";"5";""
"202400019742";"155747022";"A01";"0";"7";"0";"1";"1";"1";"1";""
"202400019742";"155747024";"B01";"0";"1";"0";"2";"8";"15";"5";""
"202400019743";"155747018";"B01";"3";"7";"4";"2";"3";"0";"1";""
"202400019743";"155747021";"A01";"3";"7";"3";"2";"3";"11";"1";""
"202400019743";"155747023";"C01";"3";"7";"4";"2";"3";"1";"1";""
"202400019743";"155747026";"T01";"3";"7";"3";"2";"0";"1";"1";""
"202400019744";"155747020";"A01";"2";"7";"1";"0";"2";"1";"1";""
"202400019745";"155747017";"B01";"2";"2";"0";"2";"1";"1";"1";""
"202400019745";"155747019";"A01";"1";"7";"0";"0";"7";"15";"1";""
"202400019746";"155747014";"A01";"1";"33";"13";"0";"1";"1";"1";""
"202400019747";"155747012";"A01";"2";"7";"0";"2";"2";"15";"1";""
"202400019747";"155747016";"B01";"1";"33";"0";"2";"1";"1";"1";""
"202400019748";"155747013";"A01";"2";"7";"0";"2";"3";"26";"1";""
"202400019748";"155747015";"B01";"1";"2";"0";"2";"1";"1";"1";""
"202400019749";"155747011";"A01";"2";"33";"3";"0";"0";"1";"1";""
"202400019750";"155747009";"A01";"0";"7";"6";"0";"1";"0";"1";""
"202400019751";"155747010";"A01";"3";"7";"2";"0";"1";"26";"6";""
"202400019752";"155747008";"A01";"2";"33";"6";"0";"2";"1";"1";""
"202400019753";"155747004";"B01";"0";"99";"0";"0";"4";"16";"0";""
"202400019753";"155747006";"A01";"3";"33";"0";"2";"1";"1";"1";""
"202400019754";"155747001";"A01";"1";"7";"0";"0";"2";"2";"1";""
"202400019754";"155747002";"B01";"1";"1";"0";"2";"0";"2";"5";""
"202400019755";"155747005";"B01";"2";"7";"0";"2";"7";"1";"1";""
"202400019755";"155747007";"A01";"1";"2";"0";"2";"1";"1";"1";""
"202400019756";"155746999";"A01";"2";"13";"15";"0";"0";"1";"1";""
"202400019757";"155747000";"B01";"1";"7";"0";"2";"4";"1";"1";""
"202400019757";"155747003";"A01";"1";"7";"0";"2";"1";"1";"1";""
"202400019758";"155746996";"A01";"1";"7";"0";"1";"1";"20";"1";""
"202400019759";"155746997";"A01";"2";"7";"0";"2";"1";"21";"1";""
"202400019759";"155746998";"B01";"1";"10";"0";"2";"3";"1";"1";""
"202400019760";"155746995";"A01";"2";"10";"13";"0";"2";"0";"1";""
"202400019761";"155746993";"A01";"2";"7";"4";"0";"3";"1";"1";""
"202400019762";"155746991";"A01";"1";"7";"0";"2";"1";"13";"1";""
"202400019762";"155746994";"B01";"2";"7";"0";"2";"1";"1";"1";""
"202400019763";"155746990";"A01";"2";"10";"0";"9";"1";"1";"1";""
"202400019764";"155746988";"A01";"3";"1";"0";"6";"3";"1";"5";""
"202400019765";"155746986";"A01";"1";"1";"0";"1";"1";"1";"5";""
"202400019766";"155746984";"A01";"1";"2";"0";"0";"0";"1";"1";""
"202400019767";"155746982";"B01";"2";"7";"4";"2";"8";"2";"1";""
"202400019767";"155746983";"A01";"2";"7";"0";"2";"2";"12";"1";""
"202400019768";"155746981";"A01";"1";"7";"0";"2";"3";"13";"1";""
"202400019768";"155746985";"B01";"1";"7";"0";"2";"3";"1";"1";""
"202400019769";"155746978";"A01";"3";"7";"2";"0";"8";"1";"1";""
"202400019770";"155746976";"A01";"3";"7";"0";"2";"3";"13";"1";""
"202400019770";"155746980";"B01";"3";"7";"0";"2";"3";"1";"1";""
"202400019771";"155746977";"A01";"1";"7";"0";"2";"2";"15";"2";""
"202400019771";"155746979";"B01";"2";"7";"0";"2";"6";"15";"1";""
"202400019772";"155746975";"A01";"1";"7";"0";"0";"0";"1";"1";""
"202400019773";"155746971";"A01";"1";"7";"0";"2";"8";"15";"1";""
"202400019773";"155746974";"B01";"1";"33";"0";"2";"7";"1";"1";""
"202400019774";"155746973";"A01";"2";"7";"15";"0";"3";"1";"1";""
"202400019775";"155746970";"B01";"3";"33";"0";"2";"1";"1";"1";""
"202400019775";"155746972";"A01";"3";"7";"0";"2";"7";"1";"1";""
"202400019776";"155746966";"A01";"1";"2";"0";"2";"1";"1";"1";""
"202400019776";"155746969";"B01";"2";"7";"0";"2";"4";"1";"1";""
"202400019777";"155746964";"A01";"1";"15";"0";"2";"1";"1";"0";""
"202400019777";"155746968";"B01";"1";"15";"0";"2";"4";"1";"0";""
"202400019778";"155746961";"B01";"3";"7";"0";"2";"5";"2";"3";""
"202400019778";"155746963";"A01";"3";"7";"0";"2";"2";"2";"1";""
"202400019778";"155746965";"C01";"3";"7";"0";"2";"5";"2";"1";""
"202400019779";"155746962";"B01";"1";"7";"8";"2";"6";"2";"1";""
"202400019779";"155746967";"A01";"1";"7";"0";"2";"2";"0";"2";""
"202400019780";"155746959";"B01";"2";"7";"0";"2";"4";"12";"2";""
"202400019780";"155746960";"Z01";"2";"7";"0";"2";"1";"1";"0";""
"202400019781";"155746957";"A01";"3";"7";"8";"0";"1";"16";"1";""
"202400019782";"155746955";"C01";"1";"7";"0";"0";"4";"23";"1";""
"202400019782";"155746956";"B01";"1";"7";"0";"0";"4";"23";"1";""
"202400019782";"155746958";"A01";"1";"33";"0";"2";"1";"2";"1";""
"202400019783";"155746951";"B01";"1";"7";"4";"2";"6";"21";"1";""
"202400019783";"155746954";"A01";"1";"7";"4";"2";"1";"2";"1";""
"202400019784";"155746949";"A01";"1";"7";"0";"1";"2";"1";"1";""
"202400019785";"155746950";"B01";"2";"7";"4";"2";"6";"1";"1";""
"202400019785";"155746952";"A01";"2";"15";"0";"2";"2";"12";"1";""
"202400019786";"155746948";"Z01";"2";"7";"0";"2";"0";"0";"1";""
"202400019786";"155746953";"B01";"2";"33";"0";"2";"7";"2";"1";""
"202400019787";"155746945";"A01";"3";"7";"0";"1";"2";"1";"1";""
"202400019788";"155746944";"A01";"1";"7";"0";"2";"8";"11";"1";""
"202400019788";"155746947";"B01";"1";"33";"0";"2";"7";"1";"1";""
"202400019789";"155746942";"A01";"2";"7";"0";"1";"2";"1";"1";""
"202400019790";"155746939";"B01";"3";"7";"0";"2";"1";"1";"1";""
"202400019790";"155746941";"A01";"3";"7";"0";"2";"1";"1";"1";""
"202400019791";"155746938";"B01";"2";"33";"0";"2";"1";"1";"1";""
"202400019791";"155746940";"A01";"2";"7";"0";"2";"6";"1";"1";""
"202400019792";"155746937";"A01";"1";"33";"0";"0";"0";"0";"1";""
"202400019793";"155746935";"A01";"1";"7";"13";"0";"1";"14";"1";""
"202400019794";"155746933";"A01";"3";"7";"0";"1";"2";"1";"1";""
"202400019795";"155746934";"A01";"3";"7";"0";"2";"2";"1";"1";""
"202400019795";"155746936";"B01";"0";"1";"0";"2";"4";"19";"5";""
"202400019796";"155746929";"A01";"1";"33";"0";"0";"4";"1";"4";""
"202400019797";"155746931";"B01";"1";"7";"0";"2";"3";"10";"1";""
"202400019797";"155746932";"A01";"1";"7";"0";"2";"2";"1";"1";""
"202400019798";"155746930";"A01";"1";"7";"8";"1";"1";"1";"1";""
"202400019799";"155746923";"B01";"2";"7";"0";"2";"1";"1";"1";""