"Num_Acc";"id_vehicule";"num_veh";"senc";"catv";"obs";"obsm";"choc";"manv";"motor";"occutc"
"202400019799";"155746925";"A01";"1";"10";"0";"2";"2";"15";"1";""
"202400019800";"155746927";"A01";"3";"7";"0";"2";"8";"1";"1";""
"202400019800";"155746928";"B01";"3";"33";"0";"2";"1";"15";"1";""
"202400019801";"155746919";"A01";"1";"7";"0";"2";"1";"26";"0";""
"202400019801";"155746921";"B01";"2";"7";"0";"2";"1";"0";"0";""
"202400019802";"155746918";"B01";"1";"7";"0";"2";"0";"0";"1";""
"202400019802";"155746922";"A01";"1";"7";"0";"2";"3";"26";"1";""
"202400019803";"155746917";"A01";"2";"7";"0";"2";"1";"26";"1";""
"202400019803";"155746920";"B01";"1";"7";"0";"2";"4";"26";"1";""
"202400019803";"155746924";"C01";"1";"7";"0";"2";"1";"0";"1";""
"202400019803";"155746926";"D01";"1";"7";"0";"2";"1";"26";"1";""
"202400019804";"155746915";"A01";"2";"7";"0";"1";"2";"1";"1";""
"202400019805";"155746916";"A01";"1";"7";"0";"1";"2";"1";"1";""
"202400019806";"155746913";"A01";"3";"7";"0";"1";"0";"0";"1";""
"202400019807";"155746912";"A01";"2";"7";"0";"2";"8";"15";"1";""
"202400019807";"155746914";"B01";"2";"38";"0";"2";"1";"1";"1";"1"
"202400019808";"155746907";"A01";"1";"30";"0";"2";"8";"15";"1";""
"202400019808";"155746910";"B01";"2";"30";"0";"2";"1";"17";"1";""
"202400019809";"155746906";"A01";"2";"7";"0";"2";"2";"16";"1";""
"202400019809";"155746909";"B01";"2";"7";"0";"2";"3";"7";"1";""
"202400019810";"155746903";"A01";"1";"7";"0";"1";"3";"26";"0";""
"202400019811";"155746904";"A01";"1";"30";"0";"2";"1";"1";"1";""
"202400019811";"155746905";"B01";"1";"10";"0";"2";"4";"23";"1";""
"202400019812";"155746899";"A01";"3";"50";"0";"0";"0";"1";"3";""
"202400019813";"155746898";"C01";"1";"7";"0";"2";"0";"0";"1";""
"202400019813";"155746900";"A01";"1";"7";"0";"2";"0";"0";"1";""
"202400019813";"155746902";"B01";"1";"7";"0";"2";"0";"0";"1";""
"202400019814";"155746893";"A01";"1";"33";"14";"0";"1";"21";"1";""
"202400019814";"155746894";"B01";"1";"7";"14";"0";"6";"23";"1";""
"202400019815";"155746891";"C01";"2";"99";"0";"2";"1";"1";"1";""
"202400019815";"155746895";"A01";"1";"7";"0";"2";"3";"13";"1";""
"202400019815";"155746897";"B01";"2";"99";"12";"2";"6";"21";"1";""
"202400019816";"155746890";"A01";"2";"7";"0";"2";"2";"19";"1";""
"202400019816";"155746896";"C01";"1";"7";"0";"2";"0";"19";"1";""
"202400019816";"155746901";"B01";"1";"80";"0";"2";"2";"19";"3";""
"202400019817";"155746887";"A01";"2";"7";"1";"0";"2";"1";"1";""
"202400019818";"155746888";"A01";"1";"7";"8";"0";"3";"1";"1";""
"202400019819";"155746889";"A01";"3";"7";"0";"2";"5";"15";"1";""
"202400019819";"155746892";"B01";"3";"2";"0";"2";"1";"1";"1";""
"202400019820";"155746884";"A01";"2";"37";"0";"0";"7";"16";"1";"1"
"202400019821";"155746886";"A01";"3";"7";"8";"0";"1";"14";"1";""
"202400019822";"155746883";"A01";"1";"7";"13";"0";"1";"0";"1";""
"202400019823";"155746882";"A01";"3";"7";"0";"2";"2";"15";"1";""
"202400019823";"155746885";"B01";"3";"33";"0";"2";"2";"1";"1";""
"202400019824";"155746881";"A01";"1";"7";"12";"0";"3";"13";"1";""
"202400019825";"155746877";"A01";"1";"7";"0";"2";"3";"9";"1";""
"202400019825";"155746878";"B01";"1";"31";"0";"2";"1";"3";"1";""
"202400019826";"155746876";"A01";"1";"7";"0";"1";"2";"17";"1";""
"202400019827";"155746875";"B01";"0";"33";"0";"2";"2";"17";"1";""
"202400019827";"155746879";"A01";"3";"7";"0";"2";"3";"15";"1";""
"202400019828";"155746874";"A01";"3";"13";"0";"2";"2";"9";"1";""
"202400019828";"155746880";"B01";"3";"50";"0";"2";"4";"1";"3";""
"202400019829";"155746872";"B01";"1";"7";"0";"1";"3";"1";"2";""
"202400019830";"155746871";"A01";"1";"7";"0";"2";"4";"1";"1";""
"202400019830";"155746873";"B01";"1";"1";"16";"2";"1";"1";"5";""
"202400019831";"155746868";"A01";"1";"7";"0";"2";"3";"22";"1";""
"202400019831";"155746870";"B01";"1";"1";"1";"0";"7";"1";"5";""
"202400019832";"155746865";"A01";"0";"80";"0";"2";"4";"1";"3";""
"202400019832";"155746867";"B01";"2";"7";"0";"2";"1";"1";"1";""
"202400019833";"155746864";"A01";"1";"37";"0";"2";"1";"1";"0";"3"
"202400019833";"155746866";"B01";"2";"7";"0";"2";"9";"0";"1";""
"202400019834";"155746859";"A01";"1";"2";"0";"2";"1";"5";"1";""
"202400019834";"155746861";"B01";"1";"7";"0";"2";"1";"1";"1";""
"202400019835";"155746862";"A01";"3";"7";"0";"2";"3";"15";"1";""
"202400019835";"155746869";"B01";"2";"10";"0";"2";"2";"1";"1";""
"202400019836";"155746857";"A01";"1";"7";"0";"2";"3";"15";"1";""
"202400019836";"155746858";"B01";"1";"31";"0";"2";"1";"17";"1";""
"202400019837";"155746855";"A01";"1";"7";"0";"1";"3";"1";"1";""
"202400019838";"155746853";"A01";"3";"7";"14";"0";"2";"26";"1";""
"202400019839";"155746852";"A01";"3";"1";"0";"0";"0";"0";"5";""
"202400019840";"155746851";"A01";"0";"7";"0";"0";"9";"15";"1";""
"202400019841";"155746847";"A01";"2";"7";"0";"2";"0";"16";"1";""
"202400019841";"155746849";"B01";"2";"50";"0";"2";"0";"1";"3";""
"202400019842";"155746846";"A01";"2";"33";"0";"2";"3";"0";"1";""
"202400019842";"155746848";"Z01";"2";"0";"0";"2";"0";"0";"0";""
"202400019843";"155746845";"B01";"1";"34";"0";"2";"3";"1";"1";""
"202400019843";"155746850";"Z01";"2";"99";"0";"2";"3";"15";"1";""
"202400019844";"155746844";"A01";"1";"7";"0";"1";"1";"16";"1";""
"202400019845";"155746842";"A01";"1";"30";"0";"0";"8";"1";"3";""
"202400019846";"155746843";"A01";"2";"2";"0";"0";"8";"1";"3";""
"202400019847";"155746839";"A01";"1";"7";"8";"0";"1";"1";"1";""
"202400019848";"155746840";"A01";"2";"15";"0";"1";"1";"26";"1";""
"202400019849";"155746838";"A01";"1";"7";"0";"1";"2";"16";"1";""
"202400019850";"155746837";"A01";"3";"3";"4";"0";"4";"1";"1";""
"202400019850";"155746841";"B01";"3";"7";"0";"2";"1";"1";"1";""
"202400019851";"155746834";"A01";"1";"7";"3";"2";"1";"26";"1";""
"202400019851";"155746836";"B01";"1";"7";"0";"2";"0";"0";"1";""
"202400019852";"155746831";"A01";"3";"7";"0";"2";"7";"1";"1";""
"202400019852";"155746832";"B01";"3";"32";"0";"2";"1";"16";"1";""
"202400019853";"155746830";"A01";"0";"7";"0";"1";"1";"15";"1";""
"202400019854";"155746829";"A01";"3";"33";"4";"0";"8";"2";"1";""
"202400019855";"155746825";"B01";"1";"7";"0";"2";"1";"1";"2";""
"202400019855";"155746827";"A01";"1";"7";"0";"2";"1";"15";"1";""
"202400019856";"155746824";"A01";"1";"7";"0";"2";"1";"1";"1";""
"202400019856";"155746828";"B01";"1";"7";"0";"2";"4";"23";"1";""
"202400019856";"155746833";"C01";"1";"7";"0";"2";"4";"23";"1";""
"202400019856";"155746835";"D01";"1";"7";"0";"2";"4";"23";"1";""
"202400019857";"155746822";"A01";"2";"10";"0";"2";"8";"1";"1";""
"202400019857";"155746826";"B01";"2";"7";"0";"2";"2";"1";"1";""
"202400019858";"155746820";"A01";"3";"7";"2";"0";"1";"1";"1";""
"202400019859";"155746817";"A01";"2";"38";"0";"2";"6";"15";"1";"1"
"202400019859";"155746819";"B01";"2";"33";"0";"2";"1";"1";"1";""
"202400019860";"155746818";"A01";"2";"7";"0";"2";"1";"2";"1";""
"202400019860";"155746821";"B01";"2";"7";"0";"2";"4";"2";"1";""
"202400019860";"155746823";"C01";"2";"7";"0";"2";"4";"2";"1";""
"202400019861";"155746815";"B01";"1";"10";"0";"0";"6";"23";"1";""
"202400019861";"155746816";"A01";"1";"33";"0";"2";"1";"1";"1";""
"202400019862";"155746814";"A01";"1";"7";"0";"1";"3";"2";"1";""
"202400019863";"155746807";"A01";"2";"7";"0";"2";"1";"26";"1";""
"202400019863";"155746809";"B01";"2";"99";"0";"2";"8";"9";"0";""
"202400019864";"155746808";"A01";"3";"30";"0";"2";"1";"12";"1";""
"202400019864";"155746811";"B01";"3";"7";"0";"2";"1";"15";"1";""
"202400019865";"155746806";"A01";"1";"7";"0";"2";"3";"9";"1";""
"202400019865";"155746812";"B01";"1";"33";"0";"2";"6";"1";"1";""
"202400019866";"155746805";"A01";"1";"7";"8";"0";"1";"14";"1";""
"202400019867";"155746803";"A01";"2";"7";"0";"2";"1";"13";"1";""
"202400019867";"155746804";"B01";"1";"7";"0";"2";"1";"1";"1";""
"202400019868";"155746798";"A01";"2";"7";"0";"1";"2";"1";"1";""
"202400019869";"155746796";"B01";"2";"7";"0";"0";"7";"23";"1";""
"202400019869";"155746800";"A01";"1";"7";"0";"1";"3";"1";"1";""
"202400019870";"155746795";"A01";"2";"7";"0";"2";"3";"13";"1";""
"202400019870";"155746799";"B01";"1";"7";"0";"2";"3";"1";"1";""
"202400019870";"155746801";"C01";"2";"7";"0";"2";"6";"1";"2";""
"202400019871";"155746797";"A01";"1";"7";"0";"2";"1";"1";"0";""
"202400019871";"155746802";"B01";"2";"37";"0";"2";"5";"15";"0";"1"
"202400019872";"155746794";"A01";"1";"7";"0";"1";"5";"4";"1";""
"202400019873";"155746789";"A01";"2";"7";"0";"2";"1";"26";"1";""
"202400019873";"155746791";"B01";"2";"7";"0";"2";"3";"1";"1";""
"202400019874";"155746790";"C01";"1";"7";"0";"2";"3";"2";"1";""
"202400019874";"155746792";"A01";"2";"7";"0";"2";"3";"1";"1";""
"202400019874";"155746793";"B01";"1";"7";"0";"2";"3";"1";"1";""
"202400019875";"155746787";"A01";"1";"7";"0";"0";"9";"17";"1";""
"202400019876";"155746788";"A01";"1";"10";"0";"1";"2";"1";"1";""
"202400019877";"155746783";"A01";"1";"7";"0";"1";"1";"1";"1";""
"202400019878";"155746784";"B01";"0";"7";"0";"2";"8";"1";"1";""
"202400019878";"155746786";"A01";"0";"31";"0";"2";"1";"9";"1";""
"202400019879";"155746781";"A01";"3";"50";"0";"2";"1";"1";"3";""
"202400019879";"155746785";"B01";"3";"7";"0";"2";"6";"1";"1";""
"202400019880";"155746779";"A01";"3";"10";"0";"1";"1";"1";"1";""
"202400019881";"155746778";"A01";"2";"7";"10";"0";"2";"0";"1";""
"202400019882";"155746775";"B01";"3";"1";"0";"2";"1";"1";"5";""
"202400019882";"155746777";"A01";"3";"7";"0";"2";"3";"26";"1";""
"202400019883";"155746776";"C01";"3";"33";"0";"2";"2";"0";"0";""
"202400019883";"155746780";"A01";"3";"7";"0";"2";"6";"23";"6";""
"202400019883";"155746782";"B01";"3";"33";"0";"2";"2";"23";"0";""
"202400019884";"155746774";"A01";"2";"7";"13";"0";"1";"19";"0";""
"202400019885";"155746771";"B01";"1";"1";"0";"0";"0";"1";"5";""
"202400019885";"155746773";"A01";"1";"0";"0";"9";"0";"0";"0";""
"202400019886";"155746769";"A01";"1";"7";"0";"2";"3";"13";"1";""
"202400019886";"155746772";"B01";"2";"7";"0";"2";"3";"21";"1";""
"202400019887";"155746764";"A01";"3";"10";"2";"0";"1";"15";"1";""
"202400019888";"155746765";"B01";"1";"10";"0";"2";"4";"1";"1";""
"202400019888";"155746767";"A01";"1";"33";"0";"2";"1";"3";"1";""
"202400019889";"155746763";"A01";"1";"7";"0";"2";"1";"13";"1";""
"202400019889";"155746766";"B01";"2";"37";"0";"2";"1";"1";"1";"2"
"202400019890";"155746760";"A01";"1";"1";"0";"0";"0";"1";"5";""
"202400019891";"155746761";"A01";"3";"32";"0";"2";"2";"1";"1";""
"202400019891";"155746762";"B01";"3";"7";"0";"2";"2";"1";"1";""
"202400019892";"155746759";"A01";"3";"7";"3";"0";"1";"26";"1";""
"202400019893";"155746756";"A01";"1";"33";"6";"0";"1";"16";"1";""
"202400019894";"155746755";"A01";"3";"7";"0";"1";"3";"15";"1";""
"202400019895";"155746757";"A01";"2";"7";"0";"2";"2";"15";"1";""
"202400019895";"155746758";"B01";"1";"33";"0";"2";"3";"1";"1";""
"202400019896";"155746752";"B01";"0";"7";"0";"0";"2";"1";"1";""
"202400019896";"155746754";"A01";"0";"7";"0";"0";"1";"1";"1";""
"202400019897";"155746751";"A01";"1";"7";"3";"0";"1";"1";"2";""
"202400019898";"155746750";"A01";"1";"33";"0";"2";"1";"13";"1";""
"202400019898";"155746753";"B01";"2";"7";"0";"2";"1";"1";"1";""
"202400019899";"155746748";"A01";"1";"33";"0";"2";"1";"1";"1";""
"202400019899";"155746749";"B01";"1";"7";"0";"2";"4";"1";"1";""
"202400019900";"155746744";"A01";"1";"7";"0";"2";"5";"17";"1";""
"202400019900";"155746746";"B01";"1";"2";"0";"2";"3";"1";"1";""
"202400019901";"155746745";"A01";"2";"30";"0";"2";"1";"1";"1";""
"202400019901";"155746747";"B01";"1";"7";"0";"2";"1";"15";"1";""
"202400019902";"155746742";"A01";"1";"7";"0";"2";"1";"15";"1";""
"202400019902";"155746743";"B01";"2";"3";"1";"2";"1";"1";"1";""
"202400019903";"155746739";"A01";"0";"7";"1";"1";"1";"1";"2";""
"202400019904";"155746741";"A01";"2";"2";"0";"0";"0";"26";"1";""
"202400019905";"155746737";"A01";"1";"7";"0";"2";"3";"0";"1";""
"202400019905";"155746740";"B01";"2";"1";"0";"2";"1";"1";"5";""
"202400019906";"155746735";"B01";"1";"7";"0";"2";"1";"1";"2";""
"202400019906";"155746738";"A01";"2";"43";"0";"2";"7";"15";"1";""
"202400019907";"155746732";"B01";"2";"2";"0";"2";"1";"21";"1";""
"202400019907";"155746736";"A01";"2";"7";"0";"0";"6";"23";"1";""
"202400019908";"155746731";"B01";"1";"7";"0";"2";"3";"0";"1";""
"202400019908";"155746734";"A01";"2";"13";"0";"2";"1";"13";"1";""
"202400019909";"155746730";"B01";"1";"10";"0";"2";"3";"1";"1";""
"202400019909";"155746733";"A01";"2";"7";"12";"2";"3";"13";"1";""
"202400019910";"155746729";"A01";"2";"7";"2";"0";"7";"17";"1";""
"202400019911";"155746725";"A01";"3";"7";"0";"2";"0";"5";"1";""
"202400019911";"155746727";"B01";"3";"80";"0";"2";"0";"21";"2";""
"202400019912";"155746723";"A01";"1";"7";"0";"2";"1";"1";"1";""
"202400019912";"155746726";"B01";"1";"1";"0";"2";"3";"1";"5";""
"202400019913";"155746724";"B01";"2";"50";"0";"2";"1";"1";"3";""
"202400019913";"155746728";"A01";"1";"7";"0";"2";"1";"15";"1";""
"202400019914";"155746721";"A01";"2";"7";"11";"0";"1";"1";"1";""
"202400019915";"155746722";"A01";"2";"7";"0";"9";"3";"1";"1";""
"202400019916";"155746720";"A01";"3";"37";"0";"2";"0";"16";"3";"3"
"202400019917";"155746716";"A01";"0";"10";"0";"2";"3";"1";"1";""
"202400019917";"155746717";"B01";"0";"7";"0";"2";"1";"1";"1";""
"202400019918";"155746714";"B01";"1";"7";"0";"2";"3";"15";"1";""
"202400019918";"155746719";"A01";"1";"33";"8";"2";"1";"13";"1";""
"202400019919";"155746715";"A01";"3";"7";"0";"2";"3";"1";"3";""
"202400019919";"155746718";"B01";" -1";"7";"0";"2";"5";"1";"2";""
"202400019920";"155746712";"A01";"1";"7";"0";"1";"1";"1";"1";""
"202400019921";"155746711";"A01";"1";"7";"0";"2";"7";"15";"1";""
"202400019921";"155746713";"B01";"2";"80";"0";"2";"8";"1";"2";""
"202400019922";"155746709";"A01";"1";"7";"0";"2";"3";"13";"1";""
"202400019922";"155746710";"B01";"2";"7";"0";"2";"8";"1";"1";""
"202400019923";"155746707";"A01";"1";"7";"0";"1";"2";"1";"1";""
"202400019924";"155746703";"A01";"1";"2";"8";"0";"0";"0";"1";""
"202400019925";"155746702";"A01";"2";"7";"0";"2";"5";"15";"1";""
"202400019925";"155746706";"B01";"1";"33";"0";"2";"1";"1";"1";""
"202400019926";"155746705";"A01";"3";"34";"0";"2";"3";"7";"1";""
"202400019926";"155746708";"B01";"3";"7";"0";"2";"7";"16";"3";""
"202400019927";"155746700";"B01";"1";"7";"1";"2";"2";"21";"1";""
"202400019927";"155746701";"C01";"1";"7";"0";"2";"5";"17";"1";""
"202400019927";"155746704";"D01";" -1";"7";" -1";" -1";"4";"24";" -1";""
"202400019928";"155746699";"A01";"2";"1";"0";"0";"0";"1";"5";""
"202400019929";"155746697";"B01";"1";"7";"0";"2";"0";"16";"1";""
"202400019929";"155746698";"A01";"2";"50";"0";"2";"0";"5";"3";""
"202400019930";"155746696";"A01";"3";"32";"0";"2";"1";"1";"1";""
"202400019931";"155746695";"A01";"2";"7";"0";"1";"3";"1";"2";""
"202400019932";"155746694";"A01";"3";"7";"0";"9";"3";"26";"0";""
"202400019933";"155746690";"A01";"2";"7";"0";"2";"3";"19";"3";""
"202400019933";"155746693";"B01";"1";"7";"0";"2";"2";"1";"1";""
"202400019934";"155746691";"A01";"2";"7";"0";"2";"1";"11";"1";""
"202400019934";"155746692";"B01";"1";"33";"0";"2";"0";"0";"1";""
"202400019935";"155746688";"A01";"1";"7";"0";"1";"3";"19";"1";""
"202400019936";"155746686";"A01";"1";"7";"6";"0";"1";"13";"1";""
"202400019937";"155746687";"A01";"2";"7";"0";"2";"3";"15";"2";""
"202400019937";"155746689";"B01";"1";"34";"0";"2";"8";"1";"1";""
"202400019938";"155746681";"A01";"2";"2";"0";"2";"1";"1";"1";""
"202400019938";"155746683";"B01";"2";"7";"0";"2";"4";"1";"1";""
"202400019939";"155746677";"A01";"2";"30";"0";"2";"8";"17";"1";""
"202400019939";"155746679";"B01";"2";"7";"0";"2";"3";"15";"1";""
"202400019940";"155746676";"A01";"2";"7";"0";"2";"2";"13";"1";""
"202400019940";"155746678";"B01";"1";"7";"0";"2";"3";"1";"1";""
"202400019941";"155746684";"A01";"2";"7";"0";"2";"7";"14";"1";""
"202400019941";"155746685";"B01";"2";"30";"0";"2";"8";"1";"1";""
"202400019942";"155746673";"A01";"2";"10";"0";"2";"5";"26";"1";""
"202400019942";"155746675";"B01";"2";"80";"0";"2";"3";"1";"3";""
"202400019943";"155746671";"B01";"1";"2";"0";"2";"2";"1";"1";""
"202400019943";"155746674";"A01";"2";"7";"0";"2";"3";"9";"1";""
"202400019944";"155746670";"B01";"2";"1";"0";"2";"1";"7";"5";""
"202400019944";"155746672";"A01";"2";"7";"0";"2";"3";"22";"2";""
"202400019945";"155746667";"A01";"0";"33";"0";"2";"1";"0";"1";""
"202400019945";"155746669";"B01";"0";"7";"0";"2";"3";"15";"1";""
"202400019946";"155746666";"A01";"2";"10";"13";"0";"1";"0";"1";""
"202400019947";"155746665";"A01";"3";"10";"0";"2";"3";"9";"1";""
"202400019947";"155746668";"B01";"3";"33";"0";"2";"1";"1";"1";""
"202400019948";"155746663";"A01";"1";"10";"0";"2";"1";"9";"1";""
"202400019948";"155746664";"B01";"2";"1";"0";"2";"7";"2";"5";""
"202400019949";"155746659";"A01";"2";"7";"0";"2";"8";"9";"0";""
"202400019949";"155746662";"B01";"1";"7";"0";"2";"3";"1";"1";""
"202400019950";"155746658";"A01";"3";"7";"0";"9";"2";"16";"1";""
"202400019950";"155746660";"B01";"3";"80";"0";"2";"8";"1";"3";""
"202400019951";"155746657";"A01";"1";"10";"0";"2";"1";"1";"1";""
"202400019951";"155746661";"B01";"1";"7";"0";"2";"6";"15";"1";""
"202400019952";"155746655";"A01";"2";"7";"13";"0";"1";"1";"1";""
"202400019953";"155746654";"A01";"0";"7";"0";"2";"2";"19";"1";""
"202400019953";"155746656";"B01";"2";"33";"0";"2";"1";"1";"1";""
"202400019954";"155746652";"A01";"2";"7";"2";"0";"9";"0";"1";""
"202400019955";"155746651";"A01";"1";"7";"0";"2";"1";"1";"1";""
"202400019955";"155746653";"B01";"1";"7";"0";"2";"4";"1";"1";""
"202400019956";"155746648";"A01";"1";"7";"4";"0";"8";"1";"1";""
"202400019957";"155746646";"A01";"2";"33";"0";"2";"8";"3";"1";""
"202400019957";"155746649";"B01";"2";"7";"0";"2";"7";"12";"1";""
"202400019958";"155746647";"B01";"3";"1";"0";"2";"7";"0";"5";""
"202400019958";"155746650";"A01";"3";"30";"0";"2";"7";"26";"1";""
"202400019959";"155746643";"A01";"1";"7";"0";"2";"1";"13";"1";""
"202400019959";"155746644";"B01";"2";"7";"0";"2";"1";"1";"2";""
"202400019960";"155746642";"A01";"2";"1";"0";"1";"3";"21";"5";""
"202400019961";"155746645";"A01";"1";"7";"0";"1";"3";"1";"1";""
"202400019962";"155746639";"A01";"1";"50";"0";"0";"0";"1";"3";""
"202400019963";"155746637";"B01";"1";"7";"0";"2";"5";"15";"1";""
"202400019963";"155746641";"A01";"2";"2";"0";"2";"1";"16";"1";""
"202400019964";"155746635";"A01";"1";"34";"0";"2";"1";"17";"1";""
"202400019964";"155746638";"B01";"1";"7";"0";"2";"3";"15";"1";""
"202400019965";"155746634";"A01";"0";"7";"3";"2";"1";"5";"1";""
"202400019965";"155746636";"B01";"0";"7";"0";"2";"3";"0";"1";""
"202400019965";"155746640";"C01";"0";"7";"5";"2";"1";"0";"1";""
"202400019966";"155746633";"A01";"3";"1";"0";"1";"1";"1";"5";""
"202400019967";"155746631";"A01";"0";"2";"0";"0";"0";"0";"1";""
"202400019968";"155746628";"A01";"1";"7";"0";"2";"7";"1";"1";""
"202400019968";"155746632";"B01";"2";"7";"0";"2";"1";"7";"1";""
"202400019969";"155746629";"A01";"1";"7";"1";"0";"2";"1";"1";""
"202400019969";"155746630";"B01";"1";"7";"0";"2";"6";"24";"3";""
"202400019970";"155746625";"A01";"2";"7";"0";"2";"1";"2";"2";""
"202400019970";"155746626";"B01";"2";"7";"0";"2";"4";"0";"1";""
"202400019971";"155746627";"A01";"2";"80";"0";"0";"1";"2";"3";""
"202400019972";"155746623";"A01";"3";"31";"1";"2";"0";"15";"0";""
"202400019972";"155746624";"Z01";"1";"10";"0";"2";"0";"0";"0";""
"202400019973";"155746619";"B01";"2";"7";"0";"2";"2";"2";"2";""
"202400019973";"155746621";"A01";"2";"7";"0";"0";"4";"0";"1";""
"202400019974";"155746616";"A01";"2";"10";"0";"1";"3";"1";"1";""
"202400019975";"155746617";"Z01";"3";"0";"0";"1";"1";"19";"0";""
"202400019976";"155746613";"A01";"1";"30";"0";"2";"1";"1";"1";""
"202400019976";"155746615";"B01";"2";"7";"0";"2";"1";"23";"1";""
"202400019977";"155746612";"A01";"2";"7";"13";"0";"3";"14";"1";""
"202400019978";"155746614";"B01";"0";"33";"0";"2";"1";"1";"1";""
"202400019978";"155746622";"A01";"2";"7";"0";"2";"2";"15";"1";""
"202400019979";"155746611";"A01";"1";"7";"0";"2";"2";"1";"1";""
"202400019980";"155746610";"A01";"1";"7";"13";"0";"2";"1";"1";""
"202400019981";"155746607";"B01";"3";"1";"0";"2";"4";"19";"5";""
"202400019981";"155746609";"A01";"3";"7";"0";"2";"1";"1";"1";""
"202400019982";"155746602";"A01";"1";"7";"0";"0";"0";"0";"0";""
"202400019982";"155746604";"B01";"1";"7";"4";"2";"0";"12";"0";""
"202400019982";"155746608";"C01";"1";"7";"0";"2";"3";"1";"2";""
"202400019983";"155746603";"A01";"1";"33";"0";"2";"1";"1";"1";""
"202400019983";"155746606";"B01";"2";"1";"0";"2";"7";"15";"5";""
"202400019984";"155746601";"A01";"1";"33";"0";"2";"1";"1";"1";""
"202400019984";"155746605";"B01";"2";"7";"0";"2";"5";"15";"1";""
"202400019985";"155746599";"A01";"3";"2";"0";"2";"1";"5";"1";""
"202400019985";"155746600";"B01";"3";"7";"0";"2";"7";"1";"1";""
"202400019986";"155746598";"A01";"1";"7";"3";"0";"9";"14";"1";""
"202400019987";"155746597";"A01";"3";"7";"8";"0";"9";"14";"2";""
"202400019988";"155746593";"B01";"2";"7";"0";"2";"3";"1";"1";""
"202400019988";"155746594";"A01";"1";"7";"0";"2";"3";"13";"1";""
"202400019989";"155746595";"A01";"0";"7";"0";"1";"1";"16";"1";""
"202400019990";"155746591";"A01";"2";"1";"0";"1";"1";"2";"5";""
"202400019991";"155746592";"B01";"1";"50";"0";"2";"7";"0";"3";""
"202400019991";"155746596";"A01";"2";"7";"0";"2";"1";"0";"1";""
"202400019992";"155746590";"A01";"2";"7";"2";"0";"1";"1";"1";""
"202400019993";"155746587";"B01";"2";"2";"0";"0";"8";"1";"1";""
"202400019993";"155746589";"A01";"1";"7";"0";"2";"1";"19";"1";""
"202400019994";"155746586";"A01";"1";"32";"8";"0";"1";"14";"1";""
"202400019995";"155746585";"A01";"1";"37";"0";"2";"7";"16";"1";"1"
"202400019995";"155746588";"B01";"3";"50";"0";"2";"4";"9";"3";""
"202400019996";"155746583";"B01";"1";"7";"0";"1";"2";"2";"0";""
"202400019997";"155746581";"A01";"1";"34";"0";"1";"1";"1";"1";""
"202400019998";"155746580";"A01";"2";"33";"4";"0";"8";"21";"1";""
"202400019999";"155746582";"B01";"3";"33";"0";"2";"7";"3";"1";""
"202400019999";"155746584";"A01";"3";"7";"0";"2";"3";"19";"1";""
"202400020000";"155746578";"A01";"2";"33";"0";"0";"8";"1";"1";""
"202400020001";"155746576";"A01";"0";"7";"0";"2";"3";"16";"1";""
"202400020001";"155746579";"B01";"0";"7";"0";"2";"1";"1";"1";""
"202400020002";"155746575";"A01";"1";"2";"0";"2";"1";"2";"1";""
"202400020002";"155746577";"B01";"1";"7";"0";"2";"4";"2";"3";""
"202400020003";"155746573";"A01";"3";"7";"0";"0";"0";"14";"1";""
"202400020004";"155746571";"A01";"1";"15";"0";"0";"8";"1";"1";""
"202400020005";"155746570";"A01";"1";"7";"1";"0";"1";"2";"1";""
"202400020005";"155746574";"B01";"1";"13";"0";"2";"4";"0";"1";""
"202400020006";"155746569";"A01";"1";"7";"0";"2";"7";"22";"1";""
"202400020006";"155746572";"B01";"1";"2";"1";"0";"8";"18";"1";""
"202400020007";"155746566";"B01";"1";"50";"0";"2";"1";"18";"3";""
"202400020007";"155746568";"A01";"1";"7";"0";"9";"2";"16";"1";""
"202400020008";"155746563";"B01";"3";"33";"0";"2";"1";"1";"1";""
"202400020008";"155746567";"A01";"3";"7";"0";"2";"2";"15";"1";""
"202400020009";"155746561";"A01";"3";"1";"0";"2";"1";"1";"5";""
"202400020009";"155746564";"B01";"3";"7";"0";"9";"4";"1";"1";""
"202400020010";"155746559";"C01";"2";"10";"0";"2";"1";"1";"1";""
"202400020010";"155746562";"A01";"1";"7";"0";"2";"1";"13";"1";""
"202400020010";"155746565";"B01";"2";"10";"0";"2";"1";"1";"1";""
"202400020011";"155746558";"A01";"2";"7";"0";"2";"1";"1";"1";""
"202400020011";"155746560";"B01";"1";"7";"0";"2";"3";"15";"1";""
"202400020012";"155746554";"A01";"1";"33";"0";"2";"1";"3";"1";""
"202400020012";"155746557";"B01";"1";"7";"0";"2";"4";"1";"1";""
"202400020013";"155746552";"A01";"1";"14";"0";"2";"1";"1";"1";""
"202400020013";"155746556";"B01";"1";"7";"0";"2";"4";"1";"1";""
"202400020014";"155746550";"A01";"1";"7";"0";"2";"3";"13";"1";""
"202400020014";"155746551";"B01";"2";"7";"0";"2";"3";"1";"2";""
"202400020015";"155746553";"B01";"1";"15";"0";"0";"6";"1";"1";""
"202400020015";"155746555";"A01";"1";"10";"4";"0";"1";"1";"1";""
"202400020016";"155746547";"A01";"1";"32";"0";"0";"0";"0";"3";""
"202400020017";"155746545";"B01";"2";"7";"0";"2";"4";"2";"0";""