"Num_Acc";"id_vehicule";"num_veh";"senc";"catv";"obs";"obsm";"choc";"manv";"motor";"occutc"
"202400020017";"155746549";"A01";"2";"7";"0";"2";"1";"2";"1";""
"202400020018";"155746543";"A01";"1";"10";"0";"2";"3";"1";"1";""
"202400020018";"155746546";"B01";"2";"99";"0";"2";"3";"9";"6";""
"202400020019";"155746541";"A01";"3";"10";"2";"0";"1";"13";"1";""
"202400020020";"155746540";"B01";"2";"7";"0";"2";"4";"2";"2";""
"202400020020";"155746542";"A01";"2";"7";"0";"2";"1";"2";"1";""
"202400020021";"155746536";"A01";"2";"7";"0";"2";"7";"15";"1";""
"202400020021";"155746538";"B01";"1";"32";"0";"2";"3";"23";"1";""
"202400020022";"155746533";"A01";"2";"10";"0";"2";"1";"2";"1";""
"202400020022";"155746537";"B01";"2";"7";"0";"2";"4";"2";"1";""
"202400020022";"155746539";"C01";"2";"10";"0";"2";"4";"2";"1";""
"202400020022";"155746544";"D01";"2";"7";"0";"2";"4";"2";"1";""
"202400020022";"155746548";"E01";"2";"14";"0";"2";"4";"2";"1";""
"202400020023";"155746535";"A01";"2";"50";"12";"0";"3";"13";"3";""
"202400020024";"155746532";"A01";"1";"7";"0";"2";"1";"0";"1";""
"202400020024";"155746534";"B01";"1";"7";"0";"2";"1";"1";"1";""
"202400020025";"155746528";"B01";"3";"60";"0";"2";"8";"19";"5";""
"202400020025";"155746531";"A01";"1";"7";"0";"2";"1";"15";"1";""
"202400020026";"155746530";"A01";"0";"2";"6";"0";"1";"15";"1";""
"202400020027";"155746526";"A01";"2";"15";"0";"2";"3";"0";"1";""
"202400020027";"155746529";"B01";"1";"7";"0";"0";"3";"0";"1";""
"202400020028";"155746527";"A01";"2";"7";"0";"1";"7";"1";"2";""
"202400020029";"155746525";"A01";"1";"7";"2";"0";"1";"13";"1";""
"202400020030";"155746524";"A01";"2";"1";"6";"0";"2";"0";"5";""
"202400020031";"155746522";"B01";"1";"7";"9";"2";"7";"15";"1";""
"202400020031";"155746523";"A01";"2";"10";"9";"2";"1";"1";"1";""
"202400020032";"155746520";"A01";"1";"50";"1";"2";"1";"1";"3";""
"202400020032";"155746521";"B01";"1";"7";"1";"2";"3";"26";"1";""
"202400020033";"155746518";"A01";"1";"7";"13";"0";"9";"1";"1";""
"202400020034";"155746519";"A01";"1";"7";"0";"0";"7";"1";"1";""
"202400020035";"155746515";"A01";"2";"33";"0";"0";"0";"0";"0";""
"202400020036";"155746513";"A01";"1";"7";"0";"1";"2";"1";"1";""
"202400020037";"155746512";"A01";"2";"7";"0";"2";"3";"21";"1";""
"202400020037";"155746516";"B01";"2";"7";"0";"2";"5";"16";"2";""
"202400020038";"155746509";"A01";"0";"7";"0";"2";"1";"13";"1";""
"202400020038";"155746511";"B01";"0";"7";"0";"2";"1";"1";"1";""
"202400020039";"155746508";"A01";"1";"2";"13";"0";"0";"21";"1";""
"202400020040";"155746506";"B01";"1";"7";"0";"2";"3";"2";"1";""
"202400020040";"155746510";"A01";"1";"7";"0";"0";"4";"15";"1";""
"202400020041";"155746503";"A01";"1";"7";"0";"1";"2";"1";"1";""
"202400020042";"155746504";"A01";"1";"10";"0";"2";"1";"2";"1";""
"202400020042";"155746505";"B01";"1";"7";"0";"2";"4";"1";"1";""
"202400020042";"155746507";"C01";"1";"7";"0";"2";"4";"1";"1";""
"202400020043";"155746501";"A01";"2";"7";"13";"0";"1";"1";"1";""
"202400020044";"155746499";"B01";"1";"7";"0";"2";"1";"1";"1";""
"202400020044";"155746502";"A01";"1";"7";"0";"0";"4";"1";"1";""
"202400020045";"155746498";"Z01";"2";"10";"0";"1";"1";"1";"1";""
"202400020046";"155746497";"A01";"2";"7";"0";"2";"0";"2";"1";""
"202400020046";"155746500";"Z01";"2";"99";"0";"2";"0";"0";"0";""
"202400020047";"155746496";"A01";"1";"7";"2";"0";"0";"13";"1";""
"202400020048";"155746495";"A01";"2";"7";"13";"0";"3";"1";"1";""
"202400020049";"155746494";"A01";"1";"80";"12";"0";"1";"14";"3";""
"202400020050";"155746492";"A01";"2";"7";"13";"0";"3";"13";"1";""
"202400020051";"155746491";"A01";"2";"33";"0";"0";"9";"1";"1";""
"202400020052";"155746488";"A01";"1";"10";"0";"2";"2";"2";"1";""
"202400020052";"155746490";"B01";"1";"7";"0";"2";"4";"1";"3";""
"202400020052";"155746493";"C01";"1";"7";"0";"2";"4";"2";"1";""
"202400020053";"155746487";"A01";"2";"2";"0";"2";"8";"1";"3";""
"202400020053";"155746489";"Z01";"2";"10";"0";"2";"8";"17";"0";""
"202400020054";"155746486";"A01";"1";"32";"0";"0";"0";"1";"1";""
"202400020055";"155746485";"A01";"1";"7";"2";"0";"2";"1";"1";""
"202400020056";"155746481";"A01";"2";"1";"0";"1";"3";"1";"5";""
"202400020057";"155746482";"A01";"2";"7";"2";"0";"5";"0";"1";""
"202400020058";"155746478";"B01";"2";"33";"0";"2";"1";"3";"1";""
"202400020058";"155746483";"A01";"2";"7";"0";"2";"8";"11";"1";""
"202400020058";"155746484";"C01";"2";"7";"0";"2";"5";"1";"1";""
"202400020059";"155746477";"A01";"1";"7";"0";"2";"1";"13";"1";""
"202400020059";"155746480";"B01";"2";"7";"0";"2";"1";"1";"1";""
"202400020060";"155746476";"B01";"2";"7";"0";"2";"3";"15";"1";""
"202400020060";"155746479";"A01";"2";"32";"0";"2";"1";"2";"1";""
"202400020061";"155746473";"A01";"2";"43";"0";"2";"3";"26";"1";""
"202400020061";"155746475";"B01";"1";"50";"0";"2";"1";"5";"3";""
"202400020062";"155746472";"B01";" -1";"7";"1";"0";"6";"24";"1";""
"202400020062";"155746474";"A01";"1";"7";"1";"0";"1";"26";"1";""
"202400020063";"155746471";"A01";"1";"7";"4";"0";"6";"1";"0";""
"202400020064";"155746470";"A01";"1";"33";"0";"0";"0";"2";"1";""
"202400020065";"155746468";"A01";"0";"2";"7";"0";"1";"1";"1";""
"202400020066";"155746467";"A01";"1";"1";"0";"1";"3";"15";"5";""
"202400020067";"155746465";"A01";"3";"33";"0";"2";"1";"1";"1";""
"202400020067";"155746469";"B01";"3";"7";"0";"2";"6";"9";"1";""
"202400020068";"155746463";"A01";"2";"7";"0";"1";"2";"2";"0";""
"202400020069";"155746460";"C01";"2";"7";"0";"2";"4";"21";"1";""
"202400020069";"155746464";"A01";"2";"7";"0";"2";"1";"2";"2";""
"202400020069";"155746466";"B01";"2";"7";"0";"2";"4";"2";"1";""
"202400020070";"155746461";"A01";"1";"7";"8";"0";"9";"1";"1";""
"202400020071";"155746459";"B01";"2";"1";"0";"2";"8";"1";"5";""
"202400020071";"155746462";"Z01";"2";"7";"0";"2";"2";"16";"2";""
"202400020072";"155746458";"A01";"3";"10";"6";"0";"1";"1";"1";""
"202400020073";"155746454";"A01";"2";"7";"8";"0";"8";"26";"2";""
"202400020074";"155746452";"A01";"2";"7";"0";"2";"2";"1";"1";""
"202400020074";"155746456";"B01";"2";"1";"0";"2";"4";"2";"5";""
"202400020074";"155746457";"C01";"2";"1";"0";"2";"4";"2";"5";""
"202400020075";"155746449";"A01";"1";"7";"0";"2";"5";"1";"3";""
"202400020075";"155746455";"B01";"1";"7";"0";"2";"3";"13";"1";""
"202400020076";"155746450";"B01";"2";"1";"0";"9";"8";"2";"5";""
"202400020076";"155746453";"A01";"1";"7";"0";"9";"7";"2";"1";""
"202400020077";"155746448";"A01";"1";"7";"0";"1";"3";"1";"1";""
"202400020078";"155746447";"A01";"2";"7";"15";"0";"1";"1";"1";""
"202400020079";"155746445";"A01";"2";"7";"3";"0";"2";"1";"1";""
"202400020080";"155746443";"A01";"2";"7";"0";"2";"3";"2";"1";""
"202400020080";"155746446";"B01";"2";"7";"2";"2";"7";"17";"1";""
"202400020081";"155746440";"B01";"1";"30";"0";"2";"1";"0";"1";""
"202400020081";"155746442";"A01";"1";"7";"0";"2";"2";"20";"1";""
"202400020082";"155746441";"A01";"1";"7";"0";"2";"2";"10";"1";""
"202400020082";"155746444";"B01";"1";"33";"0";"2";"1";"1";"1";""
"202400020083";"155746438";"A01";"2";"7";"4";"0";"1";"1";"1";""
"202400020084";"155746437";"A01";"2";"7";"0";"2";"1";"13";"1";""
"202400020084";"155746439";"B01";"1";"7";"0";"2";"1";"1";"1";""
"202400020085";"155746434";"B01";"2";"7";"0";"2";"2";"16";"1";""
"202400020085";"155746436";"A01";"2";"31";"0";"2";"8";"18";"1";""
"202400020086";"155746433";"A01";"2";"7";"4";"0";"1";"2";"1";""
"202400020087";"155746431";"A01";"1";"32";"0";"2";"1";"17";"1";""
"202400020087";"155746435";"B01";"1";"7";"0";"2";"2";"2";"1";""
"202400020088";"155746429";"A01";"2";"7";"13";"0";"1";"1";"1";""
"202400020089";"155746427";"A01";"1";"7";"0";"2";"6";"13";"1";""
"202400020089";"155746432";"B01";"2";"38";"0";"2";"3";"1";"1";"8"
"202400020090";"155746428";"A01";"1";"30";"0";"0";"1";"1";"1";""
"202400020091";"155746425";"A01";"2";"7";"0";"2";"1";"2";"1";""
"202400020091";"155746430";"B01";"2";"7";"0";"2";"4";"2";"1";""
"202400020092";"155746423";"A01";"2";"7";"0";"2";"2";"1";"1";""
"202400020092";"155746426";"B01";"1";"34";"9";"2";"7";"1";"1";""
"202400020093";"155746422";"A01";"2";"2";"0";"2";"1";"1";"1";""
"202400020093";"155746424";"B01";"1";"10";"0";"0";"4";"15";"1";""
"202400020094";"155746420";"A01";"1";"7";"0";"1";"1";"9";"1";""
"202400020095";"155746418";"B01";"1";"14";"0";"2";"1";"2";"1";""
"202400020095";"155746421";"A01";"1";"10";"0";"2";"1";"1";"1";""
"202400020096";"155746417";"A01";"2";"7";"0";"2";"3";"13";"1";""
"202400020096";"155746419";"B01";"1";"7";"0";"2";"3";"1";"1";""
"202400020097";"155746415";"A01";"2";"10";"13";"0";"1";"1";"1";""
"202400020098";"155746411";"A01";"2";"7";"0";"2";"3";"19";"1";""
"202400020098";"155746414";"B01";"1";"7";"0";"2";"1";"1";"1";""
"202400020099";"155746412";"A01";"1";"7";"0";"2";"2";"16";"1";""
"202400020099";"155746416";"B01";"2";"1";"0";"2";"0";"15";"5";""
"202400020100";"155746410";"A01";"2";"17";"0";"2";"7";"12";"1";""
"202400020100";"155746413";"B01";"2";"7";"0";"2";"8";"1";"2";""
"202400020101";"155746409";"A01";"1";"33";"7";"0";"1";"17";"1";""
"202400020102";"155746408";"A01";"2";"7";"2";"0";"1";"1";"1";""
"202400020103";"155746407";"A01";"2";"7";"1";"0";"4";"20";"1";""
"202400020104";"155746404";"A01";"1";"7";"0";"2";"2";"0";"1";""
"202400020104";"155746406";"B01";"1";"7";"0";"2";"3";"0";"1";""
"202400020105";"155746405";"A01";"1";"7";"2";"0";"3";"14";"1";""
"202400020106";"155746402";"A01";"1";"10";"0";"2";"2";"1";"1";""
"202400020106";"155746403";"B01";"1";"17";"0";"0";"6";"1";"1";""
"202400020107";"155746401";"A01";"1";"7";"0";"1";"0";"1";"2";""
"202400020108";"155746398";"A01";"2";"7";"3";"0";"9";"21";"1";""
"202400020109";"155746396";"C01";"0";"7";"0";"2";"4";"2";"1";""
"202400020109";"155746399";"A01";"3";"7";"0";"2";"1";"2";"1";""
"202400020109";"155746400";"B01";"3";"7";"0";"2";"4";"2";"1";""
"202400020110";"155746395";"A01";"1";"7";"0";"1";"0";"1";"1";""
"202400020111";"155746393";"A01";"0";"31";"0";"2";"1";"2";"1";""
"202400020111";"155746397";"B01";"0";"7";"0";"0";"5";"23";"1";""
"202400020112";"155746392";"A01";"2";"7";"0";"0";"6";"15";"0";""
"202400020112";"155746394";"B01";"2";"33";"0";"2";"1";"17";"1";""
"202400020113";"155746391";"A01";"1";"10";"16";"0";"1";"1";" -1";""
"202400020114";"155746389";"A01";"1";"7";"0";"2";"1";"2";"1";""
"202400020114";"155746390";"B01";"1";"7";"0";"2";"4";"2";"1";""
"202400020115";"155746388";"A01";"2";"7";"2";"0";"0";"13";"1";""
"202400020116";"155746384";"A01";"1";"33";"0";"0";"9";"17";"1";""
"202400020117";"155746385";"B01";"1";"30";"0";"0";"2";"1";"1";""
"202400020117";"155746387";"A01";"3";"10";"0";"0";"1";"15";"1";""
"202400020118";"155746382";"A01";"1";"7";"0";"0";"1";"1";"1";""
"202400020119";"155746381";"B01";"1";"7";"0";"2";"3";"1";"1";""
"202400020119";"155746383";"A01";"1";"7";"0";"2";"8";"13";"1";""
"202400020120";"155746380";"A01";"3";"7";"0";"2";"2";"14";"1";""
"202400020121";"155746379";"A01";"1";"7";"4";"0";"2";"1";"1";""
"202400020122";"155746378";"A01";"2";"7";"6";"0";"1";"1";"1";""
"202400020123";"155746377";"A01";"1";"7";"0";"0";"0";"17";"1";""
"202400020124";"155746374";"A01";"1";"7";"0";"2";"1";"19";"1";""
"202400020124";"155746375";"B01";"2";"34";"0";"2";"1";"1";"1";""
"202400020125";"155746373";"B01";"3";"7";"0";"2";"4";"26";"1";""
"202400020125";"155746376";"A01";"3";"7";"0";"2";"2";"15";"1";""
"202400020126";"155746370";"A01";"1";"33";"0";"0";"0";"1";"0";""
"202400020127";"155746369";"A01";"2";"7";"1";"0";"2";"1";"1";""
"202400020128";"155746371";"A01";"3";"0";"0";"9";"0";"26";"1";""
"202400020128";"155746372";"B01";"3";"33";"0";"9";"0";"26";"1";""
"202400020129";"155746367";"A01";"3";"7";"14";"2";"1";"26";"3";""
"202400020129";"155746368";"B01";"3";"38";"0";"2";"4";"2";"1";"1"
"202400020130";"155746363";"A01";"2";"7";"13";"0";"1";"15";"1";""
"202400020131";"155746361";"B01";"0";"7";"0";"2";"3";"1";"1";""
"202400020131";"155746364";"A01";"1";"1";"0";"2";"1";"13";"5";""
"202400020132";"155746360";"A01";"1";"7";"0";"2";"1";"0";"1";""
"202400020132";"155746362";"B01";"1";"7";"0";"0";"4";"2";"1";""
"202400020132";"155746365";"C01";"1";"7";"0";"2";"4";"2";"1";""
"202400020132";"155746366";"D01";"1";"7";"0";"0";"4";"2";"1";""
"202400020133";"155746359";"A01";"2";"7";"0";"0";"9";"21";"1";""
"202400020134";"155746353";"A01";"2";"17";"1";"0";"7";"15";"1";""
"202400020134";"155746356";"B01";"2";"7";"0";"0";"6";"24";"1";""
"202400020135";"155746354";"B01";"2";"10";"0";"2";"3";"1";"1";""
"202400020135";"155746358";"A01";"1";"7";"0";"2";"7";"1";"1";""
"202400020136";"155746352";"B01";"1";"7";"0";"2";"1";"1";"1";""
"202400020136";"155746357";"A01";"2";"2";"0";"2";"8";"16";"1";""
"202400020137";"155746349";"A01";"1";"15";"4";"0";"1";"13";"1";""
"202400020138";"155746348";"A01";"2";"10";"0";"2";"1";"13";"1";""
"202400020138";"155746350";"B01";"2";"7";"0";"2";"1";"1";"1";""
"202400020138";"155746351";"C01";"2";"7";"0";"2";"8";"1";"1";""
"202400020138";"155746355";"D01";"2";"7";"0";"2";"0";"9";"1";""
"202400020139";"155746345";"B01";"2";"7";"0";"2";"8";"2";"1";""
"202400020139";"155746347";"A01";"2";"31";"0";"2";"3";"13";"1";""
"202400020140";"155746342";"B01";"3";"7";"0";"0";"4";"26";"1";""
"202400020140";"155746346";"A01";"0";"7";"0";"2";"1";"26";"1";""
"202400020141";"155746335";"A01";"1";"7";"0";"2";"7";"1";"1";""
"202400020141";"155746338";"B01";"2";"7";"0";"2";"1";"1";"1";""
"202400020142";"155746334";"A01";"1";"7";"3";"0";"2";"1";"1";""
"202400020143";"155746332";"A01";"1";"7";"0";"2";"1";"15";"1";""
"202400020143";"155746337";"B01";"2";"7";"0";"2";"1";"1";"1";""
"202400020144";"155746333";"B01";"3";"30";"0";"2";"1";"1";"1";""
"202400020144";"155746336";"A01";"3";"7";"0";"2";"6";"15";"1";""
"202400020145";"155746331";"A01";"1";"7";"0";"1";"2";"1";"1";""
"202400020146";"155746330";"A01";"1";"7";"16";"0";"0";"2";"1";""
"202400020147";"155746329";"A01";"3";"7";"0";"1";"0";"1";"1";""
"202400020148";"155746328";"A01";"1";"37";"0";"1";"2";"21";"1";"1"
"202400020149";"155746326";"B01";"2";"7";"0";"0";"8";"15";"1";""
"202400020149";"155746327";"A01";"1";"33";"9";"2";"1";"13";"1";""
"202400020150";"155746322";"A01";"2";"7";"0";"2";"2";"2";"1";""
"202400020150";"155746325";"B01";"2";"7";"0";"2";"6";"2";"1";""
"202400020151";"155746319";"A01";"2";"7";"8";"0";"8";"1";"1";""
"202400020152";"155746321";"B01";"2";"7";"0";"2";"0";"18";"1";""
"202400020152";"155746324";"A01";"1";"33";"0";"2";"2";"15";"1";""
"202400020153";"155746320";"A01";"0";"30";"0";"2";"2";"1";"1";""
"202400020153";"155746323";"B01";"0";"7";"0";"2";"1";"1";"1";""
"202400020154";"155746317";"A01";"1";"7";"0";"1";"1";"1";"1";""
"202400020155";"155746314";"B01";"1";"7";"0";"2";"3";"1";"1";""
"202400020155";"155746316";"C01";"2";"10";"0";"2";"2";"1";"1";""
"202400020155";"155746318";"A01";"2";"7";"0";"2";"4";"1";"1";""
"202400020156";"155746311";"A01";"2";"7";"0";"2";"1";"17";"1";""
"202400020156";"155746313";"B01";"2";"7";"0";"2";"4";"2";"1";""
"202400020157";"155746310";"A01";"1";"2";"1";"0";"1";"1";"1";""
"202400020158";"155746308";"A01";"2";"7";"6";"0";"1";"16";"1";""
"202400020159";"155746306";"A01";"1";"7";"0";"2";"1";"5";"1";""
"202400020159";"155746309";"B01";"2";"7";"0";"2";"1";"1";"1";""
"202400020160";"155746305";"A01";"1";"7";"3";"0";"1";"14";"1";""
"202400020161";"155746304";"A01";"3";"7";"0";"2";"1";"13";"1";""
"202400020161";"155746307";"B01";"3";"7";"0";"2";"3";"1";"1";""
"202400020162";"155746303";"A01";"2";"7";"4";"0";"1";"11";"1";""
"202400020163";"155746302";"A01";"3";"7";"0";"0";"9";"1";"1";""
"202400020164";"155746301";"A01";"2";"7";"2";"0";"1";"1";"1";""
"202400020165";"155746297";"A01";"1";"2";"0";"2";"9";"26";"1";""
"202400020165";"155746298";"Z01";"1";"0";"0";"9";"2";"12";"0";""
"202400020166";"155746296";"A01";"3";"7";"0";"2";"8";"22";"1";""
"202400020166";"155746300";"B01";"3";"1";"1";"0";"8";"1";"5";""
"202400020167";"155746294";"A01";"1";"7";"0";"2";"1";"2";"1";""
"202400020167";"155746295";"B01";"1";"7";"0";"2";"4";"1";"1";""
"202400020167";"155746299";"C01";"1";"7";"0";"2";"4";"1";"1";""
"202400020168";"155746288";"A01";"1";"2";"0";"2";"4";"0";"1";""
"202400020168";"155746291";"B01";"1";"7";"0";"2";"1";"1";"1";""
"202400020169";"155746286";"A01";"2";"7";"0";"2";"2";"1";"1";""
"202400020169";"155746290";"B01";"2";"7";"0";"2";"6";"23";"1";""
"202400020170";"155746285";"A01";"1";"10";"0";"2";"1";"1";"1";""
"202400020170";"155746287";"B01";"1";"7";"0";"2";"4";"23";"1";""
"202400020171";"155746281";"A01";"3";"31";"0";"2";"1";"1";"1";""
"202400020171";"155746284";"B01";"3";"35";"0";"2";"2";"10";"1";""
"202400020172";"155746280";"B01";"2";"31";"0";"2";"1";"2";"3";""
"202400020172";"155746282";"A01";"2";"10";"0";"2";"4";"1";"1";""
"202400020173";"155746279";"A01";"3";"7";"0";"2";"1";"19";"1";""
"202400020173";"155746283";"B01";"3";"1";"0";"2";"8";"25";"0";""
"202400020174";"155746276";"B01";"2";"7";"0";"2";"1";"19";"1";""
"202400020174";"155746278";"A01";"3";"7";"0";"0";"5";"19";"1";""
"202400020175";"155746274";"A01";"2";"10";"0";"2";"5";"14";"1";""
"202400020175";"155746275";"B01";"2";"33";"0";"2";"3";"3";"1";""
"202400020175";"155746277";"C01";"2";"17";"0";"2";"3";"1";"1";""
"202400020176";"155746268";"A01";"2";"7";"0";"2";"4";"2";"1";""
"202400020176";"155746272";"B01";"2";"7";"0";"2";"1";"2";"1";""
"202400020177";"155746267";"A01";"1";"10";"0";"2";"6";"1";"1";""
"202400020177";"155746270";"B01";"1";"33";"0";"2";"2";"11";"1";""
"202400020178";"155746266";"B01";"1";"7";"0";"2";"4";"1";"0";""
"202400020178";"155746269";"A01";"1";"10";"0";"2";"1";"1";"1";""
"202400020178";"155746271";"C01";"1";"7";"0";"2";"4";"1";"1";""
"202400020178";"155746273";"D01";"1";"7";"0";"2";"4";"1";"1";""
"202400020179";"155746265";"A01";"1";"7";"3";"0";"7";"16";"1";""
"202400020180";"155746263";"B01";"1";"2";"0";"2";"0";"0";"3";""
"202400020180";"155746264";"A01";"1";"34";"0";"2";"3";"19";"1";""
"202400020181";"155746261";"A01";"2";"7";"4";"0";"1";"1";"1";""
"202400020182";"155746260";"A01";"1";"7";"0";"2";"1";"17";"1";""
"202400020182";"155746262";"B01";"1";"7";"0";"2";"1";"1";"3";""
"202400020183";"155746257";"B01";"1";"33";"0";"2";"7";"1";"1";""
"202400020183";"155746259";"A01";"3";"7";"0";"2";"2";"15";"1";""
"202400020184";"155746254";"A01";"2";"7";"0";"2";"1";"2";"1";""
"202400020184";"155746256";"B01";"2";"7";"0";"2";"4";"23";"1";""
"202400020184";"155746258";"C01";"2";"7";"0";"2";"4";"23";"1";""
"202400020185";"155746253";"A01";"2";"7";"0";"2";"2";"1";"1";""
"202400020185";"155746255";"B01";"2";"50";"0";"2";"8";"9";"3";""
"202400020186";"155746248";"A01";"1";"7";"0";"9";"3";"15";"1";""
"202400020186";"155746251";"B01";"2";"50";"0";"2";"1";"1";"3";""
"202400020187";"155746246";"A01";"1";"7";"0";"2";"1";"1";"1";""
"202400020187";"155746249";"B01";"1";"7";"3";"2";"1";"1";"1";""
"202400020187";"155746252";"C01";"1";"7";"0";"2";"6";"1";"1";""
"202400020188";"155746247";"A01";"1";"7";"0";"2";"3";"24";"1";""
"202400020188";"155746250";"B01";"1";"1";"1";"0";"1";"1";"5";""
"202400020189";"155746243";"A01";"1";"7";"8";"0";"3";"1";"3";""
"202400020190";"155746241";"A01";"1";"50";"0";"2";"1";"1";"3";""
"202400020190";"155746245";"B01";"1";"7";"0";"2";"4";"1";"3";""
"202400020191";"155746238";"A01";"0";"7";"0";"1";"2";"1";"1";""
"202400020192";"155746236";"E01";"1";"7";"4";"2";"1";"14";"1";""
"202400020192";"155746239";"A01";"1";"7";"4";"2";"7";"2";"3";""
"202400020192";"155746240";"B01";"1";"7";"4";"2";"4";"2";"1";""
"202400020192";"155746242";"C01";"1";"7";"4";"2";"2";"2";"1";""
"202400020192";"155746244";"D01";"1";"7";"4";"2";"4";"2";"1";""
"202400020193";"155746235";"B01";"1";"33";"0";"2";"2";"1";"1";""
"202400020193";"155746237";"A01";"1";"7";"0";"2";"3";"9";"1";""
"202400020194";"155746233";"A01";"2";"7";"0";"2";"1";"5";"1";""
"202400020194";"155746234";"B01";"1";"50";"0";"2";"1";"15";"3";""
"202400020195";"155746230";"A01";"2";"7";"0";"2";"1";"12";"1";""
"202400020195";"155746232";"B01";"2";"7";"0";"2";"6";"1";"1";""
"202400020196";"155746226";"B01";"1";"7";"0";"2";"4";"1";"1";""
"202400020196";"155746229";"C01";"1";"7";"0";"2";"4";"1";"1";""
"202400020196";"155746231";"A01";"1";"10";"0";"2";"1";"1";"1";""
"202400020197";"155746227";"B01";"1";"7";"0";"2";"1";"1";"1";""
"202400020197";"155746228";"A01";"2";"2";"0";"2";"1";"1";"1";""
"202400020198";"155746223";"A01";"2";"7";"0";"2";"1";"2";"1";""
"202400020198";"155746224";"B01";"2";"7";"0";"2";"4";"2";"1";""
"202400020198";"155746225";"C01";"2";"7";"0";"2";"4";"2";"1";""
"202400020199";"155746221";"A01";"1";"10";"0";"1";"3";"7";"1";""
"202400020200";"155746220";"A01";"2";"7";"6";"0";"1";"1";"1";""
"202400020201";"155746219";"B01";"3";"7";"0";"2";"1";"2";"1";""
"202400020201";"155746222";"A01";"3";"2";"0";"2";"1";"15";"1";""
"202400020202";"155746213";"B01";"2";"7";"0";"2";"4";"23";"1";""
"202400020202";"155746217";"A01";"2";"10";"0";"2";"1";"2";"1";""
"202400020203";"155746214";"A01";"1";"7";"0";"2";"1";"2";"1";""
"202400020203";"155746215";"B01";"1";"7";"0";"2";"4";"2";"1";""
"202400020203";"155746218";"C01";"1";"7";"0";"2";"4";"2";"1";""
"202400020204";"155746212";"A01";"1";"7";"0";"2";"8";"1";"1";""
"202400020204";"155746216";"B01";"1";"2";"0";"2";"1";"1";"1";""
"202400020205";"155746211";"A01";"2";"7";"4";"0";"0";"0";"1";""
"202400020206";"155746208";"A01";"2";"33";"0";"0";"8";"1";"1";""
"202400020207";"155746207";"Z01";"1";"7";"0";"2";"1";"0";"1";""
"202400020207";"155746210";"A01";"1";"1";"0";"2";"4";"1";"5";""
"202400020208";"155746206";"A01";"1";"7";"0";"0";"4";"23";"1";""
"202400020208";"155746209";"B01";"1";"7";"0";"2";"1";"0";"1";""
"202400020209";"155746204";"A01";"2";"32";"0";"2";"1";"13";"1";""
"202400020209";"155746205";"B01";"2";"7";"0";"2";"6";"1";"2";""
"202400020210";"155746201";"A01";"1";"7";"13";"0";"9";"14";"1";""
"202400020211";"155746200";"A01";"2";"33";"0";"2";"3";"3";"1";""
"202400020211";"155746202";"B01";"2";"7";"0";"2";"7";"1";"1";""
"202400020212";"155746199";"B01";"1";"7";"0";"2";"2";"1";"1";""
"202400020212";"155746203";"A01";"2";"33";"0";"2";"1";"17";"1";""
"202400020213";"155746196";"A01";"1";"7";"13";"0";"1";"2";"1";""
"202400020214";"155746194";"B01";"1";"10";"0";"2";"3";"15";"0";""
"202400020214";"155746197";"A01";"1";"31";"0";"2";"7";"17";"0";""
"202400020215";"155746193";"A01";"1";"7";"0";"2";"4";"2";"1";""
"202400020215";"155746195";"B01";"1";"7";"0";"2";"1";"2";"1";""
"202400020215";"155746198";"C01";"1";"7";"0";"2";"1";"2";"1";""
"202400020216";"155746190";"A01";"3";"7";"0";"2";"6";"10";"1";""
"202400020216";"155746192";"B01";"3";"32";"0";"2";"1";"1";"1";""
"202400020217";"155746187";"B01";"2";"33";"0";"2";"3";"1";"1";""
"202400020217";"155746189";"A01";"1";"7";" -1";"2";"1";"20";"1";""
"202400020218";"155746188";"B01";"2";"7";"0";"2";"4";"23";"1";""
"202400020218";"155746191";"A01";"2";"7";"0";"2";"1";"2";"1";""
"202400020219";"155746185";"A01";"3";"7";"0";"2";"1";"1";"1";""
"202400020219";"155746186";"B01";"3";"7";"0";"2";"1";"1";"1";""
"202400020220";"155746182";"A01";"3";"7";"0";"2";"1";"9";"1";""
"202400020220";"155746184";"B01";"1";"50";"0";"2";"7";"1";"3";""
"202400020221";"155746181";"A01";"1";"7";"0";"2";"2";"15";"1";""
"202400020221";"155746183";"B01";"2";"33";"0";"0";"0";"0";"1";""
"202400020222";"155746179";"A01";"3";"10";"1";"0";"2";"1";"1";""
"202400020223";"155746178";"A01";"1";"7";"0";"2";"2";"14";"1";""
"202400020223";"155746180";"B01";"1";"2";"0";"2";"2";"18";"1";""
"202400020224";"155746174";"A01";"1";"30";"0";"2";"0";"1";"1";""
"202400020225";"155746172";"A01";"0";"7";"0";"0";"4";"10";"1";""
"202400020225";"155746173";"B01";"0";"33";"0";"2";"1";"2";"1";""
"202400020226";"155746169";"A01";"1";"7";"1";"0";"1";"0";"1";""
"202400020227";"155746168";"A01";"0";"33";"0";"2";"0";"10";"1";""
"202400020227";"155746171";"B01";"0";"10";"0";"2";"0";"1";"1";""
"202400020228";"155746167";"A01";"3";"7";"0";"2";"3";"1";"1";""
"202400020228";"155746170";"B01";"3";"7";"0";"2";"3";"1";"1";""
"202400020229";"155746164";"A01";"1";"7";"0";"2";"8";"1";"1";""
"202400020229";"155746166";"B01";"2";"7";"0";"2";"8";"1";"1";""