"Num_Acc";"id_vehicule";"num_veh";"senc";"catv";"obs";"obsm";"choc";"manv";"motor";"occutc"
"202400020230";"155746163";"A01";"0";"7";"0";"2";"0";"20";"1";""
"202400020230";"155746165";"B01";"0";"50";"0";"2";"0";"0";"3";""
"202400020231";"155746160";"A01";"2";"50";"0";"0";"0";"1";"3";""
"202400020232";"155746159";"A01";"1";"7";"0";"2";"3";"13";"1";""
"202400020232";"155746162";"B01";"2";"7";"0";"2";"3";"1";"1";""
"202400020233";"155746157";"A01";"2";"10";"0";"2";"1";"1";"1";""
"202400020233";"155746158";"B01";"2";"10";"0";"2";"4";"1";"1";""
"202400020233";"155746161";"C01";"2";"7";"0";"2";"4";"1";"2";""
"202400020234";"155746154";"A01";"1";"7";"0";"2";"2";"15";"1";""
"202400020234";"155746156";"B01";"2";"33";"0";"2";"1";"1";"1";""
"202400020235";"155746152";"B01";"2";"1";"0";"2";"1";"1";"5";""
"202400020235";"155746155";"A01";"2";"13";"0";"9";"7";"1";"6";""
"202400020236";"155746151";"A01";"1";"7";"0";"2";"3";"19";"1";""
"202400020236";"155746153";"B01";"1";"33";"0";"2";"2";"1";"1";""
"202400020237";"155746149";"A01";"1";"80";"0";"0";"1";"1";"3";""
"202400020238";"155746145";"A01";"1";"7";"0";"2";"1";"1";"1";""
"202400020238";"155746148";"B01";"2";"1";"0";"2";"1";"0";"5";""
"202400020239";"155746144";"A01";"1";"10";"0";"1";"5";"26";"1";""
"202400020240";"155746140";"A01";"1";"10";"9";"0";"2";"2";"1";""
"202400020240";"155746143";"B01";"1";"33";"9";"0";"0";"15";"1";""
"202400020241";"155746139";"A01";"3";"7";"0";"2";"2";"10";"0";""
"202400020241";"155746141";"B01";"3";"33";"0";"2";"1";"1";"0";""
"202400020242";"155746138";"A01";"0";"7";"0";"0";"0";"0";"1";""
"202400020242";"155746142";"B01";"1";"60";"0";"0";"0";"0";"5";""
"202400020243";"155746137";"A01";"1";"7";"0";"1";"1";"1";"1";""
"202400020244";"155746135";"A01";"2";"33";"0";"2";"1";"2";"1";""
"202400020244";"155746136";"B01";"2";"7";"0";"2";"7";"16";"2";""
"202400020245";"155746133";"A01";"1";"7";"0";"9";"0";"0";"1";""
"202400020245";"155746134";"B01";"2";"50";"0";"2";"1";"11";"3";""
"202400020246";"155746129";"A01";"1";"10";"0";"2";"8";"15";"0";""
"202400020246";"155746131";"B01";"1";"2";"0";"2";"7";"17";"0";""
"202400020247";"155746130";"A01";"1";"7";"0";"2";"1";"1";"1";""
"202400020247";"155746132";"B01";"1";"7";"0";"2";"2";"1";"1";""
"202400020248";"155746127";"A01";"1";"7";"0";"2";"1";"2";"1";""
"202400020248";"155746128";"B01";"1";"7";"0";"2";"4";"23";"1";""
"202400020249";"155746124";"A01";"2";"7";"0";"2";"2";"1";"1";""
"202400020249";"155746126";"B01";"1";"7";"0";"2";"7";"1";"1";""
"202400020250";"155746121";"B01";"1";"7";"0";"2";"3";"20";"1";""
"202400020250";"155746123";"A01";"1";"7";"0";"2";"1";"1";"1";""
"202400020251";"155746122";"A01";"1";"10";"0";"2";"1";"1";"0";""
"202400020251";"155746125";"B01";"2";"33";"0";"2";"8";"1";"1";""
"202400020252";"155746120";"A01";"2";"40";"0";"1";"3";"1";"3";""
"202400020253";"155746117";"B01";"0";"7";"0";"2";"8";"1";"3";""
"202400020253";"155746119";"A01";"3";"7";"0";"2";"1";"1";"1";""
"202400020254";"155746116";"A01";"0";"15";"0";"2";"8";"1";"1";""
"202400020254";"155746118";"B01";"3";"7";"0";"2";"1";"1";"1";""
"202400020255";"155746113";"A01";"3";"30";"0";"2";"2";"1";"1";""
"202400020255";"155746115";"B01";"3";"7";"0";"2";"3";"15";"1";""
"202400020256";"155746112";"B01";"1";"7";"0";"2";"1";"1";"2";""
"202400020256";"155746114";"A01";"1";"7";"0";"2";"2";"1";"1";""
"202400020257";"155746111";"A01";"1";"7";"0";"1";"2";"15";"1";""
"202400020258";"155746109";"A01";"1";"7";"0";"1";"2";"1";"1";""
"202400020259";"155746108";"A01";"2";"7";"0";"2";"3";"16";"1";""
"202400020259";"155746110";"B01";"2";"1";"0";"2";"2";"1";"5";""
"202400020260";"155746107";"A01";"2";"7";"0";"1";"1";"26";"3";""
"202400020261";"155746103";"A01";"1";"7";"0";"2";"3";"1";"1";""
"202400020261";"155746106";"B01";"1";"7";"0";"2";"1";"1";"1";""
"202400020262";"155746104";"A01";"1";"10";"0";"2";"1";"2";"1";""
"202400020262";"155746105";"B01";"1";"7";"0";"2";"4";"23";"1";""
"202400020263";"155746102";"A01";"1";"7";"2";"0";"2";"1";"1";""
"202400020264";"155746100";"A01";"1";"7";"6";"0";"1";"6";"1";""
"202400020265";"155746099";"B01";"2";"33";"0";"2";"5";"1";"1";""
"202400020265";"155746101";"A01";"3";"7";"0";"2";"1";"16";"1";""
"202400020266";"155746098";"A01";"0";"50";"0";"0";"0";"0";"3";""
"202400020267";"155746096";"A01";"0";"7";"2";"0";"1";"26";"1";""
"202400020268";"155746095";"B01";"3";"33";"0";"2";"7";"1";"1";""
"202400020268";"155746097";"A01";"3";"7";"0";"2";"1";"9";"1";""
"202400020269";"155746094";"A01";"1";"30";"0";"0";"0";"0";"1";""
"202400020270";"155746093";"A01";"2";"50";"0";"1";"1";"0";"3";""
"202400020271";"155746092";"A01";"2";"7";"0";"1";"3";"0";"1";""
"202400020272";"155746089";"A01";"1";"7";"0";"1";"1";"1";"1";""
"202400020273";"155746088";"A01";"3";"7";"0";"2";"3";"1";"1";""
"202400020273";"155746090";"B01";"3";"7";"0";"1";"1";"1";"1";""
"202400020274";"155746087";"B01";"2";"50";"0";"2";"1";"1";"3";""
"202400020274";"155746091";"A01";"3";"7";"0";"2";"3";"15";"1";""
"202400020275";"155746086";"A01";"0";"7";"7";"0";"1";"1";"1";""
"202400020276";"155746085";"A01";"1";"7";"0";"1";"0";"1";"0";""
"202400020277";"155746080";"A01";"0";"7";"0";"2";"3";"10";"1";""
"202400020277";"155746083";"B01";"0";"37";"0";"2";"1";"1";"0";"1"
"202400020278";"155746081";"A01";"1";"7";"0";"2";"1";"15";"1";""
"202400020278";"155746084";"B01";"1";"32";"0";"2";"1";"0";"1";""
"202400020279";"155746079";"B01";"2";"33";"0";"2";"1";"0";"1";""
"202400020279";"155746082";"A01";"1";"7";"0";"2";"2";"15";"1";""
"202400020280";"155746077";"A01";"1";"7";"0";"2";"3";"15";"3";""
"202400020280";"155746078";"B01";"2";"1";"0";"2";"1";"1";"5";""
"202400020281";"155746075";"A01";"1";"30";"0";"1";"1";"1";"1";""
"202400020282";"155746074";"A01";"2";"7";"0";"2";"1";"1";"1";""
"202400020282";"155746076";"B01";"1";"7";"0";"2";"1";"1";"2";""
"202400020283";"155746069";"A01";"1";"30";"0";"2";"2";"1";"1";""
"202400020283";"155746072";"B01";"2";"7";"0";"2";"3";"1";"1";""
"202400020284";"155746071";"A01";"1";"7";"0";"2";"1";"1";"2";""
"202400020284";"155746073";"B01";"1";"80";"0";"2";"1";"0";"3";""
"202400020285";"155746068";"A01";"1";"7";"0";"2";"3";"15";"1";""
"202400020285";"155746070";"B01";"1";"33";"0";"2";"1";"17";"1";""
"202400020286";"155746066";"B01";"1";"50";"0";"2";"0";"19";"3";""
"202400020286";"155746067";"A01";"1";"7";"0";"2";"0";"16";"1";""
"202400020287";"155746064";"A01";"1";"3";"0";"1";"2";"1";"1";""
"202400020288";"155746063";"A01";"0";"7";"0";"2";"1";"5";"1";""
"202400020288";"155746065";"B01";"0";"2";"0";"2";"1";"5";"1";""
"202400020289";"155746061";"A01";"1";"7";"0";"2";"1";"1";"1";""
"202400020289";"155746062";"B01";"1";"1";"0";"2";"4";"1";"5";""
"202400020290";"155746058";"A01";"1";"7";"0";"2";"1";"1";"1";""
"202400020290";"155746060";"B01";"1";"1";"0";"2";"1";"1";"5";""
"202400020291";"155746055";"B01";"3";"7";"0";"2";"6";"15";"2";""
"202400020291";"155746057";"A01";"1";"7";"0";"2";"3";"1";"1";""
"202400020292";"155746056";"B01";"2";"33";"0";"2";"0";"23";"1";""
"202400020292";"155746059";"A01";"1";"7";"0";"2";"1";"1";"1";""
"202400020293";"155746054";"A01";"1";"10";"0";"1";"1";"1";"1";""
"202400020294";"155746049";"B01";"3";"50";"0";"2";"1";"9";"3";""
"202400020294";"155746052";"Z01";"3";"7";"0";"2";"7";"26";"1";""
"202400020295";"155746048";"B01";"0";"1";"0";" -1";"1";"14";"5";""
"202400020295";"155746051";"A01";"0";"7";"0";"2";"5";"0";"1";""
"202400020296";"155746050";"B01";"0";"15";"0";"2";"4";"9";"1";""
"202400020296";"155746053";"A01";"3";"7";"0";"2";"1";"9";"1";""
"202400020297";"155746046";"A01";"3";"50";"0";"2";"0";"1";"3";""
"202400020298";"155746043";"A01";"2";"30";"0";"2";"1";"15";"1";""
"202400020298";"155746045";"B01";"1";"7";"0";"2";"3";"1";"1";""
"202400020299";"155746044";"B01";"3";"10";"0";"9";"6";"1";"1";""
"202400020299";"155746047";"A01";"2";"80";"0";"2";"3";"16";"3";""
"202400020300";"155746042";"A01";"3";"50";"15";"0";"0";"1";"3";""
"202400020301";"155746040";"B01";"1";"50";"0";"2";"1";"1";"3";""
"202400020301";"155746041";"A01";"2";"32";"0";"9";"1";"5";"1";""
"202400020302";"155746038";"Z01";"3";"1";"0";"1";"0";"1";"5";""
"202400020303";"155746037";"A01";"1";"7";"0";"2";"1";"1";"1";""
"202400020303";"155746039";"B01";"2";"7";"0";"2";"1";"13";"1";""
"202400020304";"155746035";"A01";"3";"7";"0";"1";"8";"15";"1";""
"202400020305";"155746034";"A01";"3";"7";"0";"2";"1";"2";"1";""
"202400020305";"155746036";"B01";"3";"7";"0";"2";"4";"23";"1";""
"202400020306";"155746033";"A01";"3";"7";"0";"0";"3";"2";"1";""
"202400020307";"155746031";"A01";"3";"7";"9";"0";"1";"26";"1";""
"202400020308";"155746030";"B01";"1";"7";"2";"2";"7";"1";"1";""
"202400020308";"155746032";"A01";"2";"7";"0";"2";"1";"26";"1";""
"202400020309";"155746029";"A01";"3";"60";"12";"0";"1";"1";"5";""
"202400020310";"155746026";"B01";"1";"7";"0";"2";"0";"1";"1";""
"202400020310";"155746028";"A01";"1";"33";"0";"2";"0";"17";"1";""
"202400020311";"155746025";"A01";"2";"7";"0";"2";"1";"20";"1";""
"202400020311";"155746027";"B01";"2";"50";"0";"2";"3";"1";"3";""
"202400020312";"155746024";"A01";"3";"2";"11";"0";"7";"1";"1";""
"202400020313";"155746021";"A01";"1";"1";"0";"2";"1";"1";"5";""
"202400020313";"155746023";"B01";"1";"7";"0";"2";"4";"1";"1";""
"202400020314";"155746019";"A01";"1";"7";"0";"6";"0";"1";"1";""
"202400020315";"155746016";"A01";"1";"31";"0";"2";"2";"1";"1";""
"202400020315";"155746018";"B01";"2";"10";"0";"2";"5";"15";"1";""
"202400020316";"155746015";"Z01";"1";"7";"0";"2";"3";"1";"1";""
"202400020316";"155746017";"B01";"1";"1";"0";"2";"1";"1";"5";""
"202400020317";"155746013";"B01";"1";"7";"0";"2";"3";"13";"1";""
"202400020317";"155746014";"A01";"2";"7";"0";"2";"3";"1";"1";""
"202400020318";"155746011";"A01";"2";"40";"0";"1";"2";"26";"3";""
"202400020319";"155746010";"B01";"1";"1";"0";"2";"7";"1";"5";""
"202400020319";"155746012";"A01";"1";"7";"0";"2";"3";"9";"3";""
"202400020320";"155746008";"A01";"1";"15";"1";"0";"3";"13";"1";""
"202400020321";"155746007";"A01";"2";"7";"0";"2";"3";"9";"1";""
"202400020321";"155746009";"B01";"2";"7";"0";"2";"2";"1";"1";""
"202400020322";"155746006";"A01";"3";"7";"0";"1";"3";"1";"1";""
"202400020323";"155746004";"A01";"1";"10";"7";"0";"2";"1";"1";""
"202400020324";"155746005";"A01";"0";"7";"8";"1";"2";"15";"1";""
"202400020325";"155746002";"B01";"3";"1";"0";"2";"1";"1";"5";""
"202400020325";"155746003";"Z01";"0";"7";"0";"9";"0";"0";"0";""
"202400020326";"155745999";"B01";"1";"80";"0";"2";"7";"1";"3";""
"202400020326";"155746001";"A01";"2";"10";"0";"9";"3";"19";"1";""
"202400020327";"155745998";"A01";"1";"33";"0";"2";"1";"13";"1";""
"202400020327";"155746000";"B01";"1";"7";"0";"2";"1";"13";"1";""
"202400020328";"155745996";"A01";"2";"30";"14";"0";"1";"14";"1";""
"202400020329";"155745995";"A01";"1";"7";"0";"2";"2";"13";"2";""
"202400020329";"155745997";"B01";"2";"7";"0";"2";"2";"9";"1";""
"202400020330";"155745992";"A01";"1";"33";"0";"9";"0";"26";"1";""
"202400020331";"155745989";"A01";"2";"7";"0";"2";"2";"15";"1";""
"202400020331";"155745991";"B01";"1";"32";"0";"2";"1";"1";"1";""
"202400020332";"155745985";"B01";"2";"50";"0";"2";"1";"1";"3";""
"202400020332";"155745987";"A01";"1";"7";"0";"2";"1";"15";"1";""
"202400020333";"155745984";"A01";"2";"33";"0";"2";"1";"1";"1";""
"202400020333";"155745986";"B01";"2";"10";"0";"2";"4";"15";"1";""
"202400020334";"155745980";"A01";"2";"10";"0";"2";"1";"13";"1";""
"202400020334";"155745981";"B01";"1";"17";"0";"2";"1";"21";"1";""
"202400020335";"155745979";"A01";"0";"1";"16";"0";"0";"1";"5";""
"202400020336";"155745976";"B01";"0";"50";"0";"2";"1";"1";"3";""
"202400020336";"155745978";"A01";"0";"7";"0";"9";"7";"19";"1";""
"202400020337";"155745975";"A01";"1";"7";"0";"2";"1";"13";"1";""
"202400020337";"155745977";"B01";"2";"7";"4";"2";"1";"1";"1";""
"202400020338";"155745974";"A01";"1";"50";"0";"0";"0";"13";"3";""
"202400020339";"155745972";"A01";"1";"7";"0";"1";"1";"1";"1";""
"202400020340";"155745971";"A01";"2";"33";"14";"2";"1";"26";"1";""
"202400020340";"155745973";"B01";"2";"7";"0";"2";"5";"23";"1";""
"202400020341";"155745968";"B01";"2";"7";"0";"2";"1";"5";"1";""
"202400020341";"155745969";"A01";"1";"7";"0";"2";"1";"1";"1";""
"202400020342";"155745966";"A01";"2";"33";"0";"2";"7";"17";"1";""
"202400020342";"155745967";"B01";"2";"7";"0";"2";"8";"1";"1";""
"202400020343";"155745964";"A01";"1";"15";"4";"0";"1";"1";"1";""
"202400020344";"155745963";"A01";"1";"7";"0";"2";"2";"21";"1";""
"202400020344";"155745965";"B01";"1";"7";"8";"0";"6";"1";"1";""
"202400020345";"155745960";"B01";"2";"7";"0";"2";"3";"1";"1";""
"202400020345";"155745962";"A01";"1";"10";"0";"2";"3";"13";"1";""
"202400020346";"155745959";"A01";"1";"7";"0";"2";"1";"1";"1";""
"202400020346";"155745961";"B01";"2";"7";"0";"2";"7";"1";"1";""
"202400020347";"155745958";"A01";"2";"80";"6";"0";"1";"1";"3";""
"202400020348";"155745956";"A01";"2";"37";"0";"2";"2";"1";"1";"1"
"202400020348";"155745957";"B01";"2";"7";"0";"2";"5";"12";"1";""
"202400020349";"155745954";"A01";"2";"1";"0";"5";"1";"1";"5";""
"202400020349";"155745955";"B01";"2";"1";"0";"2";"1";"2";"5";""
"202400020350";"155745952";"A01";"2";"7";"0";"2";"1";"13";"1";""
"202400020350";"155745953";"B01";"1";"7";"0";"2";"2";"1";"1";""
"202400020351";"155745950";"B01";"1";"1";"0";"0";"4";"9";"5";""
"202400020351";"155745951";"A01";"1";"10";"0";"2";"1";"9";"3";""
"202400020352";"155745948";"B01";"1";"7";"0";"2";"2";"1";"1";""
"202400020352";"155745949";"A01";"1";"7";"0";"2";"6";"9";"1";""
"202400020353";"155745944";"A01";"1";"7";"0";"2";"3";"13";"1";""
"202400020353";"155745945";"B01";"1";"15";"0";"2";"6";"1";"1";""
"202400020353";"155745947";"C01";"2";"7";"0";"2";"8";"1";"1";""
"202400020354";"155745943";"B01";"2";"7";"4";"0";"5";"1";"1";""
"202400020354";"155745946";"A01";"2";"10";"0";"2";"2";"2";"1";""
"202400020355";"155745941";"A01";"3";"7";"1";"0";"8";"26";"1";""
"202400020355";"155745942";"B01";"3";"1";"0";"2";"1";"1";"5";""
"202400020356";"155745940";"A01";"2";"7";"2";"0";"1";"2";"1";""
"202400020357";"155745939";"A01";"1";"7";"0";"1";"2";"1";"1";""
"202400020358";"155745937";"A01";"2";"7";"0";"2";"5";"12";"1";""
"202400020358";"155745938";"B01";"2";"33";"0";"2";"1";"2";"1";""
"202400020359";"155745936";"A01";"1";"7";"0";"1";"1";"15";"1";""
"202400020360";"155745935";"A01";"1";"7";"0";"1";"1";"1";"1";""
"202400020361";"155745931";"A01";"2";"50";"0";"0";"8";"1";"3";""
"202400020362";"155745932";"A01";"2";"33";"0";"2";"1";"1";"1";""
"202400020362";"155745934";"B01";"1";"7";"0";"2";"5";"15";"1";""
"202400020363";"155745929";"A01";"2";"7";"0";"2";"1";"2";"1";""
"202400020363";"155745930";"B01";"2";"7";"0";"2";"4";"2";"2";""
"202400020363";"155745933";"C01";"2";"7";"0";"2";"4";"2";"2";""
"202400020364";"155745926";"B01";"2";"1";"0";"2";"1";"1";"5";""
"202400020364";"155745927";"A01";"2";"7";"0";"2";"1";"17";"1";""
"202400020365";"155745924";"B01";"1";"7";"0";"0";"4";"0";"1";""
"202400020365";"155745928";"A01";"1";"37";"0";"2";"1";"1";"1";"1"
"202400020366";"155745917";"B01";"2";"7";"0";"2";"4";"2";"2";""
"202400020366";"155745920";"A01";"2";"7";"0";"2";"1";"2";"2";""
"202400020367";"155745919";"A01";"2";"7";"0";"2";"3";"26";"1";""
"202400020367";"155745922";"B01";"1";"50";"0";"2";"1";"26";"3";""
"202400020368";"155745916";"B01";"1";"7";"0";"2";"4";"2";"2";""
"202400020368";"155745918";"C01";"1";"10";"0";"2";"4";"2";"1";""
"202400020368";"155745921";"D01";"1";"7";"0";"2";"4";"2";"1";""
"202400020368";"155745923";"E01";"1";"7";"0";"2";"4";"2";"1";""
"202400020368";"155745925";"A01";"1";"10";"0";"2";"1";"2";"1";""
"202400020369";"155745914";"A01";"1";"34";"0";"2";"1";"2";"3";""
"202400020369";"155745915";"B01";"1";"10";"0";"2";"6";"2";"1";""
"202400020370";"155745912";"A01";"0";"2";"0";"2";"7";"1";"1";""
"202400020370";"155745913";"B01";"0";"7";"0";"2";"1";"1";"1";""
"202400020371";"155745909";"A01";"1";"10";"0";"2";"1";"17";"1";""
"202400020371";"155745911";"B01";"1";"7";"0";"2";"6";"2";"1";""
"202400020372";"155745908";"A01";"2";"33";"0";"2";"1";"3";"1";""
"202400020372";"155745910";"B01";"2";"7";"0";"2";"5";"11";"1";""
"202400020373";"155745905";"A01";"1";"7";"0";"2";"3";"1";"1";""
"202400020373";"155745907";"B01";"2";"7";"0";"2";"3";"13";"1";""
"202400020374";"155745904";"B01";"2";"2";"0";"2";"1";"1";" -1";""
"202400020374";"155745906";"A01";"0";"10";"0";"2";"1";"11";"0";""
"202400020375";"155745903";"A01";"1";"7";"3";"0";"8";"2";"1";""
"202400020376";"155745902";"A01";"2";"50";"0";"1";"1";"1";"3";""
"202400020377";"155745899";"B01";"3";"7";"0";"2";"1";"2";"3";""
"202400020377";"155745901";"A01";"0";"50";"0";"2";"7";"5";"3";""
"202400020378";"155745897";"A01";"1";"7";"3";"0";"9";"1";"1";""
"202400020379";"155745893";"A01";"2";"7";"0";"0";"0";"0";"1";""
"202400020379";"155745895";"B01";"2";"7";"0";"9";"1";"12";"1";""
"202400020379";"155745896";"C01";"2";"34";"0";"2";"8";"0";"1";""
"202400020380";"155745894";"B01";"2";"80";"0";"2";"2";"1";"3";""
"202400020380";"155745898";"A01";"2";"37";"0";"2";"5";"17";"2";"1"
"202400020381";"155745892";"A01";"2";"7";"0";"1";"3";"1";"1";""
"202400020382";"155745889";"A01";"1";"7";"0";"1";"3";"1";"1";""
"202400020383";"155745886";"A01";"3";"7";"0";"2";"3";"9";"1";""
"202400020383";"155745888";"B01";"1";"30";"0";"2";"2";"0";"1";""
"202400020384";"155745885";"C01";"2";"33";"0";"2";"6";"1";"1";""
"202400020384";"155745887";"A01";"2";"7";"0";"2";"2";"12";"1";""
"202400020384";"155745890";"D01";"2";"7";"0";"2";"7";"1";"1";""
"202400020384";"155745891";"B01";"2";"7";"0";"2";"2";"1";"1";""
"202400020385";"155745883";"A01";"3";"30";"0";"1";"1";"25";"1";""
"202400020386";"155745881";"Z01";"2";"10";"0";"9";"0";"0";"0";""
"202400020386";"155745884";"B01";"2";"1";"0";"2";"3";"1";"5";""
"202400020387";"155745879";"B01";"1";"7";"3";"2";"6";"1";"1";""
"202400020387";"155745880";"A01";"1";"10";"0";"2";"2";"2";"1";""
"202400020387";"155745882";"C01";"1";"10";"3";"2";"5";"1";"1";""
"202400020388";"155745875";"A01";"1";"50";"0";"2";"8";"3";"3";""
"202400020388";"155745877";"B01";"1";"7";"4";"2";"8";"22";"1";""
"202400020388";"155745878";"C01";"1";"10";"0";"2";"7";"1";"1";""
"202400020389";"155745873";"Z01";"1";"7";"0";"0";"0";"5";"1";""
"202400020389";"155745876";"A01";"2";"7";"0";"2";"9";"1";"1";""
"202400020390";"155745872";"B01";"2";"32";"0";"2";"8";"3";"1";""
"202400020390";"155745874";"A01";"2";"7";"0";"2";"7";"12";"3";""
"202400020391";"155745870";"A01";"3";"7";"0";"2";"2";"16";"3";""
"202400020391";"155745871";"B01";"3";"34";"0";"2";"4";"1";"1";""
"202400020392";"155745866";"A01";"2";"10";"0";"2";"1";"2";"1";""
"202400020392";"155745867";"B01";"2";"7";"0";"2";"4";"2";"2";""
"202400020392";"155745869";"C01";"2";"7";"0";"2";"4";"2";"2";""
"202400020393";"155745865";"A01";"2";"7";"0";"2";"9";"11";"2";""
"202400020393";"155745868";"B01";"2";"7";"0";"2";"2";"1";"1";""
"202400020394";"155745863";"A01";"1";"50";"0";"2";"8";"15";"3";""
"202400020394";"155745864";"Z01";"1";"33";"9";"2";"1";"1";"0";""
"202400020395";"155745861";"A01";"2";"7";"0";"2";"1";"2";"2";""
"202400020395";"155745862";"B01";"2";"7";"0";"2";"4";"2";"1";""
"202400020396";"155745860";"A01";"2";"10";"0";"1";"3";"1";"1";""
"202400020397";"155745858";"A01";"2";"7";"0";"2";"1";"12";"1";""
"202400020398";"155745857";"B01";"1";"1";"0";"2";"6";"1";"5";""
"202400020398";"155745859";"A01";"1";"7";"0";"2";"3";"1";"1";""
"202400020399";"155745856";"A01";"1";"7";"6";"0";"1";"13";"0";""
"202400020400";"155745855";"A01";"2";"13";"0";"0";"0";"1";"1";""
"202400020401";"155745853";"A01";"1";"30";"0";"2";"7";"17";"1";""
"202400020401";"155745854";"B01";"3";"7";"0";"2";"3";"15";"1";""
"202400020402";"155745850";"A01";"2";"7";"0";"2";"1";"2";"1";""
"202400020402";"155745851";"B01";"2";"7";"0";"2";"4";"2";"1";""
"202400020403";"155745849";"A01";"0";"7";"0";"2";"1";"19";"1";""
"202400020403";"155745852";"B01";"0";"7";"0";"2";"1";"0";"2";""
"202400020404";"155745847";"A01";"3";"7";"0";"2";"1";"1";"1";""
"202400020404";"155745848";"B01";"3";"7";"0";"2";"4";"1";"3";""
"202400020405";"155745844";"A01";"2";"10";"0";"2";"2";"12";"1";""
"202400020405";"155745846";"B01";"2";"33";"0";"2";"8";"1";"1";""
"202400020406";"155745843";"A01";"2";"7";"0";"9";"3";"0";"1";""
"202400020406";"155745845";"B01";"3";"1";"0";"2";"0";"0";"5";""
"202400020407";"155745839";"B01";"3";"7";"0";"2";"8";"1";"1";""
"202400020407";"155745842";"A01";"3";"32";"0";"2";"2";"1";"1";""
"202400020408";"155745836";"B01";"2";"7";"0";"2";"9";"2";"1";""
"202400020408";"155745838";"C01";"2";"10";"0";"2";"4";"2";"1";""
"202400020408";"155745841";"A01";"2";"7";"0";"2";"1";"2";"1";""
"202400020409";"155745837";"A01";"2";"7";"0";"2";"0";"17";"1";""
"202400020409";"155745840";"B01";"1";"1";"0";"2";"0";"21";"5";""
"202400020410";"155745834";"A01";"1";"43";"0";"0";"7";"1";"1";""
"202400020411";"155745831";"A01";"1";"7";"0";"2";"3";"1";"1";""
"202400020411";"155745833";"B01";"1";"0";"0";"2";"5";"12";"0";""
"202400020412";"155745832";"A01";"2";"7";"0";"2";"7";"15";"1";""
"202400020412";"155745835";"B01";"2";"7";"0";"2";"1";"1";"1";""
"202400020413";"155745826";"A01";"1";"7";"4";"2";"1";"1";"1";""
"202400020413";"155745828";"B01";"1";"7";"0";"2";"4";"1";"1";""
"202400020413";"155745829";"C01";"1";"10";"0";"2";"1";"1";"1";""
"202400020413";"155745830";"D01";"1";"7";"0";"2";"3";"1";"1";""
"202400020414";"155745825";"A01";"3";"33";"0";"2";"3";"17";"1";""
"202400020414";"155745827";"B01";"3";"7";"0";"2";"8";"15";"1";""
"202400020415";"155745824";"A01";"1";"30";"0";"2";"7";"1";"3";""
"202400020416";"155745823";"A01";"1";"33";"0";"0";"9";"1";"1";""
"202400020417";"155745820";"A01";"0";"7";"0";"2";"5";"15";"1";""
"202400020417";"155745822";"B01";"0";"2";"0";"2";"1";"1";"1";""
"202400020418";"155745819";"A01";"2";"7";"0";"2";"3";"15";"1";""
"202400020418";"155745821";"B01";"1";"33";"0";"2";"1";"1";"1";""
"202400020419";"155745816";"A01";"3";"7";"0";"0";"9";"16";"1";""
"202400020420";"155745817";"A01";"1";"7";"0";"2";"1";"13";"1";""
"202400020420";"155745818";"B01";"2";"7";"0";"2";"1";"1";"1";""
"202400020421";"155745812";"B01";"2";"7";"0";"2";"1";"1";"1";""
"202400020421";"155745815";"A01";"2";"7";"8";"2";"7";"15";"1";""
"202400020422";"155745811";"A01";"1";"7";"0";"2";"1";"1";"1";""
"202400020422";"155745813";"B01";"1";"7";"0";"2";"4";"15";"1";""
"202400020423";"155745810";"A01";"1";"7";"0";"2";"3";"2";"1";""
"202400020423";"155745814";"B01";"1";"31";"0";"2";"2";"3";"0";""
"202400020424";"155745807";"B01";"0";"34";"0";"2";"1";"1";"1";""
"202400020424";"155745809";"A01";"0";"10";"0";"2";"3";"15";"1";""
"202400020425";"155745806";"B01";"1";"34";"0";"2";"8";"10";"1";""
"202400020425";"155745808";"A01";"1";"7";"0";"2";"2";"17";"1";""
"202400020426";"155745804";"A01";"1";"50";"1";"0";"1";"14";"3";""
"202400020426";"155745805";"B01";"1";"7";"0";"2";"6";"0";"1";""
"202400020427";"155745802";"B01";"2";"1";"0";"2";"1";"2";"5";""
"202400020427";"155745803";"A01";"2";"7";"0";"2";"5";"2";"3";""
"202400020428";"155745799";"A01";"1";"7";"0";"2";"4";"16";"1";""
"202400020428";"155745801";"B01";"1";"33";"0";"2";"1";"1";"1";""
"202400020429";"155745798";"A01";"1";"7";"0";"2";"2";"10";"1";""
"202400020429";"155745800";"B01";"2";"7";"0";"2";"1";"1";"1";""
"202400020430";"155745797";"A01";"2";"2";"0";"1";"1";"5";"1";""
"202400020431";"155745796";"A01";"0";"50";"12";"0";"1";"0";"3";""
"202400020432";"155745793";"A01";"3";"7";"1";"0";"1";"2";"0";""
"202400020433";"155745794";"A01";"1";"7";"0";"2";"3";"15";"3";""
"202400020433";"155745795";"B01";"1";"32";"0";"2";"1";"1";"1";""
"202400020434";"155745791";"A01";"2";"34";"0";"2";"7";"17";"1";""
"202400020434";"155745792";"B01";"2";"13";"0";"2";"3";"15";"1";""
"202400020435";"155745788";"A01";"1";"14";"0";"2";"2";"16";"1";""
"202400020435";"155745790";"B01";"2";"7";"0";"2";"3";"16";"1";""
"202400020436";"155745787";"A01";"1";"10";"0";"1";"1";"2";"1";""
"202400020437";"155745786";"A01";"2";"7";"0";"2";"1";"13";"1";""
"202400020437";"155745789";"B01";"1";"7";"0";"2";"1";"1";"1";""
"202400020438";"155745783";"B01";"1";"40";"0";"2";"3";"1";"3";""