"Num_Acc";"id_vehicule";"num_veh";"senc";"catv";"obs";"obsm";"choc";"manv";"motor";"occutc"
"202400020438";"155745785";"A01";"1";"7";"9";"4";"1";"1";"1";""
"202400020439";"155745781";"A01";"0";"10";"0";"2";"3";"1";"0";""
"202400020439";"155745784";"B01";"0";"7";"0";"2";"0";"0";"0";""
"202400020440";"155745779";"A01";"2";"50";"12";"0";"1";"1";"3";""
"202400020441";"155745780";"A01";"3";"7";"0";"2";"1";"26";"1";""
"202400020441";"155745782";"B01";"3";"32";"0";"2";"4";"2";"1";""
"202400020442";"155745774";"A01";"2";"7";"0";"2";"3";"15";"1";""
"202400020442";"155745777";"B01";"2";"50";"0";"2";"1";"1";"3";""
"202400020443";"155745773";"C01";"1";"14";"0";"2";"3";"1";"1";""
"202400020443";"155745776";"A01";"1";"7";"0";"2";"1";"1";"2";""
"202400020443";"155745778";"B01";"1";"7";"0";"2";"4";"1";"1";""
"202400020444";"155745772";"A01";"3";"33";"0";" -1";"4";"2";"1";""
"202400020445";"155745769";"A01";"2";"7";"8";"2";"8";"16";"1";""
"202400020445";"155745771";"Z01";"2";"0";"0";"2";"0";"0";"0";""
"202400020446";"155745768";"A01";"0";"7";"0";"2";"0";"16";"1";""
"202400020446";"155745770";"B01";"0";"37";"0";"2";"0";"1";"1";"3"
"202400020447";"155745766";"B01";"1";"33";"0";"2";"1";"13";"1";""
"202400020447";"155745767";"A01";"1";"7";"0";"2";"3";"10";"1";""
"202400020448";"155745763";"B01";"2";"10";"0";"2";"2";"0";"1";""
"202400020448";"155745764";"A01";"2";"1";"0";"0";"0";"0";"5";""
"202400020449";"155745761";"C01";"1";"50";"0";"2";"7";"9";"3";""
"202400020449";"155745765";"A01";"1";"7";"0";"9";"3";"19";"6";""
"202400020450";"155745760";"B01";"3";"7";"0";"2";"3";"2";"0";""
"202400020450";"155745762";"A01";"3";"10";"0";"2";"1";"1";"0";""
"202400020451";"155745757";"A01";"2";"33";"0";"2";"1";"1";"1";""
"202400020451";"155745759";"B01";"2";"1";"0";"2";"4";"1";"5";""
"202400020452";"155745756";"B01";"2";"33";"0";"0";"0";"17";"1";""
"202400020452";"155745758";"A01";"2";"7";"0";"0";"0";"15";"1";""
"202400020453";"155745754";"A01";"1";"10";"0";"1";"1";"16";"1";""
"202400020454";"155745752";"B01";"1";"7";"6";"2";"2";"1";"1";""
"202400020454";"155745755";"A01";"1";"7";"1";"2";"1";"1";"1";""
"202400020455";"155745751";"B01";"3";"7";"0";"2";"3";"19";"1";""
"202400020455";"155745753";"A01";"3";"50";"0";"2";"1";"1";"3";""
"202400020456";"155745749";"A01";"3";"7";"12";"0";"3";"17";"1";""
"202400020457";"155745750";"A01";"0";"7";"0";"1";"3";"13";"3";""
"202400020458";"155745747";"A01";"3";"1";"0";"2";"0";"1";"5";""
"202400020458";"155745748";"B01";"3";"1";"0";"2";"1";"1";"5";""
"202400020459";"155745746";"A01";"3";"7";"12";"0";"3";"13";"1";""
"202400020460";"155745744";"A01";"2";"10";"0";"2";"2";"1";"3";""
"202400020460";"155745745";"B01";"2";"7";"0";"2";"4";"23";"2";""
"202400020461";"155745743";"A01";"1";"7";"0";"1";"4";"4";"0";""
"202400020462";"155745739";"A01";"2";"7";"0";"2";"6";"2";"1";""
"202400020462";"155745741";"B01";"2";"33";"0";"2";"1";"2";"1";""
"202400020463";"155745736";"B01";"1";"7";"0";"2";"7";"1";"1";""
"202400020463";"155745738";"A01";"2";"7";"0";"2";"1";"1";"1";""
"202400020464";"155745733";"A01";"1";"10";"0";"2";"3";"1";"1";""
"202400020464";"155745735";"B01";"2";"7";"0";"2";"2";"15";"1";""
"202400020465";"155745729";"A01";"1";"7";"0";"2";"7";"2";"1";""
"202400020465";"155745732";"B01";"1";"7";"0";"2";"2";"2";"1";""
"202400020466";"155745726";"A01";"1";"50";"0";"2";"7";"26";"3";""
"202400020466";"155745728";"B01";"1";"7";"0";"9";"0";"17";"0";""
"202400020467";"155745723";"A01";"2";"7";"0";"2";"3";"13";"1";""
"202400020467";"155745725";"B01";"1";"17";"0";"2";"1";"1";"1";""
"202400020468";"155745722";"A01";"0";"7";"0";"9";"8";"15";"1";""
"202400020468";"155745724";"B01";"2";"50";"0";"2";"1";"2";"3";""
"202400020469";"155745719";"A01";"2";"30";"0";"1";"0";"2";"1";""
"202400020470";"155745718";"B01";"2";"7";"0";"2";"9";"1";"3";""
"202400020470";"155745720";"A01";"1";"7";"0";"2";"1";"17";"1";""
"202400020470";"155745721";"C01";"2";"10";"0";"2";"8";"1";"1";""
"202400020471";"155745715";"B01";"1";"7";"0";"2";"2";"1";"1";""
"202400020471";"155745717";"A01";"1";"50";"0";"2";"3";"15";"3";""
"202400020472";"155745714";"B01";"1";"7";"0";"2";"4";"2";"1";""
"202400020472";"155745716";"A01";"1";"7";"0";"2";"1";"2";"1";""
"202400020473";"155745713";"A01";"1";"2";"0";"0";"0";"2";"1";""
"202400020474";"155745711";"A01";"3";"7";"0";"2";"1";"15";"1";""
"202400020474";"155745712";"B01";"3";"1";"0";"2";"1";"1";"5";""
"202400020475";"155745709";"A01";"1";"32";"0";"2";"1";"21";"1";""
"202400020475";"155745710";"B01";"2";"7";"0";"2";"3";"15";"1";""
"202400020476";"155745708";"A01";"0";"33";"12";"0";"1";"1";"1";""
"202400020477";"155745707";"A01";"0";"7";"13";"0";"8";"1";"1";""
"202400020478";"155745706";"A01";"3";"7";"0";"2";"1";"16";"1";""
"202400020479";"155745703";"A01";"1";"7";"0";"4";"7";"26";"1";""
"202400020479";"155745705";"B01";"1";"40";"0";"2";"1";"1";"3";""
"202400020480";"155745702";"A01";"1";"7";"0";"0";"4";"23";"1";""
"202400020480";"155745704";"B01";"1";"7";"0";"2";"2";"2";"1";""
"202400020481";"155745701";"A01";"1";"7";"9";"0";"1";"1";"1";""
"202400020482";"155745700";"A01";"2";"7";"0";"0";"9";"9";"1";""
"202400020483";"155745698";"A01";"3";"7";"0";"1";"3";"1";"1";""
"202400020484";"155745697";"B01";"1";"33";"0";"2";"1";"1";"1";""
"202400020484";"155745699";"A01";"1";"7";"0";"2";"3";"1";"1";""
"202400020485";"155745694";"A01";"3";"0";"0";"2";"6";"20";"0";""
"202400020485";"155745696";"B01";"3";"0";"0";"2";"1";"1";"0";""
"202400020486";"155745693";"B01";"3";"33";"0";"0";"0";"0";"1";""
"202400020486";"155745695";"A01";"3";"7";"0";"2";"2";"15";"1";""
"202400020487";"155745691";"A01";"1";"7";"0";"2";"8";"24";"2";""
"202400020487";"155745692";"B01";"1";"1";"1";"0";"1";"2";"5";""
"202400020488";"155745690";"A01";"3";"7";"0";"1";"1";"2";"1";""
"202400020489";"155745687";"A01";"0";"7";"0";"2";"3";"2";"1";""
"202400020489";"155745688";"B01";"0";"14";"0";"2";"3";"2";"1";""
"202400020490";"155745686";"B01";"2";"1";"0";"2";"7";"1";"5";""
"202400020490";"155745689";"A01";"2";"7";"0";"2";"1";"19";"2";""
"202400020491";"155745682";"A01";"2";"7";"0";"2";"1";"1";"1";""
"202400020491";"155745684";"B01";"1";"7";"1";"2";"1";"15";"1";""
"202400020492";"155745681";"C01";"0";"10";"0";"2";"4";"0";"1";""
"202400020492";"155745683";"B01";"3";"10";"0";"2";"1";"21";"1";""
"202400020492";"155745685";"A01";"3";"7";"0";"2";"1";"1";"1";""
"202400020493";"155745678";"B01";"2";"50";"0";"2";"1";"19";"3";""
"202400020493";"155745680";"A01";"1";"7";"0";"9";"3";"19";"1";""
"202400020494";"155745674";"A01";"2";"7";"0";"2";"1";"2";"1";""
"202400020494";"155745676";"C01";"2";"7";"0";"2";"4";"2";"2";""
"202400020494";"155745677";"D01";"2";"7";"0";"2";"4";"2";"2";""
"202400020494";"155745679";"B01";"2";"13";"0";"2";"1";"2";"3";""
"202400020495";"155745673";"A01";"1";"30";"0";"2";"1";"1";"1";""
"202400020495";"155745675";"B01";"2";"37";"0";"2";"6";"19";"1";"1"
"202400020496";"155745672";"A01";"3";"14";"0";"1";"4";"26";"1";""
"202400020497";"155745671";"A01";"1";"7";"1";"0";"3";"15";"1";""
"202400020498";"155745670";"A01";"3";"3";"12";"0";"1";"21";"1";""
"202400020499";"155745669";"A01";"3";"38";"0";"1";"1";"1";"1";"1"
"202400020500";"155745668";"A01";"3";"7";"0";"1";"8";"15";"1";""
"202400020501";"155745666";"Z01";"1";"1";"0";"1";"1";"1";"5";""
"202400020502";"155745665";"B01";"3";"7";"0";"2";"1";"1";"1";""
"202400020502";"155745667";"A01";"3";"7";"0";"2";"9";"1";"1";""
"202400020503";"155745663";"B01";"3";"7";"0";"2";"3";"23";"2";""
"202400020503";"155745664";"A01";"1";"10";"0";"2";"7";"26";"1";""
"202400020504";"155745661";"A01";"1";"10";"0";"1";"1";"1";"1";""
"202400020505";"155745660";"A01";"0";"7";"0";"1";"2";"1";"2";""
"202400020506";"155745662";"A01";"0";"7";"0";"1";"1";"19";"1";""
"202400020507";"155745658";"A01";"0";"7";"0";"1";"3";"1";"2";""
"202400020508";"155745657";"C01";"0";"1";"0";"2";"7";"1";"5";""
"202400020508";"155745659";"A01";"0";"7";"0";"2";"1";"26";"3";""
"202400020509";"155745655";"A01";"2";"10";"0";"1";"2";"26";"1";""
"202400020510";"155745654";"B01";"2";"50";"0";"2";"1";"1";"3";""
"202400020510";"155745656";"A01";"2";"7";"0";"2";"2";"16";"2";""
"202400020511";"155745651";"B01";"3";"33";"0";"2";"3";"18";"1";""
"202400020511";"155745653";"A01";"3";"7";"0";"2";"3";"1";"3";""
"202400020512";"155745650";"A01";"1";"7";"0";"2";"3";"15";"1";""
"202400020512";"155745652";"B01";"1";"50";"0";"2";"8";"1";"3";""
"202400020513";"155745648";"A01";"1";"33";"0";"2";"1";"2";"1";""
"202400020513";"155745649";"B01";"1";"1";"0";"2";"4";"2";"5";""
"202400020514";"155745647";"A01";"1";"7";"0";"1";"7";"1";"2";""
"202400020515";"155745645";"A01";"1";"7";"0";"1";"7";"14";"2";""
"202400020516";"155745644";"B01";"2";"30";"0";"2";"4";"0";"1";""
"202400020516";"155745646";"A01";"2";"0";"0";"2";"1";"0";"0";""
"202400020517";"155745643";"A01";"3";"7";"0";"1";"1";"1";"0";""
"202400020518";"155745640";"A01";"3";"7";"0";"2";"1";"1";"1";""
"202400020518";"155745642";"B01";"3";"1";"0";"2";"1";"1";"5";""
"202400020519";"155745639";"A01";"2";"7";"0";"2";"2";"15";"1";""
"202400020519";"155745641";"B01";"1";"1";"0";"2";"1";"1";"5";""
"202400020520";"155745638";"A01";"1";"7";"0";"1";"1";"1";"1";""
"202400020521";"155745637";"A01";"2";"7";"0";"1";"3";"26";"2";""
"202400020522";"155745635";"A01";"2";"7";"0";"9";"3";"1";"1";""
"202400020522";"155745636";"B01";"1";"1";"1";"2";"7";"1";"5";""
"202400020523";"155745633";"A01";"2";"7";"0";"1";"1";"15";"1";""
"202400020524";"155745631";"B01";"2";"7";"0";"2";"1";"1";"1";""
"202400020524";"155745632";"C01";"2";"7";"0";"2";"3";"1";"1";""
"202400020524";"155745634";"A01";"1";"7";"0";"2";"3";"13";"1";""
"202400020525";"155745630";"A01";"0";"37";"0";"1";"2";"16";"1";"1"
"202400020526";"155745629";"A01";"3";"7";"0";"1";"3";"15";"1";""
"202400020527";"155745628";"A01";"2";"33";"0";"0";"8";"15";"1";""
"202400020528";"155745627";"A01";"3";"7";"8";"0";"2";"1";"1";""
"202400020529";"155745626";"A01";"2";"7";"0";"1";"1";"1";"2";""
"202400020530";"155745623";"A01";"2";"7";"0";"2";"1";"2";"1";""
"202400020530";"155745625";"B01";"2";"7";"0";"2";"4";"1";"1";""
"202400020531";"155745619";"C01";"1";"7";"0";"2";"4";"1";"1";""
"202400020531";"155745621";"A01";"1";"7";"12";"2";"3";"2";"1";""
"202400020531";"155745624";"B01";"1";"7";"0";"2";"6";"2";"1";""
"202400020532";"155745618";"A01";"2";"7";"0";"2";"1";"1";"2";""
"202400020532";"155745620";"B01";"2";"7";"0";"2";"4";"1";"1";""
"202400020532";"155745622";"C01";"2";"10";"0";"2";"3";"1";"1";""
"202400020533";"155745614";"B01";"1";"30";"0";"2";"5";"1";"3";""
"202400020533";"155745617";"A01";"2";"7";"0";"2";"1";"1";"2";""
"202400020534";"155745615";"A01";"1";"7";"0";"2";"1";"1";"1";""
"202400020534";"155745616";"B01";"1";"7";"0";"2";"4";"1";"2";""
"202400020535";"155745613";"A01";"1";"1";"9";"0";"7";"15";"5";""
"202400020536";"155745612";"A01";"2";"7";"0";"1";"3";"1";"1";""
"202400020537";"155745609";"B01";"3";"33";"0";"2";"1";"1";"1";""
"202400020537";"155745610";"A01";"3";"7";"0";"2";"2";"16";"1";""
"202400020538";"155745606";"A01";"3";"50";"0";"0";"0";"1";"3";""
"202400020539";"155745604";"A01";"1";"7";"0";"0";"5";"15";"1";""
"202400020539";"155745605";"B01";"2";"33";"0";"2";"1";"1";"1";""
"202400020540";"155745601";"B01";"2";"7";"0";"2";"5";"16";"1";""
"202400020540";"155745603";"A01";"1";"2";"0";"2";"1";"16";"1";""
"202400020541";"155745600";"A01";"2";"7";"0";"2";"3";"13";"1";""
"202400020541";"155745602";"B01";"2";"7";"0";"2";"3";"1";"1";""
"202400020542";"155745598";"A01";"1";"7";"1";"0";"1";"0";"1";""
"202400020543";"155745597";"A01";"1";"33";"0";"2";"1";"19";"1";""
"202400020543";"155745599";"B01";"2";"10";"0";"2";"2";"1";"1";""
"202400020544";"155745595";"A01";"1";"7";"2";"0";"1";"11";"1";""
"202400020545";"155745594";"A01";"3";"7";"0";"2";"3";"9";"1";""
"202400020545";"155745596";"B01";"3";"80";"0";"2";"1";"19";"3";""
"202400020546";"155745590";"B01";"1";"14";"0";"2";"1";"1";"1";""
"202400020546";"155745592";"A01";"1";"7";"0";"2";"8";"1";"1";""
"202400020547";"155745591";"A01";"1";"7";"0";"2";"1";"5";"1";""
"202400020547";"155745593";"B01";"1";"7";"0";"2";"1";"26";"1";""
"202400020548";"155745589";"A01";"1";"7";"2";"0";"1";"13";"1";""
"202400020549";"155745588";"A01";"0";"32";"3";"0";"2";"0";"1";""
"202400020550";"155745587";"A01";"1";"7";"11";"0";"3";"1";"1";""
"202400020551";"155745586";"A01";"1";"30";"0";"0";"0";"0";"1";""
"202400020552";"155745582";"A01";"2";"34";"0";"0";"1";"17";"1";""
"202400020552";"155745583";"B01";"2";"7";"0";"0";"8";"10";"1";""
"202400020553";"155745580";"A01";"1";"33";"0";"0";"0";"1";"1";""
"202400020554";"155745579";"A01";"3";"7";"0";"2";"1";"15";"1";""
"202400020554";"155745581";"B01";"3";"2";"0";"2";"8";"1";"1";""
"202400020555";"155745576";"A01";"1";"7";"0";"0";"8";"24";"1";""
"202400020555";"155745577";"B01";"1";"1";"1";"0";"1";"1";"5";""
"202400020556";"155745575";"A01";"3";"10";"0";"2";"3";"1";"1";""
"202400020556";"155745578";"B01";"3";"2";"0";"2";"1";"1";"1";""
"202400020557";"155745572";"Z01";"1";"7";"0";"2";"2";"0";"0";""
"202400020557";"155745574";"B01";"1";"7";"0";"2";"8";"1";"1";""
"202400020558";"155745571";"A01";"2";"7";"0";"2";"2";"19";"1";""
"202400020558";"155745573";"B01";"2";"33";"0";"2";"3";"1";"1";""
"202400020559";"155745569";"A01";"1";"10";"0";"2";"1";"15";"1";""
"202400020559";"155745570";"B01";"2";"33";"0";"2";"3";"21";"1";""
"202400020560";"155745567";"B01";"2";"7";"0";"2";"2";"1";"1";""
"202400020560";"155745568";"A01";"2";"7";"0";"2";"3";"19";"1";""
"202400020561";"155745565";"A01";"0";"10";"1";"0";"2";"1";"1";""
"202400020561";"155745566";"B01";"0";"7";"1";"0";"0";"0";"1";""
"202400020562";"155745564";"A01";"1";"7";"16";"0";"1";"1";"1";""
"202400020563";"155745562";"A01";"1";"7";"0";"2";"1";"2";"1";""
"202400020563";"155745563";"B01";"1";"7";"0";"2";"4";"2";"1";""
"202400020564";"155745561";"A01";"2";"2";"0";"0";"0";"1";"1";""
"202400020565";"155745559";"B01";"1";"7";"0";"2";"1";"1";"1";""
"202400020565";"155745560";"A01";"0";"2";"0";"2";"7";"1";"1";""
"202400020566";"155745555";"A01";"2";"7";"0";"2";"1";"13";"1";""
"202400020566";"155745557";"C01";"1";"7";"0";"2";"8";"21";"1";""
"202400020566";"155745558";"B01";"1";"7";"0";"2";"1";"1";"1";""
"202400020567";"155745553";"A01";"3";"33";"0";"2";"7";"17";"1";""
"202400020567";"155745554";"B01";"3";"7";"0";"2";"8";"1";"1";""
"202400020567";"155745556";"C01";"3";"7";"0";"2";"6";"2";"2";""
"202400020568";"155745552";"A01";"2";"33";"0";"0";"9";"0";"0";""
"202400020569";"155745551";"A01";"2";"7";"0";"1";"3";"15";"1";""
"202400020570";"155745550";"A01";"1";"7";"13";"0";"1";"14";"1";""
"202400020571";"155745549";"A01";"3";"7";"0";"1";"2";"2";"1";""
"202400020572";"155745546";"A01";"0";"7";"0";"2";"6";"9";"1";""
"202400020572";"155745548";"B01";"3";"33";"0";"2";"1";"1";"1";""
"202400020573";"155745542";"B01";"1";"2";"0";"2";"7";"26";"1";""
"202400020573";"155745544";"A01";"1";"10";"0";"2";"1";"26";"1";""
"202400020574";"155745541";"A01";"1";"2";"0";"2";"1";"1";"1";""
"202400020574";"155745543";"B01";"2";"7";"0";"2";"3";"1";"3";""
"202400020575";"155745539";"A01";"1";"7";"2";"0";"3";"14";"1";""
"202400020576";"155745538";"A01";"1";"7";"0";"2";"3";"1";"1";""
"202400020576";"155745540";"B01";"2";"7";"0";"2";"3";"13";"1";""
"202400020577";"155745537";"A01";"2";"7";"0";"1";"3";"1";"1";""
"202400020578";"155745534";"A01";"1";"7";"0";"2";"1";"16";"1";""
"202400020578";"155745536";"B01";"1";"7";"0";"2";"1";"1";"1";""
"202400020579";"155745533";"A01";"2";"2";"0";"2";"1";"13";"1";""
"202400020579";"155745535";"B01";"1";"7";"0";"2";"1";"1";"1";""
"202400020580";"155745528";"A01";"1";"7";"0";"2";"6";"11";"2";""
"202400020580";"155745530";"B01";"1";"7";"0";"2";"9";"1";"1";""
"202400020580";"155745532";"C01";"1";"10";"0";"2";"1";"1";"1";""
"202400020581";"155745529";"B01";"1";"7";"0";"2";"1";"1";"1";""
"202400020581";"155745531";"A01";"2";"7";"0";"2";"2";"15";"2";""
"202400020582";"155745526";"A01";"1";"7";"0";"0";"1";"13";"1";""
"202400020583";"155745521";"A01";"1";"10";"0";"2";"1";"1";"1";""
"202400020583";"155745522";"B01";"1";"7";"0";"2";"9";"1";"1";""
"202400020583";"155745524";"C01";"1";"10";"0";"2";"9";"1";"1";""
"202400020583";"155745525";"D01";"1";"7";"0";"2";"9";"1";"2";""
"202400020583";"155745527";"E01";"1";"7";"0";"2";"4";"1";"1";""
"202400020584";"155745520";"B01";"2";"2";"0";"2";"1";"1";"1";""
"202400020584";"155745523";"A01";"1";"10";"0";"2";"7";"19";"1";""
"202400020585";"155745517";"B01";"2";"10";"0";"2";"4";"2";"1";""
"202400020585";"155745519";"A01";"2";"31";"0";"2";"1";"2";"1";""
"202400020586";"155745516";"A01";"1";"31";"0";"2";"3";"11";"1";""
"202400020586";"155745518";"B01";"2";"7";"0";"2";"3";"1";"1";""
"202400020587";"155745513";"B01";"3";"33";"0";"2";"1";"1";"1";""
"202400020587";"155745515";"A01";"3";"10";"0";"2";"7";"1";"1";""
"202400020588";"155745512";"B01";"2";"7";"0";"2";"3";"1";"1";""
"202400020588";"155745514";"A01";"1";"7";"0";"2";"3";"1";"2";""
"202400020589";"155745511";"A01";"1";"7";"2";"0";"1";"2";"1";""
"202400020590";"155745510";"A01";"2";"33";"2";"0";"2";"0";"1";""
"202400020591";"155745507";"A01";"1";"7";"2";"0";"1";"1";"1";""
"202400020592";"155745506";"A01";"2";"2";"0";"0";"0";"16";"1";""
"202400020593";"155745504";"A01";"1";"2";"0";"2";"1";"13";"1";""
"202400020593";"155745505";"B01";"1";"7";"0";"0";"3";"15";"1";""
"202400020594";"155745502";"B01";"1";"2";"0";"2";"1";"17";"1";""
"202400020594";"155745503";"A01";"1";"7";"0";"0";"3";"10";"2";""
"202400020595";"155745500";"B01";"2";"1";"0";"2";"1";"1";"5";""
"202400020595";"155745501";"A01";"1";"10";"0";"2";"1";"15";"1";""
"202400020596";"155745498";"B01";"2";"7";"0";"2";"3";"1";"1";""
"202400020596";"155745499";"A01";"1";"7";"0";"2";"3";"13";"1";""
"202400020597";"155745496";"A01";"1";"7";"0";"2";"2";"0";"1";""
"202400020597";"155745497";"B01";"1";"15";"0";"0";"4";"0";"1";""
"202400020598";"155745494";"A01";"1";"7";"0";"2";"1";"1";"1";""
"202400020598";"155745495";"B01";"2";"99";"0";"2";"2";"1";"1";""
"202400020599";"155745492";"B01";"2";"1";"0";"2";"3";"13";"5";""
"202400020599";"155745493";"A01";"2";"7";"0";"9";"2";"17";"1";""
"202400020600";"155745491";"A01";"0";"2";"13";"0";"1";"1";"1";""
"202400020601";"155745489";"A01";"1";"7";"13";"2";"3";"13";"1";""
"202400020601";"155745490";"B01";"2";"7";"12";"2";"3";"1";"1";""
"202400020602";"155745486";"C01";"2";"15";"0";"2";"7";"1";"1";""
"202400020602";"155745487";"A01";"2";"7";"0";"2";"4";"9";"1";""
"202400020602";"155745488";"B01";"2";"15";"0";"2";"1";"1";"1";""
"202400020603";"155745484";"A01";"1";"7";"0";"2";"3";"9";"1";""
"202400020603";"155745485";"B01";"1";"33";"0";"2";"1";"1";"1";""
"202400020604";"155745482";"B01";"2";"31";"0";"2";"1";"1";"1";""
"202400020604";"155745483";"A01";"1";"7";"0";"2";"2";"15";"1";""
"202400020605";"155745481";"A01";"1";"7";"0";"0";"9";"1";"1";""
"202400020606";"155745480";"A01";"3";"33";"1";"0";"1";"1";"1";""
"202400020607";"155745478";"B01";"1";"7";"3";"2";"3";"1";"1";""
"202400020607";"155745479";"A01";"2";"7";"3";"2";"1";"13";"1";""
"202400020608";"155745477";"A01";"3";"33";"8";"0";"1";"1";"1";""
"202400020609";"155745474";"A01";"2";"33";"0";"2";"1";"1";"1";""
"202400020609";"155745475";"B01";"1";"7";"0";"2";"6";"9";"1";""
"202400020610";"155745473";"A01";"1";"15";"0";"1";"2";"1";"1";""
"202400020611";"155745472";"A01";"3";"7";"1";"1";"1";"20";"1";""
"202400020612";"155745471";"A01";"2";"7";"15";"9";"9";"1";"1";""
"202400020613";"155745469";"A01";"2";"7";"0";"2";"3";"10";"1";""
"202400020613";"155745470";"B01";"2";"7";"0";"2";"2";"1";"1";""
"202400020614";"155745468";"A01";"1";"7";"0";"0";"1";"1";"1";""
"202400020615";"155745467";"A01";"1";"7";"0";"1";"1";"1";"1";""
"202400020616";"155745465";"A01";"2";"7";"0";"2";"6";"1";"1";""
"202400020616";"155745466";"B01";"2";"7";"0";"2";"2";"3";"1";""
"202400020617";"155745463";"A01";"1";"7";"0";"2";"1";"1";"1";""
"202400020617";"155745464";"B01";"1";"7";"0";"0";"1";"1";"1";""
"202400020618";"155745461";"B01";"1";"7";"0";"2";"6";"1";"1";""
"202400020618";"155745462";"A01";"1";"34";"0";"2";"1";"1";"1";""
"202400020619";"155745460";"A01";"2";"33";"0";"0";"8";"1";"1";""
"202400020620";"155745458";"A01";"2";"34";"3";"2";"8";"3";"1";""
"202400020620";"155745459";"B01";"2";"10";"0";"2";"5";"12";"1";""
"202400020621";"155745456";"A01";"1";"10";"0";"2";"1";"26";"1";""
"202400020621";"155745457";"B01";"1";"7";"0";"2";"4";"2";"1";""
"202400020622";"155745454";"A01";"1";"7";"0";"2";"4";"1";"2";""
"202400020622";"155745455";"B01";"1";"7";"0";"2";"1";"1";"1";""
"202400020623";"155745453";"A01";"1";"32";"4";"0";"1";"0";"1";""
"202400020624";"155745451";"A01";"2";"7";"4";"2";"8";"13";"1";""
"202400020624";"155745452";"B01";"2";"7";"1";"0";"3";"2";"1";""
"202400020625";"155745449";"A01";"2";"33";"0";"2";"1";"2";"1";""
"202400020625";"155745450";"B01";"2";"7";"0";"0";"4";"1";"1";""
"202400020626";"155745447";"A01";"1";"33";"0";"2";"1";"2";"1";""
"202400020626";"155745448";"B01";"1";"7";"0";"2";"4";"1";"1";""
"202400020627";"155745445";"A01";"2";"7";"9";"2";"1";"0";"1";""
"202400020627";"155745446";"B01";"2";"7";"0";"2";"1";"1";"1";""
"202400020628";"155745442";"A01";"2";"7";"4";"2";"1";"1";"1";""
"202400020628";"155745443";"B01";"2";"7";"4";"2";"4";"2";"1";""
"202400020628";"155745444";"C01";"2";"7";"4";"2";"4";"2";"1";""
"202400020629";"155745440";"A01";"2";"7";"0";"2";"6";"11";"1";""
"202400020629";"155745441";"B01";"2";"33";"0";"2";"1";"3";"1";""
"202400020630";"155745432";"B01";"1";"7";"0";"2";"2";"16";"1";""
"202400020630";"155745435";"A01";"1";"7";"0";"2";"2";"12";"1";""
"202400020631";"155745427";"A01";"2";"15";"0";"2";"1";"2";"1";""
"202400020631";"155745428";"H01";"2";"7";"0";"2";"4";"1";"1";""
"202400020631";"155745429";"B01";"2";"7";"0";"2";"4";"1";"2";""
"202400020631";"155745430";"C01";"2";"7";"0";"2";"4";"1";"1";""
"202400020631";"155745431";"D01";"2";"7";"0";"2";"4";"1";"1";""
"202400020631";"155745433";"E01";"2";"7";"0";"2";"4";"1";"1";""
"202400020631";"155745434";"G01";"2";"7";"0";"2";"4";"1";"2";""
"202400020631";"155745436";"I01";"2";"10";"0";"2";"4";"1";"1";""
"202400020631";"155745437";"J01";"2";"10";"0";"2";"4";"1";"1";""
"202400020631";"155745438";"K01";"2";"7";"0";"2";"4";"1";"3";""
"202400020631";"155745439";"F01";"2";"7";"0";"2";"7";"1";"1";""
"202400020632";"155745421";"A01";"3";"7";"0";"2";"1";"13";"1";""
"202400020632";"155745422";"B01";"3";"7";"0";"2";"1";"1";"1";""
"202400020633";"155745423";"C01";"1";"7";"0";"2";"4";"23";"1";""
"202400020633";"155745425";"B01";"1";"7";"0";"2";"4";"23";"1";""
"202400020633";"155745426";"A01";"1";"10";"0";"2";"1";"2";"1";""
"202400020634";"155745420";"A01";"3";"30";"0";"1";"1";"21";"1";""
"202400020635";"155745418";"A01";"3";"2";"0";"0";"7";"1";"1";""
"202400020636";"155745416";"A01";"1";"10";"0";"9";"2";"2";"1";""
"202400020636";"155745417";"B01";"1";"1";"0";"0";"4";"2";"5";""
"202400020637";"155745415";"B01";"2";"33";"0";"2";"1";"1";"1";""
"202400020637";"155745419";"A01";"1";"7";"0";"2";"7";"15";"1";""
"202400020638";"155745413";"A01";"3";"7";"0";"2";"2";"15";"2";""
"202400020638";"155745414";"B01";"3";"37";"0";"2";"1";"1";"1";"3"
"202400020639";"155745410";"A01";"0";"7";"0";"2";"2";"15";"1";""
"202400020639";"155745411";"B01";"0";"7";"0";"2";"2";"1";"1";""
"202400020640";"155745407";"A01";"1";"33";"0";"2";"0";"3";"1";""
"202400020640";"155745409";"B01";"1";"7";"0";"0";"0";"2";"1";""
"202400020641";"155745408";"A01";"3";"7";"0";"2";"3";"9";"1";""
"202400020641";"155745412";"B01";"2";"33";"0";"2";"7";"1";"1";""
"202400020642";"155745405";"A01";"2";"2";"0";"2";"1";"1";"1";""
"202400020642";"155745406";"B01";"2";"7";"0";"2";"6";"1";"1";""
"202400020643";"155745401";"B01";"3";"50";"0";"0";"0";"0";"3";""
"202400020643";"155745402";"A01";"0";"7";"0";"2";"0";"0";"0";""
"202400020644";"155745403";"A01";"1";"50";"0";"2";"1";"14";"3";""
"202400020644";"155745404";"B01";"2";"7";"0";"2";"1";"1";"2";""
"202400020645";"155745400";"A01";"1";"34";"0";"1";"0";"26";"1";""