"Num_Acc";"id_vehicule";"num_veh";"senc";"catv";"obs";"obsm";"choc";"manv";"motor";"occutc"
"202400020646";"155745397";"A01";"2";"7";"0";"2";"2";"15";"1";""
"202400020646";"155745398";"B01";"1";"34";"0";"2";"3";"1";"1";""
"202400020647";"155745396";"A01";"3";"7";"0";"9";"3";"9";"1";""
"202400020647";"155745399";"B01";"2";"50";"0";"2";"1";"1";"3";""
"202400020648";"155745394";"A01";"2";"7";"0";"2";"1";"13";"1";""
"202400020648";"155745395";"B01";"1";"7";"0";"2";"1";"1";"1";""
"202400020649";"155745391";"A01";"2";"7";"0";"2";"1";"15";"1";""
"202400020649";"155745393";"B01";"2";"34";"0";"2";"1";"1";"1";""
"202400020650";"155745392";"A01";"1";"7";"0";"1";"1";"25";"1";""
"202400020651";"155745389";"A01";"1";"7";"0";"1";"0";"15";"1";""
"202400020652";"155745388";"A01";"2";"7";"0";"2";"3";"16";"1";""
"202400020652";"155745390";"B01";"1";"33";"0";"2";"2";"15";"1";""
"202400020653";"155745385";"A01";"1";"7";"0";"2";"1";"10";"1";""
"202400020653";"155745387";"B01";"2";"2";"0";"2";"1";"26";"1";""
"202400020654";"155745384";"A01";"2";"7";"1";"0";"2";"1";"1";""
"202400020654";"155745386";"B01";"1";"7";"0";"2";"7";"23";"2";""
"202400020655";"155745382";"A01";"1";"7";"0";"1";"1";"1";"1";""
"202400020656";"155745381";"A01";"3";"30";"0";"2";"3";"13";"1";""
"202400020656";"155745383";"B01";"3";"30";"0";"2";"2";"2";"1";""
"202400020657";"155745379";"A01";"0";"10";"0";"1";"1";"16";"1";""
"202400020658";"155745380";"A01";"2";"10";"1";"0";"2";"14";"1";""
"202400020659";"155745377";"B01";"0";"7";"0";"2";"1";"1";"1";""
"202400020659";"155745378";"A01";"0";"31";"0";"2";"8";"1";"1";""
"202400020660";"155745375";"A01";"2";"7";"6";"0";"1";"21";"1";""
"202400020661";"155745374";"A01";"1";"7";"0";"2";"3";"15";"1";""
"202400020661";"155745376";"B01";"1";"33";"0";"2";"3";"17";"1";""
"202400020662";"155745373";"A01";"1";"33";"13";"0";"3";"26";"1";""
"202400020663";"155745372";"A01";"3";"7";"0";"1";"2";"26";"1";""
"202400020664";"155745369";"B01";"1";"7";"0";"2";"2";"19";"0";""
"202400020664";"155745371";"A01";"2";"7";"0";"2";"1";"19";"1";""
"202400020665";"155745370";"A01";"2";"7";"0";"1";"1";"1";"0";""
"202400020666";"155745368";"A01";"1";"30";"0";"0";"0";"20";"1";""
"202400020667";"155745367";"A01";"3";"7";"0";"1";"3";"15";"1";""
"202400020668";"155745364";"A01";"2";"32";"0";"9";"1";"17";"1";""
"202400020668";"155745366";"B01";"3";"1";"0";"2";"1";"26";"5";""
"202400020669";"155745365";"A01";"2";"30";"0";"0";"0";"21";"1";""
"202400020670";"155745363";"A01";"2";"7";"8";"0";"1";"0";"1";""
"202400020671";"155745361";"A01";"1";"30";"0";"1";"1";"1";"1";""
"202400020672";"155745360";"B01";"2";"7";"0";"2";"1";"1";"2";""
"202400020672";"155745362";"A01";"1";"7";"0";"2";"1";"21";"1";""
"202400020673";"155745358";"A01";"2";"7";"0";"1";"1";"1";"1";""
"202400020674";"155745357";"A01";"3";"7";"0";"2";"8";"19";"1";""
"202400020674";"155745359";"B01";"3";"33";"0";"2";"1";"1";"1";""
"202400020675";"155745354";"A01";"1";"7";"0";"2";"5";"15";"1";""
"202400020675";"155745355";"B01";"2";"30";"0";"2";"1";"1";"1";""
"202400020676";"155745353";"A01";"1";"7";"0";"2";"2";"9";"1";""
"202400020676";"155745356";"B01";"3";"1";"0";"2";"4";"1";"5";""
"202400020677";"155745351";"A01";"2";"7";"0";"9";"4";"9";"1";""
"202400020677";"155745352";"B01";"3";"1";"0";"2";"4";"2";"5";""
"202400020678";"155745349";"A01";"1";"7";"15";"0";"1";"15";"1";""
"202400020679";"155745348";"B01";"1";"7";"14";"0";"3";"1";"1";""
"202400020679";"155745350";"A01";"1";"7";"8";"0";"1";"9";"1";""
"202400020680";"155745347";"A01";"1";"7";"0";"1";"2";"2";"3";""
"202400020681";"155745346";"A01";"1";"7";"0";"1";"1";"1";"1";""
"202400020682";"155745344";"A01";"1";"7";"0";"2";"3";"9";"1";""
"202400020682";"155745345";"B01";"2";"50";"0";"2";"1";"1";"3";""
"202400020683";"155745340";"A01";"1";"7";"0";"2";"3";"15";"1";""
"202400020683";"155745342";"B01";"1";"31";"0";"2";"1";"17";"1";""
"202400020684";"155745341";"A01";"3";"7";"0";"2";"1";"1";"1";""
"202400020684";"155745343";"B01";"3";"7";"0";"2";"4";"2";"1";""
"202400020685";"155745337";"A01";"1";"7";"0";"2";"1";"26";"1";""
"202400020685";"155745339";"B01";"1";"7";"0";"2";"7";"1";"1";""
"202400020686";"155745336";"A01";"0";"7";"0";"2";"3";"19";"1";""
"202400020686";"155745338";"B01";"0";"7";"0";"2";"1";"1";"1";""
"202400020687";"155745335";"A01";"2";"7";"0";"0";"1";"14";"1";""
"202400020688";"155745333";"A01";"2";"7";"3";"0";"1";"2";"1";""
"202400020689";"155745330";"A01";"0";"33";"0";"2";"1";"1";"1";""
"202400020689";"155745332";"B01";"1";"7";"0";"2";"7";"0";"2";""
"202400020690";"155745331";"B01";"2";"2";"0";"2";"1";"1";"1";""
"202400020690";"155745334";"A01";"1";"10";"0";"2";"3";"9";"1";""
"202400020691";"155745327";"A01";"2";"7";"0";"2";"3";"9";"1";""
"202400020691";"155745329";"B01";"2";"7";"0";"2";"2";"1";"1";""
"202400020692";"155745325";"A01";"1";"33";"0";"0";"0";"17";"1";""
"202400020693";"155745326";"A01";"2";"10";"0";"2";"1";"2";"1";""
"202400020693";"155745328";"B01";"2";"7";"0";"2";"4";"2";"1";""
"202400020694";"155745322";"B01";"3";"7";"0";"9";"1";"24";"1";""
"202400020694";"155745324";"A01";"3";"7";"1";"1";"1";"1";"2";""
"202400020695";"155745321";"B01";"3";"80";"0";"2";"1";"0";"3";""
"202400020695";"155745323";"A01";"3";"7";"0";"2";"1";"1";"1";""
"202400020696";"155745319";"A01";"2";"7";"0";"2";"7";"15";"1";""
"202400020696";"155745320";"B01";"1";"1";"0";"2";"1";"1";"5";""
"202400020697";"155745318";"A01";"3";"7";"0";"1";"1";"1";"2";""
"202400020698";"155745316";"B01";"1";"7";"6";"2";"4";"1";"1";""
"202400020698";"155745317";"Z01";"1";"7";"0";"2";"1";"1";"0";""
"202400020699";"155745314";"A01";"3";"0";"0";"2";"2";"17";"1";""
"202400020699";"155745315";"B01";"3";"50";"0";"2";"6";"1";"3";""
"202400020700";"155745311";"B01";"1";"13";"0";"2";"5";"23";"1";""
"202400020700";"155745313";"A01";"1";"30";"0";"2";"1";"2";"3";""
"202400020701";"155745310";"A01";"3";"7";"0";"2";"1";"1";"1";""
"202400020701";"155745312";"B01";"3";"7";"0";"2";"6";"1";"2";""
"202400020702";"155745308";"A01";"2";"31";"0";"2";"1";"13";"1";""
"202400020702";"155745309";"B01";"1";"10";"0";"2";"3";"1";"1";""
"202400020703";"155745305";"Z01";"1";"7";"0";"2";"2";"14";"3";""
"202400020703";"155745307";"B01";"1";"1";"0";"2";"3";"1";"5";""
"202400020704";"155745304";"A01";"3";"30";"0";"2";"1";"1";"1";""
"202400020704";"155745306";"B01";"3";"3";"0";"2";"3";"5";"1";""
"202400020705";"155745302";"A01";"2";"7";"0";"2";"8";"15";"1";""
"202400020705";"155745303";"B01";"2";"2";"0";"2";"1";"1";"3";""
"202400020706";"155745300";"A01";"1";"7";"0";"2";"1";"5";"1";""
"202400020706";"155745301";"B01";"1";"30";"0";"0";"0";"0";"0";""
"202400020707";"155745298";"A01";"3";"7";"0";"2";"1";"13";"0";""
"202400020707";"155745299";"B01";"3";"7";"0";"2";"1";"1";"0";""
"202400020708";"155745295";"A01";"3";"7";"0";"2";"3";"12";"1";""
"202400020708";"155745296";"B01";"3";"7";"0";"2";"3";"1";"2";""
"202400020709";"155745294";"B01";"1";"1";"0";"0";"0";"0";"5";""
"202400020709";"155745297";"A01";"1";"7";"0";"2";"1";"0";"1";""
"202400020710";"155745292";"A01";"2";"7";"0";"2";"1";"23";"1";""
"202400020710";"155745293";"B01";"2";"7";"0";"2";"1";"1";"1";""
"202400020711";"155745288";"C01";"2";"17";"0";"2";"1";"2";"1";""
"202400020711";"155745290";"A01";"2";"7";"0";"9";"4";"1";"2";""
"202400020711";"155745291";"B01";"2";"7";"0";"2";"1";"2";"2";""
"202400020712";"155745287";"A01";"1";"7";"0";"2";"1";"9";"2";""
"202400020712";"155745289";"B01";"1";"7";"0";"2";"2";"2";"1";""
"202400020713";"155745286";"A01";"2";"7";"1";"0";"1";"19";"1";""
"202400020714";"155745285";"A01";"1";"7";"0";"1";"1";"1";"1";""
"202400020715";"155745284";"A01";"1";"7";"0";"1";"1";"2";"0";""
"202400020716";"155745283";"A01";"1";"2";"0";"0";"0";"1";"1";""
"202400020717";"155745282";"A01";"1";"7";"3";"0";"0";"26";"1";""
"202400020718";"155745278";"B01";"1";"7";"0";"2";"1";"1";"1";""
"202400020718";"155745280";"A01";"1";"7";"6";"2";"1";"13";"1";""
"202400020719";"155745276";"A01";"1";"7";"0";"2";"0";"15";"1";""
"202400020719";"155745277";"B01";"2";"1";"0";"2";"1";"0";"5";""
"202400020720";"155745273";"A01";"3";"7";"0";"2";"3";"1";"1";""
"202400020720";"155745275";"B01";"3";"7";"0";"2";"2";"0";"1";""
"202400020721";"155745272";"A01";"3";"2";"0";"2";"1";"1";"1";""
"202400020721";"155745274";"B01";"3";"7";"0";"2";"5";"23";"1";""
"202400020722";"155745270";"B01";"3";"1";"0";"2";"7";"19";"5";""
"202400020722";"155745271";"A01";"3";"7";"0";"0";"0";"0";"1";""
"202400020723";"155745268";"A01";"2";"7";"0";"2";"1";"2";"0";""
"202400020723";"155745269";"B01";"2";"2";"0";"2";"4";"23";"1";""
"202400020724";"155745266";"A01";"1";"33";"0";"2";"1";"2";"1";""
"202400020724";"155745267";"B01";"1";"7";"0";"2";"5";"1";"1";""
"202400020725";"155745263";"A01";"1";"7";"0";"2";"3";"15";"1";""
"202400020725";"155745265";"B01";"2";"30";"0";"2";"1";"1";"1";""
"202400020726";"155745262";"A01";"2";"31";"0";"2";"1";"2";"3";""
"202400020726";"155745264";"B01";"2";"10";"0";"2";"4";"2";"1";""
"202400020727";"155745261";"A01";"2";"33";"0";"1";"0";"7";"1";""
"202400020728";"155745259";"B01";"2";"31";"0";"2";"2";"1";"1";""
"202400020728";"155745260";"A01";"1";"7";"0";"2";"8";"1";"1";""
"202400020729";"155745257";"B01";"1";"10";"0";"2";"0";"1";"1";""
"202400020729";"155745258";"A01";"1";"32";"0";"2";"0";"10";"1";""
"202400020730";"155745255";"B01";"1";"10";"0";"2";"0";"2";"1";""
"202400020730";"155745256";"A01";"1";"10";"0";"2";"1";"9";"1";""
"202400020731";"155745254";"A01";"3";"7";"6";"0";"2";"1";"1";""
"202400020732";"155745253";"A01";"2";"43";"12";"0";"7";"26";"1";""
"202400020733";"155745252";"A01";"3";"7";"0";"1";"2";"16";"1";""
"202400020734";"155745251";"A01";"3";"7";"0";"1";"3";"15";"1";""
"202400020735";"155745249";"A01";"1";"30";"0";"2";"1";"1";"1";""
"202400020735";"155745250";"B01";"1";"7";"0";"2";"3";"1";"1";""
"202400020736";"155745245";"B01";"1";"2";"0";"2";"2";"1";"1";""
"202400020736";"155745246";"A01";"1";"7";"0";"2";"3";"13";"1";""
"202400020737";"155745244";"A01";"1";"7";"0";"1";"2";"1";"1";""
"202400020738";"155745242";"A01";"3";"7";"0";"2";"2";"15";"1";""
"202400020738";"155745243";"B01";"3";"50";"0";"2";"1";"21";"3";""
"202400020739";"155745238";"B01";"1";"50";"0";"2";"3";"11";"3";""
"202400020739";"155745239";"A01";"1";"7";"0";"9";"7";"2";"1";""
"202400020740";"155745237";"A01";"1";"7";"4";"0";"2";"1";"1";""
"202400020741";"155745235";"B01";"2";"33";"0";"2";"8";"1";"1";""
"202400020741";"155745236";"A01";"1";"7";"0";"2";"3";"15";"1";""
"202400020742";"155745234";"A01";"0";"7";"1";"0";"1";"0";"1";""
"202400020743";"155745232";"B01";"3";"34";"0";"2";"8";"1";"1";""
"202400020743";"155745233";"A01";"3";"7";"0";"2";"0";"0";"0";""
"202400020744";"155745230";"A01";"2";"7";"0";"2";"2";"1";"1";""
"202400020744";"155745231";"B01";"2";"33";"0";"2";"4";"23";"1";""
"202400020745";"155745228";"A01";"1";"30";"0";"2";"1";"21";"1";""
"202400020745";"155745229";"B01";"2";"7";"0";"2";"7";"15";"1";""
"202400020746";"155745227";"A01";"2";"7";"15";"0";"1";"1";"1";""
"202400020747";"155745226";"A01";"1";"30";"9";"0";"1";"26";"1";""
"202400020748";"155745225";"A01";"2";"7";"0";"1";"2";"1";"1";""
"202400020749";"155745223";"B01";"3";"37";"0";"2";"7";"1";"1";"1"
"202400020749";"155745224";"A01";"3";"7";"0";"0";"8";"13";"1";""
"202400020750";"155745221";"A01";"0";"7";"0";"2";"3";"1";"1";""
"202400020750";"155745222";"B01";"0";"1";"0";"2";"1";"1";"5";""
"202400020751";"155745220";"A01";"2";"7";"0";"1";"4";"20";"2";""
"202400020752";"155745219";"A01";"2";"7";"0";"1";"2";"1";"2";""
"202400020753";"155745217";"Z01";"0";"32";"0";"2";"1";"1";"1";""
"202400020753";"155745218";"A01";"1";"1";"0";"2";"2";"1";"5";""
"202400020754";"155745216";"A01";"3";"1";"12";"0";"7";"1";"5";""
"202400020755";"155745215";"A01";"3";"80";"12";"0";"1";"25";"3";""
"202400020756";"155745212";"A01";"1";"7";"0";"2";"1";"1";"2";""
"202400020756";"155745213";"B01";"1";"7";"1";"0";"4";"24";"2";""
"202400020756";"155745214";"C01";"1";"7";"1";"0";"6";"24";"1";""
"202400020757";"155745211";"A01";"2";"7";"0";"1";"3";"15";"3";""
"202400020758";"155745210";"A01";"1";"33";"12";"0";"1";"14";"1";""
"202400020759";"155745208";"Z01";"2";"33";"0";"2";"2";"0";"0";""
"202400020759";"155745209";"A01";"2";"1";"0";"2";"8";"17";"5";""
"202400020760";"155745206";"A01";"0";"1";"0";"2";"1";"19";"5";""
"202400020760";"155745207";"B01";"3";"32";"0";"2";"1";"1";"3";""
"202400020761";"155745205";"A01";"1";"7";"0";"1";"2";"19";"2";""
"202400020762";"155745203";"A01";"1";"30";"0";"2";"2";"1";"1";""
"202400020762";"155745204";"B01";"1";"7";"0";"2";"3";"20";"2";""
"202400020763";"155745201";"B01";"0";"33";"0";"2";"2";"1";"1";""
"202400020763";"155745202";"A01";"0";"7";"0";"2";"2";"12";"1";""
"202400020764";"155745200";"A01";"3";"7";"1";"1";"1";"2";"1";""
"202400020765";"155745198";"B01";"1";"13";"0";"2";"0";"0";"0";""
"202400020765";"155745199";"A01";"1";"10";"0";"2";"4";"26";"0";""
"202400020766";"155745196";"A01";"3";"2";"0";"2";"1";"1";"1";""
"202400020766";"155745197";"B01";"3";"7";"0";"2";"2";"15";"1";""
"202400020767";"155745195";"A01";"1";"7";"0";"1";"3";"26";"2";""
"202400020768";"155745194";"A01";"2";"7";"0";"1";"1";"1";"3";""
"202400020769";"155745193";"A01";"3";"7";"0";"1";"3";"1";"1";""
"202400020770";"155745191";"B01";"1";"34";"0";"2";"1";"1";"3";""
"202400020770";"155745192";"A01";"1";"7";"0";"2";"3";"19";"1";""
"202400020771";"155745190";"A01";"2";"1";"0";"1";"8";"1";"5";""
"202400020772";"155745188";"B01";"1";"7";"0";"2";"2";"1";"1";""
"202400020772";"155745189";"A01";"1";"7";"0";"2";"6";"20";"1";""
"202400020773";"155745186";"A01";"1";"30";"0";"2";"1";"2";"1";""
"202400020773";"155745187";"B01";"1";"7";"0";"2";"4";"16";"1";""
"202400020774";"155745184";"B01";"0";"7";"0";"2";"1";"1";"3";""
"202400020774";"155745185";"A01";"3";"10";"0";"2";"3";"1";"1";""
"202400020775";"155745182";"B01";"3";"50";"0";"0";"0";"0";"3";""
"202400020775";"155745183";"A01";"3";"50";"0";"0";"0";"0";"3";""
"202400020776";"155745180";"B01";"2";"32";"0";"2";"1";"1";"1";""
"202400020776";"155745181";"A01";"1";"7";"0";"2";"1";"15";"1";""
"202400020777";"155745178";"A01";"1";"7";"0";"2";"4";"1";"1";""
"202400020777";"155745179";"B01";"1";"32";"0";"2";"1";"1";"1";""
"202400020778";"155745177";"A01";"1";"7";"1";"0";"1";"1";"1";""
"202400020779";"155745175";"A01";"1";"33";"0";"2";"1";"3";"0";""
"202400020779";"155745176";"B01";"1";"10";"0";"2";"6";"10";"1";""
"202400020780";"155745174";"A01";"2";"10";"1";"0";"2";"11";"1";""
"202400020781";"155745173";"A01";"2";"7";"0";"1";"2";"1";"1";""
"202400020782";"155745171";"A01";"0";"10";"7";"2";"2";"9";"1";""
"202400020782";"155745172";"B01";"0";"7";"0";"2";"1";"1";"1";""
"202400020783";"155745169";"A01";"1";"7";"0";"2";"6";"19";"1";""
"202400020783";"155745170";"B01";"1";"10";"0";"2";"1";"1";"1";""
"202400020784";"155745167";"B01";"1";"7";"0";"0";"4";"16";"1";""
"202400020784";"155745168";"A01";"1";"7";"0";"2";"1";"1";"1";""
"202400020785";"155745165";"A01";"1";"36";"0";"2";"1";"17";"1";""
"202400020785";"155745166";"B01";"1";"7";"0";"2";"3";"1";"1";""
"202400020786";"155745164";"A01";"2";"33";"0";"0";"8";"15";"1";""
"202400020787";"155745161";"A01";"2";"7";"5";"0";"3";"13";"1";""
"202400020788";"155745158";"A01";"1";"7";"2";"0";"1";"1";"1";""
"202400020789";"155745155";"A01";"1";"33";"0";"2";"9";"3";"1";""
"202400020789";"155745156";"B01";"1";"7";"0";"0";"8";"1";"1";""
"202400020789";"155745157";"C01";"2";"7";"0";"9";"3";"1";"1";""
"202400020790";"155745154";"A01";"1";"31";"5";"0";"1";"15";"1";""
"202400020791";"155745152";"B01";"2";"7";"2";"0";"4";"2";"1";""
"202400020791";"155745153";"A01";"2";"38";"0";"2";"2";"2";"1";"1"
"202400020792";"155745150";"A01";"2";"7";"0";"2";"2";"15";"1";""
"202400020792";"155745151";"B01";"2";"33";"0";"2";"8";"1";"1";""
"202400020793";"155745148";"A01";"2";"3";"0";"2";"1";"13";"1";""
"202400020793";"155745149";"B01";"1";"7";"0";"2";"1";"0";"1";""
"202400020794";"155745147";"A01";"1";"7";"17";"0";"2";"1";"1";""
"202400020795";"155745145";"A01";"2";"10";"0";"2";"1";"1";"1";""
"202400020795";"155745146";"B01";"1";"33";"0";"2";"1";"15";"1";""
"202400020796";"155745143";"A01";"2";"7";"0";"2";"1";"5";"0";""
"202400020796";"155745144";"B01";"1";"7";"0";"2";"1";"26";"0";""
"202400020797";"155745141";"B01";"2";"7";"0";"2";"3";"19";"1";""
"202400020797";"155745142";"A01";"1";"7";"0";"2";"1";"1";"1";""
"202400020798";"155745138";"A01";"2";"7";"0";"2";"3";"1";"1";""
"202400020798";"155745139";"B01";"1";"7";"0";"2";"2";"1";"1";""
"202400020798";"155745140";"C01";"1";"10";"13";"2";"3";"1";"1";""
"202400020799";"155745136";"B01";"0";"7";"0";"2";"1";"9";"1";""
"202400020799";"155745137";"A01";"0";"1";"0";"2";"7";"1";"5";""
"202400020800";"155745135";"A01";"1";"33";"4";"0";"3";"13";"1";""
"202400020801";"155745133";"B01";"0";"2";"0";"2";"8";"15";"1";""
"202400020801";"155745134";"A01";"1";"7";"0";"2";"3";"1";"1";""
"202400020802";"155745132";"A01";"1";"7";"0";"0";"2";"1";"2";""
"202400020803";"155745130";"B01";"1";"17";"0";"2";"3";"1";"1";""
"202400020803";"155745131";"A01";"2";"7";"0";"2";"8";"10";"1";""
"202400020804";"155745129";"A01";"2";"7";"0";"1";"4";"4";"1";""
"202400020805";"155745128";"A01";"1";"7";"15";"0";"1";"1";"1";""
"202400020806";"155745127";"A01";"1";"7";"8";"0";"1";"1";"1";""
"202400020807";"155745125";"B01";"2";"7";"0";"2";"1";"1";"1";""
"202400020807";"155745126";"A01";"1";"10";"0";"2";"3";"19";"1";""
"202400020808";"155745124";"A01";"1";"31";"0";"0";"3";"2";"1";""
"202400020809";"155745123";"A01";"2";"7";"0";"1";"0";"2";"1";""
"202400020810";"155745122";"A01";"2";"7";"8";"0";"9";"1";"1";""
"202400020811";"155745120";"A01";"2";"7";"0";"2";"6";"26";"1";""
"202400020811";"155745121";"B01";"2";"33";"1";"2";"1";"6";"1";""
"202400020812";"155745118";"A01";"1";"7";"0";"2";"5";"16";"1";""
"202400020812";"155745119";"B01";"1";"80";"0";"2";"0";"1";"3";""
"202400020813";"155745116";"B01";"1";"50";"0";"2";"1";"21";"3";""
"202400020813";"155745117";"A01";"0";"7";"0";"2";"8";"1";"1";""
"202400020814";"155745113";"A01";"1";"7";"0";"2";"1";"26";"1";""
"202400020814";"155745114";"B01";"1";"7";"0";"2";"4";"1";"1";""
"202400020814";"155745115";"D01";"1";"15";"0";"0";"0";"1";"1";""
"202400020815";"155745111";"A01";"2";"33";"0";"2";"1";"13";"1";""
"202400020815";"155745112";"B01";"1";"7";"0";"2";"3";"1";"2";""
"202400020816";"155745109";"B01";"1";"33";"0";"2";"1";"1";"1";""
"202400020816";"155745110";"A01";"1";"7";"0";"2";"4";"23";"1";""
"202400020817";"155745107";"A01";"1";"31";"0";"2";"8";"1";"1";""
"202400020817";"155745108";"B01";"1";"7";"0";"2";"0";"17";"1";""
"202400020818";"155745105";"A01";"2";"7";"0";"0";"6";"1";"1";""
"202400020818";"155745106";"B01";"2";"30";"0";"2";"1";"2";"1";""
"202400020819";"155745104";"A01";"2";"7";"16";"0";"9";"1";"1";""
"202400020820";"155745103";"A01";"1";"10";"2";"0";"1";"1";"1";""
"202400020821";"155745101";"B01";"3";"10";"0";"2";"3";"26";"1";""
"202400020821";"155745102";"A01";"2";"7";"0";"2";"8";"1";"1";""
"202400020822";"155745099";"A01";"2";"2";"0";"2";"2";"1";"1";""
"202400020822";"155745100";"B01";"3";"7";"0";"2";"3";"15";"2";""
"202400020823";"155745097";"B01";"1";"1";"0";"0";"4";"2";"5";""
"202400020823";"155745098";"A01";"1";"7";"0";"9";"1";"1";"1";""
"202400020824";"155745096";"A01";"1";"7";"8";"0";"3";"13";"2";""
"202400020825";"155745095";"A01";"1";"2";"0";"0";"7";"1";"1";""
"202400020826";"155745094";"A01";"2";"7";"0";"1";"3";"1";"2";""
"202400020827";"155745092";"A01";"1";"7";"2";"0";"2";"1";"1";""
"202400020828";"155745091";"A01";"2";"2";"13";"0";"0";"1";"1";""
"202400020829";"155745090";"A01";"2";"7";"0";"1";"1";"1";"1";""
"202400020830";"155745089";"A01";"3";"2";"12";"0";"1";"1";"1";""
"202400020831";"155745086";"B01";"2";"7";"0";"2";"4";"2";"1";""
"202400020831";"155745087";"C01";"2";"7";"0";"2";"1";"1";"1";""
"202400020831";"155745088";"A01";"2";"7";"0";"2";"1";"2";"1";""
"202400020832";"155745083";"A01";"2";"7";"0";"2";"1";"2";"1";""
"202400020832";"155745084";"B01";"2";"7";"0";"2";"4";"2";"1";""
"202400020832";"155745085";"C01";"2";"10";"1";"2";"4";"0";"1";""
"202400020833";"155745081";"A01";"1";"14";"0";"2";"1";"1";"1";""
"202400020833";"155745082";"B01";"1";"7";"0";"2";"4";"1";"1";""
"202400020834";"155745079";"A01";"1";"7";"0";"2";"1";"14";"1";""
"202400020834";"155745080";"B01";"1";"7";"0";"2";"6";"1";"1";""
"202400020835";"155745078";"A01";"1";"7";"4";"0";"4";"21";"1";""
"202400020836";"155745076";"A01";"2";"33";"0";"2";"3";"3";"1";""
"202400020836";"155745077";"B01";"2";"7";"0";"2";"5";"1";"1";""
"202400020837";"155745073";"B01";"2";"7";"0";"2";"2";"12";"1";""
"202400020837";"155745074";"A01";"2";"33";"0";"2";"8";"3";"1";""
"202400020837";"155745075";"C01";"2";"7";"0";"2";"6";"1";"1";""
"202400020838";"155745071";"B01";"1";"7";"0";"2";"4";"2";"1";""
"202400020838";"155745072";"A01";"1";"10";"0";"2";"1";"2";"1";""
"202400020839";"155745070";"A01";"2";"7";"4";"0";"1";"2";"1";""
"202400020840";"155745069";"A01";"2";"34";"0";"0";"0";"21";"1";""
"202400020841";"155745067";"A01";"2";"7";"0";"2";"4";"2";"1";""
"202400020841";"155745068";"B01";"2";"7";"0";"2";"1";"2";"1";""
"202400020842";"155745065";"A01";"1";"7";"0";"2";"6";"11";"1";""
"202400020842";"155745066";"B01";"1";"33";"0";"2";"2";"3";"1";""
"202400020843";"155745062";"A01";"1";"43";"0";"2";"8";"3";"1";""
"202400020843";"155745063";"B01";"1";"7";"0";"2";"5";"12";"1";""
"202400020843";"155745064";"C01";"1";"7";"0";"2";"3";"1";"1";""
"202400020844";"155745060";"B01";"1";"7";"0";"2";"4";"2";"3";""
"202400020844";"155745061";"A01";"1";"32";"0";"2";"1";"2";"1";""
"202400020845";"155745058";"A01";"1";"7";"0";"2";"1";"1";"1";""
"202400020845";"155745059";"B01";"1";"7";"0";"2";"4";"1";"1";""
"202400020846";"155745056";"A01";"2";"37";"0";"2";"2";"21";"1";"2"
"202400020846";"155745057";"B01";"2";"17";"0";"2";"6";"1";"1";""
"202400020847";"155745054";"B01";"2";"10";"3";"2";"2";"11";"1";""
"202400020847";"155745055";"A01";"2";"7";"3";"2";"6";"1";"1";""
"202400020848";"155745053";"A01";"2";"7";"4";"0";"1";"1";"1";""
"202400020849";"155745052";"A01";"2";"7";"4";"2";"9";"1";"1";""
"202400020850";"155745049";"A01";"2";"7";"4";"2";"4";"26";"1";""
"202400020850";"155745050";"B01";"2";"7";"0";"2";"1";"0";"1";""
"202400020850";"155745051";"C01";"2";"7";"0";"2";"0";"0";"1";""
"202400020851";"155745048";"A01";"1";"37";"0";"1";"7";"7";"1";"1"
"202400020852";"155745046";"A01";"2";"1";"0";"2";"0";"0";"5";""
"202400020852";"155745047";"Z01";"0";"7";"0";"0";"0";"0";"0";""
"202400020853";"155745045";"A01";"2";"40";"0";"1";"2";"1";"3";""
"202400020854";"155745043";"A01";"2";"50";"0";"2";"2";"15";"3";""
"202400020854";"155745044";"B01";"1";"7";"0";"2";"3";"1";"1";""
"202400020855";"155745041";"A01";"1";"50";"0";"2";"1";"16";"3";""
"202400020855";"155745042";"B01";"2";"7";"0";"2";"3";"0";"1";""
"202400020856";"155745039";"A01";"2";"7";"0";"2";"3";"13";"3";""
"202400020856";"155745040";"B01";"2";"33";"0";"2";"1";"7";"1";""
"202400020857";"155745037";"A01";"2";"50";"0";"2";"1";"11";"3";""
"202400020857";"155745038";"B01";"1";"33";"0";"2";"1";"1";"1";""
"202400020858";"155745035";"A01";"1";"7";"0";"0";"5";"10";"1";""
"202400020858";"155745036";"B01";"2";"33";"0";"2";"1";"1";"1";""
"202400020859";"155745033";"A01";"1";"7";"0";"9";"1";"15";"1";""
"202400020859";"155745034";"B01";"1";"1";"0";"2";"8";"15";"5";""
"202400020860";"155745031";"A01";"1";"50";"0";"2";"1";"0";"3";""
"202400020860";"155745032";"B01";"1";"7";"0";"2";"1";"0";"1";""
"202400020861";"155745028";"C01";"0";"10";"0";"0";"4";"0";"1";""
"202400020861";"155745029";"A01";"3";"7";"0";"2";"1";"0";"1";""
"202400020861";"155745030";"B01";"0";"7";"0";"0";"0";"0";"1";""
"202400020862";"155745026";"A01";"3";"7";"0";"2";"1";"2";"3";""
"202400020862";"155745027";"B01";"3";"14";"0";"2";"4";"1";"1";""
"202400020863";"155745024";"A01";"1";"3";"0";"2";"1";"13";"1";""
"202400020863";"155745025";"B01";"2";"7";"0";"2";"3";"1";"1";""
"202400020864";"155745022";"A01";"0";"33";"0";"2";"3";"17";"1";""