"Num_Acc";"id_vehicule";"num_veh";"senc";"catv";"obs";"obsm";"choc";"manv";"motor";"occutc"
"202400020864";"155745023";"B01";"0";"7";"0";"2";"3";"15";"1";""
"202400020865";"155745020";"B01";"3";"1";"0";"2";"8";"1";"5";""
"202400020865";"155745021";"A01";"1";"7";"0";"2";"1";"1";"1";""
"202400020866";"155745019";"A01";"1";"7";"0";"1";"2";"1";"1";""
"202400020867";"155745017";"A01";"2";"2";"0";"2";"1";"1";"1";""
"202400020867";"155745018";"B01";"2";"7";"0";"2";"3";"15";"1";""
"202400020868";"155745014";"B01";"1";"31";"0";"2";"7";"1";"1";""
"202400020868";"155745015";"A01";"1";"7";"0";"2";"3";"19";"1";""
"202400020869";"155745008";"B01";"2";"7";"0";"2";"1";"1";"0";""
"202400020869";"155745009";"C01";"1";"7";"0";"2";"1";"1";"0";""
"202400020869";"155745010";"A01";"1";"7";"0";"2";"1";"13";"0";""
"202400020870";"155745002";"A01";"3";"7";"0";"2";"8";"1";"1";""
"202400020870";"155745003";"Y01";"3";"50";"0";"2";"1";"5";"3";""
"202400020871";"155745000";"B01";"3";"2";"0";"2";"2";"1";"1";""
"202400020871";"155745001";"A01";"3";"7";"0";"2";"3";"11";"1";""
"202400020872";"155744999";"A01";"0";"7";"0";"1";"1";"16";"2";""
"202400020873";"155744997";"A01";"2";"7";"0";"2";"2";"1";"1";""
"202400020873";"155744998";"B01";"1";"7";"0";"2";"3";"0";"1";""
"202400020874";"155744996";"A01";"3";"7";"1";"0";"1";"1";"0";""
"202400020875";"155744994";"B01";"2";"7";"0";"2";"3";"1";"1";""
"202400020875";"155744995";"A01";"1";"7";"0";"2";"3";"13";"1";""
"202400020876";"155744992";"B01";"3";"10";"0";"2";"7";"14";"0";""
"202400020876";"155744993";"A01";"3";"7";"0";"2";"3";"12";"2";""
"202400020877";"155744990";"B01";"3";"1";"0";"4";"3";"9";"5";""
"202400020877";"155744991";"A01";"3";"40";"0";"2";"2";"0";"3";""
"202400020878";"155744988";"B01";"3";"33";"0";"2";"1";"1";"1";""
"202400020878";"155744989";"A01";"0";"7";"0";"2";"8";"11";"1";""
"202400020879";"155744986";"A01";"3";"30";"0";"2";"1";"9";"1";""
"202400020879";"155744987";"B01";"3";"7";"0";"2";"7";"1";"1";""
"202400020880";"155744985";"A01";"1";"7";"0";"1";"8";"1";"6";""
"202400020881";"155744983";"A01";"1";"33";"0";"2";"1";"0";"1";""
"202400020881";"155744984";"B01";"1";"7";"0";"2";"6";"1";"1";""
"202400020882";"155744978";"A01";"1";"10";"0";"2";"1";"26";"1";""
"202400020882";"155744979";"B01";"1";"7";"0";"2";"8";"1";"1";""
"202400020882";"155744980";"C01";"1";"7";"0";"2";"4";"1";"1";""
"202400020882";"155744981";"D01";"1";"7";"0";"2";"6";"1";"1";""
"202400020882";"155744982";"E01";"1";"7";"0";"2";"6";"1";"1";""
"202400020883";"155744976";"A01";"1";"43";"0";"2";"1";"0";"1";""
"202400020883";"155744977";"B01";"1";"7";"0";"2";"4";"1";"1";""
"202400020884";"155744973";"C01";"1";"7";"0";"2";"4";"2";"1";""
"202400020884";"155744974";"B01";"1";"7";"0";"2";"4";"2";"1";""
"202400020884";"155744975";"A01";"1";"7";"0";"2";"1";"2";"2";""
"202400020885";"155744972";"A01";"3";"7";"14";"1";"2";"17";"1";""
"202400020886";"155744971";"A01";"3";"50";"14";"0";"7";"1";"3";""
"202400020887";"155744969";"A01";"1";"2";"0";"2";"1";"1";"0";""
"202400020887";"155744970";"B01";"2";"7";"0";"2";"5";"16";"1";""
"202400020888";"155744967";"A01";"3";"7";"0";"2";"2";"17";"1";""
"202400020888";"155744968";"B01";"3";"7";"0";"2";"6";"15";"1";""
"202400020889";"155744965";"B01";"1";"7";"0";"2";"7";"1";"1";""
"202400020889";"155744966";"A01";"1";"50";"0";"2";"1";"1";"3";""
"202400020890";"155744963";"A01";"3";"7";"0";"2";"2";"16";"1";""
"202400020890";"155744964";"B01";"3";"32";"0";"2";"3";"7";"1";""
"202400020891";"155744961";"A01";"2";"10";"0";"2";"3";"8";"3";""
"202400020891";"155744962";"B01";"2";"33";"0";"2";"4";"17";"1";""
"202400020892";"155744959";"A01";"1";"7";"0";"2";"2";"1";"1";""
"202400020892";"155744960";"B01";"2";"7";"0";"2";"3";"1";"1";""
"202400020893";"155744957";"A01";"1";"33";"1";"0";"1";"1";"1";""
"202400020893";"155744958";"B01";"1";"7";"0";"0";"4";"23";"1";""
"202400020894";"155744954";"A01";"1";"7";"0";"2";"1";"1";"1";""
"202400020894";"155744955";"B01";"1";"10";"0";"2";"4";"1";"1";""
"202400020894";"155744956";"C01";"1";"7";"0";"2";"0";"0";"1";""
"202400020895";"155744951";"A01";"2";"7";"0";"2";"1";"1";"1";""
"202400020895";"155744952";"B01";"2";"7";"0";"2";"4";"1";"1";""
"202400020895";"155744953";"C01";"2";"7";"0";"2";"4";"1";"2";""
"202400020896";"155744949";"A01";"1";"7";"0";"2";"1";"20";"1";""
"202400020896";"155744950";"B01";"1";"7";"0";"2";"3";"1";"1";""
"202400020897";"155744948";"A01";"3";"33";"0";"0";"7";"1";"1";""
"202400020898";"155744947";"A01";"1";"7";"0";"1";"1";"15";"1";""
"202400020899";"155744946";"A01";"3";"7";"0";"1";"1";"1";"1";""
"202400020900";"155744944";"A01";"1";"33";"0";"2";"1";"19";"1";""
"202400020900";"155744945";"B01";"1";"7";"0";"2";"8";"1";"1";""
"202400020901";"155744942";"A01";"2";"7";"0";"2";"8";"9";"1";""
"202400020901";"155744943";"B01";"2";"2";"0";"2";"1";"1";"1";""
"202400020902";"155744940";"B01";"1";"31";"0";"2";"1";"1";"1";""
"202400020902";"155744941";"A01";"2";"99";"0";"2";"1";"5";"3";""
"202400020903";"155744938";"A01";"3";"7";"0";"2";"1";"9";"1";""
"202400020903";"155744939";"B01";"3";"33";"0";"2";"4";"23";"1";""
"202400020904";"155744935";"A01";"3";"7";"0";"2";"1";"2";"1";""
"202400020904";"155744936";"B01";"3";"7";"0";"2";"4";"2";"1";""
"202400020904";"155744937";"C01";"3";"7";"0";"2";"4";"2";"1";""
"202400020905";"155744933";"A01";"2";"7";"0";"9";"1";"1";"1";""
"202400020905";"155744934";"B01";"3";"60";"0";"2";"8";"19";"5";""
"202400020906";"155744932";"A01";"0";"7";"2";"0";"1";"1";"1";""
"202400020907";"155744931";"A01";"3";"7";"0";"1";"2";"16";"1";""
"202400020908";"155744929";"A01";"2";"7";"0";"2";"3";"16";"1";""
"202400020908";"155744930";"B01";"1";"1";"0";"2";"3";"1";"5";""
"202400020909";"155744928";"A01";"3";"99";"0";"1";"1";"1";"3";""
"202400020910";"155744927";"A01";"3";"7";"6";"0";"1";"26";"0";""
"202400020911";"155744925";"A01";"2";"21";"0";"2";"2";"15";"1";""
"202400020911";"155744926";"B01";"1";"33";"0";"2";"1";"26";"1";""
"202400020912";"155744924";"A01";"1";"37";"0";"1";"2";"20";"1";"1"
"202400020913";"155744922";"A01";"2";"7";"0";"2";"8";"1";"1";""
"202400020913";"155744923";"B01";"1";"7";"0";"2";"1";"15";"1";""
"202400020914";"155744921";"A01";"1";"7";"0";"1";"2";"1";"1";""
"202400020915";"155744919";"A01";"1";"10";"0";"2";"1";"17";"1";""
"202400020915";"155744920";"B01";"2";"38";"0";"2";"3";"1";"6";"1"
"202400020916";"155744917";"B01";"1";"41";"0";"2";"9";"1";"1";""
"202400020916";"155744918";"Z01";"2";"7";"0";"2";"0";"17";"6";""
"202400020917";"155744915";"B01";"2";"7";"0";"2";"3";"26";"1";""
"202400020917";"155744916";"A01";"1";"50";"0";"2";"7";"26";"3";""
"202400020918";"155744913";"A01";"2";"7";"0";"2";"0";"26";"0";""
"202400020918";"155744914";"B01";"1";"30";"0";"2";"0";"26";"1";""
"202400020919";"155744912";"A01";"1";"7";"0";"1";"1";"15";"1";""
"202400020920";"155744910";"A01";"3";"32";"0";"2";"1";"1";"1";""
"202400020920";"155744911";"B01";"3";"7";"0";"2";"3";"9";"1";""
"202400020921";"155744909";"A01";"1";"7";"15";"0";"2";"15";"1";""
"202400020922";"155744905";"A01";"3";"7";"0";"2";"7";"15";"1";""
"202400020922";"155744907";"B01";"3";"7";"0";"2";"1";"1";"1";""
"202400020923";"155744906";"A01";"2";"33";"0";"9";"8";"1";"1";""
"202400020923";"155744908";"Z01";"2";"7";"0";"2";"2";"12";"1";""
"202400020924";"155744902";"B01";"1";"50";"0";"2";"1";"1";"3";""
"202400020924";"155744904";"A01";"2";"38";"0";"2";"3";"15";"1";"1"
"202400020925";"155744900";"A01";"1";"7";"0";"1";"1";"1";"1";""
"202400020926";"155744901";"A01";"1";"33";"0";"2";"1";"3";"1";""
"202400020926";"155744903";"B01";"1";"7";"0";"2";"6";"1";"1";""
"202400020927";"155744898";"B01";"3";"31";"0";"2";"1";"21";"1";""
"202400020927";"155744899";"A01";"3";"7";"0";"2";"6";"9";"1";""
"202400020928";"155744896";"A01";"2";"30";"0";"2";"3";"2";"1";""
"202400020928";"155744897";"B01";"2";"32";"0";"2";"5";"1";"1";""
"202400020929";"155744893";"A01";"1";"7";"0";"1";"1";"15";"1";""
"202400020930";"155744894";"A01";"2";"43";"0";"2";"1";"3";"1";""
"202400020930";"155744895";"B01";"2";"7";"0";"2";"7";"12";"3";""
"202400020931";"155744890";"A01";"2";"7";"0";"2";"3";"15";"1";""
"202400020931";"155744892";"B01";"3";"1";"0";"2";"7";"19";"5";""
"202400020932";"155744889";"A01";"2";"31";"0";"2";"2";"3";"1";""
"202400020932";"155744891";"B01";"1";"7";"0";"2";"3";"11";"1";""
"202400020933";"155744888";"A01";"1";"7";"0";"1";"2";"1";"1";""
"202400020934";"155744887";"A01";"2";"7";"4";"0";"3";"1";"1";""
"202400020935";"155744885";"B01";"3";"33";"0";"2";"1";"1";"1";""
"202400020935";"155744886";"A01";"3";"7";"0";"2";"2";"1";"1";""
"202400020936";"155744882";"B01";"2";"50";"0";"2";"1";"1";"3";""
"202400020936";"155744883";"A01";"1";"7";"0";"2";"7";"15";"1";""
"202400020937";"155744880";"A01";"3";"7";"8";"0";"1";"14";"2";""
"202400020938";"155744881";"B01";"3";"10";"0";"2";"0";"0";"1";""
"202400020938";"155744884";"A01";"3";"50";"0";"2";"1";"1";"3";""
"202400020939";"155744878";"B01";"2";"1";"0";"2";"4";"1";"5";""
"202400020939";"155744879";"A01";"2";"7";"0";"2";"1";"13";"0";""
"202400020940";"155744873";"A01";"1";"7";"0";"2";"3";"23";"1";""
"202400020940";"155744875";"B01";"1";"50";"1";"2";"1";"2";"3";""
"202400020941";"155744872";"A01";"3";"7";"0";"2";"9";"5";"1";""
"202400020941";"155744874";"B01";"3";"7";"0";"2";"8";"1";"1";""
"202400020941";"155744876";"D01";"3";"7";"0";"2";"4";"0";"1";""
"202400020941";"155744877";"C01";"3";"7";"0";"2";"1";"1";"1";""
"202400020942";"155744870";"B01";"3";"7";"0";"2";"6";"0";"1";""
"202400020942";"155744871";"A01";"3";"33";"0";"2";"1";"1";"1";""
"202400020943";"155744869";"A01";"2";"7";"2";"0";"1";"2";"1";""
"202400020944";"155744865";"A01";"0";"7";"0";"2";"1";"1";"1";""
"202400020944";"155744867";"B01";"0";"7";"0";"2";"4";"1";"3";""
"202400020945";"155744866";"A01";"3";"40";"0";"2";"2";"1";"6";""
"202400020945";"155744868";"B01";"3";"50";"0";"4";"1";"0";"3";""
"202400020946";"155744863";"B01";"1";"7";"0";"2";"3";"15";"1";""
"202400020946";"155744864";"A01";"1";"33";"0";"2";"1";"17";"1";""
"202400020947";"155744859";"A01";"2";"7";"0";"2";"1";"2";"1";""
"202400020947";"155744860";"B01";"2";"7";"0";"2";"1";"2";"1";""
"202400020947";"155744861";"C01";"2";"10";"0";"2";"4";"2";"1";""
"202400020948";"155744857";"A01";"1";"33";"0";"2";"8";"13";"1";""
"202400020948";"155744858";"B01";"2";"7";"0";"2";"8";"1";"1";""
"202400020949";"155744855";"A01";"2";"7";"0";"2";"0";"1";"1";""
"202400020949";"155744856";"B01";"3";"50";"0";"2";"1";"0";"3";""
"202400020950";"155744853";"A01";"3";"30";"0";"0";"0";"1";"1";""
"202400020951";"155744852";"A01";"1";"10";"0";"2";"6";"2";"1";""
"202400020951";"155744854";"B01";"1";"30";"0";"2";"2";"3";"1";""
"202400020952";"155744851";"A01";"2";"1";"1";"0";"1";"1";"5";""
"202400020953";"155744848";"Z01";"1";"7";"0";"9";"3";"15";"0";""
"202400020953";"155744850";"A01";"1";"50";"0";"2";"1";"1";"3";""
"202400020954";"155744846";"A01";"1";"10";"0";"2";"4";"12";"1";""
"202400020954";"155744847";"B01";"1";"7";"0";"2";"1";"1";"2";""
"202400020955";"155744844";"A01";"3";"7";"1";"0";"0";"14";"3";""
"202400020955";"155744845";"B01";"3";"7";"1";"0";"0";"0";"1";""
"202400020956";"155744843";"A01";"2";"7";"6";"0";"1";"1";"1";""
"202400020957";"155744842";"B01";"2";"1";"0";"2";"8";"1";"5";""
"202400020957";"155744849";"A01";"2";"7";"0";"2";"7";"14";"1";""
"202400020958";"155744841";"A01";"2";"7";"13";"0";"1";"1";"1";""
"202400020959";"155744840";"A01";"1";"2";"0";"1";"1";"1";"3";""
"202400020960";"155744838";"A01";"1";"30";"0";"2";"1";"2";"1";""
"202400020960";"155744839";"B01";"1";"7";"0";"2";"5";"2";"1";""
"202400020961";"155744836";"A01";"0";"7";"0";"1";"4";"4";"1";""
"202400020962";"155744837";"A01";"2";"2";"0";"0";"0";"16";"1";""
"202400020963";"155744831";"A01";"1";"7";"0";"2";"7";"15";"1";""
"202400020963";"155744833";"B01";"2";"7";"0";"2";"1";"1";"1";""
"202400020964";"155744830";"A01";"2";"7";"0";"2";"8";"24";"2";""
"202400020964";"155744832";"B01";"2";"1";"1";"0";"8";"18";"5";""
"202400020965";"155744826";"Z01";"3";"7";"0";"2";"0";"0";"0";""
"202400020965";"155744828";"A01";"1";"80";"0";"2";"4";"2";"2";""
"202400020966";"155744827";"A01";"1";"7";"0";"1";"7";"26";"1";""
"202400020967";"155744824";"A01";"1";"7";"9";"0";"2";"19";"1";""
"202400020967";"155744825";"B01";"1";"50";"1";"0";"1";"0";"3";""
"202400020968";"155744823";"A01";"3";"33";"13";"0";"2";"26";"1";""
"202400020969";"155744821";"A01";"3";"7";"0";"2";"1";"0";"1";""
"202400020969";"155744822";"B01";"3";"80";"0";"0";"0";"0";"3";""
"202400020970";"155744819";"A01";"2";"7";"1";"1";"1";"1";"1";""
"202400020971";"155744818";"A01";"1";"33";"0";"2";"1";"7";"1";""
"202400020971";"155744820";"B01";"2";"7";"0";"2";"2";"15";"1";""
"202400020972";"155744816";"A01";"0";"7";"0";"1";"1";"26";"1";""
"202400020973";"155744815";"A01";"3";"7";"0";"2";"0";"2";"1";""
"202400020973";"155744817";"B01";"3";"7";"0";"2";"0";"0";"1";""
"202400020974";"155744814";"A01";"1";"7";"0";"1";"4";"4";"2";""
"202400020975";"155744813";"A01";"1";"7";"9";"0";"1";"1";"1";""
"202400020976";"155744811";"A01";"1";"32";"0";"0";"7";"2";"1";""
"202400020977";"155744809";"A01";"3";"7";"0";"1";"3";"26";"0";""
"202400020978";"155744808";"B01";"1";"7";"0";"2";"4";"2";"1";""
"202400020978";"155744810";"A01";"1";"7";"0";"2";"1";"2";"1";""
"202400020978";"155744812";"C01";"1";"7";"0";"2";"6";"2";"2";""
"202400020979";"155744804";"B01";"1";"7";"0";"2";"2";"15";"1";""
"202400020979";"155744806";"A01";"2";"32";"0";"2";"1";"26";"1";""
"202400020980";"155744800";"C01";"1";"7";"0";"2";"1";"1";"1";""
"202400020980";"155744802";"A01";"2";"7";"0";"2";"1";"5";"1";""
"202400020980";"155744805";"B01";"1";"7";"0";"2";"1";"1";"1";""
"202400020980";"155744807";"D01";"1";"7";"0";"2";"1";"0";"1";""
"202400020981";"155744801";"A01";"2";"33";"0";"2";"1";"26";"1";""
"202400020981";"155744803";"B01";"2";"10";"0";"2";"5";"1";"1";""
"202400020982";"155744799";"A01";"1";"7";"0";"1";"3";"15";"1";""
"202400020983";"155744798";"A01";"1";"10";"0";"1";"1";"16";"1";""
"202400020984";"155744797";"A01";"3";"7";"0";"1";"1";"15";"3";""
"202400020985";"155744793";"A01";"3";"32";"0";"2";"1";"0";"1";""
"202400020985";"155744796";"B01";"3";"7";"0";"2";"8";"0";"1";""
"202400020986";"155744791";"A01";"1";"7";"0";"2";"6";"10";"1";""
"202400020986";"155744794";"B01";"1";"43";"0";"2";"1";"1";"1";""
"202400020987";"155744792";"A01";"1";"7";"0";"2";"2";"1";"1";""
"202400020987";"155744795";"B01";"1";"1";"0";"2";"4";"11";"5";""
"202400020988";"155744788";"A01";"2";"7";"0";"2";"2";"1";"1";""
"202400020988";"155744790";"B01";"2";"7";"0";"2";"6";"1";"1";""
"202400020989";"155744787";"A01";"1";"33";"0";"2";"1";"1";"1";""
"202400020990";"155744786";"A01";"3";"7";"0";"2";"3";"1";"1";""
"202400020990";"155744789";"B01";"3";"7";"0";"2";"2";"1";"2";""
"202400020991";"155744785";"A01";"0";"7";"0";"1";"1";"19";"1";""
"202400020992";"155744783";"Z01";"2";"1";"0";"1";"1";"1";"5";""
"202400020993";"155744782";"A01";"0";"31";"0";"2";"1";"0";"1";""
"202400020993";"155744784";"B01";"0";"33";"0";"2";"0";"0";"1";""
"202400020994";"155744779";"A01";"1";"7";"1";"0";"3";"13";"2";""
"202400020995";"155744778";"A01";"1";"1";"0";"2";"1";"1";"5";""
"202400020995";"155744781";"B01";"1";"1";"0";"2";"4";"1";"5";""
"202400020996";"155744776";"C01";"2";"33";"0";"2";"4";"21";"1";""
"202400020996";"155744777";"A01";"2";"7";"0";"2";"4";"1";"1";""
"202400020996";"155744780";"B01";"2";"33";"0";"2";"1";"21";"1";""
"202400020997";"155744773";"A01";"3";"7";"4";"2";"9";"18";"1";""
"202400020997";"155744775";"B01";"3";"7";"0";"2";"3";"0";"1";""
"202400020998";"155744772";"A01";"2";"10";"0";"2";"5";"1";"1";""
"202400020998";"155744774";"B01";"2";"7";"0";"2";"3";"16";"1";""
"202400020999";"155744769";"B01";"1";"34";"0";"0";"7";"1";"1";""
"202400020999";"155744771";"A01";"2";"80";"0";"0";"1";"19";"3";""
"202400021000";"155744768";"B01";"1";"7";"0";"2";"3";"23";"1";""
"202400021000";"155744770";"A01";"2";"33";"0";"2";"1";"3";"1";""
"202400021001";"155744767";"A01";"1";"7";"0";"0";"0";"0";"1";""
"202400021002";"155744765";"A01";"2";"7";"0";"1";"3";"16";"1";""
"202400021003";"155744764";"A01";"2";"7";"0";"2";"3";"19";"2";""
"202400021003";"155744766";"B01";"2";"32";"0";"2";"1";"1";"1";""
"202400021004";"155744763";"A01";"2";"7";"14";"0";"3";"13";"1";""
"202400021005";"155744762";"A01";"3";"10";"5";"0";"3";"1";"1";""
"202400021006";"155744758";"A01";"1";"7";"0";"0";"3";"1";"1";""
"202400021006";"155744761";"B01";"1";"10";"9";"2";"1";"1";"1";""
"202400021007";"155744759";"A01";"1";"33";"0";"2";"1";"17";"1";""
"202400021007";"155744760";"B01";"1";"7";"0";"2";"3";"15";"1";""
"202400021008";"155744757";"A01";"1";"50";"9";"0";"1";"25";"3";""
"202400021009";"155744756";"A01";"3";"7";"0";"1";"3";"20";"1";""
"202400021010";"155744754";"A01";"2";"7";"0";"2";"3";"15";"1";""
"202400021010";"155744755";"B01";"2";"2";"0";"2";"1";"17";"3";""
"202400021011";"155744753";"A01";"1";"10";"0";"1";"4";"26";"1";""
"202400021012";"155744751";"B01";"2";"2";"0";"2";"2";"1";"1";""
"202400021012";"155744752";"A01";"1";"10";"0";"2";"5";"10";"1";""
"202400021013";"155744749";"A01";"2";"7";"0";"2";"1";"13";"1";""
"202400021013";"155744750";"B01";"1";"7";"0";"2";"1";"1";"1";""
"202400021014";"155744748";"A01";"2";"7";"0";"1";"1";"16";"1";""
"202400021015";"155744744";"A01";"2";"7";"0";"2";"4";"2";"0";""
"202400021015";"155744745";"B01";"2";"30";"0";"2";"1";"2";"1";""
"202400021016";"155744742";"A01";"0";"33";"0";"0";"0";"0";"1";""
"202400021017";"155744743";"A01";"3";"30";"0";"0";"0";"1";"3";""
"202400021018";"155744739";"B01";"1";"7";"0";"2";"1";"21";"0";""
"202400021018";"155744741";"A01";"2";"7";"0";"2";"7";"15";"1";""
"202400021019";"155744737";"A01";"2";"33";"12";"2";"2";"26";"1";""
"202400021019";"155744738";"B01";"1";"7";"0";"2";"2";"1";"1";""
"202400021020";"155744736";"A01";"1";"7";"2";"0";"1";"1";"1";""
"202400021021";"155744734";"A01";"2";"7";"6";"0";"2";"1";"1";""
"202400021022";"155744733";"A01";"1";"1";"0";"2";"1";"13";"5";""
"202400021022";"155744735";"B01";"2";"1";"0";"2";"1";"1";"5";""
"202400021023";"155744732";"A01";"1";"7";"1";"1";"2";"15";"1";""
"202400021024";"155744730";"A01";"1";"7";"2";"9";"9";"14";"1";""
"202400021025";"155744728";"B01";"3";"10";"0";"2";"6";"24";"1";""
"202400021025";"155744731";"A01";"3";"38";"1";"0";"7";"1";"1";"1"
"202400021026";"155744727";"A01";"2";"7";"0";"2";"4";"4";"1";""
"202400021026";"155744729";"B01";"2";"1";"0";"2";"1";"1";"5";""
"202400021027";"155744724";"A01";"0";"1";"0";"0";"0";"0";"5";""
"202400021027";"155744726";"B01";"1";"34";"0";"2";"7";"2";"1";""
"202400021028";"155744723";"Z01";"2";"1";"0";"1";"4";"19";"5";""
"202400021029";"155744722";"A01";"1";"2";"0";"2";"1";"15";"1";""
"202400021029";"155744725";"B01";"2";"7";"0";"2";"3";"1";"1";""
"202400021030";"155744720";"A01";"1";"7";"0";"2";"3";"1";"1";""
"202400021030";"155744721";"B01";"1";"7";"12";"0";"5";"23";"0";""
"202400021031";"155744718";"A01";"3";"7";"8";"0";"1";"15";"1";""
"202400021032";"155744719";"A01";"1";"7";"14";"0";"2";"1";"1";""
"202400021033";"155744717";"A01";"1";"7";"0";"1";"2";"26";"1";""
"202400021034";"155744715";"A01";"1";"7";"0";"1";"2";"1";"1";""
"202400021035";"155744713";"A01";"1";"10";"0";"2";"3";"15";"1";""
"202400021035";"155744716";"B01";"1";"32";"0";"2";"5";"17";"1";""
"202400021036";"155744712";"A01";"1";"7";"0";"2";"3";"15";"1";""
"202400021036";"155744714";"B01";"1";"2";"0";"2";"2";"17";"1";""
"202400021037";"155744710";"B01";"2";"7";"0";"2";"1";"2";"1";""
"202400021037";"155744711";"A01";"2";"10";"0";"2";"4";"26";"1";""
"202400021038";"155744708";"A01";"2";"7";"9";"1";"1";"15";"1";""
"202400021039";"155744707";"A01";"2";"10";"0";"2";"1";"2";"1";""
"202400021039";"155744709";"B01";"2";"7";"0";"2";"4";"2";"1";""
"202400021040";"155744706";"A01";"3";"7";"0";"1";"2";"1";"1";""
"202400021041";"155744703";"B01";"3";"7";"0";"2";"1";"1";"1";""
"202400021041";"155744705";"A01";"3";"7";"0";"2";"1";"13";"1";""
"202400021042";"155744702";"A01";"2";"1";"0";"2";"1";"1";"5";""
"202400021042";"155744704";"Z01";"2";"30";"0";"2";"7";"1";"0";""
"202400021043";"155744701";"A01";"0";"7";"0";"1";"2";"1";"1";""
"202400021044";"155744699";"A01";"1";"7";"1";"2";"1";"1";"1";""
"202400021044";"155744700";"B01";"1";"7";"0";"2";"4";"1";"1";""
"202400021045";"155744697";"A01";"1";"7";"2";"0";"1";"1";"1";""
"202400021046";"155744696";"A01";"1";"33";"0";"2";"1";"1";"1";""
"202400021046";"155744698";"B01";"2";"1";"0";"2";"1";"1";"5";""
"202400021047";"155744694";"A01";"1";"33";"0";"2";"0";"0";"1";""
"202400021047";"155744695";"B01";"1";"60";"0";"2";"1";"26";"5";""
"202400021048";"155744693";"A01";"2";"7";"8";"6";"8";"1";"1";""
"202400021049";"155744692";"A01";"1";"99";"0";"0";"0";"21";"5";""
"202400021050";"155744691";"A01";"2";"7";"9";"0";"1";"1";"1";""
"202400021051";"155744688";"A01";"1";"7";"0";"2";"2";"1";"1";""
"202400021051";"155744690";"B01";"1";"1";"0";"2";"5";"1";"5";""
"202400021052";"155744687";"A01";"2";"1";"0";"2";"7";"17";"5";""
"202400021052";"155744689";"B01";"2";"1";"0";"2";"8";"1";"5";""
"202400021053";"155744685";"A01";"2";"7";"1";"0";"2";"2";"1";""
"202400021053";"155744686";"B01";"2";"7";"0";"2";"6";"23";"1";""
"202400021054";"155744684";"A01";"2";"2";"0";"0";"7";"1";"1";""
"202400021055";"155744682";"A01";"1";"30";"0";"2";"2";"12";"1";""
"202400021055";"155744683";"B01";"1";"37";"0";"2";"3";"7";"1";"1"
"202400021056";"155744681";"A01";"2";"7";"3";"0";"1";"14";"1";""
"202400021057";"155744680";"A01";"1";"7";"13";"0";"0";"21";"1";""
"202400021058";"155744679";"A01";"0";"7";"0";"1";"1";"26";"1";""
"202400021059";"155744678";"A01";"1";"10";"0";"1";"1";"15";"3";""
"202400021060";"155744677";"A01";"3";"31";"0";"0";"0";"1";"1";""
"202400021061";"155744673";"B01";"1";"1";"0";"2";"3";"18";"5";""
"202400021061";"155744676";"A01";"0";"7";"0";"2";"2";"1";"1";""
"202400021062";"155744672";"A01";"1";"33";"0";"2";"1";"17";"1";""
"202400021062";"155744675";"B01";"2";"7";"0";"2";"1";"9";"1";""
"202400021063";"155744671";"A01";"1";"7";"0";"2";"3";"11";"1";""
"202400021063";"155744674";"B01";"2";"7";"0";"2";"3";"1";"1";""
"202400021064";"155744668";"A01";"1";"7";"3";"0";"1";"1";"1";""
"202400021065";"155744667";"A01";"1";"2";"0";"2";"2";"1";"1";""
"202400021065";"155744669";"B01";"0";"2";"0";"2";"1";"9";"3";""
"202400021066";"155744662";"B01";"2";"7";"0";"2";"1";"1";"1";""
"202400021066";"155744665";"A01";"1";"7";"0";"2";"1";"13";"1";""
"202400021067";"155744661";"B01";"1";"1";"0";"2";"7";"1";"5";""
"202400021067";"155744664";"A01";"2";"7";"0";"2";"2";"15";"1";""
"202400021068";"155744660";"A01";"2";"7";"0";"2";"3";"19";"1";""
"202400021068";"155744663";"B01";"1";"7";"0";"2";"7";"1";"1";""
"202400021069";"155744659";"A01";"2";"7";"0";"0";"0";"1";"6";""
"202400021070";"155744657";"Z01";"3";"0";"0";"1";"0";"2";"0";""
"202400021071";"155744655";"A01";"1";"7";"0";"2";"3";"17";"1";""
"202400021071";"155744658";"B01";"1";"21";"0";"2";"6";"1";"1";""
"202400021072";"155744654";"A01";"1";"7";"0";"2";"7";"12";"1";""
"202400021072";"155744656";"B01";"1";"30";"0";"2";"3";"1";"1";""
"202400021073";"155744652";"A01";"3";"31";"2";"0";"1";"1";"1";""
"202400021074";"155744651";"A01";"1";"33";"0";"0";"8";"1";"1";""
"202400021075";"155744650";"B01";"3";"7";"0";"2";"8";"11";"1";""
"202400021075";"155744653";"A01";"3";"7";"0";"2";"2";"1";"1";""
"202400021076";"155744649";"A01";"0";"7";"0";"9";"2";"0";"1";""
"202400021077";"155744647";"A01";"2";"7";"2";"0";"2";"1";"1";""
"202400021078";"155744646";"A01";"1";"7";"0";"2";"8";"15";"1";""
"202400021078";"155744648";"B01";"1";"33";"0";"2";"0";"0";"1";""
"202400021079";"155744644";"A01";"2";"7";"0";"2";"1";"6";"1";""
"202400021079";"155744645";"B01";"1";"7";"0";"2";"1";"1";"1";""
"202400021080";"155744641";"A01";"2";"7";"0";"2";"1";"1";"1";""
"202400021080";"155744642";"B01";"2";"7";"13";"0";"4";"1";"3";""
"202400021081";"155744640";"A01";"1";"33";"13";"0";"0";"1";"1";""
"202400021082";"155744639";"A01";"2";"7";"0";"2";"3";"1";"1";""
"202400021082";"155744643";"B01";"3";"7";"0";"2";"7";"1";"1";""