"Num_Acc";"id_vehicule";"num_veh";"senc";"catv";"obs";"obsm";"choc";"manv";"motor";"occutc"
"202400021083";"155744637";"B01";"1";"10";"0";"2";"3";"1";"1";""
"202400021083";"155744638";"A01";"2";"7";"0";"2";"3";"1";"1";""
"202400021084";"155744636";"A01";"1";"7";"2";"0";"7";"1";"1";""
"202400021085";"155744635";"A01";"2";"15";"0";"1";"7";"1";"1";""
"202400021086";"155744634";"A01";"1";"10";"2";"0";"1";"13";"1";""
"202400021087";"155744631";"A01";"1";"21";"0";"2";"3";"5";"1";""
"202400021087";"155744633";"B01";"2";"7";"0";"2";"3";"5";"1";""
"202400021088";"155744630";"A01";"1";"7";"2";"0";"1";"0";"0";""
"202400021089";"155744629";"A01";"2";"7";"0";"2";"1";"11";"1";""
"202400021089";"155744632";"B01";"2";"7";"0";"2";"4";"2";"1";""
"202400021090";"155744625";"A01";"1";"7";"0";"2";"3";"1";"1";""
"202400021090";"155744628";"B01";"2";"3";"0";"2";"3";"1";"1";""
"202400021091";"155744624";"A01";"0";"7";"0";"2";"3";"15";"3";""
"202400021091";"155744626";"B01";"0";"30";"0";"2";"2";"17";"1";""
"202400021092";"155744623";"A01";"3";"2";"0";"2";"5";"19";"1";""
"202400021092";"155744627";"B01";"3";"7";"0";"2";"2";"1";"1";""
"202400021093";"155744619";"B01";"3";"7";"0";"2";"3";"13";"1";""
"202400021093";"155744622";"A01";"3";"7";"0";"2";"3";"13";"1";""
"202400021094";"155744618";"B01";"0";"99";"0";"2";"8";"9";"0";""
"202400021094";"155744621";"A01";"0";"7";"0";"2";"1";"19";"1";""
"202400021095";"155744615";"B01";"2";"10";"0";"2";"1";"1";"1";""
"202400021095";"155744617";"A01";"1";"7";"0";"2";"1";"1";"1";""
"202400021095";"155744620";"C01";"1";"7";"0";"2";"3";"1";"1";""
"202400021096";"155744614";"A01";"2";"2";"0";"2";"1";"1";"1";""
"202400021096";"155744616";"B01";"1";"7";"0";"2";"7";"15";"1";""
"202400021097";"155744612";"A01";"1";"7";"0";"2";"4";"1";"1";""
"202400021097";"155744613";"B01";"1";"7";"0";"2";"1";"1";"1";""
"202400021098";"155744611";"A01";"3";"7";"2";"0";"3";"1";"1";""
"202400021099";"155744608";"A01";"1";"36";"15";"0";"1";"1";"1";""
"202400021100";"155744607";"A01";"2";"32";"0";"1";"1";"21";"1";""
"202400021101";"155744606";"A01";"3";"7";"13";"0";"1";"0";"1";""
"202400021102";"155744605";"A01";"1";"7";"0";"2";"8";"9";"1";""
"202400021102";"155744609";"B01";"2";"7";"0";"2";"1";"1";"1";""
"202400021103";"155744600";"A01";"2";"7";"0";"2";"3";"13";"1";""
"202400021103";"155744602";"B01";"1";"7";"0";"2";"3";"1";"1";""
"202400021104";"155744601";"A01";"2";"33";"0";"2";"5";"17";"1";""
"202400021104";"155744604";"B01";"2";"7";"0";"2";"3";"9";"1";""
"202400021105";"155744603";"A01";"1";"7";"0";"1";"1";"16";"2";""
"202400021106";"155744595";"A01";"1";"7";"0";"9";"8";"9";"2";""
"202400021106";"155744598";"B01";"2";"1";"0";"2";"1";"16";"5";""
"202400021107";"155744596";"A01";"2";"7";"0";"0";"1";"0";"1";""
"202400021107";"155744599";"B01";"1";"7";"0";"0";"1";"0";"1";""
"202400021108";"155744594";"A01";"2";"7";"0";"9";"1";"5";"2";""
"202400021108";"155744597";"B01";"2";"1";"0";"2";"8";"19";"5";""
"202400021109";"155744592";"A01";"1";"7";"6";"0";"1";"1";"6";""
"202400021110";"155744591";"A01";"2";"7";"0";"2";"1";"15";"1";""
"202400021110";"155744593";"B01";"1";"7";"9";"2";"1";"1";"1";""
"202400021111";"155744589";"B01";"1";"7";"0";"2";"7";"0";"1";""
"202400021111";"155744590";"A01";"1";"34";"0";"0";"0";"15";"1";""
"202400021112";"155744588";"A01";"2";"33";"0";"0";"0";"1";"1";""
"202400021113";"155744587";"A01";"1";"7";"6";"0";"0";"0";"1";""
"202400021114";"155744584";"A01";"1";"7";"0";"2";"2";"9";"1";""
"202400021114";"155744585";"B01";"1";"1";"0";"2";"5";"1";"5";""
"202400021115";"155744581";"A01";"2";"10";"0";"2";"2";"2";"1";""
"202400021115";"155744583";"B01";"2";"50";"0";"0";"4";"2";"3";""
"202400021116";"155744582";"B01";"3";"50";"0";"2";"2";"15";"3";""
"202400021116";"155744586";"A01";"3";"7";"0";"2";"3";"2";"1";""
"202400021117";"155744580";"A01";"1";"7";"6";"0";"1";"1";"1";""
"202400021118";"155744578";"A01";"1";"7";"0";"2";"7";"1";"1";""
"202400021118";"155744579";"B01";"1";"30";"0";"0";"0";"0";"1";""
"202400021119";"155744576";"A01";"2";"38";"2";"0";"7";"1";"1";"7"
"202400021120";"155744575";"A01";"2";"31";"0";"2";"1";"2";"1";""
"202400021120";"155744577";"B01";"2";"7";"0";"0";"4";"1";"1";""
"202400021121";"155744571";"A01";"1";"7";"0";"2";"1";"13";"1";""
"202400021121";"155744573";"B01";"2";"7";"0";"2";"1";"1";"1";""
"202400021122";"155744570";"B01";"2";"7";"0";"0";"4";"1";"1";""
"202400021122";"155744574";"A01";"2";"33";"0";"2";"1";"1";"1";""
"202400021123";"155744572";"A01";"1";"7";"0";"1";"2";"16";"1";""
"202400021124";"155744569";"A01";"1";"14";"0";"1";"1";"1";"1";""
"202400021125";"155744568";"A01";"1";"7";"13";"0";"1";"1";"1";""
"202400021126";"155744566";"A01";"2";"7";"0";"6";"1";"1";"1";""
"202400021127";"155744564";"B01";"1";"32";"0";"0";"4";"16";"1";""
"202400021127";"155744565";"A01";"1";"7";"0";"2";"1";"16";"1";""
"202400021128";"155744563";"B01";"1";"80";"0";"2";"2";"1";"3";""
"202400021128";"155744567";"A01";"2";"7";"0";"2";"7";"1";"2";""
"202400021129";"155744560";"A01";"1";"33";"13";"0";"0";"1";"1";""
"202400021129";"155744562";"B01";"2";"7";"0";"0";"0";"0";"1";""
"202400021130";"155744559";"B01";"2";"7";"0";"2";"2";"15";"3";""
"202400021130";"155744561";"A01";"1";"33";"0";"2";"2";"3";"3";""
"202400021131";"155744557";"A01";"1";"33";"0";"6";"0";"21";"1";""
"202400021132";"155744555";"A01";"2";"33";"0";"2";"1";"13";"1";""
"202400021132";"155744556";"B01";"1";"7";"0";"2";"2";"1";"1";""
"202400021133";"155744554";"A01";"0";"34";"0";"2";"1";"1";"1";""
"202400021133";"155744558";"B01";"0";"7";"0";"2";"1";"1";"1";""
"202400021134";"155744553";"A01";"3";"2";"13";"0";"2";"1";"1";""
"202400021135";"155744552";"A01";"2";"7";"4";"0";"2";"1";"1";""
"202400021136";"155744548";"A01";"1";"32";"0";"2";"1";"17";"1";""
"202400021136";"155744550";"B01";"1";"7";"0";"2";"3";"15";"1";""
"202400021137";"155744549";"B01";"3";"31";"1";"0";"2";"21";"1";""
"202400021137";"155744551";"A01";"3";"7";"0";"2";"3";"15";"1";""
"202400021138";"155744546";"A01";"2";"7";"0";"2";"1";"12";"1";""
"202400021138";"155744547";"B01";"2";"15";"0";"0";"8";"2";"1";""
"202400021139";"155744544";"A01";"3";"7";"0";"0";"0";"1";"1";""
"202400021140";"155744542";"A01";"2";"10";"1";"0";"8";"4";"3";""
"202400021140";"155744543";"B01";"1";"7";"0";"2";"1";"23";"1";""
"202400021140";"155744545";"Y01";"3";"1";"1";"2";"1";"24";"5";""
"202400021141";"155744540";"A01";"1";"32";"0";"2";"1";"1";"1";""
"202400021141";"155744541";"B01";"1";"7";"0";"2";"6";"1";"1";""
"202400021142";"155744537";"A01";"1";"7";"0";"2";"6";"19";"1";""
"202400021142";"155744539";"B01";"1";"33";"0";"2";"1";"26";"1";""
"202400021143";"155744535";"B01";"3";"1";"0";"2";"2";"1";"5";""
"202400021143";"155744538";"A01";"3";"7";"0";"2";"3";"15";"2";""
"202400021144";"155744536";"A01";"1";"7";"3";"0";"0";"14";"1";""
"202400021145";"155744534";"A01";"0";"32";"0";"0";"0";"1";"0";""
"202400021146";"155744530";"A01";"3";"10";"0";"2";"2";"17";"1";""
"202400021146";"155744532";"B01";"3";"1";"0";"2";"4";"1";"5";""
"202400021147";"155744531";"A01";"1";"10";"0";"2";"2";"16";"1";""
"202400021147";"155744533";"B01";"1";"50";"0";"2";"3";"1";"3";""
"202400021148";"155744528";"A01";"1";"31";"0";"2";"1";"0";"6";""
"202400021148";"155744529";"B01";"1";"10";"0";"2";"2";"9";"1";""
"202400021149";"155744526";"A01";"1";"7";"13";"0";"2";"14";"1";""
"202400021150";"155744525";"A01";"3";"7";"0";"2";"2";"14";"1";""
"202400021150";"155744527";"B01";"3";"7";"0";"2";"6";"1";"1";""
"202400021151";"155744523";"B01";"2";"50";"0";"2";"3";"15";"3";""
"202400021151";"155744524";"A01";"1";"7";"0";"2";"2";"1";"1";""
"202400021152";"155744522";"A01";"3";"7";"8";"0";"1";"0";"1";""
"202400021153";"155744521";"A01";"3";"7";"0";"1";"1";"26";"2";""
"202400021154";"155744518";"A01";"3";"7";"0";"0";"0";"0";"0";""
"202400021154";"155744520";"B01";"3";"50";"12";"0";"8";"1";"3";""
"202400021155";"155744517";"A01";"2";"7";"6";"0";"2";"2";"1";""
"202400021156";"155744516";"A01";"3";"7";"0";"2";"1";"17";"1";""
"202400021156";"155744519";"B01";"3";"32";"0";"2";"1";"1";"1";""
"202400021157";"155744514";"A01";"2";"33";"3";"0";"0";"1";"1";""
"202400021158";"155744512";"A01";"1";"10";"0";"2";"1";"5";"1";""
"202400021158";"155744515";"B01";"2";"15";"0";"2";"1";"1";"1";""
"202400021159";"155744511";"B01";"1";"10";"0";"9";"1";"15";"1";""
"202400021159";"155744513";"A01";"2";"2";"0";"2";"1";"1";"1";""
"202400021160";"155744510";"A01";"2";"7";"2";"0";"6";"14";"1";""
"202400021161";"155744509";"A01";"1";"7";"0";"0";"0";"1";"1";""
"202400021162";"155744507";"A01";"2";"33";"8";"0";"0";"1";"1";""
"202400021163";"155744506";"A01";"3";"7";"0";"2";"3";"16";"1";""
"202400021163";"155744508";"B01";"1";"2";"0";"2";"1";"1";"1";""
"202400021164";"155744505";"B01";"1";"15";"1";"1";"2";"1";"1";""
"202400021165";"155744504";"A01";"2";"7";"0";"1";"1";"0";"1";""
"202400021166";"155744501";"A01";"2";"7";"0";"2";"3";"10";"1";""
"202400021166";"155744503";"B01";"2";"33";"0";"2";"1";"1";"1";""
"202400021167";"155744500";"A01";"1";"7";"0";"0";"6";"15";"1";""
"202400021167";"155744502";"B01";"1";"32";"0";"2";"1";"17";"1";""
"202400021168";"155744496";"B01";"1";"7";"16";"0";"6";"1";"1";""
"202400021168";"155744498";"A01";"1";"7";"16";"2";"2";"17";"1";""
"202400021169";"155744495";"A01";"3";"7";"0";"2";"1";"13";"1";""
"202400021169";"155744497";"B01";"3";"7";"0";"2";"1";"1";"1";""
"202400021170";"155744492";"A01";"3";"7";"0";"2";"3";"1";"1";""
"202400021170";"155744494";"B01";"3";"7";"0";"2";"7";"1";"1";""
"202400021171";"155744493";"A01";"0";"2";"6";"0";"0";"1";"1";""
"202400021172";"155744490";"A01";"2";"7";"0";"0";"0";"0";"1";""
"202400021173";"155744491";"A01";"2";"7";"16";"0";"9";"17";"1";""
"202400021174";"155744486";"A01";"1";"33";"15";"0";"1";"13";"1";""
"202400021175";"155744485";"A01";"3";"7";"13";"2";"1";"2";"2";""
"202400021175";"155744488";"C01";"3";"1";"0";"0";"4";"2";"5";""
"202400021175";"155744489";"B01";"3";"7";"0";"2";"4";"2";"3";""
"202400021176";"155744484";"B01";"2";"32";"0";"2";"3";"13";"1";""
"202400021176";"155744487";"A01";"2";"7";"0";"2";"2";"17";"1";""
"202400021177";"155744483";"A01";"2";"21";"1";"0";"7";"1";"1";""
"202400021178";"155744480";"B01";"2";"1";"0";"2";"4";"13";"5";""
"202400021178";"155744482";"A01";"2";"7";"0";"9";"2";"17";"1";""
"202400021179";"155744479";"A01";"1";"32";"0";"2";"1";"1";"1";""
"202400021179";"155744481";"B01";"2";"7";"0";"2";"2";"13";"1";""
"202400021180";"155744474";"A01";"2";"7";"0";"2";"3";"13";"1";""
"202400021180";"155744476";"B01";"1";"10";"0";"2";"3";"1";"1";""
"202400021181";"155744473";"C01";"2";"7";"0";"0";"3";"23";"1";""
"202400021181";"155744477";"A01";"2";"7";"0";"2";"2";"5";"1";""
"202400021181";"155744478";"B01";"2";"15";"0";"2";"2";"1";"1";""
"202400021182";"155744472";"A01";"2";"7";"0";"2";"8";"13";"1";""
"202400021182";"155744475";"B01";"1";"7";"0";"2";"6";"1";"1";""
"202400021183";"155744470";"A01";"1";"7";"0";"0";"3";"1";"1";""
"202400021183";"155744471";"B01";"2";"7";"0";"0";"2";"1";"1";""
"202400021184";"155744468";"A01";"1";"7";"0";"0";"9";"17";"1";""
"202400021185";"155744466";"A01";"2";"7";"0";"2";"1";"15";"1";""
"202400021185";"155744469";"B01";"1";"33";"0";"2";"1";"1";"1";""
"202400021186";"155744463";"B01";"1";"7";"13";"2";"3";"1";"1";""
"202400021186";"155744464";"A01";"2";"7";"0";"2";"3";"13";"1";""
"202400021187";"155744462";"A01";"1";"0";"0";"1";"0";"0";"0";""
"202400021188";"155744459";"A01";"2";"33";"0";"2";"1";"1";"1";""
"202400021188";"155744460";"B01";"2";"7";"0";"0";"5";"1";"1";""
"202400021189";"155744458";"A01";"2";"7";"13";"0";"1";"26";"1";""
"202400021190";"155744457";"A01";"1";"7";"0";"1";"1";"1";"1";""
"202400021191";"155744456";"A01";"1";"7";"0";"9";"2";"14";"1";""
"202400021192";"155744454";"A01";"3";"7";"6";"0";"3";"1";"1";""
"202400021193";"155744453";"A01";"1";"31";"0";"2";"1";"1";"1";""
"202400021193";"155744455";"B01";"1";"7";"0";"2";"3";"1";"1";""
"202400021194";"155744452";"A01";"2";"7";"0";"0";"9";"0";"1";""
"202400021195";"155744451";"A01";"1";"33";"8";"0";"7";"1";"1";""
"202400021196";"155744448";"A01";"1";"7";"3";"0";"3";"13";"1";""
"202400021197";"155744449";"A01";"1";"2";"0";"2";"1";"1";"1";""
"202400021197";"155744450";"B01";"2";"7";"0";"2";"3";"1";"1";""
"202400021198";"155744445";"A01";"2";"7";"6";"2";"4";"1";"1";""
"202400021199";"155744444";"A01";"2";"7";"2";"0";"3";"13";"1";""
"202400021200";"155744446";"A01";"1";"7";"0";"2";"5";"15";"1";""
"202400021200";"155744447";"B01";"2";"7";"0";"2";"1";"1";"1";""
"202400021201";"155744443";"A01";"1";"7";"16";"0";"1";"16";"1";""
"202400021202";"155744440";"B01";"2";"7";"0";"2";"1";"1";"1";""
"202400021202";"155744441";"A01";"1";"10";"0";"2";"1";"13";"1";""
"202400021203";"155744439";"B01";"1";"7";"0";"2";"3";"9";"1";""
"202400021203";"155744442";"A01";"2";"7";"0";"2";"2";"1";"1";""
"202400021204";"155744433";"A01";"2";"7";"0";"2";"1";"2";"1";""
"202400021204";"155744435";"B01";"2";"10";"0";"2";"4";"2";"1";""
"202400021204";"155744437";"C01";"2";"7";"0";"2";"4";"2";"1";""
"202400021204";"155744438";"D01";"2";"7";"0";"2";"4";"2";"1";""
"202400021205";"155744434";"A01";"3";"7";"0";"2";"7";"15";"0";""
"202400021205";"155744436";"B01";"3";"33";"0";"2";"1";"1";"1";""
"202400021206";"155744430";"B01";"2";"7";"0";"2";"1";"1";"1";""
"202400021206";"155744432";"A01";"1";"10";"0";"2";"8";"19";"1";""
"202400021207";"155744428";"A01";"2";"33";"0";"2";"1";"1";"1";""
"202400021207";"155744431";"B01";"2";"7";"0";"2";"4";"12";"1";""
"202400021208";"155744424";"A01";"1";"1";"0";"2";"4";"1";"5";""
"202400021208";"155744426";"B01";"1";"7";"0";"2";"2";"1";"1";""
"202400021209";"155744422";"A01";"3";"7";"0";"1";"1";"1";"1";""
"202400021210";"155744421";"B01";"2";"7";"0";"2";"1";"1";"1";""
"202400021210";"155744423";"A01";"2";"7";"4";"2";"1";"9";"1";""
"202400021210";"155744425";"C01";"2";"7";"0";"2";"3";"1";"1";""
"202400021211";"155744419";"A01";"1";"7";"15";"0";"3";"1";"1";""
"202400021212";"155744418";"Z01";"2";"7";"0";"1";"9";"19";"0";""
"202400021213";"155744417";"A01";"2";"7";"2";"2";"7";"14";"1";""
"202400021213";"155744420";"B01";"2";"10";"0";"2";"3";"21";"1";""
"202400021214";"155744416";"A01";"2";"7";"2";"0";"1";"1";"1";""
"202400021215";"155744415";"A01";"3";"1";"15";"0";"1";"1";"5";""
"202400021216";"155744414";"A01";"2";"7";"6";"0";"1";"14";"1";""
"202400021217";"155744411";"B01";"2";"7";"13";"2";"3";"13";"1";""
"202400021217";"155744413";"A01";"1";"14";"0";"2";"5";"21";"1";""
"202400021218";"155744410";"A01";"2";"7";"0";"2";"1";"15";"1";""
"202400021218";"155744412";"B01";"1";"1";"0";"2";"1";"1";"5";""
"202400021219";"155744406";"B01";"2";"7";"0";"2";"4";"1";"1";""
"202400021219";"155744408";"C01";"2";"7";"0";"2";"1";"1";"1";""
"202400021219";"155744409";"A01";"2";"7";"0";"2";"4";"1";"1";""
"202400021220";"155744405";"A01";"1";"7";"0";"2";"0";"0";"1";""
"202400021220";"155744407";"B01";"2";"7";"0";"2";"1";"9";"1";""
"202400021221";"155744404";"A01";"1";"33";"6";"0";"1";"13";"1";""
"202400021222";"155744401";"A01";"1";"50";"0";"0";"0";"0";"3";""
"202400021223";"155744399";"B01";"2";"7";"0";"2";"6";"1";"1";""
"202400021223";"155744402";"C01";"2";"7";"0";"2";"3";"1";"1";""
"202400021223";"155744403";"A01";"2";"33";"0";"2";"2";"3";"1";""
"202400021224";"155744398";"A01";"2";"10";"0";"2";"3";"1";"1";""
"202400021224";"155744400";"B01";"1";"36";"0";"2";"3";"1";"1";""
"202400021225";"155744396";"A01";"1";"7";"0";"1";"7";"1";"1";""
"202400021226";"155744397";"A01";"1";"7";"0";"1";"2";"1";"1";""
"202400021227";"155744393";"A01";"1";"1";"14";"0";"0";"16";"5";""
"202400021228";"155744392";"A01";"2";"33";"0";"2";"1";"5";"1";""
"202400021228";"155744395";"B01";"2";"7";"6";"2";"7";"1";"1";""
"202400021229";"155744391";"A01";"3";"30";"0";"2";"2";"15";"1";""
"202400021229";"155744394";"B01";"3";"7";"0";"2";"3";"1";"1";""
"202400021230";"155744389";"A01";"1";"7";"13";"0";"1";"26";"1";""
"202400021231";"155744390";"A01";"1";"7";"0";"1";"1";"26";"1";""
"202400021232";"155744388";"A01";"0";"99";"8";"0";"1";"1";"1";""
"202400021233";"155744385";"A01";"1";"10";"0";"2";"4";"1";"1";""
"202400021233";"155744386";"B01";"1";"2";"0";"2";"1";"1";"3";""
"202400021234";"155744383";"A01";"2";"7";"2";"0";"1";"1";"2";""
"202400021235";"155744384";"B01";"1";"2";"0";"2";"4";"15";"1";""
"202400021235";"155744387";"A01";"1";"7";"0";"2";"2";"17";"1";""
"202400021236";"155744382";"A01";"2";"33";"0";"1";"2";"21";"1";""
"202400021237";"155744380";"A01";"1";"7";"13";"0";"1";"1";"1";""
"202400021238";"155744379";"A01";"2";"7";"0";"2";"4";"2";"1";""
"202400021238";"155744381";"B01";"2";"1";"0";"2";"1";"2";"5";""
"202400021239";"155744375";"A01";"1";"30";"0";"2";"4";"14";"1";""
"202400021239";"155744378";"Z01";"1";"7";"0";"2";"1";"1";"0";""
"202400021240";"155744374";"B01";"3";"2";"0";"2";"2";"19";"1";""
"202400021240";"155744377";"A01";"2";"7";"0";"2";"1";"1";"2";""
"202400021241";"155744372";"A01";"2";"7";"0";"0";"4";"2";"3";""
"202400021241";"155744373";"B01";"2";"7";"0";"0";"1";"2";"1";""
"202400021241";"155744376";"C01";"2";"7";"0";"0";"1";"2";"1";""
"202400021242";"155744370";"A01";"2";"10";"0";"0";"9";"13";"1";""
"202400021243";"155744369";"A01";"1";"7";"0";"2";"7";"15";"1";""
"202400021243";"155744371";"B01";"1";"2";"0";"2";"1";"1";"1";""
"202400021244";"155744368";"A01";"1";"31";"0";"0";"9";"1";"1";""
"202400021245";"155744364";"A01";"1";"7";"0";"2";"1";"2";"1";""
"202400021245";"155744367";"B01";"1";"7";"4";"2";"4";"1";"1";""
"202400021246";"155744362";"B01";"1";"7";"0";"2";"5";"1";"1";""
"202400021246";"155744366";"A01";"1";"7";"0";"2";"1";"19";"1";""
"202400021247";"155744363";"A01";"2";"7";"0";"2";"3";"1";"1";""
"202400021247";"155744365";"B01";"1";"7";"0";"2";"1";"1";"3";""
"202400021248";"155744361";"A01";"2";"31";"8";"0";"1";"1";"1";""
"202400021249";"155744359";"A01";"0";"7";"12";"0";"1";"1";"1";""
"202400021250";"155744358";"A01";"2";"7";"0";"0";"6";"2";"1";""
"202400021250";"155744360";"B01";"2";"7";"0";"2";"1";"2";"1";""
"202400021251";"155744356";"A01";"1";"30";"13";"0";"0";"2";"1";""
"202400021251";"155744357";"B01";"1";"0";"0";"0";"0";"0";"0";""
"202400021252";"155744354";"A01";"3";"33";"0";"0";"0";"0";"1";""
"202400021253";"155744352";"A01";"1";"7";"5";"0";"0";"13";"1";""
"202400021254";"155744350";"A01";"2";"33";"0";"2";"1";"2";"1";""
"202400021254";"155744353";"B01";"2";"7";"0";"2";"4";"2";"1";""
"202400021255";"155744349";"B01";"2";"7";"0";"2";"1";"15";"1";""
"202400021255";"155744351";"A01";"1";"7";"0";"2";"3";"1";"1";""
"202400021256";"155744346";"A01";"2";"7";"0";"2";"1";"13";"1";""
"202400021256";"155744348";"B01";"1";"7";"0";"2";"1";"1";"1";""
"202400021257";"155744345";"A01";"1";"43";"0";"2";"0";"9";"1";""
"202400021257";"155744347";"B01";"1";"10";"0";"2";"1";"9";"1";""
"202400021258";"155744343";"B01";"1";"10";"0";"2";"1";"1";"1";""
"202400021258";"155744344";"A01";"1";"7";"0";"2";"4";"1";"1";""
"202400021259";"155744342";"A01";"1";"7";"0";"1";"0";"0";"2";""
"202400021260";"155744340";"B01";"1";"31";"0";"2";"1";"1";"1";""
"202400021260";"155744341";"A01";"2";"7";"0";"2";"3";"13";"1";""
"202400021261";"155744335";"B01";"1";"7";"0";"2";"4";"2";"1";""
"202400021261";"155744337";"C01";"1";"7";"0";"2";"1";"2";"1";""
"202400021261";"155744339";"A01";"1";"7";"0";"2";"4";"2";"1";""
"202400021262";"155744336";"B01";"1";"7";"0";"2";"4";"2";"1";""
"202400021262";"155744338";"A01";"1";"10";"0";"2";"1";"2";"1";""
"202400021263";"155744333";"A01";"2";"7";"0";"2";"1";"26";"1";""
"202400021263";"155744334";"B01";"2";"33";"0";"2";"1";"13";"1";""
"202400021264";"155744332";"A01";"2";"7";"0";"2";"4";"2";"1";""
"202400021265";"155744330";"B01";"2";"7";"0";"2";"3";"15";"1";""
"202400021265";"155744331";"A01";"1";"7";"0";"2";"2";"21";"1";""
"202400021266";"155744326";"A01";"2";"7";"0";"2";"3";"1";"1";""
"202400021266";"155744328";"B01";"2";"7";"0";"2";"1";"1";"1";""
"202400021267";"155744327";"B01";"2";"1";"0";"2";"1";"1";"5";""
"202400021267";"155744329";"A01";"1";"7";"0";"0";"5";"15";"1";""
"202400021268";"155744324";"A01";"1";"7";"0";"2";"3";"1";"1";""
"202400021268";"155744325";"B01";"1";"7";"0";"2";"4";"15";"1";""
"202400021269";"155744323";"A01";"1";"7";"9";"0";"1";"1";"1";""
"202400021270";"155744322";"A01";"2";"7";"2";"0";"1";"2";"1";""
"202400021271";"155744321";"A01";"1";"7";"0";"1";"2";"1";"1";""
"202400021272";"155744320";"A01";"1";"7";"0";"9";"3";"1";"1";""
"202400021273";"155744319";"A01";"3";"7";"0";"1";"3";"1";"1";""
"202400021274";"155744317";"A01";"1";"7";"4";"0";"3";"1";"1";""
"202400021275";"155744316";"Y01";"2";"33";"15";"2";"1";"1";"1";""
"202400021275";"155744318";"A01";"2";"7";"15";"0";"4";"10";"1";""
"202400021276";"155744314";"A01";"1";"2";"0";"9";"1";"13";"1";""
"202400021276";"155744315";"B01";"1";"21";"0";"2";"6";"1";"1";""
"202400021277";"155744313";"A01";"1";"7";"0";"2";"1";"2";"1";""
"202400021278";"155744312";"A01";"3";"7";"12";"0";"2";"1";"2";""
"202400021279";"155744309";"B01";"1";"1";"0";"2";"1";"1";"5";""
"202400021279";"155744311";"A01";"3";"7";"0";"2";"2";"1";"1";""
"202400021280";"155744307";"A01";"2";"33";"0";"2";"1";"18";"1";""
"202400021280";"155744310";"B01";"2";"7";"0";"2";"5";"1";"1";""
"202400021281";"155744306";"B01";"3";"7";"0";"2";"1";"1";"1";""
"202400021281";"155744308";"A01";"3";"7";"0";"2";"2";"15";"1";""
"202400021282";"155744305";"A01";"1";"10";"6";"0";"1";"1";"1";""
"202400021283";"155744304";"A01";"3";"7";"2";"0";"1";"14";"2";""
"202400021284";"155744301";"A01";"3";"50";"0";"2";"1";"13";"3";""
"202400021284";"155744303";"B01";"3";"7";"0";"2";"1";"1";"1";""
"202400021285";"155744300";"A01";"2";"7";"1";"0";"1";"13";"3";""
"202400021286";"155744299";"A01";"1";"7";"0";"2";"4";"23";"1";""
"202400021286";"155744302";"B01";"1";"7";"0";"2";"1";"2";"1";""
"202400021287";"155744296";"A01";"2";"7";"4";"0";"3";"0";"1";""
"202400021288";"155744294";"B01";"2";"7";"0";"2";"1";"1";"1";""
"202400021288";"155744297";"A01";"1";"3";"0";"2";"1";"15";"3";""
"202400021289";"155744295";"A01";"2";"7";"0";"2";"1";"2";"1";""
"202400021289";"155744298";"B01";"1";"7";"0";"2";"4";"1";"1";""
"202400021290";"155744290";"A01";"2";"10";"0";"2";"5";"14";"1";""
"202400021290";"155744293";"B01";"2";"50";"0";"2";"1";"16";"3";""
"202400021291";"155744289";"A01";"1";"33";"0";"2";"6";"11";"1";""
"202400021291";"155744291";"B01";"1";"15";"0";"2";"4";"0";"1";""
"202400021292";"155744288";"A01";"2";"7";"0";"2";"1";"15";"1";""
"202400021292";"155744292";"B01";"1";"7";"0";"2";"1";"1";"1";""
"202400021293";"155744284";"A01";"2";"7";"0";"2";"1";"1";"1";""
"202400021293";"155744286";"B01";"2";"7";"0";"2";"4";"1";"1";""
"202400021294";"155744285";"B01";"2";"1";"0";"2";"1";"0";"5";""
"202400021294";"155744287";"A01";"2";"7";"0";"2";"3";"23";"2";""
"202400021295";"155744282";"A01";"1";"7";"0";"2";"1";"2";"1";""
"202400021295";"155744283";"B01";"1";"7";"0";"2";"4";"2";"1";""
"202400021296";"155744280";"A01";"2";"7";"1";"1";"3";"17";"2";""
"202400021297";"155744279";"A01";"1";"7";"0";"2";"1";"1";"1";""
"202400021297";"155744281";"B01";"1";"7";"0";"2";"4";"1";"1";""
"202400021298";"155744278";"A01";"1";"7";"2";"0";"1";"1";"6";""
"202400021299";"155744277";"A01";"2";"33";"0";"0";"1";"3";"1";""
"202400021300";"155744275";"B01";"0";"2";"0";"2";"2";"17";"1";""
"202400021300";"155744276";"A01";"3";"7";"0";"2";"3";"15";"1";""
"202400021301";"155744272";"A01";"2";"7";"0";"2";"2";"11";"1";""
"202400021301";"155744273";"B01";"2";"33";"0";"2";"7";"1";"1";""
"202400021302";"155744266";"A01";"2";"33";"0";"2";"2";"1";"1";""
"202400021302";"155744269";"B01";"2";"31";"0";"2";"3";"7";"1";""
"202400021302";"155744270";"C01";"1";"7";"0";"2";"2";"23";"2";""
"202400021303";"155744265";"A01";"2";"32";"0";"2";"1";"1";"1";""
"202400021303";"155744268";"B01";"2";"7";"0";"2";"6";"1";"1";""
"202400021304";"155744264";"B01";"1";"7";"0";"2";"8";"15";"1";""
"202400021304";"155744267";"A01";"1";"7";"0";"2";"1";"1";"1";""
"202400021305";"155744262";"A01";"1";"7";"12";"1";"3";"1";"1";""