"Num_Acc";"id_vehicule";"num_veh";"senc";"catv";"obs";"obsm";"choc";"manv";"motor";"occutc"
"202400021306";"155744261";"B01";"1";"7";"0";"2";"5";"12";"1";""
"202400021306";"155744263";"A01";"1";"33";"0";"2";"8";"3";"1";""
"202400021307";"155744256";"A01";"0";"33";"14";"2";"8";"19";"1";""
"202400021307";"155744258";"B01";"1";"32";"1";"2";"1";"1";"1";""
"202400021308";"155744253";"C01";"2";"7";"0";"2";"4";"2";"1";""
"202400021308";"155744255";"A01";"2";"33";"0";"2";"1";"3";"1";""
"202400021308";"155744257";"B01";"2";"7";"0";"2";"6";"2";"1";""
"202400021309";"155744251";"A01";"1";"7";"0";"2";"3";"15";"1";""
"202400021309";"155744252";"B01";"2";"2";"0";"2";"1";"0";"1";""
"202400021309";"155744254";"C01";"1";"10";"0";"2";"3";"1";"1";""
"202400021310";"155744248";"B01";"1";"50";"0";"2";"1";"1";"3";""
"202400021310";"155744250";"A01";"2";"7";"0";"9";"5";"1";"0";""
"202400021311";"155744245";"A01";"2";"10";"0";"2";"4";"1";"1";""
"202400021311";"155744247";"B01";"2";"14";"0";"2";"1";"2";"4";""
"202400021311";"155744249";"C01";"2";"7";"0";"2";"1";"2";"1";""
"202400021312";"155744244";"A01";"3";"7";"0";"1";"1";"26";"1";""
"202400021313";"155744243";"A01";"3";"7";"0";"2";"1";"1";"1";""
"202400021313";"155744246";"B01";"3";"7";"0";"2";"4";"1";"1";""
"202400021314";"155744241";"B01";"2";"10";"0";"2";"1";"2";"1";""
"202400021314";"155744242";"A01";"2";"7";"0";"2";"4";"1";"1";""
"202400021315";"155744239";"A01";"2";"10";"0";"2";"2";"16";"1";""
"202400021315";"155744240";"B01";"2";"1";"0";"2";"3";"1";"5";""
"202400021316";"155744237";"A01";"2";"7";"0";"2";"1";"1";"1";""
"202400021316";"155744238";"B01";"2";"7";"0";"2";"4";"1";"1";""
"202400021317";"155744236";"A01";"2";"1";"0";"0";"0";"1";"5";""
"202400021318";"155744233";"A01";"1";"34";"0";"2";"1";"1";"1";""
"202400021318";"155744235";"B01";"2";"7";"0";"2";"5";"15";"1";""
"202400021319";"155744232";"B01";"3";"7";"0";"2";"1";"13";"1";""
"202400021319";"155744234";"A01";"3";"50";"0";"2";"1";"1";"3";""
"202400021320";"155744231";"A01";"3";"50";"0";"0";"0";"26";"3";""
"202400021321";"155744230";"A01";"3";"50";"8";"1";"1";"25";"3";""
"202400021322";"155744229";"A01";"1";"1";"0";"1";"0";"0";"5";""
"202400021323";"155744228";"A01";"2";"7";"0";"0";"9";"0";"1";""
"202400021324";"155744227";"A01";"1";"7";"3";"0";"1";"21";"1";""
"202400021325";"155744224";"B01";"2";"7";"0";"9";"4";"2";"1";""
"202400021325";"155744226";"A01";"2";"7";"0";"2";"3";"2";"2";""
"202400021326";"155744223";"A01";"3";"1";"0";"0";"1";"15";"5";""
"202400021327";"155744221";"A01";"1";"33";"0";"0";"0";"1";"1";""
"202400021328";"155744220";"B01";"2";"33";"0";"2";"7";"1";"1";""
"202400021328";"155744222";"A01";"1";"50";"0";"2";"1";"19";"3";""
"202400021329";"155744219";"B01";"1";"33";"0";"2";"1";"1";"1";""
"202400021329";"155744225";"A01";"1";"7";"0";"2";"7";"15";"1";""
"202400021330";"155744218";"A01";"1";"7";"13";"0";"1";"2";"1";""
"202400021331";"155744217";"A01";"3";"7";"0";"2";"1";"24";"1";""
"202400021332";"155744214";"A01";"2";"7";"0";"2";"3";"1";"1";""
"202400021332";"155744216";"B01";"1";"7";"0";"2";"2";"1";"1";""
"202400021333";"155744212";"A01";"1";"7";"0";"2";"2";"15";"1";""
"202400021333";"155744215";"B01";"2";"50";"0";"2";"1";"1";"3";""
"202400021334";"155744211";"A01";"3";"7";"0";"2";"2";"10";"1";""
"202400021334";"155744213";"B01";"2";"33";"0";"2";"2";"1";"1";""
"202400021335";"155744207";"A01";"1";"10";"0";"1";"2";"1";"1";""
"202400021336";"155744206";"A01";"1";"7";"0";"2";"7";"13";"1";""
"202400021336";"155744209";"B01";"2";"7";"0";"2";"1";"1";"1";""
"202400021337";"155744205";"A01";"3";"0";"0";"0";"0";"15";"0";""
"202400021338";"155744202";"A01";"1";"10";"0";"2";"3";"0";"1";""
"202400021338";"155744204";"B01";"1";"1";"1";"2";"1";"1";"0";""
"202400021339";"155744201";"B01";"1";"33";"0";"2";"1";"1";"1";""
"202400021339";"155744203";"A01";"2";"10";"0";"2";"3";"5";"1";""
"202400021340";"155744200";"A01";"1";"7";"13";"0";"1";"1";"2";""
"202400021341";"155744198";"A01";"1";"7";"0";"1";"0";"0";"0";""
"202400021342";"155744195";"A01";"3";"50";"0";"2";"8";"19";"3";""
"202400021342";"155744197";"B01";"1";"7";"0";"2";"1";"1";"1";""
"202400021343";"155744196";"A01";"1";"7";"0";"2";"5";"16";"1";""
"202400021343";"155744199";"B01";"1";"80";"0";"2";"1";"1";"3";""
"202400021344";"155744192";"B01";"3";"34";"0";"2";"5";"1";"0";""
"202400021344";"155744194";"A01";"3";"7";"0";"2";"3";"1";"1";""
"202400021345";"155744189";"B01";"3";"33";"0";"2";"2";"1";"1";""
"202400021345";"155744193";"A01";"3";"7";"0";"2";"3";"9";"1";""
"202400021346";"155744190";"A01";"1";"7";"0";"2";"3";"15";"1";""
"202400021346";"155744191";"B01";"2";"33";"0";"2";"1";"1";"1";""
"202400021347";"155744188";"A01";"2";"7";"0";"1";"2";"20";"1";""
"202400021348";"155744186";"A01";"1";"7";"13";"0";"1";"13";"1";""
"202400021349";"155744185";"A01";"1";"7";"0";"2";"8";"15";"1";""
"202400021349";"155744187";"B01";"1";"50";"0";"2";"2";"17";"3";""
"202400021350";"155744183";"A01";"1";"30";"1";"0";"7";"16";"1";""
"202400021351";"155744182";"A01";"1";"7";"0";"2";"1";"2";"1";""
"202400021351";"155744184";"B01";"1";"7";"0";"2";"5";"1";"1";""
"202400021352";"155744180";"A01";"3";"7";"0";"2";"1";"1";"1";""
"202400021352";"155744181";"B01";"3";"7";"0";"2";"4";"1";"1";""
"202400021353";"155744179";"A01";"3";"7";"6";"0";"7";"14";"1";""
"202400021354";"155744176";"A01";"0";"7";"6";"0";"9";"1";"1";""
"202400021355";"155744177";"A01";"1";"7";"0";"2";"2";"15";"1";""
"202400021355";"155744178";"B01";"2";"33";"0";"2";"1";"13";"1";""
"202400021356";"155744174";"A01";"1";"50";"0";"2";"3";"5";"3";""
"202400021356";"155744175";"B01";"1";"7";"0";"9";"8";"15";"1";""
"202400021357";"155744173";"A01";"1";"7";"2";"0";"1";"26";"1";""
"202400021358";"155744172";"A01";"1";"33";"12";"0";"3";"2";"1";""
"202400021359";"155744170";"A01";"3";"7";"8";"0";"3";"13";"1";""
"202400021360";"155744169";"B01";"1";"7";"0";"2";"3";"1";"1";""
"202400021360";"155744171";"A01";"3";"7";"0";"2";"6";"9";"1";""
"202400021361";"155744168";"A01";"2";"7";"1";"0";"2";"1";"1";""
"202400021362";"155744164";"A01";"2";"7";"0";"2";"2";"15";"1";""
"202400021362";"155744167";"B01";"1";"31";"0";"2";"1";"1";"1";""
"202400021363";"155744162";"B01";"1";"7";"0";"2";"2";"1";"1";""
"202400021363";"155744166";"A01";"1";"7";"0";"2";"3";"9";"1";""
"202400021364";"155744161";"A01";"1";"7";"0";"2";"1";"2";"1";""
"202400021364";"155744163";"B01";"1";"7";"0";"2";"4";"2";"2";""
"202400021364";"155744165";"C01";"1";"7";"0";"2";"1";"2";"1";""
"202400021365";"155744159";"A01";"3";"7";"0";"2";"1";"2";"1";""
"202400021365";"155744160";"B01";"3";"30";"0";"2";"4";"1";"1";""
"202400021366";"155744156";"A01";"1";"7";"0";"1";"7";"19";"2";""
"202400021367";"155744157";"A01";"1";"7";"0";"2";"6";"9";"1";""
"202400021367";"155744158";"B01";"1";"2";"0";"2";"1";"1";"1";""
"202400021368";"155744154";"A01";"0";"7";"0";"2";"1";"1";"1";""
"202400021368";"155744155";"B01";"3";"7";"0";"2";"4";"1";"1";""
"202400021369";"155744151";"A01";"3";"33";"0";"2";"1";"1";"1";""
"202400021369";"155744153";"B01";"3";"7";"0";"2";"6";"1";"1";""
"202400021370";"155744150";"B01";"2";"7";"0";"2";"5";"23";"1";""
"202400021370";"155744152";"A01";"2";"30";"0";"2";"1";"2";"1";""
"202400021371";"155744149";"A01";"1";"7";"0";"1";"1";"16";"1";""
"202400021372";"155744147";"B01";"1";"7";"0";"2";"2";"12";"3";""
"202400021372";"155744148";"A01";"1";"7";"12";"2";"3";"1";"1";""
"202400021373";"155744143";"A01";"3";"7";"1";"0";"1";"1";"1";""
"202400021374";"155744142";"A01";"2";"7";"0";"2";"1";"2";"1";""
"202400021374";"155744144";"B01";"2";"7";"0";"2";"4";"2";"1";""
"202400021374";"155744146";"C01";"2";"7";"0";"2";"1";"2";"1";""
"202400021375";"155744141";"B01";"2";"50";"0";"2";"3";"26";"3";""
"202400021375";"155744145";"A01";"2";"7";"0";"2";"2";"16";"1";""
"202400021376";"155744138";"B01";"1";"1";"0";"2";"4";"1";"5";""
"202400021376";"155744140";"A01";"1";"7";"0";"2";"1";"2";"1";""
"202400021377";"155744137";"A01";"3";"33";"0";"2";"1";"2";"1";""
"202400021377";"155744139";"B01";"3";"7";"0";"2";"5";"2";"2";""
"202400021378";"155744136";"A01";"1";"7";"0";"1";"1";"1";"1";""
"202400021379";"155744134";"A01";"2";"7";"0";"2";"2";"15";"1";""
"202400021379";"155744135";"B01";"1";"50";"0";"2";"2";"25";"3";""
"202400021380";"155744132";"A01";"2";"10";"0";"2";"1";"1";"1";""
"202400021380";"155744133";"Z01";"1";"7";"0";"2";"1";"13";"1";""
"202400021381";"155744130";"A01";"2";"99";"0";"2";"7";"1";"3";""
"202400021382";"155744129";"B01";"2";"7";"0";"2";"3";"0";"1";""
"202400021382";"155744131";"A01";"1";"7";"0";"2";"2";"0";"1";""
"202400021383";"155744127";"A01";"3";"7";"0";"1";"1";"1";"1";""
"202400021384";"155744126";"A01";"3";"7";"0";"2";"1";"26";"1";""
"202400021384";"155744128";"B01";"3";"2";"0";"2";"1";"1";"1";""
"202400021385";"155744123";"A01";"1";"7";"0";"2";"4";"2";"1";""
"202400021385";"155744125";"B01";"1";"7";"0";"2";"1";"2";"1";""
"202400021386";"155744122";"B01";"2";"7";"0";"2";"3";"13";"1";""
"202400021386";"155744124";"A01";"1";"7";"0";"2";"1";"13";"1";""
"202400021387";"155744121";"A01";"3";"7";"0";"1";"1";"1";"1";""
"202400021388";"155744118";"A01";"2";"1";"0";"2";"7";"1";"5";""
"202400021388";"155744120";"B01";"2";"50";"0";"2";"8";"1";"3";""
"202400021389";"155744117";"B01";"2";"7";"0";"2";"5";"20";"1";""
"202400021389";"155744119";"A01";"2";"30";"0";"2";"1";"1";"1";""
"202400021390";"155744114";"A01";"2";"7";"0";"0";"7";"20";"1";""
"202400021390";"155744116";"B01";"2";"1";"0";"0";"2";"20";"5";""
"202400021391";"155744115";"A01";"3";"7";"0";"1";"1";"1";"1";""
"202400021392";"155744111";"A01";"3";"7";"0";"2";"2";"2";"1";""
"202400021392";"155744113";"B01";"3";"1";"0";"2";"0";"0";"5";""
"202400021393";"155744110";"B01";"1";"7";"0";"2";"8";"15";"1";""
"202400021393";"155744112";"A01";"1";"33";"0";"2";"2";"17";"1";""
"202400021394";"155744107";"A01";"3";"7";"0";"2";"2";"15";"2";""
"202400021394";"155744109";"B01";"3";"0";"0";"2";"3";"19";"3";""
"202400021395";"155744106";"B01";"2";"43";"0";"2";"3";"13";"1";""
"202400021395";"155744108";"A01";"2";"7";"0";"2";"3";"13";"1";""
"202400021396";"155744104";"B01";"3";"7";"0";"2";"1";"1";"1";""
"202400021396";"155744105";"A01";"0";"7";"0";"2";"4";"9";"1";""
"202400021397";"155744103";"A01";"1";"7";"8";"0";"1";"19";"1";""
"202400021398";"155744100";"B01";"0";"7";"0";"0";"0";"0";"1";""
"202400021398";"155744102";"A01";"1";"7";"0";"2";"2";"1";"1";""
"202400021399";"155744099";"A01";"1";"1";"0";"2";"0";"9";"5";""
"202400021399";"155744101";"B01";"2";"7";"0";"2";"3";"0";"1";""
"202400021400";"155744097";"B01";"3";"7";"0";"2";"1";"15";"1";""
"202400021400";"155744098";"A01";"3";"2";"0";"2";"1";"1";"1";""
"202400021401";"155744096";"A01";"1";"37";"0";"1";"7";"1";"2";"1"
"202400021402";"155744094";"A01";"1";"33";"0";"2";"3";"1";"1";""
"202400021402";"155744095";"B01";"1";"10";"0";"2";"4";"1";"1";""
"202400021403";"155744091";"A01";"2";"7";"0";"2";"1";"16";"1";""
"202400021403";"155744093";"B01";"2";"1";"0";"2";"1";"1";"5";""
"202400021404";"155744092";"A01";"1";"10";"0";"1";"1";"16";"1";""
"202400021405";"155744089";"A01";"3";"7";"0";"1";"2";"1";"1";""
"202400021406";"155744087";"B01";"1";"7";"0";"2";"1";"1";"1";""
"202400021406";"155744088";"C01";"1";"7";"0";"2";"1";"1";"1";""
"202400021406";"155744090";"A01";"2";"10";"0";"2";"1";"13";"1";""
"202400021407";"155744085";"A01";"2";"7";"0";"2";"1";"2";"1";""
"202400021407";"155744086";"B01";"2";"7";"0";"2";"4";"23";"1";""
"202400021408";"155744084";"A01";"0";"7";"0";"1";"2";"0";"1";""
"202400021409";"155744082";"A01";"1";"30";"0";"2";"1";"2";"1";""
"202400021409";"155744083";"B01";"1";"7";"0";"2";"5";"2";"3";""
"202400021410";"155744079";"B01";"2";"7";"0";"2";"1";"1";"1";""
"202400021410";"155744081";"A01";"1";"7";"0";"2";"3";"1";"1";""
"202400021411";"155744078";"A01";"1";"7";"0";"2";"2";"9";"1";""
"202400021411";"155744080";"B01";"2";"50";"0";"2";"1";"5";"3";""
"202400021412";"155744077";"SB01";"1";"7";"0";"1";"3";"5";"1";""
"202400021413";"155744075";"B01";"3";"7";"0";"2";"2";"15";"1";""
"202400021413";"155744076";"A01";"3";"2";"0";"2";"1";"2";"1";""
"202400021414";"155744073";"A01";"1";"7";"2";"0";"8";"0";"1";""
"202400021415";"155744072";"B01";"1";"10";"0";"2";"8";"0";"3";""
"202400021415";"155744074";"A01";"1";"7";"0";"2";"1";"1";"1";""
"202400021416";"155744070";"A01";"3";"7";"0";"1";"2";"16";"1";""
"202400021417";"155744069";"A01";"0";"7";"0";"2";"4";"23";"0";""
"202400021417";"155744071";"B01";"0";"0";"0";"2";"1";"0";"0";""
"202400021418";"155744068";"A01";"2";"7";"13";"0";"2";"14";"1";""
"202400021419";"155744067";"A01";"1";"7";"0";"1";"4";"20";"1";""
"202400021420";"155744065";"A01";"2";"7";"0";"1";"2";"1";"1";""
"202400021421";"155744064";"A01";"1";"10";"0";"2";"3";"15";"1";""
"202400021421";"155744066";"B01";"1";"7";"0";"2";"2";"2";"1";""
"202400021422";"155744062";"A01";"3";"7";"12";"0";"2";"21";"1";""
"202400021423";"155744061";"A01";"1";"7";"0";"2";"1";"5";"1";""
"202400021423";"155744063";"B01";"1";"15";"0";"2";"1";"1";"1";""
"202400021424";"155744059";"A01";"2";"33";"0";"0";"0";"26";"1";""
"202400021425";"155744058";"B01";"1";"10";"0";"2";"2";"21";"1";""
"202400021425";"155744060";"A01";"2";"7";"0";"2";"2";"13";"1";""
"202400021426";"155744056";"A01";"1";"10";"8";"0";"3";"13";"1";""
"202400021427";"155744054";"A01";"1";"7";"0";"0";"0";"0";"1";""
"202400021428";"155744055";"A01";"3";"7";"0";"2";"1";"2";"1";""
"202400021428";"155744057";"B01";"3";"7";"0";"2";"4";"2";"2";""
"202400021429";"155744052";"A01";"2";"7";"13";"0";"7";"1";"2";""
"202400021430";"155744050";"A01";"1";"31";"0";"0";"0";"0";"1";""
"202400021431";"155744051";"A01";"3";"7";"0";"2";"1";"1";"1";""
"202400021431";"155744053";"B01";"3";"7";"0";"2";"7";"19";"2";""
"202400021432";"155744049";"A01";"2";"10";"13";"0";"3";"0";"1";""
"202400021433";"155744048";"A01";"1";"7";"0";"1";"2";"1";"1";""
"202400021434";"155744047";"A01";"2";"33";"0";"0";"9";"1";"1";""
"202400021435";"155744046";"A01";"1";"7";"0";"1";"1";"1";"1";""
"202400021436";"155744045";"A01";"1";"7";"8";"0";"9";"1";"1";""
"202400021437";"155744041";"A01";"2";"7";"8";"1";"8";"1";"1";""
"202400021438";"155744040";"B01";"1";"7";"0";"2";"9";"1";"1";""
"202400021438";"155744042";"A01";"1";"7";"0";"2";"1";"2";"1";""
"202400021438";"155744043";"C01";"1";"7";"0";"2";"1";"2";"1";""
"202400021438";"155744044";"D01";"1";"7";"0";"2";"4";"2";"1";""
"202400021439";"155744039";"A01";"2";"7";"13";"0";"1";"0";"1";""
"202400021440";"155744036";"A01";"0";"7";"2";"0";"1";"1";"1";""
"202400021441";"155744034";"A01";"3";"7";"13";"0";"1";"26";"3";""
"202400021442";"155744033";"B01";"1";"32";"0";"2";"1";"1";"1";""
"202400021442";"155744035";"A01";"2";"7";"0";"2";"2";"15";"1";""
"202400021443";"155744032";"A01";"2";"7";"6";"0";"3";"1";"1";""
"202400021444";"155744029";"A01";"1";"7";"13";"0";"9";"14";"1";""
"202400021445";"155744030";"A01";"2";"7";"0";"2";"3";"2";"1";""
"202400021445";"155744031";"B01";"2";"7";"0";"2";"5";"0";"1";""
"202400021446";"155744026";"A01";"2";"7";"0";"2";"1";"17";"1";""
"202400021446";"155744028";"B01";"1";"7";"0";"2";"1";"1";"1";""
"202400021447";"155744025";"B01";"1";"32";"0";"2";"7";"17";"1";""
"202400021447";"155744027";"A01";"1";"7";"0";"2";"8";"10";"1";""
"202400021448";"155744023";"B01";"2";"7";"2";"2";"5";"17";"1";""
"202400021448";"155744024";"A01";"2";"7";"2";"2";"3";"1";"1";""
"202400021449";"155744022";"A01";"2";"7";"0";"1";"1";"1";"1";""
"202400021450";"155744020";"A01";"1";"10";"4";"0";"2";"1";"1";""
"202400021451";"155744018";"B01";"3";"7";"0";"2";"6";"0";"1";""
"202400021451";"155744019";"A01";"3";"10";"0";"2";"2";"0";"1";""
"202400021452";"155744016";"A01";"2";"7";"0";"2";"3";"9";"1";""
"202400021452";"155744017";"B01";"2";"33";"0";"2";"2";"1";"1";""
"202400021453";"155744015";"Z01";"2";"7";"0";"1";"3";"1";"0";""
"202400021454";"155744013";"A01";"1";"7";"0";"2";"2";"13";"1";""
"202400021454";"155744014";"B01";"2";"7";"0";"2";"2";"1";"1";""
"202400021455";"155744005";"B01";"1";"99";"0";"2";"6";"1";"0";""
"202400021455";"155744006";"A01";"2";"7";"0";"2";"1";"9";"1";""
"202400021456";"155744003";"A01";"1";"7";"0";"2";"1";"2";"1";""
"202400021456";"155744004";"B01";"1";"15";"0";"0";"6";"1";"1";""
"202400021457";"155744002";"A01";"1";"7";"13";"0";"1";"1";"1";""
"202400021458";"155744000";"A01";"1";"7";"0";"2";"1";"13";"1";""
"202400021458";"155744001";"B01";"2";"7";"0";"2";"1";"1";"1";""
"202400021459";"155743998";"A01";"2";"7";"0";"0";"3";"1";"1";""
"202400021459";"155743999";"B01";"1";"7";"0";"0";"8";"1";"1";""
"202400021460";"155743997";"A01";"2";"7";"13";"0";"1";"1";"1";""
"202400021461";"155743995";"A01";"2";"33";"0";"2";"3";"15";"0";""
"202400021461";"155743996";"B01";"1";"7";"0";"2";"3";"0";"1";""
"202400021462";"155743993";"B01";"1";"33";"0";"2";"4";"16";"1";""
"202400021462";"155743994";"A01";"1";"7";"0";"2";"1";"12";"1";""
"202400021463";"155743991";"A01";"1";"7";"0";"2";"4";"23";"2";""
"202400021463";"155743992";"B01";"1";"7";"0";"2";"1";"1";"0";""
"202400021464";"155743990";"A01";"2";"7";"13";"0";"1";"1";"1";""
"202400021465";"155743988";"A01";"3";"7";"0";"2";"2";"26";"1";""
"202400021465";"155743989";"B01";"3";"7";"0";"2";"3";"1";"1";""
"202400021466";"155743985";"C01";"1";"7";"0";"2";"5";"23";"1";""
"202400021466";"155743986";"B01";"1";"7";"0";"2";"4";"23";"1";""
"202400021466";"155743987";"A01";"1";"10";"0";"2";"2";"2";"1";""
"202400021467";"155743984";"A01";"1";"7";"0";"1";"2";"1";"1";""
"202400021468";"155743983";"A01";"3";"7";"0";"1";"1";"1";"1";""
"202400021469";"155743981";"A01";"1";"7";"0";"2";"2";"19";"1";""
"202400021469";"155743982";"B01";"2";"7";"0";"2";"1";"1";"1";""
"202400021470";"155743980";"A01";"2";"10";"0";"1";"4";"20";"0";""
"202400021471";"155743978";"A01";"0";"30";"0";"2";"1";"17";"1";""
"202400021471";"155743979";"B01";"2";"7";"0";"2";"3";"15";"1";""
"202400021472";"155743976";"AB01";"3";"1";"0";"2";"8";"19";"5";""
"202400021472";"155743977";"Z01";"1";"7";"0";"2";"0";"0";"0";""
"202400021473";"155743975";"A01";"2";"7";"15";"0";"1";"1";"1";""
"202400021474";"155743973";"A01";"2";"7";"0";"9";"2";"15";"1";""
"202400021474";"155743974";"B01";"1";"50";"0";"2";"1";"1";"3";""
"202400021475";"155743972";"A01";"1";"7";"0";"1";"3";"1";"1";""
"202400021476";"155743970";"A01";"3";"7";"1";"2";"3";"9";"1";""
"202400021476";"155743971";"B01";"3";"50";"1";"2";"1";"1";"3";""
"202400021477";"155743968";"A01";"2";"33";"0";"2";"1";"17";"1";""
"202400021477";"155743969";"B01";"2";"7";"0";"2";"6";"15";"1";""
"202400021478";"155743966";"B01";"2";"7";"0";"2";"6";"2";"1";""
"202400021478";"155743967";"A01";"2";"7";"0";"2";"2";"2";"1";""
"202400021479";"155743964";"B01";"2";"7";"0";"2";"1";"1";"1";""
"202400021479";"155743965";"A01";"1";"30";"0";"0";"0";"1";"1";""
"202400021480";"155743961";"C01";"2";"1";"0";"0";"1";"0";"5";""
"202400021480";"155743962";"A01";"1";"7";"0";"0";"0";"0";"0";""
"202400021480";"155743963";"B01";"1";"7";"0";"0";"0";"0";"0";""
"202400021481";"155743959";"B01";"2";"50";"0";"2";"8";"1";"3";""
"202400021481";"155743960";"A01";"2";"7";"0";"2";"3";"1";"1";""
"202400021482";"155743958";"A01";"2";"7";"0";"1";"2";"16";"1";""
"202400021483";"155743957";"A01";"3";"7";"2";"0";"1";"1";"1";""
"202400021484";"155743956";"A01";"3";"7";"0";"1";"3";"1";"1";""
"202400021485";"155743954";"A01";"3";"7";"0";"2";"3";"15";"1";""
"202400021485";"155743955";"B01";"2";"7";"0";"2";"2";"2";"1";""
"202400021486";"155743952";"B01";"2";"33";"0";"2";"4";"23";"1";""
"202400021486";"155743953";"A01";"2";"7";"0";"2";"1";"1";"1";""
"202400021487";"155743950";"B01";"1";"7";"0";"2";"3";"16";"1";""
"202400021487";"155743951";"A01";"1";"15";"0";"2";"2";"16";"1";""
"202400021488";"155743946";"D01";"1";"7";"0";"0";"0";"13";" -1";""
"202400021488";"155743947";"C01";"1";"7";"0";"2";"6";"1";"1";""
"202400021488";"155743948";"A01";"1";"7";"0";"2";"3";"13";"1";""
"202400021488";"155743949";"B01";"1";"7";"0";"2";"9";"1";"1";""
"202400021489";"155743944";"Z01";"2";"32";"0";"2";"1";"1";"1";""
"202400021489";"155743945";"B01";"1";"32";"0";"2";"1";"23";"1";""
"202400021490";"155743942";"B01";"1";"10";"0";"0";"4";"24";"1";""
"202400021490";"155743943";"A01";"1";"7";"0";"2";"1";"1";"1";""
"202400021491";"155743940";"A01";"1";"7";"0";"2";"9";"1";"1";""
"202400021491";"155743941";"B01";"2";"7";"5";"0";"8";"12";"1";""
"202400021492";"155743939";"A01";"2";"7";"0";"1";"1";"15";"1";""
"202400021493";"155743938";"A01";"1";"10";"13";"0";"7";"1";"1";""
"202400021494";"155743937";"A01";"1";"7";"8";"0";"2";"14";"1";""
"202400021495";"155743936";"A01";"0";"7";"0";"1";"1";"15";"1";""
"202400021496";"155743935";"A01";"1";"7";"0";"1";"5";"2";"1";""
"202400021497";"155743933";"B01";"3";"50";"0";"2";"1";"2";"3";""
"202400021497";"155743934";"A01";"1";"10";"0";"2";"1";"9";"1";""
"202400021498";"155743932";"A01";"3";"7";"0";"1";"1";"1";"1";""
"202400021499";"155743930";"A01";"1";"33";"0";"2";"1";"1";"1";""
"202400021499";"155743931";"B01";"1";"1";"0";"2";"8";"19";"5";""
"202400021500";"155743929";"A01";"3";"7";"14";"0";"1";"1";"1";""
"202400021501";"155743928";"A01";"2";"37";"1";"0";"2";"12";"3";"1"
"202400021502";"155743927";"A01";"3";"10";"0";"1";"5";"4";"1";""
"202400021503";"155743925";"A01";"2";"7";"0";"2";"2";"9";"1";""
"202400021503";"155743926";"B01";"1";"1";"0";"2";"7";"15";"5";""
"202400021504";"155743922";"C01";"2";"7";"0";"2";"1";"2";"1";""
"202400021504";"155743923";"A01";"1";"7";"0";"2";"4";"2";"1";""
"202400021504";"155743924";"B01";"1";"7";"0";"2";"1";"2";"1";""
"202400021505";"155743921";"A01";"3";"33";"0";"9";"7";"15";"1";""
"202400021506";"155743917";"A01";"3";"10";"0";"2";"1";"2";"1";""
"202400021506";"155743918";"B01";"3";"7";"0";"2";"4";"2";"3";""
"202400021506";"155743919";"D01";"3";"7";"0";"2";"4";"2";"1";""
"202400021506";"155743920";"C01";"3";"10";"0";"2";"4";"2";"0";""
"202400021507";"155743916";"A01";"1";"7";"4";"0";"2";"14";"1";""
"202400021508";"155743915";"A01";"3";"7";"0";"1";"5";"4";"1";""
"202400021509";"155743912";"A01";"1";"7";"0";"2";"1";"18";"1";""
"202400021509";"155743913";"B01";"1";"7";"4";"2";"4";"1";"2";""
"202400021509";"155743914";"C01";"1";"7";"0";"2";"2";"1";"2";""
"202400021510";"155743910";"B01";"2";"2";"0";"2";"1";"1";"1";""
"202400021510";"155743911";"A01";"2";"7";"0";"2";"3";"8";"1";""
"202400021511";"155743909";"Z01";"2";"1";"0";"1";"8";"26";"5";""
"202400021512";"155743907";"B01";"2";"7";"0";"2";"3";"1";"1";""
"202400021512";"155743908";"A01";"1";"60";"0";"2";"1";"1";"5";""
"202400021513";"155743905";"B01";"3";"32";"0";"2";"1";"1";"1";""
"202400021513";"155743906";"A01";"3";"7";"0";"9";"6";"11";"1";""
"202400021514";"155743904";"A01";"1";"10";"0";"1";"3";"16";"1";""
"202400021515";"155743902";"B01";"1";"60";"0";"0";"7";"1";"5";""
"202400021515";"155743903";"A01";"2";"7";"0";"2";"1";"15";"2";""
"202400021516";"155743900";"A01";"2";"7";"0";"2";"2";"15";"2";""
"202400021516";"155743901";"B01";"1";"2";"0";"2";"1";"1";"1";""
"202400021517";"155743899";"A01";"1";"50";"0";"0";"1";"1";"3";""
"202400021518";"155743898";"A01";"2";"7";"1";"0";"1";"13";"2";""
"202400021519";"155743896";"A01";"3";"33";"0";"2";"1";"0";"1";""
"202400021519";"155743897";"B01";"3";"7";"0";"2";"2";"0";"2";""
"202400021520";"155743893";"B01";"1";"33";"1";"0";"1";"1";"0";""
"202400021521";"155743891";"A01";"1";"7";"0";"2";"1";"13";"1";""
"202400021521";"155743892";"B01";"2";"7";"0";"2";"1";"23";"1";""
"202400021522";"155743890";"A01";"0";"99";"0";"0";"0";"0";" -1";""
"202400021523";"155743888";"B01";"2";"7";"0";"2";"1";"1";"2";""
"202400021523";"155743889";"A01";"2";"7";"0";"2";"2";"1";"1";""
"202400021524";"155743886";"A01";"1";"1";"1";"0";"2";"1";"5";""
"202400021524";"155743887";"B01";"1";"7";"1";"9";"2";"24";"1";""
"202400021525";"155743884";"A01";"0";"7";"4";"2";"1";"1";"1";""
"202400021525";"155743885";"B01";"0";"7";"4";"2";"4";"12";"2";""
"202400021526";"155743883";"Z01";"2";"7";"0";"1";"4";"4";"0";""
"202400021527";"155743882";"A01";"2";"7";"8";"0";"1";"5";"2";""
"202400021528";"155743880";"B01";"0";"7";"0";"0";"8";"24";"0";""