"Num_Acc";"id_vehicule";"num_veh";"senc";"catv";"obs";"obsm";"choc";"manv";"motor";"occutc"
"202400021528";"155743881";"A01";"2";"7";"1";"0";"3";"16";"1";""
"202400021529";"155743879";"A01";"1";"7";"8";"0";"1";"1";"1";""
"202400021530";"155743877";"A01";"1";"7";"0";"2";"1";"15";"1";""
"202400021530";"155743878";"B01";"2";"30";"0";"2";"1";"1";"1";""
"202400021531";"155743876";"A01";"1";"7";"0";"1";"1";"5";"1";""
"202400021532";"155743875";"A01";"3";"50";"12";"0";"2";"14";"3";""
"202400021533";"155743873";"A01";"0";"38";"0";"2";"1";"1";"1";"1"
"202400021533";"155743874";"B01";"0";"7";"0";"2";"1";"1";"1";""
"202400021534";"155743870";"A01";"1";"31";"0";"2";"1";"17";"1";""
"202400021534";"155743871";"B01";"1";"21";"0";"2";"5";"15";"1";""
"202400021535";"155743869";"A01";"1";"7";"0";"2";"8";"15";"1";""
"202400021535";"155743872";"B01";"1";"33";"0";"2";"1";"2";"1";""
"202400021536";"155743868";"A01";"1";"7";"0";"1";"2";"12";"1";""
"202400021537";"155743866";"A01";"2";"7";"0";"2";"1";"2";"1";""
"202400021537";"155743867";"B01";"2";"7";"0";"2";"4";"2";"1";""
"202400021538";"155743864";"A01";"0";"7";"0";"2";"4";"5";"0";""
"202400021538";"155743865";"B01";"0";"10";"0";"2";"2";"5";"1";""
"202400021539";"155743862";"A01";"1";"7";"4";"0";"1";"11";"1";""
"202400021540";"155743861";"A01";"2";"33";"0";"2";"2";"1";"1";""
"202400021540";"155743863";"B01";"2";"1";"0";"2";"3";"15";"5";""
"202400021541";"155743860";"A01";"1";"7";"0";"1";"2";"1";"0";""
"202400021542";"155743857";"A01";"3";"21";"13";"0";"3";"0";"1";""
"202400021543";"155743858";"B01";"1";"1";"0";"2";"3";"0";"5";""
"202400021543";"155743859";"A01";"1";"7";"1";"0";"8";"26";"1";""
"202400021544";"155743854";"A01";"3";"37";"0";"1";"1";"2";"1";"1"
"202400021545";"155743853";"A01";"1";"7";"2";"0";"1";"1";"1";""
"202400021546";"155743852";"A01";"0";"7";"0";"1";"1";"0";"0";""
"202400021547";"155743850";"A01";"1";"99";"0";"0";"1";"2";"0";""
"202400021547";"155743851";"B01";"1";"1";"0";"0";"4";"1";"5";""
"202400021548";"155743847";"A01";"1";"10";"0";"9";"2";"9";"1";""
"202400021548";"155743849";"B01";"1";"1";"0";"0";"4";"1";"5";""
"202400021549";"155743846";"B01";"3";"7";"0";"2";"2";"19";"1";""
"202400021549";"155743848";"A01";"3";"7";"0";"2";"3";"2";"2";""
"202400021550";"155743845";"A01";"3";"7";"8";"0";"0";"0";"1";""
"202400021551";"155743843";"B01";"3";"7";"0";"2";"1";"0";"1";""
"202400021551";"155743844";"A01";"3";"7";"0";"2";"2";"14";"1";""
"202400021552";"155743842";"A01";"3";"7";"0";"1";"2";"1";"1";""
"202400021553";"155743841";"A01";"0";"7";"0";"1";"2";"1";"1";""
"202400021554";"155743839";"A01";"2";"7";"0";"9";"1";"2";"1";""
"202400021554";"155743840";"B01";"2";"99";"0";"0";"4";"1";"6";""
"202400021555";"155743838";"A01";"2";"43";"0";"1";"2";"1";"1";""
"202400021556";"155743837";"A01";"2";"7";"13";"0";"9";"14";"1";""
"202400021557";"155743835";"A01";"2";"7";"0";"2";"8";"11";"1";""
"202400021557";"155743836";"B01";"2";"33";"0";"2";"7";"3";"1";""
"202400021558";"155743833";"A01";"1";"7";"0";"9";"2";"1";"1";""
"202400021558";"155743834";"B01";"1";"50";"0";"2";"4";"2";"3";""
"202400021559";"155743832";"A01";"2";"7";"0";"1";"1";"19";"1";""
"202400021560";"155743831";"A01";"3";"7";"13";"0";"3";"1";"1";""
"202400021561";"155743828";"B01";"1";"7";"0";"2";"3";"20";"3";""
"202400021561";"155743830";"A01";"1";"32";"0";"2";"2";"17";"1";""
"202400021562";"155743827";"A01";"2";"7";"0";"2";"1";"13";"1";""
"202400021562";"155743829";"B01";"1";"7";"0";"2";"1";"1";"1";""
"202400021563";"155743824";"A01";"1";"7";"3";"0";"1";"1";"1";""
"202400021564";"155743825";"A01";"1";"31";"0";"2";"1";"1";"1";""
"202400021564";"155743826";"B01";"3";"7";"12";"0";"3";"19";"6";""
"202400021565";"155743822";"A01";"1";"7";"2";"0";"1";"1";"1";""
"202400021566";"155743821";"A01";"1";"2";"0";"2";"1";"2";"1";""
"202400021566";"155743823";"B01";"1";"7";"0";"2";"6";"16";"0";""
"202400021567";"155743820";"A01";"2";"7";"13";"0";"8";"13";"1";""
"202400021568";"155743818";"A01";"1";"7";"0";"2";"0";"0";"1";""
"202400021568";"155743819";"B01";"2";"10";"0";"2";"1";"1";"1";""
"202400021569";"155743814";"B01";"1";"34";"1";"2";"1";"18";"1";""
"202400021569";"155743816";"A01";"1";"7";"0";"2";"7";"23";"1";""
"202400021570";"155743813";"A01";"1";"10";"0";"2";"7";"17";"1";""
"202400021570";"155743815";"B01";"1";"7";"0";"2";"3";"15";"1";""
"202400021571";"155743811";"B01";"1";"33";"0";"0";"1";"3";"1";""
"202400021571";"155743812";"A01";"1";"10";"0";"0";"3";"10";"1";""
"202400021572";"155743809";"B01";"1";"2";"0";"2";"1";"26";"1";""
"202400021572";"155743810";"A01";"1";"7";"0";"2";"3";"26";"1";""
"202400021573";"155743806";"A01";"2";"7";"1";"0";"2";"2";"1";""
"202400021573";"155743807";"B01";"1";"2";"0";"2";"4";"23";"1";""
"202400021573";"155743808";"C01";"1";"7";"0";"2";"4";"23";"1";""
"202400021574";"155743803";"A01";"2";"7";"2";"0";"1";"14";"1";""
"202400021575";"155743802";"A01";"1";"7";"0";"2";"8";"15";"1";""
"202400021575";"155743804";"B01";"1";"34";"0";"2";"7";"17";"1";""
"202400021576";"155743800";"B01";"1";"7";"0";"2";"1";"1";"1";""
"202400021576";"155743801";"A01";"2";"7";"0";"2";"1";"13";"1";""
"202400021577";"155743797";"A01";"1";"7";"0";"2";"1";"1";"1";""
"202400021577";"155743798";"C01";"1";"7";"0";"2";"4";"1";"1";""
"202400021577";"155743799";"B01";"1";"10";"0";"2";"4";"1";"1";""
"202400021578";"155743796";"A01";"2";"7";"2";"0";"7";"14";"1";""
"202400021579";"155743794";"A01";"2";"33";"0";"2";"2";"11";"1";""
"202400021579";"155743795";"B01";"2";"7";"0";"0";"6";"15";"3";""
"202400021580";"155743793";"A01";"2";"7";"13";"0";"1";"17";"1";""
"202400021581";"155743791";"A01";"2";"7";"6";"0";"3";"1";"1";""
"202400021582";"155743790";"A01";"1";"7";"0";"2";"1";"1";"1";""
"202400021582";"155743792";"B01";"1";"10";"0";"2";"3";"1";"1";""
"202400021583";"155743789";"A01";"1";"3";"8";"0";"1";"1";"1";""
"202400021584";"155743788";"A01";"2";"10";"2";"0";"3";"1";"1";""
"202400021585";"155743787";"A01";"2";"7";"0";"0";"0";"1";"1";""
"202400021586";"155743785";"A01";"1";"33";"0";"0";"0";"1";"1";""
"202400021587";"155743786";"A01";"1";"2";"0";"0";"0";"0";"1";""
"202400021588";"155743784";"A01";"3";"31";"0";"0";"0";"0";"1";""
"202400021589";"155743779";"B01";"2";"10";"0";"2";"1";"1";"6";""
"202400021589";"155743780";"A01";"2";"7";"0";"2";"8";"19";"1";""
"202400021590";"155743777";"B01";"2";"7";"0";"2";"1";"1";"1";""
"202400021590";"155743778";"C01";"2";"7";"0";"2";"1";"1";"1";""
"202400021590";"155743781";"D01";"2";"7";"0";"2";"8";"1";"2";""
"202400021590";"155743782";"E01";"2";"7";"0";"2";"6";"1";"1";""
"202400021590";"155743783";"A01";"1";"7";"0";"2";"1";"5";"2";""
"202400021591";"155743775";"A01";"1";"7";"0";"2";"3";"13";"1";""
"202400021591";"155743776";"B01";"2";"7";"0";"2";"3";"1";"1";""
"202400021592";"155743774";"A01";"3";"10";"0";"1";"2";"15";"1";""
"202400021593";"155743773";"A01";"2";"7";"2";"0";"8";"1";"1";""
"202400021594";"155743772";"A01";"1";"15";"0";"0";"7";"1";"1";""
"202400021595";"155743768";"A01";"1";"7";"0";"2";"1";"5";"1";""
"202400021595";"155743770";"B01";"2";"7";"0";"2";"1";"1";"2";""
"202400021595";"155743771";"C01";"2";"7";"0";"2";"1";"1";"1";""
"202400021596";"155743767";"A01";"2";"7";"0";"2";"3";"13";"1";""
"202400021596";"155743769";"B01";"1";"7";"0";"2";"3";"1";"1";""
"202400021597";"155743766";"A01";"2";"7";"13";"0";"2";"13";"1";""
"202400021598";"155743765";"A01";"1";"33";"4";"0";"3";"0";"1";""
"202400021599";"155743762";"A01";"2";"30";"0";"2";"1";"13";"1";""
"202400021599";"155743764";"B01";"1";"7";"0";"2";"1";"2";"1";""
"202400021600";"155743760";"A01";"2";"7";"0";"2";"1";"0";"1";""
"202400021600";"155743761";"B01";"2";"7";"0";"0";"4";"0";"1";""
"202400021600";"155743763";"C01";"2";"7";"0";"2";"2";"0";"1";""
"202400021601";"155743758";"B01";"1";"14";"0";"2";"3";"1";"1";""
"202400021601";"155743759";"A01";"2";"7";"0";"2";"3";"13";"1";""
"202400021602";"155743755";"A01";"1";"2";"0";"0";"0";"5";"1";""
"202400021603";"155743754";"A01";"2";"7";"4";"2";"2";"17";"1";""
"202400021603";"155743756";"B01";"2";"33";"0";"0";"0";"0";"1";""
"202400021603";"155743757";"C01";"2";"7";"4";"0";"5";"1";"1";""
"202400021604";"155743752";"A01";"1";"7";"0";"2";"1";"1";"1";""
"202400021604";"155743753";"B01";"2";"7";"0";"2";"2";"15";"2";""
"202400021605";"155743749";"A01";"1";"10";"2";"0";"3";"13";"1";""
"202400021606";"155743747";"B01";"2";"7";"0";"0";"8";"1";"1";""
"202400021606";"155743748";"A01";"0";"7";"0";"2";"1";"19";"1";""
"202400021607";"155743745";"A01";"1";"7";"6";"1";"3";"0";"1";""
"202400021608";"155743743";"C01";"1";"7";"0";"2";"3";"1";"1";""
"202400021608";"155743744";"A01";"2";"7";"0";"2";"3";"1";"1";""
"202400021608";"155743746";"B01";"2";"7";"0";"2";"1";"1";"1";""
"202400021609";"155743741";"A01";"0";"80";"0";"0";"0";"0";"3";""
"202400021610";"155743740";"B01";"1";"38";"0";"2";"3";"14";"1";"6"
"202400021610";"155743742";"A01";"2";"7";"0";"2";"1";"13";"1";""
"202400021611";"155743736";"B01";"3";"14";"0";"2";"2";"1";"1";""
"202400021611";"155743738";"A01";"3";"7";"0";"2";"8";"19";"1";""
"202400021612";"155743737";"A01";"1";"7";"0";"2";"1";"2";"1";""
"202400021612";"155743739";"B01";"1";"7";"0";"0";"4";"2";"2";""
"202400021613";"155743735";"A01";"3";"17";"0";"1";"3";"1";"1";""
"202400021614";"155743733";"A01";"1";"7";"0";"2";"1";"13";"1";""
"202400021614";"155743734";"B01";"2";"7";"0";"2";"3";"1";"1";""
"202400021615";"155743731";"A01";"2";"7";"13";"0";"6";"0";"1";""
"202400021615";"155743732";"B01";"2";"7";"0";"2";"1";"2";"1";""
"202400021616";"155743730";"A01";"2";"2";"0";"0";"0";"0";"1";""
"202400021617";"155743727";"A01";"1";"7";"0";"2";"3";"13";"1";""
"202400021617";"155743728";"B01";"2";"7";"0";"2";"3";"1";"1";""
"202400021618";"155743723";"A01";"1";"33";"0";"2";"1";"1";"1";""
"202400021618";"155743724";"B01";"2";"10";"0";"0";"8";"15";"1";""
"202400021619";"155743725";"C01";"2";"7";"0";"2";"1";"1";"1";""
"202400021619";"155743726";"A01";"1";"7";"0";"2";"1";"13";"1";""
"202400021619";"155743729";"B01";"2";"7";"0";"2";"8";"1";"1";""
"202400021620";"155743720";"A01";"1";"7";"2";"0";"2";"14";"1";""
"202400021621";"155743719";"A01";"1";"7";"0";"0";"9";"1";"1";""
"202400021622";"155743721";"A01";"1";"7";"0";"2";"2";"13";"1";""
"202400021622";"155743722";"B01";"2";"7";"0";"2";"2";"13";"1";""
"202400021623";"155743718";"A01";"2";"7";"0";"1";"3";"1";"1";""
"202400021624";"155743716";"A01";"1";"7";"2";"0";"1";"1";"1";""
"202400021625";"155743717";"A01";"2";"7";"17";"0";"1";"1";"1";""
"202400021626";"155743715";"A01";"1";"15";"8";"0";"1";"1";"0";""
"202400021627";"155743714";"A01";"3";"7";"6";"0";"1";"1";"1";""
"202400021628";"155743712";"A01";"2";"7";"0";"2";"3";"15";"1";""
"202400021628";"155743713";"B01";"1";"1";"0";"2";"1";"1";"5";""
"202400021629";"155743710";"A01";"2";"7";"0";"2";"1";"2";"1";""
"202400021629";"155743711";"B01";"2";"7";"0";"0";"4";"2";"1";""
"202400021630";"155743709";"A01";"1";"7";"0";"1";"1";"15";"1";""
"202400021631";"155743708";"A01";"1";"7";"2";"0";"3";"1";"1";""
"202400021632";"155743705";"A01";"2";"7";"0";"2";"2";"0";"1";""
"202400021632";"155743707";"B01";"2";"7";"0";"0";"6";"1";"1";""
"202400021633";"155743704";"B01";"1";"2";"0";"2";"1";"1";"1";""
"202400021633";"155743706";"A01";"1";"7";"0";"2";"5";"23";"1";""
"202400021634";"155743703";"A01";"1";"7";"15";"0";"1";"1";"1";""
"202400021635";"155743702";"A01";"1";"7";"13";"0";"1";"1";"1";""
"202400021636";"155743700";"A01";"1";"7";"0";"2";"3";"5";"1";""
"202400021636";"155743701";"B01";"2";"7";"0";"2";"3";"1";"1";""
"202400021637";"155743696";"A01";"1";"1";"0";"2";"7";"1";"5";""
"202400021637";"155743697";"B01";"1";"7";"0";"2";"2";"26";"1";""
"202400021638";"155743694";"A01";"1";"7";"0";"2";"4";"2";"1";""
"202400021638";"155743695";"B01";"1";"7";"0";"2";"1";"2";"1";""
"202400021639";"155743693";"A01";"1";"31";"0";"0";"2";"16";"1";""
"202400021640";"155743691";"A01";"3";"7";"6";"0";"3";"0";"1";""
"202400021641";"155743690";"A01";"2";"7";"3";"2";"2";"2";"1";""
"202400021641";"155743692";"B01";"2";"7";"3";"2";"6";"1";"1";""
"202400021642";"155743687";"B01";"3";"7";"0";"9";"3";"2";"1";""
"202400021642";"155743689";"A01";"3";"1";"0";"2";"1";"19";"5";""
"202400021643";"155743686";"Z01";"1";"7";"0";"2";"0";"0";"0";""
"202400021643";"155743688";"B01";"1";"7";"0";"2";"0";"2";"1";""
"202400021644";"155743685";"A01";"2";"7";"13";"0";"2";"1";"1";""
"202400021645";"155743681";"C01";"1";"7";"0";"2";"1";"2";"1";""
"202400021645";"155743683";"A01";"1";"7";"0";"2";"4";"2";"1";""
"202400021645";"155743684";"B01";"1";"7";"0";"2";"4";"2";"1";""
"202400021646";"155743680";"A01";"2";"7";"0";"0";"7";"15";"1";""
"202400021646";"155743682";"B01";"1";"7";"0";"2";"1";"1";"1";""
"202400021647";"155743678";"B01";"1";"1";"0";"2";"8";"1";"5";""
"202400021647";"155743679";"A01";"1";"10";"0";"9";"2";"17";"1";""
"202400021648";"155743676";"A01";"1";"14";"0";"2";"2";"1";"1";""
"202400021648";"155743677";"B01";"1";"7";"0";"2";"6";"15";"1";""
"202400021649";"155743674";"A01";"1";"7";"0";"0";"0";"0";"1";""
"202400021649";"155743675";"B01";"2";"7";"0";"0";"0";"0";"1";""
"202400021650";"155743673";"A01";"1";"7";"6";"0";"1";"1";"1";""
"202400021651";"155743672";"A01";"1";"7";"0";"0";"1";"26";"1";""
"202400021652";"155743671";"A01";"1";"7";"4";"0";"9";"0";"1";""
"202400021653";"155743669";"A01";"1";"7";"0";"2";"1";"0";"1";""
"202400021653";"155743670";"B01";"1";"7";"0";"2";"4";"0";"1";""
"202400021654";"155743667";"A01";"1";"7";"0";"2";"6";"2";"1";""
"202400021654";"155743668";"B01";"1";"7";"0";"2";"5";"0";"1";""
"202400021655";"155743666";"A01";"2";"7";"4";"0";"3";"1";"1";""
"202400021656";"155743663";"A01";"2";"7";"0";"2";"4";"16";"1";""
"202400021656";"155743665";"B01";"2";"7";"0";"2";"1";"1";"1";""
"202400021657";"155743661";"A01";"1";"7";"0";"2";"1";"2";"2";""
"202400021657";"155743662";"C01";"1";"7";"0";"2";"4";"2";"1";""
"202400021657";"155743664";"B01";"1";"7";"0";"2";"4";"2";"1";""
"202400021658";"155743656";"A01";"1";"10";"0";"2";"3";"12";"1";""
"202400021658";"155743658";"B01";"1";"7";"0";"2";"5";"1";"1";""
"202400021658";"155743659";"C01";"1";"7";"0";"2";"4";"2";"1";""
"202400021658";"155743660";"D01";"1";"10";"0";"2";"4";"2";"1";""
"202400021659";"155743655";"B01";"2";"7";"0";"2";"6";"11";"1";""
"202400021659";"155743657";"A01";"2";"7";"4";"2";"2";"1";"1";""
"202400021660";"155743653";"A01";"1";"7";"3";"0";"1";"2";"1";""
"202400021661";"155743652";"A01";"2";"7";"0";"2";"5";"14";"1";""
"202400021661";"155743654";"B01";"2";"33";"0";"2";"7";"3";"1";""
"202400021662";"155743649";"B01";"1";"33";"0";"2";"1";"3";"1";""
"202400021662";"155743651";"Z01";"1";"10";"0";"0";"0";"13";"0";""
"202400021663";"155743647";"A01";"1";"10";"4";"2";"2";"1";"3";""
"202400021663";"155743648";"B01";"1";"10";"4";"2";"4";"23";"1";""
"202400021663";"155743650";"C01";"1";"7";"4";"2";"4";"23";"2";""
"202400021664";"155743644";"B01";"1";"7";"0";"2";"9";"1";"2";""
"202400021664";"155743645";"C01";"1";"7";"0";"2";"6";"23";"1";""
"202400021664";"155743646";"A01";"1";"7";"0";"2";"1";"1";"1";""
"202400021665";"155743642";"A01";"2";"15";"0";"2";"2";"12";"1";""
"202400021665";"155743643";"B01";"2";"7";"0";"2";"8";"1";"1";""
"202400021666";"155743640";"A01";"2";"31";"0";"2";"1";"3";"1";""
"202400021666";"155743641";"B01";"2";"7";"0";"2";"4";"1";"1";""
"202400021667";"155743637";"A01";"1";"7";"0";"2";"1";"2";"1";""
"202400021667";"155743639";"B01";"1";"7";"0";"2";"4";"2";"1";""
"202400021668";"155743636";"B01";"2";"7";"0";"2";"0";"0";"1";""
"202400021668";"155743638";"A01";"2";"7";"0";"2";"0";"0";"1";""
"202400021669";"155743634";"B01";"1";"10";"0";"2";"4";"2";"0";""
"202400021669";"155743635";"A01";"1";"10";"0";"2";"1";"2";"1";""
"202400021670";"155743631";"A01";"2";"7";"0";"2";"1";"2";"1";""
"202400021670";"155743632";"B01";"2";"7";"0";"2";"4";"2";"1";""
"202400021671";"155743630";"A01";"2";"30";"0";"2";"5";"15";"1";""
"202400021671";"155743633";"B01";"1";"7";"0";"2";"2";"1";"1";""
"202400021672";"155743627";"A01";"2";"15";"0";"2";"2";"12";"1";""
"202400021672";"155743629";"B01";"2";"7";"0";"2";"6";"0";"1";""
"202400021673";"155743626";"B01";"1";"50";"0";"1";"1";"1";"3";""
"202400021673";"155743628";"A01";"1";"50";"0";"2";"1";"1";"3";""
"202400021674";"155743622";"B01";"1";"7";"0";"2";"5";"2";"2";""
"202400021674";"155743625";"A01";"1";"7";"0";"2";"2";"2";"2";""
"202400021675";"155743623";"B01";"1";"7";"0";"2";"3";"1";"1";""
"202400021675";"155743624";"A01";"2";"50";"0";"2";"0";"15";"3";""
"202400021676";"155743620";"B01";"2";"7";"0";"2";"4";"2";"2";""
"202400021676";"155743621";"A01";"2";"7";"0";"2";"1";"2";"2";""
"202400021677";"155743617";"A01";"1";"7";"0";"2";"3";"1";"1";""
"202400021677";"155743619";"B01";"1";"7";"0";"2";"1";"9";"2";""
"202400021678";"155743616";"A01";"1";"7";"0";"2";"3";"11";"1";""
"202400021678";"155743618";"B01";"1";"32";"0";"2";"7";"3";"1";""
"202400021679";"155743615";"A01";"0";"7";"1";"0";"1";"1";"1";""
"202400021680";"155743613";"A01";"1";"14";"0";"1";"1";"25";"1";""
"202400021681";"155743612";"B01";"1";"34";"0";"2";"8";"0";"1";""
"202400021681";"155743614";"A01";"1";"14";"0";"2";"2";"12";"1";""
"202400021682";"155743609";"A01";"0";"7";"0";"2";"0";"0";"1";""
"202400021682";"155743611";"B01";"0";"1";"0";"2";"0";"0";"5";""
"202400021683";"155743607";"Z01";"1";"50";"0";"4";"0";"1";"3";""
"202400021683";"155743610";"A01";"2";"40";"0";"1";"2";"1";"3";""
"202400021684";"155743606";"B01";"1";"33";"4";"2";"8";"3";"1";""
"202400021684";"155743608";"A01";"1";"7";"4";"0";"7";"14";"2";""
"202400021685";"155743604";"A01";"1";"7";"4";"0";"9";"0";"1";""
"202400021686";"155743602";"A01";"2";"7";"0";"2";"2";"15";"1";""
"202400021686";"155743605";"B01";"1";"32";"0";"2";"1";"1";"1";""
"202400021687";"155743600";"A01";"2";"17";"0";"2";"1";"1";"1";""
"202400021687";"155743601";"B01";"2";"10";"0";"2";"4";"1";"1";""
"202400021687";"155743603";"C01";"2";"7";"0";"2";"4";"1";"1";""
"202400021688";"155743597";"B01";"1";"31";"0";"2";"3";"21";"1";""
"202400021688";"155743599";"A01";"1";"7";"0";"2";"2";"15";"1";""
"202400021689";"155743596";"A01";"1";"7";"0";"2";"1";"13";"1";""
"202400021689";"155743598";"B01";"2";"10";"0";"2";"1";"1";"1";""
"202400021690";"155743594";"A01";"2";"7";"13";"0";"3";"21";"1";""
"202400021691";"155743592";"B01";"2";"10";"0";"2";"4";"1";"1";""
"202400021691";"155743595";"A01";"2";"7";"0";"2";"1";"1";"1";""
"202400021692";"155743591";"A01";"2";"37";"0";"2";"3";"1";"1";"1"
"202400021692";"155743593";"B01";"1";"33";"0";"2";"2";"1";"1";""
"202400021693";"155743589";"A01";"1";"7";"13";"0";"1";"21";"1";""
"202400021694";"155743588";"A01";"1";"30";"0";"2";"5";"0";"1";""
"202400021694";"155743590";"B01";"1";"7";"0";"2";"2";"0";"1";""
"202400021695";"155743586";"A01";"2";"7";"0";"2";"1";"1";"1";""
"202400021695";"155743587";"B01";"2";"7";"0";"2";"4";"1";"1";""
"202400021696";"155743585";"A01";"2";"32";"0";"0";"0";"21";"1";""
"202400021697";"155743583";"A01";"1";"33";"0";"0";"7";"1";"1";""
"202400021698";"155743582";"B01";"0";"34";"0";"2";"8";"1";"1";""
"202400021698";"155743584";"A01";"0";"7";"0";"2";"1";"15";"1";""
"202400021699";"155743579";"A01";"2";"15";"0";"2";"7";"1";"1";""
"202400021699";"155743581";"B01";"2";"7";"0";"2";"8";"13";"1";""
"202400021700";"155743578";"A01";"2";"50";"0";"1";"1";"1";"3";""
"202400021701";"155743576";"B01";"1";"50";"0";"2";"0";"0";"3";""
"202400021701";"155743580";"Z01";"1";"7";"0";"9";"0";"1";"0";""
"202400021702";"155743574";"A01";"2";"33";"0";"2";"2";"17";"1";""
"202400021702";"155743577";"B01";"2";"7";"0";"2";"4";"11";"1";""
"202400021703";"155743571";"Z01";"2";"1";"0";"2";"6";"17";"5";""
"202400021703";"155743573";"B01";"2";"1";"0";"2";"3";"1";"5";""
"202400021704";"155743572";"B01";"1";"7";"0";"2";"0";"1";"1";""
"202400021704";"155743575";"A01";"1";"15";"0";"2";"7";"12";"1";""
"202400021705";"155743569";"B01";"2";"10";"0";"2";"5";"23";"1";""
"202400021705";"155743570";"A01";"2";"32";"0";"2";"1";"2";"1";""
"202400021706";"155743565";"A01";"2";"7";"0";"2";"7";"12";"1";""
"202400021706";"155743567";"B01";"2";"33";"0";"2";"3";"3";"1";""
"202400021707";"155743563";"A01";"3";"7";"0";"2";"3";"11";"2";""
"202400021707";"155743566";"B01";"3";"7";"0";"2";"3";"1";"2";""
"202400021708";"155743564";"A01";"1";"10";"0";"2";"1";"15";"1";""
"202400021708";"155743568";"B01";"1";"33";"0";"2";"2";"1";"1";""
"202400021709";"155743561";"A01";"3";"7";"0";"2";"1";"11";"1";""
"202400021709";"155743562";"B01";"3";"7";"0";"2";"1";"1";"1";""
"202400021710";"155743560";"A01";"1";"7";"0";"1";"2";"1";"1";""
"202400021711";"155743559";"A01";"3";"33";"0";"0";"0";"2";"1";""
"202400021712";"155743558";"A01";"0";"7";"0";"1";"1";"1";" -1";""
"202400021713";"155743554";"B01";"2";"7";"0";"2";"1";"1";"2";""
"202400021713";"155743556";"A01";"1";"7";"0";"2";"1";"1";"1";""
"202400021714";"155743555";"A01";"3";"7";"0";"2";"8";"9";"1";""
"202400021714";"155743557";"B01";"3";"7";"8";"2";"1";"1";"1";""
"202400021715";"155743553";"A01";"1";"80";"12";"0";"8";"15";"3";""
"202400021716";"155743549";"A01";"3";"7";"0";"1";"2";"1";"1";""
"202400021717";"155743551";"A01";"1";"43";"0";"2";"1";"1";"1";""
"202400021717";"155743552";"B01";"1";"10";"0";"2";"5";"1";"1";""
"202400021718";"155743548";"A01";"2";"7";"0";"1";"7";"1";"1";""
"202400021719";"155743546";"C01";"2";"10";"0";"2";"3";"1";"1";""
"202400021719";"155743547";"B01";"2";"10";"0";"2";"5";"1";"1";""
"202400021719";"155743550";"A01";"2";"33";"0";"2";"5";"3";"1";""
"202400021720";"155743544";"A01";"2";"7";"0";"2";"1";"1";"1";""
"202400021721";"155743543";"B01";"2";"7";"0";"2";"1";"1";"1";""
"202400021721";"155743545";"A01";"2";"2";"0";"2";"7";"1";"1";""
"202400021722";"155743542";"A01";"1";"31";"0";"1";"1";"1";"1";""
"202400021723";"155743539";"A01";"1";"2";"0";"2";"2";"14";"1";""
"202400021723";"155743541";"B01";"1";"2";"0";"2";"8";"14";"3";""
"202400021724";"155743538";"A01";"1";"7";"0";"2";"2";"1";"1";""
"202400021724";"155743540";"B01";"1";"7";"0";"2";"3";"20";"1";""
"202400021725";"155743536";"A01";"0";"13";"0";"1";"0";"16";"1";""
"202400021726";"155743535";"A01";"1";"7";"1";"0";"3";"13";"2";""
"202400021727";"155743534";"B01";"1";"50";"0";"2";"4";"1";"3";""
"202400021727";"155743537";"A01";"1";"7";"0";"2";"1";"2";"2";""
"202400021728";"155743533";"A01";"1";"0";"0";"1";"1";"1";"0";""
"202400021729";"155743530";"B01";"2";"2";"0";"2";"2";"17";"1";""
"202400021729";"155743532";"A01";"2";"10";"0";"2";"3";"13";"1";""
"202400021730";"155743528";"A01";"1";"7";"0";"0";"0";"1";"1";""
"202400021731";"155743527";"A01";"2";"33";"0";"2";"2";"1";"1";""
"202400021731";"155743531";"B01";"1";"7";"0";"2";"3";"9";"1";""
"202400021732";"155743526";"B01";"2";"33";"0";"2";"3";"1";"1";""
"202400021732";"155743529";"A01";"2";"7";"0";"2";"1";"15";"1";""
"202400021733";"155743524";"A01";"1";"7";"0";"2";"3";"0";"1";""
"202400021733";"155743525";"B01";"2";"7";"0";"2";"1";"0";"2";""
"202400021734";"155743522";"A01";"1";"34";"0";"5";"1";"1";"1";""
"202400021735";"155743520";"B01";"1";"7";"0";"2";"4";"23";"1";""
"202400021735";"155743523";"A01";"1";"7";"0";"2";"1";"1";"1";""
"202400021736";"155743519";"A01";"2";"7";"0";"2";"1";"10";"1";""
"202400021736";"155743521";"B01";"2";"7";"0";"2";"2";"1";"1";""
"202400021737";"155743518";"A01";"3";"2";"0";"0";"7";"21";"3";""
"202400021738";"155743516";"B01";"2";"33";"0";"2";"8";"1";"1";""
"202400021738";"155743517";"A01";"1";"10";"0";"2";"3";"15";"1";""
"202400021739";"155743514";"A01";"1";"33";"3";"0";"1";"1";"1";""
"202400021740";"155743513";"A01";"1";"2";"0";"0";"0";"1";"1";""
"202400021741";"155743512";"A01";"3";"7";"0";"2";"3";"19";"0";""
"202400021741";"155743515";"B01";"1";"34";"0";"2";"2";"23";"0";""
"202400021742";"155743508";"A01";"2";"7";"12";"0";"2";"14";"1";""
"202400021743";"155743507";"A01";"2";"10";"0";"2";"1";"1";"0";""
"202400021743";"155743511";"Y01";"2";"1";"0";"2";"0";"1";"5";""
"202400021744";"155743505";"B01";"0";"7";"0";"2";"2";"15";"1";""
"202400021744";"155743509";"A01";"2";"30";"0";"2";"1";"1";"1";""