"Num_Acc";"id_vehicule";"num_veh";"senc";"catv";"obs";"obsm";"choc";"manv";"motor";"occutc"
"202400021745";"155743506";"A01";"0";"7";"8";"0";"7";"1";"1";""
"202400021745";"155743510";"B01";"0";"7";"0";"2";"1";"1";"1";""
"202400021746";"155743503";"B01";"1";"7";"0";"2";"1";"1";"1";""
"202400021746";"155743504";"A01";"2";"1";"0";"2";"1";"5";"5";""
"202400021747";"155743502";"A01";"0";"37";"2";"0";"1";"15";"1";"3"
"202400021748";"155743501";"A01";"2";"2";"12";"0";"2";"14";"1";""
"202400021749";"155743498";"A01";"2";"7";"0";"2";"0";"15";"0";""
"202400021749";"155743500";"B01";"3";"50";"0";"2";"7";"1";"3";""
"202400021750";"155743497";"B01";"1";"30";"0";"2";"7";"1";"1";""
"202400021750";"155743499";"A01";"1";"7";"0";"2";"3";"0";"1";""
"202400021751";"155743496";"A01";"3";"2";"0";"1";"1";"1";"1";""
"202400021752";"155743493";"B01";"2";"33";"4";"2";"4";"23";"1";""
"202400021752";"155743495";"A01";"2";"33";"4";"2";"1";"1";"1";""
"202400021753";"155743491";"B01";"2";"7";"0";"2";"8";"1";"1";""
"202400021753";"155743494";"A01";"1";"50";"0";"2";"7";"15";"3";""
"202400021754";"155743490";"A01";"3";"7";"0";"1";"4";"20";"1";""
"202400021755";"155743489";"A01";"1";"7";"0";"2";"8";"1";"1";""
"202400021755";"155743492";"B01";"2";"7";"0";"2";"8";"1";"1";""
"202400021756";"155743487";"A01";"1";"7";"0";"0";"9";"0";"1";""
"202400021757";"155743486";"A01";"2";"7";"0";"2";"3";"11";"1";""
"202400021757";"155743488";"B01";"1";"2";"0";"2";"4";"5";"1";""
"202400021758";"155743483";"A01";"1";"7";"0";"2";"2";"15";"1";""
"202400021758";"155743485";"B01";"1";"7";"9";"2";"1";"1";"1";""
"202400021759";"155743481";"A01";"1";"7";"0";"2";"1";"17";"1";""
"202400021759";"155743482";"B01";"2";"7";"0";"2";"1";"0";"1";""
"202400021760";"155743480";"A01";"2";"7";"0";"1";"3";"13";"1";""
"202400021761";"155743478";"A01";"1";"10";"0";"1";"1";"1";"1";""
"202400021762";"155743484";"A01";"1";"7";"0";"1";"3";"15";"1";""
"202400021763";"155743477";"B01";"3";"7";"0";"2";"2";"12";"1";""
"202400021763";"155743479";"A01";"3";"7";"0";"2";"3";"1";"1";""
"202400021764";"155743475";"A01";"2";"3";"8";"0";"2";"1";"1";""
"202400021765";"155743473";"A01";"1";"7";"0";"2";"2";"15";"3";""
"202400021765";"155743476";"B01";"2";"50";"0";"2";"1";"1";"3";""
"202400021766";"155743471";"A01";"0";"7";"0";"2";"6";"15";"1";""
"202400021766";"155743474";"B01";"0";"43";"0";"2";"1";"2";"1";""
"202400021767";"155743472";"A01";"2";"7";"4";"0";"1";"13";"1";""
"202400021768";"155743470";"B01";"3";"10";"0";"1";"1";"26";"1";""
"202400021769";"155743468";"A01";"3";"1";"14";"0";"1";"21";"5";""
"202400021770";"155743466";"B01";"3";"1";"0";"2";"3";"1";"5";""
"202400021770";"155743469";"A01";"3";"7";"0";"2";"8";"9";"1";""
"202400021771";"155743465";"A01";"1";"7";"0";"2";"3";"17";"1";""
"202400021771";"155743467";"B01";"2";"14";"0";"2";"3";"1";"1";""
"202400021772";"155743462";"A01";"3";"7";"0";"2";"6";"15";"1";""
"202400021772";"155743464";"B01";"1";"32";"0";"2";"1";"1";"1";""
"202400021773";"155743459";"B01";"1";"7";"0";"2";"2";"2";"1";""
"202400021773";"155743461";"A01";"1";"10";"0";"2";"1";"15";"1";""
"202400021774";"155743458";"A01";"1";"2";"0";"2";"5";"14";"1";""
"202400021774";"155743460";"B01";"1";"7";"0";"2";"2";"15";"1";""
"202400021775";"155743456";"B01";"1";"43";"0";"2";"3";"1";"1";""
"202400021775";"155743463";"A01";"1";"7";"0";"2";"5";"15";"1";""
"202400021776";"155743455";"B01";"1";"7";"0";"2";"1";"1";"0";""
"202400021776";"155743457";"A01";"2";"3";"0";"2";"3";"13";"0";""
"202400021777";"155743454";"A01";"0";"7";"0";"1";"1";"15";"1";""
"202400021778";"155743452";"A01";"2";"37";"0";"1";"1";"16";"1";"1"
"202400021779";"155743450";"A01";"2";"7";"1";"1";"2";"21";"2";""
"202400021779";"155743453";"B01";"2";"10";"0";"0";"6";"23";"1";""
"202400021780";"155743449";"B01";"3";"2";"0";"2";"1";"21";"1";""
"202400021780";"155743451";"A01";"3";"33";"0";"2";"3";"9";"1";""
"202400021781";"155743447";"A01";"3";"7";"0";"1";"2";"0";"1";""
"202400021781";"155743448";"B01";"3";"7";"0";"2";"1";"2";"1";""
"202400021782";"155743442";"A01";"2";"30";"0";"2";"1";"13";"1";""
"202400021782";"155743445";"B01";"1";"7";"0";"2";"8";"1";"1";""
"202400021783";"155743441";"A01";"2";"33";"0";"2";"8";"18";"1";""
"202400021783";"155743444";"B01";"1";"7";"0";"2";"1";"15";"1";""
"202400021784";"155743443";"B01";"2";"2";"0";"2";"1";"19";"1";""
"202400021784";"155743446";"A01";"1";"7";"0";"2";"3";"1";"1";""
"202400021785";"155743439";"B01";"3";"2";"0";"2";"2";"1";"1";""
"202400021785";"155743440";"A01";"2";"7";"0";"2";"8";"9";"1";""
"202400021786";"155743438";"A01";"2";"33";"0";"0";"0";"1";"1";""
"202400021787";"155743436";"A01";"1";"7";"0";"2";"2";"9";"2";""
"202400021787";"155743437";"B01";"1";"7";"0";"2";"6";"23";"3";""
"202400021788";"155743435";"A01";"1";"7";"16";"0";"1";"1";"1";""
"202400021789";"155743433";"A01";"2";"7";"0";"2";"5";"18";"0";""
"202400021789";"155743434";"B01";"2";"50";"0";"2";"1";"1";"3";""
"202400021790";"155743429";"A01";"2";"7";"0";"2";"2";"16";"1";""
"202400021790";"155743431";"B01";"2";"50";"0";"2";"3";"1";"3";""
"202400021791";"155743428";"B01";"0";"10";"0";"2";"4";"15";"1";""
"202400021791";"155743432";"A01";"0";"33";"0";"2";"1";"16";"1";""
"202400021792";"155743426";"A01";"2";"7";"2";"0";"2";"1";"1";""
"202400021793";"155743423";"A01";"2";"7";"0";"2";"1";"2";"1";""
"202400021793";"155743425";"B01";"2";"7";"0";"2";"4";"1";"1";""
"202400021794";"155743421";"A01";"1";"1";"0";"5";"1";"1";"5";""
"202400021795";"155743420";"B01";"1";"33";"0";"2";"7";"1";"1";""
"202400021795";"155743424";"A01";"1";"7";"0";"2";"2";"1";"1";""
"202400021796";"155743417";"A01";"1";"10";"0";"2";"1";"2";"1";""
"202400021796";"155743419";"B01";"1";"7";"0";"2";"4";"2";"1";""
"202400021796";"155743422";"C01";"1";"7";"0";"2";"4";"0";"1";""
"202400021796";"155743427";"D01";"1";"7";"0";"2";"4";"0";"1";""
"202400021796";"155743430";"E01";"1";"7";"0";"0";"4";"0";"1";""
"202400021797";"155743416";"A01";"2";"33";"13";"0";"1";"14";"1";""
"202400021798";"155743415";"A01";"3";"1";"8";"0";"1";"1";"5";""
"202400021799";"155743414";"B01";"3";"37";"0";"2";"1";"1";"1";"1"
"202400021799";"155743418";"A01";"3";"50";"0";"2";"8";"15";"3";""
"202400021800";"155743413";"A01";"3";"10";"0";"1";"6";"4";"1";""
"202400021801";"155743410";"A01";"1";"7";"0";"1";"3";"1";"1";""
"202400021802";"155743409";"A01";"1";"7";"2";"0";"1";"1";"1";""
"202400021803";"155743411";"A01";"1";"7";"2";"0";"1";"14";"1";""
"202400021804";"155743412";"A01";"3";"7";"11";"0";"1";"14";"1";""
"202400021805";"155743407";"A01";"2";"31";"4";"0";"3";"17";"1";""
"202400021806";"155743404";"B01";"2";"7";"0";"0";"0";"0";"1";""
"202400021806";"155743408";"A01";"1";"7";"0";"2";"1";"13";"1";""
"202400021807";"155743403";"A01";"2";"33";"0";"2";"1";"12";"1";""
"202400021807";"155743406";"B01";"2";"10";"0";"2";"5";"12";"1";""
"202400021808";"155743402";"A01";"2";"60";"0";"2";"8";"19";"5";""
"202400021808";"155743405";"B01";"1";"7";"0";"9";"2";"1";"1";""
"202400021809";"155743401";"A01";"1";"7";"13";"1";"3";"21";"1";""
"202400021810";"155743400";"A01";"3";"7";"1";"1";"1";"1";"1";""
"202400021811";"155743398";"A01";"2";"7";"2";"0";"3";"0";"1";""
"202400021812";"155743397";"A01";"1";"7";"0";"2";"3";"21";"2";""
"202400021812";"155743399";"B01";"2";"7";"0";"2";"3";"11";"1";""
"202400021813";"155743394";"A01";"1";"7";"0";"0";"0";"1";"1";""
"202400021814";"155743395";"B01";"1";"7";"0";"2";"1";"2";"1";""
"202400021814";"155743396";"A01";"1";"7";"0";"2";"4";"2";"1";""
"202400021815";"155743393";"A01";"1";"7";"13";"0";"2";"1";"1";""
"202400021816";"155743392";"A01";"2";"7";"0";"1";"1";"15";"1";""
"202400021817";"155743390";"A01";"1";"7";"6";"9";"3";"17";"1";""
"202400021817";"155743391";"B01";"2";"1";"0";"2";"1";"1";"5";""
"202400021818";"155743388";"A01";"1";"99";"0";"0";"8";"1";"1";""
"202400021819";"155743389";"A01";"1";"7";"0";"2";"1";"1";"1";""
"202400021820";"155743386";"A01";"2";"33";"12";"0";"8";"1";"1";""
"202400021821";"155743385";"A01";"1";"7";"0";"2";"1";"1";"1";""
"202400021821";"155743387";"B01";"1";"7";"0";"2";"4";"1";"1";""
"202400021822";"155743382";"B01";"1";"33";"0";"2";"1";"1";"1";""
"202400021822";"155743384";"A01";"2";"7";"0";"2";"3";"15";"1";""
"202400021823";"155743378";"B01";"3";"2";"0";"2";"8";"1";"1";""
"202400021823";"155743380";"A01";"3";"7";"0";"2";"3";"15";"1";""
"202400021824";"155743376";"A01";"2";"7";"1";"2";"8";"24";"1";""
"202400021824";"155743379";"B01";"2";"50";"1";"2";"1";"1";"3";""
"202400021825";"155743375";"B01";"1";"7";"0";"2";"3";"15";"1";""
"202400021825";"155743377";"A01";"1";"2";"0";"2";"1";"1";"1";""
"202400021826";"155743372";"A01";"1";"1";"0";"2";"7";"1";"5";""
"202400021826";"155743374";"B01";"2";"7";"0";"9";"1";"1";"1";""
"202400021827";"155743373";"A01";"1";"7";"2";"0";"1";"14";"1";""
"202400021828";"155743369";"B01";"3";"7";"0";"2";"6";"1";"1";""
"202400021828";"155743371";"A01";"3";"7";"0";"2";"1";"15";"1";""
"202400021829";"155743367";"A01";"3";"1";"0";"0";"0";"1";"5";""
"202400021830";"155743366";"A01";"3";"7";"0";"2";"3";"1";"1";""
"202400021830";"155743370";"B01";"3";"50";"0";"2";"1";"19";"3";""
"202400021831";"155743365";"A01";"2";"7";"0";"2";"3";"1";"1";""
"202400021831";"155743368";"B01";"0";"2";"0";"2";"1";"19";"1";""
"202400021832";"155743361";"A01";"1";"31";"0";"2";"9";"17";"1";""
"202400021832";"155743364";"B01";"1";"7";"0";"2";"3";"15";"1";""
"202400021833";"155743360";"A01";"1";"7";"13";"0";"3";"1";"1";""
"202400021834";"155743363";"A01";"1";"2";"0";"0";"3";"16";"1";""
"202400021835";"155743358";"B01";"1";"7";"0";"2";"3";"1";"1";""
"202400021835";"155743359";"C01";"1";"7";"0";"2";"1";"23";"1";""
"202400021835";"155743362";"A01";"2";"7";"0";"2";"1";"15";"1";""
"202400021836";"155743357";"A01";"1";"7";"0";"1";"1";"1";"1";""
"202400021837";"155743355";"A01";"2";"7";"6";"0";"9";"1";"1";""
"202400021838";"155743353";"A01";"1";"7";"0";"0";"2";"15";"1";""
"202400021838";"155743356";"B01";"2";"1";"0";"2";"1";"1";"5";""
"202400021839";"155743352";"B01";"1";"7";"0";"1";"7";"1";"1";""
"202400021840";"155743351";"A01";"3";"7";"0";"2";"2";"1";"1";""
"202400021840";"155743354";"B01";"3";"7";"0";"2";"3";"1";"2";""
"202400021841";"155743350";"A01";"1";"7";"2";"0";"9";"1";"1";""
"202400021842";"155743349";"A01";"3";"7";"8";"0";"9";"26";"1";""
"202400021843";"155743348";"A01";"1";"2";"0";"1";"1";"3";"1";""
"202400021844";"155743347";"A01";"1";"7";"0";"1";"1";"1";"1";""
"202400021845";"155743345";"A01";"2";"2";"0";"2";"7";"15";"1";""
"202400021845";"155743346";"B01";"1";"7";"0";"2";"2";"1";"1";""
"202400021846";"155743343";"B01";"2";"7";"0";"2";"3";"15";"1";""
"202400021846";"155743344";"A01";"2";"7";"0";"2";"2";"17";"1";""
"202400021847";"155743341";"A01";"1";"7";"0";"0";"9";"1";"1";""
"202400021848";"155743340";"A01";"1";"33";"0";"2";"1";"2";"1";""
"202400021848";"155743342";"B01";"1";"10";"0";"2";"4";"2";"1";""
"202400021849";"155743335";"A01";"2";"7";"0";"2";"6";"24";"1";""
"202400021849";"155743337";"B01";"2";"7";"1";"0";"2";"1";"1";""
"202400021850";"155743333";"A01";"2";"7";"0";"0";"4";"1";"1";""
"202400021850";"155743339";"B01";"1";"7";"0";"2";"1";"17";"3";""
"202400021851";"155743332";"B01";"2";"7";"0";"0";"4";"2";"1";""
"202400021851";"155743334";"A01";"2";"7";"0";"2";"1";"2";"1";""
"202400021852";"155743329";"A01";"1";"7";"0";"2";"8";"22";"1";""
"202400021852";"155743331";"B01";"1";"1";"1";"0";"7";"1";"5";""
"202400021853";"155743328";"A01";"1";"7";"0";"2";"8";"26";"1";""
"202400021853";"155743330";"B01";"1";"32";"0";"2";"1";"2";"1";""
"202400021854";"155743327";"A01";"3";"10";"0";"1";"3";"5";"1";""
"202400021855";"155743326";"A01";"2";"33";"0";"0";"0";"0";"1";""
"202400021856";"155743323";"A01";"1";"7";"0";"1";"1";"2";"1";""
"202400021857";"155743321";"A01";"3";"33";"16";"0";"7";"1";"1";""
"202400021858";"155743322";"B01";"2";"1";"0";"2";"1";"26";"5";""
"202400021858";"155743325";"A01";"1";"7";"0";"2";"2";"16";"1";""
"202400021859";"155743319";"A01";"1";"30";"0";"0";"7";"17";"1";""
"202400021860";"155743317";"A01";"3";"7";"0";"1";"7";"1";"1";""
"202400021861";"155743314";"A01";"3";"31";"15";"0";"7";"1";"1";""
"202400021862";"155743312";"Z01";"1";"50";"0";"1";"8";"26";"3";""
"202400021863";"155743313";"A01";"1";"31";"0";"0";"2";"1";"1";""
"202400021864";"155743311";"A01";"2";"7";"0";"2";"3";"17";"1";""
"202400021864";"155743315";"C01";"2";"7";"0";"2";"8";"1";"1";""
"202400021864";"155743316";"B01";"1";"7";"0";"2";"3";"1";"1";""
"202400021864";"155743320";"E01";"1";"7";"0";"2";"3";"1";"3";""
"202400021864";"155743324";"D01";"1";"7";"0";"2";"1";"1";"1";""
"202400021865";"155743305";"B01";"1";"7";"0";"2";"1";"1";"1";""
"202400021865";"155743310";"A01";"1";"50";"0";"2";"8";"5";"3";""
"202400021866";"155743306";"A01";"1";"7";"0";"0";"1";"1";"1";""
"202400021866";"155743309";"B01";"1";"1";"0";"2";"4";"1";"5";""
"202400021867";"155743304";"B01";"3";"1";"0";"2";"7";"1";"5";""
"202400021867";"155743308";"A01";"1";"7";"0";"2";"1";"15";"1";""
"202400021868";"155743303";"A01";"2";"33";"0";"0";"0";"17";"1";""
"202400021869";"155743301";"A01";"3";"7";"2";"0";"1";"0";"1";""
"202400021870";"155743299";"A01";"3";"14";"16";"0";"3";"1";"1";""
"202400021871";"155743298";"A01";"1";"2";"0";"2";"1";"26";"1";""
"202400021871";"155743302";"B01";"2";"7";"0";"2";"8";"26";"1";""
"202400021872";"155743297";"A01";"3";"33";"4";"0";"1";"13";"1";""
"202400021873";"155743296";"B01";"2";"50";"0";"2";"0";"26";"3";""
"202400021873";"155743300";"A01";"2";"7";"0";"2";"2";"26";"1";""
"202400021874";"155743294";"A01";"2";"7";"3";"0";"3";"1";"1";""
"202400021875";"155743292";"B01";"2";"7";"7";"0";"8";"1";"1";""
"202400021875";"155743295";"A01";"1";"7";"0";"2";"1";"19";"1";""
"202400021876";"155743287";"A01";"2";"33";"0";"2";"2";"2";"1";""
"202400021876";"155743290";"B01";"2";"50";"0";"2";"3";"11";"3";""
"202400021877";"155743289";"B01";"3";"33";"0";"2";"7";"1";"1";""
"202400021877";"155743293";"A01";"3";"7";"0";"2";"1";"19";"1";""
"202400021878";"155743286";"A01";"1";"7";"0";"2";"2";"1";"1";""
"202400021878";"155743291";"B01";"1";"80";"0";"2";"7";"1";"3";""
"202400021879";"155743284";"A01";"1";"7";"8";"2";"3";"13";"1";""
"202400021879";"155743285";"B01";"2";"7";"8";"2";"3";"1";"1";""
"202400021880";"155743283";"B01";"1";"7";"0";"2";"2";"1";"1";""
"202400021880";"155743288";"A01";"1";"10";"0";"2";"3";"11";"1";""
"202400021881";"155743280";"A01";"1";"7";"0";"2";"1";"1";"1";""
"202400021881";"155743281";"B01";"3";"60";"0";"2";"8";"19";"5";""
"202400021882";"155743279";"A01";"3";"7";"0";"2";"1";"1";"1";""
"202400021882";"155743282";"B01";"3";"10";"0";"2";"3";"15";"1";""
"202400021883";"155743276";"A01";"3";"30";"0";"0";"0";"1";"1";""
"202400021884";"155743273";"C01";"2";"15";"0";"2";"7";"1";"1";""
"202400021884";"155743274";"A01";"2";"33";"0";"2";"1";"9";"1";""
"202400021884";"155743277";"B01";"2";"33";"0";"2";"4";"9";"1";""
"202400021885";"155743269";"A01";"3";"7";"9";"0";"8";"19";"1";""
"202400021885";"155743271";"B01";"3";"7";"0";"2";"1";"0";"3";""
"202400021886";"155743268";"A01";"0";"7";"0";"2";"2";"20";"1";""
"202400021886";"155743270";"B01";"0";"33";"0";"2";"1";"18";"1";""
"202400021887";"155743267";"A01";"1";"36";"2";"0";"1";"13";"1";""
"202400021888";"155743266";"A01";"1";"33";"9";"0";"2";"1";"1";""
"202400021889";"155743261";"B01";"1";"7";"0";"2";"3";"1";"1";""
"202400021889";"155743265";"A01";"1";"7";"0";"2";"4";"1";"3";""
"202400021890";"155743263";"A01";"0";"7";"0";"1";"1";"0";"1";""
"202400021891";"155743260";"A01";"2";"7";"0";"9";"6";"15";"1";""
"202400021891";"155743264";"B01";"2";"1";"0";"2";"1";"1";"5";""
"202400021892";"155743258";"A01";"1";"33";"0";"0";"0";"1";"1";""
"202400021893";"155743257";"A01";"1";"10";"0";"2";"3";"1";"1";""
"202400021893";"155743262";"B01";"1";"14";"0";"2";"3";"11";"4";""
"202400021894";"155743259";"A01";"3";"20";"0";"1";"1";"1";"1";""
"202400021895";"155743250";"A01";"1";"7";"0";"2";"2";"2";"1";""
"202400021895";"155743254";"B01";"1";"2";"0";"0";"4";"2";"1";""
"202400021896";"155743251";"Y01";"2";"1";"0";"2";"1";"1";"5";""
"202400021896";"155743255";"A01";"2";"7";"0";"2";"3";"20";"2";""
"202400021897";"155743253";"B01";"2";"7";"0";"2";"1";"5";"1";""
"202400021897";"155743256";"A01";"1";"7";"0";"2";"3";"1";"1";""
"202400021898";"155743249";"A01";"1";"7";"0";"2";"3";"1";"1";""
"202400021898";"155743252";"B01";"1";"7";"0";"2";"5";"1";"1";""
"202400021899";"155743246";"B01";"2";"7";"0";"2";"3";"1";"1";""
"202400021899";"155743248";"A01";"1";"1";"0";"2";"1";"1";"5";""
"202400021900";"155743243";"A01";"3";"7";"0";"2";"2";"2";"1";""
"202400021900";"155743247";"B01";"1";"30";"0";"2";"6";"11";"1";""
"202400021901";"155743244";"A01";"2";"33";"0";"1";"7";"26";"1";""
"202400021902";"155743242";"B01";"2";"7";"0";"2";"1";"1";"1";""
"202400021902";"155743245";"A01";"2";"7";"0";"2";"3";"10";"1";""
"202400021903";"155743238";"A01";"1";"7";"0";"2";"3";"1";"1";""
"202400021903";"155743241";"B01";"2";"7";"0";"2";"3";"1";"1";""
"202400021904";"155743237";"A01";"3";"1";"0";"2";"2";"19";"5";""
"202400021904";"155743240";"B01";"3";"7";"0";"9";"3";"16";"1";""
"202400021905";"155743235";"A01";"3";"1";"0";"1";"1";"1";"5";""
"202400021906";"155743236";"A01";"1";"7";"0";"2";"2";"14";"3";""
"202400021906";"155743239";"B01";"1";"31";"0";"2";"8";"1";"1";""
"202400021907";"155743234";"A01";"1";"17";"16";"0";"8";"13";"1";""
"202400021908";"155743231";"B01";"1";"7";"0";"2";"4";"2";"1";""
"202400021908";"155743233";"A01";"1";"7";"0";"2";"1";"2";"1";""
"202400021909";"155743230";"A01";"1";"7";"0";"1";"1";"1";"3";""
"202400021910";"155743228";"B01";"2";"7";"0";"2";"1";"1";"1";""
"202400021910";"155743232";"A01";"1";"7";"0";"2";"1";"13";"1";""
"202400021911";"155743221";"A01";"2";"7";"0";"2";"3";"24";"2";""
"202400021911";"155743224";"B01";"2";"1";"0";"2";"1";"2";"5";""
"202400021912";"155743219";"A01";"1";"33";"0";"2";"4";"23";"1";""
"202400021912";"155743222";"C01";"1";"7";"0";"2";"1";"2";"1";""
"202400021912";"155743226";"B01";"1";"7";"0";"2";"4";"23";"1";""
"202400021913";"155743218";"A01";"0";"30";"8";"0";"1";"0";"1";""
"202400021914";"155743217";"A01";"1";"10";"0";"2";"1";"1";"1";""
"202400021914";"155743220";"B01";"2";"33";"0";"2";"1";"1";"1";""
"202400021914";"155743223";"C01";"2";"33";"0";"2";"8";"1";"1";""
"202400021915";"155743211";"A01";"1";"2";"0";"2";"1";"15";"1";""
"202400021915";"155743214";"B01";"1";"7";"0";"2";"6";"15";"1";""
"202400021916";"155743209";"A01";"1";"7";"10";"0";"1";"14";"1";""
"202400021917";"155743210";"A01";"2";"7";"0";"2";"3";"17";"1";""
"202400021917";"155743213";"B01";"1";"33";"0";"2";"3";"1";"1";""
"202400021918";"155743208";"B01";"1";"38";"0";"2";"6";"1";"1";"1"
"202400021918";"155743212";"A01";"2";"32";"0";"2";"1";"1";"1";""
"202400021918";"155743216";"C01";"1";"32";"0";"2";"1";"1";"1";""
"202400021919";"155743205";"A01";"0";"50";"12";"0";"1";"1";"3";""
"202400021920";"155743202";"B01";"1";"80";"0";"2";"2";"1";"3";""
"202400021920";"155743207";"A01";"1";"7";"0";"2";"1";"9";"1";""
"202400021921";"155743203";"A01";"3";"7";"0";"2";"3";"15";"1";""
"202400021921";"155743206";"B01";"3";"2";"0";"2";"1";"1";"1";""
"202400021922";"155743201";"A01";"1";"38";"0";"2";"1";"1";"1";"1"
"202400021922";"155743204";"B01";"1";"2";"0";"2";"3";"15";"1";""
"202400021923";"155743200";"A01";"2";"7";"0";"1";"1";"1";"1";""
"202400021924";"155743199";"A01";"1";"33";"9";"0";"0";"0";"1";""
"202400021925";"155743196";"B01";"3";"37";"0";"2";"4";"1";"0";"1"
"202400021925";"155743198";"A01";"3";"7";"1";"0";"1";"12";"1";""
"202400021926";"155743195";"A01";"1";"15";"0";"1";"7";"1";"0";""
"202400021927";"155743192";"A01";"2";"7";"0";"2";"1";"1";"1";""
"202400021927";"155743194";"B01";"1";"33";"0";"2";"1";"5";"1";""
"202400021928";"155743191";"A01";"1";"7";"0";"0";"3";"1";"1";""
"202400021929";"155743186";"C01";"3";"10";"0";"2";"3";"26";"0";""
"202400021929";"155743188";"D01";"3";"10";"0";"2";"1";"1";"0";""
"202400021929";"155743190";"A01";"3";"10";"2";"0";"1";"0";"0";""
"202400021929";"155743193";"B01";"3";"10";"0";"2";"9";"26";"0";""
"202400021930";"155743187";"B01";"3";"1";"0";"2";"8";"1";"5";""
"202400021930";"155743189";"A01";"3";"7";"0";"9";"1";"1";"1";""
"202400021931";"155743184";"A01";"3";"7";"0";"1";"4";"4";"1";""
"202400021932";"155743183";"A01";"1";"33";"0";"2";"1";"12";"1";""
"202400021932";"155743185";"B01";"1";"7";"0";"0";"4";"23";"1";""
"202400021933";"155743181";"B01";"2";"7";"0";"2";"3";"0";"1";""
"202400021933";"155743182";"A01";"1";"7";"0";"2";"3";"1";"1";""
"202400021934";"155743179";"A01";"1";"7";"0";"1";"1";"2";"1";""
"202400021935";"155743176";"B01";"3";"1";"0";"2";"4";"0";"5";""
"202400021935";"155743178";"C01";"3";"1";"0";"2";"4";"0";"5";""
"202400021935";"155743180";"A01";"3";"7";"0";"2";"2";"0";"1";""
"202400021936";"155743175";"A01";"1";"7";"0";"2";"1";"2";"1";""
"202400021936";"155743177";"B01";"1";"7";"0";"0";"4";"1";"1";""
"202400021937";"155743173";"A01";"1";"32";"0";"2";"1";"1";"1";""
"202400021937";"155743174";"B01";"3";"7";"0";"2";"6";"15";"2";""
"202400021938";"155743171";"A01";"2";"7";"0";"1";"3";"9";"1";""
"202400021939";"155743168";"C01";"2";"7";"0";"9";"8";"1";"1";""
"202400021939";"155743170";"A01";"2";"7";"0";"2";"2";"1";"1";""
"202400021939";"155743172";"B01";"1";"7";"0";"2";"3";"1";"1";""
"202400021940";"155743167";"A01";"1";"7";"0";"1";"2";"1";"1";""
"202400021941";"155743166";"A01";"2";"7";"4";"2";"2";"0";"1";""
"202400021941";"155743169";"B01";"2";"7";"3";"2";"6";"1";"1";""
"202400021942";"155743165";"A01";"2";"50";"0";"1";"1";"5";"3";""
"202400021943";"155743163";"A01";"1";"7";"2";"0";"7";"1";"1";""
"202400021944";"155743162";"A01";"1";"33";"0";"1";"7";"17";"1";""
"202400021945";"155743161";"A01";"2";"7";"0";"2";"3";"1";"1";""
"202400021945";"155743164";"B01";"1";"7";"0";"2";"3";"1";"1";""
"202400021946";"155743158";"A01";"0";"1";"0";"0";"0";"1";"5";""
"202400021947";"155743156";"A01";"2";"2";"0";"2";"1";"2";"1";""
"202400021947";"155743159";"B01";"2";"2";"0";"2";"4";"2";"1";""
"202400021948";"155743157";"B01";"2";"32";"0";"2";"0";"17";"1";""
"202400021948";"155743160";"A01";"2";"17";"0";"2";"0";"15";"1";""
"202400021949";"155743155";"A01";"0";"7";"0";"1";"1";"1";"1";""
"202400021950";"155743148";"A01";"1";"7";"0";"2";"3";"5";"1";""
"202400021950";"155743154";"B01";"2";"7";"0";"2";"2";"1";"1";""
"202400021951";"155743147";"A01";"0";"7";"0";"9";"1";"17";"2";""
"202400021951";"155743152";"B01";"0";"1";"0";"0";"8";"15";"5";""
"202400021952";"155743149";"A01";"2";"33";"0";"2";"1";"5";"1";""
"202400021952";"155743151";"B01";"1";"7";"0";"2";"8";"1";"1";""
"202400021953";"155743150";"B01";"1";"7";"0";"2";"3";"1";"3";""
"202400021953";"155743153";"A01";"1";"31";"0";"2";"1";"3";"1";""
"202400021954";"155743146";"A01";"2";"80";"0";"0";"1";"1";"3";""
"202400021955";"155743145";"A01";"2";"7";"6";"0";"1";"1";"1";""
"202400021956";"155743142";"A01";"1";"7";"0";"2";"5";"12";"1";""
"202400021956";"155743144";"B01";"1";"7";"0";"2";"3";"1";"1";""
"202400021957";"155743141";"A01";"1";"7";"0";"2";"0";"15";"1";""
"202400021957";"155743143";"B01";"1";"2";"0";"2";"0";"14";"3";""
"202400021958";"155743139";"A01";"2";"7";"8";"0";"1";"26";"1";""
"202400021959";"155743137";"A01";"1";"7";"3";"0";"6";"14";"1";""
"202400021960";"155743135";"A01";"3";"33";"0";"0";"0";"2";"1";""
"202400021961";"155743136";"A01";"0";"7";"0";"2";"1";"1";"1";""
"202400021961";"155743138";"B01";"0";"7";"0";"2";"3";"1";"1";""
"202400021961";"155743140";"C01";"0";"7";"0";"2";"1";"1";"1";""
"202400021962";"155743134";"A01";"1";"7";"0";"1";"1";"15";"2";""
"202400021963";"155743131";"B01";"1";"33";"0";"2";"7";"17";"1";""
"202400021963";"155743133";"A01";"1";"7";"0";"2";"8";"13";"1";""
"202400021964";"155743130";"B01";"2";"7";"0";"2";"1";"1";"1";""
"202400021964";"155743132";"A01";"1";"7";"0";"2";"3";"17";"1";""
"202400021965";"155743126";"A01";"1";"33";"13";"0";"0";"14";"1";""
"202400021966";"155743124";"A01";"1";"7";"0";"2";"4";"23";"2";""
"202400021966";"155743127";"B01";"1";"7";"0";"2";"1";"1";"1";""
"202400021967";"155743123";"A01";"3";"10";"0";"2";"1";"15";"1";""