"Num_Acc";"id_vehicule";"num_veh";"senc";"catv";"obs";"obsm";"choc";"manv";"motor";"occutc"
"202400021967";"155743125";"B01";"3";"7";"0";"2";"1";"1";"1";""
"202400021968";"155743121";"B01";"1";"80";"0";"2";"1";"17";"3";""
"202400021968";"155743122";"A01";"2";"7";"0";"9";"8";"22";"1";""
"202400021969";"155743119";"A01";"1";"38";"6";"0";"1";"1";"1";"1"
"202400021970";"155743113";"A01";"1";"33";"15";"0";"3";"1";"1";""
"202400021971";"155743112";"B01";"1";"2";"0";"2";"1";"1";"1";""
"202400021971";"155743114";"A01";"2";"7";"0";"2";"1";"15";"1";""
"202400021972";"155743115";"B01";"2";"7";"0";"0";"0";"1";"1";""
"202400021972";"155743117";"A01";"2";"34";"0";"2";"0";"18";"1";""
"202400021973";"155743109";"B01";"2";"10";"0";"2";"3";"1";"1";""
"202400021973";"155743111";"A01";"1";"3";"0";"2";"8";"13";"1";""
"202400021974";"155743108";"A01";"1";"7";"13";"0";"0";"0";"1";""
"202400021975";"155743106";"B01";"2";"7";"0";"2";"1";"21";"1";""
"202400021975";"155743110";"A01";"1";"2";"0";"2";"1";"17";"1";""
"202400021976";"155743104";"A01";"1";"7";"7";"0";"9";"1";"1";""
"202400021977";"155743103";"A01";"1";"33";"0";"0";"0";"13";"1";""
"202400021978";"155743105";"A01";"1";"14";"0";"2";"7";"1";"1";""
"202400021978";"155743107";"B01";"1";"50";"0";"2";"8";"1";"3";""
"202400021979";"155743101";"A01";"1";"10";"4";"0";"1";"14";"1";""
"202400021980";"155743100";"A01";"1";"7";"0";"2";"8";"9";"1";""
"202400021980";"155743102";"B01";"1";"7";"0";"2";"2";"1";"1";""
"202400021981";"155743099";"A01";"0";"7";"0";"1";"2";"1";"1";""
"202400021982";"155743095";"A01";"1";"15";"0";"2";"2";"12";"1";""
"202400021982";"155743098";"B01";"1";"7";"0";"2";"6";"1";"1";""
"202400021983";"155743097";"A01";"2";"7";"0";"1";"2";"1";"2";""
"202400021984";"155743094";"A01";"2";"1";"0";"2";"4";"2";"5";""
"202400021984";"155743096";"B01";"2";"1";"0";"2";"1";"2";"5";""
"202400021985";"155743093";"A01";"2";"7";"0";"1";"2";"1";"1";""
"202400021986";"155743090";"B01";"2";"10";"0";"2";"4";"23";"1";""
"202400021986";"155743092";"A01";"2";"10";"0";"2";"1";"9";"1";""
"202400021987";"155743087";"B01";"2";"10";"0";"2";"3";"1";"1";""
"202400021987";"155743089";"A01";"1";"33";"0";"2";"3";"13";"1";""
"202400021988";"155743088";"B01";"1";"33";"0";"2";"1";"1";"1";""
"202400021988";"155743091";"A01";"2";"7";"0";"2";"5";"15";"2";""
"202400021989";"155743085";"A01";"1";"2";"0";"1";"2";"26";"1";""
"202400021990";"155743084";"A01";"2";"1";"0";"2";"1";"26";"5";""
"202400021990";"155743086";"B01";"2";"7";"0";"9";"7";"16";"1";""
"202400021991";"155743082";"A01";"1";"7";"0";"0";"4";"2";"0";""
"202400021991";"155743083";"B01";"1";"10";"0";"0";"1";"2";"1";""
"202400021992";"155743078";"A01";"1";"7";"0";"2";"1";"2";"1";""
"202400021992";"155743080";"B01";"1";"7";"0";"2";"4";"2";"2";""
"202400021993";"155743075";"A01";"2";"7";"0";"2";"1";"13";"1";""
"202400021993";"155743076";"B01";"1";"34";"0";"2";"1";"1";"1";""
"202400021994";"155743074";"B01";"2";"2";"0";"2";"3";"15";"1";""
"202400021994";"155743077";"A01";"2";"7";"0";"2";"2";"1";"2";""
"202400021995";"155743073";"A01";"3";"2";"0";"0";"8";"1";"1";""
"202400021996";"155743071";"A01";"1";"37";"0";"2";"0";"0";"1";"1"
"202400021996";"155743072";"B01";"1";"7";"0";"2";"0";"0";"1";""
"202400021997";"155743069";"A01";"2";"1";"0";"0";"0";"1";"5";""
"202400021998";"155743070";"A01";"3";"33";"8";"0";"3";"0";"1";""
"202400021999";"155743068";"A01";"3";"7";"6";"1";"2";"1";"1";""
"202400022000";"155743066";"A01";"1";"7";"8";"0";"2";"14";"1";""
"202400022001";"155743064";"A01";"3";"33";"14";"0";"3";"6";"1";""
"202400022002";"155743062";"B01";"2";"32";"0";"2";"1";"1";"1";""
"202400022002";"155743067";"A01";"1";"7";"0";"2";"7";"15";"1";""
"202400022003";"155743063";"A01";"1";"10";"0";"2";"2";"1";"1";""
"202400022003";"155743065";"B01";"1";"1";"0";"2";"4";"0";"5";""
"202400022004";"155743061";"A01";"1";"7";"13";"0";"9";"21";"1";""
"202400022005";"155743058";"A01";"3";"50";"12";"0";"2";"16";"3";""
"202400022006";"155743057";"B01";"2";"1";"0";"2";"5";"1";"5";""
"202400022006";"155743060";"A01";"1";"7";"0";"2";"3";"1";"2";""
"202400022007";"155743056";"A01";"1";"50";"1";"0";"1";"16";"3";""
"202400022007";"155743059";"B01";"1";"7";"0";"2";"6";"0";"1";""
"202400022008";"155743054";"B01";"2";"7";"0";"0";"4";"1";"1";""
"202400022008";"155743055";"A01";"2";"33";"0";"2";"1";"1";"1";""
"202400022009";"155743053";"A01";"1";"2";"0";"0";"7";"1";"1";""
"202400022010";"155743050";"B01";"1";"50";"0";"2";"9";"1";"3";""
"202400022010";"155743051";"A01";"1";"10";"0";"2";"5";"16";"1";""
"202400022011";"155743049";"B01";"2";"31";"0";"9";"1";"1";"1";""
"202400022011";"155743052";"A01";"3";"1";"0";"2";"6";"1";"5";""
"202400022012";"155743047";"A01";"2";"21";"0";"0";"0";"1";"1";""
"202400022013";"155743048";"A01";"2";"33";"13";"0";"0";"1";"1";""
"202400022014";"155743045";"A01";"1";"2";"0";"2";"7";"2";"1";""
"202400022014";"155743046";"Z01";"1";"7";"0";"2";"1";"0";"0";""
"202400022015";"155743041";"B01";"2";"7";"0";"2";"3";"1";"1";""
"202400022015";"155743043";"A01";"1";"7";"0";"2";"3";"13";"1";""
"202400022016";"155743040";"A01";"2";"30";"0";"2";"0";"0";"1";""
"202400022016";"155743044";"B01";"2";"1";"0";"2";"0";"0";"5";""
"202400022017";"155743039";"Z01";"1";"7";"0";"1";"2";"9";"0";""
"202400022018";"155743038";"B01";"3";"1";"0";"0";"8";"26";"5";""
"202400022018";"155743042";"A01";"2";"7";"0";"2";"3";"15";"1";""
"202400022019";"155743037";"A01";"2";"7";"0";"1";"2";"14";"1";""
"202400022020";"155743036";"A01";"2";"7";"0";"1";"1";"1";"1";""
"202400022021";"155743032";"A01";"2";"7";"5";"0";"3";"1";"1";""
"202400022022";"155743031";"A01";"1";"80";"0";"2";"8";"1";"3";""
"202400022022";"155743035";"B01";"2";"7";"0";"2";"1";"1";"1";""
"202400022023";"155743030";"A01";"2";"34";"0";"1";"1";"1";"3";""
"202400022024";"155743029";"B01";"1";"1";"0";"2";"1";"17";"5";""
"202400022024";"155743033";"C01";"1";"7";"0";"0";"0";"23";"1";""
"202400022024";"155743034";"A01";"2";"7";"0";"2";"3";"1";"1";""
"202400022025";"155743025";"A01";"1";"2";"0";"0";"0";"1";"1";""
"202400022026";"155743023";"A01";"2";"7";"0";"2";"5";"9";"0";""
"202400022026";"155743028";"B01";"1";"13";"0";"2";"0";"9";"0";""
"202400022027";"155743022";"B01";"3";"13";"0";"2";"4";"23";"1";""
"202400022027";"155743026";"A01";"3";"7";"1";"0";"1";"1";"1";""
"202400022028";"155743021";"C01";"1";"7";"0";"2";"2";"13";"1";""
"202400022028";"155743024";"A01";"1";"7";"0";"2";"2";"1";"1";""
"202400022028";"155743027";"B01";"2";"7";"0";"2";"2";"1";"1";""
"202400022029";"155743018";"A01";"2";"7";"0";"2";"1";"2";"1";""
"202400022029";"155743020";"B01";"2";"7";"0";"0";"4";"2";"1";""
"202400022030";"155743016";"A01";"1";"7";"0";"0";"0";"1";"1";""
"202400022031";"155743014";"A01";"3";"7";"0";"2";"3";"15";"1";""
"202400022031";"155743017";"B01";"3";"31";"0";"2";"1";"1";"1";""
"202400022032";"155743015";"A01";"1";"7";"5";"2";"1";"2";"1";""
"202400022032";"155743019";"B01";"1";"10";"5";"2";"4";"2";"1";""
"202400022033";"155743010";"B01";"1";"21";"0";"2";"6";"1";"1";""
"202400022033";"155743013";"A01";"1";"10";"0";"2";"1";"1";"1";""
"202400022034";"155743009";"A01";"3";"7";"0";"2";"3";"5";"1";""
"202400022034";"155743012";"B01";"3";"10";"0";"2";"3";"1";"1";""
"202400022035";"155743008";"A01";"1";"7";"0";"1";"2";"1";"2";""
"202400022036";"155743007";"A01";"1";"7";"0";"2";"3";"13";"1";""
"202400022036";"155743011";"B01";"2";"7";"0";"2";"3";"1";"1";""
"202400022037";"155743003";"A01";"1";"3";"12";"0";"9";"16";"1";""
"202400022038";"155743002";"A01";"1";"17";"0";"2";"7";"12";"1";""
"202400022038";"155743005";"B01";"2";"33";"0";"2";"8";"2";"1";""
"202400022039";"155743004";"A01";"2";"33";"0";"2";"1";"1";"1";""
"202400022039";"155743006";"B01";"1";"7";"0";"2";"2";"15";"1";""
"202400022040";"155743000";"A01";"1";"7";"0";"2";"8";"13";"1";""
"202400022040";"155743001";"B01";"1";"34";"0";"2";"7";"3";"1";""
"202400022041";"155742998";"A01";"1";"33";"13";"0";"0";"1";"1";""
"202400022042";"155742997";"A01";"2";"7";"12";"1";"2";"14";"1";""
"202400022043";"155742996";"A01";"1";"7";"0";"2";"2";"16";"1";""
"202400022043";"155742999";"B01";"2";"1";"0";"2";"1";"15";"5";""
"202400022044";"155742992";"A01";"2";"1";"0";"0";"0";"1";"5";""
"202400022045";"155742990";"A01";"2";"7";"0";"1";"1";"1";"1";""
"202400022046";"155742991";"B01";"0";"10";"0";"2";"4";"1";"1";""
"202400022046";"155742993";"C01";"1";"7";"0";"2";"4";"1";"1";""
"202400022046";"155742995";"A01";"1";"10";"0";"2";"1";"2";"1";""
"202400022047";"155742989";"A01";"2";"33";"14";"0";"1";"0";"1";""
"202400022048";"155742984";"A01";"2";"10";"0";"2";"3";"1";"3";""
"202400022048";"155742988";"B01";"2";"50";"0";"2";"2";"9";"3";""
"202400022049";"155742983";"A01";"2";"7";"0";"2";"5";"15";"1";""
"202400022049";"155742987";"B01";"1";"33";"0";"2";"1";"1";"1";""
"202400022050";"155742982";"A01";"1";"7";"0";"2";"1";"2";"1";""
"202400022050";"155742986";"B01";"1";"7";"0";"2";"4";"2";"1";""
"202400022051";"155742981";"B01";"1";"7";"0";"2";"1";"1";"1";""
"202400022051";"155742985";"A01";"2";"7";"0";"2";"7";"19";"1";""
"202400022052";"155742979";"A01";"3";"7";"0";"1";"1";"1";"1";""
"202400022053";"155742976";"A01";"1";"1";"0";"2";"7";"0";"5";""
"202400022053";"155742980";"B01";"2";"7";"0";"9";"1";"0";"1";""
"202400022054";"155742975";"B01";"2";"7";"0";"2";"0";"11";"1";""
"202400022054";"155742978";"A01";"2";"33";"0";"2";"0";"3";"1";""
"202400022055";"155742974";"A01";"1";"33";"0";"2";"1";"17";"1";""
"202400022055";"155742977";"B01";"1";"7";"0";"0";"8";"15";"1";""
"202400022056";"155742971";"A01";"2";"7";"0";"2";"3";"15";"1";""
"202400022056";"155742973";"B01";"1";"33";"0";"2";"1";"1";"1";""
"202400022057";"155742969";"A01";"2";"36";"0";"0";"9";"1";"1";""
"202400022058";"155742968";"A01";"1";"7";"0";"2";"6";"2";"1";""
"202400022058";"155742970";"B01";"1";"7";"0";"2";"2";"21";"1";""
"202400022059";"155742967";"B01";"2";"7";"0";"2";"8";"1";"1";""
"202400022059";"155742972";"A01";"1";"7";"0";"2";"1";"1";"1";""
"202400022060";"155742965";"A01";"1";"7";"0";"2";"1";"2";"1";""
"202400022060";"155742966";"B01";"1";"7";"0";"2";"4";"1";"1";""
"202400022061";"155742961";"A01";"1";"17";"0";"0";"0";"2";"1";""
"202400022061";"155742964";"B01";"1";"33";"0";"9";"1";"2";"1";""
"202400022062";"155742958";"B01";"2";"1";"0";"2";"7";"1";"5";""
"202400022062";"155742960";"A01";"2";"7";"0";"2";"2";"0";"1";""
"202400022063";"155742963";"A01";"2";"7";"0";"1";"1";"1";"1";""
"202400022064";"155742959";"A01";"1";"7";"0";"2";"2";"15";"1";""
"202400022064";"155742962";"B01";"2";"33";"0";"2";"1";"1";"1";""
"202400022065";"155742956";"A01";"1";"7";"0";"2";"5";"12";"1";""
"202400022065";"155742957";"B01";"1";"32";"0";"2";"8";"3";"1";""
"202400022066";"155742954";"A01";"1";"2";"0";"0";"7";"1";"1";""
"202400022067";"155742955";"A01";"2";"2";"15";"0";"1";"1";"1";""
"202400022068";"155742952";"A01";"1";"17";"4";"0";"0";"0";"1";""
"202400022069";"155742951";"Z01";"1";"7";"0";"2";"1";"9";"1";""
"202400022069";"155742953";"A01";"3";"50";"0";"2";"2";"1";"3";""
"202400022070";"155742950";"A01";"1";"33";"0";"0";"3";"16";"1";""
"202400022071";"155742949";"A01";"2";"7";"6";"0";"1";"1";"1";""
"202400022072";"155742948";"A01";"1";"7";"4";"0";"8";"1";"1";""
"202400022073";"155742942";"B01";"1";"30";"0";"2";"0";"0";"0";""
"202400022073";"155742946";"A01";"1";"7";"0";"2";"3";"0";"6";""
"202400022074";"155742944";"A01";"1";"7";"0";"2";"5";"15";"1";""
"202400022074";"155742947";"B01";"2";"30";"0";"2";"1";"1";"1";""
"202400022075";"155742941";"A01";"1";"7";"0";"2";"3";"1";"1";""
"202400022075";"155742945";"B01";"1";"7";"0";"2";"3";"1";"1";""
"202400022076";"155742940";"B01";"1";"7";"0";"2";"3";"2";"1";""
"202400022076";"155742943";"A01";"1";"7";"0";"2";"2";"14";"1";""
"202400022077";"155742938";"A01";"1";"33";"9";"0";"1";"26";"1";""
"202400022078";"155742937";"A01";"1";"2";"0";"2";"1";"1";"1";""
"202400022078";"155742939";"B01";"2";"7";"0";"2";"3";"15";"1";""
"202400022079";"155742934";"A01";"2";"7";"0";"2";"1";"1";"1";""
"202400022079";"155742936";"B01";"3";"7";"0";"2";"3";"9";"1";""
"202400022080";"155742933";"A01";"1";"7";"0";"2";"4";"2";"1";""
"202400022080";"155742935";"Z01";"1";"7";"0";"2";"1";"1";"1";""
"202400022081";"155742932";"A01";"1";"2";"0";"1";"1";"17";"1";""
"202400022082";"155742931";"A01";"1";"7";"8";"0";"1";"1";"1";""
"202400022083";"155742926";"B01";"1";"33";"0";"2";"2";"17";"1";""
"202400022083";"155742930";"A01";"1";"7";"0";"2";"8";"15";"1";""
"202400022084";"155742927";"B01";"1";"33";"0";"2";"8";"3";"1";""
"202400022084";"155742929";"A01";"1";"7";"0";"2";"7";"14";"1";""
"202400022085";"155742924";"A01";"1";"10";"0";"2";"1";"9";"1";""
"202400022085";"155742928";"B01";"1";"2";"0";"2";"0";"1";"1";""
"202400022086";"155742923";"A01";"3";"7";"0";"2";"1";"13";"1";""
"202400022086";"155742925";"B01";"3";"7";"0";"2";"1";"1";"2";""
"202400022087";"155742922";"A01";"1";"7";"17";"0";"2";"1";"1";""
"202400022088";"155742919";"A01";"2";"7";"0";"2";"1";"17";"1";""
"202400022088";"155742921";"B01";"1";"10";"0";"2";"1";"1";"1";""
"202400022089";"155742918";"A01";"3";"7";"0";"9";"1";"15";"1";""
"202400022089";"155742920";"B01";"3";"1";"0";"2";"7";"1";"5";""
"202400022090";"155742913";"B01";"1";"7";"0";"2";"1";"21";"1";""
"202400022090";"155742915";"A01";"1";"10";"0";"2";"1";"15";"1";""
"202400022091";"155742912";"A01";"1";"7";"13";"0";"0";"1";"1";""
"202400022092";"155742911";"A01";"2";"15";"0";"0";"0";"15";"1";""
"202400022093";"155742910";"A01";"2";"7";"0";"1";"2";"1";"1";""
"202400022094";"155742908";"A01";"3";"7";"13";"0";"1";"1";"1";""
"202400022095";"155742914";"A01";"1";"7";"0";"2";"1";"15";"2";""
"202400022095";"155742916";"B01";"2";"7";"0";"2";"1";"1";"1";""
"202400022096";"155742904";"A01";"1";"7";"1";"1";"3";"1";"1";""
"202400022097";"155742905";"A01";"2";"7";"0";"2";"4";"2";"1";""
"202400022097";"155742906";"B01";"2";"7";"0";"2";"1";"2";"1";""
"202400022098";"155742907";"A01";"3";"7";"0";"9";"3";"9";"1";""
"202400022098";"155742909";"B01";"3";"1";"0";"2";"1";"1";"5";""
"202400022099";"155742903";"A01";"1";"7";"9";"0";"2";"0";"1";""
"202400022100";"155742901";"A01";"2";"7";"0";"1";"1";"15";"1";""
"202400022101";"155742898";"A01";"3";"7";"0";"2";"1";"9";"1";""
"202400022101";"155742902";"B01";"3";"7";"0";"2";"8";"21";"1";""
"202400022102";"155742899";"A01";"1";"7";"0";"1";"1";"1";"2";""
"202400022103";"155742897";"A01";"1";"7";"0";"2";"3";"1";"1";""
"202400022103";"155742900";"B01";"1";"15";"0";"0";"6";"1";"1";""
"202400022104";"155742893";"A01";"2";"7";"0";"0";"8";"1";"1";""
"202400022104";"155742895";"B01";"2";"7";"0";"0";"1";"1";"1";""
"202400022104";"155742896";"C01";"1";"7";"0";"2";"1";"13";"2";""
"202400022105";"155742892";"A01";"1";"7";"0";"2";"1";"1";"1";""
"202400022105";"155742894";"B01";"1";"7";"0";"2";"4";"1";"1";""
"202400022106";"155742891";"A01";"1";"33";"0";"0";"0";"17";"1";""
"202400022107";"155742889";"A01";"1";"38";"0";"1";"7";"2";"1";"1"
"202400022108";"155742888";"A01";"1";"7";"0";"2";"3";"13";"1";""
"202400022108";"155742890";"B01";"2";"7";"0";"2";"3";"1";"0";""
"202400022109";"155742885";"B01";"1";"7";"0";"2";"8";"24";"1";""
"202400022109";"155742887";"A01";"1";"2";"1";"0";"8";"14";"1";""
"202400022110";"155742882";"A01";"1";"7";"4";"0";"1";"21";"1";""
"202400022111";"155742881";"A01";"1";"7";"0";"2";"1";"9";"1";""
"202400022111";"155742884";"B01";"1";"7";"0";"2";"2";"1";"1";""
"202400022112";"155742877";"A01";"2";"7";"0";"5";"2";"1";"1";""
"202400022113";"155742878";"A01";"3";"33";"12";"0";"7";"16";"1";""
"202400022114";"155742876";"A01";"1";"7";"0";"2";"1";"1";"1";""
"202400022114";"155742879";"B01";"2";"30";"0";"2";"1";"13";"1";""
"202400022115";"155742875";"A01";"1";"7";"0";"2";"7";"1";"1";""
"202400022115";"155742880";"B01";"1";"10";"0";"2";"1";"1";"3";""
"202400022116";"155742874";"A01";"1";"1";"9";"0";"1";"1";"5";""
"202400022117";"155742872";"A01";"0";"7";"0";"1";"0";"26";"0";""
"202400022118";"155742869";"A01";"2";"33";"0";"2";"1";"9";"1";""
"202400022118";"155742873";"B01";"1";"7";"0";"2";"3";"19";"1";""
"202400022119";"155742867";"A01";"3";"7";"0";"2";"1";"9";"1";""
"202400022119";"155742870";"B01";"2";"7";"0";"2";"2";"1";"1";""
"202400022120";"155742866";"A01";"2";"33";"0";"2";"3";"1";"1";""
"202400022120";"155742868";"B01";"1";"7";"0";"2";"3";"20";"3";""
"202400022121";"155742863";"A01";"2";"33";"0";"2";"5";"13";"1";""
"202400022121";"155742864";"B01";"2";"7";"0";"2";"6";"17";"1";""
"202400022122";"155742865";"A01";"1";"7";"3";"0";"2";"1";"1";""
"202400022123";"155742861";"A01";"3";"7";"2";"0";"0";"1";"0";""
"202400022124";"155742860";"B01";"1";"7";"0";"0";"3";"1";"1";""
"202400022124";"155742862";"A01";"2";"2";"0";"2";"1";"13";"1";""
"202400022125";"155742859";"A01";"2";"7";"0";"1";"3";"15";"1";""
"202400022126";"155742858";"A01";"0";"7";"1";"0";"2";"14";"1";""
"202400022127";"155742856";"A01";"2";"32";"0";"0";"8";"13";"1";""
"202400022127";"155742857";"B01";"1";"10";"0";"2";"8";"1";"1";""
"202400022128";"155742855";"A01";"2";"50";"0";"0";"0";"0";"3";""
"202400022129";"155742854";"Z01";"1";"32";"0";"1";"1";"0";"1";""
"202400022130";"155742853";"A01";"3";"33";"8";"2";"1";"26";"1";""
"202400022131";"155742852";"A01";"1";"7";"4";"0";"3";"12";"1";""
"202400022132";"155742850";"A01";"1";"7";"0";"2";"3";"1";"1";""
"202400022132";"155742851";"B01";"1";"33";"0";"2";"1";"17";"1";""
"202400022133";"155742849";"A01";"3";"2";"14";"0";"3";"0";"1";""
"202400022134";"155742848";"A01";"1";"7";"7";"0";"1";"16";"3";""
"202400022135";"155742845";"B01";"1";"33";"0";"2";"1";"1";"1";""
"202400022135";"155742846";"A01";"2";"7";"0";"2";"1";"0";"1";""
"202400022136";"155742844";"A01";"2";"7";"0";"2";"2";"16";"1";""
"202400022136";"155742847";"B01";"2";"33";"8";"2";"1";"1";"1";""
"202400022137";"155742842";"A01";"0";"7";"8";"0";"1";"1";"1";""
"202400022137";"155742843";"B01";"0";"7";"0";"2";"3";"21";"1";""
"202400022138";"155742841";"A01";"1";"7";"6";"0";"1";"1";"1";""
"202400022139";"155742840";"A01";"1";"7";"0";"1";"1";"1";"0";""
"202400022140";"155742839";"A01";"0";"7";"0";"1";"1";"1";"1";""
"202400022141";"155742837";"A01";"2";"50";"0";"2";"1";"1";"3";""
"202400022141";"155742838";"B01";"1";"7";"0";"2";"8";"15";"2";""
"202400022142";"155742834";"B01";"3";"50";"0";"2";"8";"26";"3";""
"202400022142";"155742836";"A01";"3";"7";"0";"0";"8";"26";"1";""
"202400022143";"155742835";"A01";"1";"37";"0";"1";"5";"16";"0";"1"
"202400022144";"155742832";"B01";"2";"33";"0";"0";"8";"1";"1";""
"202400022144";"155742833";"A01";"2";"7";"0";"2";"2";"9";"1";""
"202400022145";"155742828";"A01";"3";"7";"0";"2";"1";"1";"1";""
"202400022145";"155742831";"B01";"3";"7";"0";"2";"1";"1";"3";""
"202400022146";"155742829";"B01";"3";"1";"0";"2";"4";"1";"5";""
"202400022146";"155742830";"A01";"3";"7";"0";"2";"3";"1";"1";""
"202400022147";"155742827";"A01";"1";"32";"0";"1";"1";"17";"1";""
"202400022148";"155742825";"A01";"3";"31";"0";"0";"1";"26";"1";""
"202400022149";"155742823";"B01";"1";"7";"0";"2";"3";"15";"1";""
"202400022149";"155742824";"A01";"1";"33";"0";"2";"1";"17";"1";""
"202400022150";"155742822";"A01";"3";"7";"0";"2";"1";"9";"1";""
"202400022150";"155742826";"B01";"3";"50";"0";"2";"7";"1";"3";""
"202400022151";"155742821";"A01";"1";"30";"0";"1";"1";"15";"1";""
"202400022152";"155742819";"A01";"3";"2";"0";"2";"1";"11";"1";""
"202400022152";"155742820";"B01";"3";"7";"0";"2";"1";"1";"1";""
"202400022153";"155742818";"A01";"1";"7";"0";"1";"1";"1";"1";""
"202400022154";"155742817";"A01";"3";"7";"0";"1";"0";"0";"1";""
"202400022155";"155742814";"A01";"2";"1";"0";"2";"1";"2";"5";""
"202400022155";"155742816";"B01";"2";"1";"0";"2";"4";"1";"5";""
"202400022156";"155742813";"A01";"2";"7";"0";"2";"1";"1";"1";""
"202400022156";"155742815";"B01";"1";"1";"0";"2";"8";"19";"5";""
"202400022157";"155742809";"B01";"2";"7";"0";"2";"2";"19";"1";""
"202400022157";"155742812";"A01";"3";"7";"0";"2";"1";"1";"1";""
"202400022158";"155742810";"B01";"2";"7";"0";"4";"8";"15";"1";""
"202400022158";"155742811";"A01";"2";"40";"0";"2";"1";"1";"3";""
"202400022159";"155742807";"B01";"0";"33";"0";"2";"1";"1";"1";""
"202400022159";"155742808";"A01";"0";"7";"0";"2";"0";"16";"1";""
"202400022160";"155742804";"A01";"3";"7";"0";"1";"2";"26";"1";""
"202400022161";"155742805";"A01";"3";"2";"0";"2";"1";"13";"1";""
"202400022161";"155742806";"B01";"0";"10";"0";"2";"3";"13";"1";""
"202400022162";"155742803";"A01";"2";"7";"0";"1";"1";"1";"2";""
"202400022163";"155742802";"A01";"2";"7";"0";"1";"1";"1";"1";""
"202400022164";"155742801";"A01";"1";"7";"0";"0";"1";"1";"1";""
"202400022165";"155742800";"A01";"1";"7";"0";"1";"3";"1";"2";""
"202400022166";"155742798";"A01";"2";"7";"6";"0";"1";"19";"1";""
"202400022167";"155742795";"A01";"1";"7";"0";"2";"4";"2";"1";""
"202400022167";"155742797";"C01";"1";"7";"0";"2";"1";"2";"1";""
"202400022167";"155742799";"B01";"1";"7";"0";"2";"1";"2";"1";""
"202400022168";"155742794";"A01";"2";"7";"0";"2";"2";"15";"1";""
"202400022168";"155742796";"B01";"1";"38";"0";"2";"1";"1";"1";"1"
"202400022169";"155742791";"A01";"1";"7";"0";"2";"3";"15";"1";""
"202400022169";"155742793";"B01";"2";"7";"0";"2";"3";"1";"2";""
"202400022170";"155742787";"D01";"2";"7";"0";"2";"1";"1";"1";""
"202400022170";"155742789";"B01";"2";"7";"0";"2";"4";"1";"1";""
"202400022170";"155742790";"C01";"2";"7";"0";"2";"4";"1";"1";""
"202400022170";"155742792";"A01";"2";"7";"0";"2";"4";"1";"2";""
"202400022171";"155742786";"A01";"0";"33";"0";"9";"1";"1";"1";""
"202400022171";"155742788";"B01";"0";"80";"0";"2";"8";"19";"3";""
"202400022172";"155742784";"B01";"3";"7";"0";"2";"6";"1";"1";""
"202400022172";"155742785";"A01";"3";"7";"0";"2";"1";"1";"1";""
"202400022173";"155742781";"A01";"1";"34";"0";"2";"1";"9";"1";""
"202400022173";"155742783";"B01";"1";"7";"0";"2";"2";"1";"1";""
"202400022174";"155742780";"B01";"2";"2";"0";"2";"1";"1";"1";""
"202400022174";"155742782";"A01";"2";"7";"2";"2";"3";"17";"1";""
"202400022175";"155742778";"A01";"3";"7";"0";"1";"1";"1";"1";""
"202400022176";"155742776";"A01";"3";"7";"0";"2";"1";"5";"1";""
"202400022176";"155742777";"B01";"3";"7";"0";"2";"1";"9";"1";""
"202400022177";"155742773";"A01";"1";"7";"0";"1";"1";"1";"1";""
"202400022178";"155742772";"A01";"1";"7";"11";"0";"2";"14";"1";""
"202400022179";"155742771";"C01";"1";"7";"0";"2";"4";"2";"1";""
"202400022179";"155742774";"D01";"1";"7";"0";"2";"4";"2";"1";""
"202400022179";"155742775";"A01";"1";"15";"0";"2";"1";"2";"1";""
"202400022179";"155742779";"B01";"1";"10";"0";"2";"4";"2";"1";""
"202400022180";"155742768";"A01";"1";"7";"0";"2";"3";"1";"1";""
"202400022180";"155742770";"B01";"1";"50";"0";"2";"7";"19";"3";""
"202400022181";"155742767";"A01";"1";"7";"0";"2";"8";"9";"1";""
"202400022181";"155742769";"B01";"1";"2";"0";"2";"7";"1";"1";""
"202400022182";"155742763";"A01";"3";"1";"0";"2";"0";"1";"5";""
"202400022182";"155742765";"B01";"3";"10";"0";"2";"0";"0";"1";""
"202400022183";"155742762";"A01";"2";"7";"0";"1";"0";"1";"1";""
"202400022184";"155742761";"A01";"2";"10";"0";"2";"1";"2";"1";""
"202400022184";"155742764";"B01";"2";"7";"0";"2";"4";"1";"1";""
"202400022184";"155742766";"C01";"2";"7";"0";"2";"2";"0";"1";""
"202400022185";"155742758";"A01";"3";"32";"0";"2";"3";"1";"1";""
"202400022185";"155742760";"B01";"3";"7";"0";"2";"6";"21";"1";""
"202400022186";"155742757";"B01";"1";"30";"0";"2";"7";"16";"1";""
"202400022186";"155742759";"A01";"1";"7";"0";"2";"3";"9";"3";""
"202400022187";"155742752";"B01";"2";"15";"0";"2";"6";"1";"1";""
"202400022187";"155742756";"A01";"2";"33";"0";"2";"2";"3";"1";""
"202400022188";"155742753";"A01";"2";"7";"0";"2";"8";"9";"1";""
"202400022188";"155742755";"B01";"2";"2";"0";"2";"2";"1";"1";""
"202400022189";"155742751";"B01";"2";"7";"0";"2";"3";"1";"1";""
"202400022189";"155742754";"A01";"1";"7";"0";"2";"3";"13";"1";""
"202400022190";"155742747";"A01";"1";"7";"0";"1";"2";"1";"1";""
"202400022191";"155742746";"A01";"0";"30";"0";"0";"2";"1";"1";""
"202400022192";"155742745";"C01";"2";"10";"0";"2";"4";"2";"1";""