"Num_Acc";"id_vehicule";"num_veh";"senc";"catv";"obs";"obsm";"choc";"manv";"motor";"occutc"
"202400022192";"155742748";"D01";"2";"7";"0";"2";"4";"2";"1";""
"202400022192";"155742749";"A01";"2";"7";"0";"2";"1";"2";"1";""
"202400022192";"155742750";"B01";"2";"7";"0";"2";"4";"2";"1";""
"202400022193";"155742743";"A01";"3";"1";"0";"0";"1";"16";"5";""
"202400022194";"155742741";"A01";"1";"7";"0";"2";"1";"9";"1";""
"202400022194";"155742744";"B01";"2";"50";"0";"2";"7";"1";"3";""
"202400022195";"155742736";"A01";"1";"7";"0";"1";"2";"1";"1";""
"202400022196";"155742737";"B01";"2";"1";"0";"2";"5";"2";"5";""
"202400022196";"155742739";"A01";"2";"7";"0";"2";"1";"2";"1";""
"202400022197";"155742735";"C01";"2";"7";"0";"2";"6";"11";"1";""
"202400022197";"155742738";"D01";"2";"7";"0";"9";"0";"0";"1";""
"202400022197";"155742740";"A01";"2";"15";"0";"2";"1";"2";"1";""
"202400022197";"155742742";"B01";"2";"7";"0";"2";"4";"2";"2";""
"202400022198";"155742733";"A01";"3";"7";"0";"1";"3";"1";"1";""
"202400022199";"155742730";"A01";"1";"7";"0";"0";"2";"1";"1";""
"202400022200";"155742729";"A01";"3";"7";"0";"2";"7";"16";"1";""
"202400022200";"155742731";"B01";"3";"50";"0";"2";"1";"1";"3";""
"202400022201";"155742726";"A01";"2";"10";"0";"2";"1";"2";"1";""
"202400022201";"155742728";"B01";"1";"7";"0";"2";"4";"15";"1";""
"202400022202";"155742724";"A01";"1";"10";"0";"1";"3";"15";"1";""
"202400022203";"155742725";"A01";"2";"7";"0";"2";"1";"2";"1";""
"202400022203";"155742727";"B01";"2";"7";"0";"2";"4";"2";"1";""
"202400022203";"155742732";"C01";"2";"7";"0";"2";"1";"2";"1";""
"202400022204";"155742722";"B01";"1";"33";"0";"2";"1";"17";"1";""
"202400022204";"155742723";"A01";"1";"7";"0";"2";"8";"15";"1";""
"202400022205";"155742721";"A01";"1";"7";"0";"1";"2";"1";"1";""
"202400022206";"155742718";"A01";"1";"7";"0";"2";"3";"9";"1";""
"202400022206";"155742720";"B01";"1";"2";"0";"2";"7";"1";"1";""
"202400022207";"155742716";"B01";"2";"7";"0";"2";"3";"1";"1";""
"202400022207";"155742717";"A01";"2";"17";"0";"2";"7";"12";"1";""
"202400022208";"155742714";"A01";"2";"7";"0";"2";"1";"2";"1";""
"202400022208";"155742719";"B01";"2";"7";"0";"2";"4";"2";"3";""
"202400022209";"155742713";"B01";"1";"1";"0";"2";"1";"0";"5";""
"202400022209";"155742715";"A01";"1";"7";"0";"9";"1";"0";"1";""
"202400022210";"155742712";"A01";"2";"7";"0";"1";"1";"15";"1";""
"202400022211";"155742707";"A01";"2";"7";"0";"2";"1";"2";"2";""
"202400022211";"155742710";"B01";"2";"7";"0";"2";"4";"2";"1";""
"202400022211";"155742711";"C01";"2";"7";"0";"2";"4";"2";"1";""
"202400022212";"155742706";"B01";"0";"7";"0";"0";"0";"0";"1";""
"202400022212";"155742709";"A01";"3";"30";"1";"0";"1";"14";"1";""
"202400022213";"155742705";"A01";"2";"33";"0";"2";"3";"21";"1";""
"202400022213";"155742708";"B01";"1";"7";"0";"2";"5";"10";"1";""
"202400022214";"155742704";"A01";"2";"33";"9";"0";"1";"1";"1";""
"202400022215";"155742703";"A01";"1";"7";"0";"1";"1";"1";"1";""
"202400022216";"155742702";"A01";"1";"7";"0";"1";"3";"1";"1";""
"202400022217";"155742700";"A01";"2";"7";"4";"2";"2";"1";"1";""
"202400022217";"155742701";"B01";"2";"7";"4";"2";"6";"1";"1";""
"202400022218";"155742696";"A01";"1";"7";"1";"2";"3";"15";"1";""
"202400022218";"155742698";"B01";"2";"1";"0";"2";"1";"1";"5";""
"202400022219";"155742695";"A01";"1";"7";"0";"2";"6";"2";"2";""
"202400022219";"155742697";"B01";"1";"34";"0";"2";"1";"2";"1";""
"202400022219";"155742699";"C01";"1";"7";"0";"2";"0";"0";"1";""
"202400022220";"155742692";"A01";"1";"7";"3";"2";"1";"2";"1";""
"202400022220";"155742694";"B01";"1";"7";"3";"2";"4";"2";"1";""
"202400022221";"155742691";"A01";"2";"7";"6";"0";"1";"15";"1";""
"202400022222";"155742688";"B01";"1";"7";"0";"2";"4";"2";"1";""
"202400022222";"155742690";"C01";"1";"7";"0";"2";"4";"2";"1";""
"202400022222";"155742693";"A01";"1";"13";"0";"2";"1";"2";"1";""
"202400022223";"155742687";"A01";"2";"50";"0";"0";"0";"16";"3";""
"202400022224";"155742685";"B01";"1";"7";"0";"2";"5";"2";"1";""
"202400022224";"155742686";"A01";"1";"33";"0";"2";"3";"3";"1";""
"202400022224";"155742689";"C01";"1";"7";"0";"2";"6";"1";"1";""
"202400022225";"155742683";"A01";"1";"7";"8";"0";"1";"1";"1";""
"202400022226";"155742681";"A01";"0";"7";"0";"2";"3";"9";"1";""
"202400022226";"155742684";"B01";"2";"2";"0";"2";"1";"17";"1";""
"202400022227";"155742680";"B01";"1";"2";"0";"2";"1";"1";"1";""
"202400022227";"155742682";"A01";"1";"7";"0";"2";"5";"15";"1";""
"202400022228";"155742678";"A01";"1";"7";"0";"1";"2";"1";"1";""
"202400022229";"155742674";"B01";"2";"30";"0";"2";"4";"2";"1";""
"202400022229";"155742676";"A01";"2";"30";"0";"2";"1";"2";"1";""
"202400022230";"155742673";"D01";"2";"7";"0";"2";"4";"2";"2";""
"202400022230";"155742675";"B01";"2";"7";"0";"2";"6";"2";"0";""
"202400022230";"155742677";"C01";"2";"7";"0";"2";"4";"2";"0";""
"202400022230";"155742679";"A01";"2";"7";"0";"2";"2";"2";"2";""
"202400022231";"155742671";"A01";"2";"7";"8";"2";"1";"6";"1";""
"202400022231";"155742672";"B01";"1";"7";"0";"2";"0";"0";"1";""
"202400022232";"155742670";"A01";"1";"7";"1";"0";"2";"14";"1";""
"202400022233";"155742668";"B01";"2";"43";"0";"2";"1";"3";"1";""
"202400022233";"155742669";"A01";"2";"15";"0";"2";"0";"12";"1";""
"202400022234";"155742665";"A01";"1";"7";"0";"2";"7";"1";"1";""
"202400022234";"155742667";"B01";"1";"7";"0";"2";"1";"1";"1";""
"202400022235";"155742664";"A01";"1";"7";"1";"0";"1";"1";"1";""
"202400022236";"155742663";"A01";"1";"7";"0";"2";"1";"1";"1";""
"202400022236";"155742666";"B01";"1";"2";"0";"2";"4";"1";"1";""
"202400022237";"155742661";"A01";"1";"7";"0";"2";"1";"1";"1";""
"202400022237";"155742662";"B01";"1";"7";"0";"2";"5";"9";"1";""
"202400022238";"155742660";"A01";"1";"1";"12";"0";"0";"0";"5";""
"202400022239";"155742656";"B01";"1";"7";"0";"2";"1";"1";"1";""
"202400022239";"155742659";"A01";"1";"30";"0";"2";"3";"19";"1";""
"202400022240";"155742657";"A01";"3";"33";"1";"0";"2";"14";"1";""
"202400022241";"155742655";"B01";"3";"1";"0";"2";"2";"1";"5";""
"202400022241";"155742658";"A01";"3";"7";"0";"2";"3";"9";"1";""
"202400022242";"155742653";"A01";"2";"7";"0";"1";"2";"1";"1";""
"202400022243";"155742650";"A01";"3";"7";"0";"2";"1";"1";"1";""
"202400022243";"155742652";"B01";"3";"7";"0";"2";"4";"1";"1";""
"202400022243";"155742654";"C01";"3";"7";"0";"2";"4";"2";"1";""
"202400022244";"155742649";"Z01";"1";"7";"0";"2";"7";"12";"1";""
"202400022244";"155742651";"B01";"1";"7";"0";"2";"8";"1";"1";""
"202400022245";"155742647";"B01";"0";"14";"0";"2";"1";"1";"1";""
"202400022245";"155742648";"A01";"3";"7";"0";"0";"4";"15";"1";""
"202400022246";"155742644";"B01";"3";"7";"0";"2";"4";"2";"1";""
"202400022246";"155742646";"A01";"3";"7";"0";"2";"1";"2";"1";""
"202400022247";"155742645";"A01";"2";"7";"2";"0";"9";"1";"1";""
"202400022248";"155742641";"B01";"1";"33";"0";"0";"0";"1";"1";""
"202400022249";"155742640";"A01";"1";"7";"0";"2";"1";"1";"1";""
"202400022249";"155742643";"B01";"1";"7";"0";"2";"8";"1";"1";""
"202400022250";"155742639";"A01";"2";"7";"0";"2";"1";"1";"1";""
"202400022250";"155742642";"B01";"2";"80";"0";"2";"7";"19";"3";""
"202400022251";"155742635";"B01";"1";"2";"0";"2";"4";"15";"1";""
"202400022251";"155742638";"Z01";"1";"7";"0";"2";"3";"1";"1";""
"202400022252";"155742633";"A01";"1";"10";"0";"2";"2";"1";"1";""
"202400022252";"155742637";"B01";"0";"7";"0";"2";"3";"1";"1";""
"202400022253";"155742634";"A01";"1";"7";"0";"2";"2";"15";"1";""
"202400022253";"155742636";"B01";"1";"32";"0";"2";"1";"1";"1";""
"202400022254";"155742629";"B01";"1";"7";"0";"2";"1";"1";"1";""
"202400022254";"155742632";"A01";"2";"7";"16";"0";"8";"1";"1";""
"202400022255";"155742627";"A01";"2";"30";"0";"2";"1";"2";"1";""
"202400022255";"155742630";"B01";"2";"7";"0";"2";"5";"1";"1";""
"202400022256";"155742623";"A01";"1";"7";"0";"2";"1";"2";"1";""
"202400022256";"155742625";"B01";"1";"31";"0";"2";"4";"2";"1";""
"202400022256";"155742626";"C01";"1";"7";"0";"2";"4";"2";"1";""
"202400022256";"155742628";"D01";"1";"7";"0";"2";"4";"2";"1";""
"202400022256";"155742631";"E01";"1";"7";"0";"0";"4";"2";"1";""
"202400022257";"155742621";"A01";"2";"7";"0";"2";"1";"13";"1";""
"202400022257";"155742624";"B01";"1";"7";"0";"2";"1";"1";"1";""
"202400022258";"155742622";"A01";"2";"60";"1";"0";"2";"0";"5";""
"202400022259";"155742618";"A01";"2";"7";"0";"1";"1";"15";"1";""
"202400022260";"155742617";"B01";"1";"38";"0";"2";"3";"1";"1";"2"
"202400022260";"155742619";"A01";"2";"10";"0";"2";"2";"1";"1";""
"202400022261";"155742616";"A01";"1";"33";"0";"0";"0";"2";"1";""
"202400022262";"155742615";"A01";"3";"7";"0";"2";"7";"19";"1";""
"202400022262";"155742620";"B01";"3";"10";"0";"2";"1";"1";"1";""
"202400022263";"155742613";"B01";"0";"33";"0";"2";"7";"1";"1";""
"202400022263";"155742614";"A01";"3";"7";"0";"2";"8";"11";"2";""
"202400022264";"155742612";"A01";"1";"7";"0";"1";"1";"17";"2";""
"202400022265";"155742609";"A01";"3";"7";"0";"2";"1";"2";"1";""
"202400022265";"155742611";"B01";"3";"7";"0";"2";"4";"2";"1";""
"202400022266";"155742607";"A01";"0";"7";"0";"2";"8";"0";"1";""
"202400022266";"155742610";"B01";"0";"50";"0";"2";"1";"0";"3";""
"202400022267";"155742604";"A01";"2";"7";"0";"2";"1";"1";"3";""
"202400022268";"155742603";"D01";"3";"10";"0";"2";"1";"1";"1";""
"202400022268";"155742605";"C01";"3";"10";"0";"2";"4";"1";"1";""
"202400022268";"155742606";"A01";"3";"7";"0";"2";"1";"1";"2";""
"202400022268";"155742608";"B01";"3";"31";"0";"2";"1";"1";"1";""
"202400022269";"155742601";"A01";"1";"33";"0";"2";"1";"1";"1";""
"202400022269";"155742602";"B01";"1";"7";"0";"2";"4";"1";"1";""
"202400022270";"155742599";"A01";"1";"43";"12";"0";"1";"14";"1";""
"202400022271";"155742598";"B01";"0";"7";"0";"2";"4";"23";"1";""
"202400022271";"155742600";"A01";"0";"33";"0";"2";"1";"1";"1";""
"202400022272";"155742596";"B01";"3";"10";"0";"2";"5";"15";"0";""
"202400022272";"155742597";"A01";"3";"7";"0";"2";"5";"2";"1";""
"202400022273";"155742594";"A01";"3";"7";"0";"1";"0";"2";"1";""
"202400022274";"155742593";"A01";"2";"1";"0";"2";"1";"15";"5";""
"202400022274";"155742595";"B01";"1";"7";"0";"2";"1";"12";"1";""
"202400022275";"155742590";"A01";"0";"2";"0";"2";"1";"1";"3";""
"202400022275";"155742592";"B01";"0";"7";"0";"2";"4";"1";"2";""
"202400022276";"155742589";"B01";"0";"50";"0";"0";"0";"0";"3";""
"202400022276";"155742591";"A01";"0";"10";"0";"9";"1";"1";"1";""
"202400022277";"155742587";"B01";"2";"50";"0";"2";"1";"1";"3";""
"202400022277";"155742588";"A01";"1";"7";"0";"2";"3";"16";"2";""
"202400022278";"155742586";"A01";"0";"7";"16";"0";"0";"26";"1";""
"202400022279";"155742585";"A01";"3";"7";"2";"0";"1";"1";"1";""
"202400022280";"155742582";"A01";"3";"7";"0";"1";"2";"1";"1";""
"202400022281";"155742580";"B01";"3";"7";"0";"2";"2";"2";"2";""
"202400022281";"155742583";"A01";"3";"10";"0";"2";"1";"9";"1";""
"202400022282";"155742581";"A01";"2";"7";"0";"9";"8";"22";"1";""
"202400022282";"155742584";"B01";"2";"50";"1";"0";"1";"1";"3";""
"202400022283";"155742579";"A01";"3";"7";"0";"1";"1";"26";"1";""
"202400022284";"155742576";"A01";"1";"7";"0";"9";"2";"15";"1";""
"202400022284";"155742577";"B01";"2";"1";"0";"2";"1";"0";"5";""
"202400022285";"155742574";"B01";"1";"2";"0";"2";"8";"1";"1";""
"202400022285";"155742575";"A01";"2";"7";"0";"2";"1";"15";"1";""
"202400022286";"155742573";"A01";"1";"7";"0";"9";"4";"23";"1";""
"202400022286";"155742578";"B01";"1";"17";"0";"2";"1";"1";"1";""
"202400022287";"155742571";"A01";"1";"2";"0";"0";"0";"1";"1";""
"202400022288";"155742570";"A01";"2";"43";"0";"2";"2";"1";"1";""
"202400022288";"155742572";"B01";"1";"7";"0";"2";"3";"16";"1";""
"202400022289";"155742567";"A01";"2";"80";"12";"0";"1";"14";"3";""
"202400022290";"155742566";"B01";"1";"7";"0";"2";"2";"1";"1";""
"202400022290";"155742569";"A01";"1";"7";"0";"2";"3";"26";"1";""
"202400022291";"155742565";"B01";"1";"10";"16";"0";"4";"15";"1";""
"202400022291";"155742568";"A01";"1";"33";"0";"2";"1";"3";"1";""
"202400022292";"155742564";"A01";"2";"7";"0";"1";"2";"15";"1";""
"202400022293";"155742561";"A01";"1";"32";"0";"0";"1";"1";"1";""
"202400022294";"155742560";"A01";"1";"1";"1";"0";"1";"26";"5";""
"202400022294";"155742563";"B01";"2";"31";"1";"0";"3";"24";"1";""
"202400022295";"155742559";"B01";"2";"1";"0";"9";"3";"0";"5";""
"202400022295";"155742562";"A01";"1";"50";"0";"9";"3";"1";"3";""
"202400022296";"155742556";"B01";"3";"1";"14";"2";"1";"21";"5";""
"202400022296";"155742558";"A01";"3";"7";"0";"2";"4";"4";"0";""
"202400022297";"155742554";"A01";"3";"10";"0";"9";"0";"26";"1";""
"202400022297";"155742557";"B01";"3";"50";"0";"9";"0";"0";"3";""
"202400022298";"155742550";"A01";"2";"43";"0";"2";"3";"1";"1";""
"202400022298";"155742553";"Z01";"2";"7";"0";"2";"0";"26";"2";""
"202400022299";"155742552";"A01";"1";"33";"0";"2";"1";"17";"1";""
"202400022299";"155742555";"B01";"2";"7";"0";"2";"3";"15";"1";""
"202400022300";"155742551";"A01";"1";"10";"0";"1";"2";"0";"0";""
"202400022301";"155742548";"A01";"3";"7";"0";"2";"4";"26";"1";""
"202400022301";"155742549";"B01";"3";"30";"0";"2";"1";"2";"1";""
"202400022302";"155742547";"A01";"1";"2";"0";"0";"8";"1";"3";""
"202400022303";"155742544";"A01";"1";"7";"0";"2";"2";"15";"1";""
"202400022303";"155742546";"B01";"2";"50";"0";"2";"8";"25";"3";""
"202400022304";"155742541";"B01";"3";"7";"0";"2";"3";"1";"1";""
"202400022304";"155742543";"A01";"3";"7";"0";"2";"3";"15";"1";""
"202400022305";"155742540";"B01";"1";"33";"0";"2";"7";"2";"1";""
"202400022305";"155742542";"A01";"1";"99";"0";"2";"3";"2";"1";""
"202400022306";"155742539";"B01";"1";"80";"0";"2";"1";"1";"3";""
"202400022306";"155742545";"A01";"2";"7";"0";"9";"3";"19";"1";""
"202400022307";"155742534";"B01";"2";"33";"0";"2";"4";"23";"1";""
"202400022308";"155742537";"B01";"1";"7";"0";"2";"2";"1";"1";""
"202400022308";"155742538";"A01";"1";"10";"0";"2";"6";"1";"1";""
"202400022309";"155742532";"B01";"1";"7";"0";"2";"6";"23";"1";""
"202400022309";"155742536";"A01";"1";"43";"0";"2";"2";"2";"1";""
"202400022310";"155742533";"B01";"3";"7";"0";"2";"1";"15";"1";""
"202400022310";"155742535";"A01";"3";"32";"0";"2";"8";"15";"1";""
"202400022311";"155742530";"A01";"3";"30";"0";"0";"8";"13";"1";""
"202400022312";"155742529";"B01";"3";"2";"0";"2";"1";"2";"0";""
"202400022312";"155742531";"A01";"3";"13";"0";"0";"4";"2";"0";""
"202400022313";"155742527";"A01";"1";"7";"0";"1";"2";"1";"2";""
"202400022314";"155742524";"A01";"1";"50";"0";"1";"8";"1";"3";""
"202400022315";"155742526";"A01";"2";"7";"0";"2";"3";"15";"1";""
"202400022315";"155742528";"B01";"1";"43";"0";"2";"1";"1";"1";""
"202400022316";"155742523";"B01";"3";"32";"0";"2";"0";"0";"1";""
"202400022316";"155742525";"A01";"3";"7";"0";"2";"0";"0";"3";""
"202400022317";"155742516";"C01";"2";"7";"0";"2";"4";"26";"2";""
"202400022317";"155742519";"A01";"1";"7";"0";"2";"4";"4";"1";""
"202400022317";"155742522";"B01";"2";"7";"0";"2";"1";"26";"1";""
"202400022318";"155742517";"B01";"3";"15";"0";"2";"2";"1";"1";""
"202400022318";"155742520";"A01";"3";"7";"0";"2";"3";"11";"1";""
"202400022319";"155742514";"A01";"3";"7";"0";"1";"2";"14";"1";""
"202400022320";"155742515";"B01";"2";"7";"0";"2";"9";"1";"1";""
"202400022320";"155742518";"A01";"2";"10";"0";"2";"1";"1";"1";""
"202400022320";"155742521";"C01";"2";"7";"0";"2";"4";"1";"3";""
"202400022321";"155742509";"B01";"2";"7";"0";"2";"4";"23";"1";""
"202400022321";"155742513";"A01";"2";"7";"0";"2";"1";"1";"1";""
"202400022322";"155742507";"A01";"0";"37";"0";"2";"2";"1";"1";"1"
"202400022322";"155742511";"B01";"0";"50";"0";"2";"4";"13";"3";""
"202400022323";"155742506";"A01";"3";"7";"0";"2";"1";"2";"1";""
"202400022323";"155742510";"B01";"3";"1";"0";"2";"6";"1";"5";""
"202400022324";"155742508";"B01";"1";"1";"0";"0";"8";"1";"5";""
"202400022324";"155742512";"A01";"2";"10";"0";"2";"2";"16";"1";""
"202400022325";"155742502";"A01";"2";"7";"0";"1";"0";"0";"1";""
"202400022326";"155742500";"B01";"3";"34";"0";"2";"1";"17";"1";""
"202400022326";"155742503";"A01";"3";"7";"0";"2";"3";"15";"1";""
"202400022327";"155742499";"A01";"0";"7";"0";"2";"2";"15";"1";""
"202400022327";"155742505";"B01";"0";"33";"0";"2";"1";"1";"1";""
"202400022328";"155742498";"C01";"3";"7";"0";"2";"4";"2";"2";""
"202400022328";"155742501";"A01";"3";"7";"0";"2";"1";"2";"1";""
"202400022328";"155742504";"B01";"3";"7";"0";"2";"4";"2";"1";""
"202400022329";"155742494";"A01";"3";"7";"0";"2";"1";"1";"1";""
"202400022329";"155742497";"B01";"3";"1";"0";"2";"8";"19";"5";""
"202400022330";"155742496";"A01";"1";"7";"1";"0";"2";"1";"1";""
"202400022331";"155742492";"A01";"3";"7";"0";"2";"3";"1";"2";""
"202400022331";"155742495";"B01";"3";"50";"0";"2";"1";"15";"3";""
"202400022332";"155742491";"A01";"3";"7";"0";"2";"3";"0";"1";""
"202400022332";"155742493";"B01";"3";"7";"0";"2";"1";"15";"1";""
"202400022333";"155742489";"A01";"3";"10";"9";"0";"3";"13";"1";""
"202400022333";"155742490";"B01";"3";"10";"9";"0";"3";"26";"1";""
"202400022334";"155742486";"A01";"3";"7";"0";"2";"3";"1";"1";""
"202400022334";"155742488";"B01";"3";"33";"0";"2";"5";"1";"1";""
"202400022335";"155742487";"A01";"0";"7";"0";"2";"0";"19";"1";""
"202400022336";"155742484";"A01";"3";"10";"0";"2";"3";"2";"3";""
"202400022336";"155742485";"B01";"3";"33";"0";"2";"4";"23";"1";""
"202400022337";"155742480";"B01";"1";"7";"0";"2";"6";"0";"1";""
"202400022337";"155742483";"A01";"1";"33";"0";"2";"1";"17";"1";""
"202400022338";"155742478";"A01";"3";"10";"0";"2";"1";"1";"1";""
"202400022338";"155742481";"B01";"3";"50";"0";"2";"4";"1";"3";""
"202400022339";"155742479";"A01";"1";"7";"0";"2";"3";"1";"1";""
"202400022339";"155742482";"B01";"1";"33";"0";"2";"1";"1";"1";""
"202400022340";"155742476";"B01";"2";"33";"0";"2";"8";"0";"1";""
"202400022340";"155742477";"A01";"1";"33";"0";"2";"8";"26";"1";""
"202400022341";"155742474";"A01";"3";"7";"0";"1";"1";"1";"3";""
"202400022342";"155742473";"A01";"2";"7";"0";"1";"1";"1";"1";""
"202400022343";"155742472";"A01";"2";"33";"0";"2";"1";"9";"1";""
"202400022343";"155742475";"B01";"2";"7";"0";"2";"4";"2";"1";""
"202400022344";"155742470";"A01";"1";"7";"0";"2";"3";"13";"1";""
"202400022344";"155742471";"B01";"1";"7";"0";"2";"3";"1";"1";""
"202400022345";"155742465";"A01";"3";"33";"0";"9";"3";"1";"1";""
"202400022345";"155742468";"B01";"3";"1";"0";"2";"1";"1";"5";""
"202400022346";"155742466";"B01";"2";"30";"0";"2";"2";"17";"1";""
"202400022346";"155742469";"A01";"2";"7";"0";"2";"3";"13";"2";""
"202400022347";"155742464";"A01";"1";"31";"0";"2";"3";"3";"1";""
"202400022347";"155742467";"B01";"1";"7";"0";"2";"7";"12";"3";""
"202400022348";"155742460";"A01";"2";"1";"0";"0";"7";"1";"5";""
"202400022349";"155742459";"A01";"3";"7";"0";"2";"1";"1";"1";""
"202400022349";"155742463";"B01";"3";"7";"0";"2";"2";"1";"1";""
"202400022350";"155742458";"A01";"2";"7";"0";"2";"7";"11";"1";""
"202400022350";"155742461";"B01";"2";"33";"0";"2";"8";"1";"1";""
"202400022351";"155742457";"A01";"3";"7";"0";"2";"1";"19";"1";""
"202400022351";"155742462";"B01";"3";"7";"0";"2";"7";"1";"1";""
"202400022352";"155742456";"A01";"1";"1";"0";"0";"0";"0";"5";""
"202400022353";"155742454";"B01";"0";"1";"0";"0";"0";"0";"5";""
"202400022353";"155742455";"A01";"0";"0";"0";"2";"0";"0";"0";""
"202400022354";"155742452";"A01";"0";"7";"4";"0";"7";"1";"1";""
"202400022355";"155742447";"B01";"2";"7";"0";"2";"1";"11";"2";""
"202400022355";"155742450";"A01";"1";"14";"0";"2";"1";"1";"1";""
"202400022355";"155742453";"C01";"2";"17";"0";"2";"4";"12";"1";""
"202400022356";"155742446";"A01";"1";"13";"0";"2";"1";"2";"1";""
"202400022356";"155742449";"B01";"1";"7";"0";"2";"4";"0";"1";""
"202400022356";"155742451";"C01";"1";"7";"0";"2";"4";"2";"1";""
"202400022357";"155742444";"A01";"3";"7";"0";"2";"4";"4";"1";""
"202400022357";"155742445";"B01";"3";"32";"0";"2";"1";"23";"1";""
"202400022358";"155742442";"B01";"2";"7";"0";"2";"3";"1";"1";""
"202400022358";"155742448";"A01";"2";"7";"0";"2";"1";"1";"1";""
"202400022359";"155742443";"A01";"1";"33";"4";"0";"1";"14";"1";""
"202400022360";"155742439";"A01";"3";"7";"0";"2";"3";"1";"1";""
"202400022360";"155742441";"B01";"1";"2";"0";"2";"7";"1";"1";""
"202400022361";"155742438";"A01";"2";"2";"0";"0";"0";"1";"1";""
"202400022362";"155742437";"A01";"1";"33";"0";"0";"4";"1";"1";""
"202400022362";"155742440";"B01";"0";"7";"0";"0";"0";"0";"0";""
"202400022363";"155742435";"B01";"1";"7";"0";"2";"3";"11";"1";""
"202400022363";"155742436";"A01";"1";"33";"0";"2";"7";"1";"1";""
"202400022364";"155742433";"A01";"3";"7";"0";"1";"5";"10";"1";""
"202400022365";"155742432";"A01";"2";"50";"8";"0";"1";"1";"3";""
"202400022366";"155742431";"A01";"2";"7";"0";"2";"3";"15";"1";""
"202400022366";"155742434";"B01";"1";"31";"0";"2";"1";"1";"1";""
"202400022367";"155742428";"A01";"2";"1";"0";"2";"1";"1";"5";""
"202400022367";"155742430";"B01";"2";"1";"0";"2";"4";"1";"5";""
"202400022368";"155742427";"A01";"3";"7";"0";"2";"3";"14";"1";""
"202400022368";"155742429";"B01";"3";"50";"0";"2";"2";"1";"3";""
"202400022369";"155742426";"A01";"3";"7";"14";"0";"1";"1";"1";""
"202400022370";"155742423";"A01";"2";"7";"0";"2";"1";"19";"1";""
"202400022370";"155742425";"B01";"1";"7";"0";"2";"7";"1";"1";""
"202400022371";"155742420";"A01";"1";"7";"1";"0";"2";"1";"1";""
"202400022372";"155742419";"B01";"3";"3";"0";"2";"2";"1";"1";""
"202400022372";"155742422";"Z01";"3";"0";"0";"2";"3";"9";"0";""
"202400022373";"155742421";"A01";"3";"7";"0";"2";"1";"1";"1";""
"202400022373";"155742424";"B01";"3";"10";"0";"2";"6";"23";"1";""
"202400022374";"155742417";"A01";"1";"10";"0";"1";"2";"26";"1";""
"202400022375";"155742418";"A01";"2";"7";"2";"0";"1";"1";"1";""
"202400022376";"155742415";"A01";"1";"7";"0";"1";"2";"1";"1";""
"202400022377";"155742414";"A01";"1";"33";"0";"2";"3";"1";"1";""
"202400022377";"155742416";"B01";"1";"1";"0";"2";"2";"1";"5";""
"202400022378";"155742411";"A01";"2";"7";"0";"2";"1";"2";"1";""
"202400022378";"155742413";"B01";"2";"7";"0";"2";"4";"23";"1";""
"202400022379";"155742409";"A01";"1";"7";"0";"1";"1";"1";"1";""
"202400022380";"155742408";"B01";"3";"32";"0";"2";"4";"1";"1";""
"202400022380";"155742410";"A01";"3";"32";"0";"2";"1";"1";"1";""
"202400022381";"155742406";"A01";"2";"7";"0";"2";"8";"9";"1";""
"202400022381";"155742412";"B01";"2";"7";"0";"2";"1";"1";"1";""
"202400022382";"155742401";"A01";"2";"7";"0";"2";"2";"16";"1";""
"202400022382";"155742405";"B01";"2";"1";"0";"2";"8";"1";"5";""
"202400022383";"155742402";"A01";"1";"33";"2";"0";"0";"0";"1";""
"202400022384";"155742404";"A01";"1";"33";"0";"2";"3";"9";"1";""
"202400022384";"155742407";"B01";"2";"7";"0";"2";"7";"1";"1";""
"202400022385";"155742400";"A01";"2";"33";"0";"2";"1";"1";"1";""
"202400022385";"155742403";"B01";"1";"7";"0";"2";"6";"10";"1";""
"202400022386";"155742399";"A01";"2";"7";"2";"0";"1";"1";"1";""
"202400022387";"155742398";"A01";"1";"7";"15";"0";"1";"15";"1";""
"202400022388";"155742396";"A01";"2";"1";"0";"2";"4";"1";"5";""
"202400022388";"155742397";"Z01";"2";"30";"0";"2";"1";"1";"0";""
"202400022389";"155742391";"B01";"1";"7";"0";"2";"3";"1";"1";""
"202400022389";"155742395";"A01";"2";"7";"0";"2";"3";"1";"1";""
"202400022390";"155742392";"A01";"2";"1";"0";"2";"1";"1";"5";""
"202400022390";"155742394";"Z01";"3";"7";"0";"2";"1";"5";"0";""
"202400022391";"155742390";"A01";"2";"32";"0";"2";"1";"1";"1";""
"202400022391";"155742393";"B01";"2";"7";"0";"2";"4";"1";"2";""
"202400022392";"155742389";"A01";"1";"33";"15";"0";"1";"0";"1";""
"202400022393";"155742388";"A01";"2";"7";"0";"1";"2";"1";"1";""
"202400022394";"155742387";"A01";"2";"10";"0";"1";"1";"1";"3";""
"202400022395";"155742386";"A01";"1";"13";"6";"0";"1";"14";"1";""
"202400022396";"155742385";"A01";"2";"80";"0";"0";"0";"26";"3";""
"202400022397";"155742383";"A01";"3";"1";"0";"1";"1";"1";"5";""
"202400022398";"155742382";"A01";"2";"7";"0";"2";"5";"19";"3";""
"202400022398";"155742384";"B01";"1";"33";"0";"2";"1";"1";"1";""
"202400022399";"155742381";"A01";"3";"7";"0";"1";"1";"1";"1";""
"202400022400";"155742378";"A01";"1";"10";"0";"2";"3";"22";"1";""