"Num_Acc";"id_vehicule";"num_veh";"senc";"catv";"obs";"obsm";"choc";"manv";"motor";"occutc"
"202400022400";"155742380";"B01";"2";"80";"0";"2";"3";"5";"3";""
"202400022401";"155742377";"A01";"1";"7";"2";"0";"9";"1";"1";""
"202400022402";"155742376";"A01";"1";"32";"1";"0";"3";"3";"1";""
"202400022403";"155742375";"A01";"1";"7";"0";"2";"8";"15";"1";""
"202400022403";"155742379";"B01";"1";"10";"0";"2";"3";"1";"1";""
"202400022404";"155742374";"A01";"3";"7";"9";"0";"1";"15";"1";""
"202400022405";"155742371";"A01";"1";"7";"0";"2";"2";"16";"1";""
"202400022405";"155742373";"B01";"1";"7";"0";"2";"2";"15";"1";""
"202400022406";"155742370";"A01";"1";"1";"0";"1";"1";"1";"5";""
"202400022407";"155742369";"A01";"1";"2";"0";"2";"1";"1";"1";""
"202400022407";"155742372";"B01";"2";"7";"0";"2";"2";"11";"1";""
"202400022408";"155742367";"A01";"1";"7";"0";"2";"2";"1";"0";""
"202400022408";"155742368";"B01";"1";"1";"0";"2";"6";"1";"5";""
"202400022409";"155742366";"A01";"1";"33";"0";"1";"1";"1";"1";""
"202400022410";"155742365";"A01";"0";"33";"6";"0";"1";"1";"1";""
"202400022411";"155742364";"A01";"2";"32";"0";"0";"7";"1";"3";""
"202400022412";"155742362";"A01";"1";"7";"0";"2";"8";"15";"1";""
"202400022412";"155742363";"B01";"2";"33";"0";"2";"1";"1";"1";""
"202400022413";"155742361";"A01";"2";"7";"2";"0";"3";"13";"1";""
"202400022414";"155742358";"B01";"1";"2";"0";"2";"1";"15";"1";""
"202400022414";"155742360";"A01";"2";"7";"0";"2";"5";"1";"0";""
"202400022415";"155742356";"B01";"2";"7";"0";"2";"1";"9";"1";""
"202400022415";"155742359";"A01";"1";"7";"0";"2";"2";"5";"1";""
"202400022416";"155742352";"B01";"1";"1";"0";"2";"1";"1";"5";""
"202400022416";"155742355";"A01";"2";"7";"0";"2";"5";"16";"1";""
"202400022417";"155742351";"A01";"3";"32";"0";"2";"1";"1";"1";""
"202400022417";"155742353";"B01";"3";"7";"0";"2";"3";"15";"2";""
"202400022418";"155742350";"A01";"3";"30";"0";"2";"1";"1";"1";""
"202400022418";"155742354";"B01";"3";"21";"0";"2";"3";"9";"0";""
"202400022419";"155742349";"A01";"1";"13";"8";"0";"1";"16";"1";""
"202400022420";"155742346";"A01";"3";"33";"0";"2";"1";"1";"1";""
"202400022420";"155742348";"B01";"3";"10";"0";"2";"6";"1";"1";""
"202400022421";"155742344";"A01";"2";"32";"2";"0";"1";"0";"1";""
"202400022422";"155742342";"A01";"1";"31";"0";"0";"8";"1";"1";""
"202400022423";"155742340";"B01";"3";"7";"0";"2";"1";"0";"0";""
"202400022423";"155742343";"A01";"3";"50";"0";"2";"7";"1";"3";""
"202400022424";"155742338";"A01";"2";"10";"0";"2";"1";"1";"1";""
"202400022424";"155742341";"B01";"2";"10";"0";"9";"4";"1";"1";""
"202400022425";"155742337";"A01";"2";"7";"13";"0";"1";"1";"1";""
"202400022426";"155742336";"A01";"2";"43";"0";"2";"1";"17";"1";""
"202400022426";"155742339";"B01";"2";"7";"0";"2";"0";"17";"1";""
"202400022427";"155742335";"A01";"1";"34";"1";"2";"1";"1";"1";""
"202400022428";"155742332";"A01";"1";"32";"0";"2";"7";"17";"1";""
"202400022428";"155742333";"B01";"2";"10";"0";"2";"8";"17";"1";""
"202400022429";"155742331";"B01";"1";"7";"0";"2";"3";"15";"1";""
"202400022429";"155742334";"A01";"2";"7";"0";"2";"1";"1";"1";""
"202400022430";"155742329";"A01";"2";"10";"0";"1";"3";"1";"1";""
"202400022431";"155742325";"A01";"1";"7";"0";"0";"4";"1";"1";""
"202400022431";"155742327";"B01";"1";"7";"0";"2";"4";"1";"1";""
"202400022431";"155742328";"C01";"1";"7";"0";"2";"1";"1";"1";""
"202400022432";"155742326";"A01";"1";"7";"13";"0";"1";"1";"1";""
"202400022433";"155742323";"B01";"3";"7";"0";"1";"1";"21";"1";""
"202400022434";"155742322";"A01";"2";"10";"0";"2";"1";"1";"1";""
"202400022434";"155742324";"B01";"2";"7";"0";"2";"3";"1";"1";""
"202400022435";"155742318";"B01";"1";"7";"0";"2";"1";"1";"1";""
"202400022435";"155742320";"A01";"1";"7";"0";"2";"4";"1";"1";""
"202400022436";"155742316";"A01";"3";"7";"0";"1";"5";"16";"1";""
"202400022437";"155742315";"B01";"2";"7";"0";"9";"2";"1";"1";""
"202400022437";"155742317";"A01";"1";"1";"0";"2";"4";"19";"5";""
"202400022438";"155742313";"A01";"1";"33";"13";"0";"1";"1";"1";""
"202400022439";"155742312";"A01";"1";"7";"0";"2";"1";"1";"1";""
"202400022439";"155742314";"B01";"1";"7";"0";"2";"4";"16";"1";""
"202400022440";"155742310";"B01";"2";"7";"0";"2";"5";"1";"2";""
"202400022440";"155742311";"A01";"2";"7";"0";"2";"2";"5";"1";""
"202400022441";"155742308";"A01";"1";"7";"8";"2";"2";"0";"1";""
"202400022441";"155742309";"B01";"3";"7";"0";"2";"3";"0";"1";""
"202400022442";"155742307";"A01";"0";"7";"0";"0";"2";"1";"1";""
"202400022443";"155742306";"A01";"1";"34";"0";"1";"1";"1";"1";""
"202400022444";"155742305";"A01";"1";"33";"6";"0";"1";"0";"1";""
"202400022445";"155742303";"A01";"0";"7";"13";"0";"3";"2";"1";""
"202400022446";"155742301";"A01";"1";"37";"1";"0";"7";"14";"1";"1"
"202400022446";"155742302";"B01";"1";"7";"0";"2";"1";"23";"1";""
"202400022446";"155742304";"C01";"1";"7";"0";"2";"0";"23";"1";""
"202400022447";"155742300";"A01";"2";"7";"2";"0";"1";"1";"1";""
"202400022448";"155742297";"A01";"1";"7";"0";"0";"1";"17";"1";""
"202400022448";"155742298";"B01";"2";"7";"0";"0";"1";"1";"2";""
"202400022449";"155742299";"A01";"1";"7";"0";"0";"0";"1";"1";""
"202400022450";"155742295";"B01";"1";"31";"0";"2";"1";"1";"1";""
"202400022450";"155742296";"A01";"1";"7";"0";"2";"7";"15";"2";""
"202400022451";"155742292";"A01";"3";"10";"0";"2";"1";"13";"1";""
"202400022451";"155742293";"B01";"3";"7";"0";"2";"6";"1";"1";""
"202400022451";"155742294";"C01";"3";"7";"0";"2";"1";"1";"2";""
"202400022452";"155742287";"A01";"1";"7";"0";"2";"1";"5";"1";""
"202400022452";"155742289";"B01";"2";"33";"0";"2";"1";"0";"1";""
"202400022452";"155742290";"C01";"2";"33";"0";"2";"1";"0";"1";""
"202400022453";"155742285";"A01";"1";"7";"3";"2";"4";"1";"1";""
"202400022453";"155742286";"B01";"1";"7";"4";"2";"1";"1";"1";""
"202400022454";"155742283";"A01";"2";"7";"0";"2";"3";"1";"1";""
"202400022454";"155742284";"B01";"1";"7";"0";"2";"3";"1";"1";""
"202400022455";"155742282";"A01";"2";"33";"3";"0";"3";"0";"1";""
"202400022456";"155742279";"A01";"1";"7";"3";"2";"1";"2";"1";""
"202400022456";"155742280";"B01";"1";"7";"0";"2";"4";"2";"1";""
"202400022457";"155742278";"A01";"1";"7";"4";"2";"1";"0";"1";""
"202400022457";"155742281";"B01";"1";"7";"0";"2";"8";"13";"1";""
"202400022458";"155742277";"A01";"2";"34";"0";"0";"1";"1";"1";""
"202400022459";"155742273";"A01";"1";"7";"0";"9";"3";"9";"2";""
"202400022459";"155742276";"B01";"1";"1";"0";"2";"8";"9";"5";""
"202400022460";"155742274";"B01";"2";"37";"0";"2";"7";"1";"1";"1"
"202400022460";"155742275";"A01";"2";"15";"0";"2";"8";"1";"1";""
"202400022461";"155742272";"A01";"2";"31";"5";"0";"1";"1";"1";""
"202400022462";"155742270";"A01";"1";"7";"0";"1";"1";"2";"1";""
"202400022463";"155742269";"B01";"1";"2";"0";"2";"1";"1";"1";""
"202400022463";"155742271";"A01";"2";"7";"0";"2";"3";"19";"1";""
"202400022464";"155742266";"B01";"1";"50";"0";"2";"1";"1";"3";""
"202400022464";"155742267";"A01";"2";"7";"0";"2";"5";"22";"2";""
"202400022465";"155742265";"A01";"2";"7";"1";"0";"3";"2";"1";""
"202400022465";"155742268";"B01";"2";"7";"0";"0";"5";"24";"1";""
"202400022466";"155742263";"A01";"3";"7";"0";"1";"7";"26";"1";""
"202400022467";"155742262";"A01";"2";"31";"1";"0";"0";"26";"1";""
"202400022467";"155742264";"B01";"2";"7";"0";"0";"4";"26";"1";""
"202400022468";"155742261";"A01";"2";"32";"1";"0";"1";"21";"1";""
"202400022469";"155742259";"B01";"2";"7";"0";"2";"1";"21";"1";""
"202400022469";"155742260";"A01";"1";"7";"0";"2";"1";"13";"1";""
"202400022470";"155742256";"A01";"1";"7";"0";"2";"5";"15";"2";""
"202400022470";"155742258";"B01";"1";"1";"0";"2";"1";"1";"5";""
"202400022471";"155742255";"A01";"1";"7";"0";"2";"7";"17";"1";""
"202400022471";"155742257";"B01";"1";"1";"0";"2";"4";"13";"5";""
"202400022472";"155742253";"A01";"1";"7";"14";"1";"3";"1";"2";""
"202400022473";"155742252";"A01";"3";"1";"0";"2";"1";"19";"5";""
"202400022473";"155742254";"B01";"1";"7";"0";"2";"7";"1";"1";""
"202400022474";"155742249";"A01";"1";"7";"0";"2";"3";"9";"1";""
"202400022474";"155742250";"B01";"1";"33";"0";"2";"1";"1";"1";""
"202400022475";"155742247";"A01";"3";"99";"0";"2";"1";"1";"0";""
"202400022475";"155742248";"B01";"0";"3";"0";"2";"8";"1";"0";""
"202400022476";"155742246";"A01";"2";"2";"0";"0";"9";"0";"1";""
"202400022477";"155742243";"A01";"1";"33";"0";"0";"3";"15";"1";""
"202400022478";"155742244";"A01";"0";"10";"0";"2";"0";"0";"0";""
"202400022478";"155742245";"B01";"3";"37";"0";"2";"2";"1";"0";"2"
"202400022479";"155742242";"A01";"0";"7";"12";"0";"1";"2";"2";""
"202400022480";"155742240";"B01";"2";"7";"0";"0";"5";"15";"1";""
"202400022480";"155742241";"A01";"1";"31";"0";"2";"1";"2";"1";""
"202400022481";"155742239";"A01";"2";"1";"1";"0";"2";"0";"5";""
"202400022482";"155742235";"A01";"2";"7";"0";"2";"3";"2";"1";""
"202400022482";"155742238";"B01";"2";"7";"0";"2";"4";"2";"1";""
"202400022483";"155742236";"B01";"2";"31";"0";"2";"1";"13";"1";""
"202400022483";"155742237";"A01";"1";"10";"0";"2";"3";"1";"1";""
"202400022484";"155742231";"B01";"2";"33";"0";"2";"7";"1";"1";""
"202400022484";"155742233";"C01";"1";"7";"0";"2";"1";"23";"2";""
"202400022484";"155742234";"A01";"2";"7";"0";"2";"3";"15";"1";""
"202400022485";"155742230";"A01";"2";"7";"0";"2";"2";"15";"1";""
"202400022485";"155742232";"B01";"1";"1";"0";"2";"1";"1";"5";""
"202400022486";"155742228";"A01";"2";"7";"0";"2";"6";"26";"1";""
"202400022486";"155742229";"B01";"2";"33";"0";"2";"7";"0";"1";""
"202400022487";"155742226";"A01";"2";"7";"0";"2";"1";"13";"3";""
"202400022487";"155742227";"B01";"1";"7";"0";"2";"1";"1";"1";""
"202400022488";"155742225";"A01";"3";"7";"0";"1";"2";"0";"1";""
"202400022489";"155742221";"A01";"1";"7";"0";"2";"1";"2";"3";""
"202400022489";"155742223";"B01";"1";"33";"0";"2";"4";"2";"1";""
"202400022489";"155742224";"C01";"1";"7";"0";"2";"4";"1";"1";""
"202400022490";"155742220";"A01";"1";"32";"0";"2";"1";"16";"1";""
"202400022490";"155742222";"B01";"2";"7";"0";"2";"1";"1";"1";""
"202400022491";"155742218";"A01";"1";"7";"0";"2";"8";"11";"1";""
"202400022491";"155742219";"B01";"1";"33";"0";"2";"7";"1";"1";""
"202400022492";"155742216";"B01";"2";"1";"0";"2";"0";"0";"5";""
"202400022492";"155742217";"A01";"2";"7";"0";"2";"1";"1";"1";""
"202400022493";"155742213";"A01";"1";"33";"0";"0";"3";"3";"1";""
"202400022493";"155742214";"B01";"1";"7";"0";"0";"2";"12";"2";""
"202400022493";"155742215";"C01";"1";"10";"0";"2";"8";"1";"1";""
"202400022494";"155742211";"A01";"1";"7";"6";"0";"2";"1";"1";""
"202400022495";"155742210";"A01";"2";"7";"0";"2";"0";"19";"2";""
"202400022495";"155742212";"B01";"2";"33";"0";"0";"0";"0";"1";""
"202400022496";"155742209";"A01";"1";"14";"4";"0";"1";"1";"1";""
"202400022497";"155742207";"A01";"2";"1";"0";"2";"7";"18";"5";""
"202400022497";"155742208";"B01";"2";"7";"0";"0";"7";"23";"1";""
"202400022498";"155742205";"B01";"3";"31";"0";"2";"7";"26";"1";""
"202400022498";"155742206";"A01";"3";"7";"0";"2";"1";"9";"1";""
"202400022499";"155742203";"A01";"1";"2";"0";"2";"3";"15";"1";""
"202400022499";"155742204";"Z01";"1";"7";"0";"2";"2";"15";"0";""
"202400022500";"155742200";"B01";"1";"32";"0";"2";"1";"1";"1";""
"202400022500";"155742202";"A01";"3";"7";"0";"2";"5";"17";"1";""
"202400022501";"155742201";"A01";"2";"1";"0";"0";"0";"0";"5";""
"202400022502";"155742198";"A01";"1";"13";"0";"1";"0";"15";"3";""
"202400022503";"155742197";"A01";"1";"31";"0";"2";"3";"9";"1";""
"202400022503";"155742199";"B01";"1";"13";"0";"2";"5";"1";"1";""
"202400022504";"155742195";"A01";"1";"1";"9";"1";"7";"1";"5";""
"202400022505";"155742194";"A01";"3";"7";"1";"0";"2";"1";"1";""
"202400022505";"155742196";"B01";"3";"7";"0";"2";"6";"24";"1";""
"202400022506";"155742193";"A01";"2";"33";"0";"0";"0";"1";"1";""
"202400022507";"155742191";"B01";"1";"10";"1";"0";"6";"23";"1";""
"202400022507";"155742192";"A01";"1";"7";"1";"0";"3";"12";"1";""
"202400022508";"155742190";"A01";"2";"14";"3";"0";"2";"1";"1";""
"202400022509";"155742189";"A01";"1";"33";"12";"0";"2";"1";"1";""
"202400022510";"155742187";"A01";"1";"7";"0";"2";"3";"15";"1";""
"202400022510";"155742188";"B01";"1";"50";"0";"2";"0";"0";"3";""
"202400022511";"155742186";"A01";"1";"32";"14";"0";"1";"1";"1";""
"202400022512";"155742183";"A01";"1";"7";"0";"2";"4";"23";"1";""
"202400022512";"155742185";"B01";"1";"34";"0";"2";"1";"2";"1";""
"202400022513";"155742182";"B01";"2";"2";"0";"2";"1";"17";"1";""
"202400022513";"155742184";"A01";"1";"7";"0";"0";"3";"15";"1";""
"202400022514";"155742180";"A01";"1";"7";"0";"9";"4";"1";"1";""
"202400022514";"155742181";"B01";"1";"7";"0";"2";"2";"1";"1";""
"202400022515";"155742179";"A01";"1";"7";"6";"2";"2";"1";"1";""
"202400022516";"155742178";"A01";"1";"10";"0";"1";"2";"15";"1";""
"202400022517";"155742175";"A01";"1";"7";"0";"2";"6";"11";"1";""
"202400022517";"155742177";"B01";"1";"7";"0";"2";"2";"1";"2";""
"202400022518";"155742176";"A01";"1";"7";"0";"1";"2";"1";"1";""
"202400022519";"155742172";"A01";"2";"7";"0";"2";"2";"1";"1";""
"202400022519";"155742173";"D01";"2";"7";"0";"2";"4";"23";"0";""
"202400022519";"155742174";"C01";"2";"7";"0";"2";"6";"23";"1";""
"202400022520";"155742170";"A01";"1";"7";"0";"2";"3";"1";"1";""
"202400022520";"155742171";"B01";"1";"7";"0";"2";"0";"0";"0";""
"202400022521";"155742169";"A01";"1";"7";"0";"1";"1";"26";"1";""
"202400022522";"155742167";"A01";"1";"7";"0";"2";"2";"16";"1";""
"202400022522";"155742168";"B01";"2";"34";"0";"2";"3";"16";"1";""
"202400022523";"155742165";"A01";"2";"7";"0";"2";"5";"12";"1";""
"202400022523";"155742166";"B01";"2";"37";"0";"2";"3";"1";"1";"1"
"202400022524";"155742163";"A01";"1";"7";"0";"2";"3";"9";"1";""
"202400022524";"155742164";"B01";"2";"30";"0";"2";"1";"1";"1";""
"202400022525";"155742161";"B01";"1";"33";"0";"2";"1";"1";"1";""
"202400022525";"155742162";"A01";"3";"7";"0";"2";"8";"9";"1";""
"202400022526";"155742159";"A01";"2";"7";"0";"2";"1";"1";"1";""
"202400022526";"155742160";"B01";"2";"7";"0";"2";"3";"1";"1";""
"202400022527";"155742158";"A01";"1";"50";"0";"0";"0";"25";"3";""
"202400022528";"155742156";"A01";"1";"7";"0";"2";"2";"16";"1";""
"202400022528";"155742157";"B01";"0";"1";"0";"0";"0";"0";"5";""
"202400022529";"155742155";"A01";"1";"7";"0";"1";"1";"1";"1";""
"202400022530";"155742153";"A01";"1";"7";"0";"2";"3";"9";"1";""
"202400022530";"155742154";"B01";"1";"7";"0";"2";"2";"1";"1";""
"202400022531";"155742152";"A01";"1";"10";"0";"1";"1";"1";"1";""
"202400022532";"155742150";"B01";"1";"14";"0";"2";"3";"1";"1";""
"202400022532";"155742151";"A01";"1";"33";"0";"2";"3";"19";"1";""
"202400022533";"155742148";"A01";"3";"7";"0";"2";"3";"15";"1";""
"202400022533";"155742149";"B01";"2";"2";"0";"2";"3";"1";"1";""
"202400022534";"155742146";"A01";"0";"7";"0";"2";"8";"19";"1";""
"202400022534";"155742147";"B01";"2";"10";"0";"2";"1";"1";"1";""
"202400022535";"155742144";"B01";"3";"7";"0";"2";"0";"15";"1";""
"202400022535";"155742145";"A01";"3";"7";"0";"2";"0";"0";"1";""
"202400022536";"155742143";"A01";"3";"37";"0";"1";"5";"7";"1";"1"
"202400022537";"155742141";"A01";"1";"7";"8";"2";"8";"1";"1";""
"202400022537";"155742142";"B01";"1";"7";"0";"2";"1";"0";"1";""
"202400022538";"155742139";"A01";"1";"7";"0";"2";"2";"9";"1";""
"202400022538";"155742140";"B01";"1";"7";"0";"2";"3";"1";"1";""
"202400022539";"155742137";"A01";"2";"10";"0";"4";"6";"24";"1";""
"202400022539";"155742138";"B01";"2";"40";"1";"2";"2";"1";"0";""
"202400022540";"155742135";"A01";"1";"7";"0";"2";"2";"15";"1";""
"202400022540";"155742136";"B01";"2";"50";"0";"2";"1";"1";"3";""
"202400022541";"155742133";"B01";"2";"1";"0";"2";"8";"19";"5";""
"202400022541";"155742134";"A01";"1";"7";"12";"2";"7";"19";"2";""
"202400022542";"155742131";"B01";"1";"7";"0";"2";"8";"15";"1";""
"202400022542";"155742132";"A01";"1";"7";"0";"2";"2";"17";"2";""
"202400022543";"155742129";"A01";"3";"7";"0";"2";"7";"15";"1";""
"202400022543";"155742130";"B01";"3";"33";"0";"2";"2";"1";"1";""
"202400022544";"155742127";"B01";"1";"2";"0";"2";"2";"17";"1";""
"202400022544";"155742128";"A01";"1";"7";"0";"2";"3";"15";"1";""
"202400022545";"155742125";"B01";"2";"7";"0";"2";"1";"1";"1";""
"202400022545";"155742126";"A01";"1";"50";"0";"2";"1";"5";"3";""
"202400022546";"155742124";"A01";"1";"7";"0";"1";"1";"26";"1";""
"202400022547";"155742122";"B01";"2";"2";"0";"2";"1";"1";"1";""
"202400022547";"155742123";"A01";"2";"10";"0";"2";"1";"10";"1";""
"202400022548";"155742120";"B01";"2";"2";"0";"2";"1";"1";"1";""
"202400022548";"155742121";"A01";"3";"7";"0";"2";"3";"9";"1";""
"202400022549";"155742119";"A01";"3";"33";"12";"2";"3";"17";"1";""
"202400022550";"155742116";"B01";"3";"33";"0";"2";"1";"1";"1";""
"202400022550";"155742117";"A01";"3";"7";"0";"2";"3";"15";"1";""
"202400022550";"155742118";"C01";"3";"7";"1";"0";"6";"24";"1";""
"202400022551";"155742114";"B01";"3";"50";"0";"2";"7";"1";"3";""
"202400022551";"155742115";"A01";"3";"7";"0";"2";"1";"9";"1";""
"202400022552";"155742113";"A01";"3";"7";"2";"0";"1";"14";"1";""
"202400022553";"155742111";"A01";"1";"10";"0";"2";"1";"13";"1";""
"202400022553";"155742112";"B01";"2";"7";"0";"2";"1";"21";"1";""
"202400022554";"155742109";"B01";"1";"1";"0";"2";"1";"1";"5";""
"202400022554";"155742110";"A01";"2";"7";"0";"2";"2";"1";"1";""
"202400022555";"155742106";"B01";"1";"37";"0";"2";"4";"7";"4";"1"
"202400022555";"155742107";"A01";"1";"7";"0";"2";"1";"7";"1";""
"202400022556";"155742104";"A01";"1";"1";"0";"2";"1";"19";"5";""
"202400022556";"155742105";"B01";"1";"37";"0";"2";"8";"1";"4";"1"
"202400022557";"155742102";"B01";"1";"7";"0";"2";"1";"1";"1";""
"202400022557";"155742103";"A01";"1";"7";"0";"2";"4";"26";"1";""
"202400022558";"155742097";"A01";"3";"7";"0";"2";"1";"2";"1";""
"202400022558";"155742098";"D01";"3";"7";"0";"2";"4";"2";"1";""
"202400022558";"155742099";"C01";"3";"7";"0";"2";"1";"0";"2";""
"202400022558";"155742100";"B01";"3";"7";"0";"2";"1";"2";"1";""
"202400022558";"155742101";"E01";"3";"7";"0";"2";"1";"2";"1";""
"202400022559";"155742096";"A01";"2";"50";"0";"1";"1";"1";"3";""
"202400022560";"155742094";"A01";"3";"7";"0";"2";"2";"1";"2";""
"202400022560";"155742095";"B01";"3";"7";"0";"2";"6";"9";"1";""
"202400022561";"155742093";"A01";"2";"7";"3";"0";"9";"0";"1";""
"202400022562";"155742091";"A01";"2";"10";"0";"2";"3";"1";"1";""
"202400022562";"155742092";"B01";"1";"7";"0";"2";"8";"1";"1";""
"202400022563";"155742089";"B01";"1";"7";"8";"0";"3";"1";"1";""
"202400022563";"155742090";"A01";"1";"7";"0";"2";"2";"12";"1";""
"202400022564";"155742088";"A01";"1";"14";"12";"0";"1";"1";"1";""
"202400022565";"155742082";"A01";"1";"7";"0";"2";"5";"16";"1";""
"202400022565";"155742083";"B01";"1";"1";"0";"2";"1";"1";"5";""
"202400022566";"155742078";"A01";"2";"14";"0";"2";"7";"16";"1";""
"202400022566";"155742079";"B01";"2";"7";"0";"2";"8";"16";"1";""
"202400022567";"155742076";"A01";"2";"7";"0";"2";"8";"11";"1";""
"202400022567";"155742077";"B01";"2";"32";"0";"2";"7";"1";"1";""
"202400022568";"155742074";"B01";"1";"1";"0";"2";"1";"1";"5";""
"202400022568";"155742075";"A01";"2";"7";"0";"2";"1";"15";"1";""
"202400022569";"155742071";"A01";"0";"13";"0";"2";"1";"1";"1";""
"202400022569";"155742072";"B01";"0";"1";"0";"2";"0";"0";"5";""
"202400022570";"155742069";"A01";"3";"7";"0";"2";"1";"16";"0";""
"202400022570";"155742070";"B01";"3";"80";"0";"2";"8";"2";"3";""
"202400022571";"155742067";"A01";"3";"7";"0";"2";"1";"11";"1";""
"202400022571";"155742068";"B01";"3";"7";"0";"2";"1";"2";"1";""
"202400022572";"155742065";"A01";"3";"7";"14";"2";"2";"1";"1";""
"202400022572";"155742066";"B01";"3";"7";"0";"2";"3";"1";"1";""
"202400022573";"155742063";"FC01";"2";"17";"0";"2";"8";"9";"1";""
"202400022573";"155742064";"FB01";"1";"1";"0";"2";"1";"16";"5";""
"202400022574";"155742061";"B01";"3";"7";"0";"9";"3";"1";"1";""
"202400022574";"155742062";"A01";"3";"1";"0";"2";"1";"15";"5";""
"202400022575";"155742059";"A01";"1";"7";"0";"2";"1";"2";"1";""
"202400022575";"155742060";"B01";"1";"7";"0";"2";"4";"2";"1";""
"202400022576";"155742056";"A01";"2";"7";"0";"2";"2";"2";"2";""
"202400022576";"155742057";"B01";"2";"7";"0";"2";"6";"2";"0";""
"202400022577";"155742054";"A01";"2";"7";"0";"2";"3";"15";"1";""
"202400022577";"155742055";"B01";"2";"7";"0";"2";"1";"17";"1";""
"202400022578";"155742052";"A01";"3";"7";"0";"2";"6";"17";"1";""
"202400022578";"155742053";"B01";"3";"33";"0";"2";"7";"17";"1";""
"202400022579";"155742050";"B01";"1";"7";"0";"2";"5";"1";"1";""
"202400022579";"155742051";"A01";"1";"50";"0";"2";"1";"1";"3";""
"202400022580";"155742048";"B01";"2";"7";"0";"2";"4";"1";"2";""
"202400022580";"155742049";"A01";"2";"50";"0";"2";"1";"1";"3";""
"202400022581";"155742047";"A01";"2";"7";"0";"1";"3";"1";"1";""
"202400022582";"155742045";"A01";"2";"7";"0";"2";"1";"9";"1";""
"202400022582";"155742046";"B01";"2";"32";"0";"2";"7";"26";"1";""
"202400022583";"155742042";"A01";"1";"33";"0";"2";"0";"21";"1";""
"202400022583";"155742044";"C01";"1";"7";"0";" -1";" -1";"11";" -1";""
"202400022584";"155742040";"B01";"1";"10";"0";"2";"1";"5";"1";""
"202400022584";"155742043";"A01";"1";"7";"0";"2";"8";"15";"1";""
"202400022585";"155742039";"A01";"2";"7";"0";"0";"0";"16";"1";""
"202400022585";"155742041";"B01";"1";"1";"0";"0";"0";"21";"5";""
"202400022586";"155742036";"B01";"1";"7";"0";"2";"5";"2";"1";""
"202400022586";"155742038";"A01";"1";"33";"0";"2";"1";"2";"1";""
"202400022587";"155742037";"Z01";"3";"10";"0";"1";"1";"16";"0";""
"202400022588";"155742034";"A01";"2";"33";"0";"2";"3";"3";"1";""
"202400022588";"155742035";"B01";"2";"7";"0";"2";"3";"1";"2";""
"202400022589";"155742031";"A01";"1";"7";"0";"2";"5";"1";"1";""
"202400022589";"155742033";"B01";"1";"30";"0";"2";"6";"11";"1";""
"202400022590";"155742032";"A01";"3";"7";"0";"1";"3";"15";"1";""
"202400022591";"155742030";"A01";"2";"33";"0";"0";"8";"16";"1";""
"202400022592";"155742027";"A01";"1";"30";"0";"2";"3";"1";"1";""
"202400022592";"155742028";"B01";"1";"34";"0";"2";"8";"1";"1";""
"202400022593";"155742025";"A01";"2";"7";"0";"0";"0";"1";"0";""
"202400022593";"155742026";"B01";"2";"7";"0";"2";"1";"13";"1";""
"202400022593";"155742029";"C01";"1";"7";"0";"2";"3";"1";"1";""
"202400022594";"155742024";"A01";"1";"50";"0";"0";"0";"0";"3";""
"202400022595";"155742023";"A01";"1";"7";"1";"0";"2";"15";"1";""
"202400022596";"155742018";"A01";"1";"7";"0";"2";"1";"1";"1";""
"202400022596";"155742019";"B01";"1";"7";"0";"2";"4";"23";"1";""
"202400022596";"155742021";"C01";"1";"7";"0";"2";"4";"23";"1";""
"202400022596";"155742022";"D01";"1";"10";"0";"2";"4";"23";"1";""
"202400022597";"155742017";"B01";"3";"7";"0";"2";"4";"1";"2";""
"202400022597";"155742020";"A01";"3";"7";"0";"2";"1";"2";"1";""
"202400022598";"155742015";"A01";"1";"33";"0";"2";"1";"21";"1";""
"202400022598";"155742016";"B01";"1";"7";"0";"2";"4";"1";"1";""
"202400022599";"155742013";"A01";"2";"31";"0";"2";"1";"1";"3";""
"202400022599";"155742014";"B01";"2";"7";"0";"2";"2";"1";"2";""
"202400022600";"155742011";"A01";"2";"7";"0";"1";"4";"4";"2";""
"202400022601";"155742010";"A01";"1";"50";"0";"0";"0";"1";"3";""
"202400022602";"155742008";"B01";"3";"50";"0";"2";"8";"19";"3";""
"202400022602";"155742009";"A01";"1";"10";"0";"2";"1";"1";"1";""
"202400022603";"155742005";"A01";"1";"10";"0";"1";"1";"1";"1";""
"202400022604";"155742006";"A01";"2";"15";"0";"2";"2";"12";"1";""
"202400022604";"155742007";"B01";"2";"7";"0";"2";"4";"1";"1";""
"202400022605";"155742002";"B01";"3";"10";"0";"2";"8";"1";"1";""
"202400022605";"155742004";"A01";"3";"30";"0";"2";"1";"1";"1";""
"202400022606";"155742003";"A01";"2";"7";"0";"1";"1";"2";"1";""
"202400022607";"155742000";"A01";"2";"10";"0";"1";"3";"15";"1";""
"202400022608";"155741998";"A01";"2";"7";"0";"1";"1";"1";"1";""
"202400022609";"155741999";"B01";"1";"10";"0";"2";"3";"1";"1";""
"202400022609";"155742001";"A01";"1";"7";"0";"2";"3";"15";"1";""
"202400022610";"155741997";"A01";"3";"7";"6";"0";"1";"16";"1";""
"202400022611";"155741996";"A01";"1";"10";"0";"1";"4";"26";"1";""
"202400022612";"155741994";"B01";"1";"2";"0";"2";"8";"1";"1";""