"Num_Acc";"id_vehicule";"num_veh";"senc";"catv";"obs";"obsm";"choc";"manv";"motor";"occutc"
"202400022612";"155741995";"A01";"2";"7";"0";"2";"3";"15";"1";""
"202400022613";"155741991";"A01";"2";"50";"0";"2";"6";"16";"3";""
"202400022613";"155741992";"B01";"1";"7";"0";"2";"6";"17";"1";""
"202400022613";"155741993";"C01";"1";"10";"0";"0";"0";"0";"0";""
"202400022614";"155741988";"A01";"1";"33";"0";"2";"5";"2";"1";""
"202400022614";"155741989";"B01";"3";"7";"0";"2";"3";"9";"2";""
"202400022615";"155741987";"A01";"1";"7";"0";"2";"2";"9";"0";""
"202400022615";"155741990";"B01";"2";"1";"0";"2";"1";"1";"5";""
"202400022616";"155741985";"B01";"0";"7";"0";"2";"8";"15";"1";""
"202400022616";"155741986";"A01";"2";"33";"1";"2";"1";"1";"1";""
"202400022617";"155741983";"B01";"1";"33";"0";"2";"1";"1";"1";""
"202400022617";"155741984";"A01";"2";"7";"0";"2";"7";"15";"1";""
"202400022618";"155741981";"A01";"2";"31";"0";"0";"0";"2";"1";""
"202400022619";"155741982";"A01";"2";"7";"13";"0";"1";"26";"1";""
"202400022620";"155741979";"A01";"1";"7";"0";"2";"2";"5";"1";""
"202400022620";"155741980";"B01";"3";"7";"0";"2";"2";"1";"1";""
"202400022621";"155741977";"A01";"1";"50";"0";"1";"1";"1";"3";""
"202400022622";"155741973";"A01";"1";"7";"8";"0";"1";"1";"1";""
"202400022622";"155741975";"B01";"2";"7";"0";"2";"1";"15";"1";""
"202400022623";"155741970";"A01";"3";"7";"0";"2";"1";"1";"1";""
"202400022623";"155741971";"B01";"3";"38";"0";"2";"6";"15";"1";"1"
"202400022624";"155741972";"A01";"1";"7";"0";"2";"1";"1";"1";""
"202400022624";"155741974";"B01";"1";"7";"0";"2";"4";"1";"1";""
"202400022625";"155741968";"A01";"3";"13";"0";"2";"8";"13";"1";""
"202400022625";"155741969";"B01";"3";"33";"0";"2";"2";"1";"1";""
"202400022626";"155741967";"A01";"2";"30";"0";"0";"0";"1";"1";""
"202400022627";"155741966";"A01";"3";"3";"0";"1";"2";"1";"3";""
"202400022628";"155741965";"A01";"1";"33";"2";"0";"1";"13";"1";""
"202400022629";"155741964";"A01";"1";"3";"0";"1";"2";"0";"1";""
"202400022630";"155741962";"B01";"1";"7";"0";"0";"7";"1";"1";""
"202400022630";"155741963";"A01";"1";"7";"0";"2";"1";"1";"1";""
"202400022631";"155741960";"A01";"1";"7";"14";"0";"0";"1";"1";""
"202400022632";"155741959";"B01";"0";"7";"0";"2";"1";"15";"1";""
"202400022632";"155741961";"A01";"1";"33";"0";"2";"7";"1";"1";""
"202400022633";"155741956";"A01";"1";"7";"0";"2";"3";"10";"1";""
"202400022633";"155741958";"B01";"1";"2";"0";"2";"1";"2";"1";""
"202400022634";"155741955";"A01";"1";"7";"0";"2";"1";"1";"1";""
"202400022634";"155741957";"B01";"2";"7";"0";"2";"1";"1";"1";""
"202400022635";"155741953";"B01";"1";"7";"0";"2";"1";"1";"1";""
"202400022635";"155741954";"A01";"2";"7";"0";"2";"7";"1";"1";""
"202400022636";"155741949";"A01";" -1";"7";"8";"0";"2";"26";"1";""
"202400022637";"155741944";"B01";"2";"7";"0";"2";"4";"2";"1";""
"202400022637";"155741946";"C01";"2";"7";"0";"2";"4";"2";"1";""
"202400022637";"155741947";"E01";"2";"7";"0";"2";"5";"2";"1";""
"202400022637";"155741948";"F01";"2";"10";"0";"2";"0";"2";"1";""
"202400022637";"155741950";"G01";"2";"17";"0";"2";"6";"1";"1";""
"202400022637";"155741951";"A01";"2";"10";"0";"2";"3";"2";"1";""
"202400022637";"155741952";"D01";"2";"10";"0";"2";"4";"2";"1";""
"202400022638";"155741943";"A01";"1";"7";"0";"2";"3";"9";"1";""
"202400022638";"155741945";"B01";"1";"7";"0";"2";"2";"15";"1";""
"202400022639";"155741942";"A01";"3";"15";"1";"1";"6";"16";"1";""
"202400022640";"155741939";"A01";"1";"7";"0";"2";"3";"1";"1";""
"202400022640";"155741940";"B01";"2";"33";"0";"2";"8";"1";"1";""
"202400022640";"155741941";"C01";"2";"33";"0";"2";"1";"1";"1";""
"202400022641";"155741937";"A01";"2";"33";"0";"0";"1";"0";"1";""
"202400022642";"155741933";"A01";"1";"3";"0";"2";"3";"13";"1";""
"202400022642";"155741935";"B01";"2";"7";"0";"2";"3";"1";"1";""
"202400022643";"155741934";"B01";"2";"7";"0";"2";"4";"23";"1";""
"202400022643";"155741936";"A01";"2";"7";"0";"2";"1";"1";"1";""
"202400022643";"155741938";"C01";"2";"7";"0";"2";"4";"23";"1";""
"202400022644";"155741931";"A01";"1";"35";"0";"2";"1";"19";"1";""
"202400022644";"155741932";"B01";"2";"7";"0";"2";"8";"1";"1";""
"202400022645";"155741928";"A01";"2";"38";"0";"2";"3";"1";"1";"1"
"202400022645";"155741930";"B01";"1";"33";"0";"2";"1";"5";"1";""
"202400022646";"155741925";"B01";"2";"33";"0";"2";"1";"1";"1";""
"202400022646";"155741926";"A01";"1";"7";"0";"2";"6";"9";"1";""
"202400022647";"155741927";"A01";"1";"14";"0";"2";"1";"1";"1";""
"202400022647";"155741929";"B01";"1";"7";"0";"2";"4";"1";"1";""
"202400022648";"155741923";"A01";"1";"7";"0";"2";"7";"15";"1";""
"202400022648";"155741924";"B01";"2";"10";"0";"2";"1";"1";"1";""
"202400022649";"155741919";"A01";"3";"7";"0";"2";"1";"1";"1";""
"202400022649";"155741920";"C01";"3";"7";"0";"2";"5";"1";"3";""
"202400022649";"155741921";"B01";"3";"7";"0";"2";"4";"1";"1";""
"202400022649";"155741922";"D01";"3";"10";"0";"2";"4";"1";"1";""
"202400022650";"155741917";"A01";"3";"33";"0";"2";"1";"11";"1";""
"202400022650";"155741918";"B01";"3";"7";"0";"2";"6";"0";"3";""
"202400022651";"155741915";"A01";"1";"7";"0";"2";"7";"15";"1";""
"202400022651";"155741916";"B01";"2";"32";"0";"2";"1";"1";"1";""
"202400022652";"155741913";"A01";"1";"30";"0";"2";"1";"26";"1";""
"202400022652";"155741914";"B01";"1";"7";"0";"2";"4";"0";"1";""
"202400022653";"155741912";"A01";"2";"7";"0";"1";"1";"1";"1";""
"202400022654";"155741910";"A01";"3";"50";"0";"2";"3";"13";"3";""
"202400022654";"155741911";"B01";"0";"7";"0";"2";"3";"1";"1";""
"202400022655";"155741906";"A01";"0";"10";"0";"2";"1";"14";"1";""
"202400022655";"155741907";"B01";"0";"7";"0";"2";"3";"23";"1";""
"202400022656";"155741902";"A01";"2";"50";"0";"0";"1";"0";"3";""
"202400022657";"155741901";"A01";"1";"7";"0";"1";"3";"1";"1";""
"202400022658";"155741899";"A01";"3";"7";"0";"2";"2";"9";"1";""
"202400022658";"155741900";"B01";"3";"30";"0";"2";"1";"11";"1";""
"202400022659";"155741897";"A01";"3";"7";"0";"2";"4";"15";"1";""
"202400022659";"155741898";"B01";"3";"14";"0";"2";"1";"2";"1";""
"202400022660";"155741895";"A01";"3";"33";"0";"2";"1";"1";"1";""
"202400022660";"155741896";"B01";"3";"2";"0";"2";"2";"15";"1";""
"202400022661";"155741893";"A01";"2";"31";"0";"2";"1";"17";"1";""
"202400022661";"155741894";"B01";"2";"7";"0";"2";"3";"15";"3";""
"202400022662";"155741891";"B01";"1";"33";"0";"2";"7";"1";"1";""
"202400022662";"155741892";"A01";"1";"33";"0";"2";"6";"11";"1";""
"202400022663";"155741890";"A01";"2";"7";"4";"0";"4";"1";"1";""
"202400022664";"155741888";"A01";"0";"10";"0";"2";"2";"17";"1";""
"202400022664";"155741889";"B01";"0";"50";"0";"2";"8";"1";"3";""
"202400022665";"155741886";"Y01";"2";"1";"0";"2";"1";"3";"5";""
"202400022665";"155741887";"A01";"1";"7";"0";"2";"3";"15";"1";""
"202400022666";"155741884";"A01";"3";"7";"0";"2";"1";"1";"3";""
"202400022666";"155741885";"B01";"3";"33";"0";"2";"4";"1";"1";""
"202400022667";"155741883";"A01";"2";"60";"12";"0";"1";"1";"5";""
"202400022668";"155741881";"A01";"1";"80";"0";"2";"1";"5";"3";""
"202400022668";"155741882";"B01";"1";"32";"0";"2";"1";"1";"1";""
"202400022669";"155741880";"A01";"1";"7";"0";"1";"3";"1";"2";""
"202400022670";"155741879";"A01";"3";"7";"0";"1";"1";"16";"1";""
"202400022671";"155741877";"A01";"1";"10";"0";"2";"4";"2";"1";""
"202400022671";"155741878";"B01";"1";"7";"0";"2";"1";"2";"1";""
"202400022672";"155741875";"A01";"1";"80";"0";"2";"1";"1";"3";""
"202400022672";"155741876";"B01";"0";"7";"0";"2";"3";"22";"1";""
"202400022673";"155741873";"B01";"2";"1";"0";"0";"1";"5";"5";""
"202400022673";"155741874";"A01";"2";"7";"0";"0";"2";"9";"1";""
"202400022674";"155741872";"A01";"1";"1";"0";"0";"8";"2";"5";""
"202400022675";"155741870";"B01";"2";"80";"0";"2";"3";"2";"3";""
"202400022675";"155741871";"A01";"2";"7";"0";"2";"5";"17";"2";""
"202400022676";"155741868";"B01";"3";"7";"0";"2";"4";"0";"2";""
"202400022676";"155741869";"A01";"3";"7";"0";"2";"1";"26";"2";""
"202400022677";"155741866";"A01";"1";"7";"0";"2";"1";"15";"1";""
"202400022677";"155741867";"B01";"2";"43";"0";"2";"3";"0";"1";""
"202400022678";"155741863";"B01";"1";"7";"0";"2";"6";"2";"1";""
"202400022678";"155741864";"C01";"1";"80";"0";"2";"7";"3";"3";""
"202400022678";"155741865";"A01";"1";"7";"0";"2";"3";"1";"1";""
"202400022679";"155741861";"B01";"2";"33";"0";"2";"2";"0";"1";""
"202400022679";"155741862";"A01";"2";"7";"0";"2";"8";"15";"1";""
"202400022680";"155741859";"B01";"3";"60";"0";"2";"1";"17";"5";""
"202400022680";"155741860";"A01";"3";"7";"0";"9";"2";"26";"2";""
"202400022681";"155741858";"A01";"1";"10";"1";"1";"4";"26";"3";""
"202400022682";"155741855";"C01";"3";"7";"0";"9";"0";"1";"1";""
"202400022682";"155741856";"A01";"1";"7";"0";"2";"2";"1";"1";""
"202400022682";"155741857";"B01";"2";"34";"3";"2";"3";"1";"1";""
"202400022683";"155741854";"A01";"1";"37";"0";"1";"2";"1";"1";"1"
"202400022684";"155741853";"A01";"2";"33";"0";"1";"3";"3";"0";""
"202400022685";"155741851";"A01";"0";"50";"0";"2";"1";"1";"3";""
"202400022685";"155741852";"B01";"0";"60";"0";"2";"1";"1";"5";""
"202400022686";"155741850";"Z01";"2";"50";"0";"1";"1";"25";"3";""
"202400022687";"155741849";"A01";"3";"7";"0";"1";"1";"1";"2";""
"202400022688";"155741848";"A01";"2";"7";"14";"1";"1";"2";"1";""
"202400022689";"155741847";"A01";"1";"7";"0";"1";"7";"1";"1";""
"202400022690";"155741845";"B01";"1";"7";"0";"2";"3";"1";"1";""
"202400022690";"155741846";"A01";"2";"33";"0";"1";"2";"1";"1";""
"202400022691";"155741844";"A01";"1";"50";"0";"1";"1";"1";"3";""
"202400022692";"155741842";"B01";"3";"10";"0";"2";"4";"2";"1";""
"202400022692";"155741843";"A01";"3";"14";"0";"2";"1";"2";"1";""
"202400022693";"155741841";"A01";"2";"32";"0";"1";"1";"2";"1";""
"202400022694";"155741840";"A01";"1";"7";"13";"0";"1";"1";"1";""
"202400022695";"155741838";"A01";"1";"2";"0";"2";"1";"1";"1";""
"202400022695";"155741839";"B01";"1";"10";"0";"0";"6";"26";"1";""
"202400022696";"155741837";"A01";"1";"33";"8";"0";"1";"2";"1";""
"202400022697";"155741835";"B01";"1";"15";"0";"2";"3";"1";"1";""
"202400022697";"155741836";"A01";"2";"7";"0";"2";"3";"13";"1";""
"202400022698";"155741833";"A01";"1";"7";"0";"0";"7";"1";"1";""
"202400022698";"155741834";"B01";"2";"7";"0";"2";"1";"15";"1";""
"202400022699";"155741830";"C01";"1";"7";"0";"0";"1";"1";"1";""
"202400022699";"155741831";"A01";"2";"7";"0";"0";"1";"17";"1";""
"202400022699";"155741832";"B01";"2";"10";"0";"0";"3";"16";"1";""
"202400022700";"155741827";"A01";"2";"7";"3";"2";"1";"5";"1";""
"202400022700";"155741828";"B01";"1";"33";"0";"2";"3";"1";"1";""
"202400022700";"155741829";"C01";"1";"33";"0";"2";"1";"1";"1";""
"202400022701";"155741826";"A01";"1";"7";"2";"0";"3";"1";"1";""
"202400022702";"155741824";"B01";"3";"7";"0";"2";"3";"16";"1";""
"202400022702";"155741825";"A01";"3";"7";"0";"2";"1";"1";"1";""
"202400022703";"155741822";"A01";"1";"7";"0";"2";"1";"1";"1";""
"202400022703";"155741823";"B01";"1";"10";"0";"0";"4";"23";"1";""
"202400022704";"155741821";"A01";"0";"38";"0";"1";"1";"1";"1";"1"
"202400022705";"155741819";"B01";"2";"7";"0";"2";"3";"1";"1";""
"202400022705";"155741820";"A01";"1";"2";"0";"2";"1";"13";"1";""
"202400022706";"155741817";"B01";"2";"7";"0";"2";"2";"1";"1";""
"202400022706";"155741818";"A01";"1";"2";"0";"2";"3";"19";"1";""
"202400022707";"155741816";"A01";"1";"7";"6";"0";"1";"14";"1";""
"202400022708";"155741814";"A01";"1";"7";"0";"2";"2";"15";"0";""
"202400022708";"155741815";"B01";"1";"33";"0";"2";"2";"13";"1";""
"202400022709";"155741813";"A01";"2";"7";"0";"1";"2";"1";"1";""
"202400022710";"155741810";"A01";"0";"10";"0";"2";"2";"1";"1";""
"202400022710";"155741811";"B01";"0";"2";"0";"2";"3";"15";"1";""
"202400022711";"155741809";"A01";"0";"7";"5";"0";"1";"1";"3";""
"202400022712";"155741807";"A01";"2";"7";"0";"2";"1";"13";"1";""
"202400022712";"155741808";"B01";"1";"15";"0";"2";"1";"1";"1";""
"202400022713";"155741805";"B01";"1";"7";"11";"2";"1";"1";"1";""
"202400022713";"155741806";"A01";"1";"7";"11";"2";"7";"19";"1";""
"202400022714";"155741803";"B01";"0";"1";"0";"2";"2";"19";"5";""
"202400022714";"155741804";"A01";"0";"7";"0";"0";"5";"26";"1";""
"202400022715";"155741801";"B01";"2";"7";"0";"2";"3";"1";"1";""
"202400022715";"155741802";"A01";"2";"7";"0";"2";"2";"1";"1";""
"202400022716";"155741799";"B01";"2";"1";"0";"2";"1";"1";"5";""
"202400022716";"155741800";"A01";"1";"7";"0";"2";"1";"15";"1";""
"202400022717";"155741797";"B01";"1";"7";"0";"2";"1";"1";"1";""
"202400022717";"155741798";"A01";"2";"7";"0";"0";"3";"16";"1";""
"202400022718";"155741795";"B01";"2";"7";"0";"2";"1";"1";"1";""
"202400022718";"155741796";"A01";"1";"7";"0";"0";"7";"1";"1";""
"202400022719";"155741794";"A01";"1";"7";"2";"0";"3";"1";"1";""
"202400022720";"155741793";"A01";"1";"7";"15";"0";"0";"0";"1";""
"202400022721";"155741792";"A01";"1";"10";"8";"0";"1";"1";"1";""
"202400022722";"155741790";"A01";"0";"32";"0";"2";"1";"14";"1";""
"202400022722";"155741791";"B01";"0";"7";"0";"2";"3";"15";"1";""
"202400022723";"155741788";"B01";"3";"0";"0";"2";"0";"5";"0";""
"202400022723";"155741789";"A01";"3";"33";"6";"2";"3";"1";"1";""
"202400022724";"155741786";"A01";"1";"7";"0";"2";"3";"1";"1";""
"202400022724";"155741787";"B01";"2";"7";"0";"2";"1";"13";"1";""
"202400022725";"155741785";"A01";"1";"33";"0";"6";"1";"1";"1";""
"202400022726";"155741784";"A01";"1";"7";"0";"1";"2";"21";"1";""
"202400022727";"155741783";"A01";"2";"7";"2";"0";"1";"1";"1";""
"202400022728";"155741781";"A01";"3";"7";"0";"2";"1";"15";"2";""
"202400022728";"155741782";"B01";"1";"7";"0";"2";"1";"1";"1";""
"202400022729";"155741780";"A01";"1";"80";"11";"0";"9";"0";"3";""
"202400022730";"155741777";"A01";"3";"7";"0";"2";"7";"13";"1";""
"202400022730";"155741778";"B01";"3";"7";"0";"2";"6";"1";"1";""
"202400022730";"155741779";"C01";"3";"7";"0";"2";"1";"1";"1";""
"202400022731";"155741774";"A01";"3";"10";"16";"0";"9";"0";"1";""
"202400022732";"155741773";"A01";"2";"7";"15";"0";"1";"13";"1";""
"202400022733";"155741772";"A01";"2";"7";"16";"0";"0";"1";"1";""
"202400022734";"155741770";"A01";"1";"33";"0";"2";"1";"17";"1";""
"202400022734";"155741771";"B01";"1";"7";"0";"2";"3";"10";"1";""
"202400022735";"155741768";"A01";"1";"7";"0";"2";"1";"2";"1";""
"202400022735";"155741769";"B01";"1";"7";"13";"0";"4";"1";"1";""
"202400022736";"155741766";"A01";"1";"2";"0";"2";"1";"13";"1";""
"202400022736";"155741767";"B01";"2";"7";"0";"2";"1";"1";"1";""
"202400022737";"155741765";"A01";"2";"7";"0";"1";"4";"4";"1";""
"202400022738";"155741763";"A01";"1";"33";"0";"0";"7";"1";"1";""
"202400022738";"155741764";"B01";"1";"33";"8";"0";"8";"1";"1";""
"202400022739";"155741761";"B01";"1";"7";"0";"2";"5";"15";"1";""
"202400022739";"155741762";"A01";"2";"2";"0";"2";"1";"1";"1";""
"202400022740";"155741758";"C01";"1";"10";"0";"2";"1";"1";"1";""
"202400022740";"155741759";"A01";"2";"7";"0";"2";"2";"13";"1";""
"202400022740";"155741760";"B01";"1";"7";"0";"2";"1";"1";"1";""
"202400022741";"155741756";"A01";"3";"7";"0";"2";"1";"15";"1";""
"202400022741";"155741757";"B01";"1";"80";"0";"0";"8";"15";"3";""
"202400022742";"155741751";"E01";"2";"7";"0";"2";"5";"1";"1";""
"202400022742";"155741752";"A01";"2";"10";"0";"2";"3";"14";"1";""
"202400022742";"155741753";"B01";"2";"17";"0";"2";"5";"1";"1";""
"202400022742";"155741754";"C01";"2";"15";"0";"2";"7";"0";"1";""
"202400022742";"155741755";"D01";"2";"7";"0";"2";"5";"13";"1";""
"202400022743";"155741746";"A01";"1";"7";"0";"2";"6";"1";"1";""
"202400022743";"155741747";"Z01";"1";"7";"0";"2";"1";"2";"1";""
"202400022744";"155741744";"Z01";"2";"7";"0";"2";"1";"1";"1";""
"202400022744";"155741745";"A01";"2";"7";"0";"2";"4";"1";"1";""
"202400022745";"155741742";"A01";"1";"7";"0";"2";"4";"23";"1";""
"202400022745";"155741743";"Z01";"1";"7";"0";"2";"1";"1";"0";""
"202400022746";"155741739";"B01";"2";"7";"0";"2";"3";"11";"1";""
"202400022746";"155741740";"A01";"2";"33";"0";"2";"1";"3";"1";""
"202400022746";"155741741";"C01";"2";"7";"0";"2";"5";"1";"1";""
"202400022747";"155741737";"A01";"2";"7";"0";"2";"1";"1";"1";""
"202400022747";"155741738";"B01";"2";"7";"0";"2";"4";"1";"1";""
"202400022748";"155741736";"A01";"2";"7";"3";"0";"5";"1";"1";""
"202400022749";"155741734";"A01";"1";"33";"3";"2";"1";"16";"1";""
"202400022749";"155741735";"B01";"2";"34";"0";"2";"1";"1";"1";""
"202400022750";"155741731";"A01";"2";"10";"0";"2";"3";"2";"3";""
"202400022750";"155741732";"B01";"2";"7";"0";"2";"4";"1";"1";""
"202400022750";"155741733";"C01";"2";"7";"0";"2";"4";"0";"2";""
"202400022751";"155741730";"A01";"2";"33";"0";"0";"0";"26";"1";""
"202400022752";"155741728";"A01";"2";"34";"0";"2";"1";"3";"1";""
"202400022752";"155741729";"B01";"2";"7";"0";"2";"4";"1";"1";""
"202400022753";"155741726";"A01";"2";"7";"3";"0";"1";"1";"1";""
"202400022753";"155741727";"B01";"2";"7";"13";"0";"0";"1";"2";""
"202400022754";"155741724";"A01";"2";"10";"0";"2";"4";"1";"1";""
"202400022754";"155741725";"B01";"2";"10";"0";"2";"4";"1";"1";""
"202400022755";"155741722";"A01";"2";"7";"0";"2";"1";"15";"1";""
"202400022755";"155741723";"B01";"2";"7";"0";"2";"8";"1";"1";""
"202400022756";"155741720";"A01";"2";"7";"0";"2";"1";"1";"1";""
"202400022756";"155741721";"B01";"2";"7";"0";"2";"4";"1";"2";""
"202400022757";"155741719";"A01";"1";"7";"0";"1";"2";"1";"1";""
"202400022758";"155741717";"B01";"1";"7";"0";"2";"8";"0";"1";""
"202400022758";"155741718";"A01";"1";"15";"0";"2";"1";"12";"1";""
"202400022759";"155741715";"B01";"2";"15";"0";"2";"4";"2";"1";""
"202400022759";"155741716";"A01";"2";"7";"0";"2";"1";"2";"1";""
"202400022760";"155741713";"A01";"1";"1";"0";"2";"1";"0";"5";""
"202400022760";"155741714";"B01";"1";"7";"0";"2";"5";"1";"1";""
"202400022761";"155741711";"B01";"1";"50";"0";"2";"1";"1";"3";""
"202400022761";"155741712";"A01";"2";"7";"0";"2";"0";"1";"1";""
"202400022762";"155741709";"A01";"2";"7";"0";"2";"4";"26";"1";""
"202400022762";"155741710";"B01";"2";"7";"0";"2";"1";"2";"1";""
"202400022763";"155741707";"B01";"1";"7";"0";"2";"4";"16";"0";""
"202400022763";"155741708";"A01";"1";"7";"0";"2";"1";"1";"1";""
"202400022764";"155741705";"A01";"1";"7";"0";"2";"1";"26";"1";""
"202400022764";"155741706";"B01";"1";"33";"0";"2";"4";"2";"1";""
"202400022765";"155741702";"C01";"1";"10";"0";"2";"2";"11";"1";""
"202400022765";"155741703";"A01";"1";"33";"0";"2";"1";"2";"1";""
"202400022765";"155741704";"B01";"1";"7";"0";"2";"4";"2";"1";""
"202400022766";"155741700";"A01";"1";"33";"0";"2";"1";"2";"1";""
"202400022766";"155741701";"B01";"1";"10";"0";"2";"0";"2";"1";""
"202400022767";"155741699";"A01";"3";"30";"0";"0";"1";"1";"1";""
"202400022768";"155741697";"A01";"2";"1";"0";"2";"4";"1";"5";""
"202400022768";"155741698";"Z01";"1";"7";"0";"2";"1";"14";"0";""
"202400022769";"155741695";"B01";"2";"37";"0";"2";"1";"1";"1";"1"
"202400022769";"155741696";"A01";"1";"7";"0";"2";"1";"17";"1";""
"202400022770";"155741694";"A01";"1";"7";"0";"2";"2";"26";"1";""
"202400022771";"155741693";"A01";"1";"32";"0";"1";"1";"0";"1";""
"202400022772";"155741692";"A01";"1";"33";"0";"1";"1";"0";"1";""
"202400022773";"155741691";"A01";"2";"37";"0";"0";"0";"1";"1";"5"
"202400022774";"155741689";"A01";"1";"7";"0";"9";"3";"2";"1";""
"202400022774";"155741690";"B01";"2";"50";"0";"2";"1";"5";"3";""
"202400022775";"155741688";"A01";"1";"37";"0";"1";"3";"0";"1";"1"
"202400022776";"155741686";"A01";"1";"7";"0";"2";"8";"11";"1";""
"202400022776";"155741687";"B01";"2";"7";"0";"2";"0";"0";"1";""
"202400022777";"155741684";"A01";"1";"7";"6";"0";"3";"0";"1";""
"202400022777";"155741685";"B01";"1";"10";"0";"2";"1";"1";"1";""
"202400022778";"155741683";"A01";"3";"7";"1";"0";"3";"13";"1";""
"202400022779";"155741679";"A01";"3";"7";"0";"2";"2";"1";"0";""
"202400022779";"155741680";"B01";"3";"50";"0";"2";"1";"1";"3";""
"202400022780";"155741678";"A01";"3";"7";"0";"1";"1";"1";"1";""
"202400022781";"155741677";"A01";"3";"7";"3";"0";"9";"13";"1";""
"202400022782";"155741676";"A01";"2";"7";"0";"1";"2";"26";"1";""
"202400022783";"155741674";"B01";"1";"7";"0";"2";"4";"23";"1";""
"202400022783";"155741675";"A01";"1";"7";"0";"2";"1";"0";"1";""
"202400022784";"155741673";"A01";"3";"7";"0";"1";"3";"1";"1";""
"202400022785";"155741670";"A01";"1";"15";"0";"2";"2";"2";"1";""
"202400022785";"155741671";"B01";"1";"10";"0";"2";"4";"2";"1";""
"202400022785";"155741672";"C01";"1";"7";"0";"2";"4";"2";"1";""
"202400022786";"155741666";"B01";"0";"7";"0";"2";"7";"1";"0";""
"202400022786";"155741667";"A01";"0";"7";"0";"0";"0";"0";"0";""
"202400022787";"155741665";"A01";"1";"7";"0";"1";"3";"1";"1";""
"202400022788";"155741663";"A01";"3";"7";"9";"2";"1";"26";"1";""
"202400022788";"155741664";"B01";"3";"7";"9";"2";"1";"1";"1";""
"202400022789";"155741661";"A01";"3";"7";"0";"2";"2";"15";"1";""
"202400022789";"155741662";"B01";"0";"7";"0";"2";"1";"1";"1";""
"202400022790";"155741657";"D01";"1";"7";"0";"2";"4";"2";"1";""
"202400022790";"155741658";"A01";"1";"7";"0";"2";"1";"2";"1";""
"202400022790";"155741659";"B01";"1";"7";"0";"2";"4";"2";"1";""
"202400022790";"155741660";"C01";"1";"7";"0";"2";"4";"2";"1";""
"202400022791";"155741655";"A01";"3";"7";"0";"2";"1";"2";"1";""
"202400022791";"155741656";"B01";"3";"10";"0";"0";"4";"26";"1";""
"202400022792";"155741653";"A01";"2";"7";"0";"2";"1";"1";"1";""
"202400022792";"155741654";"B01";"1";"7";"0";"2";"5";"15";"1";""
"202400022793";"155741651";"A01";"3";"1";"0";"2";"0";"0";"5";""
"202400022793";"155741652";"B01";"3";"50";"0";"2";"0";"0";"3";""
"202400022794";"155741649";"A01";"3";"3";"0";"2";"2";"2";"1";""
"202400022794";"155741650";"B01";"3";"1";"0";"2";"4";"2";"5";""
"202400022795";"155741647";"A01";"1";"7";"0";"1";"1";"1";"1";""
"202400022796";"155741645";"A01";"1";"7";"0";"2";"1";"1";"1";""
"202400022796";"155741646";"B01";"1";"7";"0";"2";"4";"1";"1";""
"202400022797";"155741644";"A01";"1";"7";"0";"1";"1";"1";"1";""
"202400022798";"155741642";"A01";"3";"7";"0";"2";"1";"13";"1";""
"202400022798";"155741643";"B01";"3";"7";"0";"2";"1";"1";"1";""
"202400022799";"155741640";"A01";"1";"7";"6";"2";"1";"9";"1";""
"202400022799";"155741641";"B01";"2";"7";"0";"2";"8";"1";"1";""
"202400022800";"155741638";"A01";"3";"7";"0";"2";"2";"17";"1";""
"202400022800";"155741639";"B01";"3";"7";"0";"2";"6";"1";"1";""
"202400022801";"155741636";"A01";"2";"7";"0";"2";"1";"13";"1";""
"202400022801";"155741637";"B01";"2";"7";"12";"2";"3";"1";"1";""
"202400022802";"155741634";"A01";"1";"7";"0";"2";"3";"1";"1";""
"202400022802";"155741635";"B01";"1";"2";"0";"2";"8";"0";"1";""
"202400022803";"155741632";"B01";"1";"7";"0";"1";"1";"1";"1";""
"202400022803";"155741633";"A01";"1";"7";"0";"2";"1";"1";"1";""
"202400022804";"155741630";"B01";"3";"1";"0";"2";"7";"1";"5";""
"202400022804";"155741631";"A01";"3";"10";"0";"2";"3";"9";"1";""
"202400022805";"155741629";"A01";"2";"30";"0";"0";"8";"16";"3";""
"202400022806";"155741627";"A01";"2";"7";"15";"2";"3";"9";"1";""
"202400022806";"155741628";"B01";"2";"7";"15";"2";"2";"1";"1";""
"202400022807";"155741625";"B01";"1";"33";"0";"2";"8";"1";"1";""
"202400022807";"155741626";"A01";"1";"7";"0";"2";"7";"9";"1";""
"202400022808";"155741624";"A01";"2";"10";"0";"1";"1";"1";"1";""
"202400022809";"155741623";"A01";"1";"10";"0";"1";"4";"4";"1";""
"202400022810";"155741621";"B01";"3";"7";"0";"2";"6";"26";"1";""
"202400022810";"155741622";"A01";"3";"7";"0";"2";"1";"26";"1";""
"202400022811";"155741618";"A01";"3";"43";"0";"2";"2";"2";"1";""
"202400022811";"155741619";"B01";"1";"7";"0";"2";"3";"2";"1";""
"202400022812";"155741617";"A01";"3";"30";"0";"0";"7";"1";"1";""
"202400022813";"155741616";"A01";"2";"7";"6";"0";"1";"14";"1";""
"202400022814";"155741614";"B01";"1";"43";"0";"2";"1";"1";"1";""
"202400022814";"155741615";"A01";"3";"7";"0";"2";"5";"9";"1";""
"202400022815";"155741613";"A01";"2";"7";"10";"0";"1";"14";"1";""
"202400022816";"155741611";"A01";"2";"7";"0";"2";"1";"13";"1";""
"202400022816";"155741612";"B01";"1";"7";"0";"2";"1";"1";"1";""
"202400022817";"155741610";"A01";"1";"33";"0";"1";"1";"1";"1";""