"Num_Acc";"id_vehicule";"num_veh";"senc";"catv";"obs";"obsm";"choc";"manv";"motor";"occutc"
"202400022818";"155741608";"A01";"1";"7";"0";"2";"2";"1";"1";""
"202400022818";"155741609";"B01";"1";"7";"0";"2";"8";"15";"1";""
"202400022819";"155741606";"A01";"1";"7";"0";"2";"7";"17";"1";""
"202400022819";"155741607";"B01";"1";"50";"0";"2";"8";"2";"3";""
"202400022820";"155741604";"A01";"1";"7";"0";"2";"3";"13";"1";""
"202400022820";"155741605";"B01";"2";"7";"0";"2";"3";"1";"1";""
"202400022821";"155741602";"B01";"2";"34";"0";"2";"1";"1";"1";""
"202400022821";"155741603";"A01";"1";"7";"0";"2";"2";"15";"1";""
"202400022822";"155741600";"A01";"1";"33";"1";"2";"9";"2";"1";""
"202400022822";"155741601";"B01";"1";"7";"0";"2";"7";"2";"1";""
"202400022823";"155741598";"A01";"3";"33";"0";"2";"1";"1";"1";""
"202400022823";"155741599";"B01";"3";"7";"0";"2";"5";"1";"2";""
"202400022824";"155741593";"A01";"2";"7";"0";"1";"2";"1";"1";""
"202400022825";"155741590";"A01";"2";"7";"0";"2";"4";"23";"0";""
"202400022825";"155741591";"B01";"2";"7";"0";"2";"4";"23";"0";""
"202400022825";"155741592";"C01";"2";"7";"0";"2";"1";"0";"1";""
"202400022826";"155741589";"A01";"1";"7";"0";"0";"3";"1";"1";""
"202400022827";"155741587";"B01";"3";"1";"0";"2";"1";"9";"5";""
"202400022827";"155741588";"A01";"1";"50";"0";"2";"1";"5";"3";""
"202400022828";"155741585";"B01";"3";"50";"0";"2";"1";"1";"3";""
"202400022828";"155741586";"A01";"1";"7";"0";"2";"3";"9";"1";""
"202400022829";"155741584";"A01";"1";"1";"8";"0";"1";"1";"5";""
"202400022830";"155741583";"A01";"1";"33";"0";"1";"1";"1";"1";""
"202400022831";"155741581";"A01";"3";"7";"0";"2";"1";"5";"1";""
"202400022831";"155741582";"B01";"3";"7";"0";"2";"0";"0";"1";""
"202400022832";"155741579";"A01";"1";"33";"0";"2";"7";"17";"1";""
"202400022832";"155741580";"B01";"1";"7";"0";"2";"8";"15";"1";""
"202400022833";"155741578";"Z01";"2";"7";"0";"1";"1";"1";"0";""
"202400022834";"155741576";"A01";"1";"7";"0";"2";"6";"15";"1";""
"202400022834";"155741577";"B01";"2";"7";"2";"2";"1";"1";"1";""
"202400022835";"155741573";"A01";"1";"7";"0";"2";"1";"2";"1";""
"202400022835";"155741574";"B01";"1";"7";"0";"2";"4";"2";"1";""
"202400022835";"155741575";"C01";"1";"7";"0";"2";"4";"2";"2";""
"202400022836";"155741571";"B01";"0";"50";"0";"2";"7";"1";"3";""
"202400022836";"155741572";"A01";"0";"7";"0";"2";"1";"1";"1";""
"202400022837";"155741570";"Z01";"1";"7";"0";"1";"0";"26";"0";""
"202400022838";"155741568";"A01";"0";"7";"0";"2";"8";"6";"1";""
"202400022838";"155741569";"B01";"3";"7";"0";"2";"1";"7";"3";""
"202400022839";"155741566";"B01";"3";"31";"0";"2";"8";"1";"1";""
"202400022839";"155741567";"A01";"3";"7";"0";"2";"8";"15";"1";""
"202400022840";"155741564";"A01";"3";"7";"0";"2";"2";"16";"0";""
"202400022840";"155741565";"B01";"3";"50";"0";"2";"1";"15";"3";""
"202400022841";"155741562";"B01";"1";"7";"0";"2";"3";"1";"1";""
"202400022841";"155741563";"A01";"2";"7";"0";"2";"3";"13";"1";""
"202400022842";"155741560";"B01";"1";"7";"0";"2";"4";"1";"1";""
"202400022842";"155741561";"A01";"1";"10";"0";"2";"1";"1";"1";""
"202400022843";"155741558";"A01";"1";"7";"0";"2";"3";"15";"1";""
"202400022843";"155741559";"B01";"1";"2";"0";"2";"1";"17";"1";""
"202400022844";"155741557";"B01";"3";"7";"0";"2";"2";"14";"1";""
"202400022845";"155741555";"B01";"2";"80";"0";"2";"1";"1";"3";""
"202400022845";"155741556";"A01";"1";"7";"0";"2";"2";"1";"1";""
"202400022846";"155741553";"A01";"1";"7";"0";"2";"2";"1";"1";""
"202400022846";"155741554";"B01";"1";"50";"0";"2";"1";"1";"3";""
"202400022847";"155741552";"A01";"1";"33";"13";"0";"1";"1";"1";""
"202400022848";"155741550";"A01";"2";"10";"0";"2";"3";"1";"1";""
"202400022848";"155741551";"B01";"2";"1";"0";"2";"3";"15";"5";""
"202400022849";"155741548";"A01";"2";"7";"0";"2";"3";"15";"1";""
"202400022849";"155741549";"B01";"1";"33";"0";"2";"8";"1";"1";""
"202400022850";"155741546";"A01";"2";"7";"0";"2";"8";"22";"1";""
"202400022850";"155741547";"B01";"2";"1";"0";"2";"3";"1";"5";""
"202400022851";"155741544";"B01";"2";"33";"0";"2";"9";"1";"1";""
"202400022851";"155741545";"A01";"1";"7";"0";"2";"1";"6";"2";""
"202400022852";"155741542";"A01";"3";"7";"0";"2";"1";"15";"1";""
"202400022852";"155741543";"B01";"2";"34";"0";"2";"7";"17";"1";""
"202400022853";"155741540";"A01";"1";"10";"0";"2";"3";"15";"1";""
"202400022853";"155741541";"B01";"2";"30";"0";"2";"1";"1";"1";""
"202400022854";"155741539";"A01";"1";"7";"0";"1";"1";"26";"1";""
"202400022855";"155741536";"A01";"3";"7";"0";"0";"0";"26";"1";""
"202400022855";"155741537";"Y01";"3";"1";"0";"2";"0";"0";"5";""
"202400022856";"155741534";"A01";"1";"7";"0";"2";"1";"26";"1";""
"202400022856";"155741535";"B01";"2";"7";"0";"2";"1";"2";"1";""
"202400022857";"155741533";"A01";"1";"14";"0";"0";"8";"16";"1";""
"202400022858";"155741531";"A01";"2";"7";"0";"2";"1";"1";"1";""
"202400022858";"155741532";"B01";"1";"7";"0";"2";"4";"16";"1";""
"202400022859";"155741530";"A01";"0";"7";"0";"2";"3";"17";"2";""
"202400022860";"155741529";"A01";"1";"7";"0";"1";"1";"26";"3";""
"202400022861";"155741528";"A01";"1";"7";"13";"0";"9";"1";"1";""
"202400022862";"155741526";"A01";"1";"7";"0";"2";"2";"1";"2";""
"202400022862";"155741527";"B01";"3";"33";"0";"2";"8";"9";"1";""
"202400022863";"155741524";"B01";"0";"37";"0";"2";"2";"1";"1";"1"
"202400022863";"155741525";"A01";"0";"7";"0";"2";"1";"1";"1";""
"202400022864";"155741522";"B01";"3";"50";"0";"2";"1";"1";"3";""
"202400022864";"155741523";"A01";"3";"7";"0";"2";"3";"1";"1";""
"202400022865";"155741521";"A01";"2";"7";"0";"1";"1";"1";"2";""
"202400022866";"155741519";"B01";"2";"7";"0";"2";"5";"9";"1";""
"202400022866";"155741520";"A01";"1";"7";"0";"2";"1";"2";"1";""
"202400022867";"155741517";"A01";"1";"7";"0";"2";"0";"0";"1";""
"202400022867";"155741518";"B01";"1";"7";"0";"2";"0";"0";"1";""
"202400022868";"155741515";"B01";"1";"7";"0";"2";"1";"1";"1";""
"202400022868";"155741516";"A01";"1";"7";"0";"2";"5";"1";"1";""
"202400022869";"155741513";"A01";"2";"2";"0";"2";"1";"3";"1";""
"202400022869";"155741514";"B01";"2";"33";"0";"2";"8";"1";"1";""
"202400022870";"155741511";"A01";"2";"33";"0";"2";"1";"9";"1";""
"202400022870";"155741512";"B01";"2";"7";"0";"2";"4";"1";"1";""
"202400022871";"155741509";"B01";"2";"10";"0";"2";"5";"2";"1";""
"202400022871";"155741510";"A01";"2";"43";"0";"2";"1";"2";"1";""
"202400022872";"155741506";"B01";"2";"33";"0";"2";"1";"1";"1";""
"202400022872";"155741507";"A01";"2";"31";"0";"2";"4";"14";"1";""
"202400022872";"155741508";"Z01";"2";"0";"0";"2";"1";"1";"0";""
"202400022873";"155741503";"Z01";"2";"10";"0";"2";"8";"1";"0";""
"202400022873";"155741504";"A01";"2";"31";"0";"2";"8";"3";"1";""
"202400022873";"155741505";"B01";"2";"10";"0";"2";"7";"1";"1";""
"202400022874";"155741502";"A01";"3";"33";"0";"1";"2";"5";"1";""
"202400022875";"155741501";"A01";"1";"1";"0";"1";"8";"1";"5";""
"202400022876";"155741500";"A01";"2";"32";"0";"1";"2";"1";"1";""
"202400022877";"155741498";"A01";"3";"30";"0";"2";"1";"2";"1";""
"202400022877";"155741499";"B01";"3";"30";"0";"2";"4";"0";"1";""
"202400022878";"155741497";"Z01";"1";"7";"0";"1";"3";"1";"2";""
"202400022879";"155741496";"A01";"3";"7";"0";"1";"6";"0";"1";""
"202400022880";"155741494";"A01";"2";"32";"0";"2";"1";"17";"1";""
"202400022880";"155741495";"Z01";"2";"7";"0";"2";"6";"22";"2";""
"202400022881";"155741491";"A01";"0";"32";"0";"1";"3";"21";"1";""
"202400022882";"155741489";"A01";"2";"7";"0";"2";"1";"2";"1";""
"202400022882";"155741490";"B01";"2";"7";"0";"2";"4";"2";"1";""
"202400022883";"155741486";"A01";"3";"50";"0";"2";"1";"19";"3";""
"202400022883";"155741488";"B01";"2";"7";"0";"2";"8";"2";"2";""
"202400022884";"155741485";"B01";"1";"32";"0";"2";"7";"1";"1";""
"202400022884";"155741487";"A01";"1";"7";"0";"2";"3";"11";"1";""
"202400022885";"155741482";"A01";"2";"1";"0";"2";"7";"0";"5";""
"202400022885";"155741484";"Z01";"0";"7";"0";"9";"1";"0";"0";""
"202400022886";"155741481";"A01";"1";"7";"0";"2";"3";"1";"1";""
"202400022886";"155741483";"B01";"3";"1";"0";"2";"1";"19";"5";""
"202400022887";"155741477";"A01";"1";"2";"0";"2";"6";"15";"1";""
"202400022887";"155741479";"B01";"1";"7";"0";"2";"2";"1";"2";""
"202400022888";"155741475";"A01";"1";"10";"0";"1";"1";"1";"1";""
"202400022889";"155741472";"A01";"1";"50";"0";"1";"8";"1";"3";""
"202400022890";"155741471";"A01";"1";"7";"6";"0";"1";"1";"1";""
"202400022891";"155741468";"A01";"1";"7";"0";"1";"1";"1";"1";""
"202400022892";"155741469";"A01";"3";"10";"0";"2";"3";"2";"3";""
"202400022892";"155741470";"B01";"3";"7";"0";"2";"5";"1";"1";""
"202400022893";"155741466";"A01";"3";"3";"0";"2";"3";"13";"1";""
"202400022893";"155741467";"B01";"3";"14";"0";"2";"8";"1";"1";""
"202400022894";"155741465";"A01";"3";"33";"0";"1";"2";"1";"1";""
"202400022895";"155741463";"X01";"3";"7";"0";"2";"0";"0";"0";""
"202400022895";"155741464";"A01";"2";"2";"0";"2";"8";"0";"1";""
"202400022896";"155741462";"A01";"2";"7";"0";"1";"1";"1";"1";""
"202400022897";"155741459";"B01";"1";"80";"0";"2";"4";"11";"3";""
"202400022897";"155741461";"A01";"1";"30";"0";"2";"1";"1";"1";""
"202400022898";"155741457";"B01";"2";"7";"0";"2";"5";"15";"1";""
"202400022898";"155741458";"A01";"1";"7";"0";"2";"1";"17";"1";""
"202400022898";"155741460";"C01";"2";"7";"0";"2";"3";"1";"2";""
"202400022899";"155741453";"B01";"3";"7";"0";"2";"6";"15";"1";""
"202400022899";"155741456";"A01";"1";"7";"0";"2";"0";"0";"1";""
"202400022900";"155741454";"A01";"1";"7";"0";"2";"1";"1";"1";""
"202400022900";"155741455";"B01";"1";"7";"0";"1";"1";"1";"1";""
"202400022901";"155741451";"A01";"1";"7";"0";"2";"1";"15";"3";""
"202400022901";"155741452";"B01";"2";"50";"0";"2";"1";"19";"3";""
"202400022902";"155741450";"A01";"2";"13";"0";"1";"3";"15";"1";""
"202400022903";"155741449";"A01";"1";"7";"0";"1";"2";"1";"1";""
"202400022904";"155741447";"A01";"1";"7";"0";"2";"1";"1";"1";""
"202400022904";"155741448";"C01";"1";"2";"16";"0";"7";"1";"3";""
"202400022905";"155741445";"A01";"1";"7";"0";"2";"7";"15";"1";""
"202400022905";"155741446";"B01";"2";"31";"0";"2";"1";"1";"1";""
"202400022906";"155741442";"A01";"1";"10";"0";"2";"1";"13";"1";""
"202400022906";"155741443";"B01";"0";"7";"0";"2";"1";"1";"1";""
"202400022907";"155741439";"A01";"2";"34";"0";"2";"1";"1";"1";""
"202400022907";"155741440";"B01";"1";"7";"0";"2";"1";"15";"1";""
"202400022908";"155741441";"A01";"1";"32";"0";"2";"8";"18";"1";""
"202400022908";"155741444";"B01";"1";"7";"0";"2";"7";"16";"2";""
"202400022909";"155741437";"A01";"2";"43";"0";"2";"3";"3";"1";""
"202400022909";"155741438";"B01";"2";"7";"0";"2";"7";"12";"1";""
"202400022910";"155741434";"A01";"1";"7";"0";"2";"5";"23";"2";""
"202400022910";"155741436";"B01";"1";"1";"0";"2";"3";"1";"5";""
"202400022911";"155741433";"B01";"2";"33";"0";"2";"8";"1";"1";""
"202400022911";"155741435";"A01";"2";"33";"0";"2";"7";"1";"1";""
"202400022912";"155741431";"A01";"1";"80";"0";"2";"1";"1";"3";""
"202400022912";"155741432";"B01";"2";"50";"0";"2";"1";"1";"3";""
"202400022913";"155741429";"A01";"2";"10";"0";"2";"5";"4";"1";""
"202400022913";"155741430";"B01";"1";"43";"0";"2";"3";"1";"1";""
"202400022914";"155741428";"A01";"3";"7";"0";"1";"2";"1";"1";""
"202400022915";"155741426";"A01";"1";"33";"0";"2";"2";"17";"1";""
"202400022915";"155741427";"B01";"1";"10";"0";"2";"3";"15";"1";""
"202400022916";"155741425";"A01";"3";"7";"0";"1";"6";"4";"1";""
"202400022917";"155741422";"A01";"2";"7";"0";"2";"2";"15";"1";""
"202400022917";"155741424";"B01";"1";"7";"0";"2";"3";"1";"1";""
"202400022918";"155741421";"A01";"1";"7";"0";"2";"2";"2";"1";""
"202400022918";"155741423";"B01";"1";"7";"0";"2";"3";"2";"1";""
"202400022919";"155741418";"A01";"2";"7";"0";"2";"3";"13";"1";""
"202400022919";"155741419";"B01";"2";"2";"0";"2";"8";"2";"3";""
"202400022920";"155741417";"A01";"1";"7";"9";"2";"1";"15";"1";""
"202400022920";"155741420";"B01";"2";"2";"12";"2";"3";"1";"1";""
"202400022921";"155741414";"A01";"1";"7";"0";"2";"2";"0";"1";""
"202400022921";"155741416";"B01";"1";"7";"0";"2";"3";"0";"2";""
"202400022922";"155741413";"A01";"1";"1";"0";"2";"1";"19";"5";""
"202400022922";"155741415";"B01";"1";"7";"0";"2";"8";"1";"1";""
"202400022923";"155741412";"A01";"1";"7";"0";"9";"1";"26";"1";""
"202400022924";"155741410";"B01";"1";"7";"0";"2";"3";"0";"1";""
"202400022924";"155741411";"A01";"2";"32";"0";"2";"1";"0";"1";""
"202400022925";"155741408";"A01";"1";"7";"0";"2";"1";"1";"1";""
"202400022925";"155741409";"B01";"1";"7";"0";"2";"4";"23";"2";""
"202400022926";"155741407";"A01";"2";"1";"0";"1";"1";"1";"5";""
"202400022927";"155741404";"B01";"3";"50";"15";"2";"1";"5";"3";""
"202400022927";"155741406";"A01";"3";"7";"0";"2";"2";"23";"1";""
"202400022928";"155741403";"A01";"1";"7";"0";"2";"2";"16";"3";""
"202400022928";"155741405";"B01";"2";"1";"0";"2";"1";"0";"5";""
"202400022929";"155741401";"A01";"3";"7";"8";"0";"3";"13";"1";""
"202400022930";"155741402";"A01";"0";"10";"0";"1";"3";"26";"0";""
"202400022931";"155741400";"A01";"0";"7";"8";"0";"1";"1";"1";""
"202400022932";"155741399";"A01";"1";"7";"0";"1";"1";"17";"1";""
"202400022933";"155741398";"A01";"3";"10";"0";"1";"1";"20";"1";""
"202400022934";"155741397";"A01";"1";"43";"1";"0";"1";"1";"1";""
"202400022935";"155741394";"B01";"1";"1";"0";"2";"1";"1";"5";""
"202400022935";"155741396";"A01";"1";"10";"0";"9";"4";"26";"1";""
"202400022936";"155741393";"A01";"3";"7";"0";"2";"1";"5";"1";""
"202400022936";"155741395";"B01";"3";"37";"0";"2";"1";"1";"1";"1"
"202400022937";"155741390";"B01";"3";"7";"0";"2";"3";"1";"1";""
"202400022937";"155741392";"A01";"3";"33";"0";"2";"3";"11";"1";""
"202400022938";"155741389";"A01";"3";"7";"0";"2";"2";"1";"1";""
"202400022938";"155741391";"B01";"3";"1";"0";"2";"0";"0";"5";""
"202400022939";"155741386";"A01";"2";"7";"0";"1";"2";"1";"1";""
"202400022940";"155741385";"A01";"2";"1";"0";"2";"2";"1";"5";""
"202400022940";"155741387";"B01";"2";"7";"0";"2";"6";"23";"1";""
"202400022941";"155741383";"A01";"2";"7";"0";"2";"1";"15";"1";""
"202400022942";"155741382";"B01";"0";"7";"0";"0";"3";"15";"2";""
"202400022942";"155741384";"A01";"1";"32";"0";"0";"0";"15";"1";""
"202400022943";"155741380";"A01";"1";"34";"0";"2";"1";"15";"1";""
"202400022943";"155741381";"B01";"2";"32";"0";"2";"7";"17";"1";""
"202400022944";"155741378";"A01";"3";"34";"0";"0";"0";"0";"1";""
"202400022944";"155741379";"B01";"3";"0";"0";"0";"0";"0";"0";""
"202400022945";"155741375";"B01";"3";"1";"1";"0";"1";"1";"5";""
"202400022945";"155741377";"A01";"0";"7";"0";"2";"7";"22";"2";""
"202400022946";"155741374";"B01";"1";"7";"0";"2";"7";"16";"1";""
"202400022946";"155741376";"A01";"1";"30";"0";"2";"3";"18";"1";""
"202400022947";"155741373";"A01";"3";"7";"0";"0";"1";"1";"1";""
"202400022948";"155741371";"A01";"1";"34";"0";"6";"1";"19";"1";""
"202400022949";"155741372";"B01";"1";"1";"0";"2";"0";"0";"5";""
"202400022950";"155741368";"A01";"1";"30";"8";"0";"0";"20";"1";""
"202400022951";"155741369";"B01";"2";"50";"0";"2";"0";"0";"3";""
"202400022951";"155741370";"A01";"1";"7";"0";"9";"2";"15";"1";""
"202400022952";"155741367";"A01";"3";"7";"8";"0";"2";"14";"1";""
"202400022953";"155741364";"A01";"1";"7";"0";"2";"2";"0";"1";""
"202400022953";"155741366";"B01";"1";"15";"0";"0";"6";"1";"1";""
"202400022954";"155741363";"B01";"1";"7";"0";"9";"2";"15";"1";""
"202400022954";"155741365";"A01";"2";"1";"0";"2";"1";"1";"5";""
"202400022955";"155741361";"A01";"2";"33";"0";"2";"1";"1";"1";""
"202400022955";"155741362";"B01";"2";"7";"0";"0";"8";"15";"1";""
"202400022956";"155741358";"A01";"2";"7";"3";"0";"2";"1";"1";""
"202400022957";"155741359";"A01";"2";"7";"0";"2";"1";"1";"1";""
"202400022957";"155741360";"B01";"2";"7";"0";"2";"4";"1";"2";""
"202400022958";"155741355";"A01";"1";"10";"3";"2";"1";"11";"1";""
"202400022958";"155741357";"B01";"1";"15";"0";"2";"8";"1";"1";""
"202400022959";"155741354";"A01";"2";"7";"0";"2";"5";"14";"1";""
"202400022959";"155741356";"B01";"2";"7";"0";"2";"3";"1";"1";""
"202400022960";"155741351";"A01";"2";"34";"0";"2";"1";"2";"1";""
"202400022960";"155741353";"B01";"1";"10";"0";"2";"3";"10";"1";""
"202400022961";"155741352";"A01";"1";"7";"4";"0";"1";"2";"1";""
"202400022962";"155741348";"A01";"1";"7";"0";"2";"2";"17";"1";""
"202400022962";"155741350";"B01";"1";"1";"0";"2";"4";"15";"5";""
"202400022963";"155741346";"A01";"2";"32";"0";"2";"3";"3";"1";""
"202400022963";"155741347";"B01";"2";"7";"0";"2";"7";"1";"1";""
"202400022963";"155741349";"C01";"2";"7";"0";"2";"6";"1";"1";""
"202400022964";"155741344";"A01";"2";"15";"1";"0";"7";"15";"1";""
"202400022964";"155741345";"B01";"0";"7";"0";"0";"8";"22";"1";""
"202400022965";"155741341";"A01";"2";"33";"0";"2";"1";"0";"1";""
"202400022965";"155741343";"B01";"2";"7";"0";"2";"4";"0";"2";""
"202400022966";"155741339";"A01";"1";"31";"0";"0";"1";"26";"1";""
"202400022967";"155741336";"A01";"2";"7";"0";"2";"1";"13";"1";""
"202400022967";"155741338";"B01";"1";"33";"0";"2";"1";"1";"1";""
"202400022968";"155741335";"B01";"1";"10";"0";"2";"1";"1";"1";""
"202400022968";"155741337";"A01";"1";"7";"0";"2";"4";"1";"1";""
"202400022969";"155741334";"A01";"1";"7";"2";"0";"7";"2";"1";""
"202400022970";"155741331";"A01";"2";"32";"0";"0";"7";"1";"1";""
"202400022971";"155741332";"B01";"2";"7";"0";"2";"1";"1";"1";""
"202400022971";"155741333";"A01";"1";"7";"0";"2";"1";"13";"1";""
"202400022972";"155741330";"A01";"2";"7";"3";"0";"1";"1";"1";""
"202400022973";"155741328";"B01";"1";"7";"0";"2";"8";"1";"1";""
"202400022973";"155741329";"A01";"1";"7";"0";"2";"5";"4";"1";""
"202400022974";"155741327";"A01";"1";"7";"0";"1";"1";"1";"1";""
"202400022975";"155741326";"A01";"2";"30";"0";"1";"1";"19";"1";""
"202400022976";"155741324";"B01";"1";"10";"0";"2";"1";"1";"1";""
"202400022976";"155741325";"A01";"2";"33";"0";"2";"1";"13";"1";""
"202400022977";"155741322";"A01";"1";"7";"0";"2";"1";"9";"1";""
"202400022977";"155741323";"B01";"3";"50";"0";"2";"7";"1";"3";""
"202400022978";"155741321";"A01";"0";"2";"0";"0";"0";"1";"1";""
"202400022979";"155741319";"A01";"3";"30";"0";"0";"0";"1";"1";""
"202400022980";"155741318";"B01";"3";"31";"0";"2";"1";"1";"1";""
"202400022980";"155741320";"A01";"3";"7";"0";"2";"3";"1";"1";""
"202400022981";"155741315";"A01";"1";"7";"0";"2";"5";"14";"1";""
"202400022981";"155741316";"B01";"1";"2";"0";"2";"1";"1";"1";""
"202400022982";"155741314";"A01";"2";"33";"0";"2";"1";"1";"1";""
"202400022982";"155741317";"B01";"3";"7";"0";"2";"5";"9";"1";""
"202400022983";"155741311";"A01";"2";"7";"6";"0";"1";"13";"1";""
"202400022984";"155741312";"A01";"2";"7";"0";"2";"1";"15";"1";""
"202400022984";"155741313";"B01";"1";"50";"0";"2";"1";"1";"3";""
"202400022985";"155741310";"A01";"1";"33";"4";"0";"6";"1";"1";""
"202400022986";"155741308";"A01";"1";"33";"0";"2";"8";"1";"1";""
"202400022986";"155741309";"B01";"1";"7";"0";"2";"2";"12";"1";""
"202400022987";"155741307";"A01";"2";"33";"0";"0";"0";"1";"1";""
"202400022988";"155741305";"A01";"1";"31";"0";"0";"1";"1";"1";""
"202400022989";"155741304";"A01";"1";"7";"0";"2";"1";"1";"1";""
"202400022989";"155741306";"B01";"2";"1";"0";"2";"3";"19";"5";""
"202400022990";"155741300";"A01";"1";"2";"0";"2";"1";"17";"1";""
"202400022990";"155741302";"C01";"1";"7";"0";"2";"8";"1";"1";""
"202400022990";"155741303";"B01";"2";"7";"0";"2";"3";"1";"1";""
"202400022991";"155741299";"Z01";"1";"7";"0";"2";"8";"10";"1";""
"202400022991";"155741301";"B01";"1";"2";"0";"2";"1";"1";"1";""
"202400022992";"155741296";"A01";"2";"7";"0";"2";"7";"2";"1";""
"202400022992";"155741298";"B01";"1";"7";"0";"2";"2";"1";"1";""
"202400022993";"155741295";"B01";"2";"30";"0";"2";"1";"0";"1";""
"202400022993";"155741297";"A01";"1";"7";"0";"2";"2";"2";"2";""
"202400022994";"155741293";"A01";"1";"7";"0";"1";"1";"1";"1";""
"202400022995";"155741292";"A01";"2";"7";"0";"2";"2";"1";"1";""
"202400022995";"155741294";"B01";"1";"10";"0";"2";"1";"1";"1";""
"202400022996";"155741291";"A01";"3";"7";"0";"1";"1";"26";"1";""
"202400022997";"155741290";"A01";"1";"7";"0";"1";"7";"1";"1";""
"202400022998";"155741288";"A01";"3";"7";"0";"1";"8";"9";"1";""
"202400022999";"155741287";"B01";"2";"33";"0";"2";"2";"2";"1";""
"202400022999";"155741289";"A01";"2";"7";"0";"2";"6";"1";"3";""
"202400023000";"155741281";"A01";"2";"7";"0";"2";"3";"5";"1";""
"202400023000";"155741283";"B01";"1";"7";"0";"2";"6";"1";"1";""
"202400023000";"155741284";"C01";"2";"7";"0";"2";"5";"2";"2";""
"202400023001";"155741279";"A01";"2";"7";"0";"2";"1";"2";"2";""
"202400023001";"155741280";"B01";"2";"7";"0";"2";"4";"2";"1";""
"202400023001";"155741282";"C01";"2";"7";"0";"2";"1";"2";"1";""
"202400023001";"155741285";"D01";"2";"7";"0";"2";"1";"2";"1";""
"202400023001";"155741286";"E01";"2";"7";"0";"2";"4";"1";"1";""
"202400023002";"155741278";"A01";"3";"7";"0";"0";"1";"1";"1";""
"202400023003";"155741275";"B01";"3";"50";"0";"2";"1";"2";"3";""
"202400023003";"155741277";"A01";"3";"30";"0";"2";"1";"5";"1";""
"202400023004";"155741274";"B01";"1";"7";"0";"2";"8";"1";"1";""
"202400023004";"155741276";"A01";"2";"7";"0";"2";"1";"15";"2";""
"202400023005";"155741272";"A01";"3";"33";"0";"2";"1";"17";"1";""
"202400023005";"155741273";"B01";"3";"7";"0";"2";"2";"15";"1";""
"202400023006";"155741271";"A01";"3";"7";"0";"1";"4";"20";"1";""
"202400023007";"155741267";"A01";"2";"7";"0";"2";"4";"1";"1";""
"202400023007";"155741268";"B01";"2";"7";"0";"2";"1";"2";"1";""
"202400023007";"155741270";"C01";"2";"31";"0";"2";"1";"2";"1";""
"202400023008";"155741265";"A01";"1";"10";"2";"2";"3";"1";"1";""
"202400023008";"155741266";"B01";"2";"7";"13";"2";"2";"13";"1";""
"202400023009";"155741262";"B01";"1";"7";"0";"2";"7";"16";"1";""
"202400023009";"155741264";"A01";"1";"99";"0";"2";"1";"19";"3";""
"202400023010";"155741261";"B01";"1";"1";"13";"0";"2";"21";"5";""
"202400023010";"155741263";"A01";"1";"21";"0";"0";"0";"17";"1";""
"202400023011";"155741260";"A01";"3";"37";"0";"1";"7";"16";"1";"1"
"202400023012";"155741258";"B01";"0";"1";"0";"2";"1";"1";"5";""
"202400023012";"155741259";"A01";"0";"10";"0";"2";"2";"1";"0";""
"202400023013";"155741256";"A01";"3";"10";"0";"2";"1";"1";"1";""
"202400023013";"155741257";"B01";"3";"80";"0";"2";"2";"19";"3";""
"202400023014";"155741254";"A01";"2";"10";"0";"2";"1";"1";"1";""
"202400023014";"155741255";"B01";"2";"10";"0";"2";"4";"1";"1";""
"202400023015";"155741253";"A01";"2";"7";"0";"1";"1";"0";"1";""
"202400023016";"155741252";"A01";"2";"15";"0";"0";"8";"1";"1";""
"202400023017";"155741249";"A01";"3";"7";"0";"2";"1";"1";"1";""
"202400023017";"155741250";"B01";"3";"60";"0";"2";"7";"19";"5";""
"202400023018";"155741248";"B01";"1";"38";"2";"0";"5";"21";"1";"9"
"202400023018";"155741251";"A01";"2";"21";"0";"0";"0";"26";"1";""
"202400023019";"155741246";"A01";"3";"7";"0";"2";"1";"15";"1";""
"202400023019";"155741247";"B01";"3";"10";"0";"2";"8";"1";"1";""
"202400023020";"155741242";"A01";"2";"14";"0";"1";"3";"1";"1";""
"202400023021";"155741241";"A01";"2";"17";"0";"2";"2";"2";"1";""
"202400023021";"155741243";"B01";"2";"7";"0";"2";"4";"2";"1";""
"202400023021";"155741244";"C01";"2";"7";"0";"2";"4";"2";"1";""
"202400023021";"155741245";"D01";"2";"7";"0";"0";"5";"2";"1";""
"202400023022";"155741240";"A01";"1";"7";"0";"1";"1";"1";"2";""
"202400023023";"155741239";"A01";"3";"7";"0";"1";"1";"1";"1";""
"202400023024";"155741237";"B01";"0";"60";"0";"2";"8";"1";"5";""
"202400023024";"155741238";"A01";"0";"7";"0";"2";"8";"23";"1";""
"202400023025";"155741235";"A01";"1";"14";"0";"2";"2";"19";"1";""
"202400023025";"155741236";"B01";"1";"7";"0";"2";"3";"19";"1";""
"202400023026";"155741232";"B01";"2";"33";"0";"2";"1";"2";"1";""
"202400023026";"155741233";"A01";"2";"10";"0";"0";"5";"15";"1";""
"202400023027";"155741231";"A01";"0";"7";"0";"2";"8";"15";"1";""
"202400023027";"155741234";"B01";"1";"7";"0";"2";"1";"1";"1";""
"202400023028";"155741228";"A01";"2";"10";"0";"2";"1";"1";"1";""
"202400023028";"155741230";"B01";"2";"38";"0";"0";"4";"1";"1";"2"
"202400023029";"155741229";"A01";"3";"7";"0";"1";"2";"15";"1";""