"Num_Acc";"id_vehicule";"num_veh";"senc";"catv";"obs";"obsm";"choc";"manv";"motor";"occutc"
"202400023030";"155741225";"B01";"2";"1";"0";"0";"4";"13";"5";""
"202400023030";"155741227";"A01";"2";"10";"0";"2";"2";"13";"1";""
"202400023031";"155741224";"B01";"1";"31";"0";"2";"7";"17";"0";""
"202400023031";"155741226";"A01";"1";"7";"0";"2";"3";"15";"0";""
"202400023032";"155741222";"B01";"1";"1";"0";"0";"8";"1";"5";""
"202400023032";"155741223";"A01";"1";"7";"0";"2";"2";"2";"1";""
"202400023033";"155741221";"A01";"2";"43";"0";"0";"1";"1";"1";""
"202400023034";"155741220";"A01";"2";"7";"16";"0";"9";"14";"1";""
"202400023035";"155741216";"A01";"1";"7";"0";"2";"1";"13";"1";""
"202400023035";"155741218";"C01";"2";"7";"0";"2";"3";"1";"1";""
"202400023035";"155741219";"B01";"2";"7";"0";"2";"1";"1";"1";""
"202400023036";"155741215";"A01";"0";"15";"0";"2";"3";"1";"1";""
"202400023036";"155741217";"B01";"0";"7";"0";"2";"3";"15";"1";""
"202400023037";"155741212";"B01";"2";"33";"0";"2";"1";"1";"1";""
"202400023037";"155741214";"A01";"2";"7";"0";"2";"2";"16";"1";""
"202400023038";"155741211";"A01";"2";"33";"0";"2";"2";"2";"1";""
"202400023038";"155741213";"B01";"2";"7";"0";"2";"3";"2";"0";""
"202400023039";"155741209";"A01";"2";"33";"1";"0";"2";"1";"1";""
"202400023040";"155741208";"A01";"1";"7";"8";"4";"8";"26";"1";""
"202400023040";"155741210";"B01";"1";"40";"0";"2";"1";"0";"3";""
"202400023041";"155741204";"A01";"2";"10";"15";"2";"2";"26";"1";""
"202400023041";"155741206";"B01";"2";"10";"0";"2";"1";"1";"1";""
"202400023042";"155741205";"A01";"1";"7";"0";"2";"1";"15";"1";""
"202400023042";"155741207";"B01";"2";"32";"0";"2";"1";"1";"1";""
"202400023043";"155741202";"A01";"1";"33";"16";"0";"1";"17";"1";""
"202400023044";"155741201";"A01";"1";"7";"0";"2";"1";"26";"1";""
"202400023044";"155741203";"B01";"1";"30";"0";"2";"4";"1";"0";""
"202400023045";"155741199";"A01";"2";"33";"0";"2";"1";"1";"1";""
"202400023045";"155741200";"B01";"3";"7";"0";"2";"5";"9";"1";""
"202400023046";"155741197";"A01";"3";"7";"0";"2";"7";"12";"1";""
"202400023046";"155741198";"B01";"3";"1";"0";"2";"3";"0";"5";""
"202400023047";"155741195";"A01";"1";"7";"8";"0";"1";"1";"1";""
"202400023048";"155741196";"A01";"1";"33";"6";"0";"3";"13";"1";""
"202400023049";"155741190";"A01";"2";"7";"0";"2";"8";"22";"3";""
"202400023049";"155741193";"B01";"3";"1";"1";"0";"1";"1";"5";""
"202400023050";"155741189";"A01";"1";"7";"0";"2";"1";"5";"1";""
"202400023050";"155741192";"B01";"2";"7";"0";"2";"1";"1";"1";""
"202400023050";"155741194";"C01";"2";"7";"0";"2";"3";"1";"1";""
"202400023051";"155741188";"A01";"1";"7";"0";"2";"3";"0";"3";""
"202400023051";"155741191";"B01";"2";"34";"0";"2";"3";"13";"1";""
"202400023052";"155741183";"B01";"1";"10";"0";"0";"5";"1";"1";""
"202400023052";"155741186";"A01";"1";"32";"0";"2";"1";"2";"1";""
"202400023053";"155741181";"B01";"1";"7";"0";"2";"3";"1";"1";""
"202400023053";"155741182";"C01";"2";"31";"0";"2";"7";"1";"1";""
"202400023053";"155741184";"A01";"2";"7";"0";"2";"3";"13";"1";""
"202400023054";"155741180";"A01";"3";"7";"0";"1";"2";"1";"1";""
"202400023055";"155741178";"A01";"1";"33";"3";"0";"1";"0";"1";""
"202400023056";"155741177";"B01";"2";"17";"0";"2";"3";"1";"1";""
"202400023056";"155741179";"A01";"2";"7";"3";"2";"2";"14";"2";""
"202400023057";"155741176";"A01";"1";"7";"0";"0";"9";"17";"1";""
"202400023058";"155741171";"A01";"2";"7";"0";"2";"2";"16";"1";""
"202400023058";"155741174";"B01";"1";"80";"0";"2";"1";"21";"3";""
"202400023059";"155741172";"A01";"1";"31";"8";"0";"1";"0";"1";""
"202400023060";"155741169";"A01";"1";"7";"0";"0";"4";"1";"1";""
"202400023060";"155741170";"B01";"1";"7";"0";"2";"1";"2";"1";""
"202400023060";"155741173";"C01";"1";"7";"0";"2";"1";"2";"1";""
"202400023060";"155741175";"D01";"1";"7";"0";"2";"1";"2";"2";""
"202400023061";"155741164";"A01";"1";"10";"0";"2";"7";"15";"1";""
"202400023061";"155741167";"B01";"2";"2";"0";"2";"1";"1";"1";""
"202400023062";"155741165";"B01";"3";"33";"0";"2";"1";"1";"1";""
"202400023062";"155741168";"A01";"0";"10";"0";"2";"5";"4";"1";""
"202400023063";"155741163";"A01";"3";"7";"0";"2";"1";"15";"1";""
"202400023063";"155741166";"B01";"3";"7";"0";"2";"2";"1";"1";""
"202400023064";"155741162";"A01";"2";"7";"8";"0";"2";"9";"1";""
"202400023065";"155741157";"A01";"1";"7";"0";"2";"1";"2";"1";""
"202400023065";"155741160";"B01";"1";"7";"0";"2";"4";"1";"0";""
"202400023066";"155741156";"A01";"2";"7";"0";"2";"1";"1";"1";""
"202400023066";"155741159";"B01";"1";"50";"0";"0";"4";"14";"3";""
"202400023067";"155741155";"A01";"1";"7";"0";"2";"4";"15";"1";""
"202400023067";"155741158";"B01";"1";"7";"0";"2";"1";"2";"1";""
"202400023067";"155741161";"C01";"2";"7";"8";"2";"3";"1";"1";""
"202400023068";"155741152";"A01";"2";"7";"0";"2";"3";"2";"1";""
"202400023068";"155741153";"B01";"2";"7";"0";"2";"5";"2";"1";""
"202400023069";"155741151";"B01";"3";"50";"0";"2";"7";"1";"3";""
"202400023069";"155741154";"A01";"2";"7";"0";"2";"3";"9";"1";""
"202400023070";"155741150";"A01";"1";"7";"0";"1";"1";"1";"1";""
"202400023071";"155741148";"A01";"2";"1";"0";"2";"7";"19";"5";""
"202400023071";"155741149";"B01";"2";"7";"0";"2";"1";"16";"1";""
"202400023072";"155741147";"A01";"3";"7";"0";"1";"4";"20";"1";""
"202400023073";"155741145";"A01";"1";"7";"3";"0";"9";"1";"3";""
"202400023074";"155741144";"A01";"1";"7";"0";"2";"1";"13";"1";""
"202400023074";"155741146";"B01";"2";"7";"0";"0";"1";"1";"1";""
"202400023075";"155741141";"B01";"1";"7";"0";"2";"1";"15";"1";""
"202400023075";"155741143";"A01";"1";"50";"0";"2";"1";"25";"3";""
"202400023076";"155741137";"A01";"2";"7";"0";"2";"5";"2";"1";""
"202400023076";"155741139";"B01";"2";"1";"0";"2";"4";"2";"5";""
"202400023076";"155741142";"C01";"2";"1";"0";"2";"4";"2";"5";""
"202400023077";"155741138";"A01";"3";"7";"0";"2";"2";"1";"1";""
"202400023077";"155741140";"B01";"3";"7";"0";"2";"7";"15";"1";""
"202400023078";"155741135";"A01";"3";"50";"0";"2";"4";"11";"3";""
"202400023078";"155741136";"B01";"3";"7";"0";"2";"1";"1";"2";""
"202400023079";"155741130";"B01";"1";"7";"0";"2";"1";"5";"0";""
"202400023079";"155741133";"A01";"2";"7";"0";"2";"1";"1";"1";""
"202400023080";"155741129";"A01";"2";"1";"0";"0";"0";"0";"5";""
"202400023081";"155741128";"B01";"2";"7";"0";"2";"3";"15";"1";""
"202400023081";"155741131";"A01";"1";"3";"0";"2";"2";"1";"3";""
"202400023082";"155741127";"A01";"3";"36";"6";"0";"8";"1";"1";""
"202400023083";"155741124";"A01";"2";"7";"16";"0";"9";"1";"1";""
"202400023084";"155741123";"A01";"1";"7";"0";"2";"3";"17";"3";""
"202400023084";"155741125";"B01";"2";"7";"13";"2";"1";"1";"1";""
"202400023084";"155741126";"C01";"1";"7";"0";"2";"6";"1";"1";""
"202400023085";"155741122";"A01";"3";"7";"1";"0";"4";"23";"1";""
"202400023086";"155741118";"B01";"2";"21";"0";"2";"8";"1";"1";""
"202400023086";"155741121";"A01";"1";"31";"0";"2";"1";"1";"1";""
"202400023087";"155741116";"A01";"3";"7";"0";"2";"4";"2";"1";""
"202400023087";"155741117";"B01";"3";"7";"0";"2";"1";"1";"1";""
"202400023087";"155741120";"C01";"3";"7";"0";"2";"6";"1";"1";""
"202400023088";"155741115";"A01";"2";"33";"6";"0";"1";"1";"1";""
"202400023089";"155741114";"A01";"1";"7";"12";"0";"1";"26";"1";""
"202400023090";"155741111";"A01";"0";"1";"0";"2";"1";"1";"5";""
"202400023090";"155741113";"B01";"3";"10";"0";"9";"8";"1";"1";""
"202400023091";"155741110";"A01";"3";"7";"0";"1";"4";"4";"1";""
"202400023092";"155741109";"A01";"2";"10";"0";"2";"1";"12";"1";""
"202400023092";"155741112";"B01";"2";"7";"0";"2";"0";"1";"1";""
"202400023093";"155741108";"A01";"0";"7";"4";"0";"1";"0";"1";""
"202400023094";"155741104";"A01";"1";"7";"0";"2";"1";"2";"1";""
"202400023094";"155741106";"B01";"1";"7";"0";"2";"4";"1";"1";""
"202400023095";"155741105";"B01";"2";"1";"0";"0";"4";"15";"5";""
"202400023095";"155741107";"A01";"2";"2";"15";"2";"2";"17";"1";""
"202400023096";"155741100";"B01";"1";"10";"0";"2";"1";"2";"1";""
"202400023096";"155741103";"A01";"1";"10";"0";"1";"1";"1";"1";""
"202400023097";"155741099";"A01";"2";"10";"0";"2";"1";"15";"1";""
"202400023097";"155741101";"B01";"1";"33";"0";"2";"1";"1";"1";""
"202400023098";"155741096";"C01";"1";"7";"0";"2";"4";"2";"1";""
"202400023098";"155741097";"A01";"1";"7";"0";"2";"1";"17";"1";""
"202400023098";"155741098";"B01";"1";"7";"0";"2";"8";"13";"1";""
"202400023098";"155741102";"D01";"1";"7";"0";"2";"4";"2";"1";""
"202400023099";"155741095";"A01";"3";"50";"0";"0";"0";"16";"3";""
"202400023100";"155741091";"A01";"2";"7";"0";"2";"7";"2";"1";""
"202400023100";"155741094";"B01";"2";"1";"0";"2";"8";"2";"5";""
"202400023101";"155741089";"A01";"2";"7";"0";"2";"1";"2";"1";""
"202400023101";"155741092";"B01";"2";"2";"0";"2";"4";"2";"1";""
"202400023102";"155741088";"B01";"2";"7";"0";"2";"4";"2";"1";""
"202400023102";"155741090";"C01";"2";"7";"0";"2";"4";"1";"1";""
"202400023102";"155741093";"A01";"2";"7";"0";"2";"4";"2";"1";""
"202400023103";"155741087";"A01";"1";"33";"0";"0";"7";"1";"1";""
"202400023104";"155741084";"A01";"2";"15";"0";"2";"6";"0";"1";""
"202400023104";"155741086";"B01";"2";"15";"0";"2";"2";"2";"1";""
"202400023105";"155741083";"A01";"2";"7";"0";"2";"5";"19";"1";""
"202400023105";"155741085";"B01";"1";"43";"0";"2";"1";"19";"1";""
"202400023106";"155741082";"A01";"1";"7";"1";"0";"3";"0";"1";""
"202400023107";"155741078";"B01";"1";"37";"0";"2";"6";"24";"1";"1"
"202400023107";"155741080";"A01";"1";"7";"0";"2";"1";"1";"1";""
"202400023108";"155741077";"A01";"2";"7";"0";"2";"1";"1";"1";""
"202400023108";"155741079";"B01";"2";"7";"0";"0";"8";"10";"1";""
"202400023109";"155741074";"A01";"2";"7";"0";"2";"1";"2";"1";""
"202400023109";"155741076";"B01";"2";"7";"0";"2";"4";"2";"1";""
"202400023109";"155741081";"C01";"2";"7";"0";"2";"4";"2";"1";""
"202400023110";"155741073";"A01";"2";"7";"0";"2";"1";"1";"1";""
"202400023110";"155741075";"B01";"2";"10";"0";"2";"4";"16";"0";""
"202400023111";"155741071";"B01";"1";"33";"0";"2";"1";"3";"1";""
"202400023111";"155741072";"A01";"1";"7";"0";"2";"2";"13";"1";""
"202400023112";"155741070";"A01";"2";"7";"3";"0";"1";"1";"1";""
"202400023113";"155741066";"A01";"1";"7";"0";"2";"3";"2";"1";""
"202400023114";"155741065";"A01";"1";"7";"0";"2";"2";"1";"1";""
"202400023114";"155741069";"B01";"1";"7";"0";"2";"1";"15";"1";""
"202400023115";"155741064";"A01";"1";"10";"0";"2";"4";"1";"1";""
"202400023115";"155741067";"B01";"1";"10";"0";"2";"1";"1";"1";""
"202400023115";"155741068";"C01";"1";"7";"0";"2";"3";"21";"1";""
"202400023116";"155741054";"B01";"1";"7";"0";"9";"2";"1";"1";""
"202400023116";"155741056";"C01";"1";"33";"0";"2";"9";"3";"1";""
"202400023116";"155741058";"F01";"1";"7";"0";"9";"3";"1";"1";""
"202400023116";"155741061";"D01";"1";"7";"0";"2";"5";"1";"1";""
"202400023116";"155741062";"E01";"1";"7";"0";"9";"3";"1";"1";""
"202400023116";"155741063";"A01";"1";"34";"0";"2";"2";"3";"1";""
"202400023117";"155741055";"C01";"1";"7";"0";"0";"4";"1";"1";""
"202400023117";"155741057";"A01";"1";"10";"0";"2";"1";"2";"1";""
"202400023117";"155741060";"B01";"1";"10";"0";"2";"4";"1";"1";""
"202400023118";"155741059";"A01";"3";"10";"0";"1";"1";"15";"1";""
"202400023119";"155741052";"A01";"1";"7";"4";"0";"3";"1";"1";""
"202400023120";"155741051";"A01";"1";"7";"0";"2";"6";"2";"1";""
"202400023120";"155741053";"Z01";"1";"30";"0";"2";"1";"2";"0";""
"202400023121";"155741046";"A01";"1";"10";"0";"2";"4";"26";"1";""
"202400023121";"155741048";"Z01";"1";"2";"0";"2";"4";"26";"1";""
"202400023122";"155741049";"A01";"3";"7";"2";"0";"3";"14";"1";""
"202400023123";"155741045";"A01";"1";"7";"0";"2";"4";"1";"1";""
"202400023123";"155741047";"B01";"1";"7";"0";"2";"4";"2";"1";""
"202400023123";"155741050";"C01";"1";"7";"0";"2";"1";"2";"1";""
"202400023124";"155741044";"A01";"3";"7";"8";"0";"4";"26";"1";""
"202400023125";"155741037";"B01";"2";"33";"0";"2";"0";"0";"1";""
"202400023125";"155741039";"C01";"1";"7";"0";"2";"0";"0";"1";""
"202400023125";"155741041";"A01";"1";"7";"0";"2";"3";"13";"1";""
"202400023126";"155741038";"A01";"3";"7";"0";"2";"4";"23";"1";""
"202400023126";"155741043";"B01";"3";"50";"0";"2";"1";"2";"3";""
"202400023127";"155741033";"A01";"1";"7";"0";"2";"1";"2";"2";""
"202400023127";"155741035";"B01";"1";"7";"0";"2";"4";"2";"1";""
"202400023127";"155741036";"C01";"1";"7";"0";"2";"4";"2";"1";""
"202400023127";"155741040";"D01";"1";"7";"0";"2";"4";"2";"1";""
"202400023127";"155741042";"E01";"1";"7";"0";"2";"4";"2";"1";""
"202400023128";"155741032";"B01";"1";"30";"0";"2";"7";"0";"1";""
"202400023128";"155741034";"A01";"2";"7";"0";"2";"1";"15";"1";""
"202400023129";"155741029";"A01";"3";"7";"0";"2";"1";"17";"1";""
"202400023129";"155741031";"B01";"3";"7";"0";"2";"1";"1";"1";""
"202400023130";"155741025";"A01";"3";"10";"0";"2";"2";"1";"1";""
"202400023130";"155741027";"B01";"3";"10";"0";"2";"3";"16";"1";""
"202400023131";"155741020";"A01";"2";"7";"0";"2";"1";"13";"1";""
"202400023131";"155741023";"B01";"1";"7";"0";"2";"3";"1";"1";""
"202400023131";"155741026";"C01";"1";"7";"0";"2";"8";"1";"1";""
"202400023131";"155741028";"D01";"1";"7";"0";"2";"8";"1";"2";""
"202400023131";"155741030";"E01";"1";"7";"0";"2";"3";"1";"1";""
"202400023132";"155741018";"A01";"1";"7";"4";"0";"0";"0";"1";""
"202400023132";"155741019";"Z01";"1";"7";"0";"0";"0";"18";"1";""
"202400023133";"155741016";"A01";"3";"7";"0";"2";"1";"2";"1";""
"202400023133";"155741017";"B01";"3";"7";"0";"2";"4";"2";"1";""
"202400023134";"155741014";"A01";"1";"7";"0";"2";"1";"1";"1";""
"202400023134";"155741015";"B01";"1";"1";"0";"2";"0";"0";"5";""
"202400023135";"155741021";"C01";"3";"7";"0";"2";"4";"2";"1";""
"202400023135";"155741022";"A01";"3";"10";"0";"2";"1";"2";"1";""
"202400023135";"155741024";"B01";"3";"7";"0";"2";"4";"2";"1";""
"202400023136";"155741008";"A01";"2";"30";"0";"0";"8";"1";"1";""
"202400023137";"155741009";"B01";"2";"7";"0";"2";"4";"0";"1";""
"202400023137";"155741011";"C01";"2";"7";"0";"2";"7";"1";"1";""
"202400023137";"155741013";"A01";"2";"33";"0";"2";"4";"1";"1";""
"202400023138";"155741007";"A01";"1";"7";"15";"0";"9";"14";"1";""
"202400023139";"155741005";"B01";"1";"7";"0";"2";"2";"1";"1";""
"202400023139";"155741006";"A01";"2";"7";"0";"2";"5";"15";"1";""
"202400023140";"155741001";"A01";"3";"7";"0";"2";"1";"1";"1";""
"202400023140";"155741003";"B01";"3";"7";"0";"2";"8";"10";"1";""
"202400023141";"155741000";"A01";"1";"10";"0";"2";"1";"14";"1";""
"202400023141";"155741002";"B01";"1";"15";"0";"2";"2";"1";"1";""
"202400023141";"155741004";"C01";"1";"7";"0";"2";"9";"1";"1";""
"202400023142";"155740999";"A01";"1";"33";"0";"0";"0";"1";"1";""
"202400023143";"155740997";"A01";"1";"30";"0";"2";"3";"16";"1";""
"202400023143";"155740998";"B01";"1";"7";"0";"2";"7";"16";"1";""
"202400023144";"155740996";"A01";"2";"7";"4";"0";"3";"21";"1";""
"202400023145";"155740994";"B01";"1";"7";"0";"2";"4";"1";"1";""
"202400023145";"155740995";"A01";"1";"1";"0";"2";"1";"1";"5";""
"202400023146";"155740991";"A01";"1";"17";"0";"2";"2";"12";"1";""
"202400023146";"155740993";"B01";"1";"7";"0";"2";"6";"1";"1";""
"202400023147";"155740990";"B01";"3";"7";"0";"2";"8";"15";"1";""
"202400023147";"155740992";"A01";"3";"33";"1";"2";"2";"17";"1";""
"202400023148";"155740987";"A01";"2";"7";"0";"2";"1";"2";"1";""
"202400023148";"155740989";"B01";"2";"7";"0";"2";"4";"2";"1";""
"202400023149";"155740988";"A01";"1";"7";"0";"1";"3";"19";"1";""
"202400023150";"155740985";"B01";"1";"7";"0";"2";"4";"1";"1";""
"202400023150";"155740986";"A01";"1";"10";"0";"2";"1";"1";"1";""
"202400023151";"155740982";"A01";"2";"7";"0";"1";"2";"2";"1";""
"202400023152";"155740981";"A01";"2";"7";"0";"2";"3";"13";"3";""
"202400023152";"155740983";"B01";"2";"7";"0";"2";"4";"1";"1";""
"202400023152";"155740984";"Z01";"2";"7";"0";"2";"2";"3";"1";""
"202400023153";"155740979";"A01";"0";"16";"4";"0";"2";"14";"1";""
"202400023154";"155740980";"A01";"2";"7";"1";"0";"3";"1";"1";""
"202400023155";"155740977";"A01";"2";"32";"0";"2";"4";"2";"1";""
"202400023155";"155740978";"B01";"2";"34";"0";"2";"1";"2";"1";""
"202400023156";"155740970";"B01";"1";"7";"0";"2";"3";"21";"2";""
"202400023156";"155740972";"C01";"1";"7";"0";"2";"8";"1";"1";""
"202400023156";"155740975";"D01";"1";"7";"0";"9";"3";"1";"1";""
"202400023156";"155740976";"A01";"2";"7";"0";"2";"1";"5";"1";""
"202400023157";"155740971";"A01";"1";"7";"0";"2";"1";"9";"1";""
"202400023157";"155740974";"B01";"1";"13";"0";"2";"2";"1";"1";""
"202400023158";"155740969";"A01";"2";"10";"0";"2";"5";"15";"1";""
"202400023158";"155740973";"B01";"1";"32";"0";"2";"1";"1";"1";""
"202400023159";"155740966";"B01";"2";"30";"0";"2";"1";"17";"1";""
"202400023159";"155740968";"A01";"1";"7";"0";"2";"8";"15";"1";""
"202400023160";"155740964";"C01";"1";"7";"0";"2";"4";"1";"1";""
"202400023160";"155740965";"B01";"1";"7";"0";"2";"4";"1";"1";""
"202400023160";"155740967";"A01";"1";"50";"0";"2";"1";"1";"3";""
"202400023161";"155740963";"A01";"3";"7";"0";"1";"4";"24";"1";""
"202400023162";"155740961";"A01";"1";"7";"0";"2";"1";"2";"0";""
"202400023162";"155740962";"B01";"1";"7";"0";"2";"4";"23";"0";""
"202400023163";"155740959";"A01";"2";"33";"0";"1";"1";"1";"1";""
"202400023164";"155740958";"B01";"2";"7";"0";"2";"4";"2";"1";""
"202400023164";"155740960";"A01";"2";"10";"0";"2";"1";"2";"3";""
"202400023165";"155740957";"A01";"2";"7";"0";"1";"0";"1";"1";""
"202400023166";"155740955";"A01";"2";"7";"0";"1";"1";"1";"1";""
"202400023167";"155740954";"B01";"2";"32";"0";"2";"8";"11";"1";""
"202400023167";"155740956";"A01";"2";"32";"0";"2";"1";"3";"1";""
"202400023168";"155740952";"B01";"2";"10";"0";"2";"3";"1";"1";""
"202400023168";"155740953";"A01";"1";"7";"0";"2";"3";"5";"1";""
"202400023169";"155740949";"A01";"0";"7";"0";"9";"1";"15";"1";""
"202400023169";"155740951";"B01";"0";"1";"0";"2";"8";"1";"5";""
"202400023170";"155740947";"A01";"1";"10";"0";"2";"2";"9";"1";""
"202400023170";"155740948";"B01";"2";"50";"0";"2";"1";"1";"3";""
"202400023171";"155740944";"A01";"2";"7";"0";"2";"1";"2";"1";""
"202400023171";"155740946";"B01";"2";"7";"0";"2";"4";"1";"1";""
"202400023171";"155740950";"C01";"2";"7";"0";"2";"4";"2";"1";""
"202400023172";"155740942";"B01";"0";"1";"0";"2";"1";"1";"5";""
"202400023172";"155740945";"A01";"0";"7";"0";"9";"2";"15";"1";""
"202400023173";"155740939";"A01";"1";"7";"8";"2";"1";"5";"1";""
"202400023173";"155740943";"B01";"2";"7";"0";"2";"3";"23";"1";""
"202400023174";"155740938";"A01";"1";"1";"0";"2";"2";"16";"5";""
"202400023174";"155740941";"B01";"1";"7";"0";"9";"1";"9";"1";""
"202400023175";"155740937";"B01";"2";"33";"0";"2";"7";"1";"1";""
"202400023175";"155740940";"A01";"1";"7";"0";"2";"1";"15";"1";""
"202400023176";"155740934";"B01";"2";"10";"0";"2";"6";"21";"1";""
"202400023176";"155740935";"C01";"2";"7";"0";"2";"3";"21";"1";""
"202400023176";"155740936";"A01";"2";"7";"0";"2";"3";"13";"1";""
"202400023177";"155740932";"A01";"1";"7";"0";"1";"1";"1";"1";""
"202400023178";"155740933";"A01";"3";"10";"0";"1";"3";"1";"1";""
"202400023179";"155740928";"B01";"2";"2";"0";"2";"1";"1";"1";""
"202400023179";"155740931";"A01";"2";"7";"0";"2";"1";"15";"1";""
"202400023180";"155740929";"A01";"1";"33";"0";"2";"1";"1";"1";""
"202400023180";"155740930";"B01";"1";"7";"0";"2";"4";"14";"1";""
"202400023181";"155740927";"A01";"1";"10";"0";"1";"1";"1";"0";""
"202400023182";"155740925";"B01";"3";"80";"0";"2";"3";"1";"3";""
"202400023182";"155740926";"A01";"3";"7";"0";"2";"2";"26";"1";""
"202400023183";"155740924";"A01";"3";"7";"0";"1";"2";"1";"1";""
"202400023184";"155740922";"A01";"3";"33";"0";"0";"8";"9";"1";""
"202400023185";"155740919";"B01";"1";"50";"0";"2";"1";"1";"3";""
"202400023185";"155740920";"A01";"2";"7";"0";"2";"1";"15";"1";""
"202400023186";"155740921";"A01";"2";"7";"0";"2";"1";"1";"1";""
"202400023186";"155740923";"B01";"2";"7";"0";"2";"7";"1";"1";""
"202400023187";"155740917";"B01";"0";"7";"0";"2";"3";"15";"1";""
"202400023187";"155740918";"A01";"0";"30";"0";"2";"2";"17";"1";""
"202400023188";"155740915";"A01";"3";"7";"0";"2";"1";"9";"1";""
"202400023188";"155740916";"B01";"3";"1";"0";"2";"7";"1";"5";""
"202400023189";"155740914";"A01";"3";"33";"9";"0";"1";"15";"1";""
"202400023190";"155740912";"A01";"1";"10";"0";"2";"1";"0";"1";""
"202400023190";"155740913";"B01";"2";"7";"0";"2";"1";"0";"1";""
"202400023191";"155740911";"A01";"1";"7";"6";"0";"0";"13";"1";""
"202400023192";"155740908";"B01";"3";"2";"0";"2";"1";"26";"1";""
"202400023192";"155740910";"A01";"1";"7";"0";"2";"2";"21";"1";""
"202400023193";"155740907";"A01";"3";"7";"0";"2";"6";"4";"1";""
"202400023193";"155740909";"B01";"3";"1";"0";"2";"0";"1";"5";""
"202400023194";"155740905";"A01";"3";"7";"0";"1";"7";"1";"1";""
"202400023195";"155740904";"A01";"3";"7";"0";"2";"1";"2";"1";""
"202400023195";"155740906";"B01";"3";"1";"0";"2";"4";"0";"5";""
"202400023196";"155740903";"A01";"1";"30";"0";"2";"0";"1";"1";""
"202400023197";"155740901";"A01";"2";"33";"0";"2";"0";"0";"1";""
"202400023197";"155740902";"B01";"1";"7";"0";"0";"0";"0";"1";""
"202400023198";"155740899";"A01";"1";"7";"0";"2";"1";"2";"1";""
"202400023198";"155740900";"B01";"1";"3";"0";"0";"4";"2";"1";""
"202400023199";"155740897";"A01";"3";"31";"0";"2";"6";"18";"1";""
"202400023199";"155740898";"B01";"3";"7";"0";"2";"5";"15";"1";""
"202400023200";"155740896";"A01";"3";"7";"15";"0";"1";"14";"1";""
"202400023201";"155740895";"A01";"1";"10";"0";"1";"1";"2";"1";""
"202400023202";"155740892";"A01";"1";"32";"0";"9";"8";"1";"3";""
"202400023202";"155740894";"Z01";"3";"1";"0";"0";"1";"19";"5";""
"202400023203";"155740891";"Z01";"1";"7";"0";"2";"5";"12";"0";""
"202400023203";"155740893";"A01";"1";"33";"0";"2";"3";"3";"1";""
"202400023204";"155740889";"A01";"1";"1";"0";"0";"3";"13";"5";""
"202400023204";"155740890";"B01";"1";"7";"0";"0";"3";"13";"2";""
"202400023205";"155740888";"A01";"2";"34";"0";"0";"1";"1";"1";""
"202400023206";"155740886";"A01";"1";"10";"0";"1";"2";"1";"1";""
"202400023207";"155740885";"A01";"1";"34";"0";"2";"5";"1";"1";""
"202400023207";"155740887";"B01";"1";"7";"0";"2";"5";"1";"2";""
"202400023208";"155740884";"A01";"1";"7";"9";"0";"1";"1";"1";""
"202400023209";"155740881";"A01";"1";"7";"0";"2";"1";"0";"1";""
"202400023209";"155740882";"B01";"1";"7";"0";"2";"1";"0";"1";""
"202400023210";"155740880";"A01";"3";"7";"0";"2";"2";"10";"1";""
"202400023210";"155740883";"B01";"3";"31";"0";"2";"8";"1";"1";""
"202400023211";"155740879";"A01";"0";"33";"12";"0";"1";"26";"1";""
"202400023212";"155740876";"A01";"1";"50";"0";"2";"7";"1";"3";""
"202400023212";"155740878";"B01";"1";"7";"0";"2";"1";"1";"1";""
"202400023213";"155740875";"B01";"0";"80";"0";"2";"8";"1";"3";""
"202400023213";"155740877";"A01";"0";"7";"0";"2";"2";"16";"1";""
"202400023214";"155740871";"A01";"0";"7";"0";"2";"1";"9";"1";""
"202400023214";"155740874";"B01";"0";"10";"0";"2";"7";"1";"1";""
"202400023215";"155740872";"B01";"1";"2";"0";"2";"8";"1";"1";""
"202400023215";"155740873";"Z01";"0";"10";"0";"2";"1";"16";"1";""
"202400023216";"155740868";"A01";"3";"7";"0";"2";"1";"1";"1";""
"202400023216";"155740870";"B01";"3";"7";"0";"2";"4";"23";"1";""
"202400023217";"155740867";"A01";"2";"1";"0";"2";"1";"13";"5";""
"202400023217";"155740869";"B01";"1";"1";"0";"2";"1";"1";"5";""
"202400023218";"155740864";"A01";"3";"7";"0";"2";"5";"1";"1";""
"202400023218";"155740866";"B01";"3";"33";"0";"2";"0";"0";"1";""
"202400023219";"155740863";"A01";"0";"1";"0";"2";"1";"1";"5";""
"202400023219";"155740865";"B01";"0";"50";"0";"2";"8";"19";"3";""
"202400023220";"155740861";"A01";"2";"2";"0";"1";"1";"21";"3";""
"202400023221";"155740860";"B01";"2";"7";"0";"2";"1";"1";"1";""
"202400023221";"155740862";"A01";"1";"7";"0";"2";"8";"13";"1";""
"202400023222";"155740857";"A01";"1";"10";"0";"2";"8";"15";"1";""
"202400023222";"155740859";"B01";"1";"32";"0";"2";"1";"17";"1";""
"202400023223";"155740856";"B01";"3";"7";"0";"2";"3";"2";"3";""
"202400023223";"155740858";"A01";"1";"7";"0";"2";"2";"15";"1";""
"202400023224";"155740854";"A01";"1";"30";"0";"2";"8";"16";"1";""
"202400023224";"155740855";"B01";"1";"10";"0";"2";"2";"14";"1";""