"Num_Acc";"id_vehicule";"num_veh";"senc";"catv";"obs";"obsm";"choc";"manv";"motor";"occutc"
"202400023225";"155740852";"Z01";"2";"0";"0";"2";"0";"0";"0";""
"202400023225";"155740853";"A01";"1";"10";"0";"2";"7";"0";"1";""
"202400023226";"155740851";"Z01";"2";"7";"0";"1";"1";"0";"0";""
"202400023227";"155740850";"A01";"1";"10";"0";"1";"3";"15";"1";""
"202400023228";"155740848";"B01";"2";"7";"0";"2";"7";"16";"2";""
"202400023228";"155740849";"A01";"2";"2";"0";"2";"8";"16";"1";""
"202400023229";"155740846";"A01";"3";"7";"0";"2";"1";"1";"1";""
"202400023229";"155740847";"B01";"3";"33";"0";"2";"4";"1";"1";""
"202400023230";"155740845";"A01";"3";"13";"0";"1";"4";"4";"0";""
"202400023231";"155740844";"A01";"2";"7";"0";"1";"1";"1";"0";""
"202400023232";"155740843";"A01";"0";"7";"0";"1";"1";"1";"1";""
"202400023233";"155740841";"A01";"0";"50";"0";"2";"1";"19";"3";""
"202400023233";"155740842";"B01";"0";"7";"0";"2";"7";"16";"1";""
"202400023234";"155740839";"A01";"2";"33";"0";"2";"1";"1";"1";""
"202400023234";"155740840";"B01";"1";"1";"0";"2";"2";"15";"5";""
"202400023235";"155740837";"A01";"1";"10";"0";"2";"6";"11";"1";""
"202400023235";"155740838";"B01";"1";"31";"0";"2";"2";"1";"1";""
"202400023236";"155740836";"A01";"3";"7";"9";"0";"2";"26";"1";""
"202400023237";"155740832";"A01";"2";"1";"0";"2";"1";"21";"5";""
"202400023237";"155740834";"B01";"2";"10";"0";"9";"0";"2";"1";""
"202400023238";"155740833";"B01";"1";"33";"0";"2";"7";"17";"1";""
"202400023238";"155740835";"A01";"1";"13";"0";"2";"8";"15";"0";""
"202400023239";"155740830";"A01";"1";"7";"0";"2";"3";"15";"1";""
"202400023239";"155740831";"B01";"1";"37";"0";"2";"2";"1";"1";"1"
"202400023240";"155740829";"A01";"1";"1";"0";"1";"1";"1";"5";""
"202400023241";"155740827";"A01";"2";"10";"0";"1";"4";"20";"1";""
"202400023242";"155740826";"Z01";"3";"1";"0";"2";"7";"1";"5";""
"202400023242";"155740828";"A01";"3";"7";"0";"9";"1";"1";"1";""
"202400023243";"155740823";"A01";"2";"10";"0";"2";"2";"1";"1";""
"202400023243";"155740825";"B01";"2";"1";"0";"2";"1";"9";"5";""
"202400023244";"155740822";"A01";"1";"34";"0";"2";"8";"2";"0";""
"202400023244";"155740824";"B01";"3";"7";"0";"2";"1";"9";"1";""
"202400023245";"155740819";"A01";"3";"7";"0";"1";"0";"15";"1";""
"202400023246";"155740816";"A01";"3";"7";"0";"0";"1";"19";"0";""
"202400023247";"155740813";"A01";"3";"7";"0";"2";"1";"1";"1";""
"202400023247";"155740815";"B01";"3";"50";"0";"2";"8";"1";"3";""
"202400023248";"155740814";"A01";"1";"7";"0";"1";"3";"1";"1";""
"202400023249";"155740812";"A01";"1";"33";"0";"1";"0";"25";"0";""
"202400023250";"155740811";"A01";"2";"60";"0";"1";"1";"5";"5";""
"202400023251";"155740808";"A01";"1";"7";"0";"9";"2";"15";"2";""
"202400023251";"155740810";"B01";"2";"50";"0";"9";"1";"1";"3";""
"202400023252";"155740807";"A01";"2";"7";"0";"2";"7";"23";"2";""
"202400023252";"155740809";"B01";"2";"1";"9";"2";"3";"1";"5";""
"202400023253";"155740804";"A01";"0";"7";"1";"2";"3";"15";"1";""
"202400023253";"155740806";"B01";"0";"32";"1";"2";"1";"1";"3";""
"202400023254";"155740803";"B01";"2";"43";"0";"2";"1";"1";"1";""
"202400023254";"155740805";"A01";"1";"10";"0";"2";"3";"15";"1";""
"202400023255";"155740802";"A01";"2";"7";"2";"0";"1";"0";"1";""
"202400023256";"155740800";"A01";"1";"1";"0";"2";"1";"1";"5";""
"202400023256";"155740801";"B01";"1";"7";"0";"2";"4";"1";"1";""
"202400023257";"155740799";"A01";"3";"7";"8";"0";"1";"0";"1";""
"202400023258";"155740796";"B01";"1";"33";"0";"2";"4";"2";"1";""
"202400023258";"155740798";"A01";"1";"10";"0";"2";"3";"15";"3";""
"202400023259";"155740795";"B01";"2";"33";"4";"2";"3";"3";"1";""
"202400023259";"155740797";"A01";"2";"7";"0";"0";"5";"2";"3";""
"202400023260";"155740794";"A01";"1";"50";"0";"0";"1";"1";"3";""
"202400023261";"155740791";"A01";"1";"7";"0";"2";"1";"13";"1";""
"202400023261";"155740792";"C01";"2";"10";"0";"2";"1";"1";"1";""
"202400023261";"155740793";"B01";"2";"7";"0";"2";"1";"1";"1";""
"202400023262";"155740790";"A01";"2";"1";"0";"1";"1";"1";"5";""
"202400023263";"155740789";"A01";"2";"7";"0";"1";"1";"3";"1";""
"202400023264";"155740786";"B01";"2";"80";"0";"2";"8";"7";"3";""
"202400023264";"155740788";"A01";"2";"37";"0";"2";"5";"7";"2";"1"
"202400023265";"155740785";"A01";"1";"7";"0";"2";"1";"9";"1";""
"202400023265";"155740787";"B01";"1";"33";"0";"2";"7";"1";"1";""
"202400023266";"155740783";"A01";"1";"7";"0";"0";"1";"0";"1";""
"202400023267";"155740782";"B01";"3";"10";"0";"2";"6";"23";"1";""
"202400023267";"155740784";"A01";"3";"2";"0";"2";"6";"21";"1";""
"202400023268";"155740781";"A01";"3";"7";"2";"0";"3";"1";"1";""
"202400023269";"155740780";"A01";"1";"31";"0";"1";"5";"21";"1";""
"202400023270";"155740779";"A01";"2";"7";"0";"0";"0";"14";"1";""
"202400023271";"155740777";"B01";"1";"1";"0";"9";"1";"1";"5";""
"202400023271";"155740778";"A01";"1";"7";"0";"9";"2";"16";"1";""
"202400023272";"155740776";"A01";"2";"7";"2";"0";"8";"1";"1";""
"202400023273";"155740773";"A01";"2";"7";"0";"2";"3";"5";"1";""
"202400023273";"155740775";"B01";"1";"7";"0";"2";"3";"1";"1";""
"202400023274";"155740772";"B01";"3";"7";"0";"2";"2";"1";"2";""
"202400023274";"155740774";"A01";"2";"7";"0";"2";"1";"1";"1";""
"202400023275";"155740769";"A01";"1";"10";"0";"2";"2";"15";" -1";""
"202400023275";"155740771";"B01";"2";"2";"0";"2";"1";"1";" -1";""
"202400023276";"155740768";"B01";"1";"7";"0";"2";"2";"1";"2";""
"202400023276";"155740770";"A01";"1";"7";"0";"2";"2";"15";"2";""
"202400023277";"155740765";"A01";"1";"50";"1";"0";"1";"17";"3";""
"202400023277";"155740766";"B01";"1";"7";"0";"2";"8";"22";"2";""
"202400023278";"155740761";"A01";"2";"80";"0";"1";"1";"9";"3";""
"202400023279";"155740762";"A01";"1";"7";"0";"2";"3";"13";"1";""
"202400023279";"155740763";"B01";"2";"7";"0";"2";"3";"1";"1";""
"202400023279";"155740764";"C01";"2";"7";"0";"2";"2";"1";"1";""
"202400023279";"155740767";"D01";"2";"7";"0";"2";"3";"1";"1";""
"202400023280";"155740760";"A01";"2";"7";"0";"1";"1";"1";"1";""
"202400023281";"155740758";"A01";"1";"7";"0";"1";"1";"1";"0";""
"202400023282";"155740757";"A01";"2";"7";"0";"2";"6";"23";"1";""
"202400023282";"155740759";"B01";"2";"2";"0";"2";"7";"1";"1";""
"202400023283";"155740755";"B01";"2";"32";"0";"2";"0";"0";"0";""
"202400023283";"155740756";"A01";"2";"7";"0";"2";"0";"20";"1";""
"202400023284";"155740752";"A01";"2";"50";"0";"2";"1";"2";"3";""
"202400023284";"155740753";"B01";"2";"10";"0";"2";"4";"1";"1";""
"202400023285";"155740749";"C01";"1";"7";"0";"2";"1";"1";"1";""
"202400023285";"155740750";"A01";"2";"7";"0";"2";"1";"17";"1";""
"202400023285";"155740751";"B01";"1";"7";"0";"2";"1";"1";"1";""
"202400023285";"155740754";"D01";"2";"7";"0";"2";"6";"1";"1";""
"202400023286";"155740748";"A01";"1";"7";"2";"0";"1";"1";"1";""
"202400023287";"155740746";"A01";"1";"33";"13";"0";"1";"1";"1";""
"202400023288";"155740745";"B01";"2";"32";"0";"2";"1";"1";"1";""
"202400023288";"155740747";"A01";"1";"7";"0";"2";"1";"15";"1";""
"202400023289";"155740744";"A01";"1";"1";"1";"1";"2";"1";"5";""
"202400023290";"155740743";"A01";"1";"7";"13";"0";"8";"1";"1";""
"202400023291";"155740742";"A01";"2";"7";"0";"1";"1";"26";"1";""
"202400023292";"155740741";"A01";"1";"10";"1";"0";"2";"1";"1";""
"202400023293";"155740738";"A01";"1";"10";"0";"2";"1";"1";"0";""
"202400023293";"155740740";"B01";"1";"7";"0";"2";"4";"26";"1";""
"202400023294";"155740736";"A01";"1";"10";"0";"1";"1";"1";"1";""
"202400023295";"155740737";"A01";"1";"7";"0";"2";"1";"1";"1";""
"202400023295";"155740739";"B01";"1";"7";"0";"2";"8";"9";"1";""
"202400023296";"155740735";"A01";"1";"7";"1";"0";"1";"1";"1";""
"202400023297";"155740734";"A01";"2";"7";"13";"0";"2";"0";"1";""
"202400023298";"155740729";"A01";"2";"7";"0";"2";"3";"13";"1";""
"202400023298";"155740731";"B01";"1";"7";"0";"2";"3";"1";"1";""
"202400023298";"155740733";"C01";"1";"7";"0";"2";"1";"1";"1";""
"202400023299";"155740730";"A01";"3";"7";"0";"2";"8";"10";"1";""
"202400023299";"155740732";"B01";"0";"34";"0";"2";"1";"1";" -1";""
"202400023300";"155740728";"A01";"2";"7";"13";"0";"1";"1";"1";""
"202400023301";"155740726";"A01";"1";"33";"0";"0";"0";"0";"0";""
"202400023301";"155740727";"B01";"1";"7";"0";"0";"0";"0";"0";""
"202400023302";"155740723";"A01";"3";"2";"0";"2";"3";"1";"1";""
"202400023302";"155740725";"B01";"3";"2";"0";"2";"3";"1";"1";""
"202400023303";"155740722";"A01";"1";"30";"0";"2";"3";"10";"1";""
"202400023303";"155740724";"B01";"1";"30";"0";"2";"2";"1";"1";""
"202400023304";"155740719";"B01";"0";"60";"0";"2";"3";"26";"5";""
"202400023304";"155740721";"A01";"1";"7";"0";"2";"1";"1";"1";""
"202400023305";"155740718";"B01";"2";"1";"0";"2";"3";"2";"5";""
"202400023305";"155740720";"A01";"2";"7";"0";"2";"2";"17";"1";""
"202400023306";"155740714";"A01";"2";"7";"0";"2";"3";"9";"1";""
"202400023306";"155740716";"B01";"2";"33";"0";"2";"1";"1";"1";""
"202400023307";"155740715";"B01";"0";"43";"0";"2";"1";"1";"1";""
"202400023307";"155740717";"A01";"0";"7";"0";"2";"1";"15";"1";""
"202400023308";"155740712";"A01";"0";"7";"6";"0";"1";"14";"1";""
"202400023309";"155740713";"A01";"2";"7";"0";"1";"2";"1";"1";""
"202400023310";"155740710";"B01";"1";"32";"0";"2";"7";"1";"1";""
"202400023310";"155740711";"A01";"1";"10";"0";"2";"3";"9";"1";""
"202400023311";"155740708";"A01";"1";"7";"0";"2";"2";"15";"1";""
"202400023311";"155740709";"B01";"2";"2";"0";"2";"8";"1";"1";""
"202400023312";"155740706";"A01";"1";"1";"0";"0";"1";"1";"5";""
"202400023313";"155740703";"A01";"1";"7";"0";"2";"1";"1";"1";""
"202400023313";"155740705";"B01";"1";"7";"4";"0";"4";"1";"1";""
"202400023314";"155740704";"A01";"1";"33";"11";"0";"1";"1";"1";""
"202400023315";"155740702";"A01";"1";"32";"0";"0";"0";"1";"1";""
"202400023316";"155740701";"A01";"1";"32";"12";"0";"1";"0";"1";""
"202400023317";"155740697";"A01";"1";"10";"13";"0";"0";"14";"1";""
"202400023318";"155740694";"B01";"1";"33";"0";"2";"3";"1";"1";""
"202400023318";"155740695";"A01";"1";"7";"0";"2";"7";"15";"3";""
"202400023319";"155740691";"A01";"1";"7";"0";"0";"5";"2";"1";""
"202400023319";"155740692";"B01";"1";"33";"0";"2";"1";"2";"1";""
"202400023319";"155740693";"C01";"1";"7";"0";"2";"1";"2";"1";""
"202400023320";"155740689";"A01";"2";"7";"0";"2";"2";"17";"1";""
"202400023320";"155740690";"B01";"2";"1";"0";"2";"3";"15";"5";""
"202400023321";"155740687";"A01";"1";"7";"0";"2";"2";"1";"1";""
"202400023321";"155740688";"B01";"1";"10";"0";"2";"3";"1";"1";""
"202400023322";"155740685";"B01";"2";"7";"0";"2";"3";"1";"1";""
"202400023322";"155740686";"A01";"1";"33";"0";"2";"1";"13";"1";""
"202400023323";"155740684";"A01";"1";"7";"2";"0";"2";"1";"1";""
"202400023324";"155740683";"A01";"1";"7";"0";"1";"1";"1";"1";""
"202400023325";"155740681";"A01";"2";"7";"0";"2";"3";"1";"1";""
"202400023325";"155740682";"B01";"1";"7";"0";"2";"2";"9";"1";""
"202400023326";"155740680";"A01";"2";"7";"2";"0";"1";"0";"1";""
"202400023327";"155740678";"A01";"3";"7";"0";"2";"1";"1";"1";""
"202400023327";"155740679";"B01";"3";"99";"0";"2";"1";"1";"5";""
"202400023328";"155740676";"B01";"2";"1";"0";"2";"4";"1";"5";""
"202400023328";"155740677";"A01";"2";"7";"0";"2";"2";"1";"1";""
"202400023329";"155740675";"A01";"1";"13";"0";"0";"0";"1";"1";""
"202400023330";"155740674";"A01";"1";"7";"2";"0";"1";"1";"1";""
"202400023331";"155740672";"A01";"2";"7";"0";"2";"2";"1";"1";""
"202400023331";"155740673";"B01";"2";"1";"0";"2";"1";"19";"5";""
"202400023332";"155740671";"A01";"1";"10";"0";"1";"3";"1";"1";""
"202400023333";"155740669";"B01";"2";"7";"0";"2";"7";"17";"1";""
"202400023333";"155740670";"A01";"2";"7";"0";"2";"2";"15";"1";""
"202400023334";"155740668";"A01";"2";"7";"6";"0";"8";"13";"1";""
"202400023335";"155740667";"A01";"2";"7";"0";"0";"3";"13";"1";""
"202400023336";"155740666";"A01";"1";"7";"0";"0";"7";"1";"1";""
"202400023337";"155740664";"A01";"1";"7";"0";"2";"2";"1";"1";""
"202400023337";"155740665";"B01";"2";"7";"0";"2";"1";"1";"1";""
"202400023338";"155740662";"A01";"1";"7";"0";"0";"6";"15";"1";""
"202400023338";"155740663";"B01";"1";"33";"0";"2";"1";"17";"1";""
"202400023339";"155740660";"A01";"1";"7";"0";"2";"2";"2";"1";""
"202400023339";"155740661";"B01";"1";"7";"0";"0";"6";"2";"1";""
"202400023340";"155740658";"A01";"1";"7";"3";"2";"3";"0";"1";""
"202400023340";"155740659";"B01";"1";"10";"0";"2";"3";"2";"1";""
"202400023341";"155740656";"B01";"1";"31";"0";"2";"1";"1";"1";""
"202400023341";"155740657";"A01";"2";"10";"0";"2";"3";"11";"1";""
"202400023342";"155740655";"A01";"1";"7";"4";"0";"3";"1";"1";""
"202400023343";"155740653";"A01";"3";"7";"1";"0";"2";"1";"1";""
"202400023343";"155740654";"B01";"2";"2";"0";"0";"4";"23";"1";""
"202400023344";"155740651";"A01";"1";"7";"0";"2";"1";"16";"1";""
"202400023344";"155740652";"B01";"2";"7";"0";"2";"1";"15";"1";""
"202400023345";"155740649";"B01";"1";"33";"0";"2";"1";"17";"1";""
"202400023345";"155740650";"A01";"1";"7";"0";"2";"8";"10";"1";""
"202400023346";"155740647";"A01";"1";"7";"0";"2";"3";"1";"1";""
"202400023346";"155740648";"B01";"1";"10";"0";"2";"3";"13";"1";""
"202400023347";"155740646";"A01";"1";"7";"2";"0";"2";"17";"1";""
"202400023348";"155740645";"A01";"1";"7";"0";"1";"1";"1";"1";""
"202400023349";"155740644";"A01";"1";"7";"0";"1";"1";"1";"1";""
"202400023350";"155740642";"A01";"0";"2";"0";"2";"5";"1";"3";""
"202400023350";"155740643";"B01";"0";"1";"0";"2";"1";"1";"5";""
"202400023351";"155740640";"A01";"2";"7";"0";"2";"1";"17";"1";""
"202400023351";"155740641";"B01";"1";"7";"0";"2";"1";"1";"1";""
"202400023352";"155740638";"B01";"2";"7";"0";"2";"3";"15";"1";""
"202400023352";"155740639";"A01";"2";"33";"0";"2";"1";"1";"1";""
"202400023353";"155740636";"B01";"1";"7";"0";"0";"0";"5";"0";""
"202400023353";"155740637";"A01";"2";"7";"3";"0";"1";"21";"1";""
"202400023354";"155740632";"A01";"2";"33";"0";"2";"0";"0";"1";""
"202400023354";"155740633";"B01";"1";"7";"0";"0";"8";"1";"1";""
"202400023355";"155740629";"A01";"3";"10";"0";"9";"3";"1";"1";""
"202400023355";"155740631";"B01";"3";"50";"0";"9";"7";"19";"3";""
"202400023356";"155740628";"A01";"2";"10";"0";"2";"4";"2";"1";""
"202400023356";"155740630";"B01";"2";"7";"1";"0";"1";"2";"1";""
"202400023357";"155740625";"A01";"1";"7";"0";"2";"1";"26";"1";""
"202400023357";"155740626";"B01";"1";"7";"0";"2";"1";"1";"1";""
"202400023358";"155740623";"A01";"2";"7";"0";"2";"4";"2";"1";""
"202400023358";"155740624";"B01";"2";"7";"0";"2";"4";"2";"1";""
"202400023358";"155740627";"C01";"2";"7";"0";"2";"1";"2";"1";""
"202400023359";"155740621";"A01";"2";"10";"7";"0";"1";"1";"1";""
"202400023360";"155740616";"A01";"2";"7";"0";"2";"1";"2";"1";""
"202400023360";"155740617";"B01";"2";"7";"0";"2";"9";"2";"1";""
"202400023360";"155740618";"C01";"2";"7";"0";"2";"4";"1";"1";""
"202400023361";"155740615";"A01";"1";"7";"8";"0";"1";"14";"1";""
"202400023362";"155740611";"A01";"2";"7";"0";"2";"8";"11";"1";""
"202400023362";"155740612";"B01";"2";"33";"0";"2";"8";"3";"1";""
"202400023362";"155740614";"C01";"2";"7";"0";"2";"4";"1";"1";""
"202400023363";"155740610";"A01";"1";"7";"0";"1";"2";"1";"1";""
"202400023364";"155740608";"A01";"1";"31";"0";"2";"1";"2";"1";""
"202400023364";"155740609";"B01";"1";"7";"0";"2";"5";"2";"1";""
"202400023365";"155740606";"B01";"0";"7";"0";"2";"3";"13";"0";""
"202400023365";"155740607";"A01";"0";"7";"0";"2";"3";"13";"0";""
"202400023366";"155740604";"A01";"2";"15";"0";"2";"2";"12";"1";""
"202400023366";"155740605";"B01";"2";"7";"0";"0";"0";"0";"1";""
"202400023367";"155740603";"A01";"1";"43";"14";"0";"1";"1";"1";""
"202400023368";"155740601";"A01";"2";"7";"0";"2";"4";"12";"1";""
"202400023368";"155740602";"B01";"2";"33";"0";"2";"1";"3";"1";""
"202400023369";"155740599";"A01";"2";"7";"0";"5";"1";"1";"1";""
"202400023370";"155740598";"A01";"2";"37";"0";"0";"3";"1";"1";"5"
"202400023370";"155740600";"Z01";"2";"7";"0";"2";"1";"15";"0";""
"202400023371";"155740597";"A01";"1";"7";"3";"0";"2";"0";"1";""
"202400023372";"155740595";"A01";"2";"7";"0";"1";"1";"19";"0";""
"202400023373";"155740593";"A01";"2";"32";"0";"2";"9";"3";"1";""
"202400023373";"155740594";"B01";"2";"7";"0";"2";"8";"1";"2";""
"202400023373";"155740596";"C01";"0";"7";"0";"2";"5";"1";"2";""
"202400023374";"155740590";"B01";"2";"10";"0";"2";"4";"1";"0";""
"202400023374";"155740591";"A01";"2";"31";"0";"2";"1";"3";"1";""
"202400023375";"155740589";"B01";"3";"50";"0";"2";"8";"15";"3";""
"202400023375";"155740592";"Z01";"1";"33";"0";"2";"1";"1";"0";""
"202400023376";"155740586";"A01";"1";"33";"0";"2";"1";"12";"1";""
"202400023376";"155740588";"B01";"1";"7";"0";"2";"4";"1";"1";""
"202400023377";"155740585";"B01";"1";"7";"0";"2";"2";"1";"1";""
"202400023377";"155740587";"A01";"1";"7";"0";"2";"3";"15";"1";""
"202400023378";"155740583";"B01";"1";"7";"0";"2";"4";"2";"1";""
"202400023378";"155740584";"A01";"1";"7";"0";"2";"1";"2";"1";""
"202400023379";"155740581";"A01";"3";"7";"0";"2";"8";"1";"2";""
"202400023379";"155740582";"B01";"3";"1";"0";"2";"1";"19";"5";""
"202400023380";"155740579";"A01";"2";"7";"0";"2";"1";"2";"1";""
"202400023380";"155740580";"B01";"2";"7";"0";"2";"4";"0";"1";""
"202400023381";"155740577";"A01";"3";"3";"0";"0";"3";"16";"1";""
"202400023381";"155740578";"B01";"3";"3";"0";"2";"1";"1";"1";""
"202400023382";"155740575";"B01";"2";"7";"0";"2";"4";"2";"1";""
"202400023382";"155740576";"A01";"2";"32";"0";"2";"1";"2";"1";""
"202400023383";"155740573";"B01";"2";"7";"1";"0";"1";"2";"1";""
"202400023383";"155740574";"A01";"2";"7";"0";"2";"4";"23";"1";""
"202400023384";"155740572";"A01";"3";"34";"0";"1";"2";"1";"1";""
"202400023385";"155740571";"A01";"1";"7";"4";"0";"1";"17";"1";""
"202400023386";"155740569";"B01";"3";"31";"0";"2";"1";"1";"1";""
"202400023386";"155740570";"A01";"3";"10";"0";"2";"3";"15";"1";""
"202400023387";"155740566";"B01";"3";"33";"0";"2";"1";"0";"1";""
"202400023387";"155740568";"A01";"2";"7";"0";"2";"8";"15";"1";""
"202400023388";"155740565";"A01";"1";"7";"0";"2";"3";"15";"1";""
"202400023388";"155740567";"B01";"2";"2";"0";"2";"1";"1";"1";""
"202400023389";"155740563";"A01";"2";"37";"0";"1";"1";"1";"1";"1"
"202400023390";"155740564";"A01";"1";"7";"0";"1";"1";"1";"2";""
"202400023391";"155740562";"A01";"2";"7";"0";"1";"2";"1";"1";""
"202400023392";"155740560";"B01";"1";"1";"0";"2";"2";"1";"5";""
"202400023392";"155740561";"A01";"1";"7";"0";"0";"3";"16";"2";""
"202400023393";"155740558";"A01";"3";"7";"0";"2";"8";"7";"1";""
"202400023393";"155740559";"B01";"3";"7";"0";"2";"2";"1";"1";""
"202400023394";"155740556";"A01";"2";"10";"0";"2";"1";"13";"1";""
"202400023394";"155740557";"B01";"1";"7";"0";"2";"1";"1";"1";""
"202400023395";"155740553";"B01";"2";"50";"0";"2";"1";"7";"3";""
"202400023395";"155740555";"A01";"2";"7";"0";"2";"6";"16";"1";""
"202400023396";"155740552";"A01";"1";"7";"0";"2";"1";"15";"1";""
"202400023396";"155740554";"B01";"1";"7";"9";"2";"8";"1";"2";""
"202400023397";"155740550";"B01";"2";"10";"0";"2";"3";"1";"1";""
"202400023397";"155740551";"A01";"1";"32";"14";"0";"1";"1";"1";""
"202400023398";"155740546";"A01";"1";"7";"0";"2";"1";"13";"1";""
"202400023398";"155740548";"B01";"2";"7";"0";"2";"1";"0";"1";""
"202400023399";"155740547";"B01";"1";"80";"1";"0";"1";"13";"3";""
"202400023399";"155740549";"A01";"1";"10";"0";"0";"8";"22";"3";""
"202400023400";"155740543";"B01";"1";"7";"0";"2";"8";"23";"1";""
"202400023400";"155740545";"A01";"1";"32";"0";"2";"1";"3";"3";""
"202400023401";"155740544";"A01";"1";"7";"0";"1";"3";"15";"1";""
"202400023402";"155740541";"A01";"2";"2";"0";"1";"1";"1";"1";""
"202400023403";"155740540";"B01";"2";"14";"0";"2";"4";"1";"1";""
"202400023403";"155740542";"A01";"2";"7";"0";"2";"1";"1";"1";""
"202400023404";"155740537";"B01";"1";"7";"0";"2";"5";"1";"1";""
"202400023404";"155740539";"A01";"1";"33";"0";"2";"1";"18";"1";""
"202400023405";"155740536";"B01";"1";"7";"0";"9";"7";"1";"2";""
"202400023405";"155740538";"A01";"1";"80";"0";"2";"8";"1";"3";""
"202400023406";"155740535";"A01";"1";"7";"0";"1";"0";"1";"1";""
"202400023407";"155740534";"A01";"1";"2";"0";"5";"0";"0";"1";""
"202400023408";"155740530";"B01";"1";"7";"0";"2";"1";"7";"1";""
"202400023408";"155740532";"C01";"1";"7";"0";"2";"4";"0";"1";""
"202400023408";"155740533";"A01";"1";"7";"0";"2";"1";"2";"1";""
"202400023409";"155740529";"Y01";"1";"80";"0";"2";"1";"1";"3";""
"202400023409";"155740531";"A01";"1";"33";"0";"2";"6";"1";"1";""
"202400023410";"155740527";"A01";"1";"7";"0";"2";"7";"14";"3";""
"202400023410";"155740528";"B01";"1";"33";"0";"2";"8";"14";"1";""
"202400023411";"155740526";"A01";"1";"50";"0";"1";"0";"1";"3";""
"202400023412";"155740524";"B01";"2";"30";"0";"2";"8";"0";"1";""
"202400023412";"155740525";"A01";"1";"7";"0";"2";"1";"15";"1";""
"202400023413";"155740522";"A01";"3";"7";"0";"2";"1";"26";"1";""
"202400023413";"155740523";"Z01";"3";"7";"0";"2";"0";"0";"1";""
"202400023414";"155740520";"A01";"1";"2";"0";"2";"5";"1";"1";""
"202400023414";"155740521";"B01";"1";"1";"0";"2";"1";"1";"5";""
"202400023415";"155740518";"A01";"2";"15";"0";"2";"4";"0";"1";""
"202400023415";"155740519";"B01";"2";"10";"0";"2";"1";"26";"1";""
"202400023416";"155740517";"A01";"2";"7";"0";"1";"2";"1";"1";""
"202400023417";"155740515";"A01";"1";"32";"0";"2";"2";"17";"1";""
"202400023417";"155740516";"B01";"1";"7";"0";"2";"8";"15";"0";""
"202400023418";"155740511";"C01";"1";"7";"0";"0";"4";"0";"1";""
"202400023418";"155740513";"A01";"1";"10";"0";"2";"1";"2";"3";""
"202400023418";"155740514";"B01";"1";"7";"1";"2";"1";"2";"1";""
"202400023419";"155740510";"A01";"0";"7";"12";"0";"0";"0";"1";""
"202400023419";"155740512";"B01";"0";"7";"1";"0";"0";"0";"1";""
"202400023420";"155740509";"A01";"0";"7";"6";"0";"1";"1";"1";""
"202400023421";"155740507";"B01";"1";"50";"0";"2";"1";"1";"3";""
"202400023421";"155740508";"A01";"1";"33";"0";"2";"1";"1";"1";""
"202400023422";"155740505";"B01";"1";"7";"0";"2";"0";"0";"1";""
"202400023422";"155740506";"A01";"1";"7";"0";"2";"8";"11";"1";""
"202400023423";"155740503";"B01";"2";"30";"0";"2";"3";"1";"1";""
"202400023423";"155740504";"A01";"1";"7";"0";"2";"0";"9";"1";""
"202400023424";"155740499";"A01";"2";"7";"0";"1";"2";"2";"1";""
"202400023425";"155740496";"A01";"1";"33";"0";"2";"2";"26";"1";""
"202400023425";"155740497";"B01";"1";"7";"0";"2";"3";"10";"1";""
"202400023426";"155740495";"C01";"3";"7";"0";"2";"4";"1";"1";""
"202400023426";"155740498";"D01";"3";"7";"0";"2";"4";"1";"1";""
"202400023426";"155740500";"E01";"3";"7";"0";"2";"4";"1";"1";""
"202400023426";"155740501";"A01";"3";"7";"0";"2";"1";"2";"1";""
"202400023426";"155740502";"B01";"3";"7";"0";"2";"4";"1";"1";""
"202400023427";"155740493";"A01";"3";"3";"1";"0";"1";"16";"1";""
"202400023427";"155740494";"B01";"3";"7";"0";"2";"6";"24";"1";""
"202400023428";"155740491";"A01";"0";"10";"0";"0";"0";"0";"0";""
"202400023428";"155740492";"B01";"0";"33";"1";"2";"1";"2";"0";""
"202400023429";"155740489";"B01";"1";"7";"0";"2";"3";"0";"1";""
"202400023429";"155740490";"A01";"1";"7";"0";"2";"1";"9";"2";""
"202400023430";"155740488";"A01";"3";"13";"0";"1";"2";"16";"1";""
"202400023431";"155740487";"A01";"1";"7";"0";"1";"2";"1";"1";""
"202400023432";"155740485";"A01";"3";"7";"0";"2";"1";"2";"1";""
"202400023432";"155740486";"B01";"3";"34";"0";"0";"4";"23";"1";""
"202400023433";"155740484";"A01";"0";"10";"0";"1";"1";"1";"1";""
"202400023434";"155740482";"B01";"3";"1";"1";"0";"5";"1";"5";""
"202400023434";"155740483";"A01";"1";"14";"0";"2";"7";"2";"1";""
"202400023435";"155740480";"A01";"1";"7";"0";"2";"1";"1";"1";""
"202400023435";"155740481";"B01";"1";"32";"0";"0";"4";"23";"1";""
"202400023436";"155740478";"B01";"1";"14";"0";"9";"8";"1";"0";""
"202400023436";"155740479";"A01";"2";"50";"0";"2";"1";"1";"3";""
"202400023437";"155740477";"A01";"1";"7";"15";"0";"9";"1";"2";""
"202400023438";"155740476";"A01";"3";"7";"0";"1";"2";"1";"1";""
"202400023439";"155740474";"B01";"3";"1";"0";"0";"6";"1";"5";""
"202400023439";"155740475";"A01";"3";"14";"0";"9";"1";"19";"1";""
"202400023440";"155740473";"A01";"1";"7";"2";"0";"8";"1";"1";""