"Num_Acc";"id_vehicule";"num_veh";"senc";"catv";"obs";"obsm";"choc";"manv";"motor";"occutc"
"202400023441";"155740471";"A01";"1";"7";"0";"2";"1";"15";"1";""
"202400023441";"155740472";"B01";"2";"33";"0";"2";"1";"1";"1";""
"202400023442";"155740469";"A01";"3";"10";"0";"2";"2";"1";"1";""
"202400023442";"155740470";"B01";"3";"2";"0";"2";"1";"15";"1";""
"202400023443";"155740468";"A01";"2";"33";"0";"1";"1";"1";"1";""
"202400023444";"155740467";"A01";"1";"7";"4";"0";"1";"1";"1";""
"202400023445";"155740465";"A01";"2";"7";"0";"2";"1";"5";"1";""
"202400023445";"155740466";"B01";"1";"7";"0";"2";"1";"1";"1";""
"202400023446";"155740464";"A01";"2";"7";"16";"0";"2";"14";"1";""
"202400023447";"155740462";"B01";"1";"7";"0";"2";"1";"2";"1";""
"202400023447";"155740463";"A01";"1";"7";"0";"0";"6";"1";"2";""
"202400023448";"155740460";"A01";"2";"7";"0";"2";"3";"15";"1";""
"202400023448";"155740461";"B01";"1";"1";"0";"2";"1";"1";"5";""
"202400023449";"155740458";"A01";"2";"7";"0";"2";"1";"15";"1";""
"202400023449";"155740459";"B01";"1";"7";"0";"2";"1";"1";"1";""
"202400023450";"155740455";"A01";"3";"7";"6";"2";"3";"1";"1";""
"202400023450";"155740456";"B01";"3";"7";"0";"2";"3";"1";"3";""
"202400023450";"155740457";"C01";"3";"7";"0";"2";"3";"13";"1";""
"202400023451";"155740454";"A01";"1";"7";"0";"1";"3";"16";"2";""
"202400023452";"155740452";"A01";"1";"33";"0";"2";"1";"1";"1";""
"202400023452";"155740453";"B01";"1";"7";"0";"2";"2";"15";"1";""
"202400023453";"155740450";"A01";"1";"7";"0";"2";"8";"9";"1";""
"202400023453";"155740451";"B01";"1";"33";"0";"2";"3";"1";"1";""
"202400023454";"155740449";"A01";"3";"7";"0";"1";"3";"20";"1";""
"202400023455";"155740448";"A01";"1";"7";"0";"1";"1";"2";"1";""
"202400023456";"155740446";"B01";"1";"7";"0";"2";"1";"1";"3";""
"202400023456";"155740447";"A01";"2";"7";"0";"2";"1";"13";"1";""
"202400023457";"155740444";"B01";"1";"7";"0";"2";"0";"0";"0";""
"202400023457";"155740445";"A01";"2";"7";"0";"0";"8";"24";"1";""
"202400023458";"155740443";"A01";"1";"10";"0";"0";"0";"1";"1";""
"202400023459";"155740442";"A01";"1";"7";"6";"0";"1";"14";"1";""
"202400023460";"155740440";"B01";"2";"7";"0";"2";"1";"1";"1";""
"202400023460";"155740441";"A01";"1";"7";"0";"2";"7";"1";"1";""
"202400023461";"155740438";"B01";"2";"50";"0";"0";"4";"2";"3";""
"202400023461";"155740439";"A01";"2";"7";"0";"2";"2";"2";"1";""
"202400023462";"155740435";"C01";"1";"7";"0";"2";"8";"1";"1";""
"202400023462";"155740436";"B01";"1";"7";"0";"2";"1";"1";"1";""
"202400023462";"155740437";"A01";"1";"7";"0";"2";"3";"1";"1";""
"202400023463";"155740433";"A01";"2";"7";"0";"2";"2";"5";"1";""
"202400023463";"155740434";"B01";"1";"7";"0";"2";"1";"1";"1";""
"202400023464";"155740431";"A01";"1";"7";"0";"2";"3";"1";"2";""
"202400023464";"155740432";"B01";"1";"50";"0";"2";"0";"2";"3";""
"202400023465";"155740430";"A01";"1";"7";"3";"0";"2";"1";"1";""
"202400023466";"155740427";"B01";"2";"7";"0";"2";"3";"1";"1";""
"202400023466";"155740428";"C01";"1";"7";"0";"2";"6";"2";"1";""
"202400023466";"155740429";"A01";"1";"7";"0";"2";"3";"13";"1";""
"202400023467";"155740425";"A01";"1";"7";"0";"2";"2";"11";"1";""
"202400023467";"155740426";"B01";"1";"10";"0";"2";"3";"15";"1";""
"202400023468";"155740423";"A01";"1";"7";"0";"2";"1";"1";"1";""
"202400023468";"155740424";"B01";"2";"15";"0";"2";"2";"1";"1";""
"202400023469";"155740421";"A01";"3";"7";"0";"2";"1";"13";"1";""
"202400023469";"155740422";"B01";"3";"7";"0";"2";"1";"1";"1";""
"202400023470";"155740418";"C01";"1";"43";"0";"2";"8";"1";"1";""
"202400023470";"155740419";"A01";"1";"7";"0";"2";"3";"2";"1";""
"202400023470";"155740420";"B01";"1";"7";"0";"9";"5";"15";"1";""
"202400023471";"155740417";"A01";"1";"31";"14";"0";"1";"26";"1";""
"202400023472";"155740415";"B01";"1";"10";"0";"2";"2";"1";"1";""
"202400023472";"155740416";"A01";"2";"7";"0";"2";"5";"15";"1";""
"202400023473";"155740414";"A01";"3";"7";"2";"0";"3";"1";"1";""
"202400023474";"155740413";"A01";"1";"7";"0";"1";"1";"15";"1";""
"202400023475";"155740412";"A01";"2";"7";"3";"0";"1";"1";"1";""
"202400023476";"155740410";"A01";"1";"21";"0";"2";"3";"13";"1";""
"202400023476";"155740411";"B01";"2";"7";"0";"2";"3";"1";"1";""
"202400023477";"155740409";"A01";"2";"2";"12";"0";"7";"1";"1";""
"202400023478";"155740408";"A01";"2";"7";"4";"0";"1";"0";"1";""
"202400023479";"155740406";"B01";"2";"15";"0";"2";"2";"2";"1";""
"202400023479";"155740407";"A01";"2";"7";"0";"0";"5";"24";"1";""
"202400023480";"155740404";"A01";"2";"7";"0";"2";"1";"2";"1";""
"202400023480";"155740405";"B01";"2";"7";"0";"2";"4";"2";"1";""
"202400023481";"155740402";"A01";"2";"7";"13";"2";"8";"13";"1";""
"202400023481";"155740403";"B01";"1";"10";"0";"2";"8";"1";"1";""
"202400023482";"155740400";"B01";"2";"7";"0";"2";"1";"2";"2";""
"202400023482";"155740401";"A01";"2";"17";"0";"0";"4";"2";"1";""
"202400023483";"155740398";"A01";"2";"7";"0";"2";"3";"15";"1";""
"202400023483";"155740399";"B01";"2";"2";"0";"2";"2";"17";"1";""
"202400023484";"155740397";"A01";"2";"7";"0";"9";"2";"26";"1";""
"202400023485";"155740396";"A01";"1";"7";"4";"0";"1";"26";"1";""
"202400023486";"155740394";"B01";"1";"10";"0";"2";"2";"17";"0";""
"202400023486";"155740395";"A01";"1";"7";"0";"0";"6";"1";"2";""
"202400023487";"155740392";"A01";"2";"7";"0";"2";"3";"1";"1";""
"202400023487";"155740393";"B01";"1";"7";"0";"2";"3";"13";"0";""
"202400023488";"155740387";"A01";"1";"7";"0";"9";"1";"16";"1";""
"202400023488";"155740388";"B01";"1";"1";"0";"2";"4";"1";"5";""
"202400023489";"155740385";"A01";"2";"10";"0";"2";"1";"2";"0";""
"202400023489";"155740386";"B01";"2";"7";"0";"2";"4";"2";"1";""
"202400023489";"155740389";"C01";"2";"7";"0";"2";"4";"2";"1";""
"202400023489";"155740390";"D01";"2";"7";"0";"2";"4";"2";"1";""
"202400023489";"155740391";"E01";"2";"10";"0";"2";"4";"2";"1";""
"202400023490";"155740384";"A01";"3";"7";"6";"0";"1";"1";"1";""
"202400023491";"155740383";"A01";"2";"10";"13";"0";"2";"1";"1";""
"202400023492";"155740382";"A01";"1";"7";"13";"0";"2";"1";"1";""
"202400023493";"155740381";"A01";"1";"7";"8";"0";"1";"14";"1";""
"202400023494";"155740380";"A01";"1";"3";"12";"0";"1";"9";"3";""
"202400023495";"155740378";"B01";"2";"7";"0";"2";"3";"1";"1";""
"202400023495";"155740379";"A01";"1";"7";"0";"2";"3";"13";"1";""
"202400023496";"155740375";"B01";"2";"7";"0";"2";"3";"1";"1";""
"202400023496";"155740377";"A01";"1";"10";"0";"2";"3";"13";"1";""
"202400023497";"155740374";"B01";"1";"33";"0";"2";"8";"17";"1";""
"202400023497";"155740376";"A01";"1";"33";"0";"2";"2";"5";"1";""
"202400023498";"155740372";"B01";"2";"7";"0";"2";"1";"1";"1";""
"202400023498";"155740373";"A01";"1";"7";"0";"2";"1";"13";"1";""
"202400023499";"155740371";"A01";"2";"7";"1";"0";"7";"26";"1";""
"202400023500";"155740368";"B01";"1";"7";"0";"2";"1";"0";"1";""
"202400023500";"155740369";"A01";"2";"7";"0";"2";"1";"0";"1";""
"202400023501";"155740366";"A01";"1";"7";"6";"0";"1";"0";"1";""
"202400023502";"155740364";"A01";"1";"7";"1";"1";"3";"1";"1";""
"202400023503";"155740363";"A01";"1";"33";"0";"2";"1";"1";"1";""
"202400023503";"155740365";"B01";"0";"7";"0";"2";"3";"1";"1";""
"202400023504";"155740362";"A01";"0";"7";"17";"0";"1";"0";"1";""
"202400023505";"155740360";"A01";"1";"7";"0";"2";"7";"19";"1";""
"202400023505";"155740361";"B01";"1";"2";"0";"2";"1";"1";"1";""
"202400023506";"155740358";"A01";"3";"7";"0";"1";"1";"1";"2";""
"202400023507";"155740355";"A01";"1";"7";"0";"2";"1";"2";"1";""
"202400023507";"155740356";"B01";"1";"7";"0";"0";"8";"23";"1";""
"202400023507";"155740357";"C01";"1";"7";"0";"0";"6";"23";"1";""
"202400023507";"155740359";"D01";"1";"10";"0";"0";"7";"2";"1";""
"202400023508";"155740354";"A01";"2";"7";"3";"0";"1";"1";"1";""
"202400023509";"155740352";"A01";"1";"10";"0";"2";"5";"14";"1";""
"202400023509";"155740353";"B01";"1";"33";"0";"2";"3";"1";"1";""
"202400023510";"155740351";"A01";"1";"7";"4";"0";"1";"1";"1";""
"202400023511";"155740349";"A01";"1";"10";"0";"2";"2";"1";"1";""
"202400023511";"155740350";"B01";"1";"7";"0";"2";"3";"15";"2";""
"202400023512";"155740346";"B01";"1";"10";"0";"2";"4";"1";"1";""
"202400023512";"155740347";"A01";"1";"7";"0";"2";"1";"1";"1";""
"202400023512";"155740348";"Z01";"1";"7";"0";"2";"1";"1";"0";""
"202400023513";"155740345";"A01";"3";"7";"6";"0";"1";"0";"2";""
"202400023514";"155740344";"A01";"1";"7";"4";"0";"1";"1";"1";""
"202400023515";"155740342";"B01";"1";"7";"0";"2";"8";"1";"1";""
"202400023515";"155740343";"A01";"2";"80";"0";"2";"3";"13";"3";""
"202400023516";"155740340";"A01";"2";"33";"0";"2";"3";"3";"1";""
"202400023516";"155740341";"Z01";"2";"7";"0";"2";"2";"14";"0";""
"202400023517";"155740334";"E01";"2";"37";"0";"2";"1";"16";"1";"1"
"202400023517";"155740335";"A01";"1";"7";"6";"2";"1";"11";"1";""
"202400023517";"155740337";"B01";"1";"7";"0";"2";"5";"23";"1";""
"202400023517";"155740338";"C01";"2";"7";"0";"2";"7";"1";"1";""
"202400023517";"155740339";"D01";"1";"7";"0";"2";"6";"2";"1";""
"202400023518";"155740333";"A01";"2";"7";"3";"2";"6";"24";"1";""
"202400023518";"155740336";"B01";"2";"7";"0";"2";"2";"2";"2";""
"202400023519";"155740332";"A01";"1";"7";"9";"0";"1";"0";"1";""
"202400023520";"155740330";"A01";"1";"2";"0";"0";"2";"1";"1";""
"202400023521";"155740325";"A01";"1";"7";"0";"2";"1";"1";"1";""
"202400023521";"155740326";"B01";"1";"1";"0";"2";"4";"13";"5";""
"202400023522";"155740323";"A01";"1";"7";"0";"2";"1";"1";"1";""
"202400023522";"155740324";"B01";"1";"7";"0";"2";"6";"1";"1";""
"202400023522";"155740327";"C01";"1";"7";"0";"2";"8";"1";"1";""
"202400023522";"155740328";"E01";"1";"7";"0";"2";"4";"1";"1";""
"202400023522";"155740329";"F01";"1";"7";"0";"2";"4";"1";"1";""
"202400023522";"155740331";"D01";"1";"7";"0";"2";"4";"1";"2";""
"202400023523";"155740321";"A01";"3";"7";"0";"2";"8";"19";"1";""
"202400023523";"155740322";"B01";"2";"38";"0";"2";"1";"1";"1";"1"
"202400023524";"155740320";"A01";"1";"7";"0";"1";"2";"1";"1";""
"202400023525";"155740319";"A01";"0";"33";"0";"0";"0";"0";"1";""
"202400023526";"155740318";"A01";"1";"7";"13";"0";"1";"1";"1";""
"202400023527";"155740316";"A01";"2";"7";"0";"2";"4";"1";"1";""
"202400023527";"155740317";"B01";"2";"10";"0";"2";"1";"2";"1";""
"202400023528";"155740315";"A01";"3";"7";"2";"0";"1";"1";"1";""
"202400023529";"155740313";"A01";"1";"7";"0";"0";"9";"1";"1";""
"202400023530";"155740312";"A01";"2";"7";"0";"2";"1";"2";"1";""
"202400023530";"155740314";"B01";"2";"7";"0";"2";"6";"1";"1";""
"202400023531";"155740309";"A01";"2";"50";"0";"2";"1";"1";"3";""
"202400023531";"155740311";"B01";"2";"7";"0";"2";"8";"22";"3";""
"202400023532";"155740308";"A01";"1";"7";"0";"2";"4";"1";"2";""
"202400023532";"155740310";"B01";"1";"7";"0";"2";"1";"1";"1";""
"202400023533";"155740305";"A01";"2";"7";"0";"2";"1";"9";"1";""
"202400023533";"155740307";"B01";"3";"1";"0";"2";"7";"1";"5";""
"202400023534";"155740304";"B01";"2";"7";"0";"2";"4";"2";"1";""
"202400023534";"155740306";"A01";"2";"7";"0";"2";"1";"2";"1";""
"202400023535";"155740303";"A01";"1";"7";"12";"0";"2";"26";"1";""
"202400023536";"155740301";"B01";"1";"7";"0";"2";"6";"1";"1";""
"202400023536";"155740302";"Z01";"1";"7";"0";"2";"2";"1";"1";""
"202400023537";"155740299";"B01";"2";"2";"0";"2";"6";"1";"1";""
"202400023537";"155740300";"A01";"1";"80";"0";"2";"1";"5";"3";""
"202400023538";"155740296";"B01";"1";"7";"0";"2";"4";"2";"1";""
"202400023538";"155740297";"A01";"1";"10";"0";"2";"1";"2";"1";""
"202400023538";"155740298";"C01";"1";"7";"0";"2";"1";"1";"1";""
"202400023539";"155740294";"A01";"1";"7";"0";"2";"3";"15";"1";""
"202400023539";"155740295";"B01";"1";"2";"0";"2";"7";"17";"1";""
"202400023540";"155740292";"A01";"1";"7";"0";"2";"6";"11";"1";""
"202400023540";"155740293";"B01";"1";"33";"0";"2";"1";"3";"1";""
"202400023541";"155740288";"A01";"1";"7";"0";"2";"1";"2";"1";""
"202400023541";"155740290";"B01";"1";"10";"0";"2";"4";"2";"1";""
"202400023542";"155740286";"B01";"1";"7";"0";"2";"4";"23";"1";""
"202400023542";"155740287";"C01";"1";"7";"0";"2";"1";"1";"1";""
"202400023542";"155740289";"D01";"1";"7";"0";"2";"5";"1";"1";""
"202400023542";"155740291";"A01";"1";"7";"0";"2";"1";"14";"1";""
"202400023543";"155740284";"A01";"1";"7";"4";"0";"8";"21";"1";""
"202400023544";"155740283";"A01";"2";"7";"0";"2";"1";"15";"1";""
"202400023544";"155740285";"B01";"1";"34";"0";"2";"1";"1";"1";""
"202400023545";"155740282";"A01";"1";"7";"4";"0";"2";"2";"1";""
"202400023546";"155740281";"A01";"2";"7";"1";"0";"3";"1";"1";""
"202400023547";"155740278";"B01";"1";"7";"0";"2";"5";"2";"3";""
"202400023547";"155740280";"A01";"1";"33";"0";"2";"3";"21";"1";""
"202400023548";"155740276";"A01";"2";"7";"0";"2";"6";"21";"1";""
"202400023548";"155740279";"B01";"2";"7";"0";"2";"3";"13";"1";""
"202400023549";"155740275";"B01";"1";"7";"0";"2";"4";"2";"1";""
"202400023549";"155740277";"A01";"1";"10";"0";"2";"1";"2";"1";""
"202400023550";"155740272";"B01";"3";"50";"0";"2";"1";"5";"3";""
"202400023550";"155740274";"A01";"3";"10";"0";"2";"2";"0";"1";""
"202400023551";"155740270";"A01";"2";"7";"0";"9";"1";"26";"1";""
"202400023551";"155740273";"B01";"1";"1";"0";"2";"4";"26";"5";""
"202400023552";"155740269";"A01";"2";"7";"0";"2";"1";"2";"1";""
"202400023552";"155740271";"B01";"2";"7";"0";"2";"4";"1";"1";""
"202400023553";"155740268";"A01";"2";"33";"0";"0";"0";"1";"1";""
"202400023554";"155740264";"B01";"1";"7";"0";"2";"2";"2";"1";""
"202400023554";"155740266";"A01";"1";"7";"0";"2";"4";"1";"1";""
"202400023555";"155740262";"A01";"2";"10";"0";"2";"1";"2";"1";""
"202400023555";"155740265";"B01";"2";"10";"0";"2";"4";"2";"1";""
"202400023555";"155740267";"C01";"2";"7";"0";"2";"4";"2";"1";""
"202400023556";"155740261";"B01";"3";"7";"0";"2";"2";"1";"1";""
"202400023556";"155740263";"A01";"3";"7";"0";"2";"3";"9";"1";""
"202400023557";"155740260";"A01";"2";"31";"15";"0";"1";"1";"1";""
"202400023558";"155740258";"A01";"2";"30";"0";"2";"1";"15";"1";""
"202400023558";"155740259";"B01";"1";"7";"0";"2";"6";"2";"1";""
"202400023559";"155740256";"A01";"1";"7";"4";"0";"1";"1";"1";""
"202400023560";"155740257";"A01";"3";"7";"0";"1";"1";"1";"2";""
"202400023561";"155740253";"A01";"3";"7";"0";"2";"1";"13";"1";""
"202400023561";"155740255";"B01";"3";"7";"0";"2";"1";"1";"1";""
"202400023562";"155740251";"A01";"1";"33";"0";"2";"1";"3";"1";""
"202400023562";"155740254";"B01";"1";"7";"0";"2";"6";"11";"1";""
"202400023563";"155740250";"B01";"1";"7";"0";"2";"3";"9";"1";""
"202400023563";"155740252";"A01";"3";"37";"14";"0";"5";"0";"3";"1"
"202400023564";"155740247";"B01";"1";"7";"0";"2";"2";"2";"1";""
"202400023564";"155740249";"A01";"1";"33";"0";"2";"3";"2";"1";""
"202400023565";"155740242";"A01";"1";"7";"4";"2";"3";"11";"3";""
"202400023565";"155740244";"B01";"1";"33";"4";"2";"1";"3";"1";""
"202400023566";"155740243";"B01";"2";"37";"1";"0";"7";"21";"0";"2"
"202400023566";"155740246";"A01";"2";"10";"0";"2";"3";"22";"6";""
"202400023567";"155740240";"A01";"2";"7";"1";"0";"2";"14";"2";""
"202400023568";"155740237";"A01";"1";"7";"0";"2";"4";"1";"1";""
"202400023568";"155740239";"B01";"1";"33";"0";"2";"1";"1";"1";""
"202400023569";"155740236";"A01";"3";"7";"0";"2";"7";"1";"1";""
"202400023569";"155740238";"B01";"3";"7";"0";"2";"1";"17";"1";""
"202400023570";"155740235";"A01";"0";"7";"1";"0";"9";"0";"1";""
"202400023571";"155740232";"A01";"3";"3";"8";"0";"1";"19";"1";""
"202400023572";"155740229";"C01";"2";"7";"0";"2";"4";"2";"1";""
"202400023572";"155740230";"D01";"2";"10";"0";"2";"4";"2";"1";""
"202400023572";"155740233";"A01";"2";"10";"0";"2";"1";"2";"1";""
"202400023572";"155740234";"B01";"2";"10";"0";"2";"4";"2";"1";""
"202400023573";"155740226";"A01";"1";"7";"0";"2";"8";"9";"1";""
"202400023573";"155740228";"B01";"1";"33";"0";"2";"7";"1";"1";""
"202400023574";"155740227";"A01";"1";"43";"0";"2";"1";"26";"1";""
"202400023574";"155740231";"B01";"1";"10";"0";"2";"2";"21";"3";""
"202400023575";"155740225";"A01";"1";"31";"0";"0";"7";"9";"1";""
"202400023576";"155740224";"A01";"3";"7";"0";"1";"3";"1";"1";""
"202400023577";"155740220";"B01";"1";"50";"0";"2";"4";"0";"3";""
"202400023577";"155740222";"Z01";"1";"7";"0";"2";"1";"11";"1";""
"202400023578";"155740221";"A01";"2";"7";"0";"2";"3";"15";"2";""
"202400023578";"155740223";"B01";"2";"32";"0";"2";"1";"1";"1";""
"202400023579";"155740217";"A01";"1";"7";"0";"0";"8";"15";"1";""
"202400023579";"155740218";"B01";"1";"33";"0";"2";"1";"17";"1";""
"202400023580";"155740215";"A01";"3";"3";"0";"2";"0";"0";"1";""
"202400023580";"155740219";"B01";"2";"7";"0";"2";"8";"1";"1";""
"202400023581";"155740214";"A01";"1";"7";"0";"1";"5";"1";"1";""
"202400023582";"155740212";"A01";"3";"7";"8";"0";"1";"1";"1";""
"202400023583";"155740211";"A01";"1";"7";"0";"2";"1";"2";"1";""
"202400023583";"155740213";"B01";"1";"7";"0";"2";"4";"23";"1";""
"202400023583";"155740216";"C01";"2";"7";"0";"2";"3";"5";"2";""
"202400023584";"155740206";"A01";"3";"34";"14";"0";"8";"16";"1";""
"202400023585";"155740208";"A01";"2";"31";"0";"0";"0";"1";"1";""
"202400023586";"155740207";"A01";"2";"7";"0";"2";"6";"26";"1";""
"202400023586";"155740209";"B01";"2";"33";"0";"2";"1";"0";"1";""
"202400023587";"155740203";"A01";"1";"34";"0";"2";"1";"2";"1";""
"202400023587";"155740205";"B01";"1";"7";"0";"2";"5";"2";"1";""
"202400023588";"155740204";"A01";"1";"20";"13";"0";"8";"10";"1";""
"202400023589";"155740200";"A01";"0";"2";"0";"0";"1";"0";"1";""
"202400023590";"155740198";"C01";"2";"7";"14";"2";"1";"1";"1";""
"202400023590";"155740199";"B01";"2";"7";"14";"2";"1";"1";"1";""
"202400023590";"155740201";"A01";"2";"7";"14";"2";"4";"1";"1";""
"202400023591";"155740202";"A01";"1";"7";"0";"1";"3";"1";"1";""
"202400023592";"155740197";"A01";"1";"15";"1";"2";"6";"2";"1";""
"202400023593";"155740192";"C01";"1";"7";"0";"2";"1";"1";"1";""
"202400023593";"155740195";"A01";"1";"7";"0";"2";"4";"15";"1";""
"202400023593";"155740196";"B01";"1";"10";"0";"2";"4";"1";"1";""
"202400023594";"155740191";"B01";"2";"7";"0";"2";"1";"1";"1";""
"202400023594";"155740194";"A01";"1";"7";"0";"2";"2";"15";"1";""
"202400023595";"155740185";"B01";"2";"7";"0";"2";"3";"11";"1";""
"202400023595";"155740187";"A01";"2";"33";"0";"2";"2";"3";"1";""
"202400023595";"155740189";"C01";"2";"7";"0";"2";"4";"1";"1";""
"202400023596";"155740186";"A01";"2";"7";"0";"2";"7";"15";"1";""
"202400023596";"155740188";"B01";"1";"1";"0";"2";"8";"1";"5";""
"202400023597";"155740184";"A01";"1";"7";"13";"0";"1";"2";"1";""
"202400023598";"155740182";"A01";"1";"31";"0";"0";"8";"13";"1";""
"202400023599";"155740183";"A01";"1";"37";"0";"1";"1";"1";"1";"1"
"202400023600";"155740179";"A01";"0";"50";"0";"2";"1";"15";"3";""
"202400023600";"155740181";"B01";"0";"10";"0";"9";"3";"1";"1";""
"202400023601";"155740176";"A01";"3";"1";"0";"0";"1";"1";"5";""
"202400023602";"155740178";"A01";"1";"7";"0";"2";"1";"15";"1";""
"202400023602";"155740180";"B01";"2";"7";"0";"2";"2";"1";"1";""
"202400023603";"155740177";"A01";"0";"7";"5";"0";"1";"1";"1";""
"202400023604";"155740175";"A01";"2";"7";"2";"0";"9";"1";"1";""
"202400023605";"155740171";"B01";"2";"7";"0";"2";"5";"2";"1";""
"202400023605";"155740174";"A01";"2";"31";"0";"2";"1";"9";"1";""
"202400023606";"155740170";"B01";"0";"31";"0";"2";"1";"0";"1";""
"202400023606";"155740172";"A01";"3";"31";"0";"2";"2";"0";"0";""
"202400023607";"155740168";"B01";"1";"33";"0";"2";"1";"1";"1";""
"202400023607";"155740173";"A01";"1";"7";"0";"2";"2";"19";"1";""
"202400023608";"155740167";"A01";"1";"7";"0";"2";"2";"15";"2";""
"202400023608";"155740169";"B01";"2";"7";"0";"2";"1";"1";"1";""
"202400023609";"155740164";"A01";"2";"33";"2";"2";"1";"17";"1";""
"202400023609";"155740166";"B01";"2";"7";"2";"2";"3";"15";"1";""
"202400023610";"155740163";"A01";"1";"7";"0";"2";"3";"1";"1";""
"202400023610";"155740165";"B01";"2";"7";"0";"2";"1";"15";"1";""
"202400023611";"155740162";"A01";"2";"33";"0";"0";"8";"14";"1";""
"202400023612";"155740161";"A01";"1";"7";"0";"1";"1";"1";"1";""
"202400023613";"155740157";"A01";"1";"7";"10";"0";"0";"14";"1";""
"202400023614";"155740156";"B01";"3";"7";"0";"2";"6";"15";"1";""
"202400023614";"155740159";"A01";"3";"7";"0";"2";"1";"2";"1";""
"202400023615";"155740155";"B01";"1";"7";"0";"2";"6";"23";"1";""
"202400023615";"155740158";"C01";"1";"7";"0";"2";"1";"1";"1";""
"202400023615";"155740160";"A01";"1";"0";"1";"0";"2";"2";"0";""
"202400023616";"155740152";"A01";"1";"7";"0";"2";"2";"15";"1";""
"202400023616";"155740154";"B01";"2";"33";"0";"2";"1";"1";"1";""
"202400023617";"155740151";"A01";"1";"7";"0";"2";"2";"1";"2";""
"202400023618";"155740150";"A01";"1";"7";"13";"0";"3";"13";"3";""
"202400023619";"155740149";"A01";"2";"7";"0";"2";"1";"1";"1";""
"202400023619";"155740153";"B01";"2";"7";"15";"2";"2";"1";"1";""
"202400023620";"155740147";"A01";"2";"50";"0";"0";"8";"0";"3";""
"202400023621";"155740148";"A01";"1";"3";"0";"1";"1";"1";"1";""
"202400023622";"155740144";"A01";"2";"7";"0";"2";"2";"13";"1";""
"202400023622";"155740146";"B01";"1";"7";"0";"2";"2";"21";"1";""
"202400023623";"155740143";"X01";"1";"0";"0";"2";"2";"2";"0";""
"202400023623";"155740145";"B01";"1";"7";"12";"0";"6";"23";"0";""
"202400023624";"155740142";"A01";"3";"31";"0";"5";"1";"1";"1";""
"202400023625";"155740139";"A01";"1";"33";"0";"2";"1";"1";"1";""
"202400023625";"155740141";"B01";"3";"7";"0";"2";"8";"15";"1";""
"202400023626";"155740137";"B01";"2";"7";"0";"2";"1";"1";"1";""
"202400023626";"155740140";"A01";"1";"10";"0";"2";"2";"21";"1";""
"202400023627";"155740136";"B01";"1";"7";"0";"2";"3";"9";"0";""
"202400023627";"155740138";"A01";"1";"31";"0";"2";"1";"1";"0";""
"202400023628";"155740134";"B01";"2";"7";"0";"2";"1";"1";"1";""
"202400023628";"155740135";"A01";"2";"7";"0";"2";"1";"11";"1";""
"202400023629";"155740133";"A01";"1";"7";"0";"1";"2";"1";"1";""
"202400023630";"155740131";"A01";"1";"33";"0";"0";"0";"1";"1";""
"202400023631";"155740128";"A01";"2";"33";"0";"2";"7";"17";"1";""
"202400023631";"155740130";"B01";"2";"17";"0";"2";"6";"2";"1";""
"202400023631";"155740132";"C01";"1";"7";"0";"2";"1";"1";"1";""
"202400023632";"155740126";"B01";"2";"33";"0";"2";"1";"1";"1";""
"202400023632";"155740129";"A01";"1";"3";"0";"0";"3";"9";"3";""
"202400023633";"155740125";"B01";"1";"7";"0";"2";"4";"1";"1";""
"202400023633";"155740127";"A01";"1";"13";"0";"2";"1";"1";"3";""
"202400023634";"155740122";"A01";"1";"7";"8";"9";"1";"1";"1";""
"202400023634";"155740124";"B01";"1";"1";"0";"2";"4";"1";"5";""
"202400023635";"155740120";"A01";"3";"7";"8";"2";"9";"1";"1";""
"202400023636";"155740118";"A01";"2";"7";"0";"9";"1";"1";"0";""
"202400023636";"155740121";"B01";"2";"1";"0";"0";"4";"15";"5";""
"202400023637";"155740117";"A01";"2";"7";"0";"1";"1";"1";"1";""
"202400023638";"155740116";"B01";"0";"2";"0";"2";"2";"19";"1";""
"202400023638";"155740119";"A01";"0";"7";"0";"0";"7";"1";"1";""
"202400023639";"155740113";"A01";"1";"7";"0";"2";"2";"11";"1";""
"202400023639";"155740115";"B01";"2";"32";"0";"2";"3";"1";"1";""
"202400023640";"155740112";"A01";"1";"2";"0";"2";"3";"13";"1";""
"202400023640";"155740114";"B01";"2";"7";"0";"2";"3";"21";"1";""
"202400023641";"155740109";"B01";"3";"1";"0";"2";"7";"26";"5";""
"202400023641";"155740110";"A01";"3";"7";"7";"2";"1";"1";"1";""
"202400023642";"155740108";"A01";"2";"30";"9";"2";"1";"1";"1";""
"202400023642";"155740111";"B01";"1";"7";"0";"2";"3";"15";"1";""
"202400023643";"155740106";"A01";"3";"7";"0";"1";"3";"26";"2";""
"202400023644";"155740104";"A01";"2";"7";"0";"2";"1";"2";"1";""
"202400023644";"155740107";"B01";"2";"21";"0";"0";"4";"1";"1";""
"202400023645";"155740100";"A01";"1";"7";"0";"2";"6";"9";"1";""
"202400023645";"155740103";"B01";"1";"2";"0";"0";"1";"1";"1";""
"202400023646";"155740102";"A01";"1";"7";"0";"2";"1";"9";"1";""
"202400023646";"155740105";"B01";"1";"30";"0";"2";"7";"1";"1";""
"202400023647";"155740098";"B01";"1";"7";"0";"2";"3";"1";"2";""
"202400023647";"155740101";"A01";"1";"7";"0";"2";"2";"1";"1";""
"202400023648";"155740094";"B01";"2";"7";"0";"2";"3";"1";"1";""
"202400023648";"155740097";"A01";"1";"7";"0";"2";"6";"13";"1";""