"Num_Acc";"id_vehicule";"num_veh";"senc";"catv";"obs";"obsm";"choc";"manv";"motor";"occutc"
"202400023649";"155740095";"A01";"3";"7";"0";"2";"6";"19";"1";""
"202400023649";"155740099";"B01";"2";"7";"0";"2";"3";"1";"1";""
"202400023650";"155740093";"A01";"1";"7";"1";"2";"1";"26";"1";""
"202400023650";"155740096";"B01";"2";"7";"0";"0";"0";"0";"1";""
"202400023651";"155740088";"B01";"3";"10";"0";"2";"4";"2";"1";""
"202400023651";"155740091";"C01";"3";"7";"0";"0";"4";"0";"1";""
"202400023651";"155740092";"A01";"3";"7";"0";"2";"1";"1";"1";""
"202400023652";"155740086";"A01";"2";"7";"0";"2";"3";"15";"2";""
"202400023652";"155740090";"B01";"2";"2";"0";"2";"1";"1";"1";""
"202400023653";"155740085";"A01";"1";"7";"0";"2";"3";"13";"1";""
"202400023653";"155740089";"B01";"2";"15";"0";"2";"3";"1";"1";""
"202400023654";"155740084";"A01";"1";"33";"0";"2";"0";"0";"1";""
"202400023654";"155740087";"B01";"2";"10";"0";"2";"0";"0";"1";""
"202400023655";"155740083";"Z01";"3";"0";"0";"1";"1";"2";"0";""
"202400023656";"155740082";"A01";"1";"33";"0";"0";"1";"1";"1";""
"202400023657";"155740079";"A01";"2";"1";"0";"0";"0";"1";"5";""
"202400023658";"155740078";"A01";"2";"7";"0";"0";"2";"1";"1";""
"202400023659";"155740080";"B01";"1";"7";"0";"2";"2";"1";"1";""
"202400023659";"155740081";"A01";"1";"10";"0";"2";"1";"19";"1";""
"202400023660";"155740073";"B01";"3";"50";"12";"2";"1";"5";"3";""
"202400023660";"155740076";"A01";"2";"7";"12";"0";"5";"16";"1";""
"202400023661";"155740074";"A01";"1";"10";"8";"0";"3";"1";"1";""
"202400023662";"155740075";"A01";"1";"7";"16";"0";"0";"2";"1";""
"202400023663";"155740072";"B01";"3";"7";"0";"2";"8";"1";"1";""
"202400023663";"155740077";"A01";"3";"30";"0";"2";"1";"19";"1";""
"202400023664";"155740071";"A01";"1";"33";"0";"1";"1";"1";"1";""
"202400023665";"155740070";"A01";"1";"33";"0";"0";"7";"1";"1";""
"202400023666";"155740064";"A01";"2";"7";"13";"2";"1";"1";"1";""
"202400023666";"155740067";"B01";"1";"7";"0";"2";"2";"1";"2";""
"202400023667";"155740065";"B01";"1";"33";"0";"2";"0";"17";"1";""
"202400023667";"155740068";"A01";"1";"1";"0";"2";"1";"2";"5";""
"202400023668";"155740066";"A01";"1";"7";"0";"2";"1";"15";"1";""
"202400023668";"155740069";"B01";"2";"32";"0";"2";"8";"1";"1";""
"202400023669";"155740063";"A01";"3";"7";"0";"1";"3";"1";"1";""
"202400023670";"155740062";"A01";"1";"7";"8";"0";"1";"2";"1";""
"202400023671";"155740061";"A01";"2";"7";"2";"0";"3";"1";"1";""
"202400023672";"155740060";"A01";"1";"7";"1";"0";"1";"14";"1";""
"202400023673";"155740058";"A01";"0";"7";"0";"2";"2";"19";"1";""
"202400023673";"155740059";"B01";"0";"2";"0";"2";"1";"1";"1";""
"202400023674";"155740054";"A01";"2";"21";"15";"0";"1";"14";"1";""
"202400023675";"155740053";"B01";"1";"33";"0";"2";"8";"1";"1";""
"202400023675";"155740056";"A01";"1";"7";"0";"0";"3";"15";"1";""
"202400023676";"155740051";"A01";"2";"7";"9";"0";"1";"13";"1";""
"202400023677";"155740052";"B01";"3";"7";"0";"0";"0";"23";"1";""
"202400023677";"155740055";"C01";"3";"7";"0";"0";"5";"24";"1";""
"202400023677";"155740057";"A01";"3";"7";"1";"0";"1";"26";"2";""
"202400023678";"155740045";"A01";"3";"7";"0";"9";"1";"15";"1";""
"202400023678";"155740047";"B01";"3";"50";"0";"2";"1";"1";"3";""
"202400023679";"155740044";"A01";"3";"7";"12";"0";"2";"1";"1";""
"202400023680";"155740046";"A01";"3";"33";"0";"2";"2";"1";"1";""
"202400023680";"155740048";"B01";"3";"7";"0";"2";"4";"20";"1";""
"202400023681";"155740039";"A01";"2";"33";"0";"2";"1";"17";"1";""
"202400023681";"155740042";"B01";"1";"7";"0";"2";"5";"15";"1";""
"202400023682";"155740040";"A01";"1";"10";"0";"2";"1";"1";"1";""
"202400023682";"155740043";"B01";"1";"7";"0";"2";"8";"1";"1";""
"202400023683";"155740038";"A01";"1";"7";"0";"2";"1";"1";"1";""
"202400023683";"155740041";"B01";"1";"7";"0";"2";"4";"0";"1";""
"202400023684";"155740037";"A01";"1";"7";"16";"0";"1";"1";"1";""
"202400023685";"155740033";"A01";"3";"7";"0";"2";"3";"16";"1";""
"202400023685";"155740036";"B01";"3";"7";"0";"2";"2";"1";"1";""
"202400023686";"155740032";"B01";"3";"7";"0";"2";"1";"1";"1";""
"202400023686";"155740034";"A01";"3";"33";"0";"2";"1";"26";"1";""
"202400023687";"155740028";"A01";"3";"7";"0";"2";"2";"16";"1";""
"202400023687";"155740031";"B01";"3";"60";"0";"2";"3";"0";"5";""
"202400023688";"155740027";"B01";"2";"7";"0";"2";"1";"9";"1";""
"202400023688";"155740035";"A01";"1";"7";"0";"2";"1";"1";"1";""
"202400023689";"155740026";"A01";"2";"31";"0";"2";"1";"7";"1";""
"202400023689";"155740029";"B01";"2";"7";"0";"2";"2";"16";"1";""
"202400023690";"155740025";"A01";"1";"0";"0";"2";"0";"0";"0";""
"202400023690";"155740030";"B01";"1";"80";"0";"0";"4";"1";"3";""
"202400023691";"155740022";"A01";"3";"7";"6";"0";"1";"1";"1";""
"202400023692";"155740023";"A01";"2";"33";"8";"0";"1";"1";"1";""
"202400023693";"155740021";"A01";"0";"7";"0";"2";"1";"15";"1";""
"202400023693";"155740024";"B01";"0";"7";"0";"2";"8";"15";"1";""
"202400023694";"155740017";"A01";"3";"33";"0";"0";"0";"1";"1";""
"202400023695";"155740016";"A01";"2";"7";"0";"2";"1";"15";"1";""
"202400023695";"155740019";"B01";"1";"50";"0";"2";"3";"1";"3";""
"202400023696";"155740012";"A01";"1";"7";"0";"2";"1";"2";"1";""
"202400023696";"155740014";"B01";"1";"7";"0";"2";"4";"2";"1";""
"202400023696";"155740018";"D01";"1";"7";"0";"2";"1";"2";"1";""
"202400023696";"155740020";"C01";"1";"7";"0";"2";"5";"0";"2";""
"202400023697";"155740007";"B01";"2";"7";"0";"2";"6";"1";"2";""
"202400023697";"155740010";"A01";"2";"31";"0";"2";"1";"1";"1";""
"202400023698";"155740008";"A01";"2";"7";"0";"2";"3";"15";"1";""
"202400023698";"155740011";"B01";"1";"31";"0";"2";"2";"1";"1";""
"202400023699";"155740006";"A01";"1";"7";"0";"1";"1";"15";"1";""
"202400023700";"155740005";"B01";"2";"80";"0";"2";"1";"1";"3";""
"202400023700";"155740009";"A01";"1";"10";"0";"2";"3";"16";"1";""
"202400023701";"155740002";"A01";"2";"7";"6";"0";"1";"21";"1";""
"202400023702";"155740000";"A01";"2";"7";"0";"2";"6";"16";"1";""
"202400023702";"155740004";"B01";"2";"50";"0";"2";"3";"5";"3";""
"202400023703";"155739999";"A01";"1";"7";"3";"2";"1";"14";"1";""
"202400023703";"155740003";"B01";"1";"10";"0";"2";"4";"0";"0";""
"202400023704";"155739998";"A01";"2";"7";"0";"2";"8";"19";"1";""
"202400023704";"155740001";"B01";"1";"33";"0";"2";"3";"21";"1";""
"202400023705";"155739996";"A01";"0";"2";"1";"0";"0";"0";"0";""
"202400023706";"155739994";"A01";"1";"2";"0";"2";"1";"2";"1";""
"202400023706";"155739997";"B01";"1";"32";"0";"2";"4";"2";"1";""
"202400023707";"155739993";"A01";"0";"10";"0";"1";"3";"16";"1";""
"202400023708";"155739992";"A01";"1";"3";"0";"2";"1";"2";"1";""
"202400023708";"155739995";"B01";"1";"7";"0";"2";"7";"2";"1";""
"202400023709";"155739990";"A01";"2";"33";"0";"2";"3";"13";"1";""
"202400023709";"155739991";"B01";"1";"7";"0";"0";"3";"1";"1";""
"202400023710";"155739986";"A01";"1";"7";"0";"2";"1";"1";"1";""
"202400023710";"155739989";"B01";"1";"15";"0";"2";"4";"1";"1";""
"202400023711";"155739985";"A01";"3";"7";"0";"2";"2";"1";"0";""
"202400023711";"155739988";"B01";"1";"1";"0";"2";"0";"0";"0";""
"202400023712";"155739984";"A01";"0";"7";"0";"0";"8";"9";"1";""
"202400023712";"155739987";"B01";"2";"33";"0";"0";"1";"1";"1";""
"202400023713";"155739983";"A01";"1";"7";"6";"0";"2";"1";"1";""
"202400023714";"155739981";"B01";"1";"1";"0";"2";"6";"2";"5";""
"202400023714";"155739982";"A01";"1";"10";"0";"2";"7";"2";"1";""
"202400023715";"155739979";"A01";"1";"33";"14";"0";"1";"1";"1";""
"202400023716";"155739980";"A01";"2";"7";"0";"1";"1";"1";"1";""
"202400023717";"155739977";"A01";"3";"10";"0";"2";"1";"2";"1";""
"202400023717";"155739978";"B01";"3";"33";"0";"2";"4";"23";"1";""
"202400023718";"155739973";"B01";"1";"7";"0";"2";"1";"1";"1";""
"202400023718";"155739976";"A01";"2";"7";"0";"2";"1";"5";"1";""
"202400023719";"155739970";"B01";"2";"7";"0";"2";"0";"0";"1";""
"202400023719";"155739972";"A01";"2";"50";"0";"2";"0";"0";"3";""
"202400023720";"155739971";"B01";"3";"7";"0";"2";"1";"19";"1";""
"202400023720";"155739974";"A01";"2";"7";"0";"2";"7";"1";"1";""
"202400023721";"155739969";"B01";"2";"50";"0";"2";"7";"1";"3";""
"202400023721";"155739975";"A01";"2";"7";"0";"2";"1";"1";"1";""
"202400023722";"155739967";"A01";"1";"32";"0";"1";"1";"17";"1";""
"202400023723";"155739966";"B01";"1";"7";"6";"2";"7";"1";"1";""
"202400023723";"155739968";"A01";"1";"7";"0";"2";"1";"1";"1";""
"202400023724";"155739965";"A01";"2";"7";"7";"0";"1";"14";"1";""
"202400023725";"155739964";"A01";"2";"7";"0";"1";"2";"1";"1";""
"202400023726";"155739961";"A01";"0";"7";"0";"1";"8";"1";"1";""
"202400023727";"155739960";"B01";"2";"7";"0";"2";"8";"9";"1";""
"202400023727";"155739963";"A01";"2";"7";"0";"2";"2";"1";"1";""
"202400023728";"155739958";"A01";"2";"7";"0";"2";"8";"9";"1";""
"202400023728";"155739962";"B01";"1";"2";"0";"2";"1";"1";"1";""
"202400023729";"155739955";"A01";"3";"7";"0";"1";"5";"4";"1";""
"202400023730";"155739953";"A01";"1";"33";"0";"2";"1";"1";"1";""
"202400023730";"155739956";"B01";"2";"7";"0";"2";"2";"15";"1";""
"202400023731";"155739954";"B01";"1";"7";"0";"2";"4";"23";"3";""
"202400023731";"155739957";"C01";"1";"7";"0";"2";"4";"23";"1";""
"202400023731";"155739959";"A01";"1";"10";"0";"2";"1";"2";"1";""
"202400023732";"155739948";"A01";"1";"80";"0";"1";"1";"1";"3";""
"202400023733";"155739945";"B01";"0";"1";"0";"2";"1";"23";"5";""
"202400023733";"155739950";"A01";"3";"7";"0";"2";"4";"4";"1";""
"202400023734";"155739943";"A01";"1";"7";"0";"2";"1";"2";"1";""
"202400023734";"155739947";"C01";"1";"7";"0";"2";"4";"2";"1";""
"202400023734";"155739951";"D01";"1";"7";"0";"2";"1";"2";"1";""
"202400023734";"155739952";"B01";"1";"7";"0";"2";"4";"2";"2";""
"202400023735";"155739942";"A01";"3";"7";"6";"0";"1";"1";"1";""
"202400023736";"155739940";"A01";"1";"7";"0";"2";"3";"13";"1";""
"202400023736";"155739944";"D01";"1";"7";"0";"2";"6";"2";"1";""
"202400023736";"155739946";"B01";"1";"7";"0";"2";"4";"2";"1";""
"202400023736";"155739949";"C01";"2";"33";"0";"2";"1";"1";"1";""
"202400023737";"155739939";"A01";"1";"7";"0";"2";"3";"13";"1";""
"202400023737";"155739941";"B01";"2";"7";"0";"2";"3";"1";"2";""
"202400023738";"155739937";"A01";"1";"7";"0";"2";"1";"2";"1";""
"202400023738";"155739938";"B01";"1";"7";"0";"2";"4";"2";"1";""
"202400023739";"155739935";"B01";"1";"17";"0";"2";"4";"1";"0";""
"202400023739";"155739936";"A01";"1";"7";"0";"2";"1";"2";"1";""
"202400023740";"155739934";"A01";"2";"33";"0";"0";"0";"1";"1";""
"202400023741";"155739931";"A01";"2";"7";"0";"2";"1";"15";"1";""
"202400023741";"155739933";"B01";"1";"31";"15";"2";"8";"1";"3";""
"202400023742";"155739928";"A01";"1";"7";"13";"0";"3";"14";"1";""
"202400023743";"155739930";"B01";"2";"30";"0";"2";"1";"1";"1";""
"202400023743";"155739932";"Z01";"1";"0";"0";"2";"2";"15";"0";""
"202400023744";"155739926";"A01";"2";"43";"4";"0";"3";"1";"1";""
"202400023745";"155739927";"B01";"1";"7";"0";"9";"7";"1";"1";""
"202400023745";"155739929";"A01";"2";"80";"0";"2";"0";"16";"3";""
"202400023746";"155739922";"B01";"2";"7";"0";"2";"4";"15";"1";""
"202400023746";"155739924";"A01";"2";"10";"0";"2";"1";"2";"1";""
"202400023747";"155739921";"B01";"1";"33";"1";"0";"1";"2";"1";""
"202400023747";"155739925";"A01";"1";"15";"0";"0";"6";"2";"1";""
"202400023748";"155739919";"A01";"1";"7";"0";"2";"2";"14";"1";""
"202400023748";"155739923";"B01";"1";"2";"0";"2";"3";"2";"1";""
"202400023749";"155739915";"A01";"2";"1";"0";"0";"0";"1";"5";""
"202400023750";"155739918";"A01";"1";"7";"0";"9";"2";"9";"1";""
"202400023750";"155739920";"B01";"1";"50";"0";"2";"1";"25";"3";""
"202400023751";"155739914";"B01";"2";"10";"0";"2";"8";"1";"1";""
"202400023751";"155739917";"A01";"2";"7";"4";"2";"8";"17";"1";""
"202400023752";"155739913";"B01";"1";"33";"1";"0";"4";"1";"1";""
"202400023752";"155739916";"A01";"1";"33";"0";"2";"1";"2";"1";""
"202400023753";"155739911";"A01";"1";"7";"0";"1";"1";"1";"2";""
"202400023754";"155739910";"A01";"1";"7";"0";"1";"3";"1";"1";""
"202400023755";"155739908";"A01";"2";"7";"0";"9";"3";"9";"1";""
"202400023755";"155739912";"B01";"2";"1";"0";"2";"7";"1";"5";""
"202400023756";"155739909";"A01";"1";"10";"0";"1";"3";"15";"1";""
"202400023757";"155739906";"A01";"1";"10";"0";"1";"1";"15";"1";""
"202400023758";"155739905";"A01";"2";"1";"0";"2";"7";"1";"5";""
"202400023758";"155739907";"B01";"0";"7";"0";"2";"1";"0";"1";""
"202400023759";"155739904";"A01";"1";"7";"6";"0";"3";"1";"1";""
"202400023760";"155739903";"A01";"2";"10";"13";"0";"8";"1";"1";""
"202400023761";"155739902";"A01";"2";"38";"0";"1";"5";"20";"1";"1"
"202400023762";"155739900";"A01";"2";"34";"0";"2";"1";"7";"1";""
"202400023762";"155739901";"B01";"2";"7";"0";"2";"2";"16";"1";""
"202400023763";"155739898";"A01";"3";"7";"0";"1";"2";"16";"1";""
"202400023764";"155739899";"A01";"1";"32";"0";"0";"7";"14";"1";""
"202400023765";"155739896";"B01";"2";"50";"0";"2";"7";"1";"3";""
"202400023765";"155739897";"A01";"2";"7";"0";"2";"1";"9";"1";""
"202400023766";"155739894";"A01";"2";"7";"0";"1";"1";"1";"1";""
"202400023767";"155739892";"A01";"0";"7";"0";"2";"1";"17";"1";""
"202400023767";"155739895";"B01";"0";"7";"0";"2";"1";"1";"1";""
"202400023768";"155739890";"A01";"1";"7";"0";"1";"3";"1";"1";""
"202400023769";"155739889";"B01";"2";"43";"0";"2";"4";"1";"1";""
"202400023769";"155739891";"A01";"2";"7";"0";"2";"1";"1";"1";""
"202400023769";"155739893";"C01";"2";"7";"0";"2";"4";"1";"1";""
"202400023770";"155739886";"B01";"1";"1";"0";"2";"1";"19";"5";""
"202400023770";"155739888";"A01";"1";"7";"0";"9";"3";"1";"2";""
"202400023771";"155739883";"A01";"1";"40";"0";"1";"1";"26";"6";""
"202400023772";"155739885";"A01";"2";"7";"0";"9";"5";"0";"1";""
"202400023772";"155739887";"B01";"2";"1";"0";"2";"8";"0";"5";""
"202400023773";"155739882";"A01";"1";"7";"0";"2";"4";"2";"1";""
"202400023773";"155739884";"B01";"1";"7";"0";"2";"1";"2";"1";""
"202400023774";"155739880";"B01";"2";"7";"0";"2";"6";"1";"1";""
"202400023774";"155739881";"A01";"2";"1";"0";"2";"4";"26";"5";""
"202400023775";"155739876";"A01";"1";"7";"3";"2";"1";"1";"1";""
"202400023775";"155739877";"B01";"1";"7";"0";"2";"4";"1";"1";""
"202400023776";"155739872";"B01";"3";"7";"0";"2";"1";"5";"1";""
"202400023776";"155739879";"A01";"3";"7";"0";"2";"1";"0";"1";""
"202400023777";"155739873";"A01";"2";"7";"0";"0";"1";"21";"1";""
"202400023778";"155739874";"A01";"3";"43";"0";"2";"1";"1";"1";""
"202400023778";"155739875";"B01";"3";"7";"0";"2";"2";"1";"1";""
"202400023779";"155739866";"B01";"3";"1";"0";"0";"0";"0";"5";""
"202400023779";"155739869";"Z01";"1";"7";"0";"2";"0";"16";"0";""
"202400023780";"155739865";"D01";"2";"7";"0";"2";"1";"26";"1";""
"202400023780";"155739868";"A01";"2";"7";"0";"2";"4";"26";"1";""
"202400023780";"155739870";"B01";"2";"7";"0";"2";"4";"23";"1";""
"202400023780";"155739871";"C01";"2";"7";"0";"2";"4";"26";"1";""
"202400023781";"155739864";"A01";"1";"43";"14";"0";"2";"6";"1";""
"202400023782";"155739863";"A01";"2";"1";"0";"0";"0";"0";"5";""
"202400023783";"155739856";"A01";"2";"7";"0";"2";"1";"2";"1";""
"202400023783";"155739859";"B01";"2";"7";"0";"2";"4";"2";"1";""
"202400023783";"155739862";"C01";"1";"10";"0";"2";"4";"2";"1";""
"202400023784";"155739857";"B01";"3";"50";"0";"2";"1";"1";"3";""
"202400023784";"155739861";"A01";"3";"7";"0";"2";"1";"9";"1";""
"202400023785";"155739855";"B01";"1";"1";"0";"2";"1";"0";"5";""
"202400023785";"155739858";"A01";"1";"7";"0";"9";"3";"9";"1";""
"202400023786";"155739854";"A01";"3";"1";"0";"1";"2";"1";"5";""
"202400023787";"155739851";"A01";"2";"7";"0";"2";"0";"2";"1";""
"202400023787";"155739853";"B01";"2";"7";"4";"2";"7";"2";"1";""
"202400023788";"155739846";"B01";"1";"33";"0";"2";"8";"1";"1";""
"202400023788";"155739849";"A01";"1";"7";"0";"2";"2";"12";"1";""
"202400023789";"155739845";"A01";"1";"7";"0";"2";"4";"23";"1";""
"202400023789";"155739850";"B01";"1";"7";"0";"2";"1";"2";"1";""
"202400023790";"155739847";"A01";"1";"7";"1";"2";"4";"2";"2";""
"202400023790";"155739848";"B01";"1";"32";"1";"0";"4";"2";"1";""
"202400023791";"155739842";"A01";"1";"33";"0";"2";"1";"2";"1";""
"202400023791";"155739844";"B01";"1";"7";"0";"2";"2";"2";"0";""
"202400023792";"155739841";"A01";"2";"7";"4";"2";"1";"2";"1";""
"202400023792";"155739843";"B01";"2";"15";"0";"2";"5";"1";"1";""
"202400023793";"155739840";"B01";"2";"33";"0";"1";"2";"1";"1";""
"202400023794";"155739837";"A01";"1";"15";"0";"2";"4";"24";"1";""
"202400023794";"155739838";"B01";"1";"7";"1";"0";"2";"1";"1";""
"202400023795";"155739836";"A01";"2";"7";"0";"2";"1";"1";"0";""
"202400023795";"155739839";"B01";"2";"7";"0";"2";"4";"1";"0";""
"202400023796";"155739833";"B01";"1";"10";"0";"2";"4";"23";"1";""
"202400023796";"155739835";"C01";"1";"0";"0";"2";"1";"2";" -1";""
"202400023797";"155739832";"B01";"2";"33";"0";"2";"2";"1";"1";""
"202400023797";"155739834";"A01";"2";"7";"0";"2";"3";"13";"2";""
"202400023798";"155739829";"A01";"1";"7";"0";"2";"1";"1";"1";""
"202400023798";"155739831";"B01";"1";"7";"0";"2";"4";"1";"1";""
"202400023799";"155739828";"A01";"2";"7";"0";"2";"1";"2";"1";""
"202400023799";"155739830";"B01";"1";"33";"0";"2";"4";"2";"1";""
"202400023800";"155739826";"A01";"2";"10";"0";"2";"1";"2";"1";""
"202400023800";"155739827";"B01";"2";"7";"0";"2";"4";"2";"1";""
"202400023801";"155739824";"A01";"2";"7";"0";"1";"2";"1";"1";""
"202400023802";"155739821";"A01";"2";"7";"0";"2";"2";"2";"1";""
"202400023802";"155739823";"B01";"2";"7";"0";"2";"6";"1";"1";""
"202400023802";"155739825";"C01";"2";"7";"0";"2";"6";"1";"1";""
"202400023803";"155739820";"A01";"2";"7";"0";"2";"1";"2";"1";""
"202400023803";"155739822";"B01";"2";"10";"0";"2";"4";"2";"1";""
"202400023804";"155739819";"A01";"0";"7";"4";"0";"1";"26";"1";""
"202400023805";"155739817";"B01";"2";"7";"0";"2";"8";"14";"1";""
"202400023805";"155739818";"A01";"2";"14";"0";"2";"7";"14";"1";""
"202400023806";"155739816";"A01";"2";"7";"3";"0";"4";"1";"1";""
"202400023807";"155739813";"B01";"0";"10";"16";"2";"4";"23";"0";""
"202400023807";"155739815";"A01";"0";"30";"0";"2";"1";"18";"0";""
"202400023808";"155739811";"B01";"2";"7";"0";"2";"0";"0";"1";""
"202400023808";"155739814";"A01";"2";"14";"0";"2";"2";"12";"1";""
"202400023809";"155739809";"A01";"1";"33";"7";"0";"8";"1";"1";""
"202400023810";"155739807";"A01";"3";"7";"0";"2";"1";"13";"1";""
"202400023810";"155739808";"B01";"0";"37";"0";"2";"1";"1";"1";"2"
"202400023811";"155739805";"B01";"2";"7";"0";"2";"2";"12";"1";""
"202400023811";"155739810";"A01";"2";"32";"0";"2";"1";"3";"1";""
"202400023811";"155739812";"C01";"2";"7";"0";"2";"8";"1";"1";""
"202400023812";"155739801";"B01";"3";"1";"0";"2";"1";"1";"5";""
"202400023812";"155739804";"A01";"3";"7";"0";"2";"1";"16";"1";""
"202400023813";"155739802";"A01";"1";"7";"1";"0";"4";"1";"1";""
"202400023813";"155739803";"B01";"1";"7";"0";"2";"4";"23";"1";""
"202400023813";"155739806";"Z01";"1";"7";"0";"2";"1";"1";"1";""
"202400023814";"155739798";"A01";"3";"34";"0";"1";"1";"1";"1";""
"202400023815";"155739797";"B01";"1";"10";"0";"2";"1";"2";"1";""
"202400023815";"155739799";"A01";"1";"7";"0";"2";"4";"23";"2";""
"202400023816";"155739793";"A01";"2";"7";"0";"2";"4";"23";"1";""
"202400023816";"155739795";"B01";"2";"1";"0";"2";"1";"2";"5";""
"202400023817";"155739794";"A01";"1";"33";"0";"2";"0";"3";"1";""
"202400023817";"155739796";"C01";"1";"7";"0";"2";"4";"1";"2";""
"202400023817";"155739800";"B01";"1";"7";"0";"2";"7";"1";"2";""
"202400023818";"155739791";"A01";"1";"7";"0";"2";"4";"1";"1";""
"202400023818";"155739792";"B01";"1";"7";"0";"2";"1";"1";"1";""
"202400023819";"155739790";"A01";"2";"7";"1";"0";"1";"14";"2";""
"202400023820";"155739788";"A01";"2";"7";"2";"0";"7";"1";"1";""
"202400023821";"155739785";"A01";"2";"7";"4";"2";"2";"2";"1";""
"202400023821";"155739787";"B01";"2";"7";"4";"2";"4";"1";"1";""
"202400023822";"155739781";"B01";"2";"7";"0";"2";"4";"2";"1";""
"202400023822";"155739782";"A01";"2";"10";"0";"2";"1";"2";"1";""
"202400023822";"155739784";"C01";"2";"7";"0";"2";"4";"2";"3";""
"202400023822";"155739786";"D01";"2";"7";"0";"2";"4";"2";"1";""
"202400023822";"155739789";"E01";"2";"7";"0";"2";"4";"2";"1";""
"202400023823";"155739780";"B01";"2";"7";"0";"2";"1";"1";"1";""
"202400023823";"155739783";"A01";"1";"10";"0";"2";"1";"13";"1";""
"202400023824";"155739777";"A01";"1";"7";"0";"1";"1";"1";"1";""
"202400023825";"155739776";"A01";"2";"33";"0";"2";"7";"3";"1";""
"202400023825";"155739779";"B01";"2";"14";"0";"2";"7";"1";"1";""
"202400023826";"155739774";"A01";"2";"2";"0";"1";"1";"1";"0";""
"202400023827";"155739775";"A01";"2";"7";"0";"2";"2";"9";"1";""
"202400023827";"155739778";"B01";"2";"33";"0";"2";"1";"1";"1";""
"202400023828";"155739772";"A01";"2";"33";"0";"0";"6";"21";"1";""
"202400023829";"155739770";"A01";"1";"10";"0";"0";"8";"15";"1";""
"202400023829";"155739773";"B01";"2";"33";"0";"2";"1";"1";"1";""
"202400023830";"155739769";"A01";"2";"7";"4";"2";"1";"12";"1";""
"202400023830";"155739771";"B01";"2";"7";"4";"2";"6";"1";"1";""
"202400023831";"155739764";"A01";"1";"34";"0";"2";"1";"15";"1";""
"202400023831";"155739766";"B01";"2";"10";"0";"2";"3";"1";"1";""
"202400023831";"155739767";"C01";"2";"7";"0";"9";"6";"1";"1";""
"202400023832";"155739763";"B01";"2";"31";"0";"2";"8";"2";"1";""
"202400023832";"155739765";"C01";"2";"7";"0";"0";"4";"2";"1";""
"202400023832";"155739768";"A01";"2";"7";"0";"2";"6";"17";"1";""
"202400023833";"155739760";"A01";"1";"2";"3";"0";"1";"21";"1";""
"202400023834";"155739759";"B01";"2";"32";"0";"2";"1";"1";"1";""
"202400023834";"155739762";"A01";"2";"7";"0";"2";"2";"15";"1";""
"202400023835";"155739758";"B01";"1";"14";"0";"2";"2";"21";"1";""
"202400023835";"155739761";"A01";"2";"7";"4";"2";"6";"2";"1";""
"202400023836";"155739757";"A01";"1";"33";"0";"0";"2";"0";"1";""
"202400023837";"155739755";"A01";"3";"7";"0";"2";"1";"2";"1";""
"202400023837";"155739756";"B01";"3";"32";"0";"2";"4";"23";"1";""
"202400023838";"155739751";"A01";"1";"7";"3";"2";"3";"5";"1";""
"202400023838";"155739753";"B01";"2";"7";"3";"0";"3";"1";"1";""
"202400023839";"155739750";"C01";"2";"7";"0";"2";"8";"2";"1";""
"202400023839";"155739752";"B01";"2";"7";"0";"2";"8";"1";"1";""
"202400023839";"155739754";"A01";"2";"31";"0";"2";"9";"3";"1";""
"202400023840";"155739748";"A01";"1";"33";"0";"2";"2";"17";"1";""
"202400023840";"155739749";"B01";"1";"7";"0";"2";"8";"15";"1";""
"202400023841";"155739745";"A01";"1";"3";"0";"2";"3";"13";"1";""
"202400023841";"155739746";"B01";"2";"7";"0";"2";"0";"1";"1";""
"202400023842";"155739744";"B01";"2";"33";"0";"2";"8";"3";"1";""
"202400023842";"155739747";"A01";"2";"7";"0";"2";"2";"12";"1";""
"202400023843";"155739741";"A01";"1";"15";"3";"0";"7";"14";"1";""
"202400023844";"155739742";"A01";"1";"32";"0";"2";"1";"1";"1";""
"202400023844";"155739743";"B01";"1";"7";"0";"2";"1";"15";"1";""
"202400023845";"155739740";"A01";"2";"1";"0";"1";"1";"5";"5";""
"202400023846";"155739738";"A01";"2";"7";"4";"0";"9";"14";"1";""
"202400023847";"155739737";"A01";"1";"10";"0";"2";"5";"15";"1";""
"202400023847";"155739739";"B01";"2";"2";"0";"2";"1";"1";"1";""
"202400023848";"155739735";"B01";"1";"32";"0";"2";"1";"17";"1";""
"202400023848";"155739736";"A01";"2";"7";"0";"2";"3";"15";"1";""
"202400023849";"155739732";"B01";"1";"10";"0";"2";"0";"0";"1";""
"202400023849";"155739734";"A01";"1";"10";"0";"2";"1";"2";"1";""
"202400023850";"155739731";"A01";"3";"7";"0";"2";"2";"19";"1";""
"202400023850";"155739733";"B01";"2";"10";"0";"2";"1";"1";"1";""
"202400023851";"155739729";"A01";"2";"7";"0";"2";"2";"16";"1";""
"202400023851";"155739730";"B01";"2";"1";"0";"2";"1";"2";"5";""
"202400023852";"155739726";"B01";"3";"7";"0";"0";"6";"26";"6";""
"202400023852";"155739728";"A01";"1";"30";"0";"0";"0";"0";"6";""
"202400023853";"155739724";"A01";"1";"33";"0";"0";"8";"1";"1";""
"202400023854";"155739719";"A01";"1";"7";"0";"2";"1";"19";"1";""
"202400023854";"155739721";"B01";"2";"7";"0";"2";"2";"1";"1";""
"202400023855";"155739720";"A01";"3";"7";"0";"9";"3";"26";"1";""
"202400023855";"155739723";"B01";"2";"50";"0";"2";"1";"15";"3";""