"Num_Acc";"id_vehicule";"num_veh";"senc";"catv";"obs";"obsm";"choc";"manv";"motor";"occutc"
"202400023856";"155739718";"A01";"1";"7";"0";"2";"1";"9";"1";""
"202400023856";"155739722";"B01";"1";"1";"0";"2";"1";"0";"5";""
"202400023857";"155739714";"A01";"1";"7";"0";"2";"6";"15";"1";""
"202400023857";"155739716";"B01";"1";"33";"0";"2";"6";"17";"1";""
"202400023858";"155739712";"A01";"1";"7";"0";"2";"1";"13";"1";""
"202400023858";"155739715";"B01";"2";"7";"0";"2";"1";"1";"1";""
"202400023859";"155739713";"A01";"1";"7";"0";"2";"1";"13";"1";""
"202400023859";"155739717";"B01";"2";"10";"0";"2";"1";"1";"1";""
"202400023860";"155739710";"A01";"2";"13";"0";"2";"8";"26";"0";""
"202400023860";"155739711";"B01";"2";"7";"0";"2";"0";"16";"1";""
"202400023861";"155739706";"A01";"1";"7";"0";"2";"3";"15";"1";""
"202400023861";"155739709";"B01";"2";"7";"0";"2";"3";"1";"1";""
"202400023862";"155739705";"A01";"3";"33";"0";"2";"1";"1";"1";""
"202400023862";"155739707";"B01";"3";"7";"0";"2";"1";"17";"1";""
"202400023862";"155739708";"C01";"3";"10";"0";"2";"6";"1";"1";""
"202400023863";"155739702";"A01";"3";"10";"0";"2";"1";"5";"1";""
"202400023863";"155739704";"B01";"3";"2";"0";"2";"1";"1";"1";""
"202400023864";"155739701";"A01";"1";"7";"0";"1";"1";"1";"1";""
"202400023865";"155739700";"A01";"1";"33";"0";"2";"3";"0";"1";""
"202400023865";"155739703";"B01";"1";"7";"0";"0";"5";"1";"1";""
"202400023866";"155739697";"A01";"2";"7";"0";"2";"1";"17";"1";""
"202400023866";"155739699";"B01";"2";"7";"0";"2";"4";"13";"2";""
"202400023867";"155739696";"B01";"1";"33";"0";"2";"4";"1";"1";""
"202400023867";"155739698";"A01";"1";"7";"0";"2";"1";"1";"1";""
"202400023868";"155739692";"B01";"1";"7";"0";"2";"1";"1";"2";""
"202400023868";"155739693";"C01";"1";"7";"0";"2";"1";"1";"1";""
"202400023868";"155739695";"A01";"2";"7";"0";"2";"1";"13";"1";""
"202400023869";"155739694";"A01";"2";"33";"7";"0";"8";"14";"1";""
"202400023870";"155739690";"A01";"1";"10";"0";"2";"1";"0";"0";""
"202400023870";"155739691";"B01";"1";"10";"0";"2";"4";"23";"0";""
"202400023871";"155739689";"A01";"2";"33";"0";"0";"3";"1";"1";""
"202400023872";"155739687";"A01";"1";"30";"0";"0";"0";"1";"6";""
"202400023873";"155739686";"A01";"2";"36";"2";"0";"1";"14";"1";""
"202400023874";"155739685";"A01";"1";"7";"0";"9";"3";"1";"1";""
"202400023874";"155739688";"B01";"3";"60";"0";"2";"2";"3";"5";""
"202400023875";"155739684";"A01";"1";"7";"16";"0";"3";"0";"1";""
"202400023876";"155739681";"B01";"1";"80";"0";"2";"7";"16";"3";""
"202400023876";"155739683";"A01";"2";"7";"0";"9";"1";"9";"0";""
"202400023877";"155739680";"B01";"2";"7";"0";"2";"1";"1";"1";""
"202400023877";"155739682";"A01";"1";"1";"0";"2";"7";"9";"5";""
"202400023878";"155739679";"A01";"2";"7";"13";"0";"1";"14";"1";""
"202400023879";"155739678";"A01";"3";"7";"0";"1";"4";"4";"1";""
"202400023880";"155739676";"A01";"3";"38";"0";"1";"8";"1";"1";"1"
"202400023881";"155739673";"A01";"2";"33";"0";"2";"1";"1";"1";""
"202400023881";"155739675";"B01";"1";"7";"0";"2";"3";"19";"1";""
"202400023882";"155739669";"A01";"0";"2";"0";"0";"0";"1";"1";""
"202400023883";"155739668";"A01";"3";"7";"0";"2";"2";"1";"1";""
"202400023883";"155739671";"B01";"3";"14";"0";"2";"3";"1";"1";""
"202400023884";"155739665";"A01";"1";"2";"0";"2";"8";"13";"1";""
"202400023884";"155739667";"B01";"1";"7";"0";"2";"3";"1";"1";""
"202400023885";"155739660";"A01";"1";"10";"0";"2";"3";"1";"1";""
"202400023885";"155739662";"B01";"2";"3";"0";"2";"1";"1";"1";""
"202400023886";"155739661";"A01";"0";"7";"0";"2";"1";"1";"1";""
"202400023886";"155739663";"B01";"0";"1";"0";"2";"1";"19";"5";""
"202400023887";"155739659";"A01";"1";"32";"3";"0";"7";"17";"1";""
"202400023888";"155739657";"A01";"1";"7";"8";"0";"1";"13";"1";""
"202400023889";"155739655";"B01";"2";"7";"0";"2";"4";"2";"1";""
"202400023889";"155739656";"A01";"2";"33";"0";"2";"1";"2";"1";""
"202400023890";"155739654";"A01";"1";"33";"3";"0";"8";"1";"1";""
"202400023891";"155739651";"A01";"1";"7";"13";"0";"4";"2";"1";""
"202400023891";"155739653";"B01";"1";"7";"0";"2";"1";"2";"1";""
"202400023892";"155739652";"A01";"3";"7";"0";"1";"1";"1";"1";""
"202400023893";"155739650";"A01";"3";"7";"0";"1";"4";"20";"1";""
"202400023894";"155739647";"A01";"1";"7";"1";"0";"3";"13";"1";""
"202400023895";"155739645";"A01";"1";"7";"1";"0";"2";"0";"1";""
"202400023896";"155739646";"A01";"3";"7";"0";"2";"3";"5";"1";""
"202400023896";"155739648";"B01";"3";"7";"0";"2";"3";"15";"1";""
"202400023897";"155739644";"A01";"3";"7";"0";"2";"1";"13";"1";""
"202400023897";"155739649";"B01";"3";"7";"0";"2";"1";"1";"1";""
"202400023898";"155739642";"A01";"1";"7";"2";"0";"1";"1";"1";""
"202400023899";"155739641";"A01";"2";"32";"0";"6";"1";"1";"1";""
"202400023900";"155739640";"B01";"1";"7";"0";"2";"2";"1";"1";""
"202400023900";"155739643";"A01";"2";"2";"0";"2";"1";"15";"1";""
"202400023901";"155739639";"A01";"1";"10";"1";"1";"1";"1";"1";""
"202400023902";"155739638";"A01";"2";"33";"16";"0";"2";"1";"1";""
"202400023903";"155739636";"A01";"3";"14";"0";"1";"8";"1";"4";""
"202400023904";"155739635";"B01";"2";"10";"0";"0";"1";"1";"1";""
"202400023904";"155739637";"A01";"1";"7";"0";"2";"1";"13";"1";""
"202400023905";"155739634";"A01";"1";"33";"0";"0";"1";"1";"1";""
"202400023906";"155739633";"A01";"1";"7";"0";"1";"2";"1";"1";""
"202400023907";"155739631";"A01";"3";"7";"0";"1";"2";"1";"1";""
"202400023908";"155739628";"A01";"1";"7";"0";"2";"3";"11";"1";""
"202400023908";"155739630";"B01";"1";"7";"0";"2";"3";"12";"1";""
"202400023909";"155739625";"A01";"1";"10";"0";"2";"4";"1";"1";""
"202400023909";"155739627";"B01";"1";"10";"0";"2";"1";"15";"1";""
"202400023910";"155739626";"B01";"1";"50";"0";"2";"1";"1";"3";""
"202400023910";"155739629";"A01";"2";"7";"0";"2";"2";"15";"1";""
"202400023911";"155739624";"A01";"2";"33";"2";"0";"1";"1";"1";""
"202400023912";"155739621";"A01";"1";"10";"6";"0";"1";"13";"1";""
"202400023913";"155739623";"A01";"2";"7";"13";"0";"1";"1";"0";""
"202400023914";"155739619";"A01";"0";"7";"0";"2";"8";"20";"1";""
"202400023914";"155739620";"B01";"0";"30";"0";"2";"1";"1";"1";""
"202400023915";"155739618";"A01";"2";"31";"13";"0";"9";"1";"1";""
"202400023916";"155739617";"B01";"3";"33";"0";"2";"8";"0";"1";""
"202400023916";"155739622";"A01";"3";"7";"0";"2";"3";"26";"1";""
"202400023917";"155739615";"A01";"1";"7";"0";"2";"8";"19";"1";""
"202400023917";"155739616";"B01";"2";"33";"0";"2";"1";"1";"1";""
"202400023918";"155739614";"A01";"2";"7";"0";"1";"2";"26";"1";""
"202400023919";"155739613";"A01";"2";"36";"0";"6";"1";"19";"1";""
"202400023920";"155739607";"A01";"1";"7";"0";"2";"7";"19";"1";""
"202400023920";"155739612";"B01";"2";"30";"0";"2";"1";"1";"1";""
"202400023921";"155739608";"B01";"1";"33";"0";"2";"1";"17";"1";""
"202400023921";"155739611";"A01";"1";"7";"0";"0";"8";"15";"1";""
"202400023922";"155739606";"B01";"3";"7";"0";"2";"9";"0";"1";""
"202400023922";"155739610";"A01";"3";"7";"0";"2";"6";"2";"2";""
"202400023923";"155739604";"C01";"1";"7";"0";"0";"5";"23";"1";""
"202400023923";"155739605";"A01";"1";"10";"0";"0";"1";"1";"1";""
"202400023923";"155739609";"B01";"1";"7";"0";"2";"4";"23";"1";""
"202400023924";"155739602";"A01";"1";"7";"0";"1";"2";"1";"1";""
"202400023925";"155739601";"A01";"1";"7";"0";"2";"1";"1";"1";""
"202400023925";"155739603";"B01";"2";"33";"0";"2";"1";"1";"1";""
"202400023926";"155739599";"A01";"2";"1";"0";"0";"1";"1";"5";""
"202400023927";"155739597";"B01";"2";"33";"0";"2";"7";"1";"1";""
"202400023927";"155739600";"A01";"1";"7";"0";"2";"3";"9";"1";""
"202400023928";"155739596";"A01";"3";"33";"0";"0";"9";"23";"1";""
"202400023929";"155739595";"B01";"2";"7";"0";"2";"4";"1";"1";""
"202400023929";"155739598";"A01";"2";"7";"0";"2";"1";"1";"1";""
"202400023930";"155739592";"A01";"1";"1";"1";"0";"1";"1";"5";""
"202400023930";"155739594";"B01";"1";"7";"0";"0";"6";"24";"1";""
"202400023931";"155739590";"A01";"1";"10";"0";"2";"1";"1";"1";""
"202400023931";"155739593";"B01";"2";"2";"0";"2";"1";"13";"1";""
"202400023932";"155739589";"A01";"1";"7";"0";"1";"4";"26";"1";""
"202400023933";"155739586";"A01";"3";"7";"8";"0";"1";"1";"1";""
"202400023934";"155739587";"B01";"2";"10";"0";"2";"8";"15";"1";""
"202400023934";"155739591";"A01";"2";"14";"0";"2";"1";"1";"1";""
"202400023935";"155739585";"B01";"1";"7";"0";"2";"0";"0";"1";""
"202400023935";"155739588";"A01";"1";"1";"0";"2";"8";"13";"5";""
"202400023936";"155739582";"A01";"3";"2";"2";"0";"1";"0";"1";""
"202400023937";"155739583";"A01";"3";"7";"0";"2";"8";"1";"1";""
"202400023937";"155739584";"B01";"3";"1";"0";"2";"1";"15";"5";""
"202400023938";"155739581";"A01";"1";"7";"13";"0";"1";"0";"1";""
"202400023939";"155739579";"A01";"1";"7";"0";"2";"1";"15";"1";""
"202400023939";"155739580";"B01";"1";"1";"0";"2";"1";"1";"5";""
"202400023940";"155739578";"A01";"0";"36";"0";"0";"0";"0";"1";""
"202400023941";"155739576";"A01";"2";"7";"0";"2";"1";"5";"1";""
"202400023941";"155739577";"B01";"1";"7";"0";"2";"1";"1";"1";""
"202400023942";"155739573";"A01";"3";"7";"13";"0";"0";"14";"1";""
"202400023943";"155739572";"B01";"1";"15";"0";"2";"1";"0";"1";""
"202400023943";"155739574";"A01";"2";"7";"0";"2";"1";"13";"1";""
"202400023944";"155739571";"B01";"2";"7";"0";"2";"7";"1";"1";""
"202400023944";"155739575";"A01";"1";"1";"0";"2";"1";"19";"5";""
"202400023945";"155739568";"A01";"1";"2";"10";"0";"3";"1";"1";""
"202400023946";"155739569";"A01";"1";"7";"0";"2";"2";"1";"1";""
"202400023946";"155739570";"B01";"1";"32";"8";"2";"2";"1";"1";""
"202400023947";"155739565";"A01";"1";"7";"0";"2";"2";"1";"1";""
"202400023947";"155739566";"B01";"1";"50";"0";"2";"3";"19";"3";""
"202400023948";"155739564";"A01";"1";"7";"0";"2";"2";"19";"1";""
"202400023948";"155739567";"B01";"2";"30";"0";"2";"8";"1";"1";""
"202400023949";"155739563";"A01";"2";"7";"0";"1";"7";"26";"1";""
"202400023950";"155739561";"A01";"2";"17";"0";"2";"6";"11";"1";""
"202400023950";"155739562";"B01";"2";"10";"0";"2";"2";"17";"1";""
"202400023951";"155739559";"A01";"1";"7";"0";"1";"3";"1";"1";""
"202400023952";"155739558";"A01";"1";"7";"0";"2";"3";"0";"1";""
"202400023952";"155739560";"B01";"2";"7";"0";"2";"1";"0";"1";""
"202400023953";"155739557";"Z01";"0";"13";"0";"1";"2";"26";"0";""
"202400023954";"155739555";"A01";"1";"7";"0";"1";"0";"26";"1";""
"202400023955";"155739554";"B01";"1";"7";"0";"2";"5";"1";"1";""
"202400023955";"155739556";"A01";"1";"7";"0";"2";"3";"13";"1";""
"202400023956";"155739551";"B01";"1";"15";"0";"0";"6";"1";"1";""
"202400023956";"155739552";"A01";"1";"10";"13";"2";"2";"12";"1";""
"202400023957";"155739547";"B01";"3";"7";"0";"2";"7";"23";"1";""
"202400023957";"155739550";"A01";"3";"80";"0";"2";"1";"1";"3";""
"202400023958";"155739549";"B01";"1";"7";"0";"2";"3";"15";"1";""
"202400023958";"155739553";"A01";"2";"10";"0";"2";"2";"1";"1";""
"202400023959";"155739545";"A01";"1";"32";"13";"0";"1";"14";"1";""
"202400023960";"155739544";"C01";"1";"7";"0";"2";"6";"15";"1";""
"202400023960";"155739546";"A01";"2";"32";"0";"2";"1";"17";"1";""
"202400023960";"155739548";"B01";"2";"10";"0";"2";"3";"1";"1";""
"202400023961";"155739542";"A01";"3";"2";"10";"0";"1";"1";"1";""
"202400023962";"155739543";"A01";"1";"7";"1";"0";"2";"1";"1";""
"202400023963";"155739538";"A01";"1";"7";"2";"0";"3";"14";"1";""
"202400023964";"155739535";"B01";"3";"1";"0";"2";"1";"1";"5";""
"202400023964";"155739537";"A01";"3";"7";"0";"2";"7";"15";"1";""
"202400023965";"155739536";"B01";"2";"7";"0";"2";"4";"23";"1";""
"202400023965";"155739539";"C01";"2";"7";"0";"2";"1";"2";"1";""
"202400023965";"155739541";"A01";"2";"7";"0";"0";"4";"23";"2";""
"202400023966";"155739533";"A01";"1";"2";"6";"9";"0";"1";"1";""
"202400023967";"155739532";"A01";"2";"15";"3";"0";"2";"14";"1";""
"202400023968";"155739530";"C01";"3";"7";"0";"2";"4";"23";"1";""
"202400023968";"155739534";"A01";"3";"7";"0";"2";"1";"2";"1";""
"202400023968";"155739540";"B01";"3";"10";"0";"2";"4";"2";"1";""
"202400023969";"155739529";"A01";"2";"14";"0";"2";"7";"16";"1";""
"202400023969";"155739531";"B01";"2";"50";"0";"2";"8";"1";"3";""
"202400023970";"155739527";"A01";"2";"30";"0";"0";"8";"15";"1";""
"202400023971";"155739525";"A01";"1";"7";"6";"0";"1";"1";"1";""
"202400023972";"155739523";"A01";"1";"30";"0";"2";"1";"17";"1";""
"202400023972";"155739526";"B01";"1";"10";"0";"2";"3";"9";"1";""
"202400023973";"155739524";"A01";"1";"33";"15";"2";"1";"1";"1";""
"202400023973";"155739528";"B01";"1";"7";"0";"2";"1";"19";"1";""
"202400023974";"155739521";"A01";"2";"1";"0";"0";"1";"1";"5";""
"202400023975";"155739518";"B01";"2";"32";"0";"2";"2";"17";"1";""
"202400023975";"155739522";"A01";"2";"7";"0";"2";"7";"10";"1";""
"202400023976";"155739517";"B01";"3";"33";"0";"2";"1";"1";"1";""
"202400023976";"155739520";"A01";"3";"7";"0";"2";"5";"15";"1";""
"202400023977";"155739516";"A01";"1";"7";"13";"2";"1";"13";"1";""
"202400023977";"155739519";"B01";"1";"7";"0";"2";"2";"23";"1";""
"202400023978";"155739514";"A01";"2";"7";"0";"1";"2";"15";"1";""
"202400023979";"155739511";"B01";"3";"7";"0";"2";"2";"19";"1";""
"202400023979";"155739513";"A01";"3";"2";"0";"2";"1";"9";"1";""
"202400023980";"155739512";"A01";"1";"33";"3";"0";"0";"16";"1";""
"202400023981";"155739508";"A01";"3";"7";"0";"2";"2";"1";"1";""
"202400023981";"155739509";"B01";"3";"7";"0";"2";"4";"2";"1";""
"202400023982";"155739506";"B01";"1";"7";"0";"2";"1";"1";"2";""
"202400023982";"155739510";"A01";"2";"7";"0";"2";"3";"1";"1";""
"202400023983";"155739504";"A01";"1";"30";"0";"2";"1";"23";"1";""
"202400023983";"155739507";"B01";"1";"7";"0";"2";"3";"15";"1";""
"202400023984";"155739501";"A01";"2";"7";"0";"2";"3";"1";"1";""
"202400023984";"155739503";"B01";"1";"33";"0";"2";"1";"0";"1";""
"202400023984";"155739505";"C01";"1";"33";"0";"9";"0";"0";"1";""
"202400023985";"155739500";"A01";"1";"7";"13";"0";"3";"13";"2";""
"202400023986";"155739499";"A01";"0";"7";"0";"2";"3";"19";"1";""
"202400023986";"155739502";"B01";"3";"33";"0";"2";"1";"1";"1";""
"202400023987";"155739498";"A01";"2";"37";"0";"1";"2";"1";"1";"1"
"202400023988";"155739495";"A01";"3";"7";"0";"2";"1";"16";"1";""
"202400023989";"155739493";"A01";"3";"7";"0";"1";"1";"1";"1";""
"202400023990";"155739494";"A01";"1";"7";"0";"2";"2";"15";"1";""
"202400023990";"155739497";"B01";"2";"32";"0";"2";"1";"1";"1";""
"202400023991";"155739492";"A01";"2";"7";"0";"2";"4";"1";"1";""
"202400023991";"155739496";"B01";"2";"7";"0";"2";"1";"2";"1";""
"202400023992";"155739491";"A01";"2";"37";"0";"1";"1";"1";"1";"1"
"202400023993";"155739489";"A01";"1";"7";"15";"0";"1";"1";"1";""
"202400023994";"155739488";"A01";"2";"7";"0";"1";"1";"1";"1";""
"202400023995";"155739487";"A01";"1";"7";"0";"0";"9";"1";"1";""
"202400023996";"155739486";"A01";"2";"30";"0";"2";"1";"9";"1";""
"202400023996";"155739490";"B01";"2";"7";"0";"2";"2";"1";"1";""
"202400023997";"155739481";"A01";"2";"50";"0";"2";"1";"5";"3";""
"202400023997";"155739484";"B01";"1";"7";"0";"2";"6";"1";"1";""
"202400023998";"155739478";"A01";"2";"7";"0";"2";"3";"1";"1";""
"202400023998";"155739483";"B01";"1";"10";"0";"2";"3";"13";"1";""
"202400023999";"155739477";"A01";"2";"7";"0";"2";"7";"1";"2";""
"202400023999";"155739479";"B01";"2";"7";"0";"2";"1";"1";"1";""
"202400024000";"155739476";"A01";"1";"7";"0";"1";"1";"1";"1";""
"202400024001";"155739472";"A01";"3";"7";"0";"9";"3";"1";"1";""
"202400024001";"155739474";"B01";"3";"1";"0";"0";"3";"1";"5";""
"202400024002";"155739470";"C01";"2";"7";"0";"2";"4";"2";"1";""
"202400024002";"155739473";"A01";"2";"7";"0";"2";"1";"2";"1";""
"202400024002";"155739475";"B01";"2";"7";"0";"2";"4";"2";"1";""
"202400024003";"155739471";"A01";"1";"10";"0";"1";"0";"26";"1";""
"202400024004";"155739468";"B01";"3";"7";"0";"2";"1";"1";"1";""
"202400024004";"155739469";"A01";"3";"7";"0";"2";"3";"15";"1";""
"202400024005";"155739466";"A01";"2";"33";"0";"2";"3";"14";"1";""
"202400024005";"155739467";"B01";"1";"7";"0";"2";"3";"21";"1";""
"202400024006";"155739464";"A01";"2";"33";"16";"0";"0";"1";"1";""
"202400024007";"155739463";"A01";"3";"7";"0";"2";"2";"17";"1";""
"202400024007";"155739465";"B01";"3";"7";"0";"2";"3";"2";"1";""
"202400024008";"155739462";"A01";"1";"1";"0";"1";"1";"1";"5";""
"202400024009";"155739460";"A01";"1";"1";"0";"0";"1";"1";"5";""
"202400024010";"155739459";"B01";"1";"7";"0";"2";"1";"0";"1";""
"202400024010";"155739461";"A01";"0";"7";"0";"2";"1";"15";"1";""
"202400024011";"155739455";"C01";"2";"7";"0";"2";"8";"1";"1";""
"202400024011";"155739456";"A01";"1";"7";"0";"2";"2";"15";"1";""
"202400024011";"155739458";"B01";"2";"7";"0";"2";"2";"1";"1";""
"202400024012";"155739454";"B01";"3";"30";"0";"2";"1";"1";"1";""
"202400024012";"155739457";"A01";"3";"10";"0";"2";"2";"15";"1";""
"202400024013";"155739452";"A01";"3";"7";"0";"1";"4";"4";"1";""
"202400024014";"155739451";"A01";"1";"7";"0";"2";"3";"9";"2";""
"202400024014";"155739453";"B01";"1";"7";"0";"2";"1";"2";"1";""
"202400024015";"155739447";"B01";"1";"1";"1";"0";"1";"1";"5";""
"202400024015";"155739449";"A01";"1";"10";"0";"2";"3";"24";"1";""
"202400024016";"155739446";"A01";"2";"7";"0";"2";"1";"13";"1";""
"202400024016";"155739448";"B01";"1";"7";"0";"2";"1";"1";"1";""
"202400024017";"155739445";"B01";"2";"1";"0";"2";"8";"1";"5";""
"202400024017";"155739450";"A01";"2";"7";"0";"2";"2";"16";"1";""
"202400024018";"155739444";"A01";"2";"2";"0";"0";"0";"26";"1";""
"202400024019";"155739443";"A01";"2";"7";"1";"0";"2";"1";"1";""
"202400024020";"155739439";"A01";"0";"7";"0";"2";"3";"9";"1";""
"202400024020";"155739442";"B01";"0";"2";"0";"2";"1";"15";"1";""
"202400024021";"155739436";"A01";"3";"31";"0";"2";"1";"19";"1";""
"202400024021";"155739440";"B01";"1";"7";"0";"2";"7";"1";"1";""
"202400024022";"155739434";"A01";"2";"7";"0";"2";"3";"17";"1";""
"202400024022";"155739437";"B01";"2";"7";"0";"2";"3";"15";"1";""
"202400024023";"155739433";"B01";"2";"2";"0";"2";"1";"1";"1";""
"202400024023";"155739435";"A01";"1";"7";"0";"2";"3";"15";"1";""
"202400024024";"155739432";"A01";"2";"7";"6";"0";"3";"13";"1";""
"202400024025";"155739430";"A01";"1";"1";"0";"2";"8";"1";"5";""
"202400024025";"155739431";"B01";"2";"7";"0";"2";"2";"1";"1";""
"202400024026";"155739426";"A01";"1";"31";"0";"2";"8";"11";"1";""
"202400024026";"155739429";"B01";"1";"10";"0";"2";"2";"1";"1";""
"202400024027";"155739425";"B01";"1";"7";"0";"2";"1";"1";"1";""
"202400024027";"155739427";"A01";"2";"7";"0";"2";"2";"15";"2";""
"202400024028";"155739424";"A01";"3";"33";"0";"0";"1";"1";"1";""
"202400024029";"155739423";"A01";"1";"7";"0";"2";"2";"15";"1";""
"202400024029";"155739428";"B01";"1";"33";"0";"2";"7";"1";"1";""
"202400024030";"155739418";"A01";"1";"7";"0";"1";"2";"1";"2";""
"202400024031";"155739419";"B01";"3";"7";"0";"2";"4";"2";"1";""
"202400024031";"155739422";"A01";"3";"7";"0";"2";"1";"2";"1";""
"202400024032";"155739416";"B01";"2";"7";"0";"2";"1";"2";"1";""
"202400024032";"155739421";"A01";"2";"7";"0";"2";"4";"1";"1";""
"202400024033";"155739417";"A01";"2";"7";"0";"2";"3";"15";"1";""
"202400024033";"155739420";"B01";"2";"33";"0";"2";"1";"1";"1";""
"202400024034";"155739414";"A01";"2";"7";"0";"1";"1";"1";"1";""
"202400024035";"155739415";"A01";"2";"50";"0";"1";"3";"17";"3";""
"202400024036";"155739410";"A01";"1";"7";"0";"0";"4";"2";"1";""
"202400024036";"155739411";"B01";"1";"7";"0";"0";"1";"2";"1";""
"202400024036";"155739413";"C01";"1";"10";"0";"0";"0";"17";"1";""
"202400024037";"155739409";"A01";"1";"7";"0";"2";"4";"2";"1";""
"202400024037";"155739412";"B01";"1";"7";"0";"2";"1";"2";"1";""
"202400024038";"155739408";"A01";"1";"7";"4";"0";"3";"1";"1";""
"202400024039";"155739407";"A01";"1";"50";"0";"1";"4";"1";"3";""
"202400024040";"155739405";"A01";"3";"7";"13";"0";"7";"1";"1";""
"202400024041";"155739399";"A01";"2";"7";"0";"1";"2";"1";"1";""
"202400024042";"155739401";"A01";"3";"50";"0";"1";"1";"25";"3";""
"202400024043";"155739400";"A01";"2";"14";"0";"2";"2";"19";"1";""
"202400024043";"155739403";"C01";"2";"14";"0";"2";"3";"23";"1";""
"202400024043";"155739404";"B01";"1";"10";"0";"2";"5";"1";"1";""
"202400024044";"155739397";"A01";"2";"7";"0";"2";"4";"11";"1";""
"202400024044";"155739398";"B01";"2";"7";"0";"2";"8";"1";"1";""
"202400024044";"155739402";"C01";"2";"7";"0";"2";"4";"1";"1";""
"202400024044";"155739406";"D01";"2";"10";"0";"2";"2";"1";"1";""
"202400024045";"155739396";"A01";"3";"50";"0";"0";"0";"1";"3";""
"202400024046";"155739392";"A01";"3";"2";"0";"2";"1";"1";"1";""
"202400024046";"155739394";"B01";"3";"2";"0";"2";"1";"1";"1";""
"202400024047";"155739393";"B01";"1";"7";"0";"2";"4";"23";"1";""
"202400024047";"155739395";"A01";"1";"33";"0";"2";"1";"26";"1";""
"202400024048";"155739390";"A01";"2";"7";"0";"2";"1";"2";"1";""
"202400024048";"155739391";"B01";"2";"7";"4";"2";"4";"2";"2";""
"202400024049";"155739386";"A01";"3";"7";"0";"2";"3";"9";"1";""
"202400024049";"155739389";"B01";"2";"37";"0";"2";"2";"1";"2";"2"
"202400024050";"155739384";"A01";"1";"7";"0";"2";"1";"15";"1";""
"202400024050";"155739387";"B01";"2";"7";"0";"2";"1";"1";"1";""
"202400024051";"155739382";"B01";"2";"7";"0";"2";"1";"2";"1";""
"202400024051";"155739383";"A01";"2";"7";"0";"2";"4";"23";"1";""
"202400024052";"155739378";"A01";"3";"10";"0";"2";"3";"9";"1";""
"202400024052";"155739381";"B01";"3";"1";"0";"2";"7";"1";"5";""
"202400024053";"155739377";"A01";"1";"33";"0";"0";"1";"1";"1";""
"202400024054";"155739376";"A01";"1";"7";"13";"0";"1";"1";"1";""
"202400024055";"155739374";"A01";"1";"7";"0";"2";"0";"17";"1";""
"202400024055";"155739375";"B01";"1";"7";"6";"1";"0";"14";"1";""
"202400024056";"155739372";"A01";"2";"7";"3";"0";"1";"14";"1";""
"202400024057";"155739373";"A01";"1";"10";"0";"1";"4";"4";"1";""
"202400024058";"155739369";"A01";"1";"7";"4";"2";"0";"1";"1";""
"202400024059";"155739368";"B01";"3";"80";"0";"2";"0";"0";"3";""
"202400024059";"155739370";"A01";"3";"7";"0";"2";"3";"9";"1";""
"202400024060";"155739367";"B01";"1";"7";"0";"0";"4";"11";"1";""
"202400024060";"155739371";"A01";"1";"13";"0";"2";"1";"1";"1";""
"202400024061";"155739366";"A01";"1";"50";"0";"1";"1";"1";"3";""
"202400024062";"155739360";"B01";"3";"1";"0";"2";"1";"25";"5";""
"202400024062";"155739364";"A01";"3";"50";"0";"2";"3";"25";"3";""
"202400024063";"155739359";"A01";"1";"7";"0";"2";"1";"3";"1";""
"202400024063";"155739362";"B01";"1";"7";"0";"2";"4";"2";"2";""
"202400024063";"155739365";"C01";"1";"7";"0";"2";"4";"2";"1";""
"202400024064";"155739361";"A01";"2";"1";"0";"2";"1";"17";"5";""
"202400024064";"155739363";"B01";"1";"50";"0";"2";"1";"1";"3";""
"202400024065";"155739358";"A01";"1";"7";"4";"0";"9";"0";"1";""
"202400024066";"155739356";"B01";"1";"7";"0";"2";"1";"26";"1";""
"202400024066";"155739357";"A01";"0";"7";"0";"2";"1";"17";"1";""
"202400024067";"155739355";"Z01";"2";"10";"0";"1";"1";"1";"1";""
"202400024068";"155739352";"A01";"2";"7";"0";"2";"1";"12";"1";""
"202400024068";"155739354";"B01";"2";"7";"0";"2";"6";"1";"2";""
"202400024069";"155739348";"A01";"2";"7";"0";"2";"1";"15";"1";""
"202400024069";"155739350";"B01";"1";"2";"0";"2";"8";"1";"3";""
"202400024070";"155739346";"B01";"1";"7";"0";"2";"4";"1";"1";""
"202400024070";"155739347";"A01";"1";"7";"0";"2";"1";"1";"1";""
"202400024071";"155739345";"A01";"3";"1";"0";"0";"0";"1";"5";""
"202400024072";"155739344";"A01";"1";"7";"0";"1";"2";"16";"1";""
"202400024073";"155739342";"A01";"1";"30";"15";"0";"1";"14";"1";""
"202400024074";"155739341";"A01";"1";"7";"0";"2";"3";"11";"2";""
"202400024074";"155739343";"B01";"1";"50";"0";"2";"1";"5";"3";""
"202400024075";"155739337";"B01";"1";"7";"3";"2";"7";"2";"1";""
"202400024075";"155739340";"A01";"1";"7";"0";"2";"4";"2";"1";""
"202400024076";"155739338";"B01";"1";"7";"0";"2";"1";"1";"1";""
"202400024076";"155739339";"A01";"2";"7";"0";"2";"2";"15";"1";""
"202400024077";"155739332";"A01";"2";"10";"4";"2";"2";"17";"1";""
"202400024077";"155739336";"B01";"2";"37";"0";"0";"6";"1";"1";"46"
"202400024078";"155739333";"A01";"1";"10";"0";"2";"1";"15";"1";""