"Num_Acc";"id_vehicule";"num_veh";"senc";"catv";"obs";"obsm";"choc";"manv";"motor";"occutc"
"202400024078";"155739335";"B01";"2";"2";"0";"2";"2";"0";"1";""
"202400024079";"155739330";"A01";"2";"34";"0";"2";"1";"2";"1";""
"202400024079";"155739334";"B01";"2";"37";"0";"2";"6";"1";"1";"1"
"202400024080";"155739327";"A01";"1";"7";"4";"0";"3";"1";"1";""
"202400024081";"155739325";"A01";"1";"33";"0";"2";"1";"1";"0";""
"202400024081";"155739328";"B01";"1";"7";"0";"2";"4";"23";"1";""
"202400024082";"155739324";"A01";"3";"33";"0";"2";"3";"1";"1";""
"202400024082";"155739326";"B01";"3";"7";"0";"2";"3";"1";"2";""
"202400024083";"155739321";"A01";"3";"15";"0";"2";"3";"1";"1";""
"202400024083";"155739323";"B01";"3";"10";"0";"2";"2";"1";"1";""
"202400024084";"155739318";"A01";"1";"7";"0";"2";"3";"0";"1";""
"202400024084";"155739322";"B01";"1";"15";"0";"2";"5";"1";"1";""
"202400024085";"155739317";"A01";"1";"7";"0";"2";"0";"0";"1";""
"202400024085";"155739320";"B01";"1";"7";"0";"2";"0";"0";"1";""
"202400024086";"155739315";"A01";"1";"7";"0";"2";"6";"21";"1";""
"202400024086";"155739319";"B01";"1";"7";"0";"2";"2";"1";"1";""
"202400024087";"155739311";"A01";"1";"10";"0";"2";"3";"13";"1";""
"202400024087";"155739313";"B01";"3";"31";"0";"2";"1";"2";"1";""
"202400024088";"155739310";"A01";"2";"33";"0";"0";"0";"2";"1";""
"202400024089";"155739309";"A01";"2";"7";"0";"2";"8";"1";"0";""
"202400024089";"155739314";"B01";"0";"7";"0";"2";"0";"26";"0";""
"202400024090";"155739307";"B01";"0";"50";"1";"0";"0";"0";"3";""
"202400024090";"155739308";"C01";"0";"10";"0";"2";"4";"23";"1";""
"202400024091";"155739306";"A01";"1";"7";"1";"0";"2";"1";"2";""
"202400024092";"155739305";"A01";"3";"7";"0";"1";"7";"16";"1";""
"202400024093";"155739303";"A01";"2";"7";"0";"2";"7";"15";"1";""
"202400024093";"155739304";"B01";"1";"33";"0";"2";"1";"1";"1";""
"202400024094";"155739300";"A01";"1";"7";"0";"2";"3";"1";"1";""
"202400024095";"155739298";"A01";"2";"7";"0";"1";"3";"1";"1";""
"202400024096";"155739301";"B01";"2";"2";"0";"2";"1";"1";"1";""
"202400024096";"155739302";"A01";"1";"7";"0";"2";"3";"15";"1";""
"202400024097";"155739297";"A01";"1";"7";"0";"2";"2";"2";"1";""
"202400024097";"155739299";"B01";"1";"7";"0";"2";"6";"2";"1";""
"202400024098";"155739295";"A01";"0";"7";"1";"1";"1";"19";"1";""
"202400024099";"155739293";"A01";"3";"7";"0";"2";"1";"15";"1";""
"202400024099";"155739296";"B01";"3";"33";"0";"2";"1";"3";"1";""
"202400024100";"155739290";"A01";"1";"7";"0";"2";"1";"13";"1";""
"202400024100";"155739292";"B01";"2";"15";"0";"2";"3";"1";"1";""
"202400024101";"155739291";"A01";"1";"7";"0";"2";"3";"13";"1";""
"202400024101";"155739294";"B01";"2";"7";"0";"2";"1";"1";"1";""
"202400024102";"155739287";"C01";"1";"7";"0";"9";"2";"23";"1";""
"202400024102";"155739288";"A01";"3";"33";"0";"2";"0";"3";"1";""
"202400024102";"155739289";"B01";"1";"10";"0";"2";"8";"23";"1";""
"202400024103";"155739285";"A01";"1";"10";"0";"1";"3";"1";"1";""
"202400024104";"155739284";"A01";"2";"7";"0";"2";"1";"1";"1";""
"202400024104";"155739286";"B01";"3";"33";"0";"2";"1";"1";"1";""
"202400024105";"155739282";"A01";"1";"50";"0";"2";"1";"25";"3";""
"202400024105";"155739283";"B01";"1";"10";"0";"9";"3";"9";"1";""
"202400024106";"155739280";"A01";"2";"10";"13";"0";"0";"14";"1";""
"202400024107";"155739279";"A01";"1";"7";"0";"2";"1";"1";"1";""
"202400024107";"155739281";"B01";"1";"7";"0";"2";"4";"1";"1";""
"202400024108";"155739274";"B01";"1";"7";"0";"2";"3";"1";"1";""
"202400024108";"155739276";"A01";"1";"33";"0";"2";"5";"17";"1";""
"202400024109";"155739273";"A01";"1";"38";"0";"2";"5";"11";"1";"1"
"202400024109";"155739277";"B01";"1";"30";"0";"2";"8";"0";"1";""
"202400024109";"155739278";"C01";"1";"7";"0";"2";"6";"15";"1";""
"202400024110";"155739275";"A01";"3";"7";"0";"1";"1";"15";"1";""
"202400024111";"155739271";"A01";"3";"39";"0";"1";"2";"1";"3";""
"202400024112";"155739269";"A01";"3";"7";"0";"2";"2";"15";"1";""
"202400024112";"155739272";"B01";"1";"50";"0";"2";"1";"1";"3";""
"202400024113";"155739265";"B01";"1";"43";"0";"2";"7";"3";"1";""
"202400024113";"155739267";"A01";"1";"7";"0";"2";"8";"13";"1";""
"202400024114";"155739264";"B01";"2";"7";"0";"2";"1";"1";"3";""
"202400024114";"155739268";"C01";"2";"7";"0";"2";"2";"1";"1";""
"202400024114";"155739270";"A01";"1";"7";"0";"2";"1";"13";"1";""
"202400024115";"155739263";"A01";"1";"33";"0";"2";"7";"1";"1";""
"202400024115";"155739266";"B01";"3";"60";"0";"2";"1";"1";"5";""
"202400024116";"155739261";"B01";"1";"33";"0";"2";"7";"2";"1";""
"202400024116";"155739262";"A01";"1";"33";"0";"2";"1";"2";"1";""
"202400024117";"155739260";"A01";"3";"7";"0";"1";"3";"1";"2";""
"202400024118";"155739258";"A01";"2";"30";"14";"0";"2";"1";"1";""
"202400024119";"155739259";"A01";"2";"31";"0";"1";"1";"5";"1";""
"202400024120";"155739257";"A01";"1";"7";"0";"1";"2";"1";"1";""
"202400024121";"155739255";"A01";"3";"37";"0";"1";"2";"1";"2";"1"
"202400024122";"155739254";"A01";"1";"7";"8";"0";"3";"18";"1";""
"202400024122";"155739256";"B01";"1";"7";"0";"0";"1";"1";"1";""
"202400024123";"155739252";"A01";"1";"7";"0";"9";"1";"1";"1";""
"202400024123";"155739253";"B01";"1";"1";"0";"2";"1";"5";"5";""
"202400024124";"155739251";"A01";"1";"41";"0";"1";"5";"1";"1";""
"202400024125";"155739250";"A01";"2";"2";"0";"0";"7";"1";"1";""
"202400024126";"155739249";"A01";"2";"7";"5";"0";"1";"1";"1";""
"202400024127";"155739246";"A01";"2";"14";"0";"1";"3";"1";"1";""
"202400024128";"155739245";"A01";"0";"7";"0";"2";"1";"1";"1";""
"202400024128";"155739247";"B01";"0";"10";"0";"2";"6";"1";"1";""
"202400024128";"155739248";"C01";"0";"7";"0";"2";"3";"1";"2";""
"202400024129";"155739243";"B01";"2";"10";"0";"2";"1";"1";"1";""
"202400024129";"155739244";"A01";"1";"7";"0";"2";"1";"17";"1";""
"202400024130";"155739241";"A01";"1";"50";"0";"2";"1";"1";"3";""
"202400024131";"155739240";"A01";"2";"7";"0";"2";"1";"9";"1";""
"202400024131";"155739242";"B01";"1";"31";"0";"2";"7";"1";"1";""
"202400024132";"155739238";"A01";"1";"7";"0";"2";"2";"26";"1";""
"202400024132";"155739239";"B01";"1";"33";"0";"2";"8";"1";"1";""
"202400024133";"155739237";"A01";"3";"1";"0";"1";"1";"2";"5";""
"202400024134";"155739235";"B01";"2";"32";"0";"0";"1";"21";"1";""
"202400024135";"155739232";"B01";"2";"10";"0";"2";"4";"23";"1";""
"202400024135";"155739234";"D01";"2";"7";"0";"2";"3";"23";"1";""
"202400024135";"155739236";"A01";"2";"7";"1";"1";"1";"1";"1";""
"202400024136";"155739233";"A01";"3";"10";"0";"1";"7";"14";"1";""
"202400024137";"155739230";"A01";"3";"33";"6";"0";"1";"1";"1";""
"202400024138";"155739229";"A01";"0";"7";"0";"1";"1";"1";"1";""
"202400024139";"155739228";"B01";"1";"80";"0";"2";"8";"0";"3";""
"202400024139";"155739231";"A01";"1";"10";"0";"2";"7";"19";"1";""
"202400024140";"155739227";"A01";"3";"1";"8";"0";"1";"1";"5";""
"202400024141";"155739224";"A01";"1";"7";"0";"2";"3";"10";"1";""
"202400024141";"155739226";"B01";"1";"7";"0";"2";"2";"1";"1";""
"202400024142";"155739223";"A01";"1";"31";"0";"2";"3";"3";"3";""
"202400024142";"155739225";"B01";"2";"7";"0";"2";"3";"15";"3";""
"202400024143";"155739221";"A01";"2";"7";"0";"2";"3";"13";"1";""
"202400024143";"155739222";"B01";"1";"7";"0";"2";"3";"1";"1";""
"202400024144";"155739220";"A01";"1";"7";"2";"0";"1";"1";"1";""
"202400024145";"155739219";"A01";"2";"7";"0";"1";"2";"5";"2";""
"202400024146";"155739216";"B01";"2";"7";"0";"2";"4";"2";"1";""
"202400024146";"155739218";"A01";"2";"7";"0";"2";"1";"2";"1";""
"202400024147";"155739217";"A01";"1";"30";"0";"0";"7";"1";"3";""
"202400024148";"155739213";"B01";"2";"31";"0";"2";"3";"1";"1";""
"202400024148";"155739215";"A01";"2";"7";"0";"2";"1";"1";"1";""
"202400024149";"155739211";"B01";"2";"7";"0";"2";"4";"0";"1";""
"202400024149";"155739214";"A01";"2";"7";"0";"2";"1";"1";"1";""
"202400024150";"155739212";"A01";"1";"7";"6";"0";"1";"1";"1";""
"202400024151";"155739210";"A01";"1";"10";"3";"0";"1";"26";"1";""
"202400024152";"155739209";"A01";"1";"1";"0";"1";"2";"16";"5";""
"202400024153";"155739204";"A01";"1";"34";"0";"2";"3";"13";"1";""
"202400024153";"155739207";"B01";"1";"7";"0";"2";"5";"1";"0";""
"202400024154";"155739205";"A01";"0";"7";"9";"2";"2";"6";"1";""
"202400024154";"155739208";"B01";"0";"7";"6";"2";"8";"1";"1";""
"202400024155";"155739203";"B01";"0";"7";"0";"2";"6";"13";"0";""
"202400024155";"155739206";"A01";"0";"1";"0";"2";"2";"1";"5";""
"202400024156";"155739202";"A01";"1";"7";"4";"0";"1";"1";"1";""
"202400024157";"155739197";"A01";"2";"7";"0";"2";"0";"1";"1";""
"202400024157";"155739200";"Z01";"2";"7";"0";"2";"0";"0";"0";""
"202400024158";"155739198";"B01";"3";"2";"0";"2";"1";"5";"1";""
"202400024158";"155739201";"A01";"3";"7";"0";"2";"2";"1";"1";""
"202400024159";"155739194";"B01";"2";"10";"0";"2";"3";"1";"1";""
"202400024159";"155739195";"A01";"1";"7";"0";"2";"3";"13";"1";""
"202400024160";"155739192";"A01";"2";"7";"8";"0";"3";"14";"1";""
"202400024161";"155739191";"A01";"3";"7";"0";"0";"4";"1";"1";""
"202400024161";"155739193";"B01";"0";"2";"0";"2";"1";"1";"1";""
"202400024162";"155739189";"A01";"1";"33";"0";"2";"6";"2";"1";""
"202400024162";"155739190";"B01";"1";"7";"0";"2";"6";"9";"1";""
"202400024163";"155739188";"A01";"2";"7";"8";"0";"2";"14";"1";""
"202400024164";"155739185";"A01";"2";"10";"2";"0";"1";"13";"1";""
"202400024165";"155739184";"A01";"1";"10";"0";"2";"3";"1";"1";""
"202400024165";"155739187";"B01";"1";"7";"0";"2";"2";"1";"1";""
"202400024166";"155739183";"A01";"2";"50";"0";"2";"2";"19";"3";""
"202400024166";"155739186";"B01";"2";"7";"0";"2";"8";"1";"1";""
"202400024167";"155739182";"A01";"1";"33";"0";"0";"0";"0";"1";""
"202400024168";"155739180";"A01";"0";"10";"0";"1";"3";"15";"1";""
"202400024169";"155739179";"A01";"0";"7";"6";"0";"3";"1";"1";""
"202400024170";"155739176";"B01";"0";"7";"0";"9";"3";"19";"1";""
"202400024170";"155739178";"A01";"0";"50";"0";"2";"1";"2";"3";""
"202400024171";"155739175";"A01";"1";"7";"0";"2";"1";"1";"1";""
"202400024171";"155739177";"B01";"1";"7";"0";"2";"4";"23";"1";""
"202400024172";"155739174";"A01";"3";"33";"0";"0";"7";"14";"1";""
"202400024173";"155739171";"B01";"2";"7";"0";"2";"3";"1";"1";""
"202400024173";"155739173";"A01";"1";"7";"0";"2";"3";"1";"1";""
"202400024174";"155739169";"B01";"1";"1";"0";"2";"1";"1";"5";""
"202400024174";"155739172";"A01";"1";"7";"0";"2";"2";"15";"1";""
"202400024175";"155739168";"B01";"1";"7";"0";"2";"1";"1";"3";""
"202400024175";"155739170";"A01";"1";"10";"0";"0";"6";"1";"1";""
"202400024176";"155739167";"A01";"1";"7";"0";"1";"1";"26";"1";""
"202400024177";"155739164";"B01";"3";"1";"0";"0";"0";"0";"5";""
"202400024177";"155739166";"A01";"1";"7";"0";"2";"1";"16";"1";""
"202400024178";"155739163";"A01";"1";"30";"0";"0";"8";"12";"1";""
"202400024179";"155739160";"B01";"1";"2";"0";"2";"8";"9";"0";""
"202400024179";"155739162";"A01";"1";"7";"0";"2";"1";"0";"1";""
"202400024180";"155739159";"A01";"1";"7";"0";"1";"2";"2";"1";""
"202400024181";"155739158";"B01";"1";"7";"0";"2";"1";"1";"1";""
"202400024181";"155739161";"A01";"2";"7";"0";"2";"7";"1";"1";""
"202400024182";"155739155";"A01";"3";"7";"1";"0";"1";"26";"1";""
"202400024183";"155739156";"A01";"2";"31";"0";"1";"1";"21";"1";""
"202400024184";"155739154";"A01";"0";"7";"0";"2";"1";"0";"1";""
"202400024184";"155739157";"B01";"0";"31";"0";"2";"4";"0";"1";""
"202400024185";"155739153";"A01";"2";"10";"13";"0";"2";"1";"1";""
"202400024186";"155739152";"A01";"1";"32";"0";"0";"1";"1";"1";""
"202400024187";"155739150";"A01";"1";"34";"1";"2";"1";"0";"1";""
"202400024187";"155739151";"B01";"1";"32";"0";"2";"1";"0";"1";""
"202400024188";"155739149";"A01";"2";"7";"0";"1";"1";"1";"1";""
"202400024189";"155739147";"B01";"2";"34";"0";"2";"3";"1";"1";""
"202400024189";"155739148";"A01";"2";"7";"0";"2";"5";"16";"1";""
"202400024190";"155739145";"A01";"2";"7";"0";"2";"1";"1";"1";""
"202400024190";"155739146";"B01";"1";"7";"0";"2";"1";"23";"2";""
"202400024191";"155739143";"A01";"1";"7";"0";"2";"3";"15";"1";""
"202400024191";"155739144";"B01";"2";"33";"0";"2";"3";"1";"1";""
"202400024192";"155739140";"A01";"2";"10";"0";"2";"1";"13";"1";""
"202400024192";"155739142";"B01";"1";"7";"0";"2";"1";"1";"1";""
"202400024193";"155739139";"A01";"2";"2";"0";"2";"1";"15";"1";""
"202400024193";"155739141";"B01";"1";"7";"0";"0";"5";"1";"1";""
"202400024194";"155739138";"A01";"1";"33";"0";"0";"8";"16";"1";""
"202400024195";"155739137";"A01";"1";"7";"0";"1";"2";"1";"1";""
"202400024196";"155739135";"A01";"1";"7";"0";"0";"0";"13";"1";""
"202400024197";"155739134";"B01";"1";"80";"0";"2";"8";"16";"3";""
"202400024197";"155739136";"A01";"1";"7";"0";"2";"5";"16";"2";""
"202400024198";"155739133";"A01";"1";"7";"14";"0";"1";"1";"1";""
"202400024199";"155739130";"B01";"2";"15";"0";"2";"6";"1";"1";""
"202400024199";"155739132";"A01";"2";"7";"0";"2";"2";"17";"1";""
"202400024200";"155739128";"A01";"1";"7";"14";"0";"1";"1";"1";""
"202400024200";"155739129";"B01";"1";"7";"0";"2";"4";"1";"1";""
"202400024200";"155739131";"C01";"1";"7";"0";"2";"4";"1";"1";""
"202400024201";"155739124";"A01";"3";"31";"12";"0";"2";"1";"1";""
"202400024202";"155739121";"A01";"0";"32";"0";"0";"0";"1";"1";""
"202400024203";"155739120";"A01";"1";"7";"0";"2";"1";"13";"1";""
"202400024203";"155739123";"B01";"2";"7";"0";"2";"1";"1";"1";""
"202400024204";"155739119";"B01";"1";"15";"0";"2";"2";"1";"1";""
"202400024204";"155739122";"A01";"2";"7";"0";"2";"3";"0";"1";""
"202400024205";"155739116";"A01";"2";"7";"0";"1";"3";"1";"1";""
"202400024206";"155739115";"A01";"1";"7";"0";"2";"3";"1";"0";""
"202400024206";"155739118";"B01";"1";"32";"0";"2";"1";"13";"0";""
"202400024207";"155739114";"B01";"1";"1";"0";"2";"8";"2";"5";""
"202400024207";"155739117";"A01";"1";"7";"0";"2";"7";"2";"1";""
"202400024208";"155739111";"A01";"1";"50";"0";"2";"7";"2";"3";""
"202400024208";"155739113";"X01";"0";"7";"0";"2";"8";"10";"0";""
"202400024209";"155739110";"A01";"2";"33";"14";"0";"8";"13";"1";""
"202400024210";"155739109";"A01";"2";"15";"0";"0";"4";"23";"1";""
"202400024210";"155739112";"B01";"2";"14";"1";"0";"1";"2";"1";""
"202400024211";"155739106";"A01";"1";"10";"0";"1";"1";"1";"1";""
"202400024212";"155739108";"A01";"1";"7";"0";"1";"1";"26";"1";""
"202400024213";"155739103";"A01";"1";"7";"0";"2";"3";"17";"1";""
"202400024213";"155739105";"B01";"1";"33";"0";"2";"5";"17";"1";""
"202400024214";"155739102";"A01";"1";"7";"0";"2";"3";"1";"1";""
"202400024214";"155739107";"B01";"3";"7";"0";"2";"2";"1";"1";""
"202400024215";"155739101";"A01";"3";"31";"0";"2";"1";"1";"1";""
"202400024215";"155739104";"B01";"3";"7";"0";"2";"6";"1";"1";""
"202400024216";"155739100";"A01";"2";"33";"13";"0";"8";"1";"1";""
"202400024217";"155739099";"A01";"1";"7";"7";"0";"1";"1";"1";""
"202400024218";"155739095";"A01";"1";"2";"0";"2";"1";"1";"1";""
"202400024218";"155739097";"B01";"1";"7";"0";"2";"3";"26";"1";""
"202400024219";"155739094";"A01";"1";"10";"0";"2";"2";"17";"1";""
"202400024219";"155739098";"B01";"1";"17";"0";"0";"6";"1";"1";""
"202400024220";"155739092";"A01";"2";"7";"0";"2";"2";"1";"1";""
"202400024220";"155739096";"B01";"3";"7";"0";"2";"3";"19";"1";""
"202400024221";"155739091";"B01";"1";"7";"0";"2";"1";"2";"1";""
"202400024221";"155739093";"A01";"1";"2";"0";"0";"4";"1";"1";""
"202400024222";"155739090";"A01";"1";"2";"6";"0";"1";"1";"1";""
"202400024223";"155739089";"A01";"3";"7";"6";"0";"1";"15";"1";""
"202400024224";"155739088";"A01";"2";"7";"0";"0";"0";"9";"1";""
"202400024225";"155739087";"A01";"2";"7";"0";"1";"2";"1";"1";""
"202400024226";"155739086";"A01";"3";"2";"0";"0";"0";"26";"0";""
"202400024227";"155739084";"A01";"1";"7";"0";"2";"5";"15";"1";""
"202400024227";"155739085";"B01";"1";"33";"0";"2";"1";"1";"1";""
"202400024228";"155739080";"A01";"2";"7";"0";"2";"1";"13";"1";""
"202400024228";"155739082";"B01";"1";"7";"0";"2";"1";"1";"1";""
"202400024229";"155739079";"A01";"1";"7";"0";"6";"1";"0";"0";""
"202400024230";"155739078";"C01";"1";"7";"0";"2";"7";"1";"1";""
"202400024230";"155739081";"A01";"2";"7";"8";"2";"1";"1";"1";""
"202400024230";"155739083";"B01";"1";"10";"0";"2";"1";"5";"1";""
"202400024231";"155739077";"A01";"0";"7";"0";"1";"4";"4";"1";""
"202400024232";"155739076";"A01";"2";"7";"2";"0";"1";"1";"1";""
"202400024233";"155739074";"A01";"1";"80";"0";"2";"1";"1";"3";""
"202400024233";"155739075";"B01";"2";"7";"0";"9";"3";"1";"1";""
"202400024234";"155739072";"A01";"1";"7";"2";"0";"2";"1";"1";""
"202400024235";"155739068";"A01";"2";"7";"0";"1";"1";"1";"1";""
"202400024236";"155739067";"A01";"1";"7";"0";"2";"1";"17";"1";""
"202400024236";"155739069";"B01";"2";"7";"0";"2";"1";"1";"1";""
"202400024236";"155739070";"C01";"1";"7";"0";"2";"1";"1";"1";""
"202400024236";"155739073";"D01";"1";"7";"0";"2";"1";"1";"1";""
"202400024237";"155739065";"B01";"1";"7";"0";"2";"3";"1";"1";""
"202400024237";"155739071";"A01";"2";"7";"0";"2";"6";"1";"1";""
"202400024238";"155739064";"A01";"1";"2";"0";"2";"8";"1";"1";""
"202400024238";"155739066";"B01";"3";"7";"0";"2";"2";"19";"1";""
"202400024239";"155739060";"A01";"2";"13";"0";"2";"3";"13";"1";""
"202400024239";"155739062";"B01";"1";"10";"0";"2";"3";"13";"1";""
"202400024240";"155739059";"A01";"1";"7";"0";"2";"5";"1";"1";""
"202400024240";"155739061";"B01";"3";"50";"0";"2";"1";"25";"3";""
"202400024241";"155739058";"A01";"2";"33";"6";"0";"2";"1";"1";""
"202400024242";"155739056";"A01";"1";"1";"0";"0";"8";"1";"5";""
"202400024243";"155739054";"A01";"3";"7";"0";"1";"2";"1";"1";""
"202400024244";"155739053";"C01";"1";"7";"0";"2";"1";"1";"1";""
"202400024244";"155739055";"B01";"2";"7";"0";"2";"8";"13";"1";""
"202400024244";"155739057";"A01";"2";"7";"0";"0";"6";"1";"1";""
"202400024245";"155739052";"A01";"1";"7";"6";"0";"1";"13";"1";""
"202400024246";"155739051";"A01";"3";"2";"0";"0";"7";"0";"1";""
"202400024247";"155739049";"A01";"1";"7";"2";"0";"1";"1";"1";""
"202400024248";"155739047";"B01";"1";"10";"0";"2";"3";"1";"1";""
"202400024248";"155739050";"A01";"2";"2";"0";"2";"1";"1";"1";""
"202400024249";"155739044";"A01";"1";"50";"0";"2";"3";"1";"3";""
"202400024249";"155739046";"B01";"2";"7";"0";"2";"3";"16";"1";""
"202400024250";"155739045";"A01";"2";"37";"0";"2";"7";"16";"1";"1"
"202400024250";"155739048";"B01";"2";"50";"0";"2";"8";"18";"3";""
"202400024251";"155739043";"A01";"1";"7";"13";"0";"1";"13";"1";""
"202400024252";"155739037";"A01";"1";"7";"8";"0";"1";"11";"1";""
"202400024253";"155739040";"A01";"2";"33";"0";"2";"1";"17";"1";""
"202400024253";"155739042";"B01";"2";"99";"0";"2";"3";"15";"1";""
"202400024254";"155739036";"A01";"1";"33";"0";"2";"1";"17";"1";""
"202400024254";"155739039";"B01";"1";"7";"0";"0";"6";"15";"2";""
"202400024255";"155739034";"A01";"1";"10";"3";"0";"3";"5";"1";""
"202400024256";"155739033";"A01";"1";"7";"2";"0";"8";"1";"1";""
"202400024257";"155739032";"B01";"1";"10";"0";"1";"5";"1";"1";""
"202400024258";"155739031";"A01";"2";"7";"0";"2";"4";"1";"1";""
"202400024258";"155739035";"B01";"2";"7";"0";"2";"1";"1";"1";""
"202400024259";"155739029";"A01";"2";"7";"8";"0";"2";"14";"1";""
"202400024260";"155739027";"A01";"1";"1";"0";"2";"8";"2";"5";""
"202400024260";"155739030";"B01";"1";"17";"0";"2";"7";"2";"1";""
"202400024261";"155739026";"A01";"1";"7";"0";"2";"3";"26";"1";""
"202400024261";"155739028";"B01";"1";"7";"0";"2";"1";"13";"1";""
"202400024262";"155739025";"A01";"2";"7";"4";"0";"1";"1";"1";""
"202400024263";"155739024";"A01";"1";"10";"0";"0";"1";"1";"1";""
"202400024264";"155739019";"B01";"3";"1";"0";"2";"1";"5";"5";""
"202400024264";"155739021";"C01";"3";"1";"0";"2";"1";"5";"5";""
"202400024264";"155739023";"A01";"3";"7";"0";"2";"2";"1";"1";""
"202400024265";"155739017";"C01";"2";"7";"0";"2";"2";"1";"1";""
"202400024265";"155739020";"A01";"2";"10";"0";"2";"1";"12";"1";""
"202400024265";"155739022";"B01";"2";"7";"0";"2";"1";"1";"0";""
"202400024266";"155739015";"A01";"0";"7";"0";"2";"3";"0";"0";""
"202400024266";"155739018";"B01";"0";"7";"0";"2";"0";"0";"1";""
"202400024267";"155739013";"A01";"1";"10";"0";"2";"7";"1";"1";""
"202400024267";"155739016";"B01";"1";"7";"0";"2";"3";"1";"1";""
"202400024268";"155739011";"A01";"0";"50";"0";"2";"1";"1";"3";""
"202400024268";"155739014";"B01";"0";"10";"0";"2";"2";"1";"1";""
"202400024269";"155739009";"A01";"3";"2";"0";"1";"1";"2";"1";""
"202400024270";"155739010";"A01";"3";"30";"0";"2";"1";"17";"1";""
"202400024270";"155739012";"B01";"3";"7";"0";"2";"3";"15";"1";""
"202400024271";"155739008";"A01";"2";"7";"0";"1";"1";"1";"1";""
"202400024272";"155739006";"B01";"2";"1";"0";"2";"1";"1";"5";""
"202400024272";"155739007";"A01";"1";"7";"0";"9";"3";"1";"2";""
"202400024273";"155739004";"A01";"1";"7";"0";"2";"2";"1";"1";""
"202400024273";"155739005";"B01";"1";"7";"0";"2";"3";"1";"1";""
"202400024274";"155739000";"B01";"1";"2";"0";"0";"8";"17";"1";""
"202400024274";"155739002";"A01";"1";"0";"0";"0";"2";"13";"0";""
"202400024275";"155738999";"A01";"1";"7";"4";"0";"1";"1";"1";""
"202400024276";"155739001";"A01";"1";"7";"0";"2";"1";"1";"1";""
"202400024276";"155739003";"B01";"2";"7";"8";"2";"7";"15";"1";""
"202400024277";"155738997";"A01";"1";"1";"0";"1";"1";"5";"5";""
"202400024278";"155738996";"A01";"3";"33";"0";"2";"1";"2";"1";""
"202400024278";"155738998";"B01";"3";"7";"0";"0";"4";"2";"1";""
"202400024279";"155738991";"B01";"2";"1";"0";"0";"1";"1";"5";""
"202400024279";"155738994";"A01";"1";"7";"0";"0";"3";"17";"1";""
"202400024280";"155738990";"A01";"2";"7";"0";"2";"3";"1";"1";""
"202400024280";"155738993";"B01";"1";"7";"0";"2";"3";"1";"1";""
"202400024281";"155738989";"B01";"3";"1";"0";"2";"1";"1";"5";""
"202400024281";"155738992";"C01";"3";"1";"0";"2";"1";"1";"5";""
"202400024281";"155738995";"A01";"3";"1";"0";"2";"6";"13";"5";""
"202400024282";"155738988";"A01";"1";"7";"8";"0";"2";"1";"1";""
"202400024283";"155738987";"A01";"1";"7";"3";"0";"0";"0";"1";""
"202400024284";"155738985";"A01";"0";"43";"0";"2";"3";"1";"1";""
"202400024284";"155738986";"B01";"0";"7";"0";"2";"0";"1";"3";""
"202400024285";"155738982";"A01";"3";"7";"0";"2";"3";"1";"0";""
"202400024285";"155738984";"B01";"0";"7";"0";"2";"1";"1";"1";""
"202400024286";"155738983";"A01";"1";"17";"0";"1";"3";"2";"1";""
"202400024287";"155738980";"A01";"2";"30";"0";"2";"1";"13";"1";""
"202400024287";"155738981";"B01";"2";"7";"0";"2";"5";"23";"1";""
"202400024288";"155738978";"B01";"1";"7";"0";"0";"2";"13";"1";""
"202400024288";"155738979";"A01";"2";"10";"0";"0";"1";"1";"1";""
"202400024289";"155738977";"A01";"0";"7";"0";"1";"2";"1";"0";""
"202400024290";"155738976";"A01";"1";"1";"0";"1";"1";"26";"5";""
"202400024291";"155738975";"A01";"1";"2";"6";"0";"2";"1";"1";""
"202400024292";"155738973";"A01";"1";"15";"0";"2";"3";"13";"1";""
"202400024292";"155738974";"B01";"2";"10";"0";"2";"3";"1";"1";""
"202400024293";"155738971";"A01";"2";"33";"0";"0";"0";"1";"1";""
"202400024294";"155738972";"Z01";"1";"1";"0";"1";"2";"12";"5";""
"202400024295";"155738970";"A01";"1";"7";"0";"0";"9";"2";"1";""
"202400024296";"155738968";"A01";"2";"2";"0";"2";"1";"1";"1";""
"202400024296";"155738969";"B01";"2";"7";"0";"2";"4";"23";"2";""
"202400024297";"155738967";"A01";"1";"7";"0";"1";"3";"1";"1";""
"202400024298";"155738966";"A01";"2";"7";"9";"0";"1";"1";"1";""
"202400024299";"155738964";"B01";"1";"7";"0";"2";"3";"9";"1";""
"202400024299";"155738965";"A01";"2";"7";"0";"2";"1";"17";"1";""
"202400024300";"155738962";"B01";"1";"7";"0";"2";"3";"26";"6";""
"202400024300";"155738963";"A01";"1";"2";"0";"0";"0";"0";"1";""
"202400024301";"155738961";"A01";"2";"33";"0";"0";"3";"2";"1";""
"202400024302";"155738959";"B01";"3";"1";"0";"2";"1";"2";"5";""
"202400024302";"155738960";"A01";"3";"7";"0";"2";"3";"15";"1";""
"202400024303";"155738957";"A01";"2";"31";"0";"2";"1";"7";"1";""
"202400024303";"155738958";"B01";"2";"37";"0";"2";"8";"15";"1";"1"
"202400024304";"155738954";"A01";"1";"10";"0";"2";"1";"0";"0";""
"202400024304";"155738956";"B01";"1";"99";"0";"2";"0";"0";"0";""
"202400024305";"155738952";"B01";"2";"33";"0";"2";"3";"1";"1";""
"202400024305";"155738953";"A01";"2";"7";"0";"2";"2";"12";"2";""