"Num_Acc";"id_vehicule";"num_veh";"senc";"catv";"obs";"obsm";"choc";"manv";"motor";"occutc"
"202400024306";"155738950";"B01";"1";"7";"0";"2";"1";"1";"1";""
"202400024306";"155738951";"A01";"1";"7";"0";"2";"4";"1";"2";""
"202400024307";"155738949";"A01";"2";"32";"0";"0";"0";"1";"1";""
"202400024308";"155738947";"A01";"2";"10";"16";"0";"1";"21";"1";""
"202400024309";"155738948";"A01";"3";"10";"9";"0";"1";"9";"1";""
"202400024310";"155738946";"A01";"2";"7";"0";"0";"9";"2";"1";""
"202400024311";"155738944";"A01";"3";"7";"0";"2";"0";"0";"1";""
"202400024311";"155738945";"B01";"3";"7";"0";"2";"0";"0";"1";""
"202400024312";"155738942";"A01";"1";"7";"0";"9";"5";"1";"1";""
"202400024312";"155738943";"B01";"1";"1";"0";"2";"8";"0";"5";""
"202400024313";"155738941";"A01";"2";"33";"0";"6";"1";"1";"1";""
"202400024314";"155738939";"A01";"1";"7";"0";"2";"1";"15";"1";""
"202400024314";"155738940";"B01";"2";"33";"0";"2";"8";"1";"1";""
"202400024315";"155738938";"A01";"1";"33";"15";"0";"1";"13";"1";""
"202400024316";"155738937";"A01";"3";"7";"0";"1";"3";"23";"1";""
"202400024317";"155738934";"A01";"2";"7";"0";"2";"1";"1";"1";""
"202400024317";"155738936";"B01";"2";"7";"0";"0";"4";"1";"1";""
"202400024318";"155738933";"A01";"3";"7";"0";"2";"2";"15";"3";""
"202400024318";"155738935";"B01";"1";"2";"0";"2";"7";"1";"1";""
"202400024319";"155738932";"A01";"1";"7";"2";"0";"1";"13";"1";""
"202400024320";"155738930";"A01";"1";"7";"0";"2";"3";"0";"1";""
"202400024320";"155738931";"B01";"2";"7";"0";"2";"1";"0";"1";""
"202400024321";"155738929";"A01";"2";"7";"4";"0";"3";"21";"1";""
"202400024322";"155738928";"A01";"3";"2";"0";"5";"1";"1";"0";""
"202400024323";"155738927";"A01";"1";"2";"15";"9";"2";"0";"1";""
"202400024324";"155738926";"A01";"2";"7";"0";"0";"1";"13";"1";""
"202400024325";"155738924";"A01";"2";"1";"0";"0";"4";"0";"5";""
"202400024325";"155738925";"B01";"2";"7";"0";"9";"1";"2";"0";""
"202400024326";"155738923";"A01";"0";"33";"0";"0";"9";"26";"0";""
"202400024327";"155738922";"A01";"3";"7";"0";"1";"3";"1";"1";""
"202400024328";"155738919";"B01";"2";"80";"1";"0";"1";"1";"3";""
"202400024328";"155738921";"A01";"2";"10";"0";"0";"8";"24";"1";""
"202400024329";"155738918";"A01";"1";"7";"0";"2";"2";"1";"1";""
"202400024329";"155738920";"B01";"1";"1";"0";"2";"1";"1";"5";""
"202400024330";"155738916";"A01";"3";"10";"11";"2";"1";"15";"1";""
"202400024330";"155738917";"B01";"3";"7";"0";"2";"1";"1";"1";""
"202400024331";"155738912";"A01";"1";"33";"0";"0";"7";"12";"1";""
"202400024331";"155738914";"B01";"1";"7";"0";"0";"1";"1";"1";""
"202400024332";"155738908";"C01";"1";"7";"0";"2";"8";"1";"1";""
"202400024332";"155738910";"A01";"1";"7";"0";"2";"2";"14";"1";""
"202400024332";"155738911";"B01";"1";"7";"0";"2";"8";"2";"1";""
"202400024333";"155738907";"A01";"1";"31";"0";"2";"1";"0";"1";""
"202400024333";"155738909";"B01";"1";"7";"0";"0";"4";"2";"1";""
"202400024334";"155738904";"A01";"2";"7";"0";"2";"0";"0";"1";""
"202400024334";"155738906";"B01";"2";"7";"0";"2";"0";"0";"1";""
"202400024335";"155738903";"A01";"3";"7";"0";"2";"1";"19";"1";""
"202400024335";"155738905";"B01";"2";"7";"2";"2";"8";"1";"1";""
"202400024336";"155738899";"A01";"2";"7";"0";"2";"0";"1";"1";""
"202400024336";"155738901";"B01";"2";"7";"3";"2";"0";"0";"1";""
"202400024336";"155738902";"C01";"2";"7";"0";"2";"0";"0";"3";""
"202400024337";"155738898";"B01";"3";"1";"1";"0";"1";"14";"5";""
"202400024337";"155738900";"A01";"3";"7";"0";"0";"4";"24";"1";""
"202400024338";"155738896";"A01";"1";"33";"0";"0";"7";"1";"1";""
"202400024339";"155738893";"A01";"1";"7";"0";"2";"3";"2";"1";""
"202400024339";"155738895";"B01";"1";"7";"0";"2";"5";"23";"1";""
"202400024339";"155738897";"C01";"1";"7";"0";"2";"4";"23";"1";""
"202400024340";"155738894";"A01";"1";"7";"15";"9";"3";"19";"1";""
"202400024341";"155738891";"A01";"2";"33";"0";"0";"0";"17";"1";""
"202400024342";"155738888";"A01";"1";"33";"0";"2";"1";"3";"1";""
"202400024342";"155738889";"B01";"1";"7";"0";"2";"6";"1";"1";""
"202400024342";"155738890";"C01";"1";"7";"0";"2";"8";"1";"2";""
"202400024342";"155738892";"D01";"1";"7";"0";"2";"4";"1";"2";""
"202400024343";"155738886";"B01";"3";"21";"0";"2";"1";"11";"1";""
"202400024343";"155738887";"A01";"1";"33";"0";"2";"1";"1";"1";""
"202400024344";"155738884";"B01";"1";"7";"3";"2";"4";"1";"1";""
"202400024344";"155738885";"A01";"1";"43";"3";"2";"1";"1";"1";""
"202400024345";"155738883";"A01";"1";"7";"13";"0";"9";"1";"1";""
"202400024346";"155738880";"A01";"3";"7";"2";"0";"1";"1";"0";""
"202400024347";"155738881";"A01";"1";"38";"0";"1";"1";"0";"1";"1"
"202400024347";"155738882";"B01";"1";"7";"0";"2";"1";"0";"1";""
"202400024348";"155738877";"B01";"1";"31";"0";"2";"2";"17";"0";""
"202400024348";"155738879";"A01";"1";"7";"0";"0";"8";"15";"1";""
"202400024349";"155738876";"A01";"1";"10";"0";"2";"2";"1";"1";""
"202400024349";"155738878";"B01";"1";"1";"0";"2";"1";"1";"5";""
"202400024350";"155738875";"A01";"1";"7";"7";"0";"2";"1";"1";""
"202400024351";"155738874";"A01";"1";"7";"0";"0";"1";"1";"2";""
"202400024352";"155738873";"A01";"1";"1";"0";"0";"1";"1";"5";""
"202400024353";"155738871";"A01";"1";"2";"0";"2";"1";"1";"1";""
"202400024353";"155738872";"C01";"2";"7";"0";"2";"1";"16";"0";""
"202400024354";"155738868";"A01";"2";"7";"0";"2";"1";"17";"1";""
"202400024354";"155738870";"B01";"2";"10";"0";"0";"4";"15";"1";""
"202400024355";"155738867";"A01";"2";"30";"0";"2";"1";"17";"1";""
"202400024355";"155738869";"B01";"1";"7";"0";"2";"8";"0";"1";""
"202400024356";"155738865";"A01";"2";"7";"13";"0";"8";"1";"2";""
"202400024357";"155738864";"A01";"2";"33";"0";"2";"1";"2";"1";""
"202400024357";"155738866";"B01";"2";"7";"0";"2";"4";"2";"1";""
"202400024358";"155738861";"A01";"1";"7";"0";"2";"8";"1";"1";""
"202400024358";"155738863";"B01";"2";"7";"0";"2";"8";"1";"1";""
"202400024359";"155738860";"A01";"1";"1";"0";"2";"5";"1";"5";""
"202400024359";"155738862";"Z01";"1";"0";"0";"0";"5";"0";"0";""
"202400024360";"155738858";"A01";"1";"21";"13";"0";"4";"0";"1";""
"202400024361";"155738857";"B01";"1";"10";"0";"9";"2";"9";"1";""
"202400024361";"155738859";"A01";"1";"50";"0";"2";"1";"5";"3";""
"202400024362";"155738855";"A01";"2";"7";"13";"0";"2";"14";"1";""
"202400024363";"155738854";"B01";"0";"7";"0";"9";"8";"15";"1";""
"202400024363";"155738856";"A01";"0";"50";"0";"2";"1";"17";"3";""
"202400024364";"155738852";"A01";"1";"2";"0";"1";"1";"1";"1";""
"202400024365";"155738851";"A01";"3";"7";"0";"0";"3";"1";"1";""
"202400024365";"155738853";"B01";"3";"1";"0";"2";"1";"16";"5";""
"202400024366";"155738850";"B01";"2";"33";"0";"0";"1";"0";"1";""
"202400024367";"155738848";"B01";"2";"3";"0";"2";"1";"1";"1";""
"202400024367";"155738849";"A01";"2";"21";"0";"2";"3";"1";"1";""
"202400024368";"155738847";"A01";"2";"10";"0";"1";"3";"26";"1";""
"202400024369";"155738846";"A01";"3";"2";"6";"0";"3";"13";"1";""
"202400024370";"155738845";"A01";"1";"43";"12";"0";"1";"0";"1";""
"202400024371";"155738844";"A01";"1";"7";"0";"0";"1";"1";"1";""
"202400024372";"155738841";"B01";"1";"7";"0";"2";"8";"15";"1";""
"202400024372";"155738843";"A01";"1";"7";"0";"2";"1";"17";"1";""
"202400024373";"155738840";"A01";"2";"32";"0";"2";"1";"17";"1";""
"202400024373";"155738842";"B01";"1";"7";"0";"2";"3";"1";"1";""
"202400024374";"155738838";"A01";"1";"50";"0";"0";"0";"1";"3";""
"202400024375";"155738837";"B01";"1";"7";"0";"2";"1";"1";"1";""
"202400024375";"155738839";"A01";"1";"7";"0";"2";"7";"1";"1";""
"202400024376";"155738834";"A01";"3";"7";"7";"0";"1";"16";"1";""
"202400024377";"155738835";"A01";"2";"7";"4";"2";"7";"17";"1";""
"202400024377";"155738836";"B01";"2";"14";"4";"2";"1";"1";"1";""
"202400024378";"155738831";"A01";"1";"10";"0";"9";"4";"4";"1";""
"202400024378";"155738833";"B01";"2";"1";"0";"2";"7";"0";"5";""
"202400024379";"155738830";"A01";"1";"7";"0";"2";"2";"9";"1";""
"202400024379";"155738832";"B01";"1";"1";"0";"0";"4";"2";"5";""
"202400024380";"155738827";"A01";"1";"7";"0";"1";"3";"15";"1";""
"202400024381";"155738828";"A01";"1";"7";"0";"2";"3";"19";"1";""
"202400024381";"155738829";"B01";"2";"33";"0";"2";"1";"1";"1";""
"202400024382";"155738824";"A01";"1";"7";"0";"0";"2";"9";"1";""
"202400024382";"155738825";"B01";"2";"33";"0";"0";"1";"26";"1";""
"202400024383";"155738823";"A01";"1";"7";"0";"2";"6";"15";"2";""
"202400024383";"155738826";"B01";"1";"33";"0";"2";"0";"0";"1";""
"202400024384";"155738820";"A01";"2";"2";"0";"2";"1";"1";"1";""
"202400024384";"155738822";"B01";"1";"7";"0";"2";"3";"15";"1";""
"202400024385";"155738819";"A01";"2";"7";"0";"2";"3";"9";"2";""
"202400024385";"155738821";"B01";"2";"31";"0";"2";"5";"0";"1";""
"202400024386";"155738818";"A01";"1";"33";"0";"6";"1";"1";"1";""
"202400024387";"155738816";"B01";"1";"1";"0";"2";"1";"9";"5";""
"202400024387";"155738817";"A01";"1";"7";"0";"2";"2";"1";"1";""
"202400024388";"155738814";"B01";"2";"7";"0";"2";"6";"23";"1";""
"202400024388";"155738815";"A01";"2";"33";"0";"2";"1";"1";"1";""
"202400024389";"155738811";"A01";"1";"33";"0";"2";"2";"15";"1";""
"202400024389";"155738812";"B01";"1";"33";"0";"2";"3";"1";"1";""
"202400024390";"155738810";"A01";"1";"7";"0";"2";"5";"15";"3";""
"202400024390";"155738813";"B01";"1";"10";"0";"2";"1";"1";"1";""
"202400024391";"155738809";"A01";"3";"80";"0";"0";"8";"1";"3";""
"202400024392";"155738806";"B01";"2";"7";"0";"0";"6";"24";"1";""
"202400024392";"155738808";"A01";"2";"7";"1";"0";"6";"0";"1";""
"202400024393";"155738805";"A01";"0";"33";"0";"2";"1";"1";"0";""
"202400024393";"155738807";"B01";"3";"20";"0";"0";"1";"1";"0";""
"202400024394";"155738802";"A01";"2";"33";"0";"2";"1";"2";"1";""
"202400024394";"155738804";"B01";"2";"15";"0";"0";"5";"2";"1";""
"202400024395";"155738799";"B01";"1";"7";"0";"2";"1";"1";"1";""
"202400024395";"155738801";"C01";"2";"7";"0";"2";"1";"1";"1";""
"202400024395";"155738803";"A01";"1";"15";"6";"2";"2";"1";"1";""
"202400024396";"155738798";"A01";"1";"7";"0";"2";"3";"1";"1";""
"202400024396";"155738800";"B01";"2";"1";"0";"2";"1";"13";"5";""
"202400024397";"155738796";"B01";"2";"80";"0";"2";"2";"1";"3";""
"202400024397";"155738797";"A01";"3";"7";"0";"9";"5";"4";"1";""
"202400024398";"155738793";"B01";"2";"7";"0";"2";"1";"0";"1";""
"202400024398";"155738795";"A01";"1";"1";"0";"2";"0";"9";"5";""
"202400024399";"155738791";"A01";"2";"7";"0";"2";"3";"17";"1";""
"202400024399";"155738792";"B01";"1";"10";"0";"2";"3";"1";"1";""
"202400024400";"155738789";"A01";"1";"7";"0";"9";"2";"0";"1";""
"202400024400";"155738790";"B01";"0";"50";"0";"2";"9";"0";"3";""
"202400024401";"155738788";"A01";"1";"7";"2";"0";"1";"1";"1";""
"202400024402";"155738783";"C01";"2";"1";"0";"0";"4";"1";"5";""
"202400024402";"155738785";"A01";"2";"7";"6";"9";"2";"17";"1";""
"202400024402";"155738786";"B01";"2";"1";"0";"0";"4";"1";"5";""
"202400024403";"155738781";"C01";"2";"7";"0";"2";"4";"2";"3";""
"202400024403";"155738782";"D01";"2";"7";"0";"2";"4";"2";"1";""
"202400024403";"155738784";"A01";"2";"7";"0";"2";"1";"2";"1";""
"202400024403";"155738787";"B01";"2";"7";"0";"2";"4";"2";"1";""
"202400024404";"155738778";"A01";"1";"7";"16";"2";"0";"2";"1";""
"202400024404";"155738780";"B01";"1";"10";"0";"2";"2";"2";"1";""
"202400024405";"155738775";"B01";"1";"10";"0";"9";"1";"1";"1";""
"202400024405";"155738776";"A01";"2";"50";"0";"2";"3";"26";"3";""
"202400024406";"155738777";"B01";"2";"7";"0";"2";"8";"1";"1";""
"202400024406";"155738779";"A01";"1";"2";"0";"2";"1";"1";"1";""
"202400024407";"155738774";"A01";"2";"7";"0";"1";"3";"26";"1";""
"202400024408";"155738772";"A01";"2";"3";"0";"2";"1";"1";"1";""
"202400024408";"155738773";"B01";"2";"7";"0";"0";"4";"23";"1";""
"202400024409";"155738770";"A01";"0";"7";"0";"2";"7";"16";"1";""
"202400024409";"155738771";"B01";"0";"50";"0";"2";"1";"1";"3";""
"202400024410";"155738768";"B01";"1";"10";"0";"2";"1";"1";"1";""
"202400024410";"155738769";"A01";"2";"33";"0";"2";"1";"13";"1";""
"202400024411";"155738765";"A01";"2";"7";"0";"2";"7";"1";"1";""
"202400024411";"155738767";"B01";"2";"1";"0";"2";"8";"1";"5";""
"202400024412";"155738764";"A01";"1";"33";"0";"2";"1";"1";"1";""
"202400024412";"155738766";"B01";"1";"7";"0";"2";"8";"10";"1";""
"202400024413";"155738761";"A01";"3";"41";"1";"0";"5";"14";"3";""
"202400024414";"155738762";"A01";"1";"7";"0";"2";"3";"11";"1";""
"202400024414";"155738763";"B01";"1";"33";"0";"2";"7";"1";"1";""
"202400024415";"155738760";"A01";"0";"36";"0";"0";"0";"0";"1";""
"202400024416";"155738759";"A01";"1";"7";"0";"1";"2";"1";"1";""
"202400024417";"155738758";"A01";"1";"7";"15";"0";"2";"14";"1";""
"202400024418";"155738756";"A01";"1";"7";"6";"0";"1";"1";"1";""
"202400024419";"155738757";"A01";"1";"7";"9";"0";"3";"19";"1";""
"202400024420";"155738753";"A01";"2";"20";"14";"0";"6";"2";"1";""
"202400024420";"155738755";"B01";"2";"33";"0";"2";"1";"2";"1";""
"202400024421";"155738752";"A01";"2";"7";"0";"2";"2";"1";"1";""
"202400024421";"155738754";"B01";"2";"7";"0";"2";"6";"15";"1";""
"202400024422";"155738747";"B01";"1";"7";"0";"2";"4";"2";"1";""
"202400024422";"155738749";"A01";"1";"7";"0";"2";"4";"1";"1";""
"202400024422";"155738751";"C01";"1";"7";"0";"2";"1";"2";"1";""
"202400024423";"155738748";"A01";"0";"15";"0";"2";"1";"1";"1";""
"202400024423";"155738750";"B01";"3";"7";"0";"2";"4";"23";"1";""
"202400024424";"155738745";"A01";"1";"10";"0";"1";"1";"1";"1";""
"202400024425";"155738744";"A01";"1";"7";"0";"2";"1";"19";"1";""
"202400024425";"155738746";"B01";"1";"7";"0";"2";"5";"2";"1";""
"202400024426";"155738741";"B01";"1";"10";"0";"2";"6";"2";"0";""
"202400024426";"155738743";"A01";"1";"7";"0";"2";"1";"2";"1";""
"202400024427";"155738740";"B01";"2";"32";"0";"2";"1";"1";"3";""
"202400024427";"155738742";"A01";"2";"7";"0";"2";"7";"1";"1";""
"202400024428";"155738738";"A01";"1";"7";"4";"2";"3";"1";"1";""
"202400024428";"155738739";"B01";"1";"7";"0";"2";"5";"1";"1";""
"202400024429";"155738734";"C01";"1";"7";"0";"2";"4";"2";"1";""
"202400024429";"155738736";"A01";"1";"7";"0";"2";"1";"2";"1";""
"202400024429";"155738737";"B01";"1";"7";"0";"2";"0";"0";"1";""
"202400024430";"155738732";"A01";"1";"7";"0";"2";"7";"12";"1";""
"202400024430";"155738733";"B01";"1";"33";"0";"2";"8";"1";"1";""
"202400024430";"155738735";"C01";"1";"7";"0";"2";"8";"1";"1";""
"202400024431";"155738731";"A01";"1";"7";"6";"0";"1";"19";"2";""
"202400024432";"155738730";"A01";"2";"7";"3";"0";"1";"0";"1";""
"202400024433";"155738728";"A01";"1";"7";"4";"0";"2";"0";"1";""
"202400024434";"155738727";"A01";"2";"7";"0";"2";"1";"19";"1";""
"202400024434";"155738729";"B01";"1";"7";"0";"2";"3";"1";"1";""
"202400024435";"155738726";"A01";"2";"7";"0";"5";"1";"1";"1";""
"202400024436";"155738724";"A01";"1";"7";"4";"0";"1";"1";"1";""
"202400024437";"155738722";"C01";"1";"33";"0";"2";"1";"1";"1";""
"202400024437";"155738723";"A01";"1";"33";"0";"2";"4";"23";"1";""
"202400024437";"155738725";"B01";"1";"33";"0";"2";"4";"1";"1";""
"202400024438";"155738719";"A01";"2";"3";"0";"1";"2";"15";"0";""
"202400024439";"155738718";"A01";"1";"10";"0";"2";"7";"14";"1";""
"202400024439";"155738720";"B01";"1";"33";"0";"2";"5";"1";"1";""
"202400024439";"155738721";"C01";"1";"7";"0";"2";"3";"1";"2";""
"202400024440";"155738717";"A01";"1";"7";"4";"0";"8";"1";"1";""
"202400024441";"155738716";"A01";"3";"7";"0";"1";"1";"26";"3";""
"202400024442";"155738713";"A01";"1";"32";"0";"2";"2";"1";"1";""
"202400024442";"155738715";"B01";"0";"7";"0";"2";"3";"15";"1";""
"202400024443";"155738714";"A01";"2";"14";"0";"1";"5";"26";"1";""
"202400024444";"155738710";"B01";"1";"7";"0";"2";"6";"2";"1";""
"202400024444";"155738712";"A01";"1";"30";"0";"2";"2";"0";"1";""
"202400024445";"155738709";"B01";"0";"50";"0";"2";"1";"2";"3";""
"202400024445";"155738711";"A01";"0";"7";"0";"2";"8";"10";"0";""
"202400024446";"155738708";"A01";"1";"7";"12";"0";"2";"14";"1";""
"202400024447";"155738706";"B01";"2";"10";"0";"2";"1";"1";"1";""
"202400024447";"155738707";"A01";"2";"7";"0";"2";"4";"23";"1";""
"202400024448";"155738705";"A01";"1";"7";"1";"0";"2";"1";"1";""
"202400024449";"155738701";"A01";"1";"32";"0";"2";"1";"13";"0";""
"202400024449";"155738703";"B01";"2";"30";"0";"2";"1";"0";"1";""
"202400024450";"155738702";"B01";"2";"33";"0";"2";"1";"0";"1";""
"202400024450";"155738704";"A01";"1";"7";"0";"2";"2";"0";"1";""
"202400024451";"155738699";"A01";"3";"7";"0";"2";"3";"13";"1";""
"202400024451";"155738700";"B01";"3";"7";"0";"2";"3";"13";"1";""
"202400024452";"155738697";"A01";"2";"37";"0";"2";"3";"1";"1";"1"
"202400024452";"155738698";"B01";"2";"7";"0";"2";"0";"0";"1";""
"202400024453";"155738695";"A01";"1";"7";"12";"0";"1";"1";"1";""
"202400024454";"155738694";"A01";"2";"7";"0";"2";"1";"9";"1";""
"202400024454";"155738696";"B01";"1";"7";"0";"2";"2";"1";"1";""
"202400024455";"155738692";"A01";"1";"50";"0";"2";"0";"1";"3";""
"202400024455";"155738693";"B01";"2";"7";"0";"9";"0";"15";"1";""
"202400024456";"155738690";"A01";"1";"7";"0";"2";"0";"12";"1";""
"202400024456";"155738691";"B01";"1";"7";"0";"2";"6";"1";"1";""
"202400024457";"155738688";"A01";"1";"10";"0";"2";"0";"1";"1";""
"202400024457";"155738689";"B01";"1";"7";"0";"2";"1";"1";"1";""
"202400024458";"155738685";"A01";"2";"7";"0";"2";"1";"2";"1";""
"202400024458";"155738686";"B01";"2";"7";"0";"2";"3";"2";"1";""
"202400024458";"155738687";"C01";"2";"7";"0";"2";"4";"2";"1";""
"202400024459";"155738684";"A01";"1";"7";"0";"1";"3";"1";"1";""
"202400024460";"155738682";"A01";"3";"1";"0";"2";"1";"15";"5";""
"202400024460";"155738683";"B01";"3";"7";"0";"2";"7";"1";"1";""
"202400024461";"155738680";"B01";"2";"50";"0";"2";"7";"1";"3";""
"202400024461";"155738681";"A01";"2";"7";"0";"2";"1";"1";"1";""
"202400024462";"155738678";"B01";"1";"7";"0";"2";"4";"23";"1";""
"202400024462";"155738679";"A01";"1";"10";"0";"2";"1";"1";"1";""
"202400024463";"155738676";"B01";"0";"31";"0";"2";"7";"16";"1";""
"202400024463";"155738677";"A01";"0";"7";"0";"2";"8";"1";"1";""
"202400024464";"155738674";"A01";"1";"33";"0";"2";"7";"1";"1";""
"202400024464";"155738675";"B01";"2";"7";"0";"2";"1";"1";"1";""
"202400024465";"155738671";"B01";"2";"1";"0";"2";"1";"1";"5";""
"202400024465";"155738672";"A01";"2";"7";"0";"2";"7";"16";"1";""
"202400024466";"155738669";"A01";"0";"7";"0";"2";"5";"16";"1";""
"202400024466";"155738670";"B01";"0";"14";"0";"2";"3";"0";"1";""
"202400024467";"155738667";"B01";"1";"10";"0";"2";"3";"1";"1";""
"202400024467";"155738668";"A01";"2";"7";"0";"2";"1";"1";"1";""
"202400024468";"155738665";"B01";"2";"33";"0";"2";"1";"1";"1";""
"202400024468";"155738666";"A01";"1";"37";"0";"2";"2";"15";"1";"1"
"202400024469";"155738663";"A01";"1";"3";"0";"2";"8";"1";"3";""
"202400024469";"155738664";"B01";"1";"0";"0";"2";"0";"0";"0";""
"202400024470";"155738661";"B01";"1";"10";"0";"2";"0";"24";"1";""
"202400024470";"155738662";"A01";"1";"7";"1";"0";"1";"1";"2";""
"202400024471";"155738659";"B01";"2";"7";"0";"2";"1";"26";"1";""
"202400024471";"155738660";"A01";"2";"1";"0";"2";"1";"25";"5";""
"202400024472";"155738657";"A01";"2";"7";"0";"2";"2";"1";"1";""
"202400024472";"155738658";"B01";"2";"50";"0";"2";"1";"1";"3";""
"202400024473";"155738655";"A01";"1";"7";"0";"2";"1";"2";"1";""
"202400024473";"155738656";"B01";"1";"10";"0";"2";"4";"2";"1";""
"202400024474";"155738653";"A01";"1";"7";"0";"2";"3";"13";"1";""
"202400024474";"155738654";"B01";"2";"15";"0";"2";"3";"1";"1";""
"202400024475";"155738652";"A01";"3";"38";"0";"0";"0";"26";"1";"5"
"202400024476";"155738650";"B01";"3";"1";"1";"2";"1";"1";"5";""
"202400024476";"155738651";"Z01";"3";"10";"0";"2";"7";"24";"0";""
"202400024477";"155738648";"A01";"2";"2";"0";"2";"2";"3";"1";""
"202400024477";"155738649";"B01";"2";"14";"0";"2";"3";"1";"1";""
"202400024478";"155738646";"A01";"2";"33";"0";"2";"1";"3";"1";""
"202400024478";"155738647";"B01";"2";"7";"0";"2";"6";"2";"1";""
"202400024479";"155738645";"A01";"3";"7";"13";"0";"3";"13";"1";""
"202400024480";"155738642";"C01";"3";"7";"0";"2";"8";"1";"1";""
"202400024480";"155738643";"A01";"1";"7";"0";"2";"1";"25";"2";""
"202400024480";"155738644";"B01";"1";"10";"0";"2";"1";"26";"1";""
"202400024481";"155738640";"B01";"2";"37";"0";"2";"0";"0";"0";"1"
"202400024481";"155738641";"A01";"1";"1";"0";"2";"1";"19";"5";""
"202400024482";"155738638";"B01";"2";"7";"0";"2";"3";"1";"1";""
"202400024482";"155738639";"A01";"1";"2";"0";"2";"1";"19";"1";""
"202400024483";"155738637";"A01";"2";"7";"0";"2";"2";"26";"1";""
"202400024484";"155738635";"B01";"1";"33";"0";"2";"8";"1";"1";""
"202400024484";"155738636";"A01";"0";"7";"0";"2";"8";"15";"1";""
"202400024485";"155738633";"A01";"3";"30";"0";"2";"7";"15";"1";""
"202400024485";"155738634";"B01";"3";"33";"1";"2";"1";"1";"1";""
"202400024486";"155738631";"A01";"1";"7";"0";"2";"4";"2";"1";""
"202400024486";"155738632";"B01";"1";"10";"0";"0";"4";"2";"1";""
"202400024487";"155738629";"A01";"2";"17";"0";"2";"2";"1";"1";""
"202400024487";"155738630";"B01";"1";"7";"0";"2";"3";"1";"1";""
"202400024488";"155738627";"A01";"2";"31";"0";"2";"1";"2";"1";""
"202400024488";"155738628";"B01";"2";"7";"0";"0";"4";"2";"1";""
"202400024489";"155738625";"A01";"2";"33";"0";"2";"1";"3";"1";""
"202400024489";"155738626";"B01";"2";"10";"0";"2";"5";"2";"1";""
"202400024490";"155738624";"A01";"3";"7";"0";"1";"4";"4";"1";""
"202400024491";"155738622";"A01";"2";"7";"0";"2";"5";"1";"1";""
"202400024491";"155738623";"B01";"2";"1";"0";"2";"1";"1";"5";""
"202400024492";"155738621";"A01";"2";"33";"0";"1";"3";"1";"1";""
"202400024493";"155738620";"A01";"1";"50";"0";"1";"8";"1";"3";""
"202400024494";"155738619";"A01";"2";"7";"0";"1";"2";"1";"1";""
"202400024495";"155738618";"A01";"2";"1";"0";"1";"8";"1";"5";""
"202400024496";"155738617";"A01";"1";"7";"9";"2";"1";"1";"1";""
"202400024497";"155738616";"A01";"1";"10";"1";"0";"0";"14";"0";""
"202400024498";"155738614";"B01";"2";"2";"0";"2";"6";"2";"1";""
"202400024498";"155738615";"A01";"2";"7";"0";"2";"2";"2";"2";""
"202400024499";"155738613";"A01";"1";"34";"0";"1";"1";"25";"1";""
"202400024500";"155738612";"Z01";"1";"30";"0";"1";"1";"0";"1";""
"202400024501";"155738610";"A01";"2";"7";"0";"2";"7";"22";"1";""
"202400024501";"155738611";"B01";"3";"1";"1";"0";"1";"1";"5";""
"202400024502";"155738608";"A01";"2";"7";"0";"2";"6";"13";"1";""
"202400024502";"155738609";"B01";"2";"1";"0";"2";"1";"13";"5";""
"202400024503";"155738606";"B01";"2";"80";"0";"2";"1";"1";"2";""
"202400024503";"155738607";"A01";"2";"7";"0";"2";"7";"16";"1";""
"202400024504";"155738605";"A01";"2";"38";"0";"1";"2";"1";"1";"1"
"202400024505";"155738604";"A01";"1";"7";"0";"1";"2";"1";"2";""
"202400024506";"155738603";"A01";"2";"7";"0";"1";"7";"1";"1";""
"202400024507";"155738601";"A01";"2";"7";"0";"2";"7";"17";"2";""
"202400024507";"155738602";"B01";"2";"80";"0";"2";"8";"1";"3";""
"202400024508";"155738599";"B01";"2";"7";"0";"2";"3";"1";"2";""
"202400024508";"155738600";"A01";"1";"1";"0";"2";"2";"15";"5";""
"202400024509";"155738597";"A01";"1";"7";"0";"2";"8";"24";"1";""
"202400024509";"155738598";"B01";"1";"1";"0";"2";"1";"1";"5";""
"202400024510";"155738596";"A01";"1";"14";"0";"1";"1";"1";"1";""
"202400024511";"155738595";"A01";"3";"7";"0";"1";"0";"1";"2";""
"202400024512";"155738594";"A01";"2";"7";"14";"0";"1";"1";"1";""
"202400024513";"155738592";"A01";"3";"7";"0";"1";"1";"1";"1";""
"202400024514";"155738591";"B01";"1";"33";"0";"2";"1";"17";"1";""
"202400024514";"155738593";"A01";"1";"7";"0";"2";"6";"15";"1";""
"202400024515";"155738590";"A01";"3";"7";"4";"0";"3";"14";"1";""
"202400024516";"155738589";"A01";"1";"34";"12";"0";"1";"1";"1";""
"202400024517";"155738587";"A01";"1";"7";"0";"2";"3";"26";"2";""
"202400024517";"155738588";"B01";"2";"7";"0";"2";"2";"1";"1";""
"202400024518";"155738586";"A01";"1";"7";"9";"0";"1";"14";"1";""
"202400024519";"155738585";"A01";"1";"7";"0";"1";"1";"0";"0";""
"202400024520";"155738584";"A01";"1";"7";"0";"1";"1";"1";"1";""
"202400024521";"155738582";"A01";"1";"15";"15";"2";"7";"16";"1";""
"202400024521";"155738583";"B01";"1";"7";"15";"2";"7";"0";"1";""