"Num_Acc";"id_vehicule";"num_veh";"senc";"catv";"obs";"obsm";"choc";"manv";"motor";"occutc"
"202400024522";"155738581";"A01";"1";"50";"0";"0";"0";"15";"3";""
"202400024523";"155738579";"A01";"3";"10";"0";"2";"3";"9";"1";""
"202400024523";"155738580";"B01";"3";"32";"0";"2";"1";"1";"1";""
"202400024524";"155738576";"A01";"1";"7";"0";"2";"1";"1";"2";""
"202400024524";"155738578";"B01";"1";"50";"0";"2";"7";"19";"3";""
"202400024525";"155738575";"A01";"3";"7";"0";"2";"5";"16";"1";""
"202400024525";"155738577";"B01";"3";"80";"0";"2";"8";"1";"3";""
"202400024526";"155738573";"B01";"2";"1";"0";"2";"4";"11";"5";""
"202400024526";"155738574";"A01";"2";"7";"0";"2";"2";"1";"1";""
"202400024527";"155738572";"A01";"0";"7";"12";"1";"3";"17";"1";""
"202400024528";"155738570";"B01";"3";"1";"0";"2";"8";"1";"5";""
"202400024528";"155738571";"A01";"3";"7";"0";"2";"1";"1";"2";""
"202400024529";"155738568";"A01";"3";"7";"0";"2";"1";"2";"1";""
"202400024529";"155738569";"B01";"3";"7";"0";"2";"4";"23";"1";""
"202400024530";"155738566";"A01";"1";"1";"0";"2";"8";"19";"5";""
"202400024530";"155738567";"B01";"1";"7";"0";"2";"1";"1";"0";""
"202400024531";"155738563";"B01";"3";"50";"0";"2";"1";"1";"3";""
"202400024531";"155738564";"A01";"3";"50";"0";"2";"1";"17";"3";""
"202400024532";"155738562";"A01";"2";"7";"13";"0";"1";"19";"1";""
"202400024533";"155738561";"A01";"2";"7";"15";"0";"1";"2";"0";""
"202400024534";"155738560";"A01";"2";"50";"0";"1";"1";"11";"3";""
"202400024535";"155738559";"A01";"1";"7";"3";"0";"1";"1";"1";""
"202400024536";"155738555";"A01";"2";"2";"0";"2";"1";"1";"1";""
"202400024536";"155738557";"B01";"2";"7";"0";"0";"4";"2";"1";""
"202400024537";"155738556";"A01";"3";"10";"0";"2";"1";"1";"1";""
"202400024537";"155738558";"B01";"3";"50";"0";"2";"4";"1";"3";""
"202400024538";"155738554";"A01";"1";"0";"0";"1";"0";"26";"0";""
"202400024539";"155738552";"A01";"3";"7";"0";"2";"1";"1";"1";""
"202400024539";"155738553";"B01";"3";"1";"0";"2";"3";"19";"5";""
"202400024540";"155738551";"A01";"1";"7";"6";"0";"1";"1";"1";""
"202400024541";"155738547";"A01";"1";"15";"0";"2";"1";"2";"1";""
"202400024541";"155738549";"B01";"1";"7";"0";"2";"4";"2";"1";""
"202400024542";"155738548";"B01";"2";"7";"4";"2";"1";"26";"1";""
"202400024542";"155738550";"A01";"1";"7";"4";"2";"1";"13";"3";""
"202400024543";"155738545";"A01";"1";"7";"0";"2";"1";"0";"1";""
"202400024543";"155738546";"B01";"2";"1";"0";"0";"0";"0";"5";""
"202400024544";"155738544";"A01";"2";"7";"17";"0";"2";"1";"1";""
"202400024545";"155738541";"A01";"2";"10";"16";"2";"1";"21";"1";""
"202400024545";"155738542";"B01";"2";"7";"13";"0";"4";"1";"1";""
"202400024546";"155738538";"A01";"2";"7";"0";"2";"1";"2";"1";""
"202400024546";"155738539";"B01";"2";"33";"0";"0";"4";"2";"1";""
"202400024547";"155738537";"A01";"1";"7";"8";"0";"9";"1";"1";""
"202400024548";"155738536";"A01";"1";"7";"0";"1";"1";"0";"1";""
"202400024549";"155738534";"B01";"2";"50";"0";"2";"1";"12";"3";""
"202400024549";"155738535";"A01";"2";"7";"0";"2";"3";"1";"2";""
"202400024550";"155738533";"A01";"2";"7";"0";"1";"2";"1";"1";""
"202400024551";"155738531";"A01";"2";"2";"0";"2";"1";"15";"1";""
"202400024551";"155738532";"B01";"2";"7";"0";"2";"3";"1";"1";""
"202400024552";"155738529";"A01";"2";"33";"3";"0";"2";"0";"1";""
"202400024553";"155738528";"B01";"1";"1";"0";"2";"6";"1";"5";""
"202400024553";"155738530";"Z01";"1";"7";"0";"2";"2";"1";"0";""
"202400024554";"155738527";"A01";"2";"7";"13";"0";"9";"1";"3";""
"202400024555";"155738524";"A01";"1";"32";"0";"2";"1";"13";"1";""
"202400024555";"155738525";"B01";"2";"7";"0";"2";"2";"1";"1";""
"202400024556";"155738521";"A01";"1";"7";"0";"0";"1";"1";"1";""
"202400024557";"155738522";"C01";"2";"7";"0";"2";"3";"1";"0";""
"202400024557";"155738523";"B01";"1";"7";"0";"2";"4";"15";"2";""
"202400024557";"155738526";"Z01";"1";"7";"0";"0";"0";"0";"0";""
"202400024558";"155738518";"A01";"1";"7";"0";"2";"3";"15";"1";""
"202400024558";"155738520";"B01";"2";"10";"0";"2";"1";"1";"1";""
"202400024559";"155738516";"A01";"1";"2";"0";"2";"5";"21";"1";""
"202400024559";"155738517";"B01";"2";"7";"0";"2";"2";"3";"1";""
"202400024560";"155738515";"B01";"0";"10";"0";"2";"1";"26";"1";""
"202400024560";"155738519";"A01";"0";"7";"0";"2";"1";"26";"1";""
"202400024561";"155738514";"A01";"3";"10";"2";"0";"2";"1";"1";""
"202400024562";"155738513";"A01";"2";"7";"5";"0";"1";"13";"2";""
"202400024563";"155738511";"B01";"2";"7";"0";"2";"1";"1";"1";""
"202400024563";"155738512";"A01";"1";"10";"0";"2";"3";"9";"1";""
"202400024564";"155738509";"A01";"1";"7";"0";"2";"1";"1";"1";""
"202400024564";"155738510";"B01";"2";"7";"0";"2";"1";"13";"1";""
"202400024565";"155738508";"A01";"0";"7";"0";"1";"1";"1";"1";""
"202400024566";"155738506";"A01";"2";"10";"0";"2";"3";"19";"1";""
"202400024566";"155738507";"B01";"2";"7";"0";"2";"2";"1";"1";""
"202400024567";"155738504";"B01";"3";"7";"0";"2";"2";"0";"1";""
"202400024567";"155738505";"A01";"3";"7";"0";"2";"3";"0";"1";""
"202400024568";"155738502";"B01";"1";"2";"0";"2";"8";"1";"1";""
"202400024568";"155738503";"A01";"2";"7";"0";"2";"2";"1";"1";""
"202400024569";"155738501";"A01";"0";"7";"1";"0";"7";"1";"1";""
"202400024570";"155738500";"B01";"3";"7";"0";"1";"2";"17";"1";""
"202400024571";"155738499";"A01";"2";"7";"13";"0";"0";"17";"1";""
"202400024572";"155738498";"A01";"0";"10";"0";"1";"2";"19";"1";""
"202400024573";"155738496";"A01";"0";"7";"0";"0";"3";"13";"1";""
"202400024573";"155738497";"B01";"0";"7";"0";"0";"3";"23";"1";""
"202400024574";"155738493";"A01";"2";"7";"4";"2";"4";"1";"1";""
"202400024574";"155738494";"B01";"1";"7";"4";"2";"1";"14";"1";""
"202400024575";"155738492";"B01";"0";"7";"0";"2";"2";"1";"1";""
"202400024575";"155738495";"A01";"3";"2";"0";"2";"7";"1";"1";""
"202400024576";"155738490";"A01";"3";"7";"0";"2";"6";"26";"1";""
"202400024576";"155738491";"B01";"3";"1";"0";"2";"0";"1";"5";""
"202400024577";"155738488";"B01";"2";"30";"0";"2";"1";"1";"1";""
"202400024577";"155738489";"A01";"2";"10";"0";"2";"1";"15";"1";""
"202400024578";"155738486";"A01";"1";"7";"0";"2";"4";"23";"1";""
"202400024578";"155738487";"Z01";"1";"7";"0";"2";"1";"2";"1";""
"202400024579";"155738484";"B01";"1";"30";"0";"2";"1";"0";"1";""
"202400024579";"155738485";"A01";"1";"7";"0";"2";"4";"4";"1";""
"202400024580";"155738483";"A01";"3";"10";"0";"1";"0";"12";"0";""
"202400024581";"155738481";"A01";"2";"7";"0";"2";"4";"23";"1";""
"202400024581";"155738482";"B01";"2";"2";"0";"2";"1";"2";"1";""
"202400024582";"155738479";"A01";"2";"10";"0";"2";"3";"15";"1";""
"202400024582";"155738480";"B01";"2";"1";"0";"2";"1";"1";"5";""
"202400024583";"155738477";"B01";"1";"50";"0";"2";"1";"9";"3";""
"202400024583";"155738478";"A01";"1";"1";"0";"2";"1";"19";"5";""
"202400024584";"155738473";"C01";"0";"7";"0";"2";"4";"23";"1";""
"202400024584";"155738474";"A01";"0";"10";"0";"2";"1";"1";"1";""
"202400024584";"155738475";"D01";"0";"7";"0";"0";"4";"23";"1";""
"202400024584";"155738476";"B01";"0";"7";"0";"2";"4";"23";"2";""
"202400024585";"155738471";"A01";"1";"1";"0";"2";"1";"1";"5";""
"202400024585";"155738472";"B01";"1";"10";"0";"2";"4";"1";"1";""
"202400024586";"155738469";"B01";"1";"7";"0";"2";"8";"13";"2";""
"202400024586";"155738470";"A01";"1";"30";"0";"2";"7";"14";"3";""
"202400024587";"155738468";"A01";"2";"7";"0";"1";"1";"1";"2";""
"202400024588";"155738467";"A01";"2";"7";"0";"1";"3";"1";"2";""
"202400024589";"155738465";"A01";"1";"43";"0";"2";"1";"19";"1";""
"202400024589";"155738466";"B01";"2";"1";"0";"2";"1";"19";"5";""
"202400024590";"155738463";"B01";"1";"10";"0";"2";"1";"19";"1";""
"202400024590";"155738464";"A01";"1";"1";"0";"2";"7";"19";"5";""
"202400024591";"155738461";"A01";"1";"1";"0";"2";"2";"26";"5";""
"202400024591";"155738462";"B01";"2";"7";"0";"2";"3";"1";"2";""
"202400024592";"155738460";"A01";"3";"7";"0";"1";"7";"9";"3";""
"202400024593";"155738458";"Y01";"1";"50";"0";"2";"1";"0";"3";""
"202400024593";"155738459";"A01";"1";"7";"0";"2";"2";"16";"1";""
"202400024594";"155738456";"B01";"1";"33";"0";"2";"1";"1";"1";""
"202400024594";"155738457";"A01";"2";"7";"0";"2";"2";"15";"1";""
"202400024595";"155738455";"A01";"1";"7";"0";"1";"1";"15";"1";""
"202400024596";"155738453";"A01";"2";"7";"0";"2";"2";"1";"1";""
"202400024596";"155738454";"B01";"1";"7";"0";"2";"3";"1";"1";""
"202400024597";"155738451";"A01";"3";"10";"0";"2";"3";"1";"1";""
"202400024597";"155738452";"B01";"0";"32";"0";"2";"1";"1";"1";""
"202400024598";"155738449";"A01";"1";"13";"0";"2";"7";"9";"0";""
"202400024598";"155738450";"B01";"1";"10";"0";"2";"8";"2";"0";""
"202400024599";"155738447";"B01";"0";"1";"1";"0";"7";"1";"5";""
"202400024599";"155738448";"A01";"0";"7";"14";"0";"1";"1";"3";""
"202400024600";"155738445";"B01";"3";"7";"0";"2";"1";"1";"1";""
"202400024600";"155738446";"A01";"3";"7";"0";"2";"1";"16";"1";""
"202400024601";"155738443";"A01";"2";"7";"0";"2";"3";"16";"1";""
"202400024601";"155738444";"B01";"0";"50";"0";"2";"0";"0";"3";""
"202400024602";"155738440";"B01";"3";"7";"0";"2";"4";"26";"1";""
"202400024602";"155738441";"A01";"3";"7";"0";"2";"1";"2";"1";""
"202400024602";"155738442";"C01";"3";"7";"0";"0";"0";"0";"1";""
"202400024603";"155738439";"A01";"1";"1";"0";"0";"0";"2";"5";""
"202400024604";"155738437";"A01";"3";"7";"0";"2";"1";"1";"1";""
"202400024604";"155738438";"B01";"3";"7";"12";"0";"6";"16";"1";""
"202400024605";"155738436";"A01";"3";"7";"0";"1";"2";"1";"1";""
"202400024606";"155738435";"A01";"2";"31";"0";"1";"1";"1";"1";""
"202400024607";"155738433";"A01";"1";"7";"0";"9";"0";"1";"1";""
"202400024607";"155738434";"B01";"1";"33";"0";"0";"0";"23";"1";""
"202400024608";"155738431";"A01";"2";"33";"0";"2";"3";"1";"1";""
"202400024608";"155738432";"B01";"0";"7";"0";"2";"1";"15";"1";""
"202400024609";"155738430";"A01";"1";"7";"15";"0";"1";"6";"1";""
"202400024610";"155738428";"A01";"2";"2";"0";"2";"3";"1";"1";""
"202400024610";"155738429";"B01";"3";"7";"0";"2";"2";"16";"1";""
"202400024611";"155738427";"A01";"3";"10";"0";"1";"3";"15";"1";""
"202400024612";"155738425";"A01";"2";"7";"0";"2";"1";"2";"1";""
"202400024612";"155738426";"B01";"2";"7";"0";"2";"4";"2";"1";""
"202400024613";"155738422";"A01";"1";"7";"0";"1";"2";"1";"1";""
"202400024614";"155738421";"A01";"1";"10";"14";"0";"2";"1";"1";""
"202400024615";"155738419";"A01";"2";"10";"0";"2";"4";"1";"1";""
"202400024615";"155738420";"B01";"2";"7";"2";"0";"1";"1";"1";""
"202400024616";"155738418";"B01";"1";"7";"1";"0";"1";"1";"1";""
"202400024617";"155738416";"A01";"1";"7";"3";"2";"1";"13";"1";""
"202400024617";"155738417";"B01";"2";"7";"0";"2";"1";"1";"1";""
"202400024618";"155738414";"A01";"2";"7";"0";"2";"1";"11";"1";""
"202400024618";"155738415";"B01";"1";"7";"16";"2";"3";"1";"1";""
"202400024619";"155738412";"A01";"1";"7";"0";"2";"8";"13";"1";""
"202400024619";"155738413";"B01";"2";"7";"0";"2";"1";"1";"2";""
"202400024620";"155738410";"A01";"1";"7";"0";"2";"3";"13";"1";""
"202400024620";"155738411";"B01";"2";"7";"0";"2";"3";"1";"1";""
"202400024621";"155738408";"A01";"3";"33";"0";"2";"1";"1";"1";""
"202400024621";"155738409";"B01";"3";"33";"0";"2";"4";"1";"1";""
"202400024622";"155738407";"A01";"1";"7";"0";"9";"1";"1";"1";""
"202400024623";"155738406";"A01";"1";"7";"0";"1";"8";"1";"1";""
"202400024624";"155738404";"A01";"1";"33";"3";"2";"3";"13";"1";""
"202400024624";"155738405";"B01";"2";"21";"0";"2";"8";"1";"1";""
"202400024625";"155738403";"A01";"1";"33";"0";"0";"0";"9";"1";""
"202400024626";"155738401";"A01";"3";"7";"0";"2";"1";"13";"1";""
"202400024626";"155738402";"B01";"3";"7";"0";"2";"7";"1";"1";""
"202400024627";"155738399";"A01";"1";"7";"0";"2";"3";"1";"1";""
"202400024627";"155738400";"B01";"2";"7";"0";"2";"3";"1";"1";""
"202400024628";"155738397";"B01";"1";"7";"0";"2";"1";"1";"1";""
"202400024628";"155738398";"A01";"1";"10";"0";"2";"8";"19";"1";""
"202400024629";"155738395";"B01";"1";"17";"0";"2";"8";"1";"1";""
"202400024629";"155738396";"A01";"2";"7";"0";"2";"3";"13";"1";""
"202400024630";"155738394";"A01";"2";"2";"12";"0";"7";"16";"1";""
"202400024631";"155738393";"A01";"2";"10";"0";"0";"9";"1";"1";""
"202400024632";"155738392";"A01";"1";"7";"0";"0";"1";"1";"1";""
"202400024633";"155738391";"A01";"3";"7";"2";"0";"1";"0";"1";""
"202400024634";"155738390";"A01";"2";"7";"0";"1";"6";"4";"1";""
"202400024635";"155738387";"B01";"2";"7";"0";"0";"5";"2";"1";""
"202400024635";"155738388";"A01";"2";"33";"0";"2";"3";"2";"1";""
"202400024636";"155738386";"A01";"1";"15";"2";"0";"3";"1";"1";""
"202400024637";"155738384";"A01";"1";"10";"0";"2";"1";"5";"1";""
"202400024637";"155738385";"B01";"2";"15";"0";"2";"1";"1";"1";""
"202400024638";"155738382";"B01";"2";"17";"0";"0";"6";"1";"1";""
"202400024638";"155738383";"A01";"2";"7";"5";"2";"2";"0";"1";""
"202400024639";"155738380";"A01";"1";"7";"0";"2";"1";"13";"1";""
"202400024639";"155738381";"B01";"2";"7";"0";"2";"1";"1";"1";""
"202400024640";"155738378";"A01";"1";"7";"0";"2";"1";"1";"1";""
"202400024640";"155738379";"B01";"2";"7";"0";"2";"1";"1";"1";""
"202400024641";"155738376";"A01";"1";"7";"13";"2";"7";"15";"1";""
"202400024641";"155738377";"B01";"2";"33";"0";"2";"1";"1";"1";""
"202400024642";"155738371";"D01";"2";"7";"0";"2";"1";"2";"1";""
"202400024642";"155738372";"E01";"2";"10";"0";"2";"1";"2";"1";""
"202400024642";"155738373";"A01";"2";"7";"4";"2";"4";"2";"1";""
"202400024642";"155738374";"B01";"2";"7";"0";"2";"8";"1";"1";""
"202400024642";"155738375";"C01";"2";"7";"4";"2";"9";"2";"1";""
"202400024643";"155738370";"A01";"3";"7";"0";"1";"3";"1";"2";""
"202400024644";"155738368";"A01";"1";"10";"0";"2";"1";"2";"1";""
"202400024644";"155738369";"B01";"1";"7";"0";"2";"4";"1";"1";""
"202400024645";"155738366";"A01";"1";"13";"3";"0";"3";"2";"1";""
"202400024645";"155738367";"B01";"2";"7";"0";"2";"0";"11";"1";""
"202400024646";"155738364";"B01";"1";"7";"0";"2";"1";"1";"1";""
"202400024646";"155738365";"A01";"2";"7";"0";"2";"3";"17";"1";""
"202400024647";"155738362";"A01";"3";"7";"0";"0";"0";"15";"1";""
"202400024647";"155738363";"B01";"3";"31";"12";"0";"9";"1";"1";""
"202400024648";"155738360";"B01";"1";"7";"0";"2";"7";"16";"1";""
"202400024648";"155738361";"A01";"1";"2";"0";"2";"3";"25";"1";""
"202400024649";"155738359";"A01";"2";"7";"0";"1";"3";"1";"1";""
"202400024650";"155738358";"A01";"3";"7";"0";"1";"2";"0";"1";""
"202400024651";"155738357";"A01";"2";"7";"13";"0";"3";"13";"1";""
"202400024652";"155738355";"B01";"2";"15";"0";"2";"1";"1";"0";""
"202400024652";"155738356";"A01";"1";"7";"0";"2";"1";"0";"1";""
"202400024653";"155738353";"A01";"1";"7";"0";"2";"1";"17";"1";""
"202400024653";"155738354";"B01";"2";"7";"0";"2";"1";"1";"1";""
"202400024654";"155738350";"A01";"1";"7";"0";"1";"1";"1";"1";""
"202400024655";"155738347";"A01";"1";"7";"0";"2";"1";"2";"1";""
"202400024655";"155738348";"B01";"1";"7";"0";"2";"4";"2";"1";""
"202400024655";"155738349";"C01";"1";"10";"0";"2";"4";"2";"1";""
"202400024656";"155738344";"B01";"1";"7";"4";"2";"6";"24";"1";""
"202400024656";"155738345";"A01";"1";"7";"4";"2";"2";"14";"1";""
"202400024656";"155738346";"C01";"1";"7";"4";"2";"5";"23";"2";""
"202400024657";"155738341";"A01";"2";"7";"0";"2";"4";"1";"1";""
"202400024657";"155738342";"B01";"2";"10";"0";"2";"1";"1";"1";""
"202400024657";"155738343";"C01";"2";"10";"0";"2";"1";"2";"3";""
"202400024658";"155738339";"A01";"3";"7";"0";"2";"3";"1";"1";""
"202400024658";"155738340";"B01";"3";"32";"0";"2";"2";"0";"1";""
"202400024659";"155738336";"B01";"1";"7";"0";"2";"4";"2";"1";""
"202400024659";"155738337";"A01";"1";"7";"0";"2";"1";"2";"1";""
"202400024659";"155738338";"C01";"1";"7";"0";"2";"4";"2";"2";""
"202400024660";"155738334";"A01";"2";"33";"0";"2";"8";"2";"1";""
"202400024660";"155738335";"Z01";"2";"7";"0";"2";"0";"17";"0";""
"202400024661";"155738332";"B01";"2";"7";"0";"2";"4";"2";"1";""
"202400024661";"155738333";"A01";"2";"33";"0";"2";"1";"1";"1";""
"202400024662";"155738331";"A01";"3";"7";"7";"0";"7";"14";"1";""
"202400024663";"155738330";"A01";"2";"7";"3";"0";"2";"9";"1";""
"202400024664";"155738329";"A01";"1";"7";"8";"0";"1";"1";"1";""
"202400024665";"155738326";"A01";"1";"7";"0";"2";"3";"9";"1";""
"202400024665";"155738327";"B01";"1";"7";"0";"2";"7";"21";"1";""
"202400024666";"155738324";"A01";"3";"7";"0";"2";"1";"15";"1";""
"202400024666";"155738325";"B01";"3";"7";"0";"2";"3";"0";"1";""
"202400024667";"155738322";"A01";"3";"33";"0";"2";"1";"1";"1";""
"202400024667";"155738323";"B01";"3";"7";"0";"2";"0";"2";"0";""
"202400024668";"155738321";"A01";"2";"7";"0";"1";"1";"0";"1";""
"202400024669";"155738320";"A01";"3";"2";"0";"0";"0";"0";"1";""
"202400024670";"155738318";"A01";"1";"7";"0";"2";"2";"2";"1";""
"202400024670";"155738319";"B01";"1";"7";"0";"2";"6";"0";"1";""
"202400024671";"155738316";"A01";"2";"37";"0";"2";"7";"12";"1";"1"
"202400024671";"155738317";"B01";"2";"80";"0";"2";"3";"1";"3";""
"202400024672";"155738315";"A01";"3";"7";"0";"1";"2";"26";"1";""
"202400024673";"155738314";"A01";"3";"33";"0";"0";"0";"26";"1";""
"202400024674";"155738312";"A01";"1";"1";"0";"2";"7";"19";"5";""
"202400024674";"155738313";"B01";"2";"34";"0";"2";"1";"1";"1";""
"202400024675";"155738310";"A01";"2";"7";"0";"9";"2";"16";"1";""
"202400024675";"155738311";"B01";"1";"50";"0";"2";"1";"2";"3";""
"202400024676";"155738307";"C01";"1";"7";"0";"9";"6";"24";"1";""
"202400024676";"155738308";"A01";"1";"7";"0";"2";"3";"15";"1";""
"202400024676";"155738309";"B01";"2";"30";"1";"2";"1";"1";"1";""
"202400024677";"155738305";"A01";"1";"2";"0";"2";"5";"9";"1";""
"202400024677";"155738306";"Z01";"1";"7";"0";"2";"5";"0";"0";""
"202400024678";"155738304";"A01";"3";"1";"0";"1";"0";"0";"5";""
"202400024679";"155738302";"B01";"2";"10";"0";"2";"3";"1";"1";""
"202400024679";"155738303";"A01";"2";"7";"0";"2";"1";"1";"1";""
"202400024680";"155738300";"A01";"1";"7";"0";"2";"0";"15";"1";""
"202400024680";"155738301";"B01";"2";"1";"0";"2";"0";"1";"5";""
"202400024681";"155738299";"A01";"1";"42";"0";"2";"2";"9";"0";""
"202400024682";"155738298";"A01";"1";"7";"0";"1";"3";"1";"1";""
"202400024683";"155738295";"A01";"1";"10";"3";"2";"6";"2";"1";""
"202400024683";"155738296";"B01";"1";"7";"3";"2";"2";"2";"1";""
"202400024683";"155738297";"C01";"1";"10";"3";"2";"1";"2";"1";""
"202400024684";"155738293";"A01";"1";"7";"0";"2";"5";"16";"1";""
"202400024684";"155738294";"B01";"2";"2";"0";"2";"8";"1";"1";""
"202400024685";"155738291";"A01";"2";"7";"12";"9";"2";"13";"1";""
"202400024685";"155738292";"B01";"1";"1";"0";"2";"0";"0";"5";""
"202400024686";"155738289";"A01";"1";"7";"0";"2";"0";"15";"1";""
"202400024686";"155738290";"B01";"1";"2";"0";"2";"1";"1";"1";""
"202400024687";"155738288";"A01";"1";"7";"0";"9";"3";"2";"1";""
"202400024688";"155738287";"A01";"1";"7";"0";"1";"1";"15";"1";""
"202400024689";"155738286";"A01";"0";"50";"0";"0";"0";"0";"3";""
"202400024690";"155738284";"B01";"3";"7";"0";"1";"4";"23";"1";""
"202400024690";"155738285";"A01";"3";"7";"0";"2";"1";"2";"1";""
"202400024691";"155738282";"A01";"2";"7";"0";"2";"1";"2";"1";""
"202400024691";"155738283";"B01";"2";"7";"0";"2";"4";"1";"1";""
"202400024692";"155738280";"A01";"2";"1";"0";"2";"8";"15";"5";""
"202400024692";"155738281";"B01";"1";"7";"0";"2";"1";"1";"1";""
"202400024693";"155738279";"A01";"1";"60";"0";"0";"0";"12";"5";""
"202400024694";"155738277";"A01";"1";"7";"0";"2";"7";"13";"1";""
"202400024694";"155738278";"B01";"2";"15";"0";"2";"3";"1";"1";""
"202400024695";"155738275";"B01";"1";"7";"0";"2";"1";"0";"1";""
"202400024695";"155738276";"A01";"1";"7";"0";"2";"1";"21";"1";""
"202400024696";"155738273";"A01";"1";"10";"0";"2";"1";"13";"1";""
"202400024696";"155738274";"B01";"2";"7";"0";"2";"1";"1";"1";""
"202400024697";"155738272";"A01";"2";"7";"0";"1";"3";"1";"1";""
"202400024698";"155738270";"A01";"1";"7";"0";"2";"0";"20";"1";""
"202400024698";"155738271";"B01";"1";"32";"0";"2";"0";"21";"1";""
"202400024699";"155738268";"B01";"1";"7";"0";"2";"5";"1";"1";""
"202400024699";"155738269";"A01";"1";"30";"0";"2";"1";"1";"1";""
"202400024700";"155738266";"A01";"2";"33";"0";"2";"1";"17";"1";""
"202400024700";"155738267";"B01";"1";"7";"0";"2";"1";"23";"1";""
"202400024701";"155738264";"A01";"1";"7";"0";"2";"3";"15";"1";""
"202400024701";"155738265";"B01";"1";"2";"0";"2";"1";"17";"1";""
"202400024702";"155738262";"B01";"1";"7";"0";"2";"1";"2";"1";""
"202400024702";"155738263";"A01";"1";"7";"0";"1";"4";"23";"1";""
"202400024703";"155738260";"A01";"1";"7";"0";"2";"3";"9";"1";""
"202400024703";"155738261";"B01";"2";"50";"0";"2";"7";"1";"3";""
"202400024704";"155738258";"B01";"3";"50";"0";"2";"1";"25";"3";""
"202400024704";"155738259";"A01";"3";"7";"0";"2";"2";"9";"1";""
"202400024705";"155738256";"B01";"2";"1";"0";"2";"1";"1";"5";""
"202400024705";"155738257";"A01";"1";"7";"0";"2";"2";"16";"1";""
"202400024706";"155738255";"A01";"2";"7";"0";"1";"2";"16";"2";""
"202400024707";"155738254";"A01";"3";"10";"0";"1";"4";"4";"1";""
"202400024708";"155738253";"A01";"1";"7";"0";"1";"4";"20";"1";""
"202400024709";"155738251";"A01";"2";"7";"0";"2";"3";"9";"1";""
"202400024709";"155738252";"B01";"1";"1";"0";"2";"2";"1";"5";""
"202400024710";"155738249";"B01";"0";"7";"0";"2";"1";"17";"2";""
"202400024710";"155738250";"A01";"3";"33";"0";"2";"1";"1";"1";""
"202400024711";"155738247";"A01";"1";"7";"0";"2";"1";"1";"1";""
"202400024711";"155738248";"B01";"1";"7";"0";"2";"4";"1";"1";""
"202400024712";"155738245";"A01";"2";"30";"0";"2";"1";"2";"1";""
"202400024712";"155738246";"B01";"2";"7";"0";"2";"4";"2";"1";""
"202400024713";"155738243";"Z01";"0";"3";"0";"0";"0";"0";"1";""
"202400024713";"155738244";"A01";"3";"1";"0";"0";"0";"0";"5";""
"202400024714";"155738241";"B01";"2";"10";"0";"2";"6";"1";"1";""
"202400024714";"155738242";"A01";"2";"7";"0";"2";"2";"12";"1";""
"202400024715";"155738240";"A01";"3";"10";"0";"0";"1";"26";"0";""
"202400024716";"155738239";"A01";"3";"7";"0";"1";"1";"1";"1";""
"202400024717";"155738236";"B01";"1";"7";"0";"2";"4";"2";"1";""
"202400024717";"155738237";"A01";"1";"7";"0";"2";"1";"1";"1";""
"202400024717";"155738238";"C01";"1";"7";"0";"2";"4";"23";"1";""
"202400024718";"155738233";"B01";"3";"7";"0";"2";"1";"1";"1";""
"202400024718";"155738234";"A01";"3";"7";"0";"2";"1";"2";"1";""
"202400024718";"155738235";"C01";"3";"10";"0";"2";"4";"23";"1";""
"202400024719";"155738231";"A01";"3";"7";"0";"2";"1";"2";"1";""
"202400024719";"155738232";"B01";"3";"7";"0";"0";"4";"0";"1";""
"202400024720";"155738229";"B01";"2";"7";"0";"2";"3";"16";"1";""
"202400024720";"155738230";"A01";"3";"50";"0";"2";"1";"5";"3";""
"202400024721";"155738227";"A01";"3";"10";"0";"2";"2";"1";"1";""
"202400024721";"155738228";"B01";"3";"50";"0";"2";"0";"0";"3";""
"202400024722";"155738226";"A01";"2";"7";"4";"0";"1";"13";"1";""
"202400024723";"155738224";"A01";"1";"14";"0";"2";"2";"16";"1";""
"202400024723";"155738225";"B01";"1";"80";"0";"2";"1";"1";"3";""
"202400024724";"155738222";"A01";"3";"7";"0";"2";"1";"9";"1";""
"202400024724";"155738223";"B01";"3";"1";"0";"2";"7";"2";"5";""
"202400024725";"155738221";"A01";"3";"7";"6";"0";"3";"1";"1";""
"202400024726";"155738219";"A01";"1";"7";"0";"2";"2";"16";"1";""
"202400024726";"155738220";"B01";"1";"50";"2";"2";"1";"2";"3";""
"202400024727";"155738217";"A01";"1";"7";"0";"2";"3";"15";"1";""
"202400024727";"155738218";"B01";"2";"32";"0";"2";"6";"0";"1";""
"202400024728";"155738216";"Z01";"2";"7";"0";"1";"1";"1";"1";""
"202400024729";"155738214";"B01";"3";"7";"0";"2";"1";"1";"1";""
"202400024729";"155738215";"A01";"3";"7";"0";"2";"1";"26";"1";""
"202400024730";"155738212";"A01";"2";"7";"0";"2";"7";"15";"1";""
"202400024730";"155738213";"B01";"1";"31";"0";"2";"8";"1";"1";""
"202400024731";"155738211";"A01";"3";"7";"0";"1";"3";"2";"0";""
"202400024732";"155738209";"B01";"1";"50";"0";"0";"0";"0";"3";""
"202400024732";"155738210";"A01";"3";"7";"0";"9";"1";"1";"1";""
"202400024733";"155738208";"A01";"1";"7";"0";"1";"3";"15";"1";""
"202400024734";"155738207";"A01";"1";"7";"0";"1";"2";"16";"1";""
"202400024735";"155738204";"A01";"1";"30";"0";"0";"1";"26";"1";""