"Num_Acc";"id_vehicule";"num_veh";"senc";"catv";"obs";"obsm";"choc";"manv";"motor";"occutc"
"202400024736";"155738200";"C01";"3";"7";"0";"2";"1";"2";"1";""
"202400024736";"155738201";"A01";"3";"7";"0";"2";"1";"2";"1";""
"202400024736";"155738202";"B01";"3";"7";"0";"2";"4";"2";"1";""
"202400024736";"155738203";"Z01";"3";"7";"0";"2";"4";"0";"0";""
"202400024737";"155738199";"A01";"2";"7";"0";"2";"7";"1";"3";""
"202400024738";"155738195";"C01";"2";"7";"0";"2";"8";"1";"0";""
"202400024738";"155738196";"A01";"2";"7";"0";"2";"1";"0";"1";""
"202400024738";"155738197";"B01";"2";"7";"0";"2";"5";"2";"1";""
"202400024738";"155738198";"Z01";"1";"7";"0";"2";"1";"13";"1";""
"202400024739";"155738194";"A01";"0";"7";"0";"1";"2";"1";"1";""
"202400024740";"155738193";"A01";"1";"7";"2";"0";"9";"1";"1";""
"202400024741";"155738191";"B01";"2";"2";"0";"0";"0";"0";"1";""
"202400024741";"155738192";"A01";"2";"7";"0";"0";"0";"2";"1";""
"202400024742";"155738190";"A01";"3";"7";"0";"1";"3";"15";"1";""
"202400024743";"155738188";"B01";"0";"14";"4";"0";"3";"0";"1";""
"202400024743";"155738189";"A01";"3";"10";"0";"0";"0";"0";"1";""
"202400024744";"155738186";"B01";"2";"7";"0";"9";"2";"16";"2";""
"202400024744";"155738187";"A01";"1";"50";"0";"2";"1";"5";"3";""
"202400024745";"155738185";"A01";"3";"7";"0";"1";"4";"4";" -1";""
"202400024746";"155738184";"A01";"1";"1";"0";"1";"0";"0";"5";""
"202400024747";"155738183";"A01";"3";"31";"13";"0";"0";"0";"1";""
"202400024748";"155738182";"A01";"1";"2";"0";"1";"1";"1";"1";""
"202400024749";"155738181";"A01";"1";"1";"1";"0";"3";"1";"5";""
"202400024750";"155738179";"A01";"3";"32";"0";"2";"4";"26";"0";""
"202400024750";"155738180";"Z01";"3";"7";"0";"2";"4";"26";"0";""
"202400024751";"155738178";"B01";"2";"7";"1";"0";"2";"2";"1";""
"202400024752";"155738177";"A01";"1";"7";"6";"0";"1";"16";"1";""
"202400024753";"155738175";"B01";"1";"7";"0";"2";"4";"2";"1";""
"202400024753";"155738176";"A01";"1";"7";"0";"2";"1";"2";"2";""
"202400024754";"155738174";"A01";"3";"7";"0";"1";"0";"0";"0";""
"202400024755";"155738172";"A01";"1";"7";"0";"2";"3";"15";"1";""
"202400024755";"155738173";"B01";"1";"33";"0";"2";"8";"1";"1";""
"202400024756";"155738171";"A01";"3";"7";"16";"0";"1";"1";"1";""
"202400024757";"155738169";"A01";"2";"7";"0";"2";"3";"15";"1";""
"202400024757";"155738170";"B01";"2";"33";"0";"2";"2";"17";"1";""
"202400024758";"155738168";"A01";"3";"7";"0";"1";"3";"16";"1";""
"202400024759";"155738167";"A01";"1";"7";"0";"1";"1";"19";"1";""
"202400024760";"155738166";"A01";"3";"30";"14";"0";"1";"26";"1";""
"202400024761";"155738164";"A01";"1";"7";"0";"2";"2";"1";"1";""
"202400024761";"155738165";"B01";"1";"1";"0";"2";"1";"1";"5";""
"202400024762";"155738162";"B01";"0";"7";"0";"2";"8";"11";"1";""
"202400024762";"155738163";"A01";"0";"33";"0";"2";"1";"17";"1";""
"202400024763";"155738160";"B01";"3";"7";"0";"2";"3";"1";"1";""
"202400024763";"155738161";"A01";"3";"7";"0";"2";"1";"1";"2";""
"202400024764";"155738159";"A01";"3";"7";"0";"1";"0";"0";"1";""
"202400024765";"155738155";"A01";"3";"7";"0";"2";"2";"1";"1";""
"202400024765";"155738156";"B01";"3";"7";"0";"2";"3";"9";"1";""
"202400024766";"155738154";"A01";"3";"33";"0";"1";"7";"1";"1";""
"202400024767";"155738152";"B01";"2";"7";"0";"2";"3";"1";"1";""
"202400024767";"155738153";"A01";"1";"10";"0";"2";"3";"15";"6";""
"202400024768";"155738150";"B01";"1";"50";"0";"2";"2";"19";"3";""
"202400024768";"155738151";"A01";"1";"7";"0";"2";"2";"1";"1";""
"202400024769";"155738149";"A01";"2";"7";"0";"1";"1";"1";"1";""
"202400024770";"155738148";"A01";"1";"7";"0";"1";"1";"1";"1";""
"202400024771";"155738146";"A01";"1";"34";"0";"2";"1";"16";"1";""
"202400024771";"155738147";"B01";"2";"10";"0";"2";"5";"1";"1";""
"202400024772";"155738145";"A01";"1";"7";"6";"0";"0";"0";"1";""
"202400024773";"155738144";"A01";"3";"7";"10";"0";"1";"1";"1";""
"202400024774";"155738143";"A01";"3";"32";"0";"0";"1";"1";"1";""
"202400024775";"155738141";"A01";"1";"32";"0";"2";"1";"2";"1";""
"202400024775";"155738142";"B01";"1";"7";"0";"2";"4";"2";"1";""
"202400024776";"155738139";"B01";"3";"33";"16";"0";"0";"0";"1";""
"202400024776";"155738140";"A01";"3";"33";"16";"0";"0";"0";"1";""
"202400024777";"155738138";"A01";"1";"7";"8";"0";"1";"21";"1";""
"202400024778";"155738137";"A01";"1";"7";"0";"1";"7";"1";"1";""
"202400024779";"155738135";"A01";"1";"7";"0";"0";"3";"11";"1";""
"202400024779";"155738136";"B01";"2";"33";"0";"0";"0";"0";"1";""
"202400024780";"155738133";"B01";"1";"33";"0";"2";"8";"1";"1";""
"202400024780";"155738134";"A01";"2";"7";"0";"2";"1";"15";"1";""
"202400024781";"155738132";"A01";"1";"7";"0";"1";"1";"1";"1";""
"202400024782";"155738131";"A01";"1";"7";"0";"1";"2";"1";"1";""
"202400024783";"155738130";"A01";"3";"37";"0";"1";"7";"16";"1";"1"
"202400024784";"155738128";"A01";"1";"7";"0";"2";"1";"2";"1";""
"202400024784";"155738129";"B01";"1";"7";"0";"2";"4";"1";"3";""
"202400024785";"155738127";"A01";"1";"37";"0";"1";"1";"1";"1";"1"
"202400024786";"155738125";"A01";"1";"7";"0";"2";"3";"1";"1";""
"202400024786";"155738126";"B01";"2";"1";"0";"2";"7";"19";"5";""
"202400024787";"155738124";"A01";"2";"7";"1";"0";"7";"6";"1";""
"202400024788";"155738123";"A01";"1";"7";"14";"0";"1";"1";"1";""
"202400024789";"155738121";"X01";"1";"7";"0";"2";"0";"15";"0";""
"202400024789";"155738122";"B01";"2";"1";"0";"2";"1";"1";"5";""
"202400024790";"155738120";"A01";"2";"7";"0";"1";"1";"1";"1";""
"202400024791";"155738119";"A01";"1";"7";"1";"0";"0";"1";"1";""
"202400024792";"155738118";"A01";"1";"7";"0";"1";"2";"1";"1";""
"202400024793";"155738116";"A01";"0";"7";"0";"2";"2";"9";"1";""
"202400024793";"155738117";"B01";"0";"1";"0";"2";"4";"9";"5";""
"202400024794";"155738114";"A01";"3";"7";"7";"2";"1";"1";"1";""
"202400024794";"155738115";"B01";"3";"10";"0";"2";"6";"23";"1";""
"202400024795";"155738112";"A01";"1";"1";"0";"2";"2";"0";"5";""
"202400024795";"155738113";"B01";"2";"1";"0";"2";"1";"15";"5";""
"202400024796";"155738110";"B01";"3";"33";"0";"2";"7";"1";"1";""
"202400024796";"155738111";"A01";"1";"7";"0";"2";"1";"26";"1";""
"202400024797";"155738108";"A01";"1";"50";"1";"0";"1";"13";"3";""
"202400024797";"155738109";"B01";"1";"10";"0";"2";"6";"23";"1";""
"202400024798";"155738106";"A01";"3";"7";"0";"9";"2";"15";"1";""
"202400024798";"155738107";"B01";"3";"1";"0";"2";"1";"1";"5";""
"202400024799";"155738105";"A01";"3";"7";"0";"1";"2";"26";"1";""
"202400024800";"155738104";"A01";"3";"33";"1";"0";"1";"13";"1";""
"202400024801";"155738102";"B01";"2";"7";"0";"2";"1";"9";"2";""
"202400024801";"155738103";"A01";"1";"33";"0";"2";"0";"0";"1";""
"202400024802";"155738100";"A01";"2";"7";"0";"2";"8";"1";"1";""
"202400024802";"155738101";"B01";"2";"7";"0";"0";"7";"12";"1";""
"202400024803";"155738099";"A01";"3";"7";"0";"1";"8";"15";"1";""
"202400024804";"155738096";"B01";"2";"99";"0";"2";"8";"1";"1";""
"202400024804";"155738097";"Z01";"1";"7";"0";"2";"3";"0";"1";""
"202400024805";"155738094";"Z01";"2";"7";"0";"2";"8";"13";"0";""
"202400024805";"155738095";"B01";"2";"33";"0";"2";"1";"2";"1";""
"202400024806";"155738093";"A01";"1";"7";"0";"1";"1";"1";"1";""
"202400024807";"155738091";"A01";"1";"7";"8";"2";"1";"1";"1";""
"202400024807";"155738092";"B01";"1";"7";"0";"2";"6";"1";"2";""
"202400024808";"155738089";"B01";"1";"33";"0";"2";"1";"0";"1";""
"202400024808";"155738090";"A01";"1";"7";"0";"2";"1";"15";"1";""
"202400024809";"155738088";"A01";"0";"7";"9";"0";"1";"1";"1";""
"202400024810";"155738087";"A01";"1";"7";"6";"0";"2";"14";"1";""
"202400024811";"155738086";"A01";"2";"34";"0";"1";"1";"1";"1";""
"202400024812";"155738085";"A01";"3";"7";"0";"1";"2";"1";"3";""
"202400024813";"155738084";"A01";"3";"7";"0";"1";"4";"4";"1";""
"202400024814";"155738083";"A01";"3";"50";"0";"1";"7";"25";"3";""
"202400024815";"155738081";"A01";"1";"3";"1";"0";"2";"15";"1";""
"202400024815";"155738082";"B01";"1";"7";"0";"9";"6";"24";"1";""
"202400024816";"155738079";"B01";"2";"32";"0";"2";"4";"15";"1";""
"202400024816";"155738080";"A01";"2";"7";"0";"2";"1";"1";"1";""
"202400024817";"155738077";"B01";"2";"30";"0";"2";"7";"2";"1";""
"202400024817";"155738078";"A01";"2";"7";"0";"0";"0";"0";"1";""
"202400024818";"155738076";"A01";"1";"7";"0";"1";"8";"15";"1";""
"202400024819";"155738074";"A01";"1";"7";"13";"0";"1";"13";"1";""
"202400024820";"155738073";"A01";"1";"14";"0";"2";"7";"12";"1";""
"202400024820";"155738075";"B01";"1";"7";"0";"2";"8";"1";"1";""
"202400024821";"155738072";"A01";"3";"36";"0";"5";"0";"1";"1";""
"202400024822";"155738070";"A01";"1";"7";"0";"2";"1";"2";"1";""
"202400024822";"155738071";"B01";"1";"7";"0";"2";"4";"2";"1";""
"202400024823";"155738069";"A01";"1";"7";"10";"0";"8";"1";"1";""
"202400024824";"155738067";"A01";"2";"1";"1";"2";"1";"5";"5";""
"202400024825";"155738066";"B01";"0";"1";"0";"2";"1";"26";"5";""
"202400024825";"155738068";"A01";"3";"7";"6";"2";"4";"26";"1";""
"202400024826";"155738065";"A01";"3";"80";"8";"0";"1";"26";"3";""
"202400024827";"155738064";"A01";"1";"7";"0";"1";"1";"1";"1";""
"202400024828";"155738063";"A01";"1";"7";"0";"1";"1";"1";"1";""
"202400024829";"155738062";"A01";"1";"7";"17";"0";"1";"26";"1";""
"202400024830";"155738058";"A01";"3";"33";"0";"2";"9";"17";"1";""
"202400024830";"155738060";"C01";"2";"13";"0";"2";"8";"1";"0";""
"202400024830";"155738061";"B01";"3";"43";"0";"0";"4";"3";"1";""
"202400024831";"155738057";"A01";"2";"7";"0";"2";"1";"5";"1";""
"202400024831";"155738059";"B01";"1";"7";"0";"2";"1";"1";"1";""
"202400024832";"155738056";"A01";"1";"7";"0";"1";"1";"1";"2";""
"202400024833";"155738053";"B01";"1";"7";"0";"2";"1";"1";"1";""
"202400024833";"155738054";"A01";"1";"7";"0";"2";"4";"15";"2";""
"202400024834";"155738051";"A01";"2";"33";"0";"2";"2";"26";"1";""
"202400024834";"155738052";"B01";"2";"7";"0";"2";"3";"1";"1";""
"202400024835";"155738048";"A01";"2";"7";"0";"2";"2";"17";"2";""
"202400024835";"155738049";"B01";"2";"1";"0";"0";"8";"1";"5";""
"202400024836";"155738047";"A01";"1";"7";"0";"2";"4";"2";"1";""
"202400024836";"155738050";"B01";"1";"7";"0";"2";"1";"1";"1";""
"202400024837";"155738045";"A01";"1";"7";"0";"2";"3";"10";"1";""
"202400024837";"155738046";"B01";"1";"32";"0";"2";"2";"1";"3";""
"202400024838";"155738043";"A01";"1";"10";"0";"2";"6";"23";"1";""
"202400024838";"155738044";"B01";"1";"32";"1";"2";"1";"2";"1";""
"202400024839";"155738042";"A01";"1";"7";"0";"1";"1";"1";"2";""
"202400024840";"155738040";"A01";"1";"7";"0";"2";"8";"1";"1";""
"202400024840";"155738041";"B01";"1";"7";"0";"2";"8";"1";"1";""
"202400024841";"155738038";"A01";"1";"33";"0";"0";"7";"1";"1";""
"202400024842";"155738037";"Z01";"1";"10";"0";"2";"1";"1";"1";""
"202400024842";"155738039";"A01";"1";"7";"0";"2";"6";"1";"1";""
"202400024843";"155738036";"A01";"1";"7";"0";"0";"1";"2";"1";""
"202400024844";"155738035";"A01";"1";"10";"1";"0";"2";"1";"1";""
"202400024845";"155738032";"A01";"1";"7";"0";"2";"4";"2";"1";""
"202400024845";"155738034";"B01";"1";"33";"0";"2";"1";"2";"1";""
"202400024846";"155738031";"Z01";"1";"7";"0";"9";"1";"1";"0";""
"202400024846";"155738033";"A01";"1";"1";"0";"2";"4";"1";"5";""
"202400024847";"155738028";"B01";"1";"33";"0";"2";"2";"1";"1";""
"202400024847";"155738030";"A01";"1";"7";"0";"2";"5";"13";"1";""
"202400024848";"155738027";"B01";"2";"32";"0";"2";"4";"2";"3";""
"202400024848";"155738029";"A01";"2";"7";"0";"2";"4";"26";"2";""
"202400024849";"155738024";"A01";"2";"33";"0";"2";"1";"11";"1";""
"202400024849";"155738025";"B01";"2";"7";"0";"2";"6";"11";"1";""
"202400024850";"155738023";"A01";"3";"7";"0";"2";"3";"1";"2";""
"202400024850";"155738026";"B01";"3";"80";"0";"2";"2";"26";"5";""
"202400024851";"155738021";"A01";"3";"32";"0";"1";"8";"1";"0";""
"202400024852";"155738019";"A01";"1";"7";"0";"2";"1";"3";"1";""
"202400024852";"155738020";"C01";"1";"7";"0";"2";"8";"2";"1";""
"202400024852";"155738022";"B01";"1";"7";"0";"2";"8";"0";"2";""
"202400024853";"155738017";"A01";"2";"10";"0";"2";"8";"15";"1";""
"202400024853";"155738018";"B01";"2";"33";"0";"2";"1";"1";"1";""
"202400024854";"155738015";"A01";"2";"7";"0";"2";"1";"1";"1";""
"202400024854";"155738016";"B01";"2";"7";"0";"2";"4";"23";"1";""
"202400024855";"155738013";"A01";"3";"80";"16";"2";"3";"11";"3";""
"202400024855";"155738014";"B01";"3";"7";"16";"0";"2";"1";"2";""
"202400024856";"155738011";"A01";"2";"7";"0";"2";"1";"1";"1";""
"202400024856";"155738012";"B01";"2";"7";"0";"2";"4";"1";"1";""
"202400024857";"155738010";"A01";"2";"50";"0";"0";"0";"1";"3";""
"202400024858";"155738007";"A01";"1";"7";"1";"0";"2";"14";"1";""
"202400024859";"155738008";"B01";"2";"7";"0";"2";"4";"1";"1";""
"202400024859";"155738009";"A01";"2";"7";"0";"2";"1";"1";"1";""
"202400024860";"155738002";"A01";"2";"7";"0";"2";"6";"11";"1";""
"202400024860";"155738004";"B01";"2";"7";"0";"2";"2";"1";"0";""
"202400024861";"155738001";"D01";"1";"10";"0";"2";"5";"4";"1";""
"202400024861";"155738003";"A01";"1";"34";"0";"2";"1";"1";"1";""
"202400024861";"155738005";"B01";"1";"33";"0";"2";"4";"23";"1";""
"202400024861";"155738006";"C01";"1";"7";"0";"0";"3";"24";"1";""
"202400024862";"155737997";"A01";"3";"7";"0";"2";"2";"1";"0";""
"202400024862";"155738000";"B01";"1";"50";"0";"2";"1";"1";"3";""
"202400024863";"155737996";"A01";"1";"33";"0";"2";"1";"3";"0";""
"202400024863";"155737998";"B01";"1";"7";"0";"2";"5";"1";"1";""
"202400024863";"155737999";"C01";"1";"10";"0";"2";"3";"1";"1";""
"202400024864";"155737994";"B01";"1";"32";"12";"2";"6";"2";"1";""
"202400024864";"155737995";"A01";"1";"7";"12";"2";"0";"0";"0";""
"202400024865";"155737992";"A01";"1";"7";"0";"2";"1";"1";"1";""
"202400024865";"155737993";"B01";"1";"10";"0";"2";"4";"1";"1";""
"202400024866";"155737990";"A01";"3";"7";"0";"2";"0";"0";"1";""
"202400024866";"155737991";"B01";"3";"7";"0";"2";"0";"0";"2";""
"202400024867";"155737988";"A01";"2";"33";"0";"2";"8";"3";"1";""
"202400024867";"155737989";"B01";"2";"7";"0";"2";"2";"9";"1";""
"202400024868";"155737987";"A01";"1";"7";"0";"1";"2";"1";"0";""
"202400024869";"155737985";"A01";"1";"7";"0";"2";"6";"11";"1";""
"202400024869";"155737986";"B01";"1";"33";"0";"2";"2";"1";"1";""
"202400024870";"155737983";"A01";"1";"7";"0";"9";"8";"22";"1";""
"202400024870";"155737984";"B01";"1";"80";"1";"0";"1";"1";"3";""
"202400024871";"155737982";"A01";"2";"7";"2";"0";"1";"0";"1";""
"202400024872";"155737979";"A01";"2";"7";"0";"2";"4";"1";"1";""
"202400024872";"155737981";"B01";"2";"50";"0";"2";"1";"1";"3";""
"202400024873";"155737978";"A01";"2";"7";"0";"2";"2";"2";"1";""
"202400024873";"155737980";"B01";"2";"7";"0";"2";"6";"2";"1";""
"202400024874";"155737975";"B01";"2";"33";"0";"2";"1";"3";"1";""
"202400024874";"155737976";"A01";"2";"10";"0";"2";"5";"12";"1";""
"202400024875";"155737974";"A01";"1";"7";"0";"2";"2";"0";"1";""
"202400024875";"155737977";"B01";"2";"1";"0";"2";"1";"1";"5";""
"202400024876";"155737972";"A01";"1";"7";"1";"0";"3";"2";"1";""
"202400024877";"155737971";"A01";"2";"10";"0";"2";"1";"2";"1";""
"202400024877";"155737973";"B01";"2";"7";"0";"2";"4";"2";"1";""
"202400024878";"155737968";"A01";"1";"32";"0";"2";"2";"1";"1";""
"202400024878";"155737970";"B01";"1";"1";"0";"2";"3";"15";"5";""
"202400024879";"155737967";"A01";"2";"7";"0";"2";"3";"10";"3";""
"202400024879";"155737969";"B01";"2";"7";"0";"2";"1";"1";"1";""
"202400024880";"155737965";"A01";"2";"7";"0";"1";"2";"1";"1";""
"202400024881";"155737964";"A01";"3";"50";"0";"2";"6";"1";"3";""
"202400024881";"155737966";"B01";"3";"37";"0";"2";"6";"1";"1";"1"
"202400024882";"155737962";"A01";"1";"7";"1";"0";"2";"13";"1";""
"202400024883";"155737961";"B01";"3";"2";"0";"2";"8";"1";"1";""
"202400024883";"155737963";"Y01";"3";"2";"0";"2";"0";"0";"0";""
"202400024884";"155737958";"A01";"1";"33";"4";"2";"1";"3";"1";""
"202400024884";"155737960";"B01";"1";"7";"0";"0";"0";"1";"1";""
"202400024885";"155737957";"A01";"1";"7";"0";"2";"3";"17";"1";""
"202400024885";"155737959";"B01";"2";"7";"0";"2";"3";"26";"1";""
"202400024886";"155737954";"A01";"2";"7";"0";"2";"3";"9";"1";""
"202400024886";"155737955";"B01";"1";"2";"0";"2";"7";"1";"1";""
"202400024887";"155737950";"A01";"1";"31";"0";"2";"0";"13";"1";""
"202400024887";"155737952";"B01";"1";"7";"0";"2";"0";"15";"1";""
"202400024888";"155737949";"A01";"1";"10";"0";"0";"0";"0";"1";""
"202400024888";"155737951";"B01";"1";"33";"0";"2";"3";"1";"1";""
"202400024889";"155737946";"A01";"1";"7";"14";"0";"2";"2";"1";""
"202400024889";"155737947";"B01";"1";"32";"1";"0";"4";"23";"1";""
"202400024890";"155737945";"A01";"1";"32";"0";"1";"1";"17";"1";""
"202400024891";"155737944";"A01";"1";"1";"0";"2";"1";"15";"5";""
"202400024891";"155737948";"B01";"1";"7";"0";"2";"2";"2";"1";""
"202400024892";"155737942";"A01";"2";"7";"0";"2";"8";"1";"1";""
"202400024892";"155737943";"B01";"3";"60";"0";"2";"7";"1";"5";""
"202400024893";"155737939";"A01";"1";"33";"0";"2";"8";"1";"1";""
"202400024893";"155737940";"B01";"2";"15";"0";"2";"1";"15";"1";""
"202400024894";"155737938";"A01";"3";"2";"0";"0";"0";"15";"1";""
"202400024895";"155737941";"A01";"1";"7";"0";"1";"2";"1";"3";""
"202400024896";"155737935";"A01";"2";"1";"0";"2";"1";"1";"5";""
"202400024896";"155737937";"B01";"1";"7";"0";"2";"3";"16";"1";""
"202400024897";"155737933";"A01";"1";"10";"0";"2";"4";"1";"1";""
"202400024897";"155737934";"B01";"1";"7";"0";"0";"0";"0";"1";""
"202400024897";"155737936";"C01";"1";"7";"0";"0";"1";"1";"1";""
"202400024898";"155737930";"A01";"3";"30";"0";"2";"1";"13";"1";""
"202400024898";"155737932";"B01";"3";"7";"0";"2";"1";"1";"1";""
"202400024899";"155737929";"B01";"1";"7";"0";"2";"3";"26";"1";""
"202400024899";"155737931";"A01";"1";"10";"0";"2";"1";"15";"1";""
"202400024900";"155737928";"A01";"3";"33";"8";"0";"1";"0";"1";""
"202400024901";"155737926";"C01";"1";"7";"0";"2";"2";"0";"1";""
"202400024901";"155737927";"A01";"1";"7";"1";"0";"8";"15";"1";""
"202400024902";"155737924";"A01";"2";"7";"0";"2";"1";"13";"1";""
"202400024902";"155737925";"B01";"1";"7";"0";"2";"1";"1";"2";""
"202400024903";"155737922";"B01";"2";"30";"0";"2";"1";"16";"1";""
"202400024903";"155737923";"A01";"2";"7";"0";"2";"3";"16";"1";""
"202400024904";"155737919";"A01";"2";"2";"0";"2";"1";"2";"1";""
"202400024904";"155737920";"B01";"2";"7";"0";"2";"5";"2";"1";""
"202400024905";"155737917";"A01";"1";"7";"0";"2";"1";"1";"1";""
"202400024905";"155737918";"B01";"3";"7";"0";"0";"7";"19";"1";""
"202400024906";"155737915";"A01";"1";"31";"0";"2";"1";"17";"3";""
"202400024906";"155737916";"B01";"1";"7";"0";"2";"3";"15";"1";""
"202400024907";"155737911";"A01";"1";"7";"0";"2";"8";"15";"1";""
"202400024907";"155737912";"B01";"1";"33";"0";"2";"8";"1";"1";""
"202400024908";"155737913";"B01";"2";"10";"0";"2";"1";"2";"1";""
"202400024908";"155737914";"A01";"2";"15";"0";"0";"4";"2";"1";""
"202400024909";"155737909";"A01";"2";"7";"0";"2";"1";"2";"1";""
"202400024909";"155737910";"B01";"2";"7";"0";"2";"5";"2";"1";""
"202400024910";"155737906";"B01";"3";"7";"0";"2";"3";"26";"3";""
"202400024910";"155737907";"A01";"1";"7";"0";"2";"2";"26";"1";""
"202400024911";"155737904";"A01";"1";"38";"0";"2";"2";"2";"1";"2"
"202400024911";"155737905";"B01";"1";"1";"0";"0";"4";"2";"5";""
"202400024912";"155737902";"B01";"1";"34";"0";"2";"3";"1";"1";""
"202400024912";"155737903";"A01";"1";"7";"0";"2";"3";"15";"1";""
"202400024913";"155737901";"B01";"1";"38";"0";"2";"1";"1";"1";"13"
"202400024913";"155737908";"A01";"1";"7";"0";"2";"8";"19";"1";""
"202400024914";"155737900";"A01";"3";"7";"0";"1";"1";"5";"1";""
"202400024915";"155737898";"A01";"1";"7";"0";"1";"3";"2";"2";""
"202400024916";"155737897";"A01";"2";"7";"0";"2";"8";"9";"1";""
"202400024916";"155737899";"B01";"2";"7";"0";"2";"1";"1";"1";""
"202400024917";"155737895";"A01";"3";"2";"0";"0";"9";"1";"1";""
"202400024918";"155737894";"A01";"1";"7";"0";"9";"2";"17";"1";""
"202400024918";"155737896";"B01";"1";"50";"0";"2";"1";"15";"3";""
"202400024919";"155737892";"A01";"3";"2";"0";"0";"1";"1";"1";""
"202400024920";"155737890";"A01";"1";"21";"0";"1";"1";"1";"1";""
"202400024921";"155737884";"B01";"3";"50";"0";"2";"7";"1";"3";""
"202400024921";"155737886";"A01";"3";"7";"0";"2";"1";"16";"1";""
"202400024922";"155737885";"A01";"1";"33";"0";"2";"7";"17";"1";""
"202400024922";"155737887";"B01";"1";"7";"0";"2";"3";"15";"1";""
"202400024923";"155737883";"A01";"1";"7";"0";"1";"1";"26";"1";""
"202400024924";"155737882";"A01";"3";"7";"0";"1";"5";"4";"1";""
"202400024925";"155737880";"B01";"1";"37";"0";"2";"3";"1";"1";"6"
"202400024925";"155737881";"A01";"1";"10";"0";"2";"5";"16";"1";""
"202400024926";"155737877";"A01";"2";"7";"0";"1";"1";"16";"1";""
"202400024927";"155737878";"A01";"3";"7";"0";"2";"1";"1";"1";""
"202400024927";"155737879";"B01";"3";"33";"0";"0";"1";"1";"1";""
"202400024928";"155737876";"A01";"0";"7";"0";"1";"1";"1";"1";""
"202400024929";"155737874";"A01";"1";"7";"0";"2";"2";"0";"1";""
"202400024930";"155737872";"A01";"3";"7";"0";"1";"1";"17";"1";""
"202400024931";"155737870";"B01";"0";"7";"0";"2";"5";"1";"1";""
"202400024931";"155737871";"A01";"0";"30";"0";"2";"1";"1";"1";""
"202400024932";"155737873";"B01";"3";"39";"0";"4";"1";"19";"6";""
"202400024932";"155737875";"A01";"1";"7";"0";"4";"8";"1";"2";""
"202400024933";"155737868";"A01";"2";"7";"0";"2";"1";"2";"1";""
"202400024933";"155737869";"B01";"2";"7";"0";"2";"4";"2";"1";""
"202400024934";"155737864";"A01";"2";"7";"0";"2";"3";"16";"1";""
"202400024934";"155737866";"B01";"2";"7";"0";"2";"8";"15";"1";""
"202400024935";"155737862";"A01";"1";"7";"0";"2";"1";"1";"1";""
"202400024935";"155737863";"B01";"2";"7";"0";"2";"8";"1";"1";""
"202400024936";"155737865";"A01";"2";"33";"0";"2";"1";"1";"1";""
"202400024936";"155737867";"B01";"1";"7";"0";"2";"2";"15";"1";""
"202400024937";"155737861";"A01";"2";"7";"0";"1";"1";"15";"1";""
"202400024938";"155737858";"A01";"2";"33";"0";"2";"1";"1";"1";""
"202400024938";"155737860";"B01";"1";"7";"0";"2";"2";"15";"1";""
"202400024939";"155737859";"A01";"1";"7";"2";"0";"2";"0";"1";""
"202400024940";"155737857";"A01";"0";"7";"0";"1";"7";"0";"1";""
"202400024941";"155737853";"A01";"1";"7";"0";"2";"1";"2";"1";""
"202400024941";"155737855";"B01";"1";"7";"15";"2";"4";"2";"1";""
"202400024942";"155737854";"B01";"2";"7";"0";"2";"1";"1";"1";""
"202400024942";"155737856";"A01";"1";"7";"0";"2";"1";"13";"1";""
"202400024943";"155737852";"A01";"1";"10";"15";"0";"1";"14";"1";""
"202400024944";"155737849";"A01";"2";"7";"0";"2";"3";"13";"1";""
"202400024944";"155737851";"B01";"1";"7";"0";"2";"1";"1";"1";""
"202400024945";"155737848";"B01";"0";"1";"0";"2";"7";"1";"5";""
"202400024945";"155737850";"A01";"0";"7";"0";"2";"1";"16";"1";""
"202400024946";"155737847";"A01";"3";"10";"2";"0";"1";"13";"1";""
"202400024947";"155737844";"A01";"1";"32";"0";"2";"1";"18";"1";""
"202400024947";"155737845";"B01";"1";"10";"0";"2";"5";"15";"1";""
"202400024948";"155737842";"A01";"1";"7";"15";"0";"8";"13";"1";""
"202400024949";"155737840";"A01";"3";"7";"0";"2";"1";"6";"1";""
"202400024949";"155737841";"B01";"3";"7";"0";"2";"7";"1";"1";""
"202400024950";"155737837";"B01";"3";"50";"0";"0";"0";"16";"3";""
"202400024950";"155737839";"A01";"2";"0";"12";"0";"0";"1";"0";""
"202400024951";"155737838";"A01";"1";"33";"0";"0";"7";"14";"1";""
"202400024952";"155737835";"A01";"0";"7";"0";"2";"1";"1";"1";""
"202400024952";"155737836";"B01";"0";"7";"0";"2";"7";"1";"1";""
"202400024953";"155737832";"A01";"3";"13";"0";"1";"3";"1";"0";""
"202400024954";"155737833";"A01";"2";"7";"0";"2";"7";"17";"1";""
"202400024954";"155737834";"B01";"2";"1";"0";"2";"8";"11";"5";""
"202400024955";"155737830";"A01";"1";"7";"13";"0";"1";"0";"1";""
"202400024956";"155737828";"A01";"1";"7";"0";"2";"1";"2";"1";""
"202400024956";"155737829";"B01";"1";"7";"0";"2";"9";"1";"1";""
"202400024956";"155737831";"C01";"1";"7";"0";"2";"9";"1";"1";""
"202400024957";"155737824";"A01";"2";"50";"0";"0";"0";"1";"3";""
"202400024958";"155737825";"A01";"1";"33";"13";"0";"8";"21";"1";""
"202400024958";"155737827";"B01";"2";"7";"0";"0";"0";"13";" -1";""