"Num_Acc";"id_vehicule";"num_veh";"senc";"catv";"obs";"obsm";"choc";"manv";"motor";"occutc"
"202400024959";"155737823";"A01";"1";"7";"0";"2";"3";"1";"1";""
"202400024959";"155737826";"B01";"2";"7";"0";"2";"2";"1";"1";""
"202400024960";"155737822";"A01";"1";"33";"13";"0";"2";"1";"1";""
"202400024961";"155737820";"A01";"3";"7";"0";"2";"1";"1";"3";""
"202400024962";"155737819";"A01";"1";"7";"0";"2";"3";"15";"1";""
"202400024962";"155737821";"B01";"1";"2";"0";"2";"1";"1";"1";""
"202400024963";"155737816";"B01";"1";"2";"0";"2";"1";"15";"1";""
"202400024963";"155737818";"A01";"2";"7";"0";"2";"2";"1";"1";""
"202400024964";"155737815";"A01";"1";"33";"11";"0";"1";"17";"1";""
"202400024965";"155737814";"A01";"3";"7";"0";"2";"1";"16";"1";""
"202400024965";"155737817";"B01";"3";"7";"0";"2";"8";"1";"1";""
"202400024966";"155737811";"B01";"1";"7";"0";"9";"2";"1";"1";""
"202400024966";"155737813";"A01";"3";"1";"0";"2";"1";"5";"5";""
"202400024967";"155737810";"B01";"3";"7";"0";"2";"4";"1";"1";""
"202400024967";"155737812";"A01";"3";"7";"0";"2";"1";"2";"1";""
"202400024968";"155737809";"A01";"3";"50";"0";"0";"0";"0";"3";""
"202400024969";"155737806";"Z01";"0";"0";"0";"1";"0";"26";"0";""
"202400024970";"155737805";"A01";"2";"7";"0";"2";"1";"2";"1";""
"202400024970";"155737807";"B01";"2";"7";"0";"0";"4";"2";"1";""
"202400024971";"155737804";"A01";"2";"10";"0";"1";"3";"1";"1";""
"202400024972";"155737803";"A01";"2";"10";"0";"1";"2";"1";"1";""
"202400024973";"155737800";"B01";"0";"1";"0";"0";"5";"1";"5";""
"202400024973";"155737802";"A01";"3";"7";"0";"2";"3";"9";"1";""
"202400024974";"155737801";"A01";"2";"7";"0";"0";"9";"0";"1";""
"202400024975";"155737798";"B01";"3";"7";"1";"2";"1";"1";"1";""
"202400024975";"155737799";"A01";"3";"30";"1";"2";"1";"17";"1";""
"202400024976";"155737797";"A01";"1";"7";"0";"1";"1";"1";"1";""
"202400024977";"155737796";"A01";"1";"7";"2";"0";"1";"1";"1";""
"202400024978";"155737795";"A01";"2";"33";"0";"1";"0";"21";"1";""
"202400024979";"155737794";"A01";"1";"7";"0";"2";"2";"1";"0";""
"202400024980";"155737792";"A01";"3";"7";"0";"1";"1";"4";"1";""
"202400024981";"155737791";"B01";"1";"43";"0";"2";"0";"0";"1";""
"202400024981";"155737793";"A01";"1";"7";"0";"2";"0";"1";"1";""
"202400024982";"155737789";"B01";"2";"80";"0";"2";"8";"1";"3";""
"202400024982";"155737790";"A01";"2";"7";"0";"2";"1";"9";"2";""
"202400024983";"155737786";"A01";"2";"1";"0";"2";"8";"16";"5";""
"202400024983";"155737788";"B01";"2";"17";"0";"2";"7";"16";"1";""
"202400024984";"155737784";"A01";"1";"33";"0";"0";"8";"1";"1";""
"202400024984";"155737787";"B01";"2";"7";"0";"2";"3";"1";"1";""
"202400024985";"155737783";"B01";"1";"10";"0";"2";"3";"13";"1";""
"202400024985";"155737785";"A01";"1";"2";"0";"2";"7";"17";"1";""
"202400024986";"155737781";"A01";"3";"7";"0";"2";"1";"2";"1";""
"202400024986";"155737782";"B01";"3";"33";"0";"2";"4";"1";"1";""
"202400024987";"155737780";"A01";"1";"2";"0";"0";"0";"1";"1";""
"202400024988";"155737779";"A01";"3";"7";"0";"1";"7";"26";"1";""
"202400024989";"155737777";"A01";"1";"7";"12";"0";"7";"15";"1";""
"202400024990";"155737775";"A01";"3";"33";"9";"0";"1";"1";"1";""
"202400024991";"155737776";"A01";"1";"7";"0";"2";"3";"1";"1";""
"202400024991";"155737778";"B01";"2";"33";"0";"2";"8";"1";"1";""
"202400024992";"155737774";"A01";"2";"7";"0";"1";"1";"17";"2";""
"202400024993";"155737772";"A01";"1";"7";"2";"0";"1";"0";"1";""
"202400024994";"155737769";"B01";"0";"33";"0";"2";"1";"0";"1";""
"202400024994";"155737771";"A01";"3";"30";"0";"2";"4";"10";"1";""
"202400024995";"155737768";"B01";"1";"10";"0";"2";"3";"1";"1";""
"202400024995";"155737770";"C01";"1";"32";"0";"2";"9";"3";"1";""
"202400024995";"155737773";"A01";"1";"7";"0";"2";"3";"1";"1";""
"202400024996";"155737765";"A01";"1";"7";"0";"2";"1";"2";"1";""
"202400024996";"155737766";"B01";"1";"7";"0";"2";"4";"2";"1";""
"202400024997";"155737763";"B01";"3";"7";"0";"2";"1";"13";"1";""
"202400024997";"155737767";"A01";"3";"7";"0";"2";"1";"0";"1";""
"202400024998";"155737760";"A01";"2";"37";"0";"2";"3";"7";"1";"5"
"202400024998";"155737764";"B01";"2";"7";"0";"2";"7";"0";"0";""
"202400024999";"155737759";"B01";"1";"7";"0";"2";"4";"23";"1";""
"202400024999";"155737762";"A01";"1";"10";"0";"2";"1";"2";"1";""
"202400025000";"155737758";"B01";"2";"7";"0";"2";"5";"15";"1";""
"202400025000";"155737761";"A01";"2";"2";"0";"2";"1";"2";"1";""
"202400025001";"155737757";"A01";"3";"31";"0";"1";"1";"19";"0";""
"202400025002";"155737754";"B01";"1";"50";"0";"2";"1";"1";"3";""
"202400025002";"155737756";"A01";"2";"7";"0";"2";"1";"15";"1";""
"202400025003";"155737753";"A01";"2";"10";"1";"2";"1";"17";"1";""
"202400025003";"155737755";"B01";"2";"17";"0";"0";"6";"1";"1";""
"202400025004";"155737751";"A01";"3";"7";"1";"0";"1";"13";"1";""
"202400025005";"155737750";"A01";"1";"1";"0";"2";"1";"1";"5";""
"202400025005";"155737752";"B01";"1";"7";"0";"2";"3";"1";"3";""
"202400025006";"155737748";"A01";"1";"7";"1";"1";"2";"1";"1";""
"202400025007";"155737747";"A01";"3";"7";"0";"2";"5";"1";"1";""
"202400025007";"155737749";"B01";"1";"33";"0";"2";"1";"1";"1";""
"202400025008";"155737744";"A01";"2";"30";"0";"2";"7";"17";"1";""
"202400025008";"155737746";"B01";"2";"7";"0";"2";"6";"15";"1";""
"202400025009";"155737742";"A01";"1";"7";"0";"2";"6";"11";"1";""
"202400025009";"155737745";"B01";"1";"33";"0";"2";"2";"17";"1";""
"202400025010";"155737741";"A01";"1";"99";"0";"2";"0";"0";"1";""
"202400025010";"155737743";"B01";"1";"33";"0";"2";"4";"2";"1";""
"202400025011";"155737736";"A01";"1";"7";"0";"2";"1";"1";"1";""
"202400025011";"155737740";"B01";"1";"15";"0";"0";"6";"1";"1";""
"202400025012";"155737738";"B01";"2";"7";"0";"2";"1";"12";"2";""
"202400025012";"155737739";"A01";"2";"33";"0";"2";"8";"7";"1";""
"202400025013";"155737737";"A01";"2";"7";"0";"1";"1";"1";"1";""
"202400025014";"155737733";"A01";"1";"14";"0";"2";"7";"15";"1";""
"202400025014";"155737735";"B01";"2";"2";"0";"2";"1";"1";"1";""
"202400025015";"155737732";"B01";"1";"31";"0";"2";"7";"17";"1";""
"202400025015";"155737734";"A01";"2";"7";"0";"2";"3";"13";"1";""
"202400025016";"155737730";"A01";"1";"2";"0";"2";"8";"2";"1";""
"202400025016";"155737731";"B01";"1";"10";"0";"2";"5";"1";"1";""
"202400025017";"155737727";"A01";"1";"7";"0";"2";"2";"12";"1";""
"202400025017";"155737728";"B01";"1";"32";"0";"2";"6";"1";"1";""
"202400025018";"155737726";"A01";"1";"20";"0";"2";"6";"16";"6";""
"202400025018";"155737729";"Z01";"1";"7";"0";"2";"2";"2";"1";""
"202400025019";"155737723";"A01";"1";"7";"0";"2";"2";"16";"1";""
"202400025019";"155737725";"B01";"1";"1";"0";"2";"8";"2";"5";""
"202400025020";"155737722";"A01";"1";"7";"0";"2";"6";"9";"1";""
"202400025020";"155737724";"B01";"1";"10";"0";"2";"2";"1";"1";""
"202400025021";"155737720";"A01";"1";"7";"0";"2";"3";"15";"1";""
"202400025021";"155737721";"B01";"2";"32";"0";"2";"0";"0";"1";""
"202400025022";"155737718";"A01";"2";"7";"8";"0";"1";"0";"1";""
"202400025023";"155737717";"A01";"3";"30";"0";"2";"1";"5";"0";""
"202400025023";"155737719";"B01";"3";"10";"0";"2";"1";"16";"0";""
"202400025024";"155737714";"A01";"2";"7";"0";"2";"4";"1";"0";""
"202400025024";"155737715";"B01";"2";"7";"0";"2";"1";"2";"2";""
"202400025024";"155737716";"C01";"2";"7";"0";"2";"3";"2";"0";""
"202400025025";"155737712";"A01";"3";"7";"6";"0";"1";"20";"1";""
"202400025026";"155737711";"A01";"2";"7";"3";"2";"1";"1";"1";""
"202400025026";"155737713";"B01";"1";"7";"3";"2";"1";"5";"1";""
"202400025027";"155737709";"A01";"2";"7";"0";"1";"7";"1";"1";""
"202400025028";"155737706";"A01";"1";"7";"0";"0";"5";"21";"1";""
"202400025028";"155737707";"B01";"1";"30";"0";"2";"3";"2";"1";""
"202400025029";"155737705";"A01";"3";"7";"0";"2";"1";"1";"1";""
"202400025029";"155737708";"B01";"3";"7";"0";"2";"4";"1";"1";""
"202400025030";"155737703";"A01";"1";"7";"0";"1";"2";"0";"1";""
"202400025031";"155737702";"B01";"2";"7";"14";"2";"1";"13";"1";""
"202400025031";"155737704";"A01";"1";"7";"13";"2";"3";"9";"0";""
"202400025032";"155737701";"A01";"3";"10";"0";"1";"0";"0";"0";""
"202400025033";"155737699";"A01";"2";"3";"13";"0";"2";"13";"1";""
"202400025034";"155737698";"A01";"3";"2";"0";"2";"8";"26";"1";""
"202400025034";"155737700";"B01";"3";"21";"0";"2";"8";"26";"1";""
"202400025035";"155737696";"A01";"3";"7";"0";"2";"4";"23";"1";""
"202400025035";"155737697";"B01";"3";"7";"0";"2";"1";"1";"1";""
"202400025036";"155737693";"B01";"2";"33";"0";"0";"2";"15";"1";""
"202400025036";"155737695";"A01";"1";"34";"0";"0";"1";"15";"1";""
"202400025037";"155737691";"A01";"1";"7";"4";"0";"3";"17";"1";""
"202400025038";"155737692";"B01";"3";"1";"0";"2";"0";"0";"5";""
"202400025038";"155737694";"A01";"3";"7";"0";"2";"0";"15";"1";""
"202400025039";"155737690";"A01";"1";"33";"0";"1";"1";"13";"1";""
"202400025040";"155737685";"A01";"3";"7";"0";"2";"1";"2";"1";""
"202400025040";"155737686";"B01";"1";"7";"0";"2";"4";"2";"1";""
"202400025041";"155737683";"A01";"3";"7";"0";"2";"3";"9";"1";""
"202400025041";"155737684";"B01";"3";"33";"0";"2";"7";"1";"1";""
"202400025042";"155737681";"B01";"1";"7";"0";"2";"2";"1";"1";""
"202400025042";"155737687";"A01";"1";"7";"0";"2";"3";"15";"1";""
"202400025043";"155737682";"A01";"1";"7";"0";"1";"3";"15";"1";""
"202400025044";"155737677";"A01";"1";"10";"2";"0";"1";"1";"1";""
"202400025045";"155737679";"B01";"2";"1";"0";"2";"0";"1";"5";""
"202400025045";"155737680";"A01";"2";"7";"0";"2";"3";"16";"1";""
"202400025046";"155737674";"B01";"1";"33";"0";"2";"7";"0";"1";""
"202400025046";"155737676";"C01";"1";"10";"0";"2";"0";"1";"2";""
"202400025046";"155737678";"A01";"1";"7";"0";"2";"1";"16";"2";""
"202400025047";"155737672";"A01";"3";"30";"0";"2";"3";"1";"1";""
"202400025047";"155737675";"B01";"3";"1";"0";"2";"8";"15";"5";""
"202400025048";"155737671";"A01";"1";"7";"0";"2";"7";"19";"1";""
"202400025048";"155737673";"B01";"0";"14";"0";"2";"3";"1";"1";""
"202400025049";"155737669";"A01";"1";"7";"0";"2";"2";"15";"2";""
"202400025049";"155737670";"B01";"1";"33";"0";"2";"2";"1";"1";""
"202400025050";"155737666";"A01";"1";"7";"0";"2";"7";"16";"1";""
"202400025050";"155737667";"B01";"1";"30";"0";"2";"1";"18";"1";""
"202400025051";"155737664";"A01";"3";"0";"0";"1";"1";"0";"0";""
"202400025052";"155737661";"A01";"3";"7";"0";"2";"4";"4";"1";""
"202400025052";"155737663";"B01";"1";"7";"0";"2";"2";"1";"3";""
"202400025053";"155737660";"A01";"3";"10";"7";"0";"1";"1";"1";""
"202400025054";"155737659";"B01";"2";"33";"0";"2";"1";"1";"1";""
"202400025054";"155737662";"A01";"1";"7";"0";"2";"5";"15";"1";""
"202400025055";"155737657";"A01";"2";"31";"1";"2";"3";"7";"1";""
"202400025055";"155737658";"B01";"2";"7";"0";"2";"2";"16";"1";""
"202400025056";"155737656";"A01";"1";"32";"16";"0";"2";"1";"1";""
"202400025057";"155737654";"A01";"2";"33";"0";"0";"0";"21";"1";""
"202400025058";"155737652";"B01";"3";"7";"0";"2";"3";"1";"0";""
"202400025058";"155737655";"A01";"3";"50";"0";"2";"1";"1";"3";""
"202400025059";"155737651";"B01";"1";"50";"0";"2";"3";"13";"3";""
"202400025059";"155737653";"A01";"1";"7";"0";"2";"2";"1";"1";""
"202400025060";"155737648";"A01";"3";"33";"0";"2";"1";"1";"1";""
"202400025060";"155737650";"B01";"3";"7";"0";"0";"4";"23";"2";""
"202400025061";"155737647";"A01";"3";"7";"13";"0";"7";"1";"1";""
"202400025062";"155737646";"Z01";"1";"2";"0";"2";"1";"2";"0";""
"202400025062";"155737649";"A01";"1";"1";"0";"2";"6";"11";"5";""
"202400025063";"155737642";"A01";"3";"7";"0";"2";"2";"1";"1";""
"202400025063";"155737644";"B01";"3";"50";"0";"2";"1";"1";"3";""
"202400025064";"155737643";"A01";"1";"7";"0";"2";"1";"1";"1";""
"202400025064";"155737645";"B01";"2";"7";"0";"2";"3";"15";"1";""
"202400025065";"155737639";"A01";"1";"7";"0";"2";"1";"13";"1";""
"202400025065";"155737640";"B01";"1";"7";"0";"2";"1";"1";"1";""
"202400025066";"155737636";"A01";"2";"7";"0";"2";"5";"15";"1";""
"202400025066";"155737638";"B01";"1";"1";"0";"2";"1";"1";"5";""
"202400025067";"155737637";"B01";"3";"1";"0";"2";"1";"13";"5";""
"202400025067";"155737641";"A01";"1";"7";"0";"2";"3";"26";"1";""
"202400025068";"155737634";"B01";"1";"33";"0";"2";"1";"1";"1";""
"202400025068";"155737635";"A01";"1";"7";"0";"2";"6";"11";"1";""
"202400025069";"155737631";"A01";"2";"50";"0";"2";"3";"1";"3";""
"202400025069";"155737633";"B01";"2";"7";"0";"0";"6";"1";"3";""
"202400025070";"155737629";"B01";"1";"7";"0";"2";"2";"16";"1";""
"202400025070";"155737632";"A01";"1";"33";"12";"2";"1";"0";"1";""
"202400025071";"155737628";"A01";"2";"33";"0";"2";"1";"1";"1";""
"202400025071";"155737630";"B01";"2";"7";"0";"2";"4";"1";"1";""
"202400025072";"155737625";"A01";"3";"7";"0";"2";"5";"16";"1";""
"202400025072";"155737627";"B01";"3";"10";"0";"2";"3";"16";"1";""
"202400025073";"155737624";"A01";"1";"7";"0";"2";"2";"10";"1";""
"202400025073";"155737626";"B01";"2";"43";"0";"2";"3";"1";"1";""
"202400025074";"155737623";"A01";"1";"99";"15";"0";"1";"26";"0";""
"202400025075";"155737621";"A01";"2";"7";"0";"2";"1";"2";"1";""
"202400025075";"155737622";"B01";"2";"7";"0";"2";"4";"1";"1";""
"202400025076";"155737617";"A01";"1";"32";"3";"0";"1";"1";"1";""
"202400025077";"155737619";"B01";"2";"1";"1";"0";"5";"1";"5";""
"202400025077";"155737620";"A01";"1";"7";"0";"2";"7";"22";"2";""
"202400025078";"155737616";"A01";"2";"7";"0";"2";"3";"19";"1";""
"202400025078";"155737618";"B01";"1";"1";"0";"2";"1";"1";"5";""
"202400025079";"155737614";"A01";"1";"33";"0";"2";"8";"1";"1";""
"202400025079";"155737615";"B01";"1";"7";"0";"2";"7";"12";"1";""
"202400025080";"155737613";"A01";"1";"33";"0";"1";"2";"1";"1";""
"202400025081";"155737609";"B01";"1";"7";"0";"0";"0";"0";"0";""
"202400025081";"155737611";"A01";"1";"7";"0";"0";"0";"0";"0";""
"202400025081";"155737612";"C01";"1";"7";"0";"0";"0";"0";"0";""
"202400025082";"155737608";"A01";"1";"13";"0";"2";"2";"12";"1";""
"202400025082";"155737610";"B01";"1";"7";"0";"2";"8";"1";"1";""
"202400025083";"155737607";"A01";"3";"1";"0";"0";"0";"26";"5";""
"202400025084";"155737605";"A01";"2";"33";"0";"2";"8";"3";"1";""
"202400025084";"155737606";"B01";"2";"7";"0";"2";"2";"1";"1";""
"202400025085";"155737601";"A01";"2";"7";"1";"2";"1";"1";"1";""
"202400025085";"155737603";"B01";"2";"99";"0";"2";"5";"24";"1";""
"202400025086";"155737602";"A01";"3";"2";"0";"2";"3";"18";"3";""
"202400025086";"155737604";"B01";"3";"7";"0";"2";"2";"16";"2";""
"202400025087";"155737600";"A01";"1";"33";"0";"0";"1";"1";"1";""
"202400025088";"155737597";"A01";"1";"7";"0";"2";"8";"0";"1";""
"202400025088";"155737598";"B01";"2";"33";"0";"2";"1";"1";"1";""
"202400025089";"155737599";"A01";"1";"30";"0";"1";"1";"1";"1";""
"202400025090";"155737594";"A01";"1";"7";"0";"2";"3";"2";"1";""
"202400025090";"155737596";"B01";"1";"1";"0";"2";"5";"19";"5";""
"202400025091";"155737593";"A01";"1";"10";"0";"2";"3";"26";"1";""
"202400025091";"155737595";"Z01";"1";"7";"0";"2";"8";"1";"2";""
"202400025092";"155737590";"B01";"2";"37";"0";"2";"2";"8";"1";"1"
"202400025092";"155737592";"A01";"2";"1";"0";"2";"2";"8";"5";""
"202400025093";"155737589";"A01";"2";"1";"0";"2";"6";"13";"5";""
"202400025093";"155737591";"B01";"2";"33";"0";"2";"1";"1";"1";""
"202400025094";"155737586";"B01";"2";"7";"0";"2";"0";"9";"1";""
"202400025094";"155737588";"A01";"2";"33";"0";"2";"0";"0";"1";""
"202400025095";"155737587";"A01";"3";"30";"0";"1";"1";"2";"3";""
"202400025096";"155737584";"A01";"2";"7";"1";"0";"1";"1";"1";""
"202400025097";"155737583";"A01";"1";"7";"0";"2";"5";"15";"1";""
"202400025097";"155737585";"B01";"2";"33";"0";"2";"3";"1";"1";""
"202400025098";"155737581";"A01";"2";"10";"0";"1";"2";"1";"1";""
"202400025099";"155737580";"Z01";"1";"7";"0";"2";"8";"13";"1";""
"202400025099";"155737582";"B01";"1";"32";"0";"2";"7";"17";"1";""
"202400025100";"155737577";"C01";"1";"7";"0";"2";"4";"23";"1";""
"202400025100";"155737578";"A01";"1";"7";"0";"2";"6";"0";"1";""
"202400025100";"155737579";"B01";"1";"7";"0";"2";"1";"26";"1";""
"202400025101";"155737576";"A01";"1";"7";"0";"1";"8";"15";"2";""
"202400025102";"155737574";"A01";"1";"7";"0";"2";"3";"13";"1";""
"202400025102";"155737575";"B01";"2";"7";"0";"2";"1";"0";"1";""
"202400025103";"155737573";"A01";"1";"7";"0";"1";"4";"20";"1";""
"202400025104";"155737572";"A01";"2";"7";"8";"0";"1";"0";"1";""
"202400025105";"155737570";"A01";"1";"7";"0";"2";"1";"15";"1";""
"202400025105";"155737571";"B01";"2";"7";"8";"2";"8";"1";"1";""
"202400025106";"155737568";"B01";"2";"7";"0";"2";"3";"1";"1";""
"202400025106";"155737569";"A01";"1";"7";"0";"2";"1";"10";"1";""
"202400025107";"155737566";"B01";"2";"33";"0";"2";"3";"1";"1";""
"202400025107";"155737567";"A01";"1";"10";"0";"2";"3";"13";"1";""
"202400025108";"155737564";"A01";"2";"7";"0";"2";"3";"6";"1";""
"202400025108";"155737565";"B01";"2";"33";"0";"2";"2";"3";"1";""
"202400025109";"155737562";"A01";"1";"7";"0";"2";"3";"1";"1";""
"202400025109";"155737563";"B01";"3";"1";"0";"2";"7";"19";"5";""
"202400025110";"155737561";"Z01";"3";"50";"12";"1";"7";"21";"3";""
"202400025111";"155737559";"A01";"2";"33";"0";"2";"1";"17";"1";""
"202400025111";"155737560";"B01";"2";"7";"0";"2";"2";"15";"1";""
"202400025112";"155737558";"A01";"1";"7";"0";"1";"1";"19";"3";""
"202400025113";"155737556";"B01";"3";"10";"0";"2";"7";"16";"1";""
"202400025113";"155737557";"A01";"3";"32";"0";"2";"8";"2";"1";""
"202400025114";"155737555";"A01";"3";"1";"0";"0";"1";"2";"5";""
"202400025115";"155737553";"A01";"0";"33";"0";"2";"1";"0";"0";""
"202400025115";"155737554";"B01";"1";"7";"0";"2";"4";"2";"0";""
"202400025116";"155737552";"A01";"1";"33";"0";"1";"1";"3";"1";""
"202400025117";"155737551";"A01";"3";"50";"0";"1";"1";"1";"3";""
"202400025118";"155737550";"A01";"2";"7";"2";"0";"3";"14";"1";""
"202400025119";"155737548";"A01";"1";"7";"0";"2";"6";"1";"1";""
"202400025119";"155737549";"B01";"1";"0";"0";"2";"0";"17";"0";""
"202400025120";"155737546";"A01";"2";"7";"0";"0";"4";"15";"1";""
"202400025120";"155737547";"B01";"2";"10";"0";"2";"1";"1";"1";""
"202400025121";"155737545";"A01";"1";"7";"0";"1";"1";"1";"1";""
"202400025122";"155737544";"A01";"2";"7";"0";"1";"7";"14";"1";""
"202400025123";"155737542";"A01";"1";"2";"10";"2";"7";"17";"1";""
"202400025123";"155737543";"B01";"1";"7";"0";"2";"3";"15";"1";""
"202400025124";"155737540";"A01";"2";"7";"0";"9";"5";"17";"1";""
"202400025124";"155737541";"B01";"2";"1";"0";"2";"8";"1";"5";""
"202400025125";"155737539";"A01";"1";"7";"0";"1";"1";"1";"1";""
"202400025126";"155737538";"A01";"1";"7";"0";"1";"2";"1";"1";""
"202400025127";"155737536";"A01";"1";"7";"13";"0";"1";"1";"1";""
"202400025128";"155737534";"A01";"1";"7";"0";"2";"4";"1";"1";""
"202400025128";"155737535";"B01";"1";"10";"0";"2";"2";"2";"1";""
"202400025129";"155737533";"A01";"3";"7";"0";"2";"1";"15";"1";""
"202400025129";"155737537";"B01";"3";"7";"0";"2";"3";"1";"1";""
"202400025130";"155737532";"A01";"2";"17";"6";"0";"1";"1";"1";""
"202400025131";"155737531";"A01";"1";"7";"6";"0";"1";"1";"1";""
"202400025132";"155737529";"A01";"3";"7";"0";"2";"3";"1";"1";""
"202400025132";"155737530";"B01";"3";"7";"0";"2";"3";"1";"1";""
"202400025133";"155737527";"A01";"2";"10";"0";"2";"1";"13";"1";""
"202400025133";"155737528";"B01";"1";"7";"0";"2";"1";"1";"1";""
"202400025134";"155737523";"B01";"3";"50";"0";"0";"7";"19";"3";""
"202400025134";"155737525";"A01";"3";"7";"0";"2";"1";"1";"1";""
"202400025135";"155737522";"A01";"0";"7";"0";"1";"1";"1";"1";""
"202400025136";"155737519";"A01";"2";"7";"13";"0";"3";"1";"1";""
"202400025137";"155737518";"C01";"1";"7";"0";"2";"4";"2";"1";""
"202400025137";"155737520";"B01";"1";"10";"0";"2";"1";"2";"1";""
"202400025137";"155737521";"A01";"1";"7";"0";"2";"1";"2";"1";""
"202400025138";"155737516";"A01";"3";"30";"1";"0";"3";"0";"1";""
"202400025139";"155737515";"A01";"3";"2";"0";"2";"1";"13";"1";""
"202400025139";"155737517";"B01";"3";"7";"0";"2";"1";"1";"1";""
"202400025140";"155737514";"A01";"0";"7";"1";"0";"7";"26";"1";""
"202400025141";"155737513";"A01";"2";"7";"0";"1";"1";"1";"1";""
"202400025142";"155737511";"B01";"2";"33";"0";"2";"2";"17";"1";""
"202400025142";"155737512";"A01";"2";"7";"0";"2";"3";"15";"1";""
"202400025143";"155737507";"A01";"1";"7";"0";"2";"2";"1";"1";""
"202400025143";"155737508";"B01";"1";"1";"0";"2";"0";"0";"5";""
"202400025144";"155737506";"A01";"2";"7";"0";"2";"1";"15";"1";""
"202400025144";"155737509";"B01";"1";"33";"0";"2";"1";"1";"1";""
"202400025144";"155737510";"C01";"2";"7";"0";"2";"1";"1";"3";""
"202400025145";"155737505";"A01";"1";"7";"0";"9";"8";"26";"1";""
"202400025146";"155737503";"B01";"1";"7";"8";"2";"7";"1";"1";""
"202400025146";"155737504";"A01";"3";"7";"0";"2";"3";"9";"1";""
"202400025147";"155737501";"B01";"1";"2";"0";"2";"4";"1";"1";""
"202400025147";"155737502";"A01";"1";"7";"0";"2";"1";"2";"1";""
"202400025148";"155737499";"A01";"2";"7";"0";"9";"2";"1";"1";""
"202400025148";"155737500";"B01";"2";"1";"0";"0";"4";"1";"5";""
"202400025149";"155737498";"A01";"1";"37";"0";"1";"1";"20";"1";"1"
"202400025150";"155737494";"A01";"2";"7";"0";"2";"1";"2";"1";""
"202400025150";"155737496";"B01";"2";"7";"0";"2";"4";"15";"1";""
"202400025150";"155737497";"C01";"1";"7";"0";"2";"1";"1";"1";""
"202400025151";"155737491";"A01";"2";"10";"0";"2";"1";"2";"1";""
"202400025151";"155737492";"D01";"2";"7";"0";"2";"4";"2";"2";""
"202400025151";"155737493";"C01";"2";"7";"0";"2";"4";"2";"2";""
"202400025151";"155737495";"B01";"2";"7";"0";"2";"4";"2";"1";""
"202400025152";"155737489";"A01";"2";"7";"3";"0";"1";"12";"2";""
"202400025153";"155737488";"B01";"1";"7";"0";"2";"5";"1";"1";""
"202400025153";"155737490";"A01";"1";"7";"0";"2";"3";"19";"1";""
"202400025154";"155737487";"A01";"1";"1";"0";"0";"1";"26";"5";""
"202400025155";"155737486";"A01";"1";"7";"0";"0";"3";"26";"1";""
"202400025156";"155737483";"A01";"1";"7";"0";"2";"7";"9";"1";""
"202400025156";"155737485";"B01";"2";"7";"0";"2";"3";"0";"2";""
"202400025157";"155737480";"A01";"2";"7";"0";"2";"3";"5";"1";""
"202400025157";"155737481";"B01";"1";"1";"0";"0";"3";"1";"5";""
"202400025157";"155737482";"C01";"1";"1";"0";"0";"7";"1";"5";""
"202400025157";"155737484";"D01";"1";"1";"0";"0";"7";"1";"5";""
"202400025158";"155737478";"A01";"2";"7";"0";"2";"3";"15";"2";""
"202400025158";"155737479";"B01";"2";"43";"0";"2";"2";"17";"1";""
"202400025159";"155737476";"A01";"1";"15";"0";"2";"1";"1";"1";""
"202400025159";"155737477";"B01";"2";"7";"0";"2";"3";"19";"1";""
"202400025160";"155737474";"A01";"2";"37";"0";"2";"1";"2";"1";"1"
"202400025160";"155737475";"B01";"2";"7";"0";"2";"4";"1";"2";""
"202400025161";"155737472";"A01";"1";"7";"0";"2";"2";"15";"1";""
"202400025161";"155737473";"B01";"2";"2";"0";"2";"1";"1";"1";""
"202400025162";"155737470";"B01";"3";"99";"0";"2";"8";"19";"3";""
"202400025162";"155737471";"A01";"3";"34";"0";"9";"1";"3";"3";""
"202400025163";"155737468";"A01";"2";"33";"0";"2";"1";"1";"1";""
"202400025163";"155737469";"B01";"2";"13";"0";"0";"4";"1";"1";""
"202400025164";"155737467";"A01";"2";"7";"0";"1";"3";"1";"2";""
"202400025165";"155737466";"A01";"1";"7";"0";"0";"3";"0";"1";""
"202400025166";"155737464";"A01";"1";"7";"7";"0";"0";"1";"1";""
"202400025167";"155737463";"A01";"1";"7";"0";"2";"2";"1";"1";""
"202400025167";"155737465";"B01";"1";"1";"0";"2";"3";"13";"5";""
"202400025168";"155737462";"A01";"3";"14";"0";"1";"8";"16";"1";""
"202400025169";"155737460";"A01";"1";"10";"0";"2";"1";"2";"1";""
"202400025169";"155737461";"B01";"1";"43";"0";"2";"4";"2";"1";""
"202400025170";"155737458";"A01";"2";"10";"16";"0";"6";"0";"1";""
"202400025170";"155737459";"B01";"2";"10";"3";"2";"1";"0";"1";""
"202400025171";"155737455";"A01";"3";"10";"0";"1";"2";"1";"1";""
"202400025172";"155737456";"B01";"2";"2";"0";"2";"8";"1";"3";""
"202400025172";"155737457";"A01";"2";"7";"0";"2";"8";"18";"1";""
"202400025173";"155737451";"B01";"2";"2";"0";"2";"6";"19";"1";""
"202400025173";"155737454";"A01";"1";"14";"0";"2";"2";"19";"1";""
"202400025174";"155737452";"B01";"2";"17";"0";"2";"3";"1";"1";""
"202400025174";"155737453";"A01";"2";"7";"11";"2";"1";"1";"1";""