"Num_Acc";"id_vehicule";"num_veh";"senc";"catv";"obs";"obsm";"choc";"manv";"motor";"occutc"
"202400025175";"155737450";"A01";"2";"1";"0";"1";"1";"1";"5";""
"202400025176";"155737448";"A01";"2";"7";"0";"2";"3";"15";"1";""
"202400025176";"155737449";"B01";"1";"32";"0";"2";"1";"18";"1";""
"202400025177";"155737445";"A01";"3";"7";"0";"1";"3";"17";"1";""
"202400025178";"155737446";"A01";"2";"30";"15";"2";"2";"21";"1";""
"202400025178";"155737447";"B01";"2";"7";"0";"2";"3";"9";"1";""
"202400025179";"155737442";"A01";"1";"7";"0";"2";"1";"1";"1";""
"202400025179";"155737444";"B01";"2";"7";"0";"2";"1";"13";"3";""
"202400025180";"155737443";"A01";"2";"7";"0";"1";"2";"9";"1";""
"202400025181";"155737439";"A01";"0";"7";"0";"9";"7";"16";"0";""
"202400025181";"155737441";"B01";"0";"1";"0";"2";"3";"16";"5";""
"202400025182";"155737438";"A01";"1";"7";"0";"2";"3";"15";"2";""
"202400025182";"155737440";"B01";"1";"50";"0";"2";"1";"1";"3";""
"202400025183";"155737436";"A01";"1";"7";"0";"6";"3";"1";"1";""
"202400025183";"155737437";"B01";"1";"7";"0";"2";"1";"1";"1";""
"202400025184";"155737434";"A01";"3";"7";"0";"2";"7";"26";"1";""
"202400025184";"155737435";"B01";"3";"60";"0";"2";"3";"1";"5";""
"202400025185";"155737431";"A01";"2";"1";"0";"0";"0";"1";"5";""
"202400025186";"155737432";"B01";"3";"10";"0";"2";"3";"15";"1";""
"202400025186";"155737433";"A01";"1";"3";"0";"2";"2";"1";"1";""
"202400025187";"155737427";"A01";"1";"7";"0";"2";"1";"5";"1";""
"202400025187";"155737430";"B01";"2";"7";"0";"2";"1";"1";"1";""
"202400025188";"155737428";"A01";"1";"7";"0";"2";"1";"1";"1";""
"202400025188";"155737429";"B01";"1";"7";"0";"2";"4";"1";"0";""
"202400025189";"155737425";"A01";"2";"7";"1";"1";"2";"1";"1";""
"202400025190";"155737422";"A01";"1";"7";"2";"0";"7";"1";"1";""
"202400025191";"155737423";"A01";"2";"7";"0";"2";"4";"26";"1";""
"202400025191";"155737424";"B01";"2";"7";"0";"2";"1";"1";"2";""
"202400025191";"155737426";"C01";"2";"7";"0";"2";"1";"1";"1";""
"202400025192";"155737420";"A01";"1";"7";"6";"2";"2";"6";"1";""
"202400025192";"155737421";"B01";"1";"7";"0";"0";"3";"2";"1";""
"202400025193";"155737419";"A01";"1";"7";"0";"1";"2";"1";"1";""
"202400025194";"155737413";"A01";"1";"7";"0";"2";"1";"2";"1";""
"202400025194";"155737416";"B01";"1";"7";"0";"2";"4";"2";"1";""
"202400025195";"155737414";"A01";"3";"7";"0";"2";"1";"1";"1";""
"202400025195";"155737415";"B01";"3";"7";"0";"2";"4";"2";"1";""
"202400025195";"155737417";"C01";"3";"10";"0";"2";"4";"2";"1";""
"202400025195";"155737418";"D01";"3";"7";"0";"2";"4";"2";"1";""
"202400025196";"155737411";"A01";"1";"33";"0";"2";"8";"3";"1";""
"202400025196";"155737412";"B01";"1";"7";"0";"2";"7";"12";"2";""
"202400025197";"155737408";"B01";"1";"33";"0";"2";"1";"17";"1";""
"202400025197";"155737410";"A01";"2";"7";"0";"2";"1";"1";"1";""
"202400025198";"155737407";"A01";"1";"33";"0";"2";"1";"3";"1";""
"202400025198";"155737409";"Z01";"1";"13";"0";"0";"0";"0";"0";""
"202400025199";"155737404";"B01";"1";"30";"0";"2";"1";"0";"1";""
"202400025199";"155737406";"A01";"1";"7";"0";"2";"3";"1";"1";""
"202400025200";"155737402";"C01";"2";"7";"0";"2";"4";"1";"1";""
"202400025200";"155737403";"A01";"2";"7";"0";"2";"7";"12";"1";""
"202400025200";"155737405";"B01";"2";"33";"0";"2";"1";"3";"1";""
"202400025201";"155737400";"A01";"2";"43";"0";"0";"8";"0";"1";""
"202400025202";"155737399";"B01";"3";"7";"0";"2";"4";"2";"1";""
"202400025202";"155737401";"A01";"3";"50";"0";"2";"1";"1";"3";""
"202400025203";"155737397";"A01";"2";"7";"0";"2";"1";"2";"1";""
"202400025203";"155737398";"B01";"2";"10";"0";"2";"4";"2";"1";""
"202400025204";"155737392";"A01";"1";"7";"0";"2";"1";"2";"1";""
"202400025204";"155737394";"B01";"1";"7";"0";"2";"4";"2";"1";""
"202400025204";"155737396";"C01";"1";"7";"0";"2";"4";"2";"1";""
"202400025205";"155737393";"A01";"2";"7";"0";"2";"3";"15";"1";""
"202400025205";"155737395";"B01";"2";"7";"0";"2";"1";"1";"1";""
"202400025206";"155737389";"B01";"2";"33";"0";"2";"1";"11";"1";""
"202400025206";"155737391";"A01";"2";"7";"0";"2";"5";"1";"1";""
"202400025207";"155737388";"A01";"2";"7";"0";"2";"3";"15";"1";""
"202400025207";"155737390";"B01";"2";"43";"0";"2";"1";"17";"1";""
"202400025208";"155737385";"A01";"1";"7";"0";"1";"6";"4";"1";""
"202400025209";"155737384";"B01";"2";"7";"0";"2";"4";"2";"1";""
"202400025209";"155737386";"C01";"2";"7";"0";"2";"4";"2";"1";""
"202400025209";"155737387";"A01";"2";"7";"0";"2";"1";"2";"1";""
"202400025210";"155737380";"A01";"1";"32";"0";"2";"1";"3";"1";""
"202400025210";"155737381";"C01";"1";"7";"0";"2";"4";"2";"2";""
"202400025210";"155737382";"B01";"1";"7";"0";"2";"8";"11";"1";""
"202400025211";"155737379";"A01";"1";"7";"0";"2";"3";"11";"1";""
"202400025211";"155737383";"B01";"1";"7";"0";"2";"1";"23";"1";""
"202400025212";"155737377";"A01";"2";"7";"0";"2";"1";"1";"1";""
"202400025212";"155737378";"B01";"2";"7";"0";"2";"4";"1";"2";""
"202400025213";"155737374";"A01";"2";"33";"0";"2";"1";"2";"1";""
"202400025213";"155737375";"B01";"2";"10";"0";"2";"4";"2";"1";""
"202400025214";"155737373";"A01";"1";"2";"0";"2";"2";"1";"1";""
"202400025214";"155737376";"B01";"1";"33";"0";"2";"3";"1";"1";""
"202400025215";"155737371";"A01";"2";"17";"0";"2";"2";"12";"1";""
"202400025215";"155737372";"B01";"2";"7";"0";"2";"6";"1";"1";""
"202400025216";"155737369";"A01";"1";"7";"0";"1";"1";"26";"1";""
"202400025217";"155737368";"A01";"3";"10";"0";"2";"3";"1";"1";""
"202400025217";"155737370";"B01";"1";"7";"0";"2";"2";"15";"1";""
"202400025218";"155737367";"A01";"2";"33";"8";"0";"1";"1";"1";""
"202400025219";"155737365";"A01";"1";"7";"0";"2";"1";"15";"1";""
"202400025219";"155737366";"B01";"2";"32";"0";"2";"8";"1";"3";""
"202400025220";"155737363";"A01";"0";"32";"0";"2";"1";"1";"1";""
"202400025220";"155737364";"B01";"3";"7";"0";"2";"4";"1";"1";""
"202400025221";"155737361";"B01";"1";"2";"0";"2";"2";"1";"1";""
"202400025221";"155737362";"Z01";"1";"7";"0";"2";"2";"15";"0";""
"202400025222";"155737359";"A01";"1";"7";"0";"2";"3";"26";"1";""
"202400025222";"155737360";"B01";"1";"32";"0";"2";"7";"17";"1";""
"202400025223";"155737358";"A01";"3";"37";"0";"1";"7";"1";"1";"1"
"202400025224";"155737356";"A01";"1";"32";"0";"2";"7";"3";"1";""
"202400025224";"155737357";"Z01";"1";"33";"0";"2";"0";"0";"0";""
"202400025225";"155737354";"A01";"2";"7";"0";"2";"1";"23";"1";""
"202400025225";"155737355";"B01";"1";"1";"1";"0";"1";"17";"5";""
"202400025226";"155737352";"B01";"2";"7";"0";"2";"5";"16";"1";""
"202400025226";"155737353";"A01";"2";"37";"0";"2";"1";"1";"1";"1"
"202400025227";"155737349";"C01";"2";"7";"0";"2";"1";"16";"1";""
"202400025227";"155737350";"A01";"1";"1";"0";"2";"9";"2";"5";""
"202400025227";"155737351";"B01";"1";"7";"0";"2";"6";"2";"1";""
"202400025228";"155737348";"A01";"2";"7";"1";"0";"2";"1";"0";""
"202400025229";"155737346";"B01";"2";"7";"0";"2";"1";"1";"1";""
"202400025229";"155737347";"A01";"1";"10";"0";"2";"3";"1";"1";""
"202400025230";"155737344";"A01";"1";"33";"0";"2";"1";"1";"1";""
"202400025230";"155737345";"B01";"2";"7";"0";"2";"1";"1";"1";""
"202400025231";"155737342";"A01";"1";"7";"0";"0";"5";"10";"1";""
"202400025231";"155737343";"B01";"2";"33";"0";"0";"1";"1";"1";""
"202400025232";"155737339";"C01";"1";"10";"0";"2";"1";"1";"1";""
"202400025232";"155737340";"A01";"1";"7";"0";"2";"1";"17";"1";""
"202400025232";"155737341";"B01";"1";"7";"0";"2";"3";"2";"1";""
"202400025233";"155737337";"A01";"1";"7";"0";"2";"1";"0";"1";""
"202400025233";"155737338";"B01";"1";"7";"0";"2";"4";"0";"1";""
"202400025234";"155737335";"B01";"1";"10";"0";"2";"1";"19";"1";""
"202400025234";"155737336";"A01";"2";"10";"0";"2";"8";"1";"1";""
"202400025235";"155737334";"A01";"2";"7";"13";"0";"2";"14";"1";""
"202400025236";"155737333";"A01";"0";"2";"9";"9";"8";"21";"1";""
"202400025237";"155737331";"A01";"2";"7";"0";"2";"3";"13";"1";""
"202400025237";"155737332";"B01";"1";"7";"0";"2";"3";"13";"1";""
"202400025238";"155737329";"A01";"1";"7";"0";"2";"3";"1";"1";""
"202400025238";"155737330";"B01";"2";"10";"0";"2";"3";"1";"1";""
"202400025239";"155737327";"A01";"0";"2";"0";"2";"1";"17";"1";""
"202400025239";"155737328";"B01";"0";"7";"0";"2";"1";"1";"1";""
"202400025240";"155737326";"A01";"2";"7";"13";"0";"9";"1";"1";""
"202400025241";"155737325";"A01";"2";"7";"16";"0";"9";"17";"1";""
"202400025242";"155737323";"A01";"1";"3";"0";"2";"7";"19";"1";""
"202400025242";"155737324";"B01";"2";"10";"0";"2";"1";"1";"1";""
"202400025243";"155737321";"B01";"2";"7";"0";"2";"5";"15";"1";""
"202400025243";"155737322";"A01";"1";"33";"0";"2";"1";"1";"1";""
"202400025244";"155737319";"A01";"1";"32";"0";"2";"1";"1";"1";""
"202400025244";"155737320";"B01";"1";"7";"0";"2";"6";"15";"1";""
"202400025245";"155737317";"A01";"1";"33";"3";"0";"1";"9";"1";""
"202400025246";"155737315";"A01";"1";"7";"0";"2";"1";"2";"1";""
"202400025246";"155737316";"B01";"1";"7";"0";"2";"4";"1";"1";""
"202400025246";"155737318";"C01";"1";"10";"0";"2";"4";"2";"1";""
"202400025247";"155737314";"A01";"1";"7";"6";"0";"3";"13";"1";""
"202400025248";"155737312";"A01";"1";"7";"0";"2";"1";"2";"1";""
"202400025248";"155737313";"B01";"2";"7";"0";"2";"3";"15";"1";""
"202400025249";"155737309";"A01";"1";"7";"0";"2";"3";"1";"1";""
"202400025249";"155737310";"B01";"1";"7";"0";"9";"1";"2";"1";""
"202400025249";"155737311";"C01";"2";"7";"0";"2";"3";"17";"1";""
"202400025250";"155737308";"A01";"1";"7";"0";"1";"1";"0";"1";""
"202400025251";"155737307";"A01";"1";"7";"1";"1";"2";"15";"1";""
"202400025252";"155737306";"A01";"0";"7";"0";"1";"1";"2";"1";""
"202400025253";"155737304";"A01";"1";"10";"0";"1";"8";"19";"0";""
"202400025254";"155737303";"B01";"3";"7";"0";"2";"2";"1";"1";""
"202400025254";"155737305";"A01";"3";"7";"0";"2";"1";"19";"1";""
"202400025255";"155737301";"A01";"1";"7";"0";"1";"2";"2";"1";""
"202400025256";"155737299";"A01";"1";"7";"0";"2";"7";"12";"1";""
"202400025256";"155737300";"B01";"1";"7";"0";"2";"9";"0";"1";""
"202400025256";"155737302";"C01";"1";"7";"0";"2";"8";"0";"1";""
"202400025257";"155737298";"A01";"3";"7";"0";"1";"6";"4";"1";""
"202400025258";"155737296";"A01";"3";"37";"13";"0";"7";"14";"1";"2"
"202400025259";"155737292";"A01";"1";"10";"0";"2";"1";"1";"1";""
"202400025259";"155737294";"B01";"1";"50";"0";"2";"0";"1";"3";""
"202400025260";"155737289";"B01";"2";"7";"0";"2";"3";"1";"1";""
"202400025260";"155737291";"A01";"1";"10";"13";"2";"3";"0";"1";""
"202400025261";"155737288";"B01";"1";"50";"0";"2";"2";"1";"3";""
"202400025261";"155737290";"A01";"1";"7";"0";"2";"3";"10";"1";""
"202400025262";"155737287";"A01";"2";"7";"3";"0";"3";"13";"1";""
"202400025263";"155737286";"A01";"3";"7";"11";"0";"3";"1";"1";""
"202400025264";"155737283";"B01";"1";"7";"1";"0";"2";"23";"1";""
"202400025264";"155737285";"A01";"1";"1";"0";"2";"1";"25";"5";""
"202400025265";"155737282";"A01";"1";"7";"0";"2";"3";"13";"1";""
"202400025265";"155737284";"B01";"2";"7";"0";"2";"3";"1";"1";""
"202400025266";"155737279";"B01";"1";"10";"0";"2";"1";"1";"1";""
"202400025266";"155737281";"A01";"1";"7";"0";"2";"3";"20";"1";""
"202400025267";"155737276";"B01";"3";"7";"0";"2";"2";"1";"1";""
"202400025267";"155737277";"A01";"3";"7";"0";"2";"8";"15";"1";""
"202400025268";"155737275";"A01";"2";"7";"0";"2";"1";"13";"1";""
"202400025268";"155737278";"B01";"1";"7";"0";"0";"1";"1";"1";""
"202400025268";"155737280";"C01";"1";"7";"13";"0";"5";"21";"1";""
"202400025269";"155737274";"A01";"3";"7";"0";"1";"1";"15";"1";""
"202400025270";"155737272";"A01";"2";"7";"0";"1";"3";"1";"1";""
"202400025271";"155737271";"B01";"2";"1";"0";"2";"1";"19";"5";""
"202400025271";"155737273";"A01";"1";"50";"0";"2";"3";"19";"3";""
"202400025272";"155737268";"A01";"2";"7";"0";"2";"1";"1";"1";""
"202400025272";"155737270";"B01";"1";"7";"0";"2";"2";"15";"1";""
"202400025273";"155737267";"B01";"1";"7";"0";"2";"1";"1";"2";""
"202400025273";"155737269";"A01";"2";"7";"0";"2";"8";"1";"1";""
"202400025274";"155737265";"A01";"0";"30";"0";"9";"0";"0";"1";""
"202400025275";"155737264";"A01";"1";"1";"0";"2";"7";"1";"5";""
"202400025275";"155737266";"B01";"2";"7";"0";"2";"0";"0";"1";""
"202400025276";"155737262";"A01";"3";"7";"0";"2";"3";"15";"1";""
"202400025276";"155737263";"B01";"3";"31";"0";"2";"1";"17";"1";""
"202400025277";"155737261";"VA01";"3";"7";"2";"0";"9";"13";"2";""
"202400025278";"155737260";"A01";"1";"33";"15";"0";"1";"2";"1";""
"202400025279";"155737258";"A01";"2";"7";"0";"2";"3";"15";"1";""
"202400025279";"155737259";"B01";"1";"31";"0";"2";"1";"21";"1";""
"202400025280";"155737257";"A01";"1";"7";"9";"0";"1";"0";"1";""
"202400025281";"155737255";"A01";"1";"7";"0";"2";"3";"15";"1";""
"202400025281";"155737256";"B01";"2";"33";"0";"2";"3";"18";"1";""
"202400025282";"155737252";"B01";"1";"15";"0";"2";"1";"1";"1";""
"202400025282";"155737254";"A01";"2";"7";"0";"2";"1";"5";"1";""
"202400025283";"155737251";"B01";"3";"10";"0";"2";"2";"19";"1";""
"202400025283";"155737253";"A01";"3";"42";"0";"2";"2";"19";"1";""
"202400025284";"155737250";"A01";"2";"7";"2";"0";"1";"13";"1";""
"202400025285";"155737248";"A01";"3";"3";"0";"2";"1";"2";"1";""
"202400025285";"155737249";"B01";"3";"10";"0";"2";"4";"2";"1";""
"202400025286";"155737245";"C01";"1";"7";"0";"2";"1";"21";"1";""
"202400025286";"155737246";"B01";"2";"10";"13";"2";"8";"21";"1";""
"202400025286";"155737247";"A01";"2";"7";"0";"2";"3";"17";"1";""
"202400025287";"155737243";"B01";"1";"40";"0";"2";"3";"1";"3";""
"202400025287";"155737244";"A01";"1";"10";"9";"4";"1";"20";"1";""
"202400025288";"155737241";"B01";"2";"33";"0";"2";"3";"2";"1";""
"202400025288";"155737242";"A01";"3";"33";"0";"2";"5";"1";"1";""
"202400025289";"155737240";"A01";"2";"7";"0";"1";"2";"1";"1";""
"202400025290";"155737239";"A01";"2";"7";"3";"0";"0";"2";"1";""
"202400025291";"155737236";"A01";"1";"7";"0";"2";"3";"0";"1";""
"202400025291";"155737238";"B01";"2";"14";"0";"2";"7";"26";"0";""
"202400025292";"155737235";"A01";"3";"1";"0";"2";"0";"15";"5";""
"202400025292";"155737237";"B01";"3";"31";"0";"2";"0";"1";"1";""
"202400025293";"155737232";"A01";"3";"7";"0";"2";"2";"16";"1";""
"202400025293";"155737233";"B01";"3";"1";"0";"2";"0";"0";"5";""
"202400025294";"155737231";"B01";"1";"1";"0";"2";"1";"15";"5";""
"202400025294";"155737234";"A01";"2";"7";"0";"9";"1";"15";"1";""
"202400025295";"155737228";"B01";"2";"7";"0";"2";"1";"2";"2";""
"202400025295";"155737230";"A01";"1";"7";"1";"0";"2";"1";"1";""
"202400025296";"155737227";"B01";"1";"2";"0";"2";"1";"0";"1";""
"202400025296";"155737229";"A01";"2";"7";"0";"2";"3";"15";"1";""
"202400025297";"155737225";"B01";"1";"37";"0";"2";"2";"1";"1";"1"
"202400025297";"155737226";"A01";"1";"50";"0";"2";"1";"1";"3";""
"202400025298";"155737221";"B01";"3";"2";"0";"2";"1";"0";"1";""
"202400025298";"155737222";"A01";"0";"7";"0";"2";"2";"15";"3";""
"202400025299";"155737223";"A01";"2";"2";"0";"2";"1";"1";"1";""
"202400025299";"155737224";"B01";"1";"10";"0";"2";"1";"15";"3";""
"202400025300";"155737219";"A01";"2";"7";"0";"1";"0";"16";"2";""
"202400025301";"155737218";"A01";"1";"1";"0";"0";"4";"2";"5";""
"202400025301";"155737220";"B01";"1";"1";"0";"2";"1";"2";"5";""
"202400025302";"155737214";"A01";"1";"7";"2";"2";"8";"1";"1";""
"202400025302";"155737215";"B01";"2";"7";"2";"2";"8";"1";"1";""
"202400025303";"155737210";"D01";"1";"7";"0";"2";"8";"1";"1";""
"202400025303";"155737211";"C01";"2";"7";"0";"2";"4";"1";"1";""
"202400025303";"155737212";"A01";"1";"7";"16";"2";"1";"5";"1";""
"202400025303";"155737213";"B01";"2";"7";"0";"2";"2";"1";"1";""
"202400025304";"155737209";"A01";"1";"7";"0";"1";"2";"1";"1";""
"202400025305";"155737207";"B01";"1";"1";"0";"2";"8";"1";"5";""
"202400025305";"155737208";"A01";"1";"37";"0";"2";"7";"1";"1";"1"
"202400025306";"155737204";"A01";"0";"7";"0";"1";"1";"1";"1";""
"202400025307";"155737205";"A01";"1";"7";"0";"2";"1";"15";"1";""
"202400025307";"155737206";"B01";"2";"7";"0";"2";"1";"1";"1";""
"202400025308";"155737203";"A01";"2";"7";"0";"1";"1";"1";"1";""
"202400025309";"155737202";"A01";"3";"7";"0";"1";"8";"21";"1";""
"202400025310";"155737199";"A01";"1";"7";"0";"2";"3";"19";"1";""
"202400025310";"155737201";"B01";"2";"7";"0";"2";"3";"1";"3";""
"202400025311";"155737196";"A01";"0";"10";"0";"0";"4";"26";"1";""
"202400025311";"155737198";"B01";"0";"7";"0";"2";"4";"26";"1";""
"202400025311";"155737200";"C01";"0";"7";"14";"0";"1";"1";"1";""
"202400025312";"155737195";"A01";"2";"50";"0";"1";"1";"1";"3";""
"202400025313";"155737192";"A01";"0";"7";"0";"0";"3";"15";"1";""
"202400025313";"155737194";"B01";"0";"31";"0";"2";"1";"1";"1";""
"202400025314";"155737191";"A01";"3";"2";"0";"2";"1";"2";"1";""
"202400025314";"155737193";"B01";"3";"43";"0";"2";"1";"1";"1";""
"202400025315";"155737188";"A01";"0";"7";"0";"1";"1";"2";"1";""
"202400025316";"155737189";"A01";"3";"7";"0";"2";"2";"1";"1";""
"202400025316";"155737190";"B01";"3";"1";"0";"2";"0";"19";"5";""
"202400025317";"155737185";"B01";"2";"7";"0";"2";"4";"1";"1";""
"202400025317";"155737187";"A01";"2";"7";"0";"2";"1";"2";"1";""
"202400025318";"155737184";"A01";"1";"10";"0";"2";"7";"1";"1";""
"202400025318";"155737186";"B01";"1";"7";"0";"2";"8";"1";"1";""
"202400025319";"155737182";"A01";"3";"7";"0";"2";"1";"1";"1";""
"202400025319";"155737183";"B01";"3";"2";"0";"2";"7";"15";"1";""
"202400025320";"155737179";"A01";"3";"3";"0";"1";"1";"1";"1";""
"202400025321";"155737175";"A01";"2";"7";"0";"1";"1";"2";"1";""
"202400025322";"155737176";"A01";"1";"7";"0";"2";"1";"1";"1";""
"202400025322";"155737177";"B01";"1";"7";"0";"2";"9";"23";"1";""
"202400025322";"155737178";"C01";"1";"7";"0";"2";"9";"23";"1";""
"202400025322";"155737180";"D01";"1";"7";"0";"2";"4";"23";"1";""
"202400025322";"155737181";"E01";"1";"7";"0";"2";"4";"23";"1";""
"202400025323";"155737171";"A01";"3";"7";"0";"2";"1";"2";"1";""
"202400025323";"155737173";"B01";"3";"7";"0";"2";"1";"1";"1";""
"202400025324";"155737169";"A01";"2";"7";"4";"2";"1";"2";"1";""
"202400025324";"155737170";"B01";"2";"7";"4";"2";"4";"2";"1";""
"202400025324";"155737172";"C01";"2";"7";"4";"2";"4";"2";"1";""
"202400025324";"155737174";"D01";"2";"7";"4";"2";"4";"2";"2";""
"202400025325";"155737168";"A01";"2";"7";"0";"1";"1";"15";"1";""
"202400025326";"155737164";"B01";"1";"33";"0";"2";"1";"0";"0";""
"202400025326";"155737166";"A01";"1";"7";"0";"2";"3";"2";"1";""
"202400025327";"155737163";"C01";"1";"10";"0";"2";"4";"2";"1";""
"202400025327";"155737165";"A01";"1";"7";"0";"2";"1";"2";"1";""
"202400025327";"155737167";"B01";"1";"7";"0";"2";"4";"2";"1";""
"202400025328";"155737160";"A01";"2";"7";"0";"2";"2";"19";"1";""
"202400025328";"155737162";"B01";"2";"33";"0";"2";"1";"26";"1";""
"202400025329";"155737159";"A01";"1";"33";"3";"2";"1";"3";"1";""
"202400025329";"155737161";"B01";"1";"7";"3";"2";"6";"11";"1";""
"202400025330";"155737155";"B01";"2";"10";"0";"2";"2";"21";"1";""
"202400025330";"155737157";"C01";"2";"7";"0";"2";"6";"2";"2";""
"202400025330";"155737158";"A01";"2";"7";"0";"2";"1";"2";"1";""
"202400025331";"155737154";"A01";"2";"7";"0";"2";"6";"11";"2";""
"202400025331";"155737156";"B01";"2";"34";"0";"2";"1";"3";"1";""
"202400025332";"155737152";"A01";"2";"10";"0";"2";"7";"12";"1";""
"202400025332";"155737153";"B01";"2";"33";"0";"2";"3";"1";"1";""
"202400025333";"155737148";"A01";"2";"17";"0";"2";"2";"12";"1";""
"202400025333";"155737150";"B01";"2";"7";"0";"2";"8";"1";"2";""
"202400025334";"155737144";"A01";"2";"1";"0";"2";"1";"1";"5";""
"202400025334";"155737146";"B01";"1";"10";"0";"2";"1";"1";"1";""
"202400025335";"155737145";"B01";"1";"7";"0";"2";"1";"1";"1";""
"202400025335";"155737147";"D01";"1";"7";"0";"2";"6";"1";"1";""
"202400025335";"155737149";"C01";"1";"7";"0";"2";"4";"0";"1";""
"202400025335";"155737151";"A01";"1";"7";"0";"2";"1";"1";"1";""
"202400025336";"155737141";"A01";"2";"1";"0";"2";"1";"2";"5";""
"202400025336";"155737143";"B01";"1";"7";"0";"9";"1";"0";"2";""
"202400025337";"155737139";"C01";"1";"7";"0";"2";"5";"1";"1";""
"202400025337";"155737140";"A01";"1";"33";"0";"2";"2";"3";"1";""
"202400025337";"155737142";"B01";"1";"7";"0";"2";"3";"17";"1";""
"202400025338";"155737137";"A01";"2";"1";"0";"2";"2";"1";"5";""
"202400025338";"155737138";"Z01";"2";"33";"0";"9";"0";"1";"0";""
"202400025339";"155737135";"B01";"1";"7";"0";"2";"4";"11";"1";""
"202400025339";"155737136";"A01";"1";"33";"0";"2";"1";"3";"1";""
"202400025340";"155737133";"A01";"1";"7";"0";"2";"1";"16";"1";""
"202400025340";"155737134";"B01";"1";"60";"0";"2";"8";"19";"5";""
"202400025341";"155737131";"A01";"2";"31";"0";"2";"1";"3";"1";""
"202400025341";"155737132";"B01";"2";"7";"0";"2";"5";"12";"1";""
"202400025342";"155737129";"B01";"1";"32";"0";"2";"8";"1";"1";""
"202400025342";"155737130";"A01";"2";"37";"0";"2";"2";"21";"3";"1"
"202400025343";"155737126";"A01";"1";"10";"0";"2";"1";"2";"1";""
"202400025343";"155737127";"C01";"1";"7";"0";"2";"4";"2";"1";""
"202400025343";"155737128";"B01";"1";"7";"0";"2";"4";"2";"2";""
"202400025344";"155737124";"B01";"1";"7";"0";"2";"1";"1";"2";""
"202400025344";"155737125";"A01";"0";"50";"0";"2";"7";"19";"3";""
"202400025345";"155737122";"A01";"1";"31";"0";"2";"8";"3";"1";""
"202400025345";"155737123";"B01";"1";"7";"0";"2";"3";"14";"1";""
"202400025346";"155737121";"A01";"3";"7";"4";"0";"1";"9";"1";""
"202400025347";"155737119";"A01";"3";"7";"0";"1";"1";"15";"2";""
"202400025348";"155737118";"A01";"2";"33";"0";"2";"1";"3";"1";""
"202400025348";"155737120";"B01";"2";"17";"0";"2";"6";"2";"1";""
"202400025349";"155737116";"A01";"1";"7";"0";"1";"1";"1";"1";""
"202400025350";"155737115";"B01";"1";"33";"0";"2";"2";"1";"1";""
"202400025350";"155737117";"A01";"3";"1";"0";"2";"7";"15";"5";""
"202400025351";"155737112";"B01";"2";"50";"0";"2";"4";"1";"3";""
"202400025351";"155737113";"A01";"2";"7";"0";"2";"1";"1";"0";""
"202400025352";"155737111";"B01";"2";"7";"0";"2";"0";"1";"1";""
"202400025352";"155737114";"A01";"2";"7";"3";"2";"0";"0";"1";""
"202400025353";"155737110";"A01";"2";"10";"0";"1";"1";"19";"3";""
"202400025354";"155737107";"A01";"1";"7";"0";"2";"1";"2";"1";""
"202400025354";"155737108";"C01";"1";"7";"0";"2";"4";"1";"1";""
"202400025354";"155737109";"B01";"1";"7";"0";"2";"1";"2";"1";""
"202400025355";"155737104";"A01";"2";"7";"1";"2";"2";"19";"1";""
"202400025355";"155737105";"B01";"3";"10";"0";"2";"2";"24";"1";""
"202400025355";"155737106";"C01";"2";"7";"0";"2";"3";"1";"1";""
"202400025356";"155737102";"B01";"1";"1";"0";"2";"1";"1";"5";""
"202400025356";"155737103";"A01";"1";"7";"0";"2";"8";"1";"1";""
"202400025357";"155737100";"A01";"1";"1";"0";"0";"0";"0";"5";""
"202400025358";"155737099";"A01";"2";"1";"0";"1";"1";"1";"5";""
"202400025359";"155737097";"A01";"2";"43";"4";"0";"1";"1";"1";""
"202400025360";"155737096";"A01";"1";"7";"0";"2";"0";"1";"1";""
"202400025360";"155737098";"B01";"1";"60";"0";"2";"0";"1";"5";""
"202400025361";"155737095";"A01";"3";"80";"14";"1";"1";"1";"3";""
"202400025362";"155737094";"A01";"1";"2";"0";"0";"8";"0";"1";""
"202400025363";"155737093";"A01";"1";"7";"0";"1";"2";"15";"1";""
"202400025364";"155737091";"B01";"1";"60";"0";"2";"7";"1";"5";""
"202400025364";"155737092";"A01";"2";"7";"0";"2";"0";"0";"1";""
"202400025365";"155737090";"A01";"3";"34";"1";"0";"2";"26";"1";""
"202400025366";"155737089";"A01";"1";"41";"0";"0";"0";"0";"1";""
"202400025367";"155737087";"A01";"0";"37";"1";"0";"0";"0";"1";"5"
"202400025368";"155737086";"B01";"2";"50";"0";"2";"0";"1";"3";""
"202400025368";"155737088";"A01";"2";"7";"0";"2";"0";"1";"1";""
"202400025369";"155737083";"A01";"1";"7";"0";"2";"3";"5";"1";""
"202400025369";"155737085";"B01";"2";"30";"0";"2";"3";"21";"1";""
"202400025370";"155737082";"A01";"2";"1";"0";"2";"0";"1";"5";""
"202400025370";"155737084";"B01";"2";"7";"0";"2";"0";"0";"1";""
"202400025371";"155737079";"A01";"1";"30";"0";"2";"8";"15";"1";""
"202400025371";"155737081";"B01";"1";"37";"0";"2";"1";"1";"0";"2"
"202400025372";"155737078";"B01";"2";"2";"0";"2";"0";"0";"1";""
"202400025372";"155737080";"A01";"2";"7";"0";"2";"0";"0";"1";""
"202400025373";"155737077";"A01";"3";"7";"0";"1";"8";"0";"1";""