"Num_Acc";"id_vehicule";"num_veh";"senc";"catv";"obs";"obsm";"choc";"manv";"motor";"occutc"
"202400025374";"155737074";"A01";"1";"7";"0";"2";"3";"15";"1";""
"202400025374";"155737075";"B01";"1";"30";"16";"0";"0";"0";"1";""
"202400025375";"155737073";"B01";"3";"7";"0";"2";"2";"1";"1";""
"202400025375";"155737076";"A01";"3";"10";"0";"2";"1";"5";"1";""
"202400025376";"155737070";"Z01";"0";"7";"0";"2";"1";"0";"0";""
"202400025376";"155737071";"A01";"1";"7";"0";"2";"8";"0";"1";""
"202400025377";"155737069";"A01";"1";"14";"0";"2";"7";"17";"1";""
"202400025377";"155737072";"B01";"1";"80";"0";"2";"8";"1";"3";""
"202400025378";"155737066";"A01";"3";"7";"0";"2";"4";"1";"1";""
"202400025378";"155737068";"B01";"3";"7";"0";"2";"1";"1";"1";""
"202400025379";"155737067";"A01";"1";"34";"1";"1";"9";"1";"1";""
"202400025380";"155737065";"A01";"1";"7";"0";"1";"1";"0";"1";""
"202400025381";"155737064";"A01";"2";"10";"0";"1";"1";"1";"1";""
"202400025382";"155737063";"A01";"0";"7";"0";"1";"2";"1";"1";""
"202400025383";"155737062";"A01";"0";"7";"0";"1";"1";"19";"1";""
"202400025384";"155737061";"A01";"1";"7";"0";"1";"3";"2";"1";""
"202400025385";"155737059";"A01";"0";"7";"0";"1";"1";"1";"2";""
"202400025386";"155737058";"B01";"1";"33";"0";"2";"1";"1";"1";""
"202400025386";"155737060";"A01";"2";"7";"0";"2";"7";"1";"1";""
"202400025387";"155737055";"B01";"1";"1";"0";"2";"8";"2";"5";""
"202400025387";"155737056";"A01";"1";"7";"0";"2";"7";"17";"1";""
"202400025388";"155737054";"B01";"2";"1";"0";"2";"2";"15";"5";""
"202400025388";"155737057";"A01";"1";"7";"0";"2";"1";"1";"1";""
"202400025389";"155737052";"A01";"1";"99";"0";"0";"0";"2";"3";""
"202400025390";"155737051";"A01";"1";"7";"0";"2";"1";"1";"1";""
"202400025390";"155737053";"B01";"1";"10";"10";"0";"4";"2";"1";""
"202400025391";"155737050";"A01";"1";"7";"3";"0";"1";"2";"1";""
"202400025392";"155737049";"A01";"2";"33";"15";"0";"1";"1";"1";""
"202400025393";"155737046";"A01";"1";"7";"0";"2";"3";"15";"1";""
"202400025393";"155737048";"B01";"1";"32";"0";"2";"1";"15";"1";""
"202400025394";"155737045";"B01";"1";"10";"0";"2";"4";"2";"1";""
"202400025394";"155737047";"A01";"1";"7";"0";"2";"1";"1";"3";""
"202400025395";"155737044";"A01";"1";"32";"0";"1";"1";"1";"1";""
"202400025396";"155737043";"A01";"1";"7";"0";"1";"1";"1";"1";""
"202400025397";"155737041";"A01";"1";"7";"0";"2";"2";"15";"1";""
"202400025397";"155737042";"B01";"2";"32";"0";"2";"8";"18";"1";""
"202400025398";"155737038";"A01";"1";"15";"0";"2";"2";"2";"1";""
"202400025398";"155737040";"B01";"1";"7";"0";"2";"4";"16";"1";""
"202400025399";"155737037";"A01";"3";"7";"0";"9";"3";"2";"1";""
"202400025399";"155737039";"B01";"3";"50";"0";"2";"7";"2";"3";""
"202400025400";"155737036";"A01";"2";"10";"0";"1";"1";"2";"1";""
"202400025401";"155737035";"A01";"3";"10";"0";"1";"4";"4";"1";""
"202400025402";"155737032";"A01";"2";"7";"0";"2";"3";"5";"1";""
"202400025402";"155737034";"B01";"1";"7";"0";"2";"3";"1";"1";""
"202400025403";"155737033";"B01";"2";"7";"0";"1";"1";"15";"1";""
"202400025404";"155737028";"A01";"1";"2";"0";"2";"1";"5";"1";""
"202400025404";"155737030";"B01";"1";"14";"0";"2";"8";"15";"1";""
"202400025405";"155737027";"A01";"1";"7";"0";"2";"1";"1";"1";""
"202400025405";"155737029";"B01";"1";"10";"0";"2";"4";"1";"1";""
"202400025405";"155737031";"C01";"1";"7";"0";"2";"4";"1";"1";""
"202400025406";"155737025";"A01";"2";"37";"0";"9";"1";"1";"1";"3"
"202400025407";"155737024";"A01";"2";"7";"13";"0";"6";"1";"1";""
"202400025408";"155737023";"B01";"3";"7";"0";"2";"2";"1";"1";""
"202400025408";"155737026";"A01";"3";"7";"0";"2";"1";"19";"1";""
"202400025409";"155737021";"A01";"2";"7";"8";"0";"8";"26";"1";""
"202400025410";"155737020";"A01";"2";"34";"0";"2";"1";"2";"1";""
"202400025410";"155737022";"B01";"2";"7";"0";"2";"4";"2";"1";""
"202400025411";"155737018";"A01";"1";"7";"0";"1";"1";"1";"1";""
"202400025412";"155737017";"B01";"1";"17";"0";"2";"8";"1";"1";""
"202400025412";"155737019";"A01";"3";"31";"0";"2";"1";"19";"1";""
"202400025413";"155737015";"A01";"1";"10";"0";"2";"1";"13";"1";""
"202400025413";"155737016";"B01";"2";"7";"0";"2";"3";"1";"1";""
"202400025414";"155737013";"A01";"3";"7";"0";"2";"1";"15";"1";""
"202400025414";"155737014";"B01";"3";"7";"0";"2";"3";"1";"1";""
"202400025415";"155737011";"A01";"2";"17";"0";"2";"6";"13";"1";""
"202400025415";"155737012";"B01";"2";"7";"0";"2";"2";"17";"1";""
"202400025416";"155737008";"A01";"2";"2";"0";"0";"0";"1";"1";""
"202400025416";"155737010";"B01";"1";"7";"0";"2";"3";"1";"1";""
"202400025417";"155737007";"A01";"2";"7";"0";"2";"4";"1";"1";""
"202400025417";"155737009";"B01";"2";"7";"0";"2";"1";"1";"1";""
"202400025418";"155737006";"A01";"1";"7";"1";"0";"2";"14";"6";""
"202400025419";"155737004";"A01";"3";"7";"0";"2";"2";"16";"1";""
"202400025419";"155737005";"B01";"3";"7";"0";"2";"3";"1";"1";""
"202400025420";"155737002";"A01";"1";"7";"13";"0";"2";"1";"1";""
"202400025421";"155737001";"A01";"2";"7";"0";"2";"2";"1";"1";""
"202400025421";"155737003";"B01";"2";"32";"0";"2";"5";"23";"1";""
"202400025422";"155736998";"A01";"2";"7";"0";"2";"1";"1";"1";""
"202400025422";"155737000";"B01";"1";"10";"0";"2";"1";"1";"1";""
"202400025423";"155736997";"A01";"3";"7";"0";"2";"1";"2";"1";""
"202400025423";"155736999";"B01";"3";"7";"0";"2";"2";"15";"2";""
"202400025424";"155736995";"B01";"2";"7";"0";"2";"3";"13";"1";""
"202400025424";"155736996";"A01";"1";"7";"0";"2";"3";"1";"1";""
"202400025425";"155736994";"A01";"0";"7";"0";"1";"2";"1";"1";""
"202400025426";"155736993";"A01";"1";"7";"8";"0";"1";"1";"1";""
"202400025427";"155736991";"A01";"1";"7";"0";"1";"1";"1";"1";""
"202400025428";"155736990";"A01";"1";"7";"0";"2";"1";"1";"1";""
"202400025428";"155736992";"B01";"2";"7";"0";"2";"7";"1";"1";""
"202400025429";"155736987";"A01";"1";"7";"0";"2";"1";"13";"1";""
"202400025429";"155736988";"B01";"2";"7";"0";"2";"1";"1";"1";""
"202400025430";"155736986";"B01";"3";"50";"0";"2";"2";"1";"3";""
"202400025430";"155736989";"A01";"3";"7";"0";"2";"3";"16";"1";""
"202400025431";"155736985";"A01";"2";"7";"13";"0";"0";"1";"1";""
"202400025432";"155736983";"A01";"1";"7";"0";"2";"3";"2";"1";""
"202400025432";"155736984";"B01";"2";"33";"0";"2";"2";"2";"1";""
"202400025433";"155736982";"A01";"2";"7";"0";"1";"3";"21";"1";""
"202400025434";"155736980";"A01";"2";"7";"0";"2";"3";"0";"1";""
"202400025434";"155736981";"B01";"1";"32";"0";"2";"8";"15";"1";""
"202400025435";"155736979";"A01";"2";"7";"6";"0";"3";"1";"1";""
"202400025436";"155736977";"A01";"1";"32";"0";"2";"1";"9";"0";""
"202400025436";"155736978";"B01";"1";"7";"0";"2";"7";"1";"0";""
"202400025437";"155736973";"A01";"1";"33";"4";"2";"1";"1";"1";""
"202400025437";"155736974";"B01";"2";"7";"0";"2";"3";"1";"1";""
"202400025438";"155736972";"A01";"1";"7";"0";"2";"8";"16";"1";""
"202400025438";"155736975";"B01";"1";"7";"0";"2";"1";"1";"1";""
"202400025438";"155736976";"C01";"2";"15";"0";"2";"8";"1";"1";""
"202400025439";"155736971";"A01";"3";"7";"0";"2";"7";"26";"1";""
"202400025440";"155736969";"A01";"1";"7";"0";"2";"1";"13";"1";""
"202400025440";"155736970";"B01";"2";"7";"0";"2";"1";"1";"1";""
"202400025441";"155736968";"A01";"3";"10";"8";"0";"2";"26";"0";""
"202400025442";"155736966";"B01";"1";"7";"0";"2";"1";"1";"1";""
"202400025442";"155736967";"A01";"1";"7";"0";"2";"1";"9";"1";""
"202400025443";"155736965";"A01";"1";"7";"0";"1";"1";"1";"1";""
"202400025444";"155736962";"Z01";"1";"15";"0";"2";"0";"0";"0";""
"202400025444";"155736964";"B01";"3";"30";"0";"2";"0";"14";"1";""
"202400025445";"155736961";"A01";"1";"7";"0";"2";"3";"2";"1";""
"202400025445";"155736963";"B01";"2";"7";"0";"2";"3";"1";"1";""
"202400025446";"155736960";"A01";"1";"34";"0";"1";"1";"1";"0";""
"202400025447";"155736958";"A01";"1";"7";"0";"2";"1";"13";"1";""
"202400025447";"155736959";"B01";"2";"7";"0";"2";"1";"1";"2";""
"202400025448";"155736956";"B01";"1";"33";"8";"2";"1";"1";"1";""
"202400025448";"155736957";"A01";"2";"7";"0";"2";"3";"15";"1";""
"202400025449";"155736954";"A01";"1";"7";"0";"2";"1";"13";"1";""
"202400025449";"155736955";"B01";"2";"7";"0";"2";"1";"1";"2";""
"202400025450";"155736952";"A01";"3";"1";"0";"2";"1";"13";"5";""
"202400025450";"155736953";"B01";"3";"7";"0";"2";"3";"15";"1";""
"202400025451";"155736950";"A01";"2";"7";"0";"2";"5";"1";"1";""
"202400025451";"155736951";"B01";"1";"7";"0";"2";"1";"1";"1";""
"202400025452";"155736948";"A01";"2";"7";"0";"0";"2";"14";"1";""
"202400025453";"155736947";"A01";"1";"32";"0";"2";"0";"0";"1";""
"202400025453";"155736949";"B01";"1";"7";"0";"2";"0";"15";"1";""
"202400025454";"155736945";"A01";"1";"7";"0";"2";"1";"1";"1";""
"202400025454";"155736946";"B01";"2";"7";"0";"2";"1";"17";"1";""
"202400025455";"155736944";"A01";"3";"7";"0";"1";"1";"16";"2";""
"202400025456";"155736943";"A01";"2";"7";"2";"0";"9";"1";"1";""
"202400025457";"155736939";"A01";"0";"7";"0";"2";"1";"1";"1";""
"202400025457";"155736941";"B01";"0";"7";"0";"2";"1";"1";"0";""
"202400025458";"155736940";"A01";"0";"7";"0";"2";"0";"9";"1";""
"202400025458";"155736942";"B01";"0";"7";"0";"2";"0";"1";"1";""
"202400025459";"155736938";"A01";"1";"7";"0";"1";"3";"1";"1";""
"202400025460";"155736934";"B01";"3";"7";"0";"2";"1";"1";"1";""
"202400025460";"155736936";"A01";"3";"7";"0";"2";"1";"13";"1";""
"202400025461";"155736933";"A01";"0";"30";"0";"2";"7";"1";"1";""
"202400025461";"155736935";"B01";"0";"7";"0";"2";"1";"1";"1";""
"202400025462";"155736930";"B01";"1";"7";"0";"0";"8";"1";"1";""
"202400025462";"155736932";"A01";"2";"7";"0";"1";"3";"1";"1";""
"202400025463";"155736929";"B01";"3";"7";"0";"2";"4";"1";"1";""
"202400025463";"155736931";"A01";"3";"33";"0";"2";"1";"1";"1";""
"202400025464";"155736928";"A01";"1";"7";"0";"0";"9";"15";"1";""
"202400025465";"155736926";"B01";"1";"7";"0";"2";"2";"17";"1";""
"202400025465";"155736927";"A01";"1";"32";"0";"2";"3";"1";"1";""
"202400025466";"155736925";"A01";"3";"2";"14";"0";"0";"1";"1";""
"202400025467";"155736923";"A01";"1";"7";"2";"0";"7";"1";"1";""
"202400025468";"155736924";"A01";"1";"7";"0";"1";"1";"15";"1";""
"202400025469";"155736921";"A01";"2";"7";"0";"1";"2";"1";"1";""
"202400025470";"155736920";"A01";"1";"7";"0";"0";"3";"0";"1";""
"202400025470";"155736922";"B01";"1";"10";"0";"0";"1";"1";"1";""
"202400025471";"155736918";"A01";"1";"7";"2";"0";"8";"1";"1";""
"202400025472";"155736917";"B01";"1";"33";"12";"2";"1";"1";"1";""
"202400025472";"155736919";"A01";"1";"7";"12";"2";"5";"15";"1";""
"202400025473";"155736914";"A01";"1";"7";"0";"9";"3";"9";"1";""
"202400025473";"155736916";"B01";"2";"80";"0";"2";"7";"2";"3";""
"202400025474";"155736913";"A01";"1";"7";"0";"2";"1";"2";"1";""
"202400025474";"155736915";"B01";"1";"7";"0";"2";"4";"2";"1";""
"202400025475";"155736909";"B01";"3";"7";"0";"2";"7";"1";"1";""
"202400025475";"155736911";"A01";"3";"50";"0";"2";"3";"15";"3";""
"202400025476";"155736910";"A01";"1";"7";"0";"2";"3";"13";"1";""
"202400025476";"155736912";"B01";"2";"2";"0";"2";"1";"1";"1";""
"202400025477";"155736907";"A01";"0";"7";"0";"2";"7";"1";"1";""
"202400025477";"155736908";"B01";"0";"10";"0";"2";"8";"24";"1";""
"202400025478";"155736906";"A01";"1";"7";"8";"0";"2";"1";"1";""
"202400025479";"155736904";"A01";"0";"10";"0";"2";"3";"9";"1";""
"202400025479";"155736905";"B01";"0";"33";"0";"2";"1";"1";"1";""
"202400025480";"155736902";"A01";"2";"7";"0";"2";"3";"13";"1";""
"202400025480";"155736903";"B01";"1";"10";"0";"2";"3";"1";"1";""
"202400025481";"155736901";"A01";"3";"7";"8";"0";"1";"1";"1";""
"202400025482";"155736900";"A01";"1";"7";"0";"1";"2";"1";"1";""
"202400025483";"155736899";"A01";"1";"2";"0";"0";"0";"26";"1";""
"202400025484";"155736896";"A01";"1";"7";"0";"2";"3";"11";"1";""
"202400025484";"155736897";"B01";"1";"7";"0";"2";"7";"0";"1";""
"202400025485";"155736894";"B01";"1";"7";"0";"2";"4";"2";"1";""
"202400025485";"155736895";"A01";"1";"7";"0";"2";"4";"2";"1";""
"202400025485";"155736898";"C01";"1";"7";"0";"2";"1";"2";"1";""
"202400025486";"155736893";"A01";"1";"50";"0";"0";"1";"2";"3";""
"202400025487";"155736887";"A01";"2";"32";"0";"2";"1";"2";"1";""
"202400025487";"155736889";"B01";"2";"10";"0";"2";"6";"1";"0";""
"202400025488";"155736886";"B01";"1";"14";"0";"2";"1";"1";"1";""
"202400025488";"155736888";"C01";"2";"7";"0";"2";"1";"13";"1";""
"202400025488";"155736890";"D01";"1";"7";"0";"2";"8";"1";"1";""
"202400025488";"155736891";"A01";"2";"7";"0";"2";"9";"17";"1";""
"202400025488";"155736892";"E01";"2";"10";"0";"2";"8";"1";"1";""
"202400025489";"155736883";"A01";"1";"7";"0";"2";"3";"15";"1";""
"202400025489";"155736884";"B01";"0";"33";"0";"2";"1";"17";"1";""
"202400025490";"155736882";"B01";"3";"30";"0";"2";"5";"1";"1";""
"202400025490";"155736885";"A01";"3";"10";"0";"2";"3";"9";"1";""
"202400025491";"155736877";"B01";"2";"7";"0";"2";"1";"12";"1";""
"202400025491";"155736879";"A01";"2";"7";"0";"2";"4";"2";"1";""
"202400025492";"155736878";"A01";"1";"7";"0";"2";"2";"1";"1";""
"202400025492";"155736880";"B01";"1";"7";"14";"0";"1";"1";"1";""
"202400025493";"155736875";"A01";"3";"2";"0";"2";"3";"5";"0";""
"202400025493";"155736876";"B01";"0";"10";"0";"2";"3";"1";"1";""
"202400025494";"155736874";"A01";"3";"31";"0";"2";"0";"1";"1";""
"202400025495";"155736872";"A01";"2";"7";"3";"0";"6";"0";"1";""
"202400025495";"155736873";"B01";"2";"15";"1";"0";"2";"1";"1";""
"202400025496";"155736871";"A01";"3";"37";"0";"1";"5";"9";"0";"1"
"202400025497";"155736870";"A01";"2";"10";"0";"1";"2";"1";"1";""
"202400025498";"155736869";"A01";"1";"50";"9";"1";"1";"25";"3";""
"202400025499";"155736866";"A01";"2";"7";"0";"2";"1";"5";"1";""
"202400025499";"155736867";"B01";"1";"7";"0";"2";"1";"2";"1";""
"202400025499";"155736868";"C01";"1";"15";"0";"2";"3";"2";"1";""
"202400025500";"155736864";"A01";"2";"7";"0";"2";"3";"23";"1";""
"202400025500";"155736865";"B01";"2";"3";"0";"2";"2";"1";"1";""
"202400025501";"155736862";"A01";"2";"7";"2";"2";"2";"17";"1";""
"202400025501";"155736863";"B01";"2";"7";"0";"2";"3";"15";"1";""
"202400025502";"155736861";"A01";"1";"7";"0";"1";"3";"15";"1";""
"202400025503";"155736860";"A01";"2";"2";"0";"0";"0";"0";"1";""
"202400025504";"155736858";"A01";"2";"7";"0";"1";"1";"1";"1";""
"202400025505";"155736857";"B01";"3";"7";"0";"9";"6";"15";"0";""
"202400025505";"155736859";"A01";"3";"50";"0";"2";"1";"1";"3";""
"202400025506";"155736852";"A01";"3";"7";"2";"9";"1";"1";"0";""
"202400025506";"155736855";"B01";"3";"32";"0";"2";"6";"1";"0";""
"202400025507";"155736851";"A01";"2";"7";"0";"2";"1";"13";"1";""
"202400025507";"155736854";"B01";"1";"7";"0";"2";"3";"1";"1";""
"202400025507";"155736856";"C01";"1";"7";"0";"2";"6";"1";"2";""
"202400025508";"155736850";"A01";"1";"43";"0";"2";"3";"2";"1";""
"202400025508";"155736853";"B01";"1";"7";"0";"2";"5";"2";"2";""
"202400025509";"155736849";"A01";"3";"2";"5";"0";"1";"1";"1";""
"202400025510";"155736846";"A01";"1";"7";"13";"2";"1";"2";"1";""
"202400025510";"155736848";"B01";"1";"7";"13";"2";"4";"2";"1";""
"202400025511";"155736845";"A01";"2";"7";"13";"0";"2";"1";"1";""
"202400025512";"155736843";"A01";"2";"33";"0";"2";"2";"3";"1";""
"202400025512";"155736844";"B01";"2";"7";"0";"2";"3";"11";"1";""
"202400025512";"155736847";"C01";"2";"10";"0";"2";"5";"1";"1";""
"202400025513";"155736840";"A01";"1";"7";"0";"2";"1";"2";"1";""
"202400025513";"155736842";"B01";"1";"7";"0";"2";"4";"2";"1";""
"202400025514";"155736838";"C01";"1";"7";"0";"2";"1";"1";"1";""
"202400025514";"155736839";"B01";"1";"7";"0";"2";"8";"1";"1";""
"202400025514";"155736841";"A01";"2";"7";"0";"2";"3";"13";"1";""
"202400025515";"155736836";"A01";"1";"7";"3";"0";"1";"13";"2";""
"202400025516";"155736834";"A01";"1";"7";"0";"5";"1";"1";"1";""
"202400025517";"155736835";"B01";"1";"7";"0";"2";"4";"1";"2";""
"202400025517";"155736837";"A01";"1";"32";"0";"2";"1";"1";"1";""
"202400025518";"155736831";"B01";"2";"7";"0";"2";"1";"1";"1";""
"202400025518";"155736833";"A01";"2";"50";"0";"2";"7";"1";"3";""
"202400025519";"155736830";"A01";"1";"7";"2";"2";"8";"26";"1";""
"202400025519";"155736832";"B01";"1";"7";"0";"2";"1";"1";"1";""
"202400025520";"155736826";"A01";"1";"33";"0";"2";"2";"1";"1";""
"202400025520";"155736828";"B01";"1";"7";"0";"2";"6";"15";"2";""
"202400025521";"155736827";"A01";"1";"34";"0";"2";"1";"3";"1";""
"202400025521";"155736829";"B01";"1";"10";"0";"2";"6";"1";"1";""
"202400025522";"155736824";"A01";"2";"7";"0";"2";"2";"17";"1";""
"202400025522";"155736825";"B01";"2";"15";"0";"2";"6";"9";"0";""
"202400025523";"155736821";"A01";"1";"7";"4";"0";"3";"13";"1";""
"202400025524";"155736818";"A01";"2";"2";"0";"2";"1";"1";"1";""
"202400025524";"155736820";"B01";"1";"10";"0";"2";"6";"15";"1";""
"202400025525";"155736816";"A01";"1";"7";"0";"2";"5";"16";"1";""
"202400025525";"155736819";"B01";"1";"1";"0";"2";"0";"1";"5";""
"202400025526";"155736814";"A01";"0";"7";"6";"0";"2";"0";"1";""
"202400025527";"155736815";"A01";"2";"10";"0";"2";"5";"26";"1";""
"202400025527";"155736817";"B01";"2";"7";"0";"2";"1";"1";"1";""
"202400025528";"155736811";"A01";"0";"7";"0";"2";"1";"13";"1";""
"202400025528";"155736813";"B01";"0";"7";"0";"2";"1";"1";"1";""
"202400025529";"155736810";"B01";"2";"1";"0";"2";"4";"2";"5";""
"202400025529";"155736812";"A01";"2";"7";"0";"9";"1";"2";"1";""
"202400025530";"155736807";"A01";"2";"10";"0";"2";"2";"2";"1";""
"202400025530";"155736809";"B01";"2";"10";"0";"2";"6";"2";"1";""
"202400025531";"155736806";"A01";"2";"3";"6";"0";"3";"15";"1";""
"202400025531";"155736808";"B01";"2";"7";"0";"0";"2";"17";"1";""
"202400025532";"155736805";"A01";"2";"7";"8";"1";"2";"15";"1";""
"202400025533";"155736804";"A01";"2";"33";"0";"2";"0";"1";"1";""
"202400025534";"155736797";"B01";"1";"7";"0";"0";"0";"0";"1";""
"202400025534";"155736799";"A01";"2";"7";"0";"2";"1";"26";"1";""
"202400025535";"155736796";"B01";"1";"2";"0";"2";"1";"1";"1";""
"202400025535";"155736798";"A01";"1";"7";"0";"2";"2";"5";"3";""
"202400025536";"155736795";"A01";"1";"33";"0";"2";"1";"3";"1";""
"202400025536";"155736800";"B01";"1";"10";"0";"2";"6";"12";"1";""
"202400025537";"155736792";"B01";"3";"10";"0";"2";"2";"1";"1";""
"202400025537";"155736794";"A01";"3";"30";"0";"2";"7";"17";"1";""
"202400025538";"155736791";"A01";"1";"2";"0";"2";"1";"1";"1";""
"202400025538";"155736793";"B01";"2";"7";"0";"2";"7";"15";"1";""
"202400025539";"155736786";"B01";"3";"33";"0";"2";"0";"1";"1";""
"202400025539";"155736790";"A01";"3";"7";"0";"2";"0";"9";"0";""
"202400025540";"155736785";"A01";"1";"7";"0";"2";"6";"16";"1";""
"202400025540";"155736788";"B01";"1";"33";"0";"2";"1";"21";"1";""
"202400025541";"155736784";"A01";"1";"7";"0";"2";"1";"1";"3";""
"202400025541";"155736787";"B01";"1";"7";"0";"2";"1";"2";"1";""
"202400025541";"155736789";"C01";"1";"7";"0";"2";"3";"1";"2";""
"202400025542";"155736783";"A01";"2";"7";"15";"0";"1";"16";"1";""
"202400025543";"155736780";"A01";"1";"7";"0";"2";"2";"14";"1";""
"202400025543";"155736782";"B01";"1";"7";"0";"2";"6";"1";"1";""
"202400025544";"155736777";"A01";"3";"7";"0";"2";"1";"0";"1";""
"202400025544";"155736778";"B01";"3";"7";"0";"2";"4";"0";"2";""
"202400025545";"155736779";"A01";"1";"7";"0";"2";"7";"12";"1";""
"202400025545";"155736781";"B01";"1";"33";"0";"2";"1";"3";"1";""
"202400025546";"155736773";"A01";"1";"7";"3";"2";"1";"26";"1";""
"202400025546";"155736775";"B01";"1";"7";"0";"2";"8";"0";"1";""
"202400025546";"155736776";"C01";"1";"10";"0";"2";"1";"1";"1";""
"202400025547";"155736772";"A01";"1";"33";"0";"2";"1";"2";"1";""
"202400025547";"155736774";"B01";"1";"7";"0";"2";"4";"2";"1";""
"202400025548";"155736767";"A01";"3";"7";"0";"2";"1";"10";"1";""
"202400025548";"155736769";"B01";"3";"33";"0";"2";"1";"26";"1";""
"202400025549";"155736766";"A01";"1";"7";"0";"2";"1";"2";"0";""
"202400025549";"155736768";"B01";"1";"7";"0";"2";"4";"2";"1";""
"202400025550";"155736770";"A01";"1";"32";"0";"2";"0";"13";"1";""
"202400025550";"155736771";"B01";"1";"7";"0";"2";"6";"13";"1";""
"202400025551";"155736765";"A01";"3";"7";"0";"1";"4";"0";"1";""
"202400025552";"155736763";"A01";"1";"7";"0";"2";"1";"2";"1";""
"202400025552";"155736764";"B01";"1";"7";"0";"2";"4";"2";"1";""
"202400025553";"155736759";"A01";"1";"7";"16";"0";"7";"26";"1";""
"202400025554";"155736760";"A01";"2";"7";"0";"2";"4";"12";"1";""
"202400025554";"155736762";"B01";"2";"33";"0";"2";"7";"3";"0";""
"202400025555";"155736758";"B01";"1";"10";"0";"2";"1";"1";"1";""
"202400025555";"155736761";"A01";"1";"43";"0";"2";"8";"1";"1";""
"202400025556";"155736755";"A01";"3";"32";"8";"0";"1";"1";"1";""
"202400025557";"155736752";"D01";"1";"7";"0";"2";"4";"1";"1";""
"202400025557";"155736754";"A01";"1";"7";"0";"2";"1";"1";"1";""
"202400025557";"155736756";"B01";"1";"7";"0";"2";"4";"0";"1";""
"202400025557";"155736757";"C01";"1";"7";"0";"2";"4";"1";"1";""
"202400025558";"155736748";"A01";"1";"7";"0";"0";"1";"26";"1";""
"202400025559";"155736749";"A01";"3";"7";"0";"0";"3";"13";"1";""
"202400025559";"155736751";"B01";"3";"7";"0";"0";"1";"1";"1";""
"202400025560";"155736746";"B01";"1";"7";"0";"2";"9";"2";"2";""
"202400025560";"155736747";"C01";"1";"10";"0";"2";"2";"2";"1";""
"202400025560";"155736750";"D01";"1";"10";"4";"2";"9";"1";"1";""
"202400025560";"155736753";"Y01";"1";"7";"0";"2";"3";"18";"1";""
"202400025561";"155736744";"A01";"1";"7";"2";"0";"1";"13";"1";""
"202400025562";"155736742";"A01";"1";"7";"0";"2";"3";"11";"1";""
"202400025562";"155736743";"B01";"1";"33";"0";"2";"7";"2";"1";""
"202400025562";"155736745";"C01";"1";"7";"0";"2";"5";"2";"1";""
"202400025563";"155736741";"A01";"3";"50";"0";"0";"0";"1";"3";""
"202400025564";"155736738";"B01";"2";"7";"0";"2";"7";"12";"1";""
"202400025564";"155736740";"A01";"2";"33";"0";"2";"3";"3";"1";""
"202400025565";"155736737";"A01";"1";"33";"0";"1";"3";"1";"1";""
"202400025566";"155736739";"A01";"2";"7";"3";"0";"2";"21";"1";""
"202400025567";"155736733";"B01";"1";"7";"0";"2";"6";"2";"1";""
"202400025567";"155736736";"A01";"1";"7";"0";"2";"1";"2";"1";""
"202400025568";"155736734";"A01";"0";"1";"0";"0";"7";"1";"5";""
"202400025569";"155736732";"B01";"2";"37";"0";"2";"8";"1";"1";"3"
"202400025569";"155736735";"A01";"2";"7";"0";"2";"1";"19";"1";""
"202400025570";"155736731";"A01";"1";"33";"16";"0";"0";"26";"1";""
"202400025571";"155736726";"A01";"2";"7";"0";"2";"3";"14";"1";""
"202400025571";"155736729";"B01";"1";"7";"0";"2";"7";"1";"1";""
"202400025572";"155736721";"A01";"1";"7";"0";"2";"1";"2";"1";""
"202400025572";"155736723";"B01";"1";"7";"0";"2";"4";"2";"1";""
"202400025572";"155736725";"C01";"1";"7";"0";"2";"4";"2";"1";""
"202400025572";"155736728";"D01";"1";"7";"0";"2";"4";"2";"1";""
"202400025573";"155736722";"D01";"1";"7";"0";"2";"4";"2";"1";""
"202400025573";"155736724";"A01";"1";"10";"0";"2";"1";"2";"1";""
"202400025573";"155736727";"B01";"1";"7";"0";"2";"4";"2";"3";""
"202400025573";"155736730";"C01";"1";"10";"0";"2";"4";"2";"1";""
"202400025574";"155736719";"A01";"1";"7";"0";"2";"0";"26";"1";""
"202400025574";"155736720";"B01";"1";"1";"0";"2";"0";"26";"5";""
"202400025575";"155736717";"A01";"1";"7";"15";"0";"1";"0";"1";""
"202400025576";"155736710";"A01";"1";"15";"0";"2";"1";"2";"1";""
"202400025576";"155736712";"F01";"1";"7";"0";"2";"4";"2";"1";""
"202400025576";"155736714";"E01";"1";"7";"0";"2";"4";"2";"1";""
"202400025576";"155736715";"B01";"1";"10";"0";"2";"4";"2";"1";""
"202400025576";"155736716";"C01";"1";"7";"0";"2";"4";"2";"1";""
"202400025576";"155736718";"D01";"1";"7";"0";"2";"4";"2";"2";""
"202400025577";"155736709";"B01";"1";"7";"0";"2";"1";"2";"1";""
"202400025577";"155736713";"A01";"2";"7";"0";"2";"1";"17";"1";""
"202400025578";"155736708";"A01";"2";"7";"0";"2";"1";"2";"1";""
"202400025578";"155736711";"B01";"2";"10";"0";"2";"6";"2";"1";""
"202400025579";"155736706";"A01";"2";"7";"0";"2";"7";"12";"1";""
"202400025579";"155736707";"B01";"2";"33";"0";"2";"6";"1";"1";""
"202400025580";"155736704";"A01";"2";"10";"0";"2";"2";"10";"1";""
"202400025580";"155736705";"SB01";"1";"31";"0";"2";"1";"2";"1";""