"Num_Acc";"id_vehicule";"num_veh";"senc";"catv";"obs";"obsm";"choc";"manv";"motor";"occutc"
"202400025581";"155736702";"A01";"2";"33";"0";"2";"1";"3";"1";""
"202400025581";"155736703";"B01";"2";"7";"0";"2";"5";"12";"1";""
"202400025582";"155736700";"A01";"1";"7";"0";"0";"8";"1";"1";""
"202400025583";"155736697";"Z01";"2";"33";"0";"2";"1";"2";"1";""
"202400025583";"155736699";"B01";"2";"33";"0";"2";"4";"2";"1";""
"202400025584";"155736696";"Z01";"1";"14";"0";"2";"1";"2";"0";""
"202400025584";"155736698";"A01";"1";"7";"0";"2";"9";"2";"1";""
"202400025584";"155736701";"B01";"1";"7";"0";"2";"2";"1";"1";""
"202400025585";"155736694";"A01";"2";"7";"0";"2";"1";"1";"1";""
"202400025585";"155736695";"B01";"2";"7";"0";"2";"4";"1";"1";""
"202400025586";"155736693";"A01";"3";"7";"0";"1";"1";"1";"1";""
"202400025587";"155736690";"A01";"1";"33";"0";"2";"1";"12";"1";""
"202400025587";"155736692";"B01";"1";"7";"0";"2";"6";"1";"1";""
"202400025588";"155736688";"A01";"1";"7";"0";"2";"8";"11";"1";""
"202400025588";"155736691";"B01";"1";"33";"0";"2";"2";"3";"1";""
"202400025589";"155736687";"A01";"2";"10";"0";"2";"3";"17";"1";""
"202400025589";"155736689";"B01";"1";"10";"0";"2";"3";"1";"1";""
"202400025590";"155736686";"A01";"1";"50";"0";"1";"8";"1";"3";""
"202400025591";"155736684";"A01";"2";"33";"0";"2";"1";"1";"1";""
"202400025591";"155736685";"B01";"2";"7";"0";"2";"5";"1";"1";""
"202400025592";"155736683";"A01";"2";"14";"13";"0";"7";"1";"1";""
"202400025593";"155736679";"A01";"1";"7";"0";"2";"8";"11";"1";""
"202400025593";"155736681";"B01";"1";"33";"0";"2";"5";"3";"1";""
"202400025594";"155736678";"B01";"2";"7";"1";"0";"2";"24";"3";""
"202400025594";"155736680";"A01";"2";"7";"0";"2";"3";"20";"2";""
"202400025595";"155736675";"A01";"3";"33";"0";"2";"1";"13";"1";""
"202400025595";"155736677";"B01";"3";"7";"0";"2";"3";"1";"2";""
"202400025596";"155736671";"A01";"2";"33";"0";"2";"1";"3";"1";""
"202400025596";"155736674";"B01";"2";"7";"0";"2";"4";"12";"1";""
"202400025597";"155736673";"A01";"1";"15";"0";"2";"5";"12";"1";""
"202400025597";"155736676";"B01";"1";"7";"0";"2";"1";"1";"1";""
"202400025597";"155736682";"C01";"1";"33";"0";"2";"7";"0";"1";""
"202400025598";"155736670";"A01";"2";"7";"0";"2";"8";"15";"1";""
"202400025598";"155736672";"B01";"2";"1";"0";"2";"7";"1";"5";""
"202400025599";"155736669";"A01";"2";"7";"3";"0";"1";"1";"1";""
"202400025600";"155736668";"A01";"2";"7";"2";"0";"1";"13";"1";""
"202400025601";"155736667";"A01";"1";"7";"0";"1";"1";"1";"1";""
"202400025602";"155736664";"A01";"1";"2";"0";"0";"2";"1";"1";""
"202400025603";"155736665";"A01";"2";"43";"0";"1";"1";"17";"1";""
"202400025604";"155736662";"C01";"1";"13";"0";"2";"6";"1";"1";""
"202400025604";"155736663";"A01";"1";"7";"0";"2";"7";"12";"1";""
"202400025604";"155736666";"B01";"1";"33";"0";"2";"3";"3";"1";""
"202400025605";"155736661";"A01";"3";"7";"10";"0";"1";"0";"1";""
"202400025606";"155736658";"A01";"1";"10";"13";"0";"2";"1";"1";""
"202400025607";"155736659";"B01";"1";"2";"0";"2";"2";"19";"1";""
"202400025607";"155736660";"A01";"1";"10";"0";"0";"8";"1";"1";""
"202400025608";"155736655";"A01";"2";"2";"0";"2";"4";"23";"1";""
"202400025608";"155736657";"Z01";"2";"7";"0";"2";"1";"2";"3";""
"202400025609";"155736654";"B01";"2";"14";"0";"2";"6";"1";"0";""
"202400025609";"155736656";"A01";"1";"7";"0";"0";"3";"1";"1";""
"202400025610";"155736653";"A01";"1";"7";"0";"1";"2";"1";"1";""
"202400025611";"155736649";"B01";"2";"33";"0";"2";"2";"3";"1";""
"202400025611";"155736652";"A01";"2";"7";"0";"2";"6";"11";"2";""
"202400025612";"155736648";"A01";"1";"7";"0";"2";"8";"24";"1";""
"202400025612";"155736651";"B01";"1";"1";"1";"0";"1";"1";"5";""
"202400025613";"155736645";"A01";"2";"10";"0";"2";"1";"1";"1";""
"202400025613";"155736647";"C01";"1";"10";"0";"2";"7";"1";"1";""
"202400025613";"155736650";"B01";"2";"7";"0";"2";"8";"2";"1";""
"202400025614";"155736644";"A01";"1";"7";"0";"2";"1";"2";"1";""
"202400025615";"155736643";"A01";"2";"7";"0";"2";"3";"15";"1";""
"202400025615";"155736646";"B01";"2";"7";"0";"2";"2";"1";"3";""
"202400025616";"155736640";"B01";"2";"10";"0";"2";"2";"2";"1";""
"202400025616";"155736641";"A01";"2";"7";"0";"2";"4";"1";"1";""
"202400025617";"155736637";"Z01";"2";"7";"0";"2";"2";"12";"1";""
"202400025617";"155736642";"A01";"2";"33";"0";"2";"8";"1";"1";""
"202400025618";"155736635";"A01";"2";"7";"6";"0";"1";"1";"0";""
"202400025619";"155736636";"A01";"1";"10";"0";"2";"1";"9";"3";""
"202400025619";"155736639";"B01";"1";"1";"0";"2";"7";"26";"5";""
"202400025620";"155736629";"C01";"2";"7";"0";"2";"4";"2";"3";""
"202400025620";"155736633";"B01";"2";"7";"0";"2";"4";"2";"1";""
"202400025620";"155736638";"A01";"2";"7";"0";"2";"1";"2";"1";""
"202400025621";"155736627";"A01";"1";"7";"0";"2";"3";"15";"1";""
"202400025621";"155736631";"B01";"2";"33";"0";"2";"2";"1";"1";""
"202400025622";"155736630";"B01";"2";"7";"0";"2";"4";"23";"1";""
"202400025622";"155736634";"A01";"2";"7";"0";"2";"1";"1";"1";""
"202400025623";"155736628";"A01";"2";"10";"0";"2";"3";"15";"1";""
"202400025623";"155736632";"B01";"1";"33";"0";"2";"1";"1";"1";""
"202400025624";"155736624";"A01";"2";"10";"0";"0";"4";"23";"1";""
"202400025624";"155736626";"B01";"2";"33";"0";"2";"1";"1";"1";""
"202400025625";"155736622";"A01";"1";"7";"0";"2";"7";"15";"1";""
"202400025625";"155736625";"B01";"2";"30";"0";"2";"1";"1";"1";""
"202400025626";"155736621";"A01";"1";"7";"0";"1";"2";"15";"1";""
"202400025627";"155736616";"C01";"2";"15";"0";"2";"8";"1";"1";""
"202400025627";"155736617";"B01";"2";"7";"0";"2";"7";"17";"1";""
"202400025627";"155736619";"A01";"1";"7";"0";"2";"8";"17";"1";""
"202400025628";"155736615";"A01";"2";"7";"0";"1";"1";"1";"1";""
"202400025629";"155736618";"C01";"2";"7";"0";"0";"0";"0";"1";""
"202400025629";"155736620";"A01";"2";"7";"0";"2";"1";"26";"1";""
"202400025629";"155736623";"B01";"2";"7";"0";"0";"0";"0";"1";""
"202400025630";"155736613";"A01";"1";"50";"0";"2";"2";"1";"3";""
"202400025630";"155736614";"Z01";"1";"7";"0";"9";"2";"16";"1";""
"202400025631";"155736612";"A01";"1";"7";"13";"0";"3";"1";"1";""
"202400025632";"155736610";"A01";"1";"31";"0";"2";"1";"1";"1";""
"202400025632";"155736611";"B01";"1";"7";"0";"2";"4";"1";"1";""
"202400025633";"155736608";"A01";"2";"7";"1";"0";"2";"14";"1";""
"202400025634";"155736605";"A01";"0";"7";"0";"9";"0";"1";"1";""
"202400025635";"155736603";"A01";"1";"50";"0";"2";"7";"1";"3";""
"202400025635";"155736606";"Z01";"1";"10";"0";"2";"6";"1";"0";""
"202400025636";"155736604";"C01";"2";"7";"0";"2";"4";"1";"1";""
"202400025636";"155736607";"A01";"2";"7";"0";"2";"1";"2";"1";""
"202400025636";"155736609";"B01";"2";"7";"0";"2";"4";"1";"1";""
"202400025637";"155736601";"A01";"1";"7";"0";"2";"2";"15";"1";""
"202400025637";"155736602";"B01";"2";"7";"0";"2";"1";"1";"1";""
"202400025638";"155736600";"A01";"2";"33";"4";"0";"8";"1";"1";""
"202400025639";"155736596";"A01";"0";"7";"0";"1";"2";"21";"1";""
"202400025640";"155736595";"A01";"3";"7";"0";"2";"3";"1";"2";""
"202400025640";"155736599";"B01";"1";"33";"0";"2";"8";"2";"1";""
"202400025641";"155736592";"A01";"3";"10";"0";"1";"1";"1";"0";""
"202400025642";"155736591";"A01";"2";"2";"0";"1";"1";"26";" -1";""
"202400025643";"155736590";"B01";"1";"7";"0";"2";"4";"2";"1";""
"202400025643";"155736593";"D01";"1";"7";"0";"2";"5";"1";"1";""
"202400025643";"155736594";"A01";"1";"7";"0";"2";"1";"2";"1";""
"202400025643";"155736597";"C01";"1";"7";"0";"2";"5";"2";"3";""
"202400025644";"155736587";"A01";"2";"7";"0";"2";"3";"1";"1";""
"202400025644";"155736588";"B01";"2";"7";"0";"2";"7";"14";"1";""
"202400025645";"155736586";"B01";"2";"7";"0";"2";"2";"16";"1";""
"202400025645";"155736589";"A01";"2";"7";"0";"2";"8";"1";"1";""
"202400025646";"155736584";"A01";"0";"34";"0";"2";"1";"1";"0";""
"202400025646";"155736585";"B01";"0";"7";"0";"2";"7";"15";"0";""
"202400025647";"155736579";"A01";"1";"7";"0";"2";"0";"1";"1";""
"202400025647";"155736581";"B01";"1";"7";"0";"2";"1";"1";"1";""
"202400025647";"155736583";"C01";"1";"7";"0";"2";"0";"0";"1";""
"202400025648";"155736578";"A01";"0";"7";"1";"0";"1";"1";"1";""
"202400025649";"155736580";"A01";"2";"7";"3";"0";"2";"2";"1";""
"202400025650";"155736577";"A01";"2";"7";"0";"2";"2";"1";"1";""
"202400025650";"155736582";"B01";"2";"34";"0";"2";"3";"9";"1";""
"202400025651";"155736575";"B01";"2";"7";"0";"2";"1";"1";"1";""
"202400025651";"155736576";"A01";"2";"7";"0";"2";"4";"1";"1";""
"202400025652";"155736573";"A01";"3";"7";"0";"1";"6";"2";"2";""
"202400025653";"155736571";"A01";"1";"7";"0";"2";"1";"26";"1";""
"202400025653";"155736574";"B01";"1";"7";"3";"2";"5";"26";"1";""
"202400025654";"155736569";"A01";"1";"33";"0";"2";"3";"1";"0";""
"202400025654";"155736572";"B01";"1";"7";"0";"2";"5";"1";"0";""
"202400025655";"155736568";"B01";"1";"7";"0";"2";"4";"26";"1";""
"202400025655";"155736570";"A01";"1";"7";"0";"2";"1";"1";"1";""
"202400025656";"155736566";"A01";"3";"7";"0";"1";"3";"1";"1";""
"202400025657";"155736565";"A01";"3";"30";"12";"2";"3";"26";"1";""
"202400025657";"155736567";"B01";"3";"37";"12";"2";"2";"1";"1";"1"
"202400025658";"155736561";"B01";"1";"33";"0";"2";"8";"1";"0";""
"202400025658";"155736563";"C01";"1";"7";"0";"2";"1";"2";"0";""
"202400025658";"155736564";"A01";"1";"7";"0";"2";"2";"12";"0";""
"202400025659";"155736559";"B01";"2";"34";"0";"2";"7";"23";"1";""
"202400025659";"155736562";"A01";"2";"7";"0";"2";"8";"17";"1";""
"202400025660";"155736556";"A01";"2";"30";"0";"2";"2";"17";"1";""
"202400025660";"155736558";"B01";"2";"10";"0";"2";"6";"1";"1";""
"202400025661";"155736551";"A01";"3";"33";"13";"0";"7";"17";"1";""
"202400025661";"155736554";"B01";"3";"7";"0";"2";"6";"2";"1";""
"202400025662";"155736550";"B01";"1";"33";"0";"2";"2";"3";"1";""
"202400025662";"155736552";"C01";"1";"10";"0";"2";"4";"1";"0";""
"202400025662";"155736555";"A01";"1";"7";"0";"2";"8";"13";"0";""
"202400025663";"155736549";"A01";"2";"7";"0";"2";"3";"14";"0";""
"202400025663";"155736553";"D01";"2";"7";"0";"2";"4";"1";"0";""
"202400025663";"155736557";"C01";"2";"7";"0";"2";"5";"1";"0";""
"202400025663";"155736560";"B01";"2";"7";"0";"2";"3";"1";"0";""
"202400025664";"155736541";"A01";"1";"10";"0";"2";"7";"11";"1";""
"202400025664";"155736544";"B01";"1";"43";"4";"2";"3";"1";"1";""
"202400025664";"155736546";"C01";"1";"7";"0";"2";"1";"1";"1";""
"202400025665";"155736543";"A01";"1";"7";"0";"2";"1";"2";"1";""
"202400025665";"155736545";"B01";"1";"10";"0";"2";"4";"2";"1";""
"202400025666";"155736540";"B01";"1";"34";"0";"2";"1";"1";"1";""
"202400025666";"155736542";"A01";"2";"7";"0";"2";"2";"15";"1";""
"202400025667";"155736537";"A01";"2";"33";"0";"2";"1";"3";"1";""
"202400025667";"155736539";"B01";"2";"7";"0";"2";"5";"12";"1";""
"202400025668";"155736536";"A01";"1";"10";"0";"2";"1";"2";"1";""
"202400025668";"155736538";"B01";"1";"7";"0";"2";"4";"2";"1";""
"202400025669";"155736534";"A01";"1";"7";"0";"2";"3";"19";"1";""
"202400025669";"155736535";"B01";"1";"7";"0";"2";"8";"1";"1";""
"202400025670";"155736532";"B01";"1";"7";"0";"2";"2";"1";"1";""
"202400025670";"155736533";"A01";"1";"7";"0";"2";"1";"11";"2";""
"202400025671";"155736527";"A01";"2";"7";"0";"2";"2";"0";"1";""
"202400025671";"155736529";"B01";"2";"31";"0";"2";"8";"1";"1";""
"202400025672";"155736528";"A01";"1";"10";"0";"2";"8";"11";"1";""
"202400025672";"155736531";"B01";"1";"33";"0";"2";"7";"11";"1";""
"202400025673";"155736526";"A01";"1";"7";"0";"2";"1";"15";"1";""
"202400025673";"155736530";"B01";"2";"50";"0";"2";"8";"1";"3";""
"202400025674";"155736521";"B01";"1";"7";"1";"2";"3";"1";"1";""
"202400025674";"155736524";"A01";"2";"7";"0";"2";"3";"1";"2";""
"202400025675";"155736519";"A01";"1";"33";"0";"0";"4";"9";"1";""
"202400025675";"155736523";"B01";"1";"17";"0";"2";"2";"1";"1";""
"202400025676";"155736517";"A01";"2";"7";"0";"2";"1";"2";"1";""
"202400025676";"155736518";"B01";"2";"7";"0";"2";"4";"2";"1";""
"202400025676";"155736520";"C01";"2";"7";"0";"2";"4";"2";"1";""
"202400025676";"155736522";"D01";"2";"7";"0";"2";"4";"2";"1";""
"202400025676";"155736525";"E01";"2";"7";"0";"2";"1";"1";"2";""
"202400025677";"155736514";"B01";"1";"34";"0";"2";"1";"1";"0";""
"202400025677";"155736516";"A01";"2";"7";"0";"2";"3";"1";"1";""
"202400025678";"155736511";"B01";"1";"7";"0";"2";"5";"1";"1";""
"202400025678";"155736513";"A01";"1";"7";"0";"2";"3";"11";"2";""
"202400025679";"155736510";"A01";"2";"7";"0";"2";"4";"1";"1";""
"202400025679";"155736512";"B01";"2";"37";"0";"2";"3";"1";"1";"1"
"202400025679";"155736515";"C01";"2";"7";"0";"2";"1";"1";"1";""
"202400025680";"155736507";"A01";"2";"7";"0";"2";"2";"15";"1";""
"202400025680";"155736509";"B01";"1";"7";"9";"2";"9";"1";"1";""
"202400025681";"155736505";"A01";"2";"7";"0";"2";"1";"2";"1";""
"202400025681";"155736508";"B01";"2";"10";"0";"2";"4";"2";"1";""
"202400025682";"155736501";"A01";"2";"7";"0";"2";"3";"11";"1";""
"202400025682";"155736502";"B01";"2";"33";"0";"2";"1";"3";"1";""
"202400025683";"155736500";"B01";"0";"43";"0";"2";"1";"1";"1";""
"202400025683";"155736503";"A01";"2";"7";"0";"2";"3";"9";"1";""
"202400025684";"155736499";"B01";"1";"7";"0";"2";"4";"2";"1";""
"202400025684";"155736504";"C01";"1";"10";"0";"2";"4";"2";"1";""
"202400025684";"155736506";"A01";"1";"10";"0";"2";"1";"2";"1";""
"202400025685";"155736496";"A01";"1";"7";"0";"2";"6";"1";"1";""
"202400025685";"155736498";"B01";"1";"14";"0";"2";"2";"14";"1";""
"202400025686";"155736495";"A01";"1";"7";"0";"2";"3";"15";"1";""
"202400025686";"155736497";"B01";"1";"2";"0";"2";"7";"17";"1";""
"202400025687";"155736491";"A01";"1";"7";"0";"2";"5";"12";"1";""
"202400025687";"155736494";"B01";"1";"33";"0";"2";"1";"1";"1";""
"202400025688";"155736488";"B01";"2";"33";"0";"2";"0";"11";"1";""
"202400025688";"155736490";"A01";"2";"10";"0";"0";"0";"1";"1";""
"202400025688";"155736493";"C01";"2";"15";"0";"0";"1";"1";"1";""
"202400025689";"155736489";"B01";"1";"1";"0";"2";"6";"15";"5";""
"202400025689";"155736492";"A01";"1";"7";"0";"2";"3";"15";"2";""
"202400025690";"155736485";"B01";"2";"33";"0";"2";"8";"1";"1";""
"202400025690";"155736487";"A01";"2";"7";"0";"2";"7";"12";"1";""
"202400025691";"155736486";"A01";"1";"7";"0";"1";"5";"2";"1";""
"202400025692";"155736484";"A01";"1";"7";"0";"1";"0";"16";"1";""
"202400025693";"155736482";"B01";"1";"14";"0";"2";"4";"2";"1";""
"202400025693";"155736483";"A01";"1";"7";"0";"2";"1";"2";"1";""
"202400025694";"155736480";"B01";"0";"7";"0";"2";"3";"15";"3";""
"202400025694";"155736481";"A01";"0";"1";"0";"2";"2";"1";"5";""
"202400025695";"155736479";"A01";"0";"7";"0";"1";"2";"16";"1";""
"202400025696";"155736476";"B01";"1";"7";"0";"2";"5";"15";"1";""
"202400025696";"155736477";"C01";"1";"13";"0";"2";"3";"2";"1";""
"202400025696";"155736478";"A01";"2";"33";"0";"2";"1";"0";"1";""
"202400025697";"155736474";"A01";"1";"7";"0";"2";"1";"15";"1";""
"202400025697";"155736475";"Y01";"3";"60";"0";"2";"8";"19";"5";""
"202400025698";"155736472";"A01";"1";"7";"0";"1";"1";"15";"1";""
"202400025699";"155736470";"A01";"3";"50";"0";"1";"4";"0";"3";""
"202400025700";"155736471";"A01";"1";"50";"0";"2";"8";"2";"3";""
"202400025700";"155736473";"Z01";"1";"10";"0";"2";"2";"2";"0";""
"202400025701";"155736468";"A01";"3";"7";"0";"2";"6";"14";"1";""
"202400025701";"155736469";"B01";"3";"50";"0";"2";"1";"14";"3";""
"202400025702";"155736465";"A01";"1";"33";"0";"0";"0";"17";"1";""
"202400025703";"155736464";"B01";"1";"10";"0";"2";"5";"16";"1";""
"202400025703";"155736466";"A01";"0";"50";"0";"2";"0";"0";"3";""
"202400025704";"155736462";"A01";"2";"33";"0";"0";"8";"1";"1";""
"202400025705";"155736460";"A01";"3";"1";"0";"2";"1";"1";"5";""
"202400025705";"155736461";"B01";"3";"1";"0";"2";"1";"1";"5";""
"202400025706";"155736459";"A01";"2";"7";"0";"2";"1";"2";"1";""
"202400025706";"155736463";"B01";"2";"7";"0";"2";"4";"2";"1";""
"202400025707";"155736458";"A01";"1";"33";"0";"6";"1";"21";"1";""
"202400025708";"155736457";"A01";"1";"7";"0";"1";"1";"16";"1";""
"202400025709";"155736456";"A01";"1";"33";"0";"5";"1";"1";"1";""
"202400025710";"155736455";"A01";"1";"10";"3";"0";"1";"26";"1";""
"202400025711";"155736453";"A01";"3";"7";"0";"2";"1";"1";"1";""
"202400025711";"155736454";"B01";"3";"7";"0";"2";"9";"15";"1";""
"202400025712";"155736450";"A01";"2";"7";"0";"1";"3";"16";"1";""
"202400025713";"155736451";"B01";"2";"33";"0";"2";"1";"26";"1";""
"202400025713";"155736452";"A01";"1";"7";"0";"2";"6";"9";"1";""
"202400025714";"155736446";"A01";"2";"7";"17";"0";"3";"13";"1";""
"202400025715";"155736448";"B01";"1";"50";"0";"2";"0";"0";"3";""
"202400025715";"155736449";"A01";"1";"7";"0";"2";"0";"0";"1";""
"202400025716";"155736445";"A01";"1";"7";"8";"2";"3";"1";"2";""
"202400025716";"155736447";"Z01";"1";"7";"0";"2";"5";"14";"1";""
"202400025717";"155736442";"A01";"3";"7";"0";"2";"3";"1";"1";""
"202400025717";"155736444";"B01";"3";"1";"0";"2";"1";"19";"5";""
"202400025718";"155736443";"A01";"2";"7";"0";"2";"1";"1";"1";""
"202400025719";"155736439";"A01";"3";"7";"0";"2";"6";"2";"1";""
"202400025719";"155736440";"B01";"3";"7";"0";"2";"2";"26";"2";""
"202400025719";"155736441";"C01";"3";"7";"0";"2";"2";"26";"3";""
"202400025720";"155736438";"A01";"1";"7";"1";"0";"1";"0";"1";""
"202400025721";"155736435";"B01";"3";"50";"0";"2";"1";"26";"3";""
"202400025721";"155736437";"A01";"3";"7";"0";"2";"4";"26";"0";""
"202400025722";"155736433";"A01";"1";"7";"0";"1";"2";"1";"2";""
"202400025723";"155736430";"A01";"2";"10";"0";"2";"1";"1";"1";""
"202400025723";"155736434";"B01";"2";"7";"0";"2";"4";"1";"1";""
"202400025723";"155736436";"C01";"2";"7";"0";"2";"5";"1";"1";""
"202400025724";"155736431";"A01";"1";"33";"0";"2";"1";"1";"1";""
"202400025724";"155736432";"B01";"2";"7";"0";"2";"7";"19";"1";""
"202400025725";"155736428";"A01";"1";"14";"0";"9";"4";"23";"1";""
"202400025725";"155736429";"B01";"1";"7";"0";"2";"1";"1";"1";""
"202400025726";"155736425";"A01";"2";"7";"0";"1";"3";"2";"2";""
"202400025727";"155736424";"A01";"1";"1";"0";"0";"0";"1";"5";""
"202400025728";"155736423";"A01";"1";"7";"0";"2";"3";"16";"1";""
"202400025728";"155736427";"B01";"2";"99";"1";"2";"1";"15";"3";""
"202400025729";"155736421";"B01";"1";"7";"0";"2";"8";"1";"2";""
"202400025729";"155736422";"A01";"1";"15";"0";"2";"7";"2";"1";""
"202400025730";"155736418";"A01";"1";"7";"0";"0";"4";"24";"1";""
"202400025730";"155736419";"B01";"1";"2";"1";"0";"1";"1";"1";""
"202400025731";"155736417";"A01";"1";"50";"0";"2";"1";"19";"3";""
"202400025731";"155736420";"B01";"1";"1";"0";"2";"7";"1";"5";""
"202400025732";"155736414";"B01";"2";"1";"0";"0";"4";"1";"5";""
"202400025732";"155736415";"A01";"2";"7";"0";"2";"2";"1";"1";""
"202400025733";"155736413";"B01";"1";"1";"0";"2";"1";"15";"5";""
"202400025733";"155736416";"A01";"1";"7";"0";"2";"1";"16";"0";""
"202400025734";"155736411";"Z01";"1";"0";"0";"2";"0";"0";"0";""
"202400025734";"155736412";"B01";"2";"7";"0";"2";"6";"2";"1";""
"202400025735";"155736409";"A01";"1";"2";"0";"2";"1";"17";"1";""
"202400025735";"155736410";"B01";"1";"7";"0";"2";"3";"15";"1";""
"202400025736";"155736406";"A01";"1";"7";"0";"2";"1";"13";"1";""
"202400025736";"155736408";"B01";"2";"7";"0";"2";"1";"1";"1";""
"202400025737";"155736404";"B01";"3";"50";"0";"2";"1";"1";"3";""
"202400025737";"155736405";"A01";"2";"7";"0";"2";"1";"9";"1";""
"202400025738";"155736403";"A01";"2";"36";"1";"0";"1";"15";"1";""
"202400025739";"155736402";"B01";"2";"7";"0";"2";"1";"9";"1";""
"202400025739";"155736407";"A01";"2";"33";"0";"2";"7";"17";"1";""
"202400025740";"155736400";"A01";"1";"33";"11";"0";"1";"1";"1";""
"202400025741";"155736399";"A01";"3";"10";"0";"2";"2";"1";"1";""
"202400025741";"155736401";"B01";"1";"32";"0";"2";"3";"9";"1";""
"202400025742";"155736398";"A01";"1";"60";"0";"0";"0";"0";"5";""
"202400025743";"155736396";"A01";"1";"14";"0";"0";"7";"1";"1";""
"202400025744";"155736394";"A01";"3";"7";"0";"2";"3";"9";"1";""
"202400025744";"155736397";"B01";"1";"7";"0";"2";"1";"1";"1";""
"202400025745";"155736395";"A01";"1";"7";"8";"0";"9";"11";"1";""
"202400025746";"155736392";"B01";"3";"1";"0";"2";"0";"26";"5";""
"202400025746";"155736393";"A01";"3";"7";"0";"2";"0";"0";"1";""
"202400025747";"155736391";"A01";"1";"7";"0";"1";"2";"1";"1";""
"202400025748";"155736386";"A01";"0";"7";"0";"2";"0";"0";"1";""
"202400025748";"155736389";"B01";"2";"7";"0";"2";"0";"0";"1";""
"202400025748";"155736390";"C01";"1";"7";"0";"0";"0";"0";"1";""
"202400025749";"155736384";"A01";"2";"1";"0";"0";"0";"0";"5";""
"202400025750";"155736385";"A01";"1";"7";"0";"9";"2";"17";"1";""
"202400025750";"155736387";"B01";"1";"1";"0";"2";"1";"15";"5";""
"202400025751";"155736381";"B01";"1";"31";"0";"2";"1";"1";"1";""
"202400025751";"155736383";"A01";"1";"10";"0";"2";"2";"1";"1";""
"202400025752";"155736378";"B01";"2";"99";"0";"2";"3";"1";"1";""
"202400025752";"155736380";"A01";"2";"7";"0";"2";"6";"15";"1";""
"202400025753";"155736377";"A01";"3";"7";"0";"2";"4";"23";" -1";""
"202400025753";"155736379";"B01";"3";"7";"0";"2";"1";"2";" -1";""
"202400025753";"155736382";"C01";"3";"7";"0";"2";"1";"2";" -1";""
"202400025754";"155736376";"A01";"0";"2";"0";"0";"0";"1";"1";""
"202400025755";"155736375";"A01";"2";"7";"17";"0";"1";"1";"0";""
"202400025756";"155736372";"A01";"1";"7";"2";"0";"0";"1";"1";""
"202400025757";"155736370";"B01";"2";"10";"0";"2";"4";"23";"1";""
"202400025757";"155736373";"A01";"2";"7";"0";"2";"1";"1";"1";""
"202400025758";"155736371";"B01";"2";"30";"0";"2";"8";"1";"1";""
"202400025758";"155736374";"A01";"2";"7";"0";"2";"1";"15";"1";""
"202400025759";"155736369";"A01";"1";"43";"0";"9";"2";"1";"1";""
"202400025760";"155736368";"A01";"3";"10";"0";"1";"5";"4";"1";""
"202400025761";"155736366";"B01";"2";"7";"0";"2";"3";"1";"1";""
"202400025761";"155736367";"A01";"1";"7";"0";"2";"3";"13";"1";""
"202400025762";"155736364";"A01";"2";"21";"12";"0";"0";"15";"1";""
"202400025762";"155736365";"B01";"2";"33";"12";"0";"0";"17";"1";""
"202400025763";"155736362";"B01";"1";"7";"0";"2";"1";"15";"1";""
"202400025763";"155736363";"A01";"1";"34";"0";"2";"7";"1";"1";""
"202400025764";"155736357";"B01";"3";"2";"0";"2";"8";"1";"1";""
"202400025764";"155736360";"Z01";"3";"7";"0";"2";"1";"15";"0";""
"202400025765";"155736358";"A01";"1";"33";"0";"2";"1";"1";"1";""
"202400025765";"155736361";"B01";"2";"7";"0";"0";"7";"15";"1";""
"202400025766";"155736356";"A01";"1";"7";"0";"2";"5";"1";"1";""
"202400025766";"155736359";"B01";"1";"33";"0";"2";"8";"1";"1";""
"202400025767";"155736354";"A01";"3";"7";"0";"1";"7";"1";"1";""
"202400025768";"155736352";"B01";"2";"10";"0";"0";"0";"9";" -1";""
"202400025768";"155736353";"A01";"2";"33";"0";"2";"0";"21";"1";""
"202400025769";"155736350";"A01";"2";"31";"0";"0";"7";"1";"1";""
"202400025770";"155736351";"A01";"1";"7";"0";"1";"2";"15";"1";""
"202400025771";"155736346";"A01";"3";"30";"0";"2";"3";"1";"1";""
"202400025771";"155736349";"B01";"3";"7";"0";"2";"1";"15";"1";""
"202400025772";"155736345";"B01";"1";"2";"0";"2";"4";"26";"1";""
"202400025772";"155736348";"A01";"1";"10";"0";"2";"1";"26";"1";""
"202400025773";"155736344";"B01";"1";"7";"0";"2";"1";"1";"2";""
"202400025773";"155736347";"A01";"1";"10";"0";"2";"2";"19";"1";""
"202400025774";"155736343";"A01";"0";"7";"0";"1";"1";"1";"2";""
"202400025775";"155736342";"A01";"1";"33";"0";"0";"7";"1";"1";""
"202400025776";"155736339";"A01";"2";"1";"0";"0";"0";"1";"5";""
"202400025777";"155736340";"A01";"3";"7";"0";"1";"1";"1";"1";""
"202400025778";"155736338";"A01";"0";"30";"0";"2";"1";"1";"1";""
"202400025778";"155736341";"B01";"0";"10";"0";"2";"4";"1";"1";""
"202400025779";"155736337";"A01";"1";"7";"2";"0";"3";"1";"2";""
"202400025780";"155736331";"B01";"2";"1";"0";"2";"8";"19";"5";""
"202400025780";"155736333";"A01";"1";"7";"0";"2";"1";"1";"1";""
"202400025781";"155736330";"A01";"2";"50";"0";"2";"1";"1";"3";""
"202400025781";"155736335";"B01";"1";"1";"0";"2";"1";"1";"5";""
"202400025782";"155736332";"B01";"2";"21";"0";"2";"7";"0";"0";""
"202400025782";"155736334";"A01";"1";"7";"0";"2";"1";"1";"3";""