"Num_Acc";"id_vehicule";"num_veh";"senc";"catv";"obs";"obsm";"choc";"manv";"motor";"occutc"
"202400025783";"155736328";"A01";"2";"10";"1";"0";"2";"1";"1";""
"202400025784";"155736327";"A01";"2";"7";"0";"2";"3";"16";"1";""
"202400025784";"155736329";"B01";"2";"50";"0";"2";"7";"0";"3";""
"202400025785";"155736326";"A01";"3";"50";"0";"0";"0";"0";"3";""
"202400025786";"155736323";"A01";"1";"7";"2";"0";"1";"21";"1";""
"202400025787";"155736322";"B01";"0";"50";"0";"2";"8";"19";"3";""
"202400025787";"155736325";"A01";"1";"7";"0";"2";"1";"1";"1";""
"202400025788";"155736320";"B01";"1";"7";"0";"0";"4";"1";"1";""
"202400025788";"155736321";"A01";"1";"31";"0";"2";"1";"1";"1";""
"202400025789";"155736319";"A01";"0";"37";"0";"1";"2";"21";"1";"1"
"202400025790";"155736315";"A01";"3";"7";"0";"2";"3";"1";"1";""
"202400025790";"155736317";"B01";"0";"7";"0";"2";"3";"0";"3";""
"202400025790";"155736318";"C01";"0";"7";"0";"2";"8";"2";"1";""
"202400025791";"155736311";"C01";"1";"7";"0";"2";"4";"12";"1";""
"202400025791";"155736312";"A01";"1";"7";"0";"2";"1";"12";"1";""
"202400025791";"155736313";"B01";"1";"7";"0";"2";"4";"12";"1";""
"202400025792";"155736310";"A01";"1";"7";"2";"0";"1";"1";"1";""
"202400025793";"155736308";"A01";"2";"7";"0";"2";"3";"1";"1";""
"202400025793";"155736309";"B01";"1";"3";"0";"2";"1";"13";"1";""
"202400025794";"155736305";"A01";"2";"7";"0";"2";"3";"1";"1";""
"202400025794";"155736306";"B01";"2";"7";"0";"2";"6";"9";"1";""
"202400025795";"155736303";"B01";"3";"1";"0";"2";"1";"1";"5";""
"202400025795";"155736304";"A01";"3";"7";"0";"2";"3";"15";"1";""
"202400025796";"155736301";"A01";"1";"7";"6";"0";"2";"0";"1";""
"202400025797";"155736300";"A01";"3";"40";"0";"1";"2";"1";"0";""
"202400025798";"155736302";"A01";"1";"7";"0";"1";"1";"1";"1";""
"202400025799";"155736298";"A01";"2";"7";"0";"9";"7";"17";"1";""
"202400025799";"155736299";"B01";"2";"1";"0";"2";"8";"1";"5";""
"202400025800";"155736297";"A01";"3";"7";"0";"1";"1";"15";"1";""
"202400025801";"155736295";"A01";"2";"7";"13";"0";"0";"0";"1";""
"202400025802";"155736292";"A01";"1";"7";"0";"9";"3";"1";"1";""
"202400025802";"155736294";"B01";"0";"1";"0";"0";"0";"0";"5";""
"202400025803";"155736293";"A01";"1";"7";"0";"2";"2";"1";"1";""
"202400025803";"155736296";"B01";"1";"7";"0";"2";"1";"1";"1";""
"202400025804";"155736290";"A01";"0";"7";"0";"0";"2";"9";"1";""
"202400025804";"155736291";"B01";"0";"1";"0";"2";"5";"26";"5";""
"202400025805";"155736289";"A01";"3";"7";"1";"0";"0";"1";"1";""
"202400025806";"155736288";"A01";"2";"33";"2";"0";"1";"1";"1";""
"202400025807";"155736285";"A01";"1";"7";"0";"2";"1";"14";"1";""
"202400025807";"155736287";"B01";"1";"1";"0";"2";"3";"1";"5";""
"202400025808";"155736284";"A01";"1";"7";"0";"1";"4";"4";"0";""
"202400025809";"155736282";"C01";"1";"7";"0";"2";"3";"1";"1";""
"202400025809";"155736283";"A01";"1";"7";"0";"2";"3";"13";"1";""
"202400025809";"155736286";"B01";"2";"10";"0";"2";"3";"1";"1";""
"202400025810";"155736279";"A01";"2";"7";"0";"2";"7";"1";"0";""
"202400025810";"155736281";"B01";"1";"7";"0";"2";"2";"1";"1";""
"202400025811";"155736278";"A01";"1";"7";"0";"2";"3";"9";"1";""
"202400025811";"155736280";"B01";"2";"2";"0";"2";"1";"1";"1";""
"202400025812";"155736275";"A01";"1";"33";"2";"0";"1";"1";"1";""
"202400025813";"155736273";"B01";"2";"10";"0";"2";"2";"15";"1";""
"202400025813";"155736276";"A01";"1";"2";"0";"2";"1";"1";"1";""
"202400025814";"155736274";"B01";"3";"50";"0";"2";"1";"25";"3";""
"202400025814";"155736277";"A01";"1";"7";"0";"2";"5";"1";"1";""
"202400025815";"155736272";"A01";"1";"7";"2";"0";"2";"13";"1";""
"202400025816";"155736270";"B01";"3";"14";"0";"2";"8";"15";"1";""
"202400025816";"155736271";"A01";"3";"7";"0";"2";"3";"13";"1";""
"202400025817";"155736266";"A01";"3";"2";"0";"2";"1";"1";"1";""
"202400025817";"155736268";"B01";"3";"7";"0";"0";"5";"1";"1";""
"202400025818";"155736267";"A01";"1";"7";"0";"2";"2";"15";"1";""
"202400025818";"155736269";"B01";"2";"33";"0";"2";"1";"1";"1";""
"202400025819";"155736264";"A01";"1";"7";"3";"0";"3";"13";"2";""
"202400025820";"155736260";"B01";"2";"7";"0";"2";"4";"2";"1";""
"202400025820";"155736262";"A01";"2";"7";"1";"0";"1";"26";"1";""
"202400025820";"155736263";"C01";"2";"7";"0";"0";"4";"0";"1";""
"202400025820";"155736265";"D01";"2";"7";"0";"0";"4";"0";"1";""
"202400025821";"155736259";"A01";"3";"7";"2";"0";"1";"13";"1";""
"202400025822";"155736258";"B01";"1";"7";"0";"2";"7";"16";"1";""
"202400025822";"155736261";"A01";"1";"33";"0";"2";"1";"18";"1";""
"202400025823";"155736257";"A01";"1";"7";"15";"0";"1";"1";"1";""
"202400025824";"155736255";"A01";"3";"7";"0";"1";"2";"1";"1";""
"202400025825";"155736254";"A01";"2";"38";"0";"1";"1";"1";"1";"1"
"202400025826";"155736253";"A01";"2";"7";"0";"1";"1";"23";"3";""
"202400025826";"155736256";"B01";"2";"7";"0";"2";"1";"2";"1";""
"202400025827";"155736252";"A01";"3";"30";"0";"0";"0";"14";"1";""
"202400025828";"155736248";"B01";"2";"33";"0";"2";"7";"1";"1";""
"202400025828";"155736251";"A01";"0";"7";"0";"2";"1";"1";"1";""
"202400025829";"155736247";"C01";"1";"15";"0";"2";"0";"0";"1";""
"202400025829";"155736249";"A01";"1";"7";"3";"2";"0";"0";"1";""
"202400025829";"155736250";"B01";"1";"7";"0";"2";"1";"0";"1";""
"202400025830";"155736246";"A01";"1";"37";"0";"1";"1";"1";"1";"1"
"202400025831";"155736244";"B01";"1";"1";"0";"2";"7";"16";"5";""
"202400025831";"155736245";"A01";"1";"7";"0";"2";"1";"1";"1";""
"202400025832";"155736242";"A01";"2";"7";"5";"2";"1";"13";"3";""
"202400025832";"155736243";"B01";"1";"7";"0";"2";"1";"1";"1";""
"202400025833";"155736241";"A01";"3";"7";"7";"0";"1";"1";"1";""
"202400025834";"155736237";"A01";"2";"7";"0";"2";"1";"2";"1";""
"202400025834";"155736238";"B01";"2";"7";"3";"0";"4";"2";"2";""
"202400025835";"155736239";"A01";"2";"7";"0";"2";"0";"15";"1";""
"202400025835";"155736240";"B01";"2";"1";"0";"2";"4";"23";"5";""
"202400025836";"155736236";"A01";"3";"7";"0";"1";"8";"1";"1";""
"202400025837";"155736235";"A01";"1";"7";"2";"0";"1";"0";"1";""
"202400025838";"155736233";"A01";"1";"10";"0";"1";"1";"1";"1";""
"202400025839";"155736230";"A01";"1";"7";"13";"0";"6";"13";"1";""
"202400025839";"155736231";"B01";"1";"7";"13";"0";"1";"11";"1";""
"202400025840";"155736229";"Z01";"1";"33";"14";"2";"0";"3";"0";""
"202400025840";"155736232";"A01";"1";"7";"0";"2";"6";"2";"0";""
"202400025840";"155736234";"B01";"2";"37";"0";"2";"1";"3";"0";"1"
"202400025841";"155736228";"A01";"1";"7";"0";"9";"0";"0";"1";""
"202400025842";"155736226";"A01";"1";"33";"0";"2";"1";"1";"1";""
"202400025842";"155736227";"B01";"2";"7";"0";"9";"1";"1";"1";""
"202400025843";"155736224";"A01";"0";"33";"0";"2";"1";"13";"1";""
"202400025843";"155736225";"B01";"0";"7";"0";"2";"1";"1";"2";""
"202400025844";"155736223";"A01";"3";"7";"0";"0";"3";"0";"1";""
"202400025845";"155736221";"A01";"2";"7";"8";"0";"2";"0";"1";""
"202400025846";"155736219";"A01";"1";"7";"0";"2";"1";"15";"1";""
"202400025846";"155736220";"B01";"1";"30";"0";"2";"1";"1";"1";""
"202400025847";"155736217";"A01";"0";"7";"0";"0";"1";"1";"1";""
"202400025847";"155736222";"B01";"0";"7";"0";"0";"0";"2";"1";""
"202400025848";"155736216";"B01";"1";"7";"0";"2";"2";"15";"1";""
"202400025848";"155736218";"A01";"1";"7";"0";"2";"8";"10";"1";""
"202400025849";"155736215";"A01";"0";"33";"1";"1";"1";"1";"1";""
"202400025850";"155736212";"A01";"3";"1";"0";"2";"3";"1";"5";""
"202400025850";"155736213";"B01";"3";"7";"14";"9";"2";"17";"1";""
"202400025851";"155736211";"B01";"3";"7";"0";"2";"4";"1";"1";""
"202400025851";"155736214";"A01";"3";"2";"8";"2";"7";"1";"1";""
"202400025852";"155736209";"A01";"3";"7";"0";"2";"6";"9";"1";""
"202400025852";"155736210";"B01";"1";"7";"0";"2";"1";"1";"1";""
"202400025853";"155736207";"B01";"2";"7";"0";"2";"5";"15";"1";""
"202400025853";"155736208";"A01";"2";"10";"0";"2";"1";"2";"3";""
"202400025854";"155736206";"A01";"1";"7";"4";"0";"2";"1";"1";""
"202400025855";"155736205";"A01";"0";"7";"0";"1";"1";"16";"1";""
"202400025856";"155736204";"A01";"1";"33";"2";"0";"1";"2";"1";""
"202400025857";"155736203";"A01";"1";"7";"14";"0";"1";"1";"1";""
"202400025858";"155736200";"A01";"1";"7";"0";"9";"3";"15";"1";""
"202400025858";"155736202";"B01";"2";"1";"0";"2";"1";"1";"5";""
"202400025859";"155736196";"C01";"1";"7";"0";"2";"4";"2";"1";""
"202400025859";"155736198";"A01";"1";"7";"0";"2";"1";"2";"1";""
"202400025859";"155736199";"B01";"1";"7";"0";"2";"4";"2";"1";""
"202400025860";"155736197";"A01";"1";"7";"0";"2";"1";"1";"1";""
"202400025860";"155736201";"B01";"2";"17";"0";"2";"1";"1";"1";""
"202400025861";"155736194";"A01";"3";"33";"0";"2";"1";"1";"1";""
"202400025861";"155736195";"B01";"3";"7";"0";"2";"3";"19";"1";""
"202400025862";"155736193";"A01";"2";"1";"15";"0";"1";"1";"5";""
"202400025863";"155736192";"A01";"1";"33";"0";"0";"7";"15";"1";""
"202400025864";"155736189";"A01";"2";"7";"0";"2";"1";"1";"1";""
"202400025864";"155736190";"B01";"2";"7";"0";"2";"4";"2";"2";""
"202400025865";"155736187";"A01";"2";"33";"0";"0";"8";"2";"1";""
"202400025866";"155736188";"A01";"2";"33";"0";"2";"1";"2";"1";""
"202400025866";"155736191";"B01";"2";"7";"0";"2";"3";"15";"1";""
"202400025867";"155736186";"A01";"1";"7";"0";"1";"3";"7";"1";""
"202400025868";"155736185";"A01";"3";"7";"15";"0";"1";"21";"1";""
"202400025869";"155736181";"A01";"3";"1";"0";"2";"1";"1";"5";""
"202400025869";"155736184";"B01";"3";"7";"0";"2";"3";"1";"1";""
"202400025870";"155736180";"A01";"2";"10";"0";"2";"6";"14";"1";""
"202400025870";"155736183";"B01";"2";"1";"0";"2";"6";"1";"5";""
"202400025871";"155736179";"A01";"1";"7";"0";"2";"0";"9";"1";""
"202400025871";"155736182";"B01";"3";"50";"0";"9";"0";"26";"3";""
"202400025872";"155736178";"A01";"1";"33";"15";"0";"1";"1";"1";""
"202400025873";"155736177";"A01";"1";"10";"0";"1";"3";"1";"3";""
"202400025874";"155736172";"A01";"2";"7";"0";"9";"2";"26";"1";""
"202400025874";"155736174";"B01";"2";"1";"0";"0";"7";"26";"5";""
"202400025875";"155736171";"B01";"3";"7";"0";"2";"4";"2";"1";""
"202400025875";"155736175";"A01";"3";"7";"0";"2";"1";"2";"1";""
"202400025875";"155736176";"C01";"3";"7";"0";"2";"4";"2";"1";""
"202400025876";"155736170";"B01";"2";"7";"0";"2";"1";"1";"2";""
"202400025876";"155736173";"A01";"1";"1";"0";"2";"1";"13";"5";""
"202400025877";"155736169";"A01";"1";"33";"1";"0";"1";"25";"1";""
"202400025878";"155736166";"A01";"1";"33";"2";"0";"1";"0";"1";""
"202400025879";"155736165";"B01";"1";"1";"1";"0";"8";"1";"5";""
"202400025879";"155736168";"A01";"1";"7";"0";"0";"8";"22";"3";""
"202400025880";"155736164";"B01";"1";"7";"0";"0";"8";"10";"0";""
"202400025880";"155736167";"A01";"1";"14";"0";"2";"1";"2";"0";""
"202400025881";"155736163";"A01";"1";"7";"6";"0";"1";"1";"1";""
"202400025882";"155736161";"A01";"1";"10";"0";"2";"3";"10";"1";""
"202400025882";"155736162";"B01";"1";"33";"0";"2";"2";"1";"1";""
"202400025883";"155736159";"A01";"1";"7";"6";"0";"2";"1";"1";""
"202400025884";"155736158";"A01";"1";"7";"0";"0";"6";"19";"1";""
"202400025884";"155736160";"B01";"2";"33";"0";"2";"1";"1";"1";""
"202400025885";"155736156";"B01";"1";"1";"0";"2";"1";"1";"5";""
"202400025885";"155736157";"A01";"1";"1";"0";"2";"1";"5";"5";""
"202400025886";"155736152";"A01";"2";"7";"0";"1";"1";"1";"1";""
"202400025887";"155736150";"A01";"2";"10";"0";"2";"4";"2";"1";""
"202400025887";"155736151";"B01";"2";"7";"0";"2";"4";"2";"1";""
"202400025887";"155736154";"C01";"2";"7";"0";"2";"4";"2";"1";""
"202400025887";"155736155";"D01";"2";"7";"0";"2";"1";"2";"1";""
"202400025888";"155736149";"B01";"2";"1";"0";"2";"8";"1";"5";""
"202400025888";"155736153";"A01";"2";"14";"0";"2";"2";"1";"1";""
"202400025889";"155736143";"A01";"1";"7";"0";"2";"4";"9";"1";""
"202400025889";"155736145";"B01";"1";"7";"0";"2";"1";"9";"1";""
"202400025889";"155736147";"C01";"1";"7";"0";"2";"1";"9";"1";""
"202400025890";"155736146";"A01";"3";"10";"0";"2";"1";"2";"1";""
"202400025890";"155736148";"B01";"3";"7";"0";"2";"4";"1";"1";""
"202400025891";"155736142";"A01";"0";"7";"0";"2";"3";"15";"1";""
"202400025891";"155736144";"B01";"0";"1";"0";"2";"1";"2";"5";""
"202400025892";"155736139";"B01";"3";"50";"0";"2";"0";"1";"3";""
"202400025892";"155736140";"Z01";"3";"7";"0";"9";"0";"1";"0";""
"202400025893";"155736137";"A01";"1";"7";"0";"2";"4";"2";"1";""
"202400025893";"155736138";"B01";"1";"7";"0";"2";"1";"2";"1";""
"202400025893";"155736141";"C01";"1";"7";"0";"2";"1";"2";"2";""
"202400025894";"155736136";"A01";"1";"2";"0";"2";"1";"13";"3";""
"202400025895";"155736132";"A01";"3";"10";"0";"1";"4";"4";"1";""
"202400025896";"155736133";"A01";"1";"7";"0";"2";"1";"1";"1";""
"202400025896";"155736135";"B01";"3";"50";"0";"2";"4";"1";"3";""
"202400025897";"155736131";"Z01";"1";"10";"0";"2";"1";"1";"0";""
"202400025897";"155736134";"A01";"1";"7";"0";"2";"4";"1";"1";""
"202400025898";"155736130";"A01";"1";"7";"3";"0";"1";"9";"1";""
"202400025899";"155736129";"A01";"2";"7";"6";"0";"2";"14";"1";""
"202400025900";"155736126";"A01";"2";"7";"0";"2";"1";"1";"1";""
"202400025900";"155736127";"B01";"2";"7";"0";"2";"9";"23";"1";""
"202400025900";"155736128";"C01";"2";"15";"0";"0";"4";"23";"1";""
"202400025901";"155736124";"A01";"3";"7";"0";"1";"2";"1";"1";""
"202400025902";"155736122";"C01";"2";"7";"0";"2";"4";"2";"1";""
"202400025902";"155736123";"A01";"2";"7";"0";"2";"1";"2";"1";""
"202400025902";"155736125";"B01";"2";"7";"0";"2";"4";"2";"1";""
"202400025903";"155736119";"A01";"2";"7";"0";"2";"5";"12";"1";""
"202400025903";"155736121";"B01";"2";"33";"0";"2";"8";"3";"1";""
"202400025904";"155736116";"B01";"2";"7";"0";"2";"8";"0";"1";""
"202400025904";"155736120";"A01";"2";"7";"1";"2";"2";"0";"1";""
"202400025905";"155736115";"A01";"3";"50";"0";"2";"3";"14";"3";""
"202400025905";"155736118";"B01";"3";"10";"0";"9";"3";"1";"1";""
"202400025906";"155736113";"A01";"1";"3";"0";"2";"4";"0";"1";""
"202400025906";"155736114";"B01";"1";"7";"0";"2";"1";"2";"1";""
"202400025906";"155736117";"C01";"1";"7";"0";"2";"1";"2";"2";""
"202400025907";"155736110";"B01";"3";"34";"1";"0";"1";"1";"3";""
"202400025907";"155736112";"A01";"3";"7";"1";"0";"4";"23";"1";""
"202400025908";"155736108";"A01";"1";"7";"0";"2";"2";"15";"1";""
"202400025908";"155736111";"B01";"1";"7";"0";"2";"3";"9";"1";""
"202400025909";"155736106";"B01";"2";"7";"0";"2";"4";"2";"1";""
"202400025909";"155736107";"A01";"2";"7";"0";"2";"1";"2";"1";""
"202400025909";"155736109";"C01";"2";"7";"0";"2";"4";"2";"1";""
"202400025910";"155736104";"A01";"3";"7";"0";"1";"2";"2";"2";""
"202400025911";"155736100";"A01";"1";"7";"0";"2";"1";"2";"1";""
"202400025911";"155736102";"B01";"1";"7";"0";"2";"4";"1";"1";""
"202400025912";"155736101";"C01";"2";"7";"0";"2";"4";"1";"1";""
"202400025912";"155736103";"B01";"2";"7";"0";"2";"4";"1";"1";""
"202400025912";"155736105";"A01";"2";"7";"0";"2";"1";"1";"1";""
"202400025913";"155736096";"A01";"1";"10";"0";"2";"1";"2";"1";""
"202400025913";"155736098";"B01";"1";"7";"1";"0";"4";"1";"2";""
"202400025914";"155736099";"A01";"1";"7";"0";"1";"8";"1";"1";""
"202400025915";"155736095";"A01";"0";"7";"0";"2";"3";"26";"1";""
"202400025915";"155736097";"B01";"0";"1";"0";"2";"4";"21";"5";""
"202400025916";"155736091";"B01";"2";"10";"0";"2";"6";"2";"1";""
"202400025916";"155736093";"C01";"2";"7";"0";"2";"1";"2";"1";""
"202400025916";"155736094";"A01";"2";"33";"0";"2";"1";"3";"1";""
"202400025917";"155736092";"A01";"1";"13";"0";"1";"5";"4";"1";""
"202400025918";"155736090";"A01";"0";"7";"0";"0";"9";"1";"1";""
"202400025919";"155736088";"A01";"1";"15";"1";"2";"4";"23";"1";""
"202400025919";"155736089";"B01";"1";"7";"0";"2";"1";"0";"1";""
"202400025920";"155736086";"A01";"1";"7";"15";"0";"2";"1";"1";""
"202400025921";"155736085";"B01";"2";"50";"0";"2";"1";"1";"3";""
"202400025921";"155736087";"A01";"1";"7";"0";"2";"2";"15";"1";""
"202400025922";"155736084";"A01";"1";"7";"4";"0";"1";"1";"1";""
"202400025923";"155736081";"B01";"1";"7";"0";"2";"6";"1";"2";""
"202400025923";"155736082";"A01";"1";"33";"0";"2";"1";"26";"1";""
"202400025924";"155736080";"A01";"1";"10";"0";"1";"1";"1";"1";""
"202400025925";"155736079";"A01";"1";"7";"0";"9";"2";"1";"0";""
"202400025925";"155736083";"B01";"2";"50";"0";"2";"1";"1";"3";""
"202400025926";"155736078";"A01";"1";"33";"0";"0";"1";"18";"1";""
"202400025927";"155736074";"A01";"1";"7";"0";"2";"1";"26";"1";""
"202400025927";"155736076";"B01";"1";"7";"0";"2";"4";"1";"1";""
"202400025928";"155736071";"A01";"2";"7";"0";"1";"4";"1";"1";""
"202400025929";"155736072";"A01";"3";"7";"0";"2";"2";"1";"1";""
"202400025929";"155736077";"B01";"2";"7";"0";"2";"1";"1";"1";""
"202400025930";"155736067";"B01";"2";"10";"0";"2";"1";"1";"1";""
"202400025930";"155736070";"A01";"2";"7";"0";"2";"8";"19";"1";""
"202400025931";"155736066";"A01";"1";"7";"0";"1";"0";"26";"0";""
"202400025932";"155736063";"A01";"1";"7";"0";"2";"1";"2";"1";""
"202400025932";"155736069";"C01";"1";"7";"0";"2";"1";"2";"1";""
"202400025932";"155736073";"D01";"1";"7";"0";"2";"4";"2";"1";""
"202400025932";"155736075";"B01";"1";"7";"0";"2";"1";"2";"2";""
"202400025933";"155736062";"B01";"2";"7";"0";"2";"4";"1";"1";""
"202400025933";"155736065";"A01";"1";"7";"0";"2";"6";"9";"1";""
"202400025934";"155736061";"C01";"1";"7";"1";"2";"0";"14";"0";""
"202400025934";"155736064";"A01";"1";"32";"1";"0";"8";"19";"0";""
"202400025934";"155736068";"D01";"1";"7";"1";"2";"4";"23";"1";""
"202400025935";"155736059";"A01";"1";"33";"0";"2";"1";"21";"1";""
"202400025935";"155736060";"B01";"1";"10";"0";"0";"6";"2";"1";""
"202400025936";"155736056";"B01";"1";"10";"0";"2";"2";"1";"1";""
"202400025936";"155736058";"A01";"1";"7";"0";"2";"1";"1";"2";""
"202400025937";"155736054";"A01";"0";"7";"0";"2";"8";"2";"1";""
"202400025937";"155736057";"B01";"0";"33";"0";"2";"7";"3";"1";""
"202400025938";"155736052";"B01";"2";"7";"0";"2";"0";"11";"1";""
"202400025938";"155736053";"A01";"2";"34";"0";"2";"7";"1";"1";""
"202400025939";"155736051";"B01";"3";"7";"0";"2";"4";"2";"1";""
"202400025939";"155736055";"A01";"3";"7";"0";"2";"1";"2";"1";""
"202400025940";"155736049";"A01";"1";"3";"0";"1";"7";"14";"0";""
"202400025941";"155736048";"A01";"2";"7";"1";"0";"2";"14";"1";""
"202400025941";"155736050";"C01";"2";"7";"0";"0";"1";"24";"1";""
"202400025942";"155736047";"A01";"1";"30";"8";"0";"1";"26";"1";""
"202400025943";"155736046";"A01";"2";"7";"1";"1";"4";"4";"2";""
"202400025944";"155736043";"B01";"1";"7";"0";"2";"1";"23";"1";""
"202400025944";"155736045";"A01";"1";"7";"0";" -1";"4";"0";"1";""
"202400025945";"155736041";"A01";"0";"10";"0";"0";"0";"0";"1";""
"202400025945";"155736044";"B01";"3";"33";"0";"2";"6";"23";"1";""
"202400025946";"155736038";"A01";"1";"7";"13";"2";"4";"1";"1";""
"202400025946";"155736040";"B01";"1";"7";"0";"2";"0";"1";"1";""
"202400025947";"155736036";"A01";"3";"7";"0";"2";"1";"2";"1";""
"202400025947";"155736039";"B01";"3";"7";"0";"2";"4";"1";"1";""
"202400025948";"155736033";"A01";"3";"7";"0";"2";"4";"20";"1";""
"202400025948";"155736037";"B01";"3";"1";"0";"2";"1";"1";"5";""
"202400025949";"155736032";"B01";"1";"7";"0";"2";"4";"23";"1";""
"202400025949";"155736035";"A01";"1";"7";"0";"2";"1";"2";"1";""
"202400025950";"155736031";"B01";"2";"7";"0";"2";"1";"1";"1";""
"202400025950";"155736034";"A01";"1";"7";"0";"2";"1";"5";"1";""
"202400025951";"155736029";"A01";"1";"7";"0";"2";"2";"26";"2";""
"202400025951";"155736030";"B01";"1";"7";"0";"2";"6";"23";"1";""
"202400025952";"155736025";"A01";"2";"33";"0";"0";"8";"13";"1";""
"202400025953";"155736026";"A01";"1";"7";"0";"1";"3";"1";"1";""
"202400025954";"155736024";"A01";"1";"7";"0";"2";"1";"1";"1";""
"202400025954";"155736028";"B01";"1";"33";"0";"2";"4";"1";"1";""
"202400025955";"155736023";"B01";"2";"33";"0";"0";"1";"1";"1";""
"202400025955";"155736027";"A01";"1";"7";"0";"0";"7";"15";"2";""
"202400025956";"155736018";"A01";"2";"7";"0";"1";"2";"15";"1";""
"202400025957";"155736016";"A01";"1";"7";"0";"0";"4";"1";"1";""
"202400025957";"155736020";"B01";"1";"7";"0";"2";"1";"2";"0";""
"202400025958";"155736019";"A01";"1";"7";"0";"2";"2";"19";"1";""
"202400025958";"155736022";"B01";"1";"2";"0";"2";"1";"1";"1";""
"202400025959";"155736015";"A01";"2";"7";"6";"0";"1";"1";"1";""
"202400025960";"155736017";"B01";"1";"7";"0";"2";"1";"1";"1";""
"202400025960";"155736021";"A01";"1";"3";"0";"2";"8";"19";"1";""
"202400025961";"155736009";"A01";"1";"7";"0";"2";"2";"17";"1";""
"202400025961";"155736014";"B01";"1";"7";"0";"2";"8";"15";"1";""
"202400025962";"155736005";"A01";"3";"30";"0";"2";"1";"15";"1";""
"202400025962";"155736012";"B01";"3";"33";"0";"2";"1";"1";"1";""
"202400025963";"155736007";"B01";"3";"7";"0";"2";"2";"1";"2";""
"202400025963";"155736013";"A01";"3";"50";"0";"2";"1";"19";"3";""
"202400025964";"155736006";"A01";"2";"7";"0";"2";"2";"13";"1";""
"202400025964";"155736010";"B01";"1";"7";"0";"2";"2";"13";"1";""
"202400025965";"155736004";"A01";"1";"10";"0";"2";"7";"12";"1";""
"202400025965";"155736008";"B01";"1";"33";"0";"2";"1";"1";"1";""
"202400025965";"155736011";"C01";"1";"7";"0";"2";"6";"1";"1";""
"202400025966";"155736002";"B01";"2";"7";"0";"2";"1";"15";"1";""
"202400025966";"155736003";"A01";"1";"10";"0";"2";"1";"15";"1";""
"202400025967";"155735999";"A01";"1";"1";"0";"1";"1";"1";"5";""
"202400025968";"155736001";"A01";"2";"7";"0";"1";"2";"1";"1";""
"202400025969";"155735997";"B01";"3";"10";"0";"2";"2";"1";"1";""
"202400025969";"155736000";"A01";"3";"10";"0";"2";"8";"26";"1";""
"202400025970";"155735995";"A01";"2";"7";"0";"2";"1";"13";"1";""
"202400025970";"155735998";"B01";"1";"7";"0";"2";"1";"1";"1";""
"202400025971";"155735994";"A01";"2";"2";"0";"2";"1";"1";"1";""
"202400025971";"155735996";"B01";"1";"10";"0";"2";"7";"15";"1";""
"202400025972";"155735991";"A01";"2";"31";"0";"2";"1";"1";"1";""
"202400025972";"155735993";"B01";"2";"7";"0";"2";"8";"15";"2";""
"202400025973";"155735990";"A01";"1";"7";"0";"0";"1";"1";"1";""
"202400025974";"155735989";"B01";"2";"32";"0";"0";"1";"0";"1";""
"202400025974";"155735992";"A01";"2";"7";"0";"2";"6";"1";"2";""
"202400025975";"155735987";"A01";"2";"7";"0";"2";"1";"13";"1";""
"202400025975";"155735988";"B01";"1";"7";"0";"2";"1";"21";"1";""
"202400025976";"155735985";"A01";"1";"10";"15";"0";"1";"1";"1";""
"202400025977";"155735984";"A01";"1";"7";"0";"2";"3";"17";"1";""
"202400025977";"155735986";"B01";"2";"7";"0";"2";"8";"16";"1";""
"202400025978";"155735981";"A01";"1";"7";"0";"2";"1";"1";"1";""
"202400025978";"155735983";"B01";"1";"7";"0";"2";"3";"26";"1";""
"202400025979";"155735979";"A01";"2";"10";"0";"2";"4";"4";"1";""
"202400025979";"155735982";"B01";"2";"33";"0";"0";"1";"23";"1";""
"202400025980";"155735977";"A01";"1";"7";"0";"2";"0";"17";"1";""
"202400025980";"155735980";"B01";"2";"2";"0";"2";"1";"1";"1";""
"202400025981";"155735976";"A01";"2";"7";"0";"2";"7";"1";"1";""
"202400025981";"155735978";"B01";"1";"7";"0";"2";"1";"1";"1";""
"202400025982";"155735972";"A01";"2";"33";"0";"2";"1";"2";"1";""
"202400025982";"155735974";"B01";"2";"33";"0";"2";"4";"2";"1";""
"202400025983";"155735970";"A01";"0";"32";"0";"0";"0";"1";"1";""
"202400025984";"155735966";"A01";"0";"7";"0";"9";"7";"1";"0";""
"202400025984";"155735968";"B01";"0";"32";"0";"2";"8";"2";"0";""
"202400025985";"155735967";"A01";"3";"7";"0";"1";"1";"1";"1";""
"202400025986";"155735973";"A01";"1";"7";"1";"2";"3";"22";"1";""
"202400025986";"155735975";"B01";"1";"1";"1";"0";"3";"17";"5";""
"202400025987";"155735965";"A01";"1";"10";"0";"1";"3";"1";"1";""
"202400025988";"155735963";"A01";"1";"7";"1";"1";"1";"17";"1";""
"202400025989";"155735962";"B01";"2";"7";"3";"0";"1";"1";"1";""
"202400025989";"155735964";"A01";"2";"7";"0";"0";"4";"1";"1";""
"202400025990";"155735960";"A01";"1";"7";"10";"0";"1";"9";"1";""
"202400025991";"155735959";"A01";"2";"10";"0";"1";"2";"1";"1";""
"202400025992";"155735957";"A01";"1";"7";"2";"0";"1";"0";"2";""
"202400025993";"155735956";"A01";"1";"7";"0";"2";"3";"1";"1";""
"202400025993";"155735958";"B01";"2";"32";"0";"2";"1";"21";"1";""
"202400025994";"155735951";"A01";"1";"1";"0";"2";"7";"2";"5";""