"Num_Acc";"id_vehicule";"num_veh";"senc";"catv";"obs";"obsm";"choc";"manv";"motor";"occutc"
"202400025994";"155735953";"B01";"1";"7";"0";"2";"3";"2";"1";""
"202400025995";"155735961";"A01";"2";"2";"0";"0";"8";"15";"1";""
"202400025996";"155735950";"A01";"2";"7";"2";"0";"1";"13";"1";""
"202400025996";"155735954";"B01";"1";"10";"0";"0";"1";"0";"1";""
"202400025997";"155735952";"A01";"2";"7";"0";"2";"1";"15";"1";""
"202400025997";"155735955";"B01";"1";"32";"0";"2";"3";"1";"1";""
"202400025998";"155735948";"A01";"2";"7";"1";"0";"2";"14";"1";""
"202400025999";"155735946";"A01";"1";"7";"0";"2";"2";"13";"1";""
"202400025999";"155735949";"B01";"2";"7";"0";"2";"2";"1";"1";""
"202400026000";"155735945";"Z01";"1";"7";"0";"1";"1";"8";"1";""
"202400026001";"155735943";"A01";"3";"2";"16";"0";"8";"1";"1";""
"202400026002";"155735941";"B01";"1";"7";"8";"0";"5";"1";"1";""
"202400026002";"155735942";"A01";"1";"7";"0";"2";"2";"19";"1";""
"202400026003";"155735938";"C01";"1";"7";"0";"2";"1";"2";"1";""
"202400026003";"155735940";"B01";"2";"7";"0";"2";"4";"23";"1";""
"202400026003";"155735947";"A01";"2";"2";"0";"2";"1";"2";"3";""
"202400026004";"155735937";"B01";"3";"32";"0";"0";"8";"1";"1";""
"202400026004";"155735939";"A01";"3";"7";"0";"2";"8";"17";"1";""
"202400026005";"155735933";"A01";"2";"2";"0";"2";"1";"1";"1";""
"202400026005";"155735936";"B01";"3";"7";"0";"2";"3";"15";"1";""
"202400026006";"155735931";"A01";"2";"7";"0";"2";"1";"2";"1";""
"202400026006";"155735934";"B01";"2";"7";"0";"2";"4";"2";"1";""
"202400026007";"155735929";"A01";"1";"7";"0";"2";"2";"12";"3";""
"202400026007";"155735935";"B01";"1";"31";"0";"2";"3";"1";"1";""
"202400026008";"155735927";"A01";"1";"7";"0";"2";"1";"17";"1";""
"202400026008";"155735928";"B01";"2";"7";"0";"2";"1";"1";"1";""
"202400026009";"155735924";"A01";"2";"7";"0";"2";"3";"11";"1";""
"202400026009";"155735925";"B01";"1";"50";"0";"2";"1";"1";"3";""
"202400026010";"155735922";"A01";"2";"7";"0";"2";"6";"15";"1";""
"202400026010";"155735926";"B01";"2";"33";"0";"2";"1";"17";"1";""
"202400026011";"155735921";"A01";"1";"7";"6";"0";"1";"1";"1";""
"202400026012";"155735919";"A01";"3";"1";"0";"0";"1";"1";"5";""
"202400026013";"155735918";"A01";"1";"32";"0";"2";"1";"1";"1";""
"202400026013";"155735920";"B01";"1";"10";"0";"2";"6";"1";"1";""
"202400026013";"155735923";"C01";"1";"7";"0";"2";"6";"1";"1";""
"202400026014";"155735915";"B01";"2";"1";"0";"2";"1";"2";"5";""
"202400026014";"155735917";"A01";"2";"10";"0";"0";"4";"23";"1";""
"202400026015";"155735914";"A01";"1";"7";"0";"2";"1";"17";"1";""
"202400026015";"155735916";"B01";"2";"7";"0";"2";"1";"1";"1";""
"202400026016";"155735912";"A01";"3";"7";"12";"0";"3";"13";"1";""
"202400026017";"155735911";"A01";"1";"32";"0";"2";"2";"12";"1";""
"202400026017";"155735913";"B01";"1";"31";"0";"2";"8";"3";"1";""
"202400026018";"155735907";"A01";"1";"7";"3";"0";"1";"1";"2";""
"202400026019";"155735908";"A01";"3";"7";"0";"1";"2";"1";"1";""
"202400026020";"155735905";"A01";"1";"33";"0";"2";"3";"1";"1";""
"202400026020";"155735906";"Z01";"1";"17";"0";"2";"5";"12";"0";""
"202400026021";"155735903";"A01";"1";"33";"0";"2";"1";"2";"1";""
"202400026021";"155735904";"B01";"1";"7";"0";"0";"4";"2";"1";""
"202400026022";"155735900";"A01";"1";"7";"2";"0";"1";"0";"1";""
"202400026023";"155735901";"B01";"1";"7";"0";"2";"6";"0";"3";""
"202400026023";"155735902";"A01";"1";"33";"0";"2";"2";"1";"1";""
"202400026024";"155735898";"A01";"2";"7";"2";"0";"2";"2";"1";""
"202400026025";"155735896";"A01";"2";"7";"0";"2";"4";"1";"2";""
"202400026025";"155735897";"B01";"2";"7";"0";"2";"4";"1";"1";""
"202400026025";"155735899";"Z01";"2";"7";"0";"2";"1";"18";"0";""
"202400026026";"155735893";"A01";"1";"7";"0";"1";"1";"1";"1";""
"202400026027";"155735894";"A01";"2";"43";"14";"0";"2";"13";"1";""
"202400026028";"155735891";"Z01";"2";"33";"0";"1";"2";"1";"0";""
"202400026029";"155735889";"A01";"1";"7";"0";"1";"2";"15";"1";""
"202400026030";"155735886";"B01";"1";"3";"0";"2";"1";"15";"1";""
"202400026030";"155735888";"A01";"2";"7";"0";"2";"3";"1";"1";""
"202400026031";"155735883";"C01";"2";"7";"0";"2";"1";"1";"3";""
"202400026031";"155735887";"B01";"1";"10";"0";"2";"5";"19";"1";""
"202400026031";"155735890";"A01";"2";"7";"0";"2";"1";"19";"6";""
"202400026032";"155735884";"A01";"1";"2";"0";"2";"3";"18";"1";""
"202400026032";"155735885";"B01";"1";"7";"0";"2";"5";"1";"3";""
"202400026033";"155735880";"A01";"3";"1";"0";"1";"1";"15";"5";""
"202400026034";"155735881";"A01";"1";"1";"0";"0";"1";"1";"5";""
"202400026035";"155735882";"A01";"1";"7";"0";"0";"9";"14";"1";""
"202400026036";"155735878";"A01";"2";"7";"0";"2";"4";"1";"2";""
"202400026036";"155735879";"B01";"2";"7";"0";"2";"1";"1";"1";""
"202400026037";"155735877";"A01";"3";"30";"0";"0";"0";"1";"3";""
"202400026038";"155735876";"Z01";"1";"7";"0";"1";"1";"1";"0";""
"202400026039";"155735874";"A01";"1";"7";"3";"0";"3";"21";"1";""
"202400026040";"155735873";"A01";"1";"7";"0";"2";"1";"15";"1";""
"202400026040";"155735875";"B01";"2";"7";"0";"2";"1";"1";"4";""
"202400026041";"155735871";"Z01";"1";"10";"0";"1";"1";"16";"0";""
"202400026042";"155735869";"A01";"3";"7";"11";"2";"7";"15";"1";""
"202400026042";"155735872";"B01";"3";"7";"11";"2";"1";"1";"1";""
"202400026043";"155735867";"A01";"1";"7";"0";"2";"1";"1";"1";""
"202400026043";"155735870";"B01";"1";"7";"3";"2";"4";"2";"4";""
"202400026044";"155735866";"A01";"1";"10";"0";"2";"2";"17";"1";""
"202400026044";"155735868";"B01";"1";"1";"13";"2";"8";"1";"5";""
"202400026045";"155735862";"A01";"1";"7";"16";"0";"0";"26";"1";""
"202400026046";"155735861";"A01";"2";"7";"0";"2";"1";"15";"1";""
"202400026046";"155735864";"B01";"1";"30";"0";"2";"7";"26";"1";""
"202400026047";"155735860";"A01";"1";"7";"0";"1";"3";"1";"1";""
"202400026048";"155735863";"A01";"1";"30";"0";"2";"7";"17";"1";""
"202400026048";"155735865";"B01";"1";"1";"0";"2";"8";"15";"5";""
"202400026049";"155735857";"A01";"1";"7";"0";"1";"1";"2";"1";""
"202400026050";"155735853";"B01";"1";"7";"0";"2";"1";"1";"1";""
"202400026050";"155735858";"A01";"1";"7";"0";"2";"3";"15";"1";""
"202400026051";"155735852";"B01";"2";"1";"0";"2";"1";"1";"5";""
"202400026051";"155735855";"A01";"2";"10";"0";"2";"8";"22";"1";""
"202400026052";"155735851";"A01";"2";"7";"0";"2";"9";"2";"1";""
"202400026052";"155735854";"C01";"2";"7";"0";"2";"3";"2";"1";""
"202400026052";"155735856";"B01";"2";"7";"0";"2";"9";"2";"1";""
"202400026052";"155735859";"D01";"2";"7";"0";"2";"4";"2";"1";""
"202400026053";"155735849";"B01";"2";"2";"0";"2";"1";"1";"1";""
"202400026053";"155735850";"A01";"1";"7";"0";"2";"8";"10";"1";""
"202400026054";"155735846";"A01";"1";"7";"0";"1";"2";"1";"1";""
"202400026055";"155735843";"B01";"2";"2";"0";"2";"1";"1";"1";""
"202400026055";"155735845";"A01";"1";"7";"0";"2";"2";"15";"1";""
"202400026056";"155735840";"B01";"1";"50";"14";"0";"1";"26";"3";""
"202400026057";"155735841";"C01";"1";"17";"0";"2";"4";"2";"1";""
"202400026057";"155735844";"A01";"1";"17";"0";"2";"1";"2";"1";""
"202400026057";"155735847";"B01";"1";"7";"0";"2";"4";"2";"1";""
"202400026058";"155735842";"EA01";"1";"7";"0";"2";"2";"15";"1";""
"202400026058";"155735848";"B01";"1";"7";"0";"2";"3";"1";"1";""
"202400026059";"155735838";"A01";"3";"33";"13";"2";"7";"19";"1";""
"202400026059";"155735839";"B01";"3";"7";"0";"2";"1";"1";"1";""
"202400026060";"155735835";"A01";"1";"7";"0";"1";"3";"1";"3";""
"202400026061";"155735833";"B01";"2";"7";"0";"2";"1";"26";"1";""
"202400026061";"155735837";"A01";"2";"7";"0";"2";"2";"12";"1";""
"202400026062";"155735832";"B01";"2";"10";"0";"2";"0";"0";"1";""
"202400026062";"155735834";"A01";"2";"7";"0";"2";"0";"1";"0";""
"202400026062";"155735836";"C01";"2";"7";"0";"2";"0";"0";"1";""
"202400026063";"155735829";"B01";"1";"10";"0";"2";"1";"15";"0";""
"202400026063";"155735830";"A01";"2";"31";"0";"2";"1";"1";"1";""
"202400026064";"155735828";"B01";"0";"7";"0";"2";"7";"1";"1";""
"202400026064";"155735831";"A01";"1";"7";"0";"2";"1";"16";"1";""
"202400026065";"155735825";"A01";"1";"14";"0";"2";"2";"12";"1";""
"202400026065";"155735827";"B01";"1";"7";"0";"2";"6";"1";"2";""
"202400026066";"155735826";"A01";"3";"7";"0";"1";"2";"1";"1";""
"202400026067";"155735824";"A01";"2";"7";"0";"0";"9";"2";"1";""
"202400026068";"155735823";"A01";"2";"7";"0";"1";"2";"1";"1";""
"202400026069";"155735818";"B01";"2";"1";"0";"2";"8";"1";"5";""
"202400026069";"155735821";"A01";"2";"10";"0";"2";"7";"14";"3";""
"202400026070";"155735819";"A01";"1";"33";"0";"2";"1";"2";"1";""
"202400026070";"155735822";"B01";"1";"10";"0";"2";"5";"1";"1";""
"202400026071";"155735816";"A01";"1";"2";"0";"2";"1";"1";"1";""
"202400026071";"155735817";"B01";"1";"2";"0";"2";"1";"1";"1";""
"202400026071";"155735820";"C01";"2";"0";"0";"2";"0";"13";"0";""
"202400026072";"155735811";"A01";"1";"50";"0";"2";"1";"26";"3";""
"202400026072";"155735814";"B01";"1";"7";"0";"9";"4";"26";"1";""
"202400026073";"155735809";"A01";"2";"7";"0";"2";"1";"2";"1";""
"202400026073";"155735812";"B01";"2";"7";"0";"2";"1";"1";"1";""
"202400026073";"155735813";"C01";"2";"7";"0";"2";"4";"0";"1";""
"202400026074";"155735808";"A01";"2";"37";"13";"0";"2";"1";"1";"3"
"202400026075";"155735805";"A01";"3";"7";"1";"1";"1";"1";"1";""
"202400026076";"155735804";"D01";"1";"7";"0";"2";"1";"1";"1";""
"202400026076";"155735807";"B01";"1";"7";"0";"2";"4";"1";"1";""
"202400026076";"155735810";"C01";"1";"7";"0";"2";"4";"1";"1";""
"202400026076";"155735815";"A01";"1";"7";"0";"2";"1";"1";"1";""
"202400026077";"155735802";"A01";"2";"33";"0";"2";"1";"3";"1";""
"202400026077";"155735806";"B01";"2";"10";"0";"2";"5";"11";"1";""
"202400026078";"155735800";"A01";"1";"99";"0";"1";"3";"0";"0";""
"202400026079";"155735801";"B01";"3";"7";"0";"2";"3";"15";"1";""
"202400026079";"155735803";"A01";"3";"33";"0";"2";"2";"1";"1";""
"202400026080";"155735797";"A01";"1";"7";"17";"0";"2";"1";"2";""
"202400026081";"155735794";"A01";"1";"7";"0";"2";"1";"2";"1";""
"202400026081";"155735798";"B01";"1";"7";"9";"2";"4";"2";"1";""
"202400026081";"155735799";"C01";"1";"7";"0";"2";"4";"2";"2";""
"202400026082";"155735792";"B01";"1";"17";"0";"0";"4";"1";"1";""
"202400026082";"155735795";"A01";"1";"10";"0";"2";"1";"2";"1";""
"202400026083";"155735790";"B01";"2";"10";"0";"2";"4";"26";"1";""
"202400026083";"155735793";"A01";"2";"7";"0";"2";"1";"26";"0";""
"202400026083";"155735796";"C01";"1";"50";"0";"2";"8";"23";"3";""
"202400026084";"155735789";"B01";"0";"7";"0";"2";"0";"0";"0";""
"202400026084";"155735791";"A01";"0";"32";"0";"2";"0";"0";"1";""
"202400026085";"155735786";"A01";"2";"7";"0";"1";"1";"1";"1";""
"202400026086";"155735785";"B01";"3";"50";"14";"1";"7";"26";"3";""
"202400026087";"155735782";"A01";"2";"7";"0";"2";"3";"15";"1";""
"202400026087";"155735783";"B01";"1";"33";"0";"2";"3";"1";"1";""
"202400026088";"155735779";"A01";"2";"7";"0";"2";"2";"17";"1";""
"202400026088";"155735781";"B01";"2";"1";"0";"2";"8";"1";"5";""
"202400026089";"155735778";"A01";"0";"7";"0";"0";"0";"26";"1";""
"202400026090";"155735776";"B01";"2";"7";"0";"9";"6";"2";"1";""
"202400026090";"155735777";"D01";"1";"7";"0";"9";"1";"0";"1";""
"202400026090";"155735780";"A01";"2";"33";"0";"2";"9";"18";"1";""
"202400026090";"155735784";"C01";"2";"7";"0";"9";"2";"1";"2";""
"202400026091";"155735773";"A01";"1";"10";"0";"2";"4";"4";"1";""
"202400026091";"155735775";"B01";"1";"30";"0";"2";"1";"2";"1";""
"202400026092";"155735771";"A01";"1";"7";"0";"2";"1";"5";"1";""
"202400026092";"155735774";"B01";"2";"15";"0";"2";"3";"1";"1";""
"202400026093";"155735769";"A01";"2";"14";"0";"0";"0";"23";"1";""
"202400026093";"155735772";"B01";"1";"2";"0";"0";"0";"14";"3";""
"202400026094";"155735767";"A01";"1";"33";"9";"0";"2";"2";"0";""
"202400026095";"155735765";"B01";"1";"33";"0";"2";"1";"17";"1";""
"202400026095";"155735768";"A01";"1";"7";"0";"2";"3";"10";"1";""
"202400026096";"155735763";"A01";"1";"10";"0";"2";"1";"14";"1";""
"202400026096";"155735766";"B01";"1";"7";"0";"2";"4";"23";"1";""
"202400026097";"155735762";"A01";"2";"7";"0";"2";"1";"1";"2";""
"202400026097";"155735764";"B01";"2";"7";"0";"2";"3";"1";"2";""
"202400026098";"155735758";"B01";"2";"7";"0";"2";"8";"1";"1";""
"202400026098";"155735761";"A01";"1";"7";"0";"2";"3";"17";"1";""
"202400026099";"155735757";"B01";"1";"2";"0";"2";"4";"1";"1";""
"202400026099";"155735760";"A01";"1";"2";"0";"2";"1";"1";"1";""
"202400026100";"155735750";"A01";"1";"7";"16";"0";"6";"11";"1";""
"202400026100";"155735754";"B01";"2";"2";"0";"2";"7";"1";"1";""
"202400026101";"155735753";"B01";"2";"50";"0";"2";"7";"1";"3";""
"202400026101";"155735755";"A01";"2";"10";"0";"2";"1";"9";"1";""
"202400026102";"155735752";"C01";"1";"7";"0";"2";"5";"1";"1";""
"202400026102";"155735756";"A01";"1";"7";"3";"2";"1";"18";"1";""
"202400026102";"155735759";"B01";"1";"7";"0";"2";"4";"1";"2";""
"202400026103";"155735749";"A01";"3";"30";"0";"2";"8";"15";"3";""
"202400026103";"155735751";"Z01";"3";"7";"0";"2";"0";"15";"0";""
"202400026104";"155735746";"A01";"2";"30";"0";"2";"1";"1";"1";""
"202400026104";"155735748";"B01";"2";"7";"0";"2";"2";"16";"1";""
"202400026105";"155735743";"B01";"3";"50";"0";"2";"1";"17";"3";""
"202400026105";"155735747";"A01";"3";"10";"0";"2";"8";"15";"1";""
"202400026106";"155735741";"A01";"1";"15";"0";"2";"2";"12";"1";""
"202400026106";"155735744";"B01";"1";"7";"0";"2";"8";"2";"1";""
"202400026107";"155735740";"A01";"3";"7";"0";"2";"1";"13";"1";""
"202400026107";"155735742";"B01";"3";"13";"0";"2";"6";"0";"1";""
"202400026107";"155735745";"C01";"3";"10";"0";"0";"0";"0";"1";""
"202400026108";"155735737";"B01";"1";"1";"0";"9";"0";"0";"5";""
"202400026108";"155735739";"A01";"1";"7";"0";"0";"3";"0";"1";""
"202400026109";"155735736";"A01";"1";"10";"0";"1";"1";"15";"1";""
"202400026110";"155735735";"A01";"1";"7";"6";"2";"3";"11";"1";""
"202400026110";"155735738";"B01";"1";"7";"0";"2";"5";"1";"1";""
"202400026111";"155735733";"A01";"3";"33";"0";"2";"0";"14";"1";""
"202400026111";"155735734";"B01";"3";"13";"0";"2";"0";"0";"1";""
"202400026112";"155735731";"A01";"1";"10";"0";"1";"1";"1";"1";""
"202400026113";"155735730";"B01";"2";"2";"0";"2";"1";"1";"1";""
"202400026113";"155735732";"A01";"1";"7";"0";"2";"8";"9";"1";""
"202400026114";"155735727";"A01";"2";"10";"6";"0";"1";"1";"1";""
"202400026115";"155735728";"A01";"1";"7";"0";"2";"1";"2";"1";""
"202400026115";"155735729";"B01";"1";"7";"0";"2";"4";"2";"1";""
"202400026116";"155735726";"A01";"1";"80";"12";"0";"7";"2";"3";""
"202400026117";"155735724";"B01";"2";"31";"0";"2";"1";"1";"1";""
"202400026117";"155735725";"A01";"1";"7";"0";"2";"2";"9";"1";""
"202400026118";"155735722";"A01";"1";"7";"2";"0";"1";"1";"1";""
"202400026119";"155735720";"A01";"3";"7";"0";"2";"1";"16";"1";""
"202400026119";"155735721";"B01";"3";"80";"0";"2";"1";"1";"3";""
"202400026120";"155735715";"B01";"1";"30";"0";"2";"8";"2";"1";""
"202400026120";"155735717";"Z01";"1";"7";"0";"2";"7";"17";"1";""
"202400026121";"155735716";"C01";"1";"10";"0";"2";"4";"2";"1";""
"202400026121";"155735719";"B01";"1";"10";"0";"2";"1";"2";"1";""
"202400026121";"155735723";"A01";"1";"15";"0";"9";"0";"2";"1";""
"202400026122";"155735714";"A01";"2";"7";"0";"2";"7";"12";"1";""
"202400026122";"155735718";"B01";"2";"34";"0";"2";"8";"1";"1";""
"202400026123";"155735712";"A01";"1";"7";"0";"2";"3";"19";"1";""
"202400026123";"155735713";"B01";"1";"33";"0";"2";"1";"2";"1";""
"202400026124";"155735710";"A01";"1";"10";"0";"1";"2";"1";"1";""
"202400026125";"155735709";"B01";"1";"7";"0";"2";"3";"1";"1";""
"202400026125";"155735711";"A01";"1";"33";"0";"2";"1";"3";"1";""
"202400026126";"155735708";"A01";"3";"7";"8";"0";"1";"13";"1";""
"202400026127";"155735706";"A01";"2";"7";"0";"2";"1";"1";"1";""
"202400026127";"155735707";"B01";"3";"1";"0";"0";"0";"0";"5";""
"202400026128";"155735705";"A01";"2";"17";"0";"1";"2";"2";"1";""
"202400026129";"155735703";"A01";"2";"43";"0";"0";"7";"16";"1";""
"202400026130";"155735699";"A01";"1";"7";"0";"0";"9";"14";"1";""
"202400026131";"155735696";"C01";"1";"7";"0";"2";"9";"2";"1";""
"202400026131";"155735700";"D01";"1";"10";"0";"2";"3";"2";"1";""
"202400026131";"155735702";"A01";"1";"10";"0";"2";"9";"2";"1";""
"202400026131";"155735704";"B01";"1";"7";"0";"2";"9";"2";"1";""
"202400026132";"155735697";"B01";"2";"30";"0";"2";"1";"1";"1";""
"202400026132";"155735701";"A01";"2";"7";"0";"2";"3";"9";"1";""
"202400026133";"155735695";"A01";"2";"31";"0";"2";"1";"1";"3";""
"202400026133";"155735698";"B01";"2";"10";"0";"2";"4";"23";"1";""
"202400026134";"155735692";"A01";"1";"33";"16";"2";"1";"13";"1";""
"202400026134";"155735694";"B01";"2";"7";"0";"2";"2";"1";"1";""
"202400026135";"155735691";"A01";"2";"10";"0";"0";"9";"12";"1";""
"202400026136";"155735690";"A01";"2";"7";"14";"0";"1";"26";"1";""
"202400026137";"155735689";"B01";"3";"31";"0";"2";"6";"23";"1";""
"202400026137";"155735693";"A01";"3";"7";"0";"2";"2";"26";"2";""
"202400026138";"155735684";"A01";"1";"33";"0";"2";"2";"0";"1";""
"202400026138";"155735688";"B01";"1";"7";"0";"2";"6";"0";"1";""
"202400026139";"155735683";"A01";"2";"7";"0";"2";"6";"9";"1";""
"202400026139";"155735685";"B01";"2";"31";"1";"2";"1";"2";"1";""
"202400026140";"155735682";"A01";"1";"7";"0";"2";"3";"11";"2";""
"202400026140";"155735687";"B01";"1";"33";"0";"2";"2";"1";"1";""
"202400026141";"155735681";"A01";"2";"7";"0";"2";"2";"12";"2";""
"202400026141";"155735686";"B01";"2";"33";"0";"2";"3";"3";"1";""
"202400026142";"155735680";"A01";"1";"7";"13";"0";"0";"1";"1";""
"202400026143";"155735677";"A01";"2";"7";"0";"1";"0";"9";"2";""
"202400026144";"155735675";"A01";"1";"14";"0";"2";"7";"1";"1";""
"202400026144";"155735679";"B01";"1";"7";"0";"2";"3";"9";"1";""
"202400026145";"155735674";"Z01";"1";"7";"0";"2";"1";"2";"1";""
"202400026145";"155735676";"B01";"1";"7";"0";"2";"4";"2";"1";""
"202400026145";"155735678";"A01";"1";"7";"0";"2";"4";"2";"1";""
"202400026146";"155735673";"A01";"2";"7";"2";"0";"9";"1";"1";""
"202400026147";"155735669";"A01";"1";"7";"0";"9";"1";"15";"1";""
"202400026147";"155735672";"B01";"1";"1";"0";"2";"8";"19";"5";""
"202400026148";"155735668";"A01";"3";"7";"13";"9";"2";"0";"1";""
"202400026149";"155735666";"B01";"2";"7";"0";"2";"6";"1";"1";""
"202400026149";"155735670";"A01";"2";"33";"0";"2";"2";"3";"1";""
"202400026150";"155735665";"A01";"1";"7";"10";"0";"1";"16";"1";""
"202400026151";"155735663";"A01";"1";"7";"0";"2";"5";"17";"0";""
"202400026151";"155735664";"B01";"1";"7";"8";"0";"3";"1";"1";""
"202400026152";"155735661";"A01";"3";"33";"9";"0";"8";"0";"1";""
"202400026153";"155735660";"B01";"1";"7";"0";"2";"6";"2";"2";""
"202400026153";"155735662";"A01";"1";"2";"0";"2";"1";"2";"1";""
"202400026154";"155735657";"B01";"2";"7";"0";"2";"2";"16";"1";""
"202400026154";"155735659";"A01";"1";"50";"0";"2";"7";"5";"3";""
"202400026155";"155735654";"A01";"3";"50";"0";"1";"1";"1";"3";""
"202400026156";"155735652";"A01";"1";"10";"0";"2";"2";"16";"1";""
"202400026156";"155735655";"B01";"1";"33";"0";"2";"8";"16";"1";""
"202400026157";"155735651";"A01";"1";"7";"0";"2";"6";"23";"1";""
"202400026157";"155735653";"B01";"2";"50";"0";"2";"1";"19";"3";""
"202400026158";"155735650";"A01";"1";"7";"9";"1";"1";"1";"1";""
"202400026159";"155735646";"A01";"2";"7";"0";"1";"1";"15";"1";""
"202400026160";"155735647";"A01";"1";"31";"0";"2";"4";"18";"1";""
"202400026160";"155735648";"B01";"1";"7";"0";"2";"2";"2";"2";""
"202400026161";"155735645";"A01";"1";"1";"0";"2";"7";"1";"0";""
"202400026161";"155735649";"B01";"2";"7";"0";"2";"2";"1";"2";""
"202400026162";"155735643";"A01";"2";"10";"0";"2";"6";"9";"1";""
"202400026162";"155735644";"B01";"2";"43";"0";"2";"5";"1";"1";""
"202400026163";"155735640";"A01";"1";"7";"0";"2";"4";"26";"1";""
"202400026163";"155735642";"B01";"1";"7";"0";"2";"3";"1";"1";""
"202400026164";"155735639";"A01";"3";"7";"0";"1";"0";"26";"1";""
"202400026165";"155735638";"Z01";"3";"10";"0";"2";"0";"1";"0";""
"202400026165";"155735641";"B01";"3";"1";"0";"2";"0";"1";"5";""
"202400026166";"155735635";"B01";"1";"50";"0";"2";"1";"1";"3";""
"202400026166";"155735636";"A01";"1";"10";"0";"2";"2";"15";"1";""
"202400026167";"155735634";"A01";"1";"2";"0";"2";"1";"19";"1";""
"202400026167";"155735637";"B01";"1";"7";"0";"2";"3";"1";"1";""
"202400026168";"155735633";"A01";"1";"7";"0";"1";"1";"1";"1";""
"202400026169";"155735630";"A01";"3";"1";"0";"2";"8";"19";"5";""
"202400026169";"155735631";"B01";"3";"7";"0";"2";"1";"1";"1";""
"202400026170";"155735632";"A01";"2";"30";"0";"1";"1";"0";"1";""
"202400026171";"155735629";"A01";"3";"99";"0";"0";"0";"1";"6";""
"202400026172";"155735628";"A01";"1";"99";"6";"0";"2";"26";"0";""
"202400026173";"155735625";"A01";"3";"7";"0";"1";"2";"1";"3";""
"202400026174";"155735623";"B01";"3";"37";"0";"2";"2";"1";"1";"2"
"202400026174";"155735627";"A01";"3";"7";"0";"2";"3";"15";"1";""
"202400026175";"155735622";"A01";"1";"50";"0";"1";"1";"1";"3";""
"202400026176";"155735620";"A01";"2";"30";"0";"0";"0";"1";"1";""
"202400026177";"155735619";"A01";"0";"7";"0";"2";"3";"2";"1";""
"202400026177";"155735621";"B01";"0";"7";"0";"2";"1";"1";"1";""
"202400026177";"155735624";"C01";"0";"7";"0";"2";"5";"23";"1";""
"202400026177";"155735626";"D01";"0";"7";"0";"0";"8";"1";"1";""
"202400026178";"155735618";"A01";"1";"7";"1";"1";"1";"1";"2";""
"202400026179";"155735617";"A01";"1";"7";"0";"1";"3";"1";"1";""
"202400026180";"155735613";"A01";"3";"1";"0";"2";"1";"14";"5";""
"202400026180";"155735616";"B01";"3";"50";"0";"2";"7";"1";"3";""
"202400026181";"155735611";"A01";"2";"10";"0";"2";"8";"10";"1";""
"202400026181";"155735612";"B01";"2";"33";"0";"2";"1";"17";"1";""
"202400026182";"155735610";"B01";"2";"7";"0";"0";"8";"1";"1";""
"202400026182";"155735615";"A01";"1";"15";"0";"0";"8";"13";"1";""
"202400026183";"155735609";"A01";"1";"7";"0";"2";"8";"2";"1";""
"202400026183";"155735614";"B01";"1";"7";"0";"2";"1";"2";"3";""
"202400026184";"155735608";"A01";"0";"15";"0";"0";"8";"9";"1";""
"202400026185";"155735607";"A01";"2";"1";"14";"0";"1";"2";"5";""
"202400026186";"155735603";"A01";"2";"43";"0";"2";"2";"17";"1";""
"202400026186";"155735606";"B01";"2";"7";"0";"2";"3";"10";"1";""
"202400026187";"155735602";"A01";"1";"10";"0";"2";"1";"13";"1";""
"202400026187";"155735605";"B01";"2";"7";"0";"2";"1";"1";"1";""
"202400026188";"155735601";"A01";"2";"32";"0";"2";"1";"1";"1";""
"202400026188";"155735604";"B01";"1";"99";"0";"2";"3";"9";"1";""
"202400026189";"155735599";"A01";"1";"7";"0";"2";"1";"1";"1";""
"202400026189";"155735600";"B01";"2";"10";"0";"2";"1";"13";"1";""
"202400026190";"155735595";"B01";"1";"33";"0";"2";"1";"9";"1";""
"202400026190";"155735597";"A01";"1";"7";"0";"2";"1";"10";"1";""
"202400026191";"155735594";"B01";"2";"7";"0";"2";"0";"0";"1";""
"202400026191";"155735598";"A01";"1";"2";"0";"2";"1";"26";"3";""
"202400026192";"155735596";"A01";"2";"10";"12";"0";"1";"19";"1";""
"202400026193";"155735592";"B01";"2";"1";"0";"2";"1";"1";"5";""
"202400026193";"155735593";"A01";"3";"7";"0";"2";"1";"15";"2";""
"202400026194";"155735589";"A01";"2";"10";"0";"0";"3";"0";"1";""
"202400026194";"155735591";"B01";"2";"1";"1";"0";"2";"1";"5";""
"202400026195";"155735588";"A01";"2";"30";"0";"0";"0";"15";"1";""
"202400026196";"155735585";"A01";"2";"7";"0";"2";"7";"13";"1";""
"202400026196";"155735587";"B01";"1";"10";"0";"2";"1";"0";"1";""
"202400026197";"155735586";"A01";"1";"7";"0";"2";"1";"9";"1";""
"202400026197";"155735590";"B01";"1";"33";"0";"2";"1";"1";"1";""
"202400026198";"155735583";"A01";"3";"10";"0";"2";"1";"13";"1";""
"202400026198";"155735584";"B01";"3";"7";"0";"2";"1";"1";"1";""
"202400026199";"155735580";"A01";"1";"7";"2";"0";"3";"1";"1";""
"202400026200";"155735579";"A01";"1";"31";"0";"2";"2";"17";"1";""
"202400026200";"155735582";"B01";"1";"7";"0";"2";"3";"15";"1";""
"202400026201";"155735578";"A01";"0";"7";"0";"2";"3";"1";"1";""
"202400026201";"155735581";"B01";"0";"7";"0";"2";"2";"1";"1";""
"202400026202";"155735576";"B01";"1";"7";"0";"2";"2";"2";"1";""
"202400026202";"155735577";"A01";"1";"43";"0";"2";"4";"23";"1";""