"Num_Acc";"id_vehicule";"num_veh";"senc";"catv";"obs";"obsm";"choc";"manv";"motor";"occutc"
"202400026203";"155735574";"A01";"1";"7";"0";"1";"1";"15";"2";""
"202400026204";"155735573";"A01";"2";"7";"0";"2";"1";"1";"1";""
"202400026204";"155735575";"B01";"1";"33";"0";"2";"1";"1";"1";""
"202400026205";"155735572";"A01";"3";"2";"0";"0";"0";"26";"1";""
"202400026206";"155735571";"A01";"2";"50";"12";"0";"1";"14";"3";""
"202400026207";"155735569";"A01";"1";"7";"0";"1";"2";"1";"2";""
"202400026208";"155735570";"A01";"2";"15";"3";"0";"1";"6";"1";""
"202400026209";"155735568";"A01";"1";"7";"2";"0";"1";"15";"1";""
"202400026210";"155735566";"A01";"2";"7";"0";"2";"2";"1";"1";""
"202400026210";"155735567";"B01";"2";"50";"0";"2";"1";"1";"3";""
"202400026211";"155735564";"A01";"1";"7";"0";"1";"1";"15";"1";""
"202400026212";"155735563";"A01";"1";"7";"0";"2";"1";"5";"1";""
"202400026212";"155735565";"B01";"2";"7";"0";"2";"1";"1";"1";""
"202400026213";"155735562";"A01";"1";"7";"0";"1";"2";"1";"1";""
"202400026214";"155735561";"A01";"1";"7";"0";"1";"3";"1";"1";""
"202400026215";"155735559";"A01";"3";"7";"8";"0";"1";"1";"1";""
"202400026216";"155735558";"A01";"2";"2";"0";"2";"1";"1";"1";""
"202400026216";"155735560";"B01";"3";"1";"0";"2";"7";"19";"5";""
"202400026217";"155735557";"A01";"1";"7";"0";"0";"0";"1";"2";""
"202400026218";"155735555";"B01";"0";"7";"0";"2";"5";"16";"1";""
"202400026218";"155735556";"A01";"0";"33";"0";"2";"1";"1";"1";""
"202400026219";"155735554";"B01";"1";"0";"0";"1";"0";"0";"0";""
"202400026220";"155735551";"A01";"0";"1";"0";"0";"0";"1";"5";""
"202400026221";"155735550";"A01";"1";"7";"3";"1";"7";"10";"1";""
"202400026222";"155735548";"A01";"2";"7";"0";"2";"3";"1";"0";""
"202400026222";"155735552";"B01";"2";"80";"0";"2";"1";"12";"3";""
"202400026223";"155735549";"A01";"0";"50";"0";"2";"1";"19";"3";""
"202400026223";"155735553";"B01";"0";"7";"0";"2";"1";"1";"1";""
"202400026224";"155735546";"A01";"1";"7";"0";"1";"0";"9";"0";""
"202400026225";"155735545";"A01";"2";"7";"0";"0";"0";"21";"1";""
"202400026226";"155735544";"B01";"1";"17";"0";"0";"0";"1";"1";""
"202400026226";"155735547";"A01";"1";"7";"0";"0";"1";"0";"1";""
"202400026227";"155735540";"A01";"1";"7";"4";"2";"2";"14";"1";""
"202400026227";"155735542";"B01";"1";"10";"0";"2";"3";"1";"1";""
"202400026228";"155735538";"A01";"1";"30";"2";"0";"1";"14";"1";""
"202400026229";"155735539";"A01";"3";"7";"0";"2";"3";"11";"1";""
"202400026229";"155735541";"B01";"3";"1";"0";"0";"3";"1";"5";""
"202400026230";"155735536";"A01";"0";"7";"7";"0";"2";"1";"0";""
"202400026231";"155735533";"A01";"3";"7";"0";"2";"3";"2";"1";""
"202400026231";"155735535";"B01";"3";"34";"0";"2";"2";"2";"3";""
"202400026231";"155735537";"C01";"3";"7";"0";"2";"4";"2";"1";""
"202400026232";"155735532";"B01";"1";"7";"0";"2";"3";"17";"1";""
"202400026232";"155735534";"A01";"1";"7";"4";"2";"8";"21";"1";""
"202400026233";"155735527";"Z01";"1";"7";"0";"2";"0";"15";"1";""
"202400026233";"155735531";"B01";"2";"33";"0";"2";"1";"1";"1";""
"202400026234";"155735528";"A01";"2";"7";"0";"9";"1";"1";"1";""
"202400026235";"155735529";"B01";"0";"7";"0";"9";"3";"1";"1";""
"202400026235";"155735530";"A01";"1";"32";"0";"2";"1";"13";"1";""
"202400026236";"155735525";"A01";"1";"33";"12";"0";"1";"14";"1";""
"202400026237";"155735524";"A01";"2";"14";"0";"0";"7";"14";"1";""
"202400026238";"155735523";"B01";"2";"33";"0";"2";"1";"1";"1";""
"202400026238";"155735526";"A01";"2";"7";"0";"2";"3";"9";"1";""
"202400026239";"155735519";"A01";"2";"7";"3";"0";"0";"0";"1";""
"202400026240";"155735518";"A01";"3";"43";"0";"2";"2";"3";"1";""
"202400026240";"155735521";"B01";"3";"7";"0";"2";"3";"11";"1";""
"202400026241";"155735520";"A01";"0";"7";"0";"2";"2";"1";"1";""
"202400026241";"155735522";"B01";"3";"1";"0";"2";"8";"9";"5";""
"202400026242";"155735515";"A01";"1";"1";"0";"0";"9";"1";"5";""
"202400026243";"155735514";"B01";"1";"1";"0";"2";"2";"1";"5";""
"202400026243";"155735517";"A01";"2";"7";"0";"2";"1";"9";"1";""
"202400026244";"155735510";"B01";"2";"2";"0";"2";"1";"1";"1";""
"202400026244";"155735513";"A01";"1";"7";"0";"2";"8";"19";"1";""
"202400026245";"155735509";"A01";"2";"7";"0";"2";"1";"1";"1";""
"202400026245";"155735512";"B01";"1";"7";"2";"0";"8";"19";"1";""
"202400026246";"155735508";"A01";"1";"7";"0";"2";"6";"1";"1";""
"202400026246";"155735511";"B01";"2";"7";"0";"2";"3";"1";"1";""
"202400026247";"155735505";"A01";"2";"7";"0";"0";"4";"1";"1";""
"202400026247";"155735507";"B01";"2";"10";"0";"2";"1";"1";"1";""
"202400026248";"155735504";"A01";"2";"1";"0";"1";"1";"1";"5";""
"202400026249";"155735503";"A01";"1";"7";"0";"0";"6";"9";"3";""
"202400026249";"155735506";"B01";"1";"15";"0";"2";"2";"2";"1";""
"202400026250";"155735502";"A01";"1";"7";"9";"0";"1";"1";"1";""
"202400026251";"155735500";"A01";"2";"7";"2";"0";"1";"1";"0";""
"202400026252";"155735499";"A01";"2";"7";"0";"2";"1";"13";"1";""
"202400026252";"155735501";"B01";"1";"7";"0";"2";"1";"1";"1";""
"202400026253";"155735495";"A01";"2";"33";"0";"0";"8";"0";"1";""
"202400026254";"155735493";"B01";"1";"2";"0";"2";"1";"1";"1";""
"202400026254";"155735497";"A01";"2";"7";"0";"0";"0";"15";"0";""
"202400026255";"155735492";"A01";"2";"7";"0";"2";"4";"1";"1";""
"202400026255";"155735494";"B01";"2";"7";"0";"2";"4";"1";"1";""
"202400026255";"155735496";"C01";"2";"7";"0";"2";"7";"1";"2";""
"202400026255";"155735498";"Z01";"2";"7";"0";"2";"1";"1";"0";""
"202400026256";"155735490";"B01";"1";"7";"0";"0";"4";"2";"1";""
"202400026256";"155735491";"A01";"1";"7";"0";"2";"1";"2";"1";""
"202400026257";"155735489";"A01";"1";"7";" -1";"9";"4";"23";"1";""
"202400026258";"155735488";"Z01";"0";"0";"0";"1";"0";"0";"0";""
"202400026259";"155735487";"A01";"1";"7";"13";"0";"1";"14";"3";""
"202400026260";"155735483";"B01";"3";"50";"0";"2";"7";"1";"3";""
"202400026260";"155735486";"A01";"1";"7";"0";"2";"1";"1";"1";""
"202400026261";"155735484";"A01";"1";"80";"0";"2";"1";"5";"3";""
"202400026261";"155735485";"Z01";"2";"7";"0";"9";"1";"16";"1";""
"202400026262";"155735482";"A01";"1";"7";"13";"0";"9";"0";"1";""
"202400026263";"155735481";"A01";"3";"7";"0";"1";"3";"19";"1";""
"202400026264";"155735479";"A01";"1";"2";"0";"0";"0";"14";"1";""
"202400026265";"155735478";"B01";"2";"1";"0";"2";"1";"18";"5";""
"202400026265";"155735480";"A01";"2";"7";"0";"2";"5";"22";"2";""
"202400026266";"155735473";"B01";"0";"7";"0";"2";"1";"1";"1";""
"202400026266";"155735475";"A01";"0";"7";"0";"2";"1";"13";"1";""
"202400026267";"155735472";"B01";"1";"32";"0";"2";"1";"1";"1";""
"202400026267";"155735474";"A01";"1";"50";"0";"2";"7";"1";"3";""
"202400026268";"155735470";"A01";"2";"2";"13";"0";"1";"1";"1";""
"202400026269";"155735469";"A01";"1";"14";"0";"2";"2";"21";"1";""
"202400026269";"155735471";"B01";"1";"7";"0";"2";"4";"23";"1";""
"202400026270";"155735468";"A01";"1";"32";"0";"1";"3";"21";"1";""
"202400026271";"155735467";"A01";"3";"7";"2";"0";"1";"1";"1";""
"202400026272";"155735464";"A01";"2";"1";"0";"0";"0";"1";"5";""
"202400026273";"155735462";"C01";"2";"7";"0";"2";"4";"1";"1";""
"202400026273";"155735465";"A01";"2";"15";"0";"2";"1";"2";"1";""
"202400026273";"155735466";"B01";"2";"7";"0";"2";"4";"2";"3";""
"202400026274";"155735461";"A01";"3";"7";"0";"2";"8";"1";"1";""
"202400026274";"155735463";"B01";"2";"33";"0";"2";"1";"1";"1";""
"202400026275";"155735458";"B01";"1";"7";"0";"2";"8";"15";"1";""
"202400026275";"155735460";"A01";"1";"31";"0";"2";"1";"17";"1";""
"202400026276";"155735457";"A01";"2";"7";"0";"2";"1";"1";"1";""
"202400026276";"155735459";"B01";"2";"7";"4";"2";"4";"1";"1";""
"202400026277";"155735453";"A01";"1";"7";"0";"9";"1";"5";"1";""
"202400026277";"155735455";"B01";"2";"80";"0";"2";"1";"1";"3";""
"202400026277";"155735456";"C01";"2";"80";"0";"2";"1";"1";"3";""
"202400026278";"155735451";"A01";"1";"33";"0";"2";"7";"1";"1";""
"202400026278";"155735454";"B01";"2";"7";"0";"2";"3";"15";"1";""
"202400026279";"155735450";"B01";"1";"33";"0";"2";"1";"3";"1";""
"202400026279";"155735452";"A01";"1";"7";"0";"2";"4";"12";"1";""
"202400026280";"155735448";"B01";"3";"10";"0";"2";"1";"1";"1";""
"202400026280";"155735449";"A01";"0";"7";"0";"2";"3";"5";"1";""
"202400026281";"155735446";"A01";"1";"7";"13";"0";"1";"26";"1";""
"202400026282";"155735445";"A01";"1";"7";"0";"2";"7";"12";"1";""
"202400026282";"155735447";"B01";"1";"31";"0";"2";"8";"3";"1";""
"202400026283";"155735442";"B01";"1";"33";"0";"2";"3";"11";"1";""
"202400026283";"155735443";"A01";"1";"33";"0";"2";"2";"1";"1";""
"202400026284";"155735441";"A01";"2";"7";"0";"2";"2";"15";"1";""
"202400026284";"155735444";"B01";"1";"7";"0";"2";"3";"1";"1";""
"202400026285";"155735438";"A01";"2";"2";"0";"6";"1";"21";"1";""
"202400026286";"155735437";"B01";" -1";"7";"0";"2";"1";"1";" -1";""
"202400026286";"155735439";"A01";"1";"43";"1";"2";"2";"0";"1";""
"202400026287";"155735432";"A01";"2";"7";"0";"2";"1";"0";"1";""
"202400026287";"155735433";"B01";"2";"7";"0";"2";"9";"23";"1";""
"202400026287";"155735440";"C01";"2";"7";"0";"2";"4";"23";"2";""
"202400026288";"155735431";"A01";"2";"7";"0";"2";"8";"1";"1";""
"202400026288";"155735435";"B01";"1";"7";"0";"2";"1";"1";"1";""
"202400026289";"155735429";"A01";"1";"7";"0";"0";"0";"1";"1";""
"202400026289";"155735430";"B01";"1";"7";"0";"2";"0";"0";"0";""
"202400026290";"155735427";"A01";"1";"33";"3";"0";"1";"0";"1";""
"202400026291";"155735426";"A01";"1";"7";"14";"0";"2";"1";"1";""
"202400026291";"155735428";"B01";"2";"7";"0";"2";"1";"16";"1";""
"202400026292";"155735425";"A01";"1";"7";"0";"1";"2";"1";"1";""
"202400026293";"155735422";"A01";"2";"34";"0";"2";"8";"3";"1";""
"202400026293";"155735424";"B01";"2";"7";"0";"2";"2";"12";"1";""
"202400026294";"155735421";"A01";"3";"7";"13";"0";"1";"1";"1";""
"202400026295";"155735420";"A01";"1";"7";"0";"2";"1";"1";"1";""
"202400026295";"155735423";"B01";"1";"7";"0";"2";"8";"19";"1";""
"202400026296";"155735415";"A01";"1";"7";"0";"2";"4";"10";"2";""
"202400026297";"155735413";"A01";"1";"7";"0";"2";"3";"1";"1";""
"202400026297";"155735416";"B01";"2";"7";"0";"0";"6";"1";"1";""
"202400026297";"155735418";"C01";"2";"33";"0";"2";"1";"2";"1";""
"202400026298";"155735411";"A01";"1";"1";"0";"0";"0";"2";"5";""
"202400026299";"155735410";"B01";"1";"7";"0";"2";"5";"1";"0";""
"202400026299";"155735412";"A01";"1";"7";"0";"2";"3";"1";"0";""
"202400026300";"155735409";"A01";"2";"7";"0";"2";"1";"1";"1";""
"202400026300";"155735414";"B01";"2";"7";"0";"2";"4";"1";"1";""
"202400026300";"155735417";"C01";"2";"7";"0";"2";"4";"1";"1";""
"202400026300";"155735419";"D01";"2";"7";"0";"2";"4";"1";"1";""
"202400026301";"155735408";"A01";"1";"7";"0";"0";"9";"16";"1";""
"202400026302";"155735407";"A01";"1";"1";"8";"0";"1";"25";"5";""
"202400026303";"155735406";"A01";"2";"50";"0";"0";"0";"1";"3";""
"202400026304";"155735404";"A01";"3";"1";"9";"0";"1";"14";"5";""
"202400026305";"155735402";"C01";"2";"7";"0";"2";"8";"0";"1";""
"202400026305";"155735403";"B01";"2";"7";"0";"2";"2";"21";"1";""
"202400026305";"155735405";"A01";"2";"7";"0";"2";"5";"11";"1";""
"202400026306";"155735400";"A01";"2";"50";"0";"1";"0";"1";"3";""
"202400026307";"155735401";"A01";"1";"7";"2";"0";"7";"1";"1";""
"202400026308";"155735397";"A01";"2";"7";"2";"0";"1";"0";"1";""
"202400026309";"155735395";"A01";"1";"7";"0";"2";"5";"1";"3";""
"202400026309";"155735398";"B01";"1";"7";"0";"2";"1";"1";"1";""
"202400026309";"155735399";"C01";"1";"10";"0";"2";"2";"21";"1";""
"202400026310";"155735394";"B01";"2";"10";"0";"2";"1";"2";"0";""
"202400026310";"155735396";"A01";"2";"7";"0";"2";"4";"2";"1";""
"202400026311";"155735390";"A01";"2";"10";"0";"2";"2";"15";"1";""
"202400026311";"155735392";"B01";"1";"33";"0";"2";"1";"1";"1";""
"202400026312";"155735389";"B01";"2";"15";"0";"2";"3";"1";"1";""
"202400026312";"155735391";"A01";"2";"7";"0";"2";"7";"1";"1";""
"202400026313";"155735388";"A01";"2";"7";"0";"2";"2";"1";"1";""
"202400026313";"155735393";"B01";"1";"2";"0";"2";"0";"1";"1";""
"202400026314";"155735386";"A01";"3";"7";"13";"0";"0";"1";"1";""
"202400026315";"155735384";"A01";"3";"7";"0";"2";"3";"1";"1";""
"202400026315";"155735387";"B01";"3";"7";"0";"2";"3";"1";"1";""
"202400026316";"155735383";"A01";"2";"7";"0";"2";"6";"1";"1";""
"202400026316";"155735385";"B01";"2";"7";"4";"2";"2";"2";"1";""
"202400026317";"155735381";"B01";"2";"7";"0";"2";"1";"1";"1";""
"202400026317";"155735382";"A01";"1";"2";"0";"2";"3";"2";"1";""
"202400026318";"155735379";"B01";"1";"43";"0";"2";"1";"17";"1";""
"202400026318";"155735380";"A01";"3";"7";"0";"2";"1";"9";"1";""
"202400026319";"155735376";"A01";"3";"7";"0";"2";"1";"19";"1";""
"202400026319";"155735377";"B01";"1";"7";"0";"0";"7";"1";"1";""
"202400026320";"155735375";"A01";"1";"7";"6";"0";"3";"1";"2";""
"202400026321";"155735374";"A01";"2";"7";"13";"0";"0";"0";"1";""
"202400026322";"155735373";"A01";"1";"7";"8";"0";"1";"1";"1";""
"202400026323";"155735370";"A01";"2";"7";"0";"2";"2";"5";"1";""
"202400026323";"155735371";"B01";"1";"17";"0";"2";"2";"1";"1";""
"202400026324";"155735369";"A01";"2";"7";"0";"2";"1";"5";"1";""
"202400026324";"155735372";"B01";"1";"7";"0";"2";"1";"1";"1";""
"202400026325";"155735366";"A01";"1";"7";"0";"2";"1";"13";"0";""
"202400026325";"155735368";"B01";"2";"15";"0";"2";"1";"1";"1";""
"202400026326";"155735365";"A01";"1";"7";"0";"0";"8";"15";"2";""
"202400026326";"155735367";"B01";"1";"33";"0";"2";"7";"17";"1";""
"202400026327";"155735364";"A01";"2";"7";"0";"0";"2";"14";"1";""
"202400026328";"155735362";"A01";"1";"7";"15";"0";"2";"0";"1";""
"202400026329";"155735361";"A01";"1";"10";"0";"2";"1";"1";"1";""
"202400026329";"155735363";"B01";"2";"7";"0";"2";"1";"13";"1";""
"202400026330";"155735358";"A01";"2";"7";"0";"2";"1";"13";"1";""
"202400026330";"155735359";"B01";"1";"7";"0";"2";"1";"1";"1";""
"202400026331";"155735357";"A01";"1";"7";"1";"0";"1";"2";"1";""
"202400026331";"155735360";"B01";"1";"17";"0";"0";"4";"24";"1";""
"202400026332";"155735355";"A01";"2";"7";"3";"0";"1";"1";"1";""
"202400026333";"155735354";"B01";"1";"7";"0";"2";"1";"21";"3";""
"202400026333";"155735356";"A01";"2";"7";"0";"2";"1";"13";"1";""
"202400026334";"155735353";"A01";"0";"7";"13";"0";"9";"1";"1";""
"202400026335";"155735351";"B01";"1";"7";"0";"2";"1";"1";"1";""
"202400026335";"155735352";"A01";"2";"7";"0";"2";"1";"13";"1";""
"202400026336";"155735349";"A01";"3";"2";"5";"0";"1";"1";"1";""
"202400026337";"155735350";"A01";"0";"80";"12";"0";"1";"15";"3";""
"202400026338";"155735347";"B01";"1";"1";"0";"2";"3";"9";"5";""
"202400026338";"155735348";"A01";"1";"7";"0";"2";"2";"2";"3";""
"202400026339";"155735345";"A01";"1";"7";"0";"9";"2";"16";"1";""
"202400026339";"155735346";"B01";"2";"1";"0";"0";"2";"26";"5";""
"202400026340";"155735343";"A01";"2";"7";"1";"1";"1";"20";"1";""
"202400026341";"155735342";"A01";"1";"10";"0";"2";"1";"1";"1";""
"202400026341";"155735344";"B01";"2";"7";"0";"2";"1";"13";"1";""
"202400026342";"155735341";"A01";"1";"10";"7";"0";"2";"13";"1";""
"202400026343";"155735339";"B01";"2";"1";"0";"2";"1";"18";"5";""
"202400026343";"155735340";"A01";"1";"33";"0";"2";"1";"1";"1";""
"202400026344";"155735338";"A01";"0";"2";"0";"0";"7";"0";"1";""
"202400026345";"155735335";"B01";"1";"7";"0";"2";"3";"15";"1";""
"202400026345";"155735337";"A01";"1";"33";"0";"2";"1";"17";"1";""
"202400026346";"155735332";"A01";"1";"7";"8";"0";"1";"0";"2";""
"202400026347";"155735330";"A01";"1";"7";"0";"2";"1";"5";"1";""
"202400026347";"155735331";"B01";"1";"7";"0";"2";"1";"1";"1";""
"202400026347";"155735333";"C01";"1";"7";"0";"2";"1";"1";"1";""
"202400026347";"155735334";"D01";"1";"7";"0";"2";"3";"1";"1";""
"202400026347";"155735336";"E01";"1";"7";"0";"0";"2";"1";"1";""
"202400026348";"155735327";"A01";"0";"7";"0";"2";"8";"13";"1";""
"202400026348";"155735329";"B01";"0";"33";"0";"2";"7";"1";"1";""
"202400026349";"155735326";"A01";"1";"7";"0";"2";"2";"1";"1";""
"202400026349";"155735328";"B01";"2";"7";"0";"2";"3";"1";"1";""
"202400026350";"155735324";"B01";"2";"7";"0";"2";"2";"1";"1";""
"202400026350";"155735325";"A01";"2";"1";"0";"2";"4";"1";"5";""
"202400026351";"155735323";"A01";"1";"7";"2";"0";"1";"1";"1";""
"202400026352";"155735322";"A01";"1";"31";"13";"0";"9";"14";"1";""
"202400026353";"155735318";"A01";"2";"7";"4";"0";"8";"13";"1";""
"202400026354";"155735319";"A01";"3";"7";"0";"2";"1";"1";"1";""
"202400026354";"155735320";"C01";"3";"7";"0";"2";"4";"2";"1";""
"202400026354";"155735321";"B01";"0";"10";"0";"2";"4";"23";"1";""
"202400026355";"155735315";"B01";"1";"1";"0";"2";"1";"1";"5";""
"202400026355";"155735316";"A01";"1";"7";"0";"2";"2";"15";"1";""
"202400026356";"155735314";"B01";"1";"7";"0";"2";"1";"1";"1";""
"202400026356";"155735317";"A01";"2";"10";"0";"2";"3";"19";"3";""
"202400026357";"155735312";"A01";"1";"7";"17";"0";"3";"11";"1";""
"202400026358";"155735313";"A01";"3";"33";"2";"9";"1";"0";"1";""
"202400026359";"155735311";"A01";"1";"33";"0";"0";"7";"1";"1";""
"202400026360";"155735309";"A01";"1";"7";"0";"2";"3";"1";"1";""
"202400026360";"155735310";"B01";"1";"7";"0";"2";"3";"1";"1";""
"202400026361";"155735307";"A01";"2";"7";"0";"9";"3";"9";"1";""
"202400026361";"155735308";"B01";"2";"50";"0";"9";"7";"0";"3";""
"202400026362";"155735304";"A01";"2";"10";"0";"2";"2";"17";"1";""
"202400026362";"155735306";"B01";"1";"7";"0";"2";"1";"1";"1";""
"202400026363";"155735303";"A01";"1";"7";"0";"2";"1";"17";"1";""
"202400026363";"155735305";"B01";"2";"7";"0";"2";"1";"1";"1";""
"202400026364";"155735300";"B01";"2";"15";"0";"2";"3";"1";"1";""
"202400026364";"155735302";"A01";"2";"7";"7";"2";"1";"1";"3";""
"202400026365";"155735299";"A01";"2";"7";"0";"2";"2";"19";"1";""
"202400026365";"155735301";"B01";"1";"7";"13";"2";"3";"19";"1";""
"202400026366";"155735298";"A01";"1";"99";"4";"0";"3";"13";"1";""
"202400026367";"155735294";"A01";"3";"33";"0";"2";"1";"17";"1";""
"202400026367";"155735296";"B01";"3";"7";"0";"2";"3";"15";"1";""
"202400026368";"155735292";"A01";"2";"7";"0";"2";"1";"13";"1";""
"202400026368";"155735293";"B01";"1";"7";"0";"2";"1";"1";"1";""
"202400026368";"155735295";"C01";"2";"7";"0";"2";"2";"2";"1";""
"202400026368";"155735297";"D01";"1";"7";"0";"2";"1";"23";"1";""
"202400026369";"155735291";"A01";"1";"2";"0";"0";"8";"1";"1";""
"202400026370";"155735290";"A01";"2";"7";"3";"0";"1";"26";"3";""
"202400026371";"155735289";"A01";"3";"7";"0";"1";"3";"15";"1";""
"202400026372";"155735286";"A01";"2";"7";"0";"2";"5";"1";"1";""
"202400026372";"155735287";"B01";"2";"34";"0";"2";"2";"3";"1";""
"202400026372";"155735288";"C01";"2";"7";"0";"2";"3";"11";"1";""
"202400026373";"155735284";"A01";"2";"7";"0";"2";"1";"1";"1";""
"202400026373";"155735285";"B01";"2";"10";"14";"0";"1";"15";"1";""
"202400026374";"155735283";"A01";"1";"7";"16";"0";"3";"26";"1";""
"202400026375";"155735280";"A01";"1";"7";"16";"0";"0";"19";"1";""
"202400026376";"155735281";"A01";"0";"31";"0";"2";"7";"0";"1";""
"202400026376";"155735282";"B01";"0";"7";"0";"2";"2";"1";"1";""
"202400026377";"155735279";"A01";"0";"7";"4";"0";"2";"16";"1";""
"202400026378";"155735277";"A01";"1";"33";"0";"2";"0";"17";"1";""
"202400026378";"155735278";"B01";"2";"7";"0";"0";"3";"1";"1";""
"202400026379";"155735276";"A01";"2";"7";"4";"0";"3";"16";"1";""
"202400026380";"155735273";"A01";"2";"7";"3";"0";"4";"2";"1";""
"202400026381";"155735274";"B01";"2";"33";"0";"2";"1";"1";"1";""
"202400026381";"155735275";"A01";"1";"7";"0";"2";"1";"9";"1";""
"202400026382";"155735272";"A01";"1";"10";"3";"0";"2";"2";"1";""
"202400026383";"155735270";"A01";"1";"7";"0";"2";"1";"17";"1";""
"202400026383";"155735271";"B01";"2";"7";"0";"2";"7";"1";"1";""
"202400026384";"155735269";"A01";"2";"7";"0";"0";"1";"26";"1";""
"202400026385";"155735268";"A01";"3";"10";"1";"1";"1";"26";"1";""
"202400026386";"155735266";"A01";"1";"7";"0";"2";"2";"1";"1";""
"202400026386";"155735267";"B01";"1";"7";"0";"2";"6";"1";"1";""
"202400026387";"155735265";"A01";"3";"7";"0";"1";"3";"20";"1";""
"202400026388";"155735263";"A01";"2";"7";"0";"2";"6";"1";"1";""
"202400026388";"155735264";"B01";"2";"7";"0";"2";"2";"0";"1";""
"202400026389";"155735261";"B01";"2";"7";"0";"2";"1";"1";"1";""
"202400026389";"155735262";"A01";"1";"7";"0";"2";"1";"1";"1";""
"202400026390";"155735259";"A01";"1";"7";"0";"2";"1";"12";"1";""
"202400026390";"155735260";"B01";"1";"7";"0";"2";"4";"0";"1";""
"202400026391";"155735257";"B01";"0";"80";"0";"0";"0";"1";"3";""
"202400026391";"155735258";"A01";"0";"7";"0";"2";"7";"17";"1";""
"202400026392";"155735254";"A01";"2";"33";"0";"0";"0";"1";"1";""
"202400026393";"155735255";"A01";"2";"7";"4";"2";"3";"13";"1";""
"202400026393";"155735256";"B01";"2";"7";"0";"2";"3";"1";"2";""
"202400026394";"155735252";"A01";"2";"7";"4";"0";"3";"1";"1";""
"202400026395";"155735250";"A01";"1";"7";"0";"0";"7";"0";"1";""
"202400026396";"155735249";"A01";"1";"7";"0";"2";"2";"17";"1";""
"202400026396";"155735251";"B01";"1";"7";"0";"2";"6";"1";"1";""
"202400026397";"155735247";"A01";"1";"7";"1";"2";"1";"1";"1";""
"202400026397";"155735248";"B01";"1";"7";"0";"2";"4";"1";"1";""
"202400026398";"155735245";"A01";"2";"33";"0";"2";"1";"5";"1";""
"202400026398";"155735246";"B01";"2";"7";"0";"2";"2";"12";"1";""
"202400026399";"155735243";"B01";"1";"32";"0";"2";"8";"3";"1";""
"202400026399";"155735244";"A01";"1";"7";"0";"2";"2";"11";"1";""
"202400026400";"155735241";"A01";"1";"17";"0";"2";"2";"12";"1";""
"202400026400";"155735242";"B01";"1";"7";"0";"2";"6";"1";"1";""
"202400026401";"155735237";"A01";"1";"7";"0";"2";"4";"13";"1";""
"202400026401";"155735239";"C01";"1";"7";"0";"2";"8";"1";"1";""
"202400026401";"155735240";"B01";"1";"38";"0";"2";"1";"1";"1";"1"
"202400026402";"155735238";"A01";"2";"7";"0";"0";"1";"1";"1";""
"202400026403";"155735236";"A01";"1";"7";"4";"0";"3";"1";"1";""
"202400026404";"155735234";"A01";"1";"10";"0";"2";"1";"1";"1";""
"202400026404";"155735235";"B01";"1";"7";"0";"2";"4";"1";"1";""
"202400026405";"155735233";"A01";"2";"33";"0";"0";"0";"1";"1";""
"202400026406";"155735232";"A01";"1";"34";"4";"0";"1";"1";"1";""
"202400026407";"155735230";"B01";"2";"7";"0";"2";"1";"1";"1";""
"202400026407";"155735231";"A01";"2";"10";"0";"2";"4";"1";"1";""
"202400026408";"155735226";"A01";"1";"7";"0";"2";"3";"13";"1";""
"202400026408";"155735228";"B01";"1";"14";"0";"2";"1";"1";"1";""
"202400026408";"155735229";"C01";"1";"7";"4";"2";"7";"1";"1";""
"202400026409";"155735224";"A01";"1";"7";"0";"2";"5";"1";"1";""
"202400026409";"155735225";"B01";"1";"7";"0";"2";"2";"12";"1";""
"202400026409";"155735227";"C01";"1";"33";"0";"2";"3";"3";"1";""
"202400026410";"155735222";"A01";"1";"32";"0";"2";"1";"0";"1";""
"202400026410";"155735223";"B01";"1";"7";"0";"2";"5";"0";"2";""
"202400026411";"155735220";"B01";"1";"10";"0";"2";"1";"1";"1";""
"202400026411";"155735221";"A01";"1";"7";"0";"2";"4";"1";"1";""
"202400026412";"155735219";"A01";"2";"33";"0";"0";"9";"1";"1";""
"202400026413";"155735217";"B01";"1";"10";"0";"0";"4";"1";"1";""
"202400026413";"155735218";"A01";"1";"7";"0";"2";"1";"2";"1";""
"202400026414";"155735216";"A01";"1";"10";"0";"1";"1";"1";"1";""
"202400026415";"155735213";"A01";"1";"7";"0";"2";"1";"15";"1";""
"202400026415";"155735214";"B01";"2";"2";"0";"2";"3";"26";"1";""
"202400026416";"155735204";"A01";"1";"7";"0";"2";"2";"15";"1";""
"202400026416";"155735206";"B01";"2";"31";"0";"2";"0";"0";"1";""
"202400026417";"155735203";"A01";"3";"7";"0";"1";"1";"2";"1";""
"202400026418";"155735202";"A01";"3";"31";"0";"0";"8";"15";"1";""
"202400026419";"155735200";"A01";"3";"7";"0";"2";"2";"15";"1";""
"202400026419";"155735201";"B01";"3";"7";"0";"2";"3";"0";"1";""
"202400026420";"155735198";"B01";"2";"1";"0";"2";"0";"19";"5";""
"202400026420";"155735199";"A01";"1";"10";"0";"2";"0";"1";"1";""
"202400026421";"155735195";"A01";"1";"7";"0";"2";"1";"17";"1";""
"202400026421";"155735197";"B01";"2";"7";"0";"2";"1";"1";"1";""
"202400026422";"155735196";"A01";"2";"7";"0";"1";"8";"1";"1";""
"202400026423";"155735192";"B01";"2";"32";"0";"2";"7";"1";"1";""
"202400026423";"155735194";"A01";"3";"7";"14";"0";"1";"15";"1";""