"Num_Acc";"id_vehicule";"num_veh";"senc";"catv";"obs";"obsm";"choc";"manv";"motor";"occutc"
"202400026424";"155735190";"A01";"1";"7";"0";"2";"1";"2";"6";""
"202400026424";"155735191";"B01";"1";"33";"0";"2";"1";"6";"1";""
"202400026424";"155735193";"C01";"1";"7";"0";"2";"1";"1";"1";""
"202400026425";"155735189";"Z01";"3";"50";"0";"1";"1";"1";"3";""
"202400026426";"155735187";"A01";"1";"30";"12";"0";"8";"1";"1";""
"202400026427";"155735186";"B01";"2";"7";"0";"2";"7";"1";"1";""
"202400026427";"155735188";"A01";"3";"10";"0";"2";"1";"9";"1";""
"202400026428";"155735183";"A01";"2";"7";"0";"2";"1";"1";"2";""
"202400026428";"155735185";"B01";"2";"1";"0";"2";"8";"16";"0";""
"202400026429";"155735182";"B01";"1";"31";"0";"2";"1";"1";"1";""
"202400026429";"155735184";"Z01";"1";"7";"0";"2";"4";"1";"1";""
"202400026430";"155735179";"A01";"1";"7";"0";"2";"1";"15";"2";""
"202400026430";"155735181";"B01";"2";"31";"0";"2";"4";"3";"1";""
"202400026431";"155735178";"A01";"1";"7";"0";"2";"2";"15";"1";""
"202400026431";"155735180";"B01";"2";"1";"0";"2";"1";"1";"5";""
"202400026432";"155735175";"A01";"1";"7";"0";"2";"1";"0";"1";""
"202400026432";"155735177";"B01";"2";"30";"0";"2";"1";"0";"3";""
"202400026433";"155735174";"B01";"1";"1";"0";"2";"6";"2";"5";""
"202400026433";"155735176";"A01";"1";"1";"0";"2";"1";"0";"5";""
"202400026434";"155735171";"B01";"1";"7";"0";"2";"1";"1";"1";""
"202400026434";"155735173";"A01";"2";"7";"0";"2";"1";"15";"1";""
"202400026435";"155735170";"A01";"2";"7";"0";"2";"5";"2";"1";""
"202400026435";"155735172";"B01";"1";"32";"0";"2";"1";"2";"1";""
"202400026436";"155735169";"A01";"0";"33";"0";"0";"8";"0";"1";""
"202400026437";"155735167";"A01";"1";"7";"0";"1";"1";"1";"1";""
"202400026438";"155735166";"B01";"1";"7";"0";"2";"4";"1";"1";""
"202400026438";"155735168";"A01";"1";"33";"0";"2";"1";"1";"1";""
"202400026439";"155735164";"B01";"2";"7";"1";"0";"7";"1";"2";""
"202400026440";"155735162";"C01";"1";"7";"0";"2";"4";"2";"1";""
"202400026440";"155735163";"A01";"1";"7";"0";"2";"1";"2";"3";""
"202400026440";"155735165";"B01";"1";"7";"0";"2";"4";"2";"1";""
"202400026441";"155735158";"B01";"1";"7";"0";"2";"4";"2";"1";""
"202400026441";"155735160";"A01";"1";"7";"0";"2";"1";"2";"1";""
"202400026442";"155735157";"A01";"2";"7";"0";"2";"3";"13";"1";""
"202400026442";"155735159";"B01";"1";"7";"0";"2";"8";"1";"1";""
"202400026442";"155735161";"C01";"1";"7";"0";"2";"6";"1";"1";""
"202400026443";"155735155";"B01";"2";"7";"0";"2";"5";"20";"1";""
"202400026443";"155735156";"A01";"1";"10";"0";"2";"2";"2";"1";""
"202400026444";"155735153";"A01";"2";"7";"0";"2";"2";"9";"1";""
"202400026444";"155735154";"B01";"2";"7";"0";"2";"3";"1";"1";""
"202400026445";"155735151";"A01";"2";"30";"0";"0";"0";"26";"3";""
"202400026446";"155735149";"C01";"1";"7";"0";"2";"3";"1";"1";""
"202400026446";"155735150";"A01";"1";"7";"0";"2";"2";"15";"1";""
"202400026446";"155735152";"B01";"1";"7";"0";"2";"8";"1";"1";""
"202400026447";"155735148";"A01";"3";"30";"0";"1";"1";"9";"1";""
"202400026448";"155735146";"B01";"2";"7";"0";"2";"3";"1";"2";""
"202400026448";"155735147";"A01";"3";"2";"0";"2";"1";"1";"6";""
"202400026449";"155735145";"A01";"3";"7";"8";"0";"1";"14";"2";""
"202400026450";"155735143";"A01";"0";"30";"0";"0";"0";"1";"1";""
"202400026451";"155735142";"A01";"0";"7";"0";"2";"5";"16";"1";""
"202400026451";"155735144";"B01";"0";"37";"0";"2";"3";"1";"3";"3"
"202400026452";"155735141";"A01";"1";"7";"0";"1";"1";"1";"0";""
"202400026453";"155735140";"A01";"0";"7";"0";"1";"1";"1";"1";""
"202400026454";"155735137";"A01";"1";"7";"0";"2";"0";"26";"1";""
"202400026454";"155735139";"B01";"1";"1";"0";"2";"0";"1";"5";""
"202400026455";"155735138";"A01";"1";"7";"0";"1";"1";"1";"1";""
"202400026456";"155735135";"A01";"1";"50";"12";"0";"1";"1";"3";""
"202400026457";"155735134";"B01";"0";"10";"0";"2";"8";"1";"1";""
"202400026457";"155735136";"A01";"0";"10";"0";"2";"2";"15";"1";""
"202400026458";"155735133";"A01";"1";"30";"0";"1";"1";"25";"1";""
"202400026459";"155735131";"A01";"2";"38";"0";"2";"1";"1";"1";"1"
"202400026459";"155735132";"B01";"2";"7";"0";"2";"4";"1";"1";""
"202400026460";"155735129";"A01";"1";"34";"0";"2";"3";"18";"1";""
"202400026460";"155735130";"B01";"3";"7";"0";"2";"2";"16";"1";""
"202400026461";"155735126";"A01";"1";"7";"3";"2";"7";"5";"1";""
"202400026461";"155735128";"B01";"2";"38";"0";"2";"1";"2";"4";"1"
"202400026462";"155735125";"B01";"3";"7";"0";"2";"3";"1";"1";""
"202400026462";"155735127";"A01";"2";"7";"0";"2";"6";"15";"1";""
"202400026463";"155735124";"A01";"0";"7";"0";"1";"1";"1";"1";""
"202400026464";"155735122";"A01";"1";"13";"0";"2";"1";"2";"1";""
"202400026464";"155735123";"B01";"1";"7";"0";"2";"4";"2";"1";""
"202400026465";"155735119";"A01";"3";"7";"0";"2";"3";"1";"3";""
"202400026465";"155735121";"B01";"3";"1";"0";"2";"7";"1";"5";""
"202400026466";"155735118";"A01";"3";"7";"0";"2";"2";"9";"1";""
"202400026466";"155735120";"B01";"3";"1";"0";"2";"1";"21";"5";""
"202400026467";"155735113";"A01";"3";"7";"0";"2";"3";"16";"1";""
"202400026467";"155735115";"B01";"3";"7";"0";"2";"2";"1";"1";""
"202400026468";"155735111";"A01";"1";"50";"14";"0";"1";"1";"3";""
"202400026469";"155735110";"A01";"2";"7";"0";"2";"3";"15";"1";""
"202400026469";"155735112";"C01";"2";"7";"0";"2";"1";"0";"1";""
"202400026469";"155735114";"B01";"1";"99";"1";"2";"1";"1";"1";""
"202400026470";"155735107";"A01";"3";"7";"13";"0";"7";"1";"1";""
"202400026471";"155735108";"B01";"3";"30";"0";"2";"1";"1";"0";""
"202400026471";"155735109";"A01";"3";"30";"0";"2";"1";"15";"0";""
"202400026472";"155735105";"Z01";"2";"7";"0";"9";"0";"1";"1";""
"202400026472";"155735106";"B01";"2";"1";"0";"2";"0";"19";"5";""
"202400026473";"155735103";"B01";"2";"1";"0";"2";"8";"15";"5";""
"202400026473";"155735104";"A01";"2";"7";"0";"9";"1";"1";"3";""
"202400026474";"155735098";"A01";"2";"7";"0";"2";"1";"1";"1";""
"202400026474";"155735100";"B01";"2";"33";"0";"2";"4";"1";"1";""
"202400026475";"155735097";"A01";"1";"1";"0";"2";"8";"19";"5";""
"202400026475";"155735099";"B01";"3";"10";"0";"9";"3";"16";"1";""
"202400026476";"155735096";"A01";"0";"33";"0";"0";"0";"1";"1";""
"202400026477";"155735095";"A01";"1";"7";"2";"0";"1";"14";"1";""
"202400026478";"155735094";"A01";"1";"30";"12";"0";"1";"1";"1";""
"202400026479";"155735093";"A01";"2";"7";"2";"0";"3";"13";"1";""
"202400026480";"155735092";"A01";"3";"7";"12";"0";"1";"19";"1";""
"202400026481";"155735091";"A01";"2";"7";"1";"0";"1";"13";"1";""
"202400026482";"155735089";"A01";"3";"37";"0";"2";"0";"21";"2";"11"
"202400026482";"155735090";"B01";"3";"34";"0";"0";"0";"21";"1";""
"202400026483";"155735087";"A01";"3";"7";"0";"9";"0";"5";"0";""
"202400026483";"155735088";"B01";"3";"33";"13";"0";"1";"26";"1";""
"202400026484";"155735085";"A01";"1";"3";"0";"2";"1";"1";"0";""
"202400026484";"155735086";"B01";"2";"3";"0";"2";"1";"1";"0";""
"202400026485";"155735083";"B01";"1";"7";"0";"1";"2";"2";"1";""
"202400026485";"155735084";"A01";"1";"7";"0";"2";"1";"1";"1";""
"202400026486";"155735081";"B01";"1";"1";"0";"2";"8";"1";"5";""
"202400026486";"155735082";"A01";"1";"7";"0";"2";"1";"1";"0";""
"202400026487";"155735080";"A01";"1";"7";"0";"1";"1";"15";"1";""
"202400026488";"155735078";"A01";"2";"7";"0";"2";"2";"15";"1";""
"202400026488";"155735079";"B01";"2";"50";"0";"2";"1";"1";"3";""
"202400026489";"155735076";"B01";"2";"33";"0";"2";"1";"1";"1";""
"202400026489";"155735077";"A01";"3";"7";"0";"2";"8";"15";"1";""
"202400026490";"155735075";"A01";"2";"14";"0";"1";"2";"16";"1";""
"202400026491";"155735073";"A01";"2";"10";"0";"2";"2";"12";"0";""
"202400026491";"155735074";"B01";"2";"10";"0";"2";"3";"1";"1";""
"202400026492";"155735072";"A01";"1";"80";"0";"1";"8";"1";"3";""
"202400026493";"155735070";"B01";"2";"60";"0";"2";"1";"1";"5";""
"202400026493";"155735071";"A01";"2";"7";"0";"0";"3";"1";"1";""
"202400026494";"155735068";"B01";"1";"7";"0";"2";"7";"19";"1";""
"202400026494";"155735069";"A01";"2";"7";"0";"2";"1";"19";"1";""
"202400026495";"155735066";"A01";"2";"7";"0";"2";"1";"1";"3";""
"202400026495";"155735067";"B01";"2";"7";"0";"2";"4";"1";"2";""
"202400026496";"155735063";"B01";"1";"7";"14";"2";"4";"23";"1";""
"202400026496";"155735064";"C01";"1";"7";"0";"2";"4";"23";"1";""
"202400026496";"155735065";"A01";"1";"10";"14";"2";"1";"2";"1";""
"202400026497";"155735062";"A01";"2";"7";"0";"1";"2";"16";"3";""
"202400026498";"155735061";"A01";"1";"32";"0";"1";"1";"1";"3";""
"202400026499";"155735059";"A01";"1";"2";"0";"2";"7";"15";"1";""
"202400026499";"155735060";"B01";"2";"33";"0";"2";"1";"1";"1";""
"202400026500";"155735057";"A01";"2";"1";"0";"2";"1";"21";"5";""
"202400026500";"155735058";"B01";"1";"10";"0";"2";"1";"1";"3";""
"202400026501";"155735055";"A01";"1";"32";"0";"2";"7";"2";"3";""
"202400026501";"155735056";"B01";"1";"7";"0";"2";"8";"2";"2";""
"202400026502";"155735053";"A01";"2";"7";"0";"2";"2";"12";"1";""
"202400026502";"155735054";"B01";"2";"32";"0";"2";"3";"11";"3";""
"202400026503";"155735052";"A01";"1";"31";"0";"1";"1";"1";"1";""
"202400026504";"155735051";"A01";"3";"7";"0";"1";"1";"1";"3";""
"202400026505";"155735049";"B01";"0";"1";"1";"2";"1";"1";"5";""
"202400026505";"155735050";"A01";"0";"7";"1";"2";"3";"15";"0";""
"202400026506";"155735047";"A01";"1";"7";"0";"2";"3";"19";"1";""
"202400026506";"155735048";"B01";"2";"50";"0";"2";"1";"5";"3";""
"202400026507";"155735045";"A01";"3";"7";"0";"2";"1";"2";"1";""
"202400026507";"155735046";"B01";"0";"7";"0";"2";"4";"1";"2";""
"202400026508";"155735043";"B01";"3";"7";"0";"0";"0";"0";"0";""
"202400026508";"155735044";"A01";"2";"7";"0";"0";"4";"1";"1";""
"202400026509";"155735042";"A01";"1";"7";"0";"1";"2";"1";"1";""
"202400026510";"155735041";"A01";"2";"10";"0";"1";"4";"4";"1";""
"202400026511";"155735039";"B01";"1";"33";"0";"2";"2";"2";"1";""
"202400026511";"155735040";"A01";"1";"7";"0";"2";"3";"20";"1";""
"202400026512";"155735036";"A01";"0";"7";"0";"2";"3";"1";"2";""
"202400026512";"155735037";"B01";"0";"7";"0";"2";"8";"1";"1";""
"202400026512";"155735038";"C01";"0";"7";"0";"2";"3";"1";"2";""
"202400026513";"155735034";"B01";"3";"31";"0";"2";"1";"1";"1";""
"202400026513";"155735035";"A01";"2";"7";"0";"2";"2";"12";"1";""
"202400026514";"155735032";"A01";"1";"31";"0";"2";"1";"26";"1";""
"202400026514";"155735033";"B01";"2";"7";"0";"2";"1";"9";"1";""
"202400026515";"155735030";"A01";"1";"7";"0";"9";"3";"9";"1";""
"202400026515";"155735031";"B01";"2";"50";"0";"2";"3";"1";"3";""
"202400026516";"155735028";"B01";"1";"7";"1";"2";"6";"20";"1";""
"202400026516";"155735029";"A01";"1";"10";"0";"2";"2";"2";"1";""
"202400026517";"155735026";"A01";"1";"7";"0";"9";"1";"16";"1";""
"202400026517";"155735027";"B01";"2";"1";"0";"2";"7";"19";"5";""
"202400026518";"155735025";"A01";"2";"80";"0";"0";"0";"2";"3";""
"202400026519";"155735023";"B01";"1";"32";"0";"2";"1";"1";"1";""
"202400026519";"155735024";"A01";"2";"50";"0";"2";"1";"5";"3";""
"202400026520";"155735021";"B01";"0";"50";"0";"2";"6";"18";"3";""
"202400026520";"155735022";"A01";"3";"7";"0";"2";"1";"16";"1";""
"202400026521";"155735019";"A01";"2";"50";"0";"2";"1";"1";"3";""
"202400026521";"155735020";"B01";"1";"7";"0";"2";"3";"16";"1";""
"202400026522";"155735018";"A01";"2";"7";"14";"0";"0";"1";"0";""
"202400026523";"155735016";"A01";"2";"30";"0";"2";"1";"1";"3";""
"202400026523";"155735017";"B01";"2";"7";"0";"2";"3";"15";"1";""
"202400026524";"155735015";"A01";"2";"7";"6";"0";"1";"13";"1";""
"202400026525";"155735013";"A01";"2";"7";"13";"0";"9";"14";"1";""
"202400026526";"155735012";"A01";"0";"7";"6";"0";"0";"1";"1";""
"202400026527";"155735011";"A01";"1";"7";"2";"0";"3";"1";"1";""
"202400026528";"155735010";"A01";"3";"7";"0";"1";"2";"11";"1";""
"202400026529";"155735008";"A01";"3";"10";"0";"2";"1";"13";"1";""
"202400026529";"155735009";"B01";"3";"14";"0";"2";"1";"1";"1";""
"202400026530";"155735007";"A01";"3";"33";"0";"0";"0";"1";"1";""
"202400026531";"155735005";"A01";"2";"7";"0";"0";"2";"1";"1";""
"202400026531";"155735006";"B01";"1";"7";"0";"2";"1";"1";"1";""
"202400026532";"155735003";"A01";"1";"7";"0";"2";"1";"13";"1";""
"202400026532";"155735004";"B01";"2";"17";"0";"2";"3";"0";"1";""
"202400026533";"155735002";"A01";"2";"7";"4";"0";"2";"1";"2";""
"202400026534";"155735001";"A01";"3";"7";"4";"0";"4";"4";"3";""
"202400026535";"155734999";"B01";"2";"15";"0";"2";"2";"1";"1";""
"202400026535";"155735000";"A01";"2";"7";"0";"2";"8";"22";"1";""
"202400026536";"155734997";"B01";"2";"7";"0";"2";"2";"16";"3";""
"202400026536";"155734998";"A01";"1";"2";"0";"2";"3";"1";"1";""
"202400026537";"155734995";"B01";"1";"7";"0";"2";"1";"1";"1";""
"202400026537";"155734996";"A01";"1";"7";"0";"0";"4";"1";"1";""
"202400026538";"155734994";"A01";"1";"7";"13";"0";"8";"1";"1";""
"202400026539";"155734992";"A01";"2";"7";"0";"2";"3";"26";"1";""
"202400026539";"155734993";"B01";"2";"2";"0";"2";"7";"26";"1";""
"202400026540";"155734990";"B01";"1";"1";"0";"2";"7";"1";"5";""
"202400026540";"155734991";"A01";"1";"10";"0";"9";"8";"2";"1";""
"202400026541";"155734988";"B01";"2";"7";"13";"2";"3";"1";"1";""
"202400026541";"155734989";"A01";"1";"3";"15";"2";"1";"15";"3";""
"202400026542";"155734986";"B01";"1";"2";"0";"2";"1";"1";"1";""
"202400026542";"155734987";"A01";"1";"7";"0";"2";"8";"19";"1";""
"202400026543";"155734985";"A01";"2";"7";"0";"1";"2";"0";"1";""
"202400026544";"155734981";"D01";"2";"7";"0";"2";"1";"1";"1";""
"202400026544";"155734982";"C01";"2";"7";"0";"2";"4";"1";"1";""
"202400026544";"155734983";"A01";"2";"7";"0";"0";"3";"20";"1";""
"202400026544";"155734984";"B01";"2";"7";"0";"2";"4";"1";"1";""
"202400026545";"155734979";"A01";"3";"7";"0";"2";"1";"15";"1";""
"202400026545";"155734980";"B01";"3";"1";"0";"2";"3";"1";"5";""
"202400026546";"155734977";"B01";"1";"15";"0";"2";"3";"1";"1";""
"202400026546";"155734978";"A01";"2";"7";"0";"2";"3";"13";"1";""
"202400026547";"155734975";"B01";"1";"7";"13";"2";"2";"1";"1";""
"202400026547";"155734976";"A01";"3";"7";"13";"2";"1";"19";"2";""
"202400026548";"155734974";"A01";"0";"7";"1";"0";"1";"0";"2";""
"202400026549";"155734971";"B01";"2";"7";"0";"2";"1";"1";"1";""
"202400026549";"155734972";"C01";"2";"7";"0";"2";"2";"1";"1";""
"202400026549";"155734973";"A01";"1";"7";"0";"2";"1";"5";"2";""
"202400026550";"155734970";"A01";"0";"7";"14";"0";"1";"1";"1";""
"202400026551";"155734969";"A01";"3";"3";"13";"0";"3";"0";"1";""
"202400026552";"155734967";"A01";"2";"7";"0";"2";"1";"13";"1";""
"202400026552";"155734968";"B01";"1";"17";"0";"2";"1";"1";"1";""
"202400026553";"155734965";"B01";"2";"1";"0";"2";"6";"1";"5";""
"202400026553";"155734966";"A01";"1";"7";"0";"9";"3";"15";"1";""
"202400026554";"155734963";"B01";"2";"7";"0";"0";"6";"1";"1";""
"202400026554";"155734964";"A01";"3";"80";"0";"2";"0";"21";"3";""
"202400026555";"155734961";"A01";"1";"7";"0";"2";"6";"15";"1";""
"202400026555";"155734962";"B01";"1";"7";"0";"2";"3";"1";"1";""
"202400026556";"155734960";"A01";"1";"7";"13";"0";"1";"1";"1";""
"202400026557";"155734958";"A01";"2";"31";"13";"2";"1";"5";"1";""
"202400026557";"155734959";"B01";"1";"7";"0";"2";"3";"1";"1";""
"202400026558";"155734956";"A01";"3";"7";"2";"2";"1";"19";"1";""
"202400026558";"155734957";"B01";"2";"7";"0";"2";"7";"1";"2";""
"202400026559";"155734955";"A01";"1";"7";"13";"0";"1";"0";"1";""
"202400026560";"155734953";"A01";"2";"7";"0";"2";"3";"13";"3";""
"202400026560";"155734954";"B01";"1";"7";"0";"2";"3";"1";"1";""
"202400026561";"155734951";"A01";"1";"7";"0";"2";"3";"1";"1";""
"202400026561";"155734952";"B01";"2";"7";"0";"2";"3";"1";"1";""
"202400026562";"155734950";"A01";"2";"7";"2";"0";"0";"1";"1";""
"202400026563";"155734948";"A01";"1";"7";"0";"2";"1";"13";"1";""
"202400026563";"155734949";"B01";"2";"2";"0";"2";"1";"2";"1";""
"202400026564";"155734945";"C01";"2";"7";"0";"2";"1";"17";"1";""
"202400026564";"155734946";"B01";"2";"7";"0";"2";"2";"2";"1";""
"202400026564";"155734947";"A01";"2";"7";"0";"0";"6";"2";"2";""
"202400026565";"155734943";"B01";"2";"17";"14";"0";"3";"1";"1";""
"202400026565";"155734944";"A01";"2";"7";"4";"0";"3";"1";"1";""
"202400026566";"155734942";"A01";"1";"7";"4";"0";"3";"1";"1";""
"202400026567";"155734941";"A01";"2";"7";"3";"0";"3";"1";"2";""
"202400026568";"155734939";"A01";"3";"3";"0";"2";"3";"13";"1";""
"202400026568";"155734940";"B01";"3";"33";"0";"2";"3";"1";"1";""
"202400026569";"155734938";"A01";"3";"10";"0";"1";"5";"20";"1";""
"202400026570";"155734937";"A01";"1";"7";"16";"0";"9";"1";"1";""
"202400026571";"155734935";"A01";"2";"7";"0";"2";"1";"1";"1";""
"202400026571";"155734936";"B01";"1";"7";"0";"2";"1";"5";"1";""
"202400026572";"155734934";"A01";"3";"7";"0";"1";"2";"9";"1";""
"202400026573";"155734933";"A01";"2";"7";"2";"0";"2";"21";"1";""
"202400026574";"155734931";"A01";"1";"1";"16";"0";"0";"1";"5";""
"202400026575";"155734929";"A01";"2";"7";"0";"2";"3";"15";"1";""
"202400026575";"155734930";"B01";"2";"1";"0";"2";"1";"19";"5";""
"202400026576";"155734927";"B01";"2";"33";"3";"2";"1";"1";"1";""
"202400026576";"155734928";"A01";"1";"7";"0";"2";"3";"15";"2";""
"202400026577";"155734925";"A01";"1";"7";"0";"2";"1";"9";"1";""
"202400026577";"155734926";"B01";"2";"33";"0";"2";"7";"1";"1";""
"202400026578";"155734923";"A01";"2";"7";"0";"2";"8";"9";"1";""
"202400026578";"155734924";"B01";"1";"1";"0";"2";"1";"1";"5";""
"202400026579";"155734921";"A01";"1";"7";"0";"2";"1";"11";"1";""
"202400026579";"155734922";"B01";"2";"7";"0";"2";"1";"1";"1";""
"202400026580";"155734920";"A01";"2";"10";"0";"1";"2";"1";"1";""
"202400026581";"155734918";"A01";"3";"7";"0";"2";"1";"1";"1";""
"202400026581";"155734919";"B01";"0";"7";"0";"2";"1";"1";"0";""
"202400026582";"155734915";"B01";"1";"7";"0";"2";"4";"2";"1";""
"202400026582";"155734916";"A01";"1";"7";"0";"2";"4";"2";"1";""
"202400026582";"155734917";"C01";"1";"7";"0";"2";"1";"2";"1";""
"202400026583";"155734914";"A01";"1";"7";"2";"0";"1";"1";"1";""
"202400026584";"155734911";"A01";"2";"7";"0";"2";"2";"14";"2";""
"202400026584";"155734912";"B01";"2";"7";"0";"2";"6";"1";"1";""
"202400026584";"155734913";"C01";"2";"7";"14";"2";"1";"1";"1";""
"202400026585";"155734910";"A01";"2";"7";"4";"0";"1";"19";"1";""
"202400026586";"155734909";"A01";"2";"7";"4";"0";"2";"21";"1";""
"202400026587";"155734907";"A01";"1";"7";"4";"2";"7";"2";"1";""
"202400026587";"155734908";"B01";"1";"33";"4";"2";"3";"2";"1";""
"202400026588";"155734906";"A01";"2";"7";"3";"0";"1";"1";"1";""
"202400026589";"155734903";"C01";"1";"10";"0";"2";"1";"0";"1";""
"202400026589";"155734904";"A01";"1";"7";"4";"2";"9";"12";"1";""
"202400026589";"155734905";"B01";"1";"7";"0";"2";"9";"26";"1";""
"202400026590";"155734902";"A01";"1";"7";"4";"0";"3";"1";"1";""
"202400026591";"155734900";"B01";"1";"7";"0";"2";"7";"11";"1";""
"202400026591";"155734901";"A01";"1";"31";"0";"2";"8";"0";"1";""
"202400026592";"155734899";"A01";"1";"33";"0";"0";"7";"1";"1";""
"202400026593";"155734897";"A01";"2";"7";"0";"2";"1";"2";"1";""
"202400026593";"155734898";"B01";"2";"7";"0";"2";"4";"2";"1";""
"202400026594";"155734895";"A01";"1";"32";"0";"2";"6";"11";"1";""
"202400026594";"155734896";"B01";"1";"7";"0";"2";"3";"11";"1";""
"202400026595";"155734893";"A01";"2";"33";"0";"2";"8";"0";"1";""
"202400026595";"155734894";"Z01";"2";"7";"0";"2";"0";"0";"1";""
"202400026596";"155734891";"A01";"2";"7";"1";"2";"1";"21";"1";""
"202400026596";"155734892";"B01";"2";"7";"1";"2";"4";"21";"3";""
"202400026597";"155734889";"A01";"2";"7";"0";"2";"8";"11";"1";""
"202400026597";"155734890";"B01";"2";"33";"0";"2";"7";"3";"1";""
"202400026598";"155734888";"A01";"1";"32";"0";"2";"7";"26";"1";""
"202400026599";"155734887";"A01";"2";"7";"4";"0";"3";"1";"1";""
"202400026600";"155734886";"A01";"1";"7";"3";"0";"1";"1";"1";""
"202400026601";"155734885";"A01";"2";"7";"4";"0";"6";"1";"1";""
"202400026602";"155734884";"A01";"2";"7";"4";"2";"1";"1";"1";""
"202400026603";"155734882";"A01";"1";"7";"0";"2";"6";"9";"1";""
"202400026603";"155734883";"B01";"1";"7";"0";"2";"2";"1";"1";""
"202400026604";"155734880";"A01";"2";"33";"0";"2";"7";"3";"1";""
"202400026604";"155734881";"B01";"2";"10";"0";"2";"8";"11";"1";""
"202400026605";"155734877";"C01";"1";"7";"0";"2";"4";"1";"1";""
"202400026605";"155734878";"B01";"1";"7";"0";"2";"8";"11";"1";""
"202400026605";"155734879";"A01";"1";"34";"0";"2";"7";"1";"1";""
"202400026606";"155734875";"B01";"2";"50";"0";"2";"2";"1";"3";""
"202400026606";"155734876";"A01";"1";"7";"0";"2";"1";"16";"0";""
"202400026607";"155734874";"A01";"2";"7";"0";"0";"3";"1";"1";""
"202400026608";"155734872";"A01";"1";"21";"0";"2";"3";"9";"1";""
"202400026608";"155734873";"B01";"1";"30";"0";"2";"1";"1";"1";""
"202400026609";"155734871";"A01";"2";"36";"0";"0";"0";"1";"1";""
"202400026610";"155734869";"A01";"1";"7";"0";"2";"2";"11";"1";""
"202400026610";"155734870";"B01";"1";"7";"3";"0";"6";"1";"1";""
"202400026611";"155734868";"A01";"1";"1";"0";"0";"0";"24";"5";""
"202400026612";"155734866";"A01";"2";"7";"0";"2";"1";"2";"1";""
"202400026612";"155734867";"B01";"2";"33";"0";"2";"4";"2";"1";""
"202400026613";"155734864";"B01";"1";"1";"0";"2";"6";"16";"5";""
"202400026613";"155734865";"A01";"1";"0";"0";"2";"2";"2";"0";""
"202400026614";"155734862";"B01";"1";"33";"0";"2";"7";"1";"1";""
"202400026614";"155734863";"A01";"2";"10";"0";"2";"2";"15";"1";""
"202400026615";"155734861";"A01";"1";"7";"14";"1";"3";"2";"1";""
"202400026616";"155734860";"A01";"1";"50";"0";"0";"0";"1";"3";""
"202400026617";"155734858";"A01";"2";"50";"0";"2";"7";"17";"3";""
"202400026617";"155734859";"B01";"2";"7";"0";"2";"3";"15";"1";""
"202400026618";"155734857";"A01";"3";"2";"0";"0";"0";"1";"0";""
"202400026619";"155734856";"A01";"3";"50";"14";"0";"1";"1";"3";""
"202400026620";"155734854";"B01";"2";"7";"0";"2";"3";"13";"1";""
"202400026620";"155734855";"A01";"1";"7";"0";"2";"3";"1";"1";""
"202400026621";"155734852";"A01";"1";"7";"0";"9";"8";"17";"1";""
"202400026621";"155734853";"B01";"2";"32";"0";"2";"5";"1";"1";""
"202400026622";"155734850";"A01";"2";"7";"0";"2";"1";"2";"1";""
"202400026622";"155734851";"B01";"2";"7";"0";"2";"7";"2";"1";""
"202400026623";"155734848";"B01";"3";"7";"0";"2";"4";"2";"1";""
"202400026623";"155734849";"A01";"3";"10";"0";"2";"1";"2";"1";""
"202400026624";"155734846";"B01";"2";"7";"0";"2";"2";"26";"1";""
"202400026624";"155734847";"A01";"2";"1";"0";"2";"4";"0";"5";""
"202400026625";"155734845";"A01";"3";"7";"6";"0";"2";"14";"2";""
"202400026626";"155734844";"A01";"1";"7";"0";"1";"2";"1";"0";""
"202400026627";"155734843";"A01";"3";"7";"0";"1";"2";"15";"1";""
"202400026628";"155734842";"A01";"1";"7";"0";"1";"3";"1";"1";""
"202400026629";"155734841";"A01";"3";"7";"15";"1";"1";"1";"1";""
"202400026630";"155734839";"A01";"2";"31";"0";"2";"1";"1";"1";""
"202400026630";"155734840";"B01";"1";"7";"0";"2";"2";"15";"1";""
"202400026631";"155734837";"A01";"1";"80";"0";"2";"3";"15";"2";""
"202400026631";"155734838";"B01";"1";"7";"0";"2";"7";"17";"1";""
"202400026632";"155734836";"A01";"1";"33";"0";"1";"2";"21";"1";""
"202400026633";"155734834";"B01";"1";"7";"0";"2";"1";"11";"1";""
"202400026633";"155734835";"A01";"2";"50";"0";"2";"3";"26";"3";""
"202400026634";"155734831";"A01";"3";"7";"1";"1";"4";"4";"1";""
"202400026635";"155734828";"B01";"2";"7";"0";"2";"1";"0";"1";""
"202400026635";"155734829";"A01";"2";"7";"0";"2";"8";"0";"1";""
"202400026636";"155734826";"B01";"2";"7";"0";"2";"1";"1";"1";""
"202400026636";"155734827";"A01";"1";"21";"0";"2";"1";"16";"1";""
"202400026637";"155734824";"B01";"3";"2";"0";"2";"7";"1";"1";""
"202400026637";"155734825";"A01";"3";"7";"0";"2";"3";"1";"1";""
"202400026638";"155734823";"A01";"1";"2";"1";"0";"1";"26";"1";""
"202400026639";"155734822";"A01";"2";"10";"0";"1";"3";"15";"1";""
"202400026640";"155734820";"A01";"2";"43";"0";"2";"1";"13";"1";""
"202400026640";"155734821";"B01";"1";"7";"0";"2";"1";"1";"1";""
"202400026641";"155734818";"A01";"3";"7";"0";"2";"3";"13";"1";""
"202400026641";"155734819";"B01";"3";"7";"0";"2";"8";"1";"1";""