"Num_Acc";"id_vehicule";"num_veh";"senc";"catv";"obs";"obsm";"choc";"manv";"motor";"occutc"
"202400026642";"155734816";"A01";"2";"7";"0";"2";"5";"15";"1";""
"202400026642";"155734817";"B01";"1";"2";"0";"2";"1";"1";"1";""
"202400026643";"155734814";"A01";"1";"7";"0";"2";"1";"6";"1";""
"202400026643";"155734815";"B01";"1";"7";"0";"2";"3";"2";"1";""
"202400026644";"155734813";"A01";"3";"10";"0";"1";"1";"11";"1";""
"202400026645";"155734811";"A01";"0";"7";"0";"2";"1";"1";"1";""
"202400026645";"155734812";"B01";"3";"0";"0";"2";"1";"5";"0";""
"202400026646";"155734809";"A01";"3";"7";"0";"2";"8";"1";"1";""
"202400026646";"155734810";"B01";"3";"7";"0";"2";"3";"1";"1";""
"202400026647";"155734808";"A01";"1";"7";"0";"1";"2";"1";"2";""
"202400026648";"155734807";"A01";"2";"7";"0";"2";"1";"1";"1";""
"202400026649";"155734805";"A01";"1";"7";"0";"2";"3";"13";"1";""
"202400026649";"155734806";"B01";"2";"33";"0";"2";"8";"0";"1";""
"202400026650";"155734803";"A01";"3";"7";"0";"2";"3";"15";"1";""
"202400026650";"155734804";"B01";"3";"7";"0";"2";"1";"1";"1";""
"202400026651";"155734801";"A01";"3";"7";"0";"2";"1";"1";"1";""
"202400026651";"155734802";"B01";"3";"1";"0";"2";"8";"19";"5";""
"202400026652";"155734799";"A01";"1";"1";"0";"2";"7";"1";"5";""
"202400026652";"155734800";"B01";"1";"7";"0";"2";"1";"16";"1";""
"202400026653";"155734795";"A01";"1";"7";"11";"0";"1";"6";"2";""
"202400026654";"155734794";"A01";"2";"7";"0";"1";"1";"15";"1";""
"202400026655";"155734792";"A01";"2";"33";"0";"2";"1";"2";"1";""
"202400026655";"155734793";"B01";"2";"7";"0";"2";"4";"1";"1";""
"202400026656";"155734791";"A01";"2";"7";"13";"0";"7";"1";"1";""
"202400026657";"155734789";"B01";"2";"30";"0";"2";"1";"1";"1";""
"202400026657";"155734790";"A01";"1";"7";"0";"9";"2";"15";"1";""
"202400026658";"155734788";"A01";"1";"7";"0";"0";"0";"14";"1";""
"202400026659";"155734787";"A01";"2";"7";"0";"1";"1";"1";"1";""
"202400026660";"155734785";"A01";"3";"30";"0";"2";"3";"19";"1";""
"202400026660";"155734786";"B01";"3";"7";"0";"2";"2";"1";"1";""
"202400026661";"155734783";"A01";"3";"7";"0";"2";"1";"16";"1";""
"202400026661";"155734784";"B01";"3";"1";"0";"2";"7";"1";"5";""
"202400026662";"155734782";"A01";"3";"10";"0";"1";"4";"26";"1";""
"202400026663";"155734781";"A01";"3";"50";"0";"2";"0";"0";"3";""
"202400026664";"155734779";"A01";"0";"7";"0";"2";"3";"9";"2";""
"202400026664";"155734780";"B01";"2";"32";"0";"2";"5";"15";"1";""
"202400026665";"155734777";"B01";"1";"7";"0";"2";"1";"0";"0";""
"202400026665";"155734778";"A01";"2";"2";"0";"2";"1";"13";"6";""
"202400026666";"155734775";"A01";"1";"10";"0";"2";"1";"2";"1";""
"202400026666";"155734776";"B01";"1";"7";"0";"2";"4";"2";"1";""
"202400026667";"155734774";"A01";"2";"30";"0";"0";"7";"21";"1";""
"202400026668";"155734772";"A01";"1";"30";"0";"2";"1";"18";"1";""
"202400026668";"155734773";"B01";"1";"7";"0";"2";"2";"14";"1";""
"202400026669";"155734770";"A01";"2";"37";"0";"2";"3";"1";"2";"1"
"202400026669";"155734771";"B01";"1";"7";"0";"2";"2";"15";"1";""
"202400026670";"155734767";"B01";"3";"7";"0";"2";"2";"1";"2";""
"202400026670";"155734768";"Z01";"3";"7";"0";"2";"8";"1";"1";""
"202400026670";"155734769";"A01";"3";"7";"0";"2";"2";"11";"1";""
"202400026671";"155734766";"A01";"1";"1";"0";"1";"1";"16";"5";""
"202400026672";"155734764";"A01";"1";"7";"0";"2";"3";"20";"1";""
"202400026672";"155734765";"B01";"2";"1";"0";"2";"7";"1";"5";""
"202400026673";"155734762";"A01";"1";"30";"1";"0";"7";"12";"1";""
"202400026673";"155734763";"B01";"1";"7";"0";"0";"3";"23";"1";""
"202400026674";"155734761";"A01";"1";"1";"0";"1";"8";"1";"5";""
"202400026675";"155734759";"A01";"1";"43";"0";"2";"3";"18";"1";""
"202400026675";"155734760";"B01";"1";"7";"0";"2";"2";"16";"2";""
"202400026676";"155734757";"B01";"1";"80";"1";"0";"2";"1";"3";""
"202400026676";"155734758";"A01";"1";"7";"0";"2";"3";"22";"2";""
"202400026677";"155734756";"A01";"3";"7";"0";"1";"3";"15";"1";""
"202400026678";"155734755";"A01";"1";"7";"0";"1";"1";"1";"1";""
"202400026679";"155734753";"B01";"1";"1";"0";"2";"1";"1";"5";""
"202400026679";"155734754";"A01";"1";"7";"0";"2";"2";"15";"1";""
"202400026680";"155734752";"A01";"3";"7";"0";"1";"1";"16";"1";""
"202400026681";"155734750";"A01";"1";"34";"0";"2";"0";"0";"1";""
"202400026681";"155734751";"B01";"1";"7";"0";"2";"0";"0";"1";""
"202400026682";"155734748";"A01";"1";"7";"1";"0";"1";"1";"1";""
"202400026682";"155734749";"B01";"3";"10";"0";"2";"2";"0";"1";""
"202400026683";"155734747";"A01";"3";"7";"0";"1";"1";"1";"1";""
"202400026684";"155734746";"A01";"2";"7";"2";"0";"1";"13";"1";""
"202400026685";"155734744";"A01";"2";"7";"0";"2";"1";"13";"1";""
"202400026685";"155734745";"B01";"1";"7";"0";"0";"0";"0";"1";""
"202400026686";"155734743";"A01";"1";"7";"0";"1";"1";"19";"1";""
"202400026687";"155734741";"B01";"3";"30";"0";"2";"3";"2";"1";""
"202400026687";"155734742";"A01";"3";"7";"0";"2";"6";"15";"3";""
"202400026688";"155734739";"A01";"3";"7";"0";"2";"1";"0";"1";""
"202400026688";"155734740";"B01";"3";"30";"0";"2";"4";"23";"1";""
"202400026689";"155734738";"A01";"1";"7";"0";"1";"1";"1";"1";""
"202400026690";"155734736";"B01";"1";"1";"1";"0";"0";"1";"5";""
"202400026690";"155734737";"A01";"1";"7";"0";"2";"3";"24";"1";""
"202400026691";"155734735";"A01";"0";"33";"0";"0";"0";"0";"1";""
"202400026692";"155734733";"B01";"2";"7";"0";"2";"2";"1";"1";""
"202400026692";"155734734";"A01";"1";"2";"0";"2";"1";"13";"1";""
"202400026693";"155734731";"A01";"0";"7";"0";"2";"1";"1";"1";""
"202400026693";"155734732";"B01";"3";"1";"0";"2";"8";"19";"5";""
"202400026694";"155734727";"A01";"1";"7";"0";"2";"5";"15";"1";""
"202400026694";"155734728";"B01";"1";"33";"0";"2";"1";"1";"1";""
"202400026695";"155734724";"B01";"0";"7";"0";"2";"4";"2";"2";""
"202400026695";"155734725";"A01";"3";"30";"0";"2";"1";"2";"1";""
"202400026696";"155734722";"B01";"0";"7";"0";"2";"2";"15";"1";""
"202400026696";"155734723";"A01";"0";"33";"0";"2";"1";"1";"1";""
"202400026697";"155734720";"A01";"1";"7";"0";"2";"2";"16";"1";""
"202400026697";"155734721";"B01";"2";"50";"0";"2";"1";"1";"3";""
"202400026698";"155734718";"A01";"0";"7";"0";"9";"2";"16";"1";""
"202400026698";"155734719";"B01";"0";"1";"0";"2";"1";"13";"5";""
"202400026699";"155734715";"B01";"1";"7";"0";"2";"6";"17";"1";""
"202400026699";"155734716";"A01";"1";"33";"0";"2";"1";"21";"1";""
"202400026699";"155734717";"D01";"1";"15";"0";"0";"0";"3";"1";""
"202400026700";"155734713";"A01";"1";"7";"0";"2";"2";"1";"1";""
"202400026700";"155734714";"B01";"1";"1";"0";"2";"1";"15";"5";""
"202400026701";"155734711";"A01";"2";"7";"0";"2";"3";"15";"1";""
"202400026701";"155734712";"B01";"1";"7";"0";"2";"1";"1";"1";""
"202400026702";"155734709";"B01";"3";"50";"0";"2";"8";"1";"3";""
"202400026702";"155734710";"A01";"0";"7";"0";"2";"0";"15";"0";""
"202400026703";"155734706";"A01";"2";"7";"1";"2";"1";"1";"1";""
"202400026703";"155734707";"C01";"2";"7";"0";"2";"4";"1";"1";""
"202400026703";"155734708";"B01";"2";"10";"1";"2";"4";"1";"1";""
"202400026704";"155734705";"A01";"3";"7";"6";"0";"1";"14";"1";""
"202400026705";"155734703";"A01";"2";"7";"0";"2";"2";"1";"1";""
"202400026705";"155734704";"B01";"1";"7";"0";"2";"1";"1";"1";""
"202400026706";"155734701";"A01";"1";"7";"0";"2";"2";"5";"1";""
"202400026706";"155734702";"B01";"1";"50";"0";"2";"1";"5";"3";""
"202400026707";"155734698";"A01";"1";"7";"0";"2";"8";"1";"1";""
"202400026707";"155734699";"B01";"1";"1";"0";"2";"1";"2";"5";""
"202400026707";"155734700";"C01";"1";"1";"0";"2";"4";"2";"5";""
"202400026708";"155734697";"A01";"1";"7";"0";"1";"1";"1";"1";""
"202400026709";"155734696";"A01";"1";"1";"0";"0";"1";"1";"5";""
"202400026710";"155734695";"A01";"1";"33";"0";"0";"7";"1";"1";""
"202400026711";"155734694";"A01";"1";"30";"0";"0";"2";"1";"1";""
"202400026712";"155734693";"A01";"3";"7";"0";"1";"1";"1";"1";""
"202400026713";"155734691";"A01";"2";"7";"0";"2";"1";"16";"1";""
"202400026713";"155734692";"B01";"1";"80";"0";"2";"7";"1";"3";""
"202400026714";"155734689";"A01";"1";"31";"0";"2";"1";"1";"1";""
"202400026714";"155734690";"B01";"2";"7";"0";"2";"5";"9";"1";""
"202400026715";"155734686";"C01";"3";"7";"0";"2";"6";"16";"0";""
"202400026715";"155734687";"B01";"3";"7";"0";"2";"0";"0";"0";""
"202400026715";"155734688";"A01";"3";"7";"0";"0";"0";"0";"1";""
"202400026716";"155734685";"Z01";"1";"7";"0";"1";"0";"0";"0";""
"202400026717";"155734683";"A01";"2";"7";"0";"2";"3";"9";"2";""
"202400026717";"155734684";"B01";"1";"7";"0";"2";"2";"1";"1";""
"202400026718";"155734681";"A01";"1";"7";"0";"2";"1";"13";"1";""
"202400026718";"155734682";"B01";"2";"7";"0";"2";"1";"1";"1";""
"202400026719";"155734680";"A01";"1";"7";"0";"1";"1";"1";"1";""
"202400026720";"155734678";"A01";"2";"7";"0";"2";"1";"2";"1";""
"202400026720";"155734679";"B01";"2";"7";"0";"2";"4";"2";"1";""
"202400026721";"155734676";"A01";"2";"1";"0";"2";"1";"0";"5";""
"202400026721";"155734677";"B01";"1";"1";"0";"2";"0";"0";"5";""
"202400026722";"155734674";"A01";"2";"7";"0";"2";"1";"1";"1";""
"202400026722";"155734675";"B01";"1";"50";"0";"2";"7";"25";"3";""
"202400026723";"155734672";"A01";"3";"7";"0";"2";"3";"1";"1";""
"202400026723";"155734673";"B01";"3";"7";"0";"2";"8";"1";"1";""
"202400026724";"155734670";"A01";"3";"7";"0";"2";"3";"9";"1";""
"202400026724";"155734671";"B01";"3";"30";"0";"2";"1";"1";"1";""
"202400026725";"155734669";"A01";"1";"7";"0";"1";"2";"1";"1";""
"202400026726";"155734667";"A01";"1";"7";"0";"2";"1";"1";"1";""
"202400026726";"155734668";"B01";"1";"7";"0";"2";"4";"1";"1";""
"202400026727";"155734665";"B01";"1";"33";"0";"2";"1";"0";"0";""
"202400026727";"155734666";"A01";"1";"7";"0";"2";"1";"19";"1";""
"202400026728";"155734664";"A01";"2";"2";"0";"0";"0";"16";"1";""
"202400026729";"155734662";"B01";"1";"33";"0";"2";"4";"23";"1";""
"202400026729";"155734663";"A01";"1";"7";"0";"2";"1";"1";"1";""
"202400026730";"155734661";"A01";"1";"7";"0";"1";"3";"1";"1";""
"202400026731";"155734660";"A01";"3";"7";"0";"1";"1";"15";"1";""
"202400026732";"155734658";"A01";"1";"7";"0";"2";"6";"15";"1";""
"202400026732";"155734659";"B01";"1";"30";"0";"2";"2";"1";"1";""
"202400026733";"155734654";"B01";"3";"2";"0";"2";"1";"1";"1";""
"202400026733";"155734656";"A01";"3";"7";"0";"2";"3";"9";"1";""
"202400026734";"155734653";"C01";"2";"7";"0";"2";"4";"1";"1";""
"202400026734";"155734655";"A01";"2";"7";"0";"2";"1";"1";"1";""
"202400026734";"155734657";"B01";"2";"7";"0";"2";"4";"2";"1";""
"202400026735";"155734650";"A01";"2";"30";"0";"2";"1";"3";"1";""
"202400026735";"155734652";"B01";"1";"7";"0";"9";"5";"15";"1";""
"202400026736";"155734649";"B01";"2";"31";"0";"2";"8";"1";"1";""
"202400026736";"155734651";"A01";"1";"7";"0";"2";"2";"15";"1";""
"202400026737";"155734648";"A01";"2";"7";"0";"1";"0";"0";"1";""
"202400026738";"155734647";"A01";"2";"40";"0";"1";"1";"1";"3";""
"202400026739";"155734646";"A01";"2";"31";"0";"1";"2";"7";"1";""
"202400026740";"155734643";"A01";"3";"7";"0";"2";"2";"15";"1";""
"202400026740";"155734645";"B01";"3";"7";"0";"2";"1";"0";"1";""
"202400026741";"155734642";"B01";"1";"33";"0";"2";"2";"2";"1";""
"202400026741";"155734644";"A01";"1";"7";"0";"2";"6";"10";"1";""
"202400026742";"155734640";"A01";"2";"7";"0";"2";"2";"15";"1";""
"202400026742";"155734641";"B01";"2";"32";"0";"2";"1";"1";"1";""
"202400026743";"155734638";"A01";"2";"3";"0";"2";"2";"15";"1";""
"202400026743";"155734639";"B01";"2";"1";"0";"2";"8";"1";"5";""
"202400026744";"155734637";"A01";"1";"14";"0";"1";"1";"21";"1";""
"202400026745";"155734636";"A01";"1";"7";"0";"1";"1";"1";"1";""
"202400026746";"155734635";"A01";"1";"37";"0";"2";"0";"26";"1";"5"
"202400026747";"155734634";"A01";"1";"7";"0";"1";"1";"1";"1";""
"202400026748";"155734632";"B01";"3";"7";"0";"2";"1";"0";"1";""
"202400026748";"155734633";"A01";"3";"10";"0";"2";"1";"26";"1";""
"202400026749";"155734631";"A01";"2";"7";"0";"1";"2";"1";"1";""
"202400026750";"155734629";"B01";"1";"1";"0";"2";"8";"15";"5";""
"202400026750";"155734630";"A01";"2";"7";"8";"0";"2";"1";"1";""
"202400026751";"155734627";"B01";"2";"7";"0";"2";"4";"1";"1";""
"202400026751";"155734628";"A01";"2";"37";"0";"2";"1";"2";"1";"2"
"202400026752";"155734625";"A01";"1";"30";"0";"2";"2";"1";"1";""
"202400026752";"155734626";"B01";"1";"10";"0";"2";"1";"1";"1";""
"202400026753";"155734623";"B01";"3";"1";"0";"2";"5";"1";"5";""
"202400026753";"155734624";"A01";"3";"7";"0";"2";"1";"9";"1";""
"202400026754";"155734621";"A01";"2";"7";"0";"9";"7";"15";"3";""
"202400026754";"155734622";"B01";"1";"50";"0";"2";"1";"1";"3";""
"202400026755";"155734617";"A01";"1";"30";"0";"2";"6";"1";"1";""
"202400026755";"155734619";"B01";"1";"7";"0";"2";"3";"20";"1";""
"202400026756";"155734612";"A01";"1";"32";"0";"2";"3";"1";"1";""
"202400026756";"155734615";"B01";"1";"7";"0";"2";"2";"16";"1";""
"202400026757";"155734609";"A01";"3";"31";"0";"2";"1";"17";"1";""
"202400026757";"155734611";"B01";"3";"13";"0";"2";"6";"1";"3";""
"202400026758";"155734608";"A01";"3";"14";"0";"2";"1";"23";"1";""
"202400026758";"155734610";"B01";"3";"7";"0";"2";"4";"2";"1";""
"202400026759";"155734605";"B01";"2";"7";"0";"2";"1";"2";"1";""
"202400026759";"155734607";"A01";"2";"10";"0";"2";"4";"1";"1";""
"202400026760";"155734604";"B01";"1";"14";"0";"2";"2";"1";"1";""
"202400026760";"155734606";"A01";"3";"1";"16";"2";"3";"19";"5";""
"202400026761";"155734603";"A01";"1";"7";"0";"1";"1";"2";"1";""
"202400026762";"155734601";"B01";"2";"33";"0";"2";"2";"3";"1";""
"202400026762";"155734602";"A01";"2";"34";"0";"2";"3";"11";"3";""
"202400026763";"155734599";"A01";"1";"7";"0";"2";"3";"16";"1";""
"202400026763";"155734600";"B01";"2";"33";"0";"2";"3";"1";"1";""
"202400026764";"155734597";"A01";"2";"7";"0";"2";"2";"12";"1";""
"202400026764";"155734598";"B01";"2";"32";"0";"2";"8";"2";"3";""
"202400026765";"155734595";"A01";"1";"33";"0";"0";"8";"3";"1";""
"202400026766";"155734596";"A01";"2";"50";"0";"0";"0";"1";"3";""
"202400026767";"155734593";"B01";"1";"33";"0";"2";"7";"3";"1";""
"202400026767";"155734594";"A01";"1";"7";"0";"2";"7";"2";"1";""
"202400026768";"155734592";"A01";"1";"2";"11";"0";"1";"1";"1";""
"202400026769";"155734590";"Z01";"1";"7";"0";"2";"4";"2";"0";""
"202400026769";"155734591";"A01";"1";"2";"0";"2";"1";"1";"1";""
"202400026770";"155734588";"A01";"3";"30";"0";"2";"1";"17";"1";""
"202400026770";"155734589";"B01";"3";"7";"0";"2";"3";"15";"1";""
"202400026771";"155734587";"A01";"1";"33";"0";"0";"7";"13";"1";""
"202400026772";"155734585";"B01";"3";"37";"0";"2";"5";"1";"1";"1"
"202400026772";"155734586";"A01";"3";"1";"0";"2";"1";"16";"5";""
"202400026773";"155734583";"A01";"2";"34";"0";"2";"2";"18";"1";""
"202400026773";"155734584";"B01";"2";"7";"0";"2";"3";"16";"1";""
"202400026774";"155734579";"A01";"2";"33";"0";"2";"1";"1";"1";""
"202400026774";"155734580";"B01";"2";"7";"0";"2";"4";"15";"2";""
"202400026775";"155734578";"A01";"2";"7";"0";"2";"1";"1";"1";""
"202400026775";"155734581";"C01";"1";"17";"0";"2";"3";"0";"1";""
"202400026775";"155734582";"B01";"2";"7";"0";"2";"5";"15";"1";""
"202400026776";"155734576";"A01";"1";"10";"0";"1";"2";"1";"2";""
"202400026777";"155734573";"A01";"1";"7";"0";"2";"1";"2";"1";""
"202400026777";"155734575";"B01";"1";"7";"0";"2";"4";"2";"1";""
"202400026778";"155734572";"A01";"2";"1";"0";"2";"2";"1";"5";""
"202400026778";"155734574";"Z01";"2";"1";"0";"2";"8";"18";"5";""
"202400026779";"155734570";"A01";"2";"33";"0";"1";"2";"1";"1";""
"202400026780";"155734569";"B01";"1";"7";"0";"2";"3";"1";"1";""
"202400026780";"155734571";"A01";"2";"7";"0";"2";"7";"26";"1";""
"202400026781";"155734568";"A01";"1";"10";"0";"1";"3";"1";"1";""
"202400026782";"155734567";"A01";"2";"7";"0";"1";"3";"15";"1";""
"202400026783";"155734565";"B01";"1";"2";"1";"0";"2";"17";"1";""
"202400026783";"155734566";"A01";"1";"7";"0";"2";"3";"22";"2";""
"202400026784";"155734561";"A01";"2";"50";"0";"2";"0";"25";"3";""
"202400026784";"155734563";"Z01";"1";"1";"0";"0";"0";"25";"5";""
"202400026784";"155734564";"B01";"2";"10";"0";"2";"2";"1";"1";""
"202400026785";"155734560";"B01";"2";"80";"0";"2";"1";"1";"3";""
"202400026785";"155734562";"A01";"1";"80";"0";"2";"1";"21";"3";""
"202400026786";"155734557";"A01";"1";"39";"0";"2";"1";"24";"0";""
"202400026786";"155734559";"B01";"1";"7";"0";"4";"1";"0";"1";""
"202400026787";"155734556";"A01";"2";"32";"14";"2";"1";"1";"1";""
"202400026787";"155734558";"B01";"2";"10";"0";"2";"7";"16";"1";""
"202400026788";"155734555";"A01";"1";"7";"0";"1";"3";"23";"0";""
"202400026789";"155734553";"A01";"1";"7";"0";"2";"2";"1";"0";""
"202400026789";"155734554";"B01";"1";"33";"0";"2";"4";"23";"1";""
"202400026790";"155734551";"A01";"1";"7";"12";"0";"9";"1";"1";""
"202400026791";"155734550";"A01";"2";"1";"0";"2";"4";"15";"5";""
"202400026791";"155734552";"B01";"2";"7";"0";"2";"1";"1";"3";""
"202400026792";"155734548";"A01";"1";"50";"0";"0";"8";"19";"3";""
"202400026793";"155734547";"B01";"2";"1";"0";"2";"8";"0";"5";""
"202400026793";"155734549";"A01";"3";"7";"0";"2";"3";"16";"1";""
"202400026794";"155734545";"A01";"2";"50";"8";"2";"8";"5";"3";""
"202400026794";"155734546";"B01";"1";"7";"0";"2";"3";"15";"3";""
"202400026795";"155734544";"A01";"3";"3";"0";"1";"1";"1";"3";""
"202400026796";"155734543";"A01";"2";"33";"0";"1";"2";"17";"3";""
"202400026797";"155734542";"A01";"3";"7";"0";"1";"8";"15";"1";""
"202400026798";"155734541";"A01";"3";"50";"0";"0";"0";"1";"3";""
"202400026799";"155734540";"A01";"2";"50";"0";"0";"0";"1";"3";""
"202400026800";"155734538";"A01";"3";"10";"0";"2";"3";"9";"1";""
"202400026800";"155734539";"B01";"3";"43";"0";"2";"6";"3";"1";""
"202400026801";"155734536";"A01";"3";"7";"0";"2";"1";"1";"1";""
"202400026801";"155734537";"B01";"3";"7";"0";"2";"4";"1";"1";""
"202400026802";"155734533";"C01";"1";"7";"0";"2";"4";"1";"0";""
"202400026802";"155734534";"A01";"1";"7";"0";"2";"1";"1";"0";""
"202400026802";"155734535";"B01";"1";"7";"0";"2";"4";"1";"1";""
"202400026803";"155734530";"A01";"1";"7";"0";"2";"1";"1";"1";""
"202400026803";"155734531";"B01";"1";"7";"0";"2";"4";"1";"1";""
"202400026804";"155734532";"A01";"1";"7";"0";"1";"2";"19";"1";""
"202400026805";"155734528";"A01";"1";"7";"0";"2";"1";"11";"1";""
"202400026805";"155734529";"B01";"0";"38";"0";"2";"1";"1";"1";"1"
"202400026806";"155734527";"A01";"1";"7";"0";"0";"1";"2";"1";""
"202400026807";"155734525";"A01";"1";"10";"0";"2";"2";"1";"1";""
"202400026807";"155734526";"B01";"2";"50";"0";"2";"1";"21";"3";""
"202400026808";"155734521";"A01";"1";"50";"1";"2";"8";"21";"3";""
"202400026809";"155734520";"A01";"2";"7";"0";"2";"1";"2";"1";""
"202400026809";"155734522";"D01";"2";"7";"0";"2";"4";"0";"1";""
"202400026809";"155734523";"B01";"2";"7";"0";"2";"4";"1";"1";""
"202400026809";"155734524";"C01";"2";"7";"0";"2";"4";"1";"1";""
"202400026810";"155734518";"B01";"2";"33";"0";"2";"1";"17";"0";""
"202400026810";"155734519";"A01";"1";"7";"0";"2";"3";"15";"1";""
"202400026811";"155734517";"A01";"3";"7";"0";"1";"2";"15";"1";""
"202400026812";"155734514";"A01";"1";"43";"1";"2";"1";"17";"1";""
"202400026812";"155734516";"B01";"3";"7";"0";"2";"2";"15";"1";""
"202400026813";"155734513";"A01";"0";"50";"0";"2";"1";"1";"3";""
"202400026813";"155734515";"B01";"0";"7";"0";"9";"3";"1";"1";""
"202400026814";"155734510";"A01";"1";"33";"0";"2";"5";"19";"1";""
"202400026814";"155734512";"B01";"1";"7";"0";"2";"2";"1";"1";""
"202400026815";"155734509";"A01";"2";"33";"0";"2";"1";"17";"1";""
"202400026815";"155734511";"B01";"2";"7";"0";"2";"6";"15";"1";""
"202400026816";"155734507";"B01";"3";"7";"0";"2";"8";"1";"1";""
"202400026816";"155734508";"A01";"3";"7";"0";"2";"1";"15";"2";""
"202400026817";"155734504";"A01";"1";"7";"0";"2";"2";"19";"1";""
"202400026817";"155734506";"B01";"2";"31";"0";"2";"5";"1";"1";""
"202400026818";"155734503";"A01";"1";"7";"0";"2";"1";"1";"1";""
"202400026818";"155734505";"B01";"3";"7";"0";"2";"3";"15";"1";""
"202400026819";"155734501";"A01";"0";"1";"0";"1";"1";"2";"5";""
"202400026820";"155734500";"A01";"1";"33";"0";"2";"7";"17";"1";""
"202400026820";"155734502";"B01";"1";"7";"0";"2";"3";"1";"1";""
"202400026821";"155734498";"B01";"1";"7";"0";"2";"1";"1";"1";""
"202400026821";"155734499";"A01";"3";"7";"0";"2";"1";"1";"1";""
"202400026822";"155734497";"A01";"1";"1";"0";"1";"1";"1";"5";""
"202400026823";"155734495";"A01";"1";"7";"1";"0";"1";"15";"1";""
"202400026823";"155734496";"B01";"2";"33";"1";"0";"7";"1";"1";""
"202400026824";"155734493";"A01";"3";"7";"0";"2";"3";"16";"1";""
"202400026824";"155734494";"B01";"3";"33";"0";"2";"1";"1";"1";""
"202400026825";"155734491";"A01";"2";"7";"0";"2";"3";"5";"0";""
"202400026825";"155734492";"B01";"1";"7";"0";"2";"3";"5";"1";""
"202400026826";"155734488";"B01";"3";"2";"0";"2";"0";"0";"1";""
"202400026826";"155734490";"A01";"1";"7";"0";"2";"0";"0";"1";""
"202400026827";"155734487";"A01";"2";"7";"0";"9";"3";"26";"1";""
"202400026827";"155734489";"B01";"0";"1";"0";"2";"7";"17";"5";""
"202400026828";"155734485";"A01";"2";"7";"2";"0";"1";"14";"1";""
"202400026829";"155734483";"A01";"1";"7";"2";"0";"3";"13";"1";""
"202400026830";"155734481";"A01";"2";"14";"15";"0";"3";"13";"1";""
"202400026831";"155734480";"A01";"0";"7";"0";"2";"7";"19";"2";""
"202400026831";"155734482";"B01";"0";"7";"8";"2";"1";"1";"1";""
"202400026832";"155734478";"A01";"1";"7";"0";"2";"3";"5";"1";""
"202400026832";"155734479";"B01";"2";"10";"0";"2";"3";"1";"1";""
"202400026833";"155734476";"A01";"2";"2";"0";"2";"1";"2";"1";""
"202400026833";"155734477";"B01";"2";"7";"0";"2";"4";"2";"1";""
"202400026834";"155734475";"A01";"1";"7";"0";"1";"2";"2";"1";""
"202400026835";"155734472";"A01";"1";"7";"0";"2";"3";"13";"1";""
"202400026835";"155734473";"B01";"2";"7";"0";"2";"3";"1";"1";""
"202400026836";"155734471";"A01";"1";"13";"0";"1";"7";"16";"1";""
"202400026837";"155734468";"A01";"1";"1";"15";"2";"1";"1";"5";""
"202400026837";"155734470";"B01";"1";"10";"5";"2";"8";"26";"1";""
"202400026838";"155734467";"A01";"1";"7";"0";"2";"8";"15";"1";""
"202400026838";"155734469";"B01";"1";"33";"0";"2";"1";"17";"1";""
"202400026839";"155734466";"A01";"2";"7";"12";"0";"1";"14";"1";""
"202400026840";"155734465";"Z01";"3";"1";"0";"1";"1";"1";"5";""
"202400026841";"155734462";"B01";"3";"7";"0";"2";"4";"2";"1";""
"202400026841";"155734464";"A01";"3";"33";"0";"2";"1";"2";"1";""
"202400026842";"155734461";"B01";"1";"1";"0";"2";"7";"1";"5";""
"202400026842";"155734463";"A01";"1";"7";"0";"2";"8";"22";"2";""
"202400026843";"155734460";"A01";"1";"7";"13";"0";"9";"14";"1";""
"202400026844";"155734458";"A01";"2";"10";"0";"0";"8";"24";"1";""
"202400026844";"155734459";"B01";"2";"1";"1";"0";"1";"1";"5";""
"202400026845";"155734457";"A01";"2";"7";"17";"0";"1";"1";"1";""
"202400026846";"155734456";"A01";"1";"7";"0";"2";"3";"2";"1";""
"202400026847";"155734453";"B01";"1";"7";"0";"2";"3";"1";"1";""
"202400026847";"155734455";"A01";"2";"7";"0";"2";"3";"13";"1";""
"202400026848";"155734454";"Z01";"1";"33";"0";"1";"0";"0";"0";""
"202400026849";"155734450";"A01";"2";"7";"0";"2";"3";"2";"1";""
"202400026849";"155734452";"B01";"2";"1";"0";"0";"2";"12";"5";""
"202400026850";"155734449";"B01";"1";"30";"0";"2";"1";"1";"1";""
"202400026850";"155734451";"A01";"1";"10";"0";"2";"5";"1";"1";""
"202400026851";"155734448";"A01";"2";"7";"14";"0";"1";"1";"1";""
"202400026852";"155734447";"A01";"1";"37";"0";"1";"7";"1";"3";"1"
"202400026853";"155734445";"A01";"1";"33";"0";"2";"3";"13";"1";""
"202400026853";"155734446";"B01";"2";"99";"0";"2";"6";"1";"1";""
"202400026854";"155734444";"A01";"1";"33";"0";"2";"2";"1";"1";""
"202400026855";"155734443";"A01";"1";"7";"0";"1";"3";"1";"1";""
"202400026856";"155734442";"A01";"3";"50";"0";"0";"0";"1";"3";""
"202400026857";"155734440";"A01";"1";"38";"0";"2";"2";"1";"1";"1"
"202400026857";"155734441";"B01";"3";"2";"0";"2";"8";"19";"1";""
"202400026858";"155734439";"A01";"3";"7";"0";"1";"1";"0";"1";""
"202400026859";"155734438";"A01";"2";"7";"7";"0";"1";"1";"1";""
"202400026860";"155734437";"A01";"2";"7";"0";"1";"1";"1";"1";""