"Num_Acc";"id_vehicule";"num_veh";"senc";"catv";"obs";"obsm";"choc";"manv";"motor";"occutc"
"202400026861";"155734434";"B01";"0";"10";"0";"2";"3";"1";"1";""
"202400026861";"155734436";"A01";"0";"7";"0";"2";"1";"19";"1";""
"202400026862";"155734433";"A01";"3";"99";"2";"2";"8";"2";"1";""
"202400026862";"155734435";"B01";"3";"33";"0";"2";"1";"19";"1";""
"202400026863";"155734432";"A01";"2";"2";"17";"0";"2";"1";"1";""
"202400026864";"155734429";"B01";"3";"50";"0";"2";"7";"2";"3";""
"202400026864";"155734431";"A01";"3";"7";"0";"2";"1";"9";"1";""
"202400026865";"155734428";"A01";"2";"2";"0";"2";"8";"15";"1";""
"202400026865";"155734430";"B01";"1";"7";"0";"2";"2";"1";"2";""
"202400026866";"155734426";"A01";"0";"14";"0";"2";"8";"10";"0";""
"202400026866";"155734427";"B01";"0";"7";"0";"0";"0";"0";"1";""
"202400026867";"155734425";"A01";"2";"33";"0";"0";"9";"16";"1";""
"202400026868";"155734424";"A01";"0";"34";"0";"1";"1";"1";"1";""
"202400026869";"155734422";"A01";"3";"1";"0";"2";"1";"1";"5";""
"202400026869";"155734423";"B01";"3";"1";"0";"0";"4";"1";"5";""
"202400026870";"155734418";"B01";"2";"7";"0";"2";"1";"1";"1";""
"202400026870";"155734421";"A01";"0";"7";"0";"2";"7";"15";"1";""
"202400026871";"155734419";"A01";"1";"3";"0";"2";"3";"13";"1";""
"202400026871";"155734420";"B01";"2";"7";"0";"2";"3";"21";"1";""
"202400026872";"155734415";"A01";"1";"10";"6";"0";"1";"13";"1";""
"202400026873";"155734416";"A01";"3";"33";"0";" -1";"2";"0";"1";""
"202400026873";"155734417";"B01";"0";"50";"0";"2";"3";"0";"3";""
"202400026874";"155734414";"A01";"1";"7";"0";"1";"6";"4";"1";""
"202400026875";"155734412";"A01";"1";"30";"0";"2";"6";"21";"1";""
"202400026875";"155734413";"B01";"0";"7";"0";"2";"0";"12";"0";""
"202400026876";"155734410";"A01";"1";"7";"0";"1";"1";"17";"0";""
"202400026877";"155734409";"A01";"3";"2";"0";"2";"1";"13";"1";""
"202400026877";"155734411";"B01";"3";"7";"0";"2";"1";"15";"1";""
"202400026878";"155734407";"B01";"1";"50";"0";"2";"1";"26";"3";""
"202400026878";"155734408";"A01";"1";"7";"0";"2";"2";"23";"0";""
"202400026879";"155734406";"A01";"2";"33";"8";"0";"1";"0";"1";""
"202400026880";"155734405";"A01";"1";"1";"8";"0";"8";"25";"5";""
"202400026881";"155734403";"A01";"1";"7";"0";"2";"5";"15";"1";""
"202400026881";"155734404";"B01";"2";"7";"0";"2";"2";"1";"1";""
"202400026882";"155734401";"B01";"3";"7";"0";"2";"1";"1";"1";""
"202400026882";"155734402";"A01";"2";"7";"0";"2";"5";"15";"1";""
"202400026883";"155734400";"A01";"2";"7";"7";"0";"1";"21";"1";""
"202400026884";"155734397";"A01";"1";"7";"1";"0";"3";"26";"1";""
"202400026884";"155734399";"B01";"1";"7";"1";"0";"5";"0";"1";""
"202400026885";"155734396";"A01";"2";"7";"0";"2";"1";"0";"1";""
"202400026885";"155734398";"B01";"1";"21";"0";"2";"3";"0";"1";""
"202400026886";"155734393";"A01";"1";"34";"13";"0";"1";"1";"1";""
"202400026886";"155734395";"B01";"1";"34";"13";"0";"1";"1";"1";""
"202400026887";"155734392";"A01";"2";"30";"0";"2";"2";"11";"1";""
"202400026887";"155734394";"B01";"1";"7";"0";"2";"2";"5";"2";""
"202400026888";"155734389";"A01";"1";"33";"0";"2";"8";"16";"1";""
"202400026888";"155734391";"B01";"2";"7";"0";"2";"3";"1";"1";""
"202400026889";"155734388";"A01";"1";"7";"0";"2";"1";"2";"1";""
"202400026889";"155734390";"B01";"1";"7";"0";"0";"4";"23";"1";""
"202400026890";"155734385";"B01";"1";"7";"0";"2";"4";"2";"1";""
"202400026890";"155734386";"A01";"1";"7";"0";"2";"1";"1";"1";""
"202400026891";"155734384";"B01";"2";"10";"0";"2";"3";"1";"1";""
"202400026891";"155734387";"A01";"2";"7";"0";"2";"1";"1";"1";""
"202400026892";"155734382";"A01";"1";"50";"0";"2";"8";"26";"3";""
"202400026892";"155734383";"B01";"2";"7";"0";"9";"8";"26";"0";""
"202400026893";"155734381";"A01";"2";"2";"13";"0";"1";"1";"1";""
"202400026894";"155734377";"B01";"1";"7";"0";"2";"9";"1";"0";""
"202400026894";"155734379";"C01";"1";"7";"0";"2";"4";"0";"0";""
"202400026894";"155734380";"A01";"1";"7";"0";"2";"1";"1";"0";""
"202400026895";"155734376";"B01";"1";"17";"0";"2";"8";"1";"1";""
"202400026895";"155734378";"A01";"2";"7";"0";"2";"3";"1";"2";""
"202400026896";"155734373";"A01";"2";"7";"0";"2";"3";"1";"1";""
"202400026896";"155734375";"B01";"1";"7";"0";"2";"3";"1";"2";""
"202400026897";"155734372";"B01";"0";"10";"0";"2";"3";"1";"0";""
"202400026897";"155734374";"A01";"0";"15";"0";"2";"1";"17";"1";""
"202400026898";"155734367";"A01";"1";"7";"0";"2";"2";"19";"1";""
"202400026898";"155734368";"B01";"1";"7";"0";"2";"1";"1";"3";""
"202400026898";"155734371";"C01";"1";"7";"0";"2";"8";"23";"1";""
"202400026899";"155734363";"A01";"3";"2";"0";"2";"8";"5";"1";""
"202400026899";"155734365";"B01";"3";"2";"0";"2";"8";"13";"1";""
"202400026900";"155734364";"B01";"2";"7";"0";"2";"3";"1";"1";""
"202400026900";"155734366";"A01";"0";"7";"0";"2";"1";"1";"1";""
"202400026901";"155734360";"B01";"0";"13";"0";"2";"5";"11";"0";""
"202400026901";"155734362";"A01";"0";"33";"12";"2";"3";"1";"1";""
"202400026902";"155734359";"B01";"1";"7";"0";"9";"6";"15";"1";""
"202400026902";"155734361";"A01";"1";"1";"0";"2";"2";"15";"5";""
"202400026903";"155734357";"A01";"2";"33";"13";"0";"2";"17";"1";""
"202400026904";"155734356";"B01";"2";"7";"0";"0";"6";"1";"1";""
"202400026904";"155734358";"A01";"2";"7";"7";"2";"2";"18";"1";""
"202400026905";"155734355";"A01";"1";"7";"0";"1";"2";"1";"1";""
"202400026906";"155734354";"A01";"1";"7";"0";"1";"2";"2";"1";""
"202400026907";"155734352";"A01";"3";"2";"0";"9";"1";"13";"1";""
"202400026907";"155734353";"B01";"3";"21";"0";"2";"1";"1";"1";""
"202400026908";"155734350";"B01";"2";"7";"0";"2";"1";"1";"1";""
"202400026908";"155734351";"A01";"1";"10";"0";"2";"3";"19";"1";""
"202400026909";"155734347";"A01";"0";"7";"0";"1";"2";"15";"1";""
"202400026910";"155734348";"A01";"1";"7";"0";"0";"2";"15";"1";""
"202400026910";"155734349";"B01";"2";"33";"0";"0";"1";"1";"1";""
"202400026911";"155734345";"A01";"1";"7";"9";"0";"2";"1";"1";""
"202400026912";"155734344";"B01";"1";"80";"0";"2";"4";"26";"3";""
"202400026912";"155734346";"A01";"1";"7";"0";"2";"2";"1";"2";""
"202400026913";"155734343";"A01";"2";"7";"13";"0";"2";"0";"1";""
"202400026914";"155734342";"A01";"1";"7";"0";"0";"0";"2";"1";""
"202400026915";"155734338";"A01";"1";"7";"0";"2";"3";"15";"1";""
"202400026915";"155734340";"B01";"2";"31";"0";"2";"8";"1";"1";""
"202400026916";"155734339";"B01";"2";"7";"0";"2";"3";"15";"1";""
"202400026916";"155734341";"A01";"2";"31";"0";"2";"1";"17";"1";""
"202400026917";"155734337";"A01";"1";"7";"8";"0";"8";"1";"1";""
"202400026918";"155734335";"A01";"1";"7";"0";"2";"3";"15";"1";""
"202400026918";"155734336";"B01";"2";"33";"0";"2";"1";"17";"1";""
"202400026919";"155734333";"A01";"1";"10";"0";"2";"2";"2";"1";""
"202400026919";"155734334";"B01";"1";"80";"0";"2";"4";"2";"3";""
"202400026920";"155734332";"A01";"2";"10";"13";"0";"3";"13";"1";""
"202400026921";"155734331";"A01";"1";"21";"13";"0";"2";"1";"1";""
"202400026922";"155734329";"A01";"0";"33";"0";"2";"1";"17";"1";""
"202400026922";"155734330";"B01";"0";"7";"0";"2";"1";"15";"3";""
"202400026923";"155734327";"A01";"0";"7";"14";"0";"1";"1";"1";""
"202400026924";"155734326";"B01";"1";"7";"0";"2";"5";"1";"2";""
"202400026924";"155734328";"A01";"1";"10";"0";"2";"2";"1";"1";""
"202400026925";"155734325";"A01";"1";"33";"0";"0";"9";"1";"1";""
"202400026926";"155734323";"B01";"1";"7";"0";"2";"3";"13";"1";""
"202400026926";"155734324";"A01";"2";"7";"0";"2";"3";"13";"1";""
"202400026927";"155734320";"B01";"1";"7";"0";"2";"5";"1";"1";""
"202400026927";"155734322";"A01";"3";"32";"0";"2";"1";"9";"1";""
"202400026928";"155734317";"A01";"2";"7";"0";"1";"1";"1";"1";""
"202400026929";"155734315";"A01";"1";"7";"0";"2";"1";"13";"1";""
"202400026929";"155734316";"B01";"2";"10";"5";"2";"1";"1";"1";""
"202400026929";"155734318";"C01";"2";"7";"3";"2";"6";"1";"1";""
"202400026930";"155734313";"A01";"1";"33";"0";"0";"0";"1";"1";""
"202400026931";"155734312";"A01";"2";"7";"0";"2";"3";"5";"1";""
"202400026931";"155734314";"B01";"1";"7";"0";"2";"3";"1";"1";""
"202400026932";"155734311";"A01";"1";"1";"13";"0";"1";"1";"5";""
"202400026933";"155734310";"A01";"1";"7";"0";"1";"1";"1";"1";""
"202400026934";"155734307";"A01";"0";"7";"0";"0";"4";"15";"1";""
"202400026934";"155734309";"B01";"0";"7";"0";"2";"1";"1";"1";""
"202400026935";"155734306";"B01";"1";"7";"0";"2";"2";"2";"1";""
"202400026935";"155734308";"A01";"2";"7";"0";"2";"1";"9";"1";""
"202400026936";"155734305";"A01";"2";"10";"0";"1";"2";"1";"1";""
"202400026937";"155734303";"A01";"2";"3";"0";"2";"2";"15";"1";""
"202400026937";"155734304";"B01";"1";"15";"0";"2";"3";"1";"1";""
"202400026938";"155734301";"B01";"2";"80";"0";"2";"1";"26";"3";""
"202400026938";"155734302";"A01";"1";"33";"0";"2";"1";"1";"1";""
"202400026939";"155734299";"A01";"1";"7";"0";"2";"4";"26";"1";""
"202400026939";"155734300";"B01";"1";"7";"0";"2";"3";"26";"1";""
"202400026940";"155734297";"A01";"3";"7";"0";"2";"3";"1";"1";""
"202400026940";"155734298";"B01";"1";"7";"0";"2";"1";"1";"1";""
"202400026941";"155734295";"B01";"1";"7";"0";"0";"3";"1";"1";""
"202400026941";"155734296";"A01";"1";"7";"0";"2";"1";"1";"1";""
"202400026942";"155734293";"A01";"1";"7";"0";"0";"6";"15";"1";""
"202400026942";"155734294";"B01";"1";"7";"0";"2";"1";"17";"3";""
"202400026943";"155734292";"A01";"1";"7";"2";"0";"0";"0";"1";""
"202400026944";"155734290";"A01";"1";"7";"0";"2";"1";"2";"1";""
"202400026944";"155734291";"B01";"1";"10";"0";"0";"4";"2";"1";""
"202400026945";"155734288";"A01";"2";"7";"0";"2";"1";"17";"1";""
"202400026945";"155734289";"B01";"1";"7";"0";"2";"1";"1";"1";""
"202400026946";"155734287";"A01";"3";"7";"0";"1";"3";"1";"1";""
"202400026947";"155734285";"B01";"1";"1";"0";"0";"6";"2";"5";""
"202400026947";"155734286";"A01";"1";"7";"0";"9";"2";"2";"1";""
"202400026948";"155734282";"B01";"2";"7";"0";"0";"1";"1";"1";""
"202400026948";"155734284";"A01";"1";"7";"0";"0";"1";"13";"1";""
"202400026949";"155734283";"A01";"1";"7";"2";"0";"9";"1";"1";""
"202400026950";"155734278";"A01";"1";"7";"0";"2";"7";"12";"1";""
"202400026950";"155734280";"B01";"1";"43";"0";"2";"8";"3";"1";""
"202400026951";"155734275";"B01";"2";"34";"0";"2";"8";"3";"1";""
"202400026951";"155734276";"A01";"2";"7";"0";"2";"7";"21";"1";""
"202400026952";"155734274";"A01";"2";"10";"3";"0";"1";"1";"1";""
"202400026953";"155734269";"A01";"2";"2";"0";"2";"1";"5";"1";""
"202400026953";"155734271";"B01";"1";"7";"0";"2";"3";"1";"1";""
"202400026954";"155734268";"B01";"1";"7";"0";"2";"4";"1";"1";""
"202400026954";"155734270";"C01";"1";"16";"0";"2";"3";"1";"1";""
"202400026954";"155734272";"A01";"1";"7";"0";"2";"4";"0";"1";""
"202400026954";"155734273";"D01";"1";"7";"0";"2";"5";"9";"2";""
"202400026955";"155734266";"B01";"1";"10";"0";"0";"7";"15";"1";""
"202400026955";"155734267";"A01";"2";"33";"0";"2";"1";"1";"1";""
"202400026956";"155734264";"A01";"2";"32";"0";"0";"8";"2";"1";""
"202400026956";"155734265";"B01";"2";"7";"0";"0";"0";"11";"1";""
"202400026957";"155734263";"A01";"2";"7";"0";"1";"1";"1";"1";""
"202400026958";"155734261";"B01";"1";"7";"0";"2";"7";"12";"1";""
"202400026958";"155734262";"A01";"1";"7";"0";"2";"3";"11";"1";""
"202400026959";"155734259";"A01";"1";"13";"0";"2";"1";"1";"0";""
"202400026959";"155734260";"B01";"2";"10";"0";"2";"1";"1";"1";""
"202400026960";"155734257";"A01";"1";"7";"0";"2";"4";"2";"1";""
"202400026960";"155734258";"B01";"1";"7";"0";"2";"1";"2";"1";""
"202400026961";"155734255";"A01";"1";"7";"0";"2";"1";"13";"1";""
"202400026961";"155734256";"B01";"2";"7";"0";"2";"1";"0";"2";""
"202400026962";"155734253";"A01";"1";"33";"0";"2";"3";"3";"1";""
"202400026962";"155734254";"B01";"1";"7";"0";"2";"5";"1";"1";""
"202400026963";"155734251";"A01";"2";"7";"0";"2";"2";"15";"1";""
"202400026963";"155734252";"B01";"1";"34";"0";"2";"1";"1";"1";""
"202400026964";"155734249";"B01";"1";"7";"0";"2";"2";"1";"1";""
"202400026964";"155734250";"A01";"1";"37";"0";"2";"6";"23";"1";"1"
"202400026965";"155734247";"A01";"2";"15";"0";"1";"2";"1";"1";""
"202400026966";"155734244";"A01";"1";"33";"0";"2";"1";"3";"1";""
"202400026966";"155734245";"B01";"1";"7";"0";"2";"4";"1";"1";""
"202400026966";"155734246";"C01";"1";"33";"0";"2";"4";"3";"1";""
"202400026966";"155734248";"D01";"1";"33";"14";"0";"0";"3";"1";""
"202400026967";"155734240";"A01";"2";"7";"0";"2";"3";"13";"1";""
"202400026967";"155734242";"B01";"1";"7";"0";"2";"6";"1";"1";""
"202400026967";"155734243";"C01";"1";"7";"0";"2";"3";"1";"1";""
"202400026968";"155734237";"A01";"2";"7";"9";"2";"1";"1";"1";""
"202400026968";"155734238";"B01";"1";"7";"0";"2";"1";"1";"2";""
"202400026969";"155734239";"A01";"2";"7";"0";"2";"7";"1";"1";""
"202400026969";"155734241";"B01";"2";"33";"0";"2";"8";"3";"1";""
"202400026970";"155734234";"B01";"2";"10";"0";"2";"4";"23";"1";""
"202400026970";"155734235";"C01";"2";"10";"0";"2";"4";"23";"1";""
"202400026970";"155734236";"A01";"2";"7";"1";"0";"1";"0";"2";""
"202400026971";"155734233";"A01";"1";"7";"0";"1";"1";"1";"1";""
"202400026972";"155734231";"A01";"1";"7";"0";"2";"1";"2";"1";""
"202400026972";"155734232";"B01";"1";"7";"0";"2";"4";"23";"2";""
"202400026973";"155734229";"B01";"2";"1";"0";"9";"4";"2";"5";""
"202400026973";"155734230";"A01";"2";"1";"0";"9";"1";"2";"5";""
"202400026974";"155734227";"A01";"1";"7";"0";"2";"1";"2";"0";""
"202400026974";"155734228";"B01";"1";"7";"0";"2";"4";"1";"0";""
"202400026975";"155734225";"A01";"1";"7";"9";"0";"1";"2";"1";""
"202400026976";"155734224";"A01";"1";"7";"13";"2";"1";"0";"3";""
"202400026976";"155734226";"B01";"1";"7";"0";"2";"8";"9";"1";""
"202400026977";"155734222";"A01";"1";"33";"0";"2";"1";"3";"1";""
"202400026977";"155734223";"B01";"1";"7";"0";"2";"5";"1";"1";""
"202400026978";"155734221";"A01";"1";"33";"0";"5";"1";"1";"1";""
"202400026979";"155734220";"B01";"1";"33";"0";"2";"8";"1";"0";""
"202400026980";"155734218";"B01";"2";"7";"0";"2";"7";"14";"6";""
"202400026980";"155734219";"A01";"2";"43";"0";"2";"8";"1";"1";""
"202400026981";"155734216";"A01";"2";"7";"0";"2";"8";"11";"1";""
"202400026981";"155734217";"B01";"2";"34";"0";"2";"2";"1";"1";""
"202400026982";"155734214";"A01";"2";"32";"0";"2";"1";"3";"1";""
"202400026982";"155734215";"B01";"2";"15";"0";"2";"6";"12";"1";""
"202400026983";"155734213";"A01";"1";"33";"0";"0";"2";"9";"1";""
"202400026984";"155734209";"A01";"2";"17";"0";"2";"2";"12";"1";""
"202400026984";"155734211";"B01";"2";"7";"0";"2";"6";"1";"1";""
"202400026985";"155734208";"A01";"2";"7";"0";"2";"2";"3";"1";""
"202400026985";"155734210";"B01";"2";"7";"0";"2";"5";"2";"2";""
"202400026985";"155734212";"C01";"2";"7";"0";"2";"9";"0";"1";""
"202400026986";"155734206";"B01";"1";"7";"0";"2";"4";"1";"1";""
"202400026986";"155734207";"A01";"1";"7";"0";"2";"1";"2";"2";""
"202400026987";"155734204";"A01";"2";"31";"0";"2";"1";"3";"1";""
"202400026987";"155734205";"B01";"2";"10";"0";"2";"5";"12";"1";""
"202400026988";"155734202";"A01";"2";"7";"0";"2";"1";"19";"1";""
"202400026988";"155734203";"B01";"2";"7";"0";"2";"8";"1";"1";""
"202400026989";"155734198";"B01";"1";"7";"0";"0";"4";"1";"1";""
"202400026989";"155734200";"C01";"1";"7";"14";"2";"2";"1";"1";""
"202400026989";"155734201";"A01";"1";"7";"0";"2";"1";"1";"1";""
"202400026990";"155734196";"A01";"2";"33";"0";"2";"8";"21";"1";""
"202400026990";"155734197";"B01";"2";"7";"0";"2";"5";"1";"1";""
"202400026990";"155734199";"C01";"2";"7";"0";"2";"4";"1";"1";""
"202400026991";"155734193";"A01";"1";"7";"0";"2";"0";"19";"0";""
"202400026991";"155734195";"B01";"2";"1";"0";"2";"0";"0";"5";""
"202400026992";"155734191";"A01";"1";"7";"0";"2";"4";"2";"1";""
"202400026992";"155734192";"B01";"1";"10";"0";"2";"4";"2";"1";""
"202400026992";"155734194";"C01";"1";"31";"0";"2";"1";"21";"1";""
"202400026993";"155734186";"A01";"1";"7";"0";"2";"7";"13";"1";""
"202400026993";"155734188";"B01";"1";"7";"0";"2";"8";"1";"1";""
"202400026993";"155734190";"C01";"2";"10";"0";"2";"3";"1";"1";""
"202400026994";"155734184";"B01";"2";"15";"0";"2";"1";"2";"1";""
"202400026994";"155734185";"A01";"2";"15";"0";"2";"4";"2";"1";""
"202400026994";"155734187";"C01";"2";"15";"0";"2";"1";"2";"1";""
"202400026994";"155734189";"D01";"2";"13";"0";"2";"1";"2";"1";""
"202400026995";"155734181";"A01";"1";"7";"0";"2";"3";"15";"1";""
"202400026995";"155734183";"B01";"1";"32";"0";"2";"1";"17";"1";""
"202400026996";"155734178";"A01";"1";"2";"0";"0";"0";"1";"1";""
"202400026997";"155734176";"B01";"2";"10";"0";"2";"6";"1";"1";""
"202400026997";"155734177";"A01";"2";"10";"0";"2";"5";"1";"1";""
"202400026997";"155734179";"C01";"2";"7";"0";"2";"8";"1";"1";""
"202400026997";"155734180";"D01";"2";"33";"0";"2";"7";"3";"1";""
"202400026997";"155734182";"E01";"2";"33";"0";"2";"7";"11";"3";""
"202400026998";"155734174";"A01";"1";"7";"8";"0";"0";"0";"1";""
"202400026999";"155734173";"B01";"1";"7";"0";"2";"3";"13";"1";""
"202400026999";"155734175";"A01";"2";"7";"0";"2";"6";"1";"3";""
"202400027000";"155734172";"A01";"1";"7";"0";"1";"2";"1";"1";""
"202400027001";"155734171";"A01";"2";"7";"0";"0";"9";"1";"1";""
"202400027002";"155734169";"A01";"2";"3";"0";"2";"0";"0";"1";""
"202400027002";"155734170";"B01";"2";"1";"0";"2";"0";"0";"5";""
"202400027003";"155734168";"A01";"0";"7";"0";"1";"3";"1";"2";""
"202400027004";"155734165";"B01";"2";"10";"0";"2";"2";"1";"1";""
"202400027004";"155734167";"A01";"1";"7";"0";"2";"7";"9";"1";""
"202400027005";"155734164";"A01";"3";"50";"0";"2";"1";"1";"3";""
"202400027005";"155734166";"B01";"3";"7";"0";"0";"8";"15";"2";""
"202400027006";"155734163";"A01";"2";"7";"0";"1";"1";"1";"1";""
"202400027007";"155734160";"A01";"2";"7";"0";"2";"3";"11";"1";""
"202400027007";"155734162";"B01";"1";"33";"0";"2";"1";"1";"1";""
"202400027008";"155734159";"A01";"2";"7";"0";"9";"2";"15";"1";""
"202400027008";"155734161";"B01";"2";"1";"0";"2";"1";"1";"5";""
"202400027009";"155734157";"A01";"2";"7";"0";"1";"1";"1";"1";""
"202400027010";"155734156";"A01";"3";"10";"0";"2";"6";"15";"1";""
"202400027010";"155734158";"B01";"3";"2";"0";"2";"1";"3";"1";""
"202400027011";"155734154";"B01";"2";"1";"0";"2";"1";"1";"5";""
"202400027011";"155734155";"A01";"1";"1";"0";"2";"1";"13";"5";""
"202400027012";"155734153";"A01";"1";"7";"12";"1";"3";"15";"1";""
"202400027013";"155734152";"A01";"2";"7";"0";"0";"9";"0";"1";""
"202400027014";"155734149";"A01";"2";"33";"0";"2";"2";"0";"1";""
"202400027014";"155734150";"C01";"1";"7";"0";"9";"3";"0";"2";""
"202400027014";"155734151";"B01";"1";"7";"0";"2";"3";"0";"1";""
"202400027015";"155734147";"B01";"1";"1";"0";"0";"7";"1";"5";""
"202400027015";"155734148";"A01";"3";"7";"0";"9";"2";"16";"1";""
"202400027016";"155734146";"A01";"1";"7";"6";"0";"1";"1";"2";""
"202400027017";"155734145";"A01";"2";"80";"0";"0";"0";"1";"3";""
"202400027018";"155734143";"A01";"1";"7";"0";"2";"4";"11";"1";""
"202400027018";"155734144";"B01";"1";"7";"0";"2";"1";"1";"1";""
"202400027019";"155734141";"A01";"1";"7";"0";"2";"1";"0";"1";""
"202400027019";"155734142";"B01";"1";"50";"0";"2";"8";"19";"3";""
"202400027020";"155734140";"A01";"3";"7";"1";"0";"2";"0";"1";""
"202400027021";"155734138";"A01";"1";"7";"0";"2";"3";"1";"1";""
"202400027021";"155734139";"B01";"1";"7";"0";"2";"3";"1";"0";""
"202400027022";"155734137";"A01";"1";"7";"3";"0";"2";"2";"1";""
"202400027023";"155734136";"A01";"1";"7";"2";"0";"8";"16";"1";""
"202400027024";"155734134";"B01";"1";"7";"0";"2";"2";"1";"1";""
"202400027024";"155734135";"A01";"1";"43";"0";"2";"6";"13";"1";""
"202400027025";"155734133";"A01";"3";"31";"0";"2";"0";"1";"1";""
"202400027026";"155734130";"B01";"3";"7";"0";"2";"6";"1";"1";""
"202400027026";"155734131";"A01";"3";"7";"0";"2";"1";"19";"1";""
"202400027026";"155734132";"C01";"3";"7";"0";"2";"4";"23";"1";""
"202400027027";"155734128";"A01";"2";"30";"0";"2";"8";"1";"1";""
"202400027027";"155734129";"B01";"2";"10";"0";"2";"4";"1";"1";""
"202400027028";"155734127";"A01";"3";"10";"0";"1";"3";"15";"0";""
"202400027029";"155734125";"A01";"1";"10";"0";"2";"1";"2";"1";""
"202400027029";"155734126";"B01";"1";"7";"0";"2";"4";"2";"1";""
"202400027030";"155734124";"A01";"1";"7";"0";"0";"3";"1";"1";""
"202400027031";"155734123";"A01";"1";"7";"4";"0";"1";"2";"1";""
"202400027032";"155734122";"A01";"1";"2";"0";"2";"1";"1";"3";""
"202400027033";"155734121";"A01";"3";"7";"8";"0";"3";"13";"3";""
"202400027034";"155734119";"A01";"1";"7";"0";"2";"1";"13";"1";""
"202400027034";"155734120";"B01";"2";"7";"0";"2";"3";"1";"1";""
"202400027035";"155734117";"A01";"2";"43";"0";"2";"1";"1";"1";""
"202400027035";"155734118";"B01";"2";"7";"0";"2";"4";"1";"1";""
"202400027036";"155734115";"A01";"1";"33";"0";"2";"7";"14";"1";""
"202400027036";"155734116";"B01";"1";"7";"0";"2";"3";"1";"1";""
"202400027037";"155734114";"A01";"3";"7";"0";"1";"3";"1";"1";""
"202400027038";"155734112";"A01";"1";"7";"0";"2";"3";"15";"1";""
"202400027038";"155734113";"B01";"2";"2";"0";"2";"1";"1";"1";""
"202400027039";"155734110";"B01";"2";"10";"0";"2";"4";"16";"1";""
"202400027039";"155734111";"A01";"2";"7";"0";"2";"1";"16";"1";""
"202400027040";"155734108";"A01";"3";"15";"0";"2";"1";"1";"1";""
"202400027040";"155734109";"B01";"1";"7";"0";"2";"8";"15";"1";""
"202400027041";"155734106";"B01";"3";"10";"0";"2";"7";"1";"1";""
"202400027041";"155734107";"A01";"3";"50";"0";"2";"8";"1";"3";""
"202400027042";"155734104";"B01";"3";"50";"0";"2";"1";"1";"3";""
"202400027042";"155734105";"A01";"3";"7";"0";"2";"3";"16";"1";""
"202400027043";"155734102";"A01";"1";"32";"1";"9";"1";"13";"1";""
"202400027043";"155734103";"B01";"1";"1";"0";"2";"3";"2";"5";""
"202400027044";"155734100";"A01";"3";"7";"0";"2";"3";"26";"1";""
"202400027044";"155734101";"B01";"3";"50";"0";"2";"1";"1";"3";""
"202400027045";"155734098";"A01";"1";"7";"0";"2";"2";"26";"1";""
"202400027045";"155734099";"B01";"2";"32";"0";"2";"1";"1";"1";""
"202400027046";"155734094";"A01";"3";"50";"0";"9";"0";"0";"3";""
"202400027047";"155734093";"A01";"0";"14";"0";"1";"4";"4";"1";""
"202400027048";"155734091";"A01";"2";"33";"0";"2";"1";"1";"1";""
"202400027048";"155734092";"B01";"1";"10";"0";"2";"7";"15";"1";""
"202400027049";"155734090";"A01";"2";"7";"0";"1";"3";"1";"1";""
"202400027050";"155734088";"B01";"2";"2";"0";"2";"1";"1";"1";""
"202400027050";"155734089";"A01";"1";"7";"0";"2";"3";"10";"1";""
"202400027051";"155734086";"A01";"2";"7";"0";"2";"8";"15";"1";""
"202400027051";"155734087";"B01";"2";"33";"0";"2";"3";"17";"1";""
"202400027052";"155734085";"A01";"1";"50";"0";"0";"0";"0";"3";""
"202400027053";"155734082";"A01";"3";"7";"0";"2";"3";"9";"1";""
"202400027053";"155734084";"B01";"3";"1";"0";"2";"7";"1";"5";""
"202400027054";"155734081";"B01";"0";"32";"0";"2";"3";"15";"1";""
"202400027054";"155734083";"A01";"0";"7";"0";"2";"3";"1";"3";""
"202400027055";"155734080";"A01";"1";"7";"0";"1";"1";"15";"1";""
"202400027056";"155734078";"B01";"1";"7";"0";"2";"1";"1";"1";""
"202400027056";"155734079";"A01";"1";"30";"0";"2";"8";"13";"1";""
"202400027057";"155734076";"A01";"1";"7";"0";"2";"1";"2";"1";""
"202400027057";"155734077";"B01";"1";"7";"0";"2";"4";"23";"1";""
"202400027058";"155734074";"A01";"1";"7";"0";"2";"1";"1";"1";""
"202400027058";"155734075";"B01";"2";"7";"0";"2";"7";"1";"1";""
"202400027059";"155734072";"B01";"2";"10";"0";"2";"3";"0";"0";""
"202400027059";"155734073";"A01";"3";"50";"0";"2";"2";"0";"3";""
"202400027060";"155734071";"A01";"1";"7";"0";"1";"3";"0";"3";""
"202400027061";"155734070";"A01";"1";"1";"0";"0";"7";"1";"5";""
"202400027062";"155734069";"A01";"1";"7";"2";"0";"3";"19";"2";""
"202400027063";"155734067";"B01";"0";"2";"0";"2";"8";"21";"3";""
"202400027063";"155734068";"A01";"2";"7";"0";"2";"0";"9";"2";""
"202400027064";"155734063";"A01";"1";"7";"0";"2";"7";"15";"1";""
"202400027064";"155734065";"B01";"1";"2";"0";"2";"1";"1";"1";""
"202400027065";"155734064";"B01";"1";"7";"0";"2";"4";"1";"1";""
"202400027065";"155734066";"A01";"1";"7";"0";"2";"1";"1";"1";""
"202400027066";"155734059";"B01";"3";"7";"0";"2";"4";"1";"1";""
"202400027066";"155734060";"A01";"3";"7";"0";"2";"4";"1";"1";""
"202400027066";"155734062";"C01";"3";"7";"0";"2";"1";"1";"1";""