"Num_Acc";"id_vehicule";"num_veh";"senc";"catv";"obs";"obsm";"choc";"manv";"motor";"occutc"
"202400027067";"155734058";"B01";"2";"1";"0";"2";"1";"1";"5";""
"202400027067";"155734061";"A01";"1";"0";"0";"2";"3";"16";"0";""
"202400027068";"155734057";"A01";"2";"50";"0";"1";"1";"26";"3";""
"202400027069";"155734055";"A01";"3";"7";"0";"1";"1";"26";"1";""
"202400027070";"155734054";"A01";"1";"7";"0";"2";"7";"0";"1";""
"202400027070";"155734056";"B01";"2";"33";"0";"2";"0";"1";"1";""
"202400027071";"155734052";"A01";"1";"7";"0";"2";"3";"15";"1";""
"202400027071";"155734053";"B01";"2";"1";"0";"2";"3";"1";"5";""
"202400027072";"155734051";"A01";"2";"7";"0";"1";"8";"1";"1";""
"202400027073";"155734049";"A01";"2";"7";"0";"2";"1";"13";"1";""
"202400027073";"155734050";"B01";"1";"7";"0";"2";"3";"1";"1";""
"202400027074";"155734046";"A01";"2";"7";"0";"2";"3";"5";"1";""
"202400027074";"155734047";"B01";"1";"7";"0";"2";"1";"1";"1";""
"202400027075";"155734045";"A01";"3";"7";"0";"2";"2";"21";"1";""
"202400027075";"155734048";"B01";"3";"1";"0";"2";"8";"1";"5";""
"202400027076";"155734042";"A01";"1";"7";"0";"0";"1";"1";"1";""
"202400027076";"155734044";"B01";"2";"7";"0";"0";"3";"9";"1";""
"202400027077";"155734041";"B01";"3";"2";"0";"2";"2";"26";"3";""
"202400027077";"155734043";"A01";"3";"7";"0";"2";"3";"9";"1";""
"202400027078";"155734040";"A01";"1";"7";"11";"0";"1";"1";"1";""
"202400027079";"155734039";"A01";"1";"7";"8";"0";"9";"1";"1";""
"202400027080";"155734038";"A01";"2";"30";"0";"0";"8";"1";"1";""
"202400027081";"155734034";"C01";"2";"7";"0";"2";"1";"1";"1";""
"202400027081";"155734035";"B01";"2";"7";"0";"2";"9";"1";"1";""
"202400027081";"155734037";"A01";"1";"7";"0";"2";"9";"6";"1";""
"202400027082";"155734031";"A01";"2";"7";"0";"2";"1";"2";"1";""
"202400027082";"155734033";"B01";"2";"7";"0";"2";"4";"2";"1";""
"202400027082";"155734036";"C01";"2";"7";"0";"2";"4";"2";"1";""
"202400027083";"155734030";"B01";"1";"80";"0";"2";"1";"13";"3";""
"202400027083";"155734032";"A01";"2";"7";"1";"2";"1";"26";"1";""
"202400027084";"155734027";"A01";"3";"7";"0";"2";"1";"16";"1";""
"202400027084";"155734029";"B01";"3";"7";"0";"2";"4";"16";"1";""
"202400027085";"155734026";"B01";"1";"33";"0";"2";"1";"1";"1";""
"202400027085";"155734028";"A01";"2";"7";"0";"2";"2";"15";"1";""
"202400027086";"155734024";"A01";"3";"31";"0";"2";"1";"17";"1";""
"202400027086";"155734025";"B01";"3";"7";"0";"2";"6";"15";"1";""
"202400027087";"155734022";"A01";"2";"1";"0";"2";"7";"0";"5";""
"202400027087";"155734023";"Z01";"2";"7";"0";"9";"1";"0";"0";""
"202400027088";"155734020";"A01";"2";"7";"0";"2";"1";"1";"1";""
"202400027088";"155734021";"B01";"1";"50";"0";"2";"4";"0";"3";""
"202400027089";"155734018";"A01";"2";"10";"0";"2";"1";"2";"1";""
"202400027089";"155734019";"B01";"2";"7";"0";"2";"4";"1";"1";""
"202400027090";"155734016";"A01";"2";"1";"0";"2";"4";"2";"5";""
"202400027090";"155734017";"B01";"2";"3";"0";"2";"1";"2";"1";""
"202400027091";"155734015";"A01";"3";"1";"0";"0";"0";"0";"5";""
"202400027092";"155734014";"A01";"2";"2";"0";"1";"1";"1";"1";""
"202400027093";"155734012";"B01";"1";"30";"0";"2";"1";"1";"1";""
"202400027093";"155734013";"A01";"2";"10";"0";"2";"7";"1";"1";""
"202400027094";"155734011";"A01";"3";"7";"0";"1";"2";"1";"1";""
"202400027095";"155734010";"A01";"3";"50";"0";"1";"1";"1";"3";""
"202400027096";"155734008";"A01";"3";"7";"0";"2";"1";"1";"0";""
"202400027096";"155734009";"B01";"3";"7";"0";"2";"4";"1";"1";""
"202400027097";"155734006";"A01";"1";"50";"1";"0";"1";"14";"3";""
"202400027097";"155734007";"B01";"1";"7";"0";"2";"4";"26";"1";""
"202400027098";"155734005";"A01";"1";"30";"0";"0";"3";"1";"1";""
"202400027099";"155734002";"A01";"1";"7";"6";"0";"1";"1";"0";""
"202400027100";"155733999";"A01";"2";"33";"4";"0";"7";"14";"1";""
"202400027101";"155733997";"A01";"1";"7";"0";"2";"1";"13";"1";""
"202400027101";"155733998";"B01";"2";"7";"0";"2";"1";"1";"1";""
"202400027102";"155733992";"A01";"1";"7";"4";"2";"1";"1";"1";""
"202400027102";"155733994";"B01";"1";"7";"4";"2";"7";"1";"1";""
"202400027102";"155733996";"Z01";"1";"7";"0";"2";"1";"26";"0";""
"202400027103";"155733988";"A01";"1";"33";"0";"2";"1";"12";"1";""
"202400027103";"155733989";"B01";"1";"7";"0";"2";"2";"12";"1";""
"202400027104";"155733981";"B01";"3";"7";"0";"2";"4";"2";"1";""
"202400027104";"155733984";"C01";"3";"10";"0";"2";"4";"2";"1";""
"202400027104";"155733986";"A01";"1";"10";"0";"2";"1";"2";"1";""
"202400027105";"155733982";"A01";"2";"7";"0";"2";"1";"2";"1";""
"202400027105";"155733983";"B01";"2";"10";"0";"2";"4";"23";"1";""
"202400027105";"155733985";"C01";"2";"7";"0";"2";"4";"23";"1";""
"202400027106";"155733980";"A01";"3";"7";"15";"0";"9";"1";"1";""
"202400027107";"155733977";"A01";"3";"7";"0";"2";"7";"1";"1";""
"202400027107";"155733978";"B01";"3";"50";"0";"2";"1";"25";"3";""
"202400027108";"155733979";"A01";"0";"10";"0";"1";"1";"16";"3";""
"202400027109";"155733974";"A01";"1";"7";"0";"2";"1";"17";"1";""
"202400027109";"155733976";"B01";"1";"7";"0";"2";"3";"15";"1";""
"202400027110";"155733975";"A01";"2";"7";"0";"1";"6";"1";"1";""
"202400027111";"155733971";"A01";"1";"7";"0";"1";"2";"1";"1";""
"202400027112";"155733966";"A01";"3";"7";"0";"2";"2";"13";"1";""
"202400027112";"155733968";"B01";"3";"7";"0";"2";"2";"1";"1";""
"202400027113";"155733967";"Z01";"1";"7";"0";"1";"8";"1";"0";""
"202400027114";"155733962";"B01";"2";"1";"0";"2";"3";"1";"5";""
"202400027114";"155733964";"A01";"1";"7";"0";"2";"2";"1";"1";""
"202400027115";"155733961";"B01";"2";"7";"0";"2";"3";"1";"1";""
"202400027115";"155733963";"A01";"1";"7";"0";"2";"3";"1";"1";""
"202400027116";"155733958";"A01";"3";"31";"0";"2";"8";"18";"1";""
"202400027116";"155733960";"B01";"3";"7";"0";"2";"7";"16";"1";""
"202400027117";"155733954";"A01";"2";"33";"0";"2";"1";"17";"1";""
"202400027117";"155733955";"B01";"2";"10";"0";"2";"3";"13";"1";""
"202400027118";"155733952";"A01";"1";"30";"0";"2";"1";"1";"1";""
"202400027118";"155733953";"B01";"1";"7";"0";"2";"1";"1";"1";""
"202400027119";"155733951";"A01";"1";"30";"0";"9";"1";"18";"1";""
"202400027120";"155733949";"A01";"1";"10";"0";"2";"1";"15";"1";""
"202400027120";"155733950";"B01";"1";"34";"0";"2";"1";"1";"1";""
"202400027121";"155733948";"B01";"1";"80";"14";"1";"3";"26";"3";""
"202400027122";"155733946";"A01";"2";"7";"0";"2";"8";"15";"1";""
"202400027122";"155733947";"B01";"2";"33";"0";"2";"1";"1";"1";""
"202400027123";"155733943";"B01";"2";"2";"0";"2";"1";"1";"3";""
"202400027123";"155733945";"A01";"2";"10";"0";"2";"5";"1";"1";""
"202400027124";"155733940";"A01";"3";"7";"0";"2";"2";"16";"1";""
"202400027124";"155733942";"B01";"3";"7";"0";"2";"1";"1";"1";""
"202400027125";"155733939";"B01";"2";"80";"1";"0";"1";"1";"3";""
"202400027125";"155733941";"A01";"2";"7";"0";"2";"3";"22";"1";""
"202400027126";"155733936";"B01";"1";"7";"0";"2";"8";"1";"1";""
"202400027126";"155733937";"A01";"1";"7";"0";"2";"1";"1";"1";""
"202400027127";"155733935";"A01";"2";"50";"12";"2";"1";"1";"3";""
"202400027127";"155733938";"B01";"2";"7";"0";"2";"3";"1";"1";""
"202400027128";"155733934";"A01";"3";"7";"0";"1";"1";"0";"1";""
"202400027129";"155733932";"B01";"1";"7";"0";"2";"8";"0";"1";""
"202400027129";"155733933";"A01";"1";"50";"0";"2";"8";"0";"3";""
"202400027130";"155733930";"B01";"1";"10";"0";"2";"3";"1";"1";""
"202400027130";"155733931";"A01";"2";"7";"0";"2";"7";"9";"1";""
"202400027131";"155733929";"A01";"1";"7";"15";"0";"2";"2";"2";""
"202400027132";"155733925";"A01";"3";"34";"0";"2";"1";"1";"1";""
"202400027132";"155733927";"B01";"3";"7";"0";"2";"1";"9";"1";""
"202400027133";"155733924";"B01";"1";"2";"0";"2";"0";"0";"1";""
"202400027133";"155733926";"A01";"3";"7";"0";"2";"0";"0";"1";""
"202400027134";"155733922";"A01";"1";"33";"0";"2";"3";"17";"1";""
"202400027134";"155733923";"B01";"1";"7";"0";"9";"2";"9";"1";""
"202400027135";"155733919";"A01";"1";"7";"3";"0";"2";"1";"1";""
"202400027136";"155733920";"B01";"0";"10";"0";"2";"0";"0";"1";""
"202400027136";"155733921";"A01";"3";"50";"0";"2";"0";"14";"3";""
"202400027137";"155733918";"A01";"1";"50";"12";"0";"2";"14";"3";""
"202400027138";"155733916";"A01";"3";"7";"0";"1";"7";"1";"1";""
"202400027139";"155733914";"A01";"2";"10";"0";"2";"1";"19";"1";""
"202400027139";"155733917";"B01";"2";"33";"0";"2";"8";"1";"1";""
"202400027140";"155733913";"A01";"2";"2";"0";"2";"1";"26";"3";""
"202400027140";"155733915";"B01";"1";"7";"0";"2";"2";"0";"1";""
"202400027141";"155733912";"A01";"1";"7";"0";"1";"1";"19";"1";""
"202400027142";"155733910";"B01";"2";"2";"0";"2";"1";"1";"1";""
"202400027142";"155733911";"A01";"1";"7";"0";"2";"2";"15";"1";""
"202400027143";"155733907";"A01";"1";"31";"0";"1";"7";"1";"1";""
"202400027144";"155733908";"A01";"1";"7";"1";"0";"6";"15";"1";""
"202400027144";"155733909";"B01";"1";"7";"1";"0";"2";"2";"1";""
"202400027145";"155733906";"A01";"1";"7";"0";"1";"1";"26";"1";""
"202400027146";"155733904";"B01";"0";"31";"0";"0";"0";"0";"0";""
"202400027146";"155733905";"A01";"3";"10";"0";"2";"0";"0";"1";""
"202400027147";"155733902";"A01";"1";"32";"0";"2";"1";"2";"1";""
"202400027147";"155733903";"B01";"1";"7";"0";"2";"3";"15";"1";""
"202400027148";"155733901";"A01";"0";"30";"0";"1";"5";"26";"3";""
"202400027149";"155733899";"A01";"1";"32";"0";"2";"1";"1";"1";""
"202400027149";"155733900";"B01";"2";"7";"0";"2";"3";"9";"1";""
"202400027150";"155733897";"A01";"1";"33";"0";"2";"2";"11";"1";""
"202400027150";"155733898";"B01";"1";"10";"0";"2";"2";"1";"3";""
"202400027151";"155733896";"A01";"1";"7";"3";"1";"1";"1";"1";""
"202400027152";"155733894";"A01";"1";"34";"0";"2";"1";"26";"1";""
"202400027152";"155733895";"B01";"2";"7";"0";"2";"7";"15";"1";""
"202400027153";"155733892";"A01";"2";"32";"0";"2";"1";"3";"1";""
"202400027153";"155733893";"B01";"2";"7";"0";"2";"5";"2";"1";""
"202400027154";"155733890";"A01";"1";"37";"0";"0";"0";"1";"2";"5"
"202400027155";"155733889";"A01";"3";"7";"0";"2";"3";"2";"1";""
"202400027155";"155733891";"B01";"3";"32";"0";"2";"1";"17";"1";""
"202400027156";"155733888";"A01";"1";"7";"4";"0";"1";"20";"1";""
"202400027157";"155733885";"A01";"2";"7";"0";"2";"2";"17";"1";""
"202400027157";"155733887";"B01";"2";"7";"0";"2";"3";"1";"1";""
"202400027158";"155733884";"A01";"1";"7";"0";"2";"6";"20";"1";""
"202400027158";"155733886";"B01";"1";"30";"0";"2";"1";"2";"1";""
"202400027159";"155733881";"A01";"1";"7";"0";"1";"2";"16";"1";""
"202400027160";"155733879";"C01";"3";"10";"0";"2";"4";"2";"0";""
"202400027160";"155733880";"A01";"3";"10";"0";"2";"1";"2";"1";""
"202400027160";"155733882";"B01";"3";"10";"0";"2";"4";"2";"1";""
"202400027160";"155733883";"D01";"3";"7";"0";"2";"4";"2";"1";""
"202400027161";"155733877";"A01";"1";"7";"0";"1";"1";"16";"2";""
"202400027162";"155733876";"B01";"2";"2";"1";"0";"2";"1";"3";""
"202400027162";"155733878";"A01";"2";"7";"0";"2";"8";"22";"1";""
"202400027163";"155733875";"Z01";"3";"7";"1";"1";"4";"0";"1";""
"202400027164";"155733871";"A01";"2";"2";"0";"2";"7";"2";"3";""
"202400027164";"155733873";"B01";"2";"7";"0";"2";"8";"2";"1";""
"202400027165";"155733872";"A01";"1";"2";"0";"2";"7";"1";"1";""
"202400027165";"155733874";"B01";"1";"7";"0";"2";"1";"1";"1";""
"202400027166";"155733869";"A01";"2";"33";"3";"2";"0";"0";"1";""
"202400027166";"155733870";"B01";"2";"7";"0";"2";"2";"1";"1";""
"202400027167";"155733867";"A01";"1";"33";"8";"0";"0";"2";"1";""
"202400027168";"155733866";"A01";"1";"7";"0";"2";"3";"13";"1";""
"202400027168";"155733868";"B01";"2";"10";"0";"2";"3";"1";"1";""
"202400027169";"155733864";"B01";"2";"50";"0";"2";"0";"1";"3";""
"202400027169";"155733865";"A01";"2";"7";"0";"0";"0";"0";"0";""
"202400027170";"155733862";"A01";"1";"7";"0";"1";"1";"1";"1";""
"202400027171";"155733863";"A01";"0";"33";"12";"0";"7";"1";"1";""
"202400027172";"155733860";"A01";"1";"7";"0";"0";"9";"14";"1";""
"202400027173";"155733859";"A01";"2";"7";"0";"1";"1";"1";"1";""
"202400027174";"155733856";"A01";"1";"43";"0";"2";"1";"2";"1";""
"202400027174";"155733857";"B01";"1";"14";"0";"2";"6";"2";"1";""
"202400027175";"155733855";"A01";"2";"7";"0";"2";"3";"9";"1";""
"202400027175";"155733858";"B01";"1";"33";"0";"2";"5";"26";"1";""
"202400027176";"155733853";"A01";"2";"50";"0";"2";"1";"1";"3";""
"202400027176";"155733854";"B01";"2";"7";"0";"9";"7";"1";"1";""
"202400027177";"155733850";"A01";"3";"7";"8";"0";"1";"0";"3";""
"202400027178";"155733851";"A01";"2";"7";"0";"2";"2";"15";"1";""
"202400027178";"155733852";"B01";"1";"2";"0";"2";"1";"17";"1";""
"202400027179";"155733847";"B01";"1";"30";"0";"2";"1";"1";"1";""
"202400027179";"155733849";"A01";"2";"7";"0";"2";"7";"15";"2";""
"202400027180";"155733846";"A01";"0";"32";"14";"0";"0";"13";"1";""
"202400027180";"155733848";"B01";"0";"7";"0";"0";"0";"16";"1";""
"202400027181";"155733845";"A01";"1";"7";"0";"1";"1";"15";"1";""
"202400027182";"155733843";"A01";"1";"7";"0";"2";"8";"1";"1";""
"202400027182";"155733844";"B01";"2";"10";"0";"2";"1";"1";"1";""
"202400027183";"155733842";"A01";"2";"1";"0";"0";"8";"9";"5";""
"202400027184";"155733841";"A01";"1";"7";"0";"1";"2";"1";"1";""
"202400027185";"155733839";"B01";"2";"7";"0";"2";"1";"9";"1";""
"202400027185";"155733840";"A01";"2";"31";"0";"2";"7";"9";"1";""
"202400027186";"155733836";"B01";"3";"14";"0";"2";"2";"1";"1";""
"202400027186";"155733838";"A01";"3";"10";"0";"2";"1";"19";"1";""
"202400027187";"155733835";"A01";"1";"7";"0";"2";"1";"16";"1";""
"202400027187";"155733837";"B01";"0";"1";"0";"2";"8";"1";"5";""
"202400027188";"155733833";"A01";"3";"7";"2";"0";"9";"15";"1";""
"202400027189";"155733832";"A01";"3";"7";"0";"2";"6";"15";"1";""
"202400027189";"155733834";"B01";"2";"7";"0";"2";"1";"1";"1";""
"202400027190";"155733829";"A01";"2";"7";"5";"0";"1";"1";"1";""
"202400027191";"155733828";"B01";"1";"7";"0";"2";"4";"23";"1";""
"202400027191";"155733830";"A01";"1";"7";"0";"2";"1";"2";"1";""
"202400027191";"155733831";"C01";"1";"7";"0";"2";"4";"23";"1";""
"202400027192";"155733827";"A01";"1";"7";"13";"0";"1";"1";"1";""
"202400027193";"155733824";"B01";"3";"32";"0";"2";"1";"1";"1";""
"202400027193";"155733826";"A01";"3";"7";"0";"2";"3";"1";"1";""
"202400027194";"155733823";"B01";"1";"7";"0";"2";"2";"1";"1";""
"202400027194";"155733825";"A01";"1";"7";"0";"0";"7";"19";"1";""
"202400027195";"155733822";"A01";"1";"7";"0";"1";"1";"1";"1";""
"202400027196";"155733821";"A01";"3";"2";"0";"0";"7";"1";"1";""
"202400027197";"155733820";"A01";"2";"7";"4";"0";"8";"11";"1";""
"202400027198";"155733817";"A01";"1";"7";"2";"0";"1";"21";"1";""
"202400027199";"155733818";"A01";"2";"50";"0";"2";"1";"0";"3";""
"202400027199";"155733819";"B01";"1";"50";"0";"9";"0";"0";"3";""
"202400027200";"155733816";"A01";"1";"33";"10";"0";"8";"0";"1";""
"202400027201";"155733815";"A01";"1";"7";"0";"1";"1";"1";"1";""
"202400027202";"155733811";"A01";"1";"7";"6";"0";"7";"1";"1";""
"202400027203";"155733810";"B01";"3";"7";"0";"9";"3";"15";"1";""
"202400027203";"155733812";"A01";"0";"50";"0";"2";"0";"0";"3";""
"202400027204";"155733808";"A01";"1";"7";"0";"2";"2";"15";"1";""
"202400027204";"155733809";"B01";"1";"2";"0";"2";"1";"1";"1";""
"202400027205";"155733806";"A01";"1";"7";"0";"2";"7";"15";"1";""
"202400027205";"155733807";"B01";"2";"31";"0";"2";"1";"1";"1";""
"202400027206";"155733804";"B01";"1";"14";"0";"0";"4";"1";"1";""
"202400027206";"155733805";"A01";"1";"7";"0";"2";"1";"1";"1";""
"202400027207";"155733802";"A01";"2";"30";"0";"2";"1";"2";"1";""
"202400027207";"155733803";"B01";"2";"37";"0";"2";"2";"1";"1";"1"
"202400027208";"155733800";"B01";"2";"80";"0";"2";"8";"19";"3";""
"202400027208";"155733801";"A01";"2";"7";"0";"2";"2";"15";"1";""
"202400027209";"155733798";"B01";"3";"7";"0";"2";"3";"1";"1";""
"202400027209";"155733799";"A01";"1";"7";"0";"2";"2";"1";"1";""
"202400027210";"155733796";"A01";"1";"7";"0";"2";"1";"1";"1";""
"202400027210";"155733797";"B01";"1";"15";"0";"2";"4";"11";"1";""
"202400027211";"155733794";"A01";"1";"7";"0";"2";"4";"2";"1";""
"202400027211";"155733795";"B01";"1";"7";"0";"2";"1";"2";"1";""
"202400027212";"155733789";"B01";"1";"50";"0";"2";"8";"19";"3";""
"202400027212";"155733790";"A01";"1";"7";"0";"2";"3";"26";"1";""
"202400027213";"155733786";"B01";"2";"7";"0";"0";"8";"1";"1";""
"202400027213";"155733788";"A01";"2";"10";"0";"2";"1";"1";"1";""
"202400027214";"155733783";"A01";"0";"32";"0";"2";"7";"1";"1";""
"202400027214";"155733785";"B01";"0";"7";"0";"2";"1";"9";"1";""
"202400027215";"155733779";"A01";"2";"33";"4";"2";"4";"5";"1";""
"202400027215";"155733780";"B01";"1";"38";"0";"2";"3";"1";"1";"1"
"202400027216";"155733778";"A01";"1";"7";"0";"1";"1";"1";"1";""
"202400027217";"155733777";"A01";"1";"7";"0";"1";"1";"15";"1";""
"202400027218";"155733776";"A01";"2";"33";"11";"0";"1";"17";"1";""
"202400027219";"155733774";"B01";"1";"15";"0";"2";"1";"1";"1";""
"202400027219";"155733775";"A01";"2";"15";"0";"2";"3";"1";"1";""
"202400027220";"155733772";"A01";"2";"7";"0";"2";"1";"2";"1";""
"202400027220";"155733773";"B01";"2";"7";"0";"2";"4";"2";"1";""
"202400027221";"155733771";"A01";"1";"33";"13";"0";"0";"1";"1";""
"202400027222";"155733769";"A01";"3";"37";"14";"0";"3";"1";"1";"1"
"202400027222";"155733770";"B01";"3";"7";"0";"2";"7";"1";"1";""
"202400027223";"155733768";"A01";"1";"10";"0";"1";"4";"4";"1";""
"202400027224";"155733765";"A01";"2";"7";"0";"2";"0";"1";"1";""
"202400027224";"155733766";"B01";"2";"15";"0";"0";"4";"0";"1";""
"202400027225";"155733767";"A01";"1";"7";"0";"0";"9";"1";"1";""
"202400027226";"155733764";"A01";"1";"33";"16";"0";"9";"1";"1";""
"202400027227";"155733763";"A01";"0";"7";"0";"1";"1";"1";"1";""
"202400027228";"155733761";"A01";"2";"7";"0";"2";"3";"17";"1";""
"202400027228";"155733762";"B01";"1";"7";"0";"2";"3";"1";"1";""
"202400027229";"155733758";"C01";"3";"7";"0";"2";"1";"9";"1";""
"202400027229";"155733760";"B01";"1";"2";"0";"2";"7";"1";"1";""
"202400027230";"155733757";"B01";"2";"17";"0";"2";"0";"0";"1";""
"202400027230";"155733759";"A01";"2";"7";"0";"2";"6";"9";"1";""
"202400027231";"155733756";"A01";"2";"3";"8";"0";"1";"1";"1";""
"202400027232";"155733753";"C01";"2";"7";"0";"2";"4";"23";"1";""
"202400027232";"155733754";"A01";"2";"7";"0";"2";"1";"2";"1";""
"202400027232";"155733755";"B01";"2";"7";"0";"2";"9";"23";"1";""
"202400027233";"155733750";"A01";"2";"10";"0";"2";"2";"2";"1";""
"202400027233";"155733751";"B01";"2";"7";"0";"2";"6";"2";"1";""
"202400027234";"155733749";"A01";"2";"7";"2";"0";"1";"1";"1";""
"202400027235";"155733745";"C01";"1";"15";"0";"2";"4";"2";"1";""
"202400027235";"155733747";"A01";"1";"10";"0";"2";"3";"2";"1";""
"202400027235";"155733748";"B01";"1";"10";"0";"2";"4";"2";"1";""
"202400027236";"155733744";"B01";"2";"2";"0";"2";"1";"1";"1";""
"202400027236";"155733746";"A01";"1";"7";"0";"2";"3";"1";"1";""
"202400027237";"155733742";"A01";"1";"7";"0";"2";"8";"13";"3";""
"202400027237";"155733743";"B01";"1";"33";"0";"2";"7";"3";"1";""
"202400027238";"155733739";"A01";"1";"7";"3";"0";"1";"21";"1";""
"202400027239";"155733740";"B01";"1";"7";"0";"2";"4";"0";"1";""
"202400027239";"155733741";"A01";"1";"7";"0";"2";"1";"2";"1";""
"202400027240";"155733735";"A01";"3";"7";"0";"2";"1";"1";"1";""
"202400027240";"155733737";"B01";"3";"60";"0";"2";"7";"1";"5";""
"202400027241";"155733734";"A01";"1";"10";"0";"2";"4";"2";"1";""
"202400027241";"155733736";"C01";"1";"7";"0";"2";"4";"0";"1";""
"202400027241";"155733738";"B01";"1";"7";"0";"2";"4";"2";"2";""
"202400027242";"155733733";"A01";"1";"33";"12";"0";"9";"1";"1";""
"202400027243";"155733731";"A01";"3";"7";"0";"2";"6";"16";"1";""
"202400027243";"155733732";"B01";"3";"31";"0";"2";"9";"1";"1";""
"202400027244";"155733729";"B01";"1";"7";"0";"2";"5";"12";"1";""
"202400027244";"155733730";"A01";"1";"33";"0";"2";"1";"3";"1";""
"202400027245";"155733727";"A01";"1";"7";"6";"0";"2";"15";"1";""
"202400027246";"155733726";"A01";"1";"31";"0";"2";"8";"0";"1";""
"202400027246";"155733728";"B01";"1";"7";"0";"0";"2";"23";"1";""
"202400027247";"155733724";"A01";"1";"33";"0";"0";"0";"3";"1";""
"202400027248";"155733723";"A01";"1";"7";"0";"0";"0";"1";"1";""
"202400027248";"155733725";"B01";"3";"1";"0";"2";"7";"19";"5";""
"202400027249";"155733721";"A01";"1";"7";"0";"1";"4";"20";"1";""
"202400027250";"155733719";"A01";"1";"10";"0";"2";"7";"12";"1";""
"202400027250";"155733722";"B01";"1";"33";"0";"2";"8";"3";"1";""
"202400027251";"155733718";"C01";"1";"7";"0";"2";"4";"1";"1";""
"202400027251";"155733720";"B01";"1";"31";"0";"2";"1";"1";"1";""
"202400027252";"155733717";"Z01";"2";"7";"0";"1";"1";"1";"0";""
"202400027253";"155733715";"A01";"1";"7";"0";"1";"2";"21";"1";""
"202400027254";"155733713";"A01";"1";"10";"0";"2";"1";"2";"1";""
"202400027254";"155733714";"B01";"1";"7";"0";"2";"4";"2";"1";""
"202400027254";"155733716";"C01";"1";"7";"0";"2";"4";"2";"1";""
"202400027255";"155733711";"A01";"1";"10";"0";"1";"2";"0";"0";""
"202400027256";"155733710";"A01";"2";"2";"0";"2";"1";"1";"1";""
"202400027256";"155733712";"B01";"2";"2";"0";"2";"8";"1";"1";""
"202400027257";"155733708";"B01";"1";"1";"0";"2";"0";"1";"5";""
"202400027257";"155733709";"A01";"1";"7";"0";"2";"0";"0";"0";""
"202400027258";"155733707";"A01";"3";"7";"0";"1";"3";"1";"1";""
"202400027259";"155733706";"A01";"1";"7";"0";"1";"8";"1";"0";""
"202400027260";"155733705";"A01";"2";"7";"0";"1";"2";"16";"1";""
"202400027261";"155733704";"A01";"1";"7";"0";"1";"8";"16";"1";""
"202400027262";"155733703";"A01";"3";"10";"0";"1";"6";"4";"1";""
"202400027263";"155733701";"A01";"3";"7";"0";"1";"1";"2";"1";""
"202400027264";"155733700";"A01";"1";"7";"0";"2";"3";"15";"1";""
"202400027264";"155733702";"B01";"2";"7";"0";"2";"2";"1";"1";""
"202400027265";"155733699";"A01";"0";"7";"1";"0";"1";"14";"2";""
"202400027266";"155733698";"A01";"2";"7";"0";"1";"1";"1";"1";""
"202400027267";"155733697";"A01";"3";"7";"0";"1";"2";"1";"1";""
"202400027268";"155733694";"A01";"2";"7";"0";"2";"0";"1";"1";""
"202400027268";"155733696";"B01";"1";"1";"0";"2";"0";"1";"5";""
"202400027269";"155733693";"B01";"1";"7";"0";"2";"3";"0";"1";""
"202400027269";"155733695";"A01";"1";"50";"0";"2";"1";"9";"3";""
"202400027270";"155733691";"A01";"1";"7";"0";"2";"5";"1";"1";""
"202400027270";"155733692";"B01";"1";"1";"0";"2";"2";"2";"5";""
"202400027271";"155733690";"A01";"1";"10";"0";"1";"2";"16";"1";""
"202400027272";"155733688";"A01";"2";"7";"13";"0";"0";"2";"1";""
"202400027273";"155733687";"A01";"3";"50";"0";"2";"2";"9";"3";""
"202400027273";"155733689";"B01";"1";"7";"0";"2";"7";"1";"1";""
"202400027274";"155733685";"A01";"3";"7";"0";"1";"3";"1";"1";""
"202400027275";"155733684";"B01";"1";"33";"0";"2";"1";"21";"1";""
"202400027275";"155733686";"A01";"2";"10";"0";"2";"1";"15";"1";""
"202400027276";"155733682";"A01";"1";"2";"0";"0";"0";"26";"1";""
"202400027277";"155733683";"A01";"3";"7";"12";"1";"3";"1";"0";""
"202400027278";"155733681";"A01";"1";"10";"0";"1";"3";"16";"3";""
"202400027279";"155733680";"A01";"3";"7";"0";"1";"6";"26";"1";""
"202400027280";"155733678";"A01";"1";"33";"0";"2";"1";"2";"1";""
"202400027280";"155733679";"B01";"3";"7";"0";"2";"3";"20";"1";""
"202400027281";"155733676";"B01";"2";"1";"0";"2";"1";"1";"5";""
"202400027281";"155733677";"A01";"1";"7";"0";"2";"3";"15";"1";""
"202400027282";"155733674";"B01";"1";"7";"12";"2";"1";"13";"1";""
"202400027282";"155733675";"A01";"2";"7";"12";"2";"3";"0";"2";""
"202400027283";"155733673";"A01";"2";"7";"15";"0";"1";"14";"1";""
"202400027284";"155733668";"A01";"3";"7";"0";"2";"1";"2";"0";""
"202400027284";"155733670";"C01";"3";"7";"0";"2";"4";"2";"1";""
"202400027284";"155733671";"B01";"3";"7";"0";"2";"4";"2";"1";""
"202400027284";"155733672";"D01";"3";"7";"0";"2";"4";"15";"1";""
"202400027285";"155733666";"B01";"3";"7";"0";"2";"4";"1";"1";""
"202400027285";"155733667";"C01";"3";"7";"0";"2";"4";"1";"1";""
"202400027285";"155733669";"A01";"3";"7";"0";"2";"1";"1";"1";""
"202400027286";"155733664";"A01";"2";"7";"0";"2";"1";"2";"1";""
"202400027286";"155733665";"B01";"2";"7";"0";"2";"4";"23";"1";""