"Num_Acc";"id_vehicule";"num_veh";"senc";"catv";"obs";"obsm";"choc";"manv";"motor";"occutc"
"202400027287";"155733663";"A01";"3";"32";"0";"2";"3";"21";"1";""
"202400027288";"155733661";"A01";"1";"7";"1";"0";"1";"20";"2";""
"202400027288";"155733662";"B01";"3";"7";"1";"0";"0";"0";"1";""
"202400027289";"155733659";"A01";"3";"7";"0";"2";"0";"15";"1";""
"202400027289";"155733660";"B01";"3";"7";"0";"2";"2";"1";"1";""
"202400027290";"155733657";"A01";"2";"7";"0";"2";"3";"9";"1";""
"202400027290";"155733658";"B01";"2";"2";"0";"2";"1";"1";"1";""
"202400027291";"155733655";"A01";"3";"7";"1";"2";"2";"15";"1";""
"202400027291";"155733656";"B01";"3";"1";"1";"2";"3";"1";"5";""
"202400027292";"155733654";"A01";"3";"7";"0";"1";"2";"9";"1";""
"202400027293";"155733652";"A01";"1";"33";"0";"0";"0";"1";"1";""
"202400027294";"155733651";"A01";"1";"7";"0";"2";"3";"15";"1";""
"202400027294";"155733653";"B01";"2";"50";"0";"2";"1";"1";"3";""
"202400027295";"155733650";"A01";"1";"0";"0";"1";"1";"0";"1";""
"202400027296";"155733649";"A01";"1";"7";"0";"1";"3";"1";"2";""
"202400027297";"155733646";"A01";"3";"7";"0";"2";"2";"15";"1";""
"202400027297";"155733648";"B01";"3";"1";"0";"2";"1";"1";"5";""
"202400027298";"155733645";"D01";"2";"33";"0";"2";"1";"9";" -1";""
"202400027298";"155733647";"B01";"1";"30";"0";"2";"8";"1";"1";""
"202400027299";"155733642";"A01";"3";"7";"0";"2";"3";"19";"1";""
"202400027299";"155733644";"B01";"1";"1";"0";"2";"1";"1";"5";""
"202400027300";"155733641";"A01";"1";"7";"0";"9";"1";"1";"1";""
"202400027300";"155733643";"B01";"1";"1";"0";"2";"1";"1";"5";""
"202400027301";"155733638";"A01";"1";"14";"0";"2";"3";"15";"0";""
"202400027301";"155733640";"B01";"1";"7";"0";"2";"8";"2";"1";""
"202400027302";"155733637";"A01";"3";"7";"0";"2";"3";"16";"1";""
"202400027302";"155733639";"B01";"3";"7";"0";"2";"2";"1";"1";""
"202400027303";"155733634";"A01";"3";"7";"0";"2";"2";"1";"1";""
"202400027303";"155733635";"B01";"3";"80";"0";"0";"8";"19";"3";""
"202400027304";"155733633";"B01";"3";"10";"0";"2";"1";"1";"1";""
"202400027304";"155733636";"A01";"3";"30";"0";"2";"1";"1";"3";""
"202400027305";"155733629";"B01";"2";"10";"0";"1";"3";"1";"1";""
"202400027305";"155733631";"A01";"1";"7";"0";"1";"3";"1";"1";""
"202400027306";"155733630";"A01";"2";"7";"0";"2";"3";"15";"1";""
"202400027306";"155733632";"B01";"1";"2";"0";"2";"8";"1";"1";""
"202400027307";"155733625";"B01";"1";"60";"0";"2";"8";"2";"5";""
"202400027307";"155733628";"A01";"1";"7";"0";"2";"1";"2";"0";""
"202400027308";"155733623";"C01";"2";"33";"0";"2";"1";"1";"1";""
"202400027308";"155733626";"A01";"1";"7";"0";"2";"8";"1";"1";""
"202400027308";"155733627";"B01";"2";"33";"0";"2";"3";"1";"1";""
"202400027309";"155733622";"B01";"1";"2";"1";"2";"2";"1";"1";""
"202400027309";"155733624";"A01";"1";"7";"0";"2";"3";"20";"1";""
"202400027310";"155733621";"A01";"1";"7";"0";"1";"1";"1";"1";""
"202400027311";"155733619";"A01";"2";"7";"9";"0";"6";"26";"2";""
"202400027312";"155733618";"B01";"3";"2";"0";"2";"1";"15";"1";""
"202400027312";"155733620";"A01";"3";"7";"0";"2";"2";"1";"1";""
"202400027313";"155733617";"A01";"3";"30";"0";"0";"8";"21";"1";""
"202400027314";"155733614";"B01";"3";"7";"0";"2";"1";"0";"2";""
"202400027314";"155733616";"A01";"3";"7";"0";"2";"1";"13";"1";""
"202400027315";"155733611";"A01";"1";"7";"0";"2";"7";"15";"1";""
"202400027315";"155733613";"B01";"1";"7";"0";"2";"1";"1";"1";""
"202400027316";"155733612";"A01";"1";"7";"0";"2";"3";"15";"1";""
"202400027316";"155733615";"B01";"2";"2";"0";"2";"2";"1";"1";""
"202400027317";"155733610";"A01";"0";"7";"0";"1";"3";"1";"1";""
"202400027318";"155733607";"A01";"1";"7";"0";"2";"7";"1";"2";""
"202400027318";"155733609";"B01";"2";"50";"0";"2";"1";"9";"3";""
"202400027319";"155733606";"A01";"3";"7";"0";"2";"2";"26";"1";""
"202400027319";"155733608";"B01";"3";"50";"0";"2";"7";"19";"3";""
"202400027320";"155733605";"A01";"1";"2";"3";"0";"1";"26";"1";""
"202400027321";"155733604";"A01";"1";"7";"1";"0";"1";"1";"0";""
"202400027322";"155733601";"A01";"1";"7";"0";"2";"2";"16";"1";""
"202400027322";"155733603";"B01";"1";"1";"0";"2";"1";"2";"0";""
"202400027323";"155733600";"A01";"3";"7";"0";"2";"1";"2";"1";""
"202400027323";"155733602";"B01";"3";"38";"0";"2";"4";"2";"1";"1"
"202400027324";"155733596";"A01";"1";"7";"0";"2";"6";"12";"1";""
"202400027324";"155733598";"B01";"1";"1";"0";"2";"1";"2";"0";""
"202400027325";"155733597";"A01";"1";"10";"0";"2";"2";"2";"1";""
"202400027325";"155733599";"B01";"1";"7";"0";"2";"4";"1";"1";""
"202400027326";"155733595";"A01";"1";"7";"13";"0";"0";"13";"1";""
"202400027327";"155733592";"A01";"2";"30";"0";"1";"1";"3";"1";""
"202400027328";"155733591";"B01";"3";"7";"0";"2";"6";"17";"1";""
"202400027328";"155733593";"A01";"3";"7";"0";"2";"1";"1";"1";""
"202400027329";"155733590";"B01";"2";"7";"0";"2";"1";"19";"1";""
"202400027329";"155733594";"A01";"1";"7";"8";"2";"8";"1";"3";""
"202400027330";"155733586";"A01";"2";"7";"1";"2";"1";"1";"1";""
"202400027330";"155733588";"B01";"1";"7";"1";"0";"3";"5";"1";""
"202400027331";"155733587";"A01";"1";"34";"0";"2";"1";"2";"1";""
"202400027331";"155733589";"B01";"1";"7";"0";"2";"4";"2";"1";""
"202400027332";"155733584";"A01";"3";"7";"0";"1";"1";"1";"1";""
"202400027332";"155733585";"B01";"3";"7";"0";"2";"1";"1";"1";""
"202400027333";"155733583";"A01";"1";"7";"0";"1";"3";"16";"1";""
"202400027334";"155733582";"A01";"1";"7";"12";"0";"3";"13";"1";""
"202400027335";"155733578";"A01";"2";"10";"0";"2";"1";"15";"1";""
"202400027335";"155733580";"B01";"1";"33";"0";"2";"1";"1";"1";""
"202400027336";"155733577";"A01";"3";"1";"0";"2";"7";"1";"5";""
"202400027336";"155733581";"B01";"3";"7";"0";"2";"2";"9";"1";""
"202400027337";"155733576";"B01";"2";"99";"0";"0";"0";"0";"0";""
"202400027337";"155733579";"A01";"2";"7";"0";"2";"7";"9";"0";""
"202400027338";"155733574";"A01";"3";"1";"0";"2";"7";"1";"5";""
"202400027338";"155733575";"Z01";"1";"30";"0";"2";"1";"18";"0";""
"202400027339";"155733572";"A01";"1";"7";"12";"0";"2";"20";"1";""
"202400027340";"155733571";"B01";"3";"7";"0";"2";"1";"2";"1";""
"202400027340";"155733573";"A01";"3";"7";"0";"2";"8";"15";"1";""
"202400027341";"155733568";"A01";"2";"7";"0";"2";"2";"10";"1";""
"202400027341";"155733569";"B01";"2";"7";"0";"2";"3";"23";"1";""
"202400027342";"155733567";"B01";"0";"37";"0";"2";"1";"1";"1";"4"
"202400027342";"155733570";"A01";"0";"7";"0";"2";"7";"0";"1";""
"202400027343";"155733566";"A01";"1";"7";"0";"1";"1";"19";"1";""
"202400027344";"155733564";"A01";"0";"7";"0";"1";"1";"23";"1";""
"202400027345";"155733563";"A01";"1";"7";"0";"1";"6";"4";"1";""
"202400027346";"155733562";"A01";"2";"30";"0";"2";"8";"10";"1";""
"202400027346";"155733565";"B01";"1";"7";"0";"2";"1";"1";"1";""
"202400027347";"155733559";"A01";"3";"7";"0";"2";"4";"23";"1";""
"202400027347";"155733561";"B01";"1";"7";"0";"2";"1";"2";"1";""
"202400027348";"155733560";"A01";"3";"37";"0";"1";"2";"15";"2";"1"
"202400027349";"155733556";"B01";"1";"60";"0";"2";"1";"19";"5";""
"202400027349";"155733557";"A01";"2";"7";"0";"2";"8";"16";"1";""
"202400027350";"155733552";"A01";"3";"7";"0";"2";"2";"16";"1";""
"202400027350";"155733553";"B01";"3";"50";"0";"2";"1";"1";"3";""
"202400027351";"155733551";"C01";"2";"7";"0";"2";"0";"2";"1";""
"202400027351";"155733555";"A01";"2";"7";"0";"2";"1";"2";"1";""
"202400027351";"155733558";"B01";"2";"7";"0";"2";"4";"2";"1";""
"202400027352";"155733550";"B01";"2";"2";"0";"2";"1";"1";"1";""
"202400027352";"155733554";"A01";"1";"10";"16";"2";"8";"15";"1";""
"202400027353";"155733549";"A01";"1";"33";"12";"1";"1";"1";"1";""
"202400027354";"155733547";"Z01";"2";"0";"0";"1";"1";"2";"1";""
"202400027355";"155733546";"A01";"1";"39";"0";"1";"1";"26";"2";""
"202400027356";"155733544";"B01";"3";"33";"0";"2";"1";"1";"0";""
"202400027356";"155733548";"A01";"3";"7";"0";"2";"1";"15";"1";""
"202400027357";"155733541";"A01";"1";"7";"2";"0";"1";"1";"1";""
"202400027358";"155733538";"A01";"1";"10";"0";"1";"1";"1";"1";""
"202400027359";"155733539";"A01";"1";"7";"13";"0";"9";"1";"1";""
"202400027360";"155733537";"A01";"1";"7";"0";"2";"4";"1";"1";""
"202400027360";"155733540";"C01";"1";"7";"0";"2";"1";"0";"1";""
"202400027360";"155733542";"B01";"1";"7";"0";"2";"4";"0";"1";""
"202400027361";"155733536";"A01";"1";"3";"0";"1";"2";"13";"3";""
"202400027362";"155733534";"A01";"2";"7";"0";"1";"2";"9";"1";""
"202400027363";"155733533";"A01";"3";"30";"0";"2";"1";"1";"1";""
"202400027363";"155733535";"B01";"3";"7";"0";"2";"8";"1";"1";""
"202400027364";"155733531";"A01";"3";"7";"0";"1";"0";"26";"0";""
"202400027365";"155733530";"A01";"1";"7";"0";"2";"1";"2";"1";""
"202400027365";"155733532";"B01";"1";"7";"0";"2";"4";"2";"1";""
"202400027366";"155733529";"A01";"1";"10";"0";"1";"1";"0";"1";""
"202400027367";"155733526";"B01";"3";"7";"0";"2";"3";"15";"0";""
"202400027367";"155733528";"A01";"1";"32";"0";"2";"3";"1";"1";""
"202400027368";"155733525";"A01";"3";"7";"0";"2";"1";"1";"1";""
"202400027368";"155733527";"B01";"3";"7";"0";"2";"6";"15";"1";""
"202400027369";"155733524";"A01";"3";"7";"0";"9";"1";"15";"1";""
"202400027370";"155733522";"A01";"0";"50";"0";"0";"0";"1";"3";""
"202400027371";"155733518";"A01";"2";"50";"0";"2";"1";"1";"3";""
"202400027371";"155733519";"B01";"2";"7";"0";"2";"6";"23";"1";""
"202400027372";"155733516";"B01";"1";"2";"0";"0";"0";"0";"1";""
"202400027372";"155733520";"A01";"3";"10";"0";"2";"3";"15";"1";""
"202400027373";"155733514";"A01";"1";"7";"0";"1";"5";"17";"1";""
"202400027374";"155733512";"A01";"1";"10";"6";"0";"1";"13";"1";""
"202400027375";"155733510";"A01";"0";"31";"0";"0";"7";"1";"1";""
"202400027376";"155733507";"A01";"3";"50";"0";"9";"4";"0";"3";""
"202400027376";"155733509";"B01";"3";"50";"0";"9";"1";"1";"3";""
"202400027377";"155733511";"B01";"1";"30";"0";"2";"4";"2";"1";""
"202400027377";"155733513";"C01";"1";"7";"0";"2";"4";"2";"1";""
"202400027377";"155733515";"E01";"1";"7";"0";"2";"4";"2";"0";""
"202400027377";"155733517";"A01";"1";"38";"0";"2";"1";"2";"1";"2"
"202400027377";"155733521";"D01";"1";"3";"0";"2";"4";"2";"1";""
"202400027377";"155733523";"F01";"1";"7";"0";"2";"4";"2";"1";""
"202400027378";"155733506";"A01";"1";"7";"0";"2";"1";"15";"1";""
"202400027378";"155733508";"B01";"2";"2";"0";"2";"3";"1";"1";""
"202400027379";"155733505";"A01";"0";"7";"0";"1";"1";"1";"1";""
"202400027380";"155733500";"A01";"0";"7";"0";"1";"1";"1";"1";""
"202400027381";"155733502";"A01";"0";"99";"0";"2";"3";"11";"1";""
"202400027381";"155733504";"B01";"1";"7";"0";"2";"1";"1";"1";""
"202400027382";"155733501";"A01";"2";"10";"0";"2";"5";"16";"1";""
"202400027383";"155733499";"A01";"1";"1";"0";"2";"0";"0";"5";""
"202400027383";"155733503";"B01";"2";"7";"0";"2";"5";"0";"1";""
"202400027384";"155733496";"A01";"3";"10";"0";"1";"4";"20";"1";""
"202400027385";"155733495";"A01";"1";"7";"0";"2";"1";"26";"1";""
"202400027385";"155733497";"B01";"2";"7";"0";"2";"2";"1";"1";""
"202400027386";"155733494";"A01";"0";"60";"0";"2";"1";"1";"5";""
"202400027386";"155733498";"B01";"0";"7";"0";"2";"1";"1";"1";""
"202400027387";"155733492";"A01";"3";"7";"0";"2";"1";"15";"1";""
"202400027387";"155733493";"B01";"3";"2";"0";"2";"1";"1";"1";""
"202400027388";"155733491";"A01";"1";"7";"0";"1";"1";"1";"6";""
"202400027389";"155733489";"A01";"1";"7";"0";"1";"4";"20";"1";""
"202400027390";"155733486";"A01";"2";"7";"0";"0";"2";"1";"1";""
"202400027390";"155733490";"B01";"1";"7";"0";"2";"1";"1";"1";""
"202400027391";"155733484";"B01";"1";"2";"0";"2";"8";"1";"1";""
"202400027391";"155733487";"A01";"3";"7";"0";"2";"2";"9";"1";""
"202400027392";"155733482";"B01";"3";"7";"0";"0";"4";"2";"1";""
"202400027392";"155733483";"A01";"3";"33";"0";"2";"1";"2";"1";""
"202400027393";"155733479";"A01";"3";"10";"3";"2";"1";"1";"1";""
"202400027393";"155733480";"B01";"3";"7";"16";"2";"4";"9";"1";""
"202400027394";"155733478";"A01";"2";"7";"0";"2";"1";"15";"1";""
"202400027394";"155733481";"B01";"1";"33";"0";"2";"1";"1";"1";""
"202400027395";"155733473";"A01";"1";"3";"0";"1";"2";"26";"0";""
"202400027396";"155733471";"C01";"1";"7";"0";"0";"0";"0";" -1";""
"202400027396";"155733474";"A01";"1";"7";"0";"2";"0";"0";" -1";""
"202400027396";"155733477";"B01";"1";"7";"1";"0";"0";"0";" -1";""
"202400027397";"155733472";"B01";"1";"31";"0";"2";"1";"18";"1";""
"202400027397";"155733475";"A01";"1";"31";"0";"2";"1";"16";"1";""
"202400027398";"155733470";"B01";"2";"2";"0";"2";"7";"1";"1";""
"202400027398";"155733476";"A01";"1";"7";"0";"2";"2";"15";"1";""
"202400027399";"155733465";"A01";"3";"7";"0";"2";"3";"9";"1";""
"202400027399";"155733468";"B01";"3";"7";"0";"0";"0";"0";"1";""
"202400027400";"155733464";"A01";"3";"7";"0";"2";"3";"0";"1";""
"202400027400";"155733469";"B01";"3";"2";"0";"2";"5";"17";"1";""
"202400027401";"155733462";"B01";"2";"7";"0";"2";"3";"1";"1";""
"202400027401";"155733467";"A01";"1";"1";"0";"2";"1";"1";"5";""
"202400027402";"155733463";"A01";"1";"7";"0";"2";"4";"1";"3";""
"202400027402";"155733466";"B01";"1";"7";"0";"2";"1";"1";"1";""
"202400027403";"155733461";"A01";"3";"7";"0";"1";"1";"1";"1";""
"202400027404";"155733457";"A01";"1";"10";"0";"2";"1";"15";"1";""
"202400027404";"155733460";"B01";"2";"1";"0";"2";"8";"1";"5";""
"202400027405";"155733456";"A01";"2";"7";"0";"2";"3";"15";"1";""
"202400027405";"155733459";"B01";"1";"2";"0";"2";"1";"1";"1";""
"202400027406";"155733455";"A01";"1";"7";"0";"2";"1";"2";"1";""
"202400027406";"155733458";"B01";"1";"10";"0";"2";"4";"1";"1";""
"202400027407";"155733454";"A01";"1";"7";"0";"1";"1";"1";"1";""
"202400027408";"155733451";"A01";"1";"10";"0";"1";"2";"21";"1";""
"202400027409";"155733450";"B01";"0";"2";"0";"2";"1";"1";"1";""
"202400027409";"155733452";"A01";"0";"7";"0";"2";"1";"16";"1";""
"202400027410";"155733449";"A01";"2";"7";"0";"2";"2";"19";"1";""
"202400027410";"155733453";"B01";"1";"1";"0";"2";"1";"1";"5";""
"202400027411";"155733448";"A01";"2";"30";"11";"0";"1";"16";"1";""
"202400027412";"155733447";"A01";"3";"7";"0";"1";"3";"1";"1";""
"202400027413";"155733446";"A01";"3";"7";"0";"1";"8";"2";"1";""
"202400027414";"155733444";"A01";"2";"7";"0";"2";"3";"15";"1";""
"202400027414";"155733445";"B01";"2";"50";"0";"2";"1";"1";"3";""
"202400027415";"155733442";"A01";"3";"33";"5";"0";"1";"1";"1";""
"202400027416";"155733440";"A01";"2";"7";"0";"2";"3";"9";"1";""
"202400027416";"155733443";"B01";"1";"7";"0";"2";"1";"1";"1";""
"202400027417";"155733439";"B01";"3";"7";"0";"2";"4";"2";"1";""
"202400027417";"155733441";"A01";"3";"7";"0";"2";"1";"2";"1";""
"202400027418";"155733436";"A01";"2";"10";"0";"2";"1";"1";"1";""
"202400027418";"155733438";"B01";"2";"7";"0";"2";"4";"1";"1";""
"202400027419";"155733435";"B01";"3";"7";"0";"2";"1";"1";"1";""
"202400027419";"155733437";"A01";"1";"7";"0";"2";"3";"16";"1";""
"202400027420";"155733434";"A01";"3";"7";"0";"1";"3";"1";"1";""
"202400027421";"155733430";"A01";"3";"7";"0";"2";"1";"2";"1";""
"202400027421";"155733431";"D01";"3";"10";"0";"2";"4";"2";"1";""
"202400027421";"155733433";"B01";"3";"7";"0";"2";"4";"2";"1";""
"202400027422";"155733429";"A01";"1";"7";"0";"2";"7";"1";"1";""
"202400027422";"155733432";"B01";"2";"32";"0";"2";"1";"15";"1";""
"202400027423";"155733427";"A01";"0";"7";"0";"1";"1";"1";"1";""
"202400027424";"155733426";"A01";"1";"7";"0";"2";"1";"2";"1";""
"202400027424";"155733428";"B01";"1";"10";"0";"2";"4";"2";"1";""
"202400027425";"155733424";"A01";"1";"10";"0";"1";"1";"2";"1";""
"202400027426";"155733421";"A01";"1";"7";"0";"2";"1";"2";"1";""
"202400027426";"155733425";"B01";"1";"7";"0";"0";"4";"1";"1";""
"202400027427";"155733419";"A01";"1";"7";"0";"2";"5";"1";"1";""
"202400027427";"155733422";"Z01";"1";"50";"0";"2";"1";"1";"3";""
"202400027428";"155733420";"B01";"2";"7";"0";"2";"1";"1";"3";""
"202400027428";"155733423";"A01";"1";"7";"0";"2";"7";"15";"1";""
"202400027429";"155733417";"A01";"2";"10";"0";"1";"1";"1";"1";""
"202400027430";"155733415";"A01";"2";"7";"0";"2";"1";"0";"1";""
"202400027430";"155733416";"B01";"0";"7";"0";"2";"1";"0";"1";""
"202400027431";"155733413";"A01";"0";"7";"0";"2";"1";"15";"1";""
"202400027431";"155733418";"B01";"0";"7";"0";"2";"3";"1";"1";""
"202400027432";"155733412";"B01";"2";"7";"0";"2";"0";"0";"0";""
"202400027432";"155733414";"A01";"2";"7";"0";"2";"2";"1";"1";""
"202400027433";"155733409";"A01";"3";"7";"2";"0";"1";"9";"1";""
"202400027434";"155733408";"A01";"1";"33";"0";"0";"1";"17";"1";""
"202400027435";"155733407";"B01";"1";"7";"0";"2";"3";"1";"1";""
"202400027435";"155733410";"C01";"1";"7";"0";"2";"3";"1";"1";""
"202400027435";"155733411";"A01";"1";"7";"0";"2";"1";"13";"1";""
"202400027436";"155733406";"A01";"1";"7";"9";"0";"3";"13";"1";""
"202400027437";"155733405";"A01";"1";"33";"14";"0";"1";"16";"1";""
"202400027438";"155733402";"A01";"1";"7";"0";"2";"0";"15";"1";""
"202400027438";"155733404";"B01";"2";"2";"0";"2";"0";"1";"1";""
"202400027439";"155733401";"A01";"1";"7";"0";"2";"2";"9";"3";""
"202400027439";"155733403";"B01";"1";"31";"0";"2";"1";"1";"1";""
"202400027440";"155733400";"A01";"2";"33";"0";"0";"8";"26";"1";""
"202400027441";"155733397";"B01";"1";"7";"0";"2";"5";"4";"1";""
"202400027441";"155733398";"A01";"1";"10";"0";"2";"2";"1";"1";""
"202400027442";"155733396";"Z01";"1";"10";"0";"1";"1";"1";"6";""
"202400027443";"155733399";"A01";"1";"7";"0";"1";"2";"1";"1";""
"202400027444";"155733393";"A01";"2";"7";"1";"0";"2";"14";"1";""
"202400027444";"155733395";"B01";"3";"7";"0";"0";"8";"24";"1";""
"202400027445";"155733389";"B01";"1";"7";"0";"2";"4";"1";"1";""
"202400027445";"155733392";"A01";"1";"7";"0";"2";"4";"1";"1";""
"202400027445";"155733394";"C01";"1";"7";"0";"2";"1";"1";"1";""
"202400027446";"155733388";"A01";"1";"7";"1";"2";"8";"22";"1";""
"202400027446";"155733391";"B01";"1";"1";"1";"0";"1";"1";"5";""
"202400027447";"155733386";"A01";"3";"7";"0";"2";"3";"19";"1";""
"202400027447";"155733390";"B01";"3";"30";"0";"2";"1";"17";"1";""
"202400027448";"155733385";"B01";"3";"50";"0";"2";"8";"1";"3";""
"202400027448";"155733387";"A01";"3";"7";"0";"9";"7";"16";"0";""
"202400027449";"155733383";"A01";"2";"7";"0";"1";"1";"1";"1";""
"202400027450";"155733382";"B01";"2";"7";"0";"2";"8";"1";"1";""
"202400027450";"155733384";"A01";"2";"7";"0";"2";"1";"1";"1";""
"202400027451";"155733380";"A01";"1";"30";"2";"0";"1";"13";"1";""
"202400027452";"155733381";"A01";"3";"7";"0";"1";"1";"2";"1";""
"202400027453";"155733378";"A01";"1";"7";"0";"1";"2";"1";"1";""
"202400027454";"155733376";"A01";"2";"7";"0";"1";"1";"1";"6";""
"202400027455";"155733371";"C01";"2";"7";"0";"2";"6";"1";"1";""
"202400027455";"155733373";"B01";"1";"32";"0";"2";"1";"17";"1";""
"202400027455";"155733375";"Z01";"2";"7";"0";"2";"0";"0";"0";""
"202400027456";"155733370";"A01";"3";"7";"0";"2";"1";"2";"1";""
"202400027456";"155733374";"B01";"3";"50";"0";"2";"1";"0";"3";""
"202400027457";"155733369";"A01";"2";"1";"0";"2";"8";"19";"5";""
"202400027457";"155733372";"B01";"1";"7";"0";"2";"1";"2";"1";""
"202400027458";"155733365";"A01";"3";"7";"0";"1";"1";"1";"1";""
"202400027459";"155733364";"B01";"3";"33";"0";"2";"3";"1";"1";""
"202400027459";"155733367";"A01";"3";"7";"0";"2";"2";"15";"1";""
"202400027460";"155733366";"B01";"3";"50";"0";"2";"2";"1";"3";""
"202400027460";"155733368";"A01";"2";"3";"0";"2";"3";"1";"0";""
"202400027461";"155733363";"A01";"1";"7";"0";"1";"1";"1";"1";""
"202400027462";"155733361";"A01";"2";"7";"0";"1";"4";"26";"1";""
"202400027463";"155733360";"A01";"1";"7";"0";"2";"4";"2";"1";""
"202400027463";"155733362";"B01";"1";"7";"0";"2";"1";"2";"1";""
"202400027464";"155733357";"A01";"3";"7";"0";"2";"3";"15";"0";""
"202400027464";"155733359";"B01";"3";"2";"0";"2";"1";"17";"1";""
"202400027465";"155733354";"A01";"1";"7";"1";"2";"1";"1";"1";""
"202400027465";"155733356";"B01";"2";"37";"0";"2";"1";"1";"1";"1"
"202400027466";"155733358";"A01";"2";"7";"0";"1";"1";"1";"1";""
"202400027467";"155733353";"B01";"0";"43";"0";"2";"7";"1";"1";""
"202400027467";"155733355";"A01";"3";"7";"0";"2";"1";"15";"2";""
"202400027468";"155733349";"A01";"2";"31";"0";"2";"1";"1";"1";""
"202400027468";"155733351";"B01";"2";"7";"0";"9";"4";"2";"1";""
"202400027469";"155733350";"B01";"2";"7";"0";"2";"0";"0";"0";""
"202400027469";"155733352";"A01";"2";"1";"0";"2";"4";"19";"5";""
"202400027470";"155733348";"A01";"2";"7";"0";"1";"2";"26";"3";""
"202400027471";"155733346";"A01";"3";"32";"12";"0";"2";"14";"1";""
"202400027472";"155733347";"A01";"3";"50";"0";"1";"1";"5";"3";""
"202400027473";"155733345";"A01";"3";"7";"0";"1";"7";"9";"1";""
"202400027474";"155733344";"A01";"3";"30";"1";"0";"1";"26";"1";""
"202400027475";"155733342";"B01";"3";"7";"0";"1";"0";"2";"2";""
"202400027476";"155733340";"B01";"1";"60";"0";"0";"0";"0";"5";""
"202400027476";"155733343";"A01";"1";"7";"0";"2";"0";"0";"1";""
"202400027477";"155733341";"A01";"3";"33";"0";"9";"8";"1";"1";""
"202400027478";"155733336";"Z01";"1";"7";"0";"2";"1";"2";"1";""
"202400027478";"155733339";"B01";"1";"7";"0";"2";"5";"1";"1";""
"202400027479";"155733333";"A01";"3";"1";"0";"2";"5";"2";"5";""
"202400027479";"155733338";"B01";"3";"7";"0";"2";"2";"1";"1";""
"202400027480";"155733332";"A01";"1";"13";"0";"1";"2";"16";"1";""
"202400027481";"155733331";"A01";"3";"2";"0";"2";"0";"0";"1";""
"202400027481";"155733334";"B01";"3";"10";"0";"2";"0";"0";"1";""
"202400027482";"155733330";"Z01";"1";"7";"0";"1";"0";"1";"0";""
"202400027483";"155733329";"A01";"1";"7";"0";"1";"7";"1";"1";""
"202400027484";"155733326";"A01";"1";"1";"0";"2";"0";"1";"5";""
"202400027484";"155733328";"B01";"1";"1";"0";"2";"1";"1";"5";""
"202400027485";"155733323";"B01";"3";"50";"0";"2";"1";"1";"3";""
"202400027485";"155733325";"A01";"3";"7";"0";"2";"7";"14";"1";""
"202400027486";"155733324";"A01";"1";"7";"0";"2";"6";"15";"1";""
"202400027486";"155733327";"B01";"2";"7";"1";"2";"3";"1";"0";""
"202400027487";"155733321";"B01";"3";"1";"0";"2";"8";"19";"5";""
"202400027487";"155733322";"A01";"2";"7";"0";"2";"3";"0";"1";""
"202400027488";"155733319";"B01";"1";"7";"0";"1";"2";"1";"2";""
"202400027489";"155733317";"A01";"2";"33";"0";"0";"7";"0";"1";""
"202400027490";"155733318";"B01";"2";"7";"0";"2";"8";"1";"1";""
"202400027490";"155733320";"A01";"1";"7";"0";"2";"8";"13";"1";""
"202400027491";"155733315";"A01";"3";"30";"0";"2";"0";"21";"1";""
"202400027491";"155733316";"B01";"3";"30";"0";"2";"0";"10";"1";""
"202400027492";"155733312";"A01";"1";"2";"0";"2";"1";"7";"1";""
"202400027492";"155733314";"B01";"1";"7";"0";"9";"2";"16";"2";""
"202400027493";"155733311";"A01";"1";"31";"0";"2";"1";"14";"3";""
"202400027493";"155733313";"B01";"1";"7";"0";"2";"5";"1";"2";""
"202400027494";"155733310";"A01";"1";"7";"0";"1";"1";"1";"1";""
"202400027495";"155733306";"A01";"2";"7";"15";"0";"1";"26";"2";""
"202400027496";"155733304";"A01";"1";"33";"0";"2";"3";"2";"1";""
"202400027496";"155733307";"B01";"1";"13";"0";"0";"5";"12";" -1";""
"202400027497";"155733302";"C01";"3";"7";"0";"2";"4";"23";"1";""
"202400027497";"155733305";"Z01";"3";"7";"0";"2";"1";"19";"1";""
"202400027497";"155733308";"B01";"3";"7";"0";"2";"3";"23";"1";""
"202400027497";"155733309";"A01";"3";"7";"0";"2";"7";"1";"1";""
"202400027498";"155733301";"B01";"1";"14";"0";"2";"5";"1";"1";""
"202400027498";"155733303";"A01";"1";"10";"0";"2";"3";"2";"1";""
"202400027499";"155733300";"A01";"1";"7";"0";"1";"1";"19";"1";""
"202400027500";"155733296";"A01";"1";"7";"9";"0";"1";"5";"1";""
"202400027501";"155733297";"A01";"2";"2";"0";"2";"7";"1";"1";""
"202400027502";"155733295";"B01";"3";"31";"0";"2";"7";"15";"3";""
"202400027502";"155733299";"A01";"3";"13";"0";"2";"8";"15";"1";""
"202400027503";"155733292";"A01";"1";"7";"0";"2";"3";"1";"1";""
"202400027503";"155733294";"B01";"1";"80";"0";"2";"1";"1";"3";""
"202400027504";"155733291";"A01";"1";"34";"0";"2";"3";"1";"0";""
"202400027504";"155733293";"B01";"3";"7";"0";"2";"2";"1";"1";""
"202400027505";"155733290";"A01";"2";"33";"8";"0";"0";"1";"1";""
"202400027506";"155733287";"A01";"1";"33";"12";"0";"2";"1";"1";""
"202400027507";"155733288";"B01";"3";"33";"0";"2";"1";"2";"1";""