"Num_Acc";"id_vehicule";"num_veh";"senc";"catv";"obs";"obsm";"choc";"manv";"motor";"occutc"
"202400027507";"155733289";"A01";"3";"7";"0";"2";"6";"2";"1";""
"202400027508";"155733286";"A01";"3";"7";"0";"1";"1";"1";"1";""
"202400027509";"155733285";"A01";"1";"7";"0";"1";"1";"0";"1";""
"202400027510";"155733282";"A01";"1";"7";"0";"0";"6";"2";"1";""
"202400027510";"155733284";"B01";"1";"33";"0";"0";"2";"0";"1";""
"202400027511";"155733281";"A01";"1";"31";"0";"2";"1";"1";"1";""
"202400027511";"155733283";"B01";"1";"1";"0";"2";"8";"19";"5";""
"202400027512";"155733280";"A01";"1";"7";"0";"1";"3";"1";"1";""
"202400027513";"155733276";"A01";"3";"32";"0";"2";"1";"1";"1";""
"202400027513";"155733278";"B01";"3";"7";"0";"2";"7";"15";"1";""
"202400027514";"155733277";"A01";"2";"10";"0";"1";"1";"1";"1";""
"202400027515";"155733273";"B01";"0";"2";"0";"2";"1";"13";"1";""
"202400027515";"155733275";"A01";"0";"7";"0";"2";"3";"1";"1";""
"202400027516";"155733274";"B01";"3";"7";"0";"2";"8";"1";"1";""
"202400027516";"155733279";"A01";"3";"7";"0";"2";"1";"0";"1";""
"202400027517";"155733270";"A01";"1";"7";"0";"0";"1";"1";"1";""
"202400027518";"155733271";"A01";"1";"30";"0";"0";"0";"1";"1";""
"202400027519";"155733269";"A01";"1";"10";"0";"1";"7";"1";"0";""
"202400027520";"155733268";"A01";"1";"1";"0";"2";"1";"1";"5";""
"202400027520";"155733272";"B01";"2";"1";"0";"2";"1";"13";"5";""
"202400027521";"155733264";"B01";"3";"10";"0";"2";"4";"1";"1";""
"202400027521";"155733267";"A01";"3";"10";"0";"2";"1";"2";"1";""
"202400027522";"155733260";"A01";"3";"7";"0";"2";"2";"16";"1";""
"202400027522";"155733263";"B01";"3";"1";"0";"2";"6";"1";"5";""
"202400027523";"155733262";"B01";"2";"7";"0";"0";"4";"1";"1";""
"202400027523";"155733266";"A01";"2";"1";"0";"2";"1";"1";"5";""
"202400027524";"155733261";"A01";"2";"7";"0";"0";"8";"9";"0";""
"202400027524";"155733265";"B01";"2";"7";"0";"0";"2";"1";"0";""
"202400027525";"155733258";"B01";"1";"7";"0";"2";"1";"1";"1";""
"202400027525";"155733259";"A01";"2";"10";"0";"2";"1";"13";"1";""
"202400027526";"155733257";"A01";"2";"7";"0";"1";"1";"1";"1";""
"202400027527";"155733254";"A01";"1";"30";"0";"2";"3";"11";"1";""
"202400027527";"155733255";"B01";"1";"7";"0";"2";"2";"1";"1";""
"202400027528";"155733256";"A01";"1";"1";"0";"1";"8";"1";"5";""
"202400027529";"155733250";"A01";"1";"1";"0";"2";"1";"1";"5";""
"202400027529";"155733252";"B01";"2";"1";"0";"2";"1";"1";"5";""
"202400027530";"155733249";"B01";"3";"50";"0";"2";"1";"1";"3";""
"202400027530";"155733253";"A01";"3";"10";"0";"2";"3";"1";"1";""
"202400027531";"155733248";"A01";"1";"1";"0";"2";"1";"1";"5";""
"202400027532";"155733247";"B01";"2";"40";"0";"2";"2";"1";"0";""
"202400027532";"155733251";"A01";"2";"7";"0";"4";"3";"15";"1";""
"202400027533";"155733244";"B01";"0";"30";"0";"2";"2";"17";"1";""
"202400027533";"155733246";"A01";"0";"7";"0";"0";"8";"15";"1";""
"202400027534";"155733242";"A01";"1";"7";"0";"2";"6";"11";"1";""
"202400027534";"155733245";"B01";"1";"33";"0";"2";"1";"2";"1";""
"202400027535";"155733243";"A01";"1";"30";"0";"0";"0";"0";"1";""
"202400027536";"155733241";"A01";"0";"7";"0";"1";"2";"1";"1";""
"202400027537";"155733240";"A01";"2";"7";"4";"0";"2";"1";"1";""
"202400027538";"155733239";"A01";"3";"13";"1";"1";"6";"15";"1";""
"202400027539";"155733237";"A01";"0";"1";"0";"0";"0";"0";"5";""
"202400027540";"155733235";"B01";"2";"34";"0";"2";"7";"1";"1";""
"202400027540";"155733238";"A01";"0";"7";"0";"2";"1";"15";"1";""
"202400027541";"155733232";"A01";"1";"50";"0";"2";"1";"16";"3";""
"202400027541";"155733236";"B01";"0";"7";"0";"9";"3";"15";"2";""
"202400027542";"155733230";"B01";"1";"33";"0";"2";"1";"1";"1";""
"202400027542";"155733234";"A01";"2";"1";"0";"2";"3";"1";"5";""
"202400027543";"155733229";"C01";"0";"7";"0";"2";"4";"1";"1";""
"202400027543";"155733231";"B01";"0";"7";"0";"2";"4";"1";"1";""
"202400027543";"155733233";"A01";"0";"10";"0";"2";"1";"1";"1";""
"202400027544";"155733225";"B01";"2";"1";"0";"9";"8";"11";"5";""
"202400027544";"155733227";"A01";"2";"32";"0";"9";"7";"2";"1";""
"202400027545";"155733226";"B01";"1";"50";"0";"2";"1";"7";"3";""
"202400027545";"155733228";"A01";"1";"7";"0";"2";"7";"16";"2";""
"202400027546";"155733224";"A01";"1";"31";"12";"0";"7";"14";"1";""
"202400027547";"155733222";"B01";"1";"50";"0";"0";"0";"26";"3";""
"202400027548";"155733221";"A01";"3";"13";"0";"2";"1";"16";"1";""
"202400027548";"155733223";"B01";"3";"7";"0";"0";"0";"0";"0";""
"202400027549";"155733219";"B01";"0";"10";"0";"2";"7";"2";"1";""
"202400027550";"155733218";"A01";"2";"50";"0";"0";"0";"1";"3";""
"202400027551";"155733217";"A01";"0";"7";"0";"2";"3";"10";"1";""
"202400027551";"155733220";"B01";"0";"33";"0";"2";"7";"1";"1";""
"202400027552";"155733216";"A01";"1";"7";"15";"0";"1";"12";"1";""
"202400027553";"155733211";"A01";"1";"32";"0";"2";"1";"14";"1";""
"202400027553";"155733212";"B01";"1";"7";"0";"2";"7";"15";"2";""
"202400027554";"155733209";"B01";"0";"10";"0";"2";"3";"1";"1";""
"202400027554";"155733213";"A01";"0";"7";"0";"2";"2";"1";"1";""
"202400027555";"155733206";"A01";"1";"10";"0";"2";"1";"2";"1";""
"202400027555";"155733207";"B01";"2";"7";"0";"2";"4";"1";"1";""
"202400027556";"155733205";"A01";"1";"32";"0";"0";"8";"15";"1";""
"202400027557";"155733203";"A01";"1";"7";"0";"2";"3";"0";"1";""
"202400027557";"155733204";"B01";"2";"7";"0";"2";"2";"9";"1";""
"202400027558";"155733200";"A01";"3";"7";"0";"2";"3";"15";"2";""
"202400027558";"155733201";"B01";"3";"34";"0";"2";"2";"26";"1";""
"202400027559";"155733199";"A01";"1";"30";"0";"2";"7";"1";"1";""
"202400027559";"155733202";"B01";"1";"7";"0";"2";"1";"1";"2";""
"202400027560";"155733197";"A01";"3";"7";"0";"2";"1";"2";"1";""
"202400027560";"155733198";"B01";"3";"10";"0";"1";"1";"23";"1";""
"202400027561";"155733195";"A01";"1";"7";"0";"2";"0";"0";"0";""
"202400027561";"155733196";"B01";"1";"2";"1";"0";"0";"0";"0";""
"202400027562";"155733194";"A01";"0";"7";"0";"1";"1";"15";"1";""
"202400027563";"155733192";"A01";"2";"2";"12";"0";"1";"1";"1";""
"202400027564";"155733193";"A01";"3";"30";"0";"1";"0";"0";"1";""
"202400027565";"155733190";"B01";"3";"7";"0";"2";"8";"1";"1";""
"202400027565";"155733191";"A01";"3";"7";"0";"2";"1";"1";"1";""
"202400027566";"155733189";"A01";"0";"7";"0";"1";"3";"15";"1";""
"202400027567";"155733185";"B01";"1";"7";"0";"2";"3";"9";"3";""
"202400027567";"155733187";"A01";"1";"7";"9";"2";"2";"21";"1";""
"202400027568";"155733186";"A01";"1";"7";"0";"2";"1";"17";"1";""
"202400027568";"155733188";"B01";"2";"1";"0";"2";"1";"0";"5";""
"202400027569";"155733183";"A01";"1";"7";"0";"1";"1";"1";"1";""
"202400027570";"155733182";"A01";"2";"7";"0";"2";"1";"13";"1";""
"202400027570";"155733184";"B01";"1";"7";"0";"2";"1";"1";"1";""
"202400027571";"155733179";"A01";"3";"7";"0";"1";"3";"15";"1";""
"202400027572";"155733180";"A01";"3";"7";"0";"2";"6";"5";"1";""
"202400027572";"155733181";"B01";"2";"7";"0";"2";"1";"1";"1";""
"202400027573";"155733175";"A01";"0";"7";"0";"2";"6";"19";"1";""
"202400027573";"155733177";"B01";"0";"43";"0";"2";"1";"1";"1";""
"202400027574";"155733176";"A01";"2";"7";"4";"2";"2";"1";"1";""
"202400027574";"155733178";"B01";"2";"15";"0";"2";"3";"1";"1";""
"202400027575";"155733172";"A01";"1";"37";"0";"2";"1";"1";"1";"1"
"202400027575";"155733174";"B01";"2";"10";"0";"2";"1";"5";"1";""
"202400027576";"155733170";"B01";"1";"43";"0";"2";"4";"26";"1";""
"202400027576";"155733173";"A01";"1";"7";"0";"2";"1";"2";"2";""
"202400027577";"155733169";"A01";"1";"7";"0";"2";"2";"15";"1";""
"202400027577";"155733171";"B01";"2";"7";"0";"2";"1";"1";"1";""
"202400027578";"155733167";"A01";"2";"7";"8";"1";"7";"23";"0";""
"202400027579";"155733164";"A01";"1";"7";"12";"0";"8";"1";"1";""
"202400027580";"155733165";"C01";"2";"7";"0";"2";"4";"2";"1";""
"202400027580";"155733166";"A01";"2";"7";"0";"2";"1";"2";"1";""
"202400027580";"155733168";"B01";"2";"7";"0";"2";"1";"2";"1";""
"202400027581";"155733162";"A01";"2";"33";"0";"1";"3";"1";"1";""
"202400027582";"155733160";"B01";"1";"10";"1";"2";"1";"1";"1";""
"202400027582";"155733161";"D01";"1";"7";"0";"2";"3";"0";"1";""
"202400027582";"155733163";"A01";"3";"10";"0";"2";"6";"9";"1";""
"202400027583";"155733158";"A01";"0";"30";"0";"2";"7";"19";"1";""
"202400027583";"155733159";"B01";"0";"7";"0";"0";"0";"0";"0";""
"202400027584";"155733156";"B01";"1";"7";"0";"2";"3";"1";"1";""
"202400027584";"155733157";"A01";"1";"7";"0";"2";"2";"1";"1";""
"202400027585";"155733153";"B01";"2";"34";"0";"2";"1";"9";"1";""
"202400027585";"155733155";"A01";"2";"1";"0";"2";"4";"14";"5";""
"202400027586";"155733150";"A01";"2";"33";"0";"2";"3";"3";"1";""
"202400027586";"155733151";"B01";"2";"7";"0";"2";"5";"12";"2";""
"202400027587";"155733149";"B01";"1";"7";"0";"2";"0";"0";"0";""
"202400027587";"155733152";"A01";"1";"37";"0";"2";"1";"26";"0";"1"
"202400027587";"155733154";"C01";"1";"7";"0";"2";"3";"1";"0";""
"202400027588";"155733148";"A01";"2";"31";"0";"0";"7";"2";"1";""
"202400027589";"155733146";"A01";"2";"37";"0";"2";"2";"1";"1";"1"
"202400027589";"155733147";"B01";"2";"1";"0";"0";"0";"0";"5";""
"202400027590";"155733144";"A01";"2";"32";"0";"2";"8";"3";"1";""
"202400027590";"155733145";"B01";"2";"7";"0";"2";"7";"2";"0";""
"202400027591";"155733142";"Z01";"0";"7";"0";"2";"0";"0";" -1";""
"202400027591";"155733143";"B01";"1";"50";"0";"2";"8";"0";"3";""
"202400027592";"155733139";"A01";"2";"33";"0";"1";"2";"0";"1";""
"202400027593";"155733138";"A01";"2";"13";"0";"2";"3";"1";"1";""
"202400027593";"155733140";"B01";"2";"7";"0";"2";"4";"1";"1";""
"202400027593";"155733141";"C01";"2";"33";"0";"2";"8";"1";"1";""
"202400027594";"155733136";"B01";"1";"1";"0";"2";"1";"17";"5";""
"202400027594";"155733137";"A01";"1";"7";"0";"9";"8";"10";"1";""
"202400027595";"155733134";"A01";"3";"7";"0";"1";"1";"0";"1";""
"202400027596";"155733133";"A01";"2";"7";"0";"2";"4";"4";"1";""
"202400027596";"155733135";"Y01";"2";"60";"0";"2";"8";"19";"5";""
"202400027597";"155733131";"A01";"1";"10";"0";"1";"1";"1";"1";""
"202400027598";"155733132";"A01";"1";"10";"0";"1";"3";"15";"1";""
"202400027599";"155733129";"A01";"1";"7";"0";"2";"2";"1";"1";""
"202400027599";"155733130";"B01";"1";"43";"0";"2";"8";"16";"1";""
"202400027600";"155733128";"A01";"2";"10";"0";"1";"2";"11";"1";""
"202400027601";"155733127";"A01";"1";"7";"3";"0";"1";"17";"1";""
"202400027602";"155733126";"A01";"1";"7";"0";"1";"7";"1";"3";""
"202400027603";"155733121";"A01";"2";"32";"0";"2";"1";"3";"1";""
"202400027603";"155733123";"B01";"2";"10";"0";"2";"5";"1";"3";""
"202400027604";"155733119";"B01";"1";"7";"1";"0";"1";"2";"1";""
"202400027604";"155733120";"C01";"1";"7";"1";"0";"1";"1";"1";""
"202400027604";"155733122";"D01";"1";"7";"1";"0";"3";"1";"1";""
"202400027604";"155733124";"E01";"1";"7";"0";"2";"8";"2";"2";""
"202400027604";"155733125";"A01";"1";"7";"4";"0";"1";"6";"1";""
"202400027605";"155733117";"A01";"2";"7";"0";"2";"1";"1";"1";""
"202400027605";"155733118";"B01";"2";"7";"0";"2";"4";"1";"1";""
"202400027606";"155733116";"A01";"2";"1";"0";"0";"0";"1";"5";""
"202400027607";"155733115";"A01";"2";"10";"0";"1";"2";"1";"1";""
"202400027608";"155733113";"A01";"1";"2";"15";"0";"1";"1";"1";""
"202400027608";"155733114";"B01";"1";"7";"0";"0";"3";"15";"1";""
"202400027609";"155733109";"B01";"1";"7";"0";"2";"2";"2";"1";""
"202400027609";"155733111";"A01";"1";"7";"0";"2";"8";"9";"1";""
"202400027610";"155733110";"A01";"1";"20";"0";"2";"2";"20";"3";""
"202400027610";"155733112";"B01";"1";"30";"0";"2";"3";"2";"1";""
"202400027611";"155733108";"A01";"0";"2";"0";"0";"8";"0";"1";""
"202400027612";"155733106";"A01";"3";"7";"0";"0";"8";"16";"1";""
"202400027613";"155733107";"A01";"1";"7";"0";"1";"1";"2";"3";""
"202400027614";"155733104";"A01";"2";"7";"0";"2";"6";"15";"1";""
"202400027614";"155733105";"B01";"2";"33";"0";"2";"1";"17";"1";""
"202400027615";"155733101";"A01";"2";"80";"0";"0";"4";"1";"3";""
"202400027615";"155733102";"B01";"2";"7";"0";"0";"1";"2";"0";""
"202400027616";"155733100";"B01";"1";"32";"0";"2";"8";"9";"1";""
"202400027616";"155733103";"A01";"1";"60";"0";"2";"7";"9";"5";""
"202400027617";"155733098";"A01";"1";"10";"0";"1";"2";"16";"1";""
"202400027618";"155733097";"B01";"3";"1";"0";"2";"1";"26";"5";""
"202400027618";"155733099";"A01";"2";"7";"0";"2";"3";"1";"1";""
"202400027619";"155733096";"A01";"1";"1";"0";"1";"1";"21";"5";""
"202400027620";"155733094";"Z01";"2";"32";"0";"1";"1";"1";"1";""
"202400027621";"155733092";"A01";"1";"7";"0";"2";"2";"15";"1";""
"202400027621";"155733093";"B01";"2";"7";"0";"2";"1";"1";"1";""
"202400027621";"155733095";"C01";"2";"10";"0";"2";"2";"1";"1";""
"202400027622";"155733091";"A01";"1";"1";"0";"0";"1";"1";"5";""
"202400027623";"155733090";"A01";"1";"7";"1";"0";"1";"0";"1";""
"202400027624";"155733086";"A01";"0";"2";"0";"2";"7";"13";"1";""
"202400027624";"155733087";"B01";"3";"7";"0";"2";"3";"5";"1";""
"202400027625";"155733088";"B01";"1";"7";"0";"2";"1";"9";"1";""
"202400027625";"155733089";"A01";"2";"33";"0";"2";"8";"1";"1";""
"202400027626";"155733082";"B01";"1";"10";"0";"2";"1";"1";"0";""
"202400027626";"155733085";"A01";"1";"32";"0";"2";"7";"1";"1";""
"202400027627";"155733083";"A01";"0";"7";"0";"2";"3";"1";"1";""
"202400027627";"155733084";"B01";"0";"7";"15";"2";"3";"1";"1";""
"202400027628";"155733081";"Z01";"2";"10";"0";"1";"4";"4";"1";""
"202400027629";"155733080";"A01";"2";"14";"0";"1";"2";"1";"1";""
"202400027630";"155733079";"A01";"2";"7";"0";"1";"1";"1";"1";""
"202400027631";"155733078";"A01";"3";"7";"2";"0";"1";"1";"1";""
"202400027632";"155733077";"A01";"1";"7";"0";"1";"3";"15";"2";""
"202400027633";"155733075";"A01";"2";"7";"13";"0";"7";"14";"1";""
"202400027634";"155733074";"A01";"1";"7";"0";"2";"1";"9";"1";""
"202400027634";"155733076";"B01";"2";"1";"0";"2";"7";"7";"5";""
"202400027635";"155733071";"B01";"1";"15";"0";"0";"4";"23";"1";""
"202400027635";"155733073";"A01";"1";"31";"0";"0";"1";"1";"1";""
"202400027636";"155733070";"B01";"3";"30";"0";"2";"8";"1";"1";""
"202400027636";"155733072";"A01";"3";"7";"0";"2";"2";"15";"1";""
"202400027637";"155733067";"A01";"2";"7";"0";"2";"3";"9";"1";""
"202400027637";"155733069";"B01";"2";"30";"0";"2";"2";"2";"1";""
"202400027638";"155733066";"B01";"2";"33";"0";"2";"8";"1";"1";""
"202400027638";"155733068";"A01";"2";"15";"0";"2";"7";"0";"1";""
"202400027639";"155733064";"A01";"1";"7";"13";"0";"1";"1";"1";""
"202400027640";"155733063";"B01";"2";"7";"0";"2";"4";"1";"1";""
"202400027640";"155733065";"A01";"2";"7";"0";"2";"1";"2";"1";""
"202400027641";"155733061";"A01";"1";"7";"0";"1";"8";"1";"1";""
"202400027642";"155733060";"B01";"1";"7";"0";"2";"1";"2";"1";""
"202400027642";"155733062";"A01";"1";"7";"0";"0";"4";"1";"1";""
"202400027643";"155733058";"A01";"1";"33";"0";"0";"8";"1";"1";""
"202400027644";"155733057";"B01";"1";"2";"0";"2";"1";"1";"1";""
"202400027644";"155733059";"A01";"1";"7";"0";"2";"6";"1";"3";""
"202400027645";"155733056";"A01";"3";"7";"0";"1";"0";"1";"1";""
"202400027646";"155733055";"A01";"2";"7";"0";"1";"2";"16";"1";""
"202400027647";"155733054";"A01";"3";"7";"14";"0";"1";"1";"1";""
"202400027648";"155733052";"B01";"3";"99";"0";"2";"1";"0";"3";""
"202400027648";"155733053";"A01";"1";"7";"0";"2";"2";"1";"1";""
"202400027649";"155733051";"A01";"1";"10";"2";"0";"2";"1";"1";""
"202400027650";"155733049";"A01";"3";"7";"1";"0";"2";"1";"1";""
"202400027650";"155733050";"B01";"3";"15";"0";"2";"0";"0";"1";""
"202400027651";"155733047";"A01";"1";"7";"0";"2";"8";"19";"1";""
"202400027651";"155733048";"B01";"2";"13";"0";"2";"3";"1";"1";""
"202400027652";"155733045";"A01";"3";"32";"0";"2";"1";"17";"1";""
"202400027652";"155733046";"B01";"3";"7";"0";"2";"3";"15";"1";""
"202400027653";"155733043";"A01";"3";"1";"0";"1";"1";"25";"5";""
"202400027654";"155733042";"A01";"2";"7";"0";"2";"2";"17";"1";""
"202400027654";"155733044";"B01";"2";"7";"0";"0";"6";"1";"1";""
"202400027655";"155733039";"A01";"2";"1";"0";"2";"1";"1";"5";""
"202400027655";"155733041";"B01";"1";"7";"0";"2";"6";"1";"1";""
"202400027656";"155733037";"A01";"2";"30";"0";"2";"8";"3";"1";""
"202400027656";"155733040";"B01";"2";"7";"0";"2";"7";"1";"1";""
"202400027657";"155733036";"A01";"2";"7";"0";"2";"2";"11";"1";""
"202400027657";"155733038";"B01";"2";"7";"0";"0";"6";"12";"1";""
"202400027658";"155733033";"A01";"1";"10";"0";"2";"4";"1";"1";""
"202400027658";"155733035";"B01";"1";"7";"0";"2";"1";"1";"1";""
"202400027659";"155733029";"C01";"1";"10";"0";"2";"3";"1";"1";""
"202400027659";"155733030";"A01";"1";"14";"0";"2";"1";"1";"1";""
"202400027659";"155733032";"B01";"1";"43";"0";"2";"4";"1";"1";""
"202400027660";"155733028";"B01";"2";"32";"0";"2";"1";"1";"1";""
"202400027660";"155733031";"A01";"1";"13";"0";"2";"3";"15";"1";""
"202400027661";"155733027";"A01";"1";"7";"0";"2";"6";"1";"1";""
"202400027661";"155733034";"B01";"1";"30";"0";"2";"2";"1";"0";""
"202400027662";"155733023";"A01";"1";"10";"0";"2";"1";"2";"1";""
"202400027662";"155733025";"B01";"1";"7";"0";"2";"4";"2";"1";""
"202400027662";"155733026";"C01";"1";"7";"0";"0";"4";"2";"1";""
"202400027663";"155733021";"B01";"1";"33";"0";"2";"1";"2";"1";""
"202400027663";"155733024";"A01";"1";"7";"0";"2";"6";"15";"1";""
"202400027664";"155733022";"A01";"1";"7";"4";"0";"3";"12";"1";""
"202400027665";"155733019";"A01";"1";"50";"0";"0";"2";"14";"3";""
"202400027666";"155733018";"A01";"1";"10";"0";"2";"0";"22";"1";""
"202400027666";"155733020";"B01";"1";"1";"1";"0";"0";"1";"5";""
"202400027667";"155733016";"A01";"2";"7";"14";"0";"3";"21";"1";""
"202400027667";"155733017";"B01";"2";"7";"3";"0";"3";"23";"1";""
"202400027668";"155733013";"B01";"3";"7";"0";"2";"7";"15";"1";""
"202400027668";"155733015";"A01";"3";"20";"0";"2";"1";"1";"1";""
"202400027669";"155733011";"A01";"1";"7";"0";"1";"0";"0";"1";""
"202400027670";"155733010";"A01";"1";"7";"0";"2";"2";"17";"1";""
"202400027670";"155733012";"B01";"1";"7";"0";"2";"3";"13";"1";""
"202400027671";"155733007";"B01";"1";"7";"0";"2";"2";"2";"0";""
"202400027671";"155733009";"A01";"1";"2";"0";"2";"6";"15";"1";""
"202400027672";"155733008";"A01";"1";"60";"0";"0";"0";"0";"5";""
"202400027673";"155733005";"B01";"0";"40";"14";"0";"0";"26";"3";""
"202400027673";"155733014";"A01";"1";"7";"0";"4";"1";"26";"1";""
"202400027674";"155733006";"A01";"3";"7";"0";"1";"1";"0";"1";""
"202400027675";"155733003";"A01";"3";"36";"12";"0";"2";"2";"1";""
"202400027676";"155733002";"A01";"1";"7";"0";"2";"8";"22";"1";""
"202400027676";"155733004";"B01";"1";"80";"1";"0";"0";"1";"3";""
"202400027677";"155733000";"A01";"2";"7";"6";"0";"1";"14";"1";""
"202400027678";"155732995";"A01";"2";"10";"0";"2";"3";"0";"1";""
"202400027678";"155732998";"B01";"2";"7";"0";"0";"6";"23";"1";""
"202400027679";"155732997";"A01";"2";"7";"0";"2";"5";"17";"1";""
"202400027679";"155733001";"B01";"2";"10";"0";"2";"3";"15";"3";""
"202400027680";"155732991";"B01";"3";"1";"0";"2";"7";"1";"5";""
"202400027680";"155732993";"Z01";"3";"7";"0";"2";"1";"9";"0";""
"202400027681";"155732987";"A01";"3";"7";"0";"2";"1";"1";"1";""
"202400027681";"155732990";"B01";"3";"34";"0";"2";"3";"1";"1";""
"202400027682";"155732988";"A01";"2";"10";"3";"0";"3";"13";"1";""
"202400027682";"155732992";"B01";"2";"10";"14";"2";"3";"12";"1";""
"202400027682";"155732994";"C01";"2";"7";"0";"2";"6";"2";"1";""
"202400027682";"155732996";"D01";"1";"17";"0";"2";"3";"2";"1";""
"202400027682";"155732999";"E01";"2";"7";"0";"2";"8";"21";"1";""
"202400027683";"155732986";"A01";"2";"7";"0";"2";"3";"1";"1";""
"202400027683";"155732989";"B01";"1";"7";"0";"2";"6";"1";"1";""
"202400027684";"155732984";"A01";"3";"32";"0";"0";"0";"0";"1";""
"202400027685";"155732981";"A01";"2";"1";"0";"2";"0";"1";"5";""
"202400027685";"155732983";"B01";"1";"7";"0";"2";"0";"0";"1";""
"202400027686";"155732982";"A01";"3";"7";"0";"2";"7";"15";"1";""
"202400027686";"155732985";"B01";"3";"7";"0";"2";"1";"1";"1";""
"202400027687";"155732980";"A01";"3";"7";"2";"0";"3";"1";"1";""
"202400027688";"155732977";"A01";"1";"7";"0";"2";"2";"17";"1";""
"202400027688";"155732979";"B01";"1";"33";"0";"2";"6";"11";"1";""
"202400027689";"155732978";"A01";"1";"1";"0";"0";"0";"0";"5";""
"202400027690";"155732975";"A01";"1";"7";"0";"1";"1";"1";"1";""
"202400027691";"155732973";"A01";"2";"33";"0";"2";"8";"1";"1";""
"202400027691";"155732976";"B01";"1";"15";"0";"2";"3";"1";"0";""
"202400027692";"155732972";"A01";"1";"30";"0";"0";"0";"0";"1";""
"202400027693";"155732970";"Z01";"1";"7";"0";"1";"1";"1";"1";""
"202400027694";"155732967";"A01";"3";"2";"0";"2";"1";"13";"1";""
"202400027694";"155732969";"B01";"3";"21";"0";"2";"1";"1";"1";""
"202400027695";"155732966";"A01";"1";"7";"0";"2";"0";"0";"1";""
"202400027695";"155732968";"C01";"1";"60";"0";"2";"0";"1";"5";""
"202400027696";"155732964";"A01";"2";"33";"0";"0";"1";"1";"1";""
"202400027697";"155732961";"A01";"2";"7";"0";"2";"3";"9";"1";""
"202400027697";"155732963";"B01";"2";"37";"0";"2";"2";"1";"1";"1"
"202400027698";"155732960";"A01";"2";"7";"2";"0";"1";"1";"1";""
"202400027699";"155732958";"A01";"2";"10";"0";"2";"1";"11";"1";""
"202400027699";"155732962";"B01";"1";"7";"0";"2";"1";"0";"1";""
"202400027700";"155732955";"A01";"1";"7";"6";"0";"3";"1";"1";""
"202400027701";"155732956";"A01";"1";"50";"12";"0";"1";"0";"3";""
"202400027702";"155732954";"A01";"3";"7";"0";"2";"1";"2";"1";""
"202400027702";"155732957";"B01";"3";"7";"0";"2";"4";"23";"1";""
"202400027702";"155732959";"C01";"3";"7";"0";"2";"4";"23";"1";""
"202400027703";"155732952";"A01";"3";"7";"0";"2";"1";"1";"1";""
"202400027703";"155732953";"B01";"3";"50";"0";"2";"4";"1";"3";""
"202400027704";"155732950";"A01";"3";"7";"0";"1";"3";"26";"1";""
"202400027705";"155732948";"A01";"1";"33";"11";"0";"3";"2";"1";""
"202400027706";"155732946";"B01";"3";"7";"0";"2";"2";"1";"1";""
"202400027706";"155732949";"A01";"3";"7";"0";"2";"3";"9";"1";""
"202400027707";"155732943";"B01";"2";"7";"0";"2";"4";"14";"1";""
"202400027707";"155732947";"A01";"2";"7";"0";"2";"1";"18";"1";""
"202400027708";"155732941";"A01";"3";"33";"0";"2";"8";"9";"1";""
"202400027708";"155732945";"B01";"2";"33";"0";"2";"1";"1";"1";""
"202400027709";"155732942";"A01";"3";"7";"0";"9";"7";"15";"1";""
"202400027709";"155732944";"B01";"3";"50";"0";"2";"7";"19";"3";""
"202400027710";"155732938";"A01";"3";"50";"0";"2";"1";"5";"3";""
"202400027710";"155732940";"B01";"3";"50";"0";"2";"1";"1";"3";""
"202400027711";"155732937";"A01";"2";"33";"0";"0";"7";"1";"1";""
"202400027712";"155732936";"A01";"1";"2";"0";"2";"1";"1";"1";""
"202400027713";"155732934";"C01";"1";"7";"0";"2";"7";"2";"1";""
"202400027713";"155732935";"A01";"1";"99";"0";"2";"4";"15";"0";""
"202400027713";"155732939";"B01";"1";"10";"0";"2";"5";"2";"1";""
"202400027714";"155732932";"A01";"1";"33";"3";"0";"2";"14";"1";""
"202400027715";"155732931";"A01";"3";"10";"0";"1";"4";"26";"1";""
"202400027716";"155732929";"B01";"2";"33";"0";"2";"0";"1";"1";""
"202400027716";"155732933";"A01";"1";"3";"0";"2";"0";"15";"1";""
"202400027717";"155732928";"A01";"2";"33";"0";"2";"2";"3";"1";""
"202400027717";"155732930";"B01";"2";"7";"0";"2";"8";"11";"1";""
"202400027718";"155732927";"A01";"1";"7";"8";"0";"0";"1";"1";""
"202400027719";"155732926";"A01";"1";"7";"0";"0";"1";"1";"1";""
"202400027720";"155732920";"A01";"1";"33";"0";"2";"1";"2";"1";""
"202400027720";"155732922";"B01";"1";"7";"0";"2";"5";"2";"1";""
"202400027720";"155732925";"C01";"1";"33";"0";"2";"1";"2";"1";""
"202400027721";"155732918";"B01";"2";"7";"0";"2";"0";"0";"1";""
"202400027721";"155732924";"A01";"1";"30";"0";"2";"0";"5";"1";""
"202400027722";"155732917";"B01";"1";"1";"0";"2";"1";"1";"5";""
"202400027722";"155732919";"A01";"1";"7";"0";"2";"3";"9";"1";""
"202400027723";"155732921";"A01";"1";"1";"0";"2";"8";"9";"5";""
"202400027723";"155732923";"B01";"1";"3";"0";"0";"7";"1";"1";""
"202400027724";"155732915";"A01";"2";"43";"0";"2";"1";"2";"1";""
"202400027724";"155732916";"B01";"2";"7";"0";"2";"5";"2";"1";""
"202400027725";"155732913";"A01";"3";"7";"0";"1";"1";"1";"1";""