"Num_Acc";"id_vehicule";"num_veh";"senc";"catv";"obs";"obsm";"choc";"manv";"motor";"occutc"
"202400027726";"155732911";"A01";"1";"37";"1";"1";"0";"21";"0";"1"
"202400027726";"155732914";"B01";"1";"10";"0";"2";"0";"24";"1";""
"202400027727";"155732912";"A01";"2";"7";"0";"0";"9";"1";"1";""
"202400027728";"155732909";"A01";"1";"33";"0";"2";"1";"2";"1";""
"202400027728";"155732910";"B01";"1";"10";"0";"2";"4";"2";"1";""
"202400027729";"155732907";"A01";"3";"7";"0";"1";"1";"1";"1";""
"202400027730";"155732906";"A01";"2";"7";"0";"1";"1";"16";"1";""
"202400027731";"155732903";"B01";"1";"7";"0";"2";"4";"0";"1";""
"202400027731";"155732905";"A01";"1";"7";"0";"2";"1";"0";"1";""
"202400027732";"155732908";"A01";"2";"33";"17";"0";"1";"14";"1";""
"202400027733";"155732902";"A01";"1";"13";"0";"1";"2";"1";"0";""
"202400027734";"155732901";"A01";"3";"7";"0";"2";"1";"1";"1";""
"202400027734";"155732904";"B01";"3";"7";"0";"2";"7";"15";"1";""
"202400027735";"155732898";"A01";"1";"7";"0";"2";"7";"5";"1";""
"202400027735";"155732900";"B01";"1";"10";"0";"2";"2";"1";"1";""
"202400027736";"155732897";"B01";"1";"34";"0";"2";"1";"2";"1";""
"202400027736";"155732899";"A01";"1";"7";"0";"2";"6";"15";"1";""
"202400027737";"155732892";"B01";"1";"7";"0";"2";"6";"4";"1";""
"202400027737";"155732895";"A01";"2";"30";"0";"2";"3";"1";"1";""
"202400027738";"155732890";"A01";"1";"7";"0";"2";"2";"12";"1";""
"202400027738";"155732893";"B01";"1";"33";"0";"2";"1";"3";"1";""
"202400027739";"155732894";"A01";"2";"7";"0";"2";"1";"13";"1";""
"202400027739";"155732896";"B01";"1";"7";"0";"2";"1";"1";"1";""
"202400027740";"155732889";"A01";"1";"33";"0";"2";"1";"1";"1";""
"202400027740";"155732891";"B01";"1";"7";"14";"0";"6";"1";"1";""
"202400027741";"155732887";"B01";"2";"1";"0";"2";"0";"1";"5";""
"202400027741";"155732888";"A01";"2";"7";"0";"2";"0";"1";"1";""
"202400027742";"155732886";"Z01";"2";"32";"1";"1";"0";"26";"0";""
"202400027743";"155732884";"A01";"3";"7";"0";"1";"2";"1";"1";""
"202400027744";"155732881";"B01";"0";"7";"0";"2";"1";"1";"1";""
"202400027744";"155732885";"A01";"3";"1";"0";"2";"2";"1";"5";""
"202400027745";"155732879";"A01";"1";"1";"0";"2";"8";"1";"5";""
"202400027745";"155732882";"B01";"1";"7";"0";"2";"1";"16";"1";""
"202400027746";"155732874";"A01";"1";"7";"0";"2";"3";"14";"1";""
"202400027746";"155732878";"B01";"2";"7";"0";"2";"3";"1";"1";""
"202400027747";"155732873";"A01";"1";"7";"0";"2";"3";"1";"1";""
"202400027747";"155732877";"B01";"1";"7";"0";"2";"8";"15";"1";""
"202400027748";"155732872";"A01";"1";"7";"0";"2";"1";"1";"1";""
"202400027748";"155732875";"B01";"1";"7";"1";"2";"4";"20";"1";""
"202400027749";"155732868";"A01";"2";"7";"0";"1";"7";"1";"3";""
"202400027750";"155732865";"A01";"2";"7";"0";"9";"2";"17";"0";""
"202400027750";"155732867";"B01";"2";"60";"0";"2";"6";"1";"5";""
"202400027750";"155732871";"C01";"2";"60";"0";"2";"0";"0";"5";""
"202400027751";"155732866";"A01";"2";"7";"0";"2";"3";"10";"1";""
"202400027751";"155732870";"B01";"2";"33";"0";"2";"2";"17";"1";""
"202400027752";"155732861";"B01";"1";"10";"0";"2";"2";"16";"1";""
"202400027752";"155732863";"A01";"1";"31";"0";"2";"1";"18";"1";""
"202400027753";"155732860";"A01";"0";"7";"15";"0";"1";"13";"1";""
"202400027754";"155732859";"B01";"1";"7";"0";"2";"6";"2";"1";""
"202400027754";"155732862";"A01";"1";"7";"4";"2";"3";"13";"1";""
"202400027754";"155732864";"C01";"1";"7";"0";"2";"4";"1";"2";""
"202400027754";"155732869";"D01";"1";"7";"0";"2";"1";"2";"1";""
"202400027755";"155732853";"A01";"1";"7";"0";"2";"7";"1";"1";""
"202400027755";"155732856";"B01";"1";"7";"1";"0";"6";"24";"1";""
"202400027756";"155732855";"A01";"2";"36";"12";"0";"9";"9";"1";""
"202400027757";"155732852";"A01";"1";"7";"0";"0";"5";"15";"1";""
"202400027757";"155732858";"B01";"2";"33";"0";"2";"1";"1";"1";""
"202400027758";"155732851";"B01";"1";"7";"0";"2";"4";"1";"1";""
"202400027758";"155732854";"C01";"1";"7";"0";"2";"4";"1";"1";""
"202400027758";"155732857";"A01";"0";"7";"0";"2";"1";"1";"1";""
"202400027759";"155732849";"Z01";"3";"2";"0";"1";"0";"0";"0";""
"202400027760";"155732847";"A01";"1";"7";"0";"1";"3";"15";"0";""
"202400027761";"155732845";"B01";"0";"31";"0";"2";"1";"17";"1";""
"202400027761";"155732848";"A01";"2";"7";"0";"2";"6";"15";"1";""
"202400027762";"155732843";"B01";"1";"7";"0";"2";"7";"19";"1";""
"202400027762";"155732846";"A01";"1";"7";"0";"2";"1";"7";"1";""
"202400027763";"155732844";"A01";"1";"7";"0";"2";"3";"11";"3";""
"202400027763";"155732850";"B01";"1";"43";"0";"2";"7";"1";"1";""
"202400027764";"155732841";"A01";"1";"33";"0";"0";"1";"0";"1";""
"202400027765";"155732842";"A01";"1";"7";"14";"0";"2";"0";"1";""
"202400027766";"155732840";"A01";"2";"7";"0";"0";"0";"14";"1";""
"202400027767";"155732836";"A01";"1";"7";"0";"2";"2";"2";"1";""
"202400027767";"155732839";"B01";"1";"1";"0";"0";"4";"2";"5";""
"202400027768";"155732835";"A01";"1";"33";"0";"0";"0";"0";"1";""
"202400027769";"155732834";"B01";"3";"50";"0";"2";"7";"1";"3";""
"202400027769";"155732838";"A01";"3";"7";"0";"9";"8";"2";"1";""
"202400027770";"155732832";"A01";"2";"7";"0";"2";"1";"2";"1";""
"202400027770";"155732833";"B01";"2";"7";"0";"2";"4";"2";"1";""
"202400027770";"155732837";"C01";"2";"7";"0";"2";"4";"2";"1";""
"202400027771";"155732831";"A01";"2";"7";"0";"0";"0";"0";"1";""
"202400027772";"155732828";"A01";"2";"7";"0";"2";"3";"21";"1";""
"202400027772";"155732830";"B01";"2";"7";"0";"2";"8";"0";"1";""
"202400027773";"155732825";"A01";"1";"7";"0";"2";"4";"0";"1";""
"202400027773";"155732827";"B01";"1";"7";"0";"2";"1";"0";"1";""
"202400027773";"155732829";"C01";"1";"7";"0";"2";"1";"0";"1";""
"202400027774";"155732823";"A01";"1";"33";"0";"0";"7";"1";"1";""
"202400027775";"155732824";"A01";"1";"10";"0";"2";"1";"2";"1";""
"202400027775";"155732826";"B01";"1";"7";"0";"2";"4";"2";"1";""
"202400027776";"155732820";"A01";"1";"7";"0";"2";"1";"2";"1";""
"202400027776";"155732822";"B01";"1";"7";"0";"2";"4";"2";"1";""
"202400027777";"155732819";"A01";"2";"10";"0";"2";"6";"9";"1";""
"202400027777";"155732821";"B01";"1";"33";"0";"2";"1";"11";"1";""
"202400027778";"155732817";"A01";"2";"7";"0";"1";"2";"15";"3";""
"202400027779";"155732816";"A01";"2";"7";"3";"2";"1";"1";"1";""
"202400027779";"155732818";"B01";"1";"7";"0";"2";"1";"1";"2";""
"202400027780";"155732815";"A01";"2";"7";"0";"1";"1";"1";"3";""
"202400027781";"155732814";"A01";"2";"7";"8";"0";"1";"26";"1";""
"202400027782";"155732813";"A01";"3";"10";"12";"0";"3";"15";"1";""
"202400027783";"155732812";"A01";"2";"7";"0";"1";"2";"2";"1";""
"202400027784";"155732811";"A01";"3";"13";"0";"1";"4";"20";"1";""
"202400027785";"155732810";"A01";"2";"7";"8";"0";"3";"2";"1";""
"202400027786";"155732806";"A01";"3";"33";"0";"0";"8";"14";"1";""
"202400027787";"155732805";"A01";"1";"33";"0";"2";"1";"1";"1";""
"202400027787";"155732808";"B01";"1";"1";"0";"2";"4";"11";"5";""
"202400027788";"155732804";"A01";"1";"7";"0";"2";"1";"17";"1";""
"202400027788";"155732807";"B01";"1";"21";"0";"2";"8";"15";"1";""
"202400027789";"155732802";"A01";"3";"1";"0";"2";"1";"2";"5";""
"202400027789";"155732803";"B01";"3";"7";"0";"2";"5";"23";"1";""
"202400027790";"155732800";"A01";"3";"7";"0";"1";"1";"1";"1";""
"202400027791";"155732799";"B01";"3";"1";"1";"0";"1";"1";"5";""
"202400027791";"155732801";"A01";"3";"7";"0";"9";"7";"24";"2";""
"202400027792";"155732795";"A01";"2";"7";"0";"9";"1";"0";"1";""
"202400027792";"155732797";"B01";"1";"1";"0";"2";"4";"0";"5";""
"202400027793";"155732794";"B01";"1";"1";"0";"2";"1";"1";"5";""
"202400027793";"155732798";"A01";"2";"7";"0";"2";"3";"9";"1";""
"202400027794";"155732793";"A01";"1";"33";"0";"2";"1";"2";"1";""
"202400027794";"155732796";"B01";"1";"7";"0";"0";"4";"15";"1";""
"202400027795";"155732792";"Z01";"0";"7";"0";"1";"1";"0";"0";""
"202400027796";"155732791";"A01";"2";"7";"13";"0";"2";"2";"1";""
"202400027797";"155732789";"B01";"1";"30";"0";"2";"2";"1";"1";""
"202400027797";"155732790";"A01";"1";"7";"0";"2";"3";"15";"1";""
"202400027798";"155732786";"A01";"3";"7";"0";"2";"5";"15";"1";""
"202400027798";"155732787";"B01";"3";"34";"0";"2";"8";"1";"1";""
"202400027799";"155732784";"B01";"2";"7";"0";"2";"3";"1";"1";""
"202400027799";"155732785";"A01";"1";"7";"0";"2";"9";"13";"1";""
"202400027800";"155732782";"A01";"3";"7";"0";"1";"1";"1";"1";""
"202400027801";"155732779";"B01";"1";"30";"0";"2";"3";"1";"1";""
"202400027801";"155732783";"A01";"2";"7";"0";"2";"1";"15";"1";""
"202400027802";"155732780";"A01";"2";"7";"0";"2";"7";"19";"1";""
"202400027802";"155732788";"B01";"1";"2";"0";"2";"1";"1";"1";""
"202400027803";"155732777";"Z01";"2";"7";"0";"2";"2";"15";"1";""
"202400027803";"155732781";"B01";"1";"31";"0";"2";"3";"1";"1";""
"202400027804";"155732775";"B01";"1";"7";"0";"2";"4";"23";"1";""
"202400027804";"155732776";"C01";"1";"7";"0";"2";"4";"23";"1";""
"202400027804";"155732778";"A01";"1";"7";"0";"2";"1";"2";"2";""
"202400027805";"155732773";"A01";"3";"10";"0";"1";"4";"4";"1";""
"202400027806";"155732770";"B01";"0";"33";"0";"2";"7";"1";"1";""
"202400027806";"155732772";"A01";"0";"10";"0";"2";"6";"11";"1";""
"202400027807";"155732771";"A01";"1";"7";"0";"2";"1";"9";"1";""
"202400027807";"155732774";"B01";"2";"2";"8";"2";"7";"21";"1";""
"202400027808";"155732769";"A01";"1";"10";"0";"1";"2";"1";"3";""
"202400027809";"155732766";"B01";"1";"1";"0";"2";"4";"2";"5";""
"202400027809";"155732768";"Z01";"1";"7";"0";"2";"1";"17";"1";""
"202400027810";"155732764";"A01";"1";"7";"0";"2";"2";"15";"1";""
"202400027810";"155732767";"B01";"2";"2";"0";"2";"1";"1";"1";""
"202400027811";"155732763";"A01";"2";"7";"2";"0";"1";"21";"1";""
"202400027812";"155732762";"A01";"1";"3";"0";"1";"1";"1";"0";""
"202400027813";"155732760";"A01";"1";"31";"0";"2";"8";"5";"1";""
"202400027813";"155732765";"B01";"2";"1";"0";"2";"1";"1";"5";""
"202400027814";"155732757";"B01";"2";"7";"0";"1";"2";"1";"1";""
"202400027815";"155732759";"A01";"1";"2";"2";"0";"1";"1";"1";""
"202400027816";"155732758";"B01";"1";"31";"0";"2";"3";"1";"1";""
"202400027816";"155732761";"A01";"1";"2";"0";"2";"2";"20";"3";""
"202400027817";"155732755";"A01";"1";"7";"0";"2";"3";"9";"1";""
"202400027817";"155732756";"B01";"1";"7";"0";"2";"2";"1";"1";""
"202400027818";"155732750";"A01";"2";"1";"0";"2";"1";"1";"5";""
"202400027818";"155732754";"B01";"2";"1";"0";"2";"4";"1";"5";""
"202400027819";"155732749";"A01";"2";"7";"0";"2";"1";"15";"1";""
"202400027819";"155732753";"B01";"1";"7";"0";"2";"1";"1";"1";""
"202400027820";"155732747";"B01";"3";"7";"0";"2";"1";"1";"1";""
"202400027820";"155732752";"A01";"3";"10";"0";"2";"8";"1";"1";""
"202400027821";"155732746";"A01";"1";"7";"0";"2";"3";"1";"1";""
"202400027821";"155732748";"B01";"2";"7";"0";"2";"3";"15";"1";""
"202400027822";"155732744";"A01";"1";"50";"9";"2";"0";"1";"3";""
"202400027823";"155732743";"A01";"1";"31";"0";"1";"1";"2";"1";""
"202400027824";"155732739";"B01";"3";"7";"0";"0";"6";"23";"1";""
"202400027824";"155732742";"A01";"3";"33";"1";"0";"7";"21";"1";""
"202400027825";"155732736";"A01";"1";"7";"0";"2";"2";"1";"3";""
"202400027825";"155732741";"B01";"1";"7";"0";"2";"3";"16";"1";""
"202400027826";"155732732";"B01";"1";"2";"0";"2";"2";"1";"3";""
"202400027826";"155732735";"A01";"1";"7";"0";"2";"3";"1";"2";""
"202400027827";"155732730";"C01";"2";"7";"0";"2";"1";"1";"1";""
"202400027827";"155732733";"B01";"1";"2";"0";"2";"8";"1";"1";""
"202400027827";"155732738";"A01";"1";"7";"0";"2";"7";"17";"2";""
"202400027828";"155732726";"A01";"1";"7";"0";"9";"1";"9";"1";""
"202400027828";"155732729";"B01";"1";"50";"0";"2";"1";"5";"3";""
"202400027829";"155732723";"A01";"2";"10";"0";"2";"1";"1";"1";""
"202400027829";"155732725";"B01";"2";"7";"0";"2";"4";"23";"1";""
"202400027830";"155732722";"B01";"3";"60";"0";"2";"1";"1";"5";""
"202400027830";"155732724";"A01";"3";"10";"0";"2";"2";"10";"3";""
"202400027831";"155732720";"A01";"1";"7";"15";"0";"3";"14";"1";""
"202400027832";"155732719";"B01";"2";"7";"0";"2";"1";"1";"2";""
"202400027832";"155732727";"A01";"1";"33";"0";"2";"1";"15";"1";""
"202400027833";"155732717";"A01";"1";"7";"0";"2";"1";"1";"1";""
"202400027833";"155732721";"B01";"3";"7";"0";"2";"3";"9";"1";""
"202400027834";"155732711";"A01";"1";"33";"1";"2";"1";"1";"1";""
"202400027834";"155732715";"B01";"1";"7";"0";"2";"4";"24";"1";""
"202400027834";"155732718";"C01";"1";"1";"0";"2";"3";"1";"5";""
"202400027835";"155732712";"A01";"1";"7";"0";"9";"4";"23";"2";""
"202400027835";"155732716";"B01";"1";"1";"14";"2";"1";"2";"5";""
"202400027836";"155732710";"A01";"2";"7";"0";"0";"0";"20";"1";""
"202400027836";"155732714";"B01";"2";"31";"0";"2";"8";"2";"1";""
"202400027837";"155732709";"A01";"2";"2";"0";"2";"1";"15";"1";""
"202400027837";"155732713";"B01";"2";"33";"0";"2";"8";"1";"1";""
"202400027838";"155732707";"B01";"1";"7";"0";"2";"3";"15";"1";""
"202400027838";"155732708";"A01";"1";"7";"14";"2";"1";"1";"1";""
"202400027839";"155732702";"A01";"1";"2";"9";"2";"2";"2";"1";""
"202400027839";"155732706";"Z01";"1";"7";"9";"2";"3";"23";"0";""
"202400027840";"155732703";"A01";"2";"10";"0";"2";"3";"13";"1";""
"202400027840";"155732704";"B01";"1";"7";"0";"2";"8";"1";"1";""
"202400027841";"155732700";"B01";"0";"31";"0";"2";"6";"1";"1";""
"202400027841";"155732705";"A01";"0";"7";"0";"2";"2";"1";"2";""
"202400027842";"155732701";"A01";"2";"1";"0";"0";"0";"1";"5";""
"202400027843";"155732697";"B01";"3";"1";"0";"0";"9";"26";"5";""
"202400027844";"155732696";"A01";"2";"1";"12";"0";"0";"2";"5";""
"202400027844";"155732698";"Z01";"2";"10";"0";"0";"0";"0";"0";""
"202400027845";"155732695";"A01";"1";"7";"0";"2";"5";"17";"1";""
"202400027845";"155732699";"B01";"1";"1";"0";"2";"1";"15";"5";""
"202400027846";"155732692";"A01";"0";"1";"0";"2";"8";"19";"5";""
"202400027846";"155732694";"Z01";"0";"7";"0";"2";"1";"1";"0";""
"202400027847";"155732691";"B01";"1";"31";"0";"2";"0";"1";"1";""
"202400027847";"155732693";"A01";"2";"7";"0";"2";"3";"15";"1";""
"202400027848";"155732690";"A01";"1";"7";"8";"0";"2";"14";"1";""
"202400027849";"155732689";"A01";"1";"7";"13";"0";"2";"21";"1";""
"202400027850";"155732686";"A01";"1";"33";"0";"2";"8";"17";"1";""
"202400027850";"155732688";"B01";"1";"7";"0";"2";"7";"1";"1";""
"202400027851";"155732687";"A01";"1";"2";"0";"0";"5";"1";"1";""
"202400027852";"155732682";"B01";"0";"37";"0";"2";"2";"21";"1";"1"
"202400027852";"155732684";"A01";"0";"7";"0";"2";"3";"13";"1";""
"202400027853";"155732681";"A01";"2";"7";"2";"0";"1";"1";"1";""
"202400027854";"155732680";"A01";"3";"30";"0";"0";"0";"1";"1";""
"202400027855";"155732678";"Z01";"1";"7";"0";"1";"2";"16";"0";""
"202400027856";"155732677";"A01";"1";"15";"0";"2";"1";"10";"1";""
"202400027856";"155732679";"C01";"1";"7";"0";"2";"7";"26";"1";""
"202400027856";"155732683";"B01";"1";"7";"0";"2";"8";"26";"2";""
"202400027857";"155732676";"A01";"3";"7";"8";"0";"1";"1";"1";""
"202400027858";"155732671";"B01";"1";"33";"0";"2";"7";"9";"1";""
"202400027858";"155732674";"A01";"2";"7";"0";"2";"2";"1";"1";""
"202400027859";"155732670";"A01";"3";"7";"0";"1";"1";"16";"1";""
"202400027860";"155732668";"A01";"3";"7";"6";"0";"1";"1";"1";""
"202400027861";"155732667";"A01";"1";"10";"1";"0";"1";"2";"1";""
"202400027861";"155732672";"B01";"2";"10";"0";"2";"4";"2";"1";""
"202400027862";"155732666";"D01";"1";"10";"0";"2";"6";"1";"1";""
"202400027862";"155732669";"B01";"1";"7";"0";"2";"5";"1";"2";""
"202400027862";"155732673";"C01";"1";"7";"0";"2";"6";"1";"1";""
"202400027862";"155732675";"A01";"1";"7";"0";"2";"3";"1";"1";""
"202400027863";"155732665";"A01";"1";"33";"4";"0";"3";"1";"1";""
"202400027864";"155732661";"A01";"2";"7";"0";"1";"4";"20";"2";""
"202400027865";"155732660";"A01";"3";"1";"0";"2";"0";"0";"5";""
"202400027865";"155732663";"B01";"3";"1";"0";"2";"0";"0";"5";""
"202400027866";"155732657";"B01";"3";"2";"0";"2";"4";"1";"0";""
"202400027866";"155732664";"A01";"3";"7";"0";"2";"1";"1";"0";""
"202400027867";"155732656";"B01";"3";"14";"0";"2";"3";"5";"1";""
"202400027867";"155732659";"C01";"3";"7";"0";"2";"1";"2";"1";""
"202400027867";"155732662";"A01";"2";"7";"0";"2";"1";"13";"1";""
"202400027868";"155732655";"A01";"2";"17";"0";"9";"3";"5";"1";""
"202400027868";"155732658";"B01";"1";"1";"0";"2";"1";"1";"5";""
"202400027869";"155732651";"A01";"1";"30";"6";"0";"1";"14";"1";""
"202400027870";"155732652";"B01";"1";"7";"0";"0";"7";"1";"1";""
"202400027870";"155732654";"A01";"1";"7";"0";"2";"1";"1";"1";""
"202400027871";"155732649";"A01";"1";"33";"0";"0";"7";"1";"1";""
"202400027872";"155732648";"B01";"3";"7";"0";"2";"4";"2";"0";""
"202400027872";"155732653";"A01";"3";"10";"0";"2";"1";"2";"0";""
"202400027873";"155732647";"B01";"2";"7";"0";"2";"1";"2";"1";""
"202400027873";"155732650";"A01";"2";"7";"0";"2";"4";"2";"1";""
"202400027874";"155732645";"A01";"1";"7";"6";"2";"1";"15";"1";""
"202400027875";"155732643";"A01";"2";"7";"0";"2";"3";"15";"1";""
"202400027875";"155732646";"B01";"2";"31";"0";"2";"2";"17";"1";""
"202400027876";"155732641";"A01";"1";"7";"0";"1";"3";"1";"1";""
"202400027877";"155732640";"A01";"1";"33";"0";"2";"5";"17";"1";""
"202400027877";"155732644";"B01";"1";"10";"0";"2";"3";"2";"1";""
"202400027878";"155732639";"A01";"1";"7";"14";"0";"1";"2";"1";""
"202400027878";"155732642";"B01";"1";"7";"0";"2";"4";"23";"1";""
"202400027879";"155732637";"A01";"1";"15";"3";"0";"9";"2";"1";""
"202400027880";"155732636";"A01";"2";"7";"0";"2";"3";"13";"1";""
"202400027880";"155732638";"B01";"1";"7";"0";"2";"3";"1";"1";""
"202400027881";"155732634";"A01";"3";"7";"0";"1";"3";"15";"1";""
"202400027882";"155732631";"A01";"1";"7";"0";"2";"2";"16";"1";""
"202400027882";"155732635";"B01";"1";"99";"0";"2";"1";"2";"3";""
"202400027883";"155732630";"A01";"0";"7";"0";"2";"4";"23";"1";""
"202400027883";"155732632";"B01";"1";"10";"0";"2";"1";"1";"3";""
"202400027884";"155732628";"Z01";"3";"7";"0";"2";"1";"9";"0";""
"202400027884";"155732633";"B01";"1";"7";"0";"0";"0";"0";"1";""
"202400027885";"155732629";"A01";"1";"7";"6";"0";"1";"0";"1";""
"202400027886";"155732625";"A01";"0";"32";"0";"2";"1";"5";"1";""
"202400027886";"155732627";"B01";"3";"7";"0";"2";"3";"1";"1";""
"202400027887";"155732624";"A01";"1";"37";"0";"1";"2";"19";"3";"1"
"202400027888";"155732626";"A01";"2";"7";"0";"2";"2";"21";"1";""
"202400027889";"155732621";"A01";"1";"33";"0";"2";"1";"21";"1";""
"202400027889";"155732623";"B01";"1";"10";"0";"2";"6";"26";"1";""
"202400027890";"155732620";"A01";"3";"80";"0";"2";"7";"1";"3";""
"202400027890";"155732622";"B01";"3";"10";"0";"2";"3";"15";"1";""
"202400027891";"155732618";"A01";"3";"7";"0";"1";"3";"1";"3";""
"202400027892";"155732615";"B01";"1";"33";"0";"2";"1";"26";"1";""
"202400027892";"155732619";"A01";"1";"10";"0";"2";"2";"19";"1";""
"202400027893";"155732617";"A01";"1";"7";"0";"1";"2";"26";"1";""
"202400027894";"155732614";"A01";"1";"2";"0";"2";"3";"1";"1";""
"202400027894";"155732616";"B01";"1";"32";"0";"2";"2";"1";"1";""
"202400027895";"155732612";"A01";"0";"50";"0";"0";"0";"0";"3";""
"202400027896";"155732611";"A01";"1";"7";"8";"2";"8";"1";"1";""
"202400027896";"155732613";"B01";"1";"7";"0";"2";"8";"23";"1";""
"202400027897";"155732609";"B01";"2";"1";"0";"2";"1";"5";"5";""
"202400027897";"155732610";"A01";"1";"7";"0";"2";"2";"16";"1";""
"202400027898";"155732608";"A01";"0";"7";"0";"1";"1";"0";"1";""
"202400027899";"155732606";"B01";"2";"2";"0";"2";"1";"1";"0";""
"202400027899";"155732607";"A01";"1";"7";"0";"2";"2";"20";"1";""
"202400027900";"155732602";"B01";"2";"1";"0";"2";"1";"2";"5";""
"202400027900";"155732604";"A01";"1";"7";"0";"9";"1";"10";"1";""
"202400027901";"155732600";"B01";"3";"34";"0";"0";"1";"1";"1";""
"202400027901";"155732605";"A01";"3";"7";"0";"9";"1";"15";"1";""
"202400027902";"155732599";"A01";"2";"7";"0";"2";"1";"2";"1";""
"202400027902";"155732603";"B01";"2";"7";"0";"0";"4";"2";"1";""
"202400027903";"155732598";"A01";"3";"33";"0";"2";"1";"17";"1";""
"202400027903";"155732601";"B01";"3";"7";"0";"2";"3";"15";"1";""
"202400027904";"155732596";"A01";"0";"7";"0";"2";"1";"1";"1";""
"202400027904";"155732597";"B01";"0";"7";"0";"2";"8";"1";"1";""
"202400027905";"155732593";"A01";"1";"7";"0";"1";"2";"1";"1";""
"202400027906";"155732589";"A01";"3";"32";"0";"0";"7";"1";"1";""
"202400027907";"155732587";"B01";"1";"7";"8";"2";"3";"17";"1";""
"202400027907";"155732590";"C01";"1";"7";"1";"0";"0";"1";"1";""
"202400027907";"155732595";"A01";"2";"7";"0";"2";"3";"16";"1";""
"202400027908";"155732591";"B01";"2";"1";"0";"2";"8";"2";"5";""
"202400027908";"155732594";"A01";"2";"7";"0";"9";"2";"2";"1";""
"202400027909";"155732585";"B01";"2";"7";"0";"2";"9";"1";"1";""
"202400027909";"155732588";"C01";"2";"7";"0";"2";"4";"1";"1";""
"202400027909";"155732592";"A01";"2";"7";"0";"2";"1";"1";"1";""
"202400027910";"155732584";"B01";"3";"2";"0";"2";"1";"1";"1";""
"202400027910";"155732586";"A01";"3";"7";"0";"2";"1";"5";"1";""
"202400027911";"155732581";"A01";"1";"31";"0";"0";"3";"1";"1";""
"202400027912";"155732578";"A01";"1";"7";"0";"2";"3";"16";"1";""
"202400027912";"155732582";"B01";"1";"7";"0";"2";"1";"1";"1";""
"202400027913";"155732577";"C01";"1";"13";"0";"2";"1";"1";"1";""
"202400027913";"155732579";"B01";"1";"7";"0";"2";"4";"23";"1";""
"202400027913";"155732583";"A01";"1";"7";"0";"2";"4";"23";"0";""
"202400027914";"155732576";"B01";"1";"2";"0";"2";"3";"1";"1";""
"202400027914";"155732580";"Z01";"1";"10";"0";"2";"5";"21";"6";""
"202400027915";"155732575";"A01";"3";"7";"0";"1";"1";"15";"2";""
"202400027916";"155732573";"A01";"3";"7";"0";"1";"2";"1";"1";""
"202400027917";"155732574";"A01";"0";"2";"15";"0";"0";"13";"1";""
"202400027918";"155732572";"A01";"2";"7";"2";"0";"1";"1";"1";""
"202400027919";"155732570";"A01";"3";"7";"0";"0";"9";"13";"1";""
"202400027920";"155732568";"B01";"2";"7";"0";"2";"4";"1";"1";""
"202400027920";"155732571";"A01";"2";"7";"0";"2";"1";"1";"1";""
"202400027921";"155732567";"A01";"3";"7";"0";"9";"2";"16";"1";""
"202400027921";"155732569";"B01";"3";"80";"0";"2";"1";"1";"3";""
"202400027922";"155732562";"B01";"1";"7";"0";"2";"4";"1";"1";""
"202400027922";"155732564";"A01";"1";"10";"0";"2";"1";"1";"1";""
"202400027923";"155732561";"B01";"2";"7";"0";"2";"1";"1";"1";""
"202400027923";"155732566";"A01";"1";"33";"0";"2";"1";"13";"1";""
"202400027924";"155732560";"A01";"3";"33";"0";"2";"1";"13";"1";""
"202400027924";"155732565";"B01";"3";"7";"0";"2";"1";"1";"1";""
"202400027925";"155732559";"A01";"3";"7";"0";"2";"1";"19";"1";""
"202400027925";"155732563";"B01";"3";"7";"8";"2";"3";"1";"1";""
"202400027926";"155732558";"A01";"2";"10";"0";"1";"1";"15";"1";""
"202400027927";"155732555";"A01";"2";"7";"6";"2";"1";"5";"1";""
"202400027927";"155732557";"B01";"1";"3";"0";"2";"1";"1";"1";""
"202400027928";"155732556";"A01";"1";"1";"0";"0";"2";"1";"5";""
"202400027929";"155732553";"A01";"1";"7";"0";"0";"9";"26";"1";""
"202400027930";"155732551";"A01";"1";"7";"0";"0";"0";"1";"1";""
"202400027931";"155732550";"A01";"0";"30";"0";"0";"1";"2";"1";""
"202400027932";"155732552";"A01";"2";"33";"0";"2";"1";"1";"1";""
"202400027932";"155732554";"B01";"1";"10";"0";"2";"5";"15";"1";""
"202400027933";"155732549";"A01";"0";"7";"2";"0";"9";"1";"0";""
"202400027934";"155732547";"A01";"0";"50";"12";"0";"0";"1";"3";""
"202400027935";"155732545";"A01";"2";"7";"1";"2";"9";"14";"1";""
"202400027935";"155732546";"B01";"2";"7";"0";"2";"6";"1";"1";""
"202400027936";"155732544";"B01";"1";"7";"0";"2";"2";"15";"1";""
"202400027936";"155732548";"A01";"2";"33";"0";"2";"1";"1";"1";""
"202400027937";"155732543";"A01";"2";"7";"13";"0";"1";"1";"2";""
"202400027938";"155732541";"A01";"1";"10";"2";"0";"3";"1";"1";""
"202400027939";"155732540";"A01";"2";"1";"0";"2";"7";"2";"5";""
"202400027939";"155732542";"B01";"2";"7";"0";"2";"3";"1";"1";""
"202400027940";"155732538";"A01";"3";"7";"0";"1";"7";"1";"1";""
"202400027941";"155732535";"B01";"1";"7";"0";"0";"4";"23";"1";""
"202400027941";"155732537";"A01";"1";"30";"0";"2";"1";"0";"1";""
"202400027942";"155732533";"A01";"1";"7";"0";"0";"1";"0";"1";""