"Num_Acc";"id_vehicule";"num_veh";"senc";"catv";"obs";"obsm";"choc";"manv";"motor";"occutc"
"202400027942";"155732539";"B01";"0";"7";"0";"0";"0";"0";"1";""
"202400027943";"155732532";"A01";"3";"7";"0";"0";"8";"1";"1";""
"202400027943";"155732536";"B01";"3";"7";"0";"2";"1";"1";"3";""
"202400027944";"155732530";"A01";"1";"1";"0";"2";"1";"19";"5";""
"202400027944";"155732531";"B01";"2";"10";"0";"2";"8";"1";"0";""
"202400027945";"155732529";"A01";"2";"7";"0";"2";"1";"16";"1";""
"202400027945";"155732534";"B01";"2";"32";"0";"2";"7";"1";"1";""
"202400027946";"155732527";"A01";"1";"7";"11";"2";"3";"9";"1";""
"202400027946";"155732528";"B01";"1";"10";"0";"2";"5";"1";"1";""
"202400027947";"155732526";"A01";"1";"7";"0";"1";"2";"14";"1";""
"202400027948";"155732525";"A01";"2";"7";"0";"1";"2";"1";"1";""
"202400027949";"155732523";"A01";"1";"7";"0";"1";"2";"17";"1";""
"202400027950";"155732519";"B01";"2";"7";"2";"2";"3";"1";"1";""
"202400027950";"155732524";"A01";"2";"7";"0";"2";"6";"9";"1";""
"202400027951";"155732516";"A01";"2";"31";"0";"1";"1";"1";"1";""
"202400027952";"155732517";"B01";"2";"7";"0";"9";"3";"1";"1";""
"202400027952";"155732520";"A01";"1";"43";"0";"2";"3";"1";"6";""
"202400027953";"155732514";"C01";"2";"7";"0";"2";"4";"2";"1";""
"202400027953";"155732518";"A01";"2";"7";"0";"2";"1";"2";"1";""
"202400027953";"155732521";"B01";"2";"7";"0";"2";"4";"2";"2";""
"202400027954";"155732513";"A01";"1";"33";"3";"0";"8";"11";"1";""
"202400027955";"155732515";"A01";"2";"7";"0";"2";"2";"2";"1";""
"202400027955";"155732522";"B01";"2";"33";"0";"2";"6";"1";"1";""
"202400027956";"155732510";"A01";"1";"7";"0";"2";"1";"1";"1";""
"202400027956";"155732512";"B01";"1";"7";"0";"2";"4";"1";"1";""
"202400027957";"155732511";"A01";"0";"33";"0";"0";"0";"1";"1";""
"202400027958";"155732507";"A01";"2";"7";"0";"2";"3";"13";"1";""
"202400027958";"155732509";"B01";"2";"7";"0";"2";"7";"1";"2";""
"202400027959";"155732505";"A01";"2";"7";"0";"0";"9";"1";"1";""
"202400027960";"155732508";"A01";"3";"1";"12";"0";"7";"1";"5";""
"202400027961";"155732502";"A01";"2";"7";"4";"0";"2";"14";"1";""
"202400027962";"155732501";"A01";"2";"7";"0";"2";"7";"13";"1";""
"202400027962";"155732504";"B01";"1";"7";"0";"2";"2";"1";"1";""
"202400027963";"155732498";"A01";"2";"7";"8";"0";"1";"1";"1";""
"202400027964";"155732491";"A01";"1";"33";"0";"2";"1";"3";"1";""
"202400027964";"155732494";"B01";"2";"7";"0";"0";"4";"2";"2";""
"202400027965";"155732487";"A01";"2";"7";"0";"2";"2";"9";"1";""
"202400027965";"155732490";"E01";"2";"7";"0";"2";"4";"1";"1";""
"202400027965";"155732495";"C01";"2";"7";"0";"2";"4";"1";"1";""
"202400027965";"155732496";"B01";"2";"7";"0";"2";"6";"23";"2";""
"202400027965";"155732499";"D01";"2";"7";"0";"2";"4";"1";"2";""
"202400027966";"155732489";"A01";"2";"10";"0";"2";"1";"2";"1";""
"202400027966";"155732492";"B01";"2";"7";"0";"2";"4";"1";"1";""
"202400027966";"155732497";"C01";"2";"7";"0";"2";"4";"1";"1";""
"202400027966";"155732500";"D01";"2";"7";"0";"2";"4";"1";"3";""
"202400027967";"155732488";"A01";"3";"7";"0";"2";"1";"15";"1";""
"202400027967";"155732493";"B01";"3";"10";"7";"2";"2";"1";"1";""
"202400027968";"155732481";"B01";"2";"7";"0";"2";"1";"15";"1";""
"202400027968";"155732485";"C01";"2";"7";"0";"2";"3";"19";"1";""
"202400027968";"155732486";"A01";"1";"7";"0";"2";"1";"1";"1";""
"202400027969";"155732479";"A01";"1";"1";"0";"0";"4";"1";"5";""
"202400027969";"155732484";"B01";"1";"0";"0";"2";"0";"2";" -1";""
"202400027970";"155732480";"A01";"1";"33";"0";"2";"1";"3";"1";""
"202400027970";"155732482";"B01";"1";"7";"0";"2";"5";"1";"1";""
"202400027971";"155732478";"A01";"2";"7";"0";"0";"4";"2";"1";""
"202400027971";"155732483";"B01";"2";"7";"0";"0";"1";"0";"1";""
"202400027972";"155732476";"A01";"0";"3";"8";"0";"1";"26";"3";""
"202400027973";"155732473";"B01";"1";"33";"0";"2";"1";"1";"1";""
"202400027973";"155732477";"A01";"1";"10";"0";"2";"7";"1";"1";""
"202400027974";"155732472";"A01";"0";"7";"0";"2";"7";"15";"1";""
"202400027974";"155732475";"B01";"0";"31";"0";"2";"1";"1";"1";""
"202400027975";"155732471";"A01";"2";"33";"0";"2";"1";"3";"1";""
"202400027975";"155732474";"B01";"2";"7";"0";"2";"5";"1";"1";""
"202400027976";"155732468";"A01";"1";"7";"0";"0";"1";"5";"1";""
"202400027976";"155732470";"B01";"2";"7";"0";"0";"1";"1";"1";""
"202400027977";"155732467";"A01";"2";"14";"0";"1";"2";"1";"1";""
"202400027978";"155732465";"A01";"2";"7";"4";"0";"9";"2";"1";""
"202400027979";"155732462";"A01";"1";"7";"0";"2";"7";"19";"1";""
"202400027979";"155732469";"B01";"2";"7";"0";"2";"3";"1";"2";""
"202400027980";"155732460";"A01";"1";"7";"0";"2";"3";"1";"1";""
"202400027980";"155732463";"B01";"2";"1";"0";"2";"1";"13";"5";""
"202400027981";"155732459";"A01";"1";"33";"0";"2";"1";"26";"1";""
"202400027981";"155732461";"B01";"1";"7";"1";"2";"4";"24";"2";""
"202400027982";"155732457";"A01";"1";"33";"0";"2";"2";"3";"1";""
"202400027982";"155732458";"B01";"1";"7";"0";"2";"3";"1";"2";""
"202400027983";"155732455";"A01";"1";"7";"1";"0";"1";"14";"1";""
"202400027984";"155732454";"A01";"2";"7";"0";"2";"1";"15";"1";""
"202400027984";"155732456";"B01";"1";"33";"0";"2";"3";"17";"1";""
"202400027985";"155732449";"A01";"2";"7";"4";"2";"8";"9";"1";""
"202400027985";"155732451";"B01";"2";"17";"0";"2";"7";"1";"1";""
"202400027986";"155732448";"A01";"3";"10";"0";"2";"1";"21";"1";""
"202400027986";"155732452";"B01";"3";"7";"0";"2";"4";"23";"1";""
"202400027986";"155732453";"C01";"3";"34";"0";"2";"1";"1";"1";""
"202400027987";"155732447";"A01";"2";"7";"0";"1";"1";"1";"3";""
"202400027988";"155732445";"A01";"1";"33";"0";"0";"7";"1";"1";""
"202400027989";"155732444";"B01";"1";"7";"0";"2";"3";"1";"1";""
"202400027989";"155732450";"A01";"2";"7";"0";"2";"3";"1";"1";""
"202400027990";"155732443";"A01";"0";"13";"0";"2";"4";"1";"1";""
"202400027990";"155732446";"B01";"0";"7";"0";"2";"1";"1";"3";""
"202400027991";"155732441";"A01";"2";"7";"0";"1";"3";"1";"2";""
"202400027992";"155732440";"B01";"1";"30";"0";"2";"1";"16";"1";""
"202400027992";"155732442";"A01";"1";"7";"0";"2";"1";"15";"1";""
"202400027993";"155732438";"A01";"1";"33";"16";"0";"0";"1";"1";""
"202400027994";"155732434";"A01";"3";"33";"0";"1";"1";"1";"1";""
"202400027995";"155732433";"B01";"0";"10";"0";"2";"3";"15";"1";""
"202400027995";"155732435";"A01";"3";"7";"0";"2";"2";"17";"1";""
"202400027996";"155732430";"A01";"1";"43";"0";"2";"1";"2";"1";""
"202400027996";"155732437";"B01";"2";"1";"0";"2";"7";"2";"5";""
"202400027997";"155732428";"A01";"1";"7";"0";"2";"1";"13";"1";""
"202400027997";"155732432";"B01";"2";"15";"0";"2";"1";"1";"1";""
"202400027998";"155732429";"A01";"1";"10";"0";"2";"1";"2";"1";""
"202400027998";"155732431";"C01";"1";"7";"0";"2";"0";"0";"1";""
"202400027998";"155732436";"D01";"1";"38";"0";"2";"8";"0";"1";"1"
"202400027998";"155732439";"B01";"1";"7";"0";"2";"4";"2";"1";""
"202400027999";"155732425";"B01";"0";"10";"9";"2";"1";"19";"1";""
"202400027999";"155732427";"A01";"0";"10";"0";"2";"8";"1";"1";""
"202400028000";"155732422";"A01";"2";"7";"2";"0";"1";"13";"1";""
"202400028001";"155732424";"A01";"3";"1";"0";"1";"1";"0";"5";""
"202400028002";"155732419";"A01";"0";"7";"0";"2";"1";"0";"1";""
"202400028002";"155732423";"B01";"0";"7";"0";"2";"1";"0";"1";""
"202400028002";"155732426";"C01";"0";"7";"0";"0";"0";"0";"1";""
"202400028003";"155732417";"A01";"2";"14";"0";"2";"1";"1";"1";""
"202400028003";"155732420";"B01";"2";"10";"0";"2";"4";"11";"1";""
"202400028003";"155732421";"C01";"2";"10";"4";"2";"8";"1";"3";""
"202400028004";"155732416";"B01";"1";"34";"0";"2";"1";"1";"1";""
"202400028004";"155732418";"A01";"2";"7";"0";"0";"0";"15";"1";""
"202400028005";"155732415";"A01";"2";"7";"12";"0";"2";"1";"1";""
"202400028006";"155732413";"A01";"2";"7";"12";"0";"1";"26";"1";""
"202400028007";"155732411";"A01";"1";"34";"0";"2";"1";"17";"1";""
"202400028007";"155732414";"B01";"1";"7";"0";"0";"6";"15";"2";""
"202400028008";"155732409";"B01";"1";"7";"0";"2";"4";"1";"1";""
"202400028008";"155732412";"A01";"1";"15";"0";"2";"2";"12";"1";""
"202400028009";"155732406";"A01";"1";"7";"0";"2";"3";"13";"1";""
"202400028009";"155732410";"B01";"2";"7";"0";"2";"3";"1";"1";""
"202400028010";"155732405";"A01";"1";"21";"0";"0";"8";"19";"1";""
"202400028010";"155732408";"B01";"2";"7";"0";"2";"1";"1";"3";""
"202400028011";"155732403";"A01";"0";"7";"0";"2";"1";"1";"1";""
"202400028011";"155732407";"B01";"0";"7";"0";"2";"8";"1";"1";""
"202400028012";"155732401";"A01";"2";"10";"0";"2";"2";"16";"1";""
"202400028012";"155732404";"B01";"2";"32";"0";"2";"8";"1";"1";""
"202400028013";"155732399";"B01";"1";"7";"0";"2";"2";"12";"1";""
"202400028013";"155732402";"A01";"1";"33";"0";"2";"1";"18";"1";""
"202400028014";"155732398";"A01";"1";"7";"0";"2";"4";"1";"1";""
"202400028014";"155732400";"B01";"1";"10";"0";"2";"1";"2";"1";""
"202400028015";"155732394";"A01";"2";"7";"16";"0";"4";"1";"1";""
"202400028015";"155732397";"B01";"2";"7";"13";"2";"1";"2";"1";""
"202400028016";"155732393";"B01";"1";"7";"0";"2";"2";"15";"1";""
"202400028016";"155732396";"A01";"1";"33";"0";"2";"7";"21";"1";""
"202400028017";"155732389";"A01";"1";"43";"0";"2";"1";"2";"1";""
"202400028017";"155732391";"B01";"1";"7";"0";"2";"5";"2";"2";""
"202400028018";"155732390";"A01";"2";"7";"0";"2";"2";"15";"1";""
"202400028018";"155732395";"B01";"1";"34";"0";"2";"1";"1";"1";""
"202400028019";"155732387";"A01";"1";"7";"0";"2";"3";"26";"1";""
"202400028019";"155732392";"B01";"2";"7";"0";"2";"3";"13";"1";""
"202400028020";"155732386";"A01";"2";"7";"16";"0";"9";"1";"1";""
"202400028021";"155732388";"A01";"2";"1";"0";"1";"1";"13";"5";""
"202400028022";"155732385";"A01";"2";"33";"0";"1";"1";"1";"1";""
"202400028023";"155732382";"A01";"3";"7";"0";"1";"1";"1";"1";""
"202400028024";"155732381";"B01";"3";"31";"0";"2";"1";"1";"1";""
"202400028024";"155732384";"A01";"3";"7";"0";"2";"3";"1";"1";""
"202400028025";"155732379";"A01";"2";"37";"0";"1";"2";"7";"3";"1"
"202400028026";"155732378";"B01";"1";"33";"0";"2";"1";"1";"1";""
"202400028026";"155732383";"A01";"1";"10";"0";"2";"7";"26";"1";""
"202400028027";"155732380";"A01";"2";"80";"0";"1";"1";"21";"3";""
"202400028028";"155732377";"A01";"2";"7";"1";"0";"1";"1";"1";""
"202400028029";"155732372";"A01";"1";"7";"0";"2";"7";"1";"1";""
"202400028029";"155732376";"B01";"2";"7";"0";"2";"1";"1";"1";""
"202400028030";"155732370";"A01";"2";"32";"0";"2";"1";"2";"1";""
"202400028030";"155732374";"B01";"2";"7";"0";"2";"4";"1";"1";""
"202400028031";"155732371";"B01";"3";"7";"0";"2";"4";"23";"1";""
"202400028031";"155732375";"A01";"3";"7";"0";"2";"1";"1";"2";""
"202400028032";"155732368";"A01";"1";"34";"0";"0";"0";"1";"1";""
"202400028033";"155732367";"B01";"2";"33";"8";"2";"0";"0";"1";""
"202400028033";"155732369";"C01";"2";"7";"0";"2";"3";"23";"1";""
"202400028033";"155732373";"A01";"1";"7";"0";"2";"2";"9";"1";""
"202400028034";"155732364";"A01";"1";"7";"0";"2";"5";"15";"1";""
"202400028034";"155732366";"B01";"2";"33";"0";"2";"1";"1";"1";""
"202400028035";"155732361";"A01";"3";"7";"0";"2";"1";"1";"1";""
"202400028035";"155732365";"B01";"3";"33";"0";"2";"7";"1";"1";""
"202400028036";"155732363";"A01";"2";"7";"0";"1";"1";"16";"2";""
"202400028037";"155732357";"A01";"3";"32";"0";"2";"1";"13";"1";""
"202400028037";"155732359";"B01";"3";"31";"0";"2";"8";"2";"1";""
"202400028037";"155732362";"C01";"3";"7";"0";"2";"1";"1";"1";""
"202400028038";"155732356";"A01";"3";"37";"0";"2";"1";"1";"1";"3"
"202400028038";"155732360";"B01";"3";"37";"0";"2";"4";"1";"2";"1"
"202400028039";"155732355";"A01";"2";"7";"0";"2";"1";"2";"2";""
"202400028039";"155732358";"B01";"2";"33";"0";"2";"4";"2";"1";""
"202400028040";"155732354";"A01";"3";"7";"8";"9";"1";"1";"1";""
"202400028041";"155732353";"A01";"1";"7";"11";"0";"1";"16";"1";""
"202400028042";"155732349";"A01";"2";"10";"0";"0";"9";"17";"1";""
"202400028043";"155732350";"A01";"1";"2";"0";"1";"1";"1";"0";""
"202400028044";"155732347";"B01";"1";"7";"0";"2";"4";"2";"1";""
"202400028044";"155732352";"A01";"1";"7";"0";"2";"1";"2";"1";""
"202400028045";"155732348";"A01";"1";"50";"0";"2";"8";"19";"3";""
"202400028045";"155732351";"B01";"1";"7";"0";"2";"1";"1";"3";""
"202400028046";"155732345";"A01";"2";"10";"0";"2";"2";"1";"1";""
"202400028046";"155732346";"B01";"2";"1";"0";"2";"3";"11";"5";""
"202400028047";"155732344";"A01";"2";"7";"0";"1";"2";"19";"1";""
"202400028048";"155732342";"A01";"2";"30";"0";"1";"1";"13";"1";""
"202400028049";"155732341";"A01";"3";"7";"0";"1";"1";"19";"2";""
"202400028050";"155732343";"A01";"2";"7";"0";"1";"2";"26";"1";""
"202400028051";"155732338";"A01";"3";"33";"0";"2";"1";"1";"1";""
"202400028051";"155732340";"B01";"3";"7";"0";"2";"5";"1";"1";""
"202400028052";"155732337";"A01";"2";"7";"8";"2";"3";"15";"1";""
"202400028052";"155732339";"B01";"2";"2";"13";"2";"1";"17";"0";""
"202400028053";"155732334";"B01";"3";"10";"0";"2";"1";"2";"0";""
"202400028053";"155732336";"A01";"3";"7";"0";"2";"4";"2";"0";""
"202400028054";"155732333";"A01";"3";"10";"0";"2";"1";"26";"1";""
"202400028054";"155732335";"B01";"3";"43";"0";"2";"4";"23";"1";""
"202400028055";"155732329";"B01";"1";"33";"0";"2";"1";"5";"1";""
"202400028055";"155732330";"A01";"1";"43";"0";"2";"8";"15";"1";""
"202400028056";"155732328";"B01";"1";"7";"0";"2";"2";"1";"1";""
"202400028056";"155732332";"A01";"1";"1";"0";"2";"8";"9";"5";""
"202400028057";"155732327";"B01";"1";"80";"0";"2";"8";"1";"3";""
"202400028057";"155732331";"A01";"1";"7";"0";"2";"1";"15";"1";""
"202400028058";"155732326";"A01";"2";"1";"0";"0";"0";"1";"5";""
"202400028059";"155732325";"A01";"3";"50";"0";"0";"7";"1";"3";""
"202400028060";"155732324";"A01";"0";"2";"8";"0";"1";"0";"1";""
"202400028061";"155732321";"B01";"1";"32";"0";"2";"1";"3";"1";""
"202400028061";"155732323";"A01";"2";"7";"0";"2";"8";"15";"2";""
"202400028062";"155732318";"A01";"2";"2";"0";"0";"0";"1";"1";""
"202400028063";"155732320";"A01";"2";"10";"0";"2";"3";"15";"1";""
"202400028063";"155732322";"B01";"2";"50";"0";"2";"2";"2";"3";""
"202400028064";"155732317";"B01";"2";"80";"0";"2";"1";"1";"2";""
"202400028064";"155732319";"A01";"1";"30";"0";"2";"1";"9";"1";""
"202400028065";"155732315";"A01";"2";"7";"0";"1";"2";"1";"1";""
"202400028066";"155732314";"A01";"2";"7";"0";"2";"7";"10";"1";""
"202400028066";"155732316";"B01";"1";"33";"0";"2";"1";"1";"1";""
"202400028067";"155732313";"A01";"1";"14";"0";"1";"2";"16";"4";""
"202400028068";"155732311";"A01";"1";"7";"0";"2";"7";"19";"0";""
"202400028068";"155732312";"B01";"1";"10";"0";"2";"1";"19";"1";""
"202400028069";"155732309";"A01";"1";"10";"0";"1";"2";"2";"1";""
"202400028070";"155732308";"A01";"2";"7";"0";"2";"4";"1";"1";""
"202400028070";"155732310";"B01";"2";"7";"0";"2";"1";"1";"1";""
"202400028071";"155732306";"B01";"3";"7";"12";"0";"8";"15";"1";""
"202400028071";"155732307";"A01";"3";"10";"12";"0";"1";"1";"1";""
"202400028072";"155732303";"B01";"1";"10";"0";"2";"3";"2";"1";""
"202400028072";"155732304";"A01";"1";"10";"0";"2";"5";"1";"1";""
"202400028073";"155732302";"A01";"1";"50";"0";"2";"3";"5";"3";""
"202400028073";"155732305";"B01";"1";"7";"0";"2";"0";"15";"1";""
"202400028074";"155732299";"A01";"2";"7";"0";"2";"1";"9";"1";""
"202400028074";"155732301";"B01";"2";"30";"0";"2";"7";"1";"1";""
"202400028075";"155732296";"B01";"0";"99";"0";"2";"0";"0";" -1";""
"202400028075";"155732298";"A01";"3";"33";"0";"0";"0";"0";"0";""
"202400028076";"155732295";"A01";"1";"7";"3";"2";"1";"2";"1";""
"202400028076";"155732297";"B01";"1";"7";"0";"2";"0";"0";"1";""
"202400028076";"155732300";"Z01";"2";"7";"0";"2";"1";"11";"0";""
"202400028077";"155732294";"A01";"0";"33";"0";"0";"8";"1";"1";""
"202400028078";"155732292";"A01";"0";"7";"0";"1";"4";"26";"2";""
"202400028079";"155732290";"A01";"1";"7";"0";"2";"1";"2";"1";""
"202400028079";"155732291";"B01";"1";"30";"0";"2";"4";"2";"1";""
"202400028080";"155732289";"B01";"2";"7";"3";"2";"0";"0";"1";""
"202400028080";"155732293";"Z01";"2";"7";"0";"2";"0";"0";"0";""
"202400028081";"155732287";"A01";"3";"33";"0";"0";"3";"1";"1";""
"202400028082";"155732285";"B01";"3";"7";"6";"0";"6";"15";"1";""
"202400028082";"155732288";"A01";"3";"7";"0";"2";"1";"9";"1";""
"202400028083";"155732284";"A01";"1";"7";"0";"2";"8";"13";"1";""
"202400028083";"155732286";"B01";"1";"14";"0";"2";"2";"2";"1";""
"202400028084";"155732281";"B01";"2";"7";"0";"2";"1";"1";"1";""
"202400028084";"155732283";"A01";"1";"7";"0";"2";"8";"15";"1";""
"202400028085";"155732279";"A01";"0";"50";"0";"2";"1";"26";"3";""
"202400028085";"155732282";"B01";"0";"7";"0";"9";"1";"10";"1";""
"202400028086";"155732278";"A01";"1";"7";"16";"2";"9";"1";"1";""
"202400028086";"155732280";"B01";"1";"10";"0";"2";"2";"2";"1";""
"202400028087";"155732277";"A01";"2";"33";"13";"0";"2";"14";"1";""
"202400028088";"155732273";"A01";"2";"7";"0";"2";"1";"1";"1";""
"202400028088";"155732275";"B01";"2";"7";"0";"2";"4";"1";"3";""
"202400028089";"155732274";"B01";"1";"7";"0";"2";"1";"9";"1";""
"202400028089";"155732276";"A01";"1";"7";"0";"2";"3";"1";"1";""
"202400028090";"155732272";"A01";"2";"7";"2";"0";"1";"1";"1";""
"202400028091";"155732267";"B01";"1";"33";"0";"2";"1";"11";"1";""
"202400028091";"155732270";"A01";"2";"7";"0";"2";"3";"1";"1";""
"202400028092";"155732268";"B01";"0";"34";"0";"2";"3";"13";"1";""
"202400028092";"155732271";"A01";"0";"7";"0";"0";"0";"2";"1";""
"202400028093";"155732266";"A01";"2";"34";"0";"2";"1";"12";"1";""
"202400028093";"155732269";"B01";"2";"7";"0";"2";"6";"1";"1";""
"202400028094";"155732263";"A01";"3";"7";"0";"0";"3";"1";"1";""
"202400028095";"155732262";"A01";"2";"34";"0";"2";"1";"1";"1";""
"202400028095";"155732264";"B01";"2";"17";"0";"2";"4";"1";"1";""
"202400028096";"155732261";"B01";"1";"7";"0";"2";"3";"1";"1";""
"202400028096";"155732265";"A01";"2";"80";"0";"2";"2";"2";"3";""
"202400028097";"155732260";"A01";"2";"33";"0";"0";"7";"3";"1";""
"202400028098";"155732258";"A01";"2";"7";"0";"2";"3";"13";"1";""
"202400028098";"155732259";"B01";"1";"7";"0";"2";"3";"21";"1";""
"202400028099";"155732257";"A01";"1";"1";"0";"1";"3";"1";"5";""
"202400028100";"155732255";"A01";"3";"32";"14";"0";"1";"1";"3";""
"202400028101";"155732254";"B01";"2";"7";"0";"2";"5";"1";"3";""
"202400028101";"155732256";"A01";"2";"7";"0";"2";"3";"13";"1";""
"202400028102";"155732252";"A01";"3";"21";"0";"0";"7";"1";"1";""
"202400028103";"155732251";"A01";"1";"33";"0";"0";"0";"3";"1";""
"202400028104";"155732250";"B01";"1";"1";"0";"2";"0";"0";"5";""
"202400028104";"155732253";"A01";"1";"7";"0";"2";"8";"26";"1";""
"202400028105";"155732246";"A01";"1";"10";"0";"2";"2";"14";"1";""
"202400028105";"155732249";"B01";"1";"10";"0";"2";"6";"1";"1";""
"202400028106";"155732244";"A01";"1";"50";"0";"2";"3";"9";"3";""
"202400028106";"155732247";"B01";"1";"7";"0";"2";"2";"14";"1";""
"202400028107";"155732245";"A01";"1";"7";"0";"2";"8";"1";"2";""
"202400028107";"155732248";"B01";"2";"33";"0";"2";"3";"13";"1";""
"202400028108";"155732241";"A01";"1";"2";"16";"0";"0";"0";"1";""
"202400028109";"155732240";"A01";"2";"31";"0";"2";"1";"3";"1";""
"202400028109";"155732242";"C01";"2";"7";"0";"2";"6";"1";"1";""
"202400028109";"155732243";"B01";"2";"7";"0";"2";"5";"1";"3";""
"202400028110";"155732239";"A01";"2";"7";"3";"0";"2";"14";"1";""
"202400028111";"155732236";"A01";"2";"7";"0";"2";"1";"2";"1";""
"202400028111";"155732238";"B01";"2";"7";"0";"0";"6";"1";"1";""
"202400028112";"155732235";"B01";"1";"1";"0";"2";"4";"1";"5";""
"202400028112";"155732237";"A01";"1";"10";"0";"2";"2";"1";"1";""
"202400028113";"155732232";"A01";"1";"7";"2";"0";"2";"13";"1";""
"202400028114";"155732231";"A01";"1";"32";"0";"2";"1";"17";"1";""
"202400028114";"155732233";"C01";"1";"7";"0";"2";"1";"1";"1";""
"202400028114";"155732234";"B01";"1";"7";"0";"9";"7";"15";"1";""
"202400028115";"155732229";"A01";"2";"7";"0";"2";"1";"13";"3";""
"202400028115";"155732230";"B01";"1";"7";"0";"2";"1";"1";"1";""
"202400028116";"155732227";"A01";"1";"7";"13";"0";"2";"13";"1";""
"202400028117";"155732228";"A01";"1";"33";"2";"0";"1";"14";"1";""
"202400028118";"155732224";"B01";"3";"33";"0";"2";"8";"21";"1";""
"202400028118";"155732226";"A01";"3";"7";"0";"2";"5";"19";"1";""
"202400028119";"155732223";"B01";"1";"7";"0";"2";"1";"1";"1";""
"202400028119";"155732225";"A01";"2";"7";"0";"2";"1";"13";"1";""
"202400028120";"155732222";"A01";"1";"33";"3";"0";"0";"1";"1";""
"202400028121";"155732219";"A01";"1";"7";"13";"0";"1";"1";"1";""
"202400028122";"155732218";"A01";"3";"7";"0";"0";"1";"15";"1";""
"202400028122";"155732220";"B01";"2";"7";"0";"0";"2";"1";"1";""
"202400028123";"155732214";"A01";"2";"33";"13";"0";"2";"2";"1";""
"202400028124";"155732213";"A01";"2";"33";"0";"2";"7";"17";"1";""
"202400028124";"155732215";"B01";"2";"7";"0";"2";"8";"1";"1";""
"202400028124";"155732217";"C01";"2";"7";"0";"0";"0";"17";"1";""
"202400028125";"155732212";"B01";"1";"31";"0";"2";"1";"1";"1";""
"202400028125";"155732216";"A01";"1";"10";"0";"2";"7";"19";"1";""
"202400028126";"155732211";"A01";"2";"7";"2";"0";"1";"1";"1";""
"202400028127";"155732208";"A01";"1";"10";"0";"0";"1";"1";"1";""
"202400028128";"155732209";"A01";"3";"2";"0";"2";"1";"0";"1";""
"202400028128";"155732210";"B01";"3";"7";"0";"2";"3";"4";"1";""
"202400028129";"155732206";"A01";"1";"7";"0";"2";"1";"13";"1";""
"202400028129";"155732207";"B01";"2";"7";"0";"2";"1";"1";"1";""
"202400028130";"155732205";"A01";"1";"32";"0";"0";"0";"26";"1";""
"202400028131";"155732204";"A01";"3";"34";"0";"1";"3";"1";"1";""
"202400028132";"155732202";"A01";"1";"7";"13";"0";"2";"0";"1";""
"202400028133";"155732199";"A01";"1";"30";"12";"2";"7";"11";"1";""
"202400028133";"155732201";"B01";"2";"7";"0";"2";"2";"21";"0";""
"202400028134";"155732200";"B01";"2";"7";"0";"2";"3";"15";"1";""
"202400028134";"155732203";"A01";"2";"33";"6";"2";"1";"17";"1";""
"202400028135";"155732197";"A01";"2";"7";"0";"0";"1";"1";"1";""
"202400028135";"155732198";"B01";"2";"7";"0";"0";"4";"1";"1";""
"202400028136";"155732193";"A01";"1";"7";"0";"2";"1";"1";"1";""
"202400028136";"155732196";"B01";"1";"99";"0";"2";"4";"0";"3";""
"202400028137";"155732194";"B01";"3";"1";"0";"2";"3";"15";"5";""
"202400028137";"155732195";"A01";"3";"7";"0";"2";"7";"17";"1";""
"202400028138";"155732191";"B01";"2";"10";"0";"2";"3";"17";"0";""
"202400028138";"155732192";"A01";"1";"10";"0";"2";"1";"1";"1";""
"202400028139";"155732190";"A01";"2";"80";"0";"0";"0";"1";"3";""
"202400028140";"155732189";"A01";"1";"37";"0";"1";"2";"16";"1";"1"
"202400028141";"155732188";"A01";"1";"7";"12";"0";"2";"1";"1";""
"202400028142";"155732187";"A01";"2";"7";"13";"0";"1";"1";"1";""
"202400028143";"155732185";"A01";"2";"7";"0";"2";"3";"13";"1";""
"202400028143";"155732186";"B01";"1";"7";"0";"2";"3";"0";"1";""
"202400028144";"155732181";"A01";"3";"7";"0";"2";"2";"19";"1";""
"202400028144";"155732184";"B01";"1";"33";"0";"2";"8";"1";"1";""
"202400028145";"155732179";"A01";"1";"32";"0";"2";"0";"0";"1";""
"202400028145";"155732182";"B01";"1";"7";"0";"2";"0";"0";"1";""
"202400028146";"155732180";"A01";"3";"7";"0";"0";"3";"9";"1";""
"202400028146";"155732183";"B01";"1";"31";"0";"0";"6";"1";"1";""
"202400028147";"155732177";"A01";"0";"7";"16";"0";"0";"0";"1";""
"202400028148";"155732175";"A01";"0";"7";"0";"2";"1";"1";"1";""
"202400028148";"155732176";"B01";"0";"7";"0";"2";"4";"23";"1";""
"202400028149";"155732174";"A01";"1";"7";"0";"1";"1";"25";"1";""
"202400028150";"155732172";"A01";"1";"7";"0";"2";"3";"5";"1";""
"202400028150";"155732173";"B01";"2";"7";"0";"2";"3";"1";"1";""
"202400028151";"155732170";"A01";"2";"7";"2";"0";"1";"1";"1";""
"202400028152";"155732167";"A01";"1";"7";"0";"0";"3";"1";"1";""
"202400028153";"155732164";"A01";"3";"7";"0";"9";"3";"1";"1";""
"202400028153";"155732166";"B01";"3";"1";"0";"2";"3";"0";"5";""
"202400028154";"155732163";"B01";"1";"7";"0";"2";"1";"21";"1";""
"202400028154";"155732165";"A01";"1";"33";"0";"0";"4";"0";"1";""
"202400028155";"155732161";"A01";"1";"33";"0";"0";"2";"14";"1";""
"202400028156";"155732160";"B01";"2";"7";"0";"9";"8";"1";"1";""