"Num_Acc";"id_vehicule";"num_veh";"senc";"catv";"obs";"obsm";"choc";"manv";"motor";"occutc"
"202400028156";"155732162";"A01";"1";"1";"0";"2";"8";"13";"5";""
"202400028157";"155732159";"A01";"3";"7";"8";"0";"1";"1";"1";""
"202400028158";"155732156";"A01";"1";"7";"0";"0";"2";"1";"1";""
"202400028159";"155732155";"A01";"3";"7";"0";"2";"3";"1";"1";""
"202400028159";"155732157";"B01";"0";"50";"0";"2";"1";"16";"3";""
"202400028160";"155732154";"A01";"3";"7";"0";"2";"1";"26";"1";""
"202400028160";"155732158";"B01";"3";"50";"0";"2";"4";"1";"3";""
"202400028161";"155732152";"A01";"1";"21";"13";"0";"7";"1";"1";""
"202400028162";"155732151";"A01";"2";"7";"0";"0";"4";"1";"1";""
"202400028162";"155732153";"B01";"2";"33";"0";"2";"1";"2";"1";""
"202400028163";"155732149";"A01";"2";"7";"0";"1";"5";"4";"1";""
"202400028164";"155732147";"B01";"0";"7";"8";"2";"9";"2";"1";""
"202400028164";"155732150";"A01";"3";"7";"8";"2";"1";"2";"1";""
"202400028165";"155732145";"B01";"2";"33";"0";"2";"9";"1";"1";""
"202400028165";"155732146";"A01";"1";"10";"0";"2";"1";"13";"1";""
"202400028165";"155732148";"C01";"2";"43";"0";"2";"1";"1";"1";""
"202400028166";"155732144";"A01";"1";"7";"13";"0";"2";"15";"1";""
"202400028167";"155732140";"B01";"3";"7";"0";"2";"1";"1";"1";""
"202400028167";"155732143";"A01";"3";"7";"0";"2";"7";"1";"1";""
"202400028168";"155732139";"A01";"2";"33";"0";"2";"1";"17";"1";""
"202400028168";"155732141";"B01";"2";"7";"0";"0";"8";"15";"1";""
"202400028169";"155732138";"B01";"2";"33";"0";"2";"1";"26";"1";""
"202400028169";"155732142";"A01";"2";"7";"0";"2";"3";"10";"1";""
"202400028170";"155732135";"A01";"3";"7";"0";"1";"3";"15";"1";""
"202400028171";"155732133";"B01";"3";"50";"0";"2";"2";"26";"3";""
"202400028171";"155732137";"A01";"2";"10";"0";"2";"2";"1";"1";""
"202400028172";"155732129";"A01";"2";"7";"0";"2";"3";"17";"1";""
"202400028172";"155732130";"B01";"2";"15";"0";"2";"8";"1";"1";""
"202400028172";"155732131";"C01";"1";"7";"0";"2";"8";"1";"1";""
"202400028172";"155732132";"D01";"1";"14";"0";"2";"8";"1";"1";""
"202400028172";"155732134";"E01";"1";"17";"0";"2";"8";"1";"1";""
"202400028172";"155732136";"F01";"1";"7";"0";"2";"3";"1";"1";""
"202400028173";"155732127";"A01";"2";"2";"0";"0";"7";"1";"1";""
"202400028174";"155732128";"A01";"3";"7";"0";"1";"2";"1";"1";""
"202400028175";"155732126";"A01";"1";"7";"1";"0";"1";"5";"1";""
"202400028176";"155732124";"B01";"1";"15";"0";"2";"3";"1";"1";""
"202400028176";"155732125";"A01";"2";"7";"0";"2";"3";"13";"1";""
"202400028177";"155732121";"A01";"1";"7";"0";"2";"3";"5";"1";""
"202400028177";"155732123";"B01";"2";"7";"0";"2";"3";"0";"1";""
"202400028178";"155732120";"A01";"2";"33";"4";"0";"4";"0";"1";""
"202400028179";"155732119";"B01";"1";"33";"0";"2";"1";"1";"1";""
"202400028179";"155732122";"A01";"2";"7";"0";"2";"8";"15";"1";""
"202400028180";"155732115";"A01";"2";"7";"0";"2";"1";"14";"1";""
"202400028180";"155732118";"B01";"2";"10";"0";"0";"4";"23";"1";""
"202400028181";"155732114";"A01";"3";"31";"0";"2";"2";"2";"1";""
"202400028181";"155732117";"B01";"3";"7";"0";"2";"6";"2";"1";""
"202400028182";"155732113";"B01";"1";"7";"0";"2";"7";"15";"2";""
"202400028182";"155732116";"A01";"2";"33";"0";"2";"1";"1";"1";""
"202400028183";"155732112";"A01";"1";"7";"15";"0";"1";"26";"1";""
"202400028184";"155732109";"A01";"2";"10";"0";"2";"7";"17";"1";""
"202400028184";"155732111";"B01";"2";"1";"0";"2";"8";"1";"5";""
"202400028185";"155732110";"A01";"0";"7";"0";"1";"3";"15";"1";""
"202400028186";"155732106";"B01";"2";"7";"0";"2";"4";"2";"4";""
"202400028186";"155732108";"A01";"2";"7";"0";"2";"1";"2";"1";""
"202400028187";"155732105";"A01";"1";"99";"0";"2";"5";"17";"1";""
"202400028187";"155732107";"B01";"1";"80";"0";"2";"3";"1";"2";""
"202400028188";"155732104";"A01";"1";"10";"0";"1";"8";"0";"1";""
"202400028189";"155732101";"B01";"1";"7";"0";"2";"3";"1";"0";""
"202400028189";"155732103";"A01";"2";"7";"3";"2";"7";"0";"1";""
"202400028190";"155732100";"A01";"0";"7";"0";"2";"5";"4";"1";""
"202400028190";"155732102";"B01";"1";"1";"0";"2";"1";"1";"5";""
"202400028191";"155732097";"A01";"1";"17";"0";"2";"1";"2";"1";""
"202400028191";"155732099";"B01";"1";"7";"0";"0";"4";"23";"1";""
"202400028192";"155732096";"A01";"1";"7";"0";"2";"1";"9";"1";""
"202400028192";"155732098";"B01";"1";"32";"0";"2";"7";"1";"1";""
"202400028193";"155732094";"A01";"2";"7";"0";"2";"6";"15";"2";""
"202400028193";"155732095";"B01";"2";"30";"0";"2";"1";"17";"1";""
"202400028194";"155732091";"B01";"1";"7";"0";"2";"2";"2";"1";""
"202400028194";"155732093";"A01";"1";"2";"0";"0";"6";"0";"1";""
"202400028195";"155732090";"B01";"2";"33";"0";"2";"8";"1";"1";""
"202400028195";"155732092";"A01";"3";"10";"0";"2";"1";"19";"1";""
"202400028196";"155732087";"A01";"1";"7";"15";"0";"3";"13";"1";""
"202400028197";"155732088";"X01";"2";"10";"0";"2";"1";"15";"0";""
"202400028197";"155732089";"B01";"1";"32";"0";"2";"1";"1";"1";""
"202400028198";"155732086";"A01";"1";"7";"8";"0";"3";"15";"1";""
"202400028199";"155732085";"A01";"1";"7";"2";"0";"1";"1";"1";""
"202400028200";"155732083";"A01";"0";"7";"2";"0";"1";"1";"1";""
"202400028201";"155732078";"B01";"2";"7";"0";"2";"1";"26";"1";""
"202400028201";"155732081";"A01";"1";"7";"0";"2";"5";"15";"1";""
"202400028202";"155732080";"A01";"1";"7";"0";"0";"1";"13";"1";""
"202400028202";"155732082";"C01";"2";"7";"0";"2";"1";"1";"1";""
"202400028202";"155732084";"B01";"2";"10";"0";"2";"8";"1";"1";""
"202400028203";"155732077";"A01";"2";"7";"0";"2";"3";"13";"1";""
"202400028203";"155732079";"B01";"1";"7";"2";"2";"3";"1";"1";""
"202400028204";"155732076";"A01";"2";"50";"0";"0";"0";"1";"3";""
"202400028205";"155732073";"A01";"1";"10";"0";"2";"4";"2";"1";""
"202400028205";"155732075";"B01";"1";"30";"0";"2";"1";"2";"1";""
"202400028206";"155732074";"A01";"2";"32";"12";"0";"1";"17";"1";""
"202400028207";"155732071";"A01";"2";"31";"0";"2";"1";"2";"1";""
"202400028207";"155732072";"B01";"2";"10";"0";"2";"6";"2";"1";""
"202400028208";"155732069";"A01";"1";"7";"13";"0";"1";"0";"1";""
"202400028209";"155732068";"A01";"3";"33";"0";"0";" -1";"11";"1";""
"202400028210";"155732066";"A01";"2";"7";"0";"2";"1";"13";"1";""
"202400028210";"155732067";"C01";"2";"7";"0";"2";"8";"1";"1";""
"202400028210";"155732070";"B01";"1";"7";"0";"2";"3";"1";"1";""
"202400028211";"155732065";"A01";"2";"7";"6";"0";"1";"2";"1";""
"202400028212";"155732064";"A01";"1";"80";"14";"0";"8";"1";"3";""
"202400028213";"155732062";"A01";"2";"1";"0";"0";"0";"1";"5";""
"202400028214";"155732061";"A01";"1";"1";"1";"0";"1";"1";"5";""
"202400028214";"155732063";"B01";"1";"7";"0";"2";"6";"23";"1";""
"202400028215";"155732060";"A01";"1";"7";"0";"1";"2";"1";"2";""
"202400028216";"155732058";"B01";"2";"10";"0";"2";"1";"0";"1";""
"202400028216";"155732059";"A01";"1";"31";"0";"0";"1";"0";"1";""
"202400028217";"155732057";"A01";"2";"7";"0";"1";"1";"1";"1";""
"202400028218";"155732056";"A01";"0";"33";"0";"0";"1";"1";"1";""
"202400028219";"155732051";"B01";"3";"7";"1";"0";"0";"26";"1";""
"202400028219";"155732055";"A01";"3";"7";"14";"0";"3";"13";"1";""
"202400028220";"155732050";"B01";"1";"7";"0";"0";"4";"1";"1";""
"202400028220";"155732053";"A01";"1";"10";"0";"2";"1";"1";"1";""
"202400028221";"155732052";"A01";"2";"7";"0";"2";"1";"5";"1";""
"202400028221";"155732054";"B01";"1";"7";"0";"2";"1";"1";"1";""
"202400028222";"155732049";"A01";"2";"43";"16";"0";"9";"1";"1";""
"202400028223";"155732047";"A01";"2";"10";"3";"0";"2";"1";"1";""
"202400028224";"155732046";"A01";"1";"33";"0";"2";"4";"13";"1";""
"202400028224";"155732048";"B01";"1";"7";"0";"2";"1";"11";"1";""
"202400028225";"155732044";"A01";"2";"7";"6";"0";"1";"1";"1";""
"202400028226";"155732045";"A01";"2";"7";"16";"0";"9";"15";"1";""
"202400028227";"155732042";"A01";"1";"7";"0";"2";"2";"1";"0";""
"202400028227";"155732043";"B01";"1";"7";"0";"2";"3";"11";"0";""
"202400028228";"155732040";"A01";"0";"31";"12";"0";"0";"1";"1";""
"202400028229";"155732037";"A01";"1";"7";"0";"0";"4";"2";"1";""
"202400028229";"155732039";"B01";"1";"10";"0";"2";"1";"2";"1";""
"202400028229";"155732041";"C01";"1";"10";"0";"2";"1";"2";"1";""
"202400028230";"155732036";"B01";"3";"10";"0";"2";"4";"0";"1";""
"202400028230";"155732038";"A01";"3";"10";"1";"0";"1";"0";"1";""
"202400028231";"155732034";"A01";"3";"7";"0";"1";"5";"20";"1";""
"202400028232";"155732033";"A01";"3";"7";"0";"0";"1";"26";"1";""
"202400028233";"155732032";"A01";"1";"32";"0";"2";"7";"17";"1";""
"202400028233";"155732035";"B01";"1";"7";"0";"9";"2";"19";"1";""
"202400028234";"155732030";"A01";"1";"33";"0";"1";"1";"1";"1";""
"202400028235";"155732029";"A01";"1";"7";"14";"1";"2";"1";"1";""
"202400028236";"155732026";"A01";"2";"33";"0";"2";"1";"2";"1";""
"202400028236";"155732028";"C01";"2";"7";"0";"0";"4";"23";"1";""
"202400028236";"155732031";"B01";"2";"7";"0";"0";"4";"23";"1";""
"202400028237";"155732024";"A01";"3";"7";"0";"2";"1";"5";"2";""
"202400028237";"155732025";"B01";"3";"7";"0";"2";"1";"1";"1";""
"202400028237";"155732027";"C01";"3";"7";"0";"2";"1";"1";"1";""
"202400028238";"155732021";"B01";"2";"1";"0";"2";"1";"1";"5";""
"202400028238";"155732023";"A01";"1";"10";"0";"9";"2";"20";"1";""
"202400028239";"155732020";"A01";"2";"10";"0";"2";"2";"2";"1";""
"202400028239";"155732022";"B01";"2";"7";"0";"0";"6";"1";"1";""
"202400028240";"155732018";"A01";"1";"14";"0";"2";"3";"13";"1";""
"202400028240";"155732019";"B01";"2";"7";"0";"2";"8";"1";"1";""
"202400028241";"155732017";"A01";"0";"50";"0";"0";"0";"1";"3";""
"202400028242";"155732014";"A01";"0";"21";"13";"0";"2";"14";"1";""
"202400028243";"155732015";"A01";"1";"7";"0";"2";"4";"2";"1";""
"202400028243";"155732016";"B01";"1";"10";"0";"2";"1";"2";"1";""
"202400028244";"155732012";"A01";"3";"1";"0";"0";"9";"0";"5";""
"202400028245";"155732011";"A01";"2";"7";"4";"0";"8";"0";"1";""
"202400028246";"155732010";"A01";"1";"7";"0";"2";"3";"1";"1";""
"202400028246";"155732013";"B01";"2";"7";"0";"2";"3";"13";"1";""
"202400028247";"155732008";"A01";"1";"33";"0";"2";"8";"1";"1";""
"202400028247";"155732009";"B01";"1";"7";"0";"2";"3";"1";"1";""
"202400028248";"155732007";"A01";"3";"2";"8";"0";"1";"1";"1";""
"202400028249";"155732006";"A01";"2";"33";"0";"0";"0";"0";"1";""
"202400028250";"155732005";"A01";"1";"7";"6";"0";"9";"0";"1";""
"202400028251";"155732003";"A01";"2";"7";"8";"0";"9";"21";"1";""
"202400028252";"155732002";"A01";"2";"7";"0";"2";"1";"1";"1";""
"202400028252";"155732004";"B01";"1";"7";"0";"2";"1";"13";"1";""
"202400028253";"155732000";"A01";"1";"14";"17";"0";"2";"1";"1";""
"202400028254";"155731998";"A01";"1";"7";"3";"2";"3";"16";"1";""
"202400028254";"155732001";"B01";"1";"15";"0";"0";"5";"0";"1";""
"202400028255";"155731997";"B01";"0";"7";"0";"2";"5";"0";"1";""
"202400028255";"155731999";"A01";"3";"33";"0";"2";"2";"1";"1";""
"202400028256";"155731994";"A01";"2";"2";"0";"2";"1";"17";"1";""
"202400028256";"155731995";"B01";"2";"21";"0";"0";"3";"15";"1";""
"202400028257";"155731991";"A01";"1";"31";"0";"2";"5";"15";"1";""
"202400028257";"155731993";"B01";"2";"7";"0";"2";"1";"9";"1";""
"202400028258";"155731990";"A01";"1";"7";"0";"9";"1";"21";"1";""
"202400028258";"155731992";"B01";"2";"33";"16";"0";"9";"1";"1";""
"202400028259";"155731989";"A01";"0";"7";"6";"0";"2";"1";"1";""
"202400028260";"155731988";"A01";"0";"7";"8";"0";"1";"1";"3";""
"202400028261";"155731987";"A01";"1";"2";"4";"0";"1";"13";"1";""
"202400028262";"155731984";"A01";"2";"7";"0";"2";"2";"1";"1";""
"202400028262";"155731986";"B01";"2";"7";"4";"0";"6";"1";"2";""
"202400028263";"155731982";"A01";"3";"3";"0";"2";"6";"1";"3";""
"202400028263";"155731985";"B01";"0";"7";"0";"2";"2";"15";"2";""
"202400028264";"155731979";"A01";"3";"7";"3";"0";"1";"1";"1";""
"202400028265";"155731980";"A01";"2";"7";"0";"2";"3";"13";"1";""
"202400028265";"155731981";"B01";"1";"7";"0";"2";"3";"1";"1";""
"202400028266";"155731977";"B01";"2";"33";"0";"2";"1";"1";"1";""
"202400028266";"155731978";"A01";"1";"7";"0";"2";"5";"19";"1";""
"202400028267";"155731974";"B01";"2";"31";"0";"2";"1";"1";"1";""
"202400028267";"155731976";"A01";"2";"7";"0";"0";"6";"10";"1";""
"202400028268";"155731973";"A01";"2";"7";"0";"2";"2";"1";"1";""
"202400028268";"155731975";"B01";"2";"7";"0";"2";"2";"9";"1";""
"202400028269";"155731969";"B01";"1";"1";"0";"0";"5";"12";"5";""
"202400028269";"155731972";"A01";"1";"1";"0";"0";"1";"2";"5";""
"202400028270";"155731968";"B01";"1";"38";"0";"0";"3";"24";"1";"1"
"202400028270";"155731970";"A01";"1";"38";"1";"1";"5";"15";"1";"1"
"202400028271";"155731967";"A01";"1";"7";"0";"9";"1";"2";"1";""
"202400028271";"155731971";"B01";"1";"7";"0";"2";"4";"2";"1";""
"202400028272";"155731966";"A01";"1";"7";"3";"0";"3";"21";"1";""
"202400028273";"155731965";"A01";"2";"2";"0";"0";"0";"1";"1";""
"202400028274";"155731963";"A01";"1";"10";"0";"2";"2";"2";"1";""
"202400028274";"155731964";"B01";"1";"33";"0";"2";"4";"11";"1";""
"202400028275";"155731961";"A01";"2";"7";"2";"0";"8";"14";"1";""
"202400028276";"155731960";"A01";"1";"7";"0";"0";"9";"1";"1";""
"202400028277";"155731957";"A01";"2";"7";"0";"2";"4";"0";"1";""
"202400028277";"155731959";"B01";"2";"7";"0";"2";"3";"1";"1";""
"202400028278";"155731956";"B01";"1";"31";"0";"2";"1";"1";"1";""
"202400028278";"155731958";"A01";"2";"7";"0";"0";"6";"19";"1";""
"202400028279";"155731955";"A01";"1";"33";"0";"0";"8";"1";"1";""
"202400028280";"155731953";"A01";"1";"7";"0";"1";"1";"1";"1";""
"202400028281";"155731952";"A01";"2";"7";"4";"0";"0";"0";"1";""
"202400028282";"155731951";"B01";"2";"10";"0";"2";"3";"24";"1";""
"202400028282";"155731954";"A01";"2";"21";"1";"0";"1";"14";"1";""
"202400028283";"155731948";"B01";"2";"10";"0";"2";"3";"1";"1";""
"202400028283";"155731950";"A01";"2";"7";"0";"2";"3";"0";"1";""
"202400028284";"155731949";"A01";"1";"7";"4";"0";"3";"26";"1";""
"202400028285";"155731947";"A01";"3";"10";"0";"1";"1";"1";"1";""
"202400028286";"155731945";"A01";"2";"7";"4";"0";"2";"1";"1";""
"202400028287";"155731944";"A01";"2";"7";"0";"2";"8";"11";"1";""
"202400028287";"155731946";"B01";"2";"7";"0";"2";"7";"1";"1";""
"202400028288";"155731940";"B01";"1";"7";"16";"0";"1";"1";"1";""
"202400028288";"155731943";"A01";"1";"7";"13";"0";"3";"1";"1";""
"202400028289";"155731937";"A01";"2";"13";"9";"2";"4";"1";"1";""
"202400028289";"155731939";"B01";"2";"10";"0";"2";"1";"1";"1";""
"202400028289";"155731942";"C01";"1";"33";"0";"2";"3";"1";"1";""
"202400028290";"155731936";"B01";"1";"7";"0";"2";"5";"2";"1";""
"202400028290";"155731938";"A01";"1";"7";"0";"2";"1";"2";"1";""
"202400028290";"155731941";"C01";"1";"7";"0";"2";"7";"2";"1";""
"202400028291";"155731934";"A01";"3";"10";"0";"2";"3";"3";"1";""
"202400028291";"155731935";"B01";"3";"7";"0";"2";"3";"1";"1";""
"202400028292";"155731928";"A01";"1";"33";"0";"2";"4";"1";"1";""
"202400028292";"155731931";"B01";"1";"7";"0";"2";"1";"2";"1";""
"202400028293";"155731930";"A01";"3";"33";"2";"0";"1";"26";"1";""
"202400028294";"155731929";"A01";"2";"10";"0";"2";"5";"1";"1";""
"202400028294";"155731932";"B01";"2";"43";"0";"2";"1";"3";"1";""
"202400028295";"155731926";"A01";"3";"2";"0";"0";"0";"1";"1";""
"202400028296";"155731924";"A01";"2";"33";"0";"2";"3";"21";"1";""
"202400028296";"155731925";"B01";"2";"7";"0";"2";"5";"1";"2";""
"202400028297";"155731923";"B01";"3";"2";"0";"2";"1";"15";"1";""
"202400028297";"155731927";"A01";"3";"7";"0";"2";"7";"1";"0";""
"202400028298";"155731922";"A01";"1";"7";"1";"0";"1";"0";"1";""
"202400028299";"155731921";"A01";"3";"2";"5";"0";"2";"1";"1";""
"202400028300";"155731919";"B01";"2";"7";"0";"2";"1";"19";"1";""
"202400028300";"155731920";"A01";"1";"60";"0";"2";"7";"19";"5";""
"202400028301";"155731918";"A01";"1";"33";"0";"0";"8";"1";"1";""
"202400028302";"155731915";"A01";"1";"7";"0";"9";"2";"1";"1";""
"202400028302";"155731916";"B01";"1";"50";"0";"2";"1";"19";"3";""
"202400028303";"155731914";"B01";"1";"1";"0";"2";"1";"1";"5";""
"202400028303";"155731917";"A01";"1";"7";"0";"2";"3";"1";"1";""
"202400028304";"155731913";"A01";"2";"32";"0";"0";"7";"1";"1";""
"202400028305";"155731911";"A01";"1";"7";"2";"0";"1";"1";"1";""
"202400028306";"155731910";"B01";"1";"7";"0";"2";"4";"19";"1";""
"202400028306";"155731912";"A01";"1";"7";"0";"2";"1";"19";"1";""
"202400028307";"155731908";"B01";"3";"99";"0";"2";"6";"26";"6";""
"202400028307";"155731909";"A01";"3";"99";"0";"5";"3";"1";"1";""
"202400028308";"155731905";"B01";"0";"1";"0";"2";"1";"2";"5";""
"202400028308";"155731906";"A01";"3";"7";"0";"9";"1";"15";"1";""
"202400028309";"155731904";"B01";"2";"7";"0";"2";"6";"1";"1";""
"202400028309";"155731907";"A01";"2";"7";"0";"2";"1";"1";"1";""
"202400028310";"155731900";"B01";"2";"33";"0";"2";"1";"1";"1";""
"202400028310";"155731903";"A01";"1";"7";"0";"2";"8";"9";"1";""
"202400028311";"155731899";"B01";"1";"7";"0";"2";"1";"15";"1";""
"202400028311";"155731902";"A01";"2";"1";"0";"2";"1";"5";"5";""
"202400028312";"155731896";"A01";"2";"10";"0";"2";"1";"2";"1";""
"202400028312";"155731898";"B01";"2";"3";"0";"2";"4";"2";"1";""
"202400028313";"155731897";"A01";"0";"32";"12";"0";"1";"13";"1";""
"202400028314";"155731893";"A01";"2";"7";"0";"2";"3";"9";"1";""
"202400028314";"155731895";"B01";"1";"7";"0";"2";"1";"1";"1";""
"202400028315";"155731892";"A01";"1";"7";"8";"0";"1";"1";"1";""
"202400028316";"155731891";"A01";"1";"7";"0";"2";"1";"1";"2";""
"202400028316";"155731894";"B01";"1";"7";"0";"2";"3";"1";"1";""
"202400028317";"155731889";"A01";"1";"7";"4";"0";"1";"1";"1";""
"202400028318";"155731888";"B01";"1";"7";"0";"2";"3";"2";"1";""
"202400028318";"155731890";"A01";"1";"34";"0";"2";"2";"17";"1";""
"202400028319";"155731886";"A01";"3";"33";"0";"0";"2";"1";"1";""
"202400028319";"155731887";"B01";"3";"7";"1";"0";"2";"11";"1";""
"202400028320";"155731885";"A01";"0";"7";"13";"0";"0";"14";"1";""
"202400028321";"155731883";"A01";"1";"7";"0";"2";"1";"15";"1";""
"202400028321";"155731884";"B01";"2";"32";"0";"2";"1";"1";"1";""
"202400028322";"155731879";"A01";"2";"7";"0";"2";"1";"2";"1";""
"202400028322";"155731881";"B01";"2";"7";"0";"0";"4";"1";"1";""
"202400028323";"155731878";"A01";"3";"7";"8";"0";"1";"5";"1";""
"202400028324";"155731874";"A01";"3";"7";"0";"2";"1";"13";"1";""
"202400028324";"155731876";"B01";"3";"7";"0";"2";"1";"0";"1";""
"202400028325";"155731875";"A01";"0";"7";"0";"2";"6";"9";"1";""
"202400028325";"155731877";"B01";"1";"32";"0";"2";"0";"2";"1";""
"202400028326";"155731872";"A01";"1";"7";"9";"2";"1";"1";"1";""
"202400028326";"155731873";"B01";"1";"0";"9";"0";"0";"0";"0";""
"202400028327";"155731871";"A01";"2";"38";"0";"0";"7";"1";"1";"3"
"202400028328";"155731870";"A01";"3";"7";"0";"1";"1";"1";"1";""
"202400028329";"155731866";"A01";"2";"50";"0";"2";"0";"0";"3";""
"202400028329";"155731869";"B01";"2";"10";"0";"2";"2";"0";"0";""
"202400028330";"155731865";"A01";"1";"10";"0";"2";"3";"6";"1";""
"202400028330";"155731868";"B01";"2";"13";"0";"2";"3";"1";"1";""
"202400028331";"155731862";"A01";"1";"7";"0";"2";"2";"15";"1";""
"202400028331";"155731864";"B01";"2";"33";"0";"2";"1";"1";"1";""
"202400028332";"155731863";"A01";"1";"7";"1";"0";"3";"15";"1";""
"202400028332";"155731867";"B01";"2";"33";"0";"0";"1";"1";"1";""
"202400028333";"155731861";"A01";"1";"7";"0";"1";"2";"1";"1";""
"202400028334";"155731858";"A01";"2";"50";"0";"0";"0";"1";"3";""
"202400028335";"155731859";"A01";"3";"7";"0";"0";"1";"1";"0";""
"202400028336";"155731857";"A01";"0";"33";"2";"9";"0";"16";"1";""
"202400028337";"155731855";"A01";"2";"7";"2";"0";"9";"14";"1";""
"202400028338";"155731856";"A01";"2";"50";"0";"1";"1";"1";"3";""
"202400028339";"155731851";"A01";"2";"7";"0";"1";"1";"1";"1";""
"202400028340";"155731850";"A01";"2";"7";"0";"2";"1";"1";"1";""
"202400028340";"155731853";"C01";"1";"33";"0";"2";"1";"1";"0";""
"202400028340";"155731854";"B01";"1";"33";"0";"2";"1";"1";"0";""
"202400028341";"155731849";"B01";"1";"7";"0";"2";"1";"19";"1";""
"202400028341";"155731852";"A01";"1";"7";"0";"2";"7";"1";"1";""
"202400028342";"155731847";"A01";"1";"30";"1";"0";"1";"13";"1";""
"202400028343";"155731845";"A01";"1";"7";"0";"2";"7";"1";"1";""
"202400028343";"155731848";"B01";"1";"33";"0";"2";"3";"15";"1";""
"202400028344";"155731844";"A01";"1";"7";"0";"2";"3";"19";"1";""
"202400028344";"155731846";"B01";"2";"1";"0";"2";"1";"1";"5";""
"202400028345";"155731842";"A01";"1";"33";"13";"0";"1";"0";"1";""
"202400028346";"155731843";"A01";"1";"7";"0";"1";"1";"1";"1";""
"202400028347";"155731839";"B01";"2";"7";"0";"0";"4";"2";"1";""
"202400028347";"155731840";"A01";"2";"7";"0";"2";"1";"2";"1";""
"202400028348";"155731838";"A01";"3";"31";"0";"2";"1";"17";"1";""
"202400028348";"155731841";"B01";"3";"10";"0";"2";"3";"15";"1";""
"202400028349";"155731834";"A01";"1";"2";"0";"2";"1";"1";"1";""
"202400028349";"155731836";"B01";"1";"7";"0";"2";"5";"1";"1";""
"202400028350";"155731835";"A01";"1";"33";"0";"2";"2";"17";"1";""
"202400028350";"155731837";"B01";"1";"30";"0";"2";"0";"15";"0";""
"202400028351";"155731832";"Z01";"3";"7";"0";"2";"1";"2";"1";""
"202400028351";"155731833";"B01";"3";"7";"0";"2";"4";"1";"3";""
"202400028352";"155731830";"A01";"1";"7";"0";"2";"1";"1";"1";""
"202400028352";"155731831";"B01";"2";"7";"0";"2";"1";"1";"1";""
"202400028353";"155731826";"A01";"0";"7";"0";"2";"0";"12";"1";""
"202400028353";"155731828";"B01";"0";"43";"0";"2";"0";"1";"1";""
"202400028354";"155731824";"A01";"3";"7";"0";"2";"3";"15";"1";""
"202400028354";"155731825";"B01";"1";"30";"0";"2";"1";"1";"1";""
"202400028355";"155731823";"C01";"2";"7";"0";"2";"6";"2";"1";""
"202400028355";"155731827";"A01";"2";"7";"0";"2";"1";"2";"1";""
"202400028355";"155731829";"B01";"2";"7";"0";"2";"2";"2";"1";""
"202400028356";"155731821";"B01";"2";"2";"0";"2";"1";"2";"3";""
"202400028356";"155731822";"A01";"2";"10";"0";"2";"8";"13";"1";""
"202400028357";"155731819";"A01";"1";"7";"2";"0";"1";"13";"1";""
"202400028358";"155731818";"B01";"2";"7";"0";"2";"4";"2";"1";""
"202400028358";"155731820";"A01";"2";"30";"0";"2";"1";"2";"1";""
"202400028359";"155731815";"A01";"1";"33";"0";"2";"2";"15";"1";""
"202400028359";"155731817";"B01";"1";"7";"0";"2";"6";"0";"1";""
"202400028360";"155731813";"A01";"2";"7";"0";"2";"8";"9";"1";""
"202400028360";"155731814";"B01";"2";"33";"0";"2";"1";"1";"1";""
"202400028361";"155731812";"A01";"3";"7";"0";"9";"7";"2";"1";""
"202400028361";"155731816";"B01";"3";"1";"0";"2";"1";"2";"5";""
"202400028362";"155731810";"B01";"2";"7";"0";"2";"3";"15";"1";""
"202400028362";"155731811";"A01";"1";"7";"0";"2";"1";"1";"1";""
"202400028363";"155731806";"B01";"1";"7";"0";"2";"0";"0";"1";""
"202400028363";"155731808";"A01";"1";"7";"0";"2";"1";"1";"1";""
"202400028364";"155731807";"A01";"2";"7";"0";"2";"3";"15";"1";""
"202400028364";"155731809";"B01";"1";"31";"0";"2";"1";"1";"1";""
"202400028365";"155731805";"A01";"1";"33";"9";"0";"1";"16";"1";""
"202400028366";"155731803";"A01";"1";"33";"0";"2";"0";"0";"1";""
"202400028366";"155731804";"B01";"1";"7";"0";"2";"0";"0";"1";""
"202400028367";"155731800";"A01";"0";"7";"0";"2";"1";"1";"1";""
"202400028367";"155731802";"B01";"1";"7";"0";"2";"2";"1";"2";""
"202400028368";"155731801";"A01";"0";"30";"0";"0";"8";"1";"1";""
"202400028369";"155731798";"A01";"3";"30";"0";"2";"2";"26";"1";""
"202400028369";"155731799";"B01";"3";"37";"0";"9";"2";"1";"2";"1"
"202400028370";"155731794";"B01";"2";"37";"0";"2";"7";"16";"3";"1"
"202400028370";"155731795";"A01";"2";"1";"0";"2";"1";"1";"5";""
"202400028371";"155731792";"A01";"1";"7";"0";"2";"1";"1";"4";""
"202400028371";"155731796";"B01";"2";"15";"0";"2";"2";"19";"1";""
"202400028372";"155731793";"A01";"3";"7";"0";"2";"2";"15";"1";""
"202400028372";"155731797";"B01";"3";"50";"0";"2";"1";"1";"3";""
"202400028373";"155731790";"A01";"3";"7";"0";"2";"3";"20";"1";""
"202400028373";"155731791";"B01";"3";"50";"0";"2";"2";"1";"3";""
"202400028374";"155731789";"A01";"2";"7";"13";"0";"3";"1";"1";""
"202400028375";"155731788";"A01";"1";"1";"0";"0";"1";"26";"5";""
"202400028376";"155731787";"A01";"1";"7";"6";"0";"0";"1";"1";""