"Num_Acc";"id_vehicule";"num_veh";"senc";"catv";"obs";"obsm";"choc";"manv";"motor";"occutc"
"202400028377";"155731786";"A01";"1";"7";"13";"0";"1";"1";"1";""
"202400028378";"155731785";"A01";"0";"7";"0";"1";"0";"9";"1";""
"202400028379";"155731782";"A01";"3";"7";"8";"0";"3";"2";"2";""
"202400028379";"155731784";"B01";"1";"7";"0";"0";"1";"2";"2";""
"202400028380";"155731780";"A01";"3";"7";"0";"2";"1";"1";"1";""
"202400028380";"155731781";"B01";"3";"7";"0";"2";"4";"23";"1";""
"202400028380";"155731783";"C01";"3";"7";"0";"2";"4";"23";"2";""
"202400028381";"155731778";"A01";"1";"7";"4";"0";"3";"21";"1";""
"202400028382";"155731777";"A01";"1";"2";"0";"2";"8";"0";"1";""
"202400028382";"155731779";"B01";"2";"7";"0";"2";"0";"1";"1";""
"202400028383";"155731775";"B01";"2";"80";"0";"2";"8";"19";"3";""
"202400028383";"155731776";"A01";"1";"7";"0";"2";"1";"1";"1";""
"202400028384";"155731773";"A01";"1";"31";"0";"2";"3";"1";"1";""
"202400028384";"155731774";"B01";"1";"7";"0";"2";"3";"15";"1";""
"202400028385";"155731771";"A01";"1";"7";"0";"2";"8";"15";"1";""
"202400028385";"155731772";"B01";"1";"31";"0";"2";"2";"17";"1";""
"202400028386";"155731768";"C01";"2";"7";"0";"2";"3";"1";"1";""
"202400028386";"155731769";"A01";"1";"14";"0";"2";"3";"1";"1";""
"202400028386";"155731770";"B01";"2";"7";"0";"2";"1";"5";"1";""
"202400028387";"155731766";"A01";"2";"14";"0";"2";"1";"1";"1";""
"202400028387";"155731767";"B01";"2";"7";"0";"1";"4";"1";"1";""
"202400028388";"155731765";"A01";"2";"7";"0";"1";"2";"1";"1";""
"202400028389";"155731763";"B01";"0";"2";"0";"2";"5";"1";"1";""
"202400028389";"155731764";"A01";"0";"7";"0";"2";"1";"9";"1";""
"202400028390";"155731761";"A01";"2";"7";"0";"2";"1";"1";"1";""
"202400028390";"155731762";"B01";"2";"7";"0";"2";"4";"1";"1";""
"202400028391";"155731759";"B01";"1";"7";"0";"2";"1";"1";"1";""
"202400028391";"155731760";"A01";"2";"7";"0";"2";"1";"13";"1";""
"202400028392";"155731758";"A01";"1";"7";"0";"1";"3";"15";"2";""
"202400028393";"155731755";"B01";"2";"7";"0";"2";"3";"19";"6";""
"202400028393";"155731756";"A01";"1";"7";"0";"2";"2";"19";"6";""
"202400028394";"155731753";"A01";"1";"1";"0";"2";"1";"1";"5";""
"202400028394";"155731754";"B01";"2";"50";"0";"2";"1";"1";"3";""
"202400028395";"155731752";"A01";"3";"7";"15";"0";"1";"1";"1";""
"202400028396";"155731751";"A01";"3";"10";"0";"1";"4";"4";"1";""
"202400028397";"155731749";"A01";"2";"10";"0";"2";"8";"9";"1";""
"202400028397";"155731750";"B01";"2";"80";"0";"2";"7";"12";"3";""
"202400028398";"155731748";"A01";"1";"50";"12";"0";"0";"1";"3";""
"202400028399";"155731746";"B01";"3";"7";"0";"2";"7";"1";"1";""
"202400028399";"155731747";"A01";"3";"7";"0";"2";"1";"1";"1";""
"202400028400";"155731744";"B01";"3";"1";"0";"2";"1";"1";"5";""
"202400028400";"155731745";"A01";"2";"7";"0";"2";"7";"15";"1";""
"202400028401";"155731743";"A01";"1";"7";"2";"0";"1";"1";"1";""
"202400028402";"155731742";"A01";"1";"7";"0";"1";"1";"1";"1";""
"202400028403";"155731740";"B01";"2";"50";"0";"2";"1";"1";"3";""
"202400028403";"155731741";"A01";"3";"10";"0";"9";"5";"5";"1";""
"202400028404";"155731739";"A01";"1";"7";"0";"1";"1";"0";"1";""
"202400028405";"155731738";"A01";"3";"7";"0";"1";"2";"1";"1";""
"202400028406";"155731736";"A01";"1";"33";"4";"2";"1";"2";"1";""
"202400028406";"155731737";"B01";"1";"7";"4";"2";"4";"2";"1";""
"202400028407";"155731734";"A01";"1";"10";"0";"1";"1";"1";"1";""
"202400028408";"155731733";"A01";"1";"7";"0";"2";"2";"15";"1";""
"202400028408";"155731735";"B01";"1";"1";"0";"2";"8";"2";"5";""
"202400028409";"155731731";"B01";"1";"7";"0";"2";"4";"2";"1";""
"202400028409";"155731732";"A01";"1";"7";"0";"2";"1";"2";"1";""
"202400028410";"155731729";"B01";"1";"7";"0";"2";"3";"0";"1";""
"202400028410";"155731730";"A01";"1";"50";"0";"2";"1";"5";"3";""
"202400028411";"155731726";"A01";"0";"7";"0";"0";"1";"2";"1";""
"202400028411";"155731727";"B01";"3";"7";"0";"2";"4";"23";"1";""
"202400028411";"155731728";"C01";"0";"7";"0";"2";"4";"23";"1";""
"202400028412";"155731724";"A01";"1";"7";"0";"1";"0";"1";"1";""
"202400028413";"155731723";"A01";"0";"7";"0";"2";"2";"16";"1";""
"202400028413";"155731725";"T01";"3";"50";"0";"2";"0";"0";"3";""
"202400028414";"155731722";"A01";"1";"7";"8";"0";"2";"1";"1";""
"202400028415";"155731720";"B01";"1";"7";"0";"2";"1";"1";"1";""
"202400028415";"155731721";"A01";"1";"7";"0";"0";"0";"0";"1";""
"202400028416";"155731719";"A01";"1";"7";"0";"1";"1";"15";"1";""
"202400028417";"155731718";"A01";"1";"32";"0";"6";"1";"1";"1";""
"202400028418";"155731717";"A01";"1";"1";"0";"0";"1";"1";"5";""
"202400028419";"155731716";"A01";"2";"7";"0";"1";"1";"1";"1";""
"202400028420";"155731715";"A01";"3";"1";"0";"1";"2";"21";"5";""
"202400028421";"155731712";"B01";"1";"1";"0";"2";"7";"1";"5";""
"202400028421";"155731713";"A01";"0";"7";"0";"2";"3";"16";"1";""
"202400028422";"155731710";"B01";"2";"33";"0";"2";"7";"16";"3";""
"202400028422";"155731711";"A01";"1";"1";"0";"2";"1";"25";"5";""
"202400028423";"155731708";"A01";"1";"50";"0";"4";"1";"1";"3";""
"202400028423";"155731709";"B01";"1";"40";"0";"2";"7";"1";"3";""
"202400028424";"155731704";"A01";"3";"7";"0";"2";"2";"2";"1";""
"202400028424";"155731705";"B01";"3";"1";"0";"2";"6";"13";"5";""
"202400028425";"155731702";"C01";"3";"7";"0";"0";"6";"23";"1";""
"202400028425";"155731703";"D01";"3";"7";"0";"2";"8";"0";"1";""
"202400028425";"155731706";"A01";"0";"10";"0";"2";"3";"1";"1";""
"202400028425";"155731707";"B01";"3";"7";"0";"2";"4";"2";"1";""
"202400028426";"155731700";"B01";"1";"32";"0";"2";"3";"1";"1";""
"202400028426";"155731701";"A01";"1";"7";"0";"2";"3";"14";"1";""
"202400028427";"155731697";"A01";"1";"30";"0";"2";"1";"17";"1";""
"202400028427";"155731698";"B01";"1";"7";"0";"2";"6";"15";"1";""
"202400028428";"155731696";"B01";"2";"1";"0";"2";"7";"1";"5";""
"202400028428";"155731699";"A01";"1";"10";"0";"2";"3";"16";"1";""
"202400028429";"155731694";"A01";"1";"38";"0";"2";"2";"1";"1";"1"
"202400028429";"155731695";"B01";"2";"14";"0";"2";"3";"1";"1";""
"202400028430";"155731691";"A01";"2";"7";"3";"0";"8";"1";"1";""
"202400028430";"155731692";"B01";"1";"7";"0";"2";"3";"13";"1";""
"202400028431";"155731688";"B01";"2";"15";"0";"2";"6";"1";"1";""
"202400028431";"155731689";"C01";"2";"7";"1";"0";"1";"2";"1";""
"202400028431";"155731690";"A01";"2";"7";"0";"2";"1";"0";"1";""
"202400028432";"155731687";"A01";"2";"1";"8";"0";"0";"25";"5";""
"202400028432";"155731693";"B01";"2";"37";"0";"0";"0";"0";"1";"1"
"202400028433";"155731685";"A01";"1";"33";"0";"2";"1";"1";"1";""
"202400028433";"155731686";"B01";"1";"7";"0";"0";"4";"1";"1";""
"202400028434";"155731682";"A01";"1";"7";"0";"0";"9";"1";"1";""
"202400028435";"155731683";"B01";"1";"1";"0";"2";"4";"13";"5";""
"202400028435";"155731684";"A01";"1";"34";"2";"2";"4";"17";"1";""
"202400028436";"155731680";"B01";"3";"16";"0";"2";"1";"26";"0";""
"202400028436";"155731681";"A01";"1";"1";"0";"2";"7";"1";"5";""
"202400028437";"155731679";"A01";"1";"7";"13";"0";"1";"13";"1";""
"202400028438";"155731677";"B01";"1";"21";"0";"0";"1";"1";"1";""
"202400028438";"155731678";"A01";"2";"33";"0";"0";"0";"1";"1";""
"202400028439";"155731675";"A01";"2";"7";"0";"2";"3";"13";"1";""
"202400028439";"155731676";"B01";"1";"7";"0";"2";"3";"1";"1";""
"202400028440";"155731673";"B01";"3";"1";"0";"2";"8";"19";"5";""
"202400028440";"155731674";"A01";"3";"10";"0";"2";"4";"4";"1";""
"202400028441";"155731671";"B01";"2";"80";"0";"0";"4";"1";"3";""
"202400028441";"155731672";"A01";"2";"7";"0";"2";"2";"1";"1";""
"202400028442";"155731670";"A01";"2";"7";"0";"1";"2";"1";"1";""
"202400028443";"155731668";"A01";"1";"7";"0";"2";"1";"15";"1";""
"202400028443";"155731669";"B01";"2";"7";"0";"2";"1";"1";"1";""
"202400028444";"155731667";"A01";"2";"7";"13";"0";"7";"1";"1";""
"202400028445";"155731666";"A01";"1";"7";"6";"0";"1";"1";"1";""
"202400028446";"155731665";"A01";"1";"35";"0";"0";"8";"10";"1";""
"202400028447";"155731663";"A01";"1";"7";"3";"2";"7";"2";"1";""
"202400028447";"155731664";"B01";"1";"7";"3";"2";"8";"18";"1";""
"202400028448";"155731661";"A01";"2";"7";"0";"2";"1";"13";"1";""
"202400028448";"155731662";"B01";"1";"15";"0";"2";"1";"1";"1";""
"202400028449";"155731660";"A01";"2";"7";"5";"0";"2";"1";"1";""
"202400028450";"155731658";"B01";"1";"14";"0";"0";"3";"21";"0";""
"202400028450";"155731659";"A01";"2";"7";"0";"0";"3";"5";"1";""
"202400028451";"155731656";"A01";"2";"7";"0";"2";"2";"1";"1";""
"202400028451";"155731657";"B01";"2";"1";"0";"2";"3";"15";"5";""
"202400028452";"155731653";"A01";"1";"7";"6";"2";"3";"5";"1";""
"202400028452";"155731654";"B01";"2";"7";"0";"2";"3";"1";"1";""
"202400028452";"155731655";"C01";"2";"7";"0";"2";"1";"1";"1";""
"202400028453";"155731651";"B01";"2";"33";"0";"2";"1";"1";"1";""
"202400028453";"155731652";"A01";"2";"7";"0";"2";"1";"15";"1";""
"202400028454";"155731649";"A01";"2";"1";"0";"2";"1";"1";"5";""
"202400028454";"155731650";"B01";"1";"10";"0";"2";"3";"1";"1";""
"202400028455";"155731647";"A01";"2";"7";"15";"0";"4";"23";"1";""
"202400028455";"155731648";"B01";"2";"10";"3";"2";"1";"17";"1";""
"202400028456";"155731646";"A01";"1";"33";"0";"0";"9";"26";"1";""
"202400028457";"155731644";"B01";"2";"10";"0";"0";"6";"1";"1";""
"202400028457";"155731645";"A01";"2";"7";"0";"2";"1";"12";"1";""
"202400028458";"155731643";"A01";" -1";"7";"0";"1";"3";"20";"1";""
"202400028459";"155731641";"A01";"1";"10";"0";"2";"1";"1";"1";""
"202400028459";"155731642";"B01";"1";"10";"0";"0";"4";"23";"1";""
"202400028460";"155731637";"B01";"2";"7";"0";"2";"4";"1";"1";""
"202400028460";"155731638";"A01";"2";"7";"0";"2";"1";"1";"1";""
"202400028460";"155731639";"C01";"2";"7";"0";"2";"4";"23";"1";""
"202400028460";"155731640";"D01";"2";"7";"0";"2";"4";"23";"1";""
"202400028461";"155731635";"A01";"1";"33";"0";"2";"1";"2";"1";""
"202400028461";"155731636";"B01";"1";"7";"0";"2";"4";"2";"1";""
"202400028462";"155731634";"A01";"1";"7";"0";"1";"1";"2";"1";""
"202400028463";"155731633";"A01";"2";"7";"0";"1";"1";"1";"1";""
"202400028464";"155731625";"A01";"2";"7";"0";"2";"1";"2";"1";""
"202400028464";"155731626";"H01";"2";"7";"0";"2";"1";"2";"1";""
"202400028464";"155731627";"D01";"2";"7";"0";"2";"3";"21";"1";""
"202400028464";"155731628";"F01";"2";"7";"0";"2";"4";"2";"1";""
"202400028464";"155731629";"B01";"2";"7";"0";"2";"4";"23";"1";""
"202400028464";"155731630";"C01";"2";"7";"0";"2";"4";"23";"1";""
"202400028464";"155731631";"E01";"2";"7";"0";"2";"4";"2";"3";""
"202400028464";"155731632";"G01";"2";"7";"0";"2";"1";"2";"1";""
"202400028465";"155731623";"B01";"2";"7";"0";"2";"4";"0";"1";""
"202400028465";"155731624";"A01";"2";"33";"0";"2";"1";"0";"1";""
"202400028466";"155731622";"A01";"2";"7";"0";"0";"9";"0";"1";""
"202400028467";"155731621";"A01";"1";"7";"0";"0";"0";"1";"1";""
"202400028468";"155731619";"A01";"1";"7";"0";"2";"3";"11";"1";""
"202400028468";"155731620";"B01";"1";"33";"0";"2";"8";"3";"1";""
"202400028469";"155731618";"A01";"2";"7";"0";"0";"4";"1";"1";""
"202400028470";"155731616";"A01";"1";"7";"0";"2";"1";"1";"1";""
"202400028470";"155731617";"B01";"1";"7";"0";"2";"4";"1";"3";""
"202400028471";"155731615";"A01";"1";"7";"4";"0";"2";"1";"1";""
"202400028472";"155731614";"A01";"1";"7";"1";"0";"2";"1";"1";""
"202400028473";"155731612";"Z01";"2";"7";"0";"2";"1";"1";"1";""
"202400028473";"155731613";"B01";"2";"7";"0";"2";"4";"2";"1";""
"202400028474";"155731610";"B01";"1";"10";"0";"2";"4";"2";"1";""
"202400028474";"155731611";"A01";"1";"7";"0";"2";"1";"2";"1";""
"202400028475";"155731608";"A01";"2";"14";"0";"2";"1";"2";"1";""
"202400028475";"155731609";"B01";"2";"14";"0";"2";"4";"2";"1";""
"202400028476";"155731607";"A01";"2";"7";"4";"0";"1";"1";"1";""
"202400028477";"155731606";"A01";"2";"7";"3";"0";"1";"1";"1";""
"202400028478";"155731604";"A01";"2";"7";"0";"2";"8";"24";"1";""
"202400028478";"155731605";"B01";"2";"1";"0";"0";"0";"0";"5";""
"202400028479";"155731602";"A01";"3";"30";"0";"2";"1";"2";"1";""
"202400028479";"155731603";"B01";"1";"10";"0";"2";"4";"2";"3";""
"202400028480";"155731600";"B01";"3";"43";"0";"2";"1";"17";"0";""
"202400028480";"155731601";"A01";"3";"10";"0";"2";"3";"10";"0";""
"202400028481";"155731598";"A01";"0";"7";"0";"9";"1";"0";"1";""
"202400028481";"155731599";"B01";"0";"50";"0";"2";"7";"1";"3";""
"202400028482";"155731596";"A01";"1";"7";"0";"2";"1";"13";"1";""
"202400028482";"155731597";"B01";"2";"7";"0";"1";"1";"1";"1";""
"202400028483";"155731595";"A01";"1";"33";"4";"0";"0";"15";"1";""
"202400028484";"155731593";"A01";"2";"10";"0";"2";"1";"9";"0";""
"202400028484";"155731594";"B01";"2";"50";"0";"2";"1";"9";"3";""
"202400028485";"155731592";"A01";"2";"50";"1";"0";"1";"1";"3";""
"202400028486";"155731591";"A01";"2";"7";"6";"0";"1";"1";"1";""
"202400028487";"155731590";"A01";"1";"33";"12";"0";"1";"1";"1";""
"202400028488";"155731589";"A01";"3";"7";"12";"0";"3";"1";"1";""
"202400028489";"155731588";"A01";"3";"7";"15";"1";"7";"0";"0";""
"202400028490";"155731585";"A01";"1";"7";"0";"2";"1";"26";"0";""
"202400028490";"155731586";"B01";"1";"7";"0";"2";"0";"0";"0";""
"202400028490";"155731587";"C01";"1";"7";"0";"2";"0";"0";"0";""
"202400028491";"155731584";"A01";"1";"7";"1";"0";"2";"14";"1";""
"202400028492";"155731582";"B01";"3";"7";"0";"9";"8";"26";"1";""
"202400028492";"155731583";"A01";"3";"50";"0";"2";"1";"26";"3";""
"202400028493";"155731580";"A01";"2";"7";"0";"2";"7";"15";"1";""
"202400028493";"155731581";"B01";"2";"33";"0";"0";"0";"0";"0";""
"202400028494";"155731578";"B01";"2";"7";"0";"2";"3";"1";"1";""
"202400028494";"155731579";"A01";"1";"7";"0";"2";"3";"13";"1";""
"202400028495";"155731576";"B01";"3";"7";"0";"2";"8";"15";"1";""
"202400028495";"155731577";"A01";"2";"7";"0";"2";"1";"1";"1";""
"202400028496";"155731574";"A01";"1";"10";"0";"2";"1";"1";"1";""
"202400028496";"155731575";"B01";"2";"1";"0";"2";"1";"1";"5";""
"202400028497";"155731570";"A01";"2";"7";"0";"1";"1";"1";"1";""
"202400028498";"155731568";"A01";"1";"31";"1";"2";"8";"21";"1";""
"202400028498";"155731569";"B01";"2";"7";"0";"2";"3";"13";"1";""
"202400028499";"155731566";"A01";"3";"10";"0";"2";"2";"0";"0";""
"202400028499";"155731567";"B01";"3";"10";"0";"2";"3";"1";"0";""
"202400028500";"155731564";"A01";"3";"10";"0";"2";"2";"1";"1";""
"202400028500";"155731565";"B01";"3";"7";"0";"2";"1";"1";"1";""
"202400028501";"155731562";"A01";"1";"30";"0";"2";"1";"1";"1";""
"202400028501";"155731563";"B01";"2";"7";"0";"2";"3";"15";"1";""
"202400028502";"155731561";"A01";"2";"99";"6";"0";"1";"13";"1";""
"202400028503";"155731559";"A01";"3";"7";"0";"2";"3";"11";"1";""
"202400028503";"155731560";"B01";"3";"33";"0";"2";"7";"3";"1";""
"202400028504";"155731558";"C01";"1";"7";"0";"0";"2";"1";"0";""
"202400028505";"155731555";"A01";"1";"7";"3";"2";"3";"2";"1";""
"202400028505";"155731556";"B01";"1";"7";"0";"2";"2";"1";"1";""
"202400028505";"155731557";"C01";"2";"7";"0";"2";"1";"21";"1";""
"202400028506";"155731554";"A01";"1";"7";"0";"1";"1";"1";"1";""
"202400028507";"155731552";"A01";"0";"7";"0";"9";"1";"16";"1";""
"202400028507";"155731553";"B01";"0";"80";"0";"2";"1";"1";"3";""
"202400028508";"155731550";"A01";"1";"7";"0";"2";"1";"2";"1";""
"202400028508";"155731551";"B01";"1";"7";"0";"2";"4";"2";"3";""
"202400028509";"155731549";"Z01";"3";"1";"0";"1";"1";"1";"5";""
"202400028510";"155731548";"A01";"1";"7";"4";"0";"3";"1";"1";""
"202400028511";"155731547";"A01";"3";"7";"6";"0";"1";"1";"1";""
"202400028512";"155731545";"B01";"1";"7";"0";"2";"3";"1";"1";""
"202400028512";"155731546";"A01";"2";"7";"0";"2";"2";"15";"1";""
"202400028513";"155731543";"A01";"2";"2";"0";"2";"1";"1";"1";""
"202400028513";"155731544";"B01";"2";"10";"0";"2";"4";"23";"1";""
"202400028514";"155731541";"A01";"2";"7";"0";"2";"8";"15";"1";""
"202400028514";"155731542";"B01";"2";"30";"0";"2";"2";"15";"1";""
"202400028515";"155731540";"A01";"3";"30";"0";"0";"0";"1";"1";""
"202400028516";"155731538";"A01";"1";"7";"0";"2";"5";"15";"1";""
"202400028516";"155731539";"B01";"1";"7";"0";"2";"3";"1";"1";""
"202400028517";"155731537";"A01";"2";"2";"16";"0";"0";"1";"1";""
"202400028518";"155731535";"A01";"1";"7";"14";"0";"1";"2";"1";""
"202400028518";"155731536";"B01";"1";"7";"0";"0";"4";"23";"1";""
"202400028519";"155731532";"A01";"3";"32";"0";"2";"1";"19";"1";""
"202400028519";"155731533";"B01";"3";"32";"0";"2";"7";"1";"1";""
"202400028520";"155731530";"A01";"3";"7";"0";"2";"0";"15";"1";""
"202400028520";"155731531";"B01";"3";"33";"0";"2";"0";"1";"0";""
"202400028521";"155731529";"A01";"2";"7";"0";"1";"1";"19";"1";""
"202400028522";"155731527";"A01";"2";"7";"0";"2";"5";"12";"2";""
"202400028522";"155731528";"B01";"2";"7";"0";"2";"3";"1";"1";""
"202400028523";"155731526";"A01";"1";"1";"0";"1";"1";"1";"5";""
"202400028524";"155731524";"B01";"2";"1";"0";"2";"5";"20";"5";""
"202400028524";"155731525";"A01";"2";"10";"0";"2";"2";"1";"3";""
"202400028525";"155731523";"A01";"2";"34";"0";"1";"1";"1";"3";""
"202400028526";"155731522";"Z01";"1";"32";"0";"1";"1";"1";"0";""
"202400028527";"155731521";"A01";"1";"7";"0";"1";"3";"2";"2";""
"202400028528";"155731519";"A01";"1";"34";"0";"2";"7";"1";"1";""
"202400028528";"155731520";"B01";"3";"1";"0";"2";"1";"19";"5";""
"202400028529";"155731518";"A01";"2";"7";"0";"1";"2";"1";"2";""
"202400028530";"155731517";"A01";"1";"7";"0";"1";"1";"15";"1";""
"202400028531";"155731515";"B01";"1";"1";"0";"2";"6";"15";"5";""
"202400028531";"155731516";"A01";"1";"7";"0";"2";"6";"15";"1";""
"202400028532";"155731514";"A01";"3";"7";"1";"0";"2";"14";"1";""
"202400028533";"155731512";"A01";"2";"2";"0";"2";"6";"18";"1";""
"202400028533";"155731513";"B01";"2";"7";"0";"2";"2";"1";"2";""
"202400028534";"155731510";"B01";"0";"7";"0";"0";"3";"24";"1";""
"202400028534";"155731511";"A01";"2";"1";"1";"0";"3";"19";"5";""
"202400028535";"155731508";"A01";"1";"1";"0";"2";"1";"13";"5";""
"202400028535";"155731509";"B01";"3";"10";"1";"0";"3";"24";"1";""
"202400028536";"155731507";"A01";"1";"34";"1";"0";"1";"1";"1";""
"202400028537";"155731506";"A01";"1";"7";"0";"1";"1";"15";"1";""
"202400028538";"155731504";"B01";"1";"2";"0";"2";"7";"12";"1";""
"202400028538";"155731505";"A01";"1";"7";"0";"2";"8";"1";"1";""
"202400028539";"155731503";"A01";"2";"34";"0";"0";"3";"16";"0";""
"202400028540";"155731501";"A01";"1";"7";"1";"0";"4";"2";"1";""
"202400028540";"155731502";"B01";"1";"7";"0";"2";"4";"23";"2";""
"202400028541";"155731500";"A01";"0";"30";"14";"0";"0";"1";"1";""
"202400028542";"155731499";"A01";"3";"7";"0";"1";"1";"26";"2";""
"202400028543";"155731497";"A01";"2";"7";"0";"2";"1";"1";"1";""
"202400028543";"155731498";"B01";"1";"7";"0";"2";"8";"1";"1";""
"202400028544";"155731495";"A01";"1";"33";"1";"2";"4";"1";"1";""
"202400028544";"155731496";"B01";"1";"37";"0";"2";"5";"1";"1";"1"
"202400028545";"155731493";"A01";"1";"2";"0";"2";"1";"1";"0";""
"202400028545";"155731494";"B01";"1";"7";"0";"2";"3";"9";"0";""
"202400028546";"155731492";"A01";"3";"1";"16";"0";"1";"1";"5";""
"202400028547";"155731491";"A01";"3";"1";"2";"0";"1";"2";"5";""
"202400028548";"155731489";"B01";"1";"10";"16";"0";"6";"23";"1";""
"202400028548";"155731490";"A01";"1";"7";"1";"0";"1";"1";"1";""
"202400028549";"155731486";"A01";"3";"7";"0";"2";"1";"2";"1";""
"202400028549";"155731487";"B01";"3";"7";"0";"2";"4";"2";"1";""
"202400028549";"155731488";"C01";"3";"7";"0";"2";"4";"2";"1";""
"202400028550";"155731485";"A01";"2";"3";"0";"1";"2";"10";"1";""
"202400028551";"155731483";"A01";"1";"17";"0";"2";"1";"1";"1";""
"202400028551";"155731484";"B01";"0";"7";"0";"2";"5";"19";"1";""
"202400028552";"155731482";"A01";"1";"7";"2";"0";"3";"13";"1";""
"202400028553";"155731481";"A01";"2";"7";"2";"0";"7";"0";"1";""
"202400028554";"155731480";"A01";"1";"7";"6";"0";"3";"1";"1";""
"202400028555";"155731478";"B01";"2";"1";"0";"2";"4";"2";"5";""
"202400028555";"155731479";"A01";"2";"7";"0";"2";"3";"9";"1";""
"202400028556";"155731477";"A01";"2";"34";"16";"0";"0";"0";"1";""
"202400028557";"155731476";"A01";"0";"31";"12";"0";"1";"1";"1";""
"202400028558";"155731475";"A01";"3";"7";"0";"1";"2";"16";"1";""
"202400028559";"155731473";"A01";"1";"7";"0";"2";"1";"13";"1";""
"202400028559";"155731474";"B01";"2";"7";"0";"2";"1";"1";"1";""
"202400028560";"155731472";"A01";"1";"7";"0";"1";"1";"1";"1";""
"202400028561";"155731470";"A01";"2";"7";"0";"2";"1";"2";"1";""
"202400028561";"155731471";"B01";"2";"2";"0";"2";"4";"2";"1";""
"202400028562";"155731468";"A01";"3";"14";"0";"2";"3";"10";"1";""
"202400028562";"155731469";"B01";"3";"2";"0";"2";"1";"1";"1";""
"202400028563";"155731466";"B01";"1";"10";"0";"2";"3";"1";"1";""
"202400028563";"155731467";"A01";"2";"7";"0";"2";"3";"17";"1";""
"202400028564";"155731464";"A01";"2";"7";"0";"2";"2";"1";"1";""
"202400028564";"155731465";"B01";"2";"1";"0";"2";"3";"11";"5";""
"202400028565";"155731463";"A01";"2";"7";"6";"0";"0";"1";"1";""
"202400028566";"155731462";"A01";"2";"7";"2";"0";"1";"1";"1";""
"202400028567";"155731461";"A01";"1";"7";"13";"0";"1";"1";"1";""
"202400028568";"155731460";"A01";"2";"7";"2";"0";"3";"0";"2";""
"202400028569";"155731458";"B01";"1";"10";"0";"2";"2";"0";"1";""
"202400028569";"155731459";"A01";"1";"2";"0";"2";"1";"26";"1";""
"202400028570";"155731456";"A01";"1";"7";"1";"2";"2";"15";"1";""
"202400028570";"155731457";"B01";"2";"7";"0";"2";"1";"21";"1";""
"202400028571";"155731454";"B01";"1";"7";"0";"2";"3";"1";"1";""
"202400028571";"155731455";"A01";"2";"7";"0";"2";"3";"1";"1";""
"202400028572";"155731451";"B01";"2";"2";"0";"2";"3";"1";"1";""
"202400028572";"155731452";"A01";"2";"2";"0";"2";"2";"17";"1";""
"202400028572";"155731453";"C01";"1";"7";"0";"2";"3";"1";"1";""
"202400028573";"155731449";"A01";"1";"7";"0";"2";"2";"15";"1";""
"202400028573";"155731450";"B01";"2";"2";"0";"2";"1";"1";"1";""
"202400028574";"155731448";"A01";"2";"7";"2";"0";"1";"13";"1";""
"202400028575";"155731447";"A01";"1";"2";"0";"0";"7";"1";"1";""
"202400028576";"155731445";"A01";"2";"7";"0";"2";"1";"1";"1";""
"202400028576";"155731446";"B01";"1";"7";"0";"2";"1";"1";"1";""
"202400028577";"155731444";"A01";"2";"7";"1";"1";"3";"5";"1";""
"202400028578";"155731443";"A01";"2";"33";"0";"6";"1";"1";"1";""
"202400028579";"155731441";"B01";"2";"10";"0";"2";"6";"1";"1";""
"202400028579";"155731442";"A01";"1";"7";"0";"2";"3";"17";"3";""
"202400028580";"155731440";"A01";"1";"7";"2";"0";"2";"14";"1";""
"202400028581";"155731437";"A01";"1";"7";"0";"2";"2";"6";"1";""
"202400028581";"155731438";"B01";"2";"7";"0";"2";"1";"1";"1";""
"202400028581";"155731439";"C01";"2";"7";"0";"2";"1";"1";"2";""
"202400028582";"155731436";"A01";"1";"33";"0";"0";"0";"1";"1";""
"202400028583";"155731434";"A01";"1";"7";"0";"2";"1";"1";"1";""
"202400028583";"155731435";"B01";"1";"1";"0";"0";"4";"1";"5";""
"202400028584";"155731432";"B01";"1";"7";"0";"2";"3";"1";"1";""
"202400028584";"155731433";"A01";"1";"10";"0";"2";"1";"9";"1";""
"202400028585";"155731430";"A01";"2";"7";"13";"0";"7";"1";"1";""
"202400028585";"155731431";"B01";"1";"7";"0";"0";"1";"1";"1";""
"202400028586";"155731429";"A01";"2";"7";"2";"0";"1";"0";"1";""
"202400028587";"155731428";"A01";"1";"2";"0";"0";"0";"2";"1";""
"202400028588";"155731426";"B01";"2";"7";"0";"2";"3";"5";"1";""
"202400028588";"155731427";"A01";"1";"7";"0";"2";"3";"1";"1";""
"202400028589";"155731425";"A01";"1";"7";"0";"0";"2";"1";"1";""
"202400028590";"155731424";"A01";"2";"7";"2";"0";"1";"1";"1";""
"202400028591";"155731423";"A01";"3";"7";"2";"0";"1";"17";"1";""
"202400028592";"155731421";"B01";"1";"7";"0";"2";"1";"1";"1";""
"202400028592";"155731422";"A01";"2";"7";"0";"2";"2";"15";"1";""
"202400028593";"155731420";"A01";"0";"50";"0";"0";"0";"0";"3";""
"202400028594";"155731419";"A01";"3";"21";"0";"0";"0";"0";"0";""
"202400028595";"155731418";"A01";"1";"7";"13";"0";"1";"13";"1";""
"202400028596";"155731417";"A01";"1";"7";"8";"0";"2";"14";"1";""
"202400028597";"155731415";"B01";"1";"7";"0";"2";"5";"1";"1";""
"202400028597";"155731416";"A01";"2";"10";"0";"2";"1";"1";"1";""
"202400028598";"155731413";"B01";"2";"99";"0";"2";"3";"21";"1";""