"Num_Acc";"id_vehicule";"num_veh";"senc";"catv";"obs";"obsm";"choc";"manv";"motor";"occutc"
"202400028598";"155731414";"A01";"1";"7";"13";"2";"3";"13";"1";""
"202400028599";"155731412";"A01";"1";"7";"13";"0";"1";"14";"1";""
"202400028600";"155731411";"A01";"1";"7";"16";"0";"1";"1";"0";""
"202400028601";"155731409";"A01";"1";"7";"13";"0";"1";"12";"1";""
"202400028601";"155731410";"B01";"1";"7";"13";"0";"1";"1";"1";""
"202400028602";"155731407";"A01";"1";"7";"0";"2";"0";"9";"1";""
"202400028602";"155731408";"B01";"1";"2";"0";"2";"1";"1";"3";""
"202400028603";"155731405";"B01";"2";"7";"0";"2";"1";"5";"1";""
"202400028603";"155731406";"A01";"2";"7";"0";"2";"1";"21";"1";""
"202400028604";"155731404";"A01";"2";"7";"3";"0";"3";"1";"1";""
"202400028605";"155731400";"C01";"2";"7";"0";"2";"1";"1";"3";""
"202400028605";"155731401";"D01";"2";"7";"0";"2";"4";"1";"2";""
"202400028605";"155731402";"B01";"2";"7";"0";"2";"1";"1";"1";""
"202400028605";"155731403";"A01";"2";"7";"3";"0";"1";"1";"2";""
"202400028606";"155731399";"A01";"1";"7";"2";"0";"1";"13";"1";""
"202400028607";"155731398";"A01";"2";"2";"6";"0";"1";"1";"1";""
"202400028608";"155731397";"A01";"3";"10";"0";"1";"2";"1";"1";""
"202400028609";"155731395";"A01";"0";"7";"0";"2";"8";"11";"1";""
"202400028609";"155731396";"B01";"0";"33";"0";"2";"7";"17";"1";""
"202400028610";"155731392";"A01";"1";"7";"0";"2";"2";"17";"1";""
"202400028610";"155731393";"B01";"2";"7";"0";"2";"1";"1";"1";""
"202400028610";"155731394";"C01";"1";"10";"0";"2";"3";"1";"1";""
"202400028611";"155731389";"A01";"1";"7";"0";"2";"1";"13";"1";""
"202400028611";"155731390";"B01";"2";"10";"0";"2";"1";"1";"1";""
"202400028611";"155731391";"C01";"2";"7";"0";"2";"1";"21";"1";""
"202400028612";"155731388";"A01";"2";"10";"0";"1";"3";"1";"1";""
"202400028613";"155731386";"B01";"1";"10";"0";"2";"1";"1";"1";""
"202400028613";"155731387";"A01";"1";"33";"0";"0";"6";"1";"1";""
"202400028614";"155731385";"A01";"1";"33";"3";"0";"2";"1";"1";""
"202400028615";"155731384";"A01";"2";"34";"0";"0";"0";"0";"1";""
"202400028616";"155731382";"B01";"3";"7";"0";"2";"3";"26";"1";""
"202400028616";"155731383";"A01";"3";"30";"0";"2";"2";"15";"1";""
"202400028617";"155731380";"A01";"2";"7";"0";"2";"3";"13";"1";""
"202400028617";"155731381";"B01";"1";"7";"0";"2";"3";"24";"1";""
"202400028618";"155731379";"A01";"1";"7";"0";"1";"3";"1";"1";""
"202400028619";"155731377";"B01";"1";"7";"0";"2";"3";"2";"1";""
"202400028619";"155731378";"A01";"1";"7";"0";"2";"6";"15";"0";""
"202400028620";"155731376";"A01";"3";"7";"0";"1";"3";"15";"1";""
"202400028621";"155731375";"A01";"2";"7";"0";"1";"8";"1";"2";""
"202400028622";"155731373";"A01";"2";"7";"14";"0";"6";"15";"1";""
"202400028622";"155731374";"B01";"2";"31";"14";"0";"1";"17";"1";""
"202400028623";"155731372";"A01";"2";"7";"0";"1";"2";"1";"1";""
"202400028624";"155731370";"A01";"2";"33";"0";"2";"2";"2";"1";""
"202400028624";"155731371";"B01";"2";"7";"0";"2";"6";"23";"1";""
"202400028625";"155731369";"A01";"1";"1";"12";"0";"1";"14";"5";""
"202400028626";"155731368";"A01";"2";"1";"10";"0";"0";"0";"5";""
"202400028627";"155731366";"B01";"3";"50";"0";"2";"1";"1";"3";""
"202400028627";"155731367";"A01";"3";"10";"0";"2";"3";"9";"1";""
"202400028628";"155731364";"A01";"0";"7";"0";"2";"1";"1";"1";""
"202400028628";"155731365";"B01";"0";"32";"0";"2";"7";"1";"1";""
"202400028629";"155731363";"A01";"3";"30";"0";"0";"0";"1";"1";""
"202400028630";"155731361";"B01";"0";"1";"0";"2";"0";"1";"5";""
"202400028630";"155731362";"A01";"3";"32";"0";"2";"0";"0";"0";""
"202400028631";"155731360";"A01";"0";"50";"0";"0";"0";"0";"3";""
"202400028632";"155731358";"A01";"2";"7";"0";"9";"5";"15";"1";""
"202400028632";"155731359";"B01";"1";"33";"0";"2";"1";"1";"1";""
"202400028633";"155731356";"A01";"2";"7";"0";"2";"3";"1";"1";""
"202400028633";"155731357";"B01";"2";"50";"0";"2";"4";"1";"3";""
"202400028634";"155731354";"A01";"3";"33";"0";"2";"4";"9";"1";""
"202400028634";"155731355";"B01";"3";"7";"0";"2";"1";"1";"2";""
"202400028635";"155731353";"A01";"3";"7";"0";"1";"5";"1";"2";""
"202400028636";"155731348";"A01";"1";"7";"0";"2";"1";"1";"1";""
"202400028636";"155731349";"B01";"1";"50";"0";"2";"7";"19";"3";""
"202400028637";"155731346";"A01";"1";"7";"0";"2";"1";"13";"1";""
"202400028637";"155731347";"B01";"2";"7";"0";"2";"1";"0";"1";""
"202400028638";"155731344";"A01";"0";"7";"0";"9";"2";"15";"1";""
"202400028638";"155731345";"B01";"0";"33";"0";"2";"1";"1";"1";""
"202400028639";"155731342";"A01";"1";"7";"0";"2";"3";"15";"1";""
"202400028639";"155731343";"B01";"2";"1";"0";"2";"1";"1";"5";""
"202400028640";"155731340";"A01";"1";"1";"0";"2";"3";"5";"5";""
"202400028640";"155731341";"B01";"1";"7";"0";"9";"2";"9";"1";""
"202400028641";"155731338";"B01";"1";"7";"0";"2";"4";"2";"1";""
"202400028641";"155731339";"A01";"1";"33";"0";"2";"1";"1";"1";""
"202400028642";"155731337";"A01";"1";"7";"1";"0";"1";"1";"1";""
"202400028643";"155731336";"A01";"1";"31";"0";"0";"0";"2";"1";""
"202400028644";"155731335";"A01";"1";"7";"14";"1";"2";"2";"1";""
"202400028645";"155731333";"A01";"2";"50";"0";"2";"6";"13";"3";""
"202400028645";"155731334";"B01";"2";"7";"0";"2";"2";"1";"1";""
"202400028646";"155731331";"A01";"2";"7";"0";"2";"1";"1";"1";""
"202400028646";"155731332";"B01";"2";"50";"0";"2";"7";"3";"3";""
"202400028647";"155731330";"A01";"3";"7";"0";"1";"0";"15";"1";""
"202400028648";"155731329";"A01";"3";"50";"16";"0";"0";"1";"3";""
"202400028649";"155731328";"A01";"3";"7";"16";"0";"9";"1";"1";""
"202400028650";"155731326";"A01";"0";"7";"0";"2";"7";"15";"1";""
"202400028650";"155731327";"B01";"0";"3";"0";"2";"1";"1";"1";""
"202400028651";"155731324";"B01";"1";"37";"0";"2";"6";"1";"1";"1"
"202400028651";"155731325";"A01";"1";"1";"0";"2";"1";"1";"5";""
"202400028652";"155731323";"A01";"3";"33";"12";"0";"0";"1";"1";""
"202400028653";"155731322";"A01";"1";"7";"0";"1";"3";"21";"1";""
"202400028654";"155731320";"A01";"2";"7";"0";"2";"1";"1";"1";""
"202400028654";"155731321";"B01";"2";"10";"0";"0";"4";"1";"1";""
"202400028655";"155731315";"A01";"1";"80";"0";"0";"0";"16";"3";""
"202400028656";"155731313";"A01";"3";"7";"0";"2";"3";"15";"1";""
"202400028656";"155731314";"B01";"2";"33";"0";"2";"2";"1";"1";""
"202400028657";"155731312";"A01";"1";"40";"0";"1";"2";"1";"3";""
"202400028658";"155731310";"B01";"1";"32";"0";"2";"2";"2";"1";""
"202400028658";"155731311";"A01";"1";"10";"0";"2";"3";"2";"2";""
"202400028659";"155731308";"B01";"2";"15";"0";"2";"3";"21";"1";""
"202400028659";"155731309";"A01";"1";"43";"0";"2";"3";"13";"1";""
"202400028660";"155731307";"A01";"3";"7";"0";"1";"1";"2";"1";""
"202400028661";"155731305";"A01";"3";"7";"0";"2";"5";"1";"1";""
"202400028661";"155731306";"B01";"3";"33";"0";"2";"1";"1";"1";""
"202400028662";"155731303";"B01";"1";"50";"0";"2";"1";"1";"3";""
"202400028662";"155731304";"A01";"1";"7";"0";"2";"2";"15";"1";""
"202400028663";"155731302";"A01";"2";"34";"14";"1";"0";"26";"1";""
"202400028664";"155731300";"A01";"2";"7";"0";"2";"3";"9";"0";""
"202400028664";"155731301";"B01";"1";"1";"0";"2";"2";"26";"5";""
"202400028665";"155731298";"B01";"1";"7";"0";"2";"4";"1";"1";""
"202400028665";"155731299";"A01";"1";"7";"0";"2";"1";"26";"1";""
"202400028666";"155731297";"A01";"1";"7";"2";"0";"1";"13";"2";""
"202400028667";"155731295";"A01";"1";"80";"0";"2";"1";"9";"3";""
"202400028667";"155731296";"B01";"1";"7";"0";"0";"3";"1";"1";""
"202400028668";"155731293";"B01";"1";"2";"0";"2";"5";"1";"1";""
"202400028668";"155731294";"A01";"1";"7";"0";"2";"3";"15";"1";""
"202400028669";"155731291";"B01";"2";"33";"0";"2";"8";"1";"1";""
"202400028669";"155731292";"A01";"1";"7";"0";"2";"3";"2";"1";""
"202400028670";"155731289";"A01";"1";"30";"0";"2";"1";"1";"1";""
"202400028670";"155731290";"B01";"1";"13";"0";"2";"7";"16";"1";""
"202400028671";"155731287";"B01";"1";"7";"0";"2";"8";"1";"1";""
"202400028671";"155731288";"A01";"1";"31";"0";"2";"1";"1";"1";""
"202400028672";"155731286";"A01";"3";"10";"0";"1";"2";"15";"1";""
"202400028673";"155731285";"A01";"1";"1";"0";"1";"1";"1";"5";""
"202400028674";"155731283";"Z01";"1";"7";"0";"2";"1";"2";"1";""
"202400028674";"155731284";"A01";"1";"80";"0";"2";"4";"1";"3";""
"202400028675";"155731282";"A01";"2";"50";"0";"1";"1";"1";"3";""
"202400028676";"155731280";"A01";"2";"7";"0";"2";"2";"1";"1";""
"202400028676";"155731281";"B01";"1";"7";"0";"2";"3";"1";"1";""
"202400028677";"155731278";"A01";"1";"33";"0";"2";"7";"1";"1";""
"202400028677";"155731279";"B01";"2";"7";"0";"2";"1";"1";"1";""
"202400028678";"155731276";"B01";"2";"32";"0";"2";"0";"1";"1";""
"202400028678";"155731277";"A01";"2";"7";"0";"2";"0";"0";"1";""
"202400028679";"155731274";"B01";"1";"7";"0";"2";"4";"1";"0";""
"202400028679";"155731275";"A01";"1";"7";"0";"2";"1";"1";"1";""
"202400028680";"155731273";"A01";"3";"7";"0";"1";"3";"1";"1";""
"202400028681";"155731271";"A01";"1";"7";"0";"2";"1";"15";"2";""
"202400028681";"155731272";"B01";"2";"32";"0";"2";"1";"1";"1";""
"202400028682";"155731269";"B01";"2";"7";"0";"2";"1";"15";"1";""
"202400028682";"155731270";"A01";"1";"32";"0";"2";"1";"1";"1";""
"202400028683";"155731267";"B01";"2";"10";"0";"2";"5";"14";"1";""
"202400028683";"155731268";"A01";"2";"50";"0";"2";"3";"14";"3";""
"202400028684";"155731265";"A01";"1";"10";"12";"0";"1";"0";"0";""
"202400028685";"155731264";"A01";"1";"7";"0";"2";"2";"15";"1";""
"202400028685";"155731266";"B01";"2";"7";"0";"2";"1";"1";"1";""
"202400028686";"155731263";"A01";"1";"7";"0";"1";"1";"1";"1";""
"202400028687";"155731261";"B01";"1";"30";"0";"2";"5";"2";"1";""
"202400028687";"155731262";"A01";"1";"13";"0";"2";"1";"17";"1";""
"202400028688";"155731260";"A01";"2";"7";"11";"0";"1";"1";"1";""
"202400028689";"155731259";"A01";"1";"7";"15";"0";"3";"1";"1";""
"202400028690";"155731257";"A01";"1";"7";"3";"0";"9";"9";"1";""
"202400028691";"155731256";"B01";"0";"31";"0";"2";"1";"1";"1";""
"202400028691";"155731258";"A01";"0";"7";"0";"2";"2";"15";"1";""
"202400028692";"155731254";"B01";"1";"50";"0";"2";"8";"19";"3";""
"202400028692";"155731255";"A01";"1";"10";"0";"2";"1";"1";"1";""
"202400028693";"155731251";"B01";"0";"1";"0";"2";"1";"1";"5";""
"202400028693";"155731253";"A01";"0";"7";"0";"2";"8";"16";"1";""
"202400028694";"155731250";"A01";"1";"7";"0";"2";"7";"16";"1";""
"202400028694";"155731252";"B01";"1";"15";"0";"2";"3";"1";"1";""
"202400028695";"155731249";"A01";"1";"31";"0";"0";"2";"10";"3";""
"202400028696";"155731246";"A01";"2";"7";"0";"2";"1";"2";"1";""
"202400028696";"155731248";"B01";"2";"7";"0";"2";"4";"2";"1";""
"202400028697";"155731245";"A01";"1";"1";"0";"2";"8";"1";"5";""
"202400028697";"155731247";"B01";"1";"7";"0";"2";"1";"1";"1";""
"202400028698";"155731243";"A01";"3";"1";"0";"0";"0";"0";"5";""
"202400028699";"155731242";"B01";"1";"1";"0";"2";"8";"15";"5";""
"202400028699";"155731244";"A01";"1";"1";"0";"2";"1";"1";"5";""
"202400028700";"155731239";"A01";"1";"7";"0";"2";"3";"13";"1";""
"202400028700";"155731241";"B01";"2";"31";"0";"2";"3";"0";"1";""
"202400028701";"155731238";"A01";"1";"7";"0";"2";"2";"1";"1";""
"202400028701";"155731240";"B01";"2";"7";"0";"2";"5";"15";"1";""
"202400028702";"155731236";"A01";"2";"7";"0";"2";"2";"15";"1";""
"202400028702";"155731237";"B01";"2";"33";"0";"2";"1";"1";"1";""
"202400028703";"155731235";"A01";"1";"7";"0";"1";"2";"1";"1";""
"202400028704";"155731234";"A01";"3";"7";"0";"1";"1";"1";"1";""
"202400028705";"155731232";"A01";"1";"34";"8";"0";"1";"1";"1";""
"202400028706";"155731233";"A01";"1";"1";"0";"0";"0";"20";"5";""
"202400028707";"155731231";"A01";"3";"7";"14";"5";"1";"1";"1";""
"202400028708";"155731228";"A01";"2";"7";"0";"2";"6";"1";"1";""
"202400028708";"155731230";"B01";"1";"7";"0";"2";"3";"1";"1";""
"202400028709";"155731226";"B01";"2";"7";"0";"2";"4";"2";"1";""
"202400028709";"155731227";"C01";"2";"7";"0";"2";"4";"23";"2";""
"202400028709";"155731229";"A01";"2";"7";"0";"2";"1";"2";"1";""
"202400028710";"155731225";"A01";"2";"7";"8";"0";"1";"1";"1";""
"202400028711";"155731224";"A01";"3";"7";"0";"1";"3";"15";"1";""
"202400028712";"155731222";"A01";"2";"10";"0";"2";"2";"1";"1";""
"202400028712";"155731223";"B01";"3";"2";"0";"2";"1";"1";"1";""
"202400028713";"155731221";"A01";"1";"33";"13";"0";"7";"0";"1";""
"202400028714";"155731219";"A01";"2";"33";"0";"2";"1";"1";"1";""
"202400028714";"155731220";"B01";"1";"7";"0";"2";"3";"15";"1";""
"202400028715";"155731217";"B01";"2";"7";"0";"2";"4";"2";"1";""
"202400028715";"155731218";"A01";"2";"10";"0";"2";"1";"2";"1";""
"202400028716";"155731215";"B01";"3";"38";"0";"2";"3";"1";"1";"1"
"202400028716";"155731216";"A01";"3";"2";"0";"2";"8";"13";"1";""
"202400028717";"155731214";"A01";"2";"7";"0";"1";"1";"2";"1";""
"202400028718";"155731212";"A01";"2";"7";"0";"1";"1";"2";"0";""
"202400028719";"155731211";"B01";"3";"30";"0";"2";"1";"9";"1";""
"202400028719";"155731213";"A01";"2";"33";"0";"0";"8";"14";"1";""
"202400028720";"155731208";"B01";"1";"7";"3";"0";"4";"1";"1";""
"202400028720";"155731210";"A01";"1";"7";"4";"2";"1";"2";"1";""
"202400028721";"155731205";"A01";"1";"1";"0";"2";"1";"1";"5";""
"202400028721";"155731206";"B01";"2";"15";"0";"2";"1";"15";"1";""
"202400028722";"155731203";"A01";"1";"7";"0";"2";"1";"2";"1";""
"202400028722";"155731204";"B01";"1";"7";"0";"2";"4";"1";"2";""
"202400028723";"155731202";"A01";"1";"1";"0";"0";"0";"1";"5";""
"202400028724";"155731198";"A01";"2";"7";"0";"2";"1";"2";"1";""
"202400028724";"155731200";"B01";"2";"50";"0";"2";"4";"1";"3";""
"202400028725";"155731199";"B01";"3";"7";"0";"2";"6";"1";"0";""
"202400028725";"155731201";"A01";"3";"50";"0";"2";"1";"11";"3";""
"202400028726";"155731195";"A01";"3";"43";"0";"2";"2";"3";"1";""
"202400028726";"155731196";"B01";"3";"7";"0";"2";"3";"1";"1";""
"202400028727";"155731194";"B01";"1";"7";"0";"2";"8";"15";"1";""
"202400028727";"155731197";"A01";"1";"7";"0";"2";"1";"17";"1";""
"202400028728";"155731191";"A01";"3";"2";"0";"0";"0";"1";"1";""
"202400028729";"155731190";"B01";"1";"7";"0";"2";"4";"1";"1";""
"202400028729";"155731192";"C01";"1";"7";"0";"2";"4";"1";"1";""
"202400028729";"155731193";"A01";"1";"7";"0";"2";"1";"1";"1";""
"202400028730";"155731187";"A01";"3";"13";"0";"2";"1";"19";"1";""
"202400028730";"155731189";"B01";"1";"10";"13";"2";"7";"1";"1";""
"202400028731";"155731186";"A01";"1";"30";"0";"2";"1";"1";"1";""
"202400028731";"155731188";"B01";"2";"7";"0";"2";"3";"1";"2";""
"202400028732";"155731183";"A01";"1";"30";"0";"2";"1";"17";"1";""
"202400028732";"155731185";"B01";"2";"7";"0";"2";"3";"1";"2";""
"202400028733";"155731182";"A01";"2";"7";"0";"2";"1";"13";"1";""
"202400028733";"155731184";"B01";"1";"7";"0";"2";"3";"1";"1";""
"202400028734";"155731178";"A01";"1";"32";"0";"2";"0";"17";"1";""
"202400028734";"155731180";"B01";"1";"7";"0";"2";"0";"15";"1";""
"202400028735";"155731179";"A01";"3";"2";"0";"2";"3";"15";"1";""
"202400028735";"155731181";"B01";"3";"2";"0";"2";"1";"1";"1";""
"202400028736";"155731175";"B01";"3";"33";"0";"2";"8";"1";"1";""
"202400028736";"155731177";"A01";"3";"7";"0";"2";"3";"15";"1";""
"202400028737";"155731173";"A01";"1";"7";"0";"2";"3";"13";"1";""
"202400028737";"155731174";"B01";"2";"7";"0";"2";"3";"1";"1";""
"202400028737";"155731176";"C01";"2";"13";"0";"2";"6";"1";"1";""
"202400028738";"155731172";"A01";"1";"33";"0";"1";"1";"0";"1";""
"202400028739";"155731171";"A01";"1";"33";"4";"0";"1";"2";"0";""
"202400028740";"155731169";"B01";"2";"7";"0";"2";"1";"1";"1";""
"202400028740";"155731170";"Z01";"1";"7";"0";"2";"1";"10";"1";""
"202400028741";"155731167";"A01";"1";"7";"0";"2";"7";"9";"1";""
"202400028741";"155731168";"B01";"1";"33";"0";"2";"1";"1";"1";""
"202400028742";"155731164";"A01";"1";"7";"13";"0";"1";"13";"1";""
"202400028743";"155731162";"D01";"2";"7";"0";"2";"4";"1";"1";""
"202400028743";"155731163";"C01";"2";"7";"0";"2";"4";"1";"1";""
"202400028743";"155731165";"B01";"2";"7";"0";"2";"1";"2";"1";""
"202400028743";"155731166";"A01";"2";"7";"0";"2";"1";"2";"2";""
"202400028744";"155731160";"A01";"2";"7";"0";"2";"3";"1";"1";""
"202400028744";"155731161";"B01";"1";"7";"0";"2";"3";"13";"1";""
"202400028745";"155731159";"A01";"2";"50";"0";"0";"0";"15";"3";""
"202400028746";"155731158";"A01";"2";"7";"0";"1";"1";"1";"1";""
"202400028747";"155731157";"A01";"1";"33";"0";"0";"0";"1";"1";""
"202400028748";"155731154";"B01";"1";"33";"0";"2";"1";"1";"1";""
"202400028748";"155731156";"A01";"2";"7";"0";"2";"2";"15";"1";""
"202400028749";"155731153";"B01";"1";"50";"0";"2";"8";"19";"3";""
"202400028749";"155731155";"A01";"2";"7";"0";"2";"3";"1";"1";""
"202400028750";"155731150";"B01";"1";"33";"0";"2";"1";"0";"1";""
"202400028750";"155731151";"A01";"1";"7";"0";"2";"7";"15";"1";""
"202400028751";"155731149";"B01";"2";"7";"0";"2";"4";"1";"2";""
"202400028751";"155731152";"A01";"2";"32";"0";"2";"1";"1";"1";""
"202400028752";"155731147";"A01";"1";"33";"0";"6";"1";"1";"1";""
"202400028753";"155731146";"A01";"3";"32";"0";"2";"7";"19";"1";""
"202400028753";"155731148";"B01";"2";"50";"0";"2";"2";"1";"3";""
"202400028754";"155731144";"A01";"2";"30";"0";"0";"0";"15";"3";""
"202400028755";"155731143";"A01";"1";"7";"6";"2";"5";"10";"1";""
"202400028755";"155731145";"B01";"1";"7";"0";"2";"1";"1";"1";""
"202400028756";"155731141";"A01";"2";"80";"0";"0";"0";"0";"3";""
"202400028757";"155731140";"A01";"3";"2";"0";"2";"8";"18";"1";""
"202400028757";"155731142";"B01";"3";"7";"0";"2";"7";"14";"1";""
"202400028758";"155731137";"B01";"1";"1";"8";"0";"4";"1";"5";""
"202400028758";"155731139";"A01";"1";"7";"0";"2";"2";"2";"0";""
"202400028759";"155731138";"A01";"1";"10";"0";"1";"2";"1";"1";""
"202400028760";"155731136";"A01";"1";"7";"6";"0";"1";"0";"1";""
"202400028761";"155731134";"B01";"1";"7";"0";"2";"5";"23";"1";""
"202400028761";"155731135";"A01";"1";"7";"0";"2";"3";"1";"1";""
"202400028762";"155731133";"A01";"2";"7";"0";"1";"3";"1";"1";""
"202400028763";"155731132";"Z01";"1";"33";"0";"1";"8";"1";"0";""
"202400028764";"155731130";"B01";"2";"1";"0";"2";"4";"2";"5";""
"202400028764";"155731131";"A01";"2";"10";"0";"2";"2";"2";"1";""
"202400028765";"155731127";"B01";"1";"34";"0";"2";"1";"1";"3";""
"202400028765";"155731129";"A01";"1";"7";"0";"2";"1";"15";"2";""
"202400028766";"155731126";"A01";"2";"2";"0";"2";"1";"13";"1";""
"202400028766";"155731128";"B01";"1";"7";"0";"2";"1";"1";"1";""
"202400028767";"155731124";"A01";"3";"34";"12";"0";"0";"15";"3";""
"202400028768";"155731123";"A01";"1";"7";"0";"2";"1";"17";"1";""
"202400028768";"155731125";"B01";"2";"7";"0";"2";"1";"1";"1";""
"202400028769";"155731120";"A01";"1";"7";"0";"2";"1";"13";"1";""
"202400028769";"155731122";"B01";"1";"7";"0";"2";"1";"1";"1";""
"202400028770";"155731119";"A01";"1";"10";"0";"2";"5";"16";"1";""
"202400028770";"155731121";"B01";"1";"7";"0";"2";"3";"7";"2";""
"202400028771";"155731117";"A01";"3";"7";"6";"0";"3";"1";"0";""
"202400028772";"155731116";"B01";"1";"33";"0";"2";"8";"1";"1";""
"202400028772";"155731118";"A01";"2";"7";"0";"2";"3";"13";"1";""
"202400028773";"155731113";"B01";"3";"7";"0";"2";"2";"2";"1";""
"202400028773";"155731115";"A01";"3";"50";"0";"2";"1";"1";"3";""
"202400028774";"155731112";"B01";"2";"33";"0";"2";"1";"1";"1";""
"202400028774";"155731114";"A01";"1";"7";"0";"2";"3";"19";"1";""
"202400028775";"155731111";"Z01";"2";"10";"0";"1";"1";"17";"1";""
"202400028776";"155731107";"A01";"3";"10";"0";"2";"2";"1";"1";""
"202400028776";"155731108";"B01";"3";"1";"0";"2";"4";"19";"5";""
"202400028777";"155731104";"A01";"2";"60";"0";"1";"0";"1";"5";""
"202400028778";"155731103";"A01";"2";"7";"3";"2";"3";"13";"1";""
"202400028778";"155731105";"B01";"1";"33";"3";"2";"8";"1";"1";""
"202400028778";"155731106";"C01";"1";"7";"0";"2";"2";"1";"3";""
"202400028778";"155731109";"D01";"2";"7";"0";"2";"2";"2";"1";""
"202400028779";"155731101";"B01";"3";"33";"0";"2";"1";"1";"0";""
"202400028779";"155731102";"A01";"3";"7";"0";"2";"5";"15";"0";""
"202400028780";"155731099";"B01";"1";"7";"0";"2";"4";"1";"1";""
"202400028780";"155731100";"A01";"1";"7";"0";"2";"1";"2";"1";""
"202400028781";"155731097";"A01";"2";"7";"3";"0";"3";"1";"1";""
"202400028782";"155731096";"B01";"3";"33";"0";"2";"3";"1";"1";""
"202400028782";"155731098";"A01";"3";"7";"0";"2";"3";"15";"2";""
"202400028783";"155731095";"A01";"2";"7";"3";"0";"0";"1";"1";""
"202400028784";"155731092";"A01";"1";"7";"0";"2";"5";"15";"1";""
"202400028784";"155731094";"B01";"2";"99";"0";"2";"3";"1";"0";""
"202400028785";"155731090";"A01";"1";"7";"0";"0";"0";"1";"1";""
"202400028785";"155731091";"C01";"1";"33";"0";"2";"1";"1";"1";""
"202400028785";"155731093";"B01";"1";"7";"0";"2";"6";"12";"1";""
"202400028786";"155731088";"A01";"3";"33";"2";"0";"1";"1";"1";""
"202400028787";"155731086";"B01";"1";"7";"0";"2";"4";"2";"1";""
"202400028787";"155731087";"A01";"3";"7";"0";"2";"4";"23";"1";""
"202400028787";"155731089";"C01";"1";"7";"0";"2";"3";"9";"2";""
"202400028788";"155731083";"B01";"2";"32";"0";"2";"1";"1";"1";""
"202400028788";"155731085";"A01";"1";"7";"0";"2";"7";"15";"1";""
"202400028789";"155731082";"B01";"3";"7";"0";"2";"8";"24";"1";""
"202400028789";"155731084";"A01";"3";"7";"1";"0";"2";"1";"2";""
"202400028790";"155731079";"A01";"1";"15";"0";"0";"5";"12";"1";""
"202400028790";"155731081";"B01";"1";"7";"0";"0";"3";"2";"1";""
"202400028791";"155731078";"A01";"1";"7";"0";"0";"3";"13";"1";""
"202400028791";"155731080";"B01";"2";"7";"0";"0";"2";"0";"1";""
"202400028792";"155731077";"A01";"2";"33";"0";"2";"0";"1";"3";""
"202400028793";"155731075";"B01";"1";"7";"0";"2";"8";"15";"1";""
"202400028793";"155731076";"A01";"1";"10";"0";"2";"2";"17";"1";""
"202400028794";"155731072";"C01";"1";"7";"0";"2";"4";"23";"1";""
"202400028794";"155731073";"B01";"1";"7";"0";"2";"4";"23";"1";""
"202400028794";"155731074";"A01";"1";"7";"0";"2";"1";"1";"1";""
"202400028795";"155731070";"A01";"1";"7";"0";"2";"1";"1";"1";""
"202400028795";"155731071";"B01";"1";"16";"0";"2";"2";"19";"1";""
"202400028796";"155731069";"A01";"3";"40";"0";"1";"1";"1";"0";""
"202400028797";"155731066";"B01";"1";"7";"0";"2";"3";"15";"1";""
"202400028797";"155731067";"A01";"1";"43";"0";"2";"5";"17";"1";""
"202400028798";"155731065";"B01";"2";"1";"0";"2";"1";"1";"5";""
"202400028798";"155731068";"A01";"3";"7";"0";"9";"1";"1";"1";""
"202400028799";"155731064";"A01";"3";"1";"0";"0";"1";"26";"5";""
"202400028800";"155731062";"A01";"1";"2";"0";"2";"1";"17";"1";""
"202400028800";"155731063";"B01";"2";"7";"0";"2";"3";"15";"1";""
"202400028801";"155731061";"A01";"0";"7";"0";"1";"1";"15";"1";""
"202400028802";"155731059";"A01";"0";"2";"0";"2";"1";"1";"1";""
"202400028802";"155731060";"B01";"3";"33";"0";"2";"3";"1";"1";""
"202400028803";"155731057";"A01";"2";"7";"0";"9";"3";"9";"1";""
"202400028803";"155731058";"B01";"2";"1";"0";"2";"1";"1";"5";""
"202400028804";"155731055";"A01";"2";"7";"0";"2";"1";"17";"1";""
"202400028804";"155731056";"B01";"1";"15";"0";"2";"1";"1";"1";""
"202400028805";"155731054";"A01";"2";"7";"0";"1";"1";"0";"1";""
"202400028806";"155731051";"A01";"1";"7";"0";"2";"3";"5";"1";""
"202400028806";"155731052";"B01";"2";"7";"0";"2";"3";"1";"1";""
"202400028807";"155731050";"A01";"1";"7";"0";"2";"1";"1";"1";""
"202400028807";"155731053";"B01";"2";"31";"0";"2";"1";"5";"1";""
"202400028808";"155731049";"A01";"0";"36";"0";"0";"0";"4";"1";""
"202400028809";"155731048";"A01";"0";"7";"0";"0";"9";"1";"1";""
"202400028810";"155731046";"B01";"2";"50";"0";"2";"1";"1";"3";""
"202400028810";"155731047";"A01";"1";"7";"0";"2";"1";"15";"1";""
"202400028811";"155731044";"A01";"1";"7";"0";"2";"3";"1";"1";""
"202400028811";"155731045";"B01";"1";"50";"0";"2";"1";"19";"3";""
"202400028812";"155731043";"A01";"3";"2";"0";"0";"9";"1";"1";""
"202400028813";"155731041";"A01";"2";"7";"4";"0";"3";"0";"1";""
"202400028814";"155731040";"B01";"1";"33";"0";"2";"1";"1";"1";""
"202400028814";"155731042";"A01";"2";"7";"0";"2";"3";"10";"1";""
"202400028815";"155731039";"A01";"1";"7";"8";"0";"3";"13";"1";""
"202400028816";"155731037";"A01";"1";"7";"0";"2";"3";"1";"1";""