"Num_Acc";"id_vehicule";"num_veh";"senc";"catv";"obs";"obsm";"choc";"manv";"motor";"occutc"
"202400028816";"155731038";"B01";"2";"7";"0";"2";"3";"1";"1";""
"202400028817";"155731034";"B01";"1";"7";"0";"2";"4";"1";"1";""
"202400028817";"155731035";"C01";"1";"7";"0";"2";"1";"2";"1";""
"202400028817";"155731036";"A01";"1";"7";"0";"2";"4";"2";"1";""
"202400028818";"155731032";"A01";"2";"7";"6";"0";"1";"1";"1";""
"202400028819";"155731031";"A01";"2";"7";"0";"2";"3";"15";"1";""
"202400028819";"155731033";"B01";"2";"7";"0";"2";"2";"17";"1";""
"202400028820";"155731028";"A01";"1";"33";"3";"2";"8";"26";"1";""
"202400028820";"155731030";"Z01";"1";"7";"0";"2";"0";"0";"0";""
"202400028821";"155731027";"A01";"2";"7";"0";"2";"0";"17";"0";""
"202400028821";"155731029";"B01";"2";"2";"0";"2";"8";"17";"1";""
"202400028822";"155731023";"A01";"2";"7";"0";"2";"2";"15";"1";""
"202400028822";"155731025";"B01";"1";"2";"0";"2";"1";"1";"1";""
"202400028823";"155731022";"A01";"1";"7";"0";"0";"1";"1";"1";""
"202400028823";"155731024";"B01";"1";"7";"0";"1";"0";"24";"1";""
"202400028823";"155731026";"C01";"1";"7";"0";"0";"0";"1";"1";""
"202400028824";"155731020";"A01";"2";"10";"0";"2";"0";"11";"1";""
"202400028824";"155731021";"B01";"2";"33";"0";"2";"0";"3";"1";""
"202400028825";"155731019";"A01";"2";"7";"0";"1";"3";"1";"1";""
"202400028826";"155731017";"B01";"2";"7";"4";"2";"4";"1";"1";""
"202400028826";"155731018";"A01";"2";"33";"4";"2";"1";"0";"1";""
"202400028827";"155731013";"A01";"1";"7";"0";"2";"2";"2";"1";""
"202400028827";"155731014";"B01";"1";"7";"0";"2";"3";"2";"3";""
"202400028827";"155731015";"C01";"1";"7";"0";"2";"5";"2";"1";""
"202400028828";"155731012";"A01";"2";"7";"0";"2";"1";"1";"1";""
"202400028828";"155731016";"B01";"1";"7";"0";"2";"1";"13";"1";""
"202400028829";"155731008";"B01";"1";"7";"0";"2";"1";"9";"1";""
"202400028829";"155731010";"A01";"1";"2";"0";"2";"2";"1";"1";""
"202400028830";"155731006";"D01";"2";"10";"0";"2";"4";"23";"1";""
"202400028830";"155731007";"A01";"2";"10";"0";"2";"1";"1";"1";""
"202400028830";"155731009";"B01";"2";"7";"0";"2";"4";"23";"1";""
"202400028830";"155731011";"C01";"2";"10";"0";"2";"4";"23";"1";""
"202400028831";"155731005";"A01";"2";"7";"2";"0";"1";"1";"1";""
"202400028832";"155731003";"A01";"2";"7";"0";"2";"1";"2";"1";""
"202400028832";"155731004";"B01";"2";"7";"0";"2";"4";"2";"1";""
"202400028833";"155731002";"A01";"2";"50";"0";"0";"0";"1";"3";""
"202400028834";"155730998";"A01";"3";"2";"0";"2";"0";"1";"1";""
"202400028834";"155731000";"B01";"3";"7";"0";"2";"3";"11";"1";""
"202400028835";"155730997";"A01";"1";"7";"0";"2";"1";"2";"1";""
"202400028835";"155730999";"C01";"1";"10";"0";"2";"4";"2";"1";""
"202400028835";"155731001";"B01";"1";"7";"0";"2";"4";"2";"1";""
"202400028836";"155730994";"B01";"1";"7";"16";"2";"1";"13";"1";""
"202400028836";"155730996";"A01";"1";"7";"0";"2";"1";"13";"1";""
"202400028837";"155730993";"B01";"1";"2";"0";"2";"3";"3";"1";""
"202400028837";"155730995";"A01";"1";"7";"0";"2";"2";"12";"1";""
"202400028838";"155730990";"A01";"2";"7";"0";"2";"3";"15";"1";""
"202400028838";"155730992";"B01";"1";"7";"0";"2";"3";"1";"1";""
"202400028839";"155730989";"A01";"1";"7";"0";"2";"4";"1";"1";""
"202400028839";"155730991";"B01";"1";"7";"0";"2";"1";"1";"1";""
"202400028840";"155730988";"A01";"1";"7";"3";"0";"8";"13";"2";""
"202400028841";"155730987";"A01";"0";"7";"0";"1";"3";"15";"1";""
"202400028842";"155730985";"A01";"1";"7";"0";"2";"8";"9";"1";""
"202400028842";"155730986";"B01";"1";"31";"0";"2";"7";"1";"1";""
"202400028843";"155730983";"A01";"2";"7";"0";"2";"1";"1";"0";""
"202400028843";"155730984";"B01";"2";"7";"0";"2";"4";"1";"0";""
"202400028844";"155730982";"A01";"1";"7";"13";"0";"2";"1";"1";""
"202400028845";"155730978";"B01";"2";"15";"0";"2";"1";"1";"1";""
"202400028845";"155730980";"A01";"1";"7";"0";"2";"1";"5";"1";""
"202400028846";"155730979";"A01";"2";"7";"0";"2";"4";"2";"1";""
"202400028846";"155730981";"B01";"2";"7";"0";"2";"0";"0";"1";""
"202400028847";"155730977";"A01";"1";"7";"6";"0";"7";"1";"1";""
"202400028848";"155730976";"A01";"1";"34";"0";"0";"0";"0";"1";""
"202400028849";"155730974";"B01";"1";"2";"0";"2";"1";"2";"1";""
"202400028849";"155730975";"A01";"1";"7";"0";"0";"6";"23";"1";""
"202400028850";"155730972";"A01";"1";"31";"12";"0";"2";"1";"1";""
"202400028851";"155730973";"A01";"1";"7";"7";"0";"0";"0";"1";""
"202400028852";"155730970";"A01";"2";"7";"0";"2";"2";"15";"1";""
"202400028852";"155730971";"B01";"1";"33";"0";"2";"1";"1";"1";""
"202400028853";"155730969";"A01";"1";"7";"12";"0";"0";"0";"1";""
"202400028854";"155730968";"A01";"2";"7";"0";"1";"1";"15";"1";""
"202400028855";"155730966";"A01";"2";"30";"0";"2";"1";"11";"1";""
"202400028855";"155730967";"B01";"1";"7";"0";"2";"3";"1";"1";""
"202400028856";"155730963";"B01";"2";"21";"0";"2";"3";"1";"1";""
"202400028856";"155730965";"A01";"1";"7";"0";"2";"3";"13";"1";""
"202400028857";"155730962";"A01";"1";"7";"0";"0";"3";"15";"1";""
"202400028857";"155730964";"B01";"2";"1";"0";"2";"2";"1";"5";""
"202400028858";"155730961";"A01";"3";"7";"1";"0";"4";"26";"1";""
"202400028859";"155730959";"A01";"2";"7";"7";"2";"1";"1";"1";""
"202400028859";"155730960";"B01";"1";"7";"0";"2";"3";"1";"2";""
"202400028860";"155730957";"A01";"0";"1";"0";"0";"0";"0";"5";""
"202400028861";"155730958";"A01";"1";"7";"3";"0";"9";"6";"2";""
"202400028862";"155730954";"A01";"1";"7";"0";"2";"3";"17";"1";""
"202400028862";"155730955";"B01";"2";"7";"0";"2";"3";"1";"1";""
"202400028863";"155730953";"B01";"1";"7";"8";"2";"6";"1";"1";""
"202400028863";"155730956";"A01";"1";"10";"0";"2";"1";"1";"1";""
"202400028864";"155730952";"A01";"2";"50";"0";"0";"0";"1";"3";""
"202400028865";"155730951";"A01";"1";"7";"2";"0";"1";"1";"1";""
"202400028866";"155730950";"A01";"3";"36";"0";"0";"1";"1";"1";""
"202400028867";"155730947";"A01";"1";"33";"0";"0";"9";"1";"1";""
"202400028868";"155730945";"A01";"2";"7";"0";"2";"3";"13";"1";""
"202400028868";"155730946";"B01";"1";"15";"0";"2";"3";"1";"1";""
"202400028869";"155730948";"B01";"2";"7";"0";"2";"1";"0";"0";""
"202400028869";"155730949";"A01";"1";"30";"0";"2";"1";"13";"1";""
"202400028870";"155730942";"A01";"0";"3";"0";"2";"3";"0";"1";""
"202400028870";"155730944";"B01";"2";"7";"0";"2";"7";"0";"2";""
"202400028871";"155730941";"B01";"2";"7";"0";"2";"1";"1";"1";""
"202400028871";"155730943";"A01";"1";"30";"0";"2";"8";"19";"1";""
"202400028872";"155730940";"A01";"2";"33";"0";"0";"0";"1";"1";""
"202400028873";"155730938";"B01";"1";"7";"0";"2";"4";"11";"1";""
"202400028873";"155730939";"A01";"1";"7";"0";"2";"1";"1";"1";""
"202400028874";"155730936";"A01";"0";"7";"0";"9";"2";"1";"1";""
"202400028874";"155730937";"B01";"0";"80";"1";"0";"4";"0";"3";""
"202400028875";"155730935";"A01";"1";"7";"1";"0";"2";"1";"1";""
"202400028876";"155730934";"A01";"0";"3";"15";"0";"1";"0";"1";""
"202400028877";"155730933";"A01";"1";"33";"12";"0";"3";"1";"1";""
"202400028878";"155730930";"B01";"1";"10";"0";"2";"6";"15";"1";""
"202400028878";"155730932";"A01";"2";"10";"0";"2";"2";"17";"2";""
"202400028879";"155730929";"B01";"3";"7";"0";"2";"3";"1";"1";""
"202400028879";"155730931";"A01";"3";"7";"6";"2";"0";"13";"2";""
"202400028880";"155730924";"C01";"3";"7";"2";"2";"1";"1";"1";""
"202400028880";"155730926";"A01";"3";"7";"0";"2";"4";"15";"1";""
"202400028880";"155730928";"B01";"3";"7";"0";"2";"1";"2";"1";""
"202400028881";"155730923";"A01";"1";"7";"0";"2";"1";"2";"1";""
"202400028881";"155730925";"B01";"1";"7";"0";"2";"4";"2";"1";""
"202400028881";"155730927";"C01";"1";"7";"0";"2";"4";"2";"1";""
"202400028882";"155730922";"A01";"2";"7";"2";"0";"2";"14";"1";""
"202400028883";"155730921";"A01";"1";"7";"1";"0";"1";"1";"1";""
"202400028884";"155730919";"A01";"0";"7";"0";"1";"3";"1";"3";""
"202400028885";"155730918";"A01";"0";"7";"0";"4";"7";"1";"1";""
"202400028885";"155730920";"B01";"0";"39";"0";"2";"1";"1";"0";""
"202400028886";"155730917";"A01";"1";"7";"0";"1";"2";"19";"1";""
"202400028887";"155730916";"A01";"0";"7";"0";"1";"3";"15";"1";""
"202400028888";"155730914";"A01";"3";"7";"0";"2";"1";"9";"1";""
"202400028888";"155730915";"B01";"1";"7";"0";"2";"1";"1";"1";""
"202400028889";"155730912";"B01";"1";"30";"16";"2";"1";"15";"1";""
"202400028889";"155730913";"A01";"1";"31";"0";"2";"7";"1";"1";""
"202400028890";"155730909";"A01";"3";"3";"0";"2";"3";"0";"1";""
"202400028890";"155730911";"B01";"3";"7";"0";"2";"1";"0";"1";""
"202400028891";"155730908";"A01";"3";"7";"0";"2";"2";"15";"1";""
"202400028891";"155730910";"B01";"1";"33";"0";"2";"1";"1";"1";""
"202400028892";"155730905";"A01";"3";"1";"0";"1";"1";"25";"5";""
"202400028893";"155730906";"A01";"1";"7";"0";"2";"7";"15";"1";""
"202400028893";"155730907";"B01";"2";"33";"0";"2";"1";"1";"1";""
"202400028894";"155730902";"A01";"2";"7";"0";"2";"1";"1";"1";""
"202400028894";"155730903";"B01";"2";"7";"0";"2";"2";"1";"1";""
"202400028895";"155730901";"A01";"3";"1";"0";"2";"5";"26";"5";""
"202400028895";"155730904";"B01";"1";"7";"0";"2";"7";"1";" -1";""
"202400028896";"155730900";"A01";"2";"7";"6";"0";"8";"1";"1";""
"202400028897";"155730899";"A01";"1";"7";"0";"0";"1";"6";"1";""
"202400028898";"155730896";"B01";"3";"1";"0";"1";"1";"1";"5";""
"202400028899";"155730895";"A01";"1";"7";"0";"2";"6";"11";"1";""
"202400028899";"155730897";"B01";"1";"17";"0";"2";"2";"1";"1";""
"202400028900";"155730892";"B01";"3";"10";"13";"2";"3";"1";"1";""
"202400028900";"155730894";"A01";"3";"7";"0";"2";"3";"1";"3";""
"202400028901";"155730890";"B01";"1";"7";"0";"2";"4";"26";"1";""
"202400028901";"155730891";"C01";"1";"7";"0";"2";"4";"26";"1";""
"202400028901";"155730893";"A01";"1";"7";"0";"2";"1";"26";"1";""
"202400028902";"155730887";"A01";"1";"7";"3";"2";"2";"12";"1";""
"202400028902";"155730888";"B01";"1";"7";"0";"2";"6";"1";"2";""
"202400028903";"155730886";"B01";"3";"7";"0";"9";"1";"1";"1";""
"202400028903";"155730889";"A01";"3";"50";"0";"2";"1";"9";"3";""
"202400028904";"155730885";"A01";"2";"7";"13";"0";"1";"1";"1";""
"202400028905";"155730881";"B01";"1";"7";"0";"2";"1";"15";"1";""
"202400028905";"155730883";"A01";"2";"7";"0";"2";"3";"1";"1";""
"202400028906";"155730879";"B01";"2";"7";"0";"2";"4";"2";"1";""
"202400028906";"155730880";"C01";"2";"7";"0";"2";"4";"2";"1";""
"202400028906";"155730882";"D01";"2";"7";"0";"2";"4";"2";"1";""
"202400028906";"155730884";"A01";"2";"10";"0";"2";"1";"2";"1";""
"202400028907";"155730877";"A01";"2";"7";"0";"1";"2";"16";"1";""
"202400028908";"155730876";"A01";"3";"7";"1";"0";"1";"9";"1";""
"202400028908";"155730878";"B01";"3";"7";"1";"0";"2";"1";"1";""
"202400028909";"155730873";"A01";"1";"32";"4";"0";"2";"14";"1";""
"202400028910";"155730874";"A01";"3";"7";"0";"9";"3";"9";"1";""
"202400028910";"155730875";"B01";"3";"1";"0";"2";"1";"0";"5";""
"202400028911";"155730870";"A01";"1";"33";"0";"2";"3";"1";"1";""
"202400028911";"155730872";"B01";"1";"10";"0";"0";"6";"1";"1";""
"202400028912";"155730869";"A01";"3";"7";"0";"2";"7";"15";"1";""
"202400028912";"155730871";"B01";"3";"33";"0";"2";"1";"1";"1";""
"202400028913";"155730867";"A01";"3";"7";"0";"1";"2";"1";"1";""
"202400028914";"155730866";"B01";"3";"50";"0";"2";"1";"1";"3";""
"202400028914";"155730868";"A01";"0";"7";"0";"2";"4";"4";"3";""
"202400028915";"155730865";"A01";"2";"33";"3";"0";"0";"1";"1";""
"202400028916";"155730864";"A01";"1";"7";"6";"0";"1";"1";"1";""
"202400028917";"155730862";"B01";"1";"7";"0";"2";"1";"2";"1";""
"202400028917";"155730863";"A01";"1";"7";"0";"2";"3";"9";"3";""
"202400028918";"155730861";"A01";"3";"7";"4";"0";"3";"1";"1";""
"202400028919";"155730859";"A01";"2";"7";"0";"2";"7";"17";"1";""
"202400028919";"155730860";"B01";"2";"2";"0";"2";"8";"1";"1";""
"202400028920";"155730857";"A01";"2";"7";"0";"2";"2";"1";"0";""
"202400028920";"155730858";"B01";"2";"1";"0";"2";"8";"1";"5";""
"202400028921";"155730855";"A01";"2";"7";"0";"2";"1";"1";"1";""
"202400028921";"155730856";"B01";"1";"1";"0";"2";"1";"0";"0";""
"202400028922";"155730853";"A01";"3";"1";"0";"1";"2";"12";"5";""
"202400028923";"155730852";"A01";"2";"7";"0";"2";"2";"10";"0";""
"202400028923";"155730854";"B01";"1";"33";"0";"2";"1";"1";"0";""
"202400028924";"155730850";"A01";"3";"7";"1";"0";"3";"13";"1";""
"202400028925";"155730849";"A01";"1";"40";"0";"2";"3";"1";"3";""
"202400028925";"155730851";"B01";"1";"50";"0";"4";"7";"16";"3";""
"202400028926";"155730848";"A01";"2";"7";"0";"1";"4";"4";"1";""
"202400028927";"155730846";"B01";"2";"50";"0";"2";"8";"5";"3";""
"202400028927";"155730847";"Z01";"2";"7";"0";"2";"3";"1";"1";""
"202400028928";"155730844";"A01";"3";"7";"0";"1";"2";"1";"1";""
"202400028929";"155730843";"A01";"1";"3";"8";"0";"6";"1";"1";""
"202400028929";"155730845";"B01";"1";"7";"0";"2";"1";"2";"1";""
"202400028930";"155730842";"A01";"1";"10";"4";"0";"1";"11";"1";""
"202400028931";"155730838";"C01";"3";"7";"0";"2";"4";"23";"1";""
"202400028931";"155730840";"A01";"3";"7";"0";"2";"1";"21";"1";""
"202400028931";"155730841";"B01";"3";"7";"0";"2";"1";"23";"1";""
"202400028932";"155730837";"A01";"0";"1";"0";"2";"1";"15";"5";""
"202400028932";"155730839";"B01";"0";"7";"0";"2";"2";"1";"1";""
"202400028933";"155730836";"A01";"2";"7";"15";"0";"3";"16";"1";""
"202400028934";"155730835";"A01";"1";"7";"3";"0";"8";"1";"1";""
"202400028935";"155730833";"A01";"1";"7";"0";"2";"1";"1";"1";""
"202400028935";"155730834";"B01";"1";"21";"0";"2";"4";"1";"0";""
"202400028936";"155730831";"A01";"2";"33";"0";"2";"1";"12";"1";""
"202400028936";"155730832";"B01";"1";"7";"0";"0";"5";"1";"1";""
"202400028937";"155730828";"B01";"2";"7";"0";"2";"3";"9";"1";""
"202400028937";"155730830";"A01";"2";"33";"0";"2";"1";"1";"1";""
"202400028938";"155730827";"A01";"1";"1";"0";"2";"8";"1";"5";""
"202400028938";"155730829";"B01";"1";"0";"0";"2";"7";"1";"0";""
"202400028939";"155730826";"A01";"1";"7";"0";"1";"3";"13";"1";""
"202400028940";"155730824";"A01";"1";"7";"0";"2";"2";"15";"1";""
"202400028940";"155730825";"B01";"0";"1";"0";"0";"0";"0";"5";""
"202400028941";"155730822";"A01";"2";"7";"0";"2";"1";"1";"1";""
"202400028941";"155730823";"B01";"1";"7";"0";"2";"1";"1";"1";""
"202400028942";"155730820";"A01";"3";"33";"0";"2";"7";"2";"1";""
"202400028942";"155730821";"B01";"3";"7";"0";"0";"0";"0";"0";""
"202400028943";"155730818";"B01";"1";"7";"0";"2";"3";"1";"1";""
"202400028943";"155730819";"A01";"2";"31";"0";"2";"1";"7";"1";""
"202400028944";"155730816";"B01";"3";"33";"0";"2";"1";"1";"1";""
"202400028944";"155730817";"A01";"1";"33";"0";"2";"1";"13";"1";""
"202400028945";"155730814";"A01";"3";"7";"0";"2";"1";"2";"0";""
"202400028945";"155730815";"B01";"3";"80";"0";"2";"0";"1";"3";""
"202400028946";"155730812";"A01";"0";"7";"0";"2";"3";"19";"1";""
"202400028946";"155730813";"B01";"0";"33";"0";"2";"1";"1";"1";""
"202400028947";"155730810";"A01";"2";"7";"1";"0";"1";"1";"1";""
"202400028948";"155730809";"Z01";"2";"7";"0";"2";"0";"0";"0";""
"202400028948";"155730811";"A01";"2";"7";"0";"2";"0";"0";"1";""
"202400028949";"155730808";"A01";"0";"7";"0";"1";"0";"0";"0";""
"202400028950";"155730807";"A01";"2";"7";"12";"0";"2";"1";"1";""
"202400028951";"155730806";"A01";"3";"7";"9";"0";"1";"1";"1";""
"202400028952";"155730802";"A01";"2";"7";"0";"1";"2";"1";"1";""
"202400028953";"155730801";"A01";"1";"33";"0";"0";"0";"1";"1";""
"202400028954";"155730800";"A01";"1";"80";"0";"5";"2";"1";"3";""
"202400028955";"155730798";"B01";"1";"7";"0";"2";"7";"15";"1";""
"202400028955";"155730799";"A01";"1";"30";"0";"2";"1";"1";"1";""
"202400028956";"155730797";"A01";"0";"30";"0";"0";"7";"0";"1";""
"202400028957";"155730795";"A01";"0";"7";"1";"0";"7";"24";"1";""
"202400028957";"155730796";"B01";"0";"1";"1";"0";"7";"1";"5";""
"202400028958";"155730793";"B01";"2";"7";"0";"2";"0";"1";"1";""
"202400028958";"155730794";"A01";"1";"33";"0";"2";"0";"15";"1";""
"202400028959";"155730791";"A01";"3";"7";"0";"2";"8";"26";"1";""
"202400028959";"155730792";"B01";"3";"33";"0";"2";"8";"1";"1";""
"202400028960";"155730790";"A01";"1";"7";"6";"0";"1";"13";"1";""
"202400028961";"155730786";"B01";"2";"7";"0";"2";"3";"10";"0";""
"202400028961";"155730787";"A01";"2";"50";"0";"2";"1";"2";"3";""
"202400028962";"155730785";"A01";"1";"34";"0";"1";"0";"26";"0";""
"202400028963";"155730783";"B01";"0";"7";"0";"2";"2";"9";"0";""
"202400028963";"155730784";"A01";"3";"7";"0";"2";"8";"1";"1";""
"202400028964";"155730781";"B01";"1";"7";"0";"2";"4";"10";"1";""
"202400028964";"155730782";"A01";"2";"7";"0";"2";"6";"1";"1";""
"202400028965";"155730779";"A01";"2";"1";"0";"2";"3";"1";"5";""
"202400028965";"155730780";"B01";"2";"7";"0";"2";"3";"1";"2";""
"202400028966";"155730778";"A01";"2";"7";"0";"1";"1";"1";"3";""
"202400028967";"155730776";"B01";"2";"7";"0";"2";"4";"23";"2";""
"202400028967";"155730777";"A01";"2";"7";"0";"2";"1";"1";"1";""
"202400028968";"155730774";"B01";"3";"7";"0";"2";"2";"1";"2";""
"202400028968";"155730775";"A01";"3";"31";"0";"2";"1";"1";"1";""
"202400028969";"155730772";"A01";"2";"1";"0";"2";"7";"1";"5";""
"202400028969";"155730773";"B01";"2";"2";"0";"2";"1";"1";"1";""
"202400028970";"155730771";"A01";"1";"7";"0";"1";"1";"1";"1";""
"202400028971";"155730769";"A01";"1";"7";"0";"2";"2";"14";"1";""
"202400028971";"155730770";"B01";"1";"1";"0";"2";"3";"1";"5";""
"202400028972";"155730767";"B01";"2";"2";"0";"2";"4";"2";"1";""
"202400028972";"155730768";"A01";"2";"7";"0";"2";"2";"2";"2";""
"202400028973";"155730765";"A01";"1";"33";"0";"2";"2";"9";"1";""
"202400028973";"155730766";"B01";"1";"7";"0";"2";"3";"9";"1";""
"202400028974";"155730764";"A01";"0";"7";"0";"1";"7";"1";"1";""
"202400028975";"155730762";"B01";"2";"7";"0";"2";"8";"16";"1";""
"202400028975";"155730763";"A01";"2";"10";"0";"2";"2";"1";"1";""
"202400028976";"155730760";"A01";"1";"7";"0";"9";"3";"15";"1";""
"202400028976";"155730761";"B01";"1";"50";"0";"2";"1";"1";"3";""
"202400028977";"155730758";"A01";"1";"7";"0";"2";"3";"13";"1";""
"202400028977";"155730759";"B01";"2";"7";"0";"2";"3";"1";"1";""
"202400028978";"155730757";"A01";"0";"7";"1";"0";"2";"1";"2";""
"202400028979";"155730756";"A01";"1";"7";"0";"1";"1";"0";"0";""
"202400028980";"155730754";"A01";"2";"7";"0";"2";"1";"1";"1";""
"202400028980";"155730755";"B01";"2";"7";"0";"2";"4";"1";"1";""
"202400028981";"155730753";"A01";"2";"33";"0";"0";"0";"13";"1";""
"202400028982";"155730751";"A01";"2";"7";"0";"2";"6";"16";"1";""
"202400028982";"155730752";"B01";"1";"31";"0";"2";"2";"1";"1";""
"202400028983";"155730748";"B01";"1";"7";"0";"2";"3";"0";"3";""
"202400028983";"155730749";"C01";"1";"7";"0";"2";"2";"0";"1";""
"202400028983";"155730750";"A01";"2";"7";"0";"2";"3";"0";"1";""
"202400028984";"155730746";"A01";"1";"7";"0";"2";"2";"17";"1";""
"202400028984";"155730747";"B01";"1";"33";"0";"2";"8";"1";"1";""
"202400028985";"155730744";"A01";"1";"10";"4";"0";"3";"0";"1";""
"202400028986";"155730743";"A01";"2";"7";"8";"0";"2";"1";"1";""
"202400028987";"155730742";"A01";"2";"7";"13";"0";"7";"14";"1";""
"202400028988";"155730740";"B01";"1";"7";"0";"2";"1";"1";"1";""
"202400028988";"155730741";"A01";"2";"7";"0";"2";"2";"13";"2";""
"202400028989";"155730738";"B01";"2";"7";"0";"2";"2";"1";"1";""
"202400028989";"155730739";"A01";"1";"50";"0";"2";"1";"5";"3";""
"202400028990";"155730736";"B01";"2";"2";"0";"2";"1";"17";"1";""
"202400028990";"155730737";"A01";"2";"10";"0";"0";"6";"15";"1";""
"202400028991";"155730728";"G01";"1";"7";"0";"9";"0";"0";"1";""
"202400028991";"155730729";"E01";"1";"7";"0";"9";"1";"11";"1";""
"202400028991";"155730730";"B01";"1";"7";"16";"0";"0";"0";"2";""
"202400028991";"155730731";"C01";"1";"15";"0";"9";"1";"1";"1";""
"202400028991";"155730732";"F01";"1";"7";"0";"9";"1";"1";"1";""
"202400028991";"155730733";"H01";"1";"10";"0";"2";"2";"0";"1";""
"202400028991";"155730734";"D01";"1";"15";"0";"0";"0";"0";"1";""
"202400028991";"155730735";"A01";"1";"10";"16";"2";"1";"0";"1";""
"202400028992";"155730727";"A01";"2";"7";"4";"0";"8";"1";"1";""
"202400028993";"155730724";"C01";"2";"7";"0";"2";"3";"1";"1";""
"202400028993";"155730725";"A01";"1";"7";"0";"2";"1";"13";"1";""
"202400028993";"155730726";"B01";"2";"7";"0";"2";"1";"1";"2";""
"202400028994";"155730720";"A01";"3";"10";"0";"1";"7";"1";"1";""
"202400028995";"155730718";"A01";"1";"7";"6";"0";"6";"19";"1";""
"202400028995";"155730719";"B01";"2";"33";"0";"0";"1";"1";"1";""
"202400028996";"155730717";"A01";"1";"33";"2";"0";"8";"1";"1";""
"202400028997";"155730715";"B01";"1";"15";"8";"0";"3";"21";"0";""
"202400028997";"155730716";"A01";"2";"7";"0";"0";"8";"13";"1";""
"202400028998";"155730713";"A01";"2";"7";"0";"2";"2";"15";"1";""
"202400028998";"155730714";"B01";"1";"7";"13";"2";"1";"1";"2";""
"202400028999";"155730710";"A01";"1";"10";"0";"2";"8";"15";"1";""
"202400028999";"155730712";"B01";"1";"33";"0";"2";"1";"17";"0";""
"202400029000";"155730709";"A01";"2";"33";"0";"1";"1";"17";"1";""
"202400029001";"155730708";"A01";"2";"7";"0";"9";"3";"15";"1";""
"202400029001";"155730711";"B01";"1";"1";"0";"2";"7";"1";"5";""
"202400029002";"155730707";"A01";"3";"7";"15";"9";"1";"1";"0";""
"202400029003";"155730705";"A01";"1";"7";"13";"0";"1";"14";"1";""
"202400029004";"155730704";"B01";"2";"7";"0";"2";"6";"1";"1";""
"202400029004";"155730706";"A01";"2";"43";"0";"2";"2";"1";"1";""
"202400029005";"155730703";"A01";"2";"7";"2";"0";"1";"1";"1";""
"202400029006";"155730701";"B01";"1";"2";"0";"2";"7";"1";"1";""
"202400029006";"155730702";"A01";"1";"7";"0";"2";"1";"9";"1";""
"202400029007";"155730699";"A01";"1";"7";"0";"0";"7";"1";"1";""
"202400029008";"155730697";"A01";"3";"7";"0";"1";"0";"1";"1";""
"202400029009";"155730696";"A01";"1";"33";"13";"0";"0";"1";"1";""
"202400029010";"155730694";"A01";"2";"7";"0";"1";"1";"17";"1";""
"202400029011";"155730693";"A01";"3";"7";"0";"2";"1";"15";"1";""
"202400029011";"155730695";"B01";"3";"7";"0";"2";"2";"1";"1";""
"202400029012";"155730689";"B01";"2";"7";"0";"2";"1";"1";"1";""
"202400029012";"155730690";"A01";"1";"7";"0";"2";"5";"13";"1";""
"202400029013";"155730688";"A01";"1";"7";"2";"0";"3";"26";"1";""
"202400029014";"155730687";"A01";"1";"10";"3";"0";"1";"1";"1";""
"202400029015";"155730686";"A01";"2";"33";"8";"0";"1";"2";"1";""
"202400029016";"155730684";"B01";"2";"7";"0";"2";"1";"2";"0";""
"202400029016";"155730685";"A01";"2";"7";"4";"2";"4";"2";"1";""
"202400029017";"155730682";"B01";"1";"15";"0";"0";"6";"2";"1";""
"202400029017";"155730683";"A01";"1";"7";"0";"2";"1";"2";"2";""
"202400029018";"155730680";"A01";"2";"7";"0";"2";"2";"17";"1";""
"202400029018";"155730681";"B01";"2";"7";"0";"0";"8";"13";"1";""
"202400029019";"155730679";"A01";"2";"34";"4";"0";"3";"1";"1";""
"202400029020";"155730677";"B01";"2";"38";"0";"2";"1";"1";"1";"1"
"202400029020";"155730678";"A01";"1";"7";"0";"2";"1";"13";"1";""
"202400029021";"155730675";"A01";"1";"33";"0";"0";"1";"0";"1";""
"202400029021";"155730676";"B01";"1";"7";"0";"2";"1";"15";"1";""
"202400029022";"155730674";"A01";"1";"33";"0";"6";"1";"21";"1";""
"202400029023";"155730670";"A01";"2";"7";"0";"6";"2";"21";"1";""
"202400029023";"155730671";"B01";"1";"7";"0";"2";"8";"21";"1";""
"202400029023";"155730672";"C01";"1";"7";"0";"2";"8";"1";"1";""
"202400029023";"155730673";"D01";"2";"33";"0";"2";"9";"21";"1";""
"202400029024";"155730669";"A01";"1";"7";"0";"1";"1";"1";"1";""
"202400029025";"155730668";"A01";"0";"7";"0";"1";"2";"1";"1";""
"202400029026";"155730666";"B01";"1";"80";"0";"2";"1";"1";"3";""
"202400029026";"155730667";"A01";"2";"7";"0";"2";"3";"9";"1";""
"202400029027";"155730664";"B01";"2";"13";"0";"2";"3";"1";"1";""
"202400029027";"155730665";"A01";"2";"7";"0";"2";"3";"13";"1";""
"202400029028";"155730662";"A01";"2";"2";"0";"2";"1";"1";"1";""
"202400029028";"155730663";"B01";"1";"7";"0";"2";"2";"15";"1";""
"202400029029";"155730661";"A01";"3";"50";"0";"0";"1";"1";"3";""
"202400029030";"155730659";"B01";"0";"1";"0";"2";"4";"1";"5";""
"202400029030";"155730660";"A01";"3";"10";"0";"2";"2";"2";"1";""
"202400029031";"155730658";"A01";"1";"7";"0";"1";"3";"15";"1";""
"202400029032";"155730656";"A01";"3";"7";"0";"2";"7";"10";"1";""