"Num_Acc";"id_vehicule";"num_veh";"senc";"catv";"obs";"obsm";"choc";"manv";"motor";"occutc"
"202400029032";"155730657";"B01";"3";"21";"0";"2";"1";"1";"1";""
"202400029033";"155730655";"A01";"0";"7";"13";"0";"2";"26";"1";""
"202400029034";"155730653";"A01";"2";"33";"0";"2";"1";"3";"1";""
"202400029034";"155730654";"B01";"2";"15";"0";"2";"6";"1";"1";""
"202400029035";"155730652";"A01";"1";"7";"0";"1";"2";"1";"1";""
"202400029036";"155730651";"A01";"0";"7";"0";"0";"1";"1";"1";""
"202400029037";"155730649";"B01";"2";"7";"0";"2";"1";"1";"1";""
"202400029037";"155730650";"A01";"2";"7";"0";"2";"4";"1";"1";""
"202400029038";"155730646";"A01";"1";"7";"0";"2";"6";"17";"1";""
"202400029038";"155730648";"B01";" -1";"7";" -1";" -1";" -1";" -1";" -1";""
"202400029039";"155730644";"A01";"2";"7";"2";"0";"1";"2";"1";""
"202400029040";"155730645";"B01";"1";"10";"0";"2";"4";"23";"0";""
"202400029040";"155730647";"A01";"1";"10";"0";"2";"1";"1";"0";""
"202400029041";"155730640";"A01";"2";"7";"0";"2";"8";"9";"1";""
"202400029041";"155730641";"B01";"2";"15";"0";"2";"7";"1";"1";""
"202400029041";"155730643";"C01";"2";"15";"0";"2";"6";"24";"1";""
"202400029042";"155730639";"A01";"2";"32";"0";"2";"2";"1";"1";""
"202400029042";"155730642";"B01";"2";"50";"0";"2";"2";"19";"3";""
"202400029043";"155730636";"A01";"2";"7";"0";"2";"1";"11";"1";""
"202400029043";"155730637";"B01";"2";"33";"0";"2";"8";"1";"1";""
"202400029043";"155730638";"C01";"2";"7";"0";"2";"7";"1";"1";""
"202400029044";"155730632";"C01";"1";"7";"0";"2";"8";"1";"1";""
"202400029044";"155730633";"A01";"1";"10";"0";"2";"7";"12";"1";""
"202400029044";"155730634";"B01";"1";"31";"0";"2";"8";"1";"1";""
"202400029045";"155730631";"A01";"2";"7";"0";"2";"2";"1";"1";""
"202400029045";"155730635";"B01";"1";"1";"0";"2";"8";"19";"5";""
"202400029046";"155730630";"A01";"1";"33";"0";"2";"7";"14";"1";""
"202400029047";"155730627";"A01";"1";"7";"0";"2";"1";"1";"1";""
"202400029047";"155730628";"B01";"1";"7";"0";"2";"4";"1";"2";""
"202400029048";"155730629";"A01";"1";"7";"1";"1";"8";"22";"0";""
"202400029049";"155730626";"A01";"1";"7";"16";"0";"1";"14";"2";""
"202400029050";"155730623";"A01";"2";"14";"0";"2";"2";"12";"1";""
"202400029050";"155730624";"B01";"2";"7";"6";"2";"6";"1";"1";""
"202400029051";"155730625";"A01";"1";"37";"0";"1";"1";"16";"3";"1"
"202400029052";"155730621";"B01";"1";"33";"0";"9";"0";"21";"1";""
"202400029052";"155730622";"A01";"1";"80";"0";"9";"0";"2";"3";""
"202400029053";"155730619";"A01";"3";"7";"0";"2";"3";"11";"0";""
"202400029053";"155730620";"B01";"3";"33";"0";"2";"1";"1";"0";""
"202400029054";"155730617";"A01";"2";"43";"0";"2";"2";"3";"1";""
"202400029054";"155730618";"B01";"2";"7";"0";"2";"6";"11";"1";""
"202400029055";"155730615";"A01";"2";"7";"0";"2";"5";"12";"1";""
"202400029055";"155730616";"B01";"2";"33";"0";"2";"1";"3";"1";""
"202400029056";"155730614";"A01";"2";"33";"0";"1";"1";"19";"3";""
"202400029057";"155730612";"B01";"2";"7";"0";"2";"9";"13";"1";""
"202400029057";"155730613";"A01";"2";"7";"0";"2";"7";"1";"1";""
"202400029058";"155730609";"A01";"1";"33";"14";"0";"1";"1";"1";""
"202400029059";"155730610";"B01";"1";"80";"0";"2";"7";"1";"3";""
"202400029059";"155730611";"A01";"1";"50";"0";"2";"1";"9";"3";""
"202400029060";"155730605";"A01";"1";"7";"0";"2";"1";"13";"1";""
"202400029060";"155730606";"C01";"1";"7";"0";"0";"6";"1";"1";""
"202400029060";"155730607";"B01";"2";"7";"0";"0";"1";"6";"1";""
"202400029061";"155730604";"A01";"1";"10";"0";"2";"1";"16";"1";""
"202400029061";"155730608";"B01";"2";"1";"0";"2";"2";"1";"5";""
"202400029062";"155730602";"A01";"2";"7";"0";"2";"2";"15";"1";""
"202400029062";"155730603";"B01";"3";"30";"0";"2";"1";"1";"1";""
"202400029063";"155730600";"A01";"2";"7";"0";"2";"2";"1";"1";""
"202400029063";"155730601";"B01";"1";"7";"0";"2";"2";"13";"1";""
"202400029064";"155730598";"A01";" -1";"31";"0";"9";"0";"1";"1";""
"202400029064";"155730599";"B01";"0";"15";"0";"2";"0";"0";"1";""
"202400029065";"155730597";"A01";"1";"7";"16";"0";"0";"1";"1";""
"202400029066";"155730595";"A01";"2";"10";"0";"2";"3";"13";"1";""
"202400029066";"155730596";"B01";"1";"7";"0";"2";"3";"1";"1";""
"202400029067";"155730593";"A01";"3";"7";"0";"1";"2";"1";"3";""
"202400029068";"155730591";"A01";"3";"38";"0";"1";"3";"15";"1";"1"
"202400029069";"155730592";"B01";"1";"15";"0";"2";"3";"1";"1";""
"202400029069";"155730594";"A01";"2";"7";"0";"2";"3";"13";"1";""
"202400029070";"155730588";"B01";"1";"7";"0";"2";"1";"1";"1";""
"202400029070";"155730590";"A01";"2";"7";"0";"2";"3";"15";"1";""
"202400029071";"155730586";"A01";"3";"50";"8";"0";"1";"13";"3";""
"202400029072";"155730587";"A01";"2";"7";"0";"2";"3";"1";"1";""
"202400029072";"155730589";"B01";"2";"7";"3";"2";"5";"14";"1";""
"202400029073";"155730584";"A01";"0";"13";"0";"1";"4";"4";"1";""
"202400029074";"155730583";"A01";"2";"7";"0";"2";"3";"13";"0";""
"202400029074";"155730585";"B01";"1";"14";"0";"2";"8";"1";"0";""
"202400029075";"155730581";"A01";"1";"7";"0";"2";"1";"16";"1";""
"202400029075";"155730582";"B01";"3";"50";"0";"2";"1";"0";"3";""
"202400029076";"155730579";"A01";"3";"2";"0";"2";"3";"5";"1";""
"202400029076";"155730580";"B01";"3";"7";"0";"2";"3";"14";"1";""
"202400029077";"155730576";"A01";"3";"33";"0";"0";"8";"21";"1";""
"202400029078";"155730572";"A01";"1";"7";"0";"2";"1";"13";"1";""
"202400029078";"155730573";"B01";"2";"10";"0";"2";"2";"13";"1";""
"202400029079";"155730574";"A01";"1";"33";"0";"0";"2";"16";"1";""
"202400029080";"155730569";"A01";"2";"7";"3";"2";"1";"17";"1";""
"202400029080";"155730571";"B01";"2";"10";"3";"2";"4";"1";"1";""
"202400029081";"155730568";"B01";"2";"7";"0";"2";"3";"15";"1";""
"202400029081";"155730570";"A01";"2";"2";"0";"2";"1";"17";"1";""
"202400029082";"155730566";"A01";"1";"33";"0";"2";"1";"17";"1";""
"202400029082";"155730567";"B01";"1";"7";"0";"2";"8";"17";"1";""
"202400029083";"155730564";"A01";"1";"7";"0";"2";"3";"13";"1";""
"202400029083";"155730565";"B01";"2";"7";"0";"2";"3";"1";"1";""
"202400029084";"155730562";"A01";"1";"2";"6";"0";"0";"1";"1";""
"202400029085";"155730561";"A01";"3";"10";"0";"2";"3";"15";"1";""
"202400029085";"155730563";"B01";"1";"10";"0";"2";"3";"23";"1";""
"202400029086";"155730560";"A01";"2";"7";"13";"0";"3";"1";"1";""
"202400029087";"155730558";"A01";"2";"7";"0";"2";"0";"0";"2";""
"202400029087";"155730559";"B01";"1";"1";"0";"2";"0";"26";"0";""
"202400029088";"155730556";"A01";"1";"10";"0";"2";"3";"15";"1";""
"202400029088";"155730557";"B01";"1";"33";"0";"2";"1";"1";"1";""
"202400029089";"155730554";"A01";"1";"7";"0";"2";"1";"13";"1";""
"202400029089";"155730555";"B01";"1";"7";"0";"2";"1";"1";"1";""
"202400029090";"155730553";"A01";"1";"7";"2";"0";"1";"26";"1";""
"202400029091";"155730550";"B01";"1";"7";"0";"2";"1";"15";"1";""
"202400029091";"155730552";"A01";"2";"32";"0";"2";"6";"14";"1";""
"202400029092";"155730547";"A01";"0";"7";"9";"1";"1";"26";"1";""
"202400029093";"155730546";"A01";"1";"7";"1";"0";"6";"24";"1";""
"202400029093";"155730548";"Z01";"1";"7";"1";"0";"2";"14";"1";""
"202400029093";"155730549";"B01";"1";"7";"1";"0";"4";"24";"1";""
"202400029094";"155730543";"A01";"3";"7";"0";"2";"1";"5";"1";""
"202400029094";"155730544";"B01";"3";"7";"0";"2";"1";"1";"1";""
"202400029095";"155730542";"B01";"1";"7";"0";"2";"1";"2";"1";""
"202400029095";"155730545";"A01";"1";"7";"0";"2";"4";"1";"1";""
"202400029096";"155730541";"A01";"1";"7";"2";"0";"3";"1";"1";""
"202400029097";"155730539";"A01";"2";"7";"0";"2";"1";"2";"1";""
"202400029097";"155730540";"B01";"2";"7";"0";"2";"4";"23";"1";""
"202400029098";"155730538";"A01";"1";"7";"13";"0";"1";"21";"1";""
"202400029099";"155730535";"A01";"1";"10";"0";"2";"7";"15";"1";""
"202400029099";"155730537";"B01";"2";"2";"0";"2";"1";"1";"1";""
"202400029100";"155730534";"B01";"1";"10";"1";"0";"4";"23";"1";""
"202400029100";"155730536";"A01";"1";"7";"1";"0";"1";"1";"1";""
"202400029101";"155730533";"A01";"2";"7";"0";"1";"1";"15";"1";""
"202400029102";"155730532";"A01";"1";"7";"2";"0";"1";"1";"1";""
"202400029103";"155730530";"B01";"1";"1";"0";"0";"4";"0";"5";""
"202400029103";"155730531";"A01";"1";"7";"0";"0";"1";"1";"1";""
"202400029104";"155730529";"A01";"0";"7";"8";"0";"1";"0";"6";""
"202400029105";"155730527";"A01";"1";"7";"0";"1";"1";"1";"1";""
"202400029106";"155730524";"A01";"3";"7";"0";"2";"2";"2";"1";""
"202400029106";"155730526";"B01";"3";"1";"0";"0";"4";"0";"5";""
"202400029107";"155730525";"B01";"1";"33";"0";"2";"1";"1";"1";""
"202400029107";"155730528";"A01";"1";"7";"0";"2";"6";"15";"1";""
"202400029108";"155730521";"B01";"1";"7";"1";"0";"6";"19";"1";""
"202400029108";"155730523";"A01";"1";"7";"1";"0";"2";"1";"1";""
"202400029109";"155730520";"A01";"1";"7";"0";"2";"1";"1";"1";""
"202400029109";"155730522";"B01";"1";"7";"0";"2";"3";"9";"1";""
"202400029110";"155730518";"A01";"3";"37";"0";"1";"3";"1";"1";"1"
"202400029111";"155730517";"A01";"1";"7";"1";"2";"1";"0";"1";""
"202400029111";"155730519";"B01";"1";"7";"0";"9";"4";"0";"1";""
"202400029112";"155730514";"A01";"1";"7";"0";"2";"1";"1";"1";""
"202400029112";"155730516";"B01";"1";"7";"0";"2";"4";"15";"1";""
"202400029113";"155730512";"B01";"2";"10";"0";"2";"1";"1";"1";""
"202400029113";"155730513";"A01";"1";"2";"0";"2";"1";"17";"1";""
"202400029113";"155730515";"C01";"1";"7";"0";"2";"6";"1";"1";""
"202400029114";"155730509";"A01";"2";"3";"0";"2";"2";"19";"1";""
"202400029114";"155730511";"B01";"2";"7";"0";"2";"3";"1";"1";""
"202400029115";"155730507";"A01";"1";"7";"0";"0";"5";"20";"1";""
"202400029115";"155730508";"B01";"1";"31";"0";"2";"1";"1";"1";""
"202400029115";"155730510";"C01";"2";"7";"0";"2";"3";"1";"1";""
"202400029116";"155730506";"A01";"2";"7";"0";"1";"1";"1";"1";""
"202400029117";"155730504";"A01";"1";"7";"0";"0";"1";"5";"1";""
"202400029117";"155730505";"B01";"1";"7";"0";"0";"1";"0";"1";""
"202400029118";"155730498";"A01";"2";"7";"0";"2";"7";"15";"1";""
"202400029118";"155730502";"B01";"2";"80";"0";"2";"1";"1";"3";""
"202400029119";"155730497";"B01";"1";"7";"1";"0";"2";"1";"1";""
"202400029119";"155730499";"C01";"2";"7";"0";"0";"4";"17";"1";""
"202400029119";"155730500";"A01";"2";"7";"3";"0";"7";"23";"2";""
"202400029119";"155730501";"D01";"2";"7";"0";"2";"1";"1";"1";""
"202400029119";"155730503";"E01";"2";"7";"4";"0";"2";"1";"1";""
"202400029120";"155730495";"A01";"1";"7";"0";"2";"5";"15";"1";""
"202400029120";"155730496";"B01";"2";"1";"0";"2";"1";"1";"5";""
"202400029121";"155730491";"A01";"2";"7";"0";"2";"3";"13";"1";""
"202400029121";"155730493";"B01";"1";"14";"0";"2";"3";"1";"1";""
"202400029121";"155730494";"C01";"2";"7";"0";"2";"1";"1";"1";""
"202400029122";"155730489";"A01";"1";"31";"0";"2";"9";"26";"1";""
"202400029122";"155730490";"C01";"1";"7";"0";"2";"2";"1";"3";""
"202400029122";"155730492";"B01";"1";"3";"0";"2";"3";"9";"2";""
"202400029123";"155730488";"A01";"1";"17";"3";"0";"3";"0";"1";""
"202400029124";"155730486";"B01";"2";"1";"0";"2";"8";"1";"5";""
"202400029124";"155730487";"Z01";"2";"10";"0";"2";"7";"14";"1";""
"202400029125";"155730483";"B01";"3";"7";"0";"2";"3";"15";"1";""
"202400029125";"155730485";"A01";"3";"1";"0";"2";"1";"1";"5";""
"202400029126";"155730480";"A01";"1";"7";"0";"1";"1";"1";"1";""
"202400029127";"155730481";"C01";"1";"7";"0";"0";"4";"2";"1";""
"202400029127";"155730482";"A01";"1";"7";"0";"2";"2";"2";"1";""
"202400029127";"155730484";"B01";"1";"7";"0";"2";"6";"2";"1";""
"202400029128";"155730477";"B01";"2";"32";"0";"2";"1";"1";"1";""
"202400029128";"155730479";"A01";"1";"7";"0";"2";"3";"13";"1";""
"202400029129";"155730476";"A01";"1";"10";"1";"0";"1";"1";"1";""
"202400029129";"155730478";"B01";"1";"17";"0";"0";"0";"24";"1";""
"202400029130";"155730474";"A01";"2";"10";"13";"0";"0";"13";"1";""
"202400029131";"155730473";"B01";"2";"7";"0";"2";"1";"1";"1";""
"202400029131";"155730475";"A01";"1";"7";"0";"2";"1";"15";"1";""
"202400029132";"155730471";"A01";"3";"7";"0";"1";"4";"26";"1";""
"202400029133";"155730470";"A01";"2";"7";"2";"0";"7";"13";"1";""
"202400029134";"155730468";"A01";"3";"7";"0";"0";"1";"1";"1";""
"202400029135";"155730467";"B01";"2";"10";"0";"2";"0";"26";"1";""
"202400029135";"155730469";"A01";"3";"33";"0";"9";"1";"1";"1";""
"202400029136";"155730465";"A01";"1";"0";"0";"0";"0";"0";"0";""
"202400029137";"155730463";"A01";"2";"31";"0";"0";"0";"1";"1";""
"202400029138";"155730461";"A01";"1";"32";"0";"2";"1";"0";"1";""
"202400029138";"155730462";"B01";"2";"7";"0";"2";"3";"15";"1";""
"202400029139";"155730460";"A01";"2";"10";"1";"0";"1";"0";"1";""
"202400029140";"155730459";"A01";"1";"7";"0";"1";"1";"9";"1";""
"202400029141";"155730457";"A01";"3";"10";"0";"1";"2";"4";"3";""
"202400029142";"155730455";"B01";"2";"10";"0";"2";"4";"2";"1";""
"202400029142";"155730456";"C01";"2";"10";"0";"2";"4";"2";"1";""
"202400029142";"155730458";"A01";"2";"14";"0";"2";"1";"2";"1";""
"202400029143";"155730452";"A01";"3";"13";"0";"9";"0";"2";"1";""
"202400029143";"155730454";"B01";"3";"1";"0";"0";"0";"0";"5";""
"202400029144";"155730451";"A01";"1";"7";"0";"2";"1";"15";"1";""
"202400029144";"155730453";"B01";"2";"2";"0";"2";"1";"1";"1";""
"202400029145";"155730448";"B01";"1";"7";"0";"2";"4";"23";"1";""
"202400029145";"155730450";"A01";"1";"7";"0";"2";"1";"0";"1";""
"202400029146";"155730447";"A01";"1";"3";"0";"0";"5";"1";"3";""
"202400029146";"155730449";"B01";"1";"1";"0";"2";"1";"2";"5";""
"202400029147";"155730444";"A01";"1";"7";"0";"0";"1";"2";"1";""
"202400029147";"155730445";"B01";"1";"7";"0";"2";"4";"1";"1";""
"202400029147";"155730446";"C01";"1";"7";"0";"2";"4";"1";"1";""
"202400029148";"155730443";"A01";"1";"7";"0";"0";"2";"1";"1";""
"202400029149";"155730442";"A01";"2";"7";"0";"5";"0";"3";"1";""
"202400029150";"155730441";"A01";"1";"10";"8";"0";"1";"2";"1";""
"202400029151";"155730435";"B01";"1";"7";"0";"2";"5";"1";"1";""
"202400029151";"155730436";"C01";"1";"7";"0";"2";"8";"1";"1";""
"202400029151";"155730438";"A01";"1";"7";"0";"2";"3";"9";"1";""
"202400029152";"155730434";"A01";"2";"7";"0";"2";"1";"13";"1";""
"202400029152";"155730437";"B01";"1";"15";"0";"2";"1";"0";"1";""
"202400029152";"155730439";"D01";"2";"7";"0";"2";"1";"1";"1";""
"202400029152";"155730440";"C01";"2";"7";"0";"2";"1";"1";"1";""
"202400029153";"155730433";"A01";"3";"7";"0";"1";"7";"16";"1";""
"202400029154";"155730432";"A01";"1";"7";"0";"1";"2";"0";"1";""
"202400029155";"155730429";"B01";"1";"7";"0";"2";"0";"0";"1";""
"202400029155";"155730431";"A01";"2";"10";"0";"2";"8";"0";"1";""
"202400029156";"155730430";"A01";"1";"7";"16";"0";"1";"1";"1";""
"202400029157";"155730427";"A01";"3";"31";"0";"2";"1";"2";"1";""
"202400029157";"155730428";"B01";"3";"33";"0";"2";"5";"2";"1";""
"202400029158";"155730424";"A01";"1";"7";"0";"0";"4";"1";"1";""
"202400029158";"155730426";"B01";"1";"7";"3";"2";"1";"1";"1";""
"202400029159";"155730423";"A01";"2";"7";"0";"2";"1";"9";"1";""
"202400029159";"155730425";"B01";"2";"1";"0";"2";"2";"1";"5";""
"202400029160";"155730420";"B01";"1";"7";"0";"2";"6";"2";"1";""
"202400029160";"155730422";"A01";"1";"14";"0";"2";"2";"2";"1";""
"202400029161";"155730419";"B01";"3";"50";"0";"2";"1";"1";"3";""
"202400029161";"155730421";"A01";"3";"7";"0";"2";"2";"15";"1";""
"202400029162";"155730417";"A01";"2";"7";"0";"1";"3";"1";"1";""
"202400029163";"155730416";"A01";"2";"7";"0";"2";"4";"2";"1";""
"202400029163";"155730418";"B01";"2";"7";"0";"2";"1";"2";"1";""
"202400029164";"155730413";"B01";"2";"10";"0";"2";"1";"9";"0";""
"202400029164";"155730415";"A01";"1";"2";"0";"2";"7";"19";"0";""
"202400029165";"155730411";"A01";"2";"7";"0";"2";"4";"2";"1";""
"202400029165";"155730412";"B01";"2";"7";"0";"2";"4";"2";"1";""
"202400029165";"155730414";"C01";"2";"7";"0";"2";"1";"2";"1";""
"202400029166";"155730410";"A01";"3";"7";"0";"1";"1";"16";"1";""
"202400029167";"155730407";"A01";"2";"7";"0";"1";"1";"1";"1";""
"202400029168";"155730406";"A01";"1";"7";"0";"2";"4";"23";"1";""
"202400029168";"155730408";"B01";"1";"7";"0";"2";"4";"23";"1";""
"202400029168";"155730409";"C01";"1";"7";"0";"2";"1";"1";"1";""
"202400029169";"155730404";"B01";"1";"7";"0";"2";"2";"1";"3";""
"202400029169";"155730405";"A01";"1";"1";"0";"2";"3";"19";"5";""
"202400029170";"155730403";"A01";"1";"7";"3";"0";"1";"13";"1";""
"202400029171";"155730402";"A01";"1";"7";"12";"0";"3";"1";"1";""
"202400029172";"155730400";"A01";"1";"33";"0";"2";"1";"2";"1";""
"202400029172";"155730401";"B01";"1";"7";"0";"2";"5";"23";"1";""
"202400029173";"155730398";"B01";"2";"1";"0";"2";"8";"1";"5";""
"202400029173";"155730399";"A01";"2";"7";"0";"2";"1";"16";"1";""
"202400029174";"155730396";"A01";"1";"10";"0";"1";"0";"1";"0";""
"202400029175";"155730395";"B01";"1";"14";"0";"2";"1";"1";"1";""
"202400029175";"155730397";"A01";"1";"7";"0";"2";"9";"9";"1";""
"202400029176";"155730394";"A01";"1";"7";"0";"1";"1";"1";"1";""
"202400029177";"155730392";"B01";"1";"15";"0";"2";"2";"1";"1";""
"202400029177";"155730393";"A01";"1";"7";"0";"2";"6";"14";"1";""
"202400029178";"155730391";"A01";"1";"17";"0";"1";"1";"23";"1";""
"202400029179";"155730387";"A01";"1";"33";"0";"2";"1";"3";"1";""
"202400029179";"155730389";"B01";"1";"7";"0";"2";"4";"14";"1";""
"202400029179";"155730390";"C01";"1";"7";"0";"2";"2";"1";"1";""
"202400029180";"155730386";"A01";"3";"7";"0";"2";"3";"9";"1";""
"202400029180";"155730388";"B01";"2";"7";"0";"2";"1";"0";"1";""
"202400029181";"155730385";"A01";"1";"41";"0";"0";"0";"0";"1";""
"202400029182";"155730383";"B01";"3";"10";"0";"2";"1";"1";"1";""
"202400029182";"155730384";"A01";"3";"7";"0";"2";"1";"1";"1";""
"202400029183";"155730380";"A01";"2";"7";"0";"1";"7";"1";"1";""
"202400029184";"155730379";"C01";"1";"7";"0";"2";"8";"1";"1";""
"202400029184";"155730381";"A01";"2";"33";"0";"2";"0";"3";"1";""
"202400029184";"155730382";"B01";"2";"7";"0";"2";"8";"1";"1";""
"202400029185";"155730377";"A01";"3";"7";"0";"2";"3";"15";"2";""
"202400029185";"155730378";"B01";"3";"2";"0";"2";"1";"1";"1";""
"202400029186";"155730374";"A01";"3";"10";"0";"2";"4";"4";"1";""
"202400029186";"155730375";"B01";"3";"2";"0";"2";"1";"23";"1";""
"202400029187";"155730371";"B01";"2";"30";"0";"2";"0";"0";"1";""
"202400029187";"155730373";"A01";"2";"7";"0";"2";"0";"0";"1";""
"202400029188";"155730372";"B01";"1";"60";"0";"2";"0";"0";"5";""
"202400029188";"155730376";"A01";"1";"7";"0";"2";"0";"0";"1";""
"202400029189";"155730370";"A01";"1";"7";"4";"0";"3";"13";"1";""
"202400029190";"155730368";"A01";"3";"7";"0";"2";"3";"13";"1";""
"202400029190";"155730369";"B01";"3";"7";"0";"2";"2";"1";"1";""
"202400029191";"155730365";"A01";"1";"7";"0";"2";"1";"2";"3";""
"202400029191";"155730366";"C01";"1";"7";"0";"2";"4";"23";"1";""
"202400029191";"155730367";"B01";"1";"7";"0";"2";"4";"23";"1";""
"202400029192";"155730364";"A01";"3";"7";"0";"1";"8";"1";"0";""
"202400029193";"155730363";"A01";"2";"50";"12";"0";"1";"14";"3";""
"202400029194";"155730361";"A01";"1";"7";"0";"2";"1";"1";"1";""
"202400029194";"155730362";"B01";"2";"33";"0";"2";"7";"1";"1";""
"202400029195";"155730360";"A01";"3";"7";"0";"1";"1";"15";"2";""
"202400029196";"155730358";"A01";"2";"7";"14";"1";"0";"16";"3";""
"202400029197";"155730357";"B01";"1";"50";"0";"2";"0";"0";"3";""
"202400029197";"155730359";"A01";"1";"7";"0";"2";"2";"0";"1";""
"202400029198";"155730354";"A01";"3";"7";"1";"2";"3";"15";"1";""
"202400029198";"155730356";"B01";"1";"32";"0";"2";"1";"1";"1";""
"202400029199";"155730353";"B01";"1";"1";"0";"2";"0";"1";"5";""
"202400029199";"155730355";"A01";"1";"7";"0";"2";"0";"0";"1";""
"202400029200";"155730352";"A01";"1";"7";"0";"1";"0";"26";"1";""
"202400029201";"155730349";"B01";"2";"7";"0";"2";"4";"1";"1";""
"202400029201";"155730350";"A01";"2";"14";"0";"2";"1";"2";"1";""
"202400029202";"155730348";"A01";"1";"7";"0";"2";"1";"12";"1";""
"202400029202";"155730351";"B01";"1";"33";"0";"2";"0";"0";"1";""
"202400029203";"155730347";"A01";"1";"7";"0";"1";"1";"1";"1";""
"202400029204";"155730345";"A01";"1";"7";"0";"2";"7";"1";"1";""
"202400029204";"155730346";"B01";"1";"1";"0";"2";"8";"1";"5";""
"202400029205";"155730342";"B01";"3";"1";"0";"2";"2";"26";"5";""
"202400029205";"155730344";"A01";"3";"7";"0";"2";"8";"1";"1";""
"202400029206";"155730341";"B01";"1";"30";"0";"2";"4";"23";"1";""
"202400029206";"155730343";"A01";"1";"7";"0";"2";"1";"2";"1";""
"202400029207";"155730340";"A01";"1";"10";"0";"1";"1";"17";"1";""
"202400029208";"155730339";"A01";"1";"7";"0";"1";"1";"1";"1";""
"202400029209";"155730336";"A01";"3";"7";"0";"2";"3";"11";"1";""
"202400029209";"155730337";"B01";"3";"33";"0";"2";"1";"0";"1";""
"202400029210";"155730330";"B01";"2";"7";"0";"2";"0";"0";"1";""
"202400029210";"155730331";"A01";"1";"7";"0";"2";"1";"6";"1";""
"202400029211";"155730329";"A01";"1";"7";"0";"2";"3";"26";"3";""
"202400029211";"155730332";"B01";"1";"50";"0";"2";"4";"26";"3";""
"202400029212";"155730325";"A01";"2";"10";"0";"2";"3";"15";"1";""
"202400029212";"155730326";"B01";"1";"2";"0";"2";"1";"1";"1";""
"202400029213";"155730327";"A01";"1";"10";"0";"2";"1";"11";"0";""
"202400029213";"155730328";"B01";"2";"7";"0";"2";"3";"2";"1";""
"202400029214";"155730323";"B01";"2";"50";"0";"2";"1";"5";"3";""
"202400029214";"155730324";"A01";"2";"7";"0";"2";"8";"1";"1";""
"202400029215";"155730321";"B01";"1";"7";"0";"2";"1";"1";"1";""
"202400029215";"155730322";"A01";"2";"10";"0";"2";"1";"15";"1";""
"202400029216";"155730316";"B01";"1";"7";"0";"2";"1";"1";"1";""
"202400029216";"155730320";"A01";"2";"7";"0";"2";"2";"1";"1";""
"202400029217";"155730313";"A01";"2";"7";"0";"2";"8";"15";"1";""
"202400029217";"155730315";"B01";"2";"32";"0";"2";"7";"2";"3";""
"202400029218";"155730312";"A01";"2";"3";"1";"0";"8";"16";"0";""
"202400029218";"155730314";"B01";"2";"34";"0";"0";"1";"1";"1";""
"202400029219";"155730310";"A01";"2";"7";"0";"2";"6";"15";"1";""
"202400029219";"155730311";"B01";"2";"33";"0";"2";"1";"17";"1";""
"202400029220";"155730309";"A01";"0";"7";"0";"1";"1";"9";"1";""
"202400029221";"155730308";"A01";"2";"7";"0";"1";"2";"21";"1";""
"202400029222";"155730306";"A01";"1";"7";"0";"9";"1";"26";"2";""
"202400029222";"155730307";"B01";"1";"50";"0";"2";"7";"1";"3";""
"202400029223";"155730304";"A01";"3";"30";"0";"0";"2";"26";"1";""
"202400029224";"155730303";"B01";"3";"7";"0";"2";"1";"0";"1";""
"202400029224";"155730305";"A01";"3";"99";"0";"2";"1";"13";"0";""
"202400029225";"155730301";"B01";"1";"7";"0";"2";"3";"0";"1";""
"202400029225";"155730302";"A01";"2";"7";"0";"2";"3";"14";"1";""
"202400029226";"155730300";"Z01";"3";"0";"0";"0";"0";"26";"0";""
"202400029227";"155730299";"A01";"2";"7";"0";"1";"4";"4";"1";""
"202400029228";"155730298";"A01";"2";"7";"0";"1";"1";"16";"1";""
"202400029229";"155730296";"A01";"1";"7";"12";"1";"1";"2";"1";""
"202400029230";"155730295";"A01";"1";"7";"0";"2";"3";"2";"2";""
"202400029230";"155730297";"B01";"1";"33";"0";"2";"1";"17";"1";""
"202400029231";"155730292";"A01";"1";"32";"0";"2";"7";"1";"1";""
"202400029231";"155730293";"B01";"1";"10";"0";"2";"1";"9";"1";""
"202400029232";"155730291";"B01";"0";"99";"0";"0";"0";"0";"5";""
"202400029232";"155730294";"A01";"1";"7";"0";"2";"5";"13";"1";""
"202400029233";"155730289";"A01";"1";"7";"0";"2";"1";"2";"1";""
"202400029233";"155730290";"B01";"1";"7";"0";"2";"4";"2";"3";""
"202400029234";"155730288";"A01";"2";"7";"0";"1";"1";"15";"1";""
"202400029235";"155730286";"A01";"3";"7";"0";"1";"1";"1";"1";""
"202400029236";"155730285";"A01";"1";"10";"0";"2";"2";"1";"1";""
"202400029236";"155730287";"B01";"1";"33";"0";"2";"3";"7";"1";""
"202400029237";"155730283";"A01";"1";"7";"0";"2";"8";"15";"1";""
"202400029237";"155730284";"B01";"2";"1";"0";"2";"8";"1";"5";""
"202400029238";"155730281";"A01";"2";"7";"0";"2";"1";"15";"2";""
"202400029238";"155730282";"B01";"1";"31";"0";"2";"3";"1";"1";""
"202400029239";"155730279";"A01";"1";"7";"0";"2";"1";"26";"1";""
"202400029239";"155730280";"B01";"1";"10";"0";"2";"4";"2";"1";""
"202400029240";"155730278";"A01";"2";"10";"0";"1";"2";"1";"1";""
"202400029241";"155730276";"A01";"2";"10";"0";"2";"3";"1";"1";""