"Num_Acc";"id_vehicule";"num_veh";"senc";"catv";"obs";"obsm";"choc";"manv";"motor";"occutc"
"202400029241";"155730277";"B01";"1";"37";"0";"2";"3";"1";"1";"3"
"202400029242";"155730272";"B01";"2";"7";"0";"2";"1";"15";"2";""
"202400029242";"155730274";"A01";"1";"50";"0";"2";"8";"1";"3";""
"202400029243";"155730273";"A01";"3";"32";"0";"2";"1";"15";"1";""
"202400029243";"155730275";"B01";"3";"43";"0";"2";"1";"1";"1";""
"202400029244";"155730271";"A01";"1";"7";"0";"1";"2";"15";"1";""
"202400029245";"155730270";"A01";"2";"33";"0";"1";"2";"1";"1";""
"202400029246";"155730269";"A01";"1";"32";"0";"0";"0";"0";"1";""
"202400029247";"155730268";"A01";"2";"2";"0";"0";"0";"26";"3";""
"202400029248";"155730267";"A01";"3";"7";"4";"0";"8";"26";"1";""
"202400029249";"155730266";"A01";"2";"30";"0";"0";"0";"14";"1";""
"202400029250";"155730264";"B01";"1";"7";"0";"2";"8";"1";"1";""
"202400029250";"155730265";"A01";"1";"31";"0";"2";"2";"17";"1";""
"202400029251";"155730262";"B01";"2";"1";"0";"0";"0";"0";"5";""
"202400029251";"155730263";"A01";"0";"7";"0";"0";"0";"16";"1";""
"202400029252";"155730260";"A01";"1";"10";"0";"2";"4";"1";"6";""
"202400029252";"155730261";"B01";"1";"10";"0";"2";"1";"1";"6";""
"202400029253";"155730258";"A01";"2";"1";"0";"2";"1";"2";"5";""
"202400029253";"155730259";"B01";"2";"7";"0";"2";"4";"16";"1";""
"202400029254";"155730256";"A01";"3";"7";"0";"2";"8";"19";"1";""
"202400029254";"155730257";"B01";"3";"32";"0";"2";"1";"1";"1";""
"202400029255";"155730253";"A01";"2";"7";"0";"2";"7";"14";"1";""
"202400029255";"155730255";"B01";"2";"31";"0";"2";"8";"0";"1";""
"202400029256";"155730252";"A01";"2";"7";"0";"2";"1";"0";"1";""
"202400029256";"155730254";"B01";"1";"7";"0";"2";"1";"1";"1";""
"202400029257";"155730250";"A01";"2";"33";"1";"1";"1";"1";"1";""
"202400029258";"155730246";"A01";"2";"50";"0";"2";"1";"2";"3";""
"202400029258";"155730248";"B01";"3";"31";"0";"2";"1";"16";"1";""
"202400029259";"155730245";"B01";"1";"33";"0";"2";"7";"1";"1";""
"202400029259";"155730247";"A01";"1";"37";"0";"2";"8";"13";"1";"1"
"202400029260";"155730243";"A01";"2";"7";"4";"0";"2";"14";"1";""
"202400029261";"155730242";"A01";"0";"7";"0";"2";"1";"16";"2";""
"202400029261";"155730244";"B01";"0";"1";"0";"2";"1";"1";"5";""
"202400029262";"155730241";"A01";"2";"30";"0";"0";"7";"26";"1";""
"202400029263";"155730240";"A01";"2";"50";"1";"0";"1";"1";"3";""
"202400029264";"155730239";"A01";"2";"7";"15";"0";"1";"13";"1";""
"202400029265";"155730237";"B01";"0";"33";"0";"2";"0";"0";"1";""
"202400029265";"155730238";"A01";"3";"7";"0";"2";"0";"0";"1";""
"202400029266";"155730234";"A01";"2";"7";"0";"2";"2";"1";"1";""
"202400029266";"155730236";"B01";"1";"7";"0";"2";"3";"9";"1";""
"202400029267";"155730233";"A01";"3";"33";"0";"2";"2";"1";"1";""
"202400029267";"155730235";"B01";"3";"7";"0";"2";"3";"15";"1";""
"202400029268";"155730231";"B01";"3";"1";"0";"2";"0";"0";"5";""
"202400029268";"155730232";"A01";"1";"7";"0";"2";"0";"26";"1";""
"202400029269";"155730230";"A01";"2";"7";"14";"0";"3";"5";"1";""
"202400029270";"155730225";"C01";"3";"7";"0";"2";"4";"2";"1";""
"202400029270";"155730227";"D01";"3";"7";"0";"2";"4";"2";"1";""
"202400029270";"155730228";"B01";"3";"10";"0";"2";"4";"2";"1";""
"202400029270";"155730229";"NA01";"3";"7";"0";"2";"1";"2";"1";""
"202400029271";"155730224";"A01";"1";"10";"0";"2";"3";"1";"3";""
"202400029271";"155730226";"B01";"1";"1";"0";"0";"0";"0";"5";""
"202400029272";"155730220";"A01";"1";"10";"0";"2";"1";"0";"1";""
"202400029272";"155730222";"B01";"2";"7";"0";"2";"3";"26";"1";""
"202400029273";"155730218";"A01";"1";"7";"12";"1";"1";"0";"2";""
"202400029274";"155730217";"B01";"3";"7";"0";"2";"1";"15";"1";""
"202400029274";"155730219";"A01";"3";"30";"0";"2";"1";"1";"1";""
"202400029275";"155730216";"A01";"3";"10";"0";"1";"1";"1";"1";""
"202400029276";"155730213";"B01";"3";"37";"0";"2";"1";"1";"1";"1"
"202400029276";"155730215";"A01";"3";"7";"0";"2";"7";"1";"1";""
"202400029277";"155730212";"B01";"3";"50";"0";"2";"8";"26";"3";""
"202400029277";"155730214";"A01";"1";"7";"0";"2";"3";"2";"1";""
"202400029278";"155730210";"A01";"3";"10";"0";"2";"1";"15";"1";""
"202400029278";"155730211";"B01";"3";"7";"0";"2";"7";"1";"1";""
"202400029279";"155730209";"A01";"1";"0";"0";"1";"1";"2";"0";""
"202400029280";"155730206";"A01";"3";"7";"0";"2";"1";"2";"1";""
"202400029280";"155730208";"B01";"3";"7";"0";"2";"4";"2";"1";""
"202400029281";"155730205";"A01";"1";"7";"0";"9";"2";"16";"1";""
"202400029281";"155730207";"B01";"1";"50";"0";"2";"1";"1";"3";""
"202400029282";"155730204";"A01";"0";"10";"0";"0";"0";"0";"0";""
"202400029283";"155730203";"A01";"1";"7";"0";"1";"1";"19";"1";""
"202400029284";"155730199";"C01";"1";"33";"0";"2";"1";"5";"1";""
"202400029284";"155730200";"A01";"1";"7";"0";"2";"1";"0";"0";""
"202400029284";"155730202";"B01";"1";"7";"0";"2";"1";"5";"1";""
"202400029285";"155730198";"A01";"1";"7";"0";"1";"1";"26";"1";""
"202400029286";"155730196";"B01";"2";"31";"0";"2";"8";"2";"1";""
"202400029286";"155730197";"A01";"1";"7";"0";"2";"3";"15";"1";""
"202400029287";"155730195";"A01";"3";"7";"0";"1";"1";"1";"1";""
"202400029288";"155730194";"A01";"0";"32";"8";"0";"1";"1";"1";""
"202400029289";"155730193";"A01";"3";"3";"0";"2";"0";"26";"1";""
"202400029290";"155730192";"A01";"2";"33";"1";"1";"8";"17";"1";""
"202400029291";"155730190";"A01";"3";"7";"2";"2";"2";"13";"1";""
"202400029291";"155730191";"B01";"3";"7";"0";"2";"2";"1";"1";""
"202400029292";"155730188";"A01";"1";"34";"0";"2";"2";"17";"1";""
"202400029292";"155730189";"B01";"1";"7";"0";"2";"3";"13";"1";""
"202400029293";"155730186";"A01";"3";"7";"0";"2";"1";"2";"1";""
"202400029293";"155730187";"B01";"3";"7";"0";"2";"4";"2";"1";""
"202400029294";"155730185";"A01";"3";"7";"0";"1";"3";"16";"1";""
"202400029295";"155730184";"A01";"3";"33";"0";"0";"0";"1";"1";""
"202400029296";"155730182";"A01";"0";"7";"0";"2";"5";"9";"2";""
"202400029296";"155730183";"B01";"0";"7";"0";"2";"1";"1";"1";""
"202400029297";"155730180";"A01";"1";"7";"0";"2";"1";"13";"0";""
"202400029297";"155730181";"B01";"2";"7";"0";"2";"1";"1";"0";""
"202400029298";"155730178";"A01";"2";"7";"0";"2";"3";"15";"1";""
"202400029298";"155730179";"B01";"1";"1";"0";"2";"8";"1";"5";""
"202400029299";"155730177";"A01";"1";"37";"0";"0";"1";"14";"3";"3"
"202400029300";"155730176";"A01";"3";"1";"0";"0";"0";"1";"5";""
"202400029301";"155730175";"A01";"1";"7";"0";"1";"1";"1";"1";""
"202400029302";"155730174";"A01";"1";"7";"0";"1";"3";"1";"1";""
"202400029303";"155730173";"A01";"3";"2";"0";"0";"0";"1";"1";""
"202400029304";"155730172";"A01";"1";"7";"6";"1";"2";"21";"1";""
"202400029305";"155730170";"A01";"1";"33";"0";"2";"2";"1";"1";""
"202400029305";"155730171";"B01";"1";"10";"0";"2";"3";"1";"1";""
"202400029306";"155730168";"A01";"3";"7";"0";"2";"1";"13";"1";""
"202400029306";"155730169";"B01";"3";"7";"0";"2";"1";"1";"1";""
"202400029307";"155730165";"A01";"1";"31";"0";"2";"8";"21";"1";""
"202400029307";"155730167";"B01";"1";"7";"0";"2";"8";"16";"1";""
"202400029308";"155730164";"B01";"3";"33";"0";"2";"1";"13";"1";""
"202400029308";"155730166";"A01";"3";"7";"0";"2";"1";"1";"3";""
"202400029309";"155730161";"A01";"3";"31";"0";"2";"1";"8";"1";""
"202400029309";"155730163";"B01";"3";"7";"0";"2";"2";"15";"1";""
"202400029310";"155730160";"A01";"1";"7";"0";"2";"1";"6";"1";""
"202400029310";"155730162";"B01";"2";"7";"0";"2";"1";"9";"1";""
"202400029311";"155730157";"A01";"2";"33";"0";"2";"1";"2";"1";""
"202400029311";"155730159";"B01";"1";"7";"0";"2";"4";"2";"0";""
"202400029312";"155730156";"B01";"2";"7";"16";"2";"3";"1";"1";""
"202400029312";"155730158";"A01";"1";"7";"0";"2";"3";"1";"1";""
"202400029313";"155730154";"B01";"1";"33";"0";"2";"1";"1";"1";""
"202400029313";"155730155";"A01";"1";"7";"0";"2";"3";"10";"1";""
"202400029314";"155730153";"A01";"3";"10";"0";"1";"3";"16";"1";""
"202400029315";"155730151";"A01";"1";"7";"16";"0";"0";"0";"1";""
"202400029316";"155730150";"B01";"2";"7";"0";"2";"1";"11";"1";""
"202400029316";"155730152";"A01";"1";"14";"0";"2";"3";"1";"1";""
"202400029317";"155730147";"A01";"3";"7";"0";"9";"2";"0";"1";""
"202400029317";"155730149";"B01";"0";"99";"0";"2";"1";"5";"3";""
"202400029318";"155730146";"A01";"3";"7";"0";"2";"1";"15";"1";""
"202400029318";"155730148";"B01";"3";"7";"0";"2";"8";"0";"1";""
"202400029319";"155730143";"A01";"2";"7";"0";"2";"1";"13";"1";""
"202400029319";"155730145";"B01";"1";"15";"0";"2";"1";"1";"1";""
"202400029320";"155730142";"B01";"0";"37";"0";"2";"2";"0";"1";"1"
"202400029320";"155730144";"A01";"0";"7";"0";"0";"0";"0";"1";""
"202400029321";"155730138";"B01";"2";"13";"0";"2";"3";"1";"1";""
"202400029321";"155730141";"A01";"1";"7";"0";"2";"1";"1";"1";""
"202400029322";"155730137";"A01";"2";"10";"0";"2";"3";"2";"1";""
"202400029322";"155730140";"B01";"2";"7";"0";"2";"4";"2";"1";""
"202400029323";"155730136";"B01";"1";"7";"0";"2";"3";"9";"1";""
"202400029323";"155730139";"A01";"1";"2";"0";"2";"2";"1";"1";""
"202400029324";"155730133";"A01";"2";"7";"0";"2";"8";"13";"1";""
"202400029324";"155730135";"B01";"1";"7";"0";"2";"1";"1";"1";""
"202400029325";"155730132";"A01";"2";"30";"0";"0";"0";"0";"1";""
"202400029326";"155730129";"A01";"2";"7";"0";"2";"1";"17";"1";""
"202400029326";"155730130";"B01";"1";"1";"0";"2";"1";"1";"5";""
"202400029327";"155730126";"A01";"1";"10";"0";"2";"1";"16";"1";""
"202400029327";"155730128";"B01";"1";"50";"0";"2";"8";"19";"3";""
"202400029328";"155730125";"A01";"1";"7";"13";"0";"2";"1";"1";""
"202400029329";"155730124";"A01";"3";"7";"0";"2";"4";"23";"2";""
"202400029329";"155730127";"B01";"3";"7";"0";"2";"1";"1";"1";""
"202400029330";"155730121";"A01";"1";"7";"0";"2";"2";"13";"1";""
"202400029330";"155730122";"B01";"2";"7";"0";"2";"1";"1";"2";""
"202400029331";"155730120";"A01";"1";"31";"0";"2";"1";"2";"1";""
"202400029331";"155730123";"B01";"1";"7";"0";"2";"4";"2";"2";""
"202400029332";"155730119";"A01";"2";"7";"0";"1";"2";"2";"1";""
"202400029333";"155730118";"A01";"2";"7";"0";"0";"9";"1";"1";""
"202400029334";"155730116";"A01";"2";"7";"0";"0";"2";"13";"1";""
"202400029335";"155730115";"B01";"1";"50";"0";"2";"1";"1";"3";""
"202400029335";"155730117";"A01";"3";"7";"0";"2";"1";"1";"1";""
"202400029336";"155730113";"A01";"1";"13";"0";"4";"1";"9";"1";""
"202400029336";"155730114";"B01";"1";"40";"0";"2";"3";"1";"0";""
"202400029337";"155730112";"A01";"3";"7";"0";"1";"1";"1";"2";""
"202400029338";"155730109";"A01";"1";"2";"0";"0";"0";"2";"1";""
"202400029339";"155730108";"B01";"2";"31";"0";"2";"3";"15";"1";""
"202400029339";"155730111";"A01";"2";"7";"0";"2";"2";"19";"1";""
"202400029340";"155730107";"A01";"0";"7";"0";"0";"0";"0";"1";""
"202400029340";"155730110";"B01";"0";"7";"0";"0";"0";"0";"1";""
"202400029341";"155730105";"A01";"3";"7";"0";"1";"3";"1";"1";""
"202400029342";"155730104";"B01";"1";"33";"0";"2";"1";"1";"1";""
"202400029342";"155730106";"A01";"1";"7";"0";"2";"2";"19";"1";""
"202400029343";"155730102";"A01";"3";"7";"0";"1";"2";"1";"2";""
"202400029344";"155730100";"A01";"1";"7";"0";"2";"2";"1";"1";""
"202400029344";"155730101";"B01";"3";"7";"0";"2";"5";"1";"1";""
"202400029344";"155730103";"C01";"1";"37";"0";"2";"3";"23";"1";"1"
"202400029345";"155730097";"A01";"0";"33";"0";"2";"2";"17";"1";""
"202400029345";"155730099";"B01";"0";"7";"0";"2";"3";"15";"1";""
"202400029346";"155730096";"B01";"1";"31";"0";"2";"7";"1";"1";""
"202400029346";"155730098";"A01";"1";"7";"0";"2";"3";"11";"1";""
"202400029347";"155730094";"A01";"2";"7";"4";"0";"2";"1";"1";""
"202400029348";"155730093";"A01";"2";"7";"0";"2";"3";"2";"1";""
"202400029348";"155730095";"B01";"2";"7";"0";"2";"4";"2";"1";""
"202400029349";"155730088";"C01";"2";"10";"0";"2";"1";"2";"1";""
"202400029349";"155730090";"A01";"2";"10";"0";"2";"1";"2";"1";""
"202400029349";"155730092";"B01";"2";"7";"0";"2";"4";"2";"2";""
"202400029350";"155730089";"A01";"3";"7";"0";"2";"1";"26";"1";""
"202400029350";"155730091";"B01";"3";"7";"0";"2";"1";"1";"1";""
"202400029351";"155730086";"A01";"2";"7";"1";"0";"6";"24";"2";""
"202400029351";"155730087";"B01";"2";"80";"1";"0";"1";"2";"3";""
"202400029352";"155730084";"B01";"2";"33";"0";"2";"1";"1";"1";""
"202400029352";"155730085";"A01";"1";"7";"0";"2";"1";"15";"1";""
"202400029353";"155730083";"Z01";"0";"7";"0";"1";"1";"0";"0";""
"202400029354";"155730080";"A01";"2";"1";"0";"2";"7";"0";"5";""
"202400029354";"155730082";"B01";"1";"7";"0";"2";"3";"0";"1";""
"202400029355";"155730081";"A01";"1";"7";"0";"1";"1";"1";"2";""
"202400029356";"155730077";"B01";"2";"1";"0";"2";"4";"1";"5";""
"202400029356";"155730078";"Z01";"2";"1";"0";"2";"1";"2";"5";""
"202400029357";"155730076";"A01";"1";"10";"0";"2";"1";"1";"1";""
"202400029357";"155730079";"B01";"2";"37";"0";"2";"7";"1";"6";"1"
"202400029358";"155730074";"B01";"1";"31";"0";"2";"3";"1";"1";""
"202400029358";"155730075";"A01";"3";"7";"0";"2";"1";"15";"1";""
"202400029359";"155730073";"A01";"1";"7";"0";"1";"7";"15";"1";""
"202400029360";"155730071";"A01";"1";"33";"0";"2";"1";"1";"1";""
"202400029360";"155730072";"B01";"1";"7";"0";"2";"4";"23";"1";""
"202400029361";"155730068";"A01";"1";"2";"14";"2";"3";"1";"1";""
"202400029361";"155730070";"B01";"1";"7";"0";"2";"2";"19";"1";""
"202400029362";"155730067";"A01";"1";"30";"0";"0";"0";"0";"1";""
"202400029362";"155730069";"B01";"0";"10";"0";"2";"5";"1";"1";""
"202400029363";"155730064";"B01";"2";"7";"0";"2";"3";"1";"1";""
"202400029363";"155730066";"A01";"1";"7";"0";"2";"2";"15";"3";""
"202400029364";"155730063";"B01";"1";"7";"0";"2";"3";"1";"1";""
"202400029364";"155730065";"A01";"2";"10";"0";"2";"3";"13";"1";""
"202400029365";"155730061";"A01";"2";"50";"0";"2";"8";"18";"3";""
"202400029365";"155730062";"B01";"2";"13";"0";"2";"5";"1";"1";""
"202400029366";"155730058";"A01";"1";"34";"0";"2";"1";"1";"1";""
"202400029366";"155730059";"C01";"2";"7";"0";"2";"0";"0";"1";""
"202400029366";"155730060";"B01";"1";"1";"0";"2";"0";"11";"5";""
"202400029367";"155730057";"A01";"2";"10";"0";"1";"3";"15";"1";""
"202400029368";"155730053";"B01";"0";"7";"0";"2";"4";"1";"1";""
"202400029368";"155730055";"A01";"0";"7";"0";"2";"1";"1";"0";""
"202400029369";"155730054";"B01";"0";"7";"0";"2";"3";"15";"1";""
"202400029369";"155730056";"A01";"0";"1";"0";"2";"0";"0";"5";""
"202400029370";"155730050";"A01";"1";"7";"0";"2";"1";"1";"1";""
"202400029370";"155730051";"B01";"2";"7";"0";"2";"3";"16";"1";""
"202400029371";"155730049";"A01";"2";"7";"0";"2";"1";"9";"1";""
"202400029371";"155730052";"B01";"2";"1";"0";"2";"3";"5";"5";""
"202400029372";"155730047";"A01";"0";"7";"0";"2";"2";"0";"1";""
"202400029372";"155730048";"B01";"0";"1";"0";"2";"3";"0";"5";""
"202400029373";"155730043";"A01";"3";"7";"0";"2";"1";"1";"1";""
"202400029373";"155730044";"B01";"3";"33";"0";"2";"8";"1";"1";""
"202400029374";"155730042";"A01";"2";"10";"0";"1";"1";"1";"1";""
"202400029375";"155730038";"A01";"2";"10";"0";"2";"3";"13";"1";""
"202400029375";"155730039";"B01";"2";"7";"0";"2";"8";"21";"1";""
"202400029375";"155730041";"C01";"2";"7";"0";"2";"2";"1";"2";""
"202400029376";"155730037";"A01";"1";"33";"0";"1";"1";"1";"1";""
"202400029376";"155730040";"B01";"1";"7";"0";"2";"7";"9";"2";""
"202400029377";"155730036";"A01";"3";"10";"0";"1";"2";"20";"1";""
"202400029378";"155730035";"A01";"2";"33";"0";"0";"0";"1";"1";""
"202400029379";"155730033";"A01";"3";"7";"0";"2";"2";"15";"1";""
"202400029379";"155730034";"B01";"3";"33";"0";"2";"4";"15";"1";""
"202400029380";"155730032";"A01";"3";"7";"0";"1";"3";"15";"1";""
"202400029381";"155730031";"A01";"3";"7";"0";"1";"2";"17";"1";""
"202400029382";"155730029";"A01";"1";"1";"0";"2";"1";"1";"5";""
"202400029382";"155730030";"B01";"2";"7";"0";"2";"3";"1";"1";""
"202400029383";"155730028";"A01";"3";"7";"0";"1";"1";"11";"2";""
"202400029384";"155730026";"B01";"1";"34";"4";"0";"7";"13";"1";""
"202400029384";"155730027";"A01";"1";"7";"4";"0";"8";"13";"1";""
"202400029385";"155730025";"A01";"2";"7";"0";"0";"1";"26";"1";""
"202400029386";"155730023";"B01";"1";"33";"0";"2";"8";"0";"1";""
"202400029386";"155730024";"A01";"0";"7";"0";"2";"5";"0";"1";""
"202400029387";"155730022";"A01";"0";"7";"8";"0";"2";"1";"1";""
"202400029388";"155730021";"A01";"0";"33";"3";"0";"0";"0";"1";""
"202400029389";"155730017";"A01";"3";"10";"1";"2";"7";"16";"1";""
"202400029389";"155730019";"B01";"1";"7";"1";"2";"3";"24";"1";""
"202400029390";"155730018";"A01";"3";"33";"0";"2";"1";"7";"1";""
"202400029390";"155730020";"B01";"3";"7";"0";"2";"7";"17";"1";""
"202400029391";"155730014";"B01";"3";"7";"0";"2";"8";"1";"1";""
"202400029391";"155730016";"A01";"0";"7";"0";"2";"1";"20";"1";""
"202400029392";"155730013";"A01";"1";"1";"0";"9";"7";"1";"5";""
"202400029392";"155730015";"B01";"1";"7";"0";"2";"1";"1";"1";""
"202400029393";"155730010";"B01";"2";"7";"0";"2";"8";"11";"1";""
"202400029393";"155730011";"A01";"2";"33";"0";"2";"2";"3";"1";""
"202400029394";"155730012";"A01";"3";"7";"0";"2";"0";"0";"0";""
"202400029395";"155730008";"B01";"2";"33";"0";"2";"4";"1";"1";""
"202400029395";"155730009";"A01";"2";"7";"0";"2";"1";"9";"3";""
"202400029396";"155730007";"A01";"3";"7";"0";"1";"2";"16";"2";""
"202400029397";"155730006";"A01";"2";"7";"0";"1";"1";"1";"1";""
"202400029398";"155730002";"A01";"2";"2";"0";"2";"1";"1";"1";""
"202400029398";"155730005";"B01";"1";"7";"0";"2";"7";"1";"1";""
"202400029399";"155730003";"B01";"2";"1";"0";"2";"1";"9";"5";""
"202400029399";"155730004";"A01";"2";"7";"0";"2";"6";"12";"2";""
"202400029400";"155729998";"A01";"3";"7";"14";"0";"1";"16";"1";""
"202400029400";"155730001";"B01";"3";"7";"0";"0";"1";"23";"1";""
"202400029401";"155729999";"A01";"1";"7";"0";"2";"1";"15";"1";""
"202400029401";"155730000";"B01";"2";"50";"0";"2";"2";"1";"3";""
"202400029402";"155729996";"A01";"2";"33";"0";"2";"1";"1";"1";""
"202400029402";"155729997";"B01";"2";"32";"0";"2";"4";"23";"1";""
"202400029403";"155729995";"A01";"1";"37";"1";"1";"5";"14";"1";"1"
"202400029404";"155729994";"A01";"2";"1";"0";"1";"1";"21";"5";""
"202400029405";"155729991";"B01";"3";"50";"0";"2";"3";"2";"3";""
"202400029405";"155729993";"A01";"1";"7";"0";"2";"7";"16";"1";""
"202400029406";"155729990";"A01";"1";"50";"0";"2";"1";"9";"3";""
"202400029406";"155729992";"B01";"2";"7";"0";"9";"1";"9";"3";""
"202400029407";"155729986";"A01";"3";"7";"0";"2";"3";"1";"3";""
"202400029407";"155729987";"B01";"3";"7";"0";"2";"2";"1";"1";""
"202400029408";"155729988";"A01";"2";"33";"0";"2";"1";"17";"1";""
"202400029408";"155729989";"B01";"2";"10";"0";"2";"6";"15";"3";""
"202400029409";"155729983";"A01";"3";"7";"9";"0";"1";"26";"1";""
"202400029409";"155729985";"B01";"3";"7";"9";"0";"1";"15";"1";""
"202400029410";"155729982";"A01";"2";"30";"0";"2";"1";"17";"1";""
"202400029410";"155729984";"B01";"2";"10";"0";"2";"0";"15";"1";""
"202400029411";"155729979";"A01";"1";"2";"0";"2";"1";"1";"1";""
"202400029411";"155729981";"B01";"1";"21";"0";"2";"4";"15";"1";""
"202400029412";"155729978";"A01";"1";"33";"0";"2";"1";"2";"1";""
"202400029412";"155729980";"B01";"1";"7";"0";"0";"4";"2";"1";""
"202400029413";"155729977";"A01";"0";"7";"13";"0";"1";"1";"1";""
"202400029414";"155729974";"B01";"2";"33";"0";"0";"1";"1";"1";""
"202400029414";"155729976";"A01";"1";"7";"0";"0";"3";"13";"1";""
"202400029415";"155729973";"A01";"2";"7";"0";"2";"8";"20";"1";""
"202400029415";"155729975";"B01";"2";"33";"1";"2";"7";"1";"1";""
"202400029416";"155729970";"A01";"1";"7";"0";"2";"1";"0";"1";""
"202400029416";"155729972";"B01";"2";"7";"0";"2";"1";"1";"1";""
"202400029417";"155729967";"A01";"2";"10";"0";"2";"1";"2";"1";""
"202400029417";"155729969";"C01";"2";"2";"0";"2";"4";"15";"1";""
"202400029417";"155729971";"B01";"2";"7";"0";"2";"3";"15";"1";""
"202400029418";"155729966";"A01";"2";"10";"0";"2";"2";"11";"1";""
"202400029418";"155729968";"B01";"2";"15";"0";"0";"0";"1";"1";""
"202400029419";"155729965";"A01";"2";"30";"0";"9";"0";"1";"1";""
"202400029420";"155729961";"B01";"1";"10";"0";"2";"1";"0";"1";""
"202400029420";"155729962";"C01";"1";"7";"0";"2";"0";"0";"1";""
"202400029420";"155729964";"A01";"1";"7";"0";"2";"1";"13";"1";""
"202400029421";"155729959";"A01";"1";"7";"0";"2";"8";"17";"1";""
"202400029421";"155729960";"B01";"1";"7";"0";"2";"7";"13";"1";""
"202400029421";"155729963";"C01";"2";"7";"0";"2";"1";"1";"1";""
"202400029422";"155729956";"A01";"1";"50";"0";"2";"1";"9";"3";""
"202400029422";"155729958";"B01";"2";"7";"0";"9";"1";"1";"1";""
"202400029423";"155729954";"A01";"2";"10";"0";"1";"2";"0";"1";""
"202400029424";"155729955";"A01";"2";"7";"11";"0";"3";"6";"1";""
"202400029424";"155729957";"B01";"2";"7";"11";"0";"0";"1";"1";""
"202400029425";"155729952";"A01";"2";"15";"0";"2";"6";"15";"1";""
"202400029425";"155729953";"B01";"1";"33";"0";"2";"1";"1";"1";""
"202400029426";"155729949";"B01";"1";"17";"0";"2";"6";"1";"0";""
"202400029426";"155729950";"A01";"1";"7";"0";"2";"1";"3";"1";""
"202400029427";"155729947";"A01";"1";"7";"0";"2";"5";"1";"1";""
"202400029427";"155729951";"B01";"2";"7";"0";"2";"2";"1";"1";""
"202400029428";"155729946";"A01";"2";"7";"0";"2";"1";"13";"1";""
"202400029428";"155729948";"B01";"1";"15";"0";"2";"3";"1";"1";""
"202400029429";"155729945";"A01";"2";"7";"13";"0";"2";"1";"1";""
"202400029430";"155729943";"A01";"2";"2";"14";"0";"1";"11";"1";""
"202400029431";"155729942";"A01";"0";"7";"0";"2";"1";"2";"1";""
"202400029431";"155729944";"B01";"3";"1";"0";"2";"7";"2";"5";""
"202400029432";"155729941";"A01";"1";"7";"6";"0";"2";"14";"1";""
"202400029433";"155729940";"A01";"2";"7";"6";"0";"1";"1";"1";""
"202400029434";"155729937";"A01";"1";"7";"0";"0";"4";"1";"1";""
"202400029434";"155729938";"B01";"1";"33";"0";"2";"1";"1";"1";""
"202400029435";"155729936";"A01";"1";"7";"0";"2";"5";"12";"1";""
"202400029435";"155729939";"B01";"1";"38";"0";"2";"3";"1";"1";"1"
"202400029436";"155729934";"B01";"3";"1";"0";"2";"1";"19";"5";""
"202400029436";"155729935";"A01";"1";"7";"0";"2";"8";"1";"1";""
"202400029437";"155729932";"B01";"1";"80";"0";"2";"6";"18";"3";""
"202400029437";"155729933";"A01";"1";"17";"0";"9";"2";"16";"1";""
"202400029438";"155729930";"A01";"1";"7";"0";"2";"1";"1";"1";""
"202400029438";"155729931";"B01";"1";"7";"0";"2";"4";"1";"1";""
"202400029439";"155729929";"A01";"2";"50";"0";"0";"0";"5";"3";""
"202400029440";"155729927";"A01";"2";"7";"0";"2";"2";"15";"1";""
"202400029440";"155729928";"B01";"1";"50";"0";"2";"1";"26";"3";""
"202400029441";"155729925";"A01";"2";"1";"0";"2";"1";"1";"5";""
"202400029441";"155729926";"Z01";"2";"1";"0";"2";"5";"17";"5";""
"202400029442";"155729923";"A01";"1";"7";"0";"1";"1";"1";"1";""
"202400029443";"155729924";"A01";"1";"1";"0";"0";"0";"2";"5";""
"202400029444";"155729922";"A01";"0";"7";"0";"1";"7";"14";"1";""
"202400029445";"155729919";"A01";"2";"7";"0";"2";"1";"1";"1";""
"202400029445";"155729920";"B01";"2";"10";"0";"2";"4";"23";"1";""
"202400029445";"155729921";"C01";"2";"7";"0";"2";"4";"23";"1";""
"202400029446";"155729917";"A01";"1";"7";"0";"2";"2";"1";"1";""
"202400029446";"155729918";"B01";"2";"50";"0";"2";"4";"1";"3";""
"202400029447";"155729916";"A01";"3";"33";"0";"0";"0";"1";"1";""
"202400029448";"155729914";"A01";"3";"7";"0";"1";"2";"26";"1";""
"202400029449";"155729913";"A01";"2";"7";"0";"2";"3";"15";"1";""
"202400029449";"155729915";"B01";"3";"1";"0";"2";"7";"19";"5";""
"202400029450";"155729910";"A01";"2";"7";"8";"1";"1";"25";"1";""
"202400029451";"155729911";"A01";"1";"7";"0";"2";"3";"15";"1";""
"202400029451";"155729912";"B01";"1";"2";"0";"2";"2";"17";"1";""
"202400029452";"155729909";"A01";"3";"7";"13";"0";"1";"15";"1";""
"202400029453";"155729908";"A01";"0";"7";"0";"1";"3";"1";"1";""
"202400029454";"155729905";"A01";"1";"7";"0";"2";"3";"1";"1";""
"202400029454";"155729907";"B01";"1";"7";"0";"2";"1";"15";"0";""
"202400029455";"155729904";"A01";"3";"31";"0";"2";"1";"2";"1";""
"202400029455";"155729906";"B01";"0";"7";"0";"0";"5";"1";"1";""
"202400029456";"155729903";"A01";"3";"7";"0";"1";"0";"2";"1";""
"202400029457";"155729901";"B01";"3";"7";"0";"2";"4";"1";"1";""