"Num_Acc";"id_vehicule";"num_veh";"senc";"catv";"obs";"obsm";"choc";"manv";"motor";"occutc"
"202400029457";"155729902";"A01";"3";"10";"0";"2";"1";"1";"1";""
"202400029458";"155729900";"A01";"1";"7";"0";"1";"2";"2";"0";""
"202400029459";"155729899";"A01";"1";"37";"0";"1";"2";"1";"1";"1"
"202400029460";"155729897";"B01";"2";"7";"0";"2";"1";"16";"1";""
"202400029460";"155729898";"A01";"1";"7";"0";"2";"2";"1";"1";""
"202400029461";"155729893";"A01";"1";"7";"0";"2";"3";"20";"1";""
"202400029461";"155729895";"B01";"1";"32";"0";"2";"1";"1";"1";""
"202400029462";"155729894";"B01";"2";"2";"0";"2";"1";"1";"3";""
"202400029462";"155729896";"A01";"3";"10";"0";"2";"3";"19";"1";""
"202400029463";"155729892";"A01";"1";"7";"8";"0";"1";"14";"1";""
"202400029464";"155729891";"A01";"3";"32";"2";"0";"1";"1";"1";""
"202400029465";"155729889";"B01";"2";"30";"0";"2";"3";"1";"1";""
"202400029465";"155729890";"A01";"1";"7";"0";"2";"3";"15";"1";""
"202400029466";"155729887";"A01";"1";"7";"1";"0";"7";"1";"1";""
"202400029466";"155729888";"B01";"3";"10";"0";"2";"7";"24";"1";""
"202400029467";"155729885";"A01";"2";"7";"0";"2";"2";"15";"1";""
"202400029467";"155729886";"B01";"1";"7";"0";"2";"1";"1";"1";""
"202400029468";"155729882";"B01";"1";"7";"0";"2";"4";"23";"1";""
"202400029468";"155729883";"A01";"1";"10";"0";"2";"1";"21";"1";""
"202400029468";"155729884";"C01";"1";"7";"0";"2";"4";"23";"2";""
"202400029469";"155729880";"A01";"2";"10";"0";"2";"1";"15";"1";""
"202400029469";"155729881";"B01";"2";"7";"0";"2";"4";"23";"1";""
"202400029470";"155729878";"B01";"2";"7";"0";"2";"4";"23";"1";""
"202400029470";"155729879";"A01";"2";"7";"0";"2";"1";"1";"1";""
"202400029471";"155729875";"A01";"2";"30";"0";"2";"2";"18";"3";""
"202400029471";"155729877";"B01";"1";"10";"0";"2";"1";"1";"1";""
"202400029472";"155729873";"A01";"3";"7";"0";"1";"6";"4";"1";""
"202400029473";"155729870";"B01";"0";"1";"0";"0";"0";"0";"5";""
"202400029473";"155729872";"A01";"1";"7";"0";"9";"1";"1";"1";""
"202400029474";"155729869";"A01";"1";"7";"0";"0";"2";"15";"2";""
"202400029474";"155729871";"B01";"1";"32";"0";"2";"3";"1";"1";""
"202400029475";"155729866";"A01";"1";"7";"0";"2";"3";"9";"1";""
"202400029475";"155729867";"Y01";"2";"1";"0";"2";"2";"1";"5";""
"202400029476";"155729864";"B01";"1";"7";"9";"0";"1";"1";"1";""
"202400029476";"155729865";"A01";"1";"7";"14";"0";"0";"1";"1";""
"202400029476";"155729868";"C01";"1";"7";"9";"0";"1";"1";"1";""
"202400029477";"155729861";"B01";"1";"33";"0";"2";"1";"21";"1";""
"202400029477";"155729863";"A01";"1";"10";"0";"2";"7";"10";"1";""
"202400029478";"155729862";"A01";"1";"37";"0";"1";"3";"15";"2";"1"
"202400029479";"155729858";"A01";"0";"33";"0";"2";"1";"26";"1";""
"202400029479";"155729860";"B01";"3";"7";"0";"2";"1";"1";"1";""
"202400029480";"155729855";"C01";"3";"7";"0";"2";"6";"23";"1";""
"202400029480";"155729856";"D01";"3";"7";"0";"2";"3";"2";"1";""
"202400029480";"155729857";"A01";"3";"7";"0";"2";"0";"1";"1";""
"202400029480";"155729859";"B01";"3";"7";"0";"2";"5";"23";"2";""
"202400029481";"155729853";"A01";"1";"7";"8";"0";"1";"1";"1";""
"202400029482";"155729852";"A01";"1";"7";"0";"9";"3";"22";"1";""
"202400029482";"155729854";"B01";"1";"1";"1";"0";"1";"22";"5";""
"202400029483";"155729850";"A01";"2";"7";"0";"1";"2";"15";"1";""
"202400029484";"155729848";"B01";"1";"2";"0";"2";"1";"2";"1";""
"202400029484";"155729849";"C01";"1";"2";"0";"2";"1";"2";"1";""
"202400029484";"155729851";"A01";"3";"7";"0";"2";"5";"15";"1";""
"202400029485";"155729847";"A01";"1";"2";"0";"0";"0";"1";"1";""
"202400029486";"155729844";"A01";"1";"7";"1";"0";"2";"14";"1";""
"202400029486";"155729846";"B01";"0";"7";"0";"2";"6";"23";"1";""
"202400029487";"155729841";"A01";"3";"7";"0";"1";"1";"1";"1";""
"202400029488";"155729839";"A01";"2";"7";"0";"2";"1";"1";"1";""
"202400029488";"155729840";"B01";"2";"7";"3";"2";"4";"1";"1";""
"202400029488";"155729842";"C01";"2";"7";"0";"2";"1";"1";"1";""
"202400029488";"155729843";"D01";"2";"7";"0";"2";"4";"1";"1";""
"202400029488";"155729845";"E01";"2";"7";"0";"2";"4";"1";"1";""
"202400029489";"155729836";"A01";"1";"10";"0";"2";"1";"26";"1";""
"202400029489";"155729837";"B01";"2";"7";"0";"2";"1";"1";"1";""
"202400029490";"155729835";"B01";"3";"7";"0";"2";"3";"1";"0";""
"202400029490";"155729838";"A01";"3";"10";"0";"2";"3";"1";"0";""
"202400029491";"155729834";"A01";"3";"1";"0";"0";"0";"1";"5";""
"202400029492";"155729831";"B01";"1";"34";"0";"2";"1";"17";"1";""
"202400029492";"155729833";"A01";"1";"7";"0";"2";"6";"15";"1";""
"202400029493";"155729830";"A01";"1";"7";"0";"2";"1";"1";"1";""
"202400029493";"155729832";"B01";"2";"15";"0";"0";"0";"1";"1";""
"202400029494";"155729825";"A01";"1";"15";"0";"2";"1";"1";"0";""
"202400029494";"155729827";"B01";"1";"7";"0";"2";"4";"1";"1";""
"202400029494";"155729828";"C01";"1";"15";"0";"0";"5";"1";"1";""
"202400029495";"155729826";"A01";"1";"7";"0";"2";"3";"1";"1";""
"202400029495";"155729829";"B01";"1";"1";"0";"2";"0";"1";"5";""
"202400029496";"155729823";"A01";"0";"7";"6";"0";"1";"24";"1";""
"202400029497";"155729822";"B01";"3";"7";"0";"2";"5";"0";"0";""
"202400029497";"155729824";"A01";"3";"7";"0";"2";"5";"0";"1";""
"202400029498";"155729820";"A01";"2";"7";"0";"2";"1";"2";"1";""
"202400029498";"155729821";"B01";"2";"7";"0";"2";"4";"2";"1";""
"202400029499";"155729817";"A01";"1";"7";"0";"2";"7";"15";"2";""
"202400029499";"155729819";"B01";"2";"33";"0";"2";"2";"1";"1";""
"202400029500";"155729816";"A01";"1";"7";"0";"2";"2";"2";"1";""
"202400029500";"155729818";"B01";"1";"1";"0";"0";"4";"2";"5";""
"202400029501";"155729813";"B01";"1";"7";"0";"2";"4";"1";"1";""
"202400029501";"155729815";"A01";"1";"43";"0";"2";"1";"3";"1";""
"202400029502";"155729812";"A01";"1";"7";"0";"2";"3";"11";"1";""
"202400029502";"155729814";"B01";"1";"7";"0";"2";"2";"1";"1";""
"202400029503";"155729810";"A01";"2";"10";"12";"0";"3";"1";"1";""
"202400029504";"155729807";"A01";"1";"7";"0";"2";"1";"2";"1";""
"202400029504";"155729808";"B01";"1";"7";"0";"2";"4";"2";"2";""
"202400029504";"155729809";"C01";"1";"7";"0";"2";"4";"2";"2";""
"202400029504";"155729811";"D01";"1";"7";"0";"2";"4";"2";"1";""
"202400029505";"155729806";"A01";"1";"2";"0";"5";"8";"1";"1";""
"202400029506";"155729803";"Z01";"2";"7";"0";"2";"2";"1";"2";""
"202400029506";"155729805";"A01";"0";"1";"0";"2";"8";"1";"5";""
"202400029507";"155729802";"A01";"3";"38";"0";"2";"2";"15";"1";"2"
"202400029507";"155729804";"B01";"3";"10";"0";"2";"3";"19";"1";""
"202400029508";"155729798";"B01";"1";"7";"0";"2";"3";"1";"1";""
"202400029508";"155729800";"A01";"2";"10";"0";"2";"1";"1";"1";""
"202400029509";"155729797";"A01";"2";"33";"0";"2";"1";"1";"1";""
"202400029509";"155729799";"B01";"3";"80";"0";"2";"8";"19";"3";""
"202400029509";"155729801";"C01";"2";"7";"0";"2";"3";"1";"1";""
"202400029510";"155729795";"A01";"1";"10";"0";"1";"4";"20";"1";""
"202400029511";"155729793";"B01";"2";"17";"0";"2";"6";"1";"1";""
"202400029511";"155729794";"C01";"2";"14";"0";"2";"1";"1";"1";""
"202400029511";"155729796";"A01";"1";"7";"0";"2";"8";"13";"1";""
"202400029512";"155729791";"A01";"1";"7";"0";"1";"2";"26";"1";""
"202400029513";"155729790";"A01";"2";"7";"0";"2";"1";"1";"1";""
"202400029513";"155729792";"B01";"2";"7";"0";"2";"1";"1";"1";""
"202400029514";"155729788";"A01";"0";"10";"0";"2";"2";"20";"1";""
"202400029514";"155729789";"B01";"3";"7";"0";"2";"3";"1";"1";""
"202400029515";"155729787";"A01";"1";"7";"0";"1";"2";"1";"0";""
"202400029516";"155729785";"A01";"3";"32";"0";"2";"7";"1";"1";""
"202400029516";"155729786";"B01";"3";"7";"0";"2";"8";"1";"2";""
"202400029517";"155729784";"A01";"2";"7";"0";"1";"3";"15";"3";""
"202400029518";"155729783";"A01";"3";"10";"0";"1";"4";"4";"3";""
"202400029519";"155729781";"A01";"1";"10";"0";"2";"1";"1";"1";""
"202400029519";"155729782";"B01";"2";"7";"0";"2";"3";"1";"1";""
"202400029520";"155729778";"Z01";"2";"7";"0";"2";"6";"14";"0";""
"202400029520";"155729780";"A01";"1";"1";"0";"2";"1";"1";"5";""
"202400029521";"155729777";"A01";"2";"7";"6";"0";"3";"1";"1";""
"202400029522";"155729776";"A01";"1";"50";"12";"0";"1";"26";"3";""
"202400029523";"155729773";"B01";"1";"1";"0";"2";"5";"16";"5";""
"202400029523";"155729775";"A01";"2";"3";"0";"9";"1";"9";"1";""
"202400029524";"155729772";"A01";"1";"7";"0";"2";"1";"15";"1";""
"202400029524";"155729774";"B01";"2";"1";"0";"2";"1";"1";"5";""
"202400029525";"155729771";"A01";"1";"7";"3";"0";"2";"14";"1";""
"202400029526";"155729769";"B01";"1";"33";"0";"2";"1";"11";"1";""
"202400029526";"155729770";"A01";"1";"1";"1";"2";"4";"3";"5";""
"202400029527";"155729768";"A01";"1";"7";"1";"1";"3";"1";"1";""
"202400029528";"155729766";"A01";"2";"7";"0";"1";"2";"16";"1";""
"202400029529";"155729767";"A01";"2";"10";"0";"1";"1";"1";"1";""
"202400029530";"155729765";"A01";"0";"7";"0";"1";"7";"1";"3";""
"202400029531";"155729764";"A01";"2";"10";"0";"1";"2";"1";"1";""
"202400029532";"155729761";"A01";"3";"7";"0";"1";"1";"1";"1";""
"202400029533";"155729762";"A01";"0";"1";"0";"2";"7";"15";"5";""
"202400029533";"155729763";"B01";"0";"7";"0";"0";"3";"1";"2";""
"202400029534";"155729759";"A01";"2";"7";"0";"2";"2";"15";"3";""
"202400029534";"155729760";"B01";"1";"31";"0";"2";"1";"1";"1";""
"202400029535";"155729756";"B01";"1";"10";"0";"2";"1";"2";"1";""
"202400029535";"155729758";"A01";"1";"7";"0";"2";"4";"1";"1";""
"202400029536";"155729757";"A01";"1";"7";"9";"0";"1";"1";"1";""
"202400029537";"155729755";"A01";"2";"7";"0";"1";"3";"1";"1";""
"202400029538";"155729753";"A01";"2";"7";"0";"2";"2";"2";"1";""
"202400029538";"155729754";"B01";"2";"2";"0";"2";"6";"1";"1";""
"202400029539";"155729751";"A01";"1";"2";"0";"0";"0";"0";"1";""
"202400029540";"155729750";"A01";"3";"1";"0";"2";"8";"15";"5";""
"202400029540";"155729752";"B01";"1";"43";"0";"2";"2";"1";"1";""
"202400029541";"155729748";"A01";"1";"7";"3";"0";"1";"1";"1";""
"202400029541";"155729749";"B01";"1";"7";"0";"2";"1";"1";"1";""
"202400029542";"155729746";"B01";"1";"33";"0";"2";"2";"1";"1";""
"202400029542";"155729747";"A01";"1";"2";"0";"2";"3";"11";"1";""
"202400029543";"155729741";"A01";"3";"7";"0";"2";"2";"1";"1";""
"202400029543";"155729745";"B01";"3";"50";"0";"2";"3";"11";"3";""
"202400029544";"155729740";"A01";"1";"7";"15";"0";"3";"17";"1";""
"202400029544";"155729743";"B01";"2";"7";"0";"2";"6";"1";"1";""
"202400029544";"155729744";"C01";"2";"7";"0";"2";"2";"1";"1";""
"202400029545";"155729737";"B01";"1";"31";"0";"2";"1";"17";"1";""
"202400029545";"155729738";"A01";"1";"7";"0";"2";"8";"15";"0";""
"202400029546";"155729735";"A01";"3";"7";"0";"0";"1";"0";"1";""
"202400029546";"155729736";"B01";"3";"7";"0";"0";"1";"0";"1";""
"202400029547";"155729733";"A01";"2";"7";"0";"2";"3";"1";"1";""
"202400029547";"155729734";"B01";"1";"1";"0";"2";"2";"1";"5";""
"202400029548";"155729730";"V01";"1";"80";"0";"2";"1";"1";"3";""
"202400029548";"155729732";"A01";"2";"7";"0";"2";"3";"1";"1";""
"202400029549";"155729729";"A01";"2";"7";"0";"2";"8";"11";"1";""
"202400029549";"155729731";"B01";"2";"32";"0";"2";"7";"1";"1";""
"202400029550";"155729727";"A01";"2";"7";"0";"2";"1";"12";"1";""
"202400029550";"155729728";"B01";"2";"7";"0";"2";"6";"1";"1";""
"202400029551";"155729725";"A01";"3";"7";"4";"0";"1";"1";"1";""
"202400029552";"155729724";"A01";"2";"7";"3";"0";"2";"13";"1";""
"202400029553";"155729723";"A01";"3";"50";"0";"2";"8";"21";"3";""
"202400029553";"155729726";"B01";"3";"7";"0";"2";"1";"1";"1";""
"202400029554";"155729719";"A01";"1";"7";"0";"2";"4";"23";"1";""
"202400029554";"155729721";"B01";"1";"7";"0";"2";"1";"2";"1";""
"202400029555";"155729716";"A01";"2";"10";"0";"2";"1";"2";"1";""
"202400029555";"155729718";"B01";"2";"10";"0";"2";"4";"2";"1";""
"202400029555";"155729720";"C01";"2";"7";"0";"2";"4";"2";"1";""
"202400029555";"155729722";"D01";"2";"7";"0";"2";"4";"2";"2";""
"202400029556";"155729715";"B01";"2";"7";"1";"1";"8";"23";"1";""
"202400029556";"155729717";"A01";"1";"10";"0";"2";"1";"15";"1";""
"202400029557";"155729710";"A01";"1";"7";"0";"2";"9";"1";"1";""
"202400029557";"155729713";"B01";"1";"7";"0";"2";"4";"2";"1";""
"202400029557";"155729714";"C01";"1";"7";"0";"2";"1";"2";"1";""
"202400029558";"155729707";"A01";"2";"7";"0";"2";"1";"2";"1";""
"202400029558";"155729709";"B01";"2";"7";"0";"2";"4";"2";"1";""
"202400029558";"155729712";"C01";"2";"7";"0";"2";"4";"2";"1";""
"202400029559";"155729708";"A01";"2";"33";"0";"2";"6";"20";"1";""
"202400029559";"155729711";"B01";"2";"1";"0";"2";"1";"1";"5";""
"202400029560";"155729703";"A01";"2";"7";"3";"0";"7";"14";"1";""
"202400029561";"155729701";"A01";"2";"10";"0";"2";"3";"26";"1";""
"202400029561";"155729704";"B01";"2";"7";"0";"2";"7";"23";"3";""
"202400029561";"155729705";"C01";"2";"7";"0";"2";"7";"23";"1";""
"202400029561";"155729706";"D01";"2";"7";"0";"2";"5";"23";"3";""
"202400029562";"155729700";"A01";"1";"7";"0";"2";"5";"1";"1";""
"202400029562";"155729702";"B01";"1";"33";"0";"2";"1";"2";"1";""
"202400029563";"155729697";"B01";"1";"7";"0";"2";"4";"2";"1";""
"202400029563";"155729699";"A01";"1";"7";"0";"2";"1";"26";"1";""
"202400029564";"155729694";"A01";"3";"7";"9";"0";"1";"16";"1";""
"202400029565";"155729693";"E01";"2";"7";"14";"0";"1";"1";"1";""
"202400029565";"155729695";"A01";"2";"7";"14";"0";"1";"1";"1";""
"202400029565";"155729696";"C01";"2";"10";"14";"0";"1";"1";"1";""
"202400029565";"155729698";"D01";"2";"38";"14";"0";"1";"1";"1";"1"
"202400029566";"155729692";"A01";"2";"7";"0";"1";"8";"1";"1";""
"202400029567";"155729690";"A01";"1";"10";"0";"1";"1";"16";"1";""
"202400029568";"155729691";"A01";"0";"7";"0";"1";"1";"2";"1";""
"202400029569";"155729687";"B01";"2";"7";"0";"2";"4";"2";"1";""
"202400029569";"155729689";"A01";"2";"7";"7";"2";"9";"2";"1";""
"202400029570";"155729686";"B01";"1";"2";"0";"2";"1";"17";"1";""
"202400029570";"155729688";"A01";"1";"10";"0";"2";"0";"0";"1";""
"202400029571";"155729685";"A01";"1";"7";"0";"1";"1";"1";"1";""
"202400029572";"155729684";"A01";"1";"7";"4";"0";"1";"1";"1";""
"202400029573";"155729683";"A01";"3";"30";"0";"9";"1";"26";"3";""
"202400029574";"155729681";"A01";"1";"7";"12";"0";"3";"13";"1";""
"202400029575";"155729679";"A01";"2";"7";"0";"2";"1";"26";"1";""
"202400029575";"155729682";"B01";"2";"10";"0";"2";"4";"2";"1";""
"202400029576";"155729677";"A01";"1";"30";"0";"2";"5";"15";"1";""
"202400029576";"155729680";"B01";"2";"7";"0";"2";"2";"1";"1";""
"202400029577";"155729676";"A01";"1";"7";"0";"2";"3";"13";"1";""
"202400029577";"155729678";"B01";"2";"7";"0";"2";"6";"1";"1";""
"202400029578";"155729672";"A01";"3";"7";"0";"2";"1";"15";"1";""
"202400029578";"155729675";"B01";"3";"50";"0";"2";"1";"1";"3";""
"202400029579";"155729671";"A01";"1";"1";"0";"2";"7";"9";"5";""
"202400029579";"155729674";"B01";"0";"7";"0";"9";"2";"9";"3";""
"202400029580";"155729670";"A01";"3";"7";"0";"2";"3";"1";"1";""
"202400029580";"155729673";"B01";"3";"32";"0";"2";"1";"1";"1";""
"202400029581";"155729666";"B01";"1";"1";"0";"2";"0";"1";"5";""
"202400029581";"155729669";"A01";"1";"7";"0";"2";"7";"20";"1";""
"202400029582";"155729665";"A01";"1";"30";"0";"9";"4";"26";"1";""
"202400029582";"155729668";"B01";"1";"7";"0";"2";"1";"2";"1";""
"202400029583";"155729664";"A01";"2";"7";"0";"2";"5";"12";"1";""
"202400029583";"155729667";"B01";"2";"33";"0";"2";"3";"1";"1";""
"202400029584";"155729662";"B01";"2";"80";"0";"2";"1";"1";"3";""
"202400029584";"155729663";"A01";"1";"33";"0";"2";"1";"26";"1";""
"202400029585";"155729659";"A01";"3";"7";"0";"2";"1";"0";"1";""
"202400029585";"155729660";"B01";"3";"30";"0";"2";"7";"26";"1";""
"202400029586";"155729658";"A01";"1";"33";"0";"2";"8";"1";"1";""
"202400029586";"155729661";"Z01";"1";"7";"0";"2";"7";"2";"0";""
"202400029587";"155729656";"B01";"1";"2";"14";"2";"3";"1";"1";""
"202400029587";"155729657";"A01";"1";"7";"14";"2";"3";"21";"1";""
"202400029588";"155729655";"A01";"2";"30";"0";"1";"0";"26";"1";""
"202400029589";"155729654";"A01";"1";"10";"0";"1";"2";"16";"3";""
"202400029590";"155729652";"A01";"1";"7";"0";"2";"7";"15";"1";""
"202400029590";"155729653";"B01";"1";"50";"0";"2";"0";"2";"3";""
"202400029591";"155729650";"B01";"1";"7";"0";"2";"1";"1";"1";""
"202400029591";"155729651";"A01";"2";"33";"0";"2";"1";"17";"1";""
"202400029592";"155729648";"A01";"1";"36";"16";"0";"7";"14";"1";""
"202400029593";"155729647";"B01";"1";"33";"0";"2";"7";"0";"1";""
"202400029593";"155729649";"A01";"1";"10";"0";"2";"8";"15";"1";""
"202400029594";"155729643";"B01";"2";"32";"0";"2";"7";"15";"1";""
"202400029594";"155729645";"A01";"2";"7";"0";"2";"3";"15";"1";""
"202400029595";"155729644";"B01";"0";"7";"0";"2";"1";"0";"0";""
"202400029595";"155729646";"A01";"3";"7";"0";"2";"3";"26";"0";""
"202400029596";"155729642";"A01";"3";"33";"0";"1";"1";"1";"1";""
"202400029597";"155729640";"A01";"0";"7";"2";"0";"1";"2";"1";""
"202400029598";"155729639";"A01";"3";"34";"0";"2";"1";"2";"1";""
"202400029598";"155729641";"B01";"3";"7";"0";"2";"4";"2";"1";""
"202400029599";"155729636";"A01";"1";"7";"0";"2";"2";"1";"1";""
"202400029599";"155729638";"B01";"1";"7";"0";"2";"3";"20";"2";""
"202400029600";"155729634";"B01";"2";"3";"0";"2";"2";"20";"1";""
"202400029600";"155729635";"A01";"2";"31";"0";"2";"1";"1";"1";""
"202400029601";"155729633";"B01";"3";"7";"0";"2";"7";"9";"1";""
"202400029601";"155729637";"A01";"1";"7";"0";"2";"1";"1";"1";""
"202400029602";"155729630";"B01";"2";"7";"0";"2";"3";"1";"1";""
"202400029602";"155729632";"A01";"1";"7";"0";"2";"1";"15";"1";""
"202400029603";"155729628";"A01";"3";"80";"0";"1";"1";"1";"3";""
"202400029604";"155729625";"A01";"2";"7";"0";"2";"1";"1";"1";""
"202400029604";"155729627";"B01";"2";"3";"0";"2";"4";"23";"1";""
"202400029605";"155729624";"A01";"2";"7";"0";"2";"2";"13";"1";""
"202400029605";"155729626";"B01";"1";"33";"0";"2";"1";"1";"1";""
"202400029606";"155729621";"A01";"3";"7";"0";"2";"3";"16";"1";""
"202400029606";"155729623";"B01";"3";"1";"0";"2";"1";"19";"5";""
"202400029607";"155729619";"A01";"2";"33";"0";"2";"1";"1";"1";""
"202400029607";"155729622";"B01";"1";"7";"0";"2";"2";"15";"1";""
"202400029608";"155729618";"B01";"3";"7";"0";"2";"6";"16";"1";""
"202400029608";"155729620";"A01";"2";"2";"0";"2";"1";"1";"1";""
"202400029609";"155729615";"A01";"2";"10";"0";"2";"2";"17";"1";""
"202400029609";"155729616";"B01";"2";"1";"0";"0";"8";"15";"5";""
"202400029610";"155729614";"B01";"2";"7";"0";"2";"1";"1";"1";""
"202400029610";"155729617";"A01";"2";"7";"15";"2";"8";"1";"1";""
"202400029611";"155729611";"A01";"2";"30";"0";"2";"1";"13";"1";""
"202400029611";"155729613";"B01";"1";"7";"0";"2";"3";"1";"1";""
"202400029612";"155729610";"A01";"1";"50";"0";"0";"1";"0";"3";""
"202400029613";"155729609";"A01";"1";"7";"0";"2";"8";"10";"1";""
"202400029613";"155729612";"B01";"1";"33";"0";"2";"1";"1";"1";""
"202400029614";"155729607";"A01";"1";"10";"0";"1";"3";"1";"1";""
"202400029615";"155729605";"A01";"2";"7";"0";"2";"2";"14";"1";""
"202400029615";"155729608";"B01";"2";"14";"0";"2";"6";"1";"1";""
"202400029616";"155729604";"A01";"1";"33";"0";"2";"1";"17";"1";""
"202400029616";"155729606";"B01";"1";"7";"0";"2";"3";"2";"2";""
"202400029617";"155729603";"A01";"1";"7";"0";"1";"2";"1";"1";""
"202400029618";"155729602";"A01";"2";"33";"0";"0";"9";"1";"1";""
"202400029619";"155729600";"B01";"1";"1";"0";"2";"6";"1";"5";""
"202400029619";"155729601";"A01";"1";"7";"0";"2";"2";"9";"1";""
"202400029620";"155729598";"A01";"1";"7";"9";"0";"3";"14";"1";""
"202400029621";"155729597";"A01";"1";"7";"6";"0";"4";"1";"1";""
"202400029622";"155729595";"A01";"1";"2";"0";"2";"1";"17";"1";""
"202400029622";"155729596";"B01";"1";"7";"0";"2";"6";"19";"1";""
"202400029623";"155729599";"A01";"3";"7";"1";"1";"0";"26";"1";""
"202400029624";"155729594";"A01";"1";"7";"8";"0";"1";"2";"1";""
"202400029625";"155729591";"A01";"3";"7";"0";"1";"2";"21";"1";""
"202400029626";"155729590";"B01";"2";"14";"0";"0";"0";"15";"1";""
"202400029626";"155729592";"A01";"2";"33";"13";"0";"3";"26";"1";""
"202400029627";"155729589";"A01";"1";"7";"0";"2";"3";"1";"1";""
"202400029627";"155729593";"B01";"3";"50";"0";"2";"7";"19";"3";""
"202400029628";"155729587";"B01";"2";"7";"0";"2";"4";"2";"1";""
"202400029628";"155729588";"A01";"2";"7";"0";"2";"1";"2";"1";""
"202400029629";"155729585";"A01";"1";"7";"16";"0";"9";"16";"1";""
"202400029630";"155729584";"A01";"1";"7";"0";"2";"1";"11";"1";""
"202400029630";"155729586";"B01";"2";"7";"0";"2";"1";"1";"1";""
"202400029631";"155729579";"A01";"0";"10";"0";"2";"4";"2";"1";""
"202400029631";"155729581";"B01";"2";"31";"0";"2";"1";"2";"1";""
"202400029632";"155729577";"A01";"1";"7";"0";"1";"8";"1";"1";""
"202400029633";"155729578";"B01";"1";"7";"0";"2";"3";"15";"1";""
"202400029633";"155729580";"A01";"2";"33";"0";"2";"1";"17";"1";""
"202400029634";"155729576";"A01";"0";"7";"0";"1";"4";"4";"1";""
"202400029635";"155729575";"A01";"3";"7";"1";"0";"1";"1";"1";""
"202400029636";"155729574";"A01";"1";"7";"6";"0";"3";"13";"1";""
"202400029637";"155729570";"A01";"1";"33";"1";"2";"1";"1";"1";""
"202400029637";"155729572";"B01";"1";"7";"0";"2";"5";"0";"2";""
"202400029638";"155729569";"B01";"1";"7";"0";"2";"4";"2";"1";""
"202400029638";"155729571";"A01";"1";"7";"0";"2";"1";"2";"1";""
"202400029639";"155729568";"A01";"1";"3";"0";"2";"0";"13";"1";""
"202400029639";"155729573";"B01";"2";"15";"0";"2";"3";"1";"1";""
"202400029640";"155729567";"A01";"2";"7";"1";"0";"2";"14";"1";""
"202400029641";"155729564";"A01";"3";"7";"0";"2";"1";"15";"2";""
"202400029641";"155729566";"B01";"3";"32";"0";"2";"1";"1";"3";""
"202400029642";"155729561";"B01";"1";"7";"0";"2";"7";"1";"1";""
"202400029642";"155729563";"A01";"1";"7";"0";"2";"3";"11";"1";""
"202400029643";"155729559";"A01";"1";"7";"1";"2";"3";"2";"1";""
"202400029643";"155729562";"B01";"2";"33";"0";"2";"1";"13";"1";""
"202400029643";"155729565";"C01";"2";"33";"0";"2";"0";"13";"1";""
"202400029644";"155729558";"A01";"1";"30";"0";"2";"8";"14";"3";""
"202400029644";"155729560";"B01";"1";"30";"0";"2";"8";"18";"3";""
"202400029645";"155729557";"A01";"1";"7";"0";"1";"1";"1";"2";""
"202400029646";"155729554";"A01";"2";"7";"0";"2";"1";"2";"1";""
"202400029646";"155729556";"B01";"2";"7";"0";"2";"4";"2";"1";""
"202400029647";"155729555";"A01";"2";"14";"0";"0";"0";"1";"1";""
"202400029648";"155729552";"A01";"3";"2";"0";"0";"7";"26";"1";""
"202400029649";"155729551";"A01";"3";"10";"0";"2";"3";"19";"1";""
"202400029649";"155729553";"B01";"3";"33";"0";"2";"1";"17";"1";""
"202400029650";"155729546";"A01";"1";"7";"0";"2";"2";"1";"1";""
"202400029650";"155729549";"B01";"1";"7";"0";"0";"4";"16";"1";""
"202400029651";"155729548";"A01";"2";"33";"0";"2";"3";"13";"1";""
"202400029651";"155729550";"B01";"2";"7";"0";"2";"2";"1";"1";""
"202400029652";"155729544";"A01";"2";"33";"0";"2";"2";"1";"1";""
"202400029652";"155729547";"B01";"1";"33";"0";"2";"3";"1";"1";""
"202400029653";"155729543";"A01";"1";"17";"10";"0";"1";"13";"1";""
"202400029654";"155729541";"A01";"3";"7";"12";"1";"0";"0";"0";""
"202400029655";"155729542";"Z01";"2";"7";"0";"9";"4";"9";"1";""
"202400029655";"155729545";"A01";"3";"50";"0";"0";"0";"1";"3";""
"202400029656";"155729539";"A01";"3";"7";"8";"0";"1";"0";"1";""
"202400029657";"155729537";"A01";"1";"7";"0";"2";"3";"1";"1";""
"202400029657";"155729540";"B01";"2";"2";"0";"2";"3";"0";"1";""
"202400029658";"155729535";"A01";"2";"10";"0";"2";"2";"12";"1";""
"202400029658";"155729538";"B01";"2";"43";"0";"2";"8";"1";"1";""
"202400029659";"155729533";"A01";"2";"7";"13";"0";"1";"1";"1";""
"202400029660";"155729532";"A01";"2";"50";"0";"2";"2";"1";"3";""
"202400029660";"155729534";"B01";"1";"7";"0";"2";"1";"1";"1";""
"202400029661";"155729531";"A01";"1";"30";"0";"2";"0";"5";"3";""
"202400029662";"155729530";"A01";"1";"33";"2";"0";"9";"14";"1";""
"202400029663";"155729528";"B01";"1";"50";"0";"0";"7";"0";"3";""
"202400029663";"155729529";"A01";"2";"7";"0";"2";"1";"0";"1";""
"202400029664";"155729526";"A01";"1";"33";"0";"6";"1";"1";"1";""
"202400029665";"155729527";"A01";"2";"2";"0";"0";"8";"1";"3";""