"Num_Acc";"id_vehicule";"num_veh";"senc";"catv";"obs";"obsm";"choc";"manv";"motor";"occutc"
"202400029666";"155729521";"A01";"2";"7";"0";"0";"7";"15";"1";""
"202400029666";"155729524";"B01";"1";"33";"0";"0";"1";"1";"1";""
"202400029667";"155729520";"A01";"3";"7";"0";"2";"1";"26";"1";""
"202400029667";"155729525";"B01";"3";"7";"15";"2";"1";"1";"1";""
"202400029668";"155729519";"B01";"2";"7";"0";"2";"1";"1";"2";""
"202400029668";"155729522";"A01";"1";"2";"0";"2";"1";"17";"3";""
"202400029669";"155729523";"A01";"3";"7";"0";"2";"2";"12";"1";""
"202400029669";"155729536";"B01";"3";"33";"0";"2";"3";"1";"1";""
"202400029670";"155729518";"A01";"3";"33";"0";"0";"0";"26";"1";""
"202400029671";"155729515";"A01";"1";"7";"0";"2";"3";"15";"1";""
"202400029671";"155729517";"B01";"2";"33";"0";"2";"1";"1";"1";""
"202400029672";"155729513";"B01";"2";"32";"0";"2";"1";"1";"1";""
"202400029672";"155729516";"A01";"1";"7";"0";"2";"8";"10";"2";""
"202400029673";"155729511";"A01";"1";"3";"0";"2";"3";"1";"2";""
"202400029673";"155729512";"B01";"2";"1";"0";"2";"1";"21";"5";""
"202400029674";"155729508";"A01";"2";"7";"0";"1";"1";"20";"2";""
"202400029675";"155729507";"A01";"1";"7";"0";"0";"8";"15";"1";""
"202400029675";"155729509";"B01";"1";"33";"0";"2";"1";"1";"1";""
"202400029676";"155729506";"A01";"1";"7";"0";"1";"2";"1";"1";""
"202400029677";"155729503";"A01";"3";"30";"0";"0";"7";"1";"1";""
"202400029678";"155729510";"A01";"3";"7";"0";"2";"2";"1";"1";""
"202400029678";"155729514";"B01";"3";"1";"0";"2";"4";"1";"5";""
"202400029679";"155729501";"B01";"1";"7";"0";"2";"3";"1";"1";""
"202400029679";"155729505";"A01";"1";"2";"0";"2";"1";"11";"1";""
"202400029680";"155729502";"B01";"1";"7";"0";"2";"7";"16";"2";""
"202400029680";"155729504";"A01";"1";"30";"0";"2";"8";"17";"3";""
"202400029681";"155729500";"A01";"1";"7";"1";"0";"1";"1";"3";""
"202400029682";"155729497";"A01";"1";"33";"1";"2";"4";"23";"1";""
"202400029682";"155729499";"B01";"1";"7";"0";"2";"8";"15";"1";""
"202400029683";"155729496";"A01";"1";"7";"0";"2";"3";"15";"1";""
"202400029683";"155729498";"B01";"1";"1";"0";"2";"7";"1";"5";""
"202400029684";"155729494";"A01";"3";"7";"12";"0";"1";"14";"2";""
"202400029685";"155729490";"B01";"3";"1";"0";"2";"4";"2";"5";""
"202400029685";"155729492";"A01";"3";"7";"0";"2";"2";"2";"1";""
"202400029686";"155729489";"B01";"3";"50";"0";"2";"3";"19";"3";""
"202400029686";"155729491";"A01";"2";"7";"0";"2";"2";"1";"2";""
"202400029687";"155729488";"B01";"3";"7";"0";"2";"4";"1";"1";""
"202400029687";"155729493";"A01";"3";"7";"0";"2";"1";"1";"1";""
"202400029688";"155729487";"A01";"2";"7";"0";"2";"3";"16";"1";""
"202400029688";"155729495";"B01";"2";"33";"0";"2";"5";"1";"1";""
"202400029689";"155729485";"A01";"1";"7";"0";"1";"2";"26";"1";""
"202400029690";"155729484";"A01";"2";"7";"12";"0";"2";"1";"1";""
"202400029691";"155729483";"B01";"1";"7";"0";"2";"1";"1";"1";""
"202400029691";"155729486";"A01";"2";"7";"0";"2";"1";"1";"1";""
"202400029692";"155729480";"A01";"2";"7";"16";"1";"3";"9";"2";""
"202400029693";"155729479";"B01";"2";"7";"0";"9";"4";"2";"1";""
"202400029693";"155729482";"A01";"2";"10";"0";"2";"1";"1";"1";""
"202400029694";"155729478";"A01";"1";"10";"0";"2";"1";"1";"1";""
"202400029694";"155729481";"B01";"1";"10";"0";"2";"3";"19";"1";""
"202400029695";"155729476";"B01";"0";"32";"0";"2";"3";"1";"0";""
"202400029695";"155729477";"A01";"0";"7";"0";"2";"0";"15";"0";""
"202400029696";"155729472";"A01";"1";"33";"0";"2";"1";"17";"1";""
"202400029696";"155729474";"B01";"1";"7";"0";"2";"3";"15";"1";""
"202400029697";"155729469";"A01";"3";"30";"0";"2";"7";"2";"1";""
"202400029697";"155729473";"B01";"3";"10";"0";"2";"8";"2";"1";""
"202400029698";"155729470";"B01";"1";"80";"0";"2";"4";"1";"3";""
"202400029698";"155729475";"Z01";"3";"7";"0";"2";"1";"1";"1";""
"202400029699";"155729468";"B01";"1";"50";"0";"2";"1";"21";"3";""
"202400029699";"155729471";"A01";"1";"7";"0";"2";"5";"23";"2";""
"202400029700";"155729466";"B01";"3";"7";"0";"2";"3";"1";"1";""
"202400029700";"155729467";"A01";"3";"7";"0";"2";"3";"13";"1";""
"202400029701";"155729465";"A01";"3";"33";"8";"0";"1";"2";"1";""
"202400029702";"155729461";"A01";"2";"7";"0";"2";"1";"0";"1";""
"202400029702";"155729463";"B01";"1";"15";"7";"2";"3";"1";"1";""
"202400029703";"155729457";"A01";"1";"33";"4";"0";"3";"1";"1";""
"202400029704";"155729458";"A01";"2";"7";"11";"2";"1";"6";"1";""
"202400029704";"155729459";"B01";"1";"7";"0";"2";"1";"1";"3";""
"202400029705";"155729456";"C01";"2";"7";"0";"2";"1";"1";"1";""
"202400029705";"155729460";"A01";"1";"7";"0";"2";"2";"1";"1";""
"202400029705";"155729464";"B01";"1";"7";"0";"2";"1";"15";"1";""
"202400029706";"155729455";"A01";"2";"7";"0";"2";"1";"1";"1";""
"202400029706";"155729462";"B01";"1";"7";"0";"2";"8";"1";"1";""
"202400029707";"155729451";"B01";"2";"33";"0";"2";"1";"3";"1";""
"202400029707";"155729454";"A01";"1";"7";"0";"2";"3";"9";"1";""
"202400029708";"155729450";"A01";"2";"7";"1";"1";"3";"13";"1";""
"202400029708";"155729453";"B01";"3";"7";"12";"2";"7";"24";"1";""
"202400029709";"155729446";"B01";"0";"1";" -1";" -1";" -1";"0";"5";""
"202400029709";"155729447";"A01";"0";"7";"0";"2";"0";"0";" -1";""
"202400029710";"155729445";"A01";"2";"7";"4";"0";"4";"1";"1";""
"202400029710";"155729448";"B01";"2";"10";"0";"2";"1";"2";"1";""
"202400029711";"155729449";"B01";"2";"7";"0";"9";"4";"1";"1";""
"202400029711";"155729452";"A01";"2";"33";"0";"2";"1";"1";"1";""
"202400029712";"155729443";"A01";"2";"7";"0";"2";"1";"1";"1";""
"202400029712";"155729444";"B01";"2";"7";"0";"0";"4";"11";"1";""
"202400029713";"155729439";"A01";"3";"7";"0";"2";"1";"15";"6";""
"202400029713";"155729440";"B01";"2";"7";"0";"2";"3";"1";"1";""
"202400029714";"155729436";"B01";"2";"7";"0";"2";"8";"1";"2";""
"202400029714";"155729441";"A01";"1";"7";"0";"2";"1";"1";"2";""
"202400029715";"155729435";"A01";"3";"10";"0";"2";"3";"10";"0";""
"202400029715";"155729438";"B01";"1";"32";"0";"2";"1";"1";"1";""
"202400029716";"155729434";"A01";"2";"7";"0";"2";"2";"23";"1";""
"202400029716";"155729437";"B01";"3";"1";"0";"2";"1";"15";"5";""
"202400029716";"155729442";"C01";"1";"7";"0";"2";"3";"1";"1";""
"202400029717";"155729430";"A01";"3";"10";"9";"0";"9";"2";"1";""
"202400029718";"155729432";"A01";"1";"7";"0";"2";"3";"13";"1";""
"202400029718";"155729433";"B01";"2";"80";"0";"2";"1";"0";"3";""
"202400029719";"155729429";"A01";"1";"50";"0";"1";"1";"0";"3";""
"202400029720";"155729428";"B01";"2";"1";"0";"2";"1";"1";"5";""
"202400029720";"155729431";"A01";"2";"7";"0";"2";"0";"16";"1";""
"202400029721";"155729426";"B01";"1";"33";"0";"2";"8";"0";"1";""
"202400029721";"155729427";"A01";"2";"7";"0";"2";"2";"0";"1";""
"202400029722";"155729425";"A01";"3";"21";"0";"1";"2";"21";"1";""
"202400029723";"155729422";"A01";"0";"7";"0";"0";"0";"0";"0";""
"202400029724";"155729421";"A01";"2";"7";"0";"2";"1";"2";"1";""
"202400029724";"155729424";"B01";"2";"7";"0";"2";"4";"2";"1";""
"202400029725";"155729420";"A01";"2";"30";"0";"2";"4";"23";"1";""
"202400029725";"155729423";"B01";"2";"7";"0";"2";"3";"0";"1";""
"202400029726";"155729418";"A01";"1";"33";"2";"2";"8";"17";"1";""
"202400029726";"155729419";"B01";"2";"7";"0";"0";"8";"1";"1";""
"202400029727";"155729417";"A01";"1";"7";"4";"0";"1";"1";"1";""
"202400029728";"155729408";"A01";"2";"33";"0";"2";"8";"2";"1";""
"202400029728";"155729411";"B01";"2";"7";"0";"2";"7";"2";"1";""
"202400029729";"155729413";"A01";"1";"7";"4";"0";"3";"13";"1";""
"202400029730";"155729406";"A01";"1";"33";"0";"0";"2";"1";"1";""
"202400029731";"155729404";"A01";"1";"7";"0";"2";"1";"2";"2";""
"202400029731";"155729405";"B01";"1";"7";"0";"2";"4";"2";"1";""
"202400029732";"155729402";"B01";"1";"60";"8";"2";"7";"19";"5";""
"202400029732";"155729403";"A01";"1";"7";"0";"2";"2";"1";"1";""
"202400029733";"155729401";"A01";"0";"33";"8";"0";"0";"0";"1";""
"202400029734";"155729398";"A01";"2";"33";"0";"2";"1";"3";"1";""
"202400029734";"155729399";"B01";"2";"7";"0";"2";"6";"11";"1";""
"202400029735";"155729397";"A01";"3";"7";"13";"0";"2";"1";"1";""
"202400029736";"155729395";"A01";"2";"33";"0";"2";"2";"17";"1";""
"202400029736";"155729396";"B01";"2";"7";"0";"0";"6";"14";"1";""
"202400029737";"155729391";"A01";"1";"7";"0";"2";"5";"15";"1";""
"202400029737";"155729393";"B01";"2";"33";"0";"2";"1";"1";"1";""
"202400029738";"155729388";"A01";"1";"7";"0";"2";"2";"17";"1";""
"202400029738";"155729390";"B01";"1";"1";"0";"2";"8";"1";"5";""
"202400029739";"155729389";"A01";"1";"10";"0";"2";"1";"2";"3";""
"202400029739";"155729392";"B01";"1";"7";"0";"2";"7";"2";"2";""
"202400029739";"155729400";"C01";"1";"7";"0";"2";"4";"1";"2";""
"202400029740";"155729386";"B01";"2";"7";"0";"2";"2";"11";"1";""
"202400029740";"155729387";"A01";"2";"33";"0";"2";"2";"1";"1";""
"202400029741";"155729383";"B01";"3";"7";"0";"2";"1";"15";"1";""
"202400029741";"155729385";"A01";"3";"33";"0";"2";"1";"1";"1";""
"202400029742";"155729381";"A01";"1";"7";"0";"2";"7";"19";"1";""
"202400029742";"155729384";"B01";"2";"7";"0";"2";"1";"1";"0";""
"202400029743";"155729379";"B01";"0";"1";"0";"2";"8";"1";"5";""
"202400029743";"155729382";"A01";"0";"7";"0";"2";"3";"15";"2";""
"202400029744";"155729380";"Z01";"3";"7";"6";"1";"2";"1";"1";""
"202400029745";"155729376";"B01";"1";"7";"1";"0";"2";"14";"1";""
"202400029745";"155729378";"A01";"1";"15";"0";"0";"6";"24";"1";""
"202400029746";"155729375";"A01";"1";"10";"0";"2";"1";"13";"1";""
"202400029746";"155729377";"B01";"2";"15";"0";"2";"3";"1";"1";""
"202400029747";"155729373";"A01";"1";"7";"0";"0";"1";"20";"3";""
"202400029748";"155729370";"B01";"0";"7";"0";"0";"3";"26";"1";""
"202400029748";"155729374";"A01";"3";"2";"0";"2";"1";"1";"1";""
"202400029749";"155729369";"A01";"3";"7";"0";"2";"8";"9";"1";""
"202400029749";"155729372";"B01";"1";"33";"0";"2";"1";"1";"1";""
"202400029750";"155729367";"A01";"3";"7";"2";"0";"9";"1";"1";""
"202400029751";"155729368";"A01";"3";"43";"0";"2";"3";"1";"1";""
"202400029751";"155729371";"B01";"3";"7";"0";"2";"2";"9";"1";""
"202400029752";"155729366";"A01";"0";"7";"0";"1";"3";"15";"1";""
"202400029753";"155729365";"A01";"1";"17";"3";"0";"1";"1";"6";""
"202400029754";"155729363";"A01";"0";"7";"0";"1";"1";"1";"0";""
"202400029755";"155729360";"A01";"3";"7";"0";"1";"1";"1";"1";""
"202400029756";"155729358";"B01";"1";"33";"0";"2";"2";"1";"1";""
"202400029756";"155729362";"A01";"1";"1";"0";"2";"3";"11";"5";""
"202400029757";"155729356";"A01";"1";"7";"0";"2";"4";"1";"1";""
"202400029757";"155729357";"Z01";"1";"10";"0";"2";"1";"0";"0";""
"202400029758";"155729354";"A01";"1";"7";"0";"1";"2";"1";"2";""
"202400029759";"155729353";"A01";"2";"7";"0";"2";"8";"20";"1";""
"202400029759";"155729355";"B01";"2";"1";"0";"2";"7";"1";"5";""
"202400029760";"155729350";"A01";"1";"7";"0";"2";"4";"1";"1";""
"202400029760";"155729351";"B01";"1";"7";"0";"2";"1";"2";"1";""
"202400029761";"155729348";"A01";"3";"2";"0";"0";"7";"1";"1";""
"202400029762";"155729349";"B01";"2";"50";"0";"2";"1";"1";"3";""
"202400029762";"155729352";"A01";"2";"7";"0";"2";"2";"16";"1";""
"202400029763";"155729346";"A01";"2";"7";"1";"0";"9";"13";"1";""
"202400029764";"155729345";"B01";"1";"7";"0";"2";"4";"2";"1";""
"202400029764";"155729347";"A01";"1";"7";"0";"2";"1";"2";"2";""
"202400029765";"155729344";"A01";"2";"7";"0";"1";"2";"1";"1";""
"202400029766";"155729340";"B01";"2";"1";"0";"2";"1";"17";"5";""
"202400029766";"155729343";"A01";"1";"80";"0";"2";"8";"15";"3";""
"202400029767";"155729338";"A01";"2";"7";"0";"0";"1";"1";"1";""
"202400029768";"155729336";"A01";"2";"7";"0";"2";"4";"1";"1";""
"202400029768";"155729339";"Z01";"2";"7";"0";"2";"1";"13";"0";""
"202400029768";"155729341";"B01";"2";"32";"0";"2";"7";"1";"1";""
"202400029769";"155729337";"A01";"3";"30";"0";"2";"3";"1";"3";""
"202400029769";"155729342";"Z01";"3";"7";"0";"2";"2";"14";"0";""
"202400029770";"155729334";"A01";"1";"7";"2";"0";"2";"14";"1";""
"202400029771";"155729335";"A01";"1";"7";"13";"0";"9";"15";"1";""
"202400029772";"155729332";"A01";"1";"1";"0";"2";"2";"1";"5";""
"202400029772";"155729333";"Z01";"1";"7";"0";"0";"1";"15";"1";""
"202400029773";"155729331";"A01";"3";"7";"0";"1";"1";"1";"1";""
"202400029774";"155729325";"A01";"2";"7";"0";"2";"3";"21";"2";""
"202400029774";"155729327";"B01";"2";"1";"0";"2";"3";"7";"5";""
"202400029775";"155729324";"C01";"2";"7";"0";"2";"1";"2";"1";""
"202400029775";"155729326";"D01";"2";"7";"0";"2";"1";"2";"1";""
"202400029775";"155729328";"A01";"2";"10";"0";"2";"4";"23";"1";""
"202400029775";"155729330";"B01";"2";"7";"0";"2";"4";"1";"1";""
"202400029776";"155729323";"A01";"1";"10";"0";"1";"5";"14";"1";""
"202400029777";"155729320";"A01";"1";"7";"11";"2";"1";"6";"1";""
"202400029777";"155729322";"B01";"2";"7";"0";"2";"8";"1";"3";""
"202400029778";"155729318";"A01";"2";"1";"12";"0";"1";"15";"5";""
"202400029779";"155729317";"B01";"2";"10";"0";"2";"1";"2";"1";""
"202400029779";"155729319";"A01";"2";"7";"0";"2";"4";"2";"1";""
"202400029780";"155729316";"A01";"2";"33";"0";"2";"8";"15";"1";""
"202400029780";"155729321";"B01";"2";"33";"0";"2";"7";"15";"1";""
"202400029781";"155729313";"A01";"2";"15";"0";"1";"1";"1";"1";""
"202400029782";"155729314";"A01";"1";"7";"3";"0";"1";"1";"1";""
"202400029783";"155729312";"A01";"2";"7";"0";"2";"3";"15";"1";""
"202400029783";"155729315";"B01";"2";"30";"0";"2";"1";"0";"1";""
"202400029784";"155729309";"A01";"1";"10";"0";"1";"3";"15";"1";""
"202400029785";"155729308";"A01";"2";"7";"0";"2";"3";"1";"1";""
"202400029785";"155729310";"B01";"2";"7";"0";"0";"6";"1";"1";""
"202400029786";"155729305";"A01";"2";"7";"0";"2";"1";"1";"1";""
"202400029786";"155729307";"B01";"2";"7";"0";"2";"4";"26";"1";""
"202400029787";"155729306";"B01";"2";"7";"0";"2";"3";"16";"2";""
"202400029787";"155729311";"A01";"2";"7";"0";"2";"1";"1";"1";""
"202400029788";"155729303";"A01";"2";"7";"0";"1";"1";"1";"1";""
"202400029789";"155729302";"A01";"1";"7";"0";"2";"1";"1";"1";""
"202400029789";"155729304";"B01";"1";"7";"0";"2";"4";"1";"1";""
"202400029790";"155729301";"A01";"3";"7";"0";"1";"1";"26";"1";""
"202400029791";"155729300";"A01";"1";"7";"0";"1";"2";"21";"1";""
"202400029792";"155729299";"A01";"1";"10";"3";"0";"9";"1";"1";""
"202400029793";"155729294";"B01";"1";"7";"0";"2";"0";"0";"0";""
"202400029793";"155729298";"A01";"1";"60";"0";"2";"0";"0";"5";""
"202400029794";"155729293";"B01";"2";"7";"0";"2";"1";"1";"1";""
"202400029794";"155729297";"A01";"1";"10";"0";"2";"1";"5";"1";""
"202400029795";"155729291";"B01";"1";"7";"0";"2";"5";"12";"1";""
"202400029795";"155729295";"A01";"1";"31";"0";"2";"1";"3";"1";""
"202400029796";"155729292";"A01";"2";"7";"0";"2";"2";"16";"2";""
"202400029796";"155729296";"B01";"2";"2";"0";"2";"8";"1";"3";""
"202400029797";"155729289";"A01";"1";"7";"0";"0";"1";"0";"1";""
"202400029798";"155729286";"B01";"3";"50";"0";"2";"1";"25";"3";""
"202400029798";"155729290";"A01";"3";"7";"0";"2";"1";"16";"1";""
"202400029799";"155729284";"B01";"2";"7";"0";"2";"4";"1";"1";""
"202400029799";"155729287";"C01";"2";"7";"0";"2";"1";"2";"1";""
"202400029799";"155729288";"A01";"2";"7";"0";"2";"4";"1";"1";""
"202400029800";"155729285";"B01";"3";"1";"0";"1";"2";"1";"5";""
"202400029801";"155729283";"A01";"2";"7";"0";"1";"1";"1";"2";""
"202400029802";"155729278";"A01";"1";"7";"2";"0";"0";"0";"1";""
"202400029803";"155729280";"A01";"2";"7";"0";"2";"5";"12";"1";""
"202400029803";"155729281";"B01";"2";"33";"0";"2";"1";"3";"1";""
"202400029804";"155729277";"B01";"0";"7";"0";"2";"3";"1";"0";""
"202400029804";"155729282";"A01";"0";"7";"0";"2";"2";"1";"0";""
"202400029805";"155729276";"A01";"2";"7";"0";"2";"1";"1";"1";""
"202400029805";"155729279";"B01";"0";"1";"0";"2";"8";"19";"5";""
"202400029806";"155729275";"A01";"2";"7";"0";"0";"1";"14";"1";""
"202400029807";"155729272";"A01";"2";"7";"0";"2";"2";"11";"1";""
"202400029807";"155729273";"B01";"2";"15";"0";"2";"6";"2";"1";""
"202400029808";"155729270";"A01";"1";"30";"0";"2";"1";"1";"3";""
"202400029808";"155729274";"B01";"2";"7";"0";"2";"8";"1";"1";""
"202400029809";"155729269";"A01";"2";"7";"0";"2";"4";"23";"3";""
"202400029809";"155729271";"B01";"2";"7";"0";"2";"3";"0";"1";""
"202400029810";"155729264";"A01";"3";"31";"0";"2";"1";"2";"0";""
"202400029810";"155729267";"B01";"3";"7";"0";"2";"4";"1";"1";""
"202400029811";"155729266";"A01";"3";"32";"0";"2";"7";"2";"1";""
"202400029811";"155729268";"B01";"3";"32";"1";"0";"0";"0";"1";""
"202400029812";"155729262";"A01";"1";"33";"0";"2";"1";"1";"1";""
"202400029812";"155729265";"B01";"3";"7";"0";"2";"3";"15";"1";""
"202400029813";"155729263";"A01";"2";"10";"0";"1";"4";"26";"1";""
"202400029814";"155729258";"A01";"1";"7";"1";"0";"1";"0";"1";""
"202400029815";"155729256";"A01";"1";"7";"0";"1";"3";"1";"1";""
"202400029815";"155729261";"B01";"2";"7";"6";"2";"2";"1";"1";""
"202400029816";"155729254";"A01";"1";"33";"0";"2";"2";"21";"1";""
"202400029816";"155729257";"B01";"1";"7";"0";"2";"5";"1";"1";""
"202400029816";"155729259";"C01";"1";"14";"0";"2";"6";"26";"1";""
"202400029816";"155729260";"D01";"1";"7";"1";"0";"0";"23";"1";""
"202400029817";"155729255";"Z01";"1";"10";"0";"1";"1";"19";"1";""
"202400029818";"155729252";"A01";"1";"7";"0";"1";"1";"1";"1";""
"202400029819";"155729251";"B01";"0";"1";"0";"9";"1";"1";"5";""
"202400029819";"155729253";"A01";"0";"1";"0";"9";"1";"1";"5";""
"202400029820";"155729245";"B01";"3";"80";"0";"2";"7";"19";"3";""
"202400029820";"155729250";"A01";"1";"7";"0";"2";"1";"6";"1";""
"202400029821";"155729247";"A01";"1";"7";"0";"2";"3";"15";"1";""
"202400029821";"155729249";"B01";"1";"33";"0";"2";"7";"17";"1";""
"202400029822";"155729244";"B01";"2";"33";"0";"2";"3";"1";"1";""
"202400029822";"155729248";"A01";"1";"31";"0";"2";"3";"17";"1";""
"202400029823";"155729241";"A01";"2";"1";"1";"0";"1";"17";"5";""
"202400029823";"155729242";"B01";"1";"7";"0";"0";"2";"0";"1";""
"202400029824";"155729240";"B01";"1";"10";"0";"2";"4";"0";"1";""
"202400029824";"155729243";"A01";"1";"10";"0";"2";"1";"0";"1";""
"202400029824";"155729246";"C01";"1";"7";"0";"2";"4";"23";"1";""
"202400029825";"155729238";"A01";"1";"10";"0";"1";"1";"1";"1";""
"202400029826";"155729235";"B01";"3";"2";"0";"2";"7";"9";"1";""
"202400029826";"155729239";"A01";"1";"7";"0";"2";"0";"0";"0";""
"202400029827";"155729234";"B01";"1";"7";"0";"2";"3";"16";"1";""
"202400029827";"155729236";"A01";"2";"7";"0";"2";"2";"15";"2";""
"202400029828";"155729231";"A01";"3";"7";"0";"9";"2";"2";"2";""
"202400029828";"155729237";"B01";"2";"50";"0";"2";"8";"19";"3";""
"202400029829";"155729230";"A01";"3";"7";"0";"2";"3";"9";"1";""
"202400029829";"155729233";"B01";"2";"7";"0";"2";"1";"1";"1";""
"202400029830";"155729229";"B01";"1";"7";"0";"2";"4";"24";"1";""
"202400029830";"155729232";"A01";"1";"7";"1";"0";"1";"14";"1";""
"202400029831";"155729228";"A01";"2";"7";"0";"1";"2";"1";"1";""
"202400029832";"155729227";"A01";"2";"7";"0";"1";"1";"1";"1";""
"202400029833";"155729223";"A01";"3";"7";"14";"0";"1";"1";"1";""
"202400029833";"155729225";"B01";"3";"7";"14";"0";"4";"1";"1";""
"202400029834";"155729219";"B01";"1";"7";"0";"2";"2";"17";"1";""
"202400029834";"155729224";"A01";"1";"7";"0";"0";"4";"17";"1";""
"202400029835";"155729217";"A01";"1";"7";"0";"2";"2";"15";"1";""
"202400029835";"155729220";"B01";"2";"33";"0";"2";"1";"1";"1";""
"202400029836";"155729218";"A01";"3";"10";"0";"2";"1";"26";"0";""
"202400029836";"155729221";"B01";"3";"7";"6";"2";"4";"1";"1";""
"202400029837";"155729216";"A01";"2";"7";"0";"2";"4";"1";"1";""
"202400029837";"155729222";"B01";"2";"7";"0";"2";"4";"1";"1";""
"202400029837";"155729226";"C01";"2";"7";"0";"2";"1";"1";"1";""
"202400029838";"155729214";"A01";"2";"7";"13";"0";"3";"0";"1";""
"202400029839";"155729213";"A01";"1";"7";"1";"0";"1";"0";"1";""
"202400029840";"155729212";"A01";"3";"10";"0";"2";"2";"16";"1";""
"202400029840";"155729215";"B01";"3";"50";"0";"2";"1";"1";"3";""
"202400029841";"155729211";"A01";"2";"34";"2";"1";"1";"1";"1";""
"202400029842";"155729210";"A01";"1";"10";"13";"0";"1";"1";"1";""
"202400029843";"155729208";"A01";"1";"7";"13";"0";"9";"1";"1";""
"202400029844";"155729209";"A01";"1";"7";"0";"1";"3";"15";"1";""
"202400029845";"155729202";"A01";"2";"7";"0";"2";"1";"2";"1";""
"202400029845";"155729205";"B01";"2";"31";"0";"0";"4";"1";"1";""
"202400029846";"155729204";"B01";"1";"7";"0";"2";"3";"1";"1";""
"202400029846";"155729207";"A01";"3";"50";"0";"2";"1";"5";"3";""
"202400029847";"155729201";"A01";"1";"7";"0";"2";"2";"13";"1";""
"202400029847";"155729206";"B01";"2";"7";"0";"2";"1";"1";"1";""
"202400029848";"155729200";"A01";"1";"7";"0";"2";"3";"1";"1";""
"202400029848";"155729203";"B01";"2";"7";"0";"2";"1";"13";"1";""
"202400029849";"155729199";"A01";"1";"7";"13";"0";"0";"0";"1";""
"202400029850";"155729196";"A01";"1";"7";"0";"2";"3";"17";"1";""
"202400029850";"155729198";"B01";"2";"31";"0";"2";"1";"21";"1";""
"202400029851";"155729191";"A01";"2";"7";"0";"2";"1";"13";"1";""
"202400029851";"155729194";"B01";"1";"17";"0";"2";"1";"1";"1";""
"202400029852";"155729195";"B01";"3";"15";"1";"0";"4";"24";"1";""
"202400029852";"155729197";"A01";"3";"37";"1";"0";"0";"2";"2";"1"
"202400029853";"155729189";"B01";"0";"10";"0";"0";"3";"0";"0";""
"202400029853";"155729193";"A01";"3";"7";"8";"0";"0";"0";"1";""
"202400029854";"155729188";"B01";"3";"7";"0";"2";"3";"15";"2";""
"202400029854";"155729190";"A01";"3";"33";"0";"2";"2";"17";"1";""
"202400029855";"155729187";"A01";"1";"33";"0";"2";"8";"0";"1";""
"202400029855";"155729192";"B01";"2";"10";"0";"2";"8";"13";"1";""
"202400029856";"155729184";"A01";"3";"3";"0";"1";"2";"16";"1";""
"202400029857";"155729182";"B01";"1";"7";"0";"2";"3";"21";"2";""
"202400029857";"155729185";"A01";"1";"30";"0";"2";"1";"15";"1";""
"202400029858";"155729180";"A01";"0";"7";"0";"2";"1";"0";"1";""
"202400029858";"155729186";"B01";"3";"7";"0";"0";"8";"1";"1";""
"202400029859";"155729179";"A01";"1";"7";"0";"0";"4";"1";"1";""
"202400029859";"155729181";"B01";"1";"7";"0";"2";"1";"1";"2";""
"202400029859";"155729183";"C01";"1";"7";"0";"2";"1";"1";"1";""
"202400029860";"155729176";"A01";"1";"36";"0";"0";"0";"0";"1";""
"202400029861";"155729172";"A01";"1";"7";"1";"2";"3";"5";"1";""
"202400029861";"155729177";"B01";"2";"7";"0";"2";"3";"21";"1";""
"202400029862";"155729173";"A01";"2";"2";"1";"0";"2";"14";"1";""
"202400029863";"155729175";"A01";"1";"7";"0";"2";"3";"9";"1";""
"202400029863";"155729178";"B01";"1";"7";"0";"2";"1";"26";"1";""
"202400029864";"155729171";"B01";"2";"10";"0";"2";"6";"15";"1";""
"202400029864";"155729174";"A01";"2";"33";"0";"2";"1";"1";"1";""
"202400029865";"155729168";"A01";"3";"7";"8";"0";"1";"26";"1";""
"202400029866";"155729166";"A01";"1";"7";"0";"2";"2";"13";"1";""
"202400029866";"155729169";"B01";"2";"7";"0";"2";"2";"21";"1";""
"202400029867";"155729167";"A01";"1";"32";"0";"0";"8";"1";"1";""
"202400029868";"155729165";"A01";"3";"33";"2";"0";"1";"13";"1";""
"202400029869";"155729162";"B01";"2";"10";"1";"2";"8";"1";"1";""
"202400029869";"155729164";"A01";"2";"10";"0";"2";"2";"20";"1";""
"202400029870";"155729161";"A01";"1";"10";"6";"0";"0";"13";"1";""
"202400029871";"155729159";"A01";"2";"7";"2";"0";"7";"15";"1";""
"202400029872";"155729157";"A01";"1";"33";"12";"0";"1";"1";"1";""
"202400029873";"155729158";"A01";"2";"7";"0";"0";"5";"1";"1";""
"202400029873";"155729163";"B01";"2";"33";"0";"2";"1";"1";"1";""
"202400029874";"155729156";"B01";"1";"7";"0";"2";"1";"13";"1";""
"202400029874";"155729160";"A01";"2";"7";"0";"2";"1";"1";"1";""
"202400029875";"155729153";"A01";"3";"2";"7";"0";"1";"1";"1";""
"202400029876";"155729154";"A01";"2";"10";"0";"1";"1";"2";"1";""
"202400029877";"155729152";"A01";"1";"7";"0";"2";"1";"2";"1";""
"202400029877";"155729155";"B01";"1";"31";"0";"2";"4";"2";"1";""
"202400029878";"155729151";"A01";"2";"7";"2";"2";"3";"26";"1";""
"202400029879";"155729145";"B01";"2";"7";"0";"2";"1";"2";"1";""
"202400029879";"155729148";"A01";"2";"7";"0";"2";"4";"2";"1";""
"202400029880";"155729147";"A01";"1";"7";"4";"2";"8";"9";"1";""