"Num_Acc";"id_vehicule";"num_veh";"senc";"catv";"obs";"obsm";"choc";"manv";"motor";"occutc"
"202400029880";"155729149";"B01";"1";"7";"3";"2";"7";"2";"2";""
"202400029881";"155729143";"A01";"3";"7";"0";"2";"5";"2";"1";""
"202400029881";"155729144";"M01";"3";"33";"0";"2";"3";"1";"1";""
"202400029882";"155729141";"B01";"2";"1";"0";"2";"7";"1";"5";""
"202400029882";"155729150";"A01";"2";"7";"0";"9";"6";"9";"1";""
"202400029883";"155729142";"A01";"1";"32";"0";"2";"1";"1";"1";""
"202400029883";"155729146";"B01";"1";"7";"0";"2";"5";"1";"2";""
"202400029884";"155729138";"A01";"2";"7";"0";"2";"3";"1";"1";""
"202400029884";"155729139";"B01";"1";"7";"0";"2";"3";"1";"1";""
"202400029885";"155729136";"A01";"2";"7";"2";"0";"2";"1";"1";""
"202400029886";"155729131";"A01";"2";"7";"0";"0";"9";"26";"1";""
"202400029887";"155729133";"B01";"1";"7";"0";"2";"1";"0";"1";""
"202400029887";"155729137";"A01";"2";"50";"0";"2";"1";"19";"3";""
"202400029888";"155729128";"A01";"1";"7";"0";"2";"9";"1";"1";""
"202400029888";"155729134";"B01";"1";"7";"0";"2";"4";"23";"1";""
"202400029889";"155729127";"A01";"3";"33";"13";"0";"8";"1";"1";""
"202400029890";"155729125";"A01";"3";"1";"0";"2";"1";"1";"5";""
"202400029890";"155729129";"B01";"3";"10";"0";"2";"1";"15";"1";""
"202400029891";"155729123";"A01";"1";"7";"0";"9";"2";"16";"1";""
"202400029891";"155729126";"B01";"3";"1";"0";"2";"2";"0";"5";""
"202400029892";"155729121";"A01";"2";"33";"0";"0";"1";"1";"1";""
"202400029893";"155729119";"A01";"2";"7";"0";"2";"2";"2";"1";""
"202400029893";"155729122";"B01";"2";"7";"0";"2";"4";"1";"2";""
"202400029894";"155729120";"A01";"1";"7";"0";"2";"1";"1";"1";""
"202400029894";"155729124";"B01";"1";"7";"0";"2";"4";"1";"1";""
"202400029895";"155729118";"A01";"2";"33";"0";"0";"0";"0";"1";""
"202400029896";"155729112";"B01";"1";"7";"0";"2";"4";"1";"2";""
"202400029896";"155729115";"A01";"1";"7";"0";"2";"1";"1";"1";""
"202400029897";"155729110";"B01";"3";"31";"0";"2";"7";"2";"1";""
"202400029897";"155729114";"A01";"3";"7";"0";"2";"3";"1";"1";""
"202400029898";"155729109";"A01";"2";"15";"0";"2";"7";"12";"1";""
"202400029898";"155729113";"B01";"2";"7";"0";"0";"8";"1";"1";""
"202400029899";"155729106";"B01";"2";"7";"0";"2";"8";"1";"1";""
"202400029899";"155729108";"C01";"1";"7";"0";"2";"8";"2";"1";""
"202400029899";"155729111";"A01";"1";"33";"0";"2";"7";"17";"1";""
"202400029900";"155729105";"A01";"2";"7";"3";"0";"1";"0";"1";""
"202400029901";"155729103";"A01";"2";"7";"8";"0";"1";"26";"1";""
"202400029902";"155729102";"A01";"1";"7";"13";"0";"1";"2";"1";""
"202400029903";"155729101";"B01";"0";"7";"0";"2";"4";"1";"1";""
"202400029903";"155729104";"A01";"0";"7";"0";"2";"1";"1";"1";""
"202400029903";"155729107";"C01";"0";"7";"0";"2";"4";"1";"3";""
"202400029904";"155729099";"A01";"2";"7";"0";"0";"9";"14";"1";""
"202400029905";"155729096";"A01";"1";"7";"0";"2";"8";"11";"1";""
"202400029905";"155729100";"B01";"1";"7";"0";"0";"7";"1";"1";""
"202400029906";"155729097";"A01";"2";"1";"4";"0";"2";"1";"5";""
"202400029907";"155729095";"A01";"0";"50";"0";"0";"0";"1";"3";""
"202400029908";"155729094";"B01";"1";"10";"0";"2";"2";"1";"1";""
"202400029908";"155729098";"A01";"1";"7";"0";"2";"8";"9";"1";""
"202400029909";"155729090";"A01";"2";"7";"0";"2";"8";"1";"1";""
"202400029909";"155729092";"Z01";"2";"7";"0";"2";"7";"12";"1";""
"202400029910";"155729089";"A01";"3";"7";"0";"2";"2";"1";"1";""
"202400029910";"155729091";"B01";"3";"7";"12";"2";"3";"1";"1";""
"202400029911";"155729088";"A01";"1";"7";"0";"1";"1";"26";"1";""
"202400029912";"155729087";"A01";"2";"7";"3";"0";"1";"1";"1";""
"202400029913";"155729086";"A01";"1";"7";"0";"1";"3";"1";"1";""
"202400029914";"155729085";"A01";"1";"7";"0";"1";"1";"15";"1";""
"202400029915";"155729082";"A01";"1";"7";"0";"2";"1";"1";"1";""
"202400029915";"155729084";"B01";"1";"7";"0";"2";"4";"1";"1";""
"202400029916";"155729081";"A01";"1";"10";"0";"0";"2";"1";"1";""
"202400029917";"155729083";"A01";"1";"7";"3";"0";"0";"17";"1";""
"202400029917";"155729093";"B01";"1";"7";"0";"9";"0";"1";"1";""
"202400029918";"155729078";"A01";"1";"7";"0";"2";"1";"9";"1";""
"202400029918";"155729079";"B01";"1";"7";"0";"2";"2";"1";"1";""
"202400029919";"155729077";"B01";"1";"7";"0";"2";"4";"2";"3";""
"202400029919";"155729080";"A01";"1";"32";"0";"2";"1";"2";"1";""
"202400029920";"155729075";"A01";"3";"3";"2";"0";"1";"14";"3";""
"202400029921";"155729073";"A01";"1";"7";"4";"0";"1";"12";"1";""
"202400029922";"155729072";"A01";"2";"7";"0";"2";"3";"2";"1";""
"202400029922";"155729074";"B01";"2";"7";"0";"2";"5";"2";"1";""
"202400029922";"155729076";"C01";"1";"7";"0";"2";"1";"1";"1";""
"202400029923";"155729071";"A01";"2";"7";"0";"0";"9";"0";"1";""
"202400029924";"155729069";"A01";"1";"10";"0";"2";"8";"11";"1";""
"202400029924";"155729070";"B01";"1";"33";"0";"2";"7";"1";"1";""
"202400029925";"155729067";"A01";"1";"7";"0";"2";"2";"9";"1";""
"202400029925";"155729068";"B01";"1";"7";"0";"2";"3";"1";"1";""
"202400029926";"155729066";"A01";"1";"7";"0";"2";"7";"0";"1";""
"202400029927";"155729061";"B01";"2";"10";"0";"2";"2";"1";"3";""
"202400029927";"155729064";"A01";"2";"33";"0";"2";"6";"3";"1";""
"202400029928";"155729060";"A01";"1";"7";"0";"2";"1";"13";"1";""
"202400029928";"155729063";"B01";"2";"7";"0";"2";"3";"1";"1";""
"202400029929";"155729057";"B01";"1";"7";"0";"2";"1";"1";"1";""
"202400029929";"155729065";"A01";"2";"33";"0";"2";"1";"13";"1";""
"202400029930";"155729054";"A01";"3";"31";"0";"0";"0";"1";"1";""
"202400029931";"155729053";"A01";"2";"10";"0";"2";"1";"2";"1";""
"202400029931";"155729055";"E01";"2";"7";"0";"2";"4";"2";"1";""
"202400029931";"155729058";"C01";"2";"7";"0";"2";"4";"2";"1";""
"202400029931";"155729059";"D01";"2";"7";"0";"2";"4";"2";"1";""
"202400029931";"155729062";"B01";"2";"7";"0";"2";"4";"2";"2";""
"202400029932";"155729052";"A01";"1";"7";"0";"2";"2";"14";"1";""
"202400029932";"155729056";"B01";"1";"7";"0";"2";"6";"1";"2";""
"202400029933";"155729051";"A01";"1";"10";"2";"0";"3";"1";"1";""
"202400029934";"155729047";"A01";"1";"7";"16";"0";"3";"1";"1";""
"202400029935";"155729043";"D01";"1";"10";"0";"2";"4";"1";"1";""
"202400029935";"155729045";"A01";"1";"7";"0";"2";"6";"11";"1";""
"202400029935";"155729049";"B01";"1";"14";"0";"2";"2";"1";"1";""
"202400029935";"155729050";"C01";"1";"7";"0";"2";"4";"1";"1";""
"202400029936";"155729041";"A01";"2";"33";"0";"0";"0";"16";"1";""
"202400029937";"155729042";"C01";"2";"15";"0";"2";"6";"1";"1";""
"202400029937";"155729046";"B01";"2";"10";"0";"2";"7";"1";"0";""
"202400029937";"155729048";"A01";"2";"33";"0";"2";"8";"11";"1";""
"202400029938";"155729039";"B01";"2";"7";"3";"2";"1";"1";"1";""
"202400029938";"155729044";"A01";"1";"7";"0";"2";"1";"1";"1";""
"202400029939";"155729035";"C01";"2";"7";"0";"2";"8";"1";"1";""
"202400029939";"155729038";"B01";"2";"7";"0";"2";"1";"1";"1";""
"202400029939";"155729040";"A01";"2";"7";"0";"2";"1";"13";"1";""
"202400029940";"155729034";"A01";"2";"7";"0";"2";"1";"13";"1";""
"202400029940";"155729036";"B01";"1";"7";"0";"2";"3";"1";"1";""
"202400029941";"155729033";"Y01";"3";"1";"0";"2";"5";"25";"5";""
"202400029941";"155729037";"A01";"3";"7";"0";"2";"7";"26";"1";""
"202400029942";"155729030";"B01";"1";"7";"0";"2";"4";"2";"1";""
"202400029942";"155729032";"A01";"1";"7";"0";"2";"1";"2";"3";""
"202400029943";"155729031";"A01";"2";"33";"0";"0";"8";"1";"1";""
"202400029944";"155729029";"A01";"2";"7";"15";"0";"1";"1";"1";""
"202400029945";"155729027";"B01";"2";"1";"0";"2";"4";"14";"5";""
"202400029945";"155729028";"A01";"2";"1";"0";"2";"1";"1";"5";""
"202400029946";"155729024";"B01";"2";"7";"0";"9";"1";"2";"0";""
"202400029946";"155729026";"A01";"2";"2";"5";"2";"3";"9";"6";""
"202400029947";"155729021";"A01";"2";"33";"0";"2";"1";"1";"1";""
"202400029947";"155729023";"B01";"1";"7";"0";"2";"1";"15";"1";""
"202400029948";"155729018";"A01";"3";"7";"0";"2";"3";"13";"1";""
"202400029948";"155729022";"B01";"3";"7";"0";"2";"8";"0";"1";""
"202400029949";"155729020";"A01";"2";"7";"0";"1";"2";"1";"2";""
"202400029950";"155729019";"A01";"1";"31";"0";"2";"1";"13";"1";""
"202400029950";"155729025";"B01";"2";"10";"0";"2";"3";"1";"1";""
"202400029951";"155729016";"A01";"3";"7";"13";"0";"2";"14";"1";""
"202400029952";"155729013";"A01";"2";"7";"0";"2";"3";"2";"1";""
"202400029952";"155729015";"B01";"2";"33";"0";"2";"5";"2";"1";""
"202400029952";"155729017";"C01";"2";"33";"0";"2";"4";"2";"1";""
"202400029953";"155729012";"A01";"2";"1";"0";"0";"1";"1";"5";""
"202400029953";"155729014";"Z01";"2";"1";"0";"0";"1";"1";"5";""
"202400029954";"155729011";"A01";"1";"7";"2";"0";"3";"14";"1";""
"202400029955";"155729010";"A01";"2";"38";"0";"1";"1";"1";"1";"1"
"202400029956";"155729009";"A01";"1";"7";"6";"0";"3";"16";"1";""
"202400029957";"155729005";"B01";"1";"1";"0";"2";"4";"13";"5";""
"202400029957";"155729007";"A01";"1";"7";"0";"2";"3";"2";"1";""
"202400029958";"155729004";"A01";"1";"7";"0";"2";"1";"13";"1";""
"202400029958";"155729008";"B01";"2";"7";"0";"2";"0";"0";"2";""
"202400029959";"155729003";"A01";"1";"50";"0";"2";"8";"15";"3";""
"202400029959";"155729006";"B01";"1";"7";"0";"2";"2";"17";"1";""
"202400029960";"155729002";"A01";"1";"33";"0";"6";"1";"0";"1";""
"202400029961";"155729001";"A01";"1";"2";"0";"0";"0";"1";"1";""
"202400029962";"155728998";"B01";"3";"7";"0";"2";"0";"0";"0";""
"202400029962";"155729000";"A01";"3";"1";"0";"2";"0";"0";"5";""
"202400029963";"155728995";"A01";"2";"7";"0";"2";"1";"1";"1";""
"202400029963";"155728997";"B01";"1";"21";"0";"2";"3";"1";"1";""
"202400029964";"155728996";"A01";"2";"7";"0";"0";"3";"1";"1";""
"202400029964";"155728999";"B01";"2";"33";"0";"2";"1";"1";"1";""
"202400029965";"155728992";"E01";"3";"60";"0";"1";"1";"2";"5";""
"202400029966";"155728990";"A01";"2";"10";"0";"2";"3";"13";"1";""
"202400029966";"155728993";"B01";"1";"7";"0";"2";"3";"1";"1";""
"202400029967";"155728989";"A01";"3";"33";"0";"0";"0";"1";"1";""
"202400029968";"155728991";"B01";"1";"15";"0";"2";"6";"1";"1";""
"202400029968";"155728994";"A01";"1";"7";"0";"2";"2";"1";"1";""
"202400029969";"155728988";"A01";"1";"33";"0";"0";"8";"1";"1";""
"202400029970";"155728985";"A01";"2";"7";"3";"0";"2";"2";"1";""
"202400029971";"155728986";"B01";"0";"7";"0";"2";"3";"11";"1";""
"202400029971";"155728987";"A01";"3";"34";"9";"2";"2";"1";"1";""
"202400029972";"155728984";"A01";"2";"7";"13";"0";"9";"1";"1";""
"202400029973";"155728980";"A01";"1";"7";"0";"2";"2";"1";"1";""
"202400029973";"155728983";"B01";"1";"7";"13";"2";"3";"1";"1";""
"202400029974";"155728981";"A01";"1";"1";"12";"2";"1";"26";"5";""
"202400029974";"155728982";"B01";"2";"7";"12";"2";"3";"5";"1";""
"202400029975";"155728978";"B01";"2";"7";"0";"2";"4";"23";"1";""
"202400029975";"155728979";"A01";"2";"7";"0";"2";"1";"2";"1";""
"202400029976";"155728975";"A01";"1";"7";"0";"2";"1";"19";"1";""
"202400029976";"155728977";"B01";"2";"10";"0";"2";"1";"1";"1";""
"202400029977";"155728974";"A01";"3";"7";"0";"1";"5";"4";"0";""
"202400029978";"155728976";"A01";"0";"1";"0";"0";"0";"0";"5";""
"202400029979";"155728973";"A01";"1";"7";"0";"1";"1";"16";"1";""
"202400029980";"155728972";"A01";"1";"2";"0";"0";"0";"1";"1";""
"202400029981";"155728970";"A01";"1";"7";"9";"0";"1";"1";"1";""
"202400029982";"155728969";"A01";"1";"7";"0";"2";"1";"2";"1";""
"202400029982";"155728971";"B01";"1";"7";"0";"2";"4";"0";"1";""
"202400029983";"155728967";"A01";"2";"21";"0";"0";"7";"15";"1";""
"202400029984";"155728966";"A01";"2";"2";"0";"0";"7";"1";"1";""
"202400029985";"155728965";"A01";"2";"1";"0";"2";"4";"2";"5";""
"202400029985";"155728968";"B01";"2";"7";"0";"2";"2";"17";"1";""
"202400029986";"155728962";"A01";"1";"7";"0";"1";"1";"1";"0";""
"202400029987";"155728961";"A01";"1";"7";"0";"2";"3";"1";"1";""
"202400029987";"155728964";"B01";"1";"7";"0";"2";"2";"1";"0";""
"202400029988";"155728955";"B01";"2";"13";"0";"2";"3";"1";"0";""
"202400029988";"155728960";"A01";"1";"7";"0";"2";"3";"13";"1";""
"202400029989";"155728956";"B01";"1";"7";"0";"2";"2";"19";"1";""
"202400029989";"155728958";"A01";"1";"2";"0";"2";"1";"1";"1";""
"202400029990";"155728954";"A01";"1";"7";"12";"2";"3";"15";"1";""
"202400029990";"155728957";"B01";"1";"32";"0";"0";"0";"0";"1";""
"202400029991";"155728959";"A01";"2";"7";"2";"0";"9";"1";"1";""
"202400029992";"155728951";"A01";"3";"50";"0";"0";"0";"1";"3";""
"202400029993";"155728948";"A01";"1";"17";"2";"0";"8";"1";"1";""
"202400029994";"155728946";"A01";"3";"7";"1";"2";"8";"26";"1";""
"202400029994";"155728949";"B01";"3";"7";"0";"2";"1";"1";"1";""
"202400029994";"155728953";"C01";"3";"7";"0";"2";"6";"1";"1";""
"202400029995";"155728943";"B01";"2";"1";"0";"2";"7";"25";"5";""
"202400029995";"155728947";"A01";"1";"34";"0";"2";"3";"25";"1";""
"202400029996";"155728945";"A01";"1";"21";"9";"0";"1";"13";"1";""
"202400029997";"155728941";"A01";"1";"7";"8";"2";"1";"1";"1";""
"202400029998";"155728938";"A01";"2";"7";"0";"2";"3";"26";"0";""
"202400029998";"155728940";"B01";"2";"2";"0";"2";"4";"0";"0";""
"202400029999";"155728937";"A01";"1";"7";"6";"0";"1";"1";"1";""
"202400030000";"155728936";"B01";"1";"7";"8";"2";"8";"1";"1";""
"202400030000";"155728939";"A01";"2";"1";"0";"2";"1";"5";"5";""
"202400030001";"155728935";"A01";"2";"7";"0";"1";"2";"20";"1";""
"202400030002";"155728932";"A01";"2";"7";"0";"2";"3";"1";"2";""
"202400030002";"155728934";"B01";"1";"10";"0";"2";"6";"1";"1";""
"202400030003";"155728930";"A01";"2";"33";"0";"0";"0";"2";"1";""
"202400030004";"155728929";"B01";"1";"7";"0";"2";"3";"1";"1";""
"202400030004";"155728931";"A01";"1";"33";"0";"2";"3";"17";"1";""
"202400030005";"155728928";"A01";"2";"7";"0";"2";"1";"1";"1";""
"202400030005";"155728933";"B01";"2";"15";"0";"2";"4";"1";"1";""
"202400030006";"155728925";"A01";"1";"7";"8";"0";"2";"14";"0";""
"202400030007";"155728923";"A01";"1";"33";"0";"2";"1";"17";"1";""
"202400030007";"155728927";"B01";"2";"7";"0";"2";"5";"15";"1";""
"202400030008";"155728926";"A01";"1";"33";"13";"0";"2";"1";"1";""
"202400030009";"155728922";"A01";"2";"34";"0";"2";"3";"13";"1";""
"202400030009";"155728924";"B01";"1";"30";"0";"2";"3";"1";"3";""
"202400030010";"155728921";"A01";"3";"7";"9";"0";"1";"1";"1";""
"202400030011";"155728916";"A01";"1";"7";"0";"2";"1";"1";"1";""
"202400030011";"155728919";"B01";"2";"7";"0";"2";"1";"13";"1";""
"202400030012";"155728915";"A01";"1";"2";"0";"2";"7";"2";"1";""
"202400030012";"155728920";"B01";"1";"7";"0";"2";"1";"1";"1";""
"202400030013";"155728914";"B01";"3";"7";"2";"0";"1";"5";"1";""
"202400030013";"155728917";"A01";"3";"7";"5";"0";"1";"1";"1";""
"202400030014";"155728913";"B01";"2";"7";"0";"2";"1";"1";"1";""
"202400030014";"155728918";"A01";"0";"10";"0";"2";"8";"19";"1";""
"202400030015";"155728912";"A01";"1";"33";"0";"0";"0";"11";"1";""
"202400030016";"155728909";"A01";"1";"7";"0";"1";"1";"1";"1";""
"202400030017";"155728910";"A01";"1";"32";"0";"2";"1";"1";"1";""
"202400030017";"155728911";"B01";"2";"33";"0";"2";"7";"15";"1";""
"202400030018";"155728907";"A01";"2";"7";"0";"2";"1";"13";"1";""
"202400030018";"155728908";"B01";"1";"10";"0";"2";"1";"21";"1";""
"202400030019";"155728903";"A01";"2";"7";"0";"2";"2";"1";"1";""
"202400030019";"155728905";"B01";"1";"7";"0";"2";"3";"1";"1";""
"202400030020";"155728901";"B01";"1";"7";"0";"2";"8";"15";"1";""
"202400030020";"155728904";"A01";"1";"7";"0";"2";"8";"15";"1";""
"202400030021";"155728900";"B01";"1";"7";"0";"2";"8";"26";"1";""
"202400030021";"155728902";"C01";"1";"7";"0";"2";"1";"17";"1";""
"202400030021";"155728906";"A01";"2";"10";"0";"2";"8";"1";"1";""
"202400030022";"155728896";"A01";"1";"7";"0";"2";"3";"13";"1";""
"202400030022";"155728898";"B01";"2";"7";"0";"2";"3";"1";"1";""
"202400030023";"155728894";"A01";"1";"7";"0";"2";"0";"15";"1";""
"202400030023";"155728897";"B01";"1";"1";"0";"0";"8";"0";"5";""
"202400030024";"155728899";"A01";"2";"7";"2";"0";"2";"0";"1";""
"202400030025";"155728893";"A01";"1";"33";"0";"2";"1";"1";"1";""
"202400030025";"155728895";"B01";"2";"10";"0";"2";"1";"15";"1";""
"202400030026";"155728891";"A01";"1";"7";"0";"1";"2";"1";"1";""
"202400030027";"155728889";"A01";"1";"7";"2";"0";"1";"13";"1";""
"202400030028";"155728892";"A01";"0";"31";"8";"0";"1";"1";"1";""
"202400030029";"155728888";"A01";"2";"7";"0";"0";"7";"15";"3";""
"202400030029";"155728890";"B01";"2";"33";"0";"2";"1";"1";"1";""
"202400030030";"155728886";"A01";"3";"7";"0";"2";"5";"11";"1";""
"202400030030";"155728887";"B01";"3";"33";"0";"2";"1";"1";"1";""
"202400030031";"155728882";"B01";"2";"10";"0";"2";"8";"1";"1";""
"202400030031";"155728885";"A01";"1";"33";"0";"2";"1";"13";"1";""
"202400030032";"155728883";"A01";"2";"10";"0";"2";"3";"13";"1";""
"202400030032";"155728884";"B01";"1";"7";"0";"2";"3";"1";"1";""
"202400030033";"155728880";"A01";"2";"33";"0";"2";"1";"1";"1";""
"202400030033";"155728881";"B01";"1";"7";"0";"2";"1";"21";"1";""
"202400030034";"155728879";"A01";"3";"1";"0";"0";"1";"21";"5";""
"202400030035";"155728875";"A01";"3";"7";"2";"0";"1";"13";"1";""
"202400030036";"155728876";"A01";"3";"2";"0";"2";"1";"0";"1";""
"202400030036";"155728878";"B01";"3";"21";"0";"2";"3";"0";"1";""
"202400030037";"155728874";"A01";"1";"7";"0";"2";"8";"2";"1";""
"202400030037";"155728877";"B01";"1";"7";"9";"2";"1";"5";"1";""
"202400030038";"155728872";"A01";"1";"1";"0";"0";"8";"1";"5";""
"202400030039";"155728868";"A01";"1";"7";"0";"2";"1";"17";"1";""
"202400030039";"155728870";"B01";"2";"7";"0";"2";"1";"1";"1";""
"202400030040";"155728869";"B01";"3";"1";"0";"2";"1";"1";"5";""
"202400030040";"155728871";"A01";"3";"10";"0";"2";"3";"1";"1";""
"202400030041";"155728866";"A01";"1";"7";"0";"2";"3";"13";"1";""
"202400030041";"155728867";"B01";"2";"7";"0";"2";"3";"2";"1";""
"202400030042";"155728864";"A01";"2";"7";"15";"0";"1";"6";"1";""
"202400030043";"155728862";"C01";"1";"7";"0";"2";"2";"17";"1";""
"202400030043";"155728865";"A01";"1";"10";"0";"0";"0";"1";"1";""
"202400030044";"155728860";"A01";"1";"33";"0";"2";"1";"1";"1";""
"202400030044";"155728863";"B01";"1";"7";"0";"0";"6";"26";"1";""
"202400030045";"155728861";"A01";"2";"7";"0";"1";"1";"1";"1";""
"202400030046";"155728858";"B01";"2";"33";"0";"2";"1";"1";"1";""
"202400030046";"155728859";"A01";"1";"33";"0";"2";"7";"15";"1";""
"202400030047";"155728855";"A01";"2";"7";"0";"0";"8";"15";"1";""
"202400030047";"155728857";"B01";"1";"33";"0";"2";"1";"1";"1";""
"202400030048";"155728856";"A01";"1";"7";"8";"0";"1";"1";"1";""
"202400030049";"155728849";"A01";"2";"7";"0";"2";"1";"0";"2";""
"202400030049";"155728852";"B01";"1";"7";"0";"2";"1";"17";"1";""
"202400030050";"155728848";"A01";"3";"7";"0";"2";"2";"16";"1";""
"202400030050";"155728850";"B01";"3";"1";"0";"2";"1";"5";"5";""
"202400030051";"155728847";"A01";"1";"7";"0";"2";"0";"0";"1";""
"202400030051";"155728851";"B01";"1";"15";"0";"2";"2";"1";"4";""
"202400030052";"155728845";"A01";"3";"2";"14";"0";"1";"1";"1";""
"202400030053";"155728844";"B01";"2";"7";"0";"2";"3";"1";"1";""
"202400030053";"155728846";"A01";"1";"7";"0";"2";"2";"1";"1";""
"202400030054";"155728842";"A01";"2";"7";"0";"2";"2";"2";"1";""
"202400030054";"155728843";"B01";"2";"7";"0";"2";"8";"2";"1";""
"202400030055";"155728839";"B01";"2";"1";"0";"0";"8";"6";"5";""
"202400030055";"155728840";"A01";"2";"7";"0";"2";"3";"1";"1";""
"202400030056";"155728838";"B01";"1";"31";"0";"2";"8";"1";"1";""
"202400030056";"155728841";"A01";"3";"10";"0";"0";"8";"19";"1";""
"202400030057";"155728836";"A01";"1";"2";"2";"0";"0";"21";"1";""
"202400030058";"155728834";"B01";"2";"10";"0";"2";"1";"1";"1";""
"202400030058";"155728837";"A01";"1";"7";"0";"2";"8";"15";"1";""
"202400030059";"155728832";"A01";"1";"17";"16";"0";"9";"1";"1";""
"202400030060";"155728831";"C01";"0";"7";"0";"2";"3";"1";"1";""
"202400030060";"155728833";"A01";"0";"2";"0";"2";"1";"17";"1";""
"202400030060";"155728835";"B01";"0";"7";"0";"2";"1";"26";"1";""
"202400030061";"155728827";"A01";"1";"7";"13";"2";"1";"5";"1";""
"202400030061";"155728829";"B01";"2";"7";"13";"2";"1";"1";"1";""
"202400030062";"155728826";"A01";"2";"7";"4";"0";"2";"9";"1";""
"202400030063";"155728824";"A01";"1";"2";"0";"0";"7";"15";"1";""
"202400030064";"155728825";"A01";"2";"7";"0";"0";"1";"1";"1";""
"202400030065";"155728823";"A01";"1";"31";"0";"5";"1";"1";"1";""
"202400030066";"155728822";"A01";"2";"50";"13";"0";"3";"1";"3";""
"202400030067";"155728820";"A01";"1";"7";"0";"0";"9";"1";"1";""
"202400030068";"155728821";"A01";"1";"7";"3";"0";"1";"14";"1";""
"202400030069";"155728817";"A01";"2";"7";"0";"2";"1";"2";"1";""
"202400030069";"155728819";"B01";"2";"1";"0";"2";"4";"2";"5";""
"202400030070";"155728815";"A01";"1";"7";"0";"2";"4";"1";"1";""
"202400030070";"155728818";"B01";"1";"7";"0";"2";"2";"21";"1";""
"202400030071";"155728814";"A01";"1";"7";"6";"0";"3";"5";"1";""
"202400030072";"155728813";"B01";"2";"7";"0";"2";"2";"1";"1";""
"202400030072";"155728816";"A01";"1";"7";"0";"2";"1";"1";"1";""
"202400030073";"155728811";"A01";"1";"34";"0";"2";"1";"2";"1";""
"202400030073";"155728812";"B01";"1";"10";"0";"2";"4";"2";"1";""
"202400030074";"155728810";"A01";"1";"10";"8";"0";"1";"13";"1";""
"202400030075";"155728807";"A01";"3";"7";"2";"0";"1";"1";"1";""
"202400030076";"155728804";"C01";"2";"7";"0";"2";"7";"17";"1";""
"202400030076";"155728805";"A01";"1";"1";"14";"2";"7";"21";"5";""
"202400030076";"155728806";"B01";"2";"7";"0";"2";"1";"1";"1";""
"202400030077";"155728803";"A01";"3";"99";"8";"0";"1";"16";"5";""
"202400030078";"155728800";"A01";"1";"7";"13";"0";"1";"1";"1";""
"202400030079";"155728801";"A01";"2";"10";"0";"2";"1";"13";"1";""
"202400030079";"155728802";"B01";"1";"33";"0";"2";"1";"1";"1";""
"202400030080";"155728798";"B01";"3";"7";"0";"2";"4";"2";"1";""
"202400030080";"155728799";"A01";"3";"7";"0";"2";"1";"2";"1";""
"202400030081";"155728796";"A01";"3";"7";"0";"1";"1";"1";"1";""
"202400030082";"155728795";"B01";"0";"7";"0";"2";"7";"19";"1";""
"202400030082";"155728797";"A01";"2";"17";"0";"2";"1";"1";"1";""
"202400030083";"155728792";"A01";"2";"30";"0";"2";"7";"1";"1";""
"202400030083";"155728794";"Z01";"3";"7";"0";"2";"7";"0";"0";""
"202400030084";"155728790";"A01";"1";"33";"6";"0";"9";"0";"1";""
"202400030085";"155728791";"A01";"3";"33";"0";"0";"7";"1";"1";""
"202400030085";"155728793";"B01";"0";"1";"0";"0";"0";"19";"5";""
"202400030086";"155728789";"A01";"1";"33";"0";"0";"0";"13";"1";""
"202400030087";"155728788";"A01";"2";"2";"0";"0";"1";"1";"1";""
"202400030088";"155728784";"A01";"2";"60";"0";"2";"1";"9";"5";""
"202400030088";"155728786";"B01";"2";"7";"0";"2";"3";"23";"2";""
"202400030089";"155728782";"A01";"2";"15";"0";"2";"4";"4";"1";""
"202400030089";"155728785";"B01";"2";"2";"0";"2";"1";"1";"1";""
"202400030090";"155728783";"A01";"2";"7";"0";"2";"3";"1";"1";""
"202400030090";"155728787";"B01";"1";"2";"0";"2";"1";"1";"1";""
"202400030091";"155728777";"A01";"2";"7";"0";"2";"1";"5";"1";""
"202400030091";"155728780";"B01";"2";"7";"0";"2";"2";"1";"1";""
"202400030092";"155728778";"A01";"2";"7";"0";"0";"5";"2";"2";""
"202400030092";"155728781";"B01";"2";"32";"0";"2";"3";"2";"1";""
"202400030093";"155728776";"B01";"1";"1";"0";"0";"4";"2";"5";""
"202400030093";"155728779";"A01";"1";"7";"0";"9";"2";"2";"1";""
"202400030094";"155728775";"A01";"1";"10";"13";"0";"3";"1";"1";""
"202400030095";"155728774";"A01";"2";"7";"0";"1";"3";"12";"1";""
"202400030096";"155728769";"A01";"2";"7";"0";"2";"1";"13";"1";""
"202400030096";"155728771";"B01";"1";"7";"0";"2";"1";"1";"1";""
"202400030097";"155728770";"B01";"1";"7";"0";"2";"3";"1";"1";""
"202400030097";"155728773";"A01";"2";"7";"0";"2";"3";"5";"1";""
"202400030098";"155728767";"A01";"1";"7";"0";"2";"0";"0";"0";""
"202400030098";"155728768";"B01";"1";"3";"0";"2";"0";"0";"0";""
"202400030098";"155728772";"C01";"1";"3";"16";"2";"7";"2";"0";""
"202400030099";"155728763";"C01";"1";"7";"0";"2";"3";"1";"1";""
"202400030099";"155728764";"A01";"2";"7";"0";"2";"1";"13";"1";""
"202400030099";"155728766";"B01";"1";"7";"0";"2";"8";"1";"2";""
"202400030100";"155728762";"A01";"0";"7";"5";"1";"2";"2";"0";""