"Num_Acc";"id_vehicule";"num_veh";"senc";"catv";"obs";"obsm";"choc";"manv";"motor";"occutc"
"202400030101";"155728761";"A01";"2";"7";"0";"2";"3";"15";"1";""
"202400030101";"155728765";"B01";"2";"34";"0";"2";"1";"1";"1";""
"202400030102";"155728760";"A01";"1";"7";"2";"0";"2";"0";"1";""
"202400030103";"155728758";"A01";"1";"31";"0";"0";"0";"2";"1";""
"202400030104";"155728756";"A01";"1";"7";"13";"0";"1";"1";"1";""
"202400030105";"155728755";"B01";"2";"33";"0";"2";"1";"17";"1";""
"202400030105";"155728757";"A01";"2";"7";"0";"2";"3";"15";"1";""
"202400030106";"155728753";"A01";"1";"2";"0";"0";"0";"16";"1";""
"202400030107";"155728751";"A01";"0";"7";"0";"2";"3";"16";"1";""
"202400030107";"155728752";"B01";"0";"32";"0";"2";"2";"17";"1";""
"202400030108";"155728749";"A01";"3";"7";"12";"2";"1";"11";"1";""
"202400030108";"155728750";"B01";"3";"7";"12";"2";"4";"1";"1";""
"202400030109";"155728748";"A01";"1";"7";"13";"0";"2";"1";"1";""
"202400030110";"155728745";"A01";"2";"7";"0";"2";"7";"15";"1";""
"202400030110";"155728747";"B01";"1";"33";"0";"2";"1";"1";"1";""
"202400030111";"155728746";"A01";"3";"7";"0";"1";"3";"13";"1";""
"202400030112";"155728743";"B01";"2";"14";"0";"9";"7";"16";"1";""
"202400030112";"155728744";"A01";"2";"1";"0";"2";"8";"2";"5";""
"202400030113";"155728742";"A01";"2";"7";"12";"0";"1";"1";"1";""
"202400030114";"155728740";"A01";"2";"10";"7";"2";"3";"1";"1";""
"202400030114";"155728741";"B01";"2";"7";"0";"2";"4";"23";"1";""
"202400030115";"155728738";"A01";"2";"7";"0";"0";"4";"15";"1";""
"202400030115";"155728739";"B01";"2";"7";"0";"2";"1";"1";"0";""
"202400030116";"155728737";"A01";"2";"33";"9";"0";"1";"1";"1";""
"202400030117";"155728736";"A01";"2";"10";"0";"1";"2";"2";"1";""
"202400030118";"155728735";"A01";"2";"31";"8";"0";"1";"14";"1";""
"202400030119";"155728734";"A01";"1";"10";"0";"1";"1";"1";"1";""
"202400030120";"155728732";"A01";"2";"7";"13";"0";"0";"2";"1";""
"202400030121";"155728730";"A01";"0";"7";"0";"0";"1";"1";"1";""
"202400030121";"155728733";"B01";"0";"7";"0";"2";"1";"18";"0";""
"202400030122";"155728729";"B01";"2";"7";"0";"2";"3";"15";"1";""
"202400030122";"155728731";"A01";"1";"7";"0";"2";"1";"17";"1";""
"202400030123";"155728727";"A01";"1";"50";"12";"0";"1";"0";"3";""
"202400030124";"155728726";"A01";"1";"7";"0";"2";"1";"1";"1";""
"202400030124";"155728728";"B01";"2";"1";"0";"2";"7";"1";"5";""
"202400030125";"155728724";"A01";"1";"7";"0";"2";"1";"2";"1";""
"202400030125";"155728725";"B01";"1";"7";"0";"2";"4";"2";"1";""
"202400030126";"155728722";"A01";"2";"7";"0";"2";"4";"1";"1";""
"202400030126";"155728723";"B01";"2";"33";"0";"2";"1";"1";"1";""
"202400030127";"155728719";"B01";"1";"7";"0";"2";"8";"1";"1";""
"202400030127";"155728720";"A01";"2";"33";"0";"2";"1";"17";"1";""
"202400030128";"155728718";"A01";"1";"7";"0";"0";"1";"1";"1";""
"202400030128";"155728721";"B01";"2";"7";"0";"2";"1";"1";"1";""
"202400030129";"155728716";"B01";"2";"7";"0";"2";"1";"1";"1";""
"202400030129";"155728717";"A01";"2";"7";"0";"2";"4";"1";"2";""
"202400030130";"155728713";"A01";"2";"7";"0";"2";"1";"13";"1";""
"202400030130";"155728715";"B01";"1";"7";"0";"2";"1";"1";"1";""
"202400030131";"155728711";"B01";"1";"33";"0";"2";"1";"1";"1";""
"202400030131";"155728714";"A01";"1";"7";"0";"2";"5";"15";"1";""
"202400030132";"155728710";"A01";"2";"7";"4";"2";"9";"2";"1";""
"202400030132";"155728712";"B01";"1";"7";"0";"2";"4";"1";"1";""
"202400030133";"155728706";"B01";"2";"38";"0";"2";"6";"23";"1";"1"
"202400030133";"155728708";"A01";"2";"7";"0";"2";"2";"13";"1";""
"202400030134";"155728704";"A01";"2";"10";"0";"2";"3";"15";"1";""
"202400030134";"155728709";"B01";"2";"1";"0";"2";"1";"1";"5";""
"202400030135";"155728705";"B01";"3";"15";"0";"2";"3";"1";"0";""
"202400030135";"155728707";"A01";"3";"10";"0";"2";"1";"13";"1";""
"202400030136";"155728700";"A01";"0";"31";"15";"0";"1";"0";"1";""
"202400030137";"155728698";"A01";"2";"33";"0";"2";"1";"17";"1";""
"202400030137";"155728701";"B01";"2";"10";"0";"2";"0";"0";"1";""
"202400030137";"155728703";"C01";"2";"10";"0";"2";"0";"0";"1";""
"202400030138";"155728699";"A01";"2";"7";"0";"2";"3";"1";"1";""
"202400030138";"155728702";"B01";"1";"7";"0";"2";"3";"17";"1";""
"202400030139";"155728696";"A01";"0";"34";"0";"0";"0";"1";"1";""
"202400030140";"155728695";"A01";"1";"7";"0";"2";"1";"14";"1";""
"202400030140";"155728697";"B01";"1";"7";"0";"2";"6";"1";"2";""
"202400030141";"155728693";"B01";"1";"17";"0";"2";"4";"2";"1";""
"202400030141";"155728694";"A01";"1";"7";"0";"2";"1";"2";"1";""
"202400030142";"155728690";"A01";"2";"33";"0";"2";"1";"2";"1";""
"202400030142";"155728691";"B01";"2";"7";"0";"2";"4";"2";"1";""
"202400030143";"155728689";"A01";"1";"7";"0";"2";"0";"1";"0";""
"202400030143";"155728692";"B01";"2";"1";"0";"2";"7";"19";"5";""
"202400030144";"155728687";"A01";"1";"7";"3";"0";"7";"2";"1";""
"202400030145";"155728688";"A01";"0";"7";"3";"0";"0";"13";"1";""
"202400030146";"155728682";"A01";"2";"7";"0";"2";"1";"2";"1";""
"202400030146";"155728683";"B01";"2";"7";"0";"2";"4";"2";"1";""
"202400030147";"155728685";"A01";"1";"1";"0";"2";"3";"11";"5";""
"202400030147";"155728686";"B01";"1";"37";"0";"2";"2";"2";"1";"1"
"202400030148";"155728681";"B01";"1";"7";"0";"2";"3";"11";"1";""
"202400030148";"155728684";"A01";"1";"7";"0";"2";"4";"1";"1";""
"202400030149";"155728676";"A01";"1";"50";"0";"2";"1";"2";"3";""
"202400030149";"155728678";"B01";"1";"7";"0";"2";"5";"23";"1";""
"202400030150";"155728674";"C01";"1";"7";"0";"2";"1";"2";"1";""
"202400030150";"155728675";"A01";"1";"7";"0";"2";"4";"2";"1";""
"202400030150";"155728680";"B01";"1";"7";"0";"2";"4";"2";"1";""
"202400030151";"155728673";"C01";"1";"7";"0";"2";"4";"1";"1";""
"202400030151";"155728677";"A01";"1";"7";"0";"2";"1";"1";"1";""
"202400030151";"155728679";"B01";"1";"7";"0";"2";"4";"1";"1";""
"202400030152";"155728671";"A01";"1";"7";"4";"0";"8";"2";"1";""
"202400030153";"155728670";"A01";"1";"7";"0";"2";"8";"10";"1";""
"202400030153";"155728672";"B01";"1";"7";"0";"2";"2";"1";"1";""
"202400030154";"155728666";"A01";"1";"10";"0";"2";"1";"2";"1";""
"202400030154";"155728667";"B01";"1";"7";"0";"2";"4";"23";"2";""
"202400030154";"155728669";"C01";"1";"7";"0";"2";"4";"23";"3";""
"202400030155";"155728663";"B01";"2";"7";"0";"2";"4";"1";"2";""
"202400030155";"155728665";"Z01";"1";"7";"0";"2";"0";"26";"1";""
"202400030156";"155728664";"A01";"2";"7";"0";"2";"1";"2";"1";""
"202400030156";"155728668";"B01";"2";"7";"0";"2";"4";"2";"2";""
"202400030157";"155728660";"A01";"1";"33";"16";"0";"7";"26";"1";""
"202400030158";"155728659";"B01";"2";"7";"0";"2";"4";"2";"1";""
"202400030158";"155728661";"C01";"2";"7";"0";"2";"2";"2";"1";""
"202400030158";"155728662";"A01";"2";"7";"0";"2";"1";"2";"1";""
"202400030159";"155728658";"A01";"2";"7";"0";"2";"1";"9";"1";""
"202400030160";"155728656";"B01";"1";"15";"0";"2";"1";"1";"1";""
"202400030160";"155728657";"A01";"2";"7";"0";"2";"1";"12";"2";""
"202400030161";"155728653";"A01";"2";"7";"0";"2";"2";"12";"2";""
"202400030161";"155728655";"B01";"2";"7";"0";"2";"6";"2";"1";""
"202400030162";"155728650";"A01";"1";"10";"0";"2";"1";"1";"1";""
"202400030162";"155728651";"B01";"1";"10";"0";"2";"4";"2";"1";""
"202400030163";"155728649";"A01";"2";"2";"0";"1";"0";"18";"1";""
"202400030163";"155728652";"B01";"2";"7";"0";"2";"3";"23";"1";""
"202400030163";"155728654";"C01";"2";"7";"0";"2";"4";"23";"1";""
"202400030164";"155728646";"B01";"2";"7";"0";"2";"4";"2";"1";""
"202400030164";"155728647";"C01";"2";"7";"0";"2";"4";"2";"1";""
"202400030164";"155728648";"A01";"2";"10";"0";"2";"1";"2";"1";""
"202400030165";"155728644";"B01";"2";"7";"0";"2";"4";"1";"6";""
"202400030165";"155728645";"A01";"2";"7";"0";"2";"1";"1";"1";""
"202400030166";"155728638";"A01";"2";"7";"0";"2";"3";"11";"1";""
"202400030166";"155728641";"B01";"2";"10";"0";"2";"5";"2";"1";""
"202400030167";"155728636";"B01";"2";"16";"3";"0";"6";"6";"1";""
"202400030167";"155728639";"A01";"2";"7";"0";"2";"1";"26";"1";""
"202400030167";"155728642";"C01";"2";"7";"1";"2";"6";"23";"1";""
"202400030167";"155728643";"D01";"2";"7";"3";"2";"1";"1";"1";""
"202400030168";"155728637";"A01";"1";"33";"0";"0";"0";"0";"1";""
"202400030168";"155728640";"B01";"1";"7";"0";"2";"3";"0";"1";""
"202400030169";"155728635";"A01";"1";"34";"0";"0";"2";"1";"1";""
"202400030170";"155728634";"A01";"3";"10";"0";"1";"7";"2";"1";""
"202400030171";"155728633";"A01";"3";"7";"0";"1";"1";"1";"1";""
"202400030172";"155728628";"A01";"2";"7";"0";"2";"1";"0";"1";""
"202400030172";"155728630";"B01";"1";"10";"0";"2";"1";"0";"1";""
"202400030173";"155728627";"C01";"1";"7";"0";"2";"4";"0";"1";""
"202400030173";"155728631";"A01";"1";"7";"0";"2";"1";"1";"1";""
"202400030173";"155728632";"B01";"1";"10";"0";"2";"4";"1";"1";""
"202400030174";"155728626";"A01";"3";"30";"0";"2";"1";"26";"1";""
"202400030174";"155728629";"B01";"3";"10";"0";"2";"4";"2";"1";""
"202400030175";"155728623";"A01";"2";"7";"0";"2";"1";"1";"2";""
"202400030175";"155728625";"B01";"1";"7";"0";"2";"3";"1";"1";""
"202400030176";"155728622";"A01";"1";"33";"0";"2";"8";"12";"1";""
"202400030176";"155728624";"B01";"1";"7";"0";"2";"4";"1";"1";""
"202400030177";"155728620";"B01";"1";"7";"0";"2";"5";"1";"1";""
"202400030177";"155728621";"A01";"1";"7";"0";"2";"3";"2";"1";""
"202400030178";"155728619";"A01";"1";"7";"12";"0";"1";"2";"1";""
"202400030179";"155728617";"B01";"2";"33";"0";"2";"1";"1";"1";""
"202400030179";"155728618";"A01";"2";"7";"0";"2";"6";"11";"1";""
"202400030180";"155728614";"A01";"1";"7";"0";"2";"6";"10";"1";""
"202400030180";"155728616";"B01";"1";"30";"0";"2";"1";"1";"1";""
"202400030181";"155728613";"A01";"2";"32";"0";"0";"2";"3";"1";""
"202400030182";"155728611";"A01";"3";"1";"0";"2";"7";"19";"5";""
"202400030182";"155728612";"B01";"3";"7";"0";"9";"3";"0";"1";""
"202400030183";"155728610";"A01";"1";"33";"3";"0";"8";"16";"1";""
"202400030184";"155728608";"A01";"1";"7";"0";"2";"1";"1";"1";""
"202400030184";"155728609";"B01";"1";"33";"0";"2";"0";"0";"1";""
"202400030185";"155728607";"Z01";"1";"7";"0";"1";"1";"26";"1";""
"202400030186";"155728600";"A01";"2";"7";"0";"2";"1";"2";"1";""
"202400030186";"155728602";"B01";"2";"7";"0";"2";"4";"2";"1";""
"202400030186";"155728605";"C01";"2";"13";"0";"2";"4";"2";"1";""
"202400030187";"155728599";"B01";"1";"7";"0";"2";"4";"1";"2";""
"202400030187";"155728603";"C01";"1";"7";"0";"2";"2";"21";"1";""
"202400030187";"155728606";"A01";"1";"7";"0";"2";"1";"13";"1";""
"202400030188";"155728598";"C01";"1";"7";"0";"2";"1";"1";"1";""
"202400030188";"155728601";"A01";"1";"7";"0";"2";"4";"1";"2";""
"202400030188";"155728604";"B01";"1";"7";"0";"2";"1";"1";"0";""
"202400030189";"155728597";"A01";"1";"30";"0";"0";"0";"0";"1";""
"202400030190";"155728592";"A01";"1";"7";"0";"1";"8";"1";"1";""
"202400030191";"155728593";"A01";"1";"30";"0";"2";"1";"3";"3";""
"202400030191";"155728595";"C01";"2";"7";"0";"2";"1";"19";"1";""
"202400030191";"155728596";"B01";"1";"2";"0";"2";"1";"3";"3";""
"202400030192";"155728590";"A01";"3";"7";"12";"0";"7";"15";"1";""
"202400030193";"155728586";"A01";"1";"7";"0";"2";"1";"13";"1";""
"202400030193";"155728588";"B01";"2";"31";"0";"0";"0";"0";"1";""
"202400030194";"155728587";"A01";"2";"7";"0";"2";"1";"2";"1";""
"202400030194";"155728589";"B01";"2";"7";"0";"2";"4";"2";"1";""
"202400030194";"155728591";"C01";"2";"7";"0";"2";"1";"2";"1";""
"202400030195";"155728584";"A01";"1";"7";"0";"2";"3";"13";"1";""
"202400030195";"155728585";"B01";"2";"10";"0";"2";"6";"1";"1";""
"202400030196";"155728583";"Z01";"1";"7";"0";"1";"0";"19";"0";""
"202400030197";"155728582";"A01";"2";"3";"0";"1";"1";"1";"1";""
"202400030198";"155728577";"B01";"2";"7";"0";"2";"3";"1";"1";""
"202400030198";"155728579";"A01";"2";"7";"0";"2";"1";"1";"1";""
"202400030199";"155728575";"D01";"1";"7";"0";"2";"4";"2";"1";""
"202400030199";"155728576";"E01";"1";"7";"0";"2";"4";"2";"1";""
"202400030199";"155728578";"A01";"1";"7";"0";"2";"1";"2";"1";""
"202400030199";"155728580";"B01";"1";"7";"0";"2";"4";"2";"1";""
"202400030199";"155728581";"C01";"1";"7";"0";"2";"4";"2";"1";""
"202400030200";"155728574";"A01";"3";"7";"0";"0";"0";"26";"1";""
"202400030201";"155728570";"A01";"3";"7";"0";"2";"5";"12";"1";""
"202400030201";"155728572";"B01";"3";"30";"0";"2";"8";"1";"1";""
"202400030202";"155728569";"Z01";"1";"0";"0";"2";"3";"16";"1";""
"202400030202";"155728571";"A01";"1";"30";"0";"2";"2";"12";"1";""
"202400030202";"155728573";"B01";"1";"7";"0";"2";"6";"9";"1";""
"202400030203";"155728568";"A01";"1";"7";"0";"1";"2";"16";"1";""
"202400030204";"155728566";"A01";"1";"7";"0";"2";"3";"19";"1";""
"202400030204";"155728567";"B01";"1";"2";"0";"2";"1";"21";"1";""
"202400030205";"155728564";"B01";"1";"7";"0";"2";"8";"16";"1";""
"202400030205";"155728565";"A01";"1";"32";"0";"2";"1";"2";"1";""
"202400030206";"155728561";"A01";"2";"7";"13";"0";"3";"0";"1";""
"202400030206";"155728563";"B01";"1";"7";"13";"0";"3";"0";"2";""
"202400030207";"155728560";"A01";"1";"7";"0";"2";"3";"13";"1";""
"202400030207";"155728562";"B01";"1";"33";"0";"2";"2";"1";"1";""
"202400030208";"155728556";"A01";"1";"7";"0";"2";"4";"4";"1";""
"202400030208";"155728558";"B01";"1";"1";"0";"2";"1";"1";"5";""
"202400030209";"155728557";"A01";"3";"7";"0";"2";"1";"2";"1";""
"202400030209";"155728559";"B01";"3";"7";"0";"0";"4";"1";"2";""
"202400030210";"155728555";"A01";"1";"3";"12";"0";"7";"13";"3";""
"202400030211";"155728550";"A01";"3";"32";"0";"2";"3";"7";"1";""
"202400030211";"155728551";"B01";"3";"7";"0";"2";"7";"16";"1";""
"202400030212";"155728552";"A01";"2";"10";"0";"2";"1";"9";"1";""
"202400030212";"155728553";"C01";"2";"10";"0";"0";"4";"2";"1";""
"202400030212";"155728554";"B01";"2";"7";"0";"2";"4";"2";"1";""
"202400030213";"155728547";"A01";"1";"7";"0";"2";"1";"1";"0";""
"202400030213";"155728549";"B01";"1";"7";"0";"2";"4";"1";"1";""
"202400030214";"155728546";"B01";"3";"10";"0";"2";"1";"0";"1";""
"202400030214";"155728548";"A01";"3";"7";"0";"2";"1";"13";"1";""
"202400030215";"155728544";"B01";"1";"2";"0";"2";"3";"1";"1";""
"202400030215";"155728545";"A01";"1";"7";"0";"2";"2";"17";"1";""
"202400030216";"155728543";"A01";"3";"33";"1";"0";"1";"26";"1";""
"202400030217";"155728540";"A01";"3";"7";"0";"2";"3";"1";"1";""
"202400030217";"155728542";"B01";"3";"50";"0";"2";"1";"1";"3";""
"202400030218";"155728539";"B01";"3";"7";"0";"1";"4";"16";"1";""
"202400030218";"155728541";"A01";"1";"37";"0";"2";"2";"1";"2";"1"
"202400030219";"155728537";"A01";"2";"38";"1";"0";"2";"16";"1";"1"
"202400030219";"155728538";"B01";"1";"15";"0";"0";"6";"0";"1";""
"202400030220";"155728536";"A01";"2";"7";"12";"0";"1";"26";"1";""
"202400030221";"155728534";"A01";"3";"7";"0";"1";"1";"1";"1";""
"202400030222";"155728533";"A01";"2";"7";"0";"2";"2";"15";"1";""
"202400030222";"155728535";"B01";"1";"33";"0";"2";"0";"0";"1";""
"202400030223";"155728531";"A01";"2";"7";"1";"0";"2";"0";"1";""
"202400030224";"155728530";"B01";"2";"7";"0";"2";"3";"1";"1";""
"202400030224";"155728532";"A01";"2";"7";"0";"2";"2";"1";"1";""
"202400030225";"155728528";"A01";"2";"1";"0";"2";"1";"17";"5";""
"202400030225";"155728529";"B01";"2";"7";"0";"2";"3";"15";"1";""
"202400030226";"155728526";"A01";"3";"7";"0";"2";"3";"5";"1";""
"202400030226";"155728527";"B01";"3";"7";"0";"2";"3";"1";"1";""
"202400030227";"155728524";"A01";"3";"7";"2";"0";"8";"13";"1";""
"202400030228";"155728523";"B01";"1";"32";"0";"2";"1";"1";"1";""
"202400030228";"155728525";"A01";"2";"7";"0";"2";"8";"15";"1";""
"202400030229";"155728522";"A01";"3";"7";"9";"0";"5";"0";"2";""
"202400030230";"155728521";"A01";"1";"31";"0";"0";"0";"26";"1";""
"202400030231";"155728519";"A01";"2";"7";"9";"0";"1";"1";"1";""
"202400030232";"155728518";"B01";"3";"7";"0";"2";"2";"11";"1";""
"202400030232";"155728520";"A01";"3";"32";"0";"2";"4";"17";"1";""
"202400030233";"155728517";"A01";"1";"10";"8";"1";"4";"26";"1";""
"202400030234";"155728514";"B01";"1";"33";"0";"2";"7";"1";"1";""
"202400030234";"155728515";"A01";"1";"10";"0";"2";"3";"9";"1";""
"202400030235";"155728513";"A01";"1";"7";"0";"2";"6";"19";"1";""
"202400030235";"155728516";"B01";"1";"7";"0";"2";"1";"1";"1";""
"202400030236";"155728511";"A01";"1";"7";"0";"2";"3";"15";"1";""
"202400030236";"155728512";"B01";"1";"37";"0";"2";"2";"1";"1";"2"
"202400030237";"155728510";"A01";"1";"31";"0";"0";"0";"14";"1";""
"202400030238";"155728508";"A01";"1";"33";"0";"0";"0";"26";"1";""
"202400030239";"155728507";"A01";"3";"7";"0";"2";"2";"26";"1";""
"202400030239";"155728509";"B01";"3";"7";"0";"2";"3";"26";"1";""
"202400030240";"155728504";"B01";"3";"7";"0";"2";"6";"4";"1";""
"202400030240";"155728506";"A01";"2";"7";"0";"2";"3";"16";"1";""
"202400030241";"155728503";"A01";"3";"10";"0";"2";"1";"15";"1";""
"202400030241";"155728505";"B01";"3";"7";"0";"2";"1";"1";"1";""
"202400030242";"155728501";"A01";"2";"10";"0";"2";"0";"9";" -1";""
"202400030242";"155728502";"B01";"2";"1";"0";"2";"0";"1";"5";""
"202400030243";"155728499";"A01";"3";"30";"0";"2";"4";"1";"1";""
"202400030243";"155728500";"X01";"3";"7";"0";"0";"1";"0";"1";""
"202400030244";"155728498";"A01";"3";"1";"0";"1";"1";"1";"5";""
"202400030245";"155728497";"A01";"2";"7";"0";"1";"3";"1";"1";""
"202400030246";"155728496";"A01";"3";"33";"10";"0";"1";"1";"1";""
"202400030247";"155728495";"A01";"1";"7";"0";"1";"1";"1";"1";""
"202400030248";"155728491";"B01";"1";"14";"0";"2";"4";"1";"1";""
"202400030248";"155728493";"C01";"1";"14";"0";"2";"1";"1";"1";""
"202400030248";"155728494";"A01";"1";"14";"0";"2";"1";"1";"1";""
"202400030249";"155728490";"B01";"3";"1";"0";"2";"3";"16";"5";""
"202400030249";"155728492";"A01";"3";"10";"0";"2";"5";"15";"1";""
"202400030250";"155728487";"A01";"1";"33";"0";"2";"1";"17";"1";""
"202400030250";"155728489";"B01";"1";"7";"0";"2";"6";"15";"1";""
"202400030251";"155728486";"A01";"1";"7";"0";"2";"1";"9";"1";""
"202400030251";"155728488";"B01";"2";"99";"0";"2";"5";"1";"3";""
"202400030252";"155728484";"A01";"3";"33";"0";"2";"5";"17";"1";""
"202400030252";"155728485";"B01";"3";"7";"0";"2";"3";"15";"2";""
"202400030253";"155728481";"A01";"1";"7";"0";"2";"6";"13";"1";""
"202400030253";"155728483";"B01";"2";"7";"0";"2";"3";"1";"1";""
"202400030254";"155728480";"A01";"1";"7";"0";"2";"1";"15";"2";""
"202400030254";"155728482";"B01";"2";"33";"0";"2";"8";"2";"1";""
"202400030255";"155728479";"A01";"2";"7";"0";"1";"1";"1";"1";""
"202400030256";"155728478";"A01";"1";"7";"2";"0";"2";"14";"1";""
"202400030257";"155728476";"Z01";"2";"50";"0";"1";"0";"1";"3";""
"202400030258";"155728475";"B01";"1";"10";"0";"2";"3";"11";"1";""
"202400030258";"155728477";"A01";"1";"7";"0";"2";"2";"1";"1";""
"202400030259";"155728474";"A01";"3";"80";"0";"0";"0";"1";"3";""
"202400030260";"155728472";"A01";"3";"50";"0";"0";"1";"1";"3";""
"202400030261";"155728471";"B01";"3";"1";"0";"2";"7";"0";"5";""
"202400030261";"155728473";"A01";"3";"7";"0";"2";"1";"9";"1";""
"202400030262";"155728470";"A01";"2";"7";"13";"0";"0";"1";"1";""
"202400030263";"155728469";"A01";"2";"33";"0";"0";"2";"21";"1";""
"202400030264";"155728466";"A01";"2";"7";"0";"2";"7";"15";"1";""
"202400030264";"155728468";"B01";"1";"1";"0";"2";"2";"1";"5";""
"202400030265";"155728465";"B01";"1";"33";"0";"0";"0";"0";"1";""
"202400030265";"155728467";"A01";"3";"0";"0";"2";"0";"0";"0";""
"202400030266";"155728463";"A01";"2";"7";"3";"0";"1";"12";"1";""
"202400030267";"155728462";"A01";"2";"10";"0";"2";"1";"1";"1";""
"202400030267";"155728464";"B01";"2";"7";"8";"0";"5";"1";"1";""
"202400030268";"155728460";"A01";"1";"7";"6";"0";"1";"26";"1";""
"202400030269";"155728459";"B01";"2";"13";"0";"0";"0";"0";"1";""
"202400030269";"155728461";"A01";"1";"41";"0";"2";"1";"13";"1";""
"202400030270";"155728456";"B01";"2";"7";"0";"2";"1";"1";"1";""
"202400030270";"155728458";"A01";"2";"7";"0";"2";"9";"1";"1";""
"202400030271";"155728455";"A01";"2";"7";"0";"2";"8";"19";"1";""
"202400030271";"155728457";"B01";"2";"50";"0";"2";"1";"1";"3";""
"202400030272";"155728454";"A01";"3";"7";"0";"1";"1";"15";"1";""
"202400030273";"155728453";"A01";"1";"7";"0";"0";"1";"1";"1";""
"202400030274";"155728451";"A01";"1";"7";"0";"2";"1";"2";"1";""
"202400030274";"155728452";"B01";"1";"7";"0";"2";"4";"1";"1";""
"202400030275";"155728448";"B01";"1";"7";"0";"2";"4";"2";"1";""
"202400030275";"155728449";"C01";"1";"7";"0";"0";"4";"2";"1";""
"202400030275";"155728450";"A01";"1";"7";"0";"2";"1";"2";"2";""
"202400030276";"155728447";"A01";"1";"7";"2";"0";"8";"16";"1";""
"202400030277";"155728445";"A01";"1";"7";"0";"2";"2";"15";"1";""
"202400030277";"155728446";"B01";"2";"33";"0";"2";"1";"1";"1";""
"202400030278";"155728443";"A01";"1";"7";"0";"2";"8";"15";"1";""
"202400030278";"155728444";"B01";"1";"33";"0";"2";"1";"1";"1";""
"202400030279";"155728440";"B01";"1";"2";"0";"2";"3";"15";"1";""
"202400030279";"155728442";"A01";"1";"32";"0";"2";"1";"1";"1";""
"202400030280";"155728435";"B01";"3";"37";"0";"2";"2";"1";"6";"3"
"202400030280";"155728438";"A01";"0";"7";"0";"2";"1";"19";"3";""
"202400030281";"155728433";"A01";"2";"7";"0";"2";"2";"15";"1";""
"202400030281";"155728434";"B01";"1";"33";"0";"2";"1";"1";"1";""
"202400030282";"155728431";"A01";"3";"10";"0";"2";"3";"15";"1";""
"202400030282";"155728432";"B01";"3";"7";"0";"2";"3";"1";"1";""
"202400030283";"155728429";"A01";"3";"10";"14";"2";"7";"21";"1";""
"202400030283";"155728430";"B01";"3";"7";"0";"0";"6";"23";"1";""
"202400030284";"155728428";"A01";"2";"7";"0";"1";"1";"26";"1";""
"202400030285";"155728427";"A01";"1";"32";"14";"0";"1";"1";"1";""
"202400030286";"155728424";"B01";"1";"7";"0";"2";"3";"0";"0";""
"202400030286";"155728426";"A01";"2";"31";"0";"2";"0";"1";"0";""
"202400030287";"155728423";"A01";"1";"7";"0";"2";"1";"15";"1";""
"202400030287";"155728425";"B01";"2";"33";"0";"2";"8";"1";"1";""
"202400030288";"155728419";"A01";"1";"10";"0";"2";"3";"9";"1";""
"202400030288";"155728421";"B01";"1";"10";"0";"2";"2";"1";"1";""
"202400030289";"155728417";"B01";"1";"7";"0";"2";"4";"2";"1";""
"202400030289";"155728418";"C01";"1";"7";"0";"2";"4";"2";"2";""
"202400030289";"155728420";"D01";"1";"7";"0";"2";"4";"2";"2";""
"202400030289";"155728422";"A01";"1";"7";"0";"2";"1";"2";"1";""
"202400030290";"155728415";"A01";"2";"33";"0";"2";"1";"3";"1";""
"202400030290";"155728416";"B01";"2";"7";"0";"2";"5";"12";"1";""
"202400030291";"155728412";"A01";"2";"50";"0";"2";"7";"25";"3";""
"202400030291";"155728414";"B01";"1";"7";"0";"2";"1";"20";"1";""
"202400030292";"155728411";"A01";"1";"7";"0";"2";"3";"9";"1";""
"202400030292";"155728413";"B01";"2";"37";"0";"2";"2";"1";"1";"1"
"202400030293";"155728409";"Z01";"1";"7";"0";"1";"3";"1";"1";""
"202400030294";"155728408";"B01";"1";"50";"0";"2";"1";"21";"3";""
"202400030294";"155728410";"A01";"2";"2";"0";"2";"3";"16";"1";""
"202400030295";"155728407";"A01";"2";"1";"12";"0";"7";"1";"5";""
"202400030296";"155728405";"A01";"1";"50";"0";"2";"1";"1";"3";""
"202400030296";"155728406";"B01";"1";"7";"0";"2";"7";"16";"1";""
"202400030297";"155728404";"A01";"2";"1";"0";"1";"3";"1";"5";""
"202400030298";"155728403";"Z01";"1";"1";"0";"1";"8";"5";"5";""
"202400030299";"155728402";"A01";"3";"10";"0";"1";"4";"26";"1";""
"202400030300";"155728401";"A01";"2";"50";"0";"1";"1";"25";"3";""
"202400030301";"155728399";"A01";"1";"43";"0";"2";"3";"1";"1";""
"202400030301";"155728400";"B01";"2";"7";"0";"2";"3";"15";"2";""
"202400030302";"155728398";"Z01";"1";"43";"0";"1";"0";"26";"1";""
"202400030303";"155728396";"A01";"2";"7";"0";"2";"2";"1";"1";""
"202400030303";"155728397";"B01";"2";"32";"8";"0";"4";"1";"1";""
"202400030304";"155728394";"B01";"2";"1";"0";"2";"8";"1";"5";""
"202400030304";"155728395";"A01";"2";"7";"0";"2";"0";"0";"0";""
"202400030305";"155728392";"A01";"1";"10";"0";"2";"4";"0";"1";""
"202400030305";"155728393";"B01";"1";"10";"0";"2";"4";"0";"1";""
"202400030306";"155728390";"A01";"2";"34";"0";"2";"1";"23";"1";""
"202400030306";"155728391";"B01";"2";"1";"0";"2";"7";"26";"5";""
"202400030307";"155728388";"B01";"2";"80";"0";"2";"3";"1";"3";""