"Num_Acc";"id_vehicule";"num_veh";"senc";"catv";"obs";"obsm";"choc";"manv";"motor";"occutc"
"202400030307";"155728389";"A01";"2";"14";"0";"2";"2";"16";"1";""
"202400030308";"155728387";"A01";"2";"7";"0";"1";"1";"1";"3";""
"202400030309";"155728386";"A01";"1";"1";"0";"1";"1";"1";"5";""
"202400030310";"155728383";"A01";"1";"33";"0";"2";"2";"17";"1";""
"202400030310";"155728384";"B01";"1";"31";"0";"2";"3";"18";"1";""
"202400030311";"155728381";"B01";"1";"7";"0";"2";"2";"1";"1";""
"202400030311";"155728382";"A01";"1";"10";"0";"2";"3";"17";"1";""
"202400030312";"155728378";"B01";"1";"31";"0";"2";"1";"16";"1";""
"202400030312";"155728380";"A01";"2";"7";"0";"2";"2";"15";"1";""
"202400030313";"155728377";"A01";"3";"10";"0";"2";"2";"12";"1";""
"202400030313";"155728379";"B01";"3";"10";"0";"2";"0";"0";"0";""
"202400030314";"155728375";"A01";"1";"1";"0";"2";"7";"16";"5";""
"202400030314";"155728376";"B01";"1";"1";"0";"2";"1";"1";"5";""
"202400030315";"155728373";"A01";"3";"7";"0";"2";"2";"19";"1";""
"202400030315";"155728374";"B01";"3";"7";"0";"2";"1";"1";"1";""
"202400030316";"155728372";"A01";"1";"33";"16";"0";"1";"1";"1";""
"202400030317";"155728368";"A01";"3";"7";"0";"2";"3";"15";"1";""
"202400030317";"155728370";"B01";"3";"32";"0";"2";"7";"23";"1";""
"202400030317";"155728371";"C01";"3";"7";"0";"2";"1";"23";"1";""
"202400030318";"155728367";"A01";"3";"7";"0";"2";"7";"1";"1";""
"202400030318";"155728369";"B01";"3";"30";"0";"2";"1";"1";"0";""
"202400030319";"155728366";"A01";"2";"7";"8";"0";"1";"9";"1";""
"202400030320";"155728364";"B01";"1";"7";"0";"2";"4";"1";"1";""
"202400030320";"155728365";"A01";"1";"7";"0";"2";"1";"1";"2";""
"202400030321";"155728363";"A01";"1";"7";"0";"0";"2";"16";"1";""
"202400030322";"155728360";"B01";"3";"7";"0";"2";"2";"1";"1";""
"202400030322";"155728362";"A01";"3";"31";"0";"2";"1";"1";"0";""
"202400030323";"155728358";"B01";"1";"7";"0";"2";"6";"24";"1";""
"202400030323";"155728359";"A01";"3";"7";"1";"0";"2";"0";"1";""
"202400030324";"155728357";"A01";"1";"37";"0";"1";"2";"16";"1";"1"
"202400030325";"155728354";"A01";"1";"7";"0";"9";"2";"2";"1";""
"202400030325";"155728356";"B01";"2";"1";"0";"2";"4";"2";"5";""
"202400030326";"155728353";"B01";"1";"99";"0";"9";"1";"0";"3";""
"202400030326";"155728355";"A01";"1";"1";"0";"9";"1";"26";"5";""
"202400030327";"155728350";"A01";"1";"7";"0";"2";"1";"1";"3";""
"202400030327";"155728352";"B01";"1";"10";"0";"2";"8";"1";"1";""
"202400030328";"155728349";"B01";"1";"1";"0";"2";"8";"1";"5";""
"202400030328";"155728351";"A01";"2";"7";"0";"2";"2";"19";"1";""
"202400030329";"155728348";"A01";"2";"32";"8";"0";"2";"15";"1";""
"202400030330";"155728347";"B01";"1";"80";"0";"1";"1";"1";"3";""
"202400030331";"155728346";"A01";"2";"1";"0";"0";"0";"1";"5";""
"202400030332";"155728345";"A01";"0";"7";"9";"2";"9";"1";"1";""
"202400030333";"155728343";"A01";"2";"7";"0";"0";"0";"5";"0";""
"202400030333";"155728344";"B01";"1";"33";"13";"0";"7";"21";"1";""
"202400030334";"155728342";"A01";"2";"7";"1";"0";"2";"1";"3";""
"202400030335";"155728339";"A01";"3";"33";"0";"2";"1";"9";"1";""
"202400030335";"155728340";"B01";"0";"7";"0";"2";"4";"9";"2";""
"202400030336";"155728337";"A01";"1";"7";"0";"0";"4";"23";"1";""
"202400030336";"155728338";"B01";"2";"10";"0";"2";"1";"1";"1";""
"202400030337";"155728334";"A01";"1";"7";"0";"9";"0";"16";"0";""
"202400030337";"155728336";"B01";"3";"1";"0";"2";"1";"1";"5";""
"202400030338";"155728332";"B01";"2";"7";"4";"2";"4";"23";"1";""
"202400030338";"155728333";"C01";"2";"7";"0";"0";"4";"23";"1";""
"202400030338";"155728335";"A01";"2";"10";"0";"2";"1";"1";"1";""
"202400030339";"155728331";"A01";"3";"10";"0";"1";"1";"1";"1";""
"202400030340";"155728330";"A01";"2";"7";"2";"0";"0";"1";"1";""
"202400030341";"155728328";"A01";"2";"33";"13";"0";"0";"14";"1";""
"202400030342";"155728325";"A01";"2";"7";"1";"0";"1";"0";"1";""
"202400030343";"155728326";"A01";"1";"7";"0";"2";"1";"26";"1";""
"202400030343";"155728327";"B01";"1";"7";"0";"2";"1";"26";"1";""
"202400030343";"155728329";"C01";"1";"7";"1";"0";"4";"26";"0";""
"202400030344";"155728321";"A01";"1";"33";"0";"2";"1";"17";"1";""
"202400030344";"155728324";"B01";"2";"7";"0";"2";"1";"1";"2";""
"202400030345";"155728322";"B01";"2";"7";"0";"2";"4";"2";"1";""
"202400030345";"155728323";"Z01";"1";"0";"0";"2";"1";"2";"0";""
"202400030346";"155728320";"A01";"2";"7";"13";"0";"1";"19";"6";""
"202400030347";"155728319";"A01";"1";"7";"0";"1";"4";"26";"1";""
"202400030348";"155728317";"A01";"2";"7";"7";"2";"2";"9";"1";""
"202400030348";"155728318";"B01";"2";"7";"7";"2";"3";"1";"1";""
"202400030349";"155728316";"A01";"1";"10";"13";"0";"2";"1";"1";""
"202400030350";"155728314";"A01";"2";"7";"0";"2";"1";"17";"1";""
"202400030350";"155728315";"B01";"1";"7";"0";"2";"1";"1";"1";""
"202400030351";"155728312";"B01";"1";"7";"6";"2";"7";"21";"1";""
"202400030351";"155728313";"A01";"1";"7";"6";"2";"1";"17";"1";""
"202400030352";"155728311";"A01";"1";"7";"8";"0";"2";"15";"1";""
"202400030353";"155728309";"A01";"1";"33";"13";"0";"1";"1";"1";""
"202400030354";"155728308";"A01";"2";"7";"0";"2";"3";"15";"1";""
"202400030354";"155728310";"B01";"2";"31";"0";"2";"2";"1";"0";""
"202400030355";"155728305";"A01";"1";"31";"0";"2";"1";"2";"0";""
"202400030355";"155728307";"B01";"1";"7";"0";"0";"6";"2";"1";""
"202400030356";"155728304";"A01";"2";"7";"0";"1";"3";"1";"1";""
"202400030357";"155728303";"A01";"2";"7";"0";"2";"3";"15";"1";""
"202400030357";"155728306";"B01";"1";"7";"0";"2";"3";"1";"1";""
"202400030358";"155728300";"A01";"2";"10";"0";"2";"3";"14";"1";""
"202400030358";"155728302";"B01";"1";"7";"0";"2";"3";"13";"1";""
"202400030359";"155728299";"A01";"1";"7";"6";"0";"2";"1";"1";""
"202400030360";"155728298";"A01";"1";"7";"0";"1";"1";"1";"1";""
"202400030361";"155728297";"A01";"1";"7";"7";"0";"2";"1";"1";""
"202400030362";"155728296";"A01";"1";"33";"7";"0";"1";"1";"1";""
"202400030363";"155728291";"A01";"2";"7";"0";"2";"8";"10";"2";""
"202400030363";"155728292";"C01";"2";"43";"0";"2";"1";"1";"1";""
"202400030363";"155728293";"B01";"2";"33";"0";"2";"1";"1";"1";""
"202400030364";"155728290";"A01";"1";"7";"8";"0";"9";"13";"1";""
"202400030365";"155728287";"C01";"1";"7";"0";"2";"7";"1";"1";""
"202400030365";"155728288";"B01";"2";"33";"0";"2";"8";"1";"1";""
"202400030365";"155728289";"A01";"1";"7";"6";"2";"3";"5";"1";""
"202400030366";"155728285";"A01";"1";"7";"0";"2";"8";"1";"1";""
"202400030366";"155728286";"B01";"1";"10";"0";"2";"1";"1";"1";""
"202400030367";"155728284";"A01";"1";"7";"0";"1";"3";"1";"1";""
"202400030368";"155728282";"A01";"1";"7";"0";"2";"1";"9";"1";""
"202400030368";"155728283";"B01";"1";"2";"0";"2";"7";"1";"1";""
"202400030369";"155728280";"A01";"2";"7";"0";"2";"3";"13";"1";""
"202400030369";"155728281";"B01";"1";"15";"0";"2";"3";"1";"1";""
"202400030370";"155728279";"A01";"1";"7";"2";"0";"1";"1";"1";""
"202400030371";"155728277";"B01";"1";"7";"0";"2";"1";"1";"1";""
"202400030371";"155728278";"A01";"3";"7";"0";"2";"7";"1";"1";""
"202400030372";"155728275";"B01";"2";"7";"0";"0";"2";"1";"1";""
"202400030372";"155728276";"A01";"2";"7";"0";"2";"1";"19";"1";""
"202400030373";"155728274";"A01";"0";"1";"12";"0";"0";"1";"5";""
"202400030374";"155728273";"A01";"1";"7";"8";"0";"2";"1";"1";""
"202400030375";"155728271";"B01";"2";"33";"0";"0";"2";"17";"1";""
"202400030375";"155728272";"A01";"2";"7";"0";"2";"6";"15";"1";""
"202400030376";"155728269";"A01";"1";"7";"0";"2";"2";"1";"1";""
"202400030376";"155728270";"B01";"1";"7";"0";"2";"1";"26";"1";""
"202400030377";"155728268";"A01";"1";"7";"3";"0";"1";"0";"1";""
"202400030378";"155728267";"A01";"1";"7";"0";"1";"3";"1";"1";""
"202400030379";"155728264";"A01";"1";"7";"0";"2";"4";"1";"1";""
"202400030379";"155728265";"B01";"1";"7";"0";"2";"1";"2";"1";""
"202400030379";"155728266";"C01";"1";"7";"0";"2";"2";"2";"1";""
"202400030380";"155728262";"A01";"1";"7";"6";"2";"2";"12";"1";""
"202400030380";"155728263";"B01";"1";"7";"6";"2";"6";"1";"3";""
"202400030381";"155728261";"A01";"1";"7";"4";"0";"1";"26";"1";""
"202400030382";"155728260";"A01";"2";"7";"4";"0";"1";"1";"1";""
"202400030383";"155728258";"A01";"2";"7";"0";"2";"1";"2";"1";""
"202400030383";"155728259";"B01";"2";"7";"0";"2";"4";"1";"1";""
"202400030384";"155728255";"A01";"2";"7";"4";"2";"1";"1";"3";""
"202400030384";"155728256";"B01";"2";"7";"0";"2";"4";"1";"0";""
"202400030384";"155728257";"C01";"2";"7";"0";"2";"1";"1";"1";""
"202400030385";"155728254";"A01";"1";"31";"14";"0";"1";"26";"1";""
"202400030386";"155728252";"A01";"2";"7";"0";"0";"1";"1";"1";""
"202400030386";"155728253";"B01";"2";"10";"0";"0";"4";"1";"1";""
"202400030387";"155728249";"C01";"2";"7";"0";"2";"2";"1";"1";""
"202400030387";"155728250";"A01";"2";"7";"0";"2";"3";"11";"2";""
"202400030387";"155728251";"B01";"2";"10";"0";"2";"5";"1";"1";""
"202400030388";"155728248";"A01";"2";"7";"4";"0";"1";"17";"1";""
"202400030389";"155728246";"A01";"2";"33";"0";"2";"1";"5";"1";""
"202400030389";"155728247";"B01";"1";"33";"0";"2";"1";"1";"1";""
"202400030390";"155728245";"A01";"1";"33";"8";"0";"8";"15";"1";""
"202400030391";"155728244";"A01";"2";"21";"0";"0";"0";"1";"1";""
"202400030392";"155728241";"A01";"1";"33";"0";"2";"8";"1";"1";""
"202400030392";"155728242";"B01";"2";"7";"0";"2";"3";"1";"1";""
"202400030392";"155728243";"C01";"1";"33";"0";"2";"1";"13";"1";""
"202400030393";"155728239";"B01";"1";"33";"0";"0";"3";"1";"1";""
"202400030393";"155728240";"A01";"2";"7";"0";"2";"1";"15";"1";""
"202400030394";"155728235";"A01";"3";"7";"0";"2";"1";"2";"1";""
"202400030394";"155728236";"B01";"3";"7";"0";"2";"4";"1";"1";""
"202400030394";"155728237";"C01";"3";"7";"0";"2";"4";"2";"1";""
"202400030394";"155728238";"D01";"3";"7";"0";"2";"4";"2";"1";""
"202400030395";"155728234";"A01";"3";"10";"0";"1";"4";"4";"1";""
"202400030396";"155728232";"A01";"1";"2";"0";"2";"1";"5";"1";""
"202400030396";"155728233";"B01";"2";"10";"0";"2";"3";"1";"3";""
"202400030397";"155728230";"A01";"3";"7";"0";"9";"1";"16";"1";""
"202400030397";"155728231";"B01";"3";"80";"0";"2";"4";"1";"3";""
"202400030398";"155728228";"A01";"3";"7";"0";"2";"3";"11";"1";""
"202400030398";"155728229";"B01";"3";"33";"0";"2";"2";"17";"1";""
"202400030399";"155728226";"A01";"1";"7";"0";"2";"3";"13";"1";""
"202400030399";"155728227";"B01";"2";"7";"0";"2";"3";"1";"1";""
"202400030400";"155728224";"A01";"2";"10";"15";"0";"8";"19";"1";""
"202400030400";"155728225";"B01";"1";"7";"0";"0";"0";"0";"1";""
"202400030401";"155728223";"A01";"3";"80";"0";"0";"0";"0";"3";""
"202400030402";"155728221";"A01";"2";"7";"0";"2";"7";"16";"1";""
"202400030402";"155728222";"B01";"2";"33";"6";"2";"8";"18";"1";""
"202400030403";"155728219";"A01";"2";"7";"0";"9";"1";"3";"1";""
"202400030403";"155728220";"B01";"3";"1";"0";"2";"7";"3";"5";""
"202400030404";"155728218";"A01";"1";"7";"13";"0";"3";"13";"1";""
"202400030405";"155728217";"A01";"2";"30";"0";"1";"1";"17";"1";""
"202400030406";"155728216";"A01";"1";"7";"0";"1";"2";"1";"1";""
"202400030407";"155728214";"A01";"0";"33";"0";"2";"1";"19";"1";""
"202400030407";"155728215";"B01";"0";"7";"0";"2";"1";"26";"1";""
"202400030408";"155728210";"B01";"1";"7";"0";"2";"3";"1";"1";""
"202400030408";"155728211";"C01";"1";"7";"0";"2";"3";"1";"2";""
"202400030408";"155728212";"D01";"1";"7";"0";"2";"3";"1";"1";""
"202400030408";"155728213";"A01";"2";"33";"0";"2";"8";"1";"1";""
"202400030409";"155728208";"A01";"2";"7";"0";"9";"5";"15";"1";""
"202400030409";"155728209";"B01";"2";"1";"0";"2";"1";"1";"5";""
"202400030410";"155728206";"A01";"1";"7";"0";"2";"2";"14";"2";""
"202400030410";"155728207";"B01";"1";"7";"3";"0";"6";"2";"1";""
"202400030411";"155728204";"A01";"2";"7";"0";"2";"1";"1";"2";""
"202400030411";"155728205";"B01";"1";"7";"0";"2";"1";"5";"1";""
"202400030412";"155728203";"A01";"3";"7";"16";"0";"9";"1";"1";""
"202400030413";"155728201";"A01";"1";"33";"0";"2";"8";"1";"1";""
"202400030413";"155728202";"B01";"2";"14";"0";"2";"6";"1";"1";""
"202400030414";"155728199";"A01";"3";"7";"0";"2";"6";"0";"1";""
"202400030414";"155728200";"B01";"0";"50";"0";"2";"1";"0";"3";""
"202400030415";"155728198";"A01";"1";"7";"2";"0";"8";"1";"3";""
"202400030416";"155728196";"A01";"1";"7";"0";"0";"3";"14";"1";""
"202400030416";"155728197";"B01";"2";"2";"0";"2";"1";"13";"1";""
"202400030417";"155728195";"A01";"3";"21";"0";"0";"9";"0";"1";""
"202400030418";"155728193";"A01";"1";"7";"0";"2";"1";"16";"1";""
"202400030418";"155728194";"B01";"1";"50";"0";"2";"4";"16";"3";""
"202400030419";"155728191";"B01";"2";"10";"0";"2";"4";"0";"1";""
"202400030419";"155728192";"A01";"2";"10";"0";"2";"1";"0";"1";""
"202400030420";"155728190";"A01";"2";"7";"0";"1";"3";"1";"1";""
"202400030421";"155728188";"A01";"2";"7";"0";"9";"2";"0";"1";""
"202400030421";"155728189";"B01";"1";"50";"0";"2";"7";"0";"3";""
"202400030422";"155728186";"A01";"1";"7";"0";"2";"7";"15";"1";""
"202400030422";"155728187";"B01";"2";"2";"0";"2";"1";"1";"1";""
"202400030423";"155728184";"A01";"1";"7";"0";"2";"1";"15";"0";""
"202400030423";"155728185";"B01";"1";"50";"0";"2";"0";"0";"3";""
"202400030424";"155728183";"A01";"1";"7";"0";"1";"4";"4";"1";""
"202400030425";"155728182";"A01";"1";"7";"0";"0";"0";"1";"1";""
"202400030426";"155728180";"A01";"2";"10";"0";"2";"1";"15";"1";""
"202400030426";"155728181";"B01";"1";"2";"0";"2";"1";"1";"1";""
"202400030427";"155728179";"A01";"3";"7";"0";"1";"1";"16";"1";""
"202400030428";"155728177";"B01";"3";"2";"0";"2";"8";"1";"1";""
"202400030428";"155728178";"A01";"3";"7";"0";"2";"2";"12";"0";""
"202400030429";"155728175";"A01";"1";"7";"0";"2";"1";"2";"1";""
"202400030429";"155728176";"B01";"1";"31";"0";"2";"4";"1";"1";""
"202400030430";"155728173";"A01";"1";"7";"0";"2";"2";"15";"1";""
"202400030430";"155728174";"B01";"2";"31";"0";"2";"1";"1";"1";""
"202400030431";"155728171";"A01";"3";"7";"0";"2";"4";"23";"1";""
"202400030431";"155728172";"B01";"3";"1";"0";"2";"1";"15";"5";""
"202400030432";"155728167";"B01";"1";"7";"0";"2";"2";"2";"0";""
"202400030432";"155728168";"A01";"3";"7";"0";"2";"1";"2";"0";""
"202400030433";"155728166";"A01";"2";"43";"8";"0";"2";"1";"1";""
"202400030434";"155728165";"A01";"1";"7";"0";"1";"2";"1";"1";""
"202400030435";"155728163";"A01";"1";"50";"0";"2";"1";"5";"3";""
"202400030435";"155728164";"B01";"2";"10";"0";"9";"2";"23";"1";""
"202400030436";"155728162";"A01";"2";"7";"14";"0";"1";"26";"1";""
"202400030437";"155728160";"A01";"1";"7";"0";"2";"3";"15";"1";""
"202400030437";"155728161";"B01";"2";"30";"0";"2";"1";"1";"1";""
"202400030438";"155728158";"A01";"1";"7";"0";"2";"1";"2";"1";""
"202400030438";"155728159";"B01";"1";"7";"0";"2";"4";"2";"1";""
"202400030439";"155728156";"A01";"2";"80";"0";"2";"1";"2";"3";""
"202400030439";"155728157";"B01";"2";"7";"0";"2";"4";"23";"1";""
"202400030440";"155728153";"B01";"1";"7";"0";"2";"4";"2";"1";""
"202400030440";"155728154";"C01";"1";"7";"0";"2";"4";"2";"1";""
"202400030440";"155728155";"A01";"1";"7";"0";"2";"1";"2";"1";""
"202400030441";"155728152";"A01";"2";"3";"8";"0";"1";"1";"1";""
"202400030442";"155728151";"A01";"1";"7";"0";"1";"2";"1";"2";""
"202400030443";"155728149";"A01";"1";"7";"1";"0";"1";"14";"1";""
"202400030444";"155728147";"B01";"1";"1";"0";"2";"1";"1";"5";""
"202400030444";"155728148";"A01";"2";"30";"0";"2";"1";"14";"1";""
"202400030445";"155728145";"A01";"1";"1";"0";"2";"1";"19";"5";""
"202400030445";"155728146";"B01";"2";"7";"0";"2";"1";"26";"1";""
"202400030446";"155728143";"A01";"1";"1";"0";"2";"1";"2";"5";""
"202400030446";"155728144";"B01";"1";"1";"0";"2";"4";"1";"5";""
"202400030447";"155728141";"B01";"3";"7";"0";"2";"4";"1";"1";""
"202400030447";"155728142";"A01";"3";"7";"0";"2";"1";"1";"1";""
"202400030448";"155728139";"B01";"2";"7";"0";"2";"1";"1";"6";""
"202400030448";"155728140";"A01";"1";"7";"14";"0";"1";"13";"1";""
"202400030449";"155728138";"A01";"3";"7";"0";"1";"3";"16";"2";""
"202400030450";"155728136";"B01";"2";"7";"0";"2";"8";"1";"1";""
"202400030450";"155728137";"A01";"1";"7";"0";"2";"0";"1";"1";""
"202400030451";"155728134";"A01";"0";"1";"0";"2";"0";"19";"5";""
"202400030451";"155728135";"B01";"2";"50";"0";"2";"0";"1";"3";""
"202400030452";"155728132";"B01";"2";"7";"0";"2";"1";"1";"1";""
"202400030452";"155728133";"A01";"1";"30";"0";"2";"1";"15";"1";""
"202400030453";"155728129";"C01";"1";"7";"0";"2";"3";"1";"1";""
"202400030453";"155728130";"A01";"2";"32";"0";"2";"1";"17";"1";""
"202400030453";"155728131";"B01";"2";"30";"0";"2";"4";"15";"1";""
"202400030454";"155728128";"A01";"3";"33";"0";"1";"1";"1";"1";""
"202400030455";"155728126";"B01";"1";"7";"0";"2";"4";"1";"1";""
"202400030455";"155728127";"A01";"1";"10";"0";"2";"1";"2";"1";""
"202400030456";"155728125";"A01";"1";"3";"0";"2";"0";"9";"0";""
"202400030457";"155728123";"A01";"2";"7";"0";"2";"4";"1";"1";""
"202400030457";"155728124";"B01";"2";"7";"0";"2";"1";"1";"1";""
"202400030458";"155728121";"A01";"3";"10";"0";"2";"1";"1";"1";""
"202400030458";"155728122";"B01";"3";"2";"0";"2";"7";"1";"1";""
"202400030459";"155728119";"B01";"3";"10";"0";"2";"3";"9";"1";""
"202400030459";"155728120";"A01";"3";"50";"0";"2";"1";"1";"3";""
"202400030460";"155728117";"A01";"1";"2";"0";"2";"2";"9";"1";""
"202400030460";"155728118";"B01";"2";"7";"0";"2";"3";"16";"1";""
"202400030461";"155728115";"A01";"2";"10";"0";"2";"2";"16";"1";""
"202400030461";"155728116";"B01";"2";"7";"12";"2";"8";"1";"1";""
"202400030462";"155728113";"A01";"1";"7";"0";"2";"1";"13";"1";""
"202400030462";"155728114";"B01";"2";"7";"0";"2";"3";"1";"1";""
"202400030463";"155728111";"A01";"1";"7";"0";"2";"5";"15";"1";""
"202400030463";"155728112";"B01";"2";"7";"0";"2";"1";"1";"1";""
"202400030464";"155728109";"A01";"1";"7";"0";"2";"1";"2";"1";""
"202400030464";"155728110";"B01";"1";"7";"0";"2";"4";"2";"1";""
"202400030465";"155728107";"B01";"1";"15";"0";"2";"2";"2";"1";""
"202400030465";"155728108";"A01";"1";"7";"0";"2";"6";"11";"2";""
"202400030466";"155728106";"A01";"1";"7";"1";"0";"1";"1";"2";""
"202400030467";"155728104";"AB01";"0";"1";"0";"2";"4";"1";"5";""
"202400030467";"155728105";"Z01";"1";"7";"0";"2";"2";"16";"1";""
"202400030468";"155728103";"A01";"2";"7";"0";"1";"1";"1";"1";""
"202400030469";"155728101";"B01";"1";"7";"0";"2";"4";"1";"1";""
"202400030469";"155728102";"A01";"1";"30";"0";"2";"1";"2";"3";""
"202400030470";"155728100";"A01";"2";"80";"0";"0";"1";"1";"3";""
"202400030471";"155728098";"A01";"1";"80";"0";"2";"1";"5";"3";""
"202400030471";"155728099";"B01";"0";"7";"0";"2";"1";"1";"2";""
"202400030472";"155728097";"A01";"2";"7";"0";"1";"0";"0";"1";""
"202400030473";"155728096";"A01";"1";"7";"0";"1";"1";"15";"1";""
"202400030474";"155728094";"A01";"3";"10";"0";"2";"1";"15";"1";""
"202400030474";"155728095";"B01";"3";"1";"0";"2";"1";"1";"5";""
"202400030475";"155728092";"B01";"2";"37";"0";"2";"1";"0";"1";"3"
"202400030475";"155728093";"A01";"2";"1";"0";"2";"4";"2";"5";""
"202400030476";"155728091";"A01";"1";"7";"0";"1";"3";"15";"1";""
"202400030477";"155728090";"A01";"3";"33";"4";"0";"2";"14";"1";""
"202400030478";"155728088";"A01";"3";"7";"0";"2";"4";"2";"1";""
"202400030478";"155728089";"B01";"3";"7";"0";"2";"1";"2";"1";""
"202400030479";"155728086";"A01";"1";"7";"0";"2";"1";"1";"1";""
"202400030479";"155728087";"B01";"1";"7";"0";"2";"1";"1";"1";""
"202400030480";"155728084";"B01";"2";"7";"0";"2";"8";"0";"2";""
"202400030480";"155728085";"A01";"1";"34";"0";"2";"1";"0";"1";""
"202400030481";"155728082";"B01";"1";"7";"0";"2";"1";"0";"1";""
"202400030481";"155728083";"A01";"1";"34";"0";"2";"1";"1";"1";""
"202400030482";"155728079";"A01";"1";"33";"0";"2";"2";"1";"1";""
"202400030482";"155728080";"B01";"1";"10";"0";"2";"2";"20";"1";""
"202400030483";"155728077";"A01";"1";"7";"0";"2";"1";"15";"0";""
"202400030483";"155728078";"B01";"1";"31";"0";"2";"3";"0";"6";""
"202400030484";"155728075";"A01";"1";"7";"0";"2";"0";"0";"1";""
"202400030484";"155728076";"B01";"1";"33";"0";"2";"0";"0";"1";""
"202400030485";"155728074";"A01";"1";"7";"0";"2";"2";"2";"2";""
"202400030486";"155728073";"A01";"2";"7";"15";"0";"1";"14";"1";""
"202400030487";"155728071";"B01";"0";"30";"0";"2";"1";"1";"1";""
"202400030487";"155728072";"A01";"0";"30";"0";"0";"8";"1";"1";""
"202400030488";"155728069";"B01";"1";"7";"0";"2";"3";"1";"1";""
"202400030488";"155728070";"A01";"2";"7";"0";"2";"3";"1";"1";""
"202400030489";"155728066";"B01";"1";"7";"0";"2";"4";"2";"1";""
"202400030489";"155728067";"C01";"2";"7";"0";"2";"1";"1";"1";""
"202400030489";"155728068";"A01";"1";"10";"0";"2";"1";"2";"1";""
"202400030490";"155728064";"B01";"1";"7";"0";"2";"0";"5";"0";""
"202400030490";"155728065";"A01";"2";"2";"0";"0";"1";"1";"1";""
"202400030491";"155728063";"A01";"2";"7";"0";"1";"1";"19";"1";""
"202400030492";"155728062";"A01";"0";"33";"0";"0";"0";"1";"1";""
"202400030493";"155728061";"A01";"1";"33";"0";"0";"0";"1";"1";""
"202400030494";"155728059";"A01";"1";"7";"13";"0";"3";"1";"1";""
"202400030495";"155728057";"A01";"1";"33";"0";"0";"1";"2";"1";""
"202400030495";"155728058";"B01";"1";"7";"0";"2";"6";"9";"1";""
"202400030496";"155728055";"A01";"1";"33";"0";"2";"1";"17";"1";""
"202400030496";"155728056";"B01";"1";"10";"0";"2";"3";"15";"1";""
"202400030497";"155728054";"A01";"2";"33";"0";"0";"0";"14";"1";""
"202400030498";"155728053";"A01";"3";"50";"0";"0";"0";"1";"3";""
"202400030499";"155728051";"A01";"2";"34";"0";"2";"7";"17";"1";""
"202400030499";"155728052";"B01";"2";"7";"0";"2";"8";"15";"1";""
"202400030500";"155728050";"A01";"1";"7";"13";"0";"9";"1";"1";""
"202400030501";"155728049";"A01";"1";"2";"0";"0";"9";"1";"1";""
"202400030502";"155728047";"B01";"1";"7";"0";"2";"3";"1";"1";""
"202400030502";"155728048";"A01";"2";"2";"0";"2";"1";"1";"1";""
"202400030503";"155728045";"B01";"1";"7";"0";"2";"3";"1";"1";""
"202400030503";"155728046";"A01";"2";"7";"0";"2";"3";"13";"1";""
"202400030504";"155728041";"B01";"1";"33";"0";"2";"1";"1";"0";""
"202400030504";"155728042";"A01";"1";"7";"0";"2";"8";"9";"0";""
"202400030505";"155728039";"A01";"0";"2";"0";"2";"3";"11";"0";""
"202400030505";"155728040";"B01";"0";"10";"0";"2";"3";"11";"1";""
"202400030506";"155728038";"A01";"2";"33";"13";"0";"3";"1";"1";""
"202400030507";"155728037";"A01";"1";"7";"16";"0";"9";"14";"1";""
"202400030508";"155728036";"A01";"1";"7";"13";"0";"1";"1";"1";""
"202400030509";"155728034";"B01";"2";"21";"0";"2";"8";"1";"1";""
"202400030509";"155728035";"A01";"1";"7";"0";"2";"3";"1";"1";""
"202400030510";"155728032";"B01";"1";"1";"0";"2";"5";"1";"5";""
"202400030510";"155728033";"A01";"0";"7";"0";"2";"3";"16";"1";""
"202400030511";"155728030";"A01";"1";"7";"0";"2";"2";"1";"1";""
"202400030511";"155728031";"B01";"2";"7";"0";"2";"3";"19";"1";""
"202400030512";"155728029";"A01";"1";"7";"0";"1";"2";"1";"1";""
"202400030513";"155728028";"A01";"1";"7";"6";"0";"1";"1";"1";""
"202400030514";"155728027";"A01";"2";"7";"2";"0";"3";"0";"1";""
"202400030515";"155728026";"A01";"2";"7";"15";"0";"2";"1";"1";""
"202400030516";"155728025";"A01";"2";"7";"0";"0";"0";"14";"1";""
"202400030517";"155728023";"A01";"3";"2";"0";"2";"1";"13";"1";""
"202400030517";"155728024";"B01";"3";"7";"0";"2";"2";"1";"1";""
"202400030518";"155728021";"B01";"1";"7";"0";"2";"3";"1";"1";""
"202400030518";"155728022";"A01";"2";"7";"0";"2";"2";"15";"1";""
"202400030519";"155728019";"B01";"2";"7";"0";"2";"3";"1";"1";""
"202400030519";"155728020";"A01";"2";"7";"0";"2";"3";"1";"1";""
"202400030520";"155728017";"B01";"2";"7";"0";"0";"6";"13";"1";""
"202400030520";"155728018";"A01";"2";"33";"0";"2";"1";"1";"1";""
"202400030521";"155728016";"A01";"1";"7";"2";"0";"3";"1";"1";""
"202400030522";"155728014";"B01";"2";"2";"0";"2";"1";"17";"1";""
"202400030522";"155728015";"A01";"2";"7";"8";"0";"3";"15";"1";""
"202400030523";"155728012";"A01";"1";"7";"0";"2";"3";"13";"1";""
"202400030523";"155728013";"B01";"2";"10";"0";"2";"3";"1";"1";""
"202400030524";"155728010";"B01";"1";"1";"0";"2";"1";"1";"5";""
"202400030524";"155728011";"A01";"2";"33";"4";"2";"8";"13";"1";""