"Num_Acc";"id_vehicule";"num_veh";"senc";"catv";"obs";"obsm";"choc";"manv";"motor";"occutc"
"202400030525";"155728008";"B01";"0";"1";"0";"2";"4";"2";"5";""
"202400030525";"155728009";"A01";"0";"7";"0";"0";"1";"2";"1";""
"202400030526";"155728007";"A01";"3";"7";"2";"0";"3";"2";"1";""
"202400030527";"155728006";"A01";"1";"7";"0";"0";"0";"13";"1";""
"202400030528";"155728005";"A01";"1";"7";"2";"0";"1";"1";"1";""
"202400030529";"155728004";"A01";"1";"1";"12";"0";"0";"1";"5";""
"202400030530";"155728003";"A01";"1";"7";"7";"0";"1";"1";"1";""
"202400030531";"155728001";"B01";"1";"33";"0";"2";"1";"1";"1";""
"202400030531";"155728002";"A01";"1";"7";"0";"2";"8";"17";"1";""
"202400030532";"155727999";"A01";"2";"7";"0";"2";"1";"13";"1";""
"202400030532";"155728000";"B01";"1";"7";"0";"2";"1";"1";"1";""
"202400030533";"155727998";"A01";"0";"7";"0";"1";"3";"9";"2";""
"202400030534";"155727997";"A01";"3";"7";"0";"1";"0";"15";"1";""
"202400030535";"155727996";"A01";"1";"10";"7";"0";"9";"14";"1";""
"202400030536";"155727995";"A01";"1";"10";"3";"0";"1";"1";"1";""
"202400030537";"155727994";"A01";"1";"32";"6";"0";"1";"0";"1";""
"202400030538";"155727993";"A01";"2";"33";"0";"0";"7";"1";"1";""
"202400030539";"155727992";"A01";"2";"7";"3";"0";"3";"1";"1";""
"202400030540";"155727988";"A01";"3";"7";"13";"0";"2";"14";"1";""
"202400030541";"155727986";"A01";"2";"33";"0";"2";"7";"17";"1";""
"202400030541";"155727987";"B01";"2";"7";"0";"2";"8";"15";"1";""
"202400030542";"155727985";"A01";"0";"36";"12";"0";"2";"1";"1";""
"202400030543";"155727984";"A01";"2";"33";"13";"0";"1";"1";"1";""
"202400030544";"155727981";"B01";"1";"7";"0";"2";"8";"13";"1";""
"202400030544";"155727982";"C01";"2";"7";"0";"2";"1";"1";"1";""
"202400030544";"155727983";"A01";"1";"31";"4";"2";"7";"17";"1";""
"202400030545";"155727978";"A01";"1";"7";"0";"2";"1";"2";"1";""
"202400030545";"155727979";"C01";"1";"7";"0";"2";"4";"1";"1";""
"202400030545";"155727980";"B01";"1";"15";"0";"0";"4";"2";"1";""
"202400030546";"155727976";"B01";"1";"7";"0";"2";"1";"1";"1";""
"202400030546";"155727977";"A01";"2";"7";"0";"2";"1";"13";"1";""
"202400030547";"155727974";"A01";"3";"7";"0";"2";"2";"16";"3";""
"202400030547";"155727975";"B01";"3";"50";"0";"2";"8";"1";"3";""
"202400030548";"155727972";"A01";"1";"7";"0";"2";"3";"9";"1";""
"202400030548";"155727973";"B01";"2";"2";"0";"2";"1";"1";"1";""
"202400030549";"155727971";"A01";"1";"34";"0";"2";"7";"17";"1";""
"202400030550";"155727970";"A01";"1";"7";"15";"0";"1";"2";"1";""
"202400030551";"155727969";"A01";"2";"7";"8";"0";"3";"13";"1";""
"202400030552";"155727967";"B01";"1";"7";"0";"2";"2";"16";"1";""
"202400030552";"155727968";"A01";"1";"50";"0";"2";"1";"18";"3";""
"202400030553";"155727965";"A01";"1";"7";"0";"2";"7";"1";"1";""
"202400030553";"155727966";"B01";"1";"32";"0";"2";"1";"1";"1";""
"202400030554";"155727963";"A01";"1";"42";"14";"0";"2";"17";"1";""
"202400030554";"155727964";"B01";"1";"7";"0";"2";"3";"1";"1";""
"202400030555";"155727961";"A01";"2";"33";"0";"2";"1";"2";"1";""
"202400030555";"155727962";"B01";"2";"7";"0";"2";"5";"2";"2";""
"202400030556";"155727960";"A01";"1";"7";"0";"1";"3";"1";"1";""
"202400030557";"155727959";"A01";"1";"1";"0";"1";"2";"1";"5";""
"202400030558";"155727956";"A01";"1";"30";"0";"1";"1";"3";"3";""
"202400030558";"155727957";"B01";"1";"7";"0";"2";"2";"2";"2";""
"202400030558";"155727958";"C01";"1";"7";"0";"2";"3";"2";"2";""
"202400030559";"155727954";"B01";"0";"33";"0";"2";"2";"1";"1";""
"202400030559";"155727955";"A01";"0";"7";"0";"2";"3";"10";"2";""
"202400030560";"155727952";"A01";"1";"7";"12";"2";"2";"2";"1";""
"202400030560";"155727953";"B01";"1";"30";"12";"2";"4";"2";"1";""
"202400030561";"155727950";"B01";"2";"7";"0";"2";"0";"0";"1";""
"202400030561";"155727951";"A01";"3";"50";"0";"2";"1";"1";"3";""
"202400030562";"155727948";"A01";"2";"7";"0";"2";"1";"2";"1";""
"202400030562";"155727949";"B01";"2";"7";"0";"2";"4";"23";"1";""
"202400030563";"155727946";"B01";"1";"7";"0";"2";"3";"6";"1";""
"202400030563";"155727947";"A01";"0";"33";"0";"2";"1";"17";"1";""
"202400030564";"155727945";"A01";"3";"7";"0";"1";"2";"20";"1";""
"202400030565";"155727943";"A01";"2";"2";"0";"2";"7";"1";"1";""
"202400030565";"155727944";"B01";"3";"7";"0";"2";"2";"1";"1";""
"202400030566";"155727942";"A01";"1";"34";"12";"0";"9";"1";"1";""
"202400030567";"155727940";"A01";"1";"7";"0";"2";"8";"9";"2";""
"202400030567";"155727941";"B01";"1";"31";"0";"2";"1";"1";"1";""
"202400030568";"155727939";"A01";"1";"7";"12";"0";"1";"20";"1";""
"202400030569";"155727938";"A01";"1";"33";"0";"0";"7";"1";"1";""
"202400030570";"155727937";"A01";"2";"33";"13";"0";"1";"17";"1";""
"202400030571";"155727935";"B01";"1";"7";"0";"2";"1";"1";"1";""
"202400030571";"155727936";"A01";"3";"7";"15";"0";"7";"19";"1";""
"202400030572";"155727933";"B01";"1";"33";"0";"2";"1";"1";"1";""
"202400030572";"155727934";"A01";"2";"7";"0";"2";"7";"19";"1";""
"202400030573";"155727932";"A01";"1";"7";"8";"0";"9";"13";"1";""
"202400030574";"155727930";"A01";"1";"7";"0";"2";"1";"5";"1";""
"202400030574";"155727931";"B01";"2";"7";"0";"2";"1";"1";"1";""
"202400030575";"155727929";"A01";"0";"7";"0";"0";"0";"0";"1";""
"202400030576";"155727928";"A01";"1";"33";"0";"0";"1";"1";"1";""
"202400030577";"155727924";"A01";"2";"7";"0";"2";"1";"1";"1";""
"202400030577";"155727925";"B01";"2";"7";"3";"2";"4";"1";"0";""
"202400030577";"155727926";"D01";"2";"7";"0";"2";"6";"1";"1";""
"202400030577";"155727927";"C01";"2";"7";"0";"2";"1";"1";"2";""
"202400030578";"155727922";"A01";"1";"33";"2";"2";"1";"13";"1";""
"202400030578";"155727923";"B01";"2";"10";"0";"2";"1";"1";"1";""
"202400030579";"155727920";"A01";"2";"7";"0";"2";"3";"13";"1";""
"202400030579";"155727921";"B01";"1";"7";"0";"2";"2";"1";"1";""
"202400030580";"155727919";"A01";"2";"33";"13";"0";"1";"17";"1";""
"202400030581";"155727918";"A01";"1";"7";"8";"0";"3";"13";"1";""
"202400030582";"155727917";"A01";"3";"33";"0";"0";"0";"1";"1";""
"202400030583";"155727915";"A01";"3";"7";"0";"2";"3";"15";"2";""
"202400030583";"155727916";"B01";"1";"7";"0";"2";"1";"1";"1";""
"202400030584";"155727914";"A01";"2";"33";"0";"0";"0";"1";"1";""
"202400030585";"155727913";"A01";"1";"10";"15";"0";"2";"14";"1";""
"202400030586";"155727912";"A01";"1";"7";"0";"0";"2";"14";"1";""
"202400030587";"155727910";"A01";"1";"33";"0";"2";"1";"2";"1";""
"202400030587";"155727911";"B01";"1";"7";"0";"2";"3";"15";"1";""
"202400030588";"155727909";"A01";"1";"33";"0";"0";"9";"1";"1";""
"202400030589";"155727908";"A01";"1";"7";"13";"0";"7";"14";"1";""
"202400030590";"155727907";"A01";"3";"7";"0";"0";"2";"1";"1";""
"202400030591";"155727906";"A01";"2";"7";"6";"0";"1";"1";"1";""
"202400030592";"155727904";"B01";"2";"15";"0";"2";"1";"1";"1";""
"202400030592";"155727905";"A01";"1";"7";"0";"2";"1";"1";"1";""
"202400030593";"155727903";"A01";"1";"33";"0";"0";"7";"26";"1";""
"202400030594";"155727902";"A01";"2";"33";"9";"0";"2";"1";"1";""
"202400030595";"155727901";"A01";"2";"33";"0";"0";"8";"1";"1";""
"202400030596";"155727899";"B01";"1";"33";"0";"2";"1";"1";"1";""
"202400030596";"155727900";"A01";"2";"7";"0";"2";"3";"17";"1";""
"202400030597";"155727897";"A01";"2";"33";"0";"0";"1";"2";"1";""
"202400030597";"155727898";"B01";"2";"33";"0";"0";"4";"2";"1";""
"202400030598";"155727896";"A01";"3";"10";"0";"1";"7";"16";"1";""
"202400030599";"155727894";"A01";"1";"7";"0";"2";"2";"19";"1";""
"202400030599";"155727895";"B01";"1";"7";"0";"2";"1";"1";"1";""
"202400030600";"155727892";"A01";"2";"7";"0";"2";"1";"19";"1";""
"202400030600";"155727893";"B01";"1";"7";"0";"2";"6";"1";"1";""
"202400030601";"155727891";"A01";"2";"7";"14";"0";"1";"1";"1";""
"202400030602";"155727890";"A01";"1";"7";"10";"0";"3";"1";"1";""
"202400030603";"155727888";"A01";"2";"15";"0";"2";"2";"9";"1";""
"202400030603";"155727889";"B01";"1";"7";"4";"0";"8";"1";"1";""
"202400030604";"155727887";"A01";"2";"33";"0";"0";"4";"1";"1";""
"202400030605";"155727885";"A01";"1";"17";"1";"0";"2";"14";"1";""
"202400030605";"155727886";"B01";"1";"10";"0";"0";"6";"23";"1";""
"202400030606";"155727884";"A01";"2";"7";"16";"0";"1";"1";"1";""
"202400030607";"155727882";"A01";"3";"2";"0";"2";"1";"1";"1";""
"202400030607";"155727883";"B01";"3";"7";"0";"0";"2";"20";"2";""
"202400030608";"155727880";"A01";"1";"7";"2";"0";"7";"1";"1";""
"202400030609";"155727878";"A01";"2";"7";"0";"2";"1";"2";"1";""
"202400030609";"155727879";"B01";"2";"7";"3";"0";"4";"2";"1";""
"202400030609";"155727881";"C01";"2";"7";"14";"0";"0";"2";"1";""
"202400030610";"155727877";"A01";"1";"1";"0";"5";"7";"1";"5";""
"202400030611";"155727876";"A01";"1";"10";"3";"0";"1";"1";"1";""
"202400030612";"155727874";"A01";"3";"1";"0";"2";"7";"1";"5";""
"202400030612";"155727875";"B01";"1";"7";"0";"2";"3";"9";"1";""
"202400030613";"155727873";"A01";"1";"2";"0";"0";"7";"1";"6";""
"202400030614";"155727872";"A01";"1";"1";"6";"0";"1";"1";"5";""
"202400030615";"155727870";"A01";"2";"7";"0";"2";"1";"11";"1";""
"202400030615";"155727871";"B01";"1";"7";"0";"2";"1";"1";"1";""
"202400030616";"155727868";"A01";"2";"33";"16";"2";"4";"11";"1";""
"202400030616";"155727869";"B01";"2";"7";"2";"2";"1";"17";"1";""
"202400030617";"155727866";"A01";"1";"7";"0";"2";"1";"1";"1";""
"202400030617";"155727867";"B01";"3";"7";"0";"2";"8";"19";"1";""
"202400030618";"155727865";"A01";"0";"7";"6";"0";"1";"1";"1";""
"202400030619";"155727863";"A01";"1";"7";"0";"2";"6";"1";"1";""
"202400030619";"155727864";"B01";"1";"33";"0";"2";"8";"26";"1";""
"202400030620";"155727861";"A01";"2";"7";"0";"2";"1";"5";"1";""
"202400030620";"155727862";"B01";"1";"10";"0";"2";"1";"1";"1";""
"202400030621";"155727859";"A01";"2";"33";"0";"2";"1";"2";"1";""
"202400030621";"155727860";"B01";"2";"33";"0";"2";"1";"1";"1";""
"202400030622";"155727858";"A01";"1";"33";"8";"0";"2";"1";"1";""
"202400030623";"155727855";"A01";"0";"33";"13";"0";"1";"0";"0";""
"202400030624";"155727852";"B01";"2";"2";"0";"2";"1";"1";"1";""
"202400030624";"155727854";"A01";"1";"10";"0";"2";"1";"15";"1";""
"202400030625";"155727851";"A01";"3";"7";"0";"2";"3";"16";"1";""
"202400030625";"155727853";"B01";"2";"33";"0";"0";"7";"1";"1";""
"202400030626";"155727849";"A01";"1";"33";"14";"0";"2";"17";"1";""
"202400030626";"155727850";"B01";"1";"7";"0";"2";"3";"23";"1";""
"202400030627";"155727848";"A01";"2";"33";"16";"0";"1";"1";"1";""
"202400030628";"155727847";"A01";"1";"33";"0";"0";"9";"10";"1";""
"202400030629";"155727846";"A01";"3";"7";"2";"0";"9";"1";"1";""
"202400030630";"155727844";"A01";"1";"1";"0";"0";"6";"16";"5";""
"202400030630";"155727845";"B01";"2";"7";"0";"9";"0";"1";"0";""
"202400030631";"155727843";"A01";"1";"10";"4";"0";"1";"1";"1";""
"202400030632";"155727841";"B01";"1";"7";"0";"2";"6";"16";"1";""
"202400030632";"155727842";"A01";"1";"33";"0";"2";"2";"1";"1";""
"202400030633";"155727840";"A01";"1";"14";"13";"0";"9";"1";"1";""
"202400030634";"155727837";"A01";"2";"13";"3";"0";"4";"1";"1";""
"202400030634";"155727839";"B01";"2";"15";"13";"0";"1";"1";"1";""
"202400030635";"155727836";"A01";"1";"17";"0";"2";"3";"13";"1";""
"202400030635";"155727838";"B01";"2";"10";"0";"2";"3";"1";"1";""
"202400030636";"155727835";"A01";"1";"10";"2";"0";"2";"1";"1";""
"202400030637";"155727831";"A01";"1";"7";"0";"0";"4";"1";"1";""
"202400030637";"155727832";"B01";"1";"10";"0";"2";"1";"1";"1";""
"202400030638";"155727830";"A01";"1";"13";"3";"0";"2";"26";"1";""
"202400030639";"155727828";"A01";"1";"7";"0";"9";"1";"9";"1";""
"202400030639";"155727829";"B01";"1";"1";"0";"0";"4";"2";"5";""
"202400030640";"155727826";"A01";"2";"7";"0";"0";"4";"1";"1";""
"202400030640";"155727827";"B01";"1";"7";"0";"2";"1";"0";"1";""
"202400030641";"155727824";"A01";"2";"30";"0";"2";"1";"2";"1";""
"202400030641";"155727825";"B01";"2";"21";"0";"0";"4";"15";"1";""
"202400030642";"155727822";"A01";"1";"10";"0";"2";"5";"15";"4";""
"202400030642";"155727823";"B01";"2";"1";"0";"2";"1";"25";"5";""
"202400030643";"155727819";"C01";"2";"10";"0";"2";"1";"1";"1";""
"202400030643";"155727820";"A01";"2";"7";"0";"2";"4";"1";"1";""
"202400030643";"155727821";"B01";"2";"7";"0";"2";"4";"1";"1";""
"202400030644";"155727815";"A01";"1";"7";"1";"0";"8";"23";"1";""
"202400030644";"155727817";"B01";"1";"33";"1";"0";"9";"3";"1";""
"202400030645";"155727812";"D01";"1";"7";"0";"0";"4";"21";"1";""
"202400030645";"155727813";"C01";"1";"7";"4";"2";"3";"21";"2";""
"202400030645";"155727814";"A01";"1";"7";"0";"2";"1";"21";"2";""
"202400030645";"155727816";"B01";"1";"7";"4";"2";"6";"23";"2";""
"202400030645";"155727818";"E01";"1";"7";"0";"2";"2";"21";"2";""
"202400030646";"155727811";"A01";"2";"7";"4";"0";"1";"16";"1";""
"202400030647";"155727810";"A01";"1";"10";"0";"1";"7";"14";"1";""
"202400030648";"155727808";"A01";"2";"7";"0";"2";"1";"1";"1";""
"202400030648";"155727809";"B01";"2";"7";"0";"2";"4";"1";"1";""
"202400030649";"155727806";"A01";"2";"7";"0";"2";"2";"0";"1";""
"202400030649";"155727807";"B01";"1";"7";"0";"2";"1";"0";"1";""
"202400030650";"155727805";"A01";"1";"7";"4";"0";"3";"26";"1";""
"202400030651";"155727804";"A01";"1";"7";"6";"0";"1";"13";"1";""
"202400030652";"155727802";"B01";"1";"7";"0";"2";"4";"2";"1";""
"202400030652";"155727803";"A01";"1";"33";"0";"2";"1";"2";"1";""
"202400030653";"155727800";"A01";"1";"7";"4";"0";"2";"1";"1";""
"202400030654";"155727801";"A01";"2";"1";"9";"0";"1";"0";"5";""
"202400030655";"155727798";"B01";"2";"7";"0";"2";"1";"1";"1";""
"202400030655";"155727799";"A01";"2";"0";"0";"2";"4";"2";"0";""
"202400030656";"155727797";"A01";"2";"7";"0";"1";"1";"16";"1";""
"202400030657";"155727793";"B01";"2";"7";"0";"2";"4";"23";"1";""
"202400030657";"155727795";"A01";"2";"10";"1";"0";"1";"2";"1";""
"202400030658";"155727792";"A01";"1";"7";"0";"2";"3";"11";"1";""
"202400030658";"155727794";"B01";"1";"7";"4";"2";"5";"1";"1";""
"202400030658";"155727796";"C01";"1";"7";"0";"2";"6";"0";"1";""
"202400030659";"155727791";"A01";"2";"7";"13";"0";"3";"1";"1";""
"202400030660";"155727786";"A01";"1";"7";"0";"2";"1";"2";"1";""
"202400030660";"155727787";"B01";"1";"7";"0";"2";"4";"2";"1";""
"202400030660";"155727789";"C01";"1";"7";"0";"2";"4";"2";"1";""
"202400030660";"155727790";"D01";"1";"7";"0";"2";"4";"2";"1";""
"202400030661";"155727785";"A01";"1";"7";"0";"2";"1";"1";"1";""
"202400030661";"155727788";"B01";"2";"33";"0";"0";"0";"16";"1";""
"202400030662";"155727783";"A01";"1";"7";"0";"2";"1";"1";"1";""
"202400030662";"155727784";"B01";"1";"7";"0";"2";"4";"2";"1";""
"202400030663";"155727781";"A01";"1";"7";"4";"0";"1";"1";"1";""
"202400030664";"155727779";"A01";"2";"33";"0";"0";"3";"1";"1";""
"202400030665";"155727780";"A01";"2";"7";"0";"2";"1";"13";"3";""
"202400030665";"155727782";"B01";"1";"7";"0";"2";"1";"1";"1";""
"202400030666";"155727776";"A01";"2";"7";"0";"2";"2";"1";"1";""
"202400030666";"155727778";"B01";"2";"7";"0";"2";"8";"1";"1";""
"202400030667";"155727775";"A01";"2";"7";"0";"2";"7";"17";"3";""
"202400030667";"155727777";"B01";"2";"10";"0";"2";"8";"1";"1";""
"202400030668";"155727774";"A01";"2";"33";"4";"0";"8";"13";"1";""
"202400030669";"155727773";"A01";"2";"10";"2";"0";"3";"1";"1";""
"202400030670";"155727771";"B01";"2";"7";"0";"0";"5";"2";"1";""
"202400030670";"155727772";"A01";"2";"31";"0";"2";"1";"3";"1";""
"202400030671";"155727770";"A01";"1";"7";"2";"0";"8";"1";"1";""
"202400030672";"155727768";"A01";"2";"7";"4";"0";"2";"11";"1";""
"202400030673";"155727767";"A01";"2";"7";"13";"2";"2";"21";"2";""
"202400030673";"155727769";"B01";"1";"7";"13";"2";"0";"0";"1";""
"202400030674";"155727764";"A01";"2";"10";"0";"2";"1";"1";"1";""
"202400030674";"155727766";"B01";"2";"7";"0";"2";"4";"1";"1";""
"202400030675";"155727762";"C01";"1";"7";"3";"2";"4";"2";"1";""
"202400030675";"155727763";"A01";"1";"10";"0";"2";"1";"2";"1";""
"202400030675";"155727765";"B01";"1";"7";"3";"2";"4";"2";"1";""
"202400030676";"155727761";"BA01";"0";"32";"0";"5";"9";"21";"1";""
"202400030677";"155727759";"A01";"1";"33";"0";"2";"4";"23";"1";""
"202400030677";"155727760";"B01";"1";"7";"0";"2";"1";"1";"1";""
"202400030678";"155727758";"A01";"1";"30";"0";"0";"7";"1";"1";""
"202400030679";"155727757";"A01";"1";"7";"1";"1";"2";"2";"1";""
"202400030680";"155727756";"A01";"1";"50";"0";"0";"0";"1";"3";""
"202400030681";"155727754";"B01";"1";"33";"0";"2";"7";"1";"1";""
"202400030681";"155727755";"A01";"1";"7";"0";"2";"8";"11";"1";""
"202400030682";"155727752";"A01";"1";"7";"0";"2";"1";"2";"1";""
"202400030682";"155727753";"B01";"1";"7";"0";"2";"4";"2";"1";""
"202400030683";"155727749";"A01";"1";"0";"0";"1";"1";"26";"1";""
"202400030684";"155727748";"A01";"2";"7";"0";"2";"1";"1";"1";""
"202400030684";"155727750";"B01";"2";"7";"0";"2";"4";"23";"2";""
"202400030684";"155727751";"C01";"2";"7";"0";"2";"4";"23";"1";""
"202400030685";"155727746";"A01";"1";"7";"0";"2";"7";"15";"1";""
"202400030685";"155727747";"B01";"2";"33";"0";"2";"1";"1";"1";""
"202400030686";"155727744";"Z01";"3";"7";"0";"1";"4";"24";"1";""
"202400030687";"155727745";"A01";"2";"7";"4";"0";"3";"1";"1";""
"202400030688";"155727742";"B01";"1";"33";"0";"2";"1";"0";"1";""
"202400030688";"155727743";"A01";"2";"7";"0";"2";"1";"15";"2";""
"202400030689";"155727741";"A01";"1";"7";"13";"0";"9";"13";"1";""
"202400030690";"155727740";"A01";"1";"7";"0";"1";"6";"26";"1";""
"202400030691";"155727738";"A01";"1";"7";"0";"1";"3";"1";"1";""
"202400030692";"155727737";"A01";"2";"7";"0";"0";"2";"2";"1";""
"202400030692";"155727739";"B01";"2";"7";"13";"0";"0";"0";"1";""
"202400030693";"155727735";"A01";"2";"1";"0";"0";"0";"0";"5";""
"202400030694";"155727734";"B01";"3";"7";"0";"2";"3";"1";"1";""
"202400030694";"155727736";"A01";"3";"7";"6";"2";"1";"1";"1";""
"202400030695";"155727733";"A01";"1";"2";"0";"0";"0";"0";"1";""
"202400030696";"155727727";"A01";"2";"7";"0";"2";"2";"2";"1";""
"202400030696";"155727729";"B01";"2";"7";"0";"0";"6";"1";"1";""
"202400030697";"155727728";"A01";"2";"7";"0";"2";"7";"15";"1";""
"202400030697";"155727730";"B01";"1";"7";"0";"2";"1";"1";"1";""
"202400030698";"155727723";"A01";"1";"1";"0";"2";"1";"1";"5";""
"202400030698";"155727725";"B01";"2";"2";"0";"2";"1";"5";"1";""
"202400030699";"155727722";"A01";"3";"2";"9";"0";"0";"1";"1";""
"202400030700";"155727724";"A01";"2";"7";"12";"2";"3";"5";"1";""
"202400030700";"155727726";"B01";"1";"14";"0";"2";"2";"1";"1";""
"202400030701";"155727721";"A01";"1";"33";"15";"0";"1";"14";"1";""
"202400030702";"155727719";"B01";"2";"7";"0";"2";"1";"1";"1";""
"202400030702";"155727720";"A01";"1";"10";"8";"2";"1";"13";"1";""
"202400030703";"155727716";"A01";"2";"7";"13";"2";"1";"1";"1";""
"202400030703";"155727718";"B01";"1";"7";"0";"0";"7";"1";"1";""
"202400030704";"155727715";"B01";"2";"33";"0";"2";"8";"1";"1";""
"202400030704";"155727717";"Z01";"1";"7";"0";"2";"1";"26";"1";""
"202400030705";"155727712";"B01";"3";"7";"0";"2";"1";"0";" -1";""
"202400030705";"155727714";"A01";"1";"7";"1";"0";"3";"21";"1";""
"202400030706";"155727713";"A01";"2";"15";"9";"0";"1";"16";"1";""
"202400030707";"155727711";"A01";"0";"7";"1";"0";"7";"14";"1";""
"202400030708";"155727710";"A01";"3";"7";"1";"0";"3";"26";"1";""
"202400030709";"155727709";"A01";"3";"7";"1";"0";"1";"1";"1";""
"202400030710";"155727706";"A01";"3";"31";"15";"0";"0";"0";"0";""
"202400030711";"155727705";"C01";"1";"7";"0";"2";"1";"1";"1";""
"202400030711";"155727707";"B01";"1";"7";"0";"2";"6";"1";"2";""
"202400030711";"155727708";"A01";"2";"7";"0";"2";"1";"14";"1";""
"202400030712";"155727704";"A01";"3";"7";"15";"0";"1";"1";"1";""
"202400030713";"155727700";"A01";"2";"7";"0";"9";"7";"15";"1";""
"202400030713";"155727703";"B01";"1";"1";"0";"2";"1";"1";"5";""
"202400030714";"155727699";"B01";"1";"7";"0";"2";"5";"0";"1";""
"202400030714";"155727701";"A01";"1";"7";"0";"2";"3";"1";"1";""
"202400030714";"155727702";"C01";"1";"30";"0";"2";"0";"0";"0";""
"202400030715";"155727697";"A01";"0";"31";"1";"0";"1";"1";"1";""
"202400030716";"155727696";"B01";"1";"7";"0";"2";"5";"1";"1";""
"202400030716";"155727698";"A01";"1";"7";"0";"2";"3";"2";"1";""
"202400030717";"155727695";"A01";"2";"7";"13";"0";"1";"0";"2";""
"202400030718";"155727694";"A01";"3";"7";"0";"1";"4";"4";"2";""
"202400030719";"155727692";"A01";"2";"10";"15";"0";"1";"14";"1";""
"202400030720";"155727691";"B01";"0";"1";"0";"2";"0";"0";"5";""
"202400030720";"155727693";"A01";"0";"7";"0";"2";"0";"1";"2";""
"202400030721";"155727687";"A01";"1";"7";"0";"2";"5";"23";"2";""
"202400030721";"155727688";"B01";"1";"7";"0";"2";"3";"1";"1";""
"202400030722";"155727685";"A01";"2";"34";"0";"2";"1";"16";"1";""
"202400030722";"155727686";"B01";"2";"7";"0";"2";"1";"1";"1";""
"202400030723";"155727682";"A01";"1";"31";"0";"0";"1";"2";"1";""
"202400030723";"155727683";"B01";"1";"7";"0";"2";"4";"1";"1";""
"202400030724";"155727679";"A01";"2";"7";"6";"2";"1";"13";"1";""
"202400030724";"155727680";"B01";"1";"10";"0";"2";"1";"1";"1";""
"202400030724";"155727681";"C01";"1";"7";"0";"2";"1";"1";"1";""
"202400030724";"155727684";"D01";"1";"7";"0";"2";"1";"1";"1";""
"202400030725";"155727677";"B01";"3";"7";"0";"2";"1";"1";"1";""
"202400030725";"155727678";"A01";"3";"2";"0";"2";"5";"19";"1";""
"202400030726";"155727675";"A01";"1";"7";"0";"1";"3";"15";"1";""
"202400030727";"155727674";"B01";"1";"7";"0";"2";"6";"11";"1";""
"202400030727";"155727676";"A01";"1";"34";"0";"2";"2";"11";"1";""
"202400030728";"155727672";"A01";"1";"50";"0";"2";"1";"13";"3";""
"202400030728";"155727673";"B01";"2";"7";"0";"2";"1";"1";"1";""
"202400030729";"155727670";"A01";"3";"7";"0";"2";"2";"14";"1";""
"202400030729";"155727671";"B01";"3";"7";"0";"2";"6";"2";"1";""
"202400030730";"155727668";"A01";"3";"7";"0";"2";"8";"1";"1";""
"202400030730";"155727669";"B01";"3";"7";"0";"2";"1";"1";"1";""
"202400030731";"155727667";"A01";"3";"33";"0";"0";"0";"1";"1";""
"202400030732";"155727663";"A01";"1";"7";"0";"2";"4";"20";"2";""
"202400030732";"155727665";"B01";"1";"7";"0";"2";"2";"2";"3";""
"202400030733";"155727664";"B01";"1";"7";"0";"2";"8";"15";"1";""
"202400030733";"155727666";"A01";"1";"7";"0";"2";"1";"1";"1";""
"202400030734";"155727658";"B01";"0";"50";"0";"2";"0";"26";"3";""
"202400030734";"155727660";"A01";"3";"7";"0";"2";"3";"15";"1";""
"202400030735";"155727656";"B01";"2";"7";"0";"2";"4";"23";"1";""
"202400030735";"155727657";"C01";"2";"7";"0";"2";"4";"23";"1";""
"202400030735";"155727659";"D01";"1";"7";"0";"2";"4";"23";"1";""
"202400030735";"155727661";"E01";"2";"7";"0";"2";"4";"23";"1";""
"202400030735";"155727662";"A01";"2";"7";"1";"0";"1";"2";"1";""
"202400030736";"155727654";"A01";"3";"7";"0";"0";"0";"1";"1";""
"202400030737";"155727653";"A01";"2";"7";"0";"2";"8";"10";"2";""
"202400030737";"155727655";"B01";"2";"33";"0";"2";"1";"1";"1";""
"202400030738";"155727649";"A01";"2";"7";"6";"0";"1";"1";"1";""
"202400030739";"155727648";"B01";"2";"1";"0";"2";"1";"1";"5";""
"202400030739";"155727650";"A01";"1";"10";"0";"2";"1";"15";"1";""
"202400030740";"155727647";"A01";"3";"7";"13";"0";"0";"0";"1";""
"202400030741";"155727646";"A01";"3";"7";"1";"0";"2";"1";"1";""
"202400030742";"155727643";"B01";"2";"7";"0";"2";"0";"15";"1";""
"202400030742";"155727645";"A01";"1";"33";"0";"2";"7";"1";"1";""
"202400030743";"155727642";"A01";"3";"7";"0";"1";"3";"1";"0";""
"202400030744";"155727641";"A01";"1";"7";"8";"2";"3";"26";"1";""
"202400030744";"155727644";"B01";"1";"7";"0";"2";"1";"19";"1";""
"202400030745";"155727640";"A01";"3";"7";"0";"0";"3";"1";"1";""
"202400030746";"155727639";"A01";"1";"7";"0";"1";"1";"1";"1";""
"202400030747";"155727636";"A01";"1";"7";"0";"2";"1";"2";"1";""
"202400030747";"155727638";"B01";"1";"7";"0";"2";"4";"2";"1";""
"202400030748";"155727632";"B01";"2";"10";"0";"2";"1";"1";"0";""
"202400030748";"155727634";"A01";"1";"7";"0";"2";"1";"1";"1";""
"202400030749";"155727633";"B01";"3";"10";"0";"2";"1";"2";"2";""
"202400030749";"155727635";"C01";"3";"10";"0";"2";"4";"2";"1";""
"202400030749";"155727637";"A01";"3";"10";"0";"2";"1";"2";"1";""
"202400030750";"155727630";"B01";"2";"50";"0";"2";"8";"1";"3";""