"Num_Acc";"id_vehicule";"num_veh";"senc";"catv";"obs";"obsm";"choc";"manv";"motor";"occutc"
"202400030750";"155727631";"A01";"1";"7";"0";"2";"1";"15";"1";""
"202400030751";"155727628";"A01";"1";"7";"5";"0";"1";"3";"1";""
"202400030752";"155727627";"A01";"3";"10";"0";"2";"7";"15";"1";""
"202400030752";"155727629";"B01";"3";"2";"0";"2";"1";"1";"1";""
"202400030753";"155727625";"B01";"3";"7";"0";"2";"8";"1";"1";""
"202400030753";"155727626";"A01";"3";"35";"0";"2";"2";"1";"1";""
"202400030754";"155727623";"A01";"3";"7";"6";"0";"1";"5";"1";""
"202400030755";"155727622";"A01";"1";"7";"6";"2";"2";"17";"1";""
"202400030755";"155727624";"B01";"1";"7";"9";"2";"8";"15";"1";""
"202400030756";"155727620";"B01";"1";"7";"0";"2";"1";"1";"1";""
"202400030756";"155727621";"A01";"2";"7";"0";"2";"7";"15";"1";""
"202400030757";"155727618";"A01";"1";"7";"1";"0";"2";"14";"1";""
"202400030758";"155727614";"A01";"3";"7";"0";"2";"6";"1";"1";""
"202400030758";"155727615";"B01";"3";"1";"0";"2";"1";"1";"5";""
"202400030759";"155727616";"A01";"1";"7";"0";"2";"1";"1";"1";""
"202400030759";"155727617";"B01";"3";"7";"0";"2";"4";"23";"1";""
"202400030759";"155727619";"C01";"3";"7";"0";"0";"4";"23";"1";""
"202400030760";"155727613";"A01";"2";"7";"0";"1";"1";"15";"1";""
"202400030761";"155727610";"B01";"3";"7";"0";"2";"6";"2";"0";""
"202400030761";"155727612";"A01";"3";"41";"0";"2";"1";"2";"0";""
"202400030762";"155727607";"A01";"1";"7";"0";"2";"1";"1";"1";""
"202400030762";"155727608";"B01";"1";"7";"9";"2";"8";"15";"1";""
"202400030763";"155727604";"A01";"1";"7";"0";"2";"3";"10";"1";""
"202400030763";"155727605";"B01";"1";"30";"0";"0";"1";"0";"1";""
"202400030764";"155727603";"A01";"3";"7";"0";"2";"3";"1";"1";""
"202400030764";"155727606";"B01";"3";"32";"0";"2";"9";"5";"1";""
"202400030765";"155727600";"B01";"2";"7";"0";"2";"3";"1";"1";""
"202400030765";"155727601";"C01";"2";"7";"0";"2";"3";"1";"1";""
"202400030765";"155727602";"A01";"1";"7";"0";"2";"3";"13";"1";""
"202400030766";"155727597";"B01";"3";"7";"0";"2";"1";"2";"1";""
"202400030766";"155727599";"A01";"3";"7";"0";"2";"1";"5";"1";""
"202400030767";"155727598";"A01";"1";"7";"2";"0";"3";"1";"1";""
"202400030768";"155727594";"C01";"2";"10";"0";"2";"7";"23";"1";""
"202400030768";"155727595";"A01";"2";"7";"0";"2";"3";"23";"1";""
"202400030768";"155727596";"B01";"2";"34";"0";"2";"2";"3";"1";""
"202400030769";"155727593";"A01";"3";"7";"8";"0";"1";"14";"1";""
"202400030770";"155727592";"A01";"3";"50";"0";"0";"0";"26";"3";""
"202400030771";"155727591";"A01";"3";"30";"12";"0";"3";"0";"1";""
"202400030772";"155727588";"A01";"3";"7";"0";"2";"3";"1";"1";""
"202400030772";"155727589";"B01";"3";"50";"0";"2";"8";"0";"3";""
"202400030773";"155727587";"A01";"2";"7";"0";"2";"1";"1";"1";""
"202400030773";"155727590";"B01";"2";"10";"8";"2";"2";"1";"1";""
"202400030774";"155727585";"A01";"2";"7";"0";"2";"1";"12";"1";""
"202400030774";"155727586";"B01";"2";"7";"0";"2";"4";"1";"1";""
"202400030775";"155727583";"A01";"3";"10";"0";"1";"2";"15";"1";""
"202400030776";"155727584";"A01";"2";"7";"0";"1";"2";"17";"1";""
"202400030777";"155727581";"A01";"3";"2";"0";"2";"1";"1";"3";""
"202400030777";"155727582";"Z01";"3";"32";"0";"2";"4";"23";"0";""
"202400030778";"155727579";"B01";"2";"1";"0";"2";"2";"1";"5";""
"202400030778";"155727580";"A01";"1";"7";"0";"9";"3";"19";"2";""
"202400030779";"155727575";"B01";"2";"1";"0";"0";"0";"0";"5";""
"202400030779";"155727577";"A01";"2";"7";"0";"2";"5";"1";"1";""
"202400030780";"155727576";"A01";"1";"10";"0";"2";"3";"9";"1";""
"202400030780";"155727578";"B01";"1";"1";"0";"0";"0";"0";"5";""
"202400030781";"155727574";"Z01";"1";"1";"0";"1";"0";"0";"5";""
"202400030782";"155727572";"B01";"2";"7";"0";"2";"3";"23";"1";""
"202400030782";"155727573";"A01";"1";"30";"0";"2";"3";"11";"1";""
"202400030783";"155727570";"A01";"1";"7";"1";"0";"6";"1";"1";""
"202400030784";"155727569";"A01";"2";"1";"0";"0";"0";"0";"5";""
"202400030784";"155727571";"Z01";"2";"32";"0";"0";"0";"0";"1";""
"202400030785";"155727568";"A01";"3";"7";"0";"1";"3";"15";"0";""
"202400030786";"155727566";"A01";"1";"80";"0";"2";"1";"1";"3";""
"202400030786";"155727567";"B01";"1";"80";"0";"2";"6";"1";"3";""
"202400030787";"155727563";"A01";"2";"7";"0";"2";"8";"15";"1";""
"202400030787";"155727564";"B01";"2";"33";"0";"2";"2";"17";"1";""
"202400030788";"155727562";"A01";"3";"7";"2";"0";"1";"1";"1";""
"202400030789";"155727560";"A01";"2";"31";"0";"2";"0";"1";"3";""
"202400030789";"155727561";"B01";"2";"1";"5";"0";"0";"11";"5";""
"202400030790";"155727557";"A01";"2";"31";"0";"2";"1";"2";"1";""
"202400030790";"155727559";"B01";"1";"7";"0";"2";"8";"1";"1";""
"202400030791";"155727558";"A01";"3";"7";"2";"0";"1";"15";"1";""
"202400030792";"155727555";"B01";"1";"1";"0";"9";"1";"2";"5";""
"202400030792";"155727556";"A01";"1";"30";"1";"0";"4";"2";"1";""
"202400030793";"155727552";"Z01";"3";"7";"0";"2";"0";"0";"0";""
"202400030793";"155727553";"A01";"3";"30";"0";"2";"1";"1";"1";""
"202400030794";"155727549";"A01";"3";"7";"0";"2";"1";"0";"0";""
"202400030794";"155727551";"B01";"3";"10";"0";"2";"4";"0";"0";""
"202400030795";"155727550";"A01";"1";"30";"0";"2";"8";"26";"1";""
"202400030795";"155727554";"Z01";"1";"7";"0";"2";"8";"26";"1";""
"202400030796";"155727548";"A01";"0";"10";"8";"1";"0";"20";"0";""
"202400030797";"155727545";"B01";"3";"7";"0";"2";"3";"1";"2";""
"202400030797";"155727546";"A01";"3";"7";"0";"2";"3";"1";"1";""
"202400030798";"155727547";"A01";"1";"7";"6";"0";"1";"1";"1";""
"202400030799";"155727544";"A01";"3";"32";"1";"0";"2";"15";"1";""
"202400030800";"155727543";"A01";"1";"7";"4";"0";"9";"1";"1";""
"202400030801";"155727540";"A01";"2";"31";"0";"2";"3";"1";"1";""
"202400030801";"155727541";"B01";"1";"7";"0";"2";"3";"1";"1";""
"202400030802";"155727537";"A01";"0";"7";"0";"2";"6";"15";"1";""
"202400030802";"155727538";"B01";"0";"33";"0";"2";"2";"0";"1";""
"202400030803";"155727539";"A01";"3";"33";"0";"2";"2";"2";"1";""
"202400030803";"155727542";"B01";"0";"7";"0";"2";"3";"2";"1";""
"202400030804";"155727536";"A01";"3";"7";"0";"1";"1";"13";"0";""
"202400030805";"155727534";"A01";"1";"30";"0";"2";"7";"1";"0";""
"202400030805";"155727535";"B01";"2";"7";"0";"2";"1";"1";"2";""
"202400030806";"155727532";"A01";"3";"7";"14";"0";"9";"26";"2";""
"202400030807";"155727528";"A01";"1";"30";"0";"2";"3";"9";"1";""
"202400030807";"155727529";"B01";"1";"30";"0";"2";"2";"1";"1";""
"202400030808";"155727526";"A01";"1";"31";"1";"0";"0";"0";"1";""
"202400030809";"155727525";"A01";"0";"7";"0";"1";"1";"16";"1";""
"202400030810";"155727521";"A01";"1";"32";"0";"2";"1";"26";"1";""
"202400030810";"155727524";"B01";"1";"7";"0";"2";"2";"1";"1";""
"202400030811";"155727522";"A01";"1";"33";"0";"2";"1";"9";"1";""
"202400030811";"155727523";"B01";"1";"10";"0";"2";"4";"1";"1";""
"202400030812";"155727520";"A01";"1";"31";"0";"1";"1";"1";"1";""
"202400030813";"155727517";"A01";"1";"7";"6";"0";"8";"1";"1";""
"202400030814";"155727518";"Z01";"2";"7";"0";"2";"2";"16";"0";""
"202400030814";"155727519";"A01";"2";"50";"0";"2";"8";"1";"3";""
"202400030815";"155727516";"A01";"1";"7";"13";"0";"3";"1";"1";""
"202400030816";"155727515";"A01";"1";"7";"11";"0";"1";"1";"1";""
"202400030817";"155727513";"A01";"1";"7";"0";"2";"3";"1";"1";""
"202400030817";"155727514";"B01";"2";"7";"8";"2";"3";"13";"2";""
"202400030818";"155727510";"A01";"0";"0";"1";"0";"1";"0";"0";""
"202400030819";"155727511";"B01";"2";"1";"0";"2";"1";"1";"5";""
"202400030819";"155727512";"A01";"2";"7";"0";"2";"3";"22";"1";""
"202400030820";"155727508";"B01";"1";"7";"0";"2";"1";"26";"1";""
"202400030820";"155727509";"A01";"2";"7";"0";"2";"1";"13";"1";""
"202400030821";"155727506";"A01";"2";"7";"13";"0";"2";"1";"1";""
"202400030822";"155727505";"A01";"2";"7";"0";"2";"7";"16";"1";""
"202400030822";"155727507";"B01";"2";"1";"0";"2";"3";"1";"5";""
"202400030823";"155727503";"A01";"2";"7";"0";"2";"6";"1";"1";""
"202400030823";"155727504";"B01";"2";"2";"0";"2";"3";"1";"1";""
"202400030824";"155727502";"A01";"3";"7";"2";"0";"1";"14";"1";""
"202400030825";"155727501";"A01";"2";"50";"0";"1";"0";"1";"3";""
"202400030826";"155727498";"A01";"2";"10";"0";"2";"1";"0";"1";""
"202400030826";"155727499";"B01";"2";"10";"0";"2";"4";"0";"1";""
"202400030826";"155727500";"C01";"2";"10";"0";"0";"4";"0";"1";""
"202400030827";"155727497";"A01";"1";"32";"14";"0";"8";"13";"1";""
"202400030828";"155727493";"Z01";"2";"7";"0";"2";"1";"1";"0";""
"202400030828";"155727494";"A01";"2";"7";"0";"2";"4";"23";"1";""
"202400030829";"155727495";"A01";"2";"2";"0";"0";"4";"1";"3";""
"202400030829";"155727496";"B01";"2";"80";"0";"2";"1";"2";"3";""
"202400030830";"155727491";"A01";"1";"7";"13";"0";"1";"0";"1";""
"202400030831";"155727490";"A01";"1";"1";"0";"2";"8";"1";"5";""
"202400030831";"155727492";"B01";"1";"7";"0";"2";"8";"22";"0";""
"202400030832";"155727488";"A01";"2";"33";"4";"2";"1";"2";"1";""
"202400030832";"155727489";"B01";"2";"7";"0";"0";"6";"1";"1";""
"202400030833";"155727486";"A01";"2";"7";"0";"2";"3";"15";"1";""
"202400030833";"155727487";"B01";"2";"2";"0";"2";"2";"15";"1";""
"202400030834";"155727485";"A01";"1";"7";"0";"1";"1";"14";"1";""
"202400030835";"155727482";"B01";"2";"1";"0";"2";"4";"1";"5";""
"202400030835";"155727484";"A01";"2";"1";"0";"2";"1";"2";"5";""
"202400030836";"155727481";"A01";"1";"34";"0";"2";"1";"17";"1";""
"202400030836";"155727483";"B01";"1";"7";"0";"2";"6";"15";"1";""
"202400030837";"155727478";"A01";"2";"7";"0";"2";"1";"1";"1";""
"202400030837";"155727480";"B01";"1";"7";"0";"2";"3";"1";"1";""
"202400030838";"155727477";"B01";"3";"33";"0";"2";"1";"1";"1";""
"202400030838";"155727479";"A01";"3";"7";"0";"2";"2";"15";"2";""
"202400030839";"155727476";"A01";"1";"33";"13";"0";"1";"1";"1";""
"202400030840";"155727475";"A01";"2";"7";"0";"2";"2";"1";"1";""
"202400030841";"155727474";"A01";"2";"7";"0";"0";"9";"1";"1";""
"202400030842";"155727471";"B01";"3";"33";"0";"2";"6";"1";"1";""
"202400030842";"155727472";"A01";"3";"33";"0";"2";"9";"17";"1";""
"202400030842";"155727473";"C01";"3";"10";"0";"2";"1";"1";"1";""
"202400030843";"155727468";"A01";"2";"33";"0";"2";"7";"1";"1";""
"202400030843";"155727469";"B01";"2";"14";"0";"2";"8";"11";"1";""
"202400030844";"155727467";"A01";"2";"7";"0";"2";"7";"0";"1";""
"202400030844";"155727470";"B01";"2";"37";"0";"2";"1";"0";"1";"1"
"202400030845";"155727465";"A01";"3";"7";"0";"2";"1";"13";"1";""
"202400030845";"155727466";"B01";"3";"7";"0";"2";"3";"1";"2";""
"202400030846";"155727463";"B01";"1";"1";"0";"2";"1";"1";"5";""
"202400030846";"155727464";"A01";"1";"32";"0";"2";"7";"16";"1";""
"202400030847";"155727461";"A01";"2";"7";"0";"2";"3";"1";"2";""
"202400030847";"155727462";"B01";"2";"7";"0";"2";"2";"14";"1";""
"202400030848";"155727460";"Z01";"2";"7";"0";"1";"2";"1";"0";""
"202400030849";"155727458";"B01";"1";"7";"0";"2";"3";"1";"1";""
"202400030849";"155727459";"A01";"1";"7";"4";"2";"2";"17";"1";""
"202400030850";"155727456";"A01";"2";"7";"0";"1";"2";"1";"1";""
"202400030851";"155727455";"A01";"1";"7";"0";"2";"2";"15";"2";""
"202400030851";"155727457";"B01";"2";"31";"0";"2";"1";"1";"1";""
"202400030852";"155727452";"A01";"3";"2";"0";"2";"7";"26";"1";""
"202400030852";"155727454";"B01";"3";"7";"0";"2";"1";"9";"1";""
"202400030853";"155727451";"A01";"1";"30";"0";"2";"1";"17";"3";""
"202400030853";"155727453";"B01";"1";"50";"0";"2";"4";"2";"3";""
"202400030854";"155727449";"A01";"1";"7";"8";"0";"1";"2";"1";""
"202400030855";"155727448";"B01";"0";"7";"0";"0";"4";"16";"1";""
"202400030855";"155727450";"A01";"1";"43";"0";"2";"1";"26";"1";""
"202400030856";"155727447";"A01";"1";"7";"0";"1";"1";"1";"1";""
"202400030857";"155727444";"A01";"2";"2";"0";"2";"8";"17";"1";""
"202400030857";"155727446";"B01";"2";"7";"0";"2";"5";"1";"1";""
"202400030858";"155727441";"A01";"1";"7";"0";"0";"4";"1";"1";""
"202400030858";"155727443";"B01";"1";"7";"0";"2";"4";"1";"1";""
"202400030858";"155727445";"C01";"1";"10";"0";"2";"1";"1";"1";""
"202400030859";"155727440";"A01";"2";"7";"0";"2";"1";"5";"1";""
"202400030859";"155727442";"B01";"1";"7";"0";"2";"1";"1";"2";""
"202400030860";"155727439";"A01";"1";"7";"3";"0";"1";"0";"1";""
"202400030861";"155727438";"A01";"2";"10";"0";"1";"1";"1";"1";""
"202400030862";"155727436";"C01";"3";"2";"0";"2";"1";"26";"1";""
"202400030862";"155727437";"A01";"3";"7";"0";"2";"3";"0";"1";""
"202400030863";"155727435";"A01";"1";"7";"13";"0";"2";"14";"1";""
"202400030864";"155727434";"A01";"2";"7";"6";"0";"1";"1";"1";""
"202400030865";"155727433";"A01";"1";"7";"0";"1";"3";"19";"2";""
"202400030866";"155727431";"A01";"2";"7";"0";"2";"1";"1";"1";""
"202400030866";"155727432";"B01";"1";"7";"0";"2";"1";"1";"2";""
"202400030867";"155727430";"A01";"1";"7";"0";"1";"2";"1";"1";""
"202400030868";"155727429";"A01";"1";"7";"13";"0";"9";"6";"1";""
"202400030869";"155727428";"A01";"1";"7";"2";"0";"1";"1";"1";""
"202400030870";"155727427";"A01";"2";"7";"0";"1";"3";"1";"1";""
"202400030871";"155727425";"A01";"1";"7";"0";"2";"1";"5";"1";""
"202400030871";"155727426";"B01";"2";"7";"0";"2";"1";"1";"1";""
"202400030872";"155727423";"A01";"2";"32";"0";"0";"0";"1";"1";""
"202400030873";"155727421";"A01";"1";"13";"15";"0";"7";"1";"1";""
"202400030874";"155727419";"A01";"2";"7";"3";"2";"1";"1";"1";""
"202400030874";"155727420";"B01";"2";"10";"0";"2";"6";"11";"1";""
"202400030875";"155727422";"A01";"1";"7";"0";"2";"3";"15";"1";""
"202400030875";"155727424";"B01";"1";"7";"0";"2";"6";"15";"1";""
"202400030876";"155727417";"A01";"3";"33";"12";"0";"2";"1";"6";""
"202400030877";"155727413";"D01";"1";"10";"0";"2";"1";"1";"1";""
"202400030877";"155727415";"C01";"1";"10";"0";"2";"7";"1";"1";""
"202400030877";"155727416";"A01";"1";"7";"0";"2";"5";"12";"1";""
"202400030877";"155727418";"B01";"1";"14";"0";"2";"3";"1";"1";""
"202400030878";"155727412";"A01";"1";"38";"0";"2";"1";"2";"1";"4"
"202400030878";"155727414";"B01";"1";"15";"0";"2";"4";"2";"1";""
"202400030879";"155727410";"B01";"2";"7";"0";"2";"4";"2";"1";""
"202400030879";"155727411";"A01";"2";"10";"0";"2";"1";"2";"1";""
"202400030880";"155727409";"A01";"3";"36";"0";"0";"8";"0";"1";""
"202400030881";"155727405";"A01";"0";"50";"12";"0";"1";"16";"3";""
"202400030882";"155727404";"A01";"2";"10";"0";"2";"1";"2";"1";""
"202400030882";"155727406";"B01";"2";"10";"0";"2";"4";"1";"1";""
"202400030882";"155727407";"C01";"2";"7";"0";"2";"4";"2";"1";""
"202400030882";"155727408";"D01";"2";"7";"0";"2";"4";"2";"1";""
"202400030883";"155727402";"A01";"1";"7";"0";"1";"1";"1";"1";""
"202400030884";"155727403";"A01";"1";"7";"2";"0";"7";"14";"1";""
"202400030885";"155727400";"B01";"2";"33";"0";"2";"8";"3";"1";""
"202400030885";"155727401";"A01";"2";"10";"0";"2";"7";"12";"1";""
"202400030886";"155727399";"A01";"1";"10";"0";"1";"4";"4";"1";""
"202400030887";"155727397";"A01";"1";"7";"0";"0";"2";"26";"1";""
"202400030888";"155727394";"C01";"2";"7";"0";"2";"2";"1";"1";""
"202400030888";"155727395";"D01";"2";"33";"0";"2";"6";"3";"1";""
"202400030888";"155727396";"B01";"2";"37";"0";"2";"2";"1";"1";"2"
"202400030888";"155727398";"A01";"2";"7";"0";"2";"8";"21";"1";""
"202400030889";"155727391";"A01";"2";"7";"0";"2";"4";"1";"1";""
"202400030889";"155727393";"B01";"2";"7";"0";"2";"1";"2";"1";""
"202400030890";"155727390";"B01";"1";"15";"0";"2";"4";"1";"1";""
"202400030890";"155727392";"A01";"1";"7";"0";"2";"1";"21";"1";""
"202400030891";"155727387";"A01";"2";"7";"0";"2";"2";"2";"3";""
"202400030891";"155727389";"B01";"1";"7";"14";"0";"0";"0";"1";""
"202400030892";"155727386";"B01";"2";"7";"0";"2";"4";"2";"1";""
"202400030892";"155727388";"A01";"2";"10";"0";"2";"1";"2";"1";""
"202400030893";"155727384";"A01";"2";"7";"4";"2";"9";"26";"1";""
"202400030893";"155727385";"B01";"2";"7";"0";"2";"7";"1";"1";""
"202400030894";"155727382";"A01";"2";"7";"0";"2";"5";"12";"1";""
"202400030894";"155727383";"B01";"2";"33";"0";"2";"1";"1";"1";""
"202400030895";"155727381";"A01";"2";"7";"3";"0";"2";"1";"1";""
"202400030896";"155727379";"B01";"2";"7";"0";"2";"0";"0";"1";""
"202400030896";"155727380";"A01";"2";"7";"0";"2";"1";"2";"1";""
"202400030897";"155727377";"A01";"1";"31";"0";"2";"9";"3";"1";""
"202400030897";"155727378";"B01";"1";"7";"0";"2";"5";"1";"3";""
"202400030898";"155727374";"A01";"1";"7";"0";"2";"7";"2";"1";""
"202400030898";"155727375";"B01";"1";"31";"0";"2";"8";"0";"1";""
"202400030899";"155727373";"A01";"2";"7";"0";"2";"1";"2";"1";""
"202400030899";"155727376";"B01";"2";"7";"0";"2";"4";"2";"2";""
"202400030900";"155727370";"A01";"1";"15";"0";"1";"5";"20";"1";""
"202400030900";"155727372";"B01";"1";"15";"0";"0";"0";"0";"1";""
"202400030901";"155727369";"A01";"1";"33";"0";"2";"1";"2";"1";""
"202400030901";"155727371";"B01";"1";"7";"0";"2";"5";"2";"1";""
"202400030902";"155727367";"A01";"1";"7";"0";"2";"1";"2";"1";""
"202400030902";"155727368";"B01";"1";"7";"0";"2";"4";"2";"1";""
"202400030903";"155727363";"A01";"2";"7";"0";"2";"2";"21";"1";""
"202400030903";"155727365";"B01";"2";"7";"0";"2";"8";"1";"1";""
"202400030903";"155727366";"C01";"2";"7";"0";"2";"5";"1";"1";""
"202400030904";"155727362";"A01";"2";"7";"0";"2";"7";"12";"1";""
"202400030904";"155727364";"B01";"2";"33";"0";"2";"1";"1";"1";""
"202400030905";"155727360";"A01";"2";"7";"4";"0";"1";"21";"1";""
"202400030906";"155727359";"Z01";"1";"7";"0";"2";"8";"11";"0";""
"202400030906";"155727361";"A01";"1";"33";"0";"2";"7";"1";"1";""
"202400030907";"155727356";"B01";"1";"10";"0";"2";"4";"1";"1";""
"202400030907";"155727357";"A01";"1";"10";"0";"2";"1";"1";"1";""
"202400030908";"155727354";"T01";"2";"7";"0";"2";"0";"2";"1";""
"202400030908";"155727355";"A01";"2";"7";"0";"2";"1";"2";"1";""
"202400030908";"155727358";"B01";"2";"7";"0";"2";"1";"2";"1";""
"202400030909";"155727350";"B01";"1";"7";"0";"2";"4";"12";"1";""
"202400030909";"155727352";"C01";"1";"13";"0";"2";"6";"1";"1";""
"202400030909";"155727353";"A01";"1";"7";"0";"2";"2";"1";"1";""
"202400030910";"155727349";"B01";"1";"7";"0";"2";"4";"2";"3";""
"202400030910";"155727351";"A01";"1";"7";"0";"2";"1";"2";"1";""
"202400030911";"155727348";"A01";"1";"30";"6";"0";"2";"20";"1";""
"202400030912";"155727346";"A01";"1";"7";"0";"2";"1";"1";"1";""
"202400030912";"155727347";"B01";"1";"7";"0";"2";"4";"2";"2";""
"202400030913";"155727345";"A01";"1";"80";"1";"0";"4";"1";"3";""
"202400030914";"155727344";"A01";"1";"7";"4";"2";"1";"9";"1";""
"202400030915";"155727341";"B01";"3";"7";"0";"2";"1";"2";"1";""
"202400030915";"155727343";"A01";"3";"7";"0";"2";"4";"1";"2";""
"202400030916";"155727342";"A01";"2";"10";"4";"0";"0";"0";"1";""
"202400030917";"155727338";"A01";"2";"10";"0";"2";"1";"15";"1";""
"202400030917";"155727340";"B01";"1";"10";"0";"2";"1";"1";"1";""
"202400030918";"155727336";"B01";"1";"7";"0";"2";"1";"1";" -1";""
"202400030918";"155727337";"A01";"2";"7";"0";"2";"3";"15";"1";""
"202400030918";"155727339";"B01";"2";"7";"0";"2";"1";"1";"1";""
"202400030919";"155727335";"A01";"3";"30";"0";"0";"0";"19";"1";""
"202400030920";"155727334";"A01";"2";"33";"0";"5";"1";"1";"1";""
"202400030921";"155727331";"A01";"2";"7";"0";"2";"4";"26";"1";""
"202400030921";"155727332";"B01";"2";"7";"0";"2";"1";"26";"1";""
"202400030922";"155727330";"A01";"1";"33";"0";"2";"5";"19";"1";""
"202400030922";"155727333";"B01";"1";"7";"0";"2";"1";"1";"1";""
"202400030923";"155727327";"A01";"1";"7";"0";"2";"3";"15";"1";""
"202400030923";"155727329";"B01";"1";"33";"0";"2";"1";"26";"1";""
"202400030924";"155727326";"A01";"1";"7";"12";"2";"1";"19";"1";""
"202400030924";"155727328";"B01";"1";"30";"0";"2";"3";"1";"1";""
"202400030925";"155727323";"B01";"2";"1";"1";"0";"1";"1";"5";""
"202400030925";"155727324";"A01";"2";"7";"0";"2";"8";"22";"2";""
"202400030926";"155727322";"B01";"1";"50";"0";"2";"1";"21";"3";""
"202400030926";"155727325";"A01";"1";"7";"0";"9";"3";"21";"1";""
"202400030927";"155727320";"A01";"2";"32";"0";"1";"8";"21";"1";""
"202400030928";"155727319";"B01";"1";"10";"0";"2";"3";"1";"0";""
"202400030928";"155727321";"A01";"1";"7";"0";"2";"1";"19";"2";""
"202400030929";"155727317";"B01";"1";"10";"0";"0";"5";"23";"1";""
"202400030929";"155727318";"A01";"1";"7";"0";"2";"3";"1";"1";""
"202400030930";"155727315";"B01";"1";"7";"0";"2";"1";"1";"1";""
"202400030930";"155727316";"A01";"1";"50";"0";"2";"1";"1";"3";""
"202400030931";"155727313";"A01";"1";"50";"0";"2";"1";"5";"3";""
"202400030931";"155727314";"B01";"2";"80";"0";"2";"2";"9";"3";""
"202400030932";"155727310";"B01";"1";"7";"0";"2";"5";"2";"2";""
"202400030932";"155727311";"A01";"1";"30";"0";"2";"3";"14";"3";""
"202400030933";"155727309";"A01";"1";"7";"0";"2";"0";"0";"2";""
"202400030933";"155727312";"B01";"1";"7";"0";"2";"0";"0";"0";""
"202400030934";"155727305";"Z01";"0";"7";"0";"0";"0";"16";"1";""
"202400030934";"155727308";"A01";"0";"43";"0";"2";"8";"1";"1";""
"202400030935";"155727304";"A01";"1";"7";"0";"2";"1";"1";"1";""
"202400030935";"155727306";"B01";"1";"7";"0";"2";"4";"1";"1";""
"202400030935";"155727307";"C01";"1";"7";"0";"2";"4";"1";"1";""
"202400030936";"155727301";"A01";"3";"7";"0";"2";"4";"2";"1";""
"202400030936";"155727303";"B01";"3";"2";"0";"2";"1";"2";"1";""
"202400030937";"155727300";"A01";"3";"10";"0";"2";"6";"9";"1";""
"202400030937";"155727302";"B01";"3";"7";"0";"2";"3";"1";"1";""
"202400030938";"155727298";"B01";"1";"7";"0";"2";"1";"1";"1";""
"202400030938";"155727299";"A01";"2";"7";"0";"2";"1";"13";"3";""
"202400030939";"155727296";"A01";"2";"10";"6";"2";"1";"17";"1";""
"202400030939";"155727297";"B01";"2";"2";"0";"2";"1";"1";"1";""
"202400030940";"155727294";"B01";"2";"50";"0";"2";"1";"1";"3";""
"202400030940";"155727295";"A01";"2";"7";"0";"2";"1";"15";"1";""
"202400030941";"155727293";"A01";"3";"7";"4";"0";"1";"14";"1";""
"202400030942";"155727291";"B01";"2";"7";"0";"2";"1";"15";" -1";""
"202400030942";"155727292";"A01";"2";"2";"0";"2";"0";"19";"6";""
"202400030943";"155727288";"A01";"1";"7";"0";"2";"5";"16";"1";""
"202400030943";"155727290";"B01";"1";"1";"0";"2";"1";"1";"5";""
"202400030944";"155727287";"B01";"2";"33";"0";"2";"1";"1";"1";""
"202400030944";"155727289";"A01";"1";"7";"0";"2";"7";"1";"1";""
"202400030945";"155727285";"A01";"0";"7";"9";"0";"2";"14";"1";""
"202400030946";"155727284";"A01";"3";"7";"0";"2";"3";"16";"2";""
"202400030946";"155727286";"B01";"1";"99";"0";"2";"3";"11";"6";""
"202400030947";"155727282";"A01";"0";"7";"0";"2";"1";"2";"1";""
"202400030947";"155727283";"B01";"0";"7";"0";"2";"4";"2";"1";""
"202400030948";"155727281";"A01";"1";"7";"3";"0";"0";"0";"1";""
"202400030949";"155727279";"A01";"3";"7";"16";"0";"3";"19";"1";""
"202400030950";"155727276";"A01";"1";"7";"0";"2";"1";"9";"1";""
"202400030950";"155727277";"C01";"2";"50";"0";"2";"0";"5";"3";""
"202400030950";"155727278";"B01";"2";"50";"0";"2";"1";"5";"3";""
"202400030950";"155727280";"D01";"2";"50";"0";"2";"0";"5";"3";""
"202400030951";"155727275";"A01";"3";"7";"14";"0";"1";"11";"1";""
"202400030952";"155727272";"A01";"1";"37";"0";"2";"0";"1";"2";"1"
"202400030952";"155727273";"B01";"1";"1";"0";"2";"0";"1";"5";""
"202400030953";"155727271";"B01";"3";"7";"0";"2";"7";"1";"0";""
"202400030953";"155727274";"A01";"3";"7";"0";"2";"1";"9";"0";""
"202400030954";"155727269";"B01";"2";"32";"1";"2";"1";"1";"0";""
"202400030954";"155727270";"A01";"2";"7";"0";"2";"2";"26";"0";""
"202400030955";"155727268";"A01";"1";"7";"0";"1";"2";"15";"1";""
"202400030956";"155727266";"A01";"2";"34";"14";"0";"1";"0";"1";""
"202400030957";"155727265";"B01";"1";"7";"0";"2";"8";"1";"2";""
"202400030957";"155727267";"A01";"1";"33";"0";"2";"1";"1";"1";""
"202400030958";"155727264";"A01";"1";"7";"0";"1";"2";"1";"1";""
"202400030959";"155727263";"A01";"2";"7";"8";"0";"1";"0";"1";""
"202400030960";"155727262";"A01";"3";"7";"0";"1";"3";"15";"1";""
"202400030961";"155727261";"A01";"2";"7";"0";"1";"2";"14";"1";""
"202400030962";"155727259";"A01";"1";"7";"0";"9";"1";"9";"1";""
"202400030962";"155727260";"B01";"2";"30";"0";"2";"7";"1";"3";""
"202400030963";"155727257";"A01";"1";"7";"0";"2";"2";"9";"1";""
"202400030963";"155727258";"B01";"1";"7";"4";"2";"8";"1";"1";""