"Num_Acc";"id_vehicule";"num_veh";"senc";"catv";"obs";"obsm";"choc";"manv";"motor";"occutc"
"202400030964";"155727256";"A01";"2";"7";"0";"1";"6";"1";"6";""
"202400030965";"155727255";"A01";"3";"7";"11";"0";"0";"0";"1";""
"202400030966";"155727254";"A01";"2";"7";"3";"0";"3";"14";"1";""
"202400030967";"155727251";"A01";"2";"7";"0";"2";"1";"2";"1";""
"202400030967";"155727252";"B01";"2";"7";"0";"2";"9";"2";"3";""
"202400030967";"155727253";"C01";"2";"7";"0";"2";"4";"2";"1";""
"202400030968";"155727249";"B01";"1";"10";"0";"2";"1";"2";"1";""
"202400030968";"155727250";"A01";"1";"7";"0";"0";"4";"15";"1";""
"202400030969";"155727247";"A01";"2";"7";"0";"2";"3";"15";"1";""
"202400030969";"155727248";"B01";"1";"32";"0";"2";"1";"1";"1";""
"202400030970";"155727246";"A01";"1";"7";"2";"0";"2";"1";"1";""
"202400030971";"155727245";"B01";"1";"7";"0";"2";"2";"15";"1";""
"202400030972";"155727241";"A01";"3";"7";"0";"9";"3";"1";"1";""
"202400030972";"155727243";"B01";"2";"1";"0";"2";"8";"2";"5";""
"202400030973";"155727242";"B01";"2";"31";"0";"2";"1";"1";"1";""
"202400030973";"155727244";"A01";"1";"7";"0";"2";"2";"15";"2";""
"202400030974";"155727240";"A01";"3";"7";"0";"1";"2";"16";"1";""
"202400030975";"155727238";"A01";"2";"7";"0";"2";"1";"5";"1";""
"202400030975";"155727239";"B01";"1";"7";"0";"2";"1";"1";"1";""
"202400030976";"155727236";"B01";"1";"7";"8";"0";"6";"1";"1";""
"202400030976";"155727237";"A01";"1";"7";"0";"2";"2";"14";"1";""
"202400030977";"155727234";"A01";"3";"7";"1";"0";"3";"13";"1";""
"202400030978";"155727233";"A01";"1";"33";"0";"2";"1";"17";"1";""
"202400030978";"155727235";"B01";"2";"10";"0";"2";"3";"1";"1";""
"202400030979";"155727232";"A01";"2";"10";"0";"1";"1";"1";"1";""
"202400030980";"155727231";"A01";"1";"7";"2";"0";"3";"2";"1";""
"202400030981";"155727228";"A01";"2";"7";"0";"2";"5";"16";"1";""
"202400030981";"155727230";"B01";"2";"1";"0";"2";"1";"1";"5";""
"202400030982";"155727226";"C01";"2";"15";"0";"2";"1";"2";"1";""
"202400030982";"155727227";"A01";"2";"7";"0";"2";"3";"17";"2";""
"202400030982";"155727229";"B01";"1";"10";"0";"2";"1";"13";"1";""
"202400030983";"155727224";"A01";"2";"30";"0";"2";"1";"1";"1";""
"202400030983";"155727225";"B01";"1";"10";"0";"2";"7";"15";"1";""
"202400030984";"155727222";"B01";"1";"7";"0";"2";"1";"1";"0";""
"202400030984";"155727223";"A01";"1";"7";"3";"2";"1";"5";"1";""
"202400030985";"155727221";"A01";"2";"7";"6";"0";"2";"21";"1";""
"202400030986";"155727218";"A01";"2";"7";"0";"2";"1";"17";"1";""
"202400030986";"155727219";"B01";"2";"7";"0";"2";"8";"0";"1";""
"202400030986";"155727220";"C01";"1";"7";"0";"2";"1";"14";"1";""
"202400030987";"155727216";"A01";"2";"7";"0";"2";"2";"15";"1";""
"202400030987";"155727217";"B01";"1";"33";"0";"2";"1";"1";"1";""
"202400030988";"155727215";"A01";"2";"7";"2";"0";"1";"1";"1";""
"202400030989";"155727212";"A01";"3";"7";"0";"2";"3";"26";"1";""
"202400030989";"155727213";"B01";"3";"34";"0";"2";"1";"1";"1";""
"202400030989";"155727214";"C01";"3";"7";"0";"2";"1";"23";"1";""
"202400030990";"155727210";"A01";"1";"7";"0";"0";"1";"13";"1";""
"202400030990";"155727211";"B01";"2";"10";"0";"0";"1";"1";"1";""
"202400030991";"155727209";"A01";"3";"7";"0";"1";"2";"1";"1";""
"202400030992";"155727208";"A01";"0";"2";"8";"0";"0";"1";"1";""
"202400030993";"155727205";"A01";"3";"7";"0";"9";"3";"11";"1";""
"202400030993";"155727207";"B01";"2";"50";"0";"2";"3";"21";"3";""
"202400030994";"155727203";"B01";"2";"7";"0";"2";"4";"1";"1";""
"202400030994";"155727204";"A01";"2";"10";"0";"2";"1";"2";"1";""
"202400030994";"155727206";"C01";"2";"7";"0";"2";"6";"2";"1";""
"202400030995";"155727198";"A01";"1";"7";"0";"2";"1";"13";"1";""
"202400030995";"155727200";"B01";"2";"38";"0";"2";"1";"21";"1";"5"
"202400030996";"155727199";"A01";"1";"7";"8";"0";"1";"14";"1";""
"202400030997";"155727193";"A01";"3";"7";"4";"0";"3";"1";"1";""
"202400030998";"155727190";"A01";"2";"33";"0";"2";"1";"26";"1";""
"202400030998";"155727192";"B01";"2";"7";"1";"0";"6";"2";"1";""
"202400030999";"155727189";"A01";"2";"7";"0";"2";"2";"14";"1";""
"202400030999";"155727191";"B01";"2";"15";"0";"0";"6";"1";"1";""
"202400031000";"155727183";"A01";"1";"15";"0";"2";"6";"23";"1";""
"202400031000";"155727184";"B01";"1";"17";"1";"0";"2";"14";"1";""
"202400031000";"155727186";"D01";"1";"10";"9";"0";"1";"1";"1";""
"202400031000";"155727187";"C01";"1";"7";"9";"0";"1";"1";"1";""
"202400031001";"155727181";"A01";"3";"7";"0";"2";"1";"2";"1";""
"202400031001";"155727182";"B01";"3";"7";"0";"2";"0";"0";"1";""
"202400031002";"155727177";"B01";"1";"2";"0";"2";"7";"10";"1";""
"202400031002";"155727179";"A01";"2";"7";"0";"2";"3";"1";"1";""
"202400031003";"155727173";"A01";"2";"7";"2";"0";"1";"1";"1";""
"202400031004";"155727171";"A01";"2";"7";"0";"2";"1";"13";"1";""
"202400031004";"155727172";"C01";"2";"7";"0";"2";"0";"1";"1";""
"202400031004";"155727174";"E01";"2";"7";"0";"2";"0";"1";"1";""
"202400031004";"155727175";"F01";"1";"32";"0";"2";"0";"1";"1";""
"202400031004";"155727176";"G01";"2";"7";"0";"2";"4";"23";"1";""
"202400031004";"155727178";"D01";"2";"10";"0";"2";"0";"1";"1";""
"202400031005";"155727168";"A01";"1";"3";"13";"0";"2";"1";"1";""
"202400031006";"155727166";"A01";"1";"7";"0";"1";"3";"1";"0";""
"202400031007";"155727165";"B01";"1";"33";"0";"2";"1";"2";"1";""
"202400031007";"155727167";"A01";"1";"7";"0";"2";"3";"10";"2";""
"202400031008";"155727162";"B01";"3";"2";"0";"2";"1";"1";"1";""
"202400031008";"155727164";"A01";"3";"7";"0";"2";"7";"15";"1";""
"202400031009";"155727161";"B01";"1";"15";"0";"2";"3";"21";"1";""
"202400031009";"155727163";"A01";"1";"7";"0";"2";"1";"19";"1";""
"202400031010";"155727159";"A01";"1";"7";"0";"2";"2";"16";"3";""
"202400031010";"155727160";"B01";"1";"50";"0";"2";"1";"9";"3";""
"202400031011";"155727156";"A01";"3";"7";"0";"2";"3";"1";"1";""
"202400031011";"155727158";"B01";"3";"38";"0";"2";"3";"1";"1";"8"
"202400031012";"155727155";"B01";"1";"7";"0";"1";"1";"1";"1";""
"202400031012";"155727157";"A01";"2";"7";"0";"2";"1";"15";"1";""
"202400031013";"155727152";"C01";"2";"1";"0";"2";"1";"2";"5";""
"202400031013";"155727153";"A01";"2";"7";"0";"0";"4";"23";"1";""
"202400031013";"155727154";"B01";"2";"1";"0";"2";"1";"2";"5";""
"202400031014";"155727149";"A01";"2";"7";"0";"2";"1";"0";"1";""
"202400031014";"155727150";"B01";"1";"7";"0";"2";"1";"1";"1";""
"202400031015";"155727147";"A01";"1";"2";"0";"2";"1";"1";"1";""
"202400031015";"155727148";"B01";"2";"7";"0";"2";"1";"17";"1";""
"202400031016";"155727146";"A01";"1";"7";"0";"1";"2";"2";"1";""
"202400031017";"155727151";"A01";"2";"1";"0";"1";"1";"1";"5";""
"202400031018";"155727144";"A01";"1";"7";"0";"2";"7";"15";"1";""
"202400031018";"155727145";"B01";"2";"2";"0";"2";"1";"1";"1";""
"202400031019";"155727142";"B01";"2";"50";"0";"2";"3";"1";"3";""
"202400031019";"155727143";"A01";"2";"7";"0";"2";"5";"17";"2";""
"202400031020";"155727141";"A01";"3";"7";"0";"1";"1";"26";"1";""
"202400031021";"155727138";"A01";"2";"10";"6";"1";"1";"21";"1";""
"202400031022";"155727139";"A01";"1";"7";"0";"2";"2";"1";"1";""
"202400031022";"155727140";"B01";"1";"7";"0";"2";"6";"24";"1";""
"202400031023";"155727136";"A01";"3";"7";"5";"0";"1";"1";"1";""
"202400031024";"155727135";"A01";"2";"7";"0";"2";"8";"10";"1";""
"202400031024";"155727137";"B01";"2";"43";"0";"2";"1";"1";"1";""
"202400031025";"155727134";"A01";"1";"7";"13";"0";"1";"1";"1";""
"202400031026";"155727132";"B01";"2";"1";"0";"2";"1";"1";"5";""
"202400031026";"155727133";"A01";"2";"37";"0";"2";"6";"1";"1";"1"
"202400031027";"155727131";"A01";"1";"7";"13";"0";"8";"1";"1";""
"202400031028";"155727127";"A01";"2";"7";"0";"2";"2";"15";"1";""
"202400031028";"155727129";"B01";"2";"2";"0";"2";"3";"1";"1";""
"202400031029";"155727126";"A01";"2";"33";"0";"2";"0";"3";"1";""
"202400031029";"155727128";"B01";"2";"10";"0";"2";"8";"11";"1";""
"202400031029";"155727130";"C01";"1";"10";"0";"2";"1";"1";"1";""
"202400031030";"155727125";"A01";"1";"40";"0";"1";"1";"1";"3";""
"202400031031";"155727123";"A01";"1";"7";"0";"9";"6";"26";"1";""
"202400031031";"155727124";"B01";"1";"33";"0";"2";"1";"26";"1";""
"202400031032";"155727121";"B01";"2";"1";"0";"2";"6";"1";"5";""
"202400031032";"155727122";"Z01";"2";"7";"0";"2";"6";"22";"2";""
"202400031033";"155727119";"B01";"2";"7";"0";"0";"5";"1";"1";""
"202400031033";"155727120";"A01";"2";"7";"0";"2";"3";"1";"1";""
"202400031034";"155727116";"B01";"1";"50";"0";"2";"1";"1";"3";""
"202400031034";"155727118";"A01";"1";"7";"0";"2";"3";"1";"1";""
"202400031035";"155727113";"B01";"3";"2";"0";"2";"1";"1";"1";""
"202400031035";"155727114";"A01";"3";"10";"0";"2";"3";"15";"0";""
"202400031036";"155727112";"A01";"1";"2";"8";"1";"1";"25";"1";""
"202400031037";"155727110";"A01";"2";"7";"0";"2";"1";"5";"1";""
"202400031037";"155727111";"B01";"2";"7";"0";"2";"8";"15";"1";""
"202400031038";"155727109";"A01";"3";"7";"0";"1";"1";"26";"1";""
"202400031039";"155727115";"B01";"2";"7";"0";"2";"4";"1";"1";""
"202400031039";"155727117";"A01";"2";"7";"0";"2";"1";"2";"1";""
"202400031040";"155727107";"A01";"1";"13";"0";"9";"8";"2";"1";""
"202400031040";"155727108";"B01";"1";"33";"0";"2";"7";"0";"1";""
"202400031041";"155727105";"A01";"1";"7";"0";"2";"1";"1";"0";""
"202400031041";"155727106";"B01";"1";"7";"0";"2";"4";"1";"1";""
"202400031042";"155727103";"A01";"1";"10";"0";"2";"1";"2";"1";""
"202400031042";"155727104";"B01";"1";"7";"0";"2";"4";"2";"2";""
"202400031043";"155727101";"A01";"2";"7";"0";"2";"1";"2";"1";""
"202400031043";"155727102";"B01";"2";"7";"0";"2";"0";"1";"3";""
"202400031044";"155727100";"A01";"2";"7";"4";"0";"3";"1";"1";""
"202400031045";"155727098";"A01";"1";"7";"0";"2";"1";"2";"1";""
"202400031045";"155727099";"B01";"1";"7";"0";"2";"4";"2";"1";""
"202400031046";"155727097";"A01";"1";"33";"0";"2";"2";"1";"1";""
"202400031047";"155727094";"A01";"2";"7";"0";"2";"1";"1";"1";""
"202400031047";"155727095";"B01";"2";"7";"0";"2";"4";"1";"1";""
"202400031047";"155727096";"C01";"2";"7";"0";"2";"4";"1";"1";""
"202400031048";"155727091";"C01";"1";"10";"0";"2";"4";"2";"1";""
"202400031048";"155727092";"A01";"1";"14";"0";"2";"1";"2";"1";""
"202400031048";"155727093";"B01";"1";"7";"0";"2";"4";"2";"2";""
"202400031049";"155727090";"A01";"1";"7";"4";"0";"3";"13";"1";""
"202400031050";"155727088";"A01";"0";"7";"0";"2";"5";"19";"1";""
"202400031050";"155727089";"B01";"0";"2";"0";"2";"1";"1";"1";""
"202400031051";"155727087";"A01";"1";"7";"0";"1";"1";"0";"0";""
"202400031052";"155727085";"B01";"1";"30";"1";"2";"1";"1";"1";""
"202400031052";"155727086";"A01";"1";"7";"1";"0";"6";"15";"1";""
"202400031053";"155727084";"A01";"1";"10";"0";"1";"2";"1";"1";""
"202400031054";"155727082";"A01";"3";"7";"0";"2";"3";"15";"1";""
"202400031054";"155727083";"B01";"3";"32";"0";"2";"1";"1";"1";""
"202400031055";"155727081";"A01";"3";"7";"0";"1";"2";"16";"1";""
"202400031056";"155727079";"B01";"3";"60";"0";"2";"1";"1";"5";""
"202400031056";"155727080";"A01";"3";"7";"0";"9";"3";"15";"1";""
"202400031057";"155727076";"B01";"2";"7";"0";"2";"3";"1";"1";""
"202400031057";"155727077";"A01";"1";"7";"0";"2";"2";"15";"1";""
"202400031057";"155727078";"C01";"2";"7";"0";"2";"3";"23";"1";""
"202400031058";"155727075";"A01";"3";"7";"0";"1";"4";"4";"1";""
"202400031059";"155727073";"B01";"1";"7";"0";"2";"7";"1";"1";""
"202400031059";"155727074";"A01";"1";"30";"0";"2";"8";"26";"1";""
"202400031060";"155727071";"A01";"2";"50";"0";"2";"1";"17";"3";""
"202400031060";"155727072";"B01";"2";"7";"0";"2";"3";"15";"1";""
"202400031061";"155727069";"A01";"2";"7";"0";"2";"1";"16";"1";""
"202400031061";"155727070";"B01";"2";"33";"0";"2";"7";"26";"1";""
"202400031062";"155727067";"A01";"2";"7";"0";"2";"1";"13";"1";""
"202400031062";"155727068";"B01";"1";"7";"0";"2";"1";"1";"1";""
"202400031063";"155727065";"A01";"2";"33";"0";"2";"3";"13";"1";""
"202400031063";"155727066";"B01";"2";"7";"0";"2";"2";"1";"1";""
"202400031064";"155727063";"A01";"1";"7";"0";"2";"6";"9";"1";""
"202400031064";"155727064";"B01";"1";"7";"0";"2";"2";"21";"1";""
"202400031065";"155727061";"A01";"2";"2";"0";"2";"1";"2";"1";""
"202400031065";"155727062";"B01";"2";"7";"0";"2";"4";"1";"1";""
"202400031066";"155727058";"B01";"2";"7";"0";"2";"4";"23";"1";""
"202400031066";"155727059";"C01";"2";"7";"0";"2";"1";"2";"1";""
"202400031066";"155727060";"A01";"2";"7";"0";"2";"4";"23";"1";""
"202400031067";"155727057";"A01";"2";"7";"0";"1";"2";"1";"1";""
"202400031068";"155727055";"B01";"3";"1";"0";"2";"8";"15";"5";""
"202400031068";"155727056";"A01";"3";"7";"0";"2";"7";"17";"1";""
"202400031069";"155727053";"A01";"3";"7";"0";"2";"3";"15";"1";""
"202400031069";"155727054";"B01";"3";"7";"0";"2";"2";"1";"1";""
"202400031070";"155727052";"A01";"3";"7";"15";"0";"2";"1";"1";""
"202400031071";"155727050";"A01";"2";"7";"0";"2";"8";"15";"1";""
"202400031071";"155727051";"B01";"2";"2";"0";"2";"1";"3";"1";""
"202400031072";"155727049";"A01";"3";"2";"0";"2";"1";"15";"1";""
"202400031073";"155727048";"A01";"3";"7";"9";"0";"1";"14";"1";""
"202400031074";"155727047";"A01";"1";"7";"0";"1";"3";"1";"1";""
"202400031075";"155727045";"Y01";"0";"99";"0";"2";"0";"26";"0";""
"202400031075";"155727046";"A01";"1";"10";"0";"2";"7";"1";"1";""
"202400031076";"155727044";"A01";"1";"40";"0";"1";"1";"1";"3";""
"202400031077";"155727042";"A01";"2";"7";"0";"2";"3";"1";"1";""
"202400031077";"155727043";"B01";"1";"10";"0";"2";"2";"1";"1";""
"202400031078";"155727041";"A01";"1";"7";"0";"1";"2";"1";"1";""
"202400031079";"155727039";"B01";"3";"1";"0";"2";"8";"1";"5";""
"202400031079";"155727040";"A01";"3";"7";"0";"2";"1";"9";"1";""
"202400031080";"155727037";"A01";"1";"50";"0";"2";"1";"0";"3";""
"202400031080";"155727038";"B01";"1";"50";"0";"2";"8";"26";"3";""
"202400031081";"155727035";"A01";"3";"7";"0";"2";"2";"1";"0";""
"202400031081";"155727036";"B01";"3";"7";"0";"2";"7";"15";"1";""
"202400031082";"155727033";"A01";"3";"33";"0";"0";"0";"0";"1";""
"202400031082";"155727034";"B01";"1";"10";"0";"2";"6";"15";"0";""
"202400031083";"155727031";"B01";"3";"7";"0";"2";"1";"1";"2";""
"202400031083";"155727032";"A01";"3";"7";"9";"2";"8";"15";"1";""
"202400031084";"155727029";"A01";"1";"10";"0";"2";"3";"16";"1";""
"202400031084";"155727030";"B01";"1";"32";"0";"2";"1";"1";"1";""
"202400031085";"155727028";"A01";"1";"7";"15";"0";"1";"15";"1";""
"202400031086";"155727027";"A01";"1";"7";"0";"1";"1";"1";"1";""
"202400031087";"155727026";"A01";"1";"10";"0";"0";"1";"1";"1";""
"202400031088";"155727024";"A01";"2";"7";"0";"2";"1";"17";"1";""
"202400031088";"155727025";"B01";"2";"7";"0";"2";"8";"15";"1";""
"202400031089";"155727022";"B01";"3";"2";"0";"2";"7";"1";"1";""
"202400031089";"155727023";"A01";"3";"7";"0";"2";"3";"15";"1";""
"202400031090";"155727020";"B01";"1";"7";"6";"2";"2";"1";"1";""
"202400031090";"155727021";"A01";"2";"7";"0";"2";"1";"1";"2";""
"202400031091";"155727019";"A01";"2";"7";"8";"0";"1";"2";"1";""
"202400031092";"155727018";"A01";"2";"7";"0";"0";"1";"14";"1";""
"202400031093";"155727016";"B01";"1";"7";"0";"2";"1";"1";"1";""
"202400031093";"155727017";"A01";"1";"7";"0";"2";"1";"1";"1";""
"202400031094";"155727015";"A01";"2";"7";"0";"1";"1";"1";"1";""
"202400031095";"155727014";"A01";"2";"7";"0";"1";"1";"21";"1";""
"202400031096";"155727012";"B01";"3";"2";"0";"2";"2";"17";"1";""
"202400031096";"155727013";"A01";"3";"7";"0";"2";"3";"10";"1";""
"202400031097";"155727011";"A01";"0";"7";"0";"0";"1";"1";"1";""
"202400031098";"155727009";"A01";"1";"7";"0";"2";"8";"15";"1";""
"202400031098";"155727010";"B01";"2";"2";"0";"2";"8";"2";"1";""
"202400031099";"155727007";"B01";"2";"50";"0";"2";"8";"19";"3";""
"202400031099";"155727008";"A01";"3";"7";"0";"2";"1";"9";"1";""
"202400031100";"155727005";"A01";"1";"31";"0";"2";"1";"17";"1";""
"202400031100";"155727006";"B01";"1";"7";"0";"2";"3";"15";"1";""
"202400031101";"155727003";"A01";"2";"7";"0";"2";"2";"3";"1";""
"202400031101";"155727004";"B01";"2";"7";"0";"2";"6";"1";"1";""
"202400031102";"155727001";"B01";"1";"7";"0";"2";"4";"2";"2";""
"202400031102";"155727002";"A01";"1";"7";"0";"2";"1";"2";"2";""
"202400031103";"155726999";"Z01";"1";"7";"0";"2";"7";"12";"0";""
"202400031103";"155727000";"A01";"1";"33";"0";"2";"8";"3";"1";""
"202400031104";"155726997";"B01";"2";"7";"0";"2";"4";"2";"1";""
"202400031104";"155726998";"A01";"2";"7";"0";"2";"1";"2";"1";""
"202400031105";"155726994";"A01";"1";"31";"0";"2";"1";"3";"1";""
"202400031105";"155726995";"B01";"1";"7";"0";"2";"4";"2";"1";""
"202400031105";"155726996";"C01";"1";"7";"0";"2";"2";"1";"1";""
"202400031106";"155726992";"B01";"1";"7";"0";"2";"3";"1";"1";""
"202400031106";"155726993";"A01";"2";"10";"0";"2";"2";"9";"1";""
"202400031107";"155726990";"A01";"2";"31";"0";"0";"0";"7";"1";""
"202400031107";"155726991";"B01";"2";"7";"0";"0";"0";"7";"2";""
"202400031108";"155726987";"A01";"1";"7";"12";"0";"2";"16";"2";""
"202400031108";"155726989";"B01";"1";"1";"12";"0";"8";"1";"5";""
"202400031109";"155726985";"A01";"3";"7";"0";"0";"1";"16";"1";""
"202400031109";"155726986";"B01";"2";"7";"0";"0";"1";"1";"1";""
"202400031109";"155726988";"C01";"3";"7";"0";"0";"1";"23";"1";""
"202400031110";"155726984";"A01";"1";"30";"0";"0";"0";"0";"1";""
"202400031111";"155726983";"A01";"1";"7";"14";"0";"8";"1";"1";""
"202400031112";"155726982";"A01";"1";"7";"2";"0";"3";"14";"1";""
"202400031113";"155726979";"A01";"2";"7";"0";"2";"1";"2";"1";""
"202400031113";"155726981";"B01";"2";"2";"0";"0";"4";"0";"1";""
"202400031114";"155726978";"B01";"1";"7";"0";"0";"1";"1";"1";""
"202400031114";"155726980";"A01";"1";"14";"0";"2";"2";"1";"1";""
"202400031115";"155726976";"B01";"2";"32";"0";"2";"1";"1";"1";""
"202400031115";"155726977";"A01";"0";"31";"0";"2";"3";"24";"1";""
"202400031116";"155726974";"A01";"2";"7";"0";"2";"3";"15";"2";""
"202400031116";"155726975";"B01";"2";"7";"0";"2";"2";"1";"1";""
"202400031117";"155726973";"A01";"1";"31";"0";"1";"1";"9";"1";""
"202400031118";"155726971";"B01";"2";"2";"0";"2";"1";"1";"1";""
"202400031118";"155726972";"A01";"1";"7";"0";"2";"1";"1";"1";""
"202400031119";"155726970";"A01";"1";"7";"0";"1";"4";"4";"1";""
"202400031120";"155726968";"A01";"2";"30";"0";"1";"7";"1";"1";""
"202400031121";"155726967";"A01";"1";"30";"0";"2";"1";"15";"1";""
"202400031121";"155726969";"B01";"1";"7";"0";"2";"2";"1";"1";""
"202400031122";"155726964";"B01";"3";"7";"0";"2";"4";"2";"2";""
"202400031122";"155726966";"A01";"3";"30";"0";"2";"1";"0";"1";""
"202400031123";"155726963";"A01";"2";"13";"0";"2";"7";"12";"1";""
"202400031123";"155726965";"B01";"2";"7";"0";"0";"8";"1";"1";""
"202400031124";"155726959";"A01";"1";"7";"1";"0";"1";"14";"1";""
"202400031124";"155726961";"B01";"2";"7";"0";"2";"1";"24";"1";""
"202400031125";"155726958";"C01";"2";"7";"0";"2";"1";"0";"1";""
"202400031125";"155726960";"A01";"1";"7";"0";"2";"1";"26";"1";""
"202400031125";"155726962";"B01";"1";"7";"0";"2";"4";"0";"1";""
"202400031126";"155726954";"A01";"3";"7";"0";"2";"2";"26";"1";""
"202400031126";"155726956";"B01";"1";"50";"0";"2";"1";"1";"3";""
"202400031127";"155726953";"A01";"2";"10";"0";"2";"1";"2";"1";""
"202400031127";"155726955";"B01";"2";"7";"0";"2";"1";"2";"1";""
"202400031127";"155726957";"C01";"2";"7";"0";"0";"4";"2";"1";""
"202400031128";"155726951";"A01";"1";"7";"17";"0";"1";"14";"1";""
"202400031129";"155726950";"A01";"1";"7";"1";"0";"1";"1";"1";""
"202400031129";"155726952";"C01";"3";"7";"1";"2";"4";"24";"1";""
"202400031130";"155726948";"A01";"0";"7";"0";"1";"4";"20";"1";""
"202400031131";"155726947";"A01";"2";"7";"0";"2";"2";"17";"0";""
"202400031131";"155726949";"B01";"2";"7";"0";"2";"4";"1";"1";""
"202400031132";"155726946";"A01";"0";"7";"0";"0";"2";"1";"1";""
"202400031133";"155726944";"A01";"1";"7";"0";"9";"3";"15";"1";""
"202400031133";"155726945";"B01";"1";"1";"0";"2";"3";"17";"5";""
"202400031134";"155726942";"A01";"2";"50";"0";"9";"1";"13";"3";""
"202400031134";"155726943";"B01";"1";"1";"0";"9";"1";"11";"5";""
"202400031135";"155726939";"B01";"1";"1";"0";"2";"4";"0";"5";""
"202400031135";"155726941";"A01";"3";"2";"0";"2";"1";"0";"0";""
"202400031136";"155726940";"A01";"2";"7";"14";"0";"1";"1";"1";""
"202400031137";"155726938";"A01";"3";"7";"0";"1";"1";"1";"1";""
"202400031138";"155726934";"A01";"1";"7";"0";"2";"1";"19";"1";""
"202400031138";"155726936";"B01";"2";"7";"0";"2";"1";"1";"1";""
"202400031139";"155726935";"A01";"1";"7";"0";"2";"0";"11";"1";""
"202400031139";"155726937";"B01";"1";"7";"0";"2";"2";"12";"1";""
"202400031140";"155726932";"A01";"0";"7";"6";"0";"1";"0";"1";""
"202400031141";"155726931";"A01";"2";"7";"0";"2";"3";"1";"1";""
"202400031141";"155726933";"B01";"2";"7";"0";"2";"4";"1";"1";""
"202400031142";"155726930";"A01";"1";"7";"13";"0";"1";"0";"1";""
"202400031143";"155726927";"B01";"1";"7";"0";"2";"6";"2";"1";""
"202400031143";"155726928";"A01";"1";"7";"0";"2";"1";"2";"1";""
"202400031144";"155726925";"C01";"2";"7";"0";"2";"1";"1";"3";""
"202400031144";"155726926";"A01";"2";"7";"0";"2";"4";"12";"1";""
"202400031144";"155726929";"B01";"2";"10";"0";"2";"1";"1";"1";""
"202400031145";"155726923";"B01";"1";"7";"0";"2";"1";"1";"1";""
"202400031145";"155726924";"A01";"2";"7";"0";"2";"4";"13";"1";""
"202400031146";"155726921";"A01";"2";"32";"4";"0";"1";"1";"1";""
"202400031147";"155726917";"B01";"3";"7";"0";"2";"3";"15";"1";""
"202400031147";"155726918";"A01";"2";"50";"0";"2";"1";"17";"3";""
"202400031148";"155726916";"D01";"2";"7";"0";"2";"8";"1";"1";""
"202400031148";"155726919";"A01";"2";"13";"0";"2";"1";"1";"1";""
"202400031148";"155726920";"B01";"2";"7";"0";"2";"4";"1";"1";""
"202400031148";"155726922";"C01";"2";"33";"0";"2";"4";"3";"1";""
"202400031149";"155726915";"A01";"1";"7";"0";"1";"3";"19";"1";""
"202400031150";"155726913";"A01";"1";"7";"1";"0";"1";"2";"1";""
"202400031150";"155726914";"B01";"1";"7";"1";"2";"4";"23";"1";""
"202400031151";"155726911";"A01";"1";"7";"0";"2";"2";"5";"1";""
"202400031151";"155726912";"B01";"2";"7";"0";"2";"6";"5";"1";""
"202400031152";"155726909";"A01";"1";"7";"0";"2";"6";"23";"1";""
"202400031152";"155726910";"B01";"2";"7";"1";"0";"2";"9";"1";""
"202400031153";"155726908";"A01";"2";"7";"5";"0";"0";"13";"1";""
"202400031154";"155726907";"A01";"2";"7";"0";"0";" -1";"1";"1";""
"202400031155";"155726906";"A01";"2";"7";"13";"0";"0";"0";"1";""
"202400031156";"155726903";"A01";"1";"7";"0";"2";"3";"1";"1";""
"202400031156";"155726905";"B01";"2";"7";"0";"2";"2";"1";"1";""
"202400031157";"155726902";"B01";"2";"7";"0";"2";"0";"0";"1";""
"202400031157";"155726904";"A01";"2";"7";"0";"2";"0";"0";"1";""
"202400031158";"155726901";"A01";"2";"7";"0";"1";"0";"24";"1";""
"202400031159";"155726900";"A01";"2";"7";"0";"1";"0";"1";"1";""
"202400031160";"155726898";"A01";"2";"7";"0";"2";"2";"1";"1";""
"202400031160";"155726899";"B01";"2";"60";"0";"2";"8";"15";"5";""
"202400031161";"155726897";"A01";"1";"10";"0";"0";"0";"0";"1";""
"202400031162";"155726895";"A01";"1";"7";"0";"2";"4";"1";"3";""
"202400031162";"155726896";"B01";"1";"7";"0";"2";"1";"1";"1";""
"202400031163";"155726893";"A01";"2";"7";"0";"2";"1";"2";"1";""
"202400031163";"155726894";"B01";"2";"7";"0";"2";"6";"15";"1";""
"202400031164";"155726891";"A01";"1";"2";"0";"2";"1";"1";"1";""
"202400031164";"155726892";"B01";"2";"7";"0";"2";"3";"15";"1";""
"202400031165";"155726890";"A01";"2";"7";"0";"1";"3";"1";"1";""
"202400031166";"155726888";"A01";"2";"7";"16";"2";"9";"26";"6";""
"202400031166";"155726889";"B01";"2";"7";"0";"2";"8";"1";"1";""
"202400031167";"155726886";"B01";"1";"7";"0";"2";"3";"1";"2";""
"202400031167";"155726887";"A01";"1";"7";"0";"2";"3";"13";"1";""
"202400031168";"155726883";"B01";"2";"7";"0";"2";"4";"1";"1";""
"202400031168";"155726884";"C01";"2";"7";"0";"2";"6";"1";"1";""
"202400031168";"155726885";"A01";"2";"10";"15";"2";"1";"1";"1";""
"202400031169";"155726882";"A01";"1";"33";"0";"1";"2";"26";"1";""
"202400031170";"155726880";"A01";"2";"7";"0";"2";"1";"1";"1";""
"202400031170";"155726881";"B01";"1";"7";"0";"2";"1";"0";"1";""