"Num_Acc";"id_vehicule";"num_veh";"senc";"catv";"obs";"obsm";"choc";"manv";"motor";"occutc"
"202400031171";"155726876";"B01";"1";"2";"0";"2";"3";"1";"3";""
"202400031171";"155726877";"A01";"1";"7";"0";"2";"2";"1";"1";""
"202400031172";"155726874";"B01";"1";"37";"0";"2";"8";"2";"1";"4"
"202400031172";"155726875";"A01";"2";"7";"8";"0";"1";"26";"2";""
"202400031173";"155726872";"B01";"3";"7";"0";"2";"7";"1";"1";""
"202400031173";"155726873";"A01";"3";"7";"0";"2";"1";"1";"1";""
"202400031174";"155726871";"A01";"2";"7";"0";"1";"1";"1";"1";""
"202400031175";"155726870";"A01";"2";"7";"2";"0";"2";"14";"1";""
"202400031176";"155726868";"B01";"1";"7";"0";"2";"8";"1";"1";""
"202400031176";"155726869";"A01";"1";"7";"0";"2";"1";"19";"1";""
"202400031177";"155726866";"B01";"3";"1";"0";"2";"4";"1";"5";""
"202400031177";"155726867";"Z01";"3";"7";"0";"2";"1";"1";"0";""
"202400031178";"155726864";"A01";"3";"7";"0";"2";"3";"9";"1";""
"202400031178";"155726865";"B01";"2";"1";"0";"2";"1";"1";"5";""
"202400031179";"155726863";"A01";"1";"33";"0";"0";"7";"26";"1";""
"202400031180";"155726862";"A01";"3";"7";"13";"0";"1";"26";"1";""
"202400031181";"155726860";"A01";"3";"60";"0";"2";"5";"1";"5";""
"202400031181";"155726861";"B01";"3";"7";"0";"9";"5";"1";"1";""
"202400031182";"155726859";"Z01";"1";"7";"0";"1";"1";"0";"0";""
"202400031183";"155726857";"A01";"1";"7";"0";"2";"3";"13";"1";""
"202400031183";"155726858";"B01";"2";"7";"3";"2";"8";"1";"1";""
"202400031184";"155726855";"A01";"2";"7";"0";"2";"7";"12";"1";""
"202400031184";"155726856";"B01";"2";"33";"0";"2";"8";"3";"1";""
"202400031185";"155726853";"A01";"1";"10";"0";"2";"1";"2";"1";""
"202400031185";"155726854";"B01";"1";"7";"0";"2";"4";"2";"1";""
"202400031186";"155726851";"A01";"1";"7";"0";"2";"7";"12";"1";""
"202400031186";"155726852";"B01";"1";"33";"0";"2";"8";"1";"1";""
"202400031187";"155726847";"B01";"1";"7";"0";"2";"4";"2";"1";""
"202400031187";"155726848";"C01";"1";"7";"0";"2";"4";"2";"1";""
"202400031187";"155726849";"D01";"1";"7";"0";"2";"4";"2";"1";""
"202400031187";"155726850";"A01";"1";"10";"0";"2";"1";"2";"1";""
"202400031188";"155726845";"A01";"1";"43";"0";"2";"1";"2";"1";""
"202400031188";"155726846";"B01";"1";"7";"0";"0";"6";"2";"1";""
"202400031189";"155726844";"A01";"2";"7";"0";"1";"7";"1";"2";""
"202400031190";"155726842";"B01";"3";"33";"0";"2";"3";"1";"1";""
"202400031190";"155726843";"A01";"3";"10";"0";"2";"7";"15";"1";""
"202400031191";"155726836";"A01";"2";"10";"0";"2";"1";"1";"1";""
"202400031191";"155726837";"B01";"2";"33";"0";"2";"4";"1";"1";""
"202400031191";"155726838";"C01";"2";"7";"0";"0";"4";"1";"1";""
"202400031191";"155726839";"E01";"2";"10";"0";"2";"4";"1";"1";""
"202400031191";"155726840";"F01";"2";"7";"0";"2";"7";"1";"1";""
"202400031191";"155726841";"D01";"2";"10";"0";"2";"4";"1";"1";""
"202400031192";"155726834";"A01";"2";"1";"0";"2";"8";"1";"5";""
"202400031192";"155726835";"Z01";"0";"7";"0";"2";"7";"17";"0";""
"202400031193";"155726833";"A01";"1";"2";"0";"0";"2";"2";"3";""
"202400031194";"155726832";"A01";"1";"30";"0";"0";"2";"1";"3";""
"202400031195";"155726830";"B01";"1";"7";"0";"2";"5";"1";"1";""
"202400031195";"155726831";"A01";"1";"7";"0";"2";"1";"0";"1";""
"202400031196";"155726829";"A01";"3";"7";"0";"1";"2";"1";"2";""
"202400031197";"155726827";"A01";"1";"7";"0";"2";"1";"1";"1";""
"202400031197";"155726828";"B01";"1";"30";"0";"2";"4";"1";"1";""
"202400031198";"155726826";"A01";"2";"7";"12";"0";"2";"14";"1";""
"202400031199";"155726824";"A01";"2";"7";"0";"2";"3";"1";"1";""
"202400031199";"155726825";"B01";"0";"7";"0";"2";"2";"19";"1";""
"202400031200";"155726823";"A01";"3";"7";"2";"0";"3";"1";"1";""
"202400031201";"155726820";"A01";"2";"7";"0";"2";"3";"1";"1";""
"202400031201";"155726821";"B01";"1";"10";"0";"0";"6";"1";"1";""
"202400031202";"155726819";"A01";"1";"7";"13";"0";"1";"6";"1";""
"202400031203";"155726816";"A01";"1";"7";"0";"2";"3";"1";"1";""
"202400031203";"155726817";"B01";"2";"7";"0";"2";"3";"17";"1";""
"202400031203";"155726818";"C01";"2";"7";"0";"2";"4";"1";"1";""
"202400031204";"155726815";"A01";"1";"10";"13";"0";"9";"1";"1";""
"202400031205";"155726813";"A01";"2";"7";"13";"2";"2";"26";"1";""
"202400031205";"155726814";"B01";"1";"1";"0";"2";"1";"1";"5";""
"202400031206";"155726811";"B01";"1";"7";"0";"2";"1";"1";"1";""
"202400031206";"155726812";"A01";"1";"7";"0";"2";"0";"1";"1";""
"202400031207";"155726810";"A01";"1";"7";"13";"0";"8";"1";"1";""
"202400031208";"155726807";"A01";"1";"7";"0";"2";"7";"5";"1";""
"202400031208";"155726808";"B01";"2";"7";"0";"2";"1";"1";"1";""
"202400031209";"155726805";"B01";"2";"7";"0";"2";"1";"1";"1";""
"202400031209";"155726806";"A01";"1";"7";"0";"2";"1";"13";"1";""
"202400031210";"155726804";"A01";"1";"7";"14";"0";"1";"14";"1";""
"202400031211";"155726803";"A01";"1";"7";"4";"0";"1";"1";"1";""
"202400031212";"155726801";"A01";"1";"7";"0";"2";"3";"13";"1";""
"202400031212";"155726802";"B01";"2";"15";"0";"2";"3";"1";"1";""
"202400031213";"155726800";"A01";"1";"7";"0";"0";"0";"21";"1";""
"202400031214";"155726798";"A01";"2";"33";"0";"2";"1";"13";"1";""
"202400031214";"155726799";"B01";"1";"7";"0";"2";"1";"1";"1";""
"202400031215";"155726796";"A01";"1";"7";"0";"2";"3";"19";"1";""
"202400031215";"155726797";"B01";"1";"33";"0";"2";"2";"1";"1";""
"202400031216";"155726794";"A01";"2";"50";"0";"2";"3";"15";"3";""
"202400031216";"155726795";"B01";"1";"7";"0";"9";"2";"1";"1";""
"202400031217";"155726792";"B01";"1";"7";"0";"0";"4";"23";"1";""
"202400031217";"155726793";"A01";"1";"7";"0";"2";"1";"1";"1";""
"202400031218";"155726791";"A01";"2";"7";"16";"0";"0";"0";"1";""
"202400031219";"155726790";"A01";"2";"7";"0";"0";"0";"2";"1";""
"202400031220";"155726788";"B01";"2";"7";"0";"2";"1";"1";"1";""
"202400031220";"155726789";"A01";"2";"10";"0";"2";"2";"1";"1";""
"202400031221";"155726785";"A01";"1";"15";"0";"2";"3";"13";"1";""
"202400031221";"155726786";"B01";"2";"7";"0";"2";"3";"1";"1";""
"202400031222";"155726784";"B01";"2";"1";"0";"2";"8";"1";"5";""
"202400031222";"155726787";"A01";"2";"50";"0";"2";"1";"1";"3";""
"202400031223";"155726782";"A01";"1";"7";"0";"0";"7";"6";"1";""
"202400031223";"155726783";"B01";"2";"2";"0";"2";"1";"1";"1";""
"202400031224";"155726778";"A01";"1";"10";"0";"0";"4";"23";"1";""
"202400031224";"155726780";"B01";"1";"10";"0";"2";"1";"2";"1";""
"202400031225";"155726779";"B01";"1";"7";"0";"2";"4";"20";"1";""
"202400031225";"155726781";"A01";"1";"3";"0";"2";"1";"2";"1";""
"202400031226";"155726776";"A01";"1";"33";"0";"2";"1";"2";"1";""
"202400031226";"155726777";"B01";"1";"7";"0";"2";"6";"11";"1";""
"202400031227";"155726775";"A01";"3";"7";"0";"2";"1";"1";"1";""
"202400031228";"155726771";"A01";"1";"33";"0";"1";"1";"1";"1";""
"202400031229";"155726769";"B01";"2";"7";"0";"0";"1";"23";"1";""
"202400031229";"155726770";"C01";"2";"13";"0";"0";"4";"23";"1";""
"202400031229";"155726772";"D01";"2";"7";"0";"0";"0";"23";"1";""
"202400031229";"155726773";"E01";"2";"7";"0";"0";"0";"23";"1";""
"202400031229";"155726774";"A01";"2";"7";"1";"1";"1";"13";"1";""
"202400031230";"155726767";"A01";"2";"32";"0";"2";"1";"17";"1";""
"202400031230";"155726768";"B01";"2";"32";"0";"0";"6";"15";"1";""
"202400031231";"155726766";"A01";"1";"7";"6";"0";"1";"1";"1";""
"202400031232";"155726764";"A01";"2";"2";"0";"2";"1";"5";"1";""
"202400031232";"155726765";"B01";"1";"10";"0";"2";"1";"1";"1";""
"202400031233";"155726762";"B01";"2";"7";"0";"2";"8";"15";"1";""
"202400031233";"155726763";"A01";"2";"33";"0";"2";"7";"17";"1";""
"202400031234";"155726760";"A01";"2";"7";"0";"2";"1";"13";"1";""
"202400031234";"155726761";"B01";"1";"31";"0";"2";"1";"1";"1";""
"202400031235";"155726759";"A01";"1";"7";"0";"1";"3";"1";"1";""
"202400031236";"155726756";"A01";"1";"32";"0";"2";"8";"11";"1";""
"202400031236";"155726758";"B01";"1";"7";"0";"2";"2";"1";"1";""
"202400031237";"155726755";"B01";"1";"7";"0";"2";"1";"1";"1";""
"202400031237";"155726757";"A01";"2";"7";"0";"2";"7";"15";"1";""
"202400031238";"155726752";"B01";"1";"1";"0";"2";"7";"1";"5";""
"202400031238";"155726754";"A01";"1";"7";"0";"2";"8";"9";"1";""
"202400031239";"155726753";"A01";"2";"10";"2";"0";"9";"14";"1";""
"202400031240";"155726751";"A01";"2";"40";"0";"1";"7";"1";"3";""
"202400031241";"155726749";"A01";"3";"10";"0";"2";"8";"2";"1";""
"202400031241";"155726750";"B01";"3";"2";"0";"2";"2";"17";"1";""
"202400031242";"155726747";"A01";"2";"7";"0";"2";"1";"19";"2";""
"202400031242";"155726748";"B01";"2";"33";"0";"2";"7";"1";"1";""
"202400031243";"155726744";"B01";"2";"2";"0";"2";"1";"1";"0";""
"202400031243";"155726746";"A01";"2";"7";"0";"0";"6";"26";"1";""
"202400031244";"155726743";"A01";"0";"7";"0";"2";"1";"15";"1";""
"202400031244";"155726745";"B01";"0";"7";"0";"2";"3";"1";"1";""
"202400031245";"155726742";"A01";"2";"7";"0";"1";"2";"1";"1";""
"202400031246";"155726741";"A01";"0";"50";"0";"1";"1";"0";"3";""
"202400031247";"155726739";"A01";"1";"7";"0";"2";"4";"2";"1";""
"202400031247";"155726740";"B01";"1";"7";"0";"2";"1";"2";"1";""
"202400031248";"155726735";"A01";"1";"7";"0";"2";"8";"10";"1";""
"202400031248";"155726738";"B01";"2";"33";"0";"2";"1";"1";"1";""
"202400031249";"155726734";"C01";"2";"10";"1";"0";"2";"2";"1";""
"202400031249";"155726736";"A01";"2";"7";"0";"2";"1";"2";"1";""
"202400031249";"155726737";"B01";"2";"7";"0";"0";"4";"2";"2";""
"202400031250";"155726731";"A01";"1";"7";"4";"2";"1";"1";"1";""
"202400031250";"155726732";"B01";"1";"10";"0";"2";"1";"1";"1";""
"202400031251";"155726730";"B01";"1";"7";"0";"2";"3";"1";"1";""
"202400031251";"155726733";"A01";"1";"7";"0";"2";"1";"1";"1";""
"202400031252";"155726727";"A01";"1";"10";"0";"1";"2";"26";"1";""
"202400031253";"155726725";"A01";"2";"7";"0";"2";"7";"5";"1";""
"202400031253";"155726726";"C01";"1";"17";"0";"2";"6";"24";"1";""
"202400031253";"155726728";"D01";"1";"17";"1";"2";"5";"21";"1";""
"202400031253";"155726729";"B01";"1";"7";"0";"2";"7";"21";"2";""
"202400031254";"155726721";"A01";"2";"43";"0";"2";"1";"12";"1";""
"202400031254";"155726723";"B01";"2";"7";"4";"2";"8";"1";"1";""
"202400031255";"155726722";"B01";"3";"7";"0";"2";"4";"2";"1";""
"202400031255";"155726724";"A01";"3";"32";"0";"2";"1";"2";"1";""
"202400031256";"155726720";"A01";"1";"7";"4";"0";"4";"0";"1";""
"202400031257";"155726718";"A01";"3";"7";"0";"2";"1";"1";"1";""
"202400031258";"155726717";"A01";"2";"7";"0";"2";"1";"2";"1";""
"202400031258";"155726719";"B01";"2";"7";"0";"2";"4";"2";"2";""
"202400031259";"155726713";"B01";"1";"33";"0";"2";"1";"1";"1";""
"202400031259";"155726715";"A01";"1";"7";"0";"2";"4";"2";"1";""
"202400031260";"155726714";"A01";"3";"7";"0";"2";"1";"13";"1";""
"202400031260";"155726716";"B01";"3";"7";"0";"2";"6";"15";"2";""
"202400031261";"155726709";"A01";"3";"7";"0";"2";"1";"1";"1";""
"202400031261";"155726711";"B01";"3";"1";"0";"2";"8";"19";"5";""
"202400031262";"155726704";"C01";"2";"7";"0";"2";"4";"1";"1";""
"202400031262";"155726706";"D01";"2";"10";"0";"2";"4";"1";"1";""
"202400031262";"155726707";"B01";"2";"7";"0";"2";"4";"1";"1";""
"202400031262";"155726708";"E01";"2";"7";"0";"2";"4";"1";"2";""
"202400031262";"155726710";"F01";"2";"10";"0";"2";"4";"1";"1";""
"202400031262";"155726712";"A01";"2";"7";"0";"2";"2";"12";"1";""
"202400031263";"155726705";"A01";"3";"7";"0";"1";"1";"1";"1";""
"202400031264";"155726701";"A01";"2";"7";"0";"2";"3";"1";"1";""
"202400031264";"155726703";"B01";"2";"7";"3";"2";"5";"12";"1";""
"202400031265";"155726702";"A01";"1";"3";"0";"1";"2";"0";"1";""
"202400031266";"155726698";"B01";"2";"10";"0";"2";"8";"26";"0";""
"202400031266";"155726700";"A01";"2";"7";"0";"2";"2";"0";"1";""
"202400031267";"155726697";"B01";"2";"7";"0";"2";"3";"1";"1";""
"202400031267";"155726699";"A01";"1";"50";"0";"2";"1";"1";"3";""
"202400031268";"155726694";"A01";"2";"7";"3";"2";"1";"1";"1";""
"202400031268";"155726696";"Z01";"2";"7";"0";"2";"0";"0";"0";""
"202400031269";"155726693";"B01";"1";"7";"0";"2";"2";"1";"1";""
"202400031269";"155726695";"A01";"1";"50";"0";"2";"1";"1";"3";""
"202400031270";"155726692";"A01";"1";"33";"3";"0";"0";"1";"1";""
"202400031271";"155726690";"A01";"1";"7";"0";"2";"2";"2";"1";""
"202400031271";"155726691";"B01";"1";"80";"0";"2";"4";"1";"3";""
"202400031272";"155726689";"A01";"2";"7";"0";"2";"1";"1";"1";""
"202400031273";"155726688";"A01";"3";"7";"0";"1";"1";"18";"1";""
"202400031274";"155726686";"A01";"2";"7";"0";"2";"1";"12";"1";""
"202400031274";"155726687";"B01";"2";"33";"0";"2";"4";"1";"1";""
"202400031275";"155726683";"A01";"3";"33";"0";"2";"7";"17";"1";""
"202400031275";"155726685";"B01";"3";"7";"0";"2";"8";"15";"1";""
"202400031276";"155726681";"C01";"1";"7";"0";"2";"2";"1";"2";""
"202400031276";"155726682";"A01";"1";"7";"3";"2";"1";"18";"2";""
"202400031276";"155726684";"B01";"1";"7";"0";"2";"4";"1";"1";""
"202400031277";"155726680";"A01";"3";"7";"0";"1";"2";"15";"1";""
"202400031278";"155726678";"B01";"2";"7";"0";"2";"4";"1";"1";""
"202400031278";"155726679";"A01";"2";"10";"0";"2";"1";"1";"1";""
"202400031279";"155726675";"B01";"2";"7";"0";"2";"1";"21";"1";""
"202400031279";"155726676";"A01";"2";"7";"3";"2";"1";"21";"1";""
"202400031280";"155726674";"Z01";"0";"1";"0";"9";"1";"19";"5";""
"202400031280";"155726677";"A01";"1";"1";"0";"9";"2";"1";"5";""
"202400031281";"155726672";"A01";"2";"1";"1";"2";"3";"1";"5";""
"202400031281";"155726673";"B01";"2";"10";"1";"0";"3";"24";"0";""
"202400031282";"155726668";"A01";"2";"7";"0";"2";"3";"16";"1";""
"202400031282";"155726670";"B01";"1";"7";"0";"2";"1";"1";"1";""
"202400031283";"155726669";"B01";"1";"1";"0";"2";"1";"1";"5";""
"202400031283";"155726671";"A01";"1";"7";"0";"2";"8";"15";"1";""
"202400031284";"155726667";"A01";"1";"7";"5";"0";"2";"14";"1";""
"202400031285";"155726666";"A01";"3";"33";"0";"5";"1";"1";"1";""
"202400031286";"155726664";"B01";"2";"2";"0";"2";"7";"1";"1";""
"202400031286";"155726665";"A01";"1";"7";"0";"9";"3";"9";"1";""
"202400031287";"155726662";"A01";"3";"7";"4";"0";"1";"9";"1";""
"202400031288";"155726660";"A01";"2";"7";"0";"2";"3";"1";"1";""
"202400031288";"155726663";"B01";"2";"37";"0";"2";"1";"1";"1";"3"
"202400031289";"155726658";"C01";"1";"7";"4";"2";"6";"2";"1";""
"202400031289";"155726659";"B01";"1";"7";"4";"2";"9";"1";"1";""
"202400031289";"155726661";"A01";"1";"7";"4";"2";"9";"18";"1";""
"202400031290";"155726657";"A01";"3";"10";"0";"1";"4";"25";"1";""
"202400031291";"155726655";"A01";"1";"7";"0";"2";"1";"1";"1";""
"202400031291";"155726656";"B01";"1";"7";"0";"2";"4";"20";"1";""
"202400031292";"155726652";"A01";"3";"10";"0";"2";"2";"16";"0";""
"202400031292";"155726654";"B01";"3";"1";"0";"2";"1";"1";"5";""
"202400031293";"155726653";"A01";"3";"33";"14";"0";"1";"17";"1";""
"202400031294";"155726650";"A01";"1";"7";"0";"2";"2";"15";"1";""
"202400031294";"155726651";"B01";"2";"7";"0";"2";"1";"1";"1";""
"202400031295";"155726649";"A01";"1";"7";"0";"0";"3";"26";"1";""
"202400031296";"155726648";"A01";"1";"31";"12";"0";"1";"17";"1";""
"202400031297";"155726646";"A01";"2";"80";"0";"0";"7";"15";"3";""
"202400031297";"155726647";"B01";"1";"7";"0";"2";"1";"1";"1";""
"202400031298";"155726642";"B01";"0";"10";"0";"2";"7";"16";"1";""
"202400031298";"155726645";"A01";"3";"30";"0";"2";"1";"21";"3";""
"202400031299";"155726640";"A01";"1";"7";"0";"2";"7";"15";"1";""
"202400031299";"155726641";"B01";"2";"2";"0";"2";"1";"1";"1";""
"202400031300";"155726639";"A01";"2";"7";"13";"0";"1";"13";"1";""
"202400031301";"155726637";"A01";"1";"10";"0";"2";"1";"2";"1";""
"202400031301";"155726638";"B01";"1";"7";"0";"2";"4";"2";"1";""
"202400031302";"155726635";"A01";"3";"7";"0";"1";"2";"1";"1";""
"202400031303";"155726636";"A01";"2";"7";"0";"1";"2";"16";"1";""
"202400031304";"155726633";"A01";"2";"7";"0";"2";"7";"15";"1";""
"202400031304";"155726634";"B01";"1";"33";"0";"2";"1";"1";"1";""
"202400031305";"155726630";"A01";"2";"7";"0";"2";"3";"15";"1";""
"202400031305";"155726632";"B01";"2";"50";"0";"2";"3";"1";"3";""
"202400031306";"155726629";"B01";"3";"50";"0";"2";"1";"1";"3";""
"202400031306";"155726631";"A01";"3";"7";"0";"2";"1";"16";"1";""
"202400031307";"155726628";"A01";"2";"3";"15";"0";"1";"1";"1";""
"202400031308";"155726624";"A01";"1";"7";"0";"2";"1";"1";"1";""
"202400031308";"155726626";"B01";"1";"7";"0";"2";"4";"1";"1";""
"202400031309";"155726621";"C01";"2";"7";"0";"0";"0";"0";"1";""
"202400031309";"155726625";"A01";"1";"7";"0";"0";"1";"13";"1";""
"202400031309";"155726627";"B01";"2";"7";"0";"0";"8";"14";"1";""
"202400031310";"155726619";"B01";"2";"7";"0";"2";"4";"23";"1";""
"202400031310";"155726620";"A01";"2";"7";"0";"2";"1";"26";"1";""
"202400031311";"155726616";"B01";"3";"50";"0";"2";"2";"19";"3";""
"202400031311";"155726618";"A01";"3";"7";"0";"2";"2";"15";"1";""
"202400031312";"155726622";"A01";"2";"7";"0";"2";"3";"2";"1";""
"202400031312";"155726623";"B01";"2";"7";"15";"2";"5";"2";"1";""
"202400031313";"155726613";"A01";"2";"33";"2";"0";"0";"0";"1";""
"202400031314";"155726611";"A01";"3";"7";"0";"2";"1";"1";"1";""
"202400031314";"155726615";"B01";"1";"32";"0";"2";"7";"1";"1";""
"202400031315";"155726610";"A01";"1";"7";"0";"0";"0";"9";"1";""
"202400031316";"155726607";"A01";"0";"7";"0";"2";"5";"17";"1";""
"202400031316";"155726608";"B01";"0";"7";"0";"2";"3";"1";"1";""
"202400031317";"155726605";"A01";"3";"7";"0";"1";"1";"1";"1";""
"202400031318";"155726603";"A01";"0";"7";"0";"1";"5";"20";"1";""
"202400031319";"155726601";"A01";"3";"7";"8";"0";"1";"13";"1";""
"202400031320";"155726602";"B01";"2";"7";"0";"2";"3";"1";"1";""
"202400031320";"155726604";"A01";"2";"30";"0";"2";"2";"15";"1";""
"202400031321";"155726599";"A01";"2";"50";"0";"2";"8";"2";"3";""
"202400031321";"155726600";"B01";"2";"7";"0";"2";"2";"2";"1";""
"202400031322";"155726597";"A01";"1";"7";"0";"1";"3";"16";"1";""
"202400031323";"155726595";"A01";"1";"7";"6";"0";"1";"0";"1";""
"202400031324";"155726596";"A01";"2";"7";"0";"2";"3";"15";"1";""
"202400031324";"155726598";"B01";"2";"2";"0";"2";"3";"15";"1";""
"202400031325";"155726594";"A01";"1";"7";"6";"2";"1";"0";"1";""
"202400031326";"155726592";"A01";"2";"7";"8";"0";"3";"26";"1";""
"202400031327";"155726589";"C01";"1";"10";"0";"2";"1";"1";"1";""
"202400031327";"155726590";"A01";"1";"33";"0";"2";"3";"12";"1";""
"202400031327";"155726591";"B01";"1";"7";"0";"2";"2";"1";"2";""
"202400031328";"155726588";"A01";"2";"7";"0";"1";"1";"1";"1";""
"202400031329";"155726586";"A01";"2";"10";"0";"1";"7";"1";"1";""
"202400031330";"155726587";"B01";"3";"1";"0";"2";"2";"26";"5";""
"202400031330";"155726593";"A01";"2";"7";"0";"2";"3";"26";"1";""
"202400031331";"155726584";"A01";"2";"7";"0";"2";"2";"15";"1";""
"202400031331";"155726585";"B01";"1";"30";"0";"2";"1";"1";"1";""
"202400031332";"155726583";"A01";"1";"7";"0";"1";"1";"1";"2";""
"202400031333";"155726580";"B01";"3";"7";"0";"2";"4";"0";"1";""
"202400031333";"155726581";"A01";"3";"7";"0";"2";"1";"1";"1";""
"202400031334";"155726578";"A01";"1";"2";"0";"1";"1";"1";"3";""
"202400031335";"155726579";"A01";"1";"7";"0";"2";"2";"16";"1";""
"202400031335";"155726582";"B01";"1";"1";"0";"0";"0";"1";"5";""
"202400031336";"155726577";"Z01";"0";"7";"0";"1";"0";"0";"1";""
"202400031337";"155726575";"A01";"1";"7";"0";"1";"1";"10";"1";""
"202400031338";"155726573";"B01";"2";"7";"0";"2";"1";"0";"2";""
"202400031338";"155726574";"A01";"1";"10";"0";"2";"1";"5";"1";""
"202400031339";"155726572";"A01";"1";"7";"0";"2";"3";"15";"1";""
"202400031339";"155726576";"B01";"1";"1";"0";"2";"1";"16";"5";""
"202400031340";"155726569";"A01";"3";"7";"0";"2";"1";"13";"1";""
"202400031340";"155726571";"B01";"3";"50";"0";"2";"1";"0";"3";""
"202400031341";"155726568";"B01";"1";"1";"1";"2";"1";"1";"5";""
"202400031341";"155726570";"A01";"1";"10";"0";"2";"8";"22";"1";""
"202400031342";"155726567";"A01";"1";"7";"0";"1";"2";"1";"1";""
"202400031343";"155726564";"A01";"1";"7";"0";"1";"4";"4";"1";""
"202400031344";"155726563";"Z01";"2";"0";"0";"0";"0";"0";"0";""
"202400031344";"155726565";"A01";"2";"30";"0";"2";"0";"1";"1";""
"202400031345";"155726561";"A01";"1";"10";"0";"2";"1";"2";"1";""
"202400031345";"155726562";"B01";"0";"7";"0";"2";"1";"23";"1";""
"202400031345";"155726566";"C01";"1";"7";"0";"2";"4";"23";"1";""
"202400031346";"155726559";"B01";"2";"7";"0";"0";"6";"23";"1";""
"202400031346";"155726560";"A01";"2";"2";"0";"2";"2";"13";"1";""
"202400031347";"155726558";"A01";"3";"7";"8";"0";"3";"1";"1";""
"202400031348";"155726557";"A01";"2";"80";"0";"1";"1";"17";"3";""
"202400031349";"155726554";"A01";"1";"7";"0";"2";"4";"2";"1";""
"202400031349";"155726556";"B01";"1";"2";"0";"2";"1";"2";"3";""
"202400031350";"155726553";"A01";"2";"10";"0";"1";"1";"1";"1";""
"202400031351";"155726552";"B01";"3";"7";"0";"2";"3";"1";"1";""
"202400031351";"155726555";"A01";"3";"32";"0";"2";"7";"12";"1";""
"202400031352";"155726549";"B01";"1";"31";"0";"2";"1";"1";"1";""
"202400031352";"155726551";"A01";"1";"7";"0";"2";"1";"15";"1";""
"202400031353";"155726548";"A01";"2";"33";"0";"2";"1";"1";"1";""
"202400031353";"155726550";"B01";"2";"7";"0";"2";"5";"1";"1";""
"202400031354";"155726545";"A01";"2";"7";"0";"0";"0";"1";"1";""
"202400031355";"155726542";"B01";"1";"7";"0";"2";"1";"2";"1";""
"202400031355";"155726544";"C01";"1";"7";"0";"2";"1";"2";"1";""
"202400031355";"155726546";"A01";"1";"10";"0";"2";"1";"2";"1";""
"202400031355";"155726547";"D01";"1";"7";"0";"2";"4";"2";"1";""
"202400031356";"155726541";"A01";"2";"7";"13";"0";"1";"1";"1";""
"202400031357";"155726540";"A01";"3";"30";"0";"0";"0";"0";"1";""
"202400031358";"155726538";"A01";"3";"2";"0";"2";"3";"1";"1";""
"202400031358";"155726539";"B01";"0";"0";"0";"2";"0";"0";" -1";""
"202400031359";"155726532";"A01";"2";"50";"0";"2";"1";"1";"3";""
"202400031359";"155726533";"B01";"1";"7";"0";"2";"7";"1";"1";""
"202400031360";"155726535";"A01";"1";"7";"0";"2";"3";"13";"1";""
"202400031360";"155726537";"B01";"2";"7";"0";"2";"8";"1";"1";""
"202400031361";"155726530";"A01";"1";"80";"0";"2";"1";"1";"3";""
"202400031361";"155726531";"B01";"1";"7";"0";"2";"3";"22";"1";""
"202400031362";"155726528";"A01";"2";"7";"0";"1";"1";"1";"1";""
"202400031363";"155726526";"A01";"2";"7";"0";"0";"1";"26";"1";""
"202400031364";"155726527";"A01";"2";"7";"0";"2";"3";"1";"1";""
"202400031364";"155726529";"B01";"1";"7";"0";"2";"2";"10";"1";""
"202400031365";"155726523";"A01";"3";"10";"0";"1";"4";"4";"1";""
"202400031366";"155726522";"B01";"1";"7";"0";"2";"4";"2";"1";""
"202400031366";"155726525";"A01";"1";"7";"0";"2";"1";"2";"1";""
"202400031367";"155726520";"A01";"0";"30";"0";"2";"1";"5";"1";""
"202400031367";"155726524";"B01";"0";"7";"0";"2";"1";"1";"1";""
"202400031368";"155726519";"A01";"2";"7";"0";"2";"7";"16";"1";""
"202400031368";"155726521";"B01";"2";"1";"0";"2";"8";"2";"5";""
"202400031369";"155726517";"A01";"2";"7";"0";"1";"1";"26";"1";""
"202400031370";"155726516";"A01";"2";"7";"0";"2";"4";"23";"1";""
"202400031370";"155726518";"B01";"2";"7";"0";"2";"1";"1";"1";""
"202400031371";"155726514";"B01";"2";"7";"0";"2";"4";"2";"3";""
"202400031371";"155726515";"A01";"2";"7";"0";"2";"1";"2";"1";""
"202400031372";"155726511";"A01";"3";"50";"0";"1";"1";"25";"3";""
"202400031373";"155726509";"B01";"1";"7";"0";"2";"1";"1";"0";""
"202400031373";"155726512";"A01";"1";"7";"0";"2";"8";"15";"0";""
"202400031374";"155726507";"A01";"3";"7";"0";"2";"1";"1";"1";""
"202400031374";"155726510";"B01";"3";"10";"0";"2";"4";"23";"1";""
"202400031374";"155726513";"C01";"3";"7";"0";"2";"4";"0";"1";""
"202400031375";"155726504";"A01";"3";"7";"0";"2";"1";"13";"1";""
"202400031375";"155726506";"B01";"3";"7";"0";"2";"1";"2";"1";""
"202400031376";"155726505";"B01";"1";"2";"0";"2";"7";"17";"1";""
"202400031376";"155726508";"A01";"1";"7";"0";"2";"3";"13";"1";""
"202400031377";"155726501";"A01";"1";"7";"0";"2";"1";"8";"1";""
"202400031377";"155726503";"B01";"2";"37";"0";"2";"3";"24";"1";"1"
"202400031378";"155726499";"A01";"2";"30";"0";"2";"1";"1";"1";""
"202400031378";"155726502";"B01";"2";"7";"0";"2";"6";"26";"1";""
"202400031379";"155726498";"A01";"1";"7";"0";"2";"1";"2";"1";""