"Num_Acc";"id_vehicule";"num_veh";"senc";"catv";"obs";"obsm";"choc";"manv";"motor";"occutc"
"202400031379";"155726500";"B01";"1";"7";"0";"2";"4";"2";"1";""
"202400031380";"155726497";"A01";"1";"7";"4";"0";"0";"16";"1";""
"202400031381";"155726494";"B01";"2";"50";"0";"2";"1";"1";"3";""
"202400031381";"155726496";"A01";"1";"80";"0";"2";"1";"5";"3";""
"202400031382";"155726495";"A01";"1";"7";"0";"1";"1";"15";"2";""
"202400031383";"155726488";"A01";"2";"7";"0";"2";"3";"13";"1";""
"202400031383";"155726491";"B01";"1";"7";"0";"2";"3";"1";"1";""
"202400031384";"155726492";"A01";"3";"34";"0";"2";"1";"26";"1";""
"202400031384";"155726493";"B01";"3";"10";"0";"2";"3";"19";"1";""
"202400031385";"155726487";"A01";"2";"33";"0";"0";"7";"1";"1";""
"202400031385";"155726489";"B01";"2";"7";"0";"2";"1";"1";"2";""
"202400031386";"155726486";"A01";"1";"37";"0";"1";"2";"1";"1";"1"
"202400031387";"155726485";"A01";"2";"32";"0";"1";"1";"1";"1";""
"202400031388";"155726483";"A01";"2";"7";"8";"0";"2";"14";"1";""
"202400031389";"155726484";"A01";"1";"7";"0";"1";"1";"16";"1";""
"202400031390";"155726482";"A01";"3";"7";"0";"1";"1";"0";"1";""
"202400031391";"155726480";"A01";"0";"7";"0";"1";"1";"20";"0";""
"202400031392";"155726481";"A01";"1";"7";"0";"1";"0";"1";"1";""
"202400031393";"155726476";"B01";"1";"34";"0";"2";"4";"26";"1";""
"202400031393";"155726478";"A01";"1";"7";"0";"2";"1";"0";"1";""
"202400031394";"155726474";"B01";"1";"7";"0";"2";"4";"0";"1";""
"202400031394";"155726475";"A01";"0";"10";"0";"2";"1";"1";"1";""
"202400031395";"155726473";"B01";"2";"7";"0";"2";"4";"1";"1";""
"202400031395";"155726477";"C01";"1";"7";"0";"2";"4";"1";"1";""
"202400031395";"155726479";"A01";"2";"7";"0";"2";"1";"1";"1";""
"202400031396";"155726472";"A01";"2";"7";"0";"1";"3";"15";"1";""
"202400031397";"155726471";"A01";"2";"7";"0";"1";"1";"1";"1";""
"202400031398";"155726470";"A01";"2";"7";"0";"1";"2";"15";"2";""
"202400031399";"155726469";"A01";"1";"1";"0";"9";"8";"0";"5";""
"202400031400";"155726467";"A01";"1";"7";"0";"2";"1";"2";"1";""
"202400031400";"155726468";"B01";"1";"7";"0";"2";"4";"2";"1";""
"202400031401";"155726463";"B01";"2";"7";"0";"2";"4";"2";"1";""
"202400031401";"155726465";"A01";"2";"7";"0";"2";"1";"2";"1";""
"202400031402";"155726462";"B01";"1";"7";"2";"2";"1";"21";"1";""
"202400031402";"155726466";"A01";"3";"7";"0";"2";"2";"15";"3";""
"202400031403";"155726459";"A01";"1";"7";"0";"2";"3";"1";"1";""
"202400031403";"155726461";"B01";"1";"33";"0";"2";"4";"1";"1";""
"202400031404";"155726458";"B01";"2";"33";"0";"2";"1";"1";"1";""
"202400031404";"155726460";"C01";"2";"34";"0";"2";"1";"1";"1";""
"202400031404";"155726464";"A01";"2";"1";"0";"2";"4";"15";"5";""
"202400031405";"155726456";"A01";"3";"7";"0";"2";"3";"5";"1";""
"202400031405";"155726457";"B01";"3";"7";"0";"2";"3";"1";"1";""
"202400031406";"155726455";"A01";"2";"7";"6";"0";"1";"26";"1";""
"202400031407";"155726454";"A01";"2";"7";"2";"0";"7";"1";"1";""
"202400031408";"155726451";"A01";"3";"7";"0";"1";"4";"26";"1";""
"202400031409";"155726453";"A01";"3";"7";"0";"1";"8";"15";"3";""
"202400031410";"155726450";"A01";"3";"7";"0";"2";"2";"15";"3";""
"202400031410";"155726452";"B01";"3";"33";"0";"2";"1";"1";"1";""
"202400031411";"155726449";"A01";"1";"7";"2";"0";"1";"1";"1";""
"202400031412";"155726446";"A01";"1";"7";"1";"2";"3";"13";"1";""
"202400031412";"155726448";"B01";"1";"32";"1";"2";"1";"1";"1";""
"202400031413";"155726443";"B01";"1";"7";"0";"2";"6";"23";"1";""
"202400031413";"155726447";"A01";"1";"33";"0";"2";"1";"16";"1";""
"202400031414";"155726442";"A01";"2";"80";"0";"2";"6";"1";"3";""
"202400031414";"155726445";"Z01";"2";"1";"0";"2";"1";"17";"5";""
"202400031415";"155726441";"A01";"1";"33";"0";"2";"3";"5";"1";""
"202400031415";"155726444";"B01";"2";"33";"0";"2";"3";"1";"1";""
"202400031416";"155726439";"A01";"2";"7";"0";"2";"1";"2";"1";""
"202400031416";"155726440";"B01";"2";"7";"0";"2";"4";"2";"1";""
"202400031417";"155726433";"B01";"1";"7";"0";"2";"5";"12";"1";""
"202400031417";"155726435";"C01";"1";"15";"0";"2";"3";"1";"1";""
"202400031417";"155726438";"A01";"1";"33";"0";"2";"3";"3";"1";""
"202400031418";"155726434";"A01";"1";"7";"12";"2";"3";"13";"2";""
"202400031418";"155726436";"B01";"2";"7";"0";"2";"0";"0";"0";""
"202400031419";"155726437";"A01";"1";"7";"2";"0";"3";"13";"2";""
"202400031420";"155726430";"A01";"2";"7";"0";"2";"1";"1";"1";""
"202400031420";"155726432";"B01";"2";"7";"0";"2";"4";"1";"2";""
"202400031421";"155726428";"A01";"1";"7";"0";"1";"4";"4";"2";""
"202400031422";"155726427";"A01";"1";"7";"16";"0";"9";"17";"1";""
"202400031423";"155726426";"A01";"1";"33";"0";"2";"1";"12";"1";""
"202400031423";"155726429";"B01";"1";"7";"0";"2";"6";"1";"1";""
"202400031423";"155726431";"C01";"1";"7";"0";"2";"2";"1";"3";""
"202400031424";"155726425";"A01";"2";"7";"0";"1";"1";"1";"1";""
"202400031425";"155726422";"A01";"1";"3";"0";"0";"9";"0";"1";""
"202400031426";"155726420";"B01";"3";"7";"0";"2";"4";"2";"1";""
"202400031426";"155726424";"A01";"1";"7";"0";"2";"1";"2";"1";""
"202400031427";"155726416";"A01";"1";"7";"0";"1";"2";"1";"1";""
"202400031428";"155726417";"D01";"1";"10";"0";"2";"4";"23";"1";""
"202400031428";"155726418";"B01";"1";"7";"0";"2";"4";"23";"1";""
"202400031428";"155726421";"C01";"1";"7";"0";"2";"4";"23";"1";""
"202400031428";"155726423";"A01";"1";"10";"0";"2";"1";"2";"1";""
"202400031429";"155726414";"A01";"0";"7";"1";"0";"0";"0";"1";""
"202400031430";"155726413";"A01";"2";"33";"0";"2";"1";"2";"1";""
"202400031430";"155726415";"B01";"2";"7";"0";"2";"5";"2";"1";""
"202400031431";"155726410";"A01";"2";"1";"0";"2";"4";"1";"5";""
"202400031431";"155726412";"Z01";"2";"7";"0";"2";"1";"1";"0";""
"202400031432";"155726409";"A01";"1";"33";"0";"2";"8";"17";"1";""
"202400031432";"155726411";"B01";"2";"7";"0";"2";"8";"1";"2";""
"202400031433";"155726407";"A01";"2";"37";"0";"1";"2";"1";"1";"1"
"202400031434";"155726404";"A01";"2";"7";"0";"1";"4";"4";"1";""
"202400031435";"155726405";"A01";"1";"2";"0";"2";"3";"24";"3";""
"202400031435";"155726408";"Z01";"1";"7";"1";"0";"2";"1";"1";""
"202400031436";"155726403";"A01";"1";"7";"0";"2";"3";"1";"1";""
"202400031436";"155726406";"B01";"2";"7";"0";"2";"3";"1";"2";""
"202400031437";"155726401";"A01";"1";"15";"4";"0";"2";"1";"1";""
"202400031438";"155726397";"A01";"0";"7";"0";"1";"1";"15";"1";""
"202400031439";"155726398";"B01";"1";"32";"0";"2";"8";"1";"1";""
"202400031439";"155726400";"A01";"1";"7";"0";"2";"1";"9";"1";""
"202400031440";"155726399";"A01";"1";"7";"0";"2";"3";"1";"1";""
"202400031440";"155726402";"B01";"2";"80";"0";"2";"0";"1";"3";""
"202400031441";"155726395";"A01";"2";"7";"0";"2";"1";"5";"1";""
"202400031441";"155726396";"B01";"1";"7";"0";"2";"1";"1";"1";""
"202400031442";"155726393";"A01";"0";"7";"0";"1";"1";"1";"0";""
"202400031443";"155726391";"A01";"1";"7";"0";"1";"1";"1";"1";""
"202400031444";"155726390";"A01";"1";"7";"0";"2";"1";"19";"2";""
"202400031444";"155726394";"B01";"1";"7";"0";"2";"7";"1";"1";""
"202400031445";"155726392";"A01";"2";"40";"0";"1";"2";"1";"3";""
"202400031446";"155726388";"A01";"0";"1";"7";"0";"1";"17";"5";""
"202400031447";"155726386";"A01";"1";"31";"0";"2";"1";"21";"1";""
"202400031447";"155726387";"B01";"2";"7";"0";"2";"1";"23";"1";""
"202400031448";"155726385";"B01";"0";"7";"0";"2";"1";"15";"1";""
"202400031448";"155726389";"A01";"3";"43";"0";"2";"3";"1";"1";""
"202400031449";"155726384";"A01";"2";"7";"0";"1";"2";"1";"1";""
"202400031450";"155726381";"A01";"2";"1";"0";"2";"4";"2";"5";""
"202400031450";"155726383";"B01";"2";"7";"0";"2";"4";"2";"2";""
"202400031451";"155726379";"A01";"1";"50";"0";"2";"8";"18";"3";""
"202400031451";"155726382";"B01";"1";"7";"0";"9";"7";"16";"1";""
"202400031452";"155726377";"B01";"2";"10";"0";"2";"8";"21";"1";""
"202400031452";"155726380";"A01";"1";"7";"0";"2";"8";"13";"1";""
"202400031453";"155726376";"B01";"3";"1";"0";"2";"1";"16";"5";""
"202400031453";"155726378";"A01";"3";"7";"0";"2";"5";"16";"1";""
"202400031454";"155726374";"A01";"1";"7";"0";"1";"2";"15";"1";""
"202400031455";"155726372";"A01";"0";"1";"0";"2";"4";"26";"5";""
"202400031455";"155726375";"B01";"0";"2";"0";"2";"1";"1";"1";""
"202400031456";"155726370";"A01";"1";"7";"0";"2";"1";"15";"1";""
"202400031456";"155726373";"B01";"2";"7";"0";"2";"1";"1";"1";""
"202400031457";"155726369";"A01";"1";"31";"0";"0";"0";"1";"1";""
"202400031458";"155726368";"A01";"1";"7";"14";"0";"4";"23";"1";""
"202400031458";"155726371";"Z01";"1";"7";"0";"2";"1";"1";"1";""
"202400031459";"155726366";"A01";"0";"7";"0";"1";"1";"1";"2";""
"202400031460";"155726362";"B01";"2";"2";"0";"2";"8";"1";"1";""
"202400031460";"155726367";"A01";"1";"7";"0";"2";"6";"17";"1";""
"202400031461";"155726361";"A01";"1";"30";"0";"2";"1";"17";"1";""
"202400031461";"155726364";"B01";"0";"7";"0";"2";"1";"1";"2";""
"202400031462";"155726360";"C01";"1";"7";"0";"2";"4";"2";"3";""
"202400031462";"155726363";"A01";"2";"7";"0";"2";"1";"2";"1";""
"202400031462";"155726365";"B01";"1";"7";"0";"2";"9";"2";"1";""
"202400031463";"155726357";"A01";"2";"7";"0";"0";"9";"13";"1";""
"202400031464";"155726355";"A01";"2";"7";"0";"0";"3";"22";"2";""
"202400031464";"155726358";"B01";"2";"1";"0";"2";"1";"2";"5";""
"202400031465";"155726356";"A01";"2";"33";"0";"2";"1";"2";"1";""
"202400031465";"155726359";"B01";"2";"33";"0";"2";"4";"23";"1";""
"202400031466";"155726352";"A01";"2";"7";"17";"0";"1";"1";"1";""
"202400031467";"155726353";"A01";"2";"1";"0";"2";"1";"1";"5";""
"202400031467";"155726354";"B01";"2";"7";"0";"2";"4";"1";"2";""
"202400031468";"155726349";"B01";"1";"1";"1";"0";"1";"1";"5";""
"202400031468";"155726351";"Z01";"1";"7";"0";"9";"5";"23";"1";""
"202400031469";"155726348";"A01";"1";"7";"0";"2";"8";"15";"2";""
"202400031469";"155726350";"B01";"2";"7";"0";"2";"1";"1";"1";""
"202400031470";"155726347";"A01";"1";"31";"7";"0";"8";"1";"1";""
"202400031471";"155726343";"A01";"3";"7";"8";"0";"1";"1";"1";""
"202400031472";"155726344";"A01";"1";"1";"0";"2";"1";"1";"5";""
"202400031472";"155726346";"B01";"1";"7";"0";"2";"2";"1";"1";""
"202400031473";"155726341";"B01";"2";"7";"0";"2";"8";"1";"2";""
"202400031473";"155726345";"A01";"1";"7";"0";"2";"1";"1";"1";""
"202400031474";"155726338";"C01";"1";"10";"0";"9";"4";"1";"1";""
"202400031474";"155726340";"A01";"1";"7";"0";"2";"5";"12";"1";""
"202400031474";"155726342";"B01";"1";"33";"0";"2";"1";"3";"1";""
"202400031475";"155726334";"A01";"1";"7";"0";"2";"2";"1";"1";""
"202400031475";"155726337";"B01";"1";"7";"3";"2";"6";"1";"1";""
"202400031476";"155726336";"A01";"3";"1";"14";"1";"1";"1";"5";""
"202400031477";"155726333";"C01";"1";"1";"0";"2";"2";"1";"5";""
"202400031477";"155726335";"B01";"1";"7";"0";"2";"5";"1";"2";""
"202400031477";"155726339";"A01";"2";"7";"8";"0";"1";"1";"1";""
"202400031478";"155726331";"A01";"2";"7";"3";"0";"5";"1";"1";""
"202400031478";"155726332";"B01";"2";"7";"0";"2";"1";"0";"2";""
"202400031479";"155726330";"A01";"1";"33";"0";"1";"3";"2";"1";""
"202400031480";"155726329";"A01";"1";"7";"15";"0";"2";"1";"1";""
"202400031481";"155726325";"A01";"2";"50";"0";"0";"0";"1";"3";""
"202400031482";"155726323";"B01";"1";"7";"0";"2";"1";"1";"0";""
"202400031482";"155726326";"C01";"2";"7";"0";"2";"3";"1";"0";""
"202400031482";"155726328";"A01";"2";"7";"0";"2";"3";"13";"0";""
"202400031483";"155726321";"A01";"1";"10";"0";"2";"1";"1";"1";""
"202400031483";"155726324";"B01";"1";"3";"0";"2";"3";"1";"1";""
"202400031484";"155726322";"A01";"0";"7";"0";"2";"1";"15";"1";""
"202400031484";"155726327";"B01";"0";"7";"0";"2";"1";"1";"1";""
"202400031485";"155726319";"A01";"2";"32";"15";"0";"1";"0";"1";""
"202400031486";"155726316";"A01";"2";"7";"13";"0";"1";"1";"1";""
"202400031487";"155726315";"A01";"1";"10";"0";"2";"1";"5";"1";""
"202400031487";"155726318";"B01";"2";"7";"0";"2";"8";"1";"1";""
"202400031487";"155726320";"C01";"2";"7";"0";"2";"1";"1";"1";""
"202400031488";"155726314";"A01";"2";"20";"0";"2";"3";"17";"0";""
"202400031488";"155726317";"B01";"2";"7";"0";"2";"2";"1";"1";""
"202400031489";"155726312";"A01";"2";"34";"0";"2";"0";"15";"1";""
"202400031489";"155726313";"B01";"1";"7";"0";"0";"1";"2";"1";""
"202400031490";"155726308";"A01";"1";"7";"13";"0";"1";"16";"1";""
"202400031491";"155726310";"A01";"3";"7";"0";"1";"3";"1";"1";""
"202400031492";"155726309";"A01";"2";"7";"0";"2";"1";"13";"1";""
"202400031492";"155726311";"B01";"1";"7";"0";"2";"2";"1";"1";""
"202400031493";"155726307";"A01";"1";"33";"11";"0";"0";"6";"1";""
"202400031494";"155726303";"A01";"2";"7";"0";"2";"3";"1";"1";""
"202400031494";"155726305";"B01";"1";"33";"0";"2";"3";"13";"1";""
"202400031495";"155726302";"A01";"2";"7";"0";"2";"1";"10";"1";""
"202400031495";"155726304";"B01";"1";"2";"0";"2";"1";"1";"1";""
"202400031496";"155726301";"A01";"1";"33";"0";"2";"1";"1";"1";""
"202400031496";"155726306";"B01";"2";"7";"0";"2";"3";"23";"1";""
"202400031497";"155726300";"A01";"2";"33";"0";"0";"3";"1";"1";""
"202400031498";"155726298";"A01";"1";"7";"15";"0";"7";"1";"1";""
"202400031499";"155726297";"A01";"3";"7";"1";"0";"2";"2";"1";""
"202400031500";"155726295";"B01";"1";"7";"0";"2";"4";"16";"1";""
"202400031500";"155726299";"Z01";"1";"7";"0";"2";"1";"1";"1";""
"202400031501";"155726292";"A01";"2";"1";"0";"2";"4";"2";"5";""
"202400031501";"155726294";"B01";"3";"7";"0";"2";"2";"26";"1";""
"202400031502";"155726293";"A01";"1";"7";"8";"0";"3";"1";"1";""
"202400031503";"155726288";"A01";"3";"7";"14";"0";"1";"1";"0";""
"202400031504";"155726289";"A01";"2";"7";"0";"2";"4";"23";"1";""
"202400031504";"155726291";"B01";"2";"7";"0";"2";"1";"2";"1";""
"202400031505";"155726287";"A01";"1";"33";"13";"0";"1";"1";"1";""
"202400031506";"155726286";"A01";"2";"7";"0";"2";"1";"2";"1";""
"202400031506";"155726290";"B01";"2";"7";"0";"0";"5";"2";"1";""
"202400031507";"155726282";"A01";"2";"7";"0";"2";"3";"26";"1";""
"202400031507";"155726285";"Y01";"3";"50";"0";"2";"3";"19";"3";""
"202400031508";"155726280";"B01";"1";"21";"0";"2";"1";"21";"0";""
"202400031508";"155726284";"A01";"1";"7";"0";"2";"1";"13";"0";""
"202400031509";"155726279";"A01";"2";"7";"0";"2";"3";"5";"3";""
"202400031509";"155726283";"B01";"1";"10";"0";"2";"3";"0";"1";""
"202400031510";"155726278";"B01";"2";"80";"0";"0";"4";"13";"3";""
"202400031510";"155726281";"A01";"2";"31";"0";"2";"7";"2";"1";""
"202400031511";"155726277";"A01";"2";"7";"2";"0";"3";"1";"1";""
"202400031512";"155726273";"B01";"2";"7";"0";"2";"3";"15";"1";""
"202400031512";"155726275";"A01";"2";"30";"0";"2";"2";"1";"3";""
"202400031513";"155726271";"A01";"2";"7";"0";"2";"1";"1";"1";""
"202400031513";"155726276";"B01";"2";"7";"0";"0";"5";"1";"1";""
"202400031514";"155726269";"A01";"1";"7";"6";"0";"1";"1";"2";""
"202400031515";"155726263";"B01";"0";"7";"0";"2";"8";"1";"0";""
"202400031515";"155726267";"A01";"0";"7";"0";"2";"1";"1";"0";""
"202400031516";"155726258";"A01";"2";"33";"0";"0";"8";"1";"1";""
"202400031517";"155726259";"B01";"1";"7";"0";"0";"1";"1";"1";""
"202400031517";"155726262";"A01";"2";"7";"0";"2";"2";"15";"2";""
"202400031517";"155726266";"C01";"2";"10";"0";"2";"6";"1";"1";""
"202400031518";"155726255";"E01";"2";"7";"0";"9";"1";"1";"1";""
"202400031518";"155726256";"F01";"2";"10";"14";"0";"1";"1";"1";""
"202400031518";"155726260";"A01";"2";"17";"4";"0";"0";"1";"1";""
"202400031518";"155726261";"B01";"2";"7";"14";"0";"1";"1";"1";""
"202400031518";"155726265";"C01";"2";"7";"14";"0";"1";"1";"1";""
"202400031518";"155726268";"D01";"2";"7";"14";"0";"1";"1";"1";""
"202400031518";"155726270";"G01";"2";"7";"14";"0";"1";"1";"1";""
"202400031519";"155726254";"A01";"0";"7";"0";"2";"1";"1";"1";""
"202400031519";"155726257";"B01";"0";"7";"0";"2";"4";"1";"2";""
"202400031520";"155726252";"A01";"2";"7";"2";"0";"1";"2";"1";""
"202400031521";"155726248";"A01";"1";"7";"0";"2";"3";"13";"1";""
"202400031521";"155726251";"B01";"2";"7";"0";"2";"3";"1";"1";""
"202400031522";"155726247";"Y01";"3";"60";"0";"2";"3";"19";"5";""
"202400031522";"155726250";"A01";"3";"32";"0";"2";"8";"1";"1";""
"202400031523";"155726245";"B01";"1";"33";"0";"2";"1";"1";"1";""
"202400031523";"155726249";"A01";"2";"7";"0";"2";"2";"15";"1";""
"202400031524";"155726243";"A01";"2";"2";"0";"5";"0";"1";"1";""
"202400031525";"155726241";"A01";"1";"33";"0";"2";"1";"2";"1";""
"202400031525";"155726244";"B01";"1";"7";"0";"0";"4";"2";"1";""
"202400031526";"155726240";"A01";"2";"33";"0";"0";"0";"0";"0";""
"202400031527";"155726237";"A01";"1";"7";"17";"0";"1";"1";"1";""
"202400031528";"155726239";"A01";"3";"7";"0";"2";"2";"19";"1";""
"202400031528";"155726242";"B01";"3";"7";"0";"2";"3";"1";"1";""
"202400031529";"155726236";"B01";"3";"1";"0";"2";"1";"26";"5";""
"202400031529";"155726238";"A01";"3";"7";"0";"9";"8";"15";"1";""
"202400031530";"155726233";"B01";"2";"7";"3";"0";"4";"2";"1";""
"202400031530";"155726235";"A01";"2";"7";"0";"2";"1";"2";"1";""
"202400031531";"155726232";"B01";"1";"7";"0";"2";"4";"2";"3";""
"202400031531";"155726234";"A01";"1";"7";"3";"2";"1";"2";"3";""
"202400031532";"155726227";"B01";"1";"10";"0";"0";"5";"1";"1";""
"202400031532";"155726230";"A01";"1";"33";"0";"2";"3";"13";"1";""
"202400031533";"155726226";"B01";"2";"7";"1";"2";"3";"1";"1";""
"202400031533";"155726228";"A01";"1";"7";"0";"2";"3";"17";"1";""
"202400031534";"155726225";"A01";"2";"7";"0";"2";"8";"26";"1";""
"202400031534";"155726229";"B01";"1";"7";"0";"2";"3";"1";"1";""
"202400031535";"155726224";"A01";"2";"7";"0";"2";"2";"19";"1";""
"202400031535";"155726231";"B01";"1";"7";"0";"2";"1";"1";"1";""
"202400031536";"155726221";"A01";"1";"7";"0";"2";"7";"15";"1";""
"202400031536";"155726223";"B01";"2";"2";"0";"2";"1";"1";"1";""
"202400031537";"155726220";"A01";"2";"7";"13";"0";"2";"14";"1";""
"202400031538";"155726219";"B01";"2";"99";"0";"9";"2";"17";"1";""
"202400031538";"155726222";"A01";"2";"21";"2";"0";"6";"1";"0";""
"202400031539";"155726217";"A01";"1";"7";"1";"0";"1";"14";"1";""
"202400031540";"155726215";"B01";"2";"7";"0";"2";"3";"1";"1";""
"202400031540";"155726218";"A01";"1";"7";"0";"2";"1";"13";"1";""
"202400031541";"155726213";"A01";"1";"7";"0";"2";"4";"1";"1";""
"202400031541";"155726216";"B01";"1";"7";"0";"2";"1";"12";"1";""
"202400031542";"155726211";"A01";"0";"7";"1";"0";"1";"1";"1";""
"202400031543";"155726212";"A01";"2";"7";"0";"9";"0";"16";"1";""
"202400031543";"155726214";"B01";"2";"1";"0";"2";"0";"16";"5";""
"202400031544";"155726210";"A01";"3";"2";"15";"0";"0";"1";"1";""
"202400031545";"155726208";"A01";"2";"7";"15";"0";"2";"1";"1";""
"202400031546";"155726207";"B01";"1";"2";"0";"2";"1";"17";"1";""
"202400031546";"155726209";"A01";"1";"7";"0";"2";"3";"15";"1";""
"202400031547";"155726205";"A01";"1";"2";"0";"0";"0";"1";"1";""
"202400031548";"155726204";"A01";"3";"10";"0";"2";"1";"15";"1";""
"202400031548";"155726206";"B01";"3";"2";"0";"2";"1";"1";"1";""
"202400031549";"155726201";"A01";"1";"7";"0";"2";"3";"13";"1";""
"202400031549";"155726202";"B01";"2";"31";"0";"2";"1";"1";"1";""
"202400031550";"155726200";"A01";"2";"7";"0";"2";"2";"17";"1";""
"202400031550";"155726203";"B01";"2";"38";"0";"2";"6";"1";"1";"1"
"202400031551";"155726199";"A01";"2";"7";"3";"1";"2";"1";"1";""
"202400031552";"155726196";"A01";"2";"10";"0";"2";"3";"15";"1";""
"202400031552";"155726198";"B01";"1";"7";"0";"2";"1";"1";"1";""
"202400031553";"155726194";"A01";"1";"7";"3";"0";"1";"9";"1";""
"202400031553";"155726197";"B01";"1";"7";"4";"2";"1";"1";"1";""
"202400031554";"155726193";"A01";"2";"7";"0";"2";"8";"13";"1";""
"202400031554";"155726195";"B01";"1";"15";"0";"2";"3";"1";"1";""
"202400031555";"155726191";"A01";"2";"7";"0";"2";"6";"15";"1";""
"202400031555";"155726192";"B01";"2";"33";"0";"2";"1";"17";"1";""
"202400031556";"155726186";"B01";"2";"7";"0";"2";"4";"1";"1";""
"202400031556";"155726188";"C01";"2";"7";"0";"2";"1";"1";"1";""
"202400031556";"155726190";"A01";"2";"7";"0";"2";"5";"1";"1";""
"202400031557";"155726185";"A01";"1";"7";"0";"2";"1";"20";"1";""
"202400031557";"155726187";"B01";"3";"2";"0";"2";"1";"1";"1";""
"202400031558";"155726184";"A01";"2";"7";"0";"2";"4";"2";"1";""
"202400031558";"155726189";"B01";"2";"7";"0";"2";"2";"2";"1";""
"202400031559";"155726182";"A01";"2";"33";"0";"0";"3";"14";"1";""
"202400031560";"155726181";"A01";"1";"7";"0";"2";"1";"14";"1";""
"202400031560";"155726183";"B01";"1";"7";"4";"2";"2";"1";"1";""
"202400031561";"155726178";"A01";"2";"7";"0";"2";"8";"1";"1";""
"202400031561";"155726180";"B01";"2";"15";"0";"2";"2";"12";"1";""
"202400031562";"155726176";"A01";"2";"15";"0";"2";"6";"1";"1";""
"202400031562";"155726177";"B01";"2";"7";"4";"2";"8";"2";"1";""
"202400031563";"155726175";"A01";"1";"7";"6";"0";"1";"13";"1";""
"202400031564";"155726174";"A01";"3";"7";"0";"1";"7";"1";"1";""
"202400031565";"155726173";"A01";"1";"15";"13";"0";"8";"2";"1";""
"202400031566";"155726172";"A01";"3";"21";"0";"0";"0";"15";"1";""
"202400031567";"155726168";"B01";"3";"2";"0";"2";"1";"1";"3";""
"202400031567";"155726170";"A01";"3";"31";"0";"2";"6";"15";"1";""
"202400031568";"155726167";"A01";"2";"7";"0";"2";"1";"2";"1";""
"202400031568";"155726169";"B01";"2";"7";"0";"2";"4";"2";"2";""
"202400031568";"155726171";"C01";"2";"7";"0";"0";"4";"2";"2";""
"202400031569";"155726165";"A01";"1";"33";"0";"2";"1";"1";"1";""
"202400031569";"155726166";"B01";"2";"7";"0";"2";"2";"15";"1";""
"202400031570";"155726163";"A01";"1";"1";"0";"2";"1";"13";"5";""
"202400031570";"155726164";"B01";"2";"50";"0";"2";"1";"23";"3";""
"202400031571";"155726160";"A01";"2";"33";"0";"2";"1";"16";"1";""
"202400031571";"155726162";"B01";"1";"7";"0";"2";"1";"15";"1";""
"202400031572";"155726159";"A01";"2";"7";"0";"2";"5";"13";"1";""
"202400031572";"155726161";"B01";"1";"2";"0";"2";"8";"16";"1";""
"202400031573";"155726158";"A01";"1";"7";"16";"0";"0";"14";"1";""
"202400031574";"155726157";"A01";"1";"7";"13";"0";"2";"0";"1";""
"202400031575";"155726154";"A01";"2";"3";"0";"2";"8";"15";"3";""
"202400031575";"155726155";"B01";"2";"33";"0";"2";"1";"17";"1";""
"202400031576";"155726152";"A01";"1";"7";"0";"2";"8";"19";"1";""
"202400031576";"155726156";"B01";"1";"7";"0";"2";"1";"1";"1";""
"202400031577";"155726151";"A01";"2";"15";"0";"0";"5";"26";"1";""
"202400031577";"155726153";"B01";"2";"7";"0";"2";"1";"1";"1";""
"202400031578";"155726150";"A01";"1";"7";"15";"0";"0";"1";"1";""
"202400031579";"155726149";"A01";"2";"32";"0";"0";"1";"26";"1";""
"202400031580";"155726147";"A01";"1";"7";"0";"1";"2";"1";"1";""
"202400031581";"155726146";"A01";"2";"7";"0";"2";"3";"15";"1";""
"202400031581";"155726148";"B01";"1";"33";"0";"2";"1";"1";"1";""
"202400031582";"155726144";"B01";"1";"7";"0";"2";"3";"15";"1";""
"202400031582";"155726145";"A01";"1";"32";"0";"2";"2";"17";"1";""
"202400031583";"155726142";"A01";"0";"2";"0";"2";"1";"13";"1";""
"202400031583";"155726143";"B01";"0";"10";"0";"2";"1";"0";"1";""
"202400031584";"155726141";"A01";"3";"10";"0";"1";"1";"26";"1";""
"202400031585";"155726140";"A01";"1";"7";"6";"0";"2";"14";"1";""
"202400031586";"155726137";"A01";"2";"7";"15";"0";"1";"1";"1";""
"202400031587";"155726135";"A01";"1";"7";"0";"2";"3";"1";"1";""
"202400031587";"155726138";"B01";"2";"7";"0";"2";"1";"1";"1";""
"202400031588";"155726136";"A01";"3";"1";"0";"2";"1";"15";"5";""
"202400031588";"155726139";"B01";"3";"2";"0";"2";"1";"1";"3";""
"202400031589";"155726131";"A01";"2";"7";"0";"2";"1";"13";"1";""
"202400031589";"155726134";"B01";"1";"7";"0";"2";"3";"1";"1";""
"202400031590";"155726133";"A01";"1";"33";"3";"0";"0";"1";"1";""
"202400031591";"155726130";"B01";"1";"7";"0";"2";"2";"0";"2";""
"202400031591";"155726132";"A01";"1";"10";"0";"2";"1";"0";"1";""
"202400031592";"155726128";"A01";"3";"7";"0";"1";"2";"9";"0";""
"202400031593";"155726125";"A01";"3";"7";"0";"0";"0";"1";"1";""
"202400031594";"155726126";"C01";"3";"7";"0";"9";"8";"15";"1";""
"202400031594";"155726129";"B01";"1";"2";"0";"0";"1";"1";"1";""
"202400031595";"155726124";"A01";"2";"10";"0";"2";"2";"19";"1";""
"202400031595";"155726127";"B01";"2";"34";"0";"2";"5";"1";"1";""