"Num_Acc";"id_vehicule";"num_veh";"senc";"catv";"obs";"obsm";"choc";"manv";"motor";"occutc"
"202400031596";"155726123";"A01";"0";"7";"0";"1";"1";"1";"1";""
"202400031597";"155726122";"A01";"1";"33";"0";"0";"0";"1";"1";""
"202400031598";"155726120";"A01";"2";"7";"0";"1";"3";"1";"1";""
"202400031599";"155726119";"A01";"2";"7";"0";"2";"3";"9";"1";""
"202400031599";"155726121";"B01";"1";"33";"13";"2";"1";"0";"1";""
"202400031600";"155726116";"A01";"2";"7";"3";"0";"1";"14";"1";""
"202400031601";"155726114";"A01";"1";"7";"0";"2";"3";"13";"1";""
"202400031601";"155726115";"B01";"2";"10";"0";"2";"3";"1";"1";""
"202400031602";"155726111";"A01";"3";"7";"1";"0";"3";"1";"1";""
"202400031603";"155726110";"A01";"1";"7";"0";"1";"3";"16";"1";""
"202400031604";"155726109";"B01";"2";"33";"0";"2";"1";"1";"1";""
"202400031604";"155726112";"A01";"2";"7";"0";"2";"4";"15";"1";""
"202400031605";"155726108";"A01";"1";"7";"15";"0";"1";"13";"1";""
"202400031606";"155726107";"A01";"0";"7";"0";"1";"2";"1";"1";""
"202400031607";"155726102";"A01";"2";"7";"0";"2";"1";"15";"1";""
"202400031607";"155726104";"B01";"1";"7";"0";"2";"1";"1";"1";""
"202400031608";"155726103";"B01";"2";"7";"0";"2";"5";"1";"1";""
"202400031608";"155726106";"A01";"2";"33";"0";"2";"1";"3";"1";""
"202400031609";"155726101";"A01";"2";"7";"0";"2";"1";"15";"1";""
"202400031609";"155726105";"B01";"1";"33";"0";"2";"8";"18";"1";""
"202400031610";"155726098";"A01";"1";"7";"0";"2";"2";"2";"1";""
"202400031610";"155726100";"B01";"1";"1";"0";"2";"4";"1";"5";""
"202400031611";"155726097";"A01";"2";"10";"0";"2";"1";"1";"1";""
"202400031611";"155726099";"B01";"2";"15";"0";"2";"4";"23";"1";""
"202400031612";"155726096";"A01";"1";"7";"4";"0";"3";"11";"1";""
"202400031613";"155726095";"A01";"2";"7";"0";"1";"2";"1";"1";""
"202400031614";"155726090";"A01";"2";"7";"0";"0";"9";"1";"1";""
"202400031615";"155726091";"A01";"1";"7";"0";"2";"1";"1";"1";""
"202400031615";"155726093";"B01";"1";"2";"0";"0";"4";"1";"1";""
"202400031616";"155726089";"A01";"2";"7";"0";"2";"1";"2";"1";""
"202400031616";"155726092";"B01";"2";"7";"0";"2";"4";"2";"1";""
"202400031616";"155726094";"C01";"2";"7";"0";"2";"4";"2";"1";""
"202400031617";"155726085";"B01";"1";"7";"0";"2";"6";"1";"1";""
"202400031617";"155726088";"A01";"1";"7";"0";"2";"2";"14";"1";""
"202400031618";"155726084";"A01";"2";"33";"0";"2";"1";"3";"1";""
"202400031618";"155726087";"B01";"2";"7";"0";"2";"4";"11";"1";""
"202400031619";"155726083";"B01";"1";"7";"0";"0";"8";"5";"1";""
"202400031619";"155726086";"A01";"2";"10";"0";"0";"0";"5";"1";""
"202400031620";"155726080";"A01";"2";"7";"0";"2";"8";"10";"1";""
"202400031620";"155726082";"B01";"2";"37";"0";"2";"2";"1";"0";"3"
"202400031621";"155726079";"B01";"2";"7";"0";"2";"2";"12";"1";""
"202400031621";"155726081";"A01";"2";"33";"0";"2";"8";"3";"1";""
"202400031622";"155726077";"A01";"2";"7";"0";"0";"1";"1";"1";""
"202400031622";"155726078";"B01";"1";"7";"0";"0";"1";"0";"1";""
"202400031623";"155726075";"A01";"2";"33";"0";"0";"7";"1";"1";""
"202400031624";"155726074";"A01";"2";"7";"0";"2";"3";"16";"1";""
"202400031624";"155726076";"B01";"0";"1";"0";"2";"8";"1";"0";""
"202400031625";"155726072";"A01";"3";"7";"0";"0";"6";"9";"0";""
"202400031625";"155726073";"B01";"3";"33";"0";"2";"1";"1";"1";""
"202400031626";"155726069";"A01";"1";"7";"0";"2";"7";"12";"1";""
"202400031626";"155726070";"B01";"1";"7";"0";"2";"3";"1";"1";""
"202400031627";"155726068";"B01";"2";"7";"0";"2";"4";"2";"1";""
"202400031627";"155726071";"A01";"2";"7";"0";"2";"1";"2";"1";""
"202400031628";"155726065";"A01";"1";"7";"0";"2";"1";"5";"1";""
"202400031628";"155726067";"B01";"2";"7";"0";"2";"1";"1";"1";""
"202400031629";"155726064";"B01";"1";"15";"0";"2";"4";"2";"1";""
"202400031629";"155726066";"A01";"1";"33";"0";"2";"1";"2";"1";""
"202400031630";"155726063";"A01";"2";"7";"0";"1";"0";"1";"0";""
"202400031631";"155726062";"A01";"2";"7";"8";"0";"3";"1";"1";""
"202400031632";"155726061";"A01";"2";"33";"0";"2";"0";"3";"1";""
"202400031633";"155726060";"A01";"3";"7";"0";"1";"1";"16";"1";""
"202400031634";"155726056";"A01";"1";"7";"2";"0";"2";"1";"1";""
"202400031635";"155726057";"A01";"2";"7";"0";"2";"1";"1";"1";""
"202400031635";"155726059";"B01";"1";"7";"0";"2";"5";"15";"1";""
"202400031636";"155726055";"B01";"1";"13";"0";"2";"2";"12";"1";""
"202400031636";"155726058";"A01";"1";"7";"0";"2";"6";"1";"1";""
"202400031637";"155726053";"A01";"2";"7";"0";"1";"1";"1";"1";""
"202400031638";"155726049";"A01";"1";"7";"3";"0";"2";"14";"1";""
"202400031639";"155726051";"B01";"3";"80";"0";"2";"7";"15";"3";""
"202400031639";"155726054";"A01";"2";"7";"0";"2";"3";"9";"1";""
"202400031640";"155726047";"A01";"1";"33";"0";"0";"0";"9";"1";""
"202400031641";"155726045";"B01";"1";"2";"0";"2";"7";"17";"3";""
"202400031641";"155726048";"A01";"3";"7";"0";"2";"5";"15";"1";""
"202400031642";"155726044";"A01";"2";"7";"2";"0";"8";"0";"1";""
"202400031643";"155726043";"A01";"1";"7";"0";"2";"2";"1";"1";""
"202400031643";"155726046";"B01";"1";"7";"0";"2";"3";"15";"1";""
"202400031644";"155726040";"A01";"1";"7";"0";"1";"3";"1";"1";""
"202400031645";"155726036";"C01";"3";"7";"0";"2";"0";"0";"0";""
"202400031645";"155726039";"A01";"3";"7";"0";"2";"1";"1";"1";""
"202400031645";"155726042";"B01";"1";"7";"0";"2";"1";"1";"1";""
"202400031646";"155726035";"A01";"2";"33";"11";"0";"1";"1";"1";""
"202400031647";"155726034";"C01";"3";"7";"0";"2";"4";"2";"1";""
"202400031647";"155726037";"D01";"3";"7";"0";"2";"4";"2";"1";""
"202400031647";"155726038";"A01";"3";"7";"0";"2";"1";"2";"1";""
"202400031647";"155726041";"B01";"3";"7";"0";"2";"4";"2";"1";""
"202400031648";"155726033";"A01";"1";"7";"1";"0";"3";"1";"1";""
"202400031649";"155726030";"A01";"1";"7";"0";"2";"2";"12";"1";""
"202400031649";"155726032";"B01";"1";"32";"0";"2";"6";"1";"1";""
"202400031650";"155726029";"A01";"1";"10";"0";"2";"1";"26";"1";""
"202400031650";"155726031";"B01";"2";"50";"0";"2";"1";"1";"3";""
"202400031651";"155726027";"B01";"2";"31";"0";"2";"1";"1";"1";""
"202400031651";"155726028";"A01";"1";"7";"0";"2";"2";"15";"2";""
"202400031652";"155726025";"B01";"1";"7";"0";"2";"1";"1";"1";""
"202400031652";"155726026";"A01";"1";"7";"0";"2";"5";"1";"1";""
"202400031653";"155726023";"A01";"0";"7";"0";"2";"1";"2";"0";""
"202400031653";"155726024";"B01";"3";"7";"0";"2";"0";"0";"0";""
"202400031654";"155726022";"A01";"3";"10";"0";"1";"2";"2";"1";""
"202400031655";"155726021";"A01";"1";"30";"0";"0";"7";"1";"1";""
"202400031656";"155726018";"A01";"2";"31";"0";"1";"1";"1";"1";""
"202400031657";"155726019";"A01";"1";"7";"7";"0";"1";"0";"1";""
"202400031658";"155726017";"B01";"2";"33";"0";"2";"1";"1";"1";""
"202400031658";"155726020";"A01";"1";"7";"0";"2";"6";"15";"1";""
"202400031659";"155726015";"A01";"1";"7";"0";"2";"2";"1";"1";""
"202400031659";"155726016";"B01";"2";"7";"0";"2";"3";"16";"1";""
"202400031660";"155726014";"A01";"2";"10";"0";"1";"1";"15";"1";""
"202400031661";"155726012";"A01";"1";"1";"0";"2";"7";"15";"5";""
"202400031661";"155726013";"B01";"2";"7";"0";"2";"1";"1";"1";""
"202400031662";"155726011";"A01";"1";"43";"0";"0";"0";"1";"1";""
"202400031663";"155726009";"A01";"1";"7";"0";"2";"5";"1";"1";""
"202400031663";"155726010";"B01";"1";"1";"0";"2";"8";"1";"5";""
"202400031664";"155726006";"A01";"2";"7";"0";"2";"1";"2";"1";""
"202400031664";"155726008";"B01";"2";"7";"0";"2";"4";"2";"1";""
"202400031665";"155726005";"A01";"1";"7";"0";"2";"4";"23";"1";""
"202400031665";"155726007";"B01";"1";"7";"0";"2";"1";"2";"1";""
"202400031666";"155726004";"A01";"2";"7";"0";"1";"1";"16";"1";""
"202400031667";"155725999";"A01";"1";"7";"0";"2";"3";"1";"1";""
"202400031667";"155726002";"B01";"1";"7";"0";"2";"2";"15";"1";""
"202400031668";"155725997";"A01";"1";"7";"0";"2";"1";"1";"1";""
"202400031668";"155725998";"C01";"1";"7";"0";"2";"4";"1";"1";""
"202400031668";"155726000";"B01";"1";"7";"0";"2";"9";"1";"1";""
"202400031669";"155726001";"A01";"1";"10";"0";"2";"8";"11";"1";""
"202400031669";"155726003";"B01";"1";"34";"0";"2";"1";"1";"1";""
"202400031670";"155725995";"B01";"1";"7";"0";"2";"1";"1";"1";""
"202400031670";"155725996";"A01";"2";"10";"12";"2";"1";"13";"1";""
"202400031671";"155725994";"A01";"2";"7";"0";"1";"1";"16";"3";""
"202400031672";"155725990";"A01";"1";"7";"0";"2";"8";"11";"1";""
"202400031672";"155725992";"B01";"1";"33";"0";"2";"2";"1";"1";""
"202400031673";"155725991";"B01";"2";"7";"0";"2";"4";"12";"1";""
"202400031673";"155725993";"A01";"2";"30";"0";"2";"1";"3";"1";""
"202400031674";"155725988";"A01";"3";"7";"0";"2";"1";"2";"1";""
"202400031674";"155725989";"B01";"3";"7";"0";"2";"4";"2";"1";""
"202400031675";"155725987";"A01";"1";"7";"4";"0";"4";"13";"1";""
"202400031676";"155725980";"B01";"3";"10";"0";"2";"4";"1";"0";""
"202400031676";"155725983";"A01";"3";"7";"0";"2";"2";"26";"1";""
"202400031676";"155725985";"C01";"3";"7";"0";"2";"3";"24";"1";""
"202400031676";"155725986";"D01";"3";"7";"1";"2";"1";"5";"1";""
"202400031677";"155725981";"A01";"2";"7";"0";"2";"3";"15";"1";""
"202400031677";"155725984";"B01";"1";"31";"0";"2";"3";"1";"1";""
"202400031678";"155725978";"A01";"1";"7";"0";"1";"1";"0";"0";""
"202400031679";"155725976";"A01";"2";"37";"0";"1";"7";"1";"1";"1"
"202400031680";"155725975";"C01";"1";"7";"0";"2";"4";"2";"1";""
"202400031680";"155725977";"A01";"1";"7";"0";"2";"1";"2";"1";""
"202400031680";"155725979";"B01";"1";"7";"0";"2";"9";"2";"1";""
"202400031681";"155725971";"E01";"1";"7";"1";"0";"4";"20";"1";""
"202400031681";"155725973";"A01";"1";"7";"1";"0";"1";"1";"1";""
"202400031682";"155725968";"A01";"1";"7";"7";"2";"1";"2";"1";""
"202400031682";"155725972";"B01";"1";"10";"0";"2";"4";"2";"1";""
"202400031683";"155725963";"A01";"2";"7";"0";"2";"4";"23";"1";""
"202400031683";"155725965";"B01";"2";"7";"0";"2";"4";"1";"1";""
"202400031683";"155725967";"C01";"2";"7";"0";"2";"7";"1";"1";""
"202400031683";"155725970";"D01";"2";"7";"0";"2";"2";"1";"1";""
"202400031684";"155725961";"B01";"1";"50";"1";"0";"2";"1";"3";""
"202400031684";"155725962";"A01";"1";"7";"1";"9";"6";"22";"1";""
"202400031685";"155725960";"A01";"2";"33";"0";"2";"1";"18";"1";""
"202400031685";"155725964";"B01";"2";"50";"0";"2";"4";"1";"3";""
"202400031686";"155725966";"A01";"2";"7";"0";"2";"5";"15";"1";""
"202400031686";"155725969";"B01";"2";"7";"0";"2";"6";"15";"1";""
"202400031686";"155725974";"C01";"1";"33";"0";"2";"1";"1";"1";""
"202400031687";"155725958";"A01";"1";"7";"0";"2";"2";"1";"1";""
"202400031687";"155725959";"B01";"1";"10";"0";"2";"6";"13";"1";""
"202400031688";"155725957";"A01";"3";"2";"0";"0";"3";"26";"1";""
"202400031689";"155725955";"A01";"3";"7";"0";"2";"8";"1";"1";""
"202400031689";"155725956";"B01";"3";"99";"0";"2";"2";"17";"0";""
"202400031690";"155725953";"A01";"2";"7";"4";"2";"1";"1";"1";""
"202400031690";"155725954";"B01";"1";"7";"0";"2";"4";"2";"1";""
"202400031691";"155725949";"B01";"1";"7";"0";"2";"1";"12";"1";""
"202400031691";"155725952";"A01";"1";"13";"0";"2";"1";"1";"1";""
"202400031692";"155725946";"B01";"3";"7";"0";"2";"1";"0";"0";""
"202400031692";"155725951";"A01";"3";"7";"0";"2";"1";"0";"1";""
"202400031693";"155725945";"B01";"2";"7";"0";"2";"4";"23";"1";""
"202400031693";"155725947";"A01";"2";"7";"14";"0";"1";"1";"2";""
"202400031694";"155725944";"A01";"3";"7";"0";"1";"1";"16";"1";""
"202400031695";"155725948";"B01";"1";"31";"0";"2";"1";"1";"1";""
"202400031695";"155725950";"A01";"2";"7";"0";"2";"6";"9";"2";""
"202400031696";"155725943";"A01";"1";"7";"6";"0";"8";"13";"1";""
"202400031697";"155725942";"A01";"2";"7";"0";"1";"1";"15";"1";""
"202400031698";"155725937";"A01";"1";"32";"1";"0";"1";"0";"1";""
"202400031698";"155725939";"B01";"3";"37";"0";"2";"4";"23";"1";"1"
"202400031699";"155725936";"C01";"1";"7";"0";"2";"1";"1";"1";""
"202400031699";"155725938";"A01";"2";"7";"0";"2";"1";"13";"2";""
"202400031700";"155725934";"B01";"1";"7";"0";"2";"8";"1";"1";""
"202400031700";"155725935";"A01";"2";"7";"5";"2";"1";"6";"1";""
"202400031701";"155725932";"B01";"1";"33";"1";"0";"1";"1";"1";""
"202400031702";"155725930";"A01";"3";"7";"7";"0";"3";"13";"1";""
"202400031703";"155725931";"Z01";"0";"7";"0";"1";"4";"4";"0";""
"202400031704";"155725933";"B01";"2";"33";"0";"2";"2";"2";"1";""
"202400031704";"155725940";"C01";"3";"21";"0";"0";"4";"15";"1";""
"202400031705";"155725928";"B01";"3";"7";"6";"2";"4";"20";"1";""
"202400031705";"155725929";"A01";"3";"33";"6";"2";"1";"1";"1";""
"202400031706";"155725927";"A01";"2";"10";"0";"1";"1";"15";"1";""
"202400031707";"155725926";"A01";"3";"7";"0";"1";"1";"1";"1";""
"202400031708";"155725924";"A01";"3";"7";"0";"1";"5";"11";"1";""
"202400031709";"155725925";"A01";"1";"7";"2";"0";"1";"0";"1";""
"202400031710";"155725919";"A01";"1";"7";"8";"2";"1";"26";"0";""
"202400031710";"155725922";"B01";"1";"7";"0";"2";"1";"26";"0";""
"202400031711";"155725921";"A01";"1";"7";"0";"2";"0";"0";"0";""
"202400031711";"155725923";"B01";"1";"7";"0";"2";"4";"2";"1";""
"202400031712";"155725917";"B01";"1";"7";"0";"2";"3";"1";"1";""
"202400031712";"155725920";"A01";"1";"7";"0";"2";"1";"1";"1";""
"202400031713";"155725914";"B01";"1";"7";"0";"2";"2";"0";"1";""
"202400031713";"155725918";"A01";"1";"7";"0";"2";"3";"26";"1";""
"202400031714";"155725911";"A01";"1";"2";"0";"0";"8";"0";"1";""
"202400031715";"155725909";"A01";"2";"7";"0";"2";"2";"13";"1";""
"202400031715";"155725912";"C01";"2";"7";"0";"2";"1";"1";"1";""
"202400031715";"155725913";"B01";"2";"10";"0";"2";"4";"1";"1";""
"202400031715";"155725915";"D01";"2";"7";"0";"2";"1";"0";"1";""
"202400031716";"155725908";"B01";"0";"0";"0";"2";"0";"0";"0";""
"202400031716";"155725910";"A01";"0";"33";"0";"2";"7";"0";"0";""
"202400031717";"155725905";"A01";"2";"7";"0";"0";"0";"1";"1";""
"202400031718";"155725906";"A01";"3";"1";"0";"0";"7";"1";"5";""
"202400031719";"155725904";"A01";"0";"7";"0";"2";"2";"21";"1";""
"202400031720";"155725903";"B01";"0";"7";"0";"2";"1";"1";"1";""
"202400031720";"155725907";"A01";"2";"7";"0";"2";"1";"1";"1";""
"202400031721";"155725899";"B01";"0";"7";"0";"2";"2";"1";"1";""
"202400031721";"155725902";"A01";"0";"80";"0";"2";"1";"1";"3";""
"202400031722";"155725898";"B01";"1";"7";"0";"2";"3";"1";"2";""
"202400031722";"155725900";"A01";"1";"7";"0";"2";"1";"1";"1";""
"202400031723";"155725896";"B01";"2";"7";"0";"2";"3";"21";"1";""
"202400031723";"155725901";"A01";"3";"43";"0";"2";"1";"5";"1";""
"202400031724";"155725895";"A01";"1";"7";"1";"0";"3";"13";"1";""
"202400031725";"155725894";"B01";"2";"30";"0";"2";"1";"1";"1";""
"202400031725";"155725897";"A01";"0";"30";"0";"2";"1";"16";"1";""
"202400031726";"155725893";"A01";"3";"7";"6";"0";"1";"0";"1";""
"202400031727";"155725889";"A01";"3";"7";"0";"1";"7";"1";"1";""
"202400031728";"155725883";"C01";"3";"7";"0";"2";"3";"24";"1";""
"202400031728";"155725885";"D01";"3";"7";"0";"2";"3";"24";"1";""
"202400031728";"155725888";"A01";"2";"7";"1";"2";"3";"13";"1";""
"202400031728";"155725891";"B01";"1";"32";"0";"2";"1";"1";"1";""
"202400031729";"155725884";"D01";"3";"7";"0";"2";"0";"1";"1";""
"202400031729";"155725886";"A01";"3";"7";"9";"2";"9";"19";"1";""
"202400031729";"155725887";"B01";"3";"7";"0";"2";"9";"1";"1";""
"202400031729";"155725890";"C01";"3";"7";"0";"2";"0";"1";"2";""
"202400031730";"155725881";"A01";"2";"7";"1";"1";"2";"1";"1";""
"202400031731";"155725882";"A01";"2";"21";"0";"2";"7";"1";"1";""
"202400031731";"155725892";"B01";"2";"21";"0";"2";"1";"19";"1";""
"202400031732";"155725877";"B01";"1";"7";"0";"2";"1";"9";"1";""
"202400031732";"155725880";"A01";"1";"7";"0";"2";"6";"13";"1";""
"202400031733";"155725876";"B01";"2";"50";"0";"2";"2";"19";"3";""
"202400031733";"155725879";"A01";"2";"7";"0";"2";"1";"1";"1";""
"202400031734";"155725875";"A01";"2";"32";"0";"2";"2";"17";"1";""
"202400031734";"155725878";"B01";"3";"7";"0";"2";"3";"15";"1";""
"202400031735";"155725868";"A01";"1";"7";"0";"2";"8";"9";"1";""
"202400031735";"155725872";"B01";"2";"30";"0";"2";"7";"1";"1";""
"202400031736";"155725867";"Z01";"2";"13";"0";"2";"5";"2";"1";""
"202400031736";"155725871";"A01";"2";"7";"0";"2";"3";"2";"2";""
"202400031737";"155725869";"A01";"2";"2";"0";"2";"3";"21";"3";""
"202400031737";"155725873";"B01";"2";"7";"0";"2";"7";"16";"2";""
"202400031738";"155725866";"C01";"1";"7";"0";"2";"1";"1";"1";""
"202400031738";"155725870";"A01";"2";"10";"0";"2";"1";"21";"1";""
"202400031738";"155725874";"B01";"2";"7";"0";"2";"3";"1";"1";""
"202400031739";"155725863";"A01";"2";"10";"0";"2";"7";"12";"3";""
"202400031739";"155725865";"B01";"2";"2";"0";"2";"8";"3";"1";""
"202400031740";"155725861";"A01";"1";"7";"4";"0";"1";"9";"1";""
"202400031741";"155725860";"A01";"2";"7";"0";"2";"1";"2";"1";""
"202400031741";"155725862";"B01";"2";"7";"0";"2";"9";"0";"1";""
"202400031741";"155725864";"C01";"2";"7";"0";"2";"0";"0";"2";""
"202400031742";"155725857";"B01";"1";"2";"0";"2";"1";"1";"1";""
"202400031742";"155725858";"A01";"2";"7";"0";"0";"2";"15";"1";""
"202400031743";"155725854";"B01";"1";"7";"0";"2";"1";"1";"1";""
"202400031743";"155725856";"A01";"1";"7";"0";"2";"4";"23";"1";""
"202400031744";"155725853";"B01";"2";"33";"0";"2";"2";"2";"1";""
"202400031744";"155725855";"A01";"2";"7";"0";"2";"3";"20";"0";""
"202400031745";"155725859";"A01";"2";"33";"0";"0";"8";"23";"1";""
"202400031746";"155725852";"A01";"2";"1";"0";"0";"3";"1";"5";""
"202400031747";"155725850";"A01";"1";"37";"0";"1";"7";"1";"1";"1"
"202400031748";"155725851";"Z01";"1";"7";"0";"1";"0";"1";"0";""
"202400031749";"155725847";"A01";"1";"7";"0";"2";"5";"12";"3";""
"202400031749";"155725849";"B01";"1";"31";"0";"2";"3";"1";"1";""
"202400031750";"155725844";"A01";"1";"7";"0";"2";"8";"15";"2";""
"202400031750";"155725848";"B01";"1";"7";"0";"2";"2";"1";"1";""
"202400031751";"155725845";"A01";"3";"30";"0";"2";"1";"1";"1";""
"202400031751";"155725846";"B01";"3";"7";"0";"2";"3";"9";"1";""
"202400031752";"155725841";"A01";"2";"1";"0";"2";"7";"18";"5";""
"202400031752";"155725842";"B01";"2";"37";"0";"2";"7";"1";"2";"1"
"202400031753";"155725839";"B01";"1";"2";"0";"2";"8";"15";"1";""
"202400031753";"155725843";"A01";"1";"7";"0";"2";"2";"17";"1";""
"202400031754";"155725838";"B01";"2";"7";"0";"2";"1";"15";"1";""
"202400031754";"155725840";"A01";"1";"2";"0";"2";"8";"2";"3";""
"202400031755";"155725837";"A01";"1";"7";"0";"1";"1";"15";"1";""
"202400031756";"155725832";"A01";"1";"1";"14";"0";"1";"1";"5";""
"202400031756";"155725836";"Z01";"2";"80";"0";"2";"1";"26";"3";""
"202400031757";"155725829";"A01";"1";"10";"0";"2";"3";"16";"0";""
"202400031757";"155725833";"B01";"1";"50";"0";"2";"1";"0";"3";""
"202400031758";"155725831";"A01";"1";"10";"0";"2";"0";"20";"1";""
"202400031758";"155725834";"B01";"1";"1";"0";"2";"0";"1";"5";""
"202400031759";"155725828";"A01";"1";"7";"0";"1";"3";"19";"1";""
"202400031760";"155725826";"A01";"1";"7";"0";"1";"2";"1";"1";""
"202400031761";"155725830";"A01";"2";"7";"0";"2";"3";"13";"1";""
"202400031761";"155725835";"B01";"1";"7";"13";"2";"3";"1";"1";""
"202400031762";"155725827";"A01";"1";"7";"0";"1";"2";"0";"1";""
"202400031763";"155725825";"A01";"3";"99";"0";"1";"1";"1";"0";""
"202400031764";"155725818";"A01";"2";"1";"0";"2";"6";"13";"5";""
"202400031764";"155725821";"B01";"2";"43";"0";"2";"1";"17";"1";""
"202400031765";"155725817";"A01";"2";"7";"4";"2";"9";"14";"1";""
"202400031765";"155725820";"B01";"2";"7";"0";"2";"1";"1";"1";""
"202400031766";"155725819";"B01";"2";"7";"0";"2";"3";"1";"1";""
"202400031766";"155725822";"A01";"1";"2";"0";"2";"1";"5";"1";""
"202400031767";"155725815";"A01";"1";"7";"0";"2";"1";"26";"1";""
"202400031767";"155725816";"B01";"1";"7";"0";"2";"1";"0";"1";""
"202400031767";"155725823";"C01";"1";"7";"0";"2";"1";"0";"1";""
"202400031767";"155725824";"D01";"1";"7";"0";"2";"4";"0";"1";""
"202400031768";"155725812";"A01";"1";"7";"0";"2";"2";"1";"1";""
"202400031768";"155725814";"B01";"1";"7";"0";"2";"3";"20";"1";""
"202400031769";"155725811";"B01";"2";"7";"15";"2";"1";"17";"0";""
"202400031769";"155725813";"A01";"2";"10";"0";"2";"3";"15";"1";""
"202400031770";"155725805";"A01";"1";"7";"0";"2";"7";"15";"1";""
"202400031770";"155725807";"B01";"2";"50";"0";"2";"1";"1";"3";""
"202400031771";"155725809";"B01";"2";"33";"0";"0";"0";"0";"1";""
"202400031771";"155725810";"A01";"1";"7";"0";"2";"3";"11";"1";""
"202400031772";"155725804";"A01";"3";"37";"0";"2";"1";"1";"2";"1"
"202400031772";"155725806";"B01";"3";"1";"0";"2";"8";"19";"5";""
"202400031773";"155725802";"A01";"2";"7";"0";"1";"1";"1";"1";""
"202400031774";"155725799";"A01";"1";"50";"0";"1";"1";"25";"3";""
"202400031775";"155725798";"A01";"0";"50";"0";"2";"0";"0";"3";""
"202400031775";"155725801";"B01";"2";"7";"0";"2";"1";"0";"1";""
"202400031776";"155725800";"B01";"1";"7";"0";"2";"1";"1";"1";""
"202400031776";"155725803";"C01";"1";"33";"0";"2";"1";"1";"1";""
"202400031776";"155725808";"A01";"1";"7";"0";"0";"6";"9";"1";""
"202400031777";"155725795";"B01";"3";"37";"0";"0";"6";"1";"1";"1"
"202400031777";"155725797";"A01";"3";"32";"0";"2";"7";"1";"1";""
"202400031778";"155725793";"A01";"1";"50";"0";"2";"1";"5";"3";""
"202400031778";"155725796";"B01";"1";"7";"0";"2";"1";"15";"1";""
"202400031779";"155725792";"B01";"1";"50";"12";"2";"1";"26";"3";""
"202400031779";"155725794";"A01";"1";"7";"0";"2";"6";"23";"1";""
"202400031780";"155725791";"A01";"3";"7";"0";"0";"1";"1";"1";""
"202400031781";"155725789";"A01";"1";"7";"0";"1";"3";"1";"1";""
"202400031782";"155725788";"A01";"3";"7";"0";"2";"3";"13";"1";""
"202400031782";"155725790";"B01";"3";"7";"13";"2";"3";"1";"1";""
"202400031783";"155725785";"A01";"3";"30";"0";"1";"8";"13";"1";""
"202400031784";"155725786";"A01";"3";"7";"0";"1";"0";"0";"0";""
"202400031785";"155725784";"A01";"3";"7";"0";"2";"7";"26";"1";""
"202400031785";"155725787";"B01";"3";"7";"0";"2";"1";"26";"1";""
"202400031786";"155725775";"A01";"3";"7";"0";"2";"3";"1";"1";""
"202400031786";"155725780";"B01";"3";"7";"0";"2";"2";"15";"1";""
"202400031787";"155725776";"A01";"1";"30";"0";"0";"0";"0";"1";""
"202400031787";"155725778";"B01";"1";"7";"0";"0";"0";"0";"1";""
"202400031788";"155725779";"A01";"2";"7";"0";"2";"3";"19";"1";""
"202400031788";"155725783";"B01";"1";"1";"0";"2";"7";"1";"5";""
"202400031789";"155725774";"A01";"3";"33";"15";"2";"1";"1";"1";""
"202400031789";"155725777";"B01";"3";"15";"0";"2";"2";"1";"1";""
"202400031790";"155725770";"A01";"2";"10";"0";"2";"1";"15";"1";""
"202400031790";"155725772";"B01";"1";"50";"0";"2";"8";"1";"3";""
"202400031791";"155725766";"A01";"3";"7";"0";"2";"1";"1";"1";""
"202400031791";"155725768";"B01";"3";"7";"0";"2";"4";"1";"1";""
"202400031792";"155725769";"B01";"1";"7";"2";"2";"3";"1";"1";""
"202400031792";"155725773";"A01";"2";"7";"0";"2";"2";"13";"1";""
"202400031793";"155725763";"A01";"0";"50";"0";"2";"0";"0";"3";""
"202400031793";"155725767";"B01";"0";"7";"0";"2";"3";"0";"1";""
"202400031794";"155725765";"A01";"2";"31";"0";"2";"8";"19";"1";""
"202400031794";"155725771";"B01";"1";"7";"0";"2";"2";"1";"1";""
"202400031795";"155725761";"B01";"3";"15";"0";"2";"1";"1";"1";""
"202400031795";"155725764";"A01";"3";"10";"0";"2";"1";"5";"1";""
"202400031796";"155725760";"A01";"0";"7";"0";"9";"1";"1";"1";""
"202400031796";"155725762";"B01";"0";"1";"0";"2";"4";"1";"5";""
"202400031797";"155725757";"A01";"1";"7";"0";"1";"1";"1";"1";""
"202400031798";"155725755";"A01";"1";"7";"0";"2";"8";"13";"1";""
"202400031798";"155725758";"B01";"2";"2";"0";"2";"8";"13";"1";""
"202400031799";"155725754";"B01";"2";"50";"0";"2";"1";"1";"3";""
"202400031799";"155725759";"A01";"1";"7";"0";"2";"3";"9";"2";""
"202400031800";"155725752";"A01";"3";"7";"0";"1";"1";"1";"1";""
"202400031801";"155725750";"B01";"1";"13";"0";"2";"1";"23";"1";""
"202400031801";"155725751";"A01";"1";"7";"0";"2";"1";"1";"1";""
"202400031802";"155725749";"A01";"3";"33";"2";"0";"8";"1";"1";""
"202400031803";"155725748";"A01";"0";"7";"0";"1";"1";"1";"1";""
"202400031804";"155725747";"A01";"2";"7";"0";"1";"1";"1";"1";""
"202400031805";"155725745";"A01";"1";"7";"0";"2";"1";"15";"1";""
"202400031805";"155725746";"B01";"2";"2";"0";"2";"1";"1";"1";""