"Num_Acc";"id_vehicule";"num_veh";"senc";"catv";"obs";"obsm";"choc";"manv";"motor";"occutc"
"202400031806";"155725742";"A01";"1";"7";"0";"1";"3";"1";"2";""
"202400031807";"155725741";"A01";"2";"7";"0";"2";"1";"1";"1";""
"202400031807";"155725744";"B01";"2";"2";"0";"2";"4";"1";"1";""
"202400031808";"155725735";"A01";"1";"7";"0";"1";"2";"1";"1";""
"202400031809";"155725739";"B01";"1";"7";"0";"2";"2";"26";"1";""
"202400031809";"155725743";"A01";"1";"50";"0";"2";"0";"0";"3";""
"202400031810";"155725736";"A01";"1";"7";"0";"0";"4";"2";"1";""
"202400031810";"155725738";"B01";"1";"31";"0";"2";"1";"1";"1";""
"202400031811";"155725734";"A01";"2";"7";"0";"2";"3";"1";"1";""
"202400031811";"155725737";"B01";"2";"7";"0";"2";"6";"1";"1";""
"202400031812";"155725732";"B01";"1";"7";"0";"2";"4";"23";"1";""
"202400031812";"155725733";"A01";"1";"1";"0";"2";"1";"1";"5";""
"202400031813";"155725728";"B01";"1";"80";"0";"2";"3";"5";"3";""
"202400031813";"155725731";"A01";"2";"7";"0";"2";"2";"16";"1";""
"202400031814";"155725727";"B01";"1";"7";"0";"2";"1";"15";"1";""
"202400031814";"155725730";"A01";"2";"33";"0";"2";"1";"26";"1";""
"202400031815";"155725725";"A01";"1";"7";"0";"1";"3";"1";"1";""
"202400031816";"155725721";"A01";"2";"7";"0";"1";"2";"1";"1";""
"202400031817";"155725720";"A01";"2";"7";"0";"2";"1";"15";"1";""
"202400031817";"155725723";"B01";"1";"7";"0";"2";"8";"1";"1";""
"202400031818";"155725718";"A01";"1";"10";"0";"0";"5";"1";"1";""
"202400031818";"155725722";"B01";"1";"33";"0";"2";"5";"14";"1";""
"202400031819";"155725715";"A01";"1";"7";"0";"2";"1";"19";"1";""
"202400031819";"155725717";"C01";"2";"7";"0";"2";"1";"23";"1";""
"202400031819";"155725724";"B01";"2";"10";"0";"2";"1";"1";"1";""
"202400031820";"155725711";"A01";"2";"7";"0";"2";"3";"0";"1";""
"202400031820";"155725713";"B01";"1";"7";"0";"2";"3";"0";"1";""
"202400031821";"155725707";"C01";"1";"7";"0";"2";"3";"23";"1";""
"202400031821";"155725709";"A01";"1";"7";"0";"2";"1";"1";"1";""
"202400031821";"155725712";"B01";"2";"7";"0";"2";"3";"15";"1";""
"202400031822";"155725708";"B01";"1";"33";"0";"2";"2";"17";"1";""
"202400031822";"155725710";"A01";"1";"7";"0";"2";"5";"16";"1";""
"202400031823";"155725705";"A01";"2";"10";"0";"2";"2";"17";"1";""
"202400031823";"155725706";"B01";"2";"21";"0";"2";"8";"1";"1";""
"202400031824";"155725714";"A01";"2";"30";"0";"0";"2";"1";"1";""
"202400031825";"155725701";"A01";"3";"7";"0";"1";"1";"15";"1";""
"202400031826";"155725702";"B01";"1";"50";"0";"2";"1";"1";"3";""
"202400031826";"155725704";"A01";"1";"7";"0";"2";"5";"12";"1";""
"202400031827";"155725703";"A01";"1";"3";"8";"0";"2";"1";"1";""
"202400031828";"155725699";"A01";"2";"7";"0";"2";"3";"1";"1";""
"202400031828";"155725700";"B01";"1";"7";"0";"0";"0";"0";"1";""
"202400031829";"155725695";"A01";"0";"7";"0";"2";"2";"17";"1";""
"202400031829";"155725698";"B01";"0";"7";"0";"2";"3";"14";"1";""
"202400031830";"155725693";"A01";"2";"30";"0";"1";"1";"1";"1";""
"202400031831";"155725692";"A01";"3";"10";"0";"2";"8";"14";"1";""
"202400031831";"155725694";"B01";"3";"33";"0";"2";"1";"17";"1";""
"202400031831";"155725697";"C01";"3";"17";"0";"2";"8";"5";"1";""
"202400031832";"155725688";"A01";"2";"7";"0";"0";"4";"1";"1";""
"202400031832";"155725690";"B01";"2";"7";"0";"2";"1";"1";"1";""
"202400031833";"155725689";"A01";"2";"7";"0";"2";"7";"17";"1";""
"202400031833";"155725691";"B01";"2";"1";"0";"2";"8";"1";"5";""
"202400031834";"155725687";"B01";"2";"7";"0";"2";"1";"1";"1";""
"202400031834";"155725696";"A01";"1";"1";"0";"2";"1";"13";"5";""
"202400031835";"155725685";"A01";"1";"80";"0";"0";"0";"26";"2";""
"202400031836";"155725684";"A01";"3";"1";"0";"2";"1";"1";"5";""
"202400031836";"155725686";"B01";"3";"50";"0";"2";"1";"1";"3";""
"202400031837";"155725682";"A01";"1";"7";"0";"2";"1";"13";"1";""
"202400031837";"155725683";"B01";"2";"7";"0";"2";"1";"1";"1";""
"202400031838";"155725681";"A01";"2";"7";"0";"1";"3";"15";"1";""
"202400031839";"155725679";"A01";"2";"33";"2";"0";"1";"1";"1";""
"202400031840";"155725678";"B01";"1";"14";"0";"2";"3";"1";"1";""
"202400031840";"155725680";"A01";"2";"33";"0";"2";"1";"13";"1";""
"202400031841";"155725677";"A01";"3";"7";"0";"1";"1";"17";"1";""
"202400031842";"155725675";"A01";"2";"7";"0";"2";"1";"13";"1";""
"202400031842";"155725676";"B01";"1";"7";"0";"2";"1";"1";"1";""
"202400031843";"155725672";"A01";"3";"7";"0";"2";"3";"0";"1";""
"202400031843";"155725674";"B01";"3";"33";"0";"2";"1";"0";"1";""
"202400031844";"155725671";"A01";"1";"7";"0";"1";"3";"1";"1";""
"202400031845";"155725670";"A01";"2";"21";"0";"2";"3";"21";"1";""
"202400031845";"155725673";"B01";"1";"33";"0";"2";"3";"21";"1";""
"202400031846";"155725667";"A01";"1";"10";"0";"2";"1";"1";"1";""
"202400031846";"155725669";"B01";"1";"10";"0";"2";"4";"1";"1";""
"202400031847";"155725665";"B01";"0";"50";"0";"2";"1";"1";"3";""
"202400031847";"155725668";"A01";"0";"7";"0";"2";"6";"1";"1";""
"202400031848";"155725664";"A01";"2";"10";"0";"2";"3";"16";"1";""
"202400031848";"155725666";"B01";"2";"50";"0";"2";"2";"9";"3";""
"202400031849";"155725663";"A01";"2";"7";"3";"0";"1";"13";"1";""
"202400031850";"155725658";"B01";"2";"15";"0";"0";"0";"11";"1";""
"202400031850";"155725661";"A01";"2";"7";"0";"9";"2";"1";"1";""
"202400031851";"155725657";"B01";"3";"7";"0";"2";"1";"1";"1";""
"202400031851";"155725662";"A01";"3";"7";"0";"2";"8";"15";"1";""
"202400031852";"155725654";"A01";"1";"3";"0";"2";"3";"10";"1";""
"202400031852";"155725659";"B01";"1";"33";"0";"2";"7";"21";"1";""
"202400031853";"155725655";"B01";"1";"7";"0";"2";"2";"15";"1";""
"202400031853";"155725660";"A01";"1";"33";"0";"2";"1";"17";"1";""
"202400031854";"155725653";"A01";"2";"33";"4";"0";"8";"17";"1";""
"202400031854";"155725656";"B01";"1";"7";"0";"9";"1";"17";"1";""
"202400031855";"155725652";"A01";"1";"30";"6";"0";"1";"1";"1";""
"202400031856";"155725651";"A01";"1";"7";"0";"1";"1";"1";"1";""
"202400031857";"155725650";"A01";"1";"7";"3";"0";"0";"1";"1";""
"202400031858";"155725648";"B01";"1";"7";"0";"2";"3";"1";"1";""
"202400031858";"155725649";"A01";"2";"7";"0";"2";"3";"1";"1";""
"202400031859";"155725647";"A01";"1";"7";"0";"1";"2";"1";"1";""
"202400031860";"155725643";"A01";"0";"33";"0";"2";"7";"21";"1";""
"202400031861";"155725640";"A01";"3";"7";"0";"2";"3";"9";"1";""
"202400031861";"155725645";"B01";"2";"33";"0";"2";"1";"1";"1";""
"202400031862";"155725641";"A01";"1";"7";"3";"2";"5";"13";"1";""
"202400031862";"155725646";"B01";"2";"7";"0";"2";"2";"1";"1";""
"202400031863";"155725639";"A01";"2";"7";"15";"0";"2";"1";"1";""
"202400031864";"155725638";"A01";"1";"7";"0";"1";"1";"1";"2";""
"202400031865";"155725637";"A01";"1";"33";"0";"0";"8";"1";"1";""
"202400031866";"155725634";"A01";"2";"7";"0";"2";"3";"1";"2";""
"202400031866";"155725636";"B01";"2";"1";"0";"2";"7";"19";"5";""
"202400031867";"155725633";"B01";"2";"2";"0";"2";"1";"1";"1";""
"202400031867";"155725635";"A01";"1";"7";"0";"2";"1";"15";"1";""
"202400031868";"155725629";"B01";"2";"1";"0";"2";"0";"1";"5";""
"202400031868";"155725631";"A01";"2";"7";"0";"2";"2";"16";"1";""
"202400031869";"155725625";"A01";"2";"7";"0";"2";"3";"15";"1";""
"202400031869";"155725628";"B01";"1";"33";"0";"2";"1";"1";"1";""
"202400031870";"155725624";"A01";"1";"7";"0";"2";"1";"13";"1";""
"202400031870";"155725630";"B01";"2";"7";"0";"2";"1";"1";"1";""
"202400031871";"155725626";"A01";"1";"32";"0";"2";"8";"15";"1";""
"202400031871";"155725632";"B01";"1";"7";"0";"2";"8";"1";"1";""
"202400031872";"155725621";"B01";"1";"7";"0";"2";"7";"15";"1";""
"202400031872";"155725622";"D01";"1";"7";"0";"2";"4";"15";"1";""
"202400031872";"155725623";"A01";"1";"7";"0";"2";"1";"11";"1";""
"202400031872";"155725627";"C01";"1";"7";"0";"2";"2";"15";"1";""
"202400031873";"155725620";"A01";"0";"7";"3";"0";"0";"26";"1";""
"202400031874";"155725619";"A01";"2";"7";"8";"0";"0";"0";"1";""
"202400031875";"155725618";"A01";"0";"7";"6";"0";"1";"1";"3";""
"202400031876";"155725615";"A01";"1";"7";"0";"2";"3";"9";"1";""
"202400031876";"155725617";"B01";"1";"7";"0";"2";"5";"2";"1";""
"202400031877";"155725612";"A01";"2";"7";"0";"2";"7";"1";"1";""
"202400031877";"155725614";"B01";"2";"2";"13";"2";"0";"1";"1";""
"202400031878";"155725611";"A01";"1";"14";"0";"2";"4";"15";"1";""
"202400031878";"155725613";"B01";"1";"1";"0";"2";"1";"1";"5";""
"202400031879";"155725607";"B01";"1";"1";"14";"2";"1";"2";"5";""
"202400031879";"155725610";"A01";"1";"7";"0";"2";"5";"23";"1";""
"202400031880";"155725608";"A01";"1";"7";"0";"1";"3";"1";"0";""
"202400031881";"155725604";"A01";"1";"7";"0";"0";"0";"1";"1";""
"202400031882";"155725603";"B01";"3";"10";"0";"2";"1";"1";"1";""
"202400031882";"155725605";"A01";"3";"7";"0";"2";"1";"13";"2";""
"202400031883";"155725602";"A01";"1";"7";"2";"0";"1";"0";"1";""
"202400031884";"155725600";"A01";"2";"7";"0";"1";"1";"1";"1";""
"202400031885";"155725599";"A01";"1";"7";"0";"2";"3";"1";"1";""
"202400031885";"155725601";"B01";"2";"7";"0";"2";"3";"13";"1";""
"202400031886";"155725596";"A01";"2";"7";"0";"2";"8";"15";"1";""
"202400031886";"155725598";"B01";"2";"34";"0";"2";"1";"17";"1";""
"202400031887";"155725595";"A01";"2";"7";"11";"2";"1";"13";"1";""
"202400031887";"155725597";"B01";"1";"10";"0";"2";"2";"1";"1";""
"202400031888";"155725594";"A01";"3";"10";"2";"0";"1";"6";"1";""
"202400031889";"155725590";"B01";"1";"21";"0";"0";"5";"15";"0";""
"202400031889";"155725592";"A01";"1";"7";"0";"2";"1";"1";"1";""
"202400031890";"155725591";"A01";"2";"7";"0";"2";"8";"13";"1";""
"202400031890";"155725593";"B01";"1";"1";"0";"2";"8";"1";"5";""
"202400031891";"155725586";"A01";"3";"7";"0";"2";"1";"1";"1";""
"202400031891";"155725589";"B01";"3";"7";"0";"2";"5";"1";"1";""
"202400031892";"155725584";"A01";"2";"7";"0";"2";"3";"5";"1";""
"202400031892";"155725588";"B01";"2";"7";"0";"2";"1";"1";"3";""
"202400031893";"155725585";"B01";"2";"10";"0";"2";"1";"0";"1";""
"202400031893";"155725587";"A01";"1";"7";"0";"2";"1";"13";"1";""
"202400031894";"155725583";"A01";"2";"50";"0";"0";"1";"1";"3";""
"202400031895";"155725582";"A01";"3";"7";"15";"1";"1";"16";"1";""
"202400031896";"155725580";"A01";"2";"7";"16";"0";"3";"1";"1";""
"202400031897";"155725578";"A01";"3";"7";"0";"2";"1";"1";"1";""
"202400031897";"155725581";"B01";"2";"7";"0";"2";"6";"23";"1";""
"202400031898";"155725575";"A01";"1";"7";"0";"0";"3";"1";"1";""
"202400031899";"155725576";"A01";"1";"7";"14";"0";"2";"1";"1";""
"202400031900";"155725573";"A01";"1";"50";"9";"0";"2";"25";"3";""
"202400031901";"155725574";"B01";"3";"2";"0";"2";"1";"1";"1";""
"202400031901";"155725579";"A01";"1";"10";"0";"0";"6";"15";"1";""
"202400031902";"155725569";"A01";"1";"7";"0";"2";"7";"17";"1";""
"202400031902";"155725572";"B01";"1";"15";"0";"2";"8";"13";"0";""
"202400031903";"155725567";"B01";"1";"7";"0";"2";"1";"1";"1";""
"202400031903";"155725571";"A01";"2";"7";"0";"2";"1";"5";"1";""
"202400031904";"155725566";"A01";"3";"1";"0";"2";"7";"26";"5";""
"202400031904";"155725568";"Z01";"2";"7";"0";"9";"1";"1";"0";""
"202400031905";"155725564";"B01";"2";"7";"0";"2";"1";"1";"1";""
"202400031905";"155725570";"A01";"1";"7";"0";"2";"1";"5";"1";""
"202400031906";"155725563";"A01";"1";"31";"0";"2";"1";"2";"1";""
"202400031906";"155725565";"B01";"1";"10";"0";"2";"6";"2";"1";""
"202400031907";"155725559";"A01";"0";"1";"0";"2";"2";"19";"5";""
"202400031907";"155725562";"B01";"0";"7";"0";"9";"3";"17";"1";""
"202400031908";"155725558";"A01";"2";"7";"0";"2";"1";"15";"1";""
"202400031908";"155725561";"B01";"1";"10";"0";"2";"2";"1";"1";""
"202400031909";"155725556";"A01";"1";"7";"0";"2";"1";"2";"1";""
"202400031909";"155725557";"B01";"1";"2";"0";"0";"4";"2";"1";""
"202400031910";"155725552";"A01";"1";"7";"0";"2";"2";"2";"1";""
"202400031910";"155725555";"B01";"1";"7";"9";"2";"6";"2";"1";""
"202400031911";"155725553";"B01";"1";"7";"0";"2";"2";"1";"1";""
"202400031911";"155725560";"A01";"2";"7";"0";"2";"3";"15";"1";""
"202400031912";"155725550";"A01";"1";"7";"0";"2";"7";"19";"1";""
"202400031912";"155725554";"B01";"2";"7";"0";"2";"1";"1";"2";""
"202400031913";"155725548";"A01";"1";"7";"0";"9";"1";"16";"1";""
"202400031913";"155725551";"B01";"1";"1";"0";"2";"7";"1";"5";""
"202400031914";"155725544";"A01";"1";"7";"0";"2";"2";"1";"1";""
"202400031914";"155725547";"B01";"2";"7";"0";"2";"3";"1";"1";""
"202400031914";"155725549";"C01";"1";"7";"16";"2";"6";"2";"1";""
"202400031915";"155725539";"A01";"1";"2";"1";"0";"1";"0";"1";""
"202400031916";"155725540";"B01";"1";"7";"0";"2";"1";"9";"1";""
"202400031916";"155725545";"A01";"2";"33";"0";"2";"1";"1";"1";""
"202400031917";"155725542";"A01";"2";"21";"6";"0";"3";"13";"1";""
"202400031918";"155725543";"B01";"2";"33";"0";"2";"1";"1";"1";""
"202400031918";"155725546";"A01";"1";"10";"0";"2";"3";"9";"1";""
"202400031919";"155725538";"A01";"2";"7";"0";"2";"3";"15";"1";""
"202400031919";"155725541";"B01";"2";"43";"0";"2";"1";"17";"1";""
"202400031920";"155725534";"B01";"1";"1";"0";"2";"0";"5";"5";""
"202400031920";"155725537";"A01";"2";"7";"0";"9";"1";"1";"1";""
"202400031921";"155725532";"A01";"0";"2";"0";"2";"1";"13";"1";""
"202400031921";"155725536";"B01";"0";"7";"0";"0";"2";"1";"1";""
"202400031922";"155725531";"A01";"1";"7";"0";"2";"2";"1";"1";""
"202400031922";"155725533";"B01";"1";"7";"0";"2";"2";"23";"1";""
"202400031923";"155725530";"A01";"0";"7";"0";"2";"3";"9";"1";""
"202400031923";"155725535";"B01";"0";"2";"0";"2";"6";"1";"1";""
"202400031924";"155725528";"A01";"2";"7";"0";"2";"1";"5";"1";""
"202400031924";"155725529";"B01";"1";"15";"0";"2";"1";"1";"1";""
"202400031925";"155725524";"A01";"1";"80";"1";"0";"1";"1";"3";""
"202400031926";"155725522";"B01";"3";"7";"0";"2";"2";"1";"1";""
"202400031926";"155725527";"A01";"3";"7";"0";"2";"1";"9";"1";""
"202400031927";"155725520";"A01";"3";"32";"0";"2";"1";"17";"1";""
"202400031927";"155725523";"B01";"3";"7";"0";"2";"3";"2";"1";""
"202400031927";"155725526";"C01";"3";"7";"0";"2";"3";"1";"1";""
"202400031928";"155725518";"A01";"1";"7";"16";"0";"1";"2";"6";""
"202400031928";"155725521";"B01";"1";"7";"0";"0";"7";"26";"1";""
"202400031929";"155725514";"A01";"3";"37";"0";"2";"1";"2";"1";"9"
"202400031929";"155725525";"B01";"1";"37";"0";"0";"4";"2";"1";"9"
"202400031930";"155725513";"A01";"1";"7";"0";"2";"1";"1";"1";""
"202400031930";"155725516";"B01";"2";"10";"0";"2";"4";"15";"1";""
"202400031930";"155725519";"C01";"2";"7";"0";"2";"1";"1";"1";""
"202400031931";"155725510";"A01";"2";"33";"0";"2";"1";"15";"1";""
"202400031931";"155725511";"B01";"2";"10";"0";"2";"3";"9";"1";""
"202400031932";"155725506";"A01";"1";"7";"6";"0";"1";"2";"1";""
"202400031933";"155725507";"A01";"2";"1";"0";"0";"1";"1";"5";""
"202400031934";"155725504";"B01";"2";"7";"0";"0";"4";"24";"1";""
"202400031934";"155725512";"A01";"2";"10";"1";"0";"1";"1";"1";""
"202400031935";"155725503";"A01";"0";"7";"0";"9";"8";"26";"1";""
"202400031935";"155725505";"B01";"0";"1";"0";"2";"1";"1";"5";""
"202400031936";"155725500";"A01";"1";"7";"2";"2";"2";"21";"1";""
"202400031937";"155725499";"A01";"1";"7";"0";"1";"1";"26";"1";""
"202400031938";"155725497";"A01";"1";"7";"0";"0";"9";"1";"1";""
"202400031939";"155725496";"A01";"3";"7";"0";"2";"1";"1";"1";""
"202400031939";"155725498";"B01";"3";"7";"0";"0";"7";"15";"1";""
"202400031939";"155725501";"C01";"3";"7";"0";"0";"3";"0";"1";""
"202400031939";"155725502";"D01";"3";"7";"0";"0";"3";"1";"1";""
"202400031940";"155725494";"A01";"2";"33";"0";"2";"1";"2";"1";""
"202400031940";"155725495";"B01";"2";"7";"0";"2";"4";"2";"1";""
"202400031941";"155725488";"B01";"2";"10";"3";"2";"6";"1";"1";""
"202400031941";"155725491";"A01";"2";"10";"0";"2";"2";"1";"1";""
"202400031942";"155725486";"A01";"1";"33";"0";"2";"1";"17";"1";""
"202400031942";"155725490";"B01";"2";"7";"0";"2";"1";"1";"1";""
"202400031942";"155725493";"C01";"1";"7";"0";"2";"3";"1";"1";""
"202400031943";"155725487";"B01";"2";"15";"0";"2";"1";"1";"1";""
"202400031943";"155725492";"A01";"2";"7";"0";"2";"8";"19";"1";""
"202400031944";"155725485";"A01";"2";"10";"0";"2";"3";"11";"1";""
"202400031944";"155725489";"B01";"2";"33";"0";"2";"7";"3";"1";""
"202400031945";"155725484";"A01";"1";"33";"0";"6";"1";"1";"1";""
"202400031946";"155725482";"A01";"1";"33";"3";"0";"2";"2";"1";""
"202400031947";"155725479";"A01";"2";"7";"0";"2";"1";"2";"1";""
"202400031947";"155725481";"B01";"2";"7";"0";"0";"4";"2";"2";""
"202400031948";"155725478";"C01";"1";"10";"4";"2";"1";"1";"1";""
"202400031948";"155725480";"A01";"1";"7";"4";"2";"4";"11";"1";""
"202400031948";"155725483";"B01";"1";"10";"0";"2";"1";"1";"1";""
"202400031949";"155725475";"B01";"2";"15";"0";"2";"8";"1";"1";""
"202400031949";"155725477";"A01";"1";"7";"0";"2";"1";"1";"1";""
"202400031950";"155725474";"A01";"1";"17";"4";"0";"3";"26";"1";""
"202400031951";"155725471";"B01";"2";"7";"0";"2";"3";"13";"1";""
"202400031951";"155725472";"A01";"1";"33";"14";"2";"1";"26";"1";""
"202400031952";"155725469";"A01";"2";"32";"0";"2";"1";"3";"1";""
"202400031952";"155725470";"B01";"2";"7";"0";"2";"5";"1";"2";""
"202400031953";"155725468";"A01";"1";"7";"0";"2";"1";"2";"1";""
"202400031953";"155725473";"B01";"1";"7";"0";"0";"4";"1";"1";""
"202400031953";"155725476";"C01";"1";"7";"0";"9";"8";"2";"1";""
"202400031954";"155725467";"A01";"2";"7";"0";"1";"3";"1";"1";""
"202400031955";"155725463";"A01";"2";"33";"0";"2";"1";"3";"1";""
"202400031955";"155725464";"C01";"2";"10";"0";"2";"7";"1";"1";""
"202400031955";"155725466";"B01";"2";"43";"0";"2";"5";"2";"1";""
"202400031956";"155725462";"A01";"1";"7";"0";"2";"1";"2";"1";""
"202400031956";"155725465";"B01";"1";"7";"0";"0";"4";"2";"1";""
"202400031957";"155725460";"B01";"0";"7";"0";"2";"8";"0";"0";""
"202400031957";"155725461";"A01";"0";"7";"0";"2";"0";"0";"1";""
"202400031958";"155725458";"A01";"2";"33";"0";"2";"3";"3";"1";""
"202400031958";"155725459";"B01";"2";"7";"0";"2";"2";"12";"1";""
"202400031959";"155725454";"A01";"1";"33";"0";"0";"7";"0";"1";""
"202400031960";"155725453";"A01";"1";"7";"0";"2";"3";"15";"1";""
"202400031960";"155725456";"B01";"1";"33";"0";"2";"1";"0";"1";""
"202400031961";"155725455";"A01";"2";"7";"0";"2";"2";"15";"1";""
"202400031961";"155725457";"B01";"1";"33";"0";"2";"1";"1";"1";""
"202400031962";"155725451";"B01";"3";"32";"0";"2";"1";"1";"1";""
"202400031962";"155725452";"A01";"0";"7";"0";"2";"0";"5";"0";""
"202400031963";"155725450";"A01";"2";"7";"0";"1";"2";"0";"1";""
"202400031964";"155725447";"A01";"0";"7";"0";"2";"2";"15";"1";""
"202400031964";"155725449";"B01";"0";"2";"0";"2";"1";"1";"3";""
"202400031965";"155725445";"A01";"3";"32";"0";"2";"0";"0";"1";""
"202400031965";"155725448";"B01";"3";"7";"0";"2";"0";"0";"1";""
"202400031966";"155725444";"A01";"3";"7";"0";"2";"1";"1";"2";""
"202400031966";"155725446";"B01";"3";"7";"0";"2";"8";"15";"1";""
"202400031967";"155725442";"A01";"2";"7";"8";"0";"2";"13";"1";""
"202400031968";"155725441";"A01";"2";"30";"0";"2";"1";"2";"1";""
"202400031968";"155725443";"B01";"2";"10";"0";"2";"4";"23";"1";""
"202400031969";"155725437";"A01";"2";"7";"0";"2";"1";"2";"1";""
"202400031969";"155725439";"B01";"2";"7";"0";"2";"4";"20";"1";""
"202400031970";"155725438";"A01";"1";"7";"2";"0";"3";"1";"1";""
"202400031971";"155725436";"A01";"2";"7";"0";"2";"3";"9";"3";""
"202400031971";"155725440";"B01";"1";"80";"0";"2";"2";"1";"3";""
"202400031972";"155725431";"A01";"1";"7";"0";"2";"3";"1";"1";""
"202400031972";"155725434";"B01";"1";"7";"6";"2";"1";"10";"1";""
"202400031973";"155725432";"B01";"3";"1";"0";"2";"4";"2";"5";""
"202400031973";"155725435";"A01";"3";"7";"0";"2";"2";"2";"3";""
"202400031974";"155725433";"A01";"2";"2";"0";"0";"0";"0";"1";""
"202400031975";"155725430";"A01";"0";"30";"0";"0";"0";"1";" -1";""
"202400031976";"155725429";"A01";"1";"2";"0";"0";"7";"1";"1";""
"202400031977";"155725428";"A01";"0";"7";"0";"1";"3";"21";"1";""
"202400031978";"155725425";"A01";"2";"7";"0";"1";"3";"1";"1";""
"202400031979";"155725423";"B01";"1";"7";"0";"2";"4";"2";"1";""
"202400031979";"155725424";"C01";"1";"7";"0";"2";"4";"2";"1";""
"202400031979";"155725427";"A01";"1";"10";"0";"2";"1";"2";"1";""
"202400031980";"155725421";"B01";"2";"7";"3";"2";"4";"1";"1";""
"202400031980";"155725422";"A01";"2";"7";"0";"2";"1";"1";"1";""
"202400031981";"155725420";"A01";"1";"33";"0";"0";"0";"0";"1";""
"202400031982";"155725419";"A01";"1";"7";"0";"1";"2";"1";"1";""
"202400031983";"155725415";"A01";"2";"31";"0";"2";"8";"13";"1";""
"202400031983";"155725418";"B01";"2";"7";"0";"2";"2";"1";"2";""
"202400031984";"155725413";"B01";"1";"31";"0";"2";"1";"1";"1";""
"202400031984";"155725414";"C01";"1";"7";"0";"2";"6";"1";"1";""
"202400031984";"155725417";"A01";"1";"7";"0";"2";"7";"20";"0";""
"202400031985";"155725412";"B01";"0";"1";"0";"2";"1";"1";"5";""
"202400031985";"155725416";"A01";"0";"7";"0";"9";"5";"20";"1";""
"202400031986";"155725410";"A01";"3";"2";"0";"2";"4";"15";"0";""
"202400031986";"155725411";"B01";"3";"2";"0";"2";"1";"0";"0";""
"202400031987";"155725404";"B01";"1";"7";"0";"2";"1";"1";"1";""
"202400031987";"155725407";"C01";"1";"7";"0";"2";"3";"2";"1";""
"202400031987";"155725408";"D01";"1";"7";"4";"2";"2";"14";"1";""
"202400031987";"155725409";"A01";"1";"7";"0";"2";"4";"1";"2";""
"202400031988";"155725403";"B01";"2";"7";"0";"2";"3";"1";"1";""
"202400031988";"155725406";"A01";"1";"2";"0";"2";"1";"15";"1";""
"202400031989";"155725400";"A01";"1";"7";"0";"2";"4";"2";"1";""
"202400031989";"155725402";"B01";"1";"7";"0";"2";"1";"2";"1";""
"202400031989";"155725405";"C01";"1";"7";"0";"2";"1";"2";"1";""
"202400031990";"155725398";"A01";"1";"7";"0";"2";"2";"2";"1";""
"202400031990";"155725399";"B01";"1";"7";"0";"2";"4";"2";"2";""
"202400031990";"155725401";"C01";"1";"7";"0";"2";"4";"2";"1";""
"202400031991";"155725392";"A01";"3";"33";"0";"0";"0";"1";"1";""
"202400031992";"155725390";"A01";"3";"30";"0";"2";"1";"1";"1";""
"202400031992";"155725393";"Z01";"1";"7";"0";"2";"0";"0";"0";""
"202400031993";"155725389";"E01";"1";"10";"0";"2";"4";"1";"1";""
"202400031993";"155725391";"A01";"1";"7";"0";"2";"1";"26";"1";""
"202400031993";"155725394";"B01";"1";"10";"0";"2";"4";"1";"1";""
"202400031993";"155725395";"D01";"1";"7";"0";"2";"4";"1";"1";""
"202400031993";"155725396";"C01";"1";"7";"0";"2";"4";"1";"3";""
"202400031994";"155725387";"A01";"3";"7";"0";"1";"1";"1";"1";""
"202400031995";"155725388";"A01";"3";"0";"0";"0";"0";"1";"0";""
"202400031996";"155725386";"A01";"1";"7";"4";"0";"1";"11";"1";""
"202400031997";"155725384";"A01";"1";"33";"0";"2";"2";"2";"1";""
"202400031997";"155725385";"B01";"1";"33";"0";"2";"6";"1";"1";""
"202400031998";"155725382";"A01";"1";"7";"0";"2";"2";"11";"1";""
"202400031998";"155725383";"B01";"2";"2";"0";"2";"8";"9";"3";""
"202400031999";"155725381";"A01";"2";"7";"0";"9";"1";"0";"1";""
"202400032000";"155725379";"B01";"1";"7";"0";"2";"4";"2";"1";""
"202400032000";"155725380";"A01";"1";"10";"0";"2";"1";"2";"1";""
"202400032001";"155725376";"B01";"2";"7";"0";"2";"3";"15";"3";""
"202400032001";"155725378";"A01";"1";"33";"0";"2";"1";"10";"1";""
"202400032002";"155725374";"A01";"2";"7";"0";"2";"8";"2";"1";""
"202400032002";"155725377";"B01";"2";"33";"0";"2";"7";"14";"1";""
"202400032003";"155725373";"A01";"2";"2";"0";"2";"1";"14";"1";""
"202400032003";"155725375";"Z01";"1";"7";"0";"2";"1";"20";"1";""
"202400032004";"155725371";"A01";"1";"7";"0";"0";"0";"20";"1";""
"202400032004";"155725372";"B01";"1";"33";"11";"0";"1";"21";"1";""
"202400032005";"155725368";"B01";"1";"10";"0";"2";"7";"1";"1";""
"202400032005";"155725370";"A01";"2";"43";"0";"2";"1";"10";"1";""
"202400032006";"155725365";"A01";"1";"33";"0";"2";"2";"3";"1";""
"202400032006";"155725367";"B01";"1";"7";"0";"2";"3";"11";"1";""
"202400032006";"155725369";"C01";"1";"7";"0";"2";"5";"2";"1";""
"202400032007";"155725364";"B01";"3";"7";"0";"2";"3";"1";"1";""
"202400032007";"155725366";"A01";"3";"30";"0";"2";"1";"19";"1";""
"202400032008";"155725363";"Z01";"2";"50";"0";"1";"0";"0";"3";""
"202400032009";"155725357";"B01";"1";"33";"0";"1";"8";"1";"1";""