"Num_Acc";"id_vehicule";"num_veh";"senc";"catv";"obs";"obsm";"choc";"manv";"motor";"occutc"
"202400032009";"155725361";"A01";"2";"7";"0";"2";"3";"15";"1";""
"202400032010";"155725356";"B01";"2";"7";"0";"2";"5";"16";"1";""
"202400032010";"155725359";"A01";"2";"1";"0";"2";"1";"12";"5";""
"202400032011";"155725354";"A01";"1";"7";"0";"2";"4";"0";"1";""
"202400032011";"155725355";"B01";"1";"7";"0";"2";"1";"2";"1";""
"202400032011";"155725358";"C01";"1";"7";"0";"2";"1";"2";"2";""
"202400032011";"155725360";"D01";"2";"7";"0";"2";"1";"2";"2";""
"202400032011";"155725362";"E01";"1";"7";"0";"2";"1";"2";"1";""
"202400032012";"155725353";"A01";"2";"7";"0";"1";"2";"1";"1";""
"202400032013";"155725351";"B01";"2";"1";"1";"0";"7";"1";"5";""
"202400032013";"155725352";"A01";"2";"7";"0";"2";"3";"24";"2";""
"202400032014";"155725348";"A01";"3";"7";"14";"0";"1";"13";"1";""
"202400032015";"155725349";"A01";"2";"7";"0";"2";"0";"2";"1";""
"202400032015";"155725350";"B01";"1";"7";"0";"2";"0";"2";"1";""
"202400032016";"155725347";"A01";"1";"1";"0";"1";"4";"1";"5";""
"202400032017";"155725344";"A01";"1";"7";"0";"2";"2";"19";"1";""
"202400032017";"155725346";"B01";"2";"43";"0";"2";"8";"1";"1";""
"202400032018";"155725343";"A01";"2";"33";"0";"1";"1";"1";"1";""
"202400032019";"155725342";"B01";"2";"7";"0";"2";"4";"1";"1";""
"202400032019";"155725345";"A01";"2";"10";"0";"2";"4";"26";"1";""
"202400032020";"155725340";"B01";"2";"7";"0";"2";"8";"15";"1";""
"202400032020";"155725341";"A01";"2";"30";"0";"2";"7";"17";"3";""
"202400032021";"155725339";"A01";"1";"1";"12";"2";"2";"12";"5";""
"202400032022";"155725334";"A01";"0";"7";"0";"0";"1";"19";"1";""
"202400032023";"155725333";"A01";"1";"43";"0";"2";"1";"5";"1";""
"202400032023";"155725336";"B01";"2";"7";"0";"0";"1";"23";"2";""
"202400032024";"155725332";"B01";"1";"7";"0";"2";"4";"2";"1";""
"202400032024";"155725335";"A01";"1";"7";"0";"2";"4";"26";"1";""
"202400032024";"155725337";"C01";"1";"7";"0";"2";"4";"2";"1";""
"202400032024";"155725338";"D01";"1";"7";"0";"2";"1";"2";"1";""
"202400032025";"155725329";"A01";"1";"7";"0";"2";"1";"13";"1";""
"202400032025";"155725331";"B01";"1";"37";"0";"2";"3";"1";"1";"1"
"202400032026";"155725328";"A01";"2";"7";"0";"2";"1";"1";"1";""
"202400032026";"155725330";"B01";"2";"7";"0";"2";"4";"1";"1";""
"202400032027";"155725326";"A01";"2";"7";"4";"0";"1";"1";"1";""
"202400032027";"155725327";"B01";"1";"7";"4";"0";"1";"1";"1";""
"202400032028";"155725323";"B01";"0";"7";"0";"2";"6";"1";"1";""
"202400032028";"155725325";"A01";"0";"7";"0";"2";"1";"1";"1";""
"202400032029";"155725322";"A01";"1";"7";"0";"2";"1";"2";"1";""
"202400032029";"155725324";"B01";"1";"7";"0";"2";"4";"0";"1";""
"202400032030";"155725319";"A01";"3";"1";"0";"2";"1";"1";"5";""
"202400032030";"155725321";"B01";"3";"7";"0";"2";"1";"16";"1";""
"202400032031";"155725320";"A01";"2";"33";"5";"0";"1";"1";"1";""
"202400032032";"155725318";"A01";"3";"50";"0";"1";"1";"1";"3";""
"202400032033";"155725316";"A01";"2";"7";"0";"2";"8";"2";"1";""
"202400032033";"155725317";"B01";"2";"7";"0";"2";"0";"0";"0";""
"202400032034";"155725315";"A01";"3";"7";"0";"1";"1";"1";"1";""
"202400032035";"155725314";"A01";"1";"7";"4";"0";"1";"2";"1";""
"202400032036";"155725313";"A01";"3";"1";"0";"0";"1";"1";"5";""
"202400032037";"155725311";"A01";"2";"7";"0";"2";"6";"2";"1";""
"202400032037";"155725312";"B01";"2";"32";"0";"2";"7";"3";"1";""
"202400032038";"155725308";"A01";"2";"7";"0";"2";"1";"1";"1";""
"202400032038";"155725310";"B01";"3";"7";"0";"2";"3";"1";"1";""
"202400032039";"155725307";"A01";"1";"7";"0";"2";"1";"2";"1";""
"202400032039";"155725309";"B01";"1";"7";"0";"2";"4";"2";"1";""
"202400032040";"155725304";"A01";"2";"14";"0";"2";"7";"1";"1";""
"202400032040";"155725306";"B01";"1";"1";"0";"2";"9";"16";"5";""
"202400032041";"155725303";"B01";"1";"15";"1";"0";"2";"1";"1";""
"202400032041";"155725305";"A01";"1";"7";"1";"0";"1";"13";"1";""
"202400032042";"155725301";"A01";"1";"7";"4";"0";"7";"1";"3";""
"202400032043";"155725300";"A01";"1";"10";"0";"2";"1";"9";"1";""
"202400032043";"155725302";"B01";"2";"7";"0";"2";"1";"5";"1";""
"202400032044";"155725298";"B01";"2";"43";"4";"2";"6";"1";"1";""
"202400032044";"155725299";"A01";"2";"7";"4";"2";"1";"26";"1";""
"202400032045";"155725296";"A01";"1";"7";"0";"2";"3";"1";"1";""
"202400032045";"155725297";"B01";"2";"1";"0";"2";"5";"19";"5";""
"202400032046";"155725295";"A01";"1";"7";"4";"0";"1";"1";"1";""
"202400032047";"155725293";"A01";"2";"7";"0";"2";"3";"15";"1";""
"202400032047";"155725294";"B01";"1";"43";"0";"2";"1";"1";"1";""
"202400032048";"155725290";"C01";"1";"10";"0";"2";"4";"2";"1";""
"202400032048";"155725291";"B01";"1";"7";"0";"2";"4";"2";"1";""
"202400032048";"155725292";"A01";"1";"7";"0";"2";"1";"2";"2";""
"202400032049";"155725289";"A01";"1";"7";"0";"1";"3";"1";"1";""
"202400032050";"155725286";"A01";"1";"7";"0";"2";"8";"1";"1";""
"202400032050";"155725288";"B01";"1";"7";"0";"2";"2";"14";"1";""
"202400032051";"155725285";"B01";"2";"7";"0";"2";"2";"1";"1";""
"202400032051";"155725287";"A01";"1";"7";"0";"2";"2";"15";"2";""
"202400032052";"155725280";"A01";"2";"33";"0";"2";"8";"15";"1";""
"202400032052";"155725282";"B01";"2";"7";"0";"2";"7";"1";"1";""
"202400032053";"155725281";"A01";"1";"10";"0";"2";"1";"2";"1";""
"202400032053";"155725283";"B01";"1";"7";"0";"2";"4";"2";"1";""
"202400032053";"155725284";"C01";"1";"7";"0";"2";"4";"2";"1";""
"202400032054";"155725276";"A01";"1";"10";"0";"2";"6";"11";"1";""
"202400032054";"155725278";"B01";"1";"32";"0";"2";"7";"1";"1";""
"202400032055";"155725277";"A01";"2";"2";"0";"2";"1";"2";"1";""
"202400032055";"155725279";"B01";"2";"7";"0";"2";"4";"23";"2";""
"202400032056";"155725273";"A01";"2";"31";"0";"2";"1";"17";"1";""
"202400032056";"155725274";"B01";"2";"32";"0";"2";"8";"15";"1";""
"202400032057";"155725272";"Z01";"1";"7";"0";"2";"2";"15";"0";""
"202400032057";"155725275";"A01";"1";"1";"0";"2";"8";"1";"5";""
"202400032058";"155725269";"A01";"1";"7";"0";"2";"3";"9";"1";""
"202400032058";"155725271";"B01";"1";"2";"0";"2";"7";"16";"1";""
"202400032059";"155725268";"B01";"1";"7";"0";"2";"6";"2";"1";""
"202400032059";"155725270";"A01";"1";"32";"0";"2";"1";"2";"1";""
"202400032060";"155725266";"A01";"3";"7";"0";"0";"1";"13";"1";""
"202400032061";"155725265";"B01";"3";"33";"0";"0";"1";"2";"0";""
"202400032061";"155725267";"A01";"3";"7";"0";"0";"3";"15";"0";""
"202400032062";"155725262";"A01";"1";"2";"0";"2";"9";"1";"1";""
"202400032062";"155725264";"B01";"1";"7";"0";"2";"8";"16";"1";""
"202400032063";"155725261";"B01";"3";"1";"0";"2";"3";"1";"5";""
"202400032063";"155725263";"A01";"3";"7";"0";"2";"2";"19";"1";""
"202400032064";"155725259";"A01";"1";"14";"0";"2";"2";"16";"1";""
"202400032064";"155725260";"B01";"1";"1";"0";"2";"1";"1";"5";""
"202400032065";"155725257";"A01";"3";"7";"0";"2";"3";"10";"1";""
"202400032065";"155725258";"B01";"3";"2";"0";"2";"1";"1";"1";""
"202400032066";"155725256";"A01";"1";"31";"0";"0";"0";"13";"1";""
"202400032067";"155725253";"A01";"3";"10";"0";"2";"1";"2";"1";""
"202400032067";"155725255";"B01";"2";"33";"0";"2";"4";"2";"1";""
"202400032068";"155725252";"A01";"2";"7";"0";"2";"1";"2";"1";""
"202400032068";"155725254";"B01";"2";"7";"0";"2";"4";"2";"1";""
"202400032069";"155725251";"A01";"3";"31";"0";"0";"7";"16";"1";""
"202400032070";"155725246";"B01";"1";"2";"0";"2";"1";"2";"1";""
"202400032070";"155725247";"A01";"1";"7";"0";"2";"6";"15";"2";""
"202400032071";"155725244";"A01";"3";"7";"0";"2";"0";"0";"1";""
"202400032071";"155725245";"B01";"0";"7";"0";"2";"0";"0";"2";""
"202400032072";"155725242";"B01";"1";"3";"0";"2";"2";"2";"1";""
"202400032072";"155725243";"A01";"2";"7";"0";"2";"3";"9";"1";""
"202400032073";"155725241";"A01";"1";"33";"0";"0";"0";"0";"1";""
"202400032074";"155725238";"B01";"1";"38";"1";"0";"6";"1";"1";"1"
"202400032074";"155725239";"A01";"1";"2";"0";"2";"1";"2";"1";""
"202400032075";"155725237";"A01";"1";"7";"0";"2";"1";"19";"1";""
"202400032075";"155725240";"B01";"1";"7";"0";"2";"7";"1";"1";""
"202400032076";"155725236";"A01";"0";"7";"0";"1";"4";"4";"1";""
"202400032077";"155725234";"A01";"3";"7";"4";"0";"1";"19";"1";""
"202400032078";"155725233";"B01";"1";"30";"0";"2";"1";"0";"1";""
"202400032078";"155725235";"A01";"1";"7";"0";"0";"0";"0";"1";""
"202400032079";"155725231";"A01";"1";"7";"8";"0";"1";"15";"1";""
"202400032080";"155725229";"B01";"1";"37";"0";"2";"3";"1";"1";"3"
"202400032080";"155725230";"A01";"1";"7";"0";"2";"2";"16";"1";""
"202400032081";"155725227";"A01";"2";"2";"0";"2";"1";"3";"1";""
"202400032081";"155725228";"B01";"2";"10";"0";"2";"3";"15";"1";""
"202400032082";"155725226";"A01";"1";"33";"12";"0";"1";"17";"1";""
"202400032083";"155725225";"A01";"0";"7";"6";"0";"1";"0";"1";""
"202400032084";"155725224";"A01";"1";"33";"0";"1";"1";"1";"1";""
"202400032085";"155725220";"B01";"1";"33";"0";"2";"0";"0";"1";""
"202400032085";"155725222";"A01";"3";"7";"0";"2";"3";"15";"2";""
"202400032086";"155725219";"A01";"0";"30";"0";"2";"8";"1";"3";""
"202400032086";"155725221";"B01";"0";"37";"0";"2";"1";"1";"2";"1"
"202400032087";"155725216";"A01";"1";"7";"0";"2";"1";"1";"1";""
"202400032087";"155725218";"B01";"1";"7";"0";"2";"4";"1";"1";""
"202400032088";"155725215";"A01";"1";"7";"0";"2";"6";"11";"1";""
"202400032088";"155725217";"B01";"1";"33";"0";"2";"2";"1";"1";""
"202400032089";"155725214";"A01";"2";"1";"12";"0";"0";"0";"5";""
"202400032090";"155725212";"A01";"3";"50";"0";"1";"1";"1";"3";""
"202400032091";"155725211";"A01";"2";"7";"0";"2";"1";"13";"1";""
"202400032091";"155725213";"B01";"1";"7";"0";"2";"1";"1";"1";""
"202400032092";"155725208";"A01";"2";"7";"9";"2";"6";"1";"1";""
"202400032092";"155725209";"B01";"1";"7";"0";"2";"1";"1";"0";""
"202400032093";"155725207";"A01";"2";"10";"0";"2";"5";"19";"1";""
"202400032093";"155725210";"B01";"1";"7";"0";"2";"1";"0";"1";""
"202400032094";"155725206";"A01";"1";"7";"0";"1";"1";"1";"1";""
"202400032095";"155725204";"A01";"2";"7";"0";"2";"1";"9";"1";""
"202400032095";"155725205";"B01";"2";"32";"0";"2";"2";"3";"1";""
"202400032096";"155725202";"B01";"2";"15";"0";"2";"1";"1";"1";""
"202400032096";"155725203";"A01";"1";"7";"0";"2";"1";"1";"1";""
"202400032097";"155725199";"B01";"1";"10";"0";"2";"3";"15";"1";""
"202400032097";"155725201";"A01";"1";"10";"9";"2";"1";"2";"1";""
"202400032098";"155725198";"B01";"1";"7";"0";"2";"4";"2";"2";""
"202400032098";"155725200";"A01";"1";"7";"0";"2";"1";"2";"1";""
"202400032099";"155725195";"A01";"2";"7";"0";"9";"2";"16";"1";""
"202400032099";"155725197";"B01";"2";"1";"0";"2";"8";"1";"5";""
"202400032100";"155725194";"A01";"0";"30";"0";"2";"1";"15";"1";""
"202400032100";"155725196";"B01";"1";"7";"0";"2";"2";"1";"1";""
"202400032101";"155725192";"A01";"0";"7";"0";"1";"1";"1";"1";""
"202400032102";"155725191";"B01";"3";"2";"0";"2";"1";"2";"1";""
"202400032102";"155725193";"A01";"3";"7";"0";"2";"2";"15";"1";""
"202400032103";"155725190";"A01";"1";"7";"0";"1";"1";"1";"0";""
"202400032104";"155725187";"B01";"2";"14";"0";"0";"3";"23";"1";""
"202400032104";"155725189";"A01";"2";"7";"0";"0";"3";"1";"1";""
"202400032105";"155725186";"A01";"1";"7";"0";"2";"7";"1";"1";""
"202400032105";"155725188";"B01";"1";"30";"0";"2";"3";"1";"1";""
"202400032106";"155725183";"A01";"2";"7";"0";"9";"1";"9";"2";""
"202400032106";"155725185";"B01";"3";"1";"0";"2";"7";"1";"5";""
"202400032107";"155725182";"A01";"1";"7";"0";"2";"3";"1";"1";""
"202400032107";"155725184";"B01";"2";"1";"0";"2";"1";"19";"5";""
"202400032108";"155725179";"A01";"2";"10";"0";"2";"3";"26";"1";""
"202400032108";"155725181";"B01";"3";"10";"0";"2";"3";"26";"1";""
"202400032109";"155725178";"B01";"1";"31";"0";"2";"1";"1";"1";""
"202400032109";"155725180";"Z01";"2";"7";"0";"2";"2";"15";"1";""
"202400032110";"155725176";"A01";"1";"7";"0";"1";"2";"1";"1";""
"202400032111";"155725175";"A01";"1";"2";"0";"2";"5";"19";"1";""
"202400032111";"155725177";"B01";"1";"7";"0";"2";"1";"1";"1";""
"202400032112";"155725174";"A01";"3";"7";"0";"1";"2";"20";"0";""
"202400032113";"155725173";"A01";"1";"7";"0";"0";"3";"13";"1";""
"202400032114";"155725170";"A01";"1";"7";"0";"1";"3";"14";"1";""
"202400032115";"155725168";"A01";"1";"7";"0";"2";"2";"12";"1";""
"202400032115";"155725169";"B01";"1";"7";"0";"2";"6";"26";"1";""
"202400032115";"155725171";"C01";"1";"7";"0";"2";"4";"0";"1";""
"202400032115";"155725172";"D01";"1";"7";"0";"2";"3";"0";"1";""
"202400032116";"155725167";"A01";"2";"32";"0";"1";"1";"17";"1";""
"202400032117";"155725166";"A01";"1";"7";"0";"1";"8";"15";"0";""
"202400032118";"155725165";"Z01";"3";"30";"0";"1";"1";"0";"0";""
"202400032119";"155725163";"A01";"0";"7";"0";"1";"2";"26";"1";""
"202400032120";"155725162";"A01";"2";"30";"0";"4";"2";"9";"1";""
"202400032120";"155725164";"B01";"2";"40";"0";"2";"7";"26";"3";""
"202400032121";"155725160";"A01";"1";"7";"0";"1";" -1";"4";" -1";""
"202400032122";"155725159";"B01";"3";"7";"0";"2";"3";"8";"1";""
"202400032122";"155725161";"A01";"3";"37";"0";"2";"3";"1";"1";"1"
"202400032123";"155725157";"A01";"2";"7";"0";"1";"6";"4";"1";""
"202400032124";"155725156";"B01";"3";"50";"0";"2";"7";"1";"3";""
"202400032124";"155725158";"A01";"1";"7";"0";"2";"1";"1";"1";""
"202400032125";"155725152";"C01";"2";"7";"0";"2";"1";"15";"1";""
"202400032125";"155725154";"B01";"1";"43";"0";"2";"1";"2";"1";""
"202400032126";"155725151";"C01";"2";"7";"0";"2";"4";"2";"1";""
"202400032126";"155725153";"B01";"2";"7";"0";"2";"4";"0";"1";""
"202400032126";"155725155";"A01";"2";"7";"0";"2";"1";"2";"1";""
"202400032127";"155725150";"A01";"2";"32";"12";"0";"8";"1";"1";""
"202400032128";"155725147";"C01";"2";"7";"0";"2";"6";"2";"1";""
"202400032128";"155725148";"A01";"2";"7";"0";"2";"1";"10";"1";""
"202400032128";"155725149";"B01";"1";"7";"0";"2";"1";"1";"1";""
"202400032129";"155725146";"A01";"0";"2";"0";"1";"1";"1";"1";""
"202400032130";"155725142";"B01";"1";"7";"0";"2";"1";"1";"1";""
"202400032130";"155725144";"A01";"2";"7";"0";"2";"1";"13";"1";""
"202400032131";"155725141";"B01";"1";"33";"0";"2";"4";"2";"1";""
"202400032131";"155725143";"A01";"1";"31";"0";"2";"1";"3";"1";""
"202400032131";"155725145";"C01";"1";"7";"0";"2";"8";"2";"1";""
"202400032132";"155725139";"A01";"2";"7";"0";"2";"1";"2";"1";""
"202400032132";"155725140";"B01";"2";"37";"0";"2";"4";"2";"1";"2"
"202400032133";"155725137";"B01";"1";"7";"0";"2";"4";"2";"1";""
"202400032133";"155725138";"A01";"1";"7";"0";"2";"1";"2";"2";""
"202400032134";"155725134";"B01";"2";"31";"0";"2";"5";"14";"1";""
"202400032134";"155725135";"A01";"2";"7";"0";"2";"3";"1";"1";""
"202400032135";"155725133";"A01";"1";"7";"0";"2";"1";"26";"1";""
"202400032135";"155725136";"B01";"2";"7";"0";"2";"8";"26";"1";""
"202400032136";"155725130";"A01";"1";"31";"0";"2";"1";"3";"1";""
"202400032136";"155725132";"B01";"1";"7";"0";"2";"1";"1";"1";""
"202400032137";"155725129";"B01";"1";"10";"0";"2";"4";"2";"1";""
"202400032137";"155725131";"A01";"1";"50";"0";"2";"1";"2";"3";""
"202400032138";"155725125";"C01";"2";"7";"0";"2";"4";"1";"1";""
"202400032138";"155725126";"A01";"2";"7";"0";"2";"1";"1";"2";""
"202400032138";"155725128";"B01";"2";"7";"0";"2";"4";"1";"1";""
"202400032139";"155725127";"A01";"1";"7";"0";"1";"3";"15";"1";""
"202400032140";"155725123";"B01";"1";"10";"0";"2";"4";"1";"1";""
"202400032140";"155725124";"A01";"1";"43";"0";"2";"1";"3";"1";""
"202400032141";"155725120";"A01";"3";"7";"0";"2";"1";"1";"1";""
"202400032141";"155725122";"B01";"3";"1";"0";"0";"1";"1";"5";""
"202400032142";"155725118";"A01";"1";"33";"0";"2";"1";"3";"1";""
"202400032142";"155725119";"B01";"1";"7";"0";"2";"5";"1";"1";""
"202400032142";"155725121";"C01";"1";"38";"0";"2";"8";"1";"1";"1"
"202400032143";"155725117";"A01";"1";"7";"0";"1";"1";"1";"1";""
"202400032144";"155725115";"A01";"2";"33";"0";"2";"1";"2";"1";""
"202400032144";"155725116";"B01";"2";"7";"0";"2";"4";"2";"1";""
"202400032145";"155725114";"A01";"3";"34";"0";"0";"0";"1";"1";""
"202400032146";"155725112";"Z01";"1";"7";"15";"2";"1";"0";"1";""
"202400032146";"155725113";"B01";"1";"1";"15";"0";"4";"1";"5";""
"202400032147";"155725110";"B01";"1";"7";"0";"2";"1";"1";"1";""
"202400032147";"155725111";"A01";"1";"33";"0";"2";"1";"17";"1";""
"202400032148";"155725108";"A01";"1";"7";"0";"1";"2";"1";"1";""
"202400032149";"155725107";"B01";"1";"1";"0";"2";"1";"2";"5";""
"202400032149";"155725109";"A01";"1";"7";"0";"9";"2";"16";"1";""
"202400032150";"155725105";"B01";"2";"30";"0";"2";"1";"1";"1";""
"202400032150";"155725106";"A01";"2";"7";"0";"2";"8";"10";"1";""
"202400032151";"155725103";"A01";"1";"7";"0";"9";"2";"2";"2";""
"202400032151";"155725104";"B01";"1";"1";"0";"2";"3";"11";"5";""
"202400032152";"155725101";"A01";"3";"7";"0";"2";"1";"1";"1";""
"202400032152";"155725102";"B01";"3";"2";"0";"2";"4";"1";"1";""
"202400032153";"155725099";"A01";"3";"7";"0";"2";"3";"13";"1";""
"202400032153";"155725100";"B01";"3";"31";"0";"2";"9";"2";"1";""
"202400032154";"155725097";"B01";"2";"7";"0";"2";"3";"15";"1";""
"202400032154";"155725098";"A01";"2";"7";"0";"2";"2";"1";"1";""
"202400032155";"155725095";"A01";"1";"7";"0";"2";"1";"1";"1";""
"202400032155";"155725096";"B01";"1";"2";"0";"2";"4";"1";"3";""
"202400032156";"155725093";"A01";"2";"10";"0";"1";"4";"4";"1";""
"202400032157";"155725092";"A01";"1";"7";"15";"2";"1";"6";"1";""
"202400032157";"155725094";"B01";"2";"7";"0";"2";"6";"9";"1";""
"202400032158";"155725089";"A01";"2";"31";"0";"2";"4";"23";"3";""
"202400032158";"155725091";"Z01";"2";"7";"0";"2";"1";"1";"1";""
"202400032159";"155725087";"A01";"1";"7";"0";"2";"4";"1";"1";""
"202400032159";"155725088";"C01";"1";"7";"0";"2";"1";"2";"1";""
"202400032159";"155725090";"B01";"1";"30";"0";"2";"1";"1";"1";""
"202400032160";"155725086";"A01";"2";"31";"0";"0";"2";"1";"3";""
"202400032161";"155725085";"A01";"1";"33";"0";"1";"1";"11";"1";""
"202400032162";"155725083";"A01";"2";"33";"0";"1";"1";"1";"1";""
"202400032163";"155725082";"A01";"2";"7";"0";"2";"3";"1";"1";""
"202400032163";"155725084";"B01";"2";"31";"0";"2";"1";"9";"1";""
"202400032164";"155725081";"A01";"0";"7";"16";"0";"1";"13";"1";""
"202400032165";"155725077";"C01";"1";"10";"0";"2";"1";"1";"1";""
"202400032165";"155725079";"B01";"1";"7";"0";"2";"4";"1";"1";""
"202400032165";"155725080";"A01";"1";"7";"0";"2";"1";"1";"1";""
"202400032166";"155725076";"A01";"0";"10";"0";"2";"0";"0";"1";""
"202400032166";"155725078";"B01";"0";"50";"0";"2";"1";"1";"3";""
"202400032167";"155725073";"B01";"2";"7";"0";"2";"4";"2";"1";""
"202400032167";"155725075";"A01";"2";"10";"0";"2";"1";"2";"1";""
"202400032168";"155725072";"A01";"1";"7";"0";"2";"4";"23";"1";""
"202400032168";"155725074";"B01";"1";"15";"0";"2";"1";"1";"1";""
"202400032169";"155725070";"A01";"3";"7";"0";"2";"3";"0";"1";""
"202400032169";"155725071";"B01";"3";"33";"0";"2";"7";"0";"1";""
"202400032170";"155725068";"A01";"3";"7";"1";"0";"2";"1";"1";""
"202400032170";"155725069";"B01";"3";"7";"0";"2";"1";"23";"1";""
"202400032171";"155725066";"B01";"0";"50";"0";"2";"8";"1";"3";""
"202400032171";"155725067";"A01";"2";"34";"0";"2";"1";"1";"3";""
"202400032172";"155725060";"A01";"1";"7";"0";"2";"7";"22";"3";""
"202400032172";"155725063";"B01";"1";"1";"1";"0";"6";"1";"5";""
"202400032173";"155725059";"A01";"3";"13";"0";"2";"1";"1";"1";""
"202400032173";"155725061";"E01";"3";"7";"0";"2";"4";"23";"1";""
"202400032173";"155725062";"D01";"3";"7";"0";"2";"4";"23";"1";""
"202400032173";"155725064";"C01";"3";"7";"0";"2";"4";"23";"1";""
"202400032173";"155725065";"B01";"3";"10";"0";"2";"4";"23";"1";""
"202400032174";"155725056";"B01";"3";"37";"0";"2";"7";"1";"1";"1"
"202400032174";"155725057";"A01";"3";"37";"0";"2";"3";"9";"1";"1"
"202400032175";"155725055";"B01";"1";"7";"0";"2";"4";"2";"1";""
"202400032175";"155725058";"A01";"1";"1";"0";"2";"1";"2";"5";""
"202400032176";"155725053";"A01";"1";"7";"0";"1";"1";"24";"1";""
"202400032177";"155725052";"A01";"1";"7";"0";"2";"2";"3";"1";""
"202400032177";"155725054";"B01";"1";"7";"0";"2";"6";"16";"2";""
"202400032178";"155725050";"A01";"1";"7";"0";"2";"3";"15";"1";""
"202400032178";"155725051";"B01";"3";"33";"0";"0";"0";"0";"1";""
"202400032179";"155725049";"A01";"3";"7";"1";"0";"1";"16";"0";""
"202400032180";"155725047";"A01";"1";"7";"0";"1";"0";"26";"3";""
"202400032181";"155725046";"A01";"1";"33";"1";"2";"2";"17";"1";""
"202400032181";"155725048";"B01";"1";"7";"0";"2";"3";"15";"1";""
"202400032182";"155725044";"A01";"2";"7";"0";"2";"7";"1";"2";""
"202400032182";"155725045";"B01";"2";"7";"0";"2";"2";"1";"2";""
"202400032183";"155725042";"A01";"2";"7";"0";"2";"2";"1";"1";""
"202400032183";"155725043";"B01";"3";"7";"0";"2";"3";"9";"1";""
"202400032184";"155725039";"A01";"0";"31";"0";"0";"3";"0";"1";""
"202400032184";"155725040";"B01";"1";"7";"0";"0";"6";"0";"0";""
"202400032185";"155725038";"B01";"2";"99";"0";"2";"6";"9";"1";""
"202400032185";"155725041";"A01";"2";"37";"0";"2";"1";"2";"1";"1"
"202400032186";"155725036";"A01";"1";"7";"0";"1";"1";"1";"0";""
"202400032187";"155725035";"A01";"3";"7";"0";"2";"0";"12";"1";""
"202400032187";"155725037";"B01";"3";"32";"0";"2";"2";"1";"1";""
"202400032188";"155725032";"A01";"1";"7";"0";"2";"3";"15";"1";""
"202400032188";"155725034";"B01";"1";"1";"14";"2";"1";"5";"5";""
"202400032189";"155725031";"B01";"3";"32";"0";"2";"2";"0";"1";""
"202400032189";"155725033";"A01";"3";"7";"0";"2";"1";"0";"1";""
"202400032190";"155725029";"A01";"3";"30";"8";"0";"0";"0";"1";""
"202400032191";"155725028";"A01";"3";"10";"0";"2";"3";"1";"1";""
"202400032191";"155725030";"B01";"3";"50";"0";"2";"7";"19";"3";""
"202400032192";"155725025";"B01";"1";"7";"0";"2";"4";"1";"2";""
"202400032192";"155725027";"A01";"1";"7";"0";"2";"1";"1";"3";""
"202400032193";"155725026";"A01";"1";"32";"0";"1";"8";"1";"1";""
"202400032194";"155725024";"A01";"1";"80";"0";"0";"0";"1";"3";""
"202400032195";"155725023";"Z01";"1";"7";"0";"1";"1";"0";"0";""
"202400032196";"155725021";"B01";"2";"32";"0";"9";"1";"1";"1";""
"202400032196";"155725022";"A01";"1";"50";"0";"2";"1";"12";"3";""
"202400032197";"155725019";"B01";"2";"50";"0";"2";"1";"25";"3";""
"202400032197";"155725020";"A01";"2";"7";"0";"2";"2";"26";"1";""
"202400032198";"155725018";"A01";"1";"10";"0";"1";"1";"1";"1";""
"202400032199";"155725015";"A01";"1";"7";"0";"2";"6";"2";"1";""
"202400032199";"155725016";"B01";"1";"33";"0";"2";"1";"2";"1";""
"202400032200";"155725013";"A01";"0";"30";"0";"0";"0";"0";"3";""
"202400032201";"155725014";"A01";"1";"7";"0";"9";"3";"24";"1";""
"202400032201";"155725017";"B01";"1";"1";"1";"0";"2";"2";"5";""
"202400032202";"155725012";"A01";"2";"7";"0";"1";"2";"21";"1";""
"202400032203";"155725010";"A01";"3";"7";"0";"2";"0";"0";"1";""
"202400032203";"155725011";"B01";"1";"7";"0";"2";"0";"0";"1";""
"202400032204";"155725007";"B01";"1";"7";"0";"2";"6";"1";"1";""
"202400032204";"155725009";"A01";"3";"2";"0";"2";"1";"2";"1";""
"202400032205";"155725006";"A01";"1";"7";"0";"2";"1";"2";"1";""
"202400032205";"155725008";"B01";"1";"33";"0";"0";"0";"0";"1";""
"202400032206";"155725002";"B01";"1";"7";"1";"2";"2";"2";"1";""
"202400032206";"155725004";"C01";"2";"7";"0";"2";"3";"2";"1";""
"202400032206";"155725005";"A01";"2";"7";"0";"2";"2";"20";"1";""
"202400032207";"155725001";"A01";"1";"2";"0";"2";"0";"1";"1";""
"202400032207";"155725003";"B01";"2";"7";"0";"2";"3";"1";"0";""
"202400032208";"155724998";"A01";"2";"33";"13";"2";"2";"17";"1";""
"202400032208";"155724999";"B01";"2";"7";"0";"2";"3";"2";"2";""
"202400032209";"155724997";"Z01";"3";"30";"0";"2";"0";"0";"0";""
"202400032209";"155725000";"B01";"3";"30";"0";"2";"0";"0";"1";""
"202400032210";"155724995";"A01";"2";"13";"0";"9";"2";"12";"1";""
"202400032210";"155724996";"B01";"2";"1";"0";"2";"3";"1";"5";""
"202400032211";"155724993";"A01";"3";"7";"0";"2";"3";"16";"1";""
"202400032211";"155724994";"B01";"2";"7";"13";"2";"3";"1";"1";""
"202400032212";"155724990";"A01";"1";"7";"13";"0";"9";"1";"1";""
"202400032213";"155724986";"B01";"2";"1";"0";"2";"1";"1";"5";""
"202400032213";"155724988";"A01";"1";"10";"0";"2";"8";"1";"1";""