"Num_Acc";"id_vehicule";"num_veh";"senc";"catv";"obs";"obsm";"choc";"manv";"motor";"occutc"
"202400032214";"155724987";"A01";"2";"7";"0";"2";"1";"2";"1";""
"202400032214";"155724989";"B01";"2";"2";"0";"0";"4";"2";"1";""
"202400032215";"155724985";"A01";"2";"1";"1";"0";"1";"14";"5";""
"202400032216";"155724984";"A01";"3";"7";"0";"1";"3";"1";"1";""
"202400032217";"155724981";"A01";"2";"10";"6";"2";"7";"2";"1";""
"202400032217";"155724983";"B01";"1";"7";"0";"2";"1";"2";"1";""
"202400032218";"155724980";"B01";"1";"32";"0";"2";"1";"1";"1";""
"202400032218";"155724982";"A01";"1";"10";"0";"0";"4";"1";"1";""
"202400032219";"155724977";"A01";"1";"7";"0";"2";"1";"2";"1";""
"202400032219";"155724979";"B01";"1";"15";"0";"0";"5";"2";"1";""
"202400032220";"155724976";"B01";"1";"10";"0";"2";"3";"1";"0";""
"202400032220";"155724978";"A01";"2";"7";"0";"2";"3";"1";"1";""
"202400032221";"155724975";"A01";"2";"2";"10";"0";"1";"0";"3";""
"202400032222";"155724971";"A01";"2";"33";"3";"0";"1";"1";"1";""
"202400032223";"155724972";"A01";"1";"10";"0";"2";"2";"2";"1";""
"202400032223";"155724973";"C01";"1";"15";"0";"2";"4";"23";"1";""
"202400032223";"155724974";"B01";"1";"10";"0";"2";"6";"23";"1";""
"202400032224";"155724969";"A01";"3";"7";"4";"0";"2";"1";"1";""
"202400032225";"155724968";"A01";"1";"7";"0";"2";"6";"13";"1";""
"202400032225";"155724970";"B01";"1";"2";"0";"2";"1";"17";"1";""
"202400032226";"155724965";"A01";"2";"7";"0";"0";"1";"2";"1";""
"202400032226";"155724967";"B01";"1";"7";"0";"0";"4";"15";"1";""
"202400032227";"155724964";"A01";"2";"10";"0";"2";"3";"13";"1";""
"202400032227";"155724966";"B01";"1";"10";"0";"2";"3";"1";"1";""
"202400032228";"155724963";"A01";"1";"10";"13";"0";"1";"1";"1";""
"202400032229";"155724961";"A01";"1";"7";"13";"2";"5";"26";"1";""
"202400032229";"155724962";"B01";"2";"7";"0";"2";"1";"21";"1";""
"202400032230";"155724960";"A01";"0";"7";"0";"0";"9";"1";"1";""
"202400032231";"155724957";"A01";"1";"10";"0";"2";"3";"13";"1";""
"202400032231";"155724959";"B01";"2";"17";"0";"2";"3";"1";"1";""
"202400032232";"155724955";"A01";"2";"7";"0";"2";"1";"0";"1";""
"202400032232";"155724956";"B01";"2";"7";"0";"2";"3";"1";"1";""
"202400032232";"155724958";"C01";"2";"17";"0";"2";"4";"2";"1";""
"202400032233";"155724953";"A01";"2";"33";"0";"0";"2";"1";"1";""
"202400032234";"155724952";"A01";"2";"7";"0";"2";"3";"1";"1";""
"202400032234";"155724954";"B01";"1";"10";"0";"2";"3";"1";"1";""
"202400032235";"155724950";"A01";"1";"7";"0";"1";"2";"2";"1";""
"202400032236";"155724949";"A01";"1";"7";"0";"2";"3";"1";"1";""
"202400032236";"155724951";"B01";"1";"7";"0";"0";"6";"23";"1";""
"202400032237";"155724948";"A01";"3";"7";"0";"1";"1";"1";"1";""
"202400032238";"155724947";"A01";"2";"33";"13";"6";"1";"13";"1";""
"202400032239";"155724946";"A01";"1";"7";"2";"0";"1";"14";"1";""
"202400032240";"155724944";"A01";"1";"36";"0";"2";"1";"13";"1";""
"202400032240";"155724945";"B01";"2";"1";"0";"2";"1";"21";"5";""
"202400032241";"155724942";"A01";"3";"2";"0";"2";"8";"13";"1";""
"202400032241";"155724943";"B01";"3";"7";"0";"2";"1";"1";"1";""
"202400032242";"155724941";"A01";"2";"31";"3";"0";"7";"14";"1";""
"202400032243";"155724939";"A01";"1";"7";"0";"2";"2";"9";"1";""
"202400032243";"155724940";"B01";"1";"34";"0";"2";"8";"9";"1";""
"202400032244";"155724938";"A01";"1";"7";"0";"1";"1";"1";"1";""
"202400032245";"155724935";"A01";"2";"7";"0";"2";"2";"1";"1";""
"202400032245";"155724937";"B01";"1";"7";"0";"2";"3";"1";"1";""
"202400032246";"155724936";"A01";"2";"7";"16";"0";"2";"1";"1";""
"202400032247";"155724934";"A01";"2";"31";"0";"0";"0";"1";"1";""
"202400032248";"155724932";"B01";"2";"2";"0";"2";"1";"1";"1";""
"202400032248";"155724933";"A01";"2";"7";"0";"2";"2";"19";"1";""
"202400032249";"155724929";"A01";"0";"7";"0";"2";"6";"1";"1";""
"202400032249";"155724931";"B01";"0";"31";"0";"2";"1";"1";"1";""
"202400032250";"155724928";"A01";"1";"10";"0";"2";"1";"0";"1";""
"202400032250";"155724930";"B01";"1";"7";"0";"2";"8";"15";"3";""
"202400032251";"155724926";"A01";"2";"7";"0";"0";"0";"0";"1";""
"202400032252";"155724925";"B01";"1";"33";"0";"2";"1";"1";"1";""
"202400032252";"155724927";"A01";"1";"7";"0";"2";"5";"1";"1";""
"202400032253";"155724923";"A01";"0";"1";"0";"0";"0";"0";"5";""
"202400032254";"155724922";"A01";"1";"10";"0";"2";"2";"15";"1";""
"202400032254";"155724924";"B01";"2";"33";"0";"2";"7";"1";"1";""
"202400032255";"155724920";"A01";"1";"7";"0";"2";"5";"19";"1";""
"202400032255";"155724921";"B01";"2";"33";"0";"2";"1";"1";"1";""
"202400032256";"155724919";"A01";"1";"31";"0";"0";"0";"0";"1";""
"202400032257";"155724917";"A01";"2";"10";"0";"0";"0";"21";"1";""
"202400032257";"155724918";"B01";"2";"1";"13";"0";"0";"21";"5";""
"202400032258";"155724914";"A01";"2";"7";"5";"0";"9";"17";"1";""
"202400032259";"155724915";"A01";"1";"7";"0";"2";"3";"5";"1";""
"202400032259";"155724916";"B01";"2";"7";"0";"2";"1";"1";"1";""
"202400032260";"155724911";"B01";"1";"33";"3";"2";"1";"18";"1";""
"202400032260";"155724913";"A01";"1";"10";"0";"2";"5";"2";"1";""
"202400032261";"155724910";"A01";"2";"7";"0";"2";"2";"16";"1";""
"202400032261";"155724912";"B01";"1";"7";"0";"2";"7";"26";"1";""
"202400032262";"155724909";"A01";"2";"33";"13";"0";"1";"0";"1";""
"202400032263";"155724908";"A01";"1";"31";"12";"0";"0";"1";"1";""
"202400032264";"155724906";"A01";"0";"2";"0";"2";"2";"1";"1";""
"202400032264";"155724907";"B01";"0";"7";"0";"0";"3";"15";"1";""
"202400032265";"155724905";"A01";"2";"7";"13";"0";"2";"14";"1";""
"202400032266";"155724904";"A01";"1";"7";"0";"1";"2";"1";"1";""
"202400032267";"155724903";"A01";"3";"7";"0";"1";"3";"0";"1";""
"202400032268";"155724902";"A01";"3";"7";"0";"1";"3";"15";"1";""
"202400032269";"155724900";"A01";"3";"36";"0";"0";"0";"1";"1";""
"202400032270";"155724899";"A01";"1";"7";"0";"2";"8";"15";"1";""
"202400032270";"155724901";"B01";"1";"33";"0";"2";"1";"17";"1";""
"202400032271";"155724897";"A01";"2";"7";"2";"0";"1";"0";"1";""
"202400032272";"155724896";"A01";"1";"21";"0";"2";"3";"15";"1";""
"202400032272";"155724898";"B01";"2";"33";"0";"2";"1";"1";"1";""
"202400032273";"155724891";"D01";"2";"7";"0";"0";"4";"23";"1";""
"202400032273";"155724892";"A01";"2";"10";"3";"0";"1";"2";"1";""
"202400032273";"155724894";"B01";"2";"7";"0";"0";"4";"23";"1";""
"202400032273";"155724895";"C01";"2";"7";"3";"0";"4";"23";"2";""
"202400032274";"155724890";"A01";"1";"7";"0";"2";"4";"15";"1";""
"202400032274";"155724893";"B01";"1";"7";"0";"2";"1";"1";"1";""
"202400032275";"155724888";"A01";"3";"7";"0";"2";"2";"26";"1";""
"202400032275";"155724889";"B01";"3";"31";"0";"2";"3";"1";"1";""
"202400032276";"155724885";"A01";"2";"38";"0";"2";"3";"1";"1";"1"
"202400032276";"155724887";"B01";"1";"10";"0";"2";"3";"13";"1";""
"202400032277";"155724884";"A01";"3";"7";"0";"2";"1";"13";"1";""
"202400032277";"155724886";"B01";"3";"2";"0";"2";"1";"1";"1";""
"202400032278";"155724882";"A01";"1";"14";"0";"2";"2";"15";"1";""
"202400032278";"155724883";"B01";"2";"33";"0";"2";"1";"1";"1";""
"202400032279";"155724878";"A01";"2";"7";"13";"0";"9";"26";"1";""
"202400032280";"155724877";"A01";"3";"7";"0";"0";"0";"0";"1";""
"202400032281";"155724875";"A01";"2";"7";"0";"2";"2";"6";"1";""
"202400032281";"155724876";"B01";"1";"2";"0";"2";"1";"1";"1";""
"202400032282";"155724873";"A01";"1";"32";"0";"2";"1";"17";"1";""
"202400032282";"155724874";"B01";"1";"1";"0";"2";"8";"19";"5";""
"202400032283";"155724872";"A01";"1";"34";"11";"0";"9";"1";"1";""
"202400032284";"155724869";"A01";"2";"7";"0";"2";"3";"13";"1";""
"202400032284";"155724870";"B01";"2";"7";"0";"2";"1";"13";"1";""
"202400032284";"155724871";"C01";"1";"7";"0";"2";"3";"1";"1";""
"202400032285";"155724868";"A01";"1";"7";"0";"1";"4";"4";"1";""
"202400032286";"155724866";"B01";"1";"33";"0";"2";"8";"1";"1";""
"202400032286";"155724867";"A01";"3";"7";"0";"2";"1";"9";"1";""
"202400032287";"155724865";"A01";"2";"33";"8";"0";"2";"0";"1";""
"202400032288";"155724864";"A01";"3";"7";"0";"1";"5";"20";"1";""
"202400032289";"155724862";"B01";"1";"33";"0";"2";"1";"1";"1";""
"202400032289";"155724863";"A01";"0";"10";"0";"2";"8";"1";"1";""
"202400032290";"155724860";"A01";"1";"3";"0";"2";"2";"9";"3";""
"202400032290";"155724861";"B01";"2";"30";"0";"2";"1";"1";"0";""
"202400032291";"155724858";"A01";"2";"2";"0";"2";"3";"19";"1";""
"202400032291";"155724859";"B01";"1";"7";"0";"2";"2";"1";"1";""
"202400032292";"155724857";"A01";"3";"36";"0";"0";"0";"1";"1";""
"202400032293";"155724854";"A01";"2";"7";"3";"2";"1";"2";"1";""
"202400032293";"155724855";"C01";"2";"7";"0";"2";"5";"2";"1";""
"202400032293";"155724856";"B01";"2";"99";"3";"2";"4";"1";"1";""
"202400032294";"155724853";"A01";"1";"33";"3";"0";"7";"17";"1";""
"202400032295";"155724852";"A01";"0";"7";"2";"0";"0";"1";"2";""
"202400032296";"155724850";"A01";"0";"7";"0";"2";"3";"19";"1";""
"202400032296";"155724851";"B01";"1";"33";"0";"2";"1";"3";"1";""
"202400032297";"155724848";"A01";"2";"7";"0";"2";"7";"15";"1";""
"202400032297";"155724849";"B01";"1";"33";"0";"2";"2";"1";"1";""
"202400032298";"155724847";"A01";"1";"33";"0";"0";"0";"15";"1";""
"202400032299";"155724845";"B01";"2";"33";"0";"2";"1";"1";"1";""
"202400032299";"155724846";"A01";"2";"7";"0";"0";"7";"19";"2";""
"202400032300";"155724843";"A01";"2";"7";"0";"9";"2";"15";"1";""
"202400032300";"155724844";"B01";"1";"50";"0";"2";"1";"1";"3";""
"202400032301";"155724841";"A01";"2";"7";"0";"2";"3";"1";"1";""
"202400032301";"155724842";"B01";"1";"7";"0";"2";"3";"1";"1";""
"202400032302";"155724839";"A01";"2";"7";"3";"2";"4";"12";"1";""
"202400032302";"155724840";"B01";"2";"7";"0";"2";"1";"1";"1";""
"202400032303";"155724837";"B01";"3";"7";"0";"2";"8";"15";"1";""
"202400032303";"155724838";"A01";"1";"2";"0";"2";"1";"1";"1";""
"202400032304";"155724835";"B01";"2";"33";"0";"2";"1";"1";"1";""
"202400032304";"155724836";"A01";"2";"7";"0";"0";"3";"11";"1";""
"202400032305";"155724834";"A01";"0";"7";"0";"1";"2";"1";"1";""
"202400032306";"155724832";"A01";"1";"33";"0";"2";"1";"13";"1";""
"202400032306";"155724833";"B01";"2";"7";"0";"2";"8";"21";"1";""
"202400032307";"155724831";"A01";"2";"7";"0";"1";"1";"13";"1";""
"202400032308";"155724830";"A01";"3";"7";"2";"0";"1";"1";"0";""
"202400032309";"155724828";"A01";"2";"7";"0";"2";"1";"1";"1";""
"202400032309";"155724829";"B01";"2";"7";"0";"2";"4";"1";"1";""
"202400032310";"155724825";"B01";"1";"7";"0";"2";"2";"2";"1";""
"202400032310";"155724826";"A01";"1";"7";"0";"2";"6";"1";"1";""
"202400032311";"155724823";"A01";"2";"7";"0";"2";"1";"2";"1";""
"202400032311";"155724824";"B01";"2";"7";"0";"2";"4";"2";"1";""
"202400032312";"155724821";"B01";"2";"17";"4";"2";"8";"1";"1";""
"202400032312";"155724822";"A01";"2";"7";"0";"2";"1";"1";"1";""
"202400032313";"155724819";"A01";"1";"37";"1";"0";"2";"21";"1";"1"
"202400032313";"155724820";"B01";"1";"10";"0";"2";"6";"23";"1";""
"202400032314";"155724815";"A01";"2";"7";"4";"2";"3";"3";"1";""
"202400032314";"155724816";"D01";"2";"7";"4";"2";"3";"2";"1";""
"202400032314";"155724817";"B01";"2";"7";"4";"2";"3";"2";"1";""
"202400032314";"155724818";"C01";"2";"7";"4";"2";"5";"2";"1";""
"202400032315";"155724813";"A01";"1";"7";"0";"2";"1";"2";"2";""
"202400032315";"155724814";"B01";"1";"15";"0";"2";"4";"2";"1";""
"202400032316";"155724811";"A01";"2";"7";"0";"2";"1";"2";"1";""
"202400032316";"155724812";"B01";"2";"7";"0";"2";"4";"2";"2";""
"202400032317";"155724809";"A01";"2";"7";"0";"2";"1";"2";"1";""
"202400032317";"155724810";"B01";"2";"7";"0";"2";"4";"1";"1";""
"202400032318";"155724807";"A01";"1";"7";"1";"0";"2";"21";"1";""
"202400032318";"155724808";"B01";"1";"7";"0";"6";"6";"23";"1";""
"202400032319";"155724805";"A01";"2";"32";"0";"2";"2";"13";"1";""
"202400032319";"155724806";"B01";"2";"7";"0";"2";"6";"1";"1";""
"202400032320";"155724801";"C01";"2";"33";"0";"2";"1";"3";"1";""
"202400032320";"155724802";"D01";"2";"7";"0";"2";"7";"1";"1";""
"202400032320";"155724803";"A01";"2";"7";"0";"2";"1";"2";"1";""
"202400032320";"155724804";"B01";"2";"7";"0";"2";"4";"2";"1";""
"202400032321";"155724800";"A01";"2";"33";"0";"2";"1";"1";"1";""
"202400032322";"155724798";"A01";"2";"33";"0";"2";"1";"1";"1";""
"202400032322";"155724799";"B01";"2";"7";"0";"2";"6";"11";"1";""
"202400032323";"155724794";"B01";"2";"7";"0";"2";"1";"2";"1";""
"202400032323";"155724795";"D01";"2";"14";"0";"2";"3";"1";"1";""
"202400032323";"155724796";"A01";"2";"7";"0";"2";"4";"2";"1";""
"202400032323";"155724797";"C01";"2";"10";"0";"2";"1";"1";"1";""
"202400032324";"155724792";"A01";"2";"34";"0";"2";"1";"1";"1";""
"202400032324";"155724793";"B01";"1";"7";"0";"2";"7";"15";"2";""
"202400032325";"155724790";"A01";"2";"7";"1";"0";"2";"14";"1";""
"202400032325";"155724791";"B01";"2";"7";"0";"2";"8";"24";"1";""
"202400032326";"155724788";"A01";"2";"33";"0";"2";"5";"2";"1";""
"202400032326";"155724789";"B01";"2";"10";"0";"2";"5";"2";"1";""
"202400032327";"155724786";"A01";"1";"7";"0";"9";"7";"16";"1";""
"202400032327";"155724787";"B01";"1";"2";"0";"2";"1";"1";"1";""
"202400032328";"155724784";"A01";"2";"7";"0";"2";"1";"5";"1";""
"202400032328";"155724785";"B01";"1";"7";"0";"2";"1";"1";"1";""
"202400032329";"155724783";"A01";"2";"7";"1";"0";"1";"1";"1";""
"202400032330";"155724781";"A01";"1";"10";"0";"2";"7";"2";"1";""
"202400032330";"155724782";"B01";"1";"1";"0";"2";"8";"2";"5";""
"202400032331";"155724779";"B01";"2";"7";"0";"2";"1";"10";"1";""
"202400032331";"155724780";"A01";"2";"7";"0";"2";"3";"1";"1";""
"202400032332";"155724777";"B01";"2";"33";"0";"2";"1";"2";"1";""
"202400032332";"155724778";"A01";"2";"7";"0";"2";"8";"10";"1";""
"202400032333";"155724776";"A01";"1";"10";"0";"1";"2";"1";"1";""
"202400032334";"155724775";"A01";"1";"2";"0";"1";"1";"1";"3";""
"202400032335";"155724773";"C01";"3";"50";"0";"2";"3";" -1";"3";""
"202400032335";"155724774";"B01";"3";"7";"0";"2";"3";"15";"1";""
"202400032336";"155724771";"B01";"2";"50";"0";"2";"0";"14";"3";""
"202400032336";"155724772";"A01";"1";"7";"0";"2";"0";"15";"1";""
"202400032337";"155724770";"A01";"1";"30";"0";"0";"7";"1";"1";""
"202400032338";"155724768";"B01";"2";"7";"0";"2";"1";"1";"1";""
"202400032338";"155724769";"A01";"1";"7";"0";"2";"1";"5";"1";""
"202400032339";"155724766";"B01";"3";"7";"0";"2";"3";"15";"1";""
"202400032339";"155724767";"A01";"3";"33";"0";"2";"1";"5";"1";""
"202400032340";"155724765";"A01";"2";"7";"4";"0";"3";"13";"1";""
"202400032341";"155724763";"A01";"3";"7";"0";"2";"1";"9";"1";""
"202400032341";"155724764";"B01";"1";"1";"0";"2";"7";"1";"5";""
"202400032342";"155724761";"A01";"3";"7";"0";"2";"1";"2";"1";""
"202400032342";"155724762";"B01";"3";"7";"0";"2";"4";"1";"1";""
"202400032343";"155724759";"A01";"3";"37";"0";"2";"1";"2";"3";"1"
"202400032343";"155724760";"B01";"3";"7";"0";"2";"4";"1";"1";""
"202400032344";"155724757";"A01";"0";"7";"0";"2";"3";"1";"1";""
"202400032344";"155724758";"B01";"0";"7";"0";"2";"3";"1";"1";""
"202400032345";"155724755";"A01";"1";"7";"0";"2";"3";"13";"1";""
"202400032345";"155724756";"B01";"1";"34";"0";"2";"2";"0";"1";""
"202400032346";"155724754";"A01";"2";"7";"13";"0";"2";"0";"1";""
"202400032347";"155724753";"A01";"3";"7";"0";"1";"2";"1";"1";""
"202400032348";"155724751";"B01";"1";"7";"1";"0";"8";"24";"1";""
"202400032348";"155724752";"A01";"1";"7";"1";"1";"3";"21";"1";""
"202400032349";"155724750";"A01";"2";"7";"0";"1";"1";"15";"1";""
"202400032350";"155724748";"B01";"0";"7";"0";"2";"3";"1";"1";""
"202400032350";"155724749";"A01";"3";"50";"0";"2";"1";"1";"3";""
"202400032351";"155724745";"A01";"3";"10";"0";"2";"1";"2";"1";""
"202400032351";"155724746";"C01";"3";"7";"0";"2";"2";"2";"1";""
"202400032351";"155724747";"B01";"3";"7";"0";"2";"6";"2";"1";""
"202400032352";"155724743";"B01";"3";"50";"0";"2";"1";"1";"3";""
"202400032352";"155724744";"A01";"3";"7";"0";"2";"2";"26";"1";""
"202400032353";"155724742";"A01";"3";"33";"0";"1";"1";"9";"1";""
"202400032354";"155724741";"A01";"1";"7";"16";"0";"9";"15";"1";""
"202400032355";"155724739";"B01";"2";"50";"0";"2";"1";"1";"3";""
"202400032355";"155724740";"A01";"1";"7";"0";"2";"3";"15";"1";""
"202400032356";"155724738";"A01";"3";"7";"12";"0";"9";"1";"1";""
"202400032357";"155724737";"B01";"3";"7";"0";"1";"2";"1";"1";""
"202400032358";"155724735";"B01";"3";"7";"0";"2";"2";"1";"1";""
"202400032358";"155724736";"A01";"3";"7";"0";"2";"7";"15";"1";""
"202400032359";"155724733";"B01";"2";"7";"0";"2";"1";"1";"1";""
"202400032359";"155724734";"A01";"1";"7";"0";"2";"1";"13";"1";""
"202400032360";"155724732";"A01";"2";"80";"12";"0";"1";"1";"2";""
"202400032361";"155724730";"A01";"3";"30";"0";"2";"4";"2";"1";""
"202400032361";"155724731";"B01";"3";"7";"0";"2";"4";"2";"1";""
"202400032362";"155724729";"A01";"3";"7";"0";"1";"1";"2";"0";""
"202400032363";"155724727";"B01";"1";"7";"0";"2";"0";"0";"1";""
"202400032363";"155724728";"A01";"1";"30";"0";"2";"2";"26";"1";""
"202400032364";"155724725";"A01";"1";"31";"0";"2";"1";"1";"1";""
"202400032364";"155724726";"B01";"1";"10";"0";"2";"3";"23";"1";""
"202400032365";"155724724";"A01";"3";"7";"0";"1";"1";"15";"1";""
"202400032366";"155724722";"B01";"3";"50";"0";"2";"8";"1";"3";""
"202400032366";"155724723";"A01";"3";"33";"0";"2";"1";"26";"1";""
"202400032367";"155724720";"A01";"2";"7";"1";"2";"9";"17";"1";""
"202400032367";"155724721";"B01";"1";"7";"0";"2";"6";"1";"1";""
"202400032368";"155724718";"A01";"3";"7";"0";"2";"3";"10";"2";""
"202400032368";"155724719";"B01";"2";"1";"0";"2";"1";"1";"5";""
"202400032369";"155724716";"B01";"1";"7";"0";"2";"7";"1";"1";""
"202400032369";"155724717";"A01";"3";"10";"0";"2";"2";"15";"1";""
"202400032370";"155724715";"A01";"3";"7";"0";"1";"4";"20";"3";""
"202400032371";"155724713";"A01";"2";"7";"0";"2";"3";"9";"1";""
"202400032371";"155724714";"B01";"3";"32";"0";"2";"2";"15";"1";""
"202400032372";"155724711";"A01";"0";"7";"0";"2";"3";"13";"1";""
"202400032372";"155724712";"B01";"0";"7";"0";"2";"1";"1";"1";""
"202400032373";"155724709";"B01";"1";"7";"0";"2";"1";"1";"1";""
"202400032373";"155724710";"A01";"1";"7";"0";"2";"3";"1";"1";""
"202400032374";"155724707";"B01";"3";"37";"0";"2";"2";"1";"1";"1"
"202400032374";"155724708";"A01";"3";"7";"0";"2";"7";"16";"1";""
"202400032375";"155724705";"A01";"1";"30";"0";"2";"3";"2";"1";""
"202400032375";"155724706";"B01";"1";"7";"0";"2";"3";"0";"1";""
"202400032376";"155724704";"A01";"1";"50";"0";"1";"2";"5";"3";""
"202400032377";"155724703";"A01";"3";"50";"1";"2";"1";"21";"3";""
"202400032378";"155724701";"B01";"1";"7";"0";"0";"0";"0";"1";""
"202400032378";"155724702";"A01";"1";"7";"0";"2";"1";"1";"1";""
"202400032379";"155724699";"A01";"1";"7";"0";"2";"1";"1";"1";""
"202400032379";"155724700";"B01";"1";"7";"0";"2";"7";"1";"1";""
"202400032380";"155724697";"B01";"3";"30";"0";"2";"4";"1";"1";""
"202400032380";"155724698";"A01";"3";"7";"0";"2";"1";"1";"2";""
"202400032381";"155724695";"A01";"0";"99";"0";"2";"0";"1";"6";""
"202400032381";"155724696";"B01";"3";"7";"0";"2";"1";"26";"1";""
"202400032382";"155724693";"A01";"3";"7";"0";"2";"1";"1";"1";""
"202400032382";"155724694";"B01";"3";"7";"0";"2";"8";"1";"1";""
"202400032383";"155724692";"A01";"3";"7";"0";"1";"2";"15";"1";""
"202400032384";"155724690";"B01";"1";"30";"0";"2";"2";"17";"1";""
"202400032384";"155724691";"A01";"1";"7";"0";"2";"8";"15";"1";""
"202400032385";"155724688";"B01";"2";"80";"0";"2";"1";"5";"3";""
"202400032385";"155724689";"A01";"1";"1";"0";"2";"1";"2";"5";""
"202400032386";"155724686";"A01";"1";"7";"0";"2";"3";"15";"1";""
"202400032386";"155724687";"B01";"3";"50";"0";"2";"0";"1";"3";""
"202400032387";"155724685";"A01";"1";"7";"0";"1";"3";"19";"1";""
"202400032388";"155724683";"A01";"3";"7";"0";"2";"3";"15";" -1";""
"202400032388";"155724684";"B01";"3";"33";"0";"2";"2";"16";" -1";""
"202400032389";"155724681";"A01";"3";"7";"0";"2";"5";"15";"1";""
"202400032389";"155724682";"B01";"2";"7";"0";"2";"1";"1";"1";""
"202400032390";"155724680";"A01";"1";"30";"0";"0";"8";"0";"1";""
"202400032391";"155724678";"A01";"2";"7";"0";"2";"3";"15";"1";""
"202400032391";"155724679";"B01";"1";"30";"0";"2";"2";"3";"1";""
"202400032392";"155724675";"C01";"2";"7";"0";"2";"1";"1";"1";""
"202400032392";"155724676";"B01";"2";"7";"0";"2";"4";"1";"1";""
"202400032392";"155724677";"A01";"2";"7";"0";"2";"4";"1";"1";""
"202400032393";"155724673";"B01";"1";"10";"0";"2";"3";"11";"1";""
"202400032393";"155724674";"A01";"1";"33";"0";"2";"5";"1";"1";""
"202400032394";"155724671";"A01";"1";"7";"0";"2";"1";"2";"1";""
"202400032394";"155724672";"B01";"1";"7";"0";"2";"4";"2";"1";""
"202400032395";"155724669";"Z01";"3";"7";"0";"2";"2";"2";"0";""
"202400032395";"155724670";"A01";"3";"1";"0";"2";"4";"1";"5";""
"202400032396";"155724667";"A01";"2";"1";"0";"2";"7";"1";"5";""
"202400032396";"155724668";"X01";"1";"10";"0";"2";"1";"0";"1";""
"202400032397";"155724665";"B01";"3";"7";"0";"2";"1";"1";"1";""
"202400032397";"155724666";"A01";"3";"30";"0";"2";"1";"5";"1";""
"202400032398";"155724663";"A01";"1";"7";"0";"9";"1";"15";"1";""
"202400032398";"155724664";"B01";"3";"50";"0";"2";"0";"0";"3";""
"202400032399";"155724661";"A01";"3";"7";"0";"2";"2";"15";"1";""
"202400032399";"155724662";"B01";"3";"33";"8";"2";"1";"1";"1";""
"202400032400";"155724660";"A01";"3";"10";"0";"1";"2";"1";"1";""
"202400032401";"155724658";"A01";"1";"33";"0";"2";"1";"17";"1";""
"202400032401";"155724659";"B01";"1";"7";"0";"2";"0";"0";"1";""
"202400032402";"155724657";"A01";"3";"33";"12";"0";"2";"0";"1";""
"202400032403";"155724655";"B01";"0";"50";"0";"9";"7";"16";"3";""
"202400032403";"155724656";"A01";"0";"7";"0";"9";"6";"15";"1";""
"202400032404";"155724652";"A01";"2";"7";"0";"2";"1";"2";"1";""
"202400032404";"155724653";"B01";"1";"7";"0";"2";"4";"2";"1";""
"202400032405";"155724650";"B01";"1";"34";"0";"2";"1";"1";"1";""
"202400032405";"155724651";"A01";"2";"7";"0";"2";"2";"15";"2";""
"202400032406";"155724648";"A01";"2";"7";"0";"2";"4";"23";"1";""
"202400032406";"155724649";"B01";"2";"7";"0";"2";"1";"2";"1";""
"202400032407";"155724646";"A01";"3";"50";"0";"2";"1";"1";"3";""
"202400032407";"155724647";"B01";"0";"10";"0";"2";"6";"1";"1";""
"202400032408";"155724645";"A01";"1";"7";"0";"1";"3";"15";"1";""
"202400032409";"155724643";"B01";"1";"31";"0";"2";"1";"1";"1";""
"202400032409";"155724644";"A01";"2";"7";"0";"2";"3";"19";"1";""
"202400032410";"155724642";"A01";"2";"10";"0";"9";"2";"1";"1";""
"202400032411";"155724640";"A01";"2";"7";"0";"2";"3";"19";"1";""
"202400032411";"155724641";"B01";"2";"7";"0";"2";"2";"1";"1";""
"202400032412";"155724638";"B01";"2";"38";"0";"2";"6";"1";"1";"1"
"202400032412";"155724639";"A01";"1";"30";"0";"2";"8";"1";"1";""
"202400032413";"155724637";"A01";"3";"33";"14";"0";"1";"26";"1";""
"202400032414";"155724636";"A01";"3";"33";"7";"0";"7";"26";"1";""
"202400032415";"155724634";"A01";"1";"7";"0";"0";"2";"14";"1";""
"202400032415";"155724635";"B01";"1";"33";"0";"0";"2";"1";"1";""
"202400032416";"155724633";"A01";"2";"50";"1";"0";"1";"17";"3";""
"202400032417";"155724631";"B01";"0";"1";"0";"2";"1";"1";"5";""
"202400032417";"155724632";"A01";"2";"7";"0";"2";"5";"1";"1";""
"202400032418";"155724630";"A01";"2";"33";"0";"1";"3";"1";"1";""
"202400032419";"155724628";"A01";"1";"30";"0";"2";"1";"18";"1";""
"202400032419";"155724629";"B01";"1";"10";"0";"2";"7";"16";"1";""
"202400032420";"155724626";"Z01";"1";"7";"0";"2";"6";"24";"0";""
"202400032420";"155724627";"A01";"1";"80";"0";"2";"8";"11";"3";""
"202400032421";"155724624";"B01";"1";"7";"0";"2";"5";"24";"2";""
"202400032421";"155724625";"A01";"1";"1";"0";"2";"1";"22";"5";""
"202400032422";"155724622";"A01";"1";"30";"0";"2";"1";"21";"1";""
"202400032422";"155724623";"B01";"1";"10";"0";"2";"5";"16";"1";""
"202400032423";"155724620";"A01";"1";"50";"0";"2";"6";"15";"3";""
"202400032423";"155724621";"B01";"1";"32";"0";"2";"1";"1";"1";""
"202400032424";"155724618";"A01";"1";"50";"0";"2";"1";"5";"3";""
"202400032424";"155724619";"B01";"2";"33";"0";"2";"1";"13";"1";""
"202400032425";"155724616";"B01";"0";"7";"0";"2";"1";"1";"1";""