"Num_Acc";"id_vehicule";"num_veh";"senc";"catv";"obs";"obsm";"choc";"manv";"motor";"occutc"
"202400032425";"155724617";"A01";"0";"10";"0";"2";"2";"15";"1";""
"202400032426";"155724614";"A01";"3";"7";"0";"2";"1";"16";"1";""
"202400032426";"155724615";"B01";"3";"1";"0";"2";"7";"19";"5";""
"202400032427";"155724612";"B01";"2";"33";"0";"2";"1";"1";"1";""
"202400032427";"155724613";"A01";"1";"7";"0";"2";"3";"2";"1";""
"202400032428";"155724610";"B01";"1";"50";"0";"2";"3";"2";"3";""
"202400032428";"155724611";"A01";"1";"32";"0";"2";"1";"15";"1";""
"202400032429";"155724608";"A01";"3";"21";"0";"2";"1";"16";"1";""
"202400032429";"155724609";"B01";"0";"7";"0";"2";"2";"1";"0";""
"202400032430";"155724606";"B01";"1";"7";"0";"2";"7";"14";"1";""
"202400032430";"155724607";"A01";"1";"37";"0";"2";"8";"1";"2";"3"
"202400032431";"155724604";"A01";"1";"33";"0";"2";"1";"1";"1";""
"202400032431";"155724605";"B01";"0";"1";"0";"2";"5";"16";"5";""
"202400032432";"155724602";"A01";"1";"7";"0";"2";"1";"1";"1";""
"202400032432";"155724603";"B01";"1";"50";"0";"2";"1";"16";"3";""
"202400032433";"155724600";"A01";"1";"30";"0";"2";"3";"1";"1";""
"202400032433";"155724601";"B01";"2";"50";"0";"2";"1";"15";"3";""
"202400032434";"155724599";"A01";"3";"7";"0";"1";"2";"1";"2";""
"202400032435";"155724598";"A01";"0";"0";"0";"1";"1";"1";"0";""
"202400032436";"155724596";"A01";"1";"10";"0";"2";"3";"17";"1";""
"202400032436";"155724597";"B01";"0";"33";"0";"2";"2";"1";"1";""
"202400032437";"155724595";"A01";"2";"50";"1";"0";"3";"13";"3";""
"202400032438";"155724593";"B01";"3";"7";"0";"2";"3";"1";"1";""
"202400032438";"155724594";"A01";"3";"7";"0";"2";"2";"1";"1";""
"202400032439";"155724591";"B01";"2";"34";"1";"2";"6";"1";"1";""
"202400032439";"155724592";"A01";"0";"7";"0";"0";"0";"0";"0";""
"202400032440";"155724589";"A01";"3";"30";"0";"2";"7";"15";"1";""
"202400032440";"155724590";"B01";"3";"7";"0";"2";"1";"1";"2";""
"202400032441";"155724587";"A01";"3";"7";"0";"2";"1";"1";"1";""
"202400032441";"155724588";"B01";"3";"37";"0";"0";"5";"2";"4";"4"
"202400032442";"155724586";"A01";"3";"1";"12";"0";"2";"26";"5";""
"202400032443";"155724585";"A01";"3";"50";"14";"0";"1";"1";"3";""
"202400032444";"155724584";"A01";"2";"33";"0";"1";"1";"3";"1";""
"202400032445";"155724583";"A01";"2";"7";"2";"0";"3";"13";"1";""
"202400032446";"155724581";"A01";"1";"7";"4";"2";"8";"14";"1";""
"202400032446";"155724582";"B01";"1";"7";"0";"2";"8";"0";"1";""
"202400032447";"155724579";"B01";"2";"1";"0";"0";"4";"0";"5";""
"202400032447";"155724580";"A01";"2";"7";"0";"0";"2";"0";"1";""
"202400032448";"155724578";"A01";"1";"33";"0";"0";"7";"0";"0";""
"202400032449";"155724577";"A01";"2";"7";"13";"0";"3";"1";"0";""
"202400032450";"155724575";"A01";"1";"7";"0";"2";"1";"13";"1";""
"202400032450";"155724576";"B01";"2";"7";"0";"2";"1";"1";"2";""
"202400032451";"155724574";"A01";"1";"7";"0";"0";"1";"1";"1";""
"202400032452";"155724573";"A01";"1";"33";"0";"0";"8";"1";"1";""
"202400032453";"155724571";"B01";"1";"7";"0";"2";"3";"1";"1";""
"202400032453";"155724572";"A01";"2";"7";"0";"2";"1";"13";"1";""
"202400032454";"155724570";"A01";"2";"7";"13";"0";"3";"13";"1";""
"202400032455";"155724568";"A01";"2";"3";"0";"2";"3";"13";"1";""
"202400032455";"155724569";"B01";"1";"7";"0";"2";"6";"1";"1";""
"202400032456";"155724567";"A01";"2";"7";"13";"0";"1";"1";"1";""
"202400032457";"155724565";"A01";"3";"7";"0";"2";"8";"19";"1";""
"202400032457";"155724566";"B01";"2";"14";"0";"2";"1";"1";"1";""
"202400032458";"155724564";"A01";"1";"33";"0";"0";"9";"13";"1";""
"202400032459";"155724563";"A01";"2";"33";"0";"0";"0";"14";"1";""
"202400032460";"155724561";"B01";"1";"7";"0";"0";"8";"15";"1";""
"202400032460";"155724562";"A01";"1";"33";"0";"2";"2";"17";"1";""
"202400032461";"155724559";"A01";"1";"7";"0";"2";"7";"19";"1";""
"202400032461";"155724560";"B01";"1";"7";"0";"2";"1";"1";"1";""
"202400032462";"155724557";"A01";"2";"31";"0";"2";"1";"1";"1";""
"202400032462";"155724558";"B01";"1";"2";"0";"2";"0";"0";"0";""
"202400032463";"155724556";"A01";"2";"7";"13";"0";"2";"1";"1";""
"202400032464";"155724554";"A01";"2";"2";"0";"2";"2";"1";"1";""
"202400032464";"155724555";"B01";"2";"7";"0";"2";"3";"20";"1";""
"202400032465";"155724553";"A01";"2";"7";"2";"0";"1";"1";"1";""
"202400032466";"155724551";"A01";"0";"7";"0";"2";"3";"9";"2";""
"202400032466";"155724552";"B01";"1";"32";"0";"2";"1";"1";"1";""
"202400032467";"155724549";"A01";"2";"7";"0";"2";"1";"16";"1";""
"202400032467";"155724550";"B01";"2";"2";"0";"2";"8";"18";"1";""
"202400032468";"155724547";"A01";"2";"10";"3";"2";"1";"5";"1";""
"202400032468";"155724548";"B01";"1";"7";"0";"2";"1";"17";"1";""
"202400032469";"155724545";"A01";"2";"7";"0";"2";"1";"1";"0";""
"202400032469";"155724546";"B01";"2";"17";"0";"0";"5";"1";"0";""
"202400032470";"155724543";"A01";"1";"7";"3";"0";"2";"2";"1";""
"202400032471";"155724541";"A01";"0";"7";"0";"2";"6";"15";"1";""
"202400032471";"155724542";"B01";"1";"33";"0";"2";"2";"2";"1";""
"202400032472";"155724539";"A01";"1";"7";"3";"2";"8";"13";"1";""
"202400032472";"155724540";"B01";"2";"7";"3";"2";"8";"13";"1";""
"202400032473";"155724536";"A01";"1";"7";"0";"2";"1";"1";"1";""
"202400032473";"155724537";"B01";"1";"10";"4";"2";"6";"11";"1";""
"202400032473";"155724538";"C01";"1";"7";"4";"2";"8";"1";"1";""
"202400032474";"155724533";"B01";"1";"7";"0";"2";"4";"2";"1";""
"202400032474";"155724534";"A01";"1";"7";"0";"2";"1";"2";"1";""
"202400032474";"155724535";"C01";"1";"7";"0";"2";"4";"2";"1";""
"202400032475";"155724531";"B01";"2";"15";"0";"2";"3";"1";"1";""
"202400032475";"155724532";"A01";"2";"7";"0";"2";"1";"5";"1";""
"202400032476";"155724529";"A01";"1";"7";"4";"2";"8";"11";"1";""
"202400032476";"155724530";"B01";"1";"7";"0";"2";"7";"1";"1";""
"202400032477";"155724527";"A01";"2";"32";"0";"2";"1";"3";"1";""
"202400032477";"155724528";"B01";"2";"7";"0";"2";"0";"0";"1";""
"202400032478";"155724526";"A01";"2";"33";"4";"0";"1";"0";"1";""
"202400032479";"155724524";"A01";"1";"33";"0";"2";"1";"2";"1";""
"202400032479";"155724525";"B01";"1";"10";"0";"2";"5";"2";"1";""
"202400032480";"155724522";"A01";"1";"7";"0";"2";"1";"13";"1";""
"202400032480";"155724523";"B01";"1";"10";"0";"2";"4";"2";"1";""
"202400032481";"155724520";"B01";"1";"31";"0";"2";"1";"2";"1";""
"202400032481";"155724521";"A01";"1";"7";"0";"2";"6";"2";"1";""
"202400032482";"155724517";"A01";"1";"7";"0";"2";"5";"0";"1";""
"202400032482";"155724518";"B01";"1";"7";"0";"2";"3";"2";"1";""
"202400032482";"155724519";"C01";"1";"7";"0";"2";"1";"0";"1";""
"202400032483";"155724515";"A01";"1";"17";"0";"2";"2";"2";"1";""
"202400032483";"155724516";"B01";"1";"7";"0";"2";"8";"2";"1";""
"202400032484";"155724513";"A01";"2";"7";"0";"2";"6";"18";"1";""
"202400032484";"155724514";"B01";"2";"10";"0";"2";"2";"2";"1";""
"202400032485";"155724511";"A01";"2";"7";"0";"2";"1";"2";"1";""
"202400032485";"155724512";"B01";"1";"7";"0";"2";"4";"2";"1";""
"202400032486";"155724509";"A01";"2";"7";"0";"2";"3";"1";"1";""
"202400032486";"155724510";"B01";"2";"33";"0";"2";"2";"1";"1";""
"202400032487";"155724507";"A01";"2";"7";"0";"2";"7";"16";"1";""
"202400032487";"155724508";"B01";"2";"2";"0";"2";"1";"1";"1";""
"202400032488";"155724504";"A01";"1";"30";"0";"2";"3";"1";"3";""
"202400032488";"155724505";"B01";"1";"7";"0";"2";"2";"14";"1";""
"202400032488";"155724506";"C01";"1";"7";"0";"2";"8";"0";"1";""
"202400032489";"155724502";"A01";"2";"7";"0";"2";"7";"12";"1";""
"202400032489";"155724503";"B01";"2";"2";"0";"2";"8";"1";"1";""
"202400032490";"155724500";"A01";"1";"7";"0";"2";"3";"1";"1";""
"202400032490";"155724501";"B01";"2";"32";"0";"2";"1";"1";"1";""
"202400032491";"155724499";"A01";"1";"7";"2";"0";"1";"13";"1";""
"202400032492";"155724498";"A01";"1";"7";"13";"0";"1";"13";"1";""
"202400032493";"155724497";"A01";"3";"21";"0";"0";"9";"1";"1";""
"202400032494";"155724496";"A01";"3";"7";"8";"0";"0";"2";"1";""
"202400032495";"155724495";"A01";"1";"7";"0";"1";"2";"1";"0";""
"202400032496";"155724494";"A01";"3";"7";"1";"1";"2";"26";"1";""
"202400032497";"155724492";"B01";"2";"33";"0";"2";"1";"1";"1";""
"202400032497";"155724493";"A01";"1";"10";"0";"2";"2";"15";"1";""
"202400032498";"155724491";"A01";"1";"7";"0";"1";"1";"1";"1";""
"202400032499";"155724489";"B01";"0";"7";"0";"2";"1";"1";"2";""
"202400032499";"155724490";"A01";"3";"1";"0";"2";"1";"13";"5";""
"202400032500";"155724487";"A01";"0";"14";"14";"2";"6";"1";"1";""
"202400032500";"155724488";"B01";"0";"33";"0";"2";"0";"1";"1";""
"202400032501";"155724484";"A01";"1";"10";"0";"0";"3";"9";"1";""
"202400032501";"155724485";"B01";"2";"7";"0";"2";"1";"1";"3";""
"202400032501";"155724486";"C01";"2";"7";"0";"2";"3";"1";"1";""
"202400032502";"155724481";"A01";"2";"1";"0";"2";"4";"1";"5";""
"202400032502";"155724482";"B01";"2";"99";"0";"2";"5";"14";"1";""
"202400032502";"155724483";"C01";"1";"7";"0";"2";"3";"1";"1";""
"202400032503";"155724480";"A01";"2";"7";"0";"1";"3";"15";"1";""
"202400032504";"155724479";"A01";"1";"7";"13";"0";"9";"1";"1";""
"202400032505";"155724478";"A01";"2";"31";"2";"0";"1";"1";"1";""
"202400032506";"155724476";"A01";"3";"1";"0";"2";"8";"1";"5";""
"202400032506";"155724477";"B01";"3";"33";"0";"2";"8";"1";"1";""
"202400032507";"155724475";"A01";"2";"7";"13";"0";"1";"1";"1";""
"202400032508";"155724473";"A01";"1";"7";"0";"9";"2";"15";"1";""
"202400032508";"155724474";"B01";"2";"1";"0";"2";"1";"1";"5";""
"202400032509";"155724472";"A01";"1";"31";"7";"0";"1";"1";"1";""
"202400032510";"155724471";"A01";"1";"7";"2";"0";"1";"1";"1";""
"202400032511";"155724470";"A01";"1";"7";"2";"0";"1";"0";"1";""
"202400032512";"155724469";"A01";"1";"7";"11";"0";"1";"2";"1";""
"202400032513";"155724467";"A01";"3";"7";"0";"2";"1";"1";"1";""
"202400032513";"155724468";"B01";"1";"7";"0";"2";"1";"1";"1";""
"202400032514";"155724466";"A01";"1";"33";"2";"0";"0";"2";"1";""
"202400032515";"155724464";"A01";"1";"10";"0";"0";"2";"1";"1";""
"202400032515";"155724465";"B01";"1";"7";"0";"0";"3";"9";"1";""
"202400032516";"155724463";"A01";"1";"0";"0";"1";"2";"1";"0";""
"202400032517";"155724462";"A01";"1";"7";"3";"0";"1";"2";"2";""
"202400032518";"155724461";"A01";"1";"33";"4";"0";"7";"1";"1";""
"202400032519";"155724458";"A01";"2";"33";"0";"0";"0";"0";"1";""
"202400032520";"155724456";"B01";"1";"7";"0";"2";"3";"15";"1";""
"202400032520";"155724457";"A01";"2";"33";"0";"2";"1";"1";"1";""
"202400032521";"155724454";"B01";"2";"7";"0";"2";"2";"1";"1";""
"202400032521";"155724455";"A01";"1";"10";"0";"2";"1";"13";"1";""
"202400032522";"155724452";"A01";"1";"7";"0";"2";"3";"13";"1";""
"202400032522";"155724453";"B01";"2";"7";"0";"2";"8";"1";"1";""
"202400032523";"155724450";"A01";"2";"2";"0";"2";"1";"17";"1";""
"202400032523";"155724451";"B01";"0";"7";"0";"0";"2";"15";"1";""
"202400032524";"155724448";"B01";"1";"33";"0";"2";"9";"1";"0";""
"202400032524";"155724449";"A01";"1";"7";"0";"2";"8";"11";"1";""
"202400032525";"155724446";"B01";"2";"2";"0";"0";"4";"2";"1";""
"202400032525";"155724447";"A01";"2";"7";"0";"2";"1";"2";"1";""
"202400032526";"155724444";"B01";"1";"2";"0";"0";"5";"16";"1";""
"202400032526";"155724445";"A01";"1";"7";"0";"2";"1";"1";"1";""
"202400032527";"155724442";"A01";"2";"7";"16";"2";"2";"13";"1";""
"202400032527";"155724443";"B01";"2";"7";"0";"0";"6";"23";"1";""
"202400032528";"155724440";"B01";"2";"7";"3";"2";"7";"1";"1";""
"202400032528";"155724441";"A01";"2";"7";"0";"2";"3";"15";"1";""
"202400032529";"155724438";"A01";"3";"7";"0";"2";"1";"16";"1";""
"202400032529";"155724439";"B01";"2";"7";"0";"0";"7";"1";"1";""
"202400032530";"155724435";"C01";"0";"7";"5";"2";"8";"1";"1";""
"202400032530";"155724436";"A01";"1";"7";"0";"2";"1";"13";"1";""
"202400032530";"155724437";"B01";"1";"10";"0";"2";"1";"1";"1";""
"202400032531";"155724434";"A01";"1";"7";"5";"0";"1";"14";"1";""
"202400032532";"155724433";"A01";"2";"32";"0";"0";"9";"23";"1";""
"202400032533";"155724431";"A01";"3";"7";"0";"2";"2";"26";"1";""
"202400032533";"155724432";"B01";"3";"33";"0";"2";"2";"1";"1";""
"202400032534";"155724429";"A01";"1";"7";"0";"2";"5";"13";"1";""
"202400032534";"155724430";"B01";"2";"7";"0";"2";"3";"1";"1";""
"202400032535";"155724426";"B01";"2";"2";"0";"0";"4";"2";"1";""
"202400032535";"155724427";"A01";"1";"7";"0";"2";"2";"2";"1";""
"202400032536";"155724424";"B01";"1";"33";"0";"2";"3";"3";"1";""
"202400032536";"155724425";"A01";"1";"7";"0";"2";"5";"12";"1";""
"202400032537";"155724422";"A01";"1";"7";"0";"2";"1";"1";"1";""
"202400032537";"155724423";"B01";"1";"7";"0";"2";"4";"1";"1";""
"202400032538";"155724420";"A01";"2";"7";"0";"2";"1";"2";"1";""
"202400032538";"155724421";"B01";"2";"7";"0";"2";"3";"0";"1";""
"202400032539";"155724418";"A01";"1";"33";"0";"2";"1";"9";"1";""
"202400032539";"155724419";"B01";"1";"7";"0";"2";"1";"1";"1";""
"202400032540";"155724416";"A01";"1";"7";"0";"2";"1";"1";"1";""
"202400032540";"155724417";"B01";"1";"7";"0";"2";"4";"1";"1";""
"202400032541";"155724414";"A01";"1";"7";"0";"2";"1";"9";"1";""
"202400032541";"155724415";"B01";"1";"15";"0";"2";"2";"1";"1";""
"202400032542";"155724412";"A01";"1";"7";"0";"2";"1";"1";"1";""
"202400032542";"155724413";"B01";"1";"7";"0";"2";"4";"1";"1";""
"202400032543";"155724410";"A01";"1";"7";"4";"2";"1";"1";"1";""
"202400032543";"155724411";"B01";"1";"7";"0";"2";"6";"2";"2";""
"202400032544";"155724408";"A01";"3";"7";"0";"2";"1";"2";"1";""
"202400032544";"155724409";"B01";"3";"1";"0";"2";"4";"2";"5";""
"202400032545";"155724407";"A01";"1";"50";"14";"0";"1";"1";"3";""
"202400032546";"155724405";"A01";"3";"32";"0";"2";"1";"1";"1";""
"202400032546";"155724406";"B01";"0";"7";"0";"2";"3";"15";"1";""
"202400032547";"155724404";"A01";"1";"30";"0";"0";"0";"1";"1";""
"202400032548";"155724402";"B01";"1";"7";"0";"2";"8";"19";"1";""
"202400032548";"155724403";"A01";"3";"7";"0";"2";"1";"19";"1";""
"202400032549";"155724400";"B01";"1";"80";"0";"2";"8";"1";"3";""
"202400032549";"155724401";"A01";"1";"10";"0";"2";"7";"16";"1";""
"202400032550";"155724398";"A01";"2";"80";"0";"2";"4";"15";"3";""
"202400032550";"155724399";"Z01";"2";"30";"0";"2";"1";"17";"0";""
"202400032551";"155724396";"A01";"2";"7";"0";"2";"4";"10";"1";""
"202400032551";"155724397";"B01";"2";"1";"0";"2";"1";"1";"0";""
"202400032552";"155724392";"A01";"2";"7";"0";"2";"2";"17";"1";""
"202400032552";"155724393";"B01";"2";"7";"0";"2";"1";"17";"1";""
"202400032552";"155724394";"C01";"2";"7";"0";"2";"8";"1";"1";""
"202400032552";"155724395";"D01";"2";"7";"0";"2";"6";"1";"2";""
"202400032553";"155724390";"A01";"2";"7";"0";"2";"1";"26";"1";""
"202400032553";"155724391";"B01";"3";"7";"0";"2";"2";"26";"1";""
"202400032554";"155724387";"C01";"1";"10";"0";"2";"1";"2";"1";""
"202400032554";"155724388";"A01";"1";"10";"0";"2";"4";"23";"1";""
"202400032554";"155724389";"B01";"1";"7";"0";"2";"1";"2";"1";""
"202400032555";"155724385";"A01";"2";"32";"0";"2";"1";"17";"1";""
"202400032555";"155724386";"B01";"2";"13";"0";"2";"3";"4";"1";""
"202400032556";"155724383";"A01";"2";"10";"0";"2";"2";"2";"1";""
"202400032556";"155724384";"B01";"2";"7";"0";"2";"6";"12";"1";""
"202400032557";"155724382";"A01";"3";"7";"0";"1";"1";"26";"1";""
"202400032558";"155724380";"B01";"1";"10";"0";"2";"5";"1";"2";""
"202400032558";"155724381";"A01";"1";"7";"0";"2";"3";"13";"1";""
"202400032559";"155724378";"A01";"3";"50";"0";"2";"0";"0";"3";""
"202400032559";"155724379";"B01";"0";"7";"0";"2";"1";"0";" -1";""
"202400032560";"155724377";"A01";"3";"30";"0";"1";"1";"2";"1";""
"202400032561";"155724376";"Z01";"0";"10";"0";"1";"4";"4";"0";""
"202400032562";"155724375";"A01";"3";"7";"4";"0";"1";"1";"1";""
"202400032563";"155724371";"A01";"3";"7";"9";"0";"1";"9";"1";""
"202400032564";"155724370";"A01";"2";"7";"9";"1";"1";"15";"1";""
"202400032565";"155724367";"A01";"3";"7";"0";"2";"1";"0";"0";""
"202400032565";"155724369";"B01";"3";"10";"0";"2";"1";"1";"1";""
"202400032566";"155724366";"A01";"3";"7";"0";"2";"1";"13";"1";""
"202400032566";"155724368";"B01";"3";"33";"0";"2";"1";"1";"1";""
"202400032567";"155724364";"A01";"0";"7";"0";"1";"4";"20";"1";""
"202400032568";"155724363";"B01";"2";"7";"0";"2";"3";"13";"1";""
"202400032568";"155724365";"A01";"2";"7";"0";"2";"8";"1";"1";""
"202400032569";"155724362";"B01";"2";"30";"0";"1";"1";"2";"1";""
"202400032570";"155724360";"A01";"0";"1";"0";"2";"0";"18";"5";""
"202400032570";"155724361";"B01";"0";"10";"0";"2";"2";"23";"1";""
"202400032571";"155724358";"B01";"1";"7";"0";"2";"1";"5";"1";""
"202400032571";"155724359";"A01";"3";"7";"0";"2";"1";"1";"1";""
"202400032572";"155724357";"A01";"3";"10";"0";"1";"1";"15";"0";""
"202400032573";"155724356";"A01";"2";"34";"0";"1";"1";"1";"1";""
"202400032574";"155724355";"A01";"3";"1";"1";"0";"0";"0";"5";""
"202400032575";"155724354";"A01";"2";"7";"0";"1";"2";"2";"1";""
"202400032576";"155724352";"A01";"1";"7";"0";"2";"3";"15";"1";""
"202400032576";"155724353";"B01";"2";"2";"0";"2";"3";"1";"2";""
"202400032577";"155724350";"A01";"1";"14";"0";"2";"3";"9";"1";""
"202400032577";"155724351";"B01";"1";"7";"0";"2";"1";"0";"3";""
"202400032578";"155724349";"A01";"1";"7";"3";"0";"3";"1";"1";""
"202400032579";"155724347";"A01";"2";"7";"0";"2";"8";"10";"0";""
"202400032579";"155724348";"B01";"2";"33";"0";"2";"2";"2";"0";""
"202400032580";"155724345";"A01";"0";"2";"0";"0";"0";"26";"3";""
"202400032581";"155724343";"B01";"1";"7";"0";"2";"1";"1";"1";""
"202400032581";"155724344";"A01";"1";"7";"0";"2";"7";"1";"1";""
"202400032582";"155724342";"A01";"2";"7";"0";"1";"2";"1";"1";""
"202400032583";"155724339";"A01";"0";"7";"0";"2";"1";"1";"1";""
"202400032583";"155724340";"B01";"0";"50";"0";"2";"3";"19";"3";""
"202400032584";"155724338";"A01";"3";"7";"0";"0";"4";"1";"1";""
"202400032584";"155724341";"B01";"3";"7";"0";"2";"1";"1";"1";""
"202400032585";"155724335";"A01";"3";"7";"0";"0";"5";"15";"1";""
"202400032585";"155724336";"B01";"3";"1";"0";"2";"1";"1";"5";""
"202400032586";"155724334";"A01";"1";"7";"0";"2";"1";"1";"1";""
"202400032586";"155724337";"B01";"2";"7";"0";"2";"5";"26";"1";""
"202400032587";"155724332";"B01";"3";"80";"0";"2";"1";"1";"3";""
"202400032587";"155724333";"A01";"3";"7";"0";"2";"5";"24";"3";""
"202400032588";"155724331";"A01";"3";"7";"0";"1";"3";"1";"1";""
"202400032589";"155724329";"A01";"3";"7";"0";"2";"1";"2";"1";""
"202400032589";"155724330";"B01";"3";"7";"0";"2";"4";"1";"1";""
"202400032590";"155724327";"A01";"3";"7";"0";"2";"3";"1";"1";""
"202400032590";"155724328";"B01";"3";"10";"0";"2";"3";"1";"1";""
"202400032591";"155724325";"A01";"1";"2";"0";"1";"1";"3";"1";""
"202400032592";"155724324";"B01";"3";"7";"0";"2";"2";"1";"1";""
"202400032592";"155724326";"A01";"3";"50";"0";"2";"8";"9";"3";""
"202400032593";"155724323";"A01";"3";"2";"0";"0";"7";"1";"1";""
"202400032594";"155724319";"A01";"3";"7";"0";"2";"8";"15";"1";""
"202400032594";"155724321";"B01";"2";"7";"0";"2";"3";"1";"1";""
"202400032595";"155724320";"A01";"3";"2";"0";"2";"0";"5";"1";""
"202400032595";"155724322";"B01";"3";"7";"0";"2";"1";"15";"1";""
"202400032596";"155724318";"A01";"1";"7";"13";"0";"1";"26";"2";""
"202400032597";"155724316";"A01";"1";"7";"13";"0";"9";"1";"1";""
"202400032598";"155724315";"B01";"1";"7";"0";"2";"7";"1";"1";""
"202400032598";"155724317";"A01";"1";"30";"0";"2";"1";"26";"1";""
"202400032599";"155724312";"B01";"2";"33";"0";"2";"7";"17";"1";""
"202400032599";"155724314";"A01";"2";"7";"0";"2";"3";"15";"1";""
"202400032600";"155724310";"A01";"3";"7";"0";"2";"1";"2";"1";""
"202400032600";"155724311";"B01";"3";"10";"0";"2";"1";"2";"1";""
"202400032600";"155724313";"C01";"3";"7";"0";"2";"4";"2";"2";""
"202400032601";"155724309";"A01";"2";"7";"0";"1";"2";"1";"1";""
"202400032602";"155724307";"A01";"3";"50";"0";"2";"4";"26";"3";""
"202400032602";"155724308";"B01";"3";"7";"0";"2";"3";"1";"1";""
"202400032603";"155724306";"A01";"2";"7";"2";"0";"1";"1";"1";""
"202400032604";"155724303";"A01";"1";"30";"0";"2";"1";"0";"1";""
"202400032604";"155724305";"B01";"1";"7";"0";"2";"5";"16";"1";""
"202400032605";"155724304";"A01";"2";"7";"0";"1";"2";"15";"1";""
"202400032606";"155724302";"A01";"1";"30";"12";"0";"1";"14";"1";""
"202400032607";"155724300";"B01";"1";"1";"0";"2";"7";"1";"5";""
"202400032607";"155724301";"A01";"1";"7";"0";"2";"1";"16";"1";""
"202400032608";"155724299";"A01";"2";"30";"0";"0";"8";"1";"1";""
"202400032609";"155724298";"A01";"1";"7";"2";"0";"9";"1";"1";""
"202400032610";"155724297";"A01";"1";"7";"0";"0";"0";"1";"1";""
"202400032611";"155724296";"A01";"0";"3";"0";"0";"4";"10";"1";""
"202400032612";"155724294";"A01";"2";"33";"0";"6";"1";"1";"1";""
"202400032613";"155724293";"A01";"3";"7";"0";"2";"5";"1";"1";""
"202400032613";"155724295";"B01";"3";"7";"0";"2";"1";"1";"2";""
"202400032614";"155724291";"B01";"1";"1";"0";"2";"4";"1";"5";""
"202400032614";"155724292";"A01";"1";"1";"0";"2";"1";"1";"5";""
"202400032615";"155724289";"A01";"1";"7";"0";"2";"1";"1";"1";""
"202400032615";"155724290";"B01";"3";"50";"0";"2";"8";"1";"3";""
"202400032616";"155724288";"A01";"2";"7";"13";"0";"9";"0";"1";""
"202400032617";"155724286";"B01";"1";"1";"0";"2";"4";"19";"5";""
"202400032617";"155724287";"A01";"1";"7";"0";"2";"1";"21";"1";""
"202400032618";"155724285";"A01";"2";"33";"2";"0";"0";"0";"1";""
"202400032619";"155724282";"B01";"1";"1";"1";"0";"4";"7";"5";""
"202400032619";"155724284";"A01";"1";"10";"0";"9";"4";"1";"3";""
"202400032620";"155724280";"C01";"2";"10";"0";"0";"3";"24";"0";""
"202400032620";"155724281";"A01";"1";"33";"1";"1";"3";"1";"1";""
"202400032620";"155724283";"B01";"1";"7";"0";"0";"9";"1";"1";""
"202400032621";"155724278";"A01";"2";"10";"13";"0";"1";"13";"1";""
"202400032622";"155724277";"A01";"1";"7";"0";"2";"3";"15";"1";""
"202400032622";"155724279";"B01";"2";"7";"0";"2";"3";"1";"1";""
"202400032623";"155724276";"A01";"1";"2";"6";"0";"1";"1";"1";""
"202400032624";"155724274";"A01";"2";"80";"0";"2";"1";"1";"3";""
"202400032624";"155724275";"B01";"1";"1";"0";"2";"1";"1";"5";""
"202400032625";"155724273";"A01";"3";"7";"2";"0";"2";"1";"1";""
"202400032626";"155724271";"A01";"1";"7";"13";"0";"1";"1";"1";""
"202400032627";"155724269";"A01";"2";"7";"0";"2";"1";"1";"1";""
"202400032627";"155724270";"B01";"2";"7";"0";"2";"4";"23";"1";""
"202400032627";"155724272";"C01";"2";"7";"0";"2";"4";"0";"1";""
"202400032628";"155724268";"A01";"2";"33";"0";"0";"0";"1";"1";""
"202400032629";"155724267";"A01";"3";"7";"15";"0";"6";"26";"1";""
"202400032630";"155724266";"A01";"3";"50";"0";"0";"0";"0";"3";""
"202400032631";"155724261";"A01";"1";"7";"6";"2";"1";"1";"1";""
"202400032631";"155724262";"B01";"1";"7";"0";"2";"4";"1";"1";""
"202400032631";"155724265";"C01";"2";"7";"6";"2";"1";"1";"1";""
"202400032632";"155724260";"A01";"1";"37";"0";"1";"2";"1";"2";"1"
"202400032633";"155724259";"A01";"3";"36";"13";"0";"3";"16";"1";""
"202400032634";"155724257";"A01";"2";"7";"0";"2";"1";"2";"1";""
"202400032634";"155724258";"B01";"2";"50";"0";"2";"8";"2";"3";""
"202400032635";"155724256";"A01";"1";"7";"1";"1";"1";"1";"1";""
"202400032636";"155724253";"A01";"3";"3";"0";"1";"1";"1";"1";""
"202400032637";"155724254";"A01";"2";"33";"0";"2";"1";"1";"1";""
"202400032637";"155724255";"B01";"1";"10";"0";"2";"6";"1";"1";""
"202400032638";"155724252";"A01";"0";"33";"0";"5";"8";"1";"1";""
"202400032639";"155724250";"A01";"2";"7";"0";"2";"5";"1";"1";""
"202400032639";"155724251";"B01";"2";"50";"0";"2";"0";"1";"3";""
"202400032640";"155724248";"A01";"2";"7";"0";"2";"1";"5";"1";""
"202400032640";"155724249";"B01";"1";"7";"3";"2";"1";"1";"1";""
"202400032641";"155724246";"A01";"1";"7";"0";"2";"1";"16";"1";""
"202400032641";"155724247";"B01";"3";"50";"0";"2";"8";"19";"3";""
"202400032642";"155724245";"A01";"3";"7";"0";"1";"1";"1";"0";""
"202400032643";"155724243";"A01";"1";"7";"0";"2";"1";"2";"1";""
"202400032643";"155724244";"B01";"1";"7";"0";"2";"4";"1";"1";""
"202400032644";"155724242";"A01";"0";"7";"0";"1";"2";"1";"3";""
"202400032645";"155724241";"A01";"1";"7";"0";"1";"2";"1";"1";""