"Num_Acc";"id_vehicule";"num_veh";"senc";"catv";"obs";"obsm";"choc";"manv";"motor";"occutc"
"202400032646";"155724239";"A01";"2";"2";"0";"2";"8";"1";"1";""
"202400032646";"155724240";"B01";"1";"7";"0";"2";"1";"15";"1";""
"202400032647";"155724238";"A01";"3";"7";"8";"0";"3";"1";"1";""
"202400032648";"155724234";"A01";"1";"30";"0";"2";"1";"1";"1";""
"202400032648";"155724236";"B01";"2";"99";"0";"0";"8";"1";"1";""
"202400032649";"155724231";"B01";"1";"7";"0";"2";"3";"15";"1";""
"202400032649";"155724233";"A01";"1";"32";"0";"2";"1";"2";"1";""
"202400032650";"155724230";"C01";"1";"10";"0";"0";"0";"15";"1";""
"202400032650";"155724232";"B01";"1";"7";"0";"2";"3";"23";"1";""
"202400032650";"155724235";"A01";"1";"7";"0";"2";"5";"1";"1";""
"202400032651";"155724228";"A01";"1";"7";"13";"0";"9";"1";"1";""
"202400032652";"155724227";"B01";"0";"50";"0";"2";"1";"19";"3";""
"202400032652";"155724229";"A01";"0";"7";"0";"2";"2";"17";"1";""
"202400032653";"155724226";"A01";"1";"7";"4";"0";"3";"1";"1";""
"202400032654";"155724225";"A01";"3";"30";"0";"0";"0";"26";"1";""
"202400032655";"155724224";"A01";"2";"7";"8";"0";"1";"1";"1";""
"202400032656";"155724222";"A01";"1";"7";"0";"2";"3";"13";"1";""
"202400032656";"155724223";"B01";"1";"7";"0";"2";"3";"1";"3";""
"202400032657";"155724220";"A01";"0";"1";"0";"0";"4";"1";"5";""
"202400032657";"155724221";"B01";"0";"7";"0";"2";"1";"9";"1";""
"202400032658";"155724218";"A01";"1";"7";"0";"2";"1";"15";"1";""
"202400032658";"155724219";"B01";"3";"7";"0";"2";"1";"1";"1";""
"202400032659";"155724215";"A01";"0";"7";"0";"1";"0";"20";"1";""
"202400032660";"155724216";"A01";"1";"7";"0";"2";"3";"0";"1";""
"202400032660";"155724217";"B01";"2";"7";"0";"2";"3";"0";"1";""
"202400032661";"155724212";"A01";"1";"7";"0";"2";"3";"2";"1";""
"202400032661";"155724214";"B01";"1";"2";"0";"2";"0";"0";"1";""
"202400032662";"155724209";"A01";"1";"2";"0";"0";"0";"1";"1";""
"202400032663";"155724208";"D01";"2";"7";"0";"9";"1";"0";"1";""
"202400032663";"155724210";"A01";"2";"7";"0";"2";"4";"0";"1";""
"202400032663";"155724211";"B01";"2";"7";"0";"2";"1";"0";"1";""
"202400032663";"155724213";"C01";"2";"7";"0";"2";"1";"0";"1";""
"202400032664";"155724207";"A01";"1";"13";"3";"1";"7";"1";"6";""
"202400032665";"155724205";"A01";"1";"33";"0";"2";"2";"0";"1";""
"202400032665";"155724206";"Z01";"1";"7";"0";"2";"3";"0";"0";""
"202400032666";"155724201";"B01";"2";"7";"0";"2";"1";"1";"1";""
"202400032666";"155724203";"C01";"2";"7";"0";"2";"8";"1";"1";""
"202400032666";"155724204";"A01";"2";"7";"0";"2";"1";"5";"2";""
"202400032667";"155724200";"B01";"2";"7";"1";"0";"6";"1";"1";""
"202400032667";"155724202";"Z01";"2";"7";"0";"2";"6";"1";"6";""
"202400032668";"155724199";"A01";"1";"7";"4";"0";"2";"1";"1";""
"202400032669";"155724197";"B01";"2";"7";"0";"2";"1";"19";"1";""
"202400032669";"155724198";"A01";"2";"7";"0";"2";"3";"19";"1";""
"202400032670";"155724194";"A01";"1";"7";"0";"2";"3";"2";"1";""
"202400032670";"155724196";"B01";"1";"33";"8";"2";"1";"16";"1";""
"202400032671";"155724193";"A01";"1";"7";"0";"2";"2";"17";"1";""
"202400032671";"155724195";"B01";"1";"7";"13";"0";"6";"1";"2";""
"202400032672";"155724190";"B01";"2";"7";"0";"2";"3";"1";"1";""
"202400032672";"155724191";"A01";"1";"31";"0";"2";"1";"13";"1";""
"202400032673";"155724188";"A01";"1";"7";"0";"2";"8";"15";"1";""
"202400032673";"155724189";"B01";"1";"33";"0";"2";"2";"17";"1";""
"202400032673";"155724192";"C01";"1";"33";"0";"2";"2";"17";"1";""
"202400032674";"155724186";"B01";"2";"33";"0";"2";"1";"13";"1";""
"202400032674";"155724187";"A01";"1";"7";"0";"2";"2";"0";"2";""
"202400032675";"155724185";"A01";"1";"30";"0";"0";"0";"1";"1";""
"202400032676";"155724184";"A01";"3";"2";"5";"0";"7";"1";"1";""
"202400032677";"155724180";"D01";"3";"7";"0";"2";"6";"24";"1";""
"202400032677";"155724182";"A01";"2";"33";"1";"2";"1";"1";"1";""
"202400032677";"155724183";"B01";"2";"7";"0";"2";"3";"1";"1";""
"202400032678";"155724181";"A01";"3";"7";"0";"1";"1";"19";"1";""
"202400032679";"155724178";"A01";"1";"50";"0";"0";"0";"1";"3";""
"202400032680";"155724176";"A01";"1";"37";"0";"2";"1";"1";"2";"1"
"202400032680";"155724177";"B01";"1";"7";"0";"2";"9";"1";"1";""
"202400032680";"155724179";"C01";"1";"7";"0";"2";"4";"1";"1";""
"202400032681";"155724175";"A01";"2";"7";"3";"0";"2";"1";"1";""
"202400032682";"155724173";"Z01";"2";"80";"0";"1";"2";"1";"3";""
"202400032683";"155724172";"A01";"1";"7";"0";"1";"5";"11";"0";""
"202400032684";"155724170";"A01";"1";"14";"0";"2";"1";"2";"1";""
"202400032684";"155724171";"B01";"1";"2";"0";"0";"4";"23";"3";""
"202400032685";"155724168";"A01";"3";"33";"0";"2";"1";"13";"1";""
"202400032685";"155724169";"B01";"3";"7";"0";"0";"3";"1";"3";""
"202400032686";"155724167";"A01";"1";"33";"0";"1";"1";"1";"1";""
"202400032687";"155724165";"A01";"1";"7";"0";"2";"3";"0";"1";""
"202400032687";"155724166";"B01";"1";"2";"0";"0";"4";"1";"1";""
"202400032688";"155724163";"A01";"3";"7";"15";"0";"1";"14";"1";""
"202400032689";"155724162";"B01";"2";"1";"0";"2";"3";"1";"5";""
"202400032689";"155724164";"A01";"3";"7";"0";"2";"2";"1";"1";""
"202400032690";"155724161";"A01";"1";"33";"0";"0";"1";"1";"1";""
"202400032691";"155724160";"A01";"2";"1";"0";"2";"8";"21";"5";""
"202400032692";"155724159";"A01";"2";"10";"1";"0";"2";"1";"1";""
"202400032693";"155724158";"A01";"1";"7";"0";"1";"2";"1";"2";""
"202400032694";"155724155";"B01";"3";"33";"0";"2";"2";"1";"1";""
"202400032694";"155724156";"A01";"3";"7";"0";"2";"0";"10";"1";""
"202400032695";"155724154";"A01";"3";"7";"2";"0";"1";"0";"1";""
"202400032696";"155724153";"A01";"2";"1";"0";"1";"2";"1";"5";""
"202400032697";"155724151";"B01";"2";"7";"0";"2";"8";"1";"1";""
"202400032697";"155724152";"Z01";"2";"17";"0";"0";"0";"0";"0";""
"202400032698";"155724150";"A01";"0";"1";"0";"0";"8";"2";"5";""
"202400032699";"155724147";"A01";"2";"7";"0";"2";"1";"2";"1";""
"202400032699";"155724148";"B01";"2";"7";"0";"2";"4";"2";"1";""
"202400032699";"155724149";"C01";"2";"7";"0";"2";"4";"2";"1";""
"202400032700";"155724145";"B01";"1";"50";"0";"2";"2";"17";"3";""
"202400032700";"155724146";"A01";"1";"1";"0";"2";"3";"1";"5";""
"202400032701";"155724143";"A01";"1";"7";"0";"2";"2";"1";"1";""
"202400032701";"155724144";"B01";"1";"10";"0";"2";"6";"2";"1";""
"202400032702";"155724142";"A01";"1";"30";"14";"0";"7";"8";"1";""
"202400032703";"155724140";"B01";"1";"7";"0";"2";"2";"1";"1";""
"202400032703";"155724141";"A01";"1";"7";"3";"2";"1";"13";"1";""
"202400032704";"155724137";"C01";"3";"1";"0";"2";"8";"0";"5";""
"202400032704";"155724138";"B01";"3";"33";"0";"2";"8";"0";"1";""
"202400032704";"155724139";"A01";"3";"7";"0";"2";"3";"13";"1";""
"202400032705";"155724136";"A01";"2";"7";"4";"0";"1";"18";"1";""
"202400032706";"155724133";"A01";"2";"7";"0";"2";"2";"1";"1";""
"202400032706";"155724135";"B01";"2";"30";"0";"2";"3";"15";"1";""
"202400032707";"155724131";"B01";"2";"7";"0";"2";"8";"1";"2";""
"202400032707";"155724132";"A01";"2";"7";"0";"2";"1";"5";"1";""
"202400032707";"155724134";"C01";"1";"7";"0";"2";"1";"1";"1";""
"202400032708";"155724129";"A01";"2";"7";"0";"2";"1";"17";"1";""
"202400032708";"155724130";"B01";"1";"7";"0";"2";"1";"1";"1";""
"202400032709";"155724127";"B01";"2";"7";"0";"2";"3";"9";"1";""
"202400032709";"155724128";"A01";"2";"30";"0";"2";"2";"13";"1";""
"202400032710";"155724123";"A01";"1";"99";"0";"9";"1";"26";"0";""
"202400032710";"155724124";"B01";"2";"99";"0";"9";"1";"0";"0";""
"202400032711";"155724125";"A01";"0";"7";"0";"2";"2";"15";"3";""
"202400032711";"155724126";"B01";"0";"33";"0";"2";"1";"2";"1";""
"202400032712";"155724119";"B01";"1";"7";"0";"2";"2";"1";"1";""
"202400032712";"155724121";"A01";"1";"7";"0";"2";"3";"13";"1";""
"202400032713";"155724118";"A01";"0";"7";"0";"2";"3";"17";"1";""
"202400032713";"155724120";"B01";"1";"31";"0";"2";"7";"3";"1";""
"202400032714";"155724117";"B01";"1";"7";"8";"2";"8";"1";"1";""
"202400032714";"155724122";"A01";"1";"7";"8";"2";"1";"9";"1";""
"202400032715";"155724115";"A01";"1";"7";"10";"0";"2";"14";"1";""
"202400032716";"155724113";"A01";"3";"7";"0";"2";"8";"9";"1";""
"202400032716";"155724116";"B01";"1";"7";"0";"2";"1";"1";"1";""
"202400032717";"155724112";"A01";"1";"10";"0";"2";"3";"15";"1";""
"202400032717";"155724114";"B01";"1";"32";"0";"1";"1";"1";"1";""
"202400032718";"155724111";"A01";"0";"7";"0";"1";"3";"15";"1";""
"202400032719";"155724108";"Z01";"2";"7";"0";"2";"0";"0";"0";""
"202400032719";"155724109";"A01";"2";"50";"0";"2";"0";"0";"3";""
"202400032720";"155724107";"B01";"3";"10";"0";"2";"1";"0";"1";""
"202400032720";"155724110";"A01";"3";"7";"0";"2";"7";"1";"1";""
"202400032721";"155724105";"A01";"2";"7";"0";"2";"1";"13";"1";""
"202400032721";"155724106";"B01";"1";"7";"0";"2";"1";"1";"1";""
"202400032722";"155724103";"A01";"1";"7";"1";"0";"0";"22";"1";""
"202400032722";"155724104";"B01";"1";"2";"0";"2";"8";"22";"1";""
"202400032723";"155724101";"A01";"1";"7";"0";"0";"0";"0";"1";""
"202400032724";"155724100";"A01";"1";"2";"0";"0";"0";"1";"1";""
"202400032725";"155724099";"A01";"1";"32";"0";"2";"1";"1";"1";""
"202400032725";"155724102";"B01";"2";"10";"16";"2";"0";"15";"1";""
"202400032726";"155724098";"A01";"2";"7";"13";"0";"1";"5";"1";""
"202400032727";"155724097";"A01";"1";"30";"0";"0";"7";"26";"1";""
"202400032728";"155724094";"A01";"2";"33";"13";"0";"9";"1";"1";""
"202400032729";"155724093";"B01";"3";"7";"0";"2";"0";"13";"2";""
"202400032729";"155724096";"A01";"2";"33";"0";"2";"3";"17";"1";""
"202400032730";"155724095";"A01";"3";"31";"0";"0";"8";"1";"1";""
"202400032731";"155724092";"A01";"2";"33";"0";"0";"0";"0";"1";""
"202400032732";"155724090";"B01";"3";"34";"0";"2";"7";"1";"1";""
"202400032732";"155724091";"A01";"3";"7";"0";"2";"1";"1";"2";""
"202400032733";"155724089";"A01";"1";"7";"6";"0";"1";"26";"1";""
"202400032734";"155724088";"A01";"1";"7";"2";"0";"1";"6";"1";""
"202400032735";"155724086";"A01";"1";"7";"6";"0";"1";"1";"1";""
"202400032736";"155724083";"C01";"1";"7";"0";"2";"4";"2";"1";""
"202400032736";"155724084";"A01";"2";"7";"0";"2";"1";"1";"1";""
"202400032736";"155724087";"B01";"1";"7";"0";"2";"4";"2";"2";""
"202400032737";"155724082";"B01";"2";"2";"0";"2";"8";"1";"1";""
"202400032737";"155724085";"A01";"1";"7";"0";"2";"2";"1";"1";""
"202400032738";"155724081";"A01";"1";"7";"13";"0";"2";"1";"1";""
"202400032739";"155724079";"B01";"0";"50";"0";"2";"1";"1";"3";""
"202400032739";"155724080";"A01";"0";"7";"0";"9";"2";"9";"1";""
"202400032740";"155724076";"B01";"1";"33";"0";"2";"1";"1";"1";""
"202400032740";"155724078";"A01";"2";"7";"0";"2";"2";"15";"1";""
"202400032741";"155724075";"B01";"1";"7";"0";"0";"1";"26";"0";""
"202400032741";"155724077";"A01";"1";"7";"0";"2";"4";"0";"0";""
"202400032742";"155724074";"A01";"1";"7";"0";"1";"1";"1";"2";""
"202400032743";"155724073";"A01";"0";"31";"0";"0";"1";"0";"1";""
"202400032744";"155724068";"A01";"2";"7";"13";"0";"1";"1";"1";""
"202400032745";"155724069";"B01";"3";"7";"0";"2";"8";"15";"1";""
"202400032745";"155724072";"A01";"2";"30";"0";"2";"1";"17";"1";""
"202400032746";"155724070";"A01";"3";"7";"0";"2";"1";"9";"2";""
"202400032746";"155724071";"B01";"0";"7";"0";"2";"3";"1";"1";""
"202400032747";"155724066";"A01";"1";"10";"0";"1";"4";"4";"3";""
"202400032748";"155724064";"A01";"2";"7";"0";"2";"3";"17";"1";""
"202400032748";"155724067";"B01";"1";"7";"0";"2";"3";"1";"1";""
"202400032749";"155724063";"A01";"1";"7";"0";"2";"2";"15";"1";""
"202400032749";"155724065";"B01";"2";"2";"0";"2";"1";"1";"1";""
"202400032750";"155724061";"A01";"1";"33";"2";"0";"0";"2";"1";""
"202400032751";"155724060";"A01";"1";"50";"0";"2";"8";"1";"3";""
"202400032751";"155724062";"B01";"2";"10";"0";"2";"2";"1";"1";""
"202400032752";"155724058";"B01";"3";"7";"0";"1";"0";"0";"0";""
"202400032753";"155724057";"B01";"2";"38";"0";"0";"5";"15";"1";"1"
"202400032753";"155724059";"A01";"1";"2";"0";"2";"1";"1";"1";""
"202400032754";"155724054";"B01";" -1";"0";"0";"2";" -1";"0";" -1";""
"202400032754";"155724056";"A01";"1";"31";"0";"2";"7";"16";"1";""
"202400032755";"155724053";"A01";"1";"1";"0";"2";"3";"1";"5";""
"202400032755";"155724055";"B01";"1";"7";"0";"2";"3";"15";"1";""
"202400032756";"155724052";"A01";"1";"10";"0";"1";"2";"1";"1";""
"202400032757";"155724048";"B01";"0";"10";"0";"2";"3";"9";"1";""
"202400032757";"155724050";"A01";"2";"10";"0";"2";"1";"26";"1";""
"202400032758";"155724049";"A01";"2";"7";"0";"2";"2";"15";"1";""
"202400032758";"155724051";"B01";"1";"7";"0";"2";"1";"1";"1";""
"202400032759";"155724046";"A01";"1";"7";"0";"2";"4";"2";"1";""
"202400032759";"155724047";"B01";"1";"13";"0";"2";"1";"2";"1";""
"202400032760";"155724044";"A01";"3";"7";"0";"2";"1";"2";"1";""
"202400032760";"155724045";"B01";"3";"30";"0";"2";"4";"0";"3";""
"202400032761";"155724043";"A01";"1";"7";"13";"0";"1";"13";"1";""
"202400032762";"155724042";"A01";"2";"7";"0";"1";"3";"1";"1";""
"202400032763";"155724041";"A01";"1";"10";"1";"0";"2";"1";"0";""
"202400032764";"155724040";"A01";"2";"7";"2";"0";"1";"1";"1";""
"202400032765";"155724035";"A01";"1";"7";"0";"2";"1";"2";"2";""
"202400032765";"155724038";"B01";"1";"7";"0";"2";"4";"1";"1";""
"202400032766";"155724036";"A01";"1";"7";"0";"2";"3";"9";"1";""
"202400032766";"155724039";"B01";"1";"1";"0";"2";"1";"1";"5";""
"202400032767";"155724037";"A01";"3";"7";"2";"0";"3";"1";"1";""
"202400032768";"155724031";"B01";"1";"7";"0";"2";"7";"1";"1";""
"202400032768";"155724034";"A01";"3";"50";"0";"2";"1";"1";"3";""
"202400032769";"155724030";"A01";"0";"34";"0";"2";"3";"13";"1";""
"202400032769";"155724032";"B01";"3";"7";"0";"2";"3";"1";"1";""
"202400032770";"155724029";"A01";"3";"7";"0";"2";"7";"15";"1";""
"202400032770";"155724033";"B01";"3";"7";"8";"2";"1";"1";"1";""
"202400032771";"155724028";"A01";"1";"7";"1";"0";"3";"13";"2";""
"202400032772";"155724026";"A01";"3";"7";"1";"0";"1";"14";"1";""
"202400032773";"155724025";"B01";"2";"7";"3";"0";"4";"2";"1";""
"202400032773";"155724027";"A01";"2";"10";"0";"2";"1";"2";"1";""
"202400032774";"155724024";"A01";"2";"31";"0";"0";"1";"0";"1";""
"202400032775";"155724020";"A01";"1";"1";"0";"0";"0";"26";"5";""
"202400032776";"155724019";"A01";"3";"7";"0";"2";"1";"2";"1";""
"202400032776";"155724023";"B01";"3";"7";"0";"2";"4";"23";"1";""
"202400032777";"155724018";"A01";"1";"10";"0";"2";"1";"2";"1";""
"202400032777";"155724021";"B01";"1";"7";"0";"2";"4";"2";"1";""
"202400032777";"155724022";"C01";"1";"15";"0";"0";"4";"11";"1";""
"202400032778";"155724015";"A01";"2";"7";"0";"2";"2";"13";"1";""
"202400032778";"155724017";"B01";"1";"7";"0";"2";"1";"1";"1";""
"202400032779";"155724014";"A01";"1";"10";"0";"1";"2";"1";"1";""
"202400032780";"155724013";"A01";"3";"7";"0";"2";"7";"19";"1";""
"202400032780";"155724016";"B01";"1";"33";"0";"2";"1";"1";"1";""
"202400032781";"155724009";"A01";"1";"7";"0";"2";"2";"26";"1";""
"202400032781";"155724010";"B01";"1";"7";"0";"2";"6";"1";"1";""
"202400032781";"155724012";"C01";"1";"7";"0";"2";"4";"1";"1";""
"202400032782";"155724007";"A01";"1";"10";"3";"0";"8";"1";"1";""
"202400032783";"155724008";"A01";"2";"7";"0";"2";"6";"15";"1";""
"202400032783";"155724011";"B01";"2";"2";"0";"2";"1";"0";"1";""
"202400032784";"155724005";"B01";"1";"7";"0";"2";"7";"0";"1";""
"202400032784";"155724006";"A01";"1";"31";"0";"2";"8";"9";"3";""
"202400032785";"155724002";"A01";"1";"7";"0";"2";"1";"0";"1";""
"202400032785";"155724004";"B01";"2";"7";"0";"2";"3";"0";"1";""
"202400032786";"155724001";"B01";"2";"31";"0";"2";"1";"3";"1";""
"202400032786";"155724003";"A01";"2";"7";"0";"2";"3";"15";"1";""
"202400032787";"155724000";"A01";"1";"33";"0";"0";"0";"0";"0";""
"202400032788";"155723998";"A01";"1";"33";"0";"0";"0";"0";"1";""
"202400032789";"155723997";"A01";"0";"33";"1";"0";"1";"14";"1";""
"202400032789";"155723999";"B01";"0";"7";"0";"2";"2";"23";"1";""
"202400032790";"155723995";"B01";"0";"50";"0";"2";"1";"1";"3";""
"202400032790";"155723996";"A01";"0";"7";"0";"2";"3";"26";"1";""
"202400032791";"155723993";"A01";"3";"36";"0";"0";"1";"14";"1";""
"202400032792";"155723992";"A01";"1";"2";"0";"2";"2";"17";"1";""
"202400032792";"155723994";"B01";"1";"7";"4";"2";"0";"13";"1";""
"202400032793";"155723988";"A01";"3";"10";"0";"2";"1";"1";"1";""
"202400032793";"155723990";"B01";"2";"7";"0";"2";"3";"1";"1";""
"202400032794";"155723986";"A01";"1";"10";"0";"2";"6";"15";"1";""
"202400032794";"155723987";"B01";"1";"33";"0";"2";"1";"17";"1";""
"202400032795";"155723984";"A01";"0";"2";"6";"0";"1";"0";"1";""
"202400032796";"155723983";"A01";"1";"7";"0";"1";"3";"19";"1";""
"202400032797";"155723980";"A01";"1";"7";"0";"2";"2";"21";"1";""
"202400032797";"155723982";"B01";"2";"10";"0";"2";"3";"21";"1";""
"202400032798";"155723979";"A01";"3";"17";"0";"2";"0";"1";"1";""
"202400032798";"155723981";"B01";"3";"1";"0";"2";"0";"1";"5";""
"202400032799";"155723976";"A01";"1";"10";"6";"0";"1";"1";"1";""
"202400032800";"155723973";"A01";"1";"36";"0";"2";"1";"26";"1";""
"202400032800";"155723975";"B01";"1";"7";"0";"2";"2";"1";"1";""
"202400032801";"155723971";"A01";"2";"7";"0";"2";"1";"17";"1";""
"202400032801";"155723972";"B01";"1";"7";"0";"2";"1";"1";"1";""
"202400032801";"155723974";"C01";"1";"7";"0";"2";"6";"1";"1";""
"202400032801";"155723977";"D01";"1";"7";"0";"2";"4";"1";"1";""
"202400032802";"155723969";"A01";"2";"7";"2";"0";"1";"1";"0";""
"202400032803";"155723968";"A01";"0";"7";"0";"2";"8";"1";"1";""
"202400032803";"155723970";"B01";"0";"2";"0";"2";"1";"1";"1";""
"202400032804";"155723966";"A01";"2";"7";"0";"2";"1";"13";"1";""
"202400032804";"155723967";"B01";"1";"7";"0";"2";"3";"1";"1";""
"202400032805";"155723965";"A01";"1";"2";"6";"0";"1";"1";"1";""
"202400032806";"155723964";"A01";"1";"7";"2";"0";"3";"0";"2";""
"202400032807";"155723963";"A01";"2";"7";"8";"0";"8";"1";"1";""
"202400032808";"155723962";"A01";"2";"7";"0";"0";"1";"1";"1";""
"202400032809";"155723961";"A01";"3";"7";"0";"1";"1";"1";"1";""
"202400032810";"155723960";"A01";"1";"7";"8";"0";"1";"1";"1";""
"202400032811";"155723956";"A01";"1";"33";"0";"2";"7";"17";"1";""
"202400032811";"155723959";"B01";"1";"7";"0";"2";"3";"15";"1";""
"202400032812";"155723955";"A01";"1";"7";"0";"2";"1";"2";"1";""
"202400032812";"155723958";"B01";"1";"7";"0";"2";"4";"2";"1";""
"202400032813";"155723954";"A01";"1";"7";"0";"2";"2";"13";"1";""
"202400032813";"155723957";"B01";"2";"7";"0";"2";"1";"1";"2";""
"202400032814";"155723953";"A01";"1";"7";"0";"0";"0";"1";"1";""
"202400032815";"155723951";"B01";"1";"10";"4";"2";"3";"1";"0";""
"202400032815";"155723952";"A01";"1";"37";"0";"2";"3";"1";"1";"1"
"202400032816";"155723950";"A01";"2";"7";"0";"1";"1";"0";"1";""
"202400032817";"155723949";"A01";"3";"10";"0";"1";"1";"26";"1";""
"202400032818";"155723945";"A01";"2";"7";"2";"0";"5";"13";"1";""
"202400032819";"155723944";"A01";"2";"7";"0";"2";"1";"1";"1";""
"202400032819";"155723947";"B01";"1";"1";"0";"2";"8";"19";"5";""
"202400032820";"155723946";"A01";"1";"7";"0";"2";"3";"16";"1";""
"202400032820";"155723948";"B01";"2";"7";"0";"2";"3";"1";"1";""
"202400032821";"155723940";"B01";"1";"7";"0";"0";"8";"1";"1";""
"202400032821";"155723943";"A01";"2";"7";"0";"2";"3";"13";"1";""
"202400032822";"155723941";"A01";"1";"30";"0";"0";"8";"1";"1";""
"202400032823";"155723939";"B01";"2";"2";"0";"2";"2";"1";"1";""
"202400032823";"155723942";"A01";"1";"7";"0";"2";"8";"15";"1";""
"202400032824";"155723935";"B01";"1";"7";"0";"2";"1";"1";"1";""
"202400032824";"155723938";"A01";"1";"7";"0";"2";"1";"13";"1";""
"202400032825";"155723933";"A01";"3";"2";"0";"2";"8";"19";"1";""
"202400032825";"155723937";"B01";"2";"7";"0";"2";"3";"1";"1";""
"202400032826";"155723934";"B01";"1";"1";"0";"2";"1";"0";"5";""
"202400032826";"155723936";"A01";"2";"7";"0";"2";"1";"1";"2";""
"202400032827";"155723932";"A01";"0";"7";"0";"1";"2";"1";"1";""
"202400032828";"155723930";"A01";"1";"7";"13";"0";"9";"1";"1";""
"202400032828";"155723931";"B01";"2";"7";"0";"0";"0";"5";"0";""
"202400032829";"155723929";"A01";"2";"7";"0";"1";"1";"1";"1";""
"202400032830";"155723926";"A01";"1";"7";"0";"2";"8";"1";"1";""
"202400032830";"155723928";"B01";"1";"7";"0";"2";"1";"1";"1";""
"202400032831";"155723923";"B01";"1";"7";"0";"2";"1";"1";"1";""
"202400032831";"155723925";"A01";"2";"7";"0";"2";"1";"15";"1";""
"202400032831";"155723927";"C01";"1";"38";"0";"2";"8";"1";"1";"1"
"202400032832";"155723922";"B01";"3";"7";"0";"2";"1";"1";"1";""
"202400032832";"155723924";"A01";"3";"50";"0";"2";"1";"1";"3";""
"202400032833";"155723920";"A01";"2";"99";"0";"2";"8";"1";"3";""
"202400032833";"155723921";"B01";"1";"7";"0";"2";"3";"15";"1";""
"202400032834";"155723919";"A01";"1";"7";"16";"0";"0";"13";"1";""
"202400032835";"155723915";"A01";"2";"3";"15";"0";"3";"0";"1";""
"202400032836";"155723917";"A01";"2";"7";"0";"2";"1";"15";"1";""
"202400032836";"155723918";"B01";"1";"1";"0";"2";"8";"1";"5";""
"202400032837";"155723914";"A01";"2";"7";"3";"0";"1";"0";"1";""
"202400032838";"155723912";"A01";"1";"7";"4";"0";"1";"1";"1";""
"202400032839";"155723911";"A01";"3";"7";"0";"2";"1";"19";"1";""
"202400032839";"155723913";"B01";"3";"50";"0";"2";"1";"19";"3";""
"202400032840";"155723908";"A01";"1";"7";"0";"2";"3";"13";"1";""
"202400032840";"155723910";"B01";"2";"33";"0";"2";"1";"1";"1";""
"202400032841";"155723907";"B01";"2";"7";"0";"2";"3";"1";"1";""
"202400032841";"155723909";"A01";"2";"7";"0";"2";"4";"14";"1";""
"202400032842";"155723905";"A01";"3";"7";"0";"2";"2";"15";"1";""
"202400032842";"155723906";"B01";"3";"30";"0";"2";"6";"1";"1";""
"202400032843";"155723901";"B01";"2";"7";"0";"2";"4";"1";"1";""
"202400032843";"155723902";"A01";"2";"33";"0";"2";"1";"2";"1";""
"202400032844";"155723900";"A01";"1";"7";"0";"2";"2";"15";"1";""
"202400032844";"155723903";"B01";"2";"7";"0";"2";"1";"1";"1";""
"202400032845";"155723898";"B01";"1";"7";"0";"2";"0";"0";"1";""
"202400032845";"155723899";"A01";"1";"7";"0";"2";"4";"26";"1";""
"202400032846";"155723904";"A01";"1";"7";"2";"0";"3";"1";"1";""
"202400032847";"155723895";"A01";"1";"7";"0";"2";"1";"13";"1";""
"202400032847";"155723896";"B01";"2";"7";"0";"2";"6";"21";"1";""
"202400032847";"155723897";"C01";"2";"7";"0";"2";"1";"1";"1";""
"202400032848";"155723894";"A01";"2";"7";"3";"0";"9";"1";"1";""
"202400032849";"155723892";"A01";"2";"7";"0";"2";"1";"2";"1";""
"202400032849";"155723893";"B01";"2";"7";"0";"2";"4";"2";"1";""
"202400032850";"155723887";"A01";"1";"7";"0";"2";"3";"15";"1";""
"202400032850";"155723891";"B01";"1";"33";"0";"0";"5";"1";"1";""
"202400032851";"155723888";"B01";"2";"50";"0";"2";"2";"9";"3";""
"202400032851";"155723890";"A01";"2";"7";"0";"2";"2";"1";"1";""
"202400032852";"155723886";"A01";"1";"7";"0";"2";"1";"2";"1";""
"202400032852";"155723889";"B01";"1";"10";"0";"2";"4";"1";"1";""
"202400032853";"155723885";"A01";"1";"7";"4";"0";"3";"1";"1";""
"202400032854";"155723883";"A01";"1";"31";"16";"0";"7";"26";"1";""
"202400032855";"155723882";"B01";"1";"31";"0";"2";"1";"1";"1";""
"202400032855";"155723884";"A01";"1";"10";"0";"2";"8";"9";"1";""
"202400032856";"155723878";"B01";"2";"2";"0";"2";"3";"15";"1";""
"202400032856";"155723881";"A01";"2";"10";"0";"2";"2";"17";"1";""
"202400032857";"155723877";"A01";"2";"30";"0";"2";"8";"1";"1";""
"202400032857";"155723879";"B01";"2";"7";"0";"9";"5";"1";"1";""
"202400032858";"155723875";"A01";"1";"7";"0";"2";"1";"2";"1";""
"202400032858";"155723876";"B01";"1";"7";"1";"2";"4";"2";"1";""
"202400032858";"155723880";"C01";"1";"7";"0";"2";"4";"2";"1";""
"202400032859";"155723873";"A01";"2";"7";"0";"0";"0";"15";"1";""
"202400032859";"155723874";"B01";"1";"31";"13";"0";"7";"0";"1";""
"202400032860";"155723872";"A01";"2";"7";"3";"0";"2";"12";"1";""
"202400032861";"155723870";"A01";"2";"7";"0";"2";"1";"2";"1";""
"202400032861";"155723871";"B01";"2";"7";"0";"2";"4";"0";"1";""
"202400032862";"155723866";"A01";"1";"7";"0";"2";"4";"1";"1";""
"202400032862";"155723868";"B01";"1";"7";"0";"2";"4";"2";"1";""
"202400032862";"155723869";"C01";"1";"7";"0";"2";"1";"2";"1";""
"202400032863";"155723865";"A01";"2";"7";"0";"2";"5";"15";"1";""