"Num_Acc";"id_vehicule";"num_veh";"senc";"catv";"obs";"obsm";"choc";"manv";"motor";"occutc"
"202400032863";"155723867";"B01";"1";"34";"0";"2";"1";"1";"1";""
"202400032864";"155723861";"A01";"1";"31";"0";"2";"2";"17";"1";""
"202400032864";"155723863";"B01";"1";"7";"0";"2";"3";"15";"1";""
"202400032865";"155723860";"A01";"1";"7";"0";"2";"3";"13";"1";""
"202400032865";"155723862";"C01";"1";"10";"0";"2";"6";"0";"1";""
"202400032865";"155723864";"B01";"1";"7";"0";"2";"2";"1";"2";""
"202400032866";"155723857";"A01";"1";"7";"0";"2";"3";"15";"1";""
"202400032866";"155723859";"B01";"1";"33";"0";"2";"1";"17";"1";""
"202400032867";"155723856";"B01";"2";"7";"0";"2";"0";"12";"1";""
"202400032867";"155723858";"A01";"2";"33";"0";"2";"7";"3";"1";""
"202400032868";"155723853";"A01";"1";"7";"0";"2";"1";"0";"1";""
"202400032868";"155723855";"B01";"1";"80";"0";"2";"4";"1";"3";""
"202400032869";"155723852";"B01";"1";"7";"4";"2";"4";"1";"1";""
"202400032869";"155723854";"A01";"1";"7";"0";"2";"1";"1";"1";""
"202400032870";"155723849";"B01";"1";"1";"0";"2";"1";"1";"5";""
"202400032870";"155723851";"A01";"1";"7";"0";"2";"3";"0";"1";""
"202400032871";"155723848";"A01";"1";"33";"0";"2";"1";"2";"1";""
"202400032871";"155723850";"B01";"1";"7";"0";"2";"4";"0";"1";""
"202400032872";"155723847";"A01";"3";"37";"0";"1";"2";"15";"1";"1"
"202400032873";"155723845";"B01";"3";"50";"0";"2";"6";"0";"3";""
"202400032873";"155723846";"A01";"3";"32";"0";"2";"2";"21";"1";""
"202400032874";"155723842";"A01";"2";"33";"4";"0";"9";"26";"1";""
"202400032875";"155723843";"A01";"3";"7";"0";"2";"5";"2";"1";""
"202400032875";"155723844";"B01";"3";"7";"0";"2";"5";"2";"1";""
"202400032876";"155723839";"A01";"2";"7";"0";"2";"1";"5";"1";""
"202400032876";"155723841";"B01";"1";"7";"0";"2";"1";"1";"1";""
"202400032877";"155723838";"A01";"3";"7";"0";"2";"7";"15";"1";""
"202400032877";"155723840";"B01";"3";"7";"0";"2";"2";"1";"1";""
"202400032878";"155723835";"A01";"2";"7";"0";"2";"3";"10";"1";""
"202400032878";"155723836";"B01";"1";"31";"0";"2";"8";"1";"1";""
"202400032879";"155723834";"B01";"1";"33";"12";"0";"0";"1";"1";""
"202400032879";"155723837";"A01";"3";"3";"0";"2";"0";"15";"0";""
"202400032880";"155723833";"A01";"3";"7";"0";"1";"2";"1";"1";""
"202400032881";"155723831";"A01";"1";"32";"0";"2";"7";"15";"1";""
"202400032881";"155723832";"B01";"2";"10";"0";"2";"7";"1";"1";""
"202400032882";"155723830";"A01";"2";"7";"0";"1";"7";"1";"1";""
"202400032883";"155723829";"A01";"3";"33";"0";"0";"7";"1";"1";""
"202400032884";"155723827";"A01";"1";"7";"6";"0";"1";"0";"1";""
"202400032885";"155723826";"A01";"3";"50";"0";"2";"8";"19";"3";""
"202400032885";"155723828";"B01";"3";"7";"0";"9";"3";"2";"1";""
"202400032886";"155723824";"A01";"1";"33";"0";"2";"1";"0";"1";""
"202400032886";"155723825";"B01";"1";"7";"0";"0";"0";"0";"0";""
"202400032887";"155723821";"A01";"1";"7";"0";"2";"3";"1";"1";""
"202400032887";"155723823";"B01";"2";"2";"0";"2";"1";"1";"1";""
"202400032888";"155723820";"A01";"2";"7";"0";"2";"7";"14";"1";""
"202400032888";"155723822";"B01";"3";"37";"0";"2";"8";"7";"0";"3"
"202400032889";"155723817";"A01";"2";"7";"0";"2";"2";"2";"1";""
"202400032889";"155723819";"B01";"2";"7";"0";"2";"4";"2";"1";""
"202400032890";"155723816";"B01";"0";"7";"0";"2";"0";"26";" -1";""
"202400032890";"155723818";"A01";"2";"1";"0";"2";"1";"25";"5";""
"202400032891";"155723813";"A01";"2";"7";"0";"2";"2";"16";"1";""
"202400032891";"155723815";"B01";"2";"43";"0";"2";"3";"16";"1";""
"202400032892";"155723812";"A01";"2";"7";"0";"2";"3";"26";"1";""
"202400032892";"155723814";"B01";"1";"10";"0";"2";"3";"26";"1";""
"202400032893";"155723811";"A01";"0";"3";"0";"1";"1";"1";"0";""
"202400032894";"155723808";"A01";"1";"7";"0";"2";"1";"1";"0";""
"202400032894";"155723809";"B01";"1";"7";"0";"2";"1";"1";"1";""
"202400032894";"155723810";"C01";"1";"7";"0";"2";"1";"1";"1";""
"202400032895";"155723806";"A01";"0";"10";"0";"2";"7";"16";"1";""
"202400032895";"155723807";"B01";"0";"13";"0";"2";"1";"1";"0";""
"202400032896";"155723805";"A01";"2";"30";"0";"1";"1";"1";"3";""
"202400032897";"155723802";"B01";"1";"1";"0";"2";"1";"1";"5";""
"202400032897";"155723804";"A01";"2";"7";"0";"2";"2";"15";"1";""
"202400032898";"155723801";"A01";"1";"7";"0";"2";"1";"1";"1";""
"202400032898";"155723803";"B01";"2";"7";"0";"2";"3";"15";"1";""
"202400032899";"155723799";"B01";"1";"7";"0";"2";"4";"1";"1";""
"202400032899";"155723800";"A01";"1";"10";"0";"2";"1";"2";"1";""
"202400032900";"155723797";"A01";"3";"30";"0";"1";"7";"16";"1";""
"202400032901";"155723796";"B01";"2";"7";"0";"2";"1";"15";"1";""
"202400032901";"155723798";"A01";"1";"33";"0";"2";"1";"3";"1";""
"202400032902";"155723794";"B01";"3";"50";"0";"2";"7";"19";"3";""
"202400032902";"155723795";"A01";"3";"7";"0";"0";"7";"16";"0";""
"202400032903";"155723793";"A01";"3";"32";"0";"0";"0";"0";"1";""
"202400032904";"155723791";"A01";"2";"2";"0";"2";"3";"1";"1";""
"202400032904";"155723792";"B01";"1";"7";"0";"2";"2";"15";"3";""
"202400032905";"155723790";"A01";"1";"7";"0";"1";"3";"1";"1";""
"202400032906";"155723789";"A01";"1";"7";"0";"1";"3";"0";"3";""
"202400032907";"155723787";"A01";"2";"7";"0";"2";"3";"13";"1";""
"202400032907";"155723788";"B01";"1";"7";"0";"2";"3";"1";"1";""
"202400032908";"155723786";"A01";"1";"7";"0";"1";"1";"15";"2";""
"202400032909";"155723783";"A01";"3";"7";"1";"0";"4";"1";"1";""
"202400032909";"155723785";"B01";"3";"7";"0";"2";"1";"1";"1";""
"202400032910";"155723782";"A01";"1";"7";"0";"2";"7";"15";"1";""
"202400032910";"155723784";"B01";"2";"33";"0";"2";"1";"1";"1";""
"202400032911";"155723781";"Z01";"1";"10";"0";"1";"1";"26";"1";""
"202400032912";"155723778";"C01";"2";"7";"0";"2";"4";"1";"1";""
"202400032912";"155723779";"A01";"2";"7";"0";"2";"1";"1";"1";""
"202400032912";"155723780";"B01";"2";"10";"0";"2";"4";"1";"1";""
"202400032913";"155723777";"A01";"2";"7";"1";"0";"2";"14";"1";""
"202400032914";"155723775";"A01";"2";"7";"0";"9";"3";"20";"1";""
"202400032914";"155723776";"B01";"2";"50";"0";"2";"2";"0";"3";""
"202400032915";"155723773";"A01";"1";"7";"0";"9";"2";"1";"1";""
"202400032915";"155723774";"B01";"2";"50";"0";"2";"3";"26";"3";""
"202400032916";"155723771";"A01";"2";"33";"0";"2";"1";"1";"1";""
"202400032916";"155723772";"B01";"1";"7";"0";"9";"1";"15";"1";""
"202400032917";"155723769";"A01";"3";"7";"0";"2";"3";"13";"1";""
"202400032917";"155723770";"B01";"3";"10";"0";"2";"3";"1";"1";""
"202400032918";"155723768";"A01";"3";"7";"0";"1";"1";"1";"1";""
"202400032919";"155723767";"A01";"3";"50";"0";"0";"0";"1";"3";""
"202400032920";"155723765";"A01";"1";"7";"0";"2";"1";"15";"1";""
"202400032920";"155723766";"B01";"1";"33";"0";"2";"2";"1";"1";""
"202400032921";"155723764";"A01";"2";"7";"0";"1";"2";"2";"1";""
"202400032922";"155723762";"A01";"0";"7";"1";"2";"1";"1";"1";""
"202400032922";"155723763";"B01";"0";"7";"0";"2";"4";"20";"1";""
"202400032923";"155723760";"A01";"3";"30";"0";"2";"8";"9";"1";""
"202400032923";"155723761";"B01";"3";"7";"0";"2";"2";"1";"1";""
"202400032924";"155723759";"A01";"2";"7";"0";"1";"5";"26";"2";""
"202400032925";"155723756";"B01";"2";"32";"0";"2";"1";"1";"1";""
"202400032925";"155723758";"A01";"1";"10";"0";"2";"0";"15";"0";""
"202400032926";"155723754";"C01";"1";"7";"0";"2";"3";"0";"1";""
"202400032926";"155723755";"A01";"1";"7";"0";"2";"3";"1";"1";""
"202400032926";"155723757";"B01";"1";"7";"0";"2";"5";"0";"1";""
"202400032927";"155723752";"A01";"3";"50";"0";"1";"1";"2";"3";""
"202400032928";"155723751";"A01";"3";"7";"0";"2";"2";"15";"1";""
"202400032928";"155723753";"B01";"3";"50";"0";"2";"1";"1";"3";""
"202400032929";"155723748";"A01";"1";"50";"0";"2";"1";"3";"3";""
"202400032929";"155723750";"B01";"2";"7";"0";"2";"3";"0";"1";""
"202400032930";"155723744";"E01";"1";"7";"0";"2";"1";"2";"1";""
"202400032930";"155723745";"D01";"1";"7";"0";"2";"1";"2";"1";""
"202400032930";"155723746";"A01";"1";"7";"0";"2";"4";"2";"1";""
"202400032930";"155723747";"B01";"1";"7";"0";"2";"1";"2";"1";""
"202400032930";"155723749";"C01";"1";"7";"0";"2";"1";"2";"1";""
"202400032931";"155723742";"A01";"1";"7";"0";"2";"8";"15";"1";""
"202400032931";"155723743";"B01";"1";"32";"0";"2";"7";"17";"1";""
"202400032932";"155723740";"B01";"3";"7";"1";"2";"3";"1";"1";""
"202400032932";"155723741";"A01";"3";"7";"0";"2";"3";"13";"1";""
"202400032933";"155723738";"A01";"3";"7";"0";"2";"1";"2";"1";""
"202400032933";"155723739";"B01";"3";"10";"0";"2";"4";"2";"1";""
"202400032934";"155723736";"A01";"0";"7";"0";"2";"2";"17";"0";""
"202400032934";"155723737";"B01";"0";"7";"0";"2";"6";"1";"1";""
"202400032935";"155723735";"A01";"1";"7";"0";"1";"2";"1";"1";""
"202400032936";"155723733";"B01";"3";"50";"0";"2";"1";"1";"3";""
"202400032936";"155723734";"A01";"3";"7";"0";"2";"2";"15";"1";""
"202400032937";"155723730";"A01";"0";"10";"0";"2";"1";"1";"1";""
"202400032937";"155723731";"B01";"3";"7";"0";"2";"4";"1";"1";""
"202400032938";"155723729";"A01";"0";"7";"0";"9";"2";"9";"1";""
"202400032938";"155723732";"B01";"0";"1";"0";"2";"8";"1";"5";""
"202400032939";"155723728";"A01";"1";"10";"0";"1";"5";"4";"1";""
"202400032940";"155723726";"A01";"2";"7";"0";"2";"3";"18";"1";""
"202400032940";"155723727";"B01";"2";"7";"0";"2";"7";"1";"1";""
"202400032941";"155723724";"A01";"2";"7";"0";"2";"2";"15";"1";""
"202400032941";"155723725";"B01";"2";"2";"0";"2";"1";"1";"1";""
"202400032942";"155723723";"A01";"3";"7";"0";"0";"3";"26";"1";""
"202400032943";"155723721";"A01";"2";"7";"0";"2";"1";"15";"1";""
"202400032943";"155723722";"B01";"1";"33";"0";"2";"8";"1";"1";""
"202400032944";"155723719";"A01";"1";"7";"0";"2";"2";"16";"1";""
"202400032944";"155723720";"B01";"1";"50";"0";"2";"1";"25";"3";""
"202400032945";"155723716";"A01";"3";"7";"0";"2";"3";"15";"1";""
"202400032945";"155723717";"B01";"3";"33";"0";"2";"1";"17";"1";""
"202400032946";"155723715";"B01";"2";"34";"0";"2";"1";"1";"1";""
"202400032946";"155723718";"A01";"1";"7";"0";"2";"5";"19";"2";""
"202400032947";"155723713";"A01";"2";"32";"14";"0";"1";"17";"1";""
"202400032948";"155723712";"A01";"0";"7";"0";"2";"1";"1";"1";""
"202400032948";"155723714";"B01";"0";"7";"0";"0";"4";"1";"1";""
"202400032949";"155723709";"A01";"3";"10";"0";"1";"4";"20";"1";""
"202400032950";"155723710";"A01";"3";"7";"0";"9";"3";"19";"1";""
"202400032950";"155723711";"B01";"3";"50";"0";"2";"2";"19";"3";""
"202400032951";"155723708";"A01";"1";"80";"0";"0";"1";"1";"3";""
"202400032952";"155723703";"A01";"1";"7";"0";"2";"3";"15";"1";""
"202400032952";"155723705";"B01";"2";"30";"0";"2";"1";"1";"1";""
"202400032953";"155723702";"A01";"1";"7";"0";"2";"6";"3";"1";""
"202400032953";"155723704";"B01";"1";"7";"0";"2";"6";"1";"1";""
"202400032954";"155723698";"A01";"3";"7";"0";"1";"8";"1";"3";""
"202400032955";"155723697";"A01";"1";"7";"0";"2";"1";"0";"2";""
"202400032955";"155723699";"C01";"2";"7";"0";"2";"9";"1";"1";""
"202400032955";"155723700";"D01";"2";"10";"0";"2";"4";"2";"1";""
"202400032955";"155723701";"B01";"2";"7";"0";"2";"1";"1";"1";""
"202400032956";"155723696";"A01";"3";"7";"13";"0";"1";"9";"1";""
"202400032957";"155723694";"A01";"1";"7";"0";"9";"1";"13";"1";""
"202400032957";"155723695";"B01";"2";"50";"0";"2";"1";"1";"3";""
"202400032958";"155723692";"B01";"2";"50";"0";"2";"1";"1";"3";""
"202400032958";"155723693";"A01";"2";"7";"0";"2";"3";"1";"1";""
"202400032959";"155723689";"A01";"3";"7";"2";"0";"8";"0";"1";""
"202400032960";"155723690";"A01";"2";"32";"0";"2";"2";"21";"1";""
"202400032960";"155723691";"B01";"2";"33";"0";"2";"6";"1";"1";""
"202400032961";"155723688";"A01";"1";"10";"0";"1";"1";"1";"1";""
"202400032962";"155723686";"A01";"1";"33";"0";"2";"1";"2";"1";""
"202400032962";"155723687";"B01";"1";"7";"0";"2";"5";"2";"1";""
"202400032963";"155723685";"A01";"3";"34";"0";"0";"0";"0";"1";""
"202400032964";"155723684";"A01";"1";"1";"0";"1";"1";"1";"5";""
"202400032965";"155723683";"A01";"3";"7";"1";"1";"4";"4";"2";""
"202400032966";"155723682";"A01";"2";"1";"0";"1";"1";"1";"5";""
"202400032967";"155723680";"A01";"0";"7";"0";"2";"1";"2";"1";""
"202400032967";"155723681";"B01";"0";"7";"0";"2";"4";"1";"1";""
"202400032968";"155723676";"C01";"1";"1";"0";"2";"7";"3";"5";""
"202400032968";"155723678";"A01";"1";"14";"0";"2";"5";"15";"1";""
"202400032968";"155723679";"B01";"1";"7";"0";"2";"8";"16";"1";""
"202400032969";"155723675";"B01";"1";"50";"0";"2";"1";"19";"3";""
"202400032969";"155723677";"A01";"1";"7";"0";"9";"1";"2";"1";""
"202400032970";"155723673";"B01";"1";"80";"0";"2";"8";"1";"3";""
"202400032970";"155723674";"Z01";"1";"7";"0";"2";"7";"1";"1";""
"202400032971";"155723672";"A01";"1";"7";"0";"1";"1";"15";"2";""
"202400032972";"155723670";"A01";"2";"7";"8";"0";"8";"0";"1";""
"202400032973";"155723669";"Z01";"3";"7";"0";"2";"1";"5";"1";""
"202400032973";"155723671";"A01";"3";"30";"0";"2";"1";"1";"1";""
"202400032974";"155723667";"B01";"1";"33";"0";"2";"1";"1";"1";""
"202400032974";"155723668";"A01";"2";"10";"0";"2";"7";"15";"1";""
"202400032975";"155723666";"A01";"2";"7";"0";"1";"1";"16";"2";""
"202400032976";"155723663";"B01";"0";"7";"0";"2";"2";"26";"1";""
"202400032976";"155723665";"A01";"0";"7";"0";"2";"3";"26";"1";""
"202400032977";"155723662";"A01";"1";"32";"0";"2";"7";"3";"1";""
"202400032977";"155723664";"B01";"1";"7";"0";"2";"1";"15";"1";""
"202400032978";"155723660";"B01";"1";"1";"1";"0";"4";"14";"5";""
"202400032978";"155723661";"A01";"1";"7";"1";"0";"4";"13";"1";""
"202400032979";"155723659";"A01";"1";"80";"0";"0";"8";"21";"3";""
"202400032980";"155723657";"B01";"1";"33";"0";"2";"4";"1";"1";""
"202400032980";"155723658";"A01";"1";"7";"0";"2";"1";"1";"2";""
"202400032981";"155723656";"A01";"1";"7";"0";"1";"3";"1";"1";""
"202400032982";"155723654";"A01";"2";"7";"0";"2";"2";"16";"3";""
"202400032982";"155723655";"B01";"2";"50";"0";"2";"8";"1";"3";""
"202400032983";"155723649";"B01";"2";"2";"0";"2";"8";"1";"1";""
"202400032983";"155723652";"A01";"2";"7";"0";"2";"1";"1";"1";""
"202400032984";"155723650";"A01";"1";"10";"0";"2";"2";"10";"1";""
"202400032984";"155723651";"B01";"1";"34";"0";"2";"3";"1";"1";""
"202400032985";"155723647";"A01";"2";"13";"0";"2";"2";"15";"1";""
"202400032985";"155723648";"B01";"1";"33";"0";"2";"1";"1";"1";""
"202400032986";"155723646";"A01";"1";"1";"0";"1";"1";"5";"5";""
"202400032987";"155723643";"A01";"2";"7";"0";"2";"6";"1";"1";""
"202400032987";"155723645";"B01";"2";"10";"0";"2";"2";"2";"1";""
"202400032988";"155723642";"A01";"1";"7";"0";"2";"3";"15";"1";""
"202400032988";"155723644";"B01";"2";"1";"0";"2";"1";"1";"5";""
"202400032989";"155723640";"A01";"1";"1";"0";"1";"1";"1";"5";""
"202400032990";"155723639";"B01";"1";"7";"0";"2";"3";"15";"1";""
"202400032990";"155723641";"A01";"2";"1";"0";"2";"1";"17";"5";""
"202400032991";"155723637";"A01";"2";"33";"0";"2";"3";"1";"1";""
"202400032991";"155723638";"B01";"2";"7";"0";"2";"2";"12";"1";""
"202400032992";"155723635";"A01";"1";"7";"0";"2";"2";"15";"2";""
"202400032992";"155723636";"B01";"1";"2";"0";"2";"1";"1";"1";""
"202400032993";"155723633";"A01";"2";"34";"0";"2";"2";"3";"1";""
"202400032993";"155723634";"B01";"2";"7";"0";"2";"3";"1";"2";""
"202400032994";"155723631";"B01";"2";"10";"0";"2";"4";"16";"1";""
"202400032994";"155723632";"A01";"2";"1";"0";"2";"1";"1";"5";""
"202400032995";"155723628";"A01";"2";"10";"0";"2";"8";"24";"1";""
"202400032995";"155723630";"B01";"2";"60";"1";"0";"1";"14";"5";""
"202400032996";"155723627";"A01";"1";"7";"0";"2";"2";"10";"1";""
"202400032996";"155723629";"B01";"1";"32";"0";"2";"3";"1";"1";""
"202400032997";"155723626";"A01";"2";"2";"12";"0";"1";"1";"3";""
"202400032998";"155723624";"A01";"2";"33";"0";"2";"7";"17";"1";""
"202400032998";"155723625";"B01";"0";"7";"0";"2";"3";"15";"1";""
"202400032999";"155723623";"A01";"2";"7";"8";"1";"3";"13";"2";""
"202400033000";"155723621";"B01";"1";"50";"0";"2";"1";"1";"3";""
"202400033000";"155723622";"A01";"1";"7";"0";"9";"1";"1";"1";""
"202400033001";"155723618";"B01";"2";"50";"0";"0";"1";"25";"3";""
"202400033001";"155723620";"A01";"1";"7";"0";"9";"3";"1";"1";""
"202400033002";"155723619";"A01";"1";"33";"0";"1";"3";"1";"1";""
"202400033003";"155723616";"A01";"1";"7";"0";"0";"4";"1";"1";""
"202400033003";"155723617";"B01";"1";"34";"0";"0";"0";"0";"1";""
"202400033004";"155723614";"Z01";"1";"7";"0";"1";"1";"1";"1";""
"202400033005";"155723611";"A01";"2";"7";"0";"2";"1";"1";"1";""
"202400033005";"155723612";"B01";"1";"7";"0";"2";"2";"15";"1";""
"202400033006";"155723613";"A01";"1";"7";"0";"9";"1";"1";"1";""
"202400033006";"155723615";"B01";"1";"1";"0";"2";"8";"1";"5";""
"202400033007";"155723610";"A01";"1";"7";"0";"1";"3";"1";"2";""
"202400033008";"155723609";"A01";"2";"7";"0";"1";"2";"16";"1";""
"202400033009";"155723607";"B01";"2";"50";"0";"2";"8";"26";"3";""
"202400033009";"155723608";"A01";"2";"7";"0";"2";"1";"11";"1";""
"202400033010";"155723605";"A01";"3";"7";"0";"2";"1";"5";"0";""
"202400033010";"155723606";"B01";"2";"7";"0";"2";"1";"1";"0";""
"202400033011";"155723603";"A01";"1";"33";"0";"2";"7";"1";"1";""
"202400033011";"155723604";"B01";"1";"7";"0";"2";"3";"11";"3";""
"202400033012";"155723601";"A01";"2";"7";"0";"2";"3";"13";"1";""
"202400033012";"155723602";"B01";"1";"7";"0";"2";"3";"1";"1";""
"202400033013";"155723599";"B01";"2";"2";"0";"2";"1";"5";"0";""
"202400033013";"155723600";"A01";"0";"7";"0";"2";"3";"2";"0";""
"202400033014";"155723598";"A01";"3";"30";"0";"1";"1";"1";"1";""
"202400033015";"155723597";"A01";"3";"7";"0";"1";"1";"1";"1";""
"202400033016";"155723596";"A01";"2";"7";"9";"0";"1";"16";"1";""
"202400033017";"155723595";"A01";"2";"7";"0";"1";"2";"21";"1";""
"202400033018";"155723593";"A01";"2";"7";"0";"1";"5";"2";"1";""
"202400033018";"155723594";"B01";"2";"7";"0";"2";"1";"1";"1";""
"202400033019";"155723592";"A01";"2";"30";"0";"0";"8";"1";"1";""
"202400033020";"155723591";"A01";"3";"7";"1";"0";"3";"1";"1";""
"202400033021";"155723589";"A01";"2";"7";"0";"2";"8";"15";"1";""
"202400033021";"155723590";"B01";"2";"33";"0";"2";"1";"1";"1";""
"202400033022";"155723587";"A01";"2";"7";"0";"0";"0";"0";"1";""
"202400033022";"155723588";"B01";"2";"7";"9";"2";"1";"0";"1";""
"202400033023";"155723585";"B01";"1";"33";"0";"2";"1";"1";"1";""
"202400033023";"155723586";"A01";"2";"7";"0";"2";"5";"15";"1";""
"202400033024";"155723584";"A01";"3";"10";"1";"0";"1";"21";"1";""
"202400033025";"155723583";"A01";"2";"43";"0";"1";"1";"1";"1";""
"202400033026";"155723581";"A01";"2";"34";"0";"2";"2";"15";"1";""
"202400033026";"155723582";"B01";"2";"30";"0";"2";"3";"1";"1";""
"202400033027";"155723579";"B01";"3";"32";"0";"2";"7";"1";"1";""
"202400033027";"155723580";"A01";"3";"7";"0";"2";"8";"10";"1";""
"202400033028";"155723577";"B01";"1";"7";"0";"2";"8";"1";"1";""
"202400033028";"155723578";"A01";"2";"7";"0";"2";"3";"19";"1";""
"202400033029";"155723576";"A01";"3";"33";"15";"0";"7";"14";"1";""
"202400033030";"155723575";"A01";"1";"7";"15";"0";"1";"1";"1";""
"202400033031";"155723572";"A01";"1";"7";"3";"6";"1";"1";"1";""
"202400033031";"155723573";"B01";"1";"7";"3";"2";"5";"23";"2";""
"202400033031";"155723574";"C01";"1";"7";"1";"0";"3";"2";"1";""
"202400033032";"155723570";"B01";"2";"7";"0";"2";"3";"0";"1";""
"202400033032";"155723571";"A01";"3";"1";"0";"2";"0";"19";"5";""
"202400033033";"155723569";"A01";"1";"7";"13";"0";"1";"14";"1";""
"202400033034";"155723568";"A01";"1";"7";"2";"0";"7";"0";"1";""
"202400033035";"155723566";"A01";"1";"7";"13";"2";"8";"13";"1";""
"202400033035";"155723567";"B01";"2";"7";"13";"2";"8";"13";"1";""
"202400033036";"155723565";"A01";"1";"1";"0";"0";"8";"11";"5";""
"202400033037";"155723563";"A01";"2";"10";"0";"2";"1";"9";"1";""
"202400033037";"155723564";"B01";"2";"1";"0";"2";"7";"15";"5";""
"202400033038";"155723561";"B01";"2";"80";"0";"2";"1";"1";"3";""
"202400033038";"155723562";"A01";"2";"7";"0";"2";"2";"19";"1";""
"202400033039";"155723560";"A01";"1";"31";"0";"0";"8";"1";"1";""
"202400033040";"155723559";"A01";"1";"7";"13";"0";"7";"14";"1";""
"202400033041";"155723557";"A01";"0";"2";"0";"2";"1";"13";"1";""
"202400033041";"155723558";"B01";"0";"10";"0";"2";"1";"1";"1";""
"202400033042";"155723555";"A01";"1";"7";"0";"2";"1";"1";"1";""
"202400033042";"155723556";"B01";"2";"7";"0";"2";"1";"13";"1";""
"202400033043";"155723554";"A01";"1";"7";"8";"0";"3";"1";"1";""
"202400033044";"155723553";"A01";"1";"7";"0";"0";"1";"1";"1";""
"202400033045";"155723551";"A01";"1";"7";"0";"2";"1";"13";"1";""
"202400033045";"155723552";"B01";"2";"7";"0";"2";"1";"1";"1";""
"202400033046";"155723549";"A01";"1";"7";"0";"2";"1";"0";"1";""
"202400033046";"155723550";"B01";"2";"7";"0";"2";"1";"0";"1";""
"202400033047";"155723547";"A01";"1";"7";"0";"2";"1";"1";"1";""
"202400033047";"155723548";"B01";"2";"7";"0";"2";"1";"5";"1";""
"202400033048";"155723546";"A01";"2";"7";"2";"0";"1";"1";"1";""
"202400033049";"155723544";"A01";"1";"2";"0";"2";"1";"0";"1";""
"202400033049";"155723545";"B01";"2";"7";"6";"2";"3";"1";"1";""
"202400033050";"155723542";"B01";"2";"17";"0";"0";"6";"1";"1";""
"202400033050";"155723543";"A01";"2";"7";"0";"2";"2";"1";"1";""
"202400033051";"155723541";"A01";"2";"7";"6";"0";"2";"1";"1";""
"202400033052";"155723539";"A01";"1";"7";"0";"2";"1";"2";"1";""
"202400033052";"155723540";"B01";"1";"7";"0";"0";"4";"1";"1";""
"202400033053";"155723537";"A01";"1";"7";"0";"2";"7";"13";"1";""
"202400033053";"155723538";"B01";"1";"7";"0";"2";"1";"1";"1";""
"202400033054";"155723535";"A01";"3";"7";"0";"2";"4";"23";"1";""
"202400033054";"155723536";"B01";"0";"10";"0";"2";"1";"2";"1";""
"202400033055";"155723533";"A01";"3";"34";"0";"2";"7";"5";"1";""
"202400033055";"155723534";"B01";"0";"7";"0";"2";"3";"9";"1";""
"202400033056";"155723531";"A01";"2";"7";"0";"2";"7";"1";"1";""
"202400033056";"155723532";"B01";"1";"7";"0";"2";"1";"1";"1";""
"202400033057";"155723529";"B01";"2";"7";"0";"2";"1";"1";"1";""
"202400033057";"155723530";"A01";"1";"7";"0";"2";"1";"17";"1";""
"202400033058";"155723528";"A01";"2";"2";"0";"0";"0";"1";"0";""
"202400033059";"155723526";"B01";"3";"7";"0";"2";"6";"5";"1";""
"202400033059";"155723527";"A01";"3";"43";"0";"2";"3";"1";"1";""
"202400033060";"155723525";"A01";"1";"7";"13";"0";"3";"2";"1";""
"202400033061";"155723524";"A01";"1";"7";"8";"0";"1";"1";"1";""
"202400033062";"155723523";"A01";"0";"7";"15";"0";"1";"5";"1";""
"202400033063";"155723521";"B01";"1";"7";"0";"2";"3";"13";"1";""
"202400033063";"155723522";"A01";"2";"7";"0";"2";"3";"1";"1";""
"202400033064";"155723520";"A01";"1";"33";"3";"0";"2";"1";"1";""
"202400033065";"155723519";"A01";"1";"7";"2";"0";"1";"13";"1";""
"202400033066";"155723517";"B01";"0";"30";"0";"2";"1";"1";"1";""
"202400033066";"155723518";"A01";"3";"7";"0";"2";"7";"19";"1";""
"202400033067";"155723514";"A01";"2";"7";"3";"2";"0";"5";"1";""
"202400033067";"155723515";"C01";"1";"7";"0";"2";"3";"1";"1";""
"202400033067";"155723516";"B01";"1";"7";"0";"2";"3";"17";"3";""
"202400033068";"155723513";"A01";"2";"7";"4";"0";"1";"1";"1";""
"202400033069";"155723510";"A01";"2";"7";"0";"2";"1";"2";"1";""
"202400033069";"155723511";"B01";"2";"10";"0";"2";"7";"2";"1";""
"202400033069";"155723512";"C01";"2";"33";"0";"2";"1";"1";"1";""
"202400033070";"155723508";"A01";"2";"33";"0";"2";"0";"26";"1";""
"202400033070";"155723509";"B01";"2";"7";"3";"0";"4";"0";"1";""
"202400033071";"155723505";"C01";"1";"7";"0";"2";"1";"2";"3";""
"202400033071";"155723506";"B01";"1";"7";"0";"2";"4";"2";"1";""
"202400033071";"155723507";"A01";"1";"7";"0";"2";"1";"2";"2";""
"202400033072";"155723502";"C01";"1";"7";"0";"2";"6";"1";"2";""
"202400033072";"155723503";"A01";"1";"7";"0";"2";"2";"17";"1";""
"202400033072";"155723504";"B01";"1";"7";"0";"2";"6";"1";"1";""
"202400033073";"155723501";"A01";"2";"7";"0";"2";"1";"2";"1";""
"202400033074";"155723499";"B01";"1";"7";"0";"2";"2";"1";"1";""
"202400033074";"155723500";"A01";"1";"34";"0";"2";"1";"3";"1";""
"202400033075";"155723496";"A01";"2";"7";"0";"2";"3";"2";"1";""
"202400033075";"155723497";"C01";"2";"7";"0";"2";"4";"2";"1";""