"Num_Acc";"id_vehicule";"num_veh";"senc";"catv";"obs";"obsm";"choc";"manv";"motor";"occutc"
"202400033075";"155723498";"B01";"2";"7";"0";"2";"4";"2";"2";""
"202400033076";"155723495";"A01";"1";"7";"3";"0";"1";"26";"1";""
"202400033077";"155723493";"A01";"3";"10";"0";"2";"2";"19";"1";""
"202400033077";"155723494";"B01";"1";"10";"0";"0";"7";"1";"1";""
"202400033078";"155723491";"B01";"1";"7";"7";"0";"1";"0";"1";""
"202400033078";"155723492";"A01";"2";"7";"0";"0";"0";"1";"1";""
"202400033079";"155723488";"A01";"1";"37";"0";"0";"0";"14";"1";"51"
"202400033080";"155723486";"A01";"2";"7";"0";"2";"1";"17";"1";""
"202400033080";"155723487";"B01";"2";"7";"0";"0";"8";"23";"1";""
"202400033081";"155723484";"A01";"1";"7";"0";"2";"1";"5";"1";""
"202400033081";"155723485";"B01";"1";"7";"0";"2";"3";"1";"1";""
"202400033082";"155723482";"B01";"2";"33";"0";"2";"1";"18";"1";""
"202400033082";"155723483";"A01";"2";"10";"0";"2";"2";"16";"1";""
"202400033083";"155723480";"A01";"3";"10";"0";"2";"3";"1";"1";""
"202400033083";"155723481";"B01";"3";"33";"0";"2";"3";"1";"1";""
"202400033084";"155723478";"A01";"2";"7";"0";"2";"1";"0";"1";""
"202400033084";"155723479";"B01";"1";"7";"0";"2";"1";"1";"1";""
"202400033085";"155723477";"A01";"2";"7";"8";"0";"1";"0";"1";""
"202400033086";"155723475";"B01";"2";"7";"0";"2";"5";"19";"1";""
"202400033086";"155723476";"A01";"1";"33";"0";"2";"1";"1";"1";""
"202400033087";"155723472";"B01";"2";"7";"0";"2";"1";"17";"1";""
"202400033087";"155723473";"A01";"1";"7";"0";"2";"1";"21";"1";""
"202400033088";"155723470";"A01";"0";"33";"0";"2";"3";"0";"1";""
"202400033088";"155723471";"B01";"1";"7";"0";"2";"3";"0";"2";""
"202400033089";"155723469";"A01";"1";"7";"16";"0";"9";"0";"1";""
"202400033090";"155723467";"B01";"1";"2";"0";"0";"3";"1";"1";""
"202400033090";"155723468";"A01";"2";"7";"0";"0";"3";"15";"1";""
"202400033091";"155723466";"A01";"2";"33";"3";"0";"0";"16";"1";""
"202400033092";"155723465";"A01";"1";"33";"13";"0";"1";"0";"1";""
"202400033093";"155723463";"A01";"1";"7";"0";"2";"3";"1";"1";""
"202400033093";"155723464";"B01";"2";"7";"0";"2";"3";"13";"1";""
"202400033094";"155723462";"A01";"2";"31";"0";"0";"3";"1";"1";""
"202400033095";"155723460";"A01";"1";"7";"0";"2";"3";"13";"1";""
"202400033095";"155723461";"B01";"2";"7";"0";"2";"1";"1";"1";""
"202400033096";"155723459";"A01";"1";"7";"6";"0";"2";"2";"1";""
"202400033097";"155723458";"A01";"2";"1";"12";"0";"0";"1";"5";""
"202400033098";"155723457";"A01";"1";"2";"0";"6";"1";"0";"1";""
"202400033099";"155723456";"A01";"0";"7";"0";"0";"1";"1";"1";""
"202400033100";"155723455";"A01";"1";"7";"3";"0";"3";"1";"2";""
"202400033101";"155723453";"A01";"2";"7";"0";"2";"8";"10";"1";""
"202400033101";"155723454";"B01";"2";"14";"0";"2";"2";"2";"1";""
"202400033102";"155723452";"A01";"3";"32";"17";"0";"1";"13";"1";""
"202400033103";"155723451";"A01";"1";"7";"2";"0";"7";"1";"1";""
"202400033104";"155723449";"A01";"1";"7";"5";"0";"1";"0";"1";""
"202400033105";"155723445";"B01";"2";"7";"0";"2";"4";"1";"1";""
"202400033105";"155723447";"A01";"2";"7";"0";"2";"2";"2";"1";""
"202400033106";"155723444";"A01";"1";"7";"0";"2";"3";"16";"3";""
"202400033106";"155723446";"B01";"1";"33";"0";"2";"1";"21";"1";""
"202400033107";"155723441";"A01";"3";"30";"0";"0";"0";"0";"1";""
"202400033107";"155723442";"Z01";"3";"0";"0";"2";"1";"0";"0";""
"202400033108";"155723439";"A01";"1";"7";"0";"9";"2";"1";"1";""
"202400033108";"155723440";"B01";"0";"1";"0";"2";"0";"15";"5";""
"202400033109";"155723437";"A01";"2";"33";"16";"0";"3";"1";"1";""
"202400033110";"155723436";"A01";"0";"7";"0";"2";"2";"15";"1";""
"202400033110";"155723438";"B01";"0";"30";"0";"2";"1";"1";"1";""
"202400033111";"155723434";"A01";"1";"7";"0";"2";"2";"1";"1";""
"202400033111";"155723435";"B01";"2";"33";"0";"2";"2";"5";"1";""
"202400033112";"155723433";"A01";"1";"0";"0";"1";"0";"0";"0";""
"202400033113";"155723432";"A01";"2";"7";"15";"0";"1";"2";"1";""
"202400033114";"155723430";"A01";"3";"7";"0";"2";"1";"1";"1";""
"202400033114";"155723431";"B01";"0";"2";"0";"2";"1";"1";"1";""
"202400033115";"155723427";"A01";"3";"50";"0";"1";"1";"25";"3";""
"202400033116";"155723428";"A01";"1";"7";"0";"2";"2";"15";"1";""
"202400033116";"155723429";"B01";"2";"32";"0";"2";"1";"0";"3";""
"202400033117";"155723426";"A01";"2";"7";"0";"0";"9";"1";"1";""
"202400033118";"155723425";"A01";"2";"32";"0";"1";"1";"1";"1";""
"202400033119";"155723423";"A01";"2";"7";"0";"2";"3";"13";"1";""
"202400033119";"155723424";"B01";"1";"7";"0";"2";"3";"1";"1";""
"202400033120";"155723420";"A01";"1";"7";"0";"2";"8";"26";"1";""
"202400033120";"155723422";"B01";"1";"32";"0";"2";"1";"26";"1";""
"202400033121";"155723416";"A01";"1";"7";"13";"2";"7";"13";"1";""
"202400033121";"155723417";"B01";"2";"7";"0";"2";"1";"1";"1";""
"202400033122";"155723415";"A01";"1";"7";"0";"9";"2";"16";"1";""
"202400033122";"155723418";"B01";"1";"50";"14";"2";"1";"25";"3";""
"202400033123";"155723412";"A01";"1";"10";"0";"2";"1";"15";"1";""
"202400033123";"155723414";"B01";"1";"1";"0";"2";"7";"1";"5";""
"202400033124";"155723410";"A01";"2";"7";"0";"2";"1";"15";"1";""
"202400033124";"155723411";"B01";"1";"33";"0";"2";"8";"1";"1";""
"202400033124";"155723413";"C01";"1";"33";"0";"2";"7";"1";"1";""
"202400033125";"155723407";"B01";"0";"33";"0";"2";"1";"1";"1";""
"202400033125";"155723409";"A01";"0";"7";"0";"2";"2";"11";"1";""
"202400033126";"155723406";"A01";"1";"7";"0";"2";"2";"12";"1";""
"202400033126";"155723408";"B01";"1";"33";"0";"2";"3";"3";"1";""
"202400033127";"155723402";"A01";"1";"31";"0";"2";"6";"3";"1";""
"202400033127";"155723404";"C01";"1";"7";"0";"2";"6";"1";"1";""
"202400033127";"155723405";"B01";"1";"31";"0";"2";"5";"3";"3";""
"202400033128";"155723401";"A01";"0";"7";"0";"2";"2";"1";"1";""
"202400033128";"155723403";"B01";"0";"7";"8";"2";"3";"19";"1";""
"202400033129";"155723397";"C01";"2";"7";"0";"2";"7";"2";"1";""
"202400033129";"155723399";"B01";"2";"7";"0";"2";"6";"23";"1";""
"202400033129";"155723400";"A01";"2";"7";"0";"2";"1";"2";"2";""
"202400033130";"155723396";"A01";"1";"7";"7";"0";"1";"1";"1";""
"202400033131";"155723395";"A01";"1";"7";"14";"0";"3";"2";"2";""
"202400033132";"155723394";"A01";"1";"3";"1";"0";"1";"14";"1";""
"202400033133";"155723391";"A01";"1";"31";"0";"2";"1";"21";"1";""
"202400033133";"155723392";"B01";"1";"7";"0";"2";"6";"1";"2";""
"202400033134";"155723390";"A01";"2";"7";"0";"2";"1";"2";"1";""
"202400033134";"155723393";"B01";"2";"7";"0";"2";"4";"1";"1";""
"202400033135";"155723388";"A01";"2";"7";"0";"1";"5";"1";"1";""
"202400033136";"155723386";"A01";"2";"7";"0";"2";"1";"1";"1";""
"202400033136";"155723387";"C01";"2";"10";"0";"2";"4";"2";"1";""
"202400033136";"155723389";"B01";"2";"7";"0";"2";"4";"2";"1";""
"202400033137";"155723384";"A01";"1";"7";"4";"0";"9";"17";"1";""
"202400033138";"155723383";"A01";"3";"2";"0";"2";"3";"2";"1";""
"202400033138";"155723385";"B01";"3";"10";"0";"2";"2";"18";"1";""
"202400033139";"155723378";"B01";"2";"10";"0";"2";"3";"9";"1";""
"202400033139";"155723380";"A01";"2";"31";"0";"2";"2";"1";"1";""
"202400033140";"155723377";"A01";"2";"7";"0";"2";"1";"1";"1";""
"202400033140";"155723379";"B01";"2";"10";"0";"2";"4";"2";"1";""
"202400033140";"155723381";"C01";"2";"7";"0";"2";"4";"2";"1";""
"202400033140";"155723382";"D01";"2";"7";"0";"2";"4";"2";"1";""
"202400033141";"155723376";"A01";"1";"2";"0";"1";"1";"1";"1";""
"202400033142";"155723372";"A01";"1";"7";"0";"2";"3";"5";"1";""
"202400033142";"155723374";"B01";"2";"7";"0";"2";"3";"1";"2";""
"202400033143";"155723373";"A01";"2";"7";"0";"2";"4";"2";"1";""
"202400033143";"155723375";"B01";"2";"7";"0";"2";"1";"2";"1";""
"202400033144";"155723370";"A01";"3";"7";"8";"0";"1";"0";"1";""
"202400033145";"155723371";"A01";"2";"50";"0";"0";"0";"0";"3";""
"202400033146";"155723368";"A01";"2";"33";"0";"2";"2";"3";"1";""
"202400033146";"155723369";"B01";"2";"7";"0";"2";"6";"11";"1";""
"202400033147";"155723365";"A01";"1";"7";"0";"2";"3";"13";"1";""
"202400033147";"155723366";"B01";"2";"7";"0";"2";"3";"1";"2";""
"202400033148";"155723364";"A01";"1";"7";"0";"2";"2";"1";"1";""
"202400033148";"155723367";"B01";"2";"32";"0";"2";"3";"0";"1";""
"202400033149";"155723362";"A01";"1";"7";"0";"2";"1";"1";"1";""
"202400033149";"155723363";"B01";"1";"14";"0";"2";"4";"1";"1";""
"202400033150";"155723359";"A01";"2";"15";"3";"2";"1";"2";"1";""
"202400033150";"155723361";"B01";"2";"17";"0";"0";"5";"2";"1";""
"202400033151";"155723360";"A01";"2";"7";"0";"1";"3";"1";"2";""
"202400033152";"155723357";"A01";"3";"14";"0";"9";"2";"1";"0";""
"202400033152";"155723358";"B01";"3";"1";"15";"2";"4";"25";"5";""
"202400033153";"155723356";"A01";"1";"7";"0";"1";"1";"15";"1";""
"202400033154";"155723355";"A01";"2";"33";"1";"1";"1";"1";"1";""
"202400033155";"155723353";"A01";"3";"7";"0";"2";"1";"15";"1";""
"202400033155";"155723354";"B01";"0";"50";"0";"2";"1";"1";"3";""
"202400033156";"155723352";"A01";"0";"7";"0";"1";"4";"20";"1";""
"202400033157";"155723351";"A01";"2";"7";"0";"0";"8";"13";"1";""
"202400033158";"155723346";"C01";"2";"10";"0";"2";"1";"2";"1";""
"202400033158";"155723347";"A01";"2";"7";"0";"2";"4";"23";"1";""
"202400033158";"155723349";"B01";"2";"7";"0";"2";"6";"23";"1";""
"202400033159";"155723345";"A01";"3";"10";"0";"1";"1";"1";"1";""
"202400033160";"155723344";"B01";"2";"7";"0";"1";"4";"23";"2";""
"202400033160";"155723348";"C01";"2";"7";"0";"2";"4";"2";"1";""
"202400033160";"155723350";"A01";"2";"99";"0";"2";"1";"2";"2";""
"202400033161";"155723341";"A01";"1";"10";"0";"2";"1";"2";"1";""
"202400033161";"155723343";"B01";"1";"7";"0";"2";"4";"1";"1";""
"202400033162";"155723339";"A01";"3";"10";"0";"2";"3";"15";"1";""
"202400033162";"155723342";"B01";"3";"33";"0";"2";"2";"1";"1";""
"202400033163";"155723336";"A01";"1";"30";"0";"0";"0";"14";"1";""
"202400033164";"155723335";"A01";"1";"32";"0";"2";"3";"3";"1";""
"202400033164";"155723337";"B01";"1";"7";"0";"2";"5";"1";"2";""
"202400033165";"155723338";"A01";"2";"7";"0";"2";"2";"1";"1";""
"202400033165";"155723340";"B01";"2";"1";"0";"2";"1";"1";"5";""
"202400033166";"155723332";"A01";"1";"30";"0";"9";"1";"9";"1";""
"202400033167";"155723329";"B01";"2";"7";"0";"2";"1";"1";"1";""
"202400033167";"155723333";"A01";"3";"7";"1";"2";"2";"1";"1";""
"202400033168";"155723327";"A01";"2";"10";"0";"2";"4";"20";"3";""
"202400033168";"155723330";"B01";"2";"1";"0";"2";"1";"1";"5";""
"202400033169";"155723326";"C01";"2";"7";"0";"2";"4";"26";"1";""
"202400033169";"155723331";"A01";"2";"7";"0";"2";"1";"2";"1";""
"202400033169";"155723334";"B01";"2";"7";"0";"2";"7";"2";"1";""
"202400033170";"155723325";"A01";"1";"7";"0";"2";"5";"15";"1";""
"202400033170";"155723328";"B01";"2";"33";"0";"2";"1";"1";"1";""
"202400033171";"155723322";"B01";"2";"7";"0";"2";"4";"1";"1";""
"202400033171";"155723323";"A01";"2";"10";"0";"2";"1";"1";"1";""
"202400033171";"155723324";"C01";"2";"7";"0";"2";"4";"1";"1";""
"202400033172";"155723321";"A01";"1";"80";"12";"0";"7";"14";"3";""
"202400033173";"155723317";"B01";"2";"7";"0";"2";"3";"16";"1";""
"202400033173";"155723319";"A01";"1";"10";"0";"2";"1";"10";"1";""
"202400033174";"155723315";"A01";"2";"7";"0";"2";"1";"2";"1";""
"202400033174";"155723318";"B01";"2";"7";"0";"0";"4";"1";"1";""
"202400033175";"155723314";"A01";"1";"7";"0";"4";"3";"9";"0";""
"202400033175";"155723320";"B01";"2";"40";"0";"2";"1";"0";"3";""
"202400033176";"155723313";"B01";"2";"7";"0";"2";"0";"0";"2";""
"202400033176";"155723316";"A01";"2";"33";"0";"2";"3";"3";"1";""
"202400033177";"155723312";"A01";"1";"7";"0";"1";"1";"16";"1";""
"202400033178";"155723310";"A01";"1";"7";"0";"0";"0";"9";"2";""
"202400033179";"155723309";"B01";"1";"7";"0";"2";"6";"23";"1";""
"202400033179";"155723311";"A01";"1";"7";"0";"2";"2";"1";"1";""
"202400033180";"155723308";"A01";"3";"1";"12";"0";"0";"2";"5";""
"202400033181";"155723307";"A01";"1";"7";"1";"0";"1";"21";"1";""
"202400033182";"155723303";"A01";"2";"7";"0";"2";"3";"13";"1";""
"202400033182";"155723306";"B01";"1";"7";"0";"2";"8";"1";"1";""
"202400033183";"155723304";"A01";"2";"80";"9";"0";"1";"1";"3";""
"202400033184";"155723302";"B01";"2";"7";"0";"2";"6";"1";"1";""
"202400033184";"155723305";"A01";"2";"14";"0";"2";"2";"12";"1";""
"202400033185";"155723301";"A01";"2";"7";"0";"1";"1";"15";"1";""
"202400033186";"155723295";"A01";"0";"1";"0";"0";"0";"25";"5";""
"202400033187";"155723296";"A01";"1";"7";"3";"2";"3";"1";"2";""
"202400033187";"155723298";"B01";"1";"7";"3";"2";"2";"12";"1";""
"202400033188";"155723294";"A01";"1";"7";"0";"2";"3";"13";"1";""
"202400033188";"155723299";"B01";"2";"38";"0";"2";"3";"14";"1";"2"
"202400033189";"155723297";"A01";"1";"7";"0";"2";"8";"13";"6";""
"202400033189";"155723300";"B01";"1";"30";"0";"2";"2";"1";"0";""
"202400033190";"155723292";"A01";"2";"7";"4";"0";"2";"1";"1";""
"202400033191";"155723289";"A01";"1";"10";"0";"2";"3";"1";"1";""
"202400033191";"155723293";"B01";"1";"7";"0";"2";"3";"15";"1";""
"202400033192";"155723288";"A01";"1";"7";"0";"2";"2";"15";"1";""
"202400033192";"155723291";"B01";"2";"2";"0";"2";"1";"1";"1";""
"202400033193";"155723290";"A01";"2";"7";"0";"1";"2";"16";"1";""
"202400033194";"155723286";"B01";"2";"7";"1";"0";"1";"2";"1";""
"202400033194";"155723287";"A01";"2";"14";"0";"2";"4";"23";"1";""
"202400033195";"155723282";"A01";"2";"7";"0";"2";"2";"15";"1";""
"202400033195";"155723285";"B01";"1";"32";"0";"2";"1";"1";"1";""
"202400033196";"155723279";"A01";"1";"10";"2";"1";"2";"1";"1";""
"202400033197";"155723280";"B01";"1";"10";"0";"2";"7";"13";"1";""
"202400033197";"155723283";"A01";"2";"31";"0";"2";"3";"10";"1";""
"202400033198";"155723281";"A01";"1";"7";"0";"2";"2";"15";"1";""
"202400033198";"155723284";"B01";"1";"30";"0";"2";"1";"1";"1";""
"202400033199";"155723277";"A01";"1";"7";"0";"2";"1";"0";"1";""
"202400033199";"155723278";"B01";"1";"7";"0";"2";"4";"2";"1";""
"202400033200";"155723276";"A01";"2";"7";"3";"0";"1";"26";"1";""
"202400033201";"155723275";"A01";"3";"7";"1";"1";"3";"1";"1";""
"202400033202";"155723273";"A01";"3";"7";"8";"0";"1";"1";"1";""
"202400033203";"155723274";"A01";"1";"7";"0";"1";"1";"1";"0";""
"202400033204";"155723268";"A01";"1";"7";"15";"2";"2";"12";"1";""
"202400033204";"155723272";"B01";"1";"7";"15";"2";"3";"1";"1";""
"202400033205";"155723269";"A01";"1";"7";"0";"2";"7";"1";"1";""
"202400033205";"155723271";"B01";"1";"7";"0";"2";"1";"24";"1";""
"202400033206";"155723267";"B01";"1";"99";"1";"0";"0";"0";"0";""
"202400033206";"155723270";"A01";"1";"99";"0";"9";"1";"16";"6";""
"202400033207";"155723261";"B01";"0";"31";"0";"0";"0";"0";"1";""
"202400033207";"155723263";"A01";"1";"7";"0";"2";"5";"15";"2";""
"202400033208";"155723259";"A01";"2";"38";"0";"2";"3";"26";"1";"1"
"202400033208";"155723264";"B01";"2";"7";"0";"2";"4";"1";"1";""
"202400033209";"155723260";"B01";"1";"7";"0";"2";"1";"0";"1";""
"202400033209";"155723262";"A01";"1";"31";"0";"2";"7";"0";"3";""
"202400033210";"155723257";"B01";"3";"7";"0";"2";"2";"15";"1";""
"202400033210";"155723258";"A01";"3";"32";"0";"2";"1";"2";"3";""
"202400033211";"155723255";"A01";"1";"7";"0";"1";"2";"1";"1";""
"202400033212";"155723254";"A01";"1";"7";"0";"2";"4";"26";"0";""
"202400033212";"155723256";"B01";"1";"1";"0";"2";"4";"26";"5";""
"202400033213";"155723253";"A01";"3";"7";"0";"1";"1";"1";"1";""
"202400033214";"155723252";"A01";"3";"7";"0";"1";"1";"15";"1";""
"202400033215";"155723248";"A01";"2";"33";"12";"0";"1";"1";"0";""
"202400033216";"155723247";"A01";"2";"33";"0";"2";"0";"17";"1";""
"202400033216";"155723250";"B01";"2";"7";"0";"2";"3";"15";"2";""
"202400033217";"155723246";"B01";"1";"7";"0";"2";"1";"15";"1";""
"202400033217";"155723249";"A01";"2";"7";"0";"2";"1";"8";"1";""
"202400033217";"155723251";"C01";"2";"7";"0";"2";"5";"1";"1";""
"202400033218";"155723244";"B01";"1";"7";"0";"0";"6";"23";"1";""
"202400033218";"155723245";"A01";"1";"34";"14";"0";"1";"17";"1";""
"202400033219";"155723242";"A01";"2";"7";"0";"1";"3";"1";"1";""
"202400033220";"155723241";"A01";"1";"7";"0";"2";"3";"13";"1";""
"202400033220";"155723243";"B01";"2";"10";"0";"2";"3";"1";"1";""
"202400033221";"155723238";"B01";"3";"7";"6";"2";"8";"1";"1";""
"202400033221";"155723240";"A01";"3";"7";"0";"2";"1";"1";"1";""
"202400033222";"155723237";"A01";"2";"10";"0";"1";"2";"19";"1";""
"202400033223";"155723235";"A01";"2";"7";"0";"2";"1";"1";"2";""
"202400033223";"155723239";"B01";"3";"37";"0";"2";"3";"1";"1";"2"
"202400033224";"155723233";"A01";"1";"33";"1";"0";"6";"2";"1";""
"202400033225";"155723234";"B01";"2";"1";"0";"2";"7";"26";"5";""
"202400033225";"155723236";"A01";"2";"7";"0";"2";"1";"9";"1";""
"202400033226";"155723231";"A01";"2";"7";"0";"2";"1";"2";"1";""
"202400033226";"155723232";"B01";"2";"7";"0";"2";"5";"2";"1";""
"202400033227";"155723228";"A01";"3";"7";"4";"0";"1";"15";"1";""
"202400033228";"155723226";"B01";"1";"10";"0";"2";"6";"1";"1";""
"202400033228";"155723230";"A01";"1";"7";"0";"2";"0";"0";"0";""
"202400033229";"155723225";"A01";"1";"7";"0";"2";"1";"2";"1";""
"202400033229";"155723227";"B01";"1";"7";"0";"2";"4";"2";"1";""
"202400033230";"155723224";"A01";"2";"7";"0";"2";"1";"1";"1";""
"202400033230";"155723229";"B01";"3";"50";"0";"0";"0";"0";"3";""
"202400033231";"155723222";"A01";"3";"7";"0";"1";"4";"19";"1";""
"202400033232";"155723220";"A01";"1";"7";"0";"2";"8";"23";"1";""
"202400033232";"155723223";"B01";"1";"50";"0";"2";"7";"2";"3";""
"202400033233";"155723219";"A01";"1";"10";"0";"2";"4";"2";"1";""
"202400033233";"155723221";"B01";"1";"37";"0";"2";"1";"2";"1";"1"
"202400033234";"155723215";"A01";"0";"7";"0";"2";"8";"1";"3";""
"202400033234";"155723217";"B01";"0";"2";"0";"0";"0";"0";"4";""
"202400033235";"155723216";"A01";"1";"7";"0";"2";"1";"13";"1";""
"202400033235";"155723218";"B01";"2";"7";"0";"2";"1";"1";"1";""
"202400033236";"155723213";"B01";"2";"10";"0";"2";"7";"15";"0";""
"202400033236";"155723214";"A01";"1";"33";"0";"2";"1";"1";"1";""
"202400033237";"155723208";"A01";"1";"7";"0";"2";"1";"2";"1";""
"202400033237";"155723211";"B01";"1";"7";"0";"2";"4";"2";"1";""
"202400033237";"155723212";"C01";"1";"7";"0";"2";"4";"2";"1";""
"202400033238";"155723206";"B01";"1";"33";"0";"2";"2";"15";"1";""
"202400033238";"155723210";"A01";"1";"7";"0";"2";"1";"15";"1";""
"202400033239";"155723204";"A01";"1";"7";"0";"2";"2";"15";"1";""
"202400033239";"155723207";"B01";"1";"80";"0";"2";"8";"1";"3";""
"202400033240";"155723203";"C01";"2";"7";"0";"2";"6";"1";"1";""
"202400033240";"155723205";"A01";"2";"34";"0";"2";"1";"18";"1";""
"202400033240";"155723209";"B01";"2";"7";"0";"2";"2";"16";"2";""
"202400033241";"155723201";"A01";"1";"7";"0";"1";"1";"19";"2";""
"202400033242";"155723200";"A01";"1";"7";"0";"2";"2";"0";"1";""
"202400033242";"155723202";"B01";"1";"3";"0";"2";"7";"0";"1";""
"202400033243";"155723197";"A01";"1";"7";"0";"2";"3";"20";"3";""
"202400033243";"155723199";"B01";"1";"50";"0";"2";"1";"2";"3";""
"202400033244";"155723196";"A01";"2";"33";"0";"2";"1";"1";"1";""
"202400033244";"155723198";"B01";"1";"10";"0";"2";"2";"1";"1";""
"202400033245";"155723194";"A01";"3";"7";"0";"1";"1";"15";"1";""
"202400033246";"155723192";"C01";"2";"7";"1";"0";"6";"24";"2";""
"202400033246";"155723193";"A01";"2";"7";"1";"0";"2";"1";"1";""
"202400033246";"155723195";"B01";"2";"7";"1";"0";"0";"1";"0";""
"202400033247";"155723188";"B01";"2";"1";"0";"2";"3";"1";"5";""
"202400033247";"155723191";"A01";"1";"10";"0";"9";"3";"17";"1";""
"202400033248";"155723186";"B01";"1";"30";"14";"2";"1";"1";"0";""
"202400033248";"155723190";"A01";"1";"7";"16";"2";"3";"15";"0";""
"202400033249";"155723185";"A01";"1";"34";"0";"2";"7";"26";"1";""
"202400033250";"155723187";"B01";"1";"33";"0";"2";"1";"1";"1";""
"202400033250";"155723189";"A01";"2";"14";"0";"2";"3";"15";"1";""
"202400033251";"155723182";"A01";"1";"30";"0";"0";"0";"1";"1";""
"202400033252";"155723181";"B01";"1";"7";"0";"2";"4";"1";"0";""
"202400033252";"155723184";"A01";"1";"30";"0";"2";"1";"1";"1";""
"202400033253";"155723180";"B01";"1";"10";"0";"2";"1";"16";"1";""
"202400033253";"155723183";"A01";"1";"33";"8";"2";"8";"18";"1";""
"202400033254";"155723176";"B01";"1";"7";"0";"2";"2";"1";"1";""
"202400033254";"155723179";"A01";"1";"7";"0";"2";"8";"10";"1";""
"202400033255";"155723175";"B01";"2";"2";"0";"2";"4";"1";"1";""
"202400033255";"155723178";"A01";"2";"7";"0";"2";"1";"1";"1";""
"202400033256";"155723173";"B01";"1";"32";"0";"2";"2";"1";"1";""
"202400033256";"155723177";"A01";"1";"7";"1";"2";"3";"9";"1";""
"202400033257";"155723172";"B01";"1";"7";"0";"2";"1";"15";"1";""
"202400033257";"155723174";"A01";"1";"33";"0";"2";"1";"3";"1";""
"202400033258";"155723170";"A01";"0";"7";"0";"1";"2";"1";"1";""
"202400033259";"155723168";"B01";"3";"50";"0";"2";"8";"19";"3";""
"202400033259";"155723171";"A01";"3";"7";"0";"2";"2";"1";"2";""
"202400033260";"155723165";"A01";"0";"33";"0";"2";"3";"26";"0";""
"202400033260";"155723167";"B01";"0";"7";"0";"2";"2";"19";"1";""
"202400033261";"155723166";"B01";"3";"1";"0";"2";"1";"1";"5";""
"202400033261";"155723169";"A01";"3";"7";"0";"2";"2";"15";"1";""
"202400033262";"155723162";"A01";"0";"7";"0";"2";"3";"9";"1";""
"202400033262";"155723164";"B01";"0";"50";"0";"2";"2";"1";"3";""
"202400033263";"155723160";"A01";"1";"33";"3";"0";"8";"1";"1";""
"202400033264";"155723158";"B01";"1";"50";"0";"0";"1";"0";"3";""
"202400033264";"155723161";"A01";"1";"7";"0";"0";"3";"13";"2";""
"202400033265";"155723159";"A01";"1";"7";"0";"2";"2";"15";"1";""
"202400033265";"155723163";"B01";"2";"32";"0";"2";"1";"1";"1";""
"202400033266";"155723154";"B01";"1";"7";"0";"2";"9";"2";"1";""
"202400033266";"155723156";"C01";"1";"7";"0";"2";"4";"2";"1";""
"202400033266";"155723157";"A01";"1";"7";"0";"2";"1";"2";"1";""
"202400033267";"155723152";"A01";"1";"37";"0";"2";"3";"9";"0";"3"
"202400033267";"155723155";"B01";"1";"7";"0";"2";"5";"9";"1";""
"202400033268";"155723150";"A01";"3";"7";"0";"2";"5";"1";"1";""
"202400033268";"155723153";"B01";"2";"2";"0";"2";"1";"1";"1";""
"202400033269";"155723149";"A01";"1";"7";"0";"2";"1";"1";"1";""
"202400033269";"155723151";"B01";"2";"43";"0";"2";"1";"1";"1";""
"202400033270";"155723147";"A01";"2";"7";"0";"1";"1";"1";"1";""
"202400033271";"155723146";"A01";"1";"7";"0";"2";"1";"1";"1";""
"202400033271";"155723148";"B01";"1";"7";"0";"0";"7";"10";"1";""
"202400033272";"155723144";"A01";"1";"7";"0";"2";"2";"15";"1";""
"202400033272";"155723145";"B01";"2";"50";"0";"2";"3";"25";"3";""
"202400033273";"155723143";"A01";"2";"7";"0";"1";"3";"15";"1";""
"202400033274";"155723140";"A01";"2";"15";"8";"0";"3";"1";"1";""
"202400033274";"155723142";"B01";"1";"7";"13";"0";"3";"13";"1";""
"202400033275";"155723138";"B01";"2";"34";"0";"2";"1";"13";"0";""
"202400033275";"155723141";"A01";"1";"7";"0";"2";"2";"1";"1";""
"202400033276";"155723136";"B01";"1";"7";"0";"2";"3";"24";"1";""
"202400033276";"155723139";"A01";"1";"7";"1";"0";"7";"1";"1";""
"202400033277";"155723134";"A01";"1";"7";"0";"2";"2";"15";"1";""
"202400033277";"155723137";"B01";"2";"7";"0";"2";"7";"1";"1";""
"202400033278";"155723131";"A01";"1";"7";"0";"0";"2";"1";"1";""
"202400033278";"155723135";"B01";"2";"50";"0";"0";"1";"5";"3";""
"202400033279";"155723132";"A01";"2";"7";"4";"0";"3";"13";"1";""
"202400033280";"155723129";"A01";"1";"40";"0";"1";"1";"1";"3";""
"202400033281";"155723127";"A01";"2";"2";"0";"2";"2";"1";"1";""
"202400033281";"155723130";"B01";"2";"7";"0";"2";"6";"1";"1";""
"202400033281";"155723133";"C01";"1";"7";"0";"2";"1";"1";"1";""
"202400033282";"155723126";"A01";"2";"3";"0";"0";"3";"1";"1";""
"202400033283";"155723125";"A01";"3";"7";"0";"2";"1";"16";"1";""
"202400033283";"155723128";"B01";"3";"7";"0";"2";"3";"1";"1";""
"202400033284";"155723122";"B01";"1";"7";"0";"2";"2";"1";" -1";""
"202400033284";"155723124";"A01";"1";"30";"0";"2";"2";"16";"1";""
"202400033285";"155723121";"A01";"3";"1";"0";"0";"1";"1";"5";""
"202400033286";"155723119";"A01";"3";"7";"0";"2";"9";"2";"1";""
"202400033286";"155723120";"B01";"3";"7";"0";"2";"4";"2";"1";""