"Num_Acc";"id_vehicule";"num_veh";"senc";"catv";"obs";"obsm";"choc";"manv";"motor";"occutc"
"202400033287";"155723117";"A01";"1";"7";"4";"2";"9";"1";"1";""
"202400033287";"155723123";"B01";"1";"14";"1";"0";"0";"1";"1";""
"202400033288";"155723115";"B01";"1";"32";"0";"2";"1";"2";"1";""
"202400033288";"155723118";"A01";"1";"10";"0";"2";"6";"9";"1";""
"202400033289";"155723114";"A01";"1";"7";"0";"2";"6";"11";"1";""
"202400033289";"155723116";"B01";"1";"33";"0";"2";"2";"3";"1";""
"202400033290";"155723109";"A01";"2";"7";"0";"0";"1";"1";"1";""
"202400033290";"155723112";"B01";"1";"7";"0";"2";"1";"17";"1";""
"202400033291";"155723108";"A01";"1";"31";"0";"2";"1";"9";"1";""
"202400033291";"155723113";"B01";"1";"7";"0";"2";"7";"1";"1";""
"202400033292";"155723107";"A01";"2";"7";"0";"2";"8";"15";"1";""
"202400033292";"155723110";"B01";"2";"7";"0";"2";"2";"1";"1";""
"202400033293";"155723106";"B01";"1";"7";"0";"0";"6";"1";"1";""
"202400033293";"155723111";"A01";"1";"34";"0";"2";"1";"2";"1";""
"202400033294";"155723101";"A01";"1";"7";"15";"0";"2";"1";"1";""
"202400033295";"155723102";"B01";"2";"33";"13";"0";"0";"1";"1";""
"202400033295";"155723105";"A01";"1";"7";"0";"0";"3";"1";"2";""
"202400033296";"155723100";"A01";"1";"7";"0";"2";"1";"9";"1";""
"202400033296";"155723104";"B01";"1";"1";"0";"2";"8";"1";"5";""
"202400033297";"155723099";"A01";"1";"7";"0";"2";"8";"1";"1";""
"202400033297";"155723103";"B01";"2";"7";"0";"2";"1";"19";"1";""
"202400033298";"155723096";"A01";"2";"7";"1";"0";"2";"2";"1";""
"202400033299";"155723095";"A01";"1";"7";"1";"2";"3";"16";"1";""
"202400033299";"155723098";"B01";"2";"7";"0";"2";"8";"1";"1";""
"202400033300";"155723094";"B01";"0";"7";"0";"2";"1";"15";"1";""
"202400033300";"155723097";"A01";"1";"7";"0";"2";"1";"15";"1";""
"202400033301";"155723091";"B01";"2";"7";"0";"2";"1";"1";"1";""
"202400033301";"155723092";"A01";"1";"7";"0";"2";"1";"13";"1";""
"202400033302";"155723093";"A01";"2";"7";"16";"0";"0";"17";"1";""
"202400033303";"155723090";"A01";"3";"10";"8";"0";"1";"1";"0";""
"202400033304";"155723087";"A01";"2";"7";"0";"2";"6";"13";"1";""
"202400033304";"155723089";"B01";"1";"7";"0";"2";"3";"1";"1";""
"202400033305";"155723086";"A01";"1";"32";"0";"2";"1";"3";"1";""
"202400033305";"155723088";"B01";"1";"7";"0";"2";"8";"10";"1";""
"202400033306";"155723084";"A01";"1";"32";"13";"0";"2";"1";"1";""
"202400033307";"155723083";"A01";"0";"7";"0";"2";"1";"1";"1";""
"202400033307";"155723085";"B01";"0";"7";"0";"2";"4";"1";"1";""
"202400033308";"155723082";"A01";"2";"7";"0";"1";"1";"1";"1";""
"202400033309";"155723081";"A01";"1";"7";"6";"0";"9";"13";"1";""
"202400033310";"155723079";"B01";"3";"7";"0";"9";"1";"2";"1";""
"202400033310";"155723080";"A01";"3";"1";"0";"0";"2";"0";"5";""
"202400033311";"155723077";"A01";"1";"7";"13";"0";"3";"13";"1";""
"202400033312";"155723075";"A01";"1";"10";"0";"2";"2";"17";"3";""
"202400033312";"155723078";"B01";"1";"1";"0";"2";"8";"1";"5";""
"202400033313";"155723074";"A01";"1";"7";"0";"2";"2";"15";"1";""
"202400033313";"155723076";"B01";"2";"7";"0";"2";"1";"1";"1";""
"202400033314";"155723073";"A01";"2";"33";"13";"0";"7";"1";"1";""
"202400033315";"155723070";"A01";"1";"7";"0";"2";"3";"13";"1";""
"202400033315";"155723072";"B01";"2";"14";"0";"2";"3";"1";"1";""
"202400033316";"155723069";"A01";"2";"30";"0";"2";"8";"21";"1";""
"202400033316";"155723071";"B01";"2";"7";"0";"2";"4";"20";"1";""
"202400033317";"155723066";"B01";"2";"7";"0";"2";"1";"13";"1";""
"202400033317";"155723068";"A01";"1";"33";"0";"2";"1";"1";"1";""
"202400033318";"155723067";"A01";"2";"10";"0";"1";"2";"16";"1";""
"202400033319";"155723064";"A01";"2";"7";"13";"0";"2";"1";"1";""
"202400033320";"155723061";"A01";"1";"7";"3";"0";"9";"17";"1";""
"202400033321";"155723062";"A01";"2";"7";"0";"2";"1";"16";"1";""
"202400033321";"155723065";"B01";"2";"1";"0";"2";"7";"19";"5";""
"202400033322";"155723063";"A01";"3";"7";"0";"1";"1";"26";"1";""
"202400033323";"155723060";"A01";"3";"2";"13";"0";"1";"1";"1";""
"202400033324";"155723056";"A01";"0";"7";"0";"1";"1";"16";"1";""
"202400033325";"155723054";"C01";"2";"1";"0";"2";"4";"1";"5";""
"202400033325";"155723057";"A01";"2";"10";"0";"9";"1";"1";"1";""
"202400033325";"155723059";"B01";"2";"1";"0";"2";"4";"1";"5";""
"202400033326";"155723053";"B01";"2";"7";"0";"2";"8";"1";"1";""
"202400033326";"155723058";"A01";"1";"7";"0";"2";"2";"1";"1";""
"202400033327";"155723052";"A01";"2";"7";"0";"2";"6";"15";"1";""
"202400033327";"155723055";"B01";"1";"2";"0";"2";"1";"2";"1";""
"202400033328";"155723049";"A01";"1";"7";"2";"0";"7";"1";"1";""
"202400033329";"155723048";"A01";"1";"7";"8";"2";"6";"16";"1";""
"202400033329";"155723051";"B01";"2";"10";"0";"2";"3";"2";"1";""
"202400033330";"155723046";"A01";"0";"7";"11";"2";"1";"1";"1";""
"202400033330";"155723047";"B01";"0";"7";"0";"2";"1";"15";"1";""
"202400033331";"155723044";"A01";"1";"33";"0";"0";"2";"1";"1";""
"202400033332";"155723042";"A01";"3";"7";"0";"2";"3";"13";"1";""
"202400033332";"155723045";"B01";"3";"7";"0";"2";"3";"0";"1";""
"202400033333";"155723041";"A01";"2";"7";"0";"2";"1";"1";"1";""
"202400033333";"155723043";"B01";"1";"33";"0";"2";"3";"1";"1";""
"202400033334";"155723040";"A01";"1";"7";"0";"1";"1";"1";"1";""
"202400033335";"155723036";"A01";"2";"33";"0";"6";"1";"26";"1";""
"202400033336";"155723035";"B01";"2";"7";"0";"2";"3";"15";"1";""
"202400033336";"155723038";"A01";"1";"32";"0";"2";"1";"1";"1";""
"202400033337";"155723034";"A01";"1";"7";"0";"2";"1";"1";"1";""
"202400033337";"155723037";"B01";"1";"7";"0";"2";"4";"1";"1";""
"202400033337";"155723039";"C01";"1";"7";"0";"0";"4";"1";"1";""
"202400033338";"155723033";"A01";"3";"7";"1";"1";"1";"20";"1";""
"202400033339";"155723032";"A01";"2";"7";"2";"0";"3";"1";"1";""
"202400033340";"155723031";"A01";"0";"1";"0";"0";"0";"25";"5";""
"202400033341";"155723027";"A01";"3";"14";"0";"9";"2";"16";"1";""
"202400033341";"155723029";"B01";"3";"1";"0";"2";"1";"1";"5";""
"202400033342";"155723028";"A01";"2";"33";"1";"0";"1";"13";"1";""
"202400033342";"155723030";"B01";"2";"10";"0";"0";"4";"23";"1";""
"202400033343";"155723023";"B01";"1";"2";"0";"2";"1";"19";"1";""
"202400033343";"155723025";"A01";"2";"7";"0";"2";"2";"1";"1";""
"202400033344";"155723024";"B01";"0";"2";"0";"2";"1";"1";"1";""
"202400033344";"155723026";"A01";"3";"7";"0";"2";"2";"15";"1";""
"202400033345";"155723020";"B01";"2";"7";"0";"2";"6";"2";"1";""
"202400033345";"155723022";"A01";"2";"33";"0";"2";"1";"2";"1";""
"202400033346";"155723019";"B01";"1";"7";"0";"2";"1";"11";"1";""
"202400033346";"155723021";"A01";"2";"50";"0";"2";"1";"1";"3";""
"202400033347";"155723017";"B01";"3";"50";"0";"2";"1";"19";"3";""
"202400033347";"155723018";"A01";"0";"7";"0";"9";"2";"1";"1";""
"202400033348";"155723015";"A01";"1";"10";"0";"2";"5";"13";"1";""
"202400033348";"155723016";"B01";"2";"7";"0";"2";"2";"21";"1";""
"202400033349";"155723010";"A01";"2";"10";"8";"2";"8";"10";"1";""
"202400033349";"155723013";"B01";"2";"7";"0";"2";"1";"1";"1";""
"202400033350";"155723012";"B01";"2";"7";"0";"2";"3";"15";"1";""
"202400033350";"155723014";"A01";"2";"30";"0";"2";"7";"17";"1";""
"202400033351";"155723007";"A01";"2";"7";"7";"0";"2";"14";"1";""
"202400033352";"155723005";"B01";"1";"7";"0";"2";"1";"2";"1";""
"202400033352";"155723008";"A01";"1";"15";"0";"0";"6";"2";"1";""
"202400033353";"155723009";"A01";"1";"7";"0";"2";"4";"2";"1";""
"202400033353";"155723011";"B01";"1";"33";"0";"2";"1";"2";"1";""
"202400033354";"155723003";"A01";"1";"7";"6";"0";"2";"13";"1";""
"202400033355";"155723001";"B01";"1";"1";"0";"2";"4";"1";"5";""
"202400033355";"155723002";"A01";"1";"7";"0";"2";"2";"1";"1";""
"202400033356";"155722998";"A01";"2";"7";"0";"2";"2";"2";"1";""
"202400033356";"155723000";"B01";"2";"7";"0";"2";"6";"20";"1";""
"202400033357";"155722996";"A01";"2";"7";"0";"2";"1";"5";"1";""
"202400033357";"155722997";"B01";"1";"7";"0";"0";"1";"1";"1";""
"202400033358";"155722994";"A01";"1";"7";"0";"2";"1";"1";"1";""
"202400033358";"155722999";"B01";"1";"7";"0";"2";"8";"1";"1";""
"202400033359";"155722993";"A01";"1";"38";"0";"2";"1";"1";"1";"1"
"202400033359";"155722995";"B01";"2";"7";"0";"2";"3";"15";"1";""
"202400033360";"155722991";"A01";"1";"33";"0";"0";"7";"1";"1";""
"202400033361";"155722990";"A01";"0";"7";"0";"2";"7";"10";"1";""
"202400033361";"155722992";"B01";"0";"2";"0";"2";"1";"2";"1";""
"202400033362";"155722988";"A01";"2";"33";"7";"0";"3";"13";"1";""
"202400033363";"155722983";"A01";"3";"7";"6";"0";"3";"13";"1";""
"202400033364";"155722984";"A01";"3";"7";"0";"2";"8";"16";"1";""
"202400033364";"155722986";"B01";"3";"7";"0";"2";"1";"1";"1";""
"202400033365";"155722982";"A01";"1";"7";"6";"0";"1";"5";"1";""
"202400033366";"155722981";"A01";"0";"7";"0";"2";"3";"1";"1";""
"202400033366";"155722985";"B01";"0";"1";"0";"2";"1";"1";"5";""
"202400033367";"155722979";"A01";"1";"10";"0";"1";"3";"15";"1";""
"202400033368";"155722976";"A01";"3";"7";"0";"2";"1";"15";"1";""
"202400033368";"155722978";"B01";"3";"33";"0";"2";"7";"0";"1";""
"202400033369";"155722974";"A01";"2";"7";"0";"2";"3";"13";"1";""
"202400033369";"155722975";"B01";"1";"7";"0";"2";"3";"1";"1";""
"202400033370";"155722971";"A01";"1";"7";"2";"0";"1";"1";"1";""
"202400033371";"155722972";"A01";"2";"7";"0";"1";"1";"16";"1";""
"202400033372";"155722970";"A01";"1";"7";"2";"0";"2";"19";"1";""
"202400033373";"155722969";"B01";"3";"7";"0";"2";"8";"26";"1";""
"202400033373";"155722973";"A01";"2";"7";"0";"2";"1";"1";"1";""
"202400033374";"155722968";"A01";"2";"7";"3";"0";"8";"0";"1";""
"202400033375";"155722967";"A01";"2";"7";"0";"1";"1";"1";"1";""
"202400033376";"155722965";"B01";"1";"33";"0";"2";"2";"17";"1";""
"202400033376";"155722966";"A01";"1";"7";"0";"2";"3";"2";"1";""
"202400033377";"155722961";"A01";"1";"2";"0";"2";"0";"13";"1";""
"202400033378";"155722960";"A01";"3";"7";"0";"2";"3";"9";"1";""
"202400033378";"155722963";"B01";"3";"7";"0";"2";"1";"1";"1";""
"202400033379";"155722959";"A01";"2";"2";"10";"0";"8";"1";"1";""
"202400033380";"155722958";"C01";"2";"7";"0";"2";"4";"1";"1";""
"202400033380";"155722962";"A01";"2";"7";"0";"2";"1";"1";"1";""
"202400033380";"155722964";"B01";"2";"7";"0";"2";"9";"1";"1";""
"202400033381";"155722953";"B01";"1";"7";"0";"0";"5";"1";"1";""
"202400033381";"155722956";"A01";"1";"1";"0";"0";"3";"21";"5";""
"202400033382";"155722950";"B01";"3";"7";"0";"2";"8";"16";"1";""
"202400033382";"155722955";"A01";"3";"31";"0";"2";"2";"1";"1";""
"202400033383";"155722951";"A01";"3";"33";"0";"2";"1";"1";"1";""
"202400033383";"155722954";"B01";"3";"7";"0";"0";"4";"1";"1";""
"202400033384";"155722949";"C01";"1";"37";"0";"2";"1";"1";"1";"1"
"202400033384";"155722952";"B01";"3";"7";"0";"2";"0";"0";"1";""
"202400033384";"155722957";"A01";"3";"3";"0";"2";"0";"0";"1";""
"202400033385";"155722947";"A01";"2";"33";"0";"2";"1";"1";"1";""
"202400033385";"155722948";"B01";"2";"7";"0";"2";"6";"13";"1";""
"202400033386";"155722944";"B01";"0";"7";"0";"1";"1";"1";"1";""
"202400033387";"155722943";"A01";"1";"7";"0";"2";"5";"15";"1";""
"202400033387";"155722946";"B01";"2";"33";"0";"2";"1";"1";"1";""
"202400033388";"155722940";"A01";"3";"15";"0";"1";"5";"15";"1";""
"202400033389";"155722939";"A01";"1";"7";"4";"2";"9";"12";"1";""
"202400033389";"155722942";"B01";"1";"7";"4";"2";"7";"1";"1";""
"202400033390";"155722941";"A01";"2";"10";"13";"0";"3";"21";"1";""
"202400033391";"155722938";"A01";"2";"7";"8";"0";"1";"1";"1";""
"202400033392";"155722934";"A01";"2";"33";"0";"2";"7";"1";"1";""
"202400033392";"155722937";"Z01";"2";"7";"0";"2";"0";"11";"0";""
"202400033393";"155722932";"B01";"1";"33";"0";"2";"1";"18";"1";""
"202400033393";"155722936";"A01";"1";"10";"0";"2";"2";"20";"1";""
"202400033394";"155722931";"A01";"1";"33";"0";"2";"8";"18";"1";""
"202400033394";"155722935";"B01";"1";"7";"0";"2";"7";"2";"1";""
"202400033395";"155722930";"B01";"2";"7";"0";"2";"1";"19";"1";""
"202400033395";"155722933";"A01";"1";"33";"0";"2";"5";"1";"1";""
"202400033396";"155722925";"A01";"1";"7";"0";"2";"2";"9";"1";""
"202400033396";"155722929";"B01";"1";"7";"0";"2";"8";"1";"3";""
"202400033397";"155722924";"B01";"2";"14";"0";"2";"4";"26";"1";""
"202400033397";"155722927";"C01";"2";"2";"0";"2";"7";"26";"1";""
"202400033398";"155722922";"A01";"2";"7";"0";"2";"3";"15";"1";""
"202400033398";"155722928";"C01";"1";"33";"0";"2";"1";"21";"1";""
"202400033399";"155722923";"A01";"2";"7";"0";"2";"1";"2";"1";""
"202400033399";"155722926";"B01";"2";"10";"0";"2";"4";"23";"1";""
"202400033400";"155722921";"A01";"1";"43";"4";"0";"7";"1";"1";""
"202400033401";"155722920";"A01";"2";"7";"2";"0";"7";"0";"1";""
"202400033402";"155722916";"A01";"2";"33";"0";"2";"8";"3";"1";""
"202400033402";"155722918";"B01";"2";"7";"0";"2";"7";"12";"1";""
"202400033403";"155722914";"A01";"2";"7";"0";"2";"7";"22";"1";""
"202400033403";"155722917";"B01";"2";"32";"0";"2";"1";"18";"3";""
"202400033404";"155722913";"A01";"1";"7";"13";"0";"3";"13";"1";""
"202400033405";"155722912";"A01";"1";"7";"4";"0";"7";"1";"1";""
"202400033406";"155722915";"A01";"2";"30";"0";"2";"8";"7";"1";""
"202400033406";"155722919";"B01";"1";"0";"0";"0";"0";"0";"0";""
"202400033407";"155722907";"A01";"2";"7";"0";"2";"4";"12";"1";""
"202400033407";"155722910";"B01";"2";"33";"0";"2";"1";"3";"1";""
"202400033408";"155722906";"A01";"1";"7";"0";"2";"2";"15";"1";""
"202400033408";"155722911";"B01";"1";"34";"0";"2";"1";"1";"1";""
"202400033409";"155722905";"B01";"0";"1";"0";"2";"1";"17";"5";""
"202400033409";"155722908";"A01";"0";"7";"0";"2";"8";"15";"1";""
"202400033410";"155722899";"C01";"1";"7";"0";"2";"6";"26";"1";""
"202400033410";"155722901";"A01";"1";"7";"0";"2";"5";"12";"1";""
"202400033410";"155722903";"B01";"1";"7";"0";"2";"1";"3";"1";""
"202400033411";"155722900";"A01";"2";"7";"0";"2";"8";"10";"1";""
"202400033411";"155722902";"B01";"2";"32";"0";"2";"1";"1";"1";""
"202400033412";"155722898";"A01";"1";"7";"13";"0";"9";"1";"1";""
"202400033413";"155722897";"A01";"3";"7";"9";"0";"1";"14";"1";""
"202400033414";"155722895";"A01";"1";"43";"14";"0";"2";"1";"1";""
"202400033415";"155722894";"A01";"2";"7";"3";"0";"1";"1";"1";""
"202400033416";"155722892";"C01";"1";"7";"0";"2";"2";"0";"1";""
"202400033416";"155722893";"A01";"1";"7";"0";"2";"8";"13";"1";""
"202400033416";"155722896";"B01";"1";"33";"0";"2";"5";"0";"1";""
"202400033417";"155722891";"A01";"1";"10";"0";"1";"1";"1";"1";""
"202400033418";"155722889";"A01";"1";"7";"0";"1";"1";"9";"2";""
"202400033419";"155722885";"A01";"2";"7";"0";"2";"1";"11";"1";""
"202400033419";"155722888";"B01";"2";"7";"0";"2";"4";"1";"1";""
"202400033420";"155722884";"A01";"2";"33";"0";"2";"1";"1";"1";""
"202400033420";"155722887";"B01";"2";"33";"0";"2";"4";"21";"1";""
"202400033420";"155722890";"C01";"2";"7";"0";"2";"5";"1";"1";""
"202400033421";"155722883";"B01";"1";"1";"0";"2";"4";"1";"5";""
"202400033421";"155722886";"A01";"1";"7";"0";"2";"0";"1";"0";""
"202400033422";"155722882";"A01";"1";"31";"12";"0";"8";"17";"1";""
"202400033423";"155722880";"A01";"2";"7";"0";"2";"1";"2";"1";""
"202400033423";"155722881";"B01";"2";"7";"0";"2";"4";"23";"1";""
"202400033424";"155722875";"B01";"3";"1";"0";"2";"1";"1";"5";""
"202400033424";"155722878";"A01";"3";"7";"0";"2";"3";"9";"1";""
"202400033425";"155722876";"A01";"1";"7";"0";"1";"3";"15";"1";""
"202400033426";"155722873";"A01";"2";"7";"0";"2";"3";"13";"1";""
"202400033426";"155722877";"B01";"1";"7";"0";"2";"3";"1";"1";""
"202400033426";"155722879";"C01";"1";"10";"0";"2";"1";"1";"1";""
"202400033427";"155722872";"A01";"2";"15";"0";"2";"2";"1";"1";""
"202400033427";"155722874";"B01";"2";"7";"0";"2";"1";"11";"1";""
"202400033428";"155722871";"A01";"3";"33";"13";"0";"1";"5";"1";""
"202400033429";"155722870";"A01";"3";"30";"0";"1";"1";"1";"1";""
"202400033430";"155722865";"B01";"2";"33";"0";"2";"2";"1";"1";""
"202400033430";"155722869";"A01";"2";"7";"0";"2";"8";"11";"1";""
"202400033431";"155722862";"B01";"3";"7";"0";"2";"8";"1";"1";""
"202400033431";"155722866";"A01";"3";"13";"14";"2";"7";"2";"1";""
"202400033432";"155722864";"A01";"0";"37";"0";"2";"0";"0";"0";"1"
"202400033432";"155722868";"B01";"0";"7";"0";"2";"0";"0";"1";""
"202400033433";"155722863";"B01";"1";"33";"0";"2";"1";"0";"1";""
"202400033433";"155722867";"A01";"2";"33";"0";"2";"1";"0";"1";""
"202400033434";"155722858";"A01";"3";"7";"0";"1";"1";"15";"1";""
"202400033435";"155722856";"A01";"1";"33";"0";"2";"1";"1";"1";""
"202400033435";"155722861";"B01";"1";"7";"0";"2";"6";"9";"1";""
"202400033436";"155722854";"D01";"2";"7";"0";"2";"3";"1";"1";""
"202400033436";"155722855";"C01";"1";"7";"0";"2";"4";"1";"1";""
"202400033436";"155722857";"B01";"1";"7";"0";"2";"4";"1";"1";""
"202400033436";"155722859";"A01";"1";"7";"0";"2";"1";"13";"1";""
"202400033437";"155722851";"A01";" -1";"10";"0";"1";"4";"4";"0";""
"202400033438";"155722850";"B01";"1";"7";"0";"2";"1";"1";"1";""
"202400033438";"155722852";"A01";"1";"7";"0";"2";"3";"1";"1";""
"202400033439";"155722849";"A01";"1";"2";"0";"1";"1";"3";"1";""
"202400033440";"155722844";"B01";"1";"7";"0";"2";"1";"2";"1";""
"202400033440";"155722847";"A01";"2";"7";"1";"2";"3";"11";"1";""
"202400033441";"155722843";"A01";"1";"33";"0";"2";"8";"3";"1";""
"202400033441";"155722846";"Z01";"1";"10";"0";"2";"7";"12";"0";""
"202400033442";"155722842";"A01";"1";"10";"0";"2";"6";"16";"1";""
"202400033442";"155722845";"B01";"1";"7";"0";"2";"2";"1";"1";""
"202400033443";"155722840";"A01";"2";"7";"0";"1";"1";"15";"1";""
"202400033444";"155722841";"C01";"1";"10";"0";"2";"1";"1";"1";""
"202400033444";"155722848";"A01";"1";"7";"0";"2";"6";"1";"1";""
"202400033444";"155722853";"B01";"1";"14";"0";"2";"2";"12";"1";""
"202400033444";"155722860";"D01";"1";"10";"0";"2";"1";"1";"1";""
"202400033445";"155722839";"A01";"2";"7";"6";"0";"1";"1";"1";""
"202400033446";"155722838";"A01";"1";"7";"2";"0";"2";"1";"1";""
"202400033447";"155722837";"A01";"0";"32";"0";"0";"7";"1";"3";""
"202400033448";"155722835";"A01";"1";"7";"6";"0";"2";"1";"1";""
"202400033449";"155722831";"C01";"1";"7";"0";"2";"1";"1";"1";""
"202400033449";"155722834";"A01";"1";"7";"0";"2";"1";"1";"1";""
"202400033449";"155722836";"B01";"1";"7";"0";"2";"4";"1";"1";""
"202400033450";"155722833";"A01";"2";"33";"0";"0";"8";"3";"1";""
"202400033451";"155722828";"B01";"0";"7";"0";"2";"1";"0";"2";""
"202400033451";"155722832";"A01";"0";"7";"0";"1";"7";"1";"1";""
"202400033452";"155722829";"B01";"3";"7";"0";"2";"3";"1";"1";""
"202400033452";"155722830";"A01";"3";"7";"0";"2";"1";"9";"1";""
"202400033453";"155722826";"A01";"1";"31";"0";"2";"3";"3";"3";""
"202400033453";"155722827";"B01";"1";"7";"0";"2";"5";"1";"1";""
"202400033454";"155722825";"A01";"1";"37";"0";"1";"1";"23";"3";"1"
"202400033455";"155722820";"A01";"1";"32";"0";"0";"2";"23";"1";""
"202400033456";"155722821";"A01";"1";"7";"0";"2";"1";"0";"1";""
"202400033456";"155722824";"B01";"2";"7";"0";"2";"1";"0";"1";""
"202400033457";"155722819";"A01";"1";"50";"0";"2";"1";"16";"3";""
"202400033457";"155722823";"B01";"2";"1";"0";"2";"1";"1";"5";""
"202400033458";"155722817";"A01";"1";"7";"1";"0";"1";"13";"1";""
"202400033459";"155722815";"A01";"1";"7";"12";"2";"1";"13";"1";""
"202400033459";"155722816";"B01";"1";"7";"0";"2";"3";"0";"1";""
"202400033460";"155722814";"A01";"1";"7";"0";"1";"2";"1";"1";""
"202400033461";"155722813";"A01";"2";"7";"2";"0";"2";"13";"1";""
"202400033462";"155722818";"B01";"1";"10";"0";"2";"2";"12";"1";""
"202400033462";"155722822";"A01";"1";"33";"0";"2";"1";"3";"1";""
"202400033463";"155722811";"A01";"2";"50";"0";"2";"1";"19";"3";""
"202400033463";"155722812";"B01";"1";"7";"0";"2";"7";"23";"1";""
"202400033464";"155722808";"A01";"0";"7";"0";"2";"1";"0";"1";""
"202400033464";"155722810";"B01";"3";"1";"0";"2";"1";"1";"5";""
"202400033465";"155722807";"A01";"2";"7";"13";"0";"7";"1";"1";""
"202400033466";"155722802";"A01";"2";"7";"0";"2";"6";"11";"1";""
"202400033466";"155722804";"B01";"2";"34";"0";"2";"2";"3";"1";""
"202400033467";"155722803";"X01";"2";"30";"0";"1";"1";"18";"1";""
"202400033468";"155722800";"B01";"1";"7";"0";"2";"6";"1";"1";""
"202400033468";"155722806";"A01";"1";"10";"0";"2";"2";"14";"1";""
"202400033469";"155722797";"B01";"1";"7";"0";"9";"1";"1";"1";""
"202400033469";"155722799";"A01";"1";"7";"4";"0";"1";"18";"1";""
"202400033470";"155722795";"A01";"1";"7";"0";"2";"6";"2";"1";""
"202400033470";"155722798";"C01";"1";"10";"0";"2";"1";"1";"1";""
"202400033470";"155722801";"B01";"1";"33";"0";"2";"1";"2";"1";""
"202400033471";"155722792";"A01";"1";"7";"0";"1";"3";"1";"1";""
"202400033472";"155722796";"A01";"1";"7";"0";"1";"7";"2";"1";""
"202400033473";"155722791";"A01";"1";"10";"0";"2";"3";"1";"1";""
"202400033473";"155722794";"B01";"2";"10";"0";"2";"2";"1";"1";""
"202400033474";"155722790";"A01";"1";"7";"0";"2";"1";"1";"1";""
"202400033474";"155722793";"B01";"1";"7";"0";"2";"4";"23";"1";""
"202400033475";"155722788";"B01";"2";"10";"1";"0";"1";"1";"1";""
"202400033475";"155722789";"A01";"2";"7";"0";"0";"4";"23";"1";""
"202400033476";"155722787";"A01";"1";"7";"0";"1";"2";"15";"1";""
"202400033477";"155722783";"A01";"1";"16";"0";"2";"2";"12";"1";""
"202400033477";"155722785";"B01";"1";"7";"0";"2";"8";"1";"1";""
"202400033478";"155722780";"A01";"1";"7";"0";"0";"4";"12";"1";""
"202400033478";"155722784";"B01";"1";"7";"0";"2";"1";"12";"1";""
"202400033479";"155722779";"A01";"2";"7";"3";"0";"1";"1";"1";""
"202400033480";"155722777";"A01";"1";"7";"2";"0";"2";"14";"1";""
"202400033481";"155722776";"B01";"3";"1";"0";"0";"4";"24";"5";""
"202400033481";"155722782";"Z01";"1";"7";"1";"0";"1";"0";"0";""
"202400033481";"155722786";"C01";"2";"80";"0";"0";"0";"0";"3";""
"202400033482";"155722778";"B01";"2";"50";"0";"2";"7";"1";"3";""
"202400033482";"155722781";"A01";"1";"7";"0";"2";"2";"26";"1";""
"202400033483";"155722773";"A01";"1";"7";"0";"1";"2";"16";"2";""
"202400033484";"155722771";"B01";"1";"7";"0";"2";"3";"1";"1";""
"202400033484";"155722774";"A01";"2";"7";"0";"2";"1";"15";"1";""
"202400033485";"155722770";"C01";"1";"10";"0";"2";"4";"23";"1";""
"202400033485";"155722772";"A01";"1";"7";"0";"2";"1";"1";"1";""
"202400033485";"155722775";"B01";"1";"7";"0";"2";"9";"2";"1";""
"202400033486";"155722769";"A01";"1";"10";"0";"1";"4";"4";"1";""
"202400033487";"155722766";"A01";"1";"10";"0";"1";"1";"16";"1";""
"202400033488";"155722765";"A01";"1";"7";"0";"2";"1";"2";"1";""
"202400033488";"155722768";"B01";"1";"7";"0";"2";"4";"2";"2";""
"202400033489";"155722764";"A01";"2";"10";"0";"1";"6";"15";"1";""
"202400033490";"155722762";"A01";"1";"33";"0";"0";"9";"1";"1";""
"202400033491";"155722767";"A01";"1";"7";"0";"1";"1";"0";"1";""
"202400033492";"155722761";"A01";"1";"30";"0";"2";"2";"15";"3";""
"202400033492";"155722763";"B01";"0";"31";"0";"2";"1";"1";"1";""
"202400033493";"155722759";"B01";"2";"17";"0";"2";"2";"1";"1";""
"202400033493";"155722760";"A01";"1";"7";"7";"2";"3";"13";"1";""
"202400033494";"155722754";"A01";"2";"7";"0";"2";"1";"2";"1";""
"202400033494";"155722756";"B01";"2";"7";"0";"2";"4";"23";"1";""
"202400033494";"155722758";"C01";"2";"7";"0";"2";"4";"23";"1";""
"202400033495";"155722752";"B01";"2";"80";"0";"2";"1";"1";"3";""
"202400033495";"155722755";"A01";"2";"7";"0";"2";"2";"16";"1";""
"202400033496";"155722750";"A01";"2";"7";"0";"2";"8";"19";"1";""
"202400033496";"155722753";"B01";"1";"10";"0";"2";"1";"1";"1";""
"202400033497";"155722748";"A01";"2";"33";"0";"2";"3";"3";"1";""
"202400033497";"155722749";"B01";"2";"7";"0";"2";"5";"2";"1";""
"202400033498";"155722751";"B01";"1";"7";"0";"2";"4";"1";"1";""
"202400033498";"155722757";"A01";"2";"7";"0";"2";"1";"2";"1";""
"202400033499";"155722745";"A01";"1";"7";"0";"1";"4";"1";"1";""
"202400033500";"155722744";"A01";"2";"7";"0";"2";"1";"1";"1";""
"202400033500";"155722746";"B01";"2";"10";"0";"2";"4";"1";"1";""
"202400033501";"155722742";"A01";"1";"33";"0";"2";"1";"2";"1";""
"202400033501";"155722743";"B01";"1";"7";"0";"2";"4";"2";"1";""
"202400033502";"155722737";"A01";"2";"33";"0";"2";"4";"17";"1";""