"Num_Acc";"id_vehicule";"num_veh";"senc";"catv";"obs";"obsm";"choc";"manv";"motor";"occutc"
"202400033502";"155722738";"B01";"2";"33";"0";"2";"1";"17";"1";""
"202400033503";"155722735";"A01";"1";"7";"0";"1";"2";"1";"1";""
"202400033504";"155722733";"A01";"1";"33";"0";"0";"8";"3";"1";""
"202400033505";"155722732";"A01";"1";"7";"7";"2";"1";"13";"1";""
"202400033505";"155722736";"B01";"1";"7";"0";"2";"1";"1";"1";""
"202400033506";"155722731";"A01";"1";"38";"0";"1";"2";"21";"1";"1"
"202400033507";"155722726";"C01";"2";"7";"0";"2";"4";"1";"2";""
"202400033507";"155722728";"A01";"2";"43";"0";"2";"0";"3";"1";""
"202400033507";"155722730";"B01";"2";"7";"0";"2";"2";"14";"1";""
"202400033508";"155722724";"A01";"1";"1";"0";"2";"6";"26";"5";""
"202400033508";"155722729";"B01";"1";"13";"0";"0";"6";"1";"1";""
"202400033509";"155722723";"B01";"1";"7";"0";"2";"1";"1";"1";""
"202400033509";"155722725";"A01";"1";"7";"0";"0";"8";"19";"1";""
"202400033510";"155722727";"B01";"3";"7";"0";"2";"6";"23";"1";""
"202400033510";"155722734";"C01";"3";"7";"0";"2";"4";"23";"0";""
"202400033510";"155722740";"A01";"3";"7";"1";"0";"1";"2";"1";""
"202400033511";"155722720";"B01";"1";"32";"0";"2";"4";"3";"1";""
"202400033511";"155722722";"A01";"1";"7";"0";"2";"3";"11";"1";""
"202400033512";"155722721";"A01";"1";"7";"1";"0";"2";"1";"1";""
"202400033513";"155722718";"A01";"1";"7";"0";"2";"1";"9";"1";""
"202400033513";"155722719";"B01";"2";"33";"0";"2";"7";"1";"1";""
"202400033514";"155722715";"A01";"1";"7";"4";"2";"3";"17";"1";""
"202400033514";"155722717";"B01";"1";"7";"4";"2";"5";"1";"1";""
"202400033515";"155722714";"A01";"2";"7";"0";"1";"1";"1";"1";""
"202400033516";"155722716";"A01";"2";"7";"0";"1";"3";"15";"1";""
"202400033517";"155722709";"A01";"1";"14";"0";"2";"2";"21";"1";""
"202400033517";"155722712";"B01";"1";"10";"0";"2";"8";"2";"1";""
"202400033518";"155722713";"A01";"1";"7";"0";"0";"0";"26";"1";""
"202400033519";"155722708";"A01";"2";"7";"0";"2";"2";"2";"1";""
"202400033519";"155722711";"B01";"2";"7";"0";"2";"6";"2";"1";""
"202400033520";"155722707";"B01";"2";"30";"0";"2";"1";"1";"3";""
"202400033520";"155722710";"A01";"1";"7";"0";"2";"3";"15";"1";""
"202400033521";"155722705";"A01";"3";"7";"0";"1";"4";"20";"1";""
"202400033522";"155722700";"B01";"1";"7";"16";"2";"3";"1";"1";""
"202400033522";"155722702";"C01";"2";"7";"0";"2";"1";"1";"1";""
"202400033522";"155722704";"D01";"2";"7";"0";"2";"4";"1";"1";""
"202400033522";"155722706";"A01";"2";"7";"7";"2";"8";"6";"1";""
"202400033523";"155722699";"A01";"1";"7";"0";"1";"2";"16";"1";""
"202400033524";"155722697";"A01";"1";"7";"0";"2";"1";"1";"1";""
"202400033524";"155722701";"C01";"1";"7";"0";"2";"0";"1";"1";""
"202400033524";"155722703";"D01";"1";"7";"14";"0";"0";"1";"1";""
"202400033525";"155722693";"A01";"1";"21";"0";"9";"0";"1";"1";""
"202400033525";"155722695";"C01";"2";"1";"0";"9";"0";"1";"5";""
"202400033525";"155722696";"B01";"2";"1";"0";"9";"0";"1";"5";""
"202400033526";"155722694";"A01";"2";"7";"13";"0";"1";"14";"1";""
"202400033527";"155722691";"A01";"1";"7";"0";"2";"3";"2";"1";""
"202400033527";"155722692";"B01";"1";"7";"1";"2";"6";"0";"1";""
"202400033528";"155722698";"A01";"1";"7";"12";"0";"3";"13";"1";""
"202400033529";"155722689";"A01";"1";"7";"2";"0";"1";"14";"1";""
"202400033530";"155722690";"A01";"3";"7";"0";"0";"0";"1";"1";""
"202400033531";"155722688";"A01";"1";"7";"0";"1";"7";"16";"1";""
"202400033532";"155722686";"A01";"2";"7";"0";"1";"1";"15";"1";""
"202400033533";"155722684";"A01";"2";"30";"0";"2";"1";"1";"1";""
"202400033533";"155722687";"B01";"1";"7";"0";"2";"3";"19";"1";""
"202400033534";"155722683";"A01";"1";"10";"0";"2";"1";"1";"1";""
"202400033534";"155722685";"B01";"1";"17";"0";"2";"4";"1";"6";""
"202400033535";"155722677";"A01";"0";"21";"0";"0";"9";"1";"1";""
"202400033536";"155722678";"A01";"1";"50";"0";"2";"1";"5";"3";""
"202400033536";"155722681";"B01";"2";"7";"0";"2";"2";"23";"1";""
"202400033537";"155722679";"B01";"3";"37";"0";"2";"8";"1";"1";"4"
"202400033537";"155722682";"A01";"3";"15";"0";"2";"1";"9";"1";""
"202400033538";"155722676";"A01";"1";"7";"0";"2";"1";"26";"2";""
"202400033538";"155722680";"B01";"1";"7";"0";"2";"2";"0";"1";""
"202400033539";"155722672";"A01";"2";"7";"0";"2";"1";"17";"0";""
"202400033539";"155722675";"B01";"2";"1";"0";"2";"1";"1";"0";""
"202400033540";"155722671";"A01";"2";"7";"0";"1";"3";"2";"1";""
"202400033541";"155722673";"A01";"2";"7";"0";"1";"1";"16";"1";""
"202400033542";"155722670";"Z01";"3";"7";"0";"2";"3";"15";"0";""
"202400033542";"155722674";"A01";"3";"50";"0";"2";"1";"1";"3";""
"202400033543";"155722665";"B01";"0";"7";"0";"2";"1";"0";"1";""
"202400033543";"155722668";"A01";"0";"7";"0";"2";"4";"1";"0";""
"202400033544";"155722663";"A01";" -1";"33";"12";"2";"0";"1";"1";""
"202400033544";"155722666";"B01";"3";"34";"0";"0";"0";"0";"1";""
"202400033545";"155722664";"B01";"1";"7";"0";"2";"5";"1";"1";""
"202400033545";"155722669";"A01";"1";"7";"0";"2";"1";"1";"1";""
"202400033546";"155722662";"A01";"3";"7";"0";"2";"1";"2";"1";""
"202400033546";"155722667";"B01";"3";"36";"0";"2";"1";"1";"1";""
"202400033547";"155722658";"A01";"2";"7";"0";"1";"3";"1";"1";""
"202400033548";"155722660";"A01";"1";"1";"0";"1";"1";"19";"5";""
"202400033549";"155722657";"A01";"2";"7";"0";"2";"3";"1";"0";""
"202400033549";"155722661";"B01";"2";"7";"0";"2";"1";"13";"1";""
"202400033550";"155722656";"Z01";"2";"7";"0";"2";"1";"15";"1";""
"202400033550";"155722659";"B01";"1";"50";"0";"2";"1";"15";"3";""
"202400033551";"155722654";"A01";"3";"7";"0";"1";"3";"1";"1";""
"202400033552";"155722649";"A01";"1";"7";"0";"2";"3";"13";"1";""
"202400033552";"155722652";"B01";"2";"7";"0";"2";"3";"1";"1";""
"202400033553";"155722651";"A01";"0";"7";"0";"2";"1";"1";"1";""
"202400033553";"155722655";"B01";"0";"7";"0";"2";"4";"26";"1";""
"202400033554";"155722650";"A01";"3";"10";"0";"2";"2";"9";"1";""
"202400033554";"155722653";"B01";"2";"10";"0";"2";"0";"0";"1";""
"202400033555";"155722648";"A01";"1";"7";"0";"6";"1";"1";"1";""
"202400033556";"155722646";"A01";"1";"7";"3";"0";"2";"0";"1";""
"202400033557";"155722645";"A01";"3";"30";"0";"1";"1";"1";"1";""
"202400033558";"155722643";"C01";"1";"7";"0";"2";"4";"2";"1";""
"202400033558";"155722644";"A01";"1";"7";"0";"2";"1";"2";"1";""
"202400033558";"155722647";"B01";"1";"7";"0";"2";"4";"2";"1";""
"202400033559";"155722641";"A01";"1";"32";"3";"0";"7";"1";"1";""
"202400033560";"155722640";"B01";"2";"7";"0";"2";"1";"19";"1";""
"202400033560";"155722642";"A01";"2";"7";"0";"2";"8";"19";"1";""
"202400033561";"155722639";"A01";"3";"7";"0";"1";"1";"16";"1";""
"202400033562";"155722637";"A01";"2";"7";"0";"2";"5";"1";"1";""
"202400033562";"155722638";"Z01";"2";"7";"0";"2";"3";"26";"0";""
"202400033563";"155722633";"A01";"2";"32";"0";"2";"1";"17";"1";""
"202400033563";"155722635";"B01";"2";"7";"0";"2";"3";"15";"1";""
"202400033564";"155722629";"B01";"1";"7";"0";"0";"4";"1";"1";""
"202400033564";"155722630";"A01";"1";"7";"0";"2";"1";"1";"1";""
"202400033565";"155722625";"A01";"2";"7";"0";"2";"1";"2";"1";""
"202400033565";"155722627";"B01";"2";"33";"0";"2";"4";"11";"1";""
"202400033566";"155722626";"A01";"1";"7";"0";"2";"3";"1";"1";""
"202400033566";"155722628";"B01";"1";"30";"0";"2";"1";"1";"1";""
"202400033567";"155722624";"A01";"3";"7";"0";"1";"1";"15";"1";""
"202400033568";"155722632";"A01";"3";"7";"0";"1";"3";"1";"1";""
"202400033569";"155722622";"C01";"2";"7";"0";"2";"1";"1";"1";""
"202400033569";"155722631";"D01";"2";"7";"0";"2";"1";"2";"1";""
"202400033569";"155722634";"A01";"2";"7";"3";"2";"2";"17";"1";""
"202400033569";"155722636";"B01";"2";"15";"0";"2";"3";"1";"1";""
"202400033570";"155722620";"A01";"1";"50";"0";"0";"0";"1";"3";""
"202400033571";"155722619";"A01";"2";"7";"0";"2";"1";"15";"1";""
"202400033571";"155722623";"B01";"1";"30";"0";"2";"1";"1";"1";""
"202400033572";"155722618";"A01";"0";"7";"0";"9";"1";"16";"1";""
"202400033572";"155722621";"B01";"0";"1";"0";"2";"1";"1";"5";""
"202400033573";"155722617";"A01";"2";"7";"0";"1";"2";"1";"0";""
"202400033574";"155722612";"B01";"1";"99";"0";"2";"2";"1";"1";""
"202400033574";"155722616";"A01";"1";"10";"0";"2";"2";"13";"1";""
"202400033575";"155722611";"B01";"1";"50";"9";"0";"1";"1";"3";""
"202400033575";"155722615";"A01";"0";"1";"9";"0";"1";"15";"5";""
"202400033576";"155722610";"A01";"2";"7";"0";"2";"1";"5";"1";""
"202400033576";"155722613";"B01";"1";"33";"0";"2";"1";"1";"1";""
"202400033576";"155722614";"C01";"1";"7";"0";"2";"3";"1";"1";""
"202400033577";"155722609";"A01";"1";"7";"0";"1";"3";"13";"1";""
"202400033578";"155722608";"A01";"2";"7";"0";"0";"9";"1";"0";""
"202400033579";"155722607";"A01";"1";"10";"0";"1";"3";"1";"1";""
"202400033580";"155722606";"A01";"1";"10";"11";"0";"3";"1";"1";""
"202400033581";"155722604";"A01";"3";"7";"0";"1";"2";"2";"1";""
"202400033582";"155722602";"A01";"2";"7";"0";"0";"2";"15";"1";""
"202400033582";"155722605";"B01";"1";"32";"0";"2";"1";"1";"1";""
"202400033583";"155722600";"B01";"2";"34";"0";"2";"7";"1";"1";""
"202400033583";"155722603";"A01";"1";"7";"0";"2";"3";"1";"1";""
"202400033584";"155722599";"A01";"3";"7";"0";"2";"8";"15";"1";""
"202400033584";"155722601";"B01";"3";"34";"0";"2";"3";"2";"1";""
"202400033585";"155722597";"A01";"1";"50";"0";"0";"0";"26";"3";""
"202400033586";"155722596";"B01";"2";"7";"14";"2";"1";"19";"0";""
"202400033586";"155722598";"A01";"2";"7";"14";"0";"0";"9";"1";""
"202400033587";"155722594";"A01";"1";"7";"0";"2";"8";"22";"0";""
"202400033587";"155722595";"B01";"1";"1";"14";"2";"3";"18";"5";""
"202400033588";"155722593";"A01";"1";"33";"0";"0";"1";"15";"1";""
"202400033589";"155722592";"A01";"3";"7";"0";"1";"2";"16";"1";""
"202400033590";"155722590";"A01";"3";"7";"2";"0";"1";"1";"1";""
"202400033591";"155722589";"A01";"1";"7";"15";"1";"3";"13";"1";""
"202400033592";"155722587";"A01";"1";"7";"0";"1";"2";"1";"1";""
"202400033593";"155722585";"B01";"1";"38";"0";"2";"2";"1";"1";"3"
"202400033593";"155722588";"A01";"1";"7";"0";"2";"3";"16";"1";""
"202400033594";"155722584";"A01";"1";"33";"4";"0";"8";"1";"1";""
"202400033595";"155722582";"A01";"1";"7";"2";"0";"1";"0";"1";""
"202400033596";"155722583";"A01";"2";"50";"0";"2";"1";"1";"3";""
"202400033596";"155722586";"B01";"0";"7";"0";"2";"3";"15";"1";""
"202400033597";"155722581";"A01";"1";"7";"0";"1";"2";"1";"1";""
"202400033598";"155722580";"A01";"3";"50";"12";"0";"1";"1";"3";""
"202400033599";"155722578";"A01";"0";"7";"0";"1";"3";"1";"1";""
"202400033600";"155722576";"A01";"1";"7";"6";"0";"3";"13";"1";""
"202400033601";"155722577";"A01";"2";"31";"0";"0";"8";"1";"1";""
"202400033601";"155722579";"B01";"1";"7";"0";"0";"1";"15";"1";""
"202400033602";"155722575";"A01";"1";"7";"0";"1";"2";"1";"1";""
"202400033603";"155722574";"A01";"1";"7";"0";"1";"1";"15";"1";""
"202400033604";"155722573";"A01";"1";"7";"12";"0";"2";"14";"1";""
"202400033605";"155722572";"A01";"3";"31";"4";"0";"3";"0";"1";""
"202400033606";"155722571";"A01";"3";"7";"13";"0";"0";"0";"5";""
"202400033607";"155722568";"A01";"2";"2";"0";"0";"9";"1";"1";""
"202400033608";"155722567";"A01";"1";"7";"0";"1";"3";"1";"1";""
"202400033609";"155722565";"A01";"0";"7";"0";"2";"2";"1";"1";""
"202400033609";"155722570";"B01";"0";"1";"0";"2";"4";"19";"5";""
"202400033610";"155722566";"A01";"2";"10";"0";"2";"2";"15";"1";""
"202400033610";"155722569";"B01";"1";"33";"0";"2";"2";"15";"1";""
"202400033611";"155722562";"A01";"3";"7";"0";"2";"3";"1";"1";""
"202400033611";"155722564";"B01";"3";"7";"9";"2";"2";"19";"1";""
"202400033612";"155722561";"A01";"1";"7";"0";"1";"1";"17";"1";""
"202400033613";"155722560";"A01";"1";"50";"0";"1";"1";"1";"3";""
"202400033614";"155722559";"A01";"2";"7";"0";"2";"1";"2";"1";""
"202400033614";"155722563";"B01";"2";"13";"0";"0";"4";"2";"1";""
"202400033615";"155722557";"A01";"1";"7";"0";"1";"4";"4";"1";""
"202400033616";"155722555";"A01";"1";"7";"0";"2";"3";"9";"1";""
"202400033616";"155722558";"B01";"2";"1";"0";"2";"7";"1";"5";""
"202400033617";"155722552";"A01";"0";"10";"0";"2";"8";"15";"1";""
"202400033617";"155722556";"B01";"0";"7";"0";"2";"3";"1";"1";""
"202400033618";"155722553";"A01";"1";"7";"8";"2";"8";"1";"1";""
"202400033618";"155722554";"B01";"2";"7";"0";"2";"1";"1";"1";""
"202400033619";"155722548";"Z01";"1";"14";"0";"0";"0";"0";"0";""
"202400033619";"155722550";"A01";"1";"7";"0";"2";"8";"1";"1";""
"202400033620";"155722549";"A01";"1";"1";"0";"2";"1";"19";"5";""
"202400033620";"155722551";"B01";"2";"7";"0";"2";"6";"1";"1";""
"202400033621";"155722546";"A01";"3";"7";"4";"0";"1";"1";"1";""
"202400033622";"155722545";"A01";"2";"7";"0";"2";"3";"1";"1";""
"202400033622";"155722547";"B01";"1";"7";"0";"2";"1";"1";"1";""
"202400033623";"155722543";"A01";"2";"33";"0";"2";"1";"1";"1";""
"202400033624";"155722542";"A01";"1";"7";"0";"2";"1";"13";"1";""
"202400033624";"155722544";"B01";"2";"7";"0";"2";"1";"21";"1";""
"202400033625";"155722538";"A01";"2";"7";"0";"2";"1";"16";"1";""
"202400033625";"155722541";"B01";"2";"1";"0";"2";"8";"19";"5";""
"202400033626";"155722535";"A01";"1";"7";"3";"2";"1";"1";"1";""
"202400033626";"155722539";"B01";"1";"7";"0";"2";"1";"2";"1";""
"202400033627";"155722536";"A01";"2";"7";"0";"2";"1";"13";"1";""
"202400033627";"155722537";"B01";"1";"7";"0";"2";"1";"1";"1";""
"202400033628";"155722534";"A01";"3";"7";"8";"2";"2";"1";"1";""
"202400033628";"155722540";"B01";"3";"7";"8";"2";"3";"1";"1";""
"202400033629";"155722530";"A01";"2";"10";"0";"2";"2";"16";"1";""
"202400033629";"155722533";"B01";"2";"80";"0";"2";"3";"1";"3";""
"202400033630";"155722529";"B01";"1";"33";"0";"2";"3";"13";"1";""
"202400033630";"155722531";"A01";"2";"10";"0";"2";"8";"21";"1";""
"202400033631";"155722528";"A01";"1";"2";"14";"0";"1";"1";"1";""
"202400033632";"155722527";"A01";"1";"7";"13";"0";"0";"1";"0";""
"202400033633";"155722524";"A01";"2";"7";"2";"2";"1";"13";"1";""
"202400033634";"155722525";"A01";"2";"33";"11";"0";"1";"13";"1";""
"202400033635";"155722522";"A01";"1";"32";"0";"0";"0";"14";"2";""
"202400033636";"155722523";"A01";"1";"7";"0";"2";"1";"1";"1";""
"202400033636";"155722526";"B01";"1";"2";"0";"2";"1";"11";"1";""
"202400033637";"155722520";"A01";"1";"7";"4";"0";"0";"1";"1";""
"202400033638";"155722519";"A01";"1";"10";"16";"0";"9";"13";"1";""
"202400033639";"155722515";"Z01";"1";"7";"0";"2";"1";"0";"0";""
"202400033639";"155722517";"A01";"1";"7";"0";"2";"4";"1";"1";""
"202400033640";"155722516";"C01";"1";"7";"0";"2";"4";"1";"1";""
"202400033640";"155722518";"A01";"1";"7";"0";"2";"1";"2";"1";""
"202400033640";"155722521";"B01";"1";"7";"0";"2";"4";"1";"2";""
"202400033641";"155722513";"B01";"2";"34";"0";"2";"1";"1";"1";""
"202400033641";"155722514";"A01";"1";"7";"0";"2";"6";"1";"1";""
"202400033642";"155722510";"A01";"3";"1";"0";"0";"0";"1";"5";""
"202400033643";"155722509";"B01";"2";"7";"0";"2";"6";"2";"1";""
"202400033643";"155722511";"A01";"2";"7";"0";"2";"1";"2";"1";""
"202400033644";"155722507";"A01";"2";"7";"0";"2";"1";"2";"1";""
"202400033644";"155722512";"B01";"2";"7";"0";"2";"4";"2";"1";""
"202400033645";"155722506";"A01";"3";"7";"2";"2";"7";"20";"1";""
"202400033645";"155722508";"B01";"3";"1";"0";"2";"1";"1";"5";""
"202400033646";"155722504";"A01";"1";"7";"0";"2";"5";"15";"1";""
"202400033646";"155722505";"B01";"2";"50";"0";"2";"1";"17";"3";""
"202400033647";"155722503";"A01";"2";"7";"6";"0";"8";"1";"1";""
"202400033648";"155722500";"A01";"1";"2";"0";"0";"0";"0";"1";""
"202400033649";"155722499";"A01";"2";"7";"0";"2";"3";"1";"2";""
"202400033649";"155722502";"B01";"1";"7";"0";"2";"3";"13";"1";""
"202400033650";"155722498";"A01";"2";"7";"0";"2";"2";"1";"1";""
"202400033650";"155722501";"B01";"2";"7";"0";"2";"6";"15";"1";""
"202400033651";"155722494";"A01";"2";"7";"0";"1";"6";"4";"1";""
"202400033652";"155722493";"B01";"2";"1";"0";"2";"3";"1";"5";""
"202400033652";"155722496";"A01";"1";"7";"0";"0";"3";"15";"1";""
"202400033653";"155722489";"A01";"2";"7";"0";"2";"3";"23";"1";""
"202400033653";"155722491";"B01";"1";"1";"0";"2";"7";"2";"5";""
"202400033654";"155722488";"B01";"1";"1";"0";"2";"2";"1";"5";""
"202400033654";"155722490";"A01";"0";"7";"0";"2";"1";"15";"1";""
"202400033655";"155722492";"B01";"3";"7";"0";"2";"7";"1";"1";""
"202400033655";"155722497";"A01";"3";"7";"0";"2";"1";"15";"1";""
"202400033656";"155722487";"A01";"1";"7";"8";"0";"1";"14";"1";""
"202400033657";"155722486";"A01";"1";"7";"0";"2";"7";"10";"1";""
"202400033657";"155722495";"B01";"1";"31";"0";"2";"1";"1";"1";""
"202400033658";"155722482";"B01";"1";"1";"0";"2";"2";"1";"5";""
"202400033658";"155722485";"A01";"1";"7";"0";"2";"2";"9";"1";""
"202400033659";"155722480";"A01";"1";"33";"13";"0";"8";"2";"1";""
"202400033660";"155722481";"A01";"1";"7";"0";"0";"6";"21";"0";""
"202400033660";"155722484";"B01";"1";"31";"0";"2";"1";"17";"0";""
"202400033661";"155722479";"A01";"1";"33";"0";"1";"1";"1";"1";""
"202400033662";"155722476";"A01";"2";"7";"0";"2";"1";"1";"1";""
"202400033662";"155722478";"C01";"2";"7";"0";"0";"0";"0";"1";""
"202400033662";"155722483";"B01";"2";"7";"0";"0";"4";"1";"2";""
"202400033663";"155722474";"A01";"2";"7";"0";"1";"2";"2";"1";""
"202400033664";"155722472";"A01";"1";"7";"0";"2";"4";"15";"1";""
"202400033664";"155722477";"B01";"1";"7";"0";"2";"1";"1";"1";""
"202400033665";"155722473";"B01";"1";"7";"0";"2";"3";"2";"1";""
"202400033665";"155722475";"A01";"2";"7";"0";"2";"3";"1";"1";""
"202400033666";"155722469";"A01";"0";"7";"8";"0";"1";"14";"1";""
"202400033667";"155722468";"A01";"3";"7";"0";"2";"3";"17";"1";""
"202400033667";"155722471";"B01";"3";"7";"0";"2";"3";"1";"1";""
"202400033668";"155722466";"B01";"2";"33";"14";"2";"2";"3";"1";""
"202400033668";"155722470";"A01";"2";"7";"14";"2";"3";"13";"1";""
"202400033669";"155722463";"A01";"3";"10";"0";"2";"3";"2";"1";""
"202400033669";"155722464";"B01";"3";"7";"0";"2";"4";"2";"1";""
"202400033669";"155722467";"C01";"3";"7";"0";"2";"4";"2";"1";""
"202400033670";"155722461";"A01";"1";"30";"0";"0";"0";"0";"1";""
"202400033671";"155722460";"A01";"1";"7";"0";"0";"4";"23";"1";""
"202400033671";"155722465";"B01";"1";"7";"0";"2";"1";"1";"1";""
"202400033672";"155722459";"A01";"3";"7";"0";"1";"1";"1";"2";""
"202400033673";"155722458";"A01";"1";"7";"11";"0";"3";"13";"1";""
"202400033674";"155722456";"A01";"2";"7";"13";"0";"8";"13";"1";""
"202400033675";"155722457";"B01";"2";"7";"0";"2";"8";"15";"1";""
"202400033675";"155722462";"A01";"2";"43";"0";"2";"1";"17";"1";""
"202400033676";"155722454";"A01";"1";"7";"0";"1";"3";"15";"1";""
"202400033677";"155722451";"A01";"2";"7";"8";"0";"1";"0";"1";""
"202400033678";"155722452";"A01";"1";"7";"2";"0";"7";"1";"1";""
"202400033679";"155722450";"A01";"1";"7";"0";"2";"5";"15";"1";""
"202400033679";"155722455";"B01";"1";"32";"0";"2";"3";"2";"1";""
"202400033680";"155722448";"B01";"2";"7";"0";"2";"3";"1";"1";""
"202400033680";"155722453";"A01";"1";"7";"0";"2";"1";"26";"1";""
"202400033681";"155722444";"A01";"2";"30";"0";"2";"2";"17";"1";""
"202400033681";"155722449";"B01";"2";"7";"0";"2";"8";"0";"3";""
"202400033682";"155722441";"A01";"3";"1";"0";"2";"0";"1";"5";""
"202400033682";"155722445";"B01";"3";"7";"0";"9";"8";"15";"1";""
"202400033683";"155722443";"A01";"3";"7";"0";"2";"7";"1";"1";""
"202400033683";"155722447";"B01";"0";"2";"0";"2";"1";"1";"1";""
"202400033684";"155722442";"B01";"2";"20";"0";"0";"6";"15";"1";""
"202400033684";"155722446";"A01";"2";"7";"0";"2";"2";"17";"1";""
"202400033685";"155722436";"A01";"2";"7";"13";"0";"9";"1";"1";""
"202400033686";"155722438";"B01";"1";"7";"0";"2";"5";"1";"1";""
"202400033686";"155722440";"A01";"1";"2";"0";"2";"1";"9";"1";""
"202400033687";"155722432";"A01";"1";"10";"0";"1";"7";"2";"1";""
"202400033688";"155722434";"A01";"1";"7";"0";"2";"1";"15";"2";""
"202400033688";"155722437";"B01";"2";"1";"0";"2";"3";"1";"5";""
"202400033689";"155722428";"A01";"0";"1";"0";"0";"1";"1";"5";""
"202400033690";"155722429";"B01";"2";"15";"0";"2";"4";"2";"1";""
"202400033690";"155722430";"A01";"2";"10";"3";"2";"1";"2";"1";""
"202400033691";"155722422";"C01";"2";"7";"0";"2";"8";"23";"1";""
"202400033691";"155722425";"A01";"2";"32";"0";"2";"1";"17";"1";""
"202400033691";"155722427";"B01";"1";"7";"0";"2";"1";"1";"1";""
"202400033692";"155722421";"B01";"1";"33";"0";"2";"7";"3";"1";""
"202400033692";"155722424";"A01";"1";"7";"0";"2";"2";"1";"1";""
"202400033692";"155722426";"C01";"1";"7";"0";"2";"1";"1";"1";""
"202400033693";"155722419";"A01";"0";"2";"0";"2";"1";"1";"1";""
"202400033693";"155722423";"B01";"0";"7";"0";"0";"4";"15";"1";""
"202400033694";"155722417";"A01";"1";"33";"0";"2";"1";"2";"1";""
"202400033694";"155722420";"B01";"1";"7";"0";"2";"4";"1";"1";""
"202400033695";"155722416";"A01";"3";"7";"0";"1";"1";"0";"1";""
"202400033696";"155722418";"A01";"1";"7";"0";"1";"1";"1";"1";""
"202400033697";"155722415";"A01";"1";"7";"0";"0";"1";"1";"1";""
"202400033698";"155722414";"A01";"0";"7";"16";"0";"0";"17";"1";""
"202400033699";"155722412";"A01";"2";"7";"0";"2";"2";"19";"1";""
"202400033699";"155722413";"B01";"1";"32";"0";"2";"5";"17";"1";""
"202400033700";"155722409";"A01";"2";"10";"0";"1";"2";"0";"1";""
"202400033701";"155722407";"A01";"1";"7";"2";"0";"7";"1";"1";""
"202400033702";"155722406";"A01";"3";"7";"0";"2";"2";"1";"1";""
"202400033702";"155722410";"B01";"3";"7";"0";"2";"1";"1";"1";""
"202400033703";"155722405";"A01";"1";"7";"8";"0";"0";"14";"1";""
"202400033704";"155722404";"A01";"3";"7";"0";"1";"1";"15";"1";""
"202400033705";"155722401";"A01";"1";"7";"0";"2";"0";"0";"0";""
"202400033705";"155722402";"B01";"1";"7";"0";"2";"4";"0";"1";""
"202400033706";"155722399";"A01";"2";"7";"0";"2";"2";"15";"1";""
"202400033706";"155722403";"B01";"1";"33";"0";"2";"1";"1";"1";""
"202400033707";"155722396";"Z01";"2";"7";"0";"1";"1";"0";"1";""
"202400033708";"155722397";"A01";"2";"7";"0";"2";"3";"2";"1";""
"202400033708";"155722400";"B01";"2";"33";"0";"2";"4";"2";"1";""
"202400033709";"155722395";"A01";"0";"7";"0";"2";"8";"0";"1";""
"202400033709";"155722398";"B01";"1";"7";"0";"2";"1";"1";"1";""
"202400033710";"155722394";"A01";"2";"7";"0";"1";"3";"1";"1";""
"202400033711";"155722393";"A01";"2";"7";"3";"0";"1";"2";"1";""
"202400033712";"155722392";"A01";"2";"7";"0";"0";"3";"13";"1";""
"202400033713";"155722391";"A01";"0";"7";"0";"1";"2";"1";"1";""
"202400033714";"155722390";"A01";"0";"7";"0";"1";"1";"1";"1";""
"202400033715";"155722387";"B01";"1";"7";"0";"2";"5";"2";"1";""
"202400033715";"155722389";"A01";"1";"7";"0";"2";"1";"2";"1";""
"202400033716";"155722386";"A01";"1";"10";"0";"1";"3";"2";"1";""
"202400033717";"155722384";"A01";"2";"2";"0";"2";"3";"9";"1";""
"202400033717";"155722388";"B01";"1";"10";"0";"2";"1";"1";"1";""
"202400033718";"155722383";"A01";"1";"7";"2";"0";"5";"14";"1";""
"202400033719";"155722382";"A01";"2";"7";"0";"2";"8";"22";"1";""
"202400033719";"155722385";"B01";"2";"1";"0";"2";"7";"1";"5";""
"202400033720";"155722375";"Z01";"2";"7";"0";"2";"1";"9";"0";""
"202400033720";"155722381";"A01";"2";"1";"0";"2";"7";"1";"5";""
"202400033721";"155722374";"A01";"2";"7";"0";"2";"3";"0";"1";""
"202400033721";"155722380";"B01";"1";"7";"0";"2";"3";"0";"1";""
"202400033722";"155722373";"B01";"1";"34";"0";"2";"2";"1";"1";""
"202400033722";"155722378";"A01";"1";"7";"0";"2";"6";"16";"1";""
"202400033723";"155722377";"B01";"3";"33";"0";"2";"1";"1";"1";""
"202400033723";"155722379";"A01";"3";"10";"0";"2";"1";"15";"1";""
"202400033724";"155722372";"A01";"2";"10";"0";"2";"8";"10";"1";""
"202400033724";"155722376";"B01";"2";"30";"0";"2";"2";"17";"1";""
"202400033725";"155722368";"B01";"2";"7";"0";"2";"2";"1";"1";""
"202400033725";"155722371";"C01";"2";"0";"0";"2";"5";"12";" -1";""
"202400033726";"155722366";"A01";"3";"7";"0";"1";"1";"16";"1";""
"202400033727";"155722364";"C01";"2";"17";"0";"0";"5";"1";"1";""
"202400033727";"155722367";"A01";"2";"17";"0";"2";"2";"1";"0";""
"202400033727";"155722369";"B01";"2";"15";"0";"0";"4";"1";"0";""
"202400033728";"155722361";"A01";"2";"7";"14";"0";"1";"6";"1";""
"202400033729";"155722363";"A01";"1";"7";"0";"2";"9";"13";"1";""