"Num_Acc";"id_vehicule";"num_veh";"senc";"catv";"obs";"obsm";"choc";"manv";"motor";"occutc"
"202400034152";"155721616";"B01";"1";"7";"0";"0";" -1";"9";"1";""
"202400034152";"155721619";"A01";"2";"33";"0";"0";"9";"26";"1";""
"202400034153";"155721614";"A01";"1";"7";"0";"2";"3";"11";"0";""
"202400034153";"155721617";"B01";"1";"7";"0";"2";"1";"0";"0";""
"202400034154";"155721615";"B01";"0";"7";"0";"2";"3";"1";"1";""
"202400034154";"155721618";"A01";"0";"2";"0";"2";"1";"15";"1";""
"202400034155";"155721612";"B01";"3";"31";"0";"2";"1";"1";"1";""
"202400034155";"155721613";"A01";"3";"7";"0";"2";"2";"19";"1";""
"202400034156";"155721606";"B01";"0";"10";"0";"0";"3";"1";"0";""
"202400034156";"155721608";"A01";"1";"33";"0";"0";"1";"26";"1";""
"202400034157";"155721604";"A01";"1";"7";"13";"0";"1";"14";"1";""
"202400034157";"155721605";"B01";"1";"7";"0";"2";"8";"20";"1";""
"202400034157";"155721607";"C01";"1";"7";"1";"0";"4";"26";"1";""
"202400034157";"155721611";"D01";"1";"10";"1";"0";"1";"21";"1";""
"202400034158";"155721609";"A01";"3";"7";"0";"2";"2";"16";"1";""
"202400034158";"155721610";"B01";"3";"50";"0";"2";"1";"1";"3";""
"202400034159";"155721603";"A01";"1";"7";"0";"0";"0";"2";"1";""
"202400034160";"155721601";"A01";"2";"50";"0";"0";"1";"1";"3";""
"202400034161";"155721599";"A01";"1";"7";"0";"0";"9";"12";"1";""
"202400034162";"155721596";"A01";"3";"7";"0";"2";"1";"13";"1";""
"202400034162";"155721598";"B01";"3";"7";"0";"2";"1";"13";"2";""
"202400034163";"155721594";"A01";"3";"7";"0";"1";"1";"1";"1";""
"202400034164";"155721592";"B01";"1";"31";"0";"2";"5";"17";"1";""
"202400034164";"155721593";"A01";"1";"7";"0";"2";"3";"15";"1";""
"202400034165";"155721590";"E01";"2";"7";"14";"2";"3";"2";"1";""
"202400034165";"155721591";"D01";"2";"7";"14";"9";"0";"2";"1";""
"202400034165";"155721595";"A01";"2";"7";"4";"0";"9";"1";"1";""
"202400034165";"155721597";"B01";"2";"7";"14";"2";"1";"0";"1";""
"202400034165";"155721600";"C01";"2";"7";"14";"2";"0";"1";"2";""
"202400034166";"155721586";"A01";"0";"7";"0";"9";"1";"1";"1";""
"202400034166";"155721587";"B01";"0";"1";"0";"0";"1";"1";"5";""
"202400034167";"155721585";"B01";"3";"33";"0";"2";"1";"1";"0";""
"202400034167";"155721588";"A01";"3";"7";"0";"0";"0";"19";"0";""
"202400034167";"155721589";"C01";"3";"7";"0";"2";"3";"23";"1";""
"202400034168";"155721584";"A01";"3";"7";"0";"0";"3";"1";"1";""
"202400034169";"155721583";"A01";"2";"33";"4";"0";"7";"16";"1";""
"202400034170";"155721580";"A01";"3";"7";"0";"1";"7";"2";"1";""
"202400034171";"155721581";"A01";"1";"7";"0";"9";"3";"9";"1";""
"202400034171";"155721582";"B01";"1";"80";"0";"0";"5";"1";"3";""
"202400034172";"155721578";"A01";"2";"7";"14";"0";"1";"26";"1";""
"202400034173";"155721573";"B01";"1";"7";"0";"2";"3";"1";"1";""
"202400034173";"155721576";"A01";"2";"33";"13";"2";"0";"17";"1";""
"202400034174";"155721574";"A01";"1";"7";"0";"2";"1";"1";"1";""
"202400034174";"155721575";"D01";"1";"7";"0";"2";"8";"1";"1";""
"202400034174";"155721577";"B01";"1";"7";"0";"2";"9";"2";"1";""
"202400034174";"155721579";"C01";"1";"7";"0";"2";"4";"2";"1";""
"202400034175";"155721571";"A01";"2";"7";"0";"2";"1";"9";"1";""
"202400034175";"155721572";"B01";"1";"1";"0";"2";"7";"1";"5";""
"202400034176";"155721569";"A01";"1";"7";"0";"2";"3";"15";"1";""
"202400034176";"155721570";"B01";"1";"7";"0";"2";"2";"18";"1";""
"202400034177";"155721567";"A01";"3";"7";"0";"1";"4";"20";"1";""
"202400034178";"155721566";"B01";"1";"32";"0";"2";"8";"1";"1";""
"202400034178";"155721568";"A01";"2";"7";"0";"2";"1";"15";"1";""
"202400034179";"155721563";"A01";"2";"7";"0";"2";"2";"1";"1";""
"202400034179";"155721564";"B01";"1";"1";"0";"2";"4";"1";"5";""
"202400034179";"155721565";"C01";"1";"1";"0";"2";"6";"1";"5";""
"202400034180";"155721560";"A01";"3";"21";"0";"2";"8";"9";"1";""
"202400034180";"155721562";"B01";"3";"31";"0";"2";"1";"1";"1";""
"202400034181";"155721559";"A01";"2";"80";"0";"2";"1";"19";"3";""
"202400034181";"155721561";"B01";"2";"7";"0";"2";"2";"1";"1";""
"202400034182";"155721556";"A01";"1";"36";"12";"0";"2";"1";"1";""
"202400034183";"155721555";"B01";"2";"1";"0";"2";"0";"1";"5";""
"202400034183";"155721558";"A01";"2";"10";"0";"9";"0";"2";"1";""
"202400034184";"155721557";"A01";"1";"38";"16";"0";"7";"1";"1";"56"
"202400034185";"155721551";"B01";"1";"31";"0";"2";"1";"15";"1";""
"202400034185";"155721554";"A01";"2";"7";"0";"2";"2";"15";"1";""
"202400034186";"155721553";"A01";"0";"33";"6";"0";"1";"1";"1";""
"202400034187";"155721550";"A01";"1";"7";"0";"2";"7";"20";"1";""
"202400034187";"155721552";"B01";"2";"33";"0";"2";"1";"1";"1";""
"202400034188";"155721549";"A01";"2";"80";"1";"0";"0";"1";"3";""
"202400034189";"155721548";"A01";"1";"7";"9";"0";"2";"1";"1";""
"202400034190";"155721545";"A01";"1";"2";"12";"0";"0";"1";"1";""
"202400034191";"155721546";"A01";"1";"7";"0";"2";"0";"0";"0";""
"202400034191";"155721547";"B01";"0";"99";"0";"2";"0";"19";"0";""
"202400034192";"155721544";"A01";"1";"43";"11";"0";"1";"17";"1";""
"202400034193";"155721542";"B01";"3";"7";"0";"2";"1";"1";"1";""
"202400034193";"155721543";"A01";"3";"60";"0";"2";"1";"13";"5";""
"202400034194";"155721539";"B01";"2";"37";"0";"2";"6";"1";"0";"1"
"202400034194";"155721541";"A01";"2";"33";"3";"2";"1";"17";"1";""
"202400034195";"155721538";"A01";"1";"33";"0";"2";"1";"1";"1";""
"202400034195";"155721540";"B01";"2";"7";"0";"2";"2";"10";"1";""
"202400034196";"155721537";"A01";"1";"7";"0";"1";"4";"25";"1";""
"202400034197";"155721535";"A01";"1";"50";"0";"2";"1";"19";"3";""
"202400034197";"155721536";"B01";"1";"7";"0";"2";"3";"0";"1";""
"202400034198";"155721534";"A01";"3";"7";"0";"1";"1";"1";"1";""
"202400034199";"155721530";"B01";"2";"7";"0";"2";"1";"1";"1";""
"202400034199";"155721532";"A01";"1";"33";"0";"2";"2";"1";"1";""
"202400034200";"155721531";"A01";"1";"50";"0";"4";"1";"1";"3";""
"202400034200";"155721533";"B01";"2";"40";"0";"2";"3";"26";"3";""
"202400034201";"155721529";"A01";"3";"7";"16";"0";" -1";"1";"1";""
"202400034202";"155721527";"A01";"2";"7";"0";"2";"1";"13";"1";""
"202400034202";"155721528";"B01";"1";"7";"12";"2";"0";"0";"1";""
"202400034203";"155721525";"A01";"2";"7";"0";"2";"3";"15";"1";""
"202400034203";"155721526";"B01";"1";"13";"0";"2";"2";"1";"1";""
"202400034204";"155721521";"A01";"3";"7";"0";"0";"2";"1";"1";""
"202400034204";"155721523";"B01";"3";"7";"0";"0";"3";"1";"1";""
"202400034205";"155721522";"B01";"1";"2";"0";"2";"0";"0";"0";""
"202400034205";"155721524";"A01";"2";"7";"0";"2";"1";"0";"0";""
"202400034206";"155721518";"A01";"0";"2";"5";"2";"1";"2";"1";""
"202400034206";"155721520";"B01";"0";"1";"0";"0";"4";"1";"5";""
"202400034207";"155721516";"A01";"3";"7";"6";"0";"7";"0";"1";""
"202400034208";"155721517";"B01";"1";"7";"0";"2";"1";"1";"1";""
"202400034208";"155721519";"A01";"1";"1";"0";"2";"7";"1";"5";""
"202400034209";"155721515";"A01";"3";"2";"0";"0";"2";"1";"1";""
"202400034210";"155721512";"A01";"2";"7";"0";"2";"2";"2";"1";""
"202400034210";"155721514";"B01";"2";"30";"0";"2";"4";"2";"1";""
"202400034211";"155721510";"A01";"1";"2";"0";"2";"1";"2";"1";""
"202400034211";"155721511";"B01";"1";"2";"14";"0";"4";"2";"1";""
"202400034211";"155721513";"C01";"1";"7";"0";"0";"4";"23";"1";""
"202400034212";"155721509";"A01";"2";"7";"2";"0";"1";"14";"1";""
"202400034213";"155721507";"B01";"3";"1";"0";"2";"4";"0";"5";""
"202400034213";"155721508";"A01";"3";"7";"0";"9";"1";"26";"1";""
"202400034214";"155721505";"A01";"2";"7";"0";"2";"1";"15";"1";""
"202400034214";"155721506";"B01";"1";"50";"0";"2";"8";"1";"3";""
"202400034215";"155721503";"A01";"2";"7";"13";"2";"1";"1";"1";""
"202400034215";"155721504";"B01";"1";"7";"0";"2";"1";"0";"1";""
"202400034216";"155721499";"B01";"1";"15";"0";"2";"3";"0";"1";""
"202400034216";"155721501";"A01";"2";"7";"0";"2";"1";"5";"1";""
"202400034217";"155721495";"C01";"1";"7";"0";"0";"5";"1";"1";""
"202400034217";"155721496";"A01";"1";"7";"0";"2";"1";"1";"1";""
"202400034217";"155721498";"B01";"1";"13";"0";"0";"2";"1";"1";""
"202400034218";"155721494";"B01";"2";"2";"0";"2";"7";"1";"1";""
"202400034218";"155721497";"A01";"1";"7";"0";"2";"3";"9";"1";""
"202400034219";"155721492";"A01";"3";"2";"0";"2";"3";"1";"1";""
"202400034219";"155721493";"B01";"3";"7";"0";"2";"2";"1";"1";""
"202400034220";"155721490";"A01";"2";"7";"7";"0";"1";"1";"1";""
"202400034221";"155721486";"A01";"1";"7";"3";"0";"2";"1";"1";""
"202400034221";"155721488";"B01";"2";"10";"0";"0";"4";"23";"1";""
"202400034221";"155721489";"C01";"2";"10";"1";"0";"1";"2";"1";""
"202400034222";"155721487";"A01";"1";"7";"0";"2";"8";"21";"1";""
"202400034222";"155721491";"B01";"3";"17";"0";"2";"3";"23";"1";""
"202400034223";"155721483";"A01";"1";"10";"0";"2";"3";"13";"1";""
"202400034223";"155721485";"B01";"2";"34";"0";"2";"1";"13";"1";""
"202400034224";"155721480";"A01";"1";"7";"0";"2";"8";"1";"1";""
"202400034224";"155721482";"B01";"2";"33";"0";"2";"8";"13";"1";""
"202400034225";"155721481";"A01";"3";"7";"8";"2";"3";"1";"2";""
"202400034225";"155721484";"B01";"3";"7";"0";"2";"1";"1";"2";""
"202400034226";"155721478";"A01";"3";"7";"0";"1";"3";"1";"1";""
"202400034227";"155721477";"A01";"2";"7";"0";"2";"1";"13";"1";""
"202400034227";"155721479";"B01";"1";"7";"0";"2";"1";"1";"1";""
"202400034228";"155721476";"A01";"2";"7";"0";"1";"2";"14";"3";""
"202400034229";"155721474";"A01";"1";"7";"0";"2";"1";"17";"1";""
"202400034229";"155721475";"B01";"1";"7";"0";"2";"3";"9";"2";""
"202400034230";"155721472";"A01";"1";"33";"0";"0";"8";"2";"1";""
"202400034231";"155721473";"A01";"1";"33";"12";"0";"8";"1";"1";""
"202400034232";"155721469";"A01";"2";"34";"0";"2";"1";"2";"1";""
"202400034232";"155721471";"B01";"2";"3";"0";"9";"6";"1";"1";""
"202400034233";"155721468";"B01";"2";"7";"0";"2";"4";"1";"1";""
"202400034233";"155721470";"A01";"2";"14";"0";"2";"1";"2";"1";""
"202400034234";"155721465";"A01";"3";"7";"0";"1";"1";"1";"1";""
"202400034235";"155721462";"B01";"2";"7";"0";"2";"4";"2";"1";""
"202400034235";"155721463";"C01";"2";"7";"0";"2";"4";"2";"1";""
"202400034235";"155721464";"D01";"2";"7";"0";"2";"4";"2";"1";""
"202400034235";"155721466";"E01";"2";"7";"0";"2";"1";"2";"1";""
"202400034235";"155721467";"A01";"2";"7";"0";"0";"4";"1";"1";""
"202400034236";"155721461";"A01";"2";"7";"0";"1";"1";"15";"1";""
"202400034237";"155721459";"A01";"2";"33";"0";"2";"1";"1";"1";""
"202400034237";"155721460";"B01";"2";"7";"0";"2";"7";"15";"1";""
"202400034238";"155721457";"A01";"2";"7";"2";"0";"9";"14";"1";""
"202400034239";"155721455";"A01";"1";"1";"0";"0";"0";"0";"5";""
"202400034240";"155721456";"A01";"1";"7";"0";"2";"5";"15";"1";""
"202400034240";"155721458";"B01";"2";"2";"0";"2";"1";"1";"3";""
"202400034241";"155721454";"A01";"1";"7";"16";"0";"0";"0";"1";""
"202400034242";"155721452";"A01";"3";"10";"0";"2";"6";"9";"1";""
"202400034242";"155721453";"B01";"3";"50";"0";"2";"2";"1";"3";""
"202400034243";"155721450";"B01";"2";"7";"0";"2";"1";"1";"1";""
"202400034243";"155721451";"A01";"1";"3";"0";"2";"2";"13";"1";""
"202400034244";"155721446";"B01";"2";"33";"0";"2";"1";"2";"1";""
"202400034244";"155721447";"A01";"2";"10";"0";"2";"4";"23";"1";""
"202400034245";"155721448";"A01";"1";"50";"0";"2";"7";"15";"3";""
"202400034245";"155721449";"B01";"2";"7";"0";"2";"2";"1";"1";""
"202400034246";"155721445";"A01";"1";"7";"0";"0";"1";"1";"1";""
"202400034247";"155721442";"A01";"2";"7";"13";"0";"3";"1";"1";""
"202400034248";"155721443";"A01";"3";"10";"0";"2";"3";"13";"1";""
"202400034248";"155721444";"B01";"3";"13";"0";"2";"3";"1";"1";""
"202400034249";"155721439";"B01";"2";"7";"0";"2";"3";"1";"1";""
"202400034249";"155721441";"A01";"1";"7";"0";"2";"3";"17";"1";""
"202400034250";"155721438";"B01";"2";"7";"0";"2";"3";"1";"1";""
"202400034250";"155721440";"A01";"2";"2";"0";"2";"1";"17";"1";""
"202400034251";"155721436";"A01";"3";"10";"0";"9";"2";"0";"0";""
"202400034251";"155721437";"B01";"3";"1";"13";"0";"0";"2";"5";""
"202400034252";"155721434";"A01";"1";"33";"7";"2";"3";"13";"1";""
"202400034252";"155721435";"B01";"1";"7";"0";"2";"2";"1";"1";""
"202400034253";"155721432";"A01";"2";"7";"0";"9";"3";"1";"1";""
"202400034253";"155721433";"B01";"1";"1";"0";"2";"3";"13";"5";""
"202400034254";"155721431";"A01";"3";"7";"0";"1";"1";"0";"1";""
"202400034255";"155721429";"A01";"1";"7";"0";"2";"4";"26";"1";""
"202400034255";"155721430";"B01";"1";"43";"0";"2";"1";"2";"1";""
"202400034256";"155721425";"B01";"2";"7";"0";"2";"5";"1";"1";""
"202400034256";"155721427";"A01";"2";"33";"0";"2";"3";"3";"1";""
"202400034257";"155721423";"A01";"2";"31";"0";"0";"7";"1";"1";""
"202400034258";"155721422";"A01";"0";"7";"0";"1";"7";"1";"1";""
"202400034259";"155721420";"A01";"2";"7";"0";"2";"1";"1";"1";""
"202400034259";"155721421";"B01";"2";"14";"0";"2";"0";"0";"1";""
"202400034260";"155721416";"A01";"1";"33";"0";"2";"1";"1";"1";""
"202400034260";"155721418";"B01";"1";"7";"0";"2";"4";"1";"1";""
"202400034261";"155721417";"A01";"1";"10";"0";"2";"2";"1";"2";""
"202400034261";"155721419";"B01";"1";"10";"0";"2";"1";"26";"0";""
"202400034262";"155721413";"B01";"2";"7";"8";"2";"4";"2";"1";""
"202400034262";"155721415";"A01";"2";"7";"0";"2";"1";"2";"1";""
"202400034263";"155721410";"B01";"1";"7";"0";"2";"4";"2";"2";""
"202400034263";"155721411";"C01";"1";"7";"0";"2";"4";"2";"1";""
"202400034263";"155721412";"D01";"1";"7";"0";"2";"4";"2";"1";""
"202400034263";"155721414";"A01";"1";"7";"0";"2";"1";"21";"1";""
"202400034264";"155721409";"A01";"1";"7";"0";"1";"1";"1";"1";""
"202400034265";"155721407";"A01";"2";"7";"0";"2";"2";"11";"1";""
"202400034265";"155721408";"B01";"2";"33";"0";"2";"7";"3";"1";""
"202400034266";"155721405";"B01";"1";"7";"0";"2";"3";"11";"1";""
"202400034266";"155721406";"A01";"1";"32";"0";"2";"7";"17";"1";""
"202400034267";"155721404";"A01";"2";"7";"0";"2";"8";"1";"1";""
"202400034268";"155721402";"B01";"1";"7";"0";"2";"4";"0";"1";""
"202400034268";"155721403";"A01";"1";"43";"0";"2";"1";"0";"1";""
"202400034269";"155721398";"A01";"3";"7";"8";"2";"3";"1";"1";""
"202400034269";"155721400";"B01";"3";"7";"0";"2";"3";"15";"1";""
"202400034269";"155721401";"C01";"3";"1";"9";"0";"0";"0";"5";""
"202400034270";"155721397";"B01";"1";"10";"0";"2";"4";"2";"1";""
"202400034270";"155721399";"A01";"1";"7";"0";"2";"1";"2";"1";""
"202400034271";"155721395";"A01";"1";"33";"0";"2";"1";"2";"1";""
"202400034271";"155721396";"B01";"1";"7";"0";"2";"6";"1";"2";""
"202400034272";"155721392";"B01";"2";"33";"0";"2";"8";"1";"1";""
"202400034272";"155721394";"A01";"1";"7";"0";"2";"1";"15";"1";""
"202400034273";"155721390";"A01";"1";"33";"0";"2";"1";"1";"1";""
"202400034273";"155721391";"B01";"1";"33";"0";"2";"4";"1";"1";""
"202400034273";"155721393";"C01";"1";"15";"0";"2";"6";"1";"1";""
"202400034274";"155721387";"A01";"2";"10";"0";"2";"6";"1";"1";""
"202400034274";"155721389";"B01";"2";"33";"0";"2";"1";"2";"1";""
"202400034275";"155721386";"B01";"1";"7";"0";"2";"6";"15";"1";""
"202400034275";"155721388";"A01";"1";"33";"0";"2";"6";"17";"1";""
"202400034276";"155721383";"A01";"1";"10";"0";"2";"4";"1";"1";""
"202400034276";"155721384";"B01";"1";"43";"0";"2";"6";"3";"1";""
"202400034276";"155721385";"C01";"1";"10";"0";"2";"3";"14";"1";""
"202400034277";"155721382";"A01";"3";"30";"0";"1";"1";"1";"1";""
"202400034278";"155721379";"A01";"2";"33";"0";"2";"7";"3";"1";""
"202400034278";"155721380";"B01";"2";"7";"0";"2";"6";"2";"3";""
"202400034279";"155721378";"B01";"1";"33";"0";"2";"1";"1";"1";""
"202400034279";"155721381";"A01";"1";"7";"0";"2";"2";"19";"1";""
"202400034280";"155721376";"A01";"2";"33";"0";"0";"8";"15";"1";""
"202400034281";"155721375";"B01";"3";"37";"0";"2";"3";"1";"1";"1"
"202400034281";"155721377";"A01";"3";"7";"0";"2";"1";"13";"1";""
"202400034282";"155721374";"A01";"1";"7";"0";"1";"1";"2";"1";""
"202400034283";"155721372";"A01";"0";"7";"0";"2";"1";"1";"3";""
"202400034283";"155721373";"B01";"0";"50";"0";"0";"0";"0";"3";""
"202400034284";"155721369";"A01";"3";"7";"0";"2";"3";"1";"1";""
"202400034284";"155721371";"B01";"3";"7";"0";"2";"3";"14";"1";""
"202400034285";"155721367";"A01";"3";"7";"0";"1";"2";"1";"1";""
"202400034286";"155721366";"B01";"0";"30";"0";"2";"4";"1";"1";""
"202400034286";"155721368";"A01";"0";"7";"0";"9";"1";"1";"1";""
"202400034287";"155721362";"A01";"3";"50";"0";"2";"8";"19";"3";""
"202400034287";"155721364";"B01";"0";"7";"0";"2";"0";"2";"1";""
"202400034288";"155721361";"B01";"1";"7";"0";"2";"4";"23";"1";""
"202400034288";"155721363";"C01";"1";"7";"0";"2";"4";"23";"1";""
"202400034288";"155721365";"A01";"1";"7";"0";"2";"1";"2";"2";""
"202400034289";"155721357";"A01";"1";"7";"0";"2";"3";"13";"1";""
"202400034289";"155721359";"B01";"2";"7";"0";"2";"3";"1";"1";""
"202400034290";"155721353";"A01";"1";"33";"0";"2";"1";"1";"1";""
"202400034290";"155721355";"B01";"1";"7";"0";"0";"4";"15";"1";""
"202400034291";"155721354";"B01";"1";"50";"0";"2";"1";"1";"3";""
"202400034291";"155721356";"A01";"2";"7";"0";"9";"2";"16";"1";""
"202400034292";"155721352";"A01";"1";"50";"1";"0";"1";"1";"3";""
"202400034293";"155721351";"A01";"1";"31";"13";"0";"3";"1";"1";""
"202400034294";"155721350";"A01";"2";"7";"0";"2";"2";"1";"1";""
"202400034295";"155721348";"A01";"2";"7";"0";"2";"2";"11";"1";""
"202400034295";"155721349";"B01";"2";"7";"0";"2";"4";"1";"1";""
"202400034296";"155721346";"A01";"2";"7";"0";"2";"3";"15";"1";""
"202400034296";"155721347";"B01";"1";"32";"0";"2";"2";"17";"1";""
"202400034297";"155721345";"A01";"1";"7";"0";"1";"1";"2";"2";""
"202400034298";"155721344";"A01";"1";"50";"0";"1";"1";"25";"3";""
"202400034299";"155721340";"B01";"3";"1";"0";"2";"3";"19";"5";""
"202400034299";"155721342";"C01";"1";"1";"0";"2";"0";"0";"5";""
"202400034299";"155721343";"A01";"1";"7";"0";"2";"1";"1";"0";""
"202400034300";"155721339";"B01";"3";"7";"0";"2";"2";"1";"1";""
"202400034300";"155721341";"A01";"3";"7";"0";"2";"3";"19";"1";""
"202400034301";"155721337";"A01";"2";"7";"0";"1";"1";"1";"1";""
"202400034302";"155721334";"A01";"3";"7";"0";"2";"1";"9";"1";""
"202400034302";"155721335";"B01";"3";"10";"0";"2";"7";"9";"1";""
"202400034303";"155721336";"B01";"1";"7";"0";"2";"1";"15";"1";""
"202400034303";"155721338";"A01";"1";"7";"0";"2";"6";"15";"2";""
"202400034304";"155721332";"A01";"2";"34";"0";"2";"1";"12";"1";""
"202400034304";"155721333";"B01";"2";"10";"0";"2";"5";"1";"1";""
"202400034305";"155721330";"A01";"1";"37";"1";"2";"7";"17";"1";"2"
"202400034305";"155721331";"B01";"1";"37";"0";"2";"6";"23";"1";"1"
"202400034306";"155721329";"A01";"1";"10";"0";"1";"4";"20";"1";""
"202400034307";"155721326";"A01";"2";"1";"0";"2";"3";"15";"5";""
"202400034307";"155721327";"B01";"1";"80";"0";"2";"1";"1";"3";""
"202400034308";"155721324";"A01";"2";"1";"0";"2";"8";"13";"5";""
"202400034308";"155721325";"B01";"1";"30";"0";"2";"8";"1";"3";""
"202400034309";"155721323";"A01";"2";"31";"0";"2";"1";"17";"1";""
"202400034309";"155721328";"B01";"2";"7";"0";"2";"8";"15";"1";""
"202400034310";"155721321";"B01";"2";"1";"0";"2";"6";"2";"5";""
"202400034310";"155721322";"Z01";"2";"7";"0";"2";"2";"2";"0";""
"202400034311";"155721318";"A01";"2";"10";"0";"2";"1";"19";"1";""
"202400034311";"155721319";"B01";"2";"33";"0";"2";"7";"1";"1";""
"202400034312";"155721315";"A01";"2";"7";"0";"2";"3";"16";"1";""
"202400034312";"155721317";"B01";"2";"50";"0";"2";"1";"25";"3";""
"202400034313";"155721313";"A01";"2";"33";"1";"1";"1";"1";"1";""
"202400034314";"155721314";"A01";"3";"10";"0";"2";"2";"15";"1";""
"202400034314";"155721316";"B01";"3";"33";"0";"2";"7";"1";"1";""
"202400034315";"155721312";"A01";"2";"33";"4";"0";"2";"1";"1";""
"202400034316";"155721310";"A01";"1";"7";"0";"2";"3";"1";"2";""
"202400034316";"155721311";"B01";"2";"1";"0";"2";"1";"1";"5";""
"202400034317";"155721308";"B01";"0";"7";"0";"2";"1";"13";"0";""
"202400034317";"155721309";"Z01";"0";"0";"0";"2";"0";"26";"0";""
"202400034318";"155721306";"A01";"2";"7";"0";"2";"2";"19";"1";""
"202400034318";"155721307";"B01";"3";"7";"0";"2";"1";"15";"1";""
"202400034319";"155721305";"A01";"3";"7";"1";"1";"3";"15";"1";""
"202400034320";"155721303";"A01";"1";"7";"0";"2";"2";"1";"2";""
"202400034320";"155721304";"B01";"1";"50";"8";"0";"3";"13";"3";""
"202400034321";"155721301";"B01";"0";"50";"0";"2";"1";"1";"3";""
"202400034321";"155721302";"A01";"3";"7";"0";"2";"2";"20";"1";""
"202400034322";"155721300";"A01";"0";"7";"2";"0";"1";"2";"2";""
"202400034323";"155721299";"A01";"3";"14";"0";"1";"2";"15";"1";""
"202400034324";"155721297";"B01";"1";"14";"0";"0";"7";"0";"0";""
"202400034324";"155721298";"A01";"3";"7";"0";"0";"8";"0";"0";""
"202400034325";"155721295";"B01";"0";"7";"0";"2";"3";"15";"0";""
"202400034325";"155721296";"A01";"0";"43";"0";"2";"3";"1";"1";""
"202400034326";"155721294";"A01";"3";"7";"0";"1";"3";"1";"1";""
"202400034327";"155721293";"A01";"1";"10";"0";"1";"1";"0";"3";""
"202400034328";"155721289";"A01";"1";"7";"0";"2";"1";"1";"1";""
"202400034328";"155721290";"B01";"1";"7";"0";"2";"4";"23";"1";""
"202400034328";"155721291";"C01";"1";"7";"0";"2";"4";"23";"1";""
"202400034328";"155721292";"D01";"1";"7";"0";"2";"4";"23";"1";""
"202400034329";"155721287";"B01";"1";"7";"0";"2";"2";"0";"1";""
"202400034329";"155721288";"A01";"2";"7";"8";"2";"0";"1";"1";""
"202400034330";"155721286";"A01";"0";"60";"14";"0";"1";"25";"5";""
"202400034331";"155721284";"B01";"2";"7";"0";"2";"1";"2";"1";""
"202400034331";"155721285";"A01";"2";"7";"0";"2";"4";"2";"3";""
"202400034332";"155721282";"B01";"1";"7";"0";"2";"7";"16";"1";""
"202400034332";"155721283";"A01";"1";"32";"0";"2";"1";"1";"1";""
"202400034333";"155721281";"A01";"3";"7";"0";"1";"3";"1";"2";""
"202400034334";"155721279";"B01";"0";"34";"0";"2";"8";"1";"1";""
"202400034334";"155721280";"A01";"3";"7";"0";"2";"2";"23";"1";""
"202400034335";"155721277";"B01";"2";"7";"0";"2";"4";"1";"2";""
"202400034335";"155721278";"A01";"2";"30";"0";"2";"1";"1";"3";""
"202400034336";"155721276";"A01";"3";"33";"0";"1";"8";"0";"1";""
"202400034337";"155721274";"A01";"2";"7";"0";"0";"8";"10";"1";""
"202400034337";"155721275";"B01";"2";"7";"0";"2";"2";"21";"1";""
"202400034338";"155721273";"A01";"3";"2";"1";"0";"1";"17";"1";""
"202400034339";"155721272";"A01";"3";"2";"13";"0";"7";"2";"1";""
"202400034340";"155721270";"A01";"1";"7";"0";"2";"3";"1";"1";""
"202400034340";"155721271";"B01";"3";"1";"0";"2";"8";"19";"5";""
"202400034341";"155721269";"A01";"2";"33";"0";"6";"8";"1";"1";""
"202400034342";"155721268";"A01";"3";"7";"13";"0";"1";"1";"1";""
"202400034343";"155721266";"A01";"1";"7";"0";"2";"2";"15";"1";""
"202400034343";"155721267";"B01";"2";"2";"0";"2";"1";"1";"1";""
"202400034344";"155721265";"A01";"2";"14";"0";"0";"0";"1";"1";""
"202400034345";"155721263";"A01";"2";"7";"0";"2";"7";"15";"1";""
"202400034345";"155721264";"B01";"1";"33";"0";"2";"1";"1";"1";""
"202400034346";"155721262";"A01";"2";"2";"6";"0";"1";"1";"1";""
"202400034347";"155721261";"A01";"1";"7";"4";"0";"3";"1";"1";""
"202400034348";"155721259";"B01";"1";"7";"0";"2";"8";"1";"1";""
"202400034348";"155721260";"A01";"2";"7";"8";"2";"3";"13";"2";""
"202400034349";"155721258";"A01";"3";"34";"0";"0";"8";"15";"1";""
"202400034350";"155721257";"A01";"1";"7";"0";"0";"9";"0";"1";""
"202400034351";"155721256";"A01";"2";"7";"13";"0";"3";"1";"1";""
"202400034352";"155721254";"A01";"2";"1";"0";"2";"0";"0";"5";""
"202400034352";"155721255";"B01";"0";"15";"0";"0";"3";"1";"1";""
"202400034353";"155721252";"A01";"2";"7";"0";"2";"2";"17";"1";""
"202400034353";"155721253";"B01";"2";"7";"0";"2";"8";"15";"1";""
"202400034354";"155721250";"A01";"1";"7";"0";"2";"3";"1";"1";""
"202400034354";"155721251";"B01";"2";"33";"0";"2";"3";"1";"1";""
"202400034355";"155721248";"A01";"1";"7";"0";"2";"1";"1";"1";""
"202400034355";"155721249";"B01";"2";"15";"0";"0";"6";"9";"1";""
"202400034356";"155721247";"A01";"1";"7";"15";"0";"1";"1";"3";""
"202400034357";"155721246";"A01";"2";"33";"0";"0";"3";"1";"1";""
"202400034358";"155721245";"A01";"2";"33";"2";"0";"2";"1";"1";""
"202400034359";"155721242";"A01";"0";"7";"12";"1";"1";"20";"2";""