"Num_Acc";"id_vehicule";"num_veh";"senc";"catv";"obs";"obsm";"choc";"manv";"motor";"occutc"
"202400034360";"155721243";"A01";"1";"7";"0";"2";"8";"13";"1";""
"202400034360";"155721244";"B01";"2";"15";"0";"2";"3";"14";"1";""
"202400034361";"155721239";"A01";"1";"7";"0";"2";"1";"1";"1";""
"202400034361";"155721240";"B01";"2";"7";"0";"2";"1";"1";"1";""
"202400034362";"155721238";"A01";"3";"7";"6";"2";"2";"1";"1";""
"202400034362";"155721241";"B01";"3";"7";"0";"0";"2";"15";"1";""
"202400034363";"155721235";"A01";"2";"33";"0";"2";"8";"1";"1";""
"202400034363";"155721236";"B01";"1";"7";"0";"2";"3";"13";"1";""
"202400034364";"155721234";"A01";"3";"7";"15";"2";"1";"19";"1";""
"202400034364";"155721237";"B01";"3";"30";"0";"2";"1";"1";"1";""
"202400034365";"155721233";"A01";"0";"2";"0";"9";"0";"0";"1";""
"202400034366";"155721231";"A01";"2";"7";"0";"2";"3";"15";"2";""
"202400034366";"155721232";"B01";"2";"33";"0";"2";"1";"17";"1";""
"202400034367";"155721228";"B01";"2";"15";"0";"2";"3";"1";"0";""
"202400034367";"155721230";"A01";"1";"7";"0";"2";"3";"5";"0";""
"202400034368";"155721226";"A01";"1";"33";"8";"0";"1";"26";"1";""
"202400034369";"155721222";"C01";"2";"7";"0";"2";"7";"21";"1";""
"202400034369";"155721223";"A01";"1";"7";"0";"2";"7";"13";"1";""
"202400034369";"155721224";"B01";"2";"7";"0";"2";"1";"1";"1";""
"202400034370";"155721225";"B01";"2";"7";"0";"9";"7";"17";"1";""
"202400034370";"155721227";"A01";"2";"1";"0";"2";"8";"11";"5";""
"202400034371";"155721221";"A01";"3";"7";"8";"0";"1";"1";"1";""
"202400034372";"155721218";"A01";"1";"7";"0";"2";"1";"17";"1";""
"202400034372";"155721220";"B01";"2";"7";"0";"2";"1";"1";"1";""
"202400034373";"155721217";"B01";"2";"7";"0";"2";"4";"2";"1";""
"202400034373";"155721219";"A01";"2";"10";"0";"2";"1";"2";"3";""
"202400034374";"155721215";"A01";"1";"7";"0";"1";"2";"2";"1";""
"202400034375";"155721214";"B01";"2";"7";"0";"2";"7";"21";"1";""
"202400034375";"155721216";"A01";"1";"10";"0";"2";"2";"5";"1";""
"202400034376";"155721213";"A01";"2";"33";"0";"0";"8";"1";"1";""
"202400034377";"155721211";"A01";"1";"7";"0";"2";"1";"0";"1";""
"202400034377";"155721212";"B01";"1";"7";"0";"0";"4";"14";"1";""
"202400034378";"155721210";"A01";"1";"2";"13";"0";"1";"26";"1";""
"202400034379";"155721209";"A01";"1";"2";"12";"0";"0";"1";"1";""
"202400034380";"155721208";"A01";"1";"7";"0";"1";"3";"1";"1";""
"202400034381";"155721206";"B01";"1";"7";"0";"2";"1";"1";"1";""
"202400034381";"155721207";"A01";"2";"7";"0";"2";"1";"5";"1";""
"202400034382";"155721202";"A01";"2";"7";"0";"2";"2";"2";"1";""
"202400034382";"155721204";"B01";"2";"7";"0";"0";"6";"23";"1";""
"202400034383";"155721203";"A01";"1";"10";"0";"2";"1";"19";"1";""
"202400034383";"155721205";"B01";"2";"7";"0";"2";"6";"19";"1";""
"202400034384";"155721201";"A01";"2";"33";"3";"0";"7";"1";"1";""
"202400034385";"155721200";"A01";"2";"7";"0";"9";"1";"13";"1";""
"202400034386";"155721196";"A01";"2";"7";"13";"0";"0";"21";"1";""
"202400034386";"155721198";"B01";"1";"10";"0";"0";"0";"15";"1";""
"202400034387";"155721197";"A01";"3";"7";"2";"2";"2";"1";"3";""
"202400034387";"155721199";"B01";"3";"2";"0";"0";"5";"1";"1";""
"202400034388";"155721193";"B01";"1";"2";"0";"2";"1";"19";"0";""
"202400034388";"155721195";"A01";"1";"7";"0";"2";"8";"1";"1";""
"202400034389";"155721192";"A01";"3";"7";"0";"2";"3";"15";"1";""
"202400034389";"155721194";"B01";"1";"33";"0";"2";"1";"1";"1";""
"202400034390";"155721190";"A01";"2";"10";"0";"0";"1";"13";"1";""
"202400034390";"155721191";"B01";"1";"32";"0";"9";"1";"1";"1";""
"202400034391";"155721189";"A01";"2";"7";"6";"0";"1";"1";"1";""
"202400034392";"155721187";"A01";"3";"50";"0";"1";"8";"2";"3";""
"202400034393";"155721184";"A01";"0";"31";"0";"9";"1";"2";"1";""
"202400034393";"155721185";"B01";"0";"1";"0";"0";"8";"2";"5";""
"202400034394";"155721183";"C01";"1";"7";"0";"2";"4";"23";"1";""
"202400034394";"155721186";"A01";"1";"7";"0";"2";"3";"13";"1";""
"202400034394";"155721188";"B01";"2";"7";"0";"2";"3";"1";"2";""
"202400034395";"155721182";"A01";"2";"7";"3";"0";"3";"1";"1";""
"202400034396";"155721179";"A01";"1";"33";"0";"2";"3";"26";"1";""
"202400034396";"155721181";"B01";"2";"33";"0";"2";"3";"26";"1";""
"202400034397";"155721177";"A01";"1";"10";"0";"2";"2";"15";"1";""
"202400034397";"155721178";"B01";"2";"33";"0";"2";"1";"1";"1";""
"202400034397";"155721180";"C01";"2";"33";"0";"2";"1";"1";"1";""
"202400034398";"155721175";"A01";"2";"7";"10";"0";"3";"1";"1";""
"202400034399";"155721174";"A01";"1";"7";"0";"2";"3";"12";"1";""
"202400034399";"155721176";"B01";"1";"7";"0";"0";"5";"1";"1";""
"202400034400";"155721172";"A01";"0";"15";"0";"0";"8";"1";"1";""
"202400034400";"155721173";"B01";"0";"33";"0";"2";"3";"1";"1";""
"202400034401";"155721171";"A01";"3";"2";"0";"0";"5";"26";"1";""
"202400034402";"155721168";"A01";"2";"33";"0";"2";"2";"17";"1";""
"202400034402";"155721170";"B01";"2";"50";"0";"2";"8";"15";"3";""
"202400034403";"155721166";"A01";"2";"7";"0";"2";"1";"13";"1";""
"202400034403";"155721167";"B01";"1";"7";"0";"2";"3";"1";"1";""
"202400034404";"155721160";"A01";"1";"7";"0";"2";"1";"2";"1";""
"202400034404";"155721162";"B01";"1";"10";"0";"2";"4";"2";"1";""
"202400034404";"155721164";"C01";"1";"7";"0";"2";"4";"2";"1";""
"202400034404";"155721165";"D01";"1";"7";"0";"0";"4";"2";"1";""
"202400034405";"155721161";"A01";"1";"7";"0";"2";"2";"9";"1";""
"202400034405";"155721163";"B01";"2";"2";"0";"2";"1";"1";"1";""
"202400034406";"155721157";"A01";"3";"1";"0";"2";"3";"1";"5";""
"202400034406";"155721159";"B01";"3";"7";"0";"9";"8";"1";"1";""
"202400034407";"155721156";"A01";"2";"7";"0";"2";"1";"13";"1";""
"202400034407";"155721158";"B01";"1";"7";"0";"2";"3";"1";"1";""
"202400034408";"155721154";"A01";"1";"2";"0";"0";"3";"1";"1";""
"202400034409";"155721153";"A01";"1";"7";"0";"2";"3";"15";"1";""
"202400034409";"155721155";"B01";"2";"7";"0";"2";"1";"1";"1";""
"202400034410";"155721152";"A01";"2";"10";"2";"0";"1";"14";"1";""
"202400034411";"155721151";"A01";"3";"10";"0";"1";"5";"4";"1";""
"202400034412";"155721150";"A01";"0";"2";"0";"0";"1";"1";"1";""
"202400034413";"155721149";"A01";"1";"7";"2";"0";"1";"14";"1";""
"202400034414";"155721148";"A01";"1";"7";"0";"1";"3";"1";"1";""
"202400034415";"155721146";"B01";"1";"7";"0";"0";"6";"1";"1";""
"202400034415";"155721147";"A01";"1";"7";"2";"2";"2";"2";"1";""
"202400034416";"155721142";"A01";"1";"7";"0";"2";"2";"14";"1";""
"202400034416";"155721144";"B01";"1";"7";"0";"2";"3";"1";"1";""
"202400034416";"155721145";"C01";"1";"7";"0";"2";"5";"12";"1";""
"202400034417";"155721141";"B01";"1";"33";"0";"2";"1";"14";"1";""
"202400034417";"155721143";"A01";"2";"7";"0";"2";"3";"13";"1";""
"202400034418";"155721140";"A01";"2";"33";"0";"2";"1";"3";"1";""
"202400034419";"155721138";"A01";"3";"10";"0";"2";"6";"10";"1";""
"202400034419";"155721139";"B01";"3";"2";"0";"2";"1";"1";"1";""
"202400034420";"155721136";"A01";"2";"7";"0";"2";"7";"12";"1";""
"202400034420";"155721137";"B01";"2";"33";"0";"2";"8";"3";"1";""
"202400034421";"155721133";"B01";"1";"7";"0";"2";"3";"1";"1";""
"202400034421";"155721135";"A01";"1";"7";"2";"2";"1";"17";"1";""
"202400034422";"155721131";"C01";"2";"10";"0";"2";"1";"1";"1";""
"202400034422";"155721132";"B01";"2";"10";"0";"2";"1";"1";"1";""
"202400034422";"155721134";"A01";"2";"33";"0";"0";"4";"23";"1";""
"202400034423";"155721128";"A01";"3";"10";"0";"2";"3";"5";"1";""
"202400034423";"155721130";"B01";"3";"2";"0";"2";"1";"1";"1";""
"202400034424";"155721126";"A01";"1";"33";"0";"2";"1";"3";"1";""
"202400034424";"155721127";"B01";"1";"7";"0";"2";"2";"12";"1";""
"202400034424";"155721129";"C01";"1";"7";"0";"2";"8";"1";"1";""
"202400034425";"155721122";"Z01";"2";"7";"0";"2";"1";"2";"0";""
"202400034425";"155721124";"B01";"1";"7";"0";"2";"4";"2";"1";""
"202400034425";"155721125";"A01";"2";"7";"0";"2";"4";"2";"1";""
"202400034426";"155721121";"A01";"1";"7";"4";"2";"2";"21";"2";""
"202400034426";"155721123";"B01";"1";"7";"0";"2";"4";"23";"1";""
"202400034427";"155721118";"A01";"1";"7";"0";"2";"4";"1";"1";""
"202400034427";"155721120";"B01";"1";"7";"0";"2";"1";"14";"1";""
"202400034428";"155721117";"A01";"2";"15";"0";"2";"1";"2";"0";""
"202400034428";"155721119";"B01";"2";"7";"0";"2";"4";"2";"1";""
"202400034429";"155721115";"A01";"1";"7";"0";"2";"2";"12";"1";""
"202400034429";"155721116";"B01";"1";"17";"0";"2";"6";"1";"1";""
"202400034430";"155721113";"B01";"1";"7";"0";"2";"9";"0";"1";""
"202400034430";"155721114";"A01";"1";"7";"0";"2";"0";"0";"1";""
"202400034431";"155721111";"A01";"1";"33";"0";"2";"8";"1";"1";""
"202400034431";"155721112";"B01";"1";"7";"0";"2";"2";"14";"1";""
"202400034432";"155721109";"A01";"1";"7";"3";"2";"4";"23";"1";""
"202400034432";"155721110";"B01";"1";"7";"0";"2";"1";"1";"1";""
"202400034433";"155721108";"A01";"2";"7";"4";"2";"1";"21";"1";""
"202400034434";"155721107";"A01";"1";"7";"4";"0";"3";"26";"1";""
"202400034435";"155721103";"A01";"2";"7";"0";"2";"3";"14";"1";""
"202400034435";"155721105";"B01";"2";"7";"0";"2";"2";"2";"2";""
"202400034435";"155721106";"C01";"2";"7";"0";"2";"6";"1";"1";""
"202400034436";"155721102";"B01";"3";"7";"0";"2";"4";"26";"1";""
"202400034436";"155721104";"A01";"3";"7";"0";"2";"3";"1";"1";""
"202400034437";"155721100";"A01";"2";"7";"0";"2";"3";"1";"1";""
"202400034437";"155721101";"B01";"2";"10";"0";"2";"6";"1";"1";""
"202400034438";"155721099";"A01";"2";"37";"0";"1";"2";"7";"1";"1"
"202400034439";"155721097";"A01";"3";"7";"0";"2";"1";"1";"1";""
"202400034439";"155721098";"B01";"3";"7";"0";"2";"4";"15";"1";""
"202400034440";"155721095";"A01";"2";"34";"0";"2";"6";"3";"1";""
"202400034440";"155721096";"B01";"2";"10";"0";"2";"7";"12";"1";""
"202400034441";"155721092";"A01";"2";"7";"4";"0";"3";"13";"1";""
"202400034442";"155721090";"A01";"2";"33";"0";"2";"1";"1";"1";""
"202400034442";"155721093";"B01";"2";"7";"0";"2";"4";"1";"1";""
"202400034443";"155721091";"B01";"2";"50";"0";"2";"1";"3";"3";""
"202400034443";"155721094";"A01";"1";"15";"0";"2";"1";"15";"1";""
"202400034444";"155721088";"A01";"1";"2";"0";"0";"0";"26";"1";""
"202400034445";"155721087";"A01";"1";"7";"0";"2";"1";"1";"1";""
"202400034445";"155721089";"B01";"1";"7";"0";"0";"4";"1";"1";""
"202400034446";"155721086";"A01";"3";"7";"0";"1";"2";"1";"1";""
"202400034447";"155721082";"B01";"3";"7";"0";"2";"4";"1";"1";""
"202400034447";"155721084";"A01";"3";"7";"0";"2";"1";"1";"1";""
"202400034448";"155721081";"A01";"1";"7";"0";"2";"1";"1";"1";""
"202400034449";"155721077";"A01";"2";"7";"4";"0";"1";"0";"1";""
"202400034450";"155721076";"A01";"1";"10";"0";"2";"3";"2";"0";""
"202400034450";"155721078";"B01";"1";"33";"0";"2";"2";"2";"1";""
"202400034451";"155721075";"A01";"1";"7";"0";"2";"8";"13";"1";""
"202400034452";"155721072";"B01";"1";"7";"0";"2";"6";"24";"1";""
"202400034452";"155721074";"A01";"1";"10";"0";"2";"1";"15";"1";""
"202400034453";"155721070";"A01";"1";"7";"0";"2";"8";"13";"2";""
"202400034453";"155721073";"B01";"1";"80";"0";"2";"4";"2";"3";""
"202400034454";"155721068";"A01";"3";"7";"2";"0";"8";"13";"1";""
"202400034455";"155721067";"A01";"2";"7";"0";"2";"4";"1";"1";""
"202400034455";"155721069";"B01";"2";"7";"0";"2";"4";"1";"1";""
"202400034455";"155721071";"C01";"2";"7";"0";"2";"1";"1";"2";""
"202400034456";"155721062";"B01";"3";"60";"0";"2";"4";"0";"5";""
"202400034456";"155721066";"A01";"3";"10";"0";"2";"1";"2";"1";""
"202400034457";"155721063";"B01";"1";"7";"0";"2";"3";"15";"1";""
"202400034457";"155721065";"A01";"2";"2";"0";"2";"1";"17";"1";""
"202400034458";"155721061";"A01";"2";"7";"0";"2";"1";"12";"1";""
"202400034458";"155721064";"B01";"2";"38";"0";"2";"4";"1";"1";"1"
"202400034459";"155721059";"A01";"1";"2";"0";"0";"7";"1";"3";""
"202400034460";"155721058";"A01";"3";"2";"0";"2";"1";"17";"1";""
"202400034460";"155721060";"B01";"3";"10";"0";"2";"3";"15";"1";""
"202400034461";"155721057";"A01";"3";"7";"1";"0";"2";"1";"1";""
"202400034462";"155721054";"A01";"2";"7";"3";"0";"2";"1";"1";""
"202400034463";"155721048";"A01";"1";"7";"0";"1";"1";"1";"1";""
"202400034464";"155721047";"A01";"2";"7";"0";"2";"1";"26";"1";""
"202400034464";"155721050";"B01";"2";"7";"0";"2";"4";"26";"1";""
"202400034464";"155721052";"C01";"2";"7";"0";"2";"4";"26";"1";""
"202400034465";"155721046";"A01";"1";"10";"0";"2";"1";"2";"1";""
"202400034465";"155721049";"B01";"1";"7";"0";"2";"4";"2";"1";""
"202400034465";"155721051";"C01";"1";"10";"0";"2";"1";"2";"1";""
"202400034466";"155721045";"A01";"1";"7";"13";"0";"9";"0";"1";""
"202400034467";"155721043";"A01";"2";"10";"0";"1";"2";"1";"1";""
"202400034468";"155721042";"B01";"2";"50";"0";"2";"2";"5";"3";""
"202400034468";"155721044";"A01";"3";"7";"0";"2";"3";"15";"1";""
"202400034469";"155721037";"B01";"0";"10";"0";"2";"3";"15";"1";""
"202400034469";"155721039";"A01";"0";"7";"0";"2";"1";"1";"1";""
"202400034470";"155721036";"A01";"2";"13";"6";"0";"1";"26";"1";""
"202400034471";"155721038";"A01";"3";"2";"0";"1";"1";"0";"1";""
"202400034472";"155721034";"A01";"1";"7";"0";"1";"2";"1";"1";""
"202400034473";"155721031";"C01";"2";"7";"0";"2";"7";"1";"1";""
"202400034473";"155721032";"B01";"2";"15";"0";"2";"4";"1";"1";""
"202400034473";"155721035";"A01";"2";"10";"0";"2";"7";"21";"1";""
"202400034474";"155721030";"A01";"1";"30";"0";"2";"7";"17";"1";""
"202400034474";"155721033";"B01";"1";"7";"0";"2";"3";"17";"2";""
"202400034475";"155721029";"A01";"1";"10";"0";"1";"6";"1";"1";""
"202400034476";"155721026";"A01";"2";"7";"16";"0";"3";"17";"1";""
"202400034477";"155721025";"A01";"3";"7";"0";"1";"2";"1";"1";""
"202400034478";"155721019";"C01";"3";"38";"0";"2";"8";"0";"1";"1"
"202400034478";"155721022";"A01";"3";"30";"0";"2";"8";"17";"1";""
"202400034478";"155721023";"B01";"3";"7";"0";"2";"8";"1";"1";""
"202400034479";"155721021";"A01";"1";"80";"0";"1";"2";"1";"3";""
"202400034480";"155721018";"B01";"2";"7";"0";"2";"1";"16";"1";""
"202400034480";"155721020";"A01";"2";"7";"0";"2";"0";"15";"1";""
"202400034481";"155721017";"A01";"1";"37";"1";"1";"1";"1";"1";"1"
"202400034482";"155721015";"A01";"2";"7";"0";"2";"1";"17";"1";""
"202400034482";"155721016";"B01";"1";"2";"0";"2";"1";"1";"1";""
"202400034483";"155721014";"A01";"3";"7";"0";"1";"0";"13";"0";""
"202400034484";"155721013";"A01";"2";"7";"0";"1";"1";"1";"1";""
"202400034485";"155721012";"A01";"2";"7";"6";"0";"1";"1";"1";""
"202400034486";"155721009";"A01";"1";"10";"0";"2";"1";"0";"0";""
"202400034486";"155721010";"B01";"1";"50";"0";"2";"3";"0";"3";""
"202400034487";"155721008";"B01";"2";"1";"0";"2";"7";"15";"5";""
"202400034487";"155721011";"A01";"2";"7";"0";"2";"1";"1";"1";""
"202400034488";"155721006";"A01";"1";"7";"0";"0";"1";"0";"1";""
"202400034489";"155721005";"A01";"2";"7";"0";"2";"1";"13";"1";""
"202400034489";"155721007";"B01";"1";"7";"0";"2";"1";"1";"1";""
"202400034490";"155721001";"B01";"2";"7";"0";"2";"8";"1";"0";""
"202400034490";"155721004";"A01";"1";"30";"0";"2";"1";"1";"1";""
"202400034491";"155721000";"B01";"3";"7";"0";"2";"7";"15";"3";""
"202400034491";"155721002";"A01";"3";"33";"0";"2";"2";"21";"1";""
"202400034492";"155720999";"A01";"1";"7";"7";"2";"3";"1";"1";""
"202400034492";"155721003";"B01";"2";"7";"0";"0";"8";"1";"1";""
"202400034493";"155720996";"B01";"1";"7";"0";"2";"8";"2";"1";""
"202400034493";"155720998";"A01";"2";"7";"0";"2";"1";"15";"1";""
"202400034494";"155720994";"A01";"2";"7";"0";"2";"2";"16";"1";""
"202400034494";"155720997";"B01";"2";"50";"0";"2";"1";"19";"3";""
"202400034495";"155720993";"B01";"2";"7";"0";"2";"3";"1";"1";""
"202400034495";"155720995";"A01";"1";"7";"0";"2";"3";"13";"1";""
"202400034496";"155720992";"A01";"3";"7";"4";"0";"3";"13";"1";""
"202400034497";"155720990";"B01";"1";"1";"0";"2";"0";"0";"5";""
"202400034497";"155720991";"A01";"1";"7";"0";"2";"1";"15";"1";""
"202400034498";"155720989";"A01";"3";"7";"0";"1";"1";"1";"1";""
"202400034499";"155720988";"A01";"1";"7";"2";"0";"1";"26";"1";""
"202400034500";"155720984";"B01";"3";"7";"0";"0";"0";"0";"1";""
"202400034500";"155720986";"A01";"3";"1";"0";"2";"5";"0";"5";""
"202400034501";"155720983";"B01";"2";"7";"12";"2";"4";"23";"1";""
"202400034501";"155720985";"C01";"2";"7";"0";"2";"4";"23";"1";""
"202400034501";"155720987";"A01";"2";"7";"0";"2";"1";"2";"1";""
"202400034502";"155720980";"A01";"1";"40";"0";"1";"7";"1";"3";""
"202400034503";"155720979";"A01";"1";"7";"0";"2";"1";"1";"1";""
"202400034503";"155720982";"B01";"2";"33";"0";"2";"1";"13";"1";""
"202400034504";"155720977";"A01";"3";"7";"9";"0";"1";"1";"1";""
"202400034505";"155720976";"A01";"1";"7";"0";"2";"2";"15";"1";""
"202400034505";"155720978";"B01";"2";"7";"0";"2";"3";"1";"2";""
"202400034506";"155720972";"C01";"1";"7";"0";"2";"4";"1";"0";""
"202400034506";"155720973";"A01";"1";"10";"0";"2";"1";"1";"1";""
"202400034506";"155720974";"B01";"1";"7";"0";"2";"4";"1";"2";""
"202400034507";"155720970";"A01";"1";"10";"0";"2";"5";"10";"1";""
"202400034507";"155720971";"B01";"2";"7";"0";"2";"3";"1";"1";""
"202400034508";"155720968";"A01";"2";"7";"13";"0";"1";"21";"1";""
"202400034509";"155720966";"B01";"2";"10";"0";"2";"2";"1";"1";""
"202400034509";"155720969";"A01";"1";"7";"8";"2";"1";"0";"1";""
"202400034510";"155720965";"B01";"1";"20";"0";"2";"4";"4";"1";""
"202400034510";"155720967";"A01";"2";"1";"0";"2";"1";"1";"5";""
"202400034511";"155720964";"A01";"3";"7";"0";"1";"1";"1";"1";""
"202400034512";"155720960";"A01";"2";"7";"0";"2";"1";"1";"1";""
"202400034512";"155720961";"B01";"2";"7";"0";"2";"4";"0";"1";""
"202400034512";"155720963";"C01";"2";"7";"0";"2";"6";"1";"1";""
"202400034513";"155720959";"A01";"3";"7";"0";"2";"1";"9";"1";""
"202400034513";"155720962";"B01";"3";"7";"0";"2";"7";"1";"3";""
"202400034514";"155720957";"A01";"2";"10";"0";"2";"1";"1";"1";""
"202400034514";"155720958";"B01";"1";"7";"0";"2";"3";"15";"1";""
"202400034515";"155720954";"B01";"2";"7";"0";"2";"5";"23";"1";""
"202400034515";"155720956";"A01";"3";"7";"1";"2";"3";"20";"1";""
"202400034516";"155720953";"B01";"1";"37";"0";"2";"8";"0";"1";"4"
"202400034516";"155720955";"A01";"1";"7";"0";"2";"7";"13";"1";""
"202400034517";"155720948";"Y01";"1";"1";"0";"2";"1";"1";"0";""
"202400034517";"155720951";"A01";"1";"7";"0";"2";"3";"1";"1";""
"202400034518";"155720950";"A01";"2";"50";"0";"2";"1";"1";"3";""
"202400034518";"155720952";"B01";"1";"7";"0";"2";"5";"15";"1";""
"202400034519";"155720947";"A01";"3";"7";"0";"9";"3";"9";"1";""
"202400034519";"155720949";"B01";"3";"50";"0";"2";"1";"0";"3";""
"202400034520";"155720946";"A01";"3";"7";"14";"1";"2";"16";"1";""
"202400034521";"155720944";"A01";"2";"33";"14";"0";"0";"1";"1";""
"202400034522";"155720941";"A01";"3";"7";"0";"2";"1";"1";"1";""
"202400034522";"155720942";"B01";"3";"7";"0";"2";"7";"15";"1";""
"202400034523";"155720939";"A01";"2";"7";"0";"2";"1";"2";"1";""
"202400034523";"155720940";"B01";"2";"7";"0";"2";"4";"23";"1";""
"202400034524";"155720938";"A01";"1";"7";"2";"0";"1";"14";"2";""
"202400034525";"155720937";"A01";"1";"7";"0";"1";"3";"13";"3";""
"202400034526";"155720933";"A01";"2";"7";"0";"2";"6";"15";"1";""
"202400034526";"155720935";"B01";"1";"33";"0";"2";"3";"17";"1";""
"202400034527";"155720932";"B01";"2";"99";"0";"2";"1";"7";"1";""
"202400034527";"155720934";"A01";"2";"7";"0";"2";"3";"1";"2";""
"202400034528";"155720931";"B01";"3";"7";"0";"2";"7";"1";"1";""
"202400034528";"155720936";"A01";"3";"7";"0";"2";"2";"19";"1";""
"202400034529";"155720927";"A01";"3";"7";"0";"2";"3";"9";"2";""
"202400034529";"155720930";"B01";"3";"2";"0";"2";"3";"1";"1";""
"202400034530";"155720928";"A01";"3";"7";"15";"0";"2";"0";"1";""
"202400034531";"155720926";"A01";"0";"7";"0";"2";"3";"13";"1";""
"202400034531";"155720929";"B01";"0";"7";"0";"2";"8";"1";"1";""
"202400034532";"155720922";"B01";"1";"13";"0";"2";"4";"1";"1";""
"202400034532";"155720925";"A01";"1";"7";"0";"2";"1";"2";"1";""
"202400034533";"155720921";"B01";"2";"7";"0";"2";"3";"1";"0";""
"202400034533";"155720923";"A01";"1";"7";"1";"2";"3";"5";"2";""
"202400034534";"155720920";"B01";"2";"2";"0";"2";"1";"1";"1";""
"202400034534";"155720924";"A01";"1";"7";"0";"2";"3";"1";"1";""
"202400034535";"155720918";"A01";"1";"7";"0";"2";"1";"9";"1";""
"202400034535";"155720919";"B01";"1";"2";"0";"2";"1";"21";"1";""
"202400034536";"155720917";"A01";"0";"7";"0";"1";"3";"1";"1";""
"202400034537";"155720915";"A01";"3";"10";"0";"1";"4";"4";"1";""
"202400034538";"155720913";"B01";"1";"50";"0";"2";"1";"1";"3";""
"202400034538";"155720916";"A01";"3";"7";"0";"2";"2";"16";"1";""
"202400034539";"155720910";"A01";"1";"10";"0";"2";"1";"1";"0";""
"202400034539";"155720911";"E01";"1";"10";"0";"2";"3";"1";"0";""
"202400034539";"155720912";"B01";"1";"7";"0";"2";"4";"1";"1";""
"202400034539";"155720914";"D01";"1";"7";"0";"2";"4";"1";"1";""
"202400034540";"155720909";"A01";"0";"3";"0";"1";"7";"1";"0";""
"202400034541";"155720905";"A01";"1";"10";"0";"1";"1";"1";"1";""
"202400034542";"155720907";"A01";"1";"7";"0";"2";"1";"0";"1";""
"202400034542";"155720908";"B01";"2";"7";"3";"2";"1";"0";"2";""
"202400034543";"155720906";"A01";"3";"10";"0";"1";"2";"15";"3";""
"202400034544";"155720904";"A01";"2";"37";"0";"1";"7";"1";"6";"1"
"202400034545";"155720902";"A01";"3";"7";"1";"1";"3";"13";"1";""
"202400034546";"155720901";"B01";"2";"10";"0";"2";"3";"15";"1";""
"202400034546";"155720903";"A01";"1";"33";"0";"2";"1";"1";"1";""
"202400034547";"155720898";"A01";"3";"7";"0";"2";"4";"20";"1";""
"202400034547";"155720899";"B01";"2";"7";"0";"2";"1";"19";"1";""
"202400034548";"155720897";"B01";"3";"50";"0";"2";"8";"1";"3";""
"202400034548";"155720900";"A01";"3";"7";"0";"2";"1";"15";"1";""
"202400034549";"155720893";"A01";"2";"7";"0";"2";"1";"1";"1";""
"202400034549";"155720895";"B01";"2";"2";"0";"2";"7";"1";"1";""
"202400034550";"155720892";"A01";"3";"7";"0";"2";"0";"22";"1";""
"202400034550";"155720894";"B01";"3";"1";"0";"2";"1";"1";"5";""
"202400034551";"155720891";"A01";"1";"7";"0";"2";"1";"17";"1";""
"202400034551";"155720896";"B01";"2";"7";"4";"2";"1";"1";"1";""
"202400034552";"155720890";"A01";"1";"10";"0";"1";"3";"1";"1";""
"202400034553";"155720889";"B01";"1";"7";"0";"0";"9";"14";"1";""
"202400034554";"155720887";"A01";"2";"7";"0";"2";"1";"13";"1";""
"202400034554";"155720888";"B01";"1";"10";"0";"2";"1";"1";"1";""
"202400034555";"155720885";"A01";"0";"37";"0";"2";"2";"21";"1";"1"
"202400034555";"155720886";"B01";"0";"50";"0";"0";"0";"0";"3";""
"202400034556";"155720882";"A01";"2";"7";"0";"2";"3";"19";"1";""
"202400034556";"155720884";"B01";"2";"7";"0";"2";"7";"17";"1";""
"202400034557";"155720879";"B01";"2";"7";"0";"2";"1";"1";"1";""
"202400034557";"155720881";"A01";"2";"7";"0";"0";"4";"1";"1";""
"202400034558";"155720880";"B01";"1";"7";"0";"2";"1";"19";"1";""
"202400034558";"155720883";"A01";"1";"7";"8";"2";"7";"1";"1";""
"202400034559";"155720876";"B01";"1";"7";"0";"2";"3";"1";"1";""
"202400034559";"155720877";"A01";"2";"7";"0";"2";"1";"10";"1";""
"202400034560";"155720873";"A01";"1";"10";"0";"1";"1";"1";"1";""
"202400034561";"155720874";"A01";"2";"7";"0";"2";"3";"1";"1";""
"202400034561";"155720875";"B01";"1";"7";"3";"2";"3";"13";"1";""
"202400034562";"155720870";"A01";"1";"7";"0";"2";"3";"26";"1";""
"202400034562";"155720872";"B01";"1";"10";"0";"2";"2";"1";"1";""
"202400034563";"155720869";"B01";"2";"3";"0";"2";"7";"1";"1";""
"202400034563";"155720871";"A01";"1";"7";"0";"2";"3";"1";"1";""
"202400034564";"155720866";"A01";"2";"7";"0";"2";"1";"1";"1";""
"202400034564";"155720868";"B01";"2";"7";"0";"2";"4";"1";"1";""
"202400034565";"155720867";"A01";"2";"7";"13";"0";"1";"1";"1";""
"202400034566";"155720862";"B01";"1";"7";"0";"0";"8";"15";"1";""
"202400034566";"155720864";"A01";"1";"2";"0";"2";"1";"17";"1";""
"202400034567";"155720861";"A01";"1";"10";"0";"2";"1";"2";"1";""
"202400034567";"155720863";"B01";"1";"7";"0";"2";"4";"23";"1";""
"202400034567";"155720865";"C01";"1";"7";"0";"2";"4";"23";"1";""
"202400034568";"155720857";"A01";"1";"30";"0";"2";"1";"1";"1";""
"202400034568";"155720859";"B01";"1";"7";"0";"2";"4";"1";"1";""