"Num_Acc";"id_vehicule";"num_veh";"senc";"catv";"obs";"obsm";"choc";"manv";"motor";"occutc"
"202400034569";"155720858";"A01";"2";"7";"0";"2";"2";"1";"2";""
"202400034569";"155720860";"B01";"2";"1";"0";"2";"3";"19";"5";""
"202400034570";"155720856";"A01";"3";"31";"0";"0";"2";"26";"1";""
"202400034571";"155720854";"B01";"1";"1";"0";"2";"4";"0";"5";""
"202400034571";"155720855";"A01";"1";"7";"0";"2";"0";"0";"0";""
"202400034572";"155720852";"A01";"3";"1";"0";"2";"2";"1";"5";""
"202400034572";"155720853";"B01";"1";"10";"0";"2";"3";"1";"1";""
"202400034573";"155720850";"A01";"1";"43";"7";"9";"1";"14";"1";""
"202400034574";"155720847";"A01";"1";"7";"0";"2";"3";"15";"2";""
"202400034574";"155720848";"B01";"1";"31";"0";"2";"7";"0";"1";""
"202400034575";"155720845";"A01";"2";"7";"0";"2";"6";"0";"1";""
"202400034575";"155720846";"B01";"1";"7";"0";"2";"3";"13";"1";""
"202400034576";"155720844";"A01";"3";"7";"0";"1";"5";"4";"2";""
"202400034577";"155720842";"A01";"2";"1";"0";"2";"1";"1";"5";""
"202400034577";"155720843";"B01";"2";"7";"0";"2";"6";"1";"1";""
"202400034578";"155720840";"A01";"1";"33";"0";"0";"1";"17";"1";""
"202400034579";"155720839";"A01";"1";"7";"0";"6";"1";"1";"1";""
"202400034579";"155720841";"B01";"1";"7";"0";"2";"1";"2";"1";""
"202400034580";"155720836";"B01";"2";"7";"0";"2";"5";"26";"1";""
"202400034580";"155720838";"A01";"1";"7";"0";"2";"1";"26";"1";""
"202400034581";"155720835";"A01";"1";"7";"0";"2";"3";"1";"1";""
"202400034581";"155720837";"B01";"2";"17";"0";"2";"3";"13";"1";""
"202400034582";"155720833";"A01";"1";"7";"13";"0";"3";"1";"1";""
"202400034583";"155720832";"B01";"1";"7";"0";"2";"1";"9";"1";""
"202400034583";"155720834";"A01";"2";"10";"0";"2";"5";"1";"1";""
"202400034584";"155720831";"A01";"2";"33";"6";"0";"1";"1";"1";""
"202400034585";"155720827";"A01";"2";"32";"0";"2";"1";"17";"1";""
"202400034585";"155720830";"B01";"1";"7";"0";"2";"1";"1";"1";""
"202400034586";"155720828";"B01";"3";"7";"0";"2";"2";"1";"1";""
"202400034586";"155720829";"A01";"1";"3";"12";"2";"1";"1";"1";""
"202400034587";"155720826";"A01";"1";"1";"0";"1";"1";"1";"5";""
"202400034588";"155720825";"A01";"1";"2";"0";"0";"0";"1";"1";""
"202400034589";"155720824";"A01";"1";"7";"13";"0";"9";"25";"1";""
"202400034590";"155720822";"A01";"1";"7";"4";"2";"3";"5";"1";""
"202400034590";"155720823";"B01";"2";"7";"0";"2";"3";"17";"1";""
"202400034591";"155720820";"A01";"3";"50";"0";"2";"1";"25";"3";""
"202400034591";"155720821";"B01";"3";"7";"0";"2";"2";"1";"1";""
"202400034592";"155720818";"A01";"1";"7";"0";"1";"1";"1";"1";""
"202400034593";"155720817";"A01";"1";"7";"0";"2";"1";"1";"1";""
"202400034593";"155720819";"B01";"1";"7";"0";"2";"4";"1";"1";""
"202400034594";"155720816";"A01";"1";"7";"16";"0";"1";"19";"1";""
"202400034595";"155720814";"A01";"1";"7";"0";"2";"1";"1";"1";""
"202400034595";"155720815";"B01";"2";"7";"0";"2";"2";"15";"1";""
"202400034596";"155720811";"B01";"2";"2";"0";"2";"1";"1";"1";""
"202400034596";"155720812";"A01";"1";"7";"0";"2";"1";"17";"1";""
"202400034597";"155720810";"B01";"3";"7";"0";"2";"1";"1";"1";""
"202400034597";"155720813";"A01";"3";"7";"0";"2";"1";"17";"1";""
"202400034598";"155720808";"B01";"2";"10";"0";"0";"5";"15";"1";""
"202400034598";"155720809";"A01";"2";"33";"0";"2";"1";"13";"1";""
"202400034599";"155720807";"A01";"1";"30";"0";"1";"1";"13";"1";""
"202400034600";"155720806";"A01";"1";"2";"1";"0";"1";"1";"3";""
"202400034601";"155720805";"A01";"1";"31";"0";"9";"8";"1";"1";""
"202400034602";"155720802";"A01";"2";"7";"0";"2";"8";"9";"1";""
"202400034602";"155720804";"B01";"1";"7";"0";"2";"2";"1";"1";""
"202400034603";"155720800";"A01";"1";"7";"0";"2";"8";"2";"1";""
"202400034603";"155720801";"C01";"1";"7";"0";"2";"7";"2";"2";""
"202400034603";"155720803";"B01";"1";"7";"0";"2";"7";"12";"1";""
"202400034604";"155720799";"A01";"2";"50";"1";"0";"1";"26";"3";""
"202400034605";"155720797";"A01";"2";"43";"0";"2";"1";"3";"1";""
"202400034605";"155720798";"B01";"2";"7";"0";"2";"4";"1";"1";""
"202400034606";"155720795";"A01";"2";"7";"9";"0";"3";"16";"1";""
"202400034607";"155720796";"A01";"2";"15";"0";"1";"0";"1";"0";""
"202400034608";"155720793";"A01";"1";"14";"1";"0";"5";"22";"1";""
"202400034608";"155720794";"B01";"2";"80";"1";"2";"5";"1";"3";""
"202400034609";"155720790";"A01";"1";"37";"0";"1";"1";"1";"3";"1"
"202400034610";"155720791";"A01";"1";"7";"0";"2";"1";"1";"1";""
"202400034610";"155720792";"B01";"1";"7";"0";"2";"8";"15";"2";""
"202400034611";"155720788";"A01";"1";"7";"0";"2";"3";"13";"1";""
"202400034611";"155720789";"B01";"3";"7";"0";"2";"7";"1";"1";""
"202400034612";"155720787";"A01";"1";"7";"13";"0";"1";"1";"1";""
"202400034613";"155720785";"A01";"3";"2";"0";"2";"3";"15";"3";""
"202400034613";"155720786";"B01";"3";"7";"0";"2";"2";"1";"2";""
"202400034614";"155720782";"A01";"1";"10";"0";"9";"1";"16";"1";""
"202400034614";"155720783";"B01";"1";"50";"0";"0";"1";"1";"3";""
"202400034615";"155720781";"A01";"1";"7";"0";"2";"4";"1";"1";""
"202400034615";"155720784";"B01";"1";"7";"0";"2";"1";"1";"1";""
"202400034616";"155720778";"A01";"2";"33";"0";"2";"1";"1";"1";""
"202400034616";"155720780";"B01";"2";"7";"0";"2";"4";"1";"2";""
"202400034617";"155720779";"A01";"1";"7";"0";"0";"0";"1";"1";""
"202400034618";"155720776";"B01";"2";"1";"0";"2";"7";"1";"5";""
"202400034618";"155720777";"A01";"2";"7";"0";"2";"8";"22";"3";""
"202400034619";"155720774";"Z01";"1";"50";"0";"1";"1";"5";"3";""
"202400034620";"155720773";"A01";"2";"7";"0";"2";"1";"2";"1";""
"202400034620";"155720775";"B01";"2";"10";"0";"2";"4";"2";"1";""
"202400034621";"155720770";"A01";"2";"7";"0";"2";"3";"10";"1";""
"202400034621";"155720772";"B01";"2";"43";"0";"2";"1";"17";"1";""
"202400034622";"155720771";"A01";"2";"7";"4";"0";"1";"26";"1";""
"202400034623";"155720768";"A01";"2";"10";"0";"2";"4";"4";"1";""
"202400034623";"155720769";"B01";"2";"31";"0";"2";"1";"1";"1";""
"202400034624";"155720764";"A01";"1";"14";"0";"2";"2";"16";"1";""
"202400034624";"155720766";"B01";"1";"1";"0";"2";"1";"18";"5";""
"202400034625";"155720762";"A01";"1";"7";"0";"1";"3";"1";"1";""
"202400034626";"155720763";"C01";"2";"7";"0";"2";"4";"1";"1";""
"202400034626";"155720765";"B01";"2";"7";"0";"2";"7";"12";"1";""
"202400034626";"155720767";"A01";"2";"33";"0";"2";"8";"3";"1";""
"202400034627";"155720760";"B01";"2";"14";"0";"2";"1";"2";"1";""
"202400034627";"155720761";"A01";"2";"7";"0";"2";"4";"2";"1";""
"202400034628";"155720759";"A01";"2";"7";"4";"0";"1";"1";"1";""
"202400034629";"155720756";"A01";"3";"7";"0";"2";"5";"15";"1";""
"202400034629";"155720758";"B01";"3";"33";"0";"2";"3";"0";"1";""
"202400034630";"155720757";"A01";"1";"31";"0";"0";"8";"1";"1";""
"202400034631";"155720754";"A01";"0";"7";"0";"2";"2";"11";"1";""
"202400034631";"155720755";"B01";"0";"10";"0";"2";"6";"23";"1";""
"202400034632";"155720751";"A01";"1";"7";"0";"1";"1";"1";"1";""
"202400034633";"155720752";"A01";"1";"7";"0";"2";"3";"11";"1";""
"202400034633";"155720753";"B01";"1";"33";"0";"2";"7";"3";"1";""
"202400034634";"155720749";"A01";"1";"32";"4";"0";"3";"9";"1";""
"202400034635";"155720747";"A01";"2";"10";"0";"2";"1";"2";"1";""
"202400034635";"155720748";"B01";"2";"7";"0";"2";"4";"1";"1";""
"202400034636";"155720743";"A01";"1";"10";"0";"2";"2";"14";"1";""
"202400034636";"155720744";"B01";"1";"1";"0";"2";"1";"1";"5";""
"202400034637";"155720742";"A01";"2";"10";"0";"2";"1";"2";"1";""
"202400034637";"155720745";"B01";"2";"7";"0";"2";"4";"2";"1";""
"202400034637";"155720746";"C01";"2";"7";"0";"2";"4";"2";"1";""
"202400034637";"155720750";"D01";"2";"10";"0";"2";"4";"2";"0";""
"202400034638";"155720740";"A01";"1";"34";"0";"2";"3";"15";"1";""
"202400034638";"155720741";"B01";"2";"50";"0";"2";"3";"1";"3";""
"202400034639";"155720736";"B01";"2";"2";"0";"2";"1";"1";"1";""
"202400034639";"155720738";"A01";"1";"7";"0";"2";"5";"1";"1";""
"202400034640";"155720737";"A01";"2";"33";"0";"2";"1";"3";"1";""
"202400034640";"155720739";"B01";"2";"7";"0";"2";"5";"12";"1";""
"202400034641";"155720734";"A01";"1";"10";"0";"2";"2";"12";"1";""
"202400034641";"155720735";"B01";"1";"1";"0";"2";"2";"9";"5";""
"202400034642";"155720732";"A01";"1";"33";"0";"2";"7";"3";"1";""
"202400034642";"155720733";"B01";"1";"7";"0";"2";"8";"2";"1";""
"202400034643";"155720730";"B01";"1";"32";"0";"2";"1";"1";"1";""
"202400034643";"155720731";"A01";"1";"30";"0";"2";"1";"15";"1";""
"202400034644";"155720728";"A01";"1";"7";"0";"1";"2";"1";"1";""
"202400034645";"155720727";"B01";"1";"7";"0";"2";"6";"1";"1";""
"202400034645";"155720729";"A01";"1";"34";"0";"2";"2";"3";"1";""
"202400034646";"155720725";"B01";"2";"7";"2";"2";"8";"1";"1";""
"202400034646";"155720726";"A01";"3";"10";"2";"2";"1";"19";"1";""
"202400034647";"155720723";"A01";"1";"33";"0";"2";"1";"17";"1";""
"202400034647";"155720724";"B01";"1";"14";"0";"2";"8";"11";"1";""
"202400034648";"155720721";"B01";"1";"7";"0";"0";"5";"15";"1";""
"202400034648";"155720722";"A01";"1";"10";"0";"2";"3";"2";"1";""
"202400034649";"155720720";"A01";"1";"7";"0";"1";"6";"4";"1";""
"202400034650";"155720716";"A01";"3";"7";"0";"2";"3";"5";"1";""
"202400034650";"155720718";"B01";"3";"7";"0";"2";"2";"5";"1";""
"202400034651";"155720717";"A01";"1";"33";"0";"2";"1";"21";"1";""
"202400034651";"155720719";"B01";"1";"10";"0";"2";"6";"1";"1";""
"202400034652";"155720714";"A01";"0";"1";"0";"2";"1";"26";"5";""
"202400034652";"155720715";"B01";"0";"7";"0";"9";"1";"26";"1";""
"202400034653";"155720712";"A01";"1";"31";"3";"0";"0";"1";"1";""
"202400034654";"155720711";"A01";"2";"33";"0";"2";"0";"3";"1";""
"202400034654";"155720713";"B01";"2";"7";"0";"0";"0";"12";"1";""
"202400034655";"155720709";"A01";"1";"7";"3";"2";"1";"14";"1";""
"202400034655";"155720710";"B01";"1";"15";"0";"0";"6";"1";"1";""
"202400034656";"155720708";"A01";"1";"2";"13";"0";"2";"0";"1";""
"202400034657";"155720707";"A01";"2";"33";"0";"0";"8";"1";"1";""
"202400034658";"155720706";"A01";"1";"7";"13";"0";"0";"1";"1";""
"202400034659";"155720703";"A01";"2";"7";"0";"2";"1";"2";"1";""
"202400034659";"155720705";"B01";"1";"50";"0";"2";"8";"19";"3";""
"202400034660";"155720702";"A01";"1";"7";"0";"2";"1";"2";"1";""
"202400034660";"155720704";"B01";"1";"7";"0";"2";"4";"2";"2";""
"202400034661";"155720700";"A01";"2";"1";"0";"2";"3";"0";"5";""
"202400034661";"155720701";"B01";"2";"7";"0";"2";"2";"0";"1";""
"202400034662";"155720698";"A01";"3";"21";"2";"0";"0";"0";"1";""
"202400034663";"155720697";"A01";"1";"7";"0";"2";"4";"11";"1";""
"202400034663";"155720699";"B01";"1";"33";"0";"2";"1";"2";"1";""
"202400034664";"155720696";"A01";"2";"7";"2";"0";"1";"1";"1";""
"202400034665";"155720694";"A01";"1";"7";"6";"0";"1";"13";"1";""
"202400034666";"155720690";"A01";"1";"7";"0";"2";"1";"13";"1";""
"202400034666";"155720691";"B01";"2";"15";"0";"2";"2";"1";"1";""
"202400034667";"155720692";"C01";"1";"13";"0";"2";"4";"2";"1";""
"202400034667";"155720693";"A01";"1";"7";"0";"2";"2";"12";"1";""
"202400034667";"155720695";"B01";"1";"33";"0";"2";"3";"3";"1";""
"202400034668";"155720688";"A01";"1";"7";"0";"2";"1";"17";"1";""
"202400034668";"155720689";"B01";"1";"10";"0";"0";"4";"15";"1";""
"202400034669";"155720687";"A01";"1";"7";"2";"0";"7";"1";"1";""
"202400034670";"155720686";"A01";"2";"3";"0";"0";"9";"15";"1";""
"202400034671";"155720685";"A01";"2";"7";"0";"1";"1";"16";"1";""
"202400034672";"155720684";"A01";"1";"7";"6";"0";"1";"1";"1";""
"202400034673";"155720682";"A01";"3";"2";"0";"2";"1";"13";"1";""
"202400034673";"155720683";"B01";"3";"7";"0";"2";"1";"1";"1";""
"202400034674";"155720680";"A01";"1";"33";"16";"0";"9";"13";"1";""
"202400034675";"155720678";"B01";"2";"31";"0";"2";"1";"1";"1";""
"202400034675";"155720679";"A01";"1";"10";"0";"2";"1";"15";"1";""
"202400034675";"155720681";"C01";"1";"10";"0";"2";"3";"15";"1";""
"202400034676";"155720676";"A01";"1";"7";"0";"2";"2";"1";"1";""
"202400034676";"155720677";"B01";"3";"7";"0";"2";"1";"15";"1";""
"202400034677";"155720675";"A01";"2";"7";"0";"0";"1";"13";"1";""
"202400034678";"155720674";"A01";"2";"15";"0";"1";"2";"1";"1";""
"202400034679";"155720671";"A01";"3";"10";"0";"2";"1";"15";"3";""
"202400034679";"155720673";"B01";"1";"10";"0";"2";"2";"1";"1";""
"202400034680";"155720670";"A01";"3";"7";"0";"2";"3";"19";"1";""
"202400034680";"155720672";"B01";"1";"7";"0";"2";"1";"1";"2";""
"202400034681";"155720668";"B01";"1";"10";"0";"9";"2";"20";"1";""
"202400034681";"155720669";"A01";"1";"50";"0";"2";"1";"2";"3";""
"202400034682";"155720666";"A01";"0";"1";"0";"2";"1";"0";"5";""
"202400034682";"155720667";"B01";"0";"7";"0";"9";"3";"1";"1";""
"202400034683";"155720665";"A01";"3";"7";"1";"0";"2";"14";"2";""
"202400034684";"155720663";"A01";"2";"10";"0";"0";"8";"10";"1";""
"202400034684";"155720664";"B01";"2";"7";"0";"2";"1";"1";"1";""
"202400034685";"155720660";"A01";"3";"7";"0";"2";"2";"1";"1";""
"202400034685";"155720662";"B01";"3";"1";"0";"2";"1";"1";"5";""
"202400034686";"155720659";"A01";"1";"10";"0";"2";"3";"15";"1";""
"202400034686";"155720661";"B01";"1";"32";"0";"2";"3";"23";"1";""
"202400034687";"155720657";"A01";"2";"7";"0";"1";"2";"1";"1";""
"202400034688";"155720656";"A01";"1";"7";"0";"1";"4";"23";"1";""
"202400034688";"155720658";"B01";"1";"7";"14";"2";"1";"2";"1";""
"202400034689";"155720655";"A01";"3";"1";"0";"0";"0";"1";"5";""
"202400034690";"155720653";"A01";"2";"7";"0";"9";"1";"9";"0";""
"202400034690";"155720654";"B01";"1";"2";"0";"2";"6";"23";"1";""
"202400034691";"155720647";"A01";"1";"7";"0";"2";"1";"1";"1";""
"202400034691";"155720649";"B01";"2";"33";"0";"2";"1";"13";"1";""
"202400034692";"155720648";"B01";"2";"2";"0";"2";"7";"1";"1";""
"202400034692";"155720650";"A01";"1";"7";"0";"2";"1";"9";"2";""
"202400034693";"155720644";"A01";"1";"7";"0";"2";"1";"13";"1";""
"202400034693";"155720646";"B01";"2";"7";"0";"2";"1";"1";"2";""
"202400034694";"155720643";"A01";"1";"30";"0";"2";"8";"2";"1";""
"202400034694";"155720645";"B01";"1";"7";"0";"2";"3";"2";"1";""
"202400034695";"155720642";"A01";"1";"10";"2";"0";"1";"13";"1";""
"202400034696";"155720640";"A01";"1";"40";"0";"2";"0";"0";"3";""
"202400034696";"155720641";"B01";"1";"1";"9";"4";"1";"18";"5";""
"202400034697";"155720639";"A01";"1";"7";"7";"5";"1";"1";"1";""
"202400034698";"155720638";"A01";"2";"34";"0";"1";"1";"26";"0";""
"202400034699";"155720636";"A01";"2";"15";"0";"0";"0";"17";"1";""
"202400034699";"155720637";"B01";"2";"30";"0";"0";"0";"1";"1";""
"202400034700";"155720635";"A01";"3";"7";"0";"1";"3";"0";"1";""
"202400034701";"155720633";"A01";"1";"7";"0";"2";"1";"1";"1";""
"202400034701";"155720634";"B01";"0";"30";"0";"2";"8";"1";"0";""
"202400034702";"155720631";"B01";"1";"7";"0";"2";"1";"1";"1";""
"202400034702";"155720632";"A01";"2";"7";"0";"2";"1";"13";"1";""
"202400034703";"155720629";"A01";"0";"31";"6";"2";"3";"26";"1";""
"202400034704";"155720626";"A01";"2";"7";"4";"2";"1";"2";"1";""
"202400034704";"155720627";"B01";"2";"10";"4";"2";"4";"1";"1";""
"202400034704";"155720628";"C01";"2";"7";"4";"2";"4";"1";"1";""
"202400034704";"155720630";"D01";"2";"7";"4";"2";"8";"1";"1";""
"202400034705";"155720624";"A01";"1";"10";"0";"0";"9";"13";"1";""
"202400034706";"155720625";"A01";"1";"33";"9";"0";"0";"0";"1";""
"202400034707";"155720618";"A01";"1";"31";"0";"2";"1";"5";"1";""
"202400034707";"155720620";"B01";"2";"7";"0";"2";"1";"1";"1";""
"202400034708";"155720616";"B01";"1";"7";"0";"2";"5";"1";"1";""
"202400034708";"155720617";"C01";"1";"7";"0";"2";"5";"1";"1";""
"202400034708";"155720621";"D01";"1";"7";"0";"2";"5";"1";"1";""
"202400034708";"155720622";"E01";"1";"7";"0";"2";"1";"1";"1";""
"202400034708";"155720623";"A01";"1";"15";"0";"2";"8";"11";"1";""
"202400034709";"155720615";"B01";"3";"7";"0";"2";"6";"2";"1";""
"202400034709";"155720619";"A01";"3";"30";"0";"2";"1";"2";"1";""
"202400034710";"155720612";"A01";"1";"10";"3";"2";"8";"1";"1";""
"202400034710";"155720614";"B01";"1";"7";"0";"2";"2";"21";"1";""
"202400034711";"155720610";"A01";"1";"33";"0";"2";"1";"2";"1";""
"202400034711";"155720613";"B01";"1";"7";"0";"2";"4";"2";"1";""
"202400034712";"155720609";"A01";"3";"7";"0";"2";"3";"1";"1";""
"202400034712";"155720611";"B01";"3";"2";"0";"2";"1";"1";"1";""
"202400034713";"155720608";"A01";"0";"1";"0";"0";"0";"9";"5";""
"202400034714";"155720606";"A01";"2";"10";"0";"1";"1";"19";"2";""
"202400034715";"155720605";"A01";"2";"7";"4";"2";"1";"2";"1";""
"202400034715";"155720607";"B01";"1";"7";"3";"2";"4";"2";"2";""
"202400034716";"155720604";"A01";"1";"7";"3";"0";"2";"2";"1";""
"202400034717";"155720603";"A01";"2";"15";"3";"0";"1";"1";"1";""
"202400034718";"155720601";"A01";"2";"32";"3";"0";"3";"13";"1";""
"202400034719";"155720600";"A01";"3";"7";"0";"2";"3";"16";"1";""
"202400034719";"155720602";"B01";"3";"7";"6";"2";"3";"1";"1";""
"202400034720";"155720599";"Z01";"1";"0";"0";"1";"0";"0";"0";""
"202400034721";"155720597";"A01";"2";"7";"2";"0";"1";"1";"1";""
"202400034722";"155720593";"B01";"3";"0";"0";"2";"2";"15";"0";""
"202400034722";"155720595";"A01";"3";"33";"0";"2";"7";"1";"1";""
"202400034723";"155720594";"B01";"1";"7";"0";"2";"9";"0";"1";""
"202400034723";"155720596";"C01";"1";"7";"0";"2";"4";"2";"1";""
"202400034723";"155720598";"A01";"1";"7";"0";"2";"1";"2";"1";""
"202400034724";"155720591";"B01";"2";"15";"0";"2";"1";"21";"1";""
"202400034724";"155720592";"A01";"1";"10";"0";"2";"3";"19";"1";""
"202400034725";"155720587";"B01";"3";"7";"0";"2";"1";"1";"1";""
"202400034725";"155720588";"A01";"3";"7";"0";"2";"1";"1";"1";""
"202400034725";"155720590";"C01";"3";"7";"0";"2";"4";"1";"1";""
"202400034726";"155720586";"B01";"2";"7";"0";"2";"1";"9";"0";""
"202400034726";"155720589";"A01";"2";"7";"0";"2";"2";"1";"1";""
"202400034727";"155720585";"A01";"1";"7";"0";"1";"1";"1";"1";""
"202400034728";"155720583";"A01";"1";"50";"12";"0";"7";"25";"3";""
"202400034729";"155720584";"A01";"1";"7";"0";"2";"9";"14";"1";""
"202400034730";"155720582";"A01";"1";"33";"4";"0";"7";"1";"1";""
"202400034731";"155720579";"B01";"2";"1";"0";"2";"1";"1";"5";""
"202400034731";"155720581";"A01";"1";"7";"0";"2";"1";"13";"1";""
"202400034732";"155720578";"A01";"1";"7";"6";"0";"1";"14";"1";""
"202400034733";"155720577";"A01";"2";"32";"0";"2";"2";"17";"3";""
"202400034733";"155720580";"B01";"2";"10";"0";"2";"6";"1";"1";""
"202400034734";"155720574";"A01";"1";"33";"0";"2";"1";"3";"1";""
"202400034734";"155720576";"B01";"1";"7";"0";"2";"3";"15";"1";""
"202400034735";"155720572";"A01";"3";"50";"0";"2";"1";"1";"3";""
"202400034735";"155720573";"B01";"0";"7";"0";"9";"8";"1";"3";""
"202400034736";"155720571";"B01";"1";"32";"0";"2";"7";"1";"1";""
"202400034736";"155720575";"A01";"1";"3";"0";"2";"0";"23";"1";""
"202400034737";"155720570";"A01";"2";"32";"0";"5";"1";"19";"1";""
"202400034738";"155720568";"A01";"1";"33";"0";"0";"2";"26";"1";""
"202400034739";"155720566";"A01";"3";"7";"0";"2";"1";"26";"1";""
"202400034739";"155720567";"B01";"3";"30";"0";"2";"1";"1";"1";""
"202400034740";"155720565";"B01";"1";"7";"0";"0";"7";"1";"1";""
"202400034740";"155720569";"A01";"1";"31";"0";"2";"1";"0";"1";""
"202400034741";"155720562";"B01";"1";"33";"0";"2";"2";"13";"1";""
"202400034741";"155720564";"A01";"1";"33";"0";"2";"3";"10";"1";""
"202400034742";"155720561";"A01";"1";"33";"0";"0";"7";"26";"1";""
"202400034743";"155720560";"B01";"1";"33";"0";"2";"4";"0";"1";""
"202400034743";"155720563";"A01";"1";"50";"0";"2";"1";"0";"3";""
"202400034744";"155720558";"A01";"2";"7";"0";"2";"1";"15";"1";""
"202400034744";"155720559";"B01";"2";"33";"0";"2";"7";"17";"1";""
"202400034745";"155720557";"A01";"3";"30";"0";"0";"0";"1";"1";""
"202400034746";"155720555";"A01";"1";"7";"0";"2";"7";"12";"3";""
"202400034746";"155720556";"B01";"1";"33";"10";"2";"8";"1";"1";""
"202400034747";"155720552";"B01";"1";"33";"0";"2";"1";"1";"1";""
"202400034747";"155720553";"A01";"2";"7";"0";"2";"2";"9";"1";""
"202400034748";"155720551";"B01";"2";"7";"0";"9";"1";"26";"1";""
"202400034748";"155720554";"A01";"3";"60";"0";"2";"8";"26";"5";""
"202400034749";"155720550";"A01";"1";"14";"0";"1";"3";"1";"1";""
"202400034750";"155720549";"A01";"1";"7";"0";"1";"1";"1";"2";""
"202400034751";"155720547";"A01";"1";"7";"0";"2";"5";"1";"1";""
"202400034751";"155720548";"B01";"1";"50";"0";"2";"8";"1";"3";""
"202400034752";"155720544";"B01";"1";"7";"0";"2";"3";"1";"2";""
"202400034752";"155720546";"A01";"2";"7";"0";"2";"3";"5";"1";""
"202400034753";"155720542";"B01";"1";"7";"0";"2";"8";"1";"1";""
"202400034753";"155720545";"A01";"2";"50";"0";"2";"1";"1";"3";""
"202400034754";"155720541";"A01";"1";"10";"0";"9";"3";"15";"1";""
"202400034754";"155720543";"B01";"1";"2";"0";"2";"1";"1";"1";""
"202400034755";"155720539";"A01";"2";"30";"0";"0";"0";"1";"1";""
"202400034756";"155720538";"B01";"1";"2";"0";"2";"4";"2";"3";""
"202400034756";"155720540";"A01";"1";"7";"0";"2";"1";"2";"1";""
"202400034757";"155720537";"A01";"3";"99";"0";"1";"1";"1";"1";""
"202400034758";"155720534";"A01";"2";"7";"0";"2";"8";"1";"1";""
"202400034758";"155720536";"B01";"1";"2";"0";"2";"1";"1";"1";""
"202400034759";"155720531";"A01";"2";"7";"0";"2";"2";"13";"1";""
"202400034759";"155720533";"B01";"1";"10";"0";"2";"2";"1";"1";""
"202400034760";"155720532";"A01";"2";"7";"0";"2";"3";"15";"2";""
"202400034760";"155720535";"B01";"1";"33";"0";"2";"3";"1";"1";""
"202400034761";"155720529";"A01";"2";"7";"0";"2";"1";"15";"2";""
"202400034761";"155720530";"B01";"3";"60";"0";"2";"8";"19";"5";""
"202400034762";"155720527";"A01";"2";"30";"0";"1";"1";"17";"1";""
"202400034763";"155720526";"A01";"1";"10";"0";"2";"1";"1";"1";""
"202400034763";"155720528";"B01";"1";"17";"0";"2";"6";"2";"1";""
"202400034764";"155720523";"A01";"1";"33";"8";"0";"0";"1";"1";""
"202400034765";"155720524";"B01";"2";"33";"0";"2";"1";"1";"1";""
"202400034765";"155720525";"A01";"1";"10";"0";"2";"8";"15";"1";""
"202400034766";"155720521";"A01";"3";"7";"2";"0";"1";"1";"1";""
"202400034767";"155720520";"A01";"1";"7";"0";"0";"0";"1";"1";""
"202400034767";"155720522";"B01";"2";"33";"0";"2";"4";"1";"1";""
"202400034768";"155720519";"A01";"1";"7";"0";"1";"8";"1";"1";""
"202400034769";"155720517";"A01";"1";"7";"0";"2";"1";"15";"1";""
"202400034769";"155720518";"B01";"2";"1";"0";"2";"1";"1";"5";""
"202400034770";"155720515";"B01";"2";"7";"0";"2";"2";"1";"1";""
"202400034770";"155720516";"A01";"1";"7";"0";"2";"5";"19";"2";""
"202400034771";"155720513";"B01";"2";"7";"0";"2";"8";"1";"1";""
"202400034771";"155720514";"A01";"1";"50";"0";"2";"0";"0";"3";""
"202400034772";"155720511";"A01";"1";"7";"0";"2";"3";"13";"1";""
"202400034772";"155720512";"B01";"2";"7";"0";"2";"3";"1";"1";""
"202400034773";"155720509";"A01";"2";"33";"0";"2";"1";"2";"1";""
"202400034773";"155720510";"B01";"2";"7";"0";"2";"4";"1";"1";""
"202400034774";"155720507";"A01";"1";"7";"0";"1";"1";"1";"1";""
"202400034775";"155720506";"B01";"1";"7";"0";"2";"2";"1";"2";""
"202400034775";"155720508";"A01";"1";"7";"0";"2";"1";"16";"1";""
"202400034776";"155720504";"B01";"2";"32";"0";"2";"7";"1";"1";""
"202400034776";"155720505";"A01";"3";"7";"0";"2";"3";"16";"1";""
"202400034777";"155720502";"Z01";"3";"7";"0";"2";"1";"2";"0";""
"202400034777";"155720503";"A01";"1";"7";"0";"2";"5";"1";"1";""
"202400034778";"155720500";"A01";"1";"7";"1";"2";"4";"2";"1";""
"202400034778";"155720501";"B01";"1";"2";"0";"2";"4";"12";"3";""
"202400034779";"155720497";"B01";"1";"7";"1";"2";"4";"23";"1";""
"202400034779";"155720498";"C01";"1";"7";"0";"2";"4";"2";"1";""
"202400034779";"155720499";"A01";"1";"7";"1";"2";"4";"23";"1";""
"202400034780";"155720493";"A01";"1";"50";"0";"2";"1";"5";"3";""
"202400034780";"155720495";"B01";"2";"7";"0";"2";"3";"1";"1";""
"202400034781";"155720492";"B01";"3";"7";"0";"2";"1";"1";"1";""
"202400034781";"155720494";"C01";"3";"10";"0";"2";"1";"1";"1";""
"202400034781";"155720496";"A01";"3";"7";"0";"2";"6";"1";"1";""
"202400034782";"155720489";"B01";"2";"7";"0";"2";"3";"1";"1";""
"202400034782";"155720491";"A01";"2";"30";"0";"2";"1";"9";"1";""
"202400034783";"155720488";"B01";"2";"7";"0";"2";"3";"15";"1";""