"Num_Acc";"id_vehicule";"num_veh";"senc";"catv";"obs";"obsm";"choc";"manv";"motor";"occutc"
"202400034783";"155720490";"A01";"2";"7";"0";"2";"2";"16";"1";""
"202400034784";"155720486";"B01";"3";"10";"0";"0";"0";"1";"1";""
"202400034784";"155720487";"A01";"2";"7";"0";"2";"1";"1";"1";""
"202400034785";"155720485";"A01";"3";"7";"0";"1";"3";"0";"0";""
"202400034786";"155720483";"A01";"2";"7";"8";"0";"1";"13";"1";""
"202400034787";"155720482";"A01";"2";"7";"0";"2";"1";"2";"1";""
"202400034787";"155720484";"B01";"2";"33";"0";"2";"4";"1";"1";""
"202400034788";"155720481";"A01";"2";"7";"9";"0";"3";"1";"1";""
"202400034789";"155720480";"A01";"3";"32";"16";"0";"7";"1";"1";""
"202400034790";"155720478";"A01";"2";"37";"0";"2";"2";"1";"1";"1"
"202400034790";"155720479";"B01";"1";"1";"0";"2";"3";"1";"5";""
"202400034791";"155720477";"A01";"3";"50";"12";"0";"0";"1";"3";""
"202400034792";"155720475";"B01";"3";"1";"0";"2";"7";"0";"5";""
"202400034792";"155720476";"A01";"3";"50";"0";"2";"7";"0";"3";""
"202400034793";"155720474";"A01";"0";"7";"0";"1";"8";"18";"1";""
"202400034794";"155720470";"A01";"2";"7";"0";"2";"1";"16";"1";""
"202400034794";"155720472";"B01";"2";"1";"0";"2";"4";"1";"5";""
"202400034795";"155720469";"B01";"1";"31";"0";"2";"1";"13";"1";""
"202400034795";"155720471";"C01";"2";"7";"0";"2";"1";"1";"1";""
"202400034795";"155720473";"A01";"1";"10";"0";"2";"0";"17";"1";""
"202400034796";"155720468";"A01";"3";"7";"0";"1";"1";"1";"1";""
"202400034797";"155720466";"B01";"1";"31";"0";"2";"8";"1";"1";""
"202400034797";"155720467";"A01";"2";"7";"0";"2";"3";"15";"1";""
"202400034798";"155720465";"A01";"2";"10";"8";"0";"3";"19";"1";""
"202400034799";"155720463";"B01";"1";"2";"0";"2";"0";"21";"1";""
"202400034799";"155720464";"A01";"1";"7";"0";"2";"8";"9";"1";""
"202400034800";"155720461";"A01";"1";"34";"0";"2";"1";"1";"1";""
"202400034800";"155720462";"B01";"1";"7";"0";"2";"2";"0";"1";""
"202400034801";"155720460";"A01";"0";"7";"0";"1";"1";"1";"1";""
"202400034802";"155720459";"A01";"3";"7";"0";"1";"3";"1";"1";""
"202400034803";"155720458";"A01";"3";"10";"0";"1";"1";"17";"1";""
"202400034804";"155720457";"A01";"2";"10";"0";"1";"8";"1";"1";""
"202400034805";"155720454";"A01";"1";"7";"0";"1";"7";"0";"0";""
"202400034806";"155720453";"C01";"1";"7";"0";"2";"4";"23";"1";""
"202400034806";"155720455";"A01";"1";"10";"0";"2";"1";"2";"1";""
"202400034806";"155720456";"B01";"1";"7";"0";"2";"4";"23";"1";""
"202400034807";"155720449";"A01";"1";"7";"12";"2";"5";"16";"1";""
"202400034807";"155720450";"B01";"1";"50";"12";"2";"1";"1";"3";""
"202400034808";"155720446";"A01";"1";"7";"6";"0";"1";"1";"1";""
"202400034809";"155720444";"A01";"2";"37";"0";"1";"7";"1";"1";"1"
"202400034810";"155720442";"A01";"1";"7";"0";"2";"1";"2";"1";""
"202400034810";"155720443";"B01";"1";"7";"0";"2";"4";"2";"1";""
"202400034811";"155720437";"B01";"1";"7";"0";"2";"5";"1";"1";""
"202400034811";"155720440";"A01";"2";"7";"0";"2";"1";"19";"1";""
"202400034812";"155720438";"B01";"1";"7";"3";"2";"6";"1";"1";""
"202400034812";"155720439";"A01";"2";"7";"0";"2";"2";"9";"1";""
"202400034813";"155720435";"B01";"1";"33";"0";"2";"1";"17";"1";""
"202400034813";"155720436";"A01";"1";"7";"0";"0";"3";"15";"1";""
"202400034814";"155720434";"A01";"1";"7";"0";"1";"1";"0";"1";""
"202400034815";"155720432";"A01";"1";"14";"0";"1";"8";"15";"1";""
"202400034816";"155720431";"A01";"2";"7";"0";"2";"2";"15";"1";""
"202400034816";"155720433";"B01";"1";"33";"0";"2";"1";"1";"1";""
"202400034817";"155720427";"A01";"0";"7";"0";"2";"1";"1";"1";""
"202400034817";"155720429";"B01";"0";"7";"0";"2";"5";"0";"1";""
"202400034818";"155720428";"B01";"2";"32";"0";"2";"1";"1";"1";""
"202400034818";"155720430";"A01";"1";"7";"0";"2";"1";"15";"3";""
"202400034819";"155720424";"Z01";"2";"7";"0";"1";"1";"1";"0";""
"202400034820";"155720425";"B01";"3";"1";"0";"2";"1";"1";"5";""
"202400034820";"155720426";"A01";"2";"7";"0";"0";"3";"15";"1";""
"202400034821";"155720421";"A01";"1";"7";"0";"2";"7";"15";"1";""
"202400034821";"155720422";"B01";"2";"7";"0";"2";"1";"1";"1";""
"202400034822";"155720420";"A01";"1";"10";"0";"2";"1";"16";"1";""
"202400034822";"155720423";"B01";"1";"7";"0";"2";"2";"1";"1";""
"202400034823";"155720418";"A01";"1";"50";"0";"0";"0";"0";"3";""
"202400034824";"155720417";"A01";"3";"30";"0";"2";"1";"11";"1";""
"202400034824";"155720419";"B01";"3";"7";"0";"2";"5";"1";"1";""
"202400034825";"155720415";"A01";"3";"7";"0";"1";"2";"1";"1";""
"202400034826";"155720414";"A01";"3";"10";"0";"2";"7";"15";"1";""
"202400034826";"155720416";"B01";"3";"30";"0";"2";"1";"1";"1";""
"202400034827";"155720411";"A01";"2";"1";"0";"2";"1";"1";"5";""
"202400034827";"155720413";"B01";"3";"10";"0";"2";"1";"1";"1";""
"202400034828";"155720412";"A01";"2";"33";"6";"0";"1";"6";"1";""
"202400034829";"155720408";"A01";"2";"50";"0";"2";"1";"17";"3";""
"202400034829";"155720410";"B01";"1";"7";"0";"9";"1";"1";"0";""
"202400034830";"155720407";"A01";"2";"7";"0";"2";"1";"13";"1";""
"202400034830";"155720409";"B01";"1";"7";"0";"2";"1";"0";"1";""
"202400034831";"155720404";"A01";"1";"7";"0";"2";"1";"1";"1";""
"202400034831";"155720406";"B01";"2";"50";"0";"2";"0";"0";"3";""
"202400034832";"155720403";"A01";"2";"33";"0";"2";"1";"1";"1";""
"202400034832";"155720405";"B01";"2";"10";"0";"2";"4";"11";"1";""
"202400034833";"155720402";"A01";"1";"7";"0";"1";"1";"16";"1";""
"202400034834";"155720400";"A01";"1";"10";"0";"2";"8";"22";"1";""
"202400034834";"155720401";"B01";"1";"1";"0";"2";"1";"1";"5";""
"202400034835";"155720399";"A01";"3";"7";"0";"1";"1";"19";"1";""
"202400034836";"155720397";"A01";"2";"30";"0";"2";"3";"9";"1";""
"202400034836";"155720398";"B01";"1";"7";"0";"2";"2";"1";"1";""
"202400034837";"155720396";"A01";"1";"7";"2";"0";"1";"14";"1";""
"202400034838";"155720395";"A01";"1";"37";"0";"1";"1";"9";"3";"1"
"202400034839";"155720393";"B01";"2";"50";"0";"2";"1";"15";"3";""
"202400034839";"155720394";"A01";"1";"7";"0";"2";"3";"9";"1";""
"202400034840";"155720392";"A01";"2";"1";"0";"1";"1";"1";"5";""
"202400034841";"155720390";"A01";"1";"15";"0";"2";"4";"2";"0";""
"202400034841";"155720391";"B01";"1";"50";"0";"2";"1";"2";"3";""
"202400034842";"155720388";"A01";"3";"1";"0";"2";"3";"1";"5";""
"202400034842";"155720389";"Z01";"3";"50";"0";"2";"3";"5";"3";""
"202400034843";"155720386";"B01";"3";"7";"0";"2";"8";"1";"3";""
"202400034843";"155720387";"A01";"3";"50";"0";"2";"1";"1";"3";""
"202400034844";"155720384";"A01";"2";"7";"0";"2";"3";"13";"1";""
"202400034844";"155720385";"B01";"2";"1";"0";"2";"2";"17";"5";""
"202400034845";"155720382";"A01";"1";"38";"0";"2";"3";"1";"1";"1"
"202400034845";"155720383";"B01";"1";"15";"0";"2";"3";"23";"1";""
"202400034846";"155720380";"A01";"1";"30";"0";"2";"1";"1";"1";""
"202400034846";"155720381";"B01";"3";"1";"0";"2";"8";"19";"5";""
"202400034847";"155720379";"A01";"0";"7";"4";"0";"4";"1";"1";""
"202400034848";"155720376";"A01";"1";"7";"0";"2";"1";"1";"1";""
"202400034848";"155720378";"B01";"3";"50";"0";"2";"8";"1";"3";""
"202400034849";"155720377";"A01";"1";"33";"0";"1";"1";"1";"1";""
"202400034850";"155720374";"A01";"2";"10";"0";"1";"1";"1";"1";""
"202400034851";"155720373";"A01";"2";"2";"0";"2";"0";"17";"1";""
"202400034851";"155720375";"B01";"3";"7";"0";"2";"3";"15";"1";""
"202400034852";"155720371";"B01";"1";"1";"0";"2";"1";"25";"5";""
"202400034852";"155720372";"A01";"1";"13";"0";"2";"8";"16";"6";""
"202400034853";"155720368";"A01";"1";"10";"0";"2";"5";"1";"1";""
"202400034853";"155720370";"B01";"1";"7";"0";"2";"1";"1";"1";""
"202400034854";"155720367";"A01";"2";"16";"0";"2";"8";"20";"1";""
"202400034854";"155720369";"B01";"2";"33";"0";"2";"8";"1";"1";""
"202400034855";"155720364";"A01";"1";"7";"0";"2";"1";"10";"1";""
"202400034855";"155720366";"B01";"1";"33";"0";"2";"1";"1";"1";""
"202400034856";"155720363";"A01";"2";"7";"0";"2";"3";"15";"1";""
"202400034856";"155720365";"B01";"1";"34";"0";"2";"8";"1";"1";""
"202400034857";"155720361";"A01";"1";"7";"9";"2";"1";"13";"1";""
"202400034857";"155720362";"B01";"2";"7";"0";"2";"1";"1";"1";""
"202400034858";"155720359";"B01";"2";"1";"0";"2";"2";"19";"5";""
"202400034858";"155720360";"A01";"2";"7";"0";"2";"5";"4";"2";""
"202400034859";"155720357";"B01";"1";"33";"0";"2";"1";"1";"1";""
"202400034859";"155720358";"A01";"3";"7";"0";"2";"3";"15";"3";""
"202400034860";"155720355";"A01";"3";"7";"0";"2";"5";"12";"1";""
"202400034860";"155720356";"B01";"3";"34";"0";"2";"1";"3";"1";""
"202400034861";"155720351";"B01";"3";"7";"0";"2";"4";"0";"1";""
"202400034861";"155720353";"A01";"3";"7";"0";"2";"4";"26";"1";""
"202400034862";"155720352";"A01";"2";"99";"0";"2";"1";"2";"1";""
"202400034862";"155720354";"B01";"0";"1";"0";"2";"1";"0";"5";""
"202400034863";"155720348";"A01";"3";"7";"13";"0";"0";"14";"1";""
"202400034864";"155720349";"B01";"2";"50";"0";"2";"1";"5";"3";""
"202400034864";"155720350";"A01";"1";"34";"0";"2";"1";"1";"1";""
"202400034865";"155720345";"A01";"2";"30";"0";"2";"1";"1";"1";""
"202400034865";"155720347";"B01";"1";"7";"0";"2";"3";"1";"1";""
"202400034866";"155720344";"A01";"2";"10";"0";"2";"1";"26";"3";""
"202400034866";"155720346";"B01";"2";"50";"0";"2";"0";"26";"3";""
"202400034867";"155720342";"A01";"0";"7";"0";"1";"4";"20";"1";""
"202400034868";"155720341";"B01";"1";"80";"0";"2";"7";"5";"3";""
"202400034868";"155720343";"A01";"2";"7";"0";"2";"0";"15";"1";""
"202400034869";"155720340";"A01";"2";"7";"0";"1";"1";"1";"1";""
"202400034870";"155720339";"A01";"2";"7";"8";"0";"1";"26";"1";""
"202400034871";"155720337";"A01";"0";"43";"0";"1";"2";"1";"1";""
"202400034872";"155720335";"A01";"1";"7";"0";"2";"1";"2";"1";""
"202400034872";"155720336";"B01";"1";"30";"0";"2";"4";"1";"1";""
"202400034872";"155720338";"C01";"1";"7";"0";"2";"4";"2";"1";""
"202400034873";"155720331";"B01";"2";"32";"0";"2";"1";"1";"1";""
"202400034873";"155720333";"A01";"2";"10";"0";"2";"3";"13";"1";""
"202400034874";"155720330";"D01";"3";"7";"0";"2";"1";"23";"1";""
"202400034874";"155720332";"B01";"3";"7";"0";"2";"1";"23";"1";""
"202400034874";"155720334";"C01";"3";"7";"0";"2";"3";"0";"1";""
"202400034875";"155720328";"A01";"3";"7";"0";"1";"1";"0";"1";""
"202400034876";"155720327";"A01";"2";"33";"0";"2";"4";"20";"1";""
"202400034876";"155720329";"Z01";"2";"7";"0";"2";"1";"0";"0";""
"202400034877";"155720324";"B01";"1";"43";"0";"2";"3";"15";"1";""
"202400034877";"155720326";"A01";"2";"7";"0";"2";"2";"1";"1";""
"202400034878";"155720323";"A01";"1";"7";"0";"2";"1";"1";"1";""
"202400034878";"155720325";"Z01";"2";"0";"0";"2";"1";"17";"0";""
"202400034879";"155720320";"A01";"1";"1";"0";"2";"1";"1";"5";""
"202400034879";"155720322";"B01";"1";"7";"0";"0";"8";"24";"1";""
"202400034880";"155720319";"B01";"1";"34";"0";"2";"1";"2";"1";""
"202400034880";"155720321";"A01";"1";"7";"0";"2";"1";"10";"1";""
"202400034881";"155720318";"A01";"3";"50";"8";"0";"1";"1";"3";""
"202400034882";"155720317";"A01";"3";"7";"4";"0";"1";"26";"1";""
"202400034883";"155720315";"A01";"0";"32";"0";"2";"1";"21";"1";""
"202400034883";"155720316";"B01";"0";"7";"0";"2";"3";"11";"0";""
"202400034884";"155720314";"A01";"1";"7";"0";"1";"2";"1";"1";""
"202400034885";"155720313";"A01";"1";"7";"0";"1";"1";"16";"1";""
"202400034886";"155720311";"A01";"1";"7";"0";"2";"1";"13";"1";""
"202400034886";"155720312";"B01";"2";"7";"0";"2";"1";"1";"1";""
"202400034887";"155720309";"A01";"3";"7";"6";"0";"1";"13";"1";""
"202400034888";"155720308";"A01";"1";"10";"0";"2";"1";"1";"1";""
"202400034888";"155720310";"B01";"1";"7";"0";"2";"5";"1";"2";""
"202400034889";"155720305";"B01";"3";"10";"0";"2";"3";"1";"1";""
"202400034889";"155720307";"A01";"3";"30";"0";"2";"1";"5";"1";""
"202400034890";"155720304";"A01";"2";"60";"0";"2";"0";"0";"5";""
"202400034890";"155720306";"B01";"2";"7";"0";"2";"1";"0";"1";""
"202400034891";"155720303";"B01";"3";"7";"0";"1";"1";"2";"1";""
"202400034892";"155720302";"A01";"2";"7";"0";"1";"2";"0";"1";""
"202400034893";"155720299";"A01";"1";"7";"0";"2";"1";"2";"1";""
"202400034893";"155720301";"B01";"1";"7";"0";"2";"6";"2";"3";""
"202400034894";"155720298";"B01";"2";"1";"0";"2";"1";"5";"5";""
"202400034894";"155720300";"A01";"1";"7";"0";"9";"3";"16";"1";""
"202400034895";"155720296";"A01";"2";"7";"0";"2";"1";"2";"1";""
"202400034895";"155720297";"B01";"2";"10";"0";"9";"4";"1";"1";""
"202400034896";"155720294";"A01";"1";"7";"0";"1";"2";"14";"1";""
"202400034897";"155720292";"A01";"2";"7";"0";"2";"1";"2";"1";""
"202400034897";"155720293";"B01";"2";"7";"0";"2";"4";"2";"1";""
"202400034898";"155720290";"A01";"3";"7";"0";"2";"2";"9";"1";""
"202400034898";"155720291";"B01";"3";"80";"0";"2";"5";"1";"3";""
"202400034899";"155720289";"A01";"1";"80";"8";"9";"2";"21";"3";""
"202400034900";"155720287";"A01";"1";"7";"0";"2";"2";"1";"1";""
"202400034900";"155720288";"B01";"2";"7";"0";"2";"2";"1";"1";""
"202400034901";"155720284";"A01";"2";"21";"0";"0";"7";"1";"1";""
"202400034902";"155720285";"B01";"1";"43";"0";"2";"1";"1";"1";""
"202400034902";"155720286";"A01";"2";"1";"0";"2";"2";"15";"5";""
"202400034903";"155720281";"A01";"2";"1";"0";"1";"1";"1";"5";""
"202400034904";"155720282";"B01";"1";"7";"0";"2";"1";"13";"1";""
"202400034904";"155720283";"A01";"2";"31";"0";"2";"1";"1";"3";""
"202400034905";"155720276";"B01";"3";"7";"0";"2";"4";"23";"1";""
"202400034905";"155720278";"C01";"3";"7";"0";"2";"4";"1";"2";""
"202400034905";"155720280";"A01";"3";"7";"9";"2";"1";"1";"2";""
"202400034906";"155720277";"A01";"1";"2";"0";"0";"1";"1";"1";""
"202400034906";"155720279";"B01";"3";"7";"0";"0";"1";"15";"1";""
"202400034907";"155720274";"B01";"2";"33";"1";"0";"2";"1";"1";""
"202400034907";"155720275";"A01";"2";"7";"1";"0";"3";"24";"1";""
"202400034908";"155720272";"A01";"3";"7";"0";"2";"1";"1";"1";""
"202400034908";"155720273";"B01";"3";"15";"3";"2";"3";"1";"1";""
"202400034909";"155720269";"A01";"1";"7";"0";"2";"6";"9";"1";""
"202400034909";"155720270";"B01";"1";"7";"0";"2";"9";"1";"1";""
"202400034909";"155720271";"C01";"1";"10";"0";"2";"7";"1";"1";""
"202400034910";"155720267";"A01";"0";"31";"0";"2";"8";"0";"1";""
"202400034910";"155720268";"B01";"0";"10";"0";"2";"1";"5";"1";""
"202400034911";"155720262";"B01";"1";"10";"0";"2";"3";"1";"1";""
"202400034911";"155720264";"A01";"2";"10";"0";"2";"3";"0";"1";""
"202400034912";"155720263";"A01";"3";"7";"0";"2";"1";"16";"1";""
"202400034912";"155720265";"B01";"1";"7";"0";"2";"4";"15";"1";""
"202400034912";"155720266";"C01";"3";"7";"0";"2";"4";"23";"3";""
"202400034913";"155720260";"A01";"2";"7";"0";"2";"3";"13";"1";""
"202400034913";"155720261";"B01";"1";"7";"0";"2";"3";"1";"1";""
"202400034914";"155720258";"A01";"1";"7";"12";"0";"2";"21";"1";""
"202400034915";"155720257";"A01";"2";"7";"2";"0";"1";"14";"1";""
"202400034915";"155720259";"B01";"1";"10";"13";"0";"0";"21";"1";""
"202400034916";"155720254";"B01";"2";"34";"0";"2";"1";"1";"3";""
"202400034916";"155720256";"A01";"1";"7";"0";"2";"1";"11";"2";""
"202400034917";"155720253";"B01";"2";"38";"0";"0";"7";"1";"1";"1"
"202400034917";"155720255";"A01";"1";"33";"0";"2";"8";"11";"1";""
"202400034918";"155720250";"B01";"3";"7";"0";"2";"4";"1";"1";""
"202400034918";"155720252";"A01";"3";"7";"0";"2";"1";"1";"1";""
"202400034919";"155720249";"B01";"1";"7";"0";"2";"3";"17";"1";""
"202400034919";"155720251";"A01";"2";"10";"0";"2";"3";"1";"1";""
"202400034920";"155720247";"A01";"2";"10";"1";"0";"2";"0";"1";""
"202400034921";"155720246";"B01";"3";"37";"0";"2";"3";"0";"1";"3"
"202400034921";"155720248";"A01";"3";"10";"0";"2";"2";"0";"1";""
"202400034922";"155720245";"A01";"2";"33";"0";"1";"1";"1";"1";""
"202400034923";"155720244";"A01";"3";"33";"0";"0";"7";"26";"1";""
"202400034924";"155720242";"A01";"3";"7";"0";"2";"3";"15";"0";""
"202400034924";"155720243";"B01";"3";"43";"0";"2";"1";"6";"0";""
"202400034925";"155720240";"A01";"0";"10";"0";"2";"1";"11";"0";""
"202400034925";"155720241";"B01";"0";"10";"0";"0";"3";"2";"0";""
"202400034926";"155720238";"B01";"2";"7";"0";"2";"3";"15";"1";""
"202400034926";"155720239";"A01";"2";"34";"2";"2";"1";"3";"1";""
"202400034927";"155720236";"B01";"1";"43";"0";"2";"1";"1";"1";""
"202400034927";"155720237";"A01";"1";"10";"0";"2";"3";"10";"1";""
"202400034928";"155720233";"A01";"1";"32";"1";"0";"3";"1";"1";""
"202400034929";"155720231";"A01";"1";"30";"0";"2";"1";"1";"1";""
"202400034929";"155720232";"B01";"1";"7";"0";"2";"4";"0";"2";""
"202400034930";"155720229";"B01";"3";"7";"0";"2";"1";"2";"2";""
"202400034930";"155720230";"A01";"3";"7";"0";"2";"5";"15";"0";""
"202400034931";"155720228";"A01";"2";"34";"1";"0";"2";"14";"1";""
"202400034932";"155720227";"A01";"1";"99";"0";"0";"1";"15";"0";""
"202400034933";"155720225";"B01";"2";"32";"0";"2";"1";"17";"1";""
"202400034933";"155720226";"A01";"3";"7";"0";"2";"1";"13";"1";""
"202400034934";"155720224";"Z01";"2";"1";"0";"1";"0";"16";"5";""
"202400034935";"155720222";"A01";"1";"7";"0";"2";"1";"1";"0";""
"202400034935";"155720223";"B01";"1";"7";"0";"2";"4";"16";"0";""
"202400034936";"155720219";"A01";"0";"7";"0";"1";"1";"1";"1";""
"202400034937";"155720217";"A01";"1";"10";"5";"2";"2";"1";"1";""
"202400034937";"155720218";"B01";"2";"7";"5";"2";"1";"13";"1";""
"202400034938";"155720215";"B01";"3";"1";"0";"2";"1";"19";"5";""
"202400034938";"155720216";"A01";"3";"7";"0";"9";"6";"15";"1";""
"202400034939";"155720214";"A01";"0";"7";"8";"0";"7";"13";"1";""
"202400034940";"155720213";"A01";"2";"7";"2";"0";"1";"0";"1";""
"202400034941";"155720211";"A01";"2";"7";"0";"2";"3";"1";"1";""
"202400034941";"155720212";"B01";"1";"7";"0";"2";"3";"1";"3";""
"202400034942";"155720210";"A01";"1";"7";"17";"0";"8";"13";"1";""
"202400034943";"155720208";"A01";"3";"7";"0";"2";"2";"1";"1";""
"202400034943";"155720209";"B01";"3";"1";"0";"0";"3";"19";"5";""
"202400034944";"155720207";"A01";"3";"36";"6";"0";"3";"1";"1";""
"202400034945";"155720205";"A01";"2";"7";"0";"2";"1";"9";"1";""
"202400034945";"155720206";"B01";"2";"7";"0";"2";"7";"9";"1";""
"202400034946";"155720204";"A01";"1";"33";"2";"0";"1";"1";"1";""
"202400034947";"155720202";"B01";"2";"7";"0";"2";"8";"15";"2";""
"202400034947";"155720203";"A01";"2";"2";"0";"2";"1";"17";"0";""
"202400034948";"155720201";"A01";"1";"7";"0";"0";"9";"1";"1";""
"202400034949";"155720200";"A01";"1";"2";"0";"0";"9";"1";"1";""
"202400034950";"155720199";"A01";"1";"7";"2";"0";"1";"1";"1";""
"202400034951";"155720197";"B01";"2";"10";"0";"2";"8";"21";"1";""
"202400034951";"155720198";"A01";"1";"10";"0";"2";"3";"13";"1";""
"202400034952";"155720195";"B01";"3";"10";"0";"2";"8";"15";"1";""
"202400034952";"155720196";"A01";"3";"7";"0";"2";"2";"17";"1";""
"202400034953";"155720194";"A01";"2";"7";"3";"0";"1";"1";"1";""
"202400034954";"155720192";"A01";"2";"7";"0";"2";"2";"5";"1";""
"202400034954";"155720193";"B01";"1";"7";"0";"2";"3";"1";"2";""
"202400034955";"155720191";"A01";"2";"7";"2";"0";"9";"1";"1";""
"202400034956";"155720190";"A01";"2";"33";"13";"0";"0";"1";"1";""
"202400034957";"155720189";"A01";"3";"7";"13";"0";"1";"13";"1";""
"202400034958";"155720188";"A01";"2";"7";"16";"0";"0";"2";"1";""
"202400034959";"155720187";"A01";"1";"2";"12";"0";"1";"1";"1";""
"202400034960";"155720185";"A01";"1";"7";"0";"2";"3";"16";"1";""
"202400034960";"155720186";"B01";"1";"7";"0";"2";"2";"1";"1";""
"202400034961";"155720183";"A01";"1";"7";"0";"0";"3";"9";"1";""
"202400034961";"155720184";"B01";"2";"1";"0";"0";"3";"21";"5";""
"202400034962";"155720182";"A01";"1";"7";"17";"0";"1";"1";"1";""
"202400034963";"155720180";"A01";"3";"7";"0";"6";"1";"1";"1";""
"202400034963";"155720181";"B01";"3";"7";"0";"2";"1";"1";"1";""
"202400034964";"155720178";"A01";"2";"7";"0";"2";"2";"17";"1";""
"202400034964";"155720179";"B01";"2";"2";"0";"0";"4";"15";"0";""
"202400034965";"155720177";"A01";"3";"7";"0";"1";"2";"1";"3";""
"202400034966";"155720176";"A01";"1";"7";"2";"0";"9";"1";"1";""
"202400034967";"155720174";"A01";"3";"7";"0";"2";"3";"0";"1";""
"202400034967";"155720175";"B01";"0";"7";"0";"2";"1";"0";"1";""
"202400034968";"155720173";"A01";"1";"7";"13";"0";"0";"0";"0";""
"202400034969";"155720172";"A01";"2";"2";"0";"0";"0";"0";"1";""
"202400034970";"155720167";"A01";"1";"17";"0";"2";"2";"19";"1";""
"202400034970";"155720168";"B01";"2";"7";"0";"2";"1";"1";"2";""
"202400034971";"155720166";"A01";"2";"15";"16";"0";"7";"0";"1";""
"202400034972";"155720165";"A01";"1";"7";"13";"0";"1";"1";"1";""
"202400034973";"155720162";"A01";"2";"7";"2";"0";"3";"17";"1";""
"202400034974";"155720155";"A01";"2";"7";"0";"2";"0";"15";"0";""
"202400034974";"155720156";"B01";"1";"7";"0";"2";"1";"1";"1";""
"202400034975";"155720154";"A01";"3";"7";"2";"0";"4";"21";"1";""
"202400034976";"155720152";"A01";"2";"33";"0";"2";"1";"17";"1";""
"202400034976";"155720153";"B01";"1";"7";"0";"2";"3";"9";"1";""
"202400034977";"155720150";"A01";"1";"7";"0";"2";"1";"13";"1";""
"202400034977";"155720151";"B01";"2";"7";"0";"2";"1";"1";"1";""
"202400034978";"155720148";"A01";"1";"7";"0";"2";"2";"1";"1";""
"202400034978";"155720149";"B01";"2";"33";"0";"2";"3";"1";"1";""
"202400034979";"155720147";"A01";"1";"7";"13";"0";"1";"1";"1";""
"202400034980";"155720145";"A01";"3";"10";"0";"1";"1";"1";"1";""
"202400034981";"155720143";"A01";"2";"7";"0";"9";"2";"0";"1";""
"202400034981";"155720144";"B01";"2";"1";"0";"2";"4";"0";"5";""
"202400034982";"155720141";"B01";"3";"50";"0";"2";"1";"11";"3";""
"202400034982";"155720142";"A01";"3";"7";"0";"2";"3";"0";"1";""
"202400034983";"155720138";"A01";"1";"7";"0";"2";"2";"26";"1";""
"202400034983";"155720139";"B01";"1";"33";"0";"2";"8";"23";"1";""
"202400034983";"155720140";"C01";"1";"7";"0";"2";"7";"23";"1";""
"202400034984";"155720136";"B01";"2";"7";"0";"2";"4";"2";"1";""
"202400034984";"155720137";"A01";"2";"7";"0";"2";"1";"2";"1";""
"202400034985";"155720134";"A01";"1";"7";"2";"2";"9";"17";"1";""
"202400034985";"155720135";"B01";"1";"7";"0";"2";"0";"0";"1";""
"202400034986";"155720132";"A01";"2";"37";"4";"2";"1";"2";"1";"1"
"202400034986";"155720133";"B01";"2";"7";"4";"2";"4";"0";"1";""
"202400034987";"155720131";"A01";"1";"10";"4";"0";"1";"26";"1";""
"202400034988";"155720129";"B01";"2";"7";"0";"2";"4";"2";"1";""
"202400034988";"155720130";"A01";"2";"33";"0";"2";"1";"3";"1";""
"202400034989";"155720127";"A01";"1";"7";"0";"2";"1";"2";"1";""
"202400034989";"155720128";"B01";"1";"10";"0";"2";"4";"2";"1";""
"202400034990";"155720125";"A01";"1";"7";"0";"2";"3";"11";"1";""
"202400034990";"155720126";"B01";"1";"43";"0";"2";"2";"3";"1";""
"202400034991";"155720123";"B01";"1";"7";"0";"2";"4";"2";"0";""
"202400034991";"155720124";"A01";"1";"7";"0";"2";"1";"2";"1";""
"202400034992";"155720121";"A01";"1";"7";"0";"2";"1";"2";"1";""
"202400034992";"155720122";"B01";"1";"7";"0";"2";"4";"0";"2";""
"202400034993";"155720119";"B01";"1";"10";"0";"0";"4";"0";"0";""
"202400034993";"155720120";"A01";"1";"7";"0";"0";"1";"0";"0";""
"202400034994";"155720117";"A01";"1";"33";"0";"2";"1";"3";"1";""
"202400034994";"155720118";"B01";"1";"7";"0";"2";"2";"12";"1";""
"202400034995";"155720115";"B01";"2";"7";"0";"2";"6";"21";"1";""
"202400034995";"155720116";"A01";"2";"33";"0";"2";"1";"3";"1";""
"202400034996";"155720112";"A01";"2";"33";"4";"2";"1";"3";"1";""
"202400034996";"155720113";"B01";"2";"7";"4";"2";"6";"11";"3";""
"202400034996";"155720114";"C01";"2";"7";"4";"2";"6";"1";"1";""
"202400034997";"155720109";"B01";"2";"7";"0";"2";"4";"1";"1";""
"202400034997";"155720110";"C01";"2";"10";"0";"2";"4";"1";"1";""
"202400034997";"155720111";"A01";"2";"7";"0";"2";"1";"26";"1";""
"202400034998";"155720107";"B01";"1";"15";"0";"2";"3";"2";"1";""
"202400034998";"155720108";"A01";"1";"7";"0";"2";"2";"2";"1";""
"202400034999";"155720106";"A01";"1";"33";"0";"0";"8";"1";"1";""
"202400035000";"155720104";"A01";"1";"7";"0";"2";"1";"15";"1";""
"202400035000";"155720105";"B01";"2";"2";"0";"2";"1";"15";"1";""
"202400035001";"155720102";"B01";"2";"32";"0";"2";"0";"0";"1";""
"202400035001";"155720103";"A01";"3";"7";"0";"2";"0";"16";"1";""
"202400035002";"155720100";"B01";"1";"7";"0";"2";"3";"1";"1";""