"Num_Acc";"id_vehicule";"num_veh";"senc";"catv";"obs";"obsm";"choc";"manv";"motor";"occutc"
"202400035002";"155720101";"A01";"2";"2";"0";"2";"1";"5";"1";""
"202400035003";"155720098";"B01";"1";"30";"0";"2";"1";"1";"1";""
"202400035003";"155720099";"A01";"2";"50";"0";"2";"1";"15";"3";""
"202400035004";"155720096";"B01";"2";"2";"0";"2";"1";"1";"1";""
"202400035004";"155720097";"A01";"2";"7";"0";"2";"2";"15";"1";""
"202400035005";"155720094";"A01";"1";"7";"0";"2";"8";"10";"1";""
"202400035005";"155720095";"B01";"1";"33";"0";"2";"1";"2";"1";""
"202400035006";"155720091";"A01";"1";"7";"0";"2";"6";"26";"1";""
"202400035006";"155720092";"B01";"1";"7";"0";"0";"0";"0";"1";""
"202400035006";"155720093";"C01";"1";"7";"0";"0";"0";"0";"1";""
"202400035007";"155720088";"A01";"2";"7";"1";"0";"2";"2";"1";""
"202400035007";"155720089";"B01";"2";"10";"0";"2";"6";"23";"1";""
"202400035007";"155720090";"C01";"2";"7";"3";"0";"2";"21";"1";""
"202400035008";"155720086";"A01";"2";"7";"0";"2";"3";"13";"1";""
"202400035008";"155720087";"B01";"1";"7";"0";"2";"3";"1";"1";""
"202400035009";"155720085";"A01";"2";"7";"9";"0";"1";"2";"2";""
"202400035010";"155720083";"A01";"3";"7";"0";"9";"2";"1";"1";""
"202400035010";"155720084";"B01";"3";"50";"0";"2";"8";"19";"3";""
"202400035011";"155720082";"A01";"1";"7";"0";"1";"7";"1";"1";""
"202400035012";"155720081";"A01";"2";"7";"0";"1";"1";"1";"1";""
"202400035013";"155720079";"B01";"2";"7";"0";"2";"4";"1";"1";""
"202400035013";"155720080";"A01";"2";"7";"0";"2";"1";"2";"1";""
"202400035014";"155720078";"A01";"2";"7";"13";"0";"0";"0";"1";""
"202400035015";"155720077";"A01";"2";"7";"8";"0";"1";"14";"1";""
"202400035016";"155720075";"A01";"1";"7";"4";"2";"4";"17";"1";""
"202400035016";"155720076";"B01";"1";"10";"0";"2";"2";"1";"1";""
"202400035017";"155720073";"A01";"1";"31";"0";"2";"6";"1";"1";""
"202400035017";"155720074";"B01";"2";"7";"0";"2";"3";"15";"1";""
"202400035018";"155720071";"A01";"2";"7";"17";"2";"3";"1";"1";""
"202400035018";"155720072";"B01";"2";"21";"0";"2";"2";"26";"1";""
"202400035019";"155720069";"A01";"2";"7";"0";"2";"3";"13";"1";""
"202400035019";"155720070";"B01";"1";"7";"0";"2";"3";"1";"1";""
"202400035020";"155720067";"B01";"1";"10";"0";"2";"3";"1";"1";""
"202400035020";"155720068";"A01";"2";"33";"0";"2";"1";"13";"1";""
"202400035021";"155720066";"A01";"2";"7";"0";"0";"9";"14";"1";""
"202400035022";"155720063";"B01";"1";"7";"0";"0";"6";"1";"1";""
"202400035022";"155720064";"C01";"2";"10";"0";"2";"1";"1";"1";""
"202400035022";"155720065";"A01";"1";"7";"0";"2";"1";"13";"1";""
"202400035023";"155720061";"A01";"2";"7";"0";"2";"2";"19";"1";""
"202400035023";"155720062";"B01";"2";"2";"0";"2";"1";"1";"1";""
"202400035024";"155720060";"A01";"2";"7";"13";"0";"3";"10";"1";""
"202400035025";"155720059";"A01";"1";"33";"0";"9";"1";"1";"1";""
"202400035026";"155720055";"A01";"1";"7";"0";"2";"1";"1";"1";""
"202400035026";"155720056";"B01";"1";"7";"0";"2";"9";"23";"1";""
"202400035026";"155720057";"C01";"1";"7";"0";"2";"9";"23";"1";""
"202400035026";"155720058";"D01";"1";"7";"0";"2";"4";"23";"1";""
"202400035027";"155720053";"A01";"2";"10";"0";"2";"1";"2";"1";""
"202400035027";"155720054";"B01";"2";"7";"0";"2";"4";"12";"1";""
"202400035028";"155720049";"B01";"2";"7";"0";"2";"4";"23";"1";""
"202400035028";"155720050";"C01";"2";"7";"0";"2";"4";"23";"1";""
"202400035028";"155720051";"D01";"2";"7";"0";"2";"4";"23";"1";""
"202400035028";"155720052";"A01";"2";"7";"0";"2";"1";"1";"2";""
"202400035029";"155720047";"B01";"1";"33";"0";"2";"7";"1";"0";""
"202400035029";"155720048";"A01";"1";"10";"0";"2";"7";"12";"1";""
"202400035030";"155720045";"B01";"1";"50";"0";"2";"1";"19";"3";""
"202400035030";"155720046";"A01";"2";"7";"0";"2";"8";"2";"1";""
"202400035031";"155720044";"A01";"2";"31";"0";"2";"8";"2";"1";""
"202400035032";"155720042";"A01";"3";"33";"0";"2";"7";"1";"1";""
"202400035032";"155720043";"B01";"3";"7";"0";"2";"3";"9";"1";""
"202400035033";"155720041";"A01";"3";"7";"2";"0";"1";"1";"1";""
"202400035034";"155720039";"B01";"1";"7";"0";"2";"6";"0";"2";""
"202400035034";"155720040";"A01";"1";"7";"0";"2";"1";"0";"1";""
"202400035035";"155720037";"B01";"1";"7";"0";"9";"7";"1";"1";""
"202400035035";"155720038";"A01";"1";"1";"0";"2";"3";"15";"5";""
"202400035036";"155720034";"B01";"1";"7";"0";"2";"4";"1";"1";""
"202400035036";"155720036";"A01";"1";"7";"0";"2";"1";"1";"1";""
"202400035037";"155720033";"A01";"2";"7";"3";"0";"0";"0";"1";""
"202400035037";"155720035";"B01";"2";"7";"3";"0";"0";"0";"1";""
"202400035038";"155720031";"B01";"2";"33";"0";"2";"7";"3";"1";""
"202400035038";"155720032";"A01";"2";"10";"0";"2";"8";"11";"1";""
"202400035039";"155720028";"B01";"1";"10";"0";"2";"6";"2";"1";""
"202400035039";"155720030";"A01";"1";"43";"0";"2";"1";"2";"1";""
"202400035040";"155720026";"A01";"3";"14";"0";"2";"7";"1";"1";""
"202400035040";"155720027";"B01";"1";"1";"0";"2";"6";"18";"5";""
"202400035041";"155720025";"B01";"3";"1";"0";"2";"1";"1";"5";""
"202400035041";"155720029";"A01";"3";"10";"0";"9";"4";"4";"3";""
"202400035042";"155720024";"A01";"2";"7";"4";"0";"1";"0";"1";""
"202400035043";"155720023";"A01";"3";"7";"0";"1";"1";"1";"1";""
"202400035044";"155720022";"A01";"1";"20";"16";"0";"0";"2";"0";""
"202400035045";"155720018";"A01";"3";"50";"0";"2";"2";"1";"3";""
"202400035045";"155720021";"B01";"3";"32";"0";"2";"7";"1";"1";""
"202400035046";"155720017";"A01";"2";"7";"0";"2";"6";"13";"1";""
"202400035046";"155720019";"B01";"2";"33";"0";"2";"2";"3";"1";""
"202400035046";"155720020";"C01";"2";"7";"0";"2";"4";"1";"1";""
"202400035047";"155720014";"A01";"2";"0";"0";"2";"3";"13";"0";""
"202400035047";"155720016";"B01";"1";"33";"0";"2";"3";"1";"1";""
"202400035048";"155720015";"A01";"1";"1";"0";"0";"0";"0";"5";""
"202400035049";"155720012";"A01";"2";"7";"4";"2";"2";"1";"1";""
"202400035049";"155720013";"Z01";"2";"7";"4";"2";"5";"12";"1";""
"202400035050";"155720009";"A01";"1";"1";"0";"0";"0";"21";"5";""
"202400035050";"155720011";"B01";"2";"7";"0";"0";"0";"17";"1";""
"202400035051";"155720008";"B01";"3";"31";"0";"2";"1";"1";"1";""
"202400035051";"155720010";"A01";"3";"7";"0";"2";"7";"15";"1";""
"202400035052";"155720006";"A01";"3";"7";"0";"1";"4";"20";"1";""
"202400035053";"155720002";"A01";"2";"33";"0";"2";"1";"3";"1";""
"202400035053";"155720004";"B01";"2";"7";"0";"2";"7";"1";"1";""
"202400035054";"155720000";"A01";"1";"7";"0";"1";"1";"15";"1";""
"202400035055";"155720001";"A01";"2";"7";"0";"2";"2";"15";"1";""
"202400035055";"155720003";"C01";"2";"10";"0";"2";"1";"1";"1";""
"202400035055";"155720005";"B01";"1";"7";"0";"2";"1";"15";"1";""
"202400035055";"155720007";"D01";"1";"7";"0";"2";"1";"1";"1";""
"202400035056";"155719998";"A01";"2";"10";"0";"2";"3";"11";"1";""
"202400035056";"155719999";"B01";"2";"31";"0";"2";"2";"3";"1";""
"202400035057";"155719997";"Z01";"2";"50";"0";"1";"1";"1";"3";""
"202400035058";"155719993";"A01";"2";"7";"1";"1";"1";"1";"1";""
"202400035059";"155719992";"A01";"1";"34";"0";"2";"7";"3";"1";""
"202400035059";"155719995";"B01";"1";"7";"0";"2";"3";"11";"1";""
"202400035060";"155719991";"B01";"2";"14";"0";"2";"3";"1";"1";""
"202400035060";"155719994";"C01";"1";"7";"0";"2";"1";"1";"1";""
"202400035060";"155719996";"A01";"1";"7";"0";"2";"3";"13";"1";""
"202400035061";"155719986";"A01";"2";"10";"0";"2";"4";"2";"1";""
"202400035061";"155719989";"B01";"2";"14";"0";"2";"2";"2";"1";""
"202400035062";"155719982";"D01";"1";"7";"0";"2";"4";"1";"1";""
"202400035062";"155719985";"A01";"1";"31";"0";"2";"1";"1";"1";""
"202400035062";"155719988";"C01";"1";"7";"0";"2";"4";"1";"2";""
"202400035062";"155719990";"B01";"1";"31";"0";"2";"8";"1";"3";""
"202400035063";"155719983";"A01";"3";"7";"6";"0";"1";"1";"1";""
"202400035064";"155719981";"C01";"2";"10";"0";"2";"5";"1";"1";""
"202400035064";"155719984";"A01";"2";"7";"0";"2";"3";"11";"2";""
"202400035064";"155719987";"B01";"2";"31";"0";"2";"2";"1";"1";""
"202400035065";"155719980";"A01";"1";"7";"15";"0";"1";"1";"1";""
"202400035066";"155719977";"A01";"1";"7";"0";"2";"2";"14";"1";""
"202400035066";"155719979";"B01";"1";"7";"0";"2";"8";"24";"1";""
"202400035067";"155719976";"A01";"2";"7";"4";"0";"3";"1";"1";""
"202400035068";"155719975";"A01";"2";"33";"12";"0";"1";"2";"1";""
"202400035069";"155719974";"B01";"2";"1";"0";"2";"1";"1";"5";""
"202400035069";"155719978";"A01";"2";"7";"0";"2";"3";"9";"1";""
"202400035070";"155719971";"A01";"1";"7";"0";"2";"1";"2";"1";""
"202400035070";"155719973";"B01";"1";"7";"0";"2";"4";"23";"1";""
"202400035071";"155719970";"A01";"1";"7";"0";"0";"3";"15";"1";""
"202400035072";"155719968";"A01";"1";"7";"0";"2";"1";"2";"3";""
"202400035072";"155719969";"B01";"1";"10";"0";"2";"4";"1";"1";""
"202400035072";"155719972";"C01";"1";"10";"0";"2";"4";"2";"1";""
"202400035073";"155719967";"A01";"1";"33";"13";"0";"0";"1";"1";""
"202400035074";"155719966";"A01";"2";"33";"15";"0";"1";"14";"1";""
"202400035075";"155719963";"A01";"2";"33";"0";"0";"7";"1";"1";""
"202400035076";"155719961";"A01";"1";"7";"0";"1";"2";"1";"1";""
"202400035077";"155719960";"A01";"1";"7";"0";"2";"3";"15";"1";""
"202400035077";"155719962";"B01";"1";"7";"0";"0";"2";"17";"1";""
"202400035078";"155719959";"A01";"1";"7";"0";"1";"1";"16";"1";""
"202400035079";"155719954";"A01";"1";"7";"0";"1";"3";"1";"1";""
"202400035080";"155719952";"A01";"2";"7";"0";"2";"3";"1";"1";""
"202400035080";"155719956";"B01";"2";"7";"0";"2";"3";"1";"1";""
"202400035081";"155719951";"B01";"2";"7";"0";"2";"3";"1";"1";""
"202400035081";"155719955";"A01";"1";"7";"0";"2";"2";"1";"1";""
"202400035082";"155719950";"A01";"1";"7";"0";"2";"1";"1";"1";""
"202400035082";"155719953";"C01";"2";"7";"0";"2";"1";"1";"2";""
"202400035082";"155719957";"B01";"1";"7";"0";"2";"4";"15";"1";""
"202400035082";"155719958";"D01";"1";"10";"0";"0";"8";"23";"1";""
"202400035083";"155719948";"A01";"1";"7";"13";"0";"3";"1";"2";""
"202400035084";"155719947";"A01";"2";"31";"12";"0";"1";"15";"1";""
"202400035085";"155719946";"A01";"1";"7";"0";"2";"7";"1";"1";""
"202400035085";"155719949";"B01";"3";"7";"0";"2";"1";"1";"1";""
"202400035086";"155719945";"A01";"1";"33";"2";"0";"1";"1";"1";""
"202400035087";"155719942";"B01";"3";"1";"0";"2";"8";"19";"5";""
"202400035087";"155719944";"A01";"3";"7";"0";"2";"1";"1";"1";""
"202400035088";"155719940";"A01";"3";"7";"0";"2";"1";"15";"1";""
"202400035088";"155719943";"B01";"3";"31";"0";"2";"1";"1";"1";""
"202400035089";"155719939";"A01";"3";"33";"0";"0";"7";"1";"1";""
"202400035090";"155719938";"A01";"1";"10";"0";"2";"3";"19";"1";""
"202400035090";"155719941";"B01";"2";"7";"0";"2";"1";"26";"1";""
"202400035091";"155719937";"A01";"2";"7";"15";"0";"1";"13";"1";""
"202400035092";"155719934";"A01";"1";"31";"12";"0";"1";"6";"1";""
"202400035093";"155719933";"A01";"1";"7";"0";"2";"3";"10";"1";""
"202400035093";"155719936";"B01";"1";"37";"0";"2";"2";"1";"1";"2"
"202400035094";"155719931";"A01";"1";"33";"0";"2";"3";"1";"1";""
"202400035094";"155719935";"B01";"2";"7";"0";"2";"3";"13";"1";""
"202400035095";"155719932";"A01";"0";"50";"0";"1";"0";"1";"3";""
"202400035096";"155719930";"A01";"1";"7";"0";"0";"9";"1";"1";""
"202400035097";"155719927";"B01";"1";"80";"0";"2";"8";"5";"3";""
"202400035097";"155719928";"A01";"2";"7";"0";"2";"2";"16";"1";""
"202400035098";"155719925";"A01";"1";"7";"2";"0";"1";"26";"1";""
"202400035099";"155719924";"A01";"2";"7";"2";"0";"1";"14";"1";""
"202400035100";"155719926";"A01";"1";"7";"0";"2";"2";"14";"1";""
"202400035100";"155719929";"B01";"1";"7";"1";"2";"3";"1";"1";""
"202400035101";"155719922";"B01";"2";"10";"0";"0";"0";"11";"1";""
"202400035101";"155719923";"A01";"2";"31";"0";"2";"0";"21";"0";""
"202400035102";"155719918";"A01";"2";"7";"0";"2";"1";"0";"1";""
"202400035102";"155719921";"B01";"1";"7";"7";"2";"8";"0";"1";""
"202400035103";"155719919";"A01";"0";"7";"0";"2";"2";"19";"1";""
"202400035103";"155719920";"B01";"3";"50";"0";"2";"8";"19";"3";""
"202400035104";"155719916";"A01";"1";"7";"0";"1";"2";"1";"1";""
"202400035105";"155719915";"A01";"3";"7";"0";"9";"3";"1";"1";""
"202400035105";"155719917";"B01";"3";"50";"0";"2";"7";"1";"3";""
"202400035106";"155719914";"A01";"2";"7";"0";"1";"2";"0";"1";""
"202400035107";"155719913";"A01";"1";"2";"13";"0";"7";"13";"1";""
"202400035108";"155719910";"A01";"2";"7";"8";"0";"3";"16";"1";""
"202400035109";"155719909";"B01";"1";"1";"0";"2";"8";"2";"5";""
"202400035109";"155719911";"A01";"1";"7";"0";"2";"5";"2";"1";""
"202400035110";"155719908";"A01";"2";"7";"0";"2";"7";"1";"1";""
"202400035110";"155719912";"B01";"2";"7";"0";"2";"1";"1";"1";""
"202400035111";"155719907";"A01";"3";"7";"16";"0";"1";"0";"1";""
"202400035112";"155719906";"A01";"3";"7";"0";"0";"0";"13";"1";""
"202400035113";"155719902";"B01";"1";"7";"0";"2";"1";"1";"1";""
"202400035113";"155719904";"A01";"1";"7";"0";"2";"4";"1";"1";""
"202400035114";"155719901";"B01";"1";"2";"0";"2";"1";"17";"1";""
"202400035114";"155719903";"A01";"2";"10";"0";"0";"1";"1";"1";""
"202400035115";"155719900";"B01";"2";"10";"0";"2";"2";"16";"1";""
"202400035115";"155719905";"A01";"2";"50";"0";"2";"1";"18";"3";""
"202400035116";"155719898";"A01";"2";"7";"0";"0";"4";"23";"1";""
"202400035116";"155719899";"B01";"2";"31";"0";"2";"1";"1";"1";""
"202400035117";"155719896";"A01";"2";"7";"0";"1";"3";"1";"1";""
"202400035118";"155719894";"B01";"1";"17";"0";"2";"1";"2";"1";""
"202400035118";"155719897";"A01";"1";"7";"0";"2";"3";"9";"1";""
"202400035119";"155719892";"A01";"3";"7";"0";"2";"2";"13";"1";""
"202400035119";"155719895";"B01";"2";"7";"0";"2";"2";"26";"1";""
"202400035120";"155719891";"A01";"2";"7";"0";"0";"4";"1";"1";""
"202400035120";"155719893";"B01";"2";"7";"0";"2";"1";"2";"1";""
"202400035121";"155719885";"A01";"3";"7";"0";"2";"1";"16";"0";""
"202400035121";"155719889";"B01";"3";"7";"0";"2";"0";"0";"0";""
"202400035122";"155719884";"A01";"1";"10";"0";"2";"1";"2";"1";""
"202400035122";"155719887";"B01";"1";"7";"3";"0";"4";"1";"1";""
"202400035123";"155719886";"A01";"1";"7";"0";"2";"7";"15";"1";""
"202400035123";"155719888";"B01";"2";"30";"0";"2";"1";"1";"1";""
"202400035124";"155719882";"A01";"1";"10";"0";"1";"2";"20";"1";""
"202400035125";"155719881";"A01";"1";"7";"0";"2";"1";"19";"1";""
"202400035125";"155719883";"B01";"2";"7";"0";"2";"1";"21";"2";""
"202400035126";"155719879";"A01";"1";"17";"0";"1";"1";"2";"1";""
"202400035127";"155719878";"B01";"2";"7";"0";"2";"4";"23";"1";""
"202400035127";"155719880";"A01";"2";"1";"0";"2";"1";"1";"0";""
"202400035128";"155719877";"A01";"2";"30";"0";"1";"8";"1";"3";""
"202400035129";"155719875";"A01";"1";"7";"4";"0";"3";"13";"1";""
"202400035130";"155719870";"A01";"1";"7";"0";"2";"0";"0";"1";""
"202400035130";"155719872";"B01";"0";"50";"0";"2";"8";"1";"3";""
"202400035131";"155719869";"A01";"1";"10";"0";"2";"1";"17";"1";""
"202400035131";"155719871";"B01";"1";"7";"0";"2";"2";"17";"1";""
"202400035132";"155719867";"B01";"1";"33";"0";"2";"7";"1";"1";""
"202400035132";"155719874";"A01";"2";"7";"0";"2";"1";"9";"1";""
"202400035133";"155719866";"A01";"2";"7";"0";"2";"1";"13";"1";""
"202400035133";"155719868";"B01";"1";"7";"0";"2";"6";"17";"1";""
"202400035133";"155719873";"D01";"1";"7";"0";"2";"1";"1";"1";""
"202400035133";"155719876";"C01";"1";"15";"0";"2";"8";"1";"1";""
"202400035134";"155719864";"A01";"0";"7";"0";"0";"0";"0";"0";""
"202400035135";"155719863";"A01";"1";"7";"0";"2";"3";"11";"1";""
"202400035135";"155719865";"B01";"2";"2";"0";"2";"1";"1";"1";""
"202400035136";"155719861";"A01";"3";"50";"0";"0";"0";"1";"3";""
"202400035137";"155719862";"A01";"3";"7";"1";"1";"7";"26";"1";""
"202400035138";"155719860";"A01";"3";"7";"0";"2";"3";"2";"1";""
"202400035139";"155719858";"A01";"1";"10";"0";"2";"3";"20";"1";""
"202400035139";"155719859";"B01";"0";"50";"0";"2";"1";"25";"3";""
"202400035140";"155719856";"A01";"2";"33";"0";"0";"0";"26";"1";""
"202400035141";"155719854";"A01";"2";"7";"0";"2";"1";"1";"1";""
"202400035141";"155719857";"B01";"1";"10";"0";"2";"3";"13";"1";""
"202400035142";"155719852";"B01";"1";"7";"0";"2";"4";"1";"1";""
"202400035142";"155719855";"A01";"1";"31";"0";"2";"1";"1";"1";""
"202400035143";"155719851";"B01";"2";"7";"0";"2";"4";"2";"1";""
"202400035143";"155719853";"A01";"2";"33";"0";"2";"1";"2";"1";""
"202400035144";"155719850";"A01";"1";"31";"0";"0";"0";"16";"1";""
"202400035145";"155719848";"B01";"3";"7";"0";"1";"3";"1";"1";""
"202400035146";"155719847";"A01";"3";"32";"12";"0";"8";"1";"1";""
"202400035147";"155719849";"A01";"2";"1";"16";"0";"1";"16";"5";""
"202400035148";"155719845";"A01";"1";"33";"0";"1";"1";"1";"1";""
"202400035149";"155719840";"B01";"1";"15";"1";"0";"1";"1";"1";""
"202400035149";"155719843";"A01";"1";"10";"13";"0";"3";"9";"1";""
"202400035150";"155719841";"B01";"2";"7";"0";"2";"1";"1";"1";""
"202400035150";"155719846";"A01";"1";"7";"0";"2";"1";"15";"1";""
"202400035151";"155719839";"A01";"3";"7";"0";"1";"1";"1";"1";""
"202400035152";"155719842";"A01";"1";"31";"0";"2";"8";"23";"1";""
"202400035152";"155719844";"B01";"1";"7";"0";"2";"2";"1";"1";""
"202400035153";"155719835";"A01";"1";"7";"0";"2";"1";"1";"1";""
"202400035153";"155719838";"B01";"2";"7";"0";"0";"1";"1";"1";""
"202400035154";"155719833";"A01";"1";"7";"0";"2";"3";"2";"1";""
"202400035154";"155719836";"B01";"1";"30";"0";"2";"5";"2";"1";""
"202400035155";"155719834";"A01";"1";"33";"0";"2";"1";"0";"1";""
"202400035155";"155719837";"B01";"1";"7";"0";"0";"0";"0";"1";""
"202400035156";"155719831";"A01";"1";"7";"0";"2";"1";"0";"1";""
"202400035156";"155719832";"B01";"2";"7";"0";"2";"1";"1";"1";""
"202400035157";"155719828";"A01";"2";"34";"0";"0";"1";"1";"1";""
"202400035158";"155719827";"A01";"1";"7";"0";"2";"2";"0";"1";""
"202400035158";"155719830";"B01";"2";"32";"0";"0";"8";"1";"1";""
"202400035159";"155719826";"A01";"1";"7";"0";"2";"2";"16";"1";""
"202400035159";"155719829";"B01";"2";"1";"0";"2";"1";"1";"5";""
"202400035160";"155719821";"A01";"0";"7";"0";"2";"6";"23";"1";""
"202400035160";"155719823";"B01";"0";"31";"0";"2";"1";"1";"1";""
"202400035161";"155719822";"A01";"3";"7";"0";"2";"1";"0";"1";""
"202400035161";"155719824";"B01";"3";"7";"0";"2";"7";"15";"1";""
"202400035162";"155719819";"A01";"2";"7";"0";"2";"1";"15";"1";""
"202400035162";"155719820";"B01";"1";"10";"0";"2";"1";"1";"1";""
"202400035163";"155719818";"A01";"1";"2";"0";"0";"3";"1";"0";""
"202400035164";"155719816";"A01";"3";"1";"0";"1";"1";"1";"5";""
"202400035165";"155719817";"B01";"2";"38";"0";"2";"3";"1";"1";"6"
"202400035165";"155719825";"A01";"1";"33";"0";"2";"0";"17";"1";""
"202400035166";"155719814";"A01";"1";"7";"9";"0";"1";"1";"1";""
"202400035167";"155719813";"A01";"2";"33";"0";"2";"1";"17";"1";""
"202400035167";"155719815";"B01";"2";"7";"0";"0";"6";"15";"1";""
"202400035168";"155719811";"A01";"1";"7";"0";"1";"2";"1";"1";""
"202400035169";"155719810";"A01";"0";"7";"0";"1";"4";"26";"3";""
"202400035170";"155719809";"B01";"2";"7";"0";"2";"6";"0";"1";""
"202400035170";"155719812";"A01";"2";"10";"0";"2";"2";"21";"1";""
"202400035171";"155719807";"A01";"1";"7";"0";"2";"1";"13";"1";""
"202400035171";"155719808";"B01";"2";"7";"0";"2";"1";"1";"1";""
"202400035172";"155719803";"B01";"2";"1";"0";"2";"0";"1";"5";""
"202400035172";"155719806";"A01";"2";"7";"0";"9";"2";"1";"1";""
"202400035173";"155719805";"A01";"2";"7";"0";"1";"1";"1";"2";""
"202400035174";"155719800";"B01";"1";"7";"0";"2";"1";"11";"1";""
"202400035174";"155719802";"A01";"1";"15";"0";"0";"7";"13";"1";""
"202400035175";"155719797";"A01";"1";"7";"9";"2";"3";"5";"1";""
"202400035175";"155719799";"B01";"2";"7";"0";"2";"8";"1";"1";""
"202400035176";"155719793";"A01";"2";"17";"0";"2";"1";"2";"1";""
"202400035176";"155719794";"B01";"2";"17";"14";"0";"6";"2";"1";""
"202400035177";"155719795";"A01";"1";"7";"0";"2";"0";"2";"1";""
"202400035177";"155719798";"B01";"1";"10";"0";"2";"4";"2";"1";""
"202400035178";"155719792";"A01";"2";"7";"0";"0";"3";"1";"1";""
"202400035178";"155719796";"B01";"2";"14";"0";"2";"5";"12";"1";""
"202400035179";"155719790";"A01";"0";"7";"0";"2";"1";"1";"1";""
"202400035179";"155719791";"B01";"0";"7";"0";"0";"4";"26";"1";""
"202400035180";"155719789";"A01";"1";"7";"3";"0";"3";"17";"2";""
"202400035181";"155719787";"A01";"1";"10";"13";"0";"9";"1";"1";""
"202400035182";"155719786";"A01";"3";"7";"0";"2";"3";"13";"1";""
"202400035182";"155719788";"B01";"3";"31";"0";"2";"1";"1";"1";""
"202400035183";"155719785";"A01";"3";"33";"12";"0";"7";"1";"1";""
"202400035184";"155719781";"A01";"2";"7";"6";"0";"1";"1";"1";""
"202400035185";"155719778";"A01";"2";"7";"0";"0";"4";"2";"1";""
"202400035185";"155719782";"C01";"1";"38";"0";"2";"2";"2";"1";"1"
"202400035185";"155719784";"B01";"1";"7";"0";"2";"4";"2";"1";""
"202400035186";"155719777";"B01";"1";"33";"0";"2";"1";"1";"1";""
"202400035186";"155719779";"A01";"1";"7";"0";"2";"7";"15";"1";""
"202400035187";"155719776";"A01";"1";"7";"0";"2";"3";"19";"1";""
"202400035187";"155719780";"B01";"1";"2";"0";"2";"1";"17";"1";""
"202400035187";"155719783";"C01";"1";"33";"0";"2";"1";"17";"1";""
"202400035188";"155719773";"A01";"3";"7";"1";"0";"2";"0";"1";""
"202400035189";"155719770";"A01";"2";"7";"0";"2";"1";"26";"1";""
"202400035189";"155719774";"B01";"1";"1";"0";"2";"1";"1";"5";""
"202400035189";"155719775";"C01";"1";"1";"0";"9";"1";"1";"5";""
"202400035190";"155719769";"A01";"3";"7";"0";"2";"3";"1";"1";""
"202400035190";"155719772";"B01";"3";"30";"0";"2";"1";"13";"3";""
"202400035191";"155719766";"C01";"1";"7";"0";"2";"1";"1";"1";""
"202400035191";"155719768";"A01";"1";"7";"0";"2";"4";"1";"1";""
"202400035191";"155719771";"B01";"1";"10";"0";"2";"1";"1";"1";""
"202400035192";"155719764";"B01";"1";"33";"0";"2";"1";"1";"1";""
"202400035192";"155719767";"A01";"1";"7";"0";"2";"2";"11";"1";""
"202400035193";"155719761";"A01";"1";"7";"0";"2";"2";"17";"1";""
"202400035193";"155719763";"B01";"1";"1";"0";"2";"4";"1";"5";""
"202400035194";"155719757";"A01";"1";"33";"0";"2";"7";"3";"1";""
"202400035194";"155719760";"C01";"1";"7";"0";"2";"5";"2";"1";""
"202400035194";"155719762";"B01";"1";"7";"0";"2";"3";"2";"2";""
"202400035195";"155719756";"A01";"1";"7";"3";"0";"3";"1";"1";""
"202400035195";"155719759";"B01";"2";"7";"0";"0";"3";"1";"1";""
"202400035196";"155719754";"A01";"3";"7";"0";"2";"7";"13";"2";""
"202400035196";"155719758";"B01";"3";"7";"0";"2";"1";"1";"1";""
"202400035197";"155719752";"B01";"1";"13";"0";"2";"2";"17";"1";""
"202400035197";"155719755";"A01";"1";"7";"6";"2";"3";"17";"3";""
"202400035198";"155719751";"A01";"2";"10";"0";"2";"5";"12";"1";""
"202400035198";"155719753";"B01";"2";"7";"0";"2";"3";"2";"1";""
"202400035199";"155719749";"B01";"0";"20";"0";"2";"1";"23";"1";""
"202400035199";"155719750";"A01";"1";"7";"1";"0";"7";"1";"1";""
"202400035200";"155719746";"A01";"1";"33";"0";"1";"3";"26";"1";""
"202400035201";"155719745";"A01";"2";"42";"0";"2";"1";"3";"1";""
"202400035201";"155719747";"B01";"2";"7";"0";"2";"6";"1";"1";""
"202400035202";"155719744";"A01";"2";"7";"16";"0";"2";"13";"1";""
"202400035203";"155719743";"B01";"2";"7";"0";"2";"3";"1";"1";""
"202400035203";"155719748";"A01";"2";"7";"0";"2";"5";"15";"1";""
"202400035204";"155719739";"B01";"2";"15";"0";"2";"4";"1";"1";""
"202400035204";"155719741";"A01";"2";"15";"0";"2";"1";"1";"1";""
"202400035205";"155719737";"A01";"0";"7";"0";"1";"4";"4";"1";""
"202400035206";"155719732";"C01";"2";"15";"0";"2";"7";"1";"1";""
"202400035206";"155719734";"D01";"2";"10";"0";"2";"1";"1";"1";""
"202400035206";"155719736";"A01";"1";"7";"0";"2";"1";"13";"1";""
"202400035206";"155719738";"B01";"2";"7";"0";"2";"8";"17";"1";""
"202400035207";"155719729";"A01";"1";"7";"0";"1";"2";"1";"1";""
"202400035208";"155719730";"A01";"2";"33";"0";"2";"0";"3";"1";""
"202400035208";"155719731";"B01";"2";"7";"0";"2";"0";"0";"1";""
"202400035208";"155719733";"C01";"2";"7";"0";"2";"0";"0";"1";""
"202400035208";"155719735";"D01";"2";"7";"0";"2";"0";"0";"1";""
"202400035209";"155719728";"A01";"1";"7";"6";"0";"1";"1";"3";""
"202400035210";"155719726";"B01";"1";"7";"0";"2";"3";"1";"1";""