"Num_Acc";"id_vehicule";"num_veh";"senc";"catv";"obs";"obsm";"choc";"manv";"motor";"occutc"
"202400035210";"155719727";"A01";"2";"7";"0";"2";"3";"1";"1";""
"202400035211";"155719725";"A01";"2";"7";"13";"0";"9";"1";"1";""
"202400035212";"155719724";"A01";"3";"2";"2";"0";"1";"15";"1";""
"202400035213";"155719721";"A01";"3";"7";"0";"2";"4";"4";"1";""
"202400035213";"155719723";"B01";"3";"1";"0";"2";"7";"21";"5";""
"202400035214";"155719719";"B01";"3";"7";"0";"2";"3";"15";"1";""
"202400035214";"155719722";"A01";"0";"33";"0";"2";"8";"1";"1";""
"202400035215";"155719718";"A01";"3";"32";"3";"0";"8";"16";"1";""
"202400035216";"155719717";"A01";"1";"7";"0";"2";"8";"13";"1";""
"202400035216";"155719720";"B01";"1";"33";"0";"2";"7";"0";"1";""
"202400035217";"155719716";"A01";"2";"7";"13";"0";"2";"0";"1";""
"202400035218";"155719714";"A01";"1";"7";"0";"1";"3";"1";"1";""
"202400035219";"155719711";"A01";"1";"7";"4";"0";"2";"26";"1";""
"202400035220";"155719712";"B01";"2";"7";"0";"2";"8";"1";"1";""
"202400035220";"155719715";"A01";"1";"7";"0";"2";"2";"1";"1";""
"202400035221";"155719710";"A01";"2";"15";"0";"2";"1";"2";"1";""
"202400035221";"155719713";"B01";"2";"7";"0";"2";"5";"2";"2";""
"202400035222";"155719709";"A01";"1";"7";"0";"1";"1";"1";"1";""
"202400035223";"155719704";"B01";"2";"10";"0";"2";"7";"1";"1";""
"202400035223";"155719708";"A01";"2";"7";"0";"2";"1";"19";"1";""
"202400035224";"155719705";"B01";"1";"7";"0";"2";"5";"2";"1";""
"202400035224";"155719707";"A01";"1";"7";"0";"2";"1";"2";"1";""
"202400035225";"155719706";"A01";"2";"7";"9";"0";"3";"1";"4";""
"202400035226";"155719700";"A01";"1";"7";"0";"2";"3";"1";"1";""
"202400035226";"155719702";"B01";"2";"7";"0";"2";"3";"1";"1";""
"202400035227";"155719698";"A01";"0";"50";"0";"2";"1";"26";"3";""
"202400035227";"155719703";"B01";"0";"7";"0";"2";"7";"1";"1";""
"202400035228";"155719695";"A01";"2";"32";"0";"2";"3";"3";"1";""
"202400035228";"155719697";"B01";"1";"7";"0";"2";"5";"1";"1";""
"202400035228";"155719699";"C01";"1";"7";"0";"2";"7";"1";"1";""
"202400035228";"155719701";"D01";"2";"7";"0";"2";"7";"2";"2";""
"202400035229";"155719693";"A01";"1";"7";"0";"2";"3";"1";"2";""
"202400035229";"155719696";"B01";"2";"80";"0";"2";"1";"1";"3";""
"202400035230";"155719691";"B01";"1";"17";"0";"0";"2";"1";"1";""
"202400035230";"155719694";"A01";"2";"7";"0";"2";"2";"11";"1";""
"202400035231";"155719689";"A01";"1";"7";"0";"2";"2";"1";"1";""
"202400035231";"155719692";"B01";"1";"7";"0";"2";"6";"2";"1";""
"202400035232";"155719688";"A01";"2";"7";"0";"2";"7";"12";"1";""
"202400035232";"155719690";"B01";"2";"7";"0";"2";"8";"1";"2";""
"202400035233";"155719686";"A01";"1";"7";"6";"0";"1";"14";"1";""
"202400035234";"155719687";"A01";"3";"33";"0";"0";"8";"26";"0";""
"202400035235";"155719683";"B01";"0";"7";"0";"2";"7";"1";"1";""
"202400035235";"155719685";"A01";"0";"7";"0";"2";"1";"16";"1";""
"202400035236";"155719682";"A01";"1";"32";"0";"2";"3";"3";"1";""
"202400035236";"155719684";"B01";"1";"10";"0";"2";"5";"1";"1";""
"202400035237";"155719681";"A01";"1";"15";"0";"1";"2";"2";"1";""
"202400035238";"155719679";"A01";"2";"7";"0";"5";"9";"1";"1";""
"202400035238";"155719680";"B01";"2";"10";"0";"2";"9";"1";"1";""
"202400035239";"155719676";"A01";"1";"7";"0";"2";"8";"23";"1";""
"202400035239";"155719678";"B01";"1";"14";"0";"2";"2";"14";"1";""
"202400035240";"155719677";"A01";"2";"7";"0";"1";"3";"1";"1";""
"202400035241";"155719674";"A01";"2";"10";"3";"2";"2";"12";"1";""
"202400035241";"155719675";"B01";"2";"7";"3";"2";"3";"13";"1";""
"202400035242";"155719671";"A01";"2";"10";"0";"2";"8";"11";"1";""
"202400035242";"155719673";"B01";"2";"33";"0";"2";"7";"3";"1";""
"202400035243";"155719668";"A01";"3";"36";"13";"0";"1";"14";"1";""
"202400035244";"155719665";"A01";"2";"7";"0";"2";"1";"2";"1";""
"202400035244";"155719667";"B01";"2";"10";"0";"2";"4";"2";"1";""
"202400035244";"155719670";"C01";"2";"7";"0";"2";"4";"2";"1";""
"202400035244";"155719672";"D01";"2";"10";"0";"2";"4";"2";"1";""
"202400035245";"155719664";"B01";"2";"7";"0";"2";"3";"1";"1";""
"202400035245";"155719669";"A01";"1";"7";"0";"2";"1";"15";"1";""
"202400035246";"155719663";"A01";"2";"14";"0";"2";"2";"12";"1";""
"202400035246";"155719666";"B01";"2";"7";"0";"2";"8";"1";"1";""
"202400035247";"155719662";"A01";"1";"7";"0";"1";"3";"13";"2";""
"202400035248";"155719660";"A01";"2";"7";"0";"2";"1";"2";"2";""
"202400035248";"155719661";"B01";"2";"10";"0";"2";"4";"1";"1";""
"202400035249";"155719657";"A01";"2";"7";"0";"1";"1";"2";"1";""
"202400035250";"155719653";"A01";"3";"7";"0";"2";"7";"26";"1";""
"202400035250";"155719655";"B01";"1";"7";"1";"2";"0";"9";"0";""
"202400035251";"155719652";"C01";"1";"7";"0";"2";"1";"1";"1";""
"202400035251";"155719656";"A01";"2";"7";"0";"2";"3";"13";"1";""
"202400035251";"155719658";"B01";"1";"7";"0";"2";"3";"1";"1";""
"202400035252";"155719654";"A01";"2";"30";"0";"2";"1";"17";"1";""
"202400035252";"155719659";"B01";"2";"7";"0";"2";"3";"15";"1";""
"202400035253";"155719646";"A01";"2";"1";"0";"2";"7";"1";"5";""
"202400035253";"155719649";"B01";"1";"0";"0";"2";"2";"9";" -1";""
"202400035254";"155719645";"A01";"1";"10";"0";"2";"2";"14";"1";""
"202400035254";"155719651";"B01";"1";"7";"0";"2";"3";"1";"1";""
"202400035255";"155719643";"A01";"1";"40";"0";"1";"1";"1";"3";""
"202400035256";"155719644";"A01";"3";"30";"0";"2";"1";"19";"1";""
"202400035256";"155719647";"B01";"3";"14";"0";"2";"8";"0";"1";""
"202400035257";"155719642";"A01";"0";"7";"2";"0";"3";"1";"1";""
"202400035258";"155719640";"A01";"2";"7";"1";"0";"2";"14";"1";""
"202400035259";"155719637";"C01";"1";"7";"0";"2";"4";"1";"0";""
"202400035259";"155719639";"B01";"1";"7";"0";"2";"1";"2";"1";""
"202400035259";"155719641";"A01";"1";"7";"0";"2";"1";"2";"1";""
"202400035260";"155719634";"A01";"0";"7";"0";"1";"1";"1";"1";""
"202400035261";"155719635";"A01";"1";"7";"0";"2";"2";"9";"1";""
"202400035261";"155719638";"B01";"2";"7";"0";"2";"8";"1";"1";""
"202400035262";"155719633";"B01";"2";"33";"0";"2";"1";"17";"1";""
"202400035262";"155719636";"A01";"2";"10";"0";"2";"8";"15";"1";""
"202400035263";"155719630";"B01";"2";"7";"0";"2";"4";"2";"1";""
"202400035263";"155719632";"A01";"2";"10";"0";"2";"1";"2";"1";""
"202400035264";"155719628";"B01";"3";"2";"0";"2";"1";"1";"1";""
"202400035264";"155719631";"A01";"3";"7";"0";"2";"2";"15";"1";""
"202400035265";"155719624";"A01";"1";"7";"4";"2";"0";"2";"1";""
"202400035266";"155719625";"A01";"1";"7";"0";"0";"8";"15";"1";""
"202400035266";"155719627";"B01";"1";"2";"1";"2";"5";"17";"1";""
"202400035267";"155719622";"A01";"1";"7";"13";"2";"3";"1";"1";""
"202400035267";"155719623";"B01";"2";"7";"0";"2";"3";"1";"1";""
"202400035268";"155719619";"A01";"1";"7";"0";"2";"2";"2";"1";""
"202400035268";"155719621";"B01";"3";"7";"0";"2";"6";"1";"1";""
"202400035269";"155719616";"A01";"1";"7";"12";"0";"9";"1";"1";""
"202400035270";"155719617";"A01";"1";"7";"0";"1";"2";"1";"1";""
"202400035271";"155719614";"B01";"2";"33";"0";"0";"1";"1";"1";""
"202400035271";"155719618";"A01";"0";"7";"0";"0";"3";"1";"1";""
"202400035272";"155719613";"B01";"1";"7";"0";"2";"3";"11";"0";""
"202400035272";"155719615";"A01";"1";"50";"0";"2";"5";"1";"3";""
"202400035273";"155719612";"A01";"3";"7";"4";"0";"1";"26";"1";""
"202400035274";"155719607";"B01";"1";"10";"0";"2";"6";"1";"1";""
"202400035274";"155719611";"A01";"1";"7";"0";"2";"2";"12";"1";""
"202400035275";"155719609";"A01";"2";"7";"0";"2";"3";"20";"1";""
"202400035275";"155719610";"B01";"2";"1";"1";"0";"7";"1";"5";""
"202400035276";"155719604";"A01";"1";"32";"0";"0";"7";"21";"1";""
"202400035276";"155719606";"B01";"2";"7";"0";"0";"0";"0";"1";""
"202400035277";"155719602";"A01";"1";"7";"4";"0";"9";"1";"1";""
"202400035278";"155719603";"B01";"1";"7";"0";"2";"4";"23";"1";""
"202400035278";"155719605";"A01";"1";"7";"0";"2";"1";"1";"1";""
"202400035278";"155719608";"C01";"1";"10";"0";"2";"4";"23";"1";""
"202400035279";"155719599";"A01";"2";"7";"0";"1";"7";"1";"1";""
"202400035280";"155719597";"A01";"1";"7";"0";"2";"6";"1";"1";""
"202400035280";"155719600";"Z01";"1";"15";"0";"2";"0";"0";"0";""
"202400035281";"155719596";"B01";"2";"37";"0";"2";"3";"1";"1";"3"
"202400035281";"155719601";"A01";"1";"7";"0";"2";"2";"15";"1";""
"202400035282";"155719598";"A01";"2";"7";"3";"0";"9";"0";"1";""
"202400035283";"155719593";"A01";"2";"7";"0";"2";"7";"13";"1";""
"202400035283";"155719595";"B01";"2";"17";"0";"2";"4";"1";"1";""
"202400035284";"155719594";"A01";"1";"30";"12";"0";"1";"1";"1";""
"202400035285";"155719591";"A01";"2";"7";"3";"0";"9";"26";"1";""
"202400035286";"155719588";"A01";"2";"7";"4";"0";"2";"0";"1";""
"202400035287";"155719590";"A01";"1";"7";"0";"2";"1";"15";"1";""
"202400035287";"155719592";"B01";"3";"2";"0";"2";"8";"1";"1";""
"202400035288";"155719587";"A01";"1";"7";"0";"2";"2";"10";"1";""
"202400035288";"155719589";"B01";"1";"32";"0";"2";"1";"2";"1";""
"202400035289";"155719583";"A01";"1";"7";"0";"2";"4";"1";"1";""
"202400035289";"155719585";"B01";"1";"14";"0";"2";"1";"1";"1";""
"202400035290";"155719586";"A01";"1";"7";"0";"1";"1";"15";"2";""
"202400035291";"155719580";"B01";"2";"10";"0";"2";"9";"0";"1";""
"202400035291";"155719582";"A01";"1";"7";"0";"2";"3";"13";"1";""
"202400035292";"155719579";"A01";"2";"7";"4";"0";"1";"1";"1";""
"202400035293";"155719581";"A01";"3";"7";"0";"2";"3";"21";"1";""
"202400035293";"155719584";"B01";"3";"7";"0";"2";"5";"1";"1";""
"202400035294";"155719578";"A01";"1";"7";"6";"0";"2";"26";"1";""
"202400035295";"155719576";"A01";"1";"7";"8";"0";"1";"26";"1";""
"202400035296";"155719577";"A01";"1";"7";"13";"0";"1";"26";"1";""
"202400035297";"155719575";"A01";"1";"1";"0";"2";"0";"0";"5";""
"202400035298";"155719573";"A01";"1";"7";"13";"0";"0";"0";"1";""
"202400035299";"155719572";"A01";"1";"0";"0";"1";"1";"1";"1";""
"202400035300";"155719574";"A01";"2";"7";"2";"0";"1";"1";"1";""
"202400035301";"155719570";"A01";"2";"7";"0";"2";"2";"1";"2";""
"202400035301";"155719571";"B01";"2";"50";"0";"2";"3";"1";"3";""
"202400035302";"155719567";"B01";"0";"7";"0";"0";"0";"0";"0";""
"202400035302";"155719568";"A01";"0";"2";"14";"2";"6";"17";"6";""
"202400035303";"155719566";"A01";"1";"7";"1";"2";"2";"14";"1";""
"202400035303";"155719569";"C01";"2";"7";"0";"2";"8";"1";"1";""
"202400035304";"155719565";"A01";"1";"50";"0";"1";"0";"21";"3";""
"202400035305";"155719564";"A01";"3";"13";"0";"1";"1";"1";"1";""
"202400035306";"155719562";"A01";"2";"7";"9";"0";"1";"1";"1";""
"202400035307";"155719560";"A01";"1";"7";"0";"2";"1";"15";"1";""
"202400035307";"155719563";"B01";"1";"2";"0";"2";"1";"15";"1";""
"202400035308";"155719559";"A01";"3";"1";"0";"0";"0";"1";"5";""
"202400035309";"155719558";"B01";"1";"33";"0";"2";"1";"1";"1";""
"202400035309";"155719561";"A01";"3";"7";"0";"2";"2";"1";"1";""
"202400035310";"155719553";"A01";"2";"7";"0";"2";"7";"2";"1";""
"202400035310";"155719556";"B01";"2";"2";"0";"2";"8";"2";"1";""
"202400035311";"155719551";"A01";"3";"7";"0";"2";"1";"17";"1";""
"202400035311";"155719554";"B01";"3";"1";"0";"2";"8";"15";"5";""
"202400035312";"155719555";"B01";"3";"7";"0";"2";"6";"1";"1";""
"202400035312";"155719557";"A01";"3";"30";"0";"2";"8";"1";"1";""
"202400035313";"155719550";"A01";"3";"7";"0";"2";"1";"2";"1";""
"202400035313";"155719552";"B01";"3";"33";"0";"2";"4";"2";"1";""
"202400035314";"155719549";"A01";"2";"31";"0";"0";"0";"21";"1";""
"202400035315";"155719547";"A01";"1";"7";"0";"1";"1";"1";"1";""
"202400035316";"155719545";"A01";"1";"7";"14";"0";"1";"1";"3";""
"202400035317";"155719546";"B01";"2";"33";"0";"2";"1";"1";"1";""
"202400035317";"155719548";"A01";"2";"7";"0";"2";"4";"9";"1";""
"202400035318";"155719543";"A01";"1";"7";"0";"2";"2";"15";"1";""
"202400035318";"155719544";"B01";"2";"33";"0";"2";"9";"1";"1";""
"202400035319";"155719540";"A01";"1";"7";"0";"2";"2";"17";"1";""
"202400035319";"155719542";"B01";"1";"7";"0";"2";"3";"15";"1";""
"202400035320";"155719538";"A01";"3";"7";"0";"2";"3";"9";"1";""
"202400035320";"155719541";"B01";"3";"50";"0";"2";"7";"1";"3";""
"202400035321";"155719535";"A01";"2";"7";"0";"2";"3";"9";"1";""
"202400035321";"155719536";"B01";"2";"31";"0";"2";"7";"1";"1";""
"202400035322";"155719530";"A01";"1";"10";"0";"2";"5";"1";"1";""
"202400035322";"155719534";"B01";"1";"7";"0";"2";"1";"17";"1";""
"202400035323";"155719531";"A01";"0";"7";"0";"2";"1";"1";"0";""
"202400035323";"155719533";"B01";"3";"7";"0";"2";"1";"1";"1";""
"202400035323";"155719537";"C01";"3";"7";"0";"2";"4";"1";"1";""
"202400035324";"155719527";"A01";"2";"7";"6";"0";"1";"14";"1";""
"202400035325";"155719524";"B01";"1";"30";"0";"2";"1";"1";"1";""
"202400035325";"155719526";"A01";"1";"7";"0";"2";"8";"15";"1";""
"202400035326";"155719521";"B01";"1";"2";"0";"2";"8";"18";"1";""
"202400035326";"155719523";"A01";"1";"7";"0";"2";"2";"16";"1";""
"202400035327";"155719520";"A01";"2";"33";"0";"2";"7";"17";"1";""
"202400035327";"155719522";"B01";"2";"10";"0";"2";"1";"15";"1";""
"202400035328";"155719518";"A01";"3";"20";"0";"1";"4";"26";"1";""
"202400035329";"155719517";"A01";"2";"10";"0";"2";"1";"15";"1";""
"202400035329";"155719519";"B01";"1";"7";"0";"2";"1";"1";"1";""
"202400035330";"155719515";"Z01";"1";"7";"0";"1";"0";"0";"0";""
"202400035331";"155719514";"B01";"0";"7";"0";"2";"7";"16";"1";""
"202400035331";"155719516";"A01";"0";"50";"0";"2";"0";"19";"3";""
"202400035332";"155719512";"A01";"2";"7";"0";"1";"1";"1";"1";""
"202400035333";"155719508";"B01";"2";"7";"0";"0";"0";"0";"1";""
"202400035333";"155719511";"A01";"2";"30";"0";"2";"1";"2";"1";""
"202400035334";"155719510";"A01";"1";"7";"0";"1";"3";"1";"1";""
"202400035335";"155719505";"A01";"2";"14";"0";"2";"7";"12";"1";""
"202400035335";"155719507";"B01";"2";"43";"0";"2";"8";"1";"1";""
"202400035336";"155719506";"A01";"3";"2";"0";"2";"7";"17";"1";""
"202400035336";"155719509";"B01";"1";"2";"0";"2";"7";"0";"1";""
"202400035336";"155719513";"C01";"3";"7";"0";"2";"1";"0";"3";""
"202400035337";"155719504";"A01";"3";"7";"0";"1";"7";"26";"2";""
"202400035338";"155719503";"A01";"1";"7";"4";"0";"1";"0";"1";""
"202400035339";"155719499";"A01";"1";"7";"0";"2";"1";"3";"1";""
"202400035339";"155719500";"B01";"1";"7";"0";"2";"6";"1";"1";""
"202400035339";"155719502";"C01";"1";"7";"0";"2";"7";"0";"2";""
"202400035340";"155719497";"A01";"1";"30";"0";"2";"1";"19";"1";""
"202400035340";"155719501";"B01";"1";"7";"0";"2";"2";"15";"1";""
"202400035341";"155719493";"A01";"1";"33";"0";"2";"2";"13";"1";""
"202400035341";"155719495";"B01";"1";"30";"0";"2";"3";"26";"1";""
"202400035342";"155719492";"Z01";"0";"0";"0";"1";"8";"2";"0";""
"202400035343";"155719491";"A01";"2";"33";"0";"2";"1";"2";"1";""
"202400035343";"155719494";"B01";"2";"7";"0";"2";"4";"2";"1";""
"202400035344";"155719489";"A01";"2";"7";"8";"0";"1";"1";"1";""
"202400035345";"155719488";"A01";"3";"7";"0";"2";"1";"13";"1";""
"202400035345";"155719490";"B01";"3";"7";"0";"2";"1";"1";"1";""
"202400035346";"155719486";"A01";"2";"7";"0";"0";"2";"14";"1";""
"202400035347";"155719485";"A01";"2";"7";"0";"2";"2";"1";"1";""
"202400035347";"155719487";"B01";"1";"7";"0";"2";"3";"1";"1";""
"202400035348";"155719483";"A01";"1";"7";"0";"1";"2";"1";"2";""
"202400035349";"155719484";"A01";"1";"7";"0";"1";"0";"1";"0";""
"202400035350";"155719482";"Z01";"2";"31";"0";"1";"0";"26";"1";""
"202400035351";"155719480";"A01";"0";"7";"1";"1";"3";"1";"1";""
"202400035352";"155719479";"A01";"1";"7";"1";"0";"1";"1";"0";""
"202400035353";"155719478";"A01";"1";"10";"0";"2";"6";"10";"1";""
"202400035353";"155719481";"B01";"2";"33";"0";"2";"8";"2";"1";""
"202400035354";"155719474";"A01";"1";"7";"8";"0";"1";"1";"1";""
"202400035355";"155719475";"B01";"1";"7";"0";"2";"1";"1";"1";""
"202400035355";"155719477";"A01";"1";"10";"0";"2";"7";"16";"1";""
"202400035356";"155719472";"B01";"1";"7";"0";"0";"1";"2";"1";""
"202400035356";"155719476";"A01";"1";"7";"8";"2";"1";"26";"1";""
"202400035357";"155719471";"A01";"2";"7";"9";"2";"8";"1";"1";""
"202400035357";"155719473";"B01";"3";"7";"8";"2";"2";"1";"1";""
"202400035358";"155719470";"A01";"3";"7";"0";"1";"3";"15";"1";""
"202400035359";"155719465";"C01";"3";"7";"0";"2";"4";"23";"1";""
"202400035359";"155719467";"A01";"3";"7";"0";"2";"1";"2";"1";""
"202400035359";"155719469";"B01";"3";"7";"0";"2";"0";"0";"1";""
"202400035360";"155719466";"B01";"1";"7";"0";"2";"1";"1";"1";""
"202400035360";"155719468";"A01";"1";"7";"0";"2";"8";"1";"1";""
"202400035361";"155719461";"A01";"1";"31";"0";"2";"2";"17";"1";""
"202400035361";"155719463";"B01";"1";"7";"0";"2";"3";"15";"1";""
"202400035362";"155719462";"A01";"1";"7";"0";"2";"1";"1";"1";""
"202400035362";"155719464";"B01";"1";"33";"0";"2";"4";"1";"1";""
"202400035363";"155719459";"B01";"2";"7";"0";"2";"7";"15";"1";""
"202400035363";"155719460";"A01";"1";"33";"0";"2";"1";"1";"1";""
"202400035364";"155719454";"A01";"1";"37";"0";"2";"3";"1";"3";"2"
"202400035364";"155719457";"B01";"2";"33";"0";"2";"3";"13";"1";""
"202400035365";"155719455";"A01";"3";"7";"0";"2";"2";"9";"1";""
"202400035365";"155719456";"B01";"3";"33";"0";"2";"1";"1";"1";""
"202400035366";"155719453";"A01";"2";"7";"0";"2";"1";"1";"1";""
"202400035366";"155719458";"Z01";"2";"0";"0";"2";"0";"0";"0";""
"202400035367";"155719452";"A01";"1";"10";"0";"1";"3";"1";"1";""
"202400035368";"155719451";"A01";"1";"33";"0";"0";"3";"1";"1";""
"202400035369";"155719450";"A01";"2";"43";"0";"1";"1";"3";"1";""
"202400035370";"155719447";"A01";"2";"7";"0";"2";"2";"20";"1";""
"202400035370";"155719449";"B01";"2";"50";"0";"2";"3";"1";"3";""
"202400035371";"155719444";"A01";"1";"7";"0";"2";"3";"2";"1";""
"202400035371";"155719448";"B01";"1";"50";"0";"2";"8";"2";"3";""
"202400035372";"155719443";"A01";"3";"7";"0";"2";"3";"1";"1";""
"202400035372";"155719446";"B01";"3";"1";"0";"2";"4";"1";"5";""
"202400035373";"155719442";"A01";"2";"7";"0";"9";"2";"15";"1";""
"202400035373";"155719445";"B01";"1";"1";"0";"2";"1";"1";"5";""
"202400035374";"155719437";"A01";"3";"7";"0";"1";"2";"16";"1";""
"202400035375";"155719439";"B01";"1";"30";"0";"2";"1";"1";"1";""
"202400035375";"155719441";"A01";"2";"7";"0";"2";"7";"15";"1";""
"202400035376";"155719434";"A01";"2";"7";"0";"2";"1";"2";"1";""
"202400035376";"155719435";"B01";"2";"10";"0";"2";"4";"2";"1";""
"202400035376";"155719436";"C01";"2";"7";"0";"2";"4";"1";"2";""
"202400035377";"155719433";"A01";"2";"7";"6";"0";"1";"16";"1";""
"202400035378";"155719432";"A01";"2";"1";"0";"1";"1";"1";"5";""
"202400035379";"155719430";"A01";"1";"7";"1";"0";"1";"2";"1";""
"202400035379";"155719431";"B01";"1";"7";"0";"2";"4";"23";"1";""
"202400035380";"155719425";"B01";"2";"33";"0";"2";"1";"1";"1";""
"202400035380";"155719427";"A01";"1";"7";"0";"2";"3";"26";"1";""
"202400035381";"155719424";"B01";"1";"33";"0";"2";"1";"13";"1";""
"202400035381";"155719428";"A01";"2";"80";"0";"2";"3";"1";"3";""
"202400035382";"155719426";"A01";"1";"1";"0";"2";"1";"1";"5";""
"202400035382";"155719429";"B01";"1";"10";"0";"2";"2";"16";"1";""
"202400035383";"155719423";"A01";"2";"7";"0";"1";"1";"1";"2";""
"202400035384";"155719419";"B01";"1";"7";"0";"2";"6";"1";"1";""
"202400035384";"155719422";"A01";"3";"30";"0";"2";"1";"1";"1";""
"202400035385";"155719417";"A01";"2";"13";"0";"0";"0";"0";"1";""
"202400035385";"155719420";"B01";"2";"2";"0";"9";"0";"2";"1";""
"202400035386";"155719418";"A01";"2";"2";"0";"2";"8";"16";"1";""
"202400035386";"155719421";"B01";"2";"7";"0";"0";"8";"1";"2";""
"202400035387";"155719415";"A01";"1";"30";"1";"2";"1";"14";"3";""
"202400035387";"155719416";"C01";"1";"1";"0";"2";"0";"0";"5";""
"202400035388";"155719411";"A01";"1";"7";"0";"2";"3";"1";"1";""
"202400035388";"155719414";"B01";"2";"10";"0";"2";"2";"1";"1";""
"202400035389";"155719412";"A01";"1";"30";"14";"1";"7";"1";"1";""
"202400035390";"155719410";"B01";"1";"10";"0";"2";"2";"26";"0";""
"202400035390";"155719413";"A01";"1";"10";"0";"2";"2";"1";"6";""
"202400035391";"155719405";"A01";"1";"7";"0";"1";"3";"1";"1";""
"202400035392";"155719407";"A01";"2";"80";"0";"1";"7";"1";"3";""
"202400035393";"155719406";"B01";"1";"40";"0";"2";"1";"1";"3";""
"202400035393";"155719409";"A01";"1";"1";"0";"4";"4";"15";"5";""
"202400035394";"155719404";"B01";"3";"1";"0";"2";"1";"1";"5";""
"202400035394";"155719408";"A01";"3";"14";"0";"2";"7";"1";"1";""
"202400035395";"155719398";"A01";"3";"7";"0";"1";"2";"1";"1";""
"202400035396";"155719401";"A01";"1";"7";"0";"2";"8";"10";"1";""
"202400035396";"155719403";"B01";"1";"7";"0";"2";"1";"1";"1";""
"202400035397";"155719400";"A01";"2";"7";"0";"0";"2";"1";"1";""
"202400035397";"155719402";"B01";"0";"1";"0";"2";"1";"1";"5";""
"202400035398";"155719397";"A01";"1";"7";"0";"2";"6";"2";"1";""
"202400035398";"155719399";"B01";"1";"31";"0";"2";"1";"2";"1";""
"202400035399";"155719393";"A01";"1";"7";"0";"1";"3";"1";"1";""
"202400035400";"155719394";"A01";"2";"7";"0";"2";"1";"1";"1";""
"202400035400";"155719396";"B01";"2";"7";"0";"2";"4";"1";"1";""
"202400035401";"155719395";"A01";"1";"1";"12";"0";"2";"14";"5";""
"202400035402";"155719390";"A01";"3";"33";"12";"2";"4";"26";"1";""
"202400035402";"155719392";"B01";"0";"7";"0";"2";"1";"1";" -1";""
"202400035403";"155719387";"A01";"1";"7";"0";"9";"6";"0";"1";""
"202400035403";"155719389";"B01";"1";"1";"0";"0";"0";"0";"5";""
"202400035404";"155719385";"A01";"1";"7";"0";"2";"2";"1";"1";""
"202400035404";"155719388";"B01";"1";"7";"6";"2";"4";"16";"0";""
"202400035405";"155719386";"A01";"1";"31";"1";"1";"1";"17";"1";""
"202400035406";"155719380";"A01";"1";"10";"0";"2";"1";"13";"1";""
"202400035406";"155719383";"B01";"2";"7";"0";"2";"1";"1";"1";""
"202400035407";"155719379";"B01";"3";"7";"0";"2";"4";"23";"1";""
"202400035407";"155719382";"A01";"3";"2";"0";"2";"1";"1";"1";""
"202400035408";"155719375";"A01";"2";"7";"0";"2";"1";"2";"1";""
"202400035408";"155719384";"B01";"2";"7";"0";"2";"4";"2";"1";""
"202400035409";"155719373";"B01";"3";"7";"0";"2";"2";"1";"1";""
"202400035409";"155719376";"A01";"3";"50";"0";"2";"1";"25";"3";""
"202400035410";"155719372";"A01";"2";"7";"0";"2";"2";"15";"1";""
"202400035410";"155719374";"B01";"1";"7";"0";"2";"3";"1";"0";""
"202400035411";"155719371";"A01";"2";"7";"0";"2";"2";"23";"1";""
"202400035411";"155719377";"B01";"1";"7";"0";"2";"2";"5";"1";""
"202400035412";"155719365";"A01";"1";"7";"0";"1";"1";"1";"2";""
"202400035413";"155719367";"B01";"2";"7";"1";"0";"4";"17";"1";""
"202400035413";"155719370";"A01";"1";"33";"1";"2";"1";"17";"1";""
"202400035414";"155719366";"B01";"1";"7";"0";"2";"1";"21";"1";""
"202400035414";"155719368";"C01";"3";"7";"1";"2";"3";"24";"1";""
"202400035414";"155719369";"A01";"1";"7";"0";"2";"1";"21";"1";""
"202400035415";"155719364";"A01";"3";"7";"2";"0";"1";"13";"1";""
"202400035416";"155719361";"A01";"3";"7";"0";"1";"1";"1";"1";""
"202400035417";"155719360";"B01";"2";"31";"0";"2";"1";"1";"1";""
"202400035417";"155719362";"A01";"1";"7";"0";"2";"2";"15";"1";""
"202400035418";"155719357";"B01";"1";"7";"0";"2";"1";"1";"1";""
"202400035418";"155719363";"A01";"1";"7";"0";"2";"8";"15";"1";""
"202400035419";"155719359";"A01";"1";"7";"1";"0";"2";"16";"1";""
"202400035420";"155719356";"A01";"3";"7";"0";"2";"1";"1";"1";""
"202400035420";"155719358";"B01";"3";"10";"0";"2";"1";"1";"1";""
"202400035421";"155719352";"B01";"1";"7";"0";"2";"1";"1";"1";""
"202400035421";"155719354";"A01";"2";"7";"0";"2";"1";"15";"1";""
"202400035422";"155719351";"A01";"1";"31";"0";"2";"1";"1";"0";""
"202400035422";"155719353";"B01";"1";"7";"0";"2";"0";"15";"0";""
"202400035423";"155719355";"A01";"3";"7";"6";"0";"1";"16";"1";""
"202400035424";"155719344";"A01";"0";"7";"0";"2";"2";"15";"1";""
"202400035424";"155719345";"B01";"0";"1";"0";"2";"3";"1";"5";""
"202400035425";"155719343";"A01";"1";"7";"0";"2";"3";"5";"1";""
"202400035425";"155719346";"B01";"2";"7";"0";"2";"3";"1";"1";""
"202400035425";"155719350";"C01";"2";"7";"0";"2";"3";"1";"1";""
"202400035426";"155719341";"A01";"2";"7";"0";"2";"3";"9";"1";""
"202400035426";"155719348";"B01";"2";"32";"0";"2";"1";"1";"1";""