"Num_Acc";"id_vehicule";"num_veh";"senc";"catv";"obs";"obsm";"choc";"manv";"motor";"occutc"
"202400035427";"155719342";"A01";"3";"30";"0";"2";"2";"1";"1";""
"202400035427";"155719347";"B01";"0";"7";"0";"2";"3";"9";"0";""
"202400035427";"155719349";"T01";"0";"7";"0";"0";"0";"15";"1";""
"202400035428";"155719337";"A01";"2";"7";"0";"2";"2";"5";"1";""
"202400035428";"155719340";"B01";"1";"7";"0";"2";"1";"7";"1";""
"202400035429";"155719336";"B01";"2";"10";"0";"2";"3";"23";"1";""
"202400035429";"155719339";"Z01";"1";"7";"0";"2";"3";"16";"0";""
"202400035430";"155719338";"A01";"3";"7";"0";"1";"2";"21";"1";""
"202400035431";"155719334";"A01";"1";"33";"8";"2";"3";"17";"1";""
"202400035431";"155719335";"B01";"1";"7";"0";"2";"0";"0";"1";""
"202400035432";"155719331";"A01";"1";"10";"0";"2";"1";"13";"1";""
"202400035432";"155719332";"B01";"1";"7";"0";"2";"1";"0";"1";""
"202400035433";"155719330";"A01";"2";"7";"0";"2";"1";"15";"1";""
"202400035433";"155719333";"B01";"2";"1";"0";"2";"1";"1";"0";""
"202400035434";"155719328";"A01";"2";"7";"2";"0";"2";"16";"1";""
"202400035435";"155719327";"A01";"1";"30";"0";"2";"0";"0";"1";""
"202400035435";"155719329";"B01";"1";"30";"0";"2";"0";"0";"1";""
"202400035436";"155719325";"A01";"2";"7";"0";"1";"1";"1";"1";""
"202400035437";"155719326";"A01";"3";"7";"0";"1";"1";"16";"1";""
"202400035438";"155719322";"A01";"3";"30";"15";"1";"1";"25";"1";""
"202400035439";"155719321";"A01";"2";"10";"0";"1";"1";"1";"1";""
"202400035440";"155719319";"A01";"3";"15";"0";"2";"1";"2";"1";""
"202400035440";"155719320";"B01";"3";"7";"0";"2";"4";"2";"1";""
"202400035441";"155719316";"A01";"0";"7";"0";"1";"1";"1";"1";""
"202400035442";"155719315";"A01";"0";"7";"0";"2";"8";"26";"1";""
"202400035442";"155719317";"B01";"0";"31";"0";"2";"7";"0";"1";""
"202400035443";"155719314";"B01";"1";"2";"0";"2";"1";"1";"1";""
"202400035443";"155719318";"A01";"1";"10";"0";"2";"2";"15";"1";""
"202400035444";"155719311";"A01";"2";"7";"8";"0";"1";"26";"1";""
"202400035445";"155719310";"Y01";"3";"50";"0";"2";"3";"26";"3";""
"202400035445";"155719312";"A01";"2";"10";"0";"2";"2";"1";"1";""
"202400035446";"155719309";"B01";"2";"33";"0";"2";"2";"1";"1";""
"202400035446";"155719313";"A01";"2";"7";"0";"2";"3";"15";"1";""
"202400035447";"155719306";"A01";"1";"7";"0";"2";"2";"1";"1";""
"202400035447";"155719308";"B01";"1";"7";"0";"2";"6";"1";"1";""
"202400035448";"155719305";"A01";"3";"50";"0";"0";"1";"1";"3";""
"202400035449";"155719303";"B01";"2";"1";"0";"2";"2";"1";"5";""
"202400035449";"155719307";"A01";"2";"7";"0";"2";"3";"9";"1";""
"202400035450";"155719298";"A01";"1";"7";"0";"2";"2";"1";"1";""
"202400035450";"155719300";"B01";"1";"80";"0";"2";"1";"1";"3";""
"202400035451";"155719296";"B01";"2";"10";"0";"2";"7";"16";"1";""
"202400035451";"155719299";"A01";"2";"50";"0";"2";"1";"1";"3";""
"202400035452";"155719292";"A01";"2";"7";"0";"2";"3";"9";"1";""
"202400035452";"155719294";"B01";"1";"80";"0";"2";"2";"1";"3";""
"202400035453";"155719295";"A01";"0";"7";"0";"2";"1";"1";"1";""
"202400035453";"155719301";"B01";"0";"7";"0";"2";"3";"1";"1";""
"202400035454";"155719293";"B01";"2";"1";"1";"0";"8";"1";"5";""
"202400035454";"155719297";"A01";"2";"7";"1";"0";"7";"22";"1";""
"202400035455";"155719291";"A01";"1";"31";"7";"0";"2";"26";"1";""
"202400035456";"155719286";"A01";"2";"7";"0";"1";"3";"1";"2";""
"202400035457";"155719285";"A01";"3";"7";"0";"2";"1";"13";"0";""
"202400035457";"155719289";"B01";"3";"7";"0";"2";"1";"0";"0";""
"202400035458";"155719287";"A01";"1";"7";"0";"9";"3";"15";"1";""
"202400035458";"155719290";"B01";"2";"1";"0";"2";"1";"1";"5";""
"202400035459";"155719288";"A01";"2";"7";"0";"1";"1";"15";"1";""
"202400035460";"155719283";"A01";"2";"13";"0";"2";"5";"4";"1";""
"202400035460";"155719284";"B01";"2";"7";"0";"2";"2";"1";"1";""
"202400035461";"155719280";"Z01";"1";"10";"0";"1";"1";"1";"0";""
"202400035462";"155719278";"A01";"1";"30";"0";"2";"1";"26";"1";""
"202400035462";"155719281";"B01";"1";"7";"0";"2";"5";"26";"1";""
"202400035463";"155719275";"A01";"2";"13";"0";"2";"1";"1";"1";""
"202400035463";"155719277";"B01";"1";"2";"0";"2";"1";"13";"1";""
"202400035464";"155719272";"A01";"1";"7";"0";"2";"1";"21";"1";""
"202400035464";"155719274";"B01";"2";"3";"0";"2";"1";"17";"1";""
"202400035465";"155719269";"A01";"2";"10";"0";"2";"1";"2";"1";""
"202400035465";"155719271";"B01";"2";"7";"0";"2";"4";"2";"1";""
"202400035465";"155719273";"C01";"2";"7";"0";"2";"4";"2";"1";""
"202400035465";"155719276";"D01";"2";"7";"0";"2";"4";"2";"1";""
"202400035465";"155719279";"E01";"2";"7";"0";"2";"4";"2";"1";""
"202400035465";"155719282";"F01";"2";"43";"0";"2";"4";"2";"1";""
"202400035466";"155719266";"A01";"3";"7";"0";"1";"1";"19";"6";""
"202400035467";"155719267";"A01";"3";"7";"0";"2";"1";"5";"1";""
"202400035467";"155719270";"B01";"1";"30";"0";"2";"1";"1";"1";""
"202400035468";"155719263";"B01";"1";"33";"0";"2";"1";"1";"1";""
"202400035468";"155719265";"A01";"2";"1";"0";"2";"7";"10";"5";""
"202400035469";"155719261";"A01";"1";"7";"0";"2";"8";"10";"1";""
"202400035469";"155719268";"B01";"1";"33";"0";"2";"1";"1";"1";""
"202400035470";"155719260";"A01";"3";"7";"0";"0";"1";"1";"1";""
"202400035470";"155719264";"B01";"3";"33";"0";"0";"0";"1";"1";""
"202400035471";"155719259";"B01";"3";"32";"0";"2";"0";"0";"0";""
"202400035471";"155719262";"A01";"3";"7";"0";"2";"2";"15";"0";""
"202400035472";"155719255";"A01";"3";"7";"0";"2";"3";"1";"1";""
"202400035472";"155719258";"B01";"3";"7";"0";"2";"1";"1";"1";""
"202400035473";"155719257";"A01";"1";"7";"5";"0";"2";"0";"1";""
"202400035474";"155719253";"A01";"2";"7";"0";"2";"3";"13";"1";""
"202400035474";"155719254";"B01";"1";"7";"0";"2";"3";"13";"1";""
"202400035475";"155719252";"A01";"0";"7";"0";"2";"5";"15";"1";""
"202400035475";"155719256";"B01";"3";"7";"0";"2";"1";"1";"1";""
"202400035476";"155719249";"B01";"2";"1";"0";"2";"1";"1";"5";""
"202400035476";"155719251";"A01";"1";"7";"0";"2";"2";"1";"1";""
"202400035477";"155719244";"A01";"2";"7";"0";"2";"3";"11";"2";""
"202400035477";"155719246";"B01";"2";"33";"0";"2";"2";"1";"1";""
"202400035478";"155719245";"B01";"1";"31";"0";"2";"1";"1";"1";""
"202400035478";"155719248";"C01";"1";"33";"0";"2";"1";"1";"1";""
"202400035478";"155719250";"A01";"1";"7";"0";"2";"2";"15";"1";""
"202400035479";"155719243";"A01";"1";"7";"0";"2";"1";"13";"1";""
"202400035479";"155719247";"B01";"2";"7";"0";"2";"1";"1";"1";""
"202400035480";"155719242";"Z01";"2";"31";"0";"1";"0";"1";"0";""
"202400035481";"155719239";"Z01";"1";"7";"0";"2";"1";"2";"1";""
"202400035481";"155719241";"A01";"1";"31";"8";"2";"4";"23";"1";""
"202400035482";"155719237";"A01";"1";"7";"0";"2";"1";"1";"2";""
"202400035482";"155719240";"B01";"2";"7";"0";"2";"8";"15";"1";""
"202400035483";"155719236";"A01";"0";"7";"1";"2";"1";"1";"1";""
"202400035483";"155719238";"B01";"0";"7";"1";"2";"6";"15";"1";""
"202400035484";"155719233";"A01";"3";"7";"0";"2";"2";"15";"1";""
"202400035484";"155719235";"B01";"3";"33";"0";"2";"3";"1";"1";""
"202400035485";"155719232";"A01";"3";"21";"0";"0";"0";"13";"1";""
"202400035486";"155719229";"A01";"3";"10";"0";"2";"4";"4";"1";""
"202400035486";"155719231";"B01";"3";"33";"0";"2";"1";"23";"1";""
"202400035487";"155719226";"B01";"1";"1";"0";"2";"3";"7";"5";""
"202400035487";"155719228";"A01";"1";"33";"0";"9";"5";"14";"1";""
"202400035488";"155719227";"B01";"2";"1";"0";"0";"8";"1";"5";""
"202400035488";"155719230";"A01";"2";"7";"0";"2";"7";"13";"1";""
"202400035489";"155719225";"A01";"2";"7";"15";"0";"9";"1";"1";""
"202400035490";"155719221";"A01";"2";"2";"6";"0";"1";"10";"1";""
"202400035491";"155719219";"B01";"0";"37";"0";"2";"4";"1";"1";"1"
"202400035491";"155719222";"A01";"0";"10";"0";"2";"1";"2";"1";""
"202400035491";"155719224";"C01";"0";"7";"0";"2";"7";"1";"1";""
"202400035492";"155719220";"A01";"2";"7";"0";"9";"8";"22";"1";""
"202400035492";"155719223";"B01";"2";"80";"1";"0";"2";"1";"3";""
"202400035493";"155719217";"B01";"2";"33";"0";"2";"8";"1";"1";""
"202400035493";"155719218";"A01";"1";"7";"0";"2";"2";"15";"1";""
"202400035494";"155719213";"A01";"2";"7";"0";"2";"1";"15";"1";""
"202400035494";"155719216";"B01";"1";"2";"0";"2";"8";"1";"1";""
"202400035495";"155719212";"A01";"1";"10";"0";"2";"1";"2";"1";""
"202400035495";"155719215";"B01";"1";"7";"3";"2";"4";"2";"1";""
"202400035496";"155719211";"A01";"1";"7";"0";"2";"2";"1";"3";""
"202400035496";"155719214";"B01";"1";"50";"0";"2";"1";"2";"3";""
"202400035497";"155719209";"A01";"1";"7";"0";"2";"3";"9";"1";""
"202400035497";"155719210";"B01";"1";"50";"0";"2";"1";"1";"3";""
"202400035498";"155719204";"A01";"2";"1";"0";"2";"3";"15";"5";""
"202400035498";"155719208";"B01";"1";"38";"0";"2";"3";"16";"1";"1"
"202400035499";"155719202";"A01";"1";"1";"0";"2";"0";"1";"5";""
"202400035499";"155719207";"B01";"1";"7";"0";"2";"0";"16";"0";""
"202400035500";"155719201";"A01";"1";"7";"0";"2";"3";"16";"2";""
"202400035500";"155719206";"B01";"1";"33";"0";"2";"2";"1";"1";""
"202400035501";"155719203";"A01";"2";"2";"12";"2";"7";"1";"1";""
"202400035501";"155719205";"B01";"2";"7";"12";"2";"8";"1";"1";""
"202400035502";"155719197";"A01";"1";"7";"0";"0";"0";"1";"1";""
"202400035503";"155719196";"A01";"2";"31";"1";"0";"0";"26";"1";""
"202400035503";"155719200";"B01";"1";"7";"0";"2";"0";"0";"1";""
"202400035504";"155719198";"A01";"1";"1";"0";"0";"0";"1";"5";""
"202400035505";"155719194";"A01";"1";"7";"0";"2";"1";"1";"1";""
"202400035505";"155719195";"B01";"1";"7";"0";"2";"4";"1";"1";""
"202400035506";"155719191";"A01";"1";"7";"0";"1";"3";"1";"1";""
"202400035507";"155719188";"A01";"1";"7";"0";"1";"1";"15";"1";""
"202400035508";"155719185";"B01";"1";"10";"0";"2";"0";"9";"1";""
"202400035508";"155719187";"A01";"1";"33";"0";"2";"3";"1";"1";""
"202400035509";"155719186";"A01";"1";"31";"0";"2";"1";"2";"1";""
"202400035509";"155719189";"B01";"1";"10";"0";"2";"4";"1";"1";""
"202400035510";"155719184";"A01";"2";"33";"0";"0";"8";"15";"1";""
"202400035511";"155719182";"A01";"2";"7";"1";"0";"1";"26";"1";""
"202400035511";"155719190";"B01";"2";"7";"0";"2";"4";" -1";"1";""
"202400035511";"155719192";"C01";"2";"7";"0";"0";"4";" -1";"1";""
"202400035512";"155719181";"A01";"3";"7";"0";"2";"1";"15";"1";""
"202400035512";"155719183";"B01";"2";"2";"0";"2";"7";"1";"3";""
"202400035513";"155719176";"A01";"1";"7";"0";"2";"3";"17";"1";""
"202400035513";"155719178";"B01";"2";"7";"0";"2";"1";"1";"1";""
"202400035514";"155719175";"A01";"2";"1";"0";"1";"1";"1";"5";""
"202400035515";"155719170";"A01";"1";"37";"0";"9";"1";"2";"3";"1"
"202400035515";"155719172";"B01";"1";"80";"0";"2";"8";"2";"3";""
"202400035516";"155719173";"B01";"1";"33";"0";"2";"8";"2";"1";""
"202400035516";"155719179";"A01";"2";"7";"0";"2";"1";"15";"1";""
"202400035517";"155719168";"A01";"3";"7";"0";"2";"3";"17";"6";""
"202400035517";"155719171";"B01";"3";"10";"0";"2";"1";"1";"6";""
"202400035517";"155719174";"C01";"3";"7";"0";"2";"1";"2";"6";""
"202400035518";"155719165";"A01";"1";"1";"8";"0";"1";"1";"5";""
"202400035519";"155719161";"A01";"3";"10";"0";"2";"2";"20";"1";""
"202400035519";"155719164";"B01";"3";"50";"0";"2";"0";"0";"3";""
"202400035520";"155719160";"B01";"3";"33";"0";"9";"3";"23";"1";""
"202400035520";"155719163";"A01";"3";"80";"0";"2";"2";"2";"3";""
"202400035521";"155719159";"A01";"2";"7";"0";"1";"3";"16";"2";""
"202400035522";"155719156";"A01";"2";"7";"4";"0";"9";"26";"1";""
"202400035523";"155719158";"A01";"2";"50";"0";"0";"0";"1";"3";""
"202400035524";"155719157";"A01";"3";"7";"0";"2";"1";"1";"1";""
"202400035524";"155719162";"B01";"3";"7";"0";"2";"2";"1";"1";""
"202400035525";"155719153";"A01";"1";"10";"0";"9";"5";"26";"1";""
"202400035525";"155719155";"B01";"1";"50";"0";"2";"1";"2";"3";""
"202400035526";"155719152";"B01";"2";"7";"0";"2";"2";"21";"1";""
"202400035526";"155719154";"A01";"1";"10";"0";"2";"2";"5";"1";""
"202400035527";"155719151";"A01";"1";"7";"0";"1";"1";"1";"1";""
"202400035528";"155719150";"A01";"1";"7";"0";"1";"3";"1";"1";""
"202400035529";"155719147";"A01";"1";"7";"0";"6";"1";"0";"2";""
"202400035530";"155719146";"A01";"1";"10";"0";"2";"7";"15";"1";""
"202400035530";"155719148";"B01";"2";"7";"0";"2";"1";"1";"1";""
"202400035531";"155719145";"B01";"3";"1";"0";"2";"1";"5";"5";""
"202400035531";"155719149";"A01";"3";"7";"0";"2";"1";"15";"1";""
"202400035532";"155719143";"A01";"2";"7";"0";"2";"6";"11";"1";""
"202400035532";"155719144";"B01";"2";"7";"0";"2";"2";"1";"1";""
"202400035533";"155719141";"A01";"1";"7";"0";"1";"2";"1";"1";""
"202400035534";"155719137";"A01";"2";"34";"0";"1";"1";"1";"1";""
"202400035535";"155719138";"A01";"2";"7";"0";"0";"2";"2";"1";""
"202400035535";"155719140";"B01";"2";"7";"1";"0";"0";"0";"1";""
"202400035536";"155719134";"B01";"0";"32";"0";"2";"1";"1";"1";""
"202400035536";"155719142";"A01";"3";"7";"0";"2";"3";"19";"1";""
"202400035537";"155719136";"B01";"1";"7";"7";"2";"4";"1";"1";""
"202400035537";"155719139";"A01";"1";"7";"0";"2";"1";"1";"2";""
"202400035538";"155719132";"A01";"2";"7";"0";"2";"3";"13";"2";""
"202400035538";"155719133";"B01";"2";"7";"0";"2";"1";"1";"1";""
"202400035538";"155719135";"C01";"1";"7";"0";"2";"3";"1";"1";""
"202400035539";"155719131";"A01";"3";"33";"0";"1";"3";"1";"1";""
"202400035540";"155719129";"A01";"1";"7";"0";"1";"1";"2";"1";""
"202400035541";"155719124";"A01";"2";"1";"0";"2";"2";"1";"5";""
"202400035541";"155719127";"B01";"2";"7";"0";"0";"8";"16";"1";""
"202400035542";"155719122";"B01";"2";"7";"0";"2";"1";"1";"1";""
"202400035542";"155719128";"A01";"3";"7";"0";"2";"2";"16";"1";""
"202400035543";"155719121";"A01";"3";"33";"0";"2";"3";"17";"1";""
"202400035543";"155719125";"B01";"3";"7";"0";"0";"2";"15";"1";""
"202400035544";"155719123";"B01";"3";"2";"0";"2";"4";"0";"1";""
"202400035544";"155719126";"C01";"3";"7";"0";"2";"4";"0";"1";""
"202400035544";"155719130";"A01";"3";"7";"0";"2";"1";"2";"1";""
"202400035545";"155719119";"A01";"2";"7";"0";"2";"5";"15";"3";""
"202400035545";"155719120";"B01";"1";"30";"0";"2";"1";"1";"1";""
"202400035546";"155719114";"A01";"1";"10";"1";"0";"2";"0";"1";""
"202400035546";"155719117";"B01";"1";"33";"1";"0";"0";"0";"1";""
"202400035547";"155719113";"A01";"1";"32";"0";"2";"2";"17";"1";""
"202400035547";"155719116";"B01";"1";"7";"0";"2";"3";"0";"1";""
"202400035548";"155719115";"A01";"1";"15";"0";"2";"1";"2";"1";""
"202400035548";"155719118";"B01";"1";"15";"0";"2";"4";"2";"1";""
"202400035549";"155719109";"A01";"3";"7";"0";"1";"2";"16";"1";""
"202400035550";"155719111";"B01";"2";"7";"0";"2";"1";"1";"1";""
"202400035550";"155719112";"A01";"2";"1";"0";"2";"8";"19";"5";""
"202400035551";"155719110";"A01";"1";"7";"12";"1";"1";"26";"1";""
"202400035552";"155719107";"A01";"2";"7";"1";"0";"2";"14";"1";""
"202400035553";"155719105";"A01";"2";"7";"0";"2";"1";"13";"1";""
"202400035553";"155719108";"B01";"1";"14";"0";"2";"3";"1";"1";""
"202400035554";"155719102";"A01";"3";"7";"0";"2";"1";"13";"1";""
"202400035554";"155719106";"B01";"3";"13";"0";"2";"1";"1";"1";""
"202400035555";"155719098";"B01";"3";"7";"0";"2";"1";"1";"0";""
"202400035555";"155719104";"A01";"3";"7";"0";"2";"5";"1";"0";""
"202400035556";"155719097";"B01";"1";"7";"0";"0";"1";"19";"0";""
"202400035556";"155719101";"A01";"1";"7";"7";"0";"7";"1";"1";""
"202400035557";"155719099";"A01";"1";"7";"0";"2";"0";"21";"1";""
"202400035557";"155719103";"B01";"1";"2";"16";"2";"1";"19";"1";""
"202400035558";"155719095";"A01";"3";"50";"0";"0";"0";"0";"3";""
"202400035559";"155719094";"A01";"0";"7";"0";"1";"7";"1";"1";""
"202400035560";"155719087";"A01";"2";"32";"1";"0";"2";"1";"1";""
"202400035560";"155719092";"B01";"2";"10";"0";"0";"6";"1";"1";""
"202400035561";"155719086";"A01";"2";"10";"1";"2";"2";"0";"1";""
"202400035561";"155719089";"B01";"2";"7";"0";"2";"3";"22";"1";""
"202400035562";"155719084";"C01";"1";"7";"0";"0";"4";"2";"1";""
"202400035562";"155719088";"A01";"1";"7";"0";"2";"1";"2";"1";""
"202400035562";"155719091";"B01";"1";"7";"0";"2";"1";"2";"1";""
"202400035563";"155719083";"B01";"1";"33";"0";"2";"8";"23";"1";""
"202400035563";"155719085";"A01";"2";"7";"0";"2";"3";"1";"1";""
"202400035564";"155719080";"A01";"2";"40";"0";"1";"2";"26";"0";""
"202400035565";"155719081";"A01";"1";"7";"6";"0";"1";"1";"1";""
"202400035566";"155719078";"B01";"1";"33";"0";"2";"1";"1";"1";""
"202400035566";"155719082";"A01";"2";"7";"0";"2";"6";"9";"1";""
"202400035567";"155719077";"A01";"3";"7";"0";"1";"2";"15";"1";""
"202400035568";"155719076";"A01";"2";"13";"0";"2";"6";"23";"1";""
"202400035568";"155719079";"B01";"2";"7";"1";"0";"7";"1";"1";""
"202400035569";"155719074";"A01";"0";"15";"0";"1";"0";"26";"0";""
"202400035570";"155719075";"A01";"3";"10";"0";"1";"2";"0";"0";""
"202400035571";"155719071";"B01";"2";"7";"0";"2";"1";"9";"1";""
"202400035571";"155719073";"A01";"1";"2";"0";"2";"8";"1";"1";""
"202400035572";"155719069";"A01";"1";"7";"0";"2";"1";"1";"1";""
"202400035572";"155719072";"B01";"1";"7";"0";"2";"4";"1";"1";""
"202400035573";"155719066";"A01";"1";"17";"3";"9";"1";"6";"1";""
"202400035574";"155719064";"B01";"0";"7";"0";"2";"1";"1";"1";""
"202400035574";"155719068";"A01";"0";"7";"0";"2";"8";"15";"1";""
"202400035575";"155719062";"A01";"2";"7";"0";"2";"2";"1";"1";""
"202400035575";"155719065";"B01";"1";"7";"0";"2";"3";"1";"1";""
"202400035576";"155719060";"A01";"2";"7";"0";"2";"1";"1";"1";""
"202400035576";"155719063";"B01";"2";"7";"0";"2";"4";"2";"1";""
"202400035576";"155719067";"C01";"2";"7";"0";"2";"5";"1";"1";""
"202400035576";"155719070";"D01";"1";"7";"0";"2";"1";"5";"2";""
"202400035577";"155719056";"A01";"3";"7";"0";"1";"6";"4";"3";""
"202400035578";"155719059";"A01";"1";"13";"0";"2";"3";"1";"1";""
"202400035578";"155719061";"B01";"1";"1";"0";"2";"3";"1";"5";""
"202400035579";"155719055";"A01";"2";"7";"0";"9";"3";"1";"1";""
"202400035579";"155719057";"B01";"2";"1";"0";"2";"4";"12";"5";""
"202400035580";"155719054";"A01";"2";"7";"0";"2";"2";"1";"1";""
"202400035580";"155719058";"B01";"1";"7";"0";"2";"3";"19";"1";""
"202400035581";"155719053";"A01";"1";"7";"6";"0";"3";"26";"1";""
"202400035582";"155719049";"A01";"2";"7";"2";"0";"3";"14";"1";""
"202400035583";"155719048";"B01";"1";"50";"0";"2";"1";"1";"3";""
"202400035583";"155719051";"A01";"2";"7";"0";"2";"2";"15";"1";""
"202400035584";"155719046";"A01";"2";"7";"0";"2";"2";"15";"2";""
"202400035584";"155719050";"B01";"1";"33";"0";"2";"1";"1";"1";""
"202400035585";"155719047";"A01";"1";"33";"0";"2";"1";"18";"1";""
"202400035585";"155719052";"B01";"1";"7";"0";"2";"5";"14";"3";""
"202400035586";"155719044";"A01";"2";"7";"1";"0";"1";"1";"1";""
"202400035587";"155719045";"A01";"1";"7";"6";"0";"1";"14";"2";""
"202400035588";"155719043";"A01";"2";"7";"0";"1";"2";"14";"1";""
"202400035589";"155719040";"A01";"2";"1";"0";"2";"1";"1";"5";""
"202400035589";"155719042";"B01";"2";"7";"0";"2";"3";"19";"1";""
"202400035590";"155719037";"B01";"1";"7";"0";"2";"1";"1";"1";""
"202400035590";"155719041";"A01";"1";"7";"0";"2";"7";"1";"1";""
"202400035591";"155719033";"B01";"1";"7";"0";"2";"4";"2";"1";""
"202400035591";"155719036";"C01";"2";"7";"0";"2";"3";"1";"1";""
"202400035591";"155719039";"A01";"1";"15";"0";"2";"1";"2";"1";""
"202400035592";"155719035";"A01";"1";"7";"0";"2";"3";"13";"1";""
"202400035592";"155719038";"B01";"2";"13";"0";"2";"3";"1";"1";""
"202400035593";"155719031";"A01";"2";"7";"0";"2";"1";"15";"2";""
"202400035593";"155719034";"B01";"1";"7";"0";"2";"1";"2";"1";""
"202400035594";"155719029";"A01";"0";"7";"0";"2";"1";"2";"1";""
"202400035594";"155719032";"B01";"0";"7";"0";"2";"4";"0";"1";""
"202400035595";"155719027";"A01";"1";"10";"16";"0";"2";"21";"1";""
"202400035596";"155719026";"A01";"2";"7";"0";"9";"1";"26";"1";""
"202400035596";"155719030";"B01";"2";"1";"0";"2";"8";"25";"5";""
"202400035597";"155719025";"A01";"2";"33";"0";"2";"1";"1";"1";""
"202400035597";"155719028";"B01";"1";"21";"0";"0";"6";"1";"1";""
"202400035598";"155719024";"A01";"1";"7";"0";"1";"1";"1";"1";""
"202400035599";"155719023";"A01";"1";"7";"6";"0";"1";"14";"1";""
"202400035600";"155719021";"A01";"2";"17";"0";"0";"6";"23";"1";""
"202400035600";"155719022";"B01";"2";"7";"0";"2";"1";"21";"1";""
"202400035601";"155719016";"A01";"1";"7";"0";"2";"1";"2";"2";""
"202400035601";"155719020";"B01";"1";"33";"0";"2";"4";"2";"1";""
"202400035602";"155719015";"A01";"2";"7";"0";"2";"3";"15";"3";""
"202400035602";"155719018";"B01";"1";"34";"0";"2";"1";"1";"1";""
"202400035603";"155719017";"A01";"2";"10";"0";"2";"3";"1";"1";""
"202400035603";"155719019";"B01";"1";"14";"0";"2";"3";"1";"1";""
"202400035604";"155719011";"B01";"3";"1";"0";"2";"7";"26";"5";""
"202400035604";"155719014";"A01";"1";"7";"0";"9";"1";"26";"3";""
"202400035605";"155719012";"B01";"1";"31";"0";"2";"1";"1";"1";""
"202400035605";"155719013";"A01";"2";"7";"0";"2";"1";"15";"1";""
"202400035606";"155719007";"B01";"3";"43";"0";"2";"0";"0";"1";""
"202400035606";"155719010";"A01";"3";"7";"0";"2";"3";"1";"1";""
"202400035607";"155719008";"A01";"1";"2";"0";" -1";" -1";"1";"1";""
"202400035608";"155719006";"B01";"2";"2";"0";"2";"3";"1";"0";""
"202400035608";"155719009";"A01";"1";"7";"0";"2";"1";"9";"1";""
"202400035609";"155719005";"A01";"1";"7";"2";"0";"1";"1";"1";""
"202400035610";"155719002";"A01";"3";"7";"2";"0";"1";"13";"1";""
"202400035611";"155719000";"A01";"2";"7";"0";"2";"1";"13";"1";""
"202400035611";"155719003";"B01";"1";"15";"0";"2";"1";"1";"1";""
"202400035612";"155719001";"A01";"2";"7";"0";"2";"8";"11";"1";""
"202400035612";"155719004";"B01";"2";"2";"0";"2";"1";"2";"1";""
"202400035613";"155718999";"Z01";"2";"0";"0";"1";"1";"11";"0";""
"202400035614";"155718997";"A01";"1";"7";"0";"2";"7";"16";"1";""
"202400035614";"155718998";"B01";"2";"7";"0";"2";"1";"11";"1";""
"202400035615";"155718995";"A01";"2";"7";"2";"0";"2";"1";"1";""
"202400035616";"155718992";"A01";"1";"7";"0";"2";"2";"15";"1";""
"202400035616";"155718996";"B01";"2";"2";"0";"2";"1";"1";"0";""
"202400035617";"155718990";"A01";"1";"30";"0";"2";"1";"1";"1";""
"202400035617";"155718993";"B01";"1";"7";"0";"2";"4";"20";"3";""
"202400035618";"155718991";"A01";"1";"30";"0";"2";"3";"7";"1";""
"202400035618";"155718994";"B01";"1";"7";"0";"2";"2";"16";"1";""
"202400035619";"155718986";"A01";"1";"7";"0";"0";"4";"1";"1";""
"202400035619";"155718989";"B01";"1";"7";"0";"2";"1";"2";"1";""
"202400035620";"155718983";"A01";"1";"7";"0";"2";"1";"19";"1";""
"202400035620";"155718987";"B01";"1";"7";"0";"2";"3";"1";"1";""
"202400035621";"155718982";"A01";"1";"7";"0";"2";"1";"1";"1";""
"202400035621";"155718985";"B01";"1";"7";"0";"2";"7";"15";"1";""
"202400035621";"155718988";"C01";"1";"7";"0";"2";"1";"1";"1";""
"202400035622";"155718981";"A01";"1";"7";"13";"0";"2";"1";"1";""
"202400035623";"155718980";"A01";"3";"7";"3";"2";"3";"1";"1";""
"202400035623";"155718984";"B01";"3";"7";"3";"2";"1";"1";"1";""
"202400035624";"155718977";"A01";"1";"33";"0";"2";"2";"17";"1";""
"202400035624";"155718978";"C01";"2";"1";"0";"2";"8";"1";"5";""
"202400035624";"155718979";"B01";"1";"7";"0";"2";"3";"15";"2";""
"202400035625";"155718975";"A01";"3";"10";"0";"1";"8";"1";"1";""
"202400035626";"155718973";"A01";"2";"7";"0";"0";"8";"10";"1";""
"202400035626";"155718976";"B01";"1";"33";"0";"2";"1";"1";"1";""
"202400035627";"155718972";"B01";"1";"7";"11";"2";"1";"0";"1";""
"202400035627";"155718974";"A01";"2";"7";"2";"2";"1";"0";"1";""
"202400035628";"155718969";"A01";"3";"7";"0";"2";"3";"1";"1";""
"202400035628";"155718970";"B01";"3";"31";"0";"2";"7";"1";"1";""
"202400035629";"155718966";"A01";"2";"7";"0";"2";"1";"19";"1";""
"202400035629";"155718971";"B01";"1";"7";"0";"2";"8";"1";"1";""
"202400035630";"155718965";"A01";"1";"33";"0";"2";"1";"1";"1";""
"202400035630";"155718968";"B01";"2";"33";"0";"2";"1";"13";"1";""
"202400035631";"155718963";"B01";"1";"1";"0";"2";"8";"9";"5";""
"202400035631";"155718967";"A01";"1";"7";"0";"2";"2";"12";"1";""
"202400035632";"155718956";"B01";"1";"7";"0";"2";"3";"1";"0";""
"202400035632";"155718960";"A01";"2";"33";"0";"2";"3";"1";"1";""
"202400035633";"155718955";"A01";"2";"7";"0";"2";"3";"5";"2";""