"Num_Acc";"id_vehicule";"num_veh";"senc";"catv";"obs";"obsm";"choc";"manv";"motor";"occutc"
"202400035633";"155718959";"B01";"2";"7";"0";"2";"0";"1";"1";""
"202400035633";"155718962";"C01";"2";"7";"0";"2";"3";"1";"1";""
"202400035633";"155718964";"D01";"2";"7";"0";"2";"3";"1";"1";""
"202400035634";"155718954";"A01";"2";"7";"0";"2";"1";"1";"1";""
"202400035634";"155718958";"B01";"2";"1";"0";"2";"4";"1";"5";""
"202400035635";"155718953";"B01";"2";"7";"0";"2";"4";"1";"0";""
"202400035635";"155718957";"A01";"2";"7";"1";"2";"1";"1";"1";""
"202400035635";"155718961";"C01";"2";"7";"0";"2";"6";"24";"1";""
"202400035636";"155718952";"A01";"1";"10";"0";"1";"3";"1";"1";""
"202400035637";"155718948";"A01";"2";"7";"1";"0";"2";"1";"1";""
"202400035638";"155718950";"A01";"2";"17";"6";"0";"1";"13";"1";""
"202400035639";"155718947";"A01";"2";"7";"0";"0";"1";"2";"2";""
"202400035639";"155718949";"B01";"2";"7";"0";"0";"4";"2";"1";""
"202400035639";"155718951";"C01";"2";"7";"0";"2";"4";"2";"1";""
"202400035640";"155718944";"A01";"1";"30";"0";"2";"1";"14";"1";""
"202400035640";"155718945";"B01";"1";"30";"0";"2";"3";"0";"1";""
"202400035641";"155718938";"A01";"1";"33";"0";"2";"1";"17";"1";""
"202400035641";"155718940";"B01";"2";"7";"0";"2";"2";"1";"1";""
"202400035642";"155718942";"A01";"3";"10";"4";"0";"3";"1";"1";""
"202400035643";"155718933";"A01";"2";"10";"6";"0";"1";"13";"1";""
"202400035644";"155718937";"C01";"1";"7";"0";"2";"1";"23";"1";""
"202400035644";"155718943";"B01";"2";"7";"0";"2";"2";"1";"1";""
"202400035644";"155718946";"A01";"1";"7";"0";"2";"2";"15";"1";""
"202400035645";"155718931";"B01";"2";"7";"0";"2";"4";"2";"1";""
"202400035645";"155718932";"C01";"2";"7";"0";"2";"1";"2";"1";""
"202400035645";"155718934";"D01";"2";"7";"0";"2";"4";"2";"1";""
"202400035645";"155718935";"E01";"2";"7";"0";"2";"1";"2";"1";""
"202400035645";"155718939";"A01";"2";"7";"0";"2";"4";"2";"1";""
"202400035645";"155718941";"F01";"2";"7";"0";"2";"1";"2";"1";""
"202400035646";"155718925";"A01";"2";"7";"8";"2";"1";"13";"1";""
"202400035646";"155718927";"B01";"1";"7";"0";"2";"3";"1";"1";""
"202400035647";"155718926";"A01";"1";"7";"0";"2";"7";"1";"1";""
"202400035647";"155718930";"B01";"1";"7";"0";"2";"7";"1";"1";""
"202400035647";"155718936";"C01";"1";"7";"0";"2";"0";"0";"1";""
"202400035648";"155718924";"A01";"2";"7";"0";"9";"7";"16";"1";""
"202400035648";"155718929";"B01";"2";"1";"0";"2";"1";"1";"5";""
"202400035649";"155718922";"A01";"1";"7";"3";"0";"1";"1";"1";""
"202400035650";"155718917";"A01";"2";"33";"0";"2";"3";"3";"1";""
"202400035650";"155718919";"B01";"2";"10";"0";"2";"5";"11";"1";""
"202400035651";"155718921";"A01";"1";"7";"0";"1";"2";"21";"1";""
"202400035652";"155718923";"A01";"1";"15";"0";"2";"1";"21";"1";""
"202400035652";"155718928";"B01";"1";"7";"0";"2";"8";"15";"1";""
"202400035653";"155718914";"B01";"1";"17";"0";"2";"1";"1";"0";""
"202400035653";"155718916";"C01";"1";"7";"0";"2";"4";"1";"3";""
"202400035653";"155718920";"A01";"1";"7";"0";"2";"1";"1";"1";""
"202400035654";"155718912";"B01";"2";"15";"0";"2";"6";"1";"1";""
"202400035654";"155718913";"A01";"1";"7";"0";"2";"3";"13";"1";""
"202400035655";"155718910";"Z01";"1";"7";"0";"1";"2";"11";"0";""
"202400035656";"155718909";"A01";"2";"7";"0";"2";"3";"11";"1";""
"202400035656";"155718911";"B01";"2";"43";"0";"2";"1";"3";"1";""
"202400035657";"155718908";"A01";"1";"7";"6";"0";"1";"1";"1";""
"202400035658";"155718903";"A01";"1";"10";"0";"2";"4";"1";"1";""
"202400035658";"155718904";"B01";"1";"33";"0";"2";"1";"13";"1";""
"202400035659";"155718902";"B01";"1";"33";"0";"2";"1";"1";"1";""
"202400035659";"155718906";"A01";"3";"7";"0";"2";"8";"9";"1";""
"202400035660";"155718901";"A01";"1";"7";"0";"0";"3";"13";"1";""
"202400035661";"155718899";"B01";"3";"7";"0";"2";"7";"1";"1";""
"202400035661";"155718905";"A01";"0";"7";"0";"2";"1";"1";"1";""
"202400035662";"155718897";"A01";"2";"33";"0";"0";"1";"1";"1";""
"202400035663";"155718894";"A01";"2";"7";"0";"2";"2";"12";"1";""
"202400035663";"155718898";"B01";"2";"31";"0";"2";"3";"1";"1";""
"202400035664";"155718893";"A01";"3";"7";"0";"2";"3";"1";"1";""
"202400035664";"155718896";"B01";"3";"7";"0";"2";"3";"0";"1";""
"202400035665";"155718895";"A01";"1";"7";"0";"2";"1";"2";"1";""
"202400035665";"155718900";"B01";"1";"7";"0";"2";"5";"2";"2";""
"202400035665";"155718907";"C01";"1";"7";"0";"2";"4";"2";"1";""
"202400035666";"155718891";"A01";"1";"50";"0";"0";"1";"15";"3";""
"202400035667";"155718889";"A01";"1";"7";"0";"0";"0";"1";"1";""
"202400035668";"155718884";"A01";"1";"33";"0";"2";"8";"26";"1";""
"202400035668";"155718888";"B01";"1";"7";"0";"2";"7";"0";"1";""
"202400035668";"155718890";"C01";"1";"7";"0";"2";"8";"2";"1";""
"202400035669";"155718885";"A01";"0";"33";"0";"0";"8";"0";"1";""
"202400035670";"155718883";"A01";"1";"7";"0";"2";"7";"14";"1";""
"202400035670";"155718886";"B01";"1";"33";"0";"2";"8";"14";"1";""
"202400035671";"155718887";"B01";"1";"7";"0";"2";"8";"1";"3";""
"202400035671";"155718892";"A01";"1";"33";"0";"2";"7";"17";"1";""
"202400035672";"155718878";"A01";"3";"7";"0";"0";"4";"26";"1";""
"202400035672";"155718880";"B01";"3";"2";"0";"2";"1";"2";"1";""
"202400035673";"155718879";"B01";" -1";"0";" -1";" -1";" -1";" -1";" -1";""
"202400035673";"155718881";"A01";"1";"34";"0";"2";"6";"1";"1";""
"202400035674";"155718877";"A01";"1";"7";"0";"2";"2";"1";"1";""
"202400035674";"155718882";"B01";"3";"7";"0";"2";"3";"15";"1";""
"202400035675";"155718876";"A01";"2";"1";"14";"0";"1";"26";"5";""
"202400035676";"155718872";"A01";"0";"7";"0";"2";"5";"1";"1";""
"202400035676";"155718875";"B01";"3";"43";"0";"2";"3";"3";"1";""
"202400035677";"155718871";"A01";"2";"7";"0";"2";"7";"1";"1";""
"202400035677";"155718873";"B01";"1";"7";"5";"0";"8";"1";"1";""
"202400035678";"155718863";"A01";"1";"7";"0";"2";"1";"1";"1";""
"202400035678";"155718867";"B01";"1";"10";"0";"2";"4";"1";"1";""
"202400035678";"155718868";"C01";"1";"7";"0";"2";"4";"1";"1";""
"202400035678";"155718870";"D01";"1";"7";"0";"2";"4";"1";"1";""
"202400035678";"155718874";"E01";"1";"7";"0";"2";"4";"1";"1";""
"202400035679";"155718865";"Z01";"2";"31";"0";"1";"1";"1";"1";""
"202400035680";"155718861";"A01";"2";"7";"0";"2";"3";"1";"1";""
"202400035680";"155718862";"B01";"1";"7";"0";"2";"3";"1";"1";""
"202400035681";"155718860";"A01";"1";"15";"0";"0";"9";"2";"1";""
"202400035682";"155718859";"B01";"3";"1";"0";"2";"3";"26";"5";""
"202400035682";"155718866";"A01";"3";"99";"0";"2";"2";"1";"1";""
"202400035683";"155718857";"A01";"0";"7";"0";"1";"2";"1";"1";""
"202400035684";"155718855";"A01";"2";"7";"0";"2";"1";"13";"1";""
"202400035684";"155718856";"B01";"1";"15";"0";"2";"3";"1";"1";""
"202400035685";"155718854";"A01";"1";"10";"0";"2";"1";"2";"1";""
"202400035685";"155718858";"B01";"1";"7";"0";"2";"4";"2";"1";""
"202400035685";"155718864";"C01";"1";"7";"0";"2";"4";"2";"1";""
"202400035685";"155718869";"D01";"1";"7";"0";"2";"4";"2";"1";""
"202400035686";"155718853";"A01";"1";"7";"6";"0";"1";"14";"1";""
"202400035687";"155718849";"A01";"3";"7";"0";"2";"1";"13";"1";""
"202400035687";"155718851";"B01";"0";"10";"0";"2";"3";"1";"1";""
"202400035688";"155718846";"A01";"3";"7";"12";"0";"3";"16";"1";""
"202400035689";"155718847";"A01";"2";"7";"0";"1";"1";"16";"1";""
"202400035690";"155718848";"B01";"1";"1";"0";"2";"3";"26";"5";""
"202400035690";"155718852";"A01";"1";"7";"0";"9";"3";"10";"1";""
"202400035691";"155718844";"A01";"1";"7";"4";"0";"3";"1";"1";""
"202400035692";"155718839";"A01";"1";"7";"0";"2";"1";"15";"1";""
"202400035692";"155718841";"B01";"2";"33";"0";"2";"1";"1";"1";""
"202400035693";"155718842";"A01";"1";"10";"0";"1";"3";"1";"1";""
"202400035694";"155718838";"A01";"2";"7";"0";"2";"1";"15";"1";""
"202400035694";"155718840";"B01";"1";"1";"0";"2";"8";"1";"5";""
"202400035695";"155718836";"A01";"2";"7";"0";"2";"2";"15";"1";""
"202400035695";"155718837";"B01";"2";"2";"0";"2";"1";"1";"1";""
"202400035696";"155718833";"A01";"1";"2";"0";"2";"1";"1";"1";""
"202400035696";"155718835";"B01";"2";"7";"0";"2";"1";"5";"1";""
"202400035697";"155718828";"A01";"2";"7";"2";"0";"1";"1";"1";""
"202400035698";"155718829";"A01";"1";"10";"0";"2";"3";"9";"1";""
"202400035698";"155718831";"B01";"1";"1";"0";"2";"7";"2";"5";""
"202400035699";"155718830";"B01";"0";"7";"0";"2";"2";"1";"1";""
"202400035699";"155718832";"A01";"2";"1";"0";"2";"1";"1";"5";""
"202400035700";"155718827";"B01";"2";"32";"0";"2";"2";"17";"1";""
"202400035700";"155718834";"A01";"2";"7";"0";"2";"3";"13";"1";""
"202400035701";"155718825";"A01";"1";"7";"0";"1";"1";"1";"1";""
"202400035702";"155718821";"A01";"1";"7";"0";"2";"6";"10";"1";""
"202400035702";"155718824";"B01";"1";"1";"0";"2";"1";"17";"5";""
"202400035703";"155718822";"A01";"2";"1";"11";"0";"1";"26";"5";""
"202400035704";"155718819";"A01";"2";"21";"0";"0";"0";"0";"1";""
"202400035705";"155718823";"B01";"1";"10";"0";"2";"8";"2";"1";""
"202400035705";"155718826";"A01";"1";"33";"0";"2";"7";"3";"1";""
"202400035706";"155718818";"A01";"3";"32";"0";"0";"3";"1";"3";""
"202400035707";"155718816";"A01";"1";"7";"13";"0";"3";"1";"1";""
"202400035708";"155718817";"B01";"1";"1";"0";"2";"2";"1";"5";""
"202400035708";"155718820";"A01";"1";"7";"0";"2";"2";"9";"2";""
"202400035709";"155718813";"A01";"1";"7";"4";"0";"9";"1";"1";""
"202400035710";"155718812";"A01";"1";"1";"0";"2";"1";"1";"5";""
"202400035710";"155718815";"B01";"3";"7";"0";"2";"8";"1";"1";""
"202400035711";"155718810";"A01";"1";"7";"3";"0";"0";"0";"1";""
"202400035712";"155718809";"A01";"2";"33";"0";"2";"1";"1";"1";""
"202400035712";"155718811";"B01";"2";"7";"0";"2";"1";"19";"1";""
"202400035712";"155718814";"C01";"1";"7";"0";"2";"2";"1";"1";""
"202400035713";"155718805";"A01";"1";"7";"0";"2";"0";"11";"1";""
"202400035713";"155718808";"B01";"1";"33";"0";"2";"5";"0";"1";""
"202400035714";"155718807";"A01";"1";"43";"0";"1";"2";"21";"1";""
"202400035715";"155718801";"B01";"2";"7";"0";"2";"1";"1";"1";""
"202400035715";"155718804";"A01";"2";"7";"0";"0";"4";"16";"1";""
"202400035716";"155718799";"A01";"3";"7";"0";"2";"1";"15";"1";""
"202400035716";"155718802";"B01";"0";"33";"0";"2";"1";"1";"1";""
"202400035716";"155718806";"C01";"0";"7";"0";"0";"1";"23";"1";""
"202400035717";"155718803";"A01";"1";"31";"0";"1";"1";"1";"3";""
"202400035718";"155718797";"B01";"1";"7";"9";"2";"5";"1";"1";""
"202400035718";"155718800";"A01";"1";"7";"9";"2";"1";"13";"1";""
"202400035719";"155718796";"A01";"1";"7";"13";"0";"2";"1";"1";""
"202400035720";"155718798";"A01";"1";"10";"0";"1";"1";"1";"1";""
"202400035721";"155718793";"A01";"3";"7";"0";"2";"2";"19";"1";""
"202400035721";"155718795";"B01";"1";"7";"0";"2";"8";"1";"1";""
"202400035722";"155718792";"A01";"1";"7";"8";"0";"8";"1";"1";""
"202400035723";"155718790";"A01";"1";"37";"0";"1";"2";"26";"1";"1"
"202400035724";"155718788";"A01";"3";"30";"0";"2";"7";"2";"1";""
"202400035724";"155718791";"B01";"3";"7";"0";"2";"8";"15";"1";""
"202400035725";"155718787";"A01";"2";"7";"0";"2";"7";"15";"1";""
"202400035725";"155718789";"B01";"1";"50";"0";"2";"1";"1";"3";""
"202400035726";"155718794";"A01";"2";"7";"1";"1";"2";"15";"1";""
"202400035727";"155718785";"A01";"1";"33";"0";"0";"1";"1";"1";""
"202400035728";"155718784";"B01";"0";"7";"0";"2";"3";"1";"1";""
"202400035728";"155718786";"A01";"0";"50";"0";"2";"1";"5";"3";""
"202400035729";"155718781";"B01";"3";"7";"0";"0";"0";"0";"1";""
"202400035729";"155718782";"A01";"3";"7";"0";"0";"0";"0";"1";""
"202400035730";"155718783";"A01";"1";"37";"0";"1";"2";"26";"1";"1"
"202400035731";"155718780";"A01";"2";"10";"0";"0";"0";"0";"1";""
"202400035732";"155718775";"A01";"2";"7";"2";"0";"1";"1";"1";""
"202400035733";"155718774";"A01";"3";"7";"0";"2";"8";"0";"0";""
"202400035733";"155718778";"B01";"0";"7";"0";"2";"1";"1";"0";""
"202400035734";"155718773";"A01";"2";"7";"0";"1";"1";"1";"1";""
"202400035735";"155718772";"B01";"1";"33";"0";"2";"3";"2";"1";""
"202400035735";"155718777";"A01";"1";"7";"0";"2";"2";"2";"1";""
"202400035736";"155718776";"A01";"1";"7";"0";"2";"1";"1";"1";""
"202400035736";"155718779";"B01";"1";"7";"0";"2";"5";"1";"1";""
"202400035737";"155718771";"A01";"2";"7";"15";"0";"1";"1";"1";""
"202400035738";"155718767";"A01";"1";"33";"12";"0";"2";"1";"1";""
"202400035739";"155718766";"A01";"2";"7";"0";"2";"1";"11";"1";""
"202400035739";"155718769";"B01";"2";"31";"0";"2";"9";"3";"1";""
"202400035739";"155718770";"C01";"2";"7";"0";"2";"7";"1";"1";""
"202400035740";"155718764";"A01";"1";"2";"0";"0";"7";"1";"1";""
"202400035741";"155718765";"B01";"1";"10";"0";"2";"4";"1";"1";""
"202400035741";"155718768";"A01";"1";"10";"0";"2";"1";"19";"1";""
"202400035742";"155718762";"A01";"1";"10";"0";"2";"2";"2";"1";""
"202400035742";"155718763";"B01";"1";"7";"8";"0";"8";"15";"1";""
"202400035743";"155718759";"B01";"0";"32";"0";"2";"1";"1";"1";""
"202400035743";"155718761";"A01";"0";"7";"0";"2";"1";"15";"2";""
"202400035744";"155718758";"Z01";"1";"10";"0";"0";"0";"0";"0";""
"202400035744";"155718760";"A01";"1";"7";"0";"2";"5";"1";"1";""
"202400035745";"155718757";"A01";"1";"7";"0";"1";"3";"15";"1";""
"202400035746";"155718755";"A01";"2";"10";"0";"1";"2";"1";"1";""
"202400035747";"155718754";"A01";"3";"50";"14";"0";"1";"1";"3";""
"202400035748";"155718756";"A01";"1";"7";"0";"1";"3";"1";"1";""
"202400035749";"155718751";"A01";"1";"10";"1";"0";"1";"14";"1";""
"202400035749";"155718753";"B01";"1";"7";"0";"2";"4";"23";"1";""
"202400035750";"155718749";"A01";"0";"32";"0";"0";"0";"1";"1";""
"202400035751";"155718747";"B01";"1";"10";"0";"2";"3";"15";"1";""
"202400035751";"155718750";"A01";"1";"32";"0";"2";"1";"1";"1";""
"202400035752";"155718748";"B01";"3";"1";"0";"2";"0";"0";"5";""
"202400035752";"155718752";"A01";"1";"7";"0";"9";"3";"16";"1";""
"202400035753";"155718744";"A01";"1";"7";"0";"2";"6";"11";"0";""
"202400035753";"155718745";"B01";"1";"31";"0";"2";"2";"3";"0";""
"202400035754";"155718740";"A01";"1";"7";"0";"2";"3";"13";"1";""
"202400035754";"155718743";"B01";"2";"7";"0";"2";"3";"1";"1";""
"202400035755";"155718738";"B01";"2";"1";"0";"2";"3";"1";"5";""
"202400035755";"155718742";"A01";"2";"10";"0";"2";"2";"16";"1";""
"202400035756";"155718741";"A01";"1";"7";"0";"1";"3";"15";"1";""
"202400035757";"155718739";"B01";"3";"7";"0";"2";"2";"1";"1";""
"202400035757";"155718746";"A01";"3";"2";"0";"2";"3";"1";"1";""
"202400035758";"155718736";"A01";"2";"33";"0";"2";"2";"1";"1";""
"202400035758";"155718737";"B01";"2";"13";"0";"2";"6";"11";"1";""
"202400035759";"155718735";"A01";"1";"33";"14";"0";"1";"1";"1";""
"202400035760";"155718734";"A01";"1";"30";"0";"0";"8";"9";"1";""
"202400035761";"155718733";"A01";"1";"7";"0";"1";"8";"17";"1";""
"202400035762";"155718730";"A01";"1";"7";"0";"2";"8";"9";"1";""
"202400035762";"155718731";"B01";"1";"33";"0";"2";"7";"2";"1";""
"202400035763";"155718729";"A01";"1";"30";"0";"1";"2";"1";"3";""
"202400035764";"155718728";"B01";"1";"7";"0";"2";"1";"15";"1";""
"202400035764";"155718732";"A01";"2";"33";"0";"2";"7";"1";"1";""
"202400035765";"155718725";"A01";"1";"50";"0";"2";"1";"1";"3";""
"202400035765";"155718727";"B01";"1";"7";"0";"2";"4";"1";"1";""
"202400035766";"155718723";"A01";"1";"7";"0";"2";"2";"15";"1";""
"202400035766";"155718726";"B01";"2";"33";"0";"2";"1";"1";"1";""
"202400035767";"155718722";"A01";"1";"33";"0";"2";"1";"21";"1";""
"202400035767";"155718724";"B01";"1";"7";"0";"0";"6";"2";"1";""
"202400035768";"155718721";"A01";"2";"7";"0";"1";"3";"15";"1";""
"202400035769";"155718720";"A01";"1";"7";"6";"1";"1";"13";"1";""
"202400035770";"155718718";"A01";"2";"1";"0";"0";"0";"15";"5";""
"202400035771";"155718717";"B01";"2";"7";"0";"2";"1";"9";"1";""
"202400035771";"155718719";"A01";"1";"2";"0";"2";"3";"9";"0";""
"202400035772";"155718714";"A01";"1";"7";"0";"1";"1";"1";"1";""
"202400035773";"155718711";"A01";"0";"2";"0";"2";"1";"2";"1";""
"202400035773";"155718713";"B01";"0";"7";"0";"2";"4";"4";"1";""
"202400035774";"155718708";"A01";"1";"7";"8";"0";"1";"1";"1";""
"202400035775";"155718710";"A01";"1";"7";"15";"0";"1";"1";"1";""
"202400035776";"155718712";"A01";"2";"10";"0";"2";"1";"2";"1";""
"202400035776";"155718715";"B01";"2";"10";"0";"2";"4";"2";"1";""
"202400035776";"155718716";"C01";"2";"7";"0";"2";"4";"2";"1";""
"202400035777";"155718707";"B01";"1";"7";"0";"2";"1";"26";"1";""
"202400035777";"155718709";"A01";"1";"7";"0";"2";"7";"15";"1";""
"202400035778";"155718706";"A01";"1";"7";"6";"0";"1";"13";"1";""
"202400035779";"155718702";"B01";"0";"1";"0";"2";"1";"1";"5";""
"202400035779";"155718705";"A01";"0";"1";"0";"2";"1";"0";"5";""
"202400035780";"155718698";"B01";"1";"14";"0";"2";"4";"2";"1";""
"202400035780";"155718700";"C01";"1";"7";"0";"2";"1";"2";"1";""
"202400035780";"155718704";"A01";"1";"7";"0";"2";"1";"2";"1";""
"202400035781";"155718699";"A01";"1";"2";"0";"6";"1";"1";"1";""
"202400035782";"155718697";"A01";"1";"7";"0";"2";"8";"1";"1";""
"202400035782";"155718701";"Y01";"1";"60";"0";"2";"0";"0";"5";""
"202400035783";"155718696";"A01";"0";"7";"0";"2";"8";"19";"1";""
"202400035783";"155718703";"B01";"1";"7";"0";"2";"1";"1";"1";""
"202400035784";"155718693";"A01";"2";"16";"1";"0";"1";"14";"1";""
"202400035784";"155718695";"B01";"2";"17";"0";"0";"4";"24";"1";""
"202400035785";"155718694";"A01";"1";"30";"0";"0";"0";"26";"1";""
"202400035786";"155718690";"A01";"1";"10";"13";"0";"1";"1";"1";""
"202400035787";"155718689";"A01";"3";"7";"0";"1";"2";"16";"1";""
"202400035788";"155718688";"A01";"3";"7";"3";"0";"1";"0";"1";""
"202400035789";"155718684";"A01";"1";"30";"0";"2";"3";"1";"1";""
"202400035789";"155718687";"B01";"2";"7";"0";"2";"1";"1";"1";""
"202400035790";"155718682";"B01";"2";"10";"0";"2";"2";"1";"1";""
"202400035790";"155718685";"A01";"1";"30";"0";"2";"1";"13";"1";""
"202400035791";"155718681";"B01";"3";"7";"0";"2";"1";"1";"1";""
"202400035791";"155718683";"A01";"3";"2";"0";"0";"8";"19";"1";""
"202400035792";"155718678";"A01";"2";"7";"0";"1";"1";"1";"1";""
"202400035793";"155718675";"B01";"2";"33";"0";"2";"1";"17";"1";""
"202400035793";"155718677";"A01";"1";"30";"0";"2";"4";"3";"1";""
"202400035794";"155718676";"B01";"1";"15";"0";"0";"0";"17";"1";""
"202400035794";"155718679";"A01";"1";"7";"0";"0";"8";"13";"1";""
"202400035795";"155718680";"B01";"1";"33";"6";"2";"1";"21";"1";""
"202400035795";"155718686";"A01";"1";"7";"0";"2";"3";"15";"1";""
"202400035796";"155718673";"A01";"1";"7";"0";"2";"1";"7";"1";""
"202400035796";"155718674";"B01";"2";"1";"0";"2";"1";"2";"0";""
"202400035797";"155718669";"A01";"1";"7";"0";"2";"1";"14";"1";""
"202400035797";"155718671";"B01";"1";"7";"0";"2";"3";"1";"1";""
"202400035798";"155718668";"B01";"1";"7";"0";"2";"0";"0";"1";""
"202400035798";"155718672";"A01";"2";"30";"0";"2";"0";"0";"1";""
"202400035799";"155718667";"A01";"1";"50";"0";"0";"8";"15";"3";""
"202400035800";"155718666";"A01";"1";"7";"2";"0";"1";"0";"1";""
"202400035801";"155718664";"A01";"1";"31";"0";"9";"8";"1";"3";""
"202400035802";"155718662";"A01";"1";"7";"0";"2";"0";"19";"0";""
"202400035802";"155718665";"B01";"2";"1";"0";"2";"0";"1";"5";""
"202400035803";"155718661";"B01";"1";"99";"0";"0";"0";"1";"0";""
"202400035803";"155718663";"A01";"2";"7";"0";"2";"0";"12";"1";""
"202400035804";"155718660";"A01";"0";"7";"0";"1";"2";"1";"1";""
"202400035805";"155718659";"A01";"3";"7";"8";"1";"1";"14";"1";""
"202400035806";"155718656";"A01";"1";"7";"0";"1";"8";"0";"1";""
"202400035807";"155718657";"B01";"0";"30";"0";"2";"3";"18";"1";""
"202400035807";"155718658";"A01";"0";"37";"0";"2";"5";"0";"1";"1"
"202400035808";"155718654";"A01";"3";"3";"0";"2";"5";"1";"1";""
"202400035808";"155718655";"B01";"0";"7";"0";"2";"1";"1";"1";""
"202400035809";"155718653";"A01";"1";"7";"0";"1";"1";"1";"1";""
"202400035810";"155718652";"A01";"1";"7";"2";"0";"1";"14";"2";""
"202400035811";"155718650";"A01";"1";"31";"0";"2";"1";"17";"1";""
"202400035811";"155718651";"B01";"3";"7";"0";"2";"3";"1";"1";""
"202400035812";"155718647";"B01";"2";"7";"0";"2";"3";"15";"1";""
"202400035812";"155718649";"A01";"2";"32";"0";"2";"1";"17";"1";""
"202400035813";"155718648";"A01";"1";"33";"8";"0";"1";"1";"1";""
"202400035814";"155718645";"A01";"1";"7";"0";"2";"3";"13";"0";""
"202400035814";"155718646";"B01";"2";"7";"0";"2";"3";"1";"0";""
"202400035815";"155718644";"A01";"1";"33";"13";"0";"0";"1";"1";""
"202400035816";"155718642";"A01";"1";"7";"0";"2";"0";"13";"1";""
"202400035816";"155718643";"B01";"2";"2";"0";"2";"1";"1";"1";""
"202400035817";"155718640";"B01";"1";"7";"0";"2";"6";"9";"1";""
"202400035817";"155718641";"A01";"2";"33";"0";"2";"1";"1";"1";""
"202400035818";"155718638";"A01";"3";"7";"13";"0";"3";"14";"1";""
"202400035819";"155718637";"A01";"2";"10";"13";"0";"0";"1";"1";""
"202400035820";"155718636";"B01";"2";"2";"0";"2";"1";"1";"1";""
"202400035820";"155718639";"A01";"2";"10";"0";"2";"2";"15";"1";""
"202400035821";"155718633";"A01";"2";"10";"0";"2";"4";"23";"1";""
"202400035821";"155718635";"B01";"2";"2";"0";"2";"1";"2";"1";""
"202400035822";"155718629";"C01";"1";"7";"0";"2";"1";"2";"0";""
"202400035822";"155718630";"B01";"1";"7";"0";"2";"1";"2";"0";""
"202400035822";"155718632";"A01";"1";"7";"0";"2";"4";"1";"0";""
"202400035823";"155718628";"A01";"1";"31";"13";"0";"1";"1";"1";""
"202400035824";"155718625";"A01";"1";"33";"0";"2";"1";"1";"1";""
"202400035824";"155718627";"B01";"2";"7";"0";"2";"3";"19";"2";""
"202400035825";"155718624";"B01";"1";"7";"1";"2";"2";"16";"0";""
"202400035825";"155718626";"A01";"1";"30";"1";"2";"1";"18";"1";""
"202400035826";"155718622";"A01";"1";"7";"0";"2";"1";"13";"1";""
"202400035826";"155718623";"B01";"2";"10";"0";"2";"1";"1";"1";""
"202400035827";"155718619";"A01";"1";"7";"3";"0";"1";"0";"1";""
"202400035828";"155718614";"C01";"2";"7";"0";"2";"1";"21";"2";""
"202400035828";"155718616";"D01";"2";"7";"0";"2";"1";"21";"1";""
"202400035828";"155718618";"B01";"2";"7";"0";"2";"1";"21";"1";""
"202400035828";"155718620";"A01";"2";"7";"0";"6";"1";"21";"1";""
"202400035829";"155718615";"C01";"3";"7";"0";"2";"4";"15";"1";""
"202400035829";"155718617";"A01";"0";"7";"0";"2";"1";"1";"1";""
"202400035829";"155718621";"B01";"3";"7";"0";"2";"1";"1";"1";""
"202400035830";"155718612";"A01";"3";"3";"0";"2";"1";"1";"1";""
"202400035830";"155718613";"B01";"3";"14";"0";"2";"3";"1";"1";""
"202400035831";"155718609";"A01";"1";"7";"0";"2";"7";"14";"1";""
"202400035831";"155718611";"B01";"1";"33";"0";"2";"8";"1";"1";""
"202400035832";"155718608";"A01";"1";"7";"13";"0";"9";"1";"1";""
"202400035833";"155718607";"B01";"1";"10";"0";"2";"8";"1";"1";""
"202400035833";"155718610";"A01";"1";"7";"0";"2";"1";"1";"1";""
"202400035834";"155718606";"A01";"1";"7";"0";"1";"1";"0";"2";""
"202400035835";"155718603";"A01";"2";"7";"0";"9";"2";"2";"1";""
"202400035835";"155718605";"B01";"2";"1";"0";"2";"4";"1";"5";""
"202400035836";"155718602";"B01";"1";"7";"0";"2";"3";"13";"3";""
"202400035836";"155718604";"A01";"1";"33";"0";"2";"1";"17";"1";""
"202400035837";"155718600";"A01";"2";"33";"13";"0";"0";"1";"1";""
"202400035838";"155718598";"A01";"2";"7";"0";"2";"1";"1";"1";""
"202400035838";"155718601";"B01";"1";"7";"0";"2";"1";"13";"1";""
"202400035839";"155718596";"A01";"1";"33";"0";"0";"8";"1";"1";""
"202400035840";"155718597";"B01";"2";"7";"0";"2";"8";"1";"1";""
"202400035840";"155718599";"A01";"2";"10";"0";"2";"1";"19";"1";""
"202400035841";"155718594";"A01";"2";"7";"0";"2";"4";"2";"1";""
"202400035841";"155718595";"B01";"2";"10";"0";"2";"4";"2";"1";""
"202400035842";"155718590";"A01";"2";"15";"0";"0";"6";"1";"1";""
"202400035842";"155718591";"B01";"2";"7";"0";"0";"1";"17";"1";""
"202400035842";"155718593";"C01";"2";"7";"0";"2";"1";"2";"1";""
"202400035843";"155718589";"B01";"1";"7";"0";"2";"8";"15";"1";""
"202400035843";"155718592";"A01";"1";"2";"0";"2";"1";"26";"1";""
"202400035844";"155718588";"A01";"3";"7";"0";"1";"3";"1";"1";""
"202400035845";"155718587";"A01";"3";"2";"9";"0";"3";"0";"1";""
"202400035846";"155718585";"A01";"2";"7";"0";"2";"1";"2";"1";""
"202400035846";"155718586";"B01";"2";"7";"0";"2";"4";"1";"1";""