"Num_Acc";"id_vehicule";"num_veh";"senc";"catv";"obs";"obsm";"choc";"manv";"motor";"occutc"
"202400035847";"155718584";"A01";"2";"33";"15";"0";"1";"21";"1";""
"202400035848";"155718582";"A01";"1";"33";"0";"2";"4";"1";"1";""
"202400035848";"155718583";"B01";"1";"7";"0";"2";"2";"1";"1";""
"202400035849";"155718580";"A01";"1";"31";"13";"0";"1";"0";"1";""
"202400035850";"155718581";"A01";"0";"7";"0";"1";"1";"1";"1";""
"202400035851";"155718577";"A01";"1";"33";"4";"0";"8";"1";"1";""
"202400035851";"155718578";"B01";"1";"7";"0";"2";"3";"1";"1";""
"202400035852";"155718576";"A01";"1";"10";"0";"2";"4";"4";"1";""
"202400035852";"155718579";"B01";"2";"7";"0";"2";"1";"1";"1";""
"202400035853";"155718573";"A01";"1";"10";"0";"2";"2";"14";"1";""
"202400035853";"155718575";"B01";"1";"7";"0";"2";"6";"0";"1";""
"202400035854";"155718574";"A01";"1";"7";"5";"0";"9";"26";"1";""
"202400035855";"155718571";"A01";"1";"31";"0";"0";"8";"21";"1";""
"202400035855";"155718572";"B01";"2";"7";"0";"0";"3";"13";"0";""
"202400035856";"155718568";"B01";"1";"7";"0";"2";"4";"1";"1";""
"202400035856";"155718570";"A01";"1";"7";"0";"2";"1";"1";"1";""
"202400035857";"155718566";"A01";"2";"7";"8";"0";"1";"14";"1";""
"202400035858";"155718567";"A01";"2";"7";"0";"2";"2";"15";"1";""
"202400035858";"155718569";"B01";"1";"7";"0";"2";"3";"1";"1";""
"202400035859";"155718563";"B01";"2";"7";"0";"2";"1";"13";"1";""
"202400035859";"155718565";"A01";"2";"7";"0";"2";"4";"2";"1";""
"202400035860";"155718562";"A01";"1";"7";"0";"2";"3";"1";"1";""
"202400035860";"155718564";"B01";"2";"7";"0";"2";"3";"1";"1";""
"202400035861";"155718558";"C01";"2";"7";"0";"1";"0";"19";"1";""
"202400035861";"155718559";"B01";"2";"7";"0";"1";"0";"19";"1";""
"202400035861";"155718560";"A01";"2";"7";"0";"1";"0";"19";"1";""
"202400035862";"155718556";"B01";"3";"7";"0";"2";"8";"1";"1";""
"202400035862";"155718561";"A01";"1";"33";"0";"2";"9";"1";"1";""
"202400035863";"155718555";"A01";"1";"7";"0";"9";"7";"1";"1";""
"202400035863";"155718557";"B01";"1";"50";"0";"2";"0";"1";"3";""
"202400035864";"155718550";"A01";"1";"7";"0";"2";"1";"1";"1";""
"202400035864";"155718553";"B01";"1";"7";"0";"2";"1";"1";"1";""
"202400035864";"155718554";"C01";"1";"7";"0";"2";"4";"1";"1";""
"202400035865";"155718549";"B01";"2";"7";"0";"2";"8";"1";"1";""
"202400035865";"155718552";"A01";"1";"7";"0";"2";"2";"15";"1";""
"202400035866";"155718548";"A01";"1";"7";"9";"0";"1";"3";"2";""
"202400035866";"155718551";"B01";"2";"7";"9";"0";"1";"1";"1";""
"202400035867";"155718546";"A01";"1";"33";"5";"0";"1";"1";"1";""
"202400035868";"155718545";"A01";"1";"7";"0";"2";"1";"15";"2";""
"202400035868";"155718547";"B01";"2";"31";"0";"2";"8";"15";"1";""
"202400035869";"155718542";"B01";"2";"7";"0";"2";"2";"1";"1";""
"202400035869";"155718544";"A01";"1";"10";"0";"2";"2";"13";"1";""
"202400035870";"155718541";"A01";"0";"7";"1";"2";"1";"1";"1";""
"202400035870";"155718543";"B01";"0";"7";"0";"2";"3";"1";"1";""
"202400035871";"155718540";"A01";"3";"7";"2";"0";"1";"14";"2";""
"202400035872";"155718538";"B01";"3";"50";"0";"2";"1";"1";"3";""
"202400035872";"155718539";"A01";"3";"7";"0";"2";"2";"9";"2";""
"202400035873";"155718537";"A01";"3";"2";"0";"6";"1";"1";"1";""
"202400035874";"155718535";"A01";"3";"31";"0";"2";"8";"1";"1";""
"202400035874";"155718536";"B01";"3";"7";"0";"2";"3";"2";"2";""
"202400035875";"155718532";"A01";"2";"7";"0";"2";"7";"16";"1";""
"202400035875";"155718533";"B01";"2";"50";"0";"2";"1";"1";"3";""
"202400035876";"155718531";"B01";"2";"7";"0";"2";"1";"1";"1";""
"202400035876";"155718534";"A01";"2";"7";"0";"2";"5";"19";"1";""
"202400035877";"155718528";"A01";"3";"2";"6";"0";"2";"1";"1";""
"202400035878";"155718529";"B01";"2";"7";"0";"2";"2";"1";"1";""
"202400035878";"155718530";"A01";"2";"7";"0";"2";"3";"11";"1";""
"202400035879";"155718526";"A01";"1";"30";"0";"0";"9";"1";"1";""
"202400035880";"155718525";"A01";"1";"7";"0";"2";"2";"13";"1";""
"202400035880";"155718527";"B01";"1";"7";"0";"2";"6";"1";"1";""
"202400035881";"155718524";"A01";"3";"10";"0";"1";"2";"16";"1";""
"202400035882";"155718523";"A01";"2";"7";"2";"0";"3";"13";"1";""
"202400035883";"155718522";"A01";"3";"80";"8";"0";"1";"26";"3";""
"202400035884";"155718521";"A01";"3";"36";"0";"0";"0";"1";"1";""
"202400035885";"155718519";"A01";"3";"7";"0";"2";"6";"11";"1";""
"202400035885";"155718520";"B01";"3";"32";"0";"2";"1";"1";"1";""
"202400035886";"155718517";"B01";"2";"1";"2";"2";"1";"1";"5";""
"202400035886";"155718518";"A01";"1";"7";"8";"2";"7";"1";"3";""
"202400035887";"155718515";"A01";"1";"7";"13";"0";"0";"1";"1";""
"202400035888";"155718514";"B01";"2";"33";"0";"2";"7";"1";"1";""
"202400035888";"155718516";"A01";"2";"7";"0";"2";"1";"9";"1";""
"202400035889";"155718512";"A01";"1";"7";"13";"0";"0";"1";"3";""
"202400035890";"155718511";"B01";"0";"50";"0";"2";"0";"2";"3";""
"202400035890";"155718513";"A01";"0";"7";"0";"9";"7";"2";"1";""
"202400035891";"155718509";"MB01";"3";"7";"0";"1";"1";"21";"1";""
"202400035892";"155718508";"B01";"0";"2";"0";"2";"1";"1";"0";""
"202400035892";"155718510";"A01";"3";"2";"0";"2";"4";"26";"0";""
"202400035893";"155718506";"A01";"2";"7";"0";"2";"3";"1";"1";""
"202400035893";"155718507";"B01";"1";"34";"0";"2";"3";"1";"1";""
"202400035894";"155718504";"A01";"2";"7";"12";"0";"1";"1";"1";""
"202400035895";"155718503";"A01";"1";"7";"0";"0";"5";"14";"1";""
"202400035895";"155718505";"B01";"1";"33";"0";"0";"8";"1";"5";""
"202400035896";"155718501";"A01";"3";"7";"13";"0";"0";"1";"0";""
"202400035897";"155718500";"A01";"3";"7";"0";"2";"1";"1";"1";""
"202400035897";"155718502";"B01";"3";"50";"0";"2";"1";"19";"3";""
"202400035898";"155718498";"A01";"2";"7";"0";"2";"8";"20";"1";""
"202400035898";"155718499";"B01";"2";"30";"0";"2";"7";"1";"1";""
"202400035899";"155718497";"A01";"2";"10";"14";"0";"1";"1";"1";""
"202400035900";"155718495";"A01";"2";"7";"0";"2";"1";"2";"1";""
"202400035900";"155718496";"B01";"2";"7";"0";"2";"4";"1";"1";""
"202400035901";"155718493";"A01";"1";"50";"0";"2";"0";"25";"3";""
"202400035902";"155718492";"A01";"2";"15";"0";"2";"2";"1";"1";""
"202400035902";"155718494";"B01";"2";"7";"0";"2";"4";"23";"0";""
"202400035903";"155718491";"Z01";"3";"1";"0";"1";"6";"1";"5";""
"202400035904";"155718490";"A01";"3";"7";"13";"0";"9";"1";"1";""
"202400035905";"155718488";"A01";"2";"2";"0";"2";"1";"2";"1";""
"202400035905";"155718489";"B01";"2";"3";"0";"2";"4";"2";"1";""
"202400035906";"155718487";"B01";"1";"17";"0";"1";"7";"1";"1";""
"202400035907";"155718486";"A01";"3";"33";"0";"0";"8";"1";"1";""
"202400035908";"155718484";"A01";"2";"7";"0";"2";"3";"12";"1";""
"202400035908";"155718485";"B01";"2";"1";"0";"0";"4";"2";"5";""
"202400035909";"155718483";"A01";"3";"7";"1";"0";"2";"1";"1";""
"202400035910";"155718479";"C01";"3";"7";"0";"2";"4";"2";"1";""
"202400035910";"155718481";"A01";"0";"7";"0";"2";"1";"2";"1";""
"202400035910";"155718482";"B01";"3";"7";"0";"2";"4";"2";"1";""
"202400035911";"155718478";"A01";"1";"7";"0";"2";"1";"1";"1";""
"202400035911";"155718480";"B01";"2";"7";"0";"2";"1";"1";"1";""
"202400035912";"155718476";"A01";"1";"33";"0";"2";"0";"0";"1";""
"202400035912";"155718477";"B01";"2";"7";"0";"0";"0";"0";"2";""
"202400035913";"155718472";"B01";"2";"7";"0";"2";"3";"1";"1";""
"202400035913";"155718474";"A01";"1";"7";"0";"2";"1";"13";"3";""
"202400035914";"155718473";"A01";"2";"7";"0";"9";"8";"1";"1";""
"202400035914";"155718475";"B01";"2";"2";"0";"2";"2";"2";"1";""
"202400035915";"155718470";"A01";"0";"7";"15";"0";"1";"0";"1";""
"202400035916";"155718469";"A01";"1";"7";"0";"2";"3";"20";"1";""
"202400035916";"155718471";"B01";"1";"32";"0";"2";"2";"1";"1";""
"202400035917";"155718468";"A01";"1";"33";"0";"0";"0";"2";"1";""
"202400035918";"155718467";"A01";"1";"7";"4";"0";"1";"1";"1";""
"202400035919";"155718465";"A01";"3";"2";"8";"0";"2";"1";"1";""
"202400035920";"155718466";"A01";"1";"33";"0";"0";"7";"1";"1";""
"202400035921";"155718462";"B01";"3";"7";"0";"2";"7";"16";"0";""
"202400035921";"155718463";"A01";"2";"1";"0";"2";"1";"7";"5";""
"202400035922";"155718460";"B01";"2";"33";"0";"2";"1";"17";"1";""
"202400035922";"155718461";"A01";"1";"10";"0";"2";"2";"15";"1";""
"202400035923";"155718458";"Z01";"1";"7";"0";"2";"0";"0";"0";""
"202400035923";"155718459";"A01";"1";"7";"0";"2";"4";"0";"1";""
"202400035924";"155718456";"A01";"2";"1";"0";"1";"1";"1";"5";""
"202400035925";"155718455";"A01";"2";"10";"0";"2";"3";"1";"1";""
"202400035925";"155718457";"B01";"1";"1";"0";"2";"1";"13";"5";""
"202400035926";"155718454";"A01";"1";"7";"15";"9";"1";"6";"1";""
"202400035927";"155718453";"A01";"3";"7";"0";"1";"3";"1";"1";""
"202400035928";"155718450";"A01";"3";"7";"0";"1";"7";"19";"1";""
"202400035929";"155718451";"A01";"1";"7";"5";"2";"1";"1";"1";""
"202400035929";"155718452";"B01";"1";"2";"0";"2";"8";"15";"1";""
"202400035930";"155718448";"A01";"3";"30";"0";"0";"0";"0";"1";""
"202400035931";"155718447";"A01";"1";"7";"0";"2";"2";"15";"1";""
"202400035931";"155718449";"B01";"1";"2";"0";"2";"3";"16";"1";""
"202400035932";"155718446";"A01";"1";"7";"9";"1";"2";"21";"1";""
"202400035933";"155718445";"Z01";"1";"34";"0";"1";"0";"0";"0";""
"202400035934";"155718444";"A01";"1";"1";"4";"0";"2";"14";"5";""
"202400035935";"155718442";"A01";"3";"17";"0";"2";"1";"0";"1";""
"202400035935";"155718443";"B01";"3";"7";"0";"2";"1";"5";"1";""
"202400035936";"155718440";"A01";"1";"7";"0";"0";"3";"13";"1";""
"202400035936";"155718441";"B01";"2";"7";"0";"0";"3";"2";"1";""
"202400035937";"155718438";"A01";"1";"7";"0";"2";"1";"1";"1";""
"202400035937";"155718439";"B01";"1";"7";"0";"2";"8";"15";"1";""
"202400035938";"155718436";"A01";"1";"7";"0";"2";"1";"13";"1";""
"202400035938";"155718437";"B01";"2";"7";"0";"2";"1";"1";"1";""
"202400035939";"155718434";"A01";"2";"7";"0";"2";"7";"15";"1";""
"202400035939";"155718435";"B01";"1";"2";"0";"2";"1";"1";"1";""
"202400035940";"155718432";"B01";"1";"7";"0";"9";"3";"1";"3";""
"202400035940";"155718433";"A01";"1";"1";"0";"2";"8";"15";"5";""
"202400035941";"155718430";"A01";"1";"7";"2";"0";"0";"13";"1";""
"202400035942";"155718429";"B01";"2";"7";"0";"2";"3";"1";"0";""
"202400035942";"155718431";"A01";"1";"7";"0";"2";"1";"1";"1";""
"202400035943";"155718427";"A01";"2";"7";"0";"9";"9";"1";"1";""
"202400035944";"155718426";"A01";"3";"7";"1";"0";"1";"21";"1";""
"202400035944";"155718428";"B01";"3";"7";"0";"2";"5";"24";"1";""
"202400035945";"155718425";"A01";"2";"3";"0";"0";"0";"14";"3";""
"202400035946";"155718422";"A01";"1";"7";"0";"2";"2";"2";"2";""
"202400035946";"155718424";"B01";"1";"7";"0";"2";"9";"2";"1";""
"202400035947";"155718421";"A01";"1";"10";"0";"2";"1";"16";"1";""
"202400035947";"155718423";"B01";"1";"34";"0";"2";"3";"1";"1";""
"202400035948";"155718418";"A01";"2";"15";"0";"2";"2";"12";"1";""
"202400035948";"155718420";"B01";"2";"7";"0";"2";"8";"2";"1";""
"202400035949";"155718416";"A01";"1";"43";"0";"2";"1";"18";"1";""
"202400035949";"155718417";"B01";"1";"7";"0";"2";"6";"1";"1";""
"202400035949";"155718419";"C01";"1";"7";"0";"2";"5";"1";"3";""
"202400035950";"155718413";"A01";"2";"32";"0";"2";"2";"13";"1";""
"202400035950";"155718414";"B01";"2";"7";"0";"2";"6";"2";"1";""
"202400035951";"155718412";"B01";"1";"7";"0";"2";"4";"1";"1";""
"202400035951";"155718415";"A01";"1";"7";"0";"2";"1";"1";"1";""
"202400035952";"155718411";"A01";"1";"2";"0";"2";"1";"26";"3";""
"202400035953";"155718409";"A01";"3";"80";"0";"0";"1";"25";"3";""
"202400035954";"155718410";"A01";"1";"7";"0";"0";"9";"1";"1";""
"202400035955";"155718408";"A01";"1";"10";"0";"1";"2";"1";"1";""
"202400035956";"155718407";"A01";"2";"7";"9";"0";"1";"13";"2";""
"202400035957";"155718404";"B01";"2";"1";"0";"2";"7";"1";"5";""
"202400035957";"155718406";"A01";"2";"10";"0";"2";"8";"15";"1";""
"202400035958";"155718403";"A01";"1";"33";"0";"2";"8";"12";"1";""
"202400035958";"155718405";"B01";"1";"33";"0";"2";"7";"12";"1";""
"202400035959";"155718401";"Z01";"2";"7";"0";"2";"3";"13";"0";""
"202400035959";"155718402";"A01";"2";"34";"0";"2";"2";"17";"1";""
"202400035960";"155718400";"A01";"2";"7";"3";"0";"1";"13";"1";""
"202400035961";"155718398";"A01";"1";"7";"0";"2";"1";"1";"1";""
"202400035961";"155718399";"B01";"1";"43";"0";"2";"3";"9";"1";""
"202400035962";"155718397";"A01";"1";"7";"3";"0";"1";"26";"1";""
"202400035963";"155718393";"B01";"2";"14";"0";"2";"2";"1";"6";""
"202400035963";"155718396";"A01";"2";"30";"0";"2";"1";"1";"3";""
"202400035964";"155718392";"A01";"2";"7";"0";"2";"1";"1";"1";""
"202400035964";"155718394";"B01";"2";"7";"0";"2";"4";"1";"1";""
"202400035964";"155718395";"C01";"2";"7";"0";"2";"4";"1";"1";""
"202400035965";"155718390";"A01";"0";"7";"0";"2";"7";"19";"1";""
"202400035965";"155718391";"B01";"0";"7";"0";"2";"3";"19";"1";""
"202400035966";"155718389";"A01";"1";"7";"4";"0";"1";"1";"1";""
"202400035967";"155718386";"A01";"1";"34";"0";"2";"1";"1";"1";""
"202400035967";"155718388";"B01";"2";"50";"0";"2";"8";"19";"3";""
"202400035968";"155718385";"A01";"2";"10";"0";"2";"1";"2";"1";""
"202400035968";"155718387";"B01";"2";"7";"0";"2";"4";"2";"2";""
"202400035969";"155718383";"A01";"1";"7";"4";"0";"9";"1";"1";""
"202400035970";"155718382";"B01";"2";"50";"0";"2";"1";"1";"3";""
"202400035970";"155718384";"A01";"1";"1";"0";"2";"1";"1";"5";""
"202400035971";"155718379";"A01";"3";"7";"0";"2";"1";"2";"1";""
"202400035971";"155718381";"B01";"0";"7";"0";"2";"4";"2";"1";""
"202400035972";"155718378";"A01";"2";"7";"0";"2";"1";"2";"1";""
"202400035972";"155718380";"B01";"2";"7";"0";"2";"4";"2";"1";""
"202400035973";"155718375";"A01";"2";"7";"0";"2";"2";"1";"1";""
"202400035973";"155718377";"B01";"2";"10";"0";"2";"6";"0";"3";""
"202400035974";"155718374";"A01";"2";"7";"4";"2";"1";"2";"0";""
"202400035974";"155718376";"B01";"2";"7";"4";"2";"4";"1";"1";""
"202400035975";"155718372";"B01";"3";"7";"0";"2";"3";"1";"1";""
"202400035975";"155718373";"A01";"3";"7";"0";"2";"3";"15";"1";""
"202400035976";"155718370";"A01";"1";"7";"0";"2";"4";"1";"1";""
"202400035976";"155718371";"B01";"1";"7";"0";"2";"8";"1";"1";""
"202400035977";"155718367";"A01";"3";"7";"0";"2";"1";"5";"1";""
"202400035977";"155718369";"B01";"3";"7";"0";"2";"1";"1";"1";""
"202400035978";"155718365";"B01";"1";"7";"0";"2";"1";"2";"1";""
"202400035978";"155718366";"C01";"1";"7";"0";"2";"4";"2";"1";""
"202400035978";"155718368";"A01";"2";"7";"0";"2";"1";"2";"1";""
"202400035979";"155718363";"A01";"1";"7";"0";"9";"4";"26";"0";""
"202400035979";"155718364";"B01";"1";"80";"0";"0";"4";"1";"3";""
"202400035980";"155718361";"A01";"1";"7";"0";"0";"4";"1";"0";""
"202400035980";"155718362";"B01";"1";"7";"0";"2";"1";"1";"0";""
"202400035981";"155718359";"A01";"1";"7";"14";"0";"1";"0";"2";""
"202400035981";"155718360";"B01";"1";"7";"0";"9";"1";"0";"1";""
"202400035982";"155718358";"A01";"1";"34";"0";"0";"8";"1";"1";""
"202400035983";"155718355";"B01";"1";"15";"0";"2";"6";"1";"1";""
"202400035983";"155718357";"A01";"2";"33";"0";"2";"2";"3";"1";""
"202400035984";"155718354";"A01";"2";"15";"0";"2";"2";"16";"0";""
"202400035984";"155718356";"B01";"2";"7";"3";"0";"2";"16";"1";""
"202400035985";"155718352";"A01";"3";"10";"0";"1";"7";"1";"1";""
"202400035986";"155718351";"A01";"2";"7";"3";"2";"1";"13";"1";""
"202400035986";"155718353";"B01";"1";"14";"3";"0";"8";"1";"1";""
"202400035987";"155718350";"A01";"1";"30";"0";"1";"8";"1";"0";""
"202400035988";"155718349";"A01";"1";"33";"6";"0";"1";"1";"1";""
"202400035989";"155718346";"A01";"1";"10";"0";"2";"3";"15";"1";""
"202400035989";"155718348";"B01";"1";"33";"0";"2";"2";"1";"1";""
"202400035990";"155718344";"A01";"1";"10";"0";"2";"1";"13";"1";""
"202400035990";"155718345";"B01";"2";"7";"0";"2";"1";"1";"1";""
"202400035990";"155718347";"C01";"2";"7";"0";"2";"6";"1";"2";""
"202400035991";"155718343";"A01";"1";"7";"16";"0";"7";"19";"1";""
"202400035992";"155718341";"A01";"3";"7";"0";"2";"4";"0";"1";""
"202400035992";"155718342";"B01";"3";"7";"0";"2";"1";"1";"1";""
"202400035993";"155718340";"A01";"3";"7";"0";"1";"3";"26";"1";""
"202400035994";"155718337";"A01";"3";"7";"0";"2";"3";"19";"1";""
"202400035994";"155718339";"B01";"3";"7";"0";"2";"1";"1";"1";""
"202400035995";"155718336";"A01";"2";"7";"0";"2";"2";"1";"1";""
"202400035995";"155718338";"B01";"2";"50";"0";"2";"7";"1";"3";""
"202400035996";"155718333";"A01";"2";"7";"0";"2";"7";"22";"1";""
"202400035996";"155718335";"B01";"2";"32";"0";"2";"3";"18";"1";""
"202400035997";"155718332";"A01";"1";"7";"0";"2";"1";"2";"1";""
"202400035997";"155718334";"B01";"2";"1";"0";"0";"4";"2";"5";""
"202400035998";"155718330";"A01";"2";"7";"0";"0";"4";"1";"1";""
"202400035998";"155718331";"B01";"2";"2";"0";"2";"1";"1";"1";""
"202400035999";"155718329";"A01";"1";"7";"2";"0";"3";"1";"3";""
"202400036000";"155718327";"A01";"2";"10";"0";"2";"1";"1";"1";""
"202400036000";"155718328";"B01";"1";"10";"0";"2";"1";"17";"1";""
"202400036001";"155718326";"A01";"2";"1";"0";"0";"1";"2";"5";""
"202400036002";"155718324";"A01";"2";"10";"0";"2";"3";"17";"1";""
"202400036002";"155718325";"B01";"2";"7";"0";"2";"3";"1";"1";""
"202400036003";"155718323";"A01";"1";"7";"0";"1";"1";"1";"1";""
"202400036004";"155718321";"A01";"2";"33";"0";"2";"1";"1";"1";""
"202400036004";"155718322";"B01";"2";"10";"0";"0";"4";"1";"1";""
"202400036005";"155718320";"A01";"2";"7";"0";"0";"0";"0";"1";""
"202400036006";"155718319";"A01";"2";"36";"0";"0";"9";"1";"1";""
"202400036007";"155718317";"A01";"1";"7";"0";"2";"6";"15";"1";""
"202400036007";"155718318";"B01";"1";"33";"0";"2";"2";"17";"1";""
"202400036008";"155718315";"A01";"1";"7";"0";"2";"2";"17";"1";""
"202400036008";"155718316";"B01";"1";"80";"0";"0";"4";"13";"3";""
"202400036009";"155718312";"A01";"1";"33";"2";"0";"1";"1";"1";""
"202400036010";"155718313";"B01";"1";"32";"0";"2";"1";"2";"1";""
"202400036010";"155718314";"A01";"2";"7";"0";"2";"2";"19";"1";""
"202400036011";"155718308";"A01";"1";"7";"0";"2";"3";"22";"1";""
"202400036011";"155718310";"B01";"1";"80";"1";"0";"7";"2";"3";""
"202400036012";"155718307";"A01";"3";"1";"0";"0";"0";"0";"5";""
"202400036013";"155718305";"A01";"1";"33";"7";"0";"1";"1";"1";""
"202400036014";"155718304";"A01";"1";"7";"6";"0";"1";"0";"1";""
"202400036015";"155718303";"A01";"1";"30";"0";"0";"8";"13";"1";""
"202400036016";"155718302";"A01";"2";"7";"10";"0";"3";"13";"1";""
"202400036017";"155718299";"A01";"1";"7";"2";"0";"1";"26";"1";""
"202400036017";"155718300";"B01";"2";"7";"12";"0";"0";"0";"1";""
"202400036018";"155718298";"B01";"3";"80";"0";"2";"2";"1";"3";""
"202400036018";"155718301";"A01";"1";"7";"0";"2";"3";"9";"1";""
"202400036019";"155718297";"A01";"2";"7";"1";"0";"2";"14";"1";""
"202400036020";"155718294";"A01";"2";"33";"0";"2";"1";"17";"1";""
"202400036020";"155718296";"B01";"2";"7";"0";"2";"5";"15";"1";""
"202400036021";"155718293";"B01";"3";"7";"0";"2";"5";"1";"1";""
"202400036021";"155718295";"A01";"3";"7";"0";"2";"1";"1";"1";""
"202400036022";"155718290";"A01";"1";"7";"0";"2";"4";"2";"1";""
"202400036022";"155718291";"B01";"1";"0";"0";"0";"0";"0";"0";""
"202400036023";"155718289";"B01";"1";"7";"0";"2";"2";"21";"1";""
"202400036023";"155718292";"A01";"2";"7";"0";"2";"8";"15";"1";""
"202400036024";"155718285";"B01";"2";"7";"0";"2";"1";"0";"1";""
"202400036024";"155718287";"A01";"2";"7";"0";"2";"1";"5";"1";""
"202400036025";"155718286";"Z01";"1";"10";"0";"2";"1";"15";"1";""
"202400036025";"155718288";"B01";"1";"31";"0";"2";"1";"1";"1";""
"202400036026";"155718284";"A01";"1";"50";"13";"0";"0";"16";"3";""
"202400036027";"155718282";"A01";"1";"7";"9";"0";"1";"16";"1";""
"202400036028";"155718281";"B01";"2";"33";"0";"2";"1";"17";"1";""
"202400036028";"155718283";"A01";"2";"10";"0";"2";"8";"15";"1";""
"202400036029";"155718277";"B01";"3";"31";"0";"2";"3";"1";"1";""
"202400036029";"155718280";"A01";"2";"7";"0";"2";"1";"15";"1";""
"202400036030";"155718278";"A01";"2";"7";"0";"2";"1";"15";"1";""
"202400036030";"155718279";"B01";"2";"33";"0";"2";"7";"17";"1";""
"202400036031";"155718274";"B01";"2";"15";"12";"2";"3";"1";"1";""
"202400036031";"155718276";"A01";"1";"7";"0";"2";"1";"1";"1";""
"202400036032";"155718273";"B01";"2";"33";"0";"2";"1";"1";"1";""
"202400036032";"155718275";"A01";"2";"7";"0";"2";"6";"26";"1";""
"202400036033";"155718269";"A01";"2";"1";"0";"2";"1";"5";"5";""
"202400036033";"155718272";"B01";"1";"7";"0";"9";"1";"26";"1";""
"202400036034";"155718270";"B01";"1";"21";"0";"2";"8";"1";"1";""
"202400036034";"155718271";"A01";"2";"1";"0";"2";"8";"1";"5";""
"202400036035";"155718267";"A01";"1";"7";"0";"2";"1";"13";"1";""
"202400036035";"155718268";"B01";"2";"13";"0";"2";"1";"1";"1";""
"202400036036";"155718265";"A01";"1";"7";"0";"2";"2";"15";"1";""
"202400036036";"155718266";"B01";"2";"33";"0";"2";"1";"1";"1";""
"202400036037";"155718261";"A01";"1";"7";"0";"0";"1";"5";"0";""
"202400036037";"155718262";"B01";"2";"7";"0";"0";"1";"1";"0";""
"202400036038";"155718260";"A01";"3";"7";"0";"2";"0";"19";"1";""
"202400036038";"155718263";"B01";"1";"34";"0";"2";"0";"1";"1";""
"202400036039";"155718258";"A01";"2";"33";"0";"0";"7";"1";"1";""
"202400036040";"155718254";"B01";"2";"7";"0";"0";"1";"1";"1";""
"202400036040";"155718256";"A01";"1";"7";"0";"2";"3";"3";"1";""
"202400036041";"155718253";"A01";"1";"33";"0";"2";"3";"26";"1";""
"202400036041";"155718255";"B01";"1";"7";"0";"9";"2";"14";"1";""
"202400036042";"155718251";"A01";"0";"7";"0";"1";"2";"1";"1";""
"202400036043";"155718250";"A01";"3";"7";"0";"2";"8";"23";"1";""
"202400036043";"155718252";"B01";"3";"1";"1";"0";"1";"1";"5";""
"202400036044";"155718247";"A01";"0";"7";"0";"2";"2";"26";"1";""
"202400036044";"155718249";"B01";"0";"7";"0";"2";"3";"26";"1";""
"202400036045";"155718246";"A01";"1";"7";"8";"0";"7";"19";"1";""
"202400036045";"155718248";"B01";"2";"7";"8";"0";"1";"1";"1";""
"202400036046";"155718244";"B01";"1";"10";"0";"2";"3";"0";"1";""
"202400036046";"155718245";"A01";"1";"10";"0";"2";"3";"13";"1";""
"202400036047";"155718243";"A01";"0";"38";"0";"1";"2";"1";"1";"1"
"202400036048";"155718242";"A01";"2";"50";"0";"1";"1";"1";"3";""
"202400036049";"155718241";"A01";"2";"7";"3";"0";"1";"1";"1";""
"202400036050";"155718239";"A01";"3";"7";"1";"0";"1";"13";"1";""
"202400036050";"155718240";"B01";"2";"7";"0";"2";"1";"1";"1";""
"202400036051";"155718237";"B01";"3";"13";"0";"9";"2";"12";"1";""
"202400036051";"155718238";"A01";"3";"1";"0";"2";"3";"1";"5";""
"202400036052";"155718235";"Z01";"1";"2";"0";"2";"1";"3";"1";""
"202400036052";"155718236";"A01";"0";"7";"0";"9";"3";"26";"1";""
"202400036053";"155718233";"A01";"1";"33";"0";"2";"1";"0";"1";""
"202400036053";"155718234";"B01";"1";"7";"0";"2";"8";"0";"1";""
"202400036054";"155718232";"A01";"2";"31";"0";"1";"2";"21";"1";""
"202400036055";"155718231";"A01";"2";"7";"13";"0";"2";"9";"1";""
"202400036056";"155718228";"B01";"3";"7";"0";"2";"4";"1";"1";""
"202400036056";"155718229";"A01";"3";"43";"0";"2";"2";"13";"1";""
"202400036057";"155718227";"A01";"2";"7";"0";"2";"2";"2";"1";""
"202400036057";"155718230";"B01";"2";"7";"0";"2";"6";"2";"1";""
"202400036058";"155718226";"A01";"3";"33";"6";"0";"1";"26";"1";""
"202400036059";"155718225";"A01";"1";"37";"0";"1";"2";"1";"1";"3"
"202400036060";"155718223";"A01";"2";"7";"0";"2";"3";"1";"1";""
"202400036060";"155718224";"B01";"1";"10";"0";"2";"1";"1";"1";""
"202400036061";"155718220";"C01";"3";"7";"0";"0";"7";"23";"1";""
"202400036061";"155718221";"B01";"3";"7";"1";"2";"3";"23";"1";""
"202400036061";"155718222";"A01";"3";"7";"0";"2";"3";"13";"1";""
"202400036062";"155718218";"A01";"3";"7";"1";"2";"2";"9";"1";""
"202400036062";"155718219";"B01";"3";"7";"1";"2";"8";"1";"1";""
"202400036063";"155718215";"B01";"1";"50";"0";"2";"3";"19";"3";""
"202400036063";"155718216";"A01";"1";"7";"0";"2";"2";"1";"1";""
"202400036064";"155718214";"A01";"3";"7";"0";"1";"3";"13";"1";""
"202400036065";"155718212";"B01";"1";"7";"0";"2";"8";"0";"1";""
"202400036065";"155718213";"A01";"1";"1";"0";"2";"1";"1";"5";""
"202400036066";"155718210";"A01";"1";"7";"0";"0";"0";"1";"1";""