"Num_Acc";"id_vehicule";"num_veh";"senc";"catv";"obs";"obsm";"choc";"manv";"motor";"occutc"
"202400036067";"155718209";"A01";"2";"7";"0";"2";"3";"15";"1";""
"202400036067";"155718211";"B01";"2";"32";"0";"2";"2";"17";"1";""
"202400036068";"155718208";"A01";"3";"33";"8";"0";"8";"14";"1";""
"202400036069";"155718207";"A01";"1";"7";"0";"1";"2";"1";"1";""
"202400036070";"155718205";"B01";"1";"7";"0";"2";"5";"2";"1";""
"202400036070";"155718206";"A01";"1";"30";"0";"2";"1";"2";"1";""
"202400036071";"155718204";"A01";"1";"33";"0";"5";"1";"0";"1";""
"202400036072";"155718203";"A01";"3";"7";"0";"0";"8";"13";"1";""
"202400036073";"155718202";"A01";"2";"2";"2";"0";"1";"1";"1";""
"202400036074";"155718201";"A01";"2";"7";"6";"0";"1";"14";"1";""
"202400036075";"155718199";"A01";"1";"1";"0";"2";"0";"1";"5";""
"202400036075";"155718200";"B01";"2";"21";"0";"9";"0";"1";"0";""
"202400036076";"155718196";"C01";"1";"7";"0";"2";"4";"2";"1";""
"202400036076";"155718197";"A01";"1";"7";"0";"2";"1";"1";"1";""
"202400036076";"155718198";"B01";"1";"7";"0";"2";"5";"2";"1";""
"202400036077";"155718195";"A01";"1";"33";"0";"0";"0";"1";"1";""
"202400036078";"155718192";"A01";"2";"10";"0";"2";"2";"2";"1";""
"202400036078";"155718194";"B01";"2";"50";"0";"2";"4";"1";"3";""
"202400036079";"155718191";"B01";"2";"7";"0";"2";"1";"1";"1";""
"202400036079";"155718193";"A01";"2";"2";"0";"2";"1";"19";"1";""
"202400036080";"155718187";"B01";"3";"2";"0";"2";"2";"0";"1";""
"202400036080";"155718189";"A01";"3";"7";"0";"2";"1";"9";"1";""
"202400036081";"155718188";"A01";"3";"7";"0";"2";"1";"9";"1";""
"202400036081";"155718190";"B01";"3";"7";"0";"2";"1";"1";"1";""
"202400036082";"155718184";"A01";"1";"10";"0";"2";"1";"1";"0";""
"202400036082";"155718186";"B01";"1";"10";"0";"2";"4";"1";"0";""
"202400036083";"155718183";"B01";"3";"2";"0";"2";"1";"1";"1";""
"202400036083";"155718185";"A01";"3";"7";"0";"2";"2";"26";"1";""
"202400036084";"155718182";"A01";"0";"7";"8";"0";"1";"1";"1";""
"202400036085";"155718181";"A01";"2";"7";"2";"0";"9";"0";"1";""
"202400036086";"155718179";"B01";"0";"7";"0";"2";"8";"15";"0";""
"202400036086";"155718180";"A01";"1";"7";"2";"2";"2";"1";"0";""
"202400036087";"155718177";"B01";"2";"7";"0";"2";"2";"1";"1";""
"202400036087";"155718178";"A01";"1";"7";"0";"2";"5";"1";"1";""
"202400036088";"155718175";"A01";"1";"33";"0";"2";"1";"17";"0";""
"202400036088";"155718176";"B01";"1";"7";"0";"2";"6";"15";"1";""
"202400036089";"155718174";"A01";"3";"50";"0";"0";"8";"0";"3";""
"202400036090";"155718173";"A01";"3";"7";"0";"1";"8";"1";"2";""
"202400036091";"155718170";"B01";"1";"33";"0";"2";"1";"2";"1";""
"202400036091";"155718172";"A01";"2";"7";"0";"2";"3";"15";"1";""
"202400036092";"155718169";"B01";"0";"30";"0";"2";"1";"2";"0";""
"202400036092";"155718171";"A01";"0";"7";"0";"2";"1";"2";"1";""
"202400036093";"155718167";"A01";" -1";"0";" -1";" -1";" -1";" -1";" -1";""
"202400036093";"155718168";"B01";" -1";"7";" -1";" -1";" -1";" -1";" -1";""
"202400036094";"155718165";"A01";"1";"33";"0";"0";"0";"26";"1";""
"202400036095";"155718164";"B01";"1";"7";"0";"2";"3";"1";"1";""
"202400036095";"155718166";"A01";"2";"50";"0";"2";"1";"1";"3";""
"202400036096";"155718162";"A01";"2";"7";"7";"0";"5";"1";"1";""
"202400036097";"155718160";"A01";"1";"7";"0";"2";"4";"1";"1";""
"202400036097";"155718161";"B01";"1";"7";"0";"2";"4";"1";"1";""
"202400036097";"155718163";"C01";"1";"7";"0";"2";"1";"1";"1";""
"202400036098";"155718158";"B01";"3";"33";"0";"2";"5";"1";"1";""
"202400036098";"155718159";"A01";"3";"7";"0";"2";"5";"10";"0";""
"202400036099";"155718156";"A01";"2";"10";"0";"2";"1";"1";"1";""
"202400036099";"155718157";"B01";"2";"7";"0";"2";"4";"1";"3";""
"202400036100";"155718154";"A01";"1";"7";"0";"2";"3";"1";"1";""
"202400036100";"155718155";"B01";"1";"33";"0";"2";"5";"15";"1";""
"202400036101";"155718151";"A01";"1";"7";"0";"2";"3";"11";"0";""
"202400036101";"155718153";"B01";"1";"10";"0";"2";"2";"1";"0";""
"202400036102";"155718150";"A01";"2";"7";"0";"2";"8";"13";"1";""
"202400036102";"155718152";"B01";"2";"33";"0";"2";"7";"26";"1";""
"202400036103";"155718146";"C01";"2";"2";"0";"2";"4";"1";"1";""
"202400036103";"155718147";"A01";"2";"7";"13";"2";"2";"17";"1";""
"202400036103";"155718149";"B01";"2";"7";"0";"2";"3";"0";"1";""
"202400036104";"155718143";"C01";"1";"7";"0";"2";"4";"1";"2";""
"202400036104";"155718145";"A01";"1";"7";"0";"2";"1";"1";"1";""
"202400036104";"155718148";"B01";"1";"7";"0";"2";"4";"1";"1";""
"202400036105";"155718141";"A01";"2";"32";"0";"2";"2";"3";"1";""
"202400036105";"155718142";"B01";"2";"7";"0";"2";"3";"2";"1";""
"202400036105";"155718144";"C01";"2";"7";"0";"2";"4";"2";"1";""
"202400036106";"155718138";"A01";"1";"32";"0";"2";"1";"2";"3";""
"202400036106";"155718140";"B01";"1";"7";"0";"2";"4";"2";"2";""
"202400036107";"155718134";"B01";"1";"10";"4";"2";"4";"2";"1";""
"202400036107";"155718135";"D01";"1";"10";"4";"2";"4";"2";"1";""
"202400036107";"155718136";"C01";"1";"7";"4";"2";"4";"2";"1";""
"202400036107";"155718137";"E01";"1";"7";"4";"2";"4";"2";"1";""
"202400036107";"155718139";"A01";"1";"10";"4";"2";"1";"2";"1";""
"202400036108";"155718132";"A01";"1";"7";"0";"2";"1";"2";"1";""
"202400036108";"155718133";"B01";"1";"7";"0";"2";"4";"2";"1";""
"202400036109";"155718130";"A01";"1";"31";"0";"2";"4";"2";"1";""
"202400036109";"155718131";"B01";"1";"14";"0";"2";"1";"2";"1";""
"202400036110";"155718127";"A01";"2";"7";"0";"2";"3";"11";"1";""
"202400036110";"155718128";"B01";"2";"31";"0";"2";"7";"1";"1";""
"202400036111";"155718126";"A01";"1";"33";"0";"2";"1";"2";"1";""
"202400036111";"155718129";"B01";"1";"7";"0";"2";"4";"2";"2";""
"202400036112";"155718125";"A01";"3";"7";"0";"1";"2";"1";"1";""
"202400036113";"155718123";"A01";"3";"7";"0";"2";"2";"16";"1";""
"202400036113";"155718124";"B01";"3";"50";"0";"2";"8";"19";"3";""
"202400036114";"155718122";"A01";"2";"7";"0";"1";"1";"21";"1";""
"202400036115";"155718120";"A01";"1";"7";"0";"2";"2";"16";"2";""
"202400036115";"155718121";"B01";"0";"33";"0";"0";"0";"0";"1";""
"202400036116";"155718119";"A01";"2";"7";"2";"0";"7";"1";"1";""
"202400036117";"155718117";"A01";"1";"33";"8";"0";"2";"26";"1";""
"202400036117";"155718118";"B01";"1";"7";"0";"0";"0";"26";"1";""
"202400036118";"155718113";"B01";"1";"50";"0";"2";"1";"1";"3";""
"202400036118";"155718114";"A01";"2";"7";"0";"2";"1";"15";"1";""
"202400036119";"155718112";"A01";"1";"7";"0";"2";"3";"1";"1";""
"202400036119";"155718115";"B01";"2";"7";"0";"2";"3";"1";"1";""
"202400036119";"155718116";"C01";"2";"7";"0";"2";"8";"1";"1";""
"202400036120";"155718110";"A01";"1";"37";"0";"2";"7";"2";"1";"1"
"202400036120";"155718111";"B01";"1";"50";"0";"2";"8";"1";"3";""
"202400036121";"155718106";"A01";"3";"7";"0";"2";"2";"22";"1";""
"202400036121";"155718109";"B01";"3";"50";"0";"2";"2";"2";"3";""
"202400036122";"155718102";"A01";"3";"1";"0";"2";"7";"15";"5";""
"202400036122";"155718103";"B01";"3";"7";"0";"2";"7";"1";"1";""
"202400036123";"155718101";"A01";"2";"33";"0";"2";"1";"1";"1";""
"202400036123";"155718104";"B01";"3";"7";"0";"2";"2";"15";"1";""
"202400036124";"155718100";"A01";"3";"7";"6";"0";"3";"13";"1";""
"202400036125";"155718097";"B01";"1";"7";"0";"2";"0";"0";"0";""
"202400036125";"155718099";"A01";"3";"30";"0";"2";"6";"15";"1";""
"202400036126";"155718096";"B01";"1";"43";"12";"2";"2";"1";"1";""
"202400036126";"155718098";"A01";"1";"10";"12";"2";"1";"5";"1";""
"202400036127";"155718095";"A01";"3";"7";"13";"0";"0";"14";"1";""
"202400036128";"155718094";"A01";"0";"7";"1";"0";"3";"26";"1";""
"202400036129";"155718091";"B01";"1";"50";"0";"2";"7";"1";"3";""
"202400036129";"155718093";"A01";"1";"7";"0";"2";"1";"1";"1";""
"202400036130";"155718090";"A01";"1";"38";"0";"2";"2";"11";"1";"1"
"202400036130";"155718092";"B01";"1";"1";"0";"2";"8";"26";"5";""
"202400036131";"155718087";"A01";"1";"33";"0";"2";"1";"13";"1";""
"202400036131";"155718088";"B01";"1";"7";"0";"2";"3";"1";"1";""
"202400036132";"155718086";"A01";"1";"7";"0";"2";"3";"16";"1";""
"202400036132";"155718089";"B01";"3";"1";"0";"2";"8";"19";"5";""
"202400036133";"155718084";"B01";"3";"7";"6";"0";"5";"16";"1";""
"202400036133";"155718085";"A01";"3";"43";"0";"2";"3";"2";"1";""
"202400036134";"155718082";"A01";"2";"10";"0";"2";"1";"2";"1";""
"202400036134";"155718083";"B01";"1";"7";"0";"2";"4";"1";"1";""
"202400036135";"155718081";"A01";"0";"7";"0";"1";"1";"26";"1";""
"202400036136";"155718079";"A01";"3";"30";"0";"2";"4";"1";"1";""
"202400036136";"155718080";"B01";"3";"7";"0";"2";"2";"2";"1";""
"202400036137";"155718077";"B01";"0";"7";"0";"2";"7";"1";"1";""
"202400036137";"155718078";"A01";"0";"50";"0";"2";"8";"19";"3";""
"202400036138";"155718075";"B01";"2";"7";"0";"2";"1";"0";"1";""
"202400036138";"155718076";"A01";"1";"7";"0";"2";"1";"26";"1";""
"202400036139";"155718073";"B01";"1";"7";"0";"2";"4";"1";"1";""
"202400036139";"155718074";"A01";"1";"7";"0";"2";"1";"1";"1";""
"202400036140";"155718071";"A01";"1";"7";"3";"2";"2";"16";"1";""
"202400036140";"155718072";"B01";"2";"10";"0";"2";"1";"21";"1";""
"202400036141";"155718069";"A01";"3";"7";"0";"2";"1";"16";"1";""
"202400036141";"155718070";"B01";"3";"50";"0";"2";"1";"23";"3";""
"202400036142";"155718067";"A01";"1";"1";"0";"0";"4";"2";"5";""
"202400036142";"155718068";"B01";"2";"7";"0";"2";"0";"0";"1";""
"202400036143";"155718064";"A01";" -1";"7";"0";"2";"1";"2";"1";""
"202400036143";"155718065";"B01";" -1";"7";"0";"2";"4";"23";"1";""
"202400036143";"155718066";"C01";" -1";"7";"0";"2";"4";"23";"1";""
"202400036144";"155718061";"A01";"1";"7";"0";"2";"2";"15";"3";""
"202400036144";"155718063";"B01";"1";"32";"0";"2";"8";"1";"1";""
"202400036145";"155718060";"A01";"2";"10";"0";"2";"3";"16";"1";""
"202400036145";"155718062";"B01";"2";"10";"0";"2";"1";"1";"1";""
"202400036146";"155718057";"A01";"1";"7";"0";"1";"1";"1";"1";""
"202400036147";"155718058";"A01";"2";"7";"0";"2";"8";"11";"1";""
"202400036147";"155718059";"B01";"2";"33";"0";"2";"7";"1";"1";""
"202400036148";"155718054";"A01";"3";"10";"0";"2";"2";"19";"1";""
"202400036148";"155718056";"B01";"3";"7";"0";"2";"1";"17";"1";""
"202400036149";"155718053";"A01";"1";"7";"0";"2";"6";"15";"1";""
"202400036149";"155718055";"B01";"1";"7";"0";"2";"1";"1";"1";""
"202400036150";"155718050";"A01";"1";"7";"0";"2";"3";"9";"1";""
"202400036150";"155718052";"B01";"1";"32";"0";"2";"4";"16";"1";""
"202400036151";"155718049";"A01";"3";"10";"0";"2";"1";"19";"1";""
"202400036151";"155718051";"B01";"3";"10";"0";"2";"3";"1";"1";""
"202400036152";"155718047";"A01";"1";"33";"0";"2";"1";"2";"1";""
"202400036152";"155718048";"B01";"1";"1";"0";"2";"4";"2";"5";""
"202400036153";"155718046";"A01";"0";"33";"0";"0";"9";"1";"1";""
"202400036154";"155718045";"Z01";"1";"7";"0";"1";"0";"0";"1";""
"202400036155";"155718041";"B01";"1";"7";"0";"2";"4";"0";"1";""
"202400036155";"155718043";"A01";"1";"10";"0";"2";"1";"2";"1";""
"202400036156";"155718042";"A01";"1";"7";"0";"2";"2";"15";"1";""
"202400036156";"155718044";"B01";"2";"33";"0";"2";"1";"1";"1";""
"202400036157";"155718040";"A01";"2";"33";"0";"0";"8";"1";"1";""
"202400036158";"155718039";"A01";"1";"30";"0";"1";"3";"1";"3";""
"202400036159";"155718036";"A01";"0";"33";"4";"0";"1";"16";"1";""
"202400036159";"155718038";"B01";"0";"7";"4";"0";"1";"23";"1";""
"202400036160";"155718035";"B01";"2";"50";"0";"2";"2";"1";"3";""
"202400036160";"155718037";"A01";"2";"7";"0";"2";"3";"9";"1";""
"202400036161";"155718033";"A01";"1";"0";"0";"1";"3";"1";"0";""
"202400036162";"155718032";"B01";"3";"1";"0";"2";"2";"0";"5";""
"202400036162";"155718034";"A01";"3";"7";"0";"2";"3";"9";"1";""
"202400036163";"155718030";"A01";"1";"7";"0";"1";"4";"4";"1";""
"202400036164";"155718025";"A01";"1";"34";"8";"2";"3";"17";"1";""
"202400036164";"155718027";"B01";"1";"15";"8";"0";"6";"1";"1";""
"202400036164";"155718028";"C01";"2";"37";"8";"0";"3";"1";"3";"1"
"202400036165";"155718020";"A01";"0";"7";"0";"2";"3";"1";"1";""
"202400036165";"155718021";"B01";"3";"1";"0";"2";"1";"13";"5";""
"202400036166";"155718022";"A01";"1";"7";"0";"2";"5";"16";"1";""
"202400036166";"155718023";"B01";"1";"1";"0";"2";"1";"1";"5";""
"202400036167";"155718019";"A01";"3";"30";"0";"0";"3";"1";"1";""
"202400036168";"155718018";"A01";"2";"1";"12";"0";"1";"14";"5";""
"202400036169";"155718014";"B01";"3";"7";"0";"2";"3";"15";"1";""
"202400036169";"155718016";"A01";"1";"7";"0";"2";"2";"1";"1";""
"202400036170";"155718013";"B01";"2";"1";"0";"2";"3";"19";"5";""
"202400036170";"155718015";"A01";"1";"7";"0";"2";"1";"1";"1";""
"202400036171";"155718010";"A01";"3";"7";"0";"2";"0";"1";"1";""
"202400036171";"155718012";"B01";"3";"7";"0";"2";"1";"1";"1";""
"202400036172";"155718009";"B01";"1";"15";"0";"2";"5";"16";"1";""
"202400036172";"155718011";"A01";"1";"50";"0";"2";"8";"13";"3";""
"202400036173";"155718006";"A01";"1";"50";"0";"2";"3";"1";"3";""
"202400036173";"155718008";"B01";"3";"50";"0";"2";"2";"1";"3";""
"202400036174";"155718005";"B01";"3";"1";"0";"2";"7";"1";"5";""
"202400036174";"155718007";"A01";"3";"7";"0";"2";"1";"9";"1";""
"202400036175";"155718003";"A01";"1";"7";"0";"2";"4";"1";"3";""
"202400036175";"155718004";"B01";"1";"32";"0";"2";"1";"2";"1";""
"202400036176";"155718000";"A01";"2";"7";"0";"2";"1";"2";"1";""
"202400036176";"155718002";"B01";"2";"7";"0";"2";"6";"9";"1";""
"202400036177";"155717999";"A01";"1";"7";"0";"2";"8";"1";"2";""
"202400036177";"155718001";"B01";"1";"1";"1";"2";"7";"17";"5";""
"202400036178";"155717997";"A01";"1";"7";"0";"2";"4";"1";" -1";""
"202400036178";"155717998";"B01";"1";"1";"0";"2";"1";"1";"5";""
"202400036179";"155717996";"A01";"1";"7";"0";"1";"1";"15";"1";""
"202400036180";"155717994";"A01";"2";"32";"0";"2";"7";"20";"1";""
"202400036180";"155717995";"B01";"1";"33";"0";"2";"1";"1";"1";""
"202400036181";"155717993";"A01";"1";"7";"0";"0";"2";"1";"1";""
"202400036182";"155717992";"A01";"2";"50";"0";"1";"1";"1";"3";""
"202400036183";"155717989";"A01";"3";"7";"0";"2";"2";"1";"1";""
"202400036183";"155717990";"B01";"3";"34";"0";"2";"4";"17";"1";""
"202400036184";"155717988";"B01";"1";"15";"0";"2";"1";"9";"1";""
"202400036184";"155717991";"A01";"1";"50";"0";"2";"1";"1";"3";""
"202400036185";"155717987";"Z01";"1";"99";"0";"1";"2";"1";"1";""
"202400036186";"155717986";"Z01";"1";"30";"0";"1";"1";"1";"0";""
"202400036187";"155717984";"B01";"2";"80";"0";"2";"7";"1";"3";""
"202400036187";"155717985";"A01";"2";"7";"0";"2";"1";"1";"2";""
"202400036188";"155717982";"B01";"1";"7";"0";"2";"1";"1";"1";""
"202400036188";"155717983";"A01";"2";"7";"9";"2";"1";"15";"3";""
"202400036189";"155717981";"A01";"2";"7";"0";"1";"2";"5";"1";""
"202400036190";"155717978";"A01";"3";"7";"0";"2";"1";"1";"1";""
"202400036190";"155717980";"B01";"3";"2";"0";"2";"1";"1";"1";""
"202400036191";"155717977";"B01";"3";"7";"0";"2";"2";"1";"2";""
"202400036191";"155717979";"A01";"3";"7";"0";"2";"1";"5";"1";""
"202400036192";"155717975";"B01";"2";"10";"0";"2";"3";"1";"1";""
"202400036192";"155717976";"A01";"2";"50";"0";"2";"1";"1";"3";""
"202400036193";"155717974";"A01";"1";"1";"4";"0";"8";"26";"5";""
"202400036194";"155717972";"A01";"1";"7";"0";"2";"2";"1";"1";""
"202400036194";"155717973";"B01";"1";"13";"0";"2";"1";"1";"1";""
"202400036195";"155717971";"A01";"1";"7";"0";"1";"7";"17";"1";""
"202400036196";"155717970";"A01";"1";"31";"0";"0";"0";"21";"1";""
"202400036197";"155717967";"A01";"1";"7";"16";"0";"8";"1";"1";""
"202400036198";"155717968";"A01";"3";"33";"0";"2";"5";"17";"1";""
"202400036198";"155717969";"B01";"3";"10";"0";"2";"3";"15";"1";""
"202400036199";"155717964";"B01";"0";"34";"0";"2";"2";"17";"1";""
"202400036199";"155717966";"A01";"3";"7";"0";"2";"6";"15";"1";""
"202400036200";"155717963";"A01";"3";"7";"0";"9";"2";"19";"1";""
"202400036200";"155717965";"B01";"3";"50";"0";"2";"1";"0";"3";""
"202400036201";"155717959";"A01";"2";"50";"0";"2";"1";"26";"3";""
"202400036201";"155717961";"B01";"1";"50";"0";"2";"1";"26";"3";""
"202400036202";"155717960";"B01";"2";"7";"0";"2";"2";"1";"2";""
"202400036202";"155717962";"A01";"2";"7";"0";"2";"3";"9";"1";""
"202400036203";"155717956";"B01";"3";"10";"0";"0";"0";"0";"0";""
"202400036203";"155717958";"A01";"3";"30";"0";"0";"1";"1";"3";""
"202400036204";"155717955";"B01";"1";"10";"0";"2";"3";"1";"1";""
"202400036204";"155717957";"A01";"2";"7";"0";"2";"2";"1";"1";""
"202400036205";"155717954";"A01";"3";"7";"2";"0";"3";"1";"1";""
"202400036206";"155717950";"A01";"2";"1";"0";"2";"1";"5";"5";""
"202400036206";"155717951";"B01";"1";"7";"0";"9";"2";"2";"1";""
"202400036207";"155717949";"A01";"3";"7";"0";"2";"6";"20";"1";""
"202400036207";"155717952";"B01";"3";"7";"0";"2";"1";"1";"1";""
"202400036208";"155717948";"A01";"2";"7";"0";"2";"1";"15";"1";""
"202400036208";"155717953";"B01";"1";"2";"0";"2";"7";"1";"1";""
"202400036209";"155717946";"B01";"2";"17";"0";"2";"2";"1";"1";""
"202400036209";"155717947";"A01";"1";"7";"0";"2";"1";"13";"1";""
"202400036210";"155717943";"A01";"3";"7";"0";"2";"3";"19";"1";""
"202400036210";"155717945";"B01";"3";"7";"0";"2";"2";"1";"1";""
"202400036211";"155717942";"A01";"1";"7";"0";"1";"2";"1";"1";""
"202400036212";"155717941";"A01";"1";"7";"0";"2";"1";"1";"1";""
"202400036212";"155717944";"B01";"3";"7";"0";"2";"8";"1";"1";""
"202400036213";"155717940";"A01";"1";"50";"0";"1";"1";"1";"3";""
"202400036214";"155717936";"A01";"1";"7";"0";"2";"3";"10";"1";""
"202400036214";"155717938";"B01";"1";"30";"0";"2";"1";"1";"1";""
"202400036215";"155717935";"A01";"1";"7";"0";"0";"2";"1";"1";""
"202400036216";"155717937";"A01";"1";"7";"12";"2";"1";"2";"1";""
"202400036216";"155717939";"B01";"1";"7";"12";"2";"4";"15";"1";""
"202400036217";"155717931";"A01";"1";"7";"14";"1";"1";"26";"1";""
"202400036218";"155717932";"A01";"3";"99";"1";"0";"2";"16";"1";""
"202400036218";"155717934";"B01";"3";"33";"1";"0";"1";"14";"1";""
"202400036219";"155717930";"A01";"3";"7";"0";"2";"3";"1";"1";""
"202400036219";"155717933";"B01";"3";"7";"0";"2";"3";"5";"1";""
"202400036220";"155717925";"A01";"2";"7";"0";"2";"1";"2";"1";""
"202400036220";"155717928";"B01";"2";"10";"0";"2";"4";"2";"1";""
"202400036221";"155717927";"B01";"1";"2";"0";"2";"1";"1";"1";""
"202400036221";"155717929";"A01";"1";"14";"0";"2";"3";"15";"1";""
"202400036222";"155717924";"A01";"2";"7";"0";"2";"1";"1";"1";""
"202400036222";"155717926";"B01";"1";"7";"0";"2";"1";"15";"1";""
"202400036223";"155717921";"A01";"3";"2";"0";"9";"2";"15";"1";""
"202400036223";"155717922";"B01";"1";"1";"0";"2";"8";"1";"5";""
"202400036224";"155717918";"B01";"2";"7";"0";"2";"1";"1";"1";""
"202400036224";"155717919";"A01";"1";"7";"0";"2";"1";"15";"1";""
"202400036225";"155717917";"A01";"3";"7";"0";"2";"1";"2";"1";""
"202400036225";"155717920";"C01";"3";"7";"0";"2";"4";"2";"1";""
"202400036225";"155717923";"B01";"3";"7";"0";"2";"4";"2";"1";""
"202400036226";"155717915";"A01";"1";"10";"0";"2";"1";"1";"1";""
"202400036226";"155717916";"B01";"1";"30";"0";"2";"4";"1";"1";""
"202400036227";"155717914";"A01";"2";"33";"0";"0";"2";"1";"1";""
"202400036228";"155717912";"Z01";"3";"0";"0";"2";"4";"2";"0";""
"202400036228";"155717913";"B01";"0";"80";"0";"2";"1";"2";"3";""
"202400036229";"155717909";"A01";"0";"10";"0";"2";"5";"10";"1";""
"202400036229";"155717911";"B01";"0";"43";"0";"2";"1";"1";"1";""
"202400036230";"155717908";"B01";"2";"7";"0";"2";"3";"13";"1";""
"202400036230";"155717910";"A01";"1";"7";"0";"2";"3";"1";"2";""
"202400036231";"155717907";"A01";"2";"7";"15";"1";"0";"26";"1";""
"202400036232";"155717904";"A01";"1";"7";"0";"2";"2";"1";"1";""
"202400036232";"155717905";"C01";"1";"7";"0";"9";"0";"0";"1";""
"202400036232";"155717906";"B01";"1";"32";"0";"2";"6";"1";"1";""
"202400036233";"155717903";"A01";"1";"7";"6";"0";"1";"26";"1";""
"202400036234";"155717901";"A01";"1";"33";"0";"2";"1";"17";"1";""
"202400036234";"155717902";"B01";"1";"7";"0";"2";"3";"15";"1";""
"202400036235";"155717899";"A01";"0";"7";"0";"1";"1";"2";"1";""
"202400036236";"155717898";"A01";"1";"7";"0";"2";"3";"10";"0";""
"202400036236";"155717900";"B01";"1";"2";"0";"2";"2";"0";"0";""
"202400036237";"155717895";"A01";"3";"7";"0";"2";"1";"1";"1";""
"202400036237";"155717897";"B01";"3";"80";"0";"2";"8";"19";"3";""
"202400036238";"155717892";"A01";"1";"7";"0";"2";"4";"2";"1";""
"202400036238";"155717893";"B01";"1";"7";"0";"2";"4";"2";"1";""
"202400036238";"155717896";"C01";"1";"7";"0";"2";"1";"2";"1";""
"202400036239";"155717891";"A01";"1";"7";"0";"2";"1";"13";"1";""
"202400036239";"155717894";"B01";"2";"21";"0";"2";"3";"1";"1";""
"202400036240";"155717890";"A01";"1";"34";"12";"0";"1";"1";"1";""
"202400036241";"155717889";"A01";"2";"33";"0";"6";"1";"1";"1";""
"202400036242";"155717887";"B01";"1";"7";"0";"2";"4";"1";"1";""
"202400036242";"155717888";"A01";"1";"33";"0";"2";"1";"1";"1";""
"202400036243";"155717885";"A01";"2";"7";"0";"2";"3";"15";"1";""
"202400036243";"155717886";"B01";"1";"31";"0";"2";"1";"1";"0";""
"202400036244";"155717884";"A01";"2";"33";"0";"0";"3";"1";"1";""
"202400036245";"155717882";"A01";"2";"7";"0";"2";"2";"2";"1";""
"202400036245";"155717883";"B01";"2";"7";"0";"2";"4";"2";"2";""
"202400036246";"155717879";"B01";"1";"7";"0";"2";"8";"1";"1";""
"202400036246";"155717880";"A01";"1";"33";"6";"2";"3";"17";"1";""
"202400036247";"155717877";"B01";"2";"7";"0";"2";"1";"1";"1";""
"202400036247";"155717881";"A01";"2";"7";"0";"2";"8";"19";"1";""
"202400036248";"155717876";"A01";"2";"7";"0";"0";"0";"0";"1";""
"202400036248";"155717878";"B01";"2";"33";"16";"0";"8";"3";"1";""
"202400036249";"155717874";"A01";"2";"14";"0";"2";"2";"2";"1";""
"202400036249";"155717875";"B01";"2";"1";"0";"2";"4";"2";"5";""
"202400036250";"155717873";"A01";"1";"7";"0";"1";"2";"12";"1";""
"202400036251";"155717870";"B01";"1";"10";"0";"2";"4";"2";"1";""
"202400036251";"155717871";"A01";"1";"33";"0";"2";"1";"2";"1";""
"202400036251";"155717872";"C01";"1";"7";"0";"2";"0";"1";"1";""
"202400036252";"155717868";"A01";"1";"7";"0";"1";"3";"1";"1";""
"202400036253";"155717867";"B01";"2";"2";"0";"2";"1";"1";"1";""
"202400036253";"155717869";"A01";"3";"7";"0";"2";"8";"9";"1";""
"202400036254";"155717865";"A01";"2";"7";"0";"2";"8";"15";"1";""
"202400036254";"155717866";"B01";"2";"17";"0";"2";"3";"1";"1";""
"202400036255";"155717862";"A01";"1";"50";"11";"0";"1";"1";"3";""
"202400036256";"155717860";"A01";"2";"7";"0";"2";"6";"1";"1";""
"202400036256";"155717863";"C01";"2";"7";"0";"2";"1";"1";"1";""
"202400036256";"155717864";"B01";"1";"7";"0";"2";"3";"13";"1";""
"202400036257";"155717855";"A01";"2";"7";"0";"2";"3";"11";"0";""
"202400036257";"155717858";"B01";"2";"33";"0";"2";"7";"3";"1";""
"202400036257";"155717859";"C01";"2";"7";"0";"2";"5";"1";"1";""
"202400036257";"155717861";"D01";"2";"7";"0";"2";"3";"1";"1";""
"202400036258";"155717857";"A01";"3";"33";"0";"0";"7";"16";"1";""
"202400036259";"155717854";"A01";"1";"7";"0";"2";"2";"1";"1";""
"202400036259";"155717856";"B01";"1";"33";"0";"0";"4";"2";"1";""
"202400036260";"155717851";"A01";"1";"7";"0";"2";"4";"12";"1";""
"202400036260";"155717853";"B01";"1";"33";"0";"2";"1";"3";"1";""
"202400036261";"155717848";"A01";"1";"33";"0";"2";"2";"17";"1";""
"202400036261";"155717850";"B01";"1";"7";"0";"2";"6";"15";"1";""
"202400036262";"155717849";"A01";"2";"3";"0";"2";"7";"15";"1";""
"202400036262";"155717852";"B01";"2";"7";"0";"2";"1";"1";"6";""
"202400036263";"155717845";"A01";"2";"32";"0";"2";"7";"11";"1";""
"202400036263";"155717847";"B01";"2";"7";"0";"2";"5";"1";"3";""
"202400036264";"155717843";"A01";"1";"10";"0";"2";"4";"15";"1";""
"202400036264";"155717846";"B01";"1";"7";"0";"2";"1";"2";"1";""
"202400036265";"155717842";"B01";"2";"33";"0";"2";"1";"1";"1";""
"202400036265";"155717844";"A01";"3";"7";"0";"2";"3";"15";"1";""
"202400036266";"155717840";"A01";"2";"33";"0";"2";"4";"1";"1";""
"202400036266";"155717841";"B01";"2";"7";"0";"2";"4";"1";"1";""
"202400036267";"155717837";"A01";"1";"33";"13";"0";"1";"1";"1";""
"202400036268";"155717835";"A01";"1";"7";"0";"2";"2";"2";"1";""
"202400036268";"155717836";"B01";"1";"43";"0";"2";"1";"3";"1";""