"Num_Acc";"id_vehicule";"num_veh";"senc";"catv";"obs";"obsm";"choc";"manv";"motor";"occutc"
"202400036269";"155717838";"A01";"2";"1";"0";"2";"6";"15";"5";""
"202400036269";"155717839";"B01";"2";"10";"0";"2";"2";"2";"1";""
"202400036270";"155717830";"A01";"2";"7";"0";"2";"1";"2";"1";""
"202400036270";"155717834";"B01";"2";"7";"0";"2";"4";"2";"1";""
"202400036271";"155717828";"A01";"2";"7";"0";"0";"1";"2";"1";""
"202400036271";"155717832";"B01";"2";"7";"0";"0";"5";"2";"2";""
"202400036272";"155717827";"A01";"2";"10";"0";"2";"1";"1";"1";""
"202400036272";"155717829";"B01";"2";"7";"0";"2";"4";"1";"2";""
"202400036272";"155717831";"C01";"2";"7";"0";"2";"4";"1";"1";""
"202400036272";"155717833";"D01";"2";"7";"0";"2";"4";"1";"1";""
"202400036273";"155717825";"A01";"1";"7";"0";"2";"1";"2";"1";""
"202400036273";"155717826";"B01";"1";"10";"0";"2";"4";"2";"1";""
"202400036274";"155717823";"A01";"1";"33";"0";"2";"1";"3";"1";""
"202400036274";"155717824";"B01";"1";"7";"0";"2";"6";"2";"2";""
"202400036275";"155717819";"A01";"2";"7";"0";"2";"1";"2";"1";""
"202400036275";"155717821";"B01";"1";"10";"0";"2";"4";"1";"3";""
"202400036276";"155717820";"A01";"1";"7";"0";"2";"1";"2";"1";""
"202400036276";"155717822";"B01";"1";"30";"0";"2";"4";"2";"1";""
"202400036277";"155717817";"A01";"1";"7";"0";"2";"1";"2";"1";""
"202400036277";"155717818";"B01";"1";"7";"0";"2";"4";"2";"2";""
"202400036278";"155717816";"A01";"2";"7";"13";"0";"3";"1";"1";""
"202400036279";"155717814";"A01";"2";"7";"0";"2";"5";"12";"2";""
"202400036279";"155717815";"B01";"2";"33";"0";"2";"8";"3";"1";""
"202400036280";"155717812";"A01";"1";"30";"1";"0";"0";"0";"1";""
"202400036281";"155717813";"A01";"2";"7";"0";"1";"2";"0";"1";""
"202400036282";"155717810";"B01";"1";"7";"0";"2";"8";"1";"1";""
"202400036282";"155717811";"A01";"2";"7";"0";"2";"3";"13";"1";""
"202400036283";"155717808";"A01";"2";"33";"0";"2";"8";"3";"1";""
"202400036283";"155717809";"B01";"2";"7";"4";"2";"7";"14";"1";""
"202400036284";"155717806";"B01";"3";"7";"0";"2";"3";"1";"1";""
"202400036284";"155717807";"A01";"3";"7";"0";"2";"2";"13";"1";""
"202400036285";"155717804";"A01";"3";"2";"0";"2";"1";"15";"1";""
"202400036285";"155717805";"B01";"0";"7";"0";"2";"1";"1";"1";""
"202400036286";"155717802";"A01";"1";"7";"0";"2";"1";"1";"1";""
"202400036286";"155717803";"B01";"2";"10";"0";"2";"1";"1";"1";""
"202400036287";"155717801";"B01";"2";"37";"0";"1";"7";"1";"1";"1"
"202400036288";"155717800";"A01";"1";"7";"17";"0";"7";"19";"1";""
"202400036289";"155717798";"A01";"3";"7";"0";"1";"0";"26";"3";""
"202400036290";"155717797";"A01";"3";"50";"0";"2";"3";"1";"3";""
"202400036290";"155717799";"B01";"3";"7";"0";"2";"3";"1";"1";""
"202400036291";"155717796";"A01";"3";"7";"13";"0";"0";"2";"6";""
"202400036292";"155717794";"A01";"3";"7";"14";"2";"1";"1";"1";""
"202400036292";"155717795";"B01";"3";"50";"14";"2";"7";"0";"3";""
"202400036293";"155717792";"A01";"1";"7";"0";"1";"1";"1";"1";""
"202400036294";"155717791";"A01";"2";"2";"0";"2";"1";"1";"1";""
"202400036294";"155717793";"B01";"1";"7";"0";"2";"2";"15";"1";""
"202400036295";"155717790";"A01";"1";"10";"0";"0";"7";"14";"1";""
"202400036296";"155717788";"A01";"2";"10";"0";"2";"1";"1";"1";""
"202400036296";"155717789";"B01";"1";"7";"0";"2";"4";"1";"1";""
"202400036297";"155717786";"A01";"1";"7";"0";"2";"0";"0";"1";""
"202400036297";"155717787";"B01";"1";"33";"0";"2";"0";"0";"1";""
"202400036298";"155717783";"A01";"2";"31";"0";"2";"1";"17";"1";""
"202400036298";"155717785";"B01";"2";"17";"0";"2";"8";"15";"1";""
"202400036299";"155717782";"A01";"2";"15";"13";"2";"6";"1";"1";""
"202400036299";"155717784";"B01";"1";"38";"13";"2";"3";"1";"1";"10"
"202400036300";"155717781";"A01";"2";"7";"0";"1";"1";"15";"1";""
"202400036301";"155717780";"A01";"1";"7";"17";"0";"1";"21";"0";""
"202400036302";"155717779";"A01";"1";"7";"0";"1";"2";"1";"1";""
"202400036303";"155717778";"A01";"2";"33";"3";"0";"2";"1";"1";""
"202400036304";"155717777";"A01";"1";"7";"0";"1";"1";"1";"1";""
"202400036305";"155717773";"B01";"1";"7";"0";"2";"3";"1";"1";""
"202400036305";"155717775";"A01";"1";"2";"0";"2";"7";"1";"1";""
"202400036306";"155717774";"A01";"1";"31";"0";"2";"3";"1";"1";""
"202400036306";"155717776";"B01";"2";"7";"0";"2";"3";"1";"1";""
"202400036307";"155717772";"A01";"2";"7";"3";"0";"3";"1";"1";""
"202400036308";"155717771";"A01";"2";"7";"13";"0";"1";"12";"1";""
"202400036309";"155717769";"B01";"3";"14";"0";"2";"1";"1";"1";""
"202400036309";"155717770";"A01";"3";"7";"0";"2";"7";"1";"1";""
"202400036310";"155717767";"A01";"2";"7";"0";"2";"1";"13";"1";""
"202400036310";"155717768";"B01";"1";"7";"0";"2";"1";"1";"1";""
"202400036311";"155717765";"B01";"2";"1";"0";"2";"7";"1";"5";""
"202400036311";"155717766";"A01";"2";"7";"0";"2";"8";"16";"1";""
"202400036312";"155717763";"B01";"1";"7";"0";"2";"1";"1";"1";""
"202400036312";"155717764";"A01";"1";"7";"0";"2";"8";"19";"1";""
"202400036313";"155717762";"A01";"2";"10";"0";"1";"1";"1";"1";""
"202400036314";"155717759";"A01";"3";"7";"0";"2";"2";"19";"1";""
"202400036314";"155717761";"B01";"3";"7";"0";"2";"3";"1";"1";""
"202400036315";"155717758";"B01";"1";"2";"0";"2";"1";"1";"1";""
"202400036315";"155717760";"A01";"2";"7";"0";"2";"2";"15";"1";""
"202400036316";"155717757";"A01";"1";"40";"0";"1";"2";"1";"3";""
"202400036317";"155717755";"B01";"1";"7";"0";"2";"3";"26";"1";""
"202400036317";"155717756";"A01";"1";"33";"0";"2";"7";"12";"1";""
"202400036318";"155717753";"A01";"1";"7";"0";"2";"3";"22";"3";""
"202400036318";"155717754";"B01";"1";"1";"1";"0";"1";"1";"5";""
"202400036319";"155717751";"B01";"0";"60";"0";"2";"7";"1";"5";""
"202400036319";"155717752";"A01";"3";"7";"0";"2";"2";"20";"1";""
"202400036320";"155717749";"A01";"2";"80";"13";"9";"0";"0";"2";""
"202400036320";"155717750";"B01";"2";"7";"0";"0";"0";"0";"0";""
"202400036321";"155717747";"A01";"1";"10";"0";"2";"1";"2";"1";""
"202400036321";"155717748";"B01";"1";"15";"0";"0";"4";"2";"1";""
"202400036322";"155717745";"A01";"1";"31";"0";"2";"0";"1";"1";""
"202400036322";"155717746";"B01";"3";"1";"0";"2";"4";"19";"5";""
"202400036323";"155717744";"A01";"1";"7";"0";"1";"3";"1";"1";""
"202400036324";"155717742";"A01";"1";"30";"0";"2";"1";"17";"1";""
"202400036324";"155717743";"B01";"1";"7";"0";"2";"8";"15";"1";""
"202400036325";"155717741";"A01";"1";"1";"0";"0";"0";"1";"5";""
"202400036326";"155717740";"A01";"1";"10";"0";"1";"1";"1";"0";""
"202400036327";"155717738";"B01";"1";"7";"0";"2";"1";"1";"1";""
"202400036327";"155717739";"A01";"2";"7";"0";"2";"1";"13";"1";""
"202400036328";"155717737";"A01";"1";"7";"0";"1";"0";"0";"0";""
"202400036329";"155717735";"A01";"1";"7";"2";"0";"3";"1";"1";""
"202400036330";"155717734";"A01";"1";"7";"0";"2";"3";"9";"1";""
"202400036330";"155717736";"B01";"2";"1";"0";"2";"2";"1";"5";""
"202400036331";"155717731";"B01";"3";"80";"0";"2";"4";"23";"3";""
"202400036331";"155717732";"A01";"1";"7";"0";"2";"2";"2";"1";""
"202400036332";"155717730";"A01";"1";"7";"0";"2";"2";"17";"1";""
"202400036332";"155717733";"B01";"1";"2";"6";"2";"3";"15";"3";""
"202400036333";"155717727";"A01";"3";"60";"0";"2";"2";"19";"5";""
"202400036333";"155717729";"B01";"3";"10";"0";"2";"1";"1";"1";""
"202400036334";"155717726";"B01";"2";"7";"0";"2";"1";"1";"1";""
"202400036334";"155717728";"A01";"1";"2";"0";"2";"1";"5";"1";""
"202400036335";"155717724";"A01";"0";"2";"0";"2";"1";"1";"1";""
"202400036335";"155717725";"B01";"0";"7";"0";"2";"4";"1";"1";""
"202400036336";"155717723";"A01";"2";"7";"0";"1";"2";"1";"1";""
"202400036337";"155717722";"A01";"1";"7";"0";"1";"1";"16";"2";""
"202400036338";"155717721";"A01";"2";"7";"1";"1";"4";"10";"1";""
"202400036339";"155717720";"A01";"2";"7";"6";"0";"1";"1";"1";""
"202400036340";"155717718";"A01";"2";"7";"0";"0";"4";"23";"1";""
"202400036340";"155717719";"B01";"2";"33";"0";"2";"1";"1";"1";""
"202400036341";"155717715";"B01";"3";"10";"0";"2";"1";"1";"1";""
"202400036341";"155717716";"A01";"3";"7";"0";"2";"1";"5";"0";""
"202400036342";"155717714";"B01";"1";"7";"0";"2";"1";"1";"0";""
"202400036342";"155717717";"A01";"1";"10";"0";"2";"8";"15";"1";""
"202400036343";"155717712";"A01";"1";"33";"0";"2";"1";"18";"1";""
"202400036343";"155717713";"B01";"2";"7";"0";"2";"3";"1";"1";""
"202400036344";"155717709";"B01";"1";"7";"0";"2";"4";"0";"1";""
"202400036344";"155717710";"A01";"1";"31";"0";"2";"1";"3";"1";""
"202400036345";"155717711";"A01";"3";"50";"0";"1";"1";"1";"3";""
"202400036346";"155717706";"C01";"1";"7";"0";"2";"4";"1";"1";""
"202400036346";"155717707";"A01";"1";"15";"0";"2";"1";"1";"1";""
"202400036346";"155717708";"B01";"1";"7";"0";"2";"4";"1";"1";""
"202400036347";"155717705";"A01";"2";"10";"2";"0";"1";"0";"1";""
"202400036348";"155717703";"B01";"2";"7";"0";"2";"6";"11";"1";""
"202400036348";"155717704";"A01";"2";"33";"0";"2";"1";"0";"1";""
"202400036349";"155717701";"A01";"1";"32";"0";"2";"1";"12";"1";""
"202400036349";"155717702";"B01";"1";"7";"0";"2";"4";"1";"1";""
"202400036350";"155717700";"A01";"3";"7";"0";"1";"3";"26";"1";""
"202400036351";"155717699";"A01";"2";"7";"4";"0";"1";"14";"1";""
"202400036352";"155717697";"A01";"1";"7";"0";"1";"2";"1";"1";""
"202400036353";"155717696";"Z01";"1";"7";"0";"2";"8";"11";"1";""
"202400036353";"155717698";"A01";"1";"33";"0";"2";"7";"3";"1";""
"202400036354";"155717693";"A01";"1";"7";"0";"2";"3";"10";"1";""
"202400036354";"155717695";"B01";"2";"33";"0";"2";"1";"1";"1";""
"202400036355";"155717691";"A01";"1";"37";"0";"2";"1";"1";"1";"5"
"202400036355";"155717694";"B01";"1";"17";"0";"2";"4";"1";"1";""
"202400036356";"155717690";"A01";"2";"1";"0";"2";"1";"21";"5";""
"202400036356";"155717692";"B01";"1";"1";"0";"2";"1";"21";"5";""
"202400036357";"155717688";"A01";"2";"33";"0";"2";"3";"3";"1";""
"202400036357";"155717689";"B01";"2";"7";"0";"2";"7";"12";"1";""
"202400036358";"155717687";"A01";"3";"10";"0";"1";"3";"26";"1";""
"202400036359";"155717685";"A01";"2";"7";"0";"2";"1";"1";"1";""
"202400036359";"155717686";"B01";"2";"7";"0";"2";"1";"1";"1";""
"202400036360";"155717683";"A01";"2";"7";"0";"2";"6";"2";"1";""
"202400036360";"155717684";"B01";"2";"33";"0";"2";"2";"3";"1";""
"202400036361";"155717680";"A01";"3";"7";"6";"0";"1";"15";"1";""
"202400036362";"155717681";"A01";"1";"34";"0";"2";"0";"0";"1";""
"202400036362";"155717682";"B01";"1";"50";"0";"2";"3";"15";"3";""
"202400036363";"155717678";"A01";"1";"7";"0";"2";"3";"16";"2";""
"202400036363";"155717679";"B01";"2";"1";"0";"2";"1";"1";"5";""
"202400036364";"155717676";"A01";"1";"7";"0";"2";"1";"1";"1";""
"202400036364";"155717677";"B01";"1";"50";"0";"2";"4";"9";"3";""
"202400036365";"155717675";"A01";"1";"7";"0";"1";"7";"1";"1";""
"202400036366";"155717673";"A01";"1";"10";"16";"0";"5";"0";"1";""
"202400036367";"155717672";"A01";"1";"33";"0";"2";"2";"17";"1";""
"202400036367";"155717674";"B01";"2";"50";"0";"2";"3";"15";"3";""
"202400036368";"155717671";"A01";"1";"7";"13";"0";"9";"14";"1";""
"202400036369";"155717669";"B01";"1";"7";"0";"2";"9";"1";"1";""
"202400036369";"155717670";"A01";"1";"7";"0";"2";"1";"17";"1";""
"202400036370";"155717667";"B01";"2";"1";"0";"0";"3";"2";"5";""
"202400036370";"155717668";"A01";"2";"7";"0";"0";"6";"17";"1";""
"202400036371";"155717664";"A01";"0";"7";"0";"2";"1";"0";"1";""
"202400036371";"155717666";"B01";"0";"7";"0";"2";"1";"0";"1";""
"202400036372";"155717663";"A01";"3";"30";"0";"2";"7";"15";"1";""
"202400036372";"155717665";"B01";"3";"7";"0";"2";"2";"1";"1";""
"202400036373";"155717661";"A01";"1";"32";"0";"2";"1";"1";"1";""
"202400036373";"155717662";"B01";"2";"2";"0";"2";"7";"15";"1";""
"202400036374";"155717658";"A01";"1";"32";"0";"0";"3";"1";"1";""
"202400036375";"155717659";"B01";"3";"7";"0";"2";"1";"2";"1";""
"202400036375";"155717660";"A01";"3";"7";"11";"0";"4";"2";"1";""
"202400036376";"155717657";"A01";"3";"7";"0";"1";"2";"1";"1";""
"202400036377";"155717654";"B01";"3";"7";"0";"2";"1";"1";"1";""
"202400036377";"155717656";"A01";"3";"50";"0";"2";"1";"5";"3";""
"202400036378";"155717653";"B01";"3";"2";"0";"2";"1";"1";"1";""
"202400036378";"155717655";"A01";"3";"2";"0";"2";"1";"1";"1";""
"202400036379";"155717652";"A01";"3";"2";"0";"0";"3";"26";"3";""
"202400036380";"155717651";"Z01";"1";"7";"0";"1";"1";"15";"0";""
"202400036381";"155717647";"A01";"3";"7";"0";"2";"3";"15";"0";""
"202400036381";"155717648";"B01";"3";"50";"0";"2";"3";"1";"3";""
"202400036382";"155717645";"B01";"3";"10";"0";"2";"1";"26";"6";""
"202400036382";"155717649";"A01";"3";"2";"0";"2";"1";"26";"1";""
"202400036383";"155717646";"B01";"2";"7";"0";"2";"7";"15";"1";""
"202400036383";"155717650";"A01";"2";"2";"0";"2";"1";"9";"1";""
"202400036384";"155717643";"B01";"1";"7";"0";"2";"5";"1";"1";""
"202400036384";"155717644";"A01";"1";"30";"0";"2";"1";"16";"1";""
"202400036385";"155717641";"B01";"3";"50";"0";"2";"2";"17";"3";""
"202400036385";"155717642";"A01";"3";"7";"0";"2";"3";"15";"1";""
"202400036386";"155717638";"A01";"0";"7";"0";"2";"2";"15";"1";""
"202400036386";"155717640";"B01";"2";"15";"0";"2";"2";"1";"1";""
"202400036387";"155717637";"B01";"2";"2";"0";"2";"1";"1";"1";""
"202400036387";"155717639";"A01";"2";"2";"0";"2";"7";"1";"1";""
"202400036388";"155717636";"A01";"3";"7";"0";"1";"1";"13";"3";""
"202400036389";"155717634";"A01";"1";"33";"6";"0";"2";"15";"1";""
"202400036390";"155717631";"A01";"2";"15";"0";"2";"5";"1";"1";""
"202400036390";"155717633";"B01";"2";"50";"0";"2";"0";"0";"3";""
"202400036391";"155717629";"A01";"1";"7";"0";"1";"1";"1";"1";""
"202400036392";"155717628";"B01";"2";"7";"0";"2";"2";"13";"0";""
"202400036392";"155717630";"A01";"1";"10";"0";"2";"2";"13";"1";""
"202400036393";"155717625";"Y01";"1";"0";"0";"2";"3";"0";"0";""
"202400036393";"155717627";"A01";"1";"7";"0";"1";"2";"1";"1";""
"202400036394";"155717624";"A01";"0";"7";"0";"2";"2";"1";"1";""
"202400036394";"155717626";"B01";"0";"1";"0";"2";"3";"9";"5";""
"202400036395";"155717619";"A01";"2";"2";"1";"0";"1";"2";"1";""
"202400036395";"155717621";"B01";"2";"7";"0";"0";"4";"23";"1";""
"202400036396";"155717620";"A01";"2";"7";"0";"2";"1";"9";"1";""
"202400036396";"155717623";"B01";"2";"2";"0";"2";"7";"2";"1";""
"202400036397";"155717618";"B01";"3";"10";"0";"2";"1";"0";"1";""
"202400036397";"155717622";"A01";"1";"7";"0";"2";"8";"16";"1";""
"202400036398";"155717615";"A01";"3";"7";"0";"2";"3";"1";"1";""
"202400036398";"155717617";"B01";"3";"2";"0";"2";"2";"12";"1";""
"202400036399";"155717616";"A01";"0";"7";"0";"1";"3";"1";"1";""
"202400036400";"155717612";"B01";"1";"7";"0";"2";"4";"1";"1";""
"202400036400";"155717613";"C01";"1";"10";"0";"2";"4";"1";"1";""
"202400036400";"155717614";"A01";"1";"7";"0";"2";"2";"2";"1";""
"202400036401";"155717609";"A01";"1";"7";"0";"2";"2";"16";"1";""
"202400036401";"155717611";"B01";"2";"80";"0";"2";"1";"1";"3";""
"202400036402";"155717608";"A01";"1";"7";"0";"2";"6";"15";"1";""
"202400036402";"155717610";"B01";"1";"7";"3";"2";"2";"1";"1";""
"202400036403";"155717607";"A01";"3";"7";"0";"1";"2";"1";"1";""
"202400036404";"155717606";"A01";"2";"1";"0";"1";"1";"1";"5";""
"202400036405";"155717603";"B01";"1";"33";"0";"2";"4";"2";"1";""
"202400036405";"155717604";"A01";"1";"10";"0";"2";"1";"2";"1";""
"202400036406";"155717602";"B01";" -1";"7";"0";"2";"3";"15";"1";""
"202400036406";"155717605";"A01";"1";"32";"0";"2";"5";"17";"1";""
"202400036407";"155717600";"A01";"3";"50";"0";"2";"1";"1";"3";""
"202400036407";"155717601";"B01";"3";"7";"0";"2";"7";"16";"3";""
"202400036408";"155717597";"A01";"1";"7";"0";"2";"1";"1";"1";""
"202400036408";"155717599";"B01";"1";"7";"0";"2";"4";"1";"1";""
"202400036409";"155717596";"A01";"2";"7";"0";"9";"2";"26";"1";""
"202400036409";"155717598";"B01";"1";"50";"0";"2";"0";"26";"3";""
"202400036410";"155717593";"A01";"2";"7";"0";"2";"3";"15";"1";""
"202400036410";"155717595";"B01";"1";"33";"0";"2";"3";"1";"1";""
"202400036411";"155717592";"B01";"1";"33";"0";"2";"1";"1";"1";""
"202400036411";"155717594";"A01";"1";"7";"0";"2";"8";"19";"1";""
"202400036412";"155717591";"A01";"0";"2";"14";"9";"3";"0";"1";""
"202400036413";"155717588";"A01";"0";"7";"0";"9";"1";"16";"1";""
"202400036413";"155717590";"B01";"0";"50";"0";"2";"1";"16";"3";""
"202400036414";"155717586";"B01";"1";"1";"0";"2";"3";"1";"5";""
"202400036414";"155717589";"A01";"1";"7";"0";"2";"7";"14";"2";""
"202400036415";"155717587";"A01";"2";"7";"7";"0";"2";"1";"1";""
"202400036416";"155717585";"A01";"2";"7";"0";"1";"7";"26";"1";""
"202400036417";"155717583";"A01";"3";"50";"0";"1";"7";"25";"3";""
"202400036418";"155717580";"A01";"3";"7";"12";"1";"1";"1";"1";""
"202400036419";"155717579";"A01";"1";"1";"0";"1";"1";"1";"5";""
"202400036420";"155717575";"B01";"2";"2";"0";"2";"8";"0";"1";""
"202400036420";"155717577";"A01";"2";"13";"0";"2";"1";"1";"1";""
"202400036421";"155717574";"B01";"1";"32";"0";"2";"4";"23";"1";""
"202400036421";"155717576";"A01";"1";"7";"0";"2";"3";"1";"2";""
"202400036422";"155717571";"A01";"2";"7";"0";"2";"3";"20";"1";""
"202400036422";"155717572";"B01";"1";"7";"0";"2";"3";"1";"1";""
"202400036423";"155717569";"A01";"2";"10";"0";"2";"1";"15";"3";""
"202400036423";"155717570";"B01";"1";"32";"0";"2";"8";"1";"1";""
"202400036424";"155717568";"A01";"1";"7";"7";"0";"1";"15";"1";""
"202400036425";"155717566";"A01";"2";"50";"0";"1";"1";"1";"3";""
"202400036426";"155717565";"A01";"2";"7";"0";"0";"5";"1";"1";""
"202400036426";"155717567";"B01";"2";"31";"0";"2";"1";"1";"1";""
"202400036427";"155717562";"B01";"3";"30";"0";"2";"2";"17";"1";""
"202400036427";"155717564";"A01";"3";"7";"0";"2";"3";"15";"2";""
"202400036428";"155717573";"A01";"3";"10";"12";"2";"7";"1";"1";""
"202400036428";"155717578";"B01";"3";"7";"0";"2";"1";"16";"1";""
"202400036429";"155717556";"A01";"2";"1";"0";"2";"1";"13";"5";""
"202400036429";"155717558";"B01";"1";"1";"0";"2";"1";"1";"5";""
"202400036430";"155717553";"C01";"2";"7";"0";"2";"3";"1";"1";""
"202400036430";"155717555";"B01";"2";"15";"0";"0";"6";"1";"1";""
"202400036430";"155717557";"D01";"2";"7";"0";"2";"1";"1";"1";""
"202400036430";"155717559";"E01";"2";"7";"0";"2";"7";"1";"1";""
"202400036430";"155717560";"F01";"2";"15";"14";"0";"8";"1";"1";""
"202400036430";"155717561";"A01";"2";"7";"0";"2";"3";"2";"1";""
"202400036430";"155717563";"G01";"2";"7";"14";"0";"3";"1";"2";""
"202400036431";"155717552";"A01";"1";"31";"0";"0";"1";"5";"1";""
"202400036432";"155717547";"B01";"1";"80";"0";"2";"1";"1";"3";""
"202400036432";"155717548";"A01";"1";"10";"0";"2";"8";"22";"1";""
"202400036433";"155717546";"A01";"3";"1";"0";"1";"8";"1";"5";""
"202400036434";"155717544";"A01";"2";"33";"0";"1";"1";"3";"1";""
"202400036435";"155717543";"B01";"1";"1";"1";"0";"4";"2";"5";""
"202400036435";"155717545";"A01";"1";"7";"0";"2";"1";"26";"1";""
"202400036436";"155717542";"A01";"1";"33";"12";"0";"1";"11";"1";""
"202400036437";"155717540";"A01";"2";"7";"13";"0";"0";"21";"1";""
"202400036438";"155717539";"A01";"3";"7";"0";"2";"1";"2";"1";""
"202400036438";"155717541";"B01";"1";"7";"0";"2";"3";"2";"1";""
"202400036439";"155717537";"A01";"1";"2";"0";"0";"7";"0";"1";""
"202400036440";"155717536";"A01";"0";"37";"0";"2";"2";"2";"1";"1"
"202400036440";"155717538";"B01";"3";"7";"0";"2";"4";"23";"1";""
"202400036441";"155717535";"A01";"1";"7";"0";"1";"1";"1";"1";""
"202400036442";"155717529";"A01";"2";"38";"0";"2";"3";"15";"1";"1"
"202400036442";"155717532";"B01";"2";"1";"0";"2";"1";"1";"5";""
"202400036443";"155717530";"A01";"1";"33";"0";"2";"1";"17";"1";""
"202400036443";"155717533";"B01";"2";"7";"0";"2";"2";"21";"1";""
"202400036443";"155717534";"C01";"2";"7";"0";"2";"1";"1";"1";""
"202400036444";"155717528";"A01";"1";"33";"0";"2";"1";"1";"1";""
"202400036444";"155717531";"B01";"1";"7";"0";"2";"3";"11";"1";""
"202400036445";"155717525";"A01";"1";"7";"0";"2";"2";"1";"1";""
"202400036445";"155717527";"B01";"1";"2";"0";"2";"8";"11";"1";""
"202400036446";"155717523";"B01";"1";"31";"0";"2";"3";"17";"0";""
"202400036446";"155717524";"A01";"1";"7";"0";"2";"3";"10";"2";""
"202400036447";"155717526";"A01";"1";"7";"0";"1";"4";"20";"1";""
"202400036448";"155717521";"B01";"3";"7";"0";"2";"3";"13";"1";""
"202400036448";"155717522";"A01";"3";"7";"0";"2";"3";"13";"2";""
"202400036449";"155717519";"A01";"3";"7";"0";"2";"6";"24";"1";""
"202400036449";"155717520";"B01";"3";"43";"1";"0";"2";"11";"1";""
"202400036450";"155717518";"A01";"3";"1";"0";"0";"9";"0";"5";""
"202400036451";"155717516";"A01";"1";"15";"0";"2";"1";"1";"1";""
"202400036451";"155717517";"B01";"1";"7";"0";"0";"4";"1";"1";""
"202400036452";"155717514";"A01";"3";"7";"0";"2";"2";"16";"1";""
"202400036452";"155717515";"B01";"3";"34";"0";"2";"7";"1";"3";""
"202400036453";"155717512";"B01";"0";"31";"0";"2";"1";"1";"1";""
"202400036453";"155717513";"A01";"0";"7";"0";"2";"5";"11";"1";""
"202400036454";"155717510";"B01";"3";"30";"0";"0";"1";"1";"1";""
"202400036454";"155717511";"A01";"3";"7";"0";"2";"8";"9";"1";""
"202400036455";"155717509";"A01";"3";"7";"1";"2";"2";"26";"1";""
"202400036456";"155717504";"B01";"1";"32";"0";"2";"1";"1";"1";""
"202400036456";"155717508";"A01";"1";"7";"0";"2";"2";"19";"1";""
"202400036457";"155717505";"B01";"1";"10";"0";"2";"3";"1";"1";""
"202400036457";"155717507";"A01";"1";"33";"0";"2";"1";"26";"1";""
"202400036458";"155717503";"A01";"1";"14";"5";"0";"2";"0";"1";""
"202400036459";"155717502";"A01";"1";"7";"0";"0";"1";"26";"1";""
"202400036460";"155717506";"A01";"1";"30";"16";"0";"1";"26";"1";""
"202400036461";"155717500";"A01";"0";"7";"8";"0";"1";"5";"1";""
"202400036462";"155717499";"A01";"1";"7";"0";"2";"8";"23";"1";""
"202400036462";"155717501";"B01";"1";"7";"14";"2";"7";"17";"1";""
"202400036463";"155717498";"A01";"1";"10";"6";"0";"1";"1";"1";""
"202400036464";"155717496";"A01";"1";"14";"0";"0";"0";"0";"1";""
"202400036464";"155717497";"B01";"1";"7";"0";"2";"1";"2";"1";""
"202400036465";"155717493";"A01";"1";"7";"0";"2";"1";"2";"1";""
"202400036465";"155717494";"B01";"1";"7";"0";"1";"4";"2";"1";""
"202400036466";"155717491";"B01";"2";"50";"0";"2";"1";"1";"3";""
"202400036466";"155717495";"A01";"1";"7";"0";"9";"3";"1";"1";""
"202400036467";"155717490";"A01";"3";"1";"0";"2";"1";"2";"5";""
"202400036467";"155717492";"B01";"3";"7";"0";"9";"5";"16";"1";""
"202400036468";"155717489";"A01";"1";"33";"0";"6";"0";"19";"1";""
"202400036469";"155717486";"A01";"1";"7";"0";"0";"3";"22";"1";""
"202400036469";"155717487";"B01";"1";"1";"1";"0";"8";"1";"5";""
"202400036470";"155717484";"Z01";"1";"7";"0";"2";"7";"15";"1";""
"202400036470";"155717488";"A01";"2";"32";"0";"2";"2";"26";"1";""
"202400036471";"155717483";"A01";"3";"7";"0";"9";"2";"16";"1";""
"202400036471";"155717485";"B01";"0";"1";"0";"2";"1";"16";"5";""
"202400036472";"155717481";"A01";"2";"7";"0";"9";"2";"1";"1";""
"202400036472";"155717482";"B01";"2";"60";"0";"2";"8";"11";"5";""
"202400036473";"155717479";"A01";"2";"7";"6";"0";"1";"1";"1";""
"202400036474";"155717480";"A01";"1";"7";"0";"1";"3";"1";"1";""
"202400036475";"155717478";"A01";"3";"31";"0";"0";"0";"5";"1";""
"202400036476";"155717476";"A01";"1";"33";"0";"0";"4";"15";"1";""
"202400036476";"155717477";"B01";"1";"10";"0";"0";"2";"2";"1";""
"202400036477";"155717475";"A01";"2";"10";"2";"0";"1";"1";"1";""
"202400036478";"155717471";"A01";"1";"7";"0";"2";"1";"1";"1";""
"202400036478";"155717473";"B01";"2";"7";"0";"2";"6";"1";"1";""
"202400036478";"155717474";"C01";"2";"37";"0";"2";"1";"1";"1";"3"
"202400036479";"155717469";"A01";"2";"7";"0";"0";"4";"1";"1";""
"202400036479";"155717472";"B01";"2";"7";"0";"0";"1";"1";"1";""
"202400036480";"155717468";"A01";"2";"31";"0";"2";"1";"17";"1";""
"202400036480";"155717470";"B01";"2";"10";"0";"0";"8";"15";"1";""
"202400036481";"155717465";"A01";"1";"7";"0";"0";"0";"0";"3";""
"202400036482";"155717464";"A01";"1";"7";"0";"2";"1";"15";"1";""
"202400036482";"155717467";"B01";"2";"1";"0";"2";"7";"0";"5";""
"202400036483";"155717463";"A01";"0";"2";"0";"2";"7";"1";"1";""
"202400036483";"155717466";"B01";"1";"7";"0";"2";"3";"9";"1";""
"202400036484";"155717458";"A01";"3";"7";"0";"2";"3";"1";"1";""