"Num_Acc";"id_vehicule";"num_veh";"senc";"catv";"obs";"obsm";"choc";"manv";"motor";"occutc"
"202400036484";"155717459";"B01";"3";"1";"0";"2";"7";"1";"5";""
"202400036485";"155717457";"A01";"2";"7";"0";"2";"3";"1";"1";""
"202400036485";"155717460";"B01";"2";"7";"0";"2";"2";"13";"1";""
"202400036486";"155717454";"A01";"2";"7";"0";"2";"8";"11";"1";""
"202400036486";"155717455";"B01";"2";"33";"0";"2";"2";"1";"1";""
"202400036487";"155717452";"B01";"2";"32";"0";"2";"1";"1";"1";""
"202400036487";"155717453";"A01";"1";"7";"0";"2";"1";"15";"1";""
"202400036488";"155717451";"A01";"1";"7";"3";"0";"2";"1";"1";""
"202400036489";"155717456";"A01";"1";"10";"0";"0";"1";"2";"1";""
"202400036490";"155717448";"B01";"2";"10";"0";"2";"4";"2";"1";""
"202400036490";"155717450";"A01";"2";"10";"0";"2";"1";"2";"1";""
"202400036491";"155717447";"B01";"1";"32";"0";"2";"1";"17";"1";""
"202400036491";"155717449";"A01";"1";"7";"0";"2";"3";"10";"1";""
"202400036492";"155717445";"B01";"2";"7";"0";"2";"4";"2";"1";""
"202400036492";"155717446";"A01";"2";"10";"0";"2";"1";"2";"1";""
"202400036493";"155717443";"A01";"2";"7";"0";"2";"3";"5";"1";""
"202400036493";"155717444";"B01";"1";"7";"0";"2";"1";"1";"1";""
"202400036494";"155717439";"B01";"1";"7";"0";"2";"4";"1";"1";""
"202400036494";"155717440";"C01";"1";"7";"0";"2";"4";"1";"1";""
"202400036494";"155717441";"A01";"1";"7";"0";"2";"1";"9";"1";""
"202400036495";"155717438";"B01";"3";"80";"0";"9";"1";"0";"3";""
"202400036495";"155717442";"A01";"3";"1";"0";"9";"1";"5";"5";""
"202400036496";"155717436";"A01";"2";"33";"0";"2";"8";"11";"1";""
"202400036496";"155717437";"B01";"2";"31";"0";"2";"7";"3";"1";""
"202400036497";"155717433";"B01";"2";"17";"0";"0";"4";"1";"1";""
"202400036497";"155717434";"A01";"2";"7";"0";"0";"1";"1";"1";""
"202400036498";"155717430";"A01";"2";"15";"0";"2";"2";"1";"1";""
"202400036498";"155717431";"B01";"2";"7";"0";"2";"8";"11";"1";""
"202400036499";"155717432";"A01";"2";"7";"0";"2";"2";"20";"1";""
"202400036499";"155717435";"B01";"1";"1";"0";"2";"1";"1";"5";""
"202400036500";"155717428";"A01";"0";"7";"0";"9";"8";"22";"1";""
"202400036500";"155717429";"B01";"0";"1";"1";"0";"1";"1";"5";""
"202400036501";"155717426";"B01";"1";"7";"0";"2";"6";"9";"1";""
"202400036501";"155717427";"A01";"1";"43";"0";"2";"2";"1";"1";""
"202400036502";"155717422";"A01";"1";"7";"0";"2";"6";"1";"2";""
"202400036502";"155717424";"Z01";"1";"10";"0";"2";"0";"0";"0";""
"202400036503";"155717421";"A01";"1";"38";"0";"1";"5";"15";"0";"2"
"202400036504";"155717418";"Z01";"1";"7";"0";"2";"0";"0";"0";""
"202400036504";"155717420";"A01";"1";"33";"0";"2";"8";"3";"1";""
"202400036505";"155717416";"A01";"1";"7";"0";"2";"3";"13";"1";""
"202400036505";"155717417";"B01";"2";"7";"0";"2";"3";"13";"1";""
"202400036506";"155717414";"A01";"1";"31";"0";"2";"7";"3";"1";""
"202400036506";"155717415";"B01";"1";"10";"0";"2";"8";"1";"1";""
"202400036507";"155717419";"B01";"2";"7";"0";"2";"3";"15";"1";""
"202400036507";"155717423";"A01";"2";"50";"0";"2";"0";"11";"3";""
"202400036508";"155717411";"A01";"1";"7";"0";"2";"5";"21";"1";""
"202400036508";"155717413";"B01";"1";"7";"0";"2";"3";"1";"1";""
"202400036509";"155717409";"B01";"3";"50";"0";"2";"1";"1";"3";""
"202400036509";"155717412";"A01";"3";"7";"0";"2";"3";"15";"1";""
"202400036510";"155717408";"A01";"1";"7";"0";"2";"3";"1";"1";""
"202400036510";"155717410";"B01";"3";"7";"0";"0";"8";"15";"1";""
"202400036511";"155717406";"A01";"2";"33";"0";"2";"2";"1";"1";""
"202400036511";"155717407";"B01";"2";"7";"0";"2";"3";"11";"1";""
"202400036512";"155717404";"A01";"1";"7";"0";"1";"1";"1";"1";""
"202400036513";"155717402";"B01";"2";"1";"0";"2";"1";"1";"5";""
"202400036513";"155717405";"A01";"1";"7";"0";"9";"6";"19";"1";""
"202400036514";"155717401";"B01";"2";"7";"0";"2";"5";"12";"1";""
"202400036514";"155717403";"A01";"2";"33";"0";"2";"1";"3";"1";""
"202400036515";"155717398";"A01";"1";"7";"13";"0";"3";"1";"1";""
"202400036516";"155717400";"B01";"1";"7";"0";"1";"5";"1";"1";""
"202400036517";"155717397";"A01";"2";"7";"0";"2";"3";"2";"1";""
"202400036517";"155717399";"B01";"2";"7";"0";"0";"5";"2";"1";""
"202400036518";"155717394";"A01";"1";"7";"0";"1";"1";"1";"1";""
"202400036519";"155717393";"A01";"1";"31";"0";"2";"4";"1";"1";""
"202400036519";"155717396";"Z01";"1";"7";"0";"2";"0";"0";"0";""
"202400036520";"155717392";"B01";"2";"15";"0";"2";"1";"1";"1";""
"202400036520";"155717395";"A01";"2";"3";"0";"2";"3";"9";"1";""
"202400036521";"155717389";"A01";"2";"32";"0";"0";"0";"9";"1";""
"202400036522";"155717387";"B01";"3";"7";"0";"9";"3";"15";"1";""
"202400036522";"155717391";"A01";"2";"80";"0";"2";"1";"1";"3";""
"202400036523";"155717386";"A01";"2";"33";"0";"2";"3";"3";"1";""
"202400036523";"155717388";"B01";"2";"10";"0";"2";"7";"12";"1";""
"202400036523";"155717390";"C01";"2";"7";"0";"2";"6";"1";"1";""
"202400036524";"155717382";"A01";"2";"7";"0";"0";"3";"19";"1";""
"202400036524";"155717385";"B01";"2";"7";"0";"2";"2";"1";"1";""
"202400036525";"155717381";"A01";"1";"7";"0";"2";"7";"15";"1";""
"202400036525";"155717383";"B01";"2";"1";"0";"2";"1";"1";"5";""
"202400036526";"155717378";"A01";"2";"13";"0";"2";"4";"1";"1";""
"202400036526";"155717380";"B01";"2";"13";"0";"2";"4";"1";"1";""
"202400036526";"155717384";"C01";"2";"17";"0";"2";"1";"1";"1";""
"202400036527";"155717377";"B01";"1";"7";"0";"2";"5";"10";"1";""
"202400036527";"155717379";"A01";"2";"7";"0";"2";"2";"1";"1";""
"202400036528";"155717373";"A01";"1";"7";"0";"9";"1";"15";"1";""
"202400036528";"155717376";"B01";"3";"1";"0";"2";"1";"2";"5";""
"202400036529";"155717371";"B01";"1";"7";"0";"2";"1";"1";"1";""
"202400036529";"155717374";"A01";"2";"7";"0";"2";"9";"13";"1";""
"202400036530";"155717372";"B01";"1";"7";"0";"9";"0";"0";"0";""
"202400036530";"155717375";"A01";"1";"1";"0";"2";"0";"0";"5";""
"202400036531";"155717370";"A01";"1";"7";"2";"0";"1";"1";"1";""
"202400036532";"155717367";"A01";"3";"7";"0";"9";"3";"0";"1";""
"202400036532";"155717369";"B01";"3";"60";"0";"2";"1";"1";"5";""
"202400036533";"155717366";"A01";"1";"7";"13";"0";"3";"13";"1";""
"202400036534";"155717364";"A01";"2";"7";"8";"2";"8";"0";"1";""
"202400036534";"155717368";"Z01";"2";"7";"0";"2";"0";"0";"0";""
"202400036535";"155717361";"A01";"1";"7";"0";"2";"3";"19";"1";""
"202400036535";"155717362";"B01";"1";"15";"0";"2";"2";"1";"1";""
"202400036536";"155717360";"B01";"2";"10";"0";"2";"7";"17";"1";""
"202400036536";"155717363";"C01";"1";"7";"0";"2";"1";"23";"1";""
"202400036536";"155717365";"A01";"2";"7";"0";"2";"1";"1";"1";""
"202400036537";"155717359";"A01";"1";"33";"0";"0";"1";"1";"1";""
"202400036538";"155717358";"A01";"2";"0";"4";"0";"0";"0";"0";""
"202400036539";"155717357";"A01";"1";"10";"6";"0";"3";"13";"1";""
"202400036540";"155717353";"A01";"1";"33";"13";"0";"9";"1";"1";""
"202400036541";"155717349";"B01";"2";"7";"0";"2";"3";"19";"1";""
"202400036541";"155717350";"A01";"3";"10";"0";"2";"1";"19";"1";""
"202400036542";"155717348";"B01";"2";"7";"0";"2";"1";"1";"1";""
"202400036542";"155717354";"A01";"2";"7";"0";"2";"8";"1";"1";""
"202400036543";"155717347";"A01";"3";"7";"0";"1";"2";"1";"1";""
"202400036544";"155717346";"A01";"1";"1";"0";"0";"1";"1";"5";""
"202400036545";"155717343";"C01";"2";"7";"0";"2";"2";"2";"1";""
"202400036545";"155717344";"A01";"2";"33";"0";"2";"9";"17";"1";""
"202400036545";"155717345";"B01";"2";"7";"0";"2";"8";"2";"1";""
"202400036546";"155717340";"B01";"1";"1";"0";"2";"1";"1";"5";""
"202400036546";"155717342";"A01";"2";"10";"0";"2";"2";"15";"1";""
"202400036547";"155717336";"B01";"1";"50";"1";"2";"7";"1";"3";""
"202400036547";"155717339";"A01";"1";"7";"0";"2";"8";"22";"1";""
"202400036548";"155717335";"A01";"2";"7";"0";"2";"2";"1";"1";""
"202400036548";"155717337";"B01";"2";"7";"0";"2";"6";"25";"1";""
"202400036549";"155717331";"B01";"3";"7";"0";"2";"3";"1";"2";""
"202400036549";"155717334";"A01";"3";"7";"0";"2";"1";"1";"2";""
"202400036550";"155717332";"A01";"0";"1";"0";"2";"3";"1";"5";""
"202400036551";"155717330";"A01";"3";"7";"0";"2";"1";"1";"1";""
"202400036551";"155717333";"B01";"3";"7";"0";"2";"4";"1";"2";""
"202400036552";"155717328";"A01";"1";"10";"0";"2";"3";"9";"1";""
"202400036552";"155717329";"B01";"1";"1";"0";"2";"7";"1";"5";""
"202400036553";"155717326";"A01";"1";"38";"0";"1";"7";"16";"1";"1"
"202400036554";"155717324";"B01";"2";"7";"0";"2";"2";"26";"1";""
"202400036554";"155717327";"A01";"1";"10";"0";"2";"1";"26";"1";""
"202400036555";"155717323";"A01";"2";"13";"0";"2";"1";"1";"1";""
"202400036555";"155717325";"B01";"2";"7";"0";"2";"3";"5";"1";""
"202400036556";"155717321";"A01";"1";"50";"0";"1";"1";"1";"3";""
"202400036557";"155717319";"B01";"2";"7";"0";"2";"4";"1";"1";""
"202400036557";"155717322";"A01";"1";"7";"0";"2";"1";"1";"1";""
"202400036558";"155717318";"A01";"3";"2";"0";"2";"7";"9";"1";""
"202400036558";"155717320";"B01";"3";"7";"0";"2";"1";"1";"1";""
"202400036559";"155717317";"A01";"0";"10";"0";"1";"1";"1";"1";""
"202400036560";"155717313";"A01";"1";"7";"0";"2";"4";"4";"1";""
"202400036560";"155717314";"B01";"1";"32";"0";"2";"2";"1";"1";""
"202400036560";"155717316";"C01";"2";"7";"0";"2";"1";"1";"1";""
"202400036561";"155717312";"A01";"3";"30";"0";"0";"3";"1";"1";""
"202400036562";"155717315";"A01";"0";"7";"2";"0";"3";"0";"1";""
"202400036563";"155717311";"A01";"1";"1";"14";"0";"2";"0";"5";""
"202400036564";"155717308";"A01";"2";"7";"0";"2";"7";"15";"1";""
"202400036564";"155717310";"B01";"1";"1";"0";"2";"1";"1";"5";""
"202400036565";"155717307";"A01";"0";"50";"0";"2";"1";"1";"3";""
"202400036565";"155717309";"B01";"0";"7";"0";"2";"4";"1";"1";""
"202400036566";"155717306";"A01";"2";"7";"4";"0";"8";"1";"1";""
"202400036567";"155717304";"A01";"2";"10";"3";"0";"2";"1";"1";""
"202400036568";"155717303";"B01";"3";"7";"0";"9";"2";"15";"1";""
"202400036568";"155717305";"A01";"1";"1";"0";"2";"8";"1";"5";""
"202400036569";"155717302";"A01";"3";"7";"0";"1";"3";"1";"1";""
"202400036570";"155717301";"A01";"1";"7";"4";"0";"1";"17";"1";""
"202400036571";"155717295";"A01";"1";"7";"0";"2";"3";"13";"1";""
"202400036571";"155717297";"B01";"2";"38";"0";"2";"3";"1";"1";"1"
"202400036572";"155717294";"B01";"2";"7";"0";"9";"1";"1";"1";""
"202400036572";"155717299";"A01";"3";"60";"0";"2";"0";"19";"5";""
"202400036573";"155717290";"B01";"2";"10";"0";"2";"1";"1";"1";""
"202400036573";"155717293";"A01";"1";"10";"0";"2";"1";"1";"1";""
"202400036574";"155717291";"A01";"2";"7";"0";"2";"3";"20";"1";""
"202400036574";"155717292";"B01";"2";"7";"0";"2";"2";"1";"1";""
"202400036575";"155717287";"B01";"2";"13";"0";"2";"4";"24";"0";""
"202400036575";"155717288";"A01";"2";"7";"1";"2";"1";"1";"1";""
"202400036576";"155717283";"B01";"1";"7";"0";"2";"1";"1";"1";""
"202400036576";"155717286";"A01";"2";"7";"0";"2";"1";"5";"1";""
"202400036577";"155717282";"A01";"0";"7";"13";"0";"1";"1";"1";""
"202400036578";"155717281";"B01";"2";"10";"0";"2";"3";"26";"1";""
"202400036578";"155717284";"A01";"2";"33";"0";"2";"2";"15";"1";""
"202400036579";"155717278";"A01";"0";"1";"0";"2";"1";"1";"5";""
"202400036579";"155717280";"B01";"0";"2";"0";"9";"1";"1";"1";""
"202400036580";"155717277";"A01";"1";"33";"0";"0";"1";"1";"1";""
"202400036581";"155717275";"A01";"1";"7";"0";"2";"2";"15";"1";""
"202400036581";"155717276";"C01";"2";"7";"0";"2";"3";"23";"2";""
"202400036581";"155717279";"B01";"1";"7";"0";"2";"6";"1";"3";""
"202400036582";"155717271";"B01";"1";"33";"0";"2";"2";"13";"1";""
"202400036582";"155717273";"A01";"1";"7";"0";"2";"3";"10";"1";""
"202400036583";"155717269";"D01";"1";"10";"0";"0";"4";"2";"1";""
"202400036583";"155717270";"A01";"1";"10";"0";"2";"1";"2";"1";""
"202400036583";"155717272";"B01";"1";"7";"0";"2";"4";"2";"3";""
"202400036583";"155717274";"C01";"1";"7";"0";"2";"4";"2";"3";""
"202400036584";"155717268";"A01";"3";"7";"0";"1";"1";"0";"1";""
"202400036585";"155717265";"B01";"1";"1";"0";"2";"7";"1";"5";""
"202400036585";"155717267";"A01";"1";"7";"0";"2";"3";"9";"1";""
"202400036586";"155717263";"A01";"3";"33";"0";"2";"1";"1";"1";""
"202400036586";"155717266";"B01";"3";"10";"0";"2";"6";"9";"1";""
"202400036587";"155717261";"A01";"2";"7";"0";"2";"2";"1";"1";""
"202400036587";"155717264";"B01";"1";"7";"0";"2";"2";"20";"1";""
"202400036588";"155717260";"B01";"3";"7";"0";"2";"1";"2";"1";""
"202400036588";"155717262";"A01";"3";"7";"0";"2";"1";"14";"1";""
"202400036589";"155717256";"B01";"1";"7";"0";"2";"3";"1";"1";""
"202400036589";"155717259";"A01";"2";"7";"0";"2";"2";"15";"1";""
"202400036590";"155717257";"A01";"2";"10";"0";"0";"9";"1";"1";""
"202400036591";"155717255";"B01";"1";"7";"0";"2";"1";"12";"1";""
"202400036591";"155717258";"A01";"1";"33";"0";"2";"9";"3";"1";""
"202400036592";"155717251";"A01";"1";"40";"0";"1";"1";"0";"3";""
"202400036593";"155717253";"A01";"2";"30";"0";"2";"1";"1";"1";""
"202400036593";"155717254";"B01";"3";"7";"0";"2";"3";"15";"1";""
"202400036594";"155717252";"A01";"2";"31";"0";"0";"0";"1";"1";""
"202400036595";"155717249";"A01";"1";"7";"0";"2";"5";"15";"1";""
"202400036595";"155717250";"B01";"2";"7";"0";"2";"3";"1";"1";""
"202400036596";"155717248";"A01";"1";"7";"0";"1";"1";"1";"1";""
"202400036597";"155717245";"A01";"1";"7";"13";"0";"1";"14";"1";""
"202400036598";"155717246";"A01";"1";"10";"0";"1";"3";"1";"1";""
"202400036599";"155717243";"B01";"1";"7";"0";"2";"4";"1";"1";""
"202400036599";"155717247";"A01";"1";"7";"0";"2";"2";"1";"1";""
"202400036600";"155717241";"A01";"2";"7";"0";"2";"5";"16";"1";""
"202400036600";"155717244";"B01";"2";"1";"0";"2";"3";"1";"5";""
"202400036601";"155717240";"A01";"1";"7";"0";"2";"1";"9";"1";""
"202400036601";"155717242";"B01";"2";"50";"0";"2";"4";"1";"3";""
"202400036602";"155717239";"A01";"3";"50";"0";"0";"0";"1";"3";""
"202400036603";"155717237";"A01";"0";"7";"0";"2";"0";"1";"1";""
"202400036603";"155717238";"B01";"0";"80";"0";"2";"1";"1";"3";""
"202400036604";"155717236";"Z01";"0";"30";"0";"1";"1";"25";"1";""
"202400036605";"155717234";"Z01";"1";"30";"0";"1";"1";"1";"1";""
"202400036606";"155717232";"A01";"2";"7";"0";"2";"1";"13";"1";""
"202400036606";"155717235";"B01";"1";"7";"0";"2";"1";"1";"1";""
"202400036607";"155717231";"A01";"0";"7";"0";"2";"1";"15";"2";""
"202400036607";"155717233";"B01";"1";"2";"0";"2";"7";"17";"1";""
"202400036608";"155717229";"A01";"1";"7";"0";"2";"2";"15";"0";""
"202400036608";"155717230";"B01";"1";"50";"0";"2";"1";"1";"3";""
"202400036609";"155717227";"A01";"1";"7";"0";"2";"2";"14";"1";""
"202400036609";"155717228";"B01";"1";"7";"0";"2";"2";"1";"1";""
"202400036610";"155717226";"A01";"3";"33";"2";"0";"1";"1";"1";""
"202400036611";"155717223";"A01";"2";"2";"0";"2";"4";"16";"1";""
"202400036611";"155717225";"B01";"1";"14";"0";"2";"8";"1";"0";""
"202400036612";"155717222";"A01";"1";"1";"15";"0";"7";"1";"5";""
"202400036613";"155717220";"A01";"1";"7";"0";"2";"5";"0";"1";""
"202400036613";"155717224";"B01";"1";"7";"0";"2";"8";"0";"1";""
"202400036614";"155717218";"A01";"3";"7";"0";"2";"3";"15";"1";""
"202400036614";"155717221";"B01";"1";"7";"0";"2";"1";"1";"1";""
"202400036615";"155717214";"A01";"1";"7";"0";"2";"3";"9";"1";""
"202400036615";"155717217";"B01";"2";"32";"0";"2";"1";"1";"1";""
"202400036616";"155717215";"A01";"0";"7";"0";"0";"7";"12";"1";""
"202400036616";"155717219";"B01";"0";"13";"0";"2";"3";"1";"1";""
"202400036617";"155717213";"A01";"0";"10";"0";"2";"1";"2";"1";""
"202400036617";"155717216";"B01";"0";"10";"0";"2";"4";"2";"1";""
"202400036618";"155717212";"A01";"3";"10";"0";"1";"2";"1";"1";""
"202400036619";"155717209";"A01";"3";"31";"0";"2";"1";"2";"1";""
"202400036619";"155717211";"B01";"3";"7";"0";"2";"4";"2";"1";""
"202400036620";"155717205";"B01";"1";"7";"0";"9";"2";"15";"3";""
"202400036620";"155717206";"A01";"2";"50";"0";"2";"1";"1";"3";""
"202400036621";"155717204";"A01";"1";"15";"0";"0";"6";"2";"1";""
"202400036621";"155717210";"B01";"1";"10";"0";"2";"2";"11";"1";""
"202400036622";"155717202";"A01";"1";"7";"0";"2";"3";"13";"1";""
"202400036622";"155717203";"B01";"2";"7";"0";"2";"3";"1";"1";""
"202400036623";"155717201";"A01";"1";"7";"0";"0";"1";"0";"1";""
"202400036624";"155717200";"A01";"0";"15";"0";"1";"1";"26";"1";""
"202400036625";"155717199";"A01";"1";"7";"12";"0";"3";"13";"1";""
"202400036626";"155717198";"A01";"0";"7";"0";"1";"4";"26";"1";""
"202400036627";"155717196";"B01";"1";"33";"0";"0";"1";"13";"1";""
"202400036627";"155717197";"A01";"0";"7";"0";"0";"3";"26";"1";""
"202400036628";"155717194";"A01";"3";"10";"2";"0";"1";"2";"0";""
"202400036629";"155717195";"A01";"3";"7";"0";"1";"2";"16";"1";""
"202400036630";"155717193";"A01";"1";"17";"3";"0";"3";"13";"1";""
"202400036631";"155717192";"A01";"2";"7";"0";"1";"1";"1";"1";""
"202400036632";"155717190";"A01";"1";"7";"0";"9";"2";"16";"1";""
"202400036632";"155717191";"B01";"1";"50";"0";"2";"2";"0";"3";""
"202400036633";"155717187";"B01";"2";"7";"0";"2";"4";"1";"3";""
"202400036633";"155717189";"A01";"2";"7";"0";"2";"1";"2";"1";""
"202400036634";"155717186";"B01";"2";"33";"0";"2";"1";"1";"1";""
"202400036634";"155717188";"A01";"1";"7";"0";"2";"2";"15";"1";""
"202400036635";"155717185";"A01";"2";"7";"0";"1";"8";"1";"1";""
"202400036636";"155717182";"A01";"1";"10";"0";"2";"1";"1";"1";""
"202400036636";"155717184";"B01";"1";"7";"0";"2";"4";"1";"1";""
"202400036637";"155717180";"A01";"1";"7";"0";"2";"7";"16";"1";""
"202400036637";"155717183";"B01";"1";"50";"0";"2";"1";"1";"3";""
"202400036638";"155717179";"B01";"1";"33";"0";"2";"2";"0";"1";""
"202400036638";"155717181";"A01";"1";"7";"0";"2";"3";"15";"1";""
"202400036639";"155717177";"A01";"1";"7";"0";"2";"7";"12";"1";""
"202400036639";"155717178";"B01";"1";"33";"0";"2";"8";"1";"1";""
"202400036640";"155717176";"A01";"3";"7";"0";"2";"1";"20";"1";""
"202400036641";"155717175";"A01";"3";"10";"0";"1";"2";"1";"1";""
"202400036642";"155717173";"A01";"2";"7";"2";"0";"1";"1";"1";""
"202400036643";"155717172";"A01";"1";"17";"0";"2";"2";"1";"1";""
"202400036643";"155717174";"B01";"1";"7";"0";"2";"8";"9";"2";""
"202400036644";"155717169";"A01";"1";"7";"0";"1";"2";"26";"2";""
"202400036645";"155717167";"A01";"2";"7";"0";"2";"1";"16";"1";""
"202400036645";"155717171";"B01";"3";"1";"0";"2";"7";"19";"5";""
"202400036646";"155717165";"A01";"1";"10";"0";"2";"3";"14";"1";""
"202400036646";"155717166";"B01";"1";"7";"0";"2";"1";"1";"1";""
"202400036646";"155717168";"C01";"1";"7";"0";"2";"1";"2";"1";""
"202400036646";"155717170";"D01";"1";"7";"0";"2";"4";"1";"1";""
"202400036647";"155717162";"B01";"2";"33";"0";"2";"0";"0";"1";""
"202400036647";"155717164";"A01";"2";"7";"0";"2";"6";"2";"1";""
"202400036648";"155717159";"A01";"1";"7";"0";"2";"1";"1";"1";""
"202400036648";"155717161";"B01";"1";"7";"0";"2";"4";"1";"1";""
"202400036649";"155717158";"B01";"1";"7";"0";"2";"2";"15";"1";""
"202400036649";"155717160";"A01";"2";"30";"0";"2";"2";"17";"1";""
"202400036649";"155717163";"C01";"1";"7";"0";"2";"3";"1";"1";""
"202400036650";"155717155";"B01";"3";"7";"0";"2";"4";"2";"1";""
"202400036650";"155717157";"A01";"3";"7";"0";"2";"1";"2";"1";""
"202400036651";"155717154";"A01";"1";"7";"0";"2";"8";"11";"3";""
"202400036651";"155717156";"B01";"1";"33";"0";"2";"7";"3";"1";""
"202400036652";"155717153";"A01";"1";"7";"0";"1";"1";"1";"1";""
"202400036653";"155717151";"A01";"3";"1";"0";"0";"0";"1";"5";""
"202400036654";"155717147";"A01";"1";"43";"0";"2";"3";"13";"1";""
"202400036654";"155717149";"B01";"2";"7";"0";"2";"3";"0";"1";""
"202400036655";"155717146";"A01";"3";"7";"0";"2";"3";"22";"1";""
"202400036655";"155717148";"B01";"3";"1";"1";"0";"5";"1";"5";""
"202400036656";"155717143";"A01";"3";"7";"1";"0";"3";"15";"1";""
"202400036656";"155717145";"B01";"3";"2";"14";"0";"3";"15";"3";""
"202400036657";"155717141";"A01";"2";"30";"0";"2";"1";"16";"1";""
"202400036657";"155717144";"B01";"1";"7";"0";"2";"1";"1";"1";""
"202400036658";"155717140";"A01";"3";"7";"0";"2";"3";"1";"1";""
"202400036658";"155717142";"B01";"3";"7";"0";"2";"8";"15";"1";""
"202400036659";"155717138";"B01";"1";"7";"0";"2";"6";"2";"1";""
"202400036659";"155717139";"A01";"1";"34";"0";"2";"7";"2";"1";""
"202400036660";"155717136";"A01";"1";"7";"0";"2";"3";"13";"1";""
"202400036660";"155717137";"B01";"2";"7";"0";"2";"3";"21";"1";""
"202400036661";"155717135";"A01";"1";"7";"0";"1";"2";"17";"1";""
"202400036662";"155717132";"A01";"2";"10";"0";"2";"2";"5";"1";""
"202400036662";"155717134";"B01";"1";"10";"0";"2";"2";"1";"1";""
"202400036663";"155717130";"A01";"2";"31";"0";"2";"1";"1";"1";""
"202400036663";"155717131";"B01";"0";"50";"0";"2";"8";"0";"3";""
"202400036664";"155717128";"B01";"1";"10";"0";"2";"1";"1";"1";""
"202400036664";"155717129";"A01";"3";"7";"0";"2";"7";"19";"1";""
"202400036664";"155717133";"C01";"3";"7";"0";"2";"3";"16";"1";""
"202400036665";"155717127";"A01";"1";"7";"0";"1";"1";"1";"3";""
"202400036666";"155717125";"B01";"3";"7";"0";"9";"1";"1";"1";""
"202400036666";"155717126";"A01";"3";"80";"0";"2";"7";"1";"3";""
"202400036667";"155717123";"A01";"1";"7";"0";"1";"3";"26";"1";""
"202400036668";"155717122";"B01";"2";"7";"0";"2";"2";"16";"1";""
"202400036668";"155717124";"A01";"2";"32";"0";"2";"1";"7";"1";""
"202400036669";"155717121";"A01";"0";"7";"7";"0";"1";"1";"1";""
"202400036670";"155717120";"A01";"1";"33";"13";"0";"1";"1";"1";""
"202400036671";"155717119";"A01";"1";"10";"0";"1";"2";"1";"1";""
"202400036672";"155717117";"B01";"1";"7";"0";"2";"6";"15";"2";""
"202400036672";"155717118";"A01";"1";"2";"0";"2";"1";"13";"1";""
"202400036673";"155717116";"A01";"2";"7";"0";"1";"3";"1";"1";""
"202400036674";"155717114";"B01";"1";"33";"0";"2";"1";"1";"1";""
"202400036674";"155717115";"A01";"1";"7";"0";"0";"3";"20";"1";""
"202400036675";"155717112";"A01";"3";"7";"13";"0";"1";"1";"1";""
"202400036676";"155717110";"B01";"1";"7";"4";"2";"4";"17";"1";""
"202400036676";"155717113";"A01";"1";"7";"4";"2";"1";"17";"1";""
"202400036677";"155717109";"B01";"3";"33";"0";"2";"1";"1";"1";""
"202400036677";"155717111";"A01";"3";"1";"0";"2";"1";"15";"5";""
"202400036678";"155717106";"A01";"2";"10";"0";"2";"3";"9";"1";""
"202400036678";"155717108";"B01";"2";"1";"0";"2";"7";"1";"5";""
"202400036679";"155717105";"A01";"2";"33";"0";"2";"3";"21";"1";""
"202400036679";"155717107";"B01";"2";"7";"0";"2";"5";"2";"1";""
"202400036680";"155717103";"B01";"1";"7";"3";"2";"4";"1";"1";""
"202400036680";"155717104";"A01";"1";"33";"3";"2";"1";"2";"1";""
"202400036681";"155717101";"B01";"3";"40";"0";"2";"0";"0";"3";""
"202400036681";"155717102";"A01";"1";"1";"0";"4";"3";"15";"5";""
"202400036682";"155717100";"A01";"2";"7";"0";"1";"3";"1";"1";""
"202400036683";"155717098";"B01";"2";"7";"0";"2";"2";"1";"1";""
"202400036683";"155717099";"A01";"2";"7";"0";"2";"3";"16";"1";""
"202400036684";"155717096";"A01";"0";"7";"0";"1";"1";"1";"1";""
"202400036685";"155717094";"A01";"1";"7";"0";"2";"1";"2";"1";""
"202400036685";"155717095";"B01";"1";"7";"0";"2";"4";"2";"1";""
"202400036685";"155717097";"C01";"1";"7";"0";"2";"4";"2";"1";""
"202400036686";"155717091";"A01";"1";"7";"0";"2";"1";"1";"1";""
"202400036686";"155717093";"B01";"1";"7";"0";"2";"4";"1";"1";""
"202400036687";"155717088";"A01";"1";"7";"0";"2";"1";"13";"1";""
"202400036687";"155717090";"B01";"1";"7";"0";"2";"5";"17";"1";""
"202400036687";"155717092";"C01";"1";"7";"0";"2";"2";"2";"1";""
"202400036688";"155717087";"A01";"2";"10";"0";"2";"2";"2";"1";""
"202400036688";"155717089";"B01";"2";"10";"0";"2";"6";"1";"1";""
"202400036689";"155717085";"A01";"0";"7";"0";"1";"4";"20";"2";""
"202400036690";"155717086";"A01";"1";"10";"0";"1";"1";"1";"1";""
"202400036691";"155717083";"A01";"1";"7";"0";"2";"1";"1";"1";""
"202400036691";"155717084";"B01";"1";"7";"0";"2";"3";"1";"1";""
"202400036692";"155717081";"A01";"3";"10";"0";"1";"1";"1";"0";""
"202400036693";"155717080";"B01";"3";"7";"0";"2";"2";"1";"1";""
"202400036693";"155717082";"A01";"3";"30";"0";"2";"1";"0";"1";""
"202400036694";"155717077";"A01";"2";"7";"0";"2";"1";"5";"1";""
"202400036694";"155717079";"B01";"1";"7";"0";"2";"1";"1";"1";""