"Num_Acc";"id_vehicule";"num_veh";"senc";"catv";"obs";"obsm";"choc";"manv";"motor";"occutc"
"202400036695";"155717076";"B01";"1";"2";"0";"2";"4";"1";"1";""
"202400036695";"155717078";"A01";"1";"7";"0";"2";"1";"1";"1";""
"202400036696";"155717071";"A01";"1";"32";"0";"2";"1";"19";"1";""
"202400036696";"155717075";"B01";"2";"7";"0";"2";"7";"19";"1";""
"202400036697";"155717070";"A01";"3";"7";"0";"2";"1";"1";"1";""
"202400036697";"155717073";"B01";"3";"7";"0";"2";"4";"1";"1";""
"202400036698";"155717072";"A01";"2";"7";"0";"2";"1";"17";"1";""
"202400036698";"155717074";"B01";"2";"10";"0";"2";"3";"15";"1";""
"202400036699";"155717067";"A01";"1";"7";"1";"2";"1";"17";"1";""
"202400036699";"155717069";"B01";"2";"31";"0";"2";"1";"1";"1";""
"202400036700";"155717066";"A01";"1";"7";"0";"1";"1";"1";"1";""
"202400036701";"155717065";"B01";"2";"33";"0";"2";"5";"1";"1";""
"202400036701";"155717068";"A01";"2";"7";"0";"2";"3";"9";"1";""
"202400036702";"155717061";"A01";"2";"33";"0";"0";"7";"1";"1";""
"202400036703";"155717062";"A01";"3";"33";"0";"2";"8";"1";"1";""
"202400036703";"155717064";"B01";"3";"7";"0";"2";"2";"1";"1";""
"202400036704";"155717059";"B01";"3";"7";"0";"2";"9";"2";"1";""
"202400036704";"155717060";"C01";"3";"7";"0";"2";"5";"2";"1";""
"202400036704";"155717063";"A01";"3";"7";"0";"2";"1";"2";"1";""
"202400036705";"155717058";"A01";"0";"7";"0";"1";"1";"20";"1";""
"202400036706";"155717057";"A01";"3";"50";"12";"0";"1";"1";"3";""
"202400036707";"155717056";"A01";"0";"30";"0";"1";"1";"1";"1";""
"202400036708";"155717053";"B01";"2";"33";"0";"2";"1";"1";"1";""
"202400036708";"155717055";"A01";"1";"7";"0";"2";"2";"15";"1";""
"202400036709";"155717052";"A01";"1";"7";"0";"2";"1";"13";"1";""
"202400036709";"155717054";"B01";"2";"7";"0";"2";"1";"1";"1";""
"202400036710";"155717051";"A01";"1";"7";"0";"1";"1";"1";"1";""
"202400036711";"155717049";"Z01";"1";"30";"0";"1";"1";"2";"1";""
"202400036712";"155717048";"A01";"3";"10";"0";"2";"7";"15";"1";""
"202400036712";"155717050";"B01";"3";"33";"0";"2";"1";"1";"1";""
"202400036713";"155717045";"B01";"2";"2";"0";"2";"8";"1";"1";""
"202400036713";"155717046";"A01";"1";"7";"0";"2";"3";"15";"1";""
"202400036714";"155717043";"A01";"1";"7";"0";"1";"3";"16";"1";""
"202400036715";"155717044";"Z01";"1";"7";"0";"1";"1";"1";"0";""
"202400036716";"155717042";"A01";"2";"7";"0";"1";"3";"1";"1";""
"202400036717";"155717039";"A01";"2";"2";"0";"1";"1";"1";"1";""
"202400036718";"155717038";"A01";"2";"7";"0";"2";"1";"2";"1";""
"202400036718";"155717040";"B01";"2";"7";"0";"2";"9";"0";"1";""
"202400036718";"155717041";"C01";"2";"7";"0";"2";"4";"2";"1";""
"202400036719";"155717036";"A01";"3";"7";"0";"2";"1";"1";"1";""
"202400036719";"155717037";"B01";"3";"10";"0";"2";"1";"1";"1";""
"202400036720";"155717034";"A01";"3";"33";"0";"2";"7";"17";"1";""
"202400036720";"155717035";"B01";"3";"10";"0";"2";"8";"1";"1";""
"202400036721";"155717030";"A01";"3";"7";"0";"2";"3";"1";"1";""
"202400036721";"155717032";"B01";"3";"7";"0";"2";"2";"0";"1";""
"202400036722";"155717031";"B01";"2";"7";"0";"2";"2";"2";"1";""
"202400036722";"155717033";"A01";"1";"7";"0";"2";"6";"26";"2";""
"202400036723";"155717029";"A01";"3";"38";"0";"1";"2";"1";"1";"1"
"202400036724";"155717027";"A01";"1";"33";"0";"2";"8";"3";"1";""
"202400036724";"155717028";"B01";"1";"7";"0";"2";"7";"12";"1";""
"202400036725";"155717025";"A01";"2";"7";"0";"2";"3";"2";"1";""
"202400036725";"155717026";"B01";"2";"7";"0";"0";"5";"1";"1";""
"202400036726";"155717021";"A01";"1";"7";"0";"2";"8";"23";"1";""
"202400036726";"155717023";"C01";"3";"7";"0";"2";"7";"23";"2";""
"202400036726";"155717024";"B01";"3";"1";"0";"2";"2";"3";"5";""
"202400036727";"155717022";"A01";"1";"7";"0";"1";"1";"26";"1";""
"202400036728";"155717020";"A01";"1";"32";"12";"0";"3";"16";"1";""
"202400036729";"155717018";"A01";"3";"7";"0";"2";"1";"0";"1";""
"202400036729";"155717019";"B01";"3";"7";"0";"2";"1";"0";"0";""
"202400036730";"155717016";"A01";"1";"34";"0";"2";"1";"1";"3";""
"202400036730";"155717017";"B01";"1";"50";"0";"2";"1";"15";"3";""
"202400036731";"155717015";"A01";"3";"7";"0";"1";"1";"26";"1";""
"202400036732";"155717014";"A01";"1";"7";"0";"1";"2";"1";"2";""
"202400036733";"155717013";"A01";"3";"10";"0";"1";"1";"1";"1";""
"202400036734";"155717012";"A01";"3";"7";"0";"1";"2";"16";"3";""
"202400036735";"155717010";"A01";"1";"7";"0";"2";"1";"2";"2";""
"202400036735";"155717011";"B01";"1";"7";"0";"2";"4";"2";"1";""
"202400036736";"155717008";"A01";"1";"10";"0";"1";"1";"1";"1";""
"202400036737";"155717005";"A01";"1";"7";"0";"1";"3";"1";"1";""
"202400036738";"155717003";"D01";"3";"7";"0";"2";"8";"0";"1";""
"202400036738";"155717004";"A01";"3";"7";"0";"1";"4";"0";"1";""
"202400036738";"155717006";"B01";"3";"7";"0";"2";"6";"0";"1";""
"202400036738";"155717007";"E01";"3";"7";"1";"2";"7";"0";"1";""
"202400036738";"155717009";"C01";"3";"7";"0";"2";"3";"0";"1";""
"202400036739";"155717001";"A01";"1";"10";"0";"2";"2";"1";"1";""
"202400036739";"155717002";"B01";"1";"33";"0";"2";"4";"23";"1";""
"202400036740";"155716999";"B01";"3";"50";"0";"2";"1";"1";"3";""
"202400036740";"155717000";"A01";"0";"7";"0";"2";"3";"26";"1";""
"202400036741";"155716997";"A01";"1";"10";"0";"2";"2";"1";"1";""
"202400036741";"155716998";"B01";"1";"7";"0";"2";"6";"1";"1";""
"202400036742";"155716996";"A01";"2";"7";"15";"0";"1";"13";"1";""
"202400036743";"155716994";"A01";"1";"80";"0";"2";"1";"1";"3";""
"202400036743";"155716995";"B01";"1";"1";"0";"2";"4";"1";"5";""
"202400036744";"155716992";"B01";"1";"7";"0";"2";"1";"13";"1";""
"202400036744";"155716993";"A01";"3";"7";"0";"2";"1";"13";"1";""
"202400036745";"155716991";"A01";"1";"50";"0";"1";"0";"1";"3";""
"202400036746";"155716987";"A01";"2";"30";"0";"2";"1";"2";"1";""
"202400036746";"155716989";"B01";"2";"7";"0";"2";"6";"15";"1";""
"202400036747";"155716985";"A01";"1";"10";"0";"1";"3";"1";"1";""
"202400036748";"155716984";"A01";"2";"7";"0";"2";"1";"15";"0";""
"202400036748";"155716986";"B01";"2";"33";"0";"2";"8";"1";"0";""
"202400036749";"155716983";"A01";"3";"32";"0";"1";"1";"21";"1";""
"202400036750";"155716982";"A01";"2";"7";"0";"1";"2";"16";"1";""
"202400036751";"155716979";"A01";"3";"50";"0";"2";"1";"1";"3";""
"202400036751";"155716981";"Y01";"3";"60";"0";"2";"1";"19";"5";""
"202400036752";"155716974";"E01";"1";"7";"0";"2";"8";"1";"2";""
"202400036752";"155716975";"A01";"1";"33";"0";"2";"1";"3";"1";""
"202400036752";"155716977";"B01";"1";"32";"0";"2";"4";"9";"1";""
"202400036752";"155716978";"C01";"1";"7";"0";"2";"8";"1";"2";""
"202400036752";"155716980";"D01";"1";"7";"0";"2";"8";"1";"2";""
"202400036753";"155716973";"B01";"1";"33";"0";"2";"2";"2";"1";""
"202400036753";"155716976";"A01";"1";"7";"0";"2";"6";"15";"1";""
"202400036754";"155716970";"B01";"1";"33";"0";"2";"3";"1";"1";""
"202400036754";"155716972";"A01";"1";"10";"0";"2";"5";"12";"2";""
"202400036755";"155716969";"B01";"1";"32";"0";"2";"1";"2";"0";""
"202400036755";"155716971";"A01";"1";"32";"0";"2";"8";"10";"0";""
"202400036756";"155716966";"B01";"1";"10";"0";"2";"6";"1";"0";""
"202400036756";"155716968";"A01";"1";"33";"0";"2";"2";"12";"1";""
"202400036757";"155716967";"A01";"1";"7";"0";"2";"1";"26";"1";""
"202400036758";"155716963";"B01";"1";"7";"0";"2";"6";"23";"1";""
"202400036758";"155716965";"A01";"1";"31";"0";"2";"1";"2";"1";""
"202400036759";"155716962";"B01";"3";"30";"0";"2";"4";"23";"1";""
"202400036759";"155716964";"A01";"3";"7";"0";"2";"1";"15";"1";""
"202400036760";"155716958";"A01";"1";"7";"0";"0";"0";"26";"1";""
"202400036760";"155716960";"B01";"1";"33";"0";"2";"0";"17";"1";""
"202400036761";"155716959";"A01";"2";"1";"0";"2";"8";"5";"5";""
"202400036761";"155716961";"B01";"2";"7";"0";"0";"8";"15";"1";""
"202400036762";"155716956";"A01";"1";"2";"0";"1";"1";"3";"1";""
"202400036763";"155716955";"A01";"2";"7";"0";"0";"1";"22";"1";""
"202400036763";"155716957";"B01";"2";"50";"0";"2";"1";"1";"3";""
"202400036764";"155716951";"A01";"0";"32";"0";"2";"1";"17";"3";""
"202400036764";"155716953";"B01";"0";"7";"0";"2";"2";"15";"0";""
"202400036764";"155716954";"C01";"0";"3";"0";"2";"8";"24";"0";""
"202400036765";"155716950";"A01";"1";"7";"0";"2";"2";"17";"1";""
"202400036765";"155716952";"B01";"1";"7";"0";"2";"6";"1";"2";""
"202400036766";"155716947";"B01";"1";"7";"0";"2";"0";"0";"2";""
"202400036766";"155716949";"A01";"1";"14";"0";"2";"2";"1";"1";""
"202400036767";"155716946";"B01";"1";"1";"0";"2";"1";"1";"5";""
"202400036767";"155716948";"A01";"1";"7";"0";"2";"3";"22";"1";""
"202400036768";"155716944";"A01";"1";"99";"0";"2";"8";"13";"1";""
"202400036768";"155716945";"B01";"0";"30";"0";"2";"8";"3";"1";""
"202400036769";"155716943";"A01";"2";"34";"0";"1";"1";"1";"1";""
"202400036770";"155716942";"A01";"2";"7";"0";"1";"2";"16";"1";""
"202400036771";"155716941";"A01";"2";"33";"0";"1";"1";"1";"1";""
"202400036772";"155716939";"B01";"0";"1";"0";"2";"3";"1";"5";""
"202400036772";"155716940";"A01";"0";"10";"0";"2";"1";"11";"1";""
"202400036773";"155716938";"Z01";"2";"30";"0";"1";"1";"1";"1";""
"202400036774";"155716936";"A01";"3";"36";"0";"0";"1";"0";"1";""
"202400036774";"155716937";"B01";"3";"31";"0";"0";"4";"0";"1";""
"202400036775";"155716934";"A01";"1";"14";"0";"1";"2";"16";"1";""
"202400036776";"155716933";"B01";"1";"10";"0";"2";"6";"2";"1";""
"202400036776";"155716935";"A01";"1";"33";"0";"2";"2";"2";"1";""
"202400036777";"155716930";"A01";"2";"7";"0";"2";"2";"1";"1";""
"202400036777";"155716932";"B01";"1";"7";"0";"2";"2";"1";"1";""
"202400036778";"155716929";"A01";"2";"30";"0";"2";"1";"13";"1";""
"202400036778";"155716931";"B01";"1";"10";"0";"2";"8";"1";"1";""
"202400036779";"155716928";"A01";"1";"7";"13";"0";"9";"13";"1";""
"202400036780";"155716926";"A01";"1";"50";"0";"2";"2";"1";"3";""
"202400036780";"155716927";"B01";"1";"7";"0";"2";"3";"1";"2";""
"202400036781";"155716925";"A01";"0";"7";"0";"1";"3";"0";"1";""
"202400036782";"155716924";"A01";"1";"7";"0";"1";"1";"1";"1";""
"202400036783";"155716922";"B01";"1";"10";"0";"2";"2";"1";"1";""
"202400036783";"155716923";"A01";"1";"7";"0";"2";"3";"9";"1";""
"202400036784";"155716921";"B01";"1";"80";"0";"0";"2";"13";"3";""
"202400036785";"155716918";"A01";"2";"7";"1";"9";"3";"22";"1";""
"202400036785";"155716919";"B01";"1";"1";"0";"2";"1";"1";"5";""
"202400036786";"155716915";"A01";"1";"7";"0";"2";"8";"13";"1";""
"202400036786";"155716917";"C01";"2";"7";"0";"2";"1";"1";"1";""
"202400036786";"155716920";"B01";"2";"7";"0";"2";"8";"1";"2";""
"202400036787";"155716916";"A01";"2";"32";"0";"1";"1";"1";"1";""
"202400036788";"155716912";"B01";"1";"30";"0";"2";"1";"13";"1";""
"202400036788";"155716914";"A01";"2";"7";"0";"2";"3";"1";"1";""
"202400036789";"155716911";"B01";"1";"50";"0";"2";"0";"0";"3";""
"202400036789";"155716913";"A01";"1";"7";"0";"2";"2";"16";"1";""
"202400036790";"155716910";"A01";"2";"7";"4";"0";"1";"14";"1";""
"202400036791";"155716909";"A01";"1";"30";"0";"1";"1";"25";"1";""
"202400036792";"155716908";"A01";"2";"7";"13";"0";"1";"17";"1";""
"202400036793";"155716907";"B01";"1";"2";"0";"1";"1";"0";"1";""
"202400036794";"155716905";"B01";"1";"7";"0";"2";"1";"1";"1";""
"202400036794";"155716906";"A01";"2";"7";"2";"2";"7";"13";"1";""
"202400036795";"155716902";"A01";"1";"7";"0";"2";"1";"2";"1";""
"202400036795";"155716903";"B01";"1";"10";"0";"2";"4";"2";"1";""
"202400036796";"155716901";"B01";"2";"7";"0";"2";"3";"1";"1";""
"202400036796";"155716904";"A01";"1";"32";"0";"2";"1";"13";"1";""
"202400036797";"155716898";"A01";"2";"0";"0";"2";"0";"12";"0";""
"202400036797";"155716900";"B01";"2";"32";"0";"2";"8";"2";"1";""
"202400036798";"155716897";"B01";"1";"7";"0";"2";"1";"1";"1";""
"202400036798";"155716899";"A01";"1";"10";"0";"0";"7";"15";"1";""
"202400036799";"155716895";"A01";"2";"33";"0";"2";"0";"2";"1";""
"202400036800";"155716894";"A01";"2";"10";"0";"2";"1";"1";"3";""
"202400036800";"155716896";"B01";"1";"7";"0";"2";"4";"2";"1";""
"202400036801";"155716891";"A01";"3";"7";"0";"2";"3";"1";"1";""
"202400036801";"155716893";"B01";"3";"15";"0";"2";"3";"1";"1";""
"202400036802";"155716890";"A01";"3";"7";"6";"0";"1";"1";"1";""
"202400036803";"155716889";"A01";"2";"7";"0";"2";"1";"1";"1";""
"202400036803";"155716892";"B01";"2";"32";"0";"2";"8";"1";"1";""
"202400036804";"155716886";"A01";"2";"7";"1";"1";"6";"20";"1";""
"202400036805";"155716885";"A01";"1";"7";"0";"9";"2";"17";"1";""
"202400036805";"155716887";"C01";"2";"7";"0";"2";"3";"1";"1";""
"202400036805";"155716888";"B01";"1";"21";"0";"0";"6";"1";"1";""
"202400036806";"155716883";"A01";"3";"7";"0";"1";"1";"1";"3";""
"202400036807";"155716880";"A01";"2";"7";"0";"2";"1";"1";"1";""
"202400036807";"155716882";"B01";"2";"7";"0";"2";"4";"1";"1";""
"202400036808";"155716879";"A01";"2";"10";"0";"2";"3";"5";"1";""
"202400036808";"155716881";"B01";"1";"38";"0";"2";"3";"1";"1";"4"
"202400036808";"155716884";"C01";"1";"7";"0";"2";"3";"1";"1";""
"202400036809";"155716877";"A01";"2";"33";"0";"2";"1";"13";"1";""
"202400036809";"155716878";"B01";"1";"7";"0";"2";"1";"1";"1";""
"202400036810";"155716876";"A01";"1";"7";"0";"0";"9";"1";"1";""
"202400036811";"155716875";"A01";"1";"7";"13";"0";"1";"15";"1";""
"202400036812";"155716873";"A01";"2";"7";"0";"0";"3";"26";"1";""
"202400036812";"155716874";"B01";"1";"7";"0";"2";"3";"1";"1";""
"202400036813";"155716872";"A01";"1";"7";"0";"1";"2";"1";"2";""
"202400036814";"155716871";"A01";"3";"2";"0";"0";"0";"26";"0";""
"202400036815";"155716869";"A01";"1";"7";"8";"2";"7";"15";"1";""
"202400036815";"155716870";"B01";"2";"7";"0";"2";"1";"1";"1";""
"202400036816";"155716867";"A01";"1";"7";"0";"2";"2";"15";"1";""
"202400036816";"155716868";"B01";"2";"7";"0";"2";"1";"1";"1";""
"202400036817";"155716864";"A01";"2";"7";"3";"2";"1";"2";"1";""
"202400036817";"155716865";"B01";"2";"17";"0";"2";"4";"1";"1";""
"202400036818";"155716863";"A01";"2";"7";"0";"2";"1";"9";"1";""
"202400036818";"155716866";"B01";"1";"33";"0";"2";"1";"17";"1";""
"202400036819";"155716862";"A01";"1";"7";"0";"1";"3";"1";"1";""
"202400036820";"155716860";"B01";"3";"7";"0";"2";"2";"9";"1";""
"202400036820";"155716861";"A01";"3";"2";"0";"0";"6";"1";"3";""
"202400036821";"155716858";"B01";"2";"15";"0";"2";"3";"21";"1";""
"202400036821";"155716859";"A01";"1";"7";"0";"2";"3";"13";"1";""
"202400036822";"155716856";"A01";"1";"32";"0";"2";"7";"17";"1";""
"202400036822";"155716857";"B01";"2";"7";"0";"2";"8";"9";"1";""
"202400036823";"155716855";"A01";"0";"7";"0";"1";"1";"0";"1";""
"202400036824";"155716854";"A01";"3";"7";"0";"1";"1";"1";"2";""
"202400036825";"155716853";"A01";"1";"10";"1";"0";"1";"14";"1";""
"202400036826";"155716850";"A01";"2";"7";"0";"2";"1";"1";"1";""
"202400036826";"155716852";"B01";"1";"7";"0";"2";"1";"1";"1";""
"202400036827";"155716849";"A01";"1";"33";"0";"0";"7";"16";"1";""
"202400036828";"155716848";"A01";"1";"7";"0";"2";"3";"13";"1";""
"202400036828";"155716851";"B01";"2";"7";"0";"2";"3";"21";"1";""
"202400036829";"155716846";"A01";"2";"33";"8";"0";"1";"26";"1";""
"202400036830";"155716845";"A01";"1";"10";"0";"2";"1";"13";"1";""
"202400036830";"155716847";"B01";"2";"7";"0";"2";"1";"1";"1";""
"202400036831";"155716843";"A01";"2";"7";"0";"1";"1";"16";"1";""
"202400036832";"155716842";"A01";"0";"7";"0";"9";"2";"1";"1";""
"202400036832";"155716844";"B01";"2";"1";"0";"2";"8";"19";"5";""
"202400036833";"155716839";"A01";"2";"7";"0";"2";"0";"13";"1";""
"202400036833";"155716840";"B01";"1";"33";"0";"2";"1";"1";"1";""
"202400036834";"155716838";"B01";"2";"7";"0";"2";"2";"1";"1";""
"202400036834";"155716841";"A01";"1";"7";"0";"2";"8";"15";"1";""
"202400036835";"155716835";"B01";"2";"33";"0";"2";"1";"1";"1";""
"202400036835";"155716836";"A01";"2";"7";"0";"2";"8";"9";"3";""
"202400036836";"155716834";"B01";"2";"7";"0";"2";"8";"19";"1";""
"202400036836";"155716837";"A01";"1";"7";"0";"2";"1";"1";"1";""
"202400036837";"155716831";"B01";"3";"60";"0";"2";"1";"19";"5";""
"202400036837";"155716833";"A01";"3";"7";"0";"2";"3";"1";"2";""
"202400036838";"155716830";"A01";"2";"7";"0";"0";"0";"1";"1";""
"202400036838";"155716832";"C01";"1";"7";"0";"2";"3";"1";"1";""
"202400036839";"155716828";"A01";"1";"7";"0";"1";"1";"1";"1";""
"202400036840";"155716827";"B01";"1";"7";"0";"2";"3";"9";"1";""
"202400036840";"155716829";"A01";"1";"1";"0";"2";"7";"1";"5";""
"202400036841";"155716825";"A01";"2";"7";"0";"6";"1";"1";"1";""
"202400036842";"155716824";"A01";"2";"7";"0";"2";"6";"1";"1";""
"202400036842";"155716826";"B01";"2";"15";"0";"2";"2";"12";"1";""
"202400036843";"155716821";"B01";"1";"7";"0";"2";"3";"9";"1";""
"202400036843";"155716823";"A01";"1";"2";"0";"2";"1";"1";"1";""
"202400036844";"155716820";"A01";"2";"10";"0";"2";"1";"2";"1";""
"202400036844";"155716822";"B01";"2";"15";"0";"2";"4";"2";"1";""
"202400036845";"155716819";"A01";"1";"7";"0";"0";"7";"1";"1";""
"202400036846";"155716817";"A01";"2";"33";"0";"2";"1";"3";"1";""
"202400036846";"155716818";"B01";"2";"10";"0";"2";"4";"11";" -1";""
"202400036847";"155716815";"A01";"1";"31";"0";"2";"1";"1";"1";""
"202400036847";"155716816";"B01";"2";"7";"0";"2";"1";"17";"1";""
"202400036848";"155716813";"A01";"1";"17";"0";"2";"4";"1";"1";""
"202400036848";"155716814";"B01";"1";"10";"0";"2";"1";"1";"1";""
"202400036849";"155716811";"B01";"2";"33";"0";"2";"1";"1";"1";""
"202400036849";"155716812";"A01";"1";"7";"0";"2";"7";"15";"1";""
"202400036850";"155716809";"A01";"1";"7";"0";"2";"1";"2";"1";""
"202400036850";"155716810";"B01";"1";"7";"0";"2";"4";"2";"1";""
"202400036851";"155716807";"A01";"2";"7";"0";"2";"3";"15";"1";""
"202400036851";"155716808";"B01";"1";"7";"0";"2";"3";"1";"1";""
"202400036852";"155716805";"A01";"2";"7";"4";"2";"8";"11";"1";""
"202400036852";"155716806";"B01";"2";"33";"4";"2";"2";"1";"1";""
"202400036853";"155716803";"A01";"1";"7";"0";"2";"3";"13";"1";""
"202400036853";"155716804";"B01";"2";"7";"0";"2";"3";"14";"2";""
"202400036854";"155716800";"B01";"1";"10";"0";"2";"2";"21";"1";""
"202400036854";"155716801";"A01";"1";"7";"0";"2";"6";"2";"1";""
"202400036854";"155716802";"C01";"1";"33";"0";"2";"7";"2";"1";""
"202400036855";"155716796";"A01";"2";"33";"0";"2";"2";"3";"1";""
"202400036855";"155716798";"B01";"2";"7";"0";"2";"3";"13";"1";""
"202400036856";"155716794";"A01";"1";"14";"0";"2";"1";"13";"1";""
"202400036856";"155716795";"B01";"2";"10";"0";"2";"1";"1";"1";""
"202400036856";"155716797";"C01";"2";"7";"0";"2";"1";"1";"1";""
"202400036856";"155716799";"D01";"2";"10";"0";"2";"1";"1";"1";""
"202400036857";"155716791";"A01";"2";"10";"0";"2";"1";"2";"1";""
"202400036857";"155716792";"B01";"2";"7";"0";"2";"4";"0";"1";""
"202400036857";"155716793";"C01";"2";"7";"0";"2";"4";"0";"1";""
"202400036858";"155716790";"A01";"1";"7";"0";"0";"2";"17";"1";""
"202400036859";"155716788";"A01";"1";"7";"3";"0";"3";"0";"1";""
"202400036860";"155716785";"A01";"2";"7";"0";"2";"1";"1";"1";""
"202400036860";"155716787";"B01";"2";"7";"0";"2";"4";"1";"1";""
"202400036860";"155716789";"C01";"2";"7";"0";"2";"4";"1";"1";""
"202400036861";"155716783";"A01";"1";"7";"0";"2";"4";"15";"1";""
"202400036861";"155716784";"B01";"1";"15";"0";"2";"3";"2";"1";""
"202400036861";"155716786";"C01";"1";"7";"0";"2";"1";"2";"1";""
"202400036862";"155716781";"B01";"2";"7";"0";"2";"4";"2";"1";""
"202400036862";"155716782";"A01";"2";"14";"0";"2";"1";"2";"1";""
"202400036863";"155716778";"A01";"1";"32";"0";"2";"1";"2";"1";""
"202400036863";"155716779";"B01";"1";"7";"0";"0";"4";"23";"1";""
"202400036864";"155716776";"B01";"1";"15";"0";"2";"5";"15";"1";""
"202400036864";"155716777";"C01";"1";"15";"0";"2";"3";"1";"1";""
"202400036864";"155716780";"A01";"1";"7";"3";"2";"3";"17";"1";""
"202400036865";"155716775";"A01";"1";"7";"0";"1";"1";"1";"0";""
"202400036866";"155716772";"A01";"1";"10";"0";"2";"8";"15";"1";""
"202400036866";"155716774";"B01";"2";"32";"0";"2";"3";"17";"1";""
"202400036867";"155716771";"B01";"2";"1";"0";"2";"3";"23";"5";""
"202400036867";"155716773";"A01";"2";"7";"0";"2";"2";"14";"1";""
"202400036868";"155716769";"A01";"1";"1";"1";"0";"1";"21";"5";""
"202400036869";"155716767";"B01";"1";"33";"0";"2";"8";"3";"1";""
"202400036869";"155716768";"C01";"1";"7";"0";"2";"8";"1";"1";""
"202400036869";"155716770";"A01";"1";"7";"0";"2";"7";"12";"1";""
"202400036870";"155716765";"A01";"1";"34";"0";"2";"1";"2";"1";""
"202400036870";"155716766";"B01";"1";"7";"0";"0";"6";"2";"2";""
"202400036871";"155716764";"A01";"1";"7";"0";"1";"1";"1";"1";""
"202400036872";"155716762";"A01";"3";"7";"0";"1";"4";"26";"6";""
"202400036873";"155716761";"A01";"1";"2";"0";"2";"1";"2";"1";""
"202400036873";"155716763";"B01";"1";"7";"0";"2";"5";"1";"1";""
"202400036874";"155716759";"A01";"2";"7";"13";"0";"2";"1";"1";""
"202400036875";"155716757";"A01";"1";"10";"8";"0";"1";"14";"1";""
"202400036876";"155716756";"A01";"1";"7";"0";"1";"3";"21";"1";""
"202400036877";"155716755";"A01";"0";"7";"13";"0";"1";"1";"1";""
"202400036878";"155716753";"B01";"3";"31";"0";"2";"1";"1";"0";""
"202400036878";"155716754";"A01";"3";"7";"0";"2";"3";"15";"1";""
"202400036879";"155716752";"A01";"1";"33";"0";"6";"1";"1";"1";""
"202400036880";"155716751";"A01";"2";"10";"8";"0";"1";"1";"1";""
"202400036881";"155716749";"A01";"1";"7";"0";"2";"3";"13";"1";""
"202400036881";"155716750";"B01";"2";"7";"0";"2";"3";"1";"1";""
"202400036882";"155716748";"A01";"1";"7";"2";"0";"1";"1";"1";""
"202400036883";"155716747";"A01";"3";"7";"0";"1";"2";"1";"1";""
"202400036884";"155716746";"A01";"1";"7";"0";"1";"2";"1";"1";""
"202400036885";"155716744";"A01";"0";"7";"0";"0";"3";"1";"1";""
"202400036885";"155716745";"B01";"0";"7";"0";"0";"3";"1";"1";""
"202400036886";"155716742";"A01";"2";"10";"0";"2";"2";"1";"1";""
"202400036886";"155716743";"B01";"2";"7";"0";"2";"6";"1";"1";""
"202400036887";"155716741";"A01";"2";"7";"0";"1";"1";"2";"1";""
"202400036888";"155716738";"A01";"2";"7";"0";"2";"7";"14";"1";""
"202400036888";"155716739";"B01";"2";"33";"0";"2";"8";"3";"1";""
"202400036888";"155716740";"C01";"2";"7";"0";"2";"8";"2";"2";""
"202400036889";"155716735";"A01";"2";"10";"0";"9";"4";"1";"1";""
"202400036889";"155716736";"B01";"2";"10";"0";"2";"1";"2";"1";""
"202400036889";"155716737";"C01";"2";"7";"0";"2";"1";"2";"1";""
"202400036890";"155716733";"A01";"1";"7";"4";"2";"1";"1";"1";""
"202400036890";"155716734";"B01";"1";"7";"4";"0";"4";"2";"3";""
"202400036891";"155716732";"A01";"1";"7";"13";"0";"0";"0";"1";""
"202400036892";"155716728";"B01";"2";"7";"0";"2";"4";"2";"1";""
"202400036892";"155716729";"C01";"2";"7";"0";"2";"5";"2";"1";""
"202400036892";"155716730";"D01";"2";"7";"0";"2";"4";"2";"1";""
"202400036892";"155716731";"A01";"2";"10";"0";"2";"1";"2";"1";""
"202400036893";"155716726";"A01";"2";"33";"0";"2";"1";"1";"1";""
"202400036893";"155716727";"B01";"2";"7";"0";"2";"4";"2";"1";""
"202400036894";"155716723";"B01";"1";"7";"0";"2";"9";"2";"1";""
"202400036894";"155716724";"C01";"1";"7";"0";"2";"3";"2";"1";""
"202400036894";"155716725";"A01";"1";"7";"0";"2";"1";"2";"1";""
"202400036895";"155716719";"B01";"1";"7";"0";"2";"4";"1";"0";""
"202400036895";"155716720";"C01";"1";"7";"0";"2";"4";"1";"0";""
"202400036895";"155716721";"A01";"1";"7";"0";"2";"1";"1";"1";""
"202400036895";"155716722";"D01";"1";"7";"0";"2";"4";"1";"0";""
"202400036896";"155716717";"A01";"2";"7";"0";"2";"7";"12";"1";""
"202400036896";"155716718";"B01";"2";"32";"0";"2";"1";"3";"1";""
"202400036897";"155716716";"A01";"2";"43";"0";"2";"1";"18";"1";""
"202400036898";"155716714";"A01";"1";"33";"0";"2";"7";"3";"1";""
"202400036898";"155716715";"B01";"1";"7";"0";"2";"8";"11";"1";""
"202400036899";"155716712";"A01";"1";"7";"0";"2";"2";"2";"1";""
"202400036899";"155716713";"B01";"1";"7";"0";"2";"6";"2";"1";""
"202400036900";"155716709";"C01";"1";"10";"0";"2";"6";"1";"1";""
"202400036900";"155716710";"A01";"1";"7";"0";"2";"1";"18";"1";""
"202400036900";"155716711";"B01";"1";"7";"0";"2";"5";"1";"2";""
"202400036901";"155716707";"A01";"1";"33";"0";"2";"3";"3";"1";""
"202400036901";"155716708";"B01";"1";"7";"0";"2";"7";"12";"1";""
"202400036902";"155716705";"A01";"2";"7";"0";"2";"8";"11";"1";""