"Num_Acc";"id_vehicule";"num_veh";"senc";"catv";"obs";"obsm";"choc";"manv";"motor";"occutc"
"202400036902";"155716706";"B01";"2";"32";"0";"2";"7";"1";"1";""
"202400036903";"155716704";"A01";"2";"7";"4";"0";"1";"2";"1";""
"202400036904";"155716702";"B01";"2";"7";"0";"9";"5";"1";"2";""
"202400036904";"155716703";"A01";"2";"7";"0";"2";"1";"21";"1";""
"202400036905";"155716700";"A01";"1";"7";"0";"2";"1";"2";"1";""
"202400036905";"155716701";"B01";"1";"7";"0";"2";"4";"23";"1";""
"202400036906";"155716698";"A01";"2";"33";"0";"2";"2";"3";"1";""
"202400036906";"155716699";"B01";"2";"7";"0";"2";"6";"11";"1";""
"202400036907";"155716696";"B01";"1";"7";"0";"2";"4";"4";"1";""
"202400036907";"155716697";"A01";"1";"31";"0";"2";"1";"0";"1";""
"202400036908";"155716695";"A01";"2";"7";"0";"1";"0";"1";"0";""
"202400036909";"155716693";"A01";"1";"7";"0";"2";"0";"0";"1";""
"202400036909";"155716694";"B01";"1";"1";"0";"2";"0";"0";"5";""
"202400036910";"155716690";"B01";"2";"7";"0";"2";"4";"2";"1";""
"202400036910";"155716691";"A01";"2";"7";"0";"2";"1";"2";"0";""
"202400036910";"155716692";"C01";"2";"7";"0";"2";"4";"2";"1";""
"202400036911";"155716689";"A01";"1";"50";"14";"0";"0";"1";"3";""
"202400036912";"155716687";"A01";"1";"7";"0";"2";"2";"1";"1";""
"202400036912";"155716688";"C01";"2";"7";"0";"2";"8";"0";"1";""
"202400036913";"155716686";"A01";"1";"7";"0";"1";"1";"1";"1";""
"202400036914";"155716684";"A01";"2";"7";"0";"2";"3";"1";" -1";""
"202400036914";"155716685";"B01";"2";"7";"0";"2";"7";"1";" -1";""
"202400036915";"155716683";"A01";"1";"30";"0";"1";"1";"1";"1";""
"202400036916";"155716682";"A01";"1";"7";"1";"0";"2";"9";"1";""
"202400036917";"155716681";"A01";"1";"33";"0";"0";"0";"1";"1";""
"202400036918";"155716680";"A01";"2";"7";"1";"0";"1";"1";"0";""
"202400036919";"155716677";"A01";"2";"7";"0";"2";"1";"13";"1";""
"202400036919";"155716678";"B01";"1";"10";"0";"2";"3";"1";"1";""
"202400036919";"155716679";"C01";"1";"7";"0";"2";"3";"1";"1";""
"202400036920";"155716676";"A01";"1";"7";"3";"0";"1";"1";"1";""
"202400036921";"155716675";"A01";"1";"7";"0";"1";"2";"1";"1";""
"202400036922";"155716674";"A01";"1";"60";"0";"0";"0";"0";"5";""
"202400036923";"155716673";"A01";"1";"7";"0";"2";"0";"1";"1";""
"202400036924";"155716671";"A01";"1";"7";"0";"2";"0";"0";"1";""
"202400036924";"155716672";"B01";"1";"1";"0";"2";"0";"0";"5";""
"202400036925";"155716667";"B01";"1";"7";"8";"2";"1";"1";"3";""
"202400036925";"155716668";"A01";"1";"10";"0";"0";"5";"1";"1";""
"202400036926";"155716665";"A01";"3";"7";"0";"2";"1";"15";"1";""
"202400036926";"155716666";"B01";"3";"32";"0";"2";"3";"1";"1";""
"202400036927";"155716663";"A01";"2";"30";"0";"2";"1";"15";"1";""
"202400036927";"155716664";"B01";"1";"30";"0";"2";"1";"1";"1";""
"202400036928";"155716662";"A01";"0";"10";"0";"1";"5";"4";"1";""
"202400036929";"155716660";"B01";"2";"7";"0";"2";"3";"1";"1";""
"202400036929";"155716661";"A01";"1";"7";"0";"2";"6";"16";"1";""
"202400036930";"155716658";"A01";"1";"7";"0";"2";"5";"26";"1";""
"202400036930";"155716659";"B01";"1";"7";"0";"2";"1";"11";"1";""
"202400036931";"155716656";"B01";"1";"7";"0";"0";"8";"1";"3";""
"202400036931";"155716657";"A01";"1";"7";"0";"0";"1";"15";"1";""
"202400036932";"155716655";"A01";"2";"7";"0";"1";"1";"19";"1";""
"202400036933";"155716654";"A01";"2";"7";"0";"1";"3";"1";"1";""
"202400036934";"155716652";"A01";"2";"10";"0";"2";"1";"9";"1";""
"202400036934";"155716653";"B01";"2";"31";"0";"2";"7";"1";"1";""
"202400036935";"155716650";"B01";"2";"7";"0";"2";"2";"9";"1";""
"202400036935";"155716651";"A01";"2";"7";"0";"2";"3";"9";"1";""
"202400036936";"155716649";"A01";"3";"7";"2";"0";"1";"14";"1";""
"202400036937";"155716647";"A01";"1";"7";"0";"2";"1";"1";"1";""
"202400036937";"155716648";"B01";"2";"7";"0";"2";"7";"16";"1";""
"202400036938";"155716645";"B01";"3";"2";"0";"2";"5";"9";"1";""
"202400036938";"155716646";"A01";"1";"7";"0";"2";"3";"13";"1";""
"202400036939";"155716644";"A01";"2";"7";"0";"1";"1";"17";"1";""
"202400036940";"155716643";"A01";"1";"30";"0";"0";"0";"1";"1";""
"202400036941";"155716640";"A01";"1";"10";"0";"2";"1";"2";"1";""
"202400036941";"155716641";"B01";"1";"7";"0";"2";"4";"2";"1";""
"202400036941";"155716642";"C01";"1";"7";"0";"2";"7";"1";"1";""
"202400036942";"155716638";"A01";"2";"30";"0";"2";"8";"1";"1";""
"202400036942";"155716639";"B01";"1";"7";"0";"2";"3";"15";"1";""
"202400036943";"155716637";"A01";"1";"0";"0";"1";"1";"0";"0";""
"202400036944";"155716633";"D01";"2";"7";"0";"2";"4";"2";"0";""
"202400036944";"155716634";"A01";"2";"7";"0";"2";"1";"2";"0";""
"202400036944";"155716635";"B01";"2";"7";"0";"2";"4";"2";"0";""
"202400036944";"155716636";"C01";"2";"7";"0";"2";"4";"2";"0";""
"202400036945";"155716631";"B01";"2";"7";"0";"2";"3";"0";"1";""
"202400036945";"155716632";"A01";"1";"7";"0";"2";"1";"1";"1";""
"202400036946";"155716627";"U01";"3";"10";"0";"2";"0";"1";"1";""
"202400036946";"155716628";"A01";"3";"14";"0";"2";"5";"17";"1";""
"202400036946";"155716629";"T01";"3";"10";"0";"2";"0";"23";"0";""
"202400036946";"155716630";"B01";"3";"80";"0";"2";"3";"1";"3";""
"202400036947";"155716625";"A01";"3";"10";"0";"9";"1";"26";"1";""
"202400036947";"155716626";"B01";"3";"1";"0";"2";"0";"23";"5";""
"202400036948";"155716623";"A01";"1";"7";"0";"2";"1";"0";"1";""
"202400036948";"155716624";"B01";"1";"7";"0";"0";"0";"0";"1";""
"202400036949";"155716621";"B01";"1";"7";"0";"0";"4";"0";"1";""
"202400036949";"155716622";"A01";"1";"37";"0";"0";"0";"0";"2";"2"
"202400036950";"155716619";"B01";"3";"7";"0";"2";"4";"23";"1";""
"202400036950";"155716620";"A01";"3";"7";"0";"2";"0";"2";"1";""
"202400036951";"155716618";"A01";"0";"99";"0";"0";"0";"0";"3";""
"202400036952";"155716617";"A01";"1";"7";"15";"0";"1";"17";"1";""
"202400036953";"155716616";"A01";"1";"7";"0";"1";"3";"1";"1";""
"202400036954";"155716615";"A01";"1";"7";"0";"1";"3";"1";"2";""
"202400036955";"155716613";"A01";"1";"33";"12";"2";"3";"13";"1";""
"202400036955";"155716614";"B01";"2";"7";"0";"2";"3";"0";"1";""
"202400036956";"155716610";"A01";"3";"10";"0";"2";"7";"1";"3";""
"202400036956";"155716611";"B01";"3";"50";"0";"2";"8";"1";"3";""
"202400036957";"155716609";"A01";"1";"7";"1";"0";"3";"16";"1";""
"202400036958";"155716608";"A01";"3";"7";"0";"1";"1";"9";"1";""
"202400036959";"155716607";"A01";"3";"1";"0";"1";"1";"1";"5";""
"202400036960";"155716605";"A01";"2";"10";"0";"9";"3";"23";"1";""
"202400036960";"155716606";"B01";"2";"1";"0";"2";"2";"2";"5";""
"202400036961";"155716604";"A01";"3";"1";"0";"0";"8";"2";"5";""
"202400036962";"155716603";"A01";"2";"7";"1";"1";"2";"26";"0";""
"202400036963";"155716601";"A01";"1";"7";"0";"2";"1";"16";"0";""
"202400036963";"155716602";"B01";"1";"1";"0";"2";"7";"9";"5";""
"202400036964";"155716596";"A01";"1";"7";"3";"2";"2";"0";"1";""
"202400036964";"155716597";"B01";"1";"7";"0";"2";"3";"2";"1";""
"202400036964";"155716599";"C01";"1";"7";"0";"2";"7";"0";"1";""
"202400036964";"155716600";"D01";"1";"7";"0";"2";"7";"0";"1";""
"202400036965";"155716595";"B01";"1";"7";"0";"2";"7";"1";"1";""
"202400036965";"155716598";"A01";"3";"7";"0";"2";"3";"1";"1";""
"202400036966";"155716593";"B01";"1";"2";"0";"2";"6";"24";"3";""
"202400036966";"155716594";"A01";"2";"7";"0";"2";"2";"2";"1";""
"202400036967";"155716592";"A01";"1";"7";"0";"1";"1";"1";"1";""
"202400036968";"155716590";"A01";"3";"7";"0";"2";"1";"15";"1";""
"202400036969";"155716588";"A01";"0";"7";"0";"1";"2";"23";"0";""
"202400036970";"155716587";"B01";"3";"7";"0";"2";"6";"1";"1";""
"202400036970";"155716589";"A01";"3";"33";"0";"2";"1";"1";"1";""
"202400036971";"155716583";"A01";"2";"30";"0";"2";"2";"17";"1";""
"202400036971";"155716585";"B01";"2";"7";"0";"2";"8";"15";"1";""
"202400036972";"155716580";"A01";"1";"15";"0";"0";"6";"9";"1";""
"202400036972";"155716582";"B01";"1";"7";"0";"2";"3";"1";"1";""
"202400036973";"155716579";"A01";"2";"7";"0";"0";"0";"26";"1";""
"202400036973";"155716581";"B01";"1";"31";"0";"0";"0";"21";"1";""
"202400036974";"155716578";"A01";"2";"7";"17";"0";"2";"1";"1";""
"202400036975";"155716577";"A01";"3";"7";"0";"1";"1";"0";"1";""
"202400036976";"155716575";"A01";"2";"10";"2";"0";"1";"0";"1";""
"202400036977";"155716573";"B01";"1";"7";"0";"2";"2";"1";"1";""
"202400036977";"155716576";"A01";"1";"7";"6";"2";"1";"1";"1";""
"202400036978";"155716572";"A01";"1";"7";"0";"0";"3";"0";"1";""
"202400036979";"155716571";"B01";"2";"10";"0";"2";"1";"1";"0";""
"202400036979";"155716574";"A01";"1";"7";"0";"2";"1";"5";"0";""
"202400036980";"155716567";"B01";"1";"32";"0";"2";"1";"1";"1";""
"202400036980";"155716568";"A01";"1";"7";"0";"2";"6";"16";"1";""
"202400036981";"155716566";"A01";"1";"7";"0";"2";"1";"1";"1";""
"202400036981";"155716569";"B01";"1";"14";"0";"2";"4";"23";"0";""
"202400036982";"155716565";"A01";"2";"7";"17";"0";"3";"1";"1";""
"202400036983";"155716562";"A01";"3";"10";"2";"2";"2";"15";"0";""
"202400036983";"155716564";"B01";"1";"33";"2";"2";"1";"2";"0";""
"202400036984";"155716561";"A01";"2";"7";"13";"0";"1";"1";"1";""
"202400036985";"155716560";"A01";"3";"1";"0";"4";"2";"2";"5";""
"202400036985";"155716563";"B01";"3";"40";"0";"2";"0";"0";"3";""
"202400036986";"155716556";"B01";"1";"7";"0";"2";"8";"5";"1";""
"202400036986";"155716558";"A01";"2";"7";"0";"2";"1";"26";"1";""
"202400036987";"155716552";"D01";"2";"7";"0";"2";"1";"1";"1";""
"202400036987";"155716554";"B01";"2";"33";"0";"2";"9";"1";"1";""
"202400036987";"155716555";"C01";"2";"7";"0";"2";"6";"1";"1";""
"202400036987";"155716557";"E01";"2";"7";"0";"2";"1";"1";"1";""
"202400036987";"155716559";"A01";"1";"7";"0";"2";"3";"13";"1";""
"202400036988";"155716553";"A01";"2";"10";"0";"1";"7";"1";"1";""
"202400036989";"155716551";"A01";"3";"7";"0";"1";"2";"19";"1";""
"202400036990";"155716550";"A01";"1";"30";"8";"0";"1";"1";"0";""
"202400036991";"155716549";"A01";"3";"7";"2";"0";"3";"1";"1";""
"202400036992";"155716548";"A01";"2";"7";"0";"1";"3";"26";"1";""
"202400036993";"155716546";"A01";"1";"7";"0";"0";"9";"14";"1";""
"202400036994";"155716545";"B01";"2";"1";"0";"2";"1";"1";"5";""
"202400036994";"155716547";"A01";"2";"7";"0";"2";"2";"16";"1";""
"202400036995";"155716543";"B01";"1";"33";"0";"2";"1";"16";"1";""
"202400036995";"155716544";"A01";"1";"7";"0";"2";"8";"16";"1";""
"202400036996";"155716541";"A01";"1";"7";"6";"0";"1";"0";"1";""
"202400036997";"155716540";"A01";"2";"7";"0";"2";"4";"1";"1";""
"202400036997";"155716542";"B01";"2";"7";"0";"2";"1";"1";"1";""
"202400036998";"155716538";"A01";"1";"7";"0";"1";"3";"1";"1";""
"202400036999";"155716539";"A01";"3";"30";"0";"0";"0";"2";"3";""
"202400037000";"155716536";"A01";"1";"7";"2";"0";"7";"1";"1";""
"202400037001";"155716534";"A01";"0";"7";"0";"2";"7";"19";"1";""
"202400037001";"155716537";"B01";"1";"13";"0";"2";"1";"1";"1";""
"202400037002";"155716532";"A01";"1";"7";"2";"0";"0";"0";"1";""
"202400037003";"155716531";"A01";"1";"7";"0";"2";"1";"2";"1";""
"202400037003";"155716533";"B01";"1";"7";"0";"2";"4";"2";"1";""
"202400037003";"155716535";"C01";"1";"7";"0";"2";"4";"2";"2";""
"202400037004";"155716529";"A01";"1";"7";"0";"0";"1";"1";"1";""
"202400037005";"155716527";"A01";"1";"32";"0";"0";"0";"1";"1";""
"202400037006";"155716526";"A01";"2";"7";"0";"2";"8";"9";"1";""
"202400037006";"155716528";"B01";"2";"33";"0";"2";"7";"1";"1";""
"202400037007";"155716525";"A01";"1";"7";"8";"0";"0";"5";"1";""
"202400037008";"155716522";"A01";"1";"32";"4";"0";"2";"0";"1";""
"202400037009";"155716523";"A01";"1";"30";"0";"0";"9";"1";"1";""
"202400037010";"155716521";"A01";"3";"7";"0";"2";"8";"16";"1";""
"202400037010";"155716524";"B01";"1";"7";"0";"2";"2";"1";"1";""
"202400037011";"155716520";"A01";"2";"7";"14";"0";"1";"2";"1";""
"202400037012";"155716519";"A01";"2";"7";"0";"1";"2";"1";"3";""
"202400037013";"155716518";"A01";"1";"7";"0";"0";"1";"16";"1";""
"202400037014";"155716515";"A01";"2";"17";"4";"0";"0";"1";"1";""
"202400037015";"155716514";"A01";"3";"7";"0";"2";"2";"1";"1";""
"202400037015";"155716516";"B01";"3";"33";"0";"2";"0";"0";"0";""
"202400037016";"155716513";"A01";"2";"7";"0";"0";"1";"0";"0";""
"202400037017";"155716512";"A01";"2";"7";"0";"1";"1";"1";"1";""
"202400037018";"155716510";"A01";"3";"7";"8";"2";"1";"17";"1";""
"202400037018";"155716511";"B01";"3";"7";"0";"2";"8";"1";"1";""
"202400037019";"155716507";"B01";"2";"10";"0";"2";"1";"0";"1";""
"202400037019";"155716508";"A01";"1";"7";"0";"2";"1";"13";"3";""
"202400037020";"155716506";"A01";"2";"7";"0";"2";"7";"1";"1";""
"202400037020";"155716509";"B01";"3";"50";"0";"2";"8";"15";"3";""
"202400037021";"155716504";"A01";"2";"7";"2";"0";"1";"0";"2";""
"202400037022";"155716503";"A01";"2";"32";"0";"2";"1";"8";"1";""
"202400037022";"155716505";"B01";"2";"10";"0";"2";"8";"15";"1";""
"202400037023";"155716497";"A01";"2";"7";"2";"2";"2";"14";"1";""
"202400037023";"155716499";"B01";"1";"7";"0";"2";"2";"21";"1";""
"202400037023";"155716501";"C01";"1";"7";"0";"2";"2";"21";"1";""
"202400037024";"155716498";"A01";"1";"7";"9";"0";"1";"21";"1";""
"202400037025";"155716494";"A01";"1";"3";"5";"2";"2";"1";"1";""
"202400037025";"155716495";"B01";"2";"7";"0";"2";"1";"1";"1";""
"202400037026";"155716496";"C01";"2";"33";"0";"2";"8";"1";"1";""
"202400037026";"155716500";"A01";"1";"7";"0";"2";"2";"15";"1";""
"202400037026";"155716502";"B01";"2";"33";"0";"2";"1";"1";"1";""
"202400037027";"155716492";"A01";"2";"37";"0";"1";"1";"15";"0";"1"
"202400037028";"155716490";"A01";"2";"7";"0";"2";"1";"2";"1";""
"202400037028";"155716491";"B01";"2";"7";"0";"2";"4";"15";"1";""
"202400037028";"155716493";"C01";"1";"7";"0";"2";"3";"1";"1";""
"202400037029";"155716487";"B01";"3";"7";"0";"2";"2";"1";"1";""
"202400037029";"155716489";"A01";"3";"1";"0";"2";"1";"15";"5";""
"202400037030";"155716486";"A01";"1";"7";"0";"2";"1";"2";"1";""
"202400037030";"155716488";"B01";"1";"7";"0";"2";"4";"2";"1";""
"202400037031";"155716485";"A01";"2";"7";"0";"1";"2";"15";"1";""
"202400037032";"155716483";"A01";"1";"7";"0";"1";"1";"1";"1";""
"202400037033";"155716481";"A01";"1";"7";"16";"0";"2";"1";"1";""
"202400037034";"155716482";"A01";"3";"7";"0";"2";"8";"9";"1";""
"202400037034";"155716484";"B01";"3";"7";"0";"2";"2";"0";"1";""
"202400037035";"155716478";"A01";"2";"7";"6";"0";"2";"1";"1";""
"202400037036";"155716479";"A01";"1";"30";"0";"2";"1";"1";"1";""
"202400037036";"155716480";"B01";"1";"7";"0";"2";"3";"1";"1";""
"202400037037";"155716472";"B01";"1";"7";"11";"2";"1";"9";"2";""
"202400037037";"155716475";"A01";"1";"7";"7";"2";"3";"1";"1";""
"202400037038";"155716473";"A01";"2";"7";"0";"2";"5";"15";"1";""
"202400037038";"155716474";"B01";"1";"1";"0";"2";"1";"1";"5";""
"202400037039";"155716476";"A01";"2";"7";"0";"2";"1";"1";"1";""
"202400037039";"155716477";"B01";"1";"10";"0";"2";"4";"0";"1";""
"202400037040";"155716469";"A01";"2";"30";"0";"2";"6";"1";"1";""
"202400037040";"155716471";"B01";"2";"7";"0";"2";"2";"2";"1";""
"202400037041";"155716468";"A01";"3";"7";"0";"2";"0";"0";"0";""
"202400037041";"155716470";"B01";"3";"1";"0";"0";"0";"0";"5";""
"202400037042";"155716466";"A01";"0";"7";"8";"0";"0";"1";"1";""
"202400037043";"155716464";"A01";"1";"7";"0";"1";"4";"26";"1";""
"202400037044";"155716458";"C01";"2";"10";"0";"2";"1";"2";"1";""
"202400037044";"155716461";"A01";"2";"10";"0";"2";"8";"2";"1";""
"202400037044";"155716462";"B01";"2";"7";"0";"2";"4";"2";"1";""
"202400037044";"155716463";"D01";"2";"7";"0";"2";"1";"2";"1";""
"202400037045";"155716460";"A01";"2";"7";"0";"0";"9";"26";"1";""
"202400037046";"155716457";"B01";"2";"1";"0";"2";"1";"1";"5";""
"202400037046";"155716459";"A01";"1";"10";"0";"2";"5";"1";"1";""
"202400037047";"155716455";"A01";"2";"33";"0";"2";"7";"26";"1";""
"202400037047";"155716456";"B01";"2";"14";"0";"2";"6";"26";"0";""
"202400037048";"155716451";"A01";"0";"7";"0";"1";"0";"1";"1";""
"202400037049";"155716453";"A01";"1";"7";"0";"2";"0";"0";"1";""
"202400037049";"155716454";"B01";"1";"34";"0";"2";"1";"1";"1";""
"202400037050";"155716450";"A01";"2";"7";"0";"2";"1";"1";"1";""
"202400037050";"155716452";"B01";"2";"7";"0";"2";"4";"2";"1";""
"202400037051";"155716448";"A01";"3";"10";"0";"1";"5";"4";"1";""
"202400037052";"155716447";"A01";"2";"7";"14";"0";"1";"1";"1";""
"202400037053";"155716445";"A01";"1";"10";"0";"2";"2";"1";"1";""
"202400037053";"155716446";"B01";"1";"7";"0";"2";"6";"1";"1";""
"202400037053";"155716449";"C01";"1";"10";"0";"0";"0";"0";"1";""
"202400037054";"155716444";"A01";"3";"7";"0";"1";"2";"1";"1";""
"202400037055";"155716442";"A01";"2";"7";"0";"1";"1";"15";"1";""
"202400037056";"155716441";"A01";"2";"32";"0";"2";"1";"26";"1";""
"202400037056";"155716443";"B01";"2";"38";"0";"2";"6";"1";"1";"1"
"202400037057";"155716440";"A01";"2";"37";"0";"1";"1";"26";"1";"1"
"202400037058";"155716438";"A01";"2";"33";"0";"2";"8";"3";"1";""
"202400037058";"155716439";"B01";"2";"7";"0";"2";"7";"12";"1";""
"202400037059";"155716435";"A01";"2";"7";"11";"0";"1";"1";"1";""
"202400037060";"155716436";"B01";"1";"7";"0";"2";"1";"2";"1";""
"202400037060";"155716437";"A01";"1";"7";"0";"2";"4";"2";"1";""
"202400037061";"155716434";"A01";"2";"7";"4";"0";"2";"26";"1";""
"202400037062";"155716432";"A01";"1";"7";"3";"0";"1";"0";"2";""
"202400037063";"155716429";"B01";"2";"7";"0";"2";"8";"15";"1";""
"202400037063";"155716433";"A01";"2";"33";"0";"2";"1";"17";"1";""
"202400037064";"155716430";"A01";"2";"7";"0";"2";"4";"23";"1";""
"202400037064";"155716431";"B01";"2";"7";"0";"0";"1";"2";"1";""
"202400037065";"155716426";"A01";"1";"33";"0";"0";"7";"14";"1";""
"202400037066";"155716425";"A01";"1";"32";"0";"2";"1";"0";"1";""
"202400037066";"155716427";"B01";"1";"7";"0";"2";"6";"1";"1";""
"202400037066";"155716428";"C01";"1";"7";"0";"2";"1";"1";"1";""
"202400037067";"155716423";"B01";"1";"7";"0";"2";"2";"1";"1";""
"202400037067";"155716424";"A01";"1";"1";"0";"2";"1";"1";"5";""
"202400037068";"155716420";"B01";"2";"17";"0";"2";"1";"1";"1";""
"202400037068";"155716422";"A01";"2";"7";"0";"2";"4";"11";"1";""
"202400037069";"155716419";"A01";"1";"7";"0";"2";"1";"1";"1";""
"202400037069";"155716421";"B01";"1";"33";"0";"2";"7";"16";"1";""
"202400037070";"155716418";"A01";"3";"7";"13";"0";"1";"26";"1";""
"202400037071";"155716416";"A01";"1";"7";"0";"2";"7";"12";"1";""
"202400037071";"155716417";"B01";"1";"34";"0";"2";"8";"3";"1";""
"202400037072";"155716413";"A01";"2";"7";"0";"1";"1";"1";"2";""
"202400037073";"155716414";"A01";"1";"33";"0";"2";"2";"1";"1";""
"202400037073";"155716415";"B01";"1";"7";"0";"2";"3";"9";"1";""
"202400037074";"155716410";"B01";"1";"7";"0";"2";"4";"2";"1";""
"202400037074";"155716412";"A01";"1";"7";"0";"2";"1";"2";"1";""
"202400037075";"155716408";"A01";"0";"0";"0";"1";"0";"26";"0";""
"202400037076";"155716409";"A01";"2";"10";"0";"2";"2";"16";"1";""
"202400037076";"155716411";"B01";"3";"50";"0";"2";"4";"0";"3";""
"202400037077";"155716406";"A01";"2";"7";"0";"2";"1";"2";"1";""
"202400037077";"155716407";"B01";"2";"15";"0";"2";"4";"2";"1";""
"202400037078";"155716404";"A01";"1";"7";"0";"1";"3";"9";"1";""
"202400037079";"155716403";"A01";"1";"30";"0";"1";"7";"1";"1";""
"202400037080";"155716402";"B01";"2";"7";"0";"2";"2";"19";"1";""
"202400037080";"155716405";"A01";"2";"7";"0";"2";"1";"1";"1";""
"202400037081";"155716397";"B01";"1";"7";"16";"0";"8";"1";"1";""
"202400037081";"155716401";"A01";"3";"30";"0";"2";"1";"19";"1";""
"202400037082";"155716396";"A01";"1";"7";"0";"2";"1";"19";"2";""
"202400037082";"155716400";"B01";"1";"7";"0";"2";"5";"1";"1";""
"202400037083";"155716390";"B01";"2";"50";"0";"2";"1";"1";"3";""
"202400037083";"155716394";"A01";"2";"7";"0";"2";"7";"19";"1";""
"202400037084";"155716389";"B01";"1";"34";"0";"2";"8";"1";"1";""
"202400037084";"155716391";"A01";"1";"7";"0";"2";"2";"14";"1";""
"202400037085";"155716386";"A01";"1";"32";"0";"2";"1";"1";"1";""
"202400037085";"155716387";"B01";"1";"10";"0";"2";"6";"1";"1";""
"202400037086";"155716383";"A01";"2";"32";"0";"2";"1";"1";"1";""
"202400037086";"155716385";"B01";"1";"7";"0";"2";"7";"0";"1";""
"202400037087";"155716381";"A01";"2";"7";"0";"2";"3";"15";"1";""
"202400037087";"155716382";"B01";"1";"7";"0";"2";"2";"1";"1";""
"202400037088";"155716379";"A01";"3";"7";"3";"2";"7";"0";"2";""
"202400037088";"155716384";"Z01";"3";"7";"0";"2";"1";"0";"1";""
"202400037089";"155716378";"A01";"1";"7";"0";"2";"2";"1";"1";""
"202400037089";"155716380";"B01";"2";"80";"0";"2";"1";"1";"3";""
"202400037090";"155716377";"A01";"3";"31";"0";"1";"1";"0";"1";""
"202400037091";"155716370";"B01";"1";"7";"9";"2";"3";"2";"1";""
"202400037091";"155716374";"A01";"1";"10";"9";"2";"6";"15";"3";""
"202400037092";"155716371";"B01";"1";"7";"0";"9";"0";"0";"1";""
"202400037092";"155716375";"A01";"1";"50";"0";"2";"0";"0";"3";""
"202400037093";"155716369";"A01";"2";"30";"1";"0";"6";"23";"1";""
"202400037093";"155716373";"B01";"2";"7";"0";"2";"2";"23";"1";""
"202400037093";"155716376";"Z01";"2";"7";"0";"2";"1";"1";"0";""
"202400037094";"155716372";"A01";"2";"7";"4";"0";"3";"1";"2";""
"202400037095";"155716367";"B01";"1";"1";"0";"2";"7";"1";"5";""
"202400037095";"155716368";"A01";"1";"7";"0";"2";"6";"15";"2";""
"202400037096";"155716365";"Z01";"2";"7";"0";"1";"2";"1";"1";""
"202400037097";"155716363";"B01";"2";"10";"1";"0";"3";"1";"1";""
"202400037097";"155716366";"A01";"1";"7";"0";"1";"0";"24";"1";""
"202400037098";"155716361";"A01";"2";"7";"15";"0";"1";"1";"1";""
"202400037099";"155716359";"A01";"2";"7";"0";"2";"3";"9";"1";""
"202400037099";"155716362";"B01";"2";"7";"0";"2";"5";"1";"1";""
"202400037099";"155716364";"C01";"2";"7";"0";"2";"5";"2";"1";""
"202400037100";"155716357";"A01";"0";"7";"0";"1";"1";"1";"1";""
"202400037101";"155716356";"B01";"3";"7";"0";"2";"4";"2";"1";""
"202400037101";"155716358";"C01";"3";"7";"0";"2";"4";"2";"3";""
"202400037101";"155716360";"A01";"3";"7";"0";"2";"1";"2";"1";""
"202400037102";"155716353";"A01";"1";"7";"0";"0";"4";"0";"1";""
"202400037102";"155716355";"B01";"1";"7";"0";"2";"1";"0";"1";""
"202400037103";"155716351";"A01";"2";"33";"0";"1";"2";"1";"1";""
"202400037104";"155716350";"B01";"1";"33";"0";"2";"1";"1";"1";""
"202400037104";"155716354";"A01";"1";"7";"0";"2";"4";"11";"1";""
"202400037105";"155716349";"A01";"2";"7";"0";"2";"4";"1";"1";""
"202400037105";"155716352";"B01";"2";"7";"0";"2";"1";"1";"1";""
"202400037106";"155716347";"A01";"2";"7";"0";"1";"2";"1";"1";""
"202400037107";"155716345";"A01";"1";"43";"6";"0";"2";"15";"1";""
"202400037108";"155716346";"A01";"1";"10";"0";"2";"3";"15";"1";""
"202400037108";"155716348";"B01";"1";"1";"0";"2";"1";"17";"5";""
"202400037109";"155716343";"A01";"0";"7";"0";"1";"1";"1";"1";""
"202400037110";"155716341";"B01";"1";"7";"0";"2";"1";"2";"1";""
"202400037110";"155716344";"A01";"1";"7";"0";"2";"1";"2";"1";""
"202400037111";"155716339";"B01";"2";"50";"0";"2";"1";"16";"3";""
"202400037111";"155716342";"A01";"2";"7";"0";"2";"3";"16";"1";""
"202400037112";"155716338";"A01";"3";"7";"0";"1";"3";"1";"1";""
"202400037113";"155716335";"A01";"2";"34";"0";"2";"7";"3";"1";""
"202400037113";"155716337";"B01";"1";"7";"0";"2";"2";"15";"1";""
"202400037114";"155716333";"A01";"1";"7";"8";"0";"3";"2";"1";""
"202400037115";"155716336";"B01";"3";"34";"0";"2";"1";"1";"1";""
"202400037115";"155716340";"A01";"3";"7";"0";"2";"2";"15";"3";""
"202400037116";"155716332";"B01";"3";"31";"0";"2";"1";"1";"1";""
"202400037116";"155716334";"A01";"3";"7";"0";"2";"3";"19";"1";""
"202400037117";"155716325";"A01";"1";"7";"2";"0";"1";"14";"1";""
"202400037118";"155716326";"B01";"1";"1";"0";"2";"3";"19";"5";""
"202400037118";"155716328";"A01";"1";"7";"0";"9";"1";"1";"1";""
"202400037119";"155716323";"B01";"1";"50";"0";"2";"8";"1";"3";""
"202400037119";"155716324";"A01";"2";"7";"0";"2";"1";"1";"1";""
"202400037120";"155716319";"A01";"2";"33";"0";"2";"1";"6";"1";""
"202400037120";"155716322";"B01";"1";"7";"0";"2";"1";"1";"1";""
"202400037121";"155716318";"B01";"3";"1";"0";"2";"7";"1";"5";""
"202400037121";"155716321";"A01";"1";"7";"0";"2";"1";"1";"1";""