"Num_Acc";"id_vehicule";"num_veh";"senc";"catv";"obs";"obsm";"choc";"manv";"motor";"occutc"
"202400037122";"155716317";"A01";"1";"7";"0";"2";"1";"15";"1";""
"202400037122";"155716320";"B01";"2";"50";"0";"2";"1";"19";"3";""
"202400037123";"155716315";"Z01";"2";"13";"0";"1";"1";"1";"1";""
"202400037123";"155716316";"A01";"1";"34";"0";"1";"1";"1";"1";""
"202400037124";"155716313";"B01";"1";"1";"0";"2";"1";"5";"5";""
"202400037124";"155716314";"A01";"2";"7";"0";"2";"3";"9";"1";""
"202400037125";"155716308";"A01";"1";"32";"0";"2";"2";"1";"1";""
"202400037125";"155716310";"B01";"1";"30";"0";"2";"8";"15";"1";""
"202400037126";"155716306";"A01";"1";"7";"2";"0";"1";"2";"2";""
"202400037127";"155716304";"B01";"1";"7";"0";"9";"3";"2";"1";""
"202400037127";"155716307";"A01";"1";"1";"0";"2";"4";"15";"5";""
"202400037128";"155716302";"A01";"3";"10";"0";"2";"1";"26";"1";""
"202400037128";"155716305";"B01";"3";"10";"0";"2";"4";"2";"1";""
"202400037129";"155716301";"A01";"1";"7";"0";"2";"1";"17";"2";""
"202400037129";"155716303";"B01";"2";"17";"0";"2";"3";"1";"1";""
"202400037130";"155716299";"B01";"3";"7";"0";"2";"1";"1";"1";""
"202400037130";"155716300";"A01";"3";"7";"0";"2";"1";"5";"1";""
"202400037131";"155716295";"A01";"1";"1";"0";"2";"4";"1";"5";""
"202400037131";"155716296";"B01";"1";"7";"0";"2";"2";"17";"1";""
"202400037132";"155716293";"B01";"1";"17";"0";"2";"1";"1";"1";""
"202400037132";"155716298";"A01";"2";"17";"0";"2";"3";"13";"1";""
"202400037133";"155716294";"A01";"1";"7";"0";"2";"1";"2";"1";""
"202400037133";"155716297";"B01";"1";"33";"0";"2";"4";"2";"1";""
"202400037134";"155716287";"A01";"2";"50";"0";"2";"2";"1";"3";""
"202400037134";"155716292";"B01";"2";"7";"0";"2";"1";"9";"1";""
"202400037135";"155716286";"A01";"3";"7";"0";"2";"3";"13";"1";""
"202400037135";"155716290";"B01";"3";"43";"0";"2";"7";"1";"1";""
"202400037136";"155716282";"A01";"1";"7";"0";"2";"7";"1";"1";""
"202400037136";"155716284";"B01";"2";"7";"0";"2";"2";"1";"1";""
"202400037137";"155716280";"A01";"1";"7";"0";"2";"2";"9";"1";""
"202400037137";"155716283";"B01";"1";"7";"0";"2";"6";"23";"1";""
"202400037137";"155716285";"C01";"2";"7";"0";"2";"2";"23";"1";""
"202400037137";"155716289";"D01";"1";"7";"0";"2";"8";"23";"1";""
"202400037138";"155716278";"A01";"0";"7";"0";"2";"2";"1";"1";""
"202400037138";"155716281";"B01";"0";"7";"0";"2";"3";"1";"1";""
"202400037139";"155716276";"A01";"1";"7";"15";"2";"1";"2";"1";""
"202400037139";"155716279";"B01";"1";"7";"0";"2";"2";"2";"1";""
"202400037140";"155716274";"A01";"3";"7";"0";"2";"2";"15";"1";""
"202400037140";"155716277";"B01";"1";"7";"0";"2";"1";"0";"1";""
"202400037141";"155716272";"A01";"1";"7";"4";"0";"5";"1";"1";""
"202400037142";"155716271";"A01";"3";"7";"0";"1";"1";"1";"1";""
"202400037143";"155716273";"B01";"2";"10";"0";"2";"3";"15";"1";""
"202400037143";"155716275";"A01";"2";"7";"0";"2";"7";"1";"2";""
"202400037144";"155716265";"B01";"2";"7";"0";"2";"3";"1";"1";""
"202400037144";"155716269";"A01";"1";"7";"0";"2";"2";"1";"1";""
"202400037145";"155716266";"A01";"1";"7";"0";"2";"7";"12";"1";""
"202400037145";"155716267";"B01";"1";"33";"0";"2";"1";"3";"1";""
"202400037145";"155716270";"C01";"1";"10";"0";"2";"4";"1";"1";""
"202400037146";"155716264";"B01";"3";"7";"0";"2";"1";"21";"1";""
"202400037146";"155716268";"A01";"1";"7";"0";"2";"1";"13";"1";""
"202400037147";"155716258";"B01";"0";"7";"0";"2";"4";"23";"1";""
"202400037147";"155716261";"A01";"0";"7";"0";"2";"1";"2";"1";""
"202400037148";"155716257";"A01";"1";"7";"0";"5";"1";"1";"1";""
"202400037149";"155716254";"B01";"2";"7";"6";"2";"2";"12";"1";""
"202400037149";"155716256";"D01";"2";"31";"0";"2";"1";"3";"1";""
"202400037149";"155716260";"E01";"2";"7";"0";"2";"4";"2";"2";""
"202400037149";"155716262";"C01";"2";"7";"0";"2";"2";"0";"1";""
"202400037149";"155716263";"A01";"2";"7";"4";"0";"9";"1";"1";""
"202400037150";"155716252";"A01";"3";"7";"6";"0";"1";"10";"1";""
"202400037151";"155716253";"B01";"2";"7";"0";"2";"5";"2";"1";""
"202400037151";"155716255";"C01";"2";"7";"0";"2";"5";"2";"1";""
"202400037151";"155716259";"A01";"2";"10";"0";"2";"3";"2";"1";""
"202400037152";"155716247";"A01";"0";"7";"0";"2";"3";"9";"2";""
"202400037152";"155716251";"B01";"3";"7";"0";"2";"7";"1";"1";""
"202400037153";"155716248";"Z01";"2";"7";"0";"1";"8";"1";"0";""
"202400037154";"155716246";"A01";"1";"32";"0";"2";"7";"16";"1";""
"202400037154";"155716249";"B01";"1";"7";"0";"2";"3";"1";"1";""
"202400037155";"155716245";"A01";"3";"10";"0";"2";"1";"9";"0";""
"202400037155";"155716250";"B01";"3";"10";"0";"2";"5";"0";"0";""
"202400037156";"155716242";"A01";"3";"10";"0";"1";"2";"1";"1";""
"202400037157";"155716241";"A01";"1";"7";"0";"0";"2";"15";"1";""
"202400037157";"155716243";"B01";"1";"30";"0";"2";"1";"1";"1";""
"202400037158";"155716239";"Z01";"1";"7";"0";"2";"2";"1";"1";""
"202400037158";"155716244";"A01";"2";"1";"0";"2";"1";"1";"5";""
"202400037159";"155716238";"B01";"3";"40";"0";"2";"3";"1";"3";""
"202400037159";"155716240";"A01";"1";"7";"0";"4";"1";"1";"1";""
"202400037160";"155716237";"A01";"1";"7";"0";"1";"3";"16";"1";""
"202400037161";"155716235";"A01";"2";"33";"12";"0";"1";"1";"1";""
"202400037162";"155716233";"A01";"2";"7";"0";"1";"2";"1";"3";""
"202400037163";"155716231";"B01";"1";"7";"0";"2";"1";"2";"1";""
"202400037163";"155716234";"C01";"1";"7";"0";"2";"4";"2";"1";""
"202400037163";"155716236";"A01";"1";"7";"0";"2";"1";"2";"0";""
"202400037164";"155716229";"A01";"1";"7";"0";"2";"2";"14";"1";""
"202400037164";"155716232";"B01";"1";"33";"0";"2";"3";"2";"1";""
"202400037165";"155716226";"A01";"1";"7";"0";"1";"1";"9";"1";""
"202400037166";"155716228";"B01";"1";"30";"0";"2";"1";"1";"1";""
"202400037166";"155716230";"A01";"2";"7";"0";"2";"8";"9";"1";""
"202400037167";"155716224";"A01";"3";"10";"0";"1";"3";"15";"1";""
"202400037168";"155716222";"A01";"2";"7";"0";"2";"4";"4";"2";""
"202400037169";"155716221";"A01";"2";"7";"0";"1";"2";"0";"1";""
"202400037170";"155716223";"C01";"1";"7";"0";"2";"1";"1";"1";""
"202400037170";"155716225";"A01";"2";"7";"0";"2";"3";"1";"1";""
"202400037170";"155716227";"B01";"2";"7";"0";"2";"5";"15";"1";""
"202400037171";"155716218";"B01";"1";"7";"0";"2";"1";"1";"2";""
"202400037171";"155716220";"A01";"2";"2";"0";"2";"1";"21";"3";""
"202400037172";"155716215";"B01";"3";"2";"0";"0";"0";"1";"1";""
"202400037172";"155716219";"A01";"3";"7";"0";"0";"0";"16";"1";""
"202400037173";"155716214";"B01";"2";"33";"0";"2";"1";"1";"1";""
"202400037173";"155716217";"A01";"2";"7";"0";"2";"3";"9";"1";""
"202400037174";"155716213";"A01";"2";"7";"0";"1";"1";"1";"1";""
"202400037175";"155716212";"A01";"3";"3";"0";"1";"1";"1";"1";""
"202400037176";"155716210";"A01";"1";"7";"0";"2";"1";"19";"1";""
"202400037176";"155716216";"B01";"1";"7";"0";"2";"1";"1";"1";""
"202400037177";"155716209";"A01";"3";"31";"0";"2";"7";"1";"1";""
"202400037177";"155716211";"B01";"2";"7";"0";"9";"1";"1";"1";""
"202400037178";"155716205";"B01";"2";"7";"0";"2";"2";"1";"1";""
"202400037178";"155716208";"A01";"1";"7";"0";"2";"3";"9";"1";""
"202400037179";"155716206";"B01";"2";"1";"0";"2";"3";"1";"5";""
"202400037179";"155716207";"A01";"3";"13";"0";"2";"3";"10";"1";""
"202400037180";"155716204";"A01";"3";"3";"8";"0";"1";"16";"1";""
"202400037181";"155716202";"A01";"0";"7";"1";"0";"2";"20";"1";""
"202400037182";"155716200";"A01";"1";"7";"0";"2";"1";"1";"1";""
"202400037182";"155716203";"B01";"3";"80";"0";"2";"7";"19";"3";""
"202400037183";"155716198";"A01";"0";"50";"8";"0";"1";"0";"3";""
"202400037184";"155716199";"A01";"1";"7";"0";"2";"4";"23";"2";""
"202400037184";"155716201";"Z01";"1";"7";"0";"2";"1";"0";"1";""
"202400037185";"155716195";"A01";"1";"30";"0";"2";"1";"1";"1";""
"202400037185";"155716197";"B01";"1";"7";"0";"2";"3";"1";"1";""
"202400037186";"155716194";"B01";"0";"7";"0";"2";"3";"1";"1";""
"202400037186";"155716196";"A01";"0";"33";"0";"2";"1";"13";"1";""
"202400037187";"155716191";"A01";"1";"7";"0";"1";"1";"15";"1";""
"202400037188";"155716190";"Z01";"1";"7";"0";"1";"0";"0";"0";""
"202400037189";"155716192";"A01";"1";"7";"0";"0";"0";"10";"2";""
"202400037189";"155716193";"B01";"1";"31";"0";"2";"2";"5";"1";""
"202400037190";"155716186";"B01";"3";"7";"0";"2";"4";"23";"1";""
"202400037190";"155716188";"A01";"3";"7";"0";"2";"1";"2";"1";""
"202400037191";"155716184";"VP01";"1";"7";"0";"1";"1";"1";"1";""
"202400037192";"155716183";"B01";" -1";"1";"0";"2";"1";"17";"5";""
"202400037192";"155716187";"A01";" -1";"80";"0";"2";"1";"1";"3";""
"202400037193";"155716185";"A01";"1";"7";"0";"2";"3";"9";"1";""
"202400037193";"155716189";"B01";"2";"32";"0";"2";"1";"1";"1";""
"202400037194";"155716182";"A01";"2";"7";"0";"1";"2";"19";"1";""
"202400037195";"155716180";"A01";"2";"50";"0";"0";"0";"1";"3";""
"202400037196";"155716179";"A01";"3";"33";"1";"0";"1";"1";"1";""
"202400037197";"155716178";"A01";"1";"13";"0";"2";"0";"0";"0";""
"202400037197";"155716181";"B01";"1";"50";"0";"2";"9";"1";"3";""
"202400037198";"155716177";"A01";"1";"1";"0";"1";"1";"19";"5";""
"202400037199";"155716175";"A01";"2";"1";"0";"0";"0";"2";"5";""
"202400037200";"155716174";"B01";"2";"13";"0";"0";"0";"0";"0";""
"202400037200";"155716176";"A01";"2";"10";"0";"0";"0";"9";"1";""
"202400037201";"155716170";"A01";"1";"7";"0";"2";"1";"9";"1";""
"202400037201";"155716173";"B01";"2";"7";"0";"2";"7";"1";"1";""
"202400037202";"155716168";"A01";"3";"30";"0";"1";"1";"26";"3";""
"202400037203";"155716169";"B01";"1";"7";"0";"2";"8";"15";"2";""
"202400037203";"155716171";"A01";"1";"30";"0";"2";"1";"17";"1";""
"202400037204";"155716167";"A01";"2";"7";"0";"2";"7";"15";"1";""
"202400037204";"155716172";"B01";"1";"34";"0";"2";"1";"16";"1";""
"202400037205";"155716164";"B01";"2";"33";"0";"0";"1";"1";"1";""
"202400037205";"155716166";"A01";"2";"7";"0";"2";"2";"9";"2";""
"202400037206";"155716160";"A01";"2";"7";"12";"2";"8";"9";"2";""
"202400037206";"155716163";"B01";"2";"80";"8";"2";"1";"2";"3";""
"202400037207";"155716158";"A01";"1";"50";"12";"0";"0";"5";"3";""
"202400037208";"155716159";"A01";"1";"7";"6";"0";"1";"1";"1";""
"202400037209";"155716157";"A01";"1";"2";"0";"2";"4";"9";"3";""
"202400037209";"155716161";"B01";"2";"1";"0";"2";"1";"1";"5";""
"202400037210";"155716156";"A01";"1";"30";"0";"1";"1";"17";"1";""
"202400037211";"155716155";"A01";"3";"7";"0";"0";"9";"1";"1";""
"202400037212";"155716154";"A01";"1";"7";"0";"1";"2";"1";"1";""
"202400037213";"155716152";"B01";"1";"10";"0";"2";"1";"1";"1";""
"202400037213";"155716153";"A01";"1";"7";"0";"2";"8";"10";"1";""
"202400037214";"155716150";"A01";"3";"7";"0";"1";"7";"1";"1";""
"202400037215";"155716151";"A01";"2";"7";"0";"1";"1";"20";"1";""
"202400037216";"155716147";"A01";"1";"37";"1";"1";"5";"15";"6";"1"
"202400037217";"155716144";"A01";"1";"33";"0";"2";"1";"1";"1";""
"202400037217";"155716146";"B01";"1";"7";"0";"2";"4";"23";"1";""
"202400037217";"155716149";"C01";"1";"7";"0";"2";"4";"23";"1";""
"202400037218";"155716145";"A01";"1";"7";"2";"0";"1";"1";"1";""
"202400037219";"155716143";"A01";"0";"10";"0";"2";"8";"1";"1";""
"202400037219";"155716148";"B01";"0";"1";"0";"2";"1";"6";"5";""
"202400037220";"155716139";"B01";"1";"7";"0";"2";"7";"0";"1";""
"202400037220";"155716141";"Y01";"0";"7";"0";"2";"1";"0";"1";""
"202400037221";"155716138";"B01";"3";"7";"0";"2";"1";"1";"2";""
"202400037221";"155716142";"A01";" -1";"50";"0";"2";"7";"19";"3";""
"202400037222";"155716136";"A01";"1";"7";"0";"2";"1";"1";"1";""
"202400037222";"155716140";"B01";"1";"7";"0";"2";"4";"1";"1";""
"202400037223";"155716135";"A01";"2";"7";"0";"2";"1";"13";"1";""
"202400037223";"155716137";"B01";"1";"15";"0";"2";"1";"21";"1";""
"202400037224";"155716133";"A01";"0";"7";"0";"1";"3";"1";"1";""
"202400037225";"155716131";"A01";"2";"7";"15";"0";"2";"14";"1";""
"202400037226";"155716130";"B01";"1";"33";"0";"2";"1";"1";"1";""
"202400037226";"155716134";"A01";"1";"7";"0";"2";"3";"15";"1";""
"202400037227";"155716129";"B01";"2";"1";"0";"2";"1";"1";"5";""
"202400037227";"155716132";"A01";"2";"7";"0";"2";"7";"19";"3";""
"202400037228";"155716124";"B01";"0";"7";"0";"2";"1";"1";"1";""
"202400037228";"155716128";"A01";"0";"7";"0";"2";"1";"1";"1";""
"202400037229";"155716123";"B01";"0";"7";"0";"0";"4";"23";"0";""
"202400037229";"155716126";"A01";"0";"15";"0";"2";"1";"1";"0";""
"202400037230";"155716122";"A01";"1";"7";"0";"2";"7";"15";"1";""
"202400037230";"155716125";"B01";"2";"7";"0";"2";"1";"2";"1";""
"202400037231";"155716121";"A01";"1";"37";"0";"2";"2";"1";"1";"6"
"202400037231";"155716127";"B01";"1";"7";"0";"2";"6";"13";"1";""
"202400037232";"155716119";"B01";"1";"10";"0";"2";"3";"1";"0";""
"202400037232";"155716120";"A01";"1";"80";"0";"2";"7";"17";"3";""
"202400037233";"155716118";"A01";"1";"7";"13";"0";"3";"13";"1";""
"202400037234";"155716114";"A01";"3";"7";"0";"2";"3";"1";"1";""
"202400037234";"155716116";"B01";"3";"1";"0";"2";"7";"1";"5";""
"202400037235";"155716115";"A01";"1";"7";"0";"2";"1";"15";"1";""
"202400037235";"155716117";"B01";"2";"32";"0";"2";"8";"1";"1";""
"202400037236";"155716113";"A01";"3";"7";"0";"1";"1";"1";"1";""
"202400037237";"155716111";"A01";"2";"80";"0";"1";"1";"1";"3";""
"202400037238";"155716109";"A01";"1";"1";"0";"2";"1";"1";"5";""
"202400037238";"155716112";"B01";"1";"7";"0";"2";"1";"1";"1";""
"202400037239";"155716107";"A01";"2";"7";"0";"2";"2";"1";"1";""
"202400037239";"155716110";"B01";"1";"1";"0";"2";"8";"0";"5";""
"202400037240";"155716105";"A01";"1";"7";"0";"2";"1";"1";"1";""
"202400037240";"155716108";"B01";"0";"50";"0";"2";"7";"1";"3";""
"202400037241";"155716104";"A01";"1";"43";"0";"2";"8";"18";"1";""
"202400037241";"155716106";"B01";"1";"15";"0";"2";"2";"1";"0";""
"202400037242";"155716102";"A01";"3";"7";"0";"1";"7";"1";"1";""
"202400037243";"155716101";"B01";"3";"99";"0";"2";"1";"1";"6";""
"202400037243";"155716103";"A01";"3";"7";"0";"2";"1";"9";"2";""
"202400037244";"155716099";"A01";"2";"7";"0";"1";"1";"1";"1";""
"202400037245";"155716098";"A01";"1";"32";"0";"2";"7";"17";"1";""
"202400037245";"155716100";"B01";"1";"7";"0";"2";"3";"1";"2";""
"202400037246";"155716095";"A01";"3";"7";"0";"2";"1";"13";"1";""
"202400037246";"155716097";"B01";"3";"7";"0";"2";"1";"1";"1";""
"202400037247";"155716093";"A01";"1";"10";"0";"2";"3";"16";"1";""
"202400037247";"155716096";"B01";"1";"43";"0";"2";"1";"21";"1";""
"202400037248";"155716091";"A01";"1";"7";"0";"1";"1";"25";"1";""
"202400037249";"155716092";"B01";"2";"7";"0";"2";"1";"1";"1";""
"202400037249";"155716094";"A01";"1";"10";"0";"2";"1";"6";"1";""
"202400037250";"155716089";"B01";"0";"1";"0";"0";"0";"0";"5";""
"202400037250";"155716090";"A01";"1";"7";"0";"2";"1";"1";"1";""
"202400037251";"155716084";"A01";"2";"1";"8";"0";"0";"0";"5";""
"202400037251";"155716086";"Z01";"1";"7";"0";"2";"4";"0";"0";""
"202400037252";"155716081";"A01";"1";"7";"0";"2";"0";"17";"1";""
"202400037252";"155716083";"B01";"1";"1";"0";"2";"0";"1";"5";""
"202400037253";"155716088";"A01";"3";"43";"0";"1";"1";"17";"1";""
"202400037254";"155716079";"A01";"2";"10";"0";"1";"3";"1";"1";""
"202400037255";"155716074";"A01";"2";"30";"0";"2";"1";"1";"1";""
"202400037255";"155716078";"B01";"2";"7";"0";"2";"8";"1";"1";""
"202400037256";"155716075";"A01";"1";"7";"0";"2";"3";"24";"1";""
"202400037256";"155716077";"B01";"1";"80";"1";"2";"1";"2";"3";""
"202400037257";"155716073";"A01";"0";"7";"0";"1";"1";"1";"1";""
"202400037258";"155716068";"A01";"1";"7";"0";"9";"1";"1";"2";""
"202400037258";"155716071";"B01";"2";"50";"0";"2";"8";"1";"3";""
"202400037259";"155716066";"B01";"3";"33";"0";"2";"4";"1";"1";""
"202400037260";"155716069";"A01";"3";"7";"0";"2";"6";"11";"1";""
"202400037260";"155716070";"B01";"3";"33";"0";"2";"1";"1";"1";""
"202400037261";"155716065";"B01";"1";"7";"0";"2";"2";"1";"1";""
"202400037261";"155716067";"A01";"2";"10";"0";"2";"1";"1";"1";""
"202400037262";"155716061";"Y01";"1";"60";"0";"2";"7";"19";"5";""
"202400037262";"155716064";"A01";"1";"7";"0";"2";"3";"1";"1";""
"202400037263";"155716058";"B01";"2";"7";"0";"2";"4";"24";"1";""
"202400037263";"155716060";"A01";"2";"7";"0";"2";"1";"1";"3";""
"202400037264";"155716057";"A01";"1";"7";"3";"0";"9";"1";"1";""
"202400037264";"155716059";"B01";"1";"7";"1";"0";"4";"2";"1";""
"202400037264";"155716063";"C01";"1";"10";"0";"2";"1";"1";"1";""
"202400037265";"155716056";"B01";"3";"7";"0";"2";"2";"16";"1";""
"202400037265";"155716062";"A01";"3";"7";"0";"2";"7";"1";"1";""
"202400037266";"155716054";"A01";"1";"7";"0";"1";"5";"1";"1";""
"202400037267";"155716051";"A01";"3";"50";"0";"1";"1";"1";"3";""
"202400037268";"155716049";"A01";"3";"99";"0";"2";"1";"1";"1";""
"202400037268";"155716052";"B01";"3";"7";"0";"2";"4";"12";"2";""
"202400037268";"155716055";"C01";"3";"37";"0";"2";"4";"23";"1";"1"
"202400037269";"155716048";"B01";"2";"7";"0";"2";"2";"1";"6";""
"202400037269";"155716053";"A01";"1";"7";"0";"2";"3";"13";"6";""
"202400037270";"155716045";"A01";"1";"7";"0";"1";"1";"15";"1";""
"202400037271";"155716043";"D01";"2";"7";"0";"2";"3";"23";"1";""
"202400037271";"155716046";"A01";"2";"7";"0";"2";"1";"1";"1";""
"202400037271";"155716047";"B01";"2";"7";"0";"2";"4";"2";"1";""
"202400037271";"155716050";"C01";"1";"7";"0";"2";"2";"1";"1";""
"202400037272";"155716041";"A01";"2";"7";"0";"2";"3";"15";"2";""
"202400037272";"155716044";"B01";"1";"50";"0";"2";"1";"1";"3";""
"202400037273";"155716040";"B01";"1";"7";"0";"2";"9";"1";"1";""
"202400037273";"155716042";"A01";"1";"7";"0";"2";"8";"9";"1";""
"202400037274";"155716039";"A01";"3";"30";"0";"1";"1";"18";"1";""
"202400037275";"155716037";"A01";"2";"7";"0";"1";"3";"1";"1";""
"202400037276";"155716036";"A01";"1";"7";"0";"1";"3";"1";"1";""
"202400037277";"155716034";"A01";"1";"7";"0";"2";"3";"10";"1";""
"202400037277";"155716038";"B01";"1";"33";"0";"2";"1";"2";"1";""
"202400037278";"155716033";"A01";"1";"10";"0";"2";"1";"1";"1";""
"202400037278";"155716035";"B01";"1";"10";"0";"2";"8";"9";"1";""
"202400037279";"155716029";"B01";"2";"32";"0";"2";"8";"1";"1";""
"202400037279";"155716031";"Z01";"2";"7";"0";"2";"8";"17";"0";""
"202400037280";"155716028";"A01";"3";"10";"0";"2";"4";"2";"1";""
"202400037280";"155716030";"B01";"3";"7";"0";"2";"1";"2";"1";""
"202400037280";"155716032";"C01";"3";"7";"0";"2";"1";"2";"1";""
"202400037281";"155716027";"A01";"1";"7";"0";"1";"1";"1";"1";""
"202400037282";"155716026";"A01";"1";"10";"0";"1";"1";"1";"1";""
"202400037283";"155716025";"A01";"3";"10";"6";"0";"1";"1";"1";""
"202400037284";"155716024";"A01";"2";"30";"0";"1";"1";"1";"3";""
"202400037285";"155716021";"A01";"0";"30";"0";"2";"1";"2";"1";""
"202400037285";"155716023";"B01";"0";"7";"0";"0";"4";"23";"1";""
"202400037286";"155716022";"A01";"1";"0";"1";"0";"2";"0";"1";""
"202400037287";"155716018";"A01";"1";"7";"0";"2";"2";"2";"1";""
"202400037287";"155716020";"B01";"1";"7";"0";"2";"6";"2";"1";""
"202400037288";"155716017";"B01";"2";"7";"0";"2";"1";"2";"1";""
"202400037288";"155716019";"A01";"2";"32";"0";"2";"4";"2";"1";""
"202400037289";"155716015";"A01";"2";"7";"0";"2";"1";"2";"1";""
"202400037289";"155716016";"B01";"2";"7";"0";"2";"4";"2";"2";""
"202400037290";"155716014";"A01";"2";"7";"0";"1";"8";"15";"1";""
"202400037291";"155716011";"A01";"2";"1";"3";"0";"0";"1";"5";""
"202400037292";"155716012";"A01";"3";"7";"0";"1";"7";"16";"0";""
"202400037293";"155716010";"A01";"2";"2";"0";"2";"8";"25";"1";""
"202400037293";"155716013";"B01";"2";"7";"0";"2";"2";"2";"3";""
"202400037294";"155716008";"A01";"1";"21";"0";"0";"8";"1";"1";""
"202400037295";"155716009";"A01";"3";"7";"0";"1";"3";"15";"1";""
"202400037296";"155716005";"A01";"2";"10";"0";"1";"5";"19";"1";""
"202400037297";"155716006";"A01";"3";"30";"0";"2";"1";"5";"1";""
"202400037297";"155716007";"B01";"3";"7";"0";"2";"7";"1";"1";""
"202400037298";"155716003";"A01";"2";"7";"0";"1";"1";"1";"1";""
"202400037299";"155716004";"A01";"3";"7";"2";"0";"1";"1";"1";""
"202400037300";"155716000";"A01";"3";"7";"2";"0";"3";"14";"1";""
"202400037301";"155715996";"A01";"2";"7";"0";"2";"7";"16";"1";""
"202400037301";"155715998";"B01";"2";"37";"0";"2";"3";"1";"1";"2"
"202400037302";"155715997";"B01";"2";"7";"12";"2";"3";"1";"1";""
"202400037302";"155716001";"A01";"2";"10";"0";"2";"2";"15";"1";""
"202400037303";"155715995";"A01";"2";"7";"14";"0";"1";"1";"1";""
"202400037304";"155715994";"A01";"1";"1";"15";"1";"1";"1";"5";""
"202400037305";"155715992";"A01";"0";"7";"6";"0";"4";"26";"2";""
"202400037306";"155715991";"A01";"3";"50";"7";"0";"1";"25";"3";""
"202400037307";"155715990";"B01";"1";"30";"0";"2";"7";"1";"1";""
"202400037307";"155715993";"A01";"3";"10";"0";"2";"3";"16";"0";""
"202400037308";"155715989";"A01";"2";"7";"2";"0";"7";"1";"1";""
"202400037309";"155715987";"A01";"1";"7";"0";"1";"1";"1";"1";""
"202400037310";"155715985";"A01";"1";"10";"0";"1";"4";"4";"1";""
"202400037311";"155715986";"A01";"1";"7";"0";"2";"2";"1";"1";""
"202400037311";"155715988";"B01";"1";"7";"0";"2";"8";"16";"1";""
"202400037312";"155715982";"A01";"3";"7";"0";"0";"3";"1";"1";""
"202400037312";"155715984";"B01";"3";"10";"0";"0";"2";"1";"1";""
"202400037313";"155715981";"A01";"0";"7";"0";"9";"7";"9";"1";""
"202400037313";"155715983";"B01";"0";"50";"0";"2";"7";"2";"3";""
"202400037314";"155715980";"Z01";"0";"7";"0";"1";"0";"1";"0";""
"202400037315";"155715978";"A01";"3";"2";"15";"0";"8";"15";"1";""
"202400037316";"155715977";"A01";"0";"7";"0";"2";"2";"13";"1";""
"202400037316";"155715979";"B01";"3";"7";"0";"2";"5";"1";"1";""
"202400037317";"155715974";"A01";"3";"33";"0";"6";"2";"1";"1";""
"202400037318";"155715973";"A01";"0";"7";"0";"2";"7";"15";"1";""
"202400037318";"155715976";"B01";"0";"33";"0";"2";"1";"1";"1";""
"202400037319";"155715972";"A01";"3";"2";"0";"2";"4";"15";"1";""
"202400037319";"155715975";"B01";"3";"7";"0";"2";"3";"1";"1";""
"202400037320";"155715969";"A01";"1";"7";"6";"0";"1";"1";"1";""
"202400037321";"155715966";"C01";"1";"7";"0";"2";"3";"1";"1";""
"202400037321";"155715968";"A01";"2";"7";"0";"2";"1";"13";"1";""
"202400037321";"155715971";"B01";"1";"3";"0";"2";"1";"1";"1";""
"202400037322";"155715965";"B01";"3";"7";"0";"2";"1";"1";"1";""
"202400037322";"155715970";"A01";"3";"7";"0";"2";"3";"1";"1";""
"202400037323";"155715964";"B01";"3";"7";"0";"2";"7";"1";"1";""
"202400037323";"155715967";"A01";"3";"99";"0";"2";"1";"0";"3";""
"202400037324";"155715960";"A01";"2";"7";"6";"2";"1";"6";"1";""
"202400037324";"155715963";"B01";"1";"7";"0";"2";"2";"15";"1";""
"202400037325";"155715959";"A01";"0";"50";"0";"1";"1";"1";"3";""
"202400037326";"155715961";"A01";"2";"7";"0";"2";"8";"1";"1";""
"202400037326";"155715962";"B01";"1";"14";"0";"2";"1";"1";"1";""
"202400037327";"155715957";"B01";"2";"30";"0";"0";"0";"2";"1";""
"202400037327";"155715958";"A01";"2";"7";"0";"2";"7";"21";"1";""
"202400037328";"155715956";"A01";"1";"7";"2";"0";"3";"13";"1";""
"202400037329";"155715955";"A01";"2";"7";"0";"1";"1";"1";"1";""
"202400037330";"155715951";"A01";"1";"7";"13";"0";"3";"13";"1";""
"202400037331";"155715952";"B01";"1";"33";"0";"2";"1";"1";"1";""
"202400037331";"155715954";"A01";"2";"7";"0";"2";"1";"9";"1";""
"202400037332";"155715948";"B01";"1";"7";"0";"2";"1";"1";"1";""
"202400037332";"155715950";"A01";"1";"7";"0";"2";"1";"1";"1";""
"202400037332";"155715953";"C01";"1";"7";"0";"2";"4";"1";"1";""
"202400037333";"155715946";"A01";"1";"7";"0";"2";"1";"1";"1";""
"202400037333";"155715949";"B01";"1";"7";"0";"2";"4";"11";"2";""
"202400037334";"155715945";"A01";"2";"7";"0";"2";"3";"1";"1";""
"202400037334";"155715947";"B01";"1";"7";"0";"2";"3";"1";"1";""
"202400037335";"155715944";"A01";"2";"7";"0";"1";"1";"21";"1";""
"202400037336";"155715942";"A01";" -1";"7";"2";"0";"1";"1";"1";""
"202400037337";"155715938";"A01";"2";"7";"0";"0";"0";"1";"1";""
"202400037338";"155715940";"B01";"2";"7";"0";"2";"2";"1";"1";""
"202400037338";"155715943";"A01";"2";"7";"0";"2";"1";"1";"1";""
"202400037339";"155715936";"A01";"1";"50";"9";"0";"1";"1";"3";""
"202400037340";"155715932";"A01";"1";"7";"0";"0";"4";"2";"1";""
"202400037340";"155715935";"B01";"1";"7";"0";"2";"1";"1";"1";""