"Num_Acc";"id_vehicule";"num_veh";"senc";"catv";"obs";"obsm";"choc";"manv";"motor";"occutc"
"202400037341";"155715933";"A01";"3";"0";"0";"1";"1";"0";"0";""
"202400037342";"155715930";"A01";"2";"7";"0";"2";"3";"1";"1";""
"202400037342";"155715931";"B01";"1";"7";"0";"2";"3";"1";"1";""
"202400037343";"155715929";"B01";"1";"2";"0";"2";"3";"1";"1";""
"202400037343";"155715934";"A01";"1";"7";"0";"2";"7";"15";"1";""
"202400037344";"155715928";"A01";"1";"7";"4";"0";"2";"1";"1";""
"202400037345";"155715926";"A01";"2";"33";"7";"0";"9";"13";"1";""
"202400037346";"155715924";"A01";"1";"2";"0";"2";"7";"17";"3";""
"202400037346";"155715927";"B01";"1";"7";"0";"2";"0";"15";"0";""
"202400037347";"155715923";"B01";"3";"50";"0";"2";"1";"1";"3";""
"202400037347";"155715925";"A01";"3";"10";"0";"2";"3";"15";"1";""
"202400037348";"155715922";"A01";"3";"7";"0";"1";"0";"1";"1";""
"202400037349";"155715918";"A01";"1";"7";"2";"0";"3";"13";"1";""
"202400037350";"155715917";"A01";"2";"31";"0";"2";"1";"1";"1";""
"202400037350";"155715920";"Z01";"0";"7";"0";"0";"0";"0";"0";""
"202400037351";"155715915";"B01";"2";"7";"0";"2";"3";"1";"1";""
"202400037351";"155715921";"A01";"1";"7";"0";"2";"8";"1";"1";""
"202400037352";"155715916";"A01";"2";"10";"0";"2";"7";"1";"1";""
"202400037352";"155715919";"B01";"2";"80";"0";"2";"8";"17";"3";""
"202400037353";"155715914";"A01";"1";"17";"0";"1";"2";"1";"1";""
"202400037354";"155715909";"A01";"2";"7";"0";"2";"8";"13";"1";""
"202400037354";"155715911";"B01";"1";"7";"0";"2";"3";"1";"1";""
"202400037355";"155715908";"A01";"3";"7";"0";"2";"1";"17";"1";""
"202400037355";"155715912";"B01";"3";"1";"0";"2";"1";"1";"5";""
"202400037356";"155715910";"A01";"2";"31";"1";"2";"1";"1";"1";""
"202400037356";"155715913";"Z01";"1";"10";"0";"2";"0";"17";"0";""
"202400037357";"155715907";"A01";"2";"7";"2";"0";"1";"0";"0";""
"202400037358";"155715906";"A01";"2";"7";"0";"1";"3";"1";"2";""
"202400037359";"155715902";"A01";"2";"7";"0";"0";"2";"1";"1";""
"202400037360";"155715900";"A01";"2";"32";"0";"0";"5";"1";"1";""
"202400037360";"155715901";"B01";"2";"7";"0";"0";"3";"1";"0";""
"202400037361";"155715899";"A01";"1";"7";"16";"0";"1";"2";"1";""
"202400037361";"155715904";"B01";"1";"30";"14";"0";"7";"7";"1";""
"202400037362";"155715903";"A01";"1";"7";"0";"2";"1";"1";"1";""
"202400037362";"155715905";"B01";"1";"7";"0";"2";"4";"1";"1";""
"202400037363";"155715891";"A01";"0";"7";"0";"0";"1";"0";"1";""
"202400037363";"155715893";"B01";"0";"7";"0";"0";"1";"0";"2";""
"202400037364";"155715894";"Z01";"2";"7";"0";"1";"1";"7";"0";""
"202400037365";"155715892";"A01";"2";"10";"0";"2";"3";"17";"1";""
"202400037365";"155715896";"B01";"1";"7";"0";"2";"1";"16";"1";""
"202400037366";"155715890";"A01";"2";"1";"0";"2";"8";"1";"5";""
"202400037366";"155715895";"B01";"2";"1";"0";"2";"7";"1";"5";""
"202400037367";"155715889";"A01";"2";"10";"6";"0";"1";"1";"1";""
"202400037368";"155715887";"A01";"1";"7";"0";"2";"1";"5";"1";""
"202400037368";"155715888";"B01";"2";"7";"0";"2";"1";"1";"1";""
"202400037369";"155715884";"A01";"3";"50";"0";"2";"8";"18";"3";""
"202400037369";"155715886";"B01";"3";"7";"0";"2";"7";"16";"1";""
"202400037370";"155715879";"A01";"2";"7";"0";"2";"3";"1";"1";""
"202400037370";"155715881";"D01";"2";"7";"0";"2";"1";"2";"1";""
"202400037370";"155715883";"B01";"1";"10";"0";"2";"3";"1";"1";""
"202400037370";"155715885";"C01";"1";"7";"0";"2";"1";"2";"1";""
"202400037371";"155715878";"A01";"3";"33";"0";"2";"1";"17";"1";""
"202400037371";"155715882";"B01";"3";"7";"0";"2";"5";"15";"1";""
"202400037372";"155715880";"A01";"2";"50";"0";"0";"7";"16";"3";""
"202400037373";"155715876";"A01";"3";"7";"0";"2";"5";"16";"1";""
"202400037373";"155715877";"B01";"3";"2";"0";"2";"8";"16";"1";""
"202400037374";"155715874";"A01";"2";"7";"0";"2";"4";"9";"1";""
"202400037374";"155715875";"B01";"2";"10";"0";"2";"1";"17";"1";""
"202400037375";"155715871";"B01";"3";"7";"0";"2";"1";"26";"1";""
"202400037375";"155715873";"A01";"3";"1";"0";"2";"8";"5";"5";""
"202400037376";"155715870";"B01";"0";"13";"0";"2";"3";"1";"0";""
"202400037376";"155715872";"A01";"0";"7";"0";"2";"3";"13";"1";""
"202400037377";"155715867";"A01";"1";"10";"0";"2";"8";"15";"1";""
"202400037377";"155715868";"B01";"1";"33";"0";"2";"7";"17";"1";""
"202400037378";"155715866";"A01";"3";"10";"0";"2";"2";"9";"1";""
"202400037378";"155715869";"B01";"1";"1";"0";"2";"7";"1";"5";""
"202400037379";"155715864";"A01";"2";"7";"6";"0";"1";"1";"1";""
"202400037380";"155715863";"B01";"3";"7";"0";"2";"1";"9";"2";""
"202400037380";"155715865";"A01";"3";"1";"0";"2";"1";"5";"5";""
"202400037381";"155715862";"A01";"1";"7";"13";"0";"9";"0";"2";""
"202400037382";"155715860";"A01";"0";"7";"0";"1";"3";"19";"1";""
"202400037383";"155715859";"A01";"1";"7";"0";"2";"1";"1";"1";""
"202400037383";"155715861";"B01";"2";"7";"0";"2";"1";"1";"1";""
"202400037384";"155715856";"A01";"1";"10";"0";"2";"1";"2";"1";""
"202400037384";"155715858";"B01";"1";"7";"15";"2";"4";"2";"1";""
"202400037385";"155715853";"B01";"0";"2";"0";"2";"7";"1";"1";""
"202400037385";"155715855";"A01";"0";"7";"0";"2";"2";"9";"1";""
"202400037386";"155715850";"A01";"3";"7";"0";"9";"2";"26";"1";""
"202400037386";"155715851";"B01";"3";"50";"0";"2";"1";"2";"3";""
"202400037387";"155715848";"A01";"1";"7";"0";"2";"5";"10";"1";""
"202400037387";"155715854";"B01";"1";"7";"0";"2";"1";"1";"1";""
"202400037388";"155715849";"A01";"3";"7";"0";"2";"3";"0";"1";""
"202400037388";"155715852";"B01";"3";"33";"0";"2";"2";"0";"1";""
"202400037389";"155715846";"A01";"0";"7";"2";"0";"1";"0";"1";""
"202400037390";"155715845";"A01";"2";"7";"0";"2";"1";"2";"1";""
"202400037390";"155715847";"B01";"2";"7";"0";"2";"4";"2";"1";""
"202400037391";"155715844";"A01";"2";"33";"1";"0";"3";"15";"1";""
"202400037392";"155715839";"B01";"1";"7";"0";"2";"3";"9";"1";""
"202400037392";"155715843";"A01";"2";"32";"0";"2";"1";"21";"1";""
"202400037393";"155715838";"A01";"1";"7";"0";"2";"6";"15";"1";""
"202400037393";"155715842";"B01";"1";"33";"0";"2";"7";"17";"1";""
"202400037394";"155715837";"A01";"0";"7";"0";"2";"3";"2";"1";""
"202400037394";"155715840";"B01";"0";"7";"0";"2";"4";"1";"1";""
"202400037395";"155715836";"A01";"1";"7";"0";"2";"8";"18";"1";""
"202400037395";"155715841";"B01";"2";"33";"0";"2";"8";"1";"1";""
"202400037396";"155715834";"A01";"1";"7";"5";"0";"2";"14";"1";""
"202400037397";"155715831";"B01";"2";"7";"0";"2";"6";"13";"1";""
"202400037397";"155715835";"A01";"2";"7";"0";"2";"3";"13";"1";""
"202400037398";"155715830";"B01";"0";"7";"0";"2";"3";"1";"1";""
"202400037398";"155715833";"A01";"0";"1";"0";"2";"1";"1";"5";""
"202400037399";"155715829";"B01";"1";"1";"0";"2";"8";"17";"5";""
"202400037399";"155715832";"A01";"1";"7";"0";"2";"3";"17";"1";""
"202400037400";"155715825";"A01";"1";"7";"0";"2";"2";"15";"1";""
"202400037400";"155715827";"B01";"2";"31";"0";"2";"1";"1";"1";""
"202400037401";"155715823";"A01";"2";"1";"13";"0";"1";"1";"5";""
"202400037402";"155715822";"A01";"2";"3";"0";"2";"1";"2";"1";""
"202400037402";"155715826";"B01";"2";"7";"0";"2";"4";"16";"1";""
"202400037403";"155715821";"A01";"2";"7";"0";"2";"1";"1";"1";""
"202400037403";"155715824";"C01";"2";"7";"0";"2";"0";"1";"1";""
"202400037403";"155715828";"B01";"2";"10";"0";"2";"1";"1";"1";""
"202400037404";"155715820";"A01";"1";"33";"8";"0";"2";"1";"1";""
"202400037405";"155715816";"B01";"2";"7";"0";"0";"1";"1";"1";""
"202400037405";"155715819";"A01";"2";"30";"0";"0";"7";"19";"1";""
"202400037406";"155715815";"A01";"2";"7";"0";"2";"3";"5";"1";""
"202400037406";"155715817";"B01";"1";"2";"0";"2";"7";"5";"1";""
"202400037407";"155715814";"A01";"2";"2";"0";"2";"1";"2";"1";""
"202400037407";"155715818";"B01";"2";"7";"0";"2";"4";"2";"1";""
"202400037408";"155715813";"A01";"2";"7";"0";"1";"1";"1";"1";""
"202400037409";"155715810";"B01";"1";"7";"1";"0";"1";"19";"1";""
"202400037409";"155715812";"A01";"2";"1";"0";"2";"1";"23";"5";""
"202400037410";"155715809";"A01";"1";"7";"0";"2";"4";"4";"0";""
"202400037410";"155715811";"B01";"1";"7";"0";"2";"1";"0";"0";""
"202400037411";"155715808";"A01";"1";"7";"6";"0";"1";"6";"1";""
"202400037412";"155715805";"A01";"1";"37";"2";"0";"1";"1";"1";"12"
"202400037413";"155715804";"A01";"3";"30";"0";"2";"0";"1";"1";""
"202400037413";"155715807";"B01";"3";"7";"0";"2";"3";"1";"1";""
"202400037414";"155715803";"A01";"3";"7";"0";"1";"0";"1";"1";""
"202400037415";"155715802";"A01";"3";"7";"3";"2";"1";"13";"1";""
"202400037415";"155715806";"B01";"3";"7";"0";"2";"1";"1";"1";""
"202400037416";"155715799";"A01";"1";"7";"0";"1";"1";"1";"1";""
"202400037417";"155715797";"A01";"1";"7";"0";"2";"4";"2";"1";""
"202400037417";"155715800";"B01";"1";"7";"0";"2";"1";"2";"1";""
"202400037418";"155715798";"A01";"1";"7";"0";"1";"1";"19";"1";""
"202400037419";"155715796";"B01";"3";"7";"0";"1";"1";"23";"1";""
"202400037419";"155715801";"A01";"1";"7";"1";"0";"1";"23";"2";""
"202400037420";"155715795";"A01";"1";"7";"4";"0";"9";"2";"1";""
"202400037421";"155715794";"A01";"0";"2";"1";"0";"1";"14";"1";""
"202400037422";"155715791";"A01";"2";"32";"7";"0";"2";"1";"1";""
"202400037423";"155715792";"A01";"1";"7";"0";"1";"1";"1";"1";""
"202400037424";"155715793";"Z01";"2";"30";"0";"1";"1";"1";"1";""
"202400037425";"155715790";"A01";"3";"33";"12";"0";"7";"0";"1";""
"202400037426";"155715786";"B01";"2";"33";"0";"2";"7";"3";"1";""
"202400037426";"155715789";"Z01";"2";"0";"0";"2";"3";"11";"0";""
"202400037427";"155715787";"A01";"1";"1";"12";"0";"2";"1";"5";""
"202400037428";"155715785";"Z01";"1";"7";"0";"2";"5";"15";"0";""
"202400037428";"155715788";"A01";"2";"33";"0";"2";"2";"1";"1";""
"202400037429";"155715781";"A01";"2";"7";"0";"2";"1";"2";"1";""
"202400037429";"155715783";"B01";"2";"7";"0";"2";"4";"2";"1";""
"202400037430";"155715779";"B01";"2";"7";"0";"2";"1";"1";"1";""
"202400037430";"155715784";"A01";"2";"7";"0";"2";"2";"19";"1";""
"202400037431";"155715780";"A01";"2";"50";"0";"2";"1";"5";"3";""
"202400037431";"155715782";"B01";"2";"80";"0";"2";"1";"1";"3";""
"202400037432";"155715777";"B01";"3";"7";"0";"2";"8";"15";"2";""
"202400037432";"155715778";"A01";"3";"7";"0";"2";"1";"15";"1";""
"202400037433";"155715774";"B01";"1";"7";"0";"2";"4";"1";"1";""
"202400037433";"155715775";"Z01";"1";"7";"0";"2";"1";"2";"1";""
"202400037434";"155715771";"A01";"2";"7";"0";"1";"2";"26";"1";""
"202400037435";"155715770";"C01";"2";"7";"0";"2";"1";"2";"1";""
"202400037435";"155715773";"A01";"2";"7";"3";"2";"0";"1";"1";""
"202400037435";"155715776";"B01";"2";"7";"0";"2";"1";"2";"1";""
"202400037436";"155715769";"A01";"1";"7";"0";"2";"1";"1";"1";""
"202400037436";"155715772";"B01";"1";"7";"0";"2";"4";"1";"1";""
"202400037437";"155715767";"A01";"1";"7";"1";"0";"7";"14";"1";""
"202400037438";"155715763";"A01";"2";"7";"0";"2";"4";"26";"1";""
"202400037438";"155715766";"B01";"2";"32";"0";"2";"1";"2";"1";""
"202400037439";"155715762";"A01";"2";"7";"0";"2";"5";"7";"2";""
"202400037439";"155715765";"B01";"2";"80";"0";"2";"5";"2";"3";""
"202400037440";"155715760";"D01";"2";"7";"0";"2";"0";"0";"1";""
"202400037440";"155715761";"B01";"2";"7";"0";"2";"4";"1";"1";""
"202400037440";"155715764";"C01";"2";"10";"0";"2";"5";"1";"1";""
"202400037440";"155715768";"A01";"2";"33";"0";"2";"0";"3";"1";""
"202400037441";"155715759";"A01";"1";"7";"0";"1";"1";"1";"1";""
"202400037442";"155715756";"A01";"2";"17";"0";"2";"7";"1";"1";""
"202400037442";"155715758";"B01";"2";"7";"0";"2";"8";"9";"1";""
"202400037443";"155715755";"A01";"1";"7";"4";"0";"2";"1";"1";""
"202400037444";"155715754";"A01";"2";"7";"0";"2";"2";"12";"1";""
"202400037444";"155715757";"B01";"2";"33";"0";"2";"1";"1";"1";""
"202400037445";"155715751";"A01";"2";"7";"5";"0";"2";"14";"2";""
"202400037446";"155715750";"A01";"1";"30";"0";"2";"3";"17";"1";""
"202400037446";"155715753";"B01";"1";"7";"0";"2";"3";"9";"1";""
"202400037447";"155715749";"A01";"2";"10";"3";"2";"0";"13";"1";""
"202400037447";"155715752";"B01";"2";"10";"0";"2";"0";"0";"1";""
"202400037448";"155715747";"A01";"1";"32";"0";"1";"5";"11";"1";""
"202400037449";"155715743";"A01";"2";"33";"0";"2";"0";"2";"1";""
"202400037449";"155715746";"B01";"2";"7";"0";"2";"4";"2";"1";""
"202400037450";"155715741";"A01";"2";"7";"0";"2";"2";"26";"1";""
"202400037450";"155715745";"C01";"2";"7";"0";"2";"5";"1";"2";""
"202400037450";"155715748";"B01";"2";"7";"0";"2";"8";"1";"2";""
"202400037451";"155715740";"A01";"3";"7";"8";"2";"5";"1";"1";""
"202400037451";"155715744";"B01";"3";"7";"12";"2";"1";"1";"1";""
"202400037452";"155715738";"A01";"1";"7";"0";"2";"5";"20";"1";""
"202400037452";"155715742";"B01";"1";"2";"0";"2";"1";"1";"1";""
"202400037453";"155715737";"A01";"1";"33";"0";"2";"1";"3";"1";""
"202400037453";"155715739";"B01";"1";"7";"0";"2";"8";"1";"1";""
"202400037454";"155715736";"A01";"1";"7";"4";"0";"2";"26";"1";""
"202400037455";"155715734";"A01";"3";"50";"0";"1";"1";"1";"3";""
"202400037456";"155715733";"A01";"2";"31";"0";"2";"8";"1";"1";""
"202400037457";"155715731";"B01";"3";"7";"0";"2";"1";"23";"1";""
"202400037457";"155715735";"A01";"3";"7";"0";"2";"4";"23";"1";""
"202400037458";"155715729";"B01";"2";"15";"0";"2";"2";"1";"1";""
"202400037458";"155715730";"C01";"2";"43";"0";"2";"1";"1";"1";""
"202400037458";"155715732";"A01";"2";"7";"0";"2";"8";"0";"1";""
"202400037459";"155715727";"A01";"1";"7";"6";"0";"3";"26";"1";""
"202400037460";"155715726";"A01";"1";"3";"1";"2";"1";"0";"1";""
"202400037460";"155715728";"B01";"2";"7";"0";"2";"1";"26";"1";""
"202400037461";"155715723";"A01";"2";"7";"0";"2";"1";"2";"1";""
"202400037461";"155715724";"B01";"2";"7";"0";"2";"4";"2";"1";""
"202400037462";"155715721";"A01";"1";"33";"0";"2";"1";"18";"1";""
"202400037462";"155715722";"B01";"1";"7";"0";"2";"5";"1";"1";""
"202400037463";"155715718";"A01";"1";"7";"16";"0";"1";"26";"1";""
"202400037464";"155715719";"A01";"3";"7";"0";"2";"2";"1";"1";""
"202400037464";"155715725";"B01";"3";"99";"0";"2";"1";"1";"1";""
"202400037465";"155715717";"A01";"1";"7";"0";"0";"0";"16";"1";""
"202400037466";"155715716";"B01";"2";"31";"0";"2";"1";"1";"1";""
"202400037466";"155715720";"A01";"1";"7";"0";"2";"6";"1";"1";""
"202400037467";"155715715";"A01";"3";"32";"0";"0";"0";"0";"6";""
"202400037468";"155715713";"A01";"1";"7";"4";"0";"1";"2";"1";""
"202400037469";"155715712";"A01";"3";"7";"0";"2";"1";"5";"1";""
"202400037469";"155715714";"B01";"3";"7";"0";"2";"1";"0";"1";""
"202400037470";"155715707";"B01";"2";"33";"0";"2";"1";"1";"1";""
"202400037470";"155715711";"A01";"1";"7";"0";"2";"8";"15";"1";""
"202400037471";"155715705";"A01";"2";"7";"0";"2";"7";"15";"3";""
"202400037471";"155715710";"B01";"1";"34";"0";"2";"1";"1";"1";""
"202400037472";"155715706";"B01";"2";"7";"0";"2";"0";"1";"1";""
"202400037472";"155715709";"A01";"2";"7";"0";"2";"0";"1";"2";""
"202400037473";"155715704";"A01";"2";"7";"0";"2";"3";"11";"1";""
"202400037473";"155715708";"B01";"2";"33";"0";"2";"2";"2";"1";""
"202400037474";"155715701";"A01";"2";"33";"0";"0";"7";"3";"1";""
"202400037475";"155715699";"A01";"1";"10";"0";"2";"2";"16";"1";""
"202400037475";"155715702";"B01";"1";"50";"0";"2";"1";"1";"3";""
"202400037476";"155715698";"A01";"2";"7";"1";"0";"3";"26";"1";""
"202400037477";"155715695";"B01";"0";"10";"0";"2";"0";"0";"1";""
"202400037477";"155715696";"A01";"0";"7";"0";"2";"8";"0";"1";""
"202400037478";"155715694";"A01";"2";"33";"0";"2";"6";"3";"1";""
"202400037478";"155715697";"B01";"2";"7";"0";"2";"5";"0";"1";""
"202400037479";"155715691";"A01";"3";"7";"1";"0";"1";"2";"1";""
"202400037480";"155715690";"B01";"3";"2";"0";"2";"1";"6";"1";""
"202400037480";"155715693";"A01";"1";"7";"0";"2";"2";"1";"2";""
"202400037481";"155715689";"A01";"1";"7";"0";"2";"2";"2";"1";""
"202400037481";"155715692";"B01";"1";"10";"0";"2";"6";"2";"1";""
"202400037482";"155715687";"A01";"2";"10";"0";"2";"8";"11";"1";""
"202400037482";"155715688";"B01";"2";"33";"0";"2";"1";"1";"1";""
"202400037483";"155715686";"A01";"1";"7";"8";"0";"7";"17";"1";""
"202400037484";"155715685";"B01";"0";"7";"0";"0";"0";"0";"0";""
"202400037485";"155715682";"A01";"1";"7";"0";"2";"1";"1";"1";""
"202400037485";"155715684";"B01";"1";"7";"0";"2";"4";"1";"1";""
"202400037486";"155715680";"A01";"1";"33";"0";"2";"1";"17";"1";""
"202400037486";"155715683";"B01";"1";"7";"0";"0";"6";"15";"1";""
"202400037487";"155715679";"A01";"2";"30";"0";"2";"1";"26";"1";""
"202400037487";"155715681";"B01";"2";"10";"0";"2";"8";"0";"1";""
"202400037488";"155715674";"A01";"3";"10";"1";"9";"6";"20";"1";""
"202400037489";"155715673";"A01";"1";"7";"13";"0";"1";"14";"1";""
"202400037490";"155715676";"B01";"2";"1";"0";"2";"1";"1";"5";""
"202400037490";"155715677";"A01";"1";"7";"0";"2";"3";"16";"1";""
"202400037491";"155715675";"B01";"3";"33";"0";"2";"1";"0";"1";""
"202400037491";"155715678";"A01";"3";"7";"0";"2";"5";"15";"2";""
"202400037492";"155715672";"A01";"1";"7";"0";"1";"1";"1";"1";""
"202400037493";"155715671";"A01";"2";"7";"6";"0";"2";"14";"1";""
"202400037494";"155715668";"B01";"3";"33";"0";"2";"1";"1";"1";""
"202400037494";"155715670";"A01";"3";"7";"0";"2";"3";"13";"1";""
"202400037495";"155715667";"B01";"2";"2";"0";"2";"2";"1";"1";""
"202400037495";"155715669";"A01";"2";"7";"0";"2";"3";"9";"1";""
"202400037496";"155715666";"A01";"1";"7";"8";"0";"1";"14";"1";""
"202400037497";"155715665";"A01";"3";"32";"0";"1";"0";"2";"1";""
"202400037498";"155715662";"A01";"0";"1";"0";"1";"0";"26";"5";""
"202400037499";"155715660";"A01";"1";"7";"0";"2";"1";"13";"1";""
"202400037499";"155715663";"B01";"2";"7";"0";"2";"1";"1";"1";""
"202400037500";"155715659";"B01";"2";"7";"0";"2";"3";"1";"1";""
"202400037500";"155715664";"A01";"1";"7";"0";"2";"3";"1";"1";""
"202400037501";"155715658";"A01";"2";"32";"0";"2";"2";"1";"1";""
"202400037501";"155715661";"B01";"2";"7";"0";"2";"3";"1";"1";""
"202400037502";"155715656";"A01";"1";"38";"12";"9";"5";"16";"1";"1"
"202400037503";"155715652";"A01";"3";"7";"0";"2";"1";"15";"1";""
"202400037503";"155715655";"B01";"3";"30";"0";"2";"8";"1";"1";""
"202400037504";"155715653";"B01";"2";"7";"0";"2";"1";"15";"2";""
"202400037504";"155715657";"A01";"1";"33";"0";"2";"7";"1";"1";""
"202400037505";"155715651";"A01";"1";"32";"0";"2";"1";"17";"1";""
"202400037505";"155715654";"B01";"1";"2";"0";"2";"4";"15";"1";""
"202400037506";"155715647";"B01";"2";"7";"0";"2";"4";"11";"1";""
"202400037506";"155715649";"A01";"2";"33";"0";"2";"1";"3";"1";""
"202400037507";"155715648";"B01";"1";"30";"0";"2";"1";"1";"1";""
"202400037507";"155715650";"A01";"3";"7";"0";"2";"7";"1";"1";""
"202400037508";"155715646";"A01";"1";"7";"0";"1";"1";"1";"1";""
"202400037509";"155715644";"A01";"2";"15";"0";"2";"2";"1";"1";""
"202400037509";"155715645";"B01";"2";"7";"3";"2";"3";"18";"1";""
"202400037510";"155715643";"A01";"2";"33";"4";"0";"0";"13";"1";""
"202400037511";"155715642";"A01";"1";"30";"0";"0";"0";"2";"1";""
"202400037512";"155715639";"A01";"1";"7";"0";"1";"1";"16";"1";""
"202400037513";"155715638";"A01";"2";"33";"0";"0";"9";"1";"1";""
"202400037513";"155715641";"B01";"0";"7";"0";"0";"0";"9";"1";""
"202400037514";"155715636";"B01";"1";"7";"0";"0";"6";"1";"1";""
"202400037514";"155715640";"A01";"1";"7";"4";"2";"1";"2";"1";""
"202400037515";"155715635";"A01";"3";"10";"0";"2";"3";"26";"1";""
"202400037515";"155715637";"B01";"3";"7";"0";"2";"7";"1";"1";""
"202400037516";"155715632";"B01";"3";"37";"0";"2";"3";"1";"1";"1"
"202400037516";"155715634";"A01";"3";"50";"0";"2";"1";"1";"3";""
"202400037517";"155715630";"A01";"2";"7";"4";"2";"1";"14";"1";""
"202400037518";"155715631";"A01";"1";"7";"0";"2";"3";"11";"1";""
"202400037518";"155715633";"B01";"1";"33";"10";"2";"1";"1";"1";""
"202400037519";"155715629";"A01";"3";"7";"6";"0";"1";"26";"1";""
"202400037520";"155715627";"A01";"1";"7";"4";"2";"1";"11";"2";""
"202400037521";"155715625";"A01";"2";"7";"4";"0";"3";"13";"1";""
"202400037522";"155715624";"A01";"2";"7";"0";"2";"3";"11";"1";""
"202400037522";"155715628";"B01";"2";"7";"1";"2";"2";"17";"1";""
"202400037523";"155715623";"A01";"1";"7";"0";"2";"3";"2";"1";""
"202400037523";"155715626";"B01";"1";"2";"0";"2";"5";"9";"1";""
"202400037524";"155715622";"A01";"3";"7";"0";"1";"1";"1";"0";""
"202400037525";"155715618";"A01";"2";"30";"0";"2";"1";"2";"1";""
"202400037525";"155715621";"B01";"2";"10";"0";"2";"4";"23";"1";""
"202400037526";"155715617";"A01";"1";"7";"0";"2";"1";"5";"1";""
"202400037526";"155715619";"B01";"2";"7";"0";"2";"1";"1";"1";""
"202400037527";"155715616";"B01";"1";"31";"0";"2";"1";"1";"3";""
"202400037527";"155715620";"A01";"1";"7";"0";"2";"3";"15";"0";""
"202400037528";"155715614";"A01";"2";"7";"0";"2";"2";"9";"1";""
"202400037528";"155715615";"B01";"1";"7";"0";"2";"3";"1";"1";""
"202400037529";"155715610";"A01";"2";"30";"0";"2";"1";"1";"1";""
"202400037529";"155715613";"B01";"2";"7";"0";"2";"6";"2";"2";""
"202400037530";"155715609";"A01";"2";"33";"0";"2";"7";"0";"1";""
"202400037530";"155715612";"B01";"2";"7";"0";"2";"8";"11";"0";""
"202400037531";"155715606";"B01";"2";"7";"0";"2";"3";"23";"1";""
"202400037531";"155715608";"A01";"1";"7";"11";"2";"1";"14";"1";""
"202400037532";"155715605";"A01";"1";"7";"0";"2";"7";"1";"1";""
"202400037532";"155715611";"B01";"2";"10";"0";"2";"8";"1";"3";""
"202400037533";"155715603";"A01";"3";"1";"0";"2";"0";"0";"5";""
"202400037533";"155715607";"B01";"3";"7";"0";"2";"1";"0";"1";""
"202400037534";"155715602";"A01";"1";"7";"0";"0";"5";"21";"3";""
"202400037534";"155715604";"B01";"1";"34";"0";"2";"1";"3";"1";""
"202400037535";"155715599";"A01";"1";"33";"0";"0";"1";"26";"1";""
"202400037536";"155715596";"B01";"2";"7";"0";"2";"1";"1";"1";""
"202400037536";"155715601";"A01";"1";"7";"0";"2";"3";"9";"1";""
"202400037537";"155715597";"A01";"1";"2";"6";"0";"1";"1";"1";""
"202400037538";"155715598";"A01";"2";"30";"0";"2";"1";"1";"3";""
"202400037538";"155715600";"B01";"2";"32";"0";"2";"4";"23";"1";""
"202400037539";"155715595";"A01";"1";"15";"1";"0";"7";"14";"1";""
"202400037540";"155715593";"A01";"1";"33";"9";"0";"1";"1";"1";""
"202400037541";"155715589";"B01";"2";"43";"0";"2";"1";"1";"1";""
"202400037541";"155715592";"A01";"2";"7";"0";"2";"3";"1";"2";""
"202400037542";"155715590";"A01";"2";"7";"0";"2";"3";"9";"1";""
"202400037542";"155715594";"B01";"1";"7";"0";"2";"7";"1";"1";""
"202400037543";"155715588";"B01";"1";"31";"0";"2";"4";"23";"3";""
"202400037543";"155715591";"A01";"1";"7";"14";"0";"1";"2";"1";""
"202400037544";"155715586";"A01";"1";"33";"13";"0";"1";"2";"1";""
"202400037545";"155715582";"B01";"2";"80";"0";"2";"2";"1";"3";""
"202400037545";"155715585";"A01";"2";"7";"0";"2";"3";"22";"1";""
"202400037546";"155715584";"A01";"3";"7";"0";"2";"7";"15";"0";""
"202400037546";"155715587";"B01";"3";"7";"0";"2";"1";"1";"0";""
"202400037547";"155715580";"A01";"1";"7";"0";"2";"2";"15";"1";""
"202400037547";"155715583";"B01";"2";"33";"0";"2";"8";"1";"1";""
"202400037548";"155715578";"A01";"2";"33";"0";"2";"0";"11";"1";""
"202400037548";"155715581";"B01";"1";"10";"0";"2";"8";"1";"1";""
"202400037549";"155715576";"A01";"2";"14";"0";"2";"8";"23";"4";""
"202400037549";"155715579";"B01";"2";"1";"1";"0";"8";"17";"5";""
"202400037550";"155715575";"A01";"1";"50";"12";"0";"1";"1";"3";""
"202400037551";"155715577";"A01";"1";"30";"0";"0";"0";"23";"1";""
"202400037552";"155715572";"A01";"2";"7";"0";"2";"3";"15";"1";""
"202400037552";"155715574";"B01";"2";"7";"0";"2";"3";"1";"1";""
"202400037553";"155715570";"B01";"1";"2";"0";"2";"1";"1";"1";""
"202400037553";"155715573";"A01";"1";"10";"0";"0";"6";"23";"1";""
"202400037554";"155715569";"B01";"1";"33";"0";"2";"7";"15";"1";""
"202400037554";"155715571";"A01";"1";"7";"0";"2";"3";"15";"1";""
"202400037555";"155715567";"A01";"1";"7";"12";"0";"1";"1";"0";""
"202400037556";"155715566";"A01";"2";"33";"0";"2";"1";"1";"1";""
"202400037556";"155715568";"B01";"2";"7";"0";"2";"8";"15";"1";""
"202400037557";"155715565";"A01";"2";"34";"4";"0";"3";"1";"1";""
"202400037558";"155715561";"A01";"0";"7";"0";"9";"1";"1";"3";""
"202400037558";"155715563";"B01";"0";"50";"0";"2";"1";"1";"3";""