"Num_Acc";"id_vehicule";"num_veh";"senc";"catv";"obs";"obsm";"choc";"manv";"motor";"occutc"
"202400037559";"155715564";"A01";"1";"7";"9";"0";"3";"1";"1";""
"202400037560";"155715562";"A01";"1";"30";"0";"1";"1";"2";"0";""
"202400037561";"155715559";"A01";"1";"7";"0";"2";"1";"13";"1";""
"202400037561";"155715560";"B01";"2";"2";"0";"2";"1";"1";"1";""
"202400037562";"155715555";"A01";"2";"10";"0";"2";"3";"13";"1";""
"202400037562";"155715558";"B01";"1";"38";"0";"2";"3";"1";"1";"1"
"202400037563";"155715556";"A01";"1";"7";"0";"1";"3";"2";"1";""
"202400037564";"155715554";"B01";"2";"1";"0";"2";"1";"2";"5";""
"202400037564";"155715557";"A01";"2";"7";"0";"2";"5";"2";"1";""
"202400037565";"155715553";"A01";"2";"33";"0";"0";"0";"1";"1";""
"202400037566";"155715550";"A01";"2";"7";"0";"1";"4";"26";"1";""
"202400037567";"155715549";"A01";"0";"7";"0";"2";"3";"15";"1";""
"202400037567";"155715552";"B01";"0";"7";"0";"2";"3";"1";"2";""
"202400037568";"155715547";"A01";"0";"7";"0";"2";"7";"15";"1";""
"202400037568";"155715551";"B01";"1";"7";"0";"2";"1";"1";"3";""
"202400037569";"155715545";"A01";"0";"30";"0";"0";"8";"1";"1";""
"202400037570";"155715544";"A01";"1";"33";"0";"2";"1";"1";"1";""
"202400037570";"155715546";"B01";"1";"7";"0";"2";"6";"1";"1";""
"202400037571";"155715539";"A01";"1";"7";"1";"0";"2";"1";"1";""
"202400037572";"155715541";"A01";"2";"1";"0";"2";"8";"19";"5";""
"202400037572";"155715542";"B01";"2";"7";"0";"2";"7";"2";"1";""
"202400037573";"155715540";"B01";"2";"7";"0";"2";"3";"1";"1";""
"202400037573";"155715543";"A01";"1";"33";"0";"2";"3";"17";"1";""
"202400037574";"155715534";"A01";"1";"7";"0";"2";"1";"1";"0";""
"202400037574";"155715536";"B01";"1";"50";"0";"2";"4";"1";"3";""
"202400037575";"155715537";"A01";"3";"7";"0";"2";"1";"1";"2";""
"202400037575";"155715538";"B01";"3";"50";"0";"2";"7";"0";"3";""
"202400037576";"155715535";"A01";"2";"7";"0";"1";"1";"1";"2";""
"202400037577";"155715533";"A01";"2";"7";"2";"0";"3";"13";"1";""
"202400037578";"155715532";"A01";"1";"7";"6";"0";"2";"10";"1";""
"202400037579";"155715531";"A01";"2";"7";"0";"1";"2";"26";"6";""
"202400037580";"155715528";"B01";"1";"7";"0";"2";"1";"15";"0";""
"202400037580";"155715530";"A01";"2";"10";"0";"2";"3";"2";"1";""
"202400037581";"155715527";"A01";"1";"7";"0";"2";"1";"13";"1";""
"202400037581";"155715529";"B01";"2";"7";"0";"2";"1";"1";"1";""
"202400037582";"155715523";"A01";"1";"31";"0";"2";"1";"1";"1";""
"202400037582";"155715525";"B01";"2";"7";"0";"2";"1";"15";"1";""
"202400037583";"155715524";"A01";"1";"7";"0";"2";"2";"16";"1";""
"202400037583";"155715526";"B01";"1";"50";"0";"2";"0";"1";"3";""
"202400037584";"155715522";"A01";"3";"7";"1";"0";"1";"1";"1";""
"202400037585";"155715518";"A01";"3";"10";"0";"1";"0";"19";"1";""
"202400037586";"155715519";"A01";"2";"30";"0";"2";"1";"5";"1";""
"202400037586";"155715521";"B01";"1";"7";"0";"9";"1";"17";"1";""
"202400037587";"155715517";"Z01";"2";"7";"0";"2";"2";"9";"1";""
"202400037587";"155715520";"B01";"2";"2";"0";"2";"3";"9";"1";""
"202400037588";"155715512";"A01";"3";"7";"0";"2";"2";"1";"1";""
"202400037588";"155715516";"B01";"3";"7";"0";"2";"1";"15";"1";""
"202400037589";"155715513";"A01";"1";"33";"16";"0";"1";"1";"1";""
"202400037590";"155715510";"Z01";"1";"7";"0";"0";"0";"0";"0";""
"202400037590";"155715514";"B01";"1";"50";"0";"2";"1";"26";"3";""
"202400037591";"155715509";"A01";"1";"7";"2";"0";"3";"1";"1";""
"202400037592";"155715506";"A01";"1";"1";"0";"0";"1";"26";"5";""
"202400037593";"155715508";"B01";"3";"10";"8";"0";"4";"23";"0";""
"202400037593";"155715511";"A01";"3";"7";"0";"2";"1";"23";"1";""
"202400037593";"155715515";"C01";"0";"10";"0";"2";"1";"1";"0";""
"202400037594";"155715503";"A01";"3";"7";"0";"2";"1";"1";"1";""
"202400037594";"155715504";"B01";"3";"7";"0";"2";"4";"1";"1";""
"202400037595";"155715505";"B01";"1";"7";"0";"9";"2";"2";"1";""
"202400037595";"155715507";"A01";"1";"1";"13";"2";"3";"2";"5";""
"202400037596";"155715502";"A01";"2";"32";"12";"0";"8";"13";"1";""
"202400037597";"155715501";"A01";"3";"50";"14";"0";"2";"1";"3";""
"202400037598";"155715499";"A01";"2";"7";"1";"0";"1";"1";"1";""
"202400037599";"155715497";"B01";"3";"31";"0";"2";"1";"1";"1";""
"202400037599";"155715500";"A01";"3";"7";"0";"2";"2";"15";"2";""
"202400037600";"155715498";"A01";"2";"7";"13";"0";"1";"17";"1";""
"202400037601";"155715495";"A01";"3";"7";"0";"1";"1";"1";"1";""
"202400037602";"155715496";"A01";"3";"32";"15";"0";"1";"1";"1";""
"202400037603";"155715493";"A01";"1";"33";"0";"2";"7";"17";"1";""
"202400037603";"155715494";"B01";"1";"7";"0";"2";"3";"15";"1";""
"202400037604";"155715490";"A01";"3";"7";"0";"1";"3";"0";"0";""
"202400037605";"155715492";"A01";"1";"7";"3";"0";"0";"1";"1";""
"202400037606";"155715489";"A01";"2";"30";"0";"2";"1";"1";"3";""
"202400037606";"155715491";"B01";"2";"7";"0";"2";"4";"1";"1";""
"202400037607";"155715486";"A01";"2";"7";"0";"2";"1";"1";"0";""
"202400037607";"155715488";"B01";"2";"1";"0";"2";"8";"26";"5";""
"202400037608";"155715484";"B01";"2";"1";"0";"2";"1";"1";"5";""
"202400037608";"155715487";"A01";"2";"7";"0";"9";"3";"16";"2";""
"202400037609";"155715485";"A01";"3";"7";"0";"1";"1";"1";"1";""
"202400037610";"155715483";"A01";"2";"7";"0";"1";"8";"1";"1";""
"202400037611";"155715478";"A01";"3";"7";"0";"0";"8";"1";"1";""
"202400037611";"155715481";"B01";"0";"7";"0";"0";"1";"1";"2";""
"202400037612";"155715476";"A01";"2";"7";"0";"1";"2";"1";"1";""
"202400037613";"155715474";"B01";"2";"50";"0";"2";"1";"1";"3";""
"202400037613";"155715477";"A01";"1";"7";"0";"2";"3";"9";"1";""
"202400037614";"155715473";"A01";"3";"10";"0";"1";"7";"1";"1";""
"202400037615";"155715475";"A01";"2";"10";"0";"2";"1";"1";"1";""
"202400037615";"155715479";"B01";"1";"7";"0";"2";"1";"13";"1";""
"202400037616";"155715471";"A01";"3";"7";"1";"0";"1";"19";"1";""
"202400037617";"155715469";"A01";"2";"7";"0";"1";"1";"1";"1";""
"202400037618";"155715470";"A01";"1";"7";"0";"2";"1";"16";"1";""
"202400037618";"155715472";"B01";"1";"34";"0";"2";"6";"1";"1";""
"202400037619";"155715465";"A01";"3";"7";"0";"2";"3";"10";"1";""
"202400037619";"155715468";"B01";"3";"33";"0";"2";"1";"0";"1";""
"202400037620";"155715463";"A01";"2";"7";"0";"2";"3";"13";"2";""
"202400037620";"155715464";"B01";"1";"7";"0";"2";"1";"0";"1";""
"202400037620";"155715467";"C01";"1";"7";"0";"2";"3";"21";"1";""
"202400037621";"155715461";"A01";"1";"10";"0";"1";"2";"16";"0";""
"202400037622";"155715462";"A01";"3";"7";"0";"1";"1";"15";"1";""
"202400037623";"155715459";"A01";"2";"7";"6";"0";"2";"1";"1";""
"202400037624";"155715457";"A01";"3";"10";"0";"1";"4";"25";"1";""
"202400037625";"155715456";"B01";"2";"3";"0";"2";"3";"23";"1";""
"202400037625";"155715458";"A01";"2";"2";"0";"2";"1";"2";"1";""
"202400037626";"155715455";"A01";"0";"80";"0";"9";"1";"26";"3";""
"202400037627";"155715452";"A01";"2";"1";"0";"1";"1";"1";"5";""
"202400037628";"155715454";"A01";"2";"33";"0";"0";"0";"13";"1";""
"202400037629";"155715451";"B01";"2";"7";"7";"0";"3";"1";"1";""
"202400037629";"155715453";"Z01";"2";"7";"7";"0";"0";"16";"0";""
"202400037630";"155715447";"A01";"1";"7";"0";"1";"1";"1";"1";""
"202400037631";"155715449";"B01";"2";"99";"0";"2";"1";"1";"3";""
"202400037631";"155715450";"A01";"1";"7";"0";"9";"2";"1";"2";""
"202400037632";"155715448";"A01";"2";"7";"13";"0";"2";"14";"1";""
"202400037633";"155715445";"B01";"0";"7";"0";"2";"1";"1";"1";""
"202400037633";"155715446";"A01";"0";"31";"0";"2";"1";"5";"0";""
"202400037634";"155715440";"A01";"2";"7";"0";"2";"3";"13";"1";""
"202400037634";"155715443";"B01";"1";"7";"0";"2";"3";"1";"1";""
"202400037635";"155715441";"A01";"2";"7";"0";"2";"1";"2";"1";""
"202400037635";"155715442";"B01";"2";"7";"0";"2";"4";"1";"1";""
"202400037636";"155715439";"A01";"1";"10";"0";"1";"2";"9";"1";""
"202400037637";"155715438";"A01";"2";"7";"0";"2";"8";"10";"1";""
"202400037637";"155715444";"B01";"2";"33";"0";"2";"1";"5";"1";""
"202400037638";"155715435";"A01";"3";"7";"0";"0";"2";"15";"0";""
"202400037639";"155715434";"A01";"1";"7";"0";"2";"2";"1";"1";""
"202400037639";"155715436";"B01";"0";"1";"0";"2";"0";"1";"5";""
"202400037640";"155715437";"A01";"1";"33";"13";"0";"8";"1";"1";""
"202400037641";"155715433";"A01";"1";"10";"0";"1";"2";"1";"0";""
"202400037642";"155715431";"A01";"1";"7";"6";"0";"1";"1";"1";""
"202400037643";"155715430";"B01";"2";"33";"0";"2";"8";"1";"1";""
"202400037643";"155715432";"A01";"2";"10";"0";"2";"1";"19";"1";""
"202400037644";"155715428";"B01";"1";"30";"0";"2";"3";"1";"1";""
"202400037644";"155715429";"A01";"2";"7";"0";"2";"3";"15";"1";""
"202400037645";"155715427";"A01";"2";"33";"6";"0";"3";"15";"1";""
"202400037646";"155715425";"A01";"3";"7";"0";"2";"1";"1";"1";""
"202400037646";"155715426";"B01";"3";"37";"0";"2";"4";"23";"1";"1"
"202400037647";"155715423";"B01";"1";"7";"0";"2";"6";"23";"1";""
"202400037647";"155715424";"A01";"1";"7";"0";"2";"2";"2";"1";""
"202400037648";"155715417";"A01";"2";"1";"0";"2";"1";"15";"5";""
"202400037648";"155715420";"B01";"1";"37";"0";"2";"3";"1";"3";"1"
"202400037649";"155715414";"A01";"1";"1";"0";"2";"1";"1";"5";""
"202400037649";"155715418";"B01";"2";"7";"0";"0";"4";"1";"1";""
"202400037650";"155715415";"B01";"2";"7";"0";"2";"3";"1";"1";""
"202400037650";"155715421";"A01";"1";"7";"0";"2";"3";"13";"1";""
"202400037651";"155715416";"B01";"1";"7";"0";"0";"7";"0";"1";""
"202400037651";"155715419";"A01";"1";"7";"0";"2";"8";"11";"0";""
"202400037651";"155715422";"C01";"1";"7";"2";"0";"8";"1";"0";""
"202400037652";"155715413";"A01";"3";"7";"1";"1";"6";"4";"1";""
"202400037653";"155715410";"B01";"1";"7";"0";"2";"4";"1";"1";""
"202400037653";"155715412";"A01";"1";"7";"0";"2";"1";"1";"1";""
"202400037654";"155715407";"A01";"1";"33";"0";"0";"7";"1";"1";""
"202400037655";"155715408";"A01";"2";"10";"0";"2";"3";"13";"1";""
"202400037655";"155715411";"B01";"1";"7";"0";"2";"3";"1";"1";""
"202400037656";"155715405";"B01";"1";"7";"0";"0";"0";"0";"1";""
"202400037656";"155715406";"A01";"1";"30";"0";"2";"1";"2";"1";""
"202400037657";"155715403";"A01";"1";"7";"13";"0";"3";"13";"1";""
"202400037658";"155715402";"B01";"2";"7";"0";"2";"8";"1";"1";""
"202400037658";"155715404";"A01";"1";"7";"0";"2";"8";"1";"1";""
"202400037659";"155715401";"A01";"3";"7";"13";"0";"9";"21";"1";""
"202400037660";"155715398";"A01";"2";"2";"0";"2";"1";"19";"1";""
"202400037660";"155715400";"B01";"2";"7";"0";"2";"6";"19";"1";""
"202400037661";"155715395";"A01";"3";"7";"4";"0";"1";"0";"1";""
"202400037662";"155715393";"A01";"2";"7";"0";"2";"1";"1";"1";""
"202400037662";"155715396";"C01";"1";"30";"0";"2";"1";"1";"1";""
"202400037662";"155715399";"B01";"1";"30";"0";"2";"7";"15";"1";""
"202400037663";"155715390";"B01";"2";"7";"0";"2";"8";"1";"2";""
"202400037663";"155715392";"A01";"3";"7";"0";"2";"1";"1";"1";""
"202400037664";"155715391";"A01";"1";"50";"12";"0";"1";"14";"3";""
"202400037665";"155715389";"A01";"2";"7";"13";"0";"3";"1";"1";""
"202400037666";"155715387";"A01";"0";"7";"0";"1";"1";"16";"1";""
"202400037667";"155715386";"A01";"1";"2";"0";"2";"1";"5";"1";""
"202400037667";"155715388";"B01";"2";"43";"0";"2";"1";"1";"1";""
"202400037668";"155715385";"A01";"2";"7";"9";"0";"1";"1";"1";""
"202400037669";"155715383";"A01";"3";"37";"0";"2";"1";"2";"1";"1"
"202400037669";"155715384";"B01";"3";"7";"0";"2";"4";"2";"1";""
"202400037670";"155715379";"A01";"3";"7";"0";"1";"3";"4";"1";""
"202400037671";"155715381";"B01";"1";"1";"0";"0";"8";"1";"5";""
"202400037671";"155715382";"A01";"2";"7";"0";"2";"3";"15";"1";""
"202400037672";"155715378";"B01";"2";"7";"0";"2";"2";"2";"1";""
"202400037672";"155715380";"A01";"2";"7";"17";"2";"6";"2";"1";""
"202400037673";"155715376";"A01";"2";"7";"0";"2";"1";"2";"1";""
"202400037673";"155715377";"B01";"2";"7";"0";"9";"4";"2";"1";""
"202400037674";"155715373";"B01";"1";"3";"0";"0";"4";"1";"1";""
"202400037674";"155715375";"A01";"1";"31";"0";"2";"1";"2";"1";""
"202400037675";"155715372";"A01";"1";"7";"0";"2";"3";"13";"1";""
"202400037675";"155715374";"B01";"2";"7";"0";"2";"3";"1";"1";""
"202400037676";"155715370";"A01";"1";"7";"0";"9";"1";"26";"1";""
"202400037676";"155715371";"B01";"3";"50";"0";"2";"0";"0";"3";""
"202400037677";"155715368";"A01";"2";"7";"13";"0";"3";"13";"0";""
"202400037678";"155715366";"A01";"3";"7";"0";"2";"1";"2";"1";""
"202400037678";"155715369";"B01";"3";"7";"0";"0";"4";"23";"1";""
"202400037679";"155715367";"B01";"2";"7";"0";"0";"0";"1";"1";""
"202400037680";"155715365";"A01";"1";"10";"3";"0";"1";"19";"1";""
"202400037681";"155715363";"B01";"1";"7";"0";"2";"5";"1";"1";""
"202400037681";"155715364";"A01";"1";"50";"0";"2";"1";"9";"3";""
"202400037682";"155715362";"A01";"2";"7";"13";"0";"3";"17";"1";""
"202400037683";"155715361";"A01";"1";"7";"8";"0";"3";"0";"0";""
"202400037684";"155715360";"A01";"2";"3";"6";"0";"1";"0";"1";""
"202400037685";"155715359";"A01";"3";"7";"0";"1";"2";"16";"1";""
"202400037686";"155715358";"A01";"1";"33";"0";"0";"0";"1";"1";""
"202400037687";"155715354";"B01";"3";"7";"0";"2";"1";"16";"1";""
"202400037687";"155715355";"A01";"3";"50";"0";"2";"1";"19";"3";""
"202400037688";"155715353";"A01";"2";"33";"0";"0";"1";"1";"1";""
"202400037689";"155715352";"A01";"1";"7";"0";"0";"6";"2";"1";""
"202400037689";"155715356";"B01";"1";"7";"0";"2";"3";"17";"1";""
"202400037689";"155715357";"C01";"1";"7";"0";"2";"2";"17";"2";""
"202400037690";"155715351";"A01";"0";"10";"0";"1";"2";"1";"1";""
"202400037691";"155715349";"A01";"1";"2";"12";"0";"1";"2";"1";""
"202400037692";"155715348";"A01";"2";"16";"0";"0";"3";"1";"1";""
"202400037692";"155715350";"B01";"1";"7";"0";"0";"3";"0";"1";""
"202400037693";"155715346";"A01";"1";"80";"0";"2";"1";"5";"3";""
"202400037693";"155715347";"B01";"2";"7";"0";"2";"3";"15";"1";""
"202400037694";"155715343";"A01";"3";"33";"0";"2";"2";"21";"1";""
"202400037694";"155715345";"B01";"3";"1";"0";"2";"8";"2";"5";""
"202400037695";"155715342";"A01";"1";"1";"0";"1";"1";"1";"5";""
"202400037696";"155715341";"B01";"1";"7";"0";"2";"2";"1";"1";""
"202400037696";"155715344";"A01";"2";"7";"0";"2";"7";"19";"3";""
"202400037697";"155715338";"A01";"2";"7";"10";"0";"1";"19";"1";""
"202400037698";"155715337";"A01";"2";"3";"0";"2";"1";"1";"1";""
"202400037698";"155715339";"B01";"1";"10";"0";"2";"1";"1";"1";""
"202400037699";"155715336";"A01";"2";"7";"0";"2";"3";"0";"1";""
"202400037699";"155715340";"B01";"2";"15";"0";"0";"6";"1";"1";""
"202400037700";"155715333";"A01";"1";"7";"0";"2";"3";"1";"1";""
"202400037700";"155715335";"B01";"1";"7";"0";"0";"2";"1";"1";""
"202400037701";"155715332";"B01";"2";"1";"0";"2";"8";"2";"5";""
"202400037701";"155715334";"A01";"2";"7";"0";"2";"7";"2";"1";""
"202400037702";"155715330";"A01";"2";"7";"0";"0";"0";"1";"1";""
"202400037703";"155715328";"B01";"2";"15";"0";"2";"6";"2";"1";""
"202400037703";"155715331";"A01";"2";"7";"0";"2";"2";"2";"1";""
"202400037704";"155715327";"A01";"2";"7";"0";"2";"2";"2";"1";""
"202400037704";"155715329";"B01";"0";"1";"0";"2";"4";"0";"5";""
"202400037705";"155715325";"B01";"1";"7";"0";"2";"4";"1";"1";""
"202400037705";"155715326";"A01";"1";"7";"0";"2";"1";"1";"1";""
"202400037706";"155715322";"A01";"2";"7";"15";"0";"2";"1";"1";""
"202400037707";"155715320";"A01";"1";"33";"0";"2";"1";"1";"1";""
"202400037707";"155715323";"B01";"1";"7";"0";"2";"5";"15";"1";""
"202400037708";"155715321";"B01";"2";"7";"0";"2";"4";"1";"1";""
"202400037708";"155715324";"A01";"2";"7";"0";"2";"1";"1";"1";""
"202400037709";"155715317";"A01";"2";"7";"0";"2";"3";"1";"1";""
"202400037709";"155715319";"B01";"1";"33";"0";"2";"3";"13";"1";""
"202400037710";"155715316";"A01";"2";"7";"0";"0";"9";"1";"1";""
"202400037711";"155715315";"B01";"2";"10";"0";"2";"7";"1";"1";""
"202400037711";"155715318";"A01";"1";"7";"0";"2";"1";"1";"1";""
"202400037712";"155715314";"A01";"2";"2";"6";"0";"1";"1";"1";""
"202400037713";"155715311";"A01";"2";"31";"0";"2";"3";"1";"1";""
"202400037713";"155715313";"Z01";"1";"7";"0";"2";"3";"15";"0";""
"202400037714";"155715310";"A01";"2";"7";"0";"0";"2";"13";"1";""
"202400037714";"155715312";"B01";"1";"7";"0";"0";"1";"1";"1";""
"202400037715";"155715308";"A01";"1";"7";"9";"0";"1";"1";"1";""
"202400037716";"155715306";"A01";"2";"7";"0";"2";"3";"15";"1";""
"202400037716";"155715309";"B01";"1";"7";"0";"2";"2";"1";"1";""
"202400037717";"155715304";"B01";"1";"10";"0";"0";"1";"1";"1";""
"202400037717";"155715307";"A01";"1";"7";"6";"2";"3";"1";"1";""
"202400037718";"155715303";"A01";"1";"10";"0";"2";"1";"2";"1";""
"202400037718";"155715305";"B01";"1";"7";"0";"2";"4";"2";"2";""
"202400037719";"155715300";"B01";"2";"30";"0";"2";"2";"16";"1";""
"202400037719";"155715301";"A01";"2";"7";"0";"2";"1";"0";"1";""
"202400037720";"155715299";"A01";"1";"7";"0";"2";"1";"16";"1";""
"202400037720";"155715302";"B01";"2";"7";"0";"2";"1";"1";"1";""
"202400037721";"155715298";"A01";"2";"1";"12";"0";"1";"14";"5";""
"202400037722";"155715296";"A01";"1";"2";"0";"0";"0";"1";"1";""
"202400037723";"155715295";"A01";"2";"7";"0";"2";"2";"16";"1";""
"202400037723";"155715297";"B01";"2";"1";"0";"2";"1";"1";"5";""
"202400037724";"155715292";"A01";"1";"7";"0";"2";"8";"13";"1";""
"202400037724";"155715293";"B01";"2";"7";"0";"2";"8";"1";"3";""
"202400037725";"155715291";"A01";"1";"7";"13";"0";"1";"13";"1";""
"202400037726";"155715290";"A01";"1";"33";"0";"2";"3";"1";"1";""
"202400037726";"155715294";"B01";"1";"1";"0";"2";"2";"1";"5";""
"202400037727";"155715286";"A01";"2";"7";"13";"0";"1";"2";"1";""
"202400037728";"155715287";"A01";"2";"7";"1";"0";"1";"16";"1";""
"202400037729";"155715282";"A01";"1";"7";"2";"0";"1";"13";"1";""
"202400037730";"155715284";"B01";"1";"33";"0";"2";"3";"1";"1";""
"202400037730";"155715285";"A01";"2";"10";"0";"2";"3";"15";"1";""
"202400037731";"155715281";"A01";"2";"7";"0";"2";"3";"15";"1";""
"202400037731";"155715283";"B01";"2";"33";"0";"2";"2";"17";"1";""
"202400037732";"155715279";"A01";"2";"7";"0";"2";"3";"1";"1";""
"202400037732";"155715280";"B01";"1";"33";"0";"6";"1";"5";"1";""
"202400037733";"155715276";"A01";"1";"7";"0";"0";"8";"1";"1";""
"202400037733";"155715278";"B01";"1";"7";"0";"0";"2";"1";"1";""
"202400037734";"155715275";"Z01";"1";"7";"0";"2";"1";"2";"0";""
"202400037734";"155715277";"B01";"1";"1";"0";"2";"4";"1";"5";""
"202400037735";"155715271";"A01";"2";"7";"0";"2";"1";"5";"1";""
"202400037735";"155715272";"B01";"1";"7";"0";"2";"1";"1";"1";""
"202400037736";"155715270";"A01";"1";"7";"0";"0";"0";"14";"1";""
"202400037737";"155715268";"A01";"3";"1";"0";"2";"1";"1";"5";""
"202400037737";"155715269";"B01";"3";"7";"0";"2";"2";"16";"1";""
"202400037738";"155715265";"A01";"1";"33";"0";"2";"1";"5";"1";""
"202400037738";"155715267";"B01";"2";"7";"0";"2";"3";"5";"1";""
"202400037739";"155715264";"A01";"2";"7";"0";"2";"2";"15";"1";""
"202400037739";"155715266";"B01";"1";"32";"0";"2";"1";"1";"1";""
"202400037740";"155715261";"A01";"3";"7";"0";"1";"3";"2";"1";""
"202400037741";"155715262";"B01";"1";"1";"0";"2";"1";"1";"5";""
"202400037741";"155715263";"A01";"2";"1";"0";"2";"7";"15";"5";""
"202400037742";"155715260";"A01";"2";"33";"0";"0";"1";"1";"1";""
"202400037743";"155715259";"A01";"2";"7";"8";"0";"7";"13";"1";""
"202400037744";"155715257";"A01";"2";"33";"4";"0";"0";"1";"1";""
"202400037745";"155715254";"A01";"1";"7";"17";"0";"3";"1";"1";""
"202400037746";"155715255";"A01";"3";"7";"0";"2";"1";"1";"1";""
"202400037746";"155715256";"B01";"3";"10";"0";"2";"1";"1";"1";""
"202400037746";"155715258";"C01";"3";"7";"0";"2";"4";"1";"2";""
"202400037747";"155715253";"A01";"1";"7";"0";"1";"0";"0";"0";""
"202400037748";"155715252";"A01";"2";"7";"13";"0";"3";"1";"1";""
"202400037749";"155715251";"A01";"1";"7";"15";"0";"2";"1";"1";""
"202400037750";"155715246";"A01";"1";"7";"0";"0";"2";"1";"1";""
"202400037750";"155715248";"B01";"2";"1";"0";"0";"8";"19";"5";""
"202400037751";"155715245";"A01";"1";"7";"0";"2";"6";"10";"1";""
"202400037751";"155715247";"B01";"1";"33";"0";"2";"1";"1";"1";""
"202400037752";"155715243";"B01";"3";"50";"0";"2";"1";"5";"3";""
"202400037752";"155715244";"A01";"3";"36";"0";"9";"1";"1";"1";""
"202400037753";"155715240";"A01";"2";"7";"0";"2";"8";"1";"1";""
"202400037753";"155715242";"B01";"1";"7";"0";"2";"8";"1";"1";""
"202400037754";"155715239";"A01";"2";"10";"0";"2";"4";"4";"1";""
"202400037754";"155715241";"B01";"2";"32";"0";"2";"1";"23";"1";""
"202400037755";"155715235";"A01";"1";"7";"0";"1";"1";"1";"1";""
"202400037756";"155715233";"A01";"1";"7";"0";"2";"4";"2";"1";""
"202400037756";"155715234";"C01";"1";"7";"0";"2";"1";"1";"1";""
"202400037756";"155715236";"B01";"1";"10";"0";"2";"1";"2";"1";""
"202400037757";"155715229";"A01";"1";"0";"0";"2";"0";"0";"0";""
"202400037757";"155715231";"B01";"2";"21";"0";"2";"6";"0";"1";""
"202400037758";"155715230";"A01";"1";"7";"12";"2";"8";"10";"1";""
"202400037758";"155715232";"B01";"1";"1";"0";"2";"8";"1";"5";""
"202400037759";"155715227";"A01";"2";"7";"0";"2";"7";"12";"1";""
"202400037759";"155715228";"B01";"2";"33";"0";"2";"8";"3";"1";""
"202400037760";"155715225";"A01";"1";"7";"3";"0";"1";"11";"1";""
"202400037761";"155715223";"B01";"2";"7";"0";"2";"1";"1";"3";""
"202400037761";"155715226";"A01";"2";"10";"0";"2";"7";"1";"1";""
"202400037762";"155715224";"A01";"1";"7";"0";"1";"3";"15";"2";""
"202400037763";"155715222";"A01";"2";"7";"0";"0";"1";"1";"1";""
"202400037764";"155715218";"A01";"2";"7";"0";"1";"1";"19";"1";""
"202400037765";"155715216";"D01";"2";"7";"0";"2";"4";"2";"2";""
"202400037765";"155715217";"A01";"2";"10";"0";"2";"1";"2";"1";""
"202400037765";"155715219";"B01";"2";"7";"0";"2";"4";"2";"1";""
"202400037765";"155715220";"C01";"2";"7";"0";"2";"4";"2";"1";""
"202400037766";"155715215";"A01";"2";"33";"12";"0";"8";"1";"1";""
"202400037767";"155715213";"A01";"2";"14";"0";"2";"1";"1";"1";""
"202400037767";"155715214";"B01";"2";"7";"0";"2";"4";"11";"1";""
"202400037768";"155715211";"A01";"1";"30";"0";"1";"8";"1";"1";""
"202400037769";"155715210";"B01";"3";"50";"0";"9";"3";"1";"3";""
"202400037769";"155715212";"A01";"0";"1";"0";"2";"3";"13";"5";""
"202400037770";"155715208";"A01";"2";"15";"0";"2";"2";"12";"1";""
"202400037770";"155715209";"B01";"2";"7";"0";"2";"6";"1";"2";""
"202400037771";"155715204";"B01";"2";"33";"0";"2";"3";"1";"1";""
"202400037771";"155715207";"A01";"1";"7";"0";"2";"2";"15";"0";""
"202400037772";"155715203";"A01";"2";"7";"0";"2";"2";"12";"1";""
"202400037772";"155715205";"B01";"2";"33";"0";"2";"3";"3";"1";""
"202400037773";"155715202";"A01";"0";"31";"0";"2";"7";"1";"1";""
"202400037773";"155715206";"B01";"0";"0";"0";"2";"0";"15";"0";""
"202400037774";"155715201";"A01";"1";"33";"0";"0";"8";"21";"1";""
"202400037775";"155715196";"A01";"0";"7";"4";"0";"9";"0";"1";""
"202400037776";"155715197";"B01";"1";"7";"0";"2";"3";"20";"1";""
"202400037776";"155715200";"A01";"1";"33";"0";"2";"7";"18";"1";""
"202400037777";"155715195";"C01";"2";"7";"0";"2";"3";"1";"1";""
"202400037777";"155715198";"A01";"1";"33";"0";"2";"1";"19";"1";""
"202400037777";"155715199";"B01";"1";"33";"0";"9";"1";"1";"1";""
"202400037778";"155715193";"A01";"1";"7";"0";"2";"1";"2";"1";""
"202400037778";"155715194";"B01";"1";"7";"0";"2";"4";"2";"2";""
"202400037779";"155715191";"A01";"2";"10";"0";"1";"1";"15";"1";""
"202400037780";"155715189";"A01";"2";"7";"0";"0";"0";"23";"1";""
"202400037781";"155715187";"A01";"2";"7";"0";"1";"2";"1";"1";""
"202400037782";"155715184";"A01";"1";"33";"0";"2";"7";"17";"1";""
"202400037782";"155715186";"B01";"1";"7";"0";"2";"6";"1";"0";""
"202400037783";"155715182";"A01";"3";"33";"9";"0";"0";"1";"1";""
"202400037784";"155715183";"C01";"1";"7";"0";"2";"4";"2";"3";""
"202400037784";"155715185";"A01";"1";"7";"0";"2";"1";"2";"1";""
"202400037784";"155715188";"B01";"1";"7";"0";"2";"4";"2";"1";""
"202400037785";"155715181";"A01";"2";"33";"6";"6";"3";"1";"1";""
"202400037786";"155715180";"A01";"2";"34";"0";"0";"7";"1";"1";""
"202400037787";"155715177";"A01";"2";"2";"0";"2";"1";"1";"1";""
"202400037787";"155715179";"B01";"2";"7";"0";"2";"5";"16";"2";""
"202400037788";"155715176";"B01";"3";"99";"0";"2";"1";"21";"3";""