"Num_Acc";"id_vehicule";"num_veh";"senc";"catv";"obs";"obsm";"choc";"manv";"motor";"occutc"
"202400037788";"155715178";"A01";"3";"50";"0";"2";"7";"21";"3";""
"202400037789";"155715174";"A01";"2";"7";"0";"2";"5";"1";"1";""
"202400037789";"155715175";"B01";"2";"33";"3";"2";"3";"12";"1";""
"202400037790";"155715172";"A01";"1";"7";"13";"0";"1";"1";"1";""
"202400037791";"155715171";"A01";"1";"10";"0";"0";"7";"1";"1";""
"202400037792";"155715170";"A01";"3";"7";"0";"2";"1";"1";"1";""
"202400037792";"155715173";"B01";"3";"31";"0";"2";"8";"15";"1";""
"202400037793";"155715167";"A01";"2";"7";"0";"2";"1";"2";"1";""
"202400037793";"155715168";"B01";"2";"10";"0";"2";"4";"1";"1";""
"202400037794";"155715166";"B01";"3";"7";"8";"0";"7";"1";"1";""
"202400037794";"155715169";"A01";"3";"7";"0";"2";"1";"0";"1";""
"202400037795";"155715163";"B01";"0";"32";"0";"2";"7";"2";"1";""
"202400037795";"155715165";"A01";"0";"7";"0";"2";"8";"16";"1";""
"202400037796";"155715161";"A01";"1";"7";"13";"0";"3";"1";"1";""
"202400037797";"155715160";"B01";"1";"10";"0";"2";"4";"2";"1";""
"202400037797";"155715162";"A01";"1";"10";"0";"2";"1";"2";"1";""
"202400037797";"155715164";"C01";"1";"7";"0";"2";"4";"2";"2";""
"202400037798";"155715158";"A01";"2";"33";"0";"6";"1";"1";"1";""
"202400037799";"155715156";"A01";"2";"7";"0";"2";"0";"21";"1";""
"202400037799";"155715159";"Z01";"2";"7";"0";"2";"0";"13";"0";""
"202400037800";"155715155";"A01";"2";"7";"0";"2";"1";"26";"1";""
"202400037800";"155715157";"B01";"2";"7";"0";"2";"4";"1";"1";""
"202400037801";"155715152";"B01";"1";"7";"0";"2";"1";"1";"1";""
"202400037801";"155715154";"A01";"1";"13";"0";"2";"4";"4";"1";""
"202400037802";"155715153";"A01";"1";"3";"0";"1";"1";"1";"1";""
"202400037803";"155715150";"B01";"2";"2";"0";"2";"3";"17";"1";""
"202400037803";"155715151";"A01";"1";"7";"13";"0";"3";"1";"1";""
"202400037804";"155715149";"A01";"2";"7";"6";"0";"2";"15";"1";""
"202400037805";"155715146";"A01";"2";"15";"0";"2";"1";"1";"1";""
"202400037805";"155715148";"B01";"0";"7";"0";"2";"8";"19";"1";""
"202400037806";"155715144";"B01";"3";"7";"0";"2";"4";"2";"1";""
"202400037806";"155715145";"C01";"3";"7";"0";"2";"4";"0";"1";""
"202400037806";"155715147";"A01";"3";"7";"0";"2";"1";"2";"1";""
"202400037807";"155715143";"A01";"3";"31";"0";"2";"1";"1";"1";""
"202400037808";"155715142";"A01";"2";"7";"2";"0";"2";"15";"1";""
"202400037809";"155715140";"A01";"3";"2";"0";"2";"7";"11";"1";""
"202400037809";"155715141";"Z01";"3";"0";"0";"2";"0";"0";"0";""
"202400037810";"155715137";"A01";"2";"2";"16";"2";"3";"16";"1";""
"202400037810";"155715139";"B01";"0";"60";"0";"2";"0";"0";"5";""
"202400037811";"155715134";"A01";"1";"32";"0";"2";"1";"1";"1";""
"202400037811";"155715138";"B01";"2";"7";"0";"2";"2";"9";"1";""
"202400037812";"155715133";"A01";"1";"7";"0";"2";"4";"2";"1";""
"202400037812";"155715135";"B01";"1";"7";"0";"2";"4";"2";"2";""
"202400037812";"155715136";"C01";"1";"7";"0";"2";"1";"2";"1";""
"202400037813";"155715131";"A01";"3";"30";"0";"0";"0";"1";"1";""
"202400037814";"155715130";"B01";"1";"34";"0";"2";"1";"1";"1";""
"202400037814";"155715132";"A01";"2";"7";"0";"2";"2";"22";"3";""
"202400037815";"155715127";"A01";"3";"30";"0";"2";"1";"13";"1";""
"202400037815";"155715129";"B01";"3";"10";"0";"2";"1";"1";"1";""
"202400037816";"155715125";"A01";"1";"30";"0";"9";"0";"1";"1";""
"202400037817";"155715123";"C01";"2";"7";"0";"2";"4";"2";"1";""
"202400037817";"155715126";"B01";"2";"7";"0";"2";"4";"26";"1";""
"202400037817";"155715128";"A01";"2";"7";"0";"2";"1";"2";"1";""
"202400037818";"155715121";"A01";"1";"3";"12";"2";"1";"15";"1";""
"202400037818";"155715122";"B01";"1";"7";"0";"2";"1";"1";"1";""
"202400037818";"155715124";"C01";"2";"7";"0";"2";"1";"1";"1";""
"202400037819";"155715118";"A01";"2";"30";"0";"1";"1";"13";"1";""
"202400037820";"155715116";"A01";"1";"7";"0";"2";"1";"2";"1";""
"202400037820";"155715119";"B01";"1";"10";"0";"2";"4";"2";"1";""
"202400037821";"155715115";"A01";"1";"7";"4";"9";"1";"26";"1";""
"202400037822";"155715117";"B01";"1";"13";"12";"2";"1";"1";"1";""
"202400037822";"155715120";"A01";"1";"32";"12";"0";"0";"0";"1";""
"202400037823";"155715111";"B01";"1";"32";"0";"2";"1";"1";"1";""
"202400037823";"155715114";"A01";"2";"7";"0";"2";"5";"15";"1";""
"202400037824";"155715110";"B01";"1";"7";"15";"2";"1";"9";"2";""
"202400037824";"155715112";"A01";"1";"7";"12";"0";"6";"1";"1";""
"202400037825";"155715107";"A01";"3";"7";"0";"1";"8";"1";"1";""
"202400037826";"155715108";"A01";"2";"33";"0";"2";"2";"3";"1";""
"202400037826";"155715109";"B01";"2";"7";"0";"2";"6";"1";"1";""
"202400037826";"155715113";"C01";"2";"33";"0";"2";"1";"3";"1";""
"202400037827";"155715105";"A01";"1";"7";"0";"1";"3";"15";"1";""
"202400037828";"155715104";"B01";"0";"2";"0";"2";"8";"15";"1";""
"202400037828";"155715106";"A01";"0";"7";"0";"2";"2";"17";"1";""
"202400037829";"155715103";"A01";"1";"7";"0";"1";"1";"26";"1";""
"202400037830";"155715100";"A01";"2";"7";"0";"2";"1";"2";"2";""
"202400037830";"155715102";"B01";"2";"7";"0";"2";"4";"2";"1";""
"202400037831";"155715097";"A01";"1";"33";"0";"2";"1";"17";"1";""
"202400037831";"155715099";"B01";"1";"7";"0";"2";"3";"1";"1";""
"202400037832";"155715098";"A01";"1";"7";"0";"2";"1";"15";"1";""
"202400037832";"155715101";"B01";"1";"33";"0";"2";"1";"1";"1";""
"202400037833";"155715096";"A01";"2";"7";"3";"0";"3";"1";"1";""
"202400037834";"155715092";"A01";"1";"7";"0";"1";"1";"1";"1";""
"202400037835";"155715091";"B01";"2";"7";"0";"2";"5";"2";"1";""
"202400037835";"155715093";"C01";"2";"7";"0";"0";"0";"12";"0";""
"202400037835";"155715095";"A01";"2";"43";"0";"2";"1";"1";"1";""
"202400037836";"155715090";"B01";"0";"1";"0";"2";"2";"1";"5";""
"202400037836";"155715094";"A01";"0";"7";"0";"9";"8";"1";"1";""
"202400037837";"155715087";"A01";"3";"33";"0";"2";"2";"1";"0";""
"202400037837";"155715089";"B01";"3";"33";"0";"2";"2";"1";"1";""
"202400037838";"155715088";"A01";"1";"10";"0";"1";"0";"1";"0";""
"202400037839";"155715083";"A01";"2";"3";"0";"2";"4";"2";"1";""
"202400037839";"155715085";"B01";"2";"7";"0";"2";"1";"2";"1";""
"202400037840";"155715084";"A01";"3";"15";"0";"2";"2";"1";"1";""
"202400037840";"155715086";"B01";"2";"2";"0";"2";"1";"1";"1";""
"202400037841";"155715081";"A01";"3";"31";"0";"2";"1";"2";"1";""
"202400037841";"155715082";"B01";"3";"7";"0";"2";"3";"15";"2";""
"202400037842";"155715078";"A01";"3";"13";"0";"2";"2";"2";"1";""
"202400037842";"155715080";"B01";"3";"10";"0";"2";"0";"0";"1";""
"202400037843";"155715077";"A01";"3";"2";"0";"2";"1";"13";"1";""
"202400037843";"155715079";"B01";"3";"2";"0";"2";"1";"0";"1";""
"202400037844";"155715074";"A01";"1";"33";"0";"2";"3";"2";"1";""
"202400037844";"155715075";"B01";"1";"15";"0";"2";"2";"16";"1";""
"202400037845";"155715073";"A01";"1";"7";"0";"9";"2";"1";"1";""
"202400037845";"155715076";"B01";"2";"2";"0";"2";"1";"1";"1";""
"202400037846";"155715072";"A01";"3";"33";"12";"9";"1";"14";"1";""
"202400037847";"155715068";"A01";"3";"7";"0";"2";"3";"15";"0";""
"202400037847";"155715071";"B01";"3";"31";"0";"2";"1";"17";"0";""
"202400037848";"155715066";"B01";"2";"7";"0";"2";"1";"19";"1";""
"202400037848";"155715069";"A01";"0";"1";"0";"2";"8";"19";"5";""
"202400037849";"155715067";"A01";"1";"7";"0";"2";"3";"9";"1";""
"202400037849";"155715070";"B01";"1";"33";"0";"2";"5";"1";"1";""
"202400037850";"155715065";"A01";"1";"40";"0";"1";"1";"1";"3";""
"202400037851";"155715064";"A01";"1";"33";"7";"0";"1";"2";"1";""
"202400037852";"155715062";"A01";"1";"7";"0";"2";"4";"2";"1";""
"202400037852";"155715063";"B01";"1";"7";"0";"2";"1";"2";"1";""
"202400037853";"155715060";"A01";"1";"7";"0";"1";"2";"9";"1";""
"202400037854";"155715059";"A01";"3";"7";"0";"2";"1";"19";"1";""
"202400037854";"155715061";"B01";"1";"33";"0";"2";"8";"1";"1";""
"202400037855";"155715056";"B01";"0";"14";"0";"2";"2";"26";"1";""
"202400037855";"155715058";"A01";"0";"1";"0";"2";"6";"25";"5";""
"202400037856";"155715055";"A01";"2";"7";"0";"2";"7";"2";"0";""
"202400037856";"155715057";"B01";"2";"50";"0";"2";"8";"9";"3";""
"202400037857";"155715052";"B01";"2";"35";"0";"0";"6";"1";"1";""
"202400037857";"155715054";"A01";"2";"7";"0";"2";"2";"17";"0";""
"202400037858";"155715051";"B01";"2";"1";"0";"2";"1";"5";"5";""
"202400037858";"155715053";"A01";"1";"7";"0";"2";"2";"16";"1";""
"202400037859";"155715049";"A01";"2";"33";"0";"2";"8";"17";"1";""
"202400037859";"155715050";"B01";"1";"7";"0";"2";"8";"1";"1";""
"202400037860";"155715046";"A01";"2";"7";"0";"2";"1";"9";"1";""
"202400037860";"155715048";"B01";"2";"7";"0";"2";"8";"9";"1";""
"202400037861";"155715045";"A01";"1";"7";"17";"0";"1";"13";"1";""
"202400037862";"155715043";"A01";"2";"34";"0";"2";"3";"17";"1";""
"202400037862";"155715044";"B01";"2";"7";"0";"2";"2";"15";"1";""
"202400037863";"155715040";"B01";"1";"7";"0";"2";"1";"1";"1";""
"202400037863";"155715042";"A01";"2";"7";"0";"2";"3";"19";"1";""
"202400037864";"155715039";"B01";"2";"33";"0";"2";"1";"3";"1";""
"202400037864";"155715041";"A01";"1";"7";"0";"2";"3";"15";"1";""
"202400037865";"155715038";"A01";"1";"7";"6";"0";"1";"1";"1";""
"202400037866";"155715033";"A01";"1";"7";"0";"2";"1";"19";"1";""
"202400037866";"155715035";"B01";"1";"14";"0";"2";"8";"19";"1";""
"202400037867";"155715031";"A01";"2";"33";"0";"2";"1";"2";"1";""
"202400037867";"155715032";"B01";"2";"7";"0";"2";"4";"2";"1";""
"202400037867";"155715034";"C01";"2";"7";"0";"2";"1";"2";"1";""
"202400037867";"155715036";"D01";"2";"7";"0";"2";"4";"2";"2";""
"202400037867";"155715037";"E01";"2";"7";"0";"2";"1";"1";"1";""
"202400037868";"155715028";"A01";"2";"7";"0";"2";"4";"9";"1";""
"202400037868";"155715029";"Y01";"3";"1";"0";"2";"7";"16";"5";""
"202400037869";"155715027";"A01";"2";"10";"0";"0";"7";"15";"3";""
"202400037870";"155715025";"A01";"0";"7";"0";"2";"2";"10";"1";""
"202400037870";"155715026";"B01";"0";"7";"0";"2";"3";"2";"1";""
"202400037871";"155715022";"A01";"2";"7";"0";"2";"0";"15";"3";""
"202400037871";"155715024";"B01";"2";"33";"0";"2";"1";"17";"1";""
"202400037872";"155715021";"A01";"2";"2";"0";"2";"1";"9";"1";""
"202400037872";"155715023";"B01";"1";"7";"0";"2";"7";"1";"1";""
"202400037873";"155715020";"A01";"3";"50";"12";"0";"1";"26";"3";""
"202400037874";"155715018";"A01";"1";"7";"0";"2";"8";"19";"1";""
"202400037874";"155715019";"B01";"1";"7";"0";"2";"1";"19";"1";""
"202400037875";"155715017";"A01";"0";"7";"1";"0";"1";"13";"1";""
"202400037876";"155715015";"A01";"2";"33";"13";"0";"8";"21";"1";""
"202400037877";"155715014";"B01";"1";"33";"0";"2";"1";"17";"1";""
"202400037877";"155715016";"A01";"1";"7";"0";"2";"8";"15";"1";""
"202400037878";"155715013";"A01";"2";"7";"6";"0";"1";"2";"1";""
"202400037879";"155715012";"A01";"1";"7";"0";"1";"2";"1";"1";""
"202400037880";"155715009";"A01";"1";"0";"0";"2";"0";"5";"0";""
"202400037880";"155715010";"B01";"2";"33";"0";"2";"1";"1";"1";""
"202400037880";"155715011";"C01";"2";"33";"13";"0";"0";"1";"1";""
"202400037881";"155715008";"A01";"2";"7";"0";"1";"1";"15";"3";""
"202400037882";"155715006";"A01";"2";"33";"0";"2";"1";"0";"1";""
"202400037882";"155715007";"B01";"2";"7";"0";"2";"3";"9";"1";""
"202400037883";"155715004";"B01";"3";"7";"0";"2";"1";"1";"1";""
"202400037883";"155715005";"A01";"3";"30";"0";"2";"5";"1";"1";""
"202400037884";"155714999";"A01";"1";"7";"3";"0";"3";"13";"1";""
"202400037885";"155714998";"B01";"2";"7";"12";"2";"3";"1";"1";""
"202400037885";"155715000";"C01";"2";"7";"12";"2";"3";"1";"1";""
"202400037885";"155715001";"A01";"1";"7";"0";"2";"3";"13";"1";""
"202400037886";"155714994";"B01";"0";"10";"0";"2";"2";"15";"3";""
"202400037886";"155714996";"A01";"0";"33";"0";"2";"1";"1";"1";""
"202400037887";"155714992";"A01";"1";"7";"0";"1";"2";"1";"1";""
"202400037888";"155714991";"A01";"2";"33";"0";"2";"1";"1";"1";""
"202400037888";"155714993";"B01";" -1";"10";"0";"2";"1";"0";"1";""
"202400037889";"155714989";"B01";"1";"7";"0";"2";"1";"1";"1";""
"202400037889";"155714990";"A01";"1";"33";"0";"2";"1";"13";"1";""
"202400037890";"155714988";"A01";"3";"7";"0";"1";"4";"20";"1";""
"202400037891";"155714987";"A01";"1";"10";"0";"1";"1";"1";"1";""
"202400037892";"155714986";"A01";"2";"33";"12";"0";"2";"1";"1";""
"202400037893";"155714983";"A01";"1";"7";"0";"2";"1";"2";"1";""
"202400037893";"155714985";"B01";"1";"7";"0";"2";"4";"1";"1";""
"202400037894";"155714982";"A01";"2";"7";"0";"2";"1";"5";"1";""
"202400037894";"155714984";"B01";"1";"7";"0";"2";"1";"1";"2";""
"202400037895";"155714980";"A01";"1";"7";"13";"0";"1";"2";"1";""
"202400037896";"155714981";"A01";"0";"7";"0";"1";"2";"1";"1";""
"202400037897";"155714977";"A01";"1";"7";"0";"2";"5";"15";"1";""
"202400037897";"155714979";"B01";"2";"33";"0";"2";"1";"1";"1";""
"202400037898";"155714971";"A01";"1";"7";"0";"2";"1";"1";"1";""
"202400037898";"155714973";"B01";"1";"7";"0";"2";"3";"15";"1";""
"202400037899";"155714970";"A01";"1";"7";"0";"2";"1";"13";"0";""
"202400037899";"155714972";"B01";"2";"7";"0";"2";"1";"1";"1";""
"202400037900";"155714969";"A01";"1";"10";"9";"9";"1";"6";"1";""
"202400037901";"155714966";"A01";"1";"10";"0";"2";"1";"0";"1";""
"202400037901";"155714968";"B01";"1";"21";"0";"2";"4";"0";"1";""
"202400037902";"155714965";"B01";"1";"7";"0";"2";"2";"1";"1";""
"202400037902";"155714967";"A01";"2";"31";"0";"2";"5";"15";"1";""
"202400037903";"155714963";"B01";"3";"7";"0";"9";"2";"1";"1";""
"202400037903";"155714964";"A01";"0";"60";"1";"0";"1";"2";"5";""
"202400037904";"155714961";"A01";"1";"7";"0";"2";"3";"9";"1";""
"202400037904";"155714962";"B01";"1";"1";"0";"2";"2";"1";"5";""
"202400037905";"155714960";"A01";"1";"80";"13";"0";"0";"1";"3";""
"202400037906";"155714958";"B01";"0";"7";"0";"2";"6";"23";"1";""
"202400037906";"155714959";"A01";"0";"7";"0";"2";"5";"1";"1";""
"202400037907";"155714957";"A01";"0";"31";"16";"9";"0";"0";"0";""
"202400037908";"155714954";"A01";"1";"33";"0";"0";"1";"14";"1";""
"202400037909";"155714953";"A01";"2";"7";"0";"2";"1";"2";"1";""
"202400037909";"155714955";"B01";"2";"7";"0";"2";"4";"1";"1";""
"202400037909";"155714956";"C01";"2";"7";"0";"2";"4";"1";"1";""
"202400037910";"155714948";"B01";"1";"7";"0";"2";"1";"1";"1";""
"202400037910";"155714950";"A01";"3";"7";"0";"2";"7";"19";"1";""
"202400037911";"155714947";"A01";"2";"7";"0";"2";"4";"1";"1";""
"202400037911";"155714949";"C01";"2";"7";"0";"2";"4";"1";"1";""
"202400037911";"155714951";"B01";"2";"7";"0";"2";"4";"1";"1";""
"202400037911";"155714952";"D01";"2";"7";"0";"2";"1";"1";"1";""
"202400037912";"155714945";"A01";"2";"10";"0";"1";"1";"1";"1";""
"202400037913";"155714943";"A01";"2";"7";"0";"2";"4";"2";"1";""
"202400037913";"155714944";"B01";"2";"7";"0";"2";"4";"2";"1";""
"202400037913";"155714946";"C01";"2";"7";"0";"2";"1";"26";"1";""
"202400037914";"155714940";"A01";"1";"33";"0";"2";"7";"21";"1";""
"202400037914";"155714942";"B01";"2";"7";"0";"2";"7";"0";"1";""
"202400037915";"155714939";"A01";"1";"10";"0";"2";"4";"1";"1";""
"202400037915";"155714941";"B01";"1";"7";"0";"2";"1";"1";"1";""
"202400037916";"155714938";"A01";"1";"50";"11";"0";"1";"13";"3";""
"202400037917";"155714936";"A01";"1";"30";"0";"0";"0";"15";"1";""
"202400037918";"155714933";"A01";"1";"7";"0";"2";"4";"2";"1";""
"202400037918";"155714934";"B01";"1";"7";"0";"2";"4";"2";"1";""
"202400037918";"155714935";"C01";"1";"7";"0";"2";"4";"2";"1";""
"202400037918";"155714937";"D01";"1";"7";"0";"2";"1";"2";"3";""
"202400037919";"155714930";"A01";"0";"7";"0";"9";"8";"10";"1";""
"202400037919";"155714932";"B01";"0";"33";"0";"2";"1";"1";"1";""
"202400037920";"155714929";"A01";"1";"31";"0";"2";"7";"17";"1";""
"202400037920";"155714931";"B01";"1";"7";"0";"2";"8";"1";"1";""
"202400037921";"155714927";"A01";"3";"33";"6";"2";"1";"17";"1";""
"202400037921";"155714928";"B01";"3";"7";"0";"2";"8";"15";"1";""
"202400037922";"155714924";"B01";"2";"7";"0";"2";"8";"11";"1";""
"202400037922";"155714926";"Z01";"2";"7";"0";"2";"1";"1";"1";""
"202400037923";"155714923";"B01";"1";"7";"0";"2";"8";"9";"1";""
"202400037923";"155714925";"A01";"1";"32";"0";"2";"2";"9";"1";""
"202400037924";"155714920";"B01";"1";"7";"0";"2";"6";"1";"1";""
"202400037924";"155714921";"C01";"1";"7";"0";"2";"1";"1";"1";""
"202400037924";"155714922";"A01";"2";"33";"0";"2";"1";"13";"1";""
"202400037925";"155714919";"A01";"1";"10";"0";"1";"8";"1";"1";""
"202400037926";"155714916";"A01";"1";"7";"6";"0";"1";"6";"1";""
"202400037927";"155714917";"A01";"2";"7";"0";"2";"1";"2";"1";""
"202400037927";"155714918";"B01";"2";"7";"0";"2";"4";"2";"1";""
"202400037928";"155714913";"A01";"3";"7";"0";"2";"1";"1";"0";""
"202400037928";"155714915";"B01";"3";"7";"0";"0";"0";"0";"1";""
"202400037929";"155714912";"B01";"1";"10";"0";"2";"4";"1";"1";""
"202400037929";"155714914";"A01";"1";"7";"0";"2";"1";"1";"1";""
"202400037930";"155714910";"A01";"1";"30";"12";"0";"1";"14";"1";""
"202400037931";"155714908";"A01";"1";"10";"0";"2";"1";"2";"1";""
"202400037931";"155714909";"B01";"1";"7";"0";"2";"4";"2";"1";""
"202400037931";"155714911";"C01";"1";"7";"0";"2";"4";"2";"1";""
"202400037932";"155714907";"A01";"3";"7";"0";"2";"1";"0";"1";""
"202400037933";"155714905";"A01";"2";"33";"0";"2";"7";"3";"1";""
"202400037933";"155714906";"B01";"2";"7";"0";"2";"2";"11";"2";""
"202400037934";"155714903";"A01";"1";"33";"0";"2";"1";"3";"1";""
"202400037934";"155714904";"B01";"1";"7";"0";"2";"4";"11";"1";""
"202400037935";"155714902";"A01";"3";"20";"0";"0";"7";"15";"1";""
"202400037936";"155714901";"A01";"1";"7";"4";"0";"1";"21";"1";""
"202400037937";"155714899";"A01";"1";"1";"0";"2";"1";"19";"5";""
"202400037937";"155714900";"B01";"1";"7";"0";"9";"1";"19";"1";""
"202400037938";"155714897";"B01";"1";"7";"0";"2";"6";"2";"1";""
"202400037938";"155714898";"A01";"1";"7";"0";"2";"1";"2";"1";""
"202400037939";"155714895";"A01";"3";"7";"0";"2";"8";"17";"1";""
"202400037939";"155714896";"B01";"3";"1";"0";"2";"0";"0";"5";""
"202400037940";"155714894";"A01";"2";"31";"3";"0";"3";"13";"1";""
"202400037941";"155714892";"A01";"1";"7";"0";"2";"2";"15";" -1";""
"202400037941";"155714893";"B01";"2";"30";"0";"2";"2";"1";" -1";""
"202400037942";"155714890";"A01";"2";"7";"4";"0";"1";"0";"1";""
"202400037942";"155714891";"B01";"2";"7";"0";"2";"1";"1";"2";""
"202400037943";"155714886";"B01";"2";"7";"0";"2";"8";"1";"1";""
"202400037943";"155714888";"A01";"2";"33";"0";"2";"7";"3";"1";""
"202400037944";"155714887";"B01";"2";"30";"0";"2";"7";"1";"1";""
"202400037944";"155714889";"A01";"1";"7";"0";"2";"1";"1";"1";""
"202400037945";"155714883";"A01";"1";"7";"0";"2";"2";"1";"1";""
"202400037945";"155714885";"B01";"1";"10";"0";"2";"4";"1";"1";""
"202400037946";"155714882";"A01";"0";"7";"0";"2";"5";"15";"1";""
"202400037946";"155714884";"B01";"0";"2";"0";"2";"1";"1";"1";""
"202400037947";"155714880";"A01";"3";"1";"0";"0";"0";"1";"5";""
"202400037948";"155714879";"B01";"1";"1";"0";"2";"0";"0";"5";""
"202400037948";"155714881";"A01";"1";"10";"0";"9";"7";"0";"1";""
"202400037949";"155714876";"A01";"2";"7";"0";"2";"1";"1";"1";""
"202400037949";"155714878";"B01";"1";"7";"0";"2";"7";"1";"1";""
"202400037950";"155714875";"A01";"1";"1";"0";"2";"4";"0";"5";""
"202400037950";"155714877";"B01";"1";"7";"0";"2";"2";"2";"1";""
"202400037951";"155714871";"B01";"1";"7";"0";"2";"4";"2";"1";""
"202400037951";"155714873";"Z01";"1";"7";"0";"2";"1";"26";"1";""
"202400037951";"155714874";"C01";"1";"7";"0";"2";"4";"1";"1";""
"202400037952";"155714870";"B01";"2";"7";"0";"0";"5";"2";"1";""
"202400037952";"155714872";"A01";"2";"33";"0";"2";"1";"2";"1";""
"202400037953";"155714868";"A01";"1";"7";"0";"1";"1";"1";"1";""
"202400037954";"155714867";"B01";"2";"2";"0";"2";"1";"9";"1";""
"202400037954";"155714869";"A01";"1";"7";"0";"2";"3";"17";"1";""
"202400037955";"155714866";"A01";"2";"7";"0";"1";"4";"2";"1";""
"202400037956";"155714863";"B01";"3";"7";"0";"2";"8";"19";"1";""
"202400037956";"155714865";"A01";"3";"30";"0";"2";"1";"19";"1";""
"202400037957";"155714862";"A01";"1";"7";"0";"2";"1";"13";"1";""
"202400037957";"155714864";"B01";"2";"7";"0";"2";"1";"1";"1";""
"202400037958";"155714861";"A01";"1";"7";"3";"0";"3";"26";"1";""
"202400037959";"155714860";"A01";"1";"33";"6";"0";"1";"1";"1";""
"202400037960";"155714859";"A01";"1";"7";"0";"1";"1";"16";"1";""
"202400037961";"155714858";"A01";"1";"7";"13";"0";"1";"14";"1";""
"202400037962";"155714857";"A01";"1";"7";"0";"1";"1";"0";"1";""
"202400037963";"155714855";"A01";"2";"7";"0";"2";"2";"16";"0";""
"202400037963";"155714856";"B01";"2";"1";"0";"2";"8";"1";"5";""
"202400037964";"155714853";"B01";"2";"33";"0";"2";"1";"1";" -1";""
"202400037964";"155714854";"A01";"1";"10";"0";"2";"3";"1";" -1";""
"202400037965";"155714852";"A01";"1";"10";"0";"1";"2";"1";"1";""
"202400037966";"155714849";"B01";"2";"7";"0";"2";"2";"17";"0";""
"202400037966";"155714850";"C01";"2";"7";"0";"2";"3";"1";"0";""
"202400037966";"155714851";"A01";"2";"7";"0";"2";"4";"1";"0";""
"202400037967";"155714844";"A01";"2";"7";"0";"2";"3";"15";"1";""
"202400037967";"155714847";"B01";"2";"7";"0";"2";"2";"1";"1";""
"202400037968";"155714845";"A01";"1";"1";"0";"2";"8";"15";"5";""
"202400037968";"155714846";"B01";"1";"33";"0";"2";"7";"1";"1";""
"202400037969";"155714841";"B01";"1";"7";"0";"2";"5";"2";"2";""
"202400037969";"155714843";"A01";"1";"7";"0";"2";"1";"2";"1";""
"202400037970";"155714842";"A01";"1";"7";"0";"0";"9";"14";"1";""
"202400037971";"155714840";"Z01";"3";"50";"0";"1";"0";"26";"3";""
"202400037972";"155714838";"A01";"1";"3";"0";"2";"1";"1";"1";""
"202400037972";"155714839";"B01";"2";"3";"0";"2";"1";"1";"1";""
"202400037973";"155714836";"B01";"2";"7";"0";"2";"1";"26";"1";""
"202400037973";"155714837";"A01";"0";"1";"0";"2";"1";"26";"5";""
"202400037974";"155714834";"A01";"3";"7";"0";"2";"7";"10";"1";""
"202400037974";"155714835";"B01";"2";"34";"0";"2";"1";"2";"1";""
"202400037975";"155714833";"A01";"2";"7";"1";"0";"3";"1";"1";""
"202400037976";"155714832";"A01";"1";"50";"0";"0";"0";"1";"3";""
"202400037977";"155714829";"A01";"2";"7";"0";"1";"1";"1";"1";""
"202400037978";"155714826";"A01";"3";"50";"0";"2";"3";"19";"3";""
"202400037978";"155714828";"B01";"3";"7";"0";"9";"5";"16";"1";""
"202400037979";"155714825";"B01";"2";"7";"0";"2";"2";"1";"1";""
"202400037979";"155714827";"A01";"2";"7";"0";"2";"3";"16";"2";""
"202400037980";"155714824";"A01";"3";"33";"0";"0";"0";"26";"1";""
"202400037981";"155714823";"A01";"2";"37";"0";"1";"1";"2";"1";"2"
"202400037982";"155714821";"A01";"1";"7";"0";"2";"1";"26";"1";""
"202400037982";"155714822";"B01";"1";"7";"3";"2";"4";"2";"1";""
"202400037983";"155714820";"A01";"2";"7";"0";"1";"3";"1";"1";""
"202400037984";"155714818";"A01";"1";"7";"0";"2";"3";"15";"1";""
"202400037984";"155714819";"B01";"2";"2";"0";"2";"1";"1";"1";""
"202400037985";"155714816";"A01";"1";"33";"0";"2";"1";"17";"1";""
"202400037985";"155714817";"B01";"2";"7";"0";"2";"0";"0";"1";""
"202400037986";"155714815";"A01";"3";"50";"0";"0";"0";"1";"3";""
"202400037987";"155714813";"A01";"2";"7";"0";"2";"1";"13";"1";""
"202400037987";"155714814";"B01";"1";"33";"0";"2";"1";"1";"1";""
"202400037988";"155714812";"A01";"3";"7";"8";"1";"1";"0";"1";""
"202400037989";"155714809";"A01";"1";"7";"0";"2";"1";"2";"1";""
"202400037989";"155714810";"B01";"1";"7";"0";"2";"4";"23";"1";""
"202400037990";"155714807";"A01";"1";"7";"0";"2";"3";"9";"1";""
"202400037990";"155714808";"B01";"1";"50";"0";"2";"1";"1";"3";""
"202400037991";"155714806";"A01";"1";"34";"8";"0";"0";"0";"1";""
"202400037992";"155714804";"B01";"1";"2";"0";"2";"8";"1";"3";""
"202400037992";"155714805";"A01";"1";"7";"0";"2";"1";"15";"1";""
"202400037993";"155714803";"A01";"1";"33";"1";"0";"1";"0";"1";""
"202400037994";"155714802";"A01";"3";"50";"12";"0";"7";"25";"3";""
"202400037995";"155714799";"A01";"3";"7";"0";"1";"8";"1";"1";""
"202400037996";"155714800";"A01";"2";"7";"0";"1";"2";"1";"1";""
"202400037997";"155714798";"A01";"1";"7";"4";"0";"8";"1";"1";""
"202400037998";"155714797";"A01";"3";"7";"0";"2";"2";"15";"1";""
"202400037998";"155714801";"B01";"2";"32";"0";"2";"3";"15";"1";""