"Num_Acc";"id_vehicule";"num_veh";"senc";"catv";"obs";"obsm";"choc";"manv";"motor";"occutc"
"202400037999";"155714793";"C01";"0";"7";"0";"2";"4";"1";"1";""
"202400037999";"155714794";"A01";"0";"7";"0";"2";"1";"1";"1";""
"202400037999";"155714796";"B01";"0";"33";"0";"2";"4";"1";"1";""
"202400038000";"155714792";"A01";"1";"7";"0";"1";"3";"20";"1";""
"202400038001";"155714791";"B01";"2";"1";"0";"2";"4";"26";"5";""
"202400038001";"155714795";"A01";"2";"7";"0";"2";"2";"12";"1";""
"202400038002";"155714789";"A01";"3";"7";"12";"0";"0";"0";"1";""
"202400038002";"155714790";"B01";"3";"2";"12";"0";"8";"14";"1";""
"202400038003";"155714786";"A01";"3";"30";"1";"2";"1";"15";"1";""
"202400038003";"155714788";"B01";"3";"7";"1";"2";"1";"1";"1";""
"202400038004";"155714785";"B01";"2";"50";"0";"2";"1";"12";"3";""
"202400038004";"155714787";"A01";"1";"7";"0";"2";"7";"17";"1";""
"202400038005";"155714783";"A01";"1";"7";"0";"2";"3";"16";"1";""
"202400038005";"155714784";"B01";"2";"50";"0";"2";"1";"5";"3";""
"202400038006";"155714779";"A01";"3";"7";"0";"1";"4";"16";"1";""
"202400038007";"155714780";"A01";"3";"7";"12";"0";"2";"16";"1";""
"202400038007";"155714782";"B01";"3";"10";"0";"2";"5";"12";"1";""
"202400038008";"155714778";"A01";"1";"33";"0";"2";"1";"18";"1";""
"202400038008";"155714781";"B01";"1";"7";"0";"2";"7";"16";"2";""
"202400038009";"155714776";"A01";"3";"7";"0";"2";"3";"13";"1";""
"202400038009";"155714777";"B01";"3";"7";"0";"2";"3";"15";"1";""
"202400038010";"155714774";"A01";"1";"7";"14";"0";"3";"2";"1";""
"202400038011";"155714770";"A01";"2";"30";"0";"2";"8";"1";"1";""
"202400038011";"155714772";"B01";"2";"10";"0";"2";"7";"16";"1";""
"202400038012";"155714773";"A01";"2";"33";"0";"0";"8";"1";"1";""
"202400038013";"155714769";"A01";"1";"7";"0";"1";"1";"1";"1";""
"202400038014";"155714771";"A01";"2";"7";"0";"2";"8";"13";"1";""
"202400038014";"155714775";"B01";"2";"32";"0";"2";"7";"17";"1";""
"202400038015";"155714768";"A01";"2";"7";"0";"1";"2";"9";"3";""
"202400038016";"155714767";"A01";"2";"31";"0";"0";"2";"3";"1";""
"202400038017";"155714763";"A01";"0";"2";"0";"2";"8";"15";"1";""
"202400038017";"155714766";"B01";"0";"2";"0";"2";"1";"17";"1";""
"202400038018";"155714764";"A01";"2";"7";"0";"1";"2";"15";"1";""
"202400038019";"155714762";"B01";"1";"7";"0";"2";"4";"1";"1";""
"202400038019";"155714765";"A01";"1";"31";"0";"2";"1";"2";"1";""
"202400038020";"155714760";"A01";"3";"7";"0";"1";"7";"1";"1";""
"202400038021";"155714759";"B01";"2";"34";"0";"2";"9";"17";"1";""
"202400038021";"155714761";"A01";"1";"7";"0";"2";"1";"9";"1";""
"202400038022";"155714756";"A01";"1";"7";"0";"2";"1";"2";"1";""
"202400038022";"155714758";"B01";"1";"7";"0";"2";"4";"2";"1";""
"202400038023";"155714754";"A01";"1";"43";"0";"2";"3";"2";"1";""
"202400038023";"155714755";"B01";"1";"7";"0";"2";"6";"2";"1";""
"202400038024";"155714753";"A01";"1";"50";"0";"2";"1";"19";"3";""
"202400038024";"155714757";"B01";"1";"7";"0";"2";"7";"1";"1";""
"202400038025";"155714750";"B01";"1";"10";"0";"2";"4";"1";"1";""
"202400038025";"155714751";"C01";"1";"10";"0";"2";"8";"1";"1";""
"202400038025";"155714752";"A01";"1";"33";"0";"2";"1";"1";"1";""
"202400038026";"155714745";"A01";"2";"33";"0";"2";"8";"3";"1";""
"202400038026";"155714748";"C01";"2";"7";"0";"2";"4";"1";"1";""
"202400038026";"155714749";"B01";"2";"7";"0";"2";"7";"12";"1";""
"202400038027";"155714744";"A01";"1";"43";"0";"2";"1";"1";"1";""
"202400038027";"155714746";"B01";"1";"10";"0";"2";"5";"0";"1";""
"202400038028";"155714743";"A01";"1";"7";"0";"2";"1";"16";"1";""
"202400038028";"155714747";"B01";"1";"21";"0";"2";"6";"23";"1";""
"202400038029";"155714740";"A01";"3";"1";"0";"2";"1";"9";"5";""
"202400038029";"155714742";"Z01";"0";"7";"0";"2";"0";"0";"0";""
"202400038030";"155714739";"A01";"1";"1";"0";"2";"8";"15";"5";""
"202400038030";"155714741";"B01";"1";"2";"0";"2";"1";"1";"1";""
"202400038031";"155714737";"A01";"3";"7";"0";"2";"3";"9";"1";""
"202400038031";"155714738";"B01";"3";"7";"0";"2";"2";"0";"1";""
"202400038032";"155714734";"A01";"3";"50";"0";"2";"1";"25";"3";""
"202400038032";"155714735";"B01";"3";"50";"0";"2";"1";"25";"3";""
"202400038033";"155714733";"B01";"2";"7";"0";"0";"8";"24";"1";""
"202400038033";"155714736";"A01";"2";"1";"1";"0";"1";"1";"5";""
"202400038034";"155714730";"B01";"2";"32";"0";"2";"1";"1";"1";""
"202400038034";"155714732";"A01";"2";"7";"0";"2";"8";"22";"2";""
"202400038035";"155714729";"A01";"1";"33";"0";"0";"0";"26";"1";""
"202400038036";"155714728";"Z01";"1";"7";"0";"2";"5";"17";"2";""
"202400038036";"155714731";"B01";"1";"50";"0";"2";"8";"15";"3";""
"202400038037";"155714726";"B01";"3";"43";"0";"2";"8";"15";"1";""
"202400038037";"155714727";"A01";"3";"7";"0";"2";"2";"1";"2";""
"202400038038";"155714724";"A01";"2";"7";"0";"2";"1";"2";"1";""
"202400038038";"155714725";"B01";"1";"7";"0";"2";"4";"2";"1";""
"202400038039";"155714722";"A01";"1";"2";"0";"2";"6";"1";"3";""
"202400038039";"155714723";"B01";"1";"7";"0";"2";"7";"16";"1";""
"202400038040";"155714719";"A01";"1";"10";"0";"2";"2";"10";"1";""
"202400038040";"155714721";"B01";"1";"33";"0";"2";"1";"1";"1";""
"202400038041";"155714715";"A01";"2";"32";"0";"0";"8";"1";"3";""
"202400038042";"155714716";"A01";"2";"7";"0";"2";"1";"11";"1";""
"202400038042";"155714718";"B01";"2";"30";"0";"2";"4";"1";"1";""
"202400038043";"155714714";"A01";"2";"32";"0";"2";"8";"13";"1";""
"202400038043";"155714717";"C01";"2";"7";"0";"2";"6";"2";"1";""
"202400038043";"155714720";"B01";"1";"7";"0";"2";"3";"1";"1";""
"202400038044";"155714713";"A01";"3";"7";"0";"1";"1";"0";"1";""
"202400038045";"155714712";"A01";"2";"10";"0";"1";"1";"15";"3";""
"202400038046";"155714709";"A01";"2";"33";"0";"1";"1";"19";"1";""
"202400038047";"155714708";"A01";"1";"10";"0";"2";"3";"1";"6";""
"202400038047";"155714710";"B01";"2";"7";"0";"2";"6";"15";"1";""
"202400038048";"155714707";"A01";"3";"7";"0";"2";"8";"22";"1";""
"202400038048";"155714711";"B01";"3";"1";"1";"0";"7";"1";"5";""
"202400038049";"155714706";"A01";"2";"30";"0";"2";"0";"1";"6";""
"202400038050";"155714705";"A01";"2";"34";"3";"0";"2";"14";"1";""
"202400038051";"155714703";"A01";"2";"7";"0";"1";"1";"2";"1";""
"202400038052";"155714700";"B01";"3";"7";"0";"2";"1";"1";"1";""
"202400038052";"155714702";"A01";"1";"33";"0";"2";"3";"1";"1";""
"202400038053";"155714701";"A01";"1";"33";"0";"2";"1";"17";"1";""
"202400038053";"155714704";"B01";"1";"7";"0";"2";"3";"15";"2";""
"202400038054";"155714699";"A01";"0";"7";"0";"1";"1";"0";"1";""
"202400038055";"155714694";"B01";"0";"10";"0";"2";"0";"0";" -1";""
"202400038055";"155714698";"A01";"2";"7";"0";"2";"8";"1";"1";""
"202400038056";"155714693";"B01";"1";"37";"0";"2";"3";"1";"1";"1"
"202400038056";"155714696";"A01";"1";"7";"0";"2";"2";"12";"1";""
"202400038057";"155714695";"A01";"2";"7";"0";"2";"8";"15";"1";""
"202400038057";"155714697";"B01";"2";"33";"0";"2";"9";"1";"1";""
"202400038058";"155714688";"B01";"0";"7";"0";"0";"3";"26";"1";""
"202400038058";"155714692";"A01";"3";"7";"1";"0";"0";"26";"1";""
"202400038059";"155714689";"B01";"2";"7";"0";"2";"5";"0";"1";""
"202400038059";"155714691";"A01";"2";"50";"0";"2";"1";"2";"3";""
"202400038060";"155714687";"A01";"3";"7";"0";"2";"3";"2";"1";""
"202400038060";"155714690";"B01";"3";"7";"0";"2";"7";"2";"1";""
"202400038061";"155714686";"A01";"2";"7";"0";"1";"8";"0";"1";""
"202400038062";"155714683";"A01";"1";"10";"9";"2";"1";"9";"1";""
"202400038062";"155714685";"B01";"1";"13";"9";"0";"3";"1";"1";""
"202400038063";"155714681";"B01";"1";"1";"0";"0";"0";"0";"5";""
"202400038063";"155714682";"A01";"1";"32";"0";"0";"0";"0";"0";""
"202400038064";"155714680";"A01";"3";"7";"0";"2";"1";"0";"0";""
"202400038064";"155714684";"B01";"3";"33";"0";"2";"4";"0";"1";""
"202400038065";"155714678";"B01";"2";"80";"0";"2";"7";"1";"3";""
"202400038065";"155714679";"A01";"2";"7";"0";"2";"8";"22";"1";""
"202400038066";"155714676";"A01";"1";"13";"0";"2";"6";"15";"1";""
"202400038066";"155714677";"B01";"1";"34";"0";"2";"1";"13";"1";""
"202400038067";"155714673";"A01";"3";"7";"0";"2";"1";"15";"1";""
"202400038067";"155714675";"B01";"3";"33";"0";"2";"7";"1";"1";""
"202400038068";"155714672";"A01";"1";"31";"0";"2";"1";"21";"1";""
"202400038068";"155714674";"B01";"1";"7";"0";"2";"4";"2";"3";""
"202400038069";"155714670";"A01";"3";"7";"0";"2";"7";"15";"1";""
"202400038069";"155714671";"B01";"3";"34";"0";"2";"1";"1";"1";""
"202400038070";"155714667";"A01";"2";"7";"0";"2";"3";"15";"1";""
"202400038070";"155714669";"B01";"1";"1";"0";"2";"1";"1";"5";""
"202400038071";"155714666";"A01";"1";"10";"0";"2";"1";"19";"1";""
"202400038071";"155714668";"B01";"1";"1";"0";"2";"4";"2";"5";""
"202400038072";"155714665";"A01";"1";"7";"0";"0";"1";"0";"1";""
"202400038073";"155714663";"A01";"3";"7";"0";"1";"2";"26";"1";""
"202400038074";"155714662";"A01";"3";"7";"2";"2";"5";"15";"1";""
"202400038074";"155714664";"B01";"3";"7";"0";"2";"2";"1";"1";""
"202400038075";"155714661";"A01";"2";"33";"0";"1";"1";"17";"0";""
"202400038076";"155714659";"A01";"2";"7";"0";"0";"9";"0";"1";""
"202400038077";"155714657";"B01";"1";"7";"0";"2";"3";"1";"1";""
"202400038077";"155714660";"A01";"1";"1";"0";"2";"1";"1";"5";""
"202400038078";"155714656";"A01";"3";"7";"0";"2";"3";"13";"1";""
"202400038078";"155714658";"B01";"3";"7";"0";"2";"3";"1";"1";""
"202400038079";"155714655";"A01";"2";"7";"16";"0";"3";"1";"1";""
"202400038080";"155714653";"A01";"2";"10";"1";"0";"2";"21";"1";""
"202400038081";"155714654";"A01";"1";"50";"1";"0";"1";"26";"3";""
"202400038082";"155714651";"A01";"1";"7";"0";"1";"1";"1";"1";""
"202400038083";"155714649";"A01";"1";"50";"0";"2";"1";"1";"3";""
"202400038083";"155714652";"Z01";"1";"7";"0";"2";"8";"1";"0";""
"202400038084";"155714648";"B01";"1";"32";"0";"2";"0";"0";"1";""
"202400038084";"155714650";"A01";"1";"10";"0";"2";"3";"11";"1";""
"202400038085";"155714646";"Z01";"0";"30";"0";"1";"1";"1";"1";""
"202400038086";"155714642";"C01";"1";"7";"3";"0";"3";"1";"1";""
"202400038086";"155714644";"A01";"2";"7";"0";"2";"3";"5";"1";""
"202400038086";"155714647";"B01";"1";"10";"3";"2";"3";"1";"1";""
"202400038087";"155714643";"B01";"1";"33";"0";"2";"8";"1";"1";""
"202400038087";"155714645";"A01";"1";"10";"0";"2";"1";"15";"1";""
"202400038088";"155714640";"A01";"2";"30";"0";"2";"1";"1";"1";""
"202400038088";"155714641";"B01";"1";"7";"0";"2";"5";"15";"1";""
"202400038089";"155714639";"A01";"1";"7";"3";"0";"1";"0";"2";""
"202400038090";"155714637";"B01";"1";"7";"0";"2";"1";"0";"1";""
"202400038090";"155714638";"A01";"1";"7";"0";"2";"4";"0";"3";""
"202400038091";"155714633";"A01";"1";"7";"0";"2";"3";"0";"1";""
"202400038091";"155714635";"B01";"2";"7";"0";"2";"1";"0";"1";""
"202400038092";"155714632";"B01";"2";"2";"0";"2";"1";"2";"1";""
"202400038092";"155714634";"A01";"2";"7";"0";"2";"3";"15";"1";""
"202400038093";"155714631";"B01";"1";"7";"0";"2";"4";"1";"1";""
"202400038093";"155714636";"A01";"1";"10";"0";"2";"1";"1";"1";""
"202400038094";"155714630";"A01";"1";"7";"0";"1";"1";"1";"1";""
"202400038095";"155714627";"A01";"1";"14";"0";"1";"1";"1";"1";""
"202400038096";"155714626";"A01";"1";"30";"0";"2";"1";"16";"1";""
"202400038096";"155714629";"B01";"1";"50";"0";"2";"7";"1";"3";""
"202400038097";"155714625";"A01";"1";"31";"0";"2";"1";"0";"1";""
"202400038097";"155714628";"B01";"1";"31";"0";"2";"1";"0";"1";""
"202400038098";"155714619";"A01";"1";"33";"0";"2";"3";"3";"1";""
"202400038098";"155714622";"C01";"1";"7";"0";"2";"8";"1";"2";""
"202400038098";"155714624";"B01";"1";"10";"0";"2";"5";"1";"3";""
"202400038099";"155714618";"A01";"3";"7";"0";"2";"2";"16";"1";""
"202400038099";"155714621";"B01";"3";"50";"0";"2";"1";"1";"3";""
"202400038100";"155714616";"A01";"2";"7";"2";"0";"1";"14";"1";""
"202400038101";"155714615";"A01";"2";"33";"0";"2";"2";"3";"1";""
"202400038101";"155714617";"B01";"2";"14";"0";"2";"6";"1";"1";""
"202400038102";"155714613";"B01";"0";"43";"0";"2";"3";"1";"1";""
"202400038102";"155714614";"A01";"2";"10";"0";"2";"1";"1";"1";""
"202400038103";"155714610";"B01";"2";"7";"0";"0";"6";"1";"1";""
"202400038103";"155714612";"A01";"1";"7";"0";"2";"1";"1";"1";""
"202400038104";"155714609";"B01";"2";"7";"0";"0";"4";"2";"1";""
"202400038104";"155714611";"A01";"2";"7";"0";"2";"1";"2";"1";""
"202400038105";"155714605";"A01";"1";"2";"0";"2";"1";"1";"1";""
"202400038105";"155714606";"B01";"1";"7";"0";"2";"3";"1";"1";""
"202400038106";"155714607";"A01";"1";"7";"0";"2";"3";"15";"1";""
"202400038106";"155714608";"B01";"1";"43";"0";"2";"5";"17";"1";""
"202400038107";"155714603";"B01";"1";"10";"0";"2";"3";"1";"1";""
"202400038107";"155714604";"A01";"2";"7";"15";"2";"1";"1";"1";""
"202400038108";"155714601";"B01";"2";"15";"0";"2";"1";"1";"1";""
"202400038108";"155714602";"A01";"1";"7";"0";"2";"8";"9";"1";""
"202400038109";"155714599";"A01";"2";"37";"0";"2";"2";"1";"1";"2"
"202400038109";"155714600";"B01";"1";"7";"0";"2";"5";"17";"1";""
"202400038110";"155714596";"B01";"1";"21";"0";"0";"6";"15";"1";""
"202400038110";"155714598";"A01";"1";"38";"0";"2";"2";"18";"1";"1"
"202400038111";"155714595";"A01";"1";"7";"1";"0";"1";"10";"2";""
"202400038112";"155714594";"B01";"1";"7";"0";"2";"4";"2";"1";""
"202400038112";"155714597";"A01";"1";"7";"0";"2";"1";"2";"1";""
"202400038113";"155714592";"A01";"2";"7";"0";"2";"1";"2";"1";""
"202400038113";"155714593";"B01";"2";"10";"0";"0";"4";"2";"1";""
"202400038114";"155714591";"A01";"1";"33";"0";"6";"1";"0";"1";""
"202400038115";"155714590";"A01";"3";"7";"15";"0";"1";"1";"1";""
"202400038116";"155714586";"A01";"2";"7";"0";"2";"3";"1";"1";""
"202400038116";"155714588";"B01";"2";"7";"0";"2";"3";"1";"1";""
"202400038117";"155714587";"A01";"3";"10";"0";"2";"8";"10";"1";""
"202400038117";"155714589";"B01";"3";"33";"0";"2";"2";"17";"1";""
"202400038118";"155714584";"A01";"2";"7";"0";"2";"1";"1";"1";""
"202400038118";"155714585";"B01";"1";"7";"0";"2";"1";"1";"1";""
"202400038119";"155714583";"A01";"1";"10";"0";"1";"2";"16";"1";""
"202400038120";"155714582";"A01";"2";"7";"12";"1";"1";"14";"1";""
"202400038121";"155714581";"A01";"2";"80";"0";"1";"1";"1";"3";""
"202400038122";"155714578";"A01";"1";"7";"1";"0";"2";"2";"1";""
"202400038122";"155714579";"B01";"1";"7";"0";"2";"6";"26";"1";""
"202400038123";"155714576";"B01";"1";"7";"0";"2";"1";"1";"1";""
"202400038123";"155714577";"A01";"2";"10";"0";"2";"1";"13";"1";""
"202400038123";"155714580";"C01";"1";"7";"0";"2";"2";"23";"1";""
"202400038124";"155714575";"A01";"2";"33";"15";"0";"1";"26";"1";""
"202400038125";"155714572";"A01";"1";"7";"0";"1";"2";"1";"1";""
"202400038126";"155714573";"A01";"1";"15";"0";"2";"2";"16";"1";""
"202400038126";"155714574";"B01";"1";"1";"0";"2";"1";"1";"5";""
"202400038127";"155714571";"A01";"2";"7";"0";"1";"3";"1";"1";""
"202400038128";"155714567";"B01";"3";"10";"0";"2";"3";"1";"0";""
"202400038128";"155714570";"A01";"3";"7";"0";"2";"2";"1";"0";""
"202400038129";"155714569";"A01";"1";"7";"0";"1";"1";"26";"1";""
"202400038130";"155714566";"A01";"1";"7";"0";"2";"1";"1";"1";""
"202400038130";"155714568";"B01";"2";"7";"0";"2";"1";"1";"1";""
"202400038131";"155714565";"A01";"2";"10";"0";"1";"1";"1";"0";""
"202400038132";"155714563";"A01";"1";"7";"0";"2";"4";"23";"1";""
"202400038132";"155714564";"B01";"1";"7";"0";"2";"1";"2";"1";""
"202400038133";"155714560";"A01";"0";"7";"0";"2";"1";"23";" -1";""
"202400038133";"155714561";"C01";"0";"1";"0";"2";"0";"1";"5";""
"202400038134";"155714558";"B01";"2";"7";"0";"2";"5";"19";"1";""
"202400038134";"155714562";"A01";"1";"33";"0";"2";"1";"18";"1";""
"202400038135";"155714555";"A01";"2";"7";"0";"2";"2";"9";"1";""
"202400038135";"155714556";"B01";"2";"33";"0";"2";"1";"1";"1";""
"202400038136";"155714552";"A01";"2";"3";"0";"2";"4";"2";"3";""
"202400038136";"155714553";"B01";"2";"7";"0";"2";"1";"2";"0";""
"202400038137";"155714551";"A01";"3";"7";"0";"2";"3";"1";"1";""
"202400038137";"155714554";"B01";"3";"2";"0";"2";"3";"13";"1";""
"202400038138";"155714548";"Z01";"3";"7";"0";"2";"0";"0";"1";""
"202400038138";"155714550";"A01";"3";"7";"0";"2";"2";"0";"1";""
"202400038139";"155714547";"A01";"1";"10";"0";"2";"2";"17";"1";""
"202400038139";"155714549";"B01";"1";"1";"0";"2";"6";"15";"5";""
"202400038140";"155714544";"A01";"2";"10";"0";"0";"4";"11";"1";""
"202400038140";"155714546";"B01";"2";"7";"0";"0";"1";"1";"1";""
"202400038141";"155714541";"A01";"1";"1";"0";"0";"0";"1";"5";""
"202400038142";"155714542";"A01";"2";"30";"0";"2";"5";"15";"1";""
"202400038142";"155714543";"B01";"3";"7";"0";"9";"1";"0";"1";""
"202400038143";"155714540";"A01";"1";"7";"0";"2";"4";"1";"1";""
"202400038143";"155714545";"B01";"1";"10";"0";"2";"1";"1";"1";""
"202400038144";"155714537";"A01";"1";"50";"0";"1";"2";"21";"3";""
"202400038145";"155714534";"A01";"3";"10";"0";"2";"6";"15";"1";""
"202400038145";"155714536";"B01";"1";"7";"0";"2";"1";"21";"1";""
"202400038145";"155714539";"C01";"2";"7";"0";"2";"1";"1";"1";""
"202400038146";"155714535";"B01";"1";"30";"0";"2";"1";"1";"1";""
"202400038146";"155714538";"A01";"1";"7";"0";"2";"3";"1";"1";""
"202400038147";"155714530";"B01";"1";"2";"0";"2";"1";"1";"1";""
"202400038147";"155714533";"A01";"3";"10";"0";"2";"7";"19";"1";""
"202400038148";"155714529";"A01";"2";"7";"0";"2";"8";"1";"1";""
"202400038148";"155714532";"B01";"1";"10";"0";"2";"8";"1";"1";""
"202400038149";"155714528";"A01";"3";"1";"0";"2";"3";"15";"5";""
"202400038149";"155714531";"B01";"3";"7";"0";"2";"7";"1";"1";""
"202400038150";"155714524";"A01";"1";"7";"0";"2";"8";"15";"1";""
"202400038150";"155714527";"B01";"2";"50";"0";"2";"1";"1";"3";""
"202400038151";"155714526";"A01";"2";"7";"13";"0";"2";"1";"1";""
"202400038152";"155714523";"B01";"2";"80";"0";"2";"3";"5";"3";""
"202400038152";"155714525";"A01";"3";"7";"0";"2";"2";"9";"1";""
"202400038153";"155714519";"A01";"2";"7";"0";"2";"3";"17";"1";""
"202400038153";"155714521";"B01";"1";"14";"0";"2";"3";"1";"1";""
"202400038153";"155714522";"C01";"2";"17";"0";"2";"8";"1";"1";""
"202400038154";"155714517";"A01";"2";"7";"0";"2";"3";"15";"1";""
"202400038154";"155714520";"B01";"1";"2";"0";"2";"1";"1";"1";""
"202400038155";"155714515";"A01";"2";"33";"15";"0";"3";"1";"1";""
"202400038156";"155714516";"A01";"2";"7";"0";"2";"1";"16";"1";""
"202400038156";"155714518";"B01";"2";"50";"0";"2";"7";"1";"3";""
"202400038157";"155714513";"A01";"2";"7";"0";"1";"4";"4";"1";""
"202400038158";"155714511";"A01";"0";"7";"0";"2";"1";"16";"1";""
"202400038158";"155714514";"B01";"3";"7";"0";"2";"7";"26";"1";""
"202400038159";"155714510";"A01";"1";"33";"0";"2";"8";"17";"1";""
"202400038159";"155714512";"B01";"2";"7";"0";"2";"8";"1";"1";""
"202400038160";"155714508";"A01";"2";"33";"0";"0";"7";"1";"1";""
"202400038161";"155714506";"B01";"2";"7";"0";"2";"6";"23";"1";""
"202400038161";"155714507";"C01";"1";"7";"0";"2";"1";"1";"1";""
"202400038161";"155714509";"A01";"2";"30";"14";"0";"1";"1";"1";""
"202400038162";"155714503";"A01";"2";"7";"0";"1";"2";"1";"1";""
"202400038163";"155714501";"A01";"1";"7";"0";"2";"1";"2";"1";""
"202400038163";"155714502";"B01";"1";"7";"0";"2";"4";"2";"1";""
"202400038163";"155714505";"C01";"1";"7";"0";"2";"4";"2";"1";""
"202400038164";"155714500";"A01";"1";"3";"4";"2";"6";"13";"1";""
"202400038164";"155714504";"B01";"1";"7";"4";"2";"2";"1";"1";""
"202400038165";"155714499";"A01";"1";"7";"0";"1";"2";"1";"1";""
"202400038166";"155714497";"A01";"1";"7";"17";"0";"1";"13";"1";""
"202400038167";"155714496";"B01";"2";"7";"0";"2";"8";"15";"1";""
"202400038167";"155714498";"A01";"1";"2";"0";"2";"1";"1";"1";""
"202400038168";"155714493";"A01";"1";"2";"6";"0";"3";"20";"1";""
"202400038169";"155714491";"C01";"3";"7";"0";"2";"4";"2";"1";""
"202400038169";"155714494";"B01";"3";"7";"0";"2";"1";"2";"1";""
"202400038169";"155714495";"A01";"3";"7";"0";"2";"1";"2";"2";""
"202400038170";"155714490";"A01";"1";"50";"0";"2";"2";"19";"3";""
"202400038170";"155714492";"B01";"1";"13";"0";"9";"0";"0";"1";""
"202400038171";"155714488";"B01";"2";"33";"0";"2";"1";"1";"1";""
"202400038171";"155714489";"A01";"1";"3";"0";"2";"8";"9";"1";""
"202400038172";"155714486";"B01";"3";"7";"0";"2";"8";"16";"1";""
"202400038172";"155714487";"A01";"3";"50";"0";"2";"1";"25";"3";""
"202400038173";"155714481";"A01";"2";"7";"0";"0";"6";"15";"1";""
"202400038173";"155714484";"B01";"2";"33";"0";"2";"1";"17";"1";""
"202400038174";"155714480";"A01";"3";"7";"0";"2";"1";"1";"1";""
"202400038174";"155714483";"B01";"3";"7";"0";"2";"4";"23";"1";""
"202400038175";"155714479";"A01";"2";"34";"13";"0";"1";"1";"1";""
"202400038176";"155714476";"B01";"2";"7";"0";"2";"7";"15";"1";""
"202400038176";"155714477";"A01";"2";"50";"0";"2";"1";"1";"3";""
"202400038177";"155714475";"A01";"2";"33";"0";"6";"8";"21";"1";""
"202400038178";"155714474";"B01";"2";"7";"0";"2";"4";"2";"1";""
"202400038178";"155714478";"A01";"2";"10";"0";"2";"1";"2";"1";""
"202400038179";"155714473";"A01";"1";"7";"9";"0";"1";"1";"1";""
"202400038180";"155714471";"A01";"2";"7";"0";"2";"2";"12";"1";""
"202400038180";"155714472";"B01";"2";"7";"0";"0";"6";"1";"1";""
"202400038181";"155714470";"A01";"2";"7";"4";"0";"9";"1";"1";""
"202400038182";"155714466";"A01";"1";"10";"0";"1";"3";"15";"1";""
"202400038183";"155714465";"B01";"2";"15";"0";"0";"5";"1";"1";""
"202400038183";"155714467";"A01";"2";"10";"4";"2";"2";"1";"1";""
"202400038184";"155714468";"A01";"3";"7";"0";"2";"1";"5";"1";""
"202400038184";"155714469";"B01";"3";"7";"0";"2";"1";"1";"1";""
"202400038185";"155714464";"A01";"1";"21";"12";"0";"4";"4";"1";""
"202400038186";"155714463";"A01";"1";"2";"2";"0";"1";"1";"1";""
"202400038187";"155714460";"A01";"1";"7";"0";"2";"2";"13";"1";""
"202400038187";"155714461";"B01";"2";"7";"0";"2";"2";"1";"1";""
"202400038188";"155714458";"A01";"1";"1";"0";"2";"4";"1";"5";""
"202400038188";"155714459";"B01";"1";"7";"0";"2";"2";"12";"2";""
"202400038189";"155714457";"B01";"2";"7";"0";"2";"2";"1";"1";""
"202400038189";"155714462";"A01";"2";"7";"0";"2";"1";"0";"1";""
"202400038190";"155714456";"A01";"1";"10";"4";"0";"2";"14";"1";""
"202400038191";"155714453";"A01";"2";"7";"8";"0";"9";"1";"1";""
"202400038191";"155714455";"B01";"1";"7";"0";"0";"0";"9";"1";""
"202400038192";"155714452";"A01";"3";"7";"6";"1";"4";"26";"1";""
"202400038193";"155714454";"A01";"3";"7";"8";"0";"9";"26";"1";""
"202400038194";"155714450";"A01";"2";"43";"0";"0";"8";"23";"1";""
"202400038195";"155714448";"B01";"2";"33";"0";"2";"1";"0";"1";""
"202400038195";"155714449";"A01";"2";"14";"0";"2";"2";"15";"1";""
"202400038196";"155714447";"A01";"0";"7";"0";"2";"1";"1";"1";""
"202400038196";"155714451";"B01";"0";"15";"0";"2";"8";"20";"1";""
"202400038197";"155714445";"A01";"1";"7";"0";"2";"3";"9";"1";""
"202400038197";"155714446";"B01";"2";"31";"0";"2";"1";"26";"1";""
"202400038198";"155714443";"A01";"1";"7";"0";"1";"2";"1";"1";""
"202400038199";"155714442";"B01";"1";"1";"0";"0";"6";"2";"5";""
"202400038199";"155714444";"A01";"1";"7";"0";"0";"1";"2";"1";""
"202400038200";"155714439";"B01";"2";"7";"0";"2";"1";"21";"1";""
"202400038200";"155714441";"A01";"2";"7";"0";"0";"8";"15";"1";""
"202400038201";"155714437";"A01";"1";"31";"0";"2";"8";"11";"1";""
"202400038201";"155714440";"B01";"1";"7";"0";"2";"2";"1";"1";""
"202400038202";"155714435";"A01";"1";"2";"0";"2";"8";"1";"1";""
"202400038202";"155714436";"B01";"1";"0";"0";"2";"7";"17";" -1";""
"202400038203";"155714433";"A01";"3";"31";"0";"2";"1";"2";"1";""
"202400038203";"155714434";"B01";"3";"7";"0";"2";"4";"2";"1";""
"202400038204";"155714432";"A01";"3";"36";"0";"0";"9";"14";"1";""
"202400038205";"155714431";"A01";"3";"50";"0";"1";"1";"25";"3";""
"202400038206";"155714430";"A01";"0";"33";"0";"0";"0";"0";"1";""
"202400038207";"155714427";"B01";"2";"1";"0";"2";"8";"5";"5";""
"202400038207";"155714429";"A01";"3";"7";"0";"2";"1";"19";"1";""
"202400038208";"155714426";"B01";"1";"7";"0";"2";"3";"1";"1";""
"202400038208";"155714428";"A01";"2";"7";"0";"2";"2";"15";"2";""
"202400038209";"155714438";"A01";"3";"2";"13";"0";"0";"1";"1";""