"Num_Acc";"id_vehicule";"num_veh";"senc";"catv";"obs";"obsm";"choc";"manv";"motor";"occutc"
"202400038210";"155714422";"A01";"1";"7";"0";"0";"1";"15";"1";""
"202400038210";"155714425";"B01";"1";"7";"0";"0";"1";"1";"1";""
"202400038211";"155714419";"D01";"1";"7";"0";"2";"1";"1";"1";""
"202400038211";"155714421";"B01";"1";"7";"0";"2";"1";"0";"1";""
"202400038211";"155714423";"C01";"1";"7";"0";"2";"1";"1";"1";""
"202400038211";"155714424";"A01";"2";"7";"0";"2";"1";"13";"1";""
"202400038212";"155714417";"A01";"1";"30";"0";"2";"1";"13";"1";""
"202400038213";"155714416";"B01";"0";"7";"0";"2";"8";"1";"1";""
"202400038213";"155714418";"C01";"0";"7";"0";"2";"2";"15";"1";""
"202400038213";"155714420";"A01";"3";"13";"0";"2";"3";"1";"1";""
"202400038214";"155714413";"B01";"3";"7";"0";"2";"4";"2";"1";""
"202400038214";"155714415";"A01";"3";"7";"0";"2";"1";"2";"1";""
"202400038215";"155714412";"A01";"1";"7";"0";"2";"1";"1";"1";""
"202400038215";"155714414";"B01";"2";"7";"0";"2";"1";"1";"1";""
"202400038216";"155714411";"A01";"3";"7";"0";"0";"0";"0";"1";""
"202400038217";"155714410";"A01";"1";"32";"0";"1";"1";"1";"1";""
"202400038218";"155714408";"A01";"0";"7";"0";"2";"1";"15";"1";""
"202400038218";"155714409";"B01";"0";"2";"0";"2";"1";"0";"1";""
"202400038219";"155714405";"A01";"1";"7";"3";"0";"1";"0";"1";""
"202400038219";"155714406";"B01";"2";"7";"0";"9";"1";"1";"1";""
"202400038220";"155714407";"A01";"3";"33";"2";"0";"1";"17";"1";""
"202400038221";"155714404";"A01";"2";"30";"0";"1";"1";"1";"1";""
"202400038222";"155714402";"A01";"1";"10";"2";"0";"7";"1";"1";""
"202400038223";"155714401";"A01";"2";"33";"0";"2";"1";"3";"1";""
"202400038223";"155714403";"B01";"2";"7";"0";"2";"5";"12";"1";""
"202400038224";"155714399";"A01";"2";"50";"0";"2";"0";"15";"3";""
"202400038224";"155714400";"B01";"2";"7";"0";"2";"6";"15";"1";""
"202400038225";"155714396";"B01";"2";"33";"0";"2";"4";"2";"1";""
"202400038225";"155714398";"A01";"2";"10";"0";"2";"1";"2";"1";""
"202400038226";"155714397";"A01";"2";"7";"2";"0";"0";"0";"1";""
"202400038227";"155714394";"A01";"2";"7";"0";"2";"3";"10";"1";""
"202400038227";"155714395";"B01";"1";"7";"0";"2";"2";"1";"1";""
"202400038228";"155714390";"B01";"2";"7";"0";"2";"3";"1";"1";""
"202400038228";"155714391";"C01";"1";"1";"0";"2";"0";"0";"5";""
"202400038228";"155714393";"A01";"1";"33";"0";"2";"3";"13";"1";""
"202400038229";"155714389";"A01";"3";"38";"0";"1";"3";"16";"1";"1"
"202400038230";"155714386";"A01";"2";"14";"0";"1";"7";"26";"1";""
"202400038231";"155714385";"B01";"2";"10";"0";"2";"4";"1";"1";""
"202400038231";"155714387";"C01";"2";"10";"0";"2";"4";"1";"1";""
"202400038231";"155714388";"D01";"2";"7";"0";"2";"4";"1";"1";""
"202400038231";"155714392";"A01";"2";"7";"0";"2";"1";"1";"1";""
"202400038232";"155714384";"A01";"3";"7";"0";"1";"1";"1";"1";""
"202400038233";"155714380";"A01";"1";"37";"0";"2";"2";"17";"1";"1"
"202400038233";"155714382";"B01";"1";"1";"0";"2";"3";"15";"5";""
"202400038234";"155714381";"A01";"1";"7";"0";"2";"2";"12";"2";""
"202400038234";"155714383";"B01";"1";"33";"0";"2";"7";"1";"1";""
"202400038235";"155714377";"B01";"3";"1";"0";"2";"2";"1";"5";""
"202400038235";"155714379";"A01";"3";"50";"0";"2";"3";"25";"3";""
"202400038236";"155714373";"B01";"3";"1";"0";"2";"1";"25";"5";""
"202400038236";"155714376";"A01";"3";"7";"0";"9";"3";"1";"2";""
"202400038237";"155714372";"C01";"1";"10";"0";"2";"1";"1";"1";""
"202400038237";"155714374";"B01";"1";"7";"0";"2";"2";"1";"1";""
"202400038237";"155714375";"D01";"1";"10";"0";"2";"1";"1";"1";""
"202400038237";"155714378";"A01";"1";"7";"0";"0";"4";"23";"1";""
"202400038238";"155714368";"D01";"2";"7";"0";"0";"0";"0";"1";""
"202400038238";"155714369";"A01";"2";"7";"8";"2";"1";"26";"1";""
"202400038238";"155714370";"C01";"2";"7";"0";"0";"0";"0";"1";""
"202400038238";"155714371";"B01";"3";"7";"0";"0";"0";"24";"1";""
"202400038239";"155714365";"B01";"2";"32";"0";"2";"1";"1";"1";""
"202400038239";"155714367";"A01";"1";"7";"0";"2";"7";"15";"1";""
"202400038240";"155714364";"A01";"2";"7";"10";"0";"3";"1";"1";""
"202400038241";"155714363";"B01";"2";"7";"0";"2";"4";"2";"1";""
"202400038241";"155714366";"A01";"1";"17";"0";"2";"0";"0";"1";""
"202400038242";"155714360";"A01";"1";"33";"0";"2";"2";"3";"1";""
"202400038242";"155714361";"C01";"1";"7";"0";"2";"4";"1";"1";""
"202400038242";"155714362";"B01";"1";"7";"0";"2";"5";"1";"1";""
"202400038243";"155714357";"B01";"2";"7";"0";"2";"7";"12";"1";""
"202400038243";"155714359";"A01";"2";"31";"0";"2";"8";"3";"1";""
"202400038244";"155714356";"A01";"3";"7";"0";"2";"3";"10";"1";""
"202400038244";"155714358";"B01";"3";"7";"0";"2";"2";"1";"1";""
"202400038245";"155714353";"Z01";"1";"43";"0";"2";"7";"26";"1";""
"202400038245";"155714355";"A01";"2";"1";"0";"2";"8";"1";"5";""
"202400038246";"155714349";"A01";"2";"80";"0";"2";"1";"16";"3";""
"202400038246";"155714350";"B01";"1";"1";"0";"2";"1";"1";"5";""
"202400038247";"155714351";"C01";"1";"7";"0";"2";"4";"1";"1";""
"202400038247";"155714352";"A01";"1";"7";"0";"2";"1";"2";"1";""
"202400038247";"155714354";"B01";"1";"7";"0";"2";"4";"1";"1";""
"202400038248";"155714347";"B01";"1";"50";"0";"2";"1";"1";"3";""
"202400038248";"155714348";"A01";"1";"7";"0";"2";"2";"10";"2";""
"202400038249";"155714344";"A01";"1";"7";"0";"2";"1";"2";"1";""
"202400038249";"155714346";"B01";"1";"7";"0";"2";"4";"2";"2";""
"202400038250";"155714345";"A01";"1";"33";"9";"0";"7";"18";"1";""
"202400038251";"155714342";"A01";"3";"7";"0";"2";"1";"1";"2";""
"202400038251";"155714343";"B01";"3";"33";"0";"2";"1";"5";"1";""
"202400038252";"155714338";"B01";"3";"32";"0";"2";"1";"1";"1";""
"202400038252";"155714339";"A01";"3";"7";"0";"2";"2";"14";"1";""
"202400038253";"155714340";"B01";"2";"7";"0";"2";"5";"1";"1";""
"202400038253";"155714341";"A01";"2";"43";"0";"2";"3";"3";"1";""
"202400038254";"155714335";"A01";"1";"7";"0";"2";"3";"11";"1";""
"202400038254";"155714336";"B01";"1";"80";"0";"2";"1";"17";"3";""
"202400038255";"155714334";"B01";"2";"7";"0";"2";"6";"1";"1";""
"202400038255";"155714337";"A01";"2";"31";"0";"2";"1";"3";"1";""
"202400038256";"155714332";"A01";"2";"1";"0";"2";"1";"5";"5";""
"202400038256";"155714333";"B01";"1";"10";"0";"2";"5";"22";"1";""
"202400038257";"155714330";"B01";"1";"50";"0";"2";"3";"17";"3";""
"202400038257";"155714331";"A01";"2";"37";"0";"2";"5";"1";"1";"1"
"202400038258";"155714329";"A01";"2";"7";"4";"0";"3";"11";"2";""
"202400038259";"155714326";"B01";"1";"10";"0";"2";"7";"16";"1";""
"202400038259";"155714328";"A01";"1";"32";"0";"2";"8";"7";"1";""
"202400038260";"155714324";"A01";"1";"7";"0";"2";"2";"21";"1";""
"202400038260";"155714325";"B01";"1";"7";"0";"2";"6";"2";"1";""
"202400038260";"155714327";"C01";"1";"7";"0";"2";"5";"2";"1";""
"202400038261";"155714321";"B01";"2";"7";"0";"2";"3";"1";"1";""
"202400038261";"155714323";"A01";"2";"80";"0";"2";"7";"1";"3";""
"202400038262";"155714320";"A01";"1";"15";"0";"2";"6";"11";"1";""
"202400038262";"155714322";"B01";"1";"43";"0";"2";"7";"21";"1";""
"202400038263";"155714318";"A01";"2";"30";"0";"2";"7";"16";"1";""
"202400038263";"155714319";"B01";"2";"7";"0";"2";"8";"1";"2";""
"202400038264";"155714315";"A01";"3";"50";"0";"2";"1";"11";"3";""
"202400038264";"155714316";"B01";"3";"7";"0";"2";"2";"16";"2";""
"202400038265";"155714317";"A01";"3";"7";"0";"1";"0";"26";"0";""
"202400038266";"155714314";"A01";"1";"13";"0";"1";"1";"16";"1";""
"202400038267";"155714311";"Z01";"1";"7";"0";"2";"7";"11";"2";""
"202400038267";"155714312";"B01";"1";"1";"0";"2";"7";"17";"5";""
"202400038268";"155714310";"A01";"1";"1";"0";"0";"3";"1";"5";""
"202400038269";"155714309";"A01";"1";"7";"0";"2";"1";"2";"1";""
"202400038269";"155714313";"B01";"1";"30";"0";"0";"4";"2";"1";""
"202400038270";"155714308";"A01";"2";"7";"0";"1";"4";"19";"1";""
"202400038271";"155714307";"A01";"1";"50";"8";"0";"0";"0";"3";""
"202400038272";"155714305";"B01";"3";"1";"0";"2";"1";"15";"5";""
"202400038272";"155714306";"A01";"0";"7";"0";"2";"1";"15";"1";""
"202400038273";"155714302";"A01";"1";"32";"0";"2";"1";"7";"1";""
"202400038273";"155714304";"B01";"1";"7";"0";"2";"7";"16";"1";""
"202400038274";"155714301";"A01";"0";"10";"0";"2";"3";"26";"1";""
"202400038274";"155714303";"B01";"3";"10";"0";"2";"1";"1";"1";""
"202400038275";"155714300";"A01";"1";"7";"0";"1";"1";"1";"1";""
"202400038276";"155714298";"A01";"2";"1";"0";"2";"3";"15";"5";""
"202400038276";"155714299";"B01";"2";"7";"0";"2";"7";"1";"1";""
"202400038277";"155714297";"A01";"1";"7";"0";"1";"2";"1";"1";""
"202400038278";"155714296";"A01";"1";"7";"8";"0";"3";"1";"2";""
"202400038279";"155714295";"A01";"2";"32";"0";"0";"9";"1";"1";""
"202400038280";"155714292";"B01";"2";"7";"0";"2";"3";"15";"1";""
"202400038280";"155714294";"A01";"2";"2";"0";"2";"0";"17";"3";""
"202400038281";"155714291";"B01";"2";"7";"0";"2";"4";"23";"1";""
"202400038281";"155714293";"A01";"2";"7";"0";"2";"1";"2";"1";""
"202400038282";"155714290";"A01";"1";"2";"1";"0";"1";"16";"1";""
"202400038283";"155714286";"Z01";"2";"7";"0";"2";"1";"19";"1";""
"202400038283";"155714288";"A01";"2";"30";"0";"2";"8";"19";"1";""
"202400038284";"155714287";"A01";"1";"14";"0";"2";"1";"1";"1";""
"202400038284";"155714289";"B01";"1";"10";"0";"2";"4";"15";"1";""
"202400038285";"155714284";"A01";"1";"7";"0";"2";"1";"1";"1";""
"202400038285";"155714285";"B01";"2";"7";"0";"2";"1";"1";"1";""
"202400038286";"155714281";"A01";"1";"10";"0";"2";"1";"1";"1";""
"202400038286";"155714283";"B01";"2";"10";"0";"2";"5";"15";"0";""
"202400038287";"155714276";"A01";"1";"10";"1";"2";"8";"26";"1";""
"202400038287";"155714278";"B01";"1";"60";"1";"0";"1";"2";"5";""
"202400038288";"155714275";"A01";"2";"50";"0";"2";"7";"1";"3";""
"202400038288";"155714279";"B01";"2";"7";"0";"2";"3";"15";"1";""
"202400038289";"155714272";"A01";"0";"33";"0";"0";"0";"0";"1";""
"202400038290";"155714271";"B01";"3";"7";"0";"2";"0";"26";"0";""
"202400038290";"155714274";"A01";"3";"7";"0";"2";"3";"23";"0";""
"202400038291";"155714266";"A01";"3";"7";"13";"0";"2";"2";"1";""
"202400038292";"155714265";"C01";"1";"10";"9";"2";"1";"1";"1";""
"202400038292";"155714267";"A01";"1";"10";"9";"9";"4";"1";"0";""
"202400038292";"155714268";"B01";"1";"7";"9";"2";"4";"1";"1";""
"202400038293";"155714261";"A01";"1";"7";"0";"2";"9";"17";"1";""
"202400038293";"155714263";"B01";"1";"10";"0";"2";"6";"23";"1";""
"202400038293";"155714264";"C01";"1";"7";"0";"2";"3";"1";"1";""
"202400038294";"155714260";"A01";"3";"2";"13";"0";"7";"23";"1";""
"202400038295";"155714259";"A01";"1";"33";"14";"2";"2";"1";"1";""
"202400038295";"155714262";"B01";"1";"7";"0";"2";"3";"20";"1";""
"202400038296";"155714256";"A01";"2";"43";"9";"0";"2";"1";"1";""
"202400038297";"155714255";"A01";"1";"7";"0";"2";"1";"1";"1";""
"202400038297";"155714258";"B01";"1";"7";"0";"2";"4";"1";"1";""
"202400038298";"155714254";"A01";"1";"33";"0";"1";"1";"1";"1";""
"202400038299";"155714253";"B01";"1";"7";"0";"2";"3";"1";"1";""
"202400038299";"155714257";"A01";"1";"7";"0";"2";"1";"1";"1";""
"202400038300";"155714249";"B01";"1";"33";"0";"2";"7";"1";"1";""
"202400038300";"155714251";"A01";"1";"7";"0";"2";"3";"15";"2";""
"202400038301";"155714250";"A01";"1";"33";"0";"2";"3";"3";"1";""
"202400038301";"155714252";"B01";"1";"7";"0";"2";"2";"16";"1";""
"202400038302";"155714247";"A01";"2";"7";"0";"2";"1";"7";"1";""
"202400038302";"155714248";"B01";"2";"1";"0";"2";"4";"0";"0";""
"202400038303";"155714246";"A01";"1";"31";"0";"0";"0";"1";"1";""
"202400038304";"155714245";"A01";"3";"10";"0";"1";"1";"1";"1";""
"202400038305";"155714241";"A01";"2";"7";"0";"2";"1";"2";"1";""
"202400038305";"155714242";"B01";"2";"7";"0";"2";"4";"2";"1";""
"202400038305";"155714244";"C01";"2";"7";"0";"2";"4";"0";"3";""
"202400038306";"155714239";"A01";"3";"99";"0";"1";"0";"0";"0";""
"202400038307";"155714240";"B01";"3";"7";"0";"2";"7";"1";"1";""
"202400038307";"155714243";"A01";"2";"7";"0";"2";"1";"1";"1";""
"202400038308";"155714238";"A01";"2";"7";"0";"1";"1";"1";"1";""
"202400038309";"155714233";"A01";"1";"7";"14";"0";"1";"1";"1";""
"202400038309";"155714235";"B01";"1";"10";"0";"2";"4";"23";"1";""
"202400038310";"155714234";"B01";"2";"43";"0";"2";"2";"1";"0";""
"202400038310";"155714237";"A01";"1";"7";"0";"2";"2";"15";"1";""
"202400038311";"155714232";"A01";"1";"7";"0";"2";"1";"2";"1";""
"202400038311";"155714236";"B01";"1";"7";"0";"2";"4";"2";"1";""
"202400038312";"155714229";"A01";"2";"30";"8";"0";"1";"1";"1";""
"202400038313";"155714230";"A01";"3";"7";"0";"1";"2";"15";"1";""
"202400038314";"155714228";"A01";"1";"31";"0";"1";"1";"17";"1";""
"202400038315";"155714223";"B01";"1";"33";"0";"2";"4";"1";"1";""
"202400038315";"155714225";"A01";"1";"33";"0";"2";"1";"1";"1";""
"202400038315";"155714227";"C01";"1";"33";"0";"2";"4";"1";"1";""
"202400038316";"155714222";"B01";"0";"7";"0";"2";"4";"2";"0";""
"202400038316";"155714224";"A01";"0";"10";"0";"2";"1";"2";"0";""
"202400038317";"155714226";"A01";"1";"33";"8";"0";"1";"0";"1";""
"202400038318";"155714219";"A01";"1";"14";"0";"2";"0";"24";"0";""
"202400038318";"155714221";"B01";"1";"60";"1";"0";"0";"0";"5";""
"202400038319";"155714220";"A01";"1";"7";"2";"0";"8";"1";"1";""
"202400038320";"155714214";"A01";"1";"7";"0";"2";"0";"0";"1";""
"202400038320";"155714216";"B01";"1";"1";"0";"2";"0";"0";"5";""
"202400038321";"155714213";"B01";"1";"7";"0";"2";"4";"23";"1";""
"202400038321";"155714217";"C01";"1";"37";"0";"2";"4";"23";"1";"1"
"202400038321";"155714218";"A01";"1";"7";"0";"2";"1";"2";"1";""
"202400038322";"155714210";"B01";"1";"7";"0";"0";"1";"1";"1";""
"202400038322";"155714211";"A01";"1";"7";"0";"0";"8";"19";"1";""
"202400038323";"155714209";"A01";"3";"7";"3";"0";"1";"14";"1";""
"202400038324";"155714206";"A01";"3";"33";"0";"2";"1";"13";"1";""
"202400038324";"155714207";"C01";"3";"21";"0";"2";"6";"1";"0";""
"202400038325";"155714203";"A01";"1";"21";"6";"0";"9";"0";"1";""
"202400038326";"155714204";"A01";"2";"7";"0";"2";"3";"13";"1";""
"202400038326";"155714208";"B01";"2";"7";"0";"2";"5";"1";"1";""
"202400038327";"155714200";"A01";"3";"36";"8";"0";"0";"1";"1";""
"202400038328";"155714197";"A01";"1";"50";"0";"2";"1";"1";"3";""
"202400038328";"155714199";"B01";"1";"7";"0";"2";"3";"15";"1";""
"202400038329";"155714194";"A01";"1";"7";"0";"2";"1";"2";"2";""
"202400038329";"155714195";"B01";"1";"7";"0";"0";"4";"0";"1";""
"202400038330";"155714193";"C01";"2";"7";"0";"2";"6";"24";"1";""
"202400038330";"155714196";"A01";"1";"21";"0";"2";"3";"13";"1";""
"202400038330";"155714198";"B01";"2";"7";"1";"2";"3";"1";"1";""
"202400038331";"155714192";"A01";"1";"7";"13";"0";"2";"0";"0";""
"202400038332";"155714190";"A01";"3";"7";"13";"2";"0";"0";"1";""
"202400038332";"155714191";"B01";"3";"7";"13";"2";"0";"0";"1";""
"202400038333";"155714189";"A01";"3";"33";"3";"0";"2";"1";"1";""
"202400038334";"155714181";"B01";"1";"7";"2";"2";"1";"1";"1";""
"202400038334";"155714184";"A01";"2";"10";"0";"2";"3";"1";"1";""
"202400038335";"155714182";"A01";"1";"7";"1";"0";"2";"26";"1";""
"202400038335";"155714185";"B01";"3";"3";"0";"2";"3";"24";"3";""
"202400038336";"155714183";"A01";"1";"7";"0";"2";"7";"15";"1";""
"202400038336";"155714186";"B01";"2";"33";"0";"2";"1";"1";"1";""
"202400038337";"155714179";"A01";"3";"15";"1";"2";"4";"22";"1";""
"202400038337";"155714180";"B01";"3";"7";"1";"0";"2";"21";"1";""
"202400038338";"155714176";"A01";"3";"7";"0";"9";"1";"1";"1";""
"202400038338";"155714178";"B01";"3";"50";"0";"2";"8";"19";"3";""
"202400038339";"155714173";"A01";"3";"7";"0";"2";"3";"1";"1";""
"202400038339";"155714177";"B01";"3";"7";"0";"2";"2";"15";"1";""
"202400038340";"155714172";"A01";"1";"2";"13";"0";"7";"14";"1";""
"202400038341";"155714171";"A01";"1";"7";"13";"0";"3";"1";"1";""
"202400038342";"155714168";"A01";"1";"7";"0";"2";"1";"1";"1";""
"202400038342";"155714170";"B01";"2";"7";"0";"2";"2";"1";"1";""
"202400038343";"155714166";"A01";"2";"10";"0";"2";"3";"9";"1";""
"202400038343";"155714169";"B01";"2";"10";"0";"2";"2";"1";"1";""
"202400038344";"155714167";"A01";"2";"7";"0";"1";"1";"1";"1";""
"202400038345";"155714164";"A01";"1";"2";"6";"0";"1";"14";"1";""
"202400038346";"155714162";"A01";"1";"60";"0";"2";"1";"5";"5";""
"202400038346";"155714165";"B01";"2";"7";"0";"2";"1";"15";"1";""
"202400038347";"155714161";"A01";"2";"2";"0";"0";"7";"14";"1";""
"202400038348";"155714160";"B01";"2";"31";"0";"2";"8";"1";"1";""
"202400038348";"155714163";"A01";"0";"7";"0";"2";"2";"15";"1";""
"202400038349";"155714157";"A01";"1";"7";"0";"2";"7";"17";"1";""
"202400038349";"155714158";"B01";"1";"31";"0";"2";"8";"1";"1";""
"202400038350";"155714156";"B01";"2";"1";"0";"2";"6";"15";"5";""
"202400038350";"155714159";"A01";"2";"30";"0";"2";"1";"15";"3";""
"202400038351";"155714154";"A01";"2";"43";"0";"2";"1";"1";"1";""
"202400038351";"155714155";"B01";"2";"7";"0";"0";"3";"15";"1";""
"202400038352";"155714152";"A01";"1";"1";"0";"2";"4";"1";"5";""
"202400038352";"155714153";"B01";"1";"7";"0";"2";"2";"9";"1";""
"202400038353";"155714151";"A01";"3";"7";"0";"1";"4";"20";"1";""
"202400038354";"155714150";"A01";"1";"50";"0";"0";"0";"1";"3";""
"202400038355";"155714149";"A01";"3";"10";"0";"1";"4";"26";"1";""
"202400038356";"155714148";"A01";"1";"7";"0";"1";"2";"1";"1";""
"202400038357";"155714145";"A01";"3";"2";"0";"2";"1";"15";"1";""
"202400038357";"155714147";"B01";"3";"7";"0";"2";"1";"16";"1";""
"202400038358";"155714143";"B01";"2";"1";"0";"2";"1";"0";"5";""
"202400038358";"155714144";"A01";"2";"7";"0";"9";"2";"15";"1";""
"202400038359";"155714141";"A01";"1";"7";"0";"2";"3";"13";"1";""
"202400038359";"155714142";"B01";"2";"15";"0";"2";"3";"1";"1";""
"202400038360";"155714139";"A01";"2";"7";"0";"1";"1";"1";"1";""
"202400038361";"155714137";"B01";"1";"7";"0";"2";"3";"2";"1";""
"202400038361";"155714140";"A01";"1";"7";"0";"2";"2";"9";"1";""
"202400038362";"155714138";"A01";"3";"7";"0";"2";"1";"1";"1";""
"202400038362";"155714146";"B01";"3";"7";"0";"2";"8";"1";"1";""
"202400038363";"155714135";"A01";"1";"3";"6";"0";"1";"0";"1";""
"202400038364";"155714134";"A01";"0";"1";"0";"2";"0";"0";"5";""
"202400038364";"155714136";"B01";"0";"1";"0";"2";"1";"1";"5";""
"202400038365";"155714133";"B01";"3";"50";"0";"2";"0";"0";"3";""
"202400038366";"155714130";"A01";"1";"7";"0";"2";"3";"13";"1";""
"202400038366";"155714132";"B01";"2";"10";"0";"2";"3";"21";"1";""
"202400038367";"155714129";"B01";"3";"1";"0";"2";"0";"0";"5";""
"202400038367";"155714131";"A01";"1";"7";"0";"2";"1";"1";"1";""
"202400038368";"155714126";"B01";"1";"32";"0";"2";"1";"1";"1";""
"202400038368";"155714128";"A01";"2";"7";"0";"2";"3";"16";"1";""
"202400038369";"155714124";"A01";"2";"1";"0";"1";"1";"1";"5";""
"202400038370";"155714122";"A01";"1";"15";"13";"2";"1";"19";"1";""
"202400038370";"155714123";"C01";"2";"7";"13";"2";"3";"1";"1";""
"202400038370";"155714125";"D01";"2";"7";"13";"2";"9";"1";"1";""
"202400038370";"155714127";"E01";"2";"7";"13";"2";"9";"1";"1";""
"202400038371";"155714119";"A01";"2";"7";"6";"2";"1";"13";"1";""
"202400038371";"155714121";"B01";"1";"7";"0";"2";"1";"1";"1";""
"202400038372";"155714117";"A01";"2";"7";"0";"2";"1";"15";"1";""
"202400038372";"155714120";"B01";"1";"33";"1";"2";"1";"17";"1";""
"202400038373";"155714116";"A01";"1";"7";"0";"0";"6";"15";"1";""
"202400038373";"155714118";"B01";"1";"31";"0";"2";"1";"17";"1";""
"202400038374";"155714115";"A01";"3";"2";"0";"0";"0";"1";"1";""
"202400038375";"155714113";"A01";"1";"32";"0";"0";"8";"1";"1";""
"202400038376";"155714111";"A01";"1";"7";"0";"2";"3";"9";"1";""
"202400038376";"155714114";"B01";"3";"30";"0";"2";"2";"1";"1";""
"202400038377";"155714110";"B01";"2";"7";"0";"2";"3";"16";"1";""
"202400038377";"155714112";"A01";"1";"7";"0";"2";"2";"1";"1";""
"202400038378";"155714108";"A01";"0";"15";"1";"1";"6";"4";"1";""
"202400038378";"155714109";"B01";"0";"15";"0";"2";"7";"24";"1";""
"202400038379";"155714106";"A01";"1";"50";"0";"1";"0";"1";"3";""
"202400038380";"155714104";"A01";"1";"10";"0";"2";"3";"15";"0";""
"202400038380";"155714107";"B01";"1";"50";"0";"2";"1";"1";"3";""
"202400038381";"155714105";"A01";"1";"33";"3";"0";"1";"1";"1";""
"202400038382";"155714099";"A01";"2";"7";"0";"0";"5";"14";"3";""
"202400038382";"155714102";"B01";"2";"33";"0";"0";"3";"3";"1";""
"202400038383";"155714100";"A01";"3";"7";"0";"2";"2";"15";"2";""
"202400038383";"155714103";"B01";"3";"7";"0";"2";"0";"2";"1";""
"202400038384";"155714101";"A01";"2";"7";"0";"1";"4";"4";"1";""
"202400038385";"155714098";"A01";"2";"7";"6";"0";"1";"13";"1";""
"202400038386";"155714097";"A01";"1";"7";"0";"1";"4";"1";"1";""
"202400038387";"155714096";"A01";"3";"7";"0";"1";"2";"2";"1";""
"202400038388";"155714095";"A01";"2";"7";"0";"0";"0";"2";"1";""
"202400038389";"155714094";"A01";"2";"7";"0";"1";"1";"1";"1";""
"202400038390";"155714093";"A01";"3";"34";"1";"0";"0";"1";"1";""
"202400038391";"155714091";"A01";"1";"7";"0";"1";"2";"1";"1";""
"202400038392";"155714090";"A01";"1";"7";"13";"0";"1";"1";"1";""
"202400038392";"155714092";"B01";"2";"7";"0";"0";"0";"0";"0";""
"202400038393";"155714087";"A01";"2";"7";"0";"2";"1";"5";"1";""
"202400038393";"155714089";"B01";"1";"10";"0";"2";"1";"1";"1";""
"202400038394";"155714086";"A01";"1";"7";"0";"2";"1";"1";"1";""
"202400038394";"155714088";"B01";"1";"7";"0";"2";"8";"15";"1";""
"202400038395";"155714083";"B01";"1";"14";"1";"0";"1";"1";"1";""
"202400038395";"155714085";"A01";"2";"7";"0";"2";"1";"13";"1";""
"202400038396";"155714080";"A01";"3";"7";"0";"2";"2";"2";"1";""
"202400038396";"155714082";"B01";"3";"7";"0";"2";"6";"1";"1";""
"202400038397";"155714079";"A01";"1";"7";"0";"2";"4";"1";"2";""
"202400038397";"155714081";"B01";"1";"7";"0";"2";"4";"0";"1";""
"202400038397";"155714084";"C01";"1";"7";"0";"2";"1";"1";"1";""
"202400038398";"155714077";"A01";"1";"7";"0";"2";"1";"1";"1";""
"202400038398";"155714078";"B01";"0";"2";"0";"2";"7";"19";"1";""
"202400038399";"155714074";"A01";"2";"14";"0";"1";"1";"1";"1";""
"202400038400";"155714075";"A01";"2";"7";"0";"1";"2";"1";"1";""
"202400038401";"155714073";"A01";"3";"7";"0";"2";"1";"5";"1";""
"202400038401";"155714076";"B01";"3";"7";"0";"2";"3";"1";"2";""
"202400038402";"155714072";"A01";"3";"7";"0";"1";"1";"1";"1";""
"202400038403";"155714068";"B01";"1";"7";"0";"2";"7";"0";"1";""
"202400038403";"155714070";"A01";"1";"2";"0";"2";"1";"19";"1";""
"202400038404";"155714067";"A01";"2";"10";"0";"2";"2";"14";"1";""
"202400038404";"155714069";"B01";"2";"15";"0";"0";"6";"1";"1";""
"202400038405";"155714065";"A01";"1";"7";"1";"0";"1";"1";"1";""
"202400038406";"155714062";"A01";"2";"7";"0";"2";"3";"1";"1";""
"202400038406";"155714064";"B01";"1";"7";"0";"2";"3";"1";"1";""
"202400038407";"155714061";"A01";"3";"7";"0";"1";"2";"0";"1";""
"202400038408";"155714058";"A01";"1";"7";"7";"0";"3";"26";"1";""
"202400038409";"155714057";"A01";"3";"7";"0";"2";"3";"13";"1";""
"202400038409";"155714059";"B01";"3";"10";"0";"2";"3";"5";"1";""
"202400038410";"155714060";"A01";"1";"7";"0";"2";"3";"1";"1";""
"202400038410";"155714063";"B01";"1";"15";"0";"2";"4";"1";"1";""
"202400038411";"155714053";"A01";"1";"7";"0";"2";"1";"15";"3";""
"202400038411";"155714056";"B01";"2";"7";"0";"2";"1";"1";"2";""
"202400038412";"155714052";"A01";"2";"33";"3";"2";"3";"1";"1";""
"202400038412";"155714055";"B01";"2";"10";"0";"2";"2";"1";"1";""
"202400038413";"155714051";"A01";"1";"7";"0";"2";"5";"16";"1";""
"202400038413";"155714054";"B01";"1";"1";"0";"2";"1";"1";"5";""
"202400038414";"155714049";"A01";"2";"34";"0";"2";"9";"1";"1";""
"202400038414";"155714050";"B01";"1";"7";"0";"2";"3";"13";"1";""
"202400038415";"155714048";"A01";"1";"7";"2";"0";"1";"26";"1";""
"202400038416";"155714046";"A01";"2";"7";"0";"1";"2";"25";"1";""
"202400038417";"155714044";"A01";"1";"7";"0";"2";"5";"15";"1";""
"202400038417";"155714045";"B01";"1";"33";"0";"2";"1";"1";"1";""
"202400038418";"155714042";"A01";"2";"7";"0";"2";"2";"1";"1";""
"202400038418";"155714047";"B01";"1";"1";"0";"2";"1";"1";"5";""
"202400038419";"155714041";"B01";"2";"2";"0";"2";"1";"1";"1";""
"202400038419";"155714043";"A01";"2";"7";"0";"2";"3";"15";"1";""