"Num_Acc";"id_vehicule";"num_veh";"senc";"catv";"obs";"obsm";"choc";"manv";"motor";"occutc"
"202400038420";"155714040";"A01";"2";"7";"3";"0";"1";"13";"1";""
"202400038421";"155714036";"A01";"2";"7";"0";"0";"0";"14";"1";""
"202400038422";"155714034";"A01";"2";"33";"0";"2";"1";"17";"1";""
"202400038422";"155714035";"B01";"1";"7";"0";"2";"2";"1";"1";""
"202400038423";"155714038";"A01";"1";"7";"0";"1";"3";"15";"1";""
"202400038424";"155714031";"A01";"2";"10";"0";"2";"3";"7";"1";""
"202400038424";"155714033";"B01";"2";"7";"0";"2";"3";"15";"1";""
"202400038425";"155714029";"A01";"1";"37";"0";"2";"3";"1";"1";"1"
"202400038425";"155714032";"B01";"1";"2";"0";"2";"1";"1";"1";""
"202400038426";"155714028";"B01";"3";"1";"0";"2";"1";"1";"5";""
"202400038426";"155714030";"A01";"0";"10";"0";"2";"5";"1";"3";""
"202400038427";"155714026";"B01";"1";"32";"0";"0";"4";"1";"1";""
"202400038427";"155714027";"A01";"1";"7";"0";"2";"2";"26";"1";""
"202400038428";"155714024";"A01";"1";"7";"0";"2";"3";"0";"1";""
"202400038428";"155714025";"B01";"2";"3";"0";"2";"3";"0";"1";""
"202400038429";"155714019";"A01";"0";"33";"0";"0";"8";"1";"1";""
"202400038430";"155714016";"A01";"1";"7";"0";"2";"1";"2";"3";""
"202400038430";"155714017";"B01";"1";"7";"0";"2";"1";"2";"1";""
"202400038431";"155714014";"A01";"0";"7";"0";"2";"1";"1";"1";""
"202400038431";"155714018";"B01";"0";"7";"0";"2";"7";"1";"1";""
"202400038432";"155714011";"A01";"1";"7";"0";"2";"3";"26";"1";""
"202400038432";"155714013";"B01";"2";"99";"0";"2";"1";"5";"3";""
"202400038433";"155714012";"A01";"2";"1";"0";"2";"1";"19";"5";""
"202400038433";"155714015";"B01";"3";"7";"0";"2";"1";"1";"1";""
"202400038434";"155714008";"A01";"1";"7";"0";"2";"8";"19";"1";""
"202400038434";"155714009";"B01";"1";"7";"0";"2";"1";"1";"1";""
"202400038435";"155714007";"A01";"1";"10";"0";"2";"4";"1";"1";""
"202400038435";"155714010";"B01";"1";"7";"0";"2";"1";"1";"1";""
"202400038436";"155714003";"A01";"1";"7";"0";"2";"8";"2";"0";""
"202400038436";"155714005";"B01";"1";"2";"0";"2";"3";"2";"1";""
"202400038437";"155714000";"A01";"1";"7";"15";"2";"1";"16";"1";""
"202400038437";"155714001";"B01";"2";"7";"0";"2";"3";"15";"1";""
"202400038438";"155714004";"A01";"3";"7";"0";"2";"7";"15";"1";""
"202400038438";"155714006";"B01";"3";"30";"0";"2";"1";"1";"1";""
"202400038439";"155713997";"B01";"1";"14";"0";"2";"3";"1";"1";""
"202400038439";"155713998";"A01";"1";"32";"0";"2";"7";"3";"1";""
"202400038440";"155713999";"A01";"2";"7";"4";"2";"7";"14";"1";""
"202400038440";"155714002";"B01";"2";"10";"0";"2";"8";"2";"1";""
"202400038441";"155713995";"A01";"1";"1";"0";"0";"0";"1";"5";""
"202400038442";"155713992";"Z01";"1";"7";"0";"2";"7";"12";"1";""
"202400038442";"155713994";"A01";"1";"34";"0";"2";"8";"3";"1";""
"202400038442";"155713996";"B01";"1";"7";"0";"2";"4";"2";"1";""
"202400038443";"155713989";"B01";"1";"7";"0";"2";"5";"2";"2";""
"202400038443";"155713990";"A01";"1";"32";"0";"2";"1";"2";"1";""
"202400038444";"155713991";"A01";"1";"10";"0";"2";"4";"2";"1";""
"202400038444";"155713993";"B01";"1";"7";"0";"2";"1";"2";"1";""
"202400038445";"155713986";"A01";"1";"80";"0";"2";"8";"15";"3";""
"202400038445";"155713987";"B01";"1";"50";"0";"2";"1";"17";"3";""
"202400038446";"155713985";"B01";"2";"33";"0";"2";"1";"1";"1";""
"202400038446";"155713988";"A01";"1";"7";"0";"2";"2";"15";"1";""
"202400038447";"155713983";"Z01";"0";"7";"0";"1";"1";"1";"0";""
"202400038448";"155713984";"A01";"2";"33";"14";"0";"1";"2";"1";""
"202400038449";"155713982";"A01";"2";"1";"0";"0";"0";"1";"5";""
"202400038450";"155713978";"A01";"1";"7";"0";"2";"3";"9";"1";""
"202400038450";"155713980";"B01";"1";"50";"0";"2";"7";"14";"3";""
"202400038451";"155713977";"A01";"1";"7";"0";"2";"8";"13";"1";""
"202400038451";"155713981";"B01";"1";"15";"0";"2";"2";"1";"1";""
"202400038452";"155713976";"B01";"1";"7";"0";"2";"2";"0";"1";""
"202400038452";"155713979";"A01";"2";"50";"0";"2";"1";"26";"3";""
"202400038453";"155713974";"A01";"0";"32";"0";"2";"1";"1";"1";""
"202400038453";"155713975";"B01";"0";"1";"0";"2";"4";"1";"5";""
"202400038454";"155713973";"A01";"1";"10";"0";"1";"1";"15";"3";""
"202400038455";"155713971";"B01";"1";"33";"0";"2";"4";"2";"1";""
"202400038455";"155713972";"A01";"1";"7";"0";"2";"1";"2";"1";""
"202400038456";"155713968";"A01";"1";"10";"0";"2";"2";"16";"1";""
"202400038456";"155713970";"B01";"1";"1";"0";"2";"1";"1";"5";""
"202400038457";"155713964";"A01";"1";"7";"1";"0";"1";"1";"1";""
"202400038457";"155713966";"B01";"1";"10";"0";"2";"4";"2";"1";""
"202400038458";"155713963";"A01";"2";"7";"0";"1";"1";"1";"1";""
"202400038459";"155713965";"B01";"1";"7";"0";"2";"1";"2";"1";""
"202400038459";"155713967";"C01";"1";"7";"0";"0";"4";"2";"1";""
"202400038459";"155713969";"A01";"1";"7";"0";"2";"1";"2";"1";""
"202400038460";"155713961";"A01";"2";"7";"0";"2";"1";"2";"1";""
"202400038460";"155713962";"B01";"2";"7";"0";"2";"4";"1";"2";""
"202400038461";"155713960";"A01";"2";"3";"0";"1";"1";"1";"3";""
"202400038462";"155713956";"A01";"1";"33";"0";"2";"1";"2";"1";""
"202400038462";"155713958";"B01";"1";"10";"0";"2";"4";"1";"1";""
"202400038463";"155713955";"A01";"2";"7";"0";"2";"1";"2";"1";""
"202400038463";"155713957";"B01";"2";"7";"0";"2";"4";"23";"1";""
"202400038464";"155713954";"A01";"0";"7";"0";"2";"3";"15";"1";""
"202400038464";"155713959";"B01";"0";"33";"0";"2";"1";"1";"1";""
"202400038465";"155713951";"A01";"1";"10";"0";"2";"1";"2";"0";""
"202400038465";"155713953";"B01";"1";"7";"0";"2";"4";"2";"1";""
"202400038466";"155713950";"A01";"1";"7";"0";"2";"1";"1";"1";""
"202400038466";"155713952";"B01";"1";"7";"0";"2";"4";"1";"1";""
"202400038467";"155713946";"A01";"1";"7";"0";"2";"4";"2";"1";""
"202400038467";"155713948";"B01";"1";"10";"0";"2";"1";"2";"1";""
"202400038468";"155713945";"X01";"3";"7";"0";"1";"1";"0";"1";""
"202400038469";"155713947";"A01";"1";"32";"0";"2";"8";"11";"1";""
"202400038469";"155713949";"B01";"1";"10";"0";"2";"2";"0";"1";""
"202400038470";"155713943";"A01";"1";"34";"4";"2";"2";"3";"1";""
"202400038470";"155713944";"B01";"1";"7";"4";"2";"3";"11";"1";""
"202400038471";"155713941";"A01";"1";"7";"0";"2";"3";"11";"1";""
"202400038471";"155713942";"B01";"1";"7";"0";"0";"0";"1";"1";""
"202400038472";"155713938";"A01";"2";"33";"0";"2";"1";"1";"1";""
"202400038472";"155713940";"B01";"2";"7";"0";"2";"4";"12";"1";""
"202400038473";"155713936";"A01";"3";"7";"0";"2";"1";"1";"1";""
"202400038473";"155713939";"B01";"3";"10";"0";"2";"4";"1";"1";""
"202400038474";"155713933";"A01";"1";"7";"0";"2";"8";"1";"1";""
"202400038474";"155713935";"B01";"1";"14";"0";"2";"2";"1";"1";""
"202400038475";"155713934";"A01";"0";"7";"0";"2";"1";"15";"1";""
"202400038475";"155713937";"B01";"0";"34";"0";"2";"1";"1";"1";""
"202400038476";"155713930";"A01";"1";"7";"1";"0";"1";"1";"1";""
"202400038477";"155713929";"A01";"1";"7";"0";"2";"7";"0";"1";""
"202400038477";"155713931";"B01";"1";"7";"0";"2";"8";"21";"1";""
"202400038478";"155713928";"A01";"3";"50";"0";"2";"3";"19";"3";""
"202400038478";"155713932";"B01";"1";"34";"12";"2";"1";"1";"1";""
"202400038479";"155713922";"C01";"2";"33";"0";"2";"1";"3";"1";""
"202400038479";"155713924";"B01";"2";"7";"0";"2";"4";"1";"1";""
"202400038479";"155713926";"A01";"2";"7";"0";"2";"3";"11";"1";""
"202400038480";"155713923";"A01";"1";"1";"0";"0";"3";"21";"5";""
"202400038480";"155713925";"B01";"1";"7";"0";"0";"5";"1";"2";""
"202400038480";"155713927";"C01";"3";"7";"11";"0";"0";"9";"1";""
"202400038481";"155713920";"A01";"3";"80";"0";"0";"0";"0";"3";""
"202400038482";"155713918";"A01";"1";"15";"0";"2";"1";"2";"1";""
"202400038482";"155713919";"B01";"1";"7";"0";"2";"4";"2";"1";""
"202400038483";"155713917";"A01";"3";"1";"0";"0";"0";"0";"5";""
"202400038484";"155713915";"A01";"1";"7";"0";"2";"1";"1";"1";""
"202400038484";"155713916";"B01";"1";"1";"0";"2";"0";"19";"5";""
"202400038485";"155713912";"A01";"2";"7";"2";"2";"3";"15";"1";""
"202400038485";"155713913";"B01";"1";"43";"0";"2";"3";"1";"1";""
"202400038486";"155713914";"A01";"3";"10";"0";"2";"1";"1";"0";""
"202400038486";"155713921";"B01";"3";"10";"0";"2";"1";"16";"0";""
"202400038487";"155713909";"B01";"1";"1";"0";"2";"0";"0";"5";""
"202400038487";"155713911";"A01";"1";"7";"0";"2";"0";"0";"1";""
"202400038488";"155713908";"B01";"2";"7";"0";"2";"2";"0";"1";""
"202400038488";"155713910";"A01";"2";"32";"0";"2";"1";"21";"3";""
"202400038489";"155713904";"B01";"1";"15";"0";"2";"4";"26";"1";""
"202400038489";"155713906";"A01";"1";"10";"0";"2";"1";"0";"1";""
"202400038490";"155713907";"A01";"3";"7";"0";"0";"1";"1";"0";""
"202400038491";"155713903";"A01";"3";"17";"0";"2";"6";"23";"1";""
"202400038491";"155713905";"B01";"3";"13";"0";"2";"2";"2";"1";""
"202400038492";"155713902";"A01";"1";"1";"0";"0";"0";"0";"5";""
"202400038493";"155713899";"A01";"3";"7";"0";"2";"3";"15";"1";""
"202400038493";"155713901";"B01";"1";"34";"0";"2";"1";"1";"1";""
"202400038494";"155713898";"A01";"2";"7";"0";"0";"0";"0";"1";""
"202400038495";"155713900";"A01";"3";"0";"0";"1";"1";"0";" -1";""
"202400038496";"155713897";"A01";"2";"7";"6";"0";"0";"0";"1";""
"202400038497";"155713892";"B01";"1";"34";"0";"2";"1";"11";" -1";""
"202400038497";"155713896";"A01";"2";"7";"0";"2";"1";"1";" -1";""
"202400038498";"155713890";"A01";"1";"7";"0";"2";"3";"5";"1";""
"202400038498";"155713891";"C01";"1";"7";"0";"0";"8";"2";"1";""
"202400038498";"155713894";"B01";"2";"10";"0";"2";"3";"5";"1";""
"202400038499";"155713893";"A01";"3";"7";"0";"2";"8";"0";"1";""
"202400038499";"155713895";"B01";"3";"2";"0";"2";"1";"2";"1";""
"202400038500";"155713889";"A01";"1";"32";"10";"0";"1";"1";"1";""
"202400038501";"155713888";"A01";"1";"17";"13";"0";"1";"0";"1";""
"202400038502";"155713886";"A01";"3";"7";"0";"0";"1";"26";"1";""
"202400038503";"155713885";"A01";"3";"32";"0";"2";"1";"3";"1";""
"202400038503";"155713887";"B01";"3";"7";"0";"2";"3";"15";"1";""
"202400038504";"155713884";"A01";"1";"7";"2";"0";"1";"1";"1";""
"202400038505";"155713882";"B01";"3";"99";"0";"2";"0";"0";"0";""
"202400038505";"155713883";"A01";"3";"7";"0";"2";"1";"15";"1";""
"202400038506";"155713880";"B01";"1";"17";"0";"2";"1";"1";"1";""
"202400038506";"155713881";"A01";"2";"7";"0";"2";"8";"19";"1";""
"202400038507";"155713875";"A01";"1";"7";"0";"2";"0";"2";"1";""
"202400038507";"155713878";"B01";"1";"50";"0";"2";"0";"1";"3";""
"202400038508";"155713874";"A01";"3";"7";"13";"0";"4";"15";"1";""
"202400038508";"155713877";"B01";"3";"10";"16";"0";"1";"1";"0";""
"202400038509";"155713876";"A01";"1";"7";"0";"2";"8";"11";"1";""
"202400038509";"155713879";"B01";"1";"32";"0";"2";"2";"3";"1";""
"202400038510";"155713872";"B01";"1";"1";"0";"2";"3";"1";"0";""
"202400038510";"155713873";"A01";"1";"7";"0";"2";"2";"1";"1";""
"202400038511";"155713870";"A01";"2";"7";"0";"2";"7";"12";"3";""
"202400038511";"155713871";"B01";"2";"7";"0";"2";"8";"1";"1";""
"202400038512";"155713868";"A01";"1";"7";"0";"1";"2";"1";"2";""
"202400038513";"155713867";"A01";"0";"7";"7";"0";"1";"1";"1";""
"202400038514";"155713866";"A01";"1";"7";"0";"2";"1";"2";"1";""
"202400038514";"155713869";"B01";"1";"7";"0";"2";"4";"2";"1";""
"202400038515";"155713864";"A01";"2";"7";"0";"1";"1";"1";"1";""
"202400038516";"155713862";"A01";"1";"33";"0";"0";"8";"1";"1";""
"202400038517";"155713860";"B01";"1";"7";"0";"0";"6";"2";"1";""
"202400038517";"155713861";"A01";"1";"33";"0";"2";"1";"2";"1";""
"202400038518";"155713859";"A01";"1";"7";"0";"1";"1";"1";"2";""
"202400038519";"155713858";"A01";"1";"7";"2";"0";"6";"13";"1";""
"202400038520";"155713863";"B01";"3";"10";"0";"2";"7";"1";"1";""
"202400038520";"155713865";"A01";"3";"30";"0";"2";"1";"26";"1";""
"202400038521";"155713857";"A01";"1";"7";"2";"0";"1";"1";"1";""
"202400038522";"155713856";"A01";"2";"1";"0";"1";"1";"7";"5";""
"202400038523";"155713852";"A01";"1";"7";"0";"0";"0";"13";"0";""
"202400038523";"155713853";"B01";"2";"2";"6";"0";"9";"21";"1";""
"202400038524";"155713854";"A01";"2";"7";"0";"2";"2";"1";"1";""
"202400038524";"155713855";"B01";"3";"60";"0";"2";"0";"19";"5";""
"202400038525";"155713851";"A01";"2";"32";"0";"1";"3";"1";"1";""
"202400038526";"155713849";"A01";"1";"7";"0";"2";"5";"17";"0";""
"202400038526";"155713850";"B01";"1";"7";"0";"2";"3";"1";"2";""
"202400038527";"155713848";"A01";"2";"7";"0";"1";"3";"1";"1";""
"202400038528";"155713846";"A01";"1";"7";"0";"2";"1";"15";"1";""
"202400038528";"155713847";"B01";"2";"7";"0";"2";"1";"1";"1";""
"202400038529";"155713845";"A01";"2";"7";"2";"0";"2";"16";"1";""
"202400038530";"155713842";"A01";"1";"2";"0";"0";"0";"1";"1";""
"202400038531";"155713843";"A01";"1";"10";"0";"2";"2";"16";"1";""
"202400038531";"155713844";"B01";"1";"1";"0";"2";"1";"1";"5";""
"202400038532";"155713840";"A01";"1";"7";"0";"2";"3";"15";"2";""
"202400038532";"155713841";"B01";"1";"50";"0";"2";"0";"0";"3";""
"202400038533";"155713838";"B01";"2";"7";"5";"2";"3";"1";"1";""
"202400038533";"155713839";"A01";"1";"7";"0";"2";"1";"1";"1";""
"202400038534";"155713837";"Z01";"2";"7";"0";"1";"7";"26";"0";""
"202400038535";"155713835";"A01";"0";"50";"12";"0";"1";"1";"3";""
"202400038536";"155713834";"A01";"2";"7";"8";"0";"2";"2";"1";""
"202400038537";"155713833";"A01";"1";"30";"0";"2";"8";"18";"3";""
"202400038537";"155713836";"B01";"1";"7";"0";"2";"3";"14";"2";""
"202400038538";"155713831";"A01";"0";"33";"6";"0";"1";"19";"1";""
"202400038539";"155713830";"A01";"3";"7";"0";"2";"2";"13";"1";""
"202400038539";"155713832";"B01";"3";"7";"0";"2";"3";"1";"1";""
"202400038540";"155713828";"A01";"2";"7";"0";"2";"2";"1";"1";""
"202400038540";"155713829";"B01";"2";"7";"0";"2";"3";"1";"1";""
"202400038541";"155713826";"A01";"2";"7";"0";"1";"2";"1";"1";""
"202400038542";"155713823";"B01";"2";"80";"0";"2";"1";"1";"3";""
"202400038542";"155713827";"A01";"2";"10";"0";"2";"3";"22";"1";""
"202400038543";"155713822";"A01";"3";"7";"0";"2";"8";"1";"1";""
"202400038543";"155713825";"B01";"3";"10";"0";"2";"1";"1";"1";""
"202400038544";"155713821";"A01";"2";"10";"0";"2";"1";"5";"1";""
"202400038544";"155713824";"B01";"1";"7";"0";"2";"1";"1";"1";""
"202400038545";"155713817";"B01";"2";"13";"0";"2";"3";"1";"1";""
"202400038545";"155713819";"A01";"1";"7";"0";"2";"1";"13";"1";""
"202400038546";"155713815";"A01";"3";"7";"0";"2";"3";"1";"1";""
"202400038546";"155713816";"B01";"3";"7";"0";"2";"3";"1";"1";""
"202400038546";"155713820";"C01";"3";"7";"0";"2";"3";"1";"1";""
"202400038547";"155713818";"Z01";"1";"10";"0";"1";"1";"15";"0";""
"202400038548";"155713813";"A01";"3";"2";"0";"2";"1";"19";"1";""
"202400038548";"155713814";"B01";"3";"7";"0";"2";"7";"13";"1";""
"202400038549";"155713812";"A01";"0";"10";"0";"9";"0";"26";"0";""
"202400038550";"155713811";"A01";"1";"33";"0";"0";"1";"1";"1";""
"202400038551";"155713808";"A01";"1";"13";"0";"1";"2";"1";"1";""
"202400038552";"155713807";"A01";"1";"31";"0";"0";"0";"1";"1";""
"202400038553";"155713809";"B01";"1";"10";"0";"2";"5";"16";"1";""
"202400038553";"155713810";"A01";"1";"33";"0";"2";"3";"18";"1";""
"202400038554";"155713805";"A01";"2";"2";"6";"0";"2";"14";"1";""
"202400038555";"155713802";"A01";"1";"10";"14";"0";"6";"1";"1";""
"202400038555";"155713806";"Z01";"1";"7";"0";"2";"1";"1";"1";""
"202400038556";"155713803";"A01";"2";"1";"0";"2";"3";"1";"5";""
"202400038556";"155713804";"Z01";"3";"7";"0";"2";"8";"15";"1";""
"202400038557";"155713800";"B01";"1";"15";"0";"9";"1";"0";"1";""
"202400038557";"155713801";"A01";"1";"50";"0";"2";"4";"0";"3";""
"202400038558";"155713799";"A01";"1";"7";"0";"1";"1";"1";"1";""
"202400038559";"155713796";"A01";"0";"2";"0";"2";"1";"26";"1";""
"202400038559";"155713797";"B01";"3";"7";"0";"2";"2";"16";"2";""
"202400038560";"155713795";"A01";"0";"1";"0";"2";"1";"1";"5";""
"202400038560";"155713798";"B01";"3";"7";"0";"9";"3";"16";"1";""
"202400038561";"155713793";"B01";"3";"7";"0";"2";"6";"1";"1";""
"202400038561";"155713794";"A01";"3";"33";"0";"2";"2";"1";"1";""
"202400038562";"155713792";"A01";"3";"10";"0";"1";"8";"1";"1";""
"202400038563";"155713790";"A01";"1";"7";"0";"1";"1";"9";"1";""
"202400038564";"155713788";"A01";"3";"14";"0";"4";"7";"2";"1";""
"202400038564";"155713791";"B01";"3";"40";"0";"2";"1";"2";"0";""
"202400038565";"155713787";"A01";"3";"7";"0";"2";"5";"16";"2";""
"202400038565";"155713789";"B01";"3";"1";"0";"2";"1";"1";"5";""
"202400038566";"155713785";"A01";"2";"50";"1";"0";"1";"1";"3";""
"202400038567";"155713782";"C01";"1";"7";"0";"2";"3";"1";"1";""
"202400038567";"155713783";"A01";"2";"7";"0";"2";"3";"13";"1";""
"202400038567";"155713784";"B01";"1";"7";"0";"2";"3";"1";"1";""
"202400038568";"155713780";"A01";"0";"10";"0";"0";"2";"1";"0";""
"202400038568";"155713781";"B01";"0";"34";"0";"2";"1";"18";"1";""
"202400038569";"155713779";"A01";"1";"7";"0";"1";"1";"1";"1";""
"202400038570";"155713786";"A01";"1";"7";"0";"1";"1";"1";"1";""
"202400038571";"155713776";"A01";"1";"7";"8";"0";"1";"19";"1";""
"202400038572";"155713775";"B01";"2";"10";"0";"2";"1";"0";"1";""
"202400038572";"155713777";"A01";"1";"10";"0";"2";"3";"1";"1";""
"202400038572";"155713778";"C01";"2";"34";"0";"2";"1";"11";"1";""
"202400038573";"155713773";"A01";"1";"10";"0";"1";"2";"14";"1";""
"202400038574";"155713771";"A01";"0";"7";"0";"2";"1";"1";"2";""
"202400038574";"155713774";"B01";"0";"33";"0";"2";"6";"1";"1";""
"202400038575";"155713770";"B01";"2";"7";"0";"2";"3";"15";"1";""
"202400038575";"155713772";"A01";"1";"33";"0";"2";"1";"3";"1";""
"202400038576";"155713769";"A01";"1";"7";"0";"1";"2";"1";"1";""
"202400038577";"155713767";"A01";"1";"7";"0";"2";"1";"2";"1";""
"202400038577";"155713768";"B01";"1";"10";"0";"2";"4";"1";"1";""
"202400038578";"155713766";"B01";"1";"31";"0";"1";"2";"17";"1";""
"202400038579";"155713765";"A01";"3";"7";"1";"0";"1";"20";"1";""
"202400038580";"155713761";"A01";"1";"7";"0";"2";"8";"10";"0";""
"202400038580";"155713763";"B01";"1";"33";"0";"2";"1";"1";"1";""
"202400038581";"155713759";"A01";"1";"7";"0";"1";"1";"26";"1";""
"202400038582";"155713755";"B01";"3";"50";"0";"2";"3";"0";"3";""
"202400038582";"155713758";"A01";"1";"7";"0";"2";"2";"9";"1";""
"202400038583";"155713756";"A01";"1";"7";"0";"1";"0";"2";"1";""
"202400038584";"155713754";"B01";"3";"34";"0";"2";"1";"1";"1";""
"202400038584";"155713757";"A01";"0";"7";"0";"2";"3";"19";"1";""
"202400038585";"155713750";"B01";"1";"1";"0";"2";"7";"1";"5";""
"202400038585";"155713752";"A01";"1";"7";"0";"2";"1";"9";"1";""
"202400038586";"155713751";"A01";"1";"38";"0";"1";"2";"1";"1";"1"
"202400038587";"155713749";"A01";"1";"37";"0";"2";"2";"2";"0";"2"
"202400038587";"155713753";"B01";"2";"7";"0";"2";"1";"5";"0";""
"202400038588";"155713745";"A01";"3";"50";"0";"2";"2";"7";"3";""
"202400038588";"155713747";"B01";"2";"37";"0";"9";"2";"2";"1";"1"
"202400038589";"155713744";"B01";"3";"33";"0";"2";"1";"17";"0";""
"202400038589";"155713748";"A01";"3";"7";"0";"2";"3";"15";"1";""
"202400038590";"155713743";"A01";"3";"7";"0";"2";"1";"15";"1";""
"202400038590";"155713746";"B01";"3";"32";"0";"2";"8";"16";"1";""
"202400038591";"155713738";"C01";"1";"14";"0";"2";"0";"0";"1";""
"202400038591";"155713741";"A01";"1";"32";"0";"2";"1";"17";"1";""
"202400038591";"155713742";"B01";"2";"7";"0";"2";"3";"1";"2";""
"202400038592";"155713735";"C01";"3";"7";"0";"2";"4";"0";"0";""
"202400038592";"155713736";"A01";"3";"15";"0";"2";"1";"0";"1";""
"202400038592";"155713739";"B01";"3";"7";"0";"2";"4";"0";"1";""
"202400038593";"155713734";"B01";"1";"7";"0";"2";"6";"23";"1";""
"202400038593";"155713737";"A01";"1";"7";"0";"2";"1";"21";"1";""
"202400038593";"155713740";"C01";"2";"13";"0";"2";"8";"1";"1";""
"202400038594";"155713732";"A01";"3";"7";"0";"2";"1";"13";"1";""
"202400038594";"155713733";"B01";"3";"7";"0";"2";"1";"1";"1";""
"202400038595";"155713731";"A01";"2";"3";"1";"0";"8";"13";"1";""
"202400038596";"155713728";"A01";"1";"33";"0";"2";"7";"12";"1";""
"202400038597";"155713729";"A01";"1";"1";"0";"2";"0";"1";"5";""
"202400038597";"155713730";"Z01";"0";"10";"0";"2";"5";"17";"1";""
"202400038598";"155713727";"A01";"1";"7";"0";"1";"1";"1";"3";""
"202400038599";"155713726";"A01";"1";"40";"0";"1";"1";"1";"3";""
"202400038600";"155713725";"A01";"1";"7";"14";"1";"1";"19";"1";""
"202400038601";"155713723";"B01";"2";"7";"0";"2";"6";"1";"2";""
"202400038601";"155713724";"A01";"2";"2";"0";"2";"1";"3";"3";""
"202400038602";"155713722";"A01";"3";"60";"12";"0";"1";"1";"5";""
"202400038603";"155713721";"A01";"1";"7";"13";"0";"3";"1";"1";""
"202400038604";"155713720";"B01";"0";"1";"0";"4";"1";"1";"5";""
"202400038605";"155713717";"A01";"2";"7";"0";"2";"1";"2";"1";""
"202400038605";"155713718";"B01";"3";"17";"0";"2";"4";"24";"1";""
"202400038606";"155713714";"A01";"3";"50";"0";"0";"0";"1";"3";""
"202400038607";"155713715";"B01";"2";"33";"0";"2";"1";"1";"1";""
"202400038607";"155713716";"A01";"1";"7";"0";"2";"2";"15";"1";""
"202400038608";"155713719";"Z01";"1";"10";"1";"1";"1";"1";"3";""
"202400038609";"155713711";"B01";"3";"33";"0";"2";"2";"1";"1";""
"202400038609";"155713713";"A01";"3";"7";"0";"2";"3";"11";"1";""
"202400038610";"155713710";"B01";"1";"15";"1";"2";"4";" -1";"0";""
"202400038610";"155713712";"A01";"1";"7";"1";"0";"1";"13";"1";""
"202400038611";"155713707";"A01";"2";"7";"1";"2";"8";"15";"1";""
"202400038611";"155713708";"B01";"2";"10";"0";"2";"1";"17";"1";""
"202400038612";"155713709";"A01";"2";"10";"0";"1";"3";"15";"1";""
"202400038613";"155713706";"A01";"1";"7";"0";"1";"3";"1";"1";""
"202400038614";"155713701";"A01";"2";"7";"0";"2";"1";"1";"1";""
"202400038614";"155713704";"B01";"2";"7";"0";"2";"4";"23";"1";""
"202400038615";"155713700";"B01";"2";"7";"0";"2";"4";"1";"1";""
"202400038615";"155713702";"A01";"2";"7";"0";"2";"1";"1";"1";""
"202400038615";"155713703";"C01";"2";"7";"0";"2";"1";"1";"2";""
"202400038616";"155713698";"B01";"1";"7";"0";"0";"0";"9";"1";""
"202400038616";"155713699";"A01";"1";"1";"0";"0";"0";"2";"5";""
"202400038617";"155713693";"A01";"2";"7";"13";"2";"7";"5";"1";""
"202400038617";"155713695";"B01";"2";"7";"0";"2";"1";"1";"1";""
"202400038618";"155713694";"A01";"3";"10";"0";"2";"1";"1";"1";""
"202400038618";"155713696";"C01";"3";"7";"0";"2";"4";"2";"1";""
"202400038618";"155713697";"B01";"3";"10";"0";"2";"4";"1";"1";""
"202400038619";"155713692";"A01";"1";"33";"11";"0";"1";"1";"1";""
"202400038620";"155713690";"A01";"1";"7";"0";"2";"2";"15";"1";""
"202400038620";"155713691";"B01";"2";"32";"0";"2";"1";"5";"1";""
"202400038621";"155713687";"B01";"2";"30";"0";"2";"1";"17";"3";""
"202400038621";"155713689";"A01";"2";"7";"0";"2";"3";"15";"2";""
"202400038622";"155713684";"B01";"2";"7";"0";"2";"2";"0";"1";""
"202400038622";"155713685";"A01";"2";"33";"0";"2";"1";"17";"1";""
"202400038623";"155713682";"B01";"1";"37";"0";"2";"3";"12";"1";"1"
"202400038623";"155713683";"A01";"1";"10";"0";"2";"2";"11";"1";""
"202400038624";"155713686";"A01";"0";"17";"13";"0";"1";"1";"1";""
"202400038624";"155713688";"B01";"0";"21";"0";"0";"0";"0";"1";""
"202400038625";"155713681";"A01";"1";"7";"0";"1";"1";"15";"2";""
"202400038626";"155713679";"A01";"1";"31";"0";"2";"9";"13";"1";""
"202400038626";"155713680";"B01";"2";"7";"0";"2";"3";"1";"1";""
"202400038627";"155713677";"M01";"1";"33";"0";"2";"2";"1";"1";""
"202400038627";"155713678";"A01";"1";"7";"0";"2";"6";"15";"1";""
"202400038628";"155713675";"A01";"1";"7";"0";"1";"3";"1";"1";""
"202400038629";"155713674";"A01";"1";"7";"0";"2";"1";"13";"2";""
"202400038629";"155713676";"B01";"2";"7";"0";"2";"1";"1";"2";""
"202400038630";"155713671";"A01";"1";"33";"0";"2";"1";"1";"0";""
"202400038630";"155713673";"B01";"1";"13";"0";"0";"6";"23";"0";""
"202400038631";"155713668";"A01";"3";"10";"1";"2";"2";"20";"3";""
"202400038631";"155713669";"B01";"0";"31";"1";"2";"0";"0";"1";""
"202400038632";"155713666";"A01";"3";"37";"0";"9";"3";"1";"1";"1"
"202400038632";"155713667";"B01";"1";"1";"0";"2";"1";"13";"5";""
"202400038633";"155713670";"A01";"2";"7";"0";"2";"2";"2";"1";""
"202400038633";"155713672";"B01";"2";"1";"0";"0";"4";"1";"5";""