"Num_Acc";"id_vehicule";"num_veh";"senc";"catv";"obs";"obsm";"choc";"manv";"motor";"occutc"
"202400038634";"155713664";"A01";"0";"7";"1";"0";"3";"1";"1";""
"202400038634";"155713665";"B01";"0";"33";"1";"0";"2";"2";"1";""
"202400038635";"155713661";"B01";"1";"7";"0";"2";"2";"12";"1";""
"202400038635";"155713662";"A01";"1";"37";"0";"2";"3";"1";"2";"3"
"202400038636";"155713659";"A01";"1";"30";"0";"1";"7";"16";"1";""
"202400038637";"155713658";"A01";"2";"32";"0";"1";"1";"1";"1";""
"202400038638";"155713660";"B01";"0";"2";"0";"2";"1";"0";"1";""
"202400038638";"155713663";"A01";"3";"7";"0";"2";"3";"0";"1";""
"202400038639";"155713657";"A01";"2";"7";"0";"1";"1";"15";"2";""
"202400038640";"155713654";"B01";"2";"7";"0";"2";"3";"1";"1";""
"202400038640";"155713656";"A01";"1";"7";"0";"2";"1";"9";"1";""
"202400038641";"155713653";"A01";"1";"7";"0";"2";"0";"19";"2";""
"202400038641";"155713655";"B01";"2";"7";"0";"2";"3";"1";"1";""
"202400038642";"155713649";"B01";"0";"1";"0";"0";"2";"0";"5";""
"202400038642";"155713651";"A01";"0";"30";"0";"0";"1";"3";"1";""
"202400038643";"155713650";"A01";"2";"7";"0";"2";"2";"17";"1";""
"202400038643";"155713652";"B01";"2";"2";"0";"0";"3";"15";"1";""
"202400038644";"155713648";"A01";"1";"7";"0";"1";"2";"16";"2";""
"202400038645";"155713645";"A01";"2";"7";"0";"1";"2";"1";"1";""
"202400038646";"155713643";"B01";"1";"2";"0";"2";"3";"1";"1";""
"202400038646";"155713644";"A01";"2";"7";"0";"2";"2";"1";"1";""
"202400038647";"155713640";"B01";"2";"7";"0";"2";"3";"1";"1";""
"202400038647";"155713641";"A01";"1";"7";"0";"2";"3";"13";"1";""
"202400038648";"155713639";"B01";"1";"7";"0";"2";"8";"16";"1";""
"202400038648";"155713642";"A01";"1";"30";"0";"2";"1";"1";"3";""
"202400038649";"155713638";"A01";"2";"7";"3";"0";"2";"14";"1";""
"202400038650";"155713637";"A01";"2";"7";"0";"1";"1";"1";"0";""
"202400038651";"155713634";"B01";"1";"33";"0";"2";"5";"26";"1";""
"202400038651";"155713636";"A01";"1";"32";"0";"2";"1";"0";"0";""
"202400038652";"155713633";"B01";"2";"2";"0";"2";"1";"3";"1";""
"202400038652";"155713635";"A01";"2";"7";"0";"2";"6";"13";"1";""
"202400038653";"155713632";"A01";"0";"7";"0";"1";"2";"1";"1";""
"202400038654";"155713631";"A01";"1";"10";"2";"0";"1";"13";"1";""
"202400038655";"155713629";"A01";"3";"7";"0";"2";"3";"5";"1";""
"202400038655";"155713630";"B01";"3";"7";"0";"2";"3";"1";"1";""
"202400038656";"155713628";"A01";"0";"7";"2";"0";"1";"1";"1";""
"202400038657";"155713625";"A01";"1";"2";"0";"2";"1";"0";"1";""
"202400038657";"155713626";"B01";"2";"7";"0";"2";"3";"17";"3";""
"202400038658";"155713627";"A01";"3";"10";"0";"1";"3";"26";"1";""
"202400038659";"155713623";"B01";"3";"2";"0";"2";"1";"1";"0";""
"202400038659";"155713624";"A01";"3";"7";"0";"2";"7";"15";"1";""
"202400038660";"155713621";"B01";"1";"31";"0";"2";"2";"13";"1";""
"202400038660";"155713622";"A01";"1";"7";"0";"0";"3";"15";"1";""
"202400038661";"155713620";"A01";"1";"10";"2";"0";"9";"0";"1";""
"202400038662";"155713619";"A01";"1";"10";"0";"1";"1";"1";"1";""
"202400038663";"155713617";"B01";"2";"7";"0";"2";"2";"17";"1";""
"202400038663";"155713618";"A01";"1";"2";"0";"0";"2";"1";"1";""
"202400038664";"155713615";"B01";"2";"7";"0";"2";"1";"1";"1";""
"202400038664";"155713616";"A01";"1";"7";"0";"2";"1";"1";"2";""
"202400038665";"155713614";"A01";"1";"34";"0";"0";"0";"21";"1";""
"202400038666";"155713613";"A01";"1";"7";"0";"1";"2";"24";"1";""
"202400038667";"155713612";"A01";"2";"7";"0";"1";"2";"17";"1";""
"202400038668";"155713611";"A01";"2";"7";"1";"0";"3";"13";"1";""
"202400038669";"155713609";"A01";"2";"10";"6";"0";"1";"1";"1";""
"202400038670";"155713607";"A01";"2";"7";"0";"2";"1";"2";"1";""
"202400038670";"155713608";"B01";"2";"7";"0";"0";"4";"15";"1";""
"202400038670";"155713610";"C01";"1";"7";"0";"2";"3";"1";"1";""
"202400038671";"155713606";"A01";"1";"7";"0";"1";"3";"1";"1";""
"202400038672";"155713603";"B01";"1";"33";"0";"2";"1";"1";"1";""
"202400038672";"155713605";"A01";"2";"14";"0";"2";"3";"15";"1";""
"202400038673";"155713602";"A01";"2";"7";"0";"0";"1";"1";"1";""
"202400038673";"155713604";"B01";"1";"38";"0";"2";"1";"13";"1";"1"
"202400038674";"155713599";"A01";"1";"7";"0";"2";"3";"13";"1";""
"202400038674";"155713600";"B01";"2";"7";"0";"2";"3";"0";"1";""
"202400038675";"155713598";"B01";"1";"14";"0";"0";"0";"26";"1";""
"202400038675";"155713601";"A01";"2";"7";"0";"0";"1";"2";"1";""
"202400038676";"155713597";"A01";"0";"7";"0";"0";"0";"23";"1";""
"202400038677";"155713595";"B01";"2";"7";"0";"2";"7";"5";"1";""
"202400038677";"155713596";"A01";"1";"15";"0";"2";"1";"5";"1";""
"202400038678";"155713593";"B01";"2";"7";"0";"2";"3";"1";"2";""
"202400038678";"155713594";"A01";"1";"7";"0";"2";"1";"15";"1";""
"202400038679";"155713590";"A01";"1";"7";"6";"0";"0";"0";"1";""
"202400038680";"155713589";"A01";"1";"7";"0";"2";"2";"16";"1";""
"202400038680";"155713591";"B01";"1";"7";"12";"2";"3";"1";"1";""
"202400038681";"155713586";"A01";"2";"7";"0";"2";"6";"15";"1";""
"202400038681";"155713588";"B01";"1";"33";"0";"2";"1";"1";"1";""
"202400038682";"155713584";"B01";"2";"7";"0";"2";"1";"1";"1";""
"202400038682";"155713585";"C01";"1";"7";"0";"0";"6";"15";"1";""
"202400038682";"155713587";"A01";"1";"10";"0";"2";"2";"2";"1";""
"202400038683";"155713582";"A01";"1";"33";"0";"2";"1";"17";"1";""
"202400038683";"155713583";"B01";"1";"7";"0";"2";"3";"15";"1";""
"202400038684";"155713581";"A01";"1";"2";"0";"0";"0";"1";"3";""
"202400038685";"155713577";"B01";"3";"1";"0";"0";"7";"26";"5";""
"202400038685";"155713580";"A01";"1";"33";"0";"2";"1";"1";"1";""
"202400038686";"155713574";"B01";"1";"34";"0";"2";"1";"1";"1";""
"202400038686";"155713576";"A01";"2";"7";"0";"0";"1";"15";"1";""
"202400038687";"155713575";"A01";"3";"7";"0";"1";"2";"1";"1";""
"202400038688";"155713571";"B01";"2";"33";"0";"2";"1";"13";"1";""
"202400038688";"155713573";"A01";"1";"10";"0";"2";"3";"1";"1";""
"202400038689";"155713570";"A01";"1";"7";"8";"2";"1";"1";"1";""
"202400038689";"155713572";"B01";"2";"10";"6";"2";"5";"15";"1";""
"202400038690";"155713566";"A01";"2";"33";"0";"2";"7";"1";"1";""
"202400038690";"155713569";"B01";"1";"7";"0";"2";"1";"15";"1";""
"202400038691";"155713565";"A01";"1";"15";"0";"2";"2";"11";"1";""
"202400038691";"155713567";"B01";"1";"15";"0";"2";"3";"11";"1";""
"202400038691";"155713568";"C01";"1";"10";"0";"2";"4";"12";"1";""
"202400038692";"155713563";"A01";"1";"33";"12";"9";"1";"1";"1";""
"202400038693";"155713562";"A01";"1";"7";"0";"2";"1";"21";"1";""
"202400038693";"155713564";"B01";"2";"2";"0";"2";"1";"0";"1";""
"202400038694";"155713558";"A01";"3";"7";"0";"0";"4";"17";"1";""
"202400038694";"155713560";"B01";"0";"32";"0";"2";"1";"3";"1";""
"202400038695";"155713559";"B01";"1";"7";"0";"2";"1";"1";"1";""
"202400038695";"155713561";"A01";"1";"10";"0";"2";"4";"23";"1";""
"202400038696";"155713554";"A01";"1";"7";"0";"2";"1";"1";"1";""
"202400038696";"155713556";"B01";"3";"50";"0";"0";"8";"19";"3";""
"202400038697";"155713552";"A01";"1";"7";"8";"0";"1";"1";"1";""
"202400038698";"155713547";"A01";"1";"7";"0";"2";"7";"19";"1";""
"202400038698";"155713549";"B01";"2";"10";"0";"2";"2";"1";"1";""
"202400038698";"155713550";"C01";"2";"7";"0";"2";"1";"1";"1";""
"202400038699";"155713548";"B01";"1";"15";"0";"2";"8";"15";"1";""
"202400038699";"155713551";"A01";"1";"31";"0";"2";"2";"17";"1";""
"202400038700";"155713546";"A01";"1";"7";"0";"1";"1";"19";"1";""
"202400038701";"155713544";"A01";"1";"7";"0";"2";"3";"13";"1";""
"202400038701";"155713545";"B01";"1";"7";"0";"2";"3";"23";"1";""
"202400038702";"155713542";"B01";"1";"7";"0";"0";"8";"16";"3";""
"202400038702";"155713543";"A01";"2";"7";"0";"2";"1";"1";"2";""
"202400038703";"155713540";"A01";"1";"33";"4";"0";"8";"26";"1";""
"202400038704";"155713539";"B01";"1";"7";"0";"2";"0";"1";"1";""
"202400038704";"155713541";"A01";"2";"7";"0";"2";"1";"15";"1";""
"202400038705";"155713537";"A01";"2";"7";"0";"2";"0";"3";"1";""
"202400038705";"155713538";"B01";"2";"33";"0";"2";"0";"3";"1";""
"202400038706";"155713535";"A01";"2";"15";"0";"0";"0";"1";"1";""
"202400038707";"155713534";"A01";"1";"31";"0";"0";"4";"9";"1";""
"202400038707";"155713536";"B01";"1";"7";"0";"2";"3";"1";"1";""
"202400038708";"155713531";"A01";"2";"33";"0";"2";"1";"2";"1";""
"202400038708";"155713533";"B01";"2";"7";"0";"2";"4";"2";"1";""
"202400038709";"155713530";"B01";"1";"7";"0";"2";"1";"1";"1";""
"202400038709";"155713532";"A01";"1";"7";"0";"2";"4";"1";"2";""
"202400038710";"155713526";"B01";"2";"10";"0";"2";"4";"2";"1";""
"202400038710";"155713527";"A01";"2";"10";"0";"2";"1";"2";"1";""
"202400038710";"155713529";"C01";"2";"10";"0";"2";"3";"2";"1";""
"202400038711";"155713525";"B01";"2";"7";"4";"2";"5";"17";"1";""
"202400038711";"155713528";"A01";"2";"7";"0";"2";"6";"2";"1";""
"202400038712";"155713523";"A01";"2";"7";"0";"2";"3";"0";"1";""
"202400038712";"155713524";"B01";"2";"7";"0";"2";"5";"1";"1";""
"202400038713";"155713521";"B01";"1";"7";"0";"2";"4";"2";"1";""
"202400038713";"155713522";"A01";"1";"10";"0";"2";"1";"2";"1";""
"202400038714";"155713519";"A01";"2";"7";"0";"2";"4";"1";"2";""
"202400038714";"155713520";"Z01";"2";"7";"0";"2";"0";"0";"1";""
"202400038715";"155713517";"A01";"1";"7";"0";"2";"1";"2";"1";""
"202400038715";"155713518";"B01";"1";"10";"0";"2";"4";"2";"1";""
"202400038716";"155713516";"A01";"1";"7";"3";"0";"3";"2";"1";""
"202400038717";"155713515";"A01";"1";"33";"16";"0";"0";"1";"1";""
"202400038718";"155713513";"B01";"2";"7";"0";"2";"6";"1";"1";""
"202400038718";"155713514";"A01";"2";"10";"0";"2";"2";"2";"1";""
"202400038719";"155713512";"A01";"2";"7";"0";"2";"1";"13";"1";""
"202400038720";"155713511";"A01";"2";"31";"0";"2";"0";"1";"1";""
"202400038721";"155713509";"A01";"1";"7";"0";"0";"0";"1";"1";""
"202400038722";"155713508";"A01";"1";"33";"0";"0";"2";"13";"1";""
"202400038723";"155713506";"B01";"2";"40";"0";"2";"1";"1";"3";""
"202400038723";"155713507";"A01";"2";"7";"0";"4";"8";"10";"1";""
"202400038724";"155713510";"A01";"1";"7";"3";"0";"1";"1";"1";""
"202400038725";"155713505";"A01";"1";"30";"0";"0";"0";"0";"1";""
"202400038726";"155713502";"A01";"2";"50";"0";"0";"0";"0";"3";""
"202400038727";"155713503";"B01";"1";"7";"0";"2";"4";"2";"2";""
"202400038727";"155713504";"A01";"1";"31";"0";"2";"1";"2";"1";""
"202400038728";"155713499";"A01";"2";"7";"0";"2";"0";"1";"1";""
"202400038728";"155713501";"B01";"1";"1";"0";"2";"0";"0";"5";""
"202400038729";"155713497";"B01";"1";"7";"0";"2";"4";"2";"1";""
"202400038729";"155713498";"C01";"1";"7";"0";"0";"4";"2";"2";""
"202400038729";"155713500";"A01";"1";"7";"0";"2";"1";"2";"1";""
"202400038730";"155713496";"A01";"1";"50";"0";"1";"0";"25";"3";""
"202400038731";"155713493";"A01";"3";"7";"0";"2";"3";"15";"1";""
"202400038731";"155713495";"B01";"3";"2";"0";"0";"6";"1";"1";""
"202400038732";"155713492";"A01";"1";"7";"0";"2";"1";"2";"1";""
"202400038732";"155713494";"B01";"1";"7";"0";"2";"4";"2";"1";""
"202400038733";"155713490";"B01";"1";"10";"0";"2";"1";"1";"1";""
"202400038733";"155713491";"A01";"1";"7";"0";"2";"4";"4";"1";""
"202400038734";"155713489";"B01";"1";"7";"3";"0";"4";"2";"2";""
"202400038735";"155713487";"A01";"3";"33";"0";"2";"0";"1";"1";""
"202400038735";"155713488";"B01";"2";"7";"0";"2";"1";"1";"1";""
"202400038736";"155713485";"A01";"2";"7";"0";"2";"1";"2";"1";""
"202400038736";"155713486";"B01";"2";"7";"0";"2";"4";"2";"1";""
"202400038737";"155713483";"A01";"3";"7";"0";"0";"3";"2";"0";""
"202400038737";"155713484";"B01";"2";"31";"0";"0";"2";"12";"1";""
"202400038738";"155713481";"A01";"1";"7";"0";"2";"5";"12";"1";""
"202400038738";"155713482";"B01";"1";"33";"0";"2";"1";"3";"1";""
"202400038739";"155713479";"A01";"3";"7";"8";"0";"3";"13";"1";""
"202400038740";"155713476";"A01";"1";"7";"0";"2";"1";"26";"1";""
"202400038740";"155713478";"B01";"1";"7";"0";"2";"0";"0";"1";""
"202400038741";"155713477";"A01";"1";"7";"0";"1";"3";"15";"1";""
"202400038742";"155713475";"A01";"1";"7";"0";"0";"0";"1";" -1";""
"202400038743";"155713472";"A01";"3";"7";"16";"0";"1";"0";"1";""
"202400038744";"155713471";"B01";"1";"7";"3";"2";"4";"1";"1";""
"202400038744";"155713473";"C01";"1";"7";"2";"2";"0";"1";"1";""
"202400038744";"155713474";"A01";"1";"7";"0";"2";"1";"11";"1";""
"202400038745";"155713468";"B01";"2";"50";"0";"2";"1";"13";"3";""
"202400038745";"155713470";"A01";"1";"10";"0";"2";"1";"1";"1";""
"202400038746";"155713467";"A01";"2";"7";"1";"0";"1";"1";"1";""
"202400038746";"155713469";"B01";"2";"10";"0";"2";"4";"24";"1";""
"202400038747";"155713464";"B01";"1";"7";"0";"2";"8";"15";"1";""
"202400038747";"155713466";"A01";"1";"33";"0";"2";"7";"16";"1";""
"202400038748";"155713463";"A01";"1";"7";"3";"2";"1";"1";"1";""
"202400038748";"155713465";"B01";"1";"7";"0";"2";"1";"1";"3";""
"202400038749";"155713460";"B01";"1";"50";"0";"2";"8";"9";"3";""
"202400038749";"155713462";"A01";"1";"7";"0";"2";"7";"14";"2";""
"202400038750";"155713459";"B01";"1";"7";"0";"2";"2";"26";"2";""
"202400038750";"155713461";"A01";"2";"1";"0";"2";"1";"1";"5";""
"202400038751";"155713457";"A01";"1";"7";"0";"1";"0";"0";"2";""
"202400038752";"155713456";"A01";"2";"7";"0";"2";"2";"15";"1";""
"202400038752";"155713458";"B01";"1";"33";"0";"2";"1";"1";"1";""
"202400038753";"155713454";"B01";"1";"1";"0";"2";"8";"1";"5";""
"202400038753";"155713455";"A01";"1";"7";"0";"2";"7";"16";"1";""
"202400038754";"155713452";"A01";"1";"30";"0";"2";"1";"1";"1";""
"202400038754";"155713453";"Y01";"2";"1";"0";"2";"1";"1";"5";""
"202400038755";"155713451";"Z01";"1";"7";"1";"1";"4";"20";"1";""
"202400038756";"155713449";"A01";"2";"30";"0";"2";"1";"15";"1";""
"202400038756";"155713450";"B01";"1";"80";"0";"2";"1";"1";"3";""
"202400038757";"155713448";"A01";"2";"7";"4";"0";"1";"1";"1";""
"202400038758";"155713445";"A01";"1";"7";"0";"2";"3";"1";"1";""
"202400038758";"155713446";"B01";"2";"7";"0";"2";"3";"13";"1";""
"202400038759";"155713444";"B01";"3";"50";"0";"2";"2";"1";"3";""
"202400038759";"155713447";"A01";"3";"7";"0";"2";"1";"1";"1";""
"202400038760";"155713441";"A01";"2";"7";"8";"0";"7";"0";"0";""
"202400038761";"155713442";"A01";"2";"7";"0";"2";"8";"15";"1";""
"202400038761";"155713443";"B01";"1";"7";"0";"2";"3";"1";"1";""
"202400038762";"155713439";"A01";"2";"33";"0";"2";"0";"9";"1";""
"202400038762";"155713440";"B01";"1";"7";"0";"2";"3";"1";"1";""
"202400038763";"155713438";"A01";"2";"7";"6";"0";"1";"26";"1";""
"202400038764";"155713437";"A01";"1";"7";"0";"1";"1";"2";"1";""
"202400038765";"155713435";"A01";"1";"32";"0";"2";"1";"1";"1";""
"202400038765";"155713436";"B01";"1";"10";"0";"2";"5";"26";"1";""
"202400038766";"155713434";"A01";"1";"10";"0";"1";"1";"0";"1";""
"202400038767";"155713431";"Z01";"3";"30";"0";"1";"1";"5";"0";""
"202400038768";"155713432";"A01";"2";"33";"0";"2";"1";"1";"1";""
"202400038768";"155713433";"B01";"1";"7";"0";"2";"3";"15";"1";""
"202400038769";"155713429";"A01";"3";"10";"0";"1";"3";"15";"1";""
"202400038770";"155713430";"A01";"3";"7";"1";"0";"2";"26";"1";""
"202400038771";"155713426";"B01";"2";"7";"0";"2";"3";"20";"1";""
"202400038771";"155713428";"A01";"2";"32";"0";"2";"2";"21";"1";""
"202400038772";"155713427";"A01";"1";"7";"0";"1";"1";"26";"1";""
"202400038773";"155713425";"A01";"1";"7";"0";"1";"2";"1";"1";""
"202400038774";"155713424";"A01";"1";"10";"0";"1";"2";"1";"0";""
"202400038775";"155713421";"B01";"2";"7";"0";"2";"4";"23";"1";""
"202400038775";"155713423";"A01";"2";"7";"0";"2";"1";"2";"1";""
"202400038776";"155713420";"A01";"1";"33";"0";"2";"7";"17";"1";""
"202400038776";"155713422";"B01";"2";"7";"0";"2";"3";"15";"2";""
"202400038777";"155713417";"B01";"2";"7";"0";"2";"2";"2";"1";""
"202400038777";"155713418";"A01";"1";"30";"0";"2";"3";"11";"1";""
"202400038778";"155713416";"B01";"2";"33";"0";"2";"3";"0";"1";""
"202400038778";"155713419";"A01";"1";"7";"0";"2";"3";"13";"0";""
"202400038779";"155713415";"A01";"2";"33";"7";"0";"1";"9";"1";""
"202400038780";"155713414";"A01";"0";"33";"0";"1";"1";"26";"1";""
"202400038781";"155713407";"C01";"1";"7";"0";"2";"1";"1";"1";""
"202400038781";"155713409";"A01";"2";"7";"0";"2";"7";"17";"2";""
"202400038781";"155713411";"B01";"2";"7";"0";"2";"8";"1";"1";""
"202400038782";"155713406";"A01";"1";"7";"0";"0";"0";"1";"1";""
"202400038783";"155713402";"A01";"1";"33";"0";"2";"1";"17";"1";""
"202400038783";"155713404";"B01";"1";"7";"0";"0";"5";"23";"1";""
"202400038784";"155713401";"A01";"1";"15";"0";"2";"1";"2";"1";""
"202400038784";"155713403";"C01";"2";"10";"0";"2";"1";"5";"1";""
"202400038784";"155713405";"B01";"1";"7";"0";"2";"4";"1";"1";""
"202400038785";"155713400";"A01";"1";"33";"12";"0";"1";"14";"1";""
"202400038786";"155713397";"B01";"1";"7";"0";"2";"4";"19";"1";""
"202400038786";"155713398";"C01";"1";"7";"0";"2";"0";"19";"1";""
"202400038786";"155713399";"A01";"1";"7";"0";"2";"6";"19";"0";""
"202400038787";"155713394";"A01";"3";"7";"0";"1";"2";"1";"1";""
"202400038788";"155713392";"A01";"2";"7";"0";"2";"1";"17";"1";""
"202400038788";"155713393";"Y01";"2";"60";"0";"2";"8";"19";"5";""
"202400038789";"155713391";"Z01";"1";"7";"0";"1";"1";"1";"1";""
"202400038790";"155713390";"A01";"1";"32";"1";"0";"1";"5";"1";""
"202400038791";"155713387";"B01";"2";"7";"0";"2";"4";"1";"1";""
"202400038791";"155713388";"C01";"2";"7";"0";"2";"4";"1";"1";""
"202400038791";"155713389";"A01";"2";"10";"0";"2";"1";"1";"1";""
"202400038792";"155713386";"A01";"3";"7";"0";"1";"8";"1";"1";""
"202400038793";"155713385";"A01";"0";"7";"0";"1";"2";"21";"1";""
"202400038794";"155713383";"A01";"1";"7";"0";"2";"3";"15";"2";""
"202400038794";"155713384";"B01";"2";"1";"0";"2";"8";"15";"5";""
"202400038795";"155713382";"A01";"1";"7";"0";"1";"3";"15";"1";""
"202400038796";"155713380";"A01";"3";"7";"15";"0";"3";"1";"1";""
"202400038797";"155713379";"A01";"2";"7";"0";"2";"3";"21";"1";""
"202400038797";"155713381";"B01";"2";"7";"0";"2";"5";"1";"1";""
"202400038798";"155713378";"A01";"0";"7";"1";"0";"2";"1";"1";""
"202400038799";"155713376";"A01";"0";"7";"0";"2";"1";"16";"1";""
"202400038799";"155713377";"B01";"3";"7";"0";"2";"2";"2";"1";""
"202400038800";"155713374";"B01";"2";"31";"0";"2";"1";"1";"1";""
"202400038800";"155713375";"A01";"2";"7";"0";"2";"8";"20";"1";""
"202400038801";"155713373";"A01";"3";"7";"0";"1";"2";"15";"1";""
"202400038802";"155713370";"B01";"1";"2";"0";"2";"8";"1";"1";""
"202400038802";"155713371";"Z01";"1";"7";"0";"2";"8";"17";"1";""
"202400038803";"155713369";"A01";"2";"10";"0";"2";"1";"26";"1";""
"202400038803";"155713372";"B01";"1";"7";"0";"2";"7";"17";"1";""
"202400038804";"155713368";"A01";"3";"10";"0";"1";"3";"20";"1";""
"202400038805";"155713366";"A01";"2";"7";"0";"2";"1";"0";"1";""
"202400038805";"155713367";"B01";"2";"7";"0";"2";"4";"2";"1";""
"202400038806";"155713365";"A01";"1";"7";"1";"0";"1";"14";"1";""
"202400038807";"155713364";"A01";"1";"10";"9";"0";"1";"15";"1";""
"202400038808";"155713361";"B01";"3";"15";"0";"2";"3";"0";"1";""
"202400038808";"155713363";"A01";"3";"7";"0";"2";"3";"13";"1";""
"202400038809";"155713360";"A01";"2";"7";"0";"2";"8";"19";"1";""
"202400038809";"155713362";"B01";"1";"36";"0";"2";"1";"26";"0";""
"202400038810";"155713358";"A01";"1";"7";"0";"2";"1";"1";"1";""
"202400038810";"155713359";"B01";"1";"50";"0";"2";"7";"19";"3";""
"202400038811";"155713356";"A01";"1";"30";"0";"0";"7";"1";"1";""
"202400038812";"155713355";"A01";"2";"7";"3";"2";"1";"2";"1";""
"202400038812";"155713357";"B01";"2";"7";"0";"2";"4";"23";"1";""
"202400038813";"155713352";"A01";"1";"7";"0";"2";"3";"15";"1";""
"202400038813";"155713354";"B01";"1";"2";"0";"2";"1";"1";"1";""
"202400038814";"155713350";"A01";"1";"7";"0";"2";"0";"0";"1";""
"202400038814";"155713351";"B01";"1";"7";"0";"2";"4";"23";"1";""
"202400038814";"155713353";"C01";"1";"7";"0";"2";"4";"23";"1";""
"202400038815";"155713346";"A01";"2";"7";"9";"2";"1";"2";"1";""
"202400038815";"155713347";"B01";"2";"10";"0";"2";"4";"2";"1";""
"202400038815";"155713349";"C01";"2";"7";"0";"2";"4";"2";"1";""
"202400038816";"155713345";"B01";"3";"1";"0";"2";"3";"1";"5";""
"202400038816";"155713348";"A01";"3";"7";"0";"9";"2";"9";"1";""
"202400038817";"155713344";"A01";"3";"30";"0";"0";"8";"1";"1";""
"202400038818";"155713343";"A01";"3";"7";"0";"1";"1";"2";"1";""
"202400038819";"155713342";"A01";"3";"33";"15";"0";"1";"14";"1";""
"202400038820";"155713341";"A01";"2";"7";"0";"1";"1";"15";"1";""
"202400038821";"155713339";"A01";"1";"7";"0";"1";"1";"1";"1";""
"202400038822";"155713338";"B01";"1";"10";"0";"1";"4";"1";"1";""
"202400038822";"155713340";"A01";"1";"10";"0";"2";"1";"1";"1";""
"202400038823";"155713336";"B01";"1";"7";"0";"2";"4";"23";"1";""
"202400038823";"155713337";"A01";"1";"15";"0";"2";"1";"2";"0";""
"202400038824";"155713335";"A01";"3";"7";"0";"1";"1";"11";"1";""
"202400038825";"155713333";"A01";"2";"7";"0";"1";"1";"15";"1";""
"202400038826";"155713332";"B01";"1";"7";"0";"2";"2";"20";"1";""
"202400038826";"155713334";"A01";"3";"50";"0";"2";"1";"1";"3";""
"202400038827";"155713331";"A01";"1";"7";"2";"0";"1";"14";"1";""
"202400038828";"155713329";"A01";"1";"33";"13";"0";"1";"13";"1";""
"202400038829";"155713327";"B01";"2";"2";"0";"2";"2";"1";"1";""
"202400038829";"155713328";"C01";"2";"50";"0";"2";"7";"1";"3";""
"202400038829";"155713330";"A01";"2";"7";"0";"2";"3";"9";"1";""
"202400038830";"155713326";"A01";"1";"7";"0";"1";"1";"1";"1";""
"202400038831";"155713324";"A01";"1";"3";"0";"2";"1";"2";"1";""
"202400038831";"155713325";"B01";"1";"7";"0";"2";"4";"1";"1";""
"202400038832";"155713321";"A01";"3";"7";"0";"2";"1";"1";"1";""
"202400038832";"155713323";"B01";"3";"7";"0";"2";"1";"1";"1";""
"202400038833";"155713322";"A01";"1";"10";"0";"1";"8";"17";"1";""
"202400038834";"155713320";"A01";"1";"7";"0";"1";"1";"16";"1";""
"202400038835";"155713318";"B01";"3";"7";"0";"2";"2";"20";"1";""
"202400038835";"155713319";"A01";"2";"50";"0";"2";"1";"25";"3";""
"202400038836";"155713317";"A01";"3";"7";"0";"1";"1";"1";"1";""
"202400038837";"155713316";"A01";"1";"7";"0";"1";"2";"1";"1";""
"202400038838";"155713314";"B01";"2";"1";"0";"2";"1";"1";"5";""
"202400038838";"155713315";"A01";"1";"10";"0";"9";"3";"15";"1";""
"202400038839";"155713312";"A01";"1";"7";"0";"2";"3";"15";"1";""
"202400038839";"155713313";"B01";"1";"1";"0";"2";"2";"1";"5";""
"202400038840";"155713310";"A01";"3";"7";"0";"2";"1";"1";"1";""
"202400038840";"155713311";"B01";"3";"50";"0";"2";"7";"26";"3";""
"202400038841";"155713309";"A01";"1";"7";"0";"1";"2";"1";"1";""
"202400038842";"155713308";"A01";"3";"7";"0";"1";"1";"15";"1";""
"202400038843";"155713306";"A01";"2";"7";"0";"2";"1";"1";"2";""
"202400038843";"155713307";"B01";"2";"7";"4";"2";"4";"1";"1";""
"202400038844";"155713304";"B01";"2";"33";"0";"2";"1";"1";"1";""
"202400038844";"155713305";"A01";"1";"7";"0";"2";"3";"15";"2";""
"202400038845";"155713302";"B01";"1";"7";"0";"2";"8";"0";"1";""
"202400038845";"155713303";"A01";"1";"7";"8";"0";"2";"17";"1";""
"202400038846";"155713299";"C01";"2";"7";"9";"2";"0";"1";"1";""
"202400038846";"155713300";"A01";"1";"7";"0";"2";"1";"1";"1";""
"202400038846";"155713301";"B01";"2";"7";"0";"2";"1";"1";"1";""
"202400038847";"155713298";"A01";"1";"10";"0";"1";"2";"1";"1";""
"202400038848";"155713294";"A01";"3";"10";"0";"2";"1";"13";"1";""
"202400038848";"155713295";"B01";"3";"15";"0";"2";"3";"1";"1";""
"202400038849";"155713292";"B01";"2";"2";"0";"2";"4";"1";"1";""
"202400038849";"155713293";"A01";"2";"7";"0";"2";"1";"1";"1";""
"202400038850";"155713290";"A01";"3";"7";"0";"2";"3";"2";"1";""
"202400038850";"155713291";"B01";"1";"33";"0";"2";"1";"17";"1";""
"202400038851";"155713289";"A01";"1";"1";"0";"0";"0";"1";"5";""
"202400038852";"155713287";"A01";"2";"30";"0";"2";"8";"11";"0";""
"202400038852";"155713288";"B01";"2";"7";"0";"2";"7";"17";"0";""
"202400038853";"155713285";"A01";"1";"32";"0";"2";"7";"3";"1";""
"202400038853";"155713286";"B01";"1";"7";"0";"2";"6";"11";"1";""
"202400038854";"155713283";"B01";"1";"7";"0";"2";"8";"11";"1";""
"202400038854";"155713284";"A01";"1";"33";"0";"2";"2";"3";"1";""
"202400038855";"155713282";"A01";"2";"7";"3";"0";"2";"0";"1";""