"Num_Acc";"id_vehicule";"num_veh";"senc";"catv";"obs";"obsm";"choc";"manv";"motor";"occutc"
"202400038856";"155713280";"A01";"1";"33";"0";"2";"1";"2";"1";""
"202400038856";"155713281";"B01";"1";"7";"0";"2";"4";"11";"1";""
"202400038857";"155713279";"Z01";"2";"33";"0";"1";"3";"1";"1";""
"202400038858";"155713277";"B01";"2";"2";"0";"2";"1";"1";"1";""
"202400038858";"155713278";"A01";"1";"10";"0";"2";"2";"17";"1";""
"202400038859";"155713276";"A01";"1";"1";"0";"1";"1";"21";"5";""
"202400038860";"155713274";"B01";"2";"50";"0";"2";"1";"1";"3";""
"202400038860";"155713275";"A01";"0";"10";"0";"2";"3";"15";"1";""
"202400038861";"155713273";"A01";"1";"37";"0";"1";"7";"1";"3";"1"
"202400038862";"155713271";"B01";"3";"10";"0";"2";"2";"2";"1";""
"202400038862";"155713272";"A01";"3";"31";"0";"2";"6";"2";"1";""
"202400038863";"155713270";"A01";"1";"10";"0";"1";"4";"4";"3";""
"202400038864";"155713268";"A01";"3";"60";"0";"2";"3";"19";"5";""
"202400038864";"155713269";"B01";"3";"7";"0";"2";"2";"9";"1";""
"202400038865";"155713266";"A01";"1";"31";"0";"2";"7";"1";"1";""
"202400038865";"155713267";"B01";"1";"10";"0";"2";"6";"13";"1";""
"202400038866";"155713264";"A01";"2";"1";"1";"0";"3";"21";"5";""
"202400038866";"155713265";"B01";"2";"7";"1";"0";"7";"24";"1";""
"202400038867";"155713262";"B01";"1";"31";"0";"2";"3";"1";"1";""
"202400038867";"155713263";"A01";"2";"10";"0";"2";"2";"15";"1";""
"202400038868";"155713261";"A01";"3";"7";"1";"1";"1";"9";"1";""
"202400038869";"155713260";"A01";"2";"7";"0";"1";"6";"26";"3";""
"202400038870";"155713258";"A01";"1";"7";"0";"2";"8";"21";"1";""
"202400038870";"155713259";"B01";"1";"2";"0";"2";"2";"17";"3";""
"202400038871";"155713257";"A01";"1";"33";"14";"0";"3";"1";"1";""
"202400038872";"155713256";"A01";"1";"1";"0";"1";"1";"1";"5";""
"202400038873";"155713254";"B01";"1";"1";"0";"2";"8";"2";"5";""
"202400038873";"155713255";"A01";"1";"7";"0";"9";"2";"17";"2";""
"202400038874";"155713252";"A01";"2";"2";"0";"2";"2";"1";"3";""
"202400038874";"155713253";"B01";"2";"1";"0";"2";"4";"1";"5";""
"202400038875";"155713250";"A01";"1";"1";"0";"2";"7";"13";"5";""
"202400038875";"155713251";"B01";"1";"1";"0";"2";"8";"1";"5";""
"202400038876";"155713248";"A01";"1";"1";"16";"0";"4";"19";"5";""
"202400038876";"155713249";"B01";"1";"1";"0";"9";"1";"13";"5";""
"202400038877";"155713247";"A01";"3";"7";"0";"1";"1";"1";"2";""
"202400038878";"155713245";"A01";"3";"80";"12";"0";"2";"16";"3";""
"202400038878";"155713246";"B01";"3";"60";"12";"0";"3";"17";"5";""
"202400038879";"155713243";"A01";"0";"10";"0";"2";"1";"2";"1";""
"202400038879";"155713244";"B01";"1";"7";"0";"2";"4";"11";"1";""
"202400038880";"155713242";"A01";"3";"7";"0";"1";"1";"2";"1";""
"202400038881";"155713240";"A01";"3";"7";"0";"2";"3";"15";"1";""
"202400038881";"155713241";"B01";"3";"80";"0";"2";"1";"1";"3";""
"202400038882";"155713239";"A01";"2";"30";"0";"1";"1";"19";"0";""
"202400038883";"155713237";"B01";"3";"7";"0";"2";"0";"0";"1";""
"202400038883";"155713238";"A01";"3";"7";"0";"2";"0";"0";"1";""
"202400038884";"155713236";"A01";"3";"7";"0";"1";"3";"15";"1";""
"202400038885";"155713234";"B01";"3";"50";"0";"2";"8";"26";"3";""
"202400038885";"155713235";"A01";"3";"7";"0";"2";"1";"1";"1";""
"202400038886";"155713233";"A01";"1";"7";"0";"1";"3";"1";"1";""
"202400038887";"155713232";"A01";"1";"7";"0";"1";"3";"1";"1";""
"202400038888";"155713230";"B01";"3";"33";"0";"2";"1";"0";"1";""
"202400038888";"155713231";"A01";"3";"0";"0";"2";"3";"0";"1";""
"202400038889";"155713229";"A01";"3";"7";"0";"1";"4";"20";"1";""
"202400038890";"155713227";"B01";"1";"7";"0";"2";"7";"16";"0";""
"202400038890";"155713228";"A01";"1";"32";"0";"2";"3";"16";"0";""
"202400038891";"155713225";"B01";"2";"40";"0";"2";"1";"1";"3";""
"202400038891";"155713226";"A01";"0";"10";"0";"4";"6";"1";"1";""
"202400038892";"155713223";"B01";"2";"2";"0";"2";"3";"1";"3";""
"202400038892";"155713224";"A01";"1";"7";"0";"2";"5";"15";"0";""
"202400038893";"155713221";"A01";"3";"7";"0";"2";"4";"23";"1";""
"202400038893";"155713222";"B01";"0";"10";"0";"2";"1";"1";"1";""
"202400038894";"155713219";"B01";"3";"10";"0";"0";"3";"1";"1";""
"202400038894";"155713220";"A01";"3";"7";"0";"2";"3";"16";"1";""
"202400038895";"155713217";"B01";"1";"7";"0";"2";"3";"9";"1";""
"202400038895";"155713218";"A01";"1";"80";"0";"2";"2";"1";"3";""
"202400038896";"155713215";"A01";"1";"7";"0";"2";"1";"1";"1";""
"202400038896";"155713216";"B01";"2";"7";"0";"2";"2";"1";"1";""
"202400038897";"155713214";"A01";"0";"7";"0";"0";"1";"2";"0";""
"202400038898";"155713212";"B01";"2";"7";"0";"9";"4";"2";"0";""
"202400038898";"155713213";"A01";"2";"30";"0";"2";"1";"1";"1";""
"202400038899";"155713210";"B01";"1";"37";"0";"2";"4";"2";"1";"1"
"202400038899";"155713211";"A01";"1";"7";"0";"2";"1";"2";"1";""
"202400038900";"155713209";"A01";"1";"7";"13";"0";"1";"14";"1";""
"202400038901";"155713207";"A01";"2";"33";"0";"2";"1";"1";"1";""
"202400038901";"155713208";"B01";"1";"7";"0";"2";"3";"15";"1";""
"202400038902";"155713205";"A01";"3";"7";"0";"2";"1";"9";"1";""
"202400038902";"155713206";"B01";"1";"21";"0";"2";"2";"1";"1";""
"202400038903";"155713203";"A01";"1";"7";"0";"2";"1";"14";"1";""
"202400038903";"155713204";"B01";"1";"17";"0";"0";"4";"2";"1";""
"202400038904";"155713202";"A01";"2";"7";"0";"1";"2";"2";"0";""
"202400038905";"155713200";"B01";"2";"10";"0";"2";"3";"2";"1";""
"202400038905";"155713201";"A01";"2";"21";"0";"2";"2";"16";"1";""
"202400038906";"155713199";"A01";"2";"15";"6";"0";"1";"1";"1";""
"202400038907";"155713198";"A01";"2";"2";"15";"0";"2";"1";"1";""
"202400038908";"155713197";"A01";"2";"7";"0";"1";"2";"21";"1";""
"202400038909";"155713194";"B01";"2";"7";"0";"2";"1";"1";"1";""
"202400038909";"155713195";"A01";"2";"7";"0";"2";"3";"1";"1";""
"202400038909";"155713196";"C01";"1";"7";"0";"2";"3";"1";"1";""
"202400038910";"155713193";"A01";"1";"7";"2";"0";"1";"1";"1";""
"202400038911";"155713191";"A01";"1";"7";"0";"2";"3";"13";"2";""
"202400038911";"155713192";"B01";"2";"7";"0";"2";"3";"21";"1";""
"202400038912";"155713190";"A01";"1";"7";"3";"0";"2";"1";"1";""
"202400038913";"155713189";"A01";"3";"7";"5";"0";"6";"20";"1";""
"202400038914";"155713188";"A01";"2";"7";"6";"0";"1";"1";"1";""
"202400038915";"155713186";"A01";"2";"7";"0";"2";"4";"15";"1";""
"202400038915";"155713187";"B01";"2";"7";"0";"2";"2";"1";"1";""
"202400038916";"155713185";"A01";"2";"7";"16";"0";"1";"1";"1";""
"202400038917";"155713184";"A01";"0";"36";"13";"0";"0";"0";"1";""
"202400038918";"155713183";"A01";"1";"3";"6";"0";"1";"1";"1";""
"202400038919";"155713182";"A01";"1";"15";"13";"0";"1";"1";"1";""
"202400038920";"155713180";"A01";"2";"7";"0";"2";"2";"15";"1";""
"202400038920";"155713181";"B01";"2";"32";"0";"2";"3";"1";"1";""
"202400038921";"155713177";"A01";"1";"7";"0";"2";"1";"1";"1";""
"202400038921";"155713178";"B01";"1";"7";"0";"2";"6";"17";"0";""
"202400038921";"155713179";"C01";"1";"32";"0";"2";"1";"17";"1";""
"202400038922";"155713175";"B01";"0";"2";"0";"2";"1";"17";"1";""
"202400038922";"155713176";"A01";"0";"7";"0";"2";"8";"15";"1";""
"202400038923";"155713173";"A01";"2";"10";"0";"2";"1";"2";"1";""
"202400038923";"155713174";"B01";"2";"15";"0";"0";"4";"1";"1";""
"202400038924";"155713171";"B01";"2";"2";"0";"2";"1";"0";"1";""
"202400038924";"155713172";"A01";"1";"10";"0";"2";"2";"0";"1";""
"202400038925";"155713169";"A01";"2";"7";"0";"2";"1";"6";"1";""
"202400038925";"155713170";"B01";"1";"7";"0";"2";"1";"1";"1";""
"202400038926";"155713167";"B01";"1";"14";"0";"2";"3";"1";"1";""
"202400038926";"155713168";"A01";"2";"14";"2";"2";"3";"13";"1";""
"202400038927";"155713164";"A01";"2";"7";"0";"2";"1";"1";"1";""
"202400038927";"155713165";"B01";"2";"7";"0";"2";"1";"2";"1";""
"202400038927";"155713166";"C01";"2";"7";"0";"0";"4";"2";"1";""
"202400038928";"155713161";"B01";"2";"7";"0";"2";"8";"9";"1";""
"202400038928";"155713162";"C01";"2";"7";"0";"0";"4";"1";"1";""
"202400038928";"155713163";"A01";"2";"7";"0";"2";"7";"14";"2";""
"202400038929";"155713159";"B01";"3";"2";"0";"2";"8";"1";"1";""
"202400038929";"155713160";"A01";"3";"32";"0";"2";"8";"17";"1";""
"202400038930";"155713158";"A01";"1";"7";"2";"0";"3";"19";"1";""
"202400038931";"155713156";"A01";"1";"7";"0";"2";"3";"1";"1";""
"202400038931";"155713157";"B01";"2";"10";"0";"2";"3";"1";"1";""
"202400038932";"155713155";"A01";"1";"7";"13";"0";"2";"13";"1";""
"202400038933";"155713153";"A01";"2";"7";"0";"2";"1";"5";"1";""
"202400038933";"155713154";"B01";"1";"7";"0";"2";"1";"1";"1";""
"202400038934";"155713152";"A01";"2";"10";"0";"1";"2";"1";"1";""
"202400038935";"155713150";"A01";"1";"7";"0";"2";"2";"5";"2";""
"202400038935";"155713151";"B01";"2";"7";"0";"2";"3";"1";"1";""
"202400038936";"155713148";"A01";"2";"2";"0";"2";"8";"15";"1";""
"202400038936";"155713149";"B01";"2";"7";"0";"2";"7";"17";"1";""
"202400038937";"155713147";"A01";"2";"7";"16";"0";"9";"14";"1";""
"202400038938";"155713146";"A01";"0";"7";"13";"0";"0";"0";"1";""
"202400038939";"155713145";"A01";"1";"7";"13";"0";"0";"0";"1";""
"202400038940";"155713144";"A01";"2";"7";"12";"0";"1";"6";"1";""
"202400038941";"155713143";"A01";"1";"7";"12";"0";"2";"1";"1";""
"202400038942";"155713141";"A01";"1";"7";"0";"2";"8";"23";"1";""
"202400038942";"155713142";"B01";"1";"7";"0";"2";"1";"2";"1";""
"202400038943";"155713140";"A01";"1";"7";"12";"0";"1";"1";"1";""
"202400038944";"155713137";"A01";"1";"7";"0";"2";"1";"1";"1";""
"202400038944";"155713138";"B01";"1";"7";"0";"2";"5";"2";"1";""
"202400038944";"155713139";"C01";"1";"7";"0";"2";"4";"2";"1";""
"202400038945";"155713136";"A01";"2";"7";"4";"0";"3";"13";"1";""
"202400038946";"155713134";"A01";"2";"7";"0";"2";"1";"14";"1";""
"202400038946";"155713135";"B01";"2";"7";"0";"2";"4";"1";"1";""
"202400038947";"155713132";"B01";"2";"33";"0";"2";"4";"1";"1";""
"202400038947";"155713133";"A01";"2";"0";"0";"2";"1";"0";"0";""
"202400038948";"155713131";"A01";"1";"7";"3";"0";"2";"0";"0";""
"202400038949";"155713129";"B01";"1";"10";"0";"2";"6";"1";"1";""
"202400038949";"155713130";"A01";"1";"33";"0";"2";"1";"3";"1";""
"202400038950";"155713127";"A01";"3";"30";"0";"2";"3";"15";"1";""
"202400038950";"155713128";"B01";"3";"7";"0";"2";"3";"17";"1";""
"202400038951";"155713125";"A01";"1";"30";"15";"2";"3";"17";"1";""
"202400038951";"155713126";"B01";"2";"7";"15";"2";"3";"1";"1";""
"202400038952";"155713124";"A01";"2";"7";"3";"0";"3";"1";"1";""
"202400038953";"155713120";"C01";"1";"7";"9";"2";"1";"1";"1";""
"202400038953";"155713121";"D01";"1";"50";"9";"2";"1";"23";"3";""
"202400038953";"155713122";"A01";"1";"7";"9";"2";"1";"9";"2";""
"202400038953";"155713123";"B01";"1";"7";"9";"2";"4";"23";"1";""
"202400038954";"155713119";"A01";"2";"35";"0";"0";"8";"13";"1";""
"202400038955";"155713117";"A01";"1";"7";"0";"2";"2";"12";"1";""
"202400038955";"155713118";"B01";"1";"32";"0";"2";"8";"1";"1";""
"202400038956";"155713114";"B01";"3";"7";"0";"2";"7";"1";"1";""
"202400038956";"155713115";"C01";"3";"7";"0";"2";"1";"1";"1";""
"202400038956";"155713116";"A01";"3";"10";"0";"2";"3";"16";"1";""
"202400038957";"155713112";"B01";"1";"7";"6";"0";"2";"1";"1";""
"202400038957";"155713113";"A01";"3";"15";"6";"0";"5";"4";"1";""
"202400038958";"155713111";"A01";"1";"32";"0";"0";"1";"0";"1";""
"202400038959";"155713110";"A01";"3";"7";"0";"0";"7";"0";"1";""
"202400038960";"155713109";"A01";"2";"3";"9";"0";"1";"15";"1";""
"202400038961";"155713108";"A01";"1";"7";"0";"1";"2";"1";"1";""
"202400038962";"155713106";"B01";"1";"7";"0";"0";"3";"13";"1";""
"202400038962";"155713107";"A01";"1";"1";"0";"2";"7";"1";"5";""
"202400038963";"155713104";"A01";"3";"14";"0";"9";"4";"4";"0";""
"202400038963";"155713105";"B01";"3";"1";"0";"2";"1";"0";"5";""
"202400038964";"155713102";"A01";"1";"7";"0";"9";"1";"15";"1";""
"202400038964";"155713103";"B01";"2";"50";"0";"2";"1";"1";"3";""
"202400038965";"155713100";"A01";"2";"30";"11";"0";"0";"6";"1";""
"202400038966";"155713099";"A01";"1";"7";"0";"1";"1";"9";"1";""
"202400038967";"155713098";"A01";"1";"10";"1";"0";"2";"2";"1";""
"202400038968";"155713096";"B01";"3";"7";"0";"2";"1";"0";"1";""
"202400038968";"155713097";"A01";"3";"7";"0";"2";"1";"13";"1";""
"202400038969";"155713094";"A01";"1";"7";"0";"2";"1";"26";"3";""
"202400038969";"155713095";"B01";"1";"32";"0";"2";"4";"26";"1";""
"202400038970";"155713091";"B01";"1";"1";"0";"2";"3";"7";"5";""
"202400038970";"155713092";"C01";"1";"1";"0";"2";"3";"7";"5";""
"202400038970";"155713093";"A01";"1";"7";"0";"1";"1";"13";"1";""
"202400038971";"155713089";"A01";"2";"7";"0";"2";"1";"1";"1";""
"202400038971";"155713090";"B01";"1";"50";"0";"2";"7";"19";"3";""
"202400038972";"155713087";"A01";"1";"7";"0";"2";"8";"9";"1";""
"202400038972";"155713088";"B01";"1";"32";"0";"2";"1";"2";"1";""
"202400038973";"155713085";"A01";"2";"31";"0";"0";"8";"16";"1";""
"202400038974";"155713086";"A01";"1";"7";"0";"1";"1";"16";"1";""
"202400038975";"155713082";"B01";"2";"7";"0";"2";"3";"15";"2";""
"202400038975";"155713084";"A01";"2";"33";"0";"2";"1";"3";"1";""
"202400038976";"155713080";"A01";"1";"7";"0";"2";"4";"23";"1";""
"202400038976";"155713081";"B01";"1";"7";"0";"2";"4";"23";"1";""
"202400038976";"155713083";"C01";"1";"7";"0";"2";"1";"1";"1";""
"202400038977";"155713078";"B01";"0";"7";"0";"2";"7";"1";"1";""
"202400038977";"155713079";"A01";"0";"1";"0";"0";"1";"1";"5";""
"202400038978";"155713076";"B01";"2";"7";"0";"2";"2";"16";"1";""
"202400038978";"155713077";"A01";"2";"7";"4";"0";"8";"0";"1";""
"202400038979";"155713074";"B01";"3";"7";"0";"2";"2";"15";"1";""
"202400038979";"155713075";"A01";"3";"10";"0";"2";"3";"1";"1";""
"202400038980";"155713073";"A01";"1";"7";"0";"1";"1";"15";"1";""
"202400038981";"155713070";"A01";"3";"7";"0";"2";"0";"0";"0";""
"202400038981";"155713072";"B01";"1";"1";"0";"2";"0";"0";"5";""
"202400038982";"155713071";"A01";"2";"7";"2";"0";"2";"1";"1";""
"202400038983";"155713067";"A01";"1";"7";"0";"2";"2";"15";"1";""
"202400038983";"155713068";"B01";"2";"2";"0";"2";"1";"1";"1";""
"202400038984";"155713066";"A01";"3";"7";"0";"2";"1";"1";"1";""
"202400038984";"155713069";"B01";"3";"7";"0";"2";"4";"23";"1";""
"202400038985";"155713063";"A01";"2";"7";"0";"1";"2";"1";"1";""
"202400038986";"155713064";"B01";"1";"1";"0";"2";"1";"2";"5";""
"202400038986";"155713065";"A01";"1";"10";"0";"2";"5";"16";"1";""
"202400038987";"155713062";"A01";"1";"7";"0";"0";"9";"13";"1";""
"202400038988";"155713060";"B01";"1";"7";"0";"2";"3";"21";"0";""
"202400038988";"155713061";"A01";"2";"7";"0";"2";"3";"0";"1";""
"202400038989";"155713059";"A01";"1";"7";"0";"1";"7";"14";"1";""
"202400038990";"155713057";"A01";"2";"7";"0";"2";"3";"1";"1";""
"202400038990";"155713058";"B01";"1";"2";"1";"2";"1";"17";"1";""
"202400038991";"155713056";"A01";"2";"7";"0";"1";"1";"9";"1";""
"202400038992";"155713054";"A01";"1";"7";"13";"0";"2";"1";"1";""
"202400038993";"155713055";"A01";"3";"10";"0";"1";"3";"21";"1";""
"202400038994";"155713053";"A01";"1";"7";"0";"1";"2";"1";"1";""
"202400038995";"155713052";"A01";"1";"7";"0";"1";"1";"1";"1";""
"202400038996";"155713049";"A01";"1";"33";"0";"2";"7";"17";"1";""
"202400038996";"155713051";"B01";"1";"7";"0";"2";"6";"26";"1";""
"202400038997";"155713050";"A01";"3";"10";"0";"1";"2";"15";"1";""
"202400038998";"155713048";"A01";"1";"1";"0";"1";"1";"1";"5";""
"202400038999";"155713044";"A01";"1";"7";"0";"2";"3";"9";"2";""
"202400038999";"155713047";"B01";"2";"2";"0";"2";"1";"1";"1";""
"202400039000";"155713043";"B01";"2";"50";"0";"2";"1";"1";"3";""
"202400039000";"155713046";"G01";"3";"1";"0";"2";"1";"5";"5";""
"202400039001";"155713042";"A01";"2";"7";"0";"2";"7";"15";"1";""
"202400039001";"155713045";"B01";"1";"7";"0";"2";"1";"1";"1";""
"202400039002";"155713039";"B01";"2";"50";"0";"2";"3";"1";"3";""
"202400039002";"155713041";"A01";"1";"7";"0";"2";"3";"15";"1";""
"202400039003";"155713038";"A01";"2";"33";"0";"2";"1";"19";"1";""
"202400039003";"155713040";"B01";"2";"50";"0";"2";"1";"5";"3";""
"202400039004";"155713035";"A01";"1";"7";"0";"2";"3";"1";"1";""
"202400039004";"155713037";"B01";"1";"2";"0";"2";"1";"1";"1";""
"202400039005";"155713033";"B01";"2";"37";"0";"2";"2";"7";"4";"1"
"202400039005";"155713036";"A01";"2";"7";"0";"2";"8";"15";"2";""
"202400039006";"155713032";"A01";"1";"7";"0";"2";"3";"22";"1";""
"202400039006";"155713034";"B01";"0";"80";"1";"2";"2";"2";"3";""
"202400039007";"155713030";"B01";"1";"7";"0";"9";"2";"9";"2";""
"202400039007";"155713031";"A01";"2";"1";"0";"2";"6";"0";"5";""
"202400039008";"155713028";"A01";"2";"10";"0";"1";"1";"26";"1";""
"202400039009";"155713029";"A01";"1";"7";"13";"0";"1";"13";"1";""
"202400039010";"155713026";"A01";"1";"7";"0";"9";"4";"4";"2";""
"202400039010";"155713027";"B01";"3";"1";"0";"2";"8";"19";"5";""
"202400039011";"155713023";"A01";"1";"7";"8";"0";"1";"1";"1";""
"202400039012";"155713022";"B01";"2";"7";"0";"2";"7";"15";"1";""
"202400039012";"155713025";"A01";"1";"33";"0";"2";"1";"8";"1";""
"202400039013";"155713021";"B01";"1";"33";"0";"2";"1";"3";"1";""
"202400039013";"155713024";"A01";"1";"10";"0";"2";"8";"15";"1";""
"202400039014";"155713018";"B01";"2";"7";"0";"0";"7";"23";"1";""
"202400039014";"155713020";"A01";"1";"30";"0";"2";"1";"1";"3";""
"202400039015";"155713015";"B01";"1";"32";"0";"2";"1";"1";"1";""
"202400039015";"155713017";"A01";"1";"7";"0";"2";"3";"10";"1";""
"202400039016";"155713014";"C01";"3";"7";"0";"2";"4";"23";"1";""
"202400039016";"155713016";"B01";"3";"7";"0";"2";"4";"23";"1";""
"202400039016";"155713019";"A01";"3";"7";"0";"2";"1";"1";"1";""
"202400039017";"155713013";"B01";"1";"40";"0";"2";"0";"1";"3";""
"202400039018";"155713011";"A01";"1";"34";"0";"1";"1";"18";"1";""
"202400039019";"155713007";"A01";"2";"7";"0";"2";"8";"16";"1";""
"202400039019";"155713008";"B01";"2";"7";"0";"2";"1";"1";"1";""
"202400039020";"155713006";"A01";"1";"7";"0";"2";"8";"9";"1";""
"202400039020";"155713009";"B01";"3";"33";"0";"2";"2";"21";"1";""
"202400039021";"155713004";"A01";"2";"7";"0";"1";"2";"1";"1";""
"202400039022";"155713003";"B01";"2";"80";"0";"2";"3";"19";"3";""
"202400039022";"155713005";"A01";"1";"43";"0";"2";"1";"1";"1";""
"202400039023";"155713000";"B01";"3";"7";"0";"2";"5";"2";"1";""
"202400039023";"155713002";"A01";"3";"31";"0";"2";"1";"2";"1";""
"202400039024";"155712999";"A01";"3";"14";"0";"2";"8";"15";"1";""
"202400039024";"155713001";"B01";"3";"7";"0";"2";"8";"21";"1";""
"202400039025";"155712998";"A01";"3";"7";"2";"0";"1";"1";"1";""
"202400039026";"155712997";"Z01";"2";"0";"0";"1";"1";"1";"0";""
"202400039027";"155712996";"A01";"3";"7";"0";"1";"3";"1";"1";""
"202400039028";"155712994";"A01";"3";"7";"0";"1";"2";"1";"1";""
"202400039029";"155712993";"A01";"2";"50";"0";"1";"1";"25";"3";""
"202400039030";"155712989";"B01";"2";"1";"0";"2";"7";"1";"5";""
"202400039030";"155712991";"A01";"2";"7";"0";"2";"3";"15";"1";""
"202400039031";"155712988";"B01";"1";"1";"0";"2";"8";"1";"5";""
"202400039031";"155712990";"A01";"1";"7";"0";"2";"2";"1";"1";""
"202400039032";"155712987";"A01";"2";"10";"12";"0";"2";"1";"1";""
"202400039033";"155712985";"A01";"1";"10";"0";"2";"6";"15";"1";""
"202400039033";"155712986";"B01";"1";"33";"0";"2";"2";"1";"1";""
"202400039034";"155712982";"A01";"2";"3";"8";"0";"2";"1";"1";""
"202400039035";"155712981";"A01";"2";"30";"0";"2";"1";"16";"1";""
"202400039035";"155712984";"B01";"2";"7";"0";"2";"2";"15";"1";""
"202400039036";"155712980";"A01";"3";"7";"0";"9";"3";"15";"1";""
"202400039036";"155712983";"B01";"0";"1";"0";"2";"6";"19";"5";""
"202400039037";"155712979";"A01";"3";"7";"0";"1";"3";"1";"1";""
"202400039038";"155712978";"A01";"1";"7";"0";"1";"2";"1";"1";""
"202400039039";"155712975";"B01";"1";"50";"0";"2";"1";"13";"3";""
"202400039039";"155712977";"A01";"2";"30";"0";"2";"1";"21";"1";""
"202400039040";"155712973";"A01";"1";"7";"0";"2";"0";"0";"1";""
"202400039040";"155712976";"B01";"2";"32";"0";"2";"1";"0";"1";""
"202400039041";"155712974";"A01";"1";"7";"0";"1";"1";"15";"1";""
"202400039042";"155712970";"A01";"3";"7";"0";"1";"8";"1";"1";""
"202400039043";"155712969";"A01";"1";"7";"0";"1";"0";"1";"0";""
"202400039044";"155712968";"B01";"2";"1";"0";"2";"8";"5";"5";""
"202400039044";"155712972";"A01";"1";"7";"0";"2";"1";"9";"1";""
"202400039045";"155712971";"A01";"1";"10";"0";"1";"1";"1";"1";""
"202400039046";"155712967";"A01";"2";"7";"0";"1";"1";"1";"1";""
"202400039047";"155712963";"A01";"2";"7";"0";"0";"9";"17";"1";""
"202400039048";"155712962";"B01";"1";"7";"0";"2";"3";"10";"1";""
"202400039048";"155712966";"A01";"1";"33";"0";"2";"1";"17";"1";""
"202400039049";"155712960";"B01";"3";"31";"0";"2";"8";"1";"1";""
"202400039049";"155712965";"A01";"3";"7";"0";"2";"1";"10";"1";""
"202400039050";"155712961";"B01";"3";"30";"0";"2";"2";"1";"1";""
"202400039050";"155712964";"A01";"3";"7";"0";"2";"3";"20";"1";""
"202400039051";"155712959";"A01";"2";"50";"0";"0";"1";"1";"3";""
"202400039052";"155712958";"A01";"2";"7";"1";"0";"2";"13";"1";""
"202400039053";"155712956";"A01";"1";"7";"0";"2";"1";"1";"1";""
"202400039054";"155712955";"B01";"0";"7";"0";"2";"4";"2";"1";""
"202400039054";"155712957";"A01";"0";"7";"0";"2";"1";"2";"1";""
"202400039055";"155712953";"A01";"1";"7";"0";"1";"3";"1";"1";""
"202400039056";"155712951";"A01";"1";"7";"0";"2";"1";"13";"1";""
"202400039056";"155712954";"B01";"2";"7";"0";"2";"1";"1";"1";""
"202400039057";"155712950";"A01";"2";"7";"0";"2";"1";"2";"1";""
"202400039057";"155712952";"B01";"3";"7";"0";"2";"8";"16";"0";""
"202400039058";"155712944";"A01";"3";"7";"1";"0";"2";"1";"1";""
"202400039059";"155712943";"A01";"0";"7";"0";"2";"3";"9";"1";""
"202400039059";"155712949";"B01";"0";"1";"0";"2";"7";"1";"5";""
"202400039060";"155712945";"B01";"2";"7";"0";"2";"3";"1";"1";""
"202400039060";"155712947";"A01";"1";"7";"0";"2";"1";"15";"1";""
"202400039061";"155712942";"A01";"2";"10";"0";"2";"7";"1";"1";""
"202400039061";"155712946";"B01";"2";"7";"0";"2";"8";"1";"1";""
"202400039061";"155712948";"C01";"2";"7";"0";"2";"8";"1";"1";""
"202400039062";"155712939";"A01";"1";"7";"4";"0";"1";"1";"1";""
"202400039063";"155712938";"A01";"2";"80";"0";"0";" -1";"1";"3";""
"202400039064";"155712937";"A01";"1";"7";"0";"4";"6";"15";"1";""
"202400039064";"155712941";"B01";"1";"40";"0";"2";"1";"1";"3";""
"202400039065";"155712936";"B01";"3";"7";"0";"2";"5";"9";"2";""
"202400039065";"155712940";"A01";"3";"7";"0";"2";"1";"1";"1";""
"202400039066";"155712932";"A01";"1";"7";"0";"2";"8";"10";"1";""
"202400039066";"155712934";"B01";"1";"31";"0";"2";"1";"1";"3";""
"202400039067";"155712933";"A01";"3";"7";"0";"2";"1";"15";"1";""
"202400039067";"155712935";"B01";"3";"7";"0";"2";"3";"1";"1";""
"202400039068";"155712930";"A01";"2";"33";"0";"1";"1";"1";"1";""
"202400039069";"155712929";"A01";"3";"7";"1";"2";"1";"1";"1";""
"202400039069";"155712931";"B01";"3";"7";"0";"2";"2";"1";"1";""
"202400039070";"155712928";"A01";"2";"7";"6";"0";"2";"1";"1";""
"202400039071";"155712926";"A01";"1";"7";"0";"1";"3";"1";"1";""
"202400039072";"155712927";"A01";"2";"7";"0";"1";"2";"15";"1";""
"202400039073";"155712924";"A01";"2";"7";"0";"2";"8";"15";"1";""
"202400039073";"155712925";"B01";"2";"99";"0";"2";"1";"1";"0";""
"202400039074";"155712921";"A01";"1";"7";"0";"2";"1";"9";"1";""
"202400039074";"155712923";"B01";"1";"50";"0";"2";"7";"19";"3";""
"202400039075";"155712920";"A01";"1";"34";"0";"1";"1";"1";"1";""
"202400039076";"155712919";"B01";"2";"33";"0";"2";"1";"1";"1";""
"202400039076";"155712922";"A01";"1";"7";"0";"2";"2";"15";"0";""
"202400039077";"155712917";"A01";"1";"7";"0";"2";"1";"1";"2";""
"202400039077";"155712918";"B01";"3";"7";"0";"2";"8";"1";"1";""
"202400039078";"155712914";"B01";"3";"1";"0";"2";"0";"0";"5";""
"202400039078";"155712916";"A01";"3";"30";"0";"2";"5";"16";"1";""
"202400039079";"155712911";"B01";"3";"7";"0";"4";"3";"1";"1";""
"202400039079";"155712915";"A01";"3";"40";"0";"2";"2";"1";"3";""
"202400039080";"155712912";"A01";"1";"80";"0";"2";"4";"1";"3";""
"202400039080";"155712913";"Z01";"1";"31";"0";"2";"1";"1";"0";""