"Num_Acc";"id_vehicule";"num_veh";"senc";"catv";"obs";"obsm";"choc";"manv";"motor";"occutc"
"202400039081";"155712910";"A01";"1";"7";"0";"1";"2";"16";"2";""
"202400039082";"155712908";"A01";"1";"10";"0";"2";"8";"19";"1";""
"202400039082";"155712909";"B01";"1";"33";"0";"2";"1";"0";"1";""
"202400039083";"155712907";"A01";"3";"7";"4";"0";"1";"1";"1";""
"202400039084";"155712905";"A01";"2";"30";"9";"0";"1";"2";"1";""
"202400039085";"155712904";"A01";"1";"7";"0";"2";"2";"1";"1";""
"202400039085";"155712906";"B01";"1";"50";"0";"2";"5";"1";"3";""
"202400039086";"155712902";"A01";"0";"31";"0";"0";"3";"1";"3";""
"202400039087";"155712901";"A01";"1";"7";"0";"2";"1";"1";"1";""
"202400039087";"155712903";"B01";"2";"1";"0";"2";"1";"5";"5";""
"202400039088";"155712899";"A01";"3";"7";"0";"2";"5";"15";"1";""
"202400039088";"155712900";"B01";"3";"30";"0";"2";"1";"18";"1";""
"202400039089";"155712898";"A01";"3";"7";"0";"1";"1";"20";"1";""
"202400039090";"155712897";"A01";"2";"7";"0";"1";"2";"17";"1";""
"202400039091";"155712895";"B01";"3";"7";"0";"2";"3";"1";"1";""
"202400039091";"155712896";"A01";"3";"7";"0";"2";"1";"13";"2";""
"202400039092";"155712894";"A01";"2";"1";"0";"0";"0";"2";"5";""
"202400039093";"155712892";"A01";"3";"7";"0";"2";"8";"22";"1";""
"202400039093";"155712893";"B01";"3";"1";"1";"0";"7";"21";"5";""
"202400039094";"155712887";"B01";"3";"30";"0";"2";"7";"19";"0";""
"202400039094";"155712890";"A01";"3";"7";"0";"2";"3";"1";"0";""
"202400039095";"155712886";"A01";"1";"10";"0";"2";"1";"1";"1";""
"202400039095";"155712889";"B01";"2";"7";"0";"2";"8";"1";"1";""
"202400039096";"155712884";"A01";"2";"7";"0";"0";"1";"1";"1";""
"202400039097";"155712883";"B01";"2";"7";"0";"2";"4";"23";"1";""
"202400039097";"155712885";"C01";"2";"7";"0";"2";"4";"23";"1";""
"202400039097";"155712888";"D01";"2";"7";"0";"2";"4";"23";"1";""
"202400039097";"155712891";"A01";"2";"7";"0";"2";"1";"1";"1";""
"202400039098";"155712882";"A01";"2";"7";"2";"0";"1";"1";"1";""
"202400039099";"155712879";"A01";"2";"2";"0";"0";"9";"1";"1";""
"202400039100";"155712878";"A01";"0";"7";"0";"2";"3";"9";"1";""
"202400039100";"155712881";"B01";"0";"7";"0";"2";"1";"0";"1";""
"202400039101";"155712876";"A01";"2";"10";"0";"2";"1";"26";"1";""
"202400039101";"155712880";"B01";"3";"7";"0";"2";"6";"1";"1";""
"202400039102";"155712877";"A01";"1";"7";"6";"0";"1";"26";"1";""
"202400039103";"155712873";"A01";"3";"7";"15";"0";"2";"0";"2";""
"202400039104";"155712871";"B01";"2";"2";"0";"2";"1";"1";"1";""
"202400039104";"155712874";"A01";"3";"7";"0";"2";"8";"9";"1";""
"202400039105";"155712870";"B01";"0";"7";"0";"2";"1";"1";"1";""
"202400039105";"155712875";"A01";"2";"7";"0";"2";"8";"1";"1";""
"202400039106";"155712867";"A01";"2";"99";"0";"2";"1";"2";"1";""
"202400039106";"155712869";"C01";"3";"7";"0";"2";"4";"2";"1";""
"202400039106";"155712872";"B01";"2";"10";"0";"2";"4";"2";"1";""
"202400039107";"155712866";"B01";"1";"2";"0";"2";"1";"17";"1";""
"202400039107";"155712868";"A01";"2";"7";"0";"2";"3";"15";"1";""
"202400039108";"155712862";"A01";"2";"2";"0";"2";"9";"1";"1";""
"202400039108";"155712865";"B01";"1";"7";"0";"2";"6";"1";"1";""
"202400039109";"155712861";"B01";"3";"50";"0";"2";"0";"0";"3";""
"202400039109";"155712863";"A01";"1";"0";"0";"2";"0";"0";"0";""
"202400039110";"155712860";"B01";"1";"10";"0";"2";"5";"2";"1";""
"202400039110";"155712864";"A01";"1";"7";"3";"2";"1";"2";"1";""
"202400039111";"155712857";"B01";"2";"32";"0";"2";"1";"1";"1";""
"202400039111";"155712859";"A01";"2";"7";"0";"2";"3";"2";"1";""
"202400039112";"155712856";"A01";"2";"1";"0";"2";"1";"9";"5";""
"202400039112";"155712858";"B01";"1";"10";"0";"2";"6";"15";"1";""
"202400039113";"155712854";"A01";"2";"7";"13";"0";"1";"0";"1";""
"202400039114";"155712855";"A01";"1";"7";"0";"1";"1";"1";"1";""
"202400039115";"155712852";"A01";"0";"7";"0";"2";"1";"1";"1";""
"202400039115";"155712853";"B01";"0";"7";"0";"2";"4";"1";"1";""
"202400039116";"155712850";"A01";"1";"7";"0";"0";"1";"0";"1";""
"202400039117";"155712851";"A01";"1";"7";"1";"5";"2";"21";"1";""
"202400039118";"155712849";"A01";"2";"7";"13";"0";"1";"0";"1";""
"202400039119";"155712842";"B01";"2";"17";"0";"0";"4";"1";"1";""
"202400039119";"155712846";"A01";"2";"10";"0";"2";"1";"2";"1";""
"202400039120";"155712840";"A01";"1";"10";"0";"2";"1";"1";"0";""
"202400039120";"155712844";"B01";"1";"7";"0";"2";"4";"23";"1";""
"202400039120";"155712848";"C01";"1";"7";"0";"2";"4";"23";"1";""
"202400039121";"155712841";"B01";"1";"50";"0";"2";"1";"1";"3";""
"202400039121";"155712845";"A01";"2";"7";"0";"2";"2";"15";"1";""
"202400039122";"155712835";"A01";"2";"33";"0";"2";"2";"17";"1";""
"202400039122";"155712838";"B01";"2";"7";"0";"2";"3";"11";"2";""
"202400039123";"155712837";"B01";"3";"33";"0";"2";"5";"1";"1";""
"202400039123";"155712839";"A01";"3";"33";"0";"2";"3";"1";"1";""
"202400039124";"155712834";"A01";"1";"1";"0";"2";"4";"1";"5";""
"202400039124";"155712836";"B01";"1";"7";"0";"2";"2";"1";"2";""
"202400039125";"155712833";"A01";"1";"32";"11";"0";"8";"14";"1";""
"202400039126";"155712830";"A01";"1";"7";"6";"0";"2";"0";"1";""
"202400039127";"155712829";"B01";"2";"10";"0";"0";"0";"1";"1";""
"202400039127";"155712832";"C01";"1";"7";"0";"9";"3";"1";"1";""
"202400039128";"155712828";"A01";"2";"1";"0";"2";"3";"1";"5";""
"202400039128";"155712831";"B01";"2";"13";"0";"2";"6";"23";"1";""
"202400039129";"155712824";"A01";"1";"7";"0";"2";"1";"1";"1";""
"202400039129";"155712827";"B01";"1";"7";"0";"2";"3";"16";"1";""
"202400039130";"155712823";"A01";"1";"2";"0";"2";"7";"15";"1";""
"202400039130";"155712825";"B01";"2";"7";"0";"2";"1";"1";"1";""
"202400039131";"155712822";"B01";"2";"50";"0";"2";"2";"9";"3";""
"202400039131";"155712826";"A01";"2";"15";"0";"9";"6";"9";"1";""
"202400039132";"155712819";"A01";"2";"7";"2";"0";"3";"14";"1";""
"202400039133";"155712817";"B01";"2";"7";"0";"1";"6";"23";"1";""
"202400039133";"155712821";"A01";"1";"7";"0";"1";"3";"1";"1";""
"202400039134";"155712815";"A01";"2";"10";"0";"2";"1";"2";"1";""
"202400039134";"155712818";"B01";"2";"10";"0";"2";"4";"2";"1";""
"202400039134";"155712820";"C01";"2";"7";"0";"2";"4";"2";"1";""
"202400039135";"155712814";"A01";"1";"15";"7";"0";"6";"13";"1";""
"202400039135";"155712816";"B01";"2";"7";"0";"9";"1";"1";"1";""
"202400039136";"155712813";"A01";"1";"1";"0";"1";"1";"1";"5";""
"202400039137";"155712809";"B01";"1";"7";"0";"2";"6";"1";"1";""
"202400039137";"155712812";"A01";"1";"10";"0";"2";"2";"17";"1";""
"202400039138";"155712806";"A01";"1";"7";"0";"2";"4";"23";"1";""
"202400039138";"155712807";"B01";"1";"7";"0";"2";"4";"23";"1";""
"202400039138";"155712808";"C01";"1";"7";"0";"2";"1";"1";"1";""
"202400039138";"155712810";"D01";"1";"10";"0";"2";"4";"1";"1";""
"202400039139";"155712805";"B01";"3";"7";"8";"2";"1";"1";"1";""
"202400039139";"155712811";"A01";"3";"3";"0";"2";"5";"15";"3";""
"202400039140";"155712802";"A01";"1";"7";"13";"0";"1";"1";"1";""
"202400039141";"155712799";"A01";"2";"7";"0";"2";"3";"13";"1";""
"202400039141";"155712803";"B01";"1";"10";"0";"2";"3";"1";"1";""
"202400039141";"155712804";"C01";"1";"7";"0";"2";"3";"1";"1";""
"202400039142";"155712797";"A01";"1";"7";"0";"2";"3";"1";"1";""
"202400039142";"155712800";"B01";"3";"7";"0";"2";"6";"15";"1";""
"202400039143";"155712798";"A01";"2";"7";"0";"2";"3";"15";"2";""
"202400039143";"155712801";"B01";"2";"32";"0";"2";"8";"0";"1";""
"202400039144";"155712796";"A01";"2";"33";"0";"5";"2";"2";"1";""
"202400039145";"155712794";"A01";"2";"7";"0";"2";"3";"0";"1";""
"202400039145";"155712795";"B01";"1";"7";"0";"2";"3";"1";"1";""
"202400039146";"155712793";"A01";"2";"7";"4";"0";"1";"19";"1";""
"202400039147";"155712789";"A01";"2";"7";"8";"0";"3";"13";"1";""
"202400039148";"155712787";"A01";"2";"7";"0";"2";"1";"2";"2";""
"202400039148";"155712792";"B01";"2";"7";"0";"2";"4";"1";"1";""
"202400039149";"155712786";"A01";"1";"33";"0";"2";"1";"17";"1";""
"202400039149";"155712788";"B01";"1";"7";"0";"2";"6";"15";"1";""
"202400039150";"155712785";"A01";"2";"1";"0";"0";"0";"1";"5";""
"202400039151";"155712784";"A01";"3";"7";"2";"0";"3";"0";"3";""
"202400039152";"155712782";"B01";"2";"7";"0";"2";"4";"1";"1";""
"202400039152";"155712783";"A01";"2";"33";"0";"2";"1";"1";"1";""
"202400039153";"155712778";"A01";"1";"33";"0";"2";"1";"0";"0";""
"202400039153";"155712781";"B01";"2";"7";"0";"2";"3";"0";"1";""
"202400039154";"155712776";"B01";"1";"30";"0";"2";"1";"1";"1";""
"202400039154";"155712779";"A01";"1";"7";"0";"9";"3";"10";"1";""
"202400039155";"155712774";"A01";"3";"7";"0";"2";"1";"1";"1";""
"202400039155";"155712775";"B01";"3";"1";"0";"2";"5";"19";"5";""
"202400039156";"155712772";"A01";"1";"7";"2";"0";"1";"13";"1";""
"202400039157";"155712771";"A01";"1";"33";"7";"0";"1";"17";"1";""
"202400039158";"155712770";"A01";"1";"31";"0";"2";"1";"0";"1";""
"202400039158";"155712773";"B01";"2";"7";"0";"2";"1";"0";"1";""
"202400039159";"155712769";"A01";"1";"7";"5";"0";"2";"1";"1";""
"202400039160";"155712768";"A01";"1";"7";"0";"1";"1";"1";"1";""
"202400039161";"155712767";"A01";"0";"7";"0";"1";"1";"17";"2";""
"202400039162";"155712765";"A01";"2";"34";"0";"2";"1";"5";"0";""
"202400039162";"155712766";"B01";"1";"7";"0";"2";"2";"1";"0";""
"202400039163";"155712764";"A01";"2";"33";"15";"0";"0";"1";"1";""
"202400039164";"155712763";"A01";"2";"7";"13";"0";"2";"1";"1";""
"202400039165";"155712762";"A01";"3";"50";"0";"1";"0";"1";"3";""
"202400039166";"155712761";"Z01";"2";"2";"0";"1";"0";"26";"0";""
"202400039167";"155712760";"A01";"2";"7";"7";"0";"9";"1";"1";""
"202400039168";"155712755";"A01";"2";"33";"3";"2";"7";"17";"1";""
"202400039168";"155712757";"B01";"1";"7";"0";"2";"1";"1";"1";""
"202400039169";"155712754";"A01";"2";"33";"0";"2";"1";"1";"1";""
"202400039169";"155712756";"B01";"2";"7";"0";"0";"4";"1";"1";""
"202400039170";"155712752";"A01";"3";"2";"0";"0";"9";"1";"1";""
"202400039171";"155712751";"A01";"2";"7";"0";"2";"1";"1";"1";""
"202400039171";"155712753";"B01";"2";"7";"0";"2";"4";"1";"1";""
"202400039172";"155712749";"A01";"3";"7";"0";"2";"1";"15";"1";""
"202400039172";"155712750";"B01";"1";"34";"0";"2";"1";"1";"1";""
"202400039173";"155712747";"A01";"3";"7";"0";"2";"1";"9";"1";""
"202400039173";"155712748";"B01";"1";"7";"0";"2";"1";"1";"1";""
"202400039174";"155712746";"A01";"1";"7";"2";"0";"1";"0";"1";""
"202400039175";"155712745";"A01";"3";"7";"1";"0";"4";"4";"1";""
"202400039176";"155712744";"A01";"3";"7";"10";"0";"1";"1";"1";""
"202400039177";"155712742";"A01";"1";"7";"2";"0";"3";"0";"1";""
"202400039178";"155712739";"G01";"2";"60";"0";"2";"0";"19";"5";""
"202400039178";"155712741";"A01";"1";"7";"0";"9";"7";"1";"1";""
"202400039179";"155712740";"B01";"1";"10";"0";"2";"2";"9";"1";""
"202400039179";"155712743";"A01";"1";"33";"0";"2";"1";"1";"1";""
"202400039180";"155712736";"B01";"2";"7";"0";"2";"1";"1";"1";""
"202400039180";"155712738";"A01";"1";"7";"0";"2";"1";"13";"1";""
"202400039181";"155712735";"A01";"1";"7";"0";"1";"2";"1";"1";""
"202400039182";"155712734";"A01";"3";"7";"0";"2";"3";"13";"1";""
"202400039182";"155712737";"B01";"3";"7";"0";"2";"5";"23";"1";""
"202400039183";"155712732";"A01";"2";"7";"0";"2";"1";"1";"1";""
"202400039183";"155712733";"B01";"1";"7";"0";"2";"1";"13";"1";""
"202400039184";"155712731";"A01";"1";"10";"0";"1";"4";"4";"1";""
"202400039185";"155712727";"A01";"2";"7";"0";"9";"4";"1";"1";""
"202400039185";"155712729";"B01";"2";"17";"0";"2";"1";"1";"1";""
"202400039186";"155712724";"A01";"1";"7";"0";"2";"2";"26";"1";""
"202400039186";"155712726";"B01";"2";"32";"0";"2";"8";"1";"1";""
"202400039187";"155712723";"D01";"1";"7";"0";"2";"2";"1";"1";""
"202400039187";"155712725";"C01";"2";"7";"0";"0";"1";"1";"0";""
"202400039187";"155712728";"B01";"2";"7";"0";"0";"8";"2";"1";""
"202400039187";"155712730";"A01";"1";"7";"8";"0";"1";"1";"1";""
"202400039188";"155712722";"A01";"2";"7";"2";"0";"1";"1";"1";""
"202400039189";"155712721";"A01";"1";"7";"16";"0";"2";"14";"1";""
"202400039190";"155712720";"A01";"1";"7";"0";"1";"8";"1";"1";""
"202400039191";"155712719";"Z01";"1";"7";"0";"1";"0";"26";"0";""
"202400039192";"155712718";"A01";"2";"7";"0";"1";"2";"1";"1";""
"202400039193";"155712715";"A01";"2";"7";"0";"2";"8";"19";"1";""
"202400039193";"155712716";"B01";"1";"7";"0";"2";"2";"19";"1";""
"202400039194";"155712714";"A01";"0";"7";"0";"2";"3";"0";"1";""
"202400039194";"155712717";"B01";"2";"7";"0";"2";"2";"1";"1";""
"202400039195";"155712712";"B01";"3";"50";"0";"2";"7";"19";"3";""
"202400039195";"155712713";"A01";"3";"37";"0";"2";"1";"1";"0";"1"
"202400039196";"155712711";"A01";"0";"7";"0";"1";"1";"0";"1";""
"202400039197";"155712709";"A01";"1";"7";"2";"0";"8";"1";"0";""
"202400039198";"155712708";"B01";"2";"10";"0";"2";"1";"21";"1";""
"202400039198";"155712710";"A01";"2";"2";"0";"2";"8";"1";"1";""
"202400039199";"155712706";"A01";"1";"7";"0";"1";"8";"1";"1";""
"202400039200";"155712704";"A01";"2";"7";"0";"1";"1";"1";"1";""
"202400039201";"155712702";"B01";"2";"7";"0";"2";"8";"1";"1";""
"202400039201";"155712707";"Z01";"2";"7";"0";"2";"1";"1";"0";""
"202400039202";"155712700";"A01";"0";"7";"0";"2";"3";"0";"0";""
"202400039202";"155712703";"B01";"3";"32";"0";"2";"1";"1";"1";""
"202400039203";"155712698";"A01";"1";"7";"0";"2";"1";"1";"1";""
"202400039203";"155712701";"B01";"2";"7";"0";"2";"1";"1";"1";""
"202400039204";"155712699";"A01";"2";"7";"13";"0";"1";"12";"1";""
"202400039205";"155712694";"A01";"2";"7";"4";"0";"3";"2";"1";""
"202400039206";"155712693";"A01";"1";"32";"9";"2";"1";"21";"1";""
"202400039206";"155712697";"B01";"2";"7";"0";"2";"3";"15";"1";""
"202400039207";"155712690";"C01";"1";"7";"0";"2";"1";"2";"2";""
"202400039207";"155712691";"D01";"1";"7";"0";"2";"1";"2";"1";""
"202400039207";"155712695";"A01";"1";"7";"14";"0";"1";"1";"1";""
"202400039207";"155712696";"B01";"1";"7";"0";"2";"1";"2";"1";""
"202400039208";"155712689";"A01";"2";"7";"0";"2";"3";"15";"2";""
"202400039208";"155712692";"B01";"1";"7";"6";"0";"9";"1";"2";""
"202400039209";"155712686";"A01";"2";"7";"0";"2";"3";"1";"1";""
"202400039209";"155712688";"B01";"1";"7";"0";"2";"3";"5";"1";""
"202400039210";"155712684";"A01";"0";"7";"0";"2";"2";"16";"1";""
"202400039210";"155712687";"B01";"0";"1";"0";"2";"1";"21";"5";""
"202400039211";"155712682";"B01";"1";"15";"0";"2";"4";"23";"1";""
"202400039211";"155712685";"A01";"1";"7";"1";"0";"1";"1";"1";""
"202400039212";"155712681";"A01";"1";"7";"0";"2";"5";"15";"1";""
"202400039212";"155712683";"B01";"3";"1";"0";"2";"1";"5";"5";""
"202400039213";"155712673";"A01";"2";"7";"1";"2";"2";"14";"1";""
"202400039213";"155712676";"B01";"2";"7";"0";"2";"6";"23";"1";""
"202400039213";"155712679";"C01";"2";"7";"0";"2";"2";"21";"1";""
"202400039214";"155712674";"A01";"2";"7";"0";"2";"1";"1";"1";""
"202400039214";"155712677";"B01";"2";"7";"0";"2";"1";"1";"1";""
"202400039214";"155712680";"C01";"2";"7";"0";"2";"4";"1";"2";""
"202400039215";"155712672";"A01";"3";"7";"0";"0";"8";"1";"1";""
"202400039215";"155712678";"B01";"3";"50";"0";"2";"1";"19";"3";""
"202400039216";"155712671";"B01";"2";"50";"0";"2";"2";"1";"3";""
"202400039216";"155712675";"A01";"1";"7";"0";"2";"1";"1";"1";""
"202400039217";"155712669";"A01";"1";"50";"8";"0";"1";"2";"3";""
"202400039218";"155712668";"A01";"2";"10";"0";"2";"2";"1";"1";""
"202400039218";"155712670";"B01";"2";"17";"0";"2";"4";"1";"1";""
"202400039219";"155712663";"A01";"2";"7";"4";"0";"1";"0";"1";""
"202400039219";"155712666";"B01";"2";"7";"4";"0";"0";"21";"1";""
"202400039219";"155712667";"C01";"2";"7";"4";"0";"1";"21";"1";""
"202400039220";"155712662";"A01";"3";"7";"0";"2";"2";"16";"1";""
"202400039220";"155712664";"B01";"3";"1";"0";"2";"0";"0";"5";""
"202400039221";"155712660";"B01";"3";"33";"0";"2";"7";"1";"1";""
"202400039221";"155712665";"A01";"1";"10";"0";"2";"3";"9";"1";""
"202400039222";"155712659";"A01";"1";"7";"0";"2";"3";"13";"1";""
"202400039222";"155712661";"B01";"2";"7";"0";"2";"3";"0";"1";""
"202400039223";"155712658";"A01";"2";"15";"4";"0";"2";"1";"1";""
"202400039224";"155712656";"A01";"3";"7";"0";"9";"8";"16";"1";""
"202400039224";"155712657";"B01";"3";"1";"0";"2";"1";"1";"5";""
"202400039225";"155712654";"A01";"1";"30";"0";"0";"8";"2";"1";""
"202400039226";"155712653";"A01";"1";"7";"0";"1";"1";"15";"1";""
"202400039227";"155712650";"Z01";"2";"17";"0";"1";"3";"1";"1";""
"202400039228";"155712648";"A01";"1";"7";"0";"2";"1";"2";"1";""
"202400039228";"155712651";"B01";"1";"7";"0";"2";"4";"2";"1";""
"202400039228";"155712652";"C01";"1";"7";"0";"2";"4";"2";"2";""
"202400039229";"155712647";"B01";"2";"7";"0";"2";"6";"1";"1";""
"202400039229";"155712649";"A01";"1";"2";"0";"2";"1";"13";"1";""
"202400039230";"155712643";"A01";"2";"7";"0";"2";"1";"1";"1";""
"202400039230";"155712645";"B01";"2";"7";"0";"0";"4";"1";"1";""
"202400039231";"155712641";"A01";"1";"33";"0";"2";"1";"2";"1";""
"202400039231";"155712644";"B01";"1";"7";"0";"2";"4";"2";"2";""
"202400039232";"155712646";"A01";"2";"7";"0";"2";"1";"1";"1";""
"202400039232";"155712655";"B01";"1";"7";"0";"2";"3";"15";"1";""
"202400039233";"155712637";"B01";"3";"33";"0";"2";"2";"17";"1";""
"202400039233";"155712640";"A01";"3";"7";"0";"2";"3";"13";"1";""
"202400039234";"155712636";"B01";"2";"7";"0";"2";"8";"11";"2";""
"202400039234";"155712638";"A01";"2";"31";"0";"2";"7";"3";"1";""
"202400039235";"155712632";"B01";"0";"33";"0";"2";"1";"1";"1";""
"202400039235";"155712635";"A01";"3";"7";"0";"2";"2";"12";"2";""
"202400039236";"155712630";"A01";"1";"1";"0";"2";"1";"2";"5";""
"202400039236";"155712633";"B01";"1";"7";"0";"0";"4";"23";"1";""
"202400039237";"155712629";"A01";"1";"10";"0";"2";"1";"1";"1";""
"202400039237";"155712634";"B01";"1";"7";"0";"2";"7";"1";"1";""
"202400039238";"155712628";"A01";"1";"34";"4";"0";"8";"1";"1";""
"202400039239";"155712631";"A01";"1";"33";"13";"0";"1";"0";"1";""
"202400039240";"155712626";"A01";"2";"7";"0";"0";"5";"1";"1";""
"202400039240";"155712627";"B01";"2";"34";"0";"2";"3";"2";"1";""
"202400039241";"155712625";"A01";"2";"43";"0";"1";"1";"17";"1";""
"202400039242";"155712622";"A01";"1";"1";"0";"0";"0";"26";"5";""
"202400039243";"155712620";"B01";"2";"7";"0";"2";"1";"1";"1";""
"202400039243";"155712623";"A01";"1";"10";"0";"2";"1";"13";"1";""
"202400039244";"155712619";"B01";"2";"14";"0";"2";"3";"1";"1";""
"202400039244";"155712621";"A01";"1";"7";"0";"2";"3";"13";"1";""
"202400039245";"155712618";"Z01";"1";"7";"0";"1";"1";"1";"1";""
"202400039246";"155712617";"B01";"2";"7";"0";"2";"2";"1";"1";""
"202400039246";"155712624";"A01";"2";"33";"8";"2";"1";"18";"1";""
"202400039247";"155712616";"A01";"2";"7";"13";"0";"3";"1";"1";""
"202400039248";"155712611";"Z01";"2";"7";"0";"2";"4";"1";"0";""
"202400039248";"155712614";"A01";"2";"34";"0";"2";"1";"1";"1";""
"202400039249";"155712610";"B01";"0";"7";"0";"9";"5";"16";"1";""
"202400039249";"155712612";"A01";"3";"1";"0";"2";"1";"1";"5";""
"202400039250";"155712615";"A01";"3";"7";"0";"1";"7";"1";"0";""
"202400039251";"155712607";"A01";"1";"37";"1";"0";"7";"12";"1";"2"
"202400039251";"155712609";"B01";"1";"13";"0";"2";"7";"23";"1";""
"202400039252";"155712605";"B01";"2";"7";"0";"2";"1";"1";"1";""
"202400039252";"155712608";"A01";"2";"7";"0";"2";"1";"15";"1";""
"202400039253";"155712603";"B01";"2";"7";"0";"2";"3";"9";"1";""
"202400039253";"155712606";"A01";"2";"7";"0";"2";"1";"1";"1";""
"202400039254";"155712600";"A01";"2";"15";"0";"2";"2";"1";"1";""
"202400039254";"155712602";"B01";"1";"3";"0";"2";"1";"11";"1";""
"202400039255";"155712601";"A01";"2";"7";"0";"0";"1";"13";"1";""
"202400039255";"155712604";"B01";"1";"7";"0";"0";"1";"1";"1";""
"202400039256";"155712597";"A01";"0";"30";"0";"2";"0";"0";"1";""
"202400039256";"155712599";"B01";"0";"7";"0";"2";"0";"0";"1";""
"202400039257";"155712593";"A01";"2";"33";"0";"2";"8";"3";"1";""
"202400039257";"155712594";"B01";"2";"7";"0";"2";"2";"1";"1";""
"202400039257";"155712596";"C01";"2";"7";"0";"2";"6";"1";"1";""
"202400039258";"155712592";"B01";"1";"7";"0";"2";"2";"1";"1";""
"202400039258";"155712595";"A01";"1";"7";"0";"2";"1";"1";"1";""
"202400039259";"155712588";"B01";"1";"7";"0";"2";"2";"1";"1";""
"202400039259";"155712591";"C01";"1";"7";"0";"2";"6";"1";"1";""
"202400039259";"155712598";"A01";"1";"7";"0";"2";"2";"2";"1";""
"202400039260";"155712586";"A01";"2";"7";"0";"2";"3";"1";"1";""
"202400039260";"155712589";"B01";"2";"7";"0";"2";"2";"14";"1";""
"202400039261";"155712585";"A01";"1";"15";"0";"2";"3";"1";"1";""
"202400039261";"155712587";"B01";"1";"34";"0";"2";"1";"17";"1";""
"202400039262";"155712590";"A01";"3";"7";"1";"0";"1";"13";"1";""
"202400039263";"155712584";"A01";"1";"7";"4";"0";"1";"1";"1";""
"202400039264";"155712581";"B01";"2";"7";"0";"2";"1";"1";"3";""
"202400039264";"155712582";"A01";"1";"7";"0";"2";"1";"13";"1";""
"202400039265";"155712580";"A01";"2";"31";"0";"2";"3";"16";"1";""
"202400039265";"155712583";"B01";"1";"7";"0";"2";"7";"15";"1";""
"202400039266";"155712578";"A01";"2";"33";"3";"0";"0";"12";"1";""
"202400039267";"155712579";"A01";"3";"30";"0";"0";"0";"1";"1";""
"202400039268";"155712576";"A01";"2";"33";"4";"0";"7";"1";"1";""
"202400039269";"155712574";"A01";"1";"7";"0";"2";"6";"12";"3";""
"202400039269";"155712577";"B01";"1";"43";"0";"2";"8";"1";"1";""
"202400039270";"155712575";"A01";"0";"7";"0";"2";"1";"2";"1";""
"202400039271";"155712573";"A01";"3";"33";"8";"0";"8";"1";"1";""
"202400039272";"155712572";"A01";"1";"7";"0";"1";"1";"26";"1";""
"202400039273";"155712568";"A01";"1";"7";"9";"0";"2";"1";"1";""
"202400039274";"155712569";"A01";"2";"33";"0";"2";"1";"21";"1";""
"202400039274";"155712571";"B01";"2";"7";"0";"0";"6";"1";"1";""
"202400039275";"155712566";"A01";"2";"7";"0";"2";"1";"2";"1";""
"202400039275";"155712570";"B01";"2";"7";"13";"0";"4";"2";"1";""
"202400039276";"155712565";"A01";"1";"7";"0";"2";"5";"1";"1";""
"202400039276";"155712567";"B01";"3";"7";"0";"2";"1";"9";"1";""
"202400039277";"155712562";"B01";"1";"10";"0";"2";"5";"12";"1";""
"202400039277";"155712563";"A01";"1";"32";"0";"2";"8";"18";"1";""
"202400039278";"155712561";"B01";"1";"2";"0";"2";"1";"1";"1";""
"202400039278";"155712564";"A01";"2";"7";"0";"2";"1";"15";"1";""
"202400039279";"155712558";"A01";"2";"7";"0";"2";"1";"2";"1";""
"202400039279";"155712559";"B01";"2";"7";"0";"1";"4";"2";"1";""
"202400039280";"155712557";"B01";"3";"7";"0";"2";"3";"16";"1";""
"202400039280";"155712560";"A01";"1";"7";"0";"2";"2";"26";"1";""
"202400039281";"155712556";"A01";"3";"10";"0";"1";"3";"1";"1";""
"202400039282";"155712555";"A01";"1";"7";"13";"0";"1";"1";"1";""
"202400039283";"155712552";"A01";"1";"10";"1";"0";"2";"1";"1";""
"202400039283";"155712554";"B01";"3";"7";"1";"0";"6";"24";"1";""
"202400039284";"155712551";"A01";"1";"31";"0";"0";"0";"26";"1";""
"202400039285";"155712550";"B01";"2";"7";"0";"2";"8";"15";"2";""
"202400039285";"155712553";"A01";"2";"2";"0";"2";"2";"17";"3";""
"202400039286";"155712548";"A01";"2";"7";"13";"0";"1";"1";"1";""
"202400039287";"155712547";"B01";"2";"10";"0";"2";"7";"15";"1";""
"202400039287";"155712549";"A01";"1";"7";"0";"2";"1";"1";"1";""
"202400039288";"155712544";"A01";"3";"7";"0";"2";"1";"26";"0";""
"202400039288";"155712546";"B01";"3";"1";"0";"2";"1";"26";"5";""
"202400039289";"155712543";"A01";"1";"50";"0";"0";"0";"0";"3";""
"202400039290";"155712542";"B01";"1";"2";"0";"2";"1";"0";"1";""
"202400039290";"155712545";"A01";"1";"7";"0";"0";"5";"0";"1";""
"202400039291";"155712540";"A01";"2";"10";"0";"2";"5";"15";"1";""
"202400039291";"155712541";"B01";"2";"34";"0";"2";"3";"1";"0";""
"202400039292";"155712535";"B01";"1";"1";"0";"2";"1";"1";"5";""
"202400039292";"155712538";"A01";"2";"7";"0";"2";"3";"1";"1";""
"202400039293";"155712534";"A01";"1";"7";"0";"2";"1";"2";"1";""
"202400039293";"155712537";"B01";"1";"7";"0";"2";"4";"2";"1";""
"202400039293";"155712539";"C01";"1";"7";"0";"2";"1";"2";"3";""
"202400039294";"155712532";"A01";"1";"7";"0";"2";"3";"1";"1";""
"202400039294";"155712536";"B01";"1";"7";"0";"2";"2";"1";"1";""