"Num_Acc";"id_vehicule";"num_veh";"senc";"catv";"obs";"obsm";"choc";"manv";"motor";"occutc"
"202400039295";"155712533";"A01";"1";"10";"0";"1";"1";"15";"1";""
"202400039296";"155712528";"B01";"1";"7";"0";"2";"6";"1";"1";""
"202400039296";"155712530";"A01";"1";"10";"0";"2";"1";"9";"1";""
"202400039297";"155712526";"B01";"1";"7";"0";"2";"2";"15";"1";""
"202400039297";"155712531";"A01";"1";"2";"0";"2";"1";"1";"1";""
"202400039298";"155712527";"A01";"1";"33";"0";"2";"1";"1";"1";""
"202400039298";"155712529";"B01";"2";"7";"0";"2";"2";"15";"1";""
"202400039299";"155712524";"A01";"1";"30";"0";"2";"8";"16";"1";""
"202400039299";"155712525";"B01";"1";"7";"0";"2";"2";"16";"2";""
"202400039300";"155712523";"A01";"2";"33";"16";"0";"8";"0";"1";""
"202400039301";"155712518";"A01";"3";"3";"0";"2";"4";"23";"1";""
"202400039301";"155712520";"B01";"1";"10";"0";"2";"1";"2";"1";""
"202400039302";"155712515";"A01";"2";"7";"0";"2";"1";"1";"3";""
"202400039302";"155712521";"B01";"1";"7";"0";"2";"1";"1";"1";""
"202400039303";"155712516";"A01";"1";"7";"0";"2";"1";"7";"1";""
"202400039303";"155712522";"B01";"2";"7";"0";"2";"2";"16";"1";""
"202400039304";"155712510";"B01";"2";"50";"0";"2";"7";"0";"3";""
"202400039304";"155712513";"A01";"1";"7";"0";"2";"1";"2";"1";""
"202400039305";"155712511";"A01";"3";"2";"12";"0";"1";"1";"1";""
"202400039306";"155712509";"A01";"3";"7";"0";"1";"1";"1";"1";""
"202400039307";"155712512";"D01";"2";"7";"0";"2";"4";"2";"1";""
"202400039307";"155712514";"C01";"2";"7";"0";"2";"6";"23";"1";""
"202400039307";"155712517";"A01";"2";"7";"0";"2";"1";"2";"1";""
"202400039307";"155712519";"B01";"2";"7";"0";"2";"8";"1";"1";""
"202400039308";"155712506";"A01";"1";"7";"0";"2";"1";"1";"1";""
"202400039308";"155712508";"B01";"1";"7";"0";"2";"4";"0";"1";""
"202400039309";"155712503";"A01";"1";"99";"0";"2";"3";"26";"1";""
"202400039309";"155712507";"B01";"1";"7";"0";"2";"7";"1";"1";""
"202400039310";"155712502";"A01";"1";"7";"0";"2";"1";"5";"1";""
"202400039310";"155712504";"B01";"1";"7";"0";"2";"5";"1";"1";""
"202400039310";"155712505";"C01";"1";"7";"0";"2";"1";"1";"1";""
"202400039311";"155712495";"A01";"2";"7";"0";"2";"2";"1";"1";""
"202400039311";"155712500";"B01";"2";"7";"0";"2";"6";"11";"1";""
"202400039312";"155712497";"A01";"2";"34";"0";"2";"1";"1";"1";""
"202400039312";"155712499";"B01";"2";"7";"0";"2";"4";"1";"1";""
"202400039313";"155712496";"A01";"2";"30";"0";"0";"7";"16";"1";""
"202400039314";"155712494";"B01";"1";"7";"0";"2";"9";"1";"1";""
"202400039314";"155712498";"A01";"1";"7";"0";"2";"1";"21";"1";""
"202400039314";"155712501";"C01";"1";"7";"0";"2";"4";"23";"2";""
"202400039315";"155712492";"A01";"2";"7";"1";"0";"1";"14";"1";""
"202400039316";"155712491";"B01";"2";"43";"0";"2";"8";"21";"1";""
"202400039316";"155712493";"A01";"1";"1";"0";"2";"1";"10";"5";""
"202400039317";"155712490";"A01";"1";"7";"7";"0";"1";"0";"1";""
"202400039318";"155712489";"A01";"2";"7";"0";"0";"9";"0";"1";""
"202400039319";"155712487";"A01";"1";"7";"1";"0";"6";"0";"1";""
"202400039319";"155712488";"B01";"3";"7";"0";"2";"2";"2";"1";""
"202400039320";"155712485";"A01";"1";"7";"13";"0";"2";"14";"1";""
"202400039321";"155712477";"A01";"1";"33";"8";"0";"1";"1";"1";""
"202400039322";"155712476";"B01";"0";"33";"0";"2";"2";"1";"1";""
"202400039322";"155712482";"A01";"0";"7";"0";"2";"3";"16";"1";""
"202400039323";"155712473";"A01";"1";"7";"0";"2";"1";"1";"0";""
"202400039323";"155712475";"C01";"1";"7";"0";"2";"4";"2";"2";""
"202400039323";"155712478";"D01";"1";"7";"0";"2";"4";"2";"1";""
"202400039323";"155712480";"E01";"1";"7";"0";"2";"4";"2";"1";""
"202400039323";"155712483";"G01";"1";"7";"0";"2";"4";"2";"1";""
"202400039323";"155712484";"B01";"1";"7";"0";"2";"4";"1";"1";""
"202400039323";"155712486";"F01";"1";"7";"0";"2";"4";"1";"1";""
"202400039324";"155712470";"B01";"1";"7";"0";"2";"3";"1";"1";""
"202400039324";"155712474";"A01";"2";"10";"0";"2";"3";"1";"1";""
"202400039325";"155712469";"A01";"0";"7";"0";"2";"2";"15";"1";""
"202400039325";"155712472";"B01";"0";"7";"0";"2";"5";"2";"1";""
"202400039326";"155712467";"Z01";"2";"7";"0";"2";"1";"0";"1";""
"202400039326";"155712468";"A01";"2";"7";"4";"2";"6";"12";"2";""
"202400039327";"155712471";"A01";"1";"7";"0";"2";"3";"1";"1";""
"202400039327";"155712479";"C01";"1";"33";"0";"2";"1";"1";"1";""
"202400039327";"155712481";"B01";"1";"33";"0";"2";"1";"2";"1";""
"202400039328";"155712463";"A01";"3";"50";"0";"1";"0";"1";"3";""
"202400039329";"155712464";"A01";"0";"7";"0";"2";"1";"1";"1";""
"202400039329";"155712465";"B01";"0";"7";"0";"2";"4";"16";"1";""
"202400039330";"155712462";"B01";"2";"7";"7";"2";"1";"19";"1";""
"202400039330";"155712466";"A01";"2";"7";"0";"0";"8";"1";"1";""
"202400039331";"155712459";"A01";"2";"7";"0";"2";"4";"1";"1";""
"202400039331";"155712461";"B01";"2";"10";"0";"2";"1";"1";"1";""
"202400039332";"155712456";"A01";"1";"7";"0";"0";"4";"2";"1";""
"202400039332";"155712458";"B01";"1";"7";"0";"2";"1";"2";"1";""
"202400039333";"155712453";"A01";"3";"7";"0";"2";"3";"9";"1";""
"202400039333";"155712454";"B01";"2";"1";"0";"2";"1";"1";"0";""
"202400039334";"155712449";"A01";"1";"7";"0";"2";"4";"4";"1";""
"202400039334";"155712450";"C01";"1";"7";"0";"2";"4";"0";"1";""
"202400039334";"155712452";"B01";"1";"31";"1";"2";"1";"1";"1";""
"202400039335";"155712448";"A01";"1";"30";"0";"2";"1";"17";"0";""
"202400039335";"155712451";"B01";"2";"7";"0";"2";"1";"1";"1";""
"202400039336";"155712445";"A01";"1";"7";"0";"2";"3";"15";"1";""
"202400039336";"155712447";"B01";"1";"32";"0";"2";"1";"1";"1";""
"202400039337";"155712446";"A01";"1";"7";"5";"0";"1";"1";"1";""
"202400039338";"155712443";"A01";"1";"7";"12";"0";"0";"17";"1";""
"202400039339";"155712442";"A01";"1";"7";"0";"2";"1";"15";"1";""
"202400039339";"155712444";"B01";"2";"7";"0";"2";"3";"1";"1";""
"202400039340";"155712440";"A01";"3";"7";"0";"2";"3";"13";"2";""
"202400039340";"155712441";"B01";"3";"7";"0";"2";"3";"1";"1";""
"202400039341";"155712437";"A01";"2";"7";"0";"1";"2";"1";"1";""
"202400039342";"155712435";"A01";"1";"7";"0";"2";"5";"1";"1";""
"202400039342";"155712439";"B01";"1";"1";"0";"2";"5";"1";"5";""
"202400039343";"155712434";"A01";"2";"34";"0";"2";"1";"1";"1";""
"202400039343";"155712436";"B01";"2";"10";"0";"0";"8";"1";"1";""
"202400039344";"155712433";"A01";"2";"33";"0";"0";"0";"26";"1";""
"202400039345";"155712432";"A01";"3";"7";"0";"2";"3";"1";"1";""
"202400039345";"155712438";"B01";"2";"7";"0";"2";"2";"1";"1";""
"202400039346";"155712431";"A01";"1";"37";"0";"1";"5";"9";"6";"1"
"202400039347";"155712429";"A01";"1";"7";"1";"1";"2";"20";"1";""
"202400039348";"155712428";"A01";"1";"7";"0";"2";"5";"19";"1";""
"202400039348";"155712430";"B01";"2";"2";"0";"2";"1";"1";"1";""
"202400039349";"155712425";"B01";"1";"33";"0";"2";"1";"1";"1";""
"202400039349";"155712427";"A01";"1";"7";"0";"2";"2";"1";"1";""
"202400039350";"155712423";"A01";"1";"7";"0";"2";"1";"19";"1";""
"202400039350";"155712426";"B01";"2";"7";"0";"2";"8";"1";"1";""
"202400039351";"155712422";"B01";"1";"43";"0";"2";"1";"1";"1";""
"202400039351";"155712424";"A01";"1";"7";"0";"2";"3";"9";"3";""
"202400039352";"155712418";"A01";"1";"33";"0";"2";"8";"13";"1";""
"202400039352";"155712420";"B01";"2";"7";"0";"2";"6";"1";"1";""
"202400039353";"155712417";"B01";"2";"7";"0";"0";"4";"1";"1";""
"202400039353";"155712421";"A01";"2";"7";"0";"2";"1";"1";"1";""
"202400039354";"155712415";"B01";"2";"2";"0";"2";"8";"1";"1";""
"202400039354";"155712416";"A01";"2";"7";"0";"2";"2";"1";"1";""
"202400039355";"155712414";"A01";"0";"32";"9";"0";"1";"0";"1";""
"202400039356";"155712411";"B01";"2";"10";"0";"2";"7";"15";"1";""
"202400039356";"155712412";"A01";"1";"1";"0";"2";"1";"9";"5";""
"202400039357";"155712409";"A01";"1";"7";"0";"1";"3";"1";"1";""
"202400039358";"155712410";"B01";"2";"1";"0";"2";"8";"19";"5";""
"202400039358";"155712413";"A01";"2";"7";"0";"2";"1";"1";"1";""
"202400039359";"155712403";"A01";"1";"7";"0";"2";"2";"20";"1";""
"202400039359";"155712407";"B01";"2";"7";"0";"2";"0";"1";"1";""
"202400039360";"155712401";"A01";"3";"7";"0";"2";"8";"10";"0";""
"202400039360";"155712404";"B01";"0";"33";"0";"2";"1";"1";"1";""
"202400039361";"155712402";"A01";"1";"7";"0";"2";"7";"15";"1";""
"202400039361";"155712408";"B01";"2";"33";"0";"2";"1";"1";"0";""
"202400039362";"155712399";"A01";"1";"7";"2";"0";"2";"14";"1";""
"202400039363";"155712400";"A01";"3";"7";"0";"1";"1";"1";"1";""
"202400039364";"155712398";"A01";"3";"33";"0";"0";"3";"1";"1";""
"202400039365";"155712396";"A01";"1";"7";"0";"2";"3";"15";"1";""
"202400039365";"155712397";"B01";"1";"2";"7";"2";"1";"0";"1";""
"202400039366";"155712390";"A01";"2";"34";"0";"2";"0";"1";"1";""
"202400039366";"155712393";"B01";"1";"7";"0";"2";"8";"1";"1";""
"202400039367";"155712391";"B01";"1";"32";"0";"2";"2";"21";"1";""
"202400039367";"155712395";"A01";"1";"7";"0";"2";"0";"9";"3";""
"202400039368";"155712392";"B01";"0";"33";"0";"2";"1";"21";"1";""
"202400039368";"155712394";"Z01";"1";"13";"0";"2";"1";"0";"1";""
"202400039369";"155712387";"A01";"2";"33";"0";"0";"0";"1";"1";""
"202400039370";"155712388";"A01";"1";"7";"0";"2";"1";"13";"1";""
"202400039370";"155712389";"B01";"2";"33";"0";"2";"1";"1";"1";""
"202400039371";"155712386";"A01";"3";"7";"0";"1";"1";"16";"1";""
"202400039372";"155712385";"A01";"1";"3";"0";"1";"1";"15";"3";""
"202400039373";"155712383";"A01";"2";"7";"1";"0";"1";"26";"1";""
"202400039374";"155712382";"B01";"2";"33";"0";"2";"1";"1";"1";""
"202400039374";"155712384";"A01";"1";"7";"0";"2";"5";"19";"1";""
"202400039375";"155712381";"A01";"1";"33";"0";"0";"5";"1";"1";""
"202400039376";"155712378";"B01";"2";"2";"0";"2";"5";"1";"1";""
"202400039376";"155712380";"A01";"2";"7";"0";"2";"3";"15";"1";""
"202400039377";"155712375";"A01";"0";"7";"0";"1";"1";"1";"1";""
"202400039378";"155712376";"A01";"1";"7";"0";"2";"2";"15";"1";""
"202400039378";"155712379";"B01";"2";"2";"0";"2";"1";"1";"1";""
"202400039379";"155712374";"A01";"1";"7";"0";"2";"1";"13";"3";""
"202400039379";"155712377";"B01";"2";"7";"0";"2";"1";"21";"1";""
"202400039380";"155712373";"A01";"3";"50";"11";"0";"1";"26";"3";""
"202400039381";"155712370";"A01";"1";"33";"11";"0";"0";"13";"1";""
"202400039382";"155712371";"A01";"2";"7";"0";"0";"7";"1";"1";""
"202400039383";"155712368";"A01";"2";"7";"13";"0";"1";"14";"1";""
"202400039384";"155712369";"B01";"2";"33";"0";"2";"4";"23";"1";""
"202400039384";"155712372";"A01";"2";"33";"0";"2";"1";"2";"1";""
"202400039385";"155712367";"A01";"1";"33";"3";"0";"7";"1";"1";""
"202400039386";"155712365";"A01";"0";"7";"0";"1";"1";"1";"1";""
"202400039387";"155712363";"A01";"3";"2";"0";"2";"1";"18";"1";""
"202400039387";"155712366";"B01";"3";"10";"12";"2";"2";"20";"1";""
"202400039388";"155712361";"A01";"1";"33";"0";"2";"3";"1";"1";""
"202400039388";"155712362";"B01";"2";"7";"0";"2";"8";"15";"1";""
"202400039389";"155712360";"A01";"3";"7";"0";"2";"8";"1";"1";""
"202400039389";"155712364";"B01";"3";"36";"0";"2";"1";"16";"1";""
"202400039390";"155712358";"A01";"2";"33";"0";"6";"0";"0";"1";""
"202400039391";"155712357";"A01";"0";"7";"0";"2";"7";"0";"1";""
"202400039391";"155712359";"B01";"0";"2";"0";"2";"7";"0";"1";""
"202400039392";"155712354";"B01";"3";"7";"0";"2";"2";"19";"1";""
"202400039392";"155712356";"A01";"3";"7";"0";"2";"3";"19";"1";""
"202400039393";"155712352";"B01";"2";"7";"0";"2";"8";"21";"1";""
"202400039393";"155712355";"A01";"2";"2";"0";"2";"8";"15";"1";""
"202400039394";"155712353";"A01";"0";"39";"0";"1";"1";"1";"3";""
"202400039395";"155712348";"A01";"3";"7";"0";"2";"3";"1";"1";""
"202400039395";"155712351";"B01";"3";"2";"6";"2";"3";"1";"1";""
"202400039396";"155712347";"A01";"1";"7";"0";"2";"8";"1";"1";""
"202400039396";"155712350";"B01";"2";"7";"0";"2";"1";"0";"1";""
"202400039397";"155712346";"A01";"3";"7";"0";"9";"1";"9";"1";""
"202400039397";"155712349";"B01";"2";"80";"0";"2";"7";"1";"3";""
"202400039398";"155712345";"A01";"3";"10";"16";"0";"7";"22";"1";""
"202400039399";"155712343";"A01";"1";"33";"0";"6";"1";"21";"1";""
"202400039400";"155712340";"A01";"1";"7";"0";"2";"1";"1";"1";""
"202400039400";"155712342";"B01";"2";"7";"0";"2";"8";"1";"1";""
"202400039401";"155712341";"B01";"3";"7";"0";"2";"1";"15";"1";""
"202400039401";"155712344";"A01";"3";"7";"0";"2";"3";"1";"1";""
"202400039402";"155712338";"B01";"2";"7";"0";"0";"0";"0";"0";""
"202400039402";"155712339";"A01";"2";"31";"0";"2";"8";"1";"1";""
"202400039403";"155712336";"A01";"1";"31";"0";"2";"2";"17";"1";""
"202400039403";"155712337";"B01";"1";"7";"0";"2";"6";"9";"1";""
"202400039404";"155712335";"A01";"1";"33";"6";"0";"1";"14";"1";""
"202400039405";"155712334";"A01";"1";"7";"0";"1";"1";"1";"2";""
"202400039406";"155712330";"A01";"1";"7";"0";"2";"3";"15";"1";""
"202400039406";"155712333";"B01";"2";"33";"0";"2";"3";"1";"1";""
"202400039407";"155712329";"A01";"2";"37";"0";"2";"3";"15";"1";"1"
"202400039407";"155712332";"B01";"2";"2";"0";"2";"1";"17";"1";""
"202400039408";"155712328";"A01";"1";"7";"0";"2";"8";"26";"1";""
"202400039408";"155712331";"B01";"1";"7";"3";"2";"2";"1";"1";""
"202400039409";"155712323";"A01";"1";"10";"0";"2";"6";"2";"1";""
"202400039409";"155712326";"B01";"1";"33";"0";"2";"1";"2";"1";""
"202400039409";"155712327";"C01";"1";"7";"0";"2";"3";"1";"1";""
"202400039410";"155712322";"A01";"1";"7";"0";"2";"1";"13";"0";""
"202400039410";"155712325";"B01";"2";"7";"0";"2";"1";"1";"1";""
"202400039411";"155712321";"B01";"1";"7";"0";"2";"3";"1";"1";""
"202400039411";"155712324";"A01";"1";"7";"0";"2";"1";"11";"1";""
"202400039412";"155712318";"A01";"1";"7";"0";"1";"2";"10";"0";""
"202400039413";"155712315";"A01";"1";"7";"0";"2";"8";"10";"1";""
"202400039413";"155712316";"B01";"2";"33";"0";"2";"3";"1";"1";""
"202400039414";"155712314";"A01";"1";"7";"0";"2";"7";"1";"1";""
"202400039414";"155712317";"B01";"1";"7";"0";"2";"1";"1";"1";""
"202400039415";"155712310";"A01";"1";"33";"0";"2";"3";"13";"1";""
"202400039415";"155712313";"B01";"2";"7";"0";"2";"3";"1";"1";""
"202400039416";"155712309";"B01";"2";"1";"0";"2";"1";"2";"5";""
"202400039416";"155712311";"A01";"1";"10";"0";"2";"3";"9";"1";""
"202400039417";"155712308";"A01";"3";"7";"0";"1";"3";"1";"1";""
"202400039418";"155712307";"A01";"1";"0";"0";"1";"2";"0";"0";""
"202400039419";"155712305";"A01";"3";"7";"0";"2";"8";"13";"1";""
"202400039419";"155712306";"B01";"3";"34";"0";"2";"7";"1";"1";""
"202400039420";"155712302";"A01";"0";"7";"0";"0";"4";"20";"0";""
"202400039420";"155712304";"B01";"0";"7";"0";"0";"3";"26";"1";""
"202400039421";"155712301";"A01";"3";"7";"0";"2";"1";"1";"1";""
"202400039421";"155712303";"B01";"3";"7";"0";"0";"4";"1";"1";""
"202400039422";"155712297";"A01";"2";"7";"0";"2";"3";"13";"1";""
"202400039422";"155712299";"B01";"1";"33";"7";"2";"3";"1";"1";""
"202400039423";"155712298";"A01";"2";"7";"0";"2";"1";"1";"1";""
"202400039423";"155712300";"B01";"2";"7";"15";"2";"8";"1";"1";""
"202400039424";"155712295";"A01";"3";"7";"0";"2";"3";"16";"1";""
"202400039424";"155712296";"B01";"3";"30";"0";"2";"1";"2";"1";""
"202400039425";"155712292";"A01";"2";"7";"0";"2";"3";"16";"1";""
"202400039425";"155712294";"B01";"2";"2";"0";"2";"2";"1";"1";""
"202400039426";"155712291";"A01";"1";"7";"0";"2";"1";"17";"1";""
"202400039426";"155712293";"B01";"1";"7";"0";"2";"1";"1";"1";""
"202400039427";"155712288";"A01";"1";"33";"0";"0";"0";"1";"1";""
"202400039428";"155712289";"A01";"1";"7";"0";"9";"0";"0";"1";""
"202400039428";"155712290";"B01";"1";"1";"0";"2";"1";"1";"5";""
"202400039429";"155712286";"B01";"3";"10";"0";"2";"1";"1";"1";""
"202400039429";"155712287";"A01";"3";"7";"2";"2";"3";"9";"1";""
"202400039430";"155712283";"C01";"2";"33";"0";"2";"8";"17";"1";""
"202400039430";"155712284";"A01";"1";"7";"0";"2";"3";"1";"1";""
"202400039430";"155712285";"B01";"2";"10";"0";"2";"2";"21";"1";""
"202400039431";"155712282";"A01";"0";"33";"8";"0";"1";"13";"1";""
"202400039432";"155712279";"A01";"3";"7";"0";"2";"3";"15";"1";""
"202400039432";"155712281";"B01";"3";"33";"0";"2";"8";"1";"1";""
"202400039433";"155712278";"A01";"1";"7";"0";"2";"1";"1";"1";""
"202400039433";"155712280";"B01";"1";"10";"0";"2";"7";"1";"1";""
"202400039434";"155712276";"A01";"2";"7";"0";"2";"2";"15";"2";""
"202400039434";"155712277";"B01";"1";"80";"0";"2";"2";"1";"3";""
"202400039435";"155712275";"A01";"3";"7";"0";"1";"1";"1";"1";""
"202400039436";"155712271";"A01";"1";"7";"13";"0";"9";"26";"1";""
"202400039437";"155712270";"B01";"3";"30";"0";"2";"0";"0";"3";""
"202400039437";"155712272";"A01";"3";"30";"0";"2";"3";"1";"1";""
"202400039438";"155712269";"A01";"1";"33";"6";"0";"7";"15";"1";""
"202400039439";"155712265";"A01";"1";"1";"0";"2";"0";"21";"5";""
"202400039439";"155712268";"B01";"1";"33";"0";"2";"8";"1";"1";""
"202400039440";"155712266";"A01";"2";"10";"0";"1";"3";"2";"1";""
"202400039441";"155712263";"B01";"2";"7";"0";"0";"0";"0";"1";""
"202400039441";"155712264";"C01";"2";"31";"0";"2";"1";"2";"1";""
"202400039441";"155712267";"A01";"1";"7";"0";"2";"1";"1";"0";""
"202400039442";"155712261";"B01";"3";"7";"0";"2";"1";"1";"1";""
"202400039442";"155712262";"A01";"3";"7";"0";"2";"1";"13";"1";""
"202400039443";"155712260";"A01";"1";"7";"0";"1";"1";"1";"1";""
"202400039444";"155712258";"A01";"2";"7";"4";"0";"0";"0";"1";""
"202400039445";"155712256";"A01";"1";"7";"0";"2";"3";"13";"1";""
"202400039445";"155712259";"B01";"1";"7";"4";"2";"7";"1";"1";""
"202400039446";"155712255";"A01";"1";"43";"0";"2";"2";"17";"1";""
"202400039446";"155712257";"B01";"1";"7";"0";"2";"3";"15";"1";""
"202400039447";"155712253";"A01";"1";"7";"0";"2";"3";"11";"1";""
"202400039447";"155712254";"B01";"1";"33";"0";"2";"2";"1";"1";""
"202400039448";"155712251";"A01";"2";"7";"16";"2";"6";"0";"1";""
"202400039448";"155712252";"B01";"2";"7";"0";"2";"1";"21";"1";""
"202400039449";"155712249";"B01";"3";"34";"0";"2";"1";"21";"1";""
"202400039449";"155712250";"A01";"3";"7";"0";"2";"5";"15";"1";""
"202400039450";"155712247";"A01";"3";"7";"0";"2";"0";"9";"1";""
"202400039450";"155712248";"B01";"1";"34";"0";"2";"8";"0";"1";""
"202400039451";"155712246";"A01";"2";"10";"0";"0";"0";"13";"1";""
"202400039452";"155712245";"A01";"3";"7";"0";"1";"1";"1";"1";""
"202400039453";"155712241";"B01";"2";"43";"0";"2";"3";"26";"1";""
"202400039453";"155712244";"A01";"3";"34";"0";"2";"1";"9";"1";""
"202400039454";"155712242";"A01";"1";"7";"2";"0";"8";"16";"1";""
"202400039455";"155712243";"A01";"2";"10";"0";"0";"0";"13";"1";""
"202400039456";"155712236";"A01";"1";"7";"0";"2";"1";"0";"0";""
"202400039456";"155712238";"B01";"1";"7";"6";"0";"5";"2";"0";""
"202400039457";"155712239";"A01";"3";"7";"2";"0";"1";"13";"1";""
"202400039458";"155712235";"A01";"1";"1";"0";"0";"8";"1";"5";""
"202400039459";"155712232";"A01";"0";"7";"0";"2";"1";"13";"1";""
"202400039459";"155712234";"B01";"0";"7";"0";"2";"1";"1";"1";""
"202400039460";"155712233";"A01";"1";"7";"6";"0";"1";"0";"1";""
"202400039461";"155712229";"B01";"3";"50";"0";"2";"2";"5";"3";""
"202400039461";"155712231";"A01";"3";"7";"0";"2";"3";"26";"1";""
"202400039462";"155712226";"A01";"3";"7";"0";"2";"1";"1";"1";""
"202400039462";"155712227";"B01";"3";"10";"0";"2";"4";"23";"1";""
"202400039462";"155712230";"C01";"3";"7";"0";"2";"4";"23";"1";""
"202400039463";"155712225";"A01";"2";"7";"0";"2";"1";"17";"1";""
"202400039463";"155712228";"B01";"2";"7";"0";"2";"1";"2";"1";""
"202400039464";"155712222";"B01";"1";"10";"0";"2";"3";"15";"1";""
"202400039464";"155712223";"A01";"1";"32";"0";"2";"1";"17";"1";""
"202400039465";"155712221";"B01";"0";"7";"0";"2";"8";"9";"2";""
"202400039465";"155712224";"A01";"0";"33";"0";"2";"7";"9";"1";""
"202400039466";"155712218";"A01";"2";"10";"0";"9";"3";"9";"1";""
"202400039466";"155712220";"B01";"2";"1";"0";"2";"2";"19";"5";""
"202400039467";"155712217";"A01";"3";"2";"0";"2";"1";"2";"1";""
"202400039467";"155712219";"B01";"3";"7";"0";"2";"6";"16";"1";""
"202400039468";"155712216";"A01";"3";"7";"15";"0";"1";"0";"1";""
"202400039469";"155712215";"A01";"3";"7";"15";"0";"1";"1";"1";""
"202400039470";"155712210";"B01";"0";"7";"0";"2";"3";"1";"1";""
"202400039470";"155712214";"A01";"3";"31";"0";"2";"3";"1";"1";""
"202400039471";"155712209";"A01";"2";"7";"0";"1";"1";"1";"1";""
"202400039472";"155712208";"B01";"2";"7";"0";"2";"1";"1";"1";""
"202400039472";"155712211";"A01";"1";"21";"0";"2";"3";"19";"1";""
"202400039473";"155712205";"B01";"0";"34";"0";"2";"5";"2";"1";""
"202400039473";"155712207";"A01";"0";"7";"0";"2";"3";"9";"1";""
"202400039474";"155712204";"B01";"1";"1";"0";"2";"3";"1";"5";""
"202400039474";"155712206";"Z01";"1";"7";"0";"9";"2";"17";"0";""
"202400039475";"155712202";"A01";"3";"7";"0";"1";"3";"16";"1";""
"202400039476";"155712201";"A01";"2";"33";"0";"2";"2";"1";"1";""
"202400039476";"155712203";"C01";"1";"7";"0";"2";"8";"1";"1";""
"202400039476";"155712212";"B01";"1";"7";"0";"2";"6";"1";"2";""
"202400039476";"155712213";"D01";"1";"7";"0";"2";"3";"1";"3";""
"202400039477";"155712198";"A01";"3";"7";"13";"0";"2";"0";"1";""
"202400039478";"155712197";"A01";"1";"31";"0";"2";"3";"13";"1";""
"202400039478";"155712200";"B01";"1";"10";"0";"2";"2";"1";"1";""
"202400039479";"155712199";"A01";"2";"7";"3";"0";"9";"14";"2";""
"202400039480";"155712196";"A01";"2";"7";"8";"0";"9";"1";"1";""
"202400039481";"155712192";"A01";"0";"7";"15";"2";"2";"15";"1";""
"202400039481";"155712195";"B01";"0";"7";"0";"2";"1";"1";"1";""
"202400039482";"155712193";"A01";"2";"7";"3";"0";"3";"1";"1";""
"202400039483";"155712190";"Z01";"2";"7";"0";"2";"1";"1";"1";""
"202400039483";"155712194";"A01";"2";"7";"0";"2";"4";"1";"1";""
"202400039484";"155712191";"A01";"3";"7";"2";"0";"1";"2";"1";""
"202400039485";"155712186";"A01";"1";"7";"0";"9";"2";"16";"3";""
"202400039485";"155712187";"B01";"0";"1";"0";"2";"2";"19";"5";""
"202400039486";"155712185";"B01";"1";"7";"0";"2";"2";"1";"1";""
"202400039486";"155712189";"A01";"2";"7";"0";"2";"1";"1";"1";""
"202400039487";"155712183";"B01";"1";"7";"0";"2";"8";"1";"1";""
"202400039487";"155712188";"A01";"2";"2";"0";"2";"1";"19";"1";""
"202400039488";"155712181";"A01";"2";"37";"0";"2";"3";"1";"1";"1"
"202400039488";"155712182";"Z01";"2";"7";"0";"2";"2";"17";"0";""
"202400039489";"155712180";"A01";"1";"7";"0";"1";"7";"1";"1";""
"202400039490";"155712177";"A01";"1";"7";"0";"1";"3";"15";"1";""
"202400039491";"155712178";"A01";"2";"33";"0";"2";"1";"17";"1";""
"202400039491";"155712184";"B01";"1";"7";"0";"2";"3";"1";"1";""
"202400039492";"155712176";"A01";"3";"7";"0";"1";"1";"2";"1";""
"202400039493";"155712175";"A01";"2";"80";"0";"1";"1";"1";"3";""
"202400039494";"155712173";"A01";"2";"7";"6";"0";"1";"13";"1";""
"202400039495";"155712174";"A01";"2";"33";"2";"0";"2";"1";"1";""
"202400039496";"155712172";"B01";"1";"7";"0";"2";"1";"1";"1";""
"202400039496";"155712179";"A01";"2";"10";"0";"2";"2";"0";"1";""
"202400039497";"155712171";"A01";"3";"1";"0";"1";"1";"1";"5";""
"202400039498";"155712167";"B01";"2";"50";"9";"0";"1";"16";"3";""
"202400039498";"155712170";"A01";"1";"7";"9";"0";"5";"16";"1";""
"202400039499";"155712166";"A01";"1";"50";"0";"2";"0";"15";"3";""
"202400039499";"155712168";"B01";"1";"7";"0";"2";"1";"1";"1";""
"202400039500";"155712165";"B01";"1";"7";"0";"2";"3";"1";"1";""
"202400039500";"155712169";"A01";"2";"7";"0";"2";"6";"1";"1";""
"202400039501";"155712163";"A01";"3";"30";"0";"0";"7";"26";"1";""
"202400039502";"155712161";"A01";"3";"7";"6";"0";"2";"1";"1";""
"202400039503";"155712157";"A01";"1";"7";"0";"2";"1";"1";"1";""
"202400039503";"155712159";"B01";"1";"7";"0";"2";"4";"1";"1";""
"202400039504";"155712156";"A01";"1";"7";"13";"0";"1";"13";"1";""
"202400039505";"155712160";"A01";"1";"7";"0";"2";"4";"9";"1";""
"202400039505";"155712164";"B01";"1";"2";"0";"2";"1";"1";"1";""
"202400039506";"155712154";"A01";"1";"7";"0";"1";"1";"15";"2";""
"202400039507";"155712155";"A01";"2";"10";"0";"2";"1";"1";"3";""
"202400039507";"155712158";"B01";"2";"7";"0";"2";"4";"23";"1";""
"202400039507";"155712162";"C01";"2";"7";"0";"2";"1";"1";"2";""
"202400039508";"155712150";"A01";"1";"7";"0";"2";"7";"15";"1";""