"Num_Acc";"id_vehicule";"num_veh";"senc";"catv";"obs";"obsm";"choc";"manv";"motor";"occutc"
"202400039508";"155712153";"B01";"2";"34";"0";"2";"2";"1";"1";""
"202400039509";"155712149";"A01";"1";"1";"0";"2";"1";"9";"5";""
"202400039509";"155712151";"B01";"1";"7";"0";"2";"4";"23";"2";""
"202400039510";"155712146";"A01";"1";"7";"0";"1";"1";"1";"1";""
"202400039511";"155712147";"B01";"2";"7";"0";"2";"7";"15";"1";""
"202400039511";"155712152";"A01";"1";"7";"0";"2";"1";"1";"1";""
"202400039512";"155712145";"A01";"1";"7";"0";"1";"3";"15";"1";""
"202400039513";"155712148";"A01";"2";"7";"0";"0";"1";"1";"1";""
"202400039514";"155712144";"A01";"1";"31";"0";"1";"1";"17";"3";""
"202400039515";"155712139";"A01";"2";"7";"0";"2";"2";"26";"1";""
"202400039515";"155712142";"B01";"1";"7";"3";"2";"1";"1";"1";""
"202400039516";"155712136";"A01";"1";"7";"0";"2";"2";"16";"2";""
"202400039516";"155712140";"B01";"1";"50";"0";"2";"1";"1";"3";""
"202400039517";"155712135";"A01";"2";"14";"0";"2";"1";"1";"1";""
"202400039517";"155712137";"B01";"1";"33";"0";"2";"7";"15";"1";""
"202400039518";"155712132";"A01";"1";"32";"12";"0";"2";"1";"1";""
"202400039519";"155712134";"A01";"1";"7";"8";"2";"1";"2";"1";""
"202400039519";"155712138";"B01";"1";"33";"0";"2";"8";"15";"1";""
"202400039520";"155712131";"A01";"2";"7";"2";"0";"7";"14";"1";""
"202400039521";"155712130";"A01";"1";"10";"0";"1";"3";"15";"1";""
"202400039522";"155712128";"A01";"1";"7";"0";"2";"7";"1";"2";""
"202400039522";"155712133";"B01";"1";"7";"0";"2";"1";"1";"1";""
"202400039523";"155712126";"A01";"2";"31";"0";"1";"3";"1";"1";""
"202400039524";"155712124";"A01";"1";"7";"0";"2";"4";"19";"1";""
"202400039524";"155712129";"B01";"1";"33";"0";"2";"1";"1";"1";""
"202400039525";"155712123";"A01";"1";"7";"0";"2";"5";"2";"1";""
"202400039525";"155712125";"Z01";"1";"7";"0";"2";"1";"1";"1";""
"202400039525";"155712127";"C01";"1";"33";"0";"2";"2";"2";"1";""
"202400039526";"155712122";"A01";"1";"7";"0";"1";"3";"15";"1";""
"202400039527";"155712120";"A01";"2";"7";"0";"2";"1";"2";"1";""
"202400039527";"155712121";"B01";"2";"7";"0";"9";"4";"2";"1";""
"202400039528";"155712119";"A01";"2";"33";"12";"9";"1";"6";"1";""
"202400039529";"155712118";"A01";"2";"30";"12";"0";"1";"2";"1";""
"202400039530";"155712115";"A01";"2";"10";"0";"2";"2";"15";"1";""
"202400039530";"155712117";"B01";"1";"31";"0";"2";"8";"1";"1";""
"202400039531";"155712112";"A01";"1";"7";"0";"2";"1";"26";"1";""
"202400039531";"155712113";"B01";"1";"7";"0";"2";"4";"2";"2";""
"202400039532";"155712106";"A01";"2";"7";"8";"0";"2";"14";"1";""
"202400039533";"155712107";"A01";"2";"7";"0";"2";"4";"2";"1";""
"202400039533";"155712110";"B01";"2";"7";"0";"2";"4";"2";"1";""
"202400039533";"155712114";"D01";"2";"7";"0";"2";"1";"2";"1";""
"202400039533";"155712116";"C01";"2";"7";"0";"2";"4";"2";"1";""
"202400039534";"155712104";"A01";"1";"7";"0";"2";"3";"11";"1";""
"202400039534";"155712108";"B01";"2";"33";"0";"2";"9";"17";"1";""
"202400039534";"155712111";"C01";"2";"7";"0";"2";"6";"17";"1";""
"202400039535";"155712101";"A01";"2";"7";"12";"0";"9";"2";"1";""
"202400039536";"155712100";"A01";"1";"7";"0";"2";"6";"1";"2";""
"202400039536";"155712102";"B01";"1";"7";"0";"2";"1";"1";"1";""
"202400039537";"155712098";"B01";"1";"7";"0";"2";"0";"0";"1";""
"202400039537";"155712103";"A01";"1";"7";"0";"2";"1";"1";"2";""
"202400039538";"155712096";"A01";"1";"7";"0";"2";"1";"0";"1";""
"202400039538";"155712097";"B01";"2";"7";"0";"2";"1";"0";"2";""
"202400039539";"155712099";"A01";"1";"33";"6";"0";"1";"26";"1";""
"202400039540";"155712094";"A01";"1";"7";"0";"1";"2";"0";"1";""
"202400039541";"155712093";"A01";"1";"37";"0";"0";"5";"17";"1";"1"
"202400039541";"155712095";"B01";"1";"1";"0";"2";"8";"13";"5";""
"202400039542";"155712091";"A01";"1";"33";"0";"6";"0";"1";"1";""
"202400039543";"155712087";"A01";"3";"31";"0";"0";"7";"1";"1";""
"202400039544";"155712086";"A01";"1";"7";"0";"2";"1";"1";"1";""
"202400039544";"155712089";"B01";"3";"7";"0";"2";"3";"19";"1";""
"202400039545";"155712081";"A01";"1";"33";"0";"2";"7";"15";"1";""
"202400039545";"155712085";"B01";"2";"7";"0";"2";"2";"1";"1";""
"202400039546";"155712078";"B01";"1";"3";"15";"0";"4";"2";"1";""
"202400039546";"155712084";"A01";"1";"14";"0";"2";"2";"2";"1";""
"202400039547";"155712080";"A01";"1";"14";"0";"2";"2";"1";"1";""
"202400039547";"155712082";"B01";"1";"1";"0";"2";"8";"2";"5";""
"202400039548";"155712074";"A01";"1";"2";"0";"0";"0";"17";"1";""
"202400039549";"155712075";"A01";"2";"50";"14";"0";"1";"1";"3";""
"202400039550";"155712072";"D01";"2";"10";"0";"2";"4";"2";"1";""
"202400039550";"155712076";"E01";"2";"10";"0";"2";"1";"2";"1";""
"202400039550";"155712077";"A01";"2";"10";"0";"2";"8";"1";"1";""
"202400039550";"155712079";"B01";"2";"7";"0";"2";"4";"2";"1";""
"202400039550";"155712083";"C01";"2";"7";"0";"2";"4";"0";"1";""
"202400039551";"155712068";"A01";"0";"7";"0";"2";"1";"1";"1";""
"202400039551";"155712070";"B01";"1";"30";"0";"2";"7";"15";"1";""
"202400039552";"155712066";"A01";"1";"33";"4";"0";"1";"1";"1";""
"202400039553";"155712067";"A01";"3";"33";"0";"2";"1";"2";"1";""
"202400039553";"155712069";"B01";"0";"33";"0";"0";"4";"1";"1";""
"202400039554";"155712062";"B01";"1";"7";"0";"2";"1";"1";"1";""
"202400039554";"155712064";"A01";"2";"34";"0";"2";"1";"17";"1";""
"202400039555";"155712063";"A01";"3";"10";"0";"2";"1";"1";"1";""
"202400039555";"155712065";"B01";"3";"10";"0";"0";"7";"1";"1";""
"202400039556";"155712060";"SA01";"3";"10";"0";"1";"6";"4";"1";""
"202400039557";"155712061";"A01";"1";"7";"16";"0";"0";"14";"1";""
"202400039558";"155712057";"B01";"1";"2";"0";"0";"0";"17";"1";""
"202400039559";"155712056";"A01";"1";"7";"0";"2";"7";"15";"1";""
"202400039559";"155712059";"B01";"2";"7";"0";"2";"1";"1";"1";""
"202400039560";"155712054";"A01";"1";"2";"1";"2";"2";"18";"1";""
"202400039560";"155712058";"B01";"1";"10";"0";"2";"3";"24";"3";""
"202400039561";"155712053";"A01";"2";"10";"0";"2";"1";"1";"1";""
"202400039561";"155712055";"B01";"2";"15";"0";"2";"6";"23";"1";""
"202400039562";"155712050";"A01";"0";"2";"0";"1";"7";"23";"1";""
"202400039563";"155712047";"A01";"1";"33";"0";"2";"1";"1";"1";""
"202400039563";"155712052";"B01";"1";"10";"0";"2";"8";"11";"1";""
"202400039564";"155712046";"A01";"2";"14";"0";"2";"1";"2";"1";""
"202400039564";"155712048";"B01";"2";"7";"0";"2";"4";"2";"1";""
"202400039564";"155712051";"C01";"2";"15";"0";"2";"4";"2";"1";""
"202400039565";"155712042";"A01";"2";"33";"0";"2";"1";"26";"1";""
"202400039565";"155712045";"B01";"2";"7";"0";"0";"2";"14";"1";""
"202400039565";"155712049";"C01";"2";"7";"0";"0";"6";"1";"1";""
"202400039566";"155712043";"B01";"2";"7";"0";"2";"1";"1";"1";""
"202400039566";"155712044";"A01";"2";"31";"0";"2";"4";"1";"1";""
"202400039567";"155712041";"A01";"0";"1";"0";"0";"0";"1";"5";""
"202400039568";"155712039";"A01";"1";"7";"13";"0";"3";"1";"1";""
"202400039569";"155712037";"A01";"2";"10";"0";"1";"5";"20";"1";""
"202400039570";"155712038";"A01";"1";"7";"0";"2";"8";"9";"1";""
"202400039570";"155712040";"B01";"1";"13";"0";"2";"7";"1";"1";""
"202400039571";"155712034";"A01";"1";"33";"0";"0";"0";"0";"1";""
"202400039572";"155712033";"B01";"1";"80";"0";"1";"1";"1";"3";""
"202400039573";"155712030";"A01";"1";"33";"0";"0";"4";"1";"1";""
"202400039574";"155712028";"A01";"0";"1";"0";"1";"1";"0";"5";""
"202400039575";"155712029";"A01";"1";"33";"0";"2";"1";"3";"1";""
"202400039575";"155712032";"B01";"1";"7";"0";"2";"5";"1";"1";""
"202400039576";"155712027";"A01";"1";"10";"0";"0";"3";"15";"1";""
"202400039576";"155712031";"B01";"2";"7";"0";"2";"1";"1";"1";""
"202400039577";"155712024";"A01";"3";"7";"0";"2";"1";"1";"0";""
"202400039577";"155712026";"B01";"3";"7";"0";"2";"1";"13";"1";""
"202400039578";"155712023";"A01";"2";"33";"0";"0";"0";"21";"1";""
"202400039579";"155712022";"A01";"1";"13";"1";"1";"1";"2";"3";""
"202400039580";"155712021";"A01";"1";"7";"0";"2";"1";"1";"1";""
"202400039580";"155712025";"B01";"3";"7";"0";"2";"8";"23";"1";""
"202400039581";"155712016";"B01";"0";"31";"0";"2";"7";"1";"1";""
"202400039581";"155712018";"A01";"1";"7";"0";"2";"8";"11";"2";""
"202400039582";"155712015";"A01";"1";"7";"0";"0";"6";"15";"1";""
"202400039582";"155712019";"B01";"2";"2";"0";"2";"1";"17";"1";""
"202400039583";"155712014";"A01";"1";"7";"1";"1";"8";"19";"2";""
"202400039584";"155712017";"A01";"2";"7";"0";"2";"3";"1";"1";""
"202400039584";"155712020";"B01";"1";"7";"0";"2";"3";"11";"1";""
"202400039585";"155712012";"B01";"2";"21";"0";"2";"3";"15";"1";""
"202400039585";"155712013";"A01";"2";"7";"0";"2";"2";"17";"1";""
"202400039586";"155712011";"A01";"2";"7";"15";"0";"2";"1";"1";""
"202400039587";"155712008";"A01";"2";"33";"2";"0";"0";"0";"1";""
"202400039588";"155712007";"A01";"0";"7";"0";"2";"1";"1";"1";""
"202400039588";"155712009";"B01";"0";"33";"0";"2";"4";"26";"1";""
"202400039589";"155712006";"B01";"2";"17";"0";"2";"2";"1";"1";""
"202400039589";"155712010";"A01";"2";"10";"0";"2";"6";"11";"1";""
"202400039590";"155712004";"A01";"1";"7";"6";"0";"8";"1";"1";""
"202400039591";"155712001";"A01";"2";"50";"0";"1";"0";"25";"3";""
"202400039592";"155711999";"A01";"2";"33";"0";"0";"8";"1";"1";""
"202400039592";"155712005";"B01";"2";"7";"0";"2";"1";"1";"0";""
"202400039593";"155711998";"B01";"1";"33";"0";"2";"1";"1";"1";""
"202400039593";"155712003";"A01";"3";"7";"0";"2";"2";"19";"1";""
"202400039594";"155711995";"B01";"2";"7";"0";"0";"4";"9";"1";""
"202400039594";"155711996";"A01";"1";"33";"0";"2";"1";"1";"1";""
"202400039595";"155711992";"C01";"1";"7";"0";"2";"9";"2";"1";""
"202400039595";"155711994";"A01";"1";"7";"0";"2";"1";"2";"1";""
"202400039595";"155711997";"B01";"1";"7";"0";"2";"9";"2";"1";""
"202400039595";"155712000";"D01";"1";"7";"0";"2";"4";"2";"1";""
"202400039595";"155712002";"E01";"1";"7";"0";"2";"9";"2";"1";""
"202400039596";"155711990";"A01";"3";"7";"4";"2";"2";"2";"1";""
"202400039596";"155711993";"B01";"3";"7";"0";"2";"6";"1";"1";""
"202400039597";"155711989";"A01";"1";"31";"0";"0";"7";"1";"1";""
"202400039598";"155711988";"A01";"1";"7";"1";"0";"1";"1";"1";""
"202400039599";"155711987";"A01";"1";"7";"0";"2";"2";"15";"1";""
"202400039599";"155711991";"B01";"1";"7";"0";"2";"3";"1";"1";""
"202400039600";"155711985";"A01";"1";"7";"0";"1";"3";"1";"1";""
"202400039601";"155711984";"A01";"0";"33";"13";"0";"1";"0";"1";""
"202400039602";"155711983";"A01";"2";"7";"0";"2";"2";"17";"1";""
"202400039602";"155711986";"B01";"2";"7";"14";"2";"6";"1";"1";""
"202400039603";"155711980";"A01";"1";"33";"0";"2";"1";"3";"1";""
"202400039603";"155711982";"B01";"1";"7";"0";"2";"7";"12";"1";""
"202400039604";"155711977";"A01";"2";"7";"13";"0";"1";"13";"1";""
"202400039605";"155711978";"A01";"1";"7";"0";"2";"1";"1";"1";""
"202400039605";"155711981";"B01";"1";"7";"0";"2";"4";"1";"1";""
"202400039606";"155711975";"A01";"1";"7";"0";"0";"4";"1";"1";""
"202400039606";"155711979";"B01";"1";"7";"0";"2";"1";"2";"1";""
"202400039607";"155711972";"A01";"1";"7";"6";"0";"2";"14";"1";""
"202400039608";"155711970";"Z01";"1";"7";"0";"2";"0";"12";"0";""
"202400039608";"155711974";"A01";"1";"34";"0";"2";"8";"18";"1";""
"202400039609";"155711973";"A01";"1";"7";"0";"2";"1";"19";"1";""
"202400039609";"155711976";"B01";"2";"15";"0";"0";"6";"1";"1";""
"202400039610";"155711969";"A01";"2";"7";"0";"1";"3";"1";"1";""
"202400039611";"155711968";"A01";"1";"10";"0";"2";"3";"15";"1";""
"202400039611";"155711971";"B01";" -1";"1";"0";"2";"7";"19";"5";""
"202400039612";"155711966";"A01";"2";"31";"0";"0";"7";"1";"1";""
"202400039613";"155711965";"A01";"2";"34";"0";"2";"1";"1";"1";""
"202400039613";"155711967";"B01";"1";"7";"0";"2";"3";"1";"1";""
"202400039614";"155711962";"A01";"1";"7";"0";"1";"1";"26";"1";""
"202400039615";"155711961";"A01";"2";"33";"0";"0";"4";"1";"1";""
"202400039615";"155711963";"B01";"2";"7";"0";"0";"0";"1";"1";""
"202400039616";"155711960";"A01";"1";"7";"0";"0";"1";"1";"1";""
"202400039617";"155711959";"A01";"2";"30";"0";"2";"1";"2";"1";""
"202400039617";"155711964";"B01";"2";"7";"0";"0";"4";"2";"1";""
"202400039618";"155711958";"A01";"1";"7";"6";"0";"1";"14";"1";""
"202400039619";"155711957";"A01";"1";"7";"0";"1";"2";"1";"1";""
"202400039620";"155711955";"A01";"2";"7";"0";"2";"8";"9";"1";""
"202400039620";"155711956";"B01";"1";"1";"0";"2";"7";"1";"5";""
"202400039621";"155711953";"A01";"1";"7";"0";"2";"1";"1";"1";""
"202400039621";"155711954";"B01";"2";"2";"0";"2";"4";"9";"1";""
"202400039622";"155711951";"A01";"1";"7";"0";"1";"1";"1";"1";""
"202400039623";"155711950";"A01";"1";"7";"5";"0";"1";"1";"1";""
"202400039624";"155711949";"B01";"0";"1";"0";"2";"1";"19";"5";""
"202400039624";"155711952";"A01";"0";"7";"0";"2";"3";"2";"1";""
"202400039625";"155711948";"A01";"2";"7";"8";"0";"1";"14";"1";""
"202400039626";"155711947";"A01";"2";"7";"12";"0";"1";"1";"1";""
"202400039627";"155711943";"B01";"2";"21";"0";"2";"3";"9";"1";""
"202400039627";"155711946";"A01";"2";"33";"0";"2";"1";"1";"1";""
"202400039628";"155711942";"A01";"2";"7";"0";"2";"1";"1";"1";""
"202400039628";"155711945";"B01";"1";"1";"0";"2";"7";"15";"5";""
"202400039629";"155711941";"A01";"2";"7";"0";"2";"1";"15";"1";""
"202400039629";"155711944";"B01";"1";"7";"0";"2";"7";"1";"1";""
"202400039630";"155711936";"A01";"1";"33";"0";"0";"2";"6";"1";""
"202400039631";"155711937";"B01";"2";"7";"0";"2";"3";"1";"1";""
"202400039631";"155711939";"A01";"1";"7";"0";"2";"1";"13";"1";""
"202400039632";"155711938";"A01";"1";"10";"0";"2";"2";"15";"1";""
"202400039632";"155711940";"B01";"2";"33";"0";"2";"1";"1";"1";""
"202400039633";"155711933";"A01";"1";"7";"0";"2";"1";"1";"1";""
"202400039633";"155711935";"B01";"2";"50";"0";"2";"8";"1";"3";""
"202400039634";"155711932";"A01";"1";"7";"8";"0";"7";"1";"1";""
"202400039635";"155711931";"A01";"3";"50";"0";"2";"1";"1";"3";""
"202400039635";"155711934";"B01";"3";"7";"0";"0";"8";"1";"1";""
"202400039636";"155711929";"A01";"2";"7";"0";"1";"1";"1";"1";""
"202400039637";"155711924";"A01";"3";"7";"9";"2";"0";"15";"1";""
"202400039637";"155711926";"B01";"2";"60";"0";"2";"0";"0";"5";""
"202400039638";"155711925";"B01";"1";"7";"13";"2";"1";"1";"1";""
"202400039638";"155711930";"A01";"2";"10";"0";"2";"3";"15";"1";""
"202400039639";"155711923";"B01";"2";"7";"0";"9";"1";"1";"1";""
"202400039639";"155711928";"A01";"1";"1";"0";"2";"8";"19";"5";""
"202400039640";"155711921";"A01";"3";"3";"2";"2";"3";"15";"1";""
"202400039640";"155711927";"B01";"1";"7";"6";"2";"1";"1";"1";""
"202400039641";"155711917";"A01";"3";"10";"0";"2";"5";"16";"1";""
"202400039641";"155711920";"B01";"3";"60";"0";"2";"8";"2";"5";""
"202400039642";"155711919";"A01";"2";"7";"0";"2";"3";"5";"1";""
"202400039642";"155711922";"B01";"1";"33";"0";"2";"3";"1";"1";""
"202400039643";"155711916";"A01";"2";"33";"13";"0";"1";"1";"1";""
"202400039644";"155711915";"A01";"2";"7";"0";"2";"7";"1";"0";""
"202400039644";"155711918";"B01";"2";"50";"0";"0";"6";"2";"3";""
"202400039645";"155711913";"A01";"1";"7";"0";"2";"3";"16";"1";""
"202400039645";"155711914";"B01";"1";"2";"0";"2";"3";"16";"1";""
"202400039646";"155711911";"A01";"1";"7";"2";"0";"1";"1";"1";""
"202400039647";"155711908";"B01";"2";"33";"0";"2";"0";"0";"1";""
"202400039647";"155711912";"A01";"2";"7";"0";"2";"3";"9";"1";""
"202400039648";"155711909";"A01";"1";"33";"16";"0";"0";"1";"1";""
"202400039649";"155711903";"Z01";"3";"1";"0";"1";"1";"5";"0";""
"202400039650";"155711904";"A01";"2";"33";"13";"0";"3";"1";"1";""
"202400039651";"155711902";"B01";"1";"7";"0";"4";"1";"10";"0";""
"202400039651";"155711905";"A01";"1";"40";"0";"2";"5";"26";"3";""
"202400039652";"155711900";"A01";"1";"7";"0";"9";"1";"1";"1";""
"202400039652";"155711906";"B01";"1";"7";"0";"2";"1";"2";"1";""
"202400039652";"155711910";"C01";"1";"38";"0";"2";"1";"2";"1";"1"
"202400039653";"155711898";"A01";"3";"1";"0";"2";"8";"19";"5";""
"202400039653";"155711901";"B01";"3";"7";"0";"9";"2";"1";"1";""
"202400039654";"155711897";"A01";"2";"7";"0";"0";"2";"0";"1";""
"202400039655";"155711895";"A01";"0";"2";"17";"2";"2";"15";"1";""
"202400039655";"155711899";"B01";"0";"7";"0";"2";"2";"16";"1";""
"202400039656";"155711896";"A01";"2";"33";"12";"0";"1";"16";"1";""
"202400039657";"155711893";"A01";"1";"32";"0";"2";"2";"0";"1";""
"202400039657";"155711894";"B01";"2";"7";"0";"2";"2";"0";"1";""
"202400039658";"155711889";"A01";"3";"21";"0";"1";"2";"1";"0";""
"202400039659";"155711888";"B01";"1";"7";"0";"2";"6";"2";"1";""
"202400039659";"155711890";"A01";"1";"7";"0";"2";"2";"2";"0";""
"202400039660";"155711891";"A01";"3";"7";"15";"0";"2";"0";"1";""
"202400039661";"155711887";"A01";"1";"2";"0";"2";"7";"1";"1";""
"202400039661";"155711892";"B01";"1";"7";"0";"2";"3";"1";"1";""
"202400039662";"155711882";"A01";"2";"7";"0";"1";"2";"9";"3";""
"202400039663";"155711883";"A01";"1";"31";"2";"9";"1";"2";"1";""
"202400039664";"155711884";"B01";"2";"2";"0";"2";"1";"1";"1";""
"202400039664";"155711886";"A01";"1";"7";"0";"2";"3";"15";"1";""
"202400039665";"155711880";"A01";"2";"7";"0";"2";"2";"12";"1";""
"202400039665";"155711885";"B01";"2";"32";"0";"2";"3";"1";"1";""
"202400039666";"155711879";"A01";"2";"33";"0";"2";"1";"13";"1";""
"202400039666";"155711881";"B01";"1";"7";"0";"2";"1";"1";"1";""
"202400039667";"155711875";"A01";"1";"7";"6";"2";"2";"1";"1";""
"202400039667";"155711878";"B01";"2";"21";"9";"2";"2";"5";"1";""
"202400039668";"155711876";"A01";"2";"7";"2";"0";"1";"1";"1";""
"202400039669";"155711873";"B01";"2";"7";"0";"2";"2";"17";"1";""
"202400039669";"155711877";"A01";"2";"33";"0";"2";"1";"17";"1";""
"202400039670";"155711872";"A01";"2";"1";"7";"0";"1";"0";"5";""
"202400039671";"155711871";"B01";"1";"33";"0";"2";"1";"1";"1";""
"202400039671";"155711874";"A01";"2";"10";"0";"2";"3";"10";"1";""
"202400039672";"155711869";"A01";"1";"7";"2";"0";"1";"1";"1";""
"202400039673";"155711864";"C01";"2";"30";"0";"0";"0";"1";"1";""
"202400039673";"155711868";"B01";"2";"2";"0";"0";"0";"1";"1";""
"202400039673";"155711870";"A01";"2";"31";"0";"0";"5";"17";"1";""
"202400039674";"155711863";"A01";"3";"7";"0";"2";"1";"19";"1";""
"202400039674";"155711867";"B01";"3";"10";"0";"2";"8";"16";"1";""
"202400039675";"155711862";"A01";"3";"2";"0";"2";"1";"13";"1";""
"202400039675";"155711866";"B01";"3";"7";"0";"2";"3";"1";"1";""
"202400039676";"155711861";"B01";"3";"33";"0";"2";"1";"16";"1";""
"202400039676";"155711865";"A01";"1";"7";"0";"2";"3";"15";"1";""
"202400039677";"155711859";"A01";"2";"7";"0";"2";"2";"17";"1";""
"202400039677";"155711860";"B01";"2";"21";"0";"0";"4";"13";"1";""
"202400039678";"155711858";"A01";"1";"31";"0";"0";"0";"14";"1";""
"202400039679";"155711854";"A01";"3";"2";"0";"0";"0";"1";"1";""
"202400039680";"155711855";"B01";"2";"33";"0";"2";"1";"17";"1";""
"202400039680";"155711857";"A01";"2";"7";"0";"2";"3";"15";"1";""
"202400039681";"155711852";"A01";"1";"7";"13";"2";"1";"3";"0";""
"202400039681";"155711856";"B01";"1";"15";"0";"0";"4";"2";"0";""
"202400039682";"155711847";"A01";"3";"7";"0";"0";"0";"21";"1";""
"202400039682";"155711851";"B01";"3";"33";"17";"0";"1";"21";"1";""
"202400039683";"155711849";"B01";"1";"7";"0";"2";"2";"19";"1";""
"202400039683";"155711853";"A01";"0";"2";"0";"2";"1";"0";"1";""
"202400039684";"155711846";"A01";"2";"7";"0";"0";"3";"19";"1";""
"202400039684";"155711850";"B01";"1";"33";"0";"2";"1";"17";"1";""
"202400039685";"155711844";"A01";"1";"7";"2";"0";"1";"1";"1";""
"202400039686";"155711843";"A01";"1";"7";"2";"0";"3";"1";"1";""
"202400039687";"155711841";"B01";"3";"31";"0";"2";"5";"0";"1";""
"202400039687";"155711845";"A01";"3";"7";"3";"2";"5";"1";"1";""
"202400039688";"155711839";"B01";"2";"33";"0";"2";"8";"1";"1";""
"202400039688";"155711842";"A01";"3";"7";"0";"2";"1";"9";"1";""
"202400039689";"155711840";"A01";"1";"7";"0";"1";"3";"1";"1";""
"202400039690";"155711833";"B01";"1";"7";"0";"2";"2";"17";"1";""
"202400039690";"155711835";"A01";"1";"1";"0";"2";"8";"15";"5";""
"202400039691";"155711830";"A01";"2";"31";"0";"0";"0";"1";"1";""
"202400039692";"155711829";"B01";"1";"1";"0";"2";"7";"1";"5";""
"202400039692";"155711832";"D01";"1";"1";"0";"2";"7";"1";"5";""
"202400039692";"155711836";"A01";"2";"7";"0";"9";"1";"1";"1";""
"202400039692";"155711838";"C01";"1";"1";"0";"2";"7";"1";"5";""
"202400039693";"155711827";"A01";"3";"7";"0";"2";"1";"2";"1";""
"202400039693";"155711828";"B01";"3";"7";"0";"2";"4";"2";"1";""
"202400039693";"155711831";"C01";"3";"7";"0";"2";"4";"2";"1";""
"202400039694";"155711822";"B01";"2";"7";"0";"0";"0";"13";"1";""
"202400039694";"155711824";"A01";"1";"33";"0";"0";"3";"1";"1";""
"202400039695";"155711820";"A01";"1";"7";"0";"2";"3";"15";"1";""
"202400039695";"155711821";"B01";"2";"31";"0";"2";"1";"1";"1";""
"202400039696";"155711825";"A01";"3";"7";"0";"0";"0";"1";"1";""
"202400039697";"155711823";"A01";"2";"10";"0";"2";"8";"10";"1";""
"202400039697";"155711826";"B01";"2";"33";"0";"2";"2";"1";"1";""
"202400039698";"155711819";"A01";"1";"7";"2";"0";"2";"0";"1";""
"202400039699";"155711818";"A01";"1";"7";"2";"0";"1";"1";"1";""
"202400039700";"155711816";"A01";"3";"7";"0";"1";"1";"1";"1";""
"202400039701";"155711814";"B01";"1";"2";"0";"2";"1";"1";"1";""
"202400039701";"155711817";"A01";"3";"7";"0";"2";"3";"9";"1";""
"202400039702";"155711811";"B01";"1";"1";"0";"2";"1";"1";"5";""
"202400039702";"155711815";"A01";"1";"10";"0";"2";"2";"15";"1";""
"202400039703";"155711808";"A01";"1";"7";"0";"2";"1";"13";"1";""
"202400039703";"155711812";"B01";"2";"10";"0";"2";"3";"26";"1";""
"202400039704";"155711809";"A01";"3";"1";"0";"2";"7";"1";"5";""
"202400039704";"155711813";"B01";"1";"7";"0";"9";"1";"1";"1";""
"202400039705";"155711806";"A01";"2";"7";"0";"2";"1";"1";"1";""
"202400039705";"155711810";"B01";"3";"1";"0";"2";"0";"0";"5";""
"202400039706";"155711805";"A01";"2";"43";"3";"0";"3";"13";"1";""
"202400039707";"155711804";"A01";"2";"33";"0";"0";"8";"1";"1";""
"202400039708";"155711803";"A01";"0";"7";"0";"2";"5";"9";"1";""
"202400039708";"155711807";"B01";"2";"7";"0";"2";"1";"1";"1";""
"202400039709";"155711797";"B01";"2";"2";"0";"2";"2";"1";"0";""
"202400039709";"155711799";"A01";"2";"7";"0";"2";"3";"9";"1";""
"202400039710";"155711796";"B01";"1";"1";"0";"2";"5";"18";"5";""
"202400039710";"155711798";"A01";"1";"7";"0";"2";"5";"22";"1";""
"202400039711";"155711795";"A01";"2";"33";"0";"2";"8";"13";"1";""
"202400039711";"155711801";"B01";"1";"33";"0";"2";"8";"1";"1";""
"202400039712";"155711792";"A01";"3";"60";"0";"2";"1";"2";"5";""
"202400039712";"155711793";"B01";"3";"7";"0";"0";"5";"2";"1";""
"202400039713";"155711790";"A01";"1";"7";"15";"1";"2";"1";"1";""
"202400039714";"155711791";"A01";"1";"7";"0";"2";"3";"11";"1";""
"202400039714";"155711794";"B01";"2";"7";"0";"2";"3";"13";"1";""
"202400039715";"155711785";"B01";"3";"50";"0";"2";"1";"17";"3";""
"202400039715";"155711788";"A01";"3";"7";"0";"2";"3";"15";"1";""
"202400039716";"155711787";"B01";"3";"7";"0";"2";"2";"15";"1";""
"202400039716";"155711789";"A01";"3";"2";"0";"2";"1";"16";"1";""
"202400039717";"155711786";"A01";"2";"7";"0";"1";"2";"1";"1";""
"202400039718";"155711783";"A01";"2";"7";"0";"2";"6";"11";"1";""
"202400039718";"155711784";"B01";"2";"33";"0";"2";"1";"0";"1";""
"202400039719";"155711782";"A01";"1";"7";"6";"0";"2";"2";"1";""
"202400039720";"155711781";"A01";"0";"7";"0";"0";"0";"1";"1";""
"202400039721";"155711778";"A01";"1";"7";"8";"0";"3";"0";"1";""
"202400039722";"155711779";"A01";"1";"7";"0";"2";"3";"15";"1";""
"202400039722";"155711780";"B01";"1";"33";"0";"2";"1";"17";"1";""
"202400039723";"155711776";"A01";"1";"33";"0";"2";"1";"9";"1";""
"202400039723";"155711777";"B01";"1";"7";"0";"2";"4";"1";"1";""
"202400039724";"155711774";"B01";"2";"50";"0";"0";"4";"2";"3";""
"202400039724";"155711775";"A01";"2";"7";"0";"9";"1";"2";"1";""
"202400039725";"155711769";"A01";"2";"34";"4";"0";"7";"14";"1";""
"202400039726";"155711768";"C01";"1";"7";"0";"2";"1";"1";"1";""
"202400039726";"155711770";"A01";"1";"7";"0";"2";"2";"17";"1";""
"202400039726";"155711772";"B01";"1";"7";"3";"0";"9";"1";"1";""