"Num_Acc";"id_vehicule";"num_veh";"senc";"catv";"obs";"obsm";"choc";"manv";"motor";"occutc"
"202400039726";"155711773";"D01";"1";"10";"0";"2";"1";"1";"1";""
"202400039727";"155711766";"A01";"2";"7";"0";"2";"3";"1";"1";""
"202400039727";"155711771";"B01";"1";"2";"0";"2";"1";"9";"1";""
"202400039728";"155711760";"A01";"2";"7";"0";"2";"7";"17";"1";""
"202400039728";"155711763";"B01";"2";"15";"0";"2";"6";"1";"1";""
"202400039729";"155711761";"A01";"3";"7";"0";"0";"3";"9";"1";""
"202400039729";"155711765";"B01";"3";"1";"0";"0";"8";"9";"5";""
"202400039729";"155711767";"C01";"3";"1";"0";"0";"1";"9";"5";""
"202400039730";"155711759";"B01";"2";"14";"0";"2";"8";"1";"0";""
"202400039730";"155711762";"A01";"1";"7";"0";"0";"6";"14";"1";""
"202400039730";"155711764";"C01";"1";"31";"0";"2";"1";"13";"1";""
"202400039731";"155711758";"A01";"2";"7";"0";"1";"1";"1";"1";""
"202400039732";"155711756";"A01";"1";"7";"0";"2";"1";"1";"1";""
"202400039732";"155711757";"B01";"1";"17";"0";"2";"4";"2";"1";""
"202400039733";"155711755";"A01";"1";"7";"0";"1";"1";"1";"1";""
"202400039734";"155711753";"A01";"2";"2";"0";"0";"0";"0";"1";""
"202400039735";"155711752";"A01";"1";"33";"0";"2";"1";"1";"1";""
"202400039735";"155711754";"B01";"2";"10";"0";"2";"7";"9";"1";""
"202400039736";"155711751";"A01";"3";"10";"0";"1";"4";"20";"1";""
"202400039737";"155711749";"A01";"1";"7";"8";"0";"1";"13";"1";""
"202400039738";"155711750";"A01";"1";"33";"0";"0";"0";"1";"1";""
"202400039739";"155711747";"A01";"1";"7";"2";"0";"1";"14";"1";""
"202400039740";"155711746";"B01";"2";"32";"0";"2";"1";"1";"1";""
"202400039740";"155711748";"A01";"1";"7";"0";"2";"2";"15";"1";""
"202400039741";"155711744";"A01";"3";"10";"0";"1";"2";"19";"1";""
"202400039742";"155711743";"A01";"0";"7";"0";"2";"1";"1";"1";""
"202400039742";"155711745";"B01";"3";"36";"0";"2";"3";"0";"1";""
"202400039743";"155711739";"A01";"1";"7";"3";"0";"1";"1";"1";""
"202400039744";"155711740";"A01";"3";"33";"0";"1";"2";"25";"1";""
"202400039745";"155711734";"A01";"3";"7";"0";"2";"0";"2";"1";""
"202400039745";"155711735";"B01";"3";"31";"0";"2";"0";"2";"1";""
"202400039746";"155711732";"A01";"2";"7";"0";"0";"9";"1";"2";""
"202400039747";"155711733";"A01";"1";"33";"0";"2";"3";"13";"1";""
"202400039747";"155711736";"B01";"2";"15";"0";"2";"3";"14";"1";""
"202400039748";"155711729";"B01";"3";"99";"0";"2";"2";"1";"1";""
"202400039748";"155711731";"A01";"3";"1";"0";"2";"1";"13";"5";""
"202400039749";"155711730";"A01";"1";"3";"12";"0";"7";"15";"3";""
"202400039750";"155711728";"A01";"1";"15";"0";"1";"1";"1";"1";""
"202400039751";"155711726";"A01";"2";"7";"0";"2";"1";"13";"1";""
"202400039751";"155711727";"B01";"1";"38";"0";"2";"1";"1";"1";"1"
"202400039752";"155711722";"A01";"2";"33";"0";"9";"1";"1";"1";""
"202400039753";"155711721";"A01";"2";"7";"0";"2";"2";"9";"1";""
"202400039753";"155711724";"B01";"2";"31";"0";"2";"4";"1";"1";""
"202400039754";"155711720";"A01";"2";"80";"12";"0";"0";"1";"3";""
"202400039755";"155711719";"A01";"3";"10";"0";"1";"1";"1";"1";""
"202400039756";"155711717";"A01";"2";"33";"0";"0";"2";"1";"1";""
"202400039757";"155711716";"A01";"2";"7";"0";"2";"1";"2";"1";""
"202400039757";"155711718";"B01";"2";"7";"0";"2";"4";"2";"1";""
"202400039758";"155711713";"A01";"2";"7";"0";"2";"7";"19";"1";""
"202400039758";"155711715";"B01";"2";"33";"0";"2";"8";"1";"1";""
"202400039759";"155711712";"A01";"1";"33";"0";"0";"2";"1";"1";""
"202400039760";"155711711";"B01";"3";"1";"0";"2";"1";"1";"5";""
"202400039760";"155711714";"A01";"1";"7";"0";"2";"7";"1";"1";""
"202400039761";"155711707";"A01";"1";"33";"0";"0";"9";"1";"1";""
"202400039762";"155711708";"A01";"2";"1";"0";"2";"8";"1";"5";""
"202400039762";"155711710";"B01";"2";"7";"0";"2";"1";"16";"1";""
"202400039763";"155711706";"B01";"2";"10";"0";"2";"6";"11";"1";""
"202400039763";"155711709";"A01";"2";"33";"0";"2";"2";"3";"1";""
"202400039764";"155711704";"A01";"2";"7";"0";"1";"1";"1";"1";""
"202400039765";"155711703";"A01";"1";"31";"0";"2";"0";"5";"1";""
"202400039765";"155711705";"B01";"2";"31";"0";"2";"0";"26";"1";""
"202400039766";"155711702";"A01";"2";"7";"4";"0";"1";"26";"1";""
"202400039767";"155711699";"A01";"2";"33";"0";"2";"7";"0";"1";""
"202400039767";"155711700";"B01";"2";"7";"0";"2";"6";"0";"1";""
"202400039768";"155711697";"A01";"1";"7";"0";"2";"4";"2";"2";""
"202400039768";"155711698";"B01";"1";"7";"0";"2";"3";"2";"1";""
"202400039768";"155711701";"C01";"2";"7";"0";"2";"1";"1";"1";""
"202400039769";"155711695";"A01";"1";"33";"0";"0";"0";"1";"1";""
"202400039770";"155711694";"A01";"3";"33";"0";"2";"7";"17";"1";""
"202400039770";"155711696";"B01";"3";"7";"0";"2";"3";"15";"1";""
"202400039771";"155711692";"A01";"1";"7";"0";"2";"2";"15";"1";""
"202400039771";"155711693";"B01";"1";"2";"0";"2";"1";"1";"1";""
"202400039772";"155711690";"A01";"1";"33";"0";"2";"1";"2";"1";""
"202400039772";"155711691";"B01";"1";"7";"0";"2";"4";"1";"1";""
"202400039773";"155711688";"A01";"1";"7";"15";"2";"3";"13";"1";""
"202400039773";"155711689";"B01";"2";"7";"0";"2";"3";"1";"1";""
"202400039774";"155711686";"A01";"1";"7";"8";"0";"1";"13";"1";""
"202400039775";"155711685";"A01";"2";"7";"0";"2";"2";"13";"1";""
"202400039775";"155711687";"B01";"1";"7";"0";"2";"2";"1";"1";""
"202400039776";"155711681";"A01";"3";"7";"0";"2";"3";"13";"1";""
"202400039776";"155711683";"B01";"3";"7";"0";"2";"3";"1";"1";""
"202400039777";"155711682";"A01";"1";"7";"0";"0";"1";"13";"1";""
"202400039777";"155711684";"B01";"2";"7";"0";"0";"1";"0";"1";""
"202400039778";"155711679";"A01";"2";"7";"2";"0";"1";"13";"1";""
"202400039779";"155711678";"A01";"2";"1";"0";"2";"3";"1";"5";""
"202400039779";"155711680";"B01";"1";"7";"0";"2";"3";"1";"1";""
"202400039780";"155711676";"B01";"1";"1";"0";"2";"4";"2";"5";""
"202400039780";"155711677";"A01";"1";"1";"0";"2";"1";"2";"5";""
"202400039781";"155711674";"A01";"1";"10";"8";"0";"1";"1";"1";""
"202400039782";"155711673";"A01";"2";"7";"0";"2";"7";"11";"1";""
"202400039782";"155711675";"B01";"1";"33";"0";"2";"1";"1";"1";""
"202400039783";"155711671";"A01";"3";"10";"8";"0";"1";"13";"1";""
"202400039784";"155711672";"A01";"2";"10";"0";"0";"7";"1";"1";""
"202400039785";"155711669";"A01";"2";"33";"0";"2";"1";"17";"1";""
"202400039785";"155711670";"B01";"2";"7";"0";"0";"6";"15";"1";""
"202400039786";"155711666";"B01";"2";"33";"0";"2";"1";"1";"1";""
"202400039786";"155711667";"A01";"2";"7";"0";"2";"5";"10";"1";""
"202400039787";"155711664";"A01";"3";"36";"0";"0";"9";"1";"1";""
"202400039788";"155711663";"A01";"1";"7";"0";"2";"1";"2";"1";""
"202400039788";"155711665";"B01";"1";"7";"0";"2";"1";"23";"1";""
"202400039788";"155711668";"C01";"1";"7";"0";"0";"4";"23";"1";""
"202400039789";"155711661";"A01";"1";"36";"0";"0";"2";"1";"1";""
"202400039790";"155711659";"A01";"3";"7";"0";"2";"4";"4";"1";""
"202400039790";"155711660";"B01";"3";"32";"0";"2";"1";"1";"1";""
"202400039791";"155711657";"A01";"1";"7";"0";"2";"3";"15";"2";""
"202400039791";"155711658";"B01";"1";"33";"0";"2";"2";"17";"1";""
"202400039792";"155711655";"A01";"2";"33";"0";"2";"1";"1";"1";""
"202400039792";"155711656";"B01";"3";"7";"0";"2";"4";"9";"1";""
"202400039793";"155711653";"A01";"0";"31";"0";"0";"0";"1";"1";""
"202400039794";"155711651";"A01";"3";"33";"0";"0";"9";"1";"1";""
"202400039795";"155711652";"B01";"1";"7";"0";"2";"1";"1";"1";""
"202400039795";"155711654";"A01";"2";"10";"0";"2";"2";"0";"1";""
"202400039796";"155711650";"A01";"2";"7";"0";"1";"1";"1";"1";""
"202400039797";"155711649";"A01";"1";"13";"9";"1";"5";"17";"1";""
"202400039798";"155711647";"A01";"1";"33";"0";"2";"1";"2";"1";""
"202400039798";"155711648";"B01";"1";"15";"0";"2";"4";"17";" -1";""
"202400039799";"155711643";"B01";"1";"7";"0";"2";"9";"2";"1";""
"202400039799";"155711645";"A01";"1";"10";"0";"2";"1";"1";"1";""
"202400039799";"155711646";"C01";"1";"7";"0";"2";"4";"2";"2";""
"202400039800";"155711642";"A01";"2";"10";"1";"0";"1";"2";"1";""
"202400039800";"155711644";"B01";"2";"15";"0";"0";"4";"23";"1";""
"202400039801";"155711638";"B01";"2";"7";"0";"2";"9";"13";"1";""
"202400039801";"155711640";"C01";"2";"7";"0";"2";"4";"1";"1";""
"202400039801";"155711641";"A01";"2";"33";"0";"2";"1";"2";"1";""
"202400039802";"155711639";"A01";"1";"7";"4";"0";"1";"17";"1";""
"202400039803";"155711636";"A01";"2";"7";"0";"2";"1";"2";"1";""
"202400039803";"155711637";"B01";"2";"7";"0";"2";"4";"1";"1";""
"202400039804";"155711633";"A01";"2";"43";"0";"2";"3";"3";"0";""
"202400039804";"155711634";"B01";"2";"7";"0";"2";"5";"14";"0";""
"202400039805";"155711632";"A01";"3";"50";"0";"2";"1";"15";"3";""
"202400039805";"155711635";"B01";"3";"7";"0";"9";"1";"1";"1";""
"202400039806";"155711630";"B01";"1";"10";"0";"2";"5";"1";"1";""
"202400039806";"155711631";"A01";"1";"7";"0";"2";"1";"1";"1";""
"202400039807";"155711626";"A01";"1";"7";"0";"2";"8";"11";"1";""
"202400039807";"155711628";"B01";"1";"33";"0";"2";"1";"3";"1";""
"202400039808";"155711627";"B01";"2";"2";"0";"2";"1";"1";"1";""
"202400039808";"155711629";"A01";"2";"7";"0";"2";"7";"19";"1";""
"202400039809";"155711621";"C01";"1";"7";"0";"2";"4";"1";"1";""
"202400039809";"155711622";"D01";"1";"7";"0";"2";"4";"1";"1";""
"202400039809";"155711624";"A01";"1";"7";"0";"2";"1";"1";"1";""
"202400039809";"155711625";"B01";"1";"7";"0";"2";"4";"1";"1";""
"202400039810";"155711620";"A01";"2";"7";"4";"2";"2";"1";"1";""
"202400039810";"155711623";"B01";"2";"7";"4";"2";"4";"1";"1";""
"202400039811";"155711618";"B01";"1";"7";"0";"2";"2";"0";"1";""
"202400039811";"155711619";"A01";"1";"7";"0";"2";"6";"11";"2";""
"202400039812";"155711617";"A01";"1";"7";"1";"1";"2";"0";"1";""
"202400039813";"155711615";"A01";"1";"30";"0";"2";"1";"5";"3";""
"202400039813";"155711616";"B01";"1";"33";"0";"2";"1";"1";"1";""
"202400039814";"155711612";"A01";"2";"33";"3";"0";"1";"0";"1";""
"202400039815";"155711613";"A01";"1";"7";"0";"2";"3";"1";"1";""
"202400039815";"155711614";"B01";"2";"7";"0";"2";"3";"1";"1";""
"202400039816";"155711610";"A01";"2";"7";"0";"2";"1";"1";"1";""
"202400039816";"155711611";"B01";"2";"17";"0";"2";"5";"2";"1";""
"202400039817";"155711606";"C01";"1";"33";"0";"2";"2";"2";"1";""
"202400039817";"155711607";"A01";"2";"7";"0";"2";"3";"2";"1";""
"202400039817";"155711608";"B01";"2";"2";"0";"2";"4";"2";"1";""
"202400039818";"155711605";"B01";"1";"50";"0";"2";"8";"15";"3";""
"202400039818";"155711609";"A01";"2";"7";"0";"2";"3";"1";"1";""
"202400039819";"155711603";"A01";"1";"7";"0";"2";"8";"15";"1";""
"202400039819";"155711604";"B01";"1";"10";"0";"2";"1";"7";"1";""
"202400039820";"155711601";"A01";"3";"7";"0";"0";"9";"13";"1";""
"202400039821";"155711599";"B01";"3";"7";"0";"2";"6";"1";"1";""
"202400039821";"155711600";"C01";"3";"7";"0";"2";"3";"1";"1";""
"202400039821";"155711602";"A01";"3";"7";"0";"2";"2";"1";"1";""
"202400039822";"155711597";"B01";"2";"2";"0";"0";"0";"0";"1";""
"202400039822";"155711598";"A01";"1";"7";"0";"9";"8";"15";"1";""
"202400039823";"155711592";"B01";"1";"7";"0";"2";"1";"0";"1";""
"202400039823";"155711593";"D01";"1";"7";"0";"0";"0";"0";"0";""
"202400039823";"155711595";"A01";"1";"7";"0";"2";"1";"1";"1";""
"202400039823";"155711596";"C01";"1";"7";"0";"2";"4";"1";"1";""
"202400039824";"155711591";"B01";"1";"10";"3";"0";"4";"2";"0";""
"202400039824";"155711594";"A01";"1";"10";"0";"2";"1";"2";"1";""
"202400039825";"155711589";"B01";"2";"7";"0";"2";"1";"1";"1";""
"202400039825";"155711590";"A01";"2";"7";"0";"2";"5";"19";"1";""
"202400039826";"155711585";"B01";"1";"7";"0";"2";"1";"16";"1";""
"202400039826";"155711587";"A01";"1";"7";"0";"2";"3";"1";"1";""
"202400039827";"155711586";"A01";"1";"7";"0";"2";"3";"9";"1";""
"202400039827";"155711588";"B01";"1";"1";"0";"0";"0";"0";"5";""
"202400039828";"155711583";"A01";"1";"7";"0";"2";"8";"9";"1";""
"202400039828";"155711584";"B01";"1";"31";"0";"2";"1";"1";"1";""
"202400039829";"155711579";"C01";"1";"7";"0";"2";"0";"0";"1";""
"202400039829";"155711580";"A01";"1";"7";"0";"2";"0";"2";"1";""
"202400039829";"155711582";"B01";"1";"7";"0";"2";"0";"2";"1";""
"202400039830";"155711581";"A01";"2";"7";"6";"0";"1";"14";"1";""
"202400039831";"155711577";"B01";"3";"50";"0";"2";"8";"1";"3";""
"202400039831";"155711578";"A01";"3";"7";"0";"2";"3";"19";"1";""
"202400039832";"155711574";"A01";"2";"7";"0";"2";"1";"15";"1";""
"202400039832";"155711576";"B01";"2";"7";"0";"2";"1";"1";"1";""
"202400039833";"155711575";"A01";"1";"7";"0";"1";"0";"1";"1";""
"202400039834";"155711573";"A01";"0";"33";"8";"0";"7";"14";"1";""
"202400039835";"155711571";"A01";"0";"33";"0";"2";"1";"1";"1";""
"202400039835";"155711572";"B01";"0";"10";"0";"2";"7";"1";"1";""
"202400039836";"155711569";"A01";"2";"7";"0";"1";"1";"9";"1";""
"202400039837";"155711568";"B01";"2";"7";"0";"2";"3";"23";"1";""
"202400039837";"155711570";"A01";"1";"33";"6";"2";"1";"26";"1";""
"202400039838";"155711564";"B01";"2";"37";"0";"2";"3";"1";"1";"4"
"202400039838";"155711566";"A01";"2";"7";"0";"2";"5";"12";"0";""
"202400039839";"155711563";"B01";"2";"7";"0";"2";"6";"15";"1";""
"202400039839";"155711565";"A01";"1";"7";"0";"2";"1";"1";"2";""
"202400039840";"155711562";"A01";"3";"7";"0";"1";"1";"1";"3";""
"202400039841";"155711561";"A01";"2";"7";"0";"1";"1";"26";"1";""
"202400039842";"155711559";"A01";"1";"7";"0";"2";"3";"0";"1";""
"202400039842";"155711560";"B01";"2";"15";"0";"2";"3";"0";"1";""
"202400039843";"155711558";"B01";"2";"33";"0";"2";"4";"1";"1";""
"202400039844";"155711557";"A01";"2";"7";"2";"0";"1";"9";"1";""
"202400039845";"155711555";"B01";"1";"7";"0";"2";"4";"23";"1";""
"202400039845";"155711556";"A01";"1";"7";"0";"2";"1";"1";"1";""
"202400039846";"155711552";"A01";"2";"30";"1";"2";"1";"1";"1";""
"202400039846";"155711553";"B01";"0";"7";"0";"2";"4";"24";"1";""
"202400039847";"155711551";"A01";"2";"7";"0";"2";"3";"15";"2";""
"202400039847";"155711554";"B01";"3";"1";"0";"2";"8";"1";"5";""
"202400039848";"155711550";"A01";"1";"7";"8";"0";"1";"1";"1";""
"202400039849";"155711548";"B01";"2";"7";"0";"2";"1";"1";"1";""
"202400039849";"155711549";"A01";"2";"7";"0";"2";"1";"13";"1";""
"202400039850";"155711547";"A01";"2";"7";"0";"1";"2";"1";"1";""
"202400039851";"155711545";"A01";"3";"33";"0";"2";"2";"17";"1";""
"202400039851";"155711546";"B01";"3";"7";"0";"9";"3";"15";"1";""
"202400039852";"155711544";"A01";"3";"7";"8";"0";"0";"0";"1";""
"202400039853";"155711542";"A01";"3";"7";"0";"0";"1";"1";"1";""
"202400039854";"155711541";"B01";"1";"2";"0";"2";"8";"1";"1";""
"202400039854";"155711543";"A01";"2";"10";"0";"9";"2";"15";"1";""
"202400039855";"155711540";"A01";"1";"33";"0";"0";"0";"15";"1";""
"202400039856";"155711538";"A01";"1";"7";"0";"2";"3";"2";"1";""
"202400039856";"155711539";"B01";"1";"14";"0";"2";"5";"12";"1";""
"202400039857";"155711535";"A01";"3";"50";"8";"0";"0";"26";"3";""
"202400039858";"155711536";"A01";"3";"7";"0";"2";"1";"26";"6";""
"202400039858";"155711537";"B01";"3";"37";"0";"2";"3";"2";"6";"1"
"202400039859";"155711531";"B01";"0";"7";"0";"2";"3";"1";"1";""
"202400039859";"155711534";"A01";"0";"33";"0";"2";"1";"1";"1";""
"202400039860";"155711532";"A01";"2";"33";"0";"2";"1";"21";"1";""
"202400039860";"155711533";"B01";"2";"7";"0";"0";"0";"0";"0";""
"202400039861";"155711529";"A01";"2";"7";"16";"0";"9";"14";"1";""
"202400039862";"155711528";"B01";"3";"1";"0";"2";"7";"1";"5";""
"202400039862";"155711530";"A01";"1";"7";"0";"2";"3";"1";"1";""
"202400039863";"155711526";"A01";"1";"7";"0";"2";"7";"2";"2";""
"202400039863";"155711527";"B01";"1";"1";"0";"2";"6";"2";"5";""
"202400039864";"155711524";"B01";"3";"7";"0";"2";"8";"9";"1";""
"202400039864";"155711525";"A01";"1";"7";"0";"2";"1";"1";"1";""
"202400039865";"155711523";"A01";"3";"7";"0";"1";"1";"0";"0";""
"202400039866";"155711522";"A01";"2";"3";"0";"0";"0";"26";"3";""
"202400039867";"155711519";"A01";"1";"7";"0";"2";"3";"2";"1";""
"202400039867";"155711520";"B01";"1";"33";"0";"2";"4";"2";"1";""
"202400039867";"155711521";"C01";"1";"10";"0";"2";"5";"2";"1";""
"202400039868";"155711517";"A01";"1";"7";"0";"2";"1";"1";"1";""
"202400039868";"155711518";"B01";"1";"33";"0";"2";"4";"1";"1";""
"202400039869";"155711516";"A01";"1";"30";"12";"0";"8";"1";"1";""
"202400039870";"155711514";"B01";"3";"33";"0";"2";"1";"1";"1";""
"202400039870";"155711515";"A01";"3";"7";"0";"2";"2";"13";"1";""
"202400039871";"155711513";"A01";"1";"7";"13";"0";"1";"1";"1";""
"202400039872";"155711510";"A01";"2";"30";"0";"2";"3";"1";"1";""
"202400039872";"155711512";"B01";"3";"7";"0";"2";"1";"1";"1";""
"202400039873";"155711509";"B01";"2";"2";"0";"2";"1";"1";"1";""
"202400039873";"155711511";"A01";"1";"7";"0";"2";"6";"1";"2";""
"202400039874";"155711508";"A01";"0";"36";"0";"0";"0";"26";"1";""
"202400039875";"155711507";"A01";"3";"50";"14";"0";"1";"0";"3";""
"202400039876";"155711506";"A01";"0";"7";"4";"0";"1";"14";"1";""
"202400039877";"155711505";"A01";"3";"7";"0";"1";"1";"0";"1";""
"202400039878";"155711504";"Z01";"0";"50";"0";"9";"1";"25";"3";""
"202400039879";"155711503";"A01";"1";"30";"0";"0";"7";"14";"1";""
"202400039880";"155711502";"A01";"0";"31";"16";"0";"7";"26";"1";""
"202400039881";"155711500";"A01";"1";"7";"0";"1";"1";"2";"1";""
"202400039882";"155711499";"B01";"3";"31";"0";"2";"0";"0";"1";""
"202400039882";"155711501";"A01";"2";"7";"0";"2";"2";"9";"1";""
"202400039883";"155711498";"A01";"1";"2";"8";"0";"2";"26";"1";""
"202400039884";"155711496";"A01";"3";"7";"0";"1";"2";"26";"1";""
"202400039885";"155711495";"B01";"0";"37";"0";"2";"3";"1";"2";"1"
"202400039885";"155711497";"A01";"0";"34";"0";"2";"1";"16";"1";""
"202400039886";"155711492";"A01";"3";"34";"0";"2";"1";"17";"1";""
"202400039886";"155711494";"B01";"0";"7";"0";"2";"6";"2";"1";""
"202400039887";"155711491";"A01";"2";"7";"0";"2";"3";"1";"1";""
"202400039887";"155711493";"B01";"3";"7";"0";"2";"5";"9";"1";""
"202400039888";"155711488";"A01";"3";"7";"1";"0";"3";"9";"1";""
"202400039888";"155711490";"B01";"3";"1";"0";"2";"1";"1";"5";""
"202400039889";"155711485";"A01";"1";"7";"0";"2";"2";"15";"1";""
"202400039889";"155711486";"B01";"2";"34";"0";"2";"1";"1";"1";""
"202400039890";"155711483";"Z01";"2";"7";"0";"2";"1";"2";"0";""
"202400039890";"155711487";"B01";"2";"7";"0";"2";"4";"1";"1";""
"202400039890";"155711489";"C01";"2";"7";"0";"2";"6";"1";"1";""
"202400039891";"155711480";"A01";"3";"7";"0";"9";"1";"1";"1";""
"202400039891";"155711482";"B01";"3";"1";"0";"2";"7";"1";"5";""
"202400039892";"155711479";"B01";"3";"50";"0";"2";"8";"1";"3";""
"202400039892";"155711481";"A01";"3";"7";"0";"2";"1";"2";"1";""
"202400039893";"155711476";"B01";"2";"37";"0";"2";"3";"1";"1";"19"
"202400039893";"155711484";"A01";"1";"7";"0";"2";"1";"1";"1";""
"202400039894";"155711474";"A01";"1";"7";"0";"9";"3";"26";"2";""
"202400039894";"155711477";"B01";"1";"1";"0";"2";"7";"26";"5";""
"202400039895";"155711475";"B01";"1";"50";"0";"2";"7";"1";"3";""
"202400039895";"155711478";"A01";"2";"7";"0";"9";"1";"9";"1";""
"202400039896";"155711470";"B01";"1";"7";"0";"0";"4";"2";"2";""
"202400039896";"155711472";"A01";"1";"7";"0";"2";"1";"2";"1";""
"202400039897";"155711473";"A01";"3";"7";"0";"1";"1";"15";"1";""
"202400039898";"155711471";"A01";"3";"7";"0";"1";"4";"4";"1";""
"202400039899";"155711467";"B01";"3";"7";"0";"2";"6";"20";"1";""
"202400039899";"155711468";"A01";"3";"50";"0";"2";"5";"2";"3";""
"202400039900";"155711462";"A01";"3";"7";"0";"1";"2";"2";"2";""
"202400039901";"155711463";"A01";"1";"37";"0";"2";"1";"2";"1";"1"
"202400039901";"155711465";"B01";"1";"7";"0";"2";"4";"1";"1";""
"202400039902";"155711461";"C01";"1";"7";"0";"2";"4";"21";"1";""
"202400039902";"155711464";"A01";"1";"7";"0";"2";"1";"1";"1";""
"202400039902";"155711466";"D01";"1";"7";"0";"2";"4";"1";"1";""
"202400039902";"155711469";"B01";"1";"7";"0";"2";"4";"1";"1";""
"202400039903";"155711458";"B01";"3";"7";"0";"2";"4";"2";"1";""
"202400039903";"155711460";"A01";"3";"7";"0";"2";"1";"2";"1";""
"202400039904";"155711455";"A01";"2";"7";"0";"2";"1";"2";"1";""
"202400039904";"155711456";"C01";"2";"7";"0";"2";"4";"2";"1";""
"202400039904";"155711459";"B01";"2";"10";"0";"2";"4";"2";"1";""
"202400039905";"155711454";"A01";"1";"7";"0";"2";"3";"1";"1";""
"202400039905";"155711457";"B01";"1";"37";"0";"2";"2";"1";"1";"3"
"202400039906";"155711453";"A01";"3";"31";"4";"0";"0";"14";"0";""
"202400039907";"155711449";"B01";"1";"7";"0";"2";"5";"1";"1";""
"202400039907";"155711452";"A01";"1";"7";"0";"2";"3";"1";"1";""
"202400039908";"155711447";"A01";"3";"32";"0";"2";"3";"1";"1";""
"202400039908";"155711450";"B01";"3";"33";"0";"2";"3";"1";"1";""
"202400039909";"155711448";"B01";"1";"80";"0";"2";"1";"1";"2";""
"202400039909";"155711451";"A01";"2";"7";"0";"9";"2";"0";"1";""
"202400039910";"155711444";"A01";"3";"7";"0";"0";"1";"18";"1";""
"202400039911";"155711445";"A01";"2";"10";"0";"2";"7";"12";"1";""
"202400039911";"155711446";"B01";"2";"7";"0";"2";"1";"2";"1";""
"202400039912";"155711440";"A01";"1";"7";"0";"9";"2";"2";"1";""
"202400039912";"155711443";"B01";"1";"80";"0";"2";"6";"2";"3";""
"202400039913";"155711438";"A01";"1";"7";"0";"2";"1";"1";"1";""
"202400039913";"155711441";"B01";"1";"7";"0";"2";"4";"1";"1";""
"202400039914";"155711439";"A01";"1";"33";"0";"2";"1";"3";"1";""
"202400039914";"155711442";"B01";"1";"7";"0";"0";"4";"1";"1";""
"202400039915";"155711436";"A01";"3";"7";"0";"1";"5";"20";"1";""
"202400039916";"155711435";"A01";"1";"7";"0";"1";"1";"1";"2";""
"202400039917";"155711430";"A01";"0";"7";"0";"2";"2";"16";"1";""
"202400039917";"155711431";"B01";"3";"1";"0";"2";"1";"26";"5";""
"202400039918";"155711433";"C01";"3";"1";"0";"2";"7";"2";"5";""
"202400039918";"155711434";"A01";"3";"7";"0";"9";"2";"1";"1";""
"202400039918";"155711437";"B01";"1";"1";"0";"2";"3";"3";"5";""
"202400039919";"155711429";"B01";"2";"7";"0";"2";"8";"1";"2";""
"202400039919";"155711432";"A01";"2";"1";"0";"2";"1";"1";"5";""
"202400039920";"155711426";"A01";"2";"31";"0";"2";"1";"1";"1";""
"202400039920";"155711428";"B01";"2";"7";"0";"2";"4";"1";"1";""
"202400039921";"155711425";"A01";"3";"7";"0";"1";"2";"17";"1";""
"202400039922";"155711424";"B01";"3";"7";"1";"0";"0";"0";"1";""
"202400039922";"155711427";"Z01";"1";"10";"0";"2";"1";"1";"1";""
"202400039923";"155711421";"A01";"1";"7";"1";"0";"2";"2";"1";""
"202400039924";"155711418";"B01";"2";"33";"0";"2";"4";"2";"1";""
"202400039924";"155711419";"C01";"2";"7";"0";"2";"4";"2";"2";""
"202400039924";"155711420";"A01";"2";"33";"0";"2";"1";"11";"1";""
"202400039924";"155711422";"E01";"2";"7";"0";"2";"4";"2";"3";""
"202400039924";"155711423";"D01";"2";"7";"0";"2";"8";"2";"1";""
"202400039925";"155711417";"A01";"1";"33";"0";"1";"1";"13";"1";""
"202400039926";"155711415";"A01";"2";"1";"1";"0";"1";"1";"5";""
"202400039926";"155711416";"B01";"2";"7";"0";"2";"7";"22";"3";""
"202400039927";"155711410";"C01";"1";"80";"0";"2";"1";"1";"3";""
"202400039927";"155711411";"D01";"1";"1";"0";"2";"4";"1";"5";""
"202400039927";"155711412";"A01";"1";"1";"0";"2";"4";"1";"5";""
"202400039927";"155711414";"B01";"1";"80";"0";"2";"4";"1";"3";""
"202400039928";"155711409";"A01";"1";"31";"0";"2";"1";"0";"1";""
"202400039928";"155711413";"B01";"2";"7";"0";"2";"3";"0";"1";""
"202400039929";"155711404";"A01";"1";"1";"0";"2";"5";"17";"5";""
"202400039929";"155711406";"B01";"2";"32";"0";"2";"2";"1";"1";""
"202400039930";"155711403";"C01";"1";"7";"0";"2";"2";"1";"1";""
"202400039930";"155711407";"A01";"1";"7";"0";"2";"3";"1";"1";""
"202400039930";"155711408";"B01";"2";"7";"0";"2";"6";"15";"1";""
"202400039931";"155711405";"A01";"0";"7";"0";"1";"4";"20";"1";""
"202400039932";"155711401";"A01";"3";"7";"0";"1";"2";"1";"2";""
"202400039933";"155711398";"A01";"3";"33";"0";"2";"1";"18";"1";""
"202400039933";"155711400";"B01";"2";"7";"0";"2";"7";"16";"3";""
"202400039934";"155711399";"A01";"0";"7";"0";"2";"5";"2";"1";""
"202400039934";"155711402";"B01";"0";"1";"0";"2";"3";"1";"5";""
"202400039935";"155711394";"B01";"1";"50";"0";"2";"1";"1";"3";""
"202400039935";"155711397";"A01";"1";"7";"0";"2";"8";"1";"1";""