"Num_Acc";"id_vehicule";"num_veh";"senc";"catv";"obs";"obsm";"choc";"manv";"motor";"occutc"
"202400039936";"155711395";"A01";"3";"7";"0";"1";"2";"1";"1";""
"202400039937";"155711393";"B01";"3";"7";"0";"2";"1";"1";"1";""
"202400039937";"155711396";"A01";"3";"7";"0";"2";"6";"1";"1";""
"202400039938";"155711389";"B01";"3";"7";"0";"2";"8";"24";"1";""
"202400039938";"155711392";"A01";"3";"10";"1";"0";"7";"1";"1";""
"202400039939";"155711388";"A01";"1";"7";"0";"2";"3";"2";"1";""
"202400039939";"155711391";"B01";"1";"7";"0";"0";"2";"2";"1";""
"202400039940";"155711387";"A01";"2";"7";"0";"2";"3";"1";"1";""
"202400039940";"155711390";"B01";"1";"2";"0";"2";"1";"1";"1";""
"202400039941";"155711382";"A01";"2";"7";"0";"2";"7";"24";"2";""
"202400039941";"155711385";"B01";"2";"34";"1";"0";"1";"18";"1";""
"202400039942";"155711384";"B01";"3";"60";"0";"2";"1";"5";"5";""
"202400039942";"155711386";"A01";"3";"7";"0";"2";"1";"1";"3";""
"202400039943";"155711383";"A01";"0";"7";"8";"0";"1";"0";"1";""
"202400039944";"155711381";"A01";"2";"7";"0";"1";"3";"1";"1";""
"202400039945";"155711380";"A01";"2";"7";"13";"0";"1";"0";"1";""
"202400039946";"155711377";"A01";"2";"33";"7";"0";"1";"14";"1";""
"202400039947";"155711376";"A01";"3";"7";"0";"1";"1";"20";"1";""
"202400039948";"155711375";"A01";"2";"7";"0";"2";"1";"2";"1";""
"202400039948";"155711378";"B01";"2";"7";"0";"2";"4";"15";"1";""
"202400039948";"155711379";"C01";"1";"7";"0";"2";"8";"1";"1";""
"202400039949";"155711372";"A01";"2";"31";"0";"2";"1";"18";"1";""
"202400039949";"155711373";"B01";"2";"7";"0";"2";"7";"0";"2";""
"202400039950";"155711371";"B01";"3";"60";"0";"2";"1";"19";"5";""
"202400039950";"155711374";"A01";"2";"10";"0";"2";"3";"1";"1";""
"202400039951";"155711369";"B01";"1";"31";"0";"2";"1";"2";"1";""
"202400039951";"155711370";"A01";"1";"7";"0";"9";"4";"17";"1";""
"202400039952";"155711367";"A01";"2";"7";"13";"0";"1";"1";"1";""
"202400039953";"155711362";"A01";"1";"33";"0";"0";"1";"0";"1";""
"202400039954";"155711363";"A01";"2";"7";"0";"2";"2";"2";"1";""
"202400039954";"155711366";"B01";"2";"80";"0";"2";"6";"2";"3";""
"202400039955";"155711364";"A01";"0";"7";"0";"2";"1";"0";"1";""
"202400039955";"155711365";"C01";"1";"7";"0";"2";"7";"0";"2";""
"202400039955";"155711368";"B01";"1";"7";"0";"2";"6";"0";"1";""
"202400039956";"155711361";"A01";"1";"0";"6";"0";"1";"1";"0";""
"202400039957";"155711358";"A01";"3";"7";"0";"2";"6";"10";"1";""
"202400039957";"155711360";"B01";"3";"43";"0";"2";"1";"17";"1";""
"202400039958";"155711359";"A01";"1";"7";"0";"1";"3";"0";"1";""
"202400039959";"155711357";"A01";"1";"7";"0";"0";"0";"0";"1";""
"202400039960";"155711355";"A01";"2";"43";"0";"0";"2";"23";"1";""
"202400039961";"155711354";"B01";"2";"7";"0";"2";"1";"0";"1";""
"202400039961";"155711356";"A01";"1";"32";"0";"2";"1";"5";"1";""
"202400039962";"155711351";"A01";"1";"33";"0";"2";"1";"1";"1";""
"202400039962";"155711353";"B01";"1";"7";"0";"0";"2";"1";"1";""
"202400039963";"155711350";"B01";"1";"7";"0";"2";"1";"15";"1";""
"202400039963";"155711352";"A01";"2";"1";"0";"2";"1";"1";"5";""
"202400039964";"155711345";"A01";"2";"7";"0";"0";"0";"0";"1";""
"202400039964";"155711346";"B01";"2";"43";"0";"2";"3";"9";"1";""
"202400039965";"155711344";"C01";"2";"7";"0";"2";"1";"16";"1";""
"202400039965";"155711348";"A01";"1";"99";"0";"2";"1";"17";"1";""
"202400039965";"155711349";"B01";"2";"7";"0";"2";"1";"26";"1";""
"202400039966";"155711343";"A01";"3";"7";"0";"2";"7";"19";"1";""
"202400039966";"155711347";"B01";"2";"7";"0";"2";"1";"1";"1";""
"202400039967";"155711341";"B01";"1";"1";"1";"0";"1";"1";"5";""
"202400039967";"155711342";"A01";"1";"7";"0";"2";"8";"22";"3";""
"202400039968";"155711337";"A01";"2";"50";"1";"0";"1";"0";"3";""
"202400039969";"155711336";"A01";"2";"7";"0";"2";"2";"17";"1";""
"202400039969";"155711339";"B01";"1";"7";"0";"2";"1";"1";"1";""
"202400039970";"155711333";"A01";"2";"33";"0";"1";"2";"1";"1";""
"202400039971";"155711334";"A01";"3";"13";"0";"2";"6";"1";"1";""
"202400039971";"155711335";"C01";"3";"7";"0";"2";"6";"23";"1";""
"202400039971";"155711338";"D01";"3";"7";"1";"2";"2";"1";"1";""
"202400039971";"155711340";"B01";"1";"7";"0";"2";"2";"17";"1";""
"202400039972";"155711332";"A01";"1";"7";"2";"0";"0";"13";"1";""
"202400039973";"155711331";"A01";"2";"80";"0";"0";"0";"1";"3";""
"202400039974";"155711329";"A01";"2";"7";"0";"1";"1";"1";"2";""
"202400039975";"155711328";"B01";"1";"1";"0";"2";"0";"15";"5";""
"202400039975";"155711330";"A01";"1";"10";"0";"2";"5";"15";"1";""
"202400039976";"155711325";"B01";"1";"10";"0";"2";"4";"1";"3";""
"202400039976";"155711327";"A01";"3";"31";"0";"2";"1";"1";"1";""
"202400039977";"155711323";"A01";"3";"7";"1";"1";"2";"14";"2";""
"202400039978";"155711321";"A01";"1";"50";"0";"2";"3";"15";"3";""
"202400039978";"155711322";"B01";"1";"33";"0";"2";"7";"1";"1";""
"202400039979";"155711318";"A01";"2";"30";"0";"2";"1";"18";"1";""
"202400039979";"155711320";"B01";"2";"7";"0";"2";"5";"15";"1";""
"202400039980";"155711317";"A01";"1";"7";"0";"2";"1";"1";"1";""
"202400039980";"155711319";"B01";"1";"7";"0";"0";"4";"23";"1";""
"202400039981";"155711316";"Z01";"2";"30";"0";"1";"0";"26";"0";""
"202400039982";"155711315";"A01";"1";"7";"14";"0";"3";"0";"1";""
"202400039983";"155711311";"A01";"2";"7";"0";"2";"1";"15";"1";""
"202400039983";"155711313";"B01";"1";"2";"0";"2";"1";"1";"1";""
"202400039984";"155711312";"A01";"3";"7";"0";"2";"2";"2";"1";""
"202400039984";"155711314";"B01";"3";"7";"0";"2";"4";"2";"1";""
"202400039985";"155711309";"A01";"1";"7";"0";"2";"8";"9";"1";""
"202400039985";"155711310";"B01";"1";"7";"0";"2";"1";"1";"1";""
"202400039986";"155711304";"A01";"2";"33";"0";"0";"0";"1";"1";""
"202400039987";"155711305";"A01";"1";"33";"0";"2";"4";"1";"1";""
"202400039987";"155711307";"B01";"1";"7";"0";"2";"4";"15";"1";""
"202400039988";"155711306";"B01";"2";"33";"0";"2";"1";"1";"1";""
"202400039988";"155711308";"A01";"1";"10";"0";"2";"7";"15";"1";""
"202400039989";"155711302";"A01";"2";"7";"2";"0";"8";"13";"1";""
"202400039990";"155711300";"A01";"2";"7";"0";"2";"1";"13";"1";""
"202400039990";"155711301";"B01";"1";"7";"0";"2";"1";"1";"1";""
"202400039991";"155711299";"B01";"3";"34";"0";"2";"0";"0";"0";""
"202400039991";"155711303";"A01";"2";"30";"0";"2";"0";"1";"0";""
"202400039992";"155711297";"A01";"3";"7";"0";"0";"3";"15";"1";""
"202400039992";"155711298";"B01";"1";"31";"0";"2";"1";"1";"1";""
"202400039993";"155711294";"A01";"1";"7";"0";"2";"2";"1";"1";""
"202400039993";"155711296";"B01";"1";"1";"0";"0";"4";"1";"5";""
"202400039994";"155711292";"B01";"3";"33";"0";"2";"1";"1";"1";""
"202400039994";"155711295";"A01";"3";"7";"0";"2";"8";"15";"1";""
"202400039995";"155711291";"A01";"3";"7";"2";"0";"3";"1";"1";""
"202400039996";"155711290";"B01";"2";"33";"0";"2";"1";"1";"1";""
"202400039996";"155711293";"A01";"1";"7";"0";"2";"3";"13";"1";""
"202400039997";"155711288";"A01";"2";"7";"6";"0";"1";"13";"1";""
"202400039998";"155711287";"A01";"1";"32";"0";"2";"1";"2";"1";""
"202400039998";"155711289";"B01";"1";"10";"0";"2";"4";"2";"1";""
"202400039999";"155711285";"A01";"2";"37";"0";"2";"5";"17";"1";"1"
"202400039999";"155711286";"B01";"2";"1";"0";"0";"8";"17";"5";""
"202400040000";"155711282";"A01";"1";"7";"0";"2";"1";"0";"1";""
"202400040000";"155711284";"B01";"2";"7";"0";"2";"1";"0";"1";""
"202400040001";"155711281";"A01";"2";"31";"0";"2";"7";"3";"1";""
"202400040001";"155711283";"B01";"2";"7";"0";"2";"8";"2";"1";""
"202400040002";"155711279";"B01";"1";"1";"0";"0";"4";"2";"5";""
"202400040002";"155711280";"A01";"1";"7";"0";"9";"2";"2";"2";""
"202400040003";"155711278";"A01";"1";"7";"0";"1";"1";"1";"1";""
"202400040004";"155711276";"A01";"2";"10";"0";"2";"1";"2";"1";""
"202400040004";"155711277";"B01";"2";"7";"0";"2";"4";"2";"1";""
"202400040005";"155711275";"A01";"1";"7";"0";"0";"0";"14";"1";""
"202400040006";"155711271";"A01";"1";"10";"0";"2";"2";"15";"1";""
"202400040006";"155711274";"B01";"1";"7";"0";"2";"1";"1";"1";""
"202400040007";"155711270";"A01";"1";"7";"3";"0";"1";"1";"1";""
"202400040008";"155711269";"A01";"2";"7";"0";"2";"1";"11";"1";""
"202400040008";"155711272";"B01";"2";"7";"0";"2";"4";"1";"2";""
"202400040009";"155711268";"A01";"1";"2";"0";"2";"1";"1";"1";""
"202400040009";"155711273";"B01";"1";"7";"0";"2";"4";"1";"1";""
"202400040010";"155711265";"A01";"2";"7";"0";"1";"2";"1";"1";""
"202400040011";"155711266";"A01";"1";"7";"2";"0";"1";"14";"1";""
"202400040012";"155711263";"A01";"1";"33";"0";"2";"2";"3";"1";""
"202400040012";"155711267";"B01";"1";"10";"0";"2";"8";"11";"1";""
"202400040013";"155711260";"A01";"2";"10";"0";"2";"7";"14";"1";""
"202400040013";"155711262";"B01";"2";"33";"0";"2";"8";"3";"1";""
"202400040013";"155711264";"C01";"2";"7";"0";"2";"3";"1";"1";""
"202400040014";"155711257";"A01";"3";"7";"0";"2";"3";"1";"1";""
"202400040014";"155711261";"B01";"3";"7";"0";"2";"2";"1";"1";""
"202400040015";"155711256";"B01";"2";"7";"0";"0";"0";"1";"1";""
"202400040015";"155711259";"A01";"1";"36";"0";"0";"0";"14";"1";""
"202400040016";"155711254";"B01";"1";"7";"0";"2";"4";"2";"1";""
"202400040016";"155711255";"C01";"1";"7";"0";"2";"4";"2";"1";""
"202400040016";"155711258";"A01";"2";"7";"0";"2";"1";"2";"1";""
"202400040017";"155711251";"A01";"2";"1";"0";"0";"0";"0";"5";""
"202400040018";"155711250";"A01";"2";"7";"0";"2";"2";"13";"1";""
"202400040018";"155711253";"B01";"1";"7";"0";"2";"1";"1";"1";""
"202400040019";"155711249";"B01";"2";"15";"0";"2";"6";"1";"1";""
"202400040019";"155711252";"A01";"2";"7";"4";"2";"2";"12";"1";""
"202400040020";"155711248";"A01";"3";"7";"9";"0";"1";"2";"1";""
"202400040021";"155711245";"A01";"2";"10";"0";"2";"5";"23";"1";""
"202400040021";"155711247";"B01";"2";"10";"13";"2";"3";"1";"1";""
"202400040022";"155711246";"A01";"1";"33";"0";"0";"8";"1";"1";""
"202400040023";"155711244";"A01";"0";"7";"0";"0";"2";"0";"1";""
"202400040024";"155711243";"A01";"3";"7";"0";"1";"1";"14";"2";""
"202400040025";"155711240";"A01";"1";"7";"0";"2";"3";"1";"1";""
"202400040025";"155711242";"B01";"1";"31";"0";"2";"1";"13";"1";""
"202400040026";"155711239";"A01";"1";"14";"0";"0";"0";"1";"1";""
"202400040026";"155711241";"B01";"2";"33";"0";"9";"3";"1";"1";""
"202400040027";"155711236";"A01";"2";"7";"13";"0";"3";"17";"1";""
"202400040028";"155711237";"A01";"1";"7";"0";"0";"9";"1";"1";""
"202400040029";"155711233";"C01";"2";"1";"0";"2";"1";"1";"5";""
"202400040029";"155711235";"A01";"2";"7";"0";"2";"7";"22";"0";""
"202400040029";"155711238";"B01";"2";"80";"0";"2";"3";"1";"2";""
"202400040030";"155711231";"A01";"1";"33";"0";"2";"1";"1";"1";""
"202400040030";"155711232";"B01";"2";"7";"0";"2";"3";"1";"1";""
"202400040031";"155711229";"B01";"1";"7";"0";"2";"3";"1";"1";""
"202400040031";"155711230";"A01";"2";"7";"0";"2";"3";"1";"1";""
"202400040032";"155711225";"A01";"1";"1";"0";"2";"1";"2";"5";""
"202400040032";"155711228";"B01";"1";"7";"0";"0";"4";"2";"1";""
"202400040033";"155711226";"B01";"2";"80";"0";"2";"1";"1";"3";""
"202400040033";"155711227";"A01";"3";"80";"0";"2";"1";"19";"3";""
"202400040034";"155711224";"A01";"1";"33";"0";"0";"0";"1";"1";""
"202400040035";"155711222";"B01";"3";"7";"13";"2";"8";"1";"1";""
"202400040035";"155711223";"A01";"3";"13";"0";"2";"1";"19";"1";""
"202400040036";"155711221";"A01";"1";"60";"12";"0";"1";"14";"5";""
"202400040037";"155711219";"A01";"2";"7";"0";"1";"1";"1";"1";""
"202400040038";"155711218";"A01";"1";"7";"0";"2";"3";"13";"1";""
"202400040038";"155711220";"B01";"2";"15";"0";"2";"2";"1";"1";""
"202400040039";"155711217";"A01";"3";"7";"8";"0";"1";"21";"1";""
"202400040040";"155711216";"Z01";"3";"7";"0";"1";"1";"1";"0";""
"202400040041";"155711213";"A01";"1";"33";"0";"2";"3";"1";"1";""
"202400040041";"155711215";"B01";"2";"7";"0";"2";"3";"1";"1";""
"202400040042";"155711211";"A01";"2";"7";"2";"0";"9";"1";"1";""
"202400040043";"155711212";"A01";"1";"7";"0";"2";"3";"13";"1";""
"202400040043";"155711214";"B01";"2";"7";"0";"2";"8";"14";"1";""
"202400040044";"155711208";"A01";"1";"50";"0";"2";"8";"1";"3";""
"202400040044";"155711210";"B01";"2";"1";"0";"2";"8";"1";"5";""
"202400040045";"155711207";"A01";"2";"7";"0";"9";"7";"17";"1";""
"202400040045";"155711209";"B01";"2";"1";"0";"2";"8";"15";"5";""
"202400040046";"155711205";"A01";"1";"33";"16";"0";"9";"1";"1";""
"202400040047";"155711204";"A01";"1";"7";"0";"2";"3";"1";"1";""
"202400040047";"155711206";"B01";"1";"33";"0";"2";"2";"1";"1";""
"202400040048";"155711203";"A01";"1";"33";"0";"1";"1";"17";"1";""
"202400040049";"155711202";"A01";"0";"10";"0";"1";"3";"2";"1";""
"202400040050";"155711198";"A01";"2";"1";"0";"4";"4";"13";"5";""
"202400040050";"155711201";"B01";"2";"40";"0";"2";"2";"1";"3";""
"202400040051";"155711196";"A01";"1";"7";"0";"2";"1";"17";"1";""
"202400040051";"155711199";"B01";"2";"7";"0";"2";"1";"1";"1";""
"202400040052";"155711197";"A01";"1";"33";"0";"2";"1";"1";"1";""
"202400040052";"155711200";"B01";"2";"7";"0";"0";"5";"15";"1";""
"202400040053";"155711195";"A01";"3";"13";"0";"1";"7";"16";"1";""
"202400040054";"155711192";"A01";"3";"7";"0";"2";"2";"19";"1";""
"202400040054";"155711193";"B01";"3";"3";"0";"2";"1";"1";"1";""
"202400040055";"155711191";"B01";"1";"7";"0";"9";"8";"1";"2";""
"202400040055";"155711194";"A01";"1";"1";"0";"2";"1";"1";"5";""
"202400040056";"155711189";"A01";"2";"7";"0";"2";"1";"5";"1";""
"202400040056";"155711190";"B01";"1";"10";"0";"2";"1";"1";"1";""
"202400040057";"155711186";"B01";"0";"50";"1";"0";"1";"21";"3";""
"202400040057";"155711188";"A01";"0";"7";"0";"0";"6";"22";"1";""
"202400040058";"155711185";"A01";"1";"43";"0";"2";"7";"18";"1";""
"202400040058";"155711187";"B01";"1";"7";"0";"2";"5";"22";"2";""
"202400040059";"155711183";"A01";"2";"2";"12";"0";"2";"1";"1";""
"202400040060";"155711182";"B01";"3";"1";"0";"0";"9";"1";"5";""
"202400040060";"155711184";"A01";"3";"1";"0";"0";"9";"1";"5";""
"202400040061";"155711179";"A01";"1";"7";"0";"2";"3";"17";"1";""
"202400040061";"155711181";"B01";"2";"7";"0";"2";"3";"1";"1";""
"202400040062";"155711178";"A01";"1";"37";"0";"1";"2";"1";"3";"1"
"202400040063";"155711177";"A01";"2";"10";"0";"2";"3";"1";"1";""
"202400040063";"155711180";"B01";"1";"7";"0";"2";"3";"1";"1";""
"202400040064";"155711176";"A01";"2";"50";"0";"0";"9";"1";"3";""
"202400040065";"155711174";"A01";"1";"1";"0";"2";"3";"13";"5";""
"202400040065";"155711175";"B01";"2";"21";"0";"2";"5";"1";"1";""
"202400040066";"155711171";"A01";"2";"7";"0";"2";"2";"15";"1";""
"202400040066";"155711173";"B01";"1";"2";"0";"2";"1";"1";"3";""
"202400040067";"155711170";"A01";"3";"7";"1";"0";"2";"13";"1";""
"202400040068";"155711169";"A01";"1";"33";"0";"0";"0";"1";"1";""
"202400040069";"155711168";"B01";"2";"7";"0";"2";"3";"1";"1";""
"202400040069";"155711172";"A01";"1";"7";"0";"2";"1";"13";"1";""
"202400040070";"155711165";"A01";"2";"31";"0";"0";"2";"1";"1";""
"202400040071";"155711164";"B01";"1";"7";"0";"2";"3";"1";"1";""
"202400040071";"155711167";"A01";"2";"7";"0";"2";"1";"1";"2";""
"202400040072";"155711162";"A01";"1";"7";"0";"0";"9";"1";"1";""
"202400040073";"155711161";"A01";"1";"7";"2";"0";"3";"13";"1";""
"202400040074";"155711160";"A01";"1";"7";"0";"1";"3";"1";"2";""
"202400040075";"155711158";"A01";"2";"15";"3";"0";"3";"1";"1";""
"202400040076";"155711154";"A01";"1";"33";"0";"2";"1";"1";"1";""
"202400040076";"155711155";"B01";"1";"80";"0";"2";"4";"1";"3";""
"202400040077";"155711156";"A01";"1";"43";"12";"0";"8";"2";"1";""
"202400040078";"155711151";"A01";"2";"7";"0";"0";"4";"1";"1";""
"202400040078";"155711153";"B01";"2";"10";"0";"2";"1";"1";"1";""
"202400040079";"155711148";"A01";"0";"7";"0";"2";"3";"13";"2";""
"202400040079";"155711150";"B01";"0";"7";"0";"2";"5";"13";"1";""
"202400040080";"155711147";"A01";"1";"7";"0";"2";"1";"15";"2";""
"202400040080";"155711152";"B01";"1";"33";"0";"2";"1";"1";"1";""
"202400040081";"155711146";"B01";"2";"7";"0";"2";"4";"2";"1";""
"202400040081";"155711149";"A01";"2";"10";"0";"2";"1";"2";"1";""
"202400040082";"155711142";"A01";"3";"7";"0";"2";"5";"1";"1";""
"202400040082";"155711143";"B01";"3";"7";"0";"2";"3";"15";"2";""
"202400040083";"155711141";"A01";"2";"0";"0";"2";"2";"2";"1";""
"202400040083";"155711144";"B01";"1";"1";"0";"2";"3";"1";"5";""
"202400040083";"155711145";"C01";"1";"1";"0";"2";"3";"1";"5";""
"202400040084";"155711135";"A01";"1";"7";"0";"2";"1";"2";"1";""
"202400040084";"155711140";"B01";"1";"7";"0";"0";"4";"2";"1";""
"202400040085";"155711136";"A01";"1";"7";"3";"0";"9";"21";"1";""
"202400040086";"155711134";"B01";"1";"10";"0";"2";"5";"22";"1";""
"202400040086";"155711138";"A01";"2";"30";"0";"2";"1";"18";"1";""
"202400040087";"155711137";"A01";"2";"10";"0";"2";"1";"2";"1";""
"202400040087";"155711139";"B01";"2";"7";"0";"2";"4";"2";"1";""
"202400040088";"155711133";"A01";"2";"7";"2";"0";"9";"14";"1";""
"202400040089";"155711131";"A01";"2";"7";"0";"1";"1";"1";"1";""
"202400040090";"155711127";"A01";"1";"7";"0";"0";"1";"0";"1";""
"202400040090";"155711129";"B01";"2";"7";"0";"0";"1";"0";"1";""
"202400040091";"155711126";"B01";"2";"2";"0";"2";"1";"0";"0";""
"202400040091";"155711130";"A01";"1";"7";"6";"2";"1";"13";"1";""
"202400040092";"155711123";"A01";"2";"7";"14";"0";"3";"2";"1";""
"202400040093";"155711125";"A01";"2";"10";"0";"2";"1";"2";"1";""
"202400040093";"155711128";"B01";"2";"7";"0";"2";"4";"2";"1";""
"202400040093";"155711132";"C01";"2";"7";"0";"2";"4";"2";"3";""
"202400040094";"155711124";"A01";"2";"7";"0";"1";"1";"0";"0";""
"202400040095";"155711122";"A01";"2";"7";"13";"0";"2";"1";"1";""
"202400040096";"155711119";"B01";"1";"33";"0";"0";"1";"2";"1";""
"202400040096";"155711121";"A01";"1";"33";"0";"2";"4";"2";"1";""
"202400040097";"155711116";"A01";"1";"33";"0";"2";"1";"0";"1";""
"202400040097";"155711118";"B01";"1";"7";"0";"2";"6";"11";"1";""
"202400040098";"155711114";"B01";"2";"33";"0";"2";"7";"3";"1";""
"202400040098";"155711117";"C01";"2";"7";"0";"2";"7";"1";"1";""
"202400040098";"155711120";"A01";"2";"7";"0";"2";"3";"11";"1";""
"202400040099";"155711113";"B01";"1";"7";"0";"2";"2";"2";"1";""
"202400040099";"155711115";"A01";"1";"1";"0";"0";"8";"2";"5";""
"202400040100";"155711110";"A01";"2";"7";"2";"2";"3";"1";"1";""
"202400040100";"155711112";"B01";"1";"7";"0";"2";"3";"1";"1";""
"202400040101";"155711109";"A01";"1";"7";"2";"0";"1";"1";"0";""
"202400040102";"155711108";"A01";"2";"7";"0";"2";"2";"12";"1";""
"202400040102";"155711111";"B01";"2";"33";"0";"2";"8";"3";"1";""
"202400040103";"155711107";"A01";"1";"33";"14";"0";"0";"13";"1";""
"202400040104";"155711104";"A01";"1";"7";"0";"2";"1";"13";"1";""
"202400040104";"155711106";"B01";"2";"7";"0";"2";"3";"1";"1";""
"202400040105";"155711103";"A01";"3";"31";"0";"2";"1";"17";"0";""
"202400040105";"155711105";"B01";"3";"31";"0";"2";"4";"17";"1";""
"202400040106";"155711098";"A01";"1";"7";"0";"2";"1";"13";"1";""
"202400040106";"155711101";"B01";"2";"7";"0";"2";"3";"1";"1";""
"202400040107";"155711097";"B01";"3";"17";"0";"0";"6";"24";"1";""
"202400040107";"155711100";"A01";"0";"7";"0";"2";"1";"1";"1";""
"202400040108";"155711096";"A01";"1";"33";"5";"0";"3";"13";"1";""
"202400040109";"155711094";"A01";"2";"7";"0";"2";"1";"1";"1";""
"202400040109";"155711099";"B01";"2";"7";"0";"2";"4";"1";"1";""
"202400040109";"155711102";"C01";"2";"7";"0";"2";"6";"1";"1";""
"202400040110";"155711093";"A01";"3";"7";"0";"0";"3";"0";"1";""
"202400040110";"155711095";"B01";"3";"99";"0";"2";"1";"0";"5";""
"202400040111";"155711091";"A01";"1";"33";"13";"0";"1";"0";"1";""
"202400040112";"155711088";"C01";"1";"1";"0";"2";"4";"1";"5";""
"202400040112";"155711090";"B01";"1";"1";"0";"2";"4";"1";"5";""
"202400040112";"155711092";"A01";"0";"7";"0";"2";"2";"0";"1";""
"202400040113";"155711086";"A01";"1";"2";"15";"0";"1";"17";"1";""
"202400040114";"155711083";"A01";"2";"7";"13";"0";"1";"1";"1";""
"202400040115";"155711084";"A01";"2";"7";"0";"2";"1";"2";"0";""
"202400040115";"155711087";"B01";"2";"7";"0";"2";"4";"23";"2";""
"202400040115";"155711089";"C01";"2";"7";"0";"2";"4";"23";"1";""
"202400040116";"155711082";"B01";"2";"31";"0";"2";"1";"1";"1";""
"202400040116";"155711085";"A01";"1";"7";"0";"2";"2";"15";"1";""
"202400040117";"155711081";"A01";"2";"31";"0";"0";"7";"0";"1";""
"202400040118";"155711079";"A01";"2";"32";"0";"2";"1";"2";"1";""
"202400040118";"155711080";"B01";"2";"7";"0";"2";"4";"23";"1";""
"202400040119";"155711076";"A01";"1";"7";"0";"0";"3";"2";"1";""
"202400040119";"155711078";"B01";"1";"7";"4";"2";"3";"14";"1";""
"202400040120";"155711075";"A01";"1";"7";"2";"2";"0";"1";"1";""
"202400040120";"155711077";"B01";"2";"33";"0";"2";"1";"1";"1";""
"202400040121";"155711072";"A01";"2";"2";"7";"0";"1";"14";"1";""
"202400040122";"155711071";"B01";"2";"7";"0";"0";"4";"2";"1";""
"202400040122";"155711074";"A01";"2";"38";"0";"2";"1";"2";"1";"1"
"202400040123";"155711070";"B01";"1";"7";"0";"2";"4";"23";"1";""
"202400040123";"155711073";"A01";"1";"7";"0";"2";"1";"1";"1";""
"202400040124";"155711068";"A01";"1";"7";"0";"2";"1";"2";"1";""
"202400040124";"155711069";"B01";"1";"7";"0";"0";"4";"2";"1";""
"202400040125";"155711067";"A01";"3";"7";"0";"1";"8";"1";"1";""
"202400040126";"155711063";"B01";"1";"33";"0";"2";"1";"2";"1";""
"202400040126";"155711065";"A01";"1";"10";"0";"2";"4";"2";"1";""
"202400040127";"155711062";"A01";"1";"7";"1";"0";"1";"14";"1";""
"202400040127";"155711066";"B01";"1";"7";"0";"2";"4";"23";"2";""
"202400040128";"155711061";"A01";"2";"31";"0";"2";"1";"17";"1";""
"202400040128";"155711064";"B01";"1";"7";"0";"2";"1";"1";"1";""
"202400040129";"155711060";"A01";"2";"7";"3";"0";"0";"1";"1";""
"202400040130";"155711055";"B01";"2";"7";"0";"2";"3";"1";"1";""
"202400040130";"155711059";"A01";"1";"10";"0";"2";"3";"13";"1";""
"202400040131";"155711054";"B01";"2";"7";"0";"2";"4";"2";"1";""
"202400040131";"155711056";"C01";"2";"7";"0";"2";"5";"2";"1";""
"202400040131";"155711058";"A01";"2";"10";"0";"2";"1";"1";"1";""
"202400040132";"155711053";"A01";"1";"7";"0";"2";"1";"1";"2";""
"202400040132";"155711057";"B01";"1";"10";"0";"2";"4";"1";"1";""
"202400040133";"155711052";"A01";"2";"80";"0";"1";"1";"13";"3";""
"202400040134";"155711050";"A01";"2";"7";"0";"2";"3";"2";"1";""
"202400040134";"155711051";"B01";"2";"7";"0";"2";"5";"2";"1";""
"202400040135";"155711046";"A01";"2";"10";"0";"2";"1";"1";"1";""
"202400040135";"155711049";"B01";"1";"7";"0";"2";"3";"1";"2";""
"202400040136";"155711044";"A01";"2";"15";"0";"2";"2";"12";"1";""
"202400040136";"155711047";"B01";"2";"7";"3";"2";"8";"1";"1";""
"202400040137";"155711043";"C01";"2";"7";"0";"9";"8";"0";"1";""
"202400040137";"155711045";"A01";"2";"7";"0";"9";"3";"0";"1";""
"202400040137";"155711048";"B01";"2";"7";"0";"9";"5";"0";"1";""
"202400040138";"155711041";"A01";"3";"1";"0";"2";"1";"1";"5";""
"202400040138";"155711042";"B01";"3";"50";"0";"2";"1";"13";"3";""
"202400040139";"155711040";"A01";"2";"7";"1";"0";"1";"26";"1";""
"202400040140";"155711039";"A01";"2";"33";"0";"0";"0";"1";"1";""
"202400040141";"155711034";"A01";"2";"7";"0";"2";"1";"2";"1";""
"202400040141";"155711036";"B01";"2";"7";"0";"2";"4";"2";"1";""
"202400040142";"155711033";"A01";"1";"7";"0";"0";"9";"14";"1";""
"202400040143";"155711032";"A01";"2";"15";"0";"2";"2";"12";"1";""
"202400040143";"155711035";"B01";"2";"7";"0";"2";"8";"0";"1";""
"202400040144";"155711028";"B01";"1";"14";"0";"0";"2";"17";"1";""
"202400040144";"155711030";"A01";"1";"3";"0";"0";"6";"0";"1";""
"202400040145";"155711027";"A01";"1";"10";"0";"2";"1";"2";"1";""
"202400040145";"155711029";"B01";"1";"7";"0";"2";"4";"2";"1";""
"202400040145";"155711031";"C01";"1";"10";"0";"2";"5";"2";"1";""
"202400040146";"155711026";"A01";"3";"10";"0";"1";"2";"16";"1";""
"202400040147";"155711022";"B01";"2";"33";"0";"2";"1";"1";"1";""
"202400040147";"155711024";"A01";"2";"7";"0";"2";"6";"11";"1";""
"202400040148";"155711021";"C01";"1";"15";"0";"0";"4";"2";"1";""
"202400040148";"155711023";"B01";"1";"7";"0";"2";"9";"2";"1";""
"202400040148";"155711025";"A01";"1";"10";"0";"2";"1";"2";"1";""
"202400040149";"155711018";"A01";"1";"32";"0";"9";"7";"1";"1";""