"Num_Acc";"id_vehicule";"num_veh";"senc";"catv";"obs";"obsm";"choc";"manv";"motor";"occutc"
"202400040150";"155711016";"A01";"2";"7";"0";"1";"2";"20";"1";""
"202400040151";"155711017";"A01";"1";"7";"0";"2";"1";"0";"1";""
"202400040151";"155711019";"B01";"1";"7";"0";"0";"5";"0";"1";""
"202400040151";"155711020";"C01";"1";"7";"0";"2";"4";"0";"1";""
"202400040152";"155711015";"A01";"1";"36";"0";"0";"1";"1";"1";""
"202400040153";"155711011";"A01";"1";"7";"0";"2";"4";"1";"1";""
"202400040153";"155711014";"B01";"1";"7";"0";"2";"2";"2";"0";""
"202400040154";"155711010";"B01";"1";"33";"0";"2";"2";"2";"1";""
"202400040154";"155711012";"A01";"1";"7";"0";"0";"6";"23";"1";""
"202400040155";"155711009";"A01";"1";"7";"0";"2";"1";"13";"1";""
"202400040155";"155711013";"B01";"2";"7";"0";"2";"3";"21";"1";""
"202400040156";"155711008";"A01";"2";"7";"12";"0";"1";"1";"1";""
"202400040157";"155711006";"A01";"2";"30";"0";"2";"7";"14";"1";""
"202400040157";"155711007";"B01";"2";"7";"0";"2";"8";"1";"1";""
"202400040158";"155711003";"A01";"1";"33";"0";"0";"7";"1";"1";""
"202400040159";"155711002";"A01";"2";"80";"0";"0";"8";"1";"3";""
"202400040159";"155711004";"B01";"2";"10";"0";"0";"5";"0";"0";""
"202400040160";"155711001";"A01";"1";"32";"5";"0";"1";"17";"1";""
"202400040161";"155711000";"A01";"1";"7";"13";"0";"2";"14";"1";""
"202400040162";"155710999";"A01";"3";"7";"0";"1";"5";"4";"1";""
"202400040163";"155710997";"A01";"2";"7";"0";"2";"8";"10";"1";""
"202400040163";"155710998";"B01";"2";"2";"0";"2";"1";"1";"3";""
"202400040164";"155710995";"A01";"2";"7";"3";"0";"1";"13";"1";""
"202400040165";"155710993";"A01";"1";"7";"0";"1";"1";"0";"2";""
"202400040166";"155710992";"A01";"1";"7";"0";"1";"1";"1";"1";""
"202400040167";"155710991";"A01";"1";"7";"0";"2";"1";"1";"1";""
"202400040167";"155710994";"B01";"1";"7";"0";"2";"4";"1";"1";""
"202400040167";"155710996";"C01";"1";"7";"0";"2";"4";"0";"1";""
"202400040168";"155710987";"B01";"1";"7";"0";"2";"1";"12";"1";""
"202400040168";"155710988";"A01";"1";"32";"0";"2";"8";"0";"1";""
"202400040169";"155710983";"A01";"1";"7";"1";"0";"2";"14";"1";""
"202400040169";"155710984";"B01";"1";"7";"0";"2";"6";"24";"1";""
"202400040170";"155710982";"C01";"2";"7";"0";"2";"0";"0";"1";""
"202400040170";"155710985";"A01";"2";"10";"0";"2";"0";"1";"1";""
"202400040170";"155710986";"B01";"2";"7";"0";"2";"0";"0";"1";""
"202400040171";"155710979";"A01";"1";"33";"0";"2";"1";"2";"1";""
"202400040171";"155710980";"B01";"1";"7";"15";"0";"4";"26";"1";""
"202400040172";"155710978";"A01";"1";"7";"0";"2";"1";"1";"0";""
"202400040172";"155710981";"B01";"1";"7";"0";"2";"1";"21";"1";""
"202400040173";"155710977";"A01";"2";"7";"4";"0";"1";"18";"1";""
"202400040174";"155710974";"B01";"1";"7";"0";"2";"5";"2";"1";""
"202400040174";"155710976";"A01";"2";"7";"0";"2";"1";"9";"1";""
"202400040175";"155710971";"B01";"2";"7";"0";"2";"5";"2";"1";""
"202400040175";"155710973";"A01";"2";"33";"0";"2";"1";"2";"1";""
"202400040176";"155710972";"A01";"0";"32";"0";"2";"0";"0";"1";""
"202400040176";"155710975";"B01";"0";"7";"0";"2";"0";"0";"1";""
"202400040177";"155710970";"A01";"2";"7";"8";"0";"3";"1";"0";""
"202400040178";"155710969";"A01";"2";"33";"13";"0";"2";"1";"1";""
"202400040179";"155710965";"B01";"2";"33";"0";"2";"1";"1";"1";""
"202400040179";"155710967";"A01";"0";"7";"0";"2";"3";"15";"1";""
"202400040180";"155710966";"A01";"2";"33";"0";"0";"2";"2";"1";""
"202400040181";"155710964";"A01";"2";"7";"0";"2";"1";"1";"1";""
"202400040181";"155710968";"B01";"1";"1";"0";"2";"7";"1";"5";""
"202400040182";"155710960";"A01";"3";"2";"12";"0";"7";"14";"1";""
"202400040183";"155710958";"A01";"2";"7";"0";"2";"6";"1";"2";""
"202400040183";"155710959";"B01";"2";"7";"0";"2";"2";"13";"1";""
"202400040183";"155710962";"C01";"2";"7";"0";"2";"1";"1";"1";""
"202400040184";"155710955";"A01";"3";"7";"0";"2";"3";"13";"1";""
"202400040184";"155710957";"B01";"3";"7";"0";"2";"1";"1";"1";""
"202400040185";"155710953";"B01";"2";"7";"0";"9";"1";"19";"1";""
"202400040185";"155710956";"A01";"2";"50";"0";"2";"1";"5";"3";""
"202400040186";"155710952";"B01";"3";"30";"0";"2";"1";"1";"0";""
"202400040186";"155710954";"A01";"3";"7";"0";"2";"2";"15";"1";""
"202400040187";"155710948";"A01";"1";"30";"0";"0";"7";"21";"1";""
"202400040188";"155710947";"B01";"3";"10";"0";"2";"1";"1";"1";""
"202400040188";"155710950";"A01";"1";"7";"0";"2";"1";"19";"2";""
"202400040189";"155710949";"A01";"1";"7";"0";"2";"3";"15";"1";""
"202400040189";"155710951";"B01";"2";"50";"0";"2";"1";"1";"3";""
"202400040190";"155710946";"A01";"1";"7";"1";"1";"2";"1";"1";""
"202400040191";"155710942";"A01";"1";"7";"14";"0";"1";"0";"1";""
"202400040192";"155710943";"B01";"1";"7";"0";"2";"7";"1";"1";""
"202400040192";"155710945";"A01";"1";"10";"7";"0";"3";"9";"1";""
"202400040193";"155710941";"A01";"2";"7";"14";"0";"3";"15";"1";""
"202400040193";"155710944";"B01";"2";"33";"0";"2";"1";"17";"1";""
"202400040194";"155710936";"A01";"3";"33";"0";"2";"4";"23";"1";""
"202400040194";"155710939";"B01";"3";"7";"0";"2";"1";"2";"1";""
"202400040195";"155710933";"C01";"2";"7";"0";"2";"4";"1";"1";""
"202400040195";"155710935";"D01";"2";"7";"0";"2";"4";"1";"3";""
"202400040195";"155710937";"A01";"2";"7";"0";"2";"1";"1";"1";""
"202400040195";"155710940";"B01";"2";"7";"0";"2";"4";"1";"1";""
"202400040196";"155710932";"A01";"3";"7";"0";"1";"1";"5";"1";""
"202400040197";"155710931";"A01";"1";"7";"0";"1";"0";"1";"1";""
"202400040198";"155710930";"A01";"1";"32";"8";"0";"8";"1";"1";""
"202400040199";"155710926";"A01";"2";"7";"0";"2";"1";"15";"1";""
"202400040199";"155710928";"B01";"1";"7";"0";"2";"0";"0";"1";""
"202400040200";"155710924";"A01";"1";"7";"0";"2";"5";"1";"1";""
"202400040200";"155710929";"B01";"1";"31";"0";"2";"1";"1";"1";""
"202400040201";"155710925";"A01";"1";"7";"0";"2";"1";"13";"1";""
"202400040201";"155710927";"B01";"2";"7";"0";"2";"1";"1";"1";""
"202400040202";"155710920";"B01";"1";"2";"0";"2";"5";"1";"1";""
"202400040202";"155710923";"A01";"2";"7";"0";"2";"6";"19";"1";""
"202400040203";"155710919";"B01";"1";"33";"0";"2";"2";"9";"1";""
"202400040203";"155710922";"A01";"2";"10";"0";"2";"2";"15";"1";""
"202400040204";"155710918";"A01";"1";"7";"1";"1";"4";"2";"1";""
"202400040204";"155710921";"B01";"1";"7";"0";"2";"4";"1";"1";""
"202400040205";"155710913";"A01";"2";"7";"0";"2";"3";"9";"1";""
"202400040205";"155710916";"C01";"2";"7";"0";"2";"1";"1";"1";""
"202400040205";"155710917";"B01";"2";"33";"0";"2";"7";"0";"1";""
"202400040206";"155710911";"B01";"2";"7";"0";"2";"1";"0";"1";""
"202400040206";"155710914";"A01";"1";"7";"0";"2";"1";"15";"1";""
"202400040207";"155710912";"A01";"3";"7";"0";"9";"1";"15";"0";""
"202400040207";"155710915";"B01";"3";"1";"0";"2";"8";"1";"5";""
"202400040208";"155710909";"B01";"3";"60";"0";"2";"8";"19";"5";""
"202400040208";"155710910";"A01";"1";"7";"0";"2";"7";"1";"2";""
"202400040209";"155710906";"B01";"3";"50";"0";"2";"1";"1";"3";""
"202400040209";"155710908";"A01";"1";"7";"0";"2";"6";"15";"1";""
"202400040210";"155710907";"A01";"3";"7";"0";"0";"1";"16";"1";""
"202400040211";"155710905";"A01";"1";"7";"2";"0";"1";"0";"1";""
"202400040212";"155710904";"A01";"3";"7";"0";"0";"3";"1";"1";""
"202400040213";"155710902";"A01";"1";"7";"0";"2";"1";"5";"1";""
"202400040213";"155710903";"B01";"3";"7";"0";"2";"8";"1";"1";""
"202400040214";"155710901";"A01";"2";"7";"0";"1";"4";"4";"1";""
"202400040215";"155710899";"A01";"2";"7";"0";"1";"1";"1";"2";""
"202400040216";"155710900";"A01";"1";"7";"0";"1";"2";"1";"1";""
"202400040217";"155710896";"B01";"1";"7";"6";"2";"1";"1";"1";""
"202400040217";"155710898";"A01";"2";"7";"8";"2";"1";"13";"1";""
"202400040218";"155710895";"A01";"1";"7";"0";"1";"3";"1";"1";""
"202400040219";"155710894";"A01";"2";"7";"0";"2";"8";"1";"1";""
"202400040219";"155710897";"B01";"1";"7";"0";"2";"1";"1";"1";""
"202400040220";"155710892";"A01";"2";"7";"0";"1";"1";"15";"1";""
"202400040221";"155710891";"A01";"3";"10";"16";"0";"0";"0";"0";""
"202400040222";"155710889";"A01";"1";"7";"0";"2";"1";"15";"1";""
"202400040222";"155710890";"B01";"2";"34";"0";"2";"1";"1";"1";""
"202400040222";"155710893";"C01";"2";"32";"0";"2";"1";"1";"1";""
"202400040223";"155710886";"A01";"2";"7";"0";"2";"3";"13";"1";""
"202400040223";"155710888";"B01";"3";"37";"0";"2";"3";"16";"1";"1"
"202400040224";"155710885";"A01";"3";"7";"0";"2";"1";"1";"1";""
"202400040224";"155710887";"B01";"3";"7";"0";"2";"0";"0";"1";""
"202400040225";"155710882";"B01";"1";"7";"0";"2";"3";"1";"1";""
"202400040225";"155710883";"A01";"3";"7";"0";"2";"1";"1";"1";""
"202400040226";"155710879";"B01";"2";"7";"0";"2";"8";"1";"1";""
"202400040226";"155710881";"C01";"1";"7";"0";"2";"8";"0";"1";""
"202400040226";"155710884";"A01";"1";"50";"0";"2";"1";"17";"3";""
"202400040227";"155710878";"B01";"1";"10";"0";"2";"3";"23";"1";""
"202400040227";"155710880";"A01";"1";"7";"0";"2";"1";"19";"1";""
"202400040228";"155710877";"A01";"3";"36";"0";"0";"7";"15";"1";""
"202400040229";"155710874";"B01";"0";"7";"0";"2";"7";"1";"1";""
"202400040229";"155710876";"A01";"0";"33";"0";"2";"1";"1";"1";""
"202400040230";"155710875";"A01";"3";"7";"0";"1";"1";"11";"1";""
"202400040231";"155710873";"A01";"3";"7";"0";"1";"2";"1";"1";""
"202400040232";"155710870";"A01";"2";"7";"3";"2";"1";"5";"1";""
"202400040232";"155710872";"B01";"2";"10";"3";"2";"1";"1";"1";""
"202400040233";"155710869";"A01";"3";"7";"0";"2";"1";"1";"1";""
"202400040233";"155710871";"B01";"3";"7";"0";"2";"8";"1";"1";""
"202400040234";"155710867";"A01";"1";"2";"0";"2";"1";"9";"3";""
"202400040234";"155710868";"B01";"1";"7";"0";"9";"2";"0";"1";""
"202400040235";"155710866";"A01";"1";"7";"0";"1";"7";"1";"1";""
"202400040236";"155710863";"B01";"3";"37";"0";"2";"3";"0";"1";"1"
"202400040236";"155710864";"A01";"3";"7";"0";"2";"8";"15";"1";""
"202400040237";"155710862";"A01";"2";"7";"0";"2";"0";"19";"1";""
"202400040237";"155710865";"B01";"2";"10";"0";"2";"5";"1";"1";""
"202400040238";"155710860";"B01";"3";"7";"0";"2";"7";"1";"1";""
"202400040238";"155710861";"A01";"3";"7";"0";"2";"1";"15";"1";""
"202400040239";"155710858";"A01";"3";"31";"0";"2";"1";"2";"1";""
"202400040239";"155710859";"B01";"3";"7";"0";"2";"3";"1";"1";""
"202400040240";"155710855";"A01";"2";"31";"8";"0";"2";"14";"1";""
"202400040241";"155710856";"A01";"2";"7";"16";"0";"2";"13";"1";""
"202400040241";"155710857";"B01";"1";"10";"0";"2";"1";"1";"1";""
"202400040242";"155710854";"A01";"1";"7";"0";"0";"9";"0";"1";""
"202400040243";"155710853";"A01";"2";"7";"0";"1";"2";"1";"1";""
"202400040244";"155710852";"A01";"3";"7";"1";"0";"2";"1";"1";""
"202400040245";"155710851";"A01";"3";"7";"6";"0";"2";"14";"2";""
"202400040246";"155710848";"A01";"2";"7";"0";"2";"2";"15";"1";""
"202400040246";"155710850";"B01";"1";"2";"0";"2";"1";"1";"1";""
"202400040247";"155710845";"A01";"1";"7";"0";"2";"3";"15";"1";""
"202400040247";"155710846";"B01";"1";"1";"0";"2";"1";"1";"5";""
"202400040248";"155710847";"A01";"1";"7";"6";"2";"3";"13";"1";""
"202400040248";"155710849";"B01";"0";"1";"0";"0";"0";"0";"5";""
"202400040249";"155710844";"A01";"2";"30";"0";"1";"1";"13";"1";""
"202400040250";"155710841";"B01";"1";"7";"0";"2";"6";"1";"1";""
"202400040250";"155710843";"A01";"1";"32";"0";"2";"1";"19";"1";""
"202400040251";"155710840";"A01";"1";"7";"0";"2";"1";"13";"1";""
"202400040251";"155710842";"B01";"2";"7";"0";"2";"1";"1";"1";""
"202400040252";"155710837";"A01";"0";"34";"0";"2";"1";"1";"1";""
"202400040252";"155710839";"B01";"0";"30";"0";"2";"1";"1";"1";""
"202400040253";"155710836";"A01";"2";"7";"0";"2";"1";"1";"1";""
"202400040253";"155710838";"B01";"1";"7";"0";"2";"2";"0";"1";""
"202400040254";"155710833";"B01";"2";"33";"0";"2";"8";"9";"1";""
"202400040254";"155710835";"A01";"2";"7";"0";"2";"7";"1";"1";""
"202400040255";"155710832";"A01";"1";"7";"0";"2";"8";"26";"1";""
"202400040255";"155710834";"B01";"1";"33";"0";"2";"1";"1";"1";""
"202400040256";"155710831";"A01";"1";"1";"0";"1";"1";"1";"5";""
"202400040257";"155710829";"A01";"1";"7";"0";"2";"2";"15";"1";""
"202400040257";"155710830";"B01";"2";"2";"0";"2";"1";"1";"1";""
"202400040258";"155710828";"A01";"1";"7";"0";"1";"1";"1";"1";""
"202400040259";"155710825";"A01";"1";"7";"0";"2";"4";"1";"1";""
"202400040259";"155710827";"B01";"1";"2";"0";"2";"1";"1";"1";""
"202400040260";"155710824";"B01";"1";"7";"0";"2";"6";"11";"1";""
"202400040260";"155710826";"A01";"1";"31";"0";"2";"1";"1";"1";""
"202400040261";"155710821";"B01";"1";"50";"0";"2";"4";"2";"3";""
"202400040261";"155710823";"A01";"1";"1";"0";"2";"4";"1";"5";""
"202400040262";"155710820";"A01";"1";"33";"0";"2";"1";"2";"1";""
"202400040262";"155710822";"B01";"1";"7";"0";"2";"4";"2";"1";""
"202400040263";"155710819";"A01";"1";"10";"1";"0";"2";"14";"1";""
"202400040264";"155710818";"A01";"1";"50";"0";"1";"8";"1";"3";""
"202400040265";"155710815";"A01";"0";"7";"0";"2";"6";"24";"0";""
"202400040265";"155710817";"B01";"0";"1";"1";"0";"1";"1";"5";""
"202400040266";"155710814";"A01";"2";"10";"0";"2";"2";"15";"1";""
"202400040266";"155710816";"B01";"1";"33";"0";"2";"3";"1";"1";""
"202400040267";"155710812";"B01";"2";"1";"1";"0";"7";"1";"5";""
"202400040267";"155710813";"A01";"2";"7";"0";"9";"8";"24";"1";""
"202400040268";"155710810";"B01";"2";"7";"0";"2";"2";"1";"1";""
"202400040268";"155710811";"A01";"2";"7";"0";"2";"2";"1";"1";""
"202400040269";"155710808";"A01";"2";"10";"0";"2";"2";"16";"3";""
"202400040269";"155710809";"B01";"2";"1";"0";"2";"8";"1";"5";""
"202400040270";"155710807";"A01";"1";"33";"0";"0";"7";"16";"1";""
"202400040271";"155710804";"B01";"1";"1";"0";"0";"2";"1";"5";""
"202400040271";"155710806";"A01";"1";"7";"0";"2";"8";"24";"1";""
"202400040272";"155710802";"C01";"3";"1";"0";"2";"1";"2";"5";""
"202400040272";"155710803";"A01";"3";"1";"0";"2";"1";"2";"5";""
"202400040272";"155710805";"B01";"3";"1";"0";"2";"4";"2";"5";""
"202400040273";"155710801";"A01";"1";"7";"6";"0";"1";"9";"2";""
"202400040274";"155710796";"A01";"3";"1";"0";"2";"8";"13";"5";""
"202400040274";"155710798";"C01";"3";"1";"0";"2";"1";"1";"5";""
"202400040274";"155710799";"B01";"3";"1";"0";"2";"7";"1";"5";""
"202400040274";"155710800";"D01";"3";"1";"0";"2";"1";"1";"5";""
"202400040275";"155710795";"A01";"2";"7";"0";"2";"1";"1";"3";""
"202400040275";"155710797";"B01";"2";"7";"0";"2";"1";"1";"1";""
"202400040276";"155710792";"A01";"1";"7";"0";"2";"3";"1";"2";""
"202400040276";"155710794";"B01";"2";"1";"0";"2";"1";"1";"5";""
"202400040277";"155710791";"A01";"2";"7";"1";"0";"6";"1";"1";""
"202400040277";"155710793";"B01";"2";"7";"16";"0";"6";"1";"3";""
"202400040278";"155710789";"A01";"2";"33";"0";"2";"2";"16";"1";""
"202400040278";"155710790";"B01";"2";"1";"0";"2";"1";"1";"5";""
"202400040279";"155710788";"A01";"1";"7";"0";"1";"2";"21";"0";""
"202400040280";"155710786";"A01";"3";"7";"0";"2";"8";"10";"1";""
"202400040280";"155710787";"B01";"3";"32";"0";"2";"2";"3";"1";""
"202400040281";"155710784";"A01";"0";"7";"0";"2";"1";"1";"1";""
"202400040281";"155710785";"B01";"0";"7";"0";"2";"4";"1";"1";""
"202400040282";"155710782";"A01";"1";"7";"0";"2";"2";"16";"1";""
"202400040282";"155710783";"B01";"1";"33";"0";"2";"3";"1";"1";""
"202400040283";"155710779";"A01";"2";"7";"0";"2";"2";"16";"2";""
"202400040283";"155710781";"B01";"2";"1";"0";"2";"8";"1";"5";""
"202400040284";"155710778";"A01";"1";"10";"0";"2";"1";"15";"1";""
"202400040284";"155710780";"B01";"2";"30";"0";"2";"1";"1";"1";""
"202400040285";"155710777";"A01";"2";"7";"0";"1";"1";"2";"2";""
"202400040286";"155710775";"A01";"1";"33";"0";"2";"1";"2";"1";""
"202400040286";"155710776";"B01";"1";"7";"0";"2";"8";"16";"1";""
"202400040287";"155710772";"B01";"0";"7";"0";"0";"6";"23";"2";""
"202400040287";"155710773";"A01";"0";"7";"0";"2";"0";"15";"1";""
"202400040288";"155710771";"B01";"2";"7";"0";"2";"1";"1";"1";""
"202400040288";"155710774";"A01";"0";"10";"0";"2";"8";"15";"1";""
"202400040289";"155710768";"A01";"3";"7";"0";"0";"0";"9";"1";""
"202400040289";"155710770";"B01";"3";"50";"0";"0";"0";"0";"3";""
"202400040290";"155710763";"B01";"3";"7";"0";"2";"6";"23";"1";""
"202400040290";"155710765";"C01";"3";"7";"0";"2";"5";"23";"1";""
"202400040290";"155710766";"D01";"3";"7";"0";"2";"5";"23";"1";""
"202400040290";"155710767";"E01";"3";"7";"0";"2";"4";"23";"2";""
"202400040290";"155710769";"A01";"3";"7";"0";"2";"9";"1";"3";""
"202400040291";"155710761";"A01";"3";"7";"1";"2";"3";"11";"3";""
"202400040291";"155710762";"C01";"3";"7";"1";"0";"4";"1";"1";""
"202400040291";"155710764";"B01";"3";"7";"1";"2";"4";"2";"1";""
"202400040292";"155710757";"A01";"1";"33";"0";"2";"1";"1";"1";""
"202400040292";"155710759";"B01";"1";"7";"0";"2";"4";"1";"1";""
"202400040293";"155710756";"C01";"1";"7";"0";"2";"4";"23";"1";""
"202400040293";"155710758";"A01";"1";"10";"0";"2";"1";"26";"1";""
"202400040293";"155710760";"B01";"1";"7";"0";"2";"4";"23";"1";""
"202400040294";"155710755";"A01";"1";"80";"1";"0";"2";"1";"3";""
"202400040295";"155710752";"A01";"2";"7";"13";"0";"0";"1";"1";""
"202400040296";"155710753";"A01";"1";"10";"0";"2";"1";"15";"1";""
"202400040296";"155710754";"B01";"2";"2";"0";"2";"4";"23";"1";""
"202400040297";"155710749";"A01";"1";"7";"0";"0";"4";"23";"1";""
"202400040297";"155710751";"B01";"1";"10";"0";"2";"1";"26";"1";""
"202400040298";"155710748";"A01";"1";"7";"0";"2";"2";"1";"3";""
"202400040298";"155710750";"B01";"1";"1";"0";"2";"1";"1";"5";""
"202400040299";"155710747";"A01";"2";"17";"2";"0";"8";"1";"1";""
"202400040300";"155710746";"A01";"1";"33";"0";"0";"0";"1";"1";""
"202400040301";"155710745";"A01";"1";"33";"4";"0";"2";"2";"1";""
"202400040302";"155710743";"A01";"1";"50";"0";"0";"2";"19";"3";""
"202400040302";"155710744";"B01";"1";"7";"0";"0";"1";"1";"1";""
"202400040303";"155710742";"A01";"1";"10";"2";"0";"2";"13";"6";""
"202400040304";"155710741";"A01";"1";"7";"0";"1";"7";"1";"1";""
"202400040305";"155710739";"A01";"1";"7";"0";"2";"3";"2";"1";""
"202400040305";"155710740";"B01";"1";"7";"4";"0";"5";"2";"1";""
"202400040306";"155710737";"A01";"1";"7";"0";"2";"7";"14";"1";""
"202400040306";"155710738";"B01";"1";"32";"0";"2";"8";"1";"1";""
"202400040307";"155710735";"A01";"2";"7";"0";"0";"2";"1";"1";""
"202400040308";"155710734";"A01";"1";"15";"1";"2";"2";"2";"1";""
"202400040308";"155710736";"B01";"1";"10";"3";"2";"6";"23";"1";""
"202400040309";"155710733";"A01";"3";"50";"0";"1";"4";"1";"3";""
"202400040310";"155710730";"A01";"3";"7";"0";"1";"3";"16";"1";""
"202400040311";"155710729";"B01";"2";"17";"0";"2";"3";"1";"1";""
"202400040311";"155710731";"A01";"1";"7";"0";"2";"3";"13";"1";""
"202400040312";"155710728";"A01";"2";"7";"0";"2";"3";"9";"1";""
"202400040312";"155710732";"B01";"1";"7";"0";"2";"3";"1";"1";""
"202400040313";"155710727";"A01";"0";"31";"0";"1";"1";"1";"1";""
"202400040314";"155710726";"A01";"2";"7";"3";"0";"1";"1";"1";""
"202400040315";"155710725";"A01";"2";"7";"13";"0";"9";"2";"6";""
"202400040316";"155710724";"A01";"2";"7";"0";"1";"1";"1";"1";""
"202400040317";"155710719";"C01";"1";"10";"1";"0";"1";"0";"0";""
"202400040317";"155710721";"A01";"1";"10";"1";"2";"0";"0";"0";""
"202400040317";"155710723";"B01";"0";"10";"1";"0";"0";"0";"0";""
"202400040318";"155710717";"A01";"1";"7";"16";"0";"1";"1";"1";""
"202400040319";"155710720";"A01";"1";"7";"0";"2";"1";"17";"1";""
"202400040319";"155710722";"B01";"2";"7";"0";"2";"1";"21";"1";""
"202400040320";"155710713";"A01";"1";"7";"0";"1";"3";"15";"1";""
"202400040321";"155710712";"A01";"1";"21";"13";"0";"3";"2";"1";""
"202400040322";"155710708";"A01";"3";"7";"0";"0";"1";"2";"0";""
"202400040322";"155710710";"B01";"3";"1";"0";"0";"9";"1";"5";""
"202400040323";"155710706";"A01";"2";"7";"12";"0";"1";"2";"1";""
"202400040324";"155710705";"C01";"2";"7";"0";"2";"3";"1";"1";""
"202400040324";"155710707";"A01";"1";"38";"8";"2";"3";"13";"1";"5"
"202400040324";"155710709";"D01";"2";"7";"0";"2";"3";"1";"1";""
"202400040324";"155710711";"B01";"2";"7";"0";"2";"1";"1";"2";""
"202400040325";"155710704";"A01";"1";"31";"0";"0";"0";"1";"3";""
"202400040326";"155710702";"A01";"2";"7";"0";"0";"1";"1";"1";""
"202400040326";"155710703";"B01";"1";"80";"0";"2";"1";"1";"3";""
"202400040327";"155710699";"A01";"1";"10";"16";"0";"1";"1";"1";""
"202400040327";"155710700";"B01";"1";"1";"0";"2";"4";"9";"5";""
"202400040328";"155710698";"A01";"3";"15";"13";"0";"6";"13";"1";""
"202400040328";"155710701";"B01";"3";"7";"13";"2";"3";"1";"1";""
"202400040329";"155710696";"A01";"1";"32";"0";"0";"0";"1";"1";""
"202400040330";"155710695";"A01";"1";"7";"0";"2";"1";"5";"1";""
"202400040330";"155710697";"B01";"2";"7";"0";"2";"1";"1";"1";""
"202400040331";"155710694";"A01";"2";"7";"0";"9";"7";"1";"1";""
"202400040332";"155710693";"A01";"3";"7";"0";"1";"1";"1";"2";""
"202400040333";"155710690";"A01";"2";"33";"6";"0";"1";"1";"1";""
"202400040333";"155710691";"B01";"2";"7";"0";"0";"1";"1";"1";""
"202400040334";"155710688";"Z01";"3";"30";"0";"2";"0";"0";"0";""
"202400040334";"155710689";"B01";"3";"32";"0";"2";"0";"1";"1";""
"202400040335";"155710687";"A01";"1";"7";"0";"2";"6";"19";"1";""
"202400040335";"155710692";"B01";"2";"7";"0";"2";"1";"1";"1";""
"202400040336";"155710686";"A01";"1";"33";"0";"0";"7";"1";"1";""
"202400040337";"155710684";"B01";"1";"7";"0";"2";"1";"1";"1";""
"202400040337";"155710685";"A01";"1";"7";"0";"2";"2";"15";"1";""
"202400040338";"155710680";"A01";"2";"80";"0";"2";"1";"1";"3";""
"202400040338";"155710682";"B01";"2";"7";"0";"0";"4";"23";"1";""
"202400040339";"155710679";"A01";"2";"31";"0";"2";"1";"17";"1";""
"202400040339";"155710681";"B01";"2";"7";"0";"0";"8";"15";"2";""
"202400040340";"155710678";"A01";"1";"7";"0";"2";"7";"17";"1";""
"202400040340";"155710683";"B01";"1";"14";"0";"2";"3";"15";"1";""
"202400040341";"155710677";"A01";"1";"33";"0";"0";"1";"1";"1";""
"202400040342";"155710676";"A01";"2";"7";"0";"1";"1";"1";"1";""
"202400040343";"155710670";"A01";"1";"7";"0";"2";"3";"11";"1";""
"202400040343";"155710673";"B01";"2";"10";"0";"2";"3";"1";"1";""
"202400040344";"155710671";"B01";"2";"7";"0";"2";"1";"1";"1";""
"202400040344";"155710674";"C01";"2";"7";"0";"2";"1";"1";"1";""
"202400040344";"155710675";"A01";"1";"7";"0";"2";"1";"13";"1";""
"202400040345";"155710669";"B01";"2";"33";"0";"2";"2";"17";"1";""
"202400040345";"155710672";"A01";"2";"7";"0";"2";"8";"26";"2";""
"202400040346";"155710668";"A01";"3";"2";"9";"0";"2";"1";"1";""
"202400040347";"155710667";"A01";"2";"31";"0";"5";"0";"1";"1";""
"202400040348";"155710665";"B01";"1";"1";"0";"2";"1";"19";"5";""
"202400040348";"155710666";"A01";"1";"7";"0";"9";"2";"1";"1";""
"202400040349";"155710663";"A01";"1";"7";"13";"0";"0";"13";"1";""
"202400040350";"155710662";"A01";"1";"7";"3";"1";"1";"14";"2";""
"202400040350";"155710664";"B01";"1";"7";"3";"0";"4";"23";"1";""
"202400040351";"155710660";"A01";"2";"7";"16";"0";"1";"1";"1";""
"202400040352";"155710657";"A01";"2";"1";"0";"2";"1";"18";"5";""
"202400040352";"155710658";"B01";"2";"10";"0";"2";"2";"16";"1";""
"202400040353";"155710655";"A01";"2";"7";"0";"2";"1";"15";"1";""
"202400040353";"155710656";"B01";"1";"2";"0";"2";"8";"1";"1";""
"202400040354";"155710652";"A01";"1";"7";"0";"1";"3";"1";"1";""
"202400040355";"155710650";"B01";"2";"7";"0";"2";"1";"1";"1";""
"202400040355";"155710653";"A01";"1";"7";"0";"2";"1";"13";"1";""
"202400040356";"155710651";"A01";"2";"7";"0";"2";"2";"1";"1";""
"202400040356";"155710654";"B01";"2";"7";"8";"2";"5";"16";"1";""
"202400040357";"155710646";"A01";"3";"7";"0";"2";"0";"3";"1";""
"202400040357";"155710649";"B01";"3";"14";"0";"2";"4";"24";"1";""
"202400040358";"155710648";"A01";"1";"7";"13";"0";"3";"1";"1";""
"202400040359";"155710645";"B01";"1";"7";"0";"2";"3";"1";"1";""
"202400040359";"155710647";"A01";"2";"7";"0";"2";"3";"17";"1";""
"202400040360";"155710642";"B01";"1";"7";"0";"2";"1";"1";"1";""
"202400040360";"155710644";"A01";"2";"15";"0";"2";"2";"13";"1";""
"202400040361";"155710640";"A01";"1";"32";"0";"6";"8";"1";"1";""
"202400040362";"155710641";"B01";"2";"7";"0";"2";"2";"1";"1";""