"Num_Acc";"id_vehicule";"num_veh";"senc";"catv";"obs";"obsm";"choc";"manv";"motor";"occutc"
"202400040362";"155710643";"A01";"1";"2";"0";"2";"1";"13";"1";""
"202400040363";"155710637";"A01";"0";"7";"0";"2";"2";"16";"1";""
"202400040363";"155710639";"B01";"1";"7";"0";"2";"1";"1";"1";""
"202400040364";"155710635";"B01";"2";"7";"0";"0";"3";"1";"1";""
"202400040364";"155710638";"A01";"1";"7";"0";"0";"3";"15";"1";""
"202400040365";"155710634";"A01";"1";"7";"3";"2";"1";"13";"1";""
"202400040365";"155710636";"B01";"2";"7";"0";"2";"1";"1";"1";""
"202400040366";"155710632";"A01";"2";"10";"0";"2";"8";"1";"1";""
"202400040366";"155710633";"B01";"1";"7";"0";"9";"1";"1";"1";""
"202400040367";"155710629";"A01";"1";"7";"0";"9";"3";"1";"1";""
"202400040367";"155710631";"B01";"2";"1";"0";"2";"1";"13";"5";""
"202400040368";"155710627";"B01";"1";"7";"0";"2";"2";"1";"1";""
"202400040368";"155710630";"A01";"2";"1";"0";"0";"6";"19";"5";""
"202400040369";"155710628";"A01";"1";"7";"2";"0";"1";"11";"1";""
"202400040370";"155710624";"A01";"1";"7";"0";"2";"3";"13";"1";""
"202400040370";"155710626";"B01";"2";"7";"0";"2";"3";"1";"1";""
"202400040371";"155710623";"A01";"1";"7";"0";"2";"6";"15";"1";""
"202400040371";"155710625";"B01";"1";"2";"0";"2";"1";"1";"1";""
"202400040372";"155710620";"A01";"1";"33";"13";"0";"2";"1";"1";""
"202400040373";"155710619";"A01";"2";"7";"0";"2";"1";"1";"1";""
"202400040373";"155710621";"B01";"2";"80";"0";"2";"1";"11";"3";""
"202400040374";"155710618";"B01";"2";"7";"0";"2";"3";"1";"1";""
"202400040374";"155710622";"A01";"2";"7";"0";"2";"6";"10";"1";""
"202400040375";"155710615";"A01";"2";"7";"0";"2";"8";"5";"1";""
"202400040375";"155710616";"B01";"1";"7";"0";"2";"8";"5";"1";""
"202400040376";"155710612";"A01";"2";"7";"2";"0";"7";"1";"1";""
"202400040377";"155710609";"A01";"2";"7";"0";"2";"3";"5";"1";""
"202400040377";"155710611";"B01";"1";"7";"0";"2";"3";"1";"2";""
"202400040378";"155710610";"C01";"2";"7";"0";"2";"8";"1";"3";""
"202400040378";"155710613";"A01";"1";"10";"0";"2";"1";"2";"1";""
"202400040378";"155710614";"B01";"1";"7";"0";"2";"9";"1";"1";""
"202400040379";"155710608";"A01";"2";"33";"0";"0";"8";"1";"1";""
"202400040380";"155710606";"A01";"0";"7";"2";"0";"1";"0";"1";""
"202400040381";"155710605";"A01";"2";"2";"13";"0";"9";"1";"1";""
"202400040382";"155710604";"A01";"1";"32";"0";"0";"1";"1";"3";""
"202400040383";"155710599";"A01";"3";"7";"0";"2";"1";"1";"1";""
"202400040383";"155710602";"B01";"3";"7";"0";"2";"1";"1";"1";""
"202400040384";"155710597";"A01";"1";"7";"0";"0";"0";"1";"1";""
"202400040384";"155710600";"B01";"1";"7";"0";"2";"6";"1";"1";""
"202400040384";"155710603";"C01";"1";"7";"0";"2";"1";"1";"1";""
"202400040385";"155710598";"B01";"2";"7";"2";"0";"3";"15";"3";""
"202400040385";"155710601";"A01";"2";"7";"0";"2";"1";"17";"1";""
"202400040386";"155710596";"A01";"1";"7";"17";"0";"1";"13";"1";""
"202400040387";"155710595";"A01";"1";"33";"0";"0";"3";"0";"1";""
"202400040388";"155710593";"A01";"3";"7";"0";"1";"3";"1";"1";""
"202400040389";"155710592";"A01";"1";"7";"0";"1";"1";"1";"1";""
"202400040390";"155710591";"B01";"1";"31";"0";"2";"1";"1";"1";""
"202400040390";"155710594";"A01";"2";"7";"0";"2";"7";"19";"1";""
"202400040391";"155710588";"A01";"2";"7";"0";"1";"3";"1";"1";""
"202400040392";"155710586";"A01";"2";"0";"0";"2";"0";"2";"0";""
"202400040392";"155710587";"B01";"2";"7";"0";"2";"3";"2";"1";""
"202400040392";"155710589";"C01";"2";"7";"0";"2";"1";"1";"1";""
"202400040392";"155710590";"D01";"2";"7";"0";"2";"1";"2";"1";""
"202400040393";"155710584";"A01";"2";"7";"0";"2";"1";"17";"1";""
"202400040393";"155710585";"B01";"2";"3";"0";"2";"4";"1";"3";""
"202400040394";"155710582";"A01";"1";"7";"0";"6";"1";"1";"1";""
"202400040395";"155710581";"B01";"2";"7";"0";"2";"3";"2";"0";""
"202400040395";"155710583";"A01";"2";"7";"0";"2";"1";"19";"0";""
"202400040396";"155710578";"A01";"3";"7";"0";"1";"1";"1";"0";""
"202400040397";"155710579";"A01";"1";"1";"0";"2";"0";"0";"5";""
"202400040397";"155710580";"B01";"1";"7";"0";"2";"2";"1";"1";""
"202400040398";"155710577";"A01";"2";"7";"3";"0";"2";"1";"1";""
"202400040399";"155710574";"A01";"1";"2";"0";"6";"1";"19";"1";""
"202400040400";"155710575";"A01";"1";"33";"0";"2";"1";"2";"1";""
"202400040400";"155710576";"B01";"1";"7";"0";"2";"4";"2";"1";""
"202400040401";"155710572";"A01";"2";"7";"1";"0";"3";"14";"1";""
"202400040401";"155710573";"B01";"2";"17";"0";"2";"5";"24";"1";""
"202400040402";"155710568";"A01";"1";"7";"0";"2";"1";"1";"1";""
"202400040402";"155710571";"B01";"1";"15";"0";"0";"4";"1";"1";""
"202400040403";"155710569";"B01";"2";"1";"12";"2";"5";"15";"5";""
"202400040403";"155710570";"A01";"1";"7";"0";"9";"1";"1";"1";""
"202400040404";"155710567";"A01";"1";"7";"6";"0";"1";"5";"1";""
"202400040405";"155710565";"A01";"1";"7";"3";"0";"2";"0";"1";""
"202400040406";"155710564";"A01";"3";"7";"0";"1";"1";"1";"1";""
"202400040407";"155710563";"A01";"1";"7";"14";"0";"0";"1";"1";""
"202400040408";"155710561";"A01";"2";"14";"0";"2";"3";"1";"1";""
"202400040408";"155710562";"B01";"1";"7";"0";"2";"3";"13";"1";""
"202400040409";"155710558";"A01";"3";"7";"0";"2";"1";"1";"1";""
"202400040409";"155710560";"B01";"3";"1";"0";"0";"8";"19";"5";""
"202400040410";"155710559";"A01";"1";"7";"2";"6";"2";"1";"1";""
"202400040411";"155710557";"A01";"1";"33";"8";"0";"1";"1";"1";""
"202400040412";"155710555";"A01";"3";"10";"0";"0";"9";"1";"1";""
"202400040413";"155710552";"A01";"2";"7";"0";"0";"0";"1";"1";""
"202400040414";"155710551";"A01";"1";"7";"0";"1";"3";"16";"1";""
"202400040415";"155710550";"A01";"1";"7";"0";"2";"5";"2";"1";""
"202400040415";"155710553";"B01";"1";"7";"0";"2";"6";"2";"1";""
"202400040415";"155710554";"C01";"1";"10";"0";"2";"4";"2";"1";""
"202400040415";"155710556";"D01";"1";"33";"0";"2";"1";"2";"1";""
"202400040416";"155710547";"A01";"1";"7";"0";"2";"8";"15";"2";""
"202400040416";"155710549";"B01";"1";"32";"0";"2";"2";"17";"1";""
"202400040417";"155710546";"B01";"3";"7";"0";"2";"3";"1";"1";""
"202400040417";"155710548";"A01";"3";"10";"0";"2";"3";"16";"1";""
"202400040418";"155710544";"A01";"3";"7";"0";"1";"1";"9";"1";""
"202400040419";"155710542";"A01";"1";"14";"0";"1";"0";"0";"0";""
"202400040419";"155710545";"B01";"1";"7";"0";"0";"0";"23";"1";""
"202400040420";"155710541";"B01";"3";"41";"0";"2";"1";"2";"1";""
"202400040420";"155710543";"A01";"3";"10";"0";"2";"4";"0";"1";""
"202400040421";"155710540";"A01";"1";"2";"3";"0";"1";"1";"0";""
"202400040422";"155710539";"A01";"1";"7";"3";"0";"9";"1";"1";""
"202400040423";"155710535";"C01";"2";"7";"0";"2";"1";"0";"1";""
"202400040423";"155710537";"A01";"2";"7";"0";"2";"4";"26";"1";""
"202400040423";"155710538";"B01";"2";"7";"0";"2";"1";"2";"2";""
"202400040424";"155710532";"B01";"1";"7";"0";"2";"2";"21";"1";""
"202400040424";"155710534";"A01";"2";"7";"0";"2";"2";"14";"1";""
"202400040425";"155710533";"A01";"2";"7";"0";"2";"5";"12";"1";""
"202400040425";"155710536";"B01";"2";"2";"0";"2";"8";"1";"1";""
"202400040426";"155710530";"A01";"0";"2";"13";"0";"1";"0";"1";""
"202400040427";"155710529";"A01";"2";"7";"3";"0";"7";"1";"1";""
"202400040428";"155710528";"A01";"3";"3";"0";"2";"1";"15";"1";""
"202400040428";"155710531";"B01";"3";"2";"0";"2";"8";"1";"1";""
"202400040429";"155710526";"A01";"3";"7";"0";"2";"3";"20";"1";""
"202400040429";"155710527";"B01";"3";"32";"0";"2";"0";"0";"0";""
"202400040430";"155710522";"A01";"2";"7";"0";"2";"1";"2";"1";""
"202400040430";"155710524";"B01";"2";"7";"0";"2";"4";"2";"1";""
"202400040431";"155710523";"A01";"1";"7";"0";"2";"2";"16";"1";""
"202400040431";"155710525";"B01";"1";"80";"0";"2";"1";"1";"3";""
"202400040432";"155710520";"A01";"2";"7";"3";"0";"1";"1";"1";""
"202400040433";"155710519";"B01";"2";"10";"0";"2";"1";"1";"1";""
"202400040433";"155710521";"A01";"1";"3";"0";"2";"1";"13";"1";""
"202400040434";"155710517";"B01";"3";"31";"0";"2";"4";"2";"1";""
"202400040434";"155710518";"A01";"3";"7";"0";"2";"1";"2";"1";""
"202400040435";"155710515";"A01";"3";"7";"8";"0";"1";"2";"1";""
"202400040436";"155710514";"B01";"1";"50";"0";"2";"1";"1";"3";""
"202400040436";"155710516";"A01";"1";"7";"0";"2";"4";"1";"1";""
"202400040437";"155710512";"A01";"1";"7";"0";"0";"0";"14";"1";""
"202400040438";"155710511";"A01";"3";"7";"0";"2";"5";"15";"1";""
"202400040438";"155710513";"B01";"3";"33";"0";"2";"1";"1";"1";""
"202400040439";"155710509";"A01";"0";"80";"0";"2";"8";"19";"3";""
"202400040439";"155710510";"B01";"1";"33";"0";"2";"1";"17";"1";""
"202400040440";"155710507";"A01";"2";"7";"0";"2";"1";"13";"1";""
"202400040440";"155710508";"B01";"1";"7";"0";"2";"1";"1";"1";""
"202400040441";"155710506";"A01";"1";"1";"0";"1";"2";"1";"5";""
"202400040442";"155710505";"A01";"3";"7";"2";"0";"2";"6";"1";""
"202400040443";"155710502";"A01";"2";"7";"0";"9";"2";"1";"1";""
"202400040443";"155710504";"B01";"0";"20";"0";"0";"7";"26";"1";""
"202400040444";"155710500";"B01";"3";"31";"0";"2";"5";"16";"1";""
"202400040444";"155710503";"A01";"1";"7";"0";"2";"7";"9";"1";""
"202400040445";"155710499";"A01";"2";"7";"13";"0";"7";"1";"1";""
"202400040446";"155710498";"A01";"1";"34";"0";"2";"4";"1";"1";""
"202400040446";"155710501";"B01";"1";"7";"0";"2";"1";"1";"1";""
"202400040447";"155710494";"A01";"2";"34";"0";"2";"4";"1";"1";""
"202400040447";"155710497";"Z01";"2";"7";"0";"2";"1";"0";"0";""
"202400040448";"155710493";"A01";"1";"7";"0";"2";"4";"1";"1";""
"202400040448";"155710495";"Z01";"1";"7";"0";"0";"0";"0";"1";""
"202400040449";"155710491";"A01";"2";"10";"0";"1";"2";"1";"1";""
"202400040450";"155710489";"A01";"2";"7";"0";"2";"4";"18";"1";""
"202400040450";"155710490";"C01";"2";"7";"0";"2";"1";"2";"1";""
"202400040450";"155710492";"B01";"2";"7";"0";"2";"4";"2";"1";""
"202400040451";"155710488";"A01";"1";"7";"14";"0";"1";"1";"2";""
"202400040452";"155710485";"B01";"3";"50";"0";"2";"5";"0";"3";""
"202400040452";"155710487";"A01";"2";"7";"0";"2";"1";"9";"1";""
"202400040453";"155710484";"B01";"2";"34";"0";"2";"1";"1";"1";""
"202400040453";"155710486";"A01";"1";"7";"0";"2";"8";"10";"1";""
"202400040454";"155710480";"B01";"2";"7";"0";"2";"1";"2";"1";""
"202400040454";"155710482";"A01";"2";"7";"0";"2";"4";"1";"1";""
"202400040454";"155710483";"C01";"2";"7";"0";"2";"1";"2";"1";""
"202400040455";"155710479";"A01";"0";"13";"0";"9";"1";"1";"1";""
"202400040455";"155710481";"B01";"0";"1";"0";"2";"8";"1";"5";""
"202400040456";"155710473";"C01";"2";"10";"0";"2";"4";"2";"1";""
"202400040456";"155710476";"A01";"2";"13";"0";"2";"1";"2";"1";""
"202400040456";"155710477";"B01";"1";"10";"0";"2";"4";"1";"1";""
"202400040456";"155710478";"D01";"1";"10";"0";"0";"4";"1";"1";""
"202400040457";"155710471";"A01";"1";"7";"0";"2";"1";"11";"1";""
"202400040457";"155710474";"B01";"1";"7";"0";"2";"4";"1";"1";""
"202400040458";"155710469";"A01";"2";"7";"0";"1";"3";"15";"1";""
"202400040459";"155710468";"A01";"1";"33";"0";"2";"1";"17";"1";""
"202400040459";"155710470";"B01";"1";"7";"0";"0";"6";"2";"1";""
"202400040460";"155710466";"A01";"2";"10";"0";"2";"1";"1";"1";""
"202400040460";"155710467";"B01";"2";"7";"0";"2";"4";"1";"1";""
"202400040461";"155710464";"A01";"1";"7";"4";"0";"1";"1";"1";""
"202400040462";"155710463";"B01";"2";"31";"0";"2";"1";"1";"1";""
"202400040462";"155710465";"A01";"1";"7";"0";"2";"3";"15";"1";""
"202400040463";"155710462";"A01";"2";"33";"4";"0";"7";"3";"1";""
"202400040464";"155710457";"B01";"1";"7";"0";"2";"4";"1";"1";""
"202400040464";"155710460";"A01";"1";"7";"0";"2";"1";"1";"0";""
"202400040465";"155710458";"B01";"1";"33";"0";"2";"3";"2";"1";""
"202400040465";"155710461";"A01";"1";"7";"0";"2";"0";"12";"1";""
"202400040466";"155710459";"A01";"2";"33";"3";"0";"1";"1";"1";""
"202400040467";"155710454";"A01";"2";"7";"4";"0";"3";"11";"2";""
"202400040468";"155710453";"B01";"3";"7";"0";"2";"2";"15";"1";""
"202400040468";"155710456";"A01";"3";"33";"0";"2";"3";"17";"1";""
"202400040469";"155710452";"A01";"2";"15";"0";"1";"1";"1";"1";""
"202400040469";"155710455";"B01";"2";"15";"0";"1";"1";"1";"1";""
"202400040470";"155710450";"A01";"2";"7";"0";"0";"0";"1";"1";""
"202400040471";"155710448";"B01";"1";"7";"0";"2";"4";"1";"1";""
"202400040471";"155710451";"A01";"1";"7";"0";"2";"1";"1";"1";""
"202400040472";"155710447";"A01";"2";"33";"0";"2";"1";"1";"1";""
"202400040472";"155710449";"B01";"2";"10";"0";"2";"4";"1";"1";""
"202400040473";"155710446";"A01";"1";"33";"3";"0";"1";"1";"1";""
"202400040474";"155710443";"B01";"1";"7";"0";"2";"3";"1";"0";""
"202400040474";"155710444";"A01";"1";"33";"0";"2";"2";"16";"1";""
"202400040475";"155710440";"B01";"2";"10";"0";"2";"2";"2";"1";""
"202400040475";"155710442";"A01";"2";"33";"0";"2";"3";"3";"1";""
"202400040475";"155710445";"Z01";"2";"7";"0";"2";"5";"1";"0";""
"202400040476";"155710438";"A01";"1";"7";"0";"2";"7";"12";"1";""
"202400040476";"155710439";"C01";"1";"7";"0";"2";"5";"1";"3";""
"202400040476";"155710441";"B01";"1";"33";"0";"2";"8";"1";"1";""
"202400040477";"155710437";"A01";"1";"32";"1";"0";"4";"14";"1";""
"202400040478";"155710432";"B01";"2";"7";"0";"2";"4";"2";"1";""
"202400040478";"155710434";"C01";"2";"7";"0";"2";"4";"2";"1";""
"202400040478";"155710435";"D01";"2";"7";"0";"2";"4";"2";"1";""
"202400040478";"155710436";"A01";"2";"7";"0";"2";"1";"2";"2";""
"202400040479";"155710431";"A01";"2";"34";"0";"2";"8";"3";"1";""
"202400040479";"155710433";"B01";"2";"10";"0";"2";"7";"1";"1";""
"202400040480";"155710430";"A01";"1";"7";"0";"1";"1";"1";"2";""
"202400040481";"155710427";"A01";"2";"1";"0";"1";"1";"25";"5";""
"202400040482";"155710425";"B01";"2";"7";"0";"2";"4";"2";"1";""
"202400040482";"155710428";"A01";"2";"7";"0";"2";"1";"2";"1";""
"202400040482";"155710429";"C01";"2";"10";"0";"2";"4";"2";"1";""
"202400040483";"155710424";"B01";"1";"7";"0";"2";"1";"1";"1";""
"202400040483";"155710426";"A01";"2";"10";"0";"2";"1";"5";"1";""
"202400040484";"155710423";"A01";"1";"7";"4";"0";"3";"2";"1";""
"202400040485";"155710422";"A01";"1";"33";"0";"1";"1";"1";"1";""
"202400040486";"155710421";"A01";"2";"14";"0";"1";"0";"0";"1";""
"202400040487";"155710418";"B01";"3";"7";"0";"2";"4";"26";"1";""
"202400040487";"155710420";"A01";"3";"7";"0";"2";"1";"1";"1";""
"202400040488";"155710417";"A01";"3";"7";"0";"2";"2";"16";"1";""
"202400040488";"155710419";"B01";"3";"1";"0";"2";"8";"19";"5";""
"202400040489";"155710415";"A01";"1";"7";"0";"2";"7";"15";"1";""
"202400040489";"155710416";"B01";"2";"2";"0";"2";"1";"1";"1";""
"202400040490";"155710414";"A01";"1";"7";"2";"0";"0";"0";"1";""
"202400040491";"155710411";"A01";"1";"7";"0";"0";"9";"1";"1";""
"202400040492";"155710410";"A01";"1";"7";"1";"2";"3";"3";"1";""
"202400040492";"155710413";"D01";"2";"7";"0";"2";"6";"24";"1";""
"202400040493";"155710409";"B01";"2";"7";"0";"2";"0";"5";"1";""
"202400040493";"155710412";"A01";"1";"1";"0";"2";"0";"1";"5";""
"202400040494";"155710406";"A01";"2";"10";"0";"2";"1";"13";"1";""
"202400040494";"155710408";"B01";"1";"7";"0";"2";"1";"0";"1";""
"202400040495";"155710402";"A01";"2";"33";"0";"0";"0";"26";"1";""
"202400040495";"155710405";"B01";"1";"0";"0";"0";"0";"13";"0";""
"202400040496";"155710401";"B01";"3";"10";"0";"2";"2";"1";"1";""
"202400040496";"155710403";"C01";"3";"7";"0";"2";"4";"1";"1";""
"202400040496";"155710404";"A01";"3";"10";"0";"2";"3";"13";"1";""
"202400040496";"155710407";"D01";"3";"7";"0";"2";"0";"0";"2";""
"202400040497";"155710399";"A01";"1";"7";"0";"2";"4";"2";"1";""
"202400040497";"155710400";"B01";"1";"7";"0";"2";"1";"2";"1";""
"202400040498";"155710397";"A01";"2";"7";"0";"2";"8";"24";"1";""
"202400040498";"155710398";"B01";"2";"1";"1";"0";"0";"1";"5";""
"202400040499";"155710396";"A01";"2";"7";"0";"1";"1";"1";"3";""
"202400040500";"155710394";"A01";"1";"7";"0";"2";"1";"2";"1";""
"202400040500";"155710395";"B01";"1";"7";"0";"2";"4";"2";"1";""
"202400040501";"155710391";"B01";"1";"1";"0";"2";"0";"1";"5";""
"202400040501";"155710393";"A01";"1";"7";"0";"2";"0";"0";"1";""
"202400040502";"155710390";"A01";"1";"33";"0";"2";"1";"18";"1";""
"202400040502";"155710392";"B01";"1";"7";"0";"2";"2";"16";"1";""
"202400040503";"155710388";"A01";"3";"30";"0";"2";"1";"2";"1";""
"202400040503";"155710389";"B01";"3";"7";"0";"2";"6";"23";"1";""
"202400040504";"155710386";"A01";"0";"7";"0";"2";"3";"11";"2";""
"202400040504";"155710387";"B01";"0";"33";"0";"2";"7";"3";"1";""
"202400040505";"155710385";"A01";"1";"7";"0";"1";"2";"26";"1";""
"202400040506";"155710382";"A01";"1";"7";"6";"0";"0";"21";"1";""
"202400040507";"155710381";"A01";"2";"7";"0";"2";"1";"2";"1";""
"202400040507";"155710384";"B01";"2";"7";"0";"0";"4";"2";"1";""
"202400040508";"155710380";"A01";"2";"7";"0";"2";"8";"1";"2";""
"202400040508";"155710383";"B01";"2";"1";"0";"2";"8";"16";"5";""
"202400040509";"155710378";"A01";"1";"7";"0";"2";"3";"1";"1";""
"202400040509";"155710379";"B01";"2";"33";"0";"2";"7";"1";"1";""
"202400040510";"155710376";"A01";"2";"33";"0";"0";"0";"2";"1";""
"202400040511";"155710375";"A01";"1";"30";"0";"2";"7";"14";"1";""
"202400040511";"155710377";"B01";"1";"7";"0";"2";"1";"1";"2";""
"202400040512";"155710373";"A01";"1";"33";"0";"2";"1";"2";"1";""
"202400040512";"155710374";"B01";"1";"7";"0";"2";"4";"2";"1";""
"202400040513";"155710372";"A01";"2";"7";"0";"1";"1";"2";"0";""
"202400040514";"155710371";"A01";"1";"1";"0";"9";"0";"26";"5";""
"202400040515";"155710369";"A01";"2";"2";"1";"0";"2";"1";"1";""
"202400040516";"155710367";"A01";"1";"7";"16";"0";"6";"0";"1";""
"202400040516";"155710370";"B01";"1";"7";"1";"2";"1";"2";"0";""
"202400040517";"155710366";"A01";"1";"31";"0";"2";"1";"1";"1";""
"202400040517";"155710368";"B01";"1";"7";"0";"2";"5";"1";"1";""
"202400040518";"155710364";"B01";"2";"30";"0";"2";"4";"2";"1";""
"202400040518";"155710365";"A01";"2";"7";"0";"2";"1";"2";"1";""
"202400040519";"155710361";"A01";"1";"7";"0";"1";"2";"1";"1";""
"202400040520";"155710360";"A01";"1";"30";"0";"2";"0";"18";"1";""
"202400040520";"155710362";"B01";"2";"7";"0";"2";"3";"15";"1";""
"202400040521";"155710359";"A01";"1";"7";"0";"9";"2";"1";"1";""
"202400040521";"155710363";"B01";"2";"50";"0";"2";"7";"1";"3";""
"202400040522";"155710358";"A01";"3";"7";"7";"0";"1";"14";"1";""
"202400040523";"155710357";"A01";"2";"7";"16";"0";"3";"13";"1";""
"202400040524";"155710355";"A01";"2";"33";"0";"2";"7";"15";"1";""
"202400040524";"155710356";"B01";"2";"7";"0";"2";"8";"0";"1";""
"202400040525";"155710352";"A01";"3";"7";"0";"2";"3";"9";"1";""
"202400040525";"155710354";"B01";"3";"2";"0";"2";"1";"1";"1";""
"202400040526";"155710351";"A01";"1";"7";"12";"2";"1";"1";"1";""
"202400040526";"155710353";"B01";"2";"7";"0";"2";"1";"1";"1";""
"202400040527";"155710348";"A01";"3";"7";"4";"0";"1";"14";"1";""
"202400040528";"155710347";"B01";"3";"2";"0";"2";"1";"1";"1";""
"202400040528";"155710350";"A01";"3";"7";"0";"2";"7";"9";"1";""
"202400040529";"155710346";"B01";"1";"7";"1";"2";"7";"15";"1";""
"202400040529";"155710349";"A01";"2";"30";"0";"2";"7";"1";"1";""
"202400040530";"155710343";"A01";"1";"33";"0";"2";"7";"18";"1";""
"202400040530";"155710345";"B01";"1";"7";"0";"2";"8";"2";"1";""
"202400040531";"155710342";"A01";"3";"7";"0";"2";"8";"4";"1";""
"202400040531";"155710344";"B01";"1";"80";"0";"2";"1";"1";"3";""
"202400040532";"155710341";"A01";"3";"7";"0";"1";"3";"2";"1";""
"202400040533";"155710339";"A01";"1";"7";"0";"2";"1";"1";"1";""
"202400040533";"155710340";"B01";"2";"7";"0";"2";"1";"5";"1";""
"202400040534";"155710336";"A01";"3";"7";"0";"9";"2";"17";"1";""
"202400040534";"155710338";"B01";"3";"2";"0";"2";"4";"15";"1";""
"202400040535";"155710335";"Z01";"2";"0";"0";"2";"2";"1";"0";""
"202400040535";"155710337";"A01";"1";"7";"0";"2";"4";"23";"1";""
"202400040536";"155710332";"B01";"1";"38";"0";"2";"6";"19";"1";"1"
"202400040536";"155710334";"A01";"2";"33";"0";"2";"1";"1";"1";""
"202400040537";"155710330";"A01";"3";"50";"0";"2";"1";"1";"3";""
"202400040537";"155710333";"B01";"3";"80";"0";"2";"4";"1";"3";""
"202400040538";"155710329";"B01";"0";"37";"0";"2";"3";"1";"1";"2"
"202400040538";"155710331";"A01";"0";"7";"0";"2";"8";"9";"2";""
"202400040539";"155710326";"A01";"2";"10";"0";"2";"3";"13";"1";""
"202400040539";"155710328";"B01";"1";"7";"0";"2";"3";"1";"1";""
"202400040540";"155710322";"A01";"2";"10";"0";"2";"2";"17";"1";""
"202400040540";"155710325";"B01";"2";"7";"0";"2";"8";"15";"1";""
"202400040541";"155710323";"C01";"1";"7";"0";"2";"4";"0";"1";""
"202400040541";"155710324";"A01";"1";"7";"0";"2";"2";"0";"1";""
"202400040541";"155710327";"B01";"1";"7";"0";"2";"9";"23";"1";""
"202400040542";"155710319";"A01";"2";"7";"0";"2";"3";"13";"1";""
"202400040542";"155710321";"B01";"1";"7";"0";"2";"3";"1";"1";""
"202400040543";"155710318";"A01";"1";"7";"0";"1";"2";"14";"1";""
"202400040544";"155710317";"C01";"0";"7";"0";"2";"3";"15";"1";""
"202400040544";"155710320";"B01";"2";"7";"0";"2";"2";"26";"1";""
"202400040545";"155710315";"A01";"0";"7";"0";"1";"3";"1";"2";""
"202400040546";"155710313";"A01";"0";"7";"0";"2";"3";"1";"1";""
"202400040546";"155710316";"B01";"1";"33";"0";"2";"2";"1";"1";""
"202400040547";"155710312";"A01";"2";"7";"0";"2";"1";"1";"1";""
"202400040547";"155710314";"B01";"1";"7";"0";"2";"7";"1";"1";""
"202400040548";"155710311";"A01";"3";"30";"15";"0";"2";"14";"1";""
"202400040549";"155710310";"A01";"2";"2";"0";"0";"0";"1";"1";""
"202400040550";"155710308";"A01";"2";"7";"0";"1";"1";"1";"3";""
"202400040551";"155710307";"A01";"1";"33";"0";"2";"1";"17";"1";""
"202400040551";"155710309";"B01";"1";"7";"0";"2";"8";"15";"1";""
"202400040552";"155710305";"B01";"1";"7";"0";"2";"6";"2";"1";""
"202400040552";"155710306";"A01";"1";"30";"0";"2";"1";"2";"1";""
"202400040553";"155710304";"A01";"1";"7";"0";"1";"1";"1";"1";""
"202400040554";"155710303";"A01";"3";"7";"0";"1";"1";"15";"1";""
"202400040555";"155710299";"A01";"1";"7";"0";"2";"3";"13";"1";""
"202400040555";"155710301";"B01";"2";"7";"0";"2";"3";"1";"1";""
"202400040555";"155710302";"C01";"2";"15";"0";"2";"8";"1";"1";""
"202400040556";"155710298";"A01";"1";"33";"9";"0";"2";"14";"1";""
"202400040557";"155710294";"A01";"3";"10";"13";"0";"2";"1";"1";""
"202400040558";"155710291";"A01";"2";"2";"2";"0";"1";"14";"1";""
"202400040559";"155710292";"A01";"1";"7";"0";"1";"3";"15";"1";""
"202400040560";"155710288";"A01";"1";"7";"0";"2";"1";"13";"1";""
"202400040560";"155710290";"B01";"2";"7";"0";"2";"1";"1";"1";""
"202400040561";"155710287";"A01";"2";"7";"0";"1";"1";"1";"1";""
"202400040562";"155710285";"B01";"2";"7";"0";"2";"0";"0";"1";""
"202400040562";"155710286";"A01";"2";"7";"0";"2";"0";"0";"0";""
"202400040562";"155710289";"C01";"2";"7";"0";"2";"0";"0";"1";""
"202400040563";"155710284";"A01";"2";"7";"1";"0";"1";"1";"1";""
"202400040564";"155710281";"A01";"1";"7";"0";"2";"3";"15";"1";""
"202400040564";"155710283";"B01";"1";"10";"0";"2";"3";"1";"1";""
"202400040565";"155710280";"B01";"1";"33";"1";"0";"1";"1";"1";""
"202400040565";"155710282";"A01";"1";"7";"0";"2";"8";"22";"1";""
"202400040566";"155710279";"A01";"2";"10";"0";"1";"2";"1";"1";""
"202400040567";"155710276";"B01";"3";"7";"0";"2";"1";"21";"1";""
"202400040567";"155710278";"Z01";"0";"7";"0";"2";"1";"5";"2";""
"202400040568";"155710275";"A01";"1";"7";"0";"2";"2";"1";"1";""
"202400040568";"155710277";"B01";"3";"1";"0";"2";"1";"25";"5";""
"202400040569";"155710273";"A01";"0";"15";"0";"1";"5";"1";"1";""
"202400040570";"155710271";"A01";"1";"7";"8";"0";"7";"0";"1";""
"202400040571";"155710272";"A01";"2";"7";"0";"2";"8";"15";"1";""
"202400040571";"155710274";"B01";"2";"10";"0";"2";"2";"2";"1";""
"202400040572";"155710267";"A01";"3";"2";"0";"2";"1";"13";"1";""
"202400040572";"155710269";"B01";"3";"10";"0";"2";"3";"21";"1";""
"202400040573";"155710266";"A01";"3";"7";"14";"2";"1";"13";"1";""
"202400040573";"155710270";"B01";"3";"1";"0";"2";"7";"0";"5";""
"202400040574";"155710265";"Z01";"3";"7";"0";"2";"0";"1";"0";""
"202400040574";"155710268";"A01";"3";"7";"0";"2";"1";"26";"1";""
"202400040575";"155710263";"A01";"2";"7";"17";"0";"1";"1";"1";""
"202400040576";"155710261";"A01";"1";"7";"0";"0";"0";"0";"0";""