"Num_Acc";"id_vehicule";"num_veh";"senc";"catv";"obs";"obsm";"choc";"manv";"motor";"occutc"
"202400040576";"155710264";"B01";"3";"7";"0";"2";"4";"24";"1";""
"202400040577";"155710260";"A01";"2";"2";"0";"2";"8";"9";"1";""
"202400040577";"155710262";"B01";"3";"7";"0";"2";"1";"1";"1";""
"202400040578";"155710259";"A01";"1";"10";"0";"1";"3";"2";"3";""
"202400040579";"155710255";"A01";"3";"7";"0";"1";"2";"1";"1";""
"202400040580";"155710256";"A01";"1";"7";"6";"0";"1";"0";"1";""
"202400040581";"155710257";"B01";"1";"7";"0";"2";"2";"1";"1";""
"202400040581";"155710258";"A01";"2";"30";"0";"2";"3";"9";"1";""
"202400040582";"155710252";"A01";"0";"7";"0";"2";"3";"26";"2";""
"202400040582";"155710254";"B01";"0";"10";"0";"2";"3";"1";"1";""
"202400040583";"155710250";"B01";"1";"33";"0";"2";"3";"1";"1";""
"202400040583";"155710253";"A01";"2";"7";"0";"2";"7";"15";"2";""
"202400040584";"155710249";"A01";"1";"7";"0";"2";"2";"16";"1";""
"202400040584";"155710251";"B01";"1";"1";"0";"2";"3";"9";"5";""
"202400040585";"155710244";"B01";"0";"32";"0";"2";"1";"1";"1";""
"202400040585";"155710248";"A01";"0";"7";"0";"2";"3";"15";"1";""
"202400040586";"155710245";"A01";"3";"7";"8";"0";"1";"26";"1";""
"202400040587";"155710246";"B01";"1";"7";"0";"2";"2";"2";"1";""
"202400040587";"155710247";"A01";"3";"7";"0";"2";"3";"9";"1";""
"202400040588";"155710240";"B01";"2";"7";"0";"2";"1";"1";"1";""
"202400040588";"155710243";"A01";"2";"1";"0";"2";"7";"1";"5";""
"202400040589";"155710239";"A01";"3";"3";"0";"2";"2";"15";"0";""
"202400040589";"155710242";"B01";"3";"30";"0";"2";"1";"1";"1";""
"202400040590";"155710241";"Z01";"2";"7";"0";"1";"2";"16";"1";""
"202400040591";"155710238";"A01";"1";"33";"4";"0";"1";"1";"1";""
"202400040592";"155710236";"A01";"3";"0";"0";"1";"0";"0";"0";""
"202400040593";"155710234";"A01";"2";"33";"0";"0";"0";"0";"1";""
"202400040594";"155710233";"A01";"2";"50";"0";"1";"1";"1";"3";""
"202400040595";"155710230";"A01";"2";"10";"0";"2";"2";"2";"1";""
"202400040595";"155710231";"B01";"2";"10";"0";"2";"6";"15";"1";""
"202400040596";"155710229";"A01";"3";"7";"0";"2";"1";"9";"1";""
"202400040596";"155710232";"B01";"3";"7";"0";"2";"7";"1";"1";""
"202400040597";"155710228";"A01";"3";"7";"0";"0";"0";"1";"1";""
"202400040598";"155710226";"A01";"2";"31";"0";"0";"8";"1";"1";""
"202400040599";"155710224";"A01";"3";"7";"0";"0";"1";"13";"1";""
"202400040599";"155710227";"B01";"3";"7";"0";"2";"1";"1";"1";""
"202400040600";"155710223";"A01";"2";"1";"0";"2";"3";"26";"5";""
"202400040600";"155710225";"B01";"2";"7";"0";"2";"2";"1";"1";""
"202400040601";"155710220";"A01";"3";"7";"0";"2";"8";"15";"1";""
"202400040601";"155710221";"B01";"3";"2";"0";"2";"2";"17";"3";""
"202400040602";"155710219";"B01";"1";"10";"0";"2";"7";"2";"1";""
"202400040602";"155710222";"A01";"1";"30";"0";"2";"3";"15";"1";""
"202400040603";"155710217";"A01";"2";"7";"0";"2";"2";"15";"1";""
"202400040603";"155710218";"B01";"2";"7";"0";"2";"1";"1";"2";""
"202400040604";"155710215";"A01";"1";"30";"0";"0";"0";"1";"1";""
"202400040605";"155710214";"A01";"1";"50";"0";"0";"0";"2";"3";""
"202400040606";"155710210";"A01";"2";"7";"0";"2";"1";"19";"1";""
"202400040606";"155710213";"B01";"2";"7";"0";"2";"7";"1";"1";""
"202400040606";"155710216";"C01";"1";"7";"0";"2";"2";"1";"1";""
"202400040607";"155710209";"A01";"2";"7";"0";"2";"2";"1";"1";""
"202400040607";"155710212";"B01";"3";"1";"0";"2";"1";"19";"5";""
"202400040608";"155710208";"A01";"1";"3";"0";"2";"3";"16";"3";""
"202400040608";"155710211";"B01";"1";"7";"0";"2";"2";"1";"1";""
"202400040609";"155710207";"A01";"1";"7";"3";"0";"1";"1";"1";""
"202400040610";"155710204";"B01";"3";"7";"0";"2";"2";"2";"1";""
"202400040610";"155710206";"A01";"3";"10";"0";"2";"3";"13";"1";""
"202400040611";"155710202";"B01";"1";"7";"0";"2";"1";"1";"1";""
"202400040611";"155710205";"A01";"2";"7";"0";"2";"1";"13";"1";""
"202400040612";"155710201";"B01";"2";"7";"0";"2";"4";"12";"1";""
"202400040612";"155710203";"A01";"2";"33";"0";"2";"1";"3";"1";""
"202400040613";"155710199";"A01";"2";"7";"0";"2";"1";"17";"1";""
"202400040613";"155710200";"B01";"1";"7";"0";"2";"1";"1";"1";""
"202400040614";"155710197";"A01";"2";"10";"0";"1";"2";"2";"1";""
"202400040615";"155710196";"A01";"1";"7";"0";"2";"1";"2";"1";""
"202400040615";"155710198";"B01";"1";"7";"0";"2";"4";"2";"1";""
"202400040616";"155710194";"A01";"1";"7";"13";"0";"3";"13";"1";""
"202400040617";"155710193";"A01";"2";"7";"4";"0";"9";"1";"1";""
"202400040618";"155710192";"A01";"2";"7";"1";"2";"7";"1";"1";""
"202400040618";"155710195";"B01";"1";"7";"0";"2";"3";"1";"1";""
"202400040619";"155710191";"A01";"2";"34";"0";"0";"0";"0";"1";""
"202400040620";"155710188";"A01";"1";"7";"0";"2";"1";"2";"1";""
"202400040620";"155710190";"B01";"1";"7";"0";"2";"4";"1";"1";""
"202400040621";"155710187";"A01";"3";"33";"0";"2";"4";"16";"1";""
"202400040621";"155710189";"B01";"3";"7";"0";"2";"0";"2";"1";""
"202400040622";"155710186";"A01";"3";"7";"0";"1";"3";"15";"1";""
"202400040623";"155710182";"B01";"1";"33";"0";"2";"1";"1";"1";""
"202400040623";"155710185";"A01";"2";"7";"0";"2";"8";"1";"1";""
"202400040624";"155710181";"B01";"1";"10";"0";"2";"3";"1";"1";""
"202400040624";"155710183";"A01";"1";"30";"0";"2";"1";"1";"1";""
"202400040625";"155710180";"A01";"1";"7";"0";"2";"1";"26";"1";""
"202400040625";"155710184";"B01";"3";"7";"0";"2";"3";"26";"1";""
"202400040626";"155710177";"B01";"1";"40";"0";"2";"7";"1";"3";""
"202400040626";"155710179";"A01";"1";"7";"0";"4";"8";"1";"1";""
"202400040627";"155710175";"A01";"2";"2";"0";"2";"0";"12";"1";""
"202400040627";"155710178";"B01";"2";"7";"0";"2";"7";"1";"2";""
"202400040628";"155710172";"A01";"3";"7";"0";"2";"1";"13";"1";""
"202400040628";"155710174";"B01";"3";"7";"0";"2";"9";"1";"1";""
"202400040628";"155710176";"C01";"3";"7";"0";"2";"1";"1";"1";""
"202400040629";"155710171";"X01";"2";"7";"0";"2";"4";"1";"0";""
"202400040629";"155710173";"A01";"2";"43";"3";"2";"4";"1";"1";""
"202400040630";"155710170";"A01";"2";"30";"0";"0";"0";"0";"1";""
"202400040631";"155710169";"A01";"1";"30";"0";"0";"8";"1";"1";""
"202400040632";"155710168";"A01";"1";"7";"0";"1";"7";"21";"1";""
"202400040633";"155710167";"A01";"3";"7";"0";"0";"0";"0";"1";""
"202400040634";"155710163";"A01";"1";"7";"0";"2";"6";"23";"1";""
"202400040634";"155710165";"B01";"1";"32";"1";"0";"1";"0";"1";""
"202400040635";"155710164";"Z01";"1";"14";"0";"2";"7";"1";"1";""
"202400040635";"155710166";"B01";"1";"50";"0";"2";"8";"15";"3";""
"202400040636";"155710160";"A01";"1";"7";"0";"2";"5";"15";"1";""
"202400040636";"155710162";"B01";"2";"31";"0";"2";"1";"1";"1";""
"202400040637";"155710161";"A01";"1";"7";"0";"1";"1";"15";"1";""
"202400040638";"155710157";"A01";"1";"2";"0";"2";"3";"1";"1";""
"202400040638";"155710159";"B01";"1";"7";"0";"2";"0";"15";"1";""
"202400040639";"155710155";"A01";"1";"7";"0";"0";"0";"1";"1";""
"202400040639";"155710156";"B01";"2";"30";"0";"2";"0";"13";"1";""
"202400040640";"155710153";"A01";"1";"7";"0";"2";"1";"2";"1";""
"202400040640";"155710154";"B01";"1";"7";"0";"2";"5";"23";"2";""
"202400040641";"155710150";"B01";"2";"33";"0";"2";"1";"1";"1";""
"202400040641";"155710152";"A01";"2";"7";"0";"2";"8";"10";"1";""
"202400040642";"155710149";"B01";"1";"33";"0";"2";"7";"17";"1";""
"202400040642";"155710151";"A01";"1";"14";"0";"2";"8";"2";"1";""
"202400040643";"155710147";"A01";"1";"7";"0";"2";"7";"15";"1";""
"202400040643";"155710148";"B01";"2";"2";"0";"2";"1";"1";"1";""
"202400040644";"155710146";"A01";"3";"37";"0";"1";"2";"2";"1";"1"
"202400040645";"155710144";"A01";"1";"30";"0";"0";"0";"1";"1";""
"202400040646";"155710143";"A01";"2";"7";"0";"2";"2";"1";"1";""
"202400040646";"155710145";"B01";"2";"7";"0";"2";"8";"15";"1";""
"202400040647";"155710140";"B01";"1";"30";"0";"2";"1";"0";"1";""
"202400040647";"155710142";"A01";"1";"7";"0";"2";"1";"1";"1";""
"202400040648";"155710139";"B01";"2";"33";"0";"2";"1";"17";"1";""
"202400040648";"155710141";"A01";"2";"10";"0";"2";"3";"15";"1";""
"202400040649";"155710138";"A01";"1";"2";"14";"0";"2";"16";"3";""
"202400040650";"155710136";"A01";"1";"7";"0";"2";"7";"15";"1";""
"202400040650";"155710137";"B01";"2";"33";"0";"2";"1";"21";"1";""
"202400040651";"155710133";"B01";"1";"10";"0";"2";"6";"9";"1";""
"202400040651";"155710135";"A01";"1";"33";"0";"2";"1";"1";"1";""
"202400040652";"155710132";"A01";"0";"7";"3";"2";"2";"14";"1";""
"202400040652";"155710134";"B01";"0";"7";"3";"2";"2";"13";"1";""
"202400040653";"155710131";"A01";"3";"7";"0";"1";"1";"15";"1";""
"202400040654";"155710129";"A01";"2";"7";"0";"2";"2";"2";"1";""
"202400040654";"155710130";"B01";"1";"50";"0";"2";"4";"2";"3";""
"202400040655";"155710124";"B01";"2";"31";"0";"2";"1";"1";"0";""
"202400040655";"155710127";"A01";"1";"7";"0";"2";"1";"10";"1";""
"202400040656";"155710123";"B01";"1";"7";"0";"2";"4";"2";"2";""
"202400040656";"155710125";"A01";"1";"7";"0";"2";"1";"2";"2";""
"202400040656";"155710126";"D01";"1";"7";"0";"2";"4";"2";"1";""
"202400040656";"155710128";"C01";"1";"7";"0";"2";"4";"2";"1";""
"202400040657";"155710118";"B01";"2";"31";"1";"0";"5";"17";"1";""
"202400040657";"155710120";"A01";"2";"7";"0";"2";"3";"22";"3";""
"202400040658";"155710117";"A01";"1";"7";"0";"2";"1";"2";"1";""
"202400040658";"155710119";"B01";"1";"7";"0";"2";"1";"2";"1";""
"202400040658";"155710121";"C01";"1";"7";"0";"2";"1";"2";"1";""
"202400040658";"155710122";"D01";"1";"7";"0";"2";"1";"0";"1";""
"202400040659";"155710116";"A01";"1";"7";"1";"0";"1";"2";"1";""
"202400040660";"155710115";"A01";"1";"31";"0";"1";"1";"16";"1";""
"202400040661";"155710113";"A01";"1";"41";"0";"2";"1";"2";"1";""
"202400040661";"155710114";"B01";"3";"10";"0";"2";"4";"15";"1";""
"202400040662";"155710111";"A01";"2";"7";"0";"2";"2";"2";"1";""
"202400040662";"155710112";"Z01";"2";"32";"0";"0";"1";"2";"1";""
"202400040663";"155710109";"A01";"2";"30";"0";"2";"1";"1";"1";""
"202400040663";"155710110";"B01";"3";"7";"0";"2";"6";"1";"1";""
"202400040664";"155710107";"B01";"2";"7";"0";"2";"3";"9";"1";""
"202400040664";"155710108";"A01";"1";"1";"0";"2";"1";"1";"5";""
"202400040665";"155710105";"A01";"3";"7";"0";"2";"6";"16";"1";""
"202400040665";"155710106";"B01";"3";"30";"0";"2";"1";"1";"1";""
"202400040666";"155710103";"A01";"1";"1";"0";"2";"7";"1";"5";""
"202400040666";"155710104";"B01";"1";"7";"0";"2";"1";"9";"1";""
"202400040667";"155710101";"A01";"3";"10";"0";"2";"3";"9";"1";""
"202400040667";"155710102";"B01";"3";"30";"0";"2";"1";"15";"1";""
"202400040668";"155710099";"B01";"2";"1";"1";"0";"3";"1";"5";""
"202400040668";"155710100";"A01";"2";"7";"1";"0";"3";"22";"1";""
"202400040669";"155710097";"A01";"3";"1";"0";"2";"1";"16";"5";""
"202400040669";"155710098";"B01";"3";"50";"0";"2";"1";"15";"3";""
"202400040670";"155710095";"A01";"2";"50";"0";"2";"8";"1";"3";""
"202400040670";"155710096";"Z01";"2";"10";"0";"2";"1";"7";"1";""
"202400040671";"155710094";"A01";"3";"2";"12";"0";"1";"16";"1";""
"202400040672";"155710093";"A01";"3";"10";"0";"1";"1";"1";"1";""
"202400040673";"155710091";"B01";"3";"7";"0";"2";"2";"15";"1";""
"202400040673";"155710092";"A01";"3";"32";"0";"2";"3";"1";"1";""
"202400040674";"155710089";"A01";"0";"10";"6";"2";"8";"15";"1";""
"202400040674";"155710090";"B01";"0";"33";"0";"2";"1";"2";"1";""
"202400040675";"155710087";"A01";"3";"10";"0";"2";"1";"1";"1";""
"202400040675";"155710088";"B01";"3";"7";"0";"2";"4";"1";"1";""
"202400040676";"155710085";"A01";"3";"2";"0";"2";"1";"2";"1";""
"202400040676";"155710086";"B01";"3";"7";"0";"2";"4";"23";"1";""
"202400040677";"155710081";"A01";"3";"30";"1";"0";"1";"1";"1";""
"202400040677";"155710082";"B01";"3";"37";"0";"2";"4";"23";"1";"1"
"202400040678";"155710083";"A01";"2";"2";"0";"2";"1";"2";"1";""
"202400040678";"155710084";"B01";"2";"7";"0";"2";"3";"15";"1";""
"202400040679";"155710078";"A01";"2";"32";"0";"2";"1";"1";"1";""
"202400040679";"155710080";"B01";"1";"7";"0";"2";"4";"1";"1";""
"202400040680";"155710077";"A01";"3";"30";"0";"2";"1";"1";"1";""
"202400040680";"155710079";"B01";"3";"10";"0";"2";"4";"1";"1";""
"202400040681";"155710075";"A01";"1";"7";"0";"2";"1";"17";"1";""
"202400040681";"155710076";"B01";"1";"7";"0";"0";"4";"1";"1";""
"202400040682";"155710074";"A01";"3";"7";"0";"1";"3";"0";"0";""
"202400040683";"155710073";"A01";"2";"7";"2";"0";"2";"1";"1";""
"202400040684";"155710071";"B01";"1";"7";"0";"2";"2";"9";"3";""
"202400040684";"155710072";"A01";"2";"32";"0";"2";"1";"1";"1";""
"202400040685";"155710069";"B01";"3";"1";"0";"2";"8";"1";"5";""
"202400040685";"155710070";"A01";"3";"7";"0";"2";"1";"15";"1";""
"202400040686";"155710068";"A01";"0";"7";"0";"1";"0";"0";" -1";""
"202400040687";"155710067";"A01";"3";"7";"0";"1";"1";"9";"1";""
"202400040688";"155710066";"A01";"1";"7";"0";"1";"1";"1";"1";""
"202400040689";"155710063";"A01";"2";"32";"0";"2";"1";"1";"1";""
"202400040689";"155710065";"B01";"2";"7";"0";"2";"4";"1";"1";""
"202400040690";"155710062";"B01";"3";"7";"0";"2";"1";"1";"1";""
"202400040690";"155710064";"A01";"3";"7";"0";"2";"7";"1";"3";""
"202400040691";"155710061";"A01";"1";"7";"1";"0";"1";"1";"2";""
"202400040692";"155710060";"B01";"1";"37";"1";"1";"7";"1";"1";"1"
"202400040693";"155710058";"B01";"1";"43";"0";"2";"7";"17";"1";""
"202400040693";"155710059";"A01";"1";"7";"0";"2";"8";"13";"2";""
"202400040694";"155710057";"A01";"1";"7";"0";"1";"1";"15";"2";""
"202400040695";"155710055";"A01";"1";"3";"0";"2";"1";"1";"3";""
"202400040695";"155710056";"B01";"1";"10";"0";"2";"4";"23";"1";""
"202400040696";"155710054";"A01";"0";"7";"0";"1";"1";"1";"2";""
"202400040697";"155710053";"Z01";"3";"7";"0";"1";"0";"0";"0";""
"202400040698";"155710052";"A01";"1";"7";"0";"1";"2";"2";"1";""
"202400040699";"155710051";"A01";"1";"50";"1";"0";"1";"1";"3";""
"202400040700";"155710048";"A01";"2";"7";"2";"0";"1";"14";"2";""
"202400040701";"155710049";"A01";"3";"32";"0";"2";"7";"2";"1";""
"202400040701";"155710050";"B01";"3";"7";"0";"2";"5";"2";"3";""
"202400040702";"155710045";"A01";"1";"33";"0";"2";"1";"21";"1";""
"202400040702";"155710047";"B01";"1";"37";"0";"2";"3";"1";"1";"1"
"202400040703";"155710044";"A01";"0";"7";"0";"2";"7";"1";"2";""
"202400040703";"155710046";"B01";"0";"32";"0";"2";"1";"1";"0";""
"202400040704";"155710043";"A01";"0";"7";"13";"0";"1";"14";"1";""
"202400040705";"155710042";"A01";"1";"7";"17";"0";"1";"17";"1";""
"202400040706";"155710040";"A01";"1";"10";"9";"0";"2";"15";"0";""
"202400040706";"155710041";"B01";"1";"32";"0";"0";"1";"2";"1";""
"202400040707";"155710038";"A01";"1";"7";"13";"0";"2";"0";"1";""
"202400040707";"155710039";"B01";"1";"7";"13";"0";"6";"0";"1";""
"202400040708";"155710036";"A01";"2";"7";"0";"2";"2";"20";"2";""
"202400040708";"155710037";"B01";"2";"10";"0";"2";"1";"1";"1";""
"202400040709";"155710034";"A01";"2";"1";"0";"0";"0";"1";"5";""
"202400040709";"155710035";"B01";"1";"7";"0";"0";"0";"15";"1";""
"202400040710";"155710032";"A01";"0";"7";"0";"4";"8";"15";"1";""
"202400040710";"155710033";"B01";"0";"40";"0";"2";"2";"1";"0";""
"202400040711";"155710029";"A01";"3";"7";"9";"0";"1";"1";"2";""
"202400040712";"155710028";"A01";"1";"7";"1";"2";"3";"2";"1";""
"202400040713";"155710027";"A01";"2";"10";"5";"1";"1";"9";"1";""
"202400040714";"155710025";"B01";"2";"7";"0";"2";"8";"1";"1";""
"202400040714";"155710026";"A01";"2";"7";"0";"2";"1";"1";"1";""
"202400040715";"155710030";"B01";"2";"33";"0";"2";"1";"1";"1";""
"202400040715";"155710031";"A01";"1";"10";"0";"2";"2";"11";"1";""
"202400040716";"155710022";"A01";"3";"7";"1";"0";"2";"5";"1";""
"202400040717";"155710020";"A01";"1";"7";"0";"2";"1";"0";"1";""
"202400040717";"155710021";"B01";"2";"10";"0";"2";"1";"0";"1";""
"202400040718";"155710017";"A01";"2";"7";"0";"2";"3";"17";"1";""
"202400040718";"155710019";"B01";"1";"10";"0";"2";"3";"1";"1";""
"202400040719";"155710015";"C01";"1";"10";"0";"2";"2";"21";"1";""
"202400040719";"155710016";"B01";"1";"2";"0";"2";"1";"1";"1";""
"202400040719";"155710018";"A01";"2";"7";"0";"2";"3";"9";"2";""
"202400040720";"155710014";"A01";"1";"7";"0";"1";"2";"2";"1";""
"202400040721";"155710013";"A01";"2";"33";"0";"0";"8";"1";"1";""
"202400040722";"155710011";"A01";"1";"33";"0";"2";"1";"1";"1";""
"202400040722";"155710012";"B01";"1";"33";"0";"2";"1";"1";"1";""
"202400040723";"155710008";"A01";"2";"7";"6";"0";"2";"14";"1";""
"202400040724";"155710007";"A01";"2";"7";"0";"2";"1";"2";"1";""
"202400040724";"155710009";"B01";"2";"7";"0";"2";"1";"2";"1";""
"202400040724";"155710010";"C01";"2";"7";"0";"2";"4";"1";"1";""
"202400040725";"155710004";"A01";"1";"7";"0";"1";"1";"1";"1";""
"202400040726";"155710002";"A01";"2";"7";"0";"0";"9";"1";"1";""
"202400040727";"155710001";"A01";"2";"7";"4";"0";"3";"0";"1";""
"202400040728";"155710000";"A01";"2";"7";"2";"0";"7";"1";"1";""
"202400040729";"155709999";"A01";"2";"10";"0";"1";"2";"0";"1";""
"202400040730";"155709997";"A01";"1";"7";"2";"0";"1";"14";"1";""
"202400040731";"155709996";"A01";"3";"7";"0";"2";"1";"13";"1";""
"202400040731";"155709998";"B01";"3";"7";"0";"2";"3";"1";"1";""
"202400040732";"155709994";"A01";"1";"7";"8";"0";"3";"1";"1";""
"202400040733";"155709993";"B01";"0";"21";"0";"2";"3";"24";"0";""
"202400040733";"155709995";"A01";"0";"7";"1";"0";"3";"1";"1";""
"202400040734";"155709992";"A01";"3";"10";"2";"0";"1";"13";"1";""
"202400040735";"155709990";"A01";"1";"7";"1";"6";"1";"11";"1";""
"202400040735";"155709991";"B01";"1";"7";"0";"6";"1";"23";"2";""
"202400040736";"155709989";"A01";"3";"1";"0";"0";"0";"0";"5";""
"202400040737";"155709987";"A01";"1";"7";"0";"2";"8";"1";"1";""
"202400040737";"155709988";"B01";"1";"7";"0";"2";"1";"1";"1";""
"202400040738";"155709983";"A01";"1";"7";"0";"2";"3";"13";"1";""
"202400040738";"155709985";"B01";"1";"10";"0";"2";"8";"1";"3";""
"202400040739";"155709982";"A01";"2";"7";"0";"2";"3";"13";"1";""
"202400040739";"155709984";"B01";"1";"7";"0";"2";"1";"1";"1";""
"202400040740";"155709979";"A01";"2";"7";"0";"2";"2";"17";"1";""
"202400040740";"155709981";"B01";"2";"50";"0";"2";"4";"21";"3";""
"202400040741";"155709976";"A01";"0";"33";"0";"6";"1";"1";"1";""
"202400040742";"155709977";"A01";"3";"1";"0";"1";"1";"2";"5";""
"202400040743";"155709975";"A01";"2";"7";"6";"0";"1";"14";"1";""
"202400040744";"155709974";"A01";"1";"7";"2";"0";"0";"1";"3";""
"202400040745";"155709973";"A01";"1";"33";"8";"0";"1";"1";"1";""
"202400040746";"155709970";"A01";"1";"7";"6";"2";"3";"1";"1";""
"202400040746";"155709972";"B01";"3";"7";"0";"2";"2";"0";"1";""
"202400040747";"155709969";"B01";"2";"33";"0";"0";"1";"2";"1";""
"202400040747";"155709971";"A01";"2";"10";"0";"0";"3";"15";"1";""
"202400040748";"155709967";"A01";"2";"7";"0";"0";"3";"0";"1";""
"202400040749";"155709966";"B01";"1";"1";"0";"2";"1";"1";"5";""
"202400040749";"155709968";"A01";"2";"7";"0";"9";"3";"0";"1";""
"202400040750";"155709965";"A01";"1";"7";"16";"0";"9";"0";"1";""
"202400040751";"155709964";"A01";"1";"7";"0";"1";"7";"1";"3";""
"202400040752";"155709963";"A01";"3";"10";"13";"0";"9";"0";"1";""
"202400040753";"155709961";"A01";"2";"7";"0";"2";"4";"1";"1";""
"202400040753";"155709962";"B01";"2";"15";"0";"2";"1";"1";"1";""
"202400040754";"155709959";"B01";"1";"7";"0";"0";"4";"1";"1";""
"202400040754";"155709960";"A01";"1";"7";"0";"2";"1";"1";"2";""
"202400040755";"155709957";"A01";"1";"7";"0";"2";"2";"13";"1";""
"202400040755";"155709958";"B01";"1";"1";"0";"2";"4";"2";"5";""
"202400040756";"155709955";"A01";"1";"7";"0";"2";"4";"2";"0";""
"202400040756";"155709956";"B01";"1";"1";"0";"0";"4";"1";"5";""
"202400040757";"155709954";"A01";"3";"7";"3";"0";"3";"1";"1";""
"202400040758";"155709951";"A01";"2";"7";"11";"0";"3";"1";"1";""
"202400040759";"155709950";"A01";"1";"7";"2";"0";"1";"1";"1";""
"202400040760";"155709949";"A01";"1";"33";"5";"0";"0";"1";"1";""
"202400040761";"155709947";"B01";"2";"7";"0";"2";"1";"1";"1";""
"202400040761";"155709948";"A01";"3";"7";"0";"2";"8";"0";"0";""
"202400040762";"155709945";"A01";"3";"7";"0";"9";"3";"26";"1";""
"202400040762";"155709946";"B01";"3";"33";"15";"2";"2";"1";"1";""
"202400040763";"155709943";"A01";"2";"1";"0";"0";"0";"1";"5";""
"202400040764";"155709942";"A01";"2";"7";"0";"2";"1";"17";"1";""
"202400040764";"155709944";"B01";"1";"7";"0";"2";"1";"1";"1";""
"202400040765";"155709940";"B01";"2";"80";"0";"2";"8";"2";"3";""
"202400040765";"155709941";"A01";"2";"7";"0";"2";"7";"17";"1";""
"202400040766";"155709938";"A01";"2";"10";"0";"2";"3";"13";"1";""
"202400040766";"155709939";"B01";"1";"7";"0";"2";"1";"1";"1";""
"202400040767";"155709937";"A01";"1";"3";"0";"0";"1";"1";"1";""
"202400040768";"155709935";"A01";"2";"7";"8";"0";"1";"1";"1";""
"202400040769";"155709934";"A01";"3";"7";"16";"2";"8";"19";"1";""
"202400040769";"155709936";"B01";"1";"7";"0";"2";"2";"1";"1";""
"202400040770";"155709933";"A01";"2";"10";"2";"0";"1";"5";"1";""
"202400040771";"155709929";"C01";"2";"7";"0";"0";"0";"26";"0";""
"202400040771";"155709930";"A01";"1";"7";"12";"2";"1";"21";"1";""
"202400040771";"155709932";"B01";"2";"7";"13";"0";"8";"23";"1";""
"202400040772";"155709928";"A01";"1";"7";"8";"0";"1";"0";"1";""
"202400040773";"155709927";"A01";"2";"33";"0";"0";"0";"1";"1";""
"202400040774";"155709922";"A01";"1";"7";"0";"0";"4";"1";"1";""
"202400040774";"155709924";"B01";"1";"7";"0";"2";"1";"1";"1";""
"202400040774";"155709925";"C01";"1";"7";"0";"2";"1";"1";"1";""
"202400040774";"155709926";"D01";"1";"7";"0";"2";"1";"1";"1";""
"202400040775";"155709921";"B01";"1";"38";"0";"2";"1";"1";"1";"1"
"202400040775";"155709923";"A01";"2";"13";"0";"2";"2";"15";"1";""
"202400040776";"155709917";"B01";"2";"34";"0";"2";"0";"17";"1";""
"202400040776";"155709918";"C01";"1";"7";"0";"9";"3";"1";"3";""
"202400040776";"155709920";"A01";"2";"7";"0";"2";"3";"2";"1";""
"202400040777";"155709916";"B01";"2";"32";"0";"2";"7";"1";"1";""
"202400040777";"155709919";"A01";"1";"7";"0";"2";"1";"15";"1";""
"202400040778";"155709912";"B01";"3";"38";"0";"9";"1";"1";"1";"1"
"202400040778";"155709914";"A01";"3";"1";"0";"2";"7";"19";"5";""
"202400040779";"155709913";"A01";"1";"10";"0";"2";"1";"2";"1";""
"202400040779";"155709915";"B01";"1";"15";"0";"0";"4";"2";"1";""
"202400040780";"155709911";"A01";"1";"7";"5";"0";"2";"1";"1";""
"202400040781";"155709907";"B01";"2";"7";"0";"2";"4";"2";"1";""
"202400040781";"155709909";"C01";"2";"7";"0";"0";"4";"2";"1";""
"202400040781";"155709910";"A01";"2";"10";"0";"2";"3";"2";"1";""
"202400040782";"155709906";"A01";"2";"10";"0";"2";"1";"2";"1";""
"202400040782";"155709908";"B01";"2";"10";"0";"0";"6";"2";"1";""
"202400040783";"155709905";"A01";"3";"2";"0";"0";"7";"0";"1";""
"202400040784";"155709899";"A01";"1";"7";"0";"2";"1";"5";"1";""
"202400040784";"155709900";"B01";"2";"7";"0";"2";"1";"1";"1";""
"202400040784";"155709902";"C01";"2";"7";"0";"2";"8";"1";"1";""
"202400040785";"155709898";"A01";"1";"15";"3";"0";"7";"1";"1";""
"202400040786";"155709896";"A01";"1";"7";"0";"1";"2";"23";"1";""
"202400040787";"155709895";"A01";"1";"7";"0";"2";"2";"2";"1";""
"202400040787";"155709897";"B01";"1";"15";"0";"0";"6";"2";"1";""
"202400040788";"155709893";"A01";"1";"7";"0";"2";"2";"17";"1";""
"202400040788";"155709894";"B01";"2";"7";"0";"2";"2";"1";"1";""
"202400040789";"155709891";"A01";"2";"10";"0";"0";"1";"1";"1";""
"202400040789";"155709892";"B01";"1";"2";"0";"2";"1";"17";"1";""
"202400040790";"155709890";"A01";"1";"7";"13";"0";"8";"1";"1";""
"202400040791";"155709888";"A01";"1";"10";"15";"0";"1";"13";"1";""
"202400040792";"155709887";"B01";"1";"7";"0";"2";"3";"1";"1";""
"202400040792";"155709889";"A01";"1";"10";"0";"0";"5";"21";"1";""
"202400040793";"155709885";"A01";"1";"32";"12";"0";"1";"1";"1";""
"202400040794";"155709884";"B01";"2";"15";"0";"0";"6";"2";"1";""
"202400040794";"155709886";"A01";"2";"7";"0";"2";"2";"2";"1";""
"202400040795";"155709882";"B01";"1";"1";"0";"2";"3";"1";"5";""
"202400040795";"155709883";"A01";"2";"7";"0";"2";"3";"15";"1";""
"202400040796";"155709880";"B01";"3";"1";"0";"2";"1";"1";"5";""
"202400040796";"155709881";"A01";"3";"7";"0";"2";"3";"15";"1";""