"Num_Acc";"id_vehicule";"num_veh";"senc";"catv";"obs";"obsm";"choc";"manv";"motor";"occutc"
"202400040797";"155709877";"A01";"3";"7";"0";"0";"3";"23";"1";""
"202400040797";"155709879";"B01";"3";"33";"0";"2";"1";"1";"1";""
"202400040798";"155709876";"B01";"1";"7";"0";"0";"4";"2";"0";""
"202400040798";"155709878";"A01";"1";"7";"0";"2";"1";"2";"1";""
"202400040799";"155709875";"A01";"1";"34";"0";"0";"7";"11";"1";""
"202400040800";"155709874";"A01";"3";"7";"0";"0";"0";"0";"1";""
"202400040801";"155709872";"B01";"0";"50";"0";"2";"7";"19";"3";""
"202400040801";"155709873";"A01";"1";"7";"0";"2";"8";"1";"1";""
"202400040802";"155709871";"A01";"0";"7";"6";"0";"1";"0";"1";""
"202400040803";"155709869";"A01";"3";"1";"0";"0";"0";"1";"5";""
"202400040804";"155709867";"B01";"1";"7";"0";"2";"3";"1";"1";""
"202400040804";"155709868";"A01";"2";"7";"0";"2";"3";"9";"1";""
"202400040805";"155709865";"B01";"2";"1";"0";"2";"1";"1";"5";""
"202400040805";"155709866";"A01";"1";"31";"0";"2";"1";"1";"1";""
"202400040806";"155709864";"A01";"1";"7";"6";"0";"1";"1";"1";""
"202400040807";"155709863";"A01";"1";"33";"8";"0";"1";"13";"1";""
"202400040808";"155709861";"A01";"2";"33";"0";"2";"1";"26";"1";""
"202400040808";"155709862";"Z01";" -1";"7";" -1";" -1";" -1";" -1";" -1";""
"202400040809";"155709859";"A01";"2";"34";"1";"0";"1";"2";"1";""
"202400040809";"155709860";"B01";"2";"7";"0";"0";"4";"2";"2";""
"202400040810";"155709856";"A01";"1";"7";"0";"2";"4";"1";"1";""
"202400040810";"155709857";"B01";"1";"7";"0";"2";"1";"2";"1";""
"202400040810";"155709858";"C01";"1";"7";"0";"2";"2";"13";"1";""
"202400040811";"155709853";"A01";"2";"7";"0";"2";"1";"1";"1";""
"202400040811";"155709854";"B01";"2";"7";"0";"2";"4";"2";"1";""
"202400040811";"155709855";"C01";"2";"7";"0";"2";"4";"2";"1";""
"202400040812";"155709851";"A01";"1";"7";"6";"2";"2";"14";"1";""
"202400040812";"155709852";"B01";"1";"7";"6";"2";"6";"2";"1";""
"202400040813";"155709849";"A01";"2";"7";"0";"2";"1";"26";"1";""
"202400040813";"155709850";"B01";"2";"7";"0";"0";"4";"1";"1";""
"202400040814";"155709843";"C01";"1";"7";"0";"2";"1";"2";"1";""
"202400040814";"155709844";"D01";"1";"7";"0";"2";"1";"2";"1";""
"202400040814";"155709845";"A01";"1";"7";"0";"2";"4";"2";"1";""
"202400040814";"155709846";"E01";"1";"7";"0";"2";"1";"2";"1";""
"202400040814";"155709847";"F01";"1";"7";"0";"2";"1";"2";"1";""
"202400040814";"155709848";"B01";"1";"7";"0";"2";"4";"2";"1";""
"202400040815";"155709841";"A01";"2";"7";"0";"2";"1";"2";"1";""
"202400040815";"155709842";"B01";"2";"7";"0";"2";"4";"2";"1";""
"202400040816";"155709839";"B01";"1";"7";"0";"2";"2";"1";"1";""
"202400040816";"155709840";"A01";"1";"7";"0";"2";"8";"19";"1";""
"202400040817";"155709838";"A01";"2";"33";"0";"2";"1";"2";"1";""
"202400040818";"155709836";"B01";"1";"7";"0";"2";"4";"2";"1";""
"202400040818";"155709837";"A01";"1";"7";"0";"2";"1";"2";"1";""
"202400040819";"155709835";"A01";"1";"30";"0";"0";"9";"26";"1";""
"202400040820";"155709834";"A01";"2";"7";"3";"0";"3";"13";"1";""
"202400040821";"155709832";"B01";"2";"7";"0";"2";"3";"1";"1";""
"202400040821";"155709833";"A01";"1";"33";"0";"2";"3";"21";"1";""
"202400040822";"155709831";"A01";"1";"50";"0";"1";"0";"1";"3";""
"202400040823";"155709829";"A01";"2";"7";"0";"2";"3";"22";"1";""
"202400040823";"155709830";"B01";"2";"1";"1";"0";"0";"1";"5";""
"202400040824";"155709827";"A01";"1";"7";"0";"2";"1";"2";"1";""
"202400040824";"155709828";"B01";"1";"7";"0";"2";"4";"26";"1";""
"202400040825";"155709825";"B01";"1";"10";"0";"2";"1";"1";"1";""
"202400040825";"155709826";"A01";"1";"7";"0";"2";"7";"19";"1";""
"202400040826";"155709824";"A01";"1";"7";"12";"0";"0";"0";"1";""
"202400040827";"155709822";"A01";"2";"7";"0";"2";"1";"1";"1";""
"202400040827";"155709823";"B01";"2";"7";"0";"2";"4";"1";"2";""
"202400040828";"155709821";"A01";"0";"7";"0";"1";"1";"1";"1";""
"202400040829";"155709820";"A01";"2";"7";"0";"1";"2";"1";"1";""
"202400040830";"155709819";"A01";"1";"10";"0";"1";"2";"1";"1";""
"202400040831";"155709816";"A01";"1";"7";"0";"2";"1";"1";"0";""
"202400040831";"155709817";"B01";"1";"7";"0";"2";"1";"1";"0";""
"202400040831";"155709818";"C01";"1";"7";"0";"2";"4";"1";"0";""
"202400040832";"155709814";"A01";"1";"15";"0";"2";"1";"1";"1";""
"202400040832";"155709815";"B01";"1";"7";"0";"2";"4";"2";"1";""
"202400040833";"155709812";"B01";"2";"33";"0";"2";"2";"1";"1";""
"202400040833";"155709813";"A01";"1";"7";"0";"2";"5";"15";"2";""
"202400040834";"155709809";"A01";"1";"7";"0";"2";"1";"2";"1";""
"202400040834";"155709810";"B01";"1";"7";"0";"2";"9";"2";"1";""
"202400040834";"155709811";"C01";"1";"7";"0";"2";"4";"2";"1";""
"202400040835";"155709808";"A01";"1";"31";"0";"0";"7";"1";"1";""
"202400040836";"155709806";"A01";"2";"7";"0";"2";"3";"1";"1";""
"202400040836";"155709807";"B01";"2";"7";"0";"2";"1";"1";"1";""
"202400040837";"155709805";"A01";"3";"7";"0";"0";"0";"1";"1";""
"202400040838";"155709803";"A01";"0";"7";"0";"2";"0";"0";"0";""
"202400040838";"155709804";"B01";"0";"50";"0";"2";"0";"1";"3";""
"202400040839";"155709801";"B01";"1";"7";"0";"2";"1";"1";"1";""
"202400040839";"155709802";"A01";"1";"10";"0";"2";"3";"15";"1";""
"202400040840";"155709799";"B01";"1";"1";"0";"2";"4";"15";"5";""
"202400040840";"155709800";"A01";"1";"7";"0";"2";"1";"1";"1";""
"202400040841";"155709797";"A01";"2";"7";"0";"2";"7";"15";"1";""
"202400040841";"155709798";"B01";"2";"30";"0";"2";"1";"1";"1";""
"202400040842";"155709795";"B01";"0";"7";"0";"2";"8";"1";"1";""
"202400040842";"155709796";"A01";"3";"7";"0";"2";"1";"1";"1";""
"202400040843";"155709794";"A01";"1";"7";"0";"1";"1";"0";"1";""
"202400040844";"155709792";"B01";"1";"50";"0";"0";"0";"0";"3";""
"202400040844";"155709793";"A01";"2";"7";"0";"9";"3";"13";"0";""
"202400040845";"155709790";"A01";"0";"7";"0";"2";"2";"1";"1";""
"202400040845";"155709791";"B01";"0";"1";"0";"2";"4";"1";"5";""
"202400040846";"155709789";"B01";"1";"37";"0";"1";"3";"1";"1";"1"
"202400040847";"155709787";"B01";"3";"7";"1";"0";"3";"24";"1";""
"202400040847";"155709788";"A01";"1";"7";"8";"0";"1";"14";"2";""
"202400040848";"155709785";"B01";"1";"7";"14";"0";"7";"1";"1";""
"202400040848";"155709786";"A01";"2";"7";"0";"2";"1";"15";"1";""
"202400040849";"155709784";"A01";"2";"7";"0";"1";"3";"17";"1";""
"202400040850";"155709782";"A01";"1";"7";"0";"2";"3";"13";"1";""
"202400040850";"155709783";"B01";"2";"7";"0";"2";"6";"1";"1";""
"202400040851";"155709779";"A01";"1";"7";"0";"2";"6";"12";"1";""
"202400040851";"155709780";"B01";"1";"7";"0";"2";"3";"1";"1";""
"202400040851";"155709781";"C01";"1";"7";"0";"2";"1";"1";"1";""
"202400040852";"155709778";"A01";"2";"7";"0";"1";"1";"1";"1";""
"202400040853";"155709777";"A01";"1";"7";"9";"0";"1";"26";"1";""
"202400040854";"155709775";"B01";"1";"80";"0";"2";"7";"1";"3";""
"202400040854";"155709776";"A01";"1";"7";"0";"2";"1";"9";"1";""
"202400040855";"155709772";"C01";"1";"7";"0";"2";"1";"1";"1";""
"202400040855";"155709773";"B01";"2";"7";"0";"2";"3";"1";"1";""
"202400040855";"155709774";"A01";"1";"7";"0";"1";"2";"1";"1";""
"202400040856";"155709771";"A01";"0";"7";"0";"1";"1";"1";"1";""
"202400040857";"155709769";"A01";"3";"7";"0";"2";"2";"15";"1";""
"202400040857";"155709770";"B01";"3";"50";"0";"2";"7";"26";"3";""
"202400040858";"155709767";"B01";"1";"30";"0";"2";"0";"0";"1";""
"202400040858";"155709768";"A01";"2";"7";"0";"2";"6";"10";"1";""
"202400040859";"155709765";"A01";"3";"7";"0";"2";"3";"15";"1";""
"202400040859";"155709766";"B01";"3";"30";"0";"2";"1";"1";"1";""
"202400040860";"155709763";"A01";"2";"7";"0";"2";"1";"1";"1";""
"202400040860";"155709764";"B01";"1";"14";"0";"2";"3";"1";"0";""
"202400040861";"155709762";"A01";"1";"7";"4";"0";"1";"0";"1";""
"202400040862";"155709761";"A01";"1";"7";"12";"1";"3";"2";"1";""
"202400040863";"155709759";"A01";"2";"30";"0";"2";"1";"14";"1";""
"202400040863";"155709760";"B01";"1";"7";"0";"2";"6";"23";"1";""
"202400040864";"155709757";"A01";"2";"7";"0";"2";"1";"16";"1";""
"202400040864";"155709758";"B01";"3";"2";"13";"2";"1";"1";"1";""
"202400040865";"155709754";"A01";"1";"33";"0";"2";"1";"2";"1";""
"202400040865";"155709755";"B01";"1";"7";"0";"0";"4";"0";"1";""
"202400040865";"155709756";"C01";"1";"7";"0";"2";"5";"0";"1";""
"202400040866";"155709752";"A01";"1";"50";"0";"2";"8";"13";"3";""
"202400040866";"155709753";"B01";"1";"7";"0";"2";"2";"2";"1";""
"202400040867";"155709751";"A01";"1";"7";"15";"0";"1";"0";"1";""
"202400040868";"155709750";"A01";"2";"7";"0";"1";"1";"1";"1";""
"202400040869";"155709748";"B01";"3";"7";"0";"2";"3";"1";"1";""
"202400040869";"155709749";"A01";"3";"7";"0";"2";"6";"1";"1";""
"202400040870";"155709746";"A01";"1";"1";"0";"2";"1";"1";"5";""
"202400040870";"155709747";"B01";"2";"7";"0";"9";"2";"15";"1";""
"202400040871";"155709744";"A01";"1";"7";"0";"2";"1";"1";"1";""
"202400040871";"155709745";"B01";"1";"7";"0";"2";"4";"1";"0";""
"202400040872";"155709742";"A01";"3";"1";"0";"2";"8";"1";"5";""
"202400040872";"155709743";"B01";"3";"7";"0";"2";"7";"1";"1";""
"202400040873";"155709741";"A01";"2";"7";"0";"1";"2";"16";"2";""
"202400040874";"155709739";"A01";"1";"14";"0";"2";"8";"10";"1";""
"202400040874";"155709740";"B01";"1";"32";"0";"2";"7";"1";"1";""
"202400040875";"155709737";"A01";"1";"2";"0";"2";"0";"1";"1";""
"202400040875";"155709738";"Z01";"1";"1";"0";"2";"0";"1";"5";""
"202400040876";"155709736";"A01";"1";"31";"0";"1";"1";"1";"1";""
"202400040877";"155709735";"A01";"1";"80";"9";"0";"1";"26";"3";""
"202400040878";"155709734";"A01";"2";"33";"0";"1";"1";"1";"1";""
"202400040879";"155709732";"A01";"1";"33";"0";"9";"2";"1";"1";""
"202400040879";"155709733";"B01";"1";"1";"0";"2";"1";"1";"5";""
"202400040880";"155709730";"Z01";"1";"7";"0";"2";"2";"24";"0";""
"202400040880";"155709731";"A01";"1";"1";"0";"2";"8";"6";"5";""
"202400040881";"155709729";"A01";"1";"7";"4";"0";"2";"1";"1";""
"202400040882";"155709728";"A01";"3";"7";"8";"0";"1";"15";"1";""
"202400040883";"155709726";"A01";"2";"30";"0";"2";"1";"1";"1";""
"202400040883";"155709727";"B01";"3";"7";"0";"2";"3";"1";"1";""
"202400040884";"155709724";"A01";"0";"7";"0";"2";"3";"26";"1";""
"202400040884";"155709725";"X01";"0";"7";"0";"2";"0";"0";"0";""
"202400040885";"155709723";"A01";"0";"7";"0";"1";"4";"20";"1";""
"202400040886";"155709721";"A01";"1";"7";"0";"2";"1";"13";"1";""
"202400040886";"155709722";"B01";"2";"31";"0";"2";"1";"1";"1";""
"202400040887";"155709719";"A01";"1";"50";"0";"2";"1";"25";"3";""
"202400040887";"155709720";"B01";"1";"7";"0";"2";"2";"26";"2";""
"202400040888";"155709718";"A01";"1";"7";"0";"1";"1";"2";"1";""
"202400040889";"155709716";"A01";"0";"7";"8";"2";"1";"5";"1";""
"202400040889";"155709717";"B01";"3";"7";"0";"2";"2";"0";"1";""
"202400040890";"155709714";"B01";"3";"30";"0";"2";"7";"1";"1";""
"202400040890";"155709715";"A01";"3";"7";"0";"2";"1";"1";"3";""
"202400040891";"155709713";"A01";"2";"43";"2";"0";"1";"0";"1";""
"202400040892";"155709712";"A01";"1";"32";"0";"1";"1";"1";"1";""
"202400040893";"155709710";"A01";"1";"7";"0";"2";"1";"0";"1";""
"202400040893";"155709711";"B01";"1";"7";"0";"2";"8";"1";"0";""
"202400040894";"155709708";"B01";"0";"7";"0";"2";"6";"1";"1";""
"202400040894";"155709709";"A01";"3";"7";"0";"2";"2";"1";"1";""
"202400040895";"155709707";"A01";"2";"10";"0";"1";"1";"1";"1";""
"202400040896";"155709706";"A01";"1";"7";"0";"0";"9";"1";"2";""
"202400040897";"155709704";"A01";"2";"41";"2";"0";"7";"2";"0";""
"202400040898";"155709702";"A01";"2";"7";"0";"2";"7";"13";"1";""
"202400040898";"155709703";"B01";"1";"10";"0";"2";"3";"1";"1";""
"202400040899";"155709700";"A01";"2";"7";"0";"9";"2";"17";"1";""
"202400040899";"155709701";"B01";"2";"1";"0";"2";"3";"11";"5";""
"202400040900";"155709697";"B01";"1";"1";"0";"2";"4";"1";"5";""
"202400040900";"155709699";"A01";"1";"7";"0";"2";"7";"16";"1";""
"202400040901";"155709696";"A01";"1";"7";"0";"2";"1";"26";"1";""
"202400040901";"155709698";"B01";"1";"7";"0";"2";"8";"16";"1";""
"202400040902";"155709694";"A01";"0";"2";"0";"2";"1";"0";"0";""
"202400040902";"155709695";"B01";"0";"7";"0";"2";"8";"1";"0";""
"202400040903";"155709691";"A01";"2";"10";"17";"0";"1";"1";"1";""
"202400040904";"155709692";"B01";"3";"7";"0";"2";"2";"1";"1";""
"202400040904";"155709693";"A01";"3";"1";"0";"2";"3";"19";"5";""
"202400040905";"155709689";"A01";"2";"7";"0";"2";"3";"13";"1";""
"202400040905";"155709690";"B01";"1";"7";"0";"2";"3";"1";"1";""
"202400040906";"155709688";"A01";"2";"7";"1";"1";"1";"13";"1";""
"202400040907";"155709686";"A01";"1";"10";"0";"2";"2";"13";"1";""
"202400040907";"155709687";"B01";"2";"15";"0";"0";"0";"1";"1";""
"202400040908";"155709682";"A01";"2";"7";"13";"2";"2";"9";"1";""
"202400040908";"155709684";"B01";"1";"7";"7";"2";"3";"1";"1";""
"202400040909";"155709683";"A01";"1";"30";"0";"2";"0";"15";"1";""
"202400040909";"155709685";"B01";"1";"30";"0";"2";"0";"1";"1";""
"202400040910";"155709679";"A01";"1";"7";"0";"2";"8";"1";"1";""
"202400040910";"155709680";"B01";"1";"7";"0";"2";"7";"13";"1";""
"202400040911";"155709678";"A01";"3";"2";"0";"2";"1";"1";"1";""
"202400040911";"155709681";"B01";"3";"7";"0";"2";"6";"0";"1";""
"202400040912";"155709676";"B01";"2";"37";"0";"0";"3";"0";"1";"1"
"202400040912";"155709677";"A01";"1";"7";"0";"2";"0";"0";"1";""
"202400040913";"155709674";"A01";"1";"7";"0";"2";"2";"1";"1";""
"202400040913";"155709675";"B01";"1";"32";"0";"2";"4";"1";"1";""
"202400040914";"155709673";"A01";"1";"7";"0";"1";"6";"4";"1";""
"202400040915";"155709670";"A01";"1";"10";"0";"2";"3";"16";"1";""
"202400040915";"155709671";"B01";"2";"2";"0";"2";"1";"2";"1";""
"202400040916";"155709668";"A01";"2";"7";"11";"0";"1";"16";"1";""
"202400040917";"155709666";"A01";"2";"7";"0";"2";"3";"1";"1";""
"202400040917";"155709667";"B01";"1";"7";"0";"2";"3";"13";"1";""
"202400040918";"155709664";"D01";"1";"7";"0";"2";"1";"2";"1";""
"202400040918";"155709665";"B01";"1";"7";"0";"0";"4";"2";"3";""
"202400040918";"155709669";"C01";"1";"7";"0";"0";"6";"2";"0";""
"202400040918";"155709672";"A01";"1";"7";"0";"0";"6";"2";"1";""
"202400040919";"155709662";"A01";"3";"50";"0";"2";"1";"1";"3";""
"202400040919";"155709663";"B01";"3";"7";"0";"2";"6";"23";"1";""
"202400040920";"155709660";"B01";"2";"7";"0";"2";"1";"1";"0";""
"202400040920";"155709661";"A01";"1";"7";"0";"2";"8";"19";"0";""
"202400040921";"155709659";"A01";"1";"7";"3";"0";"2";"1";"6";""
"202400040922";"155709658";"A01";"3";"7";"0";"1";"1";"15";"1";""
"202400040923";"155709657";"A01";"2";"7";"4";"0";"0";"0";"1";""
"202400040924";"155709655";"A01";"2";"10";"0";"2";"1";"1";"1";""
"202400040924";"155709656";"B01";"1";"7";"0";"2";"1";"1";"1";""
"202400040925";"155709652";"A01";"2";"7";"13";"0";"7";"14";"1";""
"202400040926";"155709651";"A01";"1";"7";"0";"2";"3";"9";"1";""
"202400040926";"155709654";"B01";"1";"1";"0";"2";"7";"1";"5";""
"202400040927";"155709650";"A01";"1";"99";"0";"2";"3";"1";"1";""
"202400040927";"155709653";"B01";"2";"42";"0";"2";"1";"13";"1";""
"202400040928";"155709649";"A01";"0";"7";"9";"0";"1";"0";"1";""
"202400040929";"155709648";"A01";"3";"10";"1";"0";"3";"13";"1";""
"202400040930";"155709646";"A01";"1";"7";"8";"0";"1";"1";"1";""
"202400040931";"155709644";"A01";"2";"10";"6";"0";"2";"1";"1";""
"202400040932";"155709645";"A01";"1";"10";"0";"2";"2";"0";"1";""
"202400040932";"155709647";"B01";"1";"2";"0";"2";"0";"0";"1";""
"202400040933";"155709643";"A01";"3";"7";"8";"0";"1";"1";"1";""
"202400040934";"155709641";"A01";"1";"31";"11";"0";"1";"1";"1";""
"202400040935";"155709640";"A01";"1";"7";"0";"0";"3";"15";"1";""
"202400040935";"155709642";"B01";"2";"7";"0";"0";"3";"1";"1";""
"202400040936";"155709639";"A01";"3";"10";"0";"1";"1";"1";"0";""
"202400040937";"155709638";"A01";"1";"7";"13";"0";"0";"1";"1";""
"202400040938";"155709635";"A01";"1";"7";"9";"0";"3";"13";"1";""
"202400040939";"155709637";"A01";"1";"7";"16";"0";"9";"13";"1";""
"202400040940";"155709633";"A01";"1";"33";"2";"0";"0";"1";"0";""
"202400040941";"155709631";"A01";"1";"7";"0";"2";"2";"17";"1";""
"202400040941";"155709634";"B01";"1";"7";"0";"2";"3";"15";"1";""
"202400040942";"155709630";"A01";"1";"7";"0";"2";"7";"15";"1";""
"202400040942";"155709632";"B01";"1";"50";"0";"2";"1";"1";"3";""
"202400040943";"155709627";"A01";"2";"7";"0";"2";"3";"1";"1";""
"202400040943";"155709629";"B01";"1";"2";"13";"2";"1";"17";"1";""
"202400040944";"155709625";"A01";"3";"7";"0";"2";"3";"9";"1";""
"202400040944";"155709628";"B01";"3";"2";"0";"2";"1";"1";"1";""
"202400040945";"155709624";"B01";"2";"7";"0";"2";"3";"1";"1";""
"202400040945";"155709626";"A01";"2";"10";"0";"2";"2";"19";"1";""
"202400040946";"155709621";"A01";"2";"7";"0";"2";"2";"19";"1";""
"202400040946";"155709622";"B01";"2";"7";"0";"2";"1";"1";"1";""
"202400040946";"155709623";"C01";"1";"7";"0";"2";"1";"23";"1";""
"202400040947";"155709620";"A01";"0";"7";"0";"1";"3";"1";"3";""
"202400040948";"155709619";"A01";"2";"7";"0";"2";"1";"0";"1";""
"202400040949";"155709617";"A01";"1";"7";"0";"2";"8";"9";"1";""
"202400040949";"155709618";"B01";"2";"1";"0";"2";"7";"1";"5";""
"202400040950";"155709615";"A01";"1";"7";"0";"2";"1";"1";"1";""
"202400040950";"155709616";"B01";"2";"7";"0";"2";"2";"15";"1";""
"202400040951";"155709612";"A01";"1";"7";"0";"2";"3";"1";"1";""
"202400040951";"155709613";"B01";"1";"7";"0";"2";"1";"9";"1";""
"202400040952";"155709611";"A01";"1";"7";"0";"2";"1";"1";"1";""
"202400040952";"155709614";"B01";"1";"33";"0";"0";"4";"1";"1";""
"202400040953";"155709609";"A01";"1";"1";"0";"2";"1";"14";"5";""
"202400040953";"155709610";"B01";"2";"1";"0";"2";"1";"1";"5";""
"202400040954";"155709607";"A01";"1";"17";"0";"2";"3";"0";"1";""
"202400040954";"155709608";"B01";"1";"7";"4";"2";"0";"0";"1";""
"202400040955";"155709606";"A01";"1";"2";"0";"0";"0";"0";"1";""
"202400040956";"155709604";"A01";"3";"10";"0";"1";"1";"1";"1";""
"202400040957";"155709603";"A01";"1";"7";"17";"0";"1";"0";"1";""
"202400040958";"155709600";"A01";"1";"50";"0";"2";"1";"5";"3";""
"202400040958";"155709602";"B01";"2";"7";"0";"2";"1";"1";"1";""
"202400040959";"155709598";"B01";"1";"15";"0";"2";"1";"1";"1";""
"202400040959";"155709601";"A01";"2";"7";"0";"2";"1";"13";"3";""
"202400040960";"155709597";"C01";"1";"7";"0";"2";"7";"2";"1";""
"202400040960";"155709599";"B01";"1";"37";"0";"2";"5";"1";"1";"4"
"202400040960";"155709605";"A01";"2";"7";"0";"2";"2";"1";"1";""
"202400040961";"155709595";"A01";"2";"7";"6";"0";"2";"14";"1";""
"202400040962";"155709593";"A01";"2";"7";"0";"2";"4";"23";"1";""
"202400040962";"155709594";"B01";"1";"7";"1";"0";"1";"1";"1";""
"202400040963";"155709592";"A01";"1";"1";"12";"0";"0";"1";"5";""
"202400040964";"155709591";"B01";"3";"33";"0";"2";"1";"1";"1";""
"202400040964";"155709596";"A01";"3";"7";"0";"2";"3";"9";"1";""
"202400040965";"155709589";"A01";"1";"7";"0";"1";"1";"0";"1";""
"202400040966";"155709588";"A01";"3";"7";"0";"1";"3";"1";"1";""
"202400040967";"155709587";"B01";"1";"33";"12";"9";"7";"14";"1";""
"202400040967";"155709590";"A01";"1";"21";"0";"0";"0";"1";"1";""
"202400040968";"155709586";"A01";"1";"7";"13";"0";"7";"13";"1";""
"202400040969";"155709584";"A01";"1";"2";"0";"2";"5";"5";"1";""
"202400040969";"155709585";"B01";"1";"7";"0";"2";"2";"17";"1";""
"202400040970";"155709581";"B01";"1";"7";"0";"0";"6";"24";"1";""
"202400040970";"155709583";"A01";"1";"7";"1";"0";"2";"1";"3";""
"202400040971";"155709578";"A01";"2";"7";"14";"2";"3";"1";"1";""
"202400040971";"155709580";"B01";"1";"7";"12";"0";"3";"1";"1";""
"202400040972";"155709579";"A01";"0";"7";"0";"2";"1";"0";"1";""
"202400040972";"155709582";"B01";"0";"7";"0";"2";"4";"0";"1";""
"202400040973";"155709577";"A01";"1";"7";"0";"1";"1";"1";"1";""
"202400040974";"155709575";"A01";"3";"32";"12";"0";"1";"2";"1";""
"202400040975";"155709574";"A01";"2";"15";"1";"1";"2";"1";"1";""
"202400040976";"155709573";"B01";"2";"33";"0";"2";"8";"15";"1";""
"202400040976";"155709576";"A01";"1";"10";"0";"2";"2";"15";"1";""
"202400040977";"155709568";"A01";"1";"34";"0";"2";"8";"15";"1";""
"202400040977";"155709571";"B01";"1";"1";"0";"2";"0";"15";"5";""
"202400040978";"155709563";"A01";"3";"7";"0";"2";"1";"16";"1";""
"202400040978";"155709565";"B01";"3";"38";"0";"2";"3";"1";"1";"7"
"202400040979";"155709562";"A01";"1";"31";"0";"2";"1";"1";"1";""
"202400040979";"155709564";"B01";"2";"37";"0";"2";"3";"1";"4";"1"
"202400040980";"155709558";"C01";"2";"7";"0";"2";"1";"1";"1";""
"202400040980";"155709560";"A01";"2";"33";"0";"2";"1";"7";"1";""
"202400040980";"155709561";"B01";"2";"7";"0";"2";"6";"13";"2";""
"202400040981";"155709556";"A01";"2";"33";"0";"2";"1";"17";"1";""
"202400040981";"155709559";"B01";"1";"7";"0";"2";"3";"1";"1";""
"202400040982";"155709554";"A01";"2";"33";"0";"0";"0";"9";"1";""
"202400040983";"155709551";"A01";"1";"7";"0";"2";"1";"13";"1";""
"202400040983";"155709553";"B01";"2";"14";"0";"2";"1";"1";"1";""
"202400040984";"155709550";"A01";"2";"7";"4";"0";"3";"13";"1";""
"202400040985";"155709548";"A01";"3";"7";"0";"1";"6";"4";"1";""
"202400040986";"155709547";"B01";"3";"7";"0";"2";"4";"2";"3";""
"202400040986";"155709549";"C01";"3";"7";"0";"2";"4";"2";"1";""
"202400040986";"155709552";"D01";"3";"7";"0";"2";"4";"2";"1";""
"202400040986";"155709555";"E01";"3";"7";"0";"2";"4";"2";"1";""
"202400040986";"155709557";"A01";"3";"14";"0";"2";"1";"2";"1";""
"202400040987";"155709546";"A01";"2";"7";"4";"0";"2";"1";"1";""
"202400040988";"155709540";"B01";"2";"1";"0";"2";"1";"1";"5";""
"202400040988";"155709543";"A01";"2";"7";"0";"2";"5";"1";"1";""
"202400040989";"155709536";"C01";"1";"7";"4";"2";"2";"2";"1";""
"202400040989";"155709539";"A01";"1";"7";"0";"2";"1";"26";"1";""
"202400040989";"155709541";"B01";"1";"7";"0";"2";"4";"1";"1";""
"202400040990";"155709535";"A01";"2";"7";"0";"2";"4";"1";"2";""
"202400040990";"155709537";"B01";"2";"7";"0";"2";"1";"2";"1";""
"202400040990";"155709538";"C01";"2";"7";"0";"2";"1";"2";"1";""
"202400040991";"155709533";"A01";"2";"7";"4";"0";"2";"1";"1";""
"202400040992";"155709531";"A01";"2";"7";"0";"2";"2";"1";"1";""
"202400040992";"155709534";"B01";"2";"1";"0";"2";"0";"1";"5";""
"202400040993";"155709526";"A01";"2";"17";"0";"2";"1";"2";"1";""
"202400040993";"155709528";"B01";"2";"7";"0";"2";"4";"2";"1";""
"202400040993";"155709530";"C01";"2";"7";"0";"2";"4";"2";"1";""
"202400040993";"155709532";"D01";"2";"7";"0";"2";"4";"2";"1";""
"202400040994";"155709522";"B01";"2";"7";"0";"2";"1";"1";"2";""
"202400040994";"155709524";"A01";"2";"33";"0";"2";"7";"26";"1";""
"202400040995";"155709520";"A01";"2";"7";"0";"2";"1";"1";"1";""
"202400040995";"155709523";"B01";"2";"7";"0";"2";"4";"1";"1";""
"202400040995";"155709525";"C01";"2";"7";"0";"2";"4";"1";"2";""
"202400040995";"155709527";"D01";"2";"7";"0";"2";"4";"1";"2";""
"202400040995";"155709529";"E01";"2";"7";"0";"2";"4";"1";"2";""
"202400040996";"155709519";"A01";"2";"7";"1";"0";"1";"12";"1";""
"202400040996";"155709521";"B01";"2";"10";"0";"2";"4";"9";"1";""
"202400040997";"155709518";"A01";"1";"33";"0";"9";"8";"1";"1";""
"202400040998";"155709517";"A01";"1";"30";"0";"0";"8";"26";"1";""
"202400040999";"155709512";"A01";"1";"7";"0";"2";"1";"2";"1";""
"202400040999";"155709514";"B01";"1";"7";"0";"2";"4";"2";"1";""
"202400040999";"155709516";"C01";"1";"7";"0";"2";"4";"2";"2";""
"202400041000";"155709513";"A01";"1";"7";"0";"2";"4";"1";"1";""
"202400041000";"155709515";"B01";"1";"7";"0";"2";"1";"2";"1";""
"202400041001";"155709508";"A01";"1";"7";"0";"2";"2";"1";"1";""
"202400041001";"155709510";"B01";"1";"7";"0";"2";"6";"23";"1";""
"202400041001";"155709511";"C01";"1";"7";"0";"2";"7";"1";"1";""
"202400041002";"155709507";"A01";"1";"7";"0";"9";"1";"16";"1";""
"202400041002";"155709509";"B01";"3";"50";"0";"2";"1";"25";"3";""
"202400041003";"155709505";"A01";"2";"7";"0";"2";"3";"11";"1";""
"202400041003";"155709506";"B01";"2";"33";"0";"2";"7";"1";"1";""
"202400041004";"155709503";"A01";"2";"7";"4";"0";"1";"16";"1";""
"202400041005";"155709500";"A01";"1";"7";"0";"2";"1";"2";"1";""
"202400041005";"155709504";"B01";"1";"7";"0";"2";"4";"2";"1";""