"Num_Acc";"id_vehicule";"num_veh";"senc";"catv";"obs";"obsm";"choc";"manv";"motor";"occutc"
"202400041006";"155709499";"A01";"1";"7";"0";"2";"3";"1";"1";""
"202400041006";"155709502";"B01";"1";"2";"0";"0";"4";"1";"1";""
"202400041007";"155709497";"A01";"1";"7";"0";"2";"7";"12";"1";""
"202400041007";"155709498";"B01";"1";"33";"0";"2";"1";"3";"1";""
"202400041007";"155709501";"C01";"1";"7";"0";"2";"7";"1";"1";""
"202400041008";"155709495";"A01";"2";"7";"3";"2";"4";"2";"1";""
"202400041008";"155709496";"B01";"2";"7";"0";"2";"1";"2";"1";""
"202400041009";"155709492";"A01";"1";"7";"3";"0";"3";"13";"1";""
"202400041010";"155709491";"A01";"2";"7";"0";"2";"1";"1";"1";""
"202400041010";"155709494";"B01";"2";"7";"0";"0";"4";"0";"1";""
"202400041011";"155709489";"B01";"2";"7";"0";"2";"1";"1";"1";""
"202400041011";"155709493";"A01";"1";"7";"0";"2";"1";"13";"1";""
"202400041012";"155709488";"A01";"1";"7";"3";"0";"3";"13";"1";""
"202400041013";"155709487";"A01";"2";"33";"0";"2";"1";"3";"1";""
"202400041013";"155709490";"Z01";"2";"7";"0";"2";"0";"12";"0";""
"202400041014";"155709479";"B01";"1";"7";"0";"2";"1";"1";"3";""
"202400041014";"155709484";"A01";"1";"7";"0";"2";"1";"13";"0";""
"202400041015";"155709478";"A01";"2";"7";"0";"2";"8";"11";"1";""
"202400041015";"155709480";"B01";"2";"33";"0";"2";"7";"1";"1";""
"202400041015";"155709483";"C01";"2";"7";"0";"2";"4";"1";"2";""
"202400041016";"155709477";"A01";"1";"7";"0";"0";"2";"14";"1";""
"202400041017";"155709475";"A01";"3";"7";"0";"1";"5";"20";"1";""
"202400041018";"155709471";"A01";"1";"7";"0";"2";"1";"1";"0";""
"202400041018";"155709473";"B01";"2";"15";"0";"2";"3";"1";"1";""
"202400041018";"155709476";"C01";"2";"15";"0";"2";"8";"1";"1";""
"202400041019";"155709468";"A01";"2";"33";"8";"0";"0";"21";"1";""
"202400041020";"155709466";"A01";"2";"7";"0";"2";"1";"2";"1";""
"202400041020";"155709469";"B01";"2";"7";"0";"2";"4";"2";"1";""
"202400041021";"155709464";"B01";"2";"10";"0";"2";"1";"0";"1";""
"202400041021";"155709467";"C01";"2";"7";"0";"0";"1";"2";"1";""
"202400041021";"155709470";"E01";"2";"7";"0";"2";"4";"2";"1";""
"202400041021";"155709472";"A01";"2";"7";"0";"2";"1";"2";"1";""
"202400041021";"155709474";"D01";"2";"7";"0";"2";"4";"2";"2";""
"202400041022";"155709461";"A01";"2";"7";"13";"0";"2";"1";"1";""
"202400041023";"155709459";"B01";"1";"7";"0";"2";"3";"1";"1";""
"202400041023";"155709463";"A01";"1";"10";"0";"2";"2";"15";"1";""
"202400041024";"155709460";"A01";"1";"10";"0";"1";"1";"1";"1";""
"202400041025";"155709458";"B01";"1";"7";"1";"0";"1";"1";"1";""
"202400041025";"155709462";"A01";"1";"10";"6";"0";"6";"23";"1";""
"202400041026";"155709457";"A01";"2";"7";"0";"0";"9";"16";"1";""
"202400041027";"155709455";"A01";"1";"7";"0";"2";"3";"21";"1";""
"202400041027";"155709456";"B01";"2";"1";"0";"2";"8";"14";"5";""
"202400041028";"155709453";"A01";"2";"7";"2";"0";"1";"1";"0";""
"202400041029";"155709454";"A01";"1";"7";"9";"9";"9";"1";"1";""
"202400041030";"155709449";"A01";"1";"7";"0";"2";"1";"2";"1";""
"202400041030";"155709451";"B01";"1";"7";"0";"2";"4";"2";"1";""
"202400041030";"155709452";"C01";"1";"7";"0";"2";"4";"2";"2";""
"202400041031";"155709448";"A01";"1";"2";"0";"2";"1";"1";"1";""
"202400041031";"155709450";"B01";"1";"7";"0";"2";"2";"19";"1";""
"202400041032";"155709447";"A01";"2";"7";"13";"0";"3";"1";"1";""
"202400041033";"155709446";"A01";"1";"7";"0";"6";"1";"1";"1";""
"202400041034";"155709443";"A01";"2";"7";"0";"2";"2";"15";"1";""
"202400041034";"155709444";"B01";"2";"10";"0";"2";"3";"9";"1";""
"202400041035";"155709442";"B01";"1";"43";"0";"2";"2";"12";"1";""
"202400041035";"155709445";"A01";"1";"7";"0";"2";"4";"12";"1";""
"202400041036";"155709441";"A01";"1";"14";"0";"0";"8";"1";"1";""
"202400041037";"155709438";"A01";"2";"7";"0";"2";"3";"13";"1";""
"202400041037";"155709440";"B01";"2";"33";"0";"2";"7";"3";"1";""
"202400041038";"155709436";"A01";"0";"7";"0";"0";"6";"23";"1";""
"202400041038";"155709439";"B01";"3";"1";"0";"2";"0";"0";"5";""
"202400041039";"155709434";"A01";"2";"7";"0";"2";"8";"0";"1";""
"202400041039";"155709437";"B01";"2";"34";"0";"2";"2";"0";"1";""
"202400041040";"155709430";"A01";"1";"7";"0";"9";"5";"15";"1";""
"202400041040";"155709433";"B01";"1";"1";"0";"2";"1";"1";"5";""
"202400041041";"155709431";"A01";"3";"7";"0";"2";"1";"9";"1";""
"202400041041";"155709435";"B01";"3";"50";"0";"2";"7";"1";"3";""
"202400041042";"155709429";"A01";"2";"7";"0";"2";"2";"12";"1";""
"202400041042";"155709432";"B01";"2";"7";"0";"2";"6";"1";"1";""
"202400041043";"155709425";"A01";"2";"7";"0";"1";"1";"1";"2";""
"202400041044";"155709424";"A01";"1";"7";"0";"2";"8";"2";"1";""
"202400041044";"155709427";"B01";"1";"7";"0";"2";"7";"1";"1";""
"202400041045";"155709423";"B01";"1";"7";"0";"2";"4";"12";"1";""
"202400041045";"155709426";"C01";"1";"43";"0";"2";"1";"3";"1";""
"202400041045";"155709428";"A01";"1";"43";"0";"2";"1";"3";"1";""
"202400041046";"155709419";"A01";"3";"7";"0";"2";"3";"9";"1";""
"202400041046";"155709421";"B01";"3";"34";"0";"2";"7";"1";"1";""
"202400041047";"155709415";"A01";"2";"7";"6";"0";"3";"1";"1";""
"202400041048";"155709413";"B01";"1";"7";"0";"2";"6";"23";"1";""
"202400041048";"155709416";"A01";"1";"30";"0";"2";"1";"17";"1";""
"202400041049";"155709408";"A01";"1";"37";"0";"1";"3";"1";"3";"1"
"202400041050";"155709410";"A01";"2";"7";"0";"2";"1";"2";"1";""
"202400041050";"155709412";"B01";"2";"7";"0";"2";"4";"2";"1";""
"202400041050";"155709418";"C01";"2";"7";"0";"2";"1";"2";"1";""
"202400041050";"155709420";"E01";"2";"7";"0";"2";"4";"2";"1";""
"202400041050";"155709422";"D01";"2";"7";"0";"2";"4";"2";"1";""
"202400041051";"155709409";"C01";"2";"7";"0";"2";"4";"23";"1";""
"202400041051";"155709411";"D01";"2";"7";"0";"2";"4";"23";"1";""
"202400041051";"155709414";"B01";"2";"7";"0";"2";"4";"23";"1";""
"202400041051";"155709417";"A01";"2";"7";"0";"2";"1";"9";"2";""
"202400041052";"155709406";"A01";"1";"7";"0";"9";"3";"1";"1";""
"202400041052";"155709407";"B01";"1";"60";"0";"2";"7";"1";"5";""
"202400041053";"155709403";"A01";"0";"7";"3";"2";"1";"13";"1";""
"202400041053";"155709405";"B01";"0";"7";"0";"2";"1";"1";"1";""
"202400041054";"155709401";"A01";"2";"33";"0";"2";"1";"12";"1";""
"202400041054";"155709404";"B01";"2";"7";"0";"2";"6";"23";"1";""
"202400041055";"155709400";"A01";"2";"33";"0";"2";"1";"3";"1";""
"202400041055";"155709402";"B01";"2";"10";"0";"2";"7";"12";"1";""
"202400041056";"155709397";"B01";"2";"7";"0";"2";"1";"15";"3";""
"202400041056";"155709399";"A01";"2";"33";"0";"2";"1";"1";"1";""
"202400041057";"155709395";"A01";"1";"7";"4";"0";"2";"14";"3";""
"202400041058";"155709396";"Z01";"2";"7";"0";"2";"7";"2";"0";""
"202400041058";"155709398";"B01";"2";"2";"0";"2";"8";"2";"1";""
"202400041059";"155709394";"A01";"1";"7";"5";"0";"3";"13";"1";""
"202400041060";"155709392";"B01";"1";"2";"0";"2";"2";"1";"1";""
"202400041060";"155709393";"A01";"1";"7";"0";"2";"3";"20";"1";""
"202400041061";"155709388";"A01";"2";"33";"0";"2";"2";"2";"1";""
"202400041061";"155709391";"B01";"1";"7";"0";"2";"8";"2";"1";""
"202400041062";"155709387";"A01";"2";"7";"0";"1";"3";"1";"0";""
"202400041063";"155709386";"B01";"3";"1";"0";"2";"0";"0";"5";""
"202400041063";"155709389";"A01";"3";"30";"0";"2";"1";"17";"1";""
"202400041064";"155709385";"Z01";"2";"7";"0";"2";"0";"19";"0";""
"202400041064";"155709390";"B01";"1";"2";"0";"2";"0";"1";"0";""
"202400041065";"155709383";"A01";"3";"50";"0";"0";"0";"1";"3";""
"202400041066";"155709379";"A01";"2";"50";"12";"0";"7";"14";"3";""
"202400041067";"155709377";"A01";"0";"3";"0";"2";"1";"19";"1";""
"202400041067";"155709380";"B01";"0";"50";"0";"2";"8";"26";"3";""
"202400041068";"155709376";"A01";"1";"7";"0";"2";"3";"15";"1";""
"202400041068";"155709382";"B01";"2";"2";"0";"2";"1";"1";"1";""
"202400041069";"155709375";"D01";"2";"7";"0";"2";"0";"0";"1";""
"202400041069";"155709378";"B01";"2";"7";"0";"2";"4";"1";"2";""
"202400041069";"155709381";"C01";"2";"7";"0";"2";"1";"1";"1";""
"202400041069";"155709384";"A01";"2";"10";"4";"2";"3";"13";"1";""
"202400041070";"155709373";"B01";"1";"34";"0";"2";"3";"1";"1";""
"202400041070";"155709374";"A01";"1";"7";"0";"2";"3";"10";"1";""
"202400041071";"155709372";"A01";"2";"1";"0";"1";"1";"1";"5";""
"202400041072";"155709371";"A01";"1";"50";"0";"0";"0";"1";"3";""
"202400041073";"155709370";"A01";"1";"7";"4";"0";"3";"13";"1";""
"202400041074";"155709368";"A01";"2";"33";"0";"2";"3";"17";"1";""
"202400041074";"155709369";"B01";"0";"7";"0";"2";"8";"15";"1";""
"202400041075";"155709365";"A01";"2";"7";"0";"2";"8";"22";"1";""
"202400041075";"155709367";"B01";"2";"50";"1";"0";"1";"1";"3";""
"202400041076";"155709363";"A01";"1";"30";"0";"2";"1";"13";"1";""
"202400041076";"155709366";"B01";"2";"7";"0";"2";"1";"1";"1";""
"202400041077";"155709361";"B01";"1";"7";"0";"2";"4";"2";"2";""
"202400041077";"155709364";"A01";"1";"7";"0";"2";"1";"2";"1";""
"202400041078";"155709359";"A01";"2";"7";"0";"1";"1";"15";"1";""
"202400041079";"155709360";"A01";"2";"2";"0";"2";"8";"1";"1";""
"202400041079";"155709362";"B01";"1";"7";"0";"2";"3";"1";"2";""
"202400041080";"155709357";"A01";"3";"7";"16";"0";"3";"15";"1";""
"202400041080";"155709358";"B01";"1";"30";"0";"2";"1";"1";"1";""
"202400041081";"155709356";"A01";"2";"7";"4";"0";"1";"1";"1";""
"202400041082";"155709352";"A01";"2";"10";"0";"2";"6";"13";"1";""
"202400041082";"155709354";"B01";"2";"7";"0";"2";"9";"14";"1";""
"202400041083";"155709350";"B01";"1";"7";"0";"2";"1";"1";"1";""
"202400041083";"155709355";"A01";"1";"2";"0";"2";"3";"15";"0";""
"202400041084";"155709348";"B01";"2";"7";"0";"2";"4";"2";"1";""
"202400041084";"155709351";"C01";"2";"7";"0";"2";"4";"2";"1";""
"202400041084";"155709353";"A01";"2";"7";"0";"2";"1";"2";"1";""
"202400041085";"155709347";"A01";"1";"7";"0";"2";"1";"2";"1";""
"202400041085";"155709349";"Z01";"1";"7";"0";"2";"0";"0";"0";""
"202400041086";"155709344";"A01";"2";"37";"0";"1";"0";"1";"4";"1"
"202400041087";"155709342";"A01";"2";"2";"0";"2";"1";"15";"3";""
"202400041087";"155709345";"B01";"2";"7";"0";"2";"2";"1";"1";""
"202400041088";"155709343";"A01";"1";"7";"0";"2";"2";"15";"1";""
"202400041088";"155709346";"B01";"2";"1";"0";"2";"7";"1";"5";""
"202400041089";"155709341";"A01";"2";"7";"0";"2";"0";"0";"1";""
"202400041090";"155709339";"A01";"3";"7";"0";"1";"3";"2";"1";""
"202400041091";"155709336";"B01";"3";"10";"0";"2";"2";"1";"1";""
"202400041091";"155709340";"A01";"2";"10";"0";"2";"3";"5";"1";""
"202400041092";"155709335";"A01";"2";"7";"0";"2";"1";"2";"1";""
"202400041092";"155709338";"B01";"2";"7";"3";"2";"4";"2";"1";""
"202400041093";"155709332";"A01";"3";"37";"0";"2";"2";"1";"1";"1"
"202400041093";"155709333";"B01";"3";"34";"0";"2";"1";"0";"0";""
"202400041094";"155709330";"C01";"1";"7";"1";"0";"0";"0";"1";""
"202400041094";"155709334";"A01";"1";"7";"0";"2";"1";"1";"1";""
"202400041094";"155709337";"B01";"1";"7";"0";"2";"1";"1";"1";""
"202400041095";"155709328";"A01";"3";"33";"0";"2";"3";"2";"1";""
"202400041095";"155709331";"B01";"3";"7";"0";"2";"4";"15";"1";""
"202400041096";"155709326";"B01";"1";"7";"0";"2";"1";"2";"1";""
"202400041096";"155709327";"A01";"1";"7";"0";"2";"4";"2";"1";""
"202400041097";"155709325";"A01";"3";"7";"0";"2";"0";"21";"1";""
"202400041097";"155709329";"B01";"3";"7";"0";"2";"0";"15";"1";""
"202400041098";"155709324";"Z01";"3";"7";"0";"1";"0";"0";"0";""
"202400041099";"155709323";"A01";"3";"10";"0";"1";"7";"1";"1";""
"202400041100";"155709319";"A01";"1";"7";"0";"2";"1";"2";"0";""
"202400041100";"155709321";"B01";"3";"7";"0";"2";"4";"2";"1";""
"202400041101";"155709320";"A01";"2";"7";"0";"1";"3";"1";"2";""
"202400041102";"155709317";"A01";"1";"30";"1";"0";"1";"2";"3";""
"202400041103";"155709316";"A01";"1";"7";"0";"2";"8";"15";"1";""
"202400041103";"155709318";"B01";"1";"43";"0";"2";"0";"0";"1";""
"202400041104";"155709313";"B01";"1";"7";"0";"1";"6";"1";"1";""
"202400041105";"155709312";"B01";"2";"80";"0";"2";"4";"12";"3";""
"202400041105";"155709315";"A01";"2";"7";"0";"2";"1";"1";"1";""
"202400041106";"155709311";"A01";"3";"37";"0";"9";"0";"0";"1";"1"
"202400041106";"155709314";"B01";"2";"1";"0";"2";"1";"0";"5";""
"202400041107";"155709310";"A01";"1";"10";"7";"0";"4";"20";"1";""
"202400041108";"155709307";"B01";"2";"7";"0";"2";"1";"0";"1";""
"202400041108";"155709309";"A01";"2";"7";"0";"2";"6";"13";"1";""
"202400041109";"155709308";"A01";"0";"32";"0";"0";"8";"1";"1";""
"202400041110";"155709304";"B01";"2";"7";"0";"2";"1";"15";"1";""
"202400041110";"155709306";"A01";"2";"37";"0";"2";"3";"1";"1";"1"
"202400041111";"155709305";"A01";"1";"33";"0";"2";"0";"26";"1";""
"202400041112";"155709302";"A01";"2";"10";"7";"0";"7";"21";"1";""
"202400041113";"155709301";"A01";"1";"10";"0";"2";"7";"0";"1";""
"202400041113";"155709303";"B01";"1";"1";"0";"2";"8";"1";"5";""
"202400041114";"155709299";"A01";"1";"32";"0";"0";"8";"1";"1";""
"202400041115";"155709297";"A01";"1";"30";"0";"2";"1";"2";"1";""
"202400041115";"155709300";"B01";"1";"7";"0";"2";"4";"2";"2";""
"202400041116";"155709295";"A01";"1";"7";"0";"2";"1";"1";"1";""
"202400041116";"155709298";"B01";"3";"80";"0";"2";"3";"12";"3";""
"202400041117";"155709291";"Z01";"1";"10";"0";"2";"2";"12";"1";""
"202400041117";"155709294";"B01";"3";"31";"0";"2";"0";"1";"3";""
"202400041118";"155709292";"A01";"1";"7";"0";"1";"1";"16";"2";""
"202400041119";"155709290";"A01";"1";"7";"8";"0";"1";"6";"1";""
"202400041120";"155709286";"A01";"2";"1";"0";"1";"1";"1";"5";""
"202400041121";"155709283";"B01";"3";"1";"0";"2";"2";"15";"5";""
"202400041121";"155709284";"A01";"3";"7";"0";"9";"3";"9";"1";""
"202400041122";"155709285";"B01";"1";"31";"0";"2";"1";"1";"1";""
"202400041122";"155709287";"A01";"1";"7";"0";"2";"3";"1";"1";""
"202400041123";"155709279";"A01";"2";"7";"0";"1";"0";"15";"1";""
"202400041124";"155709280";"A01";"3";"7";"0";"2";"3";"11";"1";""
"202400041124";"155709282";"B01";"3";"31";"0";"2";"8";"2";"1";""
"202400041125";"155709276";"A01";"1";"7";"0";"2";"1";"26";"1";""
"202400041125";"155709278";"B01";"1";"7";"0";"2";"7";"26";"1";""
"202400041126";"155709277";"A01";"2";"10";"0";"1";"2";"1";"1";""
"202400041127";"155709275";"A01";"1";"10";"0";"2";"1";"1";"1";""
"202400041127";"155709281";"B01";"1";"10";"0";"2";"4";"23";"1";""
"202400041128";"155709274";"A01";"1";"30";"0";"0";"2";"16";"3";""
"202400041129";"155709271";"A01";"1";"43";"14";"0";"1";"1";"1";""
"202400041130";"155709273";"A01";"1";"7";"0";"1";"2";"1";"1";""
"202400041131";"155709272";"A01";"3";"7";"0";"1";"1";"0";"1";""
"202400041132";"155709267";"B01";"1";"80";"0";"0";"1";"1";"3";""
"202400041132";"155709269";"A01";"1";"7";"0";"0";"5";"22";"2";""
"202400041133";"155709268";"A01";"2";"7";"0";"2";"4";"4";"1";""
"202400041133";"155709270";"B01";"0";"1";"0";"2";"1";"1";"5";""
"202400041134";"155709266";"A01";"2";"7";"0";"1";"1";"1";"0";""
"202400041135";"155709260";"A01";"1";"7";"9";"0";"9";"1";"2";""
"202400041136";"155709262";"A01";"1";"7";"0";"1";"4";"4";"1";""
"202400041137";"155709261";"A01";"3";"50";"0";"2";"7";"19";"3";""
"202400041137";"155709264";"B01";"0";"1";"0";"2";"1";"16";"5";""
"202400041138";"155709263";"A01";"1";"10";"0";"1";"1";"1";"1";""
"202400041139";"155709258";"A01";"2";"33";"0";"0";"0";"16";"1";""
"202400041140";"155709255";"B01";"1";"7";"0";"2";"4";"1";"1";""
"202400041140";"155709259";"A01";"1";"7";"0";"2";"1";"1";"1";""
"202400041141";"155709256";"A01";"3";"1";"0";"0";"0";"2";"5";""
"202400041142";"155709253";"A01";"1";"7";"14";"0";"0";"1";"1";""
"202400041143";"155709250";"A01";"1";"32";"0";"2";"1";"1";"1";""
"202400041143";"155709254";"B01";"1";"7";"0";"2";"4";"0";"3";""
"202400041144";"155709252";"A01";"1";"80";"0";"2";"7";"1";"3";""
"202400041144";"155709257";"B01";"1";"7";"0";"2";"1";"1";"1";""
"202400041145";"155709251";"A01";"2";"31";"0";"9";"0";"1";"1";""
"202400041146";"155709246";"A01";"1";"31";"0";"2";"1";"1";"1";""
"202400041146";"155709249";"B01";"1";"7";"0";"2";"2";"15";"1";""
"202400041147";"155709243";"B01";"2";"7";"0";"2";"9";"23";"1";""
"202400041147";"155709245";"A01";"2";"7";"0";"2";"1";"2";"1";""
"202400041147";"155709247";"C01";"2";"7";"0";"2";"4";"23";"1";""
"202400041148";"155709242";"B01";"2";"1";"0";"2";"1";"0";"5";""
"202400041148";"155709248";"A01";"3";"7";"0";"2";"3";"0";"1";""
"202400041149";"155709240";"A01";"3";"7";"0";"2";"2";"1";"1";""
"202400041149";"155709241";"B01";"0";"50";"0";"2";"8";"19";"3";""
"202400041150";"155709237";"A01";"1";"50";"0";"1";"8";"25";"3";""
"202400041151";"155709239";"A01";"0";"7";"0";"2";"1";"1";"1";""
"202400041151";"155709244";"B01";"0";"50";"0";"2";"8";"26";"3";""
"202400041152";"155709235";"A01";"1";"10";"0";"1";"1";"26";"1";""
"202400041153";"155709234";"B01";"1";"7";"0";"2";"4";"1";"1";""
"202400041153";"155709236";"A01";"1";"7";"0";"2";"1";"1";"1";""
"202400041153";"155709238";"C01";"1";"7";"0";"2";"4";"15";"1";""
"202400041154";"155709233";"A01";"1";"30";"0";"1";"1";"1";"0";""
"202400041155";"155709232";"A01";"2";"10";"0";"1";"3";"1";"1";""
"202400041156";"155709231";"A01";"3";"7";"0";"1";"2";"21";"1";""
"202400041157";"155709227";"A01";"1";"7";"16";"2";"3";"15";"3";""
"202400041157";"155709229";"B01";"2";"1";"0";"2";"1";"1";"5";""
"202400041158";"155709228";"A01";"1";"7";"0";"1";"3";"15";"2";""
"202400041159";"155709226";"A01";"1";"33";"0";"2";"2";"1";"1";""
"202400041159";"155709230";"Z01";"0";"7";"0";"2";"1";"0";"3";""
"202400041160";"155709221";"A01";"1";"7";"0";"2";"1";"9";"1";""
"202400041160";"155709224";"B01";"1";"30";"0";"2";"5";"0";"1";""
"202400041161";"155709222";"A01";"3";"10";"0";"1";"4";"4";"3";""
"202400041162";"155709223";"B01";"1";"32";"0";"2";"8";"1";"1";""
"202400041162";"155709225";"A01";"1";"7";"0";"2";"2";"16";"1";""
"202400041163";"155709219";"A01";"1";"7";"0";"2";"1";"2";"1";""
"202400041163";"155709220";"B01";"1";"7";"0";"0";"4";"2";"1";""
"202400041164";"155709218";"A01";"2";"7";"6";"0";"3";"13";"1";""
"202400041165";"155709216";"A01";"1";"7";"0";"2";"8";"15";"0";""
"202400041165";"155709217";"B01";"1";"2";"0";"2";"1";"17";"0";""
"202400041166";"155709214";"A01";"3";"38";"1";"1";"1";"26";"1";"1"
"202400041167";"155709213";"B01";"1";"34";"0";"2";"1";"2";"1";""
"202400041167";"155709215";"A01";"1";"7";"0";"2";"4";"1";"1";""
"202400041168";"155709212";"A01";"1";"7";"4";"0";"2";"1";"1";""
"202400041169";"155709210";"A01";"3";"7";"0";"1";"2";"1";"1";""
"202400041170";"155709209";"A01";"1";"7";"13";"0";"2";"1";"1";""
"202400041171";"155709211";"A01";"3";"10";"0";"2";"1";"1";"1";""
"202400041172";"155709208";"A01";"2";"7";"0";"1";"1";"15";"1";""
"202400041173";"155709205";"A01";"3";"7";"0";"2";"2";"26";"1";""
"202400041173";"155709207";"B01";"3";"7";"0";"2";"7";"26";"1";""
"202400041174";"155709202";"B01";"2";"50";"0";"2";"1";"1";"3";""
"202400041174";"155709206";"A01";"2";"7";"0";"2";"2";"15";"1";""
"202400041175";"155709201";"A01";"2";"30";"0";"2";"1";"1";"1";""
"202400041175";"155709204";"B01";"2";"7";"0";"2";"2";"10";"2";""
"202400041176";"155709200";"B01";"1";"7";"0";"2";"3";"1";"1";""
"202400041176";"155709203";"A01";"2";"7";"0";"2";"6";"17";"1";""
"202400041177";"155709199";"A01";"3";"7";"1";"1";"7";"1";"1";""
"202400041178";"155709197";"A01";"1";"7";"8";"0";"1";"1";"1";""
"202400041179";"155709195";"B01";"3";"7";"0";"2";"3";"1";"1";""
"202400041179";"155709198";"A01";"3";"30";"0";"2";"3";"0";"1";""
"202400041180";"155709193";"A01";"2";"7";"0";"1";"1";"1";"1";""
"202400041181";"155709194";"B01";"3";"7";"0";"2";"4";"2";"0";""
"202400041181";"155709196";"A01";"3";"7";"0";"2";"1";"1";"1";""
"202400041182";"155709190";"B01";"1";"2";"0";"2";"1";"1";"1";""
"202400041182";"155709192";"A01";"2";"7";"0";"2";"7";"19";"1";""
"202400041183";"155709188";"A01";"3";"10";"1";"1";"1";"1";"1";""
"202400041184";"155709187";"A01";"3";"7";"0";"2";"1";"2";"1";""
"202400041184";"155709191";"B01";"3";"7";"0";"2";"4";"2";"1";""
"202400041185";"155709186";"A01";"3";"7";"0";"2";"3";"9";"1";""
"202400041185";"155709189";"B01";"3";"31";"0";"2";"1";"1";"1";""
"202400041186";"155709184";"A01";"3";"33";"0";"0";"0";"26";"0";""
"202400041187";"155709181";"A01";"0";"10";"0";"2";"4";"2";"3";""
"202400041187";"155709185";"B01";"0";"31";"0";"2";"1";"0";"1";""
"202400041188";"155709182";"A01";"0";"1";"14";"0";"1";"26";"5";""
"202400041189";"155709180";"B01";"1";"7";"0";"2";"3";"1";"1";""
"202400041189";"155709183";"A01";"2";"7";"0";"2";"1";"15";"1";""
"202400041190";"155709175";"A01";"1";"7";"0";"2";"2";"12";"1";""
"202400041190";"155709179";"B01";"1";"33";"0";"2";"6";"1";"1";""
"202400041191";"155709176";"A01";"2";"50";"0";"2";"0";"0";"3";""
"202400041191";"155709178";"B01";"2";"7";"0";"2";"1";"1";"2";""
"202400041192";"155709174";"A01";"2";"7";"0";"1";"1";"19";"1";""
"202400041193";"155709173";"A01";"1";"1";"0";"2";"8";"13";"5";""
"202400041193";"155709177";"B01";"1";"7";"0";"0";"7";"1";"1";""
"202400041194";"155709172";"A01";"1";"7";"0";"1";"1";"19";"1";""
"202400041195";"155709169";"A01";"2";"7";"0";"1";"1";"1";"1";""
"202400041196";"155709168";"A01";"1";"1";"0";"2";"3";"17";"5";""
"202400041196";"155709170";"B01";"1";"7";"0";"2";"3";"0";"1";""
"202400041197";"155709165";"A01";"1";"7";"0";"9";"2";"1";"1";""
"202400041197";"155709167";"B01";"1";"1";"0";"2";"1";"11";"5";""
"202400041198";"155709166";"A01";"2";"7";"9";"0";"1";"6";"1";""
"202400041199";"155709162";"B01";"3";"2";"0";"2";"8";"1";"1";""
"202400041199";"155709164";"A01";"3";"7";"0";"2";"2";"1";"1";""
"202400041200";"155709161";"A01";"0";"7";"0";"2";"3";"10";"1";""
"202400041200";"155709163";"B01";"2";"33";"0";"2";"2";"17";"1";""
"202400041201";"155709160";"A01";"2";"7";"6";"0";"1";"13";"1";""
"202400041202";"155709159";"A01";"1";"14";"0";"1";"7";"16";"1";""
"202400041203";"155709158";"A01";"3";"2";"0";"0";"0";"1";"1";""
"202400041204";"155709157";"A01";"1";"7";"0";"2";"6";"2";"1";""
"202400041205";"155709155";"A01";"2";"7";"0";"1";"1";"1";"1";""
"202400041206";"155709154";"A01";"1";"33";"0";"1";"1";"1";"1";""
"202400041207";"155709149";"A01";"2";"7";"0";"2";"3";"15";"1";""
"202400041207";"155709153";"B01";"3";"33";"0";"2";"8";"1";"1";""
"202400041208";"155709151";"A01";"1";"10";"0";"2";"2";"1";"1";""
"202400041208";"155709152";"B01";"2";"7";"0";"2";"3";"9";"2";""
"202400041209";"155709148";"A01";"1";"32";"0";"1";"8";"1";"1";""
"202400041210";"155709147";"B01";"2";"7";"8";"2";"8";"1";"2";""
"202400041210";"155709150";"A01";"1";"7";"8";"2";"1";"1";"1";""
"202400041211";"155709143";"B01";"2";"7";"0";"2";"8";"1";"1";""
"202400041211";"155709146";"A01";"1";"7";"0";"2";"8";"13";"1";""
"202400041212";"155709142";"A01";"1";"7";"0";"2";"3";"15";"1";""
"202400041212";"155709145";"B01";"2";"50";"0";"2";"7";"25";"3";""
"202400041213";"155709144";"A01";"1";"7";"4";"0";"1";"13";"3";""
"202400041214";"155709140";"A01";"1";"7";"9";"0";"2";"2";"1";""
"202400041214";"155709141";"B01";"1";"37";"0";"2";"6";"0";"1";"1"
"202400041215";"155709138";"A01";"3";"34";"0";"1";"1";"1";"1";""
"202400041216";"155709134";"A01";"1";"7";"0";"2";"1";"5";"1";""
"202400041216";"155709137";"B01";"2";"10";"0";"2";"1";"17";"1";""
"202400041217";"155709133";"A01";"3";"10";"0";"2";"1";"2";"1";""
"202400041217";"155709136";"B01";"3";"7";"0";"2";"4";"2";"3";""
"202400041218";"155709132";"A01";"1";"7";"16";"0";"1";"1";"1";""
"202400041219";"155709135";"B01";"1";"7";"0";"2";"4";"2";"1";""
"202400041219";"155709139";"A01";"1";"13";"0";"2";"3";"2";"1";""
"202400041220";"155709131";"A01";"1";"15";"0";"0";"2";"1";"1";""
"202400041221";"155709129";"A01";"3";"3";"0";"0";"0";"16";"3";""
"202400041222";"155709127";"A01";"1";"7";"1";"2";"2";"26";"1";""
"202400041222";"155709130";"B01";"1";"7";"0";"2";"1";"1";"1";""
"202400041223";"155709123";"A01";"1";"7";"0";"2";"1";"1";"1";""
"202400041223";"155709126";"B01";"1";"7";"0";"2";"4";"15";"2";""
"202400041224";"155709124";"A01";"1";"3";"8";"0";"1";"1";"1";""
"202400041225";"155709125";"A01";"1";"7";"0";"2";"8";"13";"1";""
"202400041225";"155709128";"B01";"2";"31";"0";"2";"1";"1";"1";""
"202400041226";"155709119";"A01";"1";"2";"0";"2";"1";"2";"1";""