"Num_Acc";"id_vehicule";"num_veh";"senc";"catv";"obs";"obsm";"choc";"manv";"motor";"occutc"
"202400041226";"155709121";"B01";"1";"7";"0";"0";"4";"1";"1";""
"202400041227";"155709118";"B01";"0";"31";"0";"2";"2";"1";"1";""
"202400041227";"155709122";"A01";"0";"7";"0";"2";"3";"1";"2";""
"202400041228";"155709117";"A01";"1";"7";"15";"2";"3";"13";"1";""
"202400041228";"155709120";"B01";"2";"2";"0";"2";"1";"1";"1";""
"202400041229";"155709115";"B01";"1";"33";"0";"2";"1";"1";"1";""
"202400041229";"155709116";"A01";"1";"7";"0";"2";"7";"15";"1";""
"202400041230";"155709112";"A01";"1";"2";"0";"2";"2";"23";"0";""
"202400041230";"155709114";"B01";"2";"7";"0";"0";"3";"23";"1";""
"202400041231";"155709111";"A01";"2";"7";"0";"2";"3";"16";"1";""
"202400041231";"155709113";"B01";"1";"1";"0";"2";"1";"25";"5";""
"202400041232";"155709110";"A01";"3";"7";"2";"0";"1";"1";"1";""
"202400041233";"155709108";"B01";"3";"31";"0";"2";"1";"1";"1";""
"202400041233";"155709109";"A01";"3";"7";"0";"2";"6";"10";"1";""
"202400041234";"155709103";"A01";"3";"10";"0";"1";"2";"1";"1";""
"202400041235";"155709102";"A01";"2";"7";"0";"2";"1";"2";"1";""
"202400041235";"155709106";"B01";"2";"15";"0";"0";"4";"2";"1";""
"202400041236";"155709101";"B01";"2";"7";"0";"2";"1";"1";"1";""
"202400041236";"155709104";"A01";"1";"7";"0";"2";"1";"13";"1";""
"202400041237";"155709099";"A01";"2";"15";"0";"2";"8";"1";"0";""
"202400041237";"155709100";"B01";"1";"7";"0";"2";"3";"1";"1";""
"202400041238";"155709094";"A01";"1";"7";"0";"2";"1";"18";"1";""
"202400041238";"155709097";"B01";"1";"1";"0";"2";"4";"9";"5";""
"202400041239";"155709095";"A01";"2";"2";"1";"0";"1";"1";"1";""
"202400041240";"155709093";"A01";"2";"7";"0";"2";"1";"6";"1";""
"202400041240";"155709096";"B01";"1";"7";"0";"2";"6";"1";"1";""
"202400041240";"155709098";"C01";"1";"7";"0";"2";"1";"1";"1";""
"202400041241";"155709092";"A01";"2";"7";"0";"1";"3";"1";"1";""
"202400041242";"155709090";"A01";"0";"2";"7";"0";"1";"1";"1";""
"202400041243";"155709089";"A01";"3";"1";"0";"0";"0";"1";"5";""
"202400041244";"155709085";"A01";"2";"7";"2";"0";"1";"2";"1";""
"202400041245";"155709083";"B01";"1";"43";"0";"2";"1";"23";"1";""
"202400041245";"155709087";"A01";"1";"10";"0";"2";"4";"26";"1";""
"202400041246";"155709080";"E01";"1";"7";"0";"2";"2";"1";"1";""
"202400041246";"155709084";"D01";"1";"7";"0";"2";"1";"23";"1";""
"202400041246";"155709086";"B01";"1";"7";"0";"2";"1";"23";"1";""
"202400041246";"155709088";"C01";"1";"7";"0";"2";"5";"23";"3";""
"202400041246";"155709091";"A01";"2";"7";"8";"2";"1";"16";"1";""
"202400041247";"155709081";"B01";"2";"7";"0";"2";"3";"17";"0";""
"202400041247";"155709082";"A01";"2";"1";"0";"2";"8";"1";"5";""
"202400041248";"155709079";"A01";"0";"36";"0";"0";"2";"1";"1";""
"202400041249";"155709078";"A01";"1";"7";"0";"0";"3";"5";"1";""
"202400041250";"155709076";"A01";"2";"7";"0";"1";"1";"1";"1";""
"202400041251";"155709074";"A01";"1";"7";"0";"1";"4";"4";"1";""
"202400041252";"155709073";"A01";"1";"7";"16";"0";"1";"1";"1";""
"202400041253";"155709071";"A01";"1";"31";"0";"2";"1";"2";"1";""
"202400041253";"155709072";"B01";"1";"7";"0";"2";"4";"2";"1";""
"202400041254";"155709075";"A01";"1";"7";"0";"0";"7";"15";"1";""
"202400041254";"155709077";"B01";"2";"50";"0";"0";"0";"1";"3";""
"202400041255";"155709068";"B01";"0";"30";"0";"2";"1";"2";"1";""
"202400041255";"155709070";"A01";"0";"7";"0";"2";"3";"15";"1";""
"202400041256";"155709067";"A01";"1";"38";"0";"9";"2";"2";"1";"1"
"202400041256";"155709069";"B01";"1";"50";"0";"2";"3";"13";"3";""
"202400041257";"155709064";"A01";"1";"7";"5";"2";"7";"17";"1";""
"202400041257";"155709066";"B01";"1";"10";"0";"2";"8";"15";"1";""
"202400041258";"155709063";"B01";"2";"33";"0";"2";"1";"2";"1";""
"202400041258";"155709065";"A01";"1";"7";"0";"2";"1";"15";"1";""
"202400041259";"155709061";"A01";"2";"3";"13";"0";"1";"21";"1";""
"202400041260";"155709058";"B01";"2";"17";"0";"0";"6";"1";"1";""
"202400041260";"155709060";"A01";"2";"7";"0";"2";"3";"1";"1";""
"202400041261";"155709057";"A01";"2";"33";"8";"0";"1";"0";"1";""
"202400041262";"155709056";"A01";"1";"99";"0";"2";"4";"4";"1";""
"202400041262";"155709059";"B01";"2";"1";"0";"2";"1";"1";"5";""
"202400041263";"155709055";"B01";"2";"7";"0";"2";"1";"1";"1";""
"202400041263";"155709062";"A01";"2";"7";"0";"2";"7";"15";"1";""
"202400041264";"155709052";"A01";"2";"32";"0";"2";"1";"17";"1";""
"202400041264";"155709054";"B01";"1";"10";"0";"2";"3";"1";"1";""
"202400041265";"155709051";"A01";"1";"31";"0";"2";"3";"13";"1";""
"202400041265";"155709053";"B01";"2";"10";"0";"2";"3";"1";"1";""
"202400041266";"155709049";"A01";"0";"33";"12";"0";"5";"1";"1";""
"202400041267";"155709047";"A01";"2";"7";"0";"2";"3";"13";"1";""
"202400041267";"155709048";"B01";"1";"38";"0";"2";"3";"1";"1";"1"
"202400041268";"155709046";"A01";"1";"33";"2";"0";"7";"14";"1";""
"202400041269";"155709045";"A01";"0";"7";"0";"2";"1";"26";"1";""
"202400041269";"155709050";"B01";"0";"7";"0";"2";"0";"0";"1";""
"202400041270";"155709042";"A01";"1";"33";"17";"0";"1";"1";"1";""
"202400041271";"155709041";"A01";"1";"31";"0";"2";"1";"26";"1";""
"202400041271";"155709044";"B01";"1";"14";"0";"2";"4";"2";"1";""
"202400041272";"155709043";"A01";"3";"7";"0";"0";"0";"1";"1";""
"202400041273";"155709037";"A01";"3";"7";"0";"2";"2";"1";"1";""
"202400041273";"155709039";"B01";"3";"10";"0";"2";"3";"1";"1";""
"202400041274";"155709038";"B01";"3";"1";"0";"2";"7";"0";"5";""
"202400041274";"155709040";"A01";"3";"7";"0";"9";"1";"1";"2";""
"202400041275";"155709033";"A01";"2";"7";"0";"2";"2";"12";"1";""
"202400041275";"155709036";"B01";"2";"31";"0";"2";"3";"3";"1";""
"202400041276";"155709032";"A01";"1";"7";"7";"2";"5";"10";"3";""
"202400041276";"155709034";"B01";"2";"34";"0";"2";"1";"1";"1";""
"202400041277";"155709029";"Z01";"3";"50";"0";"1";"8";"1";"3";""
"202400041278";"155709027";"A01";"1";"2";"8";"2";"4";"1";"1";""
"202400041278";"155709030";"B01";"1";"7";"0";"2";"5";"9";"1";""
"202400041279";"155709028";"A01";"0";"99";"0";"2";"0";"21";"0";""
"202400041280";"155709024";"A01";"2";"33";"0";"1";"2";"1";"1";""
"202400041281";"155709025";"A01";"3";"7";"0";"1";"1";"1";"1";""
"202400041282";"155709023";"A01";"1";"10";"0";"2";"1";"1";"1";""
"202400041282";"155709026";"B01";"2";"7";"0";"2";"1";"5";"1";""
"202400041283";"155709020";"B01";"1";"7";"0";"0";"3";"1";"1";""
"202400041283";"155709022";"A01";"2";"2";"0";"2";"1";"1";"1";""
"202400041284";"155709019";"B01";"3";"33";"0";"2";"2";"1";"1";""
"202400041284";"155709021";"A01";"3";"10";"1";"2";"6";"20";"0";""
"202400041285";"155709017";"A01";"2";"10";"0";"1";"5";"4";"0";""
"202400041286";"155709015";"A01";"1";"7";"15";"0";"2";"2";"1";""
"202400041287";"155709016";"A01";"3";"7";"0";"2";"3";"0";"1";""
"202400041287";"155709018";"B01";"3";"7";"0";"2";"1";"1";"1";""
"202400041288";"155709014";"A01";"2";"7";"0";"1";"2";"1";"1";""
"202400041289";"155709010";"A01";"3";"7";"0";"9";"2";"1";"1";""
"202400041289";"155709013";"B01";"2";"50";"0";"2";"1";"1";"3";""
"202400041290";"155709009";"A01";"1";"7";"0";"2";"2";"1";"1";""
"202400041290";"155709012";"B01";"1";"33";"0";"2";"1";"1";"1";""
"202400041291";"155709011";"A01";"2";"1";"0";"0";"0";"26";"5";""
"202400041292";"155709006";"A01";"2";"2";"0";"2";"1";"0";"1";""
"202400041292";"155709008";"B01";"1";"7";"0";"2";"3";"21";"1";""
"202400041293";"155709002";"A01";"1";"7";"0";"2";"3";"1";"1";""
"202400041293";"155709007";"B01";"1";"50";"0";"2";"8";"11";"3";""
"202400041294";"155709000";"A01";"1";"7";"0";"9";"2";"17";"1";""
"202400041294";"155709004";"B01";"1";"1";"0";"2";"5";"15";"5";""
"202400041295";"155708999";"B01";"1";"1";"0";"2";"3";"1";"5";""
"202400041295";"155709003";"A01";"1";"7";"0";"2";"2";"1";"1";""
"202400041296";"155708997";"A01";"2";"7";"0";"1";"2";"17";"1";""
"202400041297";"155708996";"B01";"1";"21";"0";"0";"4";"2";"1";""
"202400041297";"155708998";"A01";"1";"7";"0";"2";"1";"2";"1";""
"202400041298";"155708995";"A01";"1";"50";"0";"1";"1";"5";"3";""
"202400041299";"155709001";"B01";"1";"31";"0";"2";"1";"2";"1";""
"202400041299";"155709005";"A01";"1";"7";"0";"2";"2";"16";"2";""
"202400041300";"155708994";"A01";"2";"33";"3";"0";"2";"0";"1";""
"202400041301";"155708991";"A01";"1";"7";"0";"0";"6";"15";"1";""
"202400041301";"155708993";"B01";"1";"33";"0";"2";"1";"17";"1";""
"202400041302";"155708989";"A01";"0";"7";"0";"2";"1";"15";"1";""
"202400041302";"155708992";"B01";"1";"33";"0";"2";"1";"2";"1";""
"202400041303";"155708988";"B01";"1";"7";"0";"2";"5";"15";"1";""
"202400041303";"155708990";"A01";"2";"43";"0";"2";"1";"1";"1";""
"202400041304";"155708985";"A01";"1";"33";"11";"0";"1";"1";"1";""
"202400041305";"155708987";"A01";"2";"36";"12";"9";"3";"1";"1";""
"202400041306";"155708984";"A01";"1";"7";"0";"2";"1";"1";"1";""
"202400041306";"155708986";"B01";"1";"7";"0";"2";"4";"1";"1";""
"202400041307";"155708981";"A01";"2";"33";"0";"1";"3";"1";"1";""
"202400041308";"155708982";"A01";"1";"7";"8";"0";"1";"1";"1";""
"202400041309";"155708980";"A01";"2";"34";"4";"0";"8";"26";"1";""
"202400041310";"155708979";"A01";"1";"7";"0";"1";"3";"1";"0";""
"202400041311";"155708978";"A01";"1";"7";"0";"2";"1";"13";"1";""
"202400041311";"155708983";"B01";"2";"7";"0";"2";"1";"1";"1";""
"202400041312";"155708976";"A01";"2";"7";"4";"0";"1";"1";"1";""
"202400041313";"155708972";"A01";"3";"10";"0";"2";"1";"2";"1";""
"202400041313";"155708977";"B01";"3";"7";"0";"2";"3";"0";"1";""
"202400041314";"155708971";"A01";"1";"7";"0";"0";"4";"23";"1";""
"202400041314";"155708974";"B01";"1";"2";"0";"2";"1";"2";"1";""
"202400041315";"155708970";"A01";"3";"10";"0";"2";"2";"14";"1";""
"202400041315";"155708973";"B01";"3";"33";"0";"2";"3";"1";"1";""
"202400041316";"155708969";"B01";"3";"50";"0";"2";"7";"1";"3";""
"202400041316";"155708975";"A01";"3";"0";"0";"9";"1";"1";" -1";""
"202400041317";"155708967";"B01";"2";"7";"0";"2";"4";"1";"1";""
"202400041317";"155708968";"A01";"2";"7";"0";"2";"1";"2";"1";""
"202400041318";"155708963";"A01";"1";"7";"0";"2";"1";"1";"1";""
"202400041318";"155708964";"B01";"1";"7";"0";"2";"4";"1";"2";""
"202400041319";"155708962";"A01";"2";"7";"0";"2";"4";"4";"1";""
"202400041319";"155708965";"B01";"3";"30";"0";"2";"1";"1";"3";""
"202400041320";"155708960";"A01";"3";"7";"6";"0";"1";"26";"1";""
"202400041321";"155708959";"A01";"2";"7";"4";"0";"1";"1";"1";""
"202400041322";"155708961";"A01";"3";"10";"0";"1";"7";"21";"1";""
"202400041323";"155708956";"A01";"1";"7";"0";"2";"8";"15";"1";""
"202400041323";"155708958";"B01";"1";"33";"0";"2";"7";"1";"1";""
"202400041324";"155708955";"A01";"1";"10";"0";"1";"1";"0";"1";""
"202400041325";"155708953";"A01";"3";"7";"0";"2";"8";"1";"1";""
"202400041325";"155708957";"B01";"3";"2";"0";"2";"1";"15";"1";""
"202400041326";"155708950";"C01";"2";"10";"0";"2";"1";"2";"3";""
"202400041326";"155708952";"B01";"2";"7";"0";"2";"4";"2";"1";""
"202400041326";"155708954";"A01";"2";"7";"0";"2";"4";"2";"1";""
"202400041327";"155708951";"A01";"3";"10";"0";"1";"3";"13";"1";""
"202400041328";"155708947";"A01";"2";"34";"0";"9";"3";"1";"1";""
"202400041328";"155708949";"B01";"2";"1";"0";"2";"5";"1";"5";""
"202400041329";"155708945";"A01";"3";"7";"0";"1";"3";"0";"1";""
"202400041330";"155708946";"B01";"2";"31";"0";"2";"1";"16";"1";""
"202400041330";"155708948";"A01";"1";"7";"0";"2";"1";"15";"1";""
"202400041331";"155708943";"A01";"3";"0";"0";"1";"0";"2";"0";""
"202400041332";"155708941";"A01";"3";"30";"0";"1";"0";"26";"1";""
"202400041333";"155708937";"A01";"2";"14";"0";"2";"2";"14";"1";""
"202400041333";"155708940";"C01";"2";"10";"0";"2";"5";"1";"1";""
"202400041333";"155708942";"D01";"2";"33";"0";"2";"3";"3";"1";""
"202400041333";"155708944";"B01";"2";"7";"0";"2";"6";"1";"1";""
"202400041334";"155708935";"A01";"3";"33";"1";"0";"1";"0";"1";""
"202400041335";"155708936";"B01";"3";"1";"0";"2";"1";"1";"5";""
"202400041335";"155708939";"A01";"3";"7";"0";"2";"8";"1";"1";""
"202400041336";"155708932";"A01";"1";"7";"0";"2";"2";"1";"1";""
"202400041336";"155708933";"B01";"1";"7";"0";"2";"6";"23";"1";""
"202400041337";"155708928";"B01";"1";"7";"0";"2";"2";"1";"1";""
"202400041337";"155708931";"A01";"1";"7";"9";"2";"6";"12";"2";""
"202400041338";"155708926";"A01";"2";"33";"0";"2";"1";"1";"1";""
"202400041338";"155708929";"B01";"2";"10";"0";"2";"3";"9";"1";""
"202400041339";"155708925";"A01";"0";"7";"0";"2";"1";"2";"1";""
"202400041339";"155708927";"B01";"0";"7";"14";"0";"4";"23";"1";""
"202400041340";"155708924";"A01";"2";"33";"0";"0";"7";"1";"1";""
"202400041341";"155708923";"B01";"1";"7";"0";"0";"8";"0";"1";""
"202400041341";"155708930";"A01";"1";"13";"0";"2";"1";"1";"1";""
"202400041342";"155708918";"A01";"1";"31";"0";"2";"1";"1";"1";""
"202400041342";"155708921";"B01";"2";"7";"0";"2";"3";"1";"1";""
"202400041343";"155708919";"B01";"2";"10";"0";"2";"4";"2";"1";""
"202400041343";"155708922";"A01";"2";"7";"0";"2";"1";"1";"1";""
"202400041344";"155708915";"B01";"1";"3";"0";"2";"4";"2";"1";""
"202400041344";"155708917";"A01";"1";"7";"0";"2";"1";"1";"1";""
"202400041345";"155708916";"A01";"0";"7";"0";"2";"1";"1";"2";""
"202400041345";"155708920";"B01";"0";"32";"0";"2";"7";"1";"1";""
"202400041346";"155708914";"A01";"1";"7";"6";"0";"2";"1";"0";""
"202400041347";"155708909";"A01";"2";"33";"0";"2";"3";"3";"1";""
"202400041347";"155708911";"B01";"2";"7";"0";"2";"7";"1";"3";""
"202400041348";"155708907";"A01";"1";"7";"8";"0";"1";"14";"1";""
"202400041349";"155708906";"C01";"1";"38";"0";"0";"0";"23";"1";"1"
"202400041349";"155708908";"A01";"2";"7";"0";"1";"1";"2";"1";""
"202400041349";"155708912";"B01";"2";"7";"0";"0";"0";"2";"1";""
"202400041350";"155708910";"B01";"1";"80";"0";"2";"8";"1";"3";""
"202400041350";"155708913";"A01";"2";"7";"0";"9";"1";"15";"1";""
"202400041351";"155708905";"A01";"1";"7";"0";"1";"1";"19";"1";""
"202400041352";"155708902";"A01";"2";"32";"0";"2";"1";"3";"1";""
"202400041352";"155708904";"B01";"2";"7";"0";"2";"4";"1";"2";""
"202400041353";"155708903";"A01";"1";"17";"9";"9";"0";"0";"1";""
"202400041354";"155708901";"A01";"2";"7";"2";"0";"9";"1";"1";""
"202400041355";"155708900";"A01";"1";"30";"0";"0";"0";"1";"1";""
"202400041356";"155708899";"A01";"1";"33";"0";"0";"0";"1";"1";""
"202400041357";"155708896";"A01";"1";"7";"13";"0";"1";"1";"1";""
"202400041358";"155708898";"A01";"1";"33";"0";"0";"2";"21";"1";""
"202400041359";"155708892";"A01";"1";"7";"0";"2";"1";"1";"1";""
"202400041359";"155708897";"B01";"2";"33";"0";"2";"1";"13";"0";""
"202400041360";"155708891";"B01";"2";"7";"0";"2";"6";"1";"1";""
"202400041360";"155708894";"C01";"2";"7";"0";"2";"3";"1";"1";""
"202400041360";"155708895";"A01";"2";"7";"0";"2";"2";"14";"1";""
"202400041361";"155708887";"A01";"2";"7";"0";"2";"1";"19";"1";""
"202400041361";"155708890";"B01";"1";"38";"0";"2";"2";"1";"1";"1"
"202400041362";"155708885";"A01";"1";"7";"0";"1";"3";"19";"1";""
"202400041363";"155708883";"C01";"2";"7";"0";"2";"6";"1";"1";""
"202400041363";"155708888";"B01";"2";"7";"0";"2";"6";"1";"2";""
"202400041363";"155708893";"A01";"2";"33";"0";"2";"2";"21";"1";""
"202400041364";"155708886";"A01";"2";"2";"0";"2";"1";"1";"1";""
"202400041364";"155708889";"X01";"2";"7";"0";"2";"4";"18";"0";""
"202400041365";"155708882";"B01";"1";"10";"0";"2";"4";"2";"1";""
"202400041365";"155708884";"A01";"1";"7";"0";"2";"1";"2";"1";""
"202400041366";"155708880";"A01";"2";"7";"3";"0";"7";"17";"1";""
"202400041367";"155708878";"A01";"1";"7";"0";"2";"1";"1";"1";""
"202400041367";"155708881";"B01";"2";"7";"0";"2";"1";"1";"1";""
"202400041368";"155708876";"A01";"2";"7";"0";"2";"3";"21";"1";""
"202400041368";"155708879";"B01";"1";"7";"0";"2";"6";"1";"1";""
"202400041369";"155708875";"B01";"2";"60";"0";"2";"1";"25";"5";""
"202400041369";"155708877";"A01";"2";"10";"0";"9";"2";"16";"3";""
"202400041370";"155708873";"A01";"2";"7";"0";"1";"4";"26";"1";""
"202400041371";"155708872";"B01";"1";"7";"0";"2";"3";"1";"1";""
"202400041371";"155708874";"A01";"1";"7";"0";"2";"1";"19";"1";""
"202400041372";"155708871";"A01";"2";"7";"4";"0";"1";"0";"1";""
"202400041373";"155708869";"A01";"2";"7";"13";"0";"3";"13";"1";""
"202400041374";"155708868";"A01";"1";"31";"0";"2";"1";"1";"3";""
"202400041374";"155708870";"B01";"3";"2";"0";"2";"4";"1";"3";""
"202400041375";"155708866";"A01";"2";"33";"0";"2";"1";"1";"1";""
"202400041375";"155708867";"B01";"2";"33";"0";"0";"4";"2";"1";""
"202400041376";"155708863";"A01";"3";"7";"0";"0";"6";"23";"1";""
"202400041376";"155708865";"B01";"3";"2";"0";"2";"1";"2";"3";""
"202400041377";"155708862";"B01";"1";"7";"0";"2";"1";"5";"2";""
"202400041377";"155708864";"A01";"2";"7";"0";"2";"1";"1";"1";""
"202400041378";"155708860";"A01";"1";"31";"0";"1";"8";"23";"1";""
"202400041379";"155708859";"A01";"1";"7";"0";"1";"2";"1";"1";""
"202400041380";"155708856";"A01";"2";"7";"0";"2";"2";"2";"1";""
"202400041380";"155708858";"B01";"2";"7";"0";"0";"6";"2";"1";""
"202400041381";"155708857";"B01";"1";"33";"0";"2";"3";"1";"1";""
"202400041381";"155708861";"A01";"1";"7";"0";"2";"3";"15";"1";""
"202400041382";"155708854";"A01";"1";"7";"0";"1";"3";"16";"1";""
"202400041383";"155708851";"B01";"2";"17";"0";"2";"1";"1";"1";""
"202400041383";"155708852";"A01";"2";"10";"0";"2";"1";"13";"1";""
"202400041384";"155708849";"A01";"3";"7";"2";"0";"1";"1";"1";""
"202400041385";"155708848";"A01";"3";"2";"0";"2";"3";"1";"1";""
"202400041385";"155708850";"B01";"3";"21";"0";"2";"3";"1";"1";""
"202400041386";"155708847";"Z01";"1";"50";"0";"1";"0";"2";"3";""
"202400041387";"155708846";"A01";"2";"33";"0";"6";"0";"21";"1";""
"202400041388";"155708845";"A01";"0";"7";"0";"1";"1";"15";"1";""
"202400041389";"155708843";"A01";"2";"7";"0";"2";"1";"13";"1";""
"202400041389";"155708844";"B01";"1";"10";"0";"2";"1";"1";"1";""
"202400041390";"155708840";"A01";"2";"7";"15";"0";"1";"17";"1";""
"202400041391";"155708838";"A01";"1";"7";"0";"1";"2";"0";"2";""
"202400041392";"155708837";"B01";"2";"7";"0";"2";"1";"1";"1";""
"202400041392";"155708842";"A01";"2";"7";"0";"2";"3";"15";"1";""
"202400041393";"155708839";"A01";"3";"7";"0";"2";"1";"0";"0";""
"202400041393";"155708841";"B01";"3";"7";"0";"2";"3";"0";"1";""
"202400041394";"155708835";"A01";"1";"2";"0";"0";"1";"13";"1";""
"202400041395";"155708834";"A01";"1";"7";"0";"2";"8";"1";"1";""
"202400041395";"155708836";"B01";"1";"33";"0";"2";"1";"1";"1";""
"202400041396";"155708833";"A01";"1";"32";"15";"0";"1";"26";"0";""
"202400041397";"155708830";"A01";"2";"2";"6";"9";"0";"1";"1";""
"202400041397";"155708831";"B01";"1";"10";"0";"2";"0";"19";"1";""
"202400041398";"155708829";"A01";"0";"7";"6";"0";"2";"1";"1";""
"202400041399";"155708828";"A01";"3";"1";"0";"0";"9";"1";"5";""
"202400041400";"155708825";"A01";"1";"10";"0";"1";"2";"21";"1";""
"202400041401";"155708823";"A01";"1";"7";"8";"0";"2";"1";"1";""
"202400041402";"155708824";"A01";"1";"10";"0";"0";"0";"16";"1";""
"202400041402";"155708826";"B01";"2";"2";"0";"0";"0";"1";"1";""
"202400041403";"155708822";"A01";"2";"7";"0";"1";"3";"15";"3";""
"202400041404";"155708827";"A01";"1";"2";"0";"2";"1";"2";"1";""
"202400041404";"155708832";"B01";"1";"10";"0";"0";"4";"1";"1";""
"202400041405";"155708819";"A01";"1";"7";"0";"0";"2";"13";"1";""
"202400041405";"155708820";"B01";"2";"7";"0";"2";"8";"1";"1";""
"202400041406";"155708818";"A01";"2";"7";"12";"0";"2";"14";"1";""
"202400041407";"155708816";"A01";"1";"2";"0";"2";"1";"1";"1";""
"202400041407";"155708817";"B01";"1";"10";"0";"0";"4";"1";"1";""
"202400041408";"155708813";"B01";"2";"31";"13";"2";"1";"1";"1";""
"202400041408";"155708815";"A01";"1";"7";"0";"2";"2";"15";"1";""
"202400041409";"155708810";"A01";"2";"33";"9";"2";"1";"1";"1";""
"202400041409";"155708812";"B01";"3";"1";"9";"2";"3";"19";"5";""
"202400041410";"155708808";"A01";"2";"33";"0";"0";"1";"19";"1";""
"202400041411";"155708809";"B01";"2";"1";"0";"2";"1";"26";"5";""
"202400041411";"155708811";"A01";"1";"10";"0";"9";"2";"15";"1";""
"202400041412";"155708806";"B01";"1";"7";"0";"2";"5";"2";"1";""
"202400041412";"155708807";"A01";"1";"33";"0";"2";"1";"3";"1";""
"202400041413";"155708801";"B01";"1";"7";"0";"2";"1";"1";"1";""
"202400041413";"155708804";"A01";"2";"7";"0";"2";"1";"1";"1";""
"202400041414";"155708800";"A01";"2";"7";"0";"1";"1";"16";"1";""
"202400041415";"155708803";"A01";"1";"10";"0";"2";"3";"15";"1";""
"202400041415";"155708814";"B01";"1";"33";"0";"2";"1";"1";"1";""
"202400041416";"155708798";"A01";"1";"7";"0";"1";"1";"16";"1";""
"202400041417";"155708797";"A01";"2";"50";"0";"1";"7";"25";"3";""
"202400041418";"155708796";"A01";"1";"7";"0";"2";"1";"13";"1";""
"202400041418";"155708799";"B01";"2";"10";"0";"2";"1";"1";"1";""
"202400041419";"155708795";"A01";"2";"10";"0";"1";"1";"1";"1";""
"202400041420";"155708791";"B01";"1";"30";"0";"2";"7";"23";"1";""
"202400041420";"155708793";"A01";"1";"31";"0";"2";"0";"23";"1";""
"202400041421";"155708790";"A01";"2";"7";"0";"2";"1";"0";"1";""
"202400041421";"155708792";"C01";"2";"7";"0";"2";"0";"0";"0";""
"202400041421";"155708794";"B01";"2";"7";"0";"2";"0";"0";"1";""
"202400041422";"155708788";"A01";"2";"7";"2";"0";"3";"1";"1";""
"202400041423";"155708787";"A01";"3";"80";"0";"0";"9";"1";"3";""
"202400041424";"155708782";"A01";"3";"7";"0";"0";"3";"1";"1";""
"202400041424";"155708785";"B01";"3";"33";"0";"2";"8";"17";"1";""
"202400041425";"155708780";"C01";"1";"7";"1";"2";"3";"1";"0";""
"202400041425";"155708781";"A01";"1";"7";"0";"0";"4";"0";"0";""
"202400041425";"155708786";"B01";"1";"7";"1";"2";"2";"21";"0";""
"202400041426";"155708779";"A01";"2";"7";"0";"2";"1";"11";"1";""
"202400041426";"155708783";"B01";"1";"33";"0";"2";"1";"1";"1";""
"202400041427";"155708776";"A01";"3";"7";"0";"2";"3";"1";"1";""
"202400041427";"155708778";"B01";"3";"7";"0";"2";"2";"9";"1";""
"202400041428";"155708774";"A01";"1";"7";"1";"0";"3";"1";"1";""
"202400041429";"155708773";"A01";"3";"10";"0";"2";"4";"26";"1";""
"202400041429";"155708775";"B01";"3";"32";"0";"2";"7";"26";"3";""
"202400041430";"155708777";"A01";"2";"7";"0";"2";"1";"13";"1";""
"202400041430";"155708784";"C01";"1";"32";"0";"2";"1";"1";"1";""
"202400041430";"155708789";"B01";"1";"33";"0";"2";"1";"1";"1";""
"202400041431";"155708771";"A01";"1";"2";"0";"2";"1";"1";"1";""
"202400041431";"155708772";"B01";"0";"10";"0";"2";"8";"1";"1";""
"202400041432";"155708770";"A01";"2";"7";"2";"0";"1";"1";"1";""
"202400041433";"155708767";"A01";"1";"7";"12";"2";"1";"6";"1";""
"202400041433";"155708768";"B01";"1";"33";"0";"2";"8";"1";"1";""
"202400041434";"155708766";"A01";"3";"7";"0";"1";"3";"1";"1";""
"202400041435";"155708762";"A01";"2";"10";"0";"2";"3";"1";"1";""
"202400041435";"155708765";"B01";"1";"2";"0";"2";"1";"0";"1";""
"202400041436";"155708761";"A01";"3";"7";"0";"1";"7";"1";"1";""
"202400041437";"155708760";"A01";"1";"7";"0";"2";"3";"1";"1";""
"202400041437";"155708763";"B01";"1";"31";"0";"2";"1";"1";"1";""
"202400041438";"155708757";"A01";"2";"7";"0";"2";"3";"0";"1";""
"202400041438";"155708759";"B01";"2";"7";"0";"2";"2";"1";"1";""
"202400041439";"155708764";"B01";"1";"32";"0";"2";"2";"26";"1";""
"202400041439";"155708769";"A01";"1";"7";"0";"2";"3";"20";"1";""
"202400041440";"155708753";"B01";"2";"10";"0";"2";"2";"2";"1";""
"202400041440";"155708755";"A01";"2";"7";"0";"2";"4";"2";"1";""
"202400041440";"155708758";"C01";"2";"7";"0";"2";"1";"2";"1";""
"202400041441";"155708754";"A01";"3";"7";"0";"2";"7";"2";"1";""
"202400041441";"155708756";"B01";"3";"1";"0";"2";"8";"2";"5";""
"202400041442";"155708752";"A01";"1";"1";"0";"0";"1";"1";"5";""
"202400041443";"155708750";"B01";"3";"31";"14";"0";"3";"1";"1";""
"202400041443";"155708751";"A01";"2";"7";"0";"0";"3";"10";"0";""
"202400041444";"155708746";"A01";"2";"7";"0";"0";"8";"1";"1";""
"202400041444";"155708748";"B01";"1";"1";"0";"2";"1";"13";"5";""
"202400041445";"155708744";"B01";"1";"7";"0";"0";"5";"1";"1";""
"202400041445";"155708747";"A01";"1";"30";"0";"2";"1";"2";"1";""
"202400041446";"155708743";"A01";"1";"99";"0";"2";"4";"1";"1";""
"202400041446";"155708749";"B01";"1";"10";"0";"2";"1";"2";"1";""