"Num_Acc";"id_vehicule";"num_veh";"senc";"catv";"obs";"obsm";"choc";"manv";"motor";"occutc"
"202400041447";"155708742";"B01";"2";"7";"0";"0";"0";"0";"2";""
"202400041447";"155708745";"A01";"2";"7";"0";"0";"2";"1";"1";""
"202400041448";"155708739";"A01";"1";"7";"0";"0";"3";"1";"1";""
"202400041448";"155708741";"B01";"1";"33";"8";"2";"2";"2";"1";""
"202400041449";"155708736";"A01";"2";"7";"0";"2";"3";"15";"1";""
"202400041449";"155708740";"B01";"1";"31";"0";"2";"8";"1";"1";""
"202400041450";"155708733";"B01";"1";"10";"0";"2";"4";"23";"1";""
"202400041450";"155708734";"C01";"1";"10";"0";"0";"4";"23";"1";""
"202400041450";"155708737";"A01";"1";"7";"0";"2";"1";"1";"1";""
"202400041451";"155708729";"A01";"2";"10";"0";"2";"5";"17";"1";""
"202400041451";"155708731";"B01";"2";"80";"0";"2";"5";"1";"3";""
"202400041452";"155708728";"A01";"1";"10";"1";"1";"2";"15";"1";""
"202400041453";"155708730";"A01";"1";"7";"0";"2";"4";"15";"1";""
"202400041453";"155708732";"B01";"1";"1";"0";"2";"1";"2";"5";""
"202400041454";"155708721";"B01";"2";"33";"0";"2";"1";"17";"1";""
"202400041454";"155708725";"A01";"1";"7";"0";"2";"8";"0";"0";""
"202400041455";"155708723";"A01";"1";"7";"8";"0";"9";"13";"2";""
"202400041456";"155708722";"A01";"2";"7";"0";"2";"1";"2";"1";""
"202400041456";"155708727";"B01";"2";"7";"0";"2";"4";"2";"2";""
"202400041457";"155708720";"A01";"3";"7";"0";"1";"1";"1";"1";""
"202400041458";"155708724";"B01";"3";"17";"0";"2";"8";"1";"1";""
"202400041458";"155708726";"A01";"3";"1";"0";"2";"8";"1";"5";""
"202400041459";"155708718";"A01";"1";"15";"0";"0";"7";"21";"1";""
"202400041460";"155708713";"A01";"1";"7";"0";"0";"0";"1";"1";""
"202400041460";"155708717";"B01";"1";"7";"0";"2";"1";"0";"1";""
"202400041461";"155708714";"A01";"2";"7";"0";"2";"5";"9";"1";""
"202400041461";"155708719";"B01";"1";"80";"0";"2";"3";"9";"3";""
"202400041462";"155708711";"A01";"1";"33";"0";"2";"1";"3";"1";""
"202400041462";"155708715";"B01";"1";"7";"0";"2";"5";"12";"2";""
"202400041463";"155708710";"A01";"1";"2";"9";"0";"1";"1";"1";""
"202400041464";"155708707";"A01";"3";"32";"0";"2";"3";"18";"1";""
"202400041464";"155708709";"B01";"0";"7";"0";"2";"1";"15";"1";""
"202400041465";"155708701";"B01";"2";"33";"0";"2";"1";"1";"1";""
"202400041465";"155708705";"A01";"3";"7";"0";"2";"8";"15";"1";""
"202400041466";"155708700";"B01";"1";"7";"4";"2";"4";"2";"1";""
"202400041466";"155708704";"C01";"1";"10";"4";"2";"4";"2";"1";""
"202400041466";"155708708";"A01";"1";"10";"4";"2";"1";"1";"1";""
"202400041467";"155708703";"B01";"2";"7";"0";"2";"6";"19";"1";""
"202400041467";"155708706";"A01";"1";"32";"0";"2";"1";"1";"1";""
"202400041468";"155708699";"A01";"2";"7";"0";"2";"2";"1";"1";""
"202400041468";"155708702";"B01";"3";"50";"0";"2";"1";"0";"3";""
"202400041469";"155708698";"A01";"2";"7";"4";"0";"1";"1";"1";""
"202400041470";"155708695";"B01";"2";"7";"0";"0";"7";"1";"1";""
"202400041470";"155708697";"A01";"2";"50";"0";"2";"1";"1";"3";""
"202400041471";"155708693";"A01";"2";"7";"0";"2";"1";"1";"2";""
"202400041471";"155708696";"B01";"2";"60";"0";"2";"7";"19";"5";""
"202400041472";"155708694";"A01";"1";"10";"2";"0";"9";"1";"1";""
"202400041473";"155708687";"C01";"2";"33";"0";"2";"5";"0";"1";""
"202400041473";"155708691";"A01";"2";"7";"1";"0";"1";"14";"1";""
"202400041473";"155708692";"B01";"2";"7";"1";"0";"4";"0";"1";""
"202400041474";"155708685";"A01";"1";"32";"0";"2";"2";"17";"1";""
"202400041474";"155708690";"B01";"1";"7";"0";"2";"3";"15";"1";""
"202400041475";"155708688";"A01";"1";"33";"3";"0";"1";"0";"1";""
"202400041476";"155708684";"C01";"2";"7";"0";"2";"1";"1";"1";""
"202400041476";"155708686";"A01";"2";"7";"0";"2";"4";"2";"1";""
"202400041476";"155708689";"B01";"2";"7";"0";"2";"4";"2";"1";""
"202400041477";"155708680";"B01";"1";"7";"0";"2";"4";"1";"1";""
"202400041477";"155708683";"A01";"1";"10";"0";"2";"1";"2";"1";""
"202400041478";"155708681";"A01";"1";"33";"3";"0";"9";"0";"1";""
"202400041479";"155708679";"A01";"2";"1";"0";"2";"1";"16";"5";""
"202400041479";"155708682";"B01";"1";"7";"0";"2";"3";"1";"1";""
"202400041480";"155708677";"A01";"2";"31";"0";"2";"3";"1";"1";""
"202400041480";"155708678";"B01";"2";"7";"0";"2";"3";"1";"1";""
"202400041481";"155708674";"A01";"1";"10";"0";"2";"8";"13";"1";""
"202400041481";"155708676";"B01";"1";"10";"0";"2";"2";"2";"1";""
"202400041482";"155708671";"A01";"2";"7";"0";"2";"3";"1";"1";""
"202400041482";"155708675";"B01";"2";"7";"6";"2";"2";"5";"1";""
"202400041483";"155708672";"A01";"1";"7";"6";"0";"3";"0";"1";""
"202400041484";"155708670";"A01";"0";"50";"0";"2";"1";"5";"3";""
"202400041484";"155708673";"B01";"0";"7";"0";"2";"2";"1";"1";""
"202400041485";"155708668";"A01";"3";"1";"0";"1";"1";"1";"5";""
"202400041486";"155708669";"A01";"3";"10";"0";"1";"2";"1";"1";""
"202400041487";"155708667";"A01";"1";"7";"0";"1";"1";"21";"1";""
"202400041488";"155708663";"A01";"1";"7";"0";"2";"1";"1";"1";""
"202400041488";"155708665";"B01";"2";"7";"0";"2";"7";"15";"1";""
"202400041489";"155708661";"A01";"2";"7";"1";"2";"3";"26";"1";""
"202400041489";"155708664";"B01";"2";"7";"1";"2";"3";"13";"1";""
"202400041490";"155708658";"A01";"2";"7";"0";"2";"1";"15";"1";""
"202400041490";"155708660";"B01";"1";"33";"0";"2";"1";"1";"1";""
"202400041491";"155708654";"A01";"1";"7";"0";"2";"1";"2";"1";""
"202400041491";"155708657";"B01";"1";"99";"0";"0";"4";"2";"1";""
"202400041491";"155708659";"D01";"1";"7";"0";"2";"1";"2";"1";""
"202400041491";"155708662";"E01";"1";"17";"0";"2";"8";"1";"1";""
"202400041492";"155708652";"A01";"2";"7";"0";"9";"3";"15";"1";""
"202400041492";"155708655";"B01";"1";"2";"0";"2";"1";"1";"1";""
"202400041493";"155708651";"A01";"2";"33";"13";"0";"9";"13";"1";""
"202400041494";"155708650";"A01";"2";"10";"0";"2";"3";"13";"1";""
"202400041494";"155708653";"B01";"1";"7";"0";"2";"8";"1";"1";""
"202400041494";"155708656";"C01";"1";"7";"0";"2";"8";"1";"1";""
"202400041495";"155708649";"A01";"0";"7";"0";"1";"3";"1";"1";""
"202400041496";"155708646";"A01";"1";"33";"0";"2";"1";"2";"1";""
"202400041496";"155708648";"B01";"1";"7";"0";"2";"4";"2";"1";""
"202400041497";"155708644";"A01";"2";"7";"2";"0";"3";"13";"1";""
"202400041498";"155708645";"A01";"1";"21";"0";"2";"1";"23";"0";""
"202400041498";"155708647";"B01";"1";"7";"1";"0";"2";"1";"1";""
"202400041499";"155708643";"A01";"3";"7";"0";"1";"1";"1";"1";""
"202400041500";"155708640";"A01";"3";"10";"0";"2";"3";"15";"0";""
"202400041500";"155708641";"B01";"3";"2";"0";"2";"1";"1";"1";""
"202400041501";"155708639";"A01";"1";"36";"0";"2";"7";"1";"1";""
"202400041501";"155708642";"B01";"2";"7";"0";"2";"3";"9";"1";""
"202400041502";"155708637";"B01";"1";"33";"0";"2";"7";"17";"1";""
"202400041502";"155708638";"A01";"1";"7";"0";"2";"3";"17";"1";""
"202400041503";"155708635";"A01";"1";"7";"8";"0";"2";"0";"1";""
"202400041504";"155708634";"A01";"3";"31";"0";"0";"7";"0";"1";""
"202400041505";"155708629";"A01";"3";"2";"13";"2";"2";"2";"1";""
"202400041506";"155708631";"A01";"1";"7";"0";"2";"2";"13";"1";""
"202400041506";"155708633";"B01";"2";"7";"0";"2";"1";"1";"1";""
"202400041507";"155708630";"A01";"2";"7";"0";"2";"1";"5";"1";""
"202400041507";"155708632";"B01";"1";"2";"0";"2";"1";"1";"1";""
"202400041508";"155708627";"A01";"1";"7";"0";"2";"1";"2";"1";""
"202400041508";"155708636";"B01";"1";"7";"0";"0";"4";"1";"1";""
"202400041509";"155708626";"A01";"3";"2";"0";"2";"7";"1";"1";""
"202400041509";"155708628";"B01";"3";"7";"0";"2";"0";"0";"1";""
"202400041510";"155708625";"A01";"1";"7";"15";"0";"1";"0";"1";""
"202400041511";"155708623";"A01";"1";"7";"0";"1";"2";"1";"1";""
"202400041512";"155708622";"A01";"3";"33";"0";"0";"0";"1";"1";""
"202400041513";"155708620";"A01";"1";"7";"0";"2";"2";"13";"1";""
"202400041513";"155708624";"B01";"2";"33";"0";"2";"1";"1";"1";""
"202400041514";"155708617";"A01";"2";"7";"2";"0";"9";"1";"1";""
"202400041515";"155708615";"A01";"1";"7";"6";"0";"8";"1";"1";""
"202400041516";"155708614";"A01";"1";"7";"3";"2";"1";"0";"1";""
"202400041516";"155708618";"B01";"1";"7";"14";"2";"2";"0";"1";""
"202400041517";"155708611";"A01";"1";"31";"0";"0";"8";"1";"1";""
"202400041518";"155708608";"B01";"2";"7";"0";"2";"1";"19";"1";""
"202400041518";"155708613";"A01";"1";"7";"0";"2";"3";"15";"1";""
"202400041519";"155708609";"A01";"3";"10";"0";"1";"4";"10";"1";""
"202400041520";"155708610";"B01";"2";"7";"0";"2";"1";"1";"1";""
"202400041520";"155708616";"A01";"1";"7";"0";"2";"5";"15";"1";""
"202400041521";"155708606";"A01";"1";"33";"0";"0";"7";"1";"1";""
"202400041522";"155708605";"A01";"3";"2";"0";"9";"0";"1";"1";""
"202400041523";"155708601";"A01";"2";"7";"15";"0";"1";"1";"1";""
"202400041524";"155708598";"A01";"1";"33";"3";"0";"2";"1";"1";""
"202400041525";"155708597";"B01";"2";"50";"0";"2";"0";"1";"3";""
"202400041525";"155708602";"A01";"1";"7";"0";"2";"1";"15";"1";""
"202400041526";"155708600";"A01";"3";"7";"2";"0";"1";"5";"1";""
"202400041527";"155708599";"A01";"1";"7";"2";"0";"0";"18";"1";""
"202400041528";"155708594";"A01";"1";"7";"2";"0";"2";"1";"1";""
"202400041529";"155708593";"B01";"3";"1";"0";"2";"7";"19";"5";""
"202400041529";"155708595";"A01";"3";"10";"0";"9";"3";"1";"1";""
"202400041530";"155708591";"A01";"1";"7";"3";"2";"1";"0";"1";""
"202400041530";"155708592";"B01";"1";"7";"3";"2";"9";"0";"1";""
"202400041530";"155708596";"C01";"1";"7";"0";"2";"7";"1";"1";""
"202400041531";"155708590";"A01";"1";"7";"8";"0";"2";"1";"1";""
"202400041532";"155708589";"A01";"1";"7";"2";"0";"1";"1";"1";""
"202400041533";"155708585";"A01";"2";"31";"0";"2";"1";"1";"1";""
"202400041533";"155708586";"B01";"2";"10";"0";"2";"6";"9";"1";""
"202400041534";"155708587";"A01";"2";"7";"2";"0";"5";"2";"1";""
"202400041535";"155708583";"A01";"1";"33";"0";"0";"0";"0";"1";""
"202400041536";"155708581";"A01";"2";"7";"0";"0";"8";"19";"1";""
"202400041536";"155708584";"B01";"2";"7";"0";"2";"2";"1";"1";""
"202400041537";"155708580";"A01";"1";"7";"9";"0";"9";"0";"1";""
"202400041538";"155708579";"A01";"1";"7";"1";"0";"2";"1";"1";""
"202400041539";"155708582";"A01";"1";"7";"0";"2";"1";"15";"1";""
"202400041539";"155708588";"B01";"1";"1";"0";"2";"8";"1";"5";""
"202400041540";"155708575";"A01";"2";"7";"0";"2";"1";"5";"1";""
"202400041540";"155708577";"B01";"1";"38";"0";"2";"1";"1";"1";"1"
"202400041541";"155708572";"A01";"1";"7";"0";"2";"3";"13";"1";""
"202400041541";"155708576";"B01";"2";"15";"0";"2";"3";"1";"1";""
"202400041541";"155708578";"C01";"1";"7";"0";"2";"9";"1";"1";""
"202400041542";"155708573";"A01";"1";"33";"13";"0";"1";"1";"1";""
"202400041543";"155708574";"A01";"3";"7";"0";"1";"4";"26";"1";""
"202400041544";"155708569";"A01";"3";"7";"13";"0";"0";"1";"1";""
"202400041545";"155708571";"A01";"1";"7";"13";"0";"0";"1";"1";""
"202400041546";"155708567";"A01";"1";"32";"11";"2";"0";"9";"1";""
"202400041546";"155708568";"B01";"2";"7";"0";"2";"3";"1";"1";""
"202400041547";"155708566";"A01";"1";"2";"0";"0";"0";"0";"1";""
"202400041548";"155708563";"A01";"2";"7";"2";"0";"1";"13";"1";""
"202400041549";"155708565";"A01";"2";"7";"0";"2";"2";"15";"1";""
"202400041549";"155708570";"B01";"1";"7";"8";"2";"1";"1";"1";""
"202400041550";"155708559";"A01";"1";"7";"0";"5";"1";"1";"1";""
"202400041551";"155708558";"A01";"1";"7";"0";"9";"4";"23";"1";""
"202400041551";"155708561";"B01";"1";"33";"0";"2";"0";"1";"1";""
"202400041552";"155708560";"A01";"3";"7";"0";"0";"5";"16";"0";""
"202400041552";"155708562";"B01";"3";"1";"0";"0";"1";"1";"5";""
"202400041553";"155708557";"A01";"1";"7";"0";"2";"7";"16";"1";""
"202400041553";"155708564";"B01";"1";"50";"0";"2";"3";"18";"3";""
"202400041554";"155708555";"A01";"1";"7";"3";"0";"3";"13";"1";""
"202400041555";"155708554";"A01";"3";"10";"0";"2";"7";"19";"1";""
"202400041555";"155708556";"B01";"3";"7";"0";"2";"1";"1";"1";""
"202400041556";"155708552";"A01";"2";"7";"9";"0";"1";"13";"2";""
"202400041557";"155708548";"A01";"3";"7";"0";"0";"0";"16";"1";""
"202400041558";"155708547";"A01";"2";"7";"0";"0";"1";"15";"1";""
"202400041559";"155708543";"A01";"2";"7";"1";"0";"2";"1";"1";""
"202400041559";"155708544";"B01";"2";"14";"0";"0";"6";"24";"1";""
"202400041560";"155708542";"A01";"1";"2";"12";"0";"1";"14";"1";""
"202400041561";"155708541";"A01";"1";"7";"6";"2";"6";"1";"0";""
"202400041561";"155708546";"B01";"1";"7";"0";"2";"2";"17";"1";""
"202400041562";"155708545";"A01";"3";"7";"15";"0";"9";"26";"1";""
"202400041563";"155708538";"A01";"1";"7";"0";"2";"3";"1";"1";""
"202400041563";"155708540";"B01";"2";"7";"0";"2";"1";"9";"0";""
"202400041564";"155708537";"B01";"2";"7";"0";"2";"7";"13";"1";""
"202400041564";"155708539";"A01";"1";"17";"0";"2";"1";"1";"1";""
"202400041565";"155708535";"A01";"1";"7";"0";"1";"2";"1";"1";""
"202400041566";"155708534";"A01";"2";"7";"0";"2";"2";"13";"2";""
"202400041566";"155708536";"B01";"1";"7";"0";"2";"2";"1";"1";""
"202400041567";"155708528";"B01";"2";"14";"0";"0";"2";"1";"1";""
"202400041567";"155708532";"A01";"2";"10";"0";"0";"1";"15";"1";""
"202400041568";"155708530";"A01";"1";"7";"1";"0";"2";"14";"1";""
"202400041568";"155708533";"B01";"1";"7";"0";"2";"4";"0";"1";""
"202400041569";"155708525";"A01";"2";"1";"0";"2";"3";"1";"5";""
"202400041569";"155708526";"B01";"1";"1";"0";"2";"1";"1";"5";""
"202400041569";"155708529";"C01";"2";"21";"0";"2";"3";"1";"1";""
"202400041570";"155708527";"A01";"3";"7";"0";"1";"1";"1";"1";""
"202400041571";"155708520";"B01";"1";"7";"0";"2";"1";"1";"1";""
"202400041571";"155708523";"A01";"1";"7";"0";"0";"8";"9";"1";""
"202400041572";"155708521";"A01";"3";"2";"0";"0";"0";"1";"1";""
"202400041573";"155708518";"A01";"3";"2";"0";"1";"1";"1";"1";""
"202400041574";"155708512";"B01";"1";"33";"0";"2";"1";"1";"1";""
"202400041574";"155708515";"A01";"2";"7";"0";"2";"3";"15";"1";""
"202400041575";"155708514";"A01";"2";"7";"0";"2";"1";"2";"1";""
"202400041575";"155708517";"C01";"2";"7";"0";"2";"4";"1";"1";""
"202400041575";"155708519";"B01";"2";"7";"0";"2";"4";"2";"1";""
"202400041576";"155708510";"B01";"0";"60";"0";"0";"8";"19";"5";""
"202400041576";"155708513";"A01";"3";"7";"0";"2";"1";"2";"1";""
"202400041577";"155708509";"B01";"2";"7";"0";"2";"2";"0";"1";""
"202400041577";"155708511";"A01";"1";"7";"0";"2";"2";"0";"1";""
"202400041578";"155708516";"A01";"1";"30";"1";"0";"3";"21";"1";""
"202400041578";"155708522";"B01";"1";"15";"0";"2";"6";"24";"0";""
"202400041579";"155708504";"A01";"2";"7";"13";"0";"8";"1";"1";""
"202400041580";"155708505";"A01";"1";"7";"0";"9";"8";"24";"1";""
"202400041580";"155708508";"B01";"1";"1";"1";"2";"1";"22";"5";""
"202400041581";"155708503";"A01";"2";"7";"0";"2";"3";"1";"2";""
"202400041581";"155708507";"B01";"1";"7";"0";"2";"3";"13";"1";""
"202400041582";"155708506";"A01";"2";"7";"1";"0";"0";"14";"1";""
"202400041583";"155708499";"A01";"0";"2";"0";"2";"1";"2";"1";""
"202400041583";"155708501";"B01";"0";"7";"0";"0";"5";"2";"1";""
"202400041584";"155708497";"A01";"1";"7";"0";"2";"2";"1";"1";""
"202400041584";"155708502";"B01";"1";"32";"0";"2";"5";"1";"1";""
"202400041585";"155708495";"B01";"1";"7";"0";"2";"3";"26";"3";""
"202400041585";"155708498";"A01";"2";"10";"0";"2";"3";"13";"1";""
"202400041586";"155708492";"A01";"2";"7";"0";"2";"1";"1";"1";""
"202400041586";"155708494";"B01";"2";"7";"0";"2";"1";"2";"1";""
"202400041587";"155708493";"B01";"3";"50";"0";"2";"1";"1";"3";""
"202400041587";"155708496";"A01";"3";"10";"0";"2";"3";"19";"1";""
"202400041588";"155708487";"A01";"2";"7";"0";"2";"1";"13";"1";""
"202400041588";"155708490";"B01";"1";"7";"0";"2";"1";"1";"1";""
"202400041589";"155708486";"A01";"2";"7";"0";"2";"4";"13";"1";""
"202400041589";"155708489";"B01";"2";"33";"0";"2";"1";"2";"1";""
"202400041590";"155708488";"B01";"3";"60";"0";"2";"0";"0";"5";""
"202400041590";"155708491";"A01";"3";"7";"0";"2";"1";"1";"1";""
"202400041591";"155708484";"A01";"3";"30";"0";"2";"1";"1";"1";""
"202400041591";"155708485";"B01";"3";"7";"0";"2";"4";"1";"1";""
"202400041592";"155708483";"A01";"2";"7";"13";"0";"2";"2";"1";""
"202400041593";"155708482";"A01";"1";"30";"0";"0";"0";"0";"1";""
"202400041594";"155708477";"A01";"3";"30";"0";"2";"1";"13";"1";""
"202400041594";"155708480";"B01";"3";"7";"0";"2";"1";"1";"0";""
"202400041595";"155708476";"C01";"2";"0";"0";"2";"8";"11";" -1";""
"202400041595";"155708479";"B01";"2";"7";"0";"2";"6";"1";"1";""
"202400041595";"155708481";"A01";"2";"33";"0";"2";"7";"3";"1";""
"202400041596";"155708474";"A01";"1";"7";"0";"2";"8";"1";"1";""
"202400041596";"155708475";"B01";"2";"7";"0";"0";"6";"1";"1";""
"202400041596";"155708478";"C01";"2";"2";"0";"2";"2";"2";"1";""
"202400041597";"155708473";"A01";"2";"7";"0";"1";"4";"1";"1";""
"202400041598";"155708472";"A01";"1";"33";"6";"0";"1";"1";"1";""
"202400041599";"155708470";"A01";"1";"33";"13";"0";"2";"1";"1";""
"202400041600";"155708468";"A01";"1";"38";"0";"2";"7";"2";"1";"47"
"202400041600";"155708500";"B01";"1";"14";"0";"0";"3";"2";"1";""
"202400041601";"155708465";"A01";"2";"7";"4";"0";"2";"1";"1";""
"202400041602";"155708466";"A01";"1";"31";"2";"0";"0";"0";"1";""
"202400041603";"155708464";"A01";"1";"33";"4";"0";"8";"1";"1";""
"202400041604";"155708463";"A01";"1";"33";"0";"1";"0";"26";"1";""
"202400041605";"155708458";"B01";"2";"10";"0";"2";"8";"2";"1";""
"202400041605";"155708461";"A01";"2";"10";"0";"2";"7";"0";"1";""
"202400041606";"155708457";"A01";"2";"7";"0";"0";"7";"0";"1";""
"202400041606";"155708460";"B01";"2";"33";"0";"0";"8";"1";"1";""
"202400041607";"155708455";"A01";"1";"7";"4";"2";"1";"1";"1";""
"202400041607";"155708459";"B01";"2";"7";"0";"2";"1";"1";"1";""
"202400041608";"155708452";"B01";"1";"50";"0";"2";"1";"1";"3";""
"202400041608";"155708456";"A01";"1";"7";"0";"9";"6";"20";"2";""
"202400041609";"155708451";"A01";"2";"7";"0";"2";"1";"2";"1";""
"202400041609";"155708454";"B01";"2";"10";"0";"2";"4";"1";"3";""
"202400041610";"155708448";"A01";"1";"2";"0";"2";"1";"1";"1";""
"202400041610";"155708450";"B01";"1";"7";"0";"2";"3";"9";"1";""
"202400041611";"155708447";"A01";"1";"2";"0";"2";"1";"1";"1";""
"202400041611";"155708449";"B01";"2";"7";"0";"2";"3";"1";"1";""
"202400041612";"155708443";"A01";"2";"7";"4";"2";"4";"13";"2";""
"202400041612";"155708446";"B01";"2";"15";"4";"2";"1";"1";"1";""
"202400041613";"155708445";"A01";"1";"7";"0";"1";"2";"1";"1";""
"202400041614";"155708442";"A01";"0";"7";"0";"1";"1";"1";"1";""
"202400041615";"155708436";"A01";"1";"7";"0";"0";"9";"1";"1";""
"202400041616";"155708435";"B01";"2";"7";"0";"2";"7";"0";"1";""
"202400041616";"155708441";"A01";"1";"7";"2";"2";"1";"5";"1";""
"202400041617";"155708437";"B01";"0";"7";"0";"2";"3";"15";"1";""
"202400041617";"155708444";"A01";"1";"7";"0";"2";"1";"1";"1";""
"202400041618";"155708433";"A01";"2";"7";"0";"2";"1";"0";"1";""
"202400041618";"155708438";"B01";"2";"7";"0";"2";"3";"0";"1";""
"202400041618";"155708440";"C01";"2";"7";"0";"2";"4";"1";"2";""
"202400041619";"155708429";"A01";"1";"2";"3";"0";"1";"1";"1";""
"202400041620";"155708427";"B01";"2";"7";"0";"2";"3";"13";"1";""
"202400041620";"155708431";"A01";"1";"2";"0";"2";"1";"1";"1";""
"202400041621";"155708425";"A01";"2";"33";"0";"2";"1";"3";"1";""
"202400041621";"155708428";"B01";"2";"7";"0";"2";"6";"1";"1";""
"202400041622";"155708426";"A01";"2";"7";"0";"2";"1";"13";"1";""
"202400041622";"155708430";"B01";"1";"10";"0";"2";"3";"1";"1";""
"202400041623";"155708423";"A01";"1";"10";"0";"2";"4";"2";"0";""
"202400041623";"155708424";"B01";"1";"10";"0";"2";"4";"2";"0";""
"202400041624";"155708421";"A01";"3";"33";"0";"0";"8";"1";"1";""
"202400041625";"155708417";"B01";"3";"10";"6";"2";"3";"1";"1";""
"202400041625";"155708419";"A01";"3";"7";"0";"2";"3";"1";"1";""
"202400041626";"155708416";"A01";"1";"43";"0";"2";"4";"1";"1";""
"202400041626";"155708422";"B01";"1";"7";"0";"2";"1";"1";"1";""
"202400041627";"155708414";"C01";"2";"7";"0";"2";"4";"2";"2";""
"202400041627";"155708415";"D01";"2";"7";"0";"2";"4";"2";"1";""
"202400041627";"155708418";"A01";"2";"10";"0";"2";"1";"2";"1";""
"202400041627";"155708420";"B01";"2";"7";"0";"2";"4";"2";"1";""
"202400041628";"155708413";"A01";"1";"7";"0";"1";"1";"1";"1";""
"202400041629";"155708411";"A01";"0";"7";"0";"1";"4";"4";"0";""
"202400041630";"155708410";"A01";"2";"2";"0";"2";"8";"15";"1";""
"202400041630";"155708412";"B01";"2";"7";"0";"2";"7";"17";"1";""
"202400041631";"155708406";"A01";"2";"7";"0";"2";"1";"21";"1";""
"202400041631";"155708408";"B01";"2";"7";"0";"2";"4";"2";"1";""
"202400041631";"155708409";"C01";"2";"7";"0";"2";"4";"2";"1";""
"202400041632";"155708405";"A01";"0";"7";"0";"1";"4";"4";"1";""
"202400041633";"155708404";"A01";"0";"33";"1";"0";"1";"0";"1";""
"202400041634";"155708402";"B01";"1";"2";"0";"2";"3";"2";"1";""
"202400041634";"155708407";"A01";"1";"2";"0";"2";"7";"17";"1";""
"202400041635";"155708400";"B01";"2";"7";"0";"0";"4";"23";"1";""
"202400041635";"155708401";"C01";"2";"7";"0";"0";"4";"23";"1";""
"202400041635";"155708403";"A01";"2";"10";"0";"2";"1";"23";"1";""
"202400041636";"155708399";"A01";"1";"32";"0";"1";"2";"2";"0";""
"202400041637";"155708395";"A01";"1";"7";"13";"0";"3";"1";"1";""
"202400041638";"155708396";"A01";"1";"33";"0";"0";"1";"1";"1";""
"202400041639";"155708394";"B01";"2";"7";"0";"2";"3";"1";"1";""
"202400041639";"155708397";"A01";"1";"33";"0";"2";"3";"17";"1";""
"202400041640";"155708393";"A01";"1";"10";"0";"1";"4";"23";"1";""
"202400041640";"155708398";"B01";"1";"10";"0";"2";"1";"1";"1";""
"202400041641";"155708391";"A01";"1";"7";"0";"1";"3";"15";"1";""
"202400041642";"155708388";"A01";"3";"7";"1";"0";"2";"0";"2";""
"202400041643";"155708385";"A01";"1";"33";"0";"1";"1";"0";"1";""
"202400041644";"155708387";"A01";"2";"7";"2";"0";"1";"2";"1";""
"202400041645";"155708383";"B01";"1";"31";"0";"2";"2";"17";"1";""
"202400041645";"155708384";"A01";"1";"7";"0";"0";"8";"15";"2";""
"202400041646";"155708382";"A01";"1";"33";"0";"0";"8";"1";"1";""
"202400041647";"155708380";"B01";"1";"7";"0";"2";"1";"1";"1";""
"202400041647";"155708386";"A01";"1";"10";"0";"2";"8";"9";"1";""
"202400041648";"155708376";"B01";"0";"1";"0";"2";"2";"2";"5";""
"202400041648";"155708379";"A01";"0";"7";"0";"2";"3";"0";"1";""
"202400041649";"155708378";"A01";"1";"7";"0";"2";"0";"10";"1";""
"202400041649";"155708381";"B01";"2";"50";"0";"2";"0";"1";"3";""
"202400041650";"155708374";"A01";"1";"7";"0";"2";"1";"14";"1";""
"202400041650";"155708377";"B01";"1";"10";"0";"2";"4";"1";"1";""
"202400041651";"155708373";"A01";"1";"7";"0";"2";"2";"0";"0";""
"202400041651";"155708375";"B01";"1";"13";"0";"2";"3";"1";"0";""
"202400041652";"155708372";"A01";"1";"60";"0";"0";"0";"1";"5";""
"202400041653";"155708368";"B01";"1";"7";"0";"2";"5";"1";"0";""
"202400041653";"155708369";"A01";"1";"10";"0";"2";"2";"1";"0";""
"202400041654";"155708365";"A01";"2";"3";"0";"2";"1";"19";"1";""
"202400041654";"155708371";"B01";"3";"15";"0";"2";"8";"1";"1";""
"202400041655";"155708366";"A01";"1";"7";"11";"1";"3";"15";"0";""
"202400041656";"155708362";"B01";"1";"33";"0";"2";"7";"1";"1";""
"202400041656";"155708363";"A01";"1";"7";"0";"2";"8";"11";"1";""
"202400041657";"155708361";"A01";"0";"50";"0";"0";"0";"0";"3";""
"202400041658";"155708360";"E01";"0";"7";"0";"2";"7";"0";"1";""
"202400041658";"155708364";"A01";"1";"7";"0";"2";"1";"1";"1";""
"202400041658";"155708367";"B01";"1";"7";"0";"2";"2";"0";"1";""
"202400041658";"155708370";"F01";"1";"10";"0";"2";"7";"0";"1";""
"202400041659";"155708356";"B01";"2";"7";"0";"2";"4";"1";"1";""
"202400041659";"155708358";"C01";"2";"7";"0";"2";"4";"1";"1";""
"202400041659";"155708359";"A01";"2";"7";"0";"2";"1";"1";"1";""
"202400041660";"155708357";"A01";"1";"2";"0";"0";"0";"0";"1";""
"202400041661";"155708355";"A01";"2";"33";"0";"0";"7";"2";"1";""
"202400041662";"155708350";"A01";"1";"7";"0";"2";"2";"1";"1";""
"202400041662";"155708353";"B01";"1";"7";"0";"2";"6";"1";"1";""
"202400041663";"155708352";"A01";"2";"7";"0";"2";"1";"1";"1";""
"202400041663";"155708354";"B01";"3";"7";"0";"0";"8";"15";"3";""
"202400041664";"155708346";"B01";"2";"7";"0";"2";"1";"1";"1";""