"Num_Acc";"id_vehicule";"num_veh";"senc";"catv";"obs";"obsm";"choc";"manv";"motor";"occutc"
"202400041664";"155708348";"A01";"2";"7";"0";"2";"4";"1";"1";""
"202400041665";"155708345";"A01";"2";"7";"0";"2";"1";"1";"1";""
"202400041665";"155708347";"B01";"2";"7";"0";"2";"4";"1";"1";""
"202400041666";"155708344";"B01";"2";"7";"0";"2";"3";"1";"1";""
"202400041666";"155708349";"A01";"1";"7";"0";"2";"1";"13";"1";""
"202400041666";"155708351";"C01";"2";"7";"0";"2";"1";"2";"1";""
"202400041667";"155708339";"B01";"1";"7";"0";"2";"1";"2";"1";""
"202400041667";"155708341";"C01";"1";"14";"0";"2";"2";"2";"1";""
"202400041667";"155708343";"A01";"1";"7";"0";"0";"4";"2";"2";""
"202400041668";"155708338";"A01";"1";"7";"0";"2";"1";"1";"1";""
"202400041668";"155708340";"B01";"1";"7";"0";"2";"4";"1";"1";""
"202400041668";"155708342";"C01";"1";"7";"0";"2";"6";"1";"1";""
"202400041669";"155708335";"A01";"1";"34";"0";"2";"4";"1";"1";""
"202400041669";"155708337";"Z01";"1";"0";"0";"2";"1";"1";"0";""
"202400041670";"155708332";"A01";"2";"31";"0";"0";"7";"1";"1";""
"202400041671";"155708333";"B01";"2";"34";"0";"2";"3";"2";"1";""
"202400041671";"155708336";"Z01";"2";"7";"0";"2";"1";"2";"1";""
"202400041672";"155708331";"A01";"1";"43";"12";"0";"2";"1";"1";""
"202400041673";"155708327";"A01";"1";"1";"0";"2";"8";"1";"5";""
"202400041673";"155708330";"B01";"1";"32";"0";"2";"7";"14";"1";""
"202400041674";"155708326";"A01";"2";"7";"0";"2";"3";"17";"1";""
"202400041674";"155708329";"B01";"2";"7";"3";"0";"6";"1";"1";""
"202400041675";"155708325";"A01";"2";"7";"0";"2";"1";"1";"1";""
"202400041675";"155708328";"B01";"2";"7";"0";"2";"4";"1";"1";""
"202400041675";"155708334";"C01";"2";"7";"0";"2";"4";"1";"1";""
"202400041676";"155708323";"A01";"1";"1";"16";"0";"0";"26";"5";""
"202400041677";"155708320";"C01";"1";"7";"0";"2";"4";"2";"1";""
"202400041677";"155708322";"A01";"1";"7";"0";"2";"1";"2";"1";""
"202400041677";"155708324";"B01";"1";"7";"0";"2";"4";"2";"1";""
"202400041678";"155708321";"A01";"3";"31";"0";"0";"0";"0";"1";""
"202400041679";"155708317";"C01";"1";"7";"0";"2";"3";"1";"2";""
"202400041679";"155708318";"B01";"2";"7";"0";"2";"2";"1";"1";""
"202400041679";"155708319";"A01";"1";"7";"0";"2";"1";"15";"1";""
"202400041680";"155708315";"A01";"1";"14";"0";"2";"2";"12";"1";""
"202400041680";"155708316";"B01";"1";"7";"0";"2";"6";"1";"1";""
"202400041681";"155708313";"B01";"2";"1";"0";"2";"1";"1";"5";""
"202400041681";"155708314";"A01";"1";"7";"0";"2";"7";"13";"1";""
"202400041682";"155708312";"A01";"1";"17";"0";"0";"8";"1";"1";""
"202400041683";"155708308";"A01";"3";"30";"0";"2";"7";"9";"3";""
"202400041683";"155708310";"B01";"3";"7";"0";"2";"3";"9";"2";""
"202400041684";"155708309";"A01";"1";"7";"0";"2";"2";"18";"1";""
"202400041684";"155708311";"B01";"2";"1";"0";"2";"4";"12";"5";""
"202400041685";"155708304";"A01";"2";"7";"0";"2";"1";"2";"1";""
"202400041685";"155708306";"B01";"2";"7";"0";"2";"1";"2";"1";""
"202400041685";"155708307";"C01";"2";"7";"0";"2";"4";"2";"1";""
"202400041686";"155708303";"A01";"1";"10";"0";"9";"8";"24";"1";""
"202400041686";"155708305";"B01";"1";"1";"1";"2";"1";"1";"5";""
"202400041687";"155708299";"A01";"0";"7";"0";"1";"1";"0";" -1";""
"202400041688";"155708300";"A01";"1";"33";"0";"2";"1";"2";"1";""
"202400041688";"155708302";"B01";"1";"7";"0";"2";"5";"2";"2";""
"202400041689";"155708297";"A01";"2";"7";"0";"2";"1";"2";"1";""
"202400041689";"155708298";"B01";"2";"7";"0";"2";"4";"2";"2";""
"202400041689";"155708301";"C01";"2";"7";"0";"2";"1";"2";"1";""
"202400041690";"155708296";"A01";"0";"7";"8";"0";"1";"1";"1";""
"202400041691";"155708293";"A01";"2";"7";"0";"2";"1";"12";"1";""
"202400041691";"155708294";"C01";"2";"7";"0";"2";"5";"1";"1";""
"202400041691";"155708295";"B01";"2";"7";"0";"2";"4";"2";"1";""
"202400041692";"155708289";"A01";"0";"7";"0";"1";"1";"26";"1";""
"202400041693";"155708288";"A01";"1";"7";"4";"0";"0";"0";"1";""
"202400041694";"155708286";"B01";"1";"7";"0";"2";"7";"15";"1";""
"202400041694";"155708287";"A01";"1";"7";"0";"2";"0";"1";"1";""
"202400041695";"155708285";"A01";"1";"1";"0";"1";"0";"0";"5";""
"202400041696";"155708291";"A01";"3";"7";"0";"0";"7";"15";"0";""
"202400041696";"155708292";"B01";"0";"30";"0";"0";"1";"1";"0";""
"202400041697";"155708282";"A01";"3";"7";"0";"2";"8";"9";"1";""
"202400041697";"155708284";"B01";"3";"7";"0";"2";"2";"1";"1";""
"202400041698";"155708281";"A01";"1";"7";"0";"2";"4";"23";"1";""
"202400041698";"155708290";"B01";"1";"50";"0";"2";"1";"1";"3";""
"202400041699";"155708280";"A01";"1";"33";"0";"2";"1";"17";"1";""
"202400041699";"155708283";"B01";"1";"10";"0";"0";"6";"15";"1";""
"202400041700";"155708278";"C01";"1";"7";"0";"2";"8";"24";"1";""
"202400041700";"155708279";"B01";"1";"37";"0";"2";"5";"15";"1";"1"
"202400041701";"155708276";"A01";"2";"7";"14";"0";"9";"1";"1";""
"202400041702";"155708274";"A01";"3";"31";"0";"2";"7";"3";"1";""
"202400041702";"155708275";"B01";"3";"7";"0";"2";"0";"1";"1";""
"202400041703";"155708272";"A01";"2";"1";"1";"0";"0";"0";"5";""
"202400041704";"155708271";"A01";"3";"32";"0";"1";"1";"1";"1";""
"202400041705";"155708273";"A01";"2";"7";"0";"2";"7";"16";"1";""
"202400041705";"155708277";"B01";"2";"1";"0";"2";"1";"1";"5";""
"202400041706";"155708267";"A01";"1";"7";"0";"2";"3";"15";"1";""
"202400041706";"155708269";"B01";"2";"7";"0";"2";"7";"1";"1";""
"202400041707";"155708268";"A01";"1";"7";"0";"0";"2";"16";"1";""
"202400041707";"155708270";"B01";"1";"1";"0";"2";"1";"2";"5";""
"202400041708";"155708265";"A01";"1";"1";"0";"2";"1";"13";"5";""
"202400041708";"155708266";"B01";"1";"1";"0";"2";"1";"1";"5";""
"202400041709";"155708261";"A01";"1";"21";"0";"2";"1";"19";"1";""
"202400041709";"155708264";"B01";"1";"7";"0";"2";"3";"1";"1";""
"202400041710";"155708260";"A01";"1";"7";"0";"2";"4";"15";"1";""
"202400041710";"155708262";"B01";"1";"33";"0";"2";"1";"1";"1";""
"202400041710";"155708263";"C01";"1";"33";"0";"2";"1";"1";"1";""
"202400041711";"155708258";"A01";"1";"30";"0";"1";"1";"1";"3";""
"202400041712";"155708257";"B01";"2";"7";"0";"2";"6";"15";"1";""
"202400041712";"155708259";"A01";"2";"7";"0";"2";"3";"1";"1";""
"202400041713";"155708256";"A01";"1";"33";"13";"0";"7";"1";"1";""
"202400041714";"155708255";"A01";"0";"7";"2";"0";"1";"0";"1";""
"202400041715";"155708254";"A01";"3";"36";"0";"0";"9";"10";"1";""
"202400041716";"155708252";"B01";"1";"14";"0";"2";"5";"2";"1";""
"202400041716";"155708253";"A01";"1";"10";"14";"2";"3";"2";"1";""
"202400041717";"155708245";"A01";"1";"7";"0";"9";"2";"15";"1";""
"202400041717";"155708247";"B01";"1";"50";"0";"2";"2";"0";"3";""
"202400041718";"155708246";"A01";"3";"7";"0";"2";"6";"1";"1";""
"202400041718";"155708249";"B01";"3";"30";"8";"2";"1";"1";"1";""
"202400041719";"155708242";"A01";"2";"7";"0";"2";"3";"15";"1";""
"202400041719";"155708243";"B01";"2";"33";"0";"2";"3";"1";"1";""
"202400041720";"155708238";"A01";"1";"7";"0";"1";"4";"4";"0";""
"202400041721";"155708239";"C01";"3";"7";"0";"2";"4";"1";"1";""
"202400041721";"155708241";"D01";"3";"7";"0";"0";"4";"0";"0";""
"202400041721";"155708244";"E01";"3";"7";"0";"0";"0";"0";"0";""
"202400041721";"155708248";"B01";"3";"7";"0";"2";"4";"1";"1";""
"202400041721";"155708251";"A01";"3";"10";"0";"2";"1";"1";"1";""
"202400041722";"155708237";"A01";"3";"7";"0";"2";"3";"9";"1";""
"202400041722";"155708240";"B01";"3";"80";"0";"2";"2";"1";"3";""
"202400041723";"155708236";"A01";"2";"7";"0";"0";"9";"1";"1";""
"202400041724";"155708235";"A01";"2";"33";"15";"0";"8";"1";"1";""
"202400041725";"155708229";"B01";"1";"7";"0";"0";"3";"26";"3";""
"202400041725";"155708232";"A01";"2";"34";"0";"0";"6";"21";"1";""
"202400041726";"155708230";"A01";"3";"34";"0";"2";"1";"13";"1";""
"202400041726";"155708233";"B01";"3";"3";"0";"2";"1";"1";"1";""
"202400041727";"155708231";"B01";"2";"14";"0";"2";"3";"15";"4";""
"202400041727";"155708234";"A01";"2";"30";"0";"2";"2";"17";"1";""
"202400041728";"155708228";"A01";"2";"7";"13";"0";"1";"17";"1";""
"202400041729";"155708227";"A01";"1";"32";"12";"0";"1";"13";"1";""
"202400041730";"155708223";"A01";"1";"7";"0";"2";"3";"13";"1";""
"202400041730";"155708226";"B01";"2";"7";"0";"2";"3";"1";"1";""
"202400041731";"155708222";"B01";"3";"2";"0";"2";"2";"17";"1";""
"202400041731";"155708225";"A01";"3";"7";"0";"2";"6";"15";"1";""
"202400041732";"155708224";"A01";"1";"1";"0";"1";"2";"1";"5";""
"202400041733";"155708219";"B01";"2";"50";"0";"2";"1";"1";"3";""
"202400041733";"155708221";"A01";"1";"7";"0";"2";"1";"1";"1";""
"202400041734";"155708218";"A01";"3";"7";"0";"2";"1";"1";"1";""
"202400041734";"155708220";"B01";"3";"7";"0";"2";"3";"15";"1";""
"202400041735";"155708217";"A01";"2";"7";"2";"0";"9";"14";"1";""
"202400041736";"155708215";"A01";"1";"7";"0";"2";"1";"1";"1";""
"202400041736";"155708216";"B01";"1";"7";"0";"2";"2";"9";"1";""
"202400041737";"155708212";"A01";"2";"33";"0";"2";"1";"18";"1";""
"202400041737";"155708213";"B01";"2";"7";"0";"2";"5";"16";"1";""
"202400041738";"155708211";"A01";"1";"7";"0";"2";"6";"23";"2";""
"202400041738";"155708214";"B01";"1";"2";"1";"0";"1";"1";"3";""
"202400041739";"155708210";"A01";"1";"7";"0";"1";"1";"1";"1";""
"202400041740";"155708206";"A01";"2";"7";"2";"0";"1";"1";"1";""
"202400041741";"155708205";"B01";"3";"60";"0";"2";"3";"19";"5";""
"202400041741";"155708208";"A01";"3";"7";"0";"2";"2";"2";"1";""
"202400041742";"155708207";"A01";"1";"33";"0";"2";"1";"17";"1";""
"202400041742";"155708209";"B01";"1";"7";"0";"2";"6";"11";"1";""
"202400041743";"155708201";"A01";"2";"10";"0";"2";"2";"0";"1";""
"202400041743";"155708204";"B01";"2";"1";"0";"2";"4";"2";"5";""
"202400041744";"155708202";"A01";"1";"50";"0";"1";"8";"26";"3";""
"202400041745";"155708200";"A01";"3";"0";"0";"2";"0";"19";"0";""
"202400041745";"155708203";"B01";"1";"32";"0";"0";"0";"0";"1";""
"202400041746";"155708197";"B01";"1";"33";"0";"2";"6";"1";"1";""
"202400041746";"155708199";"A01";"1";"7";"0";"2";"1";"15";"1";""
"202400041747";"155708195";"A01";"3";"7";"0";"2";"1";"0";"1";""
"202400041747";"155708196";"B01";"3";"7";"0";"2";"1";"0";"1";""
"202400041747";"155708198";"C01";"3";"7";"0";"2";"4";"0";"1";""
"202400041748";"155708193";"A01";"2";"7";"0";"2";"0";"0";"0";""
"202400041748";"155708194";"B01";"2";"7";"0";"2";"6";"1";"1";""
"202400041749";"155708192";"A01";"0";"7";"2";"0";"3";"1";"1";""
"202400041750";"155708190";"A01";"1";"33";"0";"2";"3";"3";"1";""
"202400041750";"155708191";"B01";"1";"7";"0";"2";"3";"2";"1";""
"202400041751";"155708188";"A01";"1";"50";"0";"1";"1";"1";"3";""
"202400041752";"155708187";"A01";"3";"7";"0";"2";"1";"15";"0";""
"202400041752";"155708189";"B01";"3";"7";"0";"2";"1";"1";"0";""
"202400041753";"155708185";"Z01";"3";"7";"0";"2";"1";"1";"1";""
"202400041753";"155708186";"B01";"3";"50";"0";"2";"4";"1";"3";""
"202400041754";"155708184";"Z01";"3";"7";"0";"1";"4";"25";"0";""
"202400041755";"155708182";"B01";"1";"33";"0";"2";"1";"1";"1";""
"202400041755";"155708183";"A01";"2";"7";"0";"2";"2";"15";"1";""
"202400041756";"155708180";"A01";"2";"50";"0";"2";"2";"1";"3";""
"202400041756";"155708181";"B01";"2";"7";"0";"2";"3";"0";"1";""
"202400041757";"155708179";"A01";"3";"7";"0";"1";"1";"16";"1";""
"202400041758";"155708178";"Z01";"1";"0";"0";"1";"1";"1";"0";""
"202400041759";"155708177";"A01";"1";"50";"0";"0";"0";"0";"3";""
"202400041760";"155708176";"A01";"1";"7";"0";"1";"1";"9";"1";""
"202400041761";"155708174";"A01";"2";"7";"0";"2";"7";"15";"1";""
"202400041761";"155708175";"B01";"1";"33";"0";"2";"1";"1";"1";""
"202400041762";"155708173";"A01";"3";"7";"0";"0";"0";"26";"1";""
"202400041763";"155708169";"A01";"0";"7";"0";"2";"3";"26";"1";""
"202400041763";"155708171";"B01";"2";"50";"0";"2";"1";"1";"3";""
"202400041764";"155708168";"A01";"1";"7";"16";"0";"3";"1";"1";""
"202400041765";"155708170";"B01";"2";"33";"0";"0";"3";"1";"1";""
"202400041765";"155708172";"A01";"1";"1";"0";"2";"1";"1";"5";""
"202400041766";"155708166";"A01";"3";"7";"0";"1";"1";"1";"1";""
"202400041767";"155708167";"A01";"1";"2";"14";"0";"1";"6";"1";""
"202400041768";"155708164";"A01";"2";"7";"2";"0";"1";"1";"1";""
"202400041769";"155708163";"A01";"1";"7";"0";"2";"2";"17";"1";""
"202400041769";"155708165";"B01";"1";"7";"0";"2";"6";"1";"1";""
"202400041770";"155708161";"A01";"2";"33";"3";"0";"0";"14";"1";""
"202400041771";"155708160";"A01";"1";"80";"12";"0";"1";"6";"2";""
"202400041771";"155708162";"B01";"2";"7";"0";"9";"1";"9";"1";""
"202400041772";"155708157";"A01";"1";"2";"0";"2";"7";"17";"1";""
"202400041772";"155708158";"B01";"1";"7";"0";"2";"8";"15";"3";""
"202400041773";"155708156";"B01";"1";"33";"0";"2";"8";"21";"1";""
"202400041773";"155708159";"A01";"2";"7";"0";"2";"8";"15";"2";""
"202400041774";"155708154";"A01";"3";"7";"0";"2";"4";"23";"1";""
"202400041774";"155708155";"B01";"3";"32";"0";"2";"1";"2";"1";""
"202400041775";"155708151";"B01";"1";"80";"1";"0";"8";"1";"3";""
"202400041775";"155708153";"A01";"1";"7";"0";"2";"7";"22";"1";""
"202400041776";"155708150";"B01";"2";"7";"0";"2";"8";"1";"1";""
"202400041776";"155708152";"A01";"2";"7";"0";"2";"9";"17";"1";""
"202400041777";"155708149";"A01";"3";"7";"0";"1";"1";"26";"1";""
"202400041778";"155708145";"B01";"3";"50";"0";"0";"0";"0";"3";""
"202400041778";"155708147";"A01";"3";"7";"0";"0";"0";"0";"2";""
"202400041779";"155708146";"A01";"1";"33";"0";"2";"1";"13";"1";""
"202400041779";"155708148";"B01";"2";"7";"0";"2";"1";"1";"1";""
"202400041780";"155708144";"A01";"2";"7";"0";"1";"1";"14";"1";""
"202400041781";"155708142";"B01";"1";"7";"0";"2";"1";"1";"1";""
"202400041781";"155708143";"A01";"2";"10";"0";"2";"1";"1";"1";""
"202400041782";"155708141";"A01";"1";"7";"8";"0";"3";"16";"1";""
"202400041783";"155708140";"A01";"3";"7";"13";"0";"1";"2";"1";""
"202400041784";"155708138";"A01";"3";"2";"0";"0";"0";"1";"1";""
"202400041785";"155708137";"B01";"3";"7";"0";"2";"2";"1";"0";""
"202400041785";"155708139";"A01";"3";"7";"0";"2";"2";"15";"0";""
"202400041786";"155708135";"A01";"1";"7";"0";"1";"1";"1";"1";""
"202400041787";"155708134";"B01";"1";"7";"0";"2";"1";"1";"1";""
"202400041787";"155708136";"A01";"1";"7";"0";"2";"3";"9";"1";""
"202400041788";"155708132";"A01";"2";"7";"13";"0";"3";"0";"1";""
"202400041789";"155708127";"B01";"3";"33";"0";"2";"2";"2";"0";""
"202400041789";"155708130";"A01";"3";"7";"0";"0";"3";"20";"1";""
"202400041790";"155708128";"A01";"2";"7";"0";"2";"1";"13";"1";""
"202400041790";"155708131";"B01";"1";"7";"0";"2";"3";"1";"1";""
"202400041791";"155708126";"C01";"2";"7";"0";"2";"0";"15";"2";""
"202400041791";"155708129";"B01";"2";"7";"0";"2";"4";"2";"1";""
"202400041791";"155708133";"A01";"2";"10";"0";"2";"2";"2";"3";""
"202400041792";"155708124";"B01";"2";"7";"0";"2";"1";"1";"1";""
"202400041792";"155708125";"A01";"2";"1";"0";"2";"5";"9";"5";""
"202400041793";"155708122";"A01";"2";"7";"0";"2";"3";"13";"1";""
"202400041793";"155708123";"B01";"1";"7";"0";"2";"3";"1";"1";""
"202400041794";"155708117";"A01";"2";"7";"0";"2";"3";"2";"3";""
"202400041794";"155708119";"B01";"2";"1";"0";"2";"4";"17";"5";""
"202400041795";"155708118";"A01";"3";"50";"0";"2";"4";"2";"3";""
"202400041795";"155708121";"B01";"3";"7";"0";"2";"1";"1";"1";""
"202400041796";"155708115";"A01";"1";"33";"8";"0";"1";"5";"1";""
"202400041797";"155708114";"B01";"1";"7";"0";"2";"1";"1";"1";""
"202400041797";"155708116";"A01";"2";"7";"0";"2";"1";"5";"1";""
"202400041797";"155708120";"C01";"2";"7";"0";"2";"1";"21";"2";""
"202400041798";"155708112";"A01";"1";"10";"0";"2";"2";"0";"1";""
"202400041798";"155708113";"B01";"1";"7";"0";"2";"6";"1";"1";""
"202400041799";"155708109";"B01";"1";"33";"0";"2";"3";"1";"1";""
"202400041799";"155708111";"A01";"2";"7";"0";"2";"3";"9";"1";""
"202400041800";"155708108";"B01";"2";"7";"0";"2";"1";"13";"0";""
"202400041800";"155708110";"A01";"1";"7";"14";"2";"1";"1";"1";""
"202400041801";"155708107";"A01";"2";"7";"2";"0";"2";"1";"1";""
"202400041802";"155708105";"A01";"2";"7";"0";"2";"2";"26";"1";""
"202400041802";"155708106";"B01";"2";"30";"0";"2";"1";"1";"3";""
"202400041803";"155708103";"A01";"1";"7";"6";"0";"3";"14";"1";""
"202400041804";"155708102";"A01";"2";"80";"0";"0";"1";"26";"3";""
"202400041805";"155708100";"A01";"2";"7";"4";"0";"1";"14";"1";""
"202400041806";"155708098";"A01";"2";"33";"0";"2";"1";"1";"1";""
"202400041806";"155708099";"B01";"1";"7";"0";"2";"5";"15";"1";""
"202400041807";"155708097";"A01";"1";"7";"3";"2";"1";"16";"1";""
"202400041807";"155708101";"C01";"2";"7";"0";"2";"1";"1";"1";""
"202400041807";"155708104";"B01";"1";"10";"0";"2";"2";"1";"1";""
"202400041808";"155708095";"A01";"1";"7";"0";"2";"4";"23";"1";""
"202400041808";"155708096";"B01";"1";"7";"0";"2";"1";"1";"1";""
"202400041809";"155708094";"A01";"2";"7";"1";"0";"3";"1";"1";""
"202400041810";"155708091";"A01";"2";"7";"13";"0";"9";"1";"1";""
"202400041811";"155708092";"B01";"1";"7";"0";"2";"1";"1";"1";""
"202400041811";"155708093";"A01";"2";"7";"12";"2";"2";"15";"1";""
"202400041812";"155708089";"A01";"1";"7";"9";"0";"2";"14";"1";""
"202400041813";"155708088";"B01";"2";"7";"0";"2";"1";"15";"1";""
"202400041813";"155708090";"A01";"1";"30";"0";"2";"2";"1";"1";""
"202400041814";"155708085";"A01";"1";"7";"13";"0";"1";"13";"1";""
"202400041815";"155708084";"A01";"2";"7";"0";"0";"8";"15";"1";""
"202400041815";"155708087";"B01";"1";"32";"0";"2";"1";"1";"1";""
"202400041816";"155708083";"A01";"3";"7";"1";"0";"4";"20";"0";""
"202400041816";"155708086";"B01";"3";"1";"0";"2";"1";"2";"5";""
"202400041817";"155708079";"A01";"1";"33";"0";"6";"1";"2";"1";""
"202400041817";"155708081";"B01";"1";"33";"0";"6";"1";"2";"1";""
"202400041818";"155708080";"A01";"2";"3";"0";"2";"3";"1";"1";""
"202400041818";"155708082";"B01";"1";"7";"0";"0";"3";"1";"1";""
"202400041819";"155708074";"A01";"3";"7";"0";"2";"1";"1";"1";""
"202400041819";"155708076";"B01";"3";"7";"0";"2";"4";"1";"1";""
"202400041819";"155708078";"C01";"3";"7";"0";"2";"4";"1";"1";""
"202400041820";"155708073";"B01";"1";"7";"0";"0";"1";"1";"1";""
"202400041820";"155708075";"A01";"1";"7";"0";"0";"7";"1";"1";""
"202400041821";"155708071";"A01";"2";"7";"0";"2";"3";"13";"1";""
"202400041821";"155708072";"B01";"1";"10";"0";"2";"3";"1";"1";""
"202400041822";"155708068";"A01";"2";"7";"0";"1";"7";"1";"2";""
"202400041823";"155708069";"A01";"1";"7";"0";"2";"1";"2";"1";""
"202400041823";"155708070";"B01";"1";"7";"0";"2";"4";"23";"1";""
"202400041824";"155708067";"A01";"3";"2";"0";"0";"0";"1";"1";""
"202400041825";"155708064";"A01";"3";"7";"0";"2";"2";"9";"1";""
"202400041825";"155708065";"B01";"3";"7";"0";"2";"0";"0";"1";""
"202400041826";"155708062";"B01";"1";"7";"0";"2";"4";"1";"1";""
"202400041826";"155708063";"C01";"1";"7";"0";"2";"4";"1";"1";""
"202400041826";"155708066";"A01";"1";"10";"0";"2";"1";"1";"1";""
"202400041827";"155708061";"A01";"1";"7";"13";"0";"8";"0";"1";""
"202400041828";"155708060";"A01";"1";"1";"0";"0";"0";"0";"5";""
"202400041829";"155708058";"A01";"2";"7";"13";"0";"9";"1";"1";""
"202400041830";"155708055";"C01";"2";"7";"0";"2";"4";"2";" -1";""
"202400041830";"155708056";"A01";"2";"33";"0";"2";"1";"2";"1";""
"202400041831";"155708054";"A01";"2";"33";"0";"0";"0";"16";"1";""
"202400041832";"155708052";"A01";"1";"33";"0";"0";"1";"1";"1";""
"202400041833";"155708050";"A01";"3";"7";"13";"0";"6";"1";"2";""
"202400041833";"155708053";"B01";"1";"7";"13";"0";"1";"1";"1";""
"202400041834";"155708049";"A01";"1";"7";"0";"2";"2";"17";"1";""
"202400041834";"155708051";"B01";"1";"7";"15";"2";"8";"1";"1";""
"202400041835";"155708047";"A01";"1";"30";"0";"2";"2";"17";"3";""
"202400041835";"155708048";"B01";"1";"7";"0";"2";"3";"15";"2";""
"202400041836";"155708046";"A01";"1";"33";"4";"0";"1";"1";"1";""
"202400041837";"155708043";"A01";"1";"7";"1";"2";"1";"2";"1";""
"202400041837";"155708045";"B01";"1";"7";"1";"0";"4";"0";"1";""
"202400041838";"155708042";"A01";"3";"33";"13";"0";"1";"1";"1";""
"202400041839";"155708040";"C01";"3";"7";"0";"2";"2";"1";"1";""
"202400041839";"155708041";"B01";"3";"7";"0";"2";"6";"23";"3";""
"202400041839";"155708044";"A01";"3";"43";"0";"2";"2";"16";"1";""
"202400041840";"155708036";"B01";"1";"7";"0";"2";"1";"2";"1";""
"202400041840";"155708038";"A01";"1";"10";"0";"2";"1";"2";"1";""
"202400041840";"155708039";"C01";"1";"10";"0";"2";"4";"23";"1";""
"202400041841";"155708037";"A01";"1";"7";"4";"0";"2";"13";"1";""
"202400041842";"155708034";"A01";"3";"15";"0";"2";"2";"1";"1";""
"202400041842";"155708035";"B01";"3";"33";"0";"2";"4";"23";"1";""
"202400041843";"155708032";"A01";"2";"7";"13";"0";"1";"16";"1";""
"202400041844";"155708031";"B01";"2";"7";"0";"2";"1";"1";"1";""
"202400041844";"155708033";"A01";"2";"2";"0";"2";"8";"19";"1";""
"202400041845";"155708028";"A01";"2";"33";"0";"2";"1";"0";"1";""
"202400041845";"155708030";"Z01";"2";"10";"0";"2";"0";"0";"0";""
"202400041846";"155708027";"A01";"2";"7";"0";"2";"2";"15";"2";""
"202400041846";"155708029";"B01";"1";"32";"0";"2";"8";"1";"1";""
"202400041847";"155708026";"A01";"1";"31";"0";"0";"0";"0";"1";""
"202400041848";"155708025";"A01";"2";"7";"0";"2";"1";"17";"1";""
"202400041849";"155708022";"A01";"2";"7";"2";"0";"3";"19";"1";""
"202400041850";"155708023";"B01";"2";"50";"0";"2";"7";"19";"3";""
"202400041850";"155708024";"A01";"2";"1";"0";"2";"1";"1";"5";""
"202400041851";"155708019";"B01";"2";"7";"0";"2";"4";"23";"1";""
"202400041851";"155708020";"C01";"2";"7";"0";"2";"0";"23";"2";""
"202400041851";"155708021";"A01";"2";"10";"0";"2";"1";"1";"1";""
"202400041852";"155708018";"A01";"2";"33";"0";"0";"1";"1";"1";""
"202400041853";"155708017";"A01";"2";"50";"0";"1";"1";"1";"3";""
"202400041854";"155708010";"A01";"1";"7";"0";"2";"7";"1";"1";""
"202400041854";"155708011";"B01";"1";"7";"0";"2";"6";"0";"2";""
"202400041854";"155708014";"C01";"1";"7";"0";"2";"1";"1";"1";""
"202400041854";"155708015";"D01";"1";"7";"0";"2";"1";"1";"1";""
"202400041855";"155708009";"A01";"1";"7";"0";"2";"1";"1";"1";""
"202400041855";"155708013";"B01";"1";"10";"0";"0";"4";"23";"1";""
"202400041856";"155708008";"B01";"1";"10";"0";"2";"4";"23";"1";""
"202400041856";"155708012";"A01";"1";"80";"0";"2";"1";"1";"3";""
"202400041857";"155708005";"B01";"1";"7";"0";"2";"5";"1";"1";""
"202400041857";"155708007";"A01";"1";"7";"0";"2";"0";"1";"1";""
"202400041858";"155708004";"B01";"1";"7";"0";"2";"2";"15";"1";""
"202400041858";"155708006";"A01";"2";"33";"0";"2";"1";"17";"0";""
"202400041859";"155708002";"A01";"1";"1";"0";"2";"8";"9";"5";""
"202400041859";"155708003";"B01";"1";"1";"0";"2";"7";"1";"5";""
"202400041860";"155708001";"A01";"2";"7";"0";"2";"1";"26";"1";""
"202400041861";"155707999";"A01";"1";"7";"0";"0";"4";"2";"1";""
"202400041861";"155708000";"B01";"1";"0";"0";"2";"1";"1";"1";""
"202400041862";"155707997";"A01";"1";"7";"0";"2";"1";"1";"1";""
"202400041862";"155707998";"B01";"1";"7";"0";"2";"4";"1";"1";""
"202400041863";"155707996";"A01";"1";"43";"0";"1";"1";"5";"1";""
"202400041864";"155707994";"A01";"3";"30";"0";"2";"1";"15";"1";""
"202400041864";"155707995";"B01";"2";"7";"0";"2";"3";"1";"1";""
"202400041865";"155707992";"A01";"2";"7";"0";"2";"1";"2";"1";""
"202400041865";"155707993";"B01";"2";"7";"0";"2";"3";"0";"1";""
"202400041866";"155707991";"Z01";"2";"7";"0";"1";"7";"1";"1";""
"202400041867";"155707989";"A01";"2";"7";"2";"0";"7";"14";"1";""
"202400041868";"155707990";"A01";"1";"7";"6";"0";"8";"1";"1";""
"202400041869";"155707987";"A01";"1";"7";"4";"0";"6";"1";"1";""
"202400041870";"155707985";"A01";"2";"7";"17";"0";"1";"1";"1";""
"202400041871";"155707986";"A01";"2";"7";"0";"2";"1";"1";"1";""
"202400041871";"155707988";"B01";"2";"7";"0";"2";"4";"1";"2";""
"202400041872";"155707983";"A01";"1";"50";"1";"0";"0";"26";"3";""
"202400041873";"155707982";"A01";"1";"33";"4";"2";"1";"3";"1";""
"202400041873";"155707984";"B01";"1";"7";"4";"2";"5";"1";"1";""
"202400041874";"155707981";"A01";"1";"7";"2";"0";"9";"14";"1";""
"202400041875";"155707980";"A01";"1";"33";"0";"0";"7";"14";"1";""
"202400041876";"155707978";"A01";"3";"34";"0";"0";"0";"0";"1";""
"202400041877";"155707977";"B01";"2";"7";"0";"2";"2";"17";"1";""