"Num_Acc";"id_vehicule";"num_veh";"senc";"catv";"obs";"obsm";"choc";"manv";"motor";"occutc"
"202400041877";"155707979";"A01";"2";"1";"0";"2";"4";"13";"5";""
"202400041878";"155707975";"B01";"1";"43";"0";"2";"0";"2";"1";""
"202400041878";"155707976";"A01";"1";"7";"0";"2";"4";"11";"2";""
"202400041879";"155707971";"A01";"3";"7";"0";"2";"1";"15";"3";""
"202400041879";"155707973";"B01";"3";"33";"0";"2";"1";"1";"1";""
"202400041880";"155707972";"A01";"2";"13";"0";"0";"6";"15";"1";""
"202400041880";"155707974";"B01";"2";"34";"0";"2";"2";"2";"1";""
"202400041881";"155707970";"A01";"1";"7";"13";"0";"1";"21";"1";""
"202400041882";"155707969";"A01";"1";"33";"3";"0";"1";"1";"1";""
"202400041883";"155707967";"A01";"1";"7";"3";"0";"3";"0";"1";""
"202400041884";"155707966";"B01";"3";"33";"0";"2";"2";"1";"1";""
"202400041884";"155707968";"A01";"3";"7";"0";"2";"3";"20";"1";""
"202400041885";"155707963";"B01";"2";"30";"0";"9";"0";"1";"0";""
"202400041885";"155707964";"OA01";"1";"30";"0";"9";"0";"15";"0";""
"202400041886";"155707961";"A01";"2";"7";"0";"0";"9";"0";"1";""
"202400041887";"155707957";"A01";"3";"33";"0";"2";"1";"2";"1";""
"202400041887";"155707959";"B01";"3";"7";"0";"2";"4";"2";"1";""
"202400041888";"155707960";"B01";"3";"7";"0";"2";"3";"1";"1";""
"202400041888";"155707962";"A01";"2";"43";"0";"2";"2";"15";"1";""
"202400041889";"155707956";"A01";"1";"7";"0";"2";"5";"17";"1";""
"202400041889";"155707958";"B01";"1";"1";"0";"2";"9";"1";"5";""
"202400041890";"155707952";"A01";"3";"7";"0";"2";"4";"1";"1";""
"202400041890";"155707955";"B01";"3";"7";"0";"2";"2";"2";"1";""
"202400041891";"155707953";"A01";"2";"7";"0";"0";"0";"0";"1";""
"202400041892";"155707949";"B01";"1";"7";"0";"2";"4";"1";"1";""
"202400041892";"155707951";"A01";"1";"10";"0";"2";"1";"2";"1";""
"202400041893";"155707950";"B01";"1";"15";"0";"2";"3";"1";"1";""
"202400041893";"155707954";"A01";"2";"7";"0";"2";"1";"13";"1";""
"202400041894";"155707948";"A01";"1";"33";"3";"0";"2";"1";"1";""
"202400041895";"155707946";"A01";"1";"7";"0";"1";"1";"1";"1";""
"202400041896";"155707944";"A01";"3";"7";"2";"0";"8";"1";"1";""
"202400041897";"155707945";"B01";"2";"2";"0";"2";"1";"1";"1";""
"202400041897";"155707947";"A01";"1";"7";"0";"2";"6";"15";"1";""
"202400041898";"155707942";"A01";"3";"7";"16";"0";"9";"1";"1";""
"202400041899";"155707941";"B01";"1";"1";"0";"2";"1";"1";"5";""
"202400041899";"155707943";"A01";"2";"7";"0";"9";"2";"15";"1";""
"202400041900";"155707937";"A01";"1";"33";"0";"2";"2";"15";"1";""
"202400041900";"155707940";"B01";"1";"7";"0";"2";"1";"1";"1";""
"202400041901";"155707935";"A01";"3";"7";"0";"2";"2";"1";"1";""
"202400041901";"155707939";"B01";"0";"80";"0";"2";"1";"9";"3";""
"202400041902";"155707936";"B01";"3";"7";"0";"2";"8";"9";"1";""
"202400041902";"155707938";"A01";"3";"7";"0";"2";"1";"1";"1";""
"202400041903";"155707930";"B01";"0";"7";"0";"2";"1";"3";"1";""
"202400041903";"155707932";"A01";"0";"31";"0";"0";"4";"1";"1";""
"202400041904";"155707931";"A01";"1";"7";"0";"2";"3";"15";"1";""
"202400041904";"155707934";"B01";"1";"30";"0";"2";"1";"1";"1";""
"202400041905";"155707929";"B01";"1";"1";"0";"2";"1";"19";"5";""
"202400041905";"155707933";"A01";"1";"7";"0";"2";"3";"1";"1";""
"202400041906";"155707926";"A01";"1";"1";"0";"1";"1";"1";"5";""
"202400041907";"155707925";"A01";"1";"7";"0";"2";"7";"25";"1";""
"202400041907";"155707927";"B01";"2";"31";"0";"2";"1";"1";"1";""
"202400041908";"155707924";"B01";"1";"2";"0";"2";"1";"1";"0";""
"202400041908";"155707928";"A01";"1";"7";"0";"2";"3";"15";"0";""
"202400041909";"155707923";"A01";"3";"7";"10";"0";"1";"1";"1";""
"202400041910";"155707921";"A01";"3";"7";"0";"1";"7";"26";"1";""
"202400041911";"155707920";"A01";"2";"7";"0";"2";"6";"0";"2";""
"202400041911";"155707922";"B01";"2";"33";"0";"2";"1";"2";"1";""
"202400041912";"155707919";"A01";"3";"33";"0";"0";"7";"0";"1";""
"202400041913";"155707918";"A01";"2";"7";"9";"0";"1";"13";"1";""
"202400041914";"155707916";"A01";"3";"7";"0";"1";"1";"19";"4";""
"202400041915";"155707914";"A01";"1";"7";"0";"2";"6";"2";"3";""
"202400041915";"155707917";"B01";"1";"33";"0";"2";"7";"2";"1";""
"202400041916";"155707913";"A01";"1";"10";"0";"2";"6";"13";"6";""
"202400041916";"155707915";"B01";"1";"7";"0";"2";"6";"23";"0";""
"202400041917";"155707910";"A01";"2";"33";"0";"2";"8";"1";"1";""
"202400041917";"155707912";"Z01";"2";"7";"0";"2";"7";"14";"0";""
"202400041918";"155707908";"A01";"1";"1";"0";"1";"1";"1";"5";""
"202400041919";"155707909";"B01";"2";"1";"0";"2";"1";"1";"5";""
"202400041919";"155707911";"A01";"1";"7";"0";"2";"2";"15";"1";""
"202400041920";"155707907";"A01";"1";"2";"0";"0";"8";"1";"3";""
"202400041921";"155707904";"A01";"1";"7";"0";"2";"1";"1";"2";""
"202400041921";"155707905";"B01";"1";"7";"0";"2";"5";"1";"2";""
"202400041922";"155707903";"A01";"1";"7";"1";"2";"7";"13";"1";""
"202400041922";"155707906";"B01";"1";"7";"0";"2";"7";"23";"2";""
"202400041923";"155707901";"A01";"1";"7";"0";"2";"1";"1";"1";""
"202400041923";"155707902";"B01";"1";"32";"0";"2";"8";"1";"3";""
"202400041924";"155707899";"A01";"2";"2";"0";"0";"0";"1";"0";""
"202400041925";"155707898";"A01";"3";"7";"0";"2";"5";"1";"1";""
"202400041925";"155707900";"Z01";"0";"7";"0";"2";"1";"1";"0";""
"202400041926";"155707897";"A01";"3";"32";"0";"0";"2";"1";"1";""
"202400041927";"155707896";"A01";"2";"2";"0";"1";"1";"6";"1";""
"202400041928";"155707895";"A01";"1";"43";"3";"0";"7";"1";"1";""
"202400041929";"155707890";"A01";"2";"7";"0";"2";"7";"21";"1";""
"202400041929";"155707891";"B01";"2";"1";"0";"2";"8";"2";"5";""
"202400041929";"155707893";"C01";"2";"1";"0";"2";"8";"2";"5";""
"202400041930";"155707889";"B01";"1";"7";"0";"2";"1";"26";"1";""
"202400041930";"155707892";"A01";"1";"10";"0";"2";"1";"2";"1";""
"202400041931";"155707888";"B01";"3";"7";"0";"2";"3";"15";"1";""
"202400041931";"155707894";"A01";"3";"7";"0";"2";"1";"1";"1";""
"202400041932";"155707886";"B01";"2";"7";"0";"2";"4";"2";"1";""
"202400041932";"155707887";"A01";"2";"7";"0";"2";"1";"2";"1";""
"202400041933";"155707885";"A01";"2";"33";"17";"0";"1";"14";"1";""
"202400041934";"155707884";"A01";"1";"7";"13";"0";"3";"1";"1";""
"202400041935";"155707881";"A01";"2";"33";"0";"2";"1";"3";"1";""
"202400041935";"155707883";"B01";"2";"7";"0";"2";"6";"11";"1";""
"202400041936";"155707880";"A01";"1";"33";"0";"0";"9";"1";"1";""
"202400041937";"155707878";"A01";"1";"7";"0";"2";"1";"1";"1";""
"202400041937";"155707879";"B01";"1";"2";"0";"2";"4";"1";"1";""
"202400041938";"155707876";"A01";"2";"7";"0";"1";"3";"1";"1";""
"202400041939";"155707875";"A01";"1";"2";"0";"2";"1";"1";"1";""
"202400041939";"155707882";"B01";"0";"7";"0";"2";"3";"1";"1";""
"202400041940";"155707872";"A01";"2";"7";"0";"2";"0";"13";"1";""
"202400041940";"155707874";"B01";"1";"7";"0";"2";"1";"1";"1";""
"202400041941";"155707873";"A01";"2";"7";"0";"2";"1";"13";"1";""
"202400041941";"155707877";"B01";"2";"7";"0";"2";"4";"1";"2";""
"202400041942";"155707868";"A01";"1";"7";"0";"2";"5";"15";"1";""
"202400041942";"155707871";"B01";"2";"33";"0";"2";"1";"1";"1";""
"202400041943";"155707865";"A01";"3";"1";"0";"2";"7";"1";"5";""
"202400041943";"155707869";"B01";"3";"7";"0";"2";"1";"1";"1";""
"202400041944";"155707866";"A01";"2";"7";"0";"2";"1";"5";"1";""
"202400041944";"155707870";"B01";"1";"7";"0";"2";"1";"1";"1";""
"202400041945";"155707864";"B01";"2";"32";"0";"2";"1";"3";"1";""
"202400041945";"155707867";"A01";"2";"7";"0";"2";"5";"12";"1";""
"202400041946";"155707860";"A01";"1";"7";"0";"2";"8";"1";"1";""
"202400041946";"155707863";"B01";"2";"33";"0";"2";"8";"1";"1";""
"202400041947";"155707859";"B01";"2";"15";"0";"2";"2";"0";"1";""
"202400041947";"155707862";"A01";"2";"7";"0";"2";"1";"5";"1";""
"202400041948";"155707857";"A01";"2";"7";"0";"2";"3";"16";"1";""
"202400041948";"155707861";"B01";"1";"7";"0";"2";"3";"23";"1";""
"202400041949";"155707858";"A01";"3";"7";"0";"1";"2";"1";"1";""
"202400041950";"155707855";"A01";"1";"7";"0";"2";"1";"19";"1";""
"202400041950";"155707856";"B01";"1";"2";"0";"2";"2";"1";"1";""
"202400041951";"155707853";"A01";"1";"30";"0";"1";"1";"26";"1";""
"202400041952";"155707854";"A01";"1";"7";"0";"0";"1";"1";"1";""
"202400041953";"155707847";"A01";"1";"7";"0";"2";"1";"2";"1";""
"202400041953";"155707851";"B01";"1";"1";"0";"2";"4";"2";"5";""
"202400041954";"155707849";"B01";"2";"31";"0";"2";"1";"2";"1";""
"202400041954";"155707852";"A01";"2";"7";"0";"2";"6";"10";"1";""
"202400041955";"155707845";"A01";"2";"7";"0";"2";"1";"5";"1";""
"202400041955";"155707850";"B01";"0";"7";"0";"2";"7";"2";"1";""
"202400041956";"155707846";"A01";"1";"10";"0";"2";"1";"1";"1";""
"202400041956";"155707848";"B01";"2";"31";"0";"2";"5";"9";"1";""
"202400041957";"155707842";"A01";"3";"7";"0";"2";"2";"19";"1";""
"202400041957";"155707844";"B01";"1";"1";"0";"2";"3";"1";"5";""
"202400041958";"155707839";"A01";"1";"7";"0";"2";"2";"21";"1";""
"202400041958";"155707843";"B01";"1";"7";"0";"2";"2";"0";"1";""
"202400041959";"155707838";"A01";"2";"99";"0";"2";"5";"15";"1";""
"202400041959";"155707840";"B01";"1";"31";"0";"2";"4";"21";"0";""
"202400041960";"155707834";"B01";"2";"7";"0";"2";"1";"15";"1";""
"202400041960";"155707837";"A01";"1";"7";"1";"2";"6";"1";"1";""
"202400041961";"155707835";"B01";"2";"32";"0";"2";"1";"1";"1";""
"202400041961";"155707836";"A01";"1";"7";"0";"2";"7";"15";"1";""
"202400041962";"155707833";"A01";"1";"3";"1";"1";"1";"20";"1";""
"202400041963";"155707831";"Z01";"0";"7";"0";"1";"1";"0";"0";""
"202400041964";"155707829";"A01";"3";"10";"0";"2";"1";"1";"1";""
"202400041964";"155707832";"B01";"3";"1";"0";"2";"1";"1";"5";""
"202400041965";"155707828";"A01";"3";"21";"0";"2";"3";"9";"1";""
"202400041965";"155707830";"B01";"3";"2";"0";"2";"1";"1";"1";""
"202400041966";"155707827";"A01";"3";"30";"0";"0";"8";"1";"1";""
"202400041967";"155707825";"A01";"1";"1";"0";"1";"0";"0";"5";""
"202400041968";"155707823";"A01";"1";"7";"0";"2";"1";"15";"1";""
"202400041968";"155707826";"B01";"1";"2";"0";"2";"7";"15";"1";""
"202400041969";"155707820";"A01";"1";"7";"8";"0";"3";"0";"1";""
"202400041969";"155707824";"B01";"2";"7";"0";"2";"2";"1";"1";""
"202400041970";"155707817";"C01";"3";"7";"0";"2";"3";"16";"1";""
"202400041970";"155707819";"B01";"3";"7";"0";"2";"3";"1";"2";""
"202400041970";"155707822";"A01";"3";"7";"0";"2";"7";"15";"2";""
"202400041971";"155707816";"Z01";"2";"43";"0";"1";"2";"17";"1";""
"202400041972";"155707818";"B01";"3";"7";"0";"2";"2";"10";"1";""
"202400041972";"155707821";"A01";"3";"33";"0";"2";"3";"1";"1";""
"202400041973";"155707815";"A01";"3";"2";"14";"0";"3";"1";"1";""
"202400041974";"155707810";"A01";"2";"7";"0";"2";"3";"13";"1";""
"202400041974";"155707814";"B01";"2";"33";"0";"2";"1";"3";"1";""
"202400041975";"155707812";"A01";"2";"7";"0";"1";"1";"1";"1";""
"202400041976";"155707809";"A01";"2";"7";"0";"2";"1";"15";"1";""
"202400041976";"155707813";"B01";"2";"33";"0";"2";"0";"1";"1";""
"202400041977";"155707808";"A01";"1";"7";"0";"2";"3";"13";"1";""
"202400041977";"155707811";"B01";"2";"43";"0";"2";"1";"1";"1";""
"202400041978";"155707805";"A01";"1";"1";"0";"2";"1";"1";"5";""
"202400041978";"155707807";"B01";"2";"1";"0";"2";"1";"1";"5";""
"202400041979";"155707804";"A01";"1";"10";"0";"2";"1";"2";"1";""
"202400041979";"155707806";"B01";"1";"7";"0";"2";"4";"2";"2";""
"202400041980";"155707802";"A01";"3";"10";"0";"0";"3";"1";"1";""
"202400041980";"155707803";"B01";"3";"10";"0";"0";"3";"1";"1";""
"202400041981";"155707800";"A01";"2";"10";"0";"1";"3";"15";"1";""
"202400041982";"155707798";"A01";"3";"7";"0";"2";"3";"15";"1";""
"202400041982";"155707801";"B01";"3";"50";"0";"2";"1";"1";"3";""
"202400041983";"155707797";"A01";"0";"7";"0";"2";"2";"1";"1";""
"202400041983";"155707799";"B01";"3";"60";"0";"2";"3";"1";"5";""
"202400041984";"155707793";"B01";"1";"7";"13";"2";"1";"2";"1";""
"202400041984";"155707796";"A01";"1";"7";"13";"2";"6";"1";"1";""
"202400041985";"155707792";"A01";"1";"30";"0";"2";"3";"18";"1";""
"202400041985";"155707795";"B01";"1";"13";"0";"2";"5";"16";"1";""
"202400041986";"155707790";"C01";" -1";"0";" -1";"2";" -1";" -1";" -1";""
"202400041986";"155707791";"B01";"1";"7";"0";"2";"3";"1";"1";""
"202400041987";"155707789";"A01";"3";"7";"0";"2";"1";"1";"1";""
"202400041987";"155707794";"B01";"3";"7";"0";"2";"8";"1";"1";""
"202400041988";"155707786";"A01";"1";"10";"0";"2";"1";"0";"1";""
"202400041988";"155707788";"B01";"2";"7";"0";"2";"1";"0";"1";""
"202400041989";"155707785";"B01";"1";"7";"0";"2";"3";"5";"1";""
"202400041989";"155707787";"A01";"2";"7";"0";"2";"3";"1";"1";""
"202400041990";"155707781";"A01";"0";"50";"0";"2";"1";"25";"3";""
"202400041990";"155707784";"B01";"1";"7";"0";"0";"2";"1";"1";""
"202400041991";"155707779";"B01";"1";"2";"1";"0";"8";"1";"1";""
"202400041991";"155707783";"A01";"1";"7";"1";"0";"2";"14";"2";""
"202400041992";"155707778";"A01";"2";"7";"0";"2";"1";"5";"3";""
"202400041992";"155707780";"B01";"1";"7";"0";"2";"1";"1";"2";""
"202400041993";"155707777";"A01";"3";"7";"0";"2";"2";"5";"1";""
"202400041993";"155707782";"B01";"3";"43";"0";"2";"5";"1";"1";""
"202400041994";"155707774";"A01";"3";"7";"0";"2";"3";"15";"3";""
"202400041994";"155707776";"B01";"3";"1";"0";"2";"1";"1";"5";""
"202400041995";"155707775";"A01";"3";"10";"0";"1";"4";"4";"1";""
"202400041996";"155707772";"A01";"1";"7";"0";"1";"3";"15";"1";""
"202400041997";"155707771";"A01";"2";"7";"0";"1";"2";"1";"1";""
"202400041998";"155707770";"A01";"2";"7";"8";"0";"1";"1";"1";""
"202400041999";"155707769";"A01";"1";"50";"0";"0";"0";"1";"3";""
"202400042000";"155707767";"A01";"3";"7";"0";"1";"1";"15";"1";""
"202400042001";"155707765";"A01";"1";"7";"0";"2";"1";"2";"1";""
"202400042001";"155707766";"B01";"1";"7";"0";"2";"4";"2";"2";""
"202400042002";"155707763";"A01";"1";"7";"0";"2";"3";"2";"1";""
"202400042002";"155707764";"B01";"1";"50";"0";"2";"4";"11";"3";""
"202400042003";"155707762";"A01";"3";"7";"0";"2";"5";"9";"1";""
"202400042003";"155707768";"B01";"3";"50";"0";"2";"1";"1";"3";""
"202400042004";"155707759";"A01";"3";"7";"9";"0";"1";"13";"0";""
"202400042005";"155707755";"A01";"1";"7";"0";"1";"2";"1";"1";""
"202400042006";"155707754";"D01";"1";"7";"0";"2";"4";"1";"1";""
"202400042006";"155707756";"A01";"3";"7";"0";"2";"1";"1";"2";""
"202400042006";"155707757";"B01";"3";"7";"0";"2";"4";"1";"2";""
"202400042006";"155707758";"C01";"3";"7";"0";"2";"4";"1";"1";""
"202400042007";"155707760";"A01";"1";"10";"0";"9";"5";"15";"1";""
"202400042007";"155707761";"B01";"2";"1";"0";"2";"1";"1";"5";""
"202400042008";"155707750";"A01";"1";"7";"0";"2";"1";"26";"1";""
"202400042008";"155707752";"B01";"1";"33";"0";"2";"1";"17";"1";""
"202400042009";"155707749";"A01";"3";"7";"6";"2";"7";"1";"1";""
"202400042009";"155707753";"B01";"3";"7";"0";"2";"3";"1";"1";""
"202400042010";"155707747";"B01";"2";"50";"0";"2";"8";"1";"3";""
"202400042010";"155707751";"A01";"3";"10";"0";"2";"1";"19";"1";""
"202400042011";"155707745";"C01";"1";"7";"0";"2";"4";"1";"1";""
"202400042011";"155707746";"B01";"1";"7";"0";"2";"1";"1";"1";""
"202400042011";"155707748";"A01";"1";"7";"0";"2";"1";"16";"1";""
"202400042012";"155707743";"Z01";"2";"7";"0";"2";"1";"1";"1";""
"202400042012";"155707744";"B01";"1";"7";"0";"2";"6";"15";"1";""
"202400042013";"155707741";"A01";"1";"7";"0";"1";"1";"1";"1";""
"202400042014";"155707742";"A01";"1";"10";"0";"1";"7";"17";"1";""
"202400042015";"155707739";"B01";"1";"7";"0";"2";"6";"1";"1";""
"202400042015";"155707740";"A01";"1";"30";"0";"2";"1";"1";"1";""
"202400042016";"155707735";"B01";"1";"7";"0";"2";"4";"23";"3";""
"202400042016";"155707738";"A01";"1";"37";"1";"0";"1";"1";"1";"1"
"202400042017";"155707734";"B01";"2";"7";"0";"2";"3";"13";"1";""
"202400042017";"155707736";"A01";"1";"10";"0";"2";"2";"11";"1";""
"202400042018";"155707731";"B01";"2";"31";"0";"2";"1";"1";"1";""
"202400042018";"155707733";"A01";"1";"10";"0";"2";"1";"15";"1";""
"202400042019";"155707730";"C01";"1";"17";"0";"2";"3";"1";"1";""
"202400042019";"155707732";"B01";"1";"7";"0";"2";"3";"17";"1";""
"202400042019";"155707737";"A01";"2";"10";"0";"2";"3";"1";"1";""
"202400042020";"155707729";"A01";"2";"7";"13";"0";"1";"14";"1";""
"202400042021";"155707725";"A01";"1";"7";"0";"1";"3";"14";"1";""
"202400042022";"155707726";"B01";"1";"1";"0";"2";"5";"2";"5";""
"202400042022";"155707728";"A01";"1";"7";"0";"2";"4";"1";"1";""
"202400042023";"155707722";"B01";"1";"7";"0";"2";"4";"2";"2";""
"202400042023";"155707724";"A01";"1";"33";"0";"2";"1";"2";"1";""
"202400042023";"155707727";"Z01";"1";"10";"0";"2";"3";"13";"0";""
"202400042024";"155707719";"B01";"3";"7";"0";"2";"1";"1";"1";""
"202400042024";"155707721";"A01";"3";"7";"9";"2";"1";"0";"1";""
"202400042025";"155707717";"A01";"1";"7";"0";"2";"1";"1";"1";""
"202400042025";"155707718";"B01";"3";"1";"0";"2";"7";"19";"5";""
"202400042026";"155707714";"B01";"2";"1";"14";"2";"1";"1";"5";""
"202400042026";"155707716";"A01";"2";"37";"0";"9";"4";"23";"1";"1"
"202400042027";"155707715";"A01";"1";"40";"0";"1";"8";"1";"3";""
"202400042028";"155707712";"A01";"0";"7";"1";"2";"2";"14";"1";""
"202400042029";"155707711";"B01";"2";"14";"0";"2";"3";"15";"1";""
"202400042029";"155707713";"A01";"1";"33";"0";"2";"1";"1";"1";""
"202400042030";"155707707";"B01";"3";"50";"0";"2";"0";"0";"3";""
"202400042030";"155707709";"A01";"3";"10";"0";"9";"7";"26";"3";""
"202400042031";"155707706";"B01";"1";"7";"0";"2";"1";"0";"1";""
"202400042031";"155707708";"A01";"1";"7";"0";"2";"1";"13";"1";""
"202400042032";"155707705";"B01";"3";"1";"0";"2";"3";"12";"5";""
"202400042032";"155707710";"Z01";"3";"99";"0";"2";"3";"1";"5";""
"202400042033";"155707703";"B01";"1";"7";"0";"2";"6";"1";"1";""
"202400042033";"155707704";"A01";"1";"7";"0";"2";"1";"1";"1";""
"202400042034";"155707701";"A01";"3";"7";"0";"2";"6";"9";"1";""
"202400042034";"155707702";"B01";"2";"33";"0";"2";"1";"1";"1";""
"202400042035";"155707700";"A01";"0";"1";"1";"0";"1";"26";"5";""
"202400042036";"155707696";"A01";"1";"7";"0";"1";"1";"16";"1";""
"202400042037";"155707697";"A01";"2";"7";"0";"2";"1";"1";"1";""
"202400042037";"155707698";"B01";"2";"7";"0";"2";"4";"9";"1";""
"202400042038";"155707695";"B01";"2";"7";"0";"2";"6";"22";"2";""
"202400042038";"155707699";"A01";"2";"80";"1";"0";"1";"1";"3";""
"202400042039";"155707691";"A01";"1";"7";"6";"2";"3";"1";"1";""
"202400042039";"155707693";"B01";"1";"7";"15";"2";"7";"16";"2";""
"202400042040";"155707689";"C01";"2";"7";"0";"2";"1";"23";"1";""
"202400042040";"155707692";"A01";"2";"7";"0";"2";"1";"1";"1";""
"202400042040";"155707694";"B01";"2";"7";"0";"2";"3";"23";"1";""
"202400042041";"155707688";"A01";"1";"30";"0";"2";"7";"19";"1";""
"202400042041";"155707690";"B01";"2";"7";"0";"2";"3";"1";"1";""
"202400042042";"155707685";"B01";"1";"10";"0";"2";"2";"1";"1";""
"202400042042";"155707687";"A01";"1";"33";"0";"2";"1";"9";"1";""
"202400042043";"155707684";"B01";"3";"7";"0";"2";"3";"1";"0";""
"202400042043";"155707686";"A01";"3";"7";"0";"2";"3";"19";"0";""
"202400042044";"155707682";"A01";"0";"32";"0";"2";"1";"12";"1";""
"202400042044";"155707683";"B01";"3";"30";"0";"2";"7";"12";"1";""
"202400042045";"155707679";"B01";"3";"7";"0";"9";"4";"1";"1";""
"202400042045";"155707681";"A01";"0";"99";"0";"2";"1";"2";"1";""
"202400042046";"155707678";"A01";"2";"7";"0";"2";"2";"16";"2";""
"202400042046";"155707680";"B01";"2";"1";"0";"2";"3";"2";"5";""
"202400042047";"155707676";"A01";"1";"33";"0";"2";"7";"15";"1";""
"202400042047";"155707677";"B01";"2";"31";"0";"2";"1";"1";"1";""
"202400042048";"155707675";"Z01";"1";"7";"0";"1";"1";"9";"0";""
"202400042049";"155707672";"B01";"2";"7";"0";"2";"1";"1";"1";""
"202400042049";"155707674";"A01";"1";"7";"0";"1";"5";"15";"1";""
"202400042050";"155707673";"Z01";"1";"99";"0";"1";"1";"1";"0";""
"202400042051";"155707671";"A01";"0";"7";"0";"2";"2";"1";"1";""
"202400042052";"155707667";"B01";"1";"50";"0";"4";"1";"1";"3";""
"202400042052";"155707670";"A01";"1";"40";"0";"2";"3";"1";"3";""
"202400042053";"155707666";"A01";"1";"7";"0";"2";"2";"1";"1";""
"202400042053";"155707669";"B01";"2";"1";"0";"2";"1";"16";"5";""
"202400042054";"155707664";"B01";"3";"1";"0";"2";"8";"9";"5";""
"202400042054";"155707665";"A01";"1";"33";"0";"2";"1";"19";"1";""
"202400042055";"155707662";"A01";"1";"1";"0";"2";"6";"1";"5";""
"202400042055";"155707668";"Z01";"2";"7";"0";"2";"3";"2";"0";""
"202400042056";"155707661";"A01";"0";"7";"2";"0";"2";"19";"1";""
"202400042057";"155707659";"A01";"1";"33";"8";"0";"1";"14";"1";""
"202400042058";"155707658";"A01";"1";"1";"12";"0";"1";"1";"5";""
"202400042059";"155707660";"B01";"1";"10";"0";"2";"2";"1";"1";""
"202400042059";"155707663";"A01";"1";"3";"0";"2";"2";"15";"1";""
"202400042060";"155707654";"C01";"2";"7";"0";"2";"4";"2";"1";""
"202400042060";"155707655";"D01";"2";"7";"0";"2";"4";"2";"3";""
"202400042060";"155707656";"B01";"2";"7";"0";"2";"4";"2";"1";""
"202400042060";"155707657";"A01";"2";"10";"0";"2";"1";"2";"1";""
"202400042061";"155707651";"B01";"1";"32";"0";"2";"7";"0";"1";""
"202400042061";"155707652";"A01";"1";"33";"0";"2";"3";"13";"1";""
"202400042062";"155707653";"A01";"2";"1";"0";"1";"1";"1";"5";""
"202400042063";"155707647";"A01";"1";"33";"0";"2";"1";"3";"1";""
"202400042063";"155707648";"B01";"1";"7";"0";"2";"8";"11";"1";""
"202400042063";"155707649";"C01";"1";"7";"0";"2";"4";"1";"2";""
"202400042064";"155707650";"A01";"2";"7";"8";"0";"1";"13";"1";""
"202400042065";"155707643";"B01";"1";"7";"0";"2";"3";"11";"1";""
"202400042065";"155707645";"A01";"1";"43";"0";"2";"7";"1";"1";""
"202400042066";"155707640";"A01";"2";"33";"0";"2";"1";"2";"1";""
"202400042066";"155707642";"B01";"2";"7";"0";"2";"4";"2";"1";""
"202400042067";"155707638";"A01";"2";"33";"0";"0";"7";"2";"1";""
"202400042068";"155707644";"A01";"1";"1";"0";"2";"1";"2";"5";""
"202400042068";"155707646";"B01";"2";"1";"0";"2";"1";"1";"5";""
"202400042069";"155707637";"B01";"1";"7";"0";"2";"1";"0";"1";""
"202400042069";"155707639";"C01";"1";"7";"0";"2";"1";"0";"1";""
"202400042069";"155707641";"A01";"1";"7";"0";"2";"1";"13";"1";""
"202400042070";"155707635";"A01";"3";"2";"0";"0";"7";"1";"1";""
"202400042071";"155707634";"A01";"1";"50";"0";"9";"0";"0";"3";""
"202400042071";"155707636";"B01";"1";"50";"0";"9";"0";"0";"3";""
"202400042072";"155707632";"A01";"3";"33";"6";"0";"1";"1";"1";""
"202400042073";"155707631";"A01";"0";"7";"0";"1";"7";"2";"1";""
"202400042074";"155707630";"B01";"2";"30";"0";"2";"1";"2";"1";""
"202400042074";"155707633";"A01";"1";"7";"0";"2";"3";"10";"2";""
"202400042075";"155707623";"B01";"2";"1";"0";"2";"0";"1";"5";""
"202400042075";"155707626";"C01";"1";"7";"0";"2";"4";"1";"1";""
"202400042075";"155707629";"A01";"1";"33";"0";"2";"1";"5";"1";""
"202400042076";"155707619";"A01";"2";"2";"0";"2";"8";"18";"3";""
"202400042076";"155707620";"B01";"2";"32";"0";"2";"7";"14";"0";""
"202400042077";"155707622";"A01";"1";"10";"0";"2";"1";"15";"1";""
"202400042077";"155707625";"B01";"3";"7";"0";"2";"5";"1";"2";""
"202400042078";"155707618";"A01";"1";"7";"8";"0";"3";"26";"1";""
"202400042079";"155707615";"A01";"3";"7";"0";"2";"1";"1";"1";""
"202400042079";"155707616";"B01";"3";"1";"0";"2";"7";"19";"5";""
"202400042080";"155707614";"A01";"1";"1";"1";"0";"1";"23";"5";""
"202400042081";"155707612";"Y01";"2";"1";"0";"2";"1";"1";"5";""
"202400042081";"155707613";"Z01";"0";"7";"0";"2";"0";"0";"0";""
"202400042082";"155707610";"B01";"2";"32";"0";"2";"1";"17";"1";""
"202400042082";"155707611";"A01";"2";"36";"0";"2";"3";"11";"1";""
"202400042083";"155707608";"Z01";"3";"7";"0";"1";"1";"1";"2";""
"202400042084";"155707606";"A01";"3";"14";"15";"0";"4";"20";"1";""
"202400042085";"155707607";"A01";"3";"43";"0";"2";"3";"18";"1";""
"202400042085";"155707609";"B01";"3";"14";"0";"2";"5";"15";"1";""
"202400042086";"155707604";"A01";"1";"30";"0";"2";"1";"1";"1";""
"202400042086";"155707605";"B01";"1";"7";"0";"2";"5";"15";"1";""
"202400042087";"155707603";"A01";"1";"10";"0";"1";"3";"15";"1";""
"202400042088";"155707600";"A01";"1";"7";"0";"2";"3";"1";"2";""