"Num_Acc";"id_vehicule";"num_veh";"senc";"catv";"obs";"obsm";"choc";"manv";"motor";"occutc"
"202400042088";"155707602";"B01";"2";"1";"0";"2";"1";"1";"5";""
"202400042089";"155707596";"A01";"2";"7";"0";"1";"2";"1";"2";""
"202400042090";"155707597";"B01";"0";"7";"0";"2";"4";"2";"1";""
"202400042090";"155707599";"C01";"0";"7";"0";"2";"4";"2";"1";""
"202400042090";"155707601";"A01";"0";"7";"0";"2";"1";"2";"1";""
"202400042091";"155707598";"A01";"3";"7";"6";"0";"1";"0";"1";""
"202400042092";"155707595";"A01";"1";"1";"15";"0";"1";"2";"5";""
"202400042093";"155707593";"A01";"3";"7";"0";"1";"1";"15";"1";""
"202400042094";"155707592";"A01";"1";"7";"1";"0";"3";"13";"1";""
"202400042095";"155707590";"A01";"1";"7";"0";"1";"1";"1";"1";""
"202400042096";"155707591";"B01";"1";"7";"0";"2";"2";"2";"2";""
"202400042096";"155707594";"A01";"1";"7";"0";"2";"3";"9";"1";""
"202400042097";"155707589";"A01";"3";"7";"0";"1";"3";"26";"1";""
"202400042098";"155707588";"A01";"1";"30";"0";"1";"1";"21";"1";""
"202400042099";"155707584";"A01";"1";"7";"0";"2";"2";"12";"1";""
"202400042099";"155707586";"B01";"1";"33";"0";"2";"3";"1";"1";""
"202400042100";"155707581";"B01";"1";"2";"0";"2";"7";"0";"1";""
"202400042100";"155707583";"A01";"2";"7";"0";"2";"3";"0";"1";""
"202400042101";"155707585";"B01";"1";"32";"0";"2";"2";"3";"0";""
"202400042101";"155707587";"A01";"1";"7";"0";"2";"3";"11";"0";""
"202400042102";"155707580";"B01";"1";"7";"0";"2";"3";"1";"1";""
"202400042102";"155707582";"A01";"1";"7";"0";"2";"2";"15";"1";""
"202400042103";"155707579";"A01";"2";"7";"0";"1";"1";"1";"1";""
"202400042104";"155707577";"A01";"1";"7";"0";"1";"4";"26";"2";""
"202400042105";"155707574";"A01";"2";"30";"0";"2";"7";"17";"1";""
"202400042105";"155707575";"B01";"2";"7";"0";"2";"8";"15";"1";""
"202400042106";"155707572";"A01";"3";"7";"0";"2";"2";"14";"2";""
"202400042106";"155707573";"B01";"3";"7";"0";"2";"6";"23";"1";""
"202400042107";"155707576";"A01";"1";"7";"0";"2";"4";"2";"1";""
"202400042107";"155707578";"B01";"1";"7";"0";"2";"1";"0";"0";""
"202400042108";"155707569";"B01";"1";"33";"0";"2";"1";"2";"1";""
"202400042108";"155707571";"A01";"1";"7";"0";"2";"8";"15";"1";""
"202400042109";"155707568";"B01";"2";"1";"0";"2";"1";"0";"5";""
"202400042109";"155707570";"A01";"2";"7";"0";"9";"1";"1";"1";""
"202400042110";"155707567";"A01";"1";"33";"0";"1";"1";"0";"1";""
"202400042111";"155707565";"B01";"1";"7";"0";"2";"2";"2";"1";""
"202400042111";"155707566";"A01";"1";"2";"0";"0";"5";"23";"1";""
"202400042112";"155707563";"A01";"1";"7";"0";"1";"8";"1";"0";""
"202400042113";"155707562";"A01";"2";"7";"0";"2";"2";"15";"1";""
"202400042113";"155707564";"B01";"1";"1";"0";"2";"1";"1";"5";""
"202400042114";"155707559";"A01";"1";"7";"0";"1";"1";"2";"1";""
"202400042115";"155707561";"A01";"1";"7";"0";"1";"3";"15";"1";""
"202400042116";"155707558";"A01";"3";"7";"0";"2";"3";"15";"1";""
"202400042116";"155707560";"B01";"3";"7";"0";"2";"2";"17";"1";""
"202400042117";"155707556";"A01";"3";"7";"0";"0";"4";"10";"3";""
"202400042118";"155707554";"A01";"1";"33";"1";"0";"1";"1";"1";""
"202400042118";"155707557";"B01";"1";"7";"0";"2";"5";"23";"1";""
"202400042119";"155707553";"A01";"1";"33";"0";"2";"1";"1";"1";""
"202400042119";"155707555";"B01";"2";"7";"0";"2";"6";"20";"1";""
"202400042120";"155707551";"A01";"3";"33";"0";"2";"1";"17";"1";""
"202400042120";"155707552";"B01";"3";"7";"0";"2";"0";"15";"1";""
"202400042121";"155707549";"A01";"3";"7";"0";"1";"5";"7";"1";""
"202400042122";"155707547";"A01";"1";"31";"9";"0";"8";"1";"1";""
"202400042123";"155707548";"A01";"2";"7";"0";"2";"1";"17";"1";""
"202400042123";"155707550";"B01";"1";"7";"0";"2";"1";"1";"1";""
"202400042124";"155707546";"A01";"0";"30";"0";"0";"0";"0";"6";""
"202400042125";"155707543";"A01";"2";"7";"0";"2";"6";"15";"1";""
"202400042125";"155707545";"B01";"2";"7";"0";"2";"2";"17";"2";""
"202400042126";"155707544";"A01";"1";"10";"1";"2";"1";"1";"1";""
"202400042127";"155707541";"A01";"2";"7";"4";"0";"3";"1";"1";""
"202400042128";"155707539";"B01";"2";"50";"0";"2";"0";"1";"3";""
"202400042128";"155707542";"A01";"1";"7";"0";"9";"1";"1";"2";""
"202400042129";"155707538";"A01";"3";"7";"0";"2";"4";"4";"1";""
"202400042129";"155707540";"B01";"2";"33";"0";"2";"8";"1";"1";""
"202400042130";"155707536";"A01";"1";"32";"0";"2";"1";"0";"1";""
"202400042130";"155707537";"B01";"1";"7";"0";"2";"8";"15";"1";""
"202400042131";"155707534";"A01";"2";"14";"0";"2";"1";"1";"1";""
"202400042131";"155707535";"B01";"2";"7";"0";"2";"4";"1";"2";""
"202400042132";"155707531";"B01";"1";"31";"0";"2";"1";"1";"1";""
"202400042132";"155707532";"A01";"2";"7";"0";"2";"2";"19";"1";""
"202400042133";"155707527";"B01";"2";"34";"0";"2";"1";"23";"1";""
"202400042133";"155707529";"A01";"1";"7";"0";"2";"1";"13";"1";""
"202400042134";"155707528";"A01";"3";"7";"0";"2";"4";"26";"1";""
"202400042134";"155707530";"C01";"3";"7";"0";"2";"1";"2";"1";""
"202400042134";"155707533";"B01";"3";"7";"0";"2";"4";"0";"1";""
"202400042135";"155707524";"A01";"2";"7";"0";"2";"2";"12";"1";""
"202400042135";"155707526";"B01";"2";"32";"0";"2";"8";"3";"1";""
"202400042136";"155707525";"A01";"3";"7";"0";"1";"1";"15";"1";""
"202400042137";"155707523";"A01";"1";"7";"13";"0";"2";"14";"1";""
"202400042138";"155707520";"A01";"2";"10";"0";"2";"1";"2";"1";""
"202400042138";"155707522";"B01";"2";"7";"0";"2";"4";"2";"1";""
"202400042139";"155707518";"A01";"3";"50";"1";"0";"0";"0";"3";""
"202400042139";"155707521";"B01";"1";"7";"0";"2";"8";"0";"2";""
"202400042140";"155707517";"B01";"1";"10";"0";"2";"8";"1";"1";""
"202400042140";"155707519";"A01";"2";"7";"0";"2";"8";"13";"1";""
"202400042141";"155707515";"A01";"1";"14";"0";"2";"2";"15";"1";""
"202400042141";"155707516";"B01";"2";"33";"0";"2";"1";"1";"1";""
"202400042142";"155707509";"A01";"2";"33";"0";"2";"1";"2";"1";""
"202400042142";"155707511";"B01";"2";"7";"0";"0";"5";"2";"1";""
"202400042143";"155707508";"A01";"1";"2";"0";"2";"8";"1";"1";""
"202400042143";"155707510";"B01";"2";"7";"0";"2";"3";"15";"1";""
"202400042144";"155707507";"A01";"1";"7";"0";"2";"8";"26";"1";""
"202400042144";"155707513";"B01";"3";"1";"0";"2";"1";"26";"5";""
"202400042145";"155707506";"A01";"2";"7";"0";"2";"1";"26";"3";""
"202400042145";"155707512";"B01";"2";"7";"0";"2";"4";"2";"2";""
"202400042145";"155707514";"C01";"2";"7";"0";"2";"4";"2";"2";""
"202400042146";"155707504";"A01";"1";"7";"0";"1";"8";"1";"1";""
"202400042147";"155707502";"A01";"1";"7";"0";"2";"3";"1";"1";""
"202400042147";"155707505";"B01";"2";"33";"0";"2";"1";"5";"1";""
"202400042148";"155707499";"A01";"2";"7";"0";"1";"3";"1";"1";""
"202400042149";"155707501";"A01";"0";"7";"0";"1";"1";"1";"1";""
"202400042150";"155707498";"A01";"1";"7";"0";"2";"1";"11";"2";""
"202400042150";"155707500";"C01";"1";"10";"0";"2";"8";"1";"1";""
"202400042150";"155707503";"B01";"1";"7";"0";"2";"1";"1";"2";""
"202400042151";"155707497";"A01";"3";"7";"0";"1";"2";"1";"1";""
"202400042152";"155707496";"A01";"1";"7";"0";"1";"3";"1";"1";""
"202400042153";"155707493";"A01";"3";"20";"0";"1";"5";"1";"1";""
"202400042154";"155707492";"A01";"3";"7";"0";"2";"3";"15";"2";""
"202400042154";"155707495";"B01";"1";"32";"0";"2";"1";"1";"0";""
"202400042155";"155707491";"A01";"3";"7";"0";"2";"1";"15";"2";""
"202400042155";"155707494";"B01";"3";"34";"0";"2";"1";"1";"1";""
"202400042156";"155707489";"A01";"0";"1";"12";"0";"0";"1";"5";""
"202400042157";"155707486";"A01";"1";"1";"0";"2";"3";"19";"5";""
"202400042157";"155707490";"B01";"2";"7";"0";"2";"2";"1";"1";""
"202400042158";"155707482";"A01";"3";"10";"0";"2";"8";"10";"1";""
"202400042158";"155707483";"B01";"3";"33";"0";"2";"1";"1";"1";""
"202400042159";"155707484";"B01";"1";"37";"0";"2";"3";"13";"1";"1"
"202400042159";"155707487";"A01";"1";"10";"4";"2";"2";"13";"1";""
"202400042160";"155707480";"B01";"2";"7";"0";"2";"1";"1";"2";""
"202400042160";"155707481";"A01";"1";"7";"12";"2";"4";"5";"1";""
"202400042161";"155707485";"A01";"2";"7";"6";"0";"0";"1";"1";""
"202400042161";"155707488";"B01";"2";"7";"0";"2";"0";"0";"1";""
"202400042162";"155707479";"A01";"2";"1";"0";"1";"4";"2";"5";""
"202400042163";"155707475";"A01";"2";"7";"3";"0";"0";"0";"1";""
"202400042164";"155707473";"A01";"2";"50";"0";"2";"4";"1";"3";""
"202400042164";"155707477";"Z01";"0";"7";"0";"2";"1";"1";"0";""
"202400042165";"155707474";"A01";"1";"7";"0";"2";"1";"13";"1";""
"202400042165";"155707476";"B01";"2";"7";"0";"2";"1";"1";"1";""
"202400042166";"155707472";"A01";"1";"33";"8";"0";"0";"1";"1";""
"202400042167";"155707470";"A01";"1";"7";"8";"0";"8";"14";"1";""
"202400042168";"155707467";"A01";"3";"2";"5";"0";"8";"13";"1";""
"202400042169";"155707468";"A01";"1";"32";"0";"1";"1";"19";"1";""
"202400042170";"155707469";"B01";"1";"7";"0";"2";"1";"2";"1";""
"202400042170";"155707471";"A01";"1";"7";"3";"2";"2";"1";"1";""
"202400042171";"155707465";"A01";"1";"7";"0";"1";"1";"1";"1";""
"202400042172";"155707462";"B01";"1";"7";"0";"2";"3";"13";"1";""
"202400042172";"155707464";"A01";"1";"32";"0";"2";"1";"1";"1";""
"202400042173";"155707461";"A01";"1";"7";"2";"0";"1";"1";"1";""
"202400042174";"155707459";"A01";"3";"7";"0";"0";"9";"0";"1";""
"202400042175";"155707458";"A01";"2";"7";"0";"2";"1";"13";"1";""
"202400042175";"155707460";"B01";"1";"33";"0";"2";"1";"1";"1";""
"202400042175";"155707463";"C01";"1";"34";"0";"2";"1";"1";"1";""
"202400042175";"155707466";"D01";"1";"33";"0";"2";"1";"1";"1";""
"202400042176";"155707455";"A01";"1";"7";"0";"2";"1";"1";"1";""
"202400042176";"155707457";"B01";"1";"32";"0";"2";"8";"1";"1";""
"202400042177";"155707452";"A01";"2";"33";"0";"2";"1";"26";"1";""
"202400042177";"155707454";"C01";"1";"10";"0";"2";"4";"2";"1";""
"202400042177";"155707456";"B01";"2";"7";"0";"2";"4";"2";"2";""
"202400042178";"155707450";"A01";"3";"7";"0";"2";"1";"13";"1";""
"202400042178";"155707453";"B01";"3";"99";"0";"2";"1";"1";"1";""
"202400042179";"155707448";"B01";"3";"37";"0";"2";"1";"2";"1";"3"
"202400042179";"155707451";"A01";"3";"7";"0";"2";"8";"2";"1";""
"202400042180";"155707444";"A01";"2";"7";"0";"2";"1";"1";"1";""
"202400042180";"155707446";"B01";"1";"2";"0";"2";"1";"13";"1";""
"202400042181";"155707445";"A01";"1";"7";"0";"2";"1";"1";"1";""
"202400042181";"155707449";"B01";"1";"7";"0";"2";"5";"1";"1";""
"202400042182";"155707443";"A01";"1";"7";"0";"2";"1";"1";"1";""
"202400042182";"155707447";"B01";"1";"15";"0";"2";"4";"1";"0";""
"202400042183";"155707439";"A01";"2";"32";"0";"2";"1";"1";"1";""
"202400042183";"155707441";"B01";"2";"32";"0";"2";"4";"23";"1";""
"202400042183";"155707442";"C01";"2";"7";"0";"2";"6";"23";"1";""
"202400042184";"155707437";"A01";"2";"2";"0";"2";"1";"13";"1";""
"202400042184";"155707440";"B01";"1";"7";"0";"2";"3";"1";"1";""
"202400042185";"155707435";"A01";"1";"21";"0";"0";"0";"26";"1";""
"202400042185";"155707438";"B01";"1";"21";"13";"0";"0";"26";"1";""
"202400042186";"155707434";"A01";"1";"10";"0";"2";"8";"3";"1";""
"202400042186";"155707436";"B01";"1";"33";"0";"2";"7";"17";"1";""
"202400042187";"155707432";"A01";"1";"7";"13";"0";"8";"1";"1";""
"202400042188";"155707431";"B01";"1";"10";"0";"0";"0";"1";"1";""
"202400042188";"155707433";"A01";"1";"50";"0";"2";"0";"19";"3";""
"202400042189";"155707428";"B01";"1";"7";"0";"2";"6";"0";"1";""
"202400042189";"155707430";"A01";"1";"7";"0";"2";"2";"1";"1";""
"202400042190";"155707429";"A01";"0";"7";"1";"0";"1";"1";"1";""
"202400042191";"155707427";"A01";"3";"1";"0";"0";"0";"1";"5";""
"202400042192";"155707425";"A01";"1";"7";"0";"2";"8";"20";"1";""
"202400042192";"155707426";"B01";"1";"1";"0";"2";"1";"1";"5";""
"202400042193";"155707424";"A01";"1";"7";"4";"0";"1";"0";"1";""
"202400042194";"155707422";"A01";"3";"7";"13";"0";"2";"0";"1";""
"202400042195";"155707418";"A01";"2";"7";"0";"0";"0";"0";"1";""
"202400042195";"155707420";"B01";"2";"33";"0";"0";"0";"0";"1";""
"202400042196";"155707417";"D01";"1";"7";"0";"2";"6";"1";"1";""
"202400042196";"155707419";"C01";"1";"7";"0";"2";"3";"17";"1";""
"202400042196";"155707421";"A01";"2";"7";"0";"2";"3";"1";"1";""
"202400042196";"155707423";"B01";"2";"7";"0";"2";"1";"2";"1";""
"202400042197";"155707415";"B01";"1";"7";"0";"2";"6";"0";"1";""
"202400042197";"155707416";"A01";"1";"7";"0";"2";"1";"0";"1";""
"202400042198";"155707414";"A01";"1";"7";"1";"1";"2";"2";"2";""
"202400042199";"155707413";"A01";"0";"7";"1";"0";"1";"20";"2";""
"202400042200";"155707410";"A01";"1";"7";"13";"0";"1";"14";"1";""
"202400042201";"155707408";"A01";"3";"32";"0";"2";"3";"18";"1";""
"202400042201";"155707411";"B01";"3";"7";"0";"2";"2";"1";"1";""
"202400042202";"155707409";"A01";"2";"7";"0";"2";"3";"13";"1";""
"202400042202";"155707412";"B01";"2";"7";"0";"2";"7";"1";"2";""
"202400042203";"155707407";"A01";"1";"7";"2";"0";"1";"1";"1";""
"202400042204";"155707405";"A01";"1";"1";"0";"2";"1";"1";"5";""
"202400042204";"155707406";"B01";"1";"7";"0";"9";"5";"15";"1";""
"202400042205";"155707404";"A01";"2";"30";"0";"1";"1";"1";"1";""
"202400042206";"155707403";"A01";"1";"7";"4";"0";"3";"17";"1";""
"202400042207";"155707400";"A01";"1";"7";"0";"0";"9";"13";"1";""
"202400042208";"155707399";"A01";"0";"33";"0";"2";"7";"2";"1";""
"202400042208";"155707402";"B01";"0";"7";"0";"2";"8";"0";"1";""
"202400042209";"155707398";"A01";"1";"33";"0";"2";"7";"1";"0";""
"202400042209";"155707401";"B01";"1";"33";"0";"0";"8";"26";"1";""
"202400042210";"155707395";"A01";"1";"1";"0";"0";"0";"1";"5";""
"202400042211";"155707397";"A01";"2";"7";"13";"0";"1";"16";"1";""
"202400042212";"155707394";"B01";"2";"7";"0";"2";"8";"1";"1";""
"202400042212";"155707396";"A01";"2";"7";"0";"2";"5";"26";"1";""
"202400042213";"155707393";"A01";"1";"7";"2";"0";"2";"14";"1";""
"202400042214";"155707392";"A01";"1";"10";"6";"0";"2";"1";"1";""
"202400042215";"155707391";"A01";"1";"7";"0";"0";"0";"1";"1";""
"202400042216";"155707390";"A01";"2";"33";"0";"0";"1";"1";"1";""
"202400042217";"155707388";"A01";"1";"7";"9";"0";"1";"13";"1";""
"202400042218";"155707387";"A01";"3";"31";"0";"2";"3";"0";"1";""
"202400042218";"155707389";"B01";"3";"10";"0";"2";"8";"0";"1";""
"202400042219";"155707385";"B01";"1";"7";"0";"2";"2";"0";"1";""
"202400042219";"155707386";"A01";"1";"7";"0";"2";"6";"21";"2";""
"202400042220";"155707382";"A01";"2";"7";"0";"2";"3";"13";"1";""
"202400042220";"155707384";"B01";"1";"7";"5";"2";"3";"1";"1";""
"202400042221";"155707383";"A01";"1";"10";"2";"0";"1";"1";"1";""
"202400042222";"155707380";"B01";"1";"7";"0";"2";"3";"1";"1";""
"202400042222";"155707381";"A01";"2";"7";"0";"2";"3";"13";"1";""
"202400042223";"155707379";"A01";"2";"7";"4";"0";"3";"1";"1";""
"202400042224";"155707378";"A01";"2";"10";"2";"6";"1";"1";"1";""
"202400042225";"155707377";"A01";"2";"32";"12";"0";"1";"1";"1";""
"202400042226";"155707376";"A01";"2";"7";"4";"0";"3";"1";"1";""
"202400042227";"155707372";"A01";"1";"7";"0";"2";"3";"13";"1";""
"202400042227";"155707373";"B01";"2";"7";"0";"2";"2";"0";"1";""
"202400042227";"155707374";"C01";"2";"7";"9";"0";"2";"21";"1";""
"202400042228";"155707371";"A01";"2";"15";"0";"2";"2";"15";"1";""
"202400042228";"155707375";"B01";"1";"2";"0";"2";"0";"1";"1";""
"202400042229";"155707370";"A01";"1";"7";"13";"0";"2";"1";"1";""
"202400042230";"155707367";"A01";"2";"50";"0";"2";"3";"15";"3";""
"202400042230";"155707369";"B01";"2";"7";"0";"2";"2";"17";"1";""
"202400042231";"155707365";"B01";"2";"7";"0";"2";"5";"0";"1";""
"202400042231";"155707366";"A01";"2";"7";"0";"2";"3";"13";"1";""
"202400042232";"155707368";"A01";"1";"7";"5";"0";"1";"1";"1";""
"202400042233";"155707362";"B01";"2";"7";"0";"0";"4";"2";"1";""
"202400042233";"155707364";"A01";"2";"33";"0";"2";"1";"2";"1";""
"202400042234";"155707360";"A01";"2";"33";"0";"2";"1";"3";"1";""
"202400042234";"155707363";"B01";"2";"7";"0";"2";"6";"1";"1";""
"202400042235";"155707359";"B01";"1";"7";"0";"2";"2";"1";"1";""
"202400042235";"155707361";"A01";"1";"2";"0";"2";"6";"1";"1";""
"202400042236";"155707358";"A01";"1";"7";"13";"0";"3";"13";"1";""
"202400042237";"155707357";"A01";"2";"10";"0";"9";"9";"14";"1";""
"202400042238";"155707354";"A01";"1";"7";"2";"0";"3";"1";"1";""
"202400042239";"155707353";"A01";"2";"33";"0";"2";"1";"2";"1";""
"202400042239";"155707356";"B01";"2";"7";"0";"2";"4";"2";"1";""
"202400042240";"155707355";"A01";"1";"7";"13";"0";"1";"1";"1";""
"202400042241";"155707350";"B01";"1";"7";"0";"2";"8";"5";"1";""
"202400042241";"155707352";"A01";"2";"33";"0";"2";"1";"1";"1";""
"202400042242";"155707347";"C01";"1";"7";"0";"2";"4";"2";"1";""
"202400042242";"155707349";"A01";"1";"7";"0";"2";"1";"2";"1";""
"202400042242";"155707351";"B01";"1";"7";"0";"2";"4";"2";"2";""
"202400042243";"155707346";"A01";"1";"7";"13";"0";"7";"14";"1";""
"202400042244";"155707344";"A01";"1";"7";"0";"2";"3";"15";"1";""
"202400042244";"155707348";"B01";"2";"33";"0";"2";"7";"1";"1";""
"202400042245";"155707343";"A01";"2";"33";"0";"2";"3";"3";"1";""
"202400042245";"155707345";"B01";"2";"7";"0";"2";"2";"12";"1";""
"202400042246";"155707342";"A01";"2";"33";"7";"0";"8";"1";"1";""
"202400042247";"155707340";"B01";"1";"7";"0";"2";"4";"2";"1";""
"202400042247";"155707341";"A01";"1";"10";"0";"2";"1";"2";"1";""
"202400042248";"155707335";"A01";"2";"7";"0";"2";"6";"23";"1";""
"202400042248";"155707337";"B01";"2";"7";"0";"2";"2";"12";"1";""
"202400042249";"155707338";"A01";"1";"10";"13";"0";"3";"13";"1";""
"202400042250";"155707336";"B01";"2";"33";"0";"2";"2";"9";"1";""
"202400042250";"155707339";"A01";"1";"7";"0";"2";"6";"9";"1";""
"202400042251";"155707330";"A01";"1";"7";"0";"2";"1";"1";"1";""
"202400042251";"155707334";"B01";"2";"10";"0";"2";"3";"1";"1";""
"202400042252";"155707331";"A01";"2";"3";"0";"2";"1";"13";"1";""
"202400042252";"155707332";"B01";"1";"7";"0";"2";"1";"1";"1";""
"202400042253";"155707326";"A01";"2";"1";"0";"2";"1";"15";"5";""
"202400042253";"155707328";"B01";"2";"7";"0";"2";"2";"17";"1";""
"202400042254";"155707324";"A01";"1";"7";"0";"2";"4";"2";"0";""
"202400042254";"155707327";"B01";"1";"7";"0";"2";"1";"2";"1";""
"202400042254";"155707329";"C01";"1";"7";"0";"2";"1";"2";"1";""
"202400042255";"155707321";"A01";"1";"7";"4";"0";"1";"14";"1";""
"202400042256";"155707323";"A01";"1";"7";"0";"2";"3";"13";"1";""
"202400042256";"155707325";"B01";"2";"7";"0";"0";"3";"1";"1";""
"202400042257";"155707320";"B01";"2";"7";"3";"2";"0";"0";"1";""
"202400042257";"155707322";"A01";"2";"7";"3";"2";"0";"11";"1";""
"202400042258";"155707319";"A01";"1";"7";"0";"1";"1";"9";"2";""
"202400042259";"155707318";"A01";"2";"7";"4";"0";"3";"1";"1";""
"202400042260";"155707314";"A01";"1";"1";"0";"0";"0";"1";"5";""
"202400042261";"155707313";"A01";"2";"7";"0";"2";"3";"2";"1";""
"202400042261";"155707315";"B01";"2";"7";"0";"0";"5";"2";"1";""
"202400042262";"155707316";"C01";"2";"10";"0";"2";"3";"19";"1";""
"202400042262";"155707317";"B01";"1";"33";"0";"2";"1";"1";"1";""
"202400042263";"155707311";"B01";"1";"1";"0";"2";"1";"5";"5";""
"202400042263";"155707312";"A01";"2";"7";"0";"2";"2";"16";"1";""
"202400042264";"155707310";"A01";"1";"31";"13";"0";"1";"1";"1";""
"202400042265";"155707309";"A01";"1";"7";"4";"0";"2";"1";"1";""
"202400042266";"155707306";"A01";"3";"7";"0";"2";"2";"1";"1";""
"202400042266";"155707308";"B01";"3";"7";"0";"2";"3";"9";"1";""
"202400042267";"155707305";"B01";"2";"33";"0";"2";"1";"1";"1";""
"202400042267";"155707307";"A01";"1";"7";"0";"2";"3";"1";"1";""
"202400042268";"155707304";"A01";"2";"10";"2";"0";"1";"14";"1";""
"202400042269";"155707302";"A01";"1";"7";"5";"0";"1";"0";"6";""
"202400042270";"155707300";"A01";"1";"2";"0";"2";"1";"5";"1";""
"202400042270";"155707303";"B01";"2";"7";"0";"2";"1";"1";"3";""
"202400042271";"155707299";"B01";"0";"2";"0";"2";"1";"1";"0";""
"202400042271";"155707301";"A01";"0";"7";"0";"2";"3";"15";"1";""
"202400042272";"155707298";"A01";"2";"33";"2";"0";"0";"1";"1";""
"202400042273";"155707295";"A01";"1";"7";"0";"2";"3";"15";"1";""
"202400042273";"155707297";"B01";"2";"33";"15";"0";"8";"0";"1";""
"202400042274";"155707294";"A01";"1";"7";"0";"2";"3";"13";"1";""
"202400042274";"155707296";"B01";"2";"7";"15";"2";"3";"1";"1";""
"202400042275";"155707292";"A01";"1";"7";"0";"2";"8";"13";"1";""
"202400042275";"155707293";"B01";"2";"7";"0";"2";"1";"1";"1";""
"202400042276";"155707289";"A01";"1";"7";"0";"2";"1";"13";"1";""
"202400042276";"155707291";"B01";"2";"13";"0";"2";"1";"1";"1";""
"202400042277";"155707288";"B01";"2";"1";"0";"2";"1";"1";"5";""
"202400042277";"155707290";"A01";"1";"7";"13";"9";"3";"13";"1";""
"202400042278";"155707285";"A01";"1";"33";"9";"0";"1";"1";"1";""
"202400042279";"155707282";"A01";"2";"7";"6";"2";"4";"1";"1";""
"202400042279";"155707287";"B01";"2";"7";"0";"2";"1";"1";"1";""
"202400042280";"155707284";"A01";"2";"7";"3";"2";"2";"13";"1";""
"202400042280";"155707286";"B01";"1";"7";"0";"2";"1";"1";"1";""
"202400042281";"155707281";"B01";"2";"31";"0";"2";"0";"1";"1";""
"202400042281";"155707283";"A01";"2";"7";"0";"2";"8";"10";"1";""
"202400042282";"155707280";"A01";"1";"7";"2";"0";"1";"1";"1";""
"202400042283";"155707276";"B01";"1";"7";"1";"9";"6";"9";"6";""
"202400042283";"155707279";"A01";"3";"32";"0";"9";"1";"26";"6";""
"202400042284";"155707275";"A01";"1";"10";"13";"2";"3";"13";"1";""
"202400042284";"155707277";"B01";"1";"1";"0";"0";"0";"1";"5";""
"202400042285";"155707274";"A01";"1";"33";"4";"0";"0";"1";"1";""
"202400042286";"155707273";"A01";"1";"7";"0";"2";"5";"15";"1";""
"202400042286";"155707278";"B01";"1";"7";"0";"2";"3";"1";"1";""
"202400042287";"155707271";"A01";"3";"7";"0";"2";"8";"15";"1";""
"202400042287";"155707272";"B01";"3";"33";"0";"2";"1";"17";"1";""
"202400042288";"155707269";"A01";"3";"50";"0";"2";"0";"19";"3";""
"202400042289";"155707268";"A01";"1";"7";"0";"2";"1";"9";"1";""
"202400042289";"155707270";"B01";"2";"7";"0";"2";"7";"1";"1";""
"202400042290";"155707264";"A01";"1";"7";"0";"2";"3";"13";"1";""
"202400042290";"155707266";"B01";"2";"7";"0";"2";"3";"2";"3";""
"202400042291";"155707263";"A01";"1";"7";"0";"9";"1";"9";"1";""
"202400042291";"155707265";"B01";"1";"99";"0";"2";"7";"1";"3";""
"202400042292";"155707262";"A01";"2";"33";"13";"0";"7";"14";"1";""
"202400042293";"155707258";"A01";"1";"7";"13";"2";"7";"0";"1";""
"202400042293";"155707267";"B01";"1";"7";"0";"2";"8";"1";"1";""
"202400042294";"155707257";"A01";"2";"10";"0";"2";"3";"1";"1";""
"202400042294";"155707261";"B01";"1";"50";"0";"2";"1";"1";"3";""
"202400042295";"155707256";"B01";"1";"2";"0";"2";"1";"1";"0";""
"202400042295";"155707260";"A01";"1";"10";"0";"2";"8";"15";"1";""
"202400042296";"155707255";"A01";"1";"7";"0";"2";"2";"1";"1";""
"202400042296";"155707259";"B01";"1";"1";"0";"2";"3";"0";"5";""
"202400042297";"155707254";"A01";"2";"33";"0";"0";"7";"2";"1";""
"202400042298";"155707251";"A01";"2";"10";"0";"1";"1";"15";"1";""
"202400042299";"155707250";"B01";"0";"1";"12";"2";"1";"25";"5";""
"202400042299";"155707252";"A01";"0";"7";"0";"2";"2";"1";"1";""
"202400042300";"155707249";"A01";"1";"7";"2";"0";"7";"2";"1";""
"202400042301";"155707253";"A01";"1";"33";"0";"0";"0";"2";"1";""
"202400042302";"155707248";"A01";"1";"7";"4";"0";"9";"0";"1";""
"202400042303";"155707247";"A01";"2";"36";"15";"0";"1";"0";"1";""
"202400042304";"155707246";"A01";"1";"7";"0";"0";"9";"1";"1";""
"202400042305";"155707243";"C01";"1";"1";"0";"2";"3";"1";"5";""
"202400042305";"155707245";"A01";"1";"7";"0";"2";"2";"15";"1";""
"202400042306";"155707241";"A01";"1";"7";"13";"0";"0";"14";"1";""
"202400042307";"155707239";"A01";"0";"7";"9";"0";"3";"2";"1";""
"202400042308";"155707240";"A01";"1";"7";"0";"2";"1";"1";"1";""
"202400042308";"155707242";"B01";"1";"7";"0";"2";"4";"23";"1";""
"202400042309";"155707238";"B01";"2";"7";"0";"2";"3";"9";"1";""
"202400042309";"155707244";"A01";"2";"7";"0";"2";"1";"2";"2";""
"202400042310";"155707237";"A01";"2";"33";"10";"0";"2";"2";"1";""
"202400042311";"155707235";"A01";"1";"7";"0";"1";"1";"1";"1";""
"202400042312";"155707233";"A01";"2";"7";"0";"9";"2";"19";"1";""
"202400042312";"155707236";"B01";"1";"2";"0";"2";"1";"1";"1";""