"Num_Acc";"id_vehicule";"num_veh";"senc";"catv";"obs";"obsm";"choc";"manv";"motor";"occutc"
"202400042313";"155707231";"A01";"2";"7";"0";"2";"4";"1";"1";""
"202400042313";"155707234";"B01";"2";"7";"0";"2";"1";"1";"1";""
"202400042314";"155707228";"A01";"2";"7";"13";"0";"7";"15";"1";""
"202400042315";"155707229";"A01";"2";"7";"3";"2";"3";"13";"1";""
"202400042315";"155707232";"B01";"1";"7";"0";"2";"3";"1";"1";""
"202400042316";"155707227";"A01";"2";"1";"0";"2";"5";"14";"5";""
"202400042316";"155707230";"B01";"2";"7";"0";"2";"5";"9";"1";""
"202400042317";"155707224";"A01";"3";"7";"2";"0";"1";"0";"1";""
"202400042318";"155707223";"A01";"2";"7";"0";"2";"0";"0";"0";""
"202400042318";"155707226";"B01";"2";"33";"16";"2";"0";"0";"1";""
"202400042319";"155707221";"B01";"1";"10";"0";"2";"3";"1";"1";""
"202400042319";"155707225";"A01";"1";"10";"0";"2";"5";"0";"1";""
"202400042320";"155707222";"A01";"2";"7";"2";"0";"2";"1";"1";""
"202400042321";"155707217";"A01";"2";"7";"9";"0";"1";"0";"1";""
"202400042322";"155707215";"A01";"2";"7";"0";"2";"1";"5";"1";""
"202400042322";"155707219";"B01";"1";"7";"0";"2";"1";"2";"1";""
"202400042323";"155707214";"C01";"2";"10";"0";"2";"1";"21";"1";""
"202400042323";"155707218";"A01";"1";"3";"0";"2";"1";"13";"1";""
"202400042323";"155707220";"B01";"2";"10";"0";"2";"2";"21";"1";""
"202400042324";"155707212";"A01";"3";"7";"0";"2";"1";"13";"1";""
"202400042324";"155707213";"B01";"3";"7";"0";"2";"6";"26";"1";""
"202400042324";"155707216";"C01";"3";"7";"0";"2";"1";"1";"1";""
"202400042325";"155707211";"A01";"3";"7";"0";"0";"9";"1";"0";""
"202400042326";"155707208";"A01";"1";"7";"0";"2";"4";"2";"1";""
"202400042326";"155707210";"B01";"1";"7";"0";"2";"4";"23";"1";""
"202400042327";"155707207";"A01";"2";"7";"15";"0";"1";"14";"1";""
"202400042328";"155707205";"A01";"3";"7";"0";"1";"3";"1";"1";""
"202400042329";"155707209";"A01";"2";"33";"0";"0";"0";"1";"1";""
"202400042330";"155707204";"A01";"0";"7";"0";"0";"9";"0";"1";""
"202400042331";"155707200";"A01";"2";"10";"7";"0";"1";"13";"1";""
"202400042332";"155707201";"A01";"2";"17";"0";"0";"4";"23";"1";""
"202400042332";"155707203";"B01";"2";"10";"1";"0";"1";"1";"1";""
"202400042333";"155707199";"B01";"3";"50";"0";"2";"1";"1";"3";""
"202400042333";"155707202";"A01";"3";"10";"0";"2";"3";"15";"1";""
"202400042334";"155707198";"A01";"1";"7";"0";"1";"3";"2";"0";""
"202400042335";"155707195";"A01";"2";"7";"0";"2";"2";"13";"1";""
"202400042335";"155707197";"B01";"1";"33";"0";"2";"1";"1";"1";""
"202400042336";"155707193";"B01";"1";"7";"0";"2";"2";"1";"1";""
"202400042336";"155707196";"A01";"2";"7";"0";"2";"3";"13";"1";""
"202400042337";"155707190";"A01";"0";"7";"0";"2";"1";"0";"1";""
"202400042337";"155707192";"B01";"0";"7";"0";"2";"4";"0";"1";""
"202400042337";"155707194";"C01";"0";"34";"0";"2";"4";"0";"1";""
"202400042338";"155707189";"B01";"2";"7";"0";"2";"1";"13";"1";""
"202400042338";"155707191";"A01";"1";"7";"0";"2";"1";"21";"1";""
"202400042339";"155707187";"B01";"1";"33";"0";"2";"7";"3";"1";""
"202400042339";"155707188";"A01";"1";"7";"0";"2";"3";"3";"1";""
"202400042340";"155707186";"A01";"1";"7";"14";"0";"3";"13";"2";""
"202400042341";"155707184";"A01";"1";"7";"1";"0";"1";"14";"1";""
"202400042342";"155707183";"A01";"2";"7";"0";"2";"0";"0";"1";""
"202400042342";"155707185";"B01";"1";"50";"0";"2";"7";"19";"3";""
"202400042343";"155707182";"A01";"3";"7";"0";"1";"3";"20";"1";""
"202400042344";"155707181";"A01";"3";"36";"0";"0";"2";"1";"1";""
"202400042345";"155707178";"A01";"1";"7";"2";"0";"2";"14";"1";""
"202400042346";"155707174";"C01";"1";"7";"0";"2";"3";"23";"1";""
"202400042346";"155707175";"D01";"1";"7";"0";"2";"1";"23";"1";""
"202400042346";"155707176";"A01";"2";"7";"0";"2";"1";"1";"1";""
"202400042346";"155707177";"B01";"1";"7";"7";"2";"8";"1";"1";""
"202400042347";"155707179";"A01";"1";"7";"12";"2";"3";"9";"1";""
"202400042347";"155707180";"B01";"2";"33";"12";"2";"7";"16";"1";""
"202400042348";"155707173";"A01";"1";"7";"2";"0";"9";"14";"1";""
"202400042349";"155707170";"A01";"1";"10";"0";"2";"3";"15";"1";""
"202400042349";"155707172";"B01";"1";"33";"0";"2";"7";"17";"1";""
"202400042350";"155707167";"B01";"2";"1";"1";"0";"1";"1";"5";""
"202400042350";"155707168";"A01";"2";"7";"0";"0";"4";"23";"1";""
"202400042351";"155707166";"A01";"3";"2";"1";"0";"1";"14";"1";""
"202400042352";"155707164";"A01";"2";"7";"0";"2";"3";"1";"1";""
"202400042352";"155707169";"B01";"1";"10";"0";"2";"8";"3";"1";""
"202400042353";"155707162";"A01";"1";"7";"8";"0";"1";"14";"1";""
"202400042354";"155707160";"A01";"3";"7";"8";"0";"9";"1";"1";""
"202400042355";"155707159";"B01";"2";"7";"0";"2";"3";"1";"1";""
"202400042355";"155707161";"A01";"1";"7";"0";"2";"3";"13";"3";""
"202400042356";"155707154";"A01";"3";"7";"12";"0";"3";"1";"1";""
"202400042357";"155707157";"A01";"3";"7";"0";"2";"7";"15";"1";""
"202400042357";"155707158";"B01";"3";"33";"0";"2";"1";"1";"1";""
"202400042358";"155707153";"A01";"1";"33";"0";"2";"1";"3";"1";""
"202400042358";"155707156";"B01";"1";"7";"0";"2";"5";"1";"2";""
"202400042359";"155707151";"A01";"1";"7";"3";"0";"2";"16";"1";""
"202400042360";"155707149";"A01";"1";"7";"0";"2";"3";"9";"1";""
"202400042360";"155707152";"B01";"1";"7";"0";"2";"7";"1";"1";""
"202400042361";"155707147";"B01";"0";"7";"0";"0";"0";"13";"0";""
"202400042361";"155707148";"A01";"0";"7";"0";"2";"8";"1";"1";""
"202400042362";"155707145";"A01";"0";"7";"0";"1";"7";"16";"1";""
"202400042363";"155707144";"A01";"1";"7";"0";"2";"2";"1";"1";""
"202400042363";"155707146";"B01";"3";"2";"0";"2";"3";"1";"3";""
"202400042364";"155707139";"Z01";"1";"7";"0";"2";"1";"26";"1";""
"202400042364";"155707141";"B01";"1";"7";"0";"2";"4";"2";"1";""
"202400042364";"155707150";"C01";"1";"7";"0";"2";"4";"2";"3";""
"202400042365";"155707137";"A01";"1";"7";"0";"2";"1";"2";"1";""
"202400042365";"155707142";"B01";"1";"7";"0";"2";"4";"2";"3";""
"202400042365";"155707143";"C01";"1";"7";"0";"2";"4";"2";"2";""
"202400042366";"155707136";"B01";"1";"50";"0";"2";"1";"1";"3";""
"202400042366";"155707140";"Z01";"1";"7";"0";"2";"3";"0";"0";""
"202400042367";"155707135";"B01";"1";"10";"0";"2";"1";"1";"1";""
"202400042367";"155707138";"A01";"2";"7";"0";"2";"1";"13";"1";""
"202400042368";"155707131";"A01";"1";"7";"0";"2";"3";"15";"1";""
"202400042368";"155707134";"B01";"2";"1";"0";"2";"8";"1";"5";""
"202400042369";"155707132";"A01";"2";"10";"8";"0";"1";"13";"1";""
"202400042370";"155707130";"A01";"3";"7";"0";"2";"1";"1";"1";""
"202400042370";"155707133";"B01";"3";"7";"0";"2";"6";"1";"1";""
"202400042371";"155707129";"A01";"1";"7";"0";"1";"1";"16";"1";""
"202400042372";"155707126";"B01";"1";"1";"2";"0";"0";"0";"5";""
"202400042372";"155707128";"A01";"1";"3";"2";"0";"0";"0";"1";""
"202400042373";"155707125";"A01";"2";"7";"0";"2";"2";"1";"1";""
"202400042374";"155707124";"B01";"3";"7";"0";"2";"7";"0";"1";""
"202400042374";"155707127";"A01";"3";"7";"0";"2";"2";"16";"2";""
"202400042375";"155707122";"A01";"2";"7";"0";"2";"8";"20";"1";""
"202400042375";"155707123";"B01";"2";"30";"0";"2";"1";"1";"1";""
"202400042376";"155707119";"B01";"2";"7";"0";"2";"1";"1";"1";""
"202400042376";"155707120";"A01";"2";"7";"0";"2";"4";"1";"1";""
"202400042377";"155707118";"B01";"1";"7";"0";"2";"3";"15";"1";""
"202400042377";"155707121";"A01";"1";"7";"0";"2";"1";"1";"1";""
"202400042378";"155707117";"A01";"2";"30";"1";"0";"1";"14";"1";""
"202400042379";"155707112";"B01";"1";"14";"0";"2";"2";"1";"1";""
"202400042379";"155707114";"A01";"1";"7";"0";"2";"3";"22";"2";""
"202400042380";"155707111";"B01";"3";"30";"0";"2";"1";"1";"1";""
"202400042380";"155707115";"A01";"3";"7";"0";"2";"3";"26";"1";""
"202400042381";"155707110";"C01";"2";"7";"0";"2";"6";"1";"1";""
"202400042381";"155707113";"B01";"2";"7";"0";"2";"4";"1";"1";""
"202400042381";"155707116";"Z01";"2";"7";"0";"2";"2";"2";"1";""
"202400042382";"155707107";"B01";"1";"7";"0";"2";"4";"0";"1";""
"202400042382";"155707109";"A01";"1";"7";"0";"2";"1";"1";"1";""
"202400042383";"155707108";"A01";"1";"7";"0";"1";"2";"1";"1";""
"202400042384";"155707105";"A01";"2";"32";"0";"2";"3";"1";"3";""
"202400042384";"155707106";"B01";"2";"7";"0";"2";"7";"1";"2";""
"202400042385";"155707104";"A01";"1";"1";"0";"9";"1";"15";"5";""
"202400042386";"155707102";"B01";"3";"30";"0";"2";"1";"1";"1";""
"202400042386";"155707103";"A01";"0";"7";"0";"2";"3";"15";"1";""
"202400042387";"155707100";"A01";"0";"30";"1";"0";"1";"1";"1";""
"202400042388";"155707099";"B01";"2";"7";"0";"2";"5";"14";"1";""
"202400042388";"155707101";"A01";"2";"7";"0";"2";"3";"1";"1";""
"202400042389";"155707096";"A01";"3";"7";"0";"2";"5";"15";"0";""
"202400042389";"155707098";"B01";"1";"30";"0";" -1";"1";"2";"0";""
"202400042390";"155707094";"A01";"1";"7";"14";"0";"1";"1";"1";""
"202400042390";"155707097";"B01";"1";"7";"0";"2";"6";"23";"1";""
"202400042391";"155707093";"A01";"2";"10";"0";"2";"1";"2";"1";""
"202400042391";"155707095";"B01";"2";"7";"0";"2";"4";"1";"1";""
"202400042392";"155707092";"A01";"1";"7";"0";"1";"1";"1";"1";""
"202400042393";"155707089";"A01";"1";"7";"0";"2";"1";"2";"1";""
"202400042393";"155707090";"B01";"1";"7";"0";"2";"4";"2";"1";""
"202400042394";"155707088";"B01";"1";"7";"0";"2";"8";"15";"1";""
"202400042394";"155707091";"A01";"2";"7";"0";"2";"3";"1";"1";""
"202400042395";"155707086";"A01";"1";"7";"3";"0";"3";"13";"1";""
"202400042396";"155707085";"B01";"2";"7";"0";"2";"7";"1";"1";""
"202400042396";"155707087";"A01";"1";"7";"0";"2";"1";"1";"1";""
"202400042397";"155707083";"A01";"3";"7";"8";"2";"8";"1";"1";""
"202400042397";"155707084";"B01";"0";"7";"0";"2";"7";"17";"2";""
"202400042398";"155707078";"A01";"1";"7";"0";"2";"5";"12";"2";""
"202400042398";"155707080";"B01";"1";"37";"0";"2";"3";"1";"1";"3"
"202400042399";"155707075";"D01";"1";"7";"0";"2";"4";"2";"1";""
"202400042399";"155707076";"A01";"1";"15";"0";"2";"1";"2";"0";""
"202400042399";"155707079";"E01";"1";"7";"0";"2";"1";"2";"0";""
"202400042399";"155707081";"B01";"1";"7";"0";"2";"4";"2";"1";""
"202400042399";"155707082";"C01";"1";"7";"0";"2";"4";"2";"1";""
"202400042400";"155707073";"A01";"1";"7";"0";"2";"3";"15";"1";""
"202400042400";"155707077";"B01";"2";"7";"0";"2";"2";"1";"1";""
"202400042401";"155707072";"B01";"3";"34";"0";"2";"2";"0";"1";""
"202400042401";"155707074";"A01";"3";"7";"0";"2";"5";"15";"1";""
"202400042402";"155707069";"A01";"2";"33";"0";"2";"7";"1";"1";""
"202400042402";"155707071";"B01";"2";"7";"0";"2";"3";"11";"1";""
"202400042403";"155707068";"B01";"1";"1";"0";"2";"1";"1";"5";""
"202400042403";"155707070";"A01";"2";"50";"0";"2";"1";"5";"3";""
"202400042404";"155707067";"A01";"3";"30";"0";"1";"7";"0";"3";""
"202400042405";"155707065";"A01";"1";"50";"0";"0";"0";"1";"3";""
"202400042406";"155707066";"A01";"2";"10";"0";"1";"1";"15";"1";""
"202400042407";"155707063";"A01";"1";"7";"0";"2";"1";"2";"1";""
"202400042407";"155707064";"B01";"1";"7";"4";"2";"6";"2";"1";""
"202400042408";"155707060";"A01";"1";"7";"4";"0";"1";"14";"1";""
"202400042409";"155707059";"A01";"1";"7";"0";"2";"3";"1";"1";""
"202400042409";"155707061";"B01";"3";"50";"0";"2";"1";"26";"3";""
"202400042410";"155707056";"A01";"2";"7";"0";"2";"2";"1";"1";""
"202400042410";"155707058";"B01";"1";"7";"0";"2";"2";"1";"2";""
"202400042411";"155707055";"B01";"1";"33";"0";"2";"1";"1";"1";""
"202400042411";"155707057";"A01";"2";"7";"0";"2";"8";"15";"1";""
"202400042412";"155707054";"A01";"2";"38";"0";"1";"1";"15";"1";"1"
"202400042413";"155707051";"A01";"1";"7";"0";"0";"0";"1";"1";""
"202400042413";"155707053";"B01";"3";"50";"0";"2";"1";"1";"3";""
"202400042414";"155707048";"C01";"1";"33";"0";"9";"0";"0";"1";""
"202400042414";"155707050";"A01";"1";"7";"0";"2";"8";"1";"1";""
"202400042414";"155707052";"B01";"1";"31";"0";"2";"7";"0";"1";""
"202400042415";"155707047";"B01";"1";"7";"0";"0";"1";"1";"1";""
"202400042415";"155707049";"A01";"1";"7";"0";"2";"7";"2";"3";""
"202400042416";"155707041";"A01";"1";"32";"0";"2";"1";"2";"1";""
"202400042416";"155707044";"B01";"1";"7";"0";"2";"6";"2";"1";""
"202400042417";"155707042";"A01";"2";"7";"0";"2";"1";"26";"1";""
"202400042417";"155707045";"B01";"1";"2";"0";"2";"7";"1";"3";""
"202400042418";"155707036";"A01";"1";"7";"1";"0";"1";"1";"1";""
"202400042418";"155707039";"B01";"1";"7";"0";"2";"4";"23";"1";""
"202400042418";"155707040";"C01";"1";"7";"0";"2";"4";"23";"1";""
"202400042418";"155707043";"D01";"1";"7";"0";"2";"1";"1";"1";""
"202400042419";"155707034";"B01";"1";"2";"0";"2";"8";"9";"1";""
"202400042419";"155707037";"A01";"1";"7";"0";"2";"5";"14";"1";""
"202400042420";"155707035";"A01";"3";"34";"0";"2";"8";"18";"1";""
"202400042420";"155707038";"B01";"3";"7";"0";"2";"7";"16";"1";""
"202400042421";"155707033";"A01";"1";"7";"12";"0";"1";"1";"1";""
"202400042422";"155707031";"A01";"2";"50";"0";"1";"1";"1";"3";""
"202400042423";"155707029";"A01";"1";"7";"0";"2";"0";"1";"0";""
"202400042423";"155707032";"B01";"1";"32";"12";"2";"4";"1";"1";""
"202400042424";"155707027";"A01";"0";"7";"0";"2";"1";"1";"1";""
"202400042424";"155707028";"B01";"0";"7";"0";"2";"4";"23";"1";""
"202400042424";"155707030";"C01";"0";"7";"0";"2";"4";"23";"1";""
"202400042425";"155707026";"A01";"2";"10";"0";"1";"5";"4";"1";""
"202400042426";"155707024";"A01";"1";"2";"0";"2";"2";"0";"3";""
"202400042426";"155707025";"B01";"2";"7";"0";"2";"1";"0";"1";""
"202400042427";"155707022";"A01";"1";"1";"0";"1";"1";"10";"5";""
"202400042428";"155707023";"A01";"2";"33";"0";"1";"1";"2";"1";""
"202400042429";"155707020";"B01";"2";"7";"0";"2";"4";"1";"1";""
"202400042429";"155707021";"A01";"2";"31";"0";"2";"1";"1";"1";""
"202400042430";"155707017";"Z01";"2";"34";"0";"2";"8";"13";"0";""
"202400042430";"155707019";"A01";"1";"31";"0";"2";"8";"1";"1";""
"202400042431";"155707016";"B01";"1";"10";"0";"2";"2";"14";"1";""
"202400042431";"155707018";"A01";"1";"1";"0";"2";"8";"1";"5";""
"202400042432";"155707015";"A01";"1";"37";"0";"1";"0";"23";"1";"1"
"202400042433";"155707012";"B01";"3";"33";"0";"2";"7";"1";"1";""
"202400042433";"155707014";"A01";"3";"7";"0";"2";"0";"26";"1";""
"202400042434";"155707011";"A01";"1";"7";"0";"2";"0";"0";"0";""
"202400042434";"155707013";"B01";"2";"7";"0";"2";"0";"0";"1";""
"202400042435";"155707010";"B01";"1";"7";"0";"1";"2";"1";"1";""
"202400042436";"155707009";"A01";"1";"7";"9";"0";"2";"1";"1";""
"202400042437";"155707008";"A01";"2";"7";"0";"0";"1";"2";"2";""
"202400042438";"155707006";"A01";"1";"7";"0";"1";"3";"1";"1";""
"202400042439";"155707002";"A01";"2";"7";"0";"2";"3";"9";"1";""
"202400042439";"155707005";"B01";"1";"7";"0";"2";"3";"1";"1";""
"202400042440";"155707000";"B01";"1";"7";"0";"2";"3";"16";"2";""
"202400042440";"155707003";"A01";"2";"2";"0";"2";"1";"13";"3";""
"202400042441";"155706996";"A01";"1";"1";"0";"1";"1";"1";"5";""
"202400042442";"155706995";"A01";"3";"7";"0";"2";"1";"5";"1";""
"202400042442";"155706998";"B01";"3";"7";"0";"2";"1";"1";"1";""
"202400042443";"155706994";"A01";"2";"7";"0";"2";"1";"2";"1";""
"202400042443";"155706997";"B01";"2";"33";"0";"2";"4";"2";"1";""
"202400042444";"155706992";"A01";"3";"7";"0";"1";"3";"20";"1";""
"202400042445";"155706989";"B01";"3";"33";"0";"2";"1";"1";"1";""
"202400042445";"155706993";"A01";"3";"7";"0";"2";"3";"15";"1";""
"202400042446";"155706990";"B01";"1";"10";"0";"2";"1";"0";"1";""
"202400042446";"155706991";"A01";"1";"33";"0";"2";"0";"0";"1";""
"202400042447";"155706988";"A01";"2";"7";"0";"1";"1";"1";"2";""
"202400042448";"155706986";"A01";"2";"7";"0";"1";"2";"1";"1";""
"202400042449";"155706985";"A01";"1";"37";"0";"2";"2";"1";"1";"3"
"202400042449";"155706987";"B01";"2";"14";"0";"2";"0";"0";"1";""
"202400042450";"155706983";"A01";"3";"7";"0";"1";"1";"16";"2";""
"202400042451";"155706982";"A01";"0";"32";"0";"2";"0";"5";"0";""
"202400042451";"155706984";"B01";"1";"32";"0";"2";"4";"1";"1";""
"202400042452";"155706979";"A01";"1";"1";"0";"1";"1";"1";"5";""
"202400042453";"155706978";"A01";"3";"50";"0";"1";"1";"0";"3";""
"202400042454";"155706977";"C01";"3";"7";"0";"2";"1";"2";"1";""
"202400042454";"155706980";"A01";"3";"7";"0";"2";"1";"5";"1";""
"202400042454";"155706981";"B01";"3";"7";"0";"2";"1";"2";"1";""
"202400042455";"155706974";"B01";"3";"50";"0";"2";"1";"25";"3";""
"202400042455";"155706976";"A01";"1";"7";"0";"2";"1";"20";"1";""
"202400042456";"155706973";"B01";"2";"7";"0";"0";"3";"1";"2";""
"202400042456";"155706975";"A01";"3";"31";"0";"2";"1";"1";"1";""
"202400042457";"155706972";"A01";"3";"7";"0";"1";"3";"14";"1";""
"202400042458";"155706971";"A01";"1";"10";"0";"2";"1";"1";"1";""
"202400042459";"155706968";"A01";"1";"7";"0";"2";"1";"0";"1";""
"202400042459";"155706970";"B01";"1";"7";"0";"2";"4";"1";"1";""
"202400042460";"155706967";"B01";"1";"7";"0";"2";"4";"2";"1";""
"202400042460";"155706969";"A01";"1";"7";"0";"2";"1";"2";"2";""
"202400042461";"155706965";"A01";"1";"33";"0";"2";"5";"1";"1";""
"202400042461";"155706966";"B01";"2";"7";"0";"2";"3";"9";"1";""
"202400042462";"155706961";"B01";"3";"7";"0";"2";"3";"1";"1";""
"202400042462";"155706963";"A01";"3";"7";"0";"2";"3";"1";"1";""
"202400042463";"155706962";"B01";"1";"7";"0";"2";"0";"1";"1";""
"202400042463";"155706964";"A01";"1";"7";"12";"0";"1";"9";"1";""
"202400042464";"155706960";"A01";"1";"7";"0";"1";"3";"15";"1";""
"202400042465";"155706959";"A01";"3";"36";"0";"0";"9";"26";"1";""
"202400042466";"155706957";"A01";"1";"32";"0";"2";"1";"1";"1";""
"202400042466";"155706958";"B01";"1";"7";"0";"2";"3";"9";"1";""
"202400042467";"155706955";"A01";"2";"7";"2";"0";"1";"1";"1";""
"202400042468";"155706956";"A01";"2";"7";"0";"1";"1";"1";"1";""
"202400042469";"155706953";"A01";"1";"7";"8";"0";"1";"2";"1";""
"202400042470";"155706954";"A01";"1";"7";"0";"1";"2";"1";"1";""
"202400042471";"155706951";"B01";"1";"2";"0";"2";"3";"26";"1";""
"202400042471";"155706952";"A01";"1";"7";"0";"2";"3";"0";"1";""
"202400042472";"155706950";"A01";"0";"36";"13";"0";"3";"1";"1";""
"202400042473";"155706949";"A01";"2";"7";"1";"1";"3";"1";"1";""
"202400042474";"155706946";"A01";"1";"33";"0";"2";"8";"10";"1";""
"202400042474";"155706947";"B01";"1";"2";"0";"2";"1";"1";"1";""
"202400042475";"155706945";"A01";"3";"50";"0";"2";"1";"1";"3";""
"202400042475";"155706948";"B01";"3";"7";"0";"2";"3";"16";"0";""
"202400042476";"155706944";"A01";"1";"7";"0";"1";"1";"18";"0";""
"202400042477";"155706942";"A01";"0";"7";"0";"2";"1";"15";"1";""
"202400042477";"155706943";"B01";"3";"1";"0";"2";"1";"1";"5";""
"202400042478";"155706941";"Z01";"2";"7";"0";"1";"3";"1";"1";""
"202400042479";"155706940";"A01";"0";"10";"0";"1";"3";"15";"1";""
"202400042480";"155706935";"A01";"2";"7";"0";"2";"1";"2";"1";""
"202400042480";"155706938";"B01";"2";"7";"3";"0";"4";"2";"1";""
"202400042481";"155706937";"A01";"1";"32";"0";"2";"1";"11";"1";""
"202400042481";"155706939";"B01";"1";"7";"0";"9";"0";"15";"2";""
"202400042482";"155706934";"B01";"2";"7";"0";"2";"1";"1";"1";""
"202400042482";"155706936";"A01";"2";"7";"0";"2";"8";"1";"1";""
"202400042483";"155706933";"A01";"2";"33";"0";"0";"0";"17";"1";""
"202400042484";"155706932";"A01";"1";"50";"1";"0";"1";"13";"3";""
"202400042485";"155706931";"A01";"1";"7";"0";"1";"3";"9";"1";""
"202400042486";"155706930";"A01";"3";"21";"0";"6";"8";"1";"1";""
"202400042487";"155706923";"A01";"2";"7";"0";"2";"3";"13";"1";""
"202400042487";"155706928";"C01";"1";"15";"0";"2";"0";"0";"1";""
"202400042487";"155706929";"B01";"1";"7";"0";"2";"8";"21";"2";""
"202400042488";"155706922";"C01";"1";"7";"0";"0";"1";"0";"0";""
"202400042488";"155706925";"A01";"1";"7";"0";"0";"4";"1";"1";""
"202400042488";"155706927";"B01";"1";"7";"0";"2";"1";"1";"0";""
"202400042489";"155706921";"A01";"2";"7";"0";"2";"1";"2";"1";""
"202400042489";"155706924";"B01";"2";"1";"0";"2";"4";"2";"5";""
"202400042489";"155706926";"C01";"2";"1";"0";"2";"4";"2";"5";""
"202400042490";"155706920";"A01";"0";"10";"0";"1";"2";"1";"1";""
"202400042491";"155706919";"A01";"2";"7";"13";"0";"1";"1";"1";""
"202400042492";"155706918";"A01";"0";"7";"0";"0";"0";"0";" -1";""
"202400042493";"155706914";"A01";"1";"7";"0";"2";"8";"17";"2";""
"202400042493";"155706917";"B01";"3";"1";"0";"2";"1";"1";"5";""
"202400042494";"155706913";"A01";"2";"7";"0";"9";"3";"1";"1";""
"202400042494";"155706916";"B01";"1";"1";"0";"2";"7";"1";"5";""
"202400042495";"155706911";"A01";"3";"7";"0";"2";"1";"1";"2";""
"202400042495";"155706915";"B01";"1";"32";"0";"2";"4";"23";"1";""
"202400042496";"155706908";"A01";"0";"2";"0";"2";"4";"1";"1";""
"202400042496";"155706910";"B01";"0";"7";"0";"0";"1";"1";"0";""
"202400042497";"155706909";"B01";"0";"1";"0";"2";"7";"19";"5";""
"202400042497";"155706912";"A01";"0";"7";"0";"2";"1";"1";"1";""
"202400042498";"155706905";"A01";"3";"7";"0";"1";"2";"1";"1";""
"202400042499";"155706904";"A01";"1";"7";"0";"2";"2";"2";"1";""
"202400042499";"155706907";"B01";"1";"1";"0";"2";"4";"2";"5";""
"202400042500";"155706903";"B01";"2";"7";"0";"0";"3";"1";"0";""
"202400042500";"155706906";"A01";"1";"7";"0";"2";"3";"13";"1";""
"202400042501";"155706902";"A01";"1";"7";"0";"1";"3";"0";"1";""
"202400042502";"155706899";"B01";"2";"7";"0";"2";"1";"9";"1";""
"202400042502";"155706901";"A01";"1";"7";"0";"2";"7";"1";"1";""
"202400042503";"155706897";"B01";"2";"7";"0";"2";"1";"1";"1";""
"202400042503";"155706900";"A01";"1";"7";"0";"2";"2";"19";"1";""
"202400042504";"155706896";"B01";"0";"2";"0";"2";"3";"1";"3";""
"202400042504";"155706898";"A01";"0";"10";"0";"2";"3";"15";"1";""
"202400042505";"155706894";"B01";"1";"80";"0";"2";"0";"1";"3";""
"202400042505";"155706895";"A01";"1";"10";"0";"2";"7";"17";"1";""
"202400042506";"155706893";"A01";"1";"7";"13";"0";"3";"9";"1";""
"202400042507";"155706892";"A01";"2";"15";"0";"1";"2";"1";"1";""
"202400042508";"155706890";"A01";"1";"7";"6";"0";"2";"14";"1";""
"202400042509";"155706888";"A01";"1";"2";"0";"2";"1";"1";"1";""
"202400042509";"155706889";"B01";"2";"7";"0";"0";"5";"15";"1";""
"202400042509";"155706891";"C01";"2";"7";"0";"2";"3";"1";"1";""
"202400042510";"155706886";"A01";"2";"3";"0";"1";"3";"18";"3";""
"202400042511";"155706887";"A01";"2";"33";"14";"6";"1";"1";"1";""
"202400042512";"155706885";"A01";"3";"7";"1";"0";"2";"1";"1";""
"202400042513";"155706884";"A01";"1";"7";"2";"0";"1";"1";"1";""
"202400042514";"155706882";"A01";"1";"1";"13";"0";"0";"13";"5";""
"202400042515";"155706881";"A01";"1";"10";"13";"0";"9";"1";"1";""
"202400042516";"155706880";"B01";"2";"7";"0";"2";"3";"1";"1";""
"202400042516";"155706883";"A01";"1";"7";"0";"2";"1";"1";"1";""
"202400042517";"155706879";"A01";"1";"2";"1";"0";"7";"1";"1";""
"202400042518";"155706877";"A01";"1";"2";"7";"0";"1";"1";"1";""
"202400042519";"155706875";"A01";"2";"7";"0";"2";"1";"2";"1";""
"202400042519";"155706878";"B01";"2";"2";"0";"0";"4";"2";"1";""
"202400042520";"155706874";"A01";"2";"7";"0";"2";"2";"15";"1";""
"202400042520";"155706876";"B01";"1";"30";"0";"2";"1";"1";"0";""
"202400042521";"155706871";"A01";"2";"7";"6";"0";"1";"16";"1";""
"202400042522";"155706869";"B01";"1";"7";"0";"2";"1";"23";"1";""
"202400042522";"155706872";"A01";"2";"1";"0";"2";"1";"17";"5";""
"202400042523";"155706868";"A01";"2";"33";"0";"0";"7";"1";"1";""
"202400042524";"155706865";"B01";"1";"33";"0";"2";"1";"2";"1";""
"202400042524";"155706867";"A01";"1";"7";"0";"2";"3";"10";"1";""
"202400042525";"155706864";"A01";"3";"7";"0";"2";"1";"15";"1";""
"202400042525";"155706866";"B01";"3";"7";"0";"2";"1";"1";"1";""
"202400042526";"155706861";"A01";"1";"7";"13";"0";"2";"0";"1";""
"202400042527";"155706860";"A01";"1";"33";"0";"2";"7";"15";"1";""
"202400042527";"155706863";"B01";"1";"7";"0";"2";"1";"1";"1";""
"202400042528";"155706858";"A01";"2";"7";"0";"2";"7";"13";"1";""
"202400042528";"155706859";"C01";"2";"7";"0";"2";"4";"1";"1";""
"202400042528";"155706862";"B01";"1";"7";"0";"2";"3";"15";"1";""
"202400042529";"155706855";"A01";"1";"7";"0";"2";"8";"15";"1";""
"202400042529";"155706857";"B01";"2";"7";"0";"2";"1";"1";"1";""
"202400042530";"155706854";"A01";"1";"7";"0";"2";"1";"1";"1";""
"202400042530";"155706856";"B01";"2";"7";"0";"2";"8";"11";"1";""