"Num_Acc";"id_vehicule";"num_veh";"senc";"catv";"obs";"obsm";"choc";"manv";"motor";"occutc"
"202400042531";"155706853";"A01";"2";"10";"0";"1";"3";"15";"1";""
"202400042532";"155706851";"A01";"1";"21";"7";"0";"1";"1";"1";""
"202400042533";"155706850";"A01";"3";"7";"0";"2";"1";"1";"2";""
"202400042533";"155706852";"B01";"3";"7";"0";"2";"1";"13";"1";""
"202400042534";"155706849";"A01";"2";"7";"0";"1";"3";"1";"1";""
"202400042535";"155706846";"A01";"1";"7";"0";"2";"3";"13";"1";""
"202400042535";"155706848";"B01";"2";"2";"0";"2";"1";"13";"1";""
"202400042536";"155706847";"A01";"2";"10";"13";"0";"2";"1";"1";""
"202400042537";"155706843";"A01";"1";"7";"0";"1";"4";"20";"1";""
"202400042538";"155706842";"A01";"1";"1";"0";"2";"0";"1";"5";""
"202400042538";"155706844";"B01";"2";"7";"0";"2";"0";"1";"0";""
"202400042539";"155706841";"B01";"2";"10";"0";"2";"3";"9";"3";""
"202400042539";"155706845";"A01";"2";"50";"0";"2";"1";"15";"3";""
"202400042540";"155706840";"A01";"2";"33";"13";"0";"2";"2";"1";""
"202400042541";"155706837";"A01";"1";"21";"0";"2";"1";"15";"1";""
"202400042541";"155706839";"B01";"2";"7";"0";"2";"8";"1";"1";""
"202400042542";"155706836";"A01";"1";"33";"13";"0";"1";"1";"1";""
"202400042543";"155706835";"B01";"3";"1";"0";"2";"7";"1";"5";""
"202400042543";"155706838";"A01";"3";"7";"0";"2";"1";"1";"1";""
"202400042544";"155706831";"B01";"2";"7";"0";"2";"1";"1";"1";""
"202400042544";"155706834";"A01";"1";"7";"0";"2";"1";"11";"1";""
"202400042545";"155706830";"A01";"2";"7";"0";"2";"3";"13";"1";""
"202400042545";"155706833";"B01";"1";"7";"0";"2";"3";"1";"1";""
"202400042546";"155706829";"A01";"2";"50";"0";"2";"1";"1";"3";""
"202400042546";"155706832";"B01";"1";"50";"0";"2";"8";"1";"3";""
"202400042547";"155706825";"A01";"1";"7";"13";"0";"1";"1";"1";""
"202400042548";"155706824";"B01";"1";"7";"0";"2";"7";"1";"2";""
"202400042548";"155706827";"A01";"1";"2";"0";"2";"1";"1";"1";""
"202400042549";"155706822";"A01";"2";"7";"4";"0";"9";"1";"1";""
"202400042549";"155706823";"B01";"2";"7";"4";"2";"3";"13";"1";""
"202400042549";"155706826";"C01";"2";"7";"0";"0";"6";"1";"3";""
"202400042549";"155706828";"D01";"2";"10";"0";"9";"0";"1";"1";""
"202400042550";"155706819";"A01";"1";"7";"17";"0";"1";"17";"1";""
"202400042551";"155706818";"A01";"2";"7";"0";"2";"1";"13";"1";""
"202400042551";"155706821";"B01";"1";"10";"0";"2";"1";"1";"1";""
"202400042552";"155706817";"B01";"1";"7";"0";"2";"8";"16";"1";""
"202400042552";"155706820";"A01";"1";"7";"0";"2";"1";"1";"1";""
"202400042553";"155706814";"B01";"1";"7";"3";"2";"0";"1";"1";""
"202400042553";"155706816";"A01";"1";"7";"3";"2";"0";"17";"1";""
"202400042554";"155706815";"A01";"1";"7";"2";"0";"3";"13";"1";""
"202400042555";"155706813";"A01";"3";"7";"0";"1";"2";"15";"1";""
"202400042556";"155706811";"A01";"1";"7";"16";"0";"0";"1";"1";""
"202400042557";"155706812";"A01";"2";"2";"0";"0";"0";"21";"1";""
"202400042558";"155706810";"A01";"3";"50";"0";"0";"0";"1";"3";""
"202400042559";"155706809";"A01";"1";"7";"6";"0";"8";"13";"1";""
"202400042560";"155706808";"A01";"2";"7";"15";"0";"3";"13";"1";""
"202400042561";"155706805";"A01";"1";"7";"0";"0";"0";"1";"1";""
"202400042562";"155706804";"A01";"2";"7";"0";"2";"2";"1";"2";""
"202400042562";"155706806";"B01";"1";"7";"0";"2";"1";"13";"1";""
"202400042563";"155706803";"B01";"3";"3";"0";"2";"2";"9";"1";""
"202400042563";"155706807";"A01";"3";"30";"0";"2";"2";"17";"1";""
"202400042564";"155706800";"A01";"2";"1";"0";"2";"1";"2";"5";""
"202400042564";"155706802";"B01";"2";"7";"0";"0";"4";"2";"1";""
"202400042565";"155706799";"B01";"1";"7";"0";"2";"1";"1";"1";""
"202400042565";"155706801";"A01";"2";"33";"0";"2";"1";"1";"1";""
"202400042566";"155706798";"A01";"1";"7";"8";"0";"1";"1";"1";""
"202400042567";"155706797";"A01";"1";"7";"3";"1";"3";"2";"1";""
"202400042568";"155706796";"A01";"2";"7";"6";"0";"1";"1";"1";""
"202400042569";"155706794";"A01";"3";"7";"0";"2";"7";"15";"1";""
"202400042569";"155706795";"B01";"3";"33";"0";"2";"1";"8";"1";""
"202400042570";"155706793";"A01";"3";"31";"0";"0";"0";"1";"1";""
"202400042571";"155706790";"B01";"2";"2";"0";"2";"1";"1";"1";""
"202400042571";"155706792";"A01";"2";"7";"0";"2";"3";"11";"1";""
"202400042572";"155706788";"A01";"1";"33";"0";"2";"1";"11";"1";""
"202400042572";"155706791";"B01";"2";"10";"0";"2";"3";"1";"1";""
"202400042573";"155706787";"A01";"3";"31";"0";"2";"8";"26";"3";""
"202400042573";"155706789";"B01";"3";"7";"0";"2";"3";"26";"1";""
"202400042574";"155706786";"A01";"2";"33";"1";"0";"1";"1";"1";""
"202400042575";"155706785";"A01";"2";"7";"0";"1";"2";"1";"1";""
"202400042576";"155706783";"A01";"1";"7";"0";"0";"3";"1";"1";""
"202400042576";"155706784";"B01";"2";"50";"0";"0";"1";"1";"3";""
"202400042577";"155706781";"A01";"1";"7";"0";"0";"1";"15";"1";""
"202400042578";"155706779";"A01";"1";"7";"0";"2";"1";"9";"1";""
"202400042578";"155706782";"B01";"1";"50";"0";"2";"7";"26";"3";""
"202400042579";"155706777";"A01";"2";"7";"0";"2";"1";"1";"1";""
"202400042579";"155706780";"B01";"2";"7";"0";"0";"7";"1";"3";""
"202400042580";"155706774";"A01";"0";"10";"0";"2";"3";"1";"1";""
"202400042580";"155706778";"B01";"0";"7";"0";"0";"1";"1";"1";""
"202400042581";"155706775";"A01";"2";"33";"0";"2";"1";"2";"1";""
"202400042581";"155706776";"B01";"2";"7";"0";"0";"4";"2";"1";""
"202400042582";"155706771";"A01";"1";"31";"0";"0";"8";"1";"1";""
"202400042583";"155706770";"A01";"0";"7";"0";"1";"1";"15";"1";""
"202400042584";"155706769";"A01";"3";"7";"0";"2";"1";"0";"1";""
"202400042584";"155706772";"B01";"3";"10";"14";"2";"2";"0";"1";""
"202400042585";"155706767";"A01";"1";"7";"0";"1";"1";"1";"2";""
"202400042586";"155706765";"A01";"1";"7";"0";"1";"2";"1";"1";""
"202400042587";"155706764";"A01";"1";"7";"0";"2";"1";"2";"1";""
"202400042587";"155706766";"B01";"1";"7";"0";"2";"5";"2";"1";""
"202400042587";"155706768";"C01";"1";"7";"0";"0";"4";"2";"1";""
"202400042588";"155706762";"B01";"1";"33";"0";"2";"3";"1";"1";""
"202400042588";"155706763";"A01";"2";"7";"0";"0";"1";"1";"1";""
"202400042589";"155706759";"A01";"1";"7";"0";"0";"4";"2";"1";""
"202400042589";"155706760";"B01";"1";"7";"0";"0";"4";"2";"1";""
"202400042590";"155706758";"B01";"2";"33";"0";"2";"1";"1";"0";""
"202400042590";"155706761";"A01";"2";"30";"0";"2";"1";"9";"1";""
"202400042591";"155706754";"B01";"1";"7";"0";"2";"5";"2";"1";""
"202400042591";"155706757";"A01";"1";"33";"0";"2";"1";"2";"1";""
"202400042592";"155706753";"B01";"1";"7";"13";"2";"3";"15";"1";""
"202400042592";"155706755";"A01";"1";"7";"13";"2";"2";"0";"1";""
"202400042593";"155706752";"A01";"3";"7";"0";"2";"2";"19";"1";""
"202400042593";"155706756";"B01";"2";"31";"0";"2";"1";"1";"1";""
"202400042594";"155706751";"A01";"2";"7";"4";"0";"8";"0";"1";""
"202400042595";"155706749";"B01";"2";"33";"0";"2";"1";"1";"1";""
"202400042595";"155706750";"A01";"1";"7";"0";"2";"2";"15";"1";""
"202400042596";"155706746";"A01";"1";"3";"0";"2";"2";"1";"1";""
"202400042596";"155706748";"B01";"2";"7";"0";"2";"2";"1";"1";""
"202400042597";"155706745";"A01";"1";"15";"0";"0";"6";"1";"1";""
"202400042597";"155706747";"B01";"1";"10";"0";"2";"2";"17";"1";""
"202400042598";"155706744";"A01";"0";"3";"1";"0";"1";"14";"1";""
"202400042599";"155706741";"A01";"1";"7";"0";"9";"7";"15";"1";""
"202400042599";"155706743";"B01";"2";"99";"0";"2";"1";"1";"3";""
"202400042600";"155706740";"A01";"1";"2";"0";"0";"2";"26";"1";""
"202400042600";"155706742";"B01";"1";"99";"0";"0";"6";"26";"3";""
"202400042601";"155706737";"A01";"1";"7";"10";"0";"1";"13";"1";""
"202400042602";"155706735";"A01";"2";"34";"0";"2";"1";"1";"1";""
"202400042602";"155706738";"B01";"2";"7";"0";"2";"6";"15";"1";""
"202400042603";"155706733";"A01";"3";"10";"16";"0";"9";"26";"1";""
"202400042604";"155706730";"A01";"1";"33";"1";"1";"1";"14";"0";""
"202400042605";"155706729";"B01";"2";"7";"0";"2";"8";"1";"1";""
"202400042605";"155706731";"A01";"2";"7";"0";"2";"1";"3";"3";""
"202400042605";"155706732";"D01";"2";"7";"4";"0";"1";"21";"1";""
"202400042605";"155706734";"E01";"2";"7";"4";"0";"4";"1";"1";""
"202400042605";"155706736";"C01";"2";"7";"4";"0";"7";"1";"1";""
"202400042606";"155706727";"B01";"1";"80";"0";"0";"4";"1";"3";""
"202400042606";"155706728";"A01";"2";"7";"0";"2";"2";"1";"1";""
"202400042607";"155706725";"A01";"2";"10";"0";"1";"1";"1";"1";""
"202400042608";"155706723";"A01";"1";"7";"0";"2";"2";"12";"1";""
"202400042608";"155706726";"B01";"1";"7";"0";"2";"4";"1";"1";""
"202400042609";"155706722";"A01";"2";"7";"0";"0";"3";"11";"1";""
"202400042609";"155706724";"B01";"2";"33";"0";"0";"7";"17";"1";""
"202400042610";"155706720";"A01";"2";"80";"0";"1";"1";"1";"3";""
"202400042611";"155706717";"A01";"1";"7";"0";"2";"3";"0";"1";""
"202400042611";"155706719";"B01";"1";"7";"0";"2";"5";"1";"2";""
"202400042611";"155706721";"C01";"1";"7";"0";"2";"2";"17";"1";""
"202400042612";"155706714";"A01";"1";"1";"0";"1";"1";"1";"5";""
"202400042613";"155706713";"A01";"1";"7";"0";"2";"1";"1";"1";""
"202400042613";"155706716";"B01";"1";"7";"0";"2";"1";"1";"1";""
"202400042613";"155706718";"C01";"2";"7";"0";"2";"3";"1";"1";""
"202400042614";"155706712";"A01";"1";"7";"0";"2";"7";"12";"1";""
"202400042614";"155706715";"B01";"1";"34";"0";"2";"8";"3";"1";""
"202400042615";"155706710";"A01";"2";"7";"1";"0";"3";"26";"1";""
"202400042616";"155706709";"A01";"1";"7";"1";"0";"1";"2";"1";""
"202400042617";"155706711";"Z01";"1";"50";"0";"1";"1";"1";"3";""
"202400042618";"155706708";"A01";"1";"7";"1";"2";"1";"13";"1";""
"202400042619";"155706706";"A01";"3";"7";"0";"1";"1";"19";"1";""
"202400042620";"155706703";"A01";"2";"7";"0";"2";"1";"1";"1";""
"202400042620";"155706705";"C01";"2";"7";"0";"2";"4";"1";"1";""
"202400042620";"155706707";"B01";"2";"7";"0";"2";"4";"1";"2";""
"202400042621";"155706702";"A01";"2";"7";"0";"1";"2";"1";"2";""
"202400042622";"155706699";"A01";"2";"7";"13";"0";"2";"15";"1";""
"202400042622";"155706701";"B01";"1";"7";"0";"0";"1";"1";"1";""
"202400042622";"155706704";"C01";"1";"10";"0";"0";"1";"26";"1";""
"202400042623";"155706698";"A01";"2";"7";"0";"2";"1";"2";"1";""
"202400042623";"155706700";"B01";"2";"7";"0";"2";"4";"2";"1";""
"202400042624";"155706697";"A01";"2";"10";"0";"1";"7";"1";"1";""
"202400042625";"155706694";"A01";"2";"31";"0";"2";"8";"0";"1";""
"202400042625";"155706696";"B01";"1";"7";"0";"2";"8";"1";"2";""
"202400042626";"155706693";"A01";"2";"7";"4";"2";"2";"1";"1";""
"202400042626";"155706695";"Z01";"2";"7";"0";"2";"0";"0";"0";""
"202400042627";"155706692";"A01";"1";"33";"0";"1";"3";"1";"1";""
"202400042628";"155706691";"A01";"2";"7";"15";"9";"1";"14";"1";""
"202400042629";"155706688";"Z01";"1";"7";"0";"2";"0";"2";"0";""
"202400042629";"155706690";"A01";"1";"7";"0";"2";"6";"2";"1";""
"202400042630";"155706687";"A01";"1";"7";"0";"0";"1";"14";"1";""
"202400042631";"155706686";"B01";"2";"1";"0";"2";"1";"1";"5";""
"202400042631";"155706689";"A01";"2";"13";"0";"9";"2";"16";"1";""
"202400042632";"155706681";"B01";"2";"7";"0";"2";"4";"9";"1";""
"202400042632";"155706683";"C01";"2";"7";"0";"2";"1";"9";"3";""
"202400042632";"155706685";"A01";"2";"7";"0";"2";"1";"2";"1";""
"202400042633";"155706680";"B01";"2";"7";"0";"2";"1";"1";"2";""
"202400042633";"155706682";"C01";"1";"7";"0";"2";"1";"1";"1";""
"202400042633";"155706684";"A01";"1";"7";"0";"2";"1";"13";"1";""
"202400042634";"155706678";"B01";"3";"32";"0";"2";"8";"15";"1";""
"202400042634";"155706679";"A01";"1";"7";"0";"2";"1";"1";"2";""
"202400042635";"155706674";"A01";"1";"7";"0";"2";"8";"9";"1";""
"202400042635";"155706676";"B01";"1";"7";"0";"2";"1";"0";"1";""
"202400042636";"155706673";"B01";"1";"7";"0";"2";"4";"1";"1";""
"202400042636";"155706675";"C01";"1";"7";"0";"2";"4";"2";"1";""
"202400042636";"155706677";"A01";"1";"7";"0";"2";"1";"0";"1";""
"202400042637";"155706672";"A01";"1";"7";"0";"1";"1";"16";"1";""
"202400042638";"155706668";"A01";"3";"7";"0";"1";"3";"10";"1";""
"202400042639";"155706667";"B01";"1";"1";"0";"9";"1";"21";"5";""
"202400042639";"155706670";"A01";"2";"1";"0";"0";"0";"8";"5";""
"202400042640";"155706666";"A01";"0";"7";"1";"0";"1";"0";"1";""
"202400042641";"155706664";"A01";"2";"7";"0";"1";"4";"4";"1";""
"202400042642";"155706662";"A01";"1";"17";"0";"1";"8";"1";"1";""
"202400042643";"155706663";"A01";"3";"33";"0";"2";"1";"1";"1";""
"202400042643";"155706665";"B01";"3";"10";"0";"2";"6";"15";"1";""
"202400042644";"155706660";"B01";"1";"7";"0";"2";"3";"10";"1";""
"202400042644";"155706661";"A01";"1";"30";"0";"2";"3";"1";"3";""
"202400042645";"155706657";"A01";"2";"50";"0";"2";"4";"1";"3";""
"202400042645";"155706658";"Z01";"0";"7";"0";"2";"1";"0";"1";""
"202400042646";"155706654";"A01";"2";"7";"0";"0";"4";"2";"1";""
"202400042646";"155706656";"B01";"2";"7";"0";"2";"1";"2";"3";""
"202400042647";"155706653";"B01";"1";"80";"0";"0";"8";"26";"3";""
"202400042647";"155706655";"A01";"1";"7";"0";"2";"7";"7";"2";""
"202400042648";"155706651";"A01";"2";"7";"0";"2";"3";"13";"0";""
"202400042648";"155706652";"B01";"1";"7";"0";"2";"4";"1";"0";""
"202400042649";"155706649";"A01";"1";"7";"0";"2";"3";"2";"1";""
"202400042649";"155706650";"B01";"1";"7";"3";"2";"5";"1";"1";""
"202400042650";"155706647";"B01";"1";"1";"0";"2";"1";"16";"5";""
"202400042650";"155706648";"A01";"2";"7";"0";"2";"3";"15";"3";""
"202400042651";"155706646";"A01";"3";"7";"3";"0";"9";"1";"1";""
"202400042652";"155706645";"A01";"2";"7";"4";"0";"2";"1";"1";""
"202400042653";"155706643";"A01";"2";"3";"9";"0";"2";"13";"1";""
"202400042654";"155706642";"B01";"2";"7";"0";"2";"6";"15";"1";""
"202400042654";"155706644";"A01";"2";"34";"0";"2";"1";"17";"1";""
"202400042655";"155706640";"B01";"1";"7";"0";"2";"1";"2";"1";""
"202400042655";"155706641";"A01";"1";"7";"0";"2";"4";"2";"1";""
"202400042656";"155706639";"A01";"1";"7";"0";"1";"1";"1";"1";""
"202400042657";"155706636";"B01";"3";"10";"0";"2";"8";"23";"1";""
"202400042657";"155706638";"A01";"3";"33";"0";"2";"7";"16";"1";""
"202400042658";"155706634";"B01";"1";"7";"0";"2";"4";"1";"1";""
"202400042658";"155706635";"C01";"2";"10";"3";"2";"3";"21";"1";""
"202400042658";"155706637";"A01";"1";"7";"0";"2";"1";"2";"1";""
"202400042659";"155706631";"A01";"1";"7";"0";"1";"8";"1";"1";""
"202400042660";"155706629";"C01";"2";"7";"0";"2";"1";"26";"1";""
"202400042660";"155706632";"A01";"1";"7";"0";"2";"3";"16";"1";""
"202400042660";"155706633";"B01";"1";"7";"0";"2";"3";"16";"1";""
"202400042661";"155706626";"D01";"1";"7";"0";"2";"1";"2";"1";""
"202400042661";"155706627";"B01";"1";"7";"0";"2";"5";"2";"1";""
"202400042661";"155706628";"A01";"1";"7";"1";"2";"1";"1";"1";""
"202400042661";"155706630";"C01";"1";"7";"0";"2";"4";"24";"1";""
"202400042662";"155706625";"A01";"2";"40";"2";"1";"2";"1";"3";""
"202400042663";"155706622";"Z01";"1";"10";"0";"2";"3";"18";"1";""
"202400042663";"155706623";"B01";"1";"7";"4";"2";"5";"12";"1";""
"202400042664";"155706621";"A01";"1";"33";"15";"2";"1";"12";"1";""
"202400042664";"155706624";"B01";"2";"7";"0";"2";"5";"14";"2";""
"202400042665";"155706620";"A01";"1";"7";"0";"0";"9";"26";"1";""
"202400042666";"155706618";"A01";"1";"31";"0";"2";"7";"17";"1";""
"202400042666";"155706619";"B01";"1";"7";"0";"2";"8";"15";"1";""
"202400042667";"155706616";"B01";"1";"7";"6";"2";"8";"2";"1";""
"202400042667";"155706617";"A01";"1";"10";"0";"2";"2";"14";"1";""
"202400042668";"155706614";"A01";"1";"7";"4";"0";"6";"1";"1";""
"202400042669";"155706613";"A01";"3";"7";"0";"2";"2";"1";"1";""
"202400042669";"155706615";"Z01";"3";"7";"0";"2";"1";"19";"1";""
"202400042670";"155706610";"A01";"1";"33";"0";"2";"1";"13";"1";""
"202400042670";"155706612";"B01";"2";"15";"0";"2";"3";"1";"1";""
"202400042671";"155706609";"B01";"0";"7";"0";"2";"7";"0";"1";""
"202400042671";"155706611";"A01";"0";"7";"0";"2";"0";"0";"0";""
"202400042672";"155706605";"A01";"1";"7";"0";"2";"4";"1";" -1";""
"202400042672";"155706606";"B01";"1";"33";"0";"2";"1";"1";"1";""
"202400042672";"155706608";"C01";"1";"33";"0";"2";"1";"1";"1";""
"202400042673";"155706604";"A01";"1";"7";"0";"2";"3";"13";"1";""
"202400042673";"155706607";"B01";"2";"7";"0";"2";"3";"1";"1";""
"202400042674";"155706601";"B01";"1";"33";"0";"2";"1";"17";"1";""
"202400042674";"155706603";"A01";"1";"10";"0";"2";"8";"15";"1";""
"202400042675";"155706602";"A01";"3";"7";"6";"2";"2";"1";"1";""
"202400042676";"155706599";"A01";"0";"2";"0";"1";"0";"0";"1";""
"202400042677";"155706598";"B01";"2";"7";"0";"2";"2";"1";"1";""
"202400042677";"155706600";"A01";"3";"50";"0";"2";"1";"25";"3";""
"202400042678";"155706597";"A01";"3";"7";"0";"1";"2";"0";"1";""
"202400042679";"155706593";"A01";"2";"7";"0";"2";"7";"1";"1";""
"202400042679";"155706596";"B01";"1";"7";"0";"2";"1";"1";"1";""
"202400042680";"155706594";"A01";"2";"7";"0";"0";"5";"23";"1";""
"202400042680";"155706595";"B01";"2";"32";"0";"2";"1";"0";"1";""
"202400042681";"155706592";"A01";"3";"7";"2";"0";"1";"14";"1";""
"202400042682";"155706591";"A01";"1";"7";"0";"1";"1";"13";"1";""
"202400042683";"155706589";"A01";"2";"7";"0";"1";"2";"16";"1";""
"202400042684";"155706588";"A01";"1";"7";"0";"2";"7";"13";"1";""
"202400042684";"155706590";"B01";"2";"7";"0";"2";"1";"1";"1";""
"202400042685";"155706587";"A01";"1";"33";"3";"0";"7";"14";"1";""
"202400042686";"155706585";"B01";"1";"33";"0";"2";"2";"1";"1";""
"202400042686";"155706586";"A01";"2";"7";"0";"2";"2";"15";"3";""
"202400042687";"155706584";"A01";"1";"7";"0";"1";"0";"4";"1";""
"202400042688";"155706582";"B01";"2";"33";"0";"2";"1";"21";"1";""
"202400042688";"155706583";"A01";"1";"10";"0";"2";"2";"9";"1";""
"202400042689";"155706580";"B01";"2";"7";"0";"2";"1";"2";"1";""
"202400042689";"155706581";"A01";"2";"7";"0";"0";"4";"2";"1";""
"202400042690";"155706578";"A01";"1";"7";"0";"2";"1";"16";"2";""
"202400042690";"155706579";"B01";"1";"50";"0";"2";"8";"5";"3";""
"202400042691";"155706575";"A01";"1";"7";"0";"2";"1";"1";"1";""
"202400042691";"155706576";"B01";"2";"7";"0";"2";"1";"1";"1";""
"202400042691";"155706577";"C01";"2";"7";"0";"2";"3";"1";"1";""
"202400042692";"155706574";"A01";"1";"33";"0";"0";"0";"4";"1";""
"202400042693";"155706572";"A01";"1";"7";"6";"0";"1";"13";"1";""
"202400042694";"155706571";"A01";"2";"7";"0";"2";"8";"2";"1";""
"202400042694";"155706573";"B01";"2";"50";"0";"2";"7";"15";"3";""
"202400042695";"155706569";"A01";"1";"7";"0";"2";"1";"1";"1";""
"202400042695";"155706570";"B01";"1";"7";"0";"2";"4";"23";"1";""
"202400042696";"155706567";"A01";"3";"7";"0";"2";"2";"2";"1";""
"202400042696";"155706568";"B01";"1";"10";"0";"2";"4";"2";"1";""
"202400042697";"155706566";"A01";"1";"7";"0";"1";"1";"19";"0";""
"202400042698";"155706565";"A01";"1";"7";"0";"1";"1";"1";"1";""
"202400042699";"155706563";"A01";"1";"1";"0";"2";"8";"1";"5";""
"202400042699";"155706564";"B01";"2";"7";"0";"2";"1";"15";"1";""
"202400042700";"155706562";"A01";"1";"7";"0";"1";"2";"1";"1";""
"202400042701";"155706561";"A01";"2";"33";"12";"0";"1";"1";"1";""
"202400042702";"155706560";"A01";"3";"7";"0";"1";"1";"19";"1";""
"202400042703";"155706559";"A01";"1";"50";"0";"1";"1";"2";"3";""
"202400042704";"155706557";"A01";"3";"7";"0";"2";"3";"13";"1";""
"202400042704";"155706558";"B01";"3";"7";"0";"2";"2";"1";"1";""
"202400042705";"155706554";"A01";"2";"33";"0";"2";"8";"1";"1";""
"202400042705";"155706556";"B01";"1";"7";"0";"2";"1";"1";"1";""
"202400042706";"155706552";"B01";"3";"7";"0";"2";"3";"1";"1";""
"202400042706";"155706553";"A01";"3";"7";"0";"2";"1";"19";"1";""
"202400042706";"155706555";"C01";"3";"7";"0";"2";"3";"1";"2";""
"202400042707";"155706551";"A01";"3";"7";"14";"0";"2";"21";"1";""
"202400042708";"155706549";"A01";"2";"50";"0";"1";"1";"1";"3";""
"202400042709";"155706548";"B01";"2";"10";"0";"2";"4";"0";"0";""
"202400042709";"155706550";"A01";"2";"7";"0";"2";"1";"1";"1";""
"202400042710";"155706546";"A01";"2";"7";"0";"2";"1";"1";"1";""
"202400042710";"155706547";"B01";"2";"7";"0";"2";"6";"1";"1";""
"202400042711";"155706543";"A01";"1";"7";"0";"2";"1";"17";"1";""
"202400042711";"155706545";"B01";"1";"7";"0";"2";"3";"2";"1";""
"202400042712";"155706542";"B01";"1";"31";"0";"2";"1";"0";"1";""
"202400042712";"155706544";"A01";"1";"7";"0";"2";"0";"10";"1";""
"202400042713";"155706541";"A01";"2";"7";"0";"1";"2";"0";"1";""
"202400042714";"155706539";"B01";"1";"30";"0";"0";"0";"0";"1";""
"202400042714";"155706540";"A01";"1";"43";"0";"2";"2";"15";"1";""
"202400042715";"155706538";"A01";"0";"10";"0";"1";"1";"16";"1";""
"202400042716";"155706535";"B01";"1";"10";"0";"2";"3";"1";"1";""
"202400042716";"155706537";"A01";"2";"34";"0";"2";"3";"15";"1";""
"202400042717";"155706536";"A01";"3";"7";"0";"1";"3";"15";"1";""
"202400042718";"155706532";"A01";"2";"37";"0";"2";"3";"17";"1";"1"
"202400042718";"155706533";"B01";"1";"7";"0";"2";"3";"0";"1";""
"202400042719";"155706531";"A01";"2";"7";"0";"2";"2";"1";"1";""
"202400042719";"155706534";"B01";"3";"7";"0";"2";"8";"1";"1";""
"202400042720";"155706528";"A01";"1";"7";"0";"1";"1";"1";"1";""
"202400042721";"155706529";"A01";"3";"0";"0";"2";"0";"16";"0";""
"202400042721";"155706530";"B01";"3";"43";"0";"2";"8";"1";"1";""
"202400042722";"155706525";"A01";"1";"7";"0";"2";"1";"15";"1";""
"202400042722";"155706526";"B01";"2";"30";"0";"2";"2";"1";"3";""
"202400042723";"155706524";"A01";"2";"10";"6";"0";"9";"1";"1";""
"202400042724";"155706522";"A01";"1";"7";"0";"2";"2";"0";"1";""
"202400042724";"155706523";"B01";"1";"7";"0";"2";"5";"11";"1";""
"202400042725";"155706521";"A01";"1";"33";"12";"0";"7";"14";"1";""
"202400042726";"155706519";"A01";"2";"33";"0";"2";"1";"1";"1";""
"202400042726";"155706520";"B01";"1";"7";"0";"2";"3";"16";"1";""
"202400042727";"155706517";"B01";"3";"13";"0";"2";"7";"16";"1";""
"202400042727";"155706518";"A01";"3";"33";"0";"2";"3";"18";"1";""
"202400042728";"155706515";"A01";"3";"34";"0";"2";"3";"10";"1";""
"202400042728";"155706516";"B01";"3";"7";"0";"2";"3";"1";"1";""
"202400042729";"155706513";"A01";"2";"7";"0";"2";"2";"15";"1";""
"202400042729";"155706514";"B01";"1";"33";"0";"2";"1";"1";"1";""
"202400042730";"155706511";"B01";"2";"1";"0";"2";"1";"12";"5";""
"202400042730";"155706512";"A01";"2";"10";"0";"2";"5";"20";"1";""
"202400042731";"155706509";"A01";"3";"7";"0";"2";"1";"1";"1";""
"202400042731";"155706510";"B01";"3";"7";"0";"2";"4";"1";"3";""
"202400042732";"155706508";"A01";"3";"7";"8";"0";"1";"14";"1";""
"202400042733";"155706507";"A01";"1";"37";"0";"1";"5";"1";"2";"1"
"202400042734";"155706505";"A01";"3";"7";"0";"2";"4";"23";"1";""
"202400042734";"155706506";"B01";"3";"7";"0";"2";"1";"2";"1";""
"202400042735";"155706501";"A01";"2";"7";"0";"2";"1";"1";"1";""
"202400042735";"155706502";"B01";"1";"7";"0";"2";"5";"1";"1";""
"202400042735";"155706503";"C01";"1";"7";"0";"2";"8";"1";"1";""
"202400042735";"155706504";"D01";"1";"7";"0";"2";"8";"1";"1";""
"202400042736";"155706499";"A01";"3";"7";"0";"2";"2";"26";"1";""
"202400042736";"155706500";"Z01";"1";"7";"0";"2";"1";"1";"1";""
"202400042737";"155706498";"Z01";"0";"30";"0";"1";"2";"1";"0";""
"202400042738";"155706496";"A01";"1";"33";"0";"2";"1";"1";"1";""
"202400042738";"155706497";"B01";"2";"7";"0";"2";"7";"15";"1";""
"202400042739";"155706495";"A01";"0";"7";"0";"1";"1";"0";"0";""
"202400042740";"155706493";"A01";"1";"7";"0";"2";"2";"9";"1";""
"202400042740";"155706494";"B01";"1";"7";"8";"2";"1";"1";"1";""
"202400042741";"155706492";"A01";"1";"3";"16";"0";"2";"1";"1";""
"202400042742";"155706491";"A01";"1";"1";"0";"0";"0";"2";"5";""
"202400042743";"155706490";"A01";"1";"1";"15";"0";"0";"0";"5";""
"202400042744";"155706488";"B01";"2";"7";"0";"9";"3";"1";"1";""
"202400042744";"155706489";"A01";"1";"1";"0";"2";"1";"1";"5";""
"202400042745";"155706487";"A01";"3";"10";"0";"1";"4";"4";"1";""
"202400042746";"155706486";"A01";"3";"7";"0";"1";"2";"16";"1";""
"202400042747";"155706484";"A01";"2";"33";"0";"0";"8";"0";"1";""
"202400042747";"155706485";"B01";"1";"7";"0";"2";"1";"15";"1";""
"202400042748";"155706482";"A01";"1";"7";"0";"0";"4";"1";"1";""
"202400042748";"155706483";"B01";"1";"2";"0";"2";"1";"1";"1";""