"Num_Acc";"id_vehicule";"num_veh";"senc";"catv";"obs";"obsm";"choc";"manv";"motor";"occutc"
"202400042749";"155706480";"A01";"1";"31";"0";"0";"1";"2";"1";""
"202400042749";"155706481";"B01";"1";"7";"0";"2";"7";"16";"1";""
"202400042750";"155706479";"A01";"3";"1";"2";"0";"1";"1";"5";""
"202400042751";"155706475";"D01";"3";"7";"0";"2";"1";"1";"1";""
"202400042751";"155706476";"A01";"2";"36";"12";"2";"3";"17";"1";""
"202400042751";"155706477";"B01";"2";"36";"8";"2";"8";"1";"1";""
"202400042751";"155706478";"C01";"1";"7";"0";"2";"3";"11";"1";""
"202400042752";"155706473";"A01";"2";"7";"0";"2";"3";"13";"1";""
"202400042752";"155706474";"B01";"1";"7";"0";"2";"3";"1";"1";""
"202400042753";"155706471";"A01";"1";"10";"0";"2";"3";"1";"1";""
"202400042753";"155706472";"B01";"2";"7";"0";"2";"3";"1";"2";""
"202400042754";"155706470";"A01";"1";"7";"13";"6";"1";"21";"3";""
"202400042755";"155706469";"A01";"2";"7";"2";"0";"0";"1";"1";""
"202400042756";"155706468";"A01";"1";"7";"2";"0";"1";"1";"1";""
"202400042757";"155706467";"A01";"0";"7";"6";"0";"2";"0";"2";""
"202400042758";"155706465";"A01";"2";"7";"0";"2";"8";"15";"1";""
"202400042758";"155706466";"B01";"2";"30";"0";"0";"1";"1";"1";""
"202400042759";"155706464";"A01";"1";"7";"0";"1";"2";"20";"1";""
"202400042760";"155706463";"A01";"1";"7";"1";"0";"1";"1";"1";""
"202400042761";"155706461";"A01";"3";"7";"0";"0";"6";"15";"1";""
"202400042761";"155706462";"B01";"3";"2";"0";"0";"1";"17";"1";""
"202400042762";"155706459";"B01";"2";"80";"0";"0";"6";"1";"3";""
"202400042762";"155706460";"A01";"2";"7";"0";"0";"7";"2";"0";""
"202400042763";"155706457";"A01";"1";"7";"0";"2";"3";"13";"1";""
"202400042763";"155706458";"B01";"1";"17";"0";"2";"2";"1";"1";""
"202400042764";"155706455";"B01";"2";"33";"0";"2";"3";"1";"1";""
"202400042764";"155706456";"A01";"1";"7";"0";"2";"7";"1";"1";""
"202400042765";"155706454";"A01";"1";"7";"0";"1";"2";"1";"2";""
"202400042766";"155706453";"A01";"1";"33";"0";"1";"2";"1";"1";""
"202400042767";"155706452";"A01";"2";"1";"0";"1";"1";"1";"5";""
"202400042768";"155706451";"Z01";"1";"32";"0";"1";"0";"1";"1";""
"202400042769";"155706450";"A01";"2";"7";"0";"1";"1";"1";"1";""
"202400042770";"155706449";"A01";"3";"14";"0";"1";"0";"0";"0";""
"202400042771";"155706448";"A01";"0";"10";"0";"1";"0";"1";"1";""
"202400042772";"155706446";"A01";"1";"10";"0";"2";"6";"11";"1";""
"202400042772";"155706447";"B01";"1";"7";"0";"2";"2";"1";"1";""
"202400042773";"155706444";"B01";"2";"7";"0";"2";"1";"1";"1";""
"202400042773";"155706445";"A01";"1";"10";"0";"2";"1";"1";"1";""
"202400042774";"155706442";"A01";"3";"7";"0";"2";"1";"0";"2";""
"202400042774";"155706443";"B01";"3";"7";"0";"2";"4";"0";"1";""
"202400042775";"155706440";"A01";"1";"30";"0";"2";"1";"1";"1";""
"202400042775";"155706441";"B01";"2";"7";"0";"2";"2";"10";"0";""
"202400042776";"155706438";"B01";"3";"37";"12";"2";"1";"2";"1";"1"
"202400042776";"155706439";"A01";"3";"37";"12";"2";"4";"1";"1";"1"
"202400042777";"155706437";"A01";"1";"7";"0";"1";"2";"16";"1";""
"202400042778";"155706435";"B01";"0";"7";"0";"2";"8";"1";"1";""
"202400042778";"155706436";"A01";"1";"13";"0";"2";"1";"1";"0";""
"202400042779";"155706433";"B01";"0";"1";"0";"2";"4";"15";"5";""
"202400042779";"155706434";"A01";"0";"43";"0";"2";"1";"1";"0";""
"202400042780";"155706432";"A01";"1";"34";"0";"1";"1";"19";"1";""
"202400042781";"155706430";"A01";"2";"7";"0";"2";"1";"1";"1";""
"202400042781";"155706431";"B01";"0";"7";"0";"2";"8";"15";"1";""
"202400042782";"155706428";"A01";"3";"1";"0";"2";"7";"1";"5";""
"202400042782";"155706429";"B01";"3";"7";"0";"9";"1";"9";"1";""
"202400042783";"155706426";"B01";"3";"7";"0";"2";"1";"1";"1";""
"202400042783";"155706427";"A01";"3";"7";"0";"2";"2";"1";"1";""
"202400042784";"155706425";"A01";"3";"32";"0";"1";"2";"1";"1";""
"202400042785";"155706423";"A01";"0";"7";"0";"0";"2";"20";"1";""
"202400042785";"155706424";"B01";"0";"2";"0";"0";"0";"0";"1";""
"202400042786";"155706421";"A01";"2";"50";"0";"2";"1";"1";"3";""
"202400042786";"155706422";"B01";"2";"1";"0";"2";"8";"26";"5";""
"202400042787";"155706419";"A01";"3";"1";"0";"2";"8";"1";"5";""
"202400042787";"155706420";"B01";"2";"33";"0";"2";"1";"1";"1";""
"202400042788";"155706417";"A01";"1";"7";"0";"2";"2";"1";"1";""
"202400042788";"155706418";"B01";"1";"32";"0";"2";"6";"1";"1";""
"202400042789";"155706414";"A01";"1";"7";"2";"2";"2";"17";"1";""
"202400042789";"155706415";"C01";"2";"7";"13";"2";"3";"1";"1";""
"202400042789";"155706416";"B01";"1";"7";"13";"9";"0";"1";"1";""
"202400042790";"155706413";"A01";"3";"7";"0";"1";"2";"16";"1";""
"202400042791";"155706410";"A01";"2";"7";"0";"2";"3";"1";"1";""
"202400042791";"155706411";"B01";"1";"7";"3";"2";"3";"5";"1";""
"202400042791";"155706412";"C01";"2";"7";"0";"2";"3";"1";"1";""
"202400042792";"155706408";"B01";"1";"7";"0";"2";"3";"1";"1";""
"202400042792";"155706409";"A01";"2";"7";"0";"2";"3";"13";"1";""
"202400042793";"155706406";"A01";"2";"7";"0";"2";"1";"1";"1";""
"202400042793";"155706407";"B01";"1";"7";"0";"2";"1";"13";"1";""
"202400042794";"155706404";"B01";"0";"7";"0";"2";"3";"1";"1";""
"202400042794";"155706405";"A01";"3";"7";"0";"2";"3";"1";"1";""
"202400042795";"155706402";"A01";"2";"7";"0";"2";"1";"13";"1";""
"202400042795";"155706403";"B01";"1";"15";"0";"2";"1";"1";"1";""
"202400042796";"155706400";"A01";"1";"7";"0";"2";"3";"1";"1";""
"202400042796";"155706401";"B01";"2";"7";"0";"2";"1";"17";"1";""
"202400042797";"155706399";"A01";"2";"10";"1";"1";"2";"2";"1";""
"202400042798";"155706398";"A01";"1";"10";"0";"1";"3";"1";"1";""
"202400042799";"155706397";"A01";"1";"7";"13";"0";"2";"0";"1";""
"202400042800";"155706395";"A01";"2";"7";"0";"2";"1";"1";"1";""
"202400042800";"155706396";"B01";"1";"7";"0";"2";"1";"1";"1";""
"202400042801";"155706393";"A01";"2";"7";"0";"2";"3";"1";"1";""
"202400042801";"155706394";"B01";"1";"10";"0";"2";"3";"1";"1";""
"202400042802";"155706391";"A01";"2";"7";"2";"0";"7";"1";"1";""
"202400042803";"155706390";"A01";"1";"7";"0";"0";"1";"1";"1";""
"202400042804";"155706388";"A01";"1";"7";"0";"2";"3";"13";"1";""
"202400042804";"155706389";"B01";"2";"7";"9";"2";"3";"1";"1";""
"202400042805";"155706387";"A01";"1";"7";"13";"0";"3";"1";"1";""
"202400042806";"155706386";"A01";"2";"15";"3";"0";"7";"26";"1";""
"202400042807";"155706384";"A01";"2";"7";"0";"2";"8";"1";"1";""
"202400042807";"155706385";"B01";"2";"0";"0";"2";"2";"14";"0";""
"202400042808";"155706380";"C01";"1";"15";"0";"2";"4";"1";"1";""
"202400042808";"155706381";"A01";"1";"14";"0";"2";"3";"26";"1";""
"202400042808";"155706382";"D01";"1";"7";"0";"2";"4";"1";"1";""
"202400042808";"155706383";"B01";"1";"15";"0";"0";"2";"1";"1";""
"202400042809";"155706379";"A01";"2";"38";"0";"0";"0";"24";"6";"7"
"202400042810";"155706378";"A01";"1";"7";"0";"0";"1";"0";"1";""
"202400042811";"155706377";"A01";"2";"7";"3";"0";"1";"2";"1";""
"202400042812";"155706376";"A01";"3";"10";"0";"1";"6";"20";"0";""
"202400042813";"155706374";"A01";"2";"7";"0";"2";"1";"17";"1";""
"202400042813";"155706375";"B01";"1";"7";"0";"2";"1";"1";"1";""
"202400042814";"155706373";"A01";"1";"7";"0";"1";"2";"1";"1";""
"202400042815";"155706372";"A01";"1";"7";"0";"1";"1";"1";"1";""
"202400042816";"155706371";"A01";"2";"7";"6";"0";"2";"1";"1";""
"202400042817";"155706368";"C01";"1";"7";"0";"2";"6";"0";"1";""
"202400042817";"155706369";"B01";"2";"17";"0";"2";"8";"19";"1";""
"202400042817";"155706370";"A01";"1";"7";"0";"2";"3";"13";"1";""
"202400042818";"155706366";"B01";"1";"15";"0";"0";"4";"2";"1";""
"202400042818";"155706367";"A01";"1";"10";"0";"2";"1";"2";"1";""
"202400042819";"155706365";"A01";"1";"7";"2";"0";"1";"1";"1";""
"202400042820";"155706364";"A01";"1";"7";"2";"0";"1";"1";"1";""
"202400042821";"155706362";"A01";"2";"7";"0";"2";"1";"19";"1";""
"202400042821";"155706363";"B01";"1";"2";"0";"2";"8";"1";"1";""
"202400042822";"155706361";"A01";"1";"7";"8";"0";"8";"0";"1";""
"202400042823";"155706358";"C01";"1";"7";"0";"2";"1";"2";"1";""
"202400042823";"155706359";"A01";"1";"7";"0";"0";"4";"23";"1";""
"202400042823";"155706360";"B01";"1";"7";"0";"2";"4";"2";"1";""
"202400042824";"155706355";"A01";"1";"7";"0";"2";"1";"1";"1";""
"202400042824";"155706356";"B01";"1";"7";"4";"2";"4";"1";"1";""
"202400042824";"155706357";"C01";"1";"15";"0";"2";"1";"1";"1";""
"202400042825";"155706353";"A01";"2";"7";"3";"2";"3";"2";"1";""
"202400042825";"155706354";"B01";"2";"15";"0";"2";"5";"2";"1";""
"202400042826";"155706351";"A01";"1";"7";"3";"0";"3";"1";"1";""
"202400042826";"155706352";"B01";"1";"7";"0";"2";"2";"13";"1";""
"202400042827";"155706349";"B01";"1";"7";"0";"2";"4";"23";"1";""
"202400042827";"155706350";"A01";"1";"7";"0";"2";"1";"1";"2";""
"202400042828";"155706347";"A01";"1";"31";"0";"2";"1";"2";"1";""
"202400042828";"155706348";"B01";"1";"7";"0";"2";"4";"1";"1";""
"202400042829";"155706346";"A01";"3";"7";"0";"1";"1";"0";"1";""
"202400042830";"155706345";"A01";"1";"7";"12";"0";"1";"1";"2";""
"202400042831";"155706343";"B01";"1";"7";"0";"2";"2";"1";"2";""
"202400042831";"155706344";"A01";"3";"1";"0";"2";"1";"9";"5";""
"202400042832";"155706341";"A01";"1";"30";"0";"2";"3";"1";"1";""
"202400042832";"155706342";"B01";"1";"7";"0";"2";"5";"16";"1";""
"202400042833";"155706339";"B01";"2";"50";"0";"2";"1";"3";"3";""
"202400042833";"155706340";"A01";"1";"7";"0";"2";"2";"15";"1";""
"202400042834";"155706338";"A01";"1";"7";"15";"0";"3";"13";"1";""
"202400042835";"155706337";"A01";"1";"7";"2";"0";"6";"21";"1";""
"202400042836";"155706335";"B01";"1";"7";"0";"2";"1";"1";"1";""
"202400042836";"155706336";"A01";"2";"7";"0";"2";"1";"1";"1";""
"202400042837";"155706333";"A01";"3";"7";"0";"2";"3";"15";"1";""
"202400042837";"155706334";"B01";"2";"7";"0";"2";"1";"1";"1";""
"202400042838";"155706331";"A01";"1";"37";"7";"2";"1";"26";"1";"2"
"202400042838";"155706332";"B01";"2";"99";"0";"2";"1";"26";"0";""
"202400042839";"155706330";"A01";"1";"30";"0";"0";"1";"1";"1";""
"202400042840";"155706328";"A01";"2";"7";"0";"2";"3";"13";"1";""
"202400042840";"155706329";"B01";"1";"7";"0";"2";"3";"1";"1";""
"202400042841";"155706321";"A01";"1";"7";"0";"2";"3";"11";"1";""
"202400042841";"155706322";"B01";"1";"2";"0";"2";"1";"2";"1";""
"202400042842";"155706320";"A01";"0";"50";"12";"0";"7";"1";"3";""
"202400042843";"155706319";"A01";"2";"50";"0";"1";"1";"1";"3";""
"202400042844";"155706318";"A01";"2";"7";"0";"1";"2";"19";"0";""
"202400042845";"155706317";"A01";"1";"99";"8";"0";"2";"26";"1";""
"202400042846";"155706312";"C01";"1";"7";"0";"2";"6";"23";"1";""
"202400042846";"155706314";"A01";"1";"10";"0";"2";"1";"2";"3";""
"202400042846";"155706316";"B01";"3";"7";"0";"2";"4";"2";"2";""
"202400042847";"155706313";"B01";"1";"33";"0";"2";"1";"1";"1";""
"202400042847";"155706315";"A01";"2";"1";"0";"2";"8";"19";"5";""
"202400042848";"155706310";"A01";"2";"7";"0";"1";"1";"1";"1";""
"202400042849";"155706309";"A01";"2";"33";"0";"2";"1";"3";"1";""
"202400042849";"155706311";"B01";"2";"7";"0";"2";"5";"12";"2";""
"202400042850";"155706308";"B01";"2";"7";"0";"0";"1";"1";"1";""
"202400042851";"155706303";"C01";"1";"7";"0";"2";"3";"1";"1";""
"202400042851";"155706305";"A01";"2";"30";"0";"2";"1";"15";"1";""
"202400042851";"155706306";"B01";"1";"7";"0";"2";"8";"1";"1";""
"202400042852";"155706302";"A01";"2";"10";"0";"2";"7";"12";"1";""
"202400042852";"155706304";"B01";"2";"7";"0";"2";"8";"18";"1";""
"202400042853";"155706300";"A01";"3";"7";"1";"0";"2";"16";"1";""
"202400042854";"155706299";"A01";"1";"7";"0";"2";"1";"1";"1";""
"202400042854";"155706301";"B01";"1";"7";"0";"2";"3";"1";"1";""
"202400042855";"155706296";"B01";"2";"1";"0";"2";"1";"1";"5";""
"202400042855";"155706298";"A01";"1";"7";"0";"9";"2";"24";"1";""
"202400042856";"155706295";"A01";"2";"7";"0";"2";"3";"19";"1";""
"202400042856";"155706297";"B01";"3";"7";"0";"2";"2";"1";"1";""
"202400042857";"155706294";"A01";"3";"10";"0";"0";"0";"1";"1";""
"202400042858";"155706292";"A01";"1";"7";"8";"0";"9";"1";"1";""
"202400042859";"155706293";"Z01";"1";"10";"0";"1";"7";"2";"0";""
"202400042860";"155706289";"A01";"1";"7";"0";"2";"1";"1";"1";""
"202400042860";"155706291";"B01";"1";"7";"0";"2";"1";"11";"1";""
"202400042861";"155706290";"A01";"3";"10";"0";"1";"8";"15";"1";""
"202400042862";"155706287";"B01";"1";"7";"0";"2";"1";"15";"0";""
"202400042862";"155706288";"A01";"2";"1";"0";"2";"8";"1";"5";""
"202400042863";"155706286";"Z01";"1";"7";"0";"1";"2";"0";"2";""
"202400042864";"155706284";"A01";"0";"7";"0";"1";"2";"1";"1";""
"202400042865";"155706283";"B01";"1";"7";"0";"2";"2";"1";"1";""
"202400042865";"155706285";"A01";"1";"50";"0";"2";"3";"13";"3";""
"202400042866";"155706282";"A01";"3";"50";"0";"2";"1";"0";"3";""
"202400042867";"155706280";"B01";"1";"30";"0";"2";"7";"17";"1";""
"202400042867";"155706281";"A01";"1";"7";"0";"2";"3";"15";"2";""
"202400042868";"155706279";"A01";"3";"10";"0";"1";"1";"1";"0";""
"202400042869";"155706275";"B01";"2";"7";"0";"2";"1";"1";"1";""
"202400042869";"155706278";"A01";"1";"10";"0";"2";"6";"1";"1";""
"202400042870";"155706276";"A01";"1";"10";"0";"2";"2";"16";"1";""
"202400042870";"155706277";"B01";"1";"33";"0";"2";"3";"1";"1";""
"202400042871";"155706273";"A01";"2";"7";"0";"2";"1";"15";"1";""
"202400042871";"155706274";"B01";"1";"7";"0";"2";"1";"1";"1";""
"202400042872";"155706269";"A01";"1";"7";"0";"2";"1";"15";"1";""
"202400042872";"155706271";"B01";"2";"7";"0";"2";"1";"1";"1";""
"202400042873";"155706270";"B01";"3";"31";"0";"2";"2";"15";"1";""
"202400042873";"155706272";"A01";"1";"13";"0";"2";"0";"15";"1";""
"202400042874";"155706268";"A01";"1";"7";"1";"0";"8";"21";"1";""
"202400042875";"155706266";"A01";"1";"33";"0";"1";"0";"13";"1";""
"202400042876";"155706265";"A01";"1";"7";"0";"2";"2";"1";"1";""
"202400042876";"155706267";"B01";"2";"1";"0";"2";"3";"1";"5";""
"202400042877";"155706264";"A01";"2";"10";"3";"0";"9";"6";"1";""
"202400042878";"155706263";"A01";"1";"7";"10";"0";"3";"1";"1";""
"202400042879";"155706260";"B01";"1";"2";"0";"2";"1";"1";"1";""
"202400042879";"155706262";"A01";"2";"7";"0";"2";"1";"15";"1";""
"202400042880";"155706259";"A01";"1";"7";"0";"2";"2";"14";"1";""
"202400042880";"155706261";"B01";"1";"43";"0";"2";"3";"7";"1";""
"202400042881";"155706258";"A01";"1";"7";"11";"0";"0";"14";"1";""
"202400042882";"155706256";"A01";"1";"7";"0";"1";"2";"1";"1";""
"202400042883";"155706253";"A01";"3";"7";"8";"0";"3";"15";"1";""
"202400042884";"155706254";"B01";"2";"10";"0";"2";"4";"1";"3";""
"202400042884";"155706257";"A01";"2";"7";"0";"2";"1";"2";"2";""
"202400042885";"155706252";"A01";"1";"7";"0";"9";"3";"2";"1";""
"202400042886";"155706251";"A01";"3";"7";"0";"1";"1";"1";"1";""
"202400042887";"155706249";"A01";"1";"1";"12";"2";"1";"1";"5";""
"202400042887";"155706250";"B01";"2";"50";"0";"2";"1";"5";"3";""
"202400042888";"155706246";"B01";"3";"50";"0";"2";"8";"19";"3";""
"202400042888";"155706248";"A01";"1";"7";"0";"2";"1";"15";"1";""
"202400042889";"155706245";"A01";"2";"7";"0";"2";"1";"9";"1";""
"202400042889";"155706247";"B01";"3";"30";"0";"2";"7";"0";"1";""
"202400042890";"155706241";"B01";"1";"1";"0";"2";"1";"15";"5";""
"202400042890";"155706244";"A01";"2";"33";"0";"2";"1";"1";"1";""
"202400042891";"155706240";"A01";"2";"2";"0";"2";"1";"1";"1";""
"202400042891";"155706243";"B01";"3";"7";"0";"2";"2";"15";"1";""
"202400042892";"155706239";"B01";"2";"10";"0";"2";"7";"1";"1";""
"202400042892";"155706242";"A01";"2";"7";"0";"2";"8";"18";"1";""
"202400042893";"155706238";"A01";"1";"7";"0";"1";"3";"1";"0";""
"202400042894";"155706236";"B01";"2";"7";"0";"2";"1";"1";"1";""
"202400042894";"155706237";"A01";"2";"7";"0";"2";"1";"19";"1";""
"202400042895";"155706233";"A01";"1";"7";"0";"2";"1";"26";"1";""
"202400042895";"155706235";"B01";"1";"7";"0";"2";"4";"23";"1";""
"202400042896";"155706232";"B01";"3";"2";"0";"2";"1";"1";"1";""
"202400042896";"155706234";"A01";"3";"7";"0";"2";"6";"9";"2";""
"202400042897";"155706230";"A01";"2";"7";"0";"1";"3";"1";"1";""
"202400042898";"155706229";"A01";"3";"7";"0";"2";"2";"15";"1";""
"202400042898";"155706231";"B01";"0";"32";"0";"2";"1";"1";"1";""
"202400042899";"155706227";"A01";"1";"1";"12";"0";"1";"1";"5";""
"202400042900";"155706226";"A01";"3";"7";"0";"1";"3";"17";"1";""
"202400042901";"155706225";"A01";"3";"50";"0";"2";"2";"5";"3";""
"202400042901";"155706228";"B01";"3";"7";"0";"9";"2";"0";"1";""
"202400042902";"155706222";"Z01";"0";"7";"0";"2";"0";"0";"0";""
"202400042902";"155706224";"A01";"0";"80";"0";"2";"0";"1";"3";""
"202400042903";"155706218";"A01";"1";"7";"0";"2";"1";"2";"1";""
"202400042903";"155706220";"B01";"1";"7";"0";"2";"4";"2";"1";""
"202400042904";"155706219";"B01";"1";"7";"0";"2";"3";"9";"1";""
"202400042904";"155706221";"A01";"2";"33";"0";"2";"1";"3";"1";""
"202400042905";"155706216";"A01";"3";"7";"0";"2";"1";"1";"1";""
"202400042905";"155706217";"B01";"3";"7";"0";"2";"6";"1";"1";""
"202400042905";"155706223";"C01";"3";"7";"0";"2";"7";"1";"1";""
"202400042906";"155706215";"A01";"0";"50";"12";"0";"1";"19";"3";""
"202400042907";"155706211";"A01";"0";"1";"12";"0";"1";"1";"5";""
"202400042908";"155706212";"A01";"1";"7";"0";"2";"2";"11";"1";""
"202400042908";"155706214";"B01";"1";"7";"0";"2";"3";"1";"1";""
"202400042909";"155706210";"B01";"1";"7";"0";"2";"3";"1";"1";""
"202400042909";"155706213";"A01";"1";"7";"16";"0";"1";"19";"1";""
"202400042910";"155706209";"A01";"1";"7";"0";"1";"2";"1";"1";""
"202400042911";"155706208";"A01";"1";"50";"0";"1";"1";"1";"3";""
"202400042912";"155706207";"A01";"1";"7";"0";"1";"3";"1";"1";""
"202400042913";"155706204";"A01";"1";"7";"0";"2";"3";"15";"1";""
"202400042913";"155706206";"B01";"1";"30";"0";"2";"1";"1";"1";""
"202400042914";"155706202";"B01";"1";"32";"0";"2";"3";"1";"1";""
"202400042914";"155706205";"A01";"1";"7";"0";"2";"7";"20";"1";""
"202400042915";"155706201";"A01";"2";"7";"0";"2";"0";"15";"1";""
"202400042915";"155706203";"B01";"1";"34";"0";"2";"1";"1";"1";""
"202400042916";"155706200";"A01";"1";"50";"12";"0";"1";"1";"3";""
"202400042917";"155706197";"A01";"2";"7";"0";"2";"7";"12";"3";""
"202400042917";"155706199";"B01";"2";"32";"2";"2";"3";"1";"1";""
"202400042918";"155706195";"B01";"2";"33";"0";"2";"1";"1";"1";""
"202400042918";"155706196";"A01";"2";"33";"0";"2";"8";"15";"1";""
"202400042919";"155706194";"A01";"3";"7";"0";"1";"0";"0";"1";""
"202400042920";"155706190";"A01";"2";"33";"0";"2";"1";"18";"1";""
"202400042920";"155706192";"B01";"2";"7";"0";"2";"7";"14";"1";""
"202400042921";"155706189";"A01";"3";"1";"0";"2";"1";"1";"5";""
"202400042921";"155706193";"B01";"3";"7";"0";"2";"5";"23";"2";""
"202400042922";"155706188";"B01";"2";"50";"0";"2";"7";"1";"3";""
"202400042922";"155706191";"A01";"2";"10";"0";"2";"1";"16";"1";""
"202400042923";"155706187";"A01";"3";"33";"0";"1";"1";"1";"1";""
"202400042924";"155706185";"A01";"0";"1";"0";"1";"1";"1";"5";""
"202400042925";"155706182";"B01";"3";"10";"0";"2";"4";"23";"1";""
"202400042925";"155706184";"C01";"3";"15";"0";"2";"4";"23";"1";""
"202400042925";"155706186";"Z01";"3";"10";"0";"2";"0";"0";"1";""
"202400042926";"155706181";"A01";"2";"7";"0";"2";"3";"20";"1";""
"202400042926";"155706183";"B01";"2";"33";"0";"2";"2";"17";"1";""
"202400042927";"155706180";"A01";"1";"7";"0";"1";"1";"1";"1";""
"202400042928";"155706176";"A01";"1";"7";"0";"2";"7";"16";"1";""
"202400042928";"155706178";"B01";"1";"50";"0";"2";"1";"1";"3";""
"202400042929";"155706175";"B01";"1";"7";"0";"2";"3";"26";"1";""
"202400042929";"155706179";"A01";"1";"30";"0";"2";"8";"1";"1";""
"202400042930";"155706174";"B01";"1";"31";"0";"2";"1";"1";"1";""
"202400042930";"155706177";"A01";"1";"7";"0";"2";"3";"15";"1";""
"202400042931";"155706172";"A01";"0";"10";"8";"0";"3";"1";"1";""
"202400042932";"155706171";"A01";"2";"10";"0";"1";"1";"1";"1";""
"202400042933";"155706170";"A01";"2";"7";"0";"2";"1";"1";"1";""
"202400042933";"155706173";"B01";"1";"7";"0";"2";"4";"16";"1";""
"202400042934";"155706167";"A01";"1";"7";"0";"1";"3";"16";"2";""
"202400042935";"155706168";"A01";"1";"31";"0";"2";"3";"13";"1";""
"202400042935";"155706169";"B01";"2";"10";"12";"2";"3";"21";"1";""
"202400042936";"155706166";"A01";"2";"7";"0";"1";"2";"14";"1";""
"202400042937";"155706163";"A01";"2";"50";"0";"2";"9";"1";"3";""
"202400042937";"155706165";"B01";"1";"32";"0";"2";"2";"1";"1";""
"202400042938";"155706164";"A01";"2";"7";"6";"0";"1";"1";"1";""
"202400042939";"155706162";"A01";"2";"13";"0";"1";"2";"1";"3";""
"202400042940";"155706159";"A01";"2";"1";"0";"2";"1";"14";"5";""
"202400042940";"155706160";"B01";"1";"1";"0";"2";"1";"1";"5";""
"202400042941";"155706158";"B01";"1";"7";"0";"2";"3";"1";"1";""
"202400042941";"155706161";"A01";"1";"7";"13";"2";"5";"17";"1";""
"202400042942";"155706155";"A01";"2";"7";"0";"2";"1";"15";"1";""
"202400042942";"155706156";"B01";"1";"2";"1";"2";"8";"1";"1";""
"202400042943";"155706154";"A01";"2";"38";"0";"1";"3";"1";"1";"1"
"202400042944";"155706152";"A01";"1";"30";"0";"1";"1";"1";"1";""
"202400042945";"155706151";"A01";"1";"7";"13";"0";"1";"2";"1";""
"202400042946";"155706153";"B01";"2";"7";"0";"2";"1";"2";"1";""
"202400042946";"155706157";"A01";"2";"7";"1";"2";"4";"20";"3";""
"202400042947";"155706148";"A01";"2";"7";"0";"2";"2";"1";"1";""
"202400042947";"155706150";"B01";"1";"31";"0";"2";"3";"2";"1";""
"202400042948";"155706145";"A01";"2";"7";"0";"2";"1";"1";"1";""
"202400042948";"155706147";"B01";"1";"7";"0";"2";"1";"17";"1";""
"202400042948";"155706149";"C01";"2";"10";"0";"2";"1";"1";"1";""
"202400042949";"155706141";"A01";"1";"7";"0";"2";"2";"14";"1";""
"202400042949";"155706144";"B01";"1";"7";"0";"2";"6";"1";"1";""
"202400042950";"155706143";"A01";"3";"31";"8";"0";"1";"0";"1";""
"202400042951";"155706142";"B01";"2";"7";"0";"2";"2";"17";"1";""
"202400042951";"155706146";"A01";"2";"50";"0";"2";"8";"15";"3";""
"202400042952";"155706140";"A01";"1";"33";"0";"0";"7";"1";"1";""
"202400042953";"155706137";"A01";"2";"7";"0";"1";"1";"1";"1";""
"202400042954";"155706138";"A01";"1";"7";"0";"1";"1";"1";"1";""
"202400042955";"155706139";"A01";"1";"99";"4";"0";"3";"1";"1";""
"202400042956";"155706135";"B01";"3";"7";"0";"2";"3";"1";"1";""
"202400042957";"155706136";"A01";"2";"10";"0";"1";"4";"4";"1";""
"202400042958";"155706133";"A01";"1";"7";"0";"2";"3";"5";"1";""
"202400042958";"155706134";"B01";"2";"13";"0";"2";"3";"1";"1";""
"202400042959";"155706131";"A01";"2";"7";"0";"2";"3";"10";"0";""
"202400042959";"155706132";"B01";"1";"30";"0";"2";"1";"1";"0";""
"202400042960";"155706130";"A01";"1";"40";"0";"1";"1";"1";"3";""
"202400042961";"155706126";"B01";"3";"7";"0";"2";"1";"9";"1";""
"202400042961";"155706129";"A01";"1";"33";"0";"2";"1";"1";"1";""
"202400042962";"155706125";"A01";"2";"7";"0";"2";"4";"1";"1";""
"202400042962";"155706127";"B01";"2";"10";"0";"2";"1";"1";"1";""
"202400042963";"155706123";"A01";"2";"7";"0";"0";"0";"1";"1";""
"202400042964";"155706122";"B01";"2";"31";"0";"2";"1";"1";"0";""
"202400042964";"155706124";"A01";"1";"7";"0";"2";"2";"15";"0";""
"202400042965";"155706119";"A01";"1";"7";"2";"0";"7";"1";"0";""
"202400042966";"155706118";"B01";"1";"2";"0";"2";"1";"17";"3";""
"202400042966";"155706120";"A01";"1";"7";"0";"2";"3";"15";"1";""
"202400042967";"155706117";"A01";"0";"7";"0";"2";"0";"1";"1";""
"202400042967";"155706121";"B01";"0";"7";"1";"0";"0";"0";"1";""
"202400042968";"155706115";"A01";"2";"7";"13";"0";"2";"14";"1";""
"202400042969";"155706114";"B01";"3";"33";"0";"2";"8";"11";"1";""
"202400042969";"155706116";"A01";"3";"7";"0";"2";"2";"12";"1";""
"202400042970";"155706110";"B01";"3";"37";"0";"2";"2";"1";"1";"1"
"202400042970";"155706111";"A01";"3";"50";"0";"2";"3";"15";"3";""
"202400042971";"155706112";"A01";"3";"80";"13";"0";"4";"25";"3";""
"202400042972";"155706109";"B01";"2";"2";"0";"2";"7";"16";"1";""
"202400042972";"155706113";"A01";"2";"7";"0";"2";"3";"16";"1";""
"202400042973";"155706107";"B01";"0";"31";"0";"2";"1";"17";"1";""
"202400042973";"155706108";"A01";"0";"7";"0";"2";"8";"17";"1";""
"202400042974";"155706103";"B01";"1";"7";"0";"2";"1";"2";"1";""
"202400042974";"155706105";"A01";"1";"7";"0";"2";"1";"2";"1";""