"Num_Acc";"id_vehicule";"num_veh";"senc";"catv";"obs";"obsm";"choc";"manv";"motor";"occutc"
"202400042975";"155706100";"A01";"1";"7";"0";"2";"2";"15";"1";""
"202400042975";"155706101";"B01";"2";"7";"0";"2";"8";"0";"1";""
"202400042976";"155706102";"B01";"2";"7";"0";"2";"3";"1";"1";""
"202400042976";"155706106";"A01";"3";"2";"0";"2";"2";"1";"1";""
"202400042977";"155706104";"A01";"2";"2";"0";"0";"0";"19";"1";""
"202400042978";"155706099";"A01";"1";"7";"0";"1";"1";"21";"1";""
"202400042979";"155706095";"B01";"3";"7";"0";"2";"3";"15";"1";""
"202400042979";"155706096";"A01";"3";"33";"0";"2";"3";"17";"1";""
"202400042980";"155706098";"A01";"1";"32";"0";"1";"1";"1";"1";""
"202400042981";"155706094";"A01";"1";"7";"0";"2";"5";"10";"1";""
"202400042981";"155706097";"B01";"2";"2";"0";"2";"1";"1";"1";""
"202400042982";"155706093";"A01";"1";"33";"6";"0";"1";"1";"1";""
"202400042983";"155706089";"A01";"2";"7";"0";"2";"1";"0";"1";""
"202400042983";"155706092";"B01";"3";"7";"0";"2";"4";"23";"1";""
"202400042984";"155706090";"A01";"1";"17";"2";"0";"3";"13";"1";""
"202400042985";"155706088";"B01";"2";"15";"0";"2";"6";"2";"1";""
"202400042985";"155706091";"A01";"2";"10";"3";"2";"2";"14";"1";""
"202400042986";"155706086";"B01";"2";"33";"0";"2";"1";"1";"0";""
"202400042986";"155706087";"A01";"1";"10";"0";"2";"2";"15";"1";""
"202400042987";"155706084";"A01";"1";"30";"0";"1";"1";"26";"1";""
"202400042988";"155706083";"A01";"1";"14";"6";"0";"1";"1";"1";""
"202400042989";"155706081";"B01";"2";"7";"0";"2";"5";"23";"1";""
"202400042989";"155706082";"A01";"2";"2";"0";"2";"1";"14";"1";""
"202400042990";"155706085";"A01";"1";"7";"13";"0";"4";"1";"1";""
"202400042991";"155706080";"A01";"1";"43";"12";"0";"1";"1";"1";""
"202400042992";"155706077";"A01";"3";"30";"0";"2";"1";"1";"1";""
"202400042992";"155706079";"B01";"3";"7";"0";"2";"1";"1";"1";""
"202400042993";"155706075";"A01";"2";"7";"0";"2";"2";"14";"1";""
"202400042993";"155706076";"B01";"1";"50";"0";"2";"1";"1";"3";""
"202400042994";"155706078";"A01";"3";"30";"0";"0";"7";"2";"1";""
"202400042995";"155706074";"A01";"1";"7";"6";"0";"3";"1";"1";""
"202400042996";"155706072";"Z01";"2";"1";"0";"2";"3";"1";"5";""
"202400042996";"155706073";"A01";"1";"31";"0";"2";"3";"1";"1";""
"202400042997";"155706069";"A01";"1";"50";"0";"2";"1";"2";"3";""
"202400042997";"155706070";"B01";"1";"10";"0";"2";"8";"2";"1";""
"202400042998";"155706071";"A01";"3";"13";"0";"0";"0";"15";"0";""
"202400042999";"155706068";"A01";"1";"7";"4";"0";"2";"1";"1";""
"202400043000";"155706064";"A01";"0";"37";"0";"2";"6";"1";"1";"1"
"202400043000";"155706067";"B01";"3";"7";"0";"2";"3";"1";"1";""
"202400043001";"155706062";"A01";"1";"10";"0";"2";"1";"13";"1";""
"202400043001";"155706065";"B01";"1";"7";"0";"2";"1";"0";"1";""
"202400043002";"155706063";"A01";"1";"7";"0";"0";"5";"19";"1";""
"202400043002";"155706066";"B01";"2";"2";"0";"2";"1";"1";"1";""
"202400043003";"155706060";"A01";"1";"7";"0";"0";"3";"1";"1";""
"202400043004";"155706061";"A01";"2";"1";"0";"1";"1";"1";"5";""
"202400043005";"155706057";"A01";"2";"7";"2";"0";"1";"1";"1";""
"202400043006";"155706058";"B01";"1";"7";"6";"2";"3";"1";"1";""
"202400043006";"155706059";"A01";"2";"7";"0";"2";"3";"13";"2";""
"202400043007";"155706056";"A01";"1";"7";"1";"1";"3";"1";"0";""
"202400043008";"155706054";"A01";"1";"2";"0";"1";"1";"1";"3";""
"202400043009";"155706053";"A01";"1";"7";"0";"9";"3";"15";"1";""
"202400043009";"155706055";"B01";"1";"2";"0";"2";"2";"1";"1";""
"202400043010";"155706051";"A01";"1";"10";"0";"2";"3";"13";"1";""
"202400043010";"155706052";"B01";"2";"7";"0";"2";"1";"1";"1";""
"202400043011";"155706048";"B01";"1";"21";"0";"2";"3";"1";"1";""
"202400043011";"155706050";"A01";"2";"10";"0";"2";"3";"1";"1";""
"202400043012";"155706049";"Z01";"2";"1";"0";"1";"8";"1";"5";""
"202400043013";"155706047";"A01";"1";"7";"0";"6";"1";"1";"2";""
"202400043014";"155706046";"A01";"1";"7";"0";"1";"2";"1";"1";""
"202400043015";"155706045";"A01";"2";"32";"12";"0";"8";"15";"1";""
"202400043016";"155706043";"A01";"1";"21";"16";"0";"9";"1";"1";""
"202400043017";"155706042";"A01";"2";"33";"1";"0";"1";"5";"1";""
"202400043017";"155706044";"B01";" -1";"7";"0";"0";"3";"26";"1";""
"202400043018";"155706041";"A01";"1";"7";"0";"1";"7";"1";"0";""
"202400043019";"155706037";"A01";"2";"7";"0";"2";"1";"1";"1";""
"202400043019";"155706039";"B01";"2";"17";"0";"0";"4";"1";"1";""
"202400043020";"155706036";"A01";"2";"7";"0";"2";"3";"13";"1";""
"202400043020";"155706038";"B01";"1";"17";"0";"2";"8";"14";"1";""
"202400043020";"155706040";"C01";"1";"13";"0";"2";"2";"13";"1";""
"202400043021";"155706032";"B01";"1";"80";"0";"2";"2";"1";"3";""
"202400043021";"155706034";"A01";"1";"7";"0";"9";"8";"9";"1";""
"202400043022";"155706031";"A01";"2";"34";"0";"2";"1";"17";"1";""
"202400043022";"155706035";"B01";"1";"7";"0";"2";"2";"15";"1";""
"202400043023";"155706024";"A01";"1";"7";"0";"9";"1";"0";"1";""
"202400043023";"155706026";"C01";"1";"1";"0";"0";"4";"1";"5";""
"202400043023";"155706028";"D01";"1";"1";"0";"0";"4";"1";"5";""
"202400043023";"155706029";"B01";"1";"1";"0";"0";"4";"1";"5";""
"202400043024";"155706025";"A01";"1";"32";"0";"1";"1";"21";"1";""
"202400043025";"155706023";"A01";"1";"7";"7";"2";"1";"1";"1";""
"202400043025";"155706027";"B01";"2";"7";"15";"2";"8";"1";"1";""
"202400043026";"155706021";"A01";"2";"7";"0";"2";"2";"2";"1";""
"202400043026";"155706022";"B01";"2";"10";"0";"2";"6";"20";"1";""
"202400043027";"155706018";"B01";"2";"7";"0";"2";"8";"17";"1";""
"202400043027";"155706020";"A01";"2";"7";"7";"2";"7";"17";"1";""
"202400043028";"155706015";"A01";"0";"2";"0";"2";"1";"0";"0";""
"202400043028";"155706017";"B01";"0";"7";"0";"2";"4";"0";"0";""
"202400043029";"155706016";"A01";"1";"7";"3";"0";"1";"1";"1";""
"202400043029";"155706019";"B01";"1";"7";"3";"0";"1";"1";"1";""
"202400043030";"155706014";"A01";"3";"7";"0";"1";"8";"23";"1";""
"202400043031";"155706012";"A01";"3";"7";"0";"2";"3";"13";"1";""
"202400043031";"155706013";"B01";"3";"7";"0";"2";"9";"1";"1";""
"202400043032";"155706010";"A01";"1";"1";"0";"0";"1";"1";"5";""
"202400043033";"155706009";"A01";"0";"10";"0";"1";"5";"26";"1";""
"202400043034";"155706007";"A01";"1";"7";"0";"1";"7";"17";"1";""
"202400043035";"155706008";"A01";"2";"7";"1";"0";"1";"1";"1";""
"202400043036";"155706003";"B01";"1";"60";"0";"2";"6";"19";"5";""
"202400043036";"155706006";"Z01";"0";"0";"0";"0";"0";"0";"0";""
"202400043037";"155706004";"A01";"3";"13";"13";"0";"3";"1";"1";""
"202400043038";"155706001";"A01";"0";"2";"0";"0";"0";"1";"1";""
"202400043039";"155706002";"B01";"0";"7";"0";"2";"1";"15";"1";""
"202400043039";"155706005";"A01";"2";"7";"1";"1";"7";"1";"1";""
"202400043040";"155705997";"A01";"2";"33";"0";"2";"6";"15";"1";""
"202400043040";"155705999";"B01";"2";"33";"0";"2";"1";"17";"1";""
"202400043041";"155705996";"A01";"1";"1";"0";"2";"1";"13";"5";""
"202400043041";"155705998";"B01";"2";"1";"0";"0";"1";"1";"5";""
"202400043042";"155705995";"A01";"1";"7";"0";"2";"2";"19";"3";""
"202400043042";"155706000";"B01";"1";"7";"0";"2";"3";"1";"1";""
"202400043043";"155705992";"A01";"1";"7";"0";"2";"6";"9";"1";""
"202400043043";"155705994";"B01";"1";"7";"0";"0";"2";"1";"1";""
"202400043044";"155705990";"B01";"2";"7";"0";"2";"3";"1";"1";""
"202400043044";"155705991";"A01";"2";"10";"0";"0";"7";"15";"1";""
"202400043045";"155705989";"A01";"0";"10";"0";"1";"5";"4";"1";""
"202400043046";"155705984";"A01";"1";"7";"0";"2";"1";"19";"1";""
"202400043046";"155705986";"B01";"2";"33";"0";"2";"1";"0";"1";""
"202400043047";"155705983";"A01";"2";"7";"0";"2";"3";"26";"2";""
"202400043047";"155705987";"B01";"1";"7";"0";"2";"3";"26";"1";""
"202400043048";"155705981";"A01";"2";"10";"0";"2";"1";"13";"1";""
"202400043048";"155705982";"B01";"1";"10";"0";"2";"1";"1";"1";""
"202400043049";"155705985";"B01";"2";"7";"0";"2";"1";"1";"1";""
"202400043049";"155705988";"A01";"1";"10";"0";"2";"7";"9";"1";""
"202400043050";"155705979";"A01";"1";"7";"17";"0";"1";"13";"1";""
"202400043051";"155705978";"A01";"1";"7";"0";"2";"3";"15";"1";""
"202400043051";"155705980";"B01";"2";"31";"0";"2";"3";"1";"1";""
"202400043052";"155705976";"A01";"2";"7";"0";"2";"1";"1";"1";""
"202400043052";"155705977";"B01";"1";"7";"0";"2";"3";"1";"1";""
"202400043053";"155705972";"A01";"1";"7";"0";"2";"2";"17";"1";""
"202400043053";"155705975";"B01";"1";"1";"0";"0";"4";"1";"5";""
"202400043054";"155705971";"A01";"1";"7";"0";"2";"7";"17";"0";""
"202400043054";"155705973";"B01";"1";"2";"0";"2";"8";"1";"1";""
"202400043055";"155705969";"A01";"2";"7";"16";"0";"2";"1";"1";""
"202400043056";"155705968";"A01";"1";"7";"0";"0";"4";"1";"1";""
"202400043056";"155705970";"B01";"2";"7";"0";"2";"4";"1";"1";""
"202400043056";"155705974";"C01";"2";"7";"0";"2";"1";"1";"1";""
"202400043057";"155705967";"A01";"1";"7";"9";"0";"0";"1";"1";""
"202400043058";"155705962";"B01";"0";"7";"0";"2";"0";"23";"0";""
"202400043058";"155705966";"A01";"0";"7";"0";"1";"3";"26";"1";""
"202400043059";"155705964";"A01";"2";"7";"2";"0";"2";"1";"1";""
"202400043060";"155705963";"A01";"2";"10";"0";"2";"3";"1";"1";""
"202400043060";"155705965";"B01";"1";"7";"0";"2";"1";"13";"1";""
"202400043061";"155705960";"A01";"1";"7";"0";"2";"2";"0";"1";""
"202400043061";"155705961";"B01";"1";"1";"0";"2";"4";"1";"5";""
"202400043062";"155705959";"A01";"2";"7";"8";"0";"1";"1";"1";""
"202400043063";"155705956";"A01";"0";"7";"2";"0";"3";"0";"1";""
"202400043064";"155705954";"A01";"1";"7";"13";"2";"3";"13";"1";""
"202400043064";"155705958";"B01";"2";"14";"0";"2";"3";"1";"1";""
"202400043065";"155705955";"A01";"1";"7";"0";"2";"2";"15";"1";""
"202400043065";"155705957";"B01";"2";"33";"0";"2";"8";"1";"1";""
"202400043066";"155705953";"A01";"1";"10";"2";"0";"1";"1";"1";""
"202400043067";"155705952";"A01";"2";"33";"0";"0";"7";"1";"1";""
"202400043068";"155705948";"B01";"1";"7";"0";"0";"6";"1";"1";""
"202400043068";"155705951";"A01";"1";"1";"0";"2";"1";"1";"5";""
"202400043069";"155705949";"A01";"1";"7";"0";"2";"7";"0";"1";""
"202400043070";"155705945";"B01";"2";"7";"0";"2";"1";"2";"1";""
"202400043070";"155705947";"A01";"2";"7";"0";"2";"4";"23";"1";""
"202400043071";"155705946";"A01";"1";"7";"0";"2";"3";"1";"1";""
"202400043071";"155705950";"B01";"2";"10";"0";"2";"3";"1";"1";""
"202400043072";"155705942";"B01";"2";"1";"0";"2";"8";"2";"5";""
"202400043072";"155705944";"A01";"2";"7";"0";"9";"1";"9";"1";""
"202400043073";"155705943";"A01";"1";"7";"0";"1";"1";"1";"1";""
"202400043074";"155705941";"A01";"2";"10";"0";"1";"1";"1";"1";""
"202400043075";"155705937";"A01";"2";"7";"0";"2";"3";"13";"1";""
"202400043075";"155705939";"B01";"1";"2";"0";"2";"1";"1";"1";""
"202400043076";"155705936";"A01";"1";"7";"0";"9";"1";"1";"1";""
"202400043076";"155705938";"B01";"2";"1";"0";"2";"1";"13";"5";""
"202400043077";"155705935";"A01";"2";"15";"0";"2";"1";"1";"1";""
"202400043077";"155705940";"B01";"1";"7";"0";"2";"1";"5";"1";""
"202400043078";"155705932";"B01";"3";"7";"0";"2";"7";"19";"2";""
"202400043078";"155705934";"A01";"1";"7";"0";"2";"1";"1";"1";""
"202400043079";"155705931";"B01";"1";"7";"0";"0";"3";"1";"1";""
"202400043079";"155705933";"A01";"1";"2";"0";"2";"1";"16";"1";""
"202400043080";"155705929";"A01";"1";"33";"0";"0";"0";"1";"1";""
"202400043081";"155705930";"A01";"1";"3";"6";"0";"1";"13";"1";""
"202400043082";"155705928";"A01";"2";"7";"13";"0";"1";"12";"1";""
"202400043083";"155705926";"A01";"3";"7";"13";"0";"9";"14";"1";""
"202400043084";"155705925";"A01";"1";"33";"13";"0";"1";"1";"1";""
"202400043085";"155705923";"A01";"3";"33";"8";"0";"1";"0";"1";""
"202400043086";"155705922";"A01";"2";"7";"8";"2";"4";"19";"1";""
"202400043086";"155705927";"B01";"1";"7";"0";"2";"8";"1";"1";""
"202400043087";"155705921";"A01";"2";"21";"0";"1";"1";"1";"0";""
"202400043088";"155705920";"A01";"2";"15";"0";"2";"3";"1";"1";""
"202400043088";"155705924";"B01";"1";"32";"0";"2";"1";"13";"1";""
"202400043089";"155705917";"A01";"0";"7";"2";"0";"8";"0";"1";""
"202400043090";"155705916";"A01";"3";"99";"0";"0";"0";"2";"6";""
"202400043090";"155705919";"B01";"3";"99";"0";"2";"1";"2";"5";""
"202400043091";"155705915";"A01";"1";"7";"0";"2";"1";"15";"1";""
"202400043091";"155705918";"B01";"2";"2";"0";"2";"3";"2";"0";""
"202400043092";"155705911";"A01";"0";"80";"0";"0";"8";"0";"3";""
"202400043093";"155705909";"A01";"1";"7";"0";"2";"7";"1";"1";""
"202400043093";"155705912";"B01";"2";"10";"0";"2";"1";"1";"1";""
"202400043094";"155705910";"C01";"1";"7";"0";"2";"0";"1";"1";""
"202400043094";"155705913";"B01";"1";"7";"0";"2";"1";"1";"1";""
"202400043094";"155705914";"A01";"2";"7";"0";"2";"1";"5";"1";""
"202400043095";"155705908";"A01";"0";"33";"0";"0";"0";"1";"1";""
"202400043096";"155705906";"A01";"1";"7";"0";"2";"2";"1";"1";""
"202400043096";"155705907";"B01";"1";"1";"0";"0";"6";"1";"5";""
"202400043097";"155705900";"B01";"2";"3";"12";"2";"2";"1";"3";""
"202400043097";"155705904";"A01";"1";"7";"0";"2";"3";"1";"3";""
"202400043098";"155705902";"A01";"2";"7";"4";"2";"1";"0";"1";""
"202400043098";"155705905";"B01";"2";"15";"0";"2";"1";"1";"1";""
"202400043099";"155705898";"A01";"1";"37";"0";"2";"3";"1";"1";"1"
"202400043099";"155705903";"B01";"2";"7";"0";"2";"3";"1";"1";""
"202400043100";"155705899";"A01";"2";"33";"0";"2";"1";"1";"1";""
"202400043100";"155705901";"B01";"1";"7";"0";"2";"2";"15";"1";""
"202400043101";"155705897";"A01";"2";"7";"16";"0";"1";"5";"1";""
"202400043102";"155705896";"A01";"3";"7";"13";"0";"7";"17";"1";""
"202400043103";"155705893";"A01";"1";"10";"0";"2";"1";"2";"1";""
"202400043103";"155705895";"B01";"1";"7";"0";"2";"4";"2";"1";""
"202400043104";"155705886";"A01";"1";"7";"0";"0";"9";"21";"1";""
"202400043105";"155705885";"C01";"2";"7";"0";"2";"1";"0";"0";""
"202400043105";"155705889";"A01";"2";"7";"0";"2";"4";"0";"1";""
"202400043105";"155705892";"B01";"2";"7";"0";"2";"4";"0";"1";""
"202400043106";"155705884";"A01";"1";"7";"0";"2";"9";"1";"1";""
"202400043106";"155705888";"B01";"1";"7";"0";"2";"8";"1";"1";""
"202400043106";"155705891";"C01";"1";"7";"0";"2";"9";"1";"1";""
"202400043106";"155705894";"D01";"1";"10";"0";"2";"8";"1";"1";""
"202400043107";"155705881";"A01";"3";"31";"14";"0";"1";"1";"1";""
"202400043108";"155705879";"D01";"1";"10";"0";"2";"4";"1";"1";""
"202400043108";"155705882";"E01";"1";"7";"0";"2";"1";"1";"1";""
"202400043108";"155705883";"B01";"1";"7";"0";"2";"3";"1";"1";""
"202400043108";"155705887";"C01";"1";"15";"0";"2";"2";"1";"1";""
"202400043108";"155705890";"A01";"1";"7";"0";"2";"1";"1";"1";""
"202400043109";"155705877";"A01";"1";"7";"0";"2";"1";"2";"1";""
"202400043109";"155705880";"B01";"1";"7";"0";"2";"6";"2";"2";""
"202400043110";"155705876";"A01";"2";"33";"0";"2";"0";"1";"1";""
"202400043110";"155705878";"B01";"2";"7";"0";"2";"6";"1";"1";""
"202400043111";"155705872";"A01";"1";"10";"0";"2";"8";"9";"1";""
"202400043111";"155705874";"B01";"2";"32";"0";"2";"1";"21";"1";""
"202400043112";"155705869";"B01";"2";"10";"0";"2";"4";"1";"1";""
"202400043112";"155705873";"A01";"2";"10";"0";"2";"1";"2";"1";""
"202400043113";"155705871";"B01";"0";"33";"0";"2";"8";"1";"1";""
"202400043113";"155705875";"A01";"3";"7";"0";"2";"8";"15";"1";""
"202400043114";"155705868";"A01";"1";"33";"0";"2";"1";"2";"1";""
"202400043114";"155705870";"B01";"1";"7";"0";"2";"4";"2";"1";""
"202400043115";"155705863";"B01";"2";"7";"0";"2";"4";"2";"1";""
"202400043115";"155705865";"C01";"2";"7";"0";"2";"1";"2";"1";""
"202400043115";"155705867";"A01";"2";"7";"0";"2";"4";"2";"1";""
"202400043116";"155705864";"A01";"1";"33";"0";"0";"8";"16";"1";""
"202400043117";"155705861";"A01";"1";"7";"17";"0";"1";"1";"1";""
"202400043118";"155705862";"A01";"1";"10";"0";"2";"3";"15";"1";""
"202400043118";"155705866";"B01";"2";"2";"1";"0";"8";"1";"3";""
"202400043119";"155705858";"A01";"2";"33";"0";"0";"3";"1";"1";""
"202400043120";"155705857";"A01";"3";"33";"15";"0";"1";"14";"1";""
"202400043121";"155705859";"A01";"1";"7";"4";"0";"1";"0";"1";""
"202400043122";"155705856";"B01";"1";"7";"4";"2";"6";"2";"1";""
"202400043122";"155705860";"A01";"1";"31";"4";"2";"1";"12";"1";""
"202400043123";"155705854";"A01";"2";"7";"2";"0";"1";"0";"2";""
"202400043124";"155705851";"A01";"1";"7";"0";"2";"7";"1";"1";""
"202400043124";"155705855";"B01";"1";"7";"0";"2";"1";"1";"3";""
"202400043125";"155705848";"A01";"1";"7";"4";"2";"9";"6";"1";""
"202400043125";"155705850";"B01";"1";"7";"0";"2";"8";"2";"1";""
"202400043125";"155705853";"C01";"1";"13";"0";"2";"4";"2";"1";""
"202400043126";"155705846";"A01";"1";"33";"13";"0";"1";"13";"1";""
"202400043127";"155705844";"A01";"2";"7";"0";"0";"3";"9";"1";""
"202400043127";"155705847";"B01";"2";"50";"0";"0";"2";"14";"3";""
"202400043128";"155705845";"A01";"1";"7";"0";"2";"1";"1";"1";""
"202400043128";"155705849";"B01";"1";"7";"0";"2";"4";"2";"1";""
"202400043128";"155705852";"C01";"1";"7";"0";"2";"4";"2";"1";""
"202400043129";"155705842";"A01";"2";"10";"0";"2";"2";"14";"1";""
"202400043129";"155705843";"B01";"2";"7";"0";"2";"8";"1";"2";""
"202400043130";"155705836";"B01";"2";"7";"0";"2";"2";"1";"1";""
"202400043130";"155705840";"A01";"2";"15";"0";"2";"6";"9";"1";""
"202400043130";"155705841";"C01";"2";"7";"0";"2";"1";"17";"1";""
"202400043131";"155705833";"B01";"1";"7";"0";"2";"3";"15";"1";""
"202400043131";"155705837";"A01";"1";"7";"0";"2";"1";"17";"1";""
"202400043132";"155705835";"A01";"2";"33";"0";"2";"1";"3";"1";""
"202400043132";"155705839";"B01";"2";"7";"0";"2";"8";"11";"1";""
"202400043133";"155705829";"A01";"0";"33";"0";"0";"0";"1";"1";""
"202400043134";"155705827";"A01";"1";"7";"13";"0";"3";"1";"1";""
"202400043135";"155705826";"A01";"2";"7";"0";"2";"1";"2";"1";""
"202400043135";"155705828";"B01";"2";"7";"0";"2";"4";"2";"1";""
"202400043136";"155705825";"A01";"2";"7";"0";"2";"1";"2";"1";""
"202400043136";"155705830";"B01";"2";"7";"0";"2";"9";"2";"1";""
"202400043136";"155705834";"C01";"2";"7";"0";"2";"9";"1";"1";""
"202400043136";"155705838";"D01";"2";"7";"0";"2";"4";"2";"1";""
"202400043137";"155705824";"B01";"1";"7";"8";"2";"4";"1";"1";""
"202400043137";"155705831";"A01";"2";"14";"0";"2";"2";"13";"1";""
"202400043138";"155705820";"A01";"2";"14";"3";"0";"1";"1";"1";""
"202400043139";"155705819";"A01";"2";"7";"0";"2";"1";"2";"1";""
"202400043139";"155705822";"C01";"2";"7";"0";"2";"4";"2";"1";""
"202400043139";"155705823";"B01";"2";"7";"0";"2";"4";"2";"3";""
"202400043140";"155705818";"A01";"1";"33";"0";"0";"8";"1";"1";""
"202400043141";"155705817";"A01";"3";"7";"0";"2";"1";"6";"1";""
"202400043141";"155705821";"B01";"1";"7";"0";"2";"1";"1";"1";""
"202400043142";"155705813";"A01";"2";"7";"0";"2";"1";"1";"1";""
"202400043142";"155705815";"B01";"2";"15";"0";"0";"4";"1";"1";""
"202400043143";"155705812";"B01";"1";"21";"0";"2";"6";"1";"1";""
"202400043143";"155705816";"A01";"2";"2";"0";"2";"1";"13";"1";""
"202400043144";"155705810";"B01";"2";"7";"0";"2";"2";"12";"1";""
"202400043144";"155705814";"A01";"2";"32";"0";"2";"8";"1";"1";""
"202400043145";"155705811";"A01";"1";"33";"6";"0";"1";"1";"1";""
"202400043146";"155705809";"A01";"1";"10";"0";"1";"0";"1";"1";""
"202400043147";"155705807";"A01";"2";"7";"0";"2";"1";"26";"1";""
"202400043147";"155705808";"B01";"2";"7";"0";"0";"4";"1";"1";""
"202400043148";"155705803";"A01";"1";"7";"7";"0";"0";"1";"1";""
"202400043149";"155705801";"A01";"2";"7";"4";"0";"1";"1";"1";""
"202400043150";"155705800";"B01";"1";"7";"0";"2";"1";"2";"2";""
"202400043150";"155705804";"C01";"2";"7";"0";"2";"1";"2";"1";""
"202400043150";"155705806";"A01";"1";"7";"0";"2";"4";"24";"1";""
"202400043151";"155705799";"A01";"1";"7";"0";"1";"1";"0";"0";""
"202400043152";"155705798";"A01";"2";"33";"0";"2";"1";"17";"1";""
"202400043152";"155705802";"B01";"2";"7";"0";"2";"6";"1";"1";""
"202400043152";"155705805";"C01";"1";"7";"0";"2";"1";"1";"2";""
"202400043153";"155705797";"A01";"1";"7";"4";"0";"1";"1";"1";""
"202400043154";"155705795";"A01";"1";"7";"4";"0";"1";"1";"1";""
"202400043155";"155705794";"A01";"1";"7";"0";"2";"9";"13";"1";""
"202400043155";"155705796";"B01";"2";"38";"0";"2";"1";"1";"1";"1"
"202400043156";"155705792";"A01";"2";"7";"4";"0";"0";"0";"1";""
"202400043157";"155705793";"A01";"1";"7";"13";"0";"3";"2";"1";""
"202400043158";"155705791";"A01";"2";"7";"13";"0";"0";"13";"1";""
"202400043159";"155705789";"A01";"1";"7";"13";"0";"1";"1";"1";""
"202400043160";"155705787";"A01";"3";"7";"0";"1";"2";"9";"1";""
"202400043161";"155705786";"A01";"2";"33";"16";"0";"8";"1";"1";""
"202400043162";"155705788";"A01";"0";"10";"12";"2";"0";"0";"1";""
"202400043162";"155705790";"B01";"3";"50";"1";"2";"0";"0";"3";""
"202400043163";"155705785";"A01";"0";"7";"8";"0";"0";"0";"1";""
"202400043164";"155705781";"A01";"3";"60";"0";"2";"8";"19";"5";""
"202400043164";"155705783";"B01";"1";"7";"0";"9";"8";"1";"1";""
"202400043165";"155705778";"A01";"3";"2";"0";"2";"1";"1";"1";""
"202400043165";"155705780";"B01";"3";"7";"0";"2";"3";"19";"1";""
"202400043166";"155705776";"A01";"1";"7";"0";"2";"1";"1";"1";""
"202400043166";"155705779";"B01";"1";"7";"0";"2";"4";"1";"1";""
"202400043166";"155705782";"C01";"1";"7";"0";"2";"4";"1";"1";""
"202400043166";"155705784";"D01";"1";"7";"0";"2";"4";"1";"1";""
"202400043167";"155705777";"A01";"1";"7";"15";"0";"1";"13";"1";""
"202400043168";"155705774";"A01";"2";"7";"0";"1";"1";"16";"1";""
"202400043169";"155705773";"A01";"2";"2";"0";"0";"4";"1";"1";""
"202400043169";"155705775";"B01";"2";"1";"0";"2";"1";"1";"5";""
"202400043170";"155705765";"A01";"2";"33";"0";"2";"1";"17";"1";""
"202400043170";"155705769";"B01";"1";"10";"0";"2";"1";"15";"1";""
"202400043171";"155705766";"A01";"1";"33";"0";"2";"1";"13";"1";""
"202400043171";"155705770";"B01";"2";"7";"0";"2";"1";"1";"1";""
"202400043172";"155705764";"B01";"1";"7";"0";"2";"6";"2";"1";""
"202400043172";"155705768";"Z01";"1";"7";"0";"2";"1";"2";"1";""
"202400043172";"155705772";"C01";"1";"7";"0";"2";"4";"2";"1";""
"202400043173";"155705763";"A01";"1";"2";"0";"0";"0";"0";"1";""
"202400043174";"155705762";"B01";"2";"30";"0";"2";"3";"0";"1";""
"202400043174";"155705767";"A01";"1";"31";"0";"2";"3";"17";"1";""
"202400043174";"155705771";"C01";"1";"32";"0";"2";"6";"0";"1";""
"202400043175";"155705757";"A01";"1";"7";"0";"2";"1";"1";"1";""
"202400043175";"155705761";"B01";"2";"31";"0";"2";"7";"0";"1";""
"202400043176";"155705756";"A01";"1";"7";"0";"2";"3";"20";"0";""
"202400043176";"155705760";"B01";"1";"33";"0";"0";"1";"17";"1";""
"202400043177";"155705755";"A01";"2";"7";"8";"0";"1";"1";"1";""
"202400043178";"155705754";"A01";"1";"7";"0";"2";"3";"1";"1";""
"202400043178";"155705759";"Z01";"1";"7";"0";"2";"5";"12";"2";""
"202400043179";"155705749";"A01";"1";"7";"0";"1";"3";"15";"1";""
"202400043180";"155705748";"B01";"1";"7";"0";"2";"4";"9";"1";""
"202400043180";"155705752";"A01";"1";"7";"0";"2";"1";"2";"2";""
"202400043181";"155705743";"A01";"2";"7";"0";"2";"1";"1";"1";""
"202400043181";"155705746";"B01";"2";"7";"0";"2";"4";"21";"1";""
"202400043182";"155705745";"A01";"1";"7";"0";"2";"3";"19";"1";""
"202400043182";"155705750";"B01";"3";"7";"0";"2";"6";"19";"1";""
"202400043183";"155705742";"B01";"1";"7";"0";"2";"1";"1";"1";""
"202400043183";"155705744";"A01";"3";"7";"0";"2";"3";"19";"1";""
"202400043184";"155705735";"A01";"2";"7";"0";"2";"1";"2";"1";""
"202400043184";"155705738";"C01";"2";"7";"0";"2";"4";"2";"2";""
"202400043184";"155705741";"B01";"2";"7";"0";"2";"4";"2";"1";""
"202400043185";"155705736";"A01";"1";"7";"3";"2";"2";"17";"1";""
"202400043185";"155705739";"B01";"1";"15";"0";"2";"6";"13";"1";""
"202400043186";"155705733";"A01";"1";"2";"0";"1";"1";"1";"3";""
"202400043187";"155705734";"A01";"1";"3";"0";"2";"9";"9";"1";""
"202400043187";"155705740";"B01";"1";"7";"0";"2";"1";"1";"1";""
"202400043188";"155705731";"A01";"3";"33";"0";"1";"1";"5";"1";""
"202400043189";"155705726";"A01";"1";"7";"4";"0";"3";"2";"1";""
"202400043190";"155705721";"A01";"2";"7";"0";"9";"2";"2";"1";""
"202400043190";"155705725";"B01";"2";"1";"0";"9";"4";"2";"5";""