"Num_Acc";"id_vehicule";"num_veh";"senc";"catv";"obs";"obsm";"choc";"manv";"motor";"occutc"
"202400043191";"155705722";"A01";"3";"7";"0";"2";"1";"1";"1";""
"202400043191";"155705729";"B01";"2";"7";"0";"2";"2";"1";"1";""
"202400043192";"155705723";"A01";"2";"7";"3";"2";"1";"26";"1";""
"202400043192";"155705727";"B01";"2";"7";"3";"2";"4";"0";"2";""
"202400043192";"155705730";"C01";"2";"7";"3";"2";"4";"0";"2";""
"202400043193";"155705720";"C01";"2";"7";"0";"2";"1";"2";"1";""
"202400043193";"155705724";"A01";"2";"7";"0";"2";"1";"19";"1";""
"202400043193";"155705728";"B01";"1";"7";"0";"2";"1";"1";"1";""
"202400043194";"155705718";"A01";"2";"7";"0";"1";"3";"21";"1";""
"202400043195";"155705719";"A01";"1";"32";"11";"0";"0";"13";"3";""
"202400043196";"155705717";"A01";"1";"7";"0";"1";"1";"1";"2";""
"202400043197";"155705712";"A01";"1";"7";"0";"1";"3";"26";"1";""
"202400043198";"155705710";"B01";"2";"7";"0";"2";"4";"1";"1";""
"202400043198";"155705714";"C01";"2";"7";"0";"2";"4";"1";"1";""
"202400043198";"155705716";"A01";"2";"7";"0";"2";"1";"1";"1";""
"202400043199";"155705711";"A01";"1";"33";"0";"2";"1";"3";"1";""
"202400043199";"155705715";"B01";"2";"7";"0";"2";"5";"15";"1";""
"202400043200";"155705709";"B01";"2";"1";"0";"2";"1";"1";"5";""
"202400043200";"155705713";"A01";"1";"7";"0";"2";"3";"15";"1";""
"202400043201";"155705708";"FB01";"1";"33";"0";"1";"1";"1";"1";""
"202400043202";"155705703";"A01";"1";"7";"16";"0";"9";"13";"1";""
"202400043203";"155705706";"A01";"3";"33";"0";"2";"0";"0";"0";""
"202400043203";"155705707";"B01";"3";"7";"0";"2";"0";"2";"0";""
"202400043204";"155705702";"A01";"2";"7";"0";"2";"2";"9";"1";""
"202400043204";"155705705";"B01";"2";"1";"0";"2";"4";"1";"5";""
"202400043205";"155705700";"A01";"1";"33";"0";"2";"1";"17";"1";""
"202400043205";"155705704";"B01";"1";"21";"0";"0";"8";"15";"1";""
"202400043206";"155705701";"A01";"1";"7";"0";"1";"1";"15";"1";""
"202400043207";"155705699";"A01";"3";"33";"0";"0";"0";"0";"1";""
"202400043208";"155705696";"A01";"1";"10";"0";"2";"5";"12";"1";""
"202400043208";"155705698";"B01";"1";"32";"0";"0";"3";"1";"1";""
"202400043209";"155705695";"A01";"0";"7";"13";"0";"2";"1";"1";""
"202400043210";"155705694";"B01";"1";"31";"0";"2";"3";"1";"1";""
"202400043210";"155705697";"A01";"1";"7";"0";"0";"2";"17";"1";""
"202400043211";"155705691";"A01";"2";"7";"0";"2";"2";"15";"1";""
"202400043211";"155705693";"B01";"1";"32";"0";"2";"1";"1";"1";""
"202400043212";"155705687";"A01";"1";"37";"0";"2";"1";"1";"0";"2"
"202400043212";"155705689";"C01";"1";"7";"0";"2";"4";"1";"0";""
"202400043212";"155705692";"B01";"1";"10";"0";"2";"0";"0";"0";""
"202400043213";"155705690";"A01";"0";"7";"15";"0";"1";"26";"1";""
"202400043214";"155705688";"B01";"3";"1";"2";"0";"2";"1";"5";""
"202400043215";"155705685";"A01";"1";"7";"9";"2";"5";"1";"2";""
"202400043216";"155705684";"A01";"3";"7";"0";"2";"1";"1";"1";""
"202400043216";"155705686";"B01";"3";"7";"0";"2";"8";"19";"1";""
"202400043217";"155705682";"A01";"2";"1";"6";"0";"3";"1";"5";""
"202400043218";"155705679";"A01";"2";"7";"0";"1";"1";"1";"1";""
"202400043219";"155705681";"B01";"1";"37";"0";"0";"4";"23";"1";"1"
"202400043219";"155705683";"A01";"1";"37";"0";"2";"1";"1";"2";"1"
"202400043220";"155705677";"A01";"1";"33";"0";"0";"0";"0";"1";""
"202400043221";"155705678";"A01";"1";"7";"0";"2";"5";"12";"1";""
"202400043221";"155705680";"B01";"1";"33";"0";"2";"3";"3";"1";""
"202400043222";"155705675";"A01";"1";"14";"0";"1";"3";"0";"0";""
"202400043223";"155705672";"A01";"2";"31";"0";"2";"6";"1";"1";""
"202400043223";"155705674";"B01";"2";"7";"0";"2";"2";"17";"0";""
"202400043224";"155705671";"A01";"1";"33";"0";"2";"1";"0";"1";""
"202400043224";"155705673";"B01";"1";"7";"0";"2";"4";"0";"2";""
"202400043225";"155705667";"B01";"3";"2";"0";"2";"1";"1";"1";""
"202400043225";"155705669";"A01";"3";"10";"0";"2";"8";"9";"1";""
"202400043226";"155705670";"B01";"1";"33";"0";"2";"2";"17";"1";""
"202400043226";"155705676";"A01";"1";"7";"0";"2";"3";"15";"3";""
"202400043227";"155705665";"A01";"2";"7";"0";"2";"4";"26";"1";""
"202400043227";"155705666";"B01";"2";"7";"0";"2";"0";"0";"1";""
"202400043228";"155705664";"A01";"2";"7";"0";"2";"4";"23";"1";""
"202400043228";"155705668";"B01";"2";"7";"14";"2";"1";"2";"1";""
"202400043229";"155705663";"A01";"3";"7";"0";"1";"3";"1";"1";""
"202400043230";"155705659";"A01";"2";"10";"0";"2";"2";"17";"1";""
"202400043230";"155705661";"B01";"2";"7";"0";"2";"4";"2";"1";""
"202400043231";"155705655";"B01";"3";"7";"0";"2";"3";"15";"1";""
"202400043231";"155705658";"A01";"1";"2";"0";"2";"1";"1";"1";""
"202400043232";"155705653";"A01";"2";"7";"0";"2";"7";"12";"0";""
"202400043232";"155705656";"B01";"2";"33";"0";"2";"8";"1";"0";""
"202400043233";"155705657";"A01";"1";"1";"0";"2";"1";"1";"5";""
"202400043233";"155705662";"B01";"1";"7";"0";"2";"2";"1";"1";""
"202400043234";"155705652";"B01";"2";"33";"0";"2";"7";"1";"1";""
"202400043234";"155705654";"A01";"2";"7";"0";"2";"1";"16";"1";""
"202400043235";"155705649";"A01";"3";"33";"0";"2";"1";"2";"1";""
"202400043235";"155705651";"B01";"3";"7";"0";"2";"4";"2";"1";""
"202400043236";"155705648";"B01";"3";"7";"0";"2";"4";"1";"1";""
"202400043236";"155705650";"A01";"3";"7";"0";"2";"1";"1";"1";""
"202400043237";"155705645";"A01";"1";"31";"0";"2";"1";"2";"1";""
"202400043237";"155705647";"B01";"1";"7";"0";"2";"4";"23";"2";""
"202400043238";"155705646";"A01";"2";"1";"0";"1";"1";"1";"5";""
"202400043239";"155705642";"B01";"2";"15";"0";"2";"6";"1";"1";""
"202400043239";"155705643";"A01";"2";"10";"0";"2";"1";"12";"1";""
"202400043240";"155705641";"A01";"0";"7";"0";"2";"3";"1";"1";""
"202400043240";"155705644";"B01";"0";"7";"0";"2";"3";"1";"1";""
"202400043241";"155705639";"A01";"3";"7";"0";"1";"1";"1";"1";""
"202400043242";"155705637";"A01";"1";"30";"0";"2";"3";"15";"1";""
"202400043242";"155705640";"B01";"2";"1";"0";"2";"8";"1";"5";""
"202400043243";"155705635";"B01";"1";"1";"0";"2";"8";"9";"5";""
"202400043243";"155705638";"A01";"1";"7";"0";"2";"2";"9";"1";""
"202400043244";"155705634";"A01";"3";"10";"0";"2";"1";"13";"1";""
"202400043244";"155705636";"B01";"3";"7";"0";"2";"1";"1";"1";""
"202400043245";"155705627";"A01";"1";"7";"0";"1";"4";"1";"1";""
"202400043245";"155705630";"B01";"1";"7";"0";"2";"1";"1";"1";""
"202400043246";"155705631";"A01";"3";"1";"0";"2";"1";"14";"5";""
"202400043246";"155705633";"B01";"3";"7";"0";"9";"1";"26";"1";""
"202400043247";"155705628";"B01";"3";"33";"0";"2";"2";"1";"1";""
"202400043247";"155705632";"A01";"3";"7";"0";"2";"3";"10";"2";""
"202400043248";"155705625";"B01";"1";"1";"9";"2";"6";"19";"0";""
"202400043248";"155705626";"A01";"2";"33";"0";"2";"1";"26";"1";""
"202400043249";"155705623";"A01";"2";"7";"0";"2";"1";"15";"1";""
"202400043249";"155705624";"B01";"1";"2";"0";"2";"1";"0";"3";""
"202400043250";"155705621";"A01";"3";"7";"0";"1";"2";"17";"1";""
"202400043251";"155705622";"A01";"2";"7";"0";"1";"1";"15";"1";""
"202400043252";"155705619";"B01";"2";"7";"0";"2";"1";"1";"1";""
"202400043252";"155705620";"A01";"2";"7";"0";"2";"8";"19";"1";""
"202400043253";"155705618";"A01";"2";"7";"0";"1";"2";"26";"1";""
"202400043254";"155705616";"B01";"1";"7";"0";"2";"1";"1";"1";""
"202400043254";"155705629";"A01";"2";"7";"0";"2";"1";"1";"1";""
"202400043255";"155705617";"A01";"3";"7";"0";"1";"1";"15";"1";""
"202400043256";"155705615";"B01";"1";"7";"0";"1";"7";"26";"1";""
"202400043257";"155705609";"B01";"1";"2";"0";"0";"4";"0";"1";""
"202400043257";"155705613";"A01";"1";"10";"4";"2";"2";"2";"1";""
"202400043258";"155705610";"A01";"1";"7";"0";"1";"2";"1";"1";""
"202400043259";"155705611";"B01";"1";"7";"0";"2";"0";"0";"1";""
"202400043259";"155705614";"A01";"2";"7";"0";"2";"3";"1";"1";""
"202400043260";"155705607";"A01";"3";"7";"13";"0";"8";"2";"1";""
"202400043261";"155705604";"A01";"1";"1";"0";"0";"0";"1";"5";""
"202400043262";"155705605";"A01";"1";"1";"8";"0";"1";"1";"5";""
"202400043263";"155705603";"B01";"3";"7";"0";"2";"5";"1";"1";""
"202400043263";"155705606";"A01";"3";"34";"12";"2";"7";"18";"1";""
"202400043264";"155705600";"A01";"1";"10";"0";"2";"4";"26";"0";""
"202400043264";"155705601";"B01";"1";"1";"0";"2";"1";"2";"5";""
"202400043265";"155705597";"B01";"2";"33";"0";"2";"1";"1";"1";""
"202400043265";"155705599";"A01";"2";"7";"0";"2";"5";"15";"1";""
"202400043266";"155705596";"A01";"1";"7";"0";"2";"3";"16";"1";""
"202400043266";"155705598";"B01";"2";"1";"0";"2";"1";"5";"5";""
"202400043267";"155705595";"A01";"1";"7";"0";"1";"0";"0";"0";""
"202400043268";"155705590";"A01";"2";"2";"0";"2";"8";"13";"1";""
"202400043268";"155705593";"B01";"2";"7";"0";"2";"7";"17";"1";""
"202400043269";"155705602";"A01";"3";"21";"0";"1";"6";"1";"1";""
"202400043270";"155705592";"A01";"2";"7";"13";"0";"1";"13";"1";""
"202400043271";"155705586";"A01";"2";"7";"0";"2";"3";"16";"1";""
"202400043271";"155705589";"B01";"1";"31";"0";"2";"2";"0";"1";""
"202400043272";"155705584";"A01";"1";"7";"0";"2";"3";"15";"1";""
"202400043272";"155705588";"B01";"2";"33";"0";"2";"3";"1";"1";""
"202400043273";"155705583";"A01";"1";"7";"0";"2";"1";"13";"1";""
"202400043273";"155705587";"B01";"2";"7";"0";"2";"1";"1";"1";""
"202400043274";"155705582";"A01";"1";"33";"8";"0";"1";"14";"1";""
"202400043275";"155705581";"A01";"3";"7";"0";"2";"7";"1";"1";""
"202400043275";"155705585";"B01";"2";"50";"0";"2";"1";"1";"3";""
"202400043276";"155705579";"A01";"1";"7";"0";"1";"3";"20";"1";""
"202400043277";"155705576";"B01";"1";"7";"0";"2";"3";"15";"1";""
"202400043277";"155705578";"A01";"2";"50";"0";"2";"8";"1";"3";""
"202400043278";"155705577";"A01";"1";"7";"0";"0";"2";"1";"1";""
"202400043278";"155705580";"B01";"2";"7";"7";"0";"7";"15";"1";""
"202400043279";"155705574";"A01";"3";"50";"0";"0";"1";"1";"3";""
"202400043280";"155705573";"A01";"1";"7";"0";"2";"3";"15";"1";""
"202400043280";"155705575";"B01";"1";"31";"0";"2";"2";"17";"1";""
"202400043281";"155705569";"A01";"2";"10";"0";"9";"3";"15";"1";""
"202400043281";"155705572";"B01";"2";"50";"0";"2";"1";"26";"3";""
"202400043282";"155705571";"A01";"1";"1";"3";"0";"2";"14";"5";""
"202400043283";"155705564";"A01";"3";"33";"0";"2";"1";"17";"1";""
"202400043283";"155705567";"B01";"3";"7";"0";"2";"5";"15";"1";""
"202400043284";"155705568";"A01";"2";"50";"0";"2";"1";"1";"3";""
"202400043284";"155705570";"B01";"2";"7";"0";"2";"2";"16";"1";""
"202400043285";"155705563";"A01";"2";"7";"0";"2";"1";"1";"1";""
"202400043285";"155705565";"B01";"1";"7";"0";"2";"3";"15";"1";""
"202400043286";"155705561";"A01";"2";"7";"0";"2";"4";"2";"1";""
"202400043286";"155705562";"B01";"2";"7";"0";"2";"4";"2";"1";""
"202400043286";"155705566";"C01";"2";"7";"0";"2";"1";"2";"1";""
"202400043287";"155705558";"A01";"1";"7";"0";"2";"1";"1";"0";""
"202400043287";"155705560";"B01";"2";"7";"0";"2";"8";"1";"0";""
"202400043288";"155705556";"A01";"1";"32";"12";"1";"1";"1";"1";""
"202400043289";"155705557";"B01";"1";"10";"0";"2";"1";"1";"1";""
"202400043289";"155705559";"A01";"2";"7";"0";"2";"1";"5";"1";""
"202400043290";"155705554";"A01";"1";"3";"1";"0";"3";"1";"1";""
"202400043291";"155705555";"A01";"1";"7";"2";"0";"9";"2";"1";""
"202400043292";"155705550";"A01";"2";"7";"0";"2";"1";"2";"1";""
"202400043292";"155705552";"B01";"2";"7";"0";"0";"6";"2";"1";""
"202400043293";"155705549";"A01";"1";"17";"0";"0";"9";"1";"1";""
"202400043294";"155705547";"A01";"3";"50";"0";"2";"3";"19";"3";""
"202400043294";"155705551";"B01";"1";"7";"0";"2";"1";"1";"1";""
"202400043295";"155705548";"A01";"1";"7";"0";"2";"2";"13";"1";""
"202400043295";"155705553";"B01";"1";"7";"0";"2";"6";"2";"1";""
"202400043296";"155705544";"B01";"1";"7";"0";"2";"3";"1";"0";""
"202400043296";"155705546";"A01";"2";"7";"0";"2";"1";"17";"1";""
"202400043297";"155705541";"B01";"1";"7";"0";"2";"3";"0";"1";""
"202400043297";"155705543";"A01";"2";"1";"0";"2";"1";"15";"5";""
"202400043298";"155705540";"A01";"3";"7";"0";"2";"5";"23";"1";""
"202400043298";"155705542";"B01";"3";"33";"1";"0";"1";"18";"1";""
"202400043299";"155705537";"B01";"1";"7";"0";"2";"8";"1";"1";""
"202400043299";"155705539";"A01";"1";"33";"0";"2";"7";"17";"1";""
"202400043300";"155705535";"A01";"2";"33";"0";"1";"4";"25";"1";""
"202400043301";"155705538";"A01";"1";"7";"2";"0";"1";"0";"1";""
"202400043302";"155705533";"A01";"1";"33";"13";"0";"8";"1";"1";""
"202400043303";"155705534";"B01";"2";"7";"0";"2";"4";"2";"1";""
"202400043303";"155705536";"A01";"2";"7";"0";"2";"1";"2";"1";""
"202400043304";"155705531";"A01";"2";"7";"6";"2";"3";"16";"1";""
"202400043304";"155705532";"B01";"2";"1";"0";"2";"1";"1";"5";""
"202400043305";"155705529";"A01";"1";"7";"0";"0";"1";"5";"1";""
"202400043305";"155705530";"B01";"2";"7";"0";"0";"1";"1";"1";""
"202400043306";"155705527";"A01";"1";"7";"0";"1";"8";"1";"1";""
"202400043307";"155705526";"A01";"1";"7";"0";"1";"7";"1";"1";""
"202400043308";"155705525";"B01";"2";"2";"0";"2";"1";"1";"1";""
"202400043308";"155705528";"A01";"3";"7";"0";"2";"3";"26";"1";""
"202400043309";"155705522";"B01";"3";"33";"0";"2";"8";"1";"1";""
"202400043309";"155705524";"A01";"3";"10";"0";"2";"0";"12";"1";""
"202400043310";"155705523";"A01";"1";"33";"0";"0";"1";"1";"0";""
"202400043311";"155705519";"A01";"2";"33";"15";"0";"9";"14";"1";""
"202400043312";"155705518";"A01";"1";"7";"0";"9";"3";"24";"2";""
"202400043312";"155705521";"B01";"1";"80";"1";"0";"7";"3";"3";""
"202400043313";"155705517";"A01";"2";"7";"0";"2";"1";"13";"1";""
"202400043313";"155705520";"B01";"1";"7";"0";"2";"1";"1";"1";""
"202400043314";"155705516";"A01";"1";"7";"0";"1";"2";"0";"1";""
"202400043315";"155705514";"A01";" -1";"7";"7";"0";"1";"26";"1";""
"202400043315";"155705515";"B01";" -1";"7";"0";"0";"5";"26";"0";""
"202400043316";"155705512";"A01";"1";"7";"2";"0";"2";"1";"0";""
"202400043317";"155705511";"A01";"1";"1";"4";"0";"0";"1";"5";""
"202400043318";"155705509";"A01";"1";"7";"0";"2";"7";"15";"1";""
"202400043318";"155705510";"B01";"2";"7";"0";"2";"1";"1";"1";""
"202400043319";"155705506";"A01";"1";"1";"0";"0";"0";"1";"5";""
"202400043320";"155705505";"B01";"1";"7";"0";"2";"1";"1";"1";""
"202400043320";"155705508";"A01";"0";"7";"0";"2";"1";"15";"1";""
"202400043321";"155705504";"B01";"3";"50";"0";"2";"1";"19";"3";""
"202400043321";"155705507";"A01";"1";"7";"0";"2";"7";"9";"1";""
"202400043322";"155705503";"A01";"0";"7";"2";"0";"1";"0";"1";""
"202400043323";"155705500";"A01";"3";"7";"0";"2";"2";"1";"1";""
"202400043324";"155705502";"A01";"1";"7";"0";"0";"0";"1";"1";""
"202400043325";"155705498";"B01";"2";"7";"0";"2";"1";"1";"1";""
"202400043325";"155705501";"A01";"1";"7";"0";"0";"8";"15";"1";""
"202400043326";"155705497";"A01";"3";"33";"0";"0";"0";"14";"1";""
"202400043327";"155705496";"B01";"1";"7";"0";"2";"1";"1";"1";""
"202400043327";"155705499";"A01";"2";"7";"0";"2";"7";"15";"1";""
"202400043328";"155705493";"A01";"1";"7";"0";"2";"3";"13";"1";""
"202400043328";"155705495";"B01";"2";"7";"0";"2";"3";"1";"1";""
"202400043329";"155705491";"A01";"0";"7";"0";"2";"3";"15";"1";""
"202400043329";"155705494";"B01";"0";"33";"0";"2";"9";"1";"1";""
"202400043330";"155705490";"A01";"3";"7";"0";"1";"0";"1";"0";""
"202400043331";"155705489";"A01";"1";"2";"0";"2";"8";"15";"1";""
"202400043331";"155705492";"B01";"1";"7";"0";"2";"8";"1";"1";""
"202400043332";"155705487";"A01";"3";"10";"0";"1";"5";"26";"1";""
"202400043333";"155705486";"A01";"1";"7";"0";"2";"1";"15";"1";""
"202400043333";"155705488";"B01";"2";"7";"0";"2";"1";"1";"1";""
"202400043334";"155705485";"A01";"2";"7";"0";"1";"6";"1";"2";""
"202400043335";"155705482";"A01";"0";"10";"0";"2";"0";"0";"1";""
"202400043335";"155705484";"B01";"0";"50";"0";"2";"1";"1";"3";""
"202400043336";"155705480";"B01";"2";"36";"0";"2";"3";"1";"1";""
"202400043336";"155705483";"A01";"2";"7";"0";"2";"1";"17";"1";""
"202400043337";"155705481";"A01";"3";"1";"0";"0";"0";"1";"5";""
"202400043338";"155705478";"A01";"1";"32";"0";"2";"7";"1";"1";""
"202400043338";"155705479";"B01";"2";"7";"0";"2";"7";"10";"1";""
"202400043339";"155705477";"A01";"3";"10";"0";"1";"2";"3";"0";""
"202400043340";"155705475";"A01";"0";"2";"0";"1";"1";"1";"1";""
"202400043341";"155705473";"A01";"2";"7";"0";"2";"2";"21";"1";""
"202400043341";"155705476";"B01";"1";"7";"0";"2";"2";"5";"1";""
"202400043342";"155705471";"A01";"2";"7";"0";"1";"4";"2";"1";""
"202400043342";"155705474";"B01";"2";"7";"0";"0";"0";"0";"2";""
"202400043343";"155705468";"A01";"0";"7";"0";"0";"9";"9";"1";""
"202400043344";"155705467";"A01";"1";"7";"0";"2";"1";"1";"1";""
"202400043344";"155705470";"B01";"1";"1";"0";"2";"7";"19";"5";""
"202400043345";"155705465";"A01";"3";"2";"0";"2";"2";"26";"0";""
"202400043345";"155705469";"C01";"3";"7";"0";"2";"6";"26";"0";""
"202400043345";"155705472";"B01";"0";"7";"0";"2";"2";"0";"0";""
"202400043346";"155705464";"A01";"1";"7";"0";"2";"1";"15";"1";""
"202400043346";"155705466";"B01";"1";"7";"0";"2";"8";"1";"1";""
"202400043347";"155705460";"Z01";"0";"7";"0";"2";"1";"0";"0";""
"202400043347";"155705463";"A01";"1";"30";"0";"2";"1";"1";"1";""
"202400043348";"155705459";"A01";"1";"14";"0";"2";"1";"1";"1";""
"202400043348";"155705462";"B01";"1";"7";"0";"2";"8";"1";"1";""
"202400043349";"155705456";"B01";"2";"7";"0";"2";"8";"1";"1";""
"202400043349";"155705458";"A01";"1";"7";"0";"2";"1";"13";"1";""
"202400043350";"155705452";"A01";"2";"7";"0";"2";"7";"1";"1";""
"202400043350";"155705457";"B01";"3";"10";"0";"2";"1";"1";"1";""
"202400043351";"155705453";"A01";"1";"7";"0";"0";"4";"23";"1";""
"202400043351";"155705455";"B01";"1";"7";"0";"2";"1";"1";"1";""
"202400043352";"155705451";"A01";"1";"7";"0";"2";"2";"1";"1";""
"202400043352";"155705454";"B01";"1";"50";"0";"2";"3";"1";"3";""
"202400043353";"155705450";"A01";"1";"7";"0";"1";"1";"15";"1";""
"202400043354";"155705446";"A01";"2";"30";"0";"2";"1";"1";"1";""
"202400043354";"155705449";"B01";"1";"7";"0";"2";"3";"1";"1";""
"202400043355";"155705444";"A01";"1";"7";"0";"2";"3";"1";"1";""
"202400043355";"155705447";"B01";"2";"30";"0";"2";"1";"1";"1";""
"202400043356";"155705438";"A01";"2";"7";"0";"2";"7";"10";"1";""
"202400043356";"155705441";"B01";"2";"33";"0";"2";"1";"1";"1";""
"202400043357";"155705435";"B01";"3";"80";"0";"2";"2";"19";"3";""
"202400043357";"155705439";"A01";"3";"17";"0";"2";"2";"16";"1";""
"202400043358";"155705432";"A01";"1";"7";"0";"2";"3";"17";"1";""
"202400043358";"155705434";"B01";"2";"7";"0";"2";"3";"1";"1";""
"202400043358";"155705436";"C01";"1";"7";"0";"9";"2";"1";"1";""
"202400043358";"155705440";"D01";"1";"7";"14";"9";"1";"1";"2";""
"202400043359";"155705428";"A01";"0";"10";"0";"0";"1";"0";"1";""
"202400043359";"155705430";"B01";"2";"1";"0";"2";"1";"0";"5";""
"202400043360";"155705426";"A01";"3";"30";"8";"2";"7";"26";"1";""
"202400043360";"155705429";"B01";"3";"7";"0";"2";"3";"1";"1";""
"202400043361";"155705425";"B01";"1";"1";"0";"9";"4";"2";"5";""
"202400043361";"155705427";"C01";"1";"1";"0";"9";"4";"2";"5";""
"202400043361";"155705431";"D01";"1";"1";"0";"9";"4";"2";"5";""
"202400043361";"155705433";"E01";"1";"1";"0";"2";"4";"2";"5";""
"202400043361";"155705437";"G01";"1";"1";"0";"0";"4";"2";"5";""
"202400043361";"155705442";"H01";"1";"1";"0";"0";"4";"2";"5";""
"202400043361";"155705443";"F01";"1";"1";"0";"2";"4";"2";"5";""
"202400043361";"155705445";"I01";"1";"1";"0";"2";"4";"2";"5";""
"202400043361";"155705448";"A01";"1";"7";"0";"9";"1";"2";"1";""
"202400043362";"155705423";"A01";"1";"7";"6";"0";"1";"1";"2";""
"202400043363";"155705424";"A01";"1";"7";"2";"0";"1";"26";"1";""
"202400043364";"155705420";"A01";"2";"31";"13";"0";"3";"16";"1";""
"202400043365";"155705421";"A01";"0";"33";"3";"0";"2";"1";"1";""
"202400043366";"155705418";"B01";"1";"7";"15";"2";"6";"1";"1";""
"202400043366";"155705422";"A01";"1";"7";"1";"2";"1";"26";"1";""
"202400043367";"155705416";"A01";"2";"7";"0";"2";"3";"26";"1";""
"202400043367";"155705419";"B01";"2";"33";"0";"2";"2";"26";"1";""
"202400043368";"155705414";"A01";"2";"33";"0";"2";"1";"2";"1";""
"202400043368";"155705417";"B01";"2";"10";"0";"2";"4";"2";"1";""
"202400043369";"155705412";"A01";"1";"7";"6";"0";"1";"1";"1";""
"202400043370";"155705413";"B01";"1";"33";"0";"2";"7";"3";"1";""
"202400043370";"155705415";"A01";"1";"7";"0";"2";"8";"11";"1";""
"202400043371";"155705409";"A01";"2";"33";"0";"2";"8";"1";"1";""
"202400043371";"155705410";"Z01";"2";"7";"0";"2";"2";"13";"0";""
"202400043372";"155705408";"A01";"0";"7";"0";"2";"8";"1";"1";""
"202400043372";"155705411";"B01";"0";"7";"0";"2";"8";"1";"1";""
"202400043373";"155705405";"B01";"2";"10";"0";"2";"4";"1";"0";""
"202400043373";"155705406";"A01";"2";"7";"0";"2";"2";"1";"3";""
"202400043374";"155705407";"A01";"1";"31";"12";"0";"5";"1";"1";""
"202400043375";"155705403";"A01";"1";"7";"10";"9";"1";"1";"1";""
"202400043376";"155705401";"A01";"2";"7";"0";"2";"1";"1";"1";""
"202400043376";"155705404";"B01";"2";"7";"0";"2";"3";"1";"1";""
"202400043377";"155705397";"B01";"1";"14";"0";"2";"4";"1";"1";""
"202400043377";"155705400";"A01";"1";"7";"0";"2";"1";"1";"1";""
"202400043378";"155705396";"A01";"1";"33";"0";"2";"1";"3";"1";""
"202400043378";"155705398";"C01";"1";"7";"0";"2";"7";"1";"1";""
"202400043378";"155705399";"D01";"1";"7";"0";"2";"8";"1";"1";""
"202400043378";"155705402";"B01";"1";"33";"0";"2";"4";"3";"1";""
"202400043379";"155705395";"A01";"1";"7";"4";"0";"1";"1";"1";""
"202400043380";"155705394";"A01";"1";"7";"6";"0";"3";"1";"1";""
"202400043381";"155705389";"A01";"1";"33";"0";"2";"2";"18";"1";""
"202400043381";"155705392";"B01";"1";"7";"0";"2";"3";"13";"1";""
"202400043382";"155705390";"A01";"2";"7";"0";"2";"2";"12";"1";""
"202400043382";"155705393";"B01";"2";"33";"0";"2";"2";"11";"1";""
"202400043383";"155705386";"A01";"1";"33";"4";"0";"7";"1";"1";""
"202400043384";"155705388";"A01";"2";"7";"0";"2";"1";"0";"1";""
"202400043384";"155705391";"B01";"2";"7";"0";"0";"4";"0";"1";""
"202400043385";"155705379";"A01";"3";"1";"0";"2";"1";"1";"5";""
"202400043385";"155705383";"B01";"2";"10";"0";"2";"3";"1";"1";""
"202400043386";"155705380";"A01";"2";"10";"0";"2";"1";"2";"1";""
"202400043386";"155705384";"B01";"2";"10";"0";"2";"4";"2";"1";""
"202400043387";"155705378";"A01";"1";"7";"3";"2";"2";"1";"1";""
"202400043387";"155705382";"B01";"1";"7";"0";"0";"6";"1";"1";""
"202400043388";"155705377";"A01";"2";"7";"0";"2";"1";"2";"1";""
"202400043388";"155705381";"B01";"2";"7";"0";"2";"4";"23";"1";""
"202400043388";"155705385";"C01";"2";"7";"0";"2";"4";"23";"1";""
"202400043388";"155705387";"D01";"2";"7";"0";"2";"4";"23";"1";""
"202400043389";"155705374";"A01";"3";"7";"0";"2";"4";"1";"1";""
"202400043389";"155705376";"B01";"3";"7";"0";"2";"3";"23";"2";""
"202400043390";"155705369";"A01";"1";"7";"4";"2";"1";"0";"1";""
"202400043390";"155705372";"B01";"1";"7";"0";"2";"6";"1";"1";""
"202400043391";"155705365";"A01";"1";"1";"14";"1";"1";"1";"5";""
"202400043392";"155705366";"A01";"1";"10";"0";"2";"4";"2";"1";""
"202400043392";"155705368";"D01";"1";"7";"0";"2";"1";"2";"1";""
"202400043392";"155705370";"C01";"1";"7";"0";"2";"4";"1";"1";""
"202400043392";"155705373";"B01";"1";"7";"0";"2";"1";"2";"1";""
"202400043392";"155705375";"E01";"1";"10";"0";"2";"1";"1";"1";""
"202400043393";"155705363";"A01";"1";"7";"6";"0";"1";"13";"1";""
"202400043394";"155705357";"A01";"3";"7";"8";"2";"6";"15";"2";""
"202400043394";"155705360";"B01";"3";"7";"0";"2";"6";"1";"1";""
"202400043395";"155705354";"A01";"1";"7";"0";"2";"1";"13";"1";""
"202400043395";"155705356";"B01";"2";"7";"0";"2";"1";"0";"1";""
"202400043396";"155705355";"A01";"2";"7";"2";"2";"2";"14";"1";""
"202400043396";"155705358";"B01";"2";"32";"0";"2";"7";"17";"1";""
"202400043396";"155705362";"C01";"1";"7";"0";"2";"8";"1";"1";""
"202400043396";"155705364";"D01";"2";"7";"0";"2";"2";"1";"1";""
"202400043397";"155705353";"A01";"3";"37";"0";"1";"2";"7";"1";"1"
"202400043398";"155705347";"A01";"3";"7";"15";"4";"2";"26";"0";""
"202400043398";"155705349";"B01";"3";"39";"0";"2";"2";"1";"3";""
"202400043399";"155705350";"A01";"3";"7";"0";"2";"8";"15";"1";""