"Num_Acc";"id_vehicule";"num_veh";"senc";"catv";"obs";"obsm";"choc";"manv";"motor";"occutc"
"202400043399";"155705352";"B01";"3";"31";"0";"2";"1";"2";"1";""
"202400043400";"155705346";"A01";"2";"7";"0";"2";"3";"13";"1";""
"202400043400";"155705348";"B01";"1";"7";"0";"2";"3";"1";"1";""
"202400043401";"155705345";"B01";"1";"7";"0";"2";"6";"15";"1";""
"202400043401";"155705351";"A01";"2";"50";"0";"2";"1";"26";"3";""
"202400043402";"155705342";"A01";"3";"37";"0";"2";"3";"1";"2";"2"
"202400043402";"155705344";"B01";"3";"7";"0";"2";"2";"9";"1";""
"202400043403";"155705340";"A01";"1";"7";"2";"0";"1";"13";"1";""
"202400043404";"155705341";"A01";"1";"31";"0";"2";"2";"17";"1";""
"202400043404";"155705343";"B01";"1";"7";"0";"2";"3";"15";"1";""
"202400043405";"155705337";"A01";"2";"30";"0";"2";"1";"2";"1";""
"202400043405";"155705339";"B01";"2";"7";"0";"2";"5";"2";"2";""
"202400043406";"155705334";"B01";"2";"33";"0";"2";"3";"1";"1";""
"202400043406";"155705338";"A01";"1";"7";"0";"2";"0";"15";"0";""
"202400043407";"155705333";"A01";"3";"7";"0";"0";"2";"0";"1";""
"202400043407";"155705335";"B01";"3";"60";"0";"2";"2";"9";"5";""
"202400043408";"155705327";"A01";"1";"7";"0";"1";"1";"14";"1";""
"202400043409";"155705328";"A01";"1";"7";"0";"2";"3";"13";"1";""
"202400043409";"155705331";"B01";"1";"7";"0";"2";"5";"1";"1";""
"202400043410";"155705330";"A01";"1";"31";"0";"2";"1";"2";"1";""
"202400043410";"155705332";"B01";"1";"7";"0";"0";"4";"2";"2";""
"202400043411";"155705324";"A01";"0";"7";"0";"2";"3";"1";"1";""
"202400043411";"155705329";"B01";"3";"7";"0";"2";"1";"1";"1";""
"202400043412";"155705325";"B01";"0";"50";"0";"2";"7";"1";"3";""
"202400043412";"155705326";"A01";"0";"7";"0";"2";"3";"13";"0";""
"202400043413";"155705320";"A01";"2";"1";"0";"1";"1";"1";"5";""
"202400043414";"155705319";"A01";"2";"7";"0";"2";"3";"13";"1";""
"202400043414";"155705321";"B01";"1";"7";"0";"2";"3";"1";"1";""
"202400043415";"155705317";"A01";"3";"33";"0";"0";"1";"2";"1";""
"202400043416";"155705316";"B01";"2";"7";"0";"2";"3";"16";"2";""
"202400043416";"155705318";"A01";"2";"50";"0";"2";"1";"1";"3";""
"202400043417";"155705314";"A01";"2";"7";"4";"2";"3";"13";"1";""
"202400043417";"155705322";"B01";"2";"15";"0";"2";"2";"1";"1";""
"202400043418";"155705313";"A01";"2";"37";"7";"0";"1";"15";"1";"2"
"202400043419";"155705312";"A01";"2";"7";"0";"2";"3";"1";"1";""
"202400043419";"155705315";"B01";"1";"7";"0";"2";"3";"1";"1";""
"202400043420";"155705309";"A01";"1";"10";"0";"2";"3";"1";"1";""
"202400043420";"155705311";"Z01";"2";"20";"0";"2";"1";"1";"5";""
"202400043421";"155705308";"A01";"1";"7";"8";"0";"1";"1";"1";""
"202400043422";"155705306";"B01";"1";"33";"0";"2";"8";"1";"1";""
"202400043422";"155705310";"A01";"1";"7";"0";"2";"1";"1";"1";""
"202400043423";"155705305";"A01";"1";"7";"0";"1";"2";"1";"1";""
"202400043424";"155705303";"A01";"3";"7";"0";"0";"1";"9";"1";""
"202400043424";"155705307";"B01";"3";"80";"0";"2";"1";"1";"3";""
"202400043425";"155705301";"A01";"0";"7";"3";"0";"3";"13";"1";""
"202400043426";"155705302";"B01";"1";"7";"0";"2";"0";"0";"1";""
"202400043426";"155705304";"A01";"1";"7";"0";"2";"0";"0";"1";""
"202400043427";"155705298";"A01";"2";"10";"0";"2";"1";"1";"3";""
"202400043427";"155705300";"B01";"1";"10";"0";"2";"8";"1";"1";""
"202400043428";"155705296";"A01";"1";"7";"0";"0";"1";"13";"1";""
"202400043429";"155705297";"B01";"1";"1";"0";"2";"8";"1";"5";""
"202400043429";"155705299";"A01";"1";"7";"0";"2";"2";"1";"1";""
"202400043430";"155705293";"A01";"2";"7";"2";"0";"9";"13";"1";""
"202400043431";"155705288";"A01";"1";"2";"0";"0";"9";"1";"1";""
"202400043432";"155705289";"A01";"1";"7";"0";"2";"4";"1";"1";""
"202400043432";"155705291";"Z01";"1";"0";"0";"2";"0";"0";"0";""
"202400043433";"155705290";"B01";"1";"7";"0";"2";"1";"1";"3";""
"202400043433";"155705292";"A01";"1";"3";"0";"2";"1";"15";"3";""
"202400043433";"155705295";"C01";"2";"7";"0";"2";"3";"1";"1";""
"202400043434";"155705283";"A01";"1";"33";"0";"0";"1";"1";"1";""
"202400043435";"155705284";"A01";"2";"10";"0";"2";"1";"13";"0";""
"202400043435";"155705286";"B01";"1";"10";"0";"2";"1";"23";"0";""
"202400043436";"155705281";"A01";"1";"7";"0";"2";"2";"15";"1";""
"202400043436";"155705282";"B01";"2";"31";"0";"2";"3";"1";"1";""
"202400043437";"155705278";"A01";"3";"31";"0";"0";"8";"21";"1";""
"202400043438";"155705276";"A01";"2";"7";"0";"9";"2";"2";"1";""
"202400043438";"155705280";"B01";"2";"1";"0";"0";"4";"2";"5";""
"202400043439";"155705275";"B01";"3";"50";"0";"2";"0";"0";"3";""
"202400043439";"155705279";"A01";"2";"7";"0";"2";"0";"16";"1";""
"202400043440";"155705271";"B01";"2";"21";"0";"2";"3";"15";"1";""
"202400043440";"155705274";"A01";"2";"33";"0";"2";"7";"17";"1";""
"202400043441";"155705273";"A01";"3";"33";"0";"2";"7";"15";"1";""
"202400043441";"155705277";"B01";"1";"7";"0";"2";"1";"9";"1";""
"202400043442";"155705272";"A01";"1";"7";"0";"1";"2";"25";"1";""
"202400043443";"155705268";"A01";"1";"33";"0";"0";"7";"1";"1";""
"202400043444";"155705264";"A01";"1";"7";"0";"2";"1";"1";"1";""
"202400043444";"155705269";"B01";"1";"7";"0";"2";"4";"1";"1";""
"202400043445";"155705263";"B01";"1";"7";"0";"2";"1";"0";"1";""
"202400043445";"155705266";"A01";"1";"99";"0";"2";"3";"0";"1";""
"202400043446";"155705262";"A01";"1";"7";"0";"2";"8";"15";"2";""
"202400043446";"155705265";"B01";"1";"33";"0";"2";"7";"2";"1";""
"202400043447";"155705261";"A01";"1";"1";"13";"0";"0";"1";"5";""
"202400043448";"155705257";"A01";"0";"7";"0";"1";"1";"1";"1";""
"202400043449";"155705258";"A01";"2";"31";"0";"0";"7";"14";"1";""
"202400043450";"155705254";"A01";"2";"14";"0";"2";"8";"1";"1";""
"202400043450";"155705255";"B01";"1";"2";"0";"2";"9";"1";"1";""
"202400043451";"155705253";"B01";"1";"7";"0";"2";"3";"10";"1";""
"202400043451";"155705256";"A01";"1";"2";"0";"2";"1";"14";"3";""
"202400043452";"155705251";"A01";"1";"7";"2";"0";"2";"0";"1";""
"202400043453";"155705250";"B01";"1";"7";"0";"2";"5";"1";"1";""
"202400043453";"155705252";"A01";"1";"32";"0";"2";"8";"18";"1";""
"202400043454";"155705247";"A01";"2";"7";"0";"2";"1";"17";"1";""
"202400043454";"155705249";"B01";"2";"7";"0";"2";"3";"1";"2";""
"202400043455";"155705248";"A01";"2";"7";"0";"1";"1";"26";"1";""
"202400043456";"155705246";"A01";"0";"7";"1";"0";"2";"0";"1";""
"202400043457";"155705242";"A01";"2";"7";"0";"1";"1";"1";"1";""
"202400043458";"155705244";"A01";"1";"7";"0";"1";"2";"1";"1";""
"202400043459";"155705241";"B01";"2";"80";"0";"2";"7";"1";"3";""
"202400043459";"155705245";"A01";"2";"7";"0";"2";"3";"15";"1";""
"202400043460";"155705239";"A01";"3";"32";"0";"2";"1";"17";"1";""
"202400043460";"155705243";"B01";"2";"7";"0";"2";"0";"0";"0";""
"202400043461";"155705236";"A01";"1";"10";"0";"2";"5";"1";"1";""
"202400043461";"155705240";"B01";"2";"2";"0";"2";"1";"1";"1";""
"202400043462";"155705235";"B01";"3";"1";"0";"0";"0";"0";"5";""
"202400043462";"155705238";"A01";"0";"0";"0";"0";"1";"15";"0";""
"202400043463";"155705232";"A01";"2";"2";"6";"0";"8";"1";"1";""
"202400043463";"155705237";"B01";"2";"2";"0";"0";"7";"1";"1";""
"202400043464";"155705231";"A01";"1";"7";"0";"2";"1";"2";"1";""
"202400043464";"155705233";"B01";"1";"31";"0";"2";"4";"2";"1";""
"202400043465";"155705225";"A01";"1";"7";"0";"2";"1";"1";"1";""
"202400043465";"155705230";"B01";"1";"7";"0";"2";"4";"1";"1";""
"202400043465";"155705234";"C01";"1";"7";"0";"2";"4";"1";"1";""
"202400043466";"155705224";"B01";"2";"10";"0";"2";"4";"1";"1";""
"202400043466";"155705228";"C01";"2";"7";"0";"2";"4";"1";"1";""
"202400043466";"155705229";"A01";"2";"7";"0";"2";"9";"1";"1";""
"202400043467";"155705223";"B01";"1";"7";"0";"2";"2";"2";"1";""
"202400043467";"155705227";"A01";"1";"7";"0";"2";"3";"15";"1";""
"202400043468";"155705221";"A01";"1";"7";"0";"2";"3";"1";"1";""
"202400043468";"155705226";"B01";"1";"31";"0";"2";"2";"2";"1";""
"202400043469";"155705219";"A01";"2";"7";"9";"0";"2";"1";"1";""
"202400043470";"155705220";"A01";"2";"7";"0";"2";"8";"13";"0";""
"202400043470";"155705222";"B01";"1";"7";"0";"2";"1";"1";"1";""
"202400043471";"155705217";"A01";"2";"2";"0";"1";"1";"0";"1";""
"202400043472";"155705216";"A01";"1";"7";"0";"1";"1";"1";"1";""
"202400043473";"155705214";"A01";"2";"33";"13";"0";"0";"1";"1";""
"202400043474";"155705215";"B01";"1";"7";"0";"2";"5";"1";"1";""
"202400043474";"155705218";"A01";"1";"31";"0";"2";"1";"14";"1";""
"202400043475";"155705209";"A01";"2";"33";"0";"2";"8";"15";"1";""
"202400043475";"155705211";"B01";"2";"33";"0";"2";"7";"17";"1";""
"202400043476";"155705208";"A01";"1";"7";"0";"1";"3";"15";"1";""
"202400043477";"155705206";"B01";"1";"7";"0";"2";"4";"23";"0";""
"202400043477";"155705212";"A01";"1";"10";"0";"2";"3";"2";"3";""
"202400043478";"155705205";"A01";"0";"7";"0";"1";"3";"17";"1";""
"202400043479";"155705202";"D01";"2";"1";"0";"2";"1";"1";"5";""
"202400043479";"155705204";"B01";"2";"1";"0";"2";"1";"1";"5";""
"202400043479";"155705207";"E01";"2";"1";"0";"2";"1";"1";"5";""
"202400043479";"155705210";"A01";"1";"33";"0";"2";"1";"17";"1";""
"202400043479";"155705213";"C01";"2";"1";"0";"2";"1";"1";"5";""
"202400043480";"155705196";"A01";"1";"7";"0";"2";"5";"20";"1";""
"202400043480";"155705199";"B01";"1";"32";"0";"2";"1";"2";"1";""
"202400043481";"155705197";"A01";"2";"1";"0";"2";"1";"5";"5";""
"202400043481";"155705201";"B01";"1";"33";"0";"2";"1";"1";"1";""
"202400043482";"155705189";"A01";"2";"7";"1";"0";"3";"5";"1";""
"202400043483";"155705192";"B01";"2";"1";"0";"2";"5";"16";"5";""
"202400043483";"155705193";"A01";"2";"7";"0";"2";"1";"2";"2";""
"202400043484";"155705188";"B01";"3";"7";"0";"2";"4";"0";"1";""
"202400043484";"155705190";"A01";"3";"7";"0";"2";"1";"26";"1";""
"202400043485";"155705187";"C01";"2";"7";"0";"2";"1";"23";"1";""
"202400043485";"155705191";"A01";"1";"7";"0";"2";"5";"1";"1";""
"202400043485";"155705194";"B01";"1";"7";"7";"2";"1";"1";"1";""
"202400043486";"155705182";"A01";"3";"2";"0";"2";"2";"12";"1";""
"202400043486";"155705185";"B01";"3";"7";"0";"2";"3";"0";"1";""
"202400043487";"155705180";"A01";"1";"0";"0";"2";"3";"1";"0";""
"202400043487";"155705183";"B01";"2";"0";"6";"2";"3";"1";"1";""
"202400043488";"155705181";"A01";"3";"7";"3";"0";"1";"14";"1";""
"202400043489";"155705179";"A01";"1";"10";"0";"2";"1";"2";"1";""
"202400043489";"155705184";"B01";"1";"7";"0";"2";"1";"24";"1";""
"202400043489";"155705186";"C01";"1";"7";"0";"0";"4";"24";"1";""
"202400043490";"155705174";"A01";"1";"10";"0";"1";"3";"15";"1";""
"202400043491";"155705172";"A01";"3";"33";"0";"2";"3";"0";"1";""
"202400043491";"155705175";"B01";"3";"33";"0";"2";"3";"1";"1";""
"202400043492";"155705171";"C01";"1";"7";"0";"2";"4";"2";"1";""
"202400043492";"155705176";"A01";"1";"7";"0";"0";"0";"0";"1";""
"202400043492";"155705178";"B01";"1";"7";"0";"2";"4";"2";"1";""
"202400043493";"155705173";"A01";"1";"2";"0";"2";"1";"1";"1";""
"202400043493";"155705177";"B01";"2";"7";"0";"2";"3";"15";"1";""
"202400043494";"155705169";"A01";"3";"33";"0";"2";"1";"17";"1";""
"202400043494";"155705170";"B01";"3";"7";"0";"2";"3";"15";"1";""
"202400043495";"155705168";"A01";"2";"30";"0";"1";"1";"17";"1";""
"202400043496";"155705167";"A01";"1";"7";"0";"1";"2";"1";"1";""
"202400043497";"155705163";"A01";"1";"7";"8";"0";"2";"1";"1";""
"202400043498";"155705161";"A01";"0";"7";"0";"2";"1";"9";"2";""
"202400043498";"155705164";"B01";"0";"33";"0";"2";"7";"1";"1";""
"202400043499";"155705160";"A01";"2";"7";"0";"2";"3";"15";"1";""
"202400043499";"155705165";"B01";"1";"2";"0";"2";"7";"21";"1";""
"202400043500";"155705162";"A01";"2";"7";"0";"0";"1";"13";"1";""
"202400043500";"155705166";"B01";"1";"7";"0";"0";"1";"1";"0";""
"202400043501";"155705159";"A01";"0";"33";"6";"0";"1";"1";"1";""
"202400043502";"155705156";"A01";"1";"7";"3";"2";"3";"13";"2";""
"202400043502";"155705158";"B01";"2";"7";"0";"2";"3";"1";"1";""
"202400043503";"155705157";"A01";"1";"34";"0";"0";"8";"1";"1";""
"202400043504";"155705154";"A01";"2";"7";"2";"0";"3";"1";"1";""
"202400043505";"155705153";"B01";"1";"7";"13";"0";"6";"2";"1";""
"202400043505";"155705155";"A01";"1";"7";"0";"2";"2";"2";"1";""
"202400043506";"155705150";"B01";"2";"1";"0";"9";"0";"1";"5";""
"202400043506";"155705152";"A01";"1";"50";"0";"2";"0";"1";"3";""
"202400043507";"155705151";"A01";"1";"7";"1";"1";"2";"14";"1";""
"202400043508";"155705148";"B01";"3";"2";"0";"2";"1";"1";"1";""
"202400043508";"155705149";"A01";"3";"7";"0";"2";"3";"19";"1";""
"202400043509";"155705145";"A01";"1";"2";"0";"0";"0";"1";"1";""
"202400043510";"155705144";"B01";"2";"7";"0";"2";"1";"1";"1";""
"202400043510";"155705147";"A01";"1";"7";"0";"2";"1";"5";"2";""
"202400043511";"155705143";"B01";"1";"10";"0";"2";"7";"26";"1";""
"202400043511";"155705146";"A01";"1";"34";"0";"2";"1";"26";"1";""
"202400043512";"155705142";"A01";"1";"7";"4";"0";"3";"21";"1";""
"202400043513";"155705139";"B01";"2";"33";"0";"2";"8";"1";"1";""
"202400043513";"155705140";"A01";"2";"10";"0";"2";"7";"12";"1";""
"202400043514";"155705138";"A01";"3";"7";"0";"2";"2";"15";"1";""
"202400043514";"155705141";"B01";"3";"32";"0";"2";"1";"1";"1";""
"202400043515";"155705137";"A01";"1";"7";"0";"0";"1";"1";"1";""
"202400043516";"155705134";"A01";"2";"10";"0";"1";"5";"4";"3";""
"202400043517";"155705133";"B01";"1";"7";"0";"2";"2";"1";"1";""
"202400043517";"155705136";"A01";"1";"7";"0";"2";"2";"26";"2";""
"202400043518";"155705132";"A01";"3";"7";"0";"2";"3";"8";"1";""
"202400043518";"155705135";"B01";"3";"1";"0";"2";"1";"1";"5";""
"202400043519";"155705128";"Z01";"2";"7";"0";"1";"1";"2";"1";""
"202400043520";"155705126";"B01";"2";"2";"0";"2";"1";"1";"1";""
"202400043520";"155705130";"A01";"1";"7";"0";"2";"2";"15";"1";""
"202400043521";"155705129";"A01";"1";"7";"0";"2";"4";"15";"1";""
"202400043521";"155705131";"B01";"1";"10";"0";"2";"1";"2";"3";""
"202400043522";"155705123";"A01";"2";"7";"2";"0";"2";"1";"1";""
"202400043523";"155705117";"B01";"1";"33";"0";"2";"1";"1";"1";""
"202400043523";"155705120";"C01";"1";"33";"0";"2";"1";"1";"1";""
"202400043523";"155705122";"A01";"2";"7";"0";"2";"3";"13";"1";""
"202400043524";"155705116";"B01";"2";"2";"0";"0";"4";"2";"1";""
"202400043524";"155705121";"A01";"2";"7";"3";"2";"1";"2";"1";""
"202400043525";"155705118";"B01";"1";"37";"0";"2";"3";"1";"1";"5"
"202400043525";"155705124";"A01";"1";"7";"0";"2";"2";"17";"1";""
"202400043526";"155705113";"A01";"2";"7";"2";"0";"1";"1";"1";""
"202400043527";"155705112";"A01";"2";"7";"0";"1";"3";"1";"1";""
"202400043528";"155705110";"B01";"1";"1";"0";"2";"7";"2";"5";""
"202400043528";"155705111";"A01";"1";"7";"0";"2";"3";"15";"1";""
"202400043529";"155705107";"A01";"2";"7";"0";"2";"8";"15";"1";""
"202400043529";"155705109";"B01";"2";"2";"0";"0";"7";"2";"1";""
"202400043530";"155705106";"A01";"1";"7";"0";"1";"3";"1";"1";""
"202400043531";"155705105";"A01";"3";"33";"0";"0";"3";"21";"1";""
"202400043532";"155705104";"A01";"1";"10";"0";"1";"2";"1";"1";""
"202400043533";"155705102";"A01";"1";"7";"0";"2";"3";"0";"1";""
"202400043533";"155705103";"B01";"2";"7";"0";"2";"3";"0";"1";""
"202400043534";"155705101";"A01";"1";"7";"13";"0";"2";"14";"1";""
"202400043535";"155705098";"A01";"0";"10";"0";"2";"1";"1";"1";""
"202400043535";"155705100";"B01";"0";"7";"0";"2";"4";"1";"1";""
"202400043536";"155705097";"A01";"1";"7";"0";"2";"7";"15";"1";""
"202400043536";"155705099";"B01";"1";"1";"0";"2";"1";"1";"5";""
"202400043537";"155705096";"A01";"0";"7";"13";"0";"1";"0";"1";""
"202400043538";"155705095";"A01";"1";"7";"0";"1";"1";"15";"1";""
"202400043539";"155705092";"A01";"2";"31";"6";"0";"2";"14";"1";""
"202400043540";"155705091";"A01";"1";"10";"0";"2";"2";"17";"1";""
"202400043540";"155705094";"B01";"1";"7";"3";"0";"6";"0";"1";""
"202400043541";"155705090";"A01";"2";"1";"0";"2";"8";"13";"5";""
"202400043541";"155705093";"B01";"2";"7";"0";"2";"7";"17";"2";""
"202400043542";"155705087";"A01";"1";"7";"0";"0";"3";"5";"1";""
"202400043542";"155705089";"B01";"2";"7";"0";"0";"3";"1";"1";""
"202400043543";"155705086";"A01";"3";"7";"0";"1";"1";"1";"2";""
"202400043544";"155705084";"A01";"2";"7";"3";"2";"1";"13";"1";""
"202400043544";"155705088";"B01";"1";"7";"0";"2";"1";"1";"1";""
"202400043545";"155705082";"A01";"1";"2";"0";"2";"1";"3";"1";""
"202400043545";"155705083";"B01";"1";"7";"0";"2";"6";"23";"2";""
"202400043545";"155705085";"C01";"2";"7";"0";"2";"3";"23";"2";""
"202400043546";"155705081";"A01";"1";"7";"6";"0";"3";"0";"1";""
"202400043547";"155705079";"A01";"3";"33";"1";"0";"1";"20";"1";""
"202400043547";"155705080";"B01";"0";"33";"0";"2";"8";"24";"1";""
"202400043548";"155705077";"A01";"2";"7";"0";"1";"2";"2";"3";""
"202400043549";"155705076";"B01";"2";"80";"0";"2";"7";"1";"3";""
"202400043549";"155705078";"A01";"1";"7";"0";"9";"3";"16";"2";""
"202400043550";"155705074";"A01";"2";"32";"13";"0";"8";"1";"1";""
"202400043551";"155705073";"A01";"1";"7";"0";"2";"1";"14";"1";""
"202400043551";"155705075";"B01";"1";"7";"0";"2";"1";"13";"1";""
"202400043552";"155705070";"A01";"1";"7";"0";"2";"2";"6";"1";""
"202400043552";"155705072";"B01";"1";"33";"0";"2";"1";"1";"1";""
"202400043553";"155705067";"B01";"3";"7";"1";"2";"2";"21";"1";""
"202400043553";"155705071";"A01";"3";"10";"0";"2";"4";"20";"1";""
"202400043554";"155705065";"A01";"1";"7";"0";"0";"8";"15";"1";""
"202400043554";"155705068";"B01";"2";"33";"0";"2";"1";"1";"1";""
"202400043555";"155705064";"B01";"2";"7";"0";"2";"1";"1";"1";""
"202400043555";"155705069";"A01";"1";"7";"0";"2";"1";"13";"1";""
"202400043556";"155705066";"A01";"3";"7";"0";"1";"3";"15";"2";""
"202400043557";"155705062";"A01";"2";"99";"0";"2";"1";"23";"1";""
"202400043557";"155705063";"B01";"2";"7";"0";"2";"4";"2";"1";""
"202400043558";"155705060";"A01";"1";"7";"8";"0";"3";"1";"1";""
"202400043559";"155705059";"A01";"1";"33";"0";"2";"1";"2";"1";""
"202400043559";"155705061";"B01";"1";"7";"0";"2";"4";"23";"1";""
"202400043560";"155705057";"A01";"3";"50";"0";"1";"1";"1";"3";""
"202400043561";"155705054";"A01";"0";"7";"0";"1";"1";"16";"1";""
"202400043562";"155705053";"B01";"3";"7";"0";"2";"1";"1";"1";""
"202400043562";"155705056";"C01";"3";"7";"14";"0";"1";"1";"1";""
"202400043562";"155705058";"A01";"3";"7";"0";"2";"1";"13";"1";""
"202400043563";"155705052";"A01";"3";"7";"0";"2";"3";"13";"1";""
"202400043563";"155705055";"B01";"3";"33";"0";"2";"1";"1";"1";""
"202400043564";"155705051";"A01";"1";"7";"0";"1";"5";"1";"1";""
"202400043565";"155705047";"A01";"3";"7";"0";"9";"1";"1";"1";""
"202400043566";"155705045";"A01";"2";"7";"0";"2";"8";"10";"2";""
"202400043566";"155705049";"B01";"2";"34";"0";"2";"3";"17";"0";""
"202400043567";"155705044";"A01";"2";"17";"0";"2";"1";"1";"1";""
"202400043567";"155705048";"C01";"2";"7";"0";"2";"4";"23";"1";""
"202400043567";"155705050";"B01";"2";"7";"0";"2";"4";"23";"1";""
"202400043568";"155705041";"A01";"1";"7";"0";"9";"3";"26";"1";""
"202400043568";"155705043";"B01";"1";"30";"0";"2";"2";"26";"1";""
"202400043569";"155705042";"A01";"2";"7";"0";"0";"7";"19";"1";""
"202400043569";"155705046";"B01";"2";"7";"0";"2";"2";"1";"1";""
"202400043570";"155705037";"A01";"1";"7";"3";"0";"1";"0";"1";""
"202400043571";"155705036";"B01";"1";"2";"0";"2";"1";"1";"0";""
"202400043571";"155705040";"A01";"1";"7";"0";"2";"2";"15";"0";""
"202400043572";"155705038";"A01";"2";"33";"0";"2";"1";"13";"1";""
"202400043572";"155705039";"B01";"1";"7";"0";"2";"3";"15";"1";""
"202400043573";"155705035";"A01";"1";"7";"13";"0";"2";"1";"1";""
"202400043574";"155705034";"A01";"1";"1";"0";"0";"0";"26";"5";""
"202400043575";"155705030";"A01";"1";"10";"13";"0";"1";"1";"1";""
"202400043576";"155705029";"A01";"1";"7";"0";"2";"9";"12";"1";""
"202400043576";"155705033";"B01";"1";"7";"0";"2";"4";"1";"1";""
"202400043577";"155705028";"A01";"1";"7";"8";"0";"3";"0";"1";""
"202400043578";"155705027";"A01";"2";"30";"0";"2";"1";"1";"1";""
"202400043578";"155705031";"B01";"2";"7";"0";"2";"2";"15";"1";""
"202400043579";"155705026";"A01";"1";"7";"8";"0";"1";"0";"1";""
"202400043580";"155705024";"A01";"1";"7";"0";"5";"1";"14";"1";""
"202400043581";"155705021";"B01";"1";"32";"0";"2";"1";"13";"1";""
"202400043581";"155705025";"A01";"1";"7";"0";"0";"8";"15";"0";""
"202400043582";"155705018";"A01";"1";"7";"4";"0";"1";"0";"1";""
"202400043583";"155705017";"B01";"3";"50";"0";"2";"3";"2";"3";""
"202400043583";"155705020";"A01";"0";"10";"0";"2";"0";"20";"0";""
"202400043584";"155705014";"D01";"2";"17";"0";"0";"4";"1";"1";""
"202400043584";"155705015";"A01";"2";"7";"3";"0";"6";"13";"1";""
"202400043584";"155705019";"C01";"2";"7";"4";"0";"2";"1";"1";""
"202400043584";"155705022";"E01";"2";"10";"0";"2";"1";"1";"1";""
"202400043584";"155705023";"B01";"2";"17";"0";"2";"3";"1";"1";""
"202400043585";"155705013";"A01";"3";"7";"0";"2";"1";"1";"1";""
"202400043585";"155705016";"B01";"3";"7";"0";"2";"6";"1";"1";""
"202400043586";"155705011";"A01";"1";"7";"4";"0";"2";"1";"1";""
"202400043587";"155705010";"A01";"2";"7";"0";"2";"3";"11";"1";""
"202400043587";"155705012";"B01";"2";"32";"0";"2";"7";"3";"1";""
"202400043588";"155705009";"A01";"2";"7";"0";"1";"1";"0";"1";""
"202400043589";"155705005";"A01";"2";"7";"0";"2";"1";"19";"1";""
"202400043589";"155705007";"B01";"2";"43";"0";"2";"1";"1";"1";""
"202400043590";"155705002";"A01";"1";"32";"0";"2";"1";"1";"1";""
"202400043590";"155705006";"B01";"1";"7";"0";"2";"4";"1";"3";""
"202400043591";"155705001";"B01";"1";"7";"0";"0";"1";"2";"1";""
"202400043591";"155705008";"A01";"2";"7";"0";"2";"1";"5";"1";""
"202400043592";"155705000";"A01";"2";"33";"14";"0";"1";"1";"1";""
"202400043592";"155705004";"B01";"1";"7";"0";"2";"8";"1";"1";""
"202400043593";"155704997";"C01";"2";"7";"0";"2";"1";"1";"1";""
"202400043593";"155704999";"B01";"2";"7";"0";"2";"1";"1";"1";""
"202400043593";"155705003";"A01";"1";"16";"0";"2";"1";"13";"1";""
"202400043594";"155704992";"Z01";"1";"7";"0";"2";"0";"0";"1";""
"202400043594";"155704996";"A01";"1";"33";"0";"2";"1";"3";"1";""
"202400043595";"155704993";"B01";"1";"7";"0";"9";"2";"26";"1";""
"202400043595";"155704998";"A01";"1";"80";"0";"2";"2";"5";"2";""
"202400043596";"155704989";"A01";"1";"33";"0";"1";"1";"3";"1";""
"202400043597";"155704988";"A01";"2";"7";"4";"0";"1";"1";"1";""
"202400043597";"155704991";"B01";"2";"7";"0";"0";"4";"1";"1";""
"202400043597";"155704994";"C01";"2";"7";"0";"2";"5";"2";"1";""
"202400043597";"155704995";"D01";"2";"7";"0";"2";"1";"1";"1";""
"202400043598";"155704987";"A01";"2";"7";"0";"2";"2";"15";"1";""
"202400043598";"155704990";"B01";"1";"31";"0";"2";"1";"1";"1";""
"202400043599";"155704984";"B01";"1";"7";"0";"2";"8";"15";"1";""
"202400043599";"155704985";"A01";"1";"33";"0";"2";"1";"1";"1";""
"202400043600";"155704980";"A01";"1";"7";"0";"2";"4";"23";"0";""
"202400043600";"155704983";"B01";"1";"7";"0";"2";"4";"0";"1";""
"202400043600";"155704986";"C01";"1";"7";"0";"2";"1";"1";"1";""
"202400043601";"155704978";"A01";"0";"7";"0";"2";"1";"13";"1";""
"202400043601";"155704981";"B01";"0";"7";"0";"2";"3";"1";"1";""
"202400043602";"155704979";"A01";"2";"7";"0";"1";"3";"26";"1";""
"202400043603";"155704977";"B01";"2";"10";"0";"2";"6";"1";"0";""
"202400043603";"155704982";"A01";"1";"7";"0";" -1";"1";"19";"1";""
"202400043604";"155704972";"A01";"2";"10";"0";"1";"2";"1";"1";""
"202400043605";"155704975";"A01";"3";"50";"0";"2";"6";"1";"3";""
"202400043605";"155704976";"B01";"3";"7";"0";"9";"1";"2";"0";""
"202400043606";"155704970";"A01";"2";"7";"0";"0";"3";"15";"1";""
"202400043606";"155704973";"B01";"2";"33";"0";"2";"1";"3";"1";""
"202400043607";"155704969";"A01";"1";"7";"0";"1";"8";"1";"2";""
"202400043608";"155704967";"A01";"0";"10";"15";"0";"1";"14";"1";""
"202400043609";"155704963";"A01";"1";"7";"0";"2";"1";"13";"1";""
"202400043609";"155704966";"B01";"2";"7";"0";"2";"1";"1";"1";""
"202400043610";"155704965";"A01";"1";"10";"0";"2";"1";"2";"1";""
"202400043610";"155704968";"B01";"1";"10";"0";"2";"5";"2";"1";""
"202400043610";"155704971";"C01";"1";"7";"0";"2";"4";"2";"1";""
"202400043610";"155704974";"D01";"1";"7";"0";"2";"4";"2";"2";""
"202400043611";"155704959";"A01";"2";"33";"0";"2";"1";"1";"1";""