"Num_Acc";"id_vehicule";"num_veh";"senc";"catv";"obs";"obsm";"choc";"manv";"motor";"occutc"
"202400043611";"155704960";"B01";"1";"33";"0";"2";"3";"1";"1";""
"202400043612";"155704958";"A01";"1";"10";"0";"2";"3";"0";"0";""
"202400043612";"155704962";"B01";"2";"1";"1";"2";"2";"0";"5";""
"202400043613";"155704957";"A01";"1";"33";"0";"1";"1";"1";"1";""
"202400043614";"155704955";"A01";"1";"7";"0";"0";"4";"1";"1";""
"202400043615";"155704956";"C01";"3";"7";"0";"2";"5";"1";"1";""
"202400043615";"155704961";"A01";"3";"7";"0";"2";"2";"12";"1";""
"202400043615";"155704964";"B01";"3";"33";"0";"2";"3";"0";"1";""
"202400043616";"155704952";"A01";"1";"7";"0";"2";"3";"1";"1";""
"202400043616";"155704954";"B01";"2";"33";"0";"2";"1";"5";"1";""
"202400043617";"155704949";"A01";"2";"7";"0";"0";"9";"0";"1";""
"202400043618";"155704947";"A01";"3";"7";"0";"2";"1";"1";"2";""
"202400043618";"155704951";"B01";"3";"30";"0";"2";"2";"1";"1";""
"202400043619";"155704945";"C01";"1";"10";"1";"2";"4";"2";"1";""
"202400043619";"155704948";"D01";"1";"7";"1";"2";"1";"2";"1";""
"202400043619";"155704950";"A01";"1";"7";"1";"2";"4";"2";"1";""
"202400043619";"155704953";"B01";"1";"7";"1";"2";"4";"2";"1";""
"202400043620";"155704941";"A01";"2";"2";"0";"0";"0";"1";"1";""
"202400043621";"155704943";"B01";"3";"7";"0";"2";"1";"1";"1";""
"202400043621";"155704946";"A01";"0";"7";"0";"2";"4";"2";"1";""
"202400043622";"155704942";"A01";"3";"7";"8";"0";"2";"14";"2";""
"202400043623";"155704938";"A01";"2";"33";"0";"2";"2";"1";"1";""
"202400043623";"155704940";"B01";"2";"7";"0";"0";"6";"1";"1";""
"202400043623";"155704944";"C01";"1";"7";"0";"2";"1";"1";"1";""
"202400043624";"155704937";"A01";"2";"7";"0";"2";"1";"2";"1";""
"202400043624";"155704939";"B01";"2";"7";"0";"2";"4";"1";"1";""
"202400043625";"155704933";"A01";"1";"7";"0";"1";"4";"4";"1";""
"202400043626";"155704934";"A01";"2";"7";"0";"2";"2";"1";"1";""
"202400043626";"155704936";"B01";"2";"10";"0";"2";"8";"1";"1";""
"202400043627";"155704932";"A01";"1";"7";"2";"0";"1";"1";"1";""
"202400043628";"155704929";"A01";"1";"7";"0";"2";"1";"0";"1";""
"202400043628";"155704931";"B01";"1";"7";"0";"2";"4";"0";"1";""
"202400043628";"155704935";"C01";"1";"10";"4";"0";"1";"0";"1";""
"202400043629";"155704928";"A01";"1";"7";"0";"2";"2";"1";"1";""
"202400043629";"155704930";"B01";"1";"7";"6";"0";"3";"26";"1";""
"202400043630";"155704927";"A01";"1";"10";"8";"0";"1";"1";"0";""
"202400043631";"155704925";"A01";"1";"7";"2";"0";"1";"14";"1";""
"202400043632";"155704924";"A01";"2";"2";"0";"0";"8";"16";"1";""
"202400043632";"155704926";"B01";"2";"7";"0";"2";"3";"1";"1";""
"202400043633";"155704921";"B01";"1";"7";"0";"2";"7";"15";"1";""
"202400043633";"155704923";"A01";"1";"33";"0";"2";"1";"1";"1";""
"202400043634";"155704919";"A01";"1";"7";"0";"2";"7";"19";"2";""
"202400043634";"155704922";"B01";"1";"2";"0";"2";"1";"17";"1";""
"202400043635";"155704918";"A01";"1";"7";"0";"2";"1";"13";"1";""
"202400043635";"155704920";"B01";"2";"7";"0";"2";"3";"21";"1";""
"202400043636";"155704916";"A01";"2";"2";"0";"0";"0";"1";"6";""
"202400043637";"155704915";"A01";"2";"10";"0";"2";"2";"2";"1";""
"202400043637";"155704917";"B01";"2";"30";"3";"2";"4";"2";"1";""
"202400043638";"155704912";"A01";"2";"7";"0";"0";"9";"1";"1";""
"202400043639";"155704911";"A01";"1";"33";"0";"2";"1";"2";"1";""
"202400043639";"155704913";"B01";"1";"7";"0";"2";"4";"2";"1";""
"202400043640";"155704910";"A01";"1";"7";"2";"0";"8";"14";"1";""
"202400043641";"155704909";"B01";"1";"7";"0";"2";"3";"2";"1";""
"202400043641";"155704914";"A01";"1";"7";"0";"0";"7";"2";"1";""
"202400043642";"155704906";"A01";"1";"10";"0";"1";"0";"1";"1";""
"202400043643";"155704904";"A01";"1";"32";"0";"2";"1";"16";"1";""
"202400043643";"155704907";"B01";"0";"7";"0";"2";"3";"23";"1";""
"202400043644";"155704905";"A01";"1";"33";"0";"2";"1";"1";"1";""
"202400043644";"155704908";"B01";"2";"7";"0";"2";"7";"15";"1";""
"202400043645";"155704903";"A01";"1";"7";"13";"0";"7";"1";"1";""
"202400043646";"155704900";"A01";"1";"7";"0";"9";"8";"15";"1";""
"202400043646";"155704902";"B01";"2";"50";"0";"2";"1";"1";"3";""
"202400043647";"155704901";"A01";"3";"10";"0";"1";"1";"1";"1";""
"202400043648";"155704897";"A01";"1";"7";"6";"2";"1";"1";"1";""
"202400043648";"155704899";"B01";"2";"7";"0";"2";"1";"15";"1";""
"202400043649";"155704896";"A01";"2";"7";"0";"2";"1";"1";"1";""
"202400043649";"155704898";"B01";"2";"7";"0";"2";"4";"1";"1";""
"202400043650";"155704894";"A01";"2";"7";"0";"2";"3";"9";"1";""
"202400043650";"155704895";"B01";"1";"50";"0";"2";"2";"1";"3";""
"202400043651";"155704893";"A01";"1";"7";"0";"1";"1";"1";"1";""
"202400043652";"155704892";"A01";"1";"33";"16";"0";"0";"2";"1";""
"202400043653";"155704889";"A01";"2";"7";"0";"2";"7";"16";"1";""
"202400043653";"155704891";"B01";"2";"2";"0";"2";"1";"1";"1";""
"202400043654";"155704887";"A01";"0";"10";"0";"1";"2";"1";"3";""
"202400043655";"155704888";"A01";"1";"10";"0";"2";"2";"12";"1";""
"202400043655";"155704890";"B01";"1";"33";"0";"2";"8";"1";"1";""
"202400043656";"155704884";"B01";"3";"7";"1";"1";"1";"19";"1";""
"202400043657";"155704883";"A01";"1";"7";"0";"2";"2";"15";"1";""
"202400043657";"155704886";"B01";"2";"50";"0";"2";"1";"1";"3";""
"202400043658";"155704880";"A01";"2";"36";"0";"0";"9";"1";"1";""
"202400043659";"155704879";"A01";"3";"7";"0";"2";"5";"1";"1";""
"202400043659";"155704882";"B01";"3";"50";"0";"2";"5";"1";"3";""
"202400043660";"155704877";"B01";"2";"10";"0";"2";"3";"1";"1";""
"202400043660";"155704881";"A01";"1";"30";"0";"2";"1";"26";"1";""
"202400043661";"155704875";"B01";"1";"7";"0";"2";"3";"1";"3";""
"202400043661";"155704878";"A01";"2";"7";"0";"2";"2";"13";"1";""
"202400043662";"155704873";"A01";"1";"7";"0";"1";"1";"15";"1";""
"202400043663";"155704871";"A01";"2";"7";"4";"2";"0";"1";"1";""
"202400043663";"155704874";"B01";"2";"7";"1";"0";"1";"1";"1";""
"202400043663";"155704876";"C01";"2";"10";"4";"2";"0";"1";"1";""
"202400043664";"155704870";"A01";"2";"1";"0";"0";"0";"1";"5";""
"202400043665";"155704868";"A01";"0";"7";"0";"1";"3";"21";"2";""
"202400043666";"155704865";"B01";"2";"7";"0";"2";"2";"12";"1";""
"202400043666";"155704867";"A01";"2";"7";"0";"2";"6";"1";"1";""
"202400043667";"155704866";"A01";"2";"33";"0";"2";"8";"2";"1";""
"202400043667";"155704869";"C01";"2";"7";"0";"2";"4";"1";"1";""
"202400043667";"155704872";"B01";"2";"7";"0";"2";"7";"1";"1";""
"202400043668";"155704863";"A01";"1";"7";"0";"2";"1";"1";"1";""
"202400043668";"155704864";"B01";"2";"7";"6";"2";"3";"1";"1";""
"202400043669";"155704862";"A01";"1";"7";"0";"1";"3";"1";"1";""
"202400043670";"155704856";"A01";"1";"7";"0";"2";"4";"23";"1";""
"202400043670";"155704859";"B01";"1";"7";"0";"2";"1";"2";"1";""
"202400043670";"155704860";"C01";"1";"7";"0";"2";"1";"2";"1";""
"202400043671";"155704855";"B01";"2";"7";"0";"2";"1";"1";"1";""
"202400043671";"155704858";"C01";"1";"7";"0";"2";"1";"1";"1";""
"202400043671";"155704861";"A01";"1";"7";"0";"2";"5";"15";"1";""
"202400043672";"155704854";"A01";"3";"7";"0";"1";"6";"4";"1";""
"202400043673";"155704850";"B01";"2";"99";"0";"0";"4";"26";"0";""
"202400043673";"155704852";"A01";"2";"7";"0";"0";"4";"0";"0";""
"202400043674";"155704847";"A01";"2";"7";"0";"2";"1";"2";"1";""
"202400043674";"155704848";"B01";"2";"7";"0";"2";"4";"1";"1";""
"202400043674";"155704851";"C01";"2";"7";"0";"2";"4";"1";"1";""
"202400043674";"155704853";"D01";"2";"7";"0";"2";"4";"1";"1";""
"202400043675";"155704846";"B01";"1";"7";"0";"2";"8";"1";"1";""
"202400043675";"155704849";"A01";"2";"7";"0";"2";"1";"1";"1";""
"202400043676";"155704844";"A01";"1";"43";"0";"1";"1";"1";"1";""
"202400043677";"155704845";"A01";"3";"7";"0";"0";"1";"1";"1";""
"202400043678";"155704841";"A01";"2";"17";"0";"2";"1";"2";"1";""
"202400043678";"155704843";"B01";"2";"10";"0";"2";"4";"2";"1";""
"202400043679";"155704835";"B01";"1";"7";"9";"2";"4";"1";"2";""
"202400043679";"155704838";"A01";"1";"10";"14";"2";"1";"1";"1";""
"202400043680";"155704837";"A01";"2";"7";"0";"1";"2";"1";"1";""
"202400043681";"155704836";"B01";"2";"7";"0";"2";"2";"14";"1";""
"202400043681";"155704840";"A01";"2";"7";"0";"2";"6";"1";"1";""
"202400043682";"155704833";"A01";"2";"7";"4";"0";"8";"0";"1";""
"202400043683";"155704828";"A01";"1";"80";"0";"9";"1";"1";"3";""
"202400043683";"155704832";"B01";"1";"7";"0";"2";"7";"15";"3";""
"202400043684";"155704829";"A01";"1";"7";"0";"2";"1";"2";"1";""
"202400043684";"155704831";"B01";"1";"7";"0";"2";"4";"1";"1";""
"202400043685";"155704826";"A01";"1";"30";"0";"2";"1";"2";"1";""
"202400043685";"155704830";"B01";"1";"10";"0";"2";"4";"2";"1";""
"202400043686";"155704824";"A01";"2";"7";"0";"2";"1";"1";"1";""
"202400043686";"155704825";"B01";"2";"7";"0";"2";"4";"1";"1";""
"202400043686";"155704827";"C01";"2";"7";"0";"2";"1";"1";"1";""
"202400043687";"155704822";"B01";"0";"99";"0";"2";"1";"5";"3";""
"202400043687";"155704823";"A01";"0";"7";"0";"2";"1";"1";"1";""
"202400043688";"155704820";"A01";"3";"1";"0";"0";"3";"1";"5";""
"202400043689";"155704812";"A01";"1";"37";"0";"2";"1";"1";"1";"3"
"202400043689";"155704816";"B01";"3";"50";"0";"2";"7";"0";"3";""
"202400043690";"155704810";"B01";"3";"1";"0";"2";"3";"1";"5";""
"202400043690";"155704814";"Z01";"3";"1";"0";"2";"1";"5";"5";""
"202400043691";"155704807";"D01";"2";"7";"0";"2";"4";"23";"1";""
"202400043691";"155704809";"E01";"2";"7";"0";"2";"4";"23";"1";""
"202400043691";"155704813";"F01";"2";"7";"0";"2";"1";"2";"1";""
"202400043691";"155704815";"A01";"2";"10";"0";"2";"1";"2";"1";""
"202400043691";"155704818";"B01";"2";"7";"0";"2";"4";"23";"1";""
"202400043691";"155704819";"C01";"2";"7";"0";"2";"4";"23";"1";""
"202400043692";"155704804";"A01";"2";"1";"0";"2";"3";"19";"5";""
"202400043692";"155704806";"B01";"1";"7";"0";"2";"2";"1";"2";""
"202400043693";"155704803";"A01";"1";"30";"0";"0";"8";"15";"1";""
"202400043694";"155704802";"F01";"2";"7";"0";"2";"4";"1";"1";""
"202400043694";"155704805";"D01";"2";"7";"0";"2";"4";"1";"1";""
"202400043694";"155704808";"A01";"2";"7";"0";"2";"1";"1";"1";""
"202400043694";"155704811";"B01";"2";"7";"0";"2";"9";"1";"1";""
"202400043694";"155704817";"C01";"2";"7";"0";"2";"9";"1";"1";""
"202400043694";"155704821";"E01";"2";"7";"0";"2";"4";"1";"2";""
"202400043695";"155704800";"A01";"1";"34";"0";"2";"1";"3";"1";""
"202400043695";"155704801";"B01";"1";"10";"0";"2";"4";"3";"1";""
"202400043696";"155704795";"B01";"3";"7";"0";"2";"3";"15";"1";""
"202400043696";"155704798";"A01";"3";"31";"0";"2";"3";"1";"1";""
"202400043697";"155704793";"A01";"2";"33";"0";"2";"1";"1";"1";""
"202400043697";"155704796";"B01";"2";"7";"0";"2";"4";"1";"1";""
"202400043698";"155704794";"B01";"2";"7";"0";"2";"5";"15";"1";""
"202400043698";"155704797";"C01";"2";"7";"0";"2";"3";"1";"2";""
"202400043698";"155704799";"A01";"1";"33";"0";"2";"1";"17";"1";""
"202400043699";"155704792";"A01";"2";"7";"4";"0";"1";"1";"1";""
"202400043700";"155704790";"A01";"1";"7";"1";"0";"2";"0";"1";""
"202400043701";"155704789";"A01";"2";"33";"4";"2";"1";"0";"1";""
"202400043701";"155704791";"B01";"2";"7";"4";"2";"4";"0";"1";""
"202400043702";"155704786";"A01";"1";"7";"6";"0";"1";"19";"1";""
"202400043703";"155704784";"B01";"1";"7";"0";"2";"4";"1";"1";""
"202400043703";"155704787";"A01";"1";"7";"0";"2";"4";"1";"1";""
"202400043703";"155704788";"C01";"1";"7";"0";"2";"1";"1";"1";""
"202400043704";"155704782";"B01";"1";"7";"0";"2";"4";"2";"1";""
"202400043704";"155704783";"A01";"1";"7";"0";"2";"1";"2";"1";""
"202400043705";"155704781";"B01";"3";"7";"0";"2";"1";"1";"1";""
"202400043705";"155704785";"A01";"3";"10";"0";"2";"5";"19";"1";""
"202400043706";"155704776";"B01";"2";"7";"0";"2";"4";"2";"3";""
"202400043706";"155704779";"A01";"2";"33";"0";"2";"1";"3";"1";""
"202400043707";"155704778";"A01";"2";"7";"0";"2";"1";"1";"1";""
"202400043707";"155704780";"B01";"2";"7";"0";"2";"4";"1";"1";""
"202400043708";"155704775";"B01";"1";"7";"0";"2";"5";"23";"1";""
"202400043708";"155704777";"A01";"1";"7";"0";"2";"1";"1";"1";""
"202400043709";"155704772";"A01";"3";"7";"0";"2";"3";"16";"1";""
"202400043709";"155704774";"B01";"3";"33";"0";"2";"2";"1";"1";""
"202400043710";"155704770";"A01";"2";"7";"0";"2";"8";"1";"1";""
"202400043710";"155704773";"B01";"2";"15";"0";"2";"7";"12";"1";""
"202400043711";"155704768";"B01";"1";"7";"0";"2";"3";"1";"1";""
"202400043711";"155704771";"A01";"1";"7";"1";"2";"1";"19";"1";""
"202400043712";"155704767";"A01";"2";"10";"0";"2";"7";"1";"1";""
"202400043712";"155704769";"B01";"2";"7";"0";"2";"8";"13";"2";""
"202400043713";"155704764";"B01";"1";"17";"0";"2";"7";"1";"0";""
"202400043713";"155704766";"A01";"1";"10";"4";"2";"2";"9";"1";""
"202400043714";"155704763";"A01";"2";"7";"0";"2";"1";"0";"1";""
"202400043714";"155704765";"B01";"1";"7";"0";"2";"1";"0";"1";""
"202400043715";"155704762";"A01";"1";"7";"15";"0";"1";"21";"2";""
"202400043716";"155704760";"B01";"2";"33";"0";"2";"8";"3";"1";""
"202400043716";"155704761";"A01";"2";"10";"0";"2";"2";"12";"1";""
"202400043717";"155704757";"A01";"1";"10";"0";"2";"1";"13";"1";""
"202400043717";"155704759";"B01";"2";"10";"0";"2";"1";"1";"1";""
"202400043718";"155704756";"A01";"2";"7";"0";"1";"3";"1";"2";""
"202400043719";"155704755";"B01";"1";"2";"0";"2";"1";"17";"1";""
"202400043719";"155704758";"A01";"1";"10";"0";"2";"8";"15";"1";""
"202400043720";"155704750";"B01";"0";"7";"0";"2";"1";"0";"1";""
"202400043720";"155704753";"A01";"0";"1";"0";"2";"1";"26";"5";""
"202400043721";"155704751";"A01";"1";"30";"0";"2";"4";"15";"0";""
"202400043721";"155704754";"B01";"1";"31";"0";"2";"1";"2";"1";""
"202400043722";"155704752";"Z01";"1";"50";"0";"1";"1";"1";"3";""
"202400043723";"155704747";"A01";"1";"7";"0";"2";"3";"19";"1";""
"202400043723";"155704749";"B01";"2";"7";"0";"2";"2";"1";"1";""
"202400043724";"155704744";"A01";"1";"10";"0";"1";"4";"4";"1";""
"202400043725";"155704745";"A01";"3";"7";"0";"2";"1";"1";"1";""
"202400043725";"155704748";"B01";"3";"1";"0";"2";"8";"19";"5";""
"202400043726";"155704743";"A01";"1";"7";"0";"2";"7";"15";"1";""
"202400043726";"155704746";"B01";"2";"33";"0";"2";"1";"1";"1";""
"202400043727";"155704740";"A01";"2";"40";"0";"1";"3";"1";"3";""
"202400043728";"155704739";"B01";"1";"50";"0";"2";"1";"1";"3";""
"202400043728";"155704742";"A01";"1";"7";"0";"2";"5";"1";"1";""
"202400043729";"155704737";"B01";"2";"50";"1";"0";"1";"0";"3";""
"202400043730";"155704736";"A01";"3";"10";"0";"2";"7";"15";"1";""
"202400043730";"155704741";"B01";"3";"10";"0";"2";"1";"1";"1";""
"202400043731";"155704734";"A01";"3";"7";"0";"2";"1";"1";"1";""
"202400043731";"155704738";"B01";"3";"7";"0";"2";"3";"9";"1";""
"202400043732";"155704732";"A01";"1";"7";"0";"9";"0";"0";"0";""
"202400043732";"155704735";"B01";"1";"1";"0";"2";"1";"2";"5";""
"202400043733";"155704731";"B01";"1";"43";"0";"2";"1";"1";"1";""
"202400043733";"155704733";"A01";"1";"7";"0";"2";"2";"1";"2";""
"202400043734";"155704727";"A01";"1";"50";"0";"1";"1";"25";"3";""
"202400043735";"155704726";"A01";"1";"7";"0";"1";"3";"1";"1";""
"202400043736";"155704728";"A01";"3";"7";"0";"2";"2";"15";"0";""
"202400043736";"155704729";"B01";"2";"33";"0";"2";"1";"0";"0";""
"202400043737";"155704725";"A01";"1";"7";"1";"0";"1";"0";"1";""
"202400043738";"155704722";"A01";"1";"7";"1";"1";"1";"16";"1";""
"202400043739";"155704720";"A01";"1";"2";"0";"2";"2";"5";"1";""
"202400043739";"155704723";"B01";"1";"10";"0";"2";"7";"9";"1";""
"202400043740";"155704719";"A01";"3";"7";"0";"2";"3";"1";"1";""
"202400043740";"155704721";"B01";"3";"7";"0";"2";"1";"15";"1";""
"202400043741";"155704718";"B01";"3";"31";"0";"2";"5";"1";"1";""
"202400043741";"155704724";"A01";"3";"32";"0";"2";"0";"0";"1";""
"202400043742";"155704717";"A01";"2";"7";"0";"1";"8";"23";"2";""
"202400043743";"155704716";"A01";"0";"50";"5";"0";"1";"1";"3";""
"202400043744";"155704713";"A01";"2";"7";"0";"2";"3";"16";"1";""
"202400043744";"155704715";"B01";"1";"1";"0";"2";"3";"19";"5";""
"202400043745";"155704712";"A01";"3";"13";"0";"2";"3";"13";"1";""
"202400043745";"155704714";"B01";"3";"10";"0";"2";"2";"1";"1";""
"202400043746";"155704710";"A01";"2";"7";"0";"1";"3";"15";"2";""
"202400043747";"155704711";"A01";"2";"50";"0";"0";"0";"1";"3";""
"202400043748";"155704706";"A01";"1";"7";"0";"1";"1";"16";"1";""
"202400043749";"155704707";"B01";"2";"7";"0";"2";"4";"15";"1";""
"202400043749";"155704708";"A01";"2";"30";"0";"2";"1";"1";"1";""
"202400043750";"155704705";"A01";"1";"7";"0";"1";"7";"1";"1";""
"202400043751";"155704704";"A01";"2";"50";"0";"2";"1";"26";"3";""
"202400043751";"155704709";"B01";"2";"7";"0";"2";"3";"1";"0";""
"202400043752";"155704701";"B01";"3";"10";"0";"2";"1";"16";"0";""
"202400043752";"155704703";"A01";"3";"30";"0";"2";"1";"5";"1";""
"202400043753";"155704700";"A01";"2";"7";"0";"1";"2";"15";"1";""
"202400043754";"155704698";"B01";"3";"7";"0";"2";"2";"1";"1";""
"202400043754";"155704702";"A01";"3";"7";"0";"2";"7";"1";"1";""
"202400043755";"155704699";"A01";"2";"34";"0";"1";"1";"1";"1";""
"202400043756";"155704697";"A01";"0";"7";"0";"1";"4";"0";"0";""
"202400043757";"155704695";"A01";"2";"7";"0";"1";"0";"26";"1";""
"202400043758";"155704694";"B01";"3";"1";"0";"2";"7";"13";"5";""
"202400043758";"155704696";"A01";"3";"7";"0";"2";"3";"17";"1";""
"202400043759";"155704692";"A01";"3";"10";"0";"2";"3";"9";"1";""
"202400043759";"155704693";"B01";"3";"80";"0";"2";"7";"1";"3";""
"202400043760";"155704689";"B01";"0";"7";"0";"0";"1";"1";"1";""
"202400043760";"155704691";"A01";"0";"7";"1";"2";"1";"13";"1";""
"202400043761";"155704687";"A01";"3";"7";"0";"1";"1";"1";"3";""
"202400043762";"155704688";"A01";"2";"7";"0";"1";"3";"1";"2";""
"202400043763";"155704686";"A01";"2";"7";"0";"2";"1";"0";"1";""
"202400043763";"155704690";"B01";"2";"7";"0";"2";"4";"26";"1";""
"202400043764";"155704683";"A01";"2";"10";"0";"1";"7";"16";"0";""
"202400043765";"155704684";"A01";"1";"7";"0";"1";"1";"1";"1";""
"202400043766";"155704682";"A01";"0";"7";"0";"2";"8";"26";"1";""
"202400043766";"155704685";"B01";"3";"7";"0";"2";"2";"1";"1";""
"202400043767";"155704681";"A01";"2";"7";"0";"0";"2";"1";"1";""
"202400043768";"155704680";"A01";"1";"7";"9";"0";"1";"21";"1";""
"202400043769";"155704679";"A01";"1";"1";"0";"9";"0";"1";"5";""
"202400043770";"155704677";"A01";"2";"7";"0";"1";"1";"15";"1";""
"202400043771";"155704676";"A01";"1";"7";"0";"4";"1";"15";"1";""
"202400043771";"155704678";"B01";"1";"40";"0";"2";"7";"1";"3";""
"202400043772";"155704674";"A01";"2";"1";"0";"2";"5";"26";"5";""
"202400043773";"155704671";"B01";"3";"1";"0";"2";"7";"0";"5";""
"202400043773";"155704673";"A01";"3";"7";"0";"9";"1";"0";"1";""
"202400043774";"155704670";"A01";"2";"7";"0";"2";"2";"1";"1";""
"202400043774";"155704675";"B01";"2";"7";"0";"2";"3";"15";"1";""
"202400043775";"155704668";"A01";"0";"32";"0";"2";"3";"1";"1";""
"202400043775";"155704669";"B01";"0";"7";"0";"2";"3";"15";"1";""
"202400043776";"155704665";"A01";"1";"33";"0";"0";"0";"0";"1";""
"202400043776";"155704667";"B01";"1";"10";"0";"0";"3";"15";"1";""
"202400043777";"155704666";"B01";"1";"7";"0";"2";"1";"1";"1";""
"202400043777";"155704672";"A01";"2";"7";"0";"2";"1";"21";"1";""
"202400043778";"155704663";"A01";"3";"7";"0";"1";"0";"26";"1";""
"202400043779";"155704662";"A01";"1";"60";"0";"2";"1";"9";"5";""
"202400043779";"155704664";"Y01";"1";"60";"0";"2";"4";"1";"5";""
"202400043780";"155704659";"A01";"2";"10";"0";"2";"8";"15";"1";""
"202400043780";"155704661";"B01";"2";"33";"0";"2";"2";"3";"1";""
"202400043781";"155704655";"B01";"3";"1";"0";"2";"2";"5";"5";""
"202400043781";"155704658";"A01";"3";"7";"0";"9";"3";"26";"1";""
"202400043782";"155704656";"B01";"1";"7";"0";"2";"1";"1";"1";""
"202400043782";"155704660";"A01";"1";"7";"0";"2";"4";"23";"2";""
"202400043783";"155704654";"A01";"3";"3";"0";"2";"1";"1";"1";""
"202400043783";"155704657";"B01";"2";"7";"0";"2";"8";"2";"1";""
"202400043784";"155704653";"A01";"2";"7";"0";"1";"2";"1";"1";""
"202400043785";"155704652";"A01";"2";"7";"0";"1";"7";"25";"1";""
"202400043786";"155704649";"A01";"2";"7";"0";"2";"2";"2";"1";""
"202400043786";"155704651";"B01";"2";"7";"0";"2";"6";"1";"1";""
"202400043787";"155704648";"A01";"1";"7";"0";"1";"2";"1";"1";""
"202400043788";"155704647";"B01";"3";"37";"0";"1";"1";"2";"1";"1"
"202400043789";"155704646";"A01";"1";"32";"0";"2";"1";"5";"1";""
"202400043789";"155704650";"B01";"2";"7";"0";"2";"1";"26";"1";""
"202400043790";"155704645";"A01";"2";"7";"0";"1";"1";"1";"1";""
"202400043791";"155704643";"A01";"1";"7";"4";"0";"1";"14";"1";""
"202400043792";"155704641";"A01";"0";"10";"0";"9";"3";"26";"1";""
"202400043792";"155704644";"B01";"0";"1";"0";"2";"1";"1";"5";""
"202400043793";"155704640";"B01";"2";"15";"0";"2";"1";"2";"1";""
"202400043793";"155704642";"A01";"2";"7";"0";"2";"4";"2";"1";""
"202400043794";"155704639";"A01";"1";"10";"0";"1";"1";"1";"1";""
"202400043795";"155704636";"A01";"1";"7";"0";"1";"1";"1";"1";""
"202400043796";"155704633";"A01";"2";"7";"0";"2";"2";"12";"2";""
"202400043796";"155704637";"B01";"2";"7";"0";"2";"6";"1";"1";""
"202400043796";"155704638";"C01";"2";"7";"0";"2";"4";"1";"1";""
"202400043797";"155704631";"A01";"1";"7";"13";"0";"0";"13";"1";""
"202400043798";"155704632";"A01";"3";"10";"0";"2";"5";"15";"1";""
"202400043798";"155704635";"B01";"3";"33";"0";"2";"1";"1";"1";""
"202400043799";"155704630";"B01";"2";"30";"0";"0";"1";"2";"1";""
"202400043799";"155704634";"A01";"2";"7";"0";"0";"0";"15";"1";""
"202400043800";"155704627";"A01";"1";"80";"0";"0";"0";"1";"3";""
"202400043801";"155704626";"A01";"3";"7";"0";"1";"3";"1";"1";""
"202400043802";"155704625";"B01";"1";"7";"0";"2";"4";"2";"3";""
"202400043802";"155704628";"C01";"1";"7";"0";"2";"4";"2";"1";""
"202400043802";"155704629";"A01";"1";"10";"0";"2";"1";"2";"1";""
"202400043803";"155704623";"A01";"2";"7";"0";"2";"1";"2";"1";""
"202400043803";"155704624";"B01";"2";"7";"0";"2";"5";"23";"1";""
"202400043804";"155704620";"A01";"1";"7";"0";"2";"1";"2";"1";""
"202400043804";"155704622";"B01";"1";"7";"0";"2";"4";"2";"1";""
"202400043805";"155704617";"A01";"2";"7";"13";"0";"5";"13";"1";""
"202400043806";"155704615";"Z01";"1";"7";"0";"2";"1";"19";"1";""
"202400043806";"155704619";"B01";"1";"31";"0";"2";"7";"1";"1";""
"202400043807";"155704616";"B01";"1";"10";"0";"2";"4";"2";"1";""
"202400043807";"155704618";"C01";"1";"7";"0";"2";"4";"2";"1";""
"202400043807";"155704621";"A01";"1";"7";"0";"2";"1";"2";"1";""
"202400043808";"155704612";"A01";"1";"7";"0";"2";"1";"2";"1";""
"202400043808";"155704613";"B01";"1";"7";"0";"2";"4";"2";"1";""
"202400043808";"155704614";"C01";"1";"7";"0";"2";"4";"2";"3";""
"202400043809";"155704609";"A01";"0";"7";"3";"0";"1";"0";"1";""
"202400043810";"155704607";"B01";"1";"7";"0";"2";"4";"2";"1";""
"202400043810";"155704610";"A01";"1";"43";"0";"2";"1";"2";"1";""
"202400043811";"155704608";"A01";"2";"50";"0";"2";"1";"1";"3";""
"202400043811";"155704611";"B01";"2";"7";"0";"0";"7";"16";"1";""
"202400043812";"155704606";"A01";"3";"7";"9";"0";"3";"1";"1";""
"202400043813";"155704604";"A01";"0";"7";"4";"0";"2";"17";"0";""
"202400043813";"155704605";"B01";"0";"7";"4";"0";"6";"1";"1";""
"202400043814";"155704599";"A01";"3";"7";"13";"0";"2";"1";"2";""
"202400043815";"155704597";"A01";"1";"7";"0";"2";"2";"15";"1";""
"202400043815";"155704600";"B01";"2";"32";"0";"2";"1";"1";"1";""
"202400043816";"155704598";"B01";"2";"31";"0";"2";"1";"17";"1";""
"202400043816";"155704602";"A01";"2";"7";"0";"2";"3";"15";"2";""
"202400043817";"155704596";"B01";"1";"7";"0";"2";"7";"1";"3";""
"202400043817";"155704601";"C01";"1";"33";"0";"2";"8";"1";"1";""
"202400043817";"155704603";"A01";"1";"33";"0";"2";"7";"12";"1";""
"202400043818";"155704593";"B01";"3";"7";"0";"0";"8";"1";"1";""
"202400043818";"155704595";"A01";"3";"10";"0";"2";"2";"9";"1";""
"202400043819";"155704589";"A01";"3";"50";"0";"2";"1";"26";"3";""
"202400043819";"155704594";"B01";"2";"7";"0";"2";"1";"1";"1";""
"202400043820";"155704590";"B01";"1";"7";"0";"2";"5";"2";"1";""
"202400043820";"155704592";"A01";"1";"31";"0";"2";"1";"2";"1";""