"Num_Acc";"id_vehicule";"num_veh";"senc";"catv";"obs";"obsm";"choc";"manv";"motor";"occutc"
"202400043821";"155704588";"A01";"3";"50";"16";"0";"1";"1";"3";""
"202400043822";"155704587";"A01";"0";"10";"0";"1";"1";"16";"3";""
"202400043823";"155704585";"B01";"2";"80";"0";"2";"3";"11";"3";""
"202400043823";"155704591";"A01";"2";"7";"0";"9";"2";"2";"1";""
"202400043824";"155704583";"B01";"1";"1";"0";"2";"6";"19";"5";""
"202400043824";"155704586";"A01";"2";"7";"0";"2";"2";"1";"2";""
"202400043825";"155704584";"A01";"1";"7";"0";"1";"2";"16";"2";""
"202400043826";"155704580";"A01";"1";"7";"2";"0";"8";"1";"1";""
"202400043827";"155704578";"A01";"2";"7";"0";"1";"3";"1";"1";""
"202400043828";"155704577";"B01";"2";"32";"0";"2";"1";"0";"1";""
"202400043828";"155704579";"A01";"2";"14";"0";"2";"6";"0";"1";""
"202400043829";"155704576";"A01";"0";"7";"0";"0";"0";"1";"1";""
"202400043830";"155704573";"B01";"2";"7";"3";"2";"8";"1";"2";""
"202400043830";"155704575";"A01";"2";"7";"0";"2";"3";"16";"1";""
"202400043831";"155704571";"A01";"1";"1";"0";"0";"1";"1";"5";""
"202400043832";"155704574";"A01";"1";"33";"12";"0";"0";"13";"1";""
"202400043833";"155704570";"B01";"3";"7";"0";"2";"3";"15";"1";""
"202400043833";"155704572";"A01";"2";"7";"0";"2";"3";"1";"3";""
"202400043834";"155704569";"A01";"1";"7";"0";"1";"2";"1";"1";""
"202400043835";"155704566";"A01";"1";"7";"0";"1";"8";"21";"1";""
"202400043836";"155704567";"Z01";"2";"30";"0";"1";"1";"1";"3";""
"202400043837";"155704565";"B01";"2";"7";"0";"2";"3";"1";"1";""
"202400043837";"155704568";"A01";"1";"7";"0";"2";"3";"13";"1";""
"202400043838";"155704563";"B01";"1";"7";"0";"2";"7";"1";"1";""
"202400043838";"155704564";"A01";"1";"7";"0";"2";"8";"12";"1";""
"202400043839";"155704562";"A01";"3";"33";"4";"0";"3";"0";"0";""
"202400043840";"155704560";"A01";"0";"40";"0";"1";"1";"1";"3";""
"202400043841";"155704559";"B01";"3";"32";"0";"2";"7";"2";"1";""
"202400043841";"155704561";"A01";"3";"7";"0";"2";"8";"11";"1";""
"202400043842";"155704556";"A01";"1";"2";"0";"2";"6";"2";"1";""
"202400043842";"155704558";"B01";"1";"7";"0";"2";"5";"2";"1";""
"202400043843";"155704554";"A01";"2";"7";"8";"0";"3";"15";"1";""
"202400043843";"155704557";"B01";"2";"7";"0";"2";"1";"17";"1";""
"202400043844";"155704551";"B01";"1";"7";"0";"2";"3";"23";"2";""
"202400043844";"155704553";"A01";"1";"1";"0";"2";"2";"13";"5";""
"202400043845";"155704550";"B01";"3";"7";"0";"2";"4";"23";"1";""
"202400043845";"155704555";"A01";"3";"7";"0";"2";"1";"2";"1";""
"202400043846";"155704549";"A01";"3";"10";"0";"2";"3";"13";"1";""
"202400043846";"155704552";"B01";"3";"7";"0";"2";"3";"1";"1";""
"202400043847";"155704545";"B01";"1";"7";"0";"2";"1";"1";"1";""
"202400043847";"155704547";"A01";"2";"10";"0";"2";"1";"1";"1";""
"202400043847";"155704548";"C01";"1";"7";"0";"2";"1";"1";"1";""
"202400043848";"155704544";"A01";"1";"7";"0";"1";"2";"1";"1";""
"202400043849";"155704542";"B01";"2";"7";"0";"2";"1";"1";"1";""
"202400043849";"155704546";"A01";"1";"1";"0";"2";"1";"5";"5";""
"202400043850";"155704543";"A01";"2";"7";"14";"0";"1";"13";"1";""
"202400043851";"155704539";"A01";"1";"7";"0";"0";"2";"16";"1";""
"202400043851";"155704541";"B01";"1";"2";"0";"2";"1";"1";"1";""
"202400043852";"155704536";"A01";"3";"1";"0";"2";"7";"19";"5";""
"202400043852";"155704540";"B01";"3";"7";"0";"2";"3";"1";"1";""
"202400043853";"155704535";"A01";"2";"50";"0";"2";"1";"5";"3";""
"202400043853";"155704538";"B01";"1";"7";"0";"2";"3";"1";"1";""
"202400043854";"155704534";"A01";"1";"33";"0";"2";"1";"1";"1";""
"202400043854";"155704537";"B01";"1";"32";"0";"2";"8";"1";"1";""
"202400043855";"155704533";"Z01";"1";"0";"0";"1";"0";"1";"0";""
"202400043856";"155704530";"A01";"3";"32";"0";"2";"1";"1";"1";""
"202400043856";"155704532";"B01";"3";"10";"0";"0";"6";"23";"1";""
"202400043857";"155704531";"A01";"2";"33";"0";"0";"0";"1";"1";""
"202400043858";"155704529";"A01";"1";"7";"0";"1";"1";"15";"1";""
"202400043859";"155704525";"A01";"1";"36";"0";"2";"0";"16";"1";""
"202400043860";"155704524";"A01";"1";"7";"0";"2";"1";"7";"1";""
"202400043860";"155704527";"B01";"1";"37";"0";"2";"4";"7";"3";"3"
"202400043861";"155704526";"B01";"1";"33";"0";"2";"1";"17";"1";""
"202400043861";"155704528";"A01";"1";"7";"0";"2";"3";"13";"2";""
"202400043862";"155704522";"A01";"2";"1";"0";"0";"0";"1";"5";""
"202400043863";"155704521";"A01";"2";"7";"0";"2";"7";"16";"1";""
"202400043864";"155704520";"A01";"1";"7";"0";"2";"1";"2";"1";""
"202400043864";"155704523";"B01";"1";"7";"0";"2";"4";"1";"1";""
"202400043865";"155704519";"A01";"3";"7";"0";"1";"1";"1";"1";""
"202400043866";"155704517";"A01";"1";"7";"1";"0";"7";"1";"0";""
"202400043867";"155704516";"B01";"2";"1";"1";"2";"1";"1";"5";""
"202400043867";"155704518";"A01";"2";"7";"0";"2";"8";"24";"1";""
"202400043868";"155704513";"A01";"3";"7";"0";"2";"1";"1";"1";""
"202400043868";"155704515";"B01";"3";"7";"0";"2";"4";"1";"1";""
"202400043869";"155704512";"B01";"2";"3";"0";"2";"1";"1";"1";""
"202400043869";"155704514";"A01";"1";"7";"0";"2";"7";"11";"2";""
"202400043870";"155704510";"A01";"2";"30";"0";"0";"1";"1";"1";""
"202400043870";"155704511";"B01";"3";"7";"0";"2";"3";"1";"2";""
"202400043871";"155704507";"A01";"2";"7";"0";"2";"1";"13";"1";""
"202400043871";"155704509";"B01";"1";"7";"0";"2";"1";"1";"1";""
"202400043872";"155704505";"B01";"3";"10";"0";"2";"4";"2";"1";""
"202400043872";"155704508";"A01";"3";"37";"0";"2";"2";"2";"0";"1"
"202400043873";"155704504";"A01";"1";"7";"0";"1";"1";"1";"1";""
"202400043874";"155704498";"A01";"1";"50";"0";"2";"8";"11";"3";""
"202400043874";"155704501";"B01";"1";"10";"0";"2";"7";"1";"1";""
"202400043875";"155704499";"B01";"2";"7";"0";"2";"4";"2";"1";""
"202400043875";"155704503";"A01";"2";"7";"0";"2";"1";"2";"1";""
"202400043876";"155704497";"C01";"1";"7";"0";"2";"4";"23";"1";""
"202400043876";"155704500";"A01";"1";"7";"0";"2";"1";"1";"1";""
"202400043876";"155704502";"B01";"1";"7";"0";"2";"4";"1";"0";""
"202400043876";"155704506";"D01";"1";"7";"0";"2";"0";"1";"1";""
"202400043877";"155704495";"A01";"3";"10";"0";"1";"2";"9";"3";""
"202400043878";"155704494";"B01";"1";"7";"0";"2";"3";"1";"1";""
"202400043878";"155704496";"A01";"3";"50";"0";"2";"8";"1";"3";""
"202400043879";"155704492";"A01";"1";"7";"0";"1";"1";"1";"1";""
"202400043880";"155704489";"C01";"1";"7";"0";"2";"5";"1";"1";""
"202400043880";"155704491";"B01";"1";"1";"0";"2";"1";"1";"5";""
"202400043880";"155704493";"A01";"1";"7";"0";"2";"8";"24";"2";""
"202400043881";"155704488";"B01";"2";"7";"0";"2";"3";"13";"1";""
"202400043881";"155704490";"A01";"1";"7";"0";"2";"3";"1";"1";""
"202400043882";"155704487";"A01";"3";"50";"0";"0";"0";"1";"3";""
"202400043883";"155704484";"A01";"1";"10";"0";"2";"1";"2";"1";""
"202400043883";"155704486";"B01";"1";"32";"0";"2";"4";"2";"1";""
"202400043884";"155704485";"A01";"3";"2";"0";"0";"3";"0";"1";""
"202400043885";"155704482";"A01";"3";"10";"0";"2";"1";"2";"1";""
"202400043885";"155704483";"B01";"3";"7";"0";"0";"0";"16";"0";""
"202400043886";"155704481";"A01";"2";"33";"0";"1";"5";"1";"1";""
"202400043887";"155704480";"A01";"3";"7";"0";"1";"2";"1";"1";""
"202400043888";"155704479";"A01";"3";"7";"0";"1";"6";"20";"3";""
"202400043889";"155704476";"B01";"3";"33";"0";"2";"0";"0";"0";""
"202400043889";"155704478";"A01";"1";"7";"0";"2";"4";"10";"1";""
"202400043890";"155704477";"A01";"1";"50";"0";"0";"1";"1";"3";""
"202400043891";"155704475";"A01";"2";"7";"1";"1";"3";"1";"1";""
"202400043892";"155704471";"A01";"1";"3";"0";"2";"7";"1";"1";""
"202400043893";"155704470";"B01";"0";"1";"0";"2";"1";"19";"5";""
"202400043893";"155704473";"A01";"1";"10";"0";"2";"2";"19";"1";""
"202400043894";"155704472";"B01";"1";"13";"0";"2";"4";"23";"1";""
"202400043894";"155704474";"A01";"1";"7";"0";"2";"1";"2";"1";""
"202400043895";"155704466";"A01";"2";"7";"0";"1";"2";"1";"1";""
"202400043896";"155704468";"X01";"1";"7";"0";"2";"3";"15";"1";""
"202400043896";"155704469";"A01";"1";"50";"0";"2";"1";"17";"3";""
"202400043897";"155704465";"B01";"1";"7";"0";"2";"4";"0";"0";""
"202400043897";"155704467";"A01";"1";"7";"0";"2";"1";"26";"0";""
"202400043898";"155704464";"A01";"1";"7";"0";"1";"7";"1";"1";""
"202400043899";"155704463";"A01";"1";"7";"0";"1";"1";"1";"0";""
"202400043900";"155704460";"B01";"3";"31";"0";"2";"1";"3";"1";""
"202400043900";"155704462";"A01";"1";"10";"0";"2";"6";"11";"1";""
"202400043901";"155704458";"A01";"3";"7";"0";"2";"1";"2";"1";""
"202400043901";"155704461";"B01";"3";"7";"0";"2";"4";"2";"1";""
"202400043902";"155704457";"B01";"1";"10";"0";"2";"1";"1";"1";""
"202400043902";"155704459";"A01";"2";"10";"0";"2";"8";"9";"1";""
"202400043903";"155704455";"B01";"2";"34";"0";"2";"6";"1";"1";""
"202400043903";"155704456";"A01";"2";"31";"0";"2";"2";"21";"1";""
"202400043904";"155704452";"A01";"2";"7";"0";"2";"8";"1";"1";""
"202400043904";"155704454";"B01";"2";"10";"0";"2";"1";"1";"1";""
"202400043905";"155704451";"B01";"1";"7";"0";"2";"4";"0";"1";""
"202400043905";"155704453";"A01";"3";"33";"0";"2";"4";"23";"1";""
"202400043906";"155704448";"B01";"3";"7";"0";"2";"3";"1";"1";""
"202400043906";"155704450";"A01";"3";"7";"0";"2";"0";"0";"2";""
"202400043907";"155704446";"B01";"3";"7";"0";"2";"3";"19";"1";""
"202400043907";"155704449";"A01";"3";"10";"0";"2";"2";"1";"1";""
"202400043908";"155704445";"A01";"0";"10";"0";"2";"1";"2";"1";""
"202400043908";"155704447";"B01";"0";"7";"0";"2";"4";"1";"1";""
"202400043909";"155704441";"A01";"2";"2";"0";"2";"1";"1";"1";""
"202400043909";"155704443";"B01";"1";"7";"0";"2";"8";"1";"1";""
"202400043910";"155704440";"A01";"1";"13";"0";"0";"1";"1";"1";""
"202400043911";"155704442";"B01";"2";"7";"0";"2";"1";"1";"1";""
"202400043911";"155704444";"A01";"2";"7";"0";"2";"4";"23";"1";""
"202400043912";"155704437";"A01";"1";"13";"0";"2";"8";"15";"1";""
"202400043912";"155704439";"B01";"1";"33";"0";"2";"1";"1";"1";""
"202400043913";"155704435";"B01";"1";"7";"0";"2";"2";"9";"1";""
"202400043913";"155704436";"A01";"2";"80";"0";"2";"1";"1";"3";""
"202400043914";"155704434";"A01";"2";"33";"0";"2";"1";"1";"1";""
"202400043914";"155704438";"B01";"2";"7";"0";"2";"3";"15";"3";""
"202400043915";"155704433";"A01";"2";"30";"0";"9";"1";"17";"1";""
"202400043916";"155704432";"A01";"2";"7";"1";"0";"1";"13";"1";""
"202400043917";"155704430";"A01";"2";"7";"2";"0";"1";"21";"1";""
"202400043918";"155704431";"A01";"1";"33";"0";"1";"1";"1";"1";""
"202400043919";"155704427";"B01";"2";"7";"0";"2";"2";"5";"1";""
"202400043919";"155704429";"A01";"1";"33";"0";"2";"2";"5";"1";""
"202400043920";"155704426";"A01";"1";"30";"0";"2";"1";"17";"1";""
"202400043920";"155704428";"B01";"2";"7";"0";"2";"3";"10";"1";""
"202400043921";"155704425";"A01";"1";"34";"0";"0";"0";"26";"0";""
"202400043922";"155704423";"A01";"1";"33";"0";"2";"1";"1";"1";""
"202400043922";"155704424";"B01";"1";"7";"0";"2";"7";"15";"1";""
"202400043923";"155704420";"A01";"0";"31";"0";"0";"0";"0";"0";""
"202400043923";"155704422";"B01";"0";"7";"0";"0";"0";"0";"0";""
"202400043924";"155704418";"A01";"1";"33";"0";"1";"1";"1";"1";""
"202400043925";"155704419";"B01";"1";"30";"0";"2";"2";"13";"1";""
"202400043925";"155704421";"A01";"1";"7";"0";"2";"3";"15";"2";""
"202400043926";"155704417";"A01";"2";"7";"0";"1";"2";"1";"1";""
"202400043927";"155704414";"B01";"2";"7";"0";"2";"4";"1";"1";""
"202400043927";"155704416";"A01";"2";"10";"0";"2";"1";"1";"1";""
"202400043928";"155704412";"B01";"2";"33";"0";"2";"7";"2";"0";""
"202400043928";"155704413";"A01";"2";"7";"0";"2";"1";"15";"0";""
"202400043929";"155704411";"A01";"2";"7";"0";"1";"2";"17";"1";""
"202400043930";"155704415";"A01";"0";"10";"8";"0";"2";"0";"1";""
"202400043931";"155704409";"B01";"3";"1";"0";"2";"3";"9";"5";""
"202400043931";"155704410";"A01";"2";"10";"0";"9";"3";"9";"1";""
"202400043932";"155704406";"A01";"3";"7";"0";"2";"1";"1";"1";""
"202400043932";"155704408";"B01";"3";"7";"0";"2";"1";"1";"2";""
"202400043933";"155704405";"A01";"1";"33";"3";"0";"2";"21";"1";""
"202400043934";"155704399";"A01";"1";"7";"0";"2";"1";"15";"1";""
"202400043934";"155704401";"B01";"2";"30";"0";"2";"8";"1";"1";""
"202400043935";"155704403";"A01";"1";"7";"0";"2";"1";"1";"1";""
"202400043935";"155704407";"B01";"1";"7";"8";"0";"4";"1";"1";""
"202400043936";"155704398";"A01";"2";"7";"0";"2";"1";"15";"1";""
"202400043936";"155704400";"B01";"1";"33";"0";"2";"1";"1";"1";""
"202400043937";"155704402";"A01";"0";"7";"0";"2";"3";"15";"1";""
"202400043937";"155704404";"B01";"0";"33";"0";"2";"1";"1";"1";""
"202400043938";"155704397";"A01";"3";"30";"5";"0";"1";"9";"1";""
"202400043939";"155704394";"A01";"2";"3";"0";"2";"1";"1";"1";""
"202400043939";"155704396";"B01";"2";"10";"0";"2";"4";"1";"1";""
"202400043940";"155704393";"A01";"1";"7";"13";"0";"2";"1";"1";""
"202400043941";"155704391";"B01";"2";"33";"8";"2";"1";"2";"1";""
"202400043941";"155704392";"A01";"3";"30";"0";"2";"4";"19";"1";""
"202400043942";"155704388";"B01";"1";"7";"0";"2";"4";"2";"1";""
"202400043942";"155704390";"A01";"1";"7";"0";"2";"1";"2";"1";""
"202400043943";"155704387";"A01";"0";"30";"0";"2";"2";"26";"1";""
"202400043943";"155704389";"B01";"3";"7";"0";"0";"2";"21";"1";""
"202400043944";"155704395";"A01";"3";"32";"12";"0";"1";"26";"1";""
"202400043945";"155704385";"B01";"2";"7";"0";"2";"4";"2";"2";""
"202400043945";"155704386";"A01";"2";"7";"0";"2";"1";"2";"1";""
"202400043946";"155704382";"A01";"1";"31";"0";"2";"1";"2";"1";""
"202400043946";"155704384";"B01";"1";"7";"0";"2";"4";"2";"2";""
"202400043947";"155704381";"B01";"1";"7";"0";"2";"3";"1";"1";""
"202400043947";"155704383";"A01";"1";"33";"0";"2";"3";"3";"1";""
"202400043948";"155704378";"A01";"2";"33";"0";"2";"1";"3";"1";""
"202400043948";"155704380";"B01";"2";"7";"0";"2";"4";"1";"1";""
"202400043949";"155704377";"A01";"0";"7";"0";"1";"1";"15";"1";""
"202400043950";"155704374";"A01";"3";"1";"0";"0";"0";"23";"5";""
"202400043951";"155704375";"A01";"1";"1";"0";"2";"8";"15";"5";""
"202400043951";"155704376";"B01";"1";"7";"0";"2";"7";"2";"2";""
"202400043952";"155704373";"A01";"2";"10";"0";"2";"4";"4";"3";""
"202400043952";"155704379";"B01";"1";"30";"0";"2";"1";"1";"1";""
"202400043953";"155704371";"B01";"1";"60";"0";"2";"3";"1";"5";""
"202400043953";"155704372";"A01";"1";"10";"0";"2";"7";"1";"1";""
"202400043954";"155704370";"A01";"2";"7";"2";"0";"2";"1";"1";""
"202400043955";"155704367";"A01";"2";"7";"0";"1";"5";"1";"1";""
"202400043956";"155704368";"A01";"2";"50";"0";"1";"1";"25";"3";""
"202400043957";"155704366";"A01";"2";"7";"0";"1";"1";"19";"2";""
"202400043958";"155704369";"A01";"1";"7";"0";"1";"1";"19";"1";""
"202400043959";"155704363";"A01";"1";"10";"0";"1";"1";"19";"1";""
"202400043960";"155704364";"A01";"1";"7";"0";"2";"7";"16";"2";""
"202400043960";"155704365";"B01";"3";"50";"0";"2";"2";"1";"3";""
"202400043961";"155704360";"A01";"1";"33";"10";"0";"3";"1";"1";""
"202400043962";"155704359";"B01";"2";"1";"0";"0";"0";"15";"5";""
"202400043962";"155704362";"A01";"1";"7";"0";"0";"3";"1";"1";""
"202400043963";"155704358";"B01";"1";"14";"0";"1";"7";"7";"3";""
"202400043963";"155704361";"A01";"0";"7";"0";"2";"4";"20";"3";""
"202400043964";"155704357";"A01";"2";"7";"0";"0";"0";"1";"1";""
"202400043965";"155704356";"A01";"2";"33";"1";"0";"7";"16";"1";""
"202400043966";"155704354";"A01";"1";"2";"0";"0";"0";"1";"1";""
"202400043967";"155704355";"Z01";"1";"1";"0";"1";"1";"25";"5";""
"202400043968";"155704351";"A01";"3";"1";"0";"0";"0";"1";"5";""
"202400043969";"155704353";"A01";"3";"50";"15";"0";"1";"1";"3";""
"202400043970";"155704350";"A01";"1";"10";"0";"2";"2";"16";"1";""
"202400043970";"155704352";"B01";"1";"1";"0";"2";"1";"18";"5";""
"202400043971";"155704349";"A01";"1";"31";"14";"0";"2";"14";"1";""
"202400043972";"155704343";"B01";"1";"1";"0";"2";"7";"1";"5";""
"202400043972";"155704348";"A01";"2";"7";"0";"2";"1";"9";"1";""
"202400043973";"155704342";"A01";"1";"30";"9";"0";"1";"14";"1";""
"202400043974";"155704345";"A01";"3";"7";"0";"9";"0";"0";"0";""
"202400043974";"155704347";"B01";"3";"50";"0";"2";"0";"0";"3";""
"202400043975";"155704341";"A01";"2";"32";"0";"2";"1";"1";"1";""
"202400043975";"155704344";"B01";"2";"7";"0";"2";"5";"23";"1";""
"202400043975";"155704346";"C01";"2";"37";"0";"2";"8";"23";"1";"1"
"202400043976";"155704340";"A01";"1";"32";"12";"0";"1";"1";"1";""
"202400043977";"155704337";"A01";"1";"80";"0";"2";"2";"9";"3";""
"202400043977";"155704339";"B01";"1";"7";"0";"9";"2";"1";"2";""
"202400043978";"155704335";"A01";"2";"7";"0";"0";"3";"1";"2";""
"202400043979";"155704338";"A01";"1";"7";"1";"0";"4";"2";"2";""
"202400043980";"155704332";"B01";"2";"7";"0";"2";"4";"1";"1";""
"202400043980";"155704334";"C01";"2";"7";"0";"2";"4";"1";"1";""
"202400043980";"155704336";"A01";"2";"7";"0";"2";"1";"1";"1";""
"202400043981";"155704333";"A01";"2";"1";"14";"0";"2";"5";"5";""
"202400043982";"155704330";"B01";"1";"7";"14";"0";"4";"23";"1";""
"202400043982";"155704331";"A01";"2";"10";"0";"2";"1";"1";"1";""
"202400043983";"155704329";"A01";"3";"7";"0";"1";"3";"1";"1";""
"202400043984";"155704327";"A01";"2";"2";"0";"2";"1";"5";"1";""
"202400043984";"155704328";"B01";"1";"7";"0";"2";"3";"5";"1";""
"202400043985";"155704326";"Z01";"0";"50";"0";"1";"1";"16";"3";""
"202400043986";"155704324";"A01";"3";"7";"0";"1";"1";"26";"1";""
"202400043987";"155704323";"A01";"0";"7";"1";"1";"2";"4";"1";""
"202400043988";"155704322";"B01";"0";"1";"0";"2";"7";"1";"5";""
"202400043988";"155704325";"A01";"0";"7";"0";"2";"1";"19";"1";""
"202400043989";"155704320";"A01";"1";"33";"13";"0";"1";"13";"1";""
"202400043990";"155704319";"A01";"1";"32";"12";"0";"8";"1";"1";""
"202400043990";"155704321";"B01";"3";"7";"12";"0";"1";"19";"1";""
"202400043991";"155704318";"B01";"2";"80";"0";"1";"1";"21";"3";""
"202400043992";"155704315";"A01";"2";"10";"15";"0";"1";"1";"1";""
"202400043993";"155704314";"A01";"2";"1";"0";"0";"7";"2";"5";""
"202400043994";"155704312";"A01";"1";"7";"0";"1";"1";"16";"1";""
"202400043995";"155704311";"A01";"1";"7";"0";"2";"3";"24";"1";""
"202400043995";"155704313";"B01";"1";"1";"0";"2";"1";"1";"5";""
"202400043996";"155704308";"A01";"3";"7";"0";"1";"2";"1";"3";""
"202400043997";"155704309";"A01";"2";"80";"0";"1";"8";"14";"3";""
"202400043998";"155704307";"A01";"1";"80";"0";"2";"7";"1";"3";""
"202400043998";"155704310";"Z01";"1";"10";"0";"2";"8";"13";"3";""
"202400043999";"155704304";"A01";"1";"43";"0";"2";"4";"23";"1";""
"202400043999";"155704306";"B01";"1";"7";"0";"2";"1";"23";"2";""
"202400044000";"155704302";"A01";"3";"7";"0";"9";"1";"9";"1";""
"202400044000";"155704305";"B01";"1";"1";"0";"2";"8";"1";"5";""
"202400044001";"155704303";"A01";"3";"32";"0";"1";"1";"1";"1";""
"202400044002";"155704300";"A01";"3";"14";"8";"0";"1";"16";"1";""
"202400044003";"155704299";"B01";"2";"7";"0";"2";"4";"2";"0";""
"202400044003";"155704301";"A01";"2";"31";"0";"2";"1";"0";"0";""
"202400044004";"155704295";"B01";"2";"30";"0";"0";"1";"1";"1";""
"202400044004";"155704297";"A01";"1";"7";"0";"2";"3";"5";"1";""
"202400044005";"155704296";"A01";"2";"7";"16";"0";"3";"2";"1";""
"202400044006";"155704292";"A01";"2";"7";"2";"0";"4";"14";"1";""
"202400044007";"155704291";"A01";"2";"7";"1";"2";"2";"1";"1";""
"202400044007";"155704294";"C01";"2";"7";"0";"2";"6";"24";"1";""
"202400044007";"155704298";"B01";"2";"7";"1";"2";"3";"16";"1";""
"202400044008";"155704290";"B01";"2";"33";"0";"2";"2";"3";"0";""
"202400044008";"155704293";"A01";"3";"7";"0";"2";"1";"9";"0";""
"202400044009";"155704289";"A01";"1";"33";"2";"0";"2";"0";"1";""
"202400044010";"155704285";"B01";"1";"2";"0";"2";"1";"1";"0";""
"202400044010";"155704287";"A01";"1";"7";"0";"2";"4";"23";"1";""
"202400044011";"155704286";"A01";"1";"33";"8";"2";"1";"26";"1";""
"202400044011";"155704288";"B01";"2";"7";"0";"2";"0";"0";"1";""
"202400044012";"155704283";"A01";"1";"7";"5";"2";"3";"13";"1";""
"202400044012";"155704284";"B01";"2";"80";"5";"2";"3";"1";"3";""
"202400044013";"155704280";"A01";"3";"7";"0";"2";"3";"11";"3";""
"202400044013";"155704282";"B01";"3";"33";"0";"2";"5";"1";"1";""
"202400044014";"155704279";"B01";"0";"7";"0";"2";"3";"9";"1";""
"202400044014";"155704281";"A01";"0";"33";"0";"2";"1";"1";"1";""
"202400044015";"155704278";"A01";"1";"10";"0";"0";"1";"1";"1";""
"202400044016";"155704275";"A01";"1";"7";"6";"0";"1";"1";"1";""
"202400044016";"155704277";"B01";"2";"7";"6";"0";"2";"9";"1";""
"202400044017";"155704274";"A01";"1";"7";"8";"0";"7";"19";"1";""
"202400044018";"155704273";"A01";"3";"15";"0";"2";"1";"1";"1";""
"202400044018";"155704276";"B01";"3";"2";"9";"2";"7";"1";"1";""
"202400044019";"155704272";"A01";"3";"7";"17";"0";"1";"1";"1";""
"202400044020";"155704271";"A01";"2";"7";"14";"0";"1";"1";"1";""
"202400044021";"155704269";"A01";"1";"1";"0";"0";"0";"1";"5";""
"202400044022";"155704268";"A01";"3";"7";"0";"2";"0";"26";"0";""
"202400044022";"155704270";"B01";"3";"7";"0";"2";"6";"26";"1";""
"202400044023";"155704266";"A01";"1";"7";"2";"0";"1";"0";"1";""
"202400044024";"155704265";"A01";"2";"7";"0";"2";"8";"13";"1";""
"202400044024";"155704267";"B01";"1";"15";"0";"2";"6";"0";"1";""
"202400044025";"155704263";"A01";"2";"7";"0";"0";"1";"0";"1";""
"202400044026";"155704262";"A01";"1";"32";"0";"2";"1";"15";"0";""
"202400044026";"155704264";"B01";"2";"37";"0";"2";"2";"1";"0";"2"
"202400044027";"155704258";"A01";"1";"7";"8";"0";"1";"14";"1";""
"202400044028";"155704259";"A01";"1";"10";"0";"2";"2";"2";"1";""
"202400044028";"155704260";"B01";"1";"7";"0";"2";"4";"2";"1";""
"202400044028";"155704261";"C01";"1";"7";"13";"0";"4";"2";"1";""
"202400044029";"155704257";"V01";"3";"1";"0";"0";"0";"2";"5";""
"202400044030";"155704254";"A01";"0";"99";"0";"2";"0";"1";"6";""
"202400044030";"155704256";"B01";"0";"7";"0";"9";"0";"0";"1";""
"202400044031";"155704253";"B01";"1";"33";"4";"2";"7";"1";"0";""
"202400044031";"155704255";"A01";"1";"10";"0";"2";"8";"13";"1";""
"202400044032";"155704251";"A01";"1";"7";"0";"2";"4";"0";"1";""
"202400044032";"155704252";"B01";"1";"7";"0";"2";"1";"2";"1";""
"202400044033";"155704250";"A01";"1";"7";"3";"0";"2";"14";"1";""
"202400044034";"155704247";"A01";"1";"7";"1";"2";"3";"1";"1";""
"202400044034";"155704249";"B01";"1";"7";"6";"2";"3";"1";"1";""
"202400044035";"155704246";"A01";"1";"32";"0";"2";"1";"1";"1";""
"202400044035";"155704248";"B01";"1";"10";"0";"2";"4";"1";"1";""
"202400044036";"155704243";"A01";"2";"7";"2";"0";"1";"14";"1";""
"202400044037";"155704242";"A01";"0";"7";"0";"1";"1";"1";"1";""
"202400044038";"155704241";"A01";"3";"7";"13";"2";"3";"19";"1";""
"202400044038";"155704244";"B01";"1";"7";"13";"2";"1";"1";"1";""
"202400044039";"155704239";"A01";"2";"7";"13";"0";"9";"1";"1";""
"202400044040";"155704235";"A01";"1";"0";"0";"2";"7";"9";"0";""
"202400044040";"155704238";"B01";"1";"50";"0";"2";"2";"15";"3";""
"202400044041";"155704236";"A01";"2";"10";"13";"0";"7";"1";"1";""
"202400044042";"155704233";"A01";"1";"7";"0";"1";"3";"1";"1";""
"202400044043";"155704232";"A01";"1";"30";"0";"2";"7";"2";"1";""
"202400044043";"155704234";"B01";"1";"7";"0";"2";"6";"1";"1";""
"202400044044";"155704229";"B01";"1";"2";"0";"2";"1";"17";"1";""
"202400044044";"155704231";"A01";"2";"7";"0";"2";"1";"15";"1";""
"202400044045";"155704227";"A01";"2";"7";"3";"2";"1";"1";"1";""
"202400044045";"155704228";"B01";"2";"7";"13";"0";"4";"1";"1";""
"202400044045";"155704230";"C01";"2";"7";"0";"0";"4";"1";"1";""
"202400044046";"155704225";"A01";"3";"7";"0";"1";"1";"1";"1";""
"202400044047";"155704226";"A01";"2";"7";"0";"1";"2";"1";"1";""
"202400044048";"155704221";"A01";"0";"33";"0";"2";"2";"1";"1";""
"202400044048";"155704224";"B01";"0";"7";"0";"2";"3";"15";"1";""
"202400044049";"155704219";"A01";"2";"7";"8";"2";"1";"1";"1";""
"202400044049";"155704222";"B01";"2";"7";"0";"2";"1";"1";"1";""
"202400044050";"155704220";"A01";"3";"33";"0";"2";"1";"18";"1";""
"202400044050";"155704223";"B01";"3";"7";"0";"2";"2";"12";"1";""
"202400044051";"155704216";"A01";"1";"7";"0";"2";"4";"2";"2";""
"202400044051";"155704218";"B01";"1";"7";"0";"2";"1";"2";"1";""