"Num_Acc";"id_vehicule";"num_veh";"senc";"catv";"obs";"obsm";"choc";"manv";"motor";"occutc"
"202400044052";"155704215";"A01";"1";"7";"0";"2";"5";"13";"1";""
"202400044052";"155704217";"B01";"2";"10";"0";"2";"1";"0";"1";""
"202400044053";"155704212";"A01";"1";"31";"0";"2";"3";"17";"1";""
"202400044053";"155704214";"B01";"2";"7";"0";"2";"3";"1";"1";""
"202400044054";"155704210";"A01";"2";"7";"0";"1";"1";"1";"1";""
"202400044055";"155704211";"IB01";"0";"31";"0";"2";"1";"19";"0";""
"202400044055";"155704213";"A01";"0";"7";"0";"2";"3";"26";"0";""
"202400044056";"155704207";"B01";"1";"7";"0";"2";"1";"1";"1";""
"202400044056";"155704209";"A01";"2";"7";"0";"2";"1";"5";"1";""
"202400044057";"155704205";"A01";"1";"14";"0";"0";"0";"1";"1";""
"202400044057";"155704208";"B01";"2";"7";"14";"0";"1";"1";"1";""
"202400044058";"155704202";"A01";"2";"7";"0";"2";"7";"15";"1";""
"202400044058";"155704204";"B01";"1";"33";"0";"2";"3";"1";"1";""
"202400044059";"155704200";"A01";"3";"33";"16";"0";"8";"1";"1";""
"202400044060";"155704201";"A01";"1";"3";"2";"0";"2";"0";"3";""
"202400044061";"155704197";"A01";"1";"37";"1";"1";"3";"1";"2";"1"
"202400044062";"155704198";"A01";"3";"7";"0";"2";"1";"15";"0";""
"202400044062";"155704199";"B01";"0";"30";"0";"2";"9";"1";"1";""
"202400044063";"155704194";"A01";"2";"7";"0";"2";"2";"15";"1";""
"202400044063";"155704196";"B01";"1";"33";"0";"2";"1";"1";"1";""
"202400044064";"155704195";"A01";"2";"7";"8";"0";"2";"1";"1";""
"202400044065";"155704191";"A01";"2";"7";"2";"0";"2";"14";"1";""
"202400044066";"155704192";"Y01";"1";"1";"0";"2";"8";"1";"5";""
"202400044066";"155704193";"B01";"1";"7";"0";"9";"7";"14";"1";""
"202400044067";"155704189";"B01";"2";"7";"0";"2";"3";"1";"1";""
"202400044067";"155704190";"A01";"1";"7";"0";"2";"3";"17";"1";""
"202400044068";"155704188";"A01";"1";"10";"2";"0";"1";"13";"1";""
"202400044069";"155704186";"Z01";"3";"50";"0";"1";"1";"1";"3";""
"202400044070";"155704185";"B01";"3";"33";"0";"2";"0";"0";"1";""
"202400044070";"155704187";"A01";"3";"7";"0";"2";"1";"15";"1";""
"202400044071";"155704182";"B01";"3";"32";"0";"2";"1";"1";"1";""
"202400044071";"155704183";"A01";"3";"7";"0";"2";"2";"1";"1";""
"202400044072";"155704181";"A01";"3";"36";"0";"0";"0";"0";"1";""
"202400044073";"155704180";"A01";"2";"7";"0";"2";"3";"0";"1";""
"202400044073";"155704184";"B01";"2";"7";"0";"2";"3";"13";"1";""
"202400044074";"155704179";"A01";"3";"7";"0";"1";"1";"1";"1";""
"202400044075";"155704175";"A01";"3";"33";"0";"2";"1";"1";"1";""
"202400044075";"155704178";"B01";"3";"7";"0";"2";"4";"1";"2";""
"202400044076";"155704173";"B01";"1";"7";"0";"2";"3";"1";"1";""
"202400044076";"155704177";"A01";"2";"7";"0";"2";"3";"13";"1";""
"202400044077";"155704174";"A01";"1";"7";"2";"0";"5";"1";"1";""
"202400044078";"155704172";"A01";"3";"50";"0";"2";"1";"2";"3";""
"202400044078";"155704176";"B01";"3";"7";"0";"2";"4";"23";"1";""
"202400044079";"155704168";"A01";"3";"7";"0";"2";"1";"1";"1";""
"202400044079";"155704171";"B01";"3";"7";"0";"2";"4";"1";"2";""
"202400044080";"155704170";"A01";"1";"1";"0";"0";"0";"0";"5";""
"202400044081";"155704167";"A01";"1";"7";"0";"0";"7";"2";"1";""
"202400044081";"155704169";"B01";"1";"50";"0";"0";"7";"0";"3";""
"202400044082";"155704165";"A01";"1";"50";"0";"2";"3";"13";"3";""
"202400044082";"155704166";"B01";"1";"7";"0";"9";"5";"1";"1";""
"202400044083";"155704164";"A01";"2";"1";"0";"0";"1";"1";"5";""
"202400044084";"155704161";"A01";"1";"7";"0";"2";"3";"21";"1";""
"202400044084";"155704163";"B01";"1";"7";"0";"2";"4";"9";"1";""
"202400044085";"155704162";"A01";"2";"7";"6";"0";"8";"1";"1";""
"202400044086";"155704159";"A01";"2";"7";"0";"0";"9";"1";"1";""
"202400044087";"155704160";"A01";"2";"43";"0";"1";"1";"2";"1";""
"202400044088";"155704155";"A01";"1";"1";"0";"2";"5";"19";"5";""
"202400044088";"155704158";"B01";"1";"7";"0";"2";"2";"1";"1";""
"202400044089";"155704154";"A01";"1";"32";"0";"1";"1";"1";"1";""
"202400044090";"155704153";"B01";"2";"34";"0";"0";"1";"1";"1";""
"202400044090";"155704156";"A01";"2";"7";"0";"2";"1";"15";"1";""
"202400044091";"155704152";"B01";"2";"7";"0";"2";"3";"15";"1";""
"202400044091";"155704157";"A01";"1";"7";"0";"2";"3";"1";"1";""
"202400044092";"155704150";"A01";"3";"1";"13";"0";"0";"17";"5";""
"202400044093";"155704147";"A01";"2";"1";"0";"2";"1";"2";"5";""
"202400044093";"155704151";"B01";"2";"7";"0";"9";"3";"15";"0";""
"202400044094";"155704146";"A01";"2";"7";"1";"0";"2";"14";"1";""
"202400044094";"155704148";"B01";"1";"7";"0";"2";"2";"24";"0";""
"202400044095";"155704142";"A01";"2";"7";"0";"2";"2";"19";"1";""
"202400044095";"155704144";"B01";"1";"10";"0";"2";"1";"1";"1";""
"202400044096";"155704141";"A01";"2";"7";"0";"2";"1";"1";"1";""
"202400044096";"155704143";"B01";"1";"1";"0";"2";"3";"19";"5";""
"202400044097";"155704137";"A01";"2";"33";"0";"0";"0";"1";"1";""
"202400044098";"155704138";"A01";"1";"33";"0";"2";"1";"3";"1";""
"202400044098";"155704140";"B01";"1";"7";"0";"2";"6";"17";"1";""
"202400044099";"155704136";"A01";"3";"7";"0";"2";"2";"1";"1";""
"202400044099";"155704139";"B01";"3";"7";"0";"2";"1";"1";"1";""
"202400044100";"155704130";"A01";"1";"7";"4";"0";"8";"13";"1";""
"202400044101";"155704127";"A01";"1";"7";"13";"0";"2";"14";"1";""
"202400044101";"155704132";"B01";"1";"7";"13";"0";"2";"14";"1";""
"202400044102";"155704124";"A01";"1";"7";"0";"2";"1";"2";"1";""
"202400044102";"155704128";"B01";"1";"7";"0";"2";"4";"2";"1";""
"202400044102";"155704131";"C01";"1";"7";"0";"2";"4";"2";"1";""
"202400044103";"155704122";"B01";"1";"10";"0";"2";"7";"1";"1";""
"202400044103";"155704126";"A01";"2";"33";"0";"2";"1";"1";"1";""
"202400044104";"155704120";"B01";"1";"7";"0";"2";"2";"1";"1";""
"202400044104";"155704123";"A01";"1";"1";"0";"2";"7";"19";"5";""
"202400044105";"155704121";"A01";"2";"7";"0";"2";"1";"1";"1";""
"202400044105";"155704125";"B01";"0";"7";"0";"0";"3";"19";"2";""
"202400044106";"155704119";"A01";"1";"7";"0";"0";"9";"1";"0";""
"202400044107";"155704118";"A01";"1";"7";"0";"1";"3";"1";"2";""
"202400044108";"155704111";"A01";"3";"10";"13";"0";"1";"0";"1";""
"202400044109";"155704112";"B01";"1";"7";"0";"2";"4";"2";"1";""
"202400044109";"155704115";"C01";"1";"7";"0";"2";"4";"2";"1";""
"202400044109";"155704117";"A01";"1";"7";"0";"2";"1";"1";"1";""
"202400044110";"155704114";"B01";"3";"7";"0";"2";"6";"15";"1";""
"202400044110";"155704116";"A01";"3";"33";"0";"2";"1";"17";"1";""
"202400044111";"155704109";"B01";"1";"7";"15";"0";"2";"1";"1";""
"202400044111";"155704113";"A01";"2";"7";"0";"0";"1";"5";"1";""
"202400044112";"155704108";"Z01";"1";"7";"0";"1";"1";"19";"0";""
"202400044113";"155704107";"A01";"1";"3";"0";"0";"6";"1";"1";""
"202400044113";"155704110";"B01";"2";"7";"2";"0";"2";"1";"1";""
"202400044114";"155704104";"A01";"3";"7";"2";"0";"1";"1";"1";""
"202400044115";"155704103";"A01";"2";"7";"0";"0";"2";"17";"1";""
"202400044115";"155704105";"B01";"1";"1";"0";"0";"1";"13";"5";""
"202400044116";"155704102";"A01";"0";"7";"0";"2";"1";"0";"1";""
"202400044116";"155704106";"B01";"0";"2";"0";"2";"1";"16";"0";""
"202400044117";"155704100";"A01";"2";"2";"15";"0";"1";"19";"1";""
"202400044118";"155704099";"A01";"1";"7";"0";"2";"0";"9";"1";""
"202400044118";"155704101";"B01";"1";"2";"0";"2";"0";"2";"3";""
"202400044119";"155704096";"A01";"1";"33";"0";"0";"8";"15";"1";""
"202400044120";"155704093";"A01";"1";"7";"4";"0";"3";"1";"1";""
"202400044121";"155704094";"B01";"3";"1";"0";"2";"0";"19";"5";""
"202400044121";"155704098";"A01";"3";"10";"0";"1";"5";"1";"1";""
"202400044122";"155704092";"A01";"1";"7";"0";"2";"1";"13";"1";""
"202400044122";"155704095";"B01";"2";"7";"0";"2";"1";"1";"3";""
"202400044123";"155704090";"A01";"1";"33";"3";"0";"8";"1";"1";""
"202400044124";"155704088";"A01";"2";"7";"1";"0";"3";"17";"1";""
"202400044125";"155704089";"A01";"1";"7";"0";"2";"3";"15";"1";""
"202400044125";"155704091";"B01";"2";"33";"0";"2";"1";"1";"1";""
"202400044126";"155704085";"A01";"1";"1";"0";"2";"1";"3";"5";""
"202400044126";"155704087";"B01";"1";"1";"0";"2";"1";"26";"5";""
"202400044127";"155704083";"A01";"3";"7";"0";"1";"1";"0";"1";""
"202400044128";"155704082";"B01";"2";"7";"4";"2";"1";"5";"1";""
"202400044128";"155704086";"A01";"1";"38";"0";"2";"1";"1";"1";"1"
"202400044129";"155704081";"A01";"2";"1";"12";"2";"1";"2";"5";""
"202400044129";"155704084";"B01";"2";"1";"12";"2";"4";"2";"5";""
"202400044130";"155704080";"A01";"1";"7";"13";"0";"0";"0";"1";""
"202400044131";"155704078";"A01";"0";"7";"2";"0";"1";"5";"1";""
"202400044132";"155704075";"A01";"1";"7";"0";"1";"2";"2";"1";""
"202400044133";"155704074";"A01";"3";"30";"0";"2";"1";"19";"1";""
"202400044133";"155704079";"B01";"3";"7";"0";"2";"8";"1";"1";""
"202400044134";"155704073";"A01";"1";"7";"0";"2";"1";"2";"1";""
"202400044134";"155704076";"B01";"1";"1";"0";"0";"4";"1";"5";""
"202400044135";"155704072";"B01";"1";"1";"0";"0";"4";"26";"5";""
"202400044135";"155704077";"A01";"1";"10";"0";"9";"2";"26";"1";""
"202400044136";"155704071";"A01";"1";"7";"8";"0";"3";"0";"1";""
"202400044137";"155704068";"A01";"1";"33";"3";"0";"3";"17";"1";""
"202400044138";"155704066";"A01";"2";"2";"0";"2";"1";"17";"1";""
"202400044138";"155704070";"B01";"2";"7";"0";"2";"3";"15";"1";""
"202400044139";"155704065";"A01";"3";"7";"0";"2";"3";"19";"1";""
"202400044139";"155704069";"B01";"2";"7";"0";"2";"2";"1";"1";""
"202400044140";"155704064";"B01";"2";"7";"0";"2";"3";"1";"1";""
"202400044140";"155704067";"A01";"1";"7";"0";"2";"1";"1";"1";""
"202400044141";"155704062";"A01";"1";"7";"10";"0";"2";"14";"1";""
"202400044142";"155704061";"B01";"1";"1";"0";"0";"4";"1";"5";""
"202400044142";"155704063";"A01";"1";"7";"0";"0";"1";"2";"1";""
"202400044143";"155704058";"A01";"1";"7";"0";"2";"3";"13";"1";""
"202400044143";"155704060";"B01";"2";"7";"0";"2";"3";"1";"1";""
"202400044144";"155704056";"A01";"2";"7";"13";"0";"3";"14";"1";""
"202400044145";"155704054";"A01";"3";"33";"0";"1";"1";"1";"1";""
"202400044146";"155704052";"A01";"1";"7";"0";"2";"8";"10";"2";""
"202400044146";"155704055";"B01";"1";"33";"0";"2";"7";"17";"1";""
"202400044147";"155704051";"C01";"1";"7";"0";"2";"4";"23";"1";""
"202400044147";"155704053";"D01";"1";"7";"0";"0";"4";"23";"1";""
"202400044147";"155704057";"A01";"1";"10";"0";"2";"1";"2";"1";""
"202400044147";"155704059";"B01";"1";"7";"0";"2";"4";"2";"1";""
"202400044148";"155704050";"A01";"1";"7";"13";"0";"9";"26";"1";""
"202400044149";"155704049";"A01";"3";"7";"0";"1";"4";"20";"1";""
"202400044150";"155704043";"A01";"2";"7";"0";"0";"3";"1";"1";""
"202400044150";"155704045";"B01";"1";"7";"0";"2";"3";"1";"1";""
"202400044151";"155704046";"A01";"3";"7";"0";"1";"3";"15";"1";""
"202400044152";"155704042";"A01";"3";"7";"0";"9";"2";"9";"1";""
"202400044152";"155704044";"B01";"3";"1";"0";"2";"1";"1";"5";""
"202400044153";"155704041";"A01";"1";"31";"7";"0";"1";"1";"1";""
"202400044154";"155704038";"A01";"1";"7";"0";"2";"3";"9";"1";""
"202400044154";"155704040";"B01";"2";"2";"0";"2";"1";"1";"1";""
"202400044155";"155704037";"B01";"1";"7";"0";"2";"1";"1";"1";""
"202400044155";"155704039";"A01";"2";"7";"0";"2";"1";"13";"1";""
"202400044156";"155704035";"A01";"1";"7";"4";"0";"1";"17";"1";""
"202400044157";"155704034";"A01";"1";"80";"0";"2";"1";"0";"3";""
"202400044157";"155704036";"B01";"1";"7";"0";"0";"8";"0";"1";""
"202400044158";"155704030";"A01";"3";"33";"0";"0";"0";"1";"1";""
"202400044159";"155704027";"B01";"2";"7";"0";"2";"3";"21";"1";""
"202400044159";"155704032";"A01";"1";"7";"0";"2";"3";"13";"1";""
"202400044160";"155704029";"A01";"3";"15";"0";"2";"8";"1";"1";""
"202400044160";"155704031";"B01";"3";"7";"0";"2";"3";"1";"1";""
"202400044161";"155704023";"A01";"0";"7";"0";"2";"1";"1";"1";""
"202400044161";"155704026";"B01";"0";"7";"0";"2";"8";"1";"2";""
"202400044162";"155704022";"A01";"1";"7";"8";"0";"1";"1";"1";""
"202400044163";"155704025";"C01";"2";"17";"0";"0";"6";"1";"1";""
"202400044163";"155704028";"A01";"2";"7";"0";"0";"4";"9";"1";""
"202400044163";"155704033";"B01";"2";"7";"0";"2";"2";"17";"1";""
"202400044164";"155704020";"A01";"3";"7";"13";"2";"3";"15";"1";""
"202400044164";"155704024";"B01";"2";"7";"0";"2";"1";"1";"1";""
"202400044165";"155704018";"A01";"2";"7";"0";"1";"1";"1";"1";""
"202400044166";"155704015";"A01";"2";"33";"0";"2";"1";"2";"1";""
"202400044166";"155704019";"B01";"2";"14";"0";"2";"4";"23";"1";""
"202400044167";"155704014";"A01";"3";"7";"13";"0";"9";"1";"1";""
"202400044168";"155704012";"A01";"2";"7";"0";"2";"3";"13";"1";""
"202400044168";"155704016";"B01";"1";"7";"0";"2";"3";"21";"1";""
"202400044169";"155704011";"A01";"1";"2";"0";"0";"1";"1";"1";""
"202400044170";"155704010";"C01";"1";"7";"0";"2";"2";"1";"1";""
"202400044170";"155704013";"A01";"2";"7";"0";"2";"2";"15";"1";""
"202400044170";"155704017";"B01";"1";"7";"0";"2";"3";"1";"2";""
"202400044171";"155704007";"A01";"1";"7";"13";"0";"6";"1";"1";""
"202400044172";"155704006";"A01";"1";"15";"0";"2";"1";"1";"1";""
"202400044172";"155704009";"B01";"2";"1";"0";"2";"1";"21";"5";""
"202400044173";"155704005";"A01";"2";"7";"0";"2";"1";"5";"1";""
"202400044173";"155704008";"B01";"1";"7";"0";"2";"1";"1";"2";""
"202400044174";"155704002";"A01";"1";"7";"0";"0";"5";"19";"1";""
"202400044174";"155704004";"B01";"2";"33";"0";"2";"1";"21";"1";""
"202400044175";"155704001";"A01";"1";"17";"3";"0";"0";"9";"1";""
"202400044176";"155703998";"B01";"3";"33";"0";"2";"8";"1";"1";""
"202400044176";"155704003";"A01";"3";"7";"0";"2";"2";"15";"1";""
"202400044177";"155703999";"A01";"2";"7";"3";"0";"3";"1";"3";""
"202400044178";"155703997";"A01";"1";"7";"0";"2";"2";"15";"1";""
"202400044178";"155704000";"B01";"2";"7";"0";"2";"3";"1";"1";""
"202400044179";"155703994";"A01";"2";"50";"0";"2";"7";"15";"3";""
"202400044179";"155703996";"B01";"1";"7";"0";"2";"1";"1";"1";""
"202400044180";"155703992";"A01";"2";"7";"0";"1";"3";"15";"1";""
"202400044181";"155703989";"A01";"2";"7";"0";"2";"1";"2";"1";""
"202400044181";"155703995";"B01";"2";"17";"0";"2";"6";"2";"1";""
"202400044182";"155703988";"A01";"3";"7";"0";"2";"6";"9";"1";""
"202400044182";"155703991";"B01";"3";"33";"0";"2";"1";"1";"1";""
"202400044183";"155703987";"A01";"0";"7";"0";"2";"1";"2";"1";""
"202400044183";"155703990";"B01";"0";"7";"1";"0";"4";"2";"1";""
"202400044183";"155703993";"C01";"0";"7";"0";"0";"4";"2";"1";""
"202400044184";"155703985";"A01";"1";"7";"4";"0";"1";"0";"1";""
"202400044185";"155703984";"A01";"1";"7";"6";"0";"3";"1";"1";""
"202400044186";"155703983";"A01";"2";"10";"0";"2";"3";"13";"1";""
"202400044186";"155703986";"B01";"1";"33";"0";"2";"6";"1";"1";""
"202400044187";"155703980";"A01";"3";"33";"0";"2";"1";"17";"1";""
"202400044187";"155703982";"B01";"3";"7";"0";"2";"8";"15";"1";""
"202400044188";"155703979";"A01";"0";"2";"1";"0";"1";"14";"1";""
"202400044189";"155703978";"A01";"1";"7";"0";"1";"1";"1";"1";""
"202400044190";"155703977";"A01";"3";"2";"0";"2";"0";"1";"1";""
"202400044190";"155703981";"B01";"3";"21";"0";"2";"3";"1";"1";""
"202400044191";"155703975";"A01";"1";"7";"0";"2";"1";"2";"1";""
"202400044191";"155703976";"B01";"1";"34";"0";"0";"4";"2";"1";""
"202400044192";"155703973";"A01";"3";"10";"0";"0";"9";"1";"1";""
"202400044193";"155703972";"A01";"1";"7";"0";"2";"3";"1";"1";""
"202400044193";"155703974";"B01";"1";"7";"0";"2";"3";"1";"1";""
"202400044194";"155703971";"A01";"0";"7";"8";"1";"3";"6";"1";""
"202400044195";"155703969";"A01";"1";"33";"0";"2";"1";"1";"1";""
"202400044195";"155703970";"B01";"2";"10";"0";"2";"8";"1";"1";""
"202400044196";"155703967";"A01";"1";"7";"0";"1";"7";"1";"1";""
"202400044197";"155703965";"A01";"2";"7";"0";"2";"5";"12";"1";""
"202400044197";"155703968";"B01";"2";"7";"0";"2";"3";"1";"1";""
"202400044198";"155703962";"A01";"1";"10";"0";"1";"3";"9";"1";""
"202400044199";"155703961";"B01";"3";"2";"0";"2";"1";"1";"1";""
"202400044199";"155703964";"A01";"3";"7";"0";"2";"7";"15";"3";""
"202400044200";"155703963";"A01";"2";"7";"0";"2";"3";"11";"1";""
"202400044200";"155703966";"B01";"2";"7";"0";"2";"2";"1";"1";""
"202400044201";"155703960";"A01";"2";"7";"5";"0";"2";"0";"1";""
"202400044202";"155703957";"A01";"1";"99";"0";"0";"6";"0";"1";""
"202400044202";"155703959";"C01";"2";"33";"0";"0";"3";"1";"1";""
"202400044203";"155703955";"A01";"2";"15";"0";"1";"1";"1";"1";""
"202400044204";"155703954";"A01";"1";"7";"0";"2";"1";"13";"0";""
"202400044204";"155703958";"B01";"2";"7";"0";"2";"1";"1";"1";""
"202400044205";"155703950";"A01";"2";"10";"0";"0";"3";"15";"1";""
"202400044205";"155703952";"B01";"2";"43";"0";"2";"1";"17";"1";""
"202400044206";"155703951";"Z01";"2";"14";"0";"2";"7";"12";"1";""
"202400044206";"155703953";"B01";"2";"7";"3";"2";"6";"1";"1";""
"202400044206";"155703956";"C01";"2";"7";"0";"2";"1";"0";"1";""
"202400044207";"155703947";"A01";"0";"7";"0";"2";"0";"0";"2";""
"202400044207";"155703949";"B01";"1";"32";"0";"2";"0";"0";"1";""
"202400044208";"155703946";"B01";"0";"7";"0";"2";"1";"1";"1";""
"202400044208";"155703948";"A01";"3";"33";"0";"2";"7";"1";"1";""
"202400044209";"155703944";"A01";"2";"7";"0";"2";"8";"13";"1";""
"202400044209";"155703945";"B01";"1";"10";"0";"2";"8";"1";"1";""
"202400044210";"155703942";"Z01";"1";"15";"0";"1";"1";"2";"0";""
"202400044211";"155703940";"B01";"3";"7";"0";"2";"8";"1";"1";""
"202400044211";"155703943";"A01";"3";"10";"0";"2";"1";"1";"1";""
"202400044212";"155703939";"A01";"1";"2";"0";"2";"0";"9";"1";""
"202400044212";"155703941";"B01";"1";"7";"0";"2";"2";"14";"1";""
"202400044213";"155703937";"A01";"1";"32";"0";"2";"1";"1";"1";""
"202400044213";"155703938";"B01";"1";"7";"0";"0";"4";"1";"1";""
"202400044214";"155703934";"A01";"1";"7";"13";"0";"9";"19";"1";""
"202400044215";"155703933";"B01";"3";"7";"0";"2";"3";"1";"1";""
"202400044215";"155703936";"A01";"3";"7";"0";"2";"2";"1";"1";""
"202400044216";"155703929";"A01";"2";"7";"0";"9";"9";"1";"1";""
"202400044217";"155703928";"B01";"3";"7";"0";"2";"1";"1";"1";""
"202400044217";"155703931";"A01";"3";"1";"0";"2";"7";"1";"5";""
"202400044218";"155703925";"B01";"1";"33";"0";"2";"1";"1";"1";""
"202400044218";"155703927";"A01";"0";"10";"0";"2";"2";"15";"1";""
"202400044219";"155703924";"B01";"1";"7";"14";"0";"4";"23";"1";""
"202400044219";"155703926";"C01";"1";"7";"0";"2";"4";"26";"1";""
"202400044219";"155703930";"D01";"1";"7";"0";"2";"5";"2";"1";""
"202400044219";"155703932";"E01";"1";"7";"0";"2";"1";"2";"3";""
"202400044219";"155703935";"A01";"1";"7";"0";"2";"1";"2";"2";""
"202400044220";"155703921";"A01";"3";"10";"0";"1";"1";"1";"1";""
"202400044221";"155703920";"A01";"1";"2";"0";"2";"1";"1";"1";""
"202400044221";"155703922";"B01";"2";"7";"0";"2";"3";"1";"1";""
"202400044222";"155703919";"B01";"2";"7";"0";"2";"1";"15";"1";""
"202400044222";"155703923";"A01";"2";"33";"0";"2";"7";"1";"1";""
"202400044223";"155703916";"A01";"1";"7";"2";"0";"1";"0";"1";""
"202400044224";"155703910";"A01";"1";"7";"0";"2";"3";"1";"1";""
"202400044224";"155703913";"B01";"2";"7";"0";"2";"3";"1";"1";""
"202400044225";"155703912";"A01";"2";"10";"0";"2";"1";"1";"1";""
"202400044225";"155703914";"B01";"2";"7";"0";"2";"4";"1";"1";""
"202400044225";"155703917";"C01";"2";"7";"0";"2";"4";"1";"1";""
"202400044226";"155703909";"A01";"1";"13";"0";"2";"8";"13";"4";""
"202400044226";"155703911";"B01";"1";"10";"0";"2";"7";"1";"3";""
"202400044226";"155703915";"C01";"1";"7";"0";"2";"4";"2";"2";""
"202400044226";"155703918";"D01";"1";"10";"0";"2";"4";"2";"1";""
"202400044227";"155703908";"A01";"2";"7";"0";"1";"2";"1";"1";""
"202400044228";"155703907";"A01";"1";"7";"13";"0";"2";"1";"1";""
"202400044229";"155703906";"A01";"2";"7";"0";"2";"2";"9";"1";""
"202400044230";"155703903";"A01";"2";"7";"0";"2";"5";"12";"1";""
"202400044230";"155703905";"B01";"2";"33";"0";"2";"3";"3";"1";""
"202400044231";"155703901";"A01";"1";"7";"0";"2";"1";"1";"1";""
"202400044231";"155703904";"B01";"2";"14";"0";"2";"1";"1";"1";""
"202400044232";"155703896";"B01";"1";"10";"0";"2";"1";"1";"1";""
"202400044232";"155703902";"A01";"2";"7";"0";"2";"7";"1";"1";""
"202400044233";"155703897";"A01";"2";"34";"0";"2";"2";"2";"1";""
"202400044233";"155703900";"B01";"2";"7";"0";"2";"4";"23";"1";""
"202400044234";"155703898";"A01";"1";"7";"0";"2";"2";"16";"1";""
"202400044234";"155703899";"B01";"2";"1";"0";"2";"7";"1";"5";""
"202400044235";"155703893";"Z01";"1";"50";"0";"1";"0";"1";"3";""
"202400044236";"155703892";"A01";"2";"7";"15";"0";"1";"17";"1";""
"202400044237";"155703890";"B01";"1";"7";"2";"2";"4";"2";"1";""
"202400044237";"155703894";"C01";"1";"7";"0";"0";"5";"2";"1";""
"202400044237";"155703895";"A01";"1";"15";"0";"2";"2";"2";"1";""
"202400044238";"155703889";"A01";"2";"7";"7";"2";"2";"15";"1";""
"202400044238";"155703891";"B01";"1";"7";"7";"2";"3";"1";"1";""
"202400044239";"155703884";"A01";"3";"31";"0";"2";"7";"21";"1";""
"202400044239";"155703888";"B01";"3";"7";"0";"2";"6";"4";"1";""
"202400044240";"155703882";"A01";"0";"31";"0";"0";"0";"26";"1";""
"202400044241";"155703883";"A01";"0";"33";"0";"2";"1";"1";"1";""
"202400044241";"155703886";"B01";"0";"7";"0";"0";"4";"15";"1";""
"202400044242";"155703881";"C01";"1";"17";"0";"2";"7";"24";"1";""
"202400044242";"155703885";"B01";"1";"33";"0";"2";"8";"1";"1";""
"202400044242";"155703887";"A01";"1";"10";"0";"2";"7";"12";"1";""
"202400044243";"155703878";"A01";"1";"33";"3";"0";"2";"1";"1";""
"202400044244";"155703877";"B01";"1";"34";"0";"2";"1";"1";"1";""
"202400044244";"155703879";"A01";"1";"7";"0";"0";"8";"22";"1";""
"202400044245";"155703876";"B01";"1";"7";"0";"0";"4";"23";"1";""
"202400044245";"155703880";"A01";"1";"7";"1";"0";"1";"1";"1";""
"202400044246";"155703874";"A01";"1";"7";"13";"0";"9";"12";"1";""
"202400044247";"155703875";"A01";"1";"7";"0";"2";"1";"1";"2";""
"202400044248";"155703871";"Z01";"2";"7";"0";"2";"0";"0";"0";""
"202400044248";"155703873";"B01";"2";"7";"0";"2";"6";"1";"1";""
"202400044249";"155703870";"B01";"0";"7";"0";"2";"3";"1";"1";""
"202400044249";"155703872";"A01";"0";"30";"0";"2";"1";"15";"1";""
"202400044250";"155703865";"A01";"2";"10";"0";"2";"1";"2";"1";""
"202400044250";"155703868";"B01";"2";"7";"0";"0";"4";"2";"1";""
"202400044251";"155703866";"A01";"2";"7";"4";"0";"4";"26";"1";""
"202400044251";"155703869";"B01";"2";"7";"0";"2";"4";"1";"1";""
"202400044252";"155703863";"A01";"2";"7";"0";"2";"4";"2";"1";""
"202400044252";"155703867";"B01";"2";"7";"0";"2";"1";"2";"1";""
"202400044253";"155703862";"A01";"1";"7";"0";"2";"8";"22";"1";""
"202400044253";"155703864";"B01";"1";"1";"0";"2";"1";"1";"5";""
"202400044254";"155703858";"A01";"1";"7";"4";"2";"1";"12";"1";""
"202400044254";"155703861";"B01";"1";"7";"0";"0";"4";"1";"1";""
"202400044255";"155703857";"A01";"2";"40";"0";"1";"3";"1";"3";""
"202400044256";"155703856";"A01";"1";"7";"0";"2";"1";"11";"1";""
"202400044256";"155703860";"B01";"1";"13";"0";"2";"2";"1";"1";""
"202400044257";"155703855";"A01";"2";"33";"0";"2";"1";"1";"1";""
"202400044257";"155703859";"B01";"2";"7";"0";"2";"5";"1";"1";""
"202400044258";"155703853";"A01";"2";"7";"2";"0";"1";"14";"1";""
"202400044259";"155703852";"A01";"1";"33";"0";"0";"8";"1";"1";""
"202400044260";"155703851";"A01";"0";"7";"0";"2";"3";"15";"1";""
"202400044260";"155703854";"B01";"0";"1";"0";"2";"3";"1";"5";""
"202400044261";"155703848";"A01";"2";"7";"0";"2";"1";"1";"1";""
"202400044261";"155703850";"B01";"2";"10";"0";"2";"4";"1";"1";""
"202400044262";"155703846";"A01";"2";"7";"0";"2";"3";"1";"1";""
"202400044262";"155703849";"B01";"1";"7";"0";"2";"1";"5";"1";""
"202400044263";"155703845";"A01";"2";"7";"0";"2";"5";"16";"1";""
"202400044263";"155703847";"B01";"2";"1";"0";"2";"1";"1";"5";""
"202400044264";"155703843";"A01";"2";"33";"12";"2";"1";"18";"1";""
"202400044264";"155703844";"B01";"2";"1";"12";"2";"7";"7";"5";""
"202400044265";"155703840";"A01";"2";"33";"0";"2";"7";"5";"1";""
"202400044265";"155703842";"B01";"0";"7";"1";"2";"1";"1";"1";""
"202400044266";"155703837";"A01";"3";"7";"0";"2";"1";"26";"1";""
"202400044266";"155703839";"B01";"3";"7";"0";"2";"3";"0";"1";""