"Num_Acc";"id_vehicule";"num_veh";"senc";"catv";"obs";"obsm";"choc";"manv";"motor";"occutc"
"202400044267";"155703832";"B01";"1";"33";"0";"2";"2";"1";"1";""
"202400044267";"155703835";"A01";"1";"7";"0";"2";"3";"15";"2";""
"202400044268";"155703833";"A01";"2";"10";"0";"2";"1";"2";"1";""
"202400044268";"155703836";"B01";"2";"10";"0";"2";"4";"2";"1";""
"202400044268";"155703838";"C01";"2";"10";"0";"2";"4";"2";"1";""
"202400044268";"155703841";"D01";"2";"7";"0";"2";"5";"2";"3";""
"202400044269";"155703830";"B01";"2";"1";"0";"2";"2";"1";"5";""
"202400044269";"155703834";"A01";"2";"7";"0";"2";"3";"16";"1";""
"202400044270";"155703829";"B01";"1";"1";"0";"2";"4";"1";"5";""
"202400044270";"155703831";"A01";"1";"7";"0";"2";"3";"1";"2";""
"202400044271";"155703826";"A01";"0";"33";"0";"0";"0";"0";"1";""
"202400044272";"155703823";"A01";"1";"1";"0";"2";"1";"15";"5";""
"202400044272";"155703827";"B01";"1";"33";"0";"2";"8";"1";"1";""
"202400044273";"155703822";"A01";"2";"10";"0";"2";"1";"2";"1";""
"202400044273";"155703825";"B01";"2";"7";"0";"2";"1";"2";"1";""
"202400044273";"155703828";"C01";"2";"7";"0";"2";"4";"23";"2";""
"202400044274";"155703821";"A01";"1";"2";"0";"2";"1";"1";"1";""
"202400044274";"155703824";"B01";"3";"2";"0";"2";"1";"1";"1";""
"202400044275";"155703820";"A01";"1";"33";"8";"0";"1";"0";"1";""
"202400044276";"155703816";"A01";"1";"10";"0";"9";"7";"16";"1";""
"202400044276";"155703819";"B01";"1";"1";"0";"2";"8";"1";"5";""
"202400044277";"155703815";"A01";"2";"7";"0";"0";"1";"1";"1";""
"202400044278";"155703814";"A01";"1";"15";"0";"2";"1";"2";"1";""
"202400044278";"155703818";"B01";"1";"7";"0";"2";"4";"2";"1";""
"202400044279";"155703813";"A01";"1";"1";"0";"2";"1";"3";"5";""
"202400044279";"155703817";"B01";"1";"7";"0";"2";"2";"1";"1";""
"202400044280";"155703812";"A01";"1";"32";"0";"1";"1";"1";"1";""
"202400044281";"155703809";"A01";"1";"7";"0";"0";"4";"15";"1";""
"202400044281";"155703811";"B01";"1";"7";"0";"0";"1";"2";"1";""
"202400044282";"155703806";"A01";"1";"32";"0";"2";"1";"2";"1";""
"202400044282";"155703810";"B01";"2";"7";"0";"2";"3";"2";"2";""
"202400044283";"155703804";"A01";"2";"33";"0";"2";"2";"3";"1";""
"202400044283";"155703808";"B01";"2";"7";"0";"2";"3";"11";"2";""
"202400044284";"155703805";"A01";"1";"33";"0";"2";"1";"1";"1";""
"202400044284";"155703807";"B01";"2";"7";"0";"2";"2";"15";"1";""
"202400044285";"155703801";"B01";"1";"7";"0";"1";"4";"2";"1";""
"202400044285";"155703803";"A01";"1";"10";"0";"2";"1";"2";"1";""
"202400044286";"155703800";"A01";"2";"10";"0";"1";"0";"0";"1";""
"202400044287";"155703798";"A01";"1";"7";"0";"2";"1";"2";"1";""
"202400044287";"155703802";"B01";"1";"7";"13";"0";"4";"15";"1";""
"202400044288";"155703795";"C01";"2";"7";"0";"2";"4";"2";"1";""
"202400044288";"155703797";"A01";"2";"7";"0";"2";"1";"2";"2";""
"202400044288";"155703799";"B01";"2";"7";"0";"2";"4";"2";"1";""
"202400044289";"155703792";"A01";"2";"10";"0";"0";"6";"1";"1";""
"202400044289";"155703794";"B01";"2";"33";"0";"0";"1";"2";"1";""
"202400044290";"155703791";"A01";"2";"7";"0";"2";"2";"15";"1";""
"202400044290";"155703793";"B01";"3";"80";"0";"2";"1";"25";"3";""
"202400044291";"155703790";"A01";"2";"7";"0";"2";"1";"1";"1";""
"202400044291";"155703796";"B01";"1";"7";"0";"2";"3";"1";"2";""
"202400044292";"155703788";"A01";"1";"7";"0";"1";"3";"1";"1";""
"202400044293";"155703784";"A01";"2";"7";"1";"0";"3";"1";"1";""
"202400044293";"155703786";"B01";"1";"7";"0";"2";"8";"24";"1";""
"202400044294";"155703783";"C01";"2";"7";"0";"2";"6";"15";"1";""
"202400044294";"155703787";"A01";"2";"7";"0";"2";"1";"0";"1";""
"202400044294";"155703789";"B01";"2";"7";"0";"2";"4";"0";"1";""
"202400044295";"155703782";"B01";"1";"34";"0";"2";"1";"2";"1";""
"202400044295";"155703785";"A01";"1";"7";"0";"2";"7";"11";"1";""
"202400044296";"155703781";"A01";"1";"7";"0";"1";"2";"26";"1";""
"202400044297";"155703780";"A01";"2";"50";"0";"0";"1";"1";"3";""
"202400044298";"155703778";"A01";"1";"7";"2";"0";"1";"21";"1";""
"202400044299";"155703776";"A01";"1";"33";"0";"2";"3";"3";"1";""
"202400044299";"155703779";"B01";"1";"7";"0";"2";"2";"12";"1";""
"202400044300";"155703773";"A01";"2";"80";"0";"1";"1";"5";"3";""
"202400044301";"155703775";"A01";"3";"7";"0";"2";"3";"15";"1";""
"202400044301";"155703777";"B01";"0";"33";"0";"2";"1";"1";"1";""
"202400044302";"155703772";"A01";"2";"7";"0";"2";"8";"19";"1";""
"202400044302";"155703774";"B01";"2";"33";"0";"2";"1";"1";"1";""
"202400044303";"155703768";"B01";"1";"7";"0";"2";"5";"2";"1";""
"202400044303";"155703769";"A01";"1";"7";"0";"2";"1";"2";"1";""
"202400044304";"155703766";"A01";"3";"7";"0";"1";"3";"15";"1";""
"202400044305";"155703767";"A01";"2";"7";"0";"2";"3";"15";"0";""
"202400044305";"155703770";"B01";"2";"32";"0";"2";"3";"17";"1";""
"202400044306";"155703765";"A01";"1";"7";"0";"2";"1";"1";"1";""
"202400044306";"155703771";"B01";"2";"7";"0";"2";"5";"1";"1";""
"202400044307";"155703761";"A01";"1";"30";"0";"2";"2";"11";"1";""
"202400044307";"155703764";"B01";"1";"7";"0";"2";"3";"11";"2";""
"202400044308";"155703760";"B01";"1";"7";"0";"2";"1";"2";"1";""
"202400044308";"155703763";"A01";"1";"7";"0";"2";"4";"2";"1";""
"202400044309";"155703759";"B01";"1";"7";"0";"2";"5";"1";"1";""
"202400044309";"155703762";"A01";"1";"7";"0";"2";"2";"1";"1";""
"202400044310";"155703755";"A01";"3";"7";"0";"2";"1";"1";"1";""
"202400044310";"155703757";"B01";"3";"10";"0";"2";"4";"10";"1";""
"202400044311";"155703754";"A01";"1";"7";"0";"2";"1";"9";"1";""
"202400044311";"155703758";"B01";"1";"7";"0";"2";"8";"1";"1";""
"202400044312";"155703753";"A01";"1";"7";"0";"2";"3";"15";"1";""
"202400044312";"155703756";"B01";"1";"30";"0";"2";"1";"1";"1";""
"202400044313";"155703751";"A01";"1";"33";"12";"0";"2";"26";"1";""
"202400044314";"155703747";"A01";"2";"7";"0";"2";"1";"1";"3";""
"202400044314";"155703750";"B01";"2";"7";"0";"0";"4";"1";"1";""
"202400044314";"155703752";"C01";"1";"7";"0";"2";"8";"1";"1";""
"202400044315";"155703745";"A01";"1";"10";"0";"2";"3";"1";"1";""
"202400044315";"155703749";"B01";"1";"7";"0";"2";"3";"1";"1";""
"202400044316";"155703743";"A01";"2";"7";"4";"1";"3";"1";"1";""
"202400044317";"155703738";"A01";"1";"7";"0";"2";"2";"16";"1";""
"202400044317";"155703741";"B01";"1";"32";"0";"2";"8";"1";"1";""
"202400044318";"155703740";"D01";"1";"7";"0";"2";"4";"2";"1";""
"202400044318";"155703744";"B01";"1";"7";"0";"2";"4";"2";"1";""
"202400044318";"155703746";"C01";"1";"7";"0";"2";"0";"0";"1";""
"202400044318";"155703748";"A01";"1";"7";"0";"2";"1";"2";"1";""
"202400044319";"155703739";"A01";"1";"7";"0";"2";"3";"15";"1";""
"202400044319";"155703742";"B01";"1";"1";"0";"2";"1";"1";"5";""
"202400044320";"155703735";"A01";"1";"2";"0";"2";"1";"1";"1";""
"202400044320";"155703737";"B01";"1";"50";"0";"2";"0";"9";"3";""
"202400044321";"155703733";"A01";"1";"10";"0";"1";"1";"15";"1";""
"202400044322";"155703732";"B01";"1";"7";"0";"2";"4";"23";"1";""
"202400044322";"155703734";"C01";"1";"7";"0";"2";"4";"23";"1";""
"202400044322";"155703736";"A01";"1";"7";"0";"2";"1";"2";"1";""
"202400044323";"155703730";"B01";"1";"7";"1";"0";"1";"1";"1";""
"202400044323";"155703731";"A01";"3";"7";"1";"0";"4";"24";"1";""
"202400044324";"155703728";"A01";"3";"7";"0";"1";"1";"2";"1";""
"202400044325";"155703725";"B01";"3";"1";"0";"2";"1";"19";"5";""
"202400044325";"155703727";"A01";"2";"7";"0";"9";"2";"2";"1";""
"202400044326";"155703726";"A01";"2";"1";"0";"2";"1";"21";"5";""
"202400044326";"155703729";"B01";"2";"7";"0";"2";"4";"23";"1";""
"202400044327";"155703724";"A01";"0";"7";"0";"2";"3";"1";"1";""
"202400044328";"155703723";"A01";"1";"7";"0";"1";"2";"16";"1";""
"202400044329";"155703720";"A01";"2";"7";"0";"2";"1";"2";"1";""
"202400044329";"155703721";"C01";"2";"10";"0";"2";"4";"23";"1";""
"202400044329";"155703722";"B01";"2";"7";"0";"2";"4";"23";"1";""
"202400044330";"155703717";"A01";"1";"7";"2";"2";"3";"1";"1";""
"202400044330";"155703719";"B01";"1";"7";"0";"2";"1";"9";"1";""
"202400044331";"155703715";"A01";"3";"7";"0";"2";"2";"19";"1";""
"202400044331";"155703718";"B01";"0";"7";"0";"2";"3";"1";"1";""
"202400044332";"155703713";"C01";"1";"7";"0";"2";"3";"1";"1";""
"202400044332";"155703714";"Z01";"2";"7";"0";"2";"7";"17";"1";""
"202400044332";"155703716";"B01";"2";"7";"0";"2";"8";"1";"1";""
"202400044333";"155703712";"A01";"3";"3";"0";"0";"7";"15";"3";""
"202400044334";"155703709";"B01";"2";"36";"13";"0";"3";"21";"1";""
"202400044334";"155703711";"A01";"1";"7";"0";"2";"3";"26";"1";""
"202400044335";"155703705";"B01";"3";"7";"0";"2";"1";"1";"3";""
"202400044335";"155703707";"A01";"0";"7";"8";"2";"2";"1";"1";""
"202400044336";"155703704";"A01";"1";"33";"1";"0";"9";"1";"1";""
"202400044337";"155703703";"A01";"3";"1";"0";"9";"1";"1";"5";""
"202400044337";"155703706";"B01";"3";"1";"0";"9";"1";"5";"5";""
"202400044338";"155703702";"A01";"1";"15";"0";"1";"0";"13";"1";""
"202400044339";"155703698";"A01";"0";"7";"0";"2";"8";"19";"1";""
"202400044339";"155703701";"B01";"0";"7";"0";"2";"0";"1";"2";""
"202400044340";"155703699";"B01";"1";"80";"0";"2";"3";"0";"3";""
"202400044340";"155703700";"A01";"1";"2";"0";"9";"3";"0";"1";""
"202400044341";"155703696";"A01";"0";"50";"0";"2";"0";"15";"3";""
"202400044341";"155703697";"B01";"0";"7";"0";"2";"2";"15";"1";""
"202400044342";"155703694";"A01";"2";"10";"0";"1";"4";"4";"1";""
"202400044343";"155703693";"A01";"1";"7";"2";"0";"1";"13";"1";""
"202400044344";"155703692";"A01";"3";"7";"0";"2";"3";"15";"1";""
"202400044344";"155703695";"B01";"1";"7";"0";"2";"2";"1";"1";""
"202400044345";"155703683";"B01";"0";"7";"1";"0";"1";"2";"1";""
"202400044345";"155703684";"C01";"0";"7";"0";"2";"6";"1";"1";""
"202400044345";"155703689";"A01";"0";"7";"0";"2";"4";"23";"1";""
"202400044346";"155703681";"A01";"3";"7";"2";"0";"1";"0";"0";""
"202400044347";"155703680";"A01";"1";"7";"7";"0";"2";"1";"1";""
"202400044348";"155703679";"A01";"2";"10";"0";"2";"7";"15";"1";""
"202400044348";"155703682";"B01";"1";"33";"0";"2";"1";"1";"1";""
"202400044349";"155703678";"A01";"1";"7";"0";"1";"1";"1";"1";""
"202400044350";"155703677";"A01";"0";"7";"0";"1";"1";"0";"1";""
"202400044351";"155703675";"A01";"1";"7";"4";"0";"9";"1";"1";""
"202400044352";"155703673";"A01";"1";"7";"0";"1";"2";"16";"1";""
"202400044353";"155703672";"A01";"3";"33";"0";"1";"1";"26";"0";""
"202400044354";"155703671";"B01";"0";"50";"0";"2";"1";"1";"3";""
"202400044354";"155703674";"A01";"0";"7";"0";"2";"1";"9";"1";""
"202400044355";"155703669";"B01";"1";"50";"0";"2";"2";"5";"3";""
"202400044355";"155703670";"A01";"3";"7";"0";"2";"1";"15";"1";""
"202400044356";"155703668";"A01";"0";"7";"13";"0";"1";"15";"1";""
"202400044357";"155703665";"A01";"1";"50";"0";"0";"1";"25";"3";""
"202400044358";"155703666";"B01";"1";"2";"0";"2";"3";"3";"1";""
"202400044358";"155703667";"A01";"1";"10";"0";"2";"2";"1";"1";""
"202400044359";"155703664";"A01";"2";"7";"13";"0";"3";"1";"1";""
"202400044360";"155703661";"B01";"1";"7";"0";"2";"1";"26";"1";""
"202400044360";"155703663";"A01";"1";"7";"0";"2";"0";"0";"1";""
"202400044361";"155703662";"A01";"1";"10";"0";"1";"1";"16";"1";""
"202400044362";"155703658";"A01";"2";"7";"13";"0";"0";"17";"1";""
"202400044362";"155703660";"B01";"2";"10";"3";"0";"8";"2";"1";""
"202400044363";"155703657";"A01";"1";"7";"2";"0";"1";"1";"1";""
"202400044364";"155703659";"A01";"2";"31";"0";"0";"1";"0";"1";""
"202400044365";"155703656";"A01";"2";"7";"0";"0";"2";"14";"1";""
"202400044366";"155703654";"A01";"1";"7";"8";"0";"7";"13";"1";""
"202400044367";"155703653";"A01";"1";"1";"0";"2";"1";"1";"5";""
"202400044367";"155703655";"B01";"2";"7";"0";"2";"1";"16";"1";""
"202400044368";"155703652";"A01";"1";"7";"0";"1";"2";"13";"1";""
"202400044369";"155703650";"A01";"1";"7";"2";"0";"3";"13";"1";""
"202400044370";"155703648";"A01";"3";"7";"0";"2";"1";"15";"1";""
"202400044370";"155703651";"B01";"3";"1";"0";"2";"8";"15";"5";""
"202400044371";"155703647";"A01";"2";"50";"0";"2";"1";"1";"3";""
"202400044371";"155703649";"B01";"2";"7";"0";"2";"8";"1";"1";""
"202400044372";"155703646";"A01";"1";"7";"16";"0";"0";"1";"1";""
"202400044373";"155703645";"A01";"2";"7";"0";"1";"3";"15";"1";""
"202400044374";"155703642";"B01";"2";"7";"0";"2";"3";"1";"1";""
"202400044374";"155703643";"A01";"1";"60";"0";"2";"1";"1";"5";""
"202400044375";"155703639";"A01";"1";"7";"0";"2";"1";"15";"0";""
"202400044375";"155703641";"B01";"1";"1";"0";"2";"1";"1";"0";""
"202400044376";"155703638";"B01";"1";"7";"0";"2";"3";"1";"1";""
"202400044376";"155703640";"A01";"2";"10";"0";"2";"3";"1";"1";""
"202400044377";"155703636";"A01";"1";"10";"9";"0";"1";"12";"1";""
"202400044378";"155703635";"A01";"1";"50";"0";"2";"1";"5";"3";""
"202400044378";"155703637";"B01";"2";"10";"0";"2";"2";"16";"2";""
"202400044379";"155703634";"A01";"2";"2";"0";"0";"0";"1";"1";""
"202400044380";"155703630";"A01";"1";"7";"2";"0";"1";"0";"2";""
"202400044381";"155703632";"A01";"2";"33";"0";"2";"3";"18";"1";""
"202400044381";"155703633";"B01";"2";"10";"0";"2";"7";"16";"1";""
"202400044382";"155703629";"A01";"1";"15";"0";"5";"8";"1";"0";""
"202400044382";"155703631";"B01";"2";"10";"0";"2";"0";"0";"0";""
"202400044383";"155703625";"B01";"2";"1";"0";"2";"1";"1";"5";""
"202400044383";"155703627";"A01";"1";"7";"0";"2";"3";"16";"3";""
"202400044384";"155703624";"B01";"1";"7";"0";"2";"1";"1";"1";""
"202400044384";"155703628";"A01";"1";"7";"6";"2";"3";"15";"1";""
"202400044385";"155703623";"B01";"1";"7";"12";"0";"1";"16";"1";""
"202400044385";"155703626";"A01";"1";"80";"0";"2";"1";"19";"3";""
"202400044386";"155703621";"B01";"1";"10";"0";"9";"3";"0";"3";""
"202400044386";"155703622";"A01";"2";"50";"0";"2";"1";"26";"3";""
"202400044387";"155703619";"A01";"1";"7";"13";"0";"0";"1";"1";""
"202400044388";"155703618";"A01";"2";"7";"0";"2";"3";"15";"1";""
"202400044388";"155703620";"B01";"2";"38";"0";"2";"1";"1";"1";"1"
"202400044389";"155703615";"B01";"1";"33";"0";"2";"8";"1";"1";""
"202400044389";"155703617";"A01";"2";"10";"0";"2";"1";"15";"1";""
"202400044390";"155703611";"B01";"3";"50";"0";"2";"7";"1";"3";""
"202400044390";"155703614";"A01";"2";"7";"0";"2";"2";"1";"1";""
"202400044391";"155703610";"A01";"1";"7";"0";"2";"4";"23";"1";""
"202400044391";"155703612";"B01";"1";"7";"0";"2";"4";"23";"1";""
"202400044391";"155703613";"C01";"1";"7";"0";"2";"4";"23";"1";""
"202400044391";"155703616";"D01";"1";"7";"0";"2";"1";"1";"1";""
"202400044392";"155703607";"B01";"3";"2";"0";"2";"2";"0";"1";""
"202400044392";"155703609";"A01";"3";"7";"0";"2";"3";"11";"1";""
"202400044393";"155703606";"A01";"3";"10";"6";"0";"1";"13";"1";""
"202400044394";"155703605";"Z01";"3";"14";"0";"0";"0";"0";"0";""
"202400044394";"155703608";"B01";"3";"30";"0";"2";"8";"1";"1";""
"202400044395";"155703604";"A01";"3";"7";"0";"1";"4";"26";"1";""
"202400044396";"155703602";"A01";"2";"7";"8";"0";"1";"13";"1";""
"202400044397";"155703601";"B01";"3";"7";"0";"2";"6";"1";"1";""
"202400044397";"155703603";"A01";"1";"7";"0";"2";"1";"9";"1";""
"202400044398";"155703600";"A01";"3";"7";"0";"1";"2";"15";"1";""
"202400044399";"155703599";"A01";"2";"7";"0";"1";"8";"1";"1";""
"202400044400";"155703597";"A01";"1";"10";"0";"1";"1";"1";"1";""
"202400044401";"155703596";"A01";"1";"10";"0";"1";"2";"1";"1";""
"202400044402";"155703595";"A01";"2";"7";"0";"2";"1";"17";"1";""
"202400044402";"155703598";"B01";"1";"7";"0";"2";"1";"1";"1";""
"202400044403";"155703592";"A01";"1";"7";"13";"0";"1";"1";"1";""
"202400044404";"155703591";"A01";"1";"7";"0";"2";"3";"1";"1";""
"202400044404";"155703594";"B01";"2";"7";"0";"2";"2";"15";"1";""
"202400044405";"155703588";"Y01";"1";"1";"0";"0";"0";"0";"5";""
"202400044405";"155703590";"A01";"1";"7";"1";"0";"2";"5";"1";""
"202400044405";"155703593";"B01";"0";"7";"0";"0";"0";"0";"1";""
"202400044406";"155703586";"A01";"2";"7";"0";"1";"1";"1";"1";""
"202400044407";"155703587";"B01";"1";"10";"0";"0";"8";"1";"1";""
"202400044407";"155703589";"A01";"1";"7";"0";"2";"1";"1";"1";""
"202400044408";"155703583";"A01";"3";"38";"0";"2";"2";"7";"1";"1"
"202400044408";"155703585";"B01";"3";"7";"0";"2";"3";"11";"1";""
"202400044409";"155703582";"A01";"1";"7";"0";"1";"3";"1";"1";""
"202400044410";"155703579";"A01";"1";"7";"0";"1";"3";"9";"1";""
"202400044411";"155703578";"A01";"2";"7";"1";"6";"1";"1";"1";""
"202400044411";"155703581";"B01";"2";"7";"0";"6";"1";"1";"1";""
"202400044411";"155703584";"C01";"2";"7";"1";"6";"1";"14";"1";""
"202400044412";"155703577";"B01";"1";"7";"0";"2";"4";"23";"1";""
"202400044412";"155703580";"A01";"1";"7";"0";"2";"1";"1";"1";""
"202400044413";"155703573";"B01";"1";"7";"0";"2";"1";"1";"1";""
"202400044413";"155703575";"A01";"2";"7";"0";"2";"3";"13";"1";""
"202400044414";"155703572";"B01";"1";"7";"0";"2";"3";"15";"1";""
"202400044414";"155703576";"A01";"2";"31";"0";"2";"1";"1";"1";""
"202400044415";"155703571";"B01";"3";"7";"0";"2";"3";"1";"1";""
"202400044415";"155703574";"A01";"3";"33";"0";"2";"8";"13";"1";""
"202400044416";"155703568";"A01";"2";"7";"4";"6";"1";"0";"1";""
"202400044417";"155703569";"A01";"3";"32";"0";"1";"1";"1";"1";""
"202400044418";"155703567";"B01";"3";"50";"0";"2";"5";"19";"3";""
"202400044418";"155703570";"A01";"3";"7";"0";"2";"1";"9";"2";""
"202400044419";"155703564";"A01";"3";"7";"0";"1";"0";"4";"1";""
"202400044420";"155703563";"B01";"2";"38";"0";"2";"1";"1";"1";"1"
"202400044420";"155703565";"A01";"1";"7";"0";"2";"7";"13";"1";""
"202400044421";"155703562";"A01";"1";"7";"0";"2";"2";"0";"1";""
"202400044421";"155703566";"B01";"1";"17";"0";"0";"6";"1";"1";""
"202400044422";"155703560";"A01";"1";"7";"1";"0";"3";"26";"1";""
"202400044423";"155703558";"A01";"2";"50";"0";"2";"4";"23";"3";""
"202400044423";"155703561";"B01";"1";"32";"0";"2";"1";"1";"1";""
"202400044424";"155703559";"A01";"1";"3";"2";"0";"1";"1";"1";""
"202400044425";"155703556";"A01";"2";"7";"0";"1";"1";"1";"1";""
"202400044426";"155703555";"A01";"1";"7";"4";"0";"1";"1";"1";""
"202400044427";"155703554";"A01";"1";"50";"0";"2";"1";"25";"3";""
"202400044427";"155703557";"B01";"3";"7";"0";"2";"2";"9";"1";""
"202400044428";"155703551";"B01";"3";"7";"0";"2";"1";"1";"3";""
"202400044428";"155703553";"A01";"2";"7";"0";"2";"3";"1";"1";""
"202400044429";"155703550";"A01";"2";"7";"0";"1";"3";"13";"3";""
"202400044430";"155703549";"A01";"2";"7";"0";"2";"7";"13";"1";""
"202400044430";"155703552";"B01";"1";"7";"0";"2";"1";"1";"1";""
"202400044431";"155703547";"A01";"1";"10";"0";"2";"1";"1";"1";""
"202400044431";"155703548";"B01";"1";"50";"0";"2";"8";"19";"3";""
"202400044432";"155703544";"A01";"1";"7";"0";"1";"8";"1";"1";""
"202400044433";"155703543";"A01";"1";"7";"0";"1";"1";"1";"1";""
"202400044434";"155703545";"A01";"3";"7";"0";"2";"8";"19";"2";""
"202400044434";"155703546";"B01";"1";"7";"0";"2";"1";"0";"3";""
"202400044435";"155703539";"A01";"2";"7";"0";"2";"1";"16";"1";""
"202400044435";"155703540";"B01";"3";"2";"0";"2";"1";"15";"1";""
"202400044436";"155703538";"A01";"1";"7";"0";"2";"3";"19";"1";""
"202400044436";"155703542";"B01";"1";"30";"0";"2";"1";"1";"1";""
"202400044437";"155703537";"A01";"1";"7";"0";"2";"1";"9";"1";""
"202400044437";"155703541";"B01";"2";"80";"0";"2";"7";"1";"3";""
"202400044438";"155703536";"A01";"3";"33";"1";"0";"3";"1";"1";""
"202400044439";"155703533";"A01";"3";"7";"0";"2";"2";"15";"1";""
"202400044439";"155703535";"B01";"3";"30";"0";"2";"1";"1";"1";""
"202400044440";"155703530";"B01";"1";"1";"0";"2";"7";"1";"5";""
"202400044440";"155703532";"A01";"2";"7";"0";"9";"3";"9";"1";""
"202400044441";"155703529";"A01";"1";"50";"0";"0";"0";"1";"3";""
"202400044442";"155703527";"C01";"3";"7";"0";"2";"4";"20";"1";""
"202400044442";"155703528";"B01";"3";"7";"0";"2";"4";"23";"1";""
"202400044442";"155703531";"A01";"3";"10";"0";"2";"1";"2";"1";""
"202400044443";"155703525";"A01";"3";"7";"0";"0";"3";"1";"1";""
"202400044444";"155703524";"A01";"0";"50";"0";"0";"3";"16";"3";""
"202400044444";"155703526";"B01";"3";"7";"0";"0";"2";"1";"1";""
"202400044445";"155703523";"A01";"2";"7";"0";"1";"3";"1";"1";""
"202400044446";"155703522";"A01";"3";"7";"0";"0";"5";"14";"1";""
"202400044447";"155703520";"A01";"2";"7";"0";"2";"1";"1";"1";""
"202400044447";"155703521";"B01";"1";"10";"0";"2";"1";"13";"1";""
"202400044448";"155703519";"A01";"3";"14";"0";"1";"6";"4";"1";""
"202400044449";"155703517";"A01";"3";"7";"1";"0";"1";"1";"1";""
"202400044449";"155703518";"B01";"3";"7";"0";"2";"4";"23";"1";""
"202400044450";"155703515";"A01";"1";"7";"0";"2";"1";"13";"1";""
"202400044450";"155703516";"B01";"2";"10";"0";"2";"3";"1";"1";""
"202400044451";"155703514";"A01";"2";"7";"8";"0";"1";"1";"1";""
"202400044452";"155703513";"A01";"2";"7";"9";"0";"1";"14";"1";""
"202400044453";"155703511";"A01";"1";"7";"0";"1";"1";"1";"1";""
"202400044454";"155703508";"A01";"2";"2";"0";"2";"0";"2";"1";""
"202400044454";"155703509";"B01";"2";"7";"0";"2";"4";"2";"1";""
"202400044455";"155703506";"A01";"3";"7";"0";"1";"1";"1";"1";""
"202400044456";"155703505";"A01";"1";"80";"0";"2";"8";"19";"3";""
"202400044456";"155703507";"B01";"2";"7";"0";"2";"2";"1";"1";""
"202400044457";"155703501";"A01";"3";"7";"0";"2";"2";"15";"1";""
"202400044457";"155703503";"B01";"3";"33";"0";"2";"1";"1";"1";""
"202400044458";"155703500";"C01";"2";"7";"0";"2";"4";"23";"1";""
"202400044458";"155703502";"A01";"2";"7";"0";"2";"1";"1";"1";""
"202400044458";"155703504";"B01";"2";"7";"0";"2";"4";"23";"1";""
"202400044459";"155703498";"A01";"2";"2";"0";"2";"2";"0";"1";""
"202400044459";"155703499";"B01";"1";"7";"0";"2";"2";"0";"1";""
"202400044460";"155703497";"A01";"1";"50";"1";"0";"1";"1";"3";""
"202400044461";"155703495";"A01";"2";"7";"0";"1";"2";"1";"1";""
"202400044462";"155703493";"A01";"1";"37";"0";"1";"2";"1";"6";"1"
"202400044463";"155703494";"A01";"2";"99";"0";"2";"5";"2";"1";""
"202400044463";"155703496";"B01";"3";"10";"0";"2";"3";"15";"1";""
"202400044464";"155703487";"B01";"1";"7";"0";"2";"3";"1";"1";""
"202400044464";"155703490";"A01";"1";"50";"0";"2";"3";"5";"3";""
"202400044465";"155703488";"B01";"3";"33";"0";"2";"1";"1";"1";""
"202400044465";"155703491";"A01";"3";"7";"0";"2";"3";"15";"1";""
"202400044466";"155703489";"B01";"1";"31";"0";"2";"1";"1";"0";""
"202400044466";"155703492";"A01";"2";"7";"0";"2";"3";"15";"2";""
"202400044467";"155703485";"A01";"1";"7";"1";"0";"1";"19";"1";""
"202400044468";"155703483";"B01";"1";"2";"0";"2";"1";"17";"1";""
"202400044468";"155703484";"A01";"1";"7";"0";"2";"6";"15";"1";""
"202400044469";"155703482";"A01";"1";"7";"0";"0";"1";"13";"1";""
"202400044469";"155703486";"B01";"2";"10";"0";"2";"8";"2";"1";""
"202400044470";"155703480";"B01";"1";"31";"0";"2";"3";"0";"1";""
"202400044470";"155703481";"A01";"1";"7";"0";"2";"7";"12";"1";""
"202400044471";"155703478";"A01";"3";"7";"13";"0";"1";"14";"1";""
"202400044472";"155703476";"B01";"2";"7";"0";"2";"3";"1";"1";""
"202400044472";"155703477";"C01";"1";"7";"0";"2";"6";"1";"1";""
"202400044472";"155703479";"A01";"1";"33";"0";"2";"3";"17";"1";""
"202400044473";"155703474";"A01";"1";"7";"0";"1";"1";"15";"0";""
"202400044474";"155703469";"A01";"3";"10";"0";"2";"3";"15";"1";""
"202400044474";"155703472";"B01";"3";"7";"0";"2";"2";"17";"1";""
"202400044475";"155703468";"A01";"1";"7";"0";"2";"1";"13";"1";""
"202400044475";"155703470";"B01";"2";"7";"0";"2";"1";"1";"1";""
"202400044476";"155703467";"C01";"1";"7";"0";"2";"4";"1";"1";""
"202400044476";"155703471";"B01";"1";"7";"0";"2";"4";"1";"1";""
"202400044476";"155703473";"A01";"1";"7";"0";"2";"1";"1";"1";""
"202400044476";"155703475";"D01";"1";"7";"0";"2";"4";"1";"1";""
"202400044477";"155703466";"A01";"1";"50";"0";"1";"8";"25";"3";""
"202400044478";"155703463";"A01";"2";"7";"0";"2";"1";"2";"1";""
"202400044478";"155703464";"B01";"2";"7";"0";"2";"4";"2";"1";""
"202400044479";"155703458";"A01";"3";"7";"8";"2";"1";"7";"1";""
"202400044479";"155703461";"B01";"3";"7";"0";"2";"1";"15";"1";""
"202400044480";"155703456";"A01";"1";"7";"0";"2";"1";"2";"1";""
"202400044480";"155703460";"B01";"1";"7";"0";"2";"4";"2";"1";""
"202400044480";"155703462";"C01";"1";"7";"0";"2";"4";"2";"1";""