"Num_Acc";"id_vehicule";"num_veh";"senc";"catv";"obs";"obsm";"choc";"manv";"motor";"occutc"
"202400044480";"155703465";"D01";"1";"7";"0";"2";"4";"2";"1";""
"202400044481";"155703454";"A01";"1";"33";"0";"2";"1";"1";"1";""
"202400044481";"155703455";"B01";"1";"7";"0";"2";"3";"1";"1";""
"202400044482";"155703451";"B01";"3";"7";"0";"0";"0";"9";"1";""
"202400044482";"155703453";"A01";"3";"32";"0";"2";"7";"21";"1";""
"202400044483";"155703450";"A01";"1";"7";"0";"2";"2";"2";"1";""
"202400044483";"155703452";"B01";"1";"7";"0";"2";"4";"2";"1";""
"202400044484";"155703449";"A01";"2";"7";"1";"1";"1";"1";"2";""
"202400044485";"155703448";"A01";"3";"7";"6";"1";"3";"13";"1";""
"202400044486";"155703447";"A01";"2";"33";"0";"0";"7";"1";"1";""
"202400044487";"155703443";"A01";"1";"7";"0";"0";"1";"1";"1";""
"202400044488";"155703442";"A01";"1";"7";"14";"0";"1";"2";"1";""
"202400044488";"155703444";"B01";"1";"7";"14";"0";"4";"23";"1";""
"202400044488";"155703446";"C01";"1";"7";"0";"2";"4";"23";"1";""
"202400044489";"155703441";"B01";"3";"7";"0";"2";"7";"15";"1";""
"202400044489";"155703445";"A01";"3";"10";"0";"2";"1";"1";"1";""
"202400044490";"155703438";"A01";"3";"37";"0";"1";"5";"26";"1";"1"
"202400044491";"155703437";"A01";"1";"7";"0";"2";"3";"9";"1";""
"202400044491";"155703440";"B01";"1";"7";"12";"2";"7";"1";"1";""
"202400044492";"155703436";"A01";"1";"7";"0";"2";"6";"9";"1";""
"202400044492";"155703439";"B01";"2";"32";"0";"2";"5";"15";"1";""
"202400044493";"155703431";"A01";"1";"7";"4";"2";"3";"13";"1";""
"202400044493";"155703434";"B01";"1";"7";"0";"2";"2";"1";"2";""
"202400044494";"155703430";"A01";"1";"7";"0";"2";"2";"11";"1";""
"202400044494";"155703433";"B01";"1";"10";"0";"0";"0";"0";"1";""
"202400044495";"155703425";"B01";"2";"7";"0";"2";"4";"11";"1";""
"202400044495";"155703427";"A01";"2";"43";"0";"2";"1";"3";"1";""
"202400044496";"155703424";"B01";"1";"33";"0";"2";"3";"3";"1";""
"202400044496";"155703426";"A01";"1";"10";"0";"2";"2";"12";"1";""
"202400044497";"155703422";"A01";"2";"31";"3";"0";"1";"1";"1";""
"202400044498";"155703421";"B01";"1";"2";"0";"2";"2";"0";"3";""
"202400044498";"155703423";"A01";"1";"7";"0";"2";"2";"15";"1";""
"202400044499";"155703418";"A01";"3";"7";"2";"0";"2";"21";"1";""
"202400044500";"155703419";"A01";"1";"33";"6";"0";"3";"1";"1";""
"202400044501";"155703416";"A01";"2";"10";"0";"2";"1";"2";"1";""
"202400044501";"155703417";"B01";"2";"7";"0";"2";"4";"2";"2";""
"202400044501";"155703420";"C01";"2";"10";"0";"0";"4";"2";"1";""
"202400044502";"155703414";"B01";"1";"7";"0";"2";"3";"15";"1";""
"202400044502";"155703415";"A01";"1";"31";"0";"2";"1";"1";"1";""
"202400044503";"155703412";"A01";"2";"7";"0";"1";"3";"1";"1";""
"202400044504";"155703413";"A01";"3";"10";"2";"0";"2";"26";"1";""
"202400044505";"155703410";"A01";"2";"33";"0";"1";"1";"1";"1";""
"202400044506";"155703408";"A01";"1";"7";"6";"0";"1";"1";"2";""
"202400044507";"155703407";"C01";"0";"7";"0";"2";"1";"1";"1";""
"202400044507";"155703409";"A01";"3";"7";"0";"2";"4";"23";"1";""
"202400044507";"155703411";"B01";"0";"7";"0";"2";"4";"23";"1";""
"202400044508";"155703405";"A01";"1";"31";"0";"1";"1";"1";"1";""
"202400044509";"155703402";"A01";"1";"30";"0";"2";"3";"1";"3";""
"202400044509";"155703403";"B01";"3";"7";"0";"2";"3";"23";"1";""
"202400044510";"155703401";"A01";"3";"14";"0";"2";"2";"21";"1";""
"202400044510";"155703404";"B01";"3";"7";"0";"2";"3";"13";"1";""
"202400044511";"155703397";"A01";"1";"7";"0";"1";"1";"15";"2";""
"202400044512";"155703396";"D01";"2";"7";"0";"2";"3";"1";"3";""
"202400044512";"155703398";"A01";"2";"7";"0";"2";"3";"13";"1";""
"202400044512";"155703399";"C01";"2";"7";"0";"2";"4";"1";"1";""
"202400044512";"155703400";"E01";"2";"7";"0";"2";"4";"1";"1";""
"202400044512";"155703406";"B01";"2";"10";"0";"2";"7";"1";"1";""
"202400044513";"155703394";"B01";"2";"33";"0";"2";"1";"1";"0";""
"202400044513";"155703395";"A01";"1";"7";"0";"2";"7";"10";"1";""
"202400044514";"155703391";"B01";"1";"31";"0";"2";"1";"1";"1";""
"202400044514";"155703393";"A01";"2";"7";"0";"2";"8";"15";"1";""
"202400044515";"155703389";"A01";"3";"33";"16";"0";"8";"0";"1";""
"202400044516";"155703388";"C01";"2";"2";"0";"9";"7";"2";"1";""
"202400044516";"155703390";"A01";"2";"50";"0";"9";"1";"2";"3";""
"202400044516";"155703392";"B01";"2";"1";"0";"9";"8";"1";"5";""
"202400044517";"155703387";"A01";"2";"7";"0";"1";"1";"1";"2";""
"202400044518";"155703386";"A01";"1";"7";"0";"1";"1";"1";"1";""
"202400044519";"155703385";"A01";"2";"10";"0";"1";"0";"1";"1";""
"202400044520";"155703384";"A01";"1";"7";"0";"1";"3";"1";"0";""
"202400044521";"155703382";"A01";"2";"33";"0";"2";"1";"26";"1";""
"202400044521";"155703383";"B01";"2";"7";"0";"2";"7";"15";"1";""
"202400044522";"155703378";"B01";"3";"31";"0";"2";"3";"15";"3";""
"202400044522";"155703380";"A01";"3";"1";"0";"2";"1";"1";"5";""
"202400044523";"155703377";"A01";"1";"7";"0";"2";"5";"1";"1";""
"202400044523";"155703381";"B01";"2";"7";"0";"2";"2";"2";"1";""
"202400044524";"155703376";"B01";"1";"1";"1";"0";"1";"2";"5";""
"202400044524";"155703379";"A01";"1";"10";"1";"2";"8";"22";"1";""
"202400044525";"155703373";"A01";"1";"7";"0";"1";"3";"0";"0";""
"202400044526";"155703372";"B01";"1";"31";"0";"2";"6";"23";"1";""
"202400044526";"155703375";"A01";"1";"31";"0";"2";"1";"12";"1";""
"202400044527";"155703374";"Z01";"2";"10";"0";"1";"6";"0";"0";""
"202400044528";"155703368";"A01";"1";"7";"0";"2";"2";"14";"1";""
"202400044528";"155703370";"B01";"1";"34";"0";"2";"3";"18";"1";""
"202400044529";"155703369";"A01";"2";"7";"0";"2";"3";"13";"1";""
"202400044529";"155703371";"B01";"1";"7";"0";"2";"3";"1";"1";""
"202400044530";"155703367";"A01";"2";"1";"12";"0";"1";"26";"5";""
"202400044531";"155703365";"A01";"3";"7";"0";"9";"1";"15";"1";""
"202400044531";"155703366";"B01";"3";"50";"0";"2";"1";"1";"3";""
"202400044532";"155703363";"A01";"1";"7";"0";"1";"2";"13";"1";""
"202400044533";"155703364";"A01";"1";"7";"0";"1";"1";"15";"2";""
"202400044534";"155703362";"A01";"2";"7";"0";"1";"1";"1";"1";""
"202400044535";"155703361";"A01";"2";"32";"0";"1";"1";"5";"1";""
"202400044536";"155703358";"A01";"1";"33";"0";"2";"3";"26";"1";""
"202400044536";"155703360";"B01";"1";"99";"0";"0";"1";"26";"1";""
"202400044537";"155703356";"A01";"2";"7";"0";"2";"3";"10";"1";""
"202400044537";"155703357";"B01";"1";"32";"0";"2";"1";"1";"1";""
"202400044538";"155703355";"A01";"3";"7";"5";"2";"1";"26";"1";""
"202400044538";"155703359";"B01";"3";"7";"5";"2";"9";"26";"1";""
"202400044539";"155703354";"A01";"3";"37";"0";"0";"2";"1";"1";"1"
"202400044540";"155703351";"A01";"2";"7";"0";"2";"1";"15";"1";""
"202400044540";"155703353";"B01";"1";"80";"0";"2";"1";"15";"2";""
"202400044541";"155703348";"A01";"1";"10";"0";"2";"0";"0";"1";""
"202400044541";"155703350";"B01";"1";"7";"0";"2";"4";"1";"1";""
"202400044542";"155703349";"B01";"1";"80";"0";"2";"8";"13";"3";""
"202400044542";"155703352";"A01";"1";"7";"0";"2";"7";"17";"1";""
"202400044543";"155703347";"A01";"3";"7";"0";"1";"1";"16";"1";""
"202400044544";"155703345";"A01";"1";"34";"0";"1";"1";"2";"1";""
"202400044544";"155703346";"B01";"1";"7";"0";"2";"7";"2";"1";""
"202400044545";"155703343";"A01";"1";"1";"0";"2";"1";"1";"5";""
"202400044545";"155703344";"Z01";"2";"7";"0";"2";"3";"15";"2";""
"202400044546";"155703338";"C01";"0";"7";"0";"2";"2";"1";"0";""
"202400044546";"155703339";"A01";"0";"7";"0";"2";"3";"20";"1";""
"202400044546";"155703341";"B01";"0";"33";"0";"2";"7";"2";"1";""
"202400044547";"155703335";"B01";"0";"1";"0";"2";"7";"1";"5";""
"202400044547";"155703336";"A01";"0";"7";"0";"2";"1";"16";"0";""
"202400044548";"155703334";"A01";"0";"7";"9";"0";"1";"1";"1";""
"202400044549";"155703331";"B01";"2";"30";"0";"0";"0";"0";"0";""
"202400044549";"155703332";"A01";"1";"7";"0";"2";"3";"9";"0";""
"202400044550";"155703333";"A01";"2";"7";"1";"2";"3";"23";"2";""
"202400044550";"155703337";"B01";"2";"31";"0";"2";"1";"1";"3";""
"202400044551";"155703329";"B01";"1";"30";"0";"2";"1";"1";"1";""
"202400044551";"155703330";"A01";"1";"10";"0";"2";"6";"0";"1";""
"202400044552";"155703340";"B01";"3";"7";"0";"2";"4";"1";"1";""
"202400044552";"155703342";"A01";"3";"15";"0";"2";"1";"2";"1";""
"202400044553";"155703326";"A01";"0";"7";"0";"2";"2";"16";"1";""
"202400044553";"155703328";"B01";"0";"33";"0";"2";"1";"18";"1";""
"202400044554";"155703324";"A01";"3";"7";"0";"2";"1";"15";"1";""
"202400044554";"155703325";"B01";"3";"33";"0";"2";"1";"1";"1";""
"202400044555";"155703321";"A01";"3";"1";"0";"2";"1";"1";"5";""
"202400044555";"155703323";"B01";"3";"7";"0";"2";"1";"0";"1";""
"202400044556";"155703322";"A01";"1";"7";"0";"2";"1";"15";"2";""
"202400044556";"155703327";"B01";"2";"7";"0";"2";"5";"0";"1";""
"202400044557";"155703317";"B01";"1";"7";"0";"2";"5";"15";"0";""
"202400044557";"155703320";"A01";"1";"33";"0";"2";"1";"1";"1";""
"202400044558";"155703316";"A01";"1";"1";"0";"2";"3";"15";"5";""
"202400044558";"155703319";"B01";"1";"10";"0";"2";"2";"1";"1";""
"202400044559";"155703315";"B01";"2";"1";"0";"2";"3";"22";"5";""
"202400044559";"155703318";"A01";"2";"7";"0";"2";"3";"22";"1";""
"202400044560";"155703314";"A01";"0";"10";"0";"1";"1";"1";"1";""
"202400044561";"155703312";"A01";"3";"33";"0";"2";"1";"2";"1";""
"202400044561";"155703313";"B01";"3";"7";"0";"2";"8";"15";"2";""
"202400044562";"155703311";"A01";"0";"7";"0";"1";"1";"15";"1";""
"202400044563";"155703308";"B01";"3";"33";"0";"2";"2";"2";"1";""
"202400044563";"155703309";"A01";"3";"7";"0";"2";"3";"9";"1";""
"202400044564";"155703305";"A01";"1";"7";"0";"2";"6";"2";"1";""
"202400044565";"155703303";"A01";"3";"7";"0";"1";"5";"20";"3";""
"202400044566";"155703302";"B01";"0";"13";"0";"2";"2";"1";"3";""
"202400044566";"155703304";"A01";"2";"7";"0";"2";"1";"14";"1";""
"202400044567";"155703301";"A01";"2";"7";"0";"1";"2";"15";"2";""
"202400044568";"155703299";"Z01";"1";"7";"0";"1";"2";"1";"1";""
"202400044569";"155703298";"B01";"3";"7";"0";"2";"1";"1";"2";""
"202400044569";"155703300";"A01";"3";"7";"0";"2";"8";"15";"1";""
"202400044570";"155703294";"A01";"0";"10";"0";"2";"1";"0";"1";""
"202400044570";"155703296";"B01";"0";"10";"0";"2";"1";"0";"1";""
"202400044571";"155703292";"B01";"3";"7";"1";"2";"7";"1";"1";""
"202400044571";"155703295";"A01";"3";"7";"0";"2";"1";"1";"1";""
"202400044572";"155703291";"A01";"1";"7";"0";"2";"1";"15";"1";""
"202400044572";"155703293";"B01";"2";"32";"0";"2";"1";"1";"1";""
"202400044573";"155703289";"A01";"3";"7";"0";"1";"1";"21";"1";""
"202400044574";"155703288";"A01";"2";"7";"4";"5";"9";"2";"3";""
"202400044574";"155703290";"B01";"2";"7";"0";"2";"1";"2";"1";""
"202400044575";"155703287";"A01";"1";"7";"0";"1";"0";"13";"0";""
"202400044576";"155703284";"B01";"1";"50";"15";"2";"2";"0";"3";""
"202400044576";"155703286";"A01";"1";"7";"8";"9";"2";"16";"1";""
"202400044577";"155703283";"A01";"1";"7";"0";"2";"1";"5";"1";""
"202400044577";"155703285";"B01";"2";"7";"0";"2";"1";"1";"1";""
"202400044578";"155703281";"A01";"1";"7";"3";"2";"2";"13";"0";""
"202400044578";"155703282";"B01";"2";"38";"0";"2";"7";"11";"1";"1"
"202400044579";"155703279";"A01";"1";"32";"0";"2";"7";"17";"1";""
"202400044579";"155703280";"B01";"1";"7";"0";"2";"8";"15";"1";""
"202400044580";"155703278";"A01";"1";"7";"0";"1";"6";"1";"1";""
"202400044581";"155703275";"B01";"1";"33";"0";"2";"1";"1";"1";""
"202400044581";"155703277";"A01";"2";"7";"0";"2";"2";"15";"1";""
"202400044582";"155703274";"B01";"0";"30";"0";"2";"7";"1";"1";""
"202400044582";"155703276";"A01";"0";"7";"0";"2";"1";"1";"1";""
"202400044583";"155703272";"B01";"0";"1";"0";"2";"7";"1";"5";""
"202400044583";"155703273";"A01";"3";"7";"0";"2";"3";"9";"1";""
"202400044584";"155703270";"A01";"3";"7";"1";"0";"1";"0";"1";""
"202400044585";"155703269";"A01";"2";"10";"0";"2";"1";"1";"1";""
"202400044585";"155703271";"B01";"2";"7";"0";"2";"4";"1";"1";""
"202400044586";"155703268";"A01";"2";"14";"1";"1";"3";"20";"1";""
"202400044587";"155703267";"A01";"1";"13";"0";"1";"7";"1";"0";""
"202400044588";"155703266";"A01";"2";"7";"0";"1";"0";"2";"1";""
"202400044589";"155703265";"A01";"0";"50";"15";"0";"1";"1";"3";""
"202400044590";"155703263";"A01";"1";"10";"0";"2";"7";"14";"1";""
"202400044590";"155703264";"B01";"1";"50";"0";"2";"8";"1";"3";""
"202400044591";"155703261";"A01";"0";"10";"0";"1";"3";"20";"1";""
"202400044592";"155703258";"B01";"1";"1";"0";"2";"7";"19";"5";""
"202400044592";"155703260";"A01";"1";"7";"0";"2";"1";"1";"1";""
"202400044593";"155703259";"B01";"2";"7";"0";"0";"1";"5";"1";""
"202400044593";"155703262";"A01";"1";"14";"0";"0";"1";"1";"1";""
"202400044594";"155703256";"B01";"3";"2";"0";"2";"1";"11";"1";""
"202400044594";"155703257";"A01";"3";"7";"0";"2";"3";"0";"1";""
"202400044595";"155703254";"A01";"1";"33";"0";"0";"7";"1";"1";""
"202400044596";"155703253";"A01";"3";"50";"12";"0";"0";"26";"3";""
"202400044597";"155703252";"B01";"1";"7";"0";"2";"8";"1";"1";""
"202400044597";"155703255";"A01";"2";"30";"0";"2";"1";"1";"1";""
"202400044598";"155703248";"A01";"1";"7";"0";"2";"7";"15";"1";""
"202400044598";"155703250";"B01";"2";"43";"0";"2";"1";"1";"1";""
"202400044599";"155703246";"A01";"0";"7";"0";"2";"1";"1";"1";""
"202400044599";"155703251";"B01";"0";"10";"0";"0";"8";"1";"1";""
"202400044600";"155703247";"A01";"1";"7";"0";"2";"2";"16";"1";""
"202400044600";"155703249";"B01";"1";"1";"0";"2";"1";"1";"5";""
"202400044601";"155703244";"A01";"2";"10";"0";"2";"7";"17";"1";""
"202400044601";"155703245";"B01";"0";"60";"0";"0";"0";"0";"5";""
"202400044602";"155703242";"A01";"3";"7";"0";"2";"3";"1";"1";""
"202400044602";"155703243";"B01";"3";"32";"0";"2";"1";"1";"1";""
"202400044603";"155703240";"A01";"2";"10";"0";"1";"8";"15";"1";""
"202400044604";"155703239";"A01";"3";"7";"0";"2";"1";"1";"1";""
"202400044604";"155703241";"B01";"3";"7";"0";"2";"8";"15";"1";""
"202400044605";"155703237";"A01";"1";"15";"5";"2";"6";"13";"0";""
"202400044605";"155703238";"B01";"1";"7";"0";"2";"3";"1";"1";""
"202400044606";"155703233";"A01";"3";"10";"8";"0";"2";"14";"1";""
"202400044607";"155703231";"B01";"1";"34";"0";"2";"1";"1";"1";""
"202400044607";"155703235";"A01";"1";"32";"0";"2";"7";"16";"1";""
"202400044608";"155703232";"A01";"3";"7";"0";"2";"4";"2";"1";""
"202400044608";"155703234";"B01";"1";"31";"0";"2";"4";"23";"1";""
"202400044608";"155703236";"C01";"1";"7";"0";"2";"2";"2";"1";""
"202400044609";"155703230";"A01";"3";"7";"2";"0";"3";"13";"1";""
"202400044610";"155703228";"A01";"3";"7";"0";"1";"1";"2";"2";""
"202400044611";"155703226";"A01";"1";"7";"14";"2";"8";"6";"1";""
"202400044611";"155703227";"C01";"1";"7";"0";"2";"8";"2";"1";""
"202400044611";"155703229";"B01";"1";"10";"0";"2";"6";"0";"3";""
"202400044612";"155703225";"A01";"2";"2";"9";"0";"7";"1";"1";""
"202400044613";"155703223";"B01";"1";"7";"0";"2";"8";"1";"1";""
"202400044613";"155703224";"A01";"1";"2";"12";"2";"8";"17";"1";""
"202400044614";"155703221";"A01";"1";"7";"2";"0";"7";"1";"1";""
"202400044615";"155703218";"A01";"1";"7";"0";"1";"1";"0";"1";""
"202400044616";"155703219";"B01";"2";"7";"13";"2";"3";"1";"1";""
"202400044616";"155703220";"C01";"1";"13";"0";"2";"2";"1";"1";""
"202400044616";"155703222";"A01";"1";"7";"0";"0";"0";"26";"1";""
"202400044617";"155703217";"A01";"1";"7";"0";"1";"2";"19";"1";""
"202400044618";"155703215";"A01";"1";"7";"1";"0";"1";"26";"1";""
"202400044619";"155703214";"A01";"1";"10";"0";"2";"3";"13";"1";""
"202400044619";"155703216";"B01";"2";"7";"0";"2";"3";"1";"1";""
"202400044620";"155703212";"A01";"2";"7";"0";"0";"4";"2";"1";""
"202400044620";"155703213";"B01";"2";"33";"0";"0";"1";"2";"1";""
"202400044621";"155703210";"A01";"1";"3";"0";"2";"1";"2";"1";""
"202400044621";"155703211";"B01";"1";"7";"0";"2";"4";"2";"1";""
"202400044622";"155703209";"A01";"2";"1";"0";"0";"1";"1";"5";""
"202400044623";"155703208";"A01";"1";"7";"14";"0";"3";"11";"1";""
"202400044624";"155703207";"A01";"3";"7";"0";"1";"1";"26";"1";""
"202400044625";"155703203";"B01";"2";"1";"0";"0";"4";"1";"5";""
"202400044625";"155703205";"A01";"2";"7";"0";"2";"2";"1";"1";""
"202400044626";"155703204";"A01";"1";"7";"0";"2";"0";"1";"1";""
"202400044626";"155703206";"B01";"2";"21";"0";"2";"6";"11";"0";""
"202400044627";"155703201";"B01";"1";"50";"0";"2";"0";"0";"3";""
"202400044627";"155703202";"A01";"1";"15";"0";"2";"3";"1";"1";""
"202400044628";"155703199";"A01";"2";"7";"7";"0";"1";"1";"1";""
"202400044629";"155703197";"A01";"1";"50";"8";"0";"1";"1";"3";""
"202400044630";"155703195";"A01";"2";"31";"0";"2";"1";"1";"1";""
"202400044630";"155703198";"B01";"1";"7";"0";"9";"6";"1";"1";""
"202400044630";"155703200";"C01";"1";"7";"0";"2";"2";"1";"2";""
"202400044631";"155703194";"A01";"3";"7";"0";"0";"2";"0";"1";""
"202400044631";"155703196";"B01";"3";"7";"0";"0";"1";"0";"1";""
"202400044632";"155703192";"A01";"2";"7";"0";"1";"2";"1";"1";""
"202400044633";"155703191";"A01";"3";"7";"0";"2";"2";"1";"1";""
"202400044633";"155703193";"B01";"3";"7";"0";"2";"1";"1";"1";""
"202400044634";"155703189";"A01";"2";"7";"0";"2";"2";"13";"1";""
"202400044634";"155703190";"B01";"1";"7";"3";"2";"1";"1";"1";""
"202400044635";"155703185";"A01";"2";"7";"3";"0";"1";"0";"3";""
"202400044636";"155703183";"C01";"1";"7";"0";"2";"1";"0";"1";""
"202400044636";"155703184";"B01";"1";"7";"0";"2";"1";"0";"1";""
"202400044636";"155703187";"A01";"1";"7";"0";"2";"4";"23";"1";""
"202400044637";"155703181";"A01";"0";"7";"2";"0";"0";"1";"1";""
"202400044638";"155703182";"A01";"1";"7";"0";"0";"4";"23";"2";""
"202400044638";"155703186";"B01";"1";"10";"1";"0";"1";"1";"1";""
"202400044639";"155703179";"A01";"0";"1";"0";"0";"0";"25";"5";""
"202400044640";"155703178";"B01";"3";"33";"0";"2";"7";"1";"1";""
"202400044640";"155703180";"A01";"3";"7";"0";"2";"7";"9";"3";""
"202400044641";"155703177";"A01";"1";"7";"2";"0";"3";"14";"1";""
"202400044642";"155703175";"A01";"1";"21";"0";"2";"2";"16";"1";""
"202400044642";"155703176";"B01";"1";"1";"0";"2";"8";"19";"5";""
"202400044643";"155703174";"A01";"1";"7";"0";"0";"1";"1";"1";""
"202400044644";"155703173";"A01";"1";"13";"0";"1";"1";"15";"1";""
"202400044645";"155703172";"A01";"1";"7";"14";"0";"1";"1";"1";""
"202400044646";"155703170";"B01";"1";"33";"7";"0";"3";"1";"1";""
"202400044647";"155703171";"A01";"1";"7";"0";"1";"3";"15";"1";""
"202400044648";"155703167";"B01";"2";"1";"0";"2";"4";"2";"5";""
"202400044648";"155703169";"A01";"2";"7";"0";"2";"2";"2";"1";""
"202400044649";"155703165";"A01";"3";"7";"0";"2";"1";"17";"0";""
"202400044649";"155703166";"B01";"3";"7";"0";"2";"3";"1";"1";""
"202400044649";"155703168";"C01";"3";"7";"0";"2";"6";"1";"1";""
"202400044650";"155703164";"A01";"2";"7";"0";"1";"1";"1";"1";""
"202400044651";"155703163";"A01";"3";"7";"0";"1";"1";"15";"1";""
"202400044652";"155703161";"A01";"2";"7";"0";"2";"6";"10";"1";""
"202400044652";"155703162";"B01";"1";"33";"0";"2";"1";"2";"1";""
"202400044653";"155703157";"A01";"3";"2";"0";"2";"1";"17";"1";""
"202400044653";"155703159";"B01";"3";"7";"0";"2";"3";"1";"1";""
"202400044654";"155703158";"A01";"1";"7";"0";"2";"7";"15";"1";""
"202400044654";"155703160";"B01";"2";"7";"0";"2";"2";"1";"1";""
"202400044655";"155703155";"A01";"3";"7";"0";"2";"3";"1";"1";""
"202400044655";"155703156";"B01";"3";"2";"0";"2";"1";"1";"1";""
"202400044656";"155703154";"Z01";"1";"0";"0";"1";"1";"1";"0";""
"202400044657";"155703152";"A01";"3";"7";"0";"2";"1";"1";"1";""
"202400044657";"155703153";"B01";"3";"7";"0";"2";"4";"1";"1";""
"202400044658";"155703151";"A01";"2";"7";"2";"0";"1";"1";"1";""
"202400044659";"155703148";"A01";"1";"21";"0";"2";"6";"15";"1";""
"202400044659";"155703149";"B01";"1";"33";"0";"2";"1";"17";"1";""
"202400044660";"155703147";"B01";"1";"50";"0";"2";"7";"26";"3";""
"202400044660";"155703150";"A01";"3";"7";"0";"2";"1";"1";"2";""
"202400044661";"155703146";"A01";"2";"7";"2";"0";"1";"13";"1";""
"202400044662";"155703144";"A01";"0";"7";"0";"2";"6";"9";"1";""
"202400044662";"155703145";"B01";"0";"50";"0";"2";"1";"1";"3";""
"202400044663";"155703142";"A01";"2";"7";"0";"0";"8";"19";"1";""
"202400044663";"155703143";"B01";"2";"7";"0";"2";"1";"1";"1";""
"202400044664";"155703140";"B01";"2";"7";"0";"2";"8";"1";"1";""
"202400044664";"155703141";"A01";"1";"7";"0";"2";"1";"9";"1";""
"202400044665";"155703139";"A01";"1";"7";"0";"1";"1";"1";"1";""
"202400044666";"155703138";"A01";"2";"7";"0";"1";"3";"15";"1";""
"202400044667";"155703137";"A01";"1";"7";"9";"0";"1";"6";"1";""
"202400044668";"155703135";"A01";"1";"7";"2";"0";"1";"1";"1";""
"202400044669";"155703132";"A01";"1";"7";"0";"2";"1";"1";"1";""
"202400044669";"155703133";"B01";"1";"7";"0";"0";"1";"1";"1";""
"202400044669";"155703134";"C01";"1";"7";"0";"2";"1";"1";"1";""
"202400044669";"155703136";"D01";"1";"7";"0";"2";"4";"1";"1";""
"202400044670";"155703129";"A01";"1";"7";"0";"9";"1";"1";"1";""
"202400044670";"155703130";"B01";"2";"1";"0";"2";"1";"1";"5";""
"202400044670";"155703131";"C01";"2";"1";"0";"0";"1";"1";"5";""
"202400044671";"155703127";"B01";"1";"7";"0";"1";"1";"1";"1";""
"202400044671";"155703128";"A01";"1";"7";"0";"2";"1";"1";"1";""
"202400044672";"155703125";"B01";"2";"7";"0";"2";"2";"15";"1";""
"202400044672";"155703126";"A01";"2";"7";"0";"2";"1";"1";"2";""
"202400044673";"155703124";"A01";"1";"10";"0";"1";"1";"21";"1";""
"202400044674";"155703123";"A01";"2";"7";"11";"0";"1";"1";"2";""
"202400044675";"155703122";"A01";"3";"7";"0";"1";"1";"1";"1";""
"202400044676";"155703119";"A01";"3";"37";"0";"1";"5";"15";"1";"1"
"202400044677";"155703116";"A01";"2";"7";"0";"1";"3";"1";"1";""
"202400044678";"155703115";"B01";"2";"1";"0";"2";"4";"1";"5";""
"202400044678";"155703117";"A01";"2";"7";"0";"9";"0";"0";"0";""
"202400044679";"155703114";"A01";"2";"7";"2";"0";"3";"1";"1";""
"202400044680";"155703113";"A01";"1";"7";"0";"1";"2";"1";"1";""
"202400044681";"155703110";"A01";"2";"10";"0";"0";"5";"15";"1";""
"202400044681";"155703112";"B01";"2";"7";"0";"2";"3";"1";"1";""
"202400044682";"155703107";"B01";"2";"33";"0";"2";"1";"1";"1";""
"202400044682";"155703108";"A01";"2";"7";"0";"2";"7";"19";"1";""
"202400044683";"155703104";"A01";"3";"7";"0";"2";"3";"9";"1";""
"202400044683";"155703105";"B01";"3";"32";"0";"2";"1";"1";"1";""
"202400044684";"155703106";"A01";"1";"7";"0";"2";"3";"2";"1";""
"202400044684";"155703109";"C01";"1";"7";"0";"2";"6";"1";"1";""
"202400044684";"155703111";"B01";"1";"7";"0";"2";"4";"23";"1";""
"202400044685";"155703103";"A01";"2";"7";"9";"0";"2";"1";"2";""
"202400044686";"155703100";"A01";"0";"7";"0";"2";"1";"5";"1";""
"202400044686";"155703102";"B01";"0";"7";"0";"2";"1";"1";"1";""
"202400044687";"155703099";"A01";"2";"7";"0";"2";"3";"1";"1";""
"202400044687";"155703101";"B01";"1";"7";"0";"2";"3";"1";"1";""
"202400044688";"155703096";"A01";"0";"7";"0";"1";"4";"4";"1";""
"202400044689";"155703097";"A01";"3";"10";"0";"2";"2";"14";"3";""
"202400044689";"155703098";"B01";"3";"1";"0";"2";"1";"1";"5";""
"202400044690";"155703094";"B01";"3";"1";"0";"0";"4";"1";"5";""
"202400044690";"155703095";"A01";"3";"0";"0";"2";"0";"1";"0";""
"202400044691";"155703093";"A01";"1";"7";"0";"1";"8";"1";"1";""
"202400044692";"155703091";"A01";"3";"10";"0";"2";"2";"1";"1";""
"202400044692";"155703092";"B01";"0";"7";"0";"2";"6";"1";"1";""
"202400044693";"155703087";"A01";"2";"33";"0";"2";"9";"7";"1";""
"202400044693";"155703088";"B01";"2";"7";"0";"2";"7";"1";"1";""
"202400044694";"155703085";"A01";"1";"7";"0";"2";"4";"11";"0";""
"202400044694";"155703086";"B01";"1";"7";"0";"2";"1";"1";"1";""
"202400044695";"155703083";"B01";"2";"17";"0";"2";"4";"1";"1";""
"202400044695";"155703084";"A01";"2";"14";"0";"2";"1";"1";"1";""
"202400044696";"155703082";"A01";"3";"7";"0";"1";"1";"0";"0";""
"202400044697";"155703081";"A01";"1";"10";"0";"0";"1";"1";"0";""
"202400044698";"155703079";"A01";"2";"7";"0";"2";"1";"2";"1";""
"202400044698";"155703080";"B01";"2";"7";"0";"2";"4";"1";"1";""
"202400044699";"155703075";"A01";"0";"14";"0";"2";"3";"15";"1";""
"202400044699";"155703076";"B01";"3";"1";"0";"2";"0";"0";"5";""