"Num_Acc";"id_vehicule";"num_veh";"senc";"catv";"obs";"obsm";"choc";"manv";"motor";"occutc"
"202400044700";"155703074";"A01";"2";"10";"0";"1";"1";"15";"1";""
"202400044701";"155703072";"A01";"3";"7";"0";"2";"3";"1";"1";""
"202400044701";"155703073";"B01";"3";"7";"0";"0";"7";"19";"2";""
"202400044702";"155703071";"A01";"0";"2";"0";"0";"0";"1";"1";""
"202400044703";"155703069";"A01";"3";"7";"0";"2";"2";"15";"1";""
"202400044703";"155703070";"B01";"3";"2";"0";"2";"1";"1";"1";""
"202400044704";"155703066";"A01";"1";"7";"0";"2";"1";"2";"1";""
"202400044704";"155703067";"B01";"1";"7";"0";"2";"4";"2";"1";""
"202400044704";"155703068";"C01";"1";"7";"0";"2";"4";"2";"2";""
"202400044705";"155703064";"A01";"1";"10";"0";"2";"1";"1";"1";""
"202400044705";"155703065";"B01";"1";"7";"0";"2";"4";"15";"1";""
"202400044706";"155703063";"A01";"1";"10";"0";"1";"1";"1";"1";""
"202400044707";"155703061";"A01";"2";"7";"0";"2";"3";"9";"1";""
"202400044707";"155703062";"B01";"3";"50";"0";"2";"0";"0";"3";""
"202400044708";"155703059";"B01";"2";"1";"0";"2";"7";"19";"5";""
"202400044708";"155703060";"A01";"2";"10";"0";"2";"1";"1";"3";""
"202400044709";"155703058";"B01";"3";"1";"0";"0";"0";"21";"5";""
"202400044710";"155703057";"A01";"3";"7";"0";"1";"1";"1";"1";""
"202400044711";"155703056";"A01";"2";"10";"0";"1";"2";"1";"1";""
"202400044712";"155703054";"A01";"1";"7";"0";"2";"4";"23";"1";""
"202400044712";"155703055";"B01";"1";"50";"0";"2";"1";"2";"3";""
"202400044713";"155703053";"A01";"2";"7";"0";"1";"2";"17";"1";""
"202400044714";"155703052";"A01";"2";"7";"0";"1";"2";"1";"1";""
"202400044715";"155703051";"A01";"3";"7";"8";"0";"1";"13";"0";""
"202400044716";"155703049";"B01";"3";"7";"0";"2";"4";"2";"1";""
"202400044716";"155703050";"A01";"3";"7";"0";"2";"1";"2";"1";""
"202400044717";"155703048";"A01";"3";"7";"0";"2";"1";"1";"1";""
"202400044718";"155703046";"A01";"1";"10";"0";"2";"7";"1";"1";""
"202400044718";"155703047";"B01";"2";"7";"0";"2";"1";"1";"1";""
"202400044719";"155703044";"A01";"1";"7";"0";"2";"3";"15";"1";""
"202400044719";"155703045";"B01";"1";"30";"0";"2";"3";"1";"1";""
"202400044720";"155703042";"A01";"2";"7";"0";"2";"6";"1";"1";""
"202400044720";"155703043";"B01";"2";"7";"0";"2";"1";"1";"1";""
"202400044721";"155703041";"A01";"3";"7";"0";"1";"1";"1";"1";""
"202400044722";"155703039";"A01";"1";"7";"0";"2";"3";"26";"2";""
"202400044722";"155703040";"B01";"1";"50";"0";"2";"1";"5";"3";""
"202400044723";"155703037";"B01";"3";"7";"0";"2";"1";"1";"1";""
"202400044723";"155703038";"A01";"3";"7";"0";"2";"1";"13";"1";""
"202400044724";"155703035";"B01";"3";"7";"0";"2";"2";"15";"1";""
"202400044724";"155703036";"A01";"3";"33";"0";"2";"1";"1";"1";""
"202400044725";"155703034";"A01";"1";"7";"0";"1";"3";"16";"1";""
"202400044726";"155703032";"A01";"3";"7";"0";"2";"1";"0";"1";""
"202400044726";"155703033";"B01";"3";"7";"0";"2";"4";"2";"1";""
"202400044727";"155703029";"A01";"1";"7";"0";"2";"1";"0";"2";""
"202400044727";"155703030";"B01";"1";"7";"0";"2";"1";"0";"1";""
"202400044728";"155703027";"B01";"2";"10";"0";"2";"3";"15";"6";""
"202400044728";"155703028";"A01";"1";"32";"0";"2";"1";"7";"1";""
"202400044729";"155703025";"B01";"2";"80";"0";"2";"4";"2";"3";""
"202400044729";"155703026";"A01";"3";"10";"0";"9";"2";"2";"3";""
"202400044730";"155703023";"A01";"0";"7";"0";"2";"3";"15";"1";""
"202400044730";"155703024";"B01";"0";"80";"0";"2";"1";"1";"3";""
"202400044731";"155703021";"A01";"1";"34";"0";"2";"1";"17";"1";""
"202400044731";"155703022";"B01";"1";"7";"0";"2";"8";"1";"2";""
"202400044732";"155703018";"A01";"2";"7";"6";"2";"1";"13";"1";""
"202400044733";"155703016";"B01";"1";"7";"0";"2";"3";"13";"1";""
"202400044733";"155703017";"A01";"2";"7";"0";"2";"3";"1";"2";""
"202400044734";"155703011";"C01";"1";"7";"0";"2";"4";"23";"1";""
"202400044734";"155703012";"B01";"1";"7";"0";"2";"4";"2";"1";""
"202400044734";"155703014";"A01";"1";"7";"0";"2";"1";"1";"1";""
"202400044734";"155703015";"D01";"1";"7";"0";"2";"4";"23";"1";""
"202400044735";"155703010";"A01";"1";"7";"0";"2";"1";"1";"1";""
"202400044735";"155703013";"B01";"1";"7";"0";"0";"4";"1";"1";""
"202400044736";"155703009";"A01";"1";"7";"8";"0";"3";"2";"1";""
"202400044737";"155703008";"A01";"2";"7";"13";"0";"1";"0";"1";""
"202400044738";"155703006";"A01";"3";"7";"0";"1";"1";"1";"1";""
"202400044739";"155703003";"A01";"3";"7";"1";"0";"3";"16";"1";""
"202400044739";"155703004";"B01";"2";"7";"0";"2";"1";"1";"1";""
"202400044740";"155703001";"A01";"2";"30";"0";"1";"1";"1";"1";""
"202400044741";"155703000";"A01";"1";"10";"15";"2";"1";"1";"1";""
"202400044741";"155703002";"B01";"1";"7";"15";"2";"8";"1";"1";""
"202400044742";"155702994";"A01";"1";"7";"0";"9";"1";"1";"1";""
"202400044742";"155702996";"B01";"2";"1";"0";"2";"8";"19";"5";""
"202400044743";"155702993";"D01";"1";"7";"0";"9";"1";"1";"1";""
"202400044743";"155702995";"E01";"1";"7";"0";"9";"1";"1";"1";""
"202400044743";"155702997";"A01";"1";"10";"4";"0";"1";"1";"0";""
"202400044743";"155702998";"C01";"1";"7";"0";"9";"1";"1";"1";""
"202400044743";"155702999";"B01";"1";"7";"0";"9";"9";"1";"1";""
"202400044744";"155702990";"B01";"2";"10";"0";"9";"1";"9";"1";""
"202400044744";"155702992";"A01";"2";"80";"0";"2";"7";"1";"3";""
"202400044745";"155702989";"B01";"1";"7";"0";"2";"4";"23";"1";""
"202400044745";"155702991";"A01";"1";"10";"0";"2";"1";"1";"1";""
"202400044746";"155702987";"A01";"1";"7";"0";"1";"2";"1";"1";""
"202400044747";"155702986";"A01";"2";"7";"0";"0";"6";"23";"1";""
"202400044747";"155702988";"B01";"2";"31";"0";"2";"1";"1";"1";""
"202400044748";"155702984";"A01";"2";"7";"0";"1";"3";"16";"1";""
"202400044749";"155702983";"A01";"2";"33";"0";"9";"1";"1";"1";""
"202400044749";"155702985";"B01";"1";"7";"0";"2";"8";"19";"0";""
"202400044750";"155702982";"A01";"2";"7";"8";"0";"1";"13";"1";""
"202400044751";"155702981";"A01";"1";"2";"0";"0";"7";"14";"1";""
"202400044752";"155702978";"C01";"2";"33";"0";"2";"4";"1";"1";""
"202400044752";"155702979";"A01";"2";"33";"0";"2";"1";"2";"1";""
"202400044752";"155702980";"B01";"2";"33";"0";"2";"4";"2";"1";""
"202400044753";"155702977";"A01";"2";"7";"2";"0";"3";"1";"3";""
"202400044754";"155702973";"A01";"1";"10";"0";"2";"1";"2";"1";""
"202400044754";"155702974";"C01";"1";"10";"0";"2";"4";"2";"1";""
"202400044754";"155702976";"B01";"1";"7";"0";"2";"4";"2";"2";""
"202400044755";"155702972";"A01";"1";"33";"0";"2";"1";"12";"1";""
"202400044755";"155702975";"B01";"2";"7";"0";"2";"6";"1";"1";""
"202400044756";"155702971";"A01";"2";"1";"0";"0";"0";"1";"5";""
"202400044757";"155702970";"A01";"2";"7";"8";"0";"2";"1";"1";""
"202400044758";"155702969";"A01";"1";"34";"0";"1";"1";"18";"3";""
"202400044759";"155702967";"A01";"2";"7";"0";"2";"2";"13";"1";""
"202400044759";"155702968";"B01";"1";"7";"0";"2";"2";"1";"1";""
"202400044760";"155702966";"A01";"1";"33";"0";"0";"2";"1";"1";""
"202400044761";"155702963";"B01";"1";"1";"0";"2";"3";"1";"5";""
"202400044761";"155702965";"A01";"2";"50";"0";"2";"3";"15";"3";""
"202400044762";"155702962";"A01";"2";"7";"0";"2";"1";"1";"1";""
"202400044762";"155702964";"B01";"2";"7";"0";"2";"1";"15";"1";""
"202400044763";"155702960";"Z01";"1";"7";"0";"2";"0";"2";"1";""
"202400044763";"155702961";"A01";"1";"1";"0";"2";"4";"23";"5";""
"202400044764";"155702959";"A01";"1";"1";"0";"1";"1";"1";"5";""
"202400044765";"155702957";"A01";"2";"1";"0";"1";"1";"1";"5";""
"202400044766";"155702956";"A01";"3";"7";"0";"2";"1";"13";"1";""
"202400044766";"155702958";"B01";"3";"7";"0";"2";"1";"1";"1";""
"202400044767";"155702955";"A01";"1";"7";"0";"1";"2";"1";"1";""
"202400044768";"155702953";"A01";"1";"7";"0";"2";"3";"1";"1";""
"202400044768";"155702954";"B01";"2";"7";"0";"2";"3";"1";"1";""
"202400044769";"155702952";"A01";"1";"30";"0";"0";"0";"1";"1";""
"202400044770";"155702951";"A01";"0";"7";"15";"0";"1";"1";"1";""
"202400044771";"155702949";"A01";"1";"7";"0";"2";"3";"15";"1";""
"202400044771";"155702950";"B01";"1";"1";"0";"0";"7";"1";"5";""
"202400044772";"155702948";"A01";"2";"33";"13";"0";"1";"1";"1";""
"202400044773";"155702945";"B01";"1";"7";"8";"2";"3";"1";"1";""
"202400044773";"155702947";"A01";"1";"2";"8";"2";"3";"17";"1";""
"202400044774";"155702944";"A01";"2";"7";"0";"2";"3";"17";"1";""
"202400044774";"155702946";"B01";"1";"2";"0";"2";"1";"1";"1";""
"202400044775";"155702943";"A01";"1";"1";"0";"0";" -1";"1";"5";""
"202400044776";"155702941";"A01";"3";"7";"0";"2";"8";"0";"1";""
"202400044776";"155702942";"B01";"3";"7";"0";"2";"2";"0";"1";""
"202400044777";"155702939";"B01";"2";"1";"8";"2";"0";"0";"5";""
"202400044777";"155702940";"A01";"2";"33";"8";"2";"0";"0";"1";""
"202400044778";"155702938";"A01";"3";"7";"0";"1";"2";"17";"1";""
"202400044779";"155702935";"A01";"2";"1";"0";"0";"8";"1";"5";""
"202400044779";"155702937";"Z01";"2";"1";"0";"2";"1";"17";"5";""
"202400044780";"155702934";"A01";"2";"7";"0";"2";"3";"5";"1";""
"202400044780";"155702936";"B01";"1";"7";"0";"2";"3";"1";"1";""
"202400044781";"155702932";"A01";"2";"15";"3";"0";"2";"1";"1";""
"202400044782";"155702931";"B01";"1";"7";"0";"2";"4";"0";"1";""
"202400044782";"155702933";"A01";"1";"10";"0";"2";"1";"26";"1";""
"202400044783";"155702930";"A01";"1";"7";"0";"1";"7";"15";"3";""
"202400044784";"155702929";"A01";"2";"7";"0";"0";"0";"19";"1";""
"202400044785";"155702927";"A01";"1";"33";"0";"6";"1";"17";"1";""
"202400044786";"155702924";"A01";"1";"10";"0";"2";"4";"23";"1";""
"202400044786";"155702926";"B01";"1";"10";"1";"0";"2";"21";"1";""
"202400044787";"155702923";"A01";"1";"7";"0";"2";"2";"1";"1";""
"202400044787";"155702925";"B01";"1";"10";"0";"2";"6";"11";"1";""
"202400044788";"155702921";"A01";"1";"33";"0";"6";"1";"1";"1";""
"202400044789";"155702920";"B01";"2";"50";"0";"2";"1";"1";"3";""
"202400044789";"155702922";"A01";"1";"1";"0";"2";"1";"25";"5";""
"202400044790";"155702917";"B01";"1";"1";"0";"0";"4";"1";"5";""
"202400044790";"155702919";"A01";"1";"10";"0";"2";"2";"2";"1";""
"202400044791";"155702916";"B01";"3";"7";"0";"2";"1";"2";"1";""
"202400044791";"155702918";"A01";"3";"15";"0";"2";"4";"26";"1";""
"202400044792";"155702914";"B01";"1";"7";"2";"2";"0";"1";"1";""
"202400044792";"155702915";"A01";"1";"7";"2";"2";"0";"17";"1";""
"202400044793";"155702913";"A01";"2";"7";"0";"0";"2";"0";"1";""
"202400044794";"155702909";"B01";"3";"7";"0";"2";"3";"1";"1";""
"202400044794";"155702911";"C01";"3";"7";"0";"2";"1";"1";"1";""
"202400044794";"155702912";"A01";"3";"7";"0";"2";"3";"1";"1";""
"202400044795";"155702910";"A01";"1";"7";"3";"0";"1";"14";"1";""
"202400044796";"155702908";"A01";"1";"7";"0";"1";"1";"1";"1";""
"202400044797";"155702905";"A01";"1";"7";"0";"1";"1";"1";"1";""
"202400044798";"155702903";"B01";"0";"37";"0";"1";"0";"15";"1";"1"
"202400044798";"155702907";"A01";"0";"0";"0";"2";"0";"19";"5";""
"202400044799";"155702904";"B01";"1";"2";"0";"2";"8";"1";"1";""
"202400044799";"155702906";"A01";"1";"2";"0";"0";"7";"1";"1";""
"202400044800";"155702900";"B01";"1";"1";"0";"2";"1";"13";"5";""
"202400044800";"155702902";"A01";"2";"10";"0";"2";"6";"1";"1";""
"202400044801";"155702898";"A01";"1";"30";"0";"2";"8";"1";"1";""
"202400044801";"155702901";"B01";"1";"7";"0";"2";"8";"0";"0";""
"202400044802";"155702897";"A01";"1";"7";"0";"2";"1";"15";"0";""
"202400044802";"155702899";"B01";"2";"33";"0";"2";"1";"1";"1";""
"202400044803";"155702895";"A01";"3";"7";"0";"2";"3";"21";"1";""
"202400044803";"155702896";"B01";"3";"2";"0";"2";"1";"1";"1";""
"202400044804";"155702893";"A01";"3";"7";"6";"1";"2";"14";"1";""
"202400044805";"155702894";"A01";"3";"7";"0";"1";"2";"16";"1";""
"202400044806";"155702891";"A01";"1";"10";"0";"2";"3";"13";"1";""
"202400044806";"155702892";"B01";"2";"7";"0";"2";"3";"1";"1";""
"202400044807";"155702889";"A01";"3";"32";"0";"0";"7";"1";"1";""
"202400044808";"155702887";"A01";"2";"31";"0";"9";"1";"1";"1";""
"202400044809";"155702886";"B01";"2";"10";"0";"2";"1";"1";"1";""
"202400044809";"155702888";"A01";"1";"7";"0";"2";"3";"1";"3";""
"202400044809";"155702890";"C01";"2";"7";"0";"2";"6";"1";"1";""
"202400044810";"155702880";"D01";"2";"10";"0";"0";"4";"2";"1";""
"202400044810";"155702882";"A01";"2";"7";"0";"2";"1";"2";"1";""
"202400044810";"155702884";"B01";"2";"7";"0";"2";"4";"2";"1";""
"202400044810";"155702885";"C01";"2";"7";"0";"2";"4";"2";"1";""
"202400044811";"155702881";"B01";"1";"10";"0";"1";"1";"24";"1";""
"202400044811";"155702883";"A01";"1";"7";"1";"1";"1";"1";"1";""
"202400044812";"155702878";"A01";"0";"7";"0";"2";"3";"9";"1";""
"202400044812";"155702879";"B01";"0";"38";"0";"2";"2";"7";"1";"2"
"202400044813";"155702877";"A01";"2";"7";"13";"9";"1";"13";"1";""
"202400044814";"155702876";"A01";"0";"50";"0";"0";"0";"0";"3";""
"202400044815";"155702873";"A01";"2";"10";"12";"0";"1";"0";"1";""
"202400044816";"155702872";"A01";"1";"7";"0";"2";"1";"19";"1";""
"202400044816";"155702875";"B01";"1";"7";"0";"2";"4";"1";"1";""
"202400044817";"155702871";"A01";"1";"10";"0";"2";"3";"13";"1";""
"202400044817";"155702874";"B01";"2";"7";"0";"2";"3";"1";"1";""
"202400044818";"155702870";"A01";"1";"1";"0";"0";"0";"21";"5";""
"202400044819";"155702867";"A01";"2";"33";"16";"0";"7";"1";"1";""
"202400044820";"155702868";"A01";"0";"33";"12";"0";"0";"16";"1";""
"202400044820";"155702869";"B01";"0";"7";"0";"2";"0";"0";"1";""
"202400044821";"155702865";"B01";"1";"7";"0";"2";"8";"15";"1";""
"202400044821";"155702866";"A01";"1";"31";"0";"2";"1";"17";"1";""
"202400044822";"155702864";"A01";"3";"30";"0";"0";"7";"1";"3";""
"202400044823";"155702863";"A01";"1";"7";"8";"0";"1";"1";"2";""
"202400044824";"155702861";"A01";"3";"7";"0";"1";"1";"0";"1";""
"202400044825";"155702860";"A01";"2";"7";"0";"2";"1";"5";"0";""
"202400044825";"155702862";"B01";"1";"10";"0";"2";"1";"1";"1";""
"202400044826";"155702859";"A01";"1";"7";"2";"0";"1";"1";"1";""
"202400044827";"155702858";"A01";"3";"7";"0";"0";"0";"9";"1";""
"202400044828";"155702857";"A01";"2";"15";"4";"0";"0";"0";"1";""
"202400044829";"155702856";"A01";"2";"7";"13";"0";"2";"1";"1";""
"202400044830";"155702854";"A01";"3";"37";"0";"2";"1";"21";"1";"1"
"202400044830";"155702855";"B01";"3";"32";"0";"2";"0";"0";"0";""
"202400044831";"155702853";"A01";"1";"7";"4";"0";"1";"1";"2";""
"202400044832";"155702852";"A01";"2";"33";"0";"1";"1";"1";"1";""
"202400044833";"155702847";"B01";"2";"7";"0";"2";"1";"1";"1";""
"202400044833";"155702849";"A01";"1";"7";"0";"2";"1";"1";"2";""
"202400044834";"155702848";"A01";"1";"7";"3";"2";"1";"1";"1";""
"202400044834";"155702850";"B01";"1";"7";"3";"2";"4";"2";"1";""
"202400044835";"155702846";"A01";"1";"33";"0";"0";"0";"17";"1";""
"202400044836";"155702844";"A01";"2";"10";"0";"1";"2";"1";"1";""
"202400044837";"155702842";"A01";"2";"7";"4";"0";"4";"26";"1";""
"202400044837";"155702845";"Z01";"2";"10";"0";"2";"1";"2";"0";""
"202400044838";"155702841";"A01";"1";"7";"0";"2";"1";"15";"1";""
"202400044838";"155702843";"B01";"2";"7";"0";"2";"1";"1";"1";""
"202400044839";"155702839";"B01";"2";"33";"0";"2";"1";"1";"1";""
"202400044839";"155702840";"A01";"1";"7";"0";"2";"3";"15";"1";""
"202400044840";"155702838";"A01";"3";"7";"0";"1";"1";"1";"1";""
"202400044841";"155702835";"A01";"3";"50";"0";"0";"0";"1";"3";""
"202400044841";"155702836";"B01";"3";"7";"0";"0";"0";"1";"0";""
"202400044842";"155702833";"A01";"1";"7";"13";"0";"9";"1";"1";""
"202400044843";"155702831";"A01";"2";"10";"0";"1";"3";"1";"1";""
"202400044844";"155702832";"B01";"1";"10";"0";"2";"9";"2";"1";""
"202400044844";"155702834";"A01";"1";"7";"0";"2";"1";"2";"1";""
"202400044844";"155702837";"C01";"1";"7";"0";"2";"4";"2";"1";""
"202400044845";"155702829";"A01";"2";"7";"0";"2";"2";"13";"1";""
"202400044845";"155702830";"B01";"1";"7";"0";"2";"2";"1";"1";""
"202400044846";"155702826";"B01";"1";"7";"0";"2";"1";"1";"1";""
"202400044846";"155702828";"A01";"2";"7";"0";"2";"2";"15";"1";""
"202400044847";"155702824";"A01";"3";"7";"6";"0";"1";"0";"1";""
"202400044848";"155702823";"A01";"2";"7";"0";"2";"1";"2";"1";""
"202400044848";"155702825";"B01";"2";"7";"0";"2";"9";"2";"1";""
"202400044848";"155702827";"C01";"2";"7";"0";"2";"4";"2";"1";""
"202400044849";"155702820";"A01";"2";"10";"3";"2";"1";"2";"1";""
"202400044849";"155702822";"B01";"2";"7";"0";"0";"4";"2";"1";""
"202400044850";"155702819";"A01";"1";"7";"0";"0";"0";"16";"1";""
"202400044851";"155702818";"B01";"2";"2";"0";"2";"1";"1";"1";""
"202400044851";"155702821";"A01";"3";"7";"0";"0";"8";"9";"1";""
"202400044852";"155702810";"D01";"1";"7";"13";"0";"7";"21";"1";""
"202400044852";"155702812";"C01";"2";"7";"0";"2";"3";"1";"1";""
"202400044852";"155702816";"B01";"1";"7";"13";"2";"8";"1";"1";""
"202400044852";"155702817";"A01";"1";"7";"0";"2";"3";"11";"1";""
"202400044853";"155702811";"A01";"1";"7";"0";"0";"8";"19";"1";""
"202400044853";"155702814";"B01";"2";"7";"7";"2";"1";"1";"1";""
"202400044854";"155702809";"A01";"2";"7";"0";"2";"1";"3";"1";""
"202400044854";"155702813";"B01";"2";"7";"0";"2";"6";"1";"2";""
"202400044854";"155702815";"C01";"2";"7";"0";"2";"5";"1";"1";""
"202400044855";"155702808";"A01";"1";"33";"13";"0";"1";"1";"1";""
"202400044856";"155702806";"A01";"2";"10";"0";"2";"1";"2";"1";""
"202400044857";"155702802";"D01";"1";"7";"0";"0";"4";"1";"0";""
"202400044857";"155702804";"B01";"1";"7";"0";"2";"4";"1";"0";""
"202400044857";"155702805";"C01";"1";"7";"0";"2";"4";"23";"0";""
"202400044857";"155702807";"A01";"1";"7";"0";"2";"1";"1";"0";""
"202400044858";"155702803";"A01";"2";"33";"2";"0";"1";"0";"1";""
"202400044859";"155702798";"C01";"2";"7";"0";"2";"7";"1";"1";""
"202400044859";"155702800";"A01";"2";"33";"0";"2";"1";"3";"1";""
"202400044859";"155702801";"B01";"2";"7";"0";"2";"4";"12";"1";""
"202400044860";"155702797";"A01";"1";"7";"0";"2";"3";"13";"1";""
"202400044860";"155702799";"B01";"2";"15";"0";"2";"3";"21";"1";""
"202400044861";"155702795";"A01";"2";"7";"10";"0";"6";"24";"1";""
"202400044861";"155702796";"B01";"2";"7";"1";"0";"8";"1";"1";""
"202400044862";"155702794";"A01";"1";"30";"16";"0";"0";"1";"1";""
"202400044863";"155702789";"A01";"1";"7";"0";"2";"1";"2";"1";""
"202400044863";"155702793";"B01";"1";"7";"0";"2";"4";"2";"1";""
"202400044864";"155702790";"A01";"1";"33";"0";"2";"3";"1";"1";""
"202400044864";"155702792";"B01";"2";"1";"0";"2";"8";"1";"5";""
"202400044865";"155702788";"A01";"1";"7";"0";"1";"1";"1";"1";""
"202400044866";"155702785";"A01";"2";"43";"0";"2";"3";"3";"1";""
"202400044866";"155702787";"B01";"2";"7";"0";"2";"2";"2";"1";""
"202400044867";"155702784";"A01";"1";"7";"0";"1";"1";"1";"1";""
"202400044868";"155702783";"B01";"3";"7";"0";"0";"8";"15";"1";""
"202400044868";"155702786";"A01";"3";"7";"0";"0";"8";"15";"1";""
"202400044869";"155702782";"A01";"1";"7";"4";"0";"3";"2";"1";""
"202400044870";"155702781";"A01";"2";"7";"6";"0";"1";"1";"1";""
"202400044871";"155702780";"A01";"1";"33";"1";"0";"7";"14";"1";""
"202400044872";"155702777";"B01";"1";"7";"0";"2";"4";"1";"1";""
"202400044872";"155702779";"A01";"1";"7";"0";"2";"1";"1";"1";""
"202400044873";"155702776";"A01";"3";"1";"0";"2";"7";"15";"5";""
"202400044873";"155702778";"B01";"3";"7";"0";"9";"2";"1";"1";""
"202400044874";"155702773";"B01";"3";"7";"0";"2";"3";"0";"0";""
"202400044874";"155702775";"A01";"3";"2";"0";"2";"0";"0";"1";""
"202400044875";"155702771";"A01";"1";"7";"4";"0";"4";"23";"1";""
"202400044875";"155702774";"B01";"1";"7";"1";"0";"1";"2";"2";""
"202400044876";"155702768";"A01";"1";"7";"3";"0";"0";"0";"1";""
"202400044877";"155702767";"B01";"1";"15";"0";"2";"3";"1";"1";""
"202400044877";"155702769";"C01";"1";"15";"0";"2";"4";"23";"1";""
"202400044877";"155702770";"D01";"1";"14";"0";"2";"1";"2";"1";""
"202400044877";"155702772";"A01";"2";"7";"0";"2";"3";"13";"1";""
"202400044878";"155702765";"A01";"1";"33";"0";"2";"3";"2";"1";""
"202400044878";"155702766";"Z01";"2";"10";"0";"0";"0";"0";"0";""
"202400044879";"155702762";"B01";"1";"14";"0";"2";"2";"1";"1";""
"202400044879";"155702764";"A01";"2";"7";"0";"2";"1";"13";"3";""
"202400044880";"155702760";"A01";"1";"7";"0";"2";"8";"15";"0";""
"202400044880";"155702763";"B01";"1";"33";"0";"2";"7";"17";"1";""
"202400044881";"155702761";"A01";"1";"7";"4";"0";"1";"26";"1";""
"202400044882";"155702759";"A01";"2";"10";"6";"0";"1";"1";"1";""
"202400044883";"155702756";"A01";"2";"7";"4";"0";"1";"1";"1";""
"202400044884";"155702755";"A01";"1";"7";"0";"2";"1";"9";"0";""
"202400044884";"155702757";"B01";"1";"2";"0";"2";"1";"1";"0";""
"202400044885";"155702752";"A01";"0";"7";"0";"0";"3";"2";"1";""
"202400044885";"155702753";"B01";"0";"50";"0";"0";"1";"2";"3";""
"202400044886";"155702749";"A01";"2";"2";"0";"2";"0";"13";"1";""
"202400044886";"155702750";"B01";"1";"7";"0";"2";"3";"1";"0";""
"202400044887";"155702748";"A01";"2";"15";"0";"2";"2";"21";"1";""
"202400044887";"155702751";"B01";"2";"7";"0";"2";"4";"2";"1";""
"202400044887";"155702754";"C01";"2";"7";"0";"2";"4";"2";"1";""
"202400044887";"155702758";"D01";"2";"10";"0";"2";"5";"2";"1";""
"202400044888";"155702745";"A01";"2";"10";"8";"0";"1";"0";"1";""
"202400044889";"155702746";"A01";"3";"7";"0";"2";"1";"1";"1";""
"202400044889";"155702747";"B01";"3";"80";"0";"2";"7";"1";"3";""
"202400044890";"155702743";"A01";"1";"7";"0";"1";"1";"2";"1";""
"202400044891";"155702739";"A01";"1";"7";"0";"2";"1";"1";"1";""
"202400044891";"155702740";"B01";"1";"17";"0";"0";"4";"1";"1";""
"202400044892";"155702741";"A01";"2";"7";"0";"2";"0";"1";"1";""
"202400044892";"155702744";"B01";"1";"30";"0";"2";"0";"0";"1";""
"202400044893";"155702735";"A01";"3";"7";"0";"2";"8";"19";"1";""
"202400044893";"155702737";"B01";"2";"32";"0";"2";"1";"1";"1";""
"202400044894";"155702734";"B01";"1";"7";"0";"2";"3";"1";"1";""
"202400044894";"155702736";"C01";"1";"7";"8";"2";"3";"1";"1";""
"202400044894";"155702738";"A01";"2";"10";"0";"2";"3";"1";"1";""
"202400044895";"155702733";"A01";"3";"7";"13";"0";"3";"0";"1";""
"202400044896";"155702729";"A01";"1";"7";"0";"2";"3";"19";"1";""
"202400044896";"155702732";"B01";"2";"31";"0";"2";"1";"1";"1";""
"202400044897";"155702728";"A01";"3";"15";"0";"2";"1";"1";"6";""
"202400044897";"155702730";"B01";"3";"7";"0";"2";"1";"1";"6";""
"202400044898";"155702731";"A01";"1";"37";"0";"9";"1";"19";"1";"5"
"202400044899";"155702727";"A01";"2";"7";"2";"0";"9";"0";"2";""
"202400044900";"155702725";"A01";"1";"7";"0";"1";"2";"15";"1";""
"202400044901";"155702726";"A01";"1";"7";"0";"1";"2";"1";"1";""
"202400044902";"155702723";"B01";"1";"1";"0";"2";"4";"0";"5";""
"202400044902";"155702724";"A01";"1";"7";"0";"2";"1";"1";"1";""
"202400044903";"155702721";"A01";"1";"33";"0";"2";"2";"17";"1";""
"202400044903";"155702722";"B01";"1";"2";"0";"2";"6";"17";"1";""
"202400044904";"155702720";"A01";"1";"7";"0";"1";"2";"1";"1";""
"202400044905";"155702717";"B01";"1";"7";"0";"2";"1";"1";"1";""
"202400044905";"155702718";"A01";"2";"7";"0";"2";"1";"5";"1";""
"202400044906";"155702716";"B01";"1";"33";"0";"2";"0";"0";"1";""
"202400044906";"155702719";"A01";"2";"7";"0";"2";"0";"1";"1";""
"202400044907";"155702714";"A01";"1";"7";"0";"2";"3";"1";"2";""
"202400044907";"155702715";"B01";"2";"7";"0";"2";"3";"1";"1";""
"202400044908";"155702712";"B01";"1";"1";"0";"0";"0";"21";"5";""
"202400044908";"155702713";"A01";"2";"1";"0";"0";"0";"21";"5";""
"202400044909";"155702711";"A01";"1";"7";"0";"1";"0";"1";"1";""
"202400044910";"155702708";"A01";"1";"7";"2";"0";"3";"15";"1";""
"202400044911";"155702709";"B01";"2";"7";"0";"2";"1";"1";"1";""
"202400044911";"155702710";"A01";"3";"7";"9";"2";"8";"15";"1";""
"202400044912";"155702703";"B01";"2";"33";"0";"2";"1";"1";"1";""
"202400044912";"155702706";"A01";"1";"10";"0";"2";"1";"1";"3";""
"202400044913";"155702702";"B01";"1";"7";"0";"2";"1";"1";"1";""
"202400044913";"155702704";"A01";"1";"10";"0";"2";"4";"1";"1";""
"202400044914";"155702701";"B01";"2";"7";"0";"2";"1";"1";"1";""
"202400044914";"155702705";"A01";"3";"7";"0";"2";"3";"9";"1";""
"202400044915";"155702700";"A01";"3";"1";"0";"1";"1";"25";"5";""
"202400044916";"155702698";"A01";"1";"10";"0";"1";"2";"26";"1";""
"202400044917";"155702697";"A01";"3";"33";"0";"1";"8";"1";"1";""