"Num_Acc";"id_vehicule";"num_veh";"senc";"catv";"obs";"obsm";"choc";"manv";"motor";"occutc"
"202400044918";"155702696";"B01";"1";"7";"0";"2";"3";"0";"2";""
"202400044918";"155702699";"A01";"2";"7";"0";"2";"3";"13";"1";""
"202400044919";"155702691";"A01";"1";"7";"0";"2";"3";"1";"1";""
"202400044919";"155702694";"B01";"2";"50";"0";"2";"1";"8";"3";""
"202400044920";"155702693";"A01";"1";"7";"0";"2";"2";"1";"1";""
"202400044920";"155702695";"B01";"0";"1";"0";"2";"1";"19";"5";""
"202400044921";"155702690";"B01";"1";"7";"0";"2";"1";"0";"1";""
"202400044921";"155702692";"A01";"2";"7";"0";"0";"8";"0";"1";""
"202400044922";"155702685";"A01";"1";"33";"0";"2";"1";"2";"1";""
"202400044922";"155702688";"B01";"1";"33";"0";"2";"4";"21";"1";""
"202400044923";"155702681";"B01";"1";"7";"0";"2";"1";"0";"1";""
"202400044923";"155702682";"A01";"1";"7";"0";"2";"4";"1";"1";""
"202400044924";"155702680";"B01";"2";"7";"0";"2";"3";"1";"1";""
"202400044924";"155702683";"C01";"2";"7";"0";"2";"1";"1";"1";""
"202400044924";"155702684";"D01";"1";"7";"0";"2";"1";"1";"3";""
"202400044924";"155702686";"A01";"1";"7";"0";"2";"3";"13";"1";""
"202400044925";"155702677";"A01";"1";"7";"0";"2";"4";"1";"1";""
"202400044926";"155702676";"A01";"2";"7";"1";"0";"4";"23";"1";""
"202400044926";"155702678";"B01";"2";"10";"1";"0";"1";"1";"1";""
"202400044927";"155702675";"A01";"1";"7";"0";"0";"9";"13";"1";""
"202400044928";"155702672";"B01";"2";"33";"0";"2";"7";"1";"1";""
"202400044928";"155702674";"A01";"2";"7";"0";"2";"6";"13";"1";""
"202400044929";"155702670";"C01";"2";"7";"16";"2";"4";"2";"1";""
"202400044929";"155702671";"A01";"2";"7";"0";"2";"1";"2";"1";""
"202400044929";"155702673";"B01";"2";"7";"0";"2";"4";"2";"1";""
"202400044930";"155702667";"A01";"1";"7";"0";"2";"5";"16";"1";""
"202400044930";"155702668";"B01";"1";"1";"0";"2";"8";"1";"5";""
"202400044931";"155702663";"A01";"2";"7";"0";"2";"1";"5";"1";""
"202400044931";"155702665";"B01";"1";"7";"0";"2";"3";"1";"1";""
"202400044932";"155702664";"C01";"2";"7";"0";"2";"4";"2";"1";""
"202400044932";"155702666";"B01";"2";"13";"0";"2";"4";"2";"1";""
"202400044932";"155702669";"A01";"1";"10";"0";"2";"1";"2";"1";""
"202400044933";"155702661";"A01";"2";"7";"0";"2";"3";"1";"1";""
"202400044933";"155702662";"B01";"2";"1";"0";"2";"1";"16";"5";""
"202400044934";"155702658";"A01";"1";"7";"0";"2";"4";"2";"1";""
"202400044934";"155702659";"B01";"1";"7";"0";"2";"4";"2";"1";""
"202400044934";"155702660";"C01";"1";"7";"0";"2";"1";"1";"1";""
"202400044935";"155702656";"A01";"2";"7";"8";"0";"1";"14";"1";""
"202400044936";"155702657";"A01";"1";"7";"13";"0";"9";"11";"1";""
"202400044937";"155702654";"B01";"1";"7";"0";"2";"1";"2";"2";""
"202400044937";"155702655";"A01";"1";"7";"0";"2";"4";"23";"1";""
"202400044938";"155702651";"A01";"0";"7";"0";"2";"3";"26";"1";""
"202400044938";"155702653";"B01";"0";"2";"0";"2";"7";"15";"3";""
"202400044939";"155702650";"A01";"1";"33";"3";"0";"7";"0";"1";""
"202400044940";"155702649";"A01";"1";"7";"0";"2";"2";"1";"1";""
"202400044940";"155702652";"B01";"1";"7";"0";"2";"4";"1";"1";""
"202400044941";"155702644";"A01";"2";"33";"0";"2";"2";"2";"1";""
"202400044941";"155702647";"B01";"2";"33";"0";"0";"6";"15";"1";""
"202400044942";"155702643";"B01";"1";"10";"0";"2";"1";"2";"1";""
"202400044942";"155702646";"C01";"1";"7";"0";"2";"4";"2";"1";""
"202400044942";"155702648";"A01";"1";"7";"0";"2";"4";"2";"1";""
"202400044943";"155702640";"A01";"1";"7";"0";"2";"4";"12";"1";""
"202400044943";"155702641";"B01";"1";"10";"0";"2";"1";"1";"1";""
"202400044943";"155702642";"C01";"1";"7";"0";"2";"4";"1";"1";""
"202400044943";"155702645";"D01";"1";"14";"0";"2";"1";"11";"1";""
"202400044944";"155702637";"A01";"2";"7";"4";"2";"2";"26";"1";""
"202400044944";"155702638";"B01";"2";"15";"4";"0";"8";"0";"1";""
"202400044945";"155702636";"B01";"2";"33";"0";"2";"1";"1";"1";""
"202400044945";"155702639";"A01";"2";"7";"0";"2";"5";"15";"1";""
"202400044946";"155702634";"A01";"1";"7";"0";"2";"1";"14";"1";""
"202400044946";"155702635";"B01";"1";"7";"0";"2";"8";"1";"1";""
"202400044947";"155702631";"A01";"2";"7";"4";"2";"3";"2";"1";""
"202400044947";"155702633";"B01";"2";"15";"4";"2";"2";"2";"1";""
"202400044948";"155702630";"A01";"1";"7";"0";"2";"1";"1";"1";""
"202400044948";"155702632";"B01";"1";"7";"0";"2";"3";"1";"1";""
"202400044949";"155702628";"A01";"2";"7";"0";"2";"4";"11";"1";""
"202400044949";"155702629";"B01";"2";"7";"0";"2";"1";"1";"1";""
"202400044950";"155702627";"A01";"2";"7";"0";"2";"4";"1";"1";""
"202400044951";"155702623";"B01";"3";"30";"0";"0";"9";"1";"1";""
"202400044951";"155702626";"A01";"3";"7";"0";"2";"2";"15";"1";""
"202400044952";"155702624";"B01";"1";"7";"4";"2";"8";"1";"1";""
"202400044952";"155702625";"A01";"1";"7";"0";"2";"2";"12";"2";""
"202400044953";"155702622";"A01";"1";"33";"0";"0";"8";"9";"0";""
"202400044954";"155702621";"A01";"2";"10";"13";"0";"9";"16";"1";""
"202400044955";"155702620";"A01";"3";"99";"0";"0";"0";"23";"5";""
"202400044956";"155702616";"B01";"1";"7";"0";"2";"6";"0";"2";""
"202400044956";"155702619";"A01";"1";"10";"0";"2";"2";"14";"1";""
"202400044957";"155702617";"A01";"2";"33";"0";"2";"0";"0";"1";""
"202400044957";"155702618";"B01";"2";"7";"0";"2";"3";"2";"1";""
"202400044958";"155702613";"C01";"2";"7";"0";"2";"6";"3";"1";""
"202400044958";"155702614";"A01";"2";"33";"0";"2";"1";"3";"1";""
"202400044958";"155702615";"B01";"2";"7";"0";"2";"6";"1";"1";""
"202400044959";"155702609";"A01";"2";"33";"13";"2";"8";"14";"1";""
"202400044959";"155702610";"B01";"2";"7";"0";"9";"3";"1";"2";""
"202400044960";"155702612";"A01";"1";"10";"4";"0";"3";"0";"1";""
"202400044961";"155702607";"B01";"0";"1";"0";"2";"5";"0";"5";""
"202400044961";"155702608";"A01";"3";"3";"0";"9";"3";"9";"1";""
"202400044962";"155702606";"A01";"2";"7";"0";"2";"1";"15";"1";""
"202400044962";"155702611";"B01";"1";"10";"0";"2";"1";"1";"1";""
"202400044963";"155702604";"A01";"1";"32";"2";"2";"0";"17";"1";""
"202400044964";"155702603";"A01";"2";"7";"0";"1";"2";"1";"1";""
"202400044965";"155702602";"A01";"2";"7";"0";"2";"3";"1";"1";""
"202400044965";"155702605";"B01";"1";"7";"0";"2";"3";"13";"1";""
"202400044966";"155702601";"A01";"1";"7";"0";"0";"1";"1";"1";""
"202400044967";"155702598";"B01";"1";"33";"0";"2";"7";"1";"1";""
"202400044967";"155702600";"A01";"1";"7";"0";"2";"1";"15";"1";""
"202400044968";"155702596";"A01";"1";"7";"0";"2";"2";"14";"1";""
"202400044968";"155702599";"B01";"1";"7";"0";"2";"1";"0";"1";""
"202400044969";"155702595";"A01";"1";"7";"0";"2";"2";"13";"1";""
"202400044969";"155702597";"B01";"2";"17";"0";"2";"1";"23";"1";""
"202400044970";"155702594";"A01";"2";"7";"0";"2";"1";"26";"1";""
"202400044971";"155702592";"A01";"1";"7";"4";"0";"1";"1";"1";""
"202400044972";"155702590";"A01";"1";"7";"0";"2";"1";"19";"1";""
"202400044972";"155702593";"B01";"1";"7";"0";"2";"7";"1";"1";""
"202400044973";"155702588";"A01";"1";"7";"3";"0";"6";"1";"1";""
"202400044974";"155702587";"A01";"2";"7";"2";"2";"1";"1";"2";""
"202400044974";"155702591";"B01";"1";"7";"0";"2";"3";"15";"1";""
"202400044975";"155702586";"A01";"2";"7";"0";"2";"1";"7";"1";""
"202400044975";"155702589";"B01";"2";"7";"0";"2";"5";"16";"1";""
"202400044976";"155702585";"A01";"2";"33";"2";"0";"0";"1";"1";""
"202400044977";"155702583";"A01";"1";"7";"15";"0";"1";"13";"1";""
"202400044978";"155702582";"A01";"3";"7";"0";"2";"7";"1";"2";""
"202400044978";"155702584";"B01";"3";"7";"0";"2";"1";"1";"2";""
"202400044979";"155702580";"A01";"1";"33";"0";"2";"7";"17";"1";""
"202400044979";"155702581";"B01";"1";"7";"0";"2";"3";"15";"1";""
"202400044980";"155702575";"A01";"3";"30";"0";"2";"1";"1";"1";""
"202400044980";"155702579";"B01";"1";"7";"0";"2";"2";"1";"1";""
"202400044981";"155702573";"A01";"1";"7";"1";"0";"2";"1";"1";""
"202400044982";"155702574";"B01";"1";"1";"0";"9";"1";"21";"5";""
"202400044982";"155702577";"A01";"1";"50";"0";"9";"1";"5";"3";""
"202400044983";"155702571";"A01";"1";"7";"0";"2";"8";"2";"1";""
"202400044983";"155702572";"B01";"1";"7";"0";"2";"1";"2";"1";""
"202400044983";"155702576";"C01";"1";"7";"0";"2";"1";"2";"1";""
"202400044983";"155702578";"D01";"1";"7";"0";"2";"1";"2";"1";""
"202400044984";"155702569";"A01";"1";"7";"4";"0";"1";"12";"1";""
"202400044985";"155702565";"A01";"1";"7";"0";"2";"8";"9";"1";""
"202400044985";"155702568";"B01";"1";"7";"0";"2";"2";"0";"1";""
"202400044986";"155702567";"B01";"2";"2";"0";"2";"1";"1";"1";""
"202400044986";"155702570";"A01";"2";"7";"0";"9";"3";"15";"1";""
"202400044987";"155702563";"A01";"1";"30";"0";"2";"1";"2";"3";""
"202400044987";"155702564";"B01";"1";"7";"0";"2";"5";"2";"1";""
"202400044988";"155702562";"A01";"2";"14";"0";"2";"2";"11";"1";""
"202400044988";"155702566";"B01";"2";"17";"0";"0";"6";"1";"1";""
"202400044989";"155702560";"A01";"1";"33";"0";"2";"7";"17";"1";""
"202400044989";"155702561";"B01";"1";"7";"0";"2";"5";"2";"3";""
"202400044990";"155702558";"B01";"1";"21";"0";"2";"3";"15";"1";""
"202400044990";"155702559";"A01";"1";"32";"0";"2";"1";"17";"1";""
"202400044991";"155702555";"A01";"1";"33";"0";"2";"1";"13";"1";""
"202400044991";"155702556";"B01";"2";"7";"0";"2";"3";"1";"1";""
"202400044992";"155702557";"A01";"3";"30";"14";"0";"1";"1";"1";""
"202400044993";"155702551";"B01";"2";"10";"0";"2";"3";"1";"1";""
"202400044993";"155702554";"A01";"1";"10";"0";"2";"2";"1";"1";""
"202400044994";"155702550";"A01";"2";"7";"0";"2";"2";"1";"1";""
"202400044994";"155702553";"B01";"1";"7";"0";"2";"1";"1";"1";""
"202400044995";"155702549";"A01";"1";"7";"2";"0";"1";"1";"1";""
"202400044996";"155702552";"A01";"1";"7";"15";"0";"2";"1";"1";""
"202400044997";"155702544";"A01";"1";"7";"0";"2";"1";"1";"1";""
"202400044997";"155702548";"B01";"2";"7";"0";"2";"8";"1";"1";""
"202400044998";"155702541";"A01";"1";"7";"14";"2";"1";"1";"1";""
"202400044998";"155702545";"B01";"1";"7";"0";"2";"4";"1";"1";""
"202400044998";"155702547";"C01";"1";"7";"0";"2";"0";"0";"1";""
"202400044999";"155702540";"A01";"2";"37";"0";"2";"6";"1";"2";"1"
"202400044999";"155702543";"B01";"3";"1";"0";"2";"1";"19";"5";""
"202400045000";"155702542";"A01";"1";"10";"0";"2";"1";"19";"1";""
"202400045000";"155702546";"B01";"2";"1";"0";"0";"7";"15";"5";""
"202400045001";"155702539";"A01";"3";"37";"0";"1";"2";"26";"4";"1"
"202400045002";"155702537";"A01";"1";"7";"0";"2";"1";"0";"1";""
"202400045003";"155702536";"A01";"3";"7";"15";"1";"5";"1";"1";""
"202400045004";"155702534";"A01";"1";"7";"2";"0";"1";"1";"1";""
"202400045005";"155702533";"C01";"3";"7";"0";"2";"4";"1";"1";""
"202400045005";"155702535";"B01";"3";"7";"0";"2";"4";"2";"1";""
"202400045005";"155702538";"A01";"0";"7";"0";"2";"1";"2";"2";""
"202400045006";"155702532";"A01";"0";"7";"0";"1";"0";"0";"0";""
"202400045007";"155702530";"A01";"3";"1";"0";"0";"0";"1";"5";""
"202400045008";"155702531";"A01";"2";"7";"1";"0";"1";"1";"1";""
"202400045009";"155702524";"A01";"1";"3";"13";"0";"1";"21";"1";""
"202400045010";"155702526";"C01";"3";"7";"0";"2";"1";"26";"1";""
"202400045010";"155702528";"A01";"3";"7";"0";"2";"4";"0";"1";""
"202400045010";"155702529";"B01";"3";"7";"0";"2";"1";"0";"1";""
"202400045011";"155702523";"B01";"3";"7";"0";"2";"7";"1";"1";""
"202400045011";"155702527";"A01";"3";"7";"0";"2";"2";"15";"1";""
"202400045012";"155702522";"B01";"2";"7";"0";"2";"1";"1";"1";""
"202400045012";"155702525";"A01";"0";"7";"0";"2";"3";"15";"1";""
"202400045013";"155702520";"A01";"1";"7";"0";"0";"0";"1";"1";""
"202400045014";"155702517";"B01";"0";"1";"0";"2";"3";"1";"5";""
"202400045014";"155702521";"A01";"1";"7";"0";"2";"1";"15";"1";""
"202400045015";"155702515";"A01";"3";"30";"0";"2";"1";"1";"1";""
"202400045015";"155702518";"B01";"3";"7";"0";"2";"1";"15";"1";""
"202400045016";"155702516";"A01";"1";"7";"0";"2";"3";"19";"1";""
"202400045016";"155702519";"B01";"1";"1";"0";"2";"4";"1";"5";""
"202400045017";"155702511";"B01";"3";"7";"0";"2";"3";"15";"1";""
"202400045017";"155702513";"A01";"3";"7";"0";"2";"1";"1";"1";""
"202400045018";"155702509";"A01";"1";"7";"2";"0";"2";"1";"1";""
"202400045019";"155702506";"A01";"2";"7";"0";"1";"3";"1";"1";""
"202400045020";"155702504";"B01";"3";"7";"0";"2";"2";"0";"0";""
"202400045020";"155702508";"A01";"3";"7";"0";"2";"3";"15";"0";""
"202400045021";"155702507";"A01";"3";"33";"0";"0";"1";"14";"1";""
"202400045022";"155702500";"A01";"1";"7";"0";"2";"1";"2";"1";""
"202400045022";"155702503";"B01";"1";"7";"0";"2";"6";"26";"1";""
"202400045022";"155702505";"C01";"1";"7";"0";"2";"4";"26";"1";""
"202400045023";"155702499";"A01";"1";"7";"0";"9";"1";"16";"1";""
"202400045023";"155702502";"B01";"1";"1";"0";"2";"5";"1";"5";""
"202400045024";"155702501";"A01";"0";"33";"1";"0";"2";"1";"1";""
"202400045025";"155702497";"A01";"1";"7";"0";"1";"4";"4";"2";""
"202400045026";"155702496";"A01";"0";"10";"8";"0";"3";"0";"1";""
"202400045027";"155702494";"B01";"3";"33";"1";"0";"3";"13";"1";""
"202400045028";"155702492";"A01";"1";"7";"0";"2";"5";"16";"1";""
"202400045028";"155702493";"B01";"1";"30";"0";"2";"3";"1";"1";""
"202400045029";"155702490";"A01";"2";"7";"4";"0";"5";"26";"1";""
"202400045030";"155702489";"A01";"1";"33";"0";"2";"1";"13";"1";""
"202400045030";"155702491";"B01";"2";"7";"0";"2";"2";"1";"1";""
"202400045031";"155702485";"A01";"3";"7";"0";"2";"2";"0";"1";""
"202400045031";"155702487";"B01";"3";"80";"0";"2";"1";"19";"2";""
"202400045032";"155702486";"A01";"2";"7";"0";"2";"1";"15";"1";""
"202400045032";"155702488";"B01";"1";"33";"0";"2";"1";"1";"1";""
"202400045033";"155702482";"A01";"1";"7";"0";"2";"2";"15";"1";""
"202400045033";"155702484";"B01";"2";"30";"0";"2";"1";"1";"3";""
"202400045034";"155702479";"A01";"2";"7";"0";"2";"2";"20";"1";""
"202400045034";"155702483";"B01";"1";"2";"0";"2";"1";"1";"1";""
"202400045035";"155702478";"A01";"2";"7";"3";"2";"1";"1";"1";""
"202400045035";"155702480";"B01";"1";"7";"0";"2";"1";"1";"1";""
"202400045036";"155702477";"A01";"1";"7";"0";"2";"1";"1";"1";""
"202400045036";"155702481";"B01";"1";"7";"0";"0";"0";"0";"1";""
"202400045037";"155702474";"A01";"0";"7";"0";"2";"4";"2";"1";""
"202400045037";"155702475";"B01";"0";"7";"14";"2";"1";"2";"0";""
"202400045038";"155702473";"A01";"3";"30";"0";"1";"1";"1";"1";""
"202400045039";"155702471";"A01";"2";"7";"0";"2";"1";"1";"1";""
"202400045039";"155702476";"B01";"2";"30";"0";"2";"3";"0";"1";""
"202400045040";"155702465";"B01";"1";"50";"0";"2";"1";"1";"3";""
"202400045040";"155702468";"A01";"1";"7";"0";"2";"3";"1";"1";""
"202400045041";"155702464";"A01";"1";"34";"0";"2";"1";"17";"1";""
"202400045041";"155702467";"B01";"1";"7";"0";"2";"6";"15";"1";""
"202400045042";"155702462";"A01";"1";"7";"5";"2";"0";"17";"1";""
"202400045042";"155702466";"B01";"1";"7";"5";"2";"0";"1";"1";""
"202400045043";"155702461";"A01";"2";"7";"0";"2";"3";"1";"1";""
"202400045043";"155702463";"B01";"2";"7";"14";"2";"2";"12";"1";""
"202400045044";"155702459";"A01";"3";"33";"13";"9";"1";"17";"1";""
"202400045045";"155702458";"A01";"2";"7";"0";"2";"3";"16";"2";""
"202400045045";"155702470";"B01";"2";"7";"0";"2";"2";"1";"1";""
"202400045046";"155702457";"A01";"2";"7";"0";"2";"1";"19";"2";""
"202400045046";"155702460";"B01";"1";"1";"0";"2";"7";"1";"5";""
"202400045047";"155702455";"A01";"0";"2";"0";"0";"0";"1";"3";""
"202400045048";"155702453";"B01";"1";"30";"0";"2";"1";"5";"1";""
"202400045048";"155702456";"A01";"2";"7";"0";"2";"2";"1";"1";""
"202400045049";"155702454";"A01";"2";"7";"3";"0";"8";"2";"1";""
"202400045050";"155702451";"A01";"1";"1";"0";"1";"2";"9";"5";""
"202400045051";"155702449";"B01";"2";"10";"0";"2";"1";"1";"1";""
"202400045051";"155702452";"A01";"1";"10";"0";"2";"3";"15";"1";""
"202400045052";"155702447";"A01";"3";"7";"0";"1";"1";"16";"1";""
"202400045053";"155702446";"A01";"1";"7";"2";"2";"1";"17";"1";""
"202400045053";"155702450";"B01";"2";"33";"0";"2";"1";"1";"1";""
"202400045054";"155702445";"A01";"1";"15";"0";"2";"7";"16";"1";""
"202400045054";"155702448";"B01";"1";"7";"0";"2";"8";"1";"3";""
"202400045055";"155702442";"A01";"1";"38";"0";"0";"7";"14";"1";"1"
"202400045056";"155702439";"A01";"1";"7";"3";"2";"1";"17";"1";""
"202400045056";"155702444";"B01";"1";"7";"3";"2";"4";"1";"1";""
"202400045057";"155702437";"A01";"2";"33";"0";"2";"2";"17";"1";""
"202400045057";"155702440";"B01";"2";"7";"0";"2";"3";"15";"1";""
"202400045058";"155702441";"A01";"2";"7";"12";"0";"3";"26";"2";""
"202400045058";"155702443";"B01";"1";"2";"0";"2";"1";"5";"1";""
"202400045059";"155702432";"A01";"1";"7";"13";"0";"3";"1";"1";""
"202400045060";"155702431";"A01";"3";"7";"0";"2";"1";"1";"1";""
"202400045060";"155702435";"B01";"3";"7";"0";"2";"8";"1";"1";""
"202400045061";"155702430";"A01";"2";"7";"1";"2";"1";"1";"1";""
"202400045061";"155702433";"B01";"2";"7";"1";"2";"4";"1";"1";""
"202400045061";"155702436";"D01";"2";"7";"0";"2";"4";"1";"1";""
"202400045061";"155702438";"C01";"2";"7";"1";"2";"4";"1";"1";""
"202400045062";"155702428";"B01";"2";"1";"0";"2";"1";"1";"5";""
"202400045062";"155702434";"C01";"1";"7";"0";"2";"7";"15";"1";""
"202400045063";"155702426";"A01";"1";"31";"0";"0";"8";"13";"1";""
"202400045064";"155702425";"A01";"3";"7";"0";"2";"5";"1";"1";""
"202400045064";"155702429";"B01";"3";"33";"0";"2";"1";"1";"1";""
"202400045065";"155702424";"A01";"1";"7";"4";"0";"3";"0";"1";""
"202400045066";"155702423";"B01";"3";"7";"0";"2";"7";"1";"1";""
"202400045066";"155702427";"A01";"2";"10";"0";"2";"1";"19";"1";""
"202400045067";"155702418";"A01";"2";"30";"0";"2";"1";"2";"1";""
"202400045067";"155702421";"B01";"2";"7";"0";"2";"4";"2";"2";""
"202400045068";"155702417";"A01";"1";"7";"0";"2";"2";"2";"1";""
"202400045068";"155702420";"B01";"1";"33";"7";"2";"1";"2";"1";""
"202400045069";"155702416";"A01";"1";"7";"0";"2";"4";"26";"2";""
"202400045069";"155702419";"B01";"1";"7";"0";"2";"1";"2";"1";""
"202400045070";"155702415";"A01";"2";"7";"0";"2";"3";"13";"1";""
"202400045070";"155702422";"B01";"1";"7";"0";"2";"3";"1";"1";""
"202400045071";"155702410";"B01";"2";"7";"0";"2";"3";"15";"1";""
"202400045071";"155702413";"A01";"2";"33";"0";"2";"2";"17";"1";""
"202400045072";"155702409";"A01";"1";"7";"0";"2";"9";"17";"1";""
"202400045072";"155702414";"B01";"1";"7";"0";"2";"4";"1";"1";""
"202400045073";"155702408";"A01";"2";"7";"0";"2";"6";"1";"1";""
"202400045073";"155702411";"B01";"2";"31";"0";"2";"2";"3";"1";""
"202400045074";"155702407";"B01";"1";"33";"0";"2";"1";"1";"1";""
"202400045074";"155702412";"A01";"0";"7";"0";"2";"7";"19";"2";""
"202400045075";"155702405";"A01";"2";"7";"0";"0";"9";"1";"1";""
"202400045076";"155702401";"A01";"1";"33";"0";"0";"8";"26";"1";""
"202400045077";"155702398";"A01";"1";"7";"8";"2";"1";"0";"1";""
"202400045077";"155702403";"B01";"1";"7";"0";"2";"6";"0";"1";""
"202400045078";"155702394";"B01";"3";"7";"0";"2";"3";"19";"1";""
"202400045078";"155702399";"A01";"1";"7";"0";"2";"2";"1";"1";""
"202400045079";"155702392";"A01";"2";"33";"0";"2";"1";"2";"1";""
"202400045079";"155702396";"B01";"2";"7";"0";"2";"4";"2";"1";""
"202400045080";"155702391";"A01";"3";"7";"0";"0";"2";"1";"1";""
"202400045080";"155702395";"B01";"3";"1";"0";"2";"1";"19";"5";""
"202400045081";"155702387";"A01";"1";"7";"0";"0";"4";"1";"1";""
"202400045081";"155702390";"B01";"1";"7";"0";"2";"1";"1";"1";""
"202400045081";"155702393";"C01";"1";"7";"0";"2";"3";"21";"1";""
"202400045081";"155702397";"D01";"1";"7";"0";"2";"1";"21";"1";""
"202400045081";"155702400";"E01";"1";"7";"0";"2";"6";"24";"1";""
"202400045081";"155702404";"F01";"1";"0";"0";"2";"1";"0";"0";""
"202400045082";"155702385";"A01";"2";"7";"0";"2";"8";"13";"1";""
"202400045082";"155702386";"B01";"2";"33";"0";"2";"1";"3";"1";""
"202400045083";"155702384";"B01";"2";"33";"0";"2";"1";"1";"1";""
"202400045083";"155702389";"A01";"1";"7";"0";"2";"2";"0";"3";""
"202400045084";"155702383";"A01";"3";"7";"0";"2";"5";"10";"1";""
"202400045084";"155702388";"B01";"3";"7";"0";"2";"3";"1";"1";""
"202400045085";"155702380";"A01";"1";"21";"0";"2";"3";"5";"0";""
"202400045085";"155702382";"B01";"1";"10";"0";"2";"3";"1";"0";""
"202400045086";"155702376";"A01";"1";"7";"0";"2";"4";"17";"1";""
"202400045086";"155702379";"C01";"1";"1";"0";"9";"6";"1";"5";""
"202400045086";"155702381";"B01";"1";"99";"0";"2";"1";"1";"1";""
"202400045087";"155702374";"A01";"1";"7";"4";"0";"3";"1";"1";""
"202400045088";"155702372";"A01";"2";"7";"13";"0";"3";"13";"1";""
"202400045089";"155702373";"A01";"1";"50";"0";"2";"1";"13";"3";""
"202400045089";"155702375";"B01";"1";"7";"0";"2";"2";"1";"0";""
"202400045090";"155702371";"A01";"2";"1";"0";"0";"0";"0";"5";""
"202400045091";"155702377";"A01";"0";"7";"0";"2";"3";"9";"1";""
"202400045091";"155702378";"B01";"1";"33";"0";"2";"2";"0";"1";""
"202400045092";"155702367";"A01";"1";"7";"8";"0";"2";"1";"1";""
"202400045093";"155702365";"A01";"2";"7";"0";"2";"2";"2";"1";""
"202400045093";"155702369";"B01";"2";"1";"0";"2";"4";"1";"5";""
"202400045094";"155702363";"A01";"2";"10";"8";"2";"1";"9";"1";""
"202400045094";"155702366";"B01";"2";"7";"8";"2";"4";"0";"1";""
"202400045094";"155702370";"C01";"2";"33";"8";"2";"1";"1";"1";""
"202400045095";"155702364";"B01";"0";"7";"0";"2";"4";"23";"1";""
"202400045095";"155702368";"A01";"0";"30";"0";"2";"1";"2";"1";""
"202400045096";"155702361";"A01";"2";"36";"0";"0";"8";"26";"1";""
"202400045097";"155702360";"A01";"0";"7";"0";"1";"1";"1";"1";""
"202400045098";"155702356";"B01";"3";"7";"0";"2";"8";"1";"1";""
"202400045098";"155702362";"A01";"3";"50";"0";"2";"1";"1";"3";""
"202400045099";"155702353";"B01";"2";"7";"0";"2";"1";"2";"1";""
"202400045099";"155702357";"A01";"1";"7";"13";"2";"1";"13";"1";""
"202400045100";"155702354";"A01";"2";"50";"8";"2";"1";"15";"3";""
"202400045100";"155702358";"B01";"1";"7";"0";"2";"3";"1";"1";""
"202400045101";"155702352";"A01";"1";"7";"0";"2";"4";"2";"3";""
"202400045101";"155702355";"B01";"1";"7";"0";"2";"1";"2";"1";""
"202400045101";"155702359";"C01";"1";"7";"0";"2";"4";"2";"1";""
"202400045102";"155702350";"A01";"1";"7";"0";"9";"8";"1";"1";""
"202400045102";"155702351";"B01";"1";"1";"0";"2";"1";"1";"5";""
"202400045103";"155702349";"A01";"2";"7";"2";"0";"0";"13";"1";""
"202400045104";"155702348";"A01";"0";"10";"0";"1";"5";"4";"1";""
"202400045105";"155702343";"A01";"0";"10";"0";"2";"1";"1";"1";""
"202400045105";"155702347";"B01";"0";"7";"0";"2";"3";"1";"1";""
"202400045106";"155702341";"A01";"1";"43";"0";"2";"1";"2";"1";""
"202400045106";"155702344";"B01";"1";"33";"0";"2";"4";"2";"1";""
"202400045107";"155702345";"Z01";"0";"7";"0";"1";"0";"15";"0";""
"202400045108";"155702342";"B01";"1";"7";"0";"2";"7";"1";"1";""
"202400045108";"155702346";"A01";"2";"7";"0";"2";"1";"9";"1";""
"202400045109";"155702337";"A01";"3";"7";"0";"2";"5";"0";"1";""
"202400045109";"155702339";"B01";"3";"10";"0";"2";"1";"0";"1";""
"202400045110";"155702338";"A01";"1";"7";"0";"2";"1";"9";"1";""
"202400045110";"155702340";"B01";"1";"7";"0";"2";"8";"1";"1";""
"202400045111";"155702336";"A01";"1";"10";"0";"1";"3";"1";"1";""
"202400045112";"155702332";"A01";"1";"7";"0";"1";"0";"1";"0";""
"202400045113";"155702331";"A01";"3";"7";"0";"2";"7";"11";"1";""
"202400045113";"155702335";"B01";"2";"33";"0";"2";"1";"1";"1";""
"202400045114";"155702329";"A01";"2";"10";"0";"2";"1";"15";"1";""
"202400045114";"155702333";"B01";"2";"31";"0";"2";"1";"1";"1";""
"202400045115";"155702327";"B01";"2";"2";"0";"2";"1";"1";"1";""
"202400045115";"155702334";"A01";"1";"7";"0";"2";"5";"15";"1";""
"202400045116";"155702328";"B01";"2";"1";"0";"2";"3";"2";"5";""
"202400045116";"155702330";"A01";"1";"14";"0";"2";"8";"1";"1";""
"202400045117";"155702324";"A01";"1";"1";"0";"2";"1";"1";"5";""
"202400045117";"155702326";"B01";"2";"1";"0";"2";"1";"1";"5";""
"202400045118";"155702325";"A01";"1";"7";"0";"1";"1";"1";"1";""
"202400045119";"155702322";"A01";"3";"31";"0";"2";"2";"1";"1";""
"202400045119";"155702323";"Z01";"3";"7";"0";"2";"0";"0";"0";""
"202400045120";"155702318";"A01";"2";"7";"0";"2";"2";"1";"1";""
"202400045120";"155702321";"B01";"2";"7";"0";"2";"4";"16";"1";""