"Num_Acc";"id_vehicule";"num_veh";"senc";"catv";"obs";"obsm";"choc";"manv";"motor";"occutc"
"202400045121";"155702317";"A01";"2";"7";"0";"2";"1";"5";"2";""
"202400045121";"155702319";"B01";"1";"10";"0";"2";"8";"1";"1";""
"202400045122";"155702315";"B01";"2";"33";"0";"2";"1";"1";"1";""
"202400045122";"155702316";"A01";"1";"7";"0";"2";"8";"0";"1";""
"202400045123";"155702313";"A01";"2";"7";"4";"0";"2";"1";"1";""
"202400045124";"155702311";"A01";"2";"7";"8";"0";"1";"1";"1";""
"202400045125";"155702312";"A01";"2";"30";"0";"1";"1";"1";"1";""
"202400045126";"155702308";"A01";"1";"7";"0";"2";"1";"1";"1";""
"202400045126";"155702310";"B01";"2";"7";"0";"2";"2";"19";"1";""
"202400045127";"155702309";"A01";"2";"7";"0";"2";"4";"2";"1";""
"202400045127";"155702314";"B01";"2";"7";"0";"2";"4";"1";"1";""
"202400045128";"155702302";"A01";"1";"1";"0";"2";"2";"1";"5";""
"202400045128";"155702306";"B01";"2";"10";"0";"2";"3";"15";"0";""
"202400045129";"155702301";"A01";"1";"7";"8";"0";"1";"1";"1";""
"202400045130";"155702304";"A01";"1";"10";"0";"2";"1";"13";"1";""
"202400045130";"155702305";"B01";"2";"7";"0";"2";"3";"1";"1";""
"202400045130";"155702307";"C01";"2";"7";"0";"2";"1";"1";"1";""
"202400045131";"155702303";"A01";"3";"7";"8";"0";"1";"1";"1";""
"202400045132";"155702300";"A01";"2";"10";"0";"1";"2";"17";"1";""
"202400045133";"155702298";"A01";"1";"14";"15";"0";"3";"0";"0";""
"202400045134";"155702297";"A01";"1";"7";"0";"2";"4";"9";"1";""
"202400045134";"155702299";"B01";"1";"7";"0";"2";"1";"9";"2";""
"202400045135";"155702296";"A01";"2";"1";"0";"0";"0";"23";"5";""
"202400045136";"155702293";"B01";"2";"7";"0";"2";"1";"1";"0";""
"202400045136";"155702295";"A01";"1";"1";"0";"2";"2";"15";"5";""
"202400045137";"155702290";"A01";"0";"2";"0";"2";"3";"11";"1";""
"202400045137";"155702294";"B01";"0";"7";"0";"2";"7";"1";"1";""
"202400045138";"155702289";"B01";"1";"37";"0";"2";"4";"23";"1";"1"
"202400045138";"155702291";"A01";"1";"7";"0";"2";"1";"1";"1";""
"202400045139";"155702287";"A01";"2";"2";"3";"0";"7";"1";"1";""
"202400045140";"155702288";"A01";"2";"34";"0";"2";"1";"1";"1";""
"202400045140";"155702292";"B01";"3";"7";"0";"2";"1";"15";"1";""
"202400045141";"155702285";"A01";"1";"7";"0";"2";"4";"4";"1";""
"202400045141";"155702286";"B01";"1";"2";"0";"2";"1";"2";"1";""
"202400045142";"155702281";"A01";"1";"7";"0";"9";"6";"23";"1";""
"202400045142";"155702284";"B01";"1";"1";"0";"2";"1";"2";"5";""
"202400045143";"155702279";"A01";"1";"7";"13";"0";"1";"0";"1";""
"202400045144";"155702278";"A01";"1";"7";"0";"9";"3";"1";"0";""
"202400045144";"155702282";"B01";"2";"33";"0";"2";"3";"1";"1";""
"202400045145";"155702280";"A01";"1";"33";"0";"2";"3";"17";"1";""
"202400045145";"155702283";"B01";"2";"7";"0";"2";"3";"1";"1";""
"202400045146";"155702274";"A01";"3";"7";"0";"2";"6";"10";"2";""
"202400045146";"155702276";"B01";"3";"43";"0";"2";"1";"1";"1";""
"202400045147";"155702273";"A01";"2";"1";"0";"2";"0";"0";"5";""
"202400045147";"155702277";"B01";"3";"50";"0";"2";"0";"0";"3";""
"202400045148";"155702271";"B01";"1";"33";"0";"2";"1";"1";"1";""
"202400045148";"155702275";"A01";"2";"7";"0";"2";"8";"9";"2";""
"202400045149";"155702272";"A01";"1";"31";"0";"0";"9";"21";"1";""
"202400045150";"155702270";"A01";"1";"7";"0";"1";"8";"1";"1";""
"202400045151";"155702269";"A01";"1";"7";"0";"1";"1";"1";"1";""
"202400045152";"155702265";"B01";"1";"14";"0";"0";"4";"2";"1";""
"202400045152";"155702267";"A01";"1";"10";"0";"2";"1";"17";"1";""
"202400045153";"155702264";"A01";"0";"7";"0";"2";"7";"9";"1";""
"202400045153";"155702266";"B01";"0";"33";"0";"2";"1";"1";"1";""
"202400045154";"155702263";"A01";"2";"7";"0";"2";"8";"1";"1";""
"202400045154";"155702268";"B01";"1";"33";"0";"2";"1";"1";"1";""
"202400045155";"155702262";"A01";"1";"0";"0";"1";"8";"2";"0";""
"202400045156";"155702259";"A01";"2";"7";"0";"1";"3";"1";"1";""
"202400045157";"155702258";"A01";"0";"7";"14";"0";"1";"1";"1";""
"202400045158";"155702256";"A01";"1";"7";"0";"2";"7";"15";"1";""
"202400045158";"155702260";"B01";"2";"32";"0";"2";"1";"0";"1";""
"202400045159";"155702255";"B01";"2";"50";"0";"2";"0";"0";"3";""
"202400045159";"155702261";"A01";"2";"7";"0";"9";"3";"0";"1";""
"202400045160";"155702254";"A01";"1";"7";"0";"2";"6";"15";"1";""
"202400045160";"155702257";"B01";"2";"34";"0";"2";"2";"21";"1";""
"202400045161";"155702253";"A01";"1";"1";"12";"0";"0";"14";"5";""
"202400045162";"155702251";"B01";"1";"80";"0";"2";"1";"1";"3";""
"202400045162";"155702252";"A01";"2";"7";"0";"2";"1";"26";"1";""
"202400045163";"155702249";"B01";"2";"10";"0";"2";"1";"1";"1";""
"202400045163";"155702250";"A01";"2";"1";"0";"2";"1";"5";"5";""
"202400045164";"155702241";"B01";"2";"32";"0";"2";"3";"1";"1";""
"202400045164";"155702244";"A01";"2";"7";"0";"2";"5";"2";"1";""
"202400045165";"155702242";"B01";"1";"2";"0";"2";"2";"1";"1";""
"202400045165";"155702246";"A01";"2";"7";"0";"2";"3";"9";"1";""
"202400045166";"155702239";"A01";"1";"7";"0";"0";"4";"23";"1";""
"202400045166";"155702247";"B01";"1";"7";"1";"0";"1";"2";"1";""
"202400045167";"155702238";"D01";"0";"10";"0";"2";"4";"1";"1";""
"202400045167";"155702240";"A01";"3";"7";"0";"2";"1";"1";"0";""
"202400045167";"155702245";"B01";"3";"7";"0";"2";"6";"1";"1";""
"202400045167";"155702248";"C01";"3";"7";"0";"2";"4";"1";"1";""
"202400045168";"155702237";"A01";"2";"7";"0";"2";"1";"2";"1";""
"202400045168";"155702243";"B01";"2";"7";"0";"2";"4";"15";"1";""
"202400045169";"155702236";"A01";"1";"50";"0";"0";"0";"0";"3";""
"202400045170";"155702233";"A01";"1";"7";"0";"9";"1";"15";"1";""
"202400045170";"155702235";"B01";"2";"99";"0";"2";"8";"1";"0";""
"202400045171";"155702229";"A01";"1";"43";"0";"2";"3";"17";"1";""
"202400045171";"155702232";"B01";"1";"10";"0";"2";"6";"15";"1";""
"202400045172";"155702228";"A01";"2";"33";"13";"0";"7";"1";"1";""
"202400045173";"155702226";"A01";"0";"80";"0";"0";"0";"0";"3";""
"202400045174";"155702225";"B01";"1";"15";"0";"2";"7";"12";"0";""
"202400045174";"155702227";"A01";"1";"33";"0";"2";"8";"1";"1";""
"202400045174";"155702230";"C01";"1";"7";"0";"2";"7";"1";"2";""
"202400045174";"155702231";"D01";"1";"7";"0";"2";"7";"1";"1";""
"202400045174";"155702234";"E01";"1";"10";"0";"2";"4";"1";"1";""
"202400045175";"155702224";"A01";"3";"40";"0";"1";"5";"1";"3";""
"202400045176";"155702221";"B01";"2";"80";"0";"2";"2";"5";"3";""
"202400045176";"155702223";"A01";"1";"7";"0";"2";"2";"16";"1";""
"202400045177";"155702217";"B01";"3";"7";"0";"2";"1";"1";"1";""
"202400045177";"155702222";"A01";"2";"7";"0";"2";"2";"1";"1";""
"202400045178";"155702218";"A01";"1";"14";"0";"2";"1";"15";"1";""
"202400045178";"155702220";"B01";"2";"1";"0";"2";"1";"1";"5";""
"202400045179";"155702213";"A01";"0";"7";"0";"2";"1";"1";"1";""
"202400045179";"155702214";"B01";"0";"7";"0";"2";"4";"23";"1";""
"202400045180";"155702210";"A01";"3";"7";"0";"1";"1";"1";"1";""
"202400045181";"155702211";"A01";"1";"7";"13";"0";"3";"13";"1";""
"202400045182";"155702208";"A01";"1";"7";"0";"2";"1";"17";"2";""
"202400045182";"155702215";"B01";"1";"7";"0";"2";"1";"1";"1";""
"202400045182";"155702216";"C01";"2";"15";"0";"2";"1";"1";"1";""
"202400045182";"155702219";"D01";"2";"7";"0";"2";"1";"1";"1";""
"202400045183";"155702204";"A01";"1";"33";"13";"0";"2";"1";"1";""
"202400045184";"155702205";"A01";"3";"10";"0";"1";"3";"15";"1";""
"202400045185";"155702202";"A01";"0";"10";"0";"2";"1";"9";"1";""
"202400045185";"155702207";"B01";"0";"7";"0";"2";"7";"1";"1";""
"202400045186";"155702200";"B01";"1";"50";"0";"2";"1";"19";"3";""
"202400045186";"155702203";"A01";"1";"10";"0";"2";"7";"1";"1";""
"202400045187";"155702199";"A01";"2";"7";"16";"0";"0";"1";"1";""
"202400045188";"155702201";"A01";"3";"36";"0";"2";"3";"13";"1";""
"202400045188";"155702206";"B01";"3";"31";"0";"2";"1";"1";"1";""
"202400045189";"155702198";"A01";"3";"30";"0";"0";"7";"1";"3";""
"202400045190";"155702193";"A01";"1";"33";"0";"0";"2";"21";"1";""
"202400045191";"155702191";"A01";"2";"20";"0";"0";"1";"0";"1";""
"202400045192";"155702192";"A01";"1";"7";"0";"2";"7";"12";"1";""
"202400045192";"155702196";"B01";"1";"32";"0";"2";"8";"1";"1";""
"202400045193";"155702195";"A01";"1";"7";"0";"1";"1";"1";"1";""
"202400045194";"155702188";"A01";"2";"34";"0";"2";"2";"1";"1";""
"202400045194";"155702190";"B01";"3";"7";"0";"2";"3";"1";"1";""
"202400045195";"155702186";"A01";"1";"2";"0";"1";"1";"2";"1";""
"202400045196";"155702182";"A01";"1";"7";"0";"2";"4";"1";"1";""
"202400045196";"155702183";"B01";"1";"7";"0";"2";"6";"2";"1";""
"202400045196";"155702187";"C01";"1";"7";"0";"2";"1";"2";"1";""
"202400045196";"155702189";"D01";"1";"7";"0";"2";"1";"2";"1";""
"202400045197";"155702179";"A01";"1";"1";"0";"0";"0";"1";"5";""
"202400045198";"155702176";"A01";"3";"7";"0";"2";"2";"15";"1";""
"202400045198";"155702184";"B01";"2";"33";"0";"2";"7";"2";"1";""
"202400045199";"155702180";"A01";"1";"7";"4";"0";"1";"1";"1";""
"202400045200";"155702175";"B01";"1";"50";"0";"2";"1";"1";"3";""
"202400045200";"155702178";"A01";"2";"7";"0";"2";"8";"15";"1";""
"202400045201";"155702174";"A01";"2";"7";"0";"2";"1";"2";"1";""
"202400045201";"155702177";"D01";"2";"7";"0";"2";"4";"2";"1";""
"202400045201";"155702181";"B01";"2";"7";"0";"2";"4";"2";"1";""
"202400045201";"155702185";"C01";"2";"7";"0";"2";"4";"23";"1";""
"202400045202";"155702169";"A01";"1";"31";"16";"0";"7";"13";"1";""
"202400045203";"155702166";"A01";"1";"7";"0";"2";"4";"1";"1";""
"202400045203";"155702171";"B01";"1";"7";"0";"2";"4";"1";"1";""
"202400045203";"155702172";"C01";"1";"7";"0";"2";"4";"1";"1";""
"202400045203";"155702173";"D01";"1";"7";"0";"2";"1";"1";"1";""
"202400045204";"155702164";"B01";"3";"7";"0";"2";"3";"1";"1";""
"202400045204";"155702167";"A01";"3";"7";"0";"2";"3";"1";"1";""
"202400045205";"155702163";"A01";"2";"7";"0";"1";"1";"1";"1";""
"202400045206";"155702165";"A01";"2";"30";"0";"2";"1";"1";"1";""
"202400045206";"155702170";"B01";"1";"7";"0";"2";"2";"15";"1";""
"202400045207";"155702162";"A01";"3";"7";"1";"0";"8";"0";"1";""
"202400045207";"155702168";"B01";"3";"7";"0";"2";"1";"24";"1";""
"202400045208";"155702161";"A01";"2";"17";"0";"0";"8";"1";"1";""
"202400045209";"155702160";"A01";"2";"7";"2";"0";"4";"1";"1";""
"202400045210";"155702158";"A01";"2";"7";"2";"0";"1";"1";"1";""
"202400045211";"155702157";"A01";"3";"33";"0";"2";"8";"1";"1";""
"202400045211";"155702159";"B01";"3";"7";"0";"2";"2";"12";"1";""
"202400045212";"155702152";"A01";"1";"7";"2";"0";"1";"1";"1";""
"202400045213";"155702154";"B01";"2";"33";"0";"2";"8";"3";"1";""
"202400045213";"155702156";"A01";"2";"7";"0";"2";"2";"12";"1";""
"202400045214";"155702151";"A01";"1";"33";"12";"0";"8";"16";"1";""
"202400045215";"155702153";"A01";"1";"7";"0";"1";"2";"1";"1";""
"202400045216";"155702150";"A01";"2";"7";"0";"2";"1";"1";"1";""
"202400045216";"155702155";"B01";"2";"20";"0";"2";"4";"1";"1";""
"202400045217";"155702148";"A01";"2";"10";"0";"2";"4";"1";"0";""
"202400045217";"155702149";"B01";"2";"14";"0";"2";"1";"0";"0";""
"202400045218";"155702146";"A01";"1";"34";"0";"0";"0";"1";"1";""
"202400045219";"155702143";"A01";"1";"7";"0";"2";"1";"13";"1";""
"202400045219";"155702147";"B01";"2";"7";"0";"2";"1";"13";"1";""
"202400045220";"155702142";"A01";"1";"33";"0";"2";"7";"1";"1";""
"202400045220";"155702145";"B01";"1";"7";"0";"2";"8";"15";"2";""
"202400045221";"155702141";"A01";"1";"7";"0";"1";"2";"15";"1";""
"202400045222";"155702140";"B01";"1";"32";"0";"2";"1";"1";"1";""
"202400045222";"155702144";"A01";"1";"7";"0";"2";"5";"1";"1";""
"202400045223";"155702136";"A01";"2";"30";"0";"2";"7";"12";"1";""
"202400045223";"155702139";"B01";"2";"10";"0";"2";"6";"1";"1";""
"202400045224";"155702132";"A01";"3";"7";"0";"0";"2";"1";"1";""
"202400045225";"155702130";"B01";"1";"7";"0";"1";"3";"24";"1";""
"202400045225";"155702134";"A01";"1";"10";"1";"0";"2";"1";"1";""
"202400045226";"155702131";"A01";"3";"21";"0";"0";"9";"0";"1";""
"202400045226";"155702137";"B01";"3";"7";"0";"0";"2";"1";"1";""
"202400045227";"155702129";"A01";"2";"7";"0";"2";"1";"1";"1";""
"202400045227";"155702135";"B01";"2";"7";"0";"2";"4";"1";"1";""
"202400045227";"155702138";"C01";"2";"7";"0";"2";"1";"1";"1";""
"202400045228";"155702128";"A01";"1";"7";"0";"0";"1";"15";"1";""
"202400045228";"155702133";"B01";"2";"33";"0";"0";"8";"2";"1";""
"202400045229";"155702124";"B01";"1";"7";"0";"2";"8";"1";"1";""
"202400045229";"155702127";"A01";"1";"33";"0";"2";"7";"15";"1";""
"202400045230";"155702125";"A01";"2";"10";"0";"2";"7";"2";"3";""
"202400045230";"155702126";"B01";"2";"33";"0";"2";"1";"0";"1";""
"202400045231";"155702123";"A01";"1";"33";"0";"0";"1";"21";"1";""
"202400045232";"155702122";"A01";"1";"7";"13";"0";"3";"1";"1";""
"202400045233";"155702119";"B01";"1";"33";"0";"2";"1";"3";"1";""
"202400045233";"155702121";"A01";"1";"10";"0";"2";"6";"12";"1";""
"202400045234";"155702117";"A01";"1";"7";"0";"2";"7";"1";"1";""
"202400045234";"155702120";"B01";"2";"10";"0";"2";"1";"1";"1";""
"202400045235";"155702116";"A01";"2";"7";"17";"0";"1";"0";"1";""
"202400045236";"155702115";"A01";"2";"7";"6";"0";"1";"14";"1";""
"202400045237";"155702110";"A01";"2";"7";"0";"2";"6";"15";"1";""
"202400045237";"155702114";"B01";"2";"33";"0";"2";"1";"17";"1";""
"202400045238";"155702112";"A01";"1";"7";"0";"2";"3";"11";"2";""
"202400045238";"155702113";"B01";"1";"31";"0";"2";"7";"3";"1";""
"202400045238";"155702118";"C01";"1";"7";"0";"2";"4";"1";"1";""
"202400045239";"155702109";"A01";"2";"17";"8";"0";"7";"2";"1";""
"202400045240";"155702108";"A01";"2";"43";"0";"2";"1";"3";"1";""
"202400045240";"155702111";"B01";"2";"7";"0";"2";"5";"12";"1";""
"202400045241";"155702106";"A01";"2";"7";"0";"1";"3";"1";"1";""
"202400045242";"155702105";"B01";"1";"7";"0";"2";"1";"0";"1";""
"202400045242";"155702107";"A01";"2";"3";"0";"2";"2";"15";"1";""
"202400045243";"155702101";"A01";"2";"7";"0";"9";"2";"1";"1";""
"202400045243";"155702103";"B01";"2";"1";"0";"0";"4";"1";"5";""
"202400045244";"155702100";"A01";"2";"7";"4";"0";"1";"14";"1";""
"202400045245";"155702099";"A01";"1";"7";"0";"2";"1";"2";"1";""
"202400045245";"155702104";"B01";"1";"7";"0";"2";"4";"2";"1";""
"202400045246";"155702096";"A01";"2";"1";"0";"1";"2";"1";"5";""
"202400045247";"155702093";"B01";"1";"7";"0";"2";"4";"23";"1";""
"202400045247";"155702095";"A01";"1";"7";"0";"2";"1";"1";"1";""
"202400045248";"155702098";"A01";"0";"14";"0";"2";"5";"16";"1";""
"202400045248";"155702102";"B01";"0";"1";"0";"2";"1";"1";"5";""
"202400045249";"155702094";"A01";"1";"7";"6";"0";"3";"1";"1";""
"202400045250";"155702097";"A01";"0";"7";"0";"1";"3";"15";"1";""
"202400045251";"155702091";"B01";"2";"17";"0";"2";"4";"2";"1";""
"202400045251";"155702092";"A01";"2";"37";"0";"2";"1";"2";"1";"1"
"202400045252";"155702089";"A01";"1";"7";"13";"0";"1";"1";"1";""
"202400045253";"155702087";"A01";"1";"7";"0";"2";"1";"15";"1";""
"202400045253";"155702090";"B01";"2";"31";"0";"2";"2";"1";"1";""
"202400045254";"155702082";"A01";"1";"33";"3";"0";"5";"1";"1";""
"202400045254";"155702086";"B01";"2";"33";"0";"2";"0";"1";"1";""
"202400045255";"155702080";"A01";"0";"7";"0";"2";"1";"13";"1";""
"202400045255";"155702085";"B01";"0";"7";"0";"2";"1";"1";"1";""
"202400045256";"155702083";"A01";"2";"10";"13";"0";"1";"13";"1";""
"202400045257";"155702078";"A01";"2";"7";"0";"2";"2";"1";"1";""
"202400045257";"155702081";"B01";"2";"7";"0";"2";"6";"11";"1";""
"202400045257";"155702088";"C01";"2";"7";"0";"2";"1";"2";"2";""
"202400045258";"155702075";"A01";"2";"42";"0";"2";"8";"3";"1";""
"202400045258";"155702079";"B01";"2";"7";"0";"2";"7";"12";"1";""
"202400045258";"155702084";"C01";"2";"7";"0";"2";"4";"1";"2";""
"202400045259";"155702073";"A01";"2";"7";"0";"2";"5";"22";"2";""
"202400045259";"155702077";"B01";"3";"1";"0";"2";"1";"1";"5";""
"202400045260";"155702071";"A01";"1";"7";"2";"0";"1";"1";"1";""
"202400045261";"155702070";"A01";"2";"7";"0";"2";"3";"17";"1";""
"202400045261";"155702072";"B01";"1";"33";"0";"2";"1";"1";"1";""
"202400045262";"155702068";"A01";"1";"7";"6";"0";"1";"1";"1";""
"202400045263";"155702069";"B01";"2";"99";"7";"2";"3";"1";"0";""
"202400045263";"155702074";"C01";"2";"7";"0";"0";"1";"23";"2";""
"202400045263";"155702076";"A01";"1";"10";"9";"2";"1";"1";"1";""
"202400045264";"155702065";"B01";"2";"7";"0";"2";"4";"1";"1";""
"202400045264";"155702067";"A01";"2";"7";"0";"2";"1";"1";"1";""
"202400045265";"155702064";"A01";"2";"7";"0";"2";"1";"1";"1";""
"202400045265";"155702066";"B01";"1";"7";"0";"2";"1";"1";"1";""
"202400045266";"155702063";"A01";"2";"7";"4";"0";"1";"13";"1";""
"202400045267";"155702062";"A01";"1";"1";"12";"0";"1";"2";"5";""
"202400045268";"155702059";"A01";"2";"7";"14";"0";"3";"1";"1";""
"202400045269";"155702058";"A01";"1";"7";"0";"2";"1";"1";"1";""
"202400045269";"155702060";"B01";"1";"7";"0";"0";"4";"1";"1";""
"202400045270";"155702055";"A01";"2";"7";"0";"2";"3";"9";"1";""
"202400045270";"155702061";"B01";"2";"7";"0";"2";"1";"1";"1";""
"202400045271";"155702057";"A01";"3";"7";"0";"1";"2";"15";"1";""
"202400045272";"155702054";"A01";"2";"7";"3";"0";"1";"26";"1";""
"202400045273";"155702053";"A01";"1";"7";"4";"0";"1";"21";"1";""
"202400045274";"155702051";"A01";"1";"7";"5";"2";"1";"1";"1";""
"202400045274";"155702056";"B01";"1";"7";"0";"2";"6";"1";"1";""
"202400045275";"155702052";"A01";"2";"10";"0";"1";"4";"4";"1";""
"202400045276";"155702048";"B01";"1";"7";"0";"2";"3";"1";"1";""
"202400045276";"155702050";"A01";"1";"33";"0";"2";"1";"5";"1";""
"202400045277";"155702045";"A01";"1";"7";"1";"0";"0";"0";"1";""
"202400045278";"155702044";"A01";"1";"7";"0";"2";"8";"10";"3";""
"202400045278";"155702049";"B01";"1";"7";"0";"2";"6";"1";"2";""
"202400045279";"155702042";"Z01";"2";"7";"0";"2";"7";"16";"1";""
"202400045279";"155702046";"B01";"2";"34";"0";"2";"8";"3";"1";""
"202400045280";"155702039";"A01";"1";"7";"0";"2";"3";"11";"1";""
"202400045280";"155702041";"B01";"1";"7";"0";"2";"1";"2";"1";""
"202400045281";"155702043";"A01";"2";"7";"0";"2";"7";"15";"1";""
"202400045281";"155702047";"B01";"1";"2";"0";"2";"1";"1";"1";""
"202400045282";"155702037";"A01";"1";"30";"0";"0";"0";"0";"1";""
"202400045283";"155702036";"B01";"1";"7";"0";"2";"1";"1";"2";""
"202400045283";"155702040";"A01";"3";"31";"0";"2";"3";"19";"1";""
"202400045284";"155702033";"A01";"3";"2";"0";"2";"1";"13";"1";""
"202400045284";"155702035";"B01";"3";"7";"0";"2";"1";"1";"1";""
"202400045285";"155702034";"A01";"1";"10";"0";"2";"3";"13";"1";""
"202400045285";"155702038";"B01";"2";"7";"0";"2";"3";"1";"1";""
"202400045286";"155702032";"A01";"1";"7";"3";"0";"2";"1";"1";""
"202400045287";"155702030";"A01";"1";"7";"0";"1";"3";"1";"1";""
"202400045288";"155702026";"B01";"3";"10";"0";"2";"6";"24";"1";""
"202400045288";"155702029";"A01";"3";"7";"1";"0";"2";"14";"2";""
"202400045289";"155702028";"A01";"1";"32";"0";"2";"3";"3";"1";""
"202400045289";"155702031";"B01";"1";"7";"0";"2";"2";"12";"1";""
"202400045290";"155702023";"A01";"2";"33";"13";"0";"1";"13";"1";""
"202400045290";"155702027";"B01";"2";"33";"13";"0";"1";"13";"1";""
"202400045291";"155702022";"A01";"1";"7";"7";"0";"1";"1";"1";""
"202400045292";"155702024";"A01";"1";"7";"0";"1";"1";"1";"1";""
"202400045293";"155702020";"A01";"1";"33";"0";"0";"0";"0";"1";""
"202400045294";"155702019";"A01";"1";"7";"0";"9";"8";"23";"1";""
"202400045294";"155702021";"B01";"1";"7";"0";"9";"4";"23";"1";""
"202400045294";"155702025";"C01";"1";"7";"0";"2";"7";"2";"1";""
"202400045295";"155702015";"A01";"1";"31";"0";"2";"8";"3";"3";""
"202400045295";"155702018";"B01";"1";"7";"0";"2";"7";"14";"1";""
"202400045296";"155702013";"A01";"1";"30";"0";"2";"3";"11";"3";""
"202400045296";"155702016";"B01";"1";"32";"0";"2";"2";"1";"1";""
"202400045297";"155702011";"A01";"1";"1";"1";"0";"2";"1";"5";""
"202400045298";"155702014";"A01";"2";"7";"0";"1";"1";"1";"1";""
"202400045299";"155702012";"B01";"2";"1";"0";"2";"2";"16";"5";""
"202400045299";"155702017";"A01";"2";"7";"0";"2";"3";"15";"1";""
"202400045300";"155702008";"A01";"2";"7";"0";"0";"0";"14";"1";""
"202400045301";"155702009";"A01";"3";"7";"2";"0";"1";"1";"1";""
"202400045302";"155702005";"B01";"3";"30";"0";"2";"1";"1";"1";""
"202400045302";"155702010";"A01";"3";"7";"0";"2";"6";"19";"1";""
"202400045303";"155702003";"A01";"2";"33";"12";"0";"1";"1";"1";""
"202400045304";"155702000";"A01";" -1";"7";"0";"2";"1";"1";"2";""
"202400045304";"155702004";"B01";" -1";"7";"0";"0";"4";" -1";"1";""
"202400045305";"155701999";"A01";"2";"7";"0";"0";"4";"26";"1";""
"202400045305";"155702002";"B01";"2";"7";"0";"2";"4";"26";"1";""
"202400045305";"155702007";"C01";"2";"7";"0";"2";"1";"26";"1";""
"202400045306";"155702001";"A01";"1";"7";"0";"2";"2";"19";"1";""
"202400045306";"155702006";"B01";"2";"7";"0";"2";"1";"1";"1";""
"202400045307";"155701996";"A01";"1";"7";"6";"9";"2";"2";"1";""
"202400045308";"155701995";"A01";"3";"33";"0";"0";"0";"0";"1";""
"202400045309";"155701993";"B01";"1";"32";"0";"2";"1";"2";"1";""
"202400045309";"155701997";"A01";"1";"7";"0";"2";"2";"1";"1";""
"202400045310";"155701990";"A01";"2";"15";"0";"2";"1";"2";"1";""
"202400045310";"155701994";"B01";"2";"7";"0";"2";"4";"2";"1";""
"202400045310";"155701998";"C01";"2";"14";"0";"2";"4";"2";"1";""
"202400045311";"155701989";"A01";"3";"10";"0";"2";"1";"17";"1";""
"202400045311";"155701992";"B01";"3";"7";"0";"2";"1";"1";"1";""
"202400045312";"155701988";"A01";"1";"7";"0";"2";"1";"15";"1";""
"202400045312";"155701991";"B01";"2";"2";"0";"2";"2";"1";"1";""
"202400045313";"155701987";"A01";"2";"7";"0";"1";"3";"11";"2";""
"202400045314";"155701985";"A01";"2";"7";"0";"0";"0";"1";"1";""
"202400045315";"155701981";"A01";"2";"43";"0";"2";"1";"3";"1";""
"202400045315";"155701984";"B01";"2";"7";"0";"2";"8";"2";"1";""
"202400045316";"155701980";"A01";"1";"10";"0";"2";"4";"26";"1";""
"202400045316";"155701983";"B01";"1";"7";"0";"2";"4";"0";"1";""
"202400045316";"155701986";"C01";"1";"7";"0";"2";"4";"0";"1";""
"202400045317";"155701979";"A01";"1";"7";"0";"1";"1";"1";"1";""
"202400045318";"155701977";"A01";"1";"7";"0";"2";"3";"13";"1";""
"202400045318";"155701982";"B01";"2";"15";"0";"2";"3";"1";"1";""
"202400045319";"155701974";"B01";"1";"7";"0";"2";"8";"1";"1";""
"202400045319";"155701976";"A01";"1";"50";"0";"2";"1";"16";"3";""
"202400045320";"155701973";"A01";"1";"7";"8";"2";"1";"13";"1";""
"202400045321";"155701975";"A01";"1";"21";"0";"2";"3";"15";"1";""
"202400045321";"155701978";"B01";"2";"33";"0";"2";"1";"1";"1";""
"202400045322";"155701972";"A01";"1";"33";"8";"0";"1";"0";"1";""
"202400045323";"155701967";"A01";"1";"7";"6";"0";"3";"1";"1";""
"202400045324";"155701965";"A01";"1";"7";"6";"0";"1";"0";"1";""
"202400045325";"155701963";"C01";"1";"7";"0";"2";"4";"23";"1";""
"202400045325";"155701969";"A01";"1";"7";"0";"2";"1";"1";"1";""
"202400045325";"155701971";"B01";"1";"10";"0";"2";"4";"23";"1";""
"202400045326";"155701964";"B01";"3";"33";"0";"2";"8";"16";"1";""
"202400045326";"155701968";"A01";"1";"7";"0";"2";"2";"1";"1";""
"202400045327";"155701966";"A01";"3";"7";"0";"1";"4";"26";"1";""
"202400045328";"155701962";"B01";"2";"7";"0";"2";"1";"1";"1";""
"202400045328";"155701970";"A01";"1";"7";"0";"2";"7";"19";"1";""
"202400045329";"155701957";"A01";"1";"7";"4";"0";"1";"26";"1";""
"202400045330";"155701959";"B01";"1";"7";"0";"2";"8";"15";"1";""
"202400045330";"155701961";"A01";"1";"33";"0";"2";"0";"0";"1";""
"202400045331";"155701956";"A01";"1";"33";"0";"2";"2";"3";"1";""
"202400045331";"155701960";"B01";"1";"7";"0";"2";"5";"1";"2";""
"202400045332";"155701953";"A01";"1";"10";"0";"2";"2";"2";"1";""
"202400045332";"155701958";"B01";"1";"80";"0";"2";"4";"2";"3";""
"202400045333";"155701954";"A01";"1";"7";"0";"1";"1";"1";"1";""
"202400045334";"155701952";"A01";"1";"7";"0";"1";"1";"1";"1";""
"202400045334";"155701955";"B01";"2";"7";"0";"0";" -1";"23";"1";""
"202400045335";"155701948";"A01";"2";"7";"0";"1";"1";"16";"1";""
"202400045336";"155701945";"A01";"2";"33";"0";"2";"1";"1";"1";""
"202400045336";"155701950";"B01";"2";"7";"0";"2";"6";"1";"1";""
"202400045337";"155701944";"A01";"2";"7";"0";"0";"4";"1";"1";""