"Num_Acc";"id_vehicule";"num_veh";"senc";"catv";"obs";"obsm";"choc";"manv";"motor";"occutc"
"202400045337";"155701949";"B01";"2";"7";"0";"0";"1";"2";"0";""
"202400045338";"155701946";"A01";"2";"7";"0";"1";"3";"1";"1";""
"202400045339";"155701947";"A01";"2";"33";"0";"2";"1";"11";"1";""
"202400045339";"155701951";"B01";"2";"21";"0";"2";"6";"15";"1";""
"202400045340";"155701942";"A01";"2";"10";"4";"0";"1";"1";"1";""
"202400045341";"155701940";"B01";"1";"7";"0";"2";"1";"2";"1";""
"202400045341";"155701943";"A01";"1";"7";"0";"2";"4";"2";"1";""
"202400045342";"155701938";"A01";"2";"7";"13";"0";"2";"1";"1";""
"202400045343";"155701937";"A01";"3";"7";"0";"1";"1";"1";"1";""
"202400045344";"155701934";"B01";"2";"7";"0";"2";"4";"2";"1";""
"202400045344";"155701939";"A01";"2";"7";"0";"2";"1";"2";"1";""
"202400045344";"155701941";"C01";"2";"10";"0";"2";"4";"2";"1";""
"202400045345";"155701936";"A01";"2";"7";"0";"0";"9";"1";"1";""
"202400045346";"155701931";"A01";"1";"33";"0";"2";"8";"1";"1";""
"202400045347";"155701933";"A01";"1";"7";"0";"2";"6";"16";"1";""
"202400045347";"155701935";"B01";"2";"1";"0";"2";"1";"17";"5";""
"202400045348";"155701932";"A01";"1";"1";"0";"5";"1";"1";"5";""
"202400045349";"155701928";"A01";"2";"33";"3";"0";"9";"1";"1";""
"202400045350";"155701929";"A01";"1";"7";"3";"0";"1";"0";"1";""
"202400045351";"155701927";"A01";"1";"33";"4";"0";"8";"17";"1";""
"202400045352";"155701925";"B01";"3";"50";"0";"2";"1";"1";"3";""
"202400045352";"155701930";"A01";"3";"7";"0";"2";"0";"26";"0";""
"202400045353";"155701924";"A01";"3";"7";"0";"9";"1";"1";"1";""
"202400045353";"155701926";"B01";"3";"50";"0";"2";"1";"13";"3";""
"202400045354";"155701921";"A01";"2";"33";"4";"0";"8";"16";"1";""
"202400045355";"155701917";"A01";"2";"7";"0";"2";"4";"1";"1";""
"202400045355";"155701922";"B01";"2";"10";"0";"2";"1";"1";"1";""
"202400045356";"155701916";"A01";"1";"33";"0";"2";"1";"2";"1";""
"202400045356";"155701920";"B01";"1";"7";"0";"2";"6";"0";"1";""
"202400045357";"155701919";"A01";"1";"7";"0";"2";"1";"5";"1";""
"202400045357";"155701923";"B01";"2";"7";"0";"2";"2";"1";"1";""
"202400045358";"155701915";"A01";"0";"30";"0";"2";"1";"17";"1";""
"202400045358";"155701918";"B01";"0";"7";"0";"2";"3";"9";"1";""
"202400045359";"155701911";"A01";"1";"7";"0";"2";"4";"1";"1";""
"202400045359";"155701914";"B01";"1";"10";"0";"2";"1";"1";"1";""
"202400045360";"155701908";"A01";"1";"13";"0";"2";"2";"12";"1";""
"202400045360";"155701913";"B01";"1";"7";"0";"2";"6";"1";"0";""
"202400045361";"155701909";"A01";"1";"7";"13";"0";"8";"1";"1";""
"202400045362";"155701906";"A01";"0";"7";"0";"2";"1";"26";"1";""
"202400045362";"155701912";"B01";"0";"7";"0";"2";"1";"0";"1";""
"202400045363";"155701904";"A01";"1";"7";"0";"2";"1";"2";"1";""
"202400045363";"155701907";"B01";"1";"7";"0";"2";"4";"2";"1";""
"202400045363";"155701910";"C01";"1";"7";"0";"2";"4";"2";"1";""
"202400045364";"155701899";"A01";"2";"7";"0";"2";"2";"16";"1";""
"202400045364";"155701903";"B01";"2";"1";"0";"2";"1";"1";"5";""
"202400045365";"155701898";"B01";"3";"7";"0";"2";"4";"23";"1";""
"202400045365";"155701905";"A01";"1";"7";"0";"2";"1";"2";"1";""
"202400045366";"155701894";"A01";"1";"30";"0";"0";"0";"0";"1";""
"202400045367";"155701895";"B01";"1";"1";"0";"0";"9";"1";"5";""
"202400045367";"155701897";"A01";"1";"10";"0";"0";"0";"18";"1";""
"202400045367";"155701902";"C01";"1";"1";"0";"2";"1";"1";"5";""
"202400045368";"155701888";"A01";"3";"31";"0";"2";"1";"1";"1";""
"202400045368";"155701892";"B01";"1";"7";"0";"2";"0";"0";"1";""
"202400045369";"155701885";"C01";"1";"7";"0";"2";"4";"2";"1";""
"202400045369";"155701889";"D01";"1";"7";"0";"2";"5";"2";"2";""
"202400045369";"155701890";"E01";"1";"7";"0";"2";"8";"1";"1";""
"202400045369";"155701893";"F01";"1";"7";"0";"2";"4";"1";"1";""
"202400045369";"155701896";"A01";"1";"7";"0";"2";"1";"2";"1";""
"202400045369";"155701900";"B01";"1";"33";"0";"2";"4";"2";"1";""
"202400045370";"155701886";"A01";"3";"7";"13";"0";"1";"13";"1";""
"202400045371";"155701882";"B01";"0";"1";"0";"2";"1";"1";"5";""
"202400045371";"155701887";"A01";"0";"7";"0";"2";"1";"16";"1";""
"202400045372";"155701884";"A01";"1";"7";"4";"2";"6";"18";"1";""
"202400045372";"155701891";"B01";"1";"7";"4";"2";"5";"0";"1";""
"202400045372";"155701901";"C01";"1";"7";"4";"2";"0";"0";"2";""
"202400045373";"155701881";"B01";"1";"60";"0";"2";"8";"19";"5";""
"202400045373";"155701883";"A01";"1";"7";"0";"2";"2";"0";"1";""
"202400045374";"155701878";"A01";"2";"7";"13";"0";"1";"13";"1";""
"202400045375";"155701877";"A01";"1";"7";"0";"1";"2";"1";"1";""
"202400045376";"155701876";"A01";"0";"7";"0";"2";"1";"1";"1";""
"202400045376";"155701880";"B01";"0";"7";"0";"2";"1";"13";"1";""
"202400045377";"155701872";"A01";"3";"7";"0";"1";"3";"1";"1";""
"202400045378";"155701871";"A01";"1";"7";"0";"2";"1";"1";"1";""
"202400045378";"155701879";"B01";"1";"3";"0";"2";"8";"1";"3";""
"202400045379";"155701874";"A01";"1";"10";"0";"1";"2";"0";"1";""
"202400045380";"155701873";"A01";"2";"10";"0";"2";"0";"0";"1";""
"202400045380";"155701875";"B01";"2";"32";"0";"2";"1";"1";"1";""
"202400045381";"155701868";"A01";"1";"32";"0";"2";"5";"17";"1";""
"202400045381";"155701870";"B01";"1";"15";"0";"2";"5";"1";"1";""
"202400045382";"155701867";"B01";"1";"33";"0";"2";"1";"1";"1";""
"202400045382";"155701869";"A01";"2";"7";"0";"2";"3";"15";"1";""
"202400045383";"155701864";"A01";"2";"33";"0";"0";"0";"3";"1";""
"202400045384";"155701863";"A01";"1";"7";"8";"2";"1";"13";"1";""
"202400045384";"155701865";"B01";"2";"32";"0";"2";"1";"1";"1";""
"202400045385";"155701861";"A01";"1";"7";"7";"2";"2";"5";"1";""
"202400045385";"155701866";"B01";"2";"7";"12";"2";"1";"1";"1";""
"202400045386";"155701859";"A01";"2";"7";"0";"1";"7";"2";"1";""
"202400045387";"155701858";"B01";"3";"7";"0";"9";"3";"0";"1";""
"202400045387";"155701860";"A01";"3";"50";"0";"2";"3";"26";"3";""
"202400045388";"155701857";"A01";"2";"7";"5";"0";"4";"1";"1";""
"202400045389";"155701856";"B01";"0";"7";"1";"0";"3";"13";"1";""
"202400045389";"155701862";"A01";"0";"7";"0";"2";"3";"24";"1";""
"202400045390";"155701855";"A01";"2";"7";"0";"1";"0";"0";"2";""
"202400045391";"155701853";"A01";"0";"36";"8";"0";"2";"0";"1";""
"202400045392";"155701852";"A01";"1";"7";"0";"0";"2";"0";"1";""
"202400045393";"155701850";"A01";"3";"7";"0";"1";"6";"26";"2";""
"202400045394";"155701849";"A01";"1";"33";"1";"2";"7";"14";"1";""
"202400045394";"155701851";"C01";"1";"7";"0";"2";"2";"1";"1";""
"202400045395";"155701844";"B01";"2";"50";"0";"2";"7";"1";"3";""
"202400045395";"155701847";"A01";"2";"7";"0";"2";"1";"9";"1";""
"202400045396";"155701845";"B01";"1";"33";"0";"2";"2";"2";"1";""
"202400045396";"155701848";"A01";"1";"7";"0";"0";"3";"10";"1";""
"202400045397";"155701842";"A01";"1";"7";"0";"2";"3";"19";"1";""
"202400045397";"155701843";"B01";"1";"7";"0";"2";"1";"1";"1";""
"202400045398";"155701846";"A01";"1";"7";"0";"0";"3";"0";"1";""
"202400045399";"155701835";"A01";"1";"33";"0";"0";"8";"1";"1";""
"202400045400";"155701836";"A01";"1";"7";"0";"9";"1";"1";"1";""
"202400045400";"155701841";"B01";"1";"1";"0";"2";"6";"9";"5";""
"202400045401";"155701837";"B01";"2";"10";"0";"2";"1";"1";"1";""
"202400045401";"155701840";"A01";"2";"32";"0";"2";"4";"2";" -1";""
"202400045402";"155701831";"D01";"1";"7";"1";"2";"4";"0";"1";""
"202400045402";"155701834";"A01";"1";"7";"1";"0";"2";"14";"1";""
"202400045402";"155701839";"B01";"1";"7";"1";"0";"3";"24";"1";""
"202400045403";"155701830";"A01";"2";"7";"0";"2";"2";"12";"1";""
"202400045403";"155701833";"B01";"2";"7";"1";"2";"6";"9";"1";""
"202400045403";"155701838";"C01";"2";"15";"0";"2";"9";"24";"1";""
"202400045404";"155701826";"A01";"2";"33";"0";"2";"8";"13";"1";""
"202400045404";"155701829";"B01";"1";"10";"0";"2";"8";"1";"1";""
"202400045405";"155701825";"A01";"1";"37";"0";"1";"5";"1";"1";"1"
"202400045406";"155701827";"A01";"3";"7";"0";"2";"8";"15";"1";""
"202400045406";"155701828";"B01";"3";"33";"0";"2";"1";"1";"1";""
"202400045407";"155701823";"A01";"2";"10";"0";"1";"4";"26";"1";""
"202400045408";"155701818";"A01";"2";"7";"4";"2";"1";"12";"1";""
"202400045408";"155701821";"B01";"2";"7";"0";"0";"5";"12";"1";""
"202400045409";"155701820";"A01";"2";"31";"0";"2";"1";"17";"1";""
"202400045409";"155701822";"B01";"1";"7";"0";"2";"3";"1";"1";""
"202400045410";"155701817";"A01";"0";"7";"0";"2";"8";"9";"1";""
"202400045410";"155701824";"B01";"1";"7";"0";"2";"1";"1";"1";""
"202400045411";"155701813";"A01";"2";"7";"0";"2";"3";"13";"2";""
"202400045411";"155701815";"B01";"1";"7";"0";"2";"3";"1";"1";""
"202400045412";"155701814";"A01";"1";"7";"0";"2";"7";"2";"1";""
"202400045412";"155701819";"B01";"1";"33";"0";"2";"8";"2";"1";""
"202400045413";"155701812";"B01";"3";"1";"0";"0";"0";"0";"5";""
"202400045413";"155701816";"A01";"3";"3";"0";"9";"2";"12";"0";""
"202400045414";"155701811";"A01";"1";"15";"3";"0";"7";"1";"1";""
"202400045415";"155701810";"A01";"2";"2";"3";"0";"7";"0";"1";""
"202400045416";"155701809";"A01";"1";"7";"0";"1";"3";"1";"1";""
"202400045417";"155701804";"A01";"2";"7";"0";"2";"8";"13";"1";""
"202400045417";"155701807";"B01";"1";"1";"3";"2";"9";"1";"5";""
"202400045418";"155701805";"A01";"2";"7";"0";"2";"3";"2";"1";""
"202400045418";"155701808";"B01";"2";"33";"0";"2";"4";"23";"1";""
"202400045419";"155701803";"A01";"2";"15";"3";"0";"8";"0";"1";""
"202400045420";"155701800";"A01";"2";"7";"0";"2";"1";"2";"1";""
"202400045420";"155701802";"B01";"2";"7";"0";"0";"4";"2";"1";""
"202400045421";"155701801";"B01";"0";"31";"0";"2";"1";"2";"1";""
"202400045421";"155701806";"A01";"0";"7";"0";"2";"3";"10";"1";""
"202400045422";"155701798";"A01";"2";"15";"6";"0";"1";"1";"1";""
"202400045423";"155701796";"A01";"1";"1";"0";"2";"1";"2";"5";""
"202400045423";"155701799";"B01";"1";"7";"0";"2";"4";"2";"1";""
"202400045424";"155701793";"B01";"1";"7";"0";"2";"6";"1";"1";""
"202400045424";"155701797";"A01";"2";"30";"0";"2";"1";"1";"1";""
"202400045425";"155701791";"A01";"2";"7";"0";"2";"5";"15";"1";""
"202400045425";"155701795";"B01";"1";"7";"0";"2";"1";"1";"1";""
"202400045426";"155701789";"A01";"1";"7";"0";"2";"1";"13";"1";""
"202400045426";"155701792";"B01";"2";"14";"0";"2";"1";"26";"1";""
"202400045427";"155701787";"B01";"3";"30";"0";"2";"1";"0";"3";""
"202400045427";"155701794";"A01";"3";"7";"0";"2";"5";"15";"1";""
"202400045428";"155701788";"B01";"2";"7";"0";"2";"4";"1";"1";""
"202400045428";"155701790";"A01";"2";"7";"0";"2";"1";"17";"3";""
"202400045429";"155701784";"B01";"3";"7";"0";"2";"1";"1";"1";""
"202400045429";"155701786";"A01";"3";"7";"0";"2";"3";"13";"1";""
"202400045430";"155701783";"A01";"1";"10";"0";"2";"3";"9";"1";""
"202400045430";"155701785";"B01";"1";"33";"0";"2";"1";"1";"1";""
"202400045431";"155701778";"A01";"2";"7";"0";"0";"4";"1";"1";""
"202400045431";"155701781";"B01";"2";"33";"0";"2";"1";"2";"1";""
"202400045432";"155701775";"A01";"2";"2";"0";"0";"0";"1";"1";""
"202400045433";"155701776";"A01";"1";"33";"0";"2";"3";"13";"1";""
"202400045433";"155701780";"B01";"2";"7";"0";"2";"3";"1";"1";""
"202400045433";"155701782";"C01";"2";"7";"0";"2";"8";"1";"1";""
"202400045434";"155701779";"A01";"1";"7";"0";"1";"1";"15";"6";""
"202400045435";"155701773";"B01";"2";"33";"0";"2";"3";"1";"1";""
"202400045435";"155701777";"A01";"2";"7";"0";"2";"2";"12";"2";""
"202400045436";"155701772";"A01";"1";"7";"0";"2";"1";"17";"1";""
"202400045436";"155701774";"B01";"1";"1";"0";"2";"1";"15";"5";""
"202400045437";"155701771";"A01";"3";"2";"0";"0";"2";"14";"1";""
"202400045438";"155701767";"A01";"1";"14";"0";"2";"3";"13";"1";""
"202400045438";"155701770";"B01";"2";"14";"0";"2";"3";"21";"1";""
"202400045439";"155701766";"A01";"3";"10";"13";"2";"3";"15";"1";""
"202400045439";"155701769";"B01";"0";"33";"0";"2";"5";"17";"1";""
"202400045440";"155701765";"A01";"1";"7";"0";"1";"2";"1";"1";""
"202400045441";"155701764";"A01";"3";"10";"0";"1";"3";"15";"1";""
"202400045442";"155701762";"A01";"2";"7";"0";"2";"1";"1";"1";""
"202400045442";"155701768";"B01";"2";"7";"0";"2";"4";"23";"1";""
"202400045443";"155701761";"A01";"0";"7";"0";"1";"1";"9";"1";""
"202400045444";"155701760";"A01";"1";"33";"10";"0";"3";"16";"1";""
"202400045445";"155701755";"B01";"1";"7";"0";"9";"1";"1";"1";""
"202400045445";"155701758";"A01";"2";"50";"0";"2";"1";"15";"3";""
"202400045446";"155701757";"A01";"1";"7";"0";"1";"1";"1";" -1";""
"202400045447";"155701756";"A01";"1";"7";"0";"2";"1";"15";"1";""
"202400045447";"155701759";"B01";"2";"33";"0";"2";"1";"1";"1";""
"202400045448";"155701750";"A01";"1";"7";"0";"2";"1";"1";"1";""
"202400045448";"155701753";"B01";"2";"7";"0";"0";"4";"1";"1";""
"202400045449";"155701748";"A01";"1";"30";"0";"0";"0";"1";"1";""
"202400045450";"155701749";"A01";"1";"7";"0";"2";"1";"13";"1";""
"202400045450";"155701752";"B01";"2";"17";"0";"2";"1";"1";"1";""
"202400045451";"155701746";"A01";"1";"7";"0";"0";"9";"1";"1";""
"202400045452";"155701745";"A01";"1";"7";"0";"1";"1";"1";"0";""
"202400045453";"155701741";"C01";"2";"33";"0";"2";"3";"1";"1";""
"202400045453";"155701744";"B01";"2";"33";"0";"2";"3";"1";"1";""
"202400045453";"155701747";"A01";"1";"7";"0";"2";"3";"13";"1";""
"202400045454";"155701740";"A01";"1";"7";"8";"0";"1";"1";"1";""
"202400045455";"155701743";"A01";"3";"7";"0";"1";"3";"16";"1";""
"202400045456";"155701739";"B01";"3";"7";"0";"2";"3";"20";"1";""
"202400045456";"155701742";"A01";"2";"33";"0";"2";"5";"1";"1";""
"202400045457";"155701738";"A01";"1";"7";"0";"1";"2";"1";"1";""
"202400045458";"155701734";"A01";"1";"2";"0";"2";"2";"5";"1";""
"202400045458";"155701736";"B01";"1";"2";"0";"2";"3";"1";"1";""
"202400045459";"155701731";"B01";"1";"37";"0";"1";"4";"1";"1";"1"
"202400045460";"155701730";"B01";"1";"10";"0";"2";"1";"1";"2";""
"202400045460";"155701737";"A01";"1";"10";"0";"2";"4";"1";"2";""
"202400045461";"155701728";"A01";"1";"10";"0";"9";"2";"1";"1";""
"202400045461";"155701733";"B01";"2";"1";"0";"2";"1";"5";"5";""
"202400045462";"155701725";"A01";"2";"7";"0";"2";"1";"9";"1";""
"202400045462";"155701732";"B01";"1";"33";"0";"2";"1";"1";"1";""
"202400045463";"155701727";"A01";"1";"7";"0";"9";"3";"1";"1";""
"202400045463";"155701729";"B01";"2";"7";"0";"9";"1";"1";"1";""
"202400045463";"155701735";"C01";"3";"1";"0";"2";"8";"19";"5";""
"202400045464";"155701720";"A01";"3";"30";"0";"2";"1";"2";"1";""
"202400045464";"155701724";"B01";"3";"7";"0";"9";"5";"26";"1";""
"202400045465";"155701719";"A01";"1";"7";"0";"9";"2";"26";"1";""
"202400045465";"155701723";"B01";"2";"1";"0";"2";"1";"5";"5";""
"202400045466";"155701718";"A01";"3";"33";"0";"0";"7";"1";"1";""
"202400045467";"155701716";"A01";"1";"7";"0";"1";"1";"1";"1";""
"202400045468";"155701717";"A01";"1";"10";"0";"2";"1";"1";"1";""
"202400045468";"155701721";"B01";"1";"10";"0";"0";"0";"0";"0";""
"202400045469";"155701715";"A01";"1";"7";"0";"2";"3";"15";"1";""
"202400045469";"155701722";"B01";"2";"33";"15";"2";"1";"1";"1";""
"202400045470";"155701714";"A01";"1";"7";"0";"1";"3";"1";"1";""
"202400045471";"155701711";"A01";"3";"10";"0";"1";"4";"4";"1";""
"202400045472";"155701710";"A01";"1";"7";"0";"0";"3";"10";"1";""
"202400045472";"155701713";"B01";"1";"7";"13";"2";"1";"1";"1";""
"202400045473";"155701712";"A01";"0";"7";"0";"1";"8";"1";"3";""
"202400045474";"155701708";"A01";"1";"35";"8";"0";"1";"0";"0";""
"202400045475";"155701707";"A01";"3";"7";"0";"1";"1";"1";"2";""
"202400045476";"155701705";"A01";"0";"7";"13";"0";"3";"1";"1";""
"202400045477";"155701702";"B01";"1";"30";"0";"2";"2";"2";"1";""
"202400045477";"155701709";"A01";"2";"7";"0";"2";"3";"9";"1";""
"202400045478";"155701699";"A01";"1";"7";"0";"1";"2";"0";"1";""
"202400045479";"155701701";"B01";"1";"33";"0";"2";"1";"1";"1";""
"202400045479";"155701706";"A01";"1";"7";"0";"2";"6";"9";"1";""
"202400045480";"155701698";"A01";"2";"7";"0";"2";"3";"9";"1";""
"202400045480";"155701703";"B01";"2";"3";"0";"2";"1";"2";"1";""
"202400045481";"155701697";"A01";"1";"7";"13";"0";"1";"13";"1";""
"202400045482";"155701700";"A01";"1";"2";"0";"2";"1";"18";"1";""
"202400045482";"155701704";"B01";"1";"7";"0";"2";"7";"16";"3";""
"202400045483";"155701696";"A01";"1";"10";"4";"0";"1";"1";"1";""
"202400045484";"155701693";"A01";"1";"7";"13";"0";"9";"0";"1";""
"202400045485";"155701691";"A01";"1";"7";"0";"2";"1";"1";"1";""
"202400045485";"155701695";"B01";"1";"7";"0";"2";"3";"26";"1";""
"202400045486";"155701688";"A01";"1";"7";"0";"2";"7";"15";"1";""
"202400045486";"155701690";"B01";"2";"30";"0";"2";"1";"1";"1";""
"202400045487";"155701689";"A01";"1";"32";"0";"2";"0";"0";"1";""
"202400045487";"155701692";"B01";"2";"7";"0";"2";"2";"21";"1";""
"202400045488";"155701687";"A01";"2";"7";"0";"2";"1";"16";"1";""
"202400045488";"155701694";"B01";"1";"7";"9";"2";"7";"9";"1";""
"202400045489";"155701683";"A01";"1";"31";"0";"2";"2";"12";"1";""
"202400045489";"155701686";"B01";"1";"10";"0";"2";"6";"23";"1";""
"202400045490";"155701682";"A01";"1";"7";"0";"2";"3";"1";"1";""
"202400045490";"155701685";"B01";"1";"33";"7";"2";"1";"1";"1";""
"202400045491";"155701680";"B01";"3";"10";"0";"2";"8";"15";"1";""
"202400045491";"155701684";"A01";"3";"10";"0";"2";"2";"5";"1";""
"202400045492";"155701679";"B01";"2";"3";"0";"2";"4";"1";"1";""
"202400045492";"155701681";"A01";"2";"7";"0";"2";"1";"1";"0";""
"202400045493";"155701675";"B01";"3";"1";"0";"2";"4";"1";"5";""
"202400045493";"155701678";"A01";"3";"7";"0";"2";"3";"9";"1";""
"202400045494";"155701673";"A01";"1";"7";"0";"2";"4";"23";"2";""
"202400045494";"155701674";"B01";"1";"33";"0";"2";"1";"12";"1";""
"202400045495";"155701671";"A01";"2";"31";"0";"2";"1";"1";"1";""
"202400045495";"155701677";"B01";"2";"7";"2";"2";"3";"1";"2";""
"202400045496";"155701670";"A01";"1";"33";"0";"2";"1";"3";"1";""
"202400045496";"155701672";"B01";"2";"7";"0";"2";"1";"15";"1";""
"202400045497";"155701666";"B01";"2";"33";"4";"0";"6";"1";"1";""
"202400045497";"155701668";"Z01";"2";"7";"0";"0";"0";"0";"0";""
"202400045498";"155701663";"C01";"2";"7";"0";"2";"3";"18";"1";""
"202400045498";"155701665";"A01";"2";"7";"3";"2";"5";"1";"1";""
"202400045498";"155701667";"B01";"2";"7";"1";"0";"2";"1";"1";""
"202400045499";"155701660";"B01";"1";"50";"0";"2";"1";"1";"3";""
"202400045499";"155701664";"A01";"3";"1";"0";"2";"3";"19";"5";""
"202400045500";"155701659";"A01";"3";"7";"0";"2";"1";"17";"1";""
"202400045500";"155701669";"B01";"3";"7";"0";"2";"1";"7";"1";""
"202400045501";"155701657";"A01";"2";"7";"0";"2";"4";"1";"1";""
"202400045501";"155701661";"B01";"2";"7";"0";"2";"1";"2";"1";""
"202400045502";"155701654";"B01";"1";"33";"0";"2";"1";"2";"1";""
"202400045502";"155701656";"A01";"1";"7";"0";"2";"4";"1";"1";""
"202400045503";"155701653";"A01";"1";"30";"0";"0";"7";"16";"1";""
"202400045504";"155701650";"C01";"1";"7";"0";"2";"1";"2";"2";""
"202400045504";"155701652";"B01";"1";"17";"0";"2";"6";"2";"0";""
"202400045504";"155701655";"A01";"1";"7";"0";"2";"1";"2";"1";""
"202400045504";"155701658";"D01";"1";"10";"0";"2";"1";"2";"1";""
"202400045505";"155701649";"A01";"0";"7";"0";"0";"1";"1";"1";""
"202400045506";"155701648";"A01";"1";"1";"0";"2";"1";"19";"5";""
"202400045506";"155701651";"B01";"1";"7";"0";"2";"1";"1";"1";""
"202400045507";"155701646";"A01";"1";"33";"4";"0";"3";"13";"1";""
"202400045508";"155701647";"A01";"2";"10";"0";"0";"3";"1";"1";""
"202400045509";"155701644";"A01";"1";"7";"0";"1";"3";"15";"1";""
"202400045510";"155701641";"B01";"3";"7";"0";"2";"0";"17";"6";""
"202400045510";"155701643";"A01";"3";"34";"0";"2";"1";"18";"6";""
"202400045511";"155701639";"A01";"1";"33";"0";"2";"1";"3";"1";""
"202400045511";"155701642";"B01";"1";"33";"0";"2";"4";"3";"1";""
"202400045511";"155701645";"C01";"1";"10";"0";"2";"4";"1";"1";""
"202400045512";"155701638";"A01";"1";"7";"0";"1";"2";"1";"0";""
"202400045513";"155701635";"A01";"3";"7";"0";"1";"1";"9";"1";""
"202400045514";"155701631";"B01";"1";"7";"0";"2";"4";"1";"1";""
"202400045514";"155701636";"A01";"3";"7";"0";"2";"1";"1";"1";""
"202400045515";"155701626";"C01";"1";"10";"0";"2";"4";"2";"1";""
"202400045515";"155701630";"A01";"1";"17";"0";"2";"1";"2";"1";""
"202400045515";"155701634";"B01";"1";"14";"0";"2";"4";"2";"1";""
"202400045516";"155701628";"A01";"1";"7";"11";"0";"1";"13";"1";""
"202400045517";"155701625";"A01";"3";"0";"0";"2";"1";"1";"0";""
"202400045517";"155701629";"B01";"3";"7";"0";"2";"4";"20";"1";""
"202400045517";"155701632";"C01";"3";"7";"0";"2";"1";"24";"1";""
"202400045518";"155701623";"A01";"1";"33";"0";"2";"7";"17";"1";""
"202400045518";"155701627";"B01";"1";"7";"0";"2";"3";"15";"1";""
"202400045519";"155701622";"B01";"2";"1";"0";"2";"7";"1";"5";""
"202400045519";"155701624";"A01";"2";"10";"0";"9";"3";"15";"1";""
"202400045520";"155701620";"A01";"2";"7";"3";"0";"1";"1";"1";""
"202400045521";"155701617";"A01";"3";"7";"0";"1";"2";"1";"1";""
"202400045522";"155701616";"B01";"1";"7";"0";"2";"6";"1";"2";""
"202400045522";"155701621";"A01";"1";"15";"0";"2";"2";"12";"1";""
"202400045523";"155701618";"A01";"1";"7";"1";"0";"1";"13";"1";""
"202400045524";"155701614";"A01";"2";"7";"0";"2";"3";"2";"1";""
"202400045524";"155701619";"B01";"2";"7";"14";"0";"5";"0";"1";""
"202400045525";"155701615";"A01";"0";"7";"0";"1";"1";"1";"0";""
"202400045526";"155701610";"B01";"3";"7";"0";"0";"6";"23";"1";""
"202400045526";"155701613";"A01";"3";"30";"0";"2";"1";"17";"1";""
"202400045527";"155701609";"A01";"1";"7";"0";"2";"8";"15";"1";""
"202400045527";"155701612";"B01";"1";"31";"0";"2";"7";"15";"1";""
"202400045528";"155701607";"A01";"2";"7";"0";"1";"3";"15";"1";""
"202400045529";"155701605";"B01";"1";"50";"0";"2";"1";"21";"3";""
"202400045529";"155701608";"A01";"3";"7";"0";"2";"3";"21";"1";""
"202400045530";"155701603";"A01";"1";"7";"13";"0";"0";"14";"1";""
"202400045531";"155701602";"A01";"1";"14";"0";"2";"0";"0";"1";""
"202400045531";"155701604";"B01";"1";"7";"0";"2";"1";"1";"1";""
"202400045531";"155701606";"C01";"1";"38";"0";"2";"4";"1";"1";"1"
"202400045531";"155701611";"D01";"1";"15";"0";"2";"1";"1";"1";""
"202400045532";"155701600";"A01";"1";"33";"0";"1";"1";"0";"1";""
"202400045533";"155701601";"A01";"1";"7";"0";"1";"3";"1";"1";""
"202400045534";"155701598";"A01";"1";"30";"0";"0";"0";"1";"1";""
"202400045535";"155701592";"A01";"1";"13";"0";"2";"4";"1";"1";""
"202400045535";"155701594";"B01";"1";"10";"0";"2";"4";"15";"1";""
"202400045536";"155701593";"B01";"2";"33";"0";"2";"3";"3";"1";""
"202400045536";"155701597";"A01";"2";"7";"0";"2";"7";"12";"1";""
"202400045537";"155701595";"A01";"1";"7";"0";"2";"2";"2";"1";""
"202400045537";"155701599";"B01";"1";"1";"0";"2";"4";"2";"5";""
"202400045538";"155701590";"A01";"2";"7";"0";"2";"0";"0";"1";""
"202400045538";"155701596";"B01";"1";"32";"0";"2";"1";"1";"1";""
"202400045539";"155701588";"A01";"3";"7";"0";"2";"8";"15";"1";""
"202400045539";"155701591";"B01";"1";"33";"0";"2";"2";"1";"1";""
"202400045540";"155701586";"A01";"3";"31";"0";"0";"0";"1";"1";""
"202400045541";"155701582";"A01";"1";"33";"0";"2";"1";"13";"1";""
"202400045541";"155701584";"B01";"1";"10";"0";"0";"6";"1";"1";""
"202400045541";"155701587";"C01";"1";"10";"0";"0";"5";"1";"1";""
"202400045542";"155701581";"A01";"2";"7";"0";"2";"7";"15";"1";""
"202400045542";"155701585";"B01";"2";"2";"0";"2";"1";"26";"1";""
"202400045543";"155701580";"B01";"1";"33";"0";"2";"7";"1";"1";""
"202400045543";"155701589";"A01";"1";"30";"0";"2";"1";"16";"1";""
"202400045544";"155701579";"A01";"1";"7";"0";"2";"2";"22";"1";""
"202400045544";"155701583";"B01";"1";"1";"0";"2";"3";"1";"5";""
"202400045545";"155701574";"A01";"3";"1";"0";"2";"4";"2";"5";""
"202400045545";"155701576";"B01";"3";"1";"0";"2";"1";"2";"5";""
"202400045546";"155701572";"B01";"2";"2";"0";"2";"7";"0";"1";""
"202400045546";"155701575";"A01";"2";"7";"0";"9";"8";"15";"2";""
"202400045547";"155701573";"A01";"1";"30";"0";"2";"2";"26";"1";""
"202400045547";"155701578";"B01";"3";"7";"0";"2";"3";"9";"1";""
"202400045548";"155701571";"A01";"2";"10";"6";"0";"1";"2";"1";""
"202400045549";"155701567";"A01";"1";"7";"0";"1";"2";"1";"1";""