"Num_Acc";"id_vehicule";"num_veh";"senc";"catv";"obs";"obsm";"choc";"manv";"motor";"occutc"
"202400045550";"155701569";"A01";"1";"7";"15";"2";"2";"3";"1";""
"202400045550";"155701577";"B01";"1";"7";"0";"2";"6";"2";"1";""
"202400045551";"155701563";"B01";"2";"7";"0";"2";"3";"1";"1";""
"202400045551";"155701568";"A01";"2";"2";"0";"2";"1";"9";"1";""
"202400045552";"155701566";"A01";"2";"7";"0";"0";"1";"0";"1";""
"202400045552";"155701570";"B01";"1";"7";"14";"0";"0";"15";"1";""
"202400045553";"155701564";"A01";"1";"7";"0";"1";"4";"4";"1";""
"202400045554";"155701561";"A01";"1";"33";"4";"0";"2";"21";"1";""
"202400045555";"155701562";"A01";"1";"31";"0";"2";"1";"1";"0";""
"202400045555";"155701565";"Z01";"1";"3";"0";"2";"1";"1";"0";""
"202400045556";"155701557";"A01";"1";"7";"0";"2";"1";"2";"1";""
"202400045556";"155701560";"B01";"1";"7";"0";"0";"4";"23";"1";""
"202400045557";"155701554";"CA01";"2";"7";"0";"2";"3";"26";"0";""
"202400045557";"155701556";"B01";"1";"7";"0";"2";"2";"15";"1";""
"202400045558";"155701553";"A01";"1";"7";"0";"0";"1";"1";"1";""
"202400045558";"155701555";"B01";"1";"7";"0";"0";"1";"1";"1";""
"202400045558";"155701558";"C01";"1";"7";"0";"2";"4";"1";"1";""
"202400045559";"155701550";"B01";"0";"1";"0";"2";"1";"1";"5";""
"202400045559";"155701559";"A01";"1";"7";"0";"9";"3";"16";"1";""
"202400045560";"155701547";"B01";"3";"31";"0";"9";"1";"1";"0";""
"202400045560";"155701552";"A01";"3";"30";"0";"2";"3";"15";"1";""
"202400045561";"155701544";"A01";"2";"34";"0";"2";"1";"1";"1";""
"202400045561";"155701546";"B01";"1";"7";"0";"2";"3";"15";"1";""
"202400045562";"155701541";"A01";"3";"33";"12";"0";"1";"18";"1";""
"202400045562";"155701545";"B01";"3";"17";"0";"0";"0";"1";"1";""
"202400045563";"155701542";"B01";"2";"7";"0";"2";"4";"23";"1";""
"202400045563";"155701548";"C01";"2";"10";"0";"2";"4";"23";"1";""
"202400045563";"155701549";"A01";"2";"7";"0";"2";"1";"1";"1";""
"202400045564";"155701539";"A01";"1";"7";"0";"9";"8";"10";"1";""
"202400045564";"155701543";"B01";"1";"33";"0";"2";"1";"17";"1";""
"202400045565";"155701538";"A01";"1";"37";"0";"2";"2";"16";"2";"1"
"202400045565";"155701540";"B01";"1";"1";"0";"2";"6";"1";"5";""
"202400045566";"155701535";"A01";"1";"10";"0";"1";"7";"1";"1";""
"202400045567";"155701551";"A01";"3";"32";"0";"1";"1";"1";"1";""
"202400045568";"155701536";"A01";"1";"1";"0";"2";"1";"1";"5";""
"202400045568";"155701537";"B01";"2";"10";"0";"2";"7";"15";"1";""
"202400045569";"155701534";"A01";"1";"7";"6";"0";"0";"0";"1";""
"202400045570";"155701531";"A01";"2";"30";"0";"2";"8";"7";"1";""
"202400045570";"155701533";"B01";"2";"7";"0";"2";"2";"16";"1";""
"202400045571";"155701527";"A01";"2";"50";"0";"2";"1";"21";"3";""
"202400045571";"155701532";"B01";"2";"1";"0";"2";"1";"26";"5";""
"202400045572";"155701526";"A01";"3";"50";"0";"2";"8";"26";"3";""
"202400045572";"155701529";"B01";"1";"7";"0";"9";"5";"0";"3";""
"202400045573";"155701524";"A01";"2";"7";"0";"2";"3";"13";"2";""
"202400045573";"155701530";"B01";"2";"10";"0";"2";"8";"1";"1";""
"202400045574";"155701525";"A01";"2";"7";"0";"9";"0";"15";"1";""
"202400045574";"155701528";"B01";"1";"33";"0";"2";"0";"21";"1";""
"202400045575";"155701519";"B01";"3";"34";"0";"2";"7";"1";"1";""
"202400045575";"155701521";"A01";"3";"7";"0";"2";"3";"10";"1";""
"202400045576";"155701522";"A01";"1";"10";"16";"0";"1";"13";"1";""
"202400045577";"155701520";"B01";"2";"7";"0";"2";"1";"1";"1";""
"202400045577";"155701523";"A01";"1";"7";"0";"2";"2";"15";"2";""
"202400045578";"155701515";"A01";"1";"7";"1";"2";"1";"0";"1";""
"202400045578";"155701518";"B01";"2";"2";"0";"2";"1";"0";"1";""
"202400045579";"155701514";"A01";"2";"7";"0";"2";"1";"1";"1";""
"202400045579";"155701516";"B01";"2";"7";"0";"2";"3";"1";"2";""
"202400045580";"155701513";"A01";"2";"7";"0";"2";"7";"15";"1";""
"202400045580";"155701517";"B01";"1";"7";"0";"2";"1";"1";"1";""
"202400045581";"155701511";"A01";"3";"37";"9";"1";"2";"7";"1";"1"
"202400045582";"155701505";"A01";"1";"7";"0";"2";"4";"24";"1";""
"202400045582";"155701508";"B01";"1";"60";"1";"0";"1";"2";"5";""
"202400045583";"155701502";"A01";"1";"7";"0";"2";"1";"1";"0";""
"202400045583";"155701506";"B01";"1";"10";"0";"2";"7";"1";"0";""
"202400045584";"155701501";"B01";"1";"7";"0";"2";"8";"1";"1";""
"202400045584";"155701509";"C01";"1";"7";"0";"2";"8";"1";"1";""
"202400045584";"155701512";"A01";"1";"7";"0";"2";"3";"13";"1";""
"202400045585";"155701500";"A01";"0";"32";"0";"2";"1";"1";"1";""
"202400045585";"155701504";"B01";"0";"7";"0";"2";"2";"15";"1";""
"202400045586";"155701496";"A01";"1";"1";"0";"2";"1";"1";"5";""
"202400045586";"155701498";"B01";"1";"7";"0";"2";"8";"24";"1";""
"202400045587";"155701495";"A01";"2";"7";"0";"2";"1";"15";"1";""
"202400045587";"155701499";"B01";"1";"7";"0";"2";"1";"1";"1";""
"202400045588";"155701497";"Z01";"3";"7";"0";"0";"0";"0";"1";""
"202400045588";"155701503";"A01";"3";"7";"0";"2";"1";"1";"1";""
"202400045588";"155701507";"C01";"3";"7";"0";"2";"4";"1";"1";""
"202400045588";"155701510";"B01";"3";"7";"0";"2";"4";"1";"1";""
"202400045589";"155701493";"A01";"1";"7";"0";"2";"1";"1";"0";""
"202400045589";"155701494";"B01";"1";"7";"0";"2";"4";"1";"1";""
"202400045590";"155701491";"A01";"1";"30";"8";"0";"2";"26";"3";""
"202400045591";"155701487";"A01";"1";"7";"0";"2";"2";"20";"1";""
"202400045591";"155701489";"B01";"1";"50";"0";"2";"1";"1";"3";""
"202400045592";"155701490";"B01";"3";"50";"0";"2";"1";"1";"3";""
"202400045592";"155701492";"A01";"3";"7";"0";"2";"3";"15";"1";""
"202400045593";"155701483";"A01";"0";"10";"0";"1";"8";"15";"1";""
"202400045594";"155701482";"A01";"1";"43";"0";"2";"1";"2";"1";""
"202400045594";"155701485";"B01";"1";"7";"0";"2";"4";"23";"1";""
"202400045595";"155701486";"A01";"1";"10";"0";"1";"1";"15";"1";""
"202400045596";"155701480";"A01";"1";"7";"0";"2";"2";"2";"1";""
"202400045596";"155701481";"B01";"1";"50";"0";"2";"3";"2";"3";""
"202400045597";"155701484";"A01";"1";"30";"0";"2";"1";"1";"1";""
"202400045597";"155701488";"B01";"2";"7";"0";"2";"8";"15";"1";""
"202400045598";"155701476";"A01";"3";"7";"0";"1";"1";"15";"1";""
"202400045599";"155701472";"A01";"1";"7";"0";"2";"1";"9";"1";""
"202400045599";"155701477";"B01";"3";"33";"0";"2";"1";"1";"1";""
"202400045600";"155701471";"A01";"2";"33";"9";"2";"3";"17";"1";""
"202400045600";"155701475";"B01";"2";"10";"0";"2";"3";"15";"1";""
"202400045601";"155701470";"C01";"2";"7";"0";"2";"1";"1";"1";""
"202400045601";"155701473";"A01";"1";"7";"0";"2";"1";"1";"1";""
"202400045601";"155701479";"B01";"1";"7";"0";"2";"1";"15";"1";""
"202400045602";"155701469";"B01";"0";"7";"0";"2";"2";"1";"1";""
"202400045602";"155701478";"A01";"0";"7";"0";"2";"3";"9";"2";""
"202400045603";"155701467";"C01";"0";"7";"0";"2";"0";"0";"0";""
"202400045603";"155701468";"A01";"0";"7";"0";"2";"3";"26";"0";""
"202400045603";"155701474";"B01";"0";"10";"0";"2";"2";"0";"0";""
"202400045604";"155701465";"A01";"1";"34";"0";"2";"8";"17";"1";""
"202400045604";"155701466";"B01";"1";"7";"0";"2";"3";"13";"0";""
"202400045605";"155701463";"A01";"1";"7";"4";"0";"8";"13";"1";""
"202400045606";"155701462";"A01";"1";"50";"0";"1";"1";"5";"3";""
"202400045607";"155701459";"A01";"2";"7";"0";"2";"1";"19";"1";""
"202400045607";"155701464";"B01";"1";"7";"0";"2";"8";"1";"1";""
"202400045608";"155701456";"B01";"2";"7";"0";"2";"3";"10";"1";""
"202400045608";"155701461";"A01";"2";"32";"0";"2";"1";"17";"1";""
"202400045609";"155701458";"A01";"2";"7";"0";"2";"2";"1";"1";""
"202400045609";"155701460";"B01";"2";"7";"0";"2";"6";"1";"1";""
"202400045610";"155701453";"Z01";"1";"7";"0";"2";"0";"1";"1";""
"202400045610";"155701457";"B01";"2";"7";"0";"2";"1";"1";"1";""
"202400045611";"155701452";"A01";"3";"33";"16";"0";"7";"1";"1";""
"202400045612";"155701451";"B01";"0";"7";"0";"2";"8";"11";"0";""
"202400045612";"155701454";"A01";"3";"7";"0";"2";"1";"1";"1";""
"202400045612";"155701455";"C01";"3";"7";"0";"2";"6";"1";"0";""
"202400045613";"155701450";"A01";"3";"7";"0";"1";"1";"1";"1";""
"202400045614";"155701448";"A01";"3";"7";"0";"1";"6";"1";"2";""
"202400045615";"155701447";"A01";"1";"2";"12";"0";"0";"0";"1";""
"202400045616";"155701444";"A01";"1";"30";"0";"2";"0";"13";"1";""
"202400045616";"155701445";"B01";"1";"30";"0";"2";"0";"1";"1";""
"202400045617";"155701446";"A01";"2";"7";"0";"2";"1";"1";"1";""
"202400045617";"155701449";"B01";"2";"30";"0";"2";"4";"1";"1";""
"202400045618";"155701439";"B01";"0";"50";"0";"2";"8";"2";"3";""
"202400045618";"155701442";"A01";"0";"7";"0";"2";"7";"16";"1";""
"202400045619";"155701440";"A01";"3";"7";"0";"2";"0";"26";"0";""
"202400045619";"155701443";"B01";"3";"32";"0";"2";"7";"3";"3";""
"202400045620";"155701437";"B01";"2";"33";"0";"2";"1";"1";"1";""
"202400045620";"155701441";"A01";"2";"7";"0";"2";"8";"20";"1";""
"202400045621";"155701433";"A01";"3";"7";"0";"2";"1";"1";"3";""
"202400045621";"155701436";"B01";"3";"7";"0";"2";"3";"1";"1";""
"202400045622";"155701435";"A01";"2";"33";"13";"0";"0";"1";"1";""
"202400045623";"155701434";"A01";"2";"7";"0";"2";"3";"9";"1";""
"202400045623";"155701438";"B01";"2";"33";"0";"2";"1";"1";"1";""
"202400045624";"155701431";"B01";"0";"7";"0";"2";"3";"1";"1";""
"202400045624";"155701432";"A01";"0";"7";"0";"2";"3";"1";"1";""
"202400045625";"155701427";"A01";"3";"7";"0";"2";"6";"1";"1";""
"202400045625";"155701430";"B01";"3";"7";"0";"2";"2";"2";"1";""
"202400045626";"155701429";"A01";"2";"7";"6";"0";"1";"0";"1";""
"202400045627";"155701426";"A01";"3";"30";"0";"2";"2";"12";"1";""
"202400045627";"155701428";"B01";"3";"7";"0";"2";"3";"1";"1";""
"202400045628";"155701425";"A01";"3";"7";"0";"0";"0";"0";"1";""
"202400045629";"155701422";"A01";"1";"7";"2";"0";"1";"1";"1";""
"202400045630";"155701417";"A01";"1";"7";"2";"0";"1";"13";"1";""
"202400045631";"155701415";"A01";"1";"30";"0";"2";"8";"13";"1";""
"202400045631";"155701418";"B01";"2";"7";"0";"2";"3";"1";"1";""
"202400045632";"155701416";"A01";"3";"7";"0";"2";"2";"20";"1";""
"202400045632";"155701420";"B01";"3";"30";"0";"2";"0";"1";"1";""
"202400045633";"155701414";"A01";"3";"7";"6";"0";"1";"1";"1";""
"202400045634";"155701412";"Z01";"2";"7";"0";"1";"0";"0";"0";""
"202400045635";"155701408";"B01";"3";"1";"0";"2";"1";"5";"5";""
"202400045635";"155701410";"A01";"3";"7";"0";"2";"1";"9";"1";""
"202400045636";"155701406";"B01";"2";"7";"0";"2";"3";"1";"1";""
"202400045636";"155701409";"A01";"1";"7";"0";"2";"3";"13";"1";""
"202400045637";"155701405";"A01";"1";"7";"0";"2";"4";"1";"1";""
"202400045637";"155701407";"Z01";"1";"7";"0";"2";"1";"2";"1";""
"202400045638";"155701403";"B01";"3";"1";"0";"2";"1";"1";"5";""
"202400045638";"155701404";"A01";"3";"10";"0";"2";"5";"12";"1";""
"202400045639";"155701402";"A01";"1";"7";"17";"0";"3";"13";"1";""
"202400045640";"155701399";"B01";"2";"7";"0";"2";"1";"5";"1";""
"202400045640";"155701400";"A01";"1";"7";"0";"2";"1";"1";"1";""
"202400045641";"155701401";"A01";"3";"7";"0";"1";"1";"16";"1";""
"202400045642";"155701396";"A01";"1";"2";"0";"2";"1";"25";"1";""
"202400045642";"155701397";"B01";"2";"7";"0";"0";"5";"15";"1";""
"202400045643";"155701395";"B01";"2";"2";"0";"2";"8";"26";"1";""
"202400045643";"155701398";"A01";"2";"7";"0";"2";"1";"19";"1";""
"202400045644";"155701393";"B01";"2";"7";"0";"2";"3";"21";"1";""
"202400045644";"155701394";"A01";"1";"7";"0";"2";"3";"13";"1";""
"202400045645";"155701390";"A01";"1";"2";"0";"2";"3";"13";"1";""
"202400045645";"155701391";"B01";"2";"10";"0";"2";"6";"1";"1";""
"202400045646";"155701386";"A01";"1";"30";"0";"1";"1";"1";"1";""
"202400045647";"155701389";"A01";"1";"33";"0";"2";"1";"2";"1";""
"202400045647";"155701392";"B01";"1";"7";"0";"2";"6";"2";"1";""
"202400045648";"155701387";"A01";"1";"30";"0";"2";"1";"5";"1";""
"202400045648";"155701388";"B01";"2";"10";"0";"2";"1";"1";"1";""
"202400045649";"155701384";"A01";"2";"33";"13";"2";"1";"17";"1";""
"202400045649";"155701385";"B01";"1";"7";"0";"2";"1";"23";"1";""
"202400045650";"155701381";"A01";"2";"10";"0";"2";"3";"9";"1";""
"202400045650";"155701383";"B01";"1";"30";"0";"2";"7";"9";"1";""
"202400045651";"155701382";"A01";"1";"33";"12";"0";"1";"1";"1";""
"202400045652";"155701378";"A01";"1";"7";"0";"5";"1";"1";"1";""
"202400045652";"155701380";"B01";"2";"7";"0";"2";"6";"1";"2";""
"202400045653";"155701379";"A01";"2";"7";"0";"0";"0";"26";"0";""
"202400045654";"155701376";"A01";"2";"7";"0";"1";"3";"1";"1";""
"202400045655";"155701373";"A01";"3";"7";"0";"2";"2";"26";"1";""
"202400045655";"155701377";"B01";"3";"2";"0";"2";"5";"26";"1";""
"202400045656";"155701370";"A01";"1";"7";"9";"0";"1";"1";"1";""
"202400045657";"155701369";"B01";"1";"10";"0";"2";"1";"23";"1";""
"202400045657";"155701372";"C01";"1";"7";"0";"2";"4";"23";"1";""
"202400045657";"155701375";"A01";"1";"7";"0";"2";"1";"1";"1";""
"202400045658";"155701367";"A01";"2";"7";"0";"2";"1";"1";"1";""
"202400045658";"155701368";"B01";"2";"10";"0";"2";"4";"23";"1";""
"202400045658";"155701371";"C01";"2";"10";"0";"2";"4";"23";"1";""
"202400045659";"155701365";"A01";"2";"36";"0";"0";"0";"0";"1";""
"202400045660";"155701366";"B01";"1";"1";"0";"2";"1";"1";"5";""
"202400045660";"155701374";"A01";"1";"7";"0";"2";"3";"1";"1";""
"202400045661";"155701363";"A01";"2";"7";"0";"1";"3";"17";"1";""
"202400045662";"155701364";"A01";"3";"1";"0";"0";"0";"1";"5";""
"202400045663";"155701361";"A01";"1";"37";"0";"1";"2";"1";"2";"1"
"202400045664";"155701360";"A01";"1";"7";"2";"0";"2";"1";"1";""
"202400045665";"155701359";"B01";"3";"7";"0";"2";"3";"5";"1";""
"202400045665";"155701362";"A01";"3";"10";"0";"2";"2";"11";"3";""
"202400045666";"155701355";"A01";"1";"7";"0";"2";"1";"13";"1";""
"202400045666";"155701357";"B01";"2";"7";"0";"2";"1";"1";"1";""
"202400045667";"155701354";"A01";"2";"7";"0";"2";"3";"2";"2";""
"202400045667";"155701358";"B01";"2";"7";"0";"2";"6";"2";"1";""
"202400045668";"155701356";"A01";"2";"7";"14";"0";"4";"26";"1";""
"202400045669";"155701350";"A01";"3";"7";"0";"2";"2";"1";"1";""
"202400045669";"155701353";"B01";"3";"33";"0";"2";"4";"23";"1";""
"202400045670";"155701349";"A01";"1";"33";"0";"2";"1";"13";"1";""
"202400045670";"155701352";"B01";"2";"7";"0";"2";"7";"13";"1";""
"202400045671";"155701348";"B01";"2";"7";"0";"2";"3";"1";"1";""
"202400045671";"155701351";"A01";"2";"31";"0";"2";"7";"3";"3";""
"202400045672";"155701347";"A01";"1";"7";"0";"1";"1";"1";"2";""
"202400045673";"155701346";"A01";"2";"7";"17";"0";"2";"1";"1";""
"202400045674";"155701345";"A01";"2";"33";"0";"0";"8";"1";"1";""
"202400045675";"155701343";"A01";"2";"7";"13";"0";"2";"26";"1";""
"202400045676";"155701341";"A01";"1";"7";"0";"2";"1";"0";"1";""
"202400045676";"155701344";"B01";"1";"7";"0";"2";"4";"2";"2";""
"202400045677";"155701339";"Z01";"2";"7";"1";"1";"1";"14";"1";""
"202400045678";"155701338";"A01";"1";"1";"0";"0";"0";"13";"5";""
"202400045679";"155701337";"A01";"2";"7";"0";"2";"1";"2";"1";""
"202400045679";"155701340";"B01";"2";"7";"0";"0";"0";"0";"1";""
"202400045679";"155701342";"C01";"2";"7";"0";"0";"0";"0";"1";""
"202400045680";"155701336";"B01";"3";"1";"0";"1";"8";"26";"5";""
"202400045681";"155701334";"A01";"3";"36";"0";"0";"0";"16";"1";""
"202400045682";"155701331";"B01";"1";"7";"0";"2";"7";"16";"1";""
"202400045682";"155701333";"A01";"1";"31";"0";"2";"8";"18";"1";""
"202400045683";"155701332";"A01";"1";"1";"0";"2";"8";"1";"5";""
"202400045683";"155701335";"Z01";"1";"7";"0";"2";"1";"1";"0";""
"202400045684";"155701328";"A01";"1";"33";"0";"2";"1";"17";"1";""
"202400045684";"155701329";"B01";"2";"7";"0";"2";"1";"1";"1";""
"202400045685";"155701327";"B01";"3";"7";"0";"9";"1";"1";"0";""
"202400045685";"155701330";"A01";"3";"80";"0";"2";"1";"1";"3";""
"202400045686";"155701324";"A01";"1";"7";"0";"1";"2";"21";"1";""
"202400045687";"155701325";"B01";"1";"1";"0";"2";"2";"16";"5";""
"202400045687";"155701326";"A01";"1";"80";"0";"2";"1";"5";"3";""
"202400045688";"155701319";"A01";"1";"7";"0";"2";"8";"24";"1";""
"202400045688";"155701322";"B01";"1";"1";"1";"0";"1";"1";"5";""
"202400045689";"155701315";"A01";"2";"7";"0";"2";"3";"26";"1";""
"202400045689";"155701318";"B01";"1";"7";"0";"2";"3";"1";"1";""
"202400045690";"155701316";"A01";"3";"7";"0";"2";"1";"2";"1";""
"202400045690";"155701320";"B01";"0";"7";"0";"2";"4";"2";"1";""
"202400045691";"155701317";"A01";"2";"34";"0";"2";"1";"18";"3";""
"202400045691";"155701321";"B01";"2";"10";"0";"2";"7";"16";"1";""
"202400045692";"155701314";"A01";"3";"2";"0";"0";"0";"1";"1";""
"202400045693";"155701312";"A01";"1";"1";"0";"0";"0";"1";"5";""
"202400045694";"155701311";"A01";"1";"3";"0";"0";"7";"1";"3";""
"202400045695";"155701309";"A01";"2";"7";"0";"2";"1";"17";"1";""
"202400045695";"155701310";"B01";"1";"7";"0";"2";"1";"1";"1";""
"202400045696";"155701306";"Z01";"3";"10";"0";"1";"8";"1";"3";""
"202400045697";"155701305";"B01";"1";"33";"0";"0";"0";"0";"1";""
"202400045697";"155701308";"F01";"1";"10";"0";"2";"2";"16";"1";""
"202400045698";"155701304";"A01";"3";"7";"0";"2";"8";"15";"1";""
"202400045698";"155701307";"B01";"3";"33";"0";"2";"1";"17";"1";""
"202400045699";"155701301";"A01";"2";"1";"0";"2";"1";"2";"5";""
"202400045699";"155701303";"B01";"2";"7";"0";"2";"4";"2";"1";""
"202400045700";"155701299";"A01";"1";"7";"0";"9";"2";"2";"1";""
"202400045700";"155701302";"B01";"1";"1";"0";"2";"1";"2";"5";""
"202400045701";"155701298";"B01";"3";"30";"0";"2";"7";"0";"1";""
"202400045701";"155701300";"A01";"3";"7";"0";"2";"3";"0";"1";""
"202400045702";"155701296";"Z01";"3";"7";"0";"2";"7";"11";"1";""
"202400045702";"155701297";"B01";"3";"43";"0";"2";"7";"1";"1";""
"202400045703";"155701295";"A01";"3";"30";"0";"1";"1";"1";"1";""
"202400045704";"155701288";"A01";"2";"10";"0";"2";"1";"2";"0";""
"202400045704";"155701294";"B01";"2";"7";"0";"2";"4";"23";"0";""
"202400045705";"155701286";"A01";"1";"7";"0";"2";"1";"26";"1";""
"202400045705";"155701291";"B01";"2";"3";"0";"2";"3";"1";"1";""
"202400045705";"155701292";"C01";"2";"7";"0";"2";"6";"1";"1";""
"202400045706";"155701289";"A01";"1";"3";"0";"2";"3";"13";"3";""
"202400045706";"155701293";"B01";"2";"7";"0";"2";"8";"21";"2";""
"202400045707";"155701287";"A01";"2";"7";"0";"2";"1";"13";"1";""
"202400045707";"155701290";"B01";"1";"7";"3";"2";"3";"1";"1";""
"202400045708";"155701285";"A01";"3";"33";"14";"0";"1";"26";"1";""
"202400045709";"155701282";"B01";"2";"7";"0";"2";"3";"13";"1";""
"202400045709";"155701284";"A01";"1";"2";"0";"2";"1";"17";"3";""
"202400045710";"155701281";"A01";"0";"2";"8";"0";"2";"1";"1";""
"202400045711";"155701280";"Z01";"1";"10";"0";"1";"0";"17";"1";""
"202400045712";"155701276";"B01";"2";"7";"0";"2";"1";"1";"1";""
"202400045712";"155701279";"A01";"1";"7";"0";"2";"2";"15";"3";""
"202400045713";"155701277";"A01";"0";"33";"14";"0";"0";"0";"1";""
"202400045714";"155701271";"A01";"3";"7";"0";"2";"2";"5";"1";""
"202400045714";"155701274";"B01";"3";"33";"0";"2";"1";"1";"1";""
"202400045715";"155701269";"B01";"1";"10";"13";"2";"1";"13";"1";""
"202400045715";"155701273";"A01";"2";"7";"0";"2";"1";"1";"1";""
"202400045716";"155701275";"A01";"3";"7";"14";"0";"6";"7";"1";""
"202400045716";"155701278";"B01";"3";"2";"14";"0";"1";"7";"1";""
"202400045717";"155701268";"A01";"1";"10";"0";"2";"1";"1";"1";""
"202400045717";"155701272";"B01";"1";"10";"0";"2";"4";"1";"1";""
"202400045718";"155701267";"A01";"1";"10";"0";"2";"1";"13";"1";""
"202400045718";"155701270";"B01";"2";"7";"0";"2";"1";"1";"1";""
"202400045719";"155701265";"A01";"3";"7";"2";"0";"8";"1";"1";""
"202400045720";"155701264";"A01";"2";"31";"12";"0";"2";"16";"1";""
"202400045721";"155701262";"A01";"1";"7";"0";"2";"1";"1";"1";""
"202400045721";"155701266";"B01";"1";"7";"0";"2";"8";"1";"3";""
"202400045722";"155701261";"B01";"2";"7";"0";"2";"5";"1";"1";""
"202400045722";"155701263";"A01";"2";"33";"0";"2";"8";"21";"1";""
"202400045723";"155701258";"A01";"1";"7";"0";"2";"1";"13";"1";""
"202400045723";"155701260";"B01";"2";"38";"0";"2";"1";"1";"1";"1"
"202400045724";"155701254";"B01";"2";"7";"0";"2";"3";"1";"1";""
"202400045724";"155701257";"A01";"1";"7";"0";"2";"1";"13";"1";""
"202400045725";"155701256";"A01";"1";"1";"0";"1";"3";"1";"5";""
"202400045726";"155701253";"A01";"1";"1";"1";"0";"3";"1";"5";""
"202400045727";"155701252";"A01";"2";"10";"13";"0";"2";"15";"1";""
"202400045728";"155701249";"A01";"2";"33";"0";"1";"1";"1";"0";""
"202400045729";"155701247";"B01";"3";"1";"0";"2";"1";"1";"5";""
"202400045729";"155701250";"A01";"3";"7";"0";"2";"3";"9";"1";""
"202400045730";"155701246";"A01";"3";"7";"0";"1";"7";"17";"2";""
"202400045731";"155701243";"A01";"1";"50";"0";"0";"1";"1";"3";""
"202400045732";"155701242";"A01";"1";"7";"0";"2";"3";"24";"1";""
"202400045732";"155701245";"B01";"1";"7";"0";"2";"7";"1";"1";""
"202400045733";"155701240";"A01";"2";"10";"0";"2";"1";"5";"1";""
"202400045733";"155701244";"B01";"1";"7";"0";"2";"1";"1";"1";""
"202400045734";"155701241";"A01";"1";"33";"0";"1";"1";"1";"1";""
"202400045735";"155701235";"A01";"1";"32";"0";"2";"1";"1";"1";""
"202400045735";"155701238";"B01";"1";"1";"0";"2";"3";"19";"5";""
"202400045736";"155701234";"A01";"2";"7";"0";"2";"1";"1";"1";""
"202400045736";"155701237";"B01";"2";"7";"0";"2";"4";"23";"1";""
"202400045737";"155701233";"A01";"2";"7";"0";"0";"0";"22";"2";""
"202400045737";"155701236";"B01";"2";"2";"1";"0";"1";"3";"1";""
"202400045738";"155701231";"A01";"1";"7";"0";"2";"1";"9";"1";""
"202400045738";"155701239";"B01";"2";"7";"0";"2";"2";"1";"1";""
"202400045739";"155701230";"A01";"2";"7";"0";"2";"1";"2";"1";""
"202400045739";"155701232";"B01";"2";"34";"0";"0";"4";"2";"1";""
"202400045740";"155701229";"A01";"3";"7";"2";"0";"1";"23";"1";""
"202400045741";"155701226";"A01";"2";"7";"0";"2";"2";"12";"1";""
"202400045741";"155701228";"B01";"2";"31";"0";"2";"8";"3";"1";""
"202400045742";"155701227";"A01";"2";"80";"0";"0";"1";"2";"3";""
"202400045743";"155701223";"A01";"3";"21";"8";"0";"2";"26";"1";""
"202400045744";"155701222";"A01";"2";"30";"0";"2";"4";"2";"1";""
"202400045744";"155701225";"B01";"2";"7";"0";"2";"1";"0";"1";""
"202400045745";"155701220";"B01";"1";"1";"0";"2";"3";"1";"5";""
"202400045745";"155701224";"A01";"1";"7";"0";"2";"2";"16";"1";""
"202400045746";"155701219";"A01";"1";"10";"0";"2";"4";"1";"1";""
"202400045746";"155701221";"B01";"1";"33";"0";"2";"1";"2";"1";""
"202400045747";"155701217";"A01";"2";"80";"0";"9";"3";"26";"3";""
"202400045747";"155701218";"B01";"1";"80";"0";"9";"1";"1";"3";""
"202400045748";"155701214";"A01";"2";"7";"0";"2";"1";"2";"2";""
"202400045748";"155701216";"B01";"2";"38";"0";"2";"5";"24";"1";"1"
"202400045749";"155701213";"A01";"2";"31";"0";"0";"5";"16";"1";""
"202400045750";"155701211";"A01";"2";"1";"0";"2";"1";"1";"5";""
"202400045750";"155701212";"B01";"2";"7";"0";"2";"2";"12";"1";""
"202400045751";"155701215";"A01";"2";"1";"0";"0";"0";"1";"5";""
"202400045752";"155701207";"B01";"1";"7";"0";"2";"2";"15";"2";""
"202400045752";"155701208";"A01";"1";"1";"0";"2";"2";"15";"5";""
"202400045753";"155701210";"A01";"1";"1";"0";"1";"8";"1";"5";""
"202400045754";"155701203";"A01";"1";"10";"0";"2";"1";"1";"1";""
"202400045754";"155701206";"B01";"1";"7";"0";"2";"1";"1";"1";""
"202400045754";"155701209";"C01";"1";"7";"0";"2";"4";"1";"1";""
"202400045755";"155701201";"A01";"2";"7";"1";"2";"1";"1";"1";""
"202400045755";"155701205";"B01";"2";"10";"0";"2";"5";"15";"1";""
"202400045756";"155701202";"A01";"2";"7";"0";"2";"2";"13";"1";""
"202400045756";"155701204";"B01";"1";"7";"0";"2";"1";"1";"1";""
"202400045757";"155701200";"A01";"2";"50";"1";"0";"1";"2";"3";""
"202400045758";"155701197";"A01";"1";"7";"0";"2";"2";"16";"0";""
"202400045758";"155701199";"B01";"3";"10";"0";"2";"2";"1";"1";""
"202400045759";"155701194";"B01";"2";"7";"0";"2";"1";"1";"1";""
"202400045759";"155701198";"A01";"1";"7";"0";"2";"1";"5";"1";""
"202400045760";"155701193";"A01";"1";"34";"0";"2";"1";"3";"1";""
"202400045760";"155701196";"B01";"1";"7";"0";"2";"4";"1";"1";""
"202400045761";"155701192";"A01";"2";"7";"0";"1";"3";"1";"2";""
"202400045762";"155701191";"B01";"1";"7";"0";"2";"2";"17";"1";""