"Num_Acc";"id_vehicule";"num_veh";"senc";"catv";"obs";"obsm";"choc";"manv";"motor";"occutc"
"202400045762";"155701195";"A01";"1";"1";"0";"2";"6";"15";"5";""
"202400045763";"155701185";"B01";"2";"7";"0";"2";"6";"1";"1";""
"202400045763";"155701188";"A01";"2";"7";"0";"2";"2";"1";"1";""
"202400045764";"155701186";"A01";"3";"7";"0";"2";"2";"1";"1";""
"202400045764";"155701190";"B01";"1";"7";"0";"2";"2";"15";"3";""
"202400045765";"155701183";"B01";"1";"7";"0";"2";"7";"1";"2";""
"202400045765";"155701187";"C01";"1";"10";"0";"2";"6";"1";"1";""
"202400045765";"155701189";"A01";"1";"33";"0";"2";"1";"12";"1";""
"202400045766";"155701181";"B01";"1";"38";"0";"0";"6";"24";"1";"1"
"202400045766";"155701184";"A01";"0";"37";"1";"0";"2";"1";"2";"1"
"202400045767";"155701180";"A01";"1";"7";"0";"2";"3";"1";"1";""
"202400045767";"155701182";"B01";"1";"7";"0";"2";"1";"1";"1";""
"202400045768";"155701176";"A01";"1";"7";"0";"2";"8";"15";"1";""
"202400045768";"155701178";"B01";"1";"32";"0";"2";"1";"17";"1";""
"202400045769";"155701175";"A01";"1";"7";"0";"2";"6";"11";"1";""
"202400045769";"155701179";"B01";"1";"17";"0";"2";"2";"12";"1";""
"202400045770";"155701173";"A01";"2";"32";"0";"2";"1";"3";"1";""
"202400045770";"155701174";"B01";"2";"7";"0";"2";"5";"1";"3";""
"202400045770";"155701177";"C01";"2";"7";"0";"2";"6";"1";"1";""
"202400045771";"155701171";"B01";"2";"7";"0";"0";"3";"13";"1";""
"202400045771";"155701172";"A01";"2";"7";"0";"0";"2";"17";"1";""
"202400045772";"155701167";"B01";"2";"38";"0";"2";"3";"1";"0";"1"
"202400045772";"155701170";"A01";"1";"7";"0";"2";"3";"1";"1";""
"202400045773";"155701166";"B01";"0";"33";"0";"2";"1";"0";"1";""
"202400045773";"155701169";"A01";"0";"7";"0";"2";"0";"15";"1";""
"202400045774";"155701163";"A01";"2";"32";"0";"2";"2";"3";"1";""
"202400045774";"155701165";"B01";"2";"7";"0";"2";"6";"1";"1";""
"202400045775";"155701162";"B01";"1";"7";"0";"2";"7";"1";"1";""
"202400045775";"155701164";"C01";"1";"7";"0";"2";"1";"1";"1";""
"202400045775";"155701168";"A01";"1";"7";"0";"2";"3";"11";"1";""
"202400045776";"155701161";"A01";"3";"41";"6";"0";"3";"13";"1";""
"202400045777";"155701156";"A01";"2";"33";"0";"2";"1";"3";"1";""
"202400045777";"155701159";"B01";"2";"7";"0";"2";"5";"1";"3";""
"202400045778";"155701157";"A01";"1";"7";"0";"2";"3";"1";"1";""
"202400045778";"155701160";"B01";"2";"2";"0";"2";"1";"0";"1";""
"202400045779";"155701158";"A01";"1";"50";"0";"1";"3";"1";"3";""
"202400045780";"155701152";"A01";"3";"43";"0";"2";"1";"26";"1";""
"202400045780";"155701154";"B01";"3";"7";"0";"2";"3";"23";"1";""
"202400045781";"155701151";"C01";"1";"7";"0";"2";"4";"2";"1";""
"202400045781";"155701153";"A01";"1";"7";"0";"2";"1";"2";"0";""
"202400045781";"155701155";"B01";"1";"7";"0";"2";"4";"2";"1";""
"202400045782";"155701150";"A01";"3";"33";"4";"0";"0";"14";"1";""
"202400045783";"155701148";"A01";"0";"30";"0";"0";"0";"13";"0";""
"202400045784";"155701143";"A01";"3";"38";"0";"1";"2";"26";"0";"1"
"202400045785";"155701142";"A01";"2";"7";"0";"2";"6";"12";"1";""
"202400045785";"155701145";"B01";"2";"0";"0";"2";"1";"0";"0";""
"202400045786";"155701141";"Z01";"2";"32";"0";"2";"1";"1";"0";""
"202400045786";"155701147";"B01";"1";"1";"0";"2";"7";"1";"5";""
"202400045787";"155701140";"A01";"2";"7";"0";"2";"2";"15";"2";""
"202400045787";"155701144";"B01";"1";"32";"0";"2";"1";"1";"1";""
"202400045788";"155701146";"A01";"1";"7";"0";"2";"2";"15";"1";""
"202400045788";"155701149";"B01";"2";"2";"0";"2";"1";"1";"1";""
"202400045789";"155701136";"A01";"3";"7";"0";"1";"1";"1";"1";""
"202400045790";"155701134";"A01";"1";"7";"0";"2";"2";"15";"1";""
"202400045790";"155701139";"B01";"2";"99";"0";"2";"1";"16";"3";""
"202400045791";"155701132";"A01";"0";"80";"0";"2";"7";"1";"3";""
"202400045791";"155701137";"B01";"0";"7";"0";"2";"1";"1";"1";""
"202400045792";"155701133";"A01";"2";"1";"1";"2";"1";"5";"5";""
"202400045792";"155701138";"B01";"3";"7";"0";"2";"1";"1";"2";""
"202400045793";"155701131";"A01";"2";"7";"0";"0";"4";"1";"1";""
"202400045793";"155701135";"B01";"2";"7";"0";"2";"1";"1";"1";""
"202400045794";"155701130";"A01";"2";"10";"0";"1";"1";"15";"1";""
"202400045795";"155701125";"B01";"3";"7";"0";"2";"6";"20";"1";""
"202400045795";"155701129";"A01";"3";"7";"0";"2";"2";"17";"2";""
"202400045796";"155701124";"B01";"1";"10";"0";"2";"2";"1";"1";""
"202400045796";"155701128";"A01";"1";"31";"0";"2";"0";"0";"1";""
"202400045797";"155701126";"A01";"1";"7";"5";"0";"7";"1";"1";""
"202400045798";"155701123";"A01";"0";"7";"0";"2";"1";"26";"1";""
"202400045798";"155701127";"B01";"3";"1";"0";"0";"8";"0";"5";""
"202400045799";"155701122";"A01";"2";"7";"12";"0";"2";"13";"1";""
"202400045800";"155701121";"A01";"1";"13";"0";"1";"8";"1";"1";""
"202400045801";"155701118";"A01";"3";"7";"0";"2";"8";"11";"3";""
"202400045801";"155701120";"B01";"3";"34";"0";"2";"2";"0";"1";""
"202400045802";"155701119";"A01";"3";"7";"6";"0";"2";"1";"1";""
"202400045803";"155701115";"B01";"1";"1";"0";"2";"3";"1";"5";""
"202400045803";"155701116";"A01";"1";"10";"0";"2";"2";"22";"1";""
"202400045804";"155701114";"B01";"3";"10";"0";"2";"1";"19";"1";""
"202400045804";"155701117";"A01";"3";"1";"0";"2";"6";"1";"5";""
"202400045805";"155701110";"A01";"2";"7";"0";"2";"6";"16";"3";""
"202400045805";"155701112";"B01";"2";"33";"0";"2";"0";"0";"1";""
"202400045806";"155701111";"B01";"2";"7";"0";"1";"1";"0";"1";""
"202400045807";"155701108";"A01";"1";"1";"12";"0";"1";"14";"5";""
"202400045808";"155701109";"A01";"2";"7";"0";"2";"3";"24";"1";""
"202400045808";"155701113";"B01";"1";"7";"0";"1";"3";"21";"1";""
"202400045809";"155701105";"Z01";"0";"31";"0";"0";"0";"0";"0";""
"202400045809";"155701107";"A01";"0";"43";"0";"2";"0";"1";"1";""
"202400045810";"155701099";"C01";"1";"13";"0";"0";"0";"0";"1";""
"202400045810";"155701103";"A01";"1";"33";"3";"2";"1";"13";"1";""
"202400045810";"155701106";"B01";"1";"43";"0";"2";"4";"13";"1";""
"202400045811";"155701102";"A01";"1";"1";"0";"1";"8";"1";"5";""
"202400045812";"155701101";"A01";"2";"2";"2";"0";"1";"1";"1";""
"202400045813";"155701100";"A01";"1";"7";"0";"0";"8";"19";"1";""
"202400045813";"155701104";"B01";"2";"33";"0";"2";"1";"1";"1";""
"202400045814";"155701098";"A01";"1";"7";"0";"1";"3";"9";"3";""
"202400045815";"155701096";"A01";"3";"10";"0";"2";"1";"1";"1";""
"202400045815";"155701097";"B01";"3";"1";"0";"2";"7";"1";"5";""
"202400045816";"155701091";"B01";"2";"7";"0";"2";"1";"1";"1";""
"202400045816";"155701095";"A01";"1";"7";"0";"2";"1";"13";"1";""
"202400045817";"155701088";"Z01";"1";"7";"0";"2";"1";"16";"0";""
"202400045817";"155701092";"B01";"1";"50";"0";"2";"1";"8";"3";""
"202400045818";"155701090";"A01";"1";"7";"0";"2";"3";"17";"1";""
"202400045818";"155701094";"B01";"1";"34";"0";"2";"2";"2";"1";""
"202400045819";"155701086";"C01";"2";"7";"0";"2";"7";"1";"1";""
"202400045819";"155701089";"B01";"2";"7";"0";"2";"1";"1";"1";""
"202400045819";"155701093";"A01";"1";"33";"5";"2";"1";"1";"1";""
"202400045820";"155701085";"A01";"2";"7";"0";"2";"3";"13";"1";""
"202400045820";"155701087";"B01";"1";"37";"0";"2";"3";"1";"1";"1"
"202400045821";"155701083";"A01";"3";"7";"0";"1";"1";"1";"2";""
"202400045822";"155701081";"A01";"2";"10";"1";"0";"0";"26";"1";""
"202400045822";"155701084";"B01";"2";"1";"1";"2";"8";"1";"5";""
"202400045823";"155701079";"B01";"1";"32";"0";"2";"1";"17";"1";""
"202400045823";"155701082";"A01";"1";"7";"0";"2";"6";"22";"3";""
"202400045824";"155701078";"A01";"2";"2";"0";"2";"3";"26";"1";""
"202400045824";"155701080";"B01";"2";"7";"0";"2";"2";"1";"3";""
"202400045825";"155701075";"A01";"1";"7";"0";"1";"5";"20";"1";""
"202400045826";"155701074";"A01";"1";"7";"1";"0";"2";"1";"1";""
"202400045827";"155701073";"A01";"2";"7";"0";"2";"1";"13";"1";""
"202400045827";"155701077";"B01";"1";"7";"0";"2";"1";"1";"1";""
"202400045828";"155701071";"B01";"1";"2";"0";"2";"1";"1";"3";""
"202400045828";"155701076";"A01";"1";"10";"0";"2";"2";"1";"1";""
"202400045829";"155701070";"B01";"2";"7";"0";"2";"5";"20";"1";""
"202400045829";"155701072";"A01";"2";"7";"1";"2";"2";"1";"1";""
"202400045830";"155701068";"A01";"2";"50";"1";"0";"0";"1";"3";""
"202400045831";"155701066";"A01";"1";"33";"0";"0";"6";"2";"1";""
"202400045831";"155701069";"B01";"2";"7";"0";"0";"2";"2";"1";""
"202400045832";"155701063";"A01";"3";"30";"0";"2";"1";"0";"1";""
"202400045832";"155701065";"B01";"3";"1";"1";"0";"0";"0";"5";""
"202400045833";"155701062";"B01";"1";"7";"0";"2";"3";"1";"2";""
"202400045833";"155701067";"A01";"1";"2";"0";"2";"1";"1";"1";""
"202400045834";"155701061";"A01";"1";"7";"0";"2";"6";"10";"1";""
"202400045834";"155701064";"B01";"1";"30";"0";"2";"1";"1";"1";""
"202400045835";"155701058";"B01";"0";"50";"0";"2";"0";"0";"3";""
"202400045835";"155701060";"A01";"2";"7";"0";"2";"1";"1";"0";""
"202400045836";"155701055";"A01";"1";"7";"1";"2";"3";"20";"1";""
"202400045836";"155701056";"B01";"1";"33";"1";"2";"1";"2";"1";""
"202400045837";"155701057";"B01";"3";"2";"0";"9";"1";"1";"1";""
"202400045837";"155701059";"A01";"3";"1";"0";"2";"1";"19";"5";""
"202400045838";"155701054";"A01";"2";"7";"0";"1";"1";"1";"1";""
"202400045839";"155701053";"A01";"0";"7";"1";"0";"2";"0";"1";""
"202400045840";"155701051";"A01";"2";"7";"13";"0";"2";"14";"1";""
"202400045841";"155701052";"A01";"1";"7";"0";"1";"7";"15";"1";""
"202400045842";"155701050";"A01";"2";"15";"3";"0";"2";"14";"1";""
"202400045843";"155701048";"A01";"2";"10";"0";"2";"1";"16";"1";""
"202400045843";"155701049";"B01";"1";"1";"0";"2";"7";"1";"5";""
"202400045844";"155701046";"B01";"2";"7";"0";"0";"3";"1";"3";""
"202400045844";"155701047";"A01";"1";"7";"3";"0";"1";"13";"1";""
"202400045845";"155701044";"Z01";"0";"33";"14";"1";"1";"26";"0";""
"202400045846";"155701043";"A01";"2";"2";"0";"0";"0";"13";"1";""
"202400045847";"155701042";"A01";"1";"7";"12";"1";"2";"16";"1";""
"202400045848";"155701040";"A01";"2";"15";"0";"9";"1";"1";"1";""
"202400045848";"155701041";"B01";"1";"7";"0";"2";"1";"1";"1";""
"202400045849";"155701039";"A01";"1";"7";"0";"2";"1";"13";"1";""
"202400045849";"155701045";"B01";"2";"7";"6";"2";"1";"14";"1";""
"202400045850";"155701038";"A01";"0";"7";"0";"1";"3";"26";"0";""
"202400045851";"155701036";"A01";"1";"33";"0";"1";"3";"17";"1";""
"202400045852";"155701033";"B01";"2";"50";"0";"2";"1";"13";"3";""
"202400045852";"155701035";"A01";"1";"7";"0";"9";"2";"1";"1";""
"202400045853";"155701034";"A01";"1";"7";"0";"2";"8";"15";"1";""
"202400045853";"155701037";"B01";"2";"7";"0";"2";"1";"1";"1";""
"202400045854";"155701031";"A01";"0";"7";"0";"1";"5";"0";"1";""
"202400045855";"155701027";"B01";"1";"7";"0";"2";"6";"1";"1";""
"202400045855";"155701029";"A01";"2";"50";"0";"2";"1";"15";"3";""
"202400045856";"155701026";"A01";"2";"7";"0";"2";"2";"0";"1";""
"202400045856";"155701030";"B01";"3";"1";"0";"2";"8";"16";"5";""
"202400045857";"155701025";"A01";"2";"2";"3";"0";"8";"13";"1";""
"202400045858";"155701021";"A01";"1";"15";"13";"0";"2";"1";"1";""
"202400045859";"155701020";"B01";"3";"7";"0";"2";"3";"1";"1";""
"202400045859";"155701024";"A01";"3";"7";"0";"2";"1";"15";"1";""
"202400045860";"155701017";"A01";"1";"7";"0";"2";"3";"1";"1";""
"202400045860";"155701022";"B01";"2";"7";"0";"2";"3";"13";"1";""
"202400045861";"155701019";"A01";"3";"33";"15";"0";"3";"1";"1";""
"202400045862";"155701015";"A01";"3";"7";"1";"0";"1";"1";"1";""
"202400045862";"155701016";"B01";"3";"10";"0";"0";"4";"24";"1";""
"202400045863";"155701014";"A01";"3";"7";"4";"0";"1";"1";"1";""
"202400045864";"155701011";"A01";"2";"7";"0";"2";"2";"26";"2";""
"202400045865";"155701010";"A01";"1";"2";"11";"0";"2";"1";"1";""
"202400045866";"155701009";"A01";"2";"7";"0";"0";"1";"2";"1";""
"202400045866";"155701013";"B01";"2";"17";"0";"0";"4";"2";"1";""
"202400045867";"155701008";"A01";"1";"7";"0";"1";"1";"1";"1";""
"202400045868";"155701005";"A01";"3";"7";"6";"0";"3";"1";"1";""
"202400045869";"155701007";"B01";"1";"33";"0";"2";"1";"1";"1";""
"202400045869";"155701012";"A01";"2";"7";"0";"2";"2";"15";"1";""
"202400045870";"155701002";"A01";"2";"7";"0";"2";"4";"13";"1";""
"202400045870";"155701004";"B01";"1";"17";"0";"2";"2";"1";"1";""
"202400045871";"155701001";"A01";"1";"7";"0";"2";"8";"1";"1";""
"202400045871";"155701006";"B01";"1";"7";"0";"2";"2";"1";"1";""
"202400045872";"155701000";"A01";"1";"7";"0";"2";"1";"2";"1";""
"202400045872";"155701003";"B01";"1";"7";"0";"0";"1";"2";"1";""
"202400045873";"155700995";"A01";"1";"7";"0";"2";"3";"9";"1";""
"202400045873";"155700998";"B01";"1";"33";"12";"2";"7";"16";"1";""
"202400045874";"155700996";"A01";"1";"80";"0";"1";"1";"17";"3";""
"202400045875";"155700991";"A01";"2";"7";"2";"0";"3";"14";"1";""
"202400045876";"155700993";"A01";"2";"1";"0";"2";"1";"15";"5";""
"202400045876";"155700999";"B01";"1";"7";"0";"9";"2";"1";"1";""
"202400045877";"155700992";"A01";"1";"32";"0";"2";"2";"1";"1";""
"202400045877";"155700994";"B01";"1";"7";"0";"2";"2";"19";"1";""
"202400045878";"155700990";"A01";"3";"7";"0";"2";"3";"21";"1";""
"202400045878";"155700997";"B01";"3";"7";"0";"2";"8";"21";"1";""
"202400045879";"155700987";"A01";"2";"7";"8";"0";"9";"21";"1";""
"202400045880";"155700984";"B01";"1";"33";"0";"2";"1";"1";"1";""
"202400045880";"155700989";"A01";"1";"7";"0";"2";"1";"15";"1";""
"202400045881";"155700985";"B01";"2";"7";"0";"2";"1";"1";"1";""
"202400045881";"155700988";"A01";"2";"33";"0";"2";"1";"1";"1";""
"202400045882";"155700978";"A01";"1";"7";"0";"0";"6";"15";"3";""
"202400045882";"155700981";"B01";"1";"31";"0";"2";"1";"17";"1";""
"202400045883";"155700980";"A01";"1";"1";"0";"9";"0";"2";"5";""
"202400045883";"155700983";"B01";"2";"1";"0";"0";"0";"2";"5";""
"202400045884";"155700976";"A01";"3";"50";"0";"0";"0";"0";"3";""
"202400045885";"155700974";"C01";"2";"7";"14";"0";"1";"1";"1";""
"202400045885";"155700975";"A01";"1";"7";"0";"2";"1";"13";"1";""
"202400045885";"155700977";"B01";"2";"7";"0";"2";"1";"1";"1";""
"202400045886";"155700973";"A01";"2";"10";"0";"1";"3";"1";"1";""
"202400045887";"155700970";"A01";"1";"2";"0";"0";"1";"1";"1";""
"202400045888";"155700969";"A01";"3";"10";"0";"0";"0";"2";"0";""
"202400045888";"155700972";"B01";"3";"2";"0";"0";"0";"2";"0";""
"202400045889";"155700971";"A01";"3";"7";"8";"0";"1";"1";"1";""
"202400045890";"155700967";"A01";"0";"7";"0";"0";"3";"1";"1";""
"202400045890";"155700968";"B01";"0";"7";"0";"2";"1";"13";"1";""
"202400045891";"155700962";"A01";"3";"33";"1";"1";"1";"1";"1";""
"202400045892";"155700960";"A01";"1";"7";"2";"2";"3";"13";"1";""
"202400045892";"155700964";"B01";"2";"7";"0";"2";"8";"1";"1";""
"202400045892";"155700966";"C01";"2";"7";"0";"2";"8";"1";"1";""
"202400045893";"155700963";"A01";"2";"7";"0";"2";"2";"15";"1";""
"202400045893";"155700965";"B01";"1";"7";"0";"2";"3";"1";"1";""
"202400045894";"155700958";"A01";"1";"7";"0";"2";"1";"2";"1";""
"202400045894";"155700959";"B01";"1";"7";"3";"2";"4";"2";"1";""
"202400045895";"155700957";"B01";"1";"10";"0";"2";"1";"2";"1";""
"202400045895";"155700961";"A01";"3";"2";"0";"0";"4";"1";"1";""
"202400045896";"155700955";"A01";"2";"80";"0";"0";"0";"26";"3";""
"202400045897";"155700952";"A01";"1";"21";"0";"0";"0";"17";"1";""
"202400045897";"155700953";"B01";"1";"1";"0";"0";"0";"1";"5";""
"202400045898";"155700950";"B01";"2";"34";"0";"1";"1";"1";"1";""
"202400045898";"155700956";"A01";"2";"43";"0";"0";"4";"23";"1";""
"202400045899";"155700949";"A01";"2";"2";"0";"2";"8";"1";"1";""
"202400045899";"155700954";"B01";"3";"7";"0";"2";"2";"15";"1";""
"202400045900";"155700947";"A01";"3";"33";"0";"2";"1";"5";"1";""
"202400045900";"155700951";"B01";"3";"7";"0";"2";"3";"1";"1";""
"202400045901";"155700946";"A01";"2";"7";"0";"2";"1";"2";"1";""
"202400045901";"155700948";"B01";"2";"7";"0";"2";"4";"2";"1";""
"202400045902";"155700945";"A01";"1";"33";"0";"1";"1";"1";"1";""
"202400045903";"155700942";"A01";"1";"7";"13";"2";"3";"19";"1";""
"202400045903";"155700944";"B01";"2";"7";"13";"2";"1";"1";"1";""
"202400045904";"155700939";"A01";"1";"36";"0";"0";"2";"14";"1";""
"202400045905";"155700941";"A01";"1";"7";"0";"2";"6";"19";"2";""
"202400045905";"155700943";"B01";"1";"37";"0";"2";"3";"1";"0";"2"
"202400045906";"155700937";"A01";"0";"7";"1";"0";"1";"13";"1";""
"202400045907";"155700935";"C01";"1";"7";"0";"2";"4";"2";"1";""
"202400045907";"155700938";"B01";"1";"7";"0";"2";"1";"2";"1";""
"202400045907";"155700940";"A01";"1";"7";"0";"2";"1";"2";"1";""
"202400045908";"155700934";"A01";"1";"7";"0";"2";"7";"15";"1";""
"202400045908";"155700936";"B01";"2";"7";"0";"2";"1";"1";"1";""
"202400045909";"155700931";"B01";"1";"7";"0";"2";"3";"15";"1";""
"202400045909";"155700933";"A01";"1";"33";"0";"2";"1";"17";"1";""
"202400045910";"155700930";"A01";"1";"2";"0";"2";"1";"13";"1";""
"202400045910";"155700932";"B01";"2";"33";"0";"2";"1";"1";"1";""
"202400045911";"155700927";"A01";"2";"7";"0";"2";"1";"1";"1";""
"202400045911";"155700929";"B01";"2";"7";"0";"2";"4";"1";"1";""
"202400045912";"155700923";"A01";"1";"33";"4";"0";"0";"0";"1";""
"202400045913";"155700921";"C01";"2";"7";"0";"2";"6";"1";"1";""
"202400045913";"155700925";"A01";"2";"7";"0";"2";"2";"14";"1";""
"202400045913";"155700928";"B01";"2";"7";"0";"2";"6";"2";"1";""
"202400045914";"155700922";"A01";"1";"33";"0";"2";"1";"1";"1";""
"202400045914";"155700926";"B01";"1";"21";"0";"2";"3";"15";"1";""
"202400045915";"155700920";"B01";"1";"7";"0";"2";"1";"1";"1";""
"202400045915";"155700924";"A01";"2";"7";"0";"2";"1";"13";"1";""
"202400045916";"155700914";"A01";"2";"7";"0";"2";"5";"12";"1";""
"202400045916";"155700918";"B01";"1";"33";"0";"2";"0";"0";"1";""
"202400045917";"155700912";"A01";"2";"7";"8";"2";"6";"23";"1";""
"202400045917";"155700917";"B01";"2";"7";"14";"2";"2";"2";"2";""
"202400045918";"155700915";"A01";"2";"7";"0";"2";"4";"11";"1";""
"202400045918";"155700919";"B01";"2";"33";"0";"2";"1";"3";"1";""
"202400045919";"155700910";"B01";"1";"7";"0";"0";"4";"23";"1";""
"202400045919";"155700916";"A01";"1";"7";"0";"2";"1";"1";"1";""
"202400045920";"155700909";"A01";"2";"7";"0";"0";"4";"23";"1";""
"202400045920";"155700911";"B01";"2";"7";"0";"2";"4";"23";"1";""
"202400045920";"155700913";"C01";"2";"10";"0";"2";"1";"2";"1";""
"202400045921";"155700907";"A01";"1";"7";"0";"2";"3";"11";"1";""
"202400045921";"155700908";"B01";"2";"7";"6";"2";"3";"1";"1";""
"202400045922";"155700906";"A01";"0";"7";"0";"1";"5";"20";"1";""
"202400045923";"155700903";"A01";"1";"7";"0";"0";"5";"15";"1";""
"202400045923";"155700905";"B01";"2";"2";"0";"2";"1";"1";"1";""
"202400045924";"155700899";"A01";"3";"80";"0";"2";"1";"1";"3";""
"202400045924";"155700902";"B01";"3";"80";"0";"2";"8";"19";"3";""
"202400045925";"155700900";"A01";"1";"2";"13";"0";"1";"14";"1";""
"202400045926";"155700898";"A01";"1";"33";"0";"2";"6";"21";"1";""
"202400045926";"155700901";"B01";"1";"7";"0";"2";"6";"1";"2";""
"202400045927";"155700891";"B01";"1";"7";"0";"2";"1";"1";"1";""
"202400045927";"155700896";"A01";"2";"7";"0";"2";"2";"15";"1";""
"202400045928";"155700892";"A01";"2";"7";"4";"0";"9";"21";"1";""
"202400045928";"155700895";"B01";"2";"17";"0";"0";"3";"1";"1";""
"202400045929";"155700893";"C01";"1";"7";"0";"2";"4";"2";"1";""
"202400045929";"155700897";"A01";"1";"7";"0";"2";"2";"21";"1";""
"202400045929";"155700904";"B01";"1";"7";"0";"2";"4";"2";"1";""
"202400045930";"155700886";"A01";"1";"7";"0";"2";"8";"11";"1";""
"202400045930";"155700890";"B01";"1";"7";"0";"2";"2";"1";"1";""
"202400045931";"155700884";"B01";"2";"1";"0";"2";"1";"1";"5";""
"202400045931";"155700887";"A01";"1";"33";"0";"9";"1";"1";"1";""
"202400045932";"155700883";"A01";"1";"10";"0";"2";"2";"15";"1";""
"202400045932";"155700888";"B01";"2";"33";"0";"2";"1";"1";"1";""
"202400045933";"155700889";"B01";"2";"7";"0";"2";"3";"1";"1";""
"202400045933";"155700894";"A01";"1";"31";"0";"2";"1";"1";"1";""
"202400045934";"155700882";"A01";"1";"7";"0";"2";"1";"2";"1";""
"202400045934";"155700885";"B01";"1";"7";"0";"2";"4";"2";"1";""
"202400045935";"155700878";"A01";"2";"7";"0";"2";"1";"0";"1";""
"202400045935";"155700880";"B01";"1";"7";"0";"2";"1";"0";"1";""
"202400045936";"155700877";"A01";"1";"33";"12";"0";"1";"1";"1";""
"202400045937";"155700871";"A01";"1";"1";"14";"0";"1";"1";"5";""
"202400045938";"155700873";"A01";"1";"10";"4";"0";"1";"26";"1";""
"202400045939";"155700872";"A01";"2";"7";"0";"2";"1";"2";"1";""
"202400045939";"155700874";"D01";"2";"33";"0";"2";"1";"2";"1";""
"202400045939";"155700875";"B01";"2";"10";"0";"0";"4";"2";"1";""
"202400045939";"155700879";"C01";"2";"7";"0";"0";"4";"2";"2";""
"202400045940";"155700870";"A01";"2";"10";"2";"0";"1";"1";"1";""
"202400045941";"155700869";"A01";"1";"43";"0";"2";"8";"18";"1";""
"202400045941";"155700876";"B01";"1";"43";"0";"2";"1";"18";"1";""
"202400045941";"155700881";"C01";"1";"7";"0";"2";"7";"1";"2";""
"202400045942";"155700866";"A01";"1";"20";"0";"1";"6";"4";"1";""
"202400045943";"155700864";"A01";"2";"32";"0";"0";"0";"2";"1";""
"202400045943";"155700868";"B01";"2";"32";"0";"0";"0";"2";"1";""
"202400045944";"155700862";"B01";"2";"7";"0";"2";"3";"0";"1";""
"202400045944";"155700867";"A01";"1";"7";"8";"2";"3";"0";"1";""
"202400045945";"155700860";"A01";"1";"7";"13";"0";"1";"1";"1";""
"202400045946";"155700861";"A01";"1";"7";"0";"2";"1";"2";"1";""
"202400045946";"155700865";"B01";"1";"10";"0";"2";"4";"2";"1";""
"202400045947";"155700859";"A01";"2";"7";"0";"2";"1";"1";"1";""
"202400045947";"155700863";"B01";"2";"7";"0";"2";"4";"1";"1";""
"202400045948";"155700857";"A01";"3";"80";"0";"0";"0";"1";"2";""
"202400045948";"155700858";"B01";"3";"0";"0";"0";"0";"17";"0";""
"202400045949";"155700854";"A01";"1";"7";"0";"1";"3";"1";"1";""
"202400045950";"155700853";"A01";"2";"7";"0";"2";"1";"2";"1";""
"202400045950";"155700855";"B01";"2";"10";"0";"2";"4";"1";"1";""
"202400045951";"155700850";"A01";"0";"21";"0";"0";"0";"26";"1";""
"202400045952";"155700847";"B01";"1";"7";"13";"0";"0";"21";"1";""
"202400045952";"155700851";"C01";"1";"7";"13";"2";"1";"1";"2";""
"202400045952";"155700856";"A01";"2";"7";"0";"2";"1";"13";"1";""
"202400045953";"155700846";"C01";"1";"10";"0";"2";"7";"2";"1";""
"202400045953";"155700849";"A01";"1";"7";"0";"2";"1";"2";"1";""
"202400045953";"155700852";"B01";"1";"7";"0";"2";"9";"2";"1";""
"202400045954";"155700845";"B01";"1";"1";"0";"2";"1";"1";"5";""
"202400045954";"155700848";"A01";"2";"7";"0";"2";"2";"13";"1";""
"202400045955";"155700843";"A01";"2";"32";"9";"0";"7";"1";"1";""
"202400045956";"155700842";"A01";"1";"7";"3";"0";"8";"2";"1";""
"202400045957";"155700841";"A01";"1";"7";"0";"2";"1";"17";"1";""
"202400045957";"155700844";"B01";"2";"7";"0";"2";"3";"1";"1";""
"202400045958";"155700839";"A01";"2";"7";"0";"0";"9";"1";"1";""
"202400045959";"155700838";"A01";"1";"1";"0";"0";"0";"1";"5";""
"202400045960";"155700836";"A01";"1";"33";"0";"2";"1";"3";"1";""
"202400045960";"155700837";"B01";"1";"7";"0";"2";"4";"1";"1";""
"202400045960";"155700840";"C01";"1";"7";"0";"2";"8";"1";"1";""
"202400045961";"155700834";"A01";"2";"17";"3";"0";"3";"13";"1";""
"202400045962";"155700831";"A01";"2";"2";"0";"1";"0";"17";"1";""
"202400045963";"155700833";"A01";"2";"33";"0";"2";"1";"3";"1";""
"202400045963";"155700835";"B01";"2";"7";"0";"2";"6";"11";"1";""
"202400045964";"155700832";"A01";"1";"7";"1";"0";"1";"14";"1";""
"202400045965";"155700828";"A01";"3";"7";"0";"1";"5";"4";"1";""
"202400045966";"155700827";"A01";"1";"33";"0";"0";"7";"1";"1";""
"202400045967";"155700825";"B01";"1";"10";"0";"2";"4";"2";"1";""
"202400045967";"155700829";"A01";"1";"7";"0";"2";"1";"2";"1";""
"202400045967";"155700830";"C01";"1";"10";"0";"2";"4";"2";"1";""
"202400045968";"155700826";"A01";"1";"7";"4";"0";"1";"2";"1";""
"202400045969";"155700822";"A01";"2";"7";"0";"1";"3";"1";"1";""
"202400045970";"155700819";"A01";"2";"7";"0";"2";"3";"13";"1";""
"202400045970";"155700823";"B01";"2";"7";"0";"2";"1";"0";"1";""
"202400045970";"155700824";"C01";"1";"7";"0";"2";"2";"1";"2";""
"202400045971";"155700821";"A01";"1";"7";"2";"0";"8";"14";"1";""
"202400045972";"155700818";"A01";"1";"33";"0";"0";"3";"12";"1";""