"Num_Acc";"id_vehicule";"num_veh";"senc";"catv";"obs";"obsm";"choc";"manv";"motor";"occutc"
"202400045973";"155700817";"A01";"2";"7";"0";"2";"2";"9";"1";""
"202400045973";"155700820";"B01";"2";"33";"0";"2";"7";"1";"1";""
"202400045974";"155700815";"A01";"1";"7";"17";"0";"1";"0";"1";""
"202400045975";"155700810";"B01";"1";"7";"0";"2";"4";"2";"1";""
"202400045975";"155700813";"A01";"1";"33";"0";"2";"1";"2";"1";""
"202400045976";"155700809";"A01";"2";"7";"0";"2";"1";"17";"1";""
"202400045976";"155700812";"B01";"1";"7";"0";"2";"1";"1";"1";""
"202400045977";"155700816";"A01";"1";"31";"13";"0";"0";"0";"1";""
"202400045978";"155700808";"B01";"2";"15";"0";"2";"1";"1";"1";""
"202400045978";"155700811";"A01";"1";"7";"0";"2";"1";"13";"1";""
"202400045979";"155700807";"A01";"1";"7";"0";"2";"3";"13";"1";""
"202400045979";"155700814";"B01";"2";"7";"0";"2";"3";"1";"1";""
"202400045980";"155700806";"A01";"3";"2";"0";"0";"0";"14";"1";""
"202400045981";"155700802";"A01";"1";"50";"0";"2";"1";"25";"3";""
"202400045981";"155700805";"B01";"1";"7";"0";"2";"2";"26";"1";""
"202400045982";"155700799";"A01";"0";"7";"0";"2";"1";"2";"1";""
"202400045982";"155700804";"B01";"1";"7";"0";"0";"4";"2";"2";""
"202400045983";"155700800";"A01";"3";"10";"0";"1";"4";"20";"1";""
"202400045984";"155700796";"B01";"2";"2";"0";"2";"1";"26";"1";""
"202400045984";"155700801";"A01";"1";"7";"0";"2";"1";"19";"1";""
"202400045985";"155700797";"B01";"2";"7";"0";"2";"5";"1";"1";""
"202400045985";"155700803";"A01";"2";"30";"0";"2";"1";"7";"1";""
"202400045986";"155700795";"A01";"2";"7";"8";"0";"1";"26";"3";""
"202400045987";"155700792";"A01";"1";"7";"4";"0";"3";"13";"1";""
"202400045988";"155700791";"A01";"2";"7";"5";"0";"1";"14";"6";""
"202400045989";"155700790";"A01";"2";"33";"1";"2";"1";"17";"1";""
"202400045989";"155700793";"B01";"1";"10";"0";"2";"7";"0";"1";""
"202400045990";"155700789";"B01";"1";"7";"0";"2";"2";"1";"2";""
"202400045990";"155700794";"C01";"2";"7";"0";"2";"8";"1";"1";""
"202400045990";"155700798";"A01";"0";"7";"0";"2";"1";"19";"2";""
"202400045991";"155700787";"A01";"1";"30";"0";"0";"0";"1";"1";""
"202400045992";"155700786";"A01";"2";"7";"0";"2";"3";"15";"2";""
"202400045992";"155700788";"B01";"2";"33";"0";"2";"1";"17";"1";""
"202400045993";"155700784";"B01";"1";"7";"0";"0";"2";"1";"1";""
"202400045994";"155700783";"A01";"2";"7";"0";"1";"2";"1";"1";""
"202400045995";"155700779";"A01";"1";"30";"0";"2";"7";"1";"3";""
"202400045995";"155700781";"B01";"1";"30";"0";"2";"8";"1";"3";""
"202400045996";"155700780";"A01";"3";"7";"0";"2";"1";"1";"1";""
"202400045996";"155700785";"B01";"3";"50";"0";"2";"7";"9";"3";""
"202400045997";"155700778";"A01";"1";"7";"0";"2";"1";"1";"1";""
"202400045997";"155700782";"B01";"1";"1";"0";"2";"8";"1";"5";""
"202400045998";"155700774";"B01";"1";"7";"0";"0";"1";"1";"1";""
"202400045998";"155700776";"A01";"2";"7";"13";"0";"8";"1";"1";""
"202400045999";"155700773";"A01";"2";"33";"0";"2";"1";"2";"1";""
"202400045999";"155700777";"B01";"2";"10";"0";"0";"4";"2";"1";""
"202400046000";"155700772";"A01";"1";"7";"0";"1";"1";"1";"1";""
"202400046001";"155700770";"A01";"2";"7";"8";"0";"1";"1";"1";""
"202400046002";"155700769";"A01";"2";"7";"0";"2";"1";"1";"1";""
"202400046002";"155700775";"B01";"2";"16";"0";"0";"0";"1";"1";""
"202400046003";"155700768";"A01";"2";"7";"0";"2";"3";"15";"1";""
"202400046003";"155700771";"B01";"1";"7";"0";"2";"3";"1";"2";""
"202400046004";"155700766";"A01";"1";"32";"11";"0";"1";"13";"1";""
"202400046005";"155700765";"A01";"3";"60";"0";"0";"8";"2";"5";""
"202400046006";"155700764";"A01";"3";"7";"0";"2";"3";"1";"1";""
"202400046006";"155700767";"B01";"3";"80";"0";"2";"3";"1";"3";""
"202400046007";"155700763";"A01";"1";"14";"0";"1";"7";"2";"1";""
"202400046008";"155700757";"B01";"2";"1";"0";"0";"1";"19";"5";""
"202400046008";"155700761";"A01";"2";"7";"0";"9";"3";"26";"1";""
"202400046009";"155700754";"A01";"3";"10";"0";"1";"0";"1";"1";""
"202400046010";"155700755";"A01";"1";"33";"0";"2";"2";"2";"1";""
"202400046010";"155700759";"B01";"1";"7";"0";"2";"2";"0";"2";""
"202400046010";"155700762";"C01";"1";"7";"0";"0";"6";"1";"1";""
"202400046011";"155700752";"A01";"1";"7";"0";"2";"7";"17";"1";""
"202400046011";"155700760";"B01";"1";"15";"0";"2";"6";"1";"1";""
"202400046012";"155700753";"A01";"3";"7";"0";"2";"2";"15";"1";""
"202400046012";"155700756";"B01";"3";"30";"0";"2";"1";"1";"1";""
"202400046013";"155700758";"A01";"1";"15";"14";"0";"1";"1";"1";""
"202400046014";"155700748";"B01";"1";"7";"0";"2";"8";"15";"1";""
"202400046014";"155700751";"A01";"1";"31";"0";"2";"1";"17";"1";""
"202400046015";"155700744";"A01";"1";"7";"0";"2";"3";"1";"1";""
"202400046015";"155700749";"B01";"1";"7";"0";"2";"3";"0";"1";""
"202400046016";"155700740";"B01";"3";"2";"0";"2";"1";"1";"1";""
"202400046016";"155700743";"A01";"3";"10";"0";"2";"2";"13";"1";""
"202400046017";"155700739";"A01";"1";"7";"0";"2";"2";"1";"1";""
"202400046017";"155700747";"B01";"2";"50";"0";"2";"3";"1";"3";""
"202400046018";"155700735";"A01";"1";"7";"0";"2";"1";"2";"1";""
"202400046018";"155700738";"B01";"1";"7";"0";"2";"4";"1";"1";""
"202400046018";"155700742";"C01";"1";"7";"0";"2";"4";"2";"1";""
"202400046019";"155700736";"A01";"1";"10";"0";"2";"9";"2";"1";""
"202400046019";"155700741";"C01";"1";"7";"0";"2";"1";"2";"1";""
"202400046019";"155700746";"B01";"1";"15";"0";"0";"5";"2";"1";""
"202400046020";"155700734";"A01";"2";"7";"0";"1";"1";"1";"1";""
"202400046021";"155700729";"A01";"2";"7";"0";"2";"3";"19";"1";""
"202400046021";"155700731";"B01";"1";"31";"0";"2";"1";"1";"1";""
"202400046022";"155700726";"A01";"1";"7";"0";"2";"1";"2";"1";""
"202400046022";"155700730";"Z01";"1";"7";"0";"2";"8";"0";"1";""
"202400046023";"155700727";"B01";"2";"7";"0";"2";"8";"15";"1";""
"202400046023";"155700732";"A01";"1";"7";"0";"2";"2";"17";"1";""
"202400046024";"155700725";"B01";"1";"33";"0";"2";"8";"1";"1";""
"202400046024";"155700728";"A01";"1";"7";"0";"2";"5";"12";"1";""
"202400046025";"155700723";"A01";"2";"7";"4";"2";"9";"1";"1";""
"202400046025";"155700724";"C01";"2";"7";"0";"0";"4";"1";"1";""
"202400046025";"155700733";"B01";"2";"7";"4";"2";"9";"1";"1";""
"202400046025";"155700737";"D01";"2";"7";"4";"0";"3";"1";"1";""
"202400046025";"155700745";"E01";"2";"7";"0";"2";"2";"1";"1";""
"202400046026";"155700721";"A01";"1";"7";"0";"1";"5";"26";"1";""
"202400046027";"155700718";"B01";"2";"7";"0";"2";"4";"2";"1";""
"202400046027";"155700722";"A01";"2";"7";"0";"2";"1";"2";"1";""
"202400046028";"155700717";"A01";"3";"32";"12";"0";"1";"13";"1";""
"202400046029";"155700719";"A01";"3";"36";"0";"0";"3";"1";"1";""
"202400046030";"155700715";"A01";"1";"7";"0";"2";"8";"11";"1";""
"202400046030";"155700720";"B01";"1";"34";"0";"2";"7";"2";"1";""
"202400046031";"155700713";"A01";"2";"16";"0";"2";"4";"4";"1";""
"202400046031";"155700716";"B01";"2";"31";"0";"0";"1";"2";"1";""
"202400046032";"155700710";"A01";"3";"7";"0";"2";"8";"15";"2";""
"202400046032";"155700714";"B01";"3";"33";"0";"2";"1";"1";"1";""
"202400046033";"155700707";"A01";"2";"38";"2";"0";"3";"13";"1";"1"
"202400046034";"155700708";"A01";"2";"7";"0";"2";"3";"1";"1";""
"202400046034";"155700712";"Z01";"2";"7";"0";"2";"1";"1";"0";""
"202400046035";"155700706";"A01";"1";"15";"0";"0";"1";"1";"1";""
"202400046036";"155700705";"A01";"0";"7";"0";"0";"2";"0";"1";""
"202400046036";"155700709";"B01";"3";"7";"0";"0";"1";"0";"1";""
"202400046037";"155700704";"A01";"3";"7";"0";"1";"1";"15";"3";""
"202400046038";"155700703";"A01";"1";"10";"0";"1";"0";"1";"1";""
"202400046039";"155700698";"A01";"1";"7";"0";"2";"1";"5";"1";""
"202400046039";"155700701";"B01";"2";"7";"0";"2";"1";"1";"1";""
"202400046040";"155700699";"A01";"2";"7";"2";"0";"1";"0";"1";""
"202400046041";"155700700";"A01";"1";"33";"4";"0";"8";"16";"1";""
"202400046042";"155700697";"A01";"3";"7";"0";"2";"8";"15";"1";""
"202400046042";"155700702";"B01";"2";"32";"0";"2";"3";"0";"1";""
"202400046043";"155700696";"A01";"3";"33";"0";"0";"0";"1";"1";""
"202400046044";"155700695";"A01";"1";"7";"0";"1";"0";"1";"1";""
"202400046045";"155700690";"A01";"1";"50";"0";"2";"1";"1";"3";""
"202400046045";"155700693";"B01";"1";"3";"0";"0";"3";"15";"1";""
"202400046046";"155700689";"A01";"3";"2";"0";"0";"0";"2";"1";""
"202400046047";"155700688";"A01";"1";"7";"3";"2";"4";"9";"1";""
"202400046047";"155700692";"B01";"1";"38";"0";"2";"2";"2";"1";"1"
"202400046048";"155700686";"B01";"1";"7";"0";"2";"6";"2";"1";""
"202400046048";"155700691";"A01";"1";"32";"0";"2";"1";"2";"1";""
"202400046049";"155700684";"C01";"3";"7";"0";"2";"1";"1";"1";""
"202400046049";"155700687";"A01";"3";"7";"0";"2";"5";"10";"1";""
"202400046049";"155700694";"B01";"3";"7";"0";"2";"1";"21";"1";""
"202400046050";"155700683";"A01";"3";"37";"0";"2";"7";"16";"1";"1"
"202400046050";"155700685";"B01";"3";"33";"0";"2";"1";"1";"1";""
"202400046051";"155700680";"A01";"0";"7";"0";"2";"1";"15";"1";""
"202400046051";"155700682";"B01";"0";"7";"0";"2";"1";"1";"1";""
"202400046052";"155700679";"A01";"2";"7";"0";"0";"9";"26";"1";""
"202400046053";"155700678";"B01";"2";"7";"0";"2";"3";"1";"1";""
"202400046053";"155700681";"A01";"1";"10";"0";"2";"3";"1";"1";""
"202400046054";"155700674";"B01";"3";"50";"0";"2";"8";"19";"3";""
"202400046054";"155700676";"A01";"1";"7";"0";"2";"2";"1";"1";""
"202400046055";"155700673";"A01";"1";"7";"0";"2";"1";"17";"1";""
"202400046055";"155700677";"B01";"2";"7";"3";"2";"1";"1";"2";""
"202400046056";"155700671";"B01";"2";"7";"0";"0";"6";"2";"1";""
"202400046056";"155700675";"A01";"2";"7";"0";"2";"2";"2";"1";""
"202400046057";"155700670";"A01";"1";"32";"0";"6";"1";"1";"1";""
"202400046058";"155700668";"A01";"1";"7";"0";"1";"1";"1";"1";""
"202400046059";"155700665";"A01";"0";"32";"2";"0";"1";"1";"1";""
"202400046060";"155700667";"B01";"0";"33";"0";"2";"7";"1";"1";""
"202400046060";"155700672";"A01";"0";"7";"0";"9";"2";"15";"1";""
"202400046061";"155700664";"B01";"2";"7";"0";"2";"3";"1";"1";""
"202400046061";"155700669";"A01";"1";"31";"0";"2";"3";"1";"1";""
"202400046062";"155700663";"B01";"1";"1";"0";"2";"8";"15";"5";""
"202400046062";"155700666";"A01";"1";"7";"0";"9";"2";"16";"1";""
"202400046063";"155700661";"A01";"2";"10";"9";"0";"1";"1";"1";""
"202400046064";"155700656";"A01";"1";"33";"5";"0";"1";"1";"1";""
"202400046065";"155700657";"A01";"2";"30";"0";"0";"0";"0";"6";""
"202400046066";"155700660";"A01";"2";"10";"0";"2";"5";"11";"1";""
"202400046066";"155700662";"B01";"1";"33";"0";"2";"1";"1";"1";""
"202400046067";"155700655";"B01";"3";"10";"13";"0";"8";"1";"1";""
"202400046067";"155700659";"A01";"3";"7";"0";"2";"1";"9";"1";""
"202400046068";"155700652";"A01";"2";"33";"3";"0";"7";"16";"1";""
"202400046069";"155700649";"A01";"2";"33";"8";"0";"8";"1";"1";""
"202400046070";"155700648";"A01";"2";"2";"0";"0";"8";"1";"1";""
"202400046071";"155700650";"A01";"2";"33";"0";"2";"1";"2";"1";""
"202400046071";"155700653";"B01";"2";"7";"0";"2";"4";"2";"1";""
"202400046072";"155700647";"B01";"2";"7";"0";"2";"3";"1";"1";""
"202400046072";"155700651";"A01";"2";"15";"0";"2";"2";"12";"1";""
"202400046073";"155700645";"A01";"1";"7";"0";"0";"3";"1";"1";""
"202400046074";"155700644";"A01";"1";"33";"0";"2";"7";"2";"1";""
"202400046074";"155700646";"B01";"1";"10";"0";"2";"0";"0";"1";""
"202400046075";"155700639";"A01";"3";"7";"1";"0";"3";"1";"1";""
"202400046076";"155700636";"A01";"1";"7";"0";"2";"8";"1";"1";""
"202400046076";"155700641";"B01";"1";"7";"0";"2";"1";"9";"1";""
"202400046077";"155700637";"A01";"1";"33";"0";"2";"4";"11";"1";""
"202400046077";"155700642";"B01";"1";"33";"0";"2";"1";"3";"1";""
"202400046078";"155700638";"A01";"1";"10";"0";"1";"1";"26";"1";""
"202400046079";"155700633";"D01";"2";"7";"2";"2";"1";"1";"2";""
"202400046079";"155700635";"A01";"1";"7";"1";"0";"1";"13";"1";""
"202400046079";"155700640";"B01";"1";"7";"0";"2";"6";"23";"1";""
"202400046079";"155700643";"C01";"1";"7";"0";"2";"4";"17";"1";""
"202400046080";"155700629";"A01";"3";"7";"0";"2";"3";"19";"1";""
"202400046080";"155700632";"B01";"3";"33";"0";"2";"8";"17";"1";""
"202400046081";"155700628";"A01";"2";"17";"0";"2";"3";"1";"1";""
"202400046081";"155700631";"B01";"1";"31";"0";"2";"1";"13";"1";""
"202400046082";"155700630";"A01";"1";"50";"14";"0";"8";"1";"3";""
"202400046083";"155700627";"A01";"0";"30";"13";"0";"2";"1";"1";""
"202400046084";"155700626";"A01";"2";"10";"0";"2";"2";"16";"1";""
"202400046084";"155700634";"B01";"2";"7";"0";"2";"8";"1";"1";""
"202400046085";"155700624";"A01";"3";"7";"8";"0";"5";"1";"1";""
"202400046086";"155700622";"A01";"1";"2";"0";"0";"6";"2";"1";""
"202400046087";"155700621";"A01";"1";"10";"0";"2";"1";"1";"1";""
"202400046087";"155700623";"B01";"1";"1";"0";"2";"7";"1";"5";""
"202400046088";"155700619";"A01";"1";"7";"0";"2";"3";"1";"3";""
"202400046088";"155700625";"B01";"2";"32";"0";"2";"1";"1";"1";""
"202400046089";"155700616";"B01";"1";"1";"0";"2";"7";"1";"5";""
"202400046089";"155700618";"Z01";"2";"7";"0";"2";"1";"16";"1";""
"202400046090";"155700615";"A01";"0";"7";"1";"1";"1";"0";"1";""
"202400046091";"155700612";"A01";"3";"3";"0";"0";"0";"14";"1";""
"202400046092";"155700611";"A01";"3";"10";"0";"2";"3";"2";"1";""
"202400046092";"155700614";"B01";"3";"7";"7";"2";"2";"15";"1";""
"202400046093";"155700609";"B01";"2";"1";"0";"2";"8";"1";"5";""
"202400046093";"155700613";"A01";"2";"10";"0";"9";"1";"1";"1";""
"202400046094";"155700610";"A01";"1";"10";"8";"0";"1";"1";"3";""
"202400046095";"155700617";"B01";"1";"1";"0";"2";"3";"1";"5";""
"202400046095";"155700620";"A01";"1";"7";"0";"2";"2";"16";"1";""
"202400046096";"155700606";"A01";"2";"10";"0";"2";"1";"2";"1";""
"202400046096";"155700608";"B01";"2";"13";"0";"2";"4";"2";"0";""
"202400046097";"155700604";"B01";"2";"15";"0";"2";"5";"1";"0";""
"202400046097";"155700607";"A01";"1";"7";"0";"2";"2";"21";"1";""
"202400046098";"155700599";"A01";"3";"7";"0";"2";"1";"9";"1";""
"202400046098";"155700603";"B01";"2";"1";"0";"2";"8";"1";"5";""
"202400046099";"155700596";"A01";"1";"2";"0";"2";"7";"1";"3";""
"202400046099";"155700605";"Z01";"1";"7";"0";"2";"1";"1";"2";""
"202400046100";"155700595";"B01";"2";"7";"0";"2";"1";"2";"1";""
"202400046100";"155700600";"A01";"2";"7";"0";"2";"1";"2";"1";""
"202400046100";"155700601";"C01";"2";"7";"0";"2";"4";"2";"1";""
"202400046101";"155700594";"A01";"2";"33";"8";"2";"6";"1";"1";""
"202400046101";"155700598";"B01";"1";"7";"0";"2";"3";"0";"1";""
"202400046102";"155700592";"C01";"2";"7";"0";"2";"0";"1";"1";""
"202400046102";"155700597";"A01";"2";"7";"0";"2";"1";"13";"1";""
"202400046102";"155700602";"B01";"1";"7";"0";"2";"1";"1";"1";""
"202400046103";"155700591";"A01";"2";"3";"0";"2";"3";"19";"1";""
"202400046103";"155700593";"B01";"1";"7";"0";"2";"1";"1";"1";""
"202400046104";"155700590";"A01";"3";"7";"3";"0";"0";"1";"1";""
"202400046105";"155700586";"A01";"1";"2";"0";"2";"1";"18";"3";""
"202400046105";"155700589";"B01";"1";"7";"0";"2";"5";"1";"1";""
"202400046106";"155700587";"A01";"1";"7";"0";"1";"1";"1";"1";""
"202400046107";"155700581";"A01";"1";"7";"0";"2";"3";"15";"1";""
"202400046107";"155700588";"B01";"1";"7";"0";"2";"1";"1";"1";""
"202400046108";"155700579";"A01";"3";"7";"0";"2";"2";"2";"1";""
"202400046108";"155700583";"B01";"3";"1";"0";"2";"1";"19";"5";""
"202400046109";"155700580";"A01";"2";"17";"0";"0";"4";"15";"1";""
"202400046109";"155700584";"B01";"2";"7";"0";"0";"1";"1";"1";""
"202400046110";"155700573";"A01";"1";"32";"0";"2";"2";"16";"1";""
"202400046110";"155700575";"B01";"1";"7";"0";"2";"3";"1";"2";""
"202400046111";"155700572";"A01";"1";"7";"0";"2";"1";"16";"1";""
"202400046111";"155700574";"B01";"1";"7";"0";"2";"4";"23";"1";""
"202400046112";"155700570";"A01";"2";"7";"0";"1";"3";"1";"1";""
"202400046113";"155700569";"A01";"1";"10";"0";"0";"0";"0";"1";""
"202400046114";"155700576";"A01";"2";"10";"0";"2";"1";"2";"1";""
"202400046114";"155700578";"B01";"2";"2";"0";"2";"5";"2";"1";""
"202400046115";"155700567";"B01";"1";"50";"0";"2";"0";"0";"3";""
"202400046115";"155700571";"A01";"2";"33";"0";"2";"1";"1";"0";""
"202400046116";"155700565";"A01";"2";"10";"0";"2";"1";"2";"1";""
"202400046116";"155700568";"B01";"2";"7";"0";"0";"4";"2";"1";""
"202400046117";"155700562";"A01";"2";"7";"0";"2";"3";"11";"1";""
"202400046117";"155700564";"B01";"2";"32";"0";"2";"7";"1";"1";""
"202400046118";"155700563";"Z01";"2";"7";"0";"2";"1";"1";"0";""
"202400046118";"155700566";"A01";"1";"31";"0";"2";"1";"1";"3";""
"202400046119";"155700559";"A01";"2";"50";"0";"2";"8";"19";"3";""
"202400046119";"155700561";"Z01";"2";"32";"0";"2";"0";"0";"0";""
"202400046120";"155700557";"A01";"3";"7";"0";"2";"1";"19";"1";""
"202400046120";"155700560";"B01";"3";"2";"0";"2";"2";"1";"1";""
"202400046121";"155700553";"B01";"1";"7";"0";"2";"4";"2";"1";""
"202400046121";"155700558";"A01";"1";"7";"0";"2";"1";"2";"1";""
"202400046122";"155700551";"B01";"2";"7";"0";"2";"4";"1";"1";""
"202400046122";"155700554";"C01";"2";"14";"0";"2";"4";"1";"1";""
"202400046122";"155700556";"A01";"2";"10";"0";"2";"1";"1";"1";""
"202400046123";"155700552";"B01";"2";"7";"0";"2";"8";"1";"1";""
"202400046123";"155700555";"A01";"1";"7";"9";"2";"3";"13";"1";""
"202400046124";"155700547";"A01";"3";"7";"0";"2";"2";"10";"1";""
"202400046124";"155700549";"B01";"3";"31";"0";"2";"1";"1";"1";""
"202400046125";"155700548";"A01";"1";"10";"0";"2";"2";"26";"1";""
"202400046125";"155700550";"B01";"1";"33";"0";"2";"3";"0";"1";""
"202400046126";"155700545";"A01";"1";"10";"4";"0";"0";"0";"1";""
"202400046127";"155700544";"A01";"2";"7";"0";"2";"2";"2";"1";""
"202400046127";"155700546";"B01";"2";"7";"0";"2";"4";"23";"3";""
"202400046128";"155700541";"Z01";"1";"7";"0";"1";"1";"0";"0";""
"202400046129";"155700543";"A01";"3";"1";"0";"0";"0";"1";"5";""
"202400046130";"155700539";"B01";"2";"10";"0";"2";"3";"1";"1";""
"202400046130";"155700540";"A01";"2";"7";"0";"2";"8";"26";"1";""
"202400046131";"155700538";"A01";"1";"7";"0";"9";"3";"1";"1";""
"202400046131";"155700542";"B01";"0";"1";"0";"2";"7";"15";"5";""
"202400046132";"155700536";"A01";"1";"7";"5";"2";"1";"14";"1";""
"202400046132";"155700537";"B01";"1";"7";"0";"2";"4";"12";"1";""
"202400046133";"155700534";"A01";"2";"50";"0";"1";"1";"14";"3";""
"202400046134";"155700533";"B01";"2";"1";"0";"2";"0";"1";"5";""
"202400046134";"155700535";"Z01";"1";"50";"0";"2";"1";"15";"3";""
"202400046135";"155700530";"A01";"1";"7";"0";"1";"1";"1";"1";""
"202400046136";"155700529";"A01";"2";"31";"0";"2";"1";"3";"1";""
"202400046136";"155700532";"B01";"2";"7";"0";"2";"5";"1";"1";""
"202400046137";"155700528";"A01";"2";"7";"0";"2";"1";"1";"1";""
"202400046137";"155700531";"B01";"2";"7";"0";"2";"4";"1";"1";""
"202400046138";"155700527";"A01";"2";"1";"0";"0";"3";"11";"5";""
"202400046139";"155700524";"B01";"1";"32";"0";"2";"7";"1";"1";""
"202400046139";"155700526";"A01";"1";"7";"0";"2";"3";"13";"1";""
"202400046140";"155700521";"A01";"1";"7";"0";"2";"2";"1";"1";""
"202400046140";"155700525";"B01";"1";"7";"0";"2";"3";"1";"1";""
"202400046141";"155700519";"A01";"2";"7";"0";"2";"4";"2";"1";""
"202400046141";"155700523";"B01";"2";"7";"0";"2";"1";"2";"1";""
"202400046142";"155700517";"A01";"3";"50";"0";"0";"9";"1";"3";""
"202400046143";"155700515";"B01";"2";"7";"0";"2";"0";"0";"1";""
"202400046143";"155700516";"A01";"3";"7";"0";"2";"0";"1";"1";""
"202400046144";"155700512";"A01";"3";"7";"0";"2";"1";"2";"1";""
"202400046144";"155700514";"B01";"3";"7";"0";"2";"4";"2";"2";""
"202400046145";"155700510";"C01";"1";"7";"0";"2";"4";"2";"0";""
"202400046145";"155700511";"A01";"1";"10";"0";"2";"1";"2";"3";""
"202400046145";"155700513";"B01";"1";"7";"0";"2";"4";"2";"1";""
"202400046146";"155700509";"A01";"2";"7";"6";"0";"1";"15";"1";""
"202400046147";"155700505";"A01";"2";"7";"0";"1";"1";"1";"1";""
"202400046148";"155700503";"A01";"1";"7";"0";"2";"3";"1";"1";""
"202400046148";"155700507";"B01";"1";"34";"0";"2";"2";"9";"1";""
"202400046149";"155700502";"A01";"2";"33";"0";"2";"1";"3";"1";""
"202400046149";"155700504";"B01";"2";"10";"0";"2";"8";"1";"1";""
"202400046150";"155700499";"A01";"2";"7";"6";"0";"1";"14";"1";""
"202400046151";"155700498";"A01";"3";"7";"5";"0";"2";"14";"2";""
"202400046152";"155700497";"B01";"2";"50";"8";"2";"7";"19";"3";""
"202400046152";"155700500";"A01";"2";"7";"12";"2";"2";"26";"1";""
"202400046153";"155700494";"A01";"3";"7";"1";"0";"6";"26";"1";""
"202400046154";"155700490";"B01";"1";"1";"0";"2";"7";"1";"5";""
"202400046154";"155700495";"A01";"1";"7";"0";"2";"1";"1";"1";""
"202400046155";"155700492";"A01";"1";"7";"0";"2";"1";"2";"1";""
"202400046155";"155700496";"B01";"1";"7";"0";"2";"4";"2";"1";""
"202400046156";"155700489";"A01";"3";"7";"0";"2";"3";"1";"1";""
"202400046156";"155700491";"B01";"0";"32";"0";"2";"1";"1";"1";""
"202400046157";"155700488";"A01";"2";"1";"0";"2";"1";"1";"5";""
"202400046157";"155700493";"B01";"2";"7";"0";"2";"3";"0";"1";""
"202400046158";"155700482";"A01";"2";"7";"0";"2";"1";"1";"3";""
"202400046158";"155700486";"B01";"2";"1";"0";"2";"0";"23";"5";""
"202400046159";"155700483";"A01";"3";"7";"0";"2";"4";"23";"1";""
"202400046159";"155700487";"B01";"3";"7";"0";"2";"1";"1";"1";""
"202400046160";"155700481";"A01";"1";"10";"1";"2";"3";"26";"1";""
"202400046160";"155700485";"B01";"1";"33";"1";"2";"1";"17";"1";""
"202400046161";"155700480";"B01";"1";"15";"0";"2";"4";"1";"1";""
"202400046161";"155700484";"A01";"1";"7";"0";"2";"1";"1";"2";""
"202400046162";"155700477";"B01";"0";"1";"0";"2";"1";"15";"5";""
"202400046162";"155700479";"A01";"0";"7";"0";"9";"2";"1";"1";""
"202400046163";"155700472";"A01";"3";"10";"0";"2";"2";"16";"1";""
"202400046163";"155700478";"B01";"3";"7";"0";"2";"3";"1";"1";""
"202400046164";"155700470";"A01";"2";"7";"0";"2";"6";"1";"1";""
"202400046164";"155700474";"B01";"2";"33";"0";"2";"7";"21";"1";""
"202400046165";"155700471";"A01";"2";"10";"0";"2";"8";"22";"1";""
"202400046165";"155700475";"B01";"2";"1";"0";"2";"1";"17";"5";""
"202400046166";"155700469";"A01";"1";"33";"0";"2";"1";"2";"1";""
"202400046166";"155700473";"B01";"1";"7";"0";"2";"4";"2";"1";""
"202400046166";"155700476";"C01";"1";"7";"0";"2";"4";"2";"1";""
"202400046167";"155700467";"A01";"2";"7";"9";"0";"1";"13";"1";""
"202400046168";"155700466";"A01";"1";"2";"14";"0";"1";"14";"1";""
"202400046169";"155700464";"A01";"2";"7";"0";"1";"1";"1";"1";""
"202400046170";"155700463";"B01";"2";"7";"0";"2";"1";"26";"1";""
"202400046170";"155700468";"A01";"2";"7";"0";"2";"2";"0";"1";""
"202400046171";"155700462";"A01";"2";"7";"0";"2";"8";"11";"1";""
"202400046171";"155700465";"B01";"2";"33";"0";"2";"7";"3";"1";""
"202400046172";"155700459";"A01";"2";"7";"0";"1";"7";"17";"1";""
"202400046173";"155700458";"B01";"3";"1";"0";"2";"0";"0";"5";""
"202400046173";"155700461";"A01";"3";"50";"0";"2";"1";"25";"3";""
"202400046174";"155700456";"A01";"1";"10";"0";"2";"3";"1";"1";""
"202400046174";"155700460";"B01";"1";"50";"0";"2";"3";"1";"3";""
"202400046175";"155700455";"A01";"3";"3";"12";"0";"2";"21";"1";""
"202400046176";"155700451";"B01";"2";"7";"0";"2";"2";"1";"1";""
"202400046176";"155700453";"A01";"2";"7";"0";"2";"3";"9";"1";""
"202400046177";"155700454";"A01";"1";"38";"0";"2";"1";"2";"1";"1"
"202400046177";"155700457";"B01";"1";"7";"0";"2";"4";"2";"1";""
"202400046178";"155700450";"A01";"1";"7";"0";"0";"9";"1";"1";""
"202400046179";"155700452";"A01";"1";"40";"0";"1";"7";"1";"3";""
"202400046180";"155700447";"B01";"2";"3";"0";"2";"6";"11";"1";""
"202400046180";"155700449";"A01";"1";"7";"0";"2";"2";"1";"1";""
"202400046181";"155700444";"B01";"1";"7";"0";"2";"7";"0";"1";""
"202400046181";"155700446";"A01";"1";"7";"0";"2";"1";"9";"1";""
"202400046182";"155700442";"C01";"1";"50";"0";"2";"8";"0";"3";""
"202400046182";"155700445";"Z01";"1";"7";"0";"1";"1";"18";"1";""
"202400046182";"155700448";"B01";"1";"60";"0";"2";"8";"19";"5";""
"202400046183";"155700441";"B01";"3";"10";"0";"2";"1";"1";"1";""
"202400046183";"155700443";"A01";"3";"7";"15";"2";"7";"15";"1";""
"202400046184";"155700440";"A01";"2";"10";"0";"1";"2";"1";"1";""