"Num_Acc";"id_vehicule";"num_veh";"senc";"catv";"obs";"obsm";"choc";"manv";"motor";"occutc"
"202400046185";"155700437";"B01";"1";"7";"0";"2";"5";"26";"1";""
"202400046185";"155700439";"A01";"1";"7";"0";"2";"3";"26";"1";""
"202400046186";"155700434";"A01";"2";"7";"0";"1";"1";"26";"1";""
"202400046187";"155700436";"A01";"0";"7";"0";"0";"0";"0";"0";""
"202400046187";"155700438";"B01";"0";"33";"0";"0";"0";"0";"0";""
"202400046188";"155700433";"B01";"3";"33";"0";"2";"1";"1";"0";""
"202400046188";"155700435";"A01";"3";"7";"0";"2";"3";"15";"6";""
"202400046189";"155700430";"A01";"1";"7";"0";"1";"3";"15";"1";""
"202400046190";"155700428";"A01";"0";"10";"0";"1";"1";"1";"1";""
"202400046191";"155700426";"A01";"0";"7";"0";"2";"1";"15";"1";""
"202400046191";"155700427";"B01";"1";"60";"0";"2";"1";"19";"5";""
"202400046192";"155700425";"B01";"2";"7";"0";"2";"3";"2";"1";""
"202400046192";"155700429";"A01";"1";"37";"0";"2";"2";"2";"3";"3"
"202400046193";"155700423";"A01";"1";"7";"0";"0";"7";"13";"1";""
"202400046193";"155700424";"B01";"1";"1";"0";"2";"8";"11";"5";""
"202400046194";"155700421";"A01";"1";"10";"0";"1";"3";"1";"1";""
"202400046195";"155700420";"A01";"3";"7";"0";"1";"0";"0";"1";""
"202400046196";"155700422";"A01";"3";"7";"0";"1";"2";"1";"1";""
"202400046197";"155700416";"A01";"2";"34";"0";"2";"1";"2";"1";""
"202400046197";"155700419";"B01";"2";"10";"0";"2";"3";"2";"1";""
"202400046198";"155700413";"A01";"2";"7";"0";"2";"3";"15";"1";""
"202400046198";"155700415";"B01";"2";"50";"0";"2";"1";"5";"3";""
"202400046199";"155700414";"A01";"1";"2";"0";"2";"1";"1";"1";""
"202400046199";"155700417";"B01";"1";"10";"0";"2";"4";"1";"1";""
"202400046200";"155700412";"B01";"1";"1";"0";"2";"0";"19";"5";""
"202400046200";"155700418";"A01";"1";"7";"0";"2";"2";"1";"1";""
"202400046201";"155700407";"A01";"1";"7";"0";"2";"3";"9";"1";""
"202400046201";"155700411";"B01";"1";"7";"0";"2";"1";"1";"1";""
"202400046202";"155700406";"B01";"3";"50";"0";"2";"1";"1";"3";""
"202400046202";"155700408";"A01";"3";"7";"0";"2";"7";"15";"1";""
"202400046203";"155700405";"B01";"3";"33";"0";"2";"1";"1";"1";""
"202400046203";"155700410";"A01";"3";"7";"0";"2";"8";"10";"1";""
"202400046204";"155700402";"A01";"1";"37";"0";"1";"5";"26";"1";"1"
"202400046205";"155700400";"A01";"3";"7";"0";"2";"1";"15";"2";""
"202400046205";"155700404";"B01";"3";"7";"0";"2";"1";"2";"1";""
"202400046205";"155700409";"C01";"3";"33";"0";"2";"1";"2";"1";""
"202400046206";"155700399";"B01";"3";"1";"0";"2";"8";"1";"5";""
"202400046206";"155700403";"Z01";"3";"7";"0";"9";"7";"17";"0";""
"202400046207";"155700395";"A01";"3";"7";"0";"2";"1";"2";"1";""
"202400046207";"155700397";"C01";"3";"7";"0";"2";"4";"2";"1";""
"202400046207";"155700398";"D01";"3";"7";"0";"2";"4";"2";"1";""
"202400046207";"155700401";"B01";"3";"7";"0";"2";"4";"2";"1";""
"202400046208";"155700394";"Z01";"1";"7";"0";"1";"2";"1";"1";""
"202400046209";"155700393";"A01";"3";"7";"0";"2";"1";"21";"1";""
"202400046209";"155700396";"B01";"3";"7";"0";"2";"1";"21";"1";""
"202400046210";"155700392";"A01";"1";"2";"0";"0";"1";"14";"1";""
"202400046211";"155700389";"A01";"3";"7";"0";"2";"2";"16";"1";""
"202400046211";"155700391";"B01";"3";"7";"0";"2";"8";"16";"1";""
"202400046212";"155700390";"A01";"1";"7";"0";"1";"1";"16";"1";""
"202400046213";"155700385";"A01";"1";"10";"0";"2";"2";"13";"1";""
"202400046213";"155700387";"B01";"2";"7";"0";"2";"2";"0";"1";""
"202400046214";"155700386";"A01";"1";"7";"0";"2";"0";"0";"1";""
"202400046214";"155700388";"B01";"2";"30";"0";"2";"0";"0";"1";""
"202400046215";"155700382";"B01";"1";"50";"0";"2";"1";"0";"3";""
"202400046215";"155700383";"A01";"1";"7";"0";"9";"2";"1";"1";""
"202400046216";"155700381";"B01";"3";"7";"0";"2";"2";"15";"1";""
"202400046216";"155700384";"A01";"3";"7";"0";"2";"1";"1";"1";""
"202400046217";"155700379";"Z01";"3";"1";"0";"1";"1";"25";"5";""
"202400046218";"155700375";"A01";"1";"7";"0";"2";"7";"0";"1";""
"202400046218";"155700378";"B01";"1";"7";"0";"2";"2";"1";"1";""
"202400046218";"155700380";"C01";"0";"7";"0";"2";"1";"23";"1";""
"202400046219";"155700376";"A01";"0";"7";"0";"1";"1";"1";"1";""
"202400046220";"155700374";"A01";"3";"7";"0";"2";"2";"1";"1";""
"202400046220";"155700377";"B01";"3";"33";"0";"2";"1";"1";"1";""
"202400046221";"155700373";"A01";"2";"7";"0";"1";"1";"1";"1";""
"202400046222";"155700372";"A01";"3";"7";"0";"1";"2";"11";"1";""
"202400046223";"155700369";"A01";"1";"7";"0";"2";"1";"1";"1";""
"202400046223";"155700371";"B01";"2";"1";"0";"2";"7";"1";"5";""
"202400046224";"155700368";"A01";"2";"7";"0";"2";"3";"10";"1";""
"202400046224";"155700370";"B01";"2";"30";"0";"2";"2";"0";"1";""
"202400046225";"155700366";"A01";"2";"7";"0";"2";"4";"1";"1";""
"202400046225";"155700367";"Z01";"2";"7";"0";"2";"1";"1";"1";""
"202400046226";"155700363";"A01";"3";"7";"0";"2";"1";"15";"3";""
"202400046226";"155700365";"B01";"3";"7";"0";"2";"4";"15";"1";""
"202400046227";"155700362";"A01";"1";"7";"0";"2";"3";"11";"0";""
"202400046227";"155700364";"B01";"1";"1";"0";"2";"2";"5";"5";""
"202400046228";"155700360";"A01";"1";"10";"0";"1";"1";"1";"1";""
"202400046229";"155700359";"A01";"1";"2";"0";"2";"1";"1";"1";""
"202400046229";"155700361";"B01";"3";"7";"0";"2";"7";"1";"1";""
"202400046230";"155700354";"A01";"3";"13";"1";"0";"1";"2";"0";""
"202400046230";"155700355";"B01";"3";"7";"0";"2";"4";"2";"2";""
"202400046230";"155700357";"C01";"3";"7";"0";"2";"4";"2";"1";""
"202400046231";"155700353";"A01";"3";"50";"0";"1";"1";"1";"3";""
"202400046232";"155700352";"A01";"3";"7";"1";"2";"3";"17";"1";""
"202400046232";"155700356";"B01";"3";"7";"8";"2";"3";"16";"1";""
"202400046232";"155700358";"C01";"3";"7";"0";"2";"3";"23";"1";""
"202400046233";"155700350";"A01";"2";"7";"0";"2";"1";"0";"1";""
"202400046233";"155700351";"B01";"1";"7";"0";"2";"1";"0";"1";""
"202400046234";"155700347";"A01";"2";"7";"0";"2";"1";"13";"1";""
"202400046234";"155700349";"B01";"1";"7";"0";"2";"1";"1";"3";""
"202400046235";"155700348";"A01";"1";"7";"0";"1";"2";"1";"1";""
"202400046236";"155700345";"A01";"2";"7";"6";"0";"3";"0";"1";""
"202400046237";"155700343";"A01";"3";"7";"8";"0";"2";"1";"1";""
"202400046238";"155700344";"A01";"2";"50";"0";"2";"8";"1";"3";""
"202400046238";"155700346";"B01";"2";"21";"0";"2";"1";"16";"1";""
"202400046239";"155700339";"B01";"1";"43";"1";"2";"2";"11";"1";""
"202400046239";"155700342";"A01";"1";"7";"1";"2";"3";"0";"1";""
"202400046240";"155700338";"A01";"2";"7";"0";"1";"3";"15";"1";""
"202400046241";"155700336";"A01";"1";"7";"0";"2";"7";"1";"1";""
"202400046241";"155700340";"B01";"2";"7";"0";"2";"1";"15";"1";""
"202400046242";"155700337";"B01";"3";"80";"0";"2";"7";"1";"3";""
"202400046242";"155700341";"A01";"3";"7";"0";"2";"3";"1";"1";""
"202400046243";"155700334";"A01";"2";"7";"0";"2";"2";"0";"1";""
"202400046243";"155700335";"B01";"2";"99";"0";"2";"4";"0";"1";""
"202400046244";"155700333";"A01";"1";"7";"0";"1";"3";"15";"1";""
"202400046245";"155700331";"A01";"3";"7";"0";"1";"1";"1";"2";""
"202400046246";"155700330";"A01";"3";"14";"0";"0";"0";"26";"1";""
"202400046247";"155700329";"B01";"2";"1";"0";"2";"1";"1";"5";""
"202400046247";"155700332";"Z01";"2";"7";"0";"2";"6";"16";"1";""
"202400046248";"155700328";"A01";"2";"33";"0";"0";"7";"21";"1";""
"202400046249";"155700326";"A01";"3";"10";"0";"1";"2";"1";"1";""
"202400046250";"155700321";"A01";"1";"7";"0";"2";"3";"5";"0";""
"202400046250";"155700323";"B01";"1";"7";"0";"2";"8";"1";"1";""
"202400046250";"155700325";"C01";"1";"7";"0";"2";"1";"1";"1";""
"202400046250";"155700327";"D01";"1";"7";"0";"2";"1";"1";"1";""
"202400046251";"155700320";"B01";"1";"32";"0";"2";"8";"1";"1";""
"202400046251";"155700324";"A01";"1";"7";"0";"2";"2";"15";"1";""
"202400046252";"155700319";"A01";"1";"7";"0";"2";"8";"11";"1";""
"202400046252";"155700322";"B01";"1";"15";"0";"2";"1";"1";"1";""
"202400046253";"155700316";"B01";"1";"7";"0";"2";"4";"1";"1";""
"202400046253";"155700317";"A01";"1";"7";"0";"2";"1";"1";"1";""
"202400046254";"155700315";"B01";"0";"7";"0";"0";"4";"0";"1";""
"202400046254";"155700318";"A01";"0";"7";"0";"2";"1";"1";"1";""
"202400046255";"155700314";"A01";"1";"7";"15";"0";"2";"1";"1";""
"202400046256";"155700312";"B01";"1";"32";"0";"2";"2";"10";"1";""
"202400046256";"155700313";"A01";"2";"7";"0";"2";"3";"1";"2";""
"202400046257";"155700308";"A01";"1";"7";"6";"0";"2";"2";"1";""
"202400046257";"155700311";"B01";"1";"7";"0";"0";"3";"2";"1";""
"202400046258";"155700306";"A01";"1";"33";"0";"2";"7";"26";"1";""
"202400046258";"155700309";"B01";"1";"32";"0";"2";"5";"1";"1";""
"202400046259";"155700304";"B01";"2";"7";"0";"2";"4";"0";"1";""
"202400046259";"155700307";"A01";"2";"33";"0";"2";"1";"1";"3";""
"202400046260";"155700303";"A01";"2";"10";"0";"9";"2";"16";"1";""
"202400046260";"155700310";"B01";"2";"50";"0";"2";"1";"1";"3";""
"202400046261";"155700302";"A01";"1";"7";"0";"2";"1";"15";"1";""
"202400046261";"155700305";"B01";"2";"33";"0";"2";"1";"1";"1";""
"202400046262";"155700300";"A01";"1";"7";"0";"1";"2";"0";"1";""
"202400046263";"155700298";"A01";"2";"50";"0";"9";"8";"19";"3";""
"202400046263";"155700301";"B01";"2";"50";"0";"9";"1";"2";"3";""
"202400046264";"155700295";"A01";"1";"30";"14";"0";"1";"1";"1";""
"202400046265";"155700289";"A01";"1";"50";"0";"2";"3";"25";"3";""
"202400046265";"155700293";"B01";"3";"33";"0";"2";"1";"1";"1";""
"202400046266";"155700292";"A01";"2";"50";"0";"0";"0";"1";"3";""
"202400046266";"155700294";"B01";"2";"50";"0";"0";"0";"1";"3";""
"202400046267";"155700285";"A01";"0";"7";"0";"0";"2";"5";"1";""
"202400046267";"155700288";"B01";"0";"7";"0";"0";"4";"0";"0";""
"202400046268";"155700282";"A01";"2";"33";"0";"2";"1";"13";"1";""
"202400046268";"155700284";"B01";"1";"10";"0";"2";"1";"26";"1";""
"202400046269";"155700278";"B01";"2";"1";"0";"2";"1";"2";"5";""
"202400046269";"155700280";"A01";"2";"10";"0";"2";"7";"16";"1";""
"202400046270";"155700276";"H01";"2";"7";"0";"2";"3";"1";"1";""
"202400046270";"155700279";"E01";"2";"7";"0";"2";"0";"1";"2";""
"202400046270";"155700281";"I01";"2";"7";"0";"2";"3";"2";"1";""
"202400046270";"155700283";"C01";"2";"7";"14";"2";"1";"1";"1";""
"202400046270";"155700286";"D01";"2";"7";"0";"0";"0";"1";"1";""
"202400046270";"155700287";"A01";"2";"33";"0";"0";"0";"0";"1";""
"202400046270";"155700290";"B01";"2";"7";"0";"2";"1";"1";"1";""
"202400046270";"155700291";"F01";"2";"7";"0";"0";"0";"1";"1";""
"202400046270";"155700296";"G01";"2";"7";"0";"2";"2";"1";"1";""
"202400046271";"155700274";"B01";"2";"1";"0";"2";"7";"1";"5";""
"202400046271";"155700277";"A01";"2";"7";"0";"2";"1";"9";"1";""
"202400046272";"155700272";"A01";"1";"7";"0";"2";"3";"15";"1";""
"202400046272";"155700275";"B01";"1";"43";"0";"2";"2";"2";"1";""
"202400046273";"155700271";"A01";"1";"37";"1";"0";"1";"13";"1";"2"
"202400046274";"155700270";"A01";"1";"7";"0";"2";"3";"0";"1";""
"202400046274";"155700273";"B01";"2";"7";"0";"2";"3";"0";"1";""
"202400046275";"155700266";"A01";"1";"10";"0";"2";"7";"16";"1";""
"202400046275";"155700269";"B01";"1";"50";"0";"2";"1";"1";"3";""
"202400046276";"155700265";"B01";"2";"33";"0";"2";"1";"1";"1";""
"202400046276";"155700268";"A01";"1";"7";"0";"2";"2";"15";"1";""
"202400046277";"155700264";"A01";"2";"32";"8";"2";"3";"2";"1";""
"202400046277";"155700267";"B01";"2";"7";"0";"2";"2";"16";"1";""
"202400046278";"155700263";"A01";"2";"7";"7";"0";"2";"1";"1";""
"202400046279";"155700262";"A01";"1";"7";"12";"0";"2";"0";"1";""
"202400046280";"155700259";"A01";"2";"7";"0";"1";"2";"1";"1";""
"202400046281";"155700258";"B01";"2";"33";"0";"2";"4";"1";"1";""
"202400046281";"155700261";"Z01";"2";"7";"0";"2";"8";"11";"0";""
"202400046282";"155700257";"A01";"3";"7";"0";"2";"8";"1";"1";""
"202400046282";"155700260";"B01";"3";"7";"0";"2";"1";"1";"1";""
"202400046283";"155700254";"A01";"2";"7";"0";"2";"3";"15";"1";""
"202400046283";"155700255";"B01";"2";"33";"0";"2";"1";"17";"1";""
"202400046284";"155700256";"A01";"1";"50";"14";"0";"0";"1";"3";""
"202400046285";"155700250";"B01";"1";"7";"0";"2";"7";"1";"1";""
"202400046285";"155700253";"A01";"1";"43";"0";"2";"8";"3";"1";""
"202400046286";"155700252";"A01";"0";"7";"0";"1";"8";"15";"1";""
"202400046287";"155700248";"B01";"1";"7";"8";"2";"3";"1";"1";""
"202400046287";"155700251";"A01";"3";"7";"0";"2";"1";"9";"1";""
"202400046288";"155700249";"A01";"1";"50";"0";"0";"0";"1";"3";""
"202400046289";"155700246";"A01";"1";"80";"0";"1";"2";"2";"3";""
"202400046290";"155700242";"A01";"2";"7";"0";"2";"1";"0";"1";""
"202400046290";"155700244";"B01";"1";"7";"0";"0";"3";"15";"1";""
"202400046291";"155700241";"A01";"1";"7";"0";"2";"3";"15";"1";""
"202400046291";"155700245";"B01";"1";"1";"0";"2";"1";"1";"5";""
"202400046292";"155700240";"B01";"1";"7";"0";"4";"1";"2";"1";""
"202400046292";"155700243";"T01";"2";"40";"0";"4";"1";"1";"3";""
"202400046292";"155700247";"A01";"1";"7";"0";"4";"1";"5";"1";""
"202400046293";"155700239";"A01";"2";"7";"0";"0";"0";"1";"1";""
"202400046294";"155700237";"Z01";"2";"30";"0";"1";"0";"1";"0";""
"202400046295";"155700236";"A01";"1";"7";"0";"2";"1";"11";"1";""
"202400046295";"155700238";"B01";"2";"10";"0";"2";"1";"1";"1";""
"202400046296";"155700233";"A01";"1";"7";"0";"2";"1";"18";"1";""
"202400046296";"155700235";"B01";"1";"33";"0";"2";"7";"15";"1";""
"202400046297";"155700230";"A01";"2";"7";"0";"2";"3";"15";"1";""
"202400046297";"155700234";"B01";"1";"7";"0";"2";"1";"1";"1";""
"202400046298";"155700229";"B01";"1";"10";"0";"0";"0";"26";"1";""
"202400046298";"155700232";"A01";"1";"32";"0";"2";"0";"1";"1";""
"202400046299";"155700228";"A01";"3";"7";"0";"9";"1";"1";"1";""
"202400046299";"155700231";"B01";"3";"1";"0";"2";"4";"1";"5";""
"202400046300";"155700225";"B01";"2";"10";"0";"2";"1";"1";"0";""
"202400046300";"155700227";"A01";"2";"10";"0";"2";"4";"1";"0";""
"202400046301";"155700222";"A01";"2";"7";"0";"2";"1";"1";"1";""
"202400046301";"155700226";"B01";"2";"7";"0";"0";"4";"1";"1";""
"202400046302";"155700221";"A01";"1";"7";"3";"2";"1";"1";"1";""
"202400046302";"155700223";"B01";"2";"7";"0";"2";"1";"1";"1";""
"202400046303";"155700219";"B01";"1";"2";"0";"2";"6";"1";"1";""
"202400046303";"155700224";"A01";"1";"3";"0";"2";"6";"1";"1";""
"202400046304";"155700218";"A01";"1";"7";"0";"1";"3";"9";"1";""
"202400046305";"155700217";"A01";"3";"31";"0";"2";"3";"5";"3";""
"202400046305";"155700220";"B01";"3";"7";"0";"2";"3";"16";"1";""
"202400046306";"155700214";"A01";"2";"30";"1";"2";"1";"1";"1";""
"202400046306";"155700216";"B01";"2";"7";"0";"2";"4";"1";"3";""
"202400046307";"155700213";"A01";"1";"32";"0";"2";"2";"16";"1";""
"202400046307";"155700215";"B01";"3";"80";"0";"2";"7";"1";"3";""
"202400046308";"155700210";"B01";"2";"32";"0";"2";"1";"1";"1";""
"202400046308";"155700211";"A01";"2";"7";"0";"0";"4";"15";"1";""
"202400046309";"155700208";"B01";"0";"10";"0";"2";"0";"9";"1";""
"202400046309";"155700212";"A01";"3";"7";"0";"2";"1";"19";"1";""
"202400046310";"155700207";"A01";"1";"2";"0";"2";"1";"1";"1";""
"202400046310";"155700209";"B01";"2";"7";"0";"2";"7";"1";"1";""
"202400046311";"155700205";"A01";"2";"7";"6";"0";"2";"1";"1";""
"202400046312";"155700206";"A01";"2";"30";"0";"1";"1";"9";"6";""
"202400046313";"155700203";"A01";"0";"30";"0";"2";"1";"2";"0";""
"202400046313";"155700204";"B01";"0";"7";"0";"2";"4";"2";"1";""
"202400046314";"155700201";"A01";"3";"10";"0";"2";"3";"1";"1";""
"202400046314";"155700202";"B01";"3";"7";"0";"2";"3";"13";"1";""
"202400046315";"155700198";"A01";"1";"7";"4";"2";"3";"17";"1";""
"202400046315";"155700200";"B01";"1";"7";"4";"2";"6";"2";"1";""
"202400046316";"155700199";"A01";"1";"7";"0";"1";"7";"1";"1";""
"202400046317";"155700190";"A01";"2";"7";"0";"0";"4";"23";"1";""
"202400046317";"155700193";"B01";"2";"7";"0";"2";"4";"2";"1";""
"202400046317";"155700195";"C01";"2";"7";"0";"2";"1";"2";"1";""
"202400046318";"155700192";"C01";"2";"7";"0";"2";"0";"0";"3";""
"202400046318";"155700194";"B01";"2";"34";"0";"2";"1";"1";"1";""
"202400046318";"155700196";"A01";"2";"43";"0";"2";"4";"1";"1";""
"202400046319";"155700191";"A01";"1";"7";"0";"1";"5";"4";"1";""
"202400046320";"155700188";"B01";"0";"7";"0";"2";"2";"1";"1";""
"202400046320";"155700189";"A01";"0";"1";"0";"2";"1";"9";"5";""
"202400046321";"155700186";"A01";"3";"7";"13";"0";"0";"1";"0";""
"202400046322";"155700185";"A01";"2";"7";"0";"1";"1";"26";"1";""
"202400046323";"155700179";"B01";"1";"7";"0";"2";"1";"23";"1";""
"202400046323";"155700184";"A01";"2";"7";"0";"2";"1";"14";"1";""
"202400046324";"155700175";"A01";"2";"7";"0";"2";"1";"2";"1";""
"202400046324";"155700177";"C01";"2";"10";"0";"2";"4";"0";"1";""
"202400046324";"155700180";"D01";"2";"7";"0";"0";"4";"23";"1";""
"202400046324";"155700181";"B01";"2";"7";"4";"2";"4";"23";"2";""
"202400046324";"155700183";"E01";"2";"7";"0";"0";"4";"23";"1";""
"202400046325";"155700176";"B01";"3";"30";"0";"2";"6";"17";"1";""
"202400046325";"155700182";"A01";"3";"33";"0";"2";"3";"1";"1";""
"202400046326";"155700174";"A01";"3";"80";"0";"2";"1";"1";"3";""
"202400046326";"155700178";"B01";"3";"50";"0";"2";"4";"24";"3";""
"202400046327";"155700173";"A01";"1";"7";"8";"0";"8";"1";"1";""
"202400046328";"155700169";"A01";"1";"10";"0";"2";"1";"2";"1";""
"202400046328";"155700171";"B01";"1";"7";"0";"2";"4";"2";"1";""
"202400046328";"155700172";"C01";"1";"7";"0";"0";"4";"2";"1";""
"202400046329";"155700167";"A01";"2";"7";"0";"2";"6";"9";"1";""
"202400046329";"155700170";"B01";"2";"7";"6";"2";"7";"21";"1";""
"202400046330";"155700166";"B01";"3";"7";"0";"2";"7";"1";"1";""
"202400046330";"155700168";"A01";"3";"1";"0";"2";"1";"1";"5";""
"202400046331";"155700165";"A01";"1";"7";"0";"1";"1";"1";"1";""
"202400046332";"155700163";"A01";"1";"31";"0";"2";"8";"17";"1";""
"202400046332";"155700164";"B01";"1";"7";"0";"2";"8";"1";"2";""
"202400046333";"155700161";"A01";"0";"0";"0";"1";"0";"0";"0";""
"202400046334";"155700162";"A01";"2";"80";"0";"1";"1";"5";"3";""
"202400046335";"155700158";"B01";"1";"7";"0";"2";"1";"1";"1";""
"202400046335";"155700160";"A01";"2";"10";"0";"2";"1";"5";"1";""
"202400046336";"155700157";"A01";"2";"7";"0";"2";"2";"1";"1";""
"202400046336";"155700159";"B01";"2";"2";"0";"2";"4";"1";"1";""
"202400046337";"155700156";"A01";"3";"10";"0";"1";"2";"1";"1";""
"202400046338";"155700153";"B01";"1";"2";"0";"2";"7";"15";"1";""
"202400046338";"155700154";"A01";"2";"7";"0";"2";"2";"1";"1";""
"202400046339";"155700152";"A01";"2";"32";"11";"0";"2";"26";"1";""
"202400046340";"155700150";"A01";"1";"3";"1";"0";"1";"19";"1";""
"202400046341";"155700148";"A01";"2";"1";"0";"0";"0";"26";"5";""
"202400046342";"155700146";"A01";"2";"7";"0";"2";"2";"2";"1";""
"202400046342";"155700149";"B01";"1";"7";"0";"2";"2";"2";"1";""
"202400046343";"155700145";"A01";"2";"2";"0";"2";"1";"13";"1";""
"202400046343";"155700147";"B01";"1";"7";"0";"2";"1";"1";"1";""
"202400046344";"155700142";"B01";"1";"1";"0";"2";"1";"0";"5";""
"202400046344";"155700144";"A01";"2";"60";"0";"2";"1";"0";"5";""
"202400046345";"155700139";"C01";"2";"7";"0";"2";"1";"1";"1";""
"202400046345";"155700140";"B01";"2";"7";"0";"2";"8";"1";"1";""
"202400046345";"155700143";"A01";"1";"14";"0";"2";"2";"13";"1";""
"202400046346";"155700138";"A01";"0";"7";"0";"2";"3";"17";"1";""
"202400046346";"155700141";"B01";"0";"7";"0";"2";"3";"1";"1";""
"202400046347";"155700136";"A01";"1";"7";"0";"1";"2";"2";"1";""
"202400046348";"155700135";"A01";"3";"7";"16";"0";"0";"16";"2";""
"202400046349";"155700134";"A01";"3";"7";"0";"2";"5";"10";"1";""
"202400046349";"155700137";"B01";"1";"7";"0";"2";"1";"0";"1";""
"202400046350";"155700132";"B01";"1";"10";"0";"2";"1";"1";"1";""
"202400046350";"155700133";"A01";"2";"7";"0";"2";"1";"5";"1";""
"202400046351";"155700129";"A01";"1";"32";"0";"2";"1";"11";"1";""
"202400046351";"155700131";"B01";"2";"13";"0";"2";"3";"1";"1";""
"202400046352";"155700127";"A01";"2";"32";"0";"0";"9";"26";"1";""
"202400046353";"155700128";"A01";"3";"13";"0";"2";"2";"15";"1";""
"202400046353";"155700130";"B01";"3";"1";"0";"2";"1";"1";"5";""
"202400046354";"155700125";"A01";"2";"7";"0";"1";"1";"15";"3";""
"202400046355";"155700123";"B01";"2";"7";"0";"2";"4";"1";"1";""
"202400046355";"155700126";"A01";"2";"7";"0";"2";"1";"2";"1";""
"202400046356";"155700124";"A01";"1";"7";"0";"1";"1";"17";"1";""
"202400046357";"155700121";"A01";"2";"7";"0";"2";"1";"1";"1";""
"202400046357";"155700122";"B01";"1";"14";"0";"2";"8";"20";"1";""
"202400046358";"155700119";"A01";"1";"7";"0";"2";"5";"13";"1";""
"202400046358";"155700120";"B01";"2";"7";"0";"2";"1";"1";"1";""
"202400046359";"155700118";"A01";"1";"1";"0";"1";"1";"13";"5";""
"202400046360";"155700116";"B01";"1";"31";"0";"2";"8";"1";" -1";""
"202400046360";"155700117";"A01";"1";"7";"0";"2";"3";"13";"0";""
"202400046361";"155700114";"A01";"3";"7";"0";"1";"2";"2";"1";""
"202400046362";"155700113";"A01";"1";"7";"0";"0";"7";"0";"1";""
"202400046362";"155700115";"B01";"2";"10";"0";"2";"1";"0";"1";""
"202400046363";"155700111";"A01";"1";"14";"0";"2";"1";"1";"1";""
"202400046363";"155700112";"B01";"1";"7";"0";"2";"8";"0";"1";""
"202400046364";"155700108";"B01";"2";"7";"0";"2";"1";"5";"1";""
"202400046364";"155700110";"A01";"1";"7";"0";"2";"1";"1";"1";""
"202400046365";"155700107";"B01";"0";"7";"14";"2";"3";"21";"1";""
"202400046365";"155700109";"A01";"0";"7";"14";"2";"1";"21";"2";""
"202400046366";"155700105";"A01";"2";"17";"0";"2";"7";"12";"1";""
"202400046366";"155700106";"B01";"2";"7";"0";"2";"8";"1";"1";""
"202400046367";"155700104";"A01";"2";"7";"2";"0";"0";"14";"1";""
"202400046368";"155700103";"A01";"2";"7";"0";"1";"1";"0";"2";""
"202400046369";"155700099";"C01";"1";"7";"0";"2";"4";"2";"1";""
"202400046369";"155700100";"D01";"1";"7";"0";"2";"1";"2";"1";""
"202400046369";"155700101";"B01";"1";"7";"0";"2";"4";"2";"3";""
"202400046369";"155700102";"A01";"1";"7";"0";"2";"4";"2";"1";""
"202400046370";"155700098";"A01";"2";"2";"3";"0";"1";"1";"1";""
"202400046371";"155700097";"A01";"2";"31";"0";"1";"1";"2";"1";""
"202400046372";"155700095";"A01";"1";"7";"0";"1";"4";"4";"3";""
"202400046373";"155700092";"C01";"1";"7";"0";"2";"1";"1";"1";""
"202400046373";"155700094";"A01";"1";"7";"0";"2";"4";"1";"1";""
"202400046373";"155700096";"B01";"1";"7";"0";"2";"4";"1";"1";""
"202400046374";"155700091";"B01";"3";"37";"0";"2";"3";"1";"1";"1"
"202400046374";"155700093";"A01";"3";"7";"0";"2";"3";"1";"1";""
"202400046375";"155700088";"A01";"1";"7";"4";"0";"1";"13";"1";""
"202400046376";"155700089";"B01";"2";"1";"0";"2";"8";"1";"5";""
"202400046376";"155700090";"A01";"1";"7";"0";"9";"3";"15";"1";""
"202400046377";"155700085";"A01";"1";"10";"8";"2";"3";"15";"3";""
"202400046377";"155700087";"B01";"1";"32";"8";"2";"2";"17";"1";""
"202400046378";"155700082";"B01";"1";"7";"0";"2";"6";"1";"3";""
"202400046378";"155700084";"A01";"1";"33";"0";"2";"1";"3";"1";""
"202400046378";"155700086";"C01";"1";"7";"0";"2";"4";"1";"2";""
"202400046379";"155700083";"A01";"2";"7";"2";"0";"1";"1";"1";""
"202400046380";"155700078";"A01";"3";"50";"0";"2";"7";"1";"3";""
"202400046380";"155700081";"B01";"3";"10";"0";"2";"1";"1";"1";""
"202400046381";"155700076";"B01";"2";"7";"0";"2";"4";"1";"1";""
"202400046381";"155700079";"C01";"2";"7";"0";"2";"2";"1";"1";""
"202400046381";"155700080";"A01";"2";"31";"0";"2";"1";"2";"1";""
"202400046382";"155700075";"A01";"1";"7";"0";"2";"1";"15";"1";""
"202400046382";"155700077";"B01";"1";"7";"0";"2";"2";"1";"1";""
"202400046383";"155700072";"A01";"2";"30";"0";"2";"1";"1";"1";""
"202400046383";"155700074";"B01";"1";"10";"0";"2";"3";"1";"1";""
"202400046384";"155700071";"B01";"2";"7";"0";"2";"4";"2";"4";""
"202400046384";"155700073";"A01";"2";"33";"0";"2";"1";"2";"1";""
"202400046385";"155700070";"A01";"3";"80";"0";"1";"1";"2";"3";""
"202400046386";"155700068";"A01";"3";"10";"13";"0";"1";"15";"1";""
"202400046387";"155700067";"A01";"2";"7";"0";"2";"5";"12";"1";""
"202400046387";"155700069";"B01";"2";"33";"0";"2";"3";"3";"1";""
"202400046388";"155700065";"A01";"1";"31";"0";"2";"2";"0";"1";""
"202400046388";"155700066";"B01";"2";"10";"0";"2";"1";"0";"1";""