"Num_Acc";"id_vehicule";"num_veh";"senc";"catv";"obs";"obsm";"choc";"manv";"motor";"occutc"
"202400046819";"155699296";"B01";"2";"33";"12";"2";"0";"0";"1";""
"202400046820";"155699292";"B01";"3";"37";"0";"2";"1";"1";"1";"1"
"202400046820";"155699293";"A01";"0";"7";"0";"2";"1";"13";"1";""
"202400046821";"155699290";"A01";"2";"34";"0";"2";"3";"18";"1";""
"202400046821";"155699291";"B01";"2";"7";"0";"2";"2";"16";"1";""
"202400046822";"155699289";"A01";"2";"7";"0";"1";"1";"1";"1";""
"202400046823";"155699285";"A01";"1";"10";"0";"2";"3";"24";"1";""
"202400046823";"155699287";"B01";"2";"1";"0";"2";"1";"1";"5";""
"202400046824";"155699284";"A01";"2";"7";"1";"0";"2";"14";"1";""
"202400046824";"155699286";"B01";"2";"7";"1";"0";"1";"24";"1";""
"202400046825";"155699288";"C01";"1";"7";"0";"2";"1";"1";"1";""
"202400046825";"155699294";"B01";"1";"10";"0";"2";"1";"1";"1";""
"202400046825";"155699297";"A01";"1";"0";"0";"2";"4";"23";"0";""
"202400046826";"155699281";"B01";"2";"7";"0";"2";"1";"1";"1";""
"202400046826";"155699283";"A01";"1";"7";"0";"2";"7";"10";"1";""
"202400046827";"155699280";"B01";"1";"1";"1";"2";"1";"1";"5";""
"202400046827";"155699282";"A01";"1";"7";"0";"2";"3";"20";"1";""
"202400046828";"155699278";"A01";"1";"7";"0";"1";"8";"1";"0";""
"202400046829";"155699277";"A01";"1";"7";"0";"2";"4";"1";"1";""
"202400046829";"155699279";"B01";"1";"7";"0";"2";"1";"2";"1";""
"202400046830";"155699275";"A01";"2";"7";"1";"0";"2";"14";"3";""
"202400046831";"155699276";"A01";"1";"7";"1";"0";"3";"21";"1";""
"202400046832";"155699270";"B01";"3";"7";"0";"2";"2";"1";"1";""
"202400046832";"155699272";"A01";"3";"1";"0";"2";"1";"9";"5";""
"202400046833";"155699268";"B01";"1";"7";"0";"2";"4";"2";"1";""
"202400046833";"155699271";"C01";"1";"7";"0";"2";"4";"2";"1";""
"202400046833";"155699273";"D01";"1";"7";"0";"2";"1";"2";"1";""
"202400046833";"155699274";"A01";"1";"7";"0";"2";"4";"2";"3";""
"202400046834";"155699269";"A01";"2";"33";"0";"1";"3";"1";"1";""
"202400046835";"155699267";"A01";"3";"7";"0";"1";"7";"9";"1";""
"202400046836";"155699265";"A01";"2";"7";"1";"1";"2";"1";"1";""
"202400046837";"155699264";"Z01";"2";"7";"0";"2";"1";"2";"1";""
"202400046837";"155699266";"B01";"2";"7";"0";"2";"4";"1";"1";""
"202400046838";"155699262";"A01";"3";"7";"0";"2";"3";"15";"1";""
"202400046838";"155699263";"B01";"1";"34";"0";"0";"0";"0";"1";""
"202400046839";"155699260";"A01";"3";"33";"0";"2";"1";"1";"1";""
"202400046839";"155699261";"B01";"3";"7";"0";"2";"5";"15";"2";""
"202400046840";"155699258";"A01";"3";"7";"14";"0";"1";"2";"1";""
"202400046841";"155699253";"A01";"1";"30";"0";"2";"3";"15";"1";""
"202400046841";"155699255";"B01";"1";"43";"0";"2";"5";"1";"1";""
"202400046842";"155699252";"A01";"2";"7";"0";"2";"1";"1";"1";""
"202400046842";"155699256";"B01";"2";"7";"0";"2";"1";"1";"1";""
"202400046842";"155699257";"C01";"2";"7";"0";"2";"4";"1";"1";""
"202400046842";"155699259";"D01";"2";"7";"0";"2";"4";"1";"1";""
"202400046843";"155699251";"A01";"2";"7";"0";"2";"2";"5";"1";""
"202400046843";"155699254";"B01";"1";"7";"0";"2";"7";"1";"1";""
"202400046844";"155699248";"A01";"1";"10";"0";"1";"2";"1";"1";""
"202400046845";"155699250";"A01";"3";"0";"0";"1";"1";"1";"0";""
"202400046846";"155699247";"A01";"1";"7";"0";"2";"6";"11";"1";""
"202400046846";"155699249";"B01";"1";"33";"0";"2";"1";"3";"1";""
"202400046847";"155699246";"A01";"1";"10";"7";"0";"1";"13";"3";""
"202400046848";"155699245";"A01";"3";"7";"0";"1";"2";"26";"0";""
"202400046849";"155699244";"A01";"2";"7";"3";"0";"1";"1";"1";""
"202400046850";"155699242";"A01";"1";"7";"1";"0";"2";"1";"1";""
"202400046851";"155699241";"B01";"1";"33";"0";"2";"7";"1";"1";""
"202400046851";"155699243";"A01";"1";"7";"0";"2";"3";"13";"1";""
"202400046852";"155699239";"A01";"2";"33";"4";"2";"0";"2";"1";""
"202400046852";"155699240";"B01";"2";"7";"0";"2";"3";"1";"1";""
"202400046853";"155699237";"A01";"1";"7";"0";"2";"1";"9";"1";""
"202400046853";"155699238";"B01";"1";"2";"0";"2";"4";"1";"1";""
"202400046854";"155699235";"A01";"2";"7";"3";"0";"1";"1";"1";""
"202400046855";"155699236";"A01";"0";"7";"0";"1";"1";"1";" -1";""
"202400046856";"155699234";"A01";"3";"7";"0";"1";"1";"1";"2";""
"202400046857";"155699229";"A01";"1";"7";"0";"2";"1";"2";"1";""
"202400046857";"155699231";"B01";"1";"7";"0";"2";"4";"2";"3";""
"202400046857";"155699233";"C01";"1";"7";"0";"2";"4";"2";"1";""
"202400046858";"155699230";"A01";"1";"7";"14";"0";"3";"2";"1";""
"202400046859";"155699228";"B01";"1";"7";"16";"0";"4";"1";"2";""
"202400046859";"155699232";"A01";"1";"30";"0";"2";"1";"1";"1";""
"202400046860";"155699224";"C01";"2";"7";"0";"2";"1";"1";"1";""
"202400046860";"155699226";"A01";"2";"33";"0";"2";"1";"1";"1";""
"202400046860";"155699227";"B01";"2";"7";"0";"2";"4";"1";"1";""
"202400046861";"155699225";"A01";"1";"31";"0";"1";"1";"26";"1";""
"202400046862";"155699222";"A01";"2";"33";"0";"0";"2";"16";"1";""
"202400046863";"155699221";"B01";"0";"7";"0";"0";"0";"0";"1";""
"202400046863";"155699223";"A01";"3";"7";"0";"2";"3";"15";"1";""
"202400046864";"155699220";"Z01";"1";"50";"0";"1";"1";"1";"3";""
"202400046865";"155699216";"A01";"3";"7";"0";"1";"1";"14";"3";""
"202400046866";"155699217";"B01";"1";"7";"0";"2";"1";"1";"1";""
"202400046866";"155699218";"A01";"2";"7";"0";"2";"1";"1";"1";""
"202400046867";"155699215";"A01";"3";"7";"0";"2";"7";"12";"1";""
"202400046867";"155699219";"B01";"3";"33";"0";"2";"3";"2";"1";""
"202400046868";"155699210";"B01";"2";"1";"0";"2";"3";"1";"5";""
"202400046868";"155699213";"A01";"1";"7";"0";"2";"2";"15";"1";""
"202400046869";"155699212";"A01";"1";"7";"0";"2";"2";"13";"1";""
"202400046869";"155699214";"B01";"1";"7";"0";"2";"1";"0";"1";""
"202400046870";"155699207";"A01";"1";"32";"1";"0";"8";"17";"1";""
"202400046870";"155699209";"C01";"1";"7";"0";"2";"4";"1";"1";""
"202400046870";"155699211";"B01";"1";"7";"1";"0";"1";"0";"2";""
"202400046871";"155699205";"A01";"2";"7";"0";"2";"2";"5";"1";""
"202400046871";"155699206";"B01";"1";"7";"0";"2";"3";"1";"1";""
"202400046872";"155699204";"C01";"3";"7";"0";"2";"0";"24";"1";""
"202400046872";"155699208";"A01";"1";"10";"0";"2";"0";"0";"1";""
"202400046873";"155699203";"A01";"3";"50";"0";"1";"1";"1";"3";""
"202400046874";"155699202";"A01";"1";"7";"0";"0";"8";"26";"1";""
"202400046875";"155699200";"A01";"1";"7";"0";"2";"4";"23";"1";""
"202400046875";"155699201";"B01";"1";"7";"0";"2";"1";"2";"1";""
"202400046876";"155699199";"A01";"1";"32";"1";"0";"0";"17";"0";""
"202400046877";"155699196";"A01";"1";"2";"0";"2";"1";"1";"1";""
"202400046877";"155699198";"B01";"3";"7";"0";"2";"7";"1";"1";""
"202400046878";"155699194";"A01";"1";"7";"0";"2";"0";"13";"0";""
"202400046878";"155699197";"B01";"2";"38";"0";"2";"3";"1";"1";"3"
"202400046879";"155699193";"B01";"1";"7";"0";"2";"3";"1";"1";""
"202400046879";"155699195";"A01";"1";"50";"0";"2";"1";"1";"3";""
"202400046880";"155699189";"A01";"0";"7";"0";"0";"0";"0";"1";""
"202400046880";"155699191";"B01";"0";"2";"0";"0";"0";"0";"3";""
"202400046881";"155699190";"A01";"0";"7";"0";"0";"0";"0";"1";""
"202400046881";"155699192";"B01";"0";"7";"0";"0";"0";"0";"1";""
"202400046882";"155699188";"A01";"3";"7";"0";"1";"1";"13";"1";""
"202400046883";"155699185";"B01";"2";"7";"0";"2";"4";"2";"1";""
"202400046883";"155699187";"A01";"2";"37";"0";"2";"1";"2";"1";"1"
"202400046884";"155699184";"B01";"1";"7";"0";"2";"3";"16";"1";""
"202400046884";"155699186";"A01";"1";"2";"0";"2";"1";"15";"1";""
"202400046885";"155699183";"A01";"2";"7";"0";"1";"0";"2";"0";""
"202400046886";"155699181";"A01";"3";"7";"0";"2";"1";"1";"1";""
"202400046886";"155699182";"B01";"3";"7";"0";"2";"4";"1";"1";""
"202400046887";"155699180";"A01";"0";"7";"0";"1";"3";"1";"1";""
"202400046888";"155699177";"A01";"1";"43";"0";"2";"1";"2";"1";""
"202400046888";"155699179";"B01";"1";"7";"0";"2";"5";"2";"1";""
"202400046889";"155699176";"A01";"2";"7";"13";"0";"2";"0";"1";""
"202400046890";"155699175";"A01";"3";"7";"0";"2";"7";"17";"1";""
"202400046890";"155699178";"B01";"3";"50";"0";"2";"0";"0";"3";""
"202400046891";"155699172";"A01";"2";"7";"0";"1";"3";"1";"1";""
"202400046892";"155699173";"A01";"3";"80";"0";"1";"2";"25";"3";""
"202400046893";"155699170";"A01";"1";"17";"0";"0";"0";"2";"1";""
"202400046893";"155699171";"B01";"1";"31";"14";"0";"1";"2";"1";""
"202400046894";"155699169";"A01";"3";"7";"0";"1";"1";"2";"1";""
"202400046895";"155699168";"A01";"2";"7";"2";"0";"6";"14";"1";""
"202400046896";"155699166";"A01";"2";"7";"0";"1";"3";"1";"1";""
"202400046897";"155699167";"A01";"1";"31";"1";"0";"1";"14";"1";""
"202400046898";"155699164";"B01";"2";"33";"0";"2";"1";"1";"1";""
"202400046898";"155699165";"A01";"1";"7";"0";"2";"1";"15";"1";""
"202400046899";"155699162";"A01";"2";"14";"0";"2";"8";"1";"1";""
"202400046899";"155699163";"B01";"1";"21";"0";"2";"6";"1";"0";""
"202400046900";"155699160";"A01";"1";"7";"6";"0";"3";"13";"1";""
"202400046901";"155699157";"B01";"2";"7";"0";"0";"1";"1";"1";""
"202400046901";"155699161";"A01";"1";"7";"0";"0";"3";"9";"1";""
"202400046902";"155699153";"A01";"1";"7";"0";"0";"4";"1";"1";""
"202400046902";"155699156";"B01";"1";"7";"0";"2";"1";"1";"1";""
"202400046903";"155699148";"C01";"2";"7";"0";"2";"4";"2";"1";""
"202400046903";"155699152";"A01";"2";"7";"0";"2";"4";"2";"1";""
"202400046903";"155699154";"B01";"2";"7";"0";"2";"4";"2";"1";""
"202400046904";"155699149";"A01";"1";"10";"0";"2";"7";"13";"1";""
"202400046904";"155699151";"B01";"2";"7";"0";"2";"1";"1";"1";""
"202400046905";"155699150";"A01";"1";"7";"0";"2";"3";"1";"1";""
"202400046905";"155699155";"B01";"2";"7";"0";"2";"1";"1";"1";""
"202400046906";"155699146";"B01";"3";"1";"0";"2";"1";"15";"5";""
"202400046906";"155699147";"A01";"3";"7";"0";"2";"5";"15";"1";""
"202400046907";"155699145";"A01";"2";"7";"0";"1";"2";"1";"1";""
"202400046908";"155699144";"A01";"1";"7";"4";"0";"3";"13";"1";""
"202400046909";"155699142";"A01";"2";"80";"1";"0";"7";"21";"3";""
"202400046910";"155699137";"A01";"2";"7";"0";"2";"1";"2";"1";""
"202400046910";"155699141";"B01";"2";"7";"0";"2";"4";"2";"1";""
"202400046910";"155699143";"C01";"2";"10";"0";"0";"6";"2";"1";""
"202400046911";"155699134";"B01";"1";"7";"0";"2";"1";"1";"1";""
"202400046911";"155699139";"C01";"2";"7";"0";"2";"1";"1";"1";""
"202400046911";"155699140";"A01";"1";"7";"0";"2";"5";"19";"1";""
"202400046912";"155699136";"A01";"1";"30";"8";"0";"1";"1";"1";""
"202400046913";"155699135";"A01";"3";"7";"0";"2";"1";"15";"1";""
"202400046913";"155699138";"B01";"3";"7";"0";"2";"1";"1";"3";""
"202400046914";"155699133";"A01";"1";"7";"3";"0";"3";"1";"1";""
"202400046915";"155699130";"A01";"2";"7";"0";"2";"2";"1";"1";""
"202400046915";"155699132";"B01";"2";"7";"0";"2";"8";"1";"1";""
"202400046916";"155699131";"A01";"2";"7";"13";"0";"2";"21";"1";""
"202400046917";"155699127";"A01";"1";"7";"0";"2";"6";"15";"1";""
"202400046917";"155699128";"B01";"1";"33";"0";"2";"2";"17";"1";""
"202400046918";"155699124";"A01";"1";"7";"13";"0";"1";"1";"1";""
"202400046919";"155699126";"B01";"1";"33";"0";"2";"2";"17";"1";""
"202400046919";"155699129";"A01";"1";"7";"0";"2";"3";"15";"3";""
"202400046920";"155699121";"B01";"1";"7";"0";"2";"3";"16";"1";""
"202400046920";"155699123";"A01";"2";"7";"0";"2";"3";"1";"1";""
"202400046920";"155699125";"T01";"2";"7";"0";"0";"0";"2";"1";""
"202400046921";"155699120";"A01";"2";"2";"0";"0";"9";"13";"1";""
"202400046922";"155699122";"A01";"1";"50";"0";"1";"1";"1";"3";""
"202400046923";"155699119";"A01";"1";"7";"0";"0";"0";"1";"1";""
"202400046924";"155699117";"A01";"1";"33";"0";"5";"7";"1";"1";""
"202400046925";"155699116";"A01";"2";"7";"2";"0";"3";"1";"1";""
"202400046926";"155699115";"A01";"1";"3";"0";"2";"7";"15";"1";""
"202400046926";"155699118";"Z01";"1";"7";"0";"2";"1";"15";"1";""
"202400046927";"155699113";"A01";"1";"33";"0";"0";"6";"10";"1";""
"202400046927";"155699114";"B01";"1";"33";"0";"2";"2";"1";"1";""
"202400046928";"155699109";"A01";"2";"33";"0";"2";"2";"2";"1";""
"202400046928";"155699111";"B01";"1";"7";"0";"2";"6";"2";"1";""
"202400046929";"155699110";"A01";"2";"7";"0";"2";"3";"13";"1";""
"202400046929";"155699112";"B01";"1";"10";"0";"2";"3";"1";"1";""
"202400046930";"155699108";"A01";"2";"10";"0";"1";"1";"1";"1";""
"202400046931";"155699107";"A01";"3";"2";"0";"0";"0";"1";"0";""
"202400046932";"155699104";"A01";"1";"7";"0";"2";"3";"2";"1";""
"202400046932";"155699106";"B01";"1";"7";"0";"2";"4";"2";"1";""
"202400046933";"155699103";"A01";"2";"7";"13";"0";"2";"1";"1";""
"202400046934";"155699102";"A01";"1";"7";"0";"2";"2";"15";"1";""
"202400046934";"155699105";"B01";"2";"2";"0";"2";"1";"1";"1";""
"202400046935";"155699101";"A01";"2";"7";"0";"0";"1";"2";"1";""
"202400046936";"155699100";"A01";"1";"7";"1";"1";"5";"1";"1";""
"202400046937";"155699098";"A01";"1";"7";"6";"9";"1";"17";"1";""
"202400046938";"155699097";"A01";"1";"2";"12";"0";"1";"14";"1";""
"202400046939";"155699096";"A01";"3";"7";"0";"2";"3";"20";"1";""
"202400046939";"155699099";"B01";"3";"33";"0";"2";"2";"1";"1";""
"202400046940";"155699092";"A01";"1";"31";"6";"0";"0";"1";"1";""
"202400046941";"155699090";"A01";"2";"7";"0";"2";"1";"3";"1";""
"202400046941";"155699093";"B01";"1";"7";"0";"2";"1";"1";"1";""
"202400046942";"155699088";"A01";"0";"7";"0";"0";"1";"1";"1";""
"202400046943";"155699087";"A01";"3";"7";"0";"2";"4";"2";"1";""
"202400046943";"155699089";"B01";"3";"7";"0";"2";"4";"2";"1";""
"202400046943";"155699091";"C01";"3";"7";"0";"2";"4";"2";"1";""
"202400046943";"155699094";"D01";"3";"7";"0";"2";"4";"2";"1";""
"202400046943";"155699095";"E01";"3";"7";"0";"2";"1";"1";"1";""
"202400046944";"155699086";"A01";"2";"33";"0";"0";"2";"0";"1";""
"202400046945";"155699083";"A01";"2";"33";"0";"0";"0";"1";"1";""
"202400046946";"155699082";"A01";"2";"33";"0";"2";"2";"12";"1";""
"202400046946";"155699085";"B01";"2";"7";"0";"2";"6";"2";"1";""
"202400046947";"155699081";"B01";"1";"7";"0";"2";"7";"15";"1";""
"202400046947";"155699084";"A01";"1";"7";"0";"2";"1";"1";"1";""
"202400046948";"155699080";"A01";"0";"80";"0";"0";"0";"0";"3";""
"202400046949";"155699078";"A01";"3";"7";"2";"0";"1";"0";"1";""
"202400046950";"155699076";"A01";"1";"7";"0";"2";"2";"1";"1";""
"202400046950";"155699077";"B01";"3";"1";"0";"2";"1";"19";"5";""
"202400046951";"155699075";"A01";"0";"7";"0";"2";"1";"1";"1";""
"202400046951";"155699079";"B01";"0";"1";"0";"2";"1";"5";"5";""
"202400046952";"155699074";"A01";"1";"31";"0";"0";"0";"2";"3";""
"202400046953";"155699072";"A01";"3";"7";"0";"0";"7";"15";"1";""
"202400046954";"155699071";"B01";"0";"7";"0";"2";"1";"1";"1";""
"202400046954";"155699073";"A01";"3";"10";"0";"2";"2";"19";"1";""
"202400046955";"155699068";"A01";"3";"43";"0";"2";"2";"17";"1";""
"202400046955";"155699070";"B01";"3";"7";"0";"2";"3";"15";"1";""
"202400046956";"155699066";"A01";"1";"33";"2";"0";"0";"17";"1";""
"202400046957";"155699065";"A01";"1";"33";"0";"0";"7";"1";"1";""
"202400046957";"155699067";"B01";"1";"13";"0";"0";"0";"9";" -1";""
"202400046958";"155699064";"A01";"2";"10";"0";"2";"1";"2";"1";""
"202400046958";"155699069";"B01";"2";"15";"0";"2";"4";"2";"1";""
"202400046959";"155699061";"C01";"1";"7";"0";"2";"1";"21";"1";""
"202400046959";"155699062";"A01";"2";"7";"0";"2";"9";"13";"3";""
"202400046959";"155699063";"B01";"1";"7";"0";"2";"1";"21";"3";""
"202400046960";"155699060";"A01";"1";"33";"13";"0";"1";"13";"1";""
"202400046961";"155699059";"A01";"1";"7";"8";"0";"0";"1";"1";""
"202400046962";"155699057";"A01";"0";"7";"0";"0";"1";"0";"1";""
"202400046963";"155699054";"B01";"2";"7";"0";"2";"2";"15";"1";""
"202400046963";"155699056";"A01";"1";"7";"6";"0";"3";"2";"1";""
"202400046964";"155699055";"A01";"1";"7";"0";"2";"3";"1";"1";""
"202400046964";"155699058";"B01";"2";"17";"0";"2";"3";"1";"1";""
"202400046965";"155699052";"A01";"2";"2";"13";"0";"1";"1";"1";""
"202400046966";"155699053";"A01";"2";"7";"2";"0";"1";"1";"1";""
"202400046967";"155699049";"B01";"1";"7";"0";"2";"6";"23";"1";""
"202400046967";"155699051";"A01";"1";"7";"0";"2";"1";"1";"1";""
"202400046968";"155699048";"A01";"2";"7";"0";"2";"3";"19";"1";""
"202400046968";"155699050";"B01";"1";"2";"0";"2";"1";"1";"1";""
"202400046969";"155699045";"A01";"1";"7";"8";"0";"1";"1";"1";""
"202400046970";"155699046";"A01";"2";"33";"0";"0";"0";"21";"1";""
"202400046971";"155699043";"A01";"1";"7";"1";"0";"2";"21";"1";""
"202400046971";"155699047";"B01";"1";"14";"0";"0";"6";"24";"1";""
"202400046972";"155699040";"B01";"3";"2";"0";"2";"1";"1";"1";""
"202400046972";"155699041";"A01";"3";"7";"0";"2";"1";"15";"1";""
"202400046973";"155699039";"A01";"1";"2";"8";"0";"1";"1";"1";""
"202400046974";"155699037";"A01";"1";"7";"0";"1";"2";"17";"1";""
"202400046975";"155699034";"A01";"2";"7";"0";"2";"1";"2";"1";""
"202400046975";"155699035";"B01";"2";"7";"0";"0";"4";"2";"2";""
"202400046976";"155699033";"A01";"3";"7";"0";"2";"2";"10";"1";""
"202400046976";"155699036";"B01";"3";"30";"0";"2";"1";"26";"1";""
"202400046977";"155699032";"A01";"1";"7";"0";"1";"3";"1";"1";""
"202400046978";"155699031";"A01";"3";"7";"0";"1";"2";"4";"1";""
"202400046979";"155699028";"A01";"1";"7";"3";"0";"4";"23";"1";""
"202400046979";"155699030";"B01";"1";"13";"1";"0";"1";"21";"1";""
"202400046980";"155699027";"A01";"2";"7";"0";"2";"3";"11";"1";""
"202400046980";"155699029";"B01";"1";"32";"1";"2";"1";"13";"1";""
"202400046981";"155699022";"A01";"1";"32";"0";"2";"1";"17";"1";""
"202400046981";"155699023";"B01";"1";"7";"0";"0";"8";"15";"1";""
"202400046982";"155699017";"A01";"0";"7";"0";"2";"3";"13";"0";""
"202400046982";"155699020";"B01";"0";"7";"0";"2";"1";"1";"0";""
"202400046982";"155699021";"C01";"0";"7";"0";"2";"6";"1";"0";""
"202400046983";"155699015";"A01";"2";"10";"0";"2";"4";"4";"1";""
"202400046983";"155699018";"B01";"2";"1";"0";"2";"7";"1";"5";""
"202400046984";"155699019";"B01";"1";"7";"0";"2";"1";"1";"1";""
"202400046984";"155699024";"A01";"1";"7";"0";"2";"3";"9";"1";""
"202400046985";"155699014";"A01";"2";"7";"0";"2";"3";"13";"1";""
"202400046985";"155699016";"B01";"1";"17";"0";"2";"3";"1";"1";""
"202400046986";"155699011";"A01";"1";"1";"0";"0";"4";"2";"5";""
"202400046986";"155699013";"B01";"1";"7";"0";"2";"2";"2";"1";""
"202400046987";"155699009";"A01";"1";"1";"13";"0";"3";"1";"5";""
"202400046988";"155699008";"B01";"2";"99";"0";"0";"6";"21";"1";""
"202400046988";"155699012";"A01";"1";"7";"0";"2";"3";"13";"1";""
"202400046989";"155699007";"B01";"1";"30";"0";"2";"3";"15";"1";""
"202400046989";"155699010";"A01";"1";"7";"0";"2";"5";"17";"3";""
"202400046990";"155699003";"A01";"1";"7";"0";"2";"1";"17";"2";""
"202400046990";"155699005";"B01";"1";"7";"8";"2";"8";"15";"1";""
"202400046991";"155699002";"A01";"3";"7";"6";"0";"1";"16";"1";""
"202400046992";"155699001";"A01";"2";"7";"13";"0";"1";"1";"1";""
"202400046993";"155699000";"A01";"1";"7";"4";"0";"0";"26";"1";""
"202400046993";"155699004";"B01";"1";"7";"0";"2";"3";"2";"2";""
"202400046993";"155699006";"C01";"1";"10";"0";"2";"3";"1";"3";""
"202400046994";"155698999";"A01";"2";"7";"3";"0";"1";"9";"0";""
"202400046995";"155698998";"A01";"1";"7";"0";"1";"2";"1";"1";""
"202400046996";"155698995";"A01";"1";"7";"4";"0";"9";"13";"1";""
"202400046997";"155698996";"A01";"2";"7";"0";"2";"1";"2";"1";""
"202400046997";"155698997";"B01";"2";"7";"0";"0";"4";"23";"1";""
"202400046998";"155698993";"A01";"2";"7";"13";"0";"9";"1";"1";""
"202400046999";"155698992";"B01";"2";"7";"0";"2";"3";"1";"1";""
"202400046999";"155698994";"A01";"1";"7";"6";"2";"1";"13";"1";""
"202400047000";"155698989";"A01";"3";"7";"0";"1";"3";"1";"1";""
"202400047001";"155698990";"A01";"2";"7";"13";"0";"9";"1";"1";""
"202400047002";"155698988";"A01";"2";"7";"0";"2";"1";"1";"0";""
"202400047002";"155698991";"B01";"2";"7";"0";"2";"4";"1";"0";""
"202400047003";"155698987";"A01";"0";"7";"0";"1";"1";"15";"1";""
"202400047004";"155698985";"B01";"2";"7";"0";"2";"1";"1";"1";""
"202400047004";"155698986";"A01";"1";"10";"0";"2";"1";"1";"1";""
"202400047005";"155698978";"A01";"2";"7";"0";"1";"1";"1";"1";""
"202400047006";"155698979";"B01";"2";"7";"0";"0";"0";"0";"1";""
"202400047006";"155698983";"A01";"2";"7";"0";"2";"1";"2";"1";""
"202400047007";"155698980";"B01";"1";"1";"0";"0";"4";"15";"5";""
"202400047007";"155698984";"A01";"1";"7";"0";"2";"1";"9";"1";""
"202400047008";"155698977";"A01";"0";"31";"15";"0";"8";"1";"1";""
"202400047009";"155698976";"A01";"1";"7";"2";"0";"1";"1";"1";""
"202400047010";"155698971";"A01";"1";"30";"0";"2";"7";"21";"1";""
"202400047010";"155698972";"B01";"1";"7";"0";"2";"2";"24";"1";""
"202400047011";"155698969";"C01";"1";"7";"0";"2";"4";"2";"1";""
"202400047011";"155698973";"A01";"1";"7";"0";"2";"1";"2";"1";""
"202400047011";"155698975";"B01";"1";"7";"0";"2";"5";"2";"1";""
"202400047012";"155698967";"A01";"1";"7";"0";"0";"4";"1";"1";""
"202400047012";"155698970";"B01";"1";"7";"0";"2";"1";"2";"1";""
"202400047013";"155698968";"A01";"2";"33";"0";"2";"3";"10";"1";""
"202400047013";"155698974";"B01";"2";"33";"0";"2";"1";"21";"1";""
"202400047014";"155698966";"A01";"3";"7";"0";"1";"1";"15";"1";""
"202400047015";"155698965";"A01";"2";"7";"4";"2";"1";"1";"1";""
"202400047016";"155698962";"A01";"2";"10";"0";"0";"0";"1";"1";""
"202400047016";"155698964";"B01";"2";"33";"0";"9";"1";"21";"1";""
"202400047017";"155698963";"A01";"2";"7";"4";"0";"1";"1";"1";""
"202400047018";"155698961";"Z01";"1";"7";"0";"1";"2";"13";"0";""
"202400047019";"155698955";"A01";"2";"7";"0";"2";"7";"19";"1";""
"202400047019";"155698958";"B01";"1";"7";"0";"2";"1";"1";"1";""
"202400047020";"155698957";"A01";"1";"0";"0";"2";"6";"11";"0";""
"202400047020";"155698960";"B01";"1";"7";"3";"2";"2";"2";"1";""
"202400047021";"155698952";"D01";"1";"7";"0";"2";"4";"23";"1";""
"202400047021";"155698954";"A01";"1";"7";"0";"2";"1";"1";"1";""
"202400047021";"155698956";"B01";"1";"7";"0";"2";"9";"1";"1";""
"202400047021";"155698959";"C01";"1";"7";"0";"2";"9";"1";"1";""
"202400047022";"155698951";"A01";"2";"17";"0";"2";"2";"12";"1";""
"202400047022";"155698953";"B01";"2";"7";"0";"2";"6";"1";"1";""
"202400047023";"155698948";"B01";"1";"7";"0";"2";"1";"1";"1";""
"202400047023";"155698949";"A01";"1";"7";"0";"2";"1";"17";"1";""
"202400047024";"155698947";"A01";"2";"33";"0";"0";"7";"1";"1";""
"202400047025";"155698950";"A01";"2";"2";"8";"0";"1";"1";"6";""
"202400047026";"155698943";"A01";"1";"7";"0";"2";"1";"9";"1";""
"202400047026";"155698946";"B01";"1";"1";"0";"2";"7";"1";"5";""
"202400047027";"155698942";"A01";"1";"7";"0";"0";"3";"1";"1";""
"202400047028";"155698939";"A01";"1";"7";"0";"2";"1";"13";"1";""
"202400047028";"155698941";"B01";"1";"7";"0";"2";"8";"1";"1";""
"202400047028";"155698944";"C01";"1";"7";"0";"2";"1";"2";"1";""
"202400047028";"155698945";"D01";"1";"7";"0";"2";"1";"2";"1";""
"202400047029";"155698937";"A01";"2";"7";"3";"0";"1";"1";"1";""
"202400047030";"155698938";"A01";"1";"2";"0";"0";"1";"2";"1";""
"202400047030";"155698940";"B01";"1";"7";"0";"0";"4";"2";"1";""
"202400047031";"155698934";"A01";"3";"2";"0";"2";"3";"23";"1";""
"202400047031";"155698935";"B01";"3";"7";"0";"2";"2";"20";"1";""
"202400047032";"155698932";"A01";"2";"7";"0";"2";"2";"15";"1";""
"202400047032";"155698936";"B01";"1";"50";"0";"2";"1";"5";"3";""
"202400047033";"155698931";"A01";"2";"7";"4";"2";"1";"1";"1";""
"202400047033";"155698933";"B01";"1";"7";"4";"2";"2";"1";"1";""
"202400047034";"155698929";"A01";"1";"30";"0";"0";"0";"1";"3";""
"202400047035";"155698930";"A01";"2";"7";"6";"0";"1";"13";"1";""
"202400047036";"155698925";"A01";"2";"7";"0";"2";"2";"1";"2";""
"202400047036";"155698928";"B01";"2";"1";"0";"2";"8";"1";"5";""
"202400047037";"155698924";"A01";"1";"30";"0";"0";"7";"23";"1";""
"202400047038";"155698923";"A01";"1";"7";"4";"2";"9";"12";"1";""
"202400047038";"155698927";"B01";"1";"7";"13";"0";"8";"1";"1";""
"202400047039";"155698922";"A01";"3";"33";"0";"2";"3";"21";"1";""
"202400047039";"155698926";"B01";"3";"7";"0";"2";"8";"13";"1";""
"202400047040";"155698917";"A01";"0";"33";"0";"2";"7";"17";"1";""