"Num_Acc";"id_vehicule";"num_veh";"senc";"catv";"obs";"obsm";"choc";"manv";"motor";"occutc"
"202400047040";"155698921";"B01";"0";"7";"0";"2";"6";"17";"1";""
"202400047041";"155698916";"A01";"2";"7";"0";"2";"5";"1";"1";""
"202400047041";"155698919";"B01";"2";"7";"0";"2";"3";"1";"1";""
"202400047042";"155698912";"A01";"1";"10";"0";"2";"1";"1";"1";""
"202400047042";"155698920";"B01";"1";"7";"0";"2";"4";"15";"1";""
"202400047043";"155698913";"B01";"1";"31";"0";"2";"2";"3";"1";""
"202400047043";"155698915";"A01";"1";"10";"0";"2";"6";"11";"1";""
"202400047044";"155698911";"A01";"2";"33";"8";"0";"8";"1";"1";""
"202400047045";"155698909";"A01";"3";"7";"0";"2";"3";"5";"2";""
"202400047045";"155698914";"B01";"0";"7";"0";"2";"6";"1";"1";""
"202400047045";"155698918";"C01";"3";"7";"0";"2";"8";"1";"1";""
"202400047046";"155698908";"A01";"2";"33";"0";"0";"2";"26";"1";""
"202400047047";"155698907";"A01";"1";"7";"0";"2";"3";"11";"1";""
"202400047047";"155698910";"B01";"2";"10";"0";"2";"3";"0";"1";""
"202400047048";"155698904";"A01";"1";"7";"3";"0";"3";"26";"1";""
"202400047049";"155698901";"A01";"2";"33";"0";"2";"1";"1";"1";""
"202400047049";"155698906";"B01";"2";"7";"0";"2";"4";"2";"1";""
"202400047050";"155698899";"A01";"2";"7";"0";"2";"1";"13";"1";""
"202400047050";"155698903";"B01";"1";"7";"0";"2";"1";"1";"1";""
"202400047051";"155698896";"C01";"2";"7";"0";"2";"4";"2";"1";""
"202400047051";"155698900";"A01";"2";"7";"0";"2";"1";"2";"1";""
"202400047051";"155698905";"B01";"2";"3";"0";"2";"1";"2";"1";""
"202400047052";"155698895";"A01";"2";"7";"0";"2";"4";"23";"1";""
"202400047052";"155698898";"B01";"2";"7";"0";"2";"1";"2";"2";""
"202400047052";"155698902";"C01";"2";"10";"0";"2";"4";"23";"1";""
"202400047053";"155698893";"B01";"2";"7";"11";"0";"1";"26";"1";""
"202400047053";"155698897";"A01";"2";"7";"11";"0";"1";"1";"1";""
"202400047054";"155698894";"A01";"1";"7";"12";"2";"2";"12";"1";""
"202400047055";"155698889";"A01";"1";"7";"0";"2";"1";"2";"1";""
"202400047055";"155698892";"B01";"1";"7";"0";"2";"4";"2";"1";""
"202400047056";"155698885";"B01";"2";"7";"0";"2";"3";"9";"1";""
"202400047056";"155698888";"A01";"2";"10";"0";"0";"7";"1";"1";""
"202400047057";"155698884";"A01";"1";"7";"0";"1";"1";"1";"1";""
"202400047058";"155698881";"A01";"1";"33";"0";"2";"3";"3";"1";""
"202400047058";"155698883";"B01";"1";"7";"0";"2";"7";"12";"1";""
"202400047058";"155698886";"C01";"1";"7";"0";"2";"4";"1";"1";""
"202400047058";"155698887";"D01";"1";"7";"0";"2";"6";"1";"3";""
"202400047059";"155698879";"A01";"2";"30";"0";"0";"7";"16";"1";""
"202400047060";"155698878";"A01";"2";"16";"0";"2";"2";"12";"1";""
"202400047060";"155698880";"B01";"2";"7";"0";"2";"8";"1";"1";""
"202400047061";"155698874";"A01";"1";"7";"16";"0";"9";"2";"1";""
"202400047062";"155698872";"A01";"2";"7";"0";"1";"3";"15";"1";""
"202400047063";"155698870";"B01";"1";"33";"0";"2";"1";"1";"1";""
"202400047063";"155698875";"A01";"2";"10";"0";"2";"5";"15";"1";""
"202400047064";"155698868";"B01";"1";"7";"0";"2";"1";"2";"1";""
"202400047064";"155698871";"C01";"1";"10";"0";"2";"4";"2";"1";""
"202400047064";"155698873";"A01";"1";"10";"0";"2";"1";"2";"1";""
"202400047065";"155698867";"A01";"2";"7";"2";"0";"8";"2";"1";""
"202400047066";"155698866";"A01";"1";"33";"0";"1";"1";"1";"1";""
"202400047067";"155698865";"A01";"3";"7";"0";"1";"1";"1";"1";""
"202400047068";"155698864";"B01";"0";"7";"0";"2";"1";"1";"1";""
"202400047068";"155698869";"A01";"0";"2";"0";"2";"7";"15";"1";""
"202400047069";"155698862";"A01";"1";"33";"0";"1";"1";"3";"1";""
"202400047070";"155698861";"A01";"2";"7";"13";"0";"1";"14";"1";""
"202400047071";"155698857";"A01";"2";"10";"0";"2";"5";"15";"1";""
"202400047071";"155698860";"B01";"1";"7";"0";"2";"2";"1";"2";""
"202400047072";"155698859";"B01";"0";"10";"0";"2";"1";"1";"1";""
"202400047072";"155698863";"A01";"2";"7";"0";"0";"8";"15";"1";""
"202400047073";"155698853";"A01";"1";"10";"0";"2";"6";"13";"0";""
"202400047073";"155698856";"B01";"1";"10";"0";"2";"0";"0";"0";""
"202400047074";"155698852";"B01";"1";"15";"0";"0";"0";"2";"1";""
"202400047074";"155698855";"A01";"1";"31";"12";"0";"2";"17";"1";""
"202400047075";"155698851";"A01";"3";"10";"0";"2";"3";"2";"1";""
"202400047075";"155698854";"B01";"3";"33";"0";"2";"4";"1";"1";""
"202400047076";"155698849";"A01";"3";"1";"0";"0";"0";"2";"5";""
"202400047077";"155698850";"B01";"3";"7";"0";"2";"1";"26";"1";""
"202400047077";"155698858";"A01";"2";"7";"0";"2";"1";"26";"1";""
"202400047078";"155698844";"A01";"2";"7";"0";"0";"9";"19";"1";""
"202400047079";"155698848";"A01";"3";"7";"14";"1";"1";"2";"2";""
"202400047080";"155698845";"A01";"2";"7";"0";"1";"2";"1";"2";""
"202400047081";"155698842";"B01";"1";"10";"0";"2";"0";"0";"1";""
"202400047081";"155698846";"A01";"1";"7";"7";"2";"0";"0";"1";""
"202400047082";"155698843";"B01";"0";"7";"0";"2";"1";"9";"1";""
"202400047082";"155698847";"A01";"0";"2";"0";"2";"7";"1";"1";""
"202400047083";"155698840";"A01";"2";"7";"0";"1";"1";"26";"1";""
"202400047084";"155698836";"A01";"1";"2";"0";"2";"2";"1";"1";""
"202400047084";"155698839";"B01";"1";"7";"0";"2";"3";"1";"1";""
"202400047085";"155698838";"A01";"2";"7";"0";"0";"4";"0";"1";""
"202400047085";"155698841";"B01";"2";"7";"0";"2";"1";"2";"2";""
"202400047086";"155698837";"A01";"1";"7";"0";"1";"8";"2";"1";""
"202400047087";"155698831";"B01";"1";"7";"0";"2";"1";"2";"1";""
"202400047087";"155698834";"A01";"1";"7";"0";"1";"1";"1";"1";""
"202400047088";"155698826";"A01";"2";"7";"0";"1";"2";"1";"1";""
"202400047089";"155698827";"A01";"1";"7";"9";"2";"3";"1";"1";""
"202400047089";"155698835";"B01";"1";"7";"16";"2";"2";"26";"1";""
"202400047090";"155698830";"B01";"1";"1";"0";"2";"1";"1";"5";""
"202400047090";"155698833";"A01";"2";"7";"0";"2";"0";"15";"1";""
"202400047091";"155698825";"A01";"1";"7";"0";"1";"3";"15";"3";""
"202400047092";"155698824";"Z01";"1";"7";"0";"2";"3";"13";"2";""
"202400047092";"155698829";"B01";"2";"7";"0";"2";"3";"1";"2";""
"202400047093";"155698819";"A01";"3";"7";"0";"1";"1";"16";"1";""
"202400047094";"155698818";"A01";"1";"33";"0";"2";"8";"13";"1";""
"202400047094";"155698822";"B01";"2";"7";"0";"2";"6";"0";"2";""
"202400047095";"155698817";"A01";"2";"7";"0";"1";"1";"1";" -1";""
"202400047096";"155698815";"B01";"1";"32";"0";"2";"7";"1";"1";""
"202400047096";"155698821";"A01";"1";"7";"0";"0";"3";"19";"1";""
"202400047097";"155698813";"A01";"3";"7";"0";"1";"4";"4";"1";""
"202400047098";"155698814";"B01";"2";"7";"0";"2";"2";"15";"1";""
"202400047098";"155698820";"A01";"1";"7";"0";"0";"8";"1";"1";""
"202400047099";"155698812";"A01";"2";"7";"0";"9";"7";"22";"1";""
"202400047099";"155698816";"B01";"0";"30";"0";"2";"4";"4";"0";""
"202400047100";"155698804";"A01";"3";"7";"0";"2";"7";"9";"1";""
"202400047100";"155698811";"B01";"3";"1";"0";"2";"8";"18";"5";""
"202400047101";"155698803";"B01";"2";"33";"0";"2";"1";"1";"1";""
"202400047101";"155698807";"A01";"1";"7";"0";"2";"1";"5";"1";""
"202400047102";"155698806";"B01";"2";"7";"0";"2";"5";"1";"0";""
"202400047102";"155698810";"A01";"2";"1";"0";"2";"1";"1";"5";""
"202400047103";"155698801";"A01";"1";"33";"0";"2";"3";"13";"1";""
"202400047103";"155698805";"B01";"2";"7";"0";"2";"3";"1";"1";""
"202400047104";"155698802";"A01";"2";"32";"0";"2";"3";"17";"1";""
"202400047104";"155698808";"B01";"1";"7";"0";"2";"3";"1";"1";""
"202400047105";"155698800";"A01";"2";"30";"0";"2";"1";"3";"1";""
"202400047105";"155698809";"HB01";"1";"7";"0";"2";"1";"1";"1";""
"202400047106";"155698799";"A01";"1";"7";"0";"1";"3";"15";"2";""
"202400047107";"155698796";"A01";"1";"7";"13";"0";"1";"15";"1";""
"202400047108";"155698791";"A01";"0";"7";"0";"2";"2";"19";"1";""
"202400047108";"155698798";"B01";"3";"30";"0";"2";"1";"1";"1";""
"202400047109";"155698795";"A01";"2";"33";"13";"0";"0";"1";"1";""
"202400047110";"155698792";"A01";"2";"7";"0";"2";"1";"1";"1";""
"202400047110";"155698797";"B01";"2";"7";"0";"2";"3";"1";"1";""
"202400047111";"155698789";"A01";"1";"7";"0";"2";"1";"2";"1";""
"202400047111";"155698794";"B01";"1";"7";"0";"2";"4";"2";"1";""
"202400047112";"155698788";"B01";"2";"1";"0";"2";"4";"0";"5";""
"202400047112";"155698793";"A01";"2";"7";"0";"9";"2";"21";"1";""
"202400047113";"155698787";"B01";"2";"2";"0";"2";"1";"1";"1";""
"202400047113";"155698790";"A01";"2";"7";"0";"2";"2";"15";"1";""
"202400047114";"155698786";"A01";"2";"50";"1";"0";"2";"1";"3";""
"202400047115";"155698783";"A01";"1";"33";"0";"0";"1";"1";"1";""
"202400047116";"155698782";"A01";"0";"7";"0";"2";"3";"13";"1";""
"202400047116";"155698785";"B01";"0";"37";"0";"2";"3";"1";"1";"2"
"202400047117";"155698779";"A01";"3";"33";"11";"0";"1";"1";"1";""
"202400047118";"155698776";"B01";"1";"31";"0";"0";"0";"21";"0";""
"202400047118";"155698780";"A01";"1";"7";"0";"0";" -1";"13";"0";""
"202400047119";"155698773";"A01";"1";"10";"0";"2";"1";"2";"1";""
"202400047119";"155698777";"B01";"1";"7";"0";"2";"4";"2";"1";""
"202400047119";"155698781";"C01";"1";"7";"0";"2";"4";"2";"1";""
"202400047119";"155698784";"D01";"1";"7";"0";"2";"4";"2";"1";""
"202400047120";"155698771";"A01";"1";"7";"0";"2";"8";"15";"1";""
"202400047120";"155698775";"B01";"1";"32";"0";"2";"1";"1";"1";""
"202400047121";"155698768";"B01";"2";"33";"0";"2";"8";"1";"1";""
"202400047121";"155698774";"A01";"1";"7";"0";"2";"3";"15";"1";""
"202400047122";"155698769";"A01";"2";"7";"2";"0";"2";"14";"1";""
"202400047123";"155698767";"A01";"0";"10";"0";"2";"3";"7";"1";""
"202400047123";"155698772";"B01";"0";"2";"0";"2";"2";"1";"1";""
"202400047124";"155698770";"A01";"2";"7";"0";"0";"7";"1";"1";""
"202400047124";"155698778";"B01";"3";"7";"0";"2";"1";"15";"1";""
"202400047125";"155698766";"A01";"0";"10";"0";"1";"2";"26";"1";""
"202400047126";"155698763";"A01";"1";"50";"0";"1";"1";"1";"3";""
"202400047127";"155698761";"A01";"2";"7";"0";"1";"6";"4";"1";""
"202400047128";"155698756";"B01";"1";"7";"0";"2";"2";"15";"0";""
"202400047128";"155698759";"A01";"2";"2";"0";"2";"0";"0";"0";""
"202400047129";"155698757";"B01";"3";"7";"0";"2";"1";"1";"1";""
"202400047129";"155698762";"A01";"3";"50";"0";"2";"7";"1";"3";""
"202400047130";"155698758";"A01";"1";"30";"0";"2";"1";"14";"1";""
"202400047130";"155698765";"B01";"1";"7";"0";"2";"6";"14";"1";""
"202400047131";"155698753";"A01";"1";"33";"0";"0";"8";"26";"1";""
"202400047132";"155698751";"A01";"2";"32";"1";"0";"2";"13";"1";""
"202400047133";"155698752";"A01";"1";"7";"0";"1";"3";"15";"1";""
"202400047134";"155698749";"A01";"1";"13";"14";"0";"3";"0";"1";""
"202400047135";"155698745";"B01";"1";"7";"0";"2";"2";"1";"1";""
"202400047135";"155698747";"A01";"1";"7";"0";"1";"3";"23";"1";""
"202400047136";"155698743";"A01";"1";"7";"0";"0";"4";"1";"2";""
"202400047136";"155698750";"B01";"1";"7";"0";"2";"4";"1";"2";""
"202400047136";"155698755";"C01";"1";"7";"0";"2";"1";"1";"1";""
"202400047137";"155698741";"A01";"1";"10";"0";"1";"2";"16";"1";""
"202400047138";"155698740";"A01";"1";"7";"0";"1";"2";"18";"3";""
"202400047139";"155698739";"A01";"3";"7";"0";"2";"1";"1";"1";""
"202400047139";"155698744";"B01";"3";"7";"0";"2";"4";"1";"1";""
"202400047140";"155698735";"A01";"2";"7";"0";"1";"2";"1";"1";""
"202400047141";"155698729";"B01";"2";"1";"0";"2";"1";"1";"5";""
"202400047141";"155698733";"A01";"2";"7";"0";"2";"4";"1";"1";""
"202400047142";"155698731";"A01";"2";"7";"0";"2";"3";"15";"1";""
"202400047142";"155698738";"B01";"2";"7";"0";"2";"0";"0";"1";""
"202400047143";"155698728";"A01";"1";"1";"0";"2";"7";"1";"5";""
"202400047143";"155698737";"B01";"1";"7";"0";"2";"1";"1";"2";""
"202400047144";"155698730";"A01";"3";"7";"0";"2";"1";"13";"1";""
"202400047144";"155698734";"B01";"3";"7";"0";"2";"6";"1";"1";""
"202400047145";"155698727";"A01";"2";"7";"0";"2";"1";"2";"0";""
"202400047145";"155698736";"B01";"1";"2";"0";"0";"4";"2";"1";""
"202400047146";"155698725";"A01";"3";"7";"0";"1";"3";"1";"1";""
"202400047147";"155698721";"A01";"2";"7";"0";"2";"1";"1";"1";""
"202400047147";"155698726";"B01";"2";"7";"0";"2";"4";"23";"1";""
"202400047147";"155698732";"C01";"2";"7";"0";"2";"3";"23";"2";""
"202400047148";"155698723";"A01";"3";"3";"0";"1";"3";"26";"6";""
"202400047149";"155698722";"A01";"1";"7";"13";"0";"3";"1";"1";""
"202400047150";"155698720";"A01";"2";"1";"0";"2";"1";"1";"5";""
"202400047150";"155698724";"B01";"2";"7";"0";"9";"3";"1";"3";""
"202400047151";"155698718";"A01";"1";"7";"0";"1";"2";"1";"1";""
"202400047152";"155698719";"A01";"2";"10";"0";"1";"1";"1";"3";""
"202400047153";"155698716";"A01";"1";"7";"0";"2";"1";"1";"1";""
"202400047153";"155698717";"B01";"1";"7";"0";"2";"4";"26";"0";""
"202400047154";"155698712";"A01";"0";"50";"0";"0";"0";"1";"3";""
"202400047155";"155698711";"A01";"1";"7";"4";"2";"3";"18";"1";""
"202400047155";"155698714";"B01";"1";"80";"0";"2";"4";"2";"3";""
"202400047156";"155698708";"A01";"1";"33";"3";"2";"8";"17";"1";""
"202400047156";"155698713";"B01";"2";"7";"4";"2";"6";"2";"1";""
"202400047157";"155698705";"A01";"1";"7";"0";"2";"1";"1";"1";""
"202400047157";"155698710";"B01";"2";"7";"0";"2";"7";"19";"1";""
"202400047158";"155698707";"A01";"1";"7";"9";"0";"1";"26";"2";""
"202400047159";"155698701";"A01";"1";"7";"0";"2";"5";"15";"1";""
"202400047159";"155698704";"B01";"2";"2";"0";"2";"1";"1";"1";""
"202400047160";"155698702";"D01";"1";"10";"0";"2";"4";"1";"1";""
"202400047160";"155698706";"C01";"1";"7";"0";"2";"9";"1";"1";""
"202400047160";"155698709";"A01";"1";"7";"0";"2";"1";"1";"1";""
"202400047160";"155698715";"B01";"1";"7";"0";"2";"9";"1";"1";""
"202400047161";"155698700";"A01";"3";"2";"0";"0";"0";"0";"1";""
"202400047162";"155698695";"A01";"1";"7";"0";"2";"2";"1";"1";""
"202400047162";"155698697";"B01";"1";"2";"0";"2";"4";"1";"1";""
"202400047163";"155698698";"A01";"3";"10";"1";"2";"4";"20";"1";""
"202400047163";"155698703";"B01";"3";"7";"0";"2";"6";"24";"1";""
"202400047164";"155698693";"A01";"1";"7";"0";"1";"2";"2";"2";""
"202400047165";"155698694";"A01";"3";"7";"0";"1";"8";"15";"1";""
"202400047166";"155698696";"A01";"3";"2";"0";"2";"7";"1";"1";""
"202400047166";"155698699";"B01";"3";"10";"0";"0";"1";"0";"1";""
"202400047167";"155698691";"A01";"1";"7";"0";"1";"7";"15";"1";""
"202400047168";"155698690";"A01";"1";"33";"0";"2";"8";"3";"1";""
"202400047168";"155698692";"B01";"1";"7";"0";"2";"7";"12";"1";""
"202400047169";"155698688";"A01";"3";"1";"15";"0";"1";"21";"5";""
"202400047170";"155698684";"A01";"0";"7";"0";"0";"0";"15";"1";""
"202400047170";"155698689";"B01";"1";"33";"0";"0";"7";"1";"1";""
"202400047171";"155698683";"B01";"3";"7";"0";"2";"2";"1";"1";""
"202400047171";"155698686";"A01";"3";"7";"0";"2";"3";"13";"1";""
"202400047172";"155698680";"A01";"3";"1";"0";"2";"8";"1";"5";""
"202400047172";"155698687";"B01";"3";"7";"0";"9";"1";"1";"2";""
"202400047173";"155698679";"A01";"3";"7";"7";"2";"7";"19";"1";""
"202400047173";"155698685";"B01";"1";"7";"7";"2";"3";"1";"1";""
"202400047174";"155698678";"A01";"1";"7";"0";"2";"3";"20";"1";""
"202400047174";"155698682";"B01";"1";"34";"0";"2";"1";"1";"1";""
"202400047175";"155698671";"A01";"2";"33";"0";"2";"1";"16";"1";""
"202400047175";"155698675";"B01";"2";"10";"0";"2";"3";"0";"1";""
"202400047176";"155698672";"A01";"1";"10";"0";"2";"1";"2";"1";""
"202400047176";"155698677";"C01";"1";"7";"0";"2";"0";"2";"1";""
"202400047176";"155698681";"B01";"1";"7";"0";"2";"4";"2";"2";""
"202400047177";"155698669";"A01";"1";"7";"7";"0";"0";"0";"1";""
"202400047178";"155698666";"A01";"1";"7";"0";"2";"3";"1";"1";""
"202400047178";"155698670";"B01";"1";"7";"0";"2";"2";"2";"3";""
"202400047178";"155698676";"C01";"1";"30";"0";"2";"0";"1";"1";""
"202400047179";"155698668";"B01";"1";"1";"0";"2";"1";"1";"5";""
"202400047179";"155698674";"A01";"1";"7";"0";"2";"3";"15";"2";""
"202400047180";"155698665";"A01";"3";"7";"0";"1";"2";"9";"1";""
"202400047181";"155698667";"A01";"3";"37";"0";"2";"3";"7";"2";"1"
"202400047181";"155698673";"B01";"3";"1";"0";"2";"3";"13";"5";""
"202400047182";"155698662";"A01";"1";"7";"0";"0";"8";"26";"1";""
"202400047183";"155698663";"A01";"2";"7";"4";"0";"9";"2";"1";""
"202400047184";"155698657";"B01";"2";"15";"0";"2";"6";"1";"1";""
"202400047184";"155698664";"A01";"2";"10";"0";"2";"5";"2";"1";""
"202400047185";"155698656";"C01";"2";"50";"0";"2";"8";"13";"3";""
"202400047185";"155698660";"A01";"2";"50";"0";"2";"3";"13";"3";""
"202400047185";"155698661";"B01";"1";"1";"0";"2";"0";"1";"5";""
"202400047186";"155698653";"A01";"3";"7";"0";"2";"3";"1";"1";""
"202400047186";"155698659";"B01";"3";"33";"0";"2";"2";"15";"1";""
"202400047187";"155698648";"A01";"2";"10";"3";"0";"2";"14";"6";""
"202400047188";"155698652";"A01";"1";"2";"7";"0";"0";"1";"1";""
"202400047189";"155698649";"A01";"1";"7";"0";"2";"3";"15";"1";""
"202400047189";"155698658";"B01";"1";"7";"0";"2";"2";"1";"1";""
"202400047190";"155698647";"B01";"3";"7";"0";"2";"1";"1";"1";""
"202400047190";"155698655";"A01";"3";"10";"0";"2";"1";"13";"1";""
"202400047191";"155698651";"A01";"2";"33";"0";"2";"1";"2";"1";""
"202400047191";"155698654";"B01";"2";"10";"0";"2";"4";"2";"1";""
"202400047192";"155698646";"B01";"1";"10";"0";"2";"9";"1";"0";""
"202400047192";"155698650";"A01";"1";"7";"0";"2";"1";"11";"1";""
"202400047193";"155698645";"A01";"1";"80";"0";"2";"0";"1";"3";""
"202400047194";"155698643";"Z01";"0";"7";"0";"1";"6";"20";"0";""
"202400047195";"155698642";"A01";"1";"7";"0";"1";"2";"0";"0";""
"202400047196";"155698640";"A01";"1";"7";"4";"0";"1";"14";"1";""
"202400047197";"155698638";"Z01";"3";"7";"0";"1";"3";"9";"1";""
"202400047198";"155698637";"A01";"2";"7";"0";"2";"3";"15";"1";""
"202400047198";"155698641";"B01";"3";"2";"0";"2";"3";"1";"1";""
"202400047199";"155698633";"B01";"3";"7";"0";"2";"1";"0";"1";""
"202400047199";"155698634";"A01";"3";"7";"0";"2";"2";"1";"1";""
"202400047200";"155698635";"A01";"3";"60";"12";"0";"8";"26";"5";""
"202400047201";"155698630";"B01";"1";"7";"0";"2";"4";"2";"1";""
"202400047201";"155698632";"C01";"1";"7";"0";"2";"4";"2";"1";""
"202400047201";"155698636";"D01";"1";"7";"0";"2";"4";"2";"1";""
"202400047201";"155698639";"E01";"1";"7";"0";"2";"4";"2";"1";""
"202400047201";"155698644";"A01";"1";"17";"0";"2";"1";"2";"1";""
"202400047202";"155698627";"A01";"1";"7";"0";"2";"3";"2";"1";""
"202400047202";"155698631";"B01";"1";"15";"0";"2";"2";"12";"1";""
"202400047203";"155698626";"B01";"1";"33";"0";"2";"4";"1";"1";""
"202400047203";"155698629";"A01";"1";"7";"0";"2";"2";"1";"1";""
"202400047204";"155698624";"A01";"0";"7";"6";"0";"3";"0";"1";""
"202400047205";"155698622";"A01";"2";"7";"12";"0";"1";"1";"1";""
"202400047206";"155698621";"A01";"3";"7";"0";"1";"3";"1";"1";""
"202400047206";"155698628";"B01";"3";"7";"0";" -1";"7";"1";"1";""
"202400047207";"155698623";"A01";"1";"1";"0";"2";"8";"13";"5";""
"202400047207";"155698625";"B01";"1";"1";"0";"2";"7";"17";"5";""
"202400047208";"155698619";"A01";"2";"43";"4";"2";"3";"21";"1";""
"202400047209";"155698616";"A01";"2";"10";"0";"2";"1";"2";"1";""
"202400047209";"155698620";"B01";"2";"7";"0";"2";"4";"2";"1";""
"202400047210";"155698614";"B01";"3";"13";"0";"2";"6";"23";"1";""
"202400047210";"155698618";"A01";"3";"37";"0";"2";"2";"14";"1";"2"
"202400047211";"155698613";"A01";"1";"7";"0";"2";"1";"14";"1";""
"202400047211";"155698617";"B01";"2";"7";"0";"2";"1";"1";"1";""
"202400047212";"155698612";"A01";"3";"10";"8";"0";"2";"1";"1";""
"202400047213";"155698611";"A01";"2";"7";"0";"2";"1";"2";"1";""
"202400047213";"155698615";"B01";"2";"7";"0";"2";"4";"1";"2";""
"202400047214";"155698610";"Z01";"2";"7";"0";"1";"4";"26";"0";""
"202400047215";"155698607";"A01";"2";"2";"14";"0";"1";"21";"1";""
"202400047216";"155698605";"A01";"3";"7";"0";"1";"2";"19";"1";""
"202400047217";"155698602";"A01";"1";"7";"0";"2";"4";"2";"1";""
"202400047217";"155698608";"B01";"1";"33";"0";"2";"1";"2";"1";""
"202400047218";"155698600";"A01";"1";"7";"0";"9";"1";"14";"1";""
"202400047218";"155698606";"B01";"1";"7";"3";"2";"9";"21";"1";""
"202400047218";"155698609";"C01";"1";"7";"0";"9";"1";"2";"1";""
"202400047219";"155698599";"A01";"1";"31";"0";"2";"1";"2";"1";""
"202400047219";"155698604";"B01";"1";"7";"0";"2";"4";"2";"1";""
"202400047220";"155698598";"A01";"1";"30";"0";"2";"1";"2";"1";""
"202400047220";"155698603";"B01";"1";"7";"0";"2";"6";"26";"1";""
"202400047221";"155698601";"A01";"2";"7";"8";"1";"1";"26";"1";""
"202400047222";"155698593";"A01";"2";"33";"0";"2";"4";"16";"1";""
"202400047222";"155698596";"B01";"1";"7";"0";"2";"1";"1";"1";""
"202400047223";"155698590";"A01";"2";"10";"0";"0";"6";"23";"1";""
"202400047223";"155698594";"B01";"2";"42";"0";"2";"1";"2";"1";""
"202400047224";"155698591";"A01";"2";"7";"0";"2";"1";"17";"1";""
"202400047224";"155698595";"B01";"2";"7";"0";"9";"6";"1";"1";""
"202400047224";"155698597";"C01";"1";"7";"0";"2";"1";"1";"2";""
"202400047225";"155698589";"A01";"3";"7";"4";"0";"0";"12";"1";""
"202400047226";"155698588";"A01";"2";"33";"0";"2";"1";"1";"1";""
"202400047226";"155698592";"B01";"2";"7";"0";"2";"3";"10";"2";""
"202400047227";"155698585";"A01";"1";"7";"0";"2";"1";"15";"1";""
"202400047227";"155698587";"B01";"2";"33";"0";"2";"1";"1";"1";""
"202400047228";"155698577";"A01";"1";"33";"0";"2";"3";"3";"1";""
"202400047228";"155698580";"B01";"1";"7";"0";"2";"5";"1";"3";""
"202400047228";"155698584";"C01";"1";"10";"0";"2";"3";"1";"1";""
"202400047229";"155698578";"B01";"2";"10";"0";"2";"1";"1";"1";""
"202400047229";"155698582";"A01";"1";"7";"0";"2";"1";"5";"1";""
"202400047230";"155698579";"A01";"1";"7";"0";"2";"9";"1";"1";""
"202400047230";"155698583";"B01";"1";"7";"0";"2";"9";"0";"2";""
"202400047230";"155698586";"C01";"1";"7";"0";"2";"1";"1";"1";""
"202400047231";"155698572";"B01";"2";"32";"0";"2";"1";"2";"3";""
"202400047231";"155698575";"A01";"2";"7";"0";"2";"6";"2";"1";""
"202400047232";"155698571";"A01";"1";"10";"0";"2";"1";"2";"1";""
"202400047232";"155698573";"B01";"1";"7";"0";"2";"4";"23";"1";""
"202400047233";"155698570";"A01";"2";"7";"0";"2";"7";"9";"1";""
"202400047233";"155698574";"B01";"1";"15";"0";"2";"1";"1";"1";""
"202400047234";"155698567";"Z01";"2";"50";"0";"1";"0";"26";"3";""
"202400047235";"155698564";"A01";"2";"7";"0";"2";"1";"13";"1";""
"202400047235";"155698568";"B01";"1";"7";"0";"2";"1";"1";"1";""
"202400047235";"155698576";"C01";"1";"10";"0";"2";"1";"2";"1";""
"202400047235";"155698581";"D01";"1";"7";"0";"2";"8";"2";"1";""
"202400047236";"155698565";"A01";"1";"7";"0";"2";"1";"1";"1";""
"202400047236";"155698569";"B01";"1";"7";"0";"0";"4";"1";"1";""
"202400047237";"155698563";"A01";"2";"33";"0";"2";"1";"12";"1";""
"202400047237";"155698566";"B01";"2";"7";"0";"2";"5";"1";"1";""
"202400047238";"155698559";"B01";"1";"10";"0";"2";"3";"10";"1";""
"202400047238";"155698561";"A01";"1";"34";"0";"2";"1";"26";"1";""
"202400047239";"155698558";"A01";"2";"40";"0";"1";"7";"1";"3";""
"202400047240";"155698557";"A01";"1";"33";"0";"0";"8";"0";"1";""
"202400047241";"155698554";"A01";"3";"7";"0";"2";"1";"13";"1";""
"202400047241";"155698560";"B01";"3";"7";"0";"2";"1";"15";"1";""
"202400047242";"155698555";"B01";"0";"60";"0";"2";"8";"19";"5";""
"202400047242";"155698562";"A01";"1";"7";"0";"9";"1";"16";"1";""
"202400047243";"155698552";"A01";"2";"30";"0";"2";"1";"2";"3";""
"202400047243";"155698556";"B01";"2";"10";"0";"2";"4";"2";"1";""
"202400047244";"155698551";"A01";"1";"7";"0";"2";"1";"2";"1";""
"202400047244";"155698553";"B01";"1";"7";"0";"2";"4";"2";"2";""
"202400047245";"155698550";"A01";"1";"31";"0";"1";"8";"1";"0";""
"202400047246";"155698545";"A01";"0";"7";"1";"2";"7";"25";"2";""
"202400047246";"155698548";"B01";"0";"7";"1";"2";"8";"0";"2";""
"202400047247";"155698546";"A01";"1";"7";"0";"1";"3";"1";"2";""
"202400047248";"155698543";"A01";"0";"50";"0";"2";"0";"0";"3";""
"202400047248";"155698549";"B01";"2";"7";"0";"2";"0";"0";"1";""
"202400047249";"155698541";"B01";"3";"1";"0";"2";"1";"1";"5";""
"202400047249";"155698547";"A01";"0";"7";"0";"2";"2";"15";"1";""
"202400047250";"155698542";"A01";"2";"2";"15";"0";"0";"0";"1";""
"202400047251";"155698540";"B01";"2";"7";"0";"2";"3";"15";"1";""
"202400047251";"155698544";"A01";"2";"33";"0";"2";"1";"17";"1";""