"Num_Acc";"id_vehicule";"num_veh";"senc";"catv";"obs";"obsm";"choc";"manv";"motor";"occutc"
"202400047252";"155698538";"B01";"3";"7";"0";"2";"4";"23";"1";""
"202400047252";"155698539";"A01";"3";"7";"0";"2";"1";"2";"1";""
"202400047253";"155698533";"A01";"3";"31";"0";"1";"1";"0";"1";""
"202400047254";"155698530";"A01";"3";"7";"0";"1";"2";"14";"1";""
"202400047255";"155698535";"B01";"3";"33";"0";"2";"8";"1";"1";""
"202400047255";"155698537";"A01";"3";"10";"0";"2";"3";"15";"0";""
"202400047256";"155698529";"A01";"1";"7";"0";"2";"2";"1";"1";""
"202400047256";"155698534";"B01";"1";"1";"0";"0";"4";"15";"5";""
"202400047257";"155698528";"A01";"1";"7";"0";"2";"2";"1";"1";""
"202400047257";"155698536";"B01";"2";"7";"0";"2";"3";"1";"1";""
"202400047258";"155698527";"B01";"1";"30";"1";"0";"7";"1";"3";""
"202400047258";"155698532";"A01";"1";"7";"0";"2";"8";"20";"1";""
"202400047259";"155698526";"B01";"3";"10";"0";"0";"7";"1";"0";""
"202400047259";"155698531";"A01";"3";"7";"0";"2";"1";"15";"1";""
"202400047260";"155698523";"A01";"1";"7";"13";"0";"2";"1";"1";""
"202400047261";"155698522";"A01";"2";"7";"0";"2";"4";"2";"1";""
"202400047261";"155698525";"B01";"2";"7";"0";"2";"1";"2";"1";""
"202400047262";"155698520";"A01";"1";"36";"16";"0";"0";"1";"1";""
"202400047263";"155698517";"A01";"2";"7";"0";"2";"1";"13";"1";""
"202400047263";"155698524";"B01";"1";"7";"0";"2";"1";"1";"1";""
"202400047264";"155698519";"A01";"2";"30";"4";"0";"7";"14";"1";""
"202400047265";"155698516";"A01";"3";"7";"0";"1";"3";"20";"1";""
"202400047266";"155698518";"B01";"2";"7";"1";"2";"1";"2";"1";""
"202400047266";"155698521";"A01";"2";"7";"0";"2";"4";"23";"1";""
"202400047267";"155698514";"A01";"1";"33";"0";"0";"0";"1";"1";""
"202400047268";"155698511";"A01";"2";"33";"0";"2";"1";"1";"1";""
"202400047268";"155698513";"B01";"1";"10";"0";"2";"7";"15";"1";""
"202400047269";"155698512";"B01";"2";"7";"0";"2";"1";"1";"1";""
"202400047269";"155698515";"A01";"1";"7";"0";"2";"1";"15";"1";""
"202400047270";"155698506";"A01";"1";"7";"0";"2";"7";"19";"1";""
"202400047270";"155698510";"B01";"1";"30";"0";"2";"1";"1";"1";""
"202400047271";"155698504";"B01";"1";"1";"0";"0";"3";"2";"5";""
"202400047271";"155698507";"A01";"1";"1";"0";"0";"2";"17";"5";""
"202400047272";"155698502";"A01";"2";"30";"0";"2";"2";"15";"1";""
"202400047272";"155698509";"Z01";"2";"34";"0";"2";"0";"0";"0";""
"202400047273";"155698505";"A01";"1";"7";"0";"0";"3";"9";"0";""
"202400047273";"155698508";"B01";"1";"33";"0";"2";"1";"1";"1";""
"202400047274";"155698503";"A01";"3";"33";"6";"0";"8";"1";"1";""
"202400047275";"155698501";"A01";"2";"38";"2";"0";"1";"1";"1";"7"
"202400047276";"155698496";"A01";"1";"7";"0";"2";"1";"26";"0";""
"202400047277";"155698497";"A01";"3";"7";"0";"2";"4";"26";"1";""
"202400047277";"155698500";"B01";"3";"30";"0";"2";"1";"1";"1";""
"202400047278";"155698494";"Z01";"1";"7";"0";"2";"0";"0";"0";""
"202400047278";"155698498";"B01";"1";"80";"0";"2";"8";"26";"3";""
"202400047279";"155698491";"A01";"1";"33";"0";"2";"2";"17";"1";""
"202400047279";"155698495";"B01";"1";"21";"0";"2";"3";"15";"1";""
"202400047280";"155698489";"A01";"2";"7";"0";"2";"2";"13";"1";""
"202400047280";"155698493";"B01";"1";"7";"0";"2";"1";"1";"2";""
"202400047281";"155698487";"A01";"1";"13";"1";"0";"4";"4";"0";""
"202400047282";"155698485";"A01";"1";"7";"0";"1";"2";"17";"1";""
"202400047283";"155698486";"A01";"1";"7";"0";"2";"3";"15";"1";""
"202400047283";"155698492";"B01";"2";"33";"6";"2";"1";"1";"1";""
"202400047284";"155698484";"B01";"0";"7";"0";"2";"3";"2";"1";""
"202400047284";"155698488";"C01";"3";"7";"0";"2";"5";"1";"1";""
"202400047284";"155698490";"A01";"3";"7";"0";"2";"2";"2";"1";""
"202400047285";"155698482";"A01";"1";"33";"0";"0";"8";"1";"1";""
"202400047286";"155698478";"A01";"2";"10";"0";"0";"9";"1";"1";""
"202400047287";"155698481";"B01";"2";"7";"3";"0";"3";"1";"1";""
"202400047287";"155698483";"A01";"1";"7";"0";"0";"3";"0";"1";""
"202400047288";"155698480";"A01";"3";"7";"0";"0";"0";"16";"1";""
"202400047289";"155698479";"A01";"3";"7";"0";"1";"2";"1";"1";""
"202400047290";"155698477";"A01";"1";"7";"0";"1";"1";"1";"1";""
"202400047291";"155698476";"A01";"1";"10";"0";"1";"3";"17";"1";""
"202400047292";"155698470";"A01";"2";"33";"4";"0";"7";"1";"1";""
"202400047293";"155698472";"B01";"1";"7";"0";"9";"6";"9";"1";""
"202400047293";"155698475";"A01";"1";"33";"0";"2";"1";"1";"1";""
"202400047294";"155698466";"A01";"2";"7";"0";"2";"1";"19";"1";""
"202400047294";"155698469";"B01";"1";"7";"0";"2";"1";"1";"1";""
"202400047295";"155698468";"B01";"3";"7";"0";"2";"2";"1";"1";""
"202400047295";"155698474";"A01";"3";"1";"0";"2";"9";"5";"5";""
"202400047296";"155698464";"A01";"2";"50";"0";"2";"1";"19";"3";""
"202400047296";"155698473";"B01";"1";"15";"0";"2";"6";"16";"1";""
"202400047297";"155698461";"B01";"2";"43";"0";"2";"1";"1";"1";""
"202400047297";"155698465";"Z01";"1";"7";"0";"2";"2";"15";"0";""
"202400047298";"155698463";"A01";"2";"7";"0";"2";"8";"11";"1";""
"202400047298";"155698467";"B01";"1";"34";"0";"2";"7";"1";"1";""
"202400047298";"155698471";"C01";"1";"7";"0";"2";"7";"23";"1";""
"202400047299";"155698457";"B01";"2";"7";"0";"2";"3";"15";"1";""
"202400047299";"155698462";"A01";"2";"2";"0";"2";"2";"1";"1";""
"202400047300";"155698459";"A01";"2";"7";"0";"1";"1";"15";"1";""
"202400047301";"155698455";"A01";"1";"7";"0";"0";"6";"10";"4";""
"202400047301";"155698458";"B01";"1";"33";"0";"2";"1";"1";"1";""
"202400047302";"155698452";"A01";"2";"7";"15";"0";"3";"2";"1";""
"202400047303";"155698450";"B01";"2";"38";"0";"2";"2";"21";"1";"1"
"202400047303";"155698453";"A01";"1";"7";"0";"2";"1";"13";"1";""
"202400047304";"155698449";"A01";"1";"7";"0";"2";"1";"10";"1";""
"202400047304";"155698454";"B01";"1";"7";"0";"2";"8";"1";"1";""
"202400047305";"155698448";"A01";"1";"7";"0";"2";"8";"9";"3";""
"202400047305";"155698456";"B01";"1";"1";"0";"2";"1";"0";"5";""
"202400047306";"155698447";"A01";"1";"32";"0";"2";"1";"17";"1";""
"202400047306";"155698451";"B01";"3";"7";"0";"2";"2";"15";"1";""
"202400047307";"155698446";"A01";"1";"33";"13";"0";"3";"1";"1";""
"202400047308";"155698445";"A01";"2";"7";"0";"1";"4";"4";"1";""
"202400047309";"155698442";"A01";"2";"7";"0";"1";"3";"1";"1";""
"202400047310";"155698444";"B01";"3";"7";"0";"2";"3";"16";"1";""
"202400047310";"155698460";"A01";"3";"2";"0";"2";"1";"15";"1";""
"202400047311";"155698438";"A01";"2";"7";"0";"9";"3";"9";"1";""
"202400047311";"155698440";"B01";"2";"3";"0";"2";"1";"1";"3";""
"202400047312";"155698436";"A01";"1";"7";"6";"2";"7";"9";"1";""
"202400047312";"155698443";"B01";"1";"7";"6";"2";"8";"2";"1";""
"202400047313";"155698437";"A01";"1";"1";"0";"2";"1";"1";"5";""
"202400047313";"155698441";"B01";"3";"7";"0";"2";"1";"1";"1";""
"202400047314";"155698433";"B01";"2";"50";"0";"2";"1";"1";"3";""
"202400047314";"155698435";"A01";" -1";"7";"0";"2";"3";"22";"1";""
"202400047315";"155698430";"A01";"2";"33";"15";"0";"9";"17";"1";""
"202400047315";"155698434";"B01";"2";"7";"0";"0";"0";"0";"1";""
"202400047316";"155698429";"A01";"2";"2";"0";"2";"1";"2";"1";""
"202400047316";"155698432";"B01";"3";"7";"0";"0";"4";"2";"1";""
"202400047317";"155698428";"A01";"1";"2";"16";"0";"1";"1";"1";""
"202400047318";"155698424";"A01";"1";"7";"12";"2";"1";"15";"1";""
"202400047319";"155698423";"A01";"3";"7";"2";"0";"1";"13";"1";""
"202400047320";"155698421";"A01";"3";"7";"0";"2";"3";"11";"1";""
"202400047320";"155698426";"B01";"1";"7";"0";"2";"2";"1";"1";""
"202400047321";"155698420";"A01";"3";"7";"0";"2";"3";"19";"1";""
"202400047321";"155698427";"B01";"3";"50";"0";"2";"1";"19";"3";""
"202400047322";"155698419";"A01";"1";"43";"0";"0";"1";"2";"1";""
"202400047323";"155698418";"B01";"2";"1";"0";"9";"1";"25";"5";""
"202400047323";"155698422";"A01";"1";"50";"0";"9";"1";"25";"3";""
"202400047324";"155698417";"A01";"1";"1";"0";"2";"8";"1";"5";""
"202400047324";"155698425";"B01";"1";"7";"0";"2";"1";"1";"1";""
"202400047325";"155698413";"A01";"1";"7";"0";"1";"1";"1";"1";""
"202400047326";"155698412";"A01";"2";"7";"0";"2";"1";"13";"1";""
"202400047326";"155698416";"B01";"1";"50";"0";"2";"1";"5";"3";""
"202400047327";"155698411";"A01";"1";"15";"0";"2";"1";"2";"1";""
"202400047327";"155698415";"B01";"1";"7";"0";"2";"4";"1";"1";""
"202400047328";"155698408";"A01";"2";"33";"0";"2";"2";"17";"1";""
"202400047328";"155698414";"B01";"2";"7";"0";"2";"8";"15";"1";""
"202400047329";"155698406";"A01";"2";"7";"0";"0";"2";"0";"1";""
"202400047329";"155698409";"B01";"1";"7";"0";"2";"3";"13";"1";""
"202400047330";"155698405";"A01";"3";"10";"0";"2";"1";"16";"0";""
"202400047330";"155698410";"B01";"3";"10";"0";"2";"2";"2";"0";""
"202400047331";"155698404";"A01";"3";"7";"8";"0";"2";"14";"1";""
"202400047332";"155698402";"A01";"2";"7";"3";"2";"7";"17";"1";""
"202400047332";"155698407";"B01";"2";"10";"0";"2";"1";"1";"1";""
"202400047333";"155698400";"A01";"3";"7";"0";"2";"4";"13";"1";""
"202400047333";"155698403";"B01";"3";"7";"0";"2";"1";"1";"1";""
"202400047334";"155698399";"A01";"1";"7";"15";"0";"1";"1";"1";""
"202400047335";"155698394";"A01";"1";"7";"0";"2";"2";"1";"2";""
"202400047335";"155698398";"B01";"1";"7";"0";"0";"6";"23";"2";""
"202400047336";"155698391";"A01";"2";"7";"0";"0";"5";"0";"1";""
"202400047336";"155698396";"B01";"2";"33";"0";"2";"3";"13";"1";""
"202400047337";"155698393";"B01";"1";"33";"0";"2";"1";"3";"1";""
"202400047337";"155698397";"A01";"1";"7";"0";"2";"5";"14";"1";""
"202400047337";"155698401";"C01";"1";"34";"0";"2";"1";"3";"1";""
"202400047338";"155698390";"A01";"2";"99";"0";"2";"2";"15";"3";""
"202400047338";"155698395";"B01";"3";"7";"0";"2";"3";"1";"1";""
"202400047339";"155698387";"A01";"1";"7";"0";"2";"4";"23";"1";""
"202400047339";"155698389";"B01";"1";"7";"0";"2";"1";"1";"1";""
"202400047340";"155698386";"A01";"1";"32";"0";"1";"1";"1";"1";""
"202400047341";"155698385";"C01";"1";"7";"0";"2";"2";"2";"1";""
"202400047341";"155698388";"A01";"1";"1";"0";"0";"6";"2";"5";""
"202400047342";"155698383";"A01";"2";"10";"0";"1";"1";"1";"1";""
"202400047343";"155698381";"A01";"1";"7";"0";"2";"1";"17";"1";""
"202400047343";"155698384";"B01";"1";"7";"0";"2";"4";"1";"1";""
"202400047344";"155698382";"A01";"1";"7";"2";"0";"1";"1";"1";""
"202400047345";"155698380";"A01";"1";"7";"8";"0";"1";"1";"1";""
"202400047346";"155698376";"A01";"3";"7";"0";"1";"1";"1";"1";""
"202400047347";"155698375";"A01";"1";"7";"0";"1";"7";"1";"1";""
"202400047348";"155698373";"A01";"3";"31";"0";"0";"8";"1";"1";""
"202400047349";"155698378";"A01";"2";"10";"3";"0";"1";"14";"1";""
"202400047350";"155698374";"B01";"2";"99";"0";"0";"1";"2";"0";""
"202400047350";"155698377";"A01";"2";"10";"1";"0";"3";"22";"1";""
"202400047351";"155698372";"A01";"2";"7";"13";"0";"2";"1";"1";""
"202400047352";"155698368";"A01";"1";"7";"0";"2";"1";"1";"1";""
"202400047352";"155698379";"B01";"2";"7";"0";"2";"1";"1";"1";""
"202400047353";"155698367";"A01";"2";"7";"10";"0";"1";"1";"1";""
"202400047354";"155698366";"A01";"1";"7";"0";"1";"2";"1";"1";""
"202400047355";"155698364";"A01";"1";"33";"0";"2";"1";"1";"1";""
"202400047355";"155698370";"B01";"2";"2";"0";"2";"1";"1";"1";""
"202400047356";"155698365";"A01";"3";"32";"0";"2";"2";"1";"1";""
"202400047356";"155698369";"B01";"3";"31";"0";"2";"1";"1";"1";""
"202400047357";"155698362";"A01";"1";"7";"0";"2";"1";"2";"1";""
"202400047357";"155698371";"B01";"1";"7";"4";"0";"4";"2";"1";""
"202400047358";"155698363";"A01";"3";"7";"0";"1";"1";"1";"1";""
"202400047359";"155698359";"A01";"1";"30";"0";"0";"8";"1";"1";""
"202400047360";"155698361";"A01";"2";"31";"2";"0";"1";"0";"1";""
"202400047361";"155698360";"A01";"1";"80";"12";"0";"1";"1";"3";""
"202400047362";"155698352";"A01";"1";"7";"12";"2";"1";"2";"1";""
"202400047362";"155698357";"B01";"1";"7";"12";"0";"4";"2";"1";""
"202400047363";"155698351";"A01";"1";"7";"0";"2";"3";"0";"0";""
"202400047363";"155698356";"B01";"2";"7";"0";"2";"3";"0";"2";""
"202400047364";"155698354";"A01";"2";"10";"0";"2";"2";"2";"1";""
"202400047364";"155698358";"B01";"2";"7";"0";"2";"6";"1";"1";""
"202400047365";"155698349";"A01";"0";"7";"0";"2";"2";"9";"1";""
"202400047365";"155698355";"B01";"1";"1";"0";"2";"5";"9";"5";""
"202400047366";"155698353";"A01";"1";"37";"0";"1";"1";"1";"1";"1"
"202400047367";"155698347";"B01";"2";"34";"0";"2";"8";"1";"1";""
"202400047367";"155698350";"A01";"2";"7";"0";"2";"1";"19";"1";""
"202400047368";"155698346";"A01";"2";"3";"0";"1";"1";"15";"1";""
"202400047369";"155698344";"A01";"1";"7";"2";"0";"1";"1";"1";""
"202400047370";"155698343";"A01";"1";"13";"0";"2";"1";"13";"1";""
"202400047370";"155698348";"B01";"2";"10";"0";"2";"3";"1";"1";""
"202400047371";"155698340";"A01";"3";"7";"13";"0";"1";"13";"1";""
"202400047372";"155698339";"A01";"1";"7";"0";"2";"2";"9";"1";""
"202400047372";"155698342";"B01";"2";"2";"0";"2";"2";"3";"1";""
"202400047373";"155698338";"B01";"1";"7";"0";"9";"1";"2";"1";""
"202400047373";"155698345";"A01";"1";"50";"0";"2";"3";"15";"3";""
"202400047374";"155698337";"A01";"1";"1";"0";"0";"0";"1";"5";""
"202400047375";"155698336";"A01";"2";"7";"0";"2";"2";"9";"1";""
"202400047375";"155698341";"B01";"1";"7";"0";"2";"1";"1";"1";""
"202400047376";"155698331";"B01";"1";"7";"0";"1";"3";"17";"1";""
"202400047377";"155698328";"A01";"1";"32";"0";"2";"1";"1";"1";""
"202400047377";"155698334";"B01";"1";"10";"0";"2";"4";"1";"1";""
"202400047378";"155698326";"A01";"1";"7";"0";"2";"3";"11";"1";""
"202400047378";"155698332";"B01";"2";"1";"0";"2";"1";"1";"5";""
"202400047379";"155698327";"A01";"0";"7";"0";"2";"3";"15";"0";""
"202400047379";"155698333";"B01";"0";"32";"0";"2";"1";"17";"0";""
"202400047380";"155698324";"A01";"2";"2";"0";"0";"7";"21";"1";""
"202400047381";"155698322";"A01";"1";"33";"13";"0";"1";"1";"1";""
"202400047382";"155698323";"A01";"2";"7";"0";"2";"3";"9";"1";""
"202400047382";"155698325";"B01";"2";"1";"0";"2";"7";"1";"5";""
"202400047383";"155698321";"Z01";"3";"10";"0";"1";"2";"16";"0";""
"202400047384";"155698314";"B01";"1";"14";"0";"9";"4";"23";"0";""
"202400047384";"155698318";"A01";"1";"2";"0";"2";"1";"2";"1";""
"202400047385";"155698316";"B01";"1";"50";"0";"2";"7";"15";"3";""
"202400047385";"155698320";"A01";"2";"7";"0";"9";"1";"9";"1";""
"202400047386";"155698313";"A01";"3";"7";"0";"2";"1";"1";"1";""
"202400047386";"155698319";"B01";"3";"7";"0";"2";"4";"1";"1";""
"202400047387";"155698312";"A01";"3";"1";"0";"0";"3";"19";"5";""
"202400047387";"155698315";"B01";"3";"7";"0";"2";"0";"0";"1";""
"202400047388";"155698317";"B01";"2";"7";"0";"2";"8";"9";"1";""
"202400047388";"155698330";"A01";"1";"10";"0";"2";"1";"1";"1";""
"202400047389";"155698310";"A01";"3";"50";"6";"0";"1";"1";"3";""
"202400047390";"155698307";"A01";"1";"2";"6";"0";"3";"1";"1";""
"202400047391";"155698308";"A01";"3";"7";"0";"1";"8";"15";"1";""
"202400047392";"155698306";"A01";"1";"7";"0";"2";"1";"1";"1";""
"202400047392";"155698311";"B01";"1";"1";"0";"2";"4";"2";"5";""
"202400047393";"155698305";"A01";"3";"7";"15";"1";"3";"25";"1";""
"202400047394";"155698303";"A01";"1";"7";"0";"2";"2";"1";"1";""
"202400047394";"155698309";"B01";"1";"7";"0";"2";"3";"1";"0";""
"202400047395";"155698297";"B01";"1";"1";"0";"2";"2";"2";"5";""
"202400047395";"155698302";"A01";"1";"7";"0";"2";"1";"16";"1";""
"202400047396";"155698299";"B01";"2";"7";"0";"2";"1";"17";"1";""
"202400047396";"155698301";"A01";"2";"7";"0";"2";"3";"15";"3";""
"202400047397";"155698298";"B01";"1";"7";"0";"2";"2";"16";"1";""
"202400047397";"155698300";"A01";"1";"33";"0";"2";"3";"14";"1";""
"202400047398";"155698293";"A01";"1";"10";"0";"2";"1";"1";"1";""
"202400047398";"155698296";"B01";"1";"7";"0";"2";"4";"1";"1";""
"202400047399";"155698292";"A01";"2";"7";"1";"0";"2";"14";"1";""
"202400047400";"155698295";"A01";"3";"2";"0";"0";"0";"1";"1";""
"202400047401";"155698290";"A01";"1";"10";"0";"0";"1";"2";"1";""
"202400047401";"155698291";"B01";"2";"10";"0";"2";"4";"23";"1";""
"202400047402";"155698294";"A01";"1";"33";"12";"0";"1";"17";"1";""
"202400047403";"155698289";"A01";"1";"33";"11";"0";"0";"1";"0";""
"202400047404";"155698288";"A01";"3";"7";"0";"1";"1";"1";"2";""
"202400047405";"155698283";"A01";"2";"7";"13";"0";"3";"11";"1";""
"202400047406";"155698282";"B01";"1";"7";"0";"2";"8";"1";"1";""
"202400047406";"155698286";"A01";"2";"7";"0";"2";"3";"1";"1";""
"202400047407";"155698279";"A01";"1";"7";"0";"2";"8";"15";"1";""
"202400047407";"155698285";"B01";"3";"14";"0";"2";"1";"1";"0";""
"202400047408";"155698281";"A01";"3";"7";"0";"2";"8";"16";"1";""
"202400047408";"155698287";"B01";"3";"33";"3";"2";"1";"1";"1";""
"202400047409";"155698277";"Z01";"2";"30";"0";"1";"1";"1";"1";""
"202400047410";"155698275";"A01";"2";"32";"0";"0";"1";"1";"1";""
"202400047411";"155698274";"C01";"1";"7";"0";"0";"1";"0";"1";""
"202400047411";"155698278";"A01";"1";"15";"0";"2";"3";"0";"1";""
"202400047411";"155698284";"B01";"1";"15";"0";"0";"8";"0";"1";""
"202400047412";"155698273";"A01";"1";"7";"14";"0";"3";"13";"1";""
"202400047413";"155698276";"B01";"3";"32";"0";"2";"6";"17";"1";""
"202400047413";"155698280";"A01";"3";"1";"0";"2";"1";"17";"5";""
"202400047414";"155698269";"A01";"1";"37";"5";"1";"2";"1";"2";"1"
"202400047415";"155698270";"A01";"1";"1";"0";"0";"0";"0";"5";""
"202400047416";"155698268";"A01";"2";"3";"0";"0";"3";"15";"1";""
"202400047416";"155698272";"B01";"2";"31";"0";"2";"1";"2";"1";""
"202400047417";"155698266";"A01";"2";"7";"0";"2";"6";"1";"1";""
"202400047417";"155698271";"B01";"2";"7";"0";"2";"2";"14";"1";""
"202400047418";"155698265";"A01";"1";"30";"1";"0";"6";"14";"1";""
"202400047419";"155698264";"A01";"1";"33";"0";"9";"1";"1";"1";""
"202400047420";"155698263";"B01";"1";"1";"0";"2";"1";"1";"5";""
"202400047420";"155698267";"A01";"2";"7";"0";"2";"3";"9";"1";""
"202400047421";"155698262";"A01";"1";"7";"6";"0";"1";"5";"1";""
"202400047422";"155698260";"A01";"2";"7";"0";"0";"8";"21";"1";""
"202400047423";"155698256";"A01";"3";"7";"13";"0";"9";"1";"1";""
"202400047424";"155698259";"A01";"3";"37";"0";"1";"6";"12";"2";"1"
"202400047425";"155698255";"A01";"1";"7";"0";"1";"1";"15";"1";""
"202400047426";"155698254";"B01";"1";"7";"0";"2";"1";"1";"1";""
"202400047426";"155698257";"A01";"2";"7";"0";"2";"1";"11";"1";""
"202400047427";"155698252";"B01";"1";"50";"0";"2";"1";"1";"3";""
"202400047427";"155698258";"A01";"1";"7";"0";"2";"3";"15";"1";""
"202400047428";"155698247";"A01";"1";"7";"0";"2";"3";"15";"1";""
"202400047428";"155698253";"B01";"1";"37";"0";"2";"2";"1";"1";"2"
"202400047429";"155698249";"A01";"2";"7";"0";"1";"2";"1";"1";""
"202400047430";"155698246";"A01";"1";"10";"0";"2";"3";"1";"1";""
"202400047430";"155698251";"B01";"3";"7";"13";"2";"7";"1";"1";""
"202400047431";"155698248";"A01";"3";"7";"0";"2";"8";"22";"1";""
"202400047431";"155698250";"B01";"3";"1";"1";"0";"1";"1";"5";""
"202400047432";"155698243";"A01";"1";"7";"0";"1";"3";"15";"1";""
"202400047433";"155698242";"B01";"3";"7";"0";"2";"3";"1";"6";""
"202400047433";"155698245";"A01";"3";"30";"0";"2";"1";"13";"1";""
"202400047434";"155698239";"A01";"2";"7";"0";"1";"1";"1";"2";""
"202400047435";"155698240";"A01";"0";"33";"0";"0";"2";"1";"1";""
"202400047436";"155698235";"A01";"3";"7";"0";"2";"1";"5";"1";""
"202400047436";"155698237";"B01";"3";"33";"0";"2";"1";"1";"1";""
"202400047437";"155698234";"A01";"3";"7";"0";"2";"2";"16";"1";""
"202400047437";"155698236";"B01";"3";"1";"0";"2";"8";"1";"5";""
"202400047438";"155698231";"A01";"3";"7";"0";"2";"3";"9";"6";""
"202400047438";"155698238";"B01";"3";"50";"0";"2";"1";"1";"3";""
"202400047439";"155698230";"A01";"2";"32";"0";"1";"1";"1";"1";""
"202400047440";"155698228";"A01";"1";"10";"0";"2";"4";"2";"1";""
"202400047440";"155698232";"B01";"1";"7";"6";"2";"9";"0";"2";""
"202400047441";"155698229";"A01";"1";"30";"0";"1";"0";"1";"1";""
"202400047442";"155698227";"A01";"1";"7";"0";"2";"4";"2";"1";""
"202400047442";"155698233";"B01";"1";"30";"0";"2";"1";"2";"1";""
"202400047443";"155698226";"A01";"3";"7";"0";"1";"1";"1";"1";""
"202400047444";"155698223";"A01";"1";"7";"0";"1";"1";"1";"1";""
"202400047445";"155698222";"A01";"1";"7";"0";"1";"7";"12";"0";""
"202400047446";"155698220";"A01";"3";"32";"0";"0";"0";"1";"0";""
"202400047447";"155698221";"B01";"1";"0";"0";"2";"1";"1";"0";""
"202400047447";"155698225";"A01";"1";"7";"0";"2";"2";"16";"1";""
"202400047448";"155698215";"A01";"1";"7";"0";"1";"1";"1";"1";""
"202400047449";"155698216";"B01";"1";"7";"3";"2";"4";"2";"1";""
"202400047449";"155698218";"C01";"2";"7";"0";"2";"1";"2";"1";""
"202400047449";"155698224";"A01";"2";"7";"1";"0";"8";"2";"1";""
"202400047450";"155698214";"B01";"2";"50";"0";"2";"1";"26";"3";""
"202400047450";"155698219";"A01";"1";"7";"0";"9";"3";"1";"1";""
"202400047451";"155698212";"B01";"2";"7";"0";"2";"3";"1";"1";""
"202400047451";"155698217";"A01";"2";"1";"0";"2";"8";"19";"5";""
"202400047452";"155698211";"A01";"2";"50";"0";"0";"0";"1";"3";""
"202400047453";"155698213";"A01";"3";"7";"4";"0";"1";"1";"1";""
"202400047454";"155698206";"A01";"3";"7";"0";"1";"0";"1";"1";""
"202400047455";"155698204";"A01";"1";"33";"0";"0";"0";"1";"1";""
"202400047456";"155698202";"A01";"2";"7";"0";"2";"1";"13";"1";""
"202400047456";"155698208";"B01";"1";"7";"0";"2";"1";"1";"1";""
"202400047457";"155698201";"B01";"2";"7";"0";"2";"1";"19";"1";""
"202400047457";"155698210";"A01";"1";"7";"0";"2";"3";"1";"1";""
"202400047458";"155698199";"B01";"1";"7";"0";"2";"1";"0";"1";""
"202400047458";"155698203";"A01";"1";"10";"0";"2";"9";"2";"1";""
"202400047458";"155698207";"C01";"1";"7";"0";"2";"9";"0";"1";""
"202400047458";"155698209";"D01";"1";"7";"3";"2";"9";"0";"1";""
"202400047459";"155698200";"A01";"1";"2";"0";"2";"1";"2";"1";""
"202400047459";"155698205";"B01";"1";"7";"0";"2";"8";"15";"1";""
"202400047460";"155698197";"A01";"2";"30";"0";"0";"0";"1";"1";""
"202400047461";"155698195";"A01";"2";"7";"4";"0";"2";"0";"1";""
"202400047462";"155698196";"B01";"1";"7";"0";"2";"1";"1";"1";""
"202400047462";"155698198";"A01";"1";"7";"0";"2";"4";"15";"1";""
"202400047463";"155698192";"A01";"1";"33";"0";"6";"1";"0";"1";""
"202400047464";"155698190";"A01";"1";"7";"0";"2";"2";"15";"1";""
"202400047464";"155698194";"B01";"2";"43";"0";"2";"1";"1";"1";""
"202400047465";"155698189";"A01";"3";"2";"16";"0";"0";"1";"1";""
"202400047466";"155698188";"A01";"2";"7";"0";"2";"6";"9";"1";""
"202400047466";"155698191";"B01";"2";"7";"0";"2";"2";"1";"1";""
"202400047467";"155698185";"A01";"2";"10";"0";"2";"8";"10";"1";""
"202400047467";"155698193";"B01";"2";"31";"0";"2";"1";"1";"3";""
"202400047468";"155698186";"A01";"3";"7";"8";"0";"3";"1";"1";""
"202400047469";"155698184";"A01";"1";"7";"4";"0";"2";"21";"1";""
"202400047470";"155698182";"A01";"1";"7";"0";"1";"3";"1";"1";""
"202400047471";"155698183";"B01";"2";"1";"0";"2";"8";"13";"5";""
"202400047471";"155698187";"A01";"2";"10";"0";"2";"2";"17";"1";""
"202400047472";"155698179";"A01";"1";"7";"0";"1";"1";"1";"1";""
"202400047473";"155698178";"B01";"1";"7";"0";"2";"1";"2";"1";""
"202400047473";"155698181";"A01";"3";"7";"0";"2";"8";"15";"1";""
"202400047474";"155698174";"B01";"1";"7";"0";"2";"4";"1";"1";""
"202400047474";"155698180";"Z01";"1";"7";"0";"2";"1";"0";"1";""
"202400047475";"155698173";"B01";"3";"31";"14";"2";"0";"0";"1";""
"202400047475";"155698176";"A01";"3";"34";"0";"2";"1";"1";"1";""
"202400047476";"155698170";"B01";"2";"7";"0";"2";"3";"1";"1";""
"202400047476";"155698177";"A01";"1";"10";"0";"2";"3";"13";"1";""
"202400047477";"155698171";"A01";"1";"7";"0";"9";"1";"0";"1";""
"202400047477";"155698175";"B01";"2";"50";"0";"2";"1";"0";"3";""
"202400047478";"155698167";"A01";"2";"32";"0";"0";"8";"1";"1";""
"202400047479";"155698165";"A01";"1";"50";"0";"2";"1";"19";"3";""
"202400047479";"155698169";"B01";"2";"7";"0";"2";"8";"19";"1";""
"202400047480";"155698166";"A01";"2";"7";"0";"2";"3";"13";"1";""
"202400047480";"155698172";"B01";"1";"21";"0";"2";"6";"1";"1";""
"202400047481";"155698164";"A01";"1";"31";"0";"2";"0";"0";"1";""
"202400047481";"155698168";"B01";"1";"10";"0";"2";"0";"0";"1";""