"Num_Acc";"id_vehicule";"num_veh";"senc";"catv";"obs";"obsm";"choc";"manv";"motor";"occutc"
"202400047482";"155698160";"A01";"1";"7";"0";"2";"2";"1";"1";""
"202400047482";"155698161";"B01";"1";"7";"0";"2";"6";"1";"1";""
"202400047483";"155698159";"A01";"1";"10";"3";"2";"1";"2";"1";""
"202400047483";"155698163";"B01";"1";"15";"3";"2";"6";"2";"1";""
"202400047484";"155698158";"A01";"1";"7";"8";"0";"1";"26";"1";""
"202400047485";"155698156";"A01";"2";"33";"7";"0";"1";"1";"1";""
"202400047486";"155698155";"A01";"3";"7";"0";"2";"5";"1";"1";""
"202400047486";"155698162";"B01";"3";"7";"0";"2";"1";"1";"1";""
"202400047487";"155698153";"A01";"3";"7";"0";"2";"4";"2";"1";""
"202400047487";"155698157";"B01";"3";"2";"0";"2";"1";"2";"1";""
"202400047488";"155698151";"A01";"3";"7";"0";"2";"4";"26";"1";""
"202400047488";"155698154";"B01";"1";"1";"0";"2";"8";"26";"5";""
"202400047489";"155698152";"A01";"3";"10";"6";"0";"2";"26";"0";""
"202400047490";"155698149";"A01";"1";"7";"0";"1";"1";"1";"1";""
"202400047491";"155698147";"A01";"1";"7";"0";"2";"8";"9";"1";""
"202400047491";"155698150";"B01";"1";"1";"0";"2";"1";"1";"5";""
"202400047492";"155698146";"A01";"1";"7";"15";"0";"1";"1";"1";""
"202400047493";"155698141";"A01";"0";"7";"0";"1";"3";"9";"1";""
"202400047494";"155698139";"A01";"2";"34";"0";"2";"7";"26";"3";""
"202400047494";"155698144";"B01";"2";"7";"0";"0";"3";"16";"1";""
"202400047495";"155698138";"B01";"1";"50";"0";"2";"8";"19";"3";""
"202400047495";"155698143";"A01";"3";"7";"0";"2";"1";"19";"1";""
"202400047496";"155698145";"B01";"2";"33";"0";"2";"3";"1";"1";""
"202400047496";"155698148";"A01";"1";"7";"0";"2";"8";"15";"1";""
"202400047497";"155698135";"B01";"1";"1";"0";"2";"4";"2";"5";""
"202400047497";"155698140";"A01";"1";"7";"0";"2";"3";"2";"1";""
"202400047498";"155698137";"A01";"3";"7";"0";"2";"5";"15";"1";""
"202400047498";"155698142";"B01";"3";"50";"0";"2";"1";"1";"3";""
"202400047499";"155698134";"A01";"3";"7";"0";"1";"7";"1";"1";""
"202400047500";"155698130";"A01";"2";"7";"0";"0";"9";"2";"1";""
"202400047501";"155698132";"A01";"3";"33";"8";"0";"1";"13";"1";""
"202400047502";"155698129";"A01";"2";"33";"0";"2";"1";"1";"1";""
"202400047502";"155698136";"B01";"2";"7";"0";"2";"8";"15";"1";""
"202400047503";"155698128";"A01";"1";"7";"1";"2";"1";"1";"1";""
"202400047503";"155698131";"B01";"1";"7";"0";"2";"4";"0";"1";""
"202400047503";"155698133";"C01";"1";"7";"0";"2";"4";"0";"1";""
"202400047504";"155698125";"A01";"0";"7";"0";"2";"7";"15";"1";""
"202400047504";"155698127";"B01";"0";"33";"0";"2";"1";"1";"1";""
"202400047505";"155698122";"A01";"1";"33";"3";"0";"3";"26";"1";""
"202400047506";"155698120";"A01";"3";"7";"16";"0";"2";"14";"1";""
"202400047506";"155698124";"B01";"3";"2";"1";"0";"8";"0";"1";""
"202400047507";"155698119";"A01";"1";"7";"0";"2";"1";"2";"1";""
"202400047507";"155698123";"B01";"1";"7";"0";"2";"1";"2";"1";""
"202400047507";"155698126";"C01";"0";"7";"0";"2";"4";"2";"1";""
"202400047508";"155698117";"Z01";"3";"7";"0";"1";"1";"1";"1";""
"202400047509";"155698116";"A01";"2";"50";"12";"0";"1";"15";"3";""
"202400047510";"155698115";"A01";"1";"7";"0";"2";"2";"0";"1";""
"202400047510";"155698118";"B01";"1";"33";"0";"2";"1";"0";"1";""
"202400047511";"155698109";"A01";"2";"7";"0";"2";"8";"15";"1";""
"202400047511";"155698110";"B01";"2";"80";"0";"2";"1";"2";"3";""
"202400047512";"155698114";"A01";"3";"7";"0";"2";"2";"5";"1";""
"202400047512";"155698121";"B01";"3";"7";"0";"2";"8";"1";"1";""
"202400047513";"155698108";"B01";"3";"50";"0";"2";"1";"1";"3";""
"202400047513";"155698112";"A01";"3";"7";"0";"2";"8";"1";"1";""
"202400047514";"155698107";"A01";"1";"17";"0";"2";"3";"13";"1";""
"202400047514";"155698113";"B01";"2";"17";"0";"2";"3";"1";"1";""
"202400047515";"155698106";"B01";"3";"30";"0";"2";"1";"1";"1";""
"202400047515";"155698111";"A01";"3";"7";"0";"2";"3";"15";"1";""
"202400047516";"155698102";"A01";"1";"7";"0";"2";"1";"1";"1";""
"202400047516";"155698105";"B01";"1";"33";"0";"2";"4";"15";"1";""
"202400047517";"155698099";"A01";"3";"1";"0";"2";"1";"1";"5";""
"202400047517";"155698103";"B01";"3";"7";"0";"2";"6";"1";"1";""
"202400047518";"155698098";"A01";"3";"7";"0";"2";"1";"1";"1";""
"202400047518";"155698104";"B01";"3";"2";"0";"2";"1";"13";"1";""
"202400047519";"155698100";"A01";"1";"7";"13";"0";"1";"21";"1";""
"202400047520";"155698097";"A01";"1";"7";"0";"2";"1";"15";"1";""
"202400047520";"155698101";"B01";"2";"1";"0";"2";"7";"1";"5";""
"202400047521";"155698095";"A01";"3";"7";"8";"0";"1";"14";"1";""
"202400047522";"155698092";"B01";"2";"7";"0";"2";"0";"1";"0";""
"202400047522";"155698094";"A01";"1";"7";"0";"2";"3";"1";"1";""
"202400047523";"155698091";"B01";"3";"7";"0";"2";"4";"1";"1";""
"202400047523";"155698093";"A01";"1";"80";"0";"2";"1";"26";"3";""
"202400047524";"155698090";"A01";"1";"7";"2";"0";"1";"1";"1";""
"202400047525";"155698096";"A01";"2";"33";"4";"0";"7";"14";"1";""
"202400047526";"155698088";"A01";"1";"7";"6";"0";"1";"16";"1";""
"202400047527";"155698086";"A01";"1";"7";"0";"1";"3";"2";"2";""
"202400047528";"155698082";"A01";"2";"7";"0";"2";"1";"9";"1";""
"202400047528";"155698085";"B01";"1";"7";"0";"2";"8";"1";"1";""
"202400047529";"155698084";"A01";"2";"7";"2";"0";"1";"1";"1";""
"202400047530";"155698081";"A01";"1";"7";"0";"2";"1";"13";"1";""
"202400047530";"155698089";"B01";"2";"7";"0";"2";"1";"1";"1";""
"202400047531";"155698076";"B01";"1";"7";"0";"2";"7";"1";"3";""
"202400047531";"155698079";"A01";"1";"1";"0";"2";"8";"1";"5";""
"202400047532";"155698080";"A01";"3";"7";"0";"2";"7";"15";"1";""
"202400047532";"155698087";"B01";"1";"7";"0";"2";"1";"1";"1";""
"202400047533";"155698075";"B01";"1";"7";"0";"2";"4";"23";"1";""
"202400047533";"155698077";"A01";"1";"7";"0";"2";"1";"1";"1";""
"202400047534";"155698068";"A01";"1";"7";"0";"2";"4";"9";"1";""
"202400047534";"155698070";"B01";"1";"7";"0";"2";"0";"0";"0";""
"202400047534";"155698072";"C01";"1";"7";"0";"2";"0";"0";"1";""
"202400047535";"155698078";"A01";"2";"10";"0";"2";"2";"16";"1";""
"202400047535";"155698083";"B01";"2";"80";"0";"2";"1";"1";"3";""
"202400047536";"155698071";"A01";"2";"33";"16";"0";"7";"1";"1";""
"202400047537";"155698065";"A01";"1";"37";"0";"1";"5";"1";"1";"1"
"202400047538";"155698064";"B01";"2";"7";"0";"2";"4";"1";"1";""
"202400047538";"155698067";"C01";"2";"7";"0";"2";"4";"1";"1";""
"202400047538";"155698069";"D01";"2";"7";"0";"2";"1";"1";"1";""
"202400047538";"155698074";"A01";"2";"7";"0";"2";"4";"1";"1";""
"202400047539";"155698066";"A01";"2";"7";"7";"2";"3";"13";"1";""
"202400047539";"155698073";"B01";"1";"7";"13";"2";"3";"21";"1";""
"202400047540";"155698063";"A01";"1";"7";"0";"1";"8";"1";"2";""
"202400047541";"155698061";"A01";"1";"7";"0";"0";"2";"1";"1";""
"202400047542";"155698056";"A01";"2";"7";"0";"2";"1";"1";"1";""
"202400047542";"155698059";"B01";"2";"7";"0";"2";"4";"23";"1";""
"202400047542";"155698062";"C01";"2";"7";"0";"2";"4";"23";"1";""
"202400047543";"155698057";"A01";"2";"7";"12";"0";"0";"0";"1";""
"202400047544";"155698058";"A01";"3";"7";"0";"2";"1";"1";"1";""
"202400047544";"155698060";"B01";"3";"50";"0";"2";"2";"1";"3";""
"202400047545";"155698053";"A01";"1";"30";"0";"0";"0";"21";"1";""
"202400047546";"155698051";"A01";"1";"7";"0";"2";"1";"15";"1";""
"202400047546";"155698054";"B01";"2";"1";"0";"2";"1";"1";"5";""
"202400047547";"155698052";"A01";"1";"33";"0";"2";"3";"18";"1";""
"202400047547";"155698055";"B01";"1";"7";"0";"2";"5";"12";"1";""
"202400047548";"155698047";"A01";"1";"7";"0";"2";"1";"15";"1";""
"202400047548";"155698050";"B01";"3";"1";"0";"2";"1";"0";"5";""
"202400047549";"155698046";"A01";"1";"7";"0";"2";"1";"9";"1";""
"202400047549";"155698048";"B01";"1";"7";"0";"2";"5";"1";"1";""
"202400047550";"155698045";"A01";"3";"1";"0";"0";"1";"1";"5";""
"202400047551";"155698044";"A01";"1";"7";"0";"2";"3";"13";"0";""
"202400047551";"155698049";"B01";"2";"7";"0";"2";"1";"1";"1";""
"202400047552";"155698043";"A01";"2";"2";"13";"0";"1";"1";"1";""
"202400047553";"155698040";"A01";"1";"7";"14";"0";"9";"2";"1";""
"202400047554";"155698038";"A01";"2";"7";"0";"2";"2";"16";"1";""
"202400047554";"155698042";"B01";"2";"33";"0";"2";"8";"0";"1";""
"202400047555";"155698037";"A01";"1";"30";"13";"0";"8";"1";"6";""
"202400047556";"155698035";"A01";"1";"1";"0";"1";"8";"17";"5";""
"202400047557";"155698036";"A01";"1";"7";"0";"1";"1";"1";"1";""
"202400047558";"155698034";"C01";"2";"7";"0";"0";"2";"1";"1";""
"202400047558";"155698039";"A01";"2";"7";"0";"2";"4";"11";"1";""
"202400047558";"155698041";"B01";"2";"7";"0";"2";"3";"1";"1";""
"202400047559";"155698033";"A01";"2";"7";"16";"0";"1";"1";"1";""
"202400047560";"155698031";"A01";"0";"30";"12";"0";"1";"1";"1";""
"202400047561";"155698028";"A01";"0";"7";"0";"2";"8";"15";"1";""
"202400047561";"155698032";"B01";"0";"31";"0";"2";"1";"1";"1";""
"202400047562";"155698025";"A01";"3";"50";"0";"0";"1";"1";"3";""
"202400047563";"155698024";"A01";"1";"1";"0";"2";"8";"17";"5";""
"202400047563";"155698029";"B01";"1";"1";"0";"2";"8";"1";"5";""
"202400047564";"155698023";"A01";"1";"1";"0";"2";"1";"1";"5";""
"202400047564";"155698030";"B01";"1";"7";"0";"2";"2";"1";"2";""
"202400047565";"155698021";"A01";"1";"33";"0";"2";"2";"13";"1";""
"202400047565";"155698027";"B01";"2";"7";"0";"2";"1";"1";"1";""
"202400047566";"155698017";"A01";"2";"50";"12";"0";"1";"14";"3";""
"202400047567";"155698019";"A01";"1";"7";"5";"0";"1";"1";"1";""
"202400047568";"155698018";"A01";"2";"7";"0";"2";"0";"0";" -1";""
"202400047568";"155698020";"B01";"1";"7";"0";"2";"0";"0";" -1";""
"202400047569";"155698015";"A01";"2";"7";"2";"0";"1";"1";"1";""
"202400047570";"155698012";"A01";"3";"32";"0";"1";"0";"0";"1";""
"202400047571";"155698013";"A01";"1";"10";"0";"1";"4";"4";"3";""
"202400047572";"155698010";"A01";"3";"50";"0";"2";"1";"1";"3";""
"202400047572";"155698011";"B01";"3";"7";"0";"9";"1";"1";"1";""
"202400047573";"155698007";"B01";"2";"10";"0";"2";"1";"1";"1";""
"202400047573";"155698009";"A01";"1";"10";"0";"2";"1";"13";"1";""
"202400047574";"155698008";"A01";"2";"7";"0";"1";"3";"16";"1";""
"202400047575";"155698006";"A01";"3";"7";"6";"0";"3";"9";"1";""
"202400047576";"155698005";"A01";"1";"10";"8";"0";"0";"1";"1";""
"202400047577";"155698000";"A01";"1";"7";"0";"2";"2";"15";"1";""
"202400047577";"155698004";"B01";"2";"7";"0";"2";"3";"1";"1";""
"202400047578";"155698001";"A01";"1";"7";"2";"0";"7";"0";"1";""
"202400047579";"155697998";"B01";"1";"37";"0";"2";"1";"26";"1";"3"
"202400047579";"155698003";"A01";"1";"13";"0";"2";"4";"26";"1";""
"202400047580";"155697999";"B01";"1";"7";"0";"2";"1";"1";"1";""
"202400047580";"155698002";"A01";"1";"10";"0";"2";"1";"15";"1";""
"202400047581";"155697997";"A01";"2";"7";"0";"0";"2";"1";"1";""
"202400047582";"155697992";"B01";"2";"7";"0";"2";"1";"2";"1";""
"202400047582";"155697995";"Z01";"2";"7";"0";"0";"0";"0";"1";""
"202400047583";"155697990";"A01";"0";"7";"0";"2";"8";"22";"3";""
"202400047583";"155697996";"V01";"3";"80";"0";"2";"1";"21";"3";""
"202400047584";"155697988";"A01";"3";"33";"0";"2";"7";"1";"1";""
"202400047584";"155697994";"B01";"3";"7";"0";"2";"1";"1";"1";""
"202400047585";"155697989";"B01";"2";"15";"0";"2";"8";"1";"1";""
"202400047585";"155697993";"A01";"1";"2";"0";"2";"1";"13";"1";""
"202400047586";"155697987";"Z01";"1";"7";"0";"2";"1";"1";"1";""
"202400047586";"155697991";"A01";"1";"7";"0";"2";"4";"23";"1";""
"202400047587";"155697985";"A01";"3";"80";"0";"1";"1";"0";"3";""
"202400047588";"155697982";"A01";"1";"7";"0";"1";"1";"15";"1";""
"202400047589";"155697979";"A01";"2";"7";"0";"2";"5";"15";"1";""
"202400047589";"155697981";"B01";"2";"31";"0";"2";"1";"1";"1";""
"202400047590";"155697980";"A01";"3";"10";"2";"0";"1";"14";"1";""
"202400047591";"155697978";"A01";"2";"32";"0";"2";"1";"1";"1";""
"202400047591";"155697984";"B01";"1";"10";"0";"0";"7";"26";"1";""
"202400047592";"155697983";"B01";"1";"10";"0";"2";"1";"1";"1";""
"202400047592";"155697986";"A01";"2";"7";"0";"2";"7";"19";"1";""
"202400047593";"155697975";"B01";"2";"13";"0";"2";"2";"16";"1";""
"202400047593";"155697977";"A01";"2";"33";"8";"0";"3";"7";"1";""
"202400047594";"155697974";"A01";"1";"7";"15";"0";"1";"0";"1";""
"202400047595";"155697971";"A01";"2";"7";"0";"2";"5";"17";"1";""
"202400047595";"155697976";"B01";"2";"1";"0";"2";"3";"1";"5";""
"202400047596";"155697968";"A01";"2";"7";"0";"2";"3";"20";"1";""
"202400047596";"155697972";"B01";"2";"7";"0";"2";"2";"1";"1";""
"202400047597";"155697970";"A01";"1";"33";"0";"2";"2";"17";"1";""
"202400047597";"155697973";"B01";"1";"7";"0";"2";"8";"1";"1";""
"202400047598";"155697964";"A01";"3";"30";"12";"0";"7";"1";"1";""
"202400047599";"155697967";"A01";"0";"7";"0";"2";"0";"0";"1";""
"202400047599";"155697969";"B01";"1";"34";"0";"2";"0";"0";"1";""
"202400047600";"155697963";"A01";"3";"7";"0";"2";"3";"1";"1";""
"202400047600";"155697966";"B01";"3";"7";"0";"2";"3";"1";"1";""
"202400047601";"155697961";"A01";"3";"7";"3";"2";"3";"1";"1";""
"202400047601";"155697965";"B01";"3";"7";"3";"2";"3";"15";"1";""
"202400047602";"155697957";"B01";"1";"7";"0";"2";"1";"1";"1";""
"202400047602";"155697962";"A01";"1";"50";"0";"2";"7";"19";"3";""
"202400047603";"155697956";"A01";"3";"30";"0";"2";"6";"16";"1";""
"202400047603";"155697960";"B01";"3";"7";"0";"2";"7";"1";"1";""
"202400047604";"155697958";"B01";"1";"32";"0";"2";"1";"1";"1";""
"202400047604";"155697959";"A01";"2";"7";"0";"2";"5";"15";"1";""
"202400047605";"155697955";"A01";"1";"7";"0";"1";"1";"1";"1";""
"202400047606";"155697954";"A01";"1";"7";"13";"0";"1";"1";"1";""
"202400047607";"155697951";"A01";"3";"7";"0";"1";"2";"1";"1";""
"202400047608";"155697950";"A01";"1";"50";"0";"2";"8";"19";"3";""
"202400047608";"155697953";"B01";"1";"7";"0";"2";"1";"9";"1";""
"202400047609";"155697948";"A01";"2";"32";"0";"2";"1";"1";"1";""
"202400047609";"155697952";"B01";"2";"50";"0";"2";"3";"1";"3";""
"202400047610";"155697945";"B01";"1";"33";"0";"2";"7";"17";"1";""
"202400047610";"155697947";"A01";"1";"7";"0";"2";"3";"26";"1";""
"202400047611";"155697942";"B01";"1";"2";"0";"0";"2";"1";"1";""
"202400047611";"155697946";"A01";"1";"7";"0";"0";"1";"9";"1";""
"202400047612";"155697944";"A01";"3";"7";"17";"0";"2";"1";"1";""
"202400047613";"155697941";"A01";"1";"32";"0";"1";"1";"1";"1";""
"202400047614";"155697940";"B01";"3";"40";"0";"2";"1";"1";"3";""
"202400047614";"155697943";"A01";"3";"7";"0";"4";"8";"1";"1";""
"202400047615";"155697935";"B01";"1";"32";"12";"0";"1";"1";"1";""
"202400047615";"155697937";"A01";"2";"30";"12";"0";"1";"9";"1";""
"202400047616";"155697939";"A01";"1";"10";"0";"2";"8";"15";"1";""
"202400047616";"155697949";"B01";"1";"37";"0";"2";"2";"2";"1";"10"
"202400047617";"155697936";"A01";"1";"2";"0";"2";"0";"21";"1";""
"202400047618";"155697934";"A01";"1";"7";"3";"0";"2";"26";"1";""
"202400047619";"155697932";"A01";"1";"7";"0";"2";"2";"14";"1";""
"202400047619";"155697938";"B01";"1";"15";"0";"0";"6";"1";"1";""
"202400047620";"155697929";"A01";"3";"7";"0";"2";"2";"15";"1";""
"202400047620";"155697933";"B01";"3";"30";"0";"2";"1";"1";"1";""
"202400047621";"155697927";"B01";"1";"31";"0";"2";"1";"1";"1";""
"202400047621";"155697930";"A01";"2";"7";"0";"2";"7";"11";"1";""
"202400047622";"155697925";"A01";"1";"7";"0";"2";"7";"19";"1";""
"202400047622";"155697931";"B01";"2";"7";"0";"2";"1";"0";"1";""
"202400047623";"155697921";"A01";"3";"7";"0";"2";"1";"26";"1";""
"202400047623";"155697926";"B01";"3";"7";"0";"2";"4";"1";"1";""
"202400047623";"155697928";"C01";"3";"7";"0";"2";"4";"1";"1";""
"202400047624";"155697924";"A01";"2";"31";"14";"0";"1";"6";"1";""
"202400047625";"155697919";"A01";"3";"7";"0";"2";"6";"1";"1";""
"202400047625";"155697922";"B01";"3";"33";"0";"2";"3";"12";"1";""
"202400047626";"155697920";"A01";"2";"7";"0";"2";"1";"19";"1";""
"202400047626";"155697923";"B01";"1";"7";"0";"2";"1";"1";"2";""
"202400047627";"155697915";"A01";"1";"32";"12";"0";"7";"18";"1";""
"202400047628";"155697914";"A01";"3";"7";"0";"2";"4";"1";"1";""
"202400047628";"155697916";"B01";"3";"7";"0";"2";"4";"1";"1";""
"202400047628";"155697918";"C01";"3";"7";"0";"2";"1";"26";"1";""
"202400047629";"155697917";"A01";"2";"37";"0";"1";"1";"2";"2";"1"
"202400047630";"155697913";"A01";"3";"7";"0";"1";"1";"19";"1";""
"202400047631";"155697911";"A01";"1";"7";"0";"2";"1";"0";"1";""
"202400047631";"155697912";"B01";"1";"7";"0";"2";"1";"0";"1";""
"202400047632";"155697907";"B01";"2";"7";"0";"2";"5";"1";"3";""
"202400047632";"155697910";"A01";"1";"43";"0";"2";"1";"1";"1";""
"202400047633";"155697906";"Z01";"1";"7";"0";"1";"1";"1";"0";""
"202400047634";"155697905";"B01";"3";"10";"0";"9";"7";"16";"1";""
"202400047634";"155697908";"A01";"3";"1";"0";"2";"1";"18";"5";""
"202400047635";"155697903";"B01";"1";"10";"0";"2";"8";"1";"1";""
"202400047635";"155697909";"A01";"2";"7";"0";"2";"1";"1";"1";""
"202400047636";"155697902";"A01";"2";"7";"0";"2";"8";"11";"1";""
"202400047636";"155697904";"B01";"2";"33";"0";"2";"7";"1";"1";""
"202400047637";"155697901";"A01";"1";"30";"0";"1";"1";"1";"1";""
"202400047638";"155697900";"Z01";"1";"7";"0";"1";"1";"0";"0";""
"202400047639";"155697896";"A01";"1";"7";"0";"2";"1";"1";"0";""
"202400047639";"155697899";"B01";"1";"50";"0";"2";"0";"1";"3";""
"202400047640";"155697894";"A01";"2";"7";"0";"1";"1";"0";"1";""
"202400047641";"155697893";"B01";"1";"40";"0";"2";"1";"1";"3";""
"202400047641";"155697898";"A01";"1";"13";"0";"4";"7";"16";"1";""
"202400047642";"155697891";"B01";"1";"7";"0";"2";"1";"2";"1";""
"202400047642";"155697895";"A01";"1";"7";"0";"2";"4";"1";"1";""
"202400047643";"155697890";"A01";"2";"10";"0";"2";"1";"2";"1";""
"202400047643";"155697892";"B01";"2";"7";"0";"2";"4";"2";"1";""
"202400047643";"155697897";"C01";"2";"7";"0";"2";"4";"2";"1";""
"202400047644";"155697888";"A01";"2";"7";"0";"1";"1";"1";"1";""
"202400047645";"155697885";"A01";"1";"7";"0";"2";"2";"1";"1";""
"202400047645";"155697889";"B01";"1";"7";"0";"2";"3";"16";"1";""
"202400047646";"155697886";"Z01";"3";"7";"0";"1";"0";"0";"0";""
"202400047647";"155697882";"A01";"1";"7";"3";"0";"1";"2";"1";""
"202400047647";"155697884";"Z01";"1";"7";"0";"0";"0";"0";"0";""
"202400047648";"155697883";"A01";"3";"7";"0";"2";"1";"1";"1";""
"202400047648";"155697887";"B01";"3";"7";"0";"2";"7";"15";"1";""
"202400047649";"155697881";"B01";"1";"1";"0";"2";"0";"2";"5";""
"202400047650";"155697880";"A01";"1";"50";"0";"9";"7";"1";"3";""
"202400047651";"155697879";"A01";"3";"31";"4";"0";"3";"13";"1";""
"202400047652";"155697877";"A01";"2";"7";"0";"1";"3";"1";"1";""
"202400047653";"155697876";"A01";"2";"10";"2";"0";"2";"14";"1";""
"202400047654";"155697874";"A01";"1";"7";"0";"2";"4";"2";"3";""
"202400047654";"155697878";"B01";"1";"7";"0";"2";"1";"2";"1";""
"202400047655";"155697873";"A01";"3";"21";"0";"9";"5";"17";"0";""
"202400047655";"155697875";"B01";"0";"1";"0";"2";"8";"2";"5";""
"202400047656";"155697872";"A01";"2";"10";"4";"0";"1";"1";"1";""
"202400047657";"155697867";"A01";"1";"7";"0";"2";"3";"10";"0";""
"202400047657";"155697870";"B01";"1";"30";"0";"2";"1";"1";"1";""
"202400047658";"155697863";"A01";"1";"7";"0";"2";"1";"1";"1";""
"202400047658";"155697871";"B01";"1";"7";"0";"2";"9";"19";"1";""
"202400047659";"155697860";"A01";"2";"7";"0";"0";"2";"14";"1";""
"202400047660";"155697862";"A01";"1";"7";"0";"2";"1";"1";"1";""
"202400047660";"155697865";"B01";"1";"7";"0";"2";"9";"1";"2";""
"202400047660";"155697869";"C01";"1";"7";"0";"2";"4";"1";"1";""
"202400047661";"155697861";"A01";"2";"7";"0";"2";"1";"1";"3";""
"202400047661";"155697864";"B01";"2";"7";"0";"2";"4";"1";"1";""
"202400047661";"155697866";"C01";"2";"7";"0";"2";"4";"1";"1";""
"202400047661";"155697868";"D01";"2";"7";"0";"0";"4";"15";"1";""
"202400047662";"155697858";"B01";"3";"7";"0";"2";"1";"15";"1";""
"202400047662";"155697859";"A01";"2";"50";"0";"2";"2";"5";"3";""
"202400047663";"155697857";"A01";"2";"7";"0";"1";"1";"1";"1";""
"202400047664";"155697855";"A01";"3";"36";"8";"0";"1";"14";"1";""
"202400047665";"155697848";"A01";"1";"7";"0";"2";"1";"2";"1";""
"202400047665";"155697852";"B01";"1";"7";"0";"2";"4";"23";"1";""
"202400047666";"155697851";"A01";"2";"7";"0";"2";"1";"1";"1";""
"202400047666";"155697854";"B01";"2";"10";"0";"2";"4";"1";"1";""
"202400047667";"155697850";"A01";"1";"7";"0";"1";"3";"1";"1";""
"202400047668";"155697847";"A01";"1";"7";"0";"2";"1";"17";"1";""
"202400047668";"155697853";"C01";"1";"7";"0";"2";"1";"1";"1";""
"202400047668";"155697856";"B01";"2";"7";"0";"2";"6";"1";"1";""
"202400047669";"155697846";"A01";"1";"21";"0";"9";"8";"26";"1";""
"202400047669";"155697849";"B01";"1";"1";"0";"2";"1";"1";"5";""
"202400047670";"155697844";"A01";"1";"43";"0";"1";"1";"0";"1";""
"202400047671";"155697838";"A01";"0";"7";"0";"1";"1";"0";"1";""
"202400047672";"155697843";"A01";"1";"7";"0";"1";"2";"1";"1";""
"202400047673";"155697839";"A01";"1";"7";"0";"2";"2";"14";"1";""
"202400047673";"155697842";"B01";"1";"7";"0";"2";"6";"1";"1";""
"202400047674";"155697837";"B01";"1";"7";"0";"2";"9";"1";"1";""
"202400047674";"155697840";"C01";"1";"7";"0";"2";"4";"1";"1";""
"202400047674";"155697845";"A01";"1";"10";"0";"2";"1";"1";"1";""
"202400047675";"155697836";"A01";"1";"7";"0";"2";"1";"0";"1";""
"202400047675";"155697841";"B01";"1";"7";"0";"2";"8";"0";"1";""
"202400047676";"155697833";"A01";"2";"30";"0";"2";"8";"1";"1";""
"202400047676";"155697835";"B01";"1";"50";"0";"2";"8";"1";"3";""
"202400047677";"155697834";"A01";"1";"33";"0";"0";"0";"21";"1";""
"202400047678";"155697830";"A01";"3";"7";"0";"2";"1";"26";"1";""
"202400047678";"155697832";"B01";"1";"33";"0";"2";"0";"0";"1";""
"202400047679";"155697829";"A01";"1";"7";"0";"1";"4";"4";"1";""
"202400047680";"155697822";"A01";"1";"10";"0";"1";"2";"1";"1";""
"202400047681";"155697825";"A01";"2";"10";"0";"2";"1";"2";"1";""
"202400047681";"155697827";"B01";"2";"10";"0";"2";"4";"2";"0";""
"202400047681";"155697831";"C01";"2";"10";"0";"2";"4";"2";"1";""
"202400047682";"155697823";"A01";"1";"7";"8";"0";"1";"13";"1";""
"202400047683";"155697821";"A01";"1";"37";"0";"2";"1";"10";"1";"1"
"202400047683";"155697824";"B01";"2";"7";"0";"2";"1";"1";"1";""
"202400047684";"155697819";"B01";"2";"7";"0";"2";"3";"1";"1";""
"202400047684";"155697826";"A01";"1";"7";"0";"2";"3";"1";"1";""
"202400047685";"155697817";"B01";"2";"7";"0";"2";"4";"1";"1";""
"202400047685";"155697818";"A01";"2";"7";"0";"2";"1";"1";"1";""
"202400047685";"155697820";"C01";"2";"7";"0";"0";"4";"23";"1";""
"202400047686";"155697814";"B01";"1";"10";"0";"2";"5";"1";"1";""
"202400047686";"155697816";"A01";"1";"33";"0";"2";"1";"12";"3";""
"202400047687";"155697810";"A01";"2";"7";"0";"2";"3";"13";"1";""
"202400047687";"155697812";"B01";"1";"10";"0";"2";"3";"21";"1";""
"202400047688";"155697809";"A01";"0";"7";"0";"9";"0";"1";"1";""
"202400047688";"155697815";"B01";"0";"1";"0";"2";"0";"1";"5";""
"202400047689";"155697811";"A01";"3";"31";"0";"0";"8";"26";"1";""
"202400047690";"155697808";"B01";"2";"7";"0";"2";"7";"1";"1";""
"202400047690";"155697813";"A01";"2";"33";"4";"2";"3";"3";"1";""
"202400047691";"155697807";"A01";"1";"7";"7";"0";"1";"1";"2";""
"202400047692";"155697804";"A01";"3";"7";"0";"1";"4";"20";"1";""
"202400047693";"155697802";"B01";"1";"7";"0";"2";"6";"14";"1";""
"202400047693";"155697806";"A01";"2";"15";"0";"2";"2";"2";"1";""
"202400047694";"155697801";"A01";"1";"7";"0";"2";"1";"13";"1";""
"202400047694";"155697805";"B01";"2";"7";"0";"2";"1";"1";"1";""
"202400047695";"155697797";"A01";"2";"7";"0";"0";"3";"15";"2";""
"202400047695";"155697800";"B01";"2";"30";"0";"2";"1";"17";"1";""
"202400047696";"155697798";"A01";"2";"10";"0";"2";"1";"14";"1";""
"202400047696";"155697803";"B01";"2";"7";"0";"2";"6";"1";"1";""
"202400047697";"155697795";"B01";"3";"50";"0";"2";"8";"19";"3";""
"202400047697";"155697799";"A01";"1";"7";"0";"2";"8";"15";"2";""
"202400047698";"155697793";"B01";"1";"7";"0";"2";"6";"2";"1";""
"202400047698";"155697796";"A01";"1";"33";"0";"2";"2";"3";"1";""
"202400047699";"155697789";"C01";"1";"7";"0";"2";"4";"1";"1";""