"Num_Acc";"id_vehicule";"num_veh";"senc";"catv";"obs";"obsm";"choc";"manv";"motor";"occutc"
"202400047699";"155697792";"A01";"1";"7";"0";"2";"1";"1";"1";""
"202400047699";"155697794";"B01";"1";"33";"0";"2";"9";"1";"1";""
"202400047700";"155697787";"A01";"2";"7";"0";"1";"4";"1";"1";""
"202400047701";"155697786";"B01";"2";"7";"0";"2";"3";"1";"1";""
"202400047701";"155697790";"A01";"2";"33";"0";"9";"2";"3";"1";""
"202400047702";"155697785";"B01";"1";"1";"0";"2";"6";"9";"5";""
"202400047702";"155697791";"A01";"2";"7";"0";"9";"2";"2";"1";""
"202400047703";"155697784";"A01";"2";"32";"0";"2";"1";"2";"1";""
"202400047703";"155697788";"B01";"2";"7";"0";"2";"4";"2";"2";""
"202400047704";"155697780";"A01";"2";"30";"0";"2";"2";"1";"1";""
"202400047704";"155697782";"B01";"2";"7";"0";"2";"5";"16";"1";""
"202400047705";"155697778";"B01";"1";"7";"0";"2";"4";"1";"3";""
"202400047705";"155697781";"A01";"1";"31";"0";"2";"1";"1";"1";""
"202400047706";"155697774";"A01";"3";"7";"0";"1";"1";"1";"1";""
"202400047707";"155697773";"B01";"0";"1";"0";"2";"7";"19";"5";""
"202400047707";"155697776";"A01";"0";"7";"0";"2";"1";"2";"1";""
"202400047708";"155697775";"C01";"1";"7";"0";"2";"4";"2";"1";""
"202400047708";"155697779";"A01";"1";"7";"0";"2";"1";"2";"2";""
"202400047708";"155697783";"B01";"1";"7";"0";"2";"4";"2";"1";""
"202400047709";"155697770";"A01";"1";"0";"0";"2";"3";"20";"0";""
"202400047709";"155697772";"B01";"2";"31";"0";"2";"7";"13";"1";""
"202400047710";"155697771";"A01";"2";"43";"0";"2";"2";"1";"1";""
"202400047710";"155697777";"Z01";"2";"0";"0";"2";"3";"0";"0";""
"202400047711";"155697767";"B01";"2";"1";"15";"2";"8";"1";"5";""
"202400047711";"155697769";"A01";"2";"15";"0";"2";"5";"17";"0";""
"202400047712";"155697766";"A01";"1";"7";"0";"1";"1";"15";"1";""
"202400047713";"155697764";"A01";"1";"31";"0";"2";"1";"2";"1";""
"202400047713";"155697768";"B01";"1";"7";"0";"9";"5";"2";"3";""
"202400047714";"155697762";"A01";"1";"7";"0";"1";"1";"1";"1";""
"202400047715";"155697760";"B01";"2";"33";"0";"2";"8";"21";"1";""
"202400047715";"155697763";"A01";"2";"7";"0";"2";"6";"2";"1";""
"202400047716";"155697759";"A01";"1";"10";"0";"2";"1";"19";"1";""
"202400047716";"155697761";"B01";"1";"7";"0";"2";"8";"1";"1";""
"202400047717";"155697757";"A01";"2";"7";"0";"2";"1";"2";"1";""
"202400047717";"155697765";"B01";"2";"7";"0";"2";"4";"9";"2";""
"202400047718";"155697755";"A01";"2";"7";"1";"0";"9";"2";"1";""
"202400047719";"155697753";"A01";"2";"7";"0";"2";"2";"11";"1";""
"202400047719";"155697756";"B01";"2";"7";"0";"2";"6";"1";"1";""
"202400047720";"155697748";"A01";"2";"33";"0";"2";"1";"13";"1";""
"202400047720";"155697752";"B01";"2";"7";"0";"2";"4";"1";"1";""
"202400047721";"155697749";"B01";"1";"1";"0";"2";"4";"26";"5";""
"202400047721";"155697751";"A01";"2";"10";"0";"2";"2";"9";"1";""
"202400047722";"155697745";"A01";"0";"7";"0";"2";"2";"15";"1";""
"202400047722";"155697746";"B01";"0";"30";"0";"2";"2";"1";"1";""
"202400047723";"155697750";"A01";"1";"32";"0";"2";"1";"3";"1";""
"202400047723";"155697754";"B01";"1";"7";"0";"2";"4";"1";"1";""
"202400047724";"155697739";"A01";"1";"7";"0";"2";"2";"12";"1";""
"202400047724";"155697740";"B01";"1";"33";"0";"2";"3";"3";"1";""
"202400047725";"155697743";"A01";"1";"14";"0";"2";"3";"1";"1";""
"202400047725";"155697747";"B01";"2";"32";"0";"2";"3";"5";"1";""
"202400047726";"155697737";"A01";"2";"7";"0";"2";"5";"1";"1";""
"202400047726";"155697741";"Z01";"2";"10";"0";"2";"0";"12";"0";""
"202400047726";"155697744";"B01";"2";"32";"0";"2";"6";"1";"1";""
"202400047727";"155697742";"A01";"1";"34";"0";"1";"1";"7";"1";""
"202400047728";"155697735";"B01";"2";"7";"0";"2";"1";"2";"2";""
"202400047728";"155697738";"A01";"2";"7";"0";"2";"4";"11";"1";""
"202400047729";"155697734";"A01";"1";"7";"0";"2";"1";"2";"1";""
"202400047729";"155697736";"B01";"1";"7";"0";"2";"4";"15";"1";""
"202400047730";"155697733";"A01";"2";"33";"0";"0";"0";"16";"1";""
"202400047731";"155697729";"Z01";"1";"30";"0";"2";"0";"23";"0";""
"202400047731";"155697732";"A01";"1";"30";"0";"2";"1";"1";"1";""
"202400047732";"155697726";"A01";"1";"7";"0";"2";"6";"11";"1";""
"202400047732";"155697730";"B01";"1";"31";"0";"2";"2";"1";"1";""
"202400047733";"155697723";"A01";"1";"31";"1";"0";"1";"3";"1";""
"202400047733";"155697724";"B01";"1";"7";"0";"2";"3";"24";"1";""
"202400047734";"155697721";"B01";"3";"7";"0";"2";"3";"1";"1";""
"202400047734";"155697727";"A01";"3";"7";"0";"2";"7";"15";"1";""
"202400047735";"155697725";"B01";"3";"2";"0";"2";"1";"10";"1";""
"202400047735";"155697731";"A01";"1";"31";"0";"2";"2";"1";"1";""
"202400047736";"155697720";"A01";"0";"7";"0";"2";"2";"26";"1";""
"202400047736";"155697728";"B01";"0";"1";"0";"2";"1";"26";"5";""
"202400047737";"155697722";"A01";"1";"7";"0";"1";"1";"1";"1";""
"202400047738";"155697719";"A01";"1";"10";"0";"1";"2";"1";"1";""
"202400047739";"155697718";"V01";"1";"1";"0";"0";"0";"1";"5";""
"202400047740";"155697713";"A01";"1";"7";"0";"2";"1";"1";"1";""
"202400047740";"155697716";"B01";"2";"7";"0";"2";"8";"15";"1";""
"202400047741";"155697712";"B01";"2";"7";"0";"9";"3";"2";"1";""
"202400047741";"155697717";"A01";"2";"60";"0";"2";"2";"2";"5";""
"202400047742";"155697708";"B01";"1";"7";"0";"2";"8";"9";"1";""
"202400047742";"155697714";"A01";"1";"1";"0";"2";"1";"1";"5";""
"202400047743";"155697709";"A01";"1";"7";"0";"2";"1";"1";"1";""
"202400047743";"155697711";"B01";"1";"7";"0";"2";"4";"1";"1";""
"202400047744";"155697706";"A01";"1";"7";"0";"1";"0";"1";"1";""
"202400047745";"155697710";"B01";"1";"7";"0";"9";"1";"14";"1";""
"202400047745";"155697715";"A01";"1";"1";"0";"2";"4";"26";"5";""
"202400047746";"155697704";"A01";"2";"7";"1";"0";"1";"1";"1";""
"202400047747";"155697703";"A01";"3";"7";"0";"2";"2";"19";"1";""
"202400047747";"155697705";"B01";"1";"33";"0";"2";"1";"1";"1";""
"202400047748";"155697699";"A01";"1";"7";"0";"2";"5";"15";"1";""
"202400047748";"155697701";"B01";"2";"34";"0";"2";"3";"1";"1";""
"202400047749";"155697700";"A01";"1";"33";"0";"2";"7";"1";"1";""
"202400047749";"155697702";"B01";"1";"7";"0";"2";"8";"20";"3";""
"202400047750";"155697692";"B01";"3";"37";"0";"2";"1";"1";"1";"1"
"202400047750";"155697697";"A01";"3";"50";"0";"2";"8";"19";"3";""
"202400047751";"155697691";"A01";"1";"33";"0";"2";"1";"1";"1";""
"202400047751";"155697696";"B01";"2";"10";"0";"2";"5";"15";"1";""
"202400047752";"155697688";"C01";"2";"7";"0";"2";"3";"1";"1";""
"202400047752";"155697690";"A01";"1";"7";"0";"2";"3";"13";"1";""
"202400047752";"155697695";"B01";"2";"15";"0";"2";"3";"1";"1";""
"202400047753";"155697694";"B01";"3";"7";"0";"0";"6";"24";"1";""
"202400047753";"155697698";"A01";"2";"7";"1";"0";"2";"14";"1";""
"202400047754";"155697689";"A01";"3";"32";"0";"2";"1";"7";"1";""
"202400047754";"155697693";"B01";"3";"7";"0";"2";"7";"16";"1";""
"202400047755";"155697685";"B01";"2";"80";"0";"2";"1";"2";"3";""
"202400047755";"155697687";"A01";"2";"50";"0";"2";"4";"2";"3";""
"202400047756";"155697682";"A01";"1";"30";"0";"2";"1";"1";"1";""
"202400047756";"155697686";"B01";"1";"7";"0";"2";"5";"1";"1";""
"202400047757";"155697681";"Z01";"1";"7";"0";"2";"0";"26";"1";""
"202400047757";"155697684";"B01";"2";"33";"0";"2";"1";"1";"1";""
"202400047758";"155697680";"A01";"1";"33";"13";"0";"1";"1";"1";""
"202400047759";"155697677";"A01";"2";"7";"0";"2";"3";"17";"1";""
"202400047759";"155697683";"B01";"1";"30";"0";"2";"1";"1";"1";""
"202400047760";"155697678";"A01";"2";"10";"0";"1";"2";"1";"1";""
"202400047761";"155697676";"A01";"1";"7";"0";"2";"2";"14";"1";""
"202400047761";"155697679";"B01";"1";"7";"0";"2";"2";"23";"2";""
"202400047762";"155697673";"A01";"2";"10";"0";"1";"1";"1";"2";""
"202400047763";"155697669";"B01";"1";"33";"0";"2";"1";"2";"1";""
"202400047763";"155697672";"A01";"1";"7";"0";"2";"4";"23";"1";""
"202400047764";"155697671";"AB01";"2";"1";"0";"2";"8";"2";"5";""
"202400047764";"155697674";"Z01";"2";"0";"0";"2";"0";"0";"0";""
"202400047765";"155697670";"A01";"2";"3";"1";"0";"2";"1";"1";""
"202400047766";"155697668";"A01";"1";"7";"0";"2";"2";"1";"1";""
"202400047766";"155697675";"B01";"1";"7";"0";"2";"8";"1";"2";""
"202400047767";"155697664";"A01";"1";"33";"0";"2";"1";"2";"1";""
"202400047767";"155697666";"B01";"1";"32";"0";"2";"4";"2";"3";""
"202400047768";"155697667";"A01";"2";"1";"0";"1";"1";"1";"5";""
"202400047769";"155697661";"A01";"1";"7";"13";"0";"2";"14";"1";""
"202400047770";"155697663";"B01";"3";"7";"0";"2";"4";"1";"1";""
"202400047770";"155697665";"A01";"3";"2";"0";"2";"1";"17";"3";""
"202400047771";"155697660";"A01";"2";"10";"0";"1";"4";"4";"1";""
"202400047772";"155697659";"A01";"2";"7";"0";"2";"6";"15";"0";""
"202400047772";"155697662";"B01";"2";"2";"0";"2";"2";"2";"0";""
"202400047773";"155697654";"A01";"1";"31";"0";"2";"1";"17";"1";""
"202400047773";"155697658";"B01";"1";"10";"0";"2";"3";"15";"1";""
"202400047774";"155697651";"A01";"2";"7";"0";"2";"1";"1";"1";""
"202400047774";"155697656";"B01";"1";"33";"0";"2";"1";"13";"1";""
"202400047775";"155697650";"A01";"3";"1";"9";"0";"3";"13";"5";""
"202400047775";"155697655";"B01";"3";"33";"9";"9";"2";"1";"1";""
"202400047776";"155697649";"B01";"2";"32";"0";"2";"3";"17";"1";""
"202400047776";"155697657";"A01";"2";"7";"0";"2";"2";"15";"1";""
"202400047777";"155697648";"A01";"2";"7";"0";"2";"2";"1";"1";""
"202400047777";"155697652";"B01";"1";"7";"0";"2";"1";"9";"1";""
"202400047778";"155697647";"B01";"2";"50";"0";"2";"3";"1";"3";""
"202400047778";"155697653";"A01";"2";"7";"0";"2";"2";"16";"1";""
"202400047779";"155697645";"B01";"3";"33";"0";"2";"1";"1";"1";""
"202400047779";"155697646";"A01";"3";"7";"0";"2";"2";"15";"1";""
"202400047780";"155697643";"A01";"2";"33";"0";"1";"1";"1";"1";""
"202400047781";"155697638";"A01";"3";"1";"0";"0";"7";"2";"5";""
"202400047782";"155697633";"B01";"3";"7";"0";"2";"8";"0";"1";""
"202400047782";"155697641";"A01";"3";"14";"0";"2";"7";"1";"1";""
"202400047783";"155697632";"A01";"1";"33";"0";"2";"1";"2";"1";""
"202400047783";"155697637";"B01";"1";"10";"0";"2";"4";"2";"1";""
"202400047784";"155697636";"A01";"2";"7";"0";"2";"3";"1";"1";""
"202400047784";"155697642";"B01";"1";"7";"0";"2";"2";"1";"1";""
"202400047785";"155697635";"A01";"1";"7";"0";"2";"1";"1";"2";""
"202400047785";"155697639";"B01";"1";"7";"0";"2";"4";"1";"1";""
"202400047785";"155697644";"C01";"1";"7";"0";"2";"4";"1";"1";""
"202400047786";"155697631";"A01";"1";"14";"1";"1";"2";"16";"1";""
"202400047787";"155697634";"A01";"2";"7";"0";"2";"7";"15";"1";""
"202400047787";"155697640";"B01";"2";"30";"0";"2";"1";"1";"1";""
"202400047788";"155697630";"A01";"1";"2";"12";"0";"2";"1";"3";""
"202400047789";"155697626";"A01";"2";"80";"12";"0";"7";"14";"3";""
"202400047790";"155697625";"A01";"2";"7";"0";"1";"2";"1";"1";""
"202400047791";"155697624";"A01";"1";"10";"0";"2";"1";"2";"0";""
"202400047791";"155697629";"B01";"1";"7";"0";"2";"4";"2";"0";""
"202400047792";"155697627";"A01";"2";"50";"0";"1";"8";"1";"3";""
"202400047793";"155697622";"B01";"2";"7";"0";"2";"3";"15";"1";""
"202400047793";"155697623";"A01";"2";"7";"0";"2";"2";"26";"1";""
"202400047794";"155697620";"A01";"2";"31";"4";"0";"1";"0";"1";""
"202400047795";"155697617";"A01";"2";"33";"0";"1";"1";"5";"1";""
"202400047796";"155697618";"A01";"1";"7";"0";"1";"1";"1";"1";""
"202400047797";"155697616";"Z01";"1";"7";"0";"1";"3";"1";"1";""
"202400047798";"155697614";"A01";"1";"7";"0";"2";"3";"15";"1";""
"202400047798";"155697619";"B01";"2";"34";"0";"2";"1";"1";"1";""
"202400047799";"155697615";"A01";"1";"1";"0";"2";"2";"15";"5";""
"202400047799";"155697621";"B01";"1";"1";"0";"2";"1";"1";"5";""
"202400047800";"155697613";"A01";"2";"1";"1";"0";"2";"2";"5";""
"202400047801";"155697612";"A01";"1";"7";"0";"1";"1";"15";"1";""
"202400047802";"155697611";"A01";"3";"30";"0";"1";"1";"1";"1";""
"202400047803";"155697610";"A01";"2";"1";"0";"1";"1";"1";"5";""
"202400047804";"155697605";"A01";"2";"7";"0";"2";"2";"15";"1";""
"202400047804";"155697609";"B01";"1";"50";"0";"2";"1";"1";"3";""
"202400047805";"155697607";"A01";"1";"32";"0";"0";"0";"0";"1";""
"202400047806";"155697604";"A01";"3";"32";"0";"2";"4";"1";"1";""
"202400047807";"155697602";"A01";"1";"50";"0";"2";"3";"15";"3";""
"202400047807";"155697606";"B01";"3";"7";"0";"2";"2";"1";"2";""
"202400047808";"155697601";"B01";"3";"0";"0";"1";"1";"25";"0";""
"202400047809";"155697600";"A01";"1";"7";"0";"1";"8";"1";"1";""
"202400047810";"155697596";"A01";"3";"7";"0";"2";"3";"15";"1";""
"202400047810";"155697598";"B01";"3";"50";"0";"2";"1";"2";"3";""
"202400047811";"155697597";"A01";"2";"10";"0";"2";"1";"17";"1";""
"202400047811";"155697599";"B01";"1";"10";"0";"2";"1";"1";"1";""
"202400047811";"155697603";"D01";"0";"7";"0";"2";"1";"23";"1";""
"202400047811";"155697608";"C01";"0";"7";"0";"2";"8";"24";"1";""
"202400047812";"155697594";"A01";"1";"7";"15";"0";"2";"1";"1";""
"202400047813";"155697592";"Z01";"2";"10";"0";"1";"4";"4";"1";""
"202400047814";"155697593";"B01";"3";"43";"0";"2";"1";"18";"0";""
"202400047814";"155697595";"A01";"3";"10";"1";"0";"5";"16";"0";""
"202400047815";"155697590";"A01";"1";"7";"1";"0";"3";"2";"2";""
"202400047816";"155697587";"A01";"2";"7";"0";"2";"7";"14";"1";""
"202400047816";"155697589";"B01";"2";"50";"0";"2";"3";"1";"3";""
"202400047817";"155697591";"A01";"1";"1";"0";"1";"2";"26";"5";""
"202400047818";"155697586";"A01";"3";"50";"0";"1";"1";"18";"3";""
"202400047819";"155697585";"B01";"2";"7";"0";"2";"6";"15";"1";""
"202400047819";"155697588";"A01";"2";"33";"0";"2";"1";"2";"1";""
"202400047820";"155697584";"A01";"2";"7";"2";"0";"2";"1";"1";""
"202400047821";"155697581";"A01";"2";"7";"0";"1";"1";"15";"1";""
"202400047822";"155697582";"A01";"2";"7";"0";"2";"2";"15";"1";""
"202400047823";"155697579";"A01";"3";"37";"0";"2";"3";"1";"0";"1"
"202400047823";"155697583";"B01";"0";"7";"0";"2";"7";"0";"1";""
"202400047824";"155697578";"B01";"2";"1";"0";"2";"8";"16";"5";""
"202400047824";"155697580";"A01";"2";"37";"0";"2";"2";"16";"2";"1"
"202400047825";"155697567";"A01";"0";"7";"0";"2";"1";"19";"1";""
"202400047825";"155697577";"B01";"0";"10";"0";"2";"8";"1";"1";""
"202400047826";"155697572";"A01";"1";"2";"0";"2";"1";"17";"1";""
"202400047826";"155697576";"B01";"1";"7";"0";"2";"8";"15";"1";""
"202400047827";"155697570";"B01";"1";"33";"0";"2";"1";"0";"1";""
"202400047827";"155697574";"A01";"0";"7";"0";"2";"2";"10";"1";""
"202400047828";"155697566";"A01";"1";"10";"0";"2";"2";"1";"1";""
"202400047828";"155697569";"B01";"2";"1";"0";"2";"8";"0";"5";""
"202400047829";"155697568";"A01";"3";"1";"0";"2";"0";"1";"5";""
"202400047829";"155697573";"B01";"3";"7";"0";"2";"0";"1";"1";""
"202400047830";"155697571";"A01";"1";"7";"0";"2";"1";"1";"1";""
"202400047830";"155697575";"B01";"2";"7";"0";"2";"3";"1";"1";""
"202400047831";"155697561";"A01";"2";"7";"0";"1";"3";"1";"1";""
"202400047832";"155697563";"A01";"2";"7";"0";"1";"4";"4";"1";""
"202400047833";"155697557";"B01";"2";"33";"0";"2";"7";"26";"1";""
"202400047833";"155697560";"A01";"2";"10";"0";"2";"8";"9";"1";""
"202400047834";"155697556";"A01";"2";"7";"0";"0";"2";"19";"0";""
"202400047834";"155697564";"B01";"1";"7";"0";"0";"0";"0";"0";""
"202400047835";"155697554";"A01";"1";"50";"0";"2";"1";"19";"3";""
"202400047835";"155697562";"B01";"2";"7";"0";"9";"7";"1";"1";""
"202400047836";"155697555";"B01";"2";"33";"0";"2";"1";"5";"0";""
"202400047836";"155697559";"A01";"2";"7";"0";"2";"3";"15";"1";""
"202400047837";"155697558";"B01";"2";"30";"0";"2";"1";"1";"1";""
"202400047837";"155697565";"A01";"2";"7";"0";"2";"3";"9";"3";""
"202400047838";"155697551";"A01";"0";"10";"0";"2";"2";"1";"1";""
"202400047838";"155697553";"B01";"3";"7";"0";"2";"2";"15";"1";""
"202400047839";"155697547";"B01";"3";"33";"0";"0";"0";"0";"1";""
"202400047839";"155697552";"A01";"3";"7";"0";"2";"1";"26";"2";""
"202400047840";"155697546";"A01";"1";"60";"0";"2";"7";"14";"5";""
"202400047840";"155697549";"B01";"1";"0";"0";"2";"8";"17";"0";""
"202400047841";"155697542";"A01";"1";"10";"0";"2";"1";"2";"1";""
"202400047841";"155697550";"B01";"1";"15";"0";"2";"4";"1";"1";""
"202400047842";"155697538";"A01";"2";"10";"0";"2";"1";"15";"1";""
"202400047842";"155697543";"B01";"1";"37";"0";"2";"8";"1";"1";"2"
"202400047843";"155697537";"A01";"1";"7";"0";"2";"4";"26";"1";""
"202400047843";"155697540";"B01";"1";"32";"12";"2";"1";"13";"1";""
"202400047844";"155697539";"A01";"3";"7";"0";"2";"2";"1";"1";""
"202400047844";"155697548";"B01";"3";"10";"0";"2";"3";"1";"1";""
"202400047845";"155697535";"A01";"2";"7";"1";"0";"2";"26";"1";""
"202400047846";"155697541";"A01";"2";"7";"9";"2";"1";"16";"1";""
"202400047846";"155697544";"B01";"1";"1";"0";"2";"1";"1";"5";""
"202400047847";"155697532";"B01";"1";"7";"0";"2";"7";"1";"1";""
"202400047847";"155697545";"A01";"1";"7";"0";"2";"1";"1";"1";""
"202400047848";"155697531";"A01";"1";"7";"9";"0";"2";"19";"1";""
"202400047849";"155697530";"A01";"2";"30";"0";"2";"1";"18";"3";""
"202400047849";"155697534";"B01";"1";"7";"0";"2";"2";"15";"1";""
"202400047850";"155697528";"B01";"2";"2";"0";"2";"1";"0";"1";""
"202400047850";"155697529";"A01";"1";"7";"0";"2";"1";"15";"1";""
"202400047851";"155697526";"A01";"1";"7";"0";"1";"2";"26";"3";""
"202400047852";"155697525";"A01";"3";"31";"16";"0";"0";"1";"1";""
"202400047853";"155697527";"A01";"2";"32";"1";"0";"6";"1";"1";""
"202400047854";"155697521";"A01";"3";"7";"0";"2";"1";"24";"1";""
"202400047854";"155697522";"B01";"3";"1";"1";"0";"1";"1";"5";""
"202400047855";"155697519";"A01";"3";"7";"0";"2";"7";"2";"1";""
"202400047855";"155697524";"Y01";"3";"80";"0";"2";"8";"2";"3";""
"202400047856";"155697520";"B01";"1";"7";"0";"9";"1";"2";"1";""
"202400047856";"155697523";"A01";"1";"1";"0";"2";"1";"2";"5";""
"202400047857";"155697516";"A01";"3";"33";"0";"1";"1";"0";"1";""
"202400047858";"155697515";"A01";"1";"7";"0";"9";"1";"1";"1";""
"202400047858";"155697518";"Y01";"3";"1";"0";"2";"8";"26";"5";""
"202400047859";"155697514";"A01";"1";"32";"0";"2";"1";"0";"1";""
"202400047859";"155697517";"B01";"1";"7";"0";"0";"6";"1";"2";""
"202400047860";"155697513";"A01";"1";"7";"0";"1";"1";"16";"1";""
"202400047861";"155697508";"A01";"3";"1";"0";"0";"0";"1";"5";""
"202400047862";"155697506";"A01";"2";"31";"0";"2";"1";"1";"1";""
"202400047862";"155697510";"B01";"1";"7";"0";"2";"2";"21";"1";""
"202400047863";"155697509";"A01";"3";"7";"0";"2";"1";"1";"2";""
"202400047863";"155697511";"B01";"3";"7";"0";"2";"7";"1";"1";""
"202400047864";"155697504";"B01";"3";"7";"0";"2";"7";"1";"1";""
"202400047864";"155697512";"A01";"3";"2";"16";"2";"1";"2";"1";""
"202400047865";"155697502";"A01";"1";"7";"0";"1";"2";"15";"1";""
"202400047866";"155697501";"A01";"2";"7";"0";"2";"6";"16";"1";""
"202400047866";"155697505";"B01";"1";"50";"0";"2";"1";"1";"3";""
"202400047867";"155697503";"A01";"2";"7";"0";"9";"7";"18";"1";""
"202400047867";"155697507";"B01";"2";"80";"0";"0";"8";"2";"3";""
"202400047868";"155697498";"A01";"1";"7";"0";"2";"2";"15";"1";""
"202400047868";"155697499";"B01";"2";"50";"0";"2";"8";"1";"3";""
"202400047869";"155697493";"A01";"1";"7";"6";"2";"1";"21";"1";""
"202400047870";"155697492";"B01";"2";"7";"0";"0";"4";"2";"1";""
"202400047870";"155697497";"A01";"2";"2";"0";"2";"1";"2";"1";""
"202400047871";"155697491";"Z01";"3";"7";"0";"9";"0";"0";"0";""
"202400047871";"155697495";"B01";"3";"1";"0";"2";"8";"2";"5";""
"202400047872";"155697494";"B01";"1";"7";"0";"9";"2";"21";"1";""
"202400047872";"155697500";"A01";"2";"1";"0";"2";"8";"15";"5";""
"202400047873";"155697490";"A01";"1";"7";"8";"0";"1";"13";"1";""
"202400047874";"155697489";"B01";"1";"2";"0";"2";"1";"1";"1";""
"202400047874";"155697496";"A01";"1";"10";"0";"2";"7";"15";"1";""
"202400047875";"155697484";"A01";"1";"7";"8";"0";"9";"0";"1";""
"202400047876";"155697482";"B01";"2";"80";"0";"2";"1";"1";"3";""
"202400047876";"155697487";"A01";"1";"7";"0";"2";"2";"15";"1";""
"202400047877";"155697485";"A01";"1";"7";"0";"1";"2";"1";"1";""
"202400047878";"155697481";"B01";"2";"2";"0";"2";"1";"2";"1";""
"202400047878";"155697488";"A01";"2";"2";"0";"0";"9";"1";"1";""
"202400047879";"155697479";"A01";"3";"7";"0";"2";"8";"11";"1";""
"202400047879";"155697483";"B01";"3";"33";"0";"2";"7";"17";"1";""
"202400047880";"155697478";"A01";"0";"7";"0";"0";"4";"23";"1";""
"202400047880";"155697480";"B01";"0";"10";"0";"2";"1";"1";"1";""
"202400047881";"155697476";"A01";"1";"33";"0";"0";"9";"17";"1";""
"202400047882";"155697475";"A01";"3";"32";"0";"0";"0";"0";"1";""
"202400047883";"155697473";"A01";"3";"10";"0";"2";"2";"1";"1";""
"202400047883";"155697477";"B01";"3";"7";"0";"2";"3";"15";"1";""
"202400047884";"155697470";"A01";"3";"15";"0";"2";"2";"0";"1";""
"202400047884";"155697472";"B01";"3";"7";"0";"2";"3";"0";"1";""
"202400047885";"155697469";"A01";"2";"7";"0";"2";"1";"1";"1";""
"202400047885";"155697474";"B01";"2";"10";"0";"2";"6";"9";"1";""
"202400047886";"155697465";"A01";"3";"7";"0";"1";"3";"1";"1";""
"202400047887";"155697464";"A01";"1";"10";"0";"2";"3";"13";"1";""
"202400047887";"155697468";"B01";"2";"7";"12";"2";"3";"1";"1";""
"202400047888";"155697466";"A01";"1";"32";"0";"2";"3";"10";"1";""
"202400047888";"155697471";"B01";"3";"7";"0";"2";"7";"14";"2";""
"202400047889";"155697463";"A01";"1";"50";"0";"2";"1";"19";"3";""
"202400047889";"155697467";"B01";"1";"7";"0";"2";"7";"26";"1";""
"202400047890";"155697462";"A01";"1";"15";"13";"0";"3";"21";"1";""
"202400047891";"155697459";"B01";"1";"7";"3";"2";"1";"1";"1";""
"202400047891";"155697460";"A01";"1";"7";"0";"2";"4";"1";"1";""
"202400047892";"155697455";"B01";"1";"3";"0";"2";"1";"0";"1";""
"202400047892";"155697461";"A01";"3";"7";"0";"2";"1";"9";"1";""
"202400047893";"155697453";"A01";"1";"7";"0";"2";"6";"15";"1";""
"202400047893";"155697458";"B01";"2";"33";"0";"2";"1";"1";"1";""
"202400047894";"155697450";"B01";"1";"33";"0";"2";"1";"1";"1";""
"202400047894";"155697454";"A01";"1";"10";"0";"2";"8";"15";"1";""
"202400047895";"155697451";"B01";"1";"30";"0";"2";"1";"1";"1";""
"202400047895";"155697457";"A01";"2";"7";"0";"2";"1";"5";"1";""
"202400047896";"155697447";"A01";"2";"7";"0";"2";"0";"1";"2";""
"202400047896";"155697449";"B01";"0";"50";"0";"2";"0";"19";"3";""
"202400047897";"155697445";"A01";"1";"7";"4";"0";"1";"26";"1";""
"202400047898";"155697441";"B01";"3";"7";"0";"2";"5";"1";"1";""
"202400047898";"155697444";"A01";"0";"2";"0";"2";"1";"1";"1";""
"202400047899";"155697443";"B01";"1";"7";"0";"2";"4";"0";"1";""
"202400047899";"155697446";"C01";"1";"7";"0";"2";"1";"0";"1";""
"202400047899";"155697448";"E01";"1";"34";"0";"2";"0";"0";"3";""
"202400047899";"155697452";"A01";"1";"7";"0";"2";"1";"0";"1";""
"202400047899";"155697456";"D01";"1";"7";"0";"2";"0";"0";"1";""
"202400047900";"155697439";"A01";"2";"7";"0";"0";"1";"14";"1";""
"202400047901";"155697438";"A01";"3";"32";"0";"2";"1";"9";"1";""
"202400047901";"155697440";"B01";"3";"7";"0";"2";"3";"0";"2";""
"202400047902";"155697436";"B01";"1";"7";"0";"2";"4";"2";"2";""
"202400047902";"155697442";"A01";"1";"7";"0";"2";"1";"2";"1";""
"202400047903";"155697437";"A01";"2";"7";"8";"0";"1";"1";"1";""
"202400047904";"155697430";"A01";"0";"7";"0";"2";"3";"16";"1";""
"202400047904";"155697435";"B01";"1";"2";"0";"2";"1";"1";"0";""
"202400047905";"155697434";"A01";"2";"7";"0";"1";"2";"1";"1";""
"202400047906";"155697431";"A01";"1";"7";"0";"0";"3";"9";"1";""
"202400047906";"155697433";"B01";"2";"31";"0";"0";"8";"1";"1";""
"202400047907";"155697428";"B01";"1";"7";"0";"2";"4";"23";"1";""
"202400047907";"155697432";"A01";"1";"10";"0";"2";"1";"1";"1";""
"202400047908";"155697429";"A01";"2";"30";"0";"0";"7";"16";"1";""
"202400047909";"155697426";"A01";"3";"36";"0";"0";"9";"23";"1";""
"202400047910";"155697425";"A01";"1";"33";"0";"2";"8";"9";"1";""
"202400047910";"155697427";"B01";"1";"7";"0";"2";"0";"1";"1";""
"202400047911";"155697423";"A01";"1";"7";"0";"1";"8";"15";"0";""
"202400047912";"155697420";"A01";"1";"7";"0";"2";"3";"19";"1";""
"202400047912";"155697424";"B01";"1";"80";"0";"2";"2";"1";"3";""
"202400047913";"155697419";"A01";"2";"7";"1";"2";"3";"15";"1";""