"Num_Acc";"id_vehicule";"num_veh";"senc";"catv";"obs";"obsm";"choc";"manv";"motor";"occutc"
"202400047913";"155697422";"B01";"2";"34";"0";"2";"1";"1";"1";""
"202400047914";"155697418";"A01";"2";"7";"13";"0";"2";"1";"1";""
"202400047915";"155697416";"A01";"1";"33";"0";"1";"1";"1";"1";""
"202400047916";"155697417";"A01";"1";"7";"0";"1";"2";"16";"2";""
"202400047917";"155697415";"A01";"1";"7";"0";"2";"3";"19";"1";""
"202400047917";"155697421";"B01";"1";"7";"0";"2";"1";"1";"1";""
"202400047918";"155697410";"A01";"2";"7";"0";"2";"3";"15";"1";""
"202400047918";"155697414";"B01";"1";"33";"0";"2";"1";"1";"1";""
"202400047919";"155697409";"A01";"1";"7";"1";"0";"3";"13";"1";""
"202400047920";"155697411";"A01";"2";"33";"0";"1";"1";"1";"1";""
"202400047921";"155697405";"A01";"1";"33";"0";"2";"8";"21";"1";""
"202400047921";"155697408";"B01";"2";"7";"0";"2";"3";"17";"0";""
"202400047922";"155697407";"B01";"2";"60";"0";"2";"1";"1";"5";""
"202400047922";"155697412";"A01";"1";"7";"0";"2";"2";"15";"1";""
"202400047923";"155697406";"B01";"1";"7";"0";"2";"1";"15";"1";""
"202400047923";"155697413";"A01";"2";"33";"0";"2";"1";"1";"1";""
"202400047924";"155697399";"A01";"1";"7";"0";"2";"1";"13";"1";""
"202400047924";"155697404";"B01";"1";"7";"0";"2";"2";"1";"1";""
"202400047925";"155697398";"A01";"2";"34";"2";"0";"1";"1";"1";""
"202400047926";"155697397";"B01";"3";"50";"0";"2";"7";"1";"3";""
"202400047926";"155697401";"Z01";"3";"10";"0";"2";"8";"2";"0";""
"202400047927";"155697395";"A01";"2";"7";"0";"0";"9";"1";"2";""
"202400047927";"155697396";"C01";"2";"7";"0";"2";"1";"1";"1";""
"202400047927";"155697402";"B01";"1";"7";"0";"2";"9";"1";"1";""
"202400047928";"155697394";"A01";"2";"7";"0";"2";"7";"15";"1";""
"202400047928";"155697403";"B01";"1";"7";"0";"2";"1";"1";"1";""
"202400047929";"155697392";"B01";"3";"33";"0";"2";"2";"26";"1";""
"202400047929";"155697393";"A01";"0";"10";"0";"2";"6";"15";"1";""
"202400047930";"155697388";"A01";"1";"14";"0";"2";"2";"16";"1";""
"202400047930";"155697390";"B01";"2";"7";"12";"2";"2";"26";"1";""
"202400047931";"155697400";"A01";"1";"34";"0";"1";"1";"0";"1";""
"202400047932";"155697387";"A01";"1";"33";"12";"0";"1";"1";"1";""
"202400047933";"155697386";"A01";"1";"10";"0";"2";"1";"1";"3";""
"202400047933";"155697389";"B01";"1";"7";"0";"2";"4";"1";"1";""
"202400047933";"155697391";"C01";"1";"7";"0";"2";"4";"1";"1";""
"202400047934";"155697384";"B01";"2";"7";"0";"2";"1";"5";"1";""
"202400047934";"155697385";"A01";"1";"7";"0";"2";"1";"5";"1";""
"202400047935";"155697382";"B01";"2";"20";"0";"2";"4";"2";"1";""
"202400047935";"155697383";"A01";"2";"10";"0";"2";"1";"2";"1";""
"202400047936";"155697380";"A01";"2";"7";"13";"0";"9";"13";"1";""
"202400047937";"155697377";"A01";"1";"1";"0";"1";"1";"1";"5";""
"202400047938";"155697374";"A01";"1";"7";"0";"2";"3";"9";"1";""
"202400047938";"155697381";"B01";"2";"50";"0";"2";"0";"0";"3";""
"202400047939";"155697376";"A01";"1";"10";"0";"2";"7";"15";"0";""
"202400047939";"155697379";"B01";"2";"50";"0";"2";"1";"1";"3";""
"202400047940";"155697372";"A01";"2";"15";"0";"2";"2";"12";"1";""
"202400047940";"155697375";"B01";"2";"7";"0";"2";"8";"1";"1";""
"202400047941";"155697371";"A01";"2";"7";"0";"0";"9";"1";"1";""
"202400047942";"155697369";"A01";"3";"33";"13";"0";"1";"1";"1";""
"202400047943";"155697363";"A01";"2";"50";"0";"2";"1";"19";"3";""
"202400047943";"155697370";"B01";"3";"7";"0";"2";"8";"2";"3";""
"202400047944";"155697365";"A01";"1";"7";"0";"2";"1";"2";"3";""
"202400047944";"155697367";"B01";"1";"7";"0";"2";"4";"2";"1";""
"202400047945";"155697364";"B01";"2";"7";"0";"2";"6";"17";"2";""
"202400047945";"155697366";"A01";"2";"33";"0";"2";"1";"21";"1";""
"202400047946";"155697362";"A01";"1";"13";"0";"1";"0";"1";"1";""
"202400047947";"155697361";"B01";"2";"7";"0";"2";"1";"0";"1";""
"202400047947";"155697368";"A01";"1";"7";"0";"2";"8";"1";"1";""
"202400047948";"155697360";"A01";"0";"14";"8";"0";"3";"2";"1";""
"202400047949";"155697358";"B01";"2";"7";"0";"2";"3";"11";"1";""
"202400047949";"155697359";"A01";"2";"43";"0";"2";"1";"3";"1";""
"202400047950";"155697356";"A01";"2";"7";"0";"1";"1";"1";"1";""
"202400047951";"155697350";"C01";"1";"33";"14";"0";"9";"19";"1";""
"202400047951";"155697353";"A01";"1";"15";"0";"2";"9";"19";"1";""
"202400047951";"155697357";"B01";"1";"7";"0";"2";"1";"1";"3";""
"202400047952";"155697351";"B01";"2";"10";"0";"0";"6";"2";"1";""
"202400047952";"155697354";"A01";"2";"1";"0";"2";"1";"2";"5";""
"202400047953";"155697348";"B01";"2";"7";"3";"2";"4";"1";"1";""
"202400047953";"155697352";"A01";"2";"10";"0";"2";"2";"17";"1";""
"202400047954";"155697347";"A01";"1";"17";"0";"2";"7";"12";"1";""
"202400047954";"155697349";"B01";"1";"7";"0";"2";"8";"1";"1";""
"202400047955";"155697346";"A01";"2";"7";"2";"0";"3";"1";"1";""
"202400047956";"155697345";"A01";"2";"10";"0";"0";"5";"2";"1";""
"202400047957";"155697344";"A01";"1";"7";"0";"2";"3";"1";"1";""
"202400047957";"155697355";"B01";"2";"33";"0";"2";"1";"0";"1";""
"202400047958";"155697339";"A01";"2";"7";"0";"2";"3";"13";"1";""
"202400047958";"155697343";"B01";"1";"7";"1";"2";"3";"2";"1";""
"202400047959";"155697340";"B01";"2";"7";"0";"2";"7";"1";"1";""
"202400047959";"155697342";"A01";"2";"43";"0";"2";"7";"1";"1";""
"202400047960";"155697338";"B01";"2";"15";"0";"2";"6";"12";"1";""
"202400047960";"155697341";"A01";"2";"7";"4";"2";"2";"11";"1";""
"202400047961";"155697334";"A01";"1";"7";"0";"2";"5";"12";"2";""
"202400047961";"155697337";"B01";"1";"33";"0";"2";"3";"1";"1";""
"202400047962";"155697333";"A01";"1";"7";"0";"2";"3";"15";"2";""
"202400047962";"155697335";"B01";"2";"31";"0";"2";"1";"1";"1";""
"202400047963";"155697332";"A01";"1";"7";"0";"2";"3";"13";"1";""
"202400047963";"155697336";"B01";"2";"33";"0";"2";"1";"1";"1";""
"202400047964";"155697329";"A01";"1";"33";"0";"2";"1";"3";"2";""
"202400047964";"155697331";"B01";"1";"7";"0";"2";"5";"12";"1";""
"202400047965";"155697328";"A01";"1";"7";"2";"0";"3";"0";"1";""
"202400047966";"155697326";"A01";"1";"7";"13";"0";"1";"13";"1";""
"202400047967";"155697323";"A01";"1";"7";"0";"0";"2";"15";"1";""
"202400047967";"155697330";"B01";"1";"14";"0";"2";"8";"2";"1";""
"202400047968";"155697320";"A01";"1";"10";"1";"0";"3";"2";"1";""
"202400047968";"155697325";"B01";"1";"7";"0";"2";"5";"24";"1";""
"202400047968";"155697327";"C01";"1";"7";"0";"2";"4";"24";"1";""
"202400047969";"155697321";"A01";"2";"7";"0";"2";"6";"2";"0";""
"202400047969";"155697324";"B01";"2";"31";"0";"2";"2";"2";"0";""
"202400047970";"155697319";"B01";"3";"17";"0";"2";"8";"9";"1";""
"202400047970";"155697322";"A01";"2";"17";"0";"2";"1";"1";"1";""
"202400047971";"155697317";"Z01";"1";"32";"0";"1";"1";"1";"0";""
"202400047972";"155697316";"A01";"0";"7";"0";"1";"0";"0";"0";""
"202400047973";"155697312";"B01";"2";"32";"0";"2";"8";"0";"1";""
"202400047973";"155697315";"A01";"2";"7";"0";"2";"7";"0";"2";""
"202400047974";"155697314";"A01";"2";"10";"0";"2";"8";"15";"1";""
"202400047974";"155697318";"B01";"1";"32";"0";"2";"1";"1";"1";""
"202400047975";"155697313";"A01";"0";"33";"0";"0";"0";"0";"1";""
"202400047976";"155697311";"A01";"2";"7";"0";"1";"2";"2";"2";""
"202400047977";"155697309";"A01";"1";"7";"0";"1";"2";"1";"1";""
"202400047978";"155697307";"A01";"1";"7";"0";"2";"1";"1";"1";""
"202400047978";"155697310";"B01";"2";"7";"0";"2";"1";"1";"1";""
"202400047979";"155697306";"A01";"2";"33";"0";"2";"3";"3";"1";""
"202400047979";"155697308";"B01";"2";"7";"0";"2";"2";"1";"2";""
"202400047980";"155697305";"A01";"1";"2";"3";"0";"3";"1";"1";""
"202400047981";"155697298";"A01";"3";"7";"0";"1";"2";"20";"1";""
"202400047982";"155697300";"A01";"1";"7";"0";"2";"4";"1";"1";""
"202400047982";"155697304";"B01";"1";"7";"0";"0";"4";"2";"1";""
"202400047983";"155697296";"B01";"2";"7";"0";"9";"1";"0";"1";""
"202400047983";"155697301";"A01";"2";"7";"4";"0";"1";"13";"1";""
"202400047984";"155697294";"B01";"2";"10";"0";"2";"8";"1";"1";""
"202400047984";"155697303";"A01";"3";"1";"0";"2";"1";"1";"5";""
"202400047985";"155697295";"A01";"1";"7";"0";"2";"2";"17";"0";""
"202400047985";"155697299";"B01";"1";"1";"0";"2";"8";"1";"5";""
"202400047986";"155697297";"A01";"1";"2";"0";"2";"1";"1";"1";""
"202400047986";"155697302";"B01";"2";"7";"0";"2";"3";"9";"1";""
"202400047987";"155697291";"A01";"2";"7";"3";"0";"3";"21";"1";""
"202400047988";"155697288";"A01";"1";"7";"0";"2";"1";"2";"1";""
"202400047988";"155697292";"B01";"1";"7";"0";"2";"4";"2";"1";""
"202400047989";"155697290";"A01";"2";"80";"0";"0";"1";"2";"3";""
"202400047990";"155697287";"A01";"1";"7";"0";"2";"1";"1";"1";""
"202400047990";"155697289";"B01";"2";"2";"0";"2";"1";"5";"1";""
"202400047991";"155697285";"A01";"2";"7";"0";"9";"3";"16";"1";""
"202400047991";"155697293";"B01";"2";"1";"0";"2";"7";"1";"5";""
"202400047992";"155697283";"B01";"1";"1";"0";"2";"4";"2";"5";""
"202400047992";"155697286";"A01";"1";"1";"0";"2";"1";"2";"5";""
"202400047993";"155697280";"A01";"3";"7";"0";"9";"3";"9";"3";""
"202400047993";"155697284";"B01";"3";"1";"0";"2";"2";"1";"5";""
"202400047994";"155697278";"A01";"1";"7";"1";"0";"1";"24";"1";""
"202400047994";"155697281";"B01";"1";"7";"0";"2";"4";"24";"2";""
"202400047995";"155697279";"B01";"3";"10";"0";"2";"2";"9";"1";""
"202400047995";"155697282";"A01";"3";"2";"0";"2";"1";"1";"1";""
"202400047996";"155697276";"A01";"2";"7";"0";"2";"6";"1";"1";""
"202400047996";"155697277";"B01";"1";"33";"0";"2";"6";"13";"1";""
"202400047997";"155697275";"A01";"2";"7";"8";"0";"8";"1";"1";""
"202400047998";"155697273";"A01";"3";"7";"0";"5";"4";"14";"1";""
"202400047999";"155697271";"A01";"1";"7";"8";"0";"1";"26";"0";""
"202400048000";"155697272";"A01";"1";"80";"0";"2";"1";"1";"3";""
"202400048001";"155697269";"A01";"2";"2";"0";"0";"0";"1";"1";""
"202400048002";"155697267";"A01";"1";"7";"1";"0";"1";"2";"1";""
"202400048002";"155697270";"B01";"1";"7";"0";"2";"4";"2";"1";""
"202400048002";"155697274";"C01";"1";"7";"0";"2";"4";"1";"1";""
"202400048003";"155697265";"A01";"1";"7";"0";"2";"1";"13";"1";""
"202400048003";"155697268";"B01";"2";"7";"0";"2";"1";"1";"1";""
"202400048004";"155697260";"B01";"0";"7";"0";"2";"3";"0";"1";""
"202400048004";"155697266";"A01";"1";"7";"0";"2";"1";"0";"1";""
"202400048005";"155697261";"A01";"2";"50";"0";"1";"1";"1";"3";""
"202400048006";"155697259";"A01";"1";"7";"0";"0";"4";"23";"3";""
"202400048006";"155697263";"B01";"1";"7";"0";"2";"1";"2";"1";""
"202400048007";"155697262";"B01";"1";"7";"0";"2";"3";"1";"1";""
"202400048007";"155697264";"A01";"1";"7";"0";"2";"0";"19";"1";""
"202400048008";"155697258";"A01";"0";"7";"0";"1";"8";"1";"1";""
"202400048009";"155697255";"A01";"1";"1";"0";"0";"0";"0";"5";""
"202400048010";"155697253";"B01";"3";"7";"0";"2";"3";"1";"3";""
"202400048010";"155697257";"A01";"3";"2";"0";"2";"7";"26";"1";""
"202400048011";"155697252";"A01";"1";"2";"0";"2";"1";"13";"1";""
"202400048011";"155697254";"B01";"2";"7";"0";"2";"1";"13";"1";""
"202400048012";"155697250";"A01";"1";"7";"0";"2";"2";"1";"2";""
"202400048012";"155697256";"B01";"2";"1";"0";"2";"7";"1";"5";""
"202400048013";"155697247";"A01";"1";"7";"0";"0";"1";"1";"1";""
"202400048013";"155697251";"B01";"2";"7";"0";"0";"0";"5";"0";""
"202400048014";"155697248";"A01";"3";"99";"0";"2";"0";"19";"1";""
"202400048014";"155697249";"B01";"3";"7";"0";"2";"1";"19";"1";""
"202400048015";"155697246";"A01";"1";"7";"0";"1";"1";"1";"1";""
"202400048016";"155697245";"A01";"2";"10";"2";"0";"2";"0";"1";""
"202400048017";"155697244";"A01";"1";"10";"0";"1";"3";"15";"1";""
"202400048018";"155697239";"A01";"2";"7";"0";"0";"4";"0";"1";""
"202400048018";"155697241";"B01";"2";"10";"0";"2";"1";"0";"1";""
"202400048019";"155697240";"A01";"2";"7";"0";"2";"1";"1";" -1";""
"202400048019";"155697243";"B01";"2";"32";"0";"2";"2";"1";" -1";""
"202400048020";"155697237";"A01";"1";"7";"0";"1";"3";"1";"1";""
"202400048021";"155697233";"B01";"2";"7";"0";"2";"6";"1";"0";""
"202400048021";"155697238";"A01";"2";"10";"0";"2";"2";"17";"1";""
"202400048021";"155697242";"C01";"1";"7";"0";"9";"8";"0";"1";""
"202400048022";"155697234";"B01";"1";"2";"0";"2";"2";"1";"3";""
"202400048022";"155697236";"A01";"1";"1";"0";"2";"8";"15";"5";""
"202400048023";"155697230";"A01";"2";"2";"12";"0";"1";"9";"1";""
"202400048024";"155697232";"A01";"3";"2";"0";"2";"1";"13";"1";""
"202400048024";"155697235";"B01";"3";"7";"0";"2";"3";"1";"1";""
"202400048025";"155697228";"A01";"2";"7";"0";"2";"3";"15";"1";""
"202400048025";"155697231";"B01";"1";"7";"0";"2";"3";"1";"1";""
"202400048026";"155697227";"A01";"2";"7";"6";"0";"3";"19";"1";""
"202400048026";"155697229";"B01";"1";"7";"0";"0";"1";"1";"1";""
"202400048027";"155697226";"A01";"1";"1";"0";"0";"0";"1";"5";""
"202400048028";"155697221";"B01";"3";"1";"0";"9";"4";"0";"5";""
"202400048028";"155697224";"A01";"3";"1";"0";"2";"1";"0";"5";""
"202400048029";"155697219";"A01";"2";"7";"3";"0";"1";"14";"2";""
"202400048030";"155697218";"A01";"1";"7";"0";"2";"1";"1";"1";""
"202400048030";"155697223";"B01";"1";"14";"0";"2";"8";"16";"1";""
"202400048031";"155697216";"B01";"3";"33";"0";"2";"1";"0";"1";""
"202400048031";"155697222";"A01";"3";"33";"0";"2";"1";"0";"1";""
"202400048032";"155697217";"A01";"1";"17";"0";"0";"0";"23";"1";""
"202400048032";"155697220";"C01";"1";"17";"0";"9";"3";"1";"1";""
"202400048032";"155697225";"E01";"1";"7";"0";"9";"3";"1";"1";""
"202400048033";"155697214";"A01";"2";"10";"0";"2";"7";"5";"1";""
"202400048033";"155697215";"B01";"2";"1";"0";"2";"7";"19";"5";""
"202400048034";"155697213";"A01";"2";"33";"15";"0";"2";"14";"1";""
"202400048035";"155697210";"A01";"2";"7";"8";"0";"1";"1";"1";""
"202400048036";"155697209";"A01";"1";"7";"0";"2";"3";"13";"1";""
"202400048036";"155697212";"B01";"2";"7";"0";"2";"3";"1";"1";""
"202400048037";"155697208";"A01";"3";"50";"0";"0";"9";"1";"3";""
"202400048038";"155697207";"A01";"3";"14";"0";"2";"3";"15";"1";""
"202400048038";"155697211";"B01";"3";"7";"0";"2";"8";"15";"1";""
"202400048039";"155697204";"A01";"2";"7";"13";"0";"2";"1";"1";""
"202400048040";"155697201";"A01";"1";"10";"0";"2";"4";"1";"1";""
"202400048040";"155697205";"B01";"1";"7";"0";"2";"1";"2";"1";""
"202400048040";"155697206";"C01";"1";"7";"0";"2";"1";"2";"1";""
"202400048041";"155697199";"C01";"3";"80";"0";"2";"4";"1";"3";""
"202400048041";"155697203";"Z01";"3";"7";"0";"2";"1";"5";"1";""
"202400048042";"155697197";"A01";"0";"1";"0";"2";"3";"1";"5";""
"202400048042";"155697200";"B01";"0";"1";"0";"2";"3";"1";"5";""
"202400048043";"155697194";"A01";"1";"33";"0";"2";"7";"1";"1";""
"202400048043";"155697198";"B01";"1";"10";"0";"2";"8";"15";"1";""
"202400048044";"155697193";"C01";"1";"7";"0";"2";"1";"1";"1";""
"202400048044";"155697196";"A01";"2";"7";"0";"2";"1";"1";"1";""
"202400048044";"155697202";"B01";"1";"7";"0";"2";"7";"1";"1";""
"202400048045";"155697191";"B01";"1";"21";"0";"2";"1";"1";"6";""
"202400048045";"155697195";"A01";"2";"33";"0";"2";"1";"13";"1";""
"202400048046";"155697189";"A01";"2";"30";"2";"2";"1";"1";"1";""
"202400048046";"155697192";"B01";"2";"7";"1";"2";"7";"15";"1";""
"202400048047";"155697186";"A01";"1";"7";"12";"2";"2";"20";"1";""
"202400048047";"155697187";"B01";"1";"50";"12";"2";"3";"1";"3";""
"202400048048";"155697185";"A01";"2";"31";"0";"2";"3";"15";"1";""
"202400048048";"155697190";"B01";"2";"32";"0";"2";"7";"0";"1";""
"202400048049";"155697182";"B01";"0";"7";"0";"0";"3";"23";"1";""
"202400048049";"155697188";"A01";"1";"2";"0";"2";"2";"0";"1";""
"202400048050";"155697181";"A01";"2";"7";"0";"2";"8";"1";"1";""
"202400048050";"155697184";"B01";"1";"7";"0";"2";"8";"1";"1";""
"202400048051";"155697178";"A01";"1";"37";"0";"1";"5";"26";"1";"1"
"202400048052";"155697180";"A01";"3";"7";"0";"2";"1";"15";"1";""
"202400048052";"155697183";"B01";"3";"31";"0";"0";"8";"1";"1";""
"202400048053";"155697174";"A01";"2";"7";"0";"9";"3";"15";"1";""
"202400048053";"155697177";"B01";"1";"50";"0";"2";"1";"1";"3";""
"202400048054";"155697175";"A01";"1";"50";"0";"0";"0";"1";"3";""
"202400048055";"155697176";"A01";"3";"13";"0";"2";"3";"15";"1";""
"202400048055";"155697179";"Y01";"3";"1";"0";"2";"1";"1";"5";""
"202400048056";"155697171";"A01";"1";"33";"0";"0";"8";"17";"1";""
"202400048057";"155697170";"A01";"1";"2";"0";"2";"1";"1";"1";""
"202400048057";"155697172";"B01";"1";"7";"0";"2";"5";"1";"1";""
"202400048058";"155697169";"A01";"2";"7";"0";"2";"2";"15";"1";""
"202400048058";"155697173";"B01";"2";"7";"0";"2";"3";"1";"1";""
"202400048059";"155697168";"A01";"1";"7";"0";"0";"0";"26";"1";""
"202400048060";"155697164";"B01";"2";"33";"0";"2";"8";"1";"1";""
"202400048060";"155697167";"A01";"2";"7";"0";"2";"1";"10";"2";""
"202400048061";"155697163";"A01";"2";"7";"0";"2";"4";"23";"1";""
"202400048061";"155697166";"B01";"2";"32";"0";"2";"1";"1";"1";""
"202400048062";"155697165";"A01";"1";"7";"0";"2";"3";"1";"3";""
"202400048063";"155697162";"A01";"2";"33";"5";"0";"7";"26";"0";""
"202400048064";"155697159";"A01";" -1";"3";"0";"2";"1";"9";"3";""
"202400048064";"155697161";"B01";" -1";"50";"0";"2";"7";"1";"3";""
"202400048065";"155697160";"A01";"2";"7";"6";"9";"1";"2";"1";""
"202400048066";"155697155";"A01";"2";"7";"0";"1";"6";"26";"1";""
"202400048067";"155697156";"A01";"3";"13";"0";"2";"1";"14";"6";""
"202400048067";"155697158";"B01";"3";"1";"0";"2";"8";"1";"5";""
"202400048068";"155697153";"A01";"1";"50";"1";"0";"3";"2";"3";""
"202400048068";"155697157";"B01";"1";"10";"1";"0";"0";"0";"1";""
"202400048069";"155697154";"A01";"1";"31";"12";"0";"0";"16";"1";""
"202400048070";"155697151";"A01";"1";"2";"12";"0";"1";"1";"1";""
"202400048071";"155697150";"A01";"1";"33";"0";"2";"7";"17";"1";""
"202400048071";"155697152";"B01";"1";"7";"0";"2";"3";"15";"1";""
"202400048072";"155697147";"A01";"2";"30";"0";"1";"1";"3";"1";""
"202400048073";"155697144";"A01";"3";"60";"0";"2";"8";"19";"5";""
"202400048073";"155697149";"B01";"2";"33";"0";"2";"2";"1";"1";""
"202400048074";"155697146";"A01";"2";"7";"6";"0";"1";"16";"1";""
"202400048075";"155697145";"B01";"1";"10";"0";"2";"3";"1";"1";""
"202400048075";"155697148";"A01";"1";"32";"0";"2";"5";"13";"1";""
"202400048076";"155697140";"B01";"3";"1";"0";"2";"7";"1";"5";""
"202400048076";"155697143";"A01";"3";"7";"0";"2";"1";"1";"1";""
"202400048077";"155697138";"A01";"1";"80";"0";"0";"0";"1";"3";""
"202400048078";"155697139";"B01";"0";"17";"0";"2";"2";"1";"1";""
"202400048078";"155697142";"A01";"3";"7";"6";"2";"3";"26";"1";""
"202400048079";"155697136";"B01";"2";"7";"0";"2";"3";"1";"1";""
"202400048079";"155697141";"A01";"2";"7";"0";"2";"5";"1";"1";""
"202400048080";"155697132";"A01";"2";"10";"0";"2";"1";"15";"0";""
"202400048080";"155697135";"D01";"0";"1";"0";"2";"7";"0";"5";""
"202400048081";"155697134";"A01";"1";"7";"2";"0";"1";"14";"1";""
"202400048082";"155697133";"A01";"2";"7";"2";"0";"1";"1";"1";""
"202400048083";"155697131";"A01";"2";"7";"2";"0";"1";"1";"1";""
"202400048084";"155697130";"A01";"3";"7";"0";"2";"3";"1";"1";""
"202400048084";"155697137";"B01";"1";"7";"0";"2";"8";"1";"1";""
"202400048085";"155697129";"A01";"3";"10";"2";"0";"3";"1";"1";""
"202400048086";"155697126";"A01";"0";"1";"0";"0";"0";"1";"5";""
"202400048087";"155697124";"A01";"1";"33";"0";"2";"1";"9";"1";""
"202400048087";"155697127";"B01";"1";"7";"0";"2";"3";"1";"1";""
"202400048088";"155697123";"A01";"0";"7";"0";"2";"3";"1";"1";""
"202400048088";"155697128";"B01";"3";"7";"0";"2";"2";"15";"1";""
"202400048089";"155697121";"A01";"1";"7";"8";"0";"1";"1";"1";""
"202400048090";"155697120";"A01";"2";"7";"1";"0";"9";"1";"1";""
"202400048091";"155697119";"A01";"1";"7";"0";"2";"4";"23";"1";""
"202400048091";"155697125";"B01";"1";"13";"0";"2";"0";"0";"1";""
"202400048092";"155697117";"A01";"1";"7";"0";"1";"1";"1";"1";""
"202400048093";"155697115";"C01";"1";"7";"0";"0";"6";"1";"0";""
"202400048093";"155697118";"A01";"1";"7";"15";"0";"7";"17";"1";""
"202400048093";"155697122";"B01";"1";"7";"0";"0";"3";"13";"1";""
"202400048094";"155697113";"A01";"1";"7";"2";"0";"1";"1";"1";""
"202400048095";"155697112";"B01";"1";"7";"0";"2";"4";"2";"1";""
"202400048096";"155697110";"A01";"2";"33";"0";"2";"1";"2";"1";""
"202400048096";"155697114";"B01";"2";"7";"0";"2";"6";"2";"1";""
"202400048097";"155697111";"A01";"1";"7";"0";"2";"4";"23";"1";""
"202400048097";"155697116";"B01";"1";"7";"0";"2";"1";"1";"1";""
"202400048098";"155697108";"A01";"1";"7";"0";"2";"7";"15";"1";""
"202400048098";"155697109";"B01";"1";"33";"0";"2";"1";"26";"1";""
"202400048099";"155697103";"A01";"1";"7";"0";"2";"1";"13";"1";""
"202400048099";"155697107";"B01";"2";"7";"0";"2";"1";"1";"1";""
"202400048100";"155697100";"A01";"3";"7";"0";"2";"1";"9";"1";""
"202400048100";"155697105";"B01";"3";"50";"0";"2";"7";"1";"3";""
"202400048101";"155697099";"B01";"1";"99";"0";"2";"1";"1";"0";""
"202400048101";"155697104";"A01";"1";"7";"0";"2";"2";"16";"1";""
"202400048102";"155697101";"A01";"0";"7";"0";"2";"7";"1";"1";""
"202400048102";"155697106";"B01";"0";"2";"0";"2";"1";"1";"1";""
"202400048103";"155697097";"A01";"2";"32";"0";"9";"3";"16";"1";""
"202400048103";"155697098";"B01";"2";"10";"0";"2";"3";"0";"1";""
"202400048104";"155697096";"A01";"2";"16";"0";"1";"1";"1";"1";""
"202400048105";"155697091";"B01";"2";"17";"0";"2";"4";"1";"1";""
"202400048105";"155697095";"A01";"2";"7";"3";"2";"1";"2";"1";""
"202400048106";"155697089";"B01";"1";"1";"0";"2";"8";"0";"5";""
"202400048106";"155697093";"A01";"1";"7";"0";"2";"5";"16";"1";""
"202400048107";"155697088";"B01";"2";"10";"0";"2";"2";"1";"1";""
"202400048107";"155697094";"A01";"1";"7";"0";"2";"2";"13";"1";""
"202400048108";"155697090";"B01";"2";"7";"0";"2";"3";"21";"1";""
"202400048108";"155697092";"A01";"2";"32";"0";"2";"1";"21";"1";""
"202400048109";"155697087";"A01";"1";"10";"0";"1";"2";"1";"1";""
"202400048110";"155697080";"B01";"2";"7";"0";"2";"7";"2";"1";""
"202400048110";"155697083";"C01";"2";"7";"0";"0";"4";"0";"1";""
"202400048110";"155697086";"A01";"2";"7";"0";"2";"3";"2";"2";""
"202400048111";"155697078";"A01";"0";"7";"0";"9";"1";"1";"1";""
"202400048111";"155697082";"B01";"0";"50";"0";"2";"8";"19";"3";""
"202400048112";"155697076";"A01";"2";"33";"0";"2";"7";"17";"1";""
"202400048112";"155697079";"B01";"2";"7";"0";"2";"8";"15";"1";""
"202400048113";"155697077";"Z01";"1";"7";"0";"2";"1";"1";"1";""
"202400048113";"155697084";"B01";"1";"2";"0";"2";"7";"1";"1";""
"202400048114";"155697074";"A01";"2";"7";"0";"2";"1";"17";"1";""
"202400048114";"155697081";"B01";"1";"7";"0";"2";"3";"1";"2";""
"202400048115";"155697073";"B01";"2";"7";"0";"2";"6";"2";"1";""
"202400048115";"155697075";"A01";"2";"7";"3";"2";"2";"2";"1";""
"202400048116";"155697072";"A01";"1";"10";"0";"1";"3";"14";"1";""
"202400048117";"155697071";"A01";"2";"60";"1";"0";"1";"9";"5";""
"202400048118";"155697069";"A01";"1";"7";"8";"0";"3";"0";"1";""
"202400048119";"155697066";"B01";"2";"2";"0";"2";"2";"1";"3";""
"202400048119";"155697070";"A01";"2";"30";"0";"2";"1";"0";"0";""
"202400048120";"155697063";"A01";"1";"7";"0";"2";"5";"1";"1";""
"202400048120";"155697067";"B01";"1";"7";"0";"2";"2";"2";"1";""
"202400048121";"155697061";"A01";"1";"7";"0";"2";"2";"2";"1";""
"202400048121";"155697065";"C01";"1";"7";"0";"2";"1";"17";"1";""
"202400048121";"155697068";"B01";"1";"7";"0";"0";"6";"2";"2";""
"202400048122";"155697058";"A01";"0";"33";"0";"2";"8";"13";"1";""
"202400048122";"155697064";"B01";"1";"7";"0";"2";"1";"1";"1";""
"202400048123";"155697057";"B01";"2";"7";"0";"2";"1";"2";"1";""
"202400048123";"155697060";"A01";"2";"7";"0";"2";"1";"1";"1";""
"202400048123";"155697062";"C01";"2";"7";"0";"2";"4";"2";"1";""
"202400048124";"155697054";"A01";"3";"7";"13";"0";"1";"14";"1";""
"202400048125";"155697055";"B01";"1";"7";"0";"2";"1";"10";"0";""
"202400048125";"155697059";"A01";"1";"7";"0";"2";"6";"1";"0";""
"202400048126";"155697053";"A01";"1";"1";"0";"2";"1";"18";"5";""
"202400048126";"155697056";"B01";"1";"7";"0";"9";"5";"16";"1";""
"202400048127";"155697049";"A01";"1";"2";"0";"0";"0";"0";"1";""
"202400048127";"155697052";"B01";"1";"7";"0";"2";"1";"0";"0";""