"Num_Acc";"id_vehicule";"num_veh";"senc";"catv";"obs";"obsm";"choc";"manv";"motor";"occutc"
"202400048128";"155697047";"A01";"2";"21";"0";"0";"6";"23";"1";""
"202400048128";"155697051";"B01";"2";"7";"1";"0";"2";"1";"1";""
"202400048129";"155697046";"A01";"1";"33";"0";"2";"1";"17";"1";""
"202400048129";"155697050";"B01";"2";"14";"0";"2";"1";"1";"1";""
"202400048130";"155697043";"B01";"2";"32";"0";"2";"1";"3";"1";""
"202400048130";"155697045";"A01";"2";"7";"0";"2";"3";"15";"1";""
"202400048131";"155697044";"A01";"1";"7";"0";"0";"5";"15";"2";""
"202400048131";"155697048";"B01";"1";"2";"0";"2";"1";"16";"1";""
"202400048132";"155697040";"B01";"2";"2";"0";"2";"1";"13";"1";""
"202400048132";"155697042";"A01";"1";"7";"0";"2";"2";"1";"1";""
"202400048133";"155697041";"A01";"2";"38";"6";"0";"1";"14";"1";"12"
"202400048134";"155697039";"A01";"3";"32";"0";"1";"2";"1";"1";""
"202400048135";"155697035";"A01";"0";"2";"0";"0";"0";"0";"3";""
"202400048136";"155697031";"A01";"2";"7";"0";"2";"1";"26";"1";""
"202400048136";"155697036";"B01";"1";"43";"0";"2";"7";"2";"1";""
"202400048137";"155697034";"A01";"2";"7";"0";"2";"1";"13";"1";""
"202400048137";"155697037";"B01";"1";"17";"0";"2";"3";"1";"1";""
"202400048138";"155697032";"A01";"1";"7";"0";"2";"8";"15";"1";""
"202400048138";"155697038";"B01";"2";"7";"0";"2";"1";"1";"1";""
"202400048139";"155697030";"A01";"3";"10";"0";"1";"4";"26";"1";""
"202400048140";"155697033";"A01";"2";"7";"0";"1";"2";"16";"1";""
"202400048141";"155697026";"B01";"2";"15";"0";"2";"4";"1";"1";""
"202400048141";"155697028";"A01";"2";"7";"3";"2";"1";"14";"1";""
"202400048142";"155697024";"A01";"2";"7";"0";"2";"1";"13";"1";""
"202400048142";"155697029";"B01";"1";"7";"0";"2";"1";"1";"1";""
"202400048143";"155697022";"A01";"1";"43";"0";"2";"1";"1";"1";""
"202400048143";"155697025";"B01";"2";"7";"0";"2";"2";"1";"1";""
"202400048144";"155697021";"A01";"1";"7";"0";"2";"3";"15";"1";""
"202400048144";"155697027";"B01";"2";"33";"0";"2";"8";"21";"1";""
"202400048145";"155697020";"A01";"1";"21";"0";"2";"3";"1";"1";""
"202400048145";"155697023";"B01";"2";"2";"0";"2";"1";"13";"1";""
"202400048146";"155697015";"A01";"3";"7";"0";"2";"3";"15";"1";""
"202400048146";"155697017";"B01";"3";"31";"0";"2";"3";"1";"1";""
"202400048147";"155697012";"A01";"2";"2";"4";"0";"0";"2";"1";""
"202400048148";"155697013";"A01";"0";"7";"0";"0";"4";"23";"1";""
"202400048148";"155697018";"B01";"0";"7";"1";"0";"1";"1";"1";""
"202400048149";"155697019";"A01";"2";"7";"0";"1";"2";"1";"1";""
"202400048150";"155697011";"B01";"3";"7";"0";"2";"1";"1";"1";""
"202400048150";"155697014";"A01";"2";"50";"0";"2";"1";"5";"3";""
"202400048151";"155697016";"A01";"1";"33";"10";"0";"1";"17";"1";""
"202400048152";"155697006";"A01";"0";"7";"0";"2";"1";"19";"1";""
"202400048152";"155697010";"B01";"0";"7";"0";"2";"8";"1";"1";""
"202400048153";"155697004";"A01";"2";"7";"0";"2";"2";"17";"1";""
"202400048153";"155697009";"B01";"2";"14";"0";"2";"6";"1";"1";""
"202400048154";"155697002";"B01";"0";"7";"0";"9";"2";"1";"1";""
"202400048154";"155697007";"A01";"0";"50";"0";"2";"1";"5";"3";""
"202400048155";"155697003";"B01";"2";"7";"0";"2";"3";"13";"1";""
"202400048155";"155697008";"A01";"1";"14";"0";"2";"3";"1";"1";""
"202400048156";"155697001";"A01";"2";"7";"0";"2";"3";"15";"1";""
"202400048156";"155697005";"B01";"2";"33";"0";"2";"0";"17";"1";""
"202400048157";"155696998";"A01";"1";"7";"0";"2";"1";"17";"1";""
"202400048157";"155696999";"B01";"2";"7";"0";"2";"1";"1";"1";""
"202400048158";"155696995";"A01";"1";"33";"2";"0";"1";"1";"1";""
"202400048159";"155696993";"A01";"1";"7";"16";"0";"0";"0";"1";""
"202400048160";"155696994";"B01";"2";"33";"0";"2";"1";"1";"1";""
"202400048160";"155697000";"A01";"1";"7";"0";"2";"6";"15";"1";""
"202400048161";"155696991";"A01";"2";"33";"0";"2";"1";"1";"1";""
"202400048161";"155696996";"B01";"3";"7";"0";"2";"1";"15";"3";""
"202400048162";"155696990";"A01";"3";"7";"0";"2";"0";"17";"1";""
"202400048162";"155696992";"B01";"3";"7";"0";"2";"3";"1";"1";""
"202400048162";"155696997";"C01";"3";"7";"0";"2";"1";"1";"1";""
"202400048163";"155696987";"A01";"3";"7";"13";"0";"9";"1";"1";""
"202400048164";"155696983";"A01";"2";"7";"0";"0";"4";"23";"1";""
"202400048164";"155696986";"B01";"2";"10";"0";"2";"4";"23";"1";""
"202400048164";"155696989";"C01";"2";"7";"0";"2";"3";"2";"3";""
"202400048165";"155696982";"A01";"1";"99";"0";"2";"4";"1";"0";""
"202400048165";"155696985";"B01";"1";"1";"0";"2";"1";"1";"5";""
"202400048166";"155696980";"B01";"2";"7";"0";"2";"3";"1";"1";""
"202400048166";"155696988";"A01";"1";"7";"2";"2";"1";"13";"1";""
"202400048167";"155696979";"B01";"0";"33";"0";"0";"0";"1";"1";""
"202400048168";"155696981";"A01";"3";"7";"0";"2";"3";"15";"1";""
"202400048168";"155696984";"B01";"1";"33";"0";"2";"1";"1";"1";""
"202400048169";"155696978";"A01";"1";"7";"2";"0";"1";"14";"1";""
"202400048170";"155696977";"A01";"3";"33";"0";"1";"1";"1";"1";""
"202400048171";"155696976";"A01";"2";"7";"8";"0";"1";"14";"1";""
"202400048172";"155696974";"A01";"0";"10";"0";"1";"1";"1";"1";""
"202400048173";"155696975";"A01";"2";"33";"2";"0";"0";"26";"0";""
"202400048174";"155696968";"A01";"1";"7";"0";"2";"2";"15";"1";""
"202400048174";"155696972";"B01";"2";"7";"0";"2";"1";"1";"1";""
"202400048175";"155696970";"A01";"1";"7";"0";"2";"2";"1";"1";""
"202400048175";"155696971";"B01";"1";"1";"0";"2";"4";"15";"5";""
"202400048176";"155696967";"A01";"0";"7";"0";"1";"0";"1";"1";""
"202400048177";"155696964";"A01";"2";"1";"0";"2";"8";"19";"5";""
"202400048177";"155696969";"B01";"2";"7";"0";"9";"5";"21";"1";""
"202400048178";"155696962";"A01";"2";"33";"0";"0";"0";"13";"1";""
"202400048179";"155696966";"B01";"2";"7";"0";"2";"3";"1";"1";""
"202400048179";"155696973";"A01";"1";"7";"15";"2";"2";"1";"1";""
"202400048180";"155696963";"A01";"3";"33";"12";"0";"1";"15";"1";""
"202400048181";"155696961";"A01";"2";"33";"0";"2";"2";"17";"1";""
"202400048181";"155696965";"B01";"2";"7";"0";"2";"3";"15";"1";""
"202400048182";"155696960";"A01";"0";"1";"0";"0";"0";"26";"5";""
"202400048183";"155696957";"A01";"2";"10";"0";"0";"7";"14";"1";""
"202400048184";"155696956";"A01";"1";"10";"0";"1";"3";"1";"1";""
"202400048185";"155696955";"B01";"2";"31";"0";"2";"3";"15";"1";""
"202400048185";"155696959";"A01";"1";"7";"0";"2";"1";"1";"1";""
"202400048186";"155696953";"A01";"1";"10";"0";"1";"3";"1";"1";""
"202400048187";"155696954";"A01";"3";"7";"0";"2";"2";"1";"1";""
"202400048187";"155696958";"B01";"3";"7";"0";"2";"5";"1";"1";""
"202400048188";"155696952";"A01";"1";"7";"13";"0";"1";"10";"1";""
"202400048189";"155696947";"B01";"2";"7";"0";"2";"6";"15";"2";""
"202400048189";"155696951";"A01";"2";"33";"0";"2";"1";"1";"1";""
"202400048190";"155696948";"A01";"1";"1";"0";"0";"0";"1";"5";""
"202400048191";"155696945";"A01";"3";"7";"0";"1";"1";"1";"1";""
"202400048192";"155696944";"A01";"1";"7";"0";"2";"3";"13";"1";""
"202400048192";"155696949";"B01";"2";"15";"0";"2";"8";"1";"1";""
"202400048193";"155696946";"A01";"3";"7";"0";"2";"3";"15";"1";""
"202400048193";"155696950";"B01";"3";"32";"0";"2";"1";"1";"1";""
"202400048194";"155696942";"A01";"2";"1";"0";"0";"0";"1";"5";""
"202400048194";"155696943";"B01";"2";"7";"0";"0";"0";"1";"0";""
"202400048195";"155696941";"A01";"1";"7";"0";"1";"1";"1";"2";""
"202400048196";"155696938";"A01";"3";"7";"0";"2";"7";"26";"2";""
"202400048196";"155696940";"B01";"3";"33";"0";"2";"1";"1";"1";""
"202400048197";"155696939";"A01";"2";"7";"6";"0";"1";"1";"1";""
"202400048198";"155696936";"A01";"1";"7";"2";"0";"3";"1";"1";""
"202400048199";"155696935";"A01";"1";"7";"0";"2";"1";"1";"1";""
"202400048199";"155696937";"B01";"2";"7";"0";"2";"1";"13";"1";""
"202400048200";"155696932";"A01";"1";"7";"6";"0";"1";"1";"1";""
"202400048201";"155696931";"B01";"1";"7";"0";"0";"3";"1";"1";""
"202400048201";"155696934";"A01";"1";"7";"4";"2";"9";"17";"1";""
"202400048202";"155696927";"A01";"3";"33";"0";"2";"8";"2";"1";""
"202400048202";"155696930";"B01";"3";"16";"0";"2";"7";"2";"1";""
"202400048203";"155696925";"B01";"1";"7";"0";"2";"2";"1";"2";""
"202400048203";"155696933";"A01";"2";"7";"0";"2";"2";"13";"1";""
"202400048204";"155696926";"A01";"0";"7";"0";"2";"8";"16";"1";""
"202400048204";"155696928";"B01";"3";"1";"0";"2";"8";"1";"5";""
"202400048205";"155696922";"A01";"1";"10";"2";"0";"3";"13";"1";""
"202400048206";"155696921";"A01";"1";"7";"2";"0";"3";"1";"1";""
"202400048207";"155696920";"A01";"0";"7";"0";"2";"1";"13";"1";""
"202400048208";"155696919";"A01";"1";"7";"0";"2";"3";"1";"1";""
"202400048208";"155696923";"B01";"2";"10";"0";"2";"3";"1";"1";""
"202400048209";"155696917";"A01";"2";"7";"6";"0";"1";"0";"1";""
"202400048210";"155696916";"A01";"2";"33";"2";"0";"9";"1";"1";""
"202400048211";"155696914";"A01";"1";"7";"12";"0";"1";"1";"1";""
"202400048211";"155696918";"B01";"2";"13";"0";"0";"8";"1";"1";""
"202400048212";"155696913";"B01";"1";"17";"0";"2";"8";"2";"6";""
"202400048212";"155696915";"A01";"1";"43";"11";"2";"1";"2";"1";""
"202400048213";"155696910";"A01";"2";"33";"13";"0";"9";"21";"1";""
"202400048214";"155696909";"A01";"1";"3";"0";"2";"3";"13";"1";""
"202400048214";"155696912";"B01";"2";"33";"0";"2";"1";"1";"1";""
"202400048215";"155696904";"B01";"1";"7";"0";"2";"6";"18";"1";""
"202400048215";"155696908";"A01";"0";"7";"0";"2";"9";"2";"1";""
"202400048216";"155696905";"B01";"0";"50";"0";"2";"1";"1";"3";""
"202400048216";"155696911";"A01";"0";"7";"0";"2";"7";"1";"1";""
"202400048217";"155696903";"A01";"1";"7";"0";"2";"2";"1";"2";""
"202400048217";"155696906";"B01";"0";"7";"0";"0";"3";"23";"1";""
"202400048218";"155696902";"B01";"0";"7";"0";"2";"1";"1";"1";""
"202400048218";"155696907";"A01";"0";"7";"0";"2";"2";"19";"2";""
"202400048219";"155696896";"B01";"2";"33";"0";"2";"1";"2";"1";""
"202400048219";"155696900";"A01";"2";"7";"0";"2";"3";"10";"1";""
"202400048220";"155696897";"B01";"3";"50";"0";"2";"0";"1";"3";""
"202400048220";"155696899";"A01";"2";"7";"0";"2";"7";"15";"1";""
"202400048221";"155696895";"A01";"2";"7";"0";"2";"1";"1";"2";""
"202400048221";"155696901";"B01";"2";"17";"0";"2";"4";"1";"1";""
"202400048222";"155696889";"A01";"1";"2";"6";"0";"1";"1";"1";""
"202400048223";"155696887";"C01";"1";"7";"0";"2";"7";"1";"1";""
"202400048223";"155696891";"B01";"1";"7";"0";"2";"5";"2";"1";""
"202400048223";"155696894";"A01";"1";"10";"0";"2";"3";"2";"1";""
"202400048224";"155696890";"C01";"3";"7";"0";"2";"1";"23";"1";""
"202400048224";"155696893";"A01";"3";"7";"0";"2";"3";"15";"1";""
"202400048224";"155696898";"B01";"3";"7";"0";"2";"1";"1";"1";""
"202400048225";"155696886";"A01";"1";"7";"0";"2";"7";"17";"1";""
"202400048225";"155696892";"B01";"1";"21";"0";"2";"8";"2";"1";""
"202400048226";"155696885";"A01";"2";"2";"0";"0";"9";"1";"1";""
"202400048227";"155696884";"A01";"1";"7";"0";"2";"8";"9";"1";""
"202400048227";"155696888";"B01";"1";"50";"0";"2";"7";"1";"3";""
"202400048228";"155696879";"A01";"1";"7";"0";"2";"3";"15";"1";""
"202400048228";"155696881";"B01";"1";"2";"13";"2";"2";"17";"1";""
"202400048229";"155696882";"A01";"0";"7";"15";"0";"2";"1";"1";""
"202400048230";"155696878";"A01";"1";"7";"6";"0";"3";"13";"1";""
"202400048231";"155696874";"A01";"1";"7";"0";"2";"3";"1";"1";""
"202400048231";"155696877";"B01";"2";"7";"0";"2";"3";"1";"1";""
"202400048232";"155696870";"A01";"2";"7";"0";"2";"1";"5";"1";""
"202400048232";"155696875";"B01";"1";"7";"0";"2";"1";"1";"1";""
"202400048232";"155696880";"C01";"2";"7";"0";"2";"7";"21";"1";""
"202400048233";"155696872";"A01";"3";"7";"7";"0";"1";"1";"1";""
"202400048234";"155696866";"A01";"2";"1";"6";"0";"0";"14";"5";""
"202400048235";"155696865";"A01";"3";"33";"0";"2";"0";"16";"0";""
"202400048235";"155696869";"B01";"3";"1";"0";"2";"0";"2";"5";""
"202400048235";"155696876";"C01";"3";"7";"0";"2";"3";"0";"0";""
"202400048236";"155696867";"D01";"1";"7";"0";"2";"1";"2";"1";""
"202400048236";"155696871";"A01";"1";"33";"0";"2";"2";"14";"1";""
"202400048236";"155696873";"B01";"1";"7";"0";"2";"8";"1";"1";""
"202400048236";"155696883";"C01";"1";"7";"0";"2";"4";"1";"1";""
"202400048237";"155696864";"A01";"3";"7";"0";"2";"4";"2";"1";""
"202400048237";"155696868";"B01";"3";"33";"0";"2";"1";"2";"1";""
"202400048238";"155696862";"A01";"2";"1";"14";"0";"1";"1";"5";""
"202400048239";"155696861";"B01";"0";"7";"0";"2";"7";"19";"1";""
"202400048239";"155696863";"A01";"3";"3";"0";"2";"8";"1";"1";""
"202400048240";"155696859";"A01";"1";"7";"0";"1";"2";"1";"1";""
"202400048241";"155696858";"B01";"2";"0";"0";"9";"7";"17";"0";""
"202400048241";"155696860";"A01";"2";"1";"0";"2";"8";"2";"5";""
"202400048242";"155696856";"A01";"1";"33";"6";"0";"7";"26";"1";""
"202400048243";"155696854";"A01";"1";"7";"0";"9";"1";"15";"1";""
"202400048243";"155696857";"B01";"2";"50";"0";"2";"1";"1";"3";""
"202400048244";"155696853";"A01";"3";"7";"0";"2";"5";"9";"1";""
"202400048244";"155696855";"B01";"1";"31";"0";"2";"1";"2";"1";""
"202400048245";"155696848";"B01";"1";"7";"0";"2";"1";"15";"1";""
"202400048245";"155696852";"A01";"2";"7";"0";"2";"1";"1";"1";""
"202400048246";"155696847";"A01";"3";"7";"0";"0";"1";"0";"1";""
"202400048246";"155696850";"B01";"3";"2";"0";"2";"1";"1";"1";""
"202400048247";"155696849";"A01";"2";"7";"0";"9";"1";"15";"1";""
"202400048247";"155696851";"B01";"2";"1";"0";"2";"1";"1";"5";""
"202400048248";"155696846";"A01";"2";"3";"1";"0";"2";"2";"1";""
"202400048249";"155696844";"B01";"1";"7";"0";"2";"1";"2";"1";""
"202400048249";"155696845";"A01";"1";"7";"3";"2";"4";"1";"1";""
"202400048250";"155696842";"A01";"1";"50";"0";"1";"1";"1";"3";""
"202400048251";"155696840";"A01";"2";"7";"2";"0";"1";"1";"1";""
"202400048252";"155696839";"B01";"1";"7";"0";"2";"8";"1";"1";""
"202400048252";"155696843";"A01";"2";"43";"0";"2";"1";"13";"1";""
"202400048253";"155696836";"A01";"1";"7";"0";"2";"5";"1";"1";""
"202400048253";"155696838";"B01";"1";"31";"0";"2";"8";"1";"1";""
"202400048254";"155696834";"A01";"2";"7";"2";"0";"3";"1";"1";""
"202400048255";"155696833";"A01";"1";"7";"4";"0";"3";"1";"1";""
"202400048256";"155696832";"B01";"1";"15";"0";"2";"5";"1";"1";""
"202400048256";"155696835";"A01";"1";"7";"0";"2";"2";"9";"1";""
"202400048257";"155696831";"A01";"1";"7";"13";"0";"2";"1";"1";""
"202400048258";"155696829";"A01";"1";"7";"0";"2";"6";"1";"1";""
"202400048258";"155696830";"B01";"1";"33";"0";"2";"7";"3";"1";""
"202400048259";"155696824";"A01";"1";"7";"0";"2";"5";"2";"1";""
"202400048259";"155696827";"B01";"1";"7";"0";"2";"4";"1";"1";""
"202400048259";"155696828";"C01";"1";"7";"0";"0";"0";"0";"1";""
"202400048260";"155696820";"B01";"1";"7";"0";"0";"4";"2";"1";""
"202400048260";"155696826";"A01";"1";"7";"0";"2";"1";"2";"1";""
"202400048261";"155696818";"A01";"1";"10";"0";"2";"3";"10";"1";""
"202400048261";"155696823";"B01";"2";"30";"0";"2";"1";"1";"1";""
"202400048262";"155696817";"B01";"1";"7";"0";"0";"1";"0";"1";""
"202400048262";"155696822";"A01";"2";"7";"0";"2";"1";"0";"1";""
"202400048263";"155696815";"A01";"2";"33";"0";"2";"1";"3";"1";""
"202400048263";"155696819";"C01";"2";"7";"0";"2";"7";"0";"1";""
"202400048263";"155696825";"B01";"2";"10";"0";"0";"4";"1";"1";""
"202400048264";"155696814";"B01";"1";"10";"0";"2";"4";"0";"1";""
"202400048264";"155696816";"C01";"1";"10";"0";"2";"2";"1";"3";""
"202400048264";"155696821";"A01";"1";"10";"0";"2";"4";"1";"1";""
"202400048265";"155696813";"A01";"1";"7";"4";"0";"3";"1";"1";""
"202400048266";"155696810";"A01";"1";"7";"5";"0";"3";"1";"1";""
"202400048267";"155696812";"A01";"2";"7";"3";"2";"1";"14";"1";""
"202400048268";"155696808";"A01";"2";"7";"0";"1";"1";"21";"1";""
"202400048269";"155696807";"A01";"1";"7";"0";"2";"5";"1";"1";""
"202400048269";"155696811";"B01";"1";"32";"0";"2";"1";"1";"1";""
"202400048270";"155696806";"A01";"1";"7";"0";"2";"4";"1";"1";""
"202400048270";"155696809";"B01";"1";"7";"0";"2";"1";"2";"1";""
"202400048271";"155696805";"A01";"1";"10";"2";"0";"1";"1";"1";""
"202400048272";"155696803";"B01";"2";"33";"0";"2";"2";"3";"1";""
"202400048272";"155696804";"A01";"2";"7";"0";"2";"8";"11";"1";""
"202400048273";"155696802";"A01";"2";"10";"4";"0";"3";"1";"1";""
"202400048274";"155696801";"A01";"1";"33";"6";"0";"3";"1";"1";""
"202400048275";"155696797";"A01";"3";"10";"0";"9";"1";"13";"1";""
"202400048275";"155696799";"B01";"3";"1";"0";"2";"1";"1";"5";""
"202400048276";"155696795";"A01";"1";"7";"0";"2";"1";"2";"1";""
"202400048276";"155696798";"C01";"1";"7";"0";"2";"4";"2";"1";""
"202400048276";"155696800";"B01";"1";"7";"0";"2";"4";"2";"1";""
"202400048277";"155696793";"A01";"2";"7";"0";"2";"4";"1";"1";""
"202400048277";"155696796";"B01";"2";"7";"0";"2";"1";"2";"1";""
"202400048278";"155696792";"A01";"1";"33";"0";"0";"8";"1";"1";""
"202400048279";"155696791";"B01";"1";"7";"0";"2";"4";"2";"1";""
"202400048279";"155696794";"A01";"1";"7";"0";"2";"1";"2";"1";""
"202400048280";"155696790";"A01";"1";"2";"0";"0";"2";"15";"1";""
"202400048281";"155696789";"A01";"2";"31";"0";"2";"7";"3";"1";""
"202400048282";"155696786";"A01";"2";"7";"0";"2";"3";"11";"1";""
"202400048282";"155696788";"B01";"2";"7";"0";"2";"5";"1";"1";""
"202400048283";"155696784";"A01";"1";"7";"4";"1";"1";"17";"2";""
"202400048284";"155696785";"A01";"0";"7";"6";"0";"2";"0";"1";""
"202400048285";"155696783";"A01";"1";"7";"0";"0";"2";"1";"1";""
"202400048286";"155696781";"A01";"1";"7";"0";"0";"4";"1";"0";""
"202400048286";"155696787";"B01";"1";"7";"0";"2";"1";"1";"0";""
"202400048287";"155696780";"B01";"2";"7";"0";"2";"4";"2";"1";""
"202400048287";"155696782";"A01";"2";"32";"0";"2";"1";"2";"1";""
"202400048288";"155696776";"B01";"1";"7";"0";"2";"4";"0";"1";""
"202400048288";"155696779";"A01";"1";"7";"0";"2";"1";"2";"1";""
"202400048289";"155696777";"A01";"1";"7";"4";"0";"9";"21";"1";""
"202400048290";"155696773";"B01";"1";"33";"0";"2";"1";"1";"1";""
"202400048290";"155696778";"A01";"1";"7";"0";"2";"2";"19";"2";""
"202400048291";"155696768";"B01";"1";"33";"0";"2";"7";"1";"1";""
"202400048291";"155696772";"A01";"1";"7";"0";"2";"8";"11";"1";""
"202400048292";"155696766";"A01";"2";"33";"6";"2";"8";"17";"1";""
"202400048292";"155696770";"B01";"1";"33";"0";"2";"8";"1";"1";""
"202400048293";"155696765";"A01";"1";"7";"0";"2";"1";"2";"1";""
"202400048293";"155696771";"B01";"1";"7";"0";"2";"4";"2";"1";""
"202400048293";"155696774";"C01";"1";"7";"0";"2";"4";"2";"1";""
"202400048294";"155696764";"B01";"1";"7";"0";"2";"4";"1";"1";""
"202400048294";"155696769";"A01";"1";"7";"0";"2";"1";"2";"1";""
"202400048295";"155696763";"A01";"2";"7";"0";"2";"8";"1";"1";""
"202400048295";"155696767";"B01";"2";"2";"0";"2";"2";"9";"1";""
"202400048296";"155696762";"A01";"2";"7";"5";"0";"1";"1";"1";""
"202400048297";"155696761";"A01";"1";"7";"14";"0";"1";"13";"1";""
"202400048298";"155696760";"A01";"3";"36";"1";"0";"1";"1";"1";""
"202400048299";"155696758";"A01";"1";"32";"0";"2";"1";"2";"1";""
"202400048299";"155696759";"B01";"1";"7";"0";"2";"4";"0";"1";""
"202400048300";"155696756";"A01";"2";"7";"2";"0";"1";"1";"1";""
"202400048301";"155696755";"A01";"2";"33";"14";"0";"7";"1";"1";""
"202400048302";"155696753";"A01";"1";"7";"3";"2";"2";"2";"1";""
"202400048302";"155696757";"B01";"1";"14";"0";"0";"4";"1";"1";""
"202400048303";"155696750";"A01";"2";"33";"0";"0";"1";"21";"1";""
"202400048304";"155696751";"A01";"0";"1";"0";"0";"7";"0";"5";""
"202400048304";"155696754";"B01";"0";"7";"0";"0";"1";"1";"1";""
"202400048305";"155696745";"A01";"1";"7";"0";"2";"1";"2";"1";""
"202400048305";"155696748";"B01";"1";"10";"0";"2";"4";"2";"1";""
"202400048306";"155696746";"C01";"2";"7";"0";"2";"3";"2";"2";""
"202400048306";"155696749";"A01";"2";"7";"0";"2";"2";"2";"1";""
"202400048306";"155696752";"B01";"2";"7";"0";"2";"7";"12";"1";""
"202400048307";"155696744";"A01";"1";"7";"17";"2";"3";"1";"1";""
"202400048307";"155696747";"B01";"2";"14";"0";"2";"8";"1";"1";""
"202400048308";"155696741";"A01";"2";"34";"0";"0";"7";"23";"1";""
"202400048309";"155696736";"D01";"1";"7";"0";"2";"4";"2";"1";""
"202400048309";"155696739";"A01";"1";"7";"0";"2";"1";"2";"1";""
"202400048309";"155696742";"B01";"1";"7";"0";"2";"9";"2";"1";""
"202400048309";"155696743";"C01";"1";"7";"0";"2";"4";"2";"2";""
"202400048310";"155696737";"A01";"1";"10";"0";"2";"4";"2";"1";""
"202400048310";"155696740";"B01";"1";"7";"0";"2";"1";"2";"1";""
"202400048311";"155696735";"A01";"1";"7";"0";"2";"4";"2";"1";""
"202400048311";"155696738";"B01";"1";"7";"0";"2";"1";"0";"1";""
"202400048312";"155696730";"A01";"2";"7";"0";"2";"3";"1";"1";""
"202400048312";"155696733";"B01";"1";"2";"0";"2";"1";"13";"1";""
"202400048313";"155696723";"A01";"1";"10";"0";"2";"1";"1";"1";""
"202400048313";"155696728";"B01";"1";"7";"0";"2";"4";"1";"1";""
"202400048313";"155696732";"C01";"1";"7";"0";"2";"4";"1";"2";""
"202400048314";"155696725";"A01";"1";"7";"0";"2";"2";"12";"1";""
"202400048314";"155696726";"B01";"1";"7";"0";"2";"4";"24";"1";""
"202400048315";"155696722";"A01";"1";"7";"0";"2";"2";"2";"1";""
"202400048315";"155696729";"B01";"1";"7";"0";"0";"4";"2";"1";""
"202400048315";"155696734";"C01";"1";"7";"0";"0";"4";"13";"1";""
"202400048316";"155696721";"D01";"1";"7";"0";"2";"4";"1";"1";""
"202400048316";"155696724";"A01";"1";"7";"0";"2";"1";"1";"1";""
"202400048316";"155696727";"B01";"1";"7";"0";"2";"4";"1";"1";""
"202400048316";"155696731";"C01";"1";"7";"0";"2";"4";"1";"1";""
"202400048317";"155696718";"A01";"1";"7";"4";"0";"1";"1";"1";""
"202400048318";"155696717";"B01";"1";"1";"0";"2";"4";"1";"5";""
"202400048318";"155696720";"A01";"1";"10";"0";"2";"7";"17";"1";""
"202400048319";"155696716";"A01";"1";"7";"3";"0";"2";"1";"1";""
"202400048320";"155696713";"B01";"1";"7";"0";"2";"1";"1";"1";""
"202400048320";"155696719";"A01";"2";"1";"0";"2";"1";"5";"5";""
"202400048321";"155696712";"A01";"3";"7";"0";"2";"1";"1";"1";""
"202400048321";"155696715";"B01";"3";"17";"0";"2";"4";"2";"1";""
"202400048322";"155696708";"A01";"2";"7";"0";"2";"1";"2";"1";""
"202400048322";"155696710";"B01";"2";"7";"0";"2";"4";"2";"1";""
"202400048322";"155696714";"C01";"2";"7";"0";"2";"4";"2";"1";""
"202400048323";"155696707";"A01";"2";"10";"0";"2";"4";"12";"1";""
"202400048323";"155696711";"B01";"2";"43";"0";"2";"1";"0";"1";""
"202400048324";"155696704";"A01";"3";"37";"1";"0";"1";"20";"1";"1"
"202400048325";"155696703";"A01";"1";"7";"0";"2";"1";"1";"1";""
"202400048325";"155696706";"B01";"2";"34";"0";"2";"7";"13";"1";""
"202400048326";"155696705";"A01";"2";"7";"0";"2";"2";"0";"0";""
"202400048326";"155696709";"B01";"1";"7";"0";"2";"2";"15";"1";""
"202400048327";"155696700";"B01";"2";"7";"0";"2";"5";"1";"1";""
"202400048327";"155696702";"A01";"2";"32";"0";"2";"1";"3";"1";""
"202400048328";"155696699";"A01";"3";"7";"0";"2";"2";"15";"1";""
"202400048328";"155696701";"B01";"3";"33";"0";"2";"1";"1";"1";""
"202400048329";"155696694";"A01";"3";"7";"0";"2";"1";"0";"1";""
"202400048329";"155696697";"B01";"1";"33";"0";"2";"1";"1";"1";""
"202400048330";"155696693";"A01";"2";"7";"4";"0";"9";"1";"1";""
"202400048331";"155696691";"A01";"2";"2";"0";"2";"7";"1";"1";""
"202400048331";"155696696";"B01";"3";"7";"0";"2";"1";"19";"2";""
"202400048332";"155696690";"A01";"2";"7";"0";"2";"0";"0";"1";""
"202400048332";"155696692";"B01";"2";"60";"0";"2";"0";"0";"5";""
"202400048333";"155696685";"A01";"1";"7";"0";"2";"3";"15";"1";""
"202400048333";"155696689";"B01";"1";"32";"0";"2";"1";"1";"1";""
"202400048334";"155696683";"A01";"1";"17";"0";"2";"8";"2";"1";""
"202400048334";"155696688";"B01";"1";"31";"0";"2";"7";"0";"1";""
"202400048335";"155696682";"A01";"2";"7";"0";"2";"1";"1";"1";""
"202400048335";"155696687";"B01";"2";"50";"0";"2";"4";"15";"3";""
"202400048336";"155696680";"C01";"2";"7";"0";"2";"6";"1";"1";""
"202400048336";"155696681";"B01";"2";"7";"0";"2";"1";"17";"1";""
"202400048336";"155696686";"A01";"1";"33";"0";"2";"1";"1";"1";""
"202400048337";"155696679";"B01";"1";"7";"0";"2";"0";"1";"3";""
"202400048337";"155696684";"A01";"1";"7";"0";"2";"0";"0";"1";""
"202400048338";"155696676";"A01";"1";"7";"0";"2";"3";"13";"2";""
"202400048338";"155696678";"B01";"2";"7";"0";"2";"3";"1";"1";""