"Num_Acc";"id_vehicule";"num_veh";"senc";"catv";"obs";"obsm";"choc";"manv";"motor";"occutc"
"202400048339";"155696673";"A01";"2";"7";"2";"0";"1";"1";"1";""
"202400048340";"155696675";"B01";"2";"33";"0";"2";"7";"3";"1";""
"202400048340";"155696677";"A01";"2";"7";"0";"2";"3";"11";"1";""
"202400048341";"155696672";"B01";"2";"7";"13";"2";"7";"1";"1";""
"202400048341";"155696674";"A01";"1";"7";"0";"2";"1";"1";"1";""
"202400048342";"155696668";"A01";"1";"7";"0";"2";"3";"13";"1";""
"202400048342";"155696670";"B01";"2";"15";"0";"2";"3";"1";"1";""
"202400048343";"155696667";"A01";"2";"7";"0";"0";"4";"0";"1";""
"202400048343";"155696669";"B01";"2";"33";"0";"2";"1";"0";"1";""
"202400048344";"155696665";"B01";"3";"50";"0";"2";"0";"0";"3";""
"202400048344";"155696671";"A01";"3";"7";"0";"2";"8";"1";"1";""
"202400048345";"155696661";"A01";"3";"7";"0";"1";"1";"16";"1";""
"202400048346";"155696660";"A01";"2";"7";"0";"1";"1";"1";"1";""
"202400048347";"155696659";"A01";"3";"7";"0";"2";"1";"0";"1";""
"202400048347";"155696663";"B01";"3";"7";"0";"2";"4";"0";"1";""
"202400048348";"155696658";"A01";"2";"7";"0";"2";"3";"1";"1";""
"202400048348";"155696664";"B01";"1";"50";"0";"2";"7";"19";"3";""
"202400048349";"155696657";"B01";"1";"7";"0";"2";"3";"1";"1";""
"202400048349";"155696662";"A01";"2";"7";"0";"2";"2";"13";"1";""
"202400048350";"155696653";"A01";"1";"7";"0";"1";"0";"0";"1";""
"202400048351";"155696652";"A01";"1";"2";"0";"2";"0";"7";"1";""
"202400048351";"155696656";"B01";"1";"7";"0";"2";"0";"1";"1";""
"202400048352";"155696651";"A01";"1";"50";"0";"2";"7";"12";"3";""
"202400048352";"155696655";"B01";"2";"10";"0";"2";"1";"1";"1";""
"202400048353";"155696648";"C01";"1";"15";"0";"2";"6";"24";"1";""
"202400048353";"155696650";"A01";"1";"7";"1";"2";"2";"14";"1";""
"202400048353";"155696654";"B01";"1";"7";"0";"0";"1";"1";"1";""
"202400048354";"155696647";"A01";"2";"7";"0";"2";"7";"16";"1";""
"202400048354";"155696649";"B01";"2";"1";"0";"2";"8";"1";"5";""
"202400048355";"155696643";"A01";"1";"33";"0";"2";"1";"1";"1";""
"202400048355";"155696646";"B01";"1";"7";"0";"2";"7";"1";"1";""
"202400048356";"155696641";"A01";"1";"7";"0";"2";"8";"10";"1";""
"202400048356";"155696645";"B01";"1";"33";"0";"2";"1";"1";"1";""
"202400048357";"155696640";"A01";"3";"7";"6";"2";"7";"15";"1";""
"202400048357";"155696644";"B01";"3";"1";"0";"2";"1";"1";"5";""
"202400048358";"155696639";"A01";"0";"2";"12";"0";"1";"26";"1";""
"202400048359";"155696635";"B01";"1";"1";"0";"2";"0";"0";"5";""
"202400048359";"155696637";"A01";"1";"7";"0";"2";"0";"0";"1";""
"202400048360";"155696634";"A01";"1";"7";"0";"9";"3";"13";"1";""
"202400048360";"155696636";"B01";"1";"31";"0";"2";"7";"1";"0";""
"202400048361";"155696633";"C01";"1";"10";"0";"2";"2";"21";"1";""
"202400048361";"155696638";"A01";"2";"7";"0";"2";"3";"13";"1";""
"202400048361";"155696642";"B01";"1";"10";"0";"2";"8";"21";"1";""
"202400048362";"155696631";"A01";"2";"33";"0";"2";"1";"1";"1";""
"202400048362";"155696632";"B01";"2";"2";"0";"2";"1";"19";"1";""
"202400048363";"155696627";"A01";"2";"7";"9";"2";"1";"1";"1";""
"202400048363";"155696630";"B01";"1";"7";"0";"2";"2";"0";"2";""
"202400048364";"155696628";"A01";"1";"7";"0";"1";"3";"15";"1";""
"202400048365";"155696626";"A01";"1";"7";"0";"2";"3";"1";"1";""
"202400048365";"155696629";"B01";"1";"43";"0";"2";"7";"3";"1";""
"202400048366";"155696625";"A01";"2";"7";"2";"0";"1";"21";"1";""
"202400048367";"155696622";"B01";"1";"7";"0";"2";"2";"1";"1";""
"202400048367";"155696624";"A01";"1";"34";"0";"2";"1";"17";"1";""
"202400048368";"155696618";"A01";"3";"7";"0";"2";"3";"1";"1";""
"202400048368";"155696621";"B01";"3";"7";"0";"2";"2";"9";"1";""
"202400048369";"155696614";"B01";"1";"13";"0";"2";"2";"2";"1";""
"202400048369";"155696616";"A01";"1";"7";"0";"2";"3";"13";"1";""
"202400048370";"155696613";"A01";"1";"80";"0";"2";"1";"1";"5";""
"202400048370";"155696617";"B01";"1";"10";"0";"9";"1";"1";"1";""
"202400048371";"155696609";"A01";"2";"7";"0";"2";"2";"1";"1";""
"202400048371";"155696611";"B01";"2";"7";"0";"2";"5";"1";"1";""
"202400048372";"155696610";"A01";"1";"7";"0";"2";"3";"14";"1";""
"202400048372";"155696612";"B01";"1";"7";"0";"2";"5";"1";"1";""
"202400048372";"155696615";"C01";"1";"7";"0";"2";"1";"1";"3";""
"202400048373";"155696608";"A01";"2";"7";"3";"0";"9";"0";"1";""
"202400048374";"155696606";"B01";"2";"7";"0";"2";"3";"1";"1";""
"202400048374";"155696607";"A01";"1";"7";"0";"2";"3";"13";"1";""
"202400048375";"155696604";"A01";"1";"33";"4";"0";"0";"1";"1";""
"202400048376";"155696601";"A01";"1";"7";"0";"1";"1";"1";"1";""
"202400048376";"155696602";"Z01";"1";"10";"0";"1";"1";"1";"0";""
"202400048377";"155696600";"B01";"1";"7";"0";"2";"4";"26";"1";""
"202400048377";"155696603";"A01";"1";"7";"0";"2";"1";"2";"1";""
"202400048378";"155696595";"A01";"2";"7";"8";"0";"2";"14";"1";""
"202400048379";"155696596";"B01";"2";"33";"0";"2";"3";"1";"1";""
"202400048379";"155696598";"A01";"2";"7";"0";"2";"7";"12";"1";""
"202400048380";"155696594";"A01";"3";"10";"0";"2";"1";"26";"1";""
"202400048380";"155696599";"B01";"1";"0";"0";"2";"7";"0";"0";""
"202400048381";"155696593";"B01";"1";"7";"0";"0";"0";"1";"1";""
"202400048381";"155696597";"A01";"1";"33";"3";"0";"1";"21";"1";""
"202400048382";"155696591";"A01";"2";"10";"0";"1";"2";"1";"0";""
"202400048383";"155696585";"A01";"1";"7";"0";"2";"7";"16";"1";""
"202400048383";"155696589";"B01";"1";"1";"0";"2";"8";"1";"5";""
"202400048384";"155696583";"B01";"2";"7";"0";"2";"4";"2";"1";""
"202400048384";"155696587";"A01";"2";"7";"0";"2";"1";"2";"1";""
"202400048384";"155696590";"C01";"2";"7";"0";"2";"4";"2";"1";""
"202400048384";"155696592";"D01";"2";"10";"0";"2";"4";"2";"1";""
"202400048385";"155696582";"B01";"2";"7";"4";"2";"4";"2";"1";""
"202400048385";"155696584";"D01";"2";"7";"4";"2";"4";"2";"1";""
"202400048385";"155696586";"A01";"2";"7";"4";"2";"1";"2";"1";""
"202400048385";"155696588";"C01";"2";"7";"4";"2";"8";"2";"1";""
"202400048386";"155696581";"A01";"2";"7";"0";"1";"1";"2";"2";""
"202400048387";"155696577";"B01";"3";"7";"0";"2";"4";"2";"1";""
"202400048387";"155696580";"A01";"3";"7";"0";"2";"1";"2";"1";""
"202400048388";"155696576";"A01";"2";"10";"4";"2";"3";"13";"1";""
"202400048388";"155696579";"B01";"2";"32";"4";"2";"7";"14";"1";""
"202400048389";"155696575";"A01";"1";"7";"0";"2";"2";"1";"1";""
"202400048389";"155696578";"B01";"2";"7";"0";"2";"3";"1";"1";""
"202400048390";"155696573";"A01";"2";"7";"0";"2";"2";"1";"0";""
"202400048390";"155696574";"B01";"3";"50";"0";"2";"8";"19";"3";""
"202400048391";"155696570";"B01";"2";"7";"0";"2";"5";"12";"2";""
"202400048391";"155696571";"A01";"2";"31";"0";"2";"1";"3";"1";""
"202400048392";"155696569";"B01";"1";"7";"0";"2";"0";"0";"1";""
"202400048392";"155696572";"A01";"2";"50";"0";"2";"1";"1";"3";""
"202400048393";"155696565";"A01";"3";"7";"0";"2";"2";"16";"1";""
"202400048393";"155696568";"B01";"3";"1";"0";"2";"7";"9";"5";""
"202400048394";"155696564";"A01";"2";"32";"0";"2";"1";"0";"1";""
"202400048394";"155696567";"B01";"2";"7";"0";"2";"3";"0";"1";""
"202400048395";"155696563";"A01";"2";"7";"0";"2";"1";"1";"1";""
"202400048395";"155696566";"B01";"2";"7";"0";"2";"4";"1";"1";""
"202400048396";"155696562";"A01";"3";"7";"0";"1";"1";"1";"1";""
"202400048397";"155696560";"A01";"1";"33";"3";"2";"1";"3";"1";""
"202400048397";"155696561";"B01";"1";"15";"0";"2";"6";"1";"1";""
"202400048398";"155696559";"A01";"0";"7";"0";"1";"1";"1";"1";""
"202400048399";"155696558";"A01";"1";"7";"4";"0";"2";"14";"1";""
"202400048400";"155696554";"B01";"2";"7";"0";"2";"5";"2";"2";""
"202400048400";"155696555";"C01";"2";"7";"0";"2";"4";"2";"1";""
"202400048400";"155696557";"A01";"2";"7";"0";"2";"1";"2";"1";""
"202400048401";"155696553";"A01";"0";"7";"0";"1";"1";"0";"1";""
"202400048402";"155696551";"B01";"2";"7";"0";"2";"1";"1";"1";""
"202400048402";"155696552";"C01";"1";"7";"0";"2";"8";"1";"1";""
"202400048402";"155696556";"A01";"1";"7";"0";"2";"6";"16";"2";""
"202400048403";"155696548";"B01";"3";"33";"0";"2";"1";"0";"1";""
"202400048403";"155696550";"A01";"3";"43";"0";"0";"1";"1";"1";""
"202400048404";"155696546";"B01";"2";"2";"0";"2";"3";"1";"1";""
"202400048404";"155696549";"A01";"1";"7";"0";"2";"3";"15";"1";""
"202400048405";"155696545";"Z01";"2";"7";"0";"2";"0";"0";"0";""
"202400048405";"155696547";"A01";"1";"34";"0";"2";"0";"0";"1";""
"202400048406";"155696540";"A01";"1";"3";"0";"2";"3";"1";"1";""
"202400048406";"155696544";"B01";"2";"7";"0";"0";"3";"1";"1";""
"202400048407";"155696539";"B01";"2";"1";"0";"2";"8";"1";"5";""
"202400048407";"155696541";"A01";"2";"37";"0";"2";"2";"1";"1";"1"
"202400048408";"155696538";"A01";"1";"33";"0";"0";"8";"1";"1";""
"202400048409";"155696534";"A01";"1";"33";"0";"2";"1";"0";"1";""
"202400048409";"155696536";"B01";"1";"7";"0";"2";"7";"15";"1";""
"202400048410";"155696531";"B01";"2";"7";"0";"2";"1";"1";"1";""
"202400048410";"155696535";"A01";"1";"7";"0";"2";"7";"15";"1";""
"202400048411";"155696530";"A01";"2";"33";"0";"2";"1";"1";"0";""
"202400048411";"155696532";"B01";"1";"7";"0";"2";"1";"13";"1";""
"202400048412";"155696527";"A01";"2";"7";"0";"2";"2";"17";"1";""
"202400048412";"155696528";"B01";"2";"50";"0";"2";"3";"1";"3";""
"202400048413";"155696526";"A01";"1";"7";"12";"0";"2";"3";"1";""
"202400048414";"155696522";"B01";"3";"7";"0";"2";"4";"2";"1";""
"202400048414";"155696524";"A01";"3";"7";"0";"2";"1";"2";"2";""
"202400048415";"155696521";"B01";"2";"33";"0";"2";"1";"1";"1";""
"202400048415";"155696523";"A01";"1";"7";"0";"2";"1";"15";"2";""
"202400048416";"155696520";"A01";"2";"7";"0";"9";"2";"9";"1";""
"202400048416";"155696525";"B01";"1";"1";"0";"2";"0";"0";"5";""
"202400048417";"155696519";"A01";"3";"50";"0";"1";"0";"16";"3";""
"202400048418";"155696514";"A01";"2";"7";"0";"2";"1";"15";"1";""
"202400048418";"155696515";"B01";"2";"7";"0";"2";"8";"1";"0";""
"202400048419";"155696511";"A01";"3";"7";"0";"2";"1";"15";"1";""
"202400048419";"155696516";"B01";"3";"50";"0";"2";"1";"1";"3";""
"202400048420";"155696509";"A01";"3";"7";"0";"2";"8";"16";"1";""
"202400048420";"155696512";"B01";"3";"2";"0";"2";"2";"1";"1";""
"202400048421";"155696508";"A01";"1";"10";"13";"0";"1";"1";"1";""
"202400048422";"155696506";"A01";"3";"50";"0";"2";"1";"19";"3";""
"202400048422";"155696507";"B01";"0";"7";"0";"2";"6";"2";"1";""
"202400048423";"155696505";"A01";"2";"7";"8";"0";"1";"13";"1";""
"202400048424";"155696504";"A01";"3";"7";"0";"0";"1";"2";"1";""
"202400048425";"155696503";"A01";"1";"10";"2";"0";"3";"1";"1";""
"202400048426";"155696500";"A01";"1";"7";"0";"1";"1";"13";"1";""
"202400048427";"155696499";"B01";"1";"2";"0";"2";"6";"16";"1";""
"202400048427";"155696502";"Z01";"1";"7";"0";"2";"1";"1";"2";""
"202400048428";"155696498";"A01";"1";"7";"0";"2";"3";"15";"1";""
"202400048428";"155696501";"B01";"1";"2";"0";"2";"7";"17";"1";""
"202400048429";"155696497";"A01";"2";"10";"3";"0";"2";"26";"1";""
"202400048430";"155696496";"A01";"2";"7";"0";"1";"1";"1";"1";""
"202400048431";"155696493";"B01";"2";"33";"0";"2";"1";"1";"1";""
"202400048431";"155696495";"A01";"1";"7";"0";"2";"8";"19";"1";""
"202400048432";"155696492";"A01";"2";"7";"1";"0";"6";"24";"1";""
"202400048432";"155696494";"B01";"0";"1";"0";"0";"0";"0";"5";""
"202400048433";"155696490";"B01";"3";"7";"0";"2";"1";"1";"1";""
"202400048433";"155696491";"A01";"3";"7";"0";"2";"8";"19";"2";""
"202400048434";"155696488";"A01";"2";"30";"0";"2";"1";"2";"1";""
"202400048434";"155696489";"B01";"2";"7";"0";"2";"4";"2";"1";""
"202400048435";"155696484";"B01";"2";"7";"0";"2";"4";"2";"1";""
"202400048435";"155696486";"A01";"2";"7";"0";"2";"1";"2";"1";""
"202400048436";"155696483";"A01";"1";"7";"0";"1";"1";"26";"1";""
"202400048437";"155696482";"A01";"1";"3";"0";"2";"1";"2";"3";""
"202400048437";"155696485";"B01";"1";"7";"0";"2";"4";"23";"1";""
"202400048437";"155696487";"C01";"1";"7";"0";"2";"4";"23";"1";""
"202400048438";"155696480";"A01";"2";"7";"0";"2";"3";"15";"1";""
"202400048438";"155696481";"B01";"1";"32";"0";"2";"3";"1";"1";""
"202400048439";"155696477";"B01";"1";"10";"0";"2";"1";"26";"1";""
"202400048439";"155696479";"A01";"1";"50";"0";"2";"1";"26";"3";""
"202400048440";"155696476";"A01";"3";"7";"0";"2";"1";"5";"1";""
"202400048440";"155696478";"B01";"2";"7";"0";"2";"1";"1";"1";""
"202400048441";"155696473";"A01";"2";"7";"0";"2";"1";"0";"1";""
"202400048441";"155696475";"B01";"1";"7";"0";"2";"1";"0";"1";""
"202400048442";"155696472";"B01";"1";"1";"0";"2";"0";"0";"5";""
"202400048442";"155696474";"A01";"1";"10";"0";"2";"0";"0";"1";""
"202400048443";"155696470";"Z01";"1";"7";"0";"2";"7";"15";"0";""
"202400048443";"155696471";"B01";"2";"32";"0";"2";"1";"9";"1";""
"202400048444";"155696468";"A01";"1";"7";"0";"1";"1";"15";"1";""
"202400048445";"155696467";"A01";"1";"50";"0";"2";"7";"2";"3";""
"202400048445";"155696469";"Z01";"1";"0";"0";"2";"5";"16";"6";""
"202400048446";"155696465";"A01";"1";"7";"0";"1";"2";"14";"1";""
"202400048447";"155696464";"A01";"3";"7";"0";"2";"3";"9";"1";""
"202400048447";"155696466";"B01";"3";"50";"0";"2";"1";"1";"3";""
"202400048448";"155696460";"B01";"1";"7";"0";"2";"1";"1";"1";""
"202400048448";"155696463";"A01";"2";"7";"0";"2";"3";"1";"1";""
"202400048449";"155696459";"A01";"2";"10";"0";"2";"2";"2";"1";""
"202400048449";"155696462";"B01";"2";"50";"0";"2";"4";"2";"3";""
"202400048450";"155696458";"A01";"1";"7";"0";"0";"6";"15";"1";""
"202400048450";"155696461";"B01";"1";"33";"0";"2";"1";"17";"1";""
"202400048451";"155696453";"B01";"3";"7";"0";"2";"3";"16";"1";""
"202400048451";"155696457";"A01";"1";"10";"0";"2";"2";"1";"1";""
"202400048452";"155696452";"B01";"2";"7";"0";"2";"1";"1";"2";""
"202400048452";"155696455";"A01";"3";"50";"0";"2";"7";"26";"3";""
"202400048453";"155696451";"B01";"2";"7";"0";"2";"8";"1";"1";""
"202400048453";"155696454";"A01";"2";"7";"0";"2";"1";"9";"1";""
"202400048453";"155696456";"C01";"1";"7";"0";"2";"2";"23";"1";""
"202400048454";"155696448";"A01";"3";"7";"0";"1";"1";"1";"1";""
"202400048455";"155696446";"A01";"2";"7";"0";"1";"1";"9";"1";""
"202400048456";"155696445";"B01";"1";"7";"0";"2";"4";"23";"1";""
"202400048456";"155696447";"D01";"1";"10";"0";"2";"1";"2";"1";""
"202400048456";"155696449";"C01";"1";"7";"0";"2";"4";"23";"1";""
"202400048456";"155696450";"A01";"1";"7";"0";"2";"4";"23";"1";""
"202400048457";"155696442";"B01";"3";"2";"8";"2";"1";"1";"1";""
"202400048457";"155696444";"A01";"3";"7";"0";"2";"3";"15";"1";""
"202400048458";"155696441";"B01";"1";"33";"0";"2";"1";"1";"1";""
"202400048458";"155696443";"A01";"2";"7";"2";"0";"6";"15";"1";""
"202400048459";"155696440";"A01";"3";"7";"0";"1";"1";"15";"1";""
"202400048460";"155696439";"A01";"1";"7";"4";"0";"1";"1";"1";""
"202400048461";"155696437";"A01";"2";"3";"0";"1";"1";"1";"1";""
"202400048462";"155696436";"A01";"1";"7";"3";"0";"1";"1";"1";""
"202400048463";"155696435";"B01";"3";"50";"0";"2";"8";"1";"3";""
"202400048463";"155696438";"A01";"3";"7";"0";"2";"2";"1";"1";""
"202400048464";"155696434";"A01";"1";"33";"13";"0";"1";"1";"1";""
"202400048465";"155696429";"A01";"2";"7";"0";"2";"7";"15";"1";""
"202400048465";"155696431";"B01";"1";"33";"0";"2";"1";"1";"1";""
"202400048466";"155696430";"A01";"3";"33";"0";"2";"1";"3";"1";""
"202400048466";"155696433";"B01";"3";"38";"0";"2";"3";"15";"1";"1"
"202400048467";"155696428";"A01";"2";"7";"0";"2";"7";"1";"1";""
"202400048467";"155696432";"B01";"1";"7";"0";"2";"3";"1";"1";""
"202400048468";"155696424";"A01";"3";"7";"0";"2";"1";"1";"2";""
"202400048468";"155696425";"B01";"3";"7";"0";"2";"4";"1";"1";""
"202400048468";"155696427";"C01";"3";"7";"0";"2";"4";"1";"1";""
"202400048469";"155696422";"A01";"3";"7";"0";"9";"3";"9";"1";""
"202400048469";"155696426";"B01";"3";"50";"0";"2";"2";"1";"3";""
"202400048470";"155696421";"B01";"1";"7";"0";"2";"6";"1";"1";""
"202400048470";"155696423";"A01";"1";"7";"0";"2";"6";"13";"3";""
"202400048471";"155696420";"A01";"2";"7";"6";"0";"1";"13";"1";""
"202400048472";"155696418";"A01";"2";"7";"0";"1";"2";"16";"3";""
"202400048473";"155696417";"B01";"3";"33";"0";"0";"3";"21";"1";""
"202400048473";"155696419";"A01";"2";"7";"0";"0";"0";"9";"1";""
"202400048474";"155696415";"A01";"1";"50";"0";"2";"3";"1";"3";""
"202400048474";"155696416";"B01";"1";"7";"0";"2";"1";"1";"1";""
"202400048475";"155696414";"A01";"1";"13";"2";"0";"1";"16";"1";""
"202400048476";"155696413";"A01";"3";"7";"0";"1";"3";"1";"1";""
"202400048477";"155696410";"A01";"3";"7";"0";"2";"3";"13";"1";""
"202400048477";"155696412";"B01";"3";"7";"0";"2";"3";"1";"1";""
"202400048478";"155696408";"B01";"2";"7";"0";"2";"5";"18";"1";""
"202400048478";"155696411";"A01";"2";"33";"0";"2";"1";"1";"1";""
"202400048479";"155696407";"A01";"1";"7";"0";"9";"3";"1";"1";""
"202400048479";"155696409";"B01";"1";"1";"0";"2";"3";"19";"5";""
"202400048480";"155696404";"B01";"2";"7";"0";"2";"4";"2";"1";""
"202400048480";"155696406";"A01";"2";"7";"0";"2";"2";"26";"1";""
"202400048481";"155696402";"A01";"3";"7";"2";"0";"1";"19";"1";""
"202400048482";"155696403";"B01";"2";"10";"0";"2";"8";"16";"1";""
"202400048482";"155696405";"A01";"1";"7";"0";"2";"1";"1";"1";""
"202400048483";"155696397";"C01";"2";"7";"0";"2";"6";"1";"1";""
"202400048483";"155696400";"A01";"2";"31";"0";"2";"0";"1";"1";""
"202400048483";"155696401";"B01";"1";"14";"0";"2";"1";"1";"1";""
"202400048484";"155696395";"A01";"3";"7";"0";"2";"1";"9";"1";""
"202400048484";"155696398";"B01";"2";"33";"0";"2";"7";"1";"1";""
"202400048485";"155696393";"A01";"1";"31";"0";"2";"3";"18";"1";""
"202400048485";"155696394";"B01";"1";"10";"0";"2";"2";"16";"1";""
"202400048486";"155696391";"A01";"2";"7";"0";"2";"1";"17";"1";""
"202400048486";"155696392";"B01";"1";"1";"0";"2";"1";"1";"5";""
"202400048487";"155696390";"A01";"3";"7";"0";"1";"2";"16";"1";""
"202400048488";"155696388";"B01";"2";"7";"0";"2";"4";"2";" -1";""
"202400048488";"155696389";"A01";"1";"7";"0";"2";"1";"2";" -1";""
"202400048489";"155696387";"A01";"1";"7";"0";"0";"1";"14";"1";""
"202400048490";"155696385";"A01";"1";"80";"0";"2";"1";"17";"3";""
"202400048490";"155696386";"B01";"1";"7";"0";"2";"8";"15";"2";""
"202400048491";"155696384";"A01";"1";"7";"0";"1";"1";"16";"1";""
"202400048492";"155696382";"A01";"1";"7";"1";"1";"3";"13";"1";""
"202400048493";"155696381";"A01";"1";"7";"3";"0";"1";"12";"1";""
"202400048493";"155696383";"B01";"1";"2";"0";"2";"1";"1";"3";""
"202400048494";"155696377";"A01";"3";"7";"0";"2";"1";"1";"1";""
"202400048494";"155696379";"B01";"3";"7";"0";"0";"0";"0";"1";""
"202400048495";"155696373";"B01";"2";"7";"0";"2";"3";"2";"1";""
"202400048495";"155696374";"A01";"2";"32";"0";"2";"2";"17";"1";""
"202400048496";"155696372";"A01";"3";"7";"0";"2";"1";"1";"1";""
"202400048496";"155696375";"B01";"2";"7";"0";"2";"3";"1";"1";""
"202400048497";"155696369";"B01";"3";"33";"0";"2";"1";"1";"0";""
"202400048497";"155696371";"A01";"3";"7";"0";"2";"1";"0";"1";""
"202400048498";"155696368";"A01";"1";"7";"0";"2";"1";"1";"1";""
"202400048498";"155696370";"B01";"2";"1";"0";"2";"8";"19";"5";""
"202400048499";"155696366";"A01";"2";"7";"0";"1";"1";"1";"1";""
"202400048500";"155696365";"B01";"2";"30";"0";"2";"1";"1";"1";""
"202400048500";"155696367";"A01";"1";"7";"0";"2";"3";"15";"1";""
"202400048501";"155696363";"A01";"2";"31";"0";"1";"1";"1";"3";""
"202400048502";"155696362";"A01";"3";"7";"1";"0";"1";"9";"1";""
"202400048502";"155696364";"B01";"3";"7";"0";"0";"4";"23";"1";""
"202400048503";"155696361";"A01";"2";"2";"0";"1";"3";"1";"1";""
"202400048504";"155696360";"A01";"0";"7";"9";"0";"1";"15";"1";""
"202400048505";"155696358";"B01";"2";"1";"0";"2";"4";"15";"5";""
"202400048505";"155696359";"A01";"2";"10";"0";"2";"3";"15";"3";""
"202400048506";"155696357";"A01";"2";"7";"0";"1";"7";"1";"1";""
"202400048507";"155696353";"A01";"2";"7";"0";"2";"1";"17";"1";""
"202400048507";"155696355";"B01";"1";"10";"0";"2";"8";"1";"1";""
"202400048508";"155696352";"B01";"2";"7";"0";"2";"4";"2";"2";""
"202400048508";"155696354";"A01";"2";"7";"0";"2";"4";"2";"1";""
"202400048508";"155696356";"Z01";"2";"7";"0";"2";"1";"2";"0";""
"202400048509";"155696350";"A01";"3";"7";"0";"2";"1";"2";"3";""
"202400048509";"155696351";"B01";"3";"7";"0";"2";"4";"2";"1";""
"202400048510";"155696349";"A01";"1";"30";"9";"0";"1";"14";"3";""
"202400048511";"155696347";"A01";"3";"30";"0";"0";"0";"10";"3";""
"202400048512";"155696346";"A01";"2";"7";"0";"2";"3";"9";"1";""
"202400048512";"155696348";"B01";"1";"1";"0";"2";"5";"19";"5";""
"202400048513";"155696343";"B01";"2";"1";"0";"2";"4";"1";"5";""
"202400048513";"155696345";"A01";"2";"7";"0";"2";"1";"9";"1";""
"202400048514";"155696342";"A01";"1";"7";"0";"2";"1";"1";"1";""
"202400048514";"155696344";"B01";"2";"7";"0";"2";"4";"2";"1";""
"202400048515";"155696339";"B01";"2";"7";"0";"2";"2";"15";"2";""
"202400048515";"155696341";"A01";"1";"30";"0";"2";"1";"26";"1";""
"202400048516";"155696338";"A01";"1";"7";"0";"2";"7";"14";"1";""
"202400048516";"155696340";"B01";"1";"80";"0";"2";"8";"1";"3";""
"202400048517";"155696337";"A01";"3";"7";"8";"0";"1";"14";"1";""
"202400048518";"155696336";"A01";"1";"80";"14";"0";"1";"1";"3";""
"202400048519";"155696334";"A01";"2";"1";"0";"2";"1";"0";"5";""
"202400048519";"155696335";"B01";"2";"7";"0";"2";"8";"0";"1";""
"202400048520";"155696332";"A01";"2";"80";"0";"2";"2";"15";"3";""
"202400048520";"155696333";"B01";"1";"80";"0";"2";"2";"1";"3";""
"202400048521";"155696329";"A01";"1";"33";"0";"0";"1";"1";"1";""
"202400048522";"155696330";"B01";"0";"50";"0";"2";"0";"0";"3";""
"202400048522";"155696331";"A01";"0";"7";"0";"2";"1";"16";"1";""
"202400048523";"155696327";"A01";"1";"50";"0";"1";"1";"1";"3";""
"202400048524";"155696326";"A01";"3";"7";"0";"1";"1";"1";"1";""
"202400048525";"155696324";"B01";"0";"7";"0";"2";"8";"19";"1";""
"202400048525";"155696325";"A01";"3";"7";"0";"2";"1";"26";"2";""
"202400048526";"155696320";"A01";"1";"7";"0";"2";"1";"1";"1";""
"202400048526";"155696321";"B01";"1";"7";"0";"2";"1";"1";"1";""
"202400048526";"155696323";"C01";"1";"10";"0";"2";"4";"1";"1";""
"202400048527";"155696319";"B01";"1";"7";"0";"2";"7";"17";"1";""
"202400048527";"155696322";"A01";"1";"10";"0";"2";"0";"11";"3";""
"202400048528";"155696315";"B01";"0";"7";"0";"2";"0";"0";"0";""
"202400048528";"155696316";"A01";"1";"3";"0";"2";"1";"0";"1";""
"202400048529";"155696312";"A01";"3";"10";"0";"2";"7";"15";"1";""
"202400048529";"155696314";"B01";"3";"32";"0";"2";"1";"1";"1";""
"202400048530";"155696311";"B01";"3";"10";"0";"2";"1";"16";"1";""
"202400048530";"155696313";"A01";"3";"50";"0";"2";"1";"1";"3";""
"202400048531";"155696308";"A01";"0";"7";"0";"2";"5";"17";"1";""
"202400048531";"155696309";"B01";"0";"1";"0";"2";"8";"15";"5";""
"202400048532";"155696307";"Z01";"1";"7";"0";"2";"3";"1";"1";""
"202400048532";"155696310";"A01";"3";"7";"0";"2";"2";"15";"1";""
"202400048533";"155696305";"A01";"2";"1";"0";"2";"3";"1";"5";""
"202400048533";"155696306";"Z01";"1";"0";"0";"2";"0";"0";"0";""
"202400048534";"155696302";"A01";"3";"17";"0";"2";"1";"2";"1";""
"202400048534";"155696303";"B01";"3";"7";"0";"2";"4";"2";"1";""
"202400048534";"155696304";"C01";"3";"7";"0";"2";"4";"23";"1";""
"202400048535";"155696301";"A01";"1";"7";"0";"1";"1";"1";"2";""
"202400048536";"155696299";"A01";"2";"7";"0";"2";"8";"24";"1";""
"202400048536";"155696300";"B01";"2";"1";"0";"2";"1";"1";"5";""
"202400048537";"155696297";"B01";"3";"50";"0";"2";"1";"1";"3";""
"202400048537";"155696298";"A01";"3";"7";"0";"2";"5";"4";"0";""
"202400048538";"155696295";"B01";"2";"7";"0";"2";"4";"1";"1";""
"202400048538";"155696296";"A01";"2";"31";"0";"2";"7";"2";"1";""
"202400048539";"155696291";"A01";"2";"7";"2";"1";"1";"1";"2";""
"202400048540";"155696292";"B01";"0";"43";"0";"2";"2";"23";"1";""
"202400048540";"155696293";"C01";"0";"7";"0";"2";"3";"23";"1";""
"202400048540";"155696294";"A01";"0";"32";"0";"2";"3";"3";"1";""
"202400048541";"155696289";"A01";"1";"7";"0";"2";"1";"26";"1";""
"202400048541";"155696290";"B01";"2";"1";"0";"2";"1";"23";"5";""