"Num_Acc";"id_vehicule";"num_veh";"senc";"catv";"obs";"obsm";"choc";"manv";"motor";"occutc"
"202400048542";"155696287";"A01";"1";"7";"0";"2";"7";"15";"1";""
"202400048542";"155696288";"B01";"2";"43";"0";"2";"3";"0";"1";""
"202400048543";"155696285";"B01";"1";"30";"0";"2";"1";"1";"3";""
"202400048543";"155696286";"A01";"1";"7";"0";"2";"2";"23";"1";""
"202400048544";"155696283";"A01";"0";"7";"0";"2";"3";"15";"1";""
"202400048544";"155696284";"B01";"0";"33";"0";"2";"8";"1";"1";""
"202400048545";"155696282";"A01";"1";"32";"0";"1";"3";"3";"1";""
"202400048546";"155696281";"A01";"1";"34";"0";"1";"1";"1";"1";""
"202400048547";"155696278";"A01";"1";"7";"0";"2";"3";"15";"1";""
"202400048547";"155696280";"B01";"2";"32";"0";"2";"3";"1";"1";""
"202400048548";"155696277";"A01";"3";"33";"0";"2";"4";"1";"1";""
"202400048548";"155696279";"B01";"3";"0";"0";"2";"0";"0";"0";""
"202400048549";"155696276";"A01";"1";"33";"0";"0";"1";"1";"1";""
"202400048550";"155696273";"A01";"3";"1";"0";"2";"8";"1";"5";""
"202400048550";"155696274";"B01";"3";"33";"0";"2";"1";"1";"1";""
"202400048551";"155696272";"A01";"2";"7";"0";"2";"3";"13";"1";""
"202400048551";"155696275";"B01";"1";"7";"0";"2";"3";"1";"1";""
"202400048552";"155696270";"A01";"1";"80";"0";"2";"3";"11";"3";""
"202400048552";"155696271";"B01";"2";"31";"0";"9";"3";"1";"0";""
"202400048553";"155696269";"A01";"3";"10";"0";"1";"3";"2";"1";""
"202400048554";"155696267";"A01";"1";"7";"2";"0";"1";"0";"1";""
"202400048555";"155696266";"A01";"1";"7";"0";"2";"1";"13";"1";""
"202400048555";"155696268";"B01";"2";"15";"0";"2";"1";"1";"1";""
"202400048556";"155696263";"B01";"3";"10";"0";"9";"5";"12";"1";""
"202400048556";"155696265";"A01";"3";"50";"0";"2";"1";"3";"3";""
"202400048557";"155696262";"A01";"2";"7";"0";"2";"8";"16";"1";""
"202400048557";"155696264";"B01";"2";"7";"0";"2";"7";"1";"1";""
"202400048558";"155696260";"A01";"1";"7";"0";"2";"1";"2";"1";""
"202400048558";"155696261";"B01";"2";"31";"0";"2";"4";"1";"1";""
"202400048559";"155696259";"A01";"3";"7";"3";"0";"2";"1";"1";""
"202400048560";"155696257";"B01";"1";"7";"0";"2";"3";"1";"1";""
"202400048560";"155696258";"A01";"2";"7";"0";"2";"1";"1";"1";""
"202400048561";"155696256";"A01";"1";"7";"0";"1";"2";"15";"1";""
"202400048562";"155696255";"A01";"0";"33";"0";"1";"0";"1";"1";""
"202400048563";"155696253";"A01";"1";"10";"0";"0";"3";"22";"1";""
"202400048563";"155696254";"B01";"1";"1";"0";"0";"7";"21";"5";""
"202400048564";"155696250";"D01";"2";"14";"0";"2";"0";"0";"0";""
"202400048564";"155696251";"A01";"2";"15";"0";"2";"0";"13";"1";""
"202400048564";"155696252";"C01";"2";"14";"0";"2";"0";"24";"1";""
"202400048565";"155696249";"A01";"3";"7";"0";"1";"2";"0";"1";""
"202400048566";"155696247";"A01";"3";"7";"0";"2";"3";"9";"1";""
"202400048566";"155696248";"B01";"3";"2";"0";"2";"2";"0";"3";""
"202400048567";"155696245";"A01";"1";"7";"0";"2";"6";"11";"1";""
"202400048567";"155696246";"B01";"1";"31";"0";"2";"1";"1";"1";""
"202400048568";"155696243";"A01";"1";"7";"0";"2";"1";"17";"1";""
"202400048568";"155696244";"B01";"2";"7";"0";"2";"1";"1";"1";""
"202400048569";"155696241";"B01";"1";"7";"0";"2";"1";"1";"1";""
"202400048569";"155696242";"A01";"2";"7";"0";"2";"1";"13";"1";""
"202400048570";"155696240";"A01";"1";"33";"3";"0";"1";"1";"1";""
"202400048571";"155696239";"A01";"2";"7";"0";"1";"1";"1";"1";""
"202400048572";"155696237";"A01";"3";"1";"0";"2";"1";"2";"5";""
"202400048572";"155696238";"B01";"3";"21";"0";"0";"4";"2";"1";""
"202400048573";"155696234";"A01";"2";"10";"0";"2";"3";"17";"1";""
"202400048573";"155696235";"B01";"2";"14";"13";"2";"3";"1";"1";""
"202400048573";"155696236";"C01";"1";"10";"0";"2";"8";"1";"1";""
"202400048574";"155696233";"A01";"1";"7";"3";"0";"3";"2";"1";""
"202400048575";"155696232";"A01";"2";"7";"0";"0";"1";"1";"1";""
"202400048576";"155696231";"A01";"2";"7";"0";"1";"3";"1";"1";""
"202400048577";"155696230";"A01";"1";"10";"2";"0";"1";"14";"1";""
"202400048578";"155696229";"A01";"1";"33";"0";"0";"0";"1";"1";""
"202400048579";"155696228";"A01";"1";"7";"10";"0";"1";"14";"1";""
"202400048580";"155696226";"A01";"2";"7";"0";"2";"5";"23";"1";""
"202400048580";"155696227";"B01";"2";"7";"0";"2";"3";"2";"1";""
"202400048581";"155696225";"A01";"1";"7";"13";"0";"9";"1";"1";""
"202400048582";"155696224";"A01";"1";"7";"8";"0";"3";"1";"1";""
"202400048583";"155696223";"A01";"1";"10";"0";"0";"2";"1";"1";""
"202400048584";"155696222";"A01";"1";"7";"0";"0";"0";"1";"0";""
"202400048585";"155696221";"A01";"1";"7";"8";"0";"1";"0";"1";""
"202400048586";"155696220";"A01";"1";"7";"13";"0";"2";"0";"1";""
"202400048587";"155696218";"A01";"1";"7";"0";"2";"2";"1";"1";""
"202400048587";"155696219";"B01";"2";"7";"0";"2";"2";"19";"1";""
"202400048588";"155696217";"A01";"1";"32";"0";"0";"0";"2";"1";""
"202400048589";"155696215";"A01";"1";"7";"0";"1";"2";"1";"1";""
"202400048590";"155696212";"A01";"1";"3";"0";"2";"4";"2";"1";""
"202400048590";"155696213";"B01";"1";"1";"0";"2";"4";"2";"5";""
"202400048590";"155696214";"C01";"1";"7";"0";"2";"1";"1";"1";""
"202400048591";"155696210";"A01";"1";"7";"0";"2";"3";"15";"1";""
"202400048591";"155696211";"B01";"1";"33";"8";"2";"9";"17";"1";""
"202400048592";"155696208";"A01";"1";"7";"0";"0";"2";"15";"1";""
"202400048592";"155696209";"B01";"2";"2";"0";"2";"1";"1";"1";""
"202400048593";"155696206";"A01";"2";"7";"0";"2";"1";"5";"1";""
"202400048593";"155696207";"B01";"1";"7";"0";"2";"1";"1";"1";""
"202400048594";"155696204";"A01";"1";"7";"0";"2";"1";"1";"1";""
"202400048594";"155696205";"B01";"1";"7";"0";"2";"1";"9";"1";""
"202400048595";"155696202";"A01";"2";"7";"0";"2";"3";"13";"1";""
"202400048595";"155696203";"B01";"1";"7";"0";"2";"3";"1";"1";""
"202400048596";"155696200";"A01";"0";"33";"1";"0";"1";"1";"1";""
"202400048596";"155696201";"B01";"3";"7";"0";"2";"4";"24";"1";""
"202400048597";"155696199";"A01";"1";"10";"0";"1";"2";"21";"1";""
"202400048598";"155696197";"A01";"2";"50";"0";"2";"4";"1";"3";""
"202400048598";"155696198";"B01";"2";"7";"0";"9";"1";"1";"1";""
"202400048599";"155696195";"A01";"3";"7";"0";"2";"1";"2";"1";""
"202400048599";"155696196";"B01";"3";"1";"0";"2";"4";"2";"5";""
"202400048600";"155696191";"C01";"1";"7";"0";"2";"4";"1";"1";""
"202400048600";"155696192";"A01";"1";"7";"0";"2";"1";"1";"1";""
"202400048600";"155696193";"B01";"1";"7";"0";"2";"4";"1";"1";""
"202400048601";"155696190";"A01";"1";"10";"4";"0";"3";"21";"1";""
"202400048602";"155696188";"B01";"2";"10";"0";"2";"4";"2";"1";""
"202400048602";"155696189";"A01";"2";"10";"0";"2";"1";"2";"1";""
"202400048603";"155696186";"A01";"0";"30";"7";"0";"1";"26";"1";""
"202400048604";"155696185";"A01";"2";"7";"0";"2";"1";"1";"1";""
"202400048604";"155696187";"B01";"2";"7";"0";"2";"4";"1";"1";""
"202400048605";"155696184";"A01";"2";"7";"16";"0";"9";"1";"1";""
"202400048606";"155696182";"A01";"3";"33";"12";"0";"0";"17";"1";""
"202400048607";"155696181";"A01";"1";"7";"0";"2";"3";"2";"1";""
"202400048607";"155696183";"B01";"1";"7";"0";"2";"5";"2";"1";""
"202400048608";"155696179";"A01";"3";"37";"0";"1";"1";"15";"3";"1"
"202400048609";"155696177";"A01";"1";"7";"4";"2";"4";"23";"1";""
"202400048609";"155696178";"B01";"1";"7";"0";"2";"1";"2";"1";""
"202400048609";"155696180";"C01";"1";"7";"0";"2";"3";"1";"2";""
"202400048610";"155696175";"A01";"2";"7";"0";"2";"1";"9";"1";""
"202400048610";"155696176";"B01";"2";"7";"0";"2";"7";"26";"1";""
"202400048611";"155696173";"A01";"2";"10";"0";"2";"3";"14";"1";""
"202400048611";"155696174";"B01";"2";"7";"0";"2";"5";"1";"3";""
"202400048612";"155696171";"A01";"3";"7";"0";"2";"7";"15";"1";""
"202400048612";"155696172";"B01";"3";"33";"0";"2";"1";"2";"1";""
"202400048613";"155696168";"A01";"2";"7";"4";"2";"2";"1";"1";""
"202400048613";"155696170";"B01";"2";"10";"4";"2";"4";"0";"2";""
"202400048614";"155696167";"A01";"1";"7";"0";"2";"1";"1";"1";""
"202400048614";"155696169";"B01";"2";"37";"0";"2";"1";"15";"1";"1"
"202400048615";"155696163";"Z01";"2";"10";"0";"2";"1";"0";"1";""
"202400048615";"155696165";"A01";"2";"7";"0";"2";"4";"2";"1";""
"202400048616";"155696162";"A01";"2";"7";"1";"0";"1";"11";"1";""
"202400048616";"155696164";"C01";"2";"7";"0";"2";"5";"1";"1";""
"202400048616";"155696166";"B01";"0";"7";"0";"2";"4";"23";"1";""
"202400048617";"155696158";"B01";"1";"7";"0";"2";"4";"2";"2";""
"202400048617";"155696160";"A01";"1";"33";"0";"2";"2";"2";"1";""
"202400048618";"155696157";"B01";"1";"7";"0";"2";"4";"2";"1";""
"202400048618";"155696159";"C01";"1";"10";"0";"2";"4";"2";"1";""
"202400048618";"155696161";"A01";"1";"7";"0";"2";"1";"2";"1";""
"202400048619";"155696156";"A01";"1";"33";"0";"1";"1";"26";"1";""
"202400048620";"155696153";"A01";"1";"80";"0";"2";"1";"1";"3";""
"202400048620";"155696154";"B01";"1";"80";"0";"2";"1";"1";"3";""
"202400048621";"155696152";"A01";"2";"10";"0";"2";"1";"1";"1";""
"202400048621";"155696155";"B01";"1";"38";"0";"2";"7";"1";"1";"2"
"202400048622";"155696150";"A01";"2";"31";"0";"1";"6";"1";"3";""
"202400048623";"155696149";"A01";"3";"7";"0";"2";"6";"15";"1";""
"202400048623";"155696151";"B01";"3";"37";"0";"2";"2";"1";"1";"1"
"202400048624";"155696148";"A01";"2";"1";"8";"0";"0";"1";"5";""
"202400048625";"155696145";"A01";"2";"7";"0";"2";"8";"19";"1";""
"202400048625";"155696147";"B01";"2";"31";"0";"2";"1";"1";"1";""
"202400048626";"155696144";"B01";"1";"1";"0";"2";"1";"1";"5";""
"202400048626";"155696146";"A01";"2";"50";"0";"2";"2";"5";"3";""
"202400048627";"155696141";"A01";"2";"2";"0";"2";"7";"25";"1";""
"202400048627";"155696143";"B01";"2";"80";"0";"2";"1";"1";"3";""
"202400048628";"155696140";"B01";"1";"7";"0";"2";"1";"1";"1";""
"202400048628";"155696142";"A01";"2";"10";"0";"2";"7";"15";"1";""
"202400048629";"155696137";"A01";"3";"7";"3";"0";"1";"9";"1";""
"202400048630";"155696138";"B01";"2";"33";"0";"2";"2";"1";"1";""
"202400048630";"155696139";"A01";"2";"10";"0";"2";"3";"11";"1";""
"202400048631";"155696136";"A01";"1";"1";"4";"0";"1";"1";"5";""
"202400048632";"155696134";"A01";"1";"7";"0";"2";"2";"15";"1";""
"202400048632";"155696135";"B01";"2";"2";"0";"2";"1";"1";"3";""
"202400048633";"155696133";"A01";"1";"7";"0";"1";"1";"1";"1";""
"202400048634";"155696131";"B01";"2";"10";"0";"2";"1";"15";"1";""
"202400048634";"155696132";"A01";"1";"30";"0";"2";"1";"1";"1";""
"202400048635";"155696126";"A01";"2";"7";"0";"2";"3";"1";"1";""
"202400048635";"155696127";"B01";"3";"50";"0";"2";"1";"1";"3";""
"202400048636";"155696128";"A01";"2";"10";"0";"2";"1";"1";"1";""
"202400048636";"155696130";"B01";"2";"7";"0";"2";"4";"23";"1";""
"202400048637";"155696125";"A01";"2";"7";"0";"2";"1";"17";"0";""
"202400048637";"155696129";"B01";"2";"7";"0";"0";"4";"1";"1";""
"202400048638";"155696122";"A01";"1";"37";"0";"2";"1";"26";"0";"1"
"202400048638";"155696124";"B01";"2";"7";"0";"2";"2";"26";"1";""
"202400048639";"155696119";"B01";"1";"33";"0";"2";"1";"1";"1";""
"202400048639";"155696121";"A01";"1";"7";"0";"2";"1";"9";"1";""
"202400048640";"155696120";"B01";"0";"1";"0";"2";"1";"1";"5";""
"202400048640";"155696123";"A01";"3";"7";"0";"0";"6";"1";"1";""
"202400048641";"155696118";"A01";"2";"32";"1";"0";"3";"18";"1";""
"202400048642";"155696115";"A01";"3";"7";"0";"2";"1";"13";"1";""
"202400048642";"155696117";"B01";"3";"7";"0";"2";"1";"1";"1";""
"202400048643";"155696116";"A01";"1";"7";"2";"0";"0";"14";"1";""
"202400048644";"155696113";"B01";"1";"33";"0";"2";"4";"11";"1";""
"202400048644";"155696114";"A01";"1";"16";"0";"2";"2";"12";"1";""
"202400048645";"155696112";"A01";"1";"7";"0";"1";"7";"1";"1";""
"202400048646";"155696111";"A01";"1";"2";"2";"0";"1";"14";"1";""
"202400048647";"155696109";"B01";"2";"7";"0";"2";"1";"1";"1";""
"202400048647";"155696110";"A01";"1";"7";"0";"2";"1";"13";"1";""
"202400048648";"155696107";"A01";"1";"7";"0";"2";"0";"0";"1";""
"202400048648";"155696108";"B01";"1";"7";"0";"2";"4";"0";"1";""
"202400048649";"155696106";"A01";"2";"33";"8";"0";"1";"14";"1";""
"202400048650";"155696103";"A01";"1";"30";"0";"0";"0";"26";"1";""
"202400048651";"155696104";"A01";"2";"32";"0";"2";"3";"21";"1";""
"202400048651";"155696105";"B01";"2";"50";"0";"2";"3";"1";"3";""
"202400048652";"155696102";"A01";"1";"3";"2";"0";"1";"1";"1";""
"202400048653";"155696099";"A01";"0";"33";"0";"2";"8";"26";"1";""
"202400048653";"155696101";"B01";"0";"37";"0";"2";"1";"15";"1";"1"
"202400048654";"155696097";"B01";"3";"34";"0";"2";"1";"9";"1";""
"202400048654";"155696100";"A01";"3";"7";"0";"2";"1";"5";"1";""
"202400048655";"155696096";"A01";"1";"30";"0";"0";"0";"1";"1";""
"202400048656";"155696094";"A01";"2";"7";"12";"0";"4";"1";"1";""
"202400048656";"155696098";"B01";"2";"7";"11";"2";"1";"1";"1";""
"202400048657";"155696092";"B01";"1";"7";"0";"2";"4";"2";"1";""
"202400048657";"155696095";"Z01";"1";"7";"0";"2";"1";"2";"1";""
"202400048658";"155696091";"B01";"1";"7";"0";"2";"3";"1";"1";""
"202400048658";"155696093";"A01";"3";"1";"0";"2";"1";"1";"5";""
"202400048659";"155696089";"A01";"3";"7";"14";"0";"1";"0";"1";""
"202400048660";"155696087";"B01";"2";"31";"0";"2";"3";"1";"1";""
"202400048660";"155696090";"A01";"1";"7";"0";"2";"3";"15";"1";""
"202400048661";"155696086";"B01";"2";"7";"0";"2";"7";"1";"1";""
"202400048661";"155696088";"A01";"2";"7";"0";"2";"1";"15";"0";""
"202400048662";"155696084";"A01";"2";"7";"0";"2";"3";"10";"1";""
"202400048662";"155696085";"B01";"2";"33";"0";"2";"8";"1";"1";""
"202400048663";"155696082";"A01";"1";"30";"0";"2";"4";"23";"1";""
"202400048663";"155696083";"B01";"1";"7";"0";"2";"3";"17";"1";""
"202400048664";"155696081";"A01";"2";"7";"0";"0";"0";"1";"1";""
"202400048665";"155696080";"A01";"2";"50";"14";"0";"1";"1";"3";""
"202400048666";"155696078";"B01";"1";"7";"0";"2";"4";"2";"1";""
"202400048666";"155696079";"A01";"1";"30";"0";"2";"1";"2";"1";""
"202400048667";"155696076";"Z01";"2";"7";"0";"1";"0";"0";"0";""
"202400048668";"155696074";"A01";"1";"7";"0";"2";"3";"15";"1";""
"202400048668";"155696077";"B01";"2";"33";"0";"2";"0";"0";"1";""
"202400048669";"155696075";"A01";"1";"10";"2";"0";"1";"1";"1";""
"202400048670";"155696071";"A01";"3";"10";"0";"2";"1";"16";"1";""
"202400048670";"155696073";"B01";"0";"50";"0";"2";"7";"26";"3";""
"202400048671";"155696070";"A01";"0";"7";"0";"2";"7";"19";"0";""
"202400048671";"155696072";"B01";"0";"7";"0";"2";"1";"1";"0";""
"202400048672";"155696067";"B01";"2";"7";"0";"2";"5";"1";"1";""
"202400048672";"155696068";"C01";"2";"7";"0";"2";"5";"1";"1";""
"202400048672";"155696069";"A01";"2";"7";"0";"2";"8";"11";"1";""
"202400048673";"155696064";"A01";"1";"32";"0";"2";"1";"26";"1";""
"202400048673";"155696066";"B01";"1";"7";"0";"2";"2";"15";"1";""
"202400048674";"155696063";"A01";"2";"7";"0";"2";"1";"1";"1";""
"202400048674";"155696065";"B01";"3";"60";"0";"2";"8";"19";"5";""
"202400048675";"155696062";"A01";"2";"7";"4";"0";"3";"2";"1";""
"202400048676";"155696057";"A01";"0";"7";"1";"0";"1";"1";"1";""
"202400048676";"155696059";"C01";"0";"7";"1";"0";"0";"0";"1";""
"202400048676";"155696061";"D01";"0";"7";"1";"0";"0";"0";"1";""
"202400048677";"155696058";"A01";"3";"7";"0";"2";"2";"15";"1";""
"202400048677";"155696060";"B01";"3";"1";"0";"2";"1";"1";"5";""
"202400048678";"155696053";"A01";"2";"7";"6";"1";"3";"23";"1";""
"202400048679";"155696054";"A01";"2";"7";"0";"2";"2";"26";"1";""
"202400048679";"155696056";"B01";"2";"7";"0";"2";"6";"1";"1";""
"202400048680";"155696052";"B01";"2";"7";"0";"0";"0";"0";"0";""
"202400048680";"155696055";"A01";"1";"30";"0";"2";"0";"9";"1";""
"202400048681";"155696046";"A01";"1";"7";"0";"2";"5";"21";"1";""
"202400048681";"155696051";"B01";"1";"7";"0";"2";"1";"1";"1";""
"202400048682";"155696047";"A01";"1";"7";"0";"2";"1";"2";"3";""
"202400048682";"155696049";"B01";"1";"10";"0";"2";"4";"2";"1";""
"202400048683";"155696045";"A01";"1";"7";"0";"2";"2";"1";"1";""
"202400048683";"155696048";"B01";"1";"10";"0";"2";"1";"1";"1";""
"202400048683";"155696050";"C01";"1";"7";"0";"2";"6";"23";"1";""
"202400048684";"155696044";"A01";"2";"2";"2";"0";"1";"14";"1";""
"202400048685";"155696039";"A01";"1";"7";"0";"2";"1";"1";"1";""
"202400048685";"155696042";"B01";"1";"7";"0";"2";"4";"1";"1";""
"202400048686";"155696038";"A01";"2";"33";"0";"2";"7";"17";"1";""
"202400048686";"155696040";"B01";"2";"7";"0";"2";"6";"1";"2";""
"202400048687";"155696041";"A01";"2";"33";"0";"2";"1";"1";"1";""
"202400048687";"155696043";"B01";"2";"10";"0";"2";"5";"1";"1";""
"202400048688";"155696035";"A01";"2";"7";"6";"1";"1";"13";"1";""
"202400048689";"155696036";"A01";"1";"33";"0";"2";"1";"2";"1";""
"202400048689";"155696037";"B01";"1";"7";"0";"2";"6";"0";"1";""
"202400048690";"155696033";"A01";"1";"7";"0";"9";"1";"15";"1";""
"202400048690";"155696034";"B01";"3";"50";"0";"0";"7";"19";"3";""
"202400048691";"155696032";"A01";"3";"2";"0";"0";"7";"14";"1";""
"202400048692";"155696031";"A01";"1";"32";"0";"2";"8";"1";"1";""
"202400048693";"155696028";"A01";"1";"7";"0";"2";"7";"16";"1";""
"202400048693";"155696030";"B01";"1";"31";"0";"2";"7";"1";"1";""
"202400048694";"155696026";"B01";"1";"7";"0";"2";"1";"1";"1";""
"202400048694";"155696029";"A01";"2";"33";"0";"2";"1";"13";"1";""
"202400048695";"155696024";"A01";"2";"7";"0";"2";"2";"2";"1";""
"202400048695";"155696025";"B01";"2";"7";"0";"2";"6";"2";"1";""
"202400048695";"155696027";"C01";"2";"15";"0";"2";"6";"2";"1";""
"202400048696";"155696023";"A01";"3";"80";"0";"0";"0";"1";"3";""
"202400048697";"155696022";"A01";"2";"7";"0";"1";"1";"1";"1";""
"202400048698";"155696018";"A01";"2";"7";"0";"2";"8";"11";"1";""
"202400048698";"155696021";"B01";"2";"33";"0";"2";"2";"3";"1";""
"202400048699";"155696017";"A01";"2";"7";"0";"2";"1";"2";"1";""
"202400048699";"155696020";"B01";"2";"3";"0";"2";"4";"2";"1";""
"202400048700";"155696016";"A01";"1";"7";"0";"2";"2";"1";"1";""
"202400048700";"155696019";"B01";"1";"7";"0";"2";"1";"16";"1";""
"202400048701";"155696013";"A01";"2";"7";"0";"1";"1";"1";"1";""
"202400048702";"155696012";"A01";"2";"7";"0";"2";"1";"2";"1";""
"202400048702";"155696014";"B01";"2";"10";"0";"0";"4";"1";"1";""
"202400048703";"155696011";"B01";"3";"7";"0";"2";"1";"1";"1";""
"202400048703";"155696015";"A01";"3";"7";"0";"2";"7";"1";"1";""
"202400048704";"155696009";"A01";"2";"7";"2";"0";"1";"1";"1";""
"202400048705";"155696005";"A01";"2";"7";"0";"2";"6";"26";"1";""
"202400048705";"155696007";"B01";"2";"33";"0";"2";"1";"17";"1";""
"202400048706";"155696006";"A01";"1";"7";"2";"0";"3";"2";"1";""
"202400048707";"155696002";"B01";"2";"33";"0";"2";"1";"1";"1";""
"202400048707";"155696003";"A01";"2";"7";"0";"0";"6";"2";"1";""
"202400048708";"155696000";"A01";"2";"7";"0";"2";"1";"15";"1";""
"202400048708";"155696004";"B01";"1";"7";"0";"2";"5";"1";"1";""
"202400048709";"155695999";"A01";"3";"7";"0";"2";"8";"13";"1";""
"202400048709";"155696001";"B01";"3";"2";"0";"2";"2";"1";"1";""
"202400048710";"155695998";"A01";"2";"31";"0";"6";"1";"1";"1";""
"202400048711";"155695995";"A01";"1";"7";"0";"2";"1";"15";"1";""
"202400048711";"155695997";"B01";"2";"1";"0";"2";"8";"1";"5";""
"202400048712";"155695994";"A01";"1";"7";"0";"2";"0";"26";"1";""
"202400048712";"155695996";"B01";"1";"7";"0";"2";"0";"0";"1";""
"202400048713";"155695992";"A01";"1";"7";"0";"2";"3";"2";"1";""
"202400048713";"155695993";"B01";"1";"1";"0";"2";"5";"2";"5";""
"202400048714";"155695988";"A01";"1";"7";"0";"1";"1";"1";"1";""
"202400048715";"155695985";"A01";"1";"7";"15";"2";"1";"14";"1";""
"202400048715";"155695987";"B01";"1";"7";"0";"2";"2";"1";"1";""
"202400048715";"155695990";"C01";"1";"7";"0";"2";"3";"1";"1";""
"202400048715";"155695991";"D01";"1";"7";"0";"2";"1";"1";"1";""
"202400048716";"155695984";"A01";"1";"7";"0";"2";"1";"1";"1";""
"202400048716";"155695986";"B01";"1";"7";"0";"2";"4";"15";"1";""
"202400048716";"155695989";"C01";"2";"33";"0";"2";"1";"1";"1";""
"202400048717";"155695982";"A01";"1";"31";"0";"2";"1";"13";"1";""
"202400048717";"155695983";"B01";"2";"7";"0";"2";"3";"1";"1";""
"202400048718";"155695981";"A01";"1";"7";"0";"1";"3";"1";"1";""
"202400048719";"155695979";"A01";"1";"7";"0";"1";"2";"1";"1";""
"202400048720";"155695978";"A01";"1";"14";"0";"2";"2";"1";"1";""
"202400048720";"155695980";"B01";"2";"7";"0";"2";"2";"13";"1";""
"202400048721";"155695972";"A01";"1";"7";"1";"0";"2";"2";"1";""
"202400048721";"155695975";"C01";"1";"7";"0";"2";"4";"23";"1";""
"202400048721";"155695976";"B01";"1";"10";"1";"2";"6";"23";"1";""
"202400048722";"155695974";"A01";"1";"7";"0";"1";"3";"5";"1";""
"202400048723";"155695973";"B01";"3";"7";"0";"2";"6";"1";"1";""
"202400048723";"155695977";"A01";"3";"10";"1";"2";"1";"19";"1";""
"202400048724";"155695970";"A01";"1";"7";"13";"0";"3";"1";"1";""
"202400048725";"155695969";"A01";"2";"10";"0";"1";"1";"1";"1";""
"202400048726";"155695968";"A01";"2";"7";"0";"2";"3";"15";"1";""
"202400048726";"155695971";"B01";"2";"33";"0";"2";"1";"1";"1";""
"202400048727";"155695967";"A01";"1";"33";"16";"0";"1";"1";"1";""
"202400048728";"155695966";"A01";"2";"7";"4";"0";"1";"11";"1";""
"202400048729";"155695962";"B01";"2";"7";"0";"2";"1";"1";"1";""
"202400048729";"155695965";"A01";"1";"7";"6";"0";"6";"16";"1";""
"202400048730";"155695963";"A01";"0";"7";"0";"9";"3";"0";"1";""
"202400048730";"155695964";"B01";"0";"99";"0";"2";"4";"2";"5";""
"202400048731";"155695961";"A01";"2";"40";"1";"1";"1";"1";"0";""
"202400048732";"155695956";"A01";"2";"7";"0";"2";"2";"1";"1";""
"202400048732";"155695958";"B01";"2";"7";"0";"2";"3";"26";"1";""
"202400048733";"155695959";"A01";"2";"33";"0";"2";"1";"1";"1";""
"202400048733";"155695960";"B01";"1";"7";"0";"2";"6";"15";"1";""
"202400048734";"155695957";"A01";"2";"33";"9";"0";"1";"1";"1";""
"202400048735";"155695949";"A01";"2";"7";"0";"2";"3";"2";"1";""
"202400048735";"155695951";"B01";"2";"2";"0";"0";"5";"23";"3";""
"202400048735";"155695953";"C01";"1";"7";"0";"0";"1";"1";"1";""
"202400048736";"155695950";"A01";"0";"7";"0";"1";"2";"1";"1";""
"202400048737";"155695948";"A01";"3";"7";"0";"2";"3";"15";"1";""
"202400048737";"155695952";"B01";"2";"7";"0";"2";"3";"0";"1";""
"202400048738";"155695946";"B01";"1";"15";"0";"2";"3";"1";"1";""
"202400048738";"155695947";"A01";"2";"7";"0";"2";"3";"13";"1";""
"202400048739";"155695944";"A01";"3";"7";"0";"1";"1";"20";"1";""
"202400048740";"155695943";"A01";"2";"7";"0";"0";"6";"7";"1";""
"202400048740";"155695945";"B01";"2";"33";"0";"2";"1";"1";"1";""
"202400048741";"155695939";"B01";"1";"15";"0";"2";"3";"2";"1";""
"202400048741";"155695941";"C01";"2";"10";"0";"2";"3";"1";"1";""
"202400048741";"155695942";"A01";"1";"7";"0";"2";"4";"15";"2";""
"202400048742";"155695938";"B01";"0";"7";"0";"1";"2";"0";"1";""
"202400048743";"155695937";"A01";"1";"7";"0";"2";"2";"17";"1";""
"202400048743";"155695940";"B01";"1";"50";"0";"2";"1";"19";"3";""
"202400048744";"155695935";"A01";"3";"10";"15";"0";"1";"14";"1";""
"202400048745";"155695933";"A01";"2";"7";"0";"1";"2";"1";"1";""
"202400048746";"155695934";"A01";"3";"7";"0";"0";"3";"11";"1";""
"202400048746";"155695936";"B01";"3";"33";"0";"2";"2";"21";"0";""
"202400048747";"155695931";"B01";"1";"10";"0";"2";"3";"1";"1";""
"202400048747";"155695932";"A01";"2";"7";"16";"0";"3";"13";"1";""
"202400048748";"155695930";"A01";"2";"7";"2";"0";"3";"13";"1";""
"202400048749";"155695925";"A01";"2";"7";"0";"9";"1";"1";"1";""
"202400048749";"155695927";"B01";"1";"1";"0";"2";"1";"9";"5";""
"202400048750";"155695924";"A01";"2";"34";"0";"2";"2";"17";"1";""
"202400048750";"155695926";"B01";"2";"7";"0";"2";"3";"15";"1";""
"202400048751";"155695928";"B01";"2";"2";"0";"2";"1";"1";"1";""
"202400048751";"155695929";"A01";"1";"10";"0";"2";"1";"15";"1";""
"202400048752";"155695923";"A01";"2";"50";"0";"0";"0";"1";"3";""
"202400048753";"155695920";"A01";"3";"7";"0";"2";"1";"2";"1";""
"202400048753";"155695922";"B01";"3";"7";"0";"2";"6";"2";"1";""
"202400048754";"155695917";"A01";"1";"7";"0";"2";"3";"0";"1";""
"202400048754";"155695918";"B01";"2";"33";"0";"2";"0";"0";"0";""
"202400048755";"155695916";"A01";"1";"1";"0";"0";"0";"1";"5";""
"202400048756";"155695915";"B01";"3";"7";"0";"2";"8";"1";"1";""
"202400048756";"155695919";"A01";"3";"7";"0";"2";"1";"1";"1";""