"Num_Acc";"id_vehicule";"num_veh";"senc";"catv";"obs";"obsm";"choc";"manv";"motor";"occutc"
"202400048757";"155695914";"A01";"1";"7";"0";"2";"8";"0";"1";""
"202400048757";"155695921";"B01";"1";"7";"0";"2";"1";"0";"1";""
"202400048758";"155695912";"A01";"1";"7";"0";"9";"7";"15";"1";""
"202400048758";"155695913";"B01";"1";"1";"0";"0";"3";"15";"5";""
"202400048759";"155695909";"A01";"1";"17";"0";"2";"3";"1";"1";""
"202400048759";"155695911";"B01";"2";"10";"1";"2";"3";"13";"1";""
"202400048760";"155695907";"B01";"1";"7";"0";"2";"0";"0";"0";""
"202400048760";"155695910";"A01";"1";"7";"0";"2";"7";"15";"1";""
"202400048761";"155695906";"A01";"2";"7";"2";"0";"9";"14";"1";""
"202400048762";"155695905";"A01";"1";"7";"0";"2";"1";"2";"1";""
"202400048762";"155695908";"B01";"1";"7";"0";"2";"4";"1";"1";""
"202400048763";"155695904";"A01";"3";"7";"0";"1";"2";"1";"1";""
"202400048764";"155695902";"A01";"0";"7";"8";"0";"3";"1";"1";""
"202400048765";"155695900";"A01";"3";"7";"0";"1";"4";"4";"3";""
"202400048766";"155695898";"A01";"3";"7";"0";"2";"1";"13";"0";""
"202400048766";"155695901";"B01";"3";"7";"8";"2";"3";"1";"0";""
"202400048766";"155695903";"C01";"3";"7";"0";"2";"1";"1";"0";""
"202400048767";"155695897";"A01";"1";"1";"0";"0";"0";"26";"5";""
"202400048768";"155695896";"A01";"2";"2";"0";"0";"0";"9";"1";""
"202400048769";"155695892";"A01";"1";"7";"3";"0";"1";"2";"1";""
"202400048770";"155695893";"B01";"1";"0";"0";"2";"3";"2";"0";""
"202400048770";"155695895";"A01";"1";"33";"0";"2";"2";"15";"1";""
"202400048771";"155695891";"A01";"2";"7";"8";"0";"7";"13";"1";""
"202400048772";"155695888";"A01";"2";"33";"0";"1";"1";"1";"1";""
"202400048773";"155695886";"A01";"1";"7";"2";"0";"8";"14";"1";""
"202400048774";"155695884";"A01";"1";"10";"1";"0";"3";"13";"3";""
"202400048774";"155695887";"B01";"1";"37";"1";"0";"5";"24";"1";"1"
"202400048775";"155695881";"A01";"1";"7";"13";"0";"1";"14";"1";""
"202400048776";"155695877";"C01";"2";"7";"0";"2";"1";"1";"1";""
"202400048776";"155695879";"A01";"2";"10";"0";"2";"4";"23";"1";""
"202400048776";"155695882";"B01";"2";"7";"0";"2";"1";"1";"1";""
"202400048776";"155695883";"D01";"2";"7";"0";"2";"1";"1";"1";""
"202400048777";"155695875";"B01";"2";"1";"0";"2";"1";"1";"5";""
"202400048777";"155695878";"A01";"1";"2";"0";"2";"1";"15";"1";""
"202400048778";"155695876";"A01";"2";"7";"0";"2";"3";"15";"1";""
"202400048778";"155695880";"B01";"1";"33";"1";"2";"1";"1";"1";""
"202400048779";"155695872";"A01";"3";"10";"0";"2";"2";"12";"1";""
"202400048779";"155695874";"B01";"3";"31";"0";"2";"8";"1";"3";""
"202400048780";"155695871";"A01";"2";"10";"4";"0";"8";"13";"1";""
"202400048781";"155695869";"A01";"1";"7";"0";"0";"3";"1";"1";""
"202400048781";"155695873";"B01";"2";"7";"0";"0";"3";"17";"3";""
"202400048782";"155695867";"A01";"3";"7";"14";"0";"3";"1";"1";""
"202400048783";"155695868";"B01";"0";"2";"0";"2";"1";"15";"1";""
"202400048783";"155695870";"Z01";"0";"50";"0";"2";"0";"16";"3";""
"202400048784";"155695866";"A01";"2";"7";"4";"0";"9";"9";"1";""
"202400048785";"155695865";"A01";"1";"10";"0";"1";"4";"4";"1";""
"202400048786";"155695864";"A01";"1";"7";"13";"0";"1";"1";"1";""
"202400048787";"155695863";"A01";"2";"7";"4";"0";"3";"1";"1";""
"202400048788";"155695862";"A01";"1";"7";"4";"0";"1";"1";"1";""
"202400048789";"155695860";"A01";"1";"1";"0";"1";"1";"1";"5";""
"202400048790";"155695861";"A01";"2";"33";"0";"0";"1";"26";"1";""
"202400048791";"155695859";"A01";"3";"7";"8";"0";"1";"1";"1";""
"202400048792";"155695857";"A01";"2";"10";"0";"0";"0";"1";"1";""
"202400048792";"155695858";"B01";"2";"7";"0";"9";"2";"1";"1";""
"202400048793";"155695854";"A01";"2";"7";"16";"0";"1";"1";"1";""
"202400048794";"155695853";"A01";"3";"10";"0";"2";"2";"15";"1";""
"202400048794";"155695856";"B01";"3";"43";"0";"2";"3";"1";"1";""
"202400048795";"155695852";"B01";"2";"33";"0";"2";"1";"2";"1";""
"202400048795";"155695855";"A01";"2";"7";"0";"0";"4";"1";"1";""
"202400048796";"155695851";"A01";"1";"33";"4";"0";"1";"13";"1";""
"202400048797";"155695849";"A01";"2";"10";"0";"1";"1";"1";"3";""
"202400048798";"155695848";"A01";"1";"7";"3";"0";"1";"21";"1";""
"202400048799";"155695847";"B01";"3";"7";"0";"2";"5";"2";"1";""
"202400048799";"155695850";"A01";"3";"30";"0";"2";"1";"2";"1";""
"202400048800";"155695846";"A01";"2";"10";"0";"1";"4";"20";"1";""
"202400048801";"155695844";"A01";"2";"1";"0";"1";"3";"5";"5";""
"202400048802";"155695842";"A01";"1";"80";"0";"0";"0";"0";"3";""
"202400048803";"155695840";"A01";"2";"7";"0";"2";"1";"2";"1";""
"202400048803";"155695845";"B01";"2";"7";"0";"2";"4";"2";"1";""
"202400048804";"155695841";"B01";"1";"1";"0";"2";"8";"14";"5";""
"202400048804";"155695843";"A01";"2";"7";"0";"2";"2";"1";"1";""
"202400048805";"155695839";"A01";"3";"1";"10";"0";"1";"26";"5";""
"202400048806";"155695836";"A01";"3";"7";"12";"0";"9";"1";"1";""
"202400048807";"155695838";"A01";"1";"7";"1";"0";"2";"14";"1";""
"202400048808";"155695835";"A01";"1";"7";"0";"2";"2";"1";"1";""
"202400048808";"155695837";"B01";"1";"7";"0";"2";"6";"11";"1";""
"202400048809";"155695834";"A01";"1";"2";"0";"0";"8";"1";"1";""
"202400048810";"155695828";"A01";"3";"7";"2";"0";"1";"13";"1";""
"202400048811";"155695831";"Z01";"3";"7";"0";"1";"1";"1";"1";""
"202400048812";"155695830";"A01";"2";"7";"0";"2";"1";"15";"1";""
"202400048812";"155695832";"B01";"1";"34";"0";"2";"8";"1";"1";""
"202400048813";"155695824";"A01";"1";"17";"0";"2";"2";"1";"1";""
"202400048813";"155695827";"C01";"1";"7";"0";"2";"1";"1";"1";""
"202400048813";"155695829";"D01";"1";"7";"0";"2";"1";"0";"1";""
"202400048813";"155695833";"B01";"1";"7";"0";"2";"4";"11";"2";""
"202400048814";"155695823";"A01";"3";"7";"0";"9";"5";"16";"1";""
"202400048814";"155695826";"B01";"3";"1";"0";"2";"1";"15";"5";""
"202400048815";"155695822";"B01";"1";"7";"0";"2";"1";"26";"1";""
"202400048815";"155695825";"A01";"0";"2";"0";"2";"1";"5";"1";""
"202400048816";"155695820";"B01";"1";"37";"0";"2";"1";"15";"1";"1"
"202400048816";"155695821";"A01";"1";"1";"0";"2";"1";"1";"5";""
"202400048817";"155695816";"A01";"2";"7";"0";"2";"0";"17";"1";""
"202400048817";"155695819";"B01";"1";"30";"0";"2";"1";"15";"1";""
"202400048818";"155695814";"A01";"2";"7";"1";"1";"3";"0";"1";""
"202400048819";"155695811";"B01";"2";"2";"0";"2";"1";"1";"1";""
"202400048819";"155695815";"A01";"1";"7";"0";"2";"2";"1";"1";""
"202400048820";"155695808";"B01";"1";"7";"0";"2";"8";"13";"1";""
"202400048820";"155695810";"A01";"1";"33";"0";"2";"8";"1";"1";""
"202400048821";"155695807";"B01";"2";"7";"0";"0";"8";"15";"1";""
"202400048821";"155695809";"A01";"2";"33";"0";"2";"7";"17";"1";""
"202400048822";"155695805";"A01";"1";"7";"0";"1";"1";"1";"0";""
"202400048823";"155695804";"A01";"1";"7";"0";"2";"2";"12";"1";""
"202400048823";"155695806";"B01";"1";"33";"0";"2";"8";"3";"1";""
"202400048824";"155695802";"A01";"2";"10";"0";"1";"3";"2";"1";""
"202400048825";"155695803";"A01";"1";"7";"0";"1";"3";"26";"1";""
"202400048826";"155695799";"B01";"3";"7";"0";"2";"6";"15";"1";""
"202400048826";"155695801";"A01";"0";"34";"0";"2";"1";"2";"1";""
"202400048827";"155695798";"B01";"1";"7";"4";"2";"3";"1";"1";""
"202400048827";"155695800";"A01";"1";"7";"0";"2";"5";"12";"1";""
"202400048828";"155695794";"A01";"2";"7";"0";"1";"4";"4";"0";""
"202400048829";"155695792";"A01";"3";"7";"0";"2";"3";"15";"1";""
"202400048829";"155695797";"B01";"3";"50";"0";"2";"2";"9";"3";""
"202400048830";"155695793";"Z01";"1";"7";"0";"2";"1";"1";"0";""
"202400048830";"155695796";"A01";"1";"7";"0";"9";"4";"1";"1";""
"202400048831";"155695791";"B01";"3";"7";"0";"2";"1";"1";"1";""
"202400048831";"155695795";"A01";"3";"60";"0";"2";"7";"19";"5";""
"202400048832";"155695788";"A01";"1";"7";"0";"1";"3";"15";"1";""
"202400048833";"155695787";"A01";"1";"7";"0";"9";"0";"0";"0";""
"202400048833";"155695789";"B01";"2";"1";"0";"2";"4";"2";"5";""
"202400048834";"155695785";"A01";"1";"7";"0";"0";"3";"1";"1";""
"202400048834";"155695790";"B01";"1";"2";"0";"0";"4";"0";"1";""
"202400048835";"155695780";"B01";"2";"10";"0";"2";"7";"16";"0";""
"202400048835";"155695783";"A01";"2";"32";"0";"2";"1";"1";"1";""
"202400048836";"155695781";"B01";"1";"7";"0";"2";"1";"1";"1";""
"202400048836";"155695784";"C01";"1";"7";"0";"2";"8";"1";"1";""
"202400048836";"155695786";"A01";"1";"1";"0";"2";"8";"19";"5";""
"202400048837";"155695778";"A01";"1";"7";"3";"0";"1";"0";"1";""
"202400048838";"155695779";"B01";"1";"2";"0";"2";"8";"1";"1";""
"202400048838";"155695782";"A01";"1";"7";"0";"9";"3";"15";"1";""
"202400048839";"155695776";"Z01";"1";"7";"0";"1";"0";"0";"0";""
"202400048840";"155695775";"B01";"2";"34";"0";"2";"1";"1";"1";""
"202400048840";"155695777";"A01";"2";"10";"0";"2";"5";"1";"1";""
"202400048841";"155695771";"A01";"1";"7";"0";"1";"4";"4";"1";""
"202400048842";"155695770";"A01";"2";"7";"0";"2";"8";"10";"1";""
"202400048842";"155695773";"B01";"2";"34";"0";"2";"1";"1";"1";""
"202400048843";"155695768";"A01";"1";"7";"0";"1";"2";"1";"1";""
"202400048844";"155695769";"C01";"1";"17";"0";"2";"2";"1";"1";""
"202400048844";"155695772";"A01";"1";"7";"3";"2";"6";"18";"1";""
"202400048844";"155695774";"B01";"1";"7";"3";"2";"2";"1";"0";""
"202400048845";"155695764";"B01";"2";"60";"0";"2";"4";"0";"5";""
"202400048845";"155695767";"A01";"2";"1";"0";"2";"4";"14";"5";""
"202400048846";"155695759";"A01";"1";"50";"0";"2";"1";"1";"3";""
"202400048846";"155695761";"B01";"2";"10";"0";"9";"3";"15";"3";""
"202400048847";"155695760";"B01";"2";"7";"0";"0";"4";"23";"1";""
"202400048847";"155695762";"A01";"2";"17";"0";"2";"3";"1";"1";""
"202400048848";"155695765";"A01";"0";"32";"0";"2";"1";"0";"1";""
"202400048848";"155695766";"B01";"0";"7";"0";"2";"3";"0";"1";""
"202400048849";"155695755";"A01";"2";"3";"0";"2";"2";"15";"1";""
"202400048849";"155695758";"B01";"2";"32";"0";"2";"1";"1";"1";""
"202400048850";"155695754";"A01";"3";"10";"1";"2";"0";"1";"0";""
"202400048850";"155695756";"B01";"3";"10";"1";"2";"5";"1";"1";""
"202400048851";"155695753";"A01";"2";"7";"0";"2";"3";"0";"1";""
"202400048851";"155695757";"B01";"1";"7";"0";"2";"3";"0";"1";""
"202400048852";"155695750";"A01";"1";"50";"0";"2";"3";"25";"3";""
"202400048852";"155695752";"B01";"1";"7";"0";"2";"1";"1";"1";""
"202400048853";"155695745";"B01";"1";"17";"0";"2";"2";"1";"1";""
"202400048853";"155695747";"A01";"2";"7";"0";"2";"8";"16";"1";""
"202400048854";"155695743";"B01";"1";"33";"0";"2";"8";"1";"1";""
"202400048854";"155695744";"A01";"1";"7";"0";"2";"8";"15";"1";""
"202400048855";"155695742";"B01";"2";"7";"8";"2";"4";"2";"1";""
"202400048855";"155695746";"A01";"2";"10";"0";"2";"1";"2";"1";""
"202400048856";"155695739";"Z01";"2";"0";"0";"2";"0";"2";"0";""
"202400048857";"155695737";"A01";"0";"1";"0";"0";"0";"1";"5";""
"202400048858";"155695741";"A01";"1";"7";"0";"1";"1";"17";"2";""
"202400048859";"155695738";"B01";"1";"7";"0";"2";"2";"1";"1";""
"202400048859";"155695740";"A01";"1";"7";"0";"2";"3";"9";"1";""
"202400048860";"155695735";"A01";"2";"7";"13";"0";"9";"2";"1";""
"202400048861";"155695733";"A01";"1";"7";"2";"0";"7";"14";"1";""
"202400048862";"155695734";"B01";"1";"7";"0";"2";"4";"1";"1";""
"202400048862";"155695736";"A01";"1";"7";"0";"2";"1";"1";"1";""
"202400048863";"155695732";"A01";"2";"7";"0";"1";"2";"1";"1";""
"202400048864";"155695729";"B01";"2";"7";"0";"2";"8";"15";"1";""
"202400048864";"155695731";"A01";"2";"30";"0";"2";"1";"17";"3";""
"202400048865";"155695730";"A01";"1";"33";"0";"0";"7";"14";"1";""
"202400048866";"155695722";"A01";"1";"30";"0";"2";"7";"1";"1";""
"202400048866";"155695727";"B01";"3";"7";"0";"2";"3";"1";"1";""
"202400048867";"155695723";"A01";"1";"7";"0";"2";"1";"2";"0";""
"202400048867";"155695726";"B01";"1";"3";"0";"2";"4";"1";"0";""
"202400048867";"155695728";"C01";"1";"2";"0";"2";"4";"2";"0";""
"202400048868";"155695721";"A01";"1";"7";"13";"0";"2";"1";"1";""
"202400048869";"155695720";"A01";"1";"7";"0";"2";"1";"1";"1";""
"202400048869";"155695724";"B01";"3";"50";"0";"2";"0";"0";"3";""
"202400048870";"155695719";"A01";"1";"13";"13";"0";"1";"0";"1";""
"202400048871";"155695716";"A01";"2";"7";"0";"2";"6";"15";"1";""
"202400048871";"155695718";"B01";"2";"2";"0";"2";"3";"17";"1";""
"202400048872";"155695713";"A01";"1";"7";"0";"2";"8";"15";"1";""
"202400048872";"155695717";"B01";"1";"33";"0";"2";"2";"0";"1";""
"202400048873";"155695710";"A01";"0";"7";"0";"2";"3";"15";"1";""
"202400048873";"155695715";"B01";"0";"80";"0";"2";"8";"1";"3";""
"202400048874";"155695707";"A01";"2";"7";"0";"2";"2";"11";"1";""
"202400048874";"155695709";"B01";"2";"32";"0";"2";"1";"1";"1";""
"202400048875";"155695705";"A01";"2";"7";"2";"0";"3";"1";"1";""
"202400048876";"155695708";"A01";"2";"7";"0";"2";"5";"15";"1";""
"202400048876";"155695712";"B01";"1";"2";"0";"2";"2";"1";"1";""
"202400048877";"155695704";"B01";"2";"33";"0";"2";"1";"1";"1";""
"202400048877";"155695706";"A01";"2";"7";"0";"2";"2";"9";"1";""
"202400048878";"155695703";"A01";"1";"7";"0";"1";"1";"1";"1";""
"202400048879";"155695702";"A01";"3";"30";"0";"1";"1";"1";"1";""
"202400048880";"155695701";"A01";"1";"7";"2";"0";"1";"1";"1";""
"202400048881";"155695698";"A01";"2";"31";"6";"0";"1";"26";"1";""
"202400048882";"155695699";"A01";"1";"33";"0";"2";"1";"5";"1";""
"202400048882";"155695700";"B01";"1";"7";"0";"2";"3";"15";"1";""
"202400048883";"155695694";"A01";"1";"7";"0";"2";"5";"15";"1";""
"202400048883";"155695696";"B01";"2";"1";"0";"2";"1";"1";"5";""
"202400048884";"155695693";"A01";"1";"33";"17";"0";"1";"1";"1";""
"202400048885";"155695691";"A01";"2";"10";"13";"0";"1";"14";"1";""
"202400048886";"155695690";"Y01";"3";"1";"0";"0";"7";"14";"5";""
"202400048886";"155695692";"B01";"2";"7";"0";"0";"0";"0";"0";""
"202400048887";"155695686";"B01";"2";"2";"0";"2";"3";"1";"1";""
"202400048887";"155695688";"A01";"3";"7";"0";"0";"5";"19";"1";""
"202400048888";"155695683";"A01";"1";"7";"8";"0";"3";"1";"1";""
"202400048889";"155695685";"A01";"3";"7";"0";"2";"2";"15";"1";""
"202400048889";"155695689";"B01";"3";"7";"0";"2";"8";"1";"1";""
"202400048890";"155695682";"C01";"2";"7";"0";"2";"4";"2";"1";""
"202400048890";"155695684";"B01";"2";"7";"0";"2";"4";"2";"1";""
"202400048890";"155695687";"A01";"2";"7";"0";"2";"1";"2";"1";""
"202400048891";"155695678";"A01";"2";"7";"2";"0";"2";"14";"1";""
"202400048892";"155695679";"A01";"2";"7";"0";"2";"2";"13";"1";""
"202400048892";"155695681";"B01";"2";"7";"0";"0";"6";"11";"1";""
"202400048893";"155695674";"A01";"1";"7";"0";"2";"3";"9";"1";""
"202400048893";"155695677";"B01";"1";"7";"0";"2";"2";"1";"1";""
"202400048894";"155695672";"A01";"1";"7";"0";"2";"3";"17";"1";""
"202400048894";"155695675";"B01";"2";"7";"0";"2";"3";"1";"1";""
"202400048895";"155695671";"A01";"1";"32";"0";"2";"4";"0";"1";""
"202400048895";"155695673";"B01";"1";"13";"0";"2";"1";"2";"1";""
"202400048895";"155695676";"C01";"1";"7";"0";"2";"6";"0";"1";""
"202400048895";"155695680";"D01";"1";"14";"0";"2";"2";"0";"1";""
"202400048896";"155695669";"A01";"2";"10";"0";"2";"1";"17";"1";""
"202400048896";"155695670";"B01";"1";"7";"0";"2";"1";"1";"1";""
"202400048897";"155695667";"Z01";"3";"0";"0";"1";"1";"15";"0";""
"202400048898";"155695666";"Z01";"3";"7";"0";"2";"0";"15";"0";""
"202400048899";"155695665";"A01";"2";"7";"0";"2";"1";"1";"1";""
"202400048899";"155695668";"B01";"2";"7";"0";"2";"4";"1";"1";""
"202400048900";"155695662";"B01";"2";"1";"0";"2";"4";"23";"5";""
"202400048900";"155695664";"A01";"2";"7";"0";"2";"2";"1";"2";""
"202400048901";"155695659";"A01";"2";"7";"9";"0";"4";"1";"1";""
"202400048902";"155695657";"C01";"2";"7";"0";"2";"8";"2";"1";""
"202400048902";"155695661";"A01";"2";"7";"0";"2";"1";"2";"1";""
"202400048902";"155695663";"B01";"2";"7";"0";"2";"5";"2";"1";""
"202400048903";"155695660";"A01";"1";"7";"0";"1";"2";"1";"1";""
"202400048904";"155695656";"A01";"2";"7";"13";"0";"9";"0";"1";""
"202400048905";"155695655";"A01";"3";"30";"0";"2";"1";"13";"1";""
"202400048905";"155695658";"B01";"3";"7";"0";"2";"1";"1";"1";""
"202400048906";"155695653";"A01";"1";"17";"3";"0";"1";"12";"1";""
"202400048907";"155695652";"B01";"2";"7";"0";"2";"1";"1";"1";""
"202400048907";"155695654";"A01";"1";"7";"0";"2";"7";"13";"1";""
"202400048908";"155695650";"A01";"1";"7";"13";"0";"1";"1";"1";""
"202400048909";"155695646";"A01";"1";"33";"0";"2";"1";"1";"1";""
"202400048909";"155695649";"B01";"1";"38";"0";"2";"4";"1";"1";"1"
"202400048910";"155695648";"A01";"1";"7";"0";"2";"2";"1";"1";""
"202400048910";"155695651";"B01";"3";"1";"0";"2";"1";"19";"5";""
"202400048911";"155695644";"A01";"2";"7";"0";"2";"7";"13";"1";""
"202400048911";"155695647";"B01";"1";"7";"0";"2";"1";"1";"1";""
"202400048912";"155695642";"A01";"3";"7";"0";"2";"3";"1";"1";""
"202400048912";"155695645";"B01";"3";"7";"0";"2";"3";"1";"1";""
"202400048913";"155695640";"A01";"0";"7";"6";"0";"1";"1";"1";""
"202400048914";"155695638";"C01";"2";"7";"0";"2";"1";"1";"1";""
"202400048914";"155695641";"A01";"2";"10";"0";"2";"9";"1";"1";""
"202400048914";"155695643";"B01";"2";"7";"0";"2";"6";"23";"3";""
"202400048915";"155695635";"A01";"3";"7";"0";"2";"3";"16";"1";""
"202400048915";"155695637";"B01";"3";"1";"0";"2";"2";"5";"5";""
"202400048916";"155695634";"A01";"1";"7";"0";"2";"5";"16";"1";""
"202400048916";"155695639";"B01";"1";"1";"0";"2";"1";"1";"5";""
"202400048917";"155695633";"B01";"1";"2";"0";"2";"1";"1";"1";""
"202400048917";"155695636";"A01";"2";"7";"0";"2";"2";"15";"1";""
"202400048918";"155695626";"B01";"1";"7";"0";"2";"8";"1";"1";""
"202400048918";"155695630";"A01";"2";"7";"0";"2";"3";"17";"1";""
"202400048918";"155695632";"C01";"2";"37";"0";"2";"3";"1";"1";"1"
"202400048919";"155695623";"A01";"1";"7";"0";"2";"1";"15";"1";""
"202400048919";"155695627";"B01";"2";"33";"0";"2";"1";"1";"1";""
"202400048920";"155695622";"A01";"3";"7";"0";"2";"1";"1";"1";""
"202400048920";"155695629";"B01";"3";"7";"0";"2";"4";"0";"1";""
"202400048921";"155695624";"B01";"2";"7";"0";"2";"6";"1";"0";""
"202400048921";"155695628";"C01";"2";"7";"0";"2";"4";"1";"0";""
"202400048921";"155695631";"A01";"2";"7";"0";"2";"2";"1";"0";""
"202400048922";"155695621";"B01";"1";"34";"0";"2";"1";"1";"1";""
"202400048922";"155695625";"A01";"2";"10";"0";"2";"3";"15";"1";""
"202400048923";"155695620";"A01";"1";"7";"0";"1";"2";"16";"1";""
"202400048924";"155695616";"A01";"2";"33";"12";"2";"1";"18";"1";""
"202400048924";"155695619";"B01";"2";"10";"0";"2";"5";"1";"1";""
"202400048925";"155695615";"A01";"1";"10";"0";"2";"3";"1";"1";""
"202400048925";"155695618";"B01";"2";"7";"0";"2";"3";"1";"1";""
"202400048926";"155695613";"A01";"3";"7";"6";"0";"3";"1";"1";""
"202400048926";"155695617";"B01";"3";"7";"9";"2";"1";"1";"1";""
"202400048927";"155695609";"A01";"0";"2";"7";"0";"1";"5";"1";""
"202400048928";"155695608";"A01";"1";"7";"0";"2";"7";"15";"1";""
"202400048928";"155695612";"B01";"2";"34";"0";"2";"1";"1";"1";""
"202400048929";"155695604";"A01";"1";"7";"0";"2";"1";"1";"1";""
"202400048929";"155695607";"C01";"1";"7";"0";"2";"4";"1";"1";""
"202400048929";"155695610";"B01";"1";"7";"0";"2";"4";"1";"1";""
"202400048930";"155695605";"A01";"1";"7";"0";"2";"1";"1";"1";""
"202400048930";"155695611";"B01";"1";"7";"0";"2";"4";"1";"1";""
"202400048930";"155695614";"C01";"1";"7";"0";"2";"4";"1";"1";""
"202400048931";"155695602";"A01";"3";"1";"0";"2";"8";"21";"5";""
"202400048931";"155695606";"B01";"3";"1";"0";"2";"7";"21";"5";""
"202400048932";"155695600";"A01";"2";"7";"0";"2";"2";"1";"1";""
"202400048932";"155695603";"B01";"2";"7";"0";"2";"3";"9";"1";""
"202400048933";"155695601";"A01";"1";"50";"0";"1";"0";"1";"3";""
"202400048934";"155695596";"A01";"2";"7";"3";"0";"1";"14";"1";""
"202400048935";"155695595";"A01";"1";"33";"0";"2";"1";"2";"1";""
"202400048935";"155695599";"B01";"1";"7";"0";"2";"4";"2";"0";""
"202400048936";"155695594";"A01";"2";"30";"0";"2";"1";"17";"1";""
"202400048936";"155695598";"B01";"2";"7";"0";"2";"3";"15";"1";""
"202400048937";"155695592";"A01";"2";"7";"0";"0";"6";"1";"1";""
"202400048937";"155695597";"B01";"2";"10";"0";"2";"2";"1";"1";""
"202400048938";"155695590";"A01";"1";"7";"1";"0";"1";"13";"1";""
"202400048939";"155695589";"A01";"2";"7";"0";"2";"3";"15";"1";""
"202400048939";"155695593";"B01";"2";"2";"0";"2";"1";"17";"1";""
"202400048940";"155695585";"B01";"3";"7";"0";"2";"4";"23";"1";""
"202400048940";"155695587";"A01";"3";"7";"0";"2";"1";"2";"2";""
"202400048941";"155695584";"A01";"1";"2";"0";"2";"7";"17";"1";""
"202400048941";"155695588";"B01";"2";"7";"0";"2";"1";"15";"1";""
"202400048942";"155695576";"F01";"2";"10";"0";"2";"1";"2";"1";""
"202400048942";"155695580";"A01";"2";"7";"0";"2";"4";"23";"1";""
"202400048942";"155695582";"B01";"2";"7";"0";"2";"4";"23";"1";""
"202400048942";"155695583";"C01";"2";"7";"0";"2";"0";"0";"1";""
"202400048942";"155695586";"D01";"2";"7";"0";"2";"1";"2";"1";""
"202400048942";"155695591";"E01";"2";"7";"0";"2";"1";"1";"1";""
"202400048943";"155695574";"B01";"1";"7";"0";"2";"0";"0";"1";""
"202400048943";"155695581";"A01";"2";"50";"0";"2";"1";"26";"3";""
"202400048944";"155695573";"B01";"1";"7";"0";"2";" -1";"0";"1";""
"202400048944";"155695577";"A01";"3";"38";"0";"2";"3";"20";"1";"1"
"202400048945";"155695571";"A01";"2";"7";"0";"2";"1";"1";"1";""
"202400048945";"155695575";"B01";"2";"7";"0";"2";"4";"1";"1";""
"202400048945";"155695578";"C01";"2";"7";"3";"0";"4";"1";"1";""
"202400048946";"155695572";"A01";"1";"7";"0";"2";"1";"2";"1";""
"202400048946";"155695579";"B01";"1";"7";"0";"0";"4";"1";"1";""
"202400048947";"155695568";"A01";"1";"7";"0";"2";"2";"17";"1";""
"202400048947";"155695570";"B01";"1";"7";"0";"2";"6";"1";"1";""
"202400048948";"155695566";"A01";"1";"7";"0";"1";"1";"1";"2";""
"202400048949";"155695565";"A01";"1";"7";"0";"2";"2";"2";"1";""
"202400048949";"155695569";"B01";"1";"10";"14";"2";"4";"2";"1";""
"202400048950";"155695564";"A01";"2";"7";"0";"1";"2";"1";"1";""
"202400048951";"155695563";"A01";"2";"7";"0";"2";"3";"5";"1";""
"202400048951";"155695567";"B01";"1";"7";"3";"2";"1";"1";"1";""
"202400048952";"155695558";"A01";"2";"33";"0";"0";"7";"1";"1";""
"202400048953";"155695556";"B01";"1";"7";"0";"2";"7";"1";"1";""
"202400048953";"155695560";"A01";"2";"10";"0";"2";"1";"1";"1";""
"202400048954";"155695559";"A01";"1";"7";"1";"0";"1";"14";"1";""
"202400048955";"155695552";"A01";"0";"7";"2";"0";"1";"1";"1";""
"202400048956";"155695551";"A01";"1";"33";"0";"2";"1";"5";"1";""
"202400048956";"155695555";"B01";"2";"7";"0";"2";"1";"16";"1";""
"202400048957";"155695550";"A01";"1";"7";"0";"2";"1";"10";"1";""
"202400048957";"155695554";"B01";"1";"7";"0";"2";"8";"21";"1";""
"202400048957";"155695557";"C01";"1";"7";"0";"2";"2";"1";"1";""
"202400048957";"155695562";"D01";"1";"7";"0";"2";"1";"1";"1";""
"202400048958";"155695548";"A01";"0";"2";"0";"1";"1";"1";"1";""
"202400048959";"155695547";"A01";"1";"3";"0";"1";"1";"1";"1";""
"202400048960";"155695549";"B01";"1";"31";"1";"2";"1";"9";"1";""
"202400048960";"155695553";"C01";"3";"7";"1";"2";"3";"24";"1";""
"202400048960";"155695561";"A01";"2";"7";"0";"2";"3";"15";"1";""
"202400048961";"155695545";"A01";"3";"7";"0";"1";"3";"15";"1";""
"202400048962";"155695542";"A01";"3";"2";"0";"2";"3";"1";"6";""
"202400048962";"155695544";"B01";"3";"7";"6";"2";"3";"15";"1";""
"202400048963";"155695546";"A01";"3";"7";"11";"0";"1";"1";"1";""
"202400048964";"155695539";"A01";"2";"33";"0";"0";"0";"17";"1";""
"202400048965";"155695541";"B01";"3";"7";"0";"2";"7";"1";"1";""
"202400048965";"155695543";"A01";"1";"10";"0";"2";"1";"1";"0";""
"202400048966";"155695536";"A01";"1";"7";"13";"0";"1";"1";"1";""
"202400048967";"155695534";"B01";"1";"7";"0";"2";"5";"2";"3";""
"202400048967";"155695538";"A01";"2";"7";"0";"2";"0";"1";"1";""
"202400048967";"155695540";"C01";"1";"1";"0";"2";"0";"0";"5";""
"202400048968";"155695532";"A01";"2";"7";"3";"0";"1";"1";"1";""
"202400048969";"155695537";"A01";"2";"7";"1";"1";"4";"23";"1";""
"202400048970";"155695531";"B01";"2";"1";"0";"2";"1";"1";"5";""
"202400048970";"155695533";"A01";"3";"7";"0";"2";"3";"9";"2";""