"Num_Acc";"id_vehicule";"num_veh";"senc";"catv";"obs";"obsm";"choc";"manv";"motor";"occutc"
"202400048971";"155695528";"B01";"1";"2";"0";"2";"8";"1";"1";""
"202400048971";"155695530";"A01";"2";"10";"0";"2";"1";"10";"1";""
"202400048972";"155695527";"A01";"2";"7";"0";"2";"7";"13";"1";""
"202400048972";"155695529";"B01";"1";"7";"0";"2";"1";"1";"1";""
"202400048973";"155695535";"A01";"1";"7";"13";"0";"1";"6";"1";""
"202400048974";"155695522";"A01";"1";"7";"0";"2";"3";"0";"1";""
"202400048974";"155695524";"B01";"2";"7";"0";"2";"3";"0";"2";""
"202400048975";"155695521";"A01";"3";"50";"0";"2";"1";"1";"3";""
"202400048975";"155695525";"B01";"3";"7";"0";"2";"1";"1";"1";""
"202400048976";"155695518";"B01";"1";"7";"0";"2";"2";"1";"1";""
"202400048976";"155695523";"A01";"1";"33";"0";"2";"6";"13";"1";""
"202400048977";"155695516";"A01";"3";"7";"0";"1";"2";"1";"1";""
"202400048978";"155695515";"A01";"2";"7";"0";"2";"3";"13";"1";""
"202400048978";"155695520";"B01";"1";"7";"0";"2";"8";"0";"1";""
"202400048979";"155695514";"A01";"2";"7";"0";"2";"1";"2";"1";""
"202400048979";"155695517";"B01";"2";"7";"0";"2";"1";"1";"1";""
"202400048980";"155695513";"A01";"1";"7";"0";"2";"1";"1";"1";""
"202400048980";"155695519";"B01";"1";"7";"0";"2";"4";"23";"3";""
"202400048981";"155695508";"A01";"1";"7";"14";"0";"7";"13";"1";""
"202400048981";"155695510";"B01";"2";"7";"0";"2";"1";"23";"1";""
"202400048982";"155695509";"B01";"2";"7";"0";"2";"1";"2";"1";""
"202400048982";"155695511";"A01";"2";"7";"0";"2";"4";"2";"1";""
"202400048983";"155695507";"A01";"2";"7";"0";"2";"4";"1";"1";""
"202400048983";"155695512";"B01";"0";"10";"0";"2";"1";"1";"1";""
"202400048984";"155695502";"A01";"1";"7";"14";"0";"2";"1";"1";""
"202400048985";"155695504";"A01";"1";"33";"0";"2";"2";"3";"1";""
"202400048985";"155695505";"B01";"1";"7";"0";"2";"6";"15";"1";""
"202400048986";"155695500";"B01";"2";"7";"8";"2";"2";"1";"1";""
"202400048986";"155695506";"A01";"1";"7";"0";"2";"1";"19";"1";""
"202400048987";"155695496";"A01";"2";"7";"0";"0";"5";"2";"1";""
"202400048987";"155695499";"B01";"2";"7";"0";"2";"3";"2";"1";""
"202400048987";"155695503";"C01";"2";"7";"0";"2";"2";"2";"1";""
"202400048988";"155695493";"Z01";"2";"7";"0";"2";"0";"13";"0";""
"202400048988";"155695495";"B01";"2";"7";"0";"2";"7";"1";"1";""
"202400048988";"155695497";"C01";"2";"7";"4";"2";"3";"21";"2";""
"202400048989";"155695489";"A01";"1";"40";"0";"1";"8";"26";"3";""
"202400048990";"155695491";"B01";"2";"14";"0";"2";"1";"0";"0";""
"202400048990";"155695494";"A01";"1";"7";"0";"2";"3";"9";"2";""
"202400048991";"155695485";"B01";"0";"2";"0";"0";"8";"0";"1";""
"202400048991";"155695488";"A01";"3";"7";"0";"2";"1";"1";"1";""
"202400048991";"155695490";"Z01";"3";"7";"0";"2";"0";"0";"1";""
"202400048992";"155695484";"A01";"2";"33";"14";"0";"1";"1";"1";""
"202400048993";"155695482";"A01";"1";"7";"0";"1";"1";"1";"1";""
"202400048994";"155695480";"A01";"1";"30";"16";"2";"2";"24";"1";""
"202400048994";"155695487";"C01";"1";"99";"0";"2";"1";"1";"0";""
"202400048994";"155695492";"B01";"1";"99";"14";"2";"8";"16";"1";""
"202400048995";"155695476";"A01";"1";"7";"0";"2";"2";"15";"1";""
"202400048995";"155695479";"B01";"1";"32";"0";"2";"8";"1";"1";""
"202400048996";"155695477";"A01";"1";"7";"0";"2";"3";"16";"1";""
"202400048996";"155695481";"B01";"1";"31";"0";"2";"1";"1";"1";""
"202400048997";"155695472";"A01";"2";"7";"0";"1";"2";"26";"1";""
"202400048998";"155695471";"A01";"1";"34";"0";"2";"0";"1";"1";""
"202400048998";"155695474";"B01";"1";"10";"0";"2";"4";"1";"1";""
"202400048999";"155695468";"A01";"2";"7";"3";"0";"1";"1";"1";""
"202400049000";"155695470";"A01";"2";"7";"0";"2";"3";"1";"1";""
"202400049000";"155695475";"C01";"2";"7";"0";"2";"4";"23";"1";""
"202400049000";"155695478";"B01";"2";"7";"0";"2";"4";"23";"1";""
"202400049001";"155695473";"A01";"2";"7";"1";"1";"3";"21";"1";""
"202400049002";"155695466";"A01";"1";"7";"0";"1";"5";"1";"3";""
"202400049003";"155695464";"B01";"3";"33";"0";"2";"3";"1";"1";""
"202400049003";"155695469";"A01";"3";"7";"0";"2";"3";"15";"1";""
"202400049004";"155695458";"A01";"1";"7";"0";"2";"1";"1";"1";""
"202400049004";"155695463";"B01";"1";"7";"0";"2";"4";"1";"2";""
"202400049005";"155695459";"A01";"3";"7";"0";"1";"1";"0";"2";""
"202400049006";"155695457";"A01";"1";"2";"14";"2";"3";"3";"1";""
"202400049006";"155695460";"B01";"1";"7";"0";"2";"2";"13";"2";""
"202400049007";"155695462";"A01";"2";"14";"6";"2";"4";"1";"1";""
"202400049007";"155695465";"B01";"2";"2";"0";"2";"1";"2";"1";""
"202400049008";"155695453";"C01";"1";"7";"0";"0";"6";"1";"1";""
"202400049008";"155695455";"A01";"1";"7";"0";"2";"1";"1";"1";""
"202400049008";"155695456";"B01";"1";"7";"0";"2";"4";"1";"1";""
"202400049009";"155695454";"A01";"1";"2";"0";"0";"8";"15";"3";""
"202400049010";"155695461";"B01";"3";"50";"0";"2";"0";"0";"3";""
"202400049010";"155695467";"A01";"2";"7";"0";"2";"7";"1";"1";""
"202400049011";"155695448";"B01";"1";"7";"6";"2";"8";"1";"1";""
"202400049011";"155695452";"A01";"2";"7";"0";"2";"1";"15";"1";""
"202400049012";"155695447";"B01";"1";"2";"0";"0";"0";"2";"1";""
"202400049012";"155695449";"A01";"1";"7";"0";"0";"0";"2";"1";""
"202400049013";"155695446";"A01";"2";"7";"0";"2";"7";"16";"1";""
"202400049013";"155695451";"B01";"2";"50";"0";"2";"8";"1";"3";""
"202400049014";"155695442";"A01";"2";"7";"3";"2";"7";"17";"1";""
"202400049014";"155695443";"B01";"2";"14";"0";"2";"8";"1";"1";""
"202400049014";"155695445";"C01";"2";"7";"0";"2";"8";"1";"1";""
"202400049014";"155695450";"D01";"2";"10";"0";"2";"7";"1";"1";""
"202400049015";"155695440";"A01";"2";"50";"0";"1";"1";"1";"3";""
"202400049016";"155695441";"A01";"1";"7";"0";"1";"3";"19";"1";""
"202400049017";"155695439";"A01";"1";"34";"0";"2";"2";"2";"1";""
"202400049017";"155695444";"B01";"1";"7";"0";"2";"3";"2";"2";""
"202400049018";"155695434";"A01";"1";"1";"0";"0";"1";"1";"5";""
"202400049019";"155695435";"B01";"2";"7";"0";"2";"6";"23";"2";""
"202400049019";"155695438";"A01";"2";"33";"0";"2";"1";"3";"1";""
"202400049020";"155695436";"A01";"1";"7";"0";"1";"2";"1";"1";""
"202400049021";"155695429";"B01";"1";"7";"0";"9";"3";"2";"2";""
"202400049021";"155695432";"A01";"1";"1";"0";"2";"1";"2";"5";""
"202400049022";"155695430";"A01";"1";"7";"6";"0";"2";"1";"1";""
"202400049023";"155695427";"A01";"1";"7";"0";"2";"1";"1";"1";""
"202400049023";"155695431";"B01";"1";"2";"0";"2";"1";"1";"1";""
"202400049024";"155695426";"A01";"2";"7";"0";"2";"2";"21";"1";""
"202400049024";"155695428";"B01";"2";"33";"0";"2";"4";"2";"1";""
"202400049025";"155695424";"A01";"2";"31";"0";"2";"1";"18";"3";""
"202400049025";"155695425";"B01";"2";"7";"0";"0";"7";"14";"1";""
"202400049026";"155695422";"A01";"0";"7";"0";"1";"3";"1";"1";""
"202400049027";"155695419";"A01";"1";"7";"0";"2";"1";"13";"1";""
"202400049027";"155695421";"B01";"1";"7";"0";"2";"5";"1";"1";""
"202400049028";"155695420";"A01";"2";"10";"0";"2";"8";"11";"1";""
"202400049028";"155695423";"B01";"2";"7";"0";"2";"1";"1";"1";""
"202400049029";"155695416";"B01";"1";"30";"0";"2";"1";"1";"1";""
"202400049029";"155695418";"A01";"2";"7";"0";"2";"2";"15";"1";""
"202400049030";"155695414";"A01";"2";"10";"14";"1";"2";"1";"1";""
"202400049031";"155695408";"A01";"3";"7";"0";"2";"1";"2";"1";""
"202400049031";"155695411";"B01";"3";"7";"0";"2";"4";"23";"1";""
"202400049032";"155695407";"C01";"2";"10";"0";"2";"4";"2";"1";""
"202400049032";"155695410";"D01";"2";"7";"0";"2";"4";"2";"2";""
"202400049032";"155695412";"B01";"2";"7";"0";"2";"4";"2";"3";""
"202400049032";"155695415";"A01";"2";"7";"0";"2";"1";"2";"2";""
"202400049033";"155695406";"A01";"1";"7";"0";"2";"3";"1";"1";""
"202400049033";"155695409";"B01";"2";"2";"0";"2";"1";"3";"1";""
"202400049034";"155695413";"A01";"1";"2";"12";"2";"4";"26";"1";""
"202400049035";"155695405";"A01";"3";"7";"0";"2";"3";"15";"1";""
"202400049035";"155695417";"B01";"3";"1";"0";"2";"0";"13";"5";""
"202400049036";"155695401";"A01";"2";"34";"0";"2";"1";"13";"1";""
"202400049036";"155695404";"B01";"1";"7";"0";"2";"1";"26";"1";""
"202400049037";"155695399";"A01";"2";"2";"0";"2";"1";"18";"1";""
"202400049037";"155695403";"B01";"3";"7";"0";"9";"1";"2";"1";""
"202400049038";"155695397";"A01";"1";"10";"0";"0";"0";"1";"1";""
"202400049038";"155695402";"B01";"1";"7";"0";"9";"1";"1";"1";""
"202400049039";"155695398";"A01";"1";"7";"0";"1";"3";"15";"1";""
"202400049040";"155695393";"A01";"1";"37";"0";"1";"5";"16";"1";"1"
"202400049041";"155695394";"A01";"1";"7";"0";"0";"9";"16";"1";""
"202400049042";"155695391";"A01";"3";"30";"0";"2";"2";"1";"1";""
"202400049042";"155695395";"B01";"3";"7";"1";"2";"1";"15";"1";""
"202400049043";"155695390";"A01";"1";"7";"2";"0";"7";"13";"1";""
"202400049044";"155695396";"A01";"1";"7";"6";"0";"1";"1";"1";""
"202400049045";"155695387";"A01";"1";"1";"0";"2";"3";"13";"5";""
"202400049045";"155695389";"B01";"1";"7";"0";"2";"5";"1";"1";""
"202400049046";"155695386";"A01";"3";"7";"0";"0";"3";"22";"1";""
"202400049046";"155695392";"B01";"3";"1";"0";"0";"1";"1";"5";""
"202400049047";"155695385";"A01";"1";"7";"0";"1";"2";"1";"1";""
"202400049048";"155695383";"A01";"2";"7";"0";"2";"1";"1";"1";""
"202400049048";"155695388";"B01";"1";"7";"0";"2";"3";"1";"1";""
"202400049049";"155695382";"A01";"2";"2";"12";"0";"1";"2";"1";""
"202400049050";"155695381";"A01";"1";"7";"1";"0";"1";"1";"1";""
"202400049051";"155695379";"A01";"1";"7";"1";"0";"2";"13";"1";""
"202400049052";"155695378";"B01";"1";"50";"0";"2";"1";"1";"3";""
"202400049052";"155695384";"A01";"1";"7";"0";"2";"7";"1";"1";""
"202400049053";"155695377";"A01";"1";"7";"3";"0";"1";"1";"1";""
"202400049054";"155695375";"Z01";"1";"7";"0";"2";"2";"5";"1";""
"202400049054";"155695380";"B01";"2";"31";"0";"2";"1";"1";"1";""
"202400049055";"155695371";"A01";"1";"7";"0";"2";"1";"0";"1";""
"202400049055";"155695374";"B01";"1";"7";"0";"0";"4";"2";"1";""
"202400049056";"155695370";"B01";"1";"50";"0";"2";"4";"16";"3";""
"202400049056";"155695373";"A01";"1";"7";"0";"9";"1";"2";"0";""
"202400049057";"155695372";"A01";"0";"7";"0";"2";"4";"2";"1";""
"202400049057";"155695376";"B01";"0";"7";"0";"2";"1";"2";"1";""
"202400049058";"155695368";"A01";"2";"7";"4";"0";"1";"0";"1";""
"202400049059";"155695365";"A01";"3";"7";"0";"9";"3";"10";"1";""
"202400049059";"155695367";"B01";"3";"33";"0";"2";"1";"2";"1";""
"202400049060";"155695364";"Z01";"3";"30";"0";"2";"1";"19";"0";""
"202400049060";"155695366";"A01";"1";"30";"0";"2";"8";"15";"1";""
"202400049061";"155695360";"A01";"3";"7";"0";"0";"4";"26";"0";""
"202400049061";"155695363";"B01";"3";"1";"0";"2";"0";"0";"5";""
"202400049062";"155695358";"A01";"3";"7";"0";"2";"6";"23";"1";""
"202400049062";"155695369";"B01";"2";"7";"0";"2";"1";"21";"1";""
"202400049063";"155695354";"A01";"2";"7";"0";"2";"3";"13";"1";""
"202400049063";"155695362";"B01";"1";"10";"0";"2";"1";"1";"1";""
"202400049064";"155695353";"A01";"2";"7";"0";"2";"8";"13";"1";""
"202400049064";"155695357";"B01";"2";"7";"0";"2";"3";"1";"1";""
"202400049065";"155695352";"A01";"1";"10";"0";"2";"2";"16";"1";""
"202400049065";"155695356";"B01";"1";"50";"0";"2";"1";"1";"3";""
"202400049066";"155695349";"A01";"3";"7";"0";"2";"1";"21";"1";""
"202400049066";"155695355";"B01";"3";"7";"0";"2";"4";"23";"1";""
"202400049067";"155695348";"A01";"1";"7";"1";"0";"2";"1";"0";""
"202400049067";"155695350";"B01";"3";"50";"0";"0";"0";"0";"3";""
"202400049068";"155695347";"A01";"1";"7";"0";"2";"1";"1";"1";""
"202400049068";"155695351";"C01";"1";"7";"0";"2";"1";"1";"1";""
"202400049068";"155695359";"B01";"1";"7";"0";"2";"4";"1";"1";""
"202400049068";"155695361";"D01";"1";"10";"0";"2";"1";"1";"1";""
"202400049069";"155695346";"Z01";"1";"7";"0";"1";"2";"1";"0";""
"202400049070";"155695341";"A01";"1";"33";"0";"0";"0";"1";"1";""
"202400049071";"155695340";"B01";"2";"32";"0";"2";"1";"0";"1";""
"202400049071";"155695345";"Z01";"1";"0";"0";"2";"0";"0";"0";""
"202400049072";"155695339";"A01";"2";"7";"0";"0";"7";"20";"1";""
"202400049072";"155695344";"B01";"1";"1";"0";"2";"1";"1";"5";""
"202400049073";"155695336";"B01";"2";"10";"0";"2";"3";"1";"1";""
"202400049073";"155695343";"A01";"2";"1";"0";"2";"2";"19";"5";""
"202400049074";"155695328";"A01";"2";"7";"0";"2";"1";"26";"1";""
"202400049074";"155695333";"B01";"2";"7";"0";"2";"4";"2";"1";""
"202400049074";"155695337";"C01";"2";"7";"0";"2";"1";"2";"1";""
"202400049075";"155695330";"B01";"2";"1";"0";"2";"1";"1";"5";""
"202400049075";"155695334";"A01";"1";"7";"1";"2";"1";"26";"1";""
"202400049076";"155695331";"C01";"1";"7";"0";"2";"4";"2";"1";""
"202400049076";"155695338";"A01";"1";"7";"0";"2";"4";"2";"1";""
"202400049076";"155695342";"B01";"1";"7";"0";"2";"4";"1";"1";""
"202400049077";"155695332";"A01";"1";"7";"0";"2";"4";"23";"1";""
"202400049077";"155695335";"B01";"1";"30";"0";"2";"1";"1";"1";""
"202400049078";"155695326";"A01";"2";"7";"13";"0";"1";"14";"1";""
"202400049079";"155695329";"A01";"2";"34";"4";"0";"1";"2";"1";""
"202400049080";"155695325";"A01";"1";"7";"0";"2";"5";"15";"1";""
"202400049080";"155695327";"B01";"2";"31";"0";"2";"1";"2";"1";""
"202400049081";"155695321";"A01";"1";"7";"15";"0";"3";"1";"1";""
"202400049082";"155695320";"A01";"2";"7";"0";"2";"2";"1";"1";""
"202400049082";"155695324";"B01";"2";"15";"0";"0";"5";"1";"1";""
"202400049083";"155695323";"A01";"0";"7";"0";"1";"4";"4";"1";""
"202400049084";"155695317";"A01";"2";"7";"15";"0";"1";"1";"1";""
"202400049085";"155695316";"A01";"1";"7";"9";"0";"1";"1";"2";""
"202400049086";"155695310";"A01";"1";"7";"0";"2";"4";"0";"1";""
"202400049086";"155695315";"B01";"1";"1";"0";"2";"1";"1";"5";""
"202400049087";"155695312";"A01";"0";"2";"1";"0";"1";"0";"1";""
"202400049088";"155695311";"A01";"2";"31";"0";"2";"8";"3";"1";""
"202400049088";"155695319";"B01";"2";"7";"0";"2";"7";"12";"3";""
"202400049089";"155695313";"A01";"1";"7";"0";"2";"1";"9";"1";""
"202400049089";"155695318";"B01";"3";"7";"0";"2";"5";"1";"1";""
"202400049090";"155695309";"A01";"2";"7";"2";"0";"3";"1";"1";""
"202400049091";"155695306";"A01";"2";"33";"0";"0";"9";"1";"1";""
"202400049092";"155695303";"A01";"1";"32";"0";"1";"2";"0";"1";""
"202400049093";"155695304";"B01";"2";"7";"0";"2";"1";"1";"1";""
"202400049093";"155695308";"A01";"1";"7";"0";"2";"7";"15";"3";""
"202400049094";"155695301";"A01";"1";"7";"0";"2";"2";"15";"1";""
"202400049094";"155695307";"B01";"2";"30";"0";"2";"9";"12";"1";""
"202400049095";"155695298";"A01";"1";"10";"0";"9";"2";"17";"1";""
"202400049095";"155695302";"B01";"1";"80";"0";"2";"3";"13";"3";""
"202400049096";"155695294";"A01";"1";"2";"0";"2";"1";"19";"1";""
"202400049096";"155695300";"B01";"2";"15";"0";"2";"7";"1";"1";""
"202400049097";"155695291";"B01";"2";"7";"0";"2";"6";"21";"1";""
"202400049097";"155695297";"A01";"1";"7";"0";"2";"3";"13";"2";""
"202400049098";"155695292";"A01";"3";"7";"1";"0";"2";"1";"1";""
"202400049099";"155695293";"A01";"1";"34";"0";"2";"1";"17";"1";""
"202400049099";"155695299";"C01";"2";"7";"0";"2";"1";"1";"3";""
"202400049099";"155695305";"B01";"2";"10";"0";"2";"5";"15";"1";""
"202400049100";"155695290";"A01";"1";"7";"0";"2";"2";"12";"1";""
"202400049100";"155695295";"B01";"1";"7";"0";"2";"8";"1";"1";""
"202400049101";"155695287";"A01";"1";"80";"0";"0";"0";"21";"3";""
"202400049102";"155695286";"A01";"1";"7";"2";"0";"2";"14";"1";""
"202400049103";"155695296";"A01";"1";"7";"1";"0";"0";"1";"1";""
"202400049104";"155695282";"B01";"2";"7";"0";"2";"5";"15";"1";""
"202400049104";"155695289";"A01";"1";"32";"0";"2";"1";"1";"1";""
"202400049105";"155695281";"A01";"2";"1";"0";"2";"9";"13";"5";""
"202400049105";"155695285";"B01";"1";"21";"0";"0";"6";"1";"1";""
"202400049105";"155695288";"C01";"2";"1";"0";"9";"1";"2";"5";""
"202400049106";"155695278";"A01";"3";"10";"0";"1";"3";"26";"1";""
"202400049107";"155695276";"B01";"3";"7";"9";"2";"1";"1";"1";""
"202400049107";"155695283";"A01";"3";"7";"1";"2";"9";"1";"1";""
"202400049108";"155695279";"A01";"3";"7";"1";"2";"1";"13";"0";""
"202400049108";"155695284";"B01";"3";"7";"0";"2";"1";"1";"0";""
"202400049109";"155695277";"A01";"1";"15";"0";"2";"4";"2";"1";""
"202400049109";"155695280";"B01";"1";"33";"0";"2";"1";"23";"1";""
"202400049110";"155695273";"A01";"1";"31";"0";"1";"1";"1";"1";""
"202400049111";"155695269";"A01";"2";"36";"15";"0";"1";"1";"1";""
"202400049112";"155695272";"A01";"2";"7";"0";"2";"7";"1";"1";""
"202400049112";"155695275";"B01";"3";"1";"0";"2";"1";"19";"5";""
"202400049113";"155695264";"A01";"2";"10";"13";"0";"1";"0";"0";""
"202400049114";"155695268";"B01";"1";"43";"0";"2";"1";"2";"1";""
"202400049114";"155695274";"A01";"2";"7";"0";"2";"2";"10";"1";""
"202400049115";"155695263";"A01";"1";"10";"0";"2";"5";"1";"1";""
"202400049115";"155695266";"B01";"2";"7";"0";"2";"1";"1";"1";""
"202400049116";"155695265";"B01";"2";"50";"0";"2";"4";"1";"3";""
"202400049116";"155695270";"A01";"2";"7";"0";"2";"1";"15";"0";""
"202400049117";"155695261";"A01";"2";"33";"0";"0";"1";"1";"1";""
"202400049118";"155695262";"A01";"2";"7";"0";"1";"1";"1";"1";""
"202400049119";"155695259";"A01";"1";"7";"0";"2";"7";"10";"1";""
"202400049119";"155695267";"B01";"2";"31";"0";"2";"1";"0";"1";""
"202400049120";"155695260";"A01";"0";"7";"0";"1";"2";"1";"1";""
"202400049121";"155695255";"A01";"1";"7";"0";"2";"2";"19";"1";""
"202400049121";"155695271";"B01";"2";"7";"0";"2";"3";"1";"1";""
"202400049122";"155695254";"A01";"2";"7";"0";"2";"4";"1";"1";""
"202400049122";"155695257";"B01";"2";"31";"0";"2";"1";"1";"1";""
"202400049123";"155695253";"A01";"1";"7";"7";"0";"3";"13";"1";""
"202400049124";"155695248";"A01";"2";"2";"0";"2";"3";"1";"3";""
"202400049124";"155695251";"B01";"2";"7";"0";"2";"5";"1";"1";""
"202400049125";"155695252";"B01";"1";"43";"0";"2";"2";"15";"1";""
"202400049125";"155695258";"A01";"1";"10";"0";"2";"3";"15";"1";""
"202400049126";"155695247";"B01";"1";"7";"0";"2";"2";"19";"3";""
"202400049126";"155695256";"A01";"2";"50";"0";"2";"1";"26";"3";""
"202400049127";"155695245";"A01";"1";"7";"0";"2";"2";"1";"1";""
"202400049127";"155695249";"B01";"0";"50";"0";"2";"5";"19";"3";""
"202400049128";"155695243";"A01";"2";"7";"0";"2";"7";"17";"1";""
"202400049128";"155695246";"B01";"1";"33";"0";"2";"7";"1";"1";""
"202400049129";"155695244";"A01";"1";"33";"0";"1";"0";"1";"1";""
"202400049130";"155695241";"B01";"2";"7";"0";"2";"3";"0";"1";""
"202400049130";"155695242";"A01";"1";"7";"0";"2";"3";"13";"1";""
"202400049131";"155695240";"A01";"2";"7";"0";"2";"1";"21";"1";""
"202400049131";"155695250";"B01";"2";"7";"0";"0";"4";"2";"1";""
"202400049132";"155695239";"A01";"3";"7";"0";"1";"1";"16";"1";""
"202400049133";"155695234";"A01";"2";"13";"0";"1";"3";"1";"1";""
"202400049134";"155695232";"A01";"1";"7";"0";"2";"2";"17";"1";""
"202400049134";"155695236";"B01";"1";"7";"0";"2";"6";"1";"1";""
"202400049135";"155695228";"A01";"3";"33";"0";"2";"1";"13";"1";""
"202400049135";"155695230";"B01";"3";"7";"0";"2";"2";"1";"1";""
"202400049136";"155695231";"A01";"2";"2";"0";"2";"1";"1";"3";""
"202400049136";"155695235";"B01";"2";"7";"0";"2";"4";"16";"1";""
"202400049137";"155695226";"B01";"2";"7";"1";"2";"9";"23";"2";""
"202400049137";"155695233";"C01";"2";"13";"0";"0";"4";"23";"3";""
"202400049137";"155695238";"A01";"2";"7";"1";"2";"1";"1";"1";""
"202400049138";"155695221";"A01";"3";"10";"0";"9";"3";"16";"1";""
"202400049138";"155695237";"B01";"1";"1";"0";"2";"2";"1";"5";""
"202400049139";"155695225";"A01";"1";"7";"0";"1";"3";"15";"1";""
"202400049140";"155695222";"B01";"3";"1";"0";"2";"2";"1";"5";""
"202400049140";"155695229";"A01";"3";"7";"0";"9";"3";"16";"1";""
"202400049141";"155695219";"A01";"1";"7";"15";"0";"1";"15";"1";""
"202400049142";"155695218";"B01";"3";"7";"0";"2";"2";"21";"1";""
"202400049142";"155695227";"A01";"2";"7";"0";"2";"1";"14";"1";""
"202400049143";"155695220";"B01";"2";"33";"0";"2";"1";"1";"1";""
"202400049143";"155695224";"A01";"2";"7";"0";"2";"5";"19";"1";""
"202400049144";"155695217";"A01";"1";"43";"14";"2";"7";"14";"1";""
"202400049145";"155695215";"B01";"2";"7";"0";"2";"1";"1";"1";""
"202400049145";"155695223";"A01";"3";"7";"7";"2";"2";"1";"1";""
"202400049146";"155695213";"A01";"1";"34";"0";"2";"1";"13";"1";""
"202400049146";"155695216";"B01";"2";"7";"0";"2";"3";"15";"1";""
"202400049147";"155695214";"A01";"1";"7";"6";"0";"1";"0";"1";""
"202400049148";"155695211";"A01";"3";"1";"0";"0";"1";"21";"5";""
"202400049149";"155695210";"A01";"3";"7";"0";"1";"3";"15";"1";""
"202400049150";"155695212";"A01";"1";"2";"13";"0";"1";"0";"1";""
"202400049151";"155695209";"A01";"2";"7";"0";"1";"1";"15";"1";""
"202400049152";"155695208";"A01";"1";"10";"15";"0";"1";"0";"1";""
"202400049153";"155695207";"A01";"1";"7";"10";"0";"1";"13";"1";""
"202400049154";"155695205";"A01";"0";"7";"0";"1";"2";"19";"2";""
"202400049155";"155695204";"A01";"1";"80";"0";"0";"7";"15";"3";""
"202400049155";"155695206";"B01";"2";"1";"0";"0";"7";"1";"5";""
"202400049156";"155695200";"A01";"2";"7";"0";"0";"7";"15";"1";""
"202400049156";"155695203";"B01";"1";"33";"0";"2";"1";"0";"1";""
"202400049157";"155695197";"B01";"3";"7";"0";"2";"1";"26";"1";""
"202400049157";"155695202";"A01";"3";"30";"0";"2";"1";"26";"1";""
"202400049158";"155695194";"A01";"3";"10";"0";"2";"1";"0";"1";""
"202400049158";"155695198";"B01";"0";"34";"0";"0";"7";"16";"1";""
"202400049159";"155695189";"A01";"1";"7";"6";"0";"3";"0";"1";""
"202400049160";"155695193";"A01";"2";"7";"0";"2";"1";"5";"1";""
"202400049160";"155695201";"B01";"1";"7";"0";"2";"1";"5";"1";""
"202400049161";"155695188";"A01";"1";"32";"0";"2";"1";"1";"1";""
"202400049161";"155695192";"B01";"2";"7";"0";"2";"1";"1";"1";""
"202400049162";"155695183";"Z01";"0";"7";"0";"2";"2";"17";"0";""
"202400049162";"155695187";"B01";"0";"80";"0";"2";"8";"1";"3";""
"202400049163";"155695191";"B01";"1";"80";"1";"2";"1";"15";"3";""
"202400049163";"155695195";"A01";"2";"7";"1";"0";"1";"1";"1";""
"202400049164";"155695181";"A01";"2";"7";"0";"2";"3";"13";"1";""
"202400049164";"155695185";"B01";"1";"7";"0";"2";"3";"21";"1";""
"202400049165";"155695184";"A01";"1";"31";"0";"2";"3";"1";"1";""
"202400049165";"155695186";"B01";"2";"7";"9";"2";"2";"15";"1";""
"202400049166";"155695190";"A01";"3";"33";"12";"2";"0";"17";"1";""
"202400049166";"155695196";"B01";"0";"7";"0";"2";"3";"15";"1";""
"202400049167";"155695176";"A01";"2";"33";"0";"0";"3";"1";"1";""
"202400049168";"155695172";"A01";"1";"7";"0";"2";"4";"12";"1";""
"202400049168";"155695178";"C01";"1";"7";"0";"2";"1";"2";"1";""
"202400049168";"155695180";"B01";"1";"10";"0";"2";"1";"2";"1";""
"202400049169";"155695174";"A01";"1";"34";"9";"2";"1";"1";"1";""
"202400049169";"155695177";"B01";"1";"7";"0";"2";"3";"1";"1";""
"202400049170";"155695170";"A01";"1";"7";"6";"0";"2";"1";"1";""
"202400049171";"155695166";"B01";"1";"7";"0";"2";"2";"16";"1";""
"202400049171";"155695171";"A01";"1";"1";"0";"2";"7";"16";"5";""
"202400049172";"155695167";"A01";"2";"7";"0";"1";"1";"15";"1";""
"202400049173";"155695160";"A01";"1";"7";"0";"2";"2";"9";"1";""
"202400049173";"155695163";"B01";"1";"1";"0";"2";"6";"1";"5";""
"202400049174";"155695164";"A01";"1";"7";"0";"2";"1";"21";"1";""
"202400049174";"155695169";"B01";"1";"7";"0";"2";"4";"24";"1";""
"202400049174";"155695173";"C01";"1";"7";"0";"2";"4";"23";"1";""
"202400049175";"155695168";"A01";"2";"7";"0";"2";"3";"15";"1";""
"202400049175";"155695182";"B01";"1";"32";"0";"2";"1";"1";"0";""
"202400049176";"155695159";"A01";"2";"7";"0";"2";"1";"11";"1";""
"202400049176";"155695165";"B01";"1";"7";"0";"2";"1";"2";"1";""
"202400049177";"155695158";"B01";"2";"7";"0";"2";"3";"1";"1";""
"202400049177";"155695161";"A01";"1";"50";"0";"2";"1";"19";"3";""
"202400049178";"155695152";"A01";"2";"7";"0";"1";"3";"1";"1";""
"202400049179";"155695149";"A01";"1";"33";"12";"0";"2";"1";"1";""
"202400049180";"155695155";"A01";"1";"7";"0";"1";"1";"2";"1";""
"202400049181";"155695151";"A01";"2";"7";"0";"2";"2";"16";"1";""
"202400049181";"155695156";"B01";"2";"50";"0";"2";"1";"25";"3";""
"202400049182";"155695157";"A01";"1";"10";"0";"2";"3";"0";"1";""