"Num_Acc";"id_vehicule";"num_veh";"senc";"catv";"obs";"obsm";"choc";"manv";"motor";"occutc"
"202400049182";"155695162";"B01";"2";"1";"0";"2";"3";"0";"5";""
"202400049183";"155695148";"A01";"2";"7";"0";"2";"8";"10";"1";""
"202400049183";"155695154";"B01";"2";"7";"0";"2";"1";"1";"1";""
"202400049184";"155695147";"Y01";"1";"1";"0";"2";"0";"0";"5";""
"202400049184";"155695153";"A01";"0";"7";"0";"9";"2";"26";"1";""
"202400049185";"155695142";"A01";"1";"7";"1";"0";"2";"14";"1";""
"202400049186";"155695140";"A01";"3";"7";"6";"0";"3";"1";"1";""
"202400049187";"155695141";"A01";"1";"7";"0";"2";"1";"13";"1";""
"202400049187";"155695145";"B01";"2";"15";"3";"2";"1";"1";"1";""
"202400049187";"155695146";"C01";"1";"10";"3";"2";"1";"1";"1";""
"202400049187";"155695150";"D01";"1";"7";"0";"0";"1";"1";"1";""
"202400049188";"155695137";"A01";"3";"50";"0";"2";"1";"25";"3";""
"202400049188";"155695144";"B01";"1";"30";"0";"2";"0";"0";"0";""
"202400049189";"155695138";"Z01";"1";"7";"0";"1";"7";"1";"1";""
"202400049190";"155695135";"B01";"2";"37";"0";"2";"2";"1";"1";"1"
"202400049190";"155695143";"A01";"1";"7";"0";"2";"1";"1";"2";""
"202400049191";"155695133";"B01";"0";"50";"0";"0";"1";"0";"3";""
"202400049191";"155695136";"A01";"0";"7";"0";"2";"0";"9";"1";""
"202400049192";"155695134";"B01";"0";"7";"14";"0";"1";"1";"1";""
"202400049192";"155695139";"A01";"0";"7";"0";"1";"1";"23";"1";""
"202400049193";"155695128";"A01";"1";"7";"0";"2";"1";"13";"1";""
"202400049193";"155695132";"B01";"2";"15";"0";"2";"1";"1";"1";""
"202400049194";"155695125";"A01";"2";"10";"0";"2";"1";"1";"1";""
"202400049194";"155695130";"B01";"1";"7";"0";"2";"4";"1";"1";""
"202400049195";"155695123";"B01";"2";"7";"0";"2";"8";"1";"1";""
"202400049195";"155695126";"A01";"1";"7";"6";"2";"1";"13";"1";""
"202400049196";"155695122";"A01";"0";"33";"0";"2";"1";"1";"1";""
"202400049196";"155695124";"B01";"0";"7";"0";"2";"3";"15";"1";""
"202400049197";"155695118";"B01";"3";"7";"0";"0";"0";"0";"1";""
"202400049197";"155695127";"A01";"3";"1";"0";"2";"1";"1";"5";""
"202400049198";"155695120";"B01";"3";"1";"0";"2";"7";"19";"5";""
"202400049198";"155695129";"A01";"3";"7";"0";"2";"3";"1";"2";""
"202400049199";"155695116";"A01";"1";"7";"0";"2";"0";"15";"1";""
"202400049199";"155695119";"B01";"1";"33";"0";"0";"0";"0";"1";""
"202400049200";"155695109";"A01";"3";"7";"13";"0";"1";"1";"1";""
"202400049201";"155695113";"A01";"1";"15";"0";"2";"1";"1";"1";""
"202400049201";"155695115";"B01";"1";"7";"0";"2";"4";"23";"1";""
"202400049201";"155695121";"C01";"1";"7";"0";"2";"4";"23";"1";""
"202400049201";"155695131";"D01";"1";"7";"0";"0";"4";"23";"1";""
"202400049202";"155695107";"B01";"1";"32";"0";"2";"2";"1";"1";""
"202400049202";"155695112";"A01";"1";"7";"0";"2";"3";"16";"1";""
"202400049203";"155695111";"B01";"3";"1";"0";"2";"7";"1";"5";""
"202400049203";"155695117";"A01";"2";"7";"0";"2";"3";"1";"1";""
"202400049204";"155695108";"A01";"1";"33";"0";"0";"9";"1";"1";""
"202400049205";"155695106";"A01";"2";"7";"2";"0";"1";"1";"1";""
"202400049206";"155695105";"A01";"1";"7";"0";"2";"5";"22";"2";""
"202400049206";"155695110";"B01";"1";"33";"0";"2";"8";"1";"1";""
"202400049207";"155695114";"A01";"3";"7";"0";"1";"3";"1";"1";""
"202400049208";"155695103";"A01";"1";"7";"0";"1";"3";"1";"1";""
"202400049209";"155695104";"A01";"2";"17";"0";"0";"8";"1";"1";""
"202400049210";"155695101";"A01";"1";"7";"0";"2";"1";"13";"1";""
"202400049210";"155695102";"B01";"2";"7";"0";"2";"1";"1";"1";""
"202400049211";"155695099";"A01";"3";"50";"0";"0";"0";"26";"3";""
"202400049212";"155695096";"A01";"1";"7";"0";"2";"7";"15";"1";""
"202400049212";"155695098";"B01";"2";"30";"0";"2";"1";"1";"1";""
"202400049213";"155695093";"A01";"1";"7";"0";"1";"1";"1";"1";""
"202400049214";"155695094";"B01";"1";"7";"0";"2";"4";"1";"2";""
"202400049214";"155695097";"A01";"1";"10";"0";"2";"1";"1";"3";""
"202400049215";"155695091";"A01";"1";"33";"3";"0";"8";"1";"1";""
"202400049216";"155695095";"A01";"2";"7";"3";"0";"2";"0";"1";""
"202400049217";"155695090";"B01";"3";"7";"0";"2";"3";"1";"1";""
"202400049217";"155695100";"A01";"3";"7";"0";"2";"1";"19";"1";""
"202400049218";"155695088";"A01";"1";"7";"0";"1";"1";"15";"1";""
"202400049219";"155695086";"B01";"2";"7";"0";"2";"8";"1";"1";""
"202400049219";"155695092";"A01";"2";"7";"0";"2";"1";"15";"1";""
"202400049220";"155695078";"A01";"3";"32";"0";"2";"2";"17";"1";""
"202400049220";"155695084";"B01";"3";"7";"0";"2";"6";"23";"1";""
"202400049220";"155695087";"C01";"3";"7";"0";"2";"3";"1";"1";""
"202400049221";"155695081";"A01";"3";"33";"0";"2";"1";"21";"1";""
"202400049221";"155695089";"B01";"3";"7";"0";"2";"6";"1";"1";""
"202400049222";"155695082";"A01";"3";"7";"2";"0";"1";"13";"2";""
"202400049223";"155695080";"B01";"1";"1";"0";"2";"3";"1";"5";""
"202400049223";"155695085";"A01";"1";"7";"0";"2";"2";"15";"3";""
"202400049224";"155695079";"A01";"2";"33";"0";"1";"1";"17";"1";""
"202400049225";"155695077";"A01";"3";"7";"0";"1";"0";"1";"1";""
"202400049226";"155695073";"B01";"3";"7";"0";"2";"3";"24";"1";""
"202400049226";"155695075";"A01";"1";"7";"1";"1";"1";"26";"1";""
"202400049227";"155695072";"A01";"2";"7";"3";"0";"2";"14";"1";""
"202400049228";"155695071";"A01";"1";"7";"0";"2";"2";"1";"0";""
"202400049228";"155695076";"B01";"1";"2";"0";"2";"0";"1";"0";""
"202400049229";"155695070";"A01";"2";"1";"0";"1";"1";"1";"5";""
"202400049230";"155695068";"A01";"3";"40";"0";"1";"2";"1";"3";""
"202400049231";"155695064";"A01";"1";"7";"0";"0";"1";"1";"1";""
"202400049231";"155695067";"B01";"1";"7";"8";"0";"1";"1";"1";""
"202400049232";"155695063";"A01";"1";"30";"0";"2";"2";"17";"1";""
"202400049232";"155695066";"B01";"1";"7";"0";"2";"3";"15";"1";""
"202400049233";"155695057";"B01";"3";"7";"0";"2";"4";"23";"1";""
"202400049233";"155695061";"A01";"3";"10";"0";"2";"2";"1";"1";""
"202400049234";"155695056";"A01";"3";"1";"0";"0";"0";"1";"5";""
"202400049235";"155695059";"A01";"2";"7";"0";"2";"4";"1";"1";""
"202400049235";"155695069";"B01";"2";"7";"0";"2";"1";"1";"0";""
"202400049236";"155695054";"B01";"1";"10";"0";"2";"3";"1";"1";""
"202400049236";"155695058";"A01";"2";"7";"0";"2";"3";"13";"1";""
"202400049237";"155695052";"A01";"2";"7";"16";"0";"2";"1";"1";""
"202400049238";"155695048";"A01";"1";"34";"0";"2";"1";"1";"1";""
"202400049238";"155695053";"B01";"1";"7";"0";"2";"3";"9";"1";""
"202400049239";"155695049";"A01";"1";"10";"0";"2";"1";"1";"2";""
"202400049239";"155695051";"C01";"1";"10";"0";"2";"4";"23";"3";""
"202400049239";"155695055";"B01";"1";"50";"0";"2";"1";"23";"3";""
"202400049240";"155695046";"A01";"1";"10";"4";"0";"1";"17";"1";""
"202400049241";"155695044";"A01";"1";"10";"16";"0";"0";"1";"1";""
"202400049242";"155695047";"A01";"3";"10";"2";"0";"1";"1";"1";""
"202400049243";"155695043";"A01";"1";"7";"0";"1";"3";"17";"1";""
"202400049244";"155695042";"A01";"2";"50";"8";"0";"1";"25";"3";""
"202400049245";"155695041";"A01";"1";"1";"0";"2";"1";"1";"5";""
"202400049245";"155695045";"B01";"1";"7";"0";"2";"4";"1";"1";""
"202400049246";"155695035";"A01";"1";"7";"0";"1";"2";"2";"1";""
"202400049247";"155695033";"B01";"1";"31";"0";"2";"1";"1";"1";""
"202400049247";"155695040";"A01";"1";"7";"0";"2";"2";"10";"1";""
"202400049248";"155695034";"A01";"1";"7";"0";"2";"1";"1";"1";""
"202400049248";"155695038";"B01";"2";"7";"0";"2";"1";"13";"1";""
"202400049249";"155695032";"A01";"0";"7";"2";"0";"6";"1";"1";""
"202400049250";"155695030";"A01";"0";"7";"0";"2";"3";"1";"1";""
"202400049250";"155695039";"B01";"0";"7";"0";"2";"1";"1";"1";""
"202400049251";"155695031";"A01";"1";"7";"0";"9";"1";"1";"1";""
"202400049251";"155695037";"B01";"1";"60";"0";"2";"8";"19";"5";""
"202400049252";"155695026";"C01";"1";"32";"0";"2";"1";"1";"1";""
"202400049252";"155695029";"A01";"2";"10";"0";"2";"6";"13";"1";""
"202400049252";"155695036";"B01";"2";"32";"0";"2";"7";"17";"1";""
"202400049253";"155695028";"A01";"3";"32";"0";"0";"7";"2";"1";""
"202400049254";"155695022";"B01";"2";"14";"0";"2";"6";"26";"1";""
"202400049254";"155695025";"A01";"1";"32";"0";"2";"2";"26";"1";""
"202400049255";"155695023";"A01";"3";"7";"0";"2";"8";"9";"1";""
"202400049255";"155695027";"B01";"3";"7";"0";"2";"2";"1";"1";""
"202400049256";"155695021";"A01";"2";"10";"0";"1";"2";"16";"6";""
"202400049257";"155695020";"A01";"1";"7";"6";"2";"1";"1";"1";""
"202400049258";"155695024";"A01";"1";"31";"6";"0";"1";"1";"1";""
"202400049259";"155695019";"A01";"2";"7";"0";"0";"1";"1";"1";""
"202400049260";"155695013";"A01";"3";"7";"0";"1";"3";"1";"1";""
"202400049261";"155695011";"B01";"2";"7";"12";"0";"1";"1";"1";""
"202400049261";"155695017";"A01";"3";"7";"6";"2";"6";"19";"2";""
"202400049262";"155695012";"B01";"2";"1";"0";"2";"1";"1";"5";""
"202400049262";"155695018";"A01";"1";"7";"15";"1";"2";"1";"2";""
"202400049263";"155695004";"B01";"2";"7";"0";"2";"1";"1";"1";""
"202400049263";"155695010";"A01";"1";"7";"0";"2";"1";"13";"2";""
"202400049264";"155695003";"A01";"1";"37";"0";"2";"5";"14";"1";"1"
"202400049264";"155695009";"B01";"1";"37";"0";"2";"6";"1";"2";"2"
"202400049265";"155695006";"B01";"2";"80";"0";"0";"0";"0";"3";""
"202400049265";"155695015";"A01";"2";"7";"0";"2";"3";"26";"1";""
"202400049266";"155695005";"A01";"1";"30";"0";"2";"1";"13";"1";""
"202400049266";"155695016";"B01";"1";"14";"0";"2";"2";"16";"1";""
"202400049267";"155694999";"A01";"3";"33";"0";"0";"0";"0";"1";""
"202400049268";"155694998";"A01";"2";"38";"0";"2";"3";"1";"1";"1"
"202400049268";"155695001";"B01";"1";"31";"0";"2";"1";"21";"1";""
"202400049269";"155695002";"C01";"1";"7";"0";"0";"0";"23";"1";""
"202400049269";"155695008";"A01";"1";"7";"0";"2";"1";"26";"1";""
"202400049269";"155695014";"B01";"1";"50";"0";"9";"3";"19";"3";""
"202400049270";"155694994";"A01";"2";"7";"0";"1";"1";"1";"3";""
"202400049271";"155694996";"A01";"1";"7";"0";"2";"1";"13";"1";""
"202400049271";"155694997";"B01";"2";"7";"0";"2";"8";"1";"1";""
"202400049271";"155695007";"C01";"2";"10";"0";"2";"1";"1";"1";""
"202400049272";"155694992";"A01";"1";"7";"9";"0";"1";"1";"1";""
"202400049273";"155694986";"B01";"3";"7";"0";"2";"8";"1";"1";""
"202400049273";"155694990";"C01";"3";"7";"0";"2";"3";"1";"1";""
"202400049273";"155694993";"A01";"3";"7";"0";"2";"3";"13";"1";""
"202400049274";"155694991";"A01";"2";"7";"0";"2";"3";"15";"1";""
"202400049274";"155695000";"B01";"2";"7";"0";"2";"3";"1";"1";""
"202400049275";"155694987";"B01";"2";"2";"0";"2";"6";"13";"1";""
"202400049275";"155694995";"A01";"2";"30";"0";"2";"1";"1";"1";""
"202400049276";"155694984";"A01";"2";"7";"0";"1";"3";"19";"1";""
"202400049277";"155694980";"A01";"3";"7";"0";"2";"2";"20";"1";""
"202400049277";"155694981";"B01";"3";"32";"0";"2";"1";"1";"1";""
"202400049278";"155694978";"B01";"1";"33";"0";"2";"1";"1";"1";""
"202400049278";"155694983";"A01";"2";"7";"0";"2";"3";"15";"1";""
"202400049279";"155694979";"A01";"3";"7";"0";"2";"6";"5";"1";""
"202400049279";"155694988";"B01";"3";"1";"0";"2";"1";"16";"5";""
"202400049280";"155694976";"A01";"1";"7";"0";"0";"7";"10";"1";""
"202400049280";"155694982";"B01";"1";"2";"0";"2";"1";"1";"1";""
"202400049281";"155694975";"A01";"2";"7";"13";"0";"1";"1";"1";""
"202400049282";"155694973";"A01";"2";"15";"0";"0";"4";"1";"1";""
"202400049282";"155694974";"B01";"2";"7";"0";"2";"1";"1";"1";""
"202400049283";"155694972";"Y01";"1";"60";"0";"2";"7";"2";"5";""
"202400049283";"155694977";"A01";"1";"7";"0";"9";"8";"2";"3";""
"202400049284";"155694969";"A01";"0";"7";"0";"1";"1";"1";"6";""
"202400049285";"155694966";"A01";"2";"14";"0";"2";"3";"1";"1";""
"202400049285";"155694971";"B01";"1";"7";"0";"2";"1";"13";"1";""
"202400049286";"155694960";"B01";"1";"7";"0";"2";"3";"1";"2";""
"202400049286";"155694962";"A01";"2";"7";"0";"2";"1";"13";"1";""
"202400049287";"155694959";"B01";"0";"2";"0";"2";"1";"26";"1";""
"202400049287";"155694965";"A01";"0";"7";"0";"2";"3";"26";"1";""
"202400049288";"155694957";"A01";"3";"7";"13";"0";"7";"0";"0";""
"202400049289";"155694963";"B01";"3";"10";"0";"2";"1";"1";"1";""
"202400049289";"155694970";"A01";"3";"7";"0";"2";"2";"1";"1";""
"202400049290";"155694958";"A01";"1";"7";"0";"2";"1";"17";"1";""
"202400049290";"155694961";"B01";"2";"7";"0";"2";"1";"1";"1";""
"202400049290";"155694967";"C01";"2";"7";"0";"2";"1";"1";"1";""
"202400049291";"155694955";"A01";"3";"7";"16";"0";"0";"0";"1";""
"202400049292";"155694953";"A01";"1";"50";"1";"0";"1";"1";"3";""
"202400049293";"155694956";"B01";"1";"7";"0";"9";"8";"26";"1";""
"202400049293";"155694964";"A01";"1";"1";"0";"2";"7";"19";"5";""
"202400049294";"155694954";"A01";"2";"7";"0";"2";"1";"15";"1";""
"202400049294";"155694968";"B01";"1";"7";"0";"2";"7";"1";"1";""
"202400049295";"155694948";"A01";"1";"7";"0";"1";"3";"1";"2";""
"202400049296";"155694950";"A01";"2";"32";"12";"0";"1";"13";"1";""
"202400049297";"155694952";"Z01";"1";"0";"0";"1";"0";"0";"1";""
"202400049298";"155694945";"A01";"1";"7";"13";"0";"8";"11";"1";""
"202400049298";"155694951";"B01";"1";"7";"13";"2";"2";"17";"1";""
"202400049299";"155694943";"A01";"3";"33";"0";"2";"7";"21";"1";""
"202400049299";"155694947";"B01";"3";"7";"0";"2";"6";"1";"3";""
"202400049300";"155694937";"A01";"1";"7";"0";"2";"8";"15";"1";""
"202400049300";"155694944";"B01";"2";"7";"0";"2";"1";"1";"1";""
"202400049301";"155694938";"A01";"1";"7";"0";"2";"1";"9";"1";""
"202400049301";"155694949";"B01";"1";"7";"0";"0";"5";"1";"1";""
"202400049302";"155694940";"B01";"2";"1";"0";"2";"7";"1";"5";""
"202400049302";"155694942";"A01";"1";"7";"0";"2";"2";"16";"2";""
"202400049303";"155694935";"A01";"2";"7";"0";"2";"8";"11";"1";""
"202400049303";"155694939";"B01";"2";"2";"0";"2";"2";"1";"3";""
"202400049304";"155694933";"A01";"1";"10";"0";"1";"2";"1";"1";""
"202400049305";"155694936";"B01";"0";"7";"0";"2";"4";"2";"1";""
"202400049305";"155694941";"C01";"0";"7";"0";"2";"4";"2";"1";""
"202400049305";"155694946";"A01";"0";"10";"0";"2";"1";"2";"1";""
"202400049306";"155694931";"B01";"1";"7";"0";"2";"2";"2";"1";""
"202400049306";"155694934";"A01";"1";"7";"0";"2";"4";"1";"1";""
"202400049307";"155694930";"A01";"1";"7";"0";"2";"3";"10";"1";""
"202400049307";"155694932";"B01";"1";"33";"0";"2";"1";"1";"1";""
"202400049308";"155694922";"A01";"1";"50";"1";"0";"1";"21";"3";""
"202400049309";"155694923";"A01";"3";"7";"0";"2";"3";"16";"1";""
"202400049309";"155694928";"B01";"3";"50";"0";"2";"0";"0";"3";""
"202400049310";"155694921";"A01";"3";"7";"0";"2";"1";"26";"1";""
"202400049310";"155694929";"B01";"1";"2";"0";"2";"8";"0";"3";""
"202400049311";"155694920";"A01";"3";"7";"0";"2";"1";"19";"2";""
"202400049311";"155694927";"B01";"3";"31";"0";"2";"7";"1";"1";""
"202400049312";"155694919";"A01";"1";"7";"2";"0";"1";"13";"1";""
"202400049313";"155694917";"A01";"2";"7";"0";"2";"8";"0";"1";""
"202400049313";"155694926";"B01";"1";"2";"0";"2";"3";"11";"1";""
"202400049314";"155694916";"B01";"2";"7";"0";"2";"1";"1";"1";""
"202400049314";"155694924";"A01";"1";"7";"0";"2";"7";"13";"1";""
"202400049315";"155694918";"A01";"0";"7";"0";"9";"3";"24";"1";""
"202400049315";"155694925";"B01";"0";"1";"1";"0";"1";"1";"5";""
"202400049316";"155694915";"A01";"1";"7";"6";"0";"1";"2";"1";""
"202400049317";"155694913";"A01";"2";"7";"3";"0";"1";"13";"1";""
"202400049318";"155694912";"A01";"1";"7";"2";"0";"1";"1";" -1";""
"202400049319";"155694910";"A01";"1";"50";"0";"1";"1";"2";"3";""
"202400049320";"155694909";"B01";"0";"2";"0";"2";"1";"1";"0";""
"202400049320";"155694914";"A01";"0";"7";"0";"2";"3";"1";"1";""
"202400049321";"155694906";"A01";"3";"7";"6";"0";"4";"26";"1";""
"202400049322";"155694907";"A01";"1";"10";"4";"0";"3";"1";"1";""
"202400049323";"155694905";"B01";"2";"7";"0";"2";"2";"1";"1";""
"202400049323";"155694911";"A01";"2";"7";"0";"2";"1";"19";"1";""
"202400049324";"155694904";"B01";"1";"17";"0";"2";"3";"1";"1";""
"202400049324";"155694908";"A01";"2";"7";"0";"2";"7";"26";"1";""
"202400049325";"155694898";"A01";"1";"7";"0";"9";"1";"1";"1";""
"202400049326";"155694897";"A01";"1";"2";"12";"0";"0";"14";"3";""
"202400049327";"155694894";"A01";"2";"7";"0";"2";"6";"1";"1";""
"202400049327";"155694899";"B01";"2";"7";"0";"2";"3";"1";"1";""
"202400049328";"155694896";"A01";"1";"7";"0";"2";"2";"15";"1";""
"202400049328";"155694900";"B01";"2";"33";"0";"2";"1";"21";"1";""
"202400049329";"155694895";"A01";"3";"7";"9";"0";"2";"26";"1";""
"202400049329";"155694902";"B01";"3";"1";"0";"2";"8";"19";"5";""
"202400049330";"155694893";"A01";"2";"7";"2";"0";"1";"1";"1";""
"202400049331";"155694890";"A01";"2";"7";"2";"0";"1";"1";"1";""
"202400049332";"155694886";"B01";"1";"7";"0";"2";"1";"1";"1";""
"202400049332";"155694889";"A01";"2";"7";"0";"2";"1";"13";"1";""
"202400049333";"155694885";"A01";"2";"7";"13";"0";"2";"1";"1";""
"202400049334";"155694882";"A01";"1";"7";"0";"2";"2";"9";"1";""
"202400049334";"155694891";"B01";"2";"7";"0";"2";"2";"1";"1";""
"202400049335";"155694884";"A01";"2";"7";"13";"0";"2";"14";"1";""
"202400049336";"155694883";"A01";"3";"99";"1";"2";"1";"2";"0";""
"202400049336";"155694888";"B01";"3";"7";"0";"2";"4";"23";"1";""
"202400049337";"155694880";"A01";"1";"7";"0";"2";"2";"19";"1";""
"202400049337";"155694892";"B01";"2";"7";"0";"2";"1";"1";"1";""
"202400049338";"155694881";"B01";"3";"7";"0";"2";"4";"1";"2";""
"202400049338";"155694887";"A01";"3";"33";"0";"2";"1";"2";"1";""
"202400049339";"155694878";"A01";"1";"7";"0";"1";"2";"2";"0";""
"202400049340";"155694876";"A01";"0";"7";"0";"1";"3";"15";"1";""
"202400049341";"155694869";"A01";"1";"7";"0";"9";"2";"1";"1";""
"202400049341";"155694874";"B01";"1";"1";"0";"2";"4";"1";"5";""
"202400049342";"155694867";"A01";"2";"10";"6";"0";"1";"13";"1";""
"202400049343";"155694864";"A01";"2";"7";"0";"1";"1";"1";"1";""
"202400049344";"155694868";"A01";"1";"7";"0";"1";"1";"9";"1";""
"202400049345";"155694871";"A01";"1";"33";"0";"2";"7";"2";"1";""
"202400049345";"155694875";"B01";"1";"50";"0";"2";"0";"0";"3";""
"202400049346";"155694861";"B01";"2";"7";"4";"2";"4";"1";"2";""
"202400049346";"155694866";"A01";"2";"7";"4";"2";"1";"12";"1";""
"202400049347";"155694865";"A01";"1";"7";"0";"2";"1";"9";"1";""
"202400049347";"155694873";"B01";"2";"7";"0";"2";"3";"1";"1";""
"202400049348";"155694862";"A01";"3";"7";"0";"2";"1";"26";"1";""
"202400049348";"155694872";"B01";"0";"7";"0";"2";"3";"26";"1";""
"202400049349";"155694863";"B01";"1";"50";"0";"0";"0";"9";"3";""
"202400049349";"155694870";"A01";"1";"7";"0";"0";"0";"0";"0";""
"202400049350";"155694859";"A01";"2";"7";"2";"0";"1";"14";"1";""
"202400049351";"155694854";"B01";"1";"10";"0";"0";"3";"15";"1";""
"202400049351";"155694860";"A01";"1";"33";"0";"2";"1";"17";"1";""
"202400049352";"155694855";"Z01";"1";"14";"0";"1";"1";"1";"1";""
"202400049353";"155694852";"A01";"1";"2";"0";"2";"1";"12";"1";""
"202400049353";"155694857";"B01";"1";"7";"0";"0";"4";"2";"1";""
"202400049354";"155694850";"B01";"3";"7";"0";"9";"2";"19";"1";""
"202400049354";"155694858";"A01";"1";"80";"0";"2";"1";"19";"3";""
"202400049355";"155694849";"A01";"2";"7";"0";"2";"1";"21";"1";""
"202400049355";"155694856";"B01";"2";"7";"0";"2";"6";"1";"1";""
"202400049356";"155694847";"A01";"3";"31";"1";"2";"1";"2";"0";""
"202400049356";"155694851";"B01";"0";"10";"0";"2";"5";"15";"1";""
"202400049357";"155694844";"A01";"1";"2";"0";"0";"8";"1";"1";""
"202400049357";"155694853";"B01";"1";"7";"0";"2";"7";"17";"1";""
"202400049358";"155694845";"A01";"3";"7";"0";"2";"3";"13";"1";""
"202400049358";"155694848";"B01";"3";"7";"0";"2";"3";"0";"1";""
"202400049359";"155694840";"A01";"1";"10";"0";"2";"1";"1";"1";""
"202400049359";"155694842";"B01";"3";"7";"0";"2";"1";"1";"1";""
"202400049360";"155694836";"A01";"1";"10";"0";"1";"1";"2";"1";""
"202400049360";"155694841";"B01";"1";"7";"0";"0";"4";"2";"1";""
"202400049361";"155694837";"A01";"1";"7";"0";"2";"1";"16";"2";""
"202400049361";"155694843";"B01";"2";"1";"0";"2";"1";"2";"5";""
"202400049362";"155694831";"A01";"1";"7";"4";"0";"2";"0";"1";""
"202400049363";"155694834";"A01";"2";"10";"1";"1";"1";"1";"0";""
"202400049364";"155694829";"B01";"1";"7";"0";"2";"4";"2";"2";""
"202400049364";"155694835";"C01";"1";"7";"0";"2";"4";"2";"1";""
"202400049364";"155694838";"A01";"1";"7";"0";"2";"1";"2";"1";""
"202400049365";"155694832";"A01";"1";"7";"0";"2";"7";"2";"1";""
"202400049365";"155694839";"B01";"0";"1";"0";"2";"0";"0";"5";""
"202400049366";"155694830";"A01";"1";"7";"0";"2";"1";"13";"1";""
"202400049366";"155694846";"B01";"2";"13";"0";"2";"1";"1";"1";""
"202400049367";"155694828";"B01";"3";"7";"0";"2";"3";"1";"1";""
"202400049367";"155694833";"A01";"3";"2";"0";"2";"8";"1";"1";""
"202400049368";"155694823";"A01";"1";"7";"2";"0";"1";"13";"1";""
"202400049369";"155694825";"A01";"1";"7";"2";"0";"1";"1";"1";""
"202400049370";"155694820";"A01";"1";"2";"0";"2";"1";"0";"1";""
"202400049370";"155694826";"B01";"2";"7";"0";"2";"3";"0";"0";""
"202400049371";"155694816";"A01";"0";"7";"0";"2";"2";"9";"1";""
"202400049371";"155694827";"B01";"0";"31";"0";"2";"3";"1";"1";""
"202400049372";"155694814";"B01";"2";"7";"0";"2";"4";"26";"1";""
"202400049372";"155694821";"A01";"1";"33";"0";"2";"1";"26";"1";""
"202400049373";"155694812";"A01";"2";"7";"11";"0";"3";"6";"1";""
"202400049373";"155694818";"B01";"1";"10";"0";"0";"1";"21";"1";""
"202400049374";"155694809";"A01";"2";"7";"0";"2";"7";"23";"1";""
"202400049374";"155694819";"B01";"2";"33";"0";"2";"1";"3";"1";""
"202400049374";"155694824";"C01";"2";"7";"0";"2";"8";"23";"2";""
"202400049375";"155694811";"C01";"1";"99";"0";"2";"1";"1";"1";""
"202400049375";"155694817";"A01";"1";"10";"0";"2";"1";"2";"1";""
"202400049375";"155694822";"B01";"1";"7";"0";"2";"4";"2";"1";""
"202400049376";"155694807";"A01";"1";"7";"0";"2";"6";"15";"1";""
"202400049376";"155694813";"B01";"1";"2";"0";"2";"1";"17";"1";""
"202400049377";"155694808";"B01";"1";"7";"13";"0";"1";"2";"1";""
"202400049377";"155694815";"A01";"2";"7";"0";"0";"1";"2";"1";""
"202400049378";"155694806";"A01";"2";"2";"0";"2";"1";"1";"1";""
"202400049378";"155694810";"B01";"2";"7";"0";"2";"4";"23";"1";""
"202400049379";"155694803";"A01";"2";"7";"0";"0";"4";"2";"1";""
"202400049379";"155694805";"B01";"2";"2";"0";"2";"1";"2";"1";""
"202400049380";"155694800";"A01";"1";"7";"4";"2";"6";"1";"1";""
"202400049381";"155694798";"A01";"1";"7";"0";"2";"2";"26";"1";""
"202400049381";"155694804";"B01";"1";"1";"0";"2";"0";"1";"5";""
"202400049382";"155694796";"A01";"1";"1";"0";"0";"4";"1";"5";""
"202400049382";"155694801";"B01";"1";"0";"0";"0";"2";"17";"0";""
"202400049383";"155694797";"A01";"1";"7";"3";"1";"3";"5";"1";""
"202400049384";"155694795";"B01";"3";"33";"0";"2";"1";"17";"1";""
"202400049384";"155694799";"A01";"3";"7";"0";"2";"3";"10";"2";""
"202400049385";"155694788";"A01";"3";"2";"0";"0";"7";"13";"1";""
"202400049386";"155694787";"A01";"1";"33";"0";"2";"3";"1";"1";""
"202400049386";"155694794";"B01";"2";"38";"0";"2";"8";"1";"1";"4"
"202400049387";"155694786";"B01";"1";"7";"0";"0";"3";"1";"1";""
"202400049387";"155694793";"A01";"2";"7";"0";"2";"1";"13";"1";""
"202400049388";"155694783";"A01";"1";"43";"0";"0";"8";"1";"1";""
"202400049389";"155694784";"A01";"1";"7";"11";"2";"7";"12";"1";""
"202400049389";"155694789";"B01";"1";"33";"11";"2";"8";"1";"1";""
"202400049390";"155694781";"A01";"1";"7";"0";"1";"1";"1";"1";""
"202400049391";"155694779";"A01";"2";"7";"1";"0";"2";"2";"1";""
"202400049391";"155694791";"B01";"3";"38";"0";"0";"6";"26";"1";"0"
"202400049392";"155694778";"B01";"1";"7";"0";"2";"4";"1";"1";""
"202400049392";"155694785";"C01";"1";"10";"0";"2";"3";"1";"1";""
"202400049392";"155694790";"A01";"1";"10";"0";"2";"1";"2";"1";""
"202400049393";"155694777";"A01";"2";"7";"2";"0";"1";"21";"1";""
"202400049393";"155694782";"B01";"1";"14";"0";"0";"0";"17";"1";""
"202400049394";"155694780";"B01";"2";"7";"0";"2";"6";"10";"2";""
"202400049394";"155694792";"Z01";"1";"7";"0";"2";"1";"1";"2";""
"202400049395";"155694768";"A01";"2";"7";"3";"0";"1";"21";"1";""
"202400049396";"155694770";"B01";"1";"99";"0";"2";"3";"1";"1";""
"202400049396";"155694773";"A01";"3";"7";"0";"2";"2";"1";"2";""