"Num_Acc";"id_vehicule";"num_veh";"senc";"catv";"obs";"obsm";"choc";"manv";"motor";"occutc"
"202400049397";"155694765";"A01";"1";"7";"0";"2";"3";"13";"1";""
"202400049397";"155694769";"B01";"2";"15";"0";"2";"3";"1";"1";""
"202400049398";"155694774";"A01";"1";"7";"0";"2";"2";"16";"1";""
"202400049398";"155694776";"B01";"1";"7";"13";"2";"3";"2";"1";""
"202400049399";"155694762";"A01";"1";"7";"4";"2";"3";"2";"1";""
"202400049400";"155694764";"A01";"1";"7";"2";"0";"8";"17";"1";""
"202400049401";"155694763";"A01";"1";"7";"0";"2";"8";"15";"2";""
"202400049401";"155694767";"B01";"1";"1";"0";"2";"1";"1";"5";""
"202400049402";"155694761";"B01";"2";"10";"0";"2";"2";"0";"1";""
"202400049402";"155694766";"A01";"1";"10";"0";"2";"2";"13";"1";""
"202400049403";"155694758";"A01";"1";"7";"0";"0";"0";"0";"1";""
"202400049404";"155694757";"A01";"3";"7";"12";"1";"3";"14";"1";""
"202400049405";"155694756";"A01";"3";"50";"0";"1";"7";"1";"3";""
"202400049406";"155694753";"A01";"1";"7";"16";"2";"2";"1";"1";""
"202400049406";"155694759";"B01";"1";"21";"0";"2";"3";"15";"1";""
"202400049407";"155694755";"A01";"1";"7";"0";"2";"8";"11";"1";""
"202400049407";"155694760";"B01";"1";"15";"0";"2";"2";"1";"1";""
"202400049408";"155694752";"A01";"1";"7";"0";"0";"9";"2";"1";""
"202400049409";"155694751";"A01";"1";"7";"2";"0";"2";"1";"1";""
"202400049410";"155694748";"B01";"3";"7";"0";"2";"4";"1";"1";""
"202400049410";"155694750";"A01";"1";"33";"0";"2";"1";"1";"1";""
"202400049411";"155694747";"A01";"3";"37";"0";"2";"5";"1";"1";"1"
"202400049411";"155694754";"B01";"3";"7";"0";"2";"1";"1";"2";""
"202400049412";"155694745";"A01";"3";"7";"0";"2";"1";"1";"1";""
"202400049412";"155694749";"B01";"0";"7";"0";"2";"1";"5";"2";""
"202400049413";"155694744";"A01";"1";"7";"0";"2";"1";"17";"2";""
"202400049413";"155694746";"B01";"2";"13";"0";"2";"3";"5";"1";""
"202400049414";"155694741";"A01";"3";"7";"0";"1";"1";"1";"1";""
"202400049415";"155694739";"AB01";"0";" -1";"0";"0";"0";"0";" -1";""
"202400049415";"155694743";"Z01";"2";"7";"0";"0";"1";"2";"1";""
"202400049416";"155694734";"A01";"2";"7";"0";"2";"3";"13";"1";""
"202400049416";"155694740";"B01";"1";"7";"0";"2";"3";"1";"1";""
"202400049417";"155694732";"A01";"1";"33";"0";"2";"1";"2";"1";""
"202400049417";"155694738";"B01";"1";"33";"0";"0";"4";"2";"1";""
"202400049418";"155694731";"A01";"3";"2";"0";"2";"1";"5";"1";""
"202400049418";"155694737";"B01";"3";"10";"0";"2";"3";"1";"1";""
"202400049419";"155694728";"A01";"1";"7";"0";"2";"1";"0";"1";""
"202400049419";"155694736";"B01";"1";"7";"0";"2";"4";"1";"1";""
"202400049419";"155694742";"C01";"1";"7";"0";"2";"6";"1";"1";""
"202400049420";"155694724";"A01";"2";"10";"0";"0";"1";"1";"1";""
"202400049420";"155694730";"B01";"1";"7";"0";"2";"5";"13";"1";""
"202400049421";"155694725";"A01";"2";"1";"1";"2";"1";"1";"5";""
"202400049421";"155694727";"Y01";"2";"60";"1";"0";"8";"19";"5";""
"202400049422";"155694726";"A01";"3";"33";"0";"2";"1";"1";"1";""
"202400049422";"155694733";"B01";"3";"7";"0";"2";"4";"1";"1";""
"202400049423";"155694723";"A01";"3";"7";"0";"1";"7";"1";"6";""
"202400049424";"155694714";"A01";"2";"34";"0";"2";"1";"2";"1";""
"202400049424";"155694720";"B01";"2";"7";"0";"2";"6";"2";"1";""
"202400049425";"155694716";"A01";"1";"15";"0";"2";"3";"12";"1";""
"202400049425";"155694721";"B01";"1";"7";"3";"0";"5";"1";"1";""
"202400049426";"155694713";"A01";"2";"7";"0";"2";"1";"15";"1";""
"202400049426";"155694718";"B01";"1";"7";"0";"2";"2";"1";"1";""
"202400049427";"155694712";"A01";"2";"7";"0";"2";"1";"15";"1";""
"202400049427";"155694717";"B01";"1";"2";"0";"2";"8";"1";"1";""
"202400049428";"155694711";"B01";"2";"50";"0";"2";"1";"25";"3";""
"202400049428";"155694722";"A01";"3";"7";"0";"2";"8";"19";"1";""
"202400049429";"155694709";"A01";"0";"7";"0";"0";"3";"19";"2";""
"202400049429";"155694719";"B01";"2";"31";"0";"2";"2";"3";"1";""
"202400049430";"155694708";"B01";"2";"7";"0";"2";"4";"1";"3";""
"202400049430";"155694715";"A01";"2";"7";"0";"2";"1";"1";"1";""
"202400049431";"155694706";"A01";"1";"10";"0";"2";"1";"1";"0";""
"202400049431";"155694710";"B01";"1";"7";"0";"2";"5";"12";"3";""
"202400049432";"155694702";"A01";"2";"1";"0";"0";"0";"0";"5";""
"202400049433";"155694704";"A01";"1";"7";"0";"2";"3";"15";"1";""
"202400049433";"155694707";"B01";"3";"1";"0";"2";"3";"1";"5";""
"202400049434";"155694698";"B01";"1";"7";"0";"2";"1";"5";"0";""
"202400049434";"155694703";"A01";"2";"34";"0";"2";"1";"1";"1";""
"202400049435";"155694699";"A01";"1";"7";"8";"0";"3";"16";"1";""
"202400049436";"155694697";"A01";"2";"7";"2";"0";"3";"14";"1";""
"202400049437";"155694696";"A01";"1";"7";"0";"2";"0";"16";"1";""
"202400049437";"155694701";"B01";"1";"7";"0";"2";"9";"1";"1";""
"202400049438";"155694694";"A01";"2";"1";"0";"1";"1";"1";"5";""
"202400049439";"155694693";"A01";"1";"50";"0";"0";"2";"14";"3";""
"202400049440";"155694692";"B01";"2";"7";"0";"2";"4";"1";"1";""
"202400049440";"155694695";"C01";"2";"7";"0";"2";"8";"1";"1";""
"202400049440";"155694700";"Z01";"2";"7";"0";"2";"8";"11";"1";""
"202400049440";"155694705";"A01";"2";"33";"0";"2";"7";"3";"1";""
"202400049441";"155694688";"A01";"1";"7";"4";"0";"1";"1";"1";""
"202400049442";"155694685";"A01";"2";"7";"0";"2";"3";"13";"1";""
"202400049442";"155694691";"B01";"1";"7";"0";"2";"3";"1";"2";""
"202400049443";"155694687";"A01";"0";"34";"1";"0";"1";"1";"1";""
"202400049444";"155694684";"A01";"1";"7";"13";"0";"1";"1";"1";""
"202400049445";"155694681";"B01";"3";"7";"0";"2";"6";"1";"1";""
"202400049445";"155694683";"A01";"3";"7";"1";"0";"7";"1";"1";""
"202400049446";"155694680";"A01";"1";"7";"0";"2";"4";"2";"1";""
"202400049446";"155694686";"B01";"1";"7";"0";"2";"2";"17";"1";""
"202400049447";"155694689";"A01";"1";"33";"0";"2";"2";"3";"1";""
"202400049448";"155694679";"A01";"1";"7";"0";"2";"1";"1";"1";""
"202400049448";"155694690";"B01";"1";"80";"0";"2";"4";"15";"3";""
"202400049449";"155694673";"A01";"2";"3";"0";"2";"8";"9";"1";""
"202400049449";"155694677";"B01";"1";"13";"0";"2";"1";"1";"1";""
"202400049450";"155694668";"A01";"1";"10";"8";"1";"0";"25";"1";""
"202400049450";"155694674";"B01";"2";"10";"0";"2";"1";"1";"1";""
"202400049451";"155694667";"C01";"1";"33";"0";"2";"1";"1";"1";""
"202400049451";"155694672";"B01";"1";"33";"0";"2";"7";"1";"1";""
"202400049451";"155694676";"A01";"3";"7";"0";"2";"1";"15";"1";""
"202400049452";"155694666";"A01";"3";"10";"0";"9";"1";"1";"0";""
"202400049452";"155694671";"B01";"3";"60";"0";"2";"8";"1";"5";""
"202400049453";"155694665";"A01";"0";"33";"0";"0";"0";"0";"1";""
"202400049454";"155694664";"A01";"3";"7";"0";"2";"1";"17";"1";""
"202400049454";"155694669";"B01";"3";"7";"0";"2";"8";"15";"1";""
"202400049455";"155694662";"A01";"1";"7";"3";"0";"1";"1";"2";""
"202400049456";"155694661";"A01";"3";"21";"0";"2";"2";"1";"1";""
"202400049456";"155694675";"B01";"1";"7";"0";"2";"1";"1";"1";""
"202400049457";"155694663";"A01";"1";"14";"0";"2";"6";"24";"1";""
"202400049457";"155694670";"B01";"0";"33";"0";"0";"1";"1";"1";""
"202400049458";"155694657";"A01";"3";"7";"13";"0";"2";"14";"1";""
"202400049459";"155694655";"B01";"2";"31";"1";"2";"1";"2";"1";""
"202400049459";"155694659";"A01";"2";"10";"1";"2";"6";"2";"1";""
"202400049460";"155694653";"A01";"1";"7";"0";"2";"1";"13";"1";""
"202400049460";"155694658";"B01";"2";"7";"0";"2";"1";"1";"1";""
"202400049460";"155694660";"C01";"2";"10";"0";"2";"8";"1";"1";""
"202400049461";"155694652";"A01";"3";"37";"0";"1";"2";"1";"1";"1"
"202400049462";"155694648";"A01";"2";"7";"0";"2";"2";"17";"1";""
"202400049462";"155694654";"B01";"2";"1";"0";"2";"6";"13";"5";""
"202400049463";"155694647";"A01";"1";"1";"0";"0";"0";"1";"5";""
"202400049464";"155694649";"A01";"1";"7";"13";"0";"3";"13";"1";""
"202400049465";"155694650";"B01";"3";"7";"0";"2";"4";"23";"1";""
"202400049465";"155694656";"A01";"3";"7";"0";"2";"1";"1";"1";""
"202400049466";"155694643";"B01";"2";"7";"0";"2";"7";"1";"1";""
"202400049466";"155694646";"C01";"2";"7";"0";"2";"8";"1";"1";""
"202400049466";"155694651";"A01";"2";"7";"0";"2";"2";"26";"1";""
"202400049467";"155694645";"A01";"1";"32";"0";"1";"7";"1";"1";""
"202400049468";"155694641";"A01";"1";"7";"0";"2";"3";"15";"1";""
"202400049468";"155694644";"B01";"2";"30";"0";"2";"8";"1";"1";""
"202400049469";"155694638";"A01";"3";"50";"0";"0";"1";"1";"3";""
"202400049470";"155694637";"A01";"2";"7";"0";"2";"1";"13";"1";""
"202400049470";"155694640";"B01";"1";"7";"0";"2";"1";"1";"1";""
"202400049471";"155694636";"A01";"3";"7";"0";"2";"2";"16";"1";""
"202400049471";"155694642";"B01";"3";"10";"13";"0";"3";"1";"1";""
"202400049472";"155694633";"A01";"1";"33";"0";"2";"2";"1";"1";""
"202400049472";"155694639";"B01";"1";"7";"0";"2";"3";"9";"1";""
"202400049473";"155694631";"B01";"1";"10";"0";"2";"7";"14";"1";""
"202400049473";"155694634";"A01";"1";"7";"0";"2";"6";"1";"3";""
"202400049474";"155694628";"A01";"2";"7";"0";"2";"3";"15";"1";""
"202400049474";"155694635";"B01";"1";"33";"0";"2";"1";"1";"1";""
"202400049475";"155694627";"A01";"2";"7";"3";"0";"1";"1";"1";""
"202400049476";"155694625";"A01";"2";"7";"0";"6";"2";"1";"1";""
"202400049477";"155694626";"A01";"1";"7";"1";"0";"1";"1";"1";""
"202400049477";"155694629";"B01";"3";"7";"0";"2";"7";"24";"1";""
"202400049478";"155694624";"A01";"2";"32";"0";"2";"1";"5";"1";""
"202400049478";"155694632";"B01";"0";"7";"0";"2";"3";"9";"2";""
"202400049479";"155694623";"A01";"0";"33";"8";"0";"0";"0";"1";""
"202400049480";"155694621";"A01";"3";"7";"0";"1";"3";"1";"1";""
"202400049481";"155694620";"A01";"1";"7";"0";"2";"3";"13";"1";""
"202400049481";"155694622";"C01";"2";"7";"0";"2";"3";"1";"1";""
"202400049481";"155694630";"B01";"2";"7";"0";"2";"3";"1";"1";""
"202400049482";"155694616";"A01";"1";"34";"0";"0";"2";"1";"1";""
"202400049483";"155694611";"A01";"1";"7";"0";"1";"7";"9";"1";""
"202400049484";"155694608";"A01";"1";"7";"0";"2";"1";"0";"1";""
"202400049484";"155694612";"B01";"1";"10";"0";"2";"1";"0";"1";""
"202400049485";"155694609";"A01";"3";"30";"0";"2";"8";"11";"3";""
"202400049485";"155694615";"B01";"3";"7";"0";"2";"2";"1";"1";""
"202400049486";"155694607";"A01";"2";"7";"0";"2";"3";"9";"1";""
"202400049486";"155694614";"B01";"1";"2";"0";"2";"1";"26";"1";""
"202400049487";"155694606";"B01";"3";"7";"0";"2";"2";"1";"1";""
"202400049487";"155694618";"A01";"3";"10";"0";"2";"3";"5";"1";""
"202400049488";"155694605";"A01";"2";"33";"0";"0";"9";"16";"1";""
"202400049489";"155694601";"A01";"1";"7";"0";"2";"4";"2";"2";""
"202400049489";"155694613";"B01";"1";"7";"0";"2";"1";"2";"1";""
"202400049490";"155694602";"A01";"1";"33";"8";"0";"1";"0";"1";""
"202400049491";"155694600";"A01";"2";"33";"0";"2";"1";"2";"1";""
"202400049491";"155694604";"B01";"2";"7";"0";"2";"6";"0";"1";""
"202400049491";"155694610";"C01";"2";"7";"0";"2";"5";"2";"1";""
"202400049491";"155694617";"D01";"2";"7";"0";"2";"5";"2";"1";""
"202400049491";"155694619";"E01";"2";"7";"0";"2";"6";"2";"2";""
"202400049492";"155694598";"B01";"1";"1";"0";"2";"8";"15";"5";""
"202400049492";"155694603";"A01";"1";"7";"0";"9";"1";"1";"1";""
"202400049493";"155694594";"A01";"1";"7";"0";"1";"2";"1";"1";""
"202400049494";"155694595";"A01";"0";"10";"13";"0";"1";"1";"1";""
"202400049495";"155694593";"A01";"1";"7";"0";"2";"1";"9";"1";""
"202400049495";"155694599";"B01";"1";"2";"0";"0";"4";"1";"1";""
"202400049496";"155694597";"A01";"1";"7";"0";"1";"1";"15";"1";""
"202400049497";"155694590";"B01";"3";"50";"0";"2";"6";"23";"3";""
"202400049497";"155694596";"A01";"3";"7";"0";"2";"2";"1";"1";""
"202400049498";"155694588";"B01";"2";"2";"0";"2";"1";"1";"1";""
"202400049498";"155694592";"A01";"1";"7";"0";"2";"1";"15";"1";""
"202400049499";"155694582";"A01";"3";"7";"0";"2";"3";"1";"1";""
"202400049499";"155694587";"B01";"3";"7";"0";"2";"3";"1";"1";""
"202400049500";"155694585";"A01";"2";"36";"0";"0";"0";"13";"1";""
"202400049501";"155694581";"A01";"1";"30";"0";"2";"1";"2";"1";""
"202400049501";"155694591";"B01";"1";"30";"0";"2";"8";"2";"1";""
"202400049502";"155694578";"A01";"1";"7";"0";"2";"7";"12";"1";""
"202400049502";"155694583";"B01";"1";"33";"0";"2";"8";"3";"1";""
"202400049502";"155694589";"C01";"1";"7";"0";"2";"6";"1";"1";""
"202400049503";"155694573";"A01";"1";"7";"0";"2";"2";"1";"2";""
"202400049503";"155694580";"B01";"1";"30";"0";"0";"4";"1";"1";""
"202400049503";"155694584";"C01";"1";"32";"0";"0";"4";"1";"3";""
"202400049504";"155694571";"A01";"2";"7";"0";"2";"8";"10";"1";""
"202400049504";"155694576";"B01";"2";"33";"0";"2";"1";"17";"1";""
"202400049505";"155694569";"A01";"2";"32";"16";"0";"7";"1";"1";""
"202400049506";"155694572";"A01";"2";"32";"0";"0";"0";"1";"1";""
"202400049507";"155694568";"A01";"0";"50";"0";"2";"1";"19";"3";""
"202400049507";"155694574";"B01";"0";"7";"0";"0";"7";"1";"1";""
"202400049508";"155694570";"A01";"1";"7";"0";"2";"6";"15";"2";""
"202400049508";"155694575";"B01";"2";"33";"0";"2";"1";"1";"1";""
"202400049509";"155694567";"B01";"3";"7";"0";"0";"8";"1";"1";""
"202400049509";"155694579";"A01";"3";"7";"0";"0";"1";"1";"1";""
"202400049510";"155694566";"A01";"0";"7";"0";"1";"3";"1";"1";""
"202400049511";"155694565";"A01";"1";"33";"0";"0";"7";"1";"1";""
"202400049512";"155694562";"A01";"1";"7";"4";"0";"3";"1";"1";""
"202400049513";"155694557";"A01";"1";"10";"0";"2";"8";"24";"1";""
"202400049513";"155694563";"B01";"1";"50";"1";"0";"1";"1";"3";""
"202400049514";"155694559";"A01";"2";"33";"0";"2";"1";"0";"1";""
"202400049514";"155694564";"B01";"2";"7";"0";"0";"5";"1";"1";""
"202400049515";"155694556";"A01";"1";"31";"13";"0";"1";"1";"1";""
"202400049516";"155694555";"A01";"1";"31";"0";"2";"7";"17";"1";""
"202400049516";"155694560";"B01";"2";"7";"0";"2";"1";"1";"2";""
"202400049517";"155694554";"B01";"3";"2";"0";"2";"3";"1";"1";""
"202400049517";"155694558";"A01";"3";"7";"0";"2";"5";"17";"1";""
"202400049518";"155694551";"A01";"1";"7";"0";"2";"3";"15";"1";""
"202400049518";"155694561";"B01";"1";"34";"0";"2";"1";"1";"1";""
"202400049519";"155694546";"A01";"2";"33";"16";"0";"7";"1";"1";""
"202400049520";"155694547";"A01";"1";"7";"2";"0";"1";"13";"1";""
"202400049521";"155694544";"A01";"2";"10";"0";"2";"1";"11";"1";""
"202400049521";"155694549";"B01";"2";"10";"0";"2";"4";"1";"1";""
"202400049521";"155694553";"C01";"2";"7";"3";"2";"4";"1";"1";""
"202400049522";"155694545";"C01";"1";"7";"0";"2";"8";"1";"1";""
"202400049522";"155694550";"A01";"2";"7";"0";"2";"3";"13";"1";""
"202400049522";"155694552";"B01";"1";"7";"0";"2";"3";"1";"1";""
"202400049523";"155694540";"B01";"1";"2";"0";"2";"1";"1";"3";""
"202400049523";"155694548";"A01";"2";"7";"0";"2";"7";"1";"1";""
"202400049524";"155694538";"A01";"1";"7";"0";"2";"1";"9";"1";""
"202400049524";"155694543";"B01";"1";"7";"0";"2";"8";"26";"1";""
"202400049525";"155694539";"A01";"2";"33";"0";"2";"1";"3";"1";""
"202400049525";"155694541";"B01";"2";"7";"0";"2";"6";"1";"1";""
"202400049526";"155694533";"A01";"2";"7";"0";"2";"3";"13";"1";""
"202400049526";"155694542";"B01";"1";"7";"0";"2";"1";"1";"1";""
"202400049527";"155694535";"A01";"2";"31";"0";"0";"7";"1";"1";""
"202400049528";"155694531";"A01";"1";"7";"9";"2";"7";"1";"1";""
"202400049528";"155694537";"B01";"1";"13";"0";"2";"1";"19";"1";""
"202400049529";"155694532";"A01";"1";"7";"0";"2";"1";"1";"1";""
"202400049529";"155694536";"B01";"1";"7";"0";"2";"4";"1";"1";""
"202400049530";"155694525";"A01";"3";"37";"1";"2";"4";"24";"1";"1"
"202400049530";"155694530";"B01";"3";"50";"1";"0";"1";"15";"3";""
"202400049531";"155694528";"A01";"1";"7";"0";"2";"1";"1";"2";""
"202400049531";"155694534";"B01";"2";"7";"0";"2";"1";"13";"1";""
"202400049532";"155694526";"A01";"2";"33";"0";"2";"1";"15";"1";""
"202400049532";"155694529";"B01";"1";"10";"0";"2";"2";"1";"1";""
"202400049533";"155694520";"B01";"2";"10";"0";"0";"6";"2";"1";""
"202400049533";"155694524";"A01";"2";"7";"0";"2";"2";"2";"1";""
"202400049534";"155694521";"B01";"2";"1";"0";"2";"1";"1";"5";""
"202400049534";"155694523";"A01";"1";"7";"0";"2";"2";"13";"1";""
"202400049535";"155694519";"A01";"2";"7";"7";"0";"2";"1";"1";""
"202400049536";"155694518";"A01";"1";"7";"5";"0";"1";"14";"1";""
"202400049537";"155694522";"B01";"1";"7";"0";"2";"7";"1";"1";""
"202400049537";"155694527";"A01";"1";"33";"0";"2";"8";"3";"1";""
"202400049538";"155694514";"A01";"3";"31";"12";"0";"2";"1";"1";""
"202400049539";"155694512";"A01";"3";"7";"0";"2";"4";"13";"1";""
"202400049539";"155694517";"B01";"0";"7";"0";"2";"1";"1";"1";""
"202400049540";"155694513";"B01";"2";"50";"0";"2";"1";"3";"3";""
"202400049540";"155694516";"A01";"2";"7";"0";"2";"5";"3";"1";""
"202400049541";"155694515";"A01";"1";"33";"0";"0";"0";"1";"1";""
"202400049542";"155694509";"A01";"3";"7";"0";"1";"1";"15";"1";""
"202400049543";"155694508";"A01";"2";"7";"0";"2";"3";"17";"1";""
"202400049543";"155694511";"B01";"1";"7";"0";"2";"3";"1";"1";""
"202400049544";"155694506";"B01";"2";"7";"0";"2";"3";"11";"1";""
"202400049544";"155694510";"A01";"2";"31";"0";"2";"2";"3";"1";""
"202400049545";"155694503";"A01";"2";"10";"0";"9";"2";"1";"1";""
"202400049545";"155694505";"B01";"2";"1";"0";"0";"4";"1";"5";""
"202400049546";"155694502";"A01";"0";"2";"0";"0";"8";"2";"1";""
"202400049546";"155694504";"B01";"0";"7";"0";"2";"7";"17";"1";""
"202400049547";"155694507";"A01";"1";"7";"0";"1";"1";"1";"1";""
"202400049548";"155694500";"A01";"1";"33";"15";"0";"1";"1";"1";""
"202400049549";"155694498";"A01";"1";"7";"1";"0";"2";"13";"1";""
"202400049550";"155694499";"A01";"1";"33";"0";"0";"7";"1";"1";""
"202400049551";"155694497";"A01";"1";"43";"0";"2";"2";"16";"1";""
"202400049551";"155694501";"B01";"1";"31";"0";"2";"1";"1";"1";""
"202400049552";"155694495";"A01";"2";"7";"0";"2";"1";"0";"1";""
"202400049552";"155694496";"B01";"2";"7";"0";"2";"5";"2";"1";""
"202400049553";"155694490";"A01";"1";"10";"0";"1";"5";"4";"3";""
"202400049554";"155694492";"A01";"3";"1";"0";"1";"1";"1";"5";""
"202400049555";"155694487";"A01";"1";"7";"0";"2";"1";"13";"1";""
"202400049555";"155694494";"B01";"2";"7";"0";"2";"1";"1";"1";""
"202400049556";"155694488";"A01";"3";"7";"15";"0";"1";"0";"1";""
"202400049557";"155694486";"A01";"2";"7";"6";"0";"2";"14";"1";""
"202400049558";"155694485";"C01";"1";"7";"0";"0";"6";"1";"1";""
"202400049558";"155694489";"A01";"1";"7";"0";"2";"1";"2";"1";""
"202400049558";"155694493";"B01";"1";"7";"0";"2";"4";"2";"1";""
"202400049559";"155694484";"B01";"1";"10";"0";"2";"6";"2";"1";""
"202400049559";"155694491";"A01";"1";"31";"0";"2";"1";"26";"1";""
"202400049560";"155694481";"A01";"1";"7";"0";"1";"1";"1";"1";""
"202400049561";"155694479";"A01";"1";"7";"0";"2";"2";"1";"1";""
"202400049561";"155694482";"B01";"1";"50";"0";"0";"4";"1";"3";""
"202400049562";"155694480";"A01";"1";"43";"0";"2";"3";"2";"1";""
"202400049562";"155694483";"B01";"1";"7";"0";"2";"5";"2";"1";""
"202400049563";"155694475";"A01";"2";"1";"16";"0";"9";"14";"5";""
"202400049564";"155694476";"A01";"3";"50";"1";"0";"1";"0";"3";""
"202400049565";"155694477";"A01";"1";"7";"0";"1";"3";"16";"1";""
"202400049566";"155694474";"A01";"3";"2";"0";"0";"8";"1";"1";""
"202400049567";"155694473";"A01";"2";"7";"0";"2";"6";"1";"1";""
"202400049567";"155694478";"B01";"2";"2";"0";"2";"1";"1";"1";""
"202400049568";"155694472";"A01";"2";"7";"16";"0";"0";"0";"1";""
"202400049569";"155694468";"A01";"2";"7";"0";"0";"5";"23";"1";""
"202400049569";"155694471";"B01";"2";"2";"0";"2";"1";"2";"1";""
"202400049570";"155694470";"A01";"1";"7";"0";"9";"2";"1";"1";""
"202400049571";"155694465";"A01";"3";"7";"0";"1";"1";"20";"3";""
"202400049572";"155694464";"A01";"1";"10";"0";"2";"3";"9";"1";""
"202400049572";"155694469";"B01";"1";"33";"0";"2";"1";"1";"1";""
"202400049573";"155694461";"A01";"1";"99";"0";"2";"1";"19";"1";""
"202400049573";"155694467";"B01";"2";"7";"0";"2";"7";"1";"1";""
"202400049574";"155694463";"B01";"1";"32";"0";"2";"1";"21";"1";""
"202400049574";"155694466";"Z01";"1";"7";"0";"2";"6";"1";"1";""
"202400049575";"155694457";"A01";"2";"33";"0";"2";"2";"1";"1";""
"202400049575";"155694460";"B01";"1";"80";"0";"0";"7";"19";"3";""
"202400049576";"155694453";"A01";"1";"99";"0";"2";"0";"1";"1";""
"202400049576";"155694456";"B01";"1";"10";"0";"2";"6";"1";"1";""
"202400049576";"155694459";"C01";"1";"10";"0";"2";"1";"1";"1";""
"202400049577";"155694450";"A01";"0";"7";"0";"0";"3";"1";"1";""
"202400049578";"155694448";"A01";"0";"7";"0";"2";"0";"0";"0";""
"202400049578";"155694454";"B01";"2";"7";"0";"2";"1";"1";"1";""
"202400049579";"155694452";"A01";"2";"7";"0";"2";"8";"19";"0";""
"202400049579";"155694462";"B01";"2";"10";"0";"2";"1";"1";"1";""
"202400049580";"155694449";"A01";"1";"3";"0";"2";"1";"5";"3";""
"202400049580";"155694455";"B01";"2";"7";"0";"0";"1";"1";"1";""
"202400049581";"155694446";"B01";"3";"1";"0";"2";"8";"19";"5";""
"202400049581";"155694451";"A01";"2";"33";"0";"2";"1";"1";"1";""
"202400049582";"155694444";"A01";"0";"7";"0";"2";"3";"19";"1";""
"202400049582";"155694447";"B01";"0";"33";"0";"2";"1";"1";"1";""
"202400049583";"155694445";"A01";"2";"10";"0";"1";"0";"0";"1";""
"202400049584";"155694441";"A01";"2";"34";"0";"2";"1";"13";"1";""
"202400049584";"155694443";"B01";"1";"7";"0";"2";"2";"15";"1";""
"202400049585";"155694437";"A01";"1";"7";"0";"1";"4";"4";"1";""
"202400049586";"155694436";"A01";"1";"33";"0";"0";"8";"1";"1";""
"202400049587";"155694435";"A01";"0";"10";"0";"1";"2";"19";"1";""
"202400049588";"155694432";"A01";"2";"1";"0";"2";"1";"5";"5";""
"202400049588";"155694440";"B01";"2";"50";"0";"2";"1";"1";"3";""
"202400049589";"155694430";"A01";"2";"7";"6";"0";"1";"1";"1";""
"202400049590";"155694429";"A01";"1";"7";"13";"0";"8";"1";"1";""
"202400049591";"155694424";"A01";"1";"7";"0";"2";"1";"2";"1";""
"202400049591";"155694431";"B01";"2";"7";"0";"2";"4";"2";"1";""
"202400049591";"155694433";"C01";"2";"7";"0";"2";"3";"2";"1";""
"202400049592";"155694425";"A01";"2";"7";"4";"0";"1";"1";"1";""
"202400049593";"155694428";"A01";"1";"33";"0";"1";"0";"19";"0";""
"202400049594";"155694422";"A01";"2";"7";"0";"2";"7";"1";"1";""
"202400049594";"155694427";"B01";"1";"2";"0";"2";"1";"1";"1";""
"202400049595";"155694423";"A01";"2";"2";"0";"2";"1";"1";"1";""
"202400049595";"155694426";"B01";"2";"10";"0";"2";"8";"1";"1";""
"202400049596";"155694420";"A01";"1";"7";"6";"0";"8";"1";"1";""
"202400049597";"155694419";"A01";"3";"7";"0";"1";"3";"1";"1";""
"202400049598";"155694416";"A01";"2";"34";"0";"1";"1";"1";"1";""
"202400049599";"155694414";"B01";"1";"2";"0";"2";"1";"1";"1";""
"202400049599";"155694418";"A01";"1";"7";"0";"0";"3";"2";"2";""
"202400049600";"155694413";"A01";"3";"7";"2";"0";"2";"14";"1";""
"202400049601";"155694415";"A01";"1";"16";"2";"2";"2";"15";"1";""
"202400049601";"155694421";"B01";"2";"1";"2";"2";"8";"1";"5";""
"202400049602";"155694411";"A01";"1";"7";"0";"2";"1";"1";"1";""
"202400049602";"155694417";"B01";"1";"10";"0";"2";"4";"23";"1";""
"202400049603";"155694410";"A01";"2";"7";"0";"2";"2";"17";"1";""
"202400049603";"155694412";"B01";"2";"1";"0";"0";"4";"1";"5";""
"202400049604";"155694409";"A01";"3";"1";"0";"0";"0";"1";"5";""
"202400049605";"155694404";"B01";"2";"7";"0";"2";"1";"1";"1";""
"202400049605";"155694408";"A01";"1";"10";"0";"2";"1";"5";"1";""
"202400049606";"155694402";"A01";"2";"31";"0";"2";"1";"13";"1";""
"202400049606";"155694405";"B01";"1";"1";"0";"2";"8";"1";"5";""
"202400049607";"155694399";"A01";"1";"10";"0";"2";"7";"16";"1";""
"202400049607";"155694406";"B01";"1";"37";"0";"2";"3";"7";"1";"1"
"202400049608";"155694400";"A01";"3";"7";"0";"2";"3";"2";"2";""
"202400049608";"155694407";"B01";"3";"50";"0";"2";"7";"2";"3";""
"202400049609";"155694398";"B01";"1";"2";"0";"2";"7";"1";"1";""
"202400049609";"155694403";"A01";"1";"7";"0";"2";"3";"20";"1";""
"202400049610";"155694396";"A01";"2";"7";"0";"1";"2";"1";"1";""
"202400049611";"155694394";"A01";"1";"15";"0";"1";"8";"1";"1";""
"202400049612";"155694390";"A01";"2";"37";"0";"1";"2";"7";"1";"1"
"202400049613";"155694388";"A01";"1";"7";"17";"0";"1";"1";"1";""
"202400049614";"155694387";"D01";"2";"7";"0";"2";"4";"2";"1";""
"202400049614";"155694393";"A01";"2";"7";"0";"2";"1";"2";"1";""