"Num_Acc";"id_vehicule";"num_veh";"senc";"catv";"obs";"obsm";"choc";"manv";"motor";"occutc"
"202400049614";"155694395";"B01";"2";"7";"0";"2";"4";"2";"1";""
"202400049614";"155694401";"C01";"2";"7";"0";"2";"4";"2";"1";""
"202400049615";"155694392";"A01";"1";"7";"0";"2";"0";"15";"1";""
"202400049615";"155694397";"B01";"2";"33";"0";"2";"1";"1";"1";""
"202400049616";"155694386";"A01";"1";"10";"13";"0";"1";"13";"1";""
"202400049617";"155694384";"A01";"1";"10";"0";"2";"1";"1";"1";""
"202400049617";"155694389";"B01";"2";"7";"0";"2";"8";"15";"1";""
"202400049618";"155694381";"A01";"2";"7";"3";"0";"0";"0";"1";""
"202400049619";"155694378";"A01";"3";"7";"13";"0";"3";"13";"2";""
"202400049620";"155694382";"A01";"2";"7";"2";"0";"1";"13";"1";""
"202400049621";"155694385";"B01";"1";"7";"0";"2";"2";"9";"1";""
"202400049621";"155694391";"A01";"1";"1";"0";"2";"5";"1";"5";""
"202400049622";"155694380";"A01";"0";"50";"0";"2";"1";"9";"3";""
"202400049622";"155694383";"B01";"3";"7";"0";"9";"1";"1";"1";""
"202400049623";"155694379";"A01";"3";"14";"0";"0";"8";"1";"1";""
"202400049624";"155694376";"A01";"1";"7";"0";"2";"1";"1";"1";""
"202400049624";"155694377";"B01";"2";"7";"0";"2";"1";"1";"1";""
"202400049625";"155694373";"B01";"1";"7";"0";"2";"4";"2";"1";""
"202400049625";"155694375";"A01";"1";"7";"0";"2";"1";"2";"1";""
"202400049626";"155694374";"A01";"2";"2";"0";"1";"1";"25";"1";""
"202400049627";"155694371";"A01";"2";"17";"3";"0";"0";"1";"1";""
"202400049628";"155694372";"A01";"1";"7";"4";"0";"2";"14";"1";""
"202400049629";"155694370";"A01";"1";"7";"4";"0";"3";"2";"1";""
"202400049630";"155694363";"A01";"2";"1";"0";"2";"4";"1";"5";""
"202400049630";"155694369";"B01";"3";"2";"0";"2";"1";"1";"3";""
"202400049631";"155694362";"A01";"2";"33";"0";"2";"1";"3";"1";""
"202400049631";"155694366";"B01";"2";"7";"0";"2";"3";"11";"1";""
"202400049632";"155694358";"A01";"3";"7";"8";"0";"1";"14";"1";""
"202400049633";"155694356";"A01";"2";"7";"0";"2";"2";"12";"1";""
"202400049633";"155694365";"B01";"2";"50";"0";"2";"8";"16";"3";""
"202400049634";"155694359";"A01";"2";"7";"0";"2";"2";"1";"1";""
"202400049634";"155694364";"B01";"2";"7";"0";"2";"6";"9";"1";""
"202400049635";"155694357";"B01";"1";"7";"0";"2";"3";"1";"1";""
"202400049635";"155694368";"A01";"2";"10";"0";"2";"3";"13";"1";""
"202400049636";"155694354";"A01";"1";"7";"0";"2";"2";"1";"1";""
"202400049636";"155694360";"B01";"2";"7";"0";"2";"2";"1";"1";""
"202400049637";"155694349";"A01";"2";"15";"0";"2";"1";"1";"1";""
"202400049637";"155694353";"B01";"2";"10";"0";"2";"4";"23";"1";""
"202400049637";"155694355";"C01";"2";"7";"0";"2";"4";"23";"1";""
"202400049637";"155694361";"D01";"2";"7";"0";"2";"4";"23";"1";""
"202400049637";"155694367";"E01";"2";"7";"0";"2";"4";"23";"1";""
"202400049638";"155694344";"A01";"1";"7";"0";"2";"7";"17";"1";""
"202400049638";"155694350";"B01";"1";"50";"0";"2";"8";"13";"3";""
"202400049639";"155694347";"B01";"1";"15";"6";"2";"1";"1";"1";""
"202400049639";"155694351";"A01";"2";"15";"9";"2";"1";"1";"1";""
"202400049640";"155694346";"B01";"2";"7";"0";"2";"2";"1";"2";""
"202400049640";"155694352";"A01";"2";"43";"0";"2";"3";"3";"1";""
"202400049641";"155694345";"A01";"1";"33";"0";"0";"0";"1";"1";""
"202400049642";"155694342";"A01";"2";"15";"0";"2";"5";"1";"1";""
"202400049642";"155694348";"B01";"2";"7";"0";"2";"1";"2";"1";""
"202400049643";"155694340";"A01";"1";"43";"0";"2";"1";"13";"1";""
"202400049643";"155694341";"B01";"2";"7";"0";"2";"1";"21";"1";""
"202400049644";"155694339";"A01";"1";"14";"0";"2";"3";"13";"1";""
"202400049644";"155694343";"B01";"2";"7";"0";"2";"3";"1";"1";""
"202400049645";"155694336";"A01";"2";"33";"0";"1";"1";"25";"1";""
"202400049646";"155694332";"B01";"2";"7";"0";"2";"8";"11";"1";""
"202400049646";"155694337";"A01";"2";"33";"0";"2";"7";"1";"1";""
"202400049647";"155694335";"A01";"0";"7";"13";"0";"0";"1";"1";""
"202400049648";"155694330";"A01";"2";"7";"0";"2";"3";"9";"0";""
"202400049648";"155694333";"B01";"1";"50";"0";"2";"1";"1";"3";""
"202400049649";"155694328";"A01";"1";"33";"0";"0";"8";"1";"1";""
"202400049650";"155694327";"B01";"1";"7";"0";"2";"2";"15";"1";""
"202400049650";"155694334";"A01";"1";"32";"0";"2";"1";"1";"1";""
"202400049651";"155694325";"A01";"1";"7";"0";"2";"4";"1";"1";""
"202400049651";"155694331";"B01";"1";"7";"0";"2";"1";"2";"1";""
"202400049651";"155694338";"C01";"1";"7";"0";"2";"1";"2";"1";""
"202400049652";"155694320";"A01";"2";"15";"0";"2";"2";"12";"1";""
"202400049652";"155694324";"B01";"2";"7";"0";"2";"8";"1";"2";""
"202400049653";"155694316";"A01";"2";"7";"0";"1";"1";"1";"1";""
"202400049654";"155694322";"A01";"3";"33";"0";"2";"3";"16";"1";""
"202400049654";"155694329";"B01";"3";"99";"0";"2";"6";"15";"1";""
"202400049655";"155694318";"A01";"3";"7";"1";"0";"3";"16";"0";""
"202400049656";"155694319";"A01";"2";"7";"0";"2";"1";"13";"1";""
"202400049656";"155694323";"B01";"1";"7";"0";"2";"1";"1";"1";""
"202400049656";"155694326";"C01";"1";"7";"0";"2";"6";"1";"1";""
"202400049657";"155694317";"A01";"1";"2";"0";"0";"0";"1";"1";""
"202400049658";"155694315";"A01";"2";"33";"0";"2";"1";"0";"1";""
"202400049658";"155694321";"B01";"2";"10";"0";"0";"4";"1";"1";""
"202400049659";"155694313";"A01";"1";"7";"0";"2";"1";"2";"1";""
"202400049659";"155694314";"B01";"1";"7";"0";"2";"4";"2";"1";""
"202400049660";"155694304";"A01";"2";"7";"0";"2";"1";"26";"1";""
"202400049660";"155694310";"B01";"2";"33";"0";"2";"7";"1";"1";""
"202400049661";"155694306";"A01";"1";"33";"0";"2";"3";"1";"1";""
"202400049661";"155694312";"B01";"2";"7";"0";"2";"2";"15";"1";""
"202400049662";"155694303";"A01";"2";"7";"2";"0";"3";"13";"3";""
"202400049663";"155694302";"A01";"2";"7";"0";"2";"3";"24";"1";""
"202400049663";"155694308";"B01";"2";"10";"0";"2";"2";"1";"1";""
"202400049664";"155694301";"B01";"2";"7";"0";"2";"1";"1";"1";""
"202400049664";"155694307";"A01";"1";"33";"0";"2";"1";"17";"1";""
"202400049665";"155694299";"B01";"2";"7";"0";"2";"8";"1";"1";""
"202400049665";"155694311";"A01";"1";"7";"0";"2";"1";"13";"1";""
"202400049666";"155694300";"A01";"1";"17";"3";"0";"7";"1";"1";""
"202400049667";"155694305";"B01";"0";"1";"0";"0";"0";"1";"5";""
"202400049667";"155694309";"A01";"3";"7";"0";"2";"0";"15";"0";""
"202400049668";"155694297";"A01";"2";"7";"3";"0";"3";"2";"1";""
"202400049669";"155694296";"A01";"2";"7";"6";"0";"1";"1";"1";""
"202400049670";"155694290";"B01";"1";"7";"0";"2";"3";"11";"1";""
"202400049670";"155694294";"A01";"1";"33";"0";"2";"7";"17";"1";""
"202400049671";"155694292";"A01";"0";"7";"0";"0";"1";"1";"1";""
"202400049672";"155694291";"A01";"1";"7";"0";"2";"3";"1";"1";""
"202400049672";"155694295";"B01";"2";"7";"0";"2";"3";"1";"1";""
"202400049673";"155694289";"A01";"2";"7";"9";"1";"1";"21";"1";""
"202400049674";"155694288";"A01";"1";"33";"0";"2";"3";"7";"1";""
"202400049674";"155694293";"B01";"1";"7";"0";"2";"5";"16";"3";""
"202400049675";"155694282";"A01";"2";"7";"6";"2";"1";"0";"2";""
"202400049675";"155694285";"B01";"2";"7";"0";"2";"3";"26";"1";""
"202400049676";"155694279";"A01";"1";"33";"0";"2";"1";"1";"1";""
"202400049676";"155694284";"B01";"1";"7";"0";"2";"4";"1";"1";""
"202400049677";"155694283";"A01";"1";"10";"0";"2";"8";"15";"1";""
"202400049677";"155694286";"B01";"1";"33";"0";"2";"1";"3";"1";""
"202400049678";"155694281";"A01";"2";"7";"2";"0";"1";"13";"1";""
"202400049679";"155694277";"B01";"1";"2";"8";"2";"1";"17";"1";""
"202400049679";"155694280";"A01";"1";"7";"0";"2";"8";"15";"1";""
"202400049680";"155694276";"A01";"1";"7";"0";"2";"7";"1";"1";""
"202400049680";"155694278";"B01";"1";"99";"0";"2";"0";"26";"1";""
"202400049681";"155694275";"A01";"3";"7";"0";"1";"3";"9";"1";""
"202400049682";"155694271";"A01";"0";"7";"0";"2";"4";"24";"1";""
"202400049682";"155694274";"B01";"0";"7";"0";"0";"0";"0";"1";""
"202400049683";"155694269";"A01";"2";"7";"0";"1";"2";"1";"1";""
"202400049684";"155694262";"A01";"2";"1";"0";"2";"3";"0";"5";""
"202400049684";"155694266";"B01";"2";"7";"0";"9";"3";"17";"0";""
"202400049685";"155694264";"B01";"1";"33";"0";"2";"1";"1";"1";""
"202400049685";"155694272";"A01";"1";"7";"0";"2";"6";"15";"1";""
"202400049686";"155694263";"A01";"1";"7";"1";"1";"2";"1";"0";""
"202400049686";"155694270";"B01";"0";"7";"0";"2";"2";"24";"1";""
"202400049687";"155694260";"A01";"2";"10";"0";"2";"1";"2";"1";""
"202400049687";"155694265";"B01";"2";"34";"0";"2";"4";"12";"1";""
"202400049687";"155694268";"D01";"2";"10";"0";"2";"4";"2";"1";""
"202400049687";"155694273";"C01";"2";"7";"0";"2";"9";"2";"1";""
"202400049688";"155694254";"A01";"0";"7";"0";"2";"3";"16";"1";""
"202400049688";"155694259";"B01";"0";"7";"0";"2";"3";"15";"1";""
"202400049689";"155694257";"A01";"1";"7";"0";"2";"1";"19";"1";""
"202400049689";"155694267";"B01";"1";"7";"0";"2";"8";"1";"1";""
"202400049690";"155694255";"A01";"2";"7";"1";"0";"1";"1";"1";""
"202400049691";"155694248";"A01";"1";"33";"0";"2";"1";"3";"1";""
"202400049691";"155694252";"B01";"1";"7";"0";"2";"0";"0";"1";""
"202400049692";"155694250";"A01";"2";"7";"1";"0";"1";"14";"1";""
"202400049693";"155694253";"A01";"2";"7";"0";"2";"1";"15";"1";""
"202400049693";"155694258";"B01";"2";"7";"0";"2";"1";"0";"1";""
"202400049693";"155694261";"C01";"1";"7";"0";"2";"3";"0";"1";""
"202400049694";"155694251";"A01";"1";"7";"4";"0";"0";"1";"2";""
"202400049695";"155694249";"A01";"3";"7";"0";"2";"2";"1";"1";""
"202400049695";"155694256";"B01";"3";"50";"8";"2";"3";"25";"3";""
"202400049696";"155694246";"A01";"1";"7";"0";"2";"2";"1";"0";""
"202400049696";"155694247";"B01";"1";"7";"0";"2";"6";"1";"1";""
"202400049697";"155694244";"A01";"3";"7";"2";"0";"3";"13";"1";""
"202400049698";"155694241";"A01";"2";"50";"0";"0";"0";"26";"3";""
"202400049699";"155694237";"B01";"0";"33";"0";"2";"3";"21";"1";""
"202400049699";"155694242";"A01";"0";"7";"0";"2";"2";"16";"1";""
"202400049700";"155694239";"A01";"2";"33";"0";"0";"0";"0";"1";""
"202400049701";"155694235";"B01";"1";"2";"0";"2";"0";"0";" -1";""
"202400049701";"155694240";"A01";"2";"7";"0";"0";"3";"15";"1";""
"202400049702";"155694234";"A01";"2";"7";"0";"0";"2";"11";"1";""
"202400049702";"155694245";"B01";"1";"33";"0";"2";"1";"1";"1";""
"202400049703";"155694232";"A01";"2";"33";"13";"0";"2";"1";"1";""
"202400049704";"155694229";"B01";"2";"7";"15";"2";"3";"1";"1";""
"202400049704";"155694236";"A01";"2";"7";"0";"2";"2";"9";"1";""
"202400049705";"155694225";"A01";"2";"7";"0";"9";"2";"2";"1";""
"202400049705";"155694228";"B01";"2";"1";"0";"2";"4";"2";"5";""
"202400049706";"155694227";"A01";"0";"7";"0";"1";"1";"20";"1";""
"202400049707";"155694223";"D01";"1";"7";"0";"2";"4";"1";"1";""
"202400049707";"155694224";"E01";"1";"7";"0";"2";"1";"1";"1";""
"202400049707";"155694230";"A01";"1";"7";"0";"2";"2";"1";"1";""
"202400049707";"155694233";"B01";"1";"7";"0";"2";"8";"1";"1";""
"202400049707";"155694238";"F01";"1";"7";"0";"2";"1";"1";"1";""
"202400049707";"155694243";"C01";"1";"7";"0";"2";"2";"1";"1";""
"202400049708";"155694222";"A01";"3";"33";"13";"0";"7";"1";"1";""
"202400049709";"155694214";"A01";"1";"7";"9";"0";"1";"1";"1";""
"202400049710";"155694212";"B01";"1";"7";"0";"2";"7";"1";"1";""
"202400049710";"155694221";"A01";"1";"7";"0";"2";"1";"16";"1";""
"202400049711";"155694213";"A01";"2";"7";"9";"2";"1";"1";"1";""
"202400049711";"155694219";"B01";"1";"7";"9";"2";"8";"1";"1";""
"202400049712";"155694211";"A01";"2";"7";"14";"0";"1";"1";"1";""
"202400049713";"155694217";"B01";"2";"30";"0";"2";"1";"17";"1";""
"202400049713";"155694220";"A01";"2";"7";"0";"0";"6";"15";"1";""
"202400049714";"155694210";"A01";"2";"33";"0";"2";"9";"2";"1";""
"202400049714";"155694216";"B01";"2";"15";"0";"0";"3";"9";"1";""
"202400049715";"155694208";"A01";"2";"7";"0";"2";"4";"2";"1";""
"202400049715";"155694215";"B01";"2";"7";"0";"2";"4";"2";"1";""
"202400049715";"155694218";"C01";"2";"7";"0";"2";"1";"2";"1";""
"202400049716";"155694204";"B01";"2";"7";"0";"2";"5";"12";"1";""
"202400049716";"155694207";"A01";"2";"32";"0";"2";"1";"1";"1";""
"202400049717";"155694206";"A01";"2";"7";"2";"0";"1";"1";"1";""
"202400049718";"155694202";"A01";"3";"33";"14";"0";"1";"1";"1";""
"202400049719";"155694201";"A01";"0";"7";"0";"2";"1";"2";"1";""
"202400049719";"155694209";"B01";"0";"7";"0";"9";"4";"2";"1";""
"202400049720";"155694199";"A01";"1";"7";"0";"2";"8";"15";"2";""
"202400049720";"155694205";"B01";"1";"2";"0";"2";"7";"17";"1";""
"202400049721";"155694197";"A01";"2";"7";"7";"2";"1";"2";"1";""
"202400049721";"155694203";"B01";"2";"7";"1";"2";"8";"2";"1";""
"202400049722";"155694196";"A01";"2";"7";"0";"2";"8";"11";"1";""
"202400049722";"155694200";"B01";"2";"32";"0";"2";"7";"1";"1";""
"202400049723";"155694192";"A01";"2";"33";"0";"2";"3";"2";"1";""
"202400049723";"155694195";"B01";"2";"7";"0";"2";"5";"23";"1";""
"202400049724";"155694191";"A01";"1";"7";"0";"2";"8";"15";"1";""
"202400049724";"155694198";"B01";"1";"33";"0";"2";"1";"1";"1";""
"202400049725";"155694189";"A01";"2";"7";"0";"2";"8";"1";"1";""
"202400049725";"155694194";"B01";"1";"7";"0";"2";"8";"1";"1";""
"202400049726";"155694186";"A01";"2";"7";"14";"0";"1";"14";"1";""
"202400049727";"155694187";"A01";"3";"7";"0";"2";"2";"14";"1";""
"202400049727";"155694193";"B01";"3";"10";"0";"2";"6";"1";"1";""
"202400049728";"155694185";"A01";"3";"7";"0";"2";"3";"26";"1";""
"202400049728";"155694188";"B01";"3";"7";"0";"2";"3";"23";"1";""
"202400049729";"155694184";"A01";"2";"50";"0";"2";"1";"17";"3";""
"202400049729";"155694190";"B01";"0";"7";"0";"2";"1";"15";"1";""
"202400049730";"155694182";"A01";"1";"2";"0";"0";"0";"1";"1";""
"202400049731";"155694180";"A01";"2";"7";"0";"2";"1";"26";"1";""
"202400049731";"155694183";"B01";"2";"7";"0";"2";"5";"2";"1";""
"202400049732";"155694178";"A01";"2";"7";"0";"2";"1";"2";"1";""
"202400049732";"155694181";"B01";"2";"7";"0";"2";"4";"1";"1";""
"202400049733";"155694177";"A01";"1";"7";"1";"0";"1";"0";"1";""
"202400049734";"155694174";"A01";"1";"7";"13";"0";"0";"14";"1";""
"202400049735";"155694170";"A01";"2";"7";"0";"2";"2";"1";"0";""
"202400049735";"155694179";"B01";"0";"1";"0";"2";"6";"16";"5";""
"202400049736";"155694171";"A01";"1";"7";"0";"2";"1";"5";"1";""
"202400049736";"155694176";"B01";"2";"7";"13";"2";"1";"1";"1";""
"202400049737";"155694167";"C01";"1";"10";"0";"2";"7";"1";"1";""
"202400049737";"155694172";"A01";"1";"33";"0";"2";"2";"17";"1";""
"202400049737";"155694175";"B01";"1";"10";"0";"2";"6";"2";"1";""
"202400049738";"155694161";"B01";"2";"7";"0";"2";"4";"2";"1";""
"202400049738";"155694166";"A01";"2";"13";"0";"2";"1";"2";"1";""
"202400049738";"155694169";"C01";"2";"7";"0";"2";"4";"2";"1";""
"202400049739";"155694164";"A01";"1";"7";"13";"0";"2";"14";"1";""
"202400049740";"155694159";"A01";"1";"15";"0";"2";"3";"2";"1";""
"202400049740";"155694165";"B01";"1";"7";"0";"0";"4";"2";"1";""
"202400049740";"155694168";"C01";"1";"7";"0";"2";"1";"17";"2";""
"202400049741";"155694158";"A01";"2";"33";"0";"2";"1";"26";"1";""
"202400049741";"155694160";"B01";"1";"10";"0";"2";"2";"15";"1";""
"202400049742";"155694157";"B01";"2";"7";"0";"2";"2";"1";"1";""
"202400049742";"155694163";"A01";"1";"7";"0";"2";"2";"5";"1";""
"202400049743";"155694153";"A01";"1";"7";"0";"1";"2";"1";"0";""
"202400049744";"155694151";"A01";"2";"7";"0";"2";"2";"5";"2";""
"202400049744";"155694156";"B01";"1";"7";"0";"2";"2";"1";"1";""
"202400049745";"155694147";"A01";"1";"7";"0";"2";"1";"1";"1";""
"202400049745";"155694152";"B01";"1";"7";"0";"2";"6";"2";"1";""
"202400049745";"155694155";"D01";"1";"7";"0";"2";"0";"1";"1";""
"202400049745";"155694162";"C01";"1";"7";"0";"2";"8";"1";"1";""
"202400049746";"155694141";"A01";"1";"7";"0";"2";"1";"2";"1";""
"202400049746";"155694148";"B01";"1";"7";"0";"2";"4";"1";"2";""
"202400049746";"155694154";"C01";"1";"7";"0";"2";"3";"1";"2";""
"202400049747";"155694145";"A01";"0";"7";"0";"2";"6";"15";"1";""
"202400049747";"155694150";"B01";"0";"33";"0";"2";"1";"1";"1";""
"202400049748";"155694143";"A01";"2";"7";"0";"2";"3";"5";"1";""
"202400049748";"155694149";"B01";"1";"1";"0";"2";"4";"1";"5";""
"202400049749";"155694144";"A01";"2";"7";"0";"1";"2";"1";"1";""
"202400049750";"155694139";"B01";"2";"10";"0";"2";"4";"1";"1";""
"202400049750";"155694142";"A01";"2";"7";"0";"2";"1";"1";"1";""
"202400049751";"155694140";"A01";"1";"32";"0";"2";"1";"17";"1";""
"202400049751";"155694146";"B01";"1";"7";"0";"2";"6";"15";"1";""
"202400049752";"155694136";"A01";"1";"7";"10";"0";"4";"4";"1";""
"202400049753";"155694133";"B01";"3";"50";"0";"2";"3";"16";"3";""
"202400049754";"155694132";"B01";"1";"33";"0";"2";"8";"1";"1";""
"202400049754";"155694138";"A01";"1";"7";"0";"2";"7";"12";"1";""
"202400049755";"155694131";"A01";"1";"7";"0";"2";"8";"13";"1";""
"202400049755";"155694135";"B01";"1";"2";"0";"2";"7";"17";"1";""
"202400049756";"155694130";"A01";"2";"7";"0";"2";"1";"19";"1";""
"202400049756";"155694137";"B01";"1";"7";"0";"2";"7";"26";"1";""
"202400049757";"155694128";"A01";"2";"7";"3";"0";"0";"0";"1";""
"202400049758";"155694126";"A01";"2";"7";"0";"2";"1";"13";"1";""
"202400049758";"155694134";"B01";"1";"7";"0";"2";"1";"1";"1";""
"202400049759";"155694124";"B01";"2";"33";"0";"2";"2";"3";"1";""
"202400049759";"155694127";"A01";"2";"7";"0";"2";"8";"11";"3";""
"202400049760";"155694125";"B01";"2";"7";"0";"2";"6";"11";"1";""
"202400049760";"155694129";"A01";"2";"33";"0";"2";"1";"17";"1";""
"202400049761";"155694121";"A01";"3";"7";"0";"1";"1";"1";"2";""
"202400049762";"155694119";"B01";"1";"7";"0";"2";"3";"15";"1";""
"202400049762";"155694123";"A01";"1";"33";"0";"2";"1";"17";"1";""
"202400049763";"155694114";"A01";"1";"7";"0";"1";"1";"1";"1";""
"202400049764";"155694115";"A01";"2";"7";"0";"2";"3";"13";"1";""
"202400049764";"155694120";"B01";"1";"7";"0";"2";"1";"1";"1";""
"202400049765";"155694116";"A01";"1";"7";"13";"0";"1";"0";"1";""
"202400049766";"155694118";"A01";"2";"7";"0";"2";"4";"23";"1";""
"202400049766";"155694122";"B01";"2";"7";"0";"2";"1";"1";"2";""
"202400049767";"155694113";"A01";"2";"7";"0";"2";"2";"2";"1";""
"202400049767";"155694117";"B01";"2";"7";"0";"2";"8";"2";"1";""
"202400049768";"155694110";"A01";"1";"33";"0";"0";"8";"16";"1";""
"202400049769";"155694108";"A01";"1";"33";"0";"0";"0";"17";"1";""
"202400049770";"155694107";"A01";"1";"7";"8";"0";"2";"1";"1";""
"202400049771";"155694106";"A01";"2";"30";"0";"0";"1";"1";"1";""
"202400049772";"155694103";"A01";"1";"7";"0";"2";"2";"1";"1";""
"202400049772";"155694109";"B01";"2";"7";"0";"2";"2";"1";"1";""
"202400049773";"155694102";"A01";"1";"7";"2";"0";"3";"1";"1";""
"202400049774";"155694097";"A01";"2";"7";"0";"2";"1";"2";"1";""
"202400049774";"155694104";"B01";"2";"7";"0";"2";"4";"2";"1";""
"202400049775";"155694096";"B01";"2";"7";"0";"2";"6";"17";"1";""
"202400049775";"155694099";"A01";"1";"7";"0";"2";"3";"5";"1";""
"202400049776";"155694098";"B01";"2";"7";"0";"0";"1";"1";"1";""
"202400049776";"155694105";"A01";"1";"7";"15";"2";"4";"9";"1";""
"202400049777";"155694095";"B01";"1";"50";"0";"2";"8";"1";"3";""
"202400049777";"155694101";"A01";"1";"7";"0";"2";"1";"15";"1";""
"202400049778";"155694093";"A01";"3";"2";"13";"0";"1";"0";"1";""
"202400049779";"155694092";"A01";"2";"7";"0";"9";"7";"21";"1";""
"202400049779";"155694094";"B01";"2";"1";"0";"2";"8";"2";"5";""
"202400049779";"155694100";"C01";"2";"7";"0";"0";"0";"17";"3";""
"202400049780";"155694091";"A01";"2";"7";"13";"0";"9";"1";"1";""
"202400049781";"155694088";"A01";"2";"21";"15";"0";"1";"1";"1";""
"202400049782";"155694087";"A01";"1";"7";"3";"2";"3";"11";"1";""
"202400049782";"155694090";"B01";"1";"34";"3";"2";"1";"17";"1";""
"202400049783";"155694084";"A01";"3";"50";"0";"1";"1";"25";"3";""
"202400049784";"155694082";"C01";"1";"7";"0";"2";"6";"1";"1";""
"202400049784";"155694085";"Z01";"1";"7";"0";"2";"1";"0";"0";""
"202400049784";"155694089";"B01";"1";"32";"0";"2";"3";"3";"1";""
"202400049785";"155694077";"A01";"3";"7";"0";"2";"1";"1";"1";""
"202400049785";"155694086";"B01";"3";"7";"0";"2";"3";"1";"1";""
"202400049786";"155694078";"A01";"1";"33";"0";"2";"1";"17";"1";""
"202400049786";"155694080";"B01";"1";"7";"0";"2";"3";"15";"0";""
"202400049787";"155694076";"A01";"1";"7";"8";"0";"1";"26";"1";""
"202400049788";"155694079";"A01";"2";"7";"0";"2";"1";"2";"1";""
"202400049788";"155694083";"B01";"2";"7";"0";"0";"6";"2";"1";""
"202400049789";"155694075";"B01";"0";"7";"0";"2";"1";"1";"1";""
"202400049789";"155694081";"A01";"3";"7";"0";"2";"8";"19";"1";""
"202400049790";"155694074";"A01";"1";"10";"4";"0";"3";"11";"1";""
"202400049791";"155694069";"B01";"2";"7";"0";"2";"8";"1";"1";""
"202400049791";"155694072";"A01";"1";"99";"0";"2";"8";"13";"6";""
"202400049792";"155694070";"B01";"0";"1";"0";"0";"8";"26";"5";""
"202400049792";"155694073";"A01";"0";"7";"0";"0";"1";"26";"1";""
"202400049793";"155694062";"B01";"2";"33";"0";"2";"7";"1";"1";""
"202400049793";"155694066";"AB01";"2";"10";"0";"2";"8";"11";"1";""
"202400049794";"155694063";"B01";"2";"1";"0";"2";"3";"15";"5";""
"202400049794";"155694071";"A01";"1";"7";"0";"9";"3";"15";"2";""
"202400049795";"155694061";"A01";"1";"7";"0";"2";"2";"2";"1";""
"202400049795";"155694068";"B01";"1";"1";"0";"2";"8";"1";"5";""
"202400049796";"155694060";"B01";"1";"3";"0";"2";"7";"0";"1";""
"202400049796";"155694067";"A01";"1";"7";"0";"2";"1";"1";"1";""
"202400049797";"155694059";"A01";"1";"7";"0";"2";"1";"1";"1";""
"202400049797";"155694064";"B01";"1";"60";"0";"2";"7";"19";"5";""
"202400049798";"155694055";"A01";"2";"43";"0";"0";"3";"3";"1";""
"202400049799";"155694048";"B01";"2";"33";"0";"2";"7";"17";"1";""
"202400049799";"155694052";"A01";"2";"7";"0";"2";"6";"13";"1";""
"202400049800";"155694054";"B01";"0";"31";"0";"2";"1";"1";"1";""
"202400049800";"155694058";"A01";"1";"7";"0";"2";"3";"15";"1";""
"202400049801";"155694045";"A01";"2";"7";"0";"0";"3";"14";"1";""
"202400049802";"155694047";"A01";"1";"80";"0";"2";"8";"19";"3";""
"202400049802";"155694050";"Z01";"2";"2";"0";"2";"1";"1";"1";""
"202400049803";"155694043";"A01";"1";"7";"0";"2";"2";"2";"1";""
"202400049803";"155694056";"B01";"1";"30";"3";"2";"4";"2";"1";""
"202400049804";"155694044";"B01";"1";"7";"0";"2";"3";"1";"1";""
"202400049804";"155694049";"A01";"2";"7";"0";"2";"3";"17";"1";""
"202400049805";"155694051";"A01";"3";"33";"8";"0";"8";"1";"1";""
"202400049805";"155694057";"B01";"3";"7";"0";"2";"3";"15";"1";""
"202400049806";"155694042";"A01";"2";"7";"0";"2";"4";"0";"1";""
"202400049806";"155694046";"B01";"2";"7";"0";"2";"1";"0";"1";""
"202400049806";"155694053";"C01";"2";"7";"0";"2";"1";"0";"1";""
"202400049807";"155694036";"A01";"1";"33";"6";"0";"7";"1";"1";""
"202400049808";"155694035";"A01";"3";"7";"8";"2";"9";"17";"1";""
"202400049808";"155694040";"B01";"2";"7";"0";"2";"3";"2";"1";""
"202400049809";"155694031";"A01";"3";"32";"0";"2";"8";"20";"1";""
"202400049809";"155694039";"B01";"3";"10";"0";"2";"5";"20";"3";""
"202400049810";"155694032";"A01";"2";"33";"0";"2";"1";"3";"1";""
"202400049810";"155694038";"B01";"2";"7";"0";"2";"6";"11";"1";""
"202400049811";"155694028";"A01";"1";"7";"0";"2";"1";"2";"1";""
"202400049811";"155694033";"B01";"1";"7";"0";"2";"4";"2";"1";""
"202400049812";"155694027";"B01";"1";"7";"0";"2";"3";"1";"1";""
"202400049812";"155694034";"A01";"2";"7";"0";"2";"3";"1";"1";""
"202400049813";"155694026";"B01";"1";"33";"0";"2";"1";"1";"1";""
"202400049813";"155694030";"A01";"1";"7";"0";"2";"3";"15";"1";""
"202400049814";"155694025";"D01";"1";"7";"0";"2";"4";"0";"2";""
"202400049814";"155694029";"B01";"1";"7";"1";"2";"6";"9";"1";""
"202400049814";"155694037";"A01";"2";"7";"0";"2";"6";"26";"1";""
"202400049814";"155694041";"C01";"1";"7";"1";"0";"4";"0";"2";""
"202400049815";"155694019";"A01";"1";"7";"0";"2";"4";"2";"2";""
"202400049815";"155694023";"B01";"1";"7";"0";"2";"1";"2";"1";""
"202400049816";"155694015";"A01";"2";"7";"8";"0";"4";"4";"2";""
"202400049817";"155694012";"A01";"1";"7";"0";"0";"2";"13";"2";""
"202400049817";"155694024";"B01";"2";"7";"0";"0";"3";"1";"1";""
"202400049818";"155694016";"A01";"1";"7";"0";"2";"1";"2";"1";""