"Num_Acc";"id_vehicule";"num_veh";"senc";"catv";"obs";"obsm";"choc";"manv";"motor";"occutc"
"202400049818";"155694022";"B01";"1";"7";"0";"2";"4";"15";"1";""
"202400049819";"155694010";"B01";"2";"7";"0";"2";"3";"1";"1";""
"202400049819";"155694014";"A01";"1";"7";"12";"2";"3";"13";"1";""
"202400049819";"155694021";"C01";"1";"37";"0";"2";"0";"0";"1";"1"
"202400049820";"155694008";"A01";"1";"7";"0";"2";"1";"2";"1";""
"202400049820";"155694018";"B01";"3";"2";"0";"2";"8";"1";"1";""
"202400049821";"155694005";"A01";"1";"10";"0";"2";"1";"14";"1";""
"202400049821";"155694009";"B01";"1";"38";"0";"2";"6";"1";"1";"1"
"202400049822";"155694004";"A01";"2";"7";"0";"2";"5";"23";"1";""
"202400049822";"155694006";"C01";"2";"7";"0";"2";"6";"1";"1";""
"202400049822";"155694011";"D01";"2";"7";"0";"2";"1";"1";"1";""
"202400049822";"155694017";"B01";"2";"7";"1";"0";"3";"1";"1";""
"202400049822";"155694020";"E01";"2";"7";"0";"2";"1";"1";"1";""
"202400049823";"155694001";"A01";"3";"10";"0";"1";"1";"1";"1";""
"202400049824";"155694007";"A01";"1";"7";"0";"2";"1";"1";"1";""
"202400049824";"155694013";"B01";"1";"7";"0";"0";"4";"15";"1";""
"202400049825";"155694000";"A01";"1";"7";"0";"2";"2";"15";"1";""
"202400049825";"155694002";"B01";"2";"33";"0";"2";"1";"1";"1";""
"202400049826";"155693996";"A01";"2";"7";"0";"2";"1";"9";"1";""
"202400049826";"155694003";"B01";"3";"80";"0";"2";"7";"1";"3";""
"202400049827";"155693997";"A01";"2";"7";"0";"2";"3";"1";"1";""
"202400049827";"155693999";"B01";"1";"14";"0";"2";"3";"1";"1";""
"202400049828";"155693992";"A01";"2";"7";"0";"0";"3";"19";"1";""
"202400049828";"155693998";"B01";"1";"10";"0";"2";"1";"1";"1";""
"202400049829";"155693990";"A01";"2";"7";"0";"2";"1";"2";"1";""
"202400049829";"155693995";"B01";"2";"7";"0";"2";"4";"1";"1";""
"202400049830";"155693991";"A01";"3";"7";"2";"0";"9";"2";"1";""
"202400049831";"155693989";"A01";"1";"7";"0";"2";"3";"13";"1";""
"202400049831";"155693993";"B01";"1";"7";"0";"2";"2";"1";"1";""
"202400049832";"155693988";"A01";"2";"7";"0";"0";"1";"0";"1";""
"202400049833";"155693987";"B01";"2";"7";"0";"2";"1";"1";"1";""
"202400049833";"155693994";"A01";"2";"3";"0";"2";"7";"16";"1";""
"202400049834";"155693985";"A01";"1";"7";"0";"0";"9";"1";"1";""
"202400049835";"155693980";"A01";"3";"7";"13";"0";"3";"1";"1";""
"202400049836";"155693977";"A01";"1";"7";"0";"2";"1";"2";"1";""
"202400049836";"155693982";"B01";"1";"7";"0";"2";"4";"1";"1";""
"202400049837";"155693978";"B01";"1";"7";"0";"2";"4";"1";"1";""
"202400049837";"155693984";"C01";"1";"7";"0";"2";"4";"1";"1";""
"202400049837";"155693986";"A01";"1";"7";"0";"2";"1";"1";"2";""
"202400049838";"155693979";"A01";"3";"36";"16";"0";"9";"1";"1";""
"202400049839";"155693974";"B01";"2";"41";"0";"2";"1";"11";"1";""
"202400049839";"155693981";"Z01";"1";"10";"0";"2";"3";"10";"0";""
"202400049840";"155693976";"A01";"1";"7";"0";"2";"1";"13";"1";""
"202400049840";"155693983";"B01";"2";"33";"0";"2";"1";"1";"1";""
"202400049841";"155693973";"B01";"2";"2";"0";"2";"1";"18";"3";""
"202400049841";"155693975";"A01";"2";"10";"0";"2";"7";"22";"1";""
"202400049842";"155693969";"A01";"1";"21";"0";"0";"0";"13";"1";""
"202400049843";"155693968";"B01";"2";"7";"0";"9";"3";"15";"1";""
"202400049843";"155693972";"A01";"1";"60";"0";"2";"1";"1";"5";""
"202400049844";"155693967";"A01";"1";"7";"1";"0";"3";"1";"1";""
"202400049845";"155693966";"A01";"2";"7";"0";"2";"4";"1";"2";""
"202400049845";"155693971";"B01";"2";"7";"0";"2";"1";"1";"2";""
"202400049846";"155693965";"A01";"3";"7";"8";"0";"1";"13";"1";""
"202400049847";"155693960";"B01";"1";"14";"0";"2";"6";"1";"1";""
"202400049847";"155693963";"A01";"1";"32";"11";"2";"1";"17";"1";""
"202400049848";"155693961";"B01";"2";"1";"0";"2";"5";"19";"5";""
"202400049848";"155693964";"A01";"2";"33";"0";"2";"1";"17";"1";""
"202400049849";"155693958";"A01";"1";"2";"0";"0";"0";"1";"1";""
"202400049850";"155693956";"A01";"1";"7";"0";"0";"1";"26";"1";""
"202400049851";"155693957";"A01";"3";"1";"0";"1";"1";"0";"5";""
"202400049852";"155693953";"B01";"2";"7";"0";"2";"1";"1";"1";""
"202400049852";"155693959";"C01";"2";"7";"0";"2";"6";"1";"1";""
"202400049852";"155693962";"D01";"2";"7";"0";"2";"2";"1";"1";""
"202400049852";"155693970";"A01";"1";"7";"0";"2";"7";"13";"1";""
"202400049853";"155693951";"A01";"3";"7";"0";"0";"7";"1";"1";""
"202400049853";"155693954";"B01";"3";"7";"0";"2";"1";"1";"2";""
"202400049854";"155693946";"A01";"2";"7";"0";"0";"9";"1";"1";""
"202400049855";"155693948";"C01";"2";"7";"0";"2";"4";"2";"1";""
"202400049855";"155693952";"B01";"2";"7";"0";"2";"4";"2";"2";""
"202400049855";"155693955";"A01";"2";"7";"0";"2";"1";"2";"1";""
"202400049856";"155693944";"A01";"1";"7";"0";"2";"1";"2";"1";""
"202400049856";"155693949";"B01";"1";"7";"0";"2";"4";"2";"1";""
"202400049857";"155693943";"A01";"1";"7";"0";"2";"1";"2";"1";""
"202400049857";"155693945";"B01";"2";"7";"0";"2";"4";"1";"1";""
"202400049858";"155693940";"A01";"3";"7";"0";"2";"2";"1";"2";""
"202400049858";"155693950";"B01";"3";"7";"0";"2";"1";"13";"1";""
"202400049859";"155693939";"A01";"2";"7";"4";"0";"7";"1";"1";""
"202400049860";"155693942";"A01";"3";"7";"0";"2";"3";"15";"1";""
"202400049860";"155693947";"B01";"3";"7";"0";"2";"3";"1";"1";""
"202400049861";"155693938";"A01";"3";"37";"0";"2";"5";"17";"0";"1"
"202400049861";"155693941";"B01";"3";"80";"0";"2";"3";"1";"3";""
"202400049862";"155693937";"A01";"2";"36";"0";"0";"0";"1";"1";""
"202400049863";"155693935";"A01";"1";"32";"0";"2";"1";"3";"1";""
"202400049863";"155693936";"B01";"1";"7";"0";"2";"1";"3";"1";""
"202400049864";"155693933";"A01";"1";"7";"4";"0";"3";"1";"1";""
"202400049865";"155693932";"A01";"1";"7";"3";"0";"1";"1";"1";""
"202400049866";"155693929";"A01";"2";"7";"0";"0";"1";"1";"1";""
"202400049867";"155693925";"A01";"1";"33";"0";"2";"1";"1";"0";""
"202400049867";"155693930";"B01";"2";"3";"0";"0";"5";"11";"0";""
"202400049867";"155693934";"C01";"2";"3";"0";"2";"1";"1";"0";""
"202400049868";"155693923";"A01";"2";"7";"4";"0";"1";"1";"1";""
"202400049869";"155693922";"A01";"3";"7";"0";"9";"1";"1";"1";""
"202400049869";"155693924";"B01";"3";"1";"0";"0";"0";"0";"5";""
"202400049870";"155693920";"A01";"1";"7";"0";"2";"1";"11";"1";""
"202400049870";"155693926";"B01";"2";"13";"0";"2";"1";"1";"1";""
"202400049871";"155693921";"A01";"1";"7";"0";"2";"1";"2";"1";""
"202400049871";"155693928";"B01";"1";"3";"0";"2";"4";"1";"3";""
"202400049872";"155693919";"A01";"2";"21";"0";"0";"0";"1";"1";""
"202400049873";"155693914";"A01";"1";"7";"1";"0";"2";"14";"1";""
"202400049874";"155693916";"D01";"1";"7";"0";"2";"2";"1";"1";""
"202400049874";"155693918";"A01";"1";"7";"0";"2";"1";"1";"1";""
"202400049874";"155693927";"B01";"1";"14";"0";"0";"4";"1";"1";""
"202400049874";"155693931";"C01";"1";"10";"0";"2";"2";"1";"1";""
"202400049875";"155693911";"A01";"2";"31";"0";"1";"1";"1";"1";""
"202400049876";"155693912";"A01";"2";"7";"0";"9";"3";"9";"1";""
"202400049876";"155693917";"B01";"2";"50";"0";"2";"7";"1";"3";""
"202400049877";"155693913";"A01";"1";"33";"0";"6";"1";"0";"1";""
"202400049878";"155693908";"A01";"2";"7";"0";"2";"1";"2";"1";""
"202400049878";"155693910";"C01";"2";"7";"0";"2";"3";"2";"1";""
"202400049878";"155693915";"B01";"2";"7";"0";"2";"4";"2";"2";""
"202400049879";"155693906";"B01";"1";"17";"0";"2";"5";"1";"1";""
"202400049879";"155693909";"A01";"1";"7";"0";"2";"1";"17";"1";""
"202400049880";"155693901";"A01";"3";"10";"11";"0";"3";"0";"1";""
"202400049881";"155693899";"A01";"1";"7";"0";"2";"4";"2";"1";""
"202400049881";"155693904";"B01";"1";"32";"0";"2";"1";"2";"1";""
"202400049882";"155693902";"A01";"1";"7";"6";"0";"1";"14";"1";""
"202400049883";"155693898";"A01";"1";"7";"0";"2";"2";"1";"1";""
"202400049883";"155693903";"Z01";"2";"13";"0";"2";"3";"0";"0";""
"202400049884";"155693896";"C01";"0";"7";"0";"2";"4";"1";"1";""
"202400049884";"155693900";"B01";"0";"7";"0";"2";"4";"1";"1";""
"202400049884";"155693907";"A01";"0";"7";"0";"2";"1";"1";"1";""
"202400049885";"155693893";"A01";"2";"7";"0";"2";"5";"13";"1";""
"202400049885";"155693905";"B01";"1";"7";"0";"2";"1";"1";"1";""
"202400049886";"155693885";"B01";"3";"32";"0";"2";"3";"1";"1";""
"202400049886";"155693892";"A01";"3";"10";"0";"2";"2";"9";"1";""
"202400049887";"155693882";"B01";"1";"30";"0";"2";"1";"26";"1";""
"202400049887";"155693888";"A01";"1";"7";"0";"2";"8";"15";"1";""
"202400049888";"155693884";"A01";"1";"7";"0";"2";"2";"13";"1";""
"202400049888";"155693891";"B01";"2";"10";"0";"2";"1";"1";"1";""
"202400049889";"155693883";"A01";"2";"7";"0";"2";"1";"17";"1";""
"202400049889";"155693889";"B01";"2";"7";"0";"0";"8";"15";"1";""
"202400049890";"155693881";"B01";"1";"7";"0";"2";"6";"23";"1";""
"202400049890";"155693887";"C01";"1";"33";"0";"2";"1";"1";"1";""
"202400049890";"155693894";"A01";"1";"10";"0";"2";"5";"21";"1";""
"202400049891";"155693880";"A01";"2";"7";"0";"2";"3";"1";"2";""
"202400049891";"155693890";"B01";"2";"7";"0";"2";"1";"19";"2";""
"202400049892";"155693878";"A01";"2";"0";"0";" -1";"4";"26";" -1";""
"202400049893";"155693875";"A01";"1";"7";"0";"2";"6";"1";"1";""
"202400049893";"155693877";"B01";"1";"7";"0";"2";"1";"2";"1";""
"202400049893";"155693879";"C01";"1";"7";"0";"2";"1";"2";"1";""
"202400049894";"155693870";"A01";"1";"7";"0";"2";"0";"0";"1";""
"202400049894";"155693874";"B01";"1";"32";"0";"2";"1";"2";"1";""
"202400049895";"155693871";"B01";"3";"2";"0";"2";"1";"1";"1";""
"202400049895";"155693876";"A01";"3";"7";"0";"2";"1";"19";"1";""
"202400049896";"155693868";"A01";"1";"33";"0";"0";"0";"0";"1";""
"202400049897";"155693866";"A01";"3";"33";"0";"6";"3";"1";"1";""
"202400049898";"155693865";"A01";"2";"7";"0";"2";"3";"0";"1";""
"202400049898";"155693873";"B01";"1";"7";"0";"2";"3";"0";"1";""
"202400049899";"155693863";"Z01";"3";"7";"0";"1";"2";"1";"0";""
"202400049900";"155693862";"A01";"1";"33";"0";"2";"3";"21";"1";""
"202400049900";"155693864";"B01";"1";"17";"0";"2";"5";"1";"1";""
"202400049900";"155693869";"C01";"1";"17";"0";"2";"3";"1";"1";""
"202400049901";"155693859";"A01";"3";"32";"0";"1";"1";"7";"1";""
"202400049902";"155693858";"A01";"0";"2";"0";"0";"0";"26";"1";""
"202400049903";"155693857";"A01";" -1";"7";"0";"2";"1";"0";"0";""
"202400049903";"155693861";"B01";"1";"7";"0";"2";"4";"2";"1";""
"202400049904";"155693849";"A01";"1";"7";"0";"2";"1";"2";"2";""
"202400049904";"155693854";"B01";"1";"7";"0";"0";"0";"0";"1";""
"202400049905";"155693844";"B01";"1";"32";"0";"2";"0";"0";"1";""
"202400049905";"155693850";"A01";"2";"7";"0";"2";"2";"23";"1";""
"202400049906";"155693847";"B01";"3";"7";"0";"2";"7";"1";"1";""
"202400049906";"155693853";"A01";"3";"10";"0";"2";"1";"1";"1";""
"202400049907";"155693846";"A01";"3";"7";"0";"2";"8";"15";"1";""
"202400049907";"155693851";"B01";"0";"33";"0";"2";"7";"1";"1";""
"202400049908";"155693845";"A01";"1";"99";"8";"0";"1";"16";"1";""
"202400049909";"155693842";"A01";"2";"7";"0";"2";"3";"15";"1";""
"202400049909";"155693848";"B01";"3";"2";"0";"2";"1";"15";"1";""
"202400049910";"155693839";"A01";"1";"30";"8";"0";"0";"26";"1";""
"202400049911";"155693837";"B01";"1";"10";"0";"2";"4";"1";"1";""
"202400049911";"155693841";"A01";"1";"33";"0";"2";"1";"1";"1";""
"202400049912";"155693838";"A01";"1";"7";"0";"2";"5";"26";"1";""
"202400049912";"155693843";"B01";"1";"7";"0";"2";"3";"2";"1";""
"202400049913";"155693835";"A01";"0";"10";"0";"2";"3";"0";"1";""
"202400049913";"155693840";"B01";"3";"1";"0";"2";"1";"0";"5";""
"202400049914";"155693832";"A01";"0";"37";"0";"1";"1";"1";"1";"4"
"202400049915";"155693833";"A01";"2";"2";"8";"0";"1";"0";"1";""
"202400049916";"155693829";"A01";"0";"7";"0";"1";"3";"21";"1";""
"202400049917";"155693831";"A01";"0";"1";"0";"2";"1";"1";"5";""
"202400049917";"155693836";"B01";"2";"7";"0";"2";"3";"1";"1";""
"202400049918";"155693826";"A01";"1";"7";"1";"0";"2";"1";"1";""
"202400049919";"155693827";"B01";"1";"2";"0";"2";"1";"1";"1";""
"202400049919";"155693834";"A01";"1";"7";"0";"2";"5";"1";"1";""
"202400049920";"155693823";"A01";"1";"10";"0";"1";"3";"16";"1";""
"202400049921";"155693824";"B01";"2";"7";"0";"2";"3";"1";"1";""
"202400049921";"155693830";"A01";"1";"7";"0";"2";"3";"1";"1";""
"202400049922";"155693822";"A01";"2";"7";"4";"0";"3";"1";"1";""
"202400049923";"155693821";"A01";"2";"7";"0";"2";"1";"2";"1";""
"202400049923";"155693825";"B01";"2";"7";"0";"2";"4";"2";"1";""
"202400049923";"155693828";"C01";"2";"7";"0";"2";"4";"1";"1";""
"202400049924";"155693819";"A01";"1";"7";"0";"1";"3";"15";"1";""
"202400049925";"155693818";"A01";"1";"31";"0";"2";"7";"14";"1";""
"202400049926";"155693817";"A01";"2";"1";"0";"1";"0";"1";"5";""
"202400049927";"155693816";"A01";"3";"2";"0";"2";"2";"17";"1";""
"202400049927";"155693820";"B01";"3";"7";"0";"2";"3";"15";"1";""
"202400049928";"155693815";"A01";"0";"7";"0";"1";"1";"1";"1";""
"202400049929";"155693812";"A01";"1";"7";"0";"1";"1";"16";"2";""
"202400049930";"155693807";"A01";"0";"80";"0";"1";"1";"1";"3";""
"202400049931";"155693808";"A01";"1";"1";"0";"0";"1";"1";"5";""
"202400049932";"155693809";"A01";"2";"7";"4";"0";"0";"0";"1";""
"202400049933";"155693811";"A01";"1";"7";"13";"0";"1";"15";"1";""
"202400049934";"155693806";"B01";"1";"7";"0";"2";"2";"19";"1";""
"202400049934";"155693814";"A01";"1";"7";"0";"2";"5";"19";"1";""
"202400049935";"155693804";"A01";"2";"2";"0";"0";"1";"26";"3";""
"202400049936";"155693805";"B01";"3";"7";"0";"2";"4";"2";"2";""
"202400049936";"155693810";"A01";"3";"1";"0";"2";"1";"2";"5";""
"202400049937";"155693803";"A01";"2";"2";"0";"2";"1";"1";"1";""
"202400049937";"155693813";"B01";"2";"7";"0";"2";"2";"1";"2";""
"202400049938";"155693794";"B01";"0";"50";"0";"2";"0";"2";"3";""
"202400049938";"155693800";"A01";"0";"7";"0";"0";"5";"2";"1";""
"202400049939";"155693793";"A01";"1";"31";"0";"2";"4";"2";"1";""
"202400049939";"155693799";"B01";"1";"7";"0";"2";"1";"2";"1";""
"202400049940";"155693792";"B01";"3";"10";"0";"2";"6";"1";"1";""
"202400049940";"155693801";"A01";"3";"31";"0";"2";"1";"1";"1";""
"202400049941";"155693789";"B01";"1";"7";"0";"2";"1";"1";"1";""
"202400049941";"155693798";"A01";"1";"30";"0";"2";"3";"5";"1";""
"202400049942";"155693785";"A01";"1";"14";"0";"2";"1";"2";"1";""
"202400049942";"155693791";"B01";"1";"10";"0";"2";"4";"2";"1";""
"202400049942";"155693797";"C01";"1";"14";"0";"2";"4";"2";"1";""
"202400049943";"155693784";"A01";"1";"7";"16";"0";"0";"0";"1";""
"202400049944";"155693790";"A01";"2";"7";"0";"2";"3";"15";"1";""
"202400049944";"155693795";"B01";"2";"1";"0";"2";"1";"1";"5";""
"202400049945";"155693782";"A01";"2";"7";"0";"2";"1";"13";"1";""
"202400049945";"155693788";"B01";"2";"10";"0";"2";"1";"1";"1";""
"202400049946";"155693783";"A01";"2";"7";"0";"2";"0";"0";"1";""
"202400049946";"155693786";"B01";"1";"30";"0";"2";"0";"0";"0";""
"202400049947";"155693781";"B01";"1";"7";"0";"2";"4";"2";"1";""
"202400049947";"155693787";"A01";"1";"7";"0";"2";"1";"26";"1";""
"202400049948";"155693780";"A01";"1";"7";"13";"0";"3";"16";"1";""
"202400049949";"155693778";"A01";"3";"2";"0";"0";"0";"1";"1";""
"202400049950";"155693779";"Z01";"3";"0";"0";"0";"0";"0";"0";""
"202400049951";"155693774";"A01";"2";"7";"0";"2";"1";"2";"1";""
"202400049951";"155693776";"B01";"2";"34";"0";"2";"4";"2";"1";""
"202400049952";"155693772";"B01";"2";"10";"0";"2";"1";"1";"1";""
"202400049952";"155693777";"A01";"2";"7";"4";"2";"1";"12";"1";""
"202400049953";"155693771";"A01";"2";"36";"0";"2";"3";"2";"1";""
"202400049953";"155693773";"B01";"2";"7";"0";"2";"5";"15";"1";""
"202400049954";"155693769";"A01";"2";"15";"14";"0";"1";"1";"1";""
"202400049954";"155693775";"B01";"2";"7";"8";"0";"0";"0";"1";""
"202400049955";"155693767";"Z01";"1";"7";"0";"1";"8";"1";"2";""
"202400049956";"155693766";"A01";"1";"7";"3";"2";"8";"2";"1";""
"202400049957";"155693765";"B01";"2";"80";"0";"2";"8";"1";"3";""
"202400049957";"155693770";"A01";"2";"15";"0";"2";"7";"16";"1";""
"202400049958";"155693762";"A01";"1";"33";"13";"0";"1";"0";"1";""
"202400049959";"155693763";"A01";"1";"7";"4";"0";"1";"26";"1";""
"202400049960";"155693761";"A01";"1";"7";"0";"1";"3";"1";"1";""
"202400049961";"155693764";"A01";"3";"33";"0";"2";"1";"2";"1";""
"202400049961";"155693768";"B01";"3";"7";"0";"2";"4";"23";"1";""
"202400049962";"155693759";"A01";"2";"7";"0";"1";"3";"1";"1";""
"202400049963";"155693756";"A01";"1";"7";"4";"0";"9";"0";"1";""
"202400049964";"155693754";"B01";"1";"7";"0";"2";"1";"1";"1";""
"202400049964";"155693760";"A01";"2";"1";"0";"2";"1";"5";"5";""
"202400049965";"155693753";"A01";"1";"7";"4";"2";"1";"1";"1";""
"202400049965";"155693757";"B01";"1";"7";"0";"2";"6";"1";"1";""
"202400049966";"155693750";"A01";"1";"7";"2";"0";"9";"1";"1";""
"202400049967";"155693752";"B01";"2";"10";"0";"2";"5";"1";"1";""
"202400049967";"155693758";"A01";"1";"10";"0";"0";"7";"11";"1";""
"202400049968";"155693749";"C01";"0";"7";"1";"0";"4";"0";"1";""
"202400049968";"155693751";"A01";"0";"7";"0";"2";"1";"0";"1";""
"202400049968";"155693755";"B01";"0";"7";"0";"0";"0";"0";"1";""
"202400049969";"155693746";"A01";"0";"7";"0";"1";"2";"1";"1";""
"202400049970";"155693747";"A01";"3";"7";"15";"0";"1";"0";"1";""
"202400049971";"155693745";"A01";"1";"7";"4";"0";"2";"21";"1";""
"202400049972";"155693744";"A01";"1";"7";"6";"0";"1";"0";"1";""
"202400049973";"155693748";"A01";"1";"7";"0";"1";"3";"15";"2";""
"202400049974";"155693743";"A01";"2";"7";"0";"1";"4";"26";"1";""
"202400049975";"155693742";"A01";"2";"7";"13";"0";"1";"1";"1";""
"202400049976";"155693737";"A01";"3";"7";"0";"2";"1";"1";"1";""
"202400049976";"155693741";"B01";"3";"2";"0";"2";"8";"16";"1";""
"202400049977";"155693738";"A01";"3";"7";"1";"0";"1";"1";"2";""
"202400049978";"155693735";"A01";"2";"99";"0";"2";"8";"1";"1";""
"202400049978";"155693739";"B01";"1";"50";"0";"2";"0";"1";"3";""
"202400049979";"155693734";"A01";"2";"2";"3";"0";"2";"1";"1";""
"202400049980";"155693733";"A01";"3";"10";"0";"1";"2";"1";"1";""
"202400049981";"155693731";"C01";"1";"7";"0";"0";"0";"2";"1";""
"202400049981";"155693736";"A01";"1";"7";"0";"0";"8";"17";"1";""
"202400049981";"155693740";"B01";"1";"33";"12";"0";"7";"17";"1";""
"202400049982";"155693730";"B01";"2";"7";"0";"2";"1";"2";"1";""
"202400049982";"155693732";"A01";"1";"7";"2";"2";"9";"26";"1";""
"202400049983";"155693727";"A01";"3";"10";"0";"1";"4";"4";"1";""
"202400049984";"155693724";"A01";"2";"36";"16";"0";"9";"1";"1";""
"202400049985";"155693725";"B01";"1";"7";"0";"2";"1";"1";"1";""
"202400049985";"155693728";"A01";"1";"50";"0";"2";"8";"19";"3";""
"202400049986";"155693723";"A01";"2";"10";"0";"2";"1";"17";"1";""
"202400049986";"155693726";"B01";"2";"7";"0";"2";"8";"15";"1";""
"202400049987";"155693722";"B01";"1";"1";"0";"2";"1";"1";"5";""
"202400049987";"155693729";"A01";"2";"7";"0";"2";"3";"9";"1";""
"202400049988";"155693720";"B01";"2";"30";"0";"1";"1";"1";"3";""
"202400049989";"155693718";"A01";"1";"7";"8";"0";"1";"1";"1";""
"202400049990";"155693715";"C01";"1";"7";"0";"2";"1";"2";"1";""
"202400049990";"155693719";"A01";"2";"7";"0";"2";"1";"13";"1";""
"202400049990";"155693721";"B01";"1";"7";"0";"2";"1";"1";"1";""
"202400049991";"155693712";"A01";"1";"7";"0";"1";"2";"1";"1";""
"202400049991";"155693716";"B01";"1";"7";"0";"2";"3";"1";"1";""
"202400049992";"155693713";"A01";"2";"7";"0";"2";"3";"1";"1";""
"202400049992";"155693717";"B01";"2";"7";"0";"2";"5";"15";"1";""
"202400049993";"155693710";"A01";"1";"7";"1";"0";"1";"14";"1";""
"202400049994";"155693709";"A01";"2";"7";"0";"1";"2";"1";"1";""
"202400049995";"155693706";"B01";"1";"7";"0";"2";"1";"2";"1";""
"202400049995";"155693714";"A01";"1";"7";"4";"2";"1";"26";"1";""
"202400049996";"155693705";"A01";"1";"33";"0";"2";"1";"17";"1";""
"202400049996";"155693708";"B01";"1";"7";"0";"0";"6";"15";"1";""
"202400049997";"155693702";"A01";"1";"1";"0";"2";"2";"19";"5";""
"202400049997";"155693704";"B01";"2";"7";"0";"2";"1";"1";"1";""
"202400049998";"155693700";"A01";"1";"7";"0";"2";"1";"21";"1";""
"202400049998";"155693707";"B01";"1";"7";"0";"2";"6";"15";"1";""
"202400049998";"155693711";"C01";"2";"33";"0";"2";"9";"1";"1";""
"202400049999";"155693701";"A01";"1";"1";"0";"0";"7";"14";"5";""
"202400050000";"155693698";"A01";"2";"33";"0";"2";"5";"17";"1";""
"202400050000";"155693703";"B01";"2";"7";"0";"2";"8";"15";"1";""
"202400050001";"155693695";"B01";"2";"33";"0";"2";"1";"1";"1";""
"202400050001";"155693699";"A01";"2";"7";"0";"2";"2";"15";"1";""
"202400050002";"155693694";"A01";"1";"7";"3";"0";"1";"2";"1";""
"202400050002";"155693697";"B01";"1";"7";"0";"2";"1";"2";"1";""
"202400050003";"155693696";"A01";"3";"7";"6";"0";"1";"1";"1";""
"202400050004";"155693693";"A01";"1";"7";"0";"1";"1";"1";"1";""
"202400050005";"155693688";"B01";"1";"7";"0";"2";"3";"1";"1";""
"202400050005";"155693692";"A01";"2";"7";"0";"2";"3";"5";"1";""
"202400050006";"155693689";"A01";"1";"7";"0";"1";"7";"17";"0";""
"202400050007";"155693686";"A01";"1";"7";"6";"0";"3";"13";"1";""
"202400050008";"155693683";"A01";"2";"10";"0";"9";"7";"0";"0";""
"202400050008";"155693690";"B01";"2";"50";"0";"2";"8";"0";"3";""
"202400050009";"155693684";"A01";"1";"7";"8";"2";"2";"13";"1";""
"202400050009";"155693691";"B01";"2";"7";"0";"2";"2";"1";"1";""
"202400050010";"155693682";"A01";"1";"33";"0";"2";"8";"19";"1";""
"202400050010";"155693687";"B01";"2";"10";"0";"2";"8";"23";"1";""
"202400050011";"155693680";"A01";"2";"7";"13";"0";"1";"0";"1";""
"202400050012";"155693675";"A01";"1";"7";"12";"1";"0";"16";"1";""
"202400050013";"155693676";"A01";"3";"7";"0";"2";"2";"15";"1";""
"202400050013";"155693681";"B01";"3";"60";"0";"2";"6";"15";"5";""
"202400050014";"155693671";"B01";"1";"0";"0";"2";"2";"18";" -1";""
"202400050014";"155693674";"A01";"1";"30";"0";"2";"3";"0";"1";""
"202400050015";"155693672";"B01";"1";"7";"0";"2";"3";"1";"1";""
"202400050015";"155693677";"A01";"2";"50";"0";"2";"2";"5";"3";""
"202400050016";"155693669";"A01";"1";"1";"0";"2";"3";"13";"5";""
"202400050016";"155693673";"B01";"2";"7";"0";"9";"3";"1";"1";""
"202400050017";"155693668";"A01";"1";"7";"4";"0";"0";"0";"1";""
"202400050018";"155693666";"B01";"1";"32";"0";"2";"1";"1";"1";""
"202400050018";"155693670";"A01";"2";"7";"0";"2";"2";"15";"1";""
"202400050019";"155693667";"B01";"1";"37";"0";"0";"0";"0";"1";"4"
"202400050019";"155693678";"A01";"1";"7";"0";"0";"0";"0";"1";""
"202400050020";"155693663";"A01";"1";"33";"0";"5";"1";"1";"1";""
"202400050021";"155693661";"B01";"1";"7";"0";"2";"2";"1";"1";""
"202400050021";"155693665";"A01";"3";"7";"0";"2";"3";"15";"1";""
"202400050022";"155693659";"A01";"1";"7";"0";"2";"2";"13";"1";""
"202400050022";"155693664";"B01";"2";"7";"0";"2";"1";"1";"1";""
"202400050023";"155693655";"B01";"0";"7";"0";"2";"5";"1";"1";""
"202400050023";"155693660";"A01";"0";"7";"0";"2";"3";"11";"1";""
"202400050024";"155693654";"B01";"1";"43";"0";"2";"3";"1";"1";""
"202400050024";"155693658";"A01";"1";"7";"0";"2";"5";"1";"3";""
"202400050025";"155693656";"A01";"2";"7";"0";"2";"2";"9";"1";""
"202400050025";"155693662";"B01";"1";"30";"0";"2";"3";"1";"1";""
"202400050026";"155693652";"A01";"1";"30";"0";"0";"0";"26";"1";""
"202400050027";"155693650";"B01";"3";"7";"0";"0";"4";"2";"1";""
"202400050027";"155693657";"A01";"3";"7";"0";"2";"1";"2";"1";""
"202400050028";"155693648";"A01";"3";"7";"0";"2";"7";"15";"1";""
"202400050028";"155693651";"B01";"3";"30";"0";"2";"1";"1";"1";""
"202400050029";"155693646";"B01";"1";"7";"0";"2";"4";"2";"1";""
"202400050029";"155693649";"A01";"1";"7";"0";"2";"1";"2";"3";""
"202400050030";"155693645";"A01";"3";"7";"1";"0";"1";"14";"1";""
"202400050031";"155693643";"A01";"1";"7";"13";"0";"2";"15";"1";""
"202400050032";"155693644";"B01";"3";"33";"0";"2";"1";"1";"1";""
"202400050032";"155693647";"A01";"3";"7";"0";"2";"7";"1";"2";""
"202400050033";"155693640";"B01";"2";"31";"0";"2";"0";"0";"0";""
"202400050033";"155693642";"A01";"2";"7";"0";"2";"0";"0";"1";""
"202400050034";"155693639";"A01";"3";"7";"12";"0";"1";"1";"1";""
"202400050035";"155693633";"A01";"2";"7";"3";"2";"6";"18";"1";""
"202400050035";"155693636";"B01";"2";"7";"0";"2";"2";"1";"2";""