"Num_Acc";"id_vehicule";"num_veh";"senc";"catv";"obs";"obsm";"choc";"manv";"motor";"occutc"
"202400050036";"155693637";"B01";"1";"7";"0";"2";"5";"1";"2";""
"202400050036";"155693641";"A01";"1";"7";"0";"2";"3";"1";"2";""
"202400050037";"155693631";"A01";"1";"32";"0";"2";"1";"21";"1";""
"202400050037";"155693638";"B01";"1";"7";"0";"2";"4";"1";"1";""
"202400050038";"155693628";"A01";"1";"7";"0";"2";"1";"2";"1";""
"202400050038";"155693634";"B01";"1";"7";"0";"2";"4";"23";"1";""
"202400050039";"155693629";"A01";"1";"7";"0";"2";"3";"15";"2";""
"202400050039";"155693635";"B01";"1";"1";"0";"2";"0";"15";"5";""
"202400050040";"155693626";"B01";"3";"32";"0";"2";"2";"23";"1";""
"202400050040";"155693630";"A01";"3";"7";"0";"2";"2";"15";"1";""
"202400050041";"155693627";"B01";"1";"7";"0";"2";"2";"10";"1";""
"202400050041";"155693632";"A01";"2";"7";"0";"2";"3";"1";"3";""
"202400050042";"155693625";"A01";"3";"10";"0";"1";"4";"26";"1";""
"202400050043";"155693623";"A01";"2";"7";"13";"0";"1";"1";"1";""
"202400050044";"155693622";"A01";"2";"31";"0";"2";"1";"3";"1";""
"202400050044";"155693624";"B01";"2";"7";"0";"2";"2";"12";"1";""
"202400050045";"155693620";"A01";"3";"7";"9";"0";"2";"1";"1";""
"202400050046";"155693619";"A01";"1";"7";"4";"0";"1";"15";"2";""
"202400050047";"155693617";"A01";"1";"31";"0";"1";"1";"2";"1";""
"202400050048";"155693615";"B01";"2";"33";"0";"2";"1";"2";"1";""
"202400050048";"155693621";"A01";"3";"7";"4";"2";"6";"9";"1";""
"202400050049";"155693610";"A01";"2";"7";"4";"0";"2";"1";"1";""
"202400050050";"155693608";"B01";"2";"7";"0";"2";"1";"1";"1";""
"202400050050";"155693616";"C01";"2";"7";"0";"2";"1";"1";"1";""
"202400050050";"155693618";"A01";"1";"7";"0";"2";"1";"1";"2";""
"202400050051";"155693605";"B01";"2";"1";"0";"2";"0";"0";"5";""
"202400050051";"155693607";"A01";"1";"7";"0";"2";"1";"15";"1";""
"202400050052";"155693603";"A01";"2";"7";"0";"2";"6";"1";"1";""
"202400050052";"155693606";"B01";"2";"33";"0";"2";"4";"21";"1";""
"202400050052";"155693612";"C01";"2";"34";"0";"2";"1";"21";"1";""
"202400050052";"155693614";"Z01";"2";"7";"0";"2";"0";"0";"0";""
"202400050053";"155693601";"B01";"1";"7";"0";"2";"8";"9";"1";""
"202400050053";"155693609";"C01";"1";"7";"0";"2";"8";"23";"1";""
"202400050053";"155693613";"A01";"2";"7";"4";"2";"1";"9";"3";""
"202400050054";"155693599";"A01";"2";"7";"0";"1";"1";"1";"1";""
"202400050055";"155693595";"A01";"2";"10";"0";"0";"4";"1";"1";""
"202400050055";"155693602";"B01";"2";"7";"0";"2";"1";"2";"1";""
"202400050055";"155693611";"C01";"2";"10";"0";"2";"1";"2";"1";""
"202400050056";"155693597";"A01";"1";"30";"0";"2";"2";"1";"1";""
"202400050056";"155693604";"B01";"2";"7";"0";"2";"3";"15";"1";""
"202400050057";"155693594";"B01";"1";"7";"0";"2";"4";"1";"1";""
"202400050057";"155693598";"A01";"1";"7";"0";"2";"1";"1";"1";""
"202400050058";"155693592";"A01";"1";"1";"0";"1";"1";"1";"5";""
"202400050059";"155693590";"A01";"2";"7";"0";"2";"7";"11";"1";""
"202400050059";"155693593";"B01";"2";"43";"0";"2";"7";"3";"1";""
"202400050060";"155693589";"A01";"1";"7";"0";"9";"1";"16";"1";""
"202400050060";"155693591";"B01";"1";"1";"0";"2";"1";"19";"5";""
"202400050061";"155693588";"A01";"2";"30";"0";"0";"3";"0";"3";""
"202400050062";"155693586";"A01";"1";"7";"0";"1";"2";"1";"2";""
"202400050063";"155693587";"A01";"1";"3";"1";"0";"1";"0";"1";""
"202400050064";"155693585";"A01";"2";"7";"1";"0";"2";"14";"1";""
"202400050065";"155693578";"A01";"2";"7";"0";"1";"1";"1";"1";""
"202400050066";"155693580";"A01";"2";"7";"0";"2";"6";"1";"1";""
"202400050066";"155693584";"B01";"2";"15";"0";"2";"5";"12";"1";""
"202400050067";"155693581";"B01";"2";"7";"0";"2";"3";"1";"1";""
"202400050067";"155693583";"A01";"1";"7";"0";"2";"2";"15";"1";""
"202400050068";"155693576";"B01";"2";"7";"0";"2";"1";"1";"1";""
"202400050068";"155693582";"A01";"1";"32";"0";"2";"1";"13";"1";""
"202400050069";"155693573";"A01";"3";"7";"0";"2";"1";"1";"1";""
"202400050069";"155693579";"B01";"1";"7";"0";"0";"5";"1";"1";""
"202400050070";"155693574";"B01";"1";"10";"0";"2";"1";"2";"1";""
"202400050070";"155693577";"A01";"1";"7";"15";"2";"4";"16";"1";""
"202400050071";"155693569";"B01";"3";"7";"0";"2";"3";"1";"0";""
"202400050071";"155693575";"A01";"3";"7";"0";"2";"2";"15";"1";""
"202400050072";"155693560";"B01";"2";"7";"0";"2";"4";"1";"1";""
"202400050072";"155693568";"C01";"2";"7";"0";"2";"4";"1";"1";""
"202400050072";"155693572";"A01";"2";"7";"0";"2";"1";"2";"1";""
"202400050073";"155693562";"B01";"2";"7";"0";"9";"3";"0";"1";""
"202400050073";"155693565";"A01";"1";"1";"0";"9";"1";"1";"5";""
"202400050074";"155693557";"A01";"1";"7";"0";"2";"3";"0";"0";""
"202400050074";"155693563";"B01";"1";"2";"0";"2";"5";"0";"1";""
"202400050075";"155693556";"B01";"2";"7";"0";"2";"5";"23";"1";""
"202400050075";"155693561";"C01";"2";"15";"0";"0";"6";"23";"1";""
"202400050075";"155693567";"A01";"2";"10";"0";"2";"3";"21";"1";""
"202400050076";"155693555";"B01";"1";"33";"0";"2";"4";"1";"1";""
"202400050076";"155693558";"C01";"1";"7";"0";"2";"4";"1";"1";""
"202400050076";"155693564";"D01";"2";"7";"0";"2";"3";"1";"1";""
"202400050076";"155693570";"A01";"1";"10";"0";"2";"1";"1";"1";""
"202400050077";"155693548";"A01";"1";"7";"0";"2";"7";"17";"1";""
"202400050077";"155693551";"B01";"1";"2";"0";"2";"8";"13";"1";""
"202400050078";"155693547";"A01";"1";"7";"0";"1";"3";"15";"3";""
"202400050079";"155693549";"A01";"0";"7";"0";"2";"3";"10";"1";""
"202400050079";"155693552";"B01";"0";"33";"0";"2";"1";"1";"1";""
"202400050080";"155693544";"B01";"1";"7";"0";"2";"1";"15";"1";""
"202400050080";"155693546";"A01";"2";"2";"0";"2";"1";"1";"3";""
"202400050081";"155693542";"B01";"2";"7";"0";"2";"3";"1";"1";""
"202400050081";"155693545";"A01";"1";"7";"0";"2";"3";"1";"1";""
"202400050082";"155693541";"A01";"2";"50";"12";"0";"1";"16";"3";""
"202400050083";"155693540";"B01";"2";"7";"0";"2";"1";"1";"1";""
"202400050083";"155693543";"D01";"2";"10";"0";"2";"4";"1";"1";""
"202400050083";"155693550";"E01";"2";"7";"0";"2";"4";"1";"3";""
"202400050083";"155693553";"H01";"1";"14";"0";"2";"1";"0";"1";""
"202400050083";"155693554";"A01";"2";"7";"0";"2";"7";"1";"1";""
"202400050083";"155693559";"C01";"2";"7";"0";"2";"4";"1";"2";""
"202400050083";"155693566";"F01";"2";"7";"0";"2";"7";"1";"2";""
"202400050083";"155693571";"G01";"2";"7";"0";"2";"5";"1";"2";""
"202400050084";"155693539";"A01";"1";"7";"4";"0";"1";"0";"1";""
"202400050085";"155693538";"A01";"2";"10";"0";"5";"1";"0";"1";""
"202400050086";"155693537";"A01";"1";"14";"0";"1";"5";"15";"1";""
"202400050087";"155693534";"A01";"3";"7";"1";"0";"2";"1";"1";""
"202400050088";"155693532";"B01";" -1";"7";" -1";" -1";" -1";" -1";" -1";""
"202400050088";"155693535";"A01";"0";"50";"0";"2";"0";"14";"3";""
"202400050089";"155693529";"A01";"1";"7";"0";"2";"1";"2";"1";""
"202400050089";"155693533";"B01";"1";"7";"0";"2";"4";"2";"1";""
"202400050090";"155693528";"A01";"2";"7";"0";"2";"6";"15";"1";""
"202400050090";"155693530";"B01";"2";"33";"0";"2";"7";"1";"1";""
"202400050091";"155693521";"A01";"1";"7";"0";"2";"3";"26";"1";""
"202400050091";"155693525";"B01";"2";"2";"0";"2";"1";"26";"1";""
"202400050092";"155693522";"A01";"1";"7";"14";"2";"7";"1";"1";""
"202400050092";"155693527";"B01";"2";"10";"0";"2";"1";"1";"1";""
"202400050093";"155693520";"A01";"1";"7";"0";"2";"4";"4";"1";""
"202400050093";"155693524";"B01";"1";"50";"0";"2";"1";"1";"3";""
"202400050094";"155693523";"B01";"1";"34";"0";"2";"2";"17";"1";""
"202400050094";"155693526";"C01";"2";"7";"0";"2";"3";"13";"1";""
"202400050094";"155693536";"A01";"1";"7";"0";"2";"3";"1";"1";""
"202400050095";"155693519";"A01";"1";"33";"0";"0";"0";"17";"1";""
"202400050096";"155693514";"A01";"1";"7";"13";"0";"0";"1";"1";""
"202400050097";"155693513";"A01";"1";"34";"1";"0";"1";"1";"0";""
"202400050098";"155693511";"A01";"1";"7";"8";"2";"1";"1";"0";""
"202400050098";"155693517";"B01";"2";"7";"0";"2";"2";"15";"0";""
"202400050099";"155693509";"A01";"0";"7";"0";"2";"3";"15";"1";""
"202400050099";"155693518";"B01";"3";"50";"0";"2";"3";"15";"3";""
"202400050100";"155693510";"A01";"3";"21";"0";"2";"7";"1";"1";""
"202400050100";"155693515";"B01";"2";"7";"0";"2";"3";"1";"1";""
"202400050101";"155693508";"A01";"3";"33";"0";"2";"5";"19";"1";""
"202400050101";"155693512";"B01";"3";"7";"0";"2";"3";"0";"3";""
"202400050102";"155693506";"B01";"3";"7";"0";"2";"3";"1";"1";""
"202400050102";"155693516";"A01";"3";"0";"0";"2";"0";"0";"0";""
"202400050103";"155693503";"A01";"1";"7";"0";"1";"1";"1";"1";""
"202400050104";"155693504";"A01";"1";"7";"0";"2";"3";"0";"1";""
"202400050104";"155693507";"B01";"2";"10";"0";"2";"3";"0";"1";""
"202400050105";"155693502";"A01";"3";"7";"0";"9";"1";"26";"1";""
"202400050105";"155693505";"B01";"3";"50";"0";"2";"0";"0";"3";""
"202400050106";"155693500";"A01";"1";"7";"13";"0";"1";"13";"1";""
"202400050107";"155693496";"A01";"3";"7";"0";"2";"1";"1";"0";""
"202400050107";"155693498";"B01";"3";"7";"0";"2";"4";"15";"1";""
"202400050108";"155693492";"B01";"1";"1";"0";"2";"0";"0";"5";""
"202400050108";"155693495";"A01";"1";"14";"0";"2";"0";"16";"1";""
"202400050109";"155693489";"B01";"2";"37";"0";"2";"7";"26";"1";"1"
"202400050109";"155693494";"A01";"1";"1";"0";"2";"1";"9";"5";""
"202400050110";"155693490";"A01";"2";"7";"0";"2";"3";"1";"1";""
"202400050110";"155693493";"B01";"1";"7";"0";"2";"8";"2";"1";""
"202400050111";"155693488";"C01";"1";"7";"0";"2";"1";"2";"1";""
"202400050111";"155693497";"A01";"2";"7";"0";"2";"4";"2";"1";""
"202400050111";"155693499";"B01";"1";"7";"0";"2";"1";"2";"1";""
"202400050112";"155693491";"B01";"3";"7";"0";"2";"7";"1";"1";""
"202400050112";"155693501";"A01";"0";"7";"0";"2";"1";"1";"1";""
"202400050113";"155693486";"A01";"2";"7";"7";"0";"0";"1";"1";""
"202400050114";"155693485";"Z01";"3";"7";"0";"1";"1";"10";"0";""
"202400050115";"155693484";"A01";"1";"33";"2";"0";"9";"1";"1";""
"202400050116";"155693483";"A01";"3";"14";"0";"2";"1";"1";"1";""
"202400050116";"155693487";"B01";"3";"7";"0";"2";"7";"26";"1";""
"202400050117";"155693479";"A01";"3";"7";"0";"9";"3";"26";"2";""
"202400050117";"155693481";"B01";"3";"1";"0";"2";"5";"26";"5";""
"202400050118";"155693478";"B01";"3";"40";"0";"9";"2";"1";"3";""
"202400050118";"155693482";"A01";"3";"1";"0";"4";"1";"1";"5";""
"202400050119";"155693476";"A01";"1";"7";"0";"2";"1";"2";"1";""
"202400050119";"155693480";"B01";"1";"10";"0";"2";"4";"2";"1";""
"202400050120";"155693475";"B01";"1";"7";"0";"2";"1";"1";"1";""
"202400050120";"155693477";"A01";"2";"7";"0";"2";"1";"17";"1";""
"202400050121";"155693472";"A01";"1";"7";"0";"1";"8";"15";"1";""
"202400050122";"155693469";"A01";"1";"7";"0";"2";"1";"13";"1";""
"202400050122";"155693474";"B01";"2";"14";"0";"2";"3";"1";"1";""
"202400050123";"155693467";"A01";"1";"7";"0";"2";"2";"15";"1";""
"202400050123";"155693471";"B01";"2";"1";"0";"2";"8";"1";"5";""
"202400050124";"155693465";"A01";"1";"50";"0";"0";"8";"21";"3";""
"202400050125";"155693468";"B01";"3";"10";"0";"0";"0";"0";"1";""
"202400050125";"155693473";"A01";"3";"10";"0";"2";"8";"15";"1";""
"202400050126";"155693464";"A01";"3";"7";"0";"2";"7";"1";"1";""
"202400050126";"155693470";"B01";"3";"7";"0";"2";"1";"1";"1";""
"202400050127";"155693463";"B01";"1";"40";"0";"9";"1";"1";"2";""
"202400050127";"155693466";"A01";"1";"33";"0";"4";"1";"11";"1";""
"202400050128";"155693461";"A01";"0";"33";"0";"0";"0";"26";"1";""
"202400050129";"155693459";"A01";"0";"31";"0";"9";"1";"0";"6";""
"202400050130";"155693457";"A01";"1";"30";"0";"2";"3";"17";"1";""
"202400050130";"155693462";"B01";"1";"7";"0";"2";"3";"15";"1";""
"202400050131";"155693454";"Z01";"3";"0";"0";"2";"1";"1";"0";""
"202400050131";"155693460";"A01";"3";"50";"0";"2";"3";"1";"3";""
"202400050132";"155693452";"B01";"1";"7";"0";"2";"1";"1";"1";""
"202400050132";"155693458";"A01";"3";"7";"0";"2";"8";"15";"1";""
"202400050133";"155693451";"B01";"3";"7";"0";"2";"8";"16";"1";""
"202400050133";"155693456";"A01";"3";"10";"0";"2";"1";"19";"1";""
"202400050134";"155693449";"A01";"1";"33";"0";"2";"3";"1";"1";""
"202400050134";"155693453";"B01";"1";"7";"0";"2";"8";"9";"3";""
"202400050135";"155693444";"A01";"2";"50";"0";"2";"1";"26";"3";""
"202400050135";"155693448";"B01";"1";"50";"0";"2";"1";"26";"3";""
"202400050136";"155693443";"B01";"1";"7";"0";"2";"1";"15";"1";""
"202400050136";"155693450";"A01";"1";"15";"0";"2";"5";"1";"1";""
"202400050137";"155693447";"A01";"1";"7";"16";"0";"0";"0";"1";""
"202400050137";"155693455";"B01";"1";"7";"0";"2";"4";"2";" -1";""
"202400050138";"155693442";"A01";"3";"7";"0";"1";"1";"1";"1";""
"202400050139";"155693445";"A01";"3";"7";"1";"0";"3";"1";"1";""
"202400050140";"155693441";"A01";"1";"7";"0";"2";"7";"17";"1";""
"202400050140";"155693446";"B01";"1";"1";"0";"2";"8";"11";"5";""
"202400050141";"155693440";"A01";"3";"7";"2";"0";"1";"1";"1";""
"202400050142";"155693437";"A01";"1";"7";"0";"2";"1";"2";"1";""
"202400050142";"155693439";"B01";"1";"7";"0";"2";"4";"2";"1";""
"202400050143";"155693435";"A01";"1";"7";"0";"1";"2";"1";"1";""
"202400050144";"155693431";"A01";"1";"7";"3";"0";"8";"13";"1";""
"202400050145";"155693430";"B01";"1";"10";"0";"9";"3";"15";"1";""
"202400050145";"155693436";"A01";"2";"33";"0";"2";"1";"1";"1";""
"202400050146";"155693429";"A01";"1";"7";"0";"2";"2";"17";"1";""
"202400050146";"155693432";"B01";"1";"7";"0";"2";"6";"1";"1";""
"202400050147";"155693427";"A01";"2";"7";"0";"2";"7";"15";"1";""
"202400050147";"155693434";"B01";"1";"33";"0";"2";"1";"1";"1";""
"202400050148";"155693425";"A01";"3";"7";"0";"2";"1";"1";"1";""
"202400050148";"155693428";"B01";"3";"99";"0";"2";"8";"1";"3";""
"202400050149";"155693426";"A01";"2";"7";"0";"1";"2";"1";"1";""
"202400050150";"155693423";"A01";"2";"33";"0";"2";"1";"1";"1";""
"202400050151";"155693421";"A01";"2";"31";"8";"0";"0";"0";"1";""
"202400050152";"155693420";"A01";"3";"7";"0";"2";"3";"9";"1";""
"202400050152";"155693422";"B01";"3";"32";"0";"2";"1";"0";"1";""
"202400050153";"155693416";"A01";"3";"7";"0";"2";"1";"19";"1";""
"202400050153";"155693419";"B01";"3";"50";"0";"2";"7";"1";"3";""
"202400050154";"155693417";"Z01";"1";"0";"0";"1";"0";"1";"1";""
"202400050155";"155693414";"A01";"0";"7";"0";"2";"1";"0";"1";""
"202400050155";"155693424";"B01";"0";"7";"0";"2";"7";"0";"1";""
"202400050156";"155693411";"A01";"1";"7";"1";"0";"2";"2";"2";""
"202400050156";"155693415";"B01";"1";"10";"0";"2";"6";"23";"1";""
"202400050157";"155693409";"A01";"2";"7";"0";"0";"4";"2";"1";""
"202400050157";"155693412";"B01";"2";"7";"0";"2";"1";"2";"1";""
"202400050157";"155693413";"C01";"2";"7";"0";"2";"1";"2";"1";""
"202400050158";"155693407";"B01";"2";"7";"0";"2";"1";"1";"1";""
"202400050158";"155693418";"A01";"2";"50";"0";"2";"7";"1";"3";""
"202400050159";"155693406";"A01";"2";"33";"0";"2";"1";"3";"1";""
"202400050159";"155693410";"B01";"2";"7";"0";"2";"5";"1";"2";""
"202400050160";"155693404";"A01";"1";"7";"0";"2";"2";"1";"1";""
"202400050160";"155693408";"B01";"1";"7";"0";"2";"3";"1";"1";""
"202400050161";"155693402";"A01";"1";"7";"0";"2";"1";"1";"1";""
"202400050161";"155693405";"B01";"1";"7";"0";"2";"4";"1";"1";""
"202400050162";"155693400";"A01";"2";"7";"0";"2";"5";"12";"1";""
"202400050162";"155693403";"B01";"2";"31";"0";"2";"1";"3";"1";""
"202400050163";"155693399";"A01";"1";"7";"13";"0";"0";"2";"1";""
"202400050164";"155693398";"A01";"2";"50";"13";"0";"1";"25";"3";""
"202400050165";"155693397";"A01";"1";"7";"0";"2";"2";"15";"1";""
"202400050165";"155693401";"B01";"2";"1";"0";"2";"8";"1";"5";""
"202400050166";"155693392";"B01";"0";"7";"0";"0";"6";"2";"1";""
"202400050166";"155693396";"A01";"0";"7";"0";"2";"2";"2";"1";""
"202400050167";"155693389";"B01";"3";"1";"0";"2";"1";"1";"5";""
"202400050167";"155693391";"A01";"3";"10";"0";"2";"3";"9";"1";""
"202400050168";"155693387";"A01";"2";"3";"0";"2";"8";"9";"1";""
"202400050168";"155693393";"B01";"1";"10";"0";"2";"1";"1";"1";""
"202400050169";"155693386";"A01";"3";"7";"0";"2";"2";"15";"0";""
"202400050169";"155693390";"B01";"2";"33";"1";"2";"1";"17";"1";""
"202400050170";"155693385";"A01";"2";"7";"0";"2";"7";"1";"1";""
"202400050170";"155693395";"B01";"2";"7";"0";"2";"1";"1";"1";""
"202400050171";"155693384";"C01";"1";"7";"0";"2";"5";"1";"2";""
"202400050171";"155693388";"A01";"1";"7";"0";"2";"1";"3";"1";""
"202400050171";"155693394";"B01";"1";"7";"0";"2";"8";"1";"1";""
"202400050172";"155693382";"A01";"2";"7";"0";"1";"8";"1";"1";""
"202400050173";"155693380";"A01";"3";"33";"0";"2";"1";"1";"1";""
"202400050173";"155693383";"B01";"3";"33";"0";"2";"4";"1";"1";""
"202400050174";"155693381";"A01";"3";"36";"7";"0";"1";"13";"1";""
"202400050175";"155693379";"A01";"2";"1";"0";"0";"0";"14";"5";""
"202400050176";"155693375";"A01";"1";"7";"1";"2";"2";"1";"1";""
"202400050177";"155693376";"B01";"1";"7";"0";"2";"8";"1";"1";""
"202400050177";"155693378";"A01";"1";"7";"0";"2";"1";"14";"1";""
"202400050178";"155693372";"A01";"2";"7";"0";"0";"0";"23";"1";""
"202400050179";"155693369";"A01";"2";"7";"8";"0";"0";"0";"1";""
"202400050179";"155693373";"B01";"2";"7";"8";"0";"0";"0";"1";""
"202400050179";"155693377";"C01";"2";"7";"8";"0";"0";"0";"1";""
"202400050180";"155693370";"B01";"2";"7";"0";"2";"1";"1";"1";""
"202400050180";"155693374";"A01";"1";"7";"0";"2";"1";"13";"1";""
"202400050181";"155693368";"A01";"1";"7";"0";"2";"1";"1";"1";""
"202400050181";"155693371";"B01";"1";"7";"0";"2";"4";"2";"1";""
"202400050182";"155693366";"Z01";"2";"10";"0";"1";"1";"1";"1";""
"202400050183";"155693364";"A01";"1";"7";"0";"2";"4";"2";"1";""
"202400050183";"155693367";"B01";"1";"7";"0";"2";"1";"1";"1";""
"202400050184";"155693361";"A01";"2";"7";"0";"2";"1";"1";"1";""
"202400050184";"155693365";"B01";"2";"2";"0";"2";"7";"1";"1";""
"202400050185";"155693360";"A01";"3";"50";"0";"0";"0";"1";"3";""
"202400050186";"155693359";"B01";"3";"7";"0";"9";"3";"1";"1";""
"202400050186";"155693362";"A01";"0";"33";"0";"2";"1";"0";"0";""
"202400050187";"155693356";"A01";"3";"10";"0";"1";"3";"1";"1";""
"202400050188";"155693358";"A01";"2";"7";"3";"0";"1";"14";"1";""
"202400050189";"155693354";"B01";"3";"33";"0";"2";"4";"1";"1";""
"202400050189";"155693357";"A01";"3";"7";"0";"2";"1";"1";"1";""
"202400050190";"155693350";"A01";"1";"1";"0";"2";"1";"13";"5";""
"202400050190";"155693355";"B01";"2";"7";"0";"2";"1";"26";"2";""
"202400050191";"155693349";"B01";"1";"7";"0";"2";"6";"23";"1";""
"202400050191";"155693352";"A01";"1";"43";"0";"2";"2";"2";"1";""
"202400050192";"155693346";"A01";"2";"7";"0";"2";"1";"2";"1";""
"202400050192";"155693353";"B01";"2";"7";"0";"1";"4";"2";"1";""
"202400050193";"155693344";"A01";"1";"7";"0";"2";"1";"1";"1";""
"202400050193";"155693347";"B01";"1";"31";"0";"2";"4";"1";"1";""
"202400050193";"155693351";"C01";"1";"7";"0";"0";"4";"1";"2";""
"202400050194";"155693343";"C01";"2";"7";"0";"2";"0";"0";"1";""
"202400050194";"155693345";"A01";"2";"34";"0";"2";"9";"0";"1";""
"202400050194";"155693348";"B01";"2";"7";"0";"2";"6";"0";"1";""
"202400050195";"155693341";"A01";"3";"7";"0";"1";"1";"1";"1";""
"202400050196";"155693339";"A01";"1";"7";"16";"0";"1";"26";"1";""
"202400050197";"155693338";"A01";"1";"7";"0";"2";"2";"1";"1";""
"202400050197";"155693342";"B01";"1";"50";"0";"0";"4";"23";"3";""
"202400050198";"155693337";"A01";"0";"10";"0";"1";"1";"15";"1";""
"202400050199";"155693334";"A01";"1";"7";"0";"1";"3";"1";"1";""
"202400050200";"155693336";"A01";"1";"7";"0";"2";"3";"1";"1";""
"202400050200";"155693340";"B01";"1";"7";"0";"2";"5";"1";"1";""
"202400050201";"155693329";"B01";"2";"7";"0";"0";"4";"1";"3";""
"202400050201";"155693333";"A01";"2";"33";"0";"2";"1";"2";"1";""
"202400050202";"155693324";"A01";"1";"14";"0";"2";"2";"12";"1";""
"202400050202";"155693327";"B01";"1";"7";"0";"2";"8";"1";"3";""
"202400050203";"155693319";"A01";"2";"7";"0";"2";"4";"1";"1";""
"202400050203";"155693323";"B01";"2";"7";"0";"2";"1";"1";"1";""
"202400050204";"155693317";"A01";"3";"38";"0";"1";"5";"16";"1";"1"
"202400050205";"155693316";"A01";"1";"7";"0";"2";"1";"5";"1";""
"202400050205";"155693318";"B01";"1";"10";"0";"2";"1";"1";"1";""
"202400050205";"155693320";"C01";"1";"14";"0";"2";"6";"1";"1";""
"202400050206";"155693314";"A01";"2";"7";"0";"1";"5";"1";"1";""
"202400050207";"155693313";"A01";"2";"7";"0";"1";"3";"1";"1";""
"202400050208";"155693309";"A01";"2";"7";"0";"1";"1";"1";"1";""
"202400050208";"155693315";"B01";"2";"7";"0";"2";"2";"1";"1";""
"202400050208";"155693322";"C01";"1";"7";"0";"2";"1";"16";"1";""
"202400050209";"155693306";"B01";"2";"1";"0";"2";"7";"1";"5";""
"202400050209";"155693310";"A01";"1";"7";"0";"9";"2";"0";"2";""
"202400050210";"155693305";"A01";"3";"1";"0";"2";"7";"1";"5";""
"202400050210";"155693312";"B01";"3";"7";"0";"9";"1";"1";"1";""
"202400050211";"155693307";"A01";"1";"7";"4";"0";"3";"1";"1";""
"202400050212";"155693302";"A01";"1";"50";"0";"0";"1";"5";"3";""
"202400050212";"155693303";"C01";"1";"7";"0";"9";"1";"1";"1";""
"202400050212";"155693308";"B01";"1";"7";"0";"9";"2";"1";"1";""
"202400050213";"155693301";"A01";"1";"7";"0";"2";"1";"13";"1";""
"202400050213";"155693304";"B01";"2";"7";"0";"2";"3";"1";"1";""
"202400050213";"155693311";"C01";"2";"7";"0";"2";"2";"1";"1";""
"202400050214";"155693294";"B01";"1";"7";"0";"2";"4";"1";"1";""
"202400050214";"155693300";"A01";"1";"7";"0";"2";"1";"2";"1";""
"202400050215";"155693297";"A01";"1";"7";"0";"0";"0";"16";"1";""
"202400050216";"155693293";"B01";"1";"1";"0";"2";"3";"2";"5";""
"202400050216";"155693299";"A01";"1";"7";"0";"2";"2";"19";"2";""
"202400050217";"155693291";"B01";"2";"7";"0";"2";"3";"2";"1";""
"202400050217";"155693296";"A01";"1";"2";"0";"2";"1";"9";"1";""
"202400050218";"155693290";"B01";"1";"7";"0";"2";"8";"1";"1";""
"202400050218";"155693292";"D01";"1";"7";"0";"2";"3";"1";"1";""
"202400050218";"155693295";"A01";"2";"7";"0";"2";"3";"13";"1";""
"202400050218";"155693298";"C01";"1";"7";"0";"2";"8";"1";"1";""
"202400050219";"155693288";"A01";"3";"30";"0";"0";"8";"26";"1";""
"202400050220";"155693285";"B01";"3";"7";"0";"2";"6";"15";"1";""
"202400050220";"155693289";"A01";"3";"7";"0";"2";"6";"16";"1";""
"202400050221";"155693284";"A01";"1";"7";"15";"0";"1";"1";"1";""
"202400050222";"155693282";"A01";"2";"7";"13";"0";"2";"1";"1";""
"202400050223";"155693281";"A01";"1";"7";"0";"2";"2";"1";"1";""
"202400050223";"155693286";"B01";"1";"2";"0";"2";"1";"1";"1";""
"202400050224";"155693280";"B01";"1";"33";"0";"2";"1";"1";"1";""
"202400050224";"155693287";"A01";"1";"10";"0";"2";"7";"15";"1";""
"202400050225";"155693279";"A01";"2";"50";"0";"0";"0";"1";"3";""
"202400050226";"155693278";"A01";"1";"7";"6";"2";"2";"13";"1";""
"202400050226";"155693283";"B01";"2";"7";"0";"2";"1";"1";"1";""
"202400050227";"155693274";"A01";"1";"2";"0";"2";"1";"1";"3";""
"202400050227";"155693277";"B01";"1";"7";"0";"2";"7";"1";"1";""
"202400050228";"155693275";"A01";"1";"50";"0";"0";"0";"15";"3";""
"202400050229";"155693272";"A01";"2";"7";"0";"2";"3";"13";"1";""
"202400050229";"155693276";"B01";"2";"33";"0";"2";"1";"1";"1";""
"202400050230";"155693269";"A01";"1";"7";"0";"1";"3";"15";"1";""
"202400050231";"155693266";"B01";"1";"33";"0";"2";"1";"1";"1";""
"202400050231";"155693271";"C01";"1";"7";"0";"2";"3";"1";"1";""
"202400050231";"155693273";"A01";"1";"7";"0";"2";"3";"19";"1";""
"202400050232";"155693267";"A01";"1";"7";"0";"1";"3";"1";"1";""
"202400050233";"155693260";"A01";"0";"2";"0";"2";"8";"15";"1";""
"202400050233";"155693268";"B01";"1";"7";"0";"2";"1";"1";"1";""
"202400050234";"155693261";"A01";"2";"10";"0";"2";"3";"16";"1";""
"202400050234";"155693263";"B01";"2";"31";"0";"2";"1";"21";"1";""
"202400050235";"155693262";"C01";"1";"7";"0";"2";"4";"2";"1";""
"202400050235";"155693264";"B01";"1";"7";"0";"2";"4";"2";"1";""
"202400050235";"155693265";"D01";"1";"7";"0";"2";"4";"2";"1";""
"202400050235";"155693270";"A01";"1";"7";"0";"2";"1";"2";"1";""
"202400050236";"155693257";"A01";"3";"7";"0";"1";"1";"15";"1";""
"202400050237";"155693255";"B01";"3";"1";"0";"2";"6";"10";"5";""