"Num_Acc";"id_vehicule";"num_veh";"senc";"catv";"obs";"obsm";"choc";"manv";"motor";"occutc"
"202400050237";"155693258";"A01";"3";"7";"0";"2";"3";"17";"1";""
"202400050238";"155693253";"A01";"3";"30";"0";"0";"0";"26";"1";""
"202400050239";"155693256";"A01";"1";"7";"0";"2";"3";"15";"1";""
"202400050239";"155693259";"B01";"2";"33";"0";"2";"1";"1";"1";""
"202400050240";"155693252";"A01";"2";"7";"0";"1";"2";"23";"1";""
"202400050241";"155693251";"B01";"1";"32";"0";"2";"1";"1";"1";""
"202400050241";"155693254";"A01";"1";"7";"0";"2";"4";"23";"1";""
"202400050242";"155693246";"A01";"3";"7";"0";"2";"3";"11";"1";""
"202400050242";"155693250";"B01";"3";"30";"12";"2";"2";"2";"1";""
"202400050243";"155693245";"A01";"3";"33";"0";"2";"1";"1";"1";""
"202400050243";"155693249";"B01";"3";"7";"0";"2";"3";"17";"2";""
"202400050244";"155693244";"A01";"3";"17";"0";"0";"2";"13";"1";""
"202400050245";"155693242";"B01";"3";"34";"0";"2";"1";"1";"1";""
"202400050245";"155693248";"A01";"3";"7";"0";"2";"1";"1";"1";""
"202400050246";"155693239";"A01";"2";"1";"0";"0";"8";"25";"5";""
"202400050247";"155693237";"A01";"2";"7";"6";"0";"2";"14";"1";""
"202400050248";"155693238";"B01";"3";"7";"0";"2";"6";"1";"1";""
"202400050248";"155693241";"A01";"3";"7";"0";"2";"3";"9";"1";""
"202400050248";"155693247";"C01";"3";"7";"0";"2";"5";"1";"1";""
"202400050249";"155693236";"A01";"1";"37";"0";"2";"3";"13";"1";"4"
"202400050249";"155693243";"B01";"2";"7";"0";"2";"8";"13";"1";""
"202400050250";"155693235";"B01";"3";"7";"0";"0";"8";"1";"1";""
"202400050250";"155693240";"A01";"3";"7";"0";"2";"1";"19";"1";""
"202400050251";"155693234";"A01";"3";"7";"0";"1";"2";"15";"1";""
"202400050252";"155693226";"B01";"2";"32";"0";"2";"1";"2";"1";""
"202400050252";"155693231";"Z01";"2";"7";"0";"2";"7";"15";"0";""
"202400050253";"155693229";"A01";"3";"7";"8";"0";"2";"1";"1";""
"202400050254";"155693225";"A01";"2";"10";"0";"1";"1";"16";"1";""
"202400050255";"155693230";"B01";"1";"50";"0";"2";"4";"23";"3";""
"202400050255";"155693233";"Z01";"1";"7";"0";"2";"1";"2";"2";""
"202400050256";"155693224";"A01";"1";"7";"0";"2";"1";"1";"1";""
"202400050256";"155693228";"B01";"1";"7";"0";"2";"4";"23";"1";""
"202400050257";"155693227";"B01";"1";"7";"0";"2";"1";"2";"1";""
"202400050257";"155693232";"A01";"1";"1";"0";"2";"5";"9";"5";""
"202400050258";"155693223";"A01";"2";"33";"13";"0";"9";"1";"1";""
"202400050259";"155693217";"A01";"1";"7";"0";"1";"2";"26";"1";""
"202400050260";"155693218";"B01";"3";"3";"0";"2";"3";"26";"1";""
"202400050260";"155693222";"A01";"1";"10";"0";"2";"2";"15";"1";""
"202400050261";"155693215";"A01";"1";"3";"0";"2";"1";"5";"1";""
"202400050261";"155693219";"B01";"2";"34";"0";"2";"1";"1";"1";""
"202400050262";"155693216";"B01";"1";"7";"0";"2";"1";"1";"1";""
"202400050262";"155693220";"A01";"1";"1";"0";"2";"8";"1";"5";""
"202400050263";"155693214";"A01";"3";"33";"0";"2";"1";"1";"1";""
"202400050263";"155693221";"B01";"3";"7";"0";"2";"3";"15";"1";""
"202400050264";"155693211";"A01";"1";"34";"0";"1";"1";"17";"1";""
"202400050265";"155693210";"A01";"2";"10";"0";"2";"1";"1";"1";""
"202400050265";"155693213";"B01";"2";"17";"0";"2";"4";"1";"1";""
"202400050266";"155693207";"B01";"2";"15";"0";"2";"1";"19";"1";""
"202400050266";"155693212";"A01";"2";"31";"2";"2";"7";"18";"1";""
"202400050267";"155693205";"B01";"3";"50";"0";"2";"8";"1";"3";""
"202400050267";"155693208";"A01";"2";"7";"0";"9";"3";"15";"1";""
"202400050268";"155693201";"A01";"1";"7";"0";"2";"2";"1";"2";""
"202400050268";"155693206";"B01";"2";"50";"0";"2";"1";"1";"3";""
"202400050269";"155693202";"A01";"2";"7";"0";"1";"3";"1";"1";""
"202400050270";"155693204";"A01";"1";"10";"0";"2";"7";"1";"1";""
"202400050270";"155693209";"B01";"1";"10";"0";"2";"0";"0";"1";""
"202400050271";"155693198";"B01";"3";"1";"0";"2";"1";"1";"5";""
"202400050271";"155693200";"A01";"1";"31";"0";"2";"1";"1";"1";""
"202400050272";"155693196";"A01";"2";"7";"0";"2";"3";"2";"1";""
"202400050272";"155693199";"B01";"2";"7";"3";"2";"5";"2";"1";""
"202400050272";"155693203";"C01";"2";"7";"0";"0";"6";"2";"2";""
"202400050273";"155693195";"A01";"3";"7";"0";"1";"1";"1";"1";""
"202400050274";"155693193";"A01";"0";"7";"0";"1";"0";"0";"0";""
"202400050275";"155693194";"B01";"3";"80";"0";"2";"0";"1";"5";""
"202400050275";"155693197";"A01";"3";"7";"0";"2";"0";"15";"1";""
"202400050276";"155693187";"A01";"1";"33";"0";"2";"7";"3";"1";""
"202400050276";"155693191";"B01";"1";"7";"0";"2";"6";"11";"1";""
"202400050277";"155693188";"A01";"3";"7";"0";"2";"0";"0";"1";""
"202400050277";"155693192";"B01";"3";"1";"0";"2";"0";"0";"5";""
"202400050278";"155693182";"A01";"2";"10";"0";"2";"1";"1";"1";""
"202400050278";"155693186";"B01";"2";"7";"0";"2";"4";"23";"1";""
"202400050278";"155693189";"C01";"2";"7";"0";"2";"4";"23";"2";""
"202400050279";"155693183";"Z01";"2";"7";"0";"2";"6";"9";"0";""
"202400050279";"155693185";"A01";"1";"31";"0";"2";"2";"1";"1";""
"202400050280";"155693184";"B01";"3";"7";"0";"1";"3";"26";"1";""
"202400050280";"155693190";"A01";"3";"20";"1";"0";"2";"14";"1";""
"202400050281";"155693176";"A01";"2";"33";"0";"0";"0";"2";"1";""
"202400050282";"155693177";"A01";"2";"7";"0";"0";"1";"15";"1";""
"202400050282";"155693180";"B01";"1";"33";"0";"2";"1";"1";"1";""
"202400050283";"155693174";"B01";"2";"1";"1";"2";"1";"5";"5";""
"202400050283";"155693179";"A01";"1";"7";"1";"2";"1";"26";"1";""
"202400050284";"155693178";"A01";"2";"14";"0";"2";"7";"16";"1";""
"202400050284";"155693181";"B01";"3";"1";"0";"2";"1";"1";"5";""
"202400050285";"155693175";"A01";"1";"13";"0";"1";"2";"1";"0";""
"202400050286";"155693172";"A01";"1";"30";"1";"0";"1";"1";"1";""
"202400050287";"155693167";"A01";"2";"7";"0";"9";"3";"1";"1";""
"202400050287";"155693171";"B01";"2";"1";"1";"0";"8";"1";"5";""
"202400050288";"155693169";"A01";"1";"33";"0";"1";"1";"1";"1";""
"202400050289";"155693170";"A01";"0";"1";"0";"2";"1";"1";"5";""
"202400050289";"155693173";"B01";"0";"7";"0";"2";"1";"1";"1";""
"202400050290";"155693164";"A01";"2";"2";"0";"2";"1";"13";"1";""
"202400050290";"155693165";"B01";"1";"33";"0";"2";"1";"1";"1";""
"202400050291";"155693163";"A01";"1";"7";"0";"0";"4";"1";"1";""
"202400050291";"155693166";"B01";"1";"7";"0";"2";"4";"23";"1";""
"202400050291";"155693168";"C01";"1";"10";"0";"0";"4";"21";"1";""
"202400050292";"155693160";"B01";"1";"2";"0";"2";"2";"1";"1";""
"202400050292";"155693162";"A01";"2";"7";"0";"0";"3";"13";"1";""
"202400050293";"155693161";"A01";"1";"32";"0";"1";"1";"1";"1";""
"202400050294";"155693157";"A01";"1";"7";"0";"2";"3";"13";"1";""
"202400050294";"155693159";"B01";"2";"7";"0";"2";"0";"1";"1";""
"202400050295";"155693155";"B01";"1";"2";"0";"2";"1";"1";"1";""
"202400050295";"155693158";"A01";"2";"7";"0";"2";"2";"15";"1";""
"202400050296";"155693154";"A01";"0";"7";"0";"0";"1";"1";"1";""
"202400050297";"155693152";"A01";"2";"7";"0";"2";"1";"16";"2";""
"202400050297";"155693156";"B01";"3";"1";"0";"2";"7";"5";"5";""
"202400050298";"155693151";"A01";"2";"33";"0";"0";"7";"16";"1";""
"202400050299";"155693149";"A01";"0";"7";"0";"2";"1";"1";"1";""
"202400050300";"155693148";"A01";"3";"33";"0";"2";"1";"2";"1";""
"202400050300";"155693150";"B01";"3";"32";"0";"2";"4";"2";"1";""
"202400050301";"155693144";"Z01";"1";"7";"0";"2";"0";"0";"0";""
"202400050301";"155693147";"B01";"1";"2";"0";"2";"7";"1";"1";""
"202400050302";"155693138";"C01";"2";"7";"0";"2";"3";"1";"1";""
"202400050302";"155693141";"A01";"1";"7";"0";"2";"3";"13";"1";""
"202400050302";"155693145";"B01";"2";"7";"0";"2";"3";"1";"1";""
"202400050303";"155693139";"B01";"3";"7";"0";"0";"4";"2";"1";""
"202400050303";"155693142";"A01";"3";"7";"0";"2";"1";"2";"1";""
"202400050304";"155693137";"C01";"0";"7";"0";"2";"4";"1";"1";""
"202400050304";"155693140";"B01";"0";"7";"0";"2";"1";"1";"0";""
"202400050304";"155693143";"A01";"0";"7";"0";"2";"1";"1";"1";""
"202400050305";"155693134";"A01";"1";"33";"3";"0";"7";"1";"1";""
"202400050306";"155693135";"A01";"2";"7";"0";"2";"3";"15";"1";""
"202400050306";"155693136";"B01";"2";"31";"0";"2";"7";"2";"1";""
"202400050307";"155693130";"A01";"2";"32";"0";"2";"6";"18";"1";""
"202400050307";"155693132";"B01";"2";"10";"0";"2";"2";"1";"1";""
"202400050308";"155693129";"B01";"1";"99";"0";"2";"4";"1";"1";""
"202400050308";"155693146";"A01";"1";"7";"0";"2";"1";"2";"1";""
"202400050309";"155693127";"A01";"1";"50";"0";"0";"1";"21";"3";""
"202400050310";"155693123";"B01";"1";"31";"0";"2";"1";"1";"1";""
"202400050310";"155693126";"A01";"2";"7";"0";"2";"0";"0";"1";""
"202400050311";"155693125";"B01";"3";"7";"0";"2";"3";"1";"1";""
"202400050311";"155693128";"A01";"3";"7";"0";"2";"3";"1";"1";""
"202400050312";"155693120";"A01";"1";"33";"0";"2";"1";"2";"1";""
"202400050312";"155693124";"B01";"1";"7";"0";"2";"2";"16";"1";""
"202400050313";"155693117";"B01";"1";"17";"0";"2";"6";"1";"1";""
"202400050313";"155693121";"A01";"1";"7";"3";"2";"2";"1";"1";""
"202400050314";"155693119";"B01";"1";"33";"0";"2";"7";"1";"1";""
"202400050314";"155693122";"A01";"3";"7";"0";"2";"3";"15";"1";""
"202400050315";"155693116";"A01";"1";"33";"15";"0";"3";"13";"1";""
"202400050316";"155693115";"A01";"3";"33";"0";"2";"8";"17";"1";""
"202400050316";"155693118";"B01";"3";"7";"0";"9";"8";"1";"2";""
"202400050317";"155693114";"A01";"1";"1";"0";"0";"0";"1";"5";""
"202400050318";"155693110";"B01";"3";"1";"0";"2";"1";"1";"5";""
"202400050318";"155693113";"A01";"3";"1";"0";"2";"1";"26";"5";""
"202400050319";"155693111";"A01";"2";"7";"2";"0";"1";"14";"1";""
"202400050320";"155693108";"B01";"2";"7";"15";"2";"3";"1";"1";""
"202400050320";"155693112";"A01";"1";"7";"8";"2";"7";"19";"1";""
"202400050321";"155693107";"A01";"0";"7";"0";"1";"1";"1";"1";""
"202400050322";"155693104";"A01";"0";"43";"0";"6";"3";"0";"1";""
"202400050323";"155693105";"A01";"1";"2";"0";"0";"8";"1";"3";""
"202400050324";"155693103";"C01";"1";"7";"0";"2";"3";"23";"1";""
"202400050324";"155693106";"B01";"2";"7";"0";"2";"8";"1";"2";""
"202400050324";"155693109";"A01";"2";"7";"0";"2";"7";"15";"0";""
"202400050325";"155693099";"A01";"1";"7";"17";"0";"2";"1";"1";""
"202400050326";"155693101";"A01";"3";"33";"0";"0";"7";"1";"1";""
"202400050327";"155693098";"A01";"3";"10";"0";"2";"5";"15";"1";""
"202400050327";"155693100";"B01";"3";"2";"0";"2";"1";"1";"1";""
"202400050328";"155693097";"B01";"2";"33";"0";"2";"1";"1";"1";""
"202400050328";"155693102";"A01";"1";"7";"0";"2";"2";"10";"1";""
"202400050329";"155693096";"A01";"2";"2";"0";"0";"0";"1";"1";""
"202400050330";"155693092";"A01";"1";"30";"0";"2";"3";"16";"3";""
"202400050330";"155693094";"Z01";"1";"13";"0";"2";"2";"0";"0";""
"202400050331";"155693091";"A01";"1";"7";"0";"2";"4";"1";"1";""
"202400050331";"155693095";"B01";"1";"7";"0";"2";"1";"1";"1";""
"202400050332";"155693089";"A01";"1";"7";"0";"2";"1";"13";"1";""
"202400050332";"155693093";"B01";"3";"7";"0";"2";"1";"1";"1";""
"202400050333";"155693087";"A01";"3";"7";"0";"2";"8";"2";"1";""
"202400050333";"155693090";"B01";"3";"17";"0";"2";"5";"12";"1";""
"202400050334";"155693086";"A01";"1";"7";"6";"0";"1";"16";"1";""
"202400050335";"155693084";"B01";"1";"7";"3";"2";"1";"1";"1";""
"202400050335";"155693088";"A01";"2";"7";"0";"2";"1";"13";"2";""
"202400050336";"155693082";"A01";"1";"7";"0";"2";"1";"2";"1";""
"202400050336";"155693085";"B01";"1";"10";"0";"2";"4";"2";"1";""
"202400050337";"155693081";"A01";"2";"7";"0";"2";"5";"16";"1";""
"202400050337";"155693083";"B01";"2";"1";"0";"2";"8";"2";"5";""
"202400050338";"155693080";"A01";"2";"7";"0";"0";"9";"26";"1";""
"202400050339";"155693078";"A01";"2";"7";"2";"0";"8";"2";"1";""
"202400050340";"155693079";"A01";"2";"30";"0";"1";"1";"17";"1";""
"202400050341";"155693077";"A01";"2";"7";"6";"0";"1";"20";"3";""
"202400050342";"155693074";"A01";"1";"37";"0";"2";"1";"23";"3";"1"
"202400050342";"155693076";"B01";"0";"10";"0";"0";"0";"0";"0";""
"202400050343";"155693071";"A01";"2";"34";"0";"1";"1";"17";"1";""
"202400050344";"155693069";"B01";"2";"7";"0";"2";"4";"2";"1";""
"202400050344";"155693075";"A01";"2";"7";"0";"2";"1";"2";"1";""
"202400050345";"155693070";"A01";"2";"7";"0";"2";"2";"13";"1";""
"202400050345";"155693072";"B01";"1";"7";"0";"2";"2";"21";"1";""
"202400050346";"155693068";"B01";"1";"7";"0";"2";"3";"1";"1";""
"202400050346";"155693073";"A01";"2";"7";"0";"2";"2";"15";"1";""
"202400050347";"155693066";"A01";"1";"7";"0";"1";"2";"2";"1";""
"202400050348";"155693063";"A01";"3";"7";"2";"0";"1";"21";"1";""
"202400050349";"155693064";"B01";"3";"50";"16";"2";"7";"25";"3";""
"202400050349";"155693067";"A01";"0";"14";"0";"2";"0";"0";" -1";""
"202400050350";"155693061";"A01";"2";"7";"0";"1";"2";"1";"1";""
"202400050351";"155693057";"C01";"1";"7";"0";"1";"3";"21";"2";""
"202400050351";"155693060";"D01";"1";"7";"0";"1";"1";"21";"3";""
"202400050351";"155693062";"A01";"1";"7";"0";"1";"3";"21";"2";""
"202400050351";"155693065";"B01";"1";"7";"0";"1";"3";"21";"1";""
"202400050352";"155693054";"A01";"1";"43";"11";"0";"1";"13";"1";""
"202400050353";"155693052";"A01";"2";"31";"0";"2";"3";"3";"1";""
"202400050353";"155693058";"Z01";"2";"7";"0";"2";"5";"1";"2";""
"202400050354";"155693055";"B01";"1";"33";"0";"2";"1";"1";"1";""
"202400050354";"155693059";"A01";"2";"7";"0";"2";"3";"15";"1";""
"202400050355";"155693053";"B01";"3";"30";"1";"2";"1";"1";"1";""
"202400050355";"155693056";"A01";"3";"7";"0";"2";"3";"10";"1";""
"202400050356";"155693046";"A01";"1";"1";"0";"2";"7";"13";"5";""
"202400050356";"155693047";"B01";"1";"7";"0";"0";"8";"1";"1";""
"202400050357";"155693043";"A01";"2";"31";"0";"2";"3";"19";"1";""
"202400050357";"155693048";"B01";"2";"10";"0";"2";"7";"19";"1";""
"202400050358";"155693044";"A01";"1";"7";"0";"2";"6";"1";"1";""
"202400050358";"155693050";"B01";"2";"7";"0";"2";"1";"1";"1";""
"202400050359";"155693045";"A01";"2";"7";"0";"2";"1";"2";"1";""
"202400050359";"155693049";"B01";"2";"7";"0";"2";"4";"2";"1";""
"202400050359";"155693051";"C01";"2";"7";"0";"2";"4";"2";"1";""
"202400050360";"155693042";"A01";"1";"7";"0";"1";"1";"0";"1";""
"202400050361";"155693037";"A01";"2";"7";"0";"2";"1";"2";"1";""
"202400050361";"155693041";"B01";"1";"7";"0";"2";"1";"1";"1";""
"202400050362";"155693039";"A01";"1";"7";"4";"0";"1";"0";"1";""
"202400050363";"155693036";"A01";"3";"7";"0";"2";"3";"23";"1";""
"202400050363";"155693040";"B01";"3";"2";"1";"0";"1";"0";"1";""
"202400050364";"155693035";"A01";"3";"7";"0";"2";"1";"15";"1";""
"202400050364";"155693038";"B01";"3";"33";"0";"2";"1";"1";"1";""
"202400050365";"155693034";"A01";"3";"50";"0";"0";"0";"0";"3";""
"202400050366";"155693033";"A01";"2";"7";"4";"0";"8";"11";"1";""
"202400050367";"155693031";"A01";"1";"7";"6";"0";"2";"14";"1";""
"202400050368";"155693032";"A01";"1";"7";"0";"1";"1";"2";"1";""
"202400050369";"155693030";"A01";"2";"7";"0";"1";"1";"1";"1";""
"202400050370";"155693024";"A01";"1";"7";"0";"2";"3";"1";"1";""
"202400050370";"155693029";"B01";"2";"7";"0";"2";"3";"5";"1";""
"202400050371";"155693025";"A01";"3";"7";"0";"2";"1";"15";"1";""
"202400050371";"155693028";"B01";"3";"7";"0";"2";"1";"16";"1";""
"202400050372";"155693022";"B01";"3";"33";"0";"2";"3";"1";"1";""
"202400050372";"155693027";"A01";"3";"7";"0";"2";"6";"15";"1";""
"202400050373";"155693020";"A01";"2";"7";"0";"2";"7";"12";"1";""
"202400050373";"155693023";"B01";"2";"33";"0";"2";"8";"2";"1";""
"202400050374";"155693019";"A01";"1";"50";"0";"0";"0";"1";"3";""
"202400050375";"155693016";"B01";"2";"33";"0";"2";"1";"21";"1";""
"202400050375";"155693018";"A01";"2";"7";"0";"2";"3";"26";"1";""
"202400050376";"155693013";"A01";"1";"7";"0";"2";"1";"1";"1";""
"202400050376";"155693017";"B01";"1";"7";"0";"2";"5";"16";"1";""
"202400050377";"155693012";"B01";"1";"7";"1";"0";"5";"9";"2";""
"202400050377";"155693015";"A01";"3";"33";"0";"2";"3";"7";"1";""
"202400050378";"155693011";"A01";"1";"7";"0";"2";"5";"1";"1";""
"202400050378";"155693014";"B01";"1";"10";"0";"2";"6";"23";"1";""
"202400050379";"155693010";"A01";"2";"33";"6";"0";"2";"0";"1";""
"202400050380";"155693006";"A01";"1";"7";"0";"2";"3";"24";"2";""
"202400050380";"155693009";"B01";"1";"80";"1";"0";"1";"1";"3";""
"202400050381";"155693004";"A01";"0";"30";"0";"2";"1";"2";"1";""
"202400050381";"155693007";"B01";"0";"7";"0";"2";"4";"1";"1";""
"202400050382";"155693005";"B01";"0";"10";"0";"2";"1";"1";"1";""
"202400050382";"155693008";"A01";"0";"10";"0";"2";"2";"13";"1";""
"202400050383";"155692999";"A01";"3";"7";"0";"2";"8";"19";"1";""
"202400050383";"155693002";"B01";"1";"7";"0";"2";"1";"1";"1";""
"202400050384";"155692998";"A01";"0";"10";"0";"1";"3";"15";"0";""
"202400050385";"155692997";"C01";"1";"7";"0";"2";"5";"2";"1";""
"202400050385";"155693001";"A01";"1";"33";"0";"2";"2";"3";"1";""
"202400050385";"155693003";"B01";"1";"7";"0";"2";"3";"2";"1";""
"202400050386";"155692996";"A01";"2";"7";"0";"1";"1";"1";"1";""
"202400050387";"155692994";"A01";"2";"7";"2";"0";"0";"14";"1";""
"202400050388";"155692995";"A01";"2";"33";"0";"2";"1";"1";"1";""
"202400050388";"155693000";"B01";"2";"7";"0";"2";"8";"15";"2";""
"202400050389";"155692992";"A01";"0";"7";"3";"0";"2";"0";"1";""
"202400050390";"155692990";"Z01";"2";"2";"0";"0";"0";"0";"0";""
"202400050390";"155692993";"A01";"2";"30";"0";"2";"4";"1";"1";""
"202400050391";"155692991";"A01";"2";"7";"4";"0";"8";"0";"1";""
"202400050392";"155692988";"B01";"3";"31";"0";"2";"0";"0";"1";""
"202400050392";"155692989";"A01";"3";"7";"0";"2";"0";"0";"1";""
"202400050393";"155692983";"A01";"1";"7";"0";"2";"0";"0";"1";""
"202400050393";"155692986";"B01";"1";"7";"0";"2";"6";"21";"1";""
"202400050394";"155692984";"A01";"1";"7";"0";"0";"0";"1";"1";""
"202400050395";"155692982";"B01";"1";"7";"6";"2";"1";"17";"3";""
"202400050395";"155692985";"A01";"1";"10";"0";"2";"3";"15";"1";""
"202400050396";"155692981";"B01";"2";"33";"0";"2";"7";"1";"1";""
"202400050396";"155692987";"A01";"2";"7";"0";"2";"8";"11";"1";""
"202400050397";"155692979";"A01";"1";"31";"6";"0";"1";"0";"1";""
"202400050398";"155692978";"A01";"1";"10";"0";"0";"0";"15";"1";""
"202400050398";"155692980";"B01";"2";"2";"0";"0";"0";"1";"1";""
"202400050399";"155692976";"A01";"0";"7";"0";"1";"1";"20";"0";""
"202400050400";"155692973";"B01";"2";"7";"0";"2";"4";"2";"1";""
"202400050400";"155692975";"A01";"2";"10";"0";"2";"1";"2";"1";""
"202400050401";"155692971";"A01";"2";"33";"0";"2";"1";"3";"1";""
"202400050401";"155692974";"B01";"2";"7";"0";"2";"3";"11";"1";""
"202400050401";"155692977";"C01";"2";"7";"0";"2";"6";"2";"2";""
"202400050402";"155692969";"A01";"1";"7";"0";"0";"1";"1";"1";""
"202400050403";"155692970";"A01";"1";"21";"0";"0";"6";"15";"1";""
"202400050403";"155692972";"B01";"1";"33";"0";"2";"1";"17";"1";""
"202400050404";"155692966";"B01";"1";"7";"0";"2";"1";"1";"1";""
"202400050404";"155692967";"A01";"1";"50";"0";"2";"7";"19";"3";""
"202400050405";"155692965";"A01";"2";"7";"0";"2";"2";"1";"1";""
"202400050405";"155692968";"B01";"2";"7";"0";"2";"8";"1";"1";""
"202400050406";"155692962";"A01";"1";"33";"0";"0";"7";"26";"1";""
"202400050407";"155692961";"A01";"2";"33";"0";"2";"7";"1";"1";""
"202400050407";"155692964";"B01";"2";"7";"0";"2";"3";"15";"1";""
"202400050408";"155692959";"A01";"1";"50";"0";"0";"3";"1";"3";""
"202400050409";"155692957";"A01";"2";"7";"0";"2";"1";"1";"1";""
"202400050409";"155692958";"B01";"2";"7";"0";"2";"4";"1";"1";""
"202400050410";"155692952";"A01";"1";"7";"4";"0";"3";"26";"1";""
"202400050411";"155692955";"C01";"2";"7";"0";"2";"3";"2";"1";""
"202400050411";"155692960";"A01";"1";"7";"0";"2";"3";"1";"1";""
"202400050411";"155692963";"B01";"2";"3";"0";"2";"1";"15";"1";""
"202400050412";"155692951";"A01";"1";"10";"0";"2";"1";"15";"6";""
"202400050412";"155692954";"B01";"1";"7";"0";"2";"1";"1";"0";""
"202400050413";"155692953";"B01";"0";"7";"0";"2";"1";"1";"1";""
"202400050413";"155692956";"A01";"3";"10";"0";"2";"7";"19";"1";""
"202400050414";"155692949";"A01";"2";"7";"0";"2";"4";"1";"0";""
"202400050414";"155692950";"B01";"2";"1";"0";"2";"4";"1";"5";""
"202400050415";"155692946";"A01";"2";"7";"0";"2";"3";"11";"0";""
"202400050415";"155692948";"B01";"2";"33";"0";"2";"7";"1";"0";""
"202400050416";"155692947";"A01";"3";"33";"0";"0";"1";"13";"1";""
"202400050417";"155692944";"A01";"1";"10";"0";"2";"3";"20";"1";""
"202400050417";"155692945";"B01";"1";"50";"0";"2";"0";"1";"3";""
"202400050418";"155692943";"A01";"2";"7";"0";"1";"4";"20";"2";""
"202400050419";"155692940";"A01";"1";"10";"0";"1";"2";"2";"1";""
"202400050420";"155692939";"A01";"1";"7";"0";"2";"1";"1";"1";""
"202400050420";"155692941";"B01";"2";"7";"0";"2";"7";"1";"1";""
"202400050421";"155692937";"B01";"3";"7";"0";"2";"7";"1";"1";""
"202400050421";"155692942";"A01";"3";"10";"0";"2";"1";"1";"3";""
"202400050422";"155692936";"A01";"1";"10";"2";"0";"1";"1";"1";""
"202400050423";"155692935";"A01";"1";"7";"0";"2";"3";"9";"1";""
"202400050423";"155692938";"B01";"1";"33";"0";"2";"7";"1";"1";""
"202400050424";"155692933";"A01";"0";"7";"0";"2";"2";"4";"1";""
"202400050424";"155692934";"B01";"2";"50";"0";"2";"1";"1";"3";""
"202400050425";"155692931";"A01";"1";"7";"0";"1";"1";"19";"2";""
"202400050426";"155692929";"A01";"1";"7";"0";"1";"2";"16";"1";""
"202400050427";"155692930";"A01";"2";"36";"0";"9";"2";"1";"1";""
"202400050427";"155692932";"B01";"1";"1";"0";"2";"3";"11";"5";""
"202400050428";"155692921";"A01";"1";"10";"0";"2";"1";"1";"1";""
"202400050428";"155692926";"B01";"3";"7";"0";"2";"6";"1";"1";""
"202400050429";"155692917";"B01";"1";"13";"0";"2";"4";"2";"1";""
"202400050429";"155692922";"D01";"1";"7";"0";"0";"4";"2";"1";""
"202400050429";"155692925";"A01";"1";"14";"0";"2";"1";"2";"1";""
"202400050429";"155692927";"C01";"1";"7";"0";"2";"4";"2";"1";""
"202400050430";"155692919";"B01";"1";"7";"0";"2";"1";"1";"1";""
"202400050430";"155692923";"C01";"1";"7";"0";"2";"5";"1";"1";""
"202400050430";"155692928";"A01";"1";"7";"0";"2";"3";"15";"1";""
"202400050431";"155692920";"A01";"1";"7";"2";"2";"1";"2";"1";""
"202400050431";"155692924";"B01";"1";"7";"0";"2";"3";"15";"1";""
"202400050432";"155692916";"A01";"2";"39";"0";"2";"1";"1";"3";""
"202400050432";"155692918";"B01";"1";"10";"0";"4";"6";"1";"1";""
"202400050433";"155692914";"A01";"1";"7";"13";"0";"1";"1";"1";""
"202400050434";"155692912";"A01";"2";"7";"0";"2";"1";"2";"1";""
"202400050434";"155692915";"B01";"2";"7";"0";"2";"6";"23";"1";""
"202400050435";"155692913";"A01";"1";"7";"4";"0";"9";"13";"1";""
"202400050436";"155692909";"A01";"1";"33";"0";"0";"9";"1";"1";""
"202400050437";"155692908";"B01";"1";"33";"0";"2";"1";"1";"1";""
"202400050437";"155692911";"A01";"1";"7";"0";"2";"3";"15";"1";""
"202400050438";"155692905";"B01";"2";"14";"0";"0";"5";"23";"1";""
"202400050438";"155692910";"A01";"2";"7";"1";"0";"3";"12";"1";""
"202400050439";"155692906";"A01";"1";"7";"0";"0";"9";"14";"1";""
"202400050440";"155692904";"A01";"1";"7";"0";"2";"3";"15";"1";""
"202400050440";"155692907";"B01";"2";"37";"0";"2";"3";"1";"3";"1"
"202400050441";"155692902";"A01";"1";"7";"0";"1";"3";"1";"1";""
"202400050442";"155692898";"A01";"1";"7";"0";"2";"3";"15";"1";""
"202400050442";"155692901";"B01";"1";"33";"0";"2";"1";"17";"1";""
"202400050443";"155692896";"B01";"2";"7";"0";"0";"8";"1";"1";""
"202400050443";"155692900";"A01";"2";"7";"0";"2";"7";"17";"1";""
"202400050443";"155692903";"C01";"1";"7";"13";"0";"2";"21";"1";""
"202400050444";"155692897";"A01";"1";"10";"0";"1";"2";"2";"1";""
"202400050445";"155692895";"A01";"2";"7";"0";"2";"2";"15";"1";""
"202400050445";"155692899";"B01";"1";"33";"0";"2";"1";"1";"1";""
"202400050446";"155692892";"A01";"3";"7";"0";"2";"1";"9";"1";""
"202400050446";"155692894";"B01";"1";"7";"0";"2";"3";"1";"1";""
"202400050447";"155692891";"A01";"3";"7";"16";"0";"9";"13";"1";""
"202400050448";"155692887";"A01";"1";"7";"0";"0";"1";"15";"1";""
"202400050449";"155692886";"B01";"2";"7";"0";"2";"9";"21";"1";""
"202400050449";"155692889";"C01";"2";"7";"0";"2";"4";"26";"2";""
"202400050449";"155692893";"A01";"2";"7";"0";"2";"1";"2";"1";""
"202400050450";"155692885";"A01";"2";"10";"0";"1";"1";"16";"1";""