"Num_Acc";"id_vehicule";"num_veh";"senc";"catv";"obs";"obsm";"choc";"manv";"motor";"occutc"
"202400050451";"155692881";"A01";"1";"7";"0";"2";"2";"2";"1";""
"202400050451";"155692883";"B01";"1";"7";"0";"2";"4";"2";"1";""
"202400050452";"155692880";"A01";"1";"7";"0";"0";"0";"0";"1";""
"202400050453";"155692884";"A01";"2";"7";"0";"0";"8";"13";"1";""
"202400050454";"155692876";"B01";"3";"7";"0";"2";"2";"15";"1";""
"202400050454";"155692879";"C01";"3";"33";"0";"2";"1";"1";"0";""
"202400050454";"155692882";"A01";"3";"7";"6";"2";"2";"1";"1";""
"202400050455";"155692874";"A01";"1";"7";"0";"2";"3";"13";"1";""
"202400050455";"155692878";"B01";"2";"7";"0";"2";"3";"1";"1";""
"202400050456";"155692873";"B01";"2";"99";"0";"0";"3";"19";"1";""
"202400050456";"155692875";"A01";"2";"2";"0";"0";"1";"1";"1";""
"202400050457";"155692872";"B01";"1";"2";"0";"2";"1";"1";"1";""
"202400050457";"155692877";"A01";"1";"7";"0";"2";"7";"1";"1";""
"202400050458";"155692869";"A01";"1";"7";"0";"0";"2";"17";"1";""
"202400050459";"155692868";"A01";"1";"17";"3";"2";"1";"13";"1";""
"202400050459";"155692870";"B01";"2";"7";"3";"0";"1";"1";"1";""
"202400050460";"155692866";"B01";"2";"7";"0";"2";"1";"1";"1";""
"202400050460";"155692871";"A01";"1";"7";"0";"2";"1";"14";"1";""
"202400050461";"155692865";"A01";"2";"50";"0";"2";"7";"1";"3";""
"202400050461";"155692867";"B01";"2";"7";"0";"2";"2";"1";"1";""
"202400050462";"155692862";"A01";"1";"7";"0";"2";"8";"9";"1";""
"202400050462";"155692864";"B01";"1";"14";"0";"2";"1";"2";"1";""
"202400050463";"155692860";"A01";"1";"7";"3";"2";"0";"1";"1";""
"202400050463";"155692863";"B01";"1";"7";"3";"2";"0";"1";"2";""
"202400050464";"155692859";"B01";"1";"10";"0";"2";"3";"1";"1";""
"202400050464";"155692861";"A01";"2";"7";"0";"2";"3";"13";"1";""
"202400050465";"155692857";"A01";"3";"33";"4";"2";"1";"1";"1";""
"202400050465";"155692858";"B01";"3";"7";"0";"2";"1";"1";"1";""
"202400050466";"155692855";"A01";"0";"7";"0";"9";"3";"9";"3";""
"202400050466";"155692856";"B01";"0";"1";"0";"2";"7";"1";"5";""
"202400050467";"155692853";"A01";"1";"1";"0";"0";"0";"1";"5";""
"202400050468";"155692852";"A01";"2";"15";"0";"2";"1";"1";"1";""
"202400050468";"155692854";"B01";"1";"7";"0";"2";"1";"13";"1";""
"202400050469";"155692850";"B01";"1";"7";"0";"2";"2";"1";"1";""
"202400050469";"155692851";"A01";"1";"35";"0";"2";"3";"0";"1";""
"202400050470";"155692848";"A01";"2";"7";"0";"2";"1";"2";"1";""
"202400050470";"155692849";"B01";"2";"33";"0";"2";"4";"23";"1";""
"202400050471";"155692846";"A01";"3";"7";"13";"0";"3";"14";"1";""
"202400050472";"155692844";"A01";"2";"7";"3";"2";"1";"2";"1";""
"202400050472";"155692847";"B01";"2";"7";"3";"0";"4";"2";"1";""
"202400050473";"155692843";"A01";"2";"7";"0";"1";"2";"1";"2";""
"202400050474";"155692842";"A01";"1";"7";"13";"0";"9";"14";"1";""
"202400050475";"155692840";"A01";"2";"7";"8";"0";"7";"1";"1";""
"202400050476";"155692838";"B01";"3";"7";"0";"2";"8";"15";"1";""
"202400050476";"155692841";"A01";"1";"7";"0";"2";"1";"1";"1";""
"202400050477";"155692837";"A01";"2";"7";"13";"0";"2";"1";"1";""
"202400050478";"155692836";"A01";"2";"7";"0";"2";"5";"9";"1";""
"202400050478";"155692839";"B01";"2";"80";"0";"2";"1";"1";"3";""
"202400050479";"155692833";"A01";"2";"21";"0";"2";"2";"15";"1";""
"202400050479";"155692834";"B01";"2";"30";"0";"2";"1";"1";"1";""
"202400050480";"155692832";"A01";"3";"7";"0";"1";"4";"4";"1";""
"202400050481";"155692835";"A01";"1";"33";"13";"0";"0";"16";"1";""
"202400050482";"155692828";"A01";"1";"7";"8";"2";"1";"1";"1";""
"202400050482";"155692830";"B01";"1";"7";"0";"0";"7";"0";"1";""
"202400050483";"155692829";"A01";"1";"10";"0";"2";"2";"19";"1";""
"202400050483";"155692831";"B01";"2";"7";"0";"2";"1";"1";"1";""
"202400050484";"155692826";"A01";"0";"7";"0";"1";"1";"1";"1";""
"202400050485";"155692827";"A01";"2";"7";"13";"0";"1";"1";"1";""
"202400050486";"155692825";"A01";"2";"7";"12";"0";"1";"1";"1";""
"202400050487";"155692824";"A01";"0";"7";"8";"0";"2";"15";"1";""
"202400050488";"155692820";"A01";"1";"7";"1";"0";"1";"26";"1";""
"202400050488";"155692821";"B01";"1";"7";"0";"2";"3";"26";"1";""
"202400050489";"155692818";"A01";"1";"7";"0";"2";"3";"16";"1";""
"202400050489";"155692819";"B01";"1";"43";"0";"2";"1";"1";"1";""
"202400050490";"155692817";"A01";"2";"7";"4";"0";"0";"9";"1";""
"202400050491";"155692816";"A01";"1";"7";"4";"0";"1";"1";"1";""
"202400050492";"155692814";"A01";"3";"7";"0";"2";"3";"1";"1";""
"202400050492";"155692815";"B01";"3";"33";"0";"2";"1";"1";"1";""
"202400050493";"155692812";"A01";"3";"50";"0";"2";"1";"26";"3";""
"202400050493";"155692813";"B01";"3";"37";"0";"2";"5";"1";"0";"1"
"202400050494";"155692811";"A01";"2";"7";"8";"0";"1";"1";"1";""
"202400050495";"155692810";"A01";"1";"2";"0";"0";"7";"1";"1";""
"202400050496";"155692809";"A01";"2";"7";"0";"1";"6";"4";"1";""
"202400050497";"155692808";"A01";"3";"10";"4";"0";"2";"15";"1";""
"202400050498";"155692807";"A01";"1";"7";"0";"1";"3";"26";"1";""
"202400050499";"155692805";"B01";"1";"7";"0";"2";"1";"1";"1";""
"202400050499";"155692806";"A01";"2";"2";"0";"2";"1";"13";"1";""
"202400050500";"155692803";"A01";"2";"16";"0";"2";"7";"12";"1";""
"202400050500";"155692804";"B01";"1";"7";"0";"2";"8";"1";"1";""
"202400050501";"155692802";"A01";"2";"7";"0";"1";"2";"1";"1";""
"202400050502";"155692800";"B01";"3";"50";"0";"0";"0";"0";"3";""
"202400050502";"155692801";"Z01";"3";"7";"0";"2";"4";"4";"1";""
"202400050503";"155692799";"A01";"1";"7";"1";"0";"2";"1";"1";""
"202400050504";"155692797";"A01";"2";"17";"0";"2";"1";"1";"1";""
"202400050504";"155692798";"B01";"2";"7";"0";"2";"4";"9";"1";""
"202400050505";"155692795";"B01";"1";"7";"5";"2";"3";"5";"1";""
"202400050505";"155692796";"A01";"2";"7";"0";"2";"3";"13";"2";""
"202400050506";"155692794";"A01";"3";"50";"0";"0";"3";"1";"3";""
"202400050507";"155692793";"A01";"3";"7";"0";"1";"0";"1";"1";""
"202400050508";"155692792";"A01";"1";"7";"0";"1";"3";"1";"1";""
"202400050509";"155692791";"A01";"0";"7";"0";"1";"4";"20";"1";""
"202400050510";"155692789";"B01";"1";"7";"0";"2";"4";"2";"2";""
"202400050510";"155692790";"A01";"1";"30";"0";"2";"1";"2";"3";""
"202400050511";"155692788";"A01";"1";"7";"0";"0";"0";"13";"1";""
"202400050512";"155692786";"B01";"2";"99";"0";"2";"3";"0";"0";""
"202400050512";"155692787";"A01";"1";"7";"0";"9";"2";"2";"1";""
"202400050513";"155692785";"A01";"0";"2";"0";"0";"7";"1";"1";""
"202400050514";"155692784";"A01";"2";"7";"13";"0";"1";"1";"1";""
"202400050515";"155692782";"A01";"2";"50";"0";"2";"1";"21";"3";""
"202400050515";"155692783";"B01";"3";"14";"0";"2";"4";"4";"1";""
"202400050516";"155692781";"A01";"2";"10";"0";"1";"2";"1";"1";""
"202400050517";"155692780";"A01";"2";"7";"0";"1";"1";"1";"1";""
"202400050518";"155692778";"Z01";"2";"13";"0";"9";"1";"1";"1";""
"202400050518";"155692779";"B01";"1";"1";"0";"2";"1";"1";"5";""
"202400050519";"155692775";"C01";"2";"10";"0";"2";"1";"1";"1";""
"202400050519";"155692776";"A01";"1";"7";"0";"2";"5";"5";"1";""
"202400050519";"155692777";"B01";"3";"7";"0";"2";"1";"5";"1";""
"202400050520";"155692773";"A01";"3";"30";"0";"2";"3";"2";"1";""
"202400050520";"155692774";"B01";"3";"10";"0";"2";"3";"15";"1";""
"202400050521";"155692771";"A01";"0";"7";"0";"2";"7";"16";"1";""
"202400050521";"155692772";"B01";"0";"7";"0";"2";"0";"0";"1";""
"202400050522";"155692770";"A01";"2";"7";"13";"0";"1";"1";"1";""
"202400050523";"155692769";"A01";"1";"7";"7";"0";"1";"15";"1";""
"202400050524";"155692767";"B01";"2";"7";"0";"2";"7";"0";"1";""
"202400050524";"155692768";"A01";"1";"7";"0";"2";"1";"1";"1";""
"202400050525";"155692766";"A01";"3";"7";"0";"1";"2";"1";"1";""
"202400050526";"155692764";"A01";"3";"50";"0";"2";"1";"19";"3";""
"202400050526";"155692765";"B01";"3";"7";"0";"2";"2";"1";"1";""
"202400050527";"155692763";"B01";"1";"2";"0";"2";"7";"1";"1";""
"202400050528";"155692760";"A01";"1";"7";"0";"2";"3";"1";"1";""
"202400050528";"155692762";"B01";"1";"7";"0";"2";"3";"23";"1";""
"202400050529";"155692759";"A01";"1";"15";"0";"2";"1";"1";"1";""
"202400050529";"155692761";"B01";"1";"7";"0";"0";"4";"1";"1";""
"202400050530";"155692756";"A01";"1";"7";"0";"2";"7";"21";"1";""
"202400050530";"155692757";"B01";"2";"7";"0";"2";"6";"23";"1";""
"202400050531";"155692753";"A01";"1";"7";"0";"9";"2";"15";"1";""
"202400050531";"155692754";"B01";"2";"1";"0";"9";"1";"2";"5";""
"202400050532";"155692755";"A01";"2";"7";"0";"9";"3";"16";"1";""
"202400050532";"155692758";"B01";"2";"50";"0";"2";"7";"1";"3";""
"202400050533";"155692751";"B01";"3";"1";"0";"2";"7";"26";"5";""
"202400050533";"155692752";"A01";"1";"7";"0";"9";"0";"0";"1";""
"202400050534";"155692747";"A01";"1";"40";"0";"2";"0";"15";"3";""
"202400050534";"155692750";"Y01";"2";"1";"0";"4";"0";"1";"5";""
"202400050535";"155692748";"B01";"1";"7";"0";"2";"2";"26";"1";""
"202400050535";"155692749";"A01";"2";"7";"15";"2";"3";"9";"1";""
"202400050536";"155692746";"A01";"2";"7";"6";"0";"1";"2";"1";""
"202400050537";"155692745";"A01";"0";"7";"0";"1";"0";"0";"1";""
"202400050538";"155692744";"A01";"3";"30";"0";"5";"7";"1";"1";""
"202400050539";"155692742";"A01";"1";"7";"0";"2";"2";"10";"1";""
"202400050539";"155692743";"B01";"2";"31";"0";"2";"1";"1";"1";""
"202400050540";"155692741";"A01";"1";"7";"0";"1";"8";"1";"1";""
"202400050541";"155692738";"B01";"1";"7";"0";"2";"6";"2";"1";""
"202400050541";"155692740";"A01";"1";"7";"9";"2";"2";"17";"1";""
"202400050542";"155692737";"A01";"3";"33";"0";"2";"7";"16";"1";""
"202400050542";"155692739";"B01";"3";"7";"0";"2";"3";"1";"1";""
"202400050543";"155692736";"A01";"1";"7";"3";"0";"3";"1";"1";""
"202400050544";"155692735";"A01";"0";"10";"0";"1";"1";"1";"0";""
"202400050545";"155692730";"Z01";"0";"13";"0";"1";"5";"0";"0";""
"202400050546";"155692731";"B01";"3";"33";"0";"2";"1";"1";"1";""
"202400050546";"155692732";"D01";"3";"38";"0";"2";"7";"1";"1";"1"
"202400050546";"155692733";"C01";"3";"10";"0";"2";"1";"1";"1";""
"202400050546";"155692734";"A01";"3";"7";"0";"2";"8";"11";"2";""
"202400050547";"155692729";"A01";"2";"7";"0";"1";"1";"1";"1";""
"202400050548";"155692728";"A01";"1";"1";"0";"1";"1";"17";"5";""
"202400050549";"155692727";"A01";"2";"7";"0";"1";"2";"0";"1";""
"202400050550";"155692725";"A01";"2";"7";"0";"2";"3";"20";"1";""
"202400050550";"155692726";"B01";"2";"32";"0";"2";"1";"1";"1";""
"202400050551";"155692721";"B01";"1";"7";"0";"2";"4";"2";"1";""
"202400050551";"155692723";"C01";"1";"7";"0";"2";"4";"2";"1";""
"202400050551";"155692724";"A01";"1";"10";"0";"2";"1";"26";"1";""
"202400050552";"155692720";"B01";"2";"1";"0";"2";"3";"19";"5";""
"202400050552";"155692722";"A01";"2";"7";"0";"2";"2";"1";"1";""
"202400050553";"155692718";"B01";"2";"7";"0";"2";"4";"2";"1";""
"202400050553";"155692719";"A01";"2";"7";"0";"2";"1";"2";"1";""
"202400050554";"155692716";"A01";"3";"7";"9";"2";"2";"1";"1";""
"202400050554";"155692717";"B01";"2";"7";"0";"2";"1";"1";"1";""
"202400050555";"155692712";"Z01";"1";"0";"0";"1";"2";"1";"0";""
"202400050556";"155692713";"B01";"1";"33";"0";"2";"7";"3";"1";""
"202400050556";"155692714";"C01";"1";"7";"0";"2";"5";"1";"1";""
"202400050556";"155692715";"A01";"1";"7";"0";"2";"3";"11";"1";""
"202400050557";"155692711";"A01";"2";"7";"4";"0";"2";"1";"1";""
"202400050558";"155692709";"A01";"1";"10";"0";"2";"2";"11";"1";""
"202400050558";"155692710";"B01";"2";"7";"0";"2";"3";"15";"1";""
"202400050559";"155692707";"A01";"2";"1";"0";"1";"1";"1";"5";""
"202400050560";"155692706";"A01";"1";"7";"0";"2";"1";"15";"1";""
"202400050560";"155692708";"B01";"2";"33";"0";"2";"1";"1";"1";""
"202400050561";"155692705";"A01";"2";"31";"12";"0";"8";"13";"1";""
"202400050562";"155692704";"A01";"1";"33";"0";"0";"8";"3";"1";""
"202400050563";"155692703";"A01";"2";"33";"0";"1";"8";"18";"1";""
"202400050564";"155692702";"A01";"2";"7";"2";"0";"1";"13";"1";""
"202400050565";"155692701";"A01";"3";"37";"0";"1";"3";"1";"1";"1"
"202400050566";"155692699";"A01";"3";"33";"0";"0";"0";"1";"1";""
"202400050567";"155692697";"A01";"2";"2";"0";"2";"2";"14";"1";""
"202400050567";"155692700";"B01";"2";"7";"0";"2";"3";"1";"1";""
"202400050568";"155692696";"A01";"1";"7";"0";"2";"1";"9";"1";""
"202400050568";"155692698";"B01";"1";"7";"4";"2";"7";"14";"1";""
"202400050569";"155692695";"A01";"1";"7";"0";"0";"1";"1";"1";""
"202400050570";"155692693";"B01";"3";"1";"0";"2";"7";"1";"5";""
"202400050570";"155692694";"A01";"1";"7";"0";"2";"1";"9";"1";""
"202400050571";"155692690";"B01";"0";"7";"14";"0";"1";"2";"1";""
"202400050571";"155692692";"A01";"3";"7";"0";"2";"4";"23";"1";""
"202400050572";"155692689";"A01";"0";"2";"0";"2";"3";"1";"1";""
"202400050572";"155692691";"B01";"3";"7";"0";"2";"1";"1";"1";""
"202400050573";"155692688";"A01";"3";"7";"0";"1";"2";"1";"1";""
"202400050574";"155692687";"A01";"0";"7";"0";"1";"3";"15";"1";""
"202400050575";"155692686";"A01";"3";"10";"8";"0";"0";"9";"0";""
"202400050576";"155692685";"A01";"3";"32";"0";"1";"0";"25";"0";""
"202400050577";"155692684";"A01";"2";"31";"0";"0";"0";"21";"1";""
"202400050578";"155692683";"A01";"1";"7";"0";"1";"3";"15";"1";""
"202400050579";"155692682";"A01";"3";"7";"0";"1";"5";"4";"1";""
"202400050580";"155692681";"A01";"2";"2";"0";"0";"0";"18";"1";""
"202400050581";"155692679";"A01";"1";"7";"0";"1";"2";"16";"1";""
"202400050582";"155692678";"B01";"1";"1";"0";"2";"7";"1";"5";""
"202400050582";"155692680";"A01";"3";"7";"0";"2";"1";"9";"1";""
"202400050583";"155692677";"A01";"1";"7";"0";"1";"2";"1";"1";""
"202400050584";"155692674";"B01";"2";"10";"0";"2";"4";"4";"1";""
"202400050584";"155692676";"A01";"2";"1";"0";"2";"1";"23";"5";""
"202400050585";"155692673";"B01";"1";"10";"0";"2";"8";"15";"1";""
"202400050585";"155692675";"A01";"1";"7";"0";"2";"2";"18";"1";""
"202400050586";"155692671";"A01";"1";"33";"0";"2";"8";"17";"1";""
"202400050586";"155692672";"B01";"1";"7";"0";"2";"3";"1";"1";""
"202400050587";"155692669";"A01";"2";"7";"0";"2";"2";"16";"1";""
"202400050587";"155692670";"B01";"2";"33";"0";"2";"3";"18";"1";""
"202400050588";"155692667";"A01";"1";"7";"0";"2";"3";"1";"1";""
"202400050588";"155692668";"B01";"1";"1";"0";"2";"5";"12";"5";""
"202400050589";"155692665";"A01";"2";"7";"0";"1";"1";"1";"1";""
"202400050590";"155692664";"B01";"1";"7";"0";"0";"0";"1";"1";""
"202400050590";"155692666";"A01";"2";"50";"0";"0";"0";"5";"3";""
"202400050591";"155692660";"A01";"2";"7";"0";"2";"1";"26";"1";""
"202400050591";"155692662";"B01";"2";"3";"0";"2";"4";"0";"1";""
"202400050591";"155692663";"C01";"2";"7";"0";"2";"4";"23";"1";""
"202400050592";"155692661";"A01";"2";"7";"4";"0";"1";"1";"1";""
"202400050593";"155692658";"B01";"1";"2";"0";"2";"3";"1";"1";""
"202400050593";"155692659";"A01";"2";"7";"0";"2";"2";"15";"0";""
"202400050594";"155692657";"A01";"1";"7";"6";"0";"2";"1";"1";""
"202400050595";"155692655";"B01";"3";"7";"0";"2";"1";"1";"1";""
"202400050595";"155692656";"A01";"3";"7";"0";"2";"5";"15";"1";""
"202400050596";"155692654";"A01";"1";"7";"0";"1";"2";"1";"1";""
"202400050597";"155692652";"A01";"0";"31";"0";"2";"7";"17";"1";""
"202400050597";"155692653";"Z01";"3";"37";"0";"2";"8";"1";"0";"1"
"202400050598";"155692649";"A01";"1";"7";"0";"2";"2";"9";"1";""
"202400050598";"155692651";"B01";"2";"7";"0";"2";"2";"15";"1";""
"202400050599";"155692648";"B01";"3";"50";"0";"2";"2";"0";"3";""
"202400050599";"155692650";"A01";"3";"7";"0";"9";"1";"19";"1";""
"202400050600";"155692645";"B01";"3";"7";"0";"2";"2";"0";"1";""
"202400050600";"155692646";"A01";"2";"32";"0";"2";"1";"0";"1";""
"202400050600";"155692647";"C01";"1";"32";"0";"2";"1";"0";"1";""
"202400050601";"155692644";"A01";"2";"10";"0";"1";"1";"15";"1";""
"202400050602";"155692642";"B01";"3";"1";"0";"2";"1";"2";"5";""
"202400050602";"155692643";"A01";"2";"32";"0";"2";"0";"26";"1";""
"202400050603";"155692641";"A01";"1";"3";"13";"0";"3";"13";"1";""
"202400050604";"155692639";"A01";"3";"7";"0";"2";"8";"15";"1";""
"202400050604";"155692640";"B01";"3";"33";"0";"2";"1";"1";"1";""
"202400050605";"155692636";"A01";"3";"10";"0";"2";"1";"16";"1";""
"202400050605";"155692638";"B01";"0";"43";"0";"2";"1";"1";"1";""
"202400050606";"155692634";"B01";"1";"37";"0";"2";"4";"1";"1";"2"
"202400050606";"155692637";"A01";"1";"10";"0";"2";"1";"2";"1";""
"202400050607";"155692633";"B01";"1";"7";"0";"2";"4";"1";"1";""
"202400050607";"155692635";"A01";"2";"7";"0";"2";"1";"2";"1";""
"202400050608";"155692630";"A01";"1";"7";"0";"2";"1";"0";"0";""
"202400050608";"155692632";"B01";"3";"7";"0";"2";"0";"0";"1";""
"202400050609";"155692628";"A01";"2";"32";"0";"2";"7";"17";"1";""
"202400050609";"155692631";"B01";"2";"7";"0";"2";"3";"15";"1";""
"202400050610";"155692627";"A01";"3";"2";"0";"2";"1";"1";"1";""
"202400050610";"155692629";"B01";"3";"32";"0";"2";"2";"19";"1";""
"202400050611";"155692625";"A01";"3";"10";"1";"0";"1";"11";"3";""
"202400050612";"155692624";"A01";"1";"10";"0";"2";"4";"4";"1";""
"202400050612";"155692626";"B01";"1";"1";"0";"2";"0";"0";"5";""
"202400050613";"155692622";"B01";"2";"7";"0";"2";"6";"1";"1";""
"202400050613";"155692623";"A01";"2";"7";"0";"2";"1";"1";"1";""
"202400050614";"155692621";"A01";"2";"50";"0";"2";"1";"17";"3";""
"202400050615";"155692619";"A01";"1";"7";"0";"1";"1";"1";"0";""
"202400050616";"155692618";"A01";"2";"7";"0";"2";"2";"5";"1";""
"202400050616";"155692620";"B01";"1";"7";"0";"2";"1";"26";"1";""
"202400050617";"155692617";"A01";"2";"37";"0";"1";"2";"1";"3";"1"
"202400050618";"155692615";"A01";"2";"10";"0";"1";"1";"1";"1";""
"202400050619";"155692614";"A01";"2";"10";"8";"0";"2";"1";"1";""
"202400050620";"155692613";"A01";"1";"7";"0";"2";"2";"9";"1";""
"202400050620";"155692616";"B01";"3";"7";"0";"2";"5";"1";"1";""
"202400050621";"155692609";"A01";"2";"7";"0";"2";"3";"1";"1";""
"202400050621";"155692612";"B01";"1";"7";"0";"2";"3";"1";"1";""
"202400050622";"155692608";"A01";"1";"30";"0";"2";"4";"2";"1";""
"202400050622";"155692611";"B01";"1";"7";"0";"2";"3";"2";"1";""
"202400050623";"155692607";"B01";"3";"1";"0";"2";"1";"1";"5";""
"202400050623";"155692610";"A01";"2";"7";"0";"2";"3";"16";"1";""
"202400050624";"155692602";"B01";"1";"2";"0";"2";"1";"3";"1";""
"202400050624";"155692603";"A01";"1";"7";"0";"2";"5";"12";"1";""
"202400050625";"155692601";"B01";"2";"10";"0";"2";"1";"1";"1";""
"202400050625";"155692606";"A01";"1";"7";"0";"2";"1";"19";"1";""
"202400050626";"155692598";"A01";"0";"33";"0";"2";"1";"2";"1";""
"202400050626";"155692600";"B01";"3";"7";"0";"2";"4";"15";"3";""
"202400050627";"155692597";"A01";"3";"50";"0";"1";"1";"19";"3";""
"202400050628";"155692596";"A01";"1";"33";"0";"2";"1";"26";"1";""
"202400050628";"155692599";"B01";"1";"7";"0";"2";"4";"2";"1";""
"202400050629";"155692595";"A01";"2";"7";"0";"0";"6";"9";"1";""
"202400050630";"155692594";"Z01";"2";"33";"0";"1";"0";"1";"1";""
"202400050631";"155692588";"C01";"1";"7";"0";"2";"6";"1";"3";""
"202400050631";"155692591";"D01";"1";"7";"0";"2";"1";"1";"2";""
"202400050631";"155692592";"A01";"1";"10";"0";"2";"3";"11";"1";""
"202400050631";"155692593";"B01";"1";"7";"0";"2";"2";"1";"1";""
"202400050632";"155692587";"B01";"0";"7";"0";"2";"4";"1";"1";""
"202400050632";"155692589";"Z01";"0";"7";"0";"2";"1";"1";"1";""
"202400050633";"155692583";"A01";"2";"10";"0";"1";"4";"4";"6";""
"202400050634";"155692585";"A01";"1";"33";"0";"2";"1";"2";"1";""
"202400050634";"155692586";"B01";"1";"7";"0";"0";"5";"2";"1";""
"202400050635";"155692584";"A01";"2";"33";"0";"0";"7";"0";"1";""
"202400050636";"155692579";"A01";"3";"13";"0";"0";"0";"15";"0";""
"202400050636";"155692582";"B01";"3";"2";"0";"2";"0";"1";"3";""
"202400050637";"155692578";"A01";"3";"2";"0";"2";"8";"10";"1";""
"202400050637";"155692581";"B01";"0";"2";"0";"2";"2";"1";"1";""
"202400050638";"155692577";"B01";"3";"10";"0";"2";"0";"0";"0";""
"202400050638";"155692580";"A01";"0";"7";"0";"2";"4";"1";"1";""
"202400050639";"155692572";"A01";"2";"7";"16";"0";"1";"15";"1";""
"202400050639";"155692576";"B01";"1";"7";"0";"2";"4";"0";"1";""
"202400050640";"155692567";"A01";"3";"7";"14";"0";"0";"19";"3";""
"202400050640";"155692568";"B01";"3";"33";"1";"2";"1";"1";"1";""
"202400050641";"155692571";"A01";"1";"50";"0";"2";"1";"1";"3";""
"202400050641";"155692575";"B01";"1";"80";"0";"2";"4";"1";"3";""
"202400050642";"155692565";"C01";"1";"7";"0";"2";"3";"1";"1";""
"202400050642";"155692569";"A01";"1";"7";"0";"2";"4";"1";"1";""
"202400050642";"155692574";"B01";"1";"7";"0";"2";"1";"1";"1";""
"202400050643";"155692566";"A01";"2";"7";"0";"0";"3";"1";"1";""
"202400050643";"155692570";"B01";"2";"7";"0";"0";"3";"1";"1";""
"202400050643";"155692573";"C01";"2";"7";"0";"0";"3";"1";"1";""
"202400050644";"155692564";"A01";"1";"7";"0";"0";"1";"0";"1";""
"202400050645";"155692557";"B01";"1";"32";"0";"2";"1";"0";"1";""
"202400050645";"155692561";"A01";"1";"7";"0";"2";"5";"0";"1";""
"202400050646";"155692559";"A01";"1";"7";"8";"0";"1";"14";"1";""
"202400050647";"155692558";"B01";"3";"7";"0";"2";"4";"1";"1";""
"202400050647";"155692562";"A01";"3";"30";"0";"2";"1";"1";"1";""
"202400050648";"155692560";"A01";"2";"1";"0";"2";"1";"21";"5";""
"202400050648";"155692563";"B01";"2";"13";"0";"2";"4";"2";"0";""
"202400050649";"155692554";"A01";"3";"7";"8";"0";"9";"14";"1";""
"202400050650";"155692553";"A01";"1";"7";"1";"2";"6";"0";"1";""
"202400050650";"155692556";"B01";"1";"7";"0";"2";"3";"0";"1";""
"202400050651";"155692552";"B01";"2";"7";"0";"2";"2";"13";"1";""
"202400050651";"155692555";"A01";"2";"7";"0";"2";"3";"15";"1";""
"202400050652";"155692550";"B01";"3";"50";"0";"2";"8";"19";"3";""
"202400050652";"155692551";"A01";"1";"7";"0";"2";"2";"1";"1";""
"202400050653";"155692549";"A01";"2";"37";"0";"1";"1";"0";"1";"1"
"202400050654";"155692544";"B01";"3";"7";"0";"2";"5";"1";"1";""
"202400050654";"155692547";"A01";"3";"7";"0";"2";"1";"1";"1";""
"202400050655";"155692545";"A01";"3";"33";"0";"1";"1";"1";"1";""
"202400050656";"155692546";"A01";"2";"7";"0";"1";"3";"1";"1";""
"202400050657";"155692542";"A01";"3";"7";"0";"1";"3";"1";"1";""
"202400050658";"155692543";"B01";"2";"7";"0";"2";"2";"0";"1";""
"202400050658";"155692548";"A01";"2";"32";"0";"2";"2";"26";"3";""
"202400050659";"155692541";"A01";"0";"2";"14";"0";"1";"16";"1";""
"202400050660";"155692537";"A01";"2";"1";"0";"2";"3";"5";"5";""
"202400050660";"155692540";"B01";"2";"7";"0";"9";"3";"26";"3";""
"202400050661";"155692536";"A01";"0";"2";"0";"0";"7";"16";"1";""
"202400050662";"155692534";"A01";"1";"30";"0";"2";"1";"0";"0";""
"202400050662";"155692539";"B01";"1";"30";"0";"0";"0";"26";"3";""
"202400050663";"155692533";"A01";"0";"7";"0";"2";"1";"1";"1";""
"202400050664";"155692535";"B01";"2";"33";"0";"2";"1";"1";"1";""
"202400050664";"155692538";"A01";"1";"7";"0";"2";"3";"15";"1";""
"202400050665";"155692532";"A01";"1";"7";"0";"1";"3";"15";"0";""
"202400050666";"155692526";"A01";"1";"10";"0";"2";"1";"15";"1";""
"202400050666";"155692529";"B01";"2";"31";"0";"2";"8";"1";"1";""
"202400050667";"155692528";"A01";"2";"7";"2";"0";"2";"2";"1";""
"202400050668";"155692530";"A01";"3";"34";"0";"1";"1";"16";"1";""
"202400050669";"155692527";"B01";"2";"80";"0";"2";"8";"1";"3";""
"202400050669";"155692531";"A01";"2";"31";"0";"2";"5";"16";"3";""
"202400050670";"155692524";"A01";"2";"7";"0";"2";"3";"10";"1";""
"202400050670";"155692525";"B01";"2";"32";"0";"2";"2";"17";"1";""
"202400050671";"155692519";"A01";"2";"7";"6";"1";"2";"1";"1";""
"202400050672";"155692518";"B01";"1";"21";"0";"2";"0";"9";"1";""
"202400050672";"155692523";"A01";"1";"34";"0";"2";"0";"1";"1";""
"202400050673";"155692513";"A01";"1";"7";"0";"1";"1";"1";"2";""
"202400050674";"155692515";"A01";"1";"7";"0";"1";"1";"1";"1";""
"202400050675";"155692516";"A01";"3";"31";"0";"2";"2";"9";"1";""
"202400050675";"155692521";"B01";"3";"7";"0";"2";"3";"9";"1";""
"202400050676";"155692514";"A01";"3";"7";"0";"2";"3";"11";"1";""
"202400050676";"155692520";"B01";"3";"32";"0";"2";"1";"1";"1";""
"202400050677";"155692517";"A01";"1";"10";"0";"2";"3";"22";"1";""
"202400050677";"155692522";"B01";"1";"1";"0";"2";"2";"1";"5";""
"202400050678";"155692512";"A01";"2";"7";"3";"0";"3";"14";"1";""