"Num_Acc";"id_vehicule";"num_veh";"senc";"catv";"obs";"obsm";"choc";"manv";"motor";"occutc"
"202400050679";"155692511";"A01";"1";"7";"0";"1";"1";"1";"1";""
"202400050680";"155692507";"Z01";"3";"7";"0";"1";"3";"15";"1";""
"202400050681";"155692509";"A01";"2";"1";"0";"1";"1";"1";"5";""
"202400050682";"155692508";"A01";"3";"7";"0";"1";"2";"1";"1";""
"202400050683";"155692505";"A01";"1";"7";"0";"1";"1";"1";"1";""
"202400050684";"155692506";"A01";"3";"7";"8";"0";"1";"1";"1";""
"202400050685";"155692504";"B01";"1";"50";"1";"2";"7";"1";"3";""
"202400050685";"155692510";"A01";"1";"32";"1";"2";"8";"9";"1";""
"202400050686";"155692499";"A01";"2";"32";"0";"2";"7";"17";"1";""
"202400050686";"155692501";"B01";"2";"7";"0";"0";"8";"13";"1";""
"202400050687";"155692498";"A01";"2";"7";"0";"2";"1";"9";"1";""
"202400050687";"155692500";"B01";"1";"2";"0";"2";"7";"1";"1";""
"202400050688";"155692495";"B01";"3";"7";"0";"2";"4";"23";"2";""
"202400050688";"155692502";"A01";"3";"7";"0";"2";"1";"2";"1";""
"202400050689";"155692497";"A01";"1";"7";"0";"1";"3";"1";"2";""
"202400050690";"155692496";"B01";"1";"7";"0";"2";"1";"1";"2";""
"202400050690";"155692503";"A01";"2";"43";"0";"2";"2";"1";"1";""
"202400050691";"155692489";"A01";"1";"50";"0";"2";"5";"19";"3";""
"202400050691";"155692492";"B01";"3";"7";"0";"9";"3";"1";"1";""
"202400050692";"155692491";"A01";"1";"7";"0";"2";"3";"0";"1";""
"202400050692";"155692494";"B01";"2";"7";"0";"2";"3";"0";"1";""
"202400050693";"155692487";"A01";"3";"7";"0";"2";"1";"15";"1";""
"202400050693";"155692493";"B01";"3";"1";"0";"0";"0";"0";"5";""
"202400050694";"155692485";"A01";"2";"7";"0";"1";"3";"15";"2";""
"202400050695";"155692484";"A01";"2";"7";"0";"0";"7";"15";"1";""
"202400050695";"155692488";"B01";"1";"33";"0";"0";"1";"1";"1";""
"202400050696";"155692486";"Z01";"2";"50";"0";"1";"1";"1";"3";""
"202400050697";"155692483";"B01";"1";"7";"0";"2";"0";"1";"1";""
"202400050697";"155692490";"A01";"1";"7";"0";"2";"0";"1";"1";""
"202400050698";"155692481";"A01";"2";"31";"1";"0";"1";"26";"1";""
"202400050699";"155692480";"A01";"2";"7";"0";"1";"3";"1";"1";""
"202400050700";"155692478";"B01";"1";"1";"0";"0";"4";"1";"5";""
"202400050700";"155692482";"A01";"1";"7";"0";"9";"4";"17";"1";""
"202400050701";"155692474";"A01";"3";"7";"13";"0";"4";"23";"1";""
"202400050702";"155692473";"A01";"1";"7";"2";"0";"5";"1";"1";""
"202400050703";"155692477";"A01";"0";"10";"0";"2";"1";"1";"3";""
"202400050703";"155692479";"B01";"0";"7";"0";"2";"4";"23";"1";""
"202400050704";"155692476";"A01";"3";"10";"0";"0";"0";"0";"0";""
"202400050705";"155692475";"B01";"1";"1";"0";"5";"1";"1";"5";""
"202400050706";"155692469";"B01";"1";"7";"0";"2";"3";"1";"1";""
"202400050706";"155692472";"A01";"3";"7";"0";"2";"8";"15";"1";""
"202400050707";"155692467";"A01";"1";"33";"16";"0";"9";"1";"1";""
"202400050708";"155692466";"A01";"1";"33";"0";"0";"4";"2";"1";""
"202400050708";"155692470";"B01";"1";"33";"0";"2";"1";"2";"1";""
"202400050709";"155692468";"A01";"1";"10";"0";"2";"7";"2";"1";""
"202400050709";"155692471";"B01";"1";"50";"0";"2";"8";"2";"3";""
"202400050710";"155692463";"A01";"3";"7";"9";"2";"1";"9";"1";""
"202400050710";"155692465";"B01";"3";"50";"9";"2";"8";"1";"3";""
"202400050711";"155692464";"A01";"1";"10";"0";"1";"1";"1";"1";""
"202400050712";"155692462";"A01";"1";"50";"1";"1";"1";"14";"3";""
"202400050713";"155692460";"A01";"3";"7";"0";"1";"0";"0";"0";""
"202400050714";"155692457";"A01";"3";"34";"0";"2";"2";"26";"1";""
"202400050714";"155692461";"B01";"3";"2";"0";"2";"1";"0";"0";""
"202400050715";"155692453";"A01";"2";"30";"0";"2";"7";"17";"1";""
"202400050715";"155692458";"B01";"2";"7";"0";"2";"6";"15";"1";""
"202400050716";"155692454";"B01";"1";"15";"0";"2";"1";"21";"1";""
"202400050716";"155692459";"A01";"2";"7";"10";"2";"6";"1";"1";""
"202400050717";"155692452";"A01";"2";"7";"0";"2";"1";"1";"1";""
"202400050717";"155692456";"B01";"2";"33";"0";"2";"4";"1";"1";""
"202400050718";"155692450";"A01";"1";"7";"0";"2";"1";"15";"1";""
"202400050718";"155692455";"B01";"2";"33";"0";"2";"8";"1";"1";""
"202400050719";"155692449";"A01";"1";"7";"0";"2";"1";"5";"1";""
"202400050719";"155692451";"B01";"2";"7";"0";"2";"2";"13";"1";""
"202400050720";"155692445";"B01";"0";"7";"0";"2";"1";"1";" -1";""
"202400050720";"155692448";"A01";" -1";"1";"0";"2";"1";"1";"5";""
"202400050721";"155692443";"A01";"3";"7";"0";"2";"3";"15";"1";""
"202400050721";"155692447";"B01";"3";"7";"0";"2";"8";"0";"1";""
"202400050722";"155692440";"B01";"2";"7";"0";"2";"2";"9";"1";""
"202400050722";"155692442";"A01";"1";"80";"0";"2";"1";"1";"3";""
"202400050723";"155692439";"A01";"2";"7";"2";"0";"1";"1";"1";""
"202400050724";"155692438";"A01";"2";"7";"1";"2";"6";"23";"1";""
"202400050724";"155692444";"B01";"2";"7";"1";"2";"1";"2";"1";""
"202400050725";"155692436";"A01";"3";"7";"0";"1";"1";"1";"1";""
"202400050726";"155692435";"B01";"1";"1";"0";"2";"1";"15";"5";""
"202400050726";"155692446";"A01";"3";"7";"0";"2";"2";"1";"1";""
"202400050727";"155692433";"A01";"2";"7";"13";"0";"2";"1";"1";""
"202400050728";"155692430";"A01";"1";"7";"0";"0";"3";"1";"1";""
"202400050728";"155692437";"B01";"2";"7";"0";"2";"1";"1";"1";""
"202400050728";"155692441";"C01";"1";"17";"0";"2";"1";"1";"1";""
"202400050729";"155692429";"A01";"1";"17";"13";"0";"2";"1";"1";""
"202400050729";"155692431";"B01";"1";"7";"14";"0";"1";"1";"1";""
"202400050730";"155692426";"A01";"3";"7";"0";"1";"0";"1";"1";""
"202400050731";"155692425";"A01";"1";"33";"0";"0";"0";"0";"1";""
"202400050732";"155692427";"A01";"2";"1";"14";"0";"1";"13";"5";""
"202400050733";"155692428";"B01";"1";"7";"0";"2";"1";"1";"1";""
"202400050733";"155692432";"A01";"3";"10";"0";"2";"7";"19";"1";""
"202400050733";"155692434";"C01";"3";"10";"0";"2";"1";"23";"1";""
"202400050734";"155692421";"A01";"1";"31";"0";"2";"2";"17";"1";""
"202400050734";"155692424";"B01";"1";"7";"0";"2";"6";"15";"1";""
"202400050735";"155692418";"B01";"1";"10";"0";"2";"5";"9";"1";""
"202400050735";"155692423";"A01";"1";"10";"0";"2";"3";"2";"1";""
"202400050736";"155692419";"A01";"1";"2";"0";"2";"3";"18";"1";""
"202400050736";"155692422";"B01";"1";"10";"0";"2";"2";"16";"1";""
"202400050737";"155692416";"B01";"1";"7";"0";"2";"2";"1";"1";""
"202400050737";"155692420";"A01";"1";"7";"0";"2";"3";"10";"1";""
"202400050738";"155692417";"A01";"2";"1";"6";"0";"2";"1";"5";""
"202400050739";"155692414";"A01";"0";"7";"0";"1";"6";"4";"1";""
"202400050740";"155692410";"B01";"3";"1";"0";"2";"3";"1";"5";""
"202400050740";"155692415";"A01";"3";"7";"0";"2";"1";"1";"1";""
"202400050741";"155692413";"A01";"1";"50";"0";"1";"1";"1";"3";""
"202400050742";"155692407";"A01";"0";"32";"0";"2";"1";"1";"0";""
"202400050742";"155692412";"B01";"0";"7";"0";"2";"7";"1";"0";""
"202400050743";"155692404";"B01";"1";"7";"0";"2";"3";"1";"1";""
"202400050743";"155692411";"A01";"2";"43";"0";"2";"3";"5";"1";""
"202400050744";"155692405";"A01";"1";"32";"14";"0";"8";"11";"1";""
"202400050745";"155692403";"B01";"1";"7";"0";"2";"8";"13";"1";""
"202400050745";"155692409";"A01";"1";"33";"0";"2";"1";"17";"1";""
"202400050746";"155692402";"A01";"3";"7";"0";"2";"1";"5";"0";""
"202400050746";"155692406";"B01";"3";"7";"0";"2";"1";"1";"0";""
"202400050747";"155692397";"B01";"3";"33";"0";"2";"3";"26";"1";""
"202400050747";"155692399";"A01";"3";"7";"0";"2";"2";"16";"1";""
"202400050748";"155692396";"BZ01";"1";"32";"0";"1";"1";"0";"1";""
"202400050749";"155692398";"B01";"0";"7";"0";"9";"3";"23";"1";""
"202400050749";"155692401";"A01";"3";"80";"0";"2";"1";"5";"3";""
"202400050750";"155692393";"A01";"2";"7";"13";"0";"1";"0";"1";""
"202400050751";"155692395";"C01";"3";"1";"0";"2";"1";"0";"5";""
"202400050751";"155692400";"A01";"3";"7";"0";"2";"3";"0";"1";""
"202400050751";"155692408";"B01";"3";"1";"0";"2";"1";"1";"5";""
"202400050752";"155692392";"A01";"1";"7";"0";"1";"2";"1";"1";""
"202400050753";"155692391";"A01";"3";"7";"0";"0";"0";"0";"1";""
"202400050754";"155692390";"A01";"1";"33";"0";"0";"8";"13";"1";""
"202400050755";"155692389";"A01";"0";"7";"0";"2";"7";"1";"1";""
"202400050755";"155692394";"B01";"3";"50";"0";"2";"1";"1";"3";""
"202400050756";"155692388";"A01";"1";"7";"0";"1";"8";"1";"1";""
"202400050757";"155692387";"A01";"3";"2";"0";"1";"2";"1";"1";""
"202400050758";"155692386";"A01";"1";"31";"0";"1";"7";"0";"0";""
"202400050759";"155692384";"A01";"3";"10";"0";"1";"2";"17";"1";""
"202400050760";"155692382";"A01";"1";"31";"0";"2";"1";"1";"0";""
"202400050760";"155692385";"B01";"0";"7";"0";"2";"3";"1";"0";""
"202400050761";"155692383";"A01";"1";"33";"13";"0";"0";"1";"1";""
"202400050762";"155692376";"B01";"1";"32";"0";"2";"1";"1";"1";""
"202400050762";"155692379";"A01";"1";"7";"0";"2";"3";"26";"2";""
"202400050763";"155692378";"A01";"1";"7";"0";"2";"2";"22";"1";""
"202400050763";"155692380";"B01";"1";"43";"1";"0";"6";"18";"1";""
"202400050764";"155692372";"A01";"2";"33";"0";"0";"7";"16";"1";""
"202400050765";"155692374";"A01";"1";"7";"0";"2";"1";"15";"1";""
"202400050765";"155692381";"B01";"1";"7";"0";"2";"3";"15";"1";""
"202400050766";"155692371";"A01";"2";"7";"0";"2";"1";"5";"2";""
"202400050766";"155692377";"B01";"1";"7";"0";"2";"1";"1";"1";""
"202400050767";"155692370";"A01";"3";"0";"0";"1";"0";"0";"0";""
"202400050768";"155692373";"A01";"2";"1";"0";"0";"0";"1";"5";""
"202400050769";"155692369";"A01";"3";"3";"1";"0";"1";"1";"1";""
"202400050770";"155692366";"A01";"3";"7";"16";"0";"9";"1";"1";""
"202400050771";"155692367";"A01";"1";"7";"1";"2";"3";"1";"1";""
"202400050771";"155692375";"B01";"1";"7";"0";"2";"1";"1";"1";""
"202400050772";"155692362";"A01";"1";"2";"8";"0";"1";"0";"1";""
"202400050773";"155692365";"A01";"3";"32";"0";"1";"0";"16";"1";""
"202400050774";"155692361";"A01";"1";"7";"0";"1";"3";"1";"1";""
"202400050775";"155692360";"A01";"1";"50";"1";"0";"1";"9";"3";""
"202400050776";"155692358";"A01";"3";"7";"0";"2";"1";"1";"0";""
"202400050776";"155692364";"B01";"3";"7";"0";"2";"6";"16";"1";""
"202400050777";"155692359";"A01";"2";"10";"0";"2";"1";"5";"1";""
"202400050777";"155692368";"B01";"1";"7";"0";"2";"1";"13";"1";""
"202400050778";"155692356";"A01";"1";"7";"2";"0";"2";"0";"1";""
"202400050779";"155692353";"A01";"0";"7";"10";"0";"7";"1";"1";""
"202400050780";"155692354";"A01";"2";"7";"13";"0";"2";"1";"1";""
"202400050781";"155692351";"A01";"2";"1";"0";"1";"1";"2";"5";""
"202400050782";"155692348";"B01";"2";"33";"0";"2";"1";"0";"1";""
"202400050782";"155692352";"A01";"1";"7";"0";"2";"2";"13";"1";""
"202400050783";"155692355";"B01";"1";"33";"0";"2";"1";"1";"1";""
"202400050783";"155692357";"C01";"2";"7";"0";"2";"3";"2";"1";""
"202400050783";"155692363";"A01";"2";"10";"0";"2";"7";"15";"1";""
"202400050784";"155692343";"A01";"1";"7";"13";"0";"9";"1";"1";""
"202400050785";"155692347";"A01";"2";"7";"0";"2";"1";"1";"1";""
"202400050785";"155692350";"B01";"2";"10";"0";"2";"2";"1";"1";""
"202400050786";"155692341";"A01";"1";"10";"0";"2";"1";"9";"1";""
"202400050786";"155692345";"B01";"2";"7";"0";"2";"2";"1";"1";""
"202400050787";"155692339";"A01";"3";"7";"0";"2";"3";"1";"3";""
"202400050787";"155692344";"B01";"3";"2";"0";"2";"7";"1";"1";""
"202400050788";"155692342";"B01";"2";"1";"0";"2";"0";"18";"5";""
"202400050788";"155692349";"A01";"2";"7";"0";"2";"0";"16";"1";""
"202400050789";"155692338";"A01";"2";"7";"13";"0";"1";"14";"1";""
"202400050790";"155692337";"A01";"1";"1";"0";"0";"0";"0";"5";""
"202400050791";"155692335";"A01";"1";"7";"0";"2";"2";"1";"1";""
"202400050791";"155692346";"B01";"2";"7";"0";"2";"8";"1";"1";""
"202400050792";"155692332";"A01";"1";"7";"14";"0";"2";"1";"1";""
"202400050793";"155692331";"A01";"1";"3";"0";"1";"2";"2";"0";""
"202400050794";"155692333";"B01";"1";"31";"0";"2";"1";"17";"1";""
"202400050794";"155692336";"A01";"2";"7";"0";"2";"3";"0";"2";""
"202400050795";"155692330";"A01";"1";"7";"1";"0";"8";"26";"1";""
"202400050796";"155692329";"A01";"3";"7";"0";"2";"7";"17";"1";""
"202400050796";"155692334";"B01";"3";"17";"0";"2";"3";"13";"1";""
"202400050797";"155692320";"A01";"1";"7";"0";"1";"1";"1";"1";""
"202400050798";"155692323";"A01";"2";"10";"0";"2";"3";"1";"1";""
"202400050798";"155692328";"B01";"1";"7";"0";"2";"3";"1";"1";""
"202400050799";"155692318";"A01";"0";"7";"12";"0";"1";"1";"0";""
"202400050799";"155692319";"B01";"0";"7";"0";"0";"1";"1";"0";""
"202400050800";"155692315";"A01";"2";"10";"0";"2";"1";"2";"1";""
"202400050800";"155692317";"B01";"2";"7";"0";"2";"4";"2";"1";""
"202400050801";"155692313";"A01";"2";"7";"4";"0";"8";"21";"1";""
"202400050802";"155692307";"A01";"1";"7";"0";"2";"5";"12";"1";""
"202400050802";"155692312";"B01";"1";"33";"0";"2";"3";"12";"1";""
"202400050803";"155692327";"A01";"3";"33";"11";"0";"7";"1";"1";""
"202400050804";"155692306";"A01";"2";"1";"0";"2";"1";"13";"5";""
"202400050804";"155692310";"B01";"2";"7";"0";"2";"4";"23";"1";""
"202400050805";"155692309";"B01";"2";"31";"0";"2";"1";"1";"1";""
"202400050805";"155692314";"A01";"2";"10";"0";"2";"4";"11";"1";""
"202400050806";"155692326";"A01";"1";"7";"0";"1";"2";"1";"1";""
"202400050807";"155692304";"B01";"2";"7";"0";"2";"6";"1";"1";""
"202400050807";"155692305";"A01";"2";"33";"0";"2";"1";"3";"1";""
"202400050808";"155692311";"A01";"2";"7";"0";"2";"2";"1";"1";""
"202400050808";"155692316";"B01";"1";"2";"0";"2";"3";"1";"1";""
"202400050809";"155692308";"A01";"1";"2";"0";"2";"1";"19";"1";""
"202400050809";"155692321";"B01";"1";"7";"0";"2";"3";"1";"1";""
"202400050810";"155692302";"A01";"3";"33";"0";"0";"0";"12";"1";""
"202400050811";"155692303";"C01";"1";"7";"0";"2";"5";"1";"0";""
"202400050811";"155692322";"A01";"1";"7";"0";"2";"1";"13";"1";""
"202400050811";"155692325";"B01";"1";"7";"0";"2";"2";"1";"1";""
"202400050812";"155692300";"B01";"2";"7";"0";"2";"3";"1";"1";""
"202400050812";"155692324";"A01";"1";"10";"13";"2";"3";"1";"1";""
"202400050813";"155692294";"A01";"2";"7";"0";"2";"1";"5";"1";""
"202400050813";"155692297";"B01";"2";"15";"0";"2";"1";"1";"1";""
"202400050814";"155692299";"A01";"2";"33";"14";"0";"1";"1";"1";""
"202400050815";"155692293";"A01";"2";"33";"5";"0";"1";"1";"1";""
"202400050816";"155692298";"A01";"3";"7";"4";"2";"3";"11";"1";""
"202400050816";"155692301";"B01";"2";"7";"0";"2";"2";"1";"1";""
"202400050817";"155692292";"A01";"0";"7";"13";"2";"8";"17";"1";""
"202400050817";"155692295";"B01";"0";"7";"13";"2";"8";"1";"2";""
"202400050817";"155692296";"C01";"0";"7";"13";"2";"8";"2";"1";""
"202400050818";"155692289";"A01";"1";"10";"0";"1";"2";"18";"1";""
"202400050819";"155692286";"A01";"1";"7";"0";"2";"1";"2";"1";""
"202400050819";"155692291";"B01";"1";"7";"0";"2";"4";"2";"2";""
"202400050820";"155692283";"A01";"2";"7";"6";"0";"9";"1";"1";""
"202400050821";"155692285";"B01";"1";"1";"0";"2";"3";"1";"5";""
"202400050821";"155692290";"A01";"2";"7";"0";"2";"5";"15";"1";""
"202400050822";"155692281";"B01";"2";"7";"0";"2";"4";"1";"1";""
"202400050822";"155692287";"A01";"2";"7";"0";"2";"1";"13";"1";""
"202400050823";"155692278";"A01";"0";"34";"0";"2";"1";"2";"1";""
"202400050823";"155692284";"B01";"0";"7";"0";"2";"3";"17";"1";""
"202400050824";"155692275";"A01";"0";"7";"0";"2";"2";"1";"1";""
"202400050824";"155692280";"B01";"0";"32";"0";"2";"1";"2";"1";""
"202400050825";"155692277";"A01";"2";"37";"0";"2";"5";"16";"1";"1"
"202400050825";"155692282";"B01";"2";"50";"0";"2";"8";"16";"3";""
"202400050826";"155692273";"B01";"1";"7";"0";"2";"8";"12";"1";""
"202400050826";"155692288";"A01";"1";"7";"0";"2";"7";"12";"1";""
"202400050827";"155692274";"A01";"2";"32";"0";"2";"1";"17";"1";""
"202400050827";"155692279";"B01";"2";"10";"0";"2";"3";"15";"1";""
"202400050828";"155692269";"Z01";"2";"32";"0";"1";"1";"1";"1";""
"202400050829";"155692266";"A01";"1";"7";"0";"2";"1";"1";"1";""
"202400050829";"155692271";"B01";"2";"33";"0";"2";"1";"13";"1";""
"202400050830";"155692268";"A01";"2";"7";"0";"1";"2";"15";"1";""
"202400050831";"155692267";"A01";"1";"10";"0";"1";"2";"16";"1";""
"202400050832";"155692265";"A01";"1";"7";"0";"1";"2";"1";"1";""
"202400050833";"155692263";"A01";"3";"7";"0";"0";"0";"0";"0";""
"202400050834";"155692260";"B01";"1";"7";"3";"0";"6";"23";"1";""
"202400050834";"155692270";"A01";"1";"7";"0";"2";"1";"19";"2";""
"202400050835";"155692261";"A01";"1";"7";"0";"0";"0";"1";"1";""
"202400050836";"155692254";"Y01";"1";"60";"1";"2";"1";"19";"5";""
"202400050836";"155692258";"A01";"1";"7";"1";"0";"4";"20";"1";""
"202400050837";"155692259";"A01";"3";"7";"0";"2";"2";"16";"2";""
"202400050837";"155692264";"B01";"3";"50";"0";"2";"7";"1";"3";""
"202400050838";"155692257";"A01";"2";"33";"0";"2";"7";"1";"1";""
"202400050838";"155692262";"B01";"1";"7";"0";"2";"0";"1";"1";""
"202400050839";"155692253";"A01";"1";"7";"0";"1";"2";"26";"1";""
"202400050840";"155692252";"A01";"2";"7";"12";"0";"3";"1";"1";""
"202400050841";"155692250";"A01";"1";"7";"0";"2";"2";"2";"1";""
"202400050841";"155692255";"B01";"1";"15";"0";"0";"6";"2";"1";""
"202400050842";"155692248";"A01";"3";"33";"12";"0";"3";"16";"1";""
"202400050843";"155692251";"A01";"2";"7";"0";"0";"7";"13";"1";""
"202400050843";"155692256";"B01";"1";"7";"0";"2";"1";"1";"1";""
"202400050844";"155692245";"A01";"2";"7";"0";"2";"7";"12";"1";""
"202400050844";"155692247";"B01";"2";"7";"0";"2";"6";"2";"1";""
"202400050844";"155692249";"C01";"2";"31";"0";"2";"1";"26";"1";""
"202400050845";"155692244";"A01";"3";"7";"0";"1";"1";"1";"1";""
"202400050846";"155692239";"A01";"2";"7";"2";"2";"2";"14";"1";""
"202400050847";"155692241";"B01";"1";"14";"0";"2";"3";"1";"1";""
"202400050847";"155692246";"A01";"1";"7";"0";"2";"5";"12";"1";""
"202400050848";"155692236";"A01";"2";"7";"0";"2";"2";"1";"1";""
"202400050848";"155692243";"B01";"2";"17";"0";"0";"6";"1";"1";""
"202400050849";"155692240";"A01";"1";"2";"6";"0";"6";"1";"1";""
"202400050850";"155692230";"A01";"1";"7";"0";"2";"2";"2";"0";""
"202400050850";"155692237";"B01";"2";"10";"0";"2";"3";"2";"1";""
"202400050851";"155692231";"A01";"1";"10";"0";"2";"3";"15";"1";""
"202400050851";"155692238";"B01";"1";"34";"0";"2";"2";"1";"1";""
"202400050852";"155692228";"A01";"2";"7";"0";"2";"3";"17";"1";""
"202400050852";"155692234";"B01";"2";"7";"0";"2";"6";"15";"1";""
"202400050853";"155692229";"A01";"1";"50";"0";"0";"0";"1";"3";""
"202400050854";"155692235";"A01";"1";"33";"0";"2";"1";"1";"1";""
"202400050854";"155692242";"Z01";"2";"7";"0";"2";"2";"15";"0";""
"202400050855";"155692226";"B01";"3";"32";"0";"2";"3";"1";"1";""
"202400050855";"155692233";"A01";"3";"7";"0";"2";"7";"16";"2";""
"202400050856";"155692224";"B01";"1";"34";"15";"2";"1";"1";"1";""
"202400050856";"155692232";"A01";"1";"7";"0";"2";"3";"0";"1";""
"202400050857";"155692223";"B01";"1";"7";"0";"2";"2";"1";"1";""
"202400050857";"155692227";"A01";"1";"30";"14";"0";"5";"1";"1";""
"202400050858";"155692222";"B01";"1";"7";"0";"2";"3";"1";"1";""
"202400050858";"155692225";"A01";"2";"33";"0";"2";"1";"5";"1";""
"202400050859";"155692218";"A01";"1";"7";"13";"0";"1";"17";"1";""
"202400050860";"155692217";"A01";"2";"7";"12";"0";"0";"12";"0";""
"202400050860";"155692220";"B01";"2";"80";"12";"2";"3";"1";"3";""
"202400050861";"155692214";"A01";"1";"7";"0";"9";"3";"16";"2";""
"202400050861";"155692219";"B01";"1";"1";"0";"2";"1";"2";"5";""
"202400050862";"155692209";"A01";"1";"30";"0";"2";"1";"5";"1";""
"202400050862";"155692216";"B01";"1";"7";"0";"2";"1";"1";"1";""
"202400050863";"155692210";"A01";"2";"7";"0";"2";"3";"9";"1";""
"202400050863";"155692221";"B01";"1";"1";"0";"2";"7";"2";"5";""
"202400050864";"155692205";"A01";"1";"50";"0";"1";"0";"7";"3";""
"202400050865";"155692204";"A01";"1";"33";"15";"0";"1";"2";"1";""
"202400050865";"155692208";"B01";"1";"33";"0";"0";"7";"2";"1";""
"202400050866";"155692211";"A01";"2";"7";"0";"0";"2";"1";"1";""
"202400050867";"155692202";"B01";"3";"10";"0";"2";"0";"15";"1";""
"202400050867";"155692206";"A01";"3";"43";"0";"2";"8";"17";"1";""
"202400050868";"155692203";"B01";"2";"7";"0";"9";"2";"1";"2";""
"202400050868";"155692215";"A01";"1";"50";"0";"2";"1";"19";"3";""
"202400050869";"155692199";"A01";"1";"10";"6";"0";"2";"26";"1";""
"202400050870";"155692198";"B01";"2";"2";"0";"2";"7";"1";"1";""
"202400050870";"155692201";"A01";"1";"7";"0";"2";"2";"9";"1";""
"202400050871";"155692190";"A01";"1";"1";"0";"2";"1";"19";"5";""
"202400050871";"155692194";"B01";"1";"33";"0";"2";"3";"7";"1";""
"202400050872";"155692191";"B01";"0";"1";"0";"2";"7";"1";"5";""
"202400050872";"155692200";"A01";"3";"7";"0";"9";"1";"1";"2";""
"202400050873";"155692186";"B01";"1";"2";"0";"2";"7";"15";"1";""
"202400050873";"155692196";"A01";"3";"10";"0";"2";"1";"9";"1";""
"202400050874";"155692188";"B01";"1";"37";"0";"2";"3";"1";"1";"10"
"202400050874";"155692207";"A01";"2";"7";"0";"2";"1";"1";"1";""
"202400050875";"155692189";"A01";"2";"17";"0";"0";"4";"23";"1";""
"202400050875";"155692195";"C01";"2";"7";"0";"2";"1";"1";"2";""
"202400050876";"155692185";"A01";"1";"10";"0";"2";"1";"9";"1";""
"202400050876";"155692193";"C01";"1";"7";"0";"2";"4";"1";"1";""
"202400050876";"155692197";"B01";"1";"7";"0";"2";"4";"1";"1";""
"202400050877";"155692183";"A01";"2";"1";"0";"2";"8";"16";"5";""
"202400050877";"155692187";"Z01";"2";"7";"0";"2";"1";"16";"0";""
"202400050878";"155692184";"B01";"2";"7";"0";"2";"3";"1";"1";""
"202400050878";"155692192";"A01";"1";"7";"0";"2";"3";"16";"1";""
"202400050879";"155692182";"A01";"2";"7";"2";"0";"8";"14";"1";""
"202400050880";"155692179";"A01";"3";"10";"0";"1";"0";"2";"0";""
"202400050881";"155692178";"A01";"3";"21";"6";"0";"1";"0";"1";""
"202400050882";"155692175";"A01";"1";"10";"2";"0";"2";"14";"1";""
"202400050883";"155692174";"A01";"3";"37";"0";"1";"1";"1";"1";"1"
"202400050884";"155692172";"B01";"1";"7";"0";"2";"5";"12";"2";""
"202400050884";"155692176";"C01";"1";"7";"0";"2";"5";"2";"1";""
"202400050884";"155692180";"A01";"1";"31";"0";"2";"2";"18";"1";""
"202400050885";"155692173";"A01";"2";"1";"0";"1";"7";"1";"5";""
"202400050886";"155692181";"A01";"2";"7";"4";"0";"1";"2";"1";""
"202400050887";"155692169";"A01";"1";"7";"13";"0";"2";"14";"1";""
"202400050888";"155692168";"A01";"2";"7";"0";"2";"1";"2";"0";""
"202400050888";"155692171";"B01";"2";"7";"0";"2";"4";"2";"1";""
"202400050889";"155692166";"A01";"1";"10";"13";"0";"1";"1";"0";""
"202400050890";"155692167";"A01";"1";"7";"0";"2";"3";"15";"1";""
"202400050890";"155692170";"B01";"1";"1";"0";"2";"7";"17";"5";""
"202400050891";"155692162";"A01";"2";"7";"0";"1";"1";"1";"1";""
"202400050892";"155692161";"B01";"2";"7";"0";"2";"2";"1";"2";""
"202400050892";"155692165";"A01";"1";"50";"0";"2";"2";"1";"3";""
"202400050893";"155692159";"A01";"2";"7";"13";"0";"1";"1";"2";""
"202400050894";"155692158";"A01";"2";"7";"6";"0";"1";"13";"1";""
"202400050895";"155692156";"B01";"1";"43";"0";"2";"1";"1";"1";""
"202400050895";"155692164";"A01";"1";"7";"0";"2";"6";"15";"1";""
"202400050896";"155692152";"A01";"3";"7";"0";"2";"1";"1";"1";""
"202400050896";"155692157";"B01";"3";"7";"0";"2";"6";"1";"1";""
"202400050897";"155692151";"A01";"0";"10";"0";"6";"0";"1";"1";""
"202400050898";"155692149";"A01";"2";"7";"0";"2";"3";"1";"2";""
"202400050898";"155692153";"B01";"0";"1";"0";"0";"3";"0";"5";""
"202400050899";"155692163";"A01";"2";"7";"0";"1";"1";"0";"1";""
"202400050900";"155692160";"B01";"1";"7";"0";"2";"4";"2";"1";""
"202400050900";"155692177";"A01";"1";"7";"0";"2";"1";"2";"1";""
"202400050901";"155692148";"A01";"3";"7";"0";"0";"2";"15";"1";""
"202400050901";"155692155";"B01";"3";"7";"0";"2";"1";"1";"1";""
"202400050902";"155692146";"B01";"1";"31";"0";"2";"1";"2";"1";""
"202400050902";"155692150";"A01";"1";"7";"0";"2";"5";"15";"1";""
"202400050903";"155692145";"A01";"2";"7";"0";"1";"3";"1";"1";""
"202400050904";"155692142";"B01";"2";"7";"0";"2";"4";"1";"1";""
"202400050904";"155692154";"A01";"2";"7";"0";"2";"1";"1";"1";""
"202400050905";"155692144";"A01";"3";"31";"0";"2";"8";"1";"3";""
"202400050905";"155692147";"Z01";"1";"7";"0";"2";"7";"16";"0";""
"202400050906";"155692139";"A01";"3";"7";"0";"2";"3";"15";"1";""
"202400050906";"155692143";"B01";"3";"31";"0";"2";"8";"1";"1";""