"Num_Acc";"id_vehicule";"num_veh";"senc";"catv";"obs";"obsm";"choc";"manv";"motor";"occutc"
"202400050907";"155692137";"A01";"3";"7";"15";"0";"2";"1";"1";""
"202400050908";"155692138";"A01";"2";"7";"0";"0";"7";"0";"1";""
"202400050909";"155692135";"A01";"3";"31";"0";"2";"2";"17";"1";""
"202400050909";"155692140";"B01";"3";"7";"0";"2";"8";"22";"1";""
"202400050910";"155692136";"A01";"3";"7";"0";"2";"1";"1";"1";""
"202400050910";"155692141";"B01";"3";"7";"0";"2";"1";"1";"1";""
"202400050911";"155692132";"A01";"1";"2";"0";"0";"0";"0";"3";""
"202400050912";"155692133";"A01";"1";"33";"0";"1";"1";"21";"1";""
"202400050913";"155692131";"A01";"1";"7";"0";"2";"2";"2";"1";""
"202400050913";"155692134";"B01";"1";"1";"0";"0";"6";"2";"5";""
"202400050914";"155692130";"A01";"3";"80";"0";"1";"1";"1";"3";""
"202400050915";"155692127";"B01";"2";"50";"0";"2";"1";"1";"3";""
"202400050915";"155692129";"A01";"1";"7";"0";"2";"2";"15";"1";""
"202400050916";"155692122";"A01";"2";"7";"13";"2";"8";"17";"1";""
"202400050916";"155692128";"B01";"1";"7";"0";"2";"8";"1";"2";""
"202400050917";"155692126";"A01";"2";"10";"14";"1";"3";"2";"1";""
"202400050918";"155692121";"A01";"1";"7";"0";"1";"1";"1";"1";""
"202400050919";"155692125";"A01";"1";"7";"4";"0";"2";"1";"1";""
"202400050920";"155692124";"Z01";"2";"7";"0";"1";"2";"1";"1";""
"202400050921";"155692117";"A01";"1";"7";"2";"0";"7";"1";"1";""
"202400050922";"155692118";"A01";"1";"7";"0";"2";"2";"21";"1";""
"202400050922";"155692120";"B01";"1";"30";"0";"2";"3";"18";"1";""
"202400050923";"155692116";"Z01";"1";"7";"0";"1";"2";"16";"1";""
"202400050924";"155692106";"A01";"1";"7";"0";"2";"4";"2";"1";""
"202400050924";"155692113";"B01";"2";"31";"0";"2";"1";"2";"1";""
"202400050925";"155692110";"A01";"2";"7";"4";"0";"3";"1";"1";""
"202400050926";"155692108";"A01";"1";"10";"1";"0";"1";"1";"0";""
"202400050926";"155692114";"B01";"1";"10";"15";"0";"4";"23";"0";""
"202400050927";"155692109";"A01";"2";"1";"0";"2";"8";"15";"5";""
"202400050927";"155692115";"B01";"2";"7";"0";"2";"7";"17";"1";""
"202400050928";"155692107";"B01";"3";"32";"0";"2";"2";"16";"1";""
"202400050928";"155692111";"A01";"3";"7";"0";"2";"3";"2";"1";""
"202400050929";"155692105";"A01";"2";"7";"0";"0";"1";"1";"1";""
"202400050929";"155692112";"B01";"1";"7";"0";"2";"4";"13";"1";""
"202400050930";"155692100";"B01";"3";"31";"0";"2";"1";"1";"1";""
"202400050930";"155692103";"A01";"3";"7";"0";"2";"1";"1";"1";""
"202400050931";"155692101";"A01";"2";"1";"0";"0";"0";"1";"5";""
"202400050932";"155692097";"A01";"1";"7";"0";"2";"8";"2";"1";""
"202400050933";"155692099";"A01";"1";"7";"0";"0";"2";"9";"1";""
"202400050933";"155692104";"B01";"1";"33";"0";"2";"3";"2";"1";""
"202400050934";"155692096";"B01";"1";"7";"0";"2";"2";"2";"1";""
"202400050934";"155692102";"A01";"1";"33";"0";"1";"1";"3";"1";""
"202400050935";"155692093";"B01";"3";"50";"0";"2";"0";"25";"3";""
"202400050935";"155692095";"A01";"3";"37";"0";"2";"1";"1";"1";"1"
"202400050936";"155692094";"A01";"1";"7";"0";"2";"7";"1";"0";""
"202400050936";"155692098";"B01";"1";"7";"0";"2";"1";"19";"1";""
"202400050937";"155692091";"A01";"0";"7";"0";"1";"3";"15";"2";""
"202400050938";"155692087";"A01";"1";"10";"6";"9";"1";"13";"1";""
"202400050939";"155692086";"A01";"2";"7";"0";"2";"1";"2";"1";""
"202400050939";"155692092";"B01";"2";"2";"0";"2";"4";"2";"1";""
"202400050940";"155692090";"A01";"2";"7";"0";"1";"8";"1";"2";""
"202400050941";"155692088";"A01";"2";"40";"0";"1";"3";"1";"3";""
"202400050942";"155692084";"A01";"1";"7";"3";"0";"1";"1";"1";""
"202400050943";"155692083";"A01";"2";"7";"0";"2";"1";"1";"1";""
"202400050943";"155692089";"B01";"2";"7";"0";"2";"1";"1";"1";""
"202400050944";"155692080";"A01";"3";"10";"0";"2";"1";"15";"1";""
"202400050944";"155692082";"B01";"3";"31";"0";"2";"4";"1";"1";""
"202400050945";"155692079";"A01";"2";"7";"2";"0";"1";"1";"1";""
"202400050946";"155692073";"A01";"1";"10";"0";"1";"1";"1";"1";""
"202400050947";"155692075";"B01";"1";"7";"0";"2";"1";"1";"1";""
"202400050947";"155692081";"A01";"1";"7";"0";"2";"1";"5";"1";""
"202400050948";"155692076";"A01";"3";"37";"0";"1";"1";"20";"1";"1"
"202400050949";"155692077";"A01";"2";"31";"0";"1";"1";"21";"1";""
"202400050950";"155692070";"B01";"1";"30";"0";"2";"1";"13";"1";""
"202400050950";"155692074";"A01";"2";"7";"0";"2";"2";"1";"1";""
"202400050951";"155692071";"A01";"1";"7";"0";"1";"3";"16";"3";""
"202400050952";"155692068";"B01";"1";"7";"0";"0";"4";"23";"1";""
"202400050952";"155692072";"A01";"1";"7";"0";"2";"1";"2";"1";""
"202400050953";"155692069";"B01";"3";"7";"0";"2";"3";"1";"1";""
"202400050953";"155692078";"A01";"3";"2";"0";"2";"1";"17";"1";""
"202400050954";"155692065";"A01";"1";"7";"0";"1";"1";"1";"1";""
"202400050955";"155692066";"B01";"2";"1";"1";"1";"1";"2";"5";""
"202400050956";"155692062";"B01";"0";"7";"0";"2";"4";"1";"1";""
"202400050956";"155692064";"A01";"0";"7";"0";"2";"1";"1";"1";""
"202400050957";"155692059";"B01";"2";"7";"0";"2";"2";"23";"1";""
"202400050957";"155692067";"A01";"1";"1";"0";"2";"1";"19";"5";""
"202400050958";"155692063";"A01";"1";"7";"4";"0";"2";"1";"1";""
"202400050959";"155692057";"A01";"2";"2";"6";"0";"3";"1";"1";""
"202400050959";"155692061";"B01";"2";"0";"0";"2";"5";"17";"0";""
"202400050960";"155692051";"A01";"2";"32";"0";"2";"2";"17";"1";""
"202400050960";"155692055";"B01";"2";"7";"0";"0";"3";"15";"1";""
"202400050961";"155692052";"B01";"1";"1";"0";"2";"3";"13";"5";""
"202400050961";"155692060";"A01";"1";"34";"0";"2";"7";"1";"1";""
"202400050962";"155692050";"B01";"3";"50";"0";"2";"1";"1";"3";""
"202400050962";"155692058";"A01";"2";"7";"0";"2";"7";"16";"1";""
"202400050963";"155692046";"B01";"2";"7";"0";"9";"3";"1";"1";""
"202400050963";"155692053";"A01";"2";"50";"0";"2";"7";"19";"3";""
"202400050964";"155692043";"A01";"1";"7";"0";"2";"3";"1";"1";""
"202400050964";"155692048";"B01";"2";"7";"0";"2";"3";"1";"1";""
"202400050964";"155692056";"C01";"2";"7";"0";"2";"2";"1";"1";""
"202400050965";"155692042";"B01";"2";"7";"0";"2";"7";"15";"3";""
"202400050965";"155692054";"C01";"0";"2";"0";"2";"1";"1";"1";""
"202400050966";"155692041";"A01";"3";"7";"0";"2";"7";"1";"1";""
"202400050966";"155692047";"B01";"3";"7";"0";"2";"3";"1";"1";""
"202400050967";"155692040";"A01";"0";"7";"0";"2";"8";"1";"1";""
"202400050967";"155692049";"B01";"0";"31";"0";"2";"1";"1";"1";""
"202400050968";"155692038";"A01";"2";"7";"0";"2";"4";"1";"1";""
"202400050968";"155692045";"B01";"2";"7";"0";"2";"1";"2";"1";""
"202400050969";"155692035";"B01";"1";"33";"0";"2";"7";"17";"1";""
"202400050969";"155692039";"A01";"1";"10";"0";"2";"3";"15";"1";""
"202400050970";"155692034";"B01";"1";"7";"0";"2";"2";"9";"1";""
"202400050970";"155692044";"A01";"1";"7";"0";"2";"2";"1";"2";""
"202400050971";"155692033";"B01";"2";"50";"0";"2";"3";"15";"3";""
"202400050971";"155692037";"A01";"2";"7";"0";"2";"3";"1";"1";""
"202400050972";"155692031";"A01";"1";"33";"0";"0";"0";"1";"1";""
"202400050973";"155692030";"A01";"1";"50";"0";"2";"3";"19";"3";""
"202400050973";"155692036";"B01";"2";"7";"0";"2";"1";"1";"2";""
"202400050974";"155692026";"A01";"0";"7";"0";"0";"0";"0";"1";""
"202400050975";"155692024";"A01";"1";"7";"0";"1";"1";"1";"1";""
"202400050976";"155692028";"B01";"1";"7";"0";"2";"1";"1";"0";""
"202400050976";"155692032";"A01";"2";"7";"0";"2";"1";"1";"2";""
"202400050977";"155692023";"A01";"3";"7";"0";"1";"0";"1";"1";""
"202400050978";"155692027";"A01";"1";"7";"0";"2";"2";"15";"1";""
"202400050978";"155692029";"B01";"2";"50";"0";"2";"1";"1";"3";""
"202400050979";"155692020";"A01";"1";"7";"0";"2";"3";"15";"1";""
"202400050979";"155692025";"B01";"1";"32";"0";"2";"1";"3";"1";""
"202400050980";"155692017";"B01";"2";"1";"0";"2";"2";"11";"5";""
"202400050980";"155692022";"A01";"1";"7";"0";"2";"2";"16";"2";""
"202400050981";"155692012";"B01";"1";"1";"0";"2";"0";"0";"5";""
"202400050981";"155692018";"A01";"1";"33";"0";"2";"8";"21";"1";""
"202400050982";"155692011";"A01";"0";"7";"0";"1";"2";"1";"1";""
"202400050983";"155692008";"A01";"2";"1";"0";"0";"4";"1";"5";""
"202400050983";"155692014";"B01";"2";"1";"0";"2";"1";"1";"5";""
"202400050984";"155692007";"A01";"1";"7";"0";"2";"1";"9";"1";""
"202400050984";"155692016";"B01";"2";"50";"0";"2";"7";"2";"3";""
"202400050985";"155692010";"A01";"2";"7";"0";"1";"1";"1";"1";""
"202400050986";"155692015";"B01";"2";"7";"0";"2";"4";"15";" -1";""
"202400050986";"155692021";"A01";"2";"7";"0";"2";"1";"1";" -1";""
"202400050987";"155692009";"B01";"1";"7";"0";"2";"2";"2";"1";""
"202400050987";"155692013";"A01";"1";"33";"0";"2";"6";"1";"1";""
"202400050988";"155692006";"A01";"3";"7";"0";"2";"0";"14";"1";""
"202400050988";"155692019";"B01";"3";"50";"0";"2";"0";"0";"3";""
"202400050989";"155692005";"A01";"3";"33";"0";"1";"7";"1";"1";""
"202400050990";"155692004";"A01";"1";"1";"12";"0";"2";"1";"5";""
"202400050991";"155692001";"A01";"1";"15";"2";"0";"2";"1";"1";""
"202400050992";"155692000";"A01";"1";"7";"0";"9";"9";"21";"1";""
"202400050993";"155691999";"A01";"1";"1";"0";"1";"1";"5";"5";""
"202400050994";"155691997";"A01";"2";"7";"0";"1";"2";"19";"1";""
"202400050995";"155691996";"A01";"2";"14";"0";"2";"2";"12";"1";""
"202400050995";"155692003";"B01";"2";"7";"0";"2";"8";"1";"2";""
"202400050996";"155691994";"A01";"1";"50";"0";"1";"1";"25";"3";""
"202400050997";"155691993";"A01";"2";"38";"0";"2";"5";"15";"1";"1"
"202400050997";"155692002";"B01";"2";"30";"0";"2";"1";"0";"1";""
"202400050998";"155691991";"A01";"3";"31";"0";"0";"7";"1";"1";""
"202400050999";"155691992";"B01";"3";"7";"0";"2";"2";"1";"1";""
"202400050999";"155691998";"A01";"1";"7";"0";"2";"7";"19";"1";""
"202400051000";"155691989";"A01";"2";"34";"0";"0";"0";"0";"3";""
"202400051001";"155691987";"A01";"3";"7";"4";"0";"9";"0";"1";""
"202400051002";"155691983";"B01";"1";"7";"0";"2";"1";"1";"1";""
"202400051002";"155691995";"A01";"1";"7";"0";"2";"3";"19";"1";""
"202400051003";"155691982";"A01";"2";"1";"14";"1";"1";"1";"5";""
"202400051004";"155691984";"B01";"2";"7";"0";"2";"3";"11";"2";""
"202400051004";"155691988";"A01";"2";"33";"0";"2";"1";"0";"1";""
"202400051005";"155691985";"A01";"2";"2";"12";"0";"0";"14";"3";""
"202400051006";"155691980";"A01";"1";"7";"5";"0";"1";"13";"1";""
"202400051007";"155691981";"B01";"2";"7";"0";"2";"5";"12";"2";""
"202400051007";"155691986";"A01";"2";"15";"0";"2";"3";"1";"1";""
"202400051007";"155691990";"C01";"2";"7";"0";"2";"4";"1";"1";""
"202400051008";"155691979";"A01";"2";"7";"6";"0";"1";"13";"1";""
"202400051009";"155691976";"A01";"3";"7";"1";"0";"2";"1";"1";""
"202400051010";"155691973";"A01";"2";"43";"0";"2";"7";"21";"1";""
"202400051011";"155691975";"A01";"1";"7";"0";"2";"3";"13";"1";""
"202400051011";"155691978";"B01";"1";"7";"0";"2";"3";"1";"1";""
"202400051012";"155691969";"A01";"2";"7";"7";"0";"1";"1";"1";""
"202400051013";"155691971";"A01";"3";"1";"0";"2";"1";"13";"5";""
"202400051013";"155691977";"B01";"0";"1";"0";"2";"1";"0";"5";""
"202400051014";"155691967";"A01";"1";"7";"0";"0";"1";"1";"1";""
"202400051015";"155691968";"A01";"2";"10";"0";"2";"1";"2";"1";""
"202400051015";"155691972";"B01";"2";"7";"0";"2";"4";"2";"1";""
"202400051016";"155691970";"A01";"1";"2";"0";"0";"8";"14";"3";""
"202400051017";"155691965";"B01";"1";"7";"0";"2";"1";"23";"2";""
"202400051017";"155691974";"A01";"1";"15";"0";"2";"4";"4";"1";""
"202400051018";"155691961";"B01";"3";"50";"0";"2";"7";"19";"3";""
"202400051018";"155691964";"A01";"3";"10";"0";"2";"1";"2";"1";""
"202400051019";"155691953";"C01";"1";"10";"0";"2";"6";"2";"1";""
"202400051019";"155691959";"A01";"1";"33";"0";"2";"1";"21";"1";""
"202400051019";"155691963";"B01";"1";"7";"0";"2";"5";"2";"1";""
"202400051020";"155691954";"A01";"1";"7";"2";"0";"9";"1";"0";""
"202400051021";"155691955";"C01";"1";"7";"0";"2";"8";"1";"1";""
"202400051021";"155691960";"A01";"2";"7";"0";"2";"8";"13";"1";""
"202400051021";"155691966";"B01";"1";"7";"0";"2";"8";"1";"1";""
"202400051022";"155691952";"A01";"1";"1";"0";"0";"1";"1";"5";""
"202400051023";"155691956";"A01";"2";"1";"0";"2";"3";"2";"5";""
"202400051023";"155691962";"B01";"2";"7";"0";"2";"3";"2";"1";""
"202400051024";"155691949";"A01";"1";"7";"0";"2";"4";"2";"1";""
"202400051024";"155691957";"B01";"1";"10";"0";"2";"1";"2";"1";""
"202400051025";"155691951";"A01";"1";"2";"0";"1";"1";"0";"0";""
"202400051026";"155691950";"B01";"1";"7";"6";"0";"7";"17";"1";""
"202400051026";"155691958";"A01";"1";"10";"0";"0";"8";"17";"1";""
"202400051027";"155691948";"A01";"1";"37";"0";"1";"7";"1";"1";"1"
"202400051028";"155691946";"A01";"1";"31";"0";"0";"3";"0";"1";""
"202400051029";"155691945";"A01";"2";"7";"0";"2";"1";"15";"2";""
"202400051029";"155691947";"B01";"1";"1";"0";"2";"1";"1";"5";""
"202400051030";"155691942";"A01";"2";"30";"0";"0";"0";"0";"1";""
"202400051031";"155691936";"A01";"1";"7";"0";"2";"3";"16";"1";""
"202400051031";"155691943";"B01";"2";"50";"0";"2";"1";"1";"3";""
"202400051032";"155691935";"A01";"1";"7";"6";"0";"4";"26";"1";""
"202400051033";"155691933";"B01";"1";"31";"0";"0";"0";"0";"1";""
"202400051033";"155691941";"A01";"1";"10";"0";"2";"3";"15";"1";""
"202400051034";"155691934";"Z01";"2";"7";"0";"2";"8";"17";"0";""
"202400051034";"155691940";"A01";"2";"37";"0";"2";"3";"15";"1";"3"
"202400051035";"155691931";"A01";"2";"7";"0";"2";"1";"1";"1";""
"202400051035";"155691938";"B01";"1";"7";"0";"2";"1";"1";"1";""
"202400051036";"155691927";"A01";"1";"7";"1";"0";"1";"14";"1";""
"202400051036";"155691930";"B01";"1";"99";"0";"0";"4";"24";"1";""
"202400051037";"155691926";"A01";"2";"7";"0";"1";"1";"1";"1";""
"202400051038";"155691928";"D01";"2";"7";"0";"2";"4";"2";"3";""
"202400051038";"155691932";"B01";"2";"7";"0";"2";"9";"2";"1";""
"202400051038";"155691937";"C01";"2";"7";"0";"2";"9";"1";"1";""
"202400051038";"155691944";"A01";"1";"10";"0";"2";"3";"2";"1";""
"202400051039";"155691922";"B01";"1";"50";"0";"0";"0";"26";"3";""
"202400051040";"155691923";"A01";"1";"15";"0";"2";"1";"2";"1";""
"202400051040";"155691929";"B01";"1";"7";"0";"2";"4";"2";"1";""
"202400051041";"155691919";"A01";"1";"10";"0";"2";"1";"16";"0";""
"202400051041";"155691925";"B01";"1";"33";"0";"2";"1";"1";"0";""
"202400051042";"155691918";"A01";"0";"50";"0";"1";"0";"25";"3";""
"202400051043";"155691916";"A01";"1";"7";"6";"0";"3";"2";"1";""
"202400051044";"155691917";"A01";"3";"7";"0";"2";"6";"16";"2";""
"202400051044";"155691921";"B01";"3";"1";"0";"2";"1";"1";"5";""
"202400051045";"155691913";"B01";"3";"38";"0";"2";"3";"1";"1";"1"
"202400051045";"155691920";"A01";"3";"33";"0";"2";"2";"1";"1";""
"202400051046";"155691910";"A01";"1";"33";"0";"2";"1";"1";"1";""
"202400051046";"155691915";"B01";"1";"10";"0";"2";"4";"1";"1";""
"202400051047";"155691906";"A01";"2";"7";"13";"0";"1";"1";"1";""
"202400051048";"155691903";"B01";"2";"7";"0";"2";"1";"0";"1";""
"202400051048";"155691914";"A01";"1";"7";"0";"2";"3";"9";"1";""
"202400051049";"155691905";"A01";"1";"33";"0";"0";"4";"1";"1";""
"202400051050";"155691901";"C01";"1";"1";"8";"1";"4";"25";"5";""
"202400051051";"155691900";"A01";"3";"7";"1";"2";"1";"13";"2";""
"202400051051";"155691907";"C01";"3";"7";"0";"2";"8";"1";"1";""
"202400051052";"155691898";"A01";"3";"30";"0";"2";"2";"12";"1";""
"202400051052";"155691902";"B01";"3";"33";"0";"2";"3";"1";"1";""
"202400051052";"155691911";"C01";"3";"7";"0";"2";"5";"2";"1";""
"202400051053";"155691908";"B01";"1";"1";"0";"2";"0";"1";"5";""
"202400051053";"155691912";"A01";"2";"7";"0";"2";"0";"15";"1";""
"202400051054";"155691899";"C01";"1";"7";"0";"2";"9";"23";"1";""
"202400051054";"155691904";"B01";"1";"7";"0";"2";"9";"23";"1";""
"202400051054";"155691909";"A01";"1";"7";"0";"2";"1";"1";"1";""
"202400051054";"155691924";"D01";"1";"7";"0";"2";"4";"23";"2";""
"202400051055";"155691894";"A01";"3";"7";"1";"0";"1";"1";"1";""
"202400051055";"155691897";"B01";"3";"7";"0";"2";"4";"0";"1";""
"202400051056";"155691892";"A01";"2";"10";"0";"2";"1";"2";"1";""
"202400051056";"155691896";"B01";"2";"7";"0";"2";"4";"2";"2";""
"202400051057";"155691889";"A01";"2";"33";"0";"2";"1";"20";"1";""
"202400051057";"155691893";"B01";"2";"50";"0";"2";"8";"2";"3";""
"202400051058";"155691888";"A01";"2";"10";"1";"0";"1";"2";"1";""
"202400051059";"155691887";"B01";"2";"7";"0";"2";"2";"1";"1";""
"202400051059";"155691895";"A01";"2";"1";"0";"2";"1";"19";"5";""
"202400051060";"155691886";"A01";"1";"31";"0";"2";"1";"3";"1";""
"202400051060";"155691891";"B01";"1";"7";"0";"2";"3";"9";"1";""
"202400051061";"155691885";"A01";"3";"7";"0";"2";"1";"15";"1";""
"202400051061";"155691890";"B01";"3";"50";"0";"2";"1";"5";"3";""
"202400051062";"155691883";"A01";"3";"7";"0";"1";"2";"1";"1";""
"202400051063";"155691880";"A01";"3";"7";"0";"0";"9";"2";"1";""
"202400051064";"155691878";"B01";"2";"33";"12";"2";"5";"17";"1";""
"202400051064";"155691884";"A01";"2";"7";"12";"2";"0";"0";"1";""
"202400051065";"155691875";"B01";"1";"7";"0";"2";"6";"1";"1";""
"202400051065";"155691881";"A01";"1";"7";"0";"2";"2";"26";"1";""
"202400051066";"155691876";"A01";"1";"34";"13";"2";"1";"3";"1";""
"202400051066";"155691882";"B01";"1";"7";"13";"2";"3";"15";"1";""
"202400051067";"155691879";"A01";"1";"7";"1";"0";"2";"0";"1";""
"202400051068";"155691870";"A01";"3";"7";"0";"2";"1";"15";"0";""
"202400051068";"155691877";"B01";"2";"2";"0";"2";"8";"1";"1";""
"202400051069";"155691871";"A01";"0";"7";"0";"1";"7";"1";"1";""
"202400051070";"155691872";"A01";"1";"33";"0";"2";"7";"12";"1";""
"202400051071";"155691869";"A01";"1";"7";"0";"1";"1";"1";"1";""
"202400051072";"155691868";"A01";"0";"7";"0";"0";"4";"16";"1";""
"202400051072";"155691873";"B01";"0";"1";"0";"0";"0";"0";"5";""
"202400051073";"155691863";"B01";"1";"31";"0";"2";"3";"3";"1";""
"202400051073";"155691866";"A01";"1";"10";"0";"2";"2";"12";"1";""
"202400051074";"155691859";"A01";"1";"7";"0";"1";"0";"1";"1";""
"202400051075";"155691861";"B01";"3";"50";"0";"2";"7";"19";"3";""
"202400051075";"155691867";"A01";"2";"7";"0";"2";"1";"1";"1";""
"202400051076";"155691862";"B01";"1";"1";"0";"2";"1";"5";"5";""
"202400051076";"155691865";"A01";"0";"7";"0";"9";"3";"15";"1";""
"202400051077";"155691854";"A01";"3";"7";"0";"1";"4";"4";"1";""
"202400051078";"155691852";"B01";"3";"10";"0";"2";"1";"1";"1";""
"202400051078";"155691858";"A01";"3";"7";"0";"2";"1";"5";"1";""
"202400051079";"155691853";"A01";"1";"2";"0";"0";"6";"1";"1";""
"202400051079";"155691860";"B01";"3";"10";"0";"2";"1";"1";"1";""
"202400051080";"155691848";"A01";"1";"7";"0";"2";"2";"12";"1";""
"202400051080";"155691851";"C01";"1";"10";"0";"2";"3";"1";"1";""
"202400051080";"155691857";"B01";"1";"7";"0";"2";"1";"21";"2";""
"202400051080";"155691864";"D01";"1";"7";"0";"2";"6";"1";"1";""
"202400051081";"155691845";"A01";"2";"7";"0";"2";"8";"11";"1";""
"202400051081";"155691849";"B01";"2";"7";"0";"2";"2";"1";"1";""
"202400051082";"155691847";"A01";"3";"7";"0";"2";"3";"9";"0";""
"202400051082";"155691856";"B01";"3";"43";"0";"2";"2";"1";"0";""
"202400051083";"155691846";"C01";"1";"15";"0";"2";"1";"1";"1";""
"202400051083";"155691850";"A01";"2";"7";"0";"2";"1";"13";"2";""
"202400051083";"155691855";"B01";"1";"10";"0";"2";"3";"1";"1";""
"202400051084";"155691839";"B01";"1";"2";"0";"2";"1";"1";"1";""
"202400051084";"155691843";"A01";"2";"7";"0";"2";"8";"19";"1";""
"202400051085";"155691837";"B01";"3";"7";"0";"2";"3";"15";"1";""
"202400051085";"155691842";"A01";"3";"34";"0";"2";"3";"1";"1";""
"202400051086";"155691836";"A01";"2";"7";"3";"0";"8";"2";"0";""
"202400051087";"155691841";"A01";"3";"7";"0";"1";"3";"1";"1";""
"202400051088";"155691834";"A01";"3";"7";"0";"2";"1";"1";"1";""
"202400051088";"155691840";"B01";"3";"7";"0";"2";"2";"1";"1";""
"202400051089";"155691829";"B01";"1";"7";"0";"2";"8";"11";"1";""
"202400051089";"155691833";"A01";"1";"33";"0";"2";"7";"3";"1";""
"202400051090";"155691830";"A01";"1";"10";"0";"1";"1";"1";"0";""
"202400051091";"155691824";"A01";"1";"30";"0";"0";"8";"1";"1";""
"202400051092";"155691827";"B01";"2";"7";"0";"2";"8";"1";"1";""
"202400051092";"155691832";"A01";"1";"7";"0";"2";"4";"15";"1";""
"202400051092";"155691838";"D01";"1";"37";"0";"2";"1";"1";"1";"2"
"202400051092";"155691844";"C01";"1";"7";"0";"2";"2";"1";"1";""
"202400051093";"155691826";"A01";"3";"3";"0";"2";"3";"1";"1";""
"202400051093";"155691831";"B01";"3";"7";"0";"2";"3";"6";"0";""
"202400051094";"155691825";"A01";"1";"7";"2";"0";"8";"1";"1";""
"202400051095";"155691828";"A01";"1";"30";"0";"0";"0";"17";"1";""
"202400051095";"155691835";"B01";"1";"7";"0";"0";"0";"2";"1";""
"202400051096";"155691822";"A01";"3";"7";"0";"1";"3";"10";"1";""
"202400051097";"155691817";"B01";"1";"60";"0";"2";"1";"26";"5";""
"202400051097";"155691821";"A01";"2";"7";"0";"2";"2";"16";"1";""
"202400051098";"155691815";"A01";"3";"33";"1";"0";"1";"26";"1";""
"202400051099";"155691811";"A01";"1";"7";"0";"1";"1";"1";"1";""
"202400051100";"155691812";"B01";"2";"7";"0";"2";"4";"11";"1";""
"202400051100";"155691819";"A01";"2";"33";"0";"2";"1";"3";"1";""
"202400051101";"155691816";"A01";"1";"7";"0";"1";"1";"1";"1";""
"202400051102";"155691818";"B01";"1";"7";"0";"2";"2";"1";"1";""
"202400051102";"155691823";"A01";"1";"1";"0";"2";"1";"19";"5";""
"202400051103";"155691810";"A01";"1";"7";"0";"2";"2";"1";"1";""
"202400051103";"155691820";"B01";"2";"33";"0";"2";"3";"1";"1";""
"202400051104";"155691809";"A01";"1";"14";"0";"2";"3";"1";"1";""
"202400051104";"155691814";"B01";"2";"7";"0";"2";"1";"1";"1";""
"202400051105";"155691808";"B01";"1";"7";"0";"2";"1";"1";"2";""
"202400051105";"155691813";"A01";"1";"7";"7";"0";"7";"1";"1";""
"202400051106";"155691807";"A01";"1";"7";"8";"0";"1";"14";"1";""
"202400051107";"155691804";"A01";"1";"7";"17";"0";"2";"1";"1";""
"202400051108";"155691806";"A01";"3";"7";"0";"1";"0";"23";" -1";""
"202400051109";"155691799";"A01";"3";"50";"0";"2";"7";"5";"3";""
"202400051109";"155691803";"B01";"3";"37";"0";"9";"6";"1";"1";"1"
"202400051110";"155691798";"A01";"3";"32";"0";"0";"0";"1";"1";""
"202400051111";"155691800";"B01";"2";"7";"0";"2";"7";"2";"3";""
"202400051111";"155691805";"A01";"2";"32";"0";"2";"9";"13";"1";""
"202400051112";"155691794";"Z01";"2";"34";"0";"2";"1";"13";"1";""
"202400051112";"155691801";"A01";"1";"50";"0";"2";"1";"1";"3";""
"202400051113";"155691791";"A01";"1";"7";"0";"2";"6";"15";"1";""
"202400051113";"155691796";"B01";"1";"33";"0";"2";"1";"2";"1";""
"202400051114";"155691790";"B01";"1";"7";"14";"2";"9";"23";"1";""
"202400051114";"155691795";"C01";"1";"7";"14";"2";"4";"26";"1";""
"202400051114";"155691802";"A01";"1";"14";"0";"2";"7";"19";"0";""
"202400051115";"155691788";"A01";"2";"7";"0";"0";"3";"9";"1";""
"202400051115";"155691797";"B01";"1";"30";"0";"2";"3";"1";"3";""
"202400051116";"155691789";"A01";"2";"80";"0";"2";"3";"0";"3";""
"202400051116";"155691793";"B01";"1";"7";"0";"9";"3";"1";"1";""
"202400051117";"155691787";"B01";"0";"0";"0";"2";"4";"0";" -1";""
"202400051117";"155691792";"A01";"3";"7";"0";"2";"1";"16";"0";""
"202400051118";"155691785";"A01";"2";"7";"6";"0";"1";"1";"1";""
"202400051119";"155691782";"A01";"3";"7";"0";"1";"2";"15";"1";""
"202400051120";"155691784";"A01";"1";"1";"12";"0";"1";"1";"5";""
"202400051121";"155691780";"B01";"3";"30";"0";"2";"7";"1";"1";""
"202400051121";"155691786";"A01";"3";"7";"0";"2";"1";"1";"2";""
"202400051122";"155691779";"A01";"1";"2";"6";"0";"8";"21";"1";""
"202400051123";"155691778";"A01";"2";"7";"6";"0";"1";"14";"1";""
"202400051124";"155691776";"A01";"1";"10";"0";"2";"3";"9";"1";""
"202400051124";"155691783";"B01";"2";"80";"0";"2";"7";"1";"3";""
"202400051125";"155691777";"A01";"1";"7";"2";"0";"7";"0";"1";""
"202400051126";"155691774";"B01";"2";"10";"0";"2";"1";"1";"1";""
"202400051126";"155691781";"A01";"1";"7";"0";"2";"1";"13";"1";""
"202400051127";"155691770";"A01";"2";"10";"0";"2";"1";"13";"1";""
"202400051127";"155691773";"B01";"1";"10";"0";"2";"1";"1";"1";""
"202400051128";"155691772";"B01";"3";"1";"0";"2";"0";"0";"5";""
"202400051128";"155691775";"A01";"3";"7";"0";"2";"0";"0";"2";""
"202400051129";"155691769";"A01";"2";"31";"0";"1";"3";"1";"3";""