"Num_Acc";"id_vehicule";"num_veh";"senc";"catv";"obs";"obsm";"choc";"manv";"motor";"occutc"
"202400051130";"155691768";"A01";"1";"7";"0";"2";"1";"1";"1";""
"202400051130";"155691771";"B01";"1";"1";"0";"2";"0";"19";"5";""
"202400051131";"155691766";"A01";"1";"7";"3";"0";"8";"1";"1";""
"202400051132";"155691765";"A01";"1";"10";"0";"1";"1";"1";"1";""
"202400051133";"155691764";"A01";"2";"7";"0";"2";"1";"2";"1";""
"202400051133";"155691767";"B01";"2";"7";"0";"2";"4";"2";"1";""
"202400051134";"155691762";"A01";"1";"7";"4";"0";"3";"0";"1";""
"202400051135";"155691761";"A01";"3";"7";"12";"0";"7";"9";"0";""
"202400051136";"155691759";"A01";"1";"7";"0";"9";"5";"11";"1";""
"202400051136";"155691763";"B01";"1";"2";"0";"2";"7";"1";"1";""
"202400051137";"155691758";"A01";"1";"33";"6";"0";"7";"1";"1";""
"202400051138";"155691755";"B01";"3";"60";"0";"2";"3";"19";"5";""
"202400051138";"155691760";"A01";"1";"7";"1";"2";"3";"26";"1";""
"202400051139";"155691754";"A01";"1";"7";"0";"1";"1";"1";"1";""
"202400051140";"155691752";"A01";"3";"33";"0";"0";"8";"15";"1";""
"202400051141";"155691750";"B01";"1";"1";"0";"2";"1";"1";"5";""
"202400051141";"155691753";"A01";"1";"7";"0";"9";"5";"16";"1";""
"202400051142";"155691748";"A01";"0";"80";"0";"0";"3";"1";"3";""
"202400051143";"155691749";"B01";"2";"10";"0";"2";"4";"1";"1";""
"202400051143";"155691756";"A01";"2";"7";"0";"2";"1";"1";"1";""
"202400051144";"155691744";"A01";"2";"10";"0";"1";"2";"1";"0";""
"202400051145";"155691743";"A01";"1";"7";"13";"0";"6";"5";"1";""
"202400051146";"155691742";"A01";"3";"7";"1";"0";"1";"1";"1";""
"202400051146";"155691745";"B01";"3";"7";"0";"2";"4";"23";"1";""
"202400051147";"155691741";"A01";"1";"7";"0";"2";"1";"13";"1";""
"202400051147";"155691751";"B01";"2";"7";"0";"2";"1";"1";"1";""
"202400051147";"155691757";"C01";"2";"7";"0";"2";"1";"1";"1";""
"202400051148";"155691738";"A01";"1";"7";"2";"0";"3";"1";"1";""
"202400051149";"155691737";"A01";"1";"2";"0";"2";"0";"0";"0";""
"202400051149";"155691747";"B01";"1";"7";"0";"2";"3";"1";"1";""
"202400051150";"155691740";"B01";"1";"30";"0";"0";"4";"2";"0";""
"202400051150";"155691746";"A01";"1";"7";"0";"2";"2";"2";"1";""
"202400051151";"155691735";"A01";"3";"33";"0";"0";"7";"9";"1";""
"202400051152";"155691734";"B01";"1";"80";"0";"2";"0";"16";"3";""
"202400051152";"155691739";"A01";"1";"10";"0";"2";"1";"1";"1";""
"202400051153";"155691733";"A01";"2";"33";"0";"2";"1";"17";"1";""
"202400051153";"155691736";"B01";"2";"10";"0";"2";"0";"0";"1";""
"202400051154";"155691732";"A01";"0";"7";"0";"1";"3";"1";"0";""
"202400051155";"155691729";"A01";"2";"13";"1";"2";"2";"14";"1";""
"202400051156";"155691728";"A01";"0";"7";"0";"1";"3";"1";"1";""
"202400051157";"155691726";"A01";"0";"7";"1";"1";"1";"15";"1";""
"202400051158";"155691725";"A01";"0";"7";"1";"2";"3";"22";"0";""
"202400051158";"155691730";"B01";"0";"1";"1";"2";"1";"13";"5";""
"202400051159";"155691723";"A01";"2";"2";"0";"2";"1";"26";"3";""
"202400051159";"155691731";"B01";"1";"7";"0";"0";"6";"19";"2";""
"202400051160";"155691721";"A01";"2";"14";"0";"2";"1";"5";"4";""
"202400051160";"155691724";"B01";"1";"7";"0";"2";"6";"1";"1";""
"202400051161";"155691719";"A01";"2";"7";"0";"2";"3";"13";"1";""
"202400051161";"155691722";"B01";"1";"7";"0";"2";"3";"1";"1";""
"202400051161";"155691727";"C01";"2";"15";"13";"1";"3";"14";"1";""
"202400051162";"155691717";"A01";"2";"31";"0";"1";"1";"3";"1";""
"202400051163";"155691715";"Z01";"0";"7";"0";"1";"1";"1";"0";""
"202400051164";"155691712";"A01";"1";"2";"1";"0";"1";"1";"1";""
"202400051164";"155691720";"B01";"1";"7";"0";"2";"6";"0";"1";""
"202400051165";"155691710";"A01";"1";"3";"0";"1";"1";"1";"1";""
"202400051166";"155691709";"A01";"3";"33";"0";"2";"7";"17";"1";""
"202400051166";"155691713";"B01";"3";"10";"0";"2";"8";"1";"1";""
"202400051167";"155691711";"A01";"2";"7";"0";"2";"4";"1";"1";""
"202400051167";"155691716";"B01";"2";"10";"0";"2";"1";"1";"1";""
"202400051168";"155691706";"B01";"1";"7";"0";"2";"7";"19";"3";""
"202400051168";"155691718";"A01";"1";"7";"0";"2";"1";"1";"1";""
"202400051169";"155691707";"A01";"3";"33";"0";"9";"1";"1";"1";""
"202400051170";"155691708";"B01";"0";"7";"0";"0";"4";"23";"1";""
"202400051170";"155691714";"A01";"0";"10";"0";"0";"2";"1";"1";""
"202400051171";"155691703";"A01";"2";"33";"0";"0";"1";"1";"1";""
"202400051172";"155691702";"A01";"2";"7";"0";"2";"2";"15";"1";""
"202400051172";"155691705";"B01";"1";"32";"0";"2";"1";"1";"1";""
"202400051173";"155691697";"A01";"1";"7";"4";"0";"3";"16";"1";""
"202400051174";"155691694";"A01";"1";"50";"1";"1";"1";"1";"3";""
"202400051175";"155691696";"A01";"3";"7";"0";"2";"3";"26";"1";""
"202400051175";"155691700";"B01";"3";"10";"0";"2";"5";"1";"1";""
"202400051176";"155691695";"A01";"1";"7";"0";"2";"2";"1";"1";""
"202400051176";"155691704";"B01";"1";"17";"0";"0";"6";"1";"1";""
"202400051177";"155691692";"A01";"2";"43";"0";"2";"1";"2";"1";""
"202400051177";"155691699";"B01";"2";"10";"0";"2";"5";"2";"1";""
"202400051178";"155691693";"A01";"3";"7";"0";"0";"7";"4";"1";""
"202400051178";"155691698";"B01";"3";"1";"0";"2";"7";"1";"5";""
"202400051179";"155691690";"B01";"1";"7";"0";"2";"8";"1";"1";""
"202400051179";"155691701";"A01";"1";"7";"0";"2";"1";"1";"1";""
"202400051180";"155691689";"A01";"2";"7";"0";"2";"1";"1";"1";""
"202400051180";"155691691";"B01";"2";"7";"6";"2";"7";"1";"1";""
"202400051181";"155691687";"A01";"2";"7";"6";"0";"1";"14";"1";""
"202400051182";"155691684";"A01";"1";"7";"4";"0";"9";"2";"1";""
"202400051183";"155691682";"A01";"2";"33";"0";"0";"0";"9";"1";""
"202400051184";"155691679";"A01";"0";"7";"6";"0";"2";"0";"1";""
"202400051185";"155691680";"B01";"1";"60";"0";"2";"1";"2";"5";""
"202400051185";"155691685";"A01";"3";"10";"0";"9";"8";"2";"1";""
"202400051186";"155691677";"A01";"1";"7";"0";"0";"0";"2";"1";""
"202400051186";"155691681";"B01";"1";"1";"0";"0";"0";"2";"5";""
"202400051187";"155691675";"A01";"2";"10";"0";"2";"1";"26";"1";""
"202400051187";"155691688";"B01";"1";"7";"0";"2";"3";"15";"1";""
"202400051188";"155691673";"A01";"1";"80";"1";"0";"1";"14";"3";""
"202400051189";"155691672";"A01";"2";"7";"0";"2";"3";"1";"1";""
"202400051189";"155691676";"B01";"1";"14";"0";"2";"1";"9";"1";""
"202400051190";"155691674";"A01";"2";"7";"0";"2";"4";"26";"1";""
"202400051190";"155691678";"B01";"1";"7";"0";"2";"1";"1";"1";""
"202400051191";"155691670";"A01";"1";"7";"6";"0";"7";"1";"1";""
"202400051192";"155691664";"A01";"2";"7";"1";"0";"1";"13";"1";""
"202400051193";"155691666";"A01";"1";"7";"0";"2";"5";"12";"1";""
"202400051193";"155691671";"B01";"1";"33";"0";"2";"1";"3";"1";""
"202400051194";"155691665";"B01";"1";"7";"0";"2";"3";"15";"1";""
"202400051194";"155691669";"A01";"1";"2";"0";"2";"2";"17";"3";""
"202400051195";"155691663";"A01";"0";"32";"0";"2";"2";"0";"1";""
"202400051195";"155691668";"B01";"3";"1";"0";"2";"2";"15";"5";""
"202400051196";"155691660";"A01";"3";"1";"0";"0";"2";"1";"5";""
"202400051196";"155691667";"B01";"3";"7";"0";"0";"3";"15";"1";""
"202400051197";"155691662";"B01";"1";"7";"1";"0";"3";"0";"0";""
"202400051198";"155691658";"A01";"0";"33";"14";"0";"8";"0";"0";""
"202400051199";"155691659";"A01";"1";"34";"15";"9";"3";"16";"1";""
"202400051200";"155691656";"A01";"2";"7";"0";"2";"3";"10";"1";""
"202400051200";"155691661";"B01";"2";"33";"0";"2";"7";"3";"1";""
"202400051201";"155691654";"A01";"1";"33";"4";"0";"8";"0";"1";""
"202400051202";"155691650";"A01";"2";"33";"0";"2";"2";"3";"1";""
"202400051202";"155691655";"B01";"2";"7";"4";"2";"6";"12";"2";""
"202400051203";"155691648";"A01";"1";"10";"0";"1";"3";"1";"1";""
"202400051204";"155691647";"A01";"1";"7";"2";"0";"8";"1";"1";""
"202400051205";"155691651";"B01";"1";"7";"0";"2";"0";"1";"1";""
"202400051205";"155691657";"Z01";"1";"7";"0";"2";"0";"11";"0";""
"202400051206";"155691643";"A01";"1";"7";"0";"2";"6";"22";"2";""
"202400051206";"155691652";"B01";"2";"1";"1";"0";"7";"17";"5";""
"202400051207";"155691644";"A01";"1";"7";"0";"2";"1";"13";"1";""
"202400051207";"155691653";"B01";"2";"7";"0";"2";"8";"1";"3";""
"202400051208";"155691641";"A01";"2";"7";"3";"0";"1";"5";"1";""
"202400051208";"155691645";"B01";"1";"7";"0";"0";"1";"1";"1";""
"202400051209";"155691639";"A01";"0";"7";"0";"1";"4";"20";"1";""
"202400051210";"155691638";"A01";"1";"2";"0";"9";"1";"1";"1";""
"202400051211";"155691640";"A01";"0";"10";"13";"0";"2";"1";"1";""
"202400051212";"155691637";"A01";"1";"7";"0";"1";"3";"1";"1";""
"202400051213";"155691634";"A01";"1";"7";"0";"2";"1";"1";"1";""
"202400051213";"155691642";"B01";"1";"7";"0";"2";"1";"2";"1";""
"202400051213";"155691646";"C01";"1";"7";"0";"2";"1";"2";"1";""
"202400051214";"155691626";"C01";"2";"14";"0";"2";"4";"2";"1";""
"202400051214";"155691631";"A01";"2";"7";"0";"2";"1";"2";"1";""
"202400051214";"155691636";"B01";"2";"7";"0";"2";"4";"2";"1";""
"202400051215";"155691628";"A01";"1";"7";"0";"1";"3";"1";"1";""
"202400051216";"155691630";"B01";"2";"10";"0";"0";"0";"0";"1";""
"202400051216";"155691633";"A01";"1";"7";"0";"2";"2";"24";"1";""
"202400051217";"155691624";"A01";"1";"7";"0";"0";"0";"0";"1";""
"202400051218";"155691627";"A01";"1";"43";"0";"0";"7";"24";"1";""
"202400051219";"155691625";"A01";"2";"7";"0";"2";"1";"15";"1";""
"202400051219";"155691632";"B01";"1";"50";"0";"2";"8";"1";"3";""
"202400051220";"155691622";"A01";"1";"7";"0";"1";"3";"1";"1";""
"202400051221";"155691623";"B01";"1";"7";"0";"2";"3";"1";"1";""
"202400051221";"155691635";"A01";"1";"7";"0";"2";"2";"1";"1";""
"202400051222";"155691621";"A01";"1";"7";"0";"2";"1";"1";"1";""
"202400051222";"155691629";"B01";"1";"7";"0";"2";"4";"1";"1";""
"202400051223";"155691614";"A01";"1";"33";"2";"0";"7";"26";"1";""
"202400051224";"155691613";"A01";"2";"7";"0";"2";"4";"23";"1";""
"202400051224";"155691620";"B01";"2";"7";"0";"2";"1";"2";"1";""
"202400051225";"155691607";"A01";"1";"2";"0";"2";"1";"13";"1";""
"202400051225";"155691617";"B01";"1";"7";"0";"2";"3";"0";"1";""
"202400051226";"155691608";"A01";"2";"7";"0";"2";"3";"0";"1";""
"202400051226";"155691615";"B01";"1";"10";"0";"2";"3";"0";"1";""
"202400051227";"155691609";"A01";"3";"7";"0";"2";"1";"15";"1";""
"202400051227";"155691616";"B01";"3";"7";"0";"2";"8";"1";"1";""
"202400051228";"155691611";"A01";"3";"30";"2";"0";"1";"1";"1";""
"202400051229";"155691606";"B01";"2";"7";"0";"0";"3";"0";"1";""
"202400051229";"155691619";"A01";"1";"7";"0";"0";"3";"13";"1";""
"202400051230";"155691604";"A01";"2";"7";"0";"2";"4";"4";"1";""
"202400051230";"155691610";"B01";"2";"7";"0";"2";"8";"1";"3";""
"202400051231";"155691603";"A01";"2";"33";"0";"2";"1";"2";"1";""
"202400051231";"155691605";"B01";"2";"7";"0";"2";"6";"14";"1";""
"202400051231";"155691612";"C01";"2";"7";"0";"2";"5";"2";"1";""
"202400051232";"155691602";"A01";"0";"7";"0";"1";"3";"0";"1";""
"202400051233";"155691599";"A01";"1";"2";"11";"0";"1";"1";"1";""
"202400051234";"155691598";"A01";"2";"7";"0";"2";"1";"2";"1";""
"202400051234";"155691601";"B01";"2";"7";"0";"2";"4";"2";"1";""
"202400051235";"155691597";"A01";"1";"7";"0";"2";"7";"15";"1";""
"202400051235";"155691600";"B01";"2";"33";"0";"2";"1";"1";"1";""
"202400051236";"155691595";"A01";"1";"33";"0";"0";"0";"1";"1";""
"202400051237";"155691594";"A01";"2";"7";"1";"0";"1";"1";"1";""
"202400051238";"155691590";"B01";"2";"7";"0";"2";"1";"0";"1";""
"202400051238";"155691593";"A01";"1";"7";"0";"2";"2";"0";"1";""
"202400051239";"155691588";"B01";"0";"7";"0";"1";"7";"1";"1";""
"202400051240";"155691587";"A01";"2";"7";"0";"2";"2";"9";"1";""
"202400051240";"155691592";"B01";"2";"2";"0";"2";"1";"1";"1";""
"202400051241";"155691585";"B01";"1";"1";"0";"2";"1";"2";"5";""
"202400051241";"155691591";"A01";"1";"3";"0";"9";"2";"26";"1";""
"202400051241";"155691596";"C01";"1";"1";"0";"2";"1";"2";"5";""
"202400051242";"155691584";"A01";"2";"7";"1";"0";"2";"14";"1";""
"202400051243";"155691580";"A01";"2";"7";"0";"2";"8";"19";"1";""
"202400051243";"155691586";"B01";"2";"7";"0";"2";"1";"1";"1";""
"202400051244";"155691577";"B01";"1";"33";"0";"2";"7";"3";"1";""
"202400051244";"155691581";"A01";"1";"7";"0";"2";"8";"11";"1";""
"202400051245";"155691574";"A01";"2";"7";"0";"2";"1";"1";"1";""
"202400051245";"155691582";"B01";"2";"7";"0";"2";"4";"1";"1";""
"202400051246";"155691568";"A01";"2";"10";"0";"2";"8";"10";"1";""
"202400051246";"155691575";"C01";"1";"33";"0";"2";"1";"1";"1";""
"202400051246";"155691579";"B01";"1";"33";"0";"2";"1";"1";"1";""
"202400051247";"155691569";"B01";"2";"7";"0";"2";"3";"1";"1";""
"202400051247";"155691576";"A01";"1";"33";"0";"2";"3";"13";"1";""
"202400051248";"155691566";"A01";"3";"30";"6";"2";"1";"1";"1";""
"202400051248";"155691572";"B01";"3";"7";"6";"2";"4";"1";"1";""
"202400051249";"155691567";"A01";"1";"30";"0";"0";"4";"1";"1";""
"202400051250";"155691565";"A01";"3";"7";"0";"1";"1";"9";"1";""
"202400051251";"155691564";"A01";"1";"7";"0";"2";"1";"9";"1";""
"202400051251";"155691571";"B01";"1";"33";"0";"0";"4";"1";"1";""
"202400051252";"155691563";"B01";"2";"2";"0";"2";"1";"17";"1";""
"202400051252";"155691570";"A01";"2";"7";"0";"0";"8";"20";"1";""
"202400051253";"155691559";"B01";"2";"10";"0";"2";"4";"2";"1";""
"202400051253";"155691562";"A01";"2";"7";"0";"2";"1";"2";"1";""
"202400051254";"155691558";"A01";"1";"7";"6";"0";"3";"0";"1";""
"202400051255";"155691554";"B01";"3";"3";"0";"2";"1";"1";"3";""
"202400051255";"155691561";"A01";"3";"7";"0";"2";"3";"1";"1";""
"202400051256";"155691553";"B01";"2";"1";"0";"2";"1";"2";"5";""
"202400051256";"155691560";"A01";"2";"7";"0";"2";"3";"9";"1";""
"202400051257";"155691549";"A01";"0";"7";"1";"0";"1";"25";"1";""
"202400051258";"155691551";"A01";"3";"13";"0";"1";"1";"1";"1";""
"202400051259";"155691547";"A01";"3";"7";"15";"0";"3";"14";"1";""
"202400051260";"155691550";"B01";"1";"7";"0";"2";"3";"1";"1";""
"202400051260";"155691555";"A01";"1";"7";"0";"2";"1";"19";"1";""
"202400051261";"155691548";"A01";"1";"7";"0";"2";"4";"23";"1";""
"202400051261";"155691556";"B01";"1";"32";"0";"2";"1";"2";"1";""
"202400051262";"155691552";"A01";"1";"7";"0";"1";"1";"1";"1";""
"202400051263";"155691545";"A01";"1";"33";"0";"0";"7";"1";"1";""
"202400051264";"155691541";"B01";"1";"7";"0";"2";"3";"0";"1";""
"202400051264";"155691546";"A01";"1";"33";"0";"2";"1";"9";"1";""
"202400051265";"155691539";"A01";"2";"7";"0";"1";"3";"1";"0";""
"202400051266";"155691536";"A01";"3";"7";"0";"0";"8";"15";"1";""
"202400051266";"155691543";"B01";"3";"7";"0";"2";"2";"21";"1";""
"202400051267";"155691538";"B01";"1";"14";"0";"2";"6";"24";"1";""
"202400051267";"155691542";"A01";"1";"7";"0";"2";"1";"9";"1";""
"202400051268";"155691531";"A01";"1";"32";"0";"2";"1";"2";"1";""
"202400051268";"155691535";"B01";"1";"7";"0";"2";"5";"4";"1";""
"202400051269";"155691526";"A01";"1";"7";"2";"0";"1";"0";"1";""
"202400051270";"155691530";"A01";"1";"7";"0";"1";"1";"1";"1";""
"202400051271";"155691529";"A01";"1";"10";"0";"2";"3";"0";"1";""
"202400051271";"155691537";"B01";"1";"32";"0";"2";"7";"0";"1";""
"202400051272";"155691528";"C01";"2";"7";"0";"2";"4";"2";"1";""
"202400051272";"155691532";"B01";"2";"7";"0";"2";"4";"2";"1";""
"202400051272";"155691540";"A01";"2";"10";"0";"2";"1";"2";"1";""
"202400051273";"155691522";"A01";"3";"50";"0";"2";"2";"15";"3";""
"202400051273";"155691524";"B01";"3";"7";"0";"2";"2";"2";"1";""
"202400051274";"155691525";"A01";"1";"7";"0";"2";"1";"1";"1";""
"202400051274";"155691534";"B01";"2";"10";"0";"2";"3";"13";"0";""
"202400051275";"155691520";"B01";"2";"7";"0";"2";"3";"1";"1";""
"202400051275";"155691527";"A01";"1";"7";"0";"2";"3";"5";"1";""
"202400051275";"155691533";"C01";"2";"33";"0";"2";"3";"1";"1";""
"202400051276";"155691521";"A01";"3";"7";"6";"0";"1";"14";"1";""
"202400051277";"155691518";"A01";"3";"7";"0";"1";"0";"1";"0";""
"202400051278";"155691515";"A01";"1";"7";"0";"0";"3";"1";"1";""
"202400051279";"155691517";"A01";"3";"7";"0";"2";"1";"13";"1";""
"202400051279";"155691523";"B01";"3";"7";"0";"2";"1";"0";"1";""
"202400051280";"155691513";"B01";"1";"2";"0";"2";"0";"0";"1";""
"202400051280";"155691516";"A01";"1";"7";"0";"2";"1";"2";"1";""
"202400051281";"155691511";"A01";"1";"7";"0";"2";"8";"1";"1";""
"202400051281";"155691519";"B01";"1";"10";"0";"2";"1";"1";"1";""
"202400051282";"155691509";"A01";"3";"7";"0";"2";"1";"1";"1";""
"202400051282";"155691512";"B01";"3";"50";"0";"2";"1";"0";"3";""
"202400051283";"155691507";"A01";"1";"7";"2";"0";"1";"2";"1";""
"202400051284";"155691505";"Z01";"3";"7";"0";"0";"0";"0";"0";""
"202400051285";"155691506";"A01";"1";"2";"13";"0";"1";"1";"1";""
"202400051286";"155691503";"A01";"3";"30";"0";"0";"0";"26";"1";""
"202400051287";"155691510";"A01";"1";"7";"0";"2";"1";"2";"1";""
"202400051287";"155691514";"B01";"1";"43";"0";"2";"4";"2";"1";""
"202400051288";"155691501";"A01";"1";"7";"0";"2";"2";"9";"1";""
"202400051288";"155691508";"B01";"2";"33";"0";"2";"1";"1";"1";""
"202400051289";"155691500";"A01";"1";"1";"0";"2";"1";"9";"5";""
"202400051289";"155691504";"B01";"1";"7";"0";"2";"3";"1";"3";""
"202400051290";"155691497";"A01";"3";"7";"11";"0";"1";"2";"1";""
"202400051291";"155691495";"Z01";"1";"7";"0";"1";"2";"1";"0";""
"202400051292";"155691494";"A01";"1";"33";"0";"6";"1";"21";"1";""
"202400051292";"155691502";"B01";"2";"7";"0";"2";"1";"1";"1";""
"202400051293";"155691496";"A01";"3";"33";"0";"0";"8";"15";"1";""
"202400051294";"155691493";"A01";"2";"10";"0";"2";"1";"15";"1";""
"202400051294";"155691498";"B01";"1";"33";"0";"2";"0";"0";"1";""
"202400051295";"155691492";"A01";"1";"7";"0";"1";"1";"1";"1";""
"202400051296";"155691489";"A01";"3";"50";"0";"0";"9";"1";"3";""
"202400051297";"155691491";"A01";"1";"7";"0";"2";"1";"5";"1";""
"202400051297";"155691499";"B01";"2";"7";"0";"2";"1";"1";"1";""
"202400051298";"155691486";"B01";"2";"7";"0";"2";"1";"1";"1";""
"202400051298";"155691490";"A01";"1";"7";"0";"2";"1";"13";"1";""
"202400051299";"155691482";"A01";"2";"10";"2";"0";"1";"1";"1";""
"202400051300";"155691485";"A01";"2";"7";"14";"2";"1";"2";"1";""
"202400051300";"155691488";"B01";"2";"7";"0";"2";"4";"23";"2";""
"202400051301";"155691481";"A01";"2";"7";"15";"0";"0";"1";"1";""
"202400051302";"155691479";"A01";"1";"14";"0";"1";"3";"1";"1";""
"202400051303";"155691483";"A01";"3";"7";"0";"2";"6";"11";"1";""
"202400051303";"155691487";"B01";"0";"31";"0";"2";"1";"1";"1";""
"202400051304";"155691478";"A01";"2";"7";"6";"0";"2";"15";"1";""
"202400051305";"155691475";"A01";"2";"32";"0";"1";"1";"7";"1";""
"202400051306";"155691477";"A01";"1";"31";"0";"2";"3";"2";"1";""
"202400051306";"155691484";"B01";"3";"7";"0";"2";"0";"1";"0";""
"202400051307";"155691472";"A01";"0";"37";"0";"2";"1";"1";"1";"1"
"202400051307";"155691476";"B01";"0";"7";"0";"2";"4";"24";"1";""
"202400051308";"155691471";"A01";"1";"7";"0";"2";"8";"1";"1";""
"202400051308";"155691480";"B01";"1";"50";"0";"2";"0";"1";"3";""
"202400051309";"155691467";"A01";"1";"7";"13";"0";"1";"21";"1";""
"202400051310";"155691469";"A01";"1";"1";"0";"0";" -1";"1";"5";""
"202400051311";"155691468";"A01";"3";"7";"0";"2";"3";"19";"3";""
"202400051311";"155691474";"B01";"3";"1";"0";"2";"1";"1";"5";""
"202400051312";"155691463";"A01";"1";"7";"6";"1";"5";"0";"1";""
"202400051313";"155691462";"A01";"2";"1";"0";"2";"1";"1";"5";""
"202400051313";"155691470";"Z01";"2";"0";"0";"2";"7";"16";"0";""
"202400051314";"155691459";"B01";"3";"1";"1";"2";"8";"1";"5";""
"202400051314";"155691464";"A01";"3";"7";"0";"2";"8";"22";"1";""
"202400051315";"155691454";"A01";"3";"7";"4";"2";"3";"2";"1";""
"202400051315";"155691465";"B01";"3";"33";"4";"2";"7";"1";"1";""
"202400051316";"155691451";"A01";"1";"32";"12";"0";"8";"17";"1";""
"202400051317";"155691456";"A01";"2";"7";"0";"2";"1";"9";"1";""
"202400051317";"155691460";"B01";"2";"1";"0";"2";"4";"1";"5";""
"202400051318";"155691452";"A01";"1";"7";"0";"2";"7";"15";"1";""
"202400051318";"155691458";"B01";"2";"30";"0";"2";"1";"1";"1";""
"202400051319";"155691449";"A01";"1";"7";"13";"2";"1";"2";"1";""
"202400051319";"155691455";"B01";"1";"7";"0";"0";"4";"2";"1";""
"202400051320";"155691448";"A01";"3";"2";"0";"0";"8";"1";"1";""
"202400051321";"155691447";"B01";"2";"80";"0";"2";"1";"1";"3";""
"202400051321";"155691453";"A01";"2";"7";"0";"2";"3";"20";"1";""
"202400051322";"155691450";"E01";"2";"2";"0";"0";"0";"21";"1";""
"202400051322";"155691457";"A01";"1";"7";"0";"2";"2";"17";"1";""
"202400051322";"155691461";"B01";"1";"7";"0";"2";"6";"1";"1";""
"202400051322";"155691466";"C01";"2";"2";"0";"2";"1";"0";"1";""
"202400051322";"155691473";"D01";"2";"2";"0";"0";"0";"21";"1";""
"202400051323";"155691445";"A01";"2";"7";"0";"1";"2";"1";"1";""
"202400051324";"155691444";"B01";"2";"7";"0";"2";"3";"15";"1";""
"202400051324";"155691446";"A01";"2";"30";"0";"2";"2";"17";"1";""
"202400051325";"155691441";"A01";"1";"7";"0";"5";"1";"1";"1";""
"202400051326";"155691438";"A01";"0";"7";"0";"1";"3";"15";"1";""
"202400051327";"155691439";"A01";"2";"3";"9";"0";"0";"1";"1";""
"202400051328";"155691436";"A01";"2";"2";"0";"0";"7";"1";"1";""
"202400051329";"155691431";"A01";"3";"7";"2";"0";"3";"0";"2";""
"202400051330";"155691432";"A01";"1";"7";"0";"9";"2";"14";"1";""
"202400051330";"155691440";"B01";"1";"60";"0";"0";"0";"0";"5";""
"202400051331";"155691437";"A01";"3";"7";"0";"1";"1";"1";"1";""
"202400051332";"155691435";"B01";"3";"33";"4";"0";"0";"0";"1";""
"202400051332";"155691443";"A01";"3";"99";"0";"0";"0";"0";"3";""
"202400051333";"155691434";"A01";"3";"7";"0";"2";"0";"1";"1";""
"202400051333";"155691442";"B01";"3";"50";"0";"2";"0";"0";"3";""
"202400051334";"155691428";"A01";"3";"7";"0";"2";"1";"1";"1";""
"202400051334";"155691433";"B01";"3";"7";"0";"2";"1";"1";"1";""
"202400051335";"155691426";"A01";"2";"33";"0";"0";"0";"13";"1";""
"202400051336";"155691427";"B01";"1";"33";"0";"2";"1";"1";"1";""
"202400051336";"155691430";"A01";"2";"7";"0";"2";"3";"16";"1";""
"202400051337";"155691422";"A01";"3";"34";"0";"0";"0";"13";"1";""
"202400051338";"155691423";"B01";"2";"7";"0";"2";"3";"1";"2";""
"202400051338";"155691429";"A01";"2";"7";"0";"2";"1";"0";"1";""
"202400051339";"155691419";"B01";"2";"7";"0";"2";"1";"1";"1";""
"202400051339";"155691425";"A01";"1";"7";"0";"2";"1";"13";"1";""
"202400051340";"155691417";"A01";"2";"31";"0";"1";"1";"1";"1";""
"202400051341";"155691418";"B01";"2";"33";"0";"2";"5";"1";"1";""
"202400051341";"155691420";"A01";"2";"7";"0";"2";"3";"9";"1";""
"202400051342";"155691414";"A01";"2";"7";"0";"2";"2";"1";"1";""
"202400051342";"155691416";"C01";"1";"7";"0";"2";"1";"15";"1";""
"202400051342";"155691424";"B01";"2";"7";"0";"2";"3";"1";"1";""
"202400051343";"155691409";"A01";"3";"10";"0";"9";"8";"24";"1";""
"202400051343";"155691415";"B01";"3";"1";"1";"0";"1";"1";"5";""
"202400051344";"155691413";"B01";"1";"50";"0";"2";"1";"21";"3";""
"202400051344";"155691421";"A01";"2";"7";"0";"9";"2";"2";"1";""
"202400051345";"155691410";"A01";"2";"10";"0";"1";"0";"0";"1";""
"202400051346";"155691408";"A01";"1";"2";"0";"2";"0";"13";"1";""
"202400051346";"155691411";"B01";"2";"7";"0";"2";"3";"13";"1";""
"202400051347";"155691407";"A01";"1";"7";"0";"2";"9";"14";"1";""
"202400051347";"155691412";"B01";"1";"10";"0";"2";"1";"13";"1";""
"202400051348";"155691406";"A01";"1";"7";"0";"1";"3";"1";"0";""
"202400051349";"155691404";"A01";"1";"7";"0";"1";"4";"20";"1";""
"202400051350";"155691399";"A01";"0";"7";"0";"0";"0";"0";"1";""
"202400051351";"155691403";"A01";"2";"7";"0";"2";"8";"22";"1";""
"202400051351";"155691405";"B01";"2";"1";"1";"0";"1";"1";"5";""
"202400051352";"155691398";"A01";"1";"31";"0";"0";"7";"0";"1";""
"202400051353";"155691397";"B01";"3";"1";"0";"2";"1";"1";"5";""
"202400051353";"155691401";"A01";"3";"10";"0";"2";"8";"1";"1";""
"202400051354";"155691391";"A01";"1";"7";"0";"2";"2";"1";"1";""
"202400051355";"155691390";"A01";"3";"7";"0";"2";"3";"16";"1";""
"202400051355";"155691394";"B01";"3";"7";"0";"2";"5";"1";"1";""
"202400051356";"155691384";"A01";"1";"32";"0";"2";"2";"17";"1";""
"202400051356";"155691393";"B01";"2";"7";"0";"9";"0";"0";"1";""
"202400051357";"155691388";"A01";"1";"7";"0";"2";"3";"1";"1";""