"Num_Acc";"id_vehicule";"num_veh";"senc";"catv";"obs";"obsm";"choc";"manv";"motor";"occutc"
"202400051357";"155691392";"B01";"2";"7";"0";"2";"3";"13";"1";""
"202400051358";"155691383";"A01";"2";"7";"6";"0";"7";"14";"1";""
"202400051359";"155691386";"A01";"1";"7";"0";"2";"2";"2";"1";""
"202400051359";"155691389";"B01";"1";"1";"0";"2";"4";"2";"5";""
"202400051360";"155691381";"Y01";"2";"50";"0";"2";"1";"1";"3";""
"202400051360";"155691385";"A01";"2";"7";"0";"2";"7";"16";"0";""
"202400051361";"155691380";"A01";"2";"7";"6";"0";"1";"1";"1";""
"202400051362";"155691376";"B01";"2";"50";"0";"2";"1";"1";"3";""
"202400051362";"155691379";"A01";"2";"7";"0";"2";"8";"9";"1";""
"202400051363";"155691374";"A01";"1";"2";"6";"0";"1";"0";"1";""
"202400051364";"155691368";"B01";"2";"7";"0";"2";"3";"1";"1";""
"202400051364";"155691377";"Z01";"2";"7";"0";"2";"3";"5";"1";""
"202400051365";"155691370";"A01";"2";"10";"0";"2";"5";"23";"1";""
"202400051365";"155691373";"B01";"3";"2";"0";"2";"1";"2";"1";""
"202400051366";"155691369";"B01";"1";"33";"12";"0";"7";"16";"1";""
"202400051366";"155691371";"A01";"1";"33";"12";"0";"3";"1";"1";""
"202400051367";"155691366";"B01";"2";"7";"0";"2";"1";"1";"1";""
"202400051367";"155691375";"A01";"1";"3";"15";"2";"7";"19";"1";""
"202400051368";"155691367";"A01";"1";"7";"0";"2";"1";"2";"1";""
"202400051368";"155691372";"B01";"1";"7";"0";"0";"0";"0";"0";""
"202400051369";"155691365";"A01";"1";"10";"14";"0";"9";"1";"1";""
"202400051370";"155691361";"A01";"3";"7";"2";"0";"1";"0";"1";""
"202400051371";"155691364";"A01";"3";"10";"0";"1";"4";"4";"1";""
"202400051372";"155691362";"A01";"2";"33";"13";"0";"1";"13";"1";""
"202400051373";"155691358";"A01";"1";"31";"6";"0";"1";"2";"1";""
"202400051374";"155691360";"B01";"2";"7";"0";"2";"3";"16";"1";""
"202400051374";"155691363";"A01";"1";"7";"0";"2";"3";"15";"0";""
"202400051375";"155691357";"A01";"3";"32";"0";"0";"8";"15";"1";""
"202400051376";"155691356";"A01";"2";"7";"14";"0";"2";"1";"1";""
"202400051377";"155691353";"A01";"2";"7";"6";"2";"2";"2";"1";""
"202400051377";"155691359";"B01";"2";"50";"6";"2";"8";"2";"3";""
"202400051378";"155691351";"A01";"2";"7";"0";"2";"5";"9";"1";""
"202400051378";"155691355";"B01";"2";"33";"0";"2";"5";"26";"1";""
"202400051379";"155691350";"A01";"0";"50";"0";"1";"0";"26";"3";""
"202400051380";"155691348";"A01";"3";"7";"0";"1";"2";"0";"1";""
"202400051381";"155691346";"A01";"3";"33";"0";"2";"0";"23";"1";""
"202400051382";"155691345";"A01";"3";"7";"0";"2";"3";"10";"1";""
"202400051382";"155691352";"B01";"3";"10";"0";"2";"2";"1";"1";""
"202400051383";"155691349";"A01";"2";"1";"0";"2";"1";"1";"5";""
"202400051383";"155691354";"B01";"1";"7";"0";"2";"1";"1";"1";""
"202400051384";"155691342";"A01";"2";"1";"0";"2";"0";"21";"5";""
"202400051385";"155691340";"B01";"1";"80";"0";"2";"2";"1";"3";""
"202400051385";"155691344";"A01";"1";"7";"0";"2";"1";"2";"1";""
"202400051386";"155691341";"A01";"1";"7";"0";"2";"1";"5";"1";""
"202400051386";"155691347";"B01";"2";"7";"0";"2";"1";"1";"1";""
"202400051387";"155691332";"A01";"1";"7";"0";"2";"2";"2";"1";""
"202400051387";"155691338";"B01";"1";"33";"0";"0";"4";"2";"1";""
"202400051388";"155691336";"A01";"2";"7";"0";" -1";"0";"21";"3";""
"202400051389";"155691335";"B01";"1";"7";"0";"2";"4";"2";"1";""
"202400051389";"155691343";"A01";"1";"7";"0";"2";"1";"2";"1";""
"202400051390";"155691326";"A01";"2";"1";"0";"2";"1";"9";"5";""
"202400051390";"155691331";"B01";"2";"1";"0";"2";"1";"9";"5";""
"202400051390";"155691337";"C01";"1";"7";"0";"2";"1";"1";"1";""
"202400051391";"155691327";"A01";"2";"30";"14";"2";"4";"2";"1";""
"202400051391";"155691334";"B01";"2";"10";"0";"2";"4";"23";"1";""
"202400051392";"155691333";"B01";"2";"50";"0";"2";"2";"1";"3";""
"202400051392";"155691339";"A01";"2";"7";"0";"2";"3";"10";"1";""
"202400051393";"155691325";"B01";"1";"7";"0";"2";"1";"1";"1";""
"202400051393";"155691329";"A01";"1";"7";"2";"2";"7";"21";"1";""
"202400051394";"155691321";"A01";"1";"2";"13";"0";"0";"13";"1";""
"202400051395";"155691324";"A01";"3";"10";"0";"2";"1";"26";"1";""
"202400051395";"155691330";"B01";"3";"7";"0";"2";"4";"0";"1";""
"202400051396";"155691323";"B01";"3";"7";"0";"0";"0";"0";"1";""
"202400051396";"155691328";"A01";"3";"31";"0";"2";"1";"2";"1";""
"202400051397";"155691316";"A01";"3";"7";"6";"0";"2";"1";"1";""
"202400051398";"155691318";"A01";"1";"1";"6";"0";"1";"0";"5";""
"202400051399";"155691317";"B01";"1";"7";"0";"2";"6";"0";"1";""
"202400051399";"155691320";"A01";"2";"7";"0";"2";"1";"26";"1";""
"202400051400";"155691313";"A01";"1";"7";"0";"0";"6";"1";"1";""
"202400051400";"155691319";"B01";"2";"1";"0";"0";"9";"1";"5";""
"202400051401";"155691315";"A01";"2";"33";"13";"0";"1";"0";"1";""
"202400051402";"155691314";"A01";"2";"7";"0";"1";"3";"0";"0";""
"202400051403";"155691311";"U01";"2";"1";"0";"9";"4";"1";"5";""
"202400051404";"155691309";"A01";"2";"7";"0";"2";"1";"2";"1";""
"202400051404";"155691312";"B01";"2";"7";"0";"2";"4";"2";"6";""
"202400051405";"155691308";"A01";"2";"37";"12";"1";"2";"7";"1";"1"
"202400051406";"155691310";"A01";"1";"7";"0";"1";"3";"1";"1";""
"202400051407";"155691305";"A01";"1";"7";"0";"1";"1";"1";"1";""
"202400051408";"155691304";"A01";"1";"10";"0";"1";"6";"4";"1";""
"202400051409";"155691301";"A01";"1";"7";"17";"0";"9";"14";"1";""
"202400051410";"155691302";"A01";"1";"7";"0";"2";"1";"15";"1";""
"202400051410";"155691306";"B01";"2";"33";"0";"2";"3";"1";"1";""
"202400051411";"155691299";"B01";"1";"7";"0";"2";"1";"1";"1";""
"202400051411";"155691303";"A01";"2";"7";"0";"2";"1";"13";"1";""
"202400051412";"155691293";"A01";"1";"7";"13";"0";"2";"2";"1";""
"202400051413";"155691295";"A01";"3";"7";"0";"2";"5";"16";"1";""
"202400051413";"155691300";"B01";"3";"7";"0";"2";"3";"1";"1";""
"202400051414";"155691290";"A01";"2";"7";"4";"2";"3";"1";"1";""
"202400051414";"155691294";"B01";"2";"7";"0";"2";"9";"1";"1";""
"202400051415";"155691289";"B01";"3";"10";"0";"2";"2";"21";"1";""
"202400051415";"155691297";"A01";"3";"7";"0";"2";"3";"9";"1";""
"202400051416";"155691291";"B01";"3";"1";"0";"2";"8";"19";"5";""
"202400051416";"155691298";"A01";"3";"7";"0";"2";"1";"16";"1";""
"202400051417";"155691284";"A01";"0";"7";"0";"2";"3";"13";"1";""
"202400051417";"155691287";"B01";"0";"7";"0";"2";"3";"1";"1";""
"202400051418";"155691283";"A01";"3";"7";"0";"2";"1";"19";"1";""
"202400051418";"155691296";"C01";"3";"7";"0";"2";"1";"1";"1";""
"202400051418";"155691307";"B01";"2";"7";"0";"2";"3";"1";"1";""
"202400051419";"155691285";"B01";"2";"30";"0";"2";"1";"1";"1";""
"202400051419";"155691292";"A01";"2";"7";"0";"2";"5";"1";"1";""
"202400051420";"155691281";"A01";"2";"7";"13";"0";"1";"14";"1";""
"202400051421";"155691277";"A01";"3";"7";"0";"5";"2";"1";"1";""
"202400051421";"155691280";"B01";"3";"99";"0";"2";"1";"1";"6";""
"202400051421";"155691286";"C01";"3";"99";"0";"2";"1";"1";"6";""
"202400051422";"155691282";"A01";"1";"32";"0";"2";"5";"13";"1";""
"202400051422";"155691288";"B01";"1";"7";"0";"2";"5";"17";"1";""
"202400051423";"155691275";"A01";"1";"2";"13";"0";"1";"14";"1";""
"202400051424";"155691274";"A01";"1";"7";"0";"0";"9";"1";"1";""
"202400051425";"155691272";"A01";"1";"7";"1";"2";"4";"23";"1";""
"202400051425";"155691279";"B01";"1";"7";"0";"2";"1";"2";"1";""
"202400051426";"155691268";"A01";"3";"10";"0";"1";"3";"15";"1";""
"202400051427";"155691270";"B01";"3";"7";"0";"2";"6";"1";"1";""
"202400051427";"155691278";"A01";"3";"7";"0";"2";"1";"1";"1";""
"202400051428";"155691269";"A01";"2";"10";"0";"1";"2";"1";"1";""
"202400051429";"155691267";"A01";"0";"10";"0";"2";"3";"1";"1";""
"202400051429";"155691276";"B01";"0";"7";"0";"2";"3";"1";"1";""
"202400051430";"155691271";"A01";"3";"7";"0";"2";"1";"1";"1";""
"202400051430";"155691273";"B01";"3";"33";"0";"2";"4";"23";"1";""
"202400051431";"155691263";"A01";"2";"7";"9";"0";"1";"1";"1";""
"202400051432";"155691260";"A01";"1";"7";"2";"0";"2";"0";"1";""
"202400051433";"155691257";"A01";"1";"30";"0";"0";"0";"0";"1";""
"202400051434";"155691259";"A01";"2";"7";"0";"1";"1";"1";"1";""
"202400051435";"155691255";"A01";"1";"7";"0";"1";"8";"1";"1";""
"202400051436";"155691258";"A01";"1";"7";"0";"2";"3";"13";"1";""
"202400051436";"155691264";"B01";"1";"10";"0";"2";"3";"1";"1";""
"202400051437";"155691262";"B01";"2";"7";"0";"2";"3";"26";"1";""
"202400051437";"155691266";"C01";"1";"13";"0";"2";"8";"1";" -1";""
"202400051438";"155691254";"A01";"3";"7";"1";"1";"1";"1";"1";""
"202400051439";"155691253";"A01";"1";"7";"0";"2";"8";"1";"1";""
"202400051439";"155691256";"B01";"1";"7";"0";"2";"7";"1";"1";""
"202400051440";"155691252";"A01";"1";"1";"0";"0";"0";"1";"5";""
"202400051441";"155691251";"A01";"3";"7";"0";"2";"7";"1";"1";""
"202400051441";"155691261";"B01";"3";"7";"0";"2";"1";"1";"1";""
"202400051442";"155691250";"A01";"2";"7";"1";"9";"9";"1";"1";""
"202400051443";"155691248";"A01";"3";"33";"0";"0";"8";"1";"1";""
"202400051444";"155691249";"A01";"2";"7";"2";"0";"7";"14";"1";""
"202400051445";"155691247";"A01";"1";"7";"0";"1";"2";"1";"1";""
"202400051446";"155691242";"A01";"3";"7";"0";"1";"2";"1";"1";""
"202400051447";"155691238";"A01";"3";"14";"0";"1";"5";"4";"1";""
"202400051448";"155691241";"B01";"3";"1";"1";"0";"1";"18";"5";""
"202400051448";"155691245";"A01";"2";"7";"0";"0";"7";"22";"1";""
"202400051449";"155691237";"A01";"1";"7";"0";"2";"3";"9";"1";""
"202400051449";"155691246";"B01";"2";"32";"0";"2";"7";"1";"1";""
"202400051450";"155691233";"A01";"1";"7";"2";"0";"3";"13";"1";""
"202400051451";"155691234";"A01";"3";"7";"0";"2";"1";"1";"1";""
"202400051451";"155691244";"B01";"3";"7";"0";"0";"3";"15";"1";""
"202400051452";"155691232";"A01";"1";"2";"1";"0";"1";"2";"1";""
"202400051452";"155691239";"B01";"1";"17";"0";"0";"0";"23";"1";""
"202400051453";"155691228";"A01";"1";"10";"0";"2";"3";"15";"1";""
"202400051453";"155691231";"B01";"2";"1";"0";"2";"7";"1";"5";""
"202400051454";"155691230";"A01";"1";"30";"0";"2";"3";"1";"1";""
"202400051454";"155691236";"B01";"2";"7";"0";"2";"3";"1";"1";""
"202400051455";"155691221";"B01";"2";"7";"0";"2";"1";"13";"2";""
"202400051455";"155691227";"A01";"1";"10";"0";"2";"2";"1";"1";""
"202400051456";"155691223";"A01";"1";"7";"0";"1";"1";"1";"1";""
"202400051457";"155691219";"A01";"1";"7";"14";"2";"2";"2";"1";""
"202400051457";"155691226";"B01";"1";"7";"14";"2";"3";"2";"1";""
"202400051457";"155691229";"C01";"1";"10";"0";"2";"5";"2";"1";""
"202400051457";"155691235";"D01";"2";"10";"0";"2";"6";"21";"1";""
"202400051458";"155691216";"A01";"1";"7";"0";"1";"1";"19";"1";""
"202400051459";"155691218";"B01";"3";"7";"0";"2";"8";"0";"1";""
"202400051459";"155691225";"A01";"2";"50";"0";"2";"1";"25";"3";""
"202400051460";"155691213";"A01";"2";"7";"13";"2";"3";"13";"1";""
"202400051460";"155691220";"B01";"1";"7";"0";"2";"2";"1";"1";""
"202400051461";"155691215";"A01";"3";"7";"0";"2";"3";"15";"1";""
"202400051461";"155691222";"B01";"3";"32";"0";"2";"8";"1";"1";""
"202400051462";"155691211";"A01";"1";"2";"11";"0";"0";"14";"1";""
"202400051463";"155691206";"C01";"1";"7";"3";"2";"4";"2";"1";""
"202400051463";"155691210";"A01";"1";"38";"3";"2";"3";"2";"1";"1"
"202400051463";"155691214";"B01";"1";"7";"3";"2";"4";"2";"1";""
"202400051464";"155691205";"A01";"2";"33";"0";"2";"8";"19";"1";""
"202400051464";"155691209";"B01";"1";"7";"0";"0";"8";"1";"1";""
"202400051465";"155691204";"A01";"1";"20";"0";"2";"3";"1";"1";""
"202400051465";"155691212";"B01";"2";"1";"0";"2";"1";"1";"5";""
"202400051466";"155691199";"B01";"3";"99";"0";"2";"0";"0";"3";""
"202400051466";"155691208";"A01";"3";"10";"0";"2";"0";"16";"0";""
"202400051467";"155691201";"A01";"1";"7";"0";"2";"1";"1";"2";""
"202400051467";"155691207";"B01";"1";"7";"0";"2";"4";"1";"1";""
"202400051468";"155691198";"A01";"2";"7";"13";"0";"8";"1";"1";""
"202400051469";"155691196";"B01";"1";"10";"0";"2";"1";"1";"1";""
"202400051469";"155691202";"A01";"2";"7";"0";"2";"1";"13";"1";""
"202400051470";"155691195";"B01";"3";"7";"0";"0";"6";"2";"1";""
"202400051470";"155691203";"A01";"3";"33";"0";"2";"1";"2";"1";""
"202400051471";"155691194";"A01";"2";"7";"13";"0";"9";"1";"1";""
"202400051472";"155691193";"A01";"2";"33";"0";"2";"8";"0";"1";""
"202400051472";"155691200";"B01";"1";"7";"0";"2";"6";"1";"1";""
"202400051473";"155691188";"A01";"3";"7";"0";"2";"1";"16";"1";""
"202400051473";"155691191";"B01";"3";"1";"0";"2";"1";"1";"5";""
"202400051474";"155691189";"B01";"1";"7";"0";"2";"3";"2";"1";""
"202400051474";"155691192";"C01";"2";"7";"0";"2";"1";"1";"1";""
"202400051474";"155691197";"A01";"1";"7";"0";"2";"3";"17";"2";""
"202400051475";"155691186";"A01";"2";"33";"0";"0";"0";"0";"1";""
"202400051476";"155691185";"A01";"0";"7";"0";"1";"1";"1";"1";""
"202400051477";"155691184";"A01";"3";"7";"0";"1";"2";"1";"1";""
"202400051478";"155691182";"B01";"2";"33";"0";"2";"1";"1";"1";""
"202400051478";"155691187";"A01";"1";"7";"0";"2";"7";"15";"1";""
"202400051479";"155691179";"A01";"2";"7";"0";"0";"1";"1";"2";""
"202400051480";"155691178";"A01";"2";"7";"6";"0";"1";"1";"1";""
"202400051481";"155691180";"A01";"3";"7";"0";"1";"1";"1";"1";""
"202400051482";"155691175";"B01";"2";"7";"0";"2";"1";"1";"1";""
"202400051482";"155691183";"A01";"1";"7";"0";"2";"7";"15";"1";""
"202400051483";"155691174";"B01";"1";"33";"0";"0";"4";"17";"1";""
"202400051483";"155691177";"A01";"1";"33";"0";"2";"1";"17";"1";""
"202400051484";"155691173";"A01";"3";"50";"0";"2";"0";"0";"3";""
"202400051484";"155691176";"B01";"3";"7";"0";"2";"0";"16";"1";""
"202400051485";"155691171";"B01";"1";"7";"0";"9";"3";"1";"1";""
"202400051485";"155691181";"A01";"2";"50";"0";"2";"2";"1";"3";""
"202400051486";"155691172";"A01";"1";"3";"2";"0";"3";"21";"1";""
"202400051487";"155691169";"A01";"1";"7";"0";"1";"1";"1";"1";""
"202400051488";"155691166";"B01";"1";"7";"6";"9";"2";"1";"1";""
"202400051488";"155691170";"A01";"2";"7";"6";"0";"3";"0";"1";""
"202400051489";"155691164";"A01";"2";"7";"13";"0";"3";"1";"1";""
"202400051490";"155691162";"A01";"2";"7";"0";"1";"4";"4";"1";""
"202400051491";"155691159";"A01";"0";"7";"0";"9";"6";"19";"1";""
"202400051491";"155691168";"B01";"2";"1";"0";"2";"1";"1";"5";""
"202400051492";"155691158";"A01";"2";"10";"0";"2";"2";"15";"1";""
"202400051492";"155691165";"B01";"1";"50";"0";"2";"1";"1";"3";""
"202400051493";"155691161";"B01";"1";"2";"0";"2";"4";"2";"1";""
"202400051493";"155691167";"Z01";"1";"7";"0";"2";"1";"2";"0";""
"202400051494";"155691155";"A01";"2";"7";"3";"2";"8";"1";"1";""
"202400051494";"155691157";"B01";"1";"15";"3";"2";"2";"6";"1";""
"202400051495";"155691153";"A01";"2";"7";"0";"1";"1";"1";"1";""
"202400051496";"155691152";"B01";"2";"7";"0";"2";"6";"1";"1";""
"202400051496";"155691163";"A01";"3";"33";"0";"2";"1";"19";"1";""
"202400051497";"155691151";"A01";"2";"7";"0";"0";"4";"16";"1";""
"202400051497";"155691154";"B01";"2";"7";"0";"2";"1";"2";"1";""
"202400051498";"155691150";"A01";"1";"7";"0";"2";"3";"1";"1";""
"202400051498";"155691156";"B01";"2";"10";"7";"2";"2";"1";"1";""
"202400051499";"155691149";"B01";"2";"7";"0";"2";"2";"1";"1";""
"202400051499";"155691160";"A01";"1";"7";"0";"2";"3";"13";"2";""
"202400051500";"155691148";"A01";"1";"20";"2";"0";"9";"14";"1";""
"202400051501";"155691146";"A01";"1";"7";"2";"0";"7";"1";"1";""
"202400051502";"155691145";"A01";"3";"7";"0";"1";"3";"1";"1";""
"202400051503";"155691143";"B01";"1";"7";"0";"2";"4";"1";"1";""
"202400051503";"155691147";"A01";"1";"7";"0";"2";"1";"1";"1";""
"202400051504";"155691142";"A01";"3";"30";"0";"0";"3";"0";"1";""
"202400051505";"155691137";"B01";"2";"2";"13";"0";"4";"2";"3";""
"202400051505";"155691141";"A01";"2";"10";"0";"2";"2";"2";"1";""
"202400051506";"155691134";"A01";"2";"10";"0";"0";"5";"2";"1";""
"202400051506";"155691138";"B01";"2";"32";"0";"2";"1";"2";"1";""
"202400051507";"155691133";"B01";"1";"15";"0";"2";"3";"1";"1";""
"202400051507";"155691136";"A01";"2";"10";"0";"2";"3";"13";"1";""
"202400051508";"155691135";"B01";"1";"7";"0";"2";"2";"1";"1";""
"202400051508";"155691140";"A01";"1";"7";"0";"2";"8";"10";"1";""
"202400051509";"155691139";"A01";"2";"7";"0";"1";"2";"1";"1";""
"202400051510";"155691132";"B01";"1";"10";"0";"2";"8";"1";"3";""
"202400051510";"155691144";"A01";"1";"7";"0";"2";"1";"1";"1";""
"202400051511";"155691129";"A01";"2";"7";"0";"1";"1";"1";"1";""
"202400051512";"155691125";"A01";"1";"7";"2";"0";"3";"19";"1";""
"202400051513";"155691123";"B01";"1";"17";"0";"2";"1";"2";"1";""
"202400051513";"155691127";"A01";"1";"21";"0";"2";"4";"2";"1";""
"202400051514";"155691120";"A01";"2";"14";"0";"1";"1";"1";"1";""
"202400051515";"155691119";"A01";"1";"7";"0";"2";"7";"13";"1";""
"202400051515";"155691126";"B01";"2";"10";"0";"2";"1";"1";"1";""
"202400051516";"155691121";"A01";"3";"7";"6";"0";"1";"26";"1";""
"202400051517";"155691118";"A01";"1";"7";"6";"9";"1";"1";"1";""
"202400051518";"155691116";"A01";"1";"7";"0";"2";"3";"13";"1";""
"202400051518";"155691124";"B01";"2";"15";"0";"2";"3";"1";"1";""
"202400051518";"155691128";"C01";"1";"7";"0";"2";"1";"1";"1";""
"202400051518";"155691130";"D01";"1";"10";"0";"9";"8";"1";"1";""
"202400051519";"155691117";"B01";"1";"37";"0";"2";"3";"1";"1";"5"
"202400051519";"155691131";"A01";"2";"15";"0";"2";"2";"1";"1";""
"202400051520";"155691114";"B01";"3";"80";"0";"2";"8";"19";"3";""
"202400051520";"155691122";"A01";"3";"30";"0";"9";"8";"15";"1";""
"202400051521";"155691113";"A01";"2";"10";"0";"2";"2";"1";"1";""
"202400051521";"155691115";"B01";"2";"31";"0";"2";"8";"1";"1";""
"202400051522";"155691108";"A01";"1";"7";"0";"2";"4";"1";"1";""
"202400051522";"155691112";"B01";"1";"7";"0";"2";"1";"2";"1";""
"202400051523";"155691109";"A01";"3";"7";"0";"1";"1";"26";"1";""
"202400051524";"155691105";"A01";"2";"10";"3";"2";"3";"13";"1";""
"202400051524";"155691110";"B01";"1";"7";"0";"2";"3";"1";"1";""
"202400051525";"155691103";"A01";"3";"10";"0";"1";"7";"26";"1";""
"202400051526";"155691104";"A01";"1";"10";"0";"1";"1";"18";"1";""
"202400051527";"155691102";"A01";"1";"7";"0";"1";"7";"17";"1";""
"202400051527";"155691111";"B01";"1";"7";"0";"2";"8";"2";"1";""
"202400051528";"155691100";"B01";"1";"7";"0";"2";"2";"1";"1";""
"202400051528";"155691106";"A01";"2";"30";"0";"2";"1";"16";"3";""
"202400051529";"155691101";"B01";"1";"33";"0";"2";"1";"1";"1";""
"202400051529";"155691107";"A01";"1";"7";"0";"0";"4";"23";"2";""
"202400051530";"155691099";"A01";"1";"7";"16";"0";"1";"1";"1";""
"202400051531";"155691097";"A01";"3";"7";"2";"0";"1";"1";"1";""
"202400051532";"155691091";"A01";"2";"33";"13";"0";"9";"1";"1";""
"202400051533";"155691092";"B01";"2";"7";"0";"2";"3";"1";"1";""
"202400051533";"155691096";"A01";"1";"7";"0";"2";"1";"1";"1";""
"202400051534";"155691087";"B01";"1";"2";"0";"2";"7";"1";"1";""
"202400051534";"155691095";"A01";"1";"7";"0";"2";"8";"9";"1";""
"202400051535";"155691084";"A01";"1";"7";"13";"0";"2";"1";"1";""
"202400051536";"155691083";"A01";"1";"31";"0";"2";"1";"2";"1";""
"202400051536";"155691094";"B01";"1";"7";"0";"2";"4";"2";"1";""
"202400051537";"155691086";"A01";"1";"7";"0";"2";"3";"9";"1";""
"202400051537";"155691093";"B01";"2";"2";"0";"2";"2";"15";"1";""
"202400051538";"155691081";"A01";"2";"7";"0";"0";"3";"15";"2";""
"202400051538";"155691085";"B01";"2";"33";"0";"2";"3";"1";"1";""
"202400051539";"155691080";"A01";"3";"7";"0";"2";"3";"19";"2";""
"202400051539";"155691090";"B01";"3";"7";"0";"2";"2";"19";"2";""
"202400051540";"155691082";"A01";"2";"7";"11";"2";"3";"1";"1";""
"202400051540";"155691089";"B01";"1";"7";"11";"2";"2";"15";"1";""
"202400051541";"155691078";"A01";"1";"7";"6";"0";"3";"14";"1";""
"202400051542";"155691079";"B01";"2";"7";"0";"2";"3";"15";"1";""
"202400051542";"155691088";"A01";"1";"2";"0";"2";"7";"1";"1";""
"202400051543";"155691075";"A01";"3";"7";"0";"1";"1";"26";"2";""
"202400051544";"155691072";"A01";"3";"1";"0";"0";"0";"0";"5";""
"202400051545";"155691071";"A01";"2";"7";"4";"2";"3";"1";"1";""
"202400051546";"155691067";"A01";"2";"7";"0";"2";"1";"26";"1";""
"202400051546";"155691077";"B01";"1";"7";"0";"2";"1";"1";"1";""
"202400051547";"155691068";"B01";"2";"7";"0";"2";"3";"13";"1";""
"202400051547";"155691073";"A01";"1";"7";"0";"2";"3";"1";"1";""
"202400051548";"155691069";"A01";"3";"7";"7";"2";"1";"13";"1";""
"202400051548";"155691076";"B01";"0";"7";"0";"2";"2";"1";"1";""
"202400051549";"155691063";"A01";"3";"2";"0";"2";"1";"13";"1";""
"202400051549";"155691066";"B01";"3";"7";"0";"2";"1";"1";"1";""
"202400051550";"155691064";"Z01";"1";"10";"0";"2";"1";"2";"1";""
"202400051550";"155691070";"B01";"1";"7";"0";"2";"6";"2";"1";""
"202400051551";"155691062";"A01";"1";"50";"0";"1";"1";"1";"3";""
"202400051552";"155691065";"B01";"1";"1";"0";"2";"0";"1";"5";""
"202400051552";"155691074";"A01";"2";"7";"0";"2";"1";"9";"1";""
"202400051553";"155691059";"A01";"1";"10";"0";"1";"1";"15";"1";""
"202400051554";"155691058";"A01";"3";"31";"13";"0";"0";"14";"1";""
"202400051555";"155691057";"B01";"1";"7";"0";"2";"3";"1";"2";""
"202400051555";"155691061";"A01";"1";"10";"0";"2";"1";"5";"1";""
"202400051556";"155691055";"A01";"3";"7";"15";"0";"9";"1";"1";""
"202400051557";"155691052";"A01";"1";"7";"0";"0";"8";"9";"1";""
"202400051557";"155691060";"B01";"1";"7";"0";"2";"1";"1";"1";""
"202400051558";"155691056";"A01";"1";"7";"0";"1";"3";"1";"1";""
"202400051559";"155691053";"A01";"1";"7";"9";"0";"2";"0";"1";""
"202400051560";"155691050";"A01";"3";"7";"0";"2";"8";"24";"1";""
"202400051560";"155691054";"B01";"3";"37";"1";"0";"2";"1";"1";"1"
"202400051561";"155691043";"B01";"0";"1";"0";"2";"0";"0";"5";""
"202400051561";"155691048";"A01";"0";"7";"0";"2";"3";"15";"1";""
"202400051562";"155691045";"B01";"2";"30";"0";"2";"3";"1";"1";""
"202400051562";"155691051";"A01";"2";"7";"0";"2";"3";"9";"1";""
"202400051563";"155691038";"A01";"1";"7";"0";"2";"3";"13";"1";""
"202400051563";"155691046";"B01";"2";"7";"0";"2";"3";"1";"1";""
"202400051564";"155691041";"A01";"2";"7";"13";"0";"1";"1";"1";""
"202400051565";"155691044";"A01";"2";"7";"0";"2";"1";"15";"1";""
"202400051565";"155691049";"B01";"1";"1";"0";"2";"8";"1";"5";""
"202400051566";"155691042";"B01";"2";"7";"0";"2";"5";"1";"1";""
"202400051566";"155691047";"A01";"2";"50";"0";"2";"5";"18";"3";""
"202400051567";"155691040";"A01";"2";"7";"13";"0";"1";"1";"1";""
"202400051568";"155691035";"A01";"1";"1";"0";"2";"4";"15";"5";""
"202400051568";"155691039";"B01";"1";"7";"8";"2";"1";"17";"1";""
"202400051569";"155691032";"A01";"2";"1";"1";"0";"1";"26";"5";""
"202400051570";"155691034";"Z01";"3";"50";"0";"2";"1";"1";"3";""
"202400051570";"155691036";"A01";"3";"1";"0";"2";"1";"1";"5";""
"202400051571";"155691031";"A01";"1";"7";"0";"2";"3";"26";"1";""
"202400051571";"155691037";"B01";"1";"30";"0";"2";"1";"6";"1";""
"202400051572";"155691029";"B01";"3";"7";"0";"2";"4";"1";"1";""
"202400051572";"155691033";"A01";"3";"10";"0";"2";"1";"1";"3";""
"202400051573";"155691023";"A01";"3";"33";"0";"2";"3";"5";"1";""
"202400051573";"155691028";"B01";"3";"30";"0";"2";"2";"23";"1";""
"202400051574";"155691024";"A01";"3";"7";"0";"2";"1";"26";"1";""
"202400051575";"155691018";"A01";"2";"7";"0";"2";"1";"13";"1";""
"202400051575";"155691022";"B01";"1";"7";"0";"2";"1";"1";"1";""
"202400051576";"155691019";"B01";"1";"10";"0";"2";"2";"17";"1";""
"202400051576";"155691027";"A01";"1";"33";"0";"0";"8";"15";"1";""
"202400051577";"155691021";"A01";"1";"7";"0";"2";"4";"15";"1";""
"202400051577";"155691026";"B01";"1";"10";"0";"2";"1";"21";"1";""
"202400051577";"155691030";"C01";"2";"7";"0";"2";"3";"1";"1";""
"202400051578";"155691020";"A01";"1";"7";"0";"1";"8";"2";"1";""
"202400051579";"155691011";"A01";"1";"7";"0";"2";"3";"0";"1";""
"202400051579";"155691016";"B01";"2";"2";"0";"2";"1";"26";"1";""
"202400051580";"155691010";"A01";"1";"7";"0";"2";"1";"5";"1";""
"202400051580";"155691013";"B01";"2";"7";"0";"2";"1";"1";"1";""
"202400051581";"155691014";"B01";"2";"50";"0";"2";"8";"2";"3";""
"202400051581";"155691025";"A01";"1";"7";"0";"2";"3";"2";"1";""
"202400051582";"155691008";"B01";"3";"1";"0";"2";"1";"1";"5";""