"Num_Acc";"id_vehicule";"num_veh";"senc";"catv";"obs";"obsm";"choc";"manv";"motor";"occutc"
"202400051582";"155691017";"A01";"3";"7";"0";"2";"2";"16";"1";""
"202400051583";"155691006";"A01";"3";"30";"0";"0";"1";"1";"1";""
"202400051584";"155691001";"C01";"1";"7";"0";"2";"4";"1";"1";""
"202400051584";"155691005";"A01";"1";"7";"0";"2";"1";"1";"1";""
"202400051584";"155691012";"B01";"1";"7";"0";"2";"1";"1";"1";""
"202400051584";"155691015";"D01";"1";"7";"0";"2";"4";"1";"1";""
"202400051585";"155690999";"B01";"1";"7";"0";"2";"3";"1";"1";""
"202400051585";"155691007";"A01";"2";"10";"0";"2";"2";"19";"1";""
"202400051586";"155691002";"A01";"1";"33";"0";"0";"0";"14";"1";""
"202400051587";"155690994";"A01";"1";"32";"13";"0";"1";"1";"1";""
"202400051588";"155690993";"B01";"1";"7";"0";"2";"6";"2";"1";""
"202400051588";"155691003";"A01";"1";"7";"0";"2";"1";"9";"1";""
"202400051589";"155690989";"A01";"2";"2";"0";"0";"9";"1";"1";""
"202400051590";"155690991";"A01";"1";"15";"0";"2";"1";"19";"1";""
"202400051590";"155690996";"B01";"2";"7";"0";"2";"3";"15";"3";""
"202400051591";"155690990";"A01";"1";"14";"0";"2";"3";"2";"1";""
"202400051591";"155690997";"B01";"1";"33";"0";"2";"4";"16";"1";""
"202400051592";"155690985";"A01";"1";"7";"13";"0";"1";"17";"1";""
"202400051593";"155690986";"B01";"1";"7";"0";"2";"5";"1";"2";""
"202400051593";"155690995";"A01";"1";"30";"0";"2";"5";"26";"1";""
"202400051594";"155690981";"A01";"2";"7";"6";"0";"3";"1";"1";""
"202400051595";"155690984";"A01";"1";"10";"0";"2";"2";"16";"1";""
"202400051595";"155690988";"B01";"1";"32";"0";"2";"8";"1";"1";""
"202400051596";"155690978";"A01";"1";"7";"6";"0";"1";"1";"1";""
"202400051597";"155690977";"A01";"3";"7";"0";"2";"1";"2";"1";""
"202400051597";"155690983";"B01";"3";"7";"0";"2";"4";"2";"3";""
"202400051597";"155690987";"C01";"3";"7";"0";"2";"4";"2";"1";""
"202400051598";"155690975";"A01";"1";"33";"0";"2";"1";"13";"1";""
"202400051598";"155690982";"B01";"2";"7";"0";"2";"1";"1";"1";""
"202400051599";"155690972";"A01";"1";"2";"0";"9";"1";"10";"1";""
"202400051599";"155690979";"B01";"2";"2";"0";"9";"6";"1";"1";""
"202400051600";"155690973";"A01";"3";"34";"0";"2";"1";"1";"1";""
"202400051600";"155690980";"B01";"3";"7";"0";"2";"3";"15";"1";""
"202400051601";"155690969";"A01";"2";"1";"0";"2";"1";"17";"5";""
"202400051601";"155690971";"B01";"2";"7";"0";"2";"3";"15";"1";""
"202400051602";"155690970";"A01";"1";"7";"0";"2";"1";"1";"1";""
"202400051602";"155690976";"B01";"1";"50";"0";"2";"4";"1";"3";""
"202400051603";"155690965";"B01";"1";"10";"0";"2";"3";"1";"0";""
"202400051603";"155690974";"A01";"1";"33";"0";"2";"7";"1";"1";""
"202400051604";"155690968";"A01";"3";"7";"0";"1";"0";"9";"1";""
"202400051605";"155690962";"A01";"1";"7";"5";"0";"0";"1";"0";""
"202400051606";"155690959";"A01";"1";"7";"0";"2";"3";"15";"2";""
"202400051606";"155690961";"B01";"2";"2";"0";"2";"1";"1";"1";""
"202400051607";"155690954";"A01";"2";"7";"0";"2";"6";"19";"1";""
"202400051607";"155690964";"B01";"2";"33";"0";"2";"1";"1";"1";""
"202400051608";"155690952";"A01";"3";"7";"0";"2";"3";"1";"1";""
"202400051608";"155690958";"B01";"3";"80";"0";"2";"1";"13";"3";""
"202400051609";"155690953";"C01";"2";"7";"0";"2";"1";"1";"1";""
"202400051609";"155690960";"A01";"1";"7";"3";"2";"1";"13";"1";""
"202400051609";"155690967";"B01";"2";"7";"0";"2";"1";"1";"1";""
"202400051610";"155690950";"A01";"1";"7";"0";"2";"1";"21";"1";""
"202400051610";"155690955";"B01";"1";"10";"0";"2";"4";"2";"1";""
"202400051611";"155690949";"A01";"2";"33";"0";"1";"1";"1";"1";""
"202400051612";"155690956";"B01";"1";"10";"0";"2";"4";"16";"1";""
"202400051612";"155690963";"A01";"1";"37";"0";"2";"1";"2";"1";"2"
"202400051613";"155690948";"A01";"0";"7";"0";"1";"1";"1";"1";""
"202400051614";"155690945";"A01";"2";"10";"0";"2";"7";"14";"1";""
"202400051614";"155690957";"B01";"2";"10";"0";"2";"8";"1";"1";""
"202400051615";"155690944";"A01";"2";"50";"0";"2";"1";"1";"3";""
"202400051615";"155690951";"B01";"1";"7";"0";"2";"8";"19";"1";""
"202400051616";"155690939";"A01";"0";"10";"0";"2";"3";"17";"1";""
"202400051616";"155690942";"B01";"0";"7";"0";"2";"3";"1";"1";""
"202400051617";"155690940";"Z01";"3";"10";"0";"1";"1";"26";"0";""
"202400051618";"155690938";"A01";"2";"7";"0";"2";"5";"12";"1";""
"202400051618";"155690941";"B01";"2";"33";"0";"2";"1";"1";"1";""
"202400051619";"155690934";"A01";"2";"33";"13";"0";"1";"13";"1";""
"202400051620";"155690933";"A01";"0";"7";"0";"0";"0";"0";"1";""
"202400051621";"155690931";"C01";"1";"7";"0";"2";"6";"1";"1";""
"202400051621";"155690937";"B01";"1";"7";"0";"2";"3";"3";"1";""
"202400051621";"155690943";"A01";"2";"7";"0";"2";"1";"1";"2";""
"202400051622";"155690929";"A01";"2";"7";"0";"2";"1";"2";"1";""
"202400051622";"155690936";"B01";"2";"7";"0";"2";"4";"1";"1";""
"202400051623";"155690926";"A01";"1";"10";"0";"2";"1";"1";"1";""
"202400051623";"155690932";"B01";"1";"7";"0";"2";"4";"1";"1";""
"202400051624";"155690923";"B01";"1";"33";"1";"2";"7";"21";"1";""
"202400051624";"155690930";"A01";"1";"7";"0";"2";"3";"19";"1";""
"202400051625";"155690924";"A01";"3";"7";"0";"1";"2";"26";"1";""
"202400051626";"155690928";"A01";"1";"14";"0";"2";"5";"23";"1";""
"202400051626";"155690935";"B01";"1";"2";"0";"2";"1";"1";"1";""
"202400051627";"155690922";"A01";"0";"7";"0";"0";"4";"1";"1";""
"202400051627";"155690925";"B01";"0";"7";"0";"2";"1";"2";"1";""
"202400051628";"155690919";"C01";"2";"7";"0";"2";"0";"0";" -1";""
"202400051628";"155690927";"A01";"2";"7";"0";"0";"0";"21";"1";""
"202400051629";"155690920";"A01";"2";"7";"2";"0";"2";"13";"1";""
"202400051630";"155690921";"A01";"2";"31";"9";"0";"1";"1";"1";""
"202400051631";"155690916";"A01";"3";"7";"0";"5";"2";"21";"1";""
"202400051632";"155690914";"A01";"2";"7";"0";"1";"3";"1";"2";""
"202400051633";"155690917";"A01";"0";"7";"1";"0";"1";"1";"1";""
"202400051634";"155690909";"A01";"1";"7";"0";"2";"0";"2";"1";""
"202400051634";"155690913";"B01";"1";"50";"0";"2";"0";"2";"3";""
"202400051635";"155690910";"A01";"1";"7";"0";"2";"3";"13";"2";""
"202400051635";"155690915";"B01";"2";"15";"0";"2";"8";"1";"1";""
"202400051636";"155690911";"A01";"1";"7";"4";"0";"3";"13";"1";""
"202400051637";"155690908";"B01";"2";"7";"0";"2";"3";"16";"1";""
"202400051637";"155690918";"A01";"2";"7";"0";"0";"7";"1";"1";""
"202400051638";"155690906";"A01";"1";"7";"16";"0";"3";"1";"1";""
"202400051639";"155690907";"A01";"1";"50";"0";"0";"0";"1";"3";""
"202400051640";"155690904";"A01";"2";"7";"0";"2";"7";"12";"1";""
"202400051640";"155690912";"B01";"2";"33";"0";"2";"8";"1";"1";""
"202400051641";"155690903";"A01";"2";"32";"16";"0";"7";"15";"1";""
"202400051642";"155690902";"A01";"2";"33";"0";"2";"1";"1";"1";""
"202400051642";"155690905";"B01";"1";"7";"0";"2";"8";"9";"2";""
"202400051643";"155690901";"A01";"2";"17";"0";"1";"2";"1";"1";""
"202400051644";"155690898";"A01";"1";"7";"13";"0";"2";"0";"1";""
"202400051645";"155690894";"A01";"1";"7";"0";"2";"1";"2";"1";""
"202400051645";"155690899";"B01";"1";"15";"0";"0";"4";"1";"1";""
"202400051646";"155690895";"A01";"3";"7";"6";"0";"2";"1";"1";""
"202400051647";"155690891";"A01";"2";"7";"0";"2";"8";"13";"1";""
"202400051647";"155690896";"B01";"2";"7";"3";"2";"5";"1";"1";""
"202400051648";"155690892";"A01";"2";"32";"0";"0";"1";"1";"1";""
"202400051649";"155690893";"A01";"0";"33";"0";"2";"3";"13";"1";""
"202400051649";"155690897";"B01";"0";"7";"0";"9";"3";"1";"2";""
"202400051650";"155690889";"A01";"3";"33";"0";"0";"7";"9";"1";""
"202400051651";"155690890";"B01";"3";"30";"0";"2";"7";"15";"3";""
"202400051651";"155690900";"A01";"3";"7";"0";"2";"0";"0";"1";""
"202400051652";"155690888";"A01";"1";"7";"14";"0";"3";"1";"1";""
"202400051653";"155690886";"A01";"1";"15";"0";"0";"4";"1";"1";""
"202400051653";"155690887";"B01";"1";"7";"0";"2";"1";"11";"1";""
"202400051654";"155690885";"A01";"1";"30";"15";"0";"0";"16";"1";""
"202400051655";"155690880";"A01";"2";"10";"0";"1";"1";"1";"1";""
"202400051656";"155690882";"A01";"2";"7";"1";"0";"6";"2";"1";""
"202400051657";"155690878";"A01";"1";"31";"0";"2";"3";"3";"1";""
"202400051657";"155690881";"B01";"1";"10";"0";"2";"5";"1";"1";""
"202400051658";"155690875";"B01";"1";"7";"0";"2";"8";"1";"1";""
"202400051658";"155690884";"A01";"1";"7";"0";"2";"7";"12";"1";""
"202400051659";"155690877";"B01";"1";"7";"6";"0";"6";"1";"1";""
"202400051659";"155690883";"A01";"1";"7";"15";"2";"2";"11";"1";""
"202400051660";"155690874";"B01";"1";"15";"0";"2";"2";"17";"1";""
"202400051660";"155690879";"A01";"1";"10";"0";"0";"6";"0";"1";""
"202400051661";"155690871";"A01";"1";"17";"0";"0";"7";"1";"1";""
"202400051662";"155690868";"A01";"2";"7";"0";"2";"2";"15";"1";""
"202400051662";"155690872";"B01";"2";"33";"0";"2";"1";"1";"1";""
"202400051663";"155690864";"A01";"2";"7";"0";"2";"4";"1";"1";""
"202400051663";"155690876";"X01";"2";"0";"0";"0";"0";"0";"0";""
"202400051664";"155690865";"B01";"2";"33";"0";"2";"3";"17";"1";""
"202400051664";"155690870";"A01";"2";"7";"0";"2";"3";"10";"1";""
"202400051665";"155690862";"A01";"1";"7";"0";"2";"5";"12";"1";""
"202400051665";"155690867";"B01";"1";"43";"0";"2";"1";"2";"1";""
"202400051666";"155690859";"A01";"1";"17";"13";"0";"2";"1";"1";""
"202400051667";"155690857";"A01";"2";"10";"0";"2";"1";"2";"1";""
"202400051667";"155690863";"B01";"2";"7";"0";"2";"4";"2";"1";""
"202400051668";"155690858";"B01";"2";"80";"0";"2";"1";"0";"3";""
"202400051668";"155690869";"A01";"2";"7";"0";"2";"2";"1";"1";""
"202400051669";"155690855";"B01";"2";"33";"0";"0";"3";"1";"1";""
"202400051669";"155690861";"A01";"1";"33";"0";"0";"3";"13";"1";""
"202400051670";"155690856";"A01";"2";"7";"13";"0";"1";"1";"1";""
"202400051671";"155690854";"B01";"1";"7";"0";"2";"1";"1";"1";""
"202400051671";"155690873";"A01";"2";"7";"0";"2";"7";"1";"1";""
"202400051672";"155690852";"A01";"2";"7";"4";"0";"9";"1";"1";""
"202400051673";"155690850";"A01";"3";"1";"0";"0";"0";"0";"5";""
"202400051674";"155690847";"A01";"2";"33";"0";"2";"3";"1";"1";""
"202400051674";"155690851";"Z01";"2";"7";"0";"2";"5";"12";"0";""
"202400051675";"155690844";"A01";"2";"10";"0";"2";"8";"11";"1";""
"202400051675";"155690848";"B01";"2";"33";"0";"2";"7";"1";"1";""
"202400051676";"155690834";"A01";"1";"30";"0";"2";"4";"1";"1";""
"202400051676";"155690839";"B01";"1";"7";"0";"2";"2";"1";"1";""
"202400051677";"155690841";"A01";"1";"7";"2";"0";"1";"1";"1";""
"202400051678";"155690832";"B01";"2";"7";"0";"2";"4";"2";"1";""
"202400051678";"155690835";"A01";"2";"7";"0";"2";"1";"2";"1";""
"202400051679";"155690828";"A01";"2";"33";"0";"0";"7";"1";"1";""
"202400051680";"155690836";"B01";"3";"7";"0";"2";"3";"15";"1";""
"202400051680";"155690853";"A01";"3";"7";"0";"2";"1";"1";"1";""
"202400051681";"155690826";"B01";"1";"14";"0";"2";"7";"12";"1";""
"202400051681";"155690827";"A01";"1";"7";"0";"2";"8";"1";"1";""
"202400051682";"155690838";"B01";"2";"7";"0";"2";"7";"15";"1";""
"202400051682";"155690845";"A01";"1";"7";"0";"2";"1";"1";"3";""
"202400051683";"155690829";"A01";"1";"33";"13";"0";"0";"1";"1";""
"202400051684";"155690830";"A01";"2";"10";"0";"2";"3";"13";"1";""
"202400051684";"155690837";"B01";"2";"14";"0";"2";"6";"13";"1";""
"202400051684";"155690843";"C01";"2";"7";"4";"2";"2";"1";"1";""
"202400051684";"155690849";"D01";"2";"7";"0";"2";"1";"2";"1";""
"202400051685";"155690831";"B01";"3";"7";"0";"2";"8";"9";"1";""
"202400051685";"155690846";"A01";"1";"7";"0";"2";"1";"1";"1";""
"202400051686";"155690825";"A01";"3";"7";"6";"0";"1";"1";"1";""
"202400051687";"155690821";"B01";"1";"33";"0";"2";"2";"1";"1";""
"202400051687";"155690823";"A01";"1";"7";"0";"2";"3";"9";"1";""
"202400051688";"155690819";"A01";"1";"7";"0";"2";"1";"5";"1";""
"202400051688";"155690822";"B01";"2";"7";"0";"2";"1";"1";"1";""
"202400051689";"155690816";"A01";"1";"7";"13";"0";"2";"13";"1";""
"202400051690";"155690812";"A01";"1";"7";"0";"2";"0";"0";"1";""
"202400051690";"155690818";"B01";"1";"33";"0";"2";"0";"1";"1";""
"202400051691";"155690811";"B01";"1";"50";"0";"2";"3";"1";"3";""
"202400051691";"155690817";"A01";"2";"7";"0";"2";"3";"15";"2";""
"202400051692";"155690809";"A01";"3";"33";"1";"2";"1";"21";"1";""
"202400051693";"155690808";"B01";"1";"1";"0";"2";"8";"9";"5";""
"202400051693";"155690814";"A01";"1";"30";"0";"2";"1";"2";"1";""
"202400051694";"155690810";"B01";"3";"7";"0";"9";"3";"1";"1";""
"202400051694";"155690815";"A01";"0";"1";"0";"2";"1";"15";"5";""
"202400051695";"155690803";"B01";"3";"10";"0";"2";"7";"17";"1";""
"202400051695";"155690807";"A01";"0";"32";"0";"0";"8";"1";"1";""
"202400051696";"155690802";"A01";"1";"33";"0";"2";"5";"12";"1";""
"202400051696";"155690806";"B01";"1";"7";"0";"2";"3";"1";"1";""
"202400051697";"155690804";"A01";"1";"7";"0";"2";"1";"1";"1";""
"202400051697";"155690824";"B01";"3";"7";"0";"2";"3";"1";"1";""
"202400051698";"155690796";"A01";"2";"7";"3";"0";"1";"1";"1";""
"202400051699";"155690799";"A01";"1";"37";"0";"1";"1";"1";"1";"1"
"202400051700";"155690795";"A01";"2";"3";"0";"0";"9";"15";"3";""
"202400051701";"155690800";"B01";"3";"7";"0";"2";"3";"1";"1";""
"202400051701";"155690805";"A01";"3";"33";"0";"2";"1";"1";"1";""
"202400051702";"155690792";"A01";"2";"7";"0";"2";"1";"2";"1";""
"202400051702";"155690798";"B01";"2";"7";"0";"2";"4";"23";"1";""
"202400051703";"155690790";"A01";"1";"13";"13";"0";"3";"14";"1";""
"202400051704";"155690794";"A01";"1";"7";"0";"2";"1";"2";"1";""
"202400051704";"155690813";"C01";"1";"7";"0";"2";"4";"0";"1";""
"202400051704";"155690820";"B01";"1";"10";"0";"2";"0";"0";"1";""
"202400051705";"155690791";"A01";"2";"7";"0";"2";"1";"15";"1";""
"202400051705";"155690797";"B01";"1";"33";"0";"2";"1";"1";"1";""
"202400051705";"155690801";"C01";"1";"33";"0";"2";"1";"1";"1";""
"202400051706";"155690787";"A01";"1";"10";"0";"2";"1";"2";"1";""
"202400051706";"155690789";"B01";"1";"10";"0";"2";"4";"2";"1";""
"202400051707";"155690788";"A01";"3";"7";"0";"2";"7";"9";"1";""
"202400051707";"155690793";"B01";"2";"7";"0";"2";"1";"1";"1";""
"202400051708";"155690785";"A01";"2";"2";"12";"0";"1";"1";"1";""
"202400051709";"155690783";"A01";"2";"60";"12";"0";"1";"19";"5";""
"202400051710";"155690774";"A01";"3";"7";"0";"2";"1";"1";"0";""
"202400051710";"155690781";"B01";"3";"7";"0";"2";"3";"1";"0";""
"202400051711";"155690776";"B01";"1";"7";"0";"2";"2";"16";"1";""
"202400051711";"155690780";"A01";"1";"32";"0";"2";"1";"18";"1";""
"202400051712";"155690775";"A01";"2";"7";"0";"2";"1";"2";"1";""
"202400051712";"155690784";"B01";"2";"7";"0";"2";"4";"2";"1";""
"202400051713";"155690771";"B01";"2";"7";"0";"2";"1";"1";"1";""
"202400051713";"155690778";"A01";"1";"7";"0";"2";"1";"17";"1";""
"202400051714";"155690770";"A01";"1";"7";"0";"2";"5";"26";"1";""
"202400051714";"155690777";"B01";"1";"7";"0";"2";"1";"0";"1";""
"202400051715";"155690772";"A01";"2";"34";"0";"2";"0";"17";"1";""
"202400051715";"155690779";"B01";"2";"7";"0";"2";"3";"1";"1";""
"202400051716";"155690769";"A01";"2";"15";"0";"2";"2";"13";"1";""
"202400051716";"155690773";"B01";"2";"7";"3";"0";"1";"0";"1";""
"202400051717";"155690766";"A01";"3";"7";"13";"0";"1";"1";"1";""
"202400051718";"155690764";"A01";"3";"7";"0";"1";"1";"1";"1";""
"202400051719";"155690759";"A01";"3";"33";"0";"5";"1";"1";"1";""
"202400051720";"155690762";"B01";"2";"1";"0";"2";"8";"19";"5";""
"202400051720";"155690767";"A01";"2";"7";"0";"2";"1";"6";"1";""
"202400051721";"155690763";"A01";"3";"1";"0";"1";"1";"1";"5";""
"202400051722";"155690760";"Z01";"2";"7";"0";"1";"2";"0";"1";""
"202400051723";"155690756";"A01";"2";"7";"0";"2";"5";"21";"1";""
"202400051723";"155690757";"B01";"2";"34";"0";"2";"1";"3";"1";""
"202400051724";"155690755";"A01";"3";"7";"0";"2";"1";"1";"0";""
"202400051724";"155690758";"B01";"3";"1";"0";"2";"7";"1";"5";""
"202400051725";"155690754";"A01";"3";"7";"0";"9";"1";"1";"1";""
"202400051725";"155690761";"B01";"3";"1";"0";"2";"8";"19";"5";""
"202400051726";"155690750";"B01";"3";"1";"0";"0";"0";"0";"5";""
"202400051726";"155690753";"A01";"3";"7";"0";"2";"1";"2";"1";""
"202400051727";"155690748";"A01";"0";"7";"2";"0";"1";"1";"1";""
"202400051728";"155690749";"A01";"1";"7";"2";"0";"1";"1";"1";""
"202400051729";"155690745";"A01";"3";"7";"0";"2";"3";"15";"1";""
"202400051729";"155690752";"B01";"3";"10";"0";"2";"2";"1";"1";""
"202400051730";"155690747";"A01";"2";"7";"0";"2";"1";"2";"1";""
"202400051730";"155690751";"B01";"2";"7";"0";"2";"4";"2";"1";""
"202400051731";"155690746";"A01";"2";"7";"2";"0";"9";"1";"1";""
"202400051732";"155690744";"A01";"0";"7";"6";"0";"1";"1";"2";""
"202400051733";"155690742";"A01";"1";"7";"4";"0";"1";"1";"1";""
"202400051734";"155690740";"A01";"1";"7";"12";"2";"4";"20";"1";""
"202400051734";"155690743";"B01";"1";"2";"0";"2";"1";"1";"1";""
"202400051735";"155690736";"A01";"3";"33";"0";"0";"0";"0";"1";""
"202400051736";"155690735";"A01";"3";"1";"0";"0";"0";"23";"5";""
"202400051737";"155690737";"A01";"1";"7";"0";"1";"7";"1";"1";""
"202400051738";"155690734";"A01";"3";"7";"8";"2";"4";"23";"1";""
"202400051738";"155690741";"Z01";"3";"7";"0";"2";"1";"1";"1";""
"202400051739";"155690731";"A01";"0";"7";"9";"1";"1";"25";"3";""
"202400051740";"155690732";"B01";"2";"7";"0";"0";"0";"1";"1";""
"202400051740";"155690739";"A01";"1";"50";"0";"0";"0";"19";"3";""
"202400051741";"155690728";"A01";"2";"7";"0";"2";"1";"2";"1";""
"202400051741";"155690733";"B01";"2";"7";"0";"2";"6";"2";"1";""
"202400051742";"155690727";"A01";"2";"7";"0";"2";"3";"1";"2";""
"202400051742";"155690730";"B01";"3";"1";"0";"2";"2";"1";"5";""
"202400051743";"155690725";"A01";"1";"30";"8";"0";"1";"1";"1";""
"202400051744";"155690720";"A01";"3";"30";"0";"2";"0";"18";"1";""
"202400051744";"155690726";"B01";"3";"2";"0";"2";"8";"1";"1";""
"202400051745";"155690721";"A01";"1";"7";"14";"2";"1";"1";"1";""
"202400051745";"155690729";"B01";"1";"7";"0";"2";"4";"2";"1";""
"202400051746";"155690724";"A01";"2";"7";"0";"1";"3";"1";"1";""
"202400051747";"155690719";"A01";"2";"7";"13";"0";"3";"1";"1";""
"202400051748";"155690718";"A01";"2";"1";"0";"2";"1";"1";"5";""
"202400051748";"155690723";"Z01";"1";"7";"0";"2";"1";"15";"1";""
"202400051749";"155690714";"B01";"1";"2";"0";"2";"1";"1";"1";""
"202400051749";"155690722";"A01";"2";"7";"0";"2";"7";"15";"1";""
"202400051750";"155690713";"A01";"1";"2";"0";"0";"0";"14";"1";""
"202400051751";"155690708";"B01";"2";"7";"0";"2";"1";"1";"1";""
"202400051751";"155690715";"A01";"1";"7";"0";"2";"1";"13";"1";""
"202400051752";"155690705";"A01";"2";"7";"0";"2";"3";"13";"1";""
"202400051752";"155690709";"B01";"1";"7";"0";"0";"8";"1";"1";""
"202400051752";"155690712";"C01";"1";"7";"13";"0";"3";"21";"1";""
"202400051752";"155690717";"D01";"1";"7";"0";"2";"3";"1";"1";""
"202400051753";"155690706";"A01";"1";"7";"0";"2";"1";"14";"1";""
"202400051753";"155690710";"B01";"2";"7";"0";"2";"1";"26";"2";""
"202400051754";"155690700";"A01";"2";"33";"14";"0";"1";"2";"1";""
"202400051755";"155690704";"A01";"2";"1";"0";"0";"0";"1";"5";""
"202400051756";"155690702";"A01";"1";"33";"0";"2";"1";"17";"1";""
"202400051756";"155690711";"B01";"1";"21";"0";"2";"8";"15";"1";""
"202400051757";"155690701";"B01";"2";"1";"0";"2";"8";"1";"5";""
"202400051757";"155690707";"Z01";"2";"7";"0";"2";"7";"1";"0";""
"202400051758";"155690697";"A01";"1";"13";"0";"0";"4";"26";"1";""
"202400051758";"155690703";"B01";"2";"50";"1";"9";"1";"1";"3";""
"202400051759";"155690693";"A01";"2";"7";"0";"1";"3";"15";"1";""
"202400051760";"155690695";"A01";"2";"7";"4";"2";"1";"1";"1";""
"202400051760";"155690698";"B01";"2";"7";"0";"2";"4";"1";"1";""
"202400051761";"155690691";"A01";"0";"7";"0";"1";"1";"19";"1";""
"202400051762";"155690690";"A01";"3";"7";"0";"2";"1";"15";"1";""
"202400051762";"155690696";"B01";"1";"32";"0";"2";"1";"1";"1";""
"202400051762";"155690699";"C01";"2";"1";"0";"2";"1";"1";"5";""
"202400051763";"155690689";"A01";"2";"31";"0";"0";"1";"1";"1";""
"202400051764";"155690686";"A01";"1";"7";"0";"2";"0";"0";"1";""
"202400051764";"155690694";"B01";"2";"50";"0";"2";"8";"19";"3";""
"202400051765";"155690685";"A01";"2";"1";"0";"1";"7";"21";"5";""
"202400051766";"155690681";"D01";"1";"7";"0";"0";"0";"0";"1";""
"202400051766";"155690684";"A01";"1";"7";"3";"0";"1";"1";"1";""
"202400051766";"155690688";"B01";"1";"7";"3";"0";"1";"1";"1";""
"202400051766";"155690692";"C01";"1";"7";"0";"2";"4";"1";"1";""
"202400051767";"155690678";"A01";"2";"7";"5";"2";"1";"5";"1";""
"202400051767";"155690683";"B01";"1";"7";"0";"2";"1";"23";"1";""
"202400051768";"155690679";"A01";"2";"7";"0";"1";"3";"1";"1";""
"202400051769";"155690676";"A01";"1";"7";"16";"0";"9";"1";"1";""
"202400051770";"155690675";"B01";"3";"50";"0";"2";"7";"1";"3";""
"202400051770";"155690682";"A01";"2";"7";"0";"2";"3";"9";"1";""
"202400051771";"155690677";"A01";"2";"50";"0";"2";"3";"9";"3";""
"202400051771";"155690687";"B01";"1";"10";"0";"2";"2";"15";"1";""
"202400051772";"155690674";"A01";"1";"33";"0";"2";"1";"1";"1";""
"202400051772";"155690680";"B01";"2";"34";"0";"2";"7";"1";"1";""
"202400051773";"155690673";"A01";"1";"7";"4";"0";"8";"21";"1";""
"202400051774";"155690670";"A01";"1";"10";"4";"0";"2";"14";"1";""
"202400051775";"155690672";"A01";"1";"7";"0";"1";"2";"16";"3";""
"202400051776";"155690667";"B01";"1";"7";"0";"2";"6";"2";"2";""
"202400051776";"155690671";"A01";"1";"2";"0";"2";"1";"2";"1";""
"202400051777";"155690662";"B01";"2";"33";"0";"2";"1";"3";"1";""
"202400051777";"155690668";"A01";"2";"7";"0";"2";"6";"1";"1";""
"202400051778";"155690660";"B01";"2";"7";"0";"2";"4";"1";"1";""
"202400051778";"155690665";"A01";"2";"7";"0";"2";"1";"1";"1";""
"202400051779";"155690659";"A01";"1";"7";"0";"1";"2";"17";"1";""
"202400051780";"155690655";"B01";"2";"33";"0";"2";"3";"1";"1";""
"202400051780";"155690664";"A01";"1";"33";"0";"2";"3";"13";"1";""
"202400051781";"155690654";"A01";"1";"7";"0";"2";"4";"1";"1";""
"202400051781";"155690657";"C01";"1";"7";"0";"2";"1";"1";"1";""
"202400051781";"155690663";"Z01";"1";"7";" -1";"2";" -1";" -1";" -1";""
"202400051781";"155690669";"B01";"1";"7";"0";"2";"4";"1";"1";""
"202400051782";"155690653";"A01";"2";"33";"0";"2";"7";"3";"1";""
"202400051782";"155690656";"B01";"2";"7";"0";"2";"3";"11";"1";""
"202400051782";"155690661";"C01";"2";"7";"0";"2";"5";"1";"3";""
"202400051783";"155690652";"A01";"1";"7";"4";"0";"1";"16";"1";""
"202400051784";"155690650";"A01";"1";"7";"4";"0";"8";"26";"1";""
"202400051785";"155690648";"A01";"1";"33";"0";"0";"7";"0";"1";""
"202400051786";"155690647";"A01";"3";"10";"0";"1";"2";"9";"0";""
"202400051787";"155690644";"A01";"1";"7";"0";"2";"1";"1";"2";""
"202400051787";"155690651";"B01";"1";"15";"0";"2";"6";"1";"1";""
"202400051788";"155690643";"A01";"0";"30";"0";"2";"0";"0";"1";""
"202400051788";"155690649";"B01";"0";"50";"0";"2";"0";"0";"3";""
"202400051789";"155690641";"A01";"2";"2";"0";"2";"1";"17";"1";""
"202400051789";"155690646";"B01";"2";"7";"0";"2";"3";"0";"1";""
"202400051790";"155690640";"A01";"2";"7";"4";"0";"1";"11";"1";""
"202400051791";"155690639";"B01";"1";"33";"0";"2";"3";"1";"1";""
"202400051791";"155690642";"A01";"2";"7";"0";"2";"3";"15";"1";""
"202400051792";"155690634";"A01";"3";"7";"0";"1";"0";"16";"1";""
"202400051793";"155690633";"A01";"2";"7";"0";"2";"4";"1";"1";""
"202400051793";"155690645";"B01";"2";"7";"0";"2";"1";"1";"1";""
"202400051794";"155690628";"A01";"1";"7";"0";"2";"1";"1";"1";""
"202400051794";"155690638";"B01";"1";"15";"0";"2";"4";"1";"1";""
"202400051795";"155690631";"A01";"1";"7";"4";"0";"1";"15";"1";""
"202400051796";"155690632";"A01";"2";"7";"0";"2";"3";"13";"1";""
"202400051796";"155690637";"B01";"1";"7";"0";"2";"3";"1";"1";""
"202400051797";"155690627";"A01";"3";"37";"0";"1";"2";"1";"1";"1"
"202400051798";"155690630";"A01";"1";"30";"0";"2";"1";"9";"1";""
"202400051798";"155690636";"B01";"2";"7";"0";"2";"3";"1";"1";""
"202400051799";"155690623";"A01";"2";"10";"0";"2";"1";"1";"1";""
"202400051799";"155690626";"B01";"2";"7";"0";"2";"4";"2";"1";""
"202400051799";"155690635";"C01";"2";"7";"3";"2";"4";"2";"1";""
"202400051800";"155690621";"B01";"2";"50";"0";"2";"0";"0";"3";""