"Num_Acc";"id_vehicule";"num_veh";"senc";"catv";"obs";"obsm";"choc";"manv";"motor";"occutc"
"202400051800";"155690629";"A01";"2";"7";"0";"9";"2";"15";"2";""
"202400051801";"155690618";"A01";"1";"33";"0";"2";"1";"1";"1";""
"202400051801";"155690624";"B01";"2";"7";"0";"2";"5";"15";"1";""
"202400051802";"155690625";"A01";"2";"37";"0";"1";"7";"1";"2";"1"
"202400051803";"155690616";"A01";"1";"10";"0";"2";"4";"2";"1";""
"202400051803";"155690622";"B01";"1";"33";"0";"2";"1";"2";"1";""
"202400051804";"155690613";"A01";"1";"7";"0";"2";"1";"1";"1";""
"202400051804";"155690617";"B01";"1";"7";"0";"2";"4";"0";"1";""
"202400051805";"155690612";"Z01";"2";"7";"0";"2";"7";"12";"1";""
"202400051805";"155690620";"A01";"2";"33";"0";"2";"8";"3";"1";""
"202400051806";"155690611";"A01";"2";"7";"0";"2";"3";"15";"2";""
"202400051806";"155690619";"B01";"2";"2";"0";"2";"1";"1";"1";""
"202400051807";"155690610";"A01";"1";"7";"0";"2";"2";"16";"1";""
"202400051807";"155690615";"B01";"1";"33";"0";"2";"3";"1";"1";""
"202400051808";"155690608";"A01";"1";"7";"0";"2";"1";"2";"1";""
"202400051808";"155690614";"B01";"1";"7";"1";"0";"4";"24";"1";""
"202400051809";"155690605";"B01";"2";"7";"0";"0";"4";"2";"1";""
"202400051809";"155690609";"A01";"2";"7";"0";"2";"1";"2";"1";""
"202400051810";"155690604";"A01";"0";"7";"0";"1";"0";"1";"1";""
"202400051811";"155690597";"A01";"1";"10";"0";"1";"1";"1";"1";""
"202400051812";"155690603";"A01";"1";"7";"0";"2";"3";"15";"1";""
"202400051812";"155690607";"B01";"2";"2";"0";"2";"1";"1";"1";""
"202400051813";"155690593";"A01";"1";"33";"0";"2";"8";"3";"1";""
"202400051813";"155690600";"B01";"1";"10";"0";"2";"7";"2";"1";""
"202400051814";"155690595";"A01";"2";"50";"0";"0";"0";"2";"3";""
"202400051815";"155690590";"A01";"3";"7";"0";"2";"3";"19";"1";""
"202400051815";"155690599";"B01";"3";"1";"0";"2";"1";"0";"5";""
"202400051816";"155690587";"B01";"2";"7";"0";"2";"4";"1";"2";""
"202400051816";"155690592";"C01";"2";"7";"0";"2";"4";"2";"1";""
"202400051816";"155690598";"D01";"2";"7";"0";"2";"2";"1";"1";""
"202400051816";"155690601";"A01";"2";"7";"0";"2";"1";"2";"2";""
"202400051817";"155690585";"B01";"1";"7";"0";"0";"3";"23";"1";""
"202400051817";"155690589";"A01";"2";"34";"0";"1";"1";"26";"1";""
"202400051818";"155690580";"A01";"2";"7";"0";"2";"1";"1";"1";""
"202400051818";"155690586";"B01";"2";"7";"0";"2";"1";"11";"1";""
"202400051818";"155690591";"C01";"2";"17";"0";"2";"7";"1";"1";""
"202400051818";"155690596";"D01";"2";"10";"0";"2";"3";"1";"1";""
"202400051819";"155690582";"A01";"3";"7";"0";"2";"3";"15";"0";""
"202400051819";"155690588";"B01";"3";"33";"0";"2";"2";"17";"1";""
"202400051820";"155690579";"A01";"0";"1";"16";"0";"0";"1";"5";""
"202400051821";"155690578";"B01";"3";"99";"0";"0";"1";"0";"3";""
"202400051821";"155690584";"A01";"3";"33";"0";"0";"1";"3";"1";""
"202400051822";"155690577";"A01";"1";"7";"0";"1";"3";"1";"1";""
"202400051823";"155690575";"A01";"2";"7";"0";"2";"1";"1";"1";""
"202400051823";"155690581";"B01";"2";"7";"3";"0";"4";"2";"1";""
"202400051824";"155690573";"A01";"2";"34";"4";"0";"1";"1";"1";""
"202400051825";"155690572";"A01";"1";"7";"4";"0";"1";"1";"1";""
"202400051826";"155690571";"A01";"1";"33";"0";"2";"1";"26";"1";""
"202400051826";"155690576";"B01";"1";"7";"0";"2";"3";"15";"1";""
"202400051827";"155690570";"A01";"2";"7";"6";"0";"1";"1";"1";""
"202400051828";"155690568";"D01";"1";"7";"0";"2";"4";"1";"1";""
"202400051828";"155690583";"A01";"1";"7";"0";"2";"1";"1";"1";""
"202400051828";"155690594";"B01";"1";"33";"0";"2";"4";"1";"1";""
"202400051828";"155690602";"C01";"1";"10";"0";"2";"5";"1";"1";""
"202400051829";"155690567";"A01";"1";"7";"0";"1";"2";"19";"2";""
"202400051830";"155690566";"B01";"1";"2";"0";"2";"1";"1";"1";""
"202400051830";"155690574";"A01";"1";"7";"0";"2";"6";"15";"2";""
"202400051831";"155690565";"A01";"1";"7";"9";"0";"2";"16";"1";""
"202400051832";"155690564";"A01";"1";"7";"4";"0";"5";"14";"1";""
"202400051833";"155690561";"B01";"2";"7";"2";"0";"2";"14";"1";""
"202400051833";"155690569";"A01";"2";"7";"2";"0";"2";"13";"1";""
"202400051834";"155690562";"A01";"2";"7";"3";"0";"1";"16";"1";""
"202400051835";"155690560";"A01";"1";"10";"0";"2";"4";"2";"1";""
"202400051835";"155690563";"B01";"1";"2";"0";"2";"1";"2";"1";""
"202400051836";"155690557";"A01";"1";"33";"16";"0";"7";"1";"1";""
"202400051837";"155690555";"A01";"1";"7";"2";"0";"2";"1";"1";""
"202400051838";"155690554";"A01";"3";"7";"0";"2";"1";"2";"1";""
"202400051838";"155690559";"B01";"3";"7";"0";"2";"6";"23";"1";""
"202400051839";"155690549";"A01";"1";"7";"6";"0";"2";"17";"1";""
"202400051840";"155690552";"A01";"0";"7";"0";"2";"1";"15";"0";""
"202400051840";"155690558";"B01";"2";"1";"0";"2";"1";"1";"5";""
"202400051841";"155690550";"A01";"2";"7";"0";"1";"1";"1";"1";""
"202400051842";"155690548";"B01";"3";"50";"0";"2";"7";"0";"3";""
"202400051842";"155690556";"A01";"1";"10";"0";"9";"1";"15";"1";""
"202400051843";"155690546";"A01";"1";"7";"0";"1";"7";"1";"1";""
"202400051844";"155690544";"B01";"3";"1";"0";"2";"7";"19";"5";""
"202400051844";"155690553";"A01";"3";"43";"0";"2";"1";"1";"1";""
"202400051845";"155690543";"A01";"1";"7";"0";"9";"1";"0";"1";""
"202400051845";"155690547";"B01";"1";"7";"0";"2";"4";"0";"1";""
"202400051845";"155690551";"C01";"1";"7";"0";"9";"4";"1";"3";""
"202400051846";"155690542";"B01";"2";"7";"0";"2";"6";"1";"1";""
"202400051846";"155690545";"A01";"2";"7";"0";"2";"1";"1";"1";""
"202400051847";"155690541";"A01";"1";"7";"0";"1";"2";"21";"2";""
"202400051848";"155690540";"A01";"1";"10";"9";"0";"9";"1";"1";""
"202400051849";"155690536";"A01";"1";"10";"0";"2";"3";"12";"1";""
"202400051849";"155690539";"B01";"1";"1";"0";"2";"6";"1";"5";""
"202400051850";"155690532";"B01";"2";"7";"0";"2";"2";"21";"1";""
"202400051850";"155690538";"A01";"1";"7";"0";"2";"2";"5";"1";""
"202400051851";"155690533";"A01";"2";"7";"0";"2";"1";"5";"1";""
"202400051851";"155690537";"B01";"1";"31";"0";"2";"1";"1";"1";""
"202400051852";"155690531";"A01";"0";"30";"3";"0";"8";"1";"1";""
"202400051853";"155690529";"A01";"2";"7";"0";"2";"1";"15";"1";""
"202400051853";"155690534";"B01";"1";"2";"0";"2";"8";"0";"3";""
"202400051854";"155690528";"B01";"3";"50";"0";"2";"1";"1";"3";""
"202400051854";"155690535";"A01";"3";"7";"0";"2";"3";"26";"1";""
"202400051855";"155690526";"A01";"2";"10";"13";"0";"7";"1";"1";""
"202400051856";"155690525";"A01";"1";"33";"0";"2";"0";"0";"1";""
"202400051856";"155690530";"B01";"1";"7";"0";"2";"0";"0";"1";""
"202400051857";"155690521";"A01";"1";"7";"0";"2";"2";"15";"1";""
"202400051857";"155690527";"B01";"2";"7";"0";"2";"1";"1";"1";""
"202400051858";"155690517";"A01";"3";"33";"0";"2";"1";"13";"1";""
"202400051858";"155690520";"B01";"3";"7";"0";"2";"6";"0";"1";""
"202400051859";"155690515";"B01";"1";"1";"0";"2";"8";"2";"5";""
"202400051859";"155690523";"A01";"1";"13";"0";"2";"7";"2";"1";""
"202400051860";"155690514";"A01";"2";"7";"17";"0";"3";"0";"1";""
"202400051861";"155690513";"B01";"3";"2";"0";"2";"8";"1";"1";""
"202400051861";"155690522";"A01";"3";"7";"0";"2";"1";"19";"1";""
"202400051862";"155690516";"A01";"3";"33";"0";"2";"1";"16";"1";""
"202400051862";"155690524";"B01";"0";"10";"0";"2";"8";"1";"1";""
"202400051863";"155690509";"B01";"1";"10";"0";"2";"0";"0";"1";""
"202400051863";"155690512";"A01";"1";"33";"0";"2";"0";"1";"1";""
"202400051864";"155690510";"B01";"1";"60";"0";"2";"1";"15";"5";""
"202400051864";"155690518";"A01";"1";"10";"0";"2";"1";"15";"1";""
"202400051865";"155690507";"A01";"1";"7";"0";"2";"6";"23";"1";""
"202400051865";"155690511";"B01";"1";"33";"0";"2";"6";"23";"1";""
"202400051865";"155690519";"C01";"1";"7";"0";"2";"3";"1";"1";""
"202400051866";"155690504";"A01";"1";"7";"0";"1";"2";"17";"1";""
"202400051867";"155690505";"B01";"2";"7";"0";"2";"7";"17";"1";""
"202400051867";"155690508";"A01";"1";"30";"0";"2";"8";"11";"1";""
"202400051868";"155690503";"A01";"2";"50";"0";"0";"1";"1";"3";""
"202400051869";"155690502";"A01";"0";"7";"0";"1";"1";"1";"1";""
"202400051870";"155690501";"B01";"1";"33";"0";"2";"3";"1";"1";""
"202400051870";"155690506";"A01";"1";"7";"0";"2";"2";"26";"1";""
"202400051871";"155690500";"A01";"3";"7";"0";"1";"2";"1";"1";""
"202400051872";"155690499";"A01";"1";"31";"0";"0";"2";"1";"3";""
"202400051873";"155690496";"A01";"1";"7";"0";"1";"1";"0";"1";""
"202400051874";"155690493";"A01";"2";"7";"8";"0";"1";"14";"2";""
"202400051875";"155690494";"A01";"1";"7";"0";"2";"1";"0";"1";""
"202400051875";"155690497";"B01";"1";"7";"0";"2";"4";"0";"1";""
"202400051876";"155690489";"A01";"1";"7";"0";"1";"3";"1";"1";""
"202400051877";"155690487";"A01";"3";"30";"0";"9";"1";"15";"1";""
"202400051877";"155690498";"B01";"2";"1";"0";"2";"1";"16";"5";""
"202400051878";"155690488";"A01";"2";"7";"0";"2";"1";"16";"0";""
"202400051878";"155690492";"B01";"1";"50";"0";"2";"0";"0";"3";""
"202400051879";"155690485";"A01";"3";"7";"0";"2";"2";"19";"1";""
"202400051879";"155690495";"B01";"3";"33";"0";"2";"1";"1";"1";""
"202400051880";"155690486";"A01";"1";"7";"0";"2";"0";"15";"1";""
"202400051880";"155690491";"B01";"1";"50";"0";"2";"0";"1";"3";""
"202400051881";"155690484";"A01";"3";"7";"6";"2";"2";"17";"1";""
"202400051881";"155690490";"B01";"3";"7";"0";"2";"8";"15";"1";""
"202400051882";"155690483";"Z01";"2";"30";"0";"1";"0";"0";"0";""
"202400051883";"155690482";"A01";"3";"33";"0";"0";"7";"1";"1";""
"202400051884";"155690480";"A01";"1";"2";"9";"0";"1";"1";"1";""
"202400051885";"155690475";"A01";"1";"7";"0";"2";"1";"13";"1";""
"202400051885";"155690481";"B01";"1";"99";"0";"2";"4";"1";"0";""
"202400051886";"155690473";"A01";"1";"7";"0";"2";"1";"2";"2";""
"202400051886";"155690479";"B01";"1";"1";"0";"2";"4";"2";"5";""
"202400051887";"155690471";"A01";"1";"7";"8";"0";"1";"26";"0";""
"202400051888";"155690470";"Z01";"3";"99";"0";"2";"2";"14";"0";""
"202400051888";"155690476";"A01";"1";"33";"0";"2";"5";"1";"1";""
"202400051889";"155690464";"A01";"1";"7";"0";"2";"1";"1";"1";""
"202400051889";"155690469";"B01";"2";"2";"0";"2";"1";"13";"1";""
"202400051890";"155690465";"A01";"1";"7";"0";"2";"1";"1";"1";""
"202400051890";"155690474";"B01";"1";"7";"0";"2";"4";"2";"1";""
"202400051891";"155690462";"A01";"3";"7";"0";"2";"1";"16";"1";""
"202400051891";"155690468";"B01";"3";"7";"0";"2";"1";"2";"1";""
"202400051891";"155690477";"C01";"3";"7";"0";"2";"0";"0";"1";""
"202400051892";"155690463";"C01";"1";"7";"0";"2";"4";"1";"1";""
"202400051892";"155690466";"A01";"1";"7";"0";"2";"1";"1";"1";""
"202400051892";"155690478";"B01";"1";"7";"0";"2";"4";"1";"2";""
"202400051893";"155690459";"Z01";"1";"7";"0";"1";"1";"2";"0";""
"202400051894";"155690458";"A01";"2";"7";"1";"1";"4";"20";"1";""
"202400051895";"155690456";"A01";"1";"7";"1";"0";"2";"14";"1";""
"202400051896";"155690452";"B01";"1";"31";"0";"2";"1";"0";"1";""
"202400051896";"155690457";"A01";"1";"32";"0";"2";"1";"25";"1";""
"202400051897";"155690455";"A01";"1";"30";"0";"2";"0";"0";"1";""
"202400051897";"155690461";"B01";"2";"32";"0";"2";"0";"0";"1";""
"202400051898";"155690448";"A01";"2";"7";"0";"2";"1";"13";"1";""
"202400051898";"155690454";"B01";"1";"7";"0";"2";"3";"1";"1";""
"202400051898";"155690460";"C01";"1";"7";"0";"2";"1";"1";"3";""
"202400051899";"155690447";"A01";"1";"7";"0";"2";"3";"1";"1";""
"202400051899";"155690453";"B01";"2";"7";"0";"2";"3";"1";"1";""
"202400051900";"155690449";"A01";"1";"7";"6";"0";"1";"15";"2";""
"202400051901";"155690443";"A01";"1";"7";"1";"0";"2";"2";"1";""
"202400051902";"155690445";"A01";"1";"33";"0";"2";"1";"2";"1";""
"202400051902";"155690450";"B01";"1";"7";"0";"2";"4";"2";"1";""
"202400051903";"155690442";"A01";"3";"7";"6";"0";"2";"1";"1";""
"202400051904";"155690434";"B01";"2";"7";"0";"0";"4";"2";"1";""
"202400051904";"155690440";"A01";"2";"33";"1";"2";"1";"2";"1";""
"202400051905";"155690435";"A01";"1";"33";"6";"0";"2";"2";"1";""
"202400051906";"155690433";"A01";"1";"10";"0";"2";"6";"13";"1";""
"202400051906";"155690437";"B01";"1";"33";"0";"2";"1";"3";"1";""
"202400051907";"155690431";"B01";"3";"7";"0";"0";"4";"16";"1";""
"202400051907";"155690441";"A01";"3";"10";"0";"2";"1";"2";"1";""
"202400051908";"155690429";"A01";"2";"7";"0";"9";"3";"1";"3";""
"202400051908";"155690438";"B01";"1";"50";"0";"2";"1";"1";"3";""
"202400051909";"155690428";"A01";"1";"7";"3";"2";"4";"1";"1";""
"202400051909";"155690432";"B01";"1";"7";"0";"2";"1";"1";"1";""
"202400051909";"155690436";"C01";"1";"7";"0";"2";"1";"1";"1";""
"202400051910";"155690424";"A01";"1";"7";"2";"0";"1";"1";"1";""
"202400051911";"155690426";"A01";"1";"7";"0";"2";"2";"15";"1";""
"202400051911";"155690430";"B01";"2";"7";"0";"2";"1";"1";"1";""
"202400051912";"155690423";"A01";"2";"38";"6";"2";"1";"13";"0";"9"
"202400051912";"155690446";"C01";"1";"7";"0";"2";"1";"1";"0";""
"202400051912";"155690451";"B01";"1";"10";"0";"2";"9";"1";"1";""
"202400051913";"155690427";"A01";"3";"7";"6";"0";"2";"1";"1";""
"202400051914";"155690421";"A01";"2";"7";"0";"2";"5";"12";"1";""
"202400051914";"155690425";"B01";"2";"33";"0";"2";"1";"3";"1";""
"202400051915";"155690418";"A01";"1";"43";"0";"2";"1";"3";"1";""
"202400051915";"155690422";"B01";"1";"33";"0";"2";"4";"3";"1";""
"202400051916";"155690416";"A01";"1";"7";"4";"0";"8";"2";"1";""
"202400051917";"155690414";"A01";"1";"7";"0";"1";"3";"0";"2";""
"202400051918";"155690412";"B01";"1";"7";"0";"2";"3";"1";"1";""
"202400051918";"155690420";"A01";"1";"34";"0";"2";"1";"1";"1";""
"202400051919";"155690417";"A01";"1";"7";"0";"2";"7";"16";"1";""
"202400051919";"155690419";"B01";"1";"1";"0";"2";"1";"7";"5";""
"202400051920";"155690411";"A01";"1";"7";"4";"1";"3";"21";"1";""
"202400051921";"155690409";"A01";"1";"7";"0";"2";"6";"4";"1";""
"202400051921";"155690413";"B01";"1";"10";"0";"2";"2";"2";"1";""
"202400051922";"155690406";"A01";"0";"7";"1";"2";"1";"15";"0";""
"202400051922";"155690415";"B01";"0";"2";"1";"2";"4";"1";"0";""
"202400051923";"155690405";"A01";"2";"7";"4";"2";"6";"11";"1";""
"202400051923";"155690410";"B01";"2";"10";"4";"2";"2";"1";"1";""
"202400051924";"155690404";"A01";"1";"1";"1";"0";"1";"7";"5";""
"202400051924";"155690408";"B01";"1";"7";"0";"2";"8";"24";"1";""
"202400051925";"155690401";"A01";"1";"7";"0";"1";"1";"1";"1";""
"202400051926";"155690398";"A01";"1";"10";"0";"2";"6";"1";"1";""
"202400051926";"155690400";"B01";"1";"33";"0";"9";"1";"1";"1";""
"202400051927";"155690399";"B01";"2";"33";"0";"2";"8";"3";"1";""
"202400051927";"155690402";"A01";"1";"7";"0";"2";"2";"14";"1";""
"202400051928";"155690395";"B01";"1";"33";"0";"2";"1";"21";"1";""
"202400051928";"155690403";"A01";"1";"7";"0";"2";"3";"1";"2";""
"202400051929";"155690391";"Z01";"2";"10";"0";"1";"1";"0";"0";""
"202400051930";"155690388";"B01";"1";"33";"0";"2";"7";"1";"1";""
"202400051930";"155690392";"A01";"1";"7";"0";"2";"8";"11";"1";""
"202400051931";"155690389";"B01";"0";"7";"0";"2";"3";"15";"0";""
"202400051931";"155690393";"A01";"0";"32";"0";"2";"2";"17";"0";""
"202400051932";"155690390";"B01";"3";"1";"0";"2";"1";"19";"5";""
"202400051932";"155690397";"A01";"1";"7";"0";"9";"2";"1";"1";""
"202400051933";"155690387";"A01";"2";"7";"0";"2";"1";"13";"1";""
"202400051933";"155690394";"B01";"1";"10";"0";"2";"1";"1";"1";""
"202400051934";"155690384";"A01";"3";"1";"0";"2";"3";"13";"5";""
"202400051934";"155690386";"B01";"3";"7";"0";"9";"3";"1";"1";""
"202400051935";"155690381";"A01";"1";"7";"3";"0";"1";"2";"1";""
"202400051935";"155690385";"B01";"1";"10";"0";"2";"7";"1";"1";""
"202400051936";"155690378";"A01";"1";"7";"14";"2";"1";"6";"1";""
"202400051936";"155690382";"B01";"2";"7";"0";"2";"1";"1";"1";""
"202400051937";"155690377";"A01";"3";"7";"0";"2";"1";"5";"1";""
"202400051937";"155690383";"B01";"3";"7";"0";"2";"1";"1";"1";""
"202400051938";"155690376";"A01";"2";"33";"3";"0";"7";"17";"1";""
"202400051939";"155690374";"B01";"2";"50";"0";"2";"1";"5";"3";""
"202400051939";"155690380";"A01";"1";"32";"0";"9";"0";"0";"1";""
"202400051940";"155690373";"A01";"3";"7";"0";"1";"1";"2";"1";""
"202400051941";"155690372";"A01";"1";"33";"0";"2";"8";"13";"1";""
"202400051941";"155690379";"B01";"1";"7";"0";"2";"7";"14";"2";""
"202400051942";"155690371";"A01";"3";"7";"0";"2";"6";"11";"1";""
"202400051942";"155690375";"B01";"3";"2";"0";"2";"2";"12";"1";""
"202400051943";"155690369";"A01";"1";"7";"12";"0";"1";"0";"1";""
"202400051944";"155690366";"A01";"1";"7";"13";"0";"3";"0";"1";""
"202400051945";"155690365";"A01";"1";"7";"0";"9";"3";"1";"1";""
"202400051945";"155690368";"B01";"3";"50";"0";"0";"8";"19";"3";""
"202400051946";"155690367";"B01";"2";"7";"0";"9";"4";"2";"1";""
"202400051946";"155690370";"A01";"2";"7";"0";"2";"1";"2";"1";""
"202400051947";"155690360";"A01";"1";"7";"0";"1";"3";"1";"1";""
"202400051948";"155690358";"A01";"1";"7";"0";"2";"8";"15";"1";""
"202400051948";"155690364";"B01";"1";"33";"0";"2";"0";"17";"0";""
"202400051949";"155690361";"A01";"2";"32";"0";"2";"1";"21";"1";""
"202400051950";"155690357";"B01";"1";"33";"0";"2";"8";"1";"3";""
"202400051950";"155690362";"A01";"1";"10";"0";"2";"1";"19";"1";""
"202400051951";"155690356";"B01";"3";"7";"0";"0";"4";"2";"3";""
"202400051951";"155690359";"C01";"3";"10";"0";"0";"1";"2";"1";""
"202400051951";"155690363";"A01";"3";"10";"0";"0";"4";"2";"1";""
"202400051952";"155690355";"A01";"1";"0";"0";"1";"0";"0";"0";""
"202400051953";"155690348";"A01";"1";"2";"0";"1";"1";"1";"3";""
"202400051954";"155690352";"A01";"2";"7";"17";"0";"1";"14";"1";""
"202400051955";"155690345";"A01";"3";"7";"0";"2";"2";"19";"1";""
"202400051955";"155690354";"B01";"3";"7";"0";"2";"1";"1";"1";""
"202400051956";"155690343";"B01";"2";"33";"0";"2";"9";"2";"0";""
"202400051956";"155690347";"A01";"2";"7";"0";"0";"6";"26";"1";""
"202400051957";"155690341";"A01";"2";"50";"0";"2";"1";"1";"3";""
"202400051957";"155690350";"B01";"1";"7";"0";"0";"3";"15";"1";""
"202400051958";"155690339";"A01";"3";"7";"0";"2";"1";"0";"1";""
"202400051958";"155690349";"B01";"3";"1";"0";"2";"1";"26";"5";""
"202400051959";"155690336";"A01";"2";"7";"0";"2";"2";"1";"1";""
"202400051959";"155690346";"B01";"2";"7";"0";"2";"3";"1";"1";""
"202400051960";"155690333";"B01";"0";"1";"0";"2";"7";"14";"5";""
"202400051960";"155690338";"A01";"3";"7";"0";"9";"3";"9";"1";""
"202400051961";"155690337";"B01";"3";"7";"0";"2";"2";"14";"1";""
"202400051961";"155690351";"A01";"2";"7";"0";"2";"3";"1";"1";""
"202400051962";"155690334";"A01";"1";"7";"0";"1";"3";"1";"2";""
"202400051963";"155690335";"A01";"1";"10";"0";"2";"0";"17";"1";""
"202400051963";"155690340";"B01";"1";"10";"0";"9";"8";"1";"1";""
"202400051963";"155690344";"C01";"1";"7";"0";"2";"3";"11";"1";""
"202400051963";"155690353";"D01";"1";"10";"0";"2";"2";"1";"1";""
"202400051964";"155690332";"A01";"2";"7";"0";"0";"8";"19";"1";""
"202400051964";"155690342";"B01";"2";"7";"0";"0";"1";"1";"1";""
"202400051965";"155690328";"A01";"1";"7";"0";"1";"1";"1";"1";""
"202400051966";"155690329";"A01";"3";"30";"1";"0";"3";"1";"1";""
"202400051967";"155690327";"A01";"1";"1";"0";"2";"2";"21";"5";""
"202400051967";"155690330";"B01";"2";"43";"0";"2";"3";"9";"1";""
"202400051968";"155690325";"B01";"3";"7";"0";"2";"3";"1";"0";""
"202400051968";"155690331";"A01";"3";"7";"0";"2";"1";"1";"0";""
"202400051969";"155690324";"A01";"1";"7";"0";"1";"2";"1";"1";""
"202400051970";"155690319";"A01";"1";"10";"0";"0";"3";"11";"1";""
"202400051971";"155690321";"A01";"2";"31";"0";"2";"1";"1";"3";""
"202400051971";"155690326";"B01";"1";"7";"0";"2";"8";"1";"3";""
"202400051972";"155690322";"A01";"2";"50";"0";"1";"1";"1";"3";""
"202400051973";"155690318";"B01";"1";"33";"0";"2";"2";"1";"1";""
"202400051973";"155690323";"A01";"2";"7";"0";"2";"1";"9";"1";""
"202400051974";"155690315";"A01";"1";"7";"13";"0";"1";"14";"1";""
"202400051975";"155690317";"A01";"1";"7";"0";"1";"1";"19";"1";""
"202400051976";"155690314";"A01";"0";"7";"1";"0";"9";"0";"1";""
"202400051977";"155690310";"B01";"1";"1";"0";"2";"1";"0";"5";""
"202400051977";"155690316";"A01";"3";"7";"0";"9";"0";"19";"1";""
"202400051978";"155690307";"B01";"3";"7";"0";"2";"1";"2";"1";""
"202400051978";"155690311";"A01";"3";"7";"0";"2";"4";"23";"1";""
"202400051979";"155690309";"B01";"2";"2";"0";"2";"1";"21";"1";""
"202400051979";"155690312";"A01";"1";"7";"0";"2";"3";"15";"2";""
"202400051980";"155690301";"A01";"1";"7";"0";"2";"2";"1";"1";""
"202400051980";"155690305";"B01";"1";"33";"0";"2";"6";"18";"1";""
"202400051981";"155690303";"A01";"1";"7";"0";"2";"3";"13";"4";""
"202400051981";"155690306";"B01";"2";"7";"0";"2";"3";"1";"2";""
"202400051982";"155690304";"A01";"2";"33";"13";"0";"3";"13";"1";""
"202400051983";"155690297";"A01";"3";"7";"12";"0";"1";"16";"1";""
"202400051984";"155690299";"A01";"3";"7";"0";"1";"1";"1";"1";""
"202400051985";"155690298";"A01";"1";"7";"0";"2";"0";"1";"1";""
"202400051985";"155690302";"B01";"3";"50";"0";"2";"0";"0";"3";""
"202400051986";"155690296";"B01";"2";"50";"0";"2";"1";"1";"3";""
"202400051986";"155690308";"A01";"2";"7";"0";"2";"5";"1";"1";""
"202400051987";"155690294";"A01";"1";"10";"0";"1";"1";"16";"1";""
"202400051988";"155690295";"A01";"2";"7";"0";"2";"3";"15";"1";""
"202400051988";"155690300";"B01";"1";"1";"0";"2";"3";"1";"5";""
"202400051989";"155690292";"A01";"1";"7";"1";"0";"2";"1";"2";""
"202400051990";"155690291";"A01";"1";"7";"0";"0";"2";"15";"1";""
"202400051990";"155690293";"B01";"2";"33";"0";"2";"1";"1";"1";""
"202400051991";"155690290";"A01";"3";"33";"0";"1";"1";"1";"1";""
"202400051992";"155690289";"A01";"0";"37";"0";"1";"2";"20";"1";"1"
"202400051993";"155690287";"A01";"2";"10";"0";"1";"3";"15";"1";""
"202400051994";"155690284";"A01";"2";"7";"0";"2";"3";"1";"1";""
"202400051994";"155690288";"B01";"1";"50";"0";"2";"2";"5";"3";""
"202400051995";"155690281";"A01";"1";"7";"7";"0";"0";"0";"1";""
"202400051996";"155690280";"Z01";"2";"14";"0";"2";"7";"1";"1";""
"202400051996";"155690285";"A01";"2";"50";"0";"2";"8";"1";"3";""
"202400051997";"155690278";"A01";"2";"7";"0";"1";"2";"20";"1";""
"202400051998";"155690277";"B01";"2";"17";"0";"0";"6";"1";"1";""
"202400051998";"155690283";"A01";"2";"7";"4";"2";"3";"1";"1";""
"202400051999";"155690276";"B01";"2";"2";"0";"2";"1";"1";"1";""
"202400051999";"155690282";"A01";"1";"7";"0";"2";"2";"15";"1";""
"202400052000";"155690274";"A01";"2";"7";"0";"1";"1";"15";"1";""
"202400052001";"155690273";"A01";"1";"7";"0";"2";"4";"11";"1";""
"202400052001";"155690275";"B01";"1";"33";"0";"2";"2";"0";"1";""
"202400052002";"155690270";"A01";"3";"7";"8";"0";"1";"1";"1";""
"202400052003";"155690265";"B01";"2";"7";"0";"2";"2";"1";"1";""
"202400052003";"155690268";"A01";"1";"31";"0";"2";"3";"10";"1";""
"202400052004";"155690264";"B01";"1";"37";"1";"0";"6";"24";"1";"1"
"202400052004";"155690269";"A01";"2";"7";"1";"0";"1";"14";"1";""
"202400052005";"155690266";"A01";"1";"80";"0";"2";"3";"19";"3";""
"202400052005";"155690272";"B01";"2";"7";"0";"2";"2";"1";"1";""
"202400052006";"155690267";"B01";"2";"7";"0";"0";"1";"6";"2";""
"202400052006";"155690271";"A01";"1";"33";"0";"0";"7";"0";"1";""
"202400052007";"155690260";"Y01";"1";"7";"0";"1";"1";"1";"1";""
"202400052008";"155690257";"A01";"1";"21";"0";"0";"0";"9";"1";""
"202400052008";"155690263";"B01";"2";"7";"0";"9";"1";"1";"1";""
"202400052009";"155690256";"A01";"2";"7";"0";"2";"4";"2";"1";""
"202400052009";"155690262";"B01";"2";"31";"0";"2";"1";"2";"1";""
"202400052010";"155690259";"A01";"1";"7";"0";"2";"2";"5";"1";""
"202400052010";"155690261";"B01";"2";"7";"0";"2";"5";"13";"1";""
"202400052011";"155690254";"B01";"1";"32";"0";"2";"1";"0";"1";""
"202400052011";"155690258";"A01";"3";"7";"0";"2";"3";"26";"1";""
"202400052012";"155690255";"A01";"2";"7";"1";"0";"1";"1";"2";""
"202400052013";"155690252";"A01";"1";"7";"0";"1";"2";"1";"1";""
"202400052014";"155690251";"A01";"3";"7";"1";"0";"2";"14";"1";""
"202400052015";"155690248";"A01";"0";"31";"15";"0";"0";"1";"1";""
"202400052016";"155690249";"B01";"1";"50";"0";"2";"1";"1";"3";""
"202400052016";"155690253";"A01";"1";"7";"0";"2";"5";"16";"1";""
"202400052017";"155690250";"A01";"2";"1";"0";"0";"3";"1";"5";""