"Num_Acc";"id_vehicule";"num_veh";"senc";"catv";"obs";"obsm";"choc";"manv";"motor";"occutc"
"202400052018";"155690247";"A01";"1";"7";"0";"1";"1";"1";"1";""
"202400052019";"155690244";"A01";"2";"30";"11";"0";"1";"1";"1";""
"202400052020";"155690246";"A01";"1";"7";"5";"2";"2";"16";"2";""
"202400052021";"155690241";"A01";"1";"7";"0";"2";"1";"19";"1";""
"202400052021";"155690245";"B01";"2";"37";"0";"2";"1";"1";"1";"4"
"202400052022";"155690235";"A01";"3";"7";"0";"5";"1";"1";"1";""
"202400052023";"155690234";"A01";"2";"7";"8";"2";"1";"26";"1";""
"202400052023";"155690239";"B01";"2";"7";"0";"2";"4";"23";"1";""
"202400052023";"155690243";"C01";"1";"7";"8";"2";"8";"0";"1";""
"202400052024";"155690233";"B01";"2";"7";"0";"2";"3";"15";"1";""
"202400052024";"155690237";"A01";"2";"50";"0";"2";"7";"5";"3";""
"202400052025";"155690232";"B01";"2";"7";"0";"2";"6";"26";"1";""
"202400052025";"155690238";"C01";"2";"7";"0";"2";"2";"1";"1";""
"202400052025";"155690242";"A01";"2";"33";"0";"2";"2";"18";"1";""
"202400052026";"155690231";"A01";"1";"7";"0";"0";"4";"2";"1";""
"202400052026";"155690236";"B01";"1";"7";"0";"2";"1";"2";"1";""
"202400052027";"155690230";"A01";"2";"7";"0";"2";"1";"1";"1";""
"202400052028";"155690229";"A01";"1";"80";"9";"0";"8";"13";"3";""
"202400052029";"155690225";"A01";"2";"1";"0";"2";"8";"0";"5";""
"202400052029";"155690228";"B01";"1";"7";"0";"2";"2";"1";"1";""
"202400052030";"155690221";"A01";"1";"7";"0";"2";"1";"15";"1";""
"202400052030";"155690227";"B01";"2";"7";"0";"2";"1";"1";"2";""
"202400052031";"155690220";"A01";"3";"30";"0";"0";"8";"1";"1";""
"202400052032";"155690219";"B01";"3";"7";"0";"9";"3";"9";"1";""
"202400052032";"155690223";"A01";"3";"1";"0";"2";"7";"19";"5";""
"202400052033";"155690217";"A01";"2";"7";"0";"2";"1";"26";"1";""
"202400052033";"155690224";"B01";"2";"10";"0";"2";"0";"1";"1";""
"202400052034";"155690214";"B01";"1";"1";"0";"2";"2";"1";"5";""
"202400052034";"155690222";"A01";"1";"7";"0";"2";"1";"9";"1";""
"202400052035";"155690212";"B01";"1";"7";"0";"2";"3";"1";"1";""
"202400052035";"155690218";"A01";"1";"7";"0";"2";"2";"1";"1";""
"202400052036";"155690215";"B01";"1";"1";"0";"0";"5";"1";"5";""
"202400052036";"155690226";"A01";"1";"7";"0";"9";"2";"1";"3";""
"202400052037";"155690213";"A01";"1";"10";"0";"2";"1";"2";"0";""
"202400052037";"155690216";"B01";"1";"7";"0";"1";"3";"2";"0";""
"202400052038";"155690210";"A01";"1";"7";"0";"1";"2";"1";"1";""
"202400052039";"155690208";"A01";"2";"7";"2";"0";"1";"1";"1";""
"202400052040";"155690209";"A01";"3";"7";"0";"2";"1";"1";"1";""
"202400052040";"155690211";"B01";"3";"7";"0";"2";"7";"1";"1";""
"202400052041";"155690202";"B01";"1";"34";"0";"2";"1";"0";"1";""
"202400052041";"155690207";"A01";"2";"7";"0";"2";"3";"15";"1";""
"202400052042";"155690200";"B01";"1";"7";"0";"2";"8";"13";"1";""
"202400052042";"155690204";"A01";"1";"7";"13";"2";"9";"17";"1";""
"202400052043";"155690199";"A01";"1";"7";"0";"2";"4";"2";"1";""
"202400052043";"155690206";"B01";"1";"7";"4";"0";"4";"2";"1";""
"202400052044";"155690198";"A01";"1";"7";"2";"0";"7";"0";"1";""
"202400052045";"155690197";"C01";"1";"7";"0";"2";"4";"2";"1";""
"202400052045";"155690201";"A01";"1";"7";"0";"2";"1";"2";"1";""
"202400052045";"155690205";"B01";"1";"7";"0";"2";"4";"2";"1";""
"202400052046";"155690195";"A01";"3";"7";"0";"1";"1";"1";"0";""
"202400052047";"155690203";"A01";"2";"7";"0";"1";"7";"1";"1";""
"202400052048";"155690191";"A01";"1";"7";"0";"2";"1";"1";"1";""
"202400052048";"155690196";"B01";"1";"7";"0";"2";"1";"15";"3";""
"202400052049";"155690192";"A01";"2";"7";"2";"0";"8";"19";"1";""
"202400052050";"155690193";"A01";"0";"30";"0";"9";"7";"16";"1";""
"202400052050";"155690194";"B01";"0";"80";"0";"2";"8";"1";"5";""
"202400052051";"155690190";"A01";"1";"33";"0";"0";"9";"1";"1";""
"202400052052";"155690189";"A01";"3";"99";"0";"2";"1";"1";"0";""
"202400052053";"155690188";"A01";"0";"7";"15";"0";"1";"19";"2";""
"202400052054";"155690186";"A01";"1";"7";"8";"0";"7";"13";"1";""
"202400052055";"155690184";"B01";"2";"30";"0";"2";"8";"1";"3";""
"202400052055";"155690185";"A01";"1";"7";"0";"2";"2";"15";"1";""
"202400052056";"155690180";"B01";"1";"7";"0";"2";"3";"13";"1";""
"202400052056";"155690182";"A01";"2";"7";"0";"2";"3";"1";"1";""
"202400052057";"155690178";"B01";"1";"7";"0";"9";"8";"9";"1";""
"202400052057";"155690183";"A01";"2";"50";"0";"2";"1";"26";"3";""
"202400052058";"155690176";"A01";"2";"43";"0";"1";"1";"1";"1";""
"202400052059";"155690181";"A01";"0";"33";"14";"0";"4";"1";"1";""
"202400052060";"155690174";"B01";"1";"33";"0";"2";"1";"1";"1";""
"202400052060";"155690177";"A01";"2";"7";"0";"2";"2";"15";"1";""
"202400052061";"155690175";"A01";"1";"7";"0";"1";"2";"1";"3";""
"202400052062";"155690173";"A01";"1";"31";"0";"2";"8";"1";"1";""
"202400052062";"155690179";"B01";"1";"7";"0";"2";"8";"5";"1";""
"202400052063";"155690170";"B01";"0";"34";"0";"2";"2";"17";"1";""
"202400052063";"155690172";"A01";"0";"10";"0";"2";"3";"0";"1";""
"202400052064";"155690168";"A01";"2";"2";"0";"2";"3";"18";"1";""
"202400052064";"155690171";"B01";"2";"7";"0";"2";"7";"16";"2";""
"202400052065";"155690165";"A01";"2";"7";"9";"0";"1";"1";"1";""
"202400052066";"155690166";"A01";"2";"7";"14";"0";"1";"6";"2";""
"202400052067";"155690164";"B01";"1";"7";"0";"2";"2";"15";"1";""
"202400052067";"155690169";"A01";"2";"31";"0";"2";"1";"1";"1";""
"202400052068";"155690161";"A01";"1";"7";"0";"2";"1";"1";"1";""
"202400052068";"155690163";"B01";"1";"10";"0";"2";"4";"1";"1";""
"202400052069";"155690160";"B01";"1";"7";"0";"2";"3";"19";"1";""
"202400052069";"155690167";"A01";"2";"14";"0";"2";"2";"1";"1";""
"202400052070";"155690154";"A01";"2";"7";"8";"0";"3";"0";"1";""
"202400052071";"155690158";"Y01";"3";"50";"0";"2";"1";"1";"3";""
"202400052071";"155690162";"A01";"1";"7";"0";"2";"8";"1";"1";""
"202400052072";"155690155";"A01";"1";"7";"0";"1";"1";"1";"1";""
"202400052073";"155690153";"A01";"1";"7";"0";"2";"6";"1";"1";""
"202400052073";"155690159";"B01";"1";"10";"2";"2";"2";"2";"1";""
"202400052074";"155690152";"A01";"3";"16";"0";"2";"8";"16";"1";""
"202400052074";"155690157";"B01";"0";"7";"0";"2";"1";"1";"3";""
"202400052075";"155690151";"A01";"2";"7";"4";"0";"1";"1";"1";""
"202400052076";"155690150";"A01";"1";"33";"0";"1";"2";"1";"1";""
"202400052077";"155690149";"A01";"2";"33";"1";"0";"2";"17";"1";""
"202400052078";"155690148";"A01";"3";"7";"0";"2";"1";"16";"1";""
"202400052078";"155690156";"B01";"1";"1";"0";"2";"1";"1";"5";""
"202400052079";"155690146";"A01";"1";"50";"0";"2";"0";"0";"3";""
"202400052079";"155690147";"B01";"1";"7";"0";"0";"0";"0";"0";""
"202400052080";"155690144";"A01";"3";"33";"14";"0";"1";"26";"1";""
"202400052081";"155690142";"A01";"1";"33";"0";"2";"2";"1";"1";""
"202400052081";"155690145";"B01";"2";"7";"0";"2";"2";"15";"1";""
"202400052082";"155690139";"A01";"1";"80";"0";"2";"1";"1";"3";""
"202400052082";"155690143";"B01";"2";"14";"0";"2";"4";"1";"1";""
"202400052083";"155690134";"A01";"3";"7";"0";"2";"1";"2";"1";""
"202400052083";"155690141";"B01";"3";"7";"0";"2";"4";"1";"1";""
"202400052084";"155690138";"A01";"1";"7";"0";"0";"0";"13";"1";""
"202400052085";"155690135";"A01";"1";"7";"0";"2";"2";"15";"1";""
"202400052085";"155690137";"B01";"2";"7";"0";"2";"1";"1";"1";""
"202400052086";"155690128";"B01";"2";"17";"0";"0";"4";"2";"1";""
"202400052086";"155690132";"C01";"2";"10";"0";"2";"1";"1";"1";""
"202400052086";"155690136";"D01";"2";"10";"0";"0";"0";"1";"1";""
"202400052086";"155690140";"A01";"2";"33";"0";"2";"1";"2";"1";""
"202400052087";"155690127";"A01";"2";"7";"0";"2";"1";"14";"1";""
"202400052087";"155690129";"B01";"1";"10";"0";"2";"1";"1";"1";""
"202400052088";"155690125";"B01";"1";"60";"0";"0";"1";"0";"5";""
"202400052088";"155690131";"A01";"1";"60";"14";"2";"7";"19";"5";""
"202400052089";"155690124";"A01";"1";"7";"0";"1";"1";"2";"1";""
"202400052090";"155690120";"A01";"1";"0";"0";"2";"3";"9";"0";""
"202400052090";"155690126";"B01";"1";"33";"0";"2";"0";"1";"1";""
"202400052091";"155690119";"A01";"1";"7";"0";"2";"2";"16";"3";""
"202400052091";"155690123";"B01";"0";"2";"0";"2";"1";"18";"1";""
"202400052092";"155690121";"A01";"1";"7";"0";"1";"1";"1";"1";""
"202400052093";"155690118";"B01";"1";"50";"0";"1";"1";"0";"3";""
"202400052094";"155690117";"A01";"1";"7";"0";"0";"8";"4";"1";""
"202400052095";"155690115";"A01";"3";"30";"0";"0";"0";"1";"1";""
"202400052096";"155690116";"B01";"2";"7";"0";"2";"3";"1";"1";""
"202400052096";"155690122";"A01";"1";"7";"4";"2";"1";"5";"1";""
"202400052097";"155690112";"A01";"2";"21";"0";"0";"7";"21";"1";""
"202400052098";"155690113";"A01";"3";"33";"14";"0";"0";"1";"1";""
"202400052099";"155690114";"A01";"2";"7";"4";"5";"3";"13";"1";""
"202400052100";"155690111";"A01";"1";"7";"6";"0";"1";"1";"1";""
"202400052101";"155690107";"A01";"3";"10";"6";"0";"2";"1";"1";""
"202400052102";"155690108";"A01";"3";"7";"0";"1";"2";"1";"1";""
"202400052103";"155690103";"A01";"1";"7";"0";"6";"1";"1";"1";""
"202400052103";"155690106";"B01";"1";"33";"0";"6";"1";"1";"1";""
"202400052103";"155690109";"C01";"2";"7";"0";"6";"1";"1";"1";""
"202400052104";"155690105";"A01";"1";"7";"0";"2";"2";"1";"1";""
"202400052104";"155690110";"B01";"1";"60";"0";"2";"7";"1";"5";""
"202400052105";"155690101";"A01";"3";"7";"0";"1";"4";"20";"1";""
"202400052106";"155690097";"B01";"2";"7";"0";"2";"3";"1";"1";""
"202400052106";"155690102";"A01";"2";"7";"0";"2";"1";"2";"1";""
"202400052107";"155690096";"B01";"1";"80";"0";"2";"4";"1";"3";""
"202400052107";"155690100";"A01";"1";"7";"0";"2";"2";"1";"1";""
"202400052108";"155690094";"A01";"3";"7";"0";"1";"1";"1";"1";""
"202400052109";"155690095";"A01";"1";"1";"0";"0";"7";"9";"5";""
"202400052110";"155690092";"A01";"1";"3";"0";"2";"1";"2";"0";""
"202400052110";"155690099";"B01";"1";"14";"0";"2";"5";"16";"0";""
"202400052111";"155690093";"B01";"2";"33";"0";"2";"1";"1";"1";""
"202400052111";"155690098";"A01";"2";"33";"0";"2";"1";"1";"1";""
"202400052111";"155690104";"C01";"0";"7";"0";"0";"8";"15";"1";""
"202400052112";"155690091";"Z01";"1";"50";"0";"1";"1";"2";"3";""
"202400052113";"155690089";"A01";"1";"7";"13";"0";"3";"0";"1";""
"202400052114";"155690087";"A01";"1";"7";"0";"2";"3";"11";"1";""
"202400052114";"155690090";"B01";"1";"7";"0";"2";"5";"1";"3";""
"202400052115";"155690086";"A01";"2";"3";"0";"0";"9";"13";"1";""
"202400052116";"155690081";"B01";"2";"80";"0";"2";"1";"1";"3";""
"202400052116";"155690085";"A01";"1";"7";"0";"9";"3";"15";"1";""
"202400052117";"155690082";"A01";"1";"7";"2";"0";"1";"17";"1";""
"202400052118";"155690078";"A01";"1";"7";"0";"2";"1";"1";"1";""
"202400052118";"155690084";"B01";"2";"50";"0";"2";"7";"19";"3";""
"202400052119";"155690080";"A01";"1";"7";"8";"0";"1";"2";"1";""
"202400052119";"155690083";"B01";"1";"7";"0";"9";"1";"2";"3";""
"202400052120";"155690075";"B01";"3";"7";"0";"2";"4";"0";"1";""
"202400052120";"155690088";"A01";"3";"7";"0";"2";"1";"0";"1";""
"202400052121";"155690074";"B01";"1";"7";"0";"0";"7";"1";"1";""
"202400052121";"155690077";"A01";"1";"2";"0";"2";"1";"1";"1";""
"202400052122";"155690072";"A01";"2";"7";"0";"2";"5";"14";"3";""
"202400052122";"155690076";"B01";"2";"32";"0";"2";"3";"3";"1";""
"202400052123";"155690070";"A01";"2";"7";"2";"0";"3";"1";"1";""
"202400052124";"155690066";"A01";"2";"7";"0";"2";"3";"1";"1";""
"202400052124";"155690071";"B01";"2";"7";"0";"2";"2";"2";"1";""
"202400052125";"155690065";"C01";"0";"7";"0";"0";"3";"24";"1";""
"202400052125";"155690069";"B01";"0";"7";"0";"0";"8";"0";"1";""
"202400052125";"155690073";"A01";"0";"3";"1";"0";"2";"1";"1";""
"202400052126";"155690062";"A01";"1";"7";"0";"2";"4";"1";"1";""
"202400052126";"155690067";"B01";"1";"7";"0";"2";"1";"2";"1";""
"202400052127";"155690064";"A01";"1";"7";"0";"2";"1";"26";"1";""
"202400052127";"155690068";"B01";"1";"7";"0";"2";"4";"23";"1";""
"202400052128";"155690061";"A01";"2";"7";"0";"1";"3";"0";"1";""
"202400052129";"155690059";"B01";"1";"7";"0";"0";"7";"1";"1";""
"202400052129";"155690063";"A01";"1";"7";"0";"2";"4";"4";"1";""
"202400052130";"155690058";"A01";"3";"7";"0";"1";"1";"15";"1";""
"202400052131";"155690056";"A01";"2";"7";"0";"1";"3";"1";"1";""
"202400052132";"155690054";"A01";"3";"7";"0";"2";"3";"20";"1";""
"202400052132";"155690060";"B01";"3";"30";"0";"2";"1";"17";"1";""
"202400052133";"155690051";"A01";"2";"7";"0";"2";"1";"1";"1";""
"202400052133";"155690057";"B01";"2";"7";"0";"2";"4";"2";"1";""
"202400052134";"155690052";"A01";"3";"7";"0";"1";"2";"1";"1";""
"202400052135";"155690050";"B01";"0";"7";"0";"2";"2";"15";"3";""
"202400052135";"155690055";"A01";"0";"30";"0";"2";"1";"1";"3";""
"202400052136";"155690049";"A01";"2";"7";"0";"2";"3";"1";"3";""
"202400052136";"155690053";"B01";"1";"50";"0";"2";"5";"0";"3";""
"202400052137";"155690047";"A01";"2";"7";"0";"0";"9";"13";"1";""
"202400052138";"155690041";"A01";"2";"7";"0";"2";"8";"18";"1";""
"202400052138";"155690045";"B01";"2";"7";"0";"2";"7";"1";"1";""
"202400052139";"155690043";"A01";"1";"7";"6";"0";"0";"1";"1";""
"202400052140";"155690039";"A01";"1";"7";"0";"1";"1";"16";"1";""
"202400052141";"155690040";"A01";"2";"7";"0";"2";"3";"5";"1";""
"202400052141";"155690046";"B01";"1";"10";"0";"2";"3";"1";"1";""
"202400052142";"155690044";"A01";"1";"7";"0";"0";"6";"4";"1";""
"202400052142";"155690048";"B01";"1";"2";"0";"2";"1";"17";"1";""
"202400052143";"155690031";"A01";"2";"7";"0";"2";"2";"15";"1";""
"202400052143";"155690036";"B01";"0";"7";"0";"2";"7";"16";"1";""
"202400052144";"155690032";"A01";"1";"7";"0";"2";"1";"0";"1";""
"202400052144";"155690035";"B01";"1";"14";"0";"2";"4";"1";"1";""
"202400052145";"155690026";"A01";"2";"17";"0";"2";"2";"2";"1";""
"202400052145";"155690030";"B01";"2";"7";"3";"0";"5";"2";"1";""
"202400052146";"155690019";"C01";"1";"7";"0";"2";"3";"2";"1";""
"202400052146";"155690023";"A01";"1";"7";"0";"2";"7";"15";"1";""
"202400052146";"155690027";"B01";"2";"33";"0";"2";"1";"1";"1";""
"202400052147";"155690021";"Z01";"1";"7";"0";"2";"1";"1";"1";""
"202400052147";"155690024";"A01";"1";"31";"0";"0";"4";"15";"1";""
"202400052148";"155690020";"C01";"1";"7";"0";"2";"4";"23";"1";""
"202400052148";"155690025";"A01";"1";"10";"0";"2";"1";"15";"1";""
"202400052148";"155690028";"B01";"1";"7";"0";"2";"4";"23";"1";""
"202400052149";"155690017";"A01";"1";"7";"9";"0";"1";"13";"1";""
"202400052150";"155690015";"B01";"2";"7";"3";"0";"4";"23";"1";""
"202400052150";"155690022";"A01";"2";"7";"1";"0";"1";"1";"3";""
"202400052151";"155690018";"A01";"3";"7";"1";"1";"1";"1";"1";""
"202400052152";"155690013";"A01";"2";"7";"0";"2";"1";"1";"1";""
"202400052152";"155690016";"B01";"2";"2";"0";"2";"4";"1";"1";""
"202400052153";"155690007";"B01";"1";"50";"0";"2";"2";"1";"3";""
"202400052153";"155690014";"A01";"1";"7";"0";"1";"3";"9";"1";""
"202400052154";"155690004";"C01";"1";"7";"0";"2";"1";"1";"1";""
"202400052154";"155690008";"A01";"2";"7";"0";"2";"3";"13";"1";""
"202400052154";"155690012";"B01";"1";"7";"6";"2";"6";"1";"1";""
"202400052155";"155690001";"A01";"1";"33";"3";"0";"9";"1";"1";""
"202400052156";"155690003";"A01";"1";"1";"0";"1";"1";"1";"5";""
"202400052157";"155690005";"A01";"1";"7";"0";"2";"2";"9";"1";""
"202400052157";"155690011";"B01";"1";"33";"0";"2";"1";"1";"1";""
"202400052158";"155689999";"A01";"1";"7";"8";"2";"8";"9";"1";""
"202400052158";"155690010";"B01";"1";"15";"0";"2";"1";"1";"1";""
"202400052159";"155689998";"B01";"1";"7";"0";"2";"4";"23";"1";""
"202400052159";"155690000";"C01";"1";"10";"0";"2";"4";"23";"1";""
"202400052159";"155690006";"A01";"1";"7";"0";"2";"4";"2";"1";""
"202400052160";"155689996";"A01";"2";"2";"0";"0";"0";"0";"1";""
"202400052161";"155689995";"A01";"1";"7";"0";"2";"2";"10";"1";""
"202400052161";"155689997";"B01";"1";"2";"0";"2";"1";"2";"1";""
"202400052162";"155689990";"A01";"1";"1";"0";"9";"1";"11";"5";""
"202400052162";"155689993";"B01";"1";"50";"0";"9";"1";"1";"3";""
"202400052163";"155689986";"A01";"1";"7";"0";"2";"1";"1";"1";""
"202400052163";"155689994";"B01";"3";"7";"0";"2";"3";"1";"1";""
"202400052164";"155689984";"A01";"2";"7";"0";"0";"6";"9";"1";""
"202400052164";"155689991";"B01";"2";"7";"0";"2";"1";"1";"1";""
"202400052165";"155689982";"A01";"1";"33";"0";"2";"1";"2";"1";""
"202400052165";"155689987";"B01";"1";"7";"0";"2";"6";"2";"2";""
"202400052166";"155689985";"A01";"2";"7";"0";"2";"2";"15";"1";""
"202400052166";"155689989";"B01";"1";"2";"0";"2";"1";"1";"1";""
"202400052167";"155689981";"A01";"2";"33";"0";"2";"1";"26";"1";""
"202400052168";"155689980";"A01";"1";"7";"0";"2";"1";"1";"1";""
"202400052168";"155689983";"B01";"2";"7";"0";"2";"1";"15";"1";""
"202400052169";"155689979";"A01";"2";"50";"14";"0";"1";"2";"3";""
"202400052170";"155689976";"A01";"1";"30";"0";"9";"7";"26";"1";""
"202400052171";"155689977";"A01";"0";"7";"13";"0";"1";"1";"1";""
"202400052172";"155689972";"A01";"3";"7";"10";"0";"1";"15";"1";""
"202400052173";"155689971";"A01";"3";"30";"0";"2";"1";"13";"1";""
"202400052173";"155689975";"B01";"3";"7";"0";"2";"1";"1";"1";""
"202400052174";"155689970";"A01";"1";"7";"13";"0";"3";"1";"1";""
"202400052175";"155689969";"A01";"3";"7";"0";"2";"7";"16";"1";""
"202400052175";"155689973";"B01";"3";"37";"0";"2";"2";"1";"1";"2"
"202400052176";"155689967";"A01";"1";"1";"0";"0";"1";"1";"5";""
"202400052177";"155689964";"Z01";"2";"7";"0";"0";"0";"0";"0";""
"202400052177";"155689968";"B01";"1";"1";"0";"0";"0";"0";"5";""
"202400052178";"155689965";"A01";"2";"7";"0";"2";"1";"1";"6";""
"202400052178";"155689974";"B01";"1";"7";"0";"2";"3";"13";"1";""
"202400052178";"155689978";"C01";"2";"7";"0";"2";"1";"1";"2";""
"202400052179";"155689963";"C01";"1";"1";"0";"2";"1";"1";"5";""
"202400052179";"155689966";"A01";"1";"7";"0";"2";"1";"16";"2";""
"202400052180";"155689960";"A01";"2";"33";"15";"0";"1";"1";"1";""
"202400052181";"155689956";"A01";"3";"7";"1";"0";"0";"14";"1";""
"202400052182";"155689953";"A01";"1";"7";"2";"0";"1";"1";"1";""
"202400052183";"155689957";"A01";"1";"7";"0";"0";"0";"0";"1";""
"202400052183";"155689962";"B01";"2";"32";"0";"2";"1";"1";"1";""
"202400052184";"155689955";"A01";"2";"7";"0";"2";"3";"13";"1";""
"202400052184";"155689959";"B01";"2";"34";"0";"2";"1";"1";"1";""
"202400052185";"155689951";"A01";"3";"7";"15";"0";"2";"14";"1";""
"202400052186";"155689947";"A01";"1";"2";"0";"2";"8";"3";"1";""
"202400052186";"155689949";"B01";"1";"7";"0";"2";"8";"0";"1";""
"202400052187";"155689946";"C01";"3";"7";"0";"2";"4";"23";"1";""
"202400052187";"155689948";"D01";"3";"7";"0";"2";"7";"23";"1";""
"202400052187";"155689950";"E01";"3";"7";"0";"2";"7";"23";"1";""
"202400052187";"155689958";"A01";"3";"7";"0";"2";"1";"1";"1";""
"202400052187";"155689961";"B01";"3";"10";"0";"2";"1";"12";"1";""
"202400052188";"155689952";"A01";"1";"1";"0";"2";"3";"19";"5";""
"202400052188";"155689954";"B01";"1";"7";"0";"2";"2";"1";"2";""
"202400052189";"155689945";"A01";"1";"7";"2";"0";"0";"0";"1";""
"202400052190";"155689942";"A01";"1";"7";"13";"0";"2";"1";"1";""
"202400052191";"155689943";"A01";"1";"30";"14";"0";"1";"1";"1";""
"202400052192";"155689941";"B01";"2";"34";"0";"2";"1";"1";"1";""
"202400052192";"155689944";"A01";"1";"7";"0";"2";"2";"19";"1";""
"202400052193";"155689940";"A01";"1";"33";"8";"1";"1";"1";"1";""
"202400052194";"155689935";"A01";"2";"7";"0";"2";"3";"1";"3";""
"202400052194";"155689938";"B01";"1";"2";"0";"2";"5";"16";"1";""
"202400052195";"155689933";"A01";"1";"7";"6";"0";"1";"15";"1";""
"202400052196";"155689934";"A01";"2";"7";"0";"2";"2";"15";"1";""
"202400052196";"155689939";"B01";"1";"7";"0";"2";"2";"1";"1";""
"202400052197";"155689930";"A01";"1";"1";"0";"1";"1";"26";"5";""
"202400052198";"155689932";"B01";"3";"33";"0";"2";"3";"1";"1";""
"202400052198";"155689937";"A01";"2";"1";"0";"2";"2";"1";"0";""
"202400052199";"155689931";"A01";"2";"7";"15";"0";"3";"1";"1";""
"202400052200";"155689929";"A01";"2";"7";"0";"1";"2";"1";"1";""
"202400052201";"155689927";"B01";"1";"7";"0";"2";"1";"1";"3";""
"202400052201";"155689936";"A01";"1";"7";"8";"2";"8";"1";"1";""
"202400052202";"155689926";"A01";"1";"30";"0";"1";"1";"1";"1";""
"202400052203";"155689923";"A01";"2";"7";"0";"2";"1";"15";"1";""
"202400052203";"155689928";"B01";"1";"33";"0";"2";"0";"1";"1";""
"202400052204";"155689922";"B01";"1";"33";"0";"2";"2";"17";"1";""
"202400052204";"155689924";"A01";"1";"7";"0";"2";"3";"15";"1";""
"202400052205";"155689920";"A01";"2";"7";"0";"2";"1";"2";"1";""
"202400052206";"155689919";"A01";"2";"10";"0";"1";"5";"1";"1";""
"202400052207";"155689921";"A01";"1";"33";"0";"2";"1";"17";"1";""
"202400052207";"155689925";"B01";"1";"7";"0";"2";"1";"1";"1";""
"202400052208";"155689916";"A01";"2";"7";"0";"2";"3";"15";"1";""
"202400052208";"155689918";"B01";"2";"32";"0";"2";"1";"1";"1";""
"202400052209";"155689915";"A01";"2";"32";"12";"0";"1";"1";"1";""
"202400052210";"155689911";"A01";"2";"7";"0";"2";"6";"14";"2";""
"202400052210";"155689914";"B01";"2";"17";"0";"2";"2";"1";"1";""
"202400052211";"155689909";"A01";"1";"7";"0";"0";"8";"0";"1";""
"202400052211";"155689912";"B01";"1";"7";"0";"0";"8";"0";"1";""
"202400052212";"155689910";"A01";"2";"30";"0";"2";"0";"3";"1";""
"202400052213";"155689908";"B01";"2";"33";"0";"2";"1";"19";"1";""
"202400052213";"155689917";"A01";"2";"7";"0";"2";"5";"12";"1";""
"202400052214";"155689902";"A01";"3";"7";"16";"0";"9";"13";"1";""
"202400052215";"155689905";"A01";"1";"33";"0";"0";"1";"2";"1";""
"202400052216";"155689904";"B01";"3";"7";"0";"2";"8";"1";"1";""
"202400052216";"155689906";"A01";"3";"50";"0";"2";"1";"1";"3";""
"202400052217";"155689900";"B01";"3";"7";"0";"2";"3";"1";"1";""
"202400052217";"155689907";"A01";"3";"33";"0";"2";"2";"1";"1";""
"202400052218";"155689901";"A01";"2";"7";"3";"0";"1";"1";"1";""
"202400052219";"155689899";"A01";"3";"7";"0";"9";"3";"1";"1";""
"202400052219";"155689903";"B01";"3";"80";"0";"2";"7";"16";"2";""
"202400052220";"155689896";"A01";"1";"30";"0";"2";"3";"0";"1";""
"202400052220";"155689898";"B01";"2";"7";"0";"2";"1";"0";"1";""
"202400052221";"155689892";"A01";"3";"7";"0";"1";"5";"20";"1";""
"202400052222";"155689894";"A01";"2";"80";"0";"1";"1";"21";"3";""
"202400052223";"155689890";"A01";"1";"10";"0";"2";"7";"12";"1";""
"202400052223";"155689893";"B01";"1";"32";"0";"2";"8";"3";"1";""
"202400052224";"155689889";"A01";"2";"7";"16";"2";"1";"17";"1";""
"202400052224";"155689895";"B01";"1";"7";"16";"2";"1";"16";"1";""
"202400052224";"155689897";"C01";"2";"7";"0";"2";"6";"1";"1";""
"202400052225";"155689888";"A01";"3";"50";"14";"0";"1";"1";"3";""
"202400052226";"155689887";"A01";"2";"7";"0";"2";"8";"19";"1";""
"202400052226";"155689891";"B01";"2";"33";"0";"2";"1";"1";"1";""
"202400052227";"155689883";"A01";"1";"7";"0";"2";"1";"2";"1";""
"202400052227";"155689886";"B01";"1";"7";"0";"2";"4";"23";"1";""
"202400052228";"155689882";"A01";"1";"10";"12";"1";"8";"23";"1";""
"202400052229";"155689879";"A01";"2";"7";"0";"2";"1";"15";"3";""
"202400052229";"155689885";"B01";"1";"1";"0";"2";"4";"16";"5";""
"202400052230";"155689878";"A01";"3";"31";"0";"0";"0";"1";"1";""
"202400052231";"155689871";"A01";"1";"7";"0";"2";"2";"16";"1";""
"202400052231";"155689874";"B01";"1";"1";"0";"2";"1";"7";"5";""
"202400052232";"155689868";"B01";"1";"50";"0";"2";"7";"19";"3";""
"202400052232";"155689873";"A01";"1";"10";"0";"2";"1";"1";"1";""
"202400052233";"155689869";"A01";"2";"80";"2";"0";"1";"17";"3";""
"202400052234";"155689864";"A01";"2";"7";"0";"2";"1";"2";"1";""
"202400052234";"155689870";"B01";"2";"7";"0";"2";"9";"2";"1";""
"202400052234";"155689876";"C01";"2";"7";"0";"2";"9";"2";"2";""
"202400052234";"155689880";"D01";"2";"7";"0";"2";"9";"2";"2";""
"202400052234";"155689884";"E01";"2";"7";"0";"2";"4";"2";"1";""
"202400052235";"155689867";"A01";"1";"7";"0";"2";"7";"16";"1";""
"202400052235";"155689872";"B01";"2";"7";"0";"2";"1";"1";"1";""
"202400052236";"155689865";"A01";"1";"7";"12";"1";"2";"5";"2";""
"202400052237";"155689862";"A01";"3";"7";"0";"2";"2";"1";"1";""
"202400052237";"155689866";"B01";"3";"10";"0";"2";"3";"26";"1";""
"202400052238";"155689860";"A01";"2";"7";"0";"2";"3";"15";"1";""