"Num_Acc";"id_vehicule";"num_veh";"senc";"catv";"obs";"obsm";"choc";"manv";"motor";"occutc"
"202400052238";"155689863";"B01";"2";"33";"0";"2";"2";"17";"1";""
"202400052239";"155689856";"A01";"3";"7";"0";"2";"1";"1";"1";""
"202400052239";"155689861";"B01";"3";"33";"0";"2";"4";"1";"1";""
"202400052240";"155689858";"A01";"2";"1";"0";"1";"0";"1";"5";""
"202400052241";"155689854";"A01";"2";"10";"1";"0";"2";"1";"1";""
"202400052241";"155689859";"B01";"2";"7";"3";"2";"6";"23";"1";""
"202400052242";"155689853";"A01";"2";"7";"0";"2";"3";"13";"0";""
"202400052242";"155689855";"B01";"1";"2";"0";"2";"3";"1";"0";""
"202400052243";"155689852";"A01";"2";"7";"0";"0";"0";"1";"1";""
"202400052244";"155689850";"A01";"1";"7";"0";"2";"8";"10";"1";""
"202400052244";"155689857";"B01";"2";"1";"0";"2";"1";"1";"5";""
"202400052245";"155689848";"B01";"1";"7";"0";"2";"4";"0";"1";""
"202400052245";"155689851";"A01";"1";"7";"0";"2";"1";"1";"1";""
"202400052246";"155689846";"A01";"1";"7";"3";"0";"1";"1";"1";""
"202400052247";"155689845";"A01";"1";"7";"4";"0";"1";"14";"1";""
"202400052248";"155689844";"A01";"1";"10";"0";"2";"4";"4";"1";""
"202400052248";"155689847";"B01";"1";"7";"0";"2";"2";"1";"2";""
"202400052249";"155689843";"A01";"2";"33";"0";"0";"8";"13";"1";""
"202400052250";"155689841";"A01";"1";"10";"0";"2";"1";"1";"3";""
"202400052250";"155689849";"B01";"1";"7";"0";"2";"5";"1";"1";""
"202400052251";"155689840";"A01";"1";"7";"0";"2";"2";"15";"1";""
"202400052251";"155689842";"B01";"2";"7";"0";"2";"3";"1";"1";""
"202400052252";"155689834";"A01";"2";"7";"0";"2";"2";"12";"1";""
"202400052252";"155689837";"B01";"2";"7";"0";"2";"3";"1";"1";""
"202400052253";"155689831";"A01";"2";"7";"0";"2";"2";"1";"1";""
"202400052253";"155689839";"B01";"1";"1";"0";"2";"8";"1";"5";""
"202400052254";"155689833";"B01";"1";"32";"0";"2";"1";"1";"1";""
"202400052254";"155689836";"A01";"2";"7";"0";"2";"1";"1";"1";""
"202400052255";"155689832";"A01";"1";"10";"0";"1";"1";"1";"1";""
"202400052256";"155689830";"A01";"1";"7";"0";"2";"3";"0";"1";""
"202400052256";"155689835";"B01";"2";"7";"0";"2";"1";"0";"1";""
"202400052257";"155689829";"A01";"2";"7";"0";"2";"3";"19";"1";""
"202400052257";"155689838";"B01";"1";"17";"0";"2";"6";"21";"1";""
"202400052258";"155689828";"A01";"0";"7";"0";"1";"1";"0";"1";""
"202400052259";"155689827";"A01";"2";"7";"4";"0";"1";"1";"1";""
"202400052260";"155689825";"A01";"2";"33";"12";"0";"1";"17";"1";""
"202400052261";"155689822";"A01";"1";"7";"0";"2";"1";"15";"1";""
"202400052261";"155689826";"B01";"2";"1";"0";"2";"1";"1";"5";""
"202400052262";"155689821";"A01";"1";"30";"0";"2";"3";"15";"1";""
"202400052262";"155689824";"B01";"1";"10";"0";"2";"2";"1";"1";""
"202400052263";"155689817";"A01";"2";"17";"0";"2";"1";"1";"1";""
"202400052263";"155689820";"B01";"2";"7";"0";"0";"4";"1";"1";""
"202400052264";"155689816";"A01";"1";"10";"8";"0";"1";"1";"1";""
"202400052265";"155689815";"A01";"1";"7";"0";"0";"4";"23";"1";""
"202400052265";"155689819";"B01";"1";"7";"0";"2";"1";"20";"1";""
"202400052265";"155689823";"C01";"1";"7";"0";"2";"1";"1";"1";""
"202400052266";"155689813";"A01";"3";"10";"0";"2";"2";"17";"0";""
"202400052267";"155689812";"A01";"1";"7";"1";"0";"3";"1";"1";""
"202400052268";"155689809";"B01";"3";"80";"0";"2";"0";"0";"3";""
"202400052268";"155689814";"A01";"1";"7";"0";"2";"7";"15";"1";""
"202400052269";"155689808";"A01";"1";"7";"0";"2";"0";"9";"1";""
"202400052269";"155689811";"B01";"3";"7";"0";"2";"6";"1";"1";""
"202400052270";"155689807";"A01";"1";"7";"0";"2";"1";"17";"1";""
"202400052270";"155689810";"B01";"2";"7";"0";"2";"1";"1";"1";""
"202400052271";"155689806";"A01";"2";"7";"0";"2";"8";"19";"3";""
"202400052271";"155689818";"B01";"1";"7";"0";"2";"2";"1";"1";""
"202400052272";"155689805";"A01";"3";"2";"13";"0";"1";"1";"1";""
"202400052273";"155689804";"A01";"2";"7";"0";"1";"3";"1";"1";""
"202400052274";"155689802";"A01";"1";"10";"0";"2";"1";"1";"1";""
"202400052275";"155689798";"B01";"1";"33";"0";"9";"1";"0";"1";""
"202400052275";"155689801";"A01";"1";"7";"0";"2";"1";"0";"1";""
"202400052276";"155689799";"A01";"2";"7";"0";"2";"1";"26";"1";""
"202400052276";"155689803";"B01";"1";"7";"0";"2";"7";"1";"2";""
"202400052277";"155689797";"B01";"0";"1";"0";"2";"3";"15";"5";""
"202400052277";"155689800";"A01";"0";"7";"0";"2";"1";"1";"1";""
"202400052278";"155689794";"A01";"3";"7";"0";"0";"3";"2";"1";""
"202400052278";"155689796";"B01";"0";"7";"0";"0";"1";"1";"1";""
"202400052279";"155689793";"B01";"1";"33";"0";"2";"1";"21";"1";""
"202400052279";"155689795";"A01";"1";"7";"0";"2";"4";"1";"1";""
"202400052280";"155689792";"A01";"2";"7";"0";"1";"1";"15";"1";""
"202400052281";"155689791";"A01";"1";"7";"14";"9";"2";"2";"1";""
"202400052282";"155689787";"A01";"1";"7";"0";"9";"3";"21";"1";""
"202400052282";"155689790";"B01";"2";"7";"0";"2";"3";"1";"1";""
"202400052283";"155689789";"A01";"2";"7";"0";"1";"6";"20";"1";""
"202400052284";"155689785";"A01";"1";"7";"0";"2";"1";"2";"2";""
"202400052284";"155689788";"B01";"2";"7";"0";"0";"4";"14";"1";""
"202400052285";"155689784";"A01";"3";"3";"0";"1";"6";"4";"3";""
"202400052286";"155689783";"A01";"3";"36";"13";"0";"3";"0";"1";""
"202400052287";"155689781";"A01";"2";"7";"4";"0";"3";"0";"1";""
"202400052288";"155689782";"B01";"3";"33";"8";"2";"7";"17";"1";""
"202400052288";"155689786";"A01";"3";"7";"0";"2";"3";"15";"1";""
"202400052289";"155689774";"B01";"1";"7";"6";"2";"9";"0";"1";""
"202400052289";"155689777";"C01";"1";"7";"0";"2";"9";"2";"1";""
"202400052289";"155689779";"A01";"1";"7";"6";"2";"9";"12";"1";""
"202400052290";"155689773";"A01";"1";"33";"0";"2";"1";"1";"1";""
"202400052290";"155689780";"B01";"2";"7";"0";"2";"5";"15";"1";""
"202400052291";"155689772";"B01";"1";"33";"0";"2";"1";"1";"1";""
"202400052291";"155689775";"A01";"1";"7";"0";"2";"3";"15";"1";""
"202400052292";"155689770";"A01";"1";"7";"0";"2";"3";"9";"1";""
"202400052292";"155689776";"B01";"3";"3";"0";"2";"7";"1";"1";""
"202400052293";"155689768";"A01";"1";"7";"0";"2";"8";"9";"0";""
"202400052293";"155689771";"B01";"1";"2";"0";"2";"7";"26";"1";""
"202400052294";"155689765";"Z01";"1";"30";"0";"1";"1";"0";"1";""
"202400052295";"155689766";"B01";"3";"2";"0";"2";"1";"3";"1";""
"202400052295";"155689769";"A01";"3";"7";"0";"2";"3";"11";"1";""
"202400052296";"155689764";"A01";"1";"7";"0";"1";"1";"1";"1";""
"202400052297";"155689763";"A01";"1";"2";"0";"2";"1";"15";"1";""
"202400052297";"155689767";"B01";"2";"7";"0";"2";"8";"1";"1";""
"202400052298";"155689761";"A01";"2";"7";"2";"0";"9";"1";"1";""
"202400052299";"155689756";"B01";"2";"31";"0";"2";"7";"16";"1";""
"202400052299";"155689760";"A01";"2";"7";"0";"2";"8";"16";"1";""
"202400052300";"155689757";"A01";"2";"50";"0";"2";"1";"1";"3";""
"202400052300";"155689762";"B01";"1";"7";"0";"2";"1";"15";"1";""
"202400052301";"155689753";"A01";"1";"30";"0";"0";"1";"26";"1";""
"202400052302";"155689752";"A01";"1";"7";"0";"1";"3";"21";"1";""
"202400052303";"155689751";"A01";"1";"7";"0";"2";"4";"2";"1";""
"202400052303";"155689755";"B01";"1";"7";"0";"2";"4";"2";"1";""
"202400052303";"155689758";"C01";"1";"7";"0";"2";"1";"2";"1";""
"202400052304";"155689754";"B01";"1";"10";"0";"9";"8";"13";"1";""
"202400052304";"155689759";"A01";"1";"34";"15";"2";"7";"17";"1";""
"202400052305";"155689748";"A01";"1";"33";"0";"0";"1";"13";"1";""
"202400052306";"155689745";"A01";"2";"7";"0";"2";"1";"1";"1";""
"202400052306";"155689747";"B01";"1";"7";"0";"2";"3";"1";"1";""
"202400052307";"155689743";"A01";"2";"17";"0";"2";"8";"11";"1";""
"202400052307";"155689746";"B01";"2";"7";"0";"2";"7";"21";"2";""
"202400052307";"155689749";"C01";"2";"7";"0";"2";"7";"1";"1";""
"202400052308";"155689744";"A01";"3";"7";"0";"1";"2";"15";"1";""
"202400052309";"155689740";"A01";"2";"7";"15";"0";"1";"14";"0";""
"202400052310";"155689732";"A01";"1";"10";"0";"2";"2";"2";"1";""
"202400052310";"155689738";"B01";"1";"10";"0";"2";"6";"0";"1";""
"202400052310";"155689742";"C01";"2";"7";"0";"2";"8";"1";"1";""
"202400052311";"155689733";"A01";"1";"7";"0";"2";"7";"9";"1";""
"202400052311";"155689737";"B01";"1";"14";"0";"2";"1";"1";"1";""
"202400052312";"155689735";"A01";"2";"7";"0";"1";"2";"1";"1";""
"202400052313";"155689731";"A01";"2";"30";"0";"2";"1";"1";"3";""
"202400052313";"155689736";"B01";"2";"7";"0";"2";"3";"1";"1";""
"202400052314";"155689729";"B01";"2";"7";"0";"2";"1";"1";"1";""
"202400052314";"155689734";"A01";"2";"7";"0";"0";"8";"9";"1";""
"202400052315";"155689728";"B01";"3";"2";"0";"2";"1";"0";"1";""
"202400052315";"155689730";"A01";"0";"7";"0";"2";"1";"10";"1";""
"202400052316";"155689727";"A01";"3";"33";"12";"0";"1";"26";"1";""
"202400052317";"155689724";"A01";"0";"33";"0";"0";"2";"1";"1";""
"202400052318";"155689721";"A01";"2";"7";"0";"1";"2";"1";"1";""
"202400052319";"155689722";"A01";"2";"7";"13";"0";"1";"1";"1";""
"202400052320";"155689719";"A01";"2";"7";"2";"0";"1";"14";"1";""
"202400052321";"155689720";"C01";"1";"7";"0";"2";"8";"1";"1";""
"202400052321";"155689723";"A01";"1";"7";"0";"2";"5";"15";"1";""
"202400052321";"155689726";"B01";"2";"33";"0";"2";"8";"1";"1";""
"202400052322";"155689718";"B01";"1";"7";"0";"2";"3";"1";"1";""
"202400052322";"155689725";"A01";"1";"7";"0";"2";"5";"1";"1";""
"202400052323";"155689715";"A01";"1";"1";"0";"2";"1";"1";"5";""
"202400052323";"155689717";"B01";"1";"7";"0";"2";"4";"23";"1";""
"202400052324";"155689710";"A01";"2";"33";"0";"0";"8";"1";"1";""
"202400052325";"155689712";"B01";"3";"7";"0";"9";"3";"15";"1";""
"202400052325";"155689716";"A01";"3";"34";"0";"2";"1";"3";"1";""
"202400052326";"155689714";"A01";"2";"7";"2";"0";"2";"1";"1";""
"202400052327";"155689711";"A01";"1";"7";"0";"1";"3";"15";"1";""
"202400052328";"155689708";"B01";"1";"7";"15";"2";"8";"15";"1";""
"202400052328";"155689713";"A01";"1";"7";"0";"2";"2";"17";"1";""
"202400052329";"155689705";"B01";"2";"33";"0";"2";"1";"13";"1";""
"202400052329";"155689709";"A01";"2";"7";"0";"2";"8";"15";"2";""
"202400052330";"155689706";"A01";"3";"31";"15";"0";"0";"1";"1";""
"202400052331";"155689704";"A01";"2";"1";"0";"0";"0";"2";"5";""
"202400052332";"155689702";"A01";"2";"7";"0";"2";"1";"15";"2";""
"202400052332";"155689707";"B01";"2";"1";"0";"2";"8";"1";"5";""
"202400052333";"155689700";"A01";"1";"7";"0";"2";"1";"15";"1";""
"202400052333";"155689703";"B01";"2";"7";"0";"2";"1";"19";"1";""
"202400052334";"155689699";"A01";"3";"50";"0";"1";"1";"25";"3";""
"202400052335";"155689696";"A01";"2";"7";"2";"0";"1";"15";"1";""
"202400052336";"155689694";"B01";"2";"7";"0";"2";"7";"9";"1";""
"202400052336";"155689701";"A01";"2";"7";"0";"2";"1";"9";"2";""
"202400052337";"155689693";"B01";"1";"7";"0";"2";"3";"2";"1";""
"202400052337";"155689697";"A01";"1";"2";"0";"2";"5";"2";"1";""
"202400052338";"155689695";"B01";"3";"7";"0";"2";"3";"0";"1";""
"202400052338";"155689698";"A01";"3";"1";"0";"2";"7";"5";"5";""
"202400052339";"155689690";"A01";"1";"7";"0";"2";"1";"1";"1";""
"202400052339";"155689691";"B01";"1";"7";"0";"2";"2";"15";"1";""
"202400052340";"155689689";"Z01";"1";"7";"0";"2";"3";"15";"1";""
"202400052340";"155689692";"B01";"1";"33";"0";"2";"1";"1";"1";""
"202400052341";"155689680";"B01";"1";"30";"0";"2";"1";"9";"1";""
"202400052341";"155689685";"A01";"2";"7";"0";"2";"3";"9";"1";""
"202400052342";"155689682";"A01";"3";"1";"0";"2";"2";"13";"5";""
"202400052342";"155689686";"B01";"3";"7";"0";"2";"2";"1";"1";""
"202400052343";"155689679";"B01";"2";"7";"0";"2";"9";"1";"1";""
"202400052343";"155689684";"C01";"2";"7";"13";"0";"1";"1";"1";""
"202400052343";"155689688";"A01";"1";"3";"0";"2";"2";"1";"1";""
"202400052344";"155689678";"A01";"2";"99";"0";"2";"8";"1";"1";""
"202400052344";"155689683";"B01";"2";"33";"0";"2";"1";"1";"1";""
"202400052345";"155689675";"A01";"1";"7";"0";"2";"3";"9";"0";""
"202400052345";"155689677";"B01";"1";"1";"0";"2";"1";"0";"5";""
"202400052346";"155689671";"A01";"0";"7";"0";"2";"3";"19";"1";""
"202400052346";"155689676";"B01";"1";"34";"0";"2";"1";"1";"1";""
"202400052347";"155689668";"A01";"1";"7";"0";"1";"2";"15";"1";""
"202400052348";"155689667";"A01";"1";"7";"1";"0";"1";"26";"1";""
"202400052348";"155689670";"C01";"1";"13";"0";"0";"4";"26";"0";""
"202400052348";"155689673";"B01";"1";"7";"14";"0";"1";"26";"1";""
"202400052349";"155689665";"A01";"3";"32";"0";"2";"1";"2";"1";""
"202400052349";"155689672";"B01";"3";"7";"0";"0";"5";"15";"1";""
"202400052350";"155689663";"A01";"0";"7";"7";"0";"2";"14";"1";""
"202400052351";"155689662";"A01";"3";"7";"0";"2";"3";"15";"1";""
"202400052351";"155689666";"B01";"3";"33";"0";"2";"2";"1";"1";""
"202400052352";"155689661";"D01";"1";"7";"0";"2";"4";"2";"1";""
"202400052352";"155689664";"A01";"1";"7";"0";"2";"1";"2";"1";""
"202400052352";"155689669";"B01";"1";"7";"0";"2";"4";"2";"1";""
"202400052352";"155689674";"C01";"1";"7";"0";"2";"6";"2";"1";""
"202400052353";"155689659";"A01";"3";"50";"0";"2";"2";"25";"3";""
"202400052353";"155689660";"B01";"3";"7";"0";"2";"2";"9";"1";""
"202400052354";"155689657";"A01";"3";"7";"2";"0";"7";"13";"1";""
"202400052355";"155689656";"A01";"2";"7";"8";"0";"8";"13";"1";""
"202400052356";"155689658";"A01";"3";"7";"6";"0";"1";"14";"1";""
"202400052357";"155689653";"A01";"1";"7";"0";"2";"1";"0";"1";""
"202400052357";"155689654";"B01";"1";"7";"0";"2";"4";"23";"1";""
"202400052358";"155689646";"A01";"2";"33";"15";"2";"1";"13";"1";""
"202400052358";"155689651";"B01";"1";"7";"0";"2";"2";"1";"1";""
"202400052359";"155689647";"A01";"1";"7";"0";"2";"7";"15";"1";""
"202400052359";"155689652";"B01";"2";"30";"0";"2";"1";"1";"1";""
"202400052360";"155689650";"B01";"1";"7";"0";"2";"1";"1";"1";""
"202400052360";"155689655";"A01";"1";"7";"0";"2";"8";"15";"1";""
"202400052361";"155689643";"C01";"2";"7";"0";"2";"4";"2";"1";""
"202400052361";"155689645";"A01";"2";"7";"0";"2";"1";"2";"1";""
"202400052361";"155689649";"B01";"2";"7";"0";"2";"4";"2";"1";""
"202400052362";"155689644";"A01";"2";"50";"9";"0";"0";"0";"3";""
"202400052363";"155689641";"A01";"0";"10";"1";"0";"2";"1";"0";""
"202400052364";"155689640";"A01";"3";"30";"0";"2";"1";"15";"1";""
"202400052364";"155689648";"B01";"3";"7";"0";"2";"8";"1";"3";""
"202400052365";"155689639";"A01";"2";"32";"0";"2";"8";"1";"1";""
"202400052365";"155689642";"Z01";"2";"32";"0";"2";"7";"12";"0";""
"202400052366";"155689637";"A01";"1";"7";"8";"0";"1";"13";"1";""
"202400052367";"155689636";"A01";"0";"7";"5";"2";"9";"1";"3";""
"202400052368";"155689635";"B01";"1";"7";"1";"2";"3";"1";"1";""
"202400052368";"155689638";"A01";"1";"7";"0";"2";"1";"1";"1";""
"202400052369";"155689632";"A01";"0";"7";"2";"0";"3";"15";"1";""
"202400052370";"155689629";"A01";"2";"14";"0";"2";"2";"12";"1";""
"202400052370";"155689633";"B01";"2";"7";"0";"2";"8";"1";"1";""
"202400052371";"155689630";"A01";"1";"30";"14";"0";"1";"6";"1";""
"202400052372";"155689627";"A01";"2";"7";"0";"2";"1";"1";"1";""
"202400052372";"155689631";"B01";"1";"7";"0";"2";"3";"1";"2";""
"202400052373";"155689628";"A01";"2";"7";"0";"2";"2";"16";"2";""
"202400052373";"155689634";"B01";"2";"1";"0";"2";"8";"16";"5";""
"202400052374";"155689623";"A01";"3";"7";"0";"1";"4";"4";"1";""
"202400052375";"155689625";"A01";"0";"7";"2";"0";"1";"0";"1";""
"202400052376";"155689622";"A01";"2";"7";"0";"2";"5";"12";"1";""
"202400052376";"155689624";"B01";"2";"43";"0";"2";"1";"3";"1";""
"202400052377";"155689621";"A01";"2";"7";"0";"2";"3";"9";"2";""
"202400052377";"155689626";"B01";"1";"33";"0";"2";"1";"1";"1";""
"202400052378";"155689616";"B01";"0";"7";"0";"2";"1";"1";"1";""
"202400052378";"155689620";"Z01";"0";"7";"0";"2";"1";"13";"1";""
"202400052379";"155689613";"A01";"1";"33";"0";"2";"1";"16";"1";""
"202400052379";"155689617";"B01";"1";"7";"0";"2";"4";"1";"1";""
"202400052380";"155689610";"A01";"2";"10";"0";"2";"4";"2";"1";""
"202400052380";"155689611";"B01";"2";"7";"0";"2";"9";"2";"1";""
"202400052380";"155689615";"C01";"2";"7";"0";"2";"1";"2";"1";""
"202400052381";"155689607";"B01";"2";"33";"0";"2";"8";"15";"1";""
"202400052381";"155689609";"A01";"3";"3";"0";"2";"3";"15";"1";""
"202400052382";"155689605";"A01";"3";"7";"0";"2";"1";"13";"1";""
"202400052382";"155689608";"B01";"3";"31";"0";"2";"1";"0";"1";""
"202400052383";"155689604";"A01";"1";"7";"4";"2";"7";"11";"1";""
"202400052383";"155689606";"B01";"1";"10";"4";"2";"8";"1";"1";""
"202400052384";"155689601";"A01";"3";"7";"0";"2";"2";"0";"1";""
"202400052384";"155689603";"B01";"3";"3";"0";"2";"1";"13";"1";""
"202400052385";"155689600";"A01";"1";"7";"4";"0";"0";"16";"1";""
"202400052386";"155689599";"A01";"2";"10";"0";"2";"1";"15";"1";""
"202400052386";"155689602";"B01";"1";"33";"0";"2";"1";"1";"1";""
"202400052387";"155689598";"A01";"1";"33";"4";"2";"0";"1";"1";""
"202400052388";"155689597";"A01";"1";"7";"1";"0";"3";"13";"1";""
"202400052389";"155689595";"B01";"0";"10";"0";"0";"0";"0";"1";""
"202400052389";"155689596";"A01";"1";"10";"0";"2";"3";"1";"1";""
"202400052390";"155689594";"A01";"1";"7";"4";"0";"1";"26";"1";""
"202400052391";"155689619";"A01";"3";"3";"0";"2";"4";"0";"1";""
"202400052392";"155689614";"B01";"2";"7";"0";"0";"3";"1";"1";""
"202400052392";"155689618";"A01";"1";"2";"0";"2";"1";"13";"1";""
"202400052393";"155689593";"A01";"1";"7";"1";"0";"8";"13";"1";""
"202400052394";"155689592";"A01";"1";"32";"0";"2";"1";"2";"1";""
"202400052394";"155689612";"B01";"1";"7";"0";"2";"4";"2";"2";""
"202400052395";"155689587";"A01";"1";"7";"0";"2";"7";"1";"1";""
"202400052395";"155689591";"B01";"1";"7";"0";"2";"8";"2";"1";""
"202400052396";"155689588";"A01";"2";"10";"0";"2";"2";"15";"1";""
"202400052396";"155689590";"B01";"1";"32";"0";"2";"1";"1";"0";""
"202400052397";"155689585";"A01";"2";"7";"0";"2";"3";"1";"1";""
"202400052397";"155689589";"B01";"1";"34";"0";"2";"1";"13";"1";""
"202400052398";"155689584";"A01";"3";"7";"0";"1";"3";"1";"1";""
"202400052399";"155689581";"A01";"1";"7";"0";"2";"1";"2";"1";""
"202400052399";"155689582";"B01";"1";"10";"0";"2";"4";"2";"1";""
"202400052399";"155689586";"C01";"1";"0";"0";"2";"4";"2";"0";""
"202400052400";"155689579";"A01";"3";"10";"0";"2";"1";"1";"1";""
"202400052400";"155689583";"B01";"3";"7";"0";"2";"6";"15";"1";""
"202400052401";"155689578";"A01";"1";"7";"2";"0";"1";"14";"1";""
"202400052402";"155689574";"B01";"1";"50";"0";"2";"8";"1";"3";""
"202400052402";"155689580";"A01";"3";"37";"0";"2";"1";"9";"1";"1"
"202400052403";"155689571";"B01";"2";"50";"0";"2";"5";"1";"3";""
"202400052403";"155689575";"Z01";"1";"7";"0";"2";"2";"5";"1";""
"202400052404";"155689569";"B01";"2";"7";"0";"2";"1";"19";"1";""
"202400052404";"155689577";"A01";"1";"33";"0";"2";"8";"1";"1";""
"202400052405";"155689567";"B01";"3";"7";"0";"2";"1";"1";"1";""
"202400052405";"155689572";"A01";"3";"10";"0";"2";"1";"5";"3";""
"202400052406";"155689564";"A01";"2";"7";"0";"2";"1";"1";"1";""
"202400052406";"155689566";"B01";"0";"7";"0";"0";"0";"0";"1";""
"202400052407";"155689565";"B01";"2";"50";"0";"2";"1";"2";"3";""
"202400052407";"155689568";"A01";"2";"7";"0";"2";"2";"16";"2";""
"202400052408";"155689563";"A01";"2";"10";"0";"2";"1";"2";"1";""
"202400052408";"155689570";"B01";"2";"7";"0";"2";"4";"1";"1";""
"202400052409";"155689559";"A01";"3";"7";"13";"0";"2";"2";"1";""
"202400052410";"155689557";"A01";"2";"7";"0";"2";"2";"1";"1";""
"202400052410";"155689562";"B01";"2";"7";"0";"2";"6";"18";"1";""
"202400052411";"155689556";"B01";"2";"2";"0";"2";"3";"1";"1";""
"202400052411";"155689560";"A01";"1";"7";"0";"2";"7";"13";"1";""
"202400052412";"155689555";"A01";"2";"7";"0";"0";"0";"9";"1";""
"202400052412";"155689561";"B01";"1";"33";"0";"0";"0";"1";"1";""
"202400052413";"155689554";"A01";"1";"7";"0";"2";"1";"1";"1";""
"202400052413";"155689558";"B01";"1";"7";"0";"0";"4";"1";"1";""
"202400052414";"155689552";"A01";"3";"7";"0";"1";"5";"4";"1";""
"202400052415";"155689548";"B01";"2";"31";"0";"2";"1";"23";"1";""
"202400052415";"155689551";"A01";"2";"7";"0";"2";"1";"1";"1";""
"202400052416";"155689547";"A01";"2";"7";"0";"2";"4";"1";"1";""
"202400052416";"155689549";"B01";"1";"7";"0";"2";"1";"1";"1";""
"202400052417";"155689546";"B01";"1";"31";"0";"2";"2";"17";"1";""
"202400052417";"155689553";"A01";"1";"7";"0";"2";"3";"15";"1";""
"202400052418";"155689543";"B01";"2";"7";"0";"2";"5";"1";"1";""
"202400052418";"155689544";"A01";"2";"7";"0";"2";"2";"16";"1";""
"202400052419";"155689542";"A01";"3";"7";"0";"0";"0";"1";"1";""
"202400052419";"155689545";"B01";"3";"7";"14";"0";"3";"1";"1";""
"202400052419";"155689550";"C01";"3";"33";"14";"0";"3";"1";"1";""
"202400052420";"155689537";"A01";"1";"7";"0";"2";"1";"13";"1";""
"202400052420";"155689540";"B01";"2";"10";"0";"2";"1";"1";"1";""
"202400052421";"155689536";"A01";"2";"33";"14";"0";"7";"1";"1";""
"202400052422";"155689534";"A01";"3";"7";"0";"2";"2";"9";"1";""
"202400052422";"155689539";"B01";" -1";"1";"0";"2";"1";" -1";"5";""
"202400052422";"155689541";"C01";" -1";"1";"0";"2";"1";" -1";"5";""
"202400052423";"155689535";"B01";"1";"7";"0";"9";"7";"17";"1";""
"202400052423";"155689538";"A01";"1";"50";"0";"2";"8";"13";"3";""
"202400052424";"155689533";"A01";"2";"10";"0";"1";"4";"4";"1";""
"202400052425";"155689531";"A01";"2";"7";"0";"0";"0";"0";"1";""
"202400052426";"155689530";"A01";"3";"7";"0";"2";"2";"2";"1";""
"202400052426";"155689532";"B01";"3";"10";"0";"2";"4";"0";"1";""
"202400052427";"155689527";"A01";"0";"7";"9";"2";"7";"1";"1";""
"202400052427";"155689529";"B01";"0";"7";"0";"2";"1";"1";"1";""
"202400052428";"155689525";"B01";"1";"50";"0";"0";"1";"0";"3";""
"202400052428";"155689528";"A01";"2";"7";"0";"0";"0";"0";"1";""
"202400052429";"155689522";"B01";"1";"1";"0";"2";"0";"0";"5";""
"202400052429";"155689523";"A01";"1";"7";"0";"0";"7";"1";"1";""
"202400052429";"155689526";"C01";"1";"1";"0";"0";"0";"0";"5";""
"202400052430";"155689521";"B01";"0";"7";"0";"2";"6";"15";"1";""
"202400052430";"155689524";"A01";"3";"2";"0";"2";"1";"1";"1";""
"202400052431";"155689518";"A01";"1";"1";"0";"2";"1";"1";"5";""
"202400052431";"155689520";"B01";"2";"7";"0";"2";"1";"1";"1";""
"202400052432";"155689515";"A01";"3";"7";"0";"2";"1";"15";"1";""
"202400052432";"155689519";"B01";"3";"50";"0";"2";"1";"1";"3";""
"202400052433";"155689517";"A01";"0";"80";"0";"0";"1";"1";"3";""
"202400052434";"155689514";"B01";"1";"0";"0";"2";"4";"1";" -1";""
"202400052434";"155689516";"A01";"1";"33";"0";"2";"1";"3";"1";""
"202400052435";"155689513";"A01";"0";"7";"13";"0";"9";"1";"1";""
"202400052436";"155689512";"A01";"1";"10";"0";"1";"1";"0";"1";""
"202400052437";"155689511";"A01";"1";"7";"8";"0";"1";"13";"1";""
"202400052438";"155689509";"B01";"1";"33";"0";"2";"8";"15";"1";""
"202400052438";"155689510";"A01";"1";"31";"0";"2";"1";"26";"1";""
"202400052439";"155689507";"A01";"2";"7";"0";"1";"2";"15";"1";""
"202400052440";"155689505";"A01";"2";"33";"0";"2";"1";"2";"1";""
"202400052440";"155689508";"B01";"2";"7";"0";"2";"4";"2";"1";""
"202400052441";"155689504";"A01";"2";"80";"0";"0";"1";"1";"3";""
"202400052442";"155689501";"A01";"1";"10";"0";"2";"0";"11";"1";""
"202400052442";"155689503";"B01";"1";"33";"0";"2";"1";"1";"1";""
"202400052443";"155689502";"B01";"0";"7";"0";"2";"7";"15";"1";""
"202400052443";"155689506";"A01";"0";"7";"0";"2";"2";"13";"1";""
"202400052444";"155689500";"A01";"2";"10";"0";"1";"1";"1";"1";""
"202400052445";"155689499";"A01";"1";"1";"0";"1";"1";"5";"5";""
"202400052446";"155689496";"A01";"2";"7";"0";"2";"3";"26";"1";""
"202400052446";"155689497";"B01";"2";"2";"0";"2";"3";"1";"1";""
"202400052447";"155689493";"A01";"3";"7";"0";"2";"1";"1";"1";""
"202400052447";"155689494";"B01";"0";"1";"0";"2";"0";"19";"5";""
"202400052447";"155689495";"C01";"0";"7";"0";"9";"0";"23";"1";""
"202400052448";"155689491";"B01";"1";"7";"0";"2";"8";"1";"2";""
"202400052448";"155689492";"A01";"1";"7";"0";"2";"1";"0";"1";""
"202400052449";"155689486";"A01";"3";"33";"0";"2";"9";"3";"1";""
"202400052449";"155689487";"B01";"3";"7";"0";"2";"3";"1";"1";""
"202400052449";"155689488";"C01";"3";"10";"0";"2";"6";"2";"1";""
"202400052449";"155689489";"D01";"3";"7";"0";"2";"8";"2";"1";""