"Num_Acc";"id_vehicule";"num_veh";"senc";"catv";"obs";"obsm";"choc";"manv";"motor";"occutc"
"202400052450";"155689485";"A01";"2";"7";"0";"1";"2";"1";"1";""
"202400052451";"155689482";"A01";"3";"32";"0";"2";"2";"1";"1";""
"202400052451";"155689483";"B01";"3";"7";"0";"2";"3";"20";"1";""
"202400052452";"155689479";"A01";"2";"7";"0";"1";"3";"15";"1";""
"202400052453";"155689478";"A01";"1";"7";"0";"2";"1";"16";"1";""
"202400052453";"155689480";"B01";"2";"50";"0";"2";"4";"15";"3";""
"202400052454";"155689481";"A01";"1";"7";"4";"0";"2";"1";"1";""
"202400052455";"155689477";"A01";"2";"7";"0";"1";"3";"16";"1";""
"202400052456";"155689475";"A01";"1";"7";"0";"1";"2";"1";"1";""
"202400052457";"155689476";"A01";"3";"10";"1";"1";"1";"1";"0";""
"202400052458";"155689474";"A01";"1";"7";"3";"0";"0";"16";"1";""
"202400052459";"155689473";"A01";"3";"37";"0";"1";"0";"0";"1";"1"
"202400052460";"155689471";"A01";"1";"32";"0";"0";"1";"1";"1";""
"202400052461";"155689470";"B01";"1";"7";"0";"2";"3";"1";"1";""
"202400052461";"155689472";"A01";"2";"7";"0";"2";"3";"13";"1";""
"202400052462";"155689467";"A01";"0";"32";"0";"2";"1";"15";"1";""
"202400052462";"155689469";"B01";"0";"34";"0";"2";"1";"1";"1";""
"202400052463";"155689466";"B01";"1";"7";"0";"2";"8";"2";"1";""
"202400052463";"155689468";"A01";"1";"17";"0";"2";"7";"12";"1";""
"202400052464";"155689459";"A01";"2";"10";"0";"2";"2";"1";"1";""
"202400052464";"155689461";"B01";"1";"17";"0";"0";"4";"11";"1";""
"202400052465";"155689460";"A01";"0";"7";"0";"2";"1";"0";"1";""
"202400052465";"155689462";"B01";"0";"60";"0";"2";"0";"0";"5";""
"202400052466";"155689464";"A01";"2";"7";"0";"2";"3";"13";"1";""
"202400052466";"155689465";"B01";"2";"7";"0";"2";"5";"1";"3";""
"202400052467";"155689458";"A01";"3";"1";"0";"9";"8";"5";"5";""
"202400052467";"155689463";"B01";"3";"7";"0";"0";"1";"9";"1";""
"202400052468";"155689453";"A01";"1";"7";"0";"2";"1";"1";"1";""
"202400052468";"155689457";"B01";"1";"7";"0";"2";"4";"1";"1";""
"202400052469";"155689449";"A01";"1";"7";"3";"0";"2";"1";"1";""
"202400052470";"155689448";"A01";"2";"7";"0";"2";"4";"15";"1";""
"202400052470";"155689452";"B01";"2";"7";"0";"2";"3";"2";"1";""
"202400052470";"155689454";"C01";"1";"7";"0";"2";"0";"1";"1";""
"202400052470";"155689456";"D01";"1";"7";"0";"2";"3";"0";"1";""
"202400052471";"155689450";"B01";"0";"7";"0";"2";"1";"1";"1";""
"202400052471";"155689455";"A01";"0";"7";"0";"2";"1";"15";"1";""
"202400052472";"155689446";"A01";"1";"7";"4";"0";"1";"1";"1";""
"202400052473";"155689445";"A01";"3";"7";"0";"2";"1";"2";"1";""
"202400052473";"155689447";"B01";"3";"2";"0";"0";"4";"23";"1";""
"202400052473";"155689451";"C01";"3";"7";"0";"0";"4";"23";"1";""
"202400052474";"155689442";"A01";"2";"40";"0";"1";"1";"1";"3";""
"202400052475";"155689440";"B01";"1";"7";"0";"2";"8";"9";"1";""
"202400052475";"155689443";"A01";"1";"7";"0";"2";"1";"19";"1";""
"202400052476";"155689439";"A01";"1";"10";"5";"0";"4";"23";"1";""
"202400052476";"155689441";"C01";"1";"7";"0";"2";"1";"1";"1";""
"202400052476";"155689444";"B01";"1";"7";"0";"2";"2";"1";"1";""
"202400052477";"155689438";"A01";"0";"7";"0";"1";"1";"19";"1";""
"202400052478";"155689433";"A01";"1";"1";"1";"2";"1";"1";"5";""
"202400052479";"155689432";"B01";"1";"7";"0";"2";"4";"2";"1";""
"202400052479";"155689435";"A01";"1";"7";"0";"2";"1";"2";"1";""
"202400052480";"155689434";"A01";"3";"7";"0";"2";"5";"15";"1";""
"202400052480";"155689436";"B01";"3";"34";"0";"2";"1";"1";"1";""
"202400052481";"155689431";"A01";"2";"7";"0";"2";"1";"1";"1";""
"202400052481";"155689437";"B01";"2";"50";"0";"2";"7";"19";"3";""
"202400052482";"155689430";"A01";"1";"7";"16";"0";"2";"0";"1";""
"202400052483";"155689429";"A01";"0";"33";"4";"2";"3";"6";"1";""
"202400052484";"155689426";"A01";"2";"7";"0";"2";"3";"16";"1";""
"202400052484";"155689427";"B01";"1";"7";"0";"2";"1";"1";"1";""
"202400052485";"155689425";"A01";"3";"7";"0";"2";"3";"15";"1";""
"202400052485";"155689428";"B01";"3";"50";"0";"2";"2";"1";"3";""
"202400052486";"155689423";"Z01";"1";"7";"9";"1";"2";"25";"1";""
"202400052487";"155689422";"A01";"1";"7";"6";"0";"1";"6";"1";""
"202400052488";"155689421";"B01";"2";"1";"0";"2";"3";"1";"5";""
"202400052488";"155689424";"A01";"1";"7";"0";"2";"3";"0";"1";""
"202400052489";"155689420";"A01";"2";"7";"13";"0";"1";"2";"1";""
"202400052490";"155689415";"Z01";"3";"7";"0";"2";"7";"5";"1";""
"202400052490";"155689418";"A01";"3";"1";"0";"2";"7";"1";"5";""
"202400052491";"155689416";"A01";"1";"33";"13";"0";"7";"1";"1";""
"202400052492";"155689417";"B01";"2";"33";"0";"2";"1";"1";"1";""
"202400052492";"155689419";"A01";"2";"7";"0";"2";"8";"15";"1";""
"202400052493";"155689409";"A01";"3";"1";"0";"0";"8";"1";"5";""
"202400052494";"155689408";"A01";"1";"33";"0";"2";"8";"1";"1";""
"202400052494";"155689410";"B01";"2";"15";"0";"2";"6";"1";"1";""
"202400052494";"155689413";"C01";"2";"13";"0";"2";"1";"1";"1";""
"202400052495";"155689406";"A01";"2";"7";"9";"2";"1";"13";"1";""
"202400052495";"155689412";"B01";"2";"2";"0";"2";"1";"2";"1";""
"202400052495";"155689414";"C01";"1";"7";"0";"2";"8";"2";"1";""
"202400052496";"155689407";"A01";"1";"7";"0";"2";"2";"24";"1";""
"202400052496";"155689411";"B01";"1";"1";"1";"0";"2";"1";"5";""
"202400052497";"155689403";"A01";"1";"33";"0";"2";"7";"1";"1";""
"202400052497";"155689405";"B01";"1";"50";"0";"2";"1";"19";"3";""
"202400052498";"155689402";"A01";"1";"7";"3";"0";"5";"1";"1";""
"202400052499";"155689397";"B01";"1";"7";"0";"2";"4";"1";"1";""
"202400052499";"155689400";"A01";"1";"7";"0";"2";"1";"2";"1";""
"202400052500";"155689398";"B01";"2";"1";"0";"2";"2";"1";"5";""
"202400052500";"155689399";"A01";"1";"30";"0";"2";"3";"15";"3";""
"202400052501";"155689396";"A01";"1";"7";"2";"0";"3";"13";"1";""
"202400052502";"155689395";"A01";"2";"7";"1";"1";"2";"1";"1";""
"202400052503";"155689394";"A01";"1";"33";"0";"1";"1";"1";"1";""
"202400052504";"155689390";"A01";"1";"7";"2";"0";"2";"14";"3";""
"202400052505";"155689389";"A01";"1";"7";"0";"2";"3";"23";"1";""
"202400052505";"155689391";"B01";"1";"10";"0";"2";"1";"1";"1";""
"202400052506";"155689387";"A01";"1";"7";"0";"2";"2";"1";"1";""
"202400052506";"155689392";"B01";"3";"80";"0";"2";"2";"1";"3";""
"202400052507";"155689388";"B01";"3";"34";"0";"0";"7";"17";"1";""
"202400052507";"155689393";"A01";"3";"10";"0";"0";"3";"15";"1";""
"202400052508";"155689386";"A01";"2";"7";"0";"1";"1";"2";"1";""
"202400052509";"155689380";"B01";"1";"33";"0";"2";"1";"1";"1";""
"202400052509";"155689383";"A01";"2";"7";"0";"2";"2";"15";"1";""
"202400052510";"155689382";"B01";"3";"30";"0";"0";"1";"1";"1";""
"202400052510";"155689385";"A01";"3";"10";"0";"0";"1";"15";"1";""
"202400052511";"155689379";"A01";"1";"7";"0";"2";"3";"1";"1";""
"202400052511";"155689381";"B01";"1";"7";"0";"2";"8";"15";"1";""
"202400052512";"155689378";"A01";"1";"31";"0";"0";"0";"26";"1";""
"202400052513";"155689377";"A01";"1";"30";"12";"0";"1";"1";"1";""
"202400052514";"155689376";"A01";"1";"10";"0";"2";"1";"1";"1";""
"202400052514";"155689384";"B01";"1";"7";"0";"2";"4";"1";"1";""
"202400052515";"155689375";"A01";"3";"7";"0";"1";"0";"10";"2";""
"202400052516";"155689373";"A01";"2";"7";"2";"0";"1";"1";"1";""
"202400052517";"155689371";"A01";"1";"7";"0";"2";"1";"15";"1";""
"202400052517";"155689374";"B01";"2";"31";"0";"2";"1";"1";"1";""
"202400052518";"155689370";"A01";"1";"7";"0";"2";"2";"15";"1";""
"202400052518";"155689372";"B01";"2";"7";"0";"2";"3";"1";"1";""
"202400052519";"155689369";"A01";"3";"7";"13";"0";"2";"1";"1";""
"202400052520";"155689368";"A01";"2";"50";"0";"0";"1";"1";"3";""
"202400052521";"155689365";"A01";"3";"7";"0";"2";"2";"9";"1";""
"202400052521";"155689367";"B01";"3";"80";"0";"2";"1";"1";"3";""
"202400052522";"155689364";"B01";"2";"7";"0";"2";"1";"1";"1";""
"202400052522";"155689366";"A01";"1";"7";"0";"2";"2";"15";"1";""
"202400052523";"155689361";"A01";"2";"37";"0";"1";"4";"4";"1";"1"
"202400052524";"155689363";"A01";"3";"80";"12";"0";"3";"6";"3";""
"202400052525";"155689362";"A01";"2";"43";"12";"1";"8";"16";"1";""
"202400052526";"155689357";"A01";"2";"34";"0";"2";"1";"1";"1";""
"202400052526";"155689359";"B01";"0";"50";"0";"2";"7";"19";"3";""
"202400052527";"155689356";"A01";"3";"7";"0";"1";"1";"1";"0";""
"202400052528";"155689358";"A01";"1";"80";"0";"2";"3";"1";"3";""
"202400052528";"155689360";"B01";"1";"10";"0";"2";"5";"1";"1";""
"202400052529";"155689354";"A01";"1";"7";"0";"1";"3";"15";"1";""
"202400052530";"155689350";"A01";"1";"2";"0";"2";"8";"19";"1";""
"202400052530";"155689355";"B01";"2";"7";"0";"2";"3";"1";"1";""
"202400052531";"155689351";"A01";"2";"14";"0";"2";"8";"13";"1";""
"202400052531";"155689353";"B01";"2";"7";"0";"2";"7";"1";"2";""
"202400052532";"155689349";"A01";"1";"7";"0";"1";"1";"1";"1";""
"202400052533";"155689345";"A01";"3";"50";"0";"2";"1";"0";"3";""
"202400052533";"155689348";"B01";"0";"10";"0";"2";"3";"1";"0";""
"202400052534";"155689346";"A01";"2";"1";"0";"2";"3";"19";"5";""
"202400052534";"155689352";"B01";"1";"7";"0";"2";"2";"1";"2";""
"202400052535";"155689343";"A01";"3";"7";"0";"1";"2";"1";"1";""
"202400052536";"155689344";"A01";"2";"33";"0";"6";"1";"1";"1";""
"202400052537";"155689342";"B01";"1";"7";"0";"2";"2";"15";"1";""
"202400052537";"155689347";"A01";"1";"7";"0";"2";"6";"26";"1";""
"202400052538";"155689341";"A01";"1";"7";"0";"1";"1";"1";"1";""
"202400052539";"155689338";"A01";"3";"7";"8";"0";"1";"26";"1";""
"202400052540";"155689339";"A01";"1";"7";"2";"0";"2";"14";"0";""
"202400052541";"155689337";"A01";"0";"7";"0";"2";"2";"0";"1";""
"202400052541";"155689340";"B01";"0";"7";"0";"2";"3";"26";"1";""
"202400052542";"155689336";"A01";"1";"7";"2";"0";"3";"13";"1";""
"202400052543";"155689332";"B01";"3";"10";"0";"2";"3";"1";"1";""
"202400052543";"155689334";"A01";"3";"10";"0";"2";"3";"1";"1";""
"202400052544";"155689327";"A01";"1";"7";"3";"2";"1";"12";"1";""
"202400052544";"155689331";"B01";"1";"7";"3";"2";"4";"23";"1";""
"202400052545";"155689326";"A01";"3";"7";"0";"2";"3";"16";"1";""
"202400052545";"155689330";"B01";"3";"2";"0";"2";"7";"16";"1";""
"202400052546";"155689320";"A01";"3";"7";"0";"2";"1";"19";"1";""
"202400052546";"155689323";"B01";"1";"7";"0";"2";"3";"1";"1";""
"202400052547";"155689319";"D01";"1";"7";"0";"2";"4";"0";"2";""
"202400052547";"155689322";"A01";"1";"7";"0";"2";"1";"0";"1";""
"202400052547";"155689324";"C01";"1";"7";"0";"2";"6";"0";"1";""
"202400052547";"155689328";"B01";"1";"7";"6";"2";"4";"1";"1";""
"202400052548";"155689317";"A01";"2";"30";"14";"0";"3";"1";"1";""
"202400052549";"155689318";"A01";"2";"7";"0";"2";"1";"9";"1";""
"202400052549";"155689321";"B01";"2";"7";"0";"2";"3";"1";"1";""
"202400052550";"155689316";"D01";"2";"7";"0";"2";"4";"15";"1";""
"202400052550";"155689329";"C01";"2";"7";"0";"2";"4";"1";"1";""
"202400052550";"155689333";"A01";"2";"7";"0";"2";"3";"13";"1";""
"202400052550";"155689335";"B01";"1";"7";"0";"2";"3";"1";"1";""
"202400052551";"155689315";"A01";"3";"50";"0";"2";"1";"1";"3";""
"202400052551";"155689325";"B01";"3";"7";"0";"2";"7";"1";"1";""
"202400052552";"155689314";"A01";"3";"7";"0";"1";"3";"15";"1";""
"202400052553";"155689312";"A01";"1";"7";"2";"0";"0";"13";"1";""
"202400052554";"155689307";"B01";"1";"7";"0";"2";"1";"1";"1";""
"202400052554";"155689309";"A01";"2";"7";"0";"2";"1";"1";"1";""
"202400052555";"155689308";"B01";"1";"7";"0";"2";"1";"20";"1";""
"202400052555";"155689313";"A01";"2";"33";"0";"2";"1";"1";"1";""
"202400052556";"155689306";"B01";"1";"7";"0";"2";"7";"0";"1";""
"202400052556";"155689310";"A01";"1";"33";"0";"2";"8";"0";"1";""
"202400052557";"155689304";"A01";"1";"7";"0";"2";"3";"15";"1";""
"202400052557";"155689311";"B01";"1";"2";"0";"2";"2";"17";"1";""
"202400052558";"155689302";"B01";"1";"7";"0";"2";"3";"1";"1";""
"202400052558";"155689305";"A01";"1";"7";"0";"2";"2";"1";"1";""
"202400052559";"155689303";"A01";"2";"21";"0";"1";"1";"15";"1";""
"202400052560";"155689296";"B01";"2";"1";"0";"2";"7";"1";"5";""
"202400052560";"155689300";"A01";"2";"7";"0";"9";"1";"16";"1";""
"202400052561";"155689298";"B01";"0";"7";"0";"2";"4";"1";"0";""
"202400052561";"155689301";"A01";"0";"7";"0";"2";"1";"1";"1";""
"202400052562";"155689295";"A01";"1";"7";"0";"1";"4";"20";"1";""
"202400052563";"155689297";"B01";"1";"2";"0";"2";"8";"19";"1";""
"202400052563";"155689299";"A01";"0";"7";"0";"2";"1";"26";"1";""
"202400052564";"155689290";"A01";"0";"50";"0";"1";"1";"1";"3";""
"202400052565";"155689289";"A01";"1";"7";"0";"2";"3";"13";"1";""
"202400052565";"155689291";"B01";"2";"7";"0";"2";"3";"1";"1";""
"202400052565";"155689293";"C01";"2";"7";"8";"2";"3";"1";"1";""
"202400052566";"155689288";"A01";"3";"7";"14";"0";"1";"0";"1";""
"202400052567";"155689294";"A01";"1";"3";"0";"1";"1";"16";"1";""
"202400052568";"155689292";"A01";"1";"7";"0";"0";"2";"14";"2";""
"202400052569";"155689286";"B01";"2";"7";"0";"2";"1";"1";"1";""
"202400052569";"155689287";"A01";"1";"7";"0";"2";"1";"1";"1";""
"202400052570";"155689284";"A01";"3";"7";"0";"1";"1";"0";"1";""
"202400052571";"155689285";"A01";"2";"37";"0";"0";"0";"26";"2";"1"
"202400052572";"155689283";"A01";"0";"10";"8";"0";"1";"5";"1";""
"202400052573";"155689277";"A01";"2";"7";"0";"1";"1";"1";"1";""
"202400052574";"155689278";"A01";"0";"7";"0";"2";"1";"2";"1";""
"202400052574";"155689281";"B01";"0";"7";"0";"0";"4";"2";"1";""
"202400052575";"155689280";"B01";"1";"37";"0";"2";"6";"1";"1";"1"
"202400052575";"155689282";"A01";"1";"50";"0";"2";"2";"1";"3";""
"202400052576";"155689275";"A01";"1";"7";"0";"0";"8";"5";"1";""
"202400052576";"155689279";"B01";"2";"33";"0";"0";"6";"17";"1";""
"202400052577";"155689274";"A01";"1";"7";"8";"0";"1";"14";"1";""
"202400052578";"155689269";"A01";"2";"33";"8";"0";"0";"1";"1";""
"202400052579";"155689266";"A01";"1";"7";"0";"2";"2";"15";"1";""
"202400052579";"155689270";"B01";"1";"0";"0";"2";"1";"0";"1";""
"202400052580";"155689272";"A01";"1";"7";"0";"2";"1";"11";"1";""
"202400052580";"155689276";"B01";"1";"7";"0";"2";"1";"1";"1";""
"202400052581";"155689267";"A01";"1";"7";"0";"2";"1";"1";"1";""
"202400052581";"155689273";"B01";"2";"7";"0";"2";"3";"16";"1";""
"202400052582";"155689268";"B01";"2";"7";"0";"2";"3";"0";"1";""
"202400052582";"155689271";"A01";"1";"31";"0";"2";"1";"26";"1";""
"202400052583";"155689264";"A01";"1";"33";"13";"6";"4";"1";"1";""
"202400052584";"155689262";"A01";"1";"7";"0";"2";"3";"13";"1";""
"202400052584";"155689265";"B01";"2";"33";"0";"2";"8";"1";"1";""
"202400052585";"155689257";"B01";"1";"33";"0";"2";"1";"1";"1";""
"202400052585";"155689260";"A01";"2";"7";"0";"2";"1";"15";"1";""
"202400052586";"155689259";"A01";"2";"7";"0";"2";"8";"15";"1";""
"202400052586";"155689263";"B01";"2";"33";"0";"2";"1";"5";"1";""
"202400052587";"155689254";"A01";"3";"7";"0";"2";"3";"1";"1";""
"202400052587";"155689258";"B01";"3";"7";"0";"2";"3";"1";"0";""
"202400052588";"155689253";"A01";"3";"7";"0";"0";"1";"0";"1";""
"202400052589";"155689256";"A01";"1";"32";"0";"2";"1";"17";"1";""
"202400052589";"155689261";"B01";"1";"7";"0";"2";"6";"15";"1";""
"202400052590";"155689252";"B01";"2";"7";"0";"9";"1";"0";"1";""
"202400052590";"155689255";"A01";"1";"1";"0";"2";"1";"26";"5";""
"202400052591";"155689247";"A01";"1";"7";"0";"1";"2";"1";"3";""
"202400052592";"155689248";"A01";"2";"7";"13";"0";"1";"21";"1";""
"202400052593";"155689246";"B01";"1";"14";"0";"2";"2";"16";"0";""
"202400052593";"155689251";"A01";"1";"33";"8";"0";"2";"18";"1";""
"202400052594";"155689245";"A01";"2";"7";"0";"2";"8";"17";"1";""
"202400052594";"155689249";"B01";"2";"7";"13";"2";"7";"0";"1";""
"202400052595";"155689243";"A01";"2";"7";"0";"1";"2";"15";"1";""
"202400052596";"155689242";"B01";"1";"2";"0";"2";"9";"1";"1";""
"202400052596";"155689250";"A01";"2";"7";"0";"2";"8";"1";"1";""
"202400052597";"155689241";"A01";"2";"1";"0";"9";"1";"0";"5";""
"202400052597";"155689244";"B01";"1";"1";"0";"9";"1";"0";"5";""
"202400052598";"155689239";"A01";"2";"32";"0";"1";"1";"18";"1";""
"202400052599";"155689240";"A01";"1";"7";"6";"0";"1";"15";"2";""
"202400052600";"155689238";"A01";"2";"7";"0";"0";"1";"1";"1";""
"202400052601";"155689236";"A01";"1";"7";"0";"1";"1";"1";"1";""
"202400052602";"155689234";"B01";"0";"10";"0";"2";"3";"15";"0";""
"202400052602";"155689237";"A01";"2";"13";"0";"2";"1";"1";"0";""
"202400052603";"155689233";"A01";"1";"33";"8";"0";"2";"26";"3";""
"202400052604";"155689229";"A01";"1";"10";"0";"1";"3";"1";"1";""
"202400052605";"155689225";"B01";"1";"1";"0";"2";"7";"1";"5";""
"202400052605";"155689232";"A01";"1";"7";"0";"2";"3";"1";"1";""
"202400052606";"155689219";"A01";"2";"1";"0";"1";"2";"1";"5";""
"202400052607";"155689218";"A01";"2";"7";"2";"0";"3";"13";"1";""
"202400052608";"155689220";"A01";"0";"37";"0";"0";"7";"1";"2";"5"
"202400052609";"155689223";"A01";"1";"33";"0";"2";"1";"1";"1";""
"202400052609";"155689230";"B01";"1";"7";"0";"2";"3";"9";"1";""
"202400052610";"155689215";"A01";"3";"7";"0";"2";"2";"19";"1";""
"202400052610";"155689221";"B01";"2";"50";"0";"2";"1";"1";"3";""
"202400052611";"155689217";"A01";"0";"7";"0";"2";"1";"2";"1";""
"202400052611";"155689228";"B01";"2";"7";"0";"0";"8";"10";"1";""
"202400052612";"155689212";"A01";"2";"7";"0";"2";"3";"1";"1";""
"202400052612";"155689214";"B01";"1";"2";"0";"0";"8";"15";"1";""
"202400052613";"155689209";"A01";"2";"17";"4";"0";"8";"16";"1";""
"202400052614";"155689208";"A01";"3";"1";"0";"2";"1";"0";"5";""
"202400052614";"155689213";"B01";"3";"37";"0";"2";"7";"1";"1";"1"
"202400052615";"155689206";"A01";"2";"7";"8";"0";"8";"1";"1";""
"202400052616";"155689205";"B01";"3";"7";"0";"2";"3";"1";"2";""
"202400052616";"155689211";"A01";"1";"50";"0";"2";"1";"1";"3";""
"202400052617";"155689202";"B01";"1";"1";"1";"0";"1";"1";"5";""
"202400052617";"155689207";"A01";"1";"10";"0";"2";"8";"24";"1";""
"202400052618";"155689201";"A01";"1";"7";"2";"0";"7";"1";"1";""
"202400052619";"155689199";"A01";"1";"7";"0";"1";"2";"16";"1";""
"202400052620";"155689198";"A01";"1";"7";"0";"2";"1";"0";"1";""
"202400052620";"155689203";"B01";"1";"7";"0";"2";"1";"2";"1";""
"202400052620";"155689210";"C01";"1";"7";"0";"2";"4";"2";"1";""
"202400052620";"155689216";"D01";"1";"7";"0";"2";"1";"0";"1";""
"202400052620";"155689222";"E01";"1";"7";"0";"2";"4";"2";"1";""
"202400052620";"155689224";"F01";"1";"7";"0";"2";"3";"2";"1";""
"202400052620";"155689227";"G01";"1";"7";"0";"2";"2";"12";"1";""
"202400052620";"155689231";"H01";"1";"7";"0";"2";"4";"2";"1";""
"202400052620";"155689235";"I01";"1";"7";"0";"2";"4";"2";"1";""
"202400052621";"155689197";"A01";"3";"10";"0";"1";"2";"1";"1";""
"202400052622";"155689200";"B01";"2";"7";"0";"2";"3";"1";"1";""
"202400052622";"155689204";"A01";"1";"2";"0";"2";"1";"13";"1";""
"202400052623";"155689196";"A01";"3";"33";"4";"0";"2";"17";"1";""
"202400052624";"155689194";"A01";"3";"32";"0";"0";"9";"1";"1";""
"202400052625";"155689191";"A01";"2";"33";"1";"0";"1";"2";"1";""
"202400052625";"155689195";"B01";"1";"10";"0";"2";"0";"10";"1";""
"202400052626";"155689190";"A01";"1";"10";"0";"1";"1";"15";"1";""
"202400052627";"155689189";"A01";"1";"32";"0";"2";"1";"2";"1";""
"202400052627";"155689193";"B01";"1";"7";"0";"2";"4";"0";"1";""
"202400052628";"155689185";"A01";"2";"30";"0";"1";"8";"1";"1";""
"202400052629";"155689184";"B01";"1";"33";"0";"2";"1";"1";"1";""
"202400052629";"155689187";"A01";"2";"7";"0";"2";"2";"15";"1";""
"202400052630";"155689186";"A01";"3";"1";"0";"2";"1";"1";"5";""
"202400052630";"155689192";"B01";"3";"14";"0";"9";"5";"16";"1";""
"202400052631";"155689176";"A01";"1";"7";"1";"0";"1";"1";"1";""
"202400052632";"155689180";"A01";"2";"7";"0";"2";"3";"15";"1";""
"202400052632";"155689183";"B01";"1";"33";"0";"2";"1";"1";"1";""
"202400052632";"155689188";"C01";"1";"34";"0";"2";"1";"1";"1";""
"202400052633";"155689178";"A01";"2";"7";"0";"1";"1";"2";"0";""
"202400052634";"155689179";"B01";"1";"31";"0";"2";"1";"1";"1";""
"202400052634";"155689182";"A01";"2";"7";"0";"2";"2";"15";"1";""
"202400052635";"155689175";"B01";"3";"7";"0";"2";"4";"1";"1";""
"202400052635";"155689181";"A01";"3";"10";"0";"2";"1";"1";"3";""
"202400052636";"155689174";"A01";"1";"3";"3";"0";"8";"13";"1";""
"202400052637";"155689170";"B01";"1";"7";"0";"2";"1";"15";"1";""
"202400052637";"155689177";"A01";"2";"7";"0";"2";"1";"1";"1";""
"202400052638";"155689169";"A01";"2";"1";"0";"0";"0";"1";"5";""
"202400052639";"155689167";"A01";"3";"7";"0";"2";"6";"15";"1";""
"202400052639";"155689173";"B01";"3";"33";"0";"2";"1";"1";"1";""
"202400052640";"155689165";"A01";"1";"34";"0";"2";"1";"1";"1";""
"202400052640";"155689171";"B01";"1";"7";"0";"2";"8";"23";"1";""
"202400052641";"155689168";"A01";"1";"10";"0";"2";"1";"1";"1";""
"202400052641";"155689172";"B01";"1";"10";"0";"0";"4";"1";"1";""
"202400052642";"155689166";"A01";"2";"7";"0";"0";"1";"12";"1";""
"202400052643";"155689164";"A01";"1";"7";"2";"0";"1";"17";"1";""
"202400052644";"155689158";"A01";"1";"7";"6";"0";"1";"1";"1";""
"202400052645";"155689161";"A01";"1";"30";"1";"0";"3";"7";"1";""
"202400052645";"155689163";"B01";"1";"7";"0";"2";"4";"23";"2";""
"202400052646";"155689160";"A01";"2";"7";"0";"2";"2";"1";"1";""
"202400052646";"155689162";"B01";"1";"7";"0";"2";"3";"1";"1";""
"202400052647";"155689155";"A01";"2";"7";"0";"2";"1";"11";"1";""
"202400052647";"155689157";"B01";"1";"7";"0";"2";"3";"1";"1";""
"202400052648";"155689152";"A01";"3";"10";"9";"1";"0";"15";"0";""
"202400052649";"155689153";"A01";"3";"7";"0";"1";"3";"15";"2";""
"202400052650";"155689151";"A01";"1";"21";"0";"0";"6";"1";"1";""
"202400052651";"155689147";"A01";"3";"2";"0";"0";"0";"1";"1";""
"202400052652";"155689144";"C01";"2";"17";"0";"2";"1";"1";"1";""
"202400052652";"155689150";"A01";"1";"7";"16";"2";"1";"13";"1";""
"202400052652";"155689156";"B01";"2";"38";"0";"2";"8";"1";"1";"1"
"202400052653";"155689149";"B01";"2";"7";"0";"2";"1";"1";"1";""
"202400052653";"155689154";"C01";"2";"7";"0";"2";"1";"1";"1";""
"202400052653";"155689159";"A01";"2";"7";"0";"2";"4";"11";"1";""
"202400052654";"155689141";"A01";"3";"7";"0";"1";"1";"9";"1";""
"202400052655";"155689143";"B01";"3";"33";"0";"2";"2";"1";"1";""
"202400052655";"155689148";"A01";"3";"7";"0";"2";"3";"15";"1";""
"202400052656";"155689140";"A01";"3";"7";"0";"1";"1";"1";"3";""
"202400052657";"155689136";"A01";"1";"10";"2";"0";"7";"1";"1";""
"202400052658";"155689134";"B01";"2";"17";"0";"0";"4";"2";"1";""
"202400052658";"155689139";"A01";"2";"10";"0";"2";"1";"2";"1";""
"202400052659";"155689130";"A01";"3";"7";"0";"1";"1";"1";"1";""
"202400052660";"155689127";"A01";"1";"50";"0";"0";"1";"1";"3";""
"202400052661";"155689128";"A01";"1";"7";"0";"1";"7";"1";"1";""
"202400052662";"155689126";"A01";"1";"7";"8";"0";"3";"1";"1";""
"202400052663";"155689135";"A01";"2";"7";"0";"1";"2";"1";"1";""
"202400052664";"155689129";"A01";"1";"7";"0";"2";"3";"15";"0";""
"202400052664";"155689132";"B01";"1";"7";"0";"0";"0";"0";"0";""
"202400052665";"155689119";"A01";"3";"7";"1";"0";"1";"14";"2";""
"202400052666";"155689122";"B01";"1";"2";"0";"2";"1";"26";"3";""
"202400052666";"155689131";"A01";"1";"31";"0";"2";"2";"1";"1";""
"202400052667";"155689120";"A01";"1";"33";"4";"0";"7";"14";"1";""
"202400052668";"155689118";"A01";"1";"33";"0";"2";"8";"13";"1";""
"202400052668";"155689123";"B01";"2";"7";"0";"2";"6";"1";"1";""
"202400052669";"155689121";"B01";"2";"31";"0";"2";"4";"1";"1";""
"202400052669";"155689125";"A01";"1";"7";"0";"2";"1";"15";"1";""
"202400052670";"155689116";"A01";"1";"80";"6";"0";"9";"26";"3";""
"202400052671";"155689113";"Z01";"0";"7";"0";"2";"1";"13";"1";""
"202400052671";"155689114";"A01";"0";"2";"0";"2";"1";"1";"1";""
"202400052672";"155689124";"A01";"3";"37";"0";"2";"2";"1";"1";"4"
"202400052672";"155689133";"B01";"3";"10";"0";"2";"3";"10";"1";""
"202400052673";"155689117";"A01";"0";"7";"7";"0";"1";"0";"1";""
"202400052674";"155689115";"A01";"2";"7";"10";"0";"2";"1";"2";""
"202400052675";"155689112";"A01";"1";"7";"3";"0";"2";"1";"1";""
"202400052676";"155689109";"A01";"3";"7";"13";"0";"8";"13";"1";""