"Num_Acc";"id_vehicule";"num_veh";"senc";"catv";"obs";"obsm";"choc";"manv";"motor";"occutc"
"202400052677";"155689108";"A01";"1";"1";"12";"0";"0";"21";"5";""
"202400052678";"155689106";"Z01";"3";"7";"0";"1";"0";"2";"0";""
"202400052679";"155689107";"A01";"2";"7";"2";"0";"1";"0";"1";""
"202400052680";"155689103";"B01";"3";"1";"0";"2";"2";"1";"5";""
"202400052680";"155689111";"A01";"3";"7";"0";"2";"3";"9";"1";""
"202400052681";"155689105";"A01";"3";"7";"9";"1";"2";"14";"1";""
"202400052682";"155689102";"A01";"2";"7";"6";"0";"3";"1";"1";""
"202400052683";"155689098";"A01";"1";"33";"0";"0";"7";"1";"1";""
"202400052684";"155689100";"A01";"1";"33";"0";"6";"2";"1";"1";""
"202400052685";"155689097";"B01";"1";"7";"0";"2";"2";"15";"1";""
"202400052685";"155689110";"A01";"2";"33";"0";"2";"1";"1";"1";""
"202400052686";"155689096";"Z01";"3";"7";"0";"1";"4";"20";"6";""
"202400052687";"155689094";"B01";"3";"1";"0";"2";"1";"19";"5";""
"202400052687";"155689099";"A01";"3";"7";"8";"2";"3";"15";"1";""
"202400052688";"155689095";"A01";"1";"7";"0";"2";"1";"2";"1";""
"202400052688";"155689101";"B01";"1";"7";"0";"2";"4";"2";"1";""
"202400052688";"155689104";"C01";"1";"10";"0";"2";"4";"1";"1";""
"202400052689";"155689090";"A01";"2";"7";"10";"0";"1";"1";"1";""
"202400052690";"155689089";"A01";"0";"7";"0";"2";"3";"0";"0";""
"202400052690";"155689091";"B01";"2";"7";"0";"2";"3";"0";"0";""
"202400052691";"155689088";"B01";"0";"7";"0";"2";"1";"2";"1";""
"202400052691";"155689092";"A01";"0";"7";"0";"0";"4";"1";"1";""
"202400052692";"155689087";"Z01";"3";"7";"0";"1";"2";"0";"1";""
"202400052693";"155689085";"A01";"2";"30";"0";"0";"1";"0";"1";""
"202400052694";"155689080";"A01";"1";"7";"0";"2";"3";"9";"1";""
"202400052694";"155689084";"B01";"2";"2";"0";"2";"1";"1";"1";""
"202400052695";"155689082";"B01";"1";"30";"0";"2";"8";"2";"1";""
"202400052695";"155689093";"A01";"1";"10";"0";"2";"1";"15";"1";""
"202400052696";"155689079";"B01";"2";"2";"0";"2";"1";"1";"1";""
"202400052696";"155689086";"A01";"1";"7";"0";"2";"1";"1";"2";""
"202400052697";"155689076";"A01";"2";"7";"0";"9";"2";"16";"1";""
"202400052697";"155689083";"B01";"1";"50";"0";"2";"2";"0";"3";""
"202400052698";"155689070";"A01";"3";"10";"0";"1";"0";"0";"0";""
"202400052699";"155689065";"A01";"1";"7";"0";"2";"2";"12";"1";""
"202400052699";"155689073";"B01";"1";"7";"0";"2";"3";"1";"1";""
"202400052700";"155689071";"A01";"2";"7";"13";"0";"7";"1";"1";""
"202400052701";"155689067";"B01";"3";"3";"0";"2";"4";"2";"1";""
"202400052701";"155689074";"A01";"3";"10";"0";"2";"1";"2";"1";""
"202400052702";"155689066";"A01";"2";"7";"0";"1";"2";"1";"1";""
"202400052703";"155689064";"A01";"2";"7";"0";"0";"4";"2";"1";""
"202400052703";"155689077";"B01";"2";"10";"0";"2";"1";"2";"1";""
"202400052704";"155689062";"B01";"1";"7";"0";"2";"1";"15";"1";""
"202400052704";"155689068";"A01";"2";"7";"0";"2";"1";"1";"1";""
"202400052705";"155689055";"B01";"2";"7";"0";"2";"3";"1";"1";""
"202400052705";"155689060";"A01";"1";"7";"0";"2";"1";"15";"1";""
"202400052706";"155689054";"B01";"0";"10";"0";"2";"3";"23";"1";""
"202400052706";"155689072";"A01";"1";"36";"0";"2";"1";"1";"1";""
"202400052707";"155689053";"F01";"1";"7";"0";"2";"4";"2";"1";""
"202400052707";"155689058";"A01";"1";"7";"0";"2";"1";"2";"1";""
"202400052707";"155689063";"C01";"1";"7";"0";"2";"1";"2";"1";""
"202400052707";"155689069";"D01";"1";"7";"0";"2";"4";"1";"3";""
"202400052707";"155689075";"E01";"1";"7";"0";"2";"1";"2";"3";""
"202400052707";"155689078";"B01";"1";"7";"0";"2";"4";"1";"2";""
"202400052707";"155689081";"G01";"1";"7";"0";"2";"1";"2";"2";""
"202400052708";"155689052";"B01";"2";"7";"0";"2";"3";"11";"2";""
"202400052708";"155689059";"A01";"2";"30";"0";"2";"8";"17";"1";""
"202400052709";"155689057";"B01";"2";"43";"0";"2";"1";"3";"1";""
"202400052709";"155689061";"A01";"2";"7";"0";"2";"5";"14";"1";""
"202400052710";"155689051";"A01";"1";"33";"2";"0";"3";"26";"1";""
"202400052711";"155689049";"A01";"2";"10";"0";"1";"0";"1";"1";""
"202400052712";"155689048";"A01";"0";"30";"0";"2";"1";"1";"1";""
"202400052712";"155689056";"B01";"0";"7";"0";"2";"6";"9";"1";""
"202400052713";"155689047";"Z01";"3";"10";"0";"2";"3";"2";"0";""
"202400052713";"155689050";"B01";"3";"43";"0";"2";"7";"1";"1";""
"202400052714";"155689045";"A01";"1";"32";"8";"0";"1";"1";"1";""
"202400052715";"155689046";"A01";"3";"7";"0";"1";"3";"1";"1";""
"202400052716";"155689040";"A01";"2";"7";"0";"1";"8";"19";"0";""
"202400052717";"155689039";"A01";"1";"7";"13";"0";"1";"13";"1";""
"202400052718";"155689038";"A01";"1";"7";"0";"2";"2";"2";"1";""
"202400052718";"155689044";"B01";"1";"7";"0";"2";"4";"1";"1";""
"202400052719";"155689037";"A01";"3";"30";"1";"0";"1";"1";"1";""
"202400052719";"155689043";"B01";"3";"7";"0";"2";"4";"23";"1";""
"202400052720";"155689033";"A01";"1";"7";"0";"1";"1";"17";"3";""
"202400052721";"155689032";"A01";"1";"33";"0";"0";"0";"13";"1";""
"202400052722";"155689036";"B01";"1";"31";"0";"2";"3";"1";"1";""
"202400052722";"155689041";"A01";"1";"7";"0";"2";"2";"12";"1";""
"202400052723";"155689029";"A01";"1";"30";"10";"0";"1";"15";"3";""
"202400052723";"155689031";"B01";"2";"7";"10";"0";"3";"1";"1";""
"202400052724";"155689027";"A01";"1";"33";"8";"0";"2";"1";"1";""
"202400052725";"155689026";"A01";"2";"7";"3";"0";"1";"0";"1";""
"202400052726";"155689034";"B01";"2";"7";"0";"2";"1";"1";"1";""
"202400052726";"155689042";"A01";"1";"7";"3";"2";"9";"15";"1";""
"202400052727";"155689024";"B01";"1";"99";"0";"2";"7";"1";"0";""
"202400052727";"155689030";"A01";"1";"7";"0";"2";"1";"1";"1";""
"202400052728";"155689022";"A01";"1";"7";"7";"0";"1";"1";"1";""
"202400052729";"155689012";"A01";"1";"33";"0";"2";"3";"13";"1";""
"202400052729";"155689019";"B01";"2";"7";"0";"9";"3";"1";"1";""
"202400052730";"155689015";"A01";"1";"7";"0";"2";"2";"1";"1";""
"202400052730";"155689020";"Y01";"1";"1";"0";"2";"3";"19";"5";""
"202400052731";"155689016";"B01";"2";"2";"0";"2";"1";"1";"1";""
"202400052731";"155689021";"A01";"1";"7";"0";"2";"3";"13";"1";""
"202400052732";"155689014";"A01";"2";"32";"0";"2";"1";"2";"1";""
"202400052732";"155689023";"B01";"2";"7";"0";"0";"5";"2";"1";""
"202400052733";"155689010";"B01";"1";"7";"0";"2";"6";"1";"1";""
"202400052733";"155689017";"A01";"1";"10";"0";"2";"2";"14";"1";""
"202400052734";"155689009";"A01";"1";"7";"0";"2";"3";"15";"1";""
"202400052734";"155689011";"B01";"2";"7";"0";"2";"3";"1";"1";""
"202400052735";"155689018";"A01";"1";"10";"0";"2";"1";"19";"1";""
"202400052735";"155689025";"B01";"0";"10";"0";"2";"8";"1";"1";""
"202400052736";"155689003";"A01";"1";"10";"0";"2";"3";"13";"1";""
"202400052736";"155689007";"B01";"2";"10";"0";"2";"3";"1";"1";""
"202400052737";"155689006";"B01";"1";"31";"0";"2";"2";"3";"1";""
"202400052737";"155689013";"A01";"1";"7";"0";"2";"6";"1";"1";""
"202400052738";"155689000";"A01";"1";"33";"0";"2";"1";"17";"1";""
"202400052738";"155689005";"B01";"1";"10";"0";"2";"3";"15";"1";""
"202400052739";"155689001";"A01";"1";"7";"0";"1";"1";"1";"1";""
"202400052740";"155688996";"B01";"1";"7";"0";"2";"4";"2";"1";""
"202400052740";"155689004";"A01";"1";"7";"0";"2";"1";"2";"1";""
"202400052741";"155688998";"A01";"1";"30";"0";"2";"1";"26";"1";""
"202400052741";"155689008";"B01";"1";"7";"0";"0";"0";"0";"1";""
"202400052742";"155688992";"A01";"1";"10";"0";"2";"3";"11";"1";""
"202400052742";"155688995";"B01";"1";"32";"0";"2";"2";"2";"1";""
"202400052743";"155688991";"B01";"1";"7";"0";"2";"6";"1";"1";""
"202400052743";"155689002";"A01";"1";"15";"0";"2";"2";"12";"1";""
"202400052744";"155688987";"A01";"2";"7";"0";"2";"1";"1";"1";""
"202400052744";"155688990";"B01";"1";"10";"0";"2";"1";"1";"1";""
"202400052745";"155688988";"A01";"2";"7";"0";"2";"1";"26";"1";""
"202400052745";"155688994";"B01";"2";"34";"0";"2";"4";"1";"1";""
"202400052745";"155688999";"C01";"2";"33";"0";"2";"1";"1";"1";""
"202400052746";"155688985";"A01";"3";"33";"0";"0";"7";"14";"1";""
"202400052747";"155688979";"A01";"3";"7";"0";"2";"1";"0";"0";""
"202400052747";"155688984";"B01";"3";"43";"0";"2";"1";"0";"0";""
"202400052748";"155688983";"Y01";"1";"1";"9";"2";"8";"13";"5";""
"202400052748";"155688986";"A01";"0";"7";"0";"2";"8";"14";"1";""
"202400052749";"155688978";"B01";"0";"7";"0";"2";"2";"1";"1";""
"202400052749";"155688993";"A01";"1";"10";"0";"2";"7";"15";"1";""
"202400052749";"155688997";"C01";"1";"10";"0";"2";"1";"23";"1";""
"202400052750";"155688976";"A01";"2";"7";"0";"2";"8";"11";"1";""
"202400052750";"155688982";"B01";"2";"33";"0";"2";"1";"1";"1";""
"202400052751";"155688980";"B01";"1";"33";"0";"2";"1";"17";"1";""
"202400052751";"155688989";"A01";"1";"21";"0";"2";"6";"15";"1";""
"202400052752";"155688973";"B01";"2";"2";"0";"0";"1";"1";"1";""
"202400052752";"155688981";"A01";"1";"7";"0";"0";"3";"1";"2";""
"202400052753";"155688974";"A01";"2";"7";"0";"2";"1";"13";"1";""
"202400052753";"155688977";"B01";"1";"7";"0";"2";"1";"1";"1";""
"202400052754";"155688971";"A01";"2";"33";"0";"0";"1";"20";"1";""
"202400052755";"155688969";"A01";"0";"50";"0";"1";"1";"21";"3";""
"202400052756";"155688967";"A01";"3";"7";"0";"2";"3";"9";"1";""
"202400052756";"155688975";"B01";"2";"30";"0";"2";"1";"1";"1";""
"202400052757";"155688970";"A01";"3";"7";"0";"2";"7";"16";"1";""
"202400052757";"155688972";"B01";"3";"34";"0";"2";"8";"18";"1";""
"202400052758";"155688963";"A01";"1";"7";"5";"0";"1";"1";"1";""
"202400052759";"155688964";"A01";"2";"33";"0";"0";"1";"1";"1";""
"202400052760";"155688961";"A01";"2";"33";"0";"2";"1";"3";"1";""
"202400052760";"155688965";"B01";"2";"10";"0";"2";"4";"12";"1";""
"202400052761";"155688962";"B01";"1";"50";"0";"2";"8";"1";"3";""
"202400052761";"155688968";"A01";"1";"7";"0";"2";"2";"14";"2";""
"202400052762";"155688958";"A01";"1";"7";"2";"0";"2";"14";"1";""
"202400052763";"155688956";"A01";"2";"7";"8";"0";"2";"1";"1";""
"202400052764";"155688960";"A01";"2";"10";"0";"1";"1";"17";"1";""
"202400052765";"155688959";"A01";"3";"50";"12";"0";"1";"14";"3";""
"202400052766";"155688957";"B01";"1";"7";"0";"2";"5";"1";"1";""
"202400052766";"155688966";"A01";"1";"7";"0";"2";"3";"9";"1";""
"202400052767";"155688954";"A01";"1";"7";"2";"0";"0";"13";"1";""
"202400052768";"155688955";"A01";"3";"40";"0";"1";"1";"1";"3";""
"202400052769";"155688950";"A01";"1";"33";"13";"0";"7";"1";"1";""
"202400052770";"155688947";"A01";"1";"30";"0";"0";"8";"1";"1";""
"202400052771";"155688945";"A01";"2";"7";"0";"2";"1";"2";"1";""
"202400052771";"155688952";"B01";"2";"7";"0";"2";"4";"2";"1";""
"202400052772";"155688948";"A01";"2";"7";"1";"0";"2";"14";"1";""
"202400052773";"155688943";"A01";"3";"7";"0";"2";"3";"15";"1";""
"202400052773";"155688949";"B01";"3";"43";"0";"2";"1";"1";"1";""
"202400052774";"155688942";"B01";"3";"2";"0";"2";"8";"19";"1";""
"202400052774";"155688951";"A01";"2";"7";"0";"2";"2";"1";"1";""
"202400052775";"155688940";"A01";"2";"7";"0";"2";"1";"2";"1";""
"202400052775";"155688946";"B01";"2";"7";"0";"2";"4";"2";"1";""
"202400052775";"155688953";"C01";"2";"7";"0";"2";"4";"2";"1";""
"202400052776";"155688941";"A01";"1";"33";"0";"2";"8";"13";"1";""
"202400052776";"155688944";"B01";"2";"7";"0";"2";"1";"1";"3";""
"202400052777";"155688931";"A01";"0";"32";"0";"2";"1";"5";"1";""
"202400052777";"155688937";"B01";"0";"7";"0";"2";"1";"1";"1";""
"202400052778";"155688930";"A01";"1";"10";"0";"2";"6";"17";"1";""
"202400052778";"155688936";"B01";"1";"33";"0";"2";"1";"17";"1";""
"202400052779";"155688934";"A01";"1";"7";"0";"2";"2";"15";"1";""
"202400052779";"155688938";"B01";"1";"7";"0";"2";"1";"1";"1";""
"202400052780";"155688933";"A01";"2";"37";"0";"0";"1";"15";"2";"1"
"202400052780";"155688939";"B01";"1";"32";"0";"0";"0";"1";"1";""
"202400052781";"155688926";"A01";"2";"7";"0";"9";"2";"16";"1";""
"202400052781";"155688932";"B01";"2";"1";"0";"2";"1";"1";"5";""
"202400052782";"155688924";"B01";"1";"7";"0";"2";"3";"1";"1";""
"202400052782";"155688935";"A01";"2";"7";"0";"2";"2";"12";"1";""
"202400052783";"155688923";"A01";"1";"1";"0";"2";"3";"15";"5";""
"202400052783";"155688929";"B01";"1";"32";"0";"2";"1";"1";"1";""
"202400052784";"155688922";"A01";"2";"7";"0";"2";"1";"13";"2";""
"202400052784";"155688925";"B01";"1";"15";"0";"2";"8";"1";"1";""
"202400052785";"155688921";"A01";"3";"7";"0";"2";"1";"19";"1";""
"202400052785";"155688928";"B01";"1";"31";"0";"2";"7";"1";"1";""
"202400052786";"155688919";"A01";"2";"7";"0";"2";"7";"15";"1";""
"202400052786";"155688927";"B01";"1";"7";"0";"2";"2";"1";"1";""
"202400052787";"155688918";"A01";"2";"36";"6";"0";"3";"26";"1";""
"202400052788";"155688916";"B01";"1";"50";"0";"2";"8";"0";"3";""
"202400052788";"155688920";"A01";"2";"7";"0";"2";"2";"0";"1";""
"202400052789";"155688911";"A01";"3";"31";"0";"0";"9";"1";"1";""
"202400052790";"155688913";"A01";"1";"30";"12";"0";"2";"1";"1";""
"202400052791";"155688912";"A01";"3";"33";"0";"2";"5";"17";"1";""
"202400052791";"155688915";"B01";"3";"7";"0";"2";"3";"15";"1";""
"202400052792";"155688909";"A01";"2";"10";"0";"1";"3";"15";"1";""
"202400052793";"155688908";"C01";"1";"7";"0";"2";"1";"1";"1";""
"202400052793";"155688914";"A01";"1";"7";"0";"2";"1";"13";"1";""
"202400052793";"155688917";"B01";"1";"7";"0";"2";"3";"1";"1";""
"202400052794";"155688910";"A01";"2";"37";"0";"1";"7";"1";"2";"1"
"202400052795";"155688907";"A01";"1";"7";"0";"1";"1";"1";"1";""
"202400052796";"155688905";"A01";"1";"7";"0";"1";"1";"15";"3";""
"202400052797";"155688902";"B01";"2";"7";"8";"0";"1";"10";"1";""
"202400052797";"155688903";"A01";"1";"7";"9";"0";"8";"1";"1";""
"202400052798";"155688901";"A01";"3";"7";"0";"1";"1";"2";"1";""
"202400052799";"155688898";"A01";"0";"7";"15";"1";"0";"26";"1";""
"202400052800";"155688895";"A01";"3";"7";"0";"2";"1";"15";"1";""
"202400052800";"155688904";"B01";"3";"2";"0";"2";"1";"1";"1";""
"202400052801";"155688897";"A01";"1";"50";"0";"1";"1";"25";"3";""
"202400052802";"155688891";"A01";"1";"50";"0";"1";"1";"1";"3";""
"202400052803";"155688893";"A01";"2";"31";"0";"0";"8";"15";"1";""
"202400052803";"155688899";"B01";"2";"33";"0";"0";"3";"1";"1";""
"202400052804";"155688892";"B01";"1";"10";"0";"2";"4";"2";"1";""
"202400052804";"155688900";"A01";"1";"7";"0";"2";"1";"1";"2";""
"202400052805";"155688890";"A01";"1";"7";"0";"2";"3";"15";"2";""
"202400052805";"155688896";"B01";"2";"33";"0";"2";"1";"1";"1";""
"202400052806";"155688884";"A01";"2";"80";"0";"2";"8";"16";"3";""
"202400052806";"155688888";"B01";"1";"7";"0";"2";"2";"1";"1";""
"202400052807";"155688889";"A01";"1";"7";"0";"2";"1";"16";"1";""
"202400052807";"155688894";"B01";"2";"1";"0";"2";"1";"1";"5";""
"202400052808";"155688882";"A01";"1";"7";"0";"2";"4";"1";"1";""
"202400052808";"155688886";"B01";"1";"43";"0";"2";"1";"1";"1";""
"202400052809";"155688879";"A01";"2";"50";"0";"2";"7";"1";"3";""
"202400052809";"155688887";"B01";"1";"7";"0";"2";"1";"9";"1";""
"202400052810";"155688880";"A01";"2";"7";"0";"2";"2";"15";"1";""
"202400052810";"155688883";"B01";"1";"33";"0";"2";"1";"1";"1";""
"202400052811";"155688878";"A01";"3";"7";"0";"0";"5";"20";"1";""
"202400052812";"155688875";"A01";"1";"7";"0";"1";"1";"1";"1";""
"202400052813";"155688877";"A01";"2";"7";"14";"0";"1";"0";"1";""
"202400052813";"155688885";"B01";"3";"1";"0";"2";"7";"23";"5";""
"202400052814";"155688876";"A01";"1";"7";"0";"1";"2";"1";"1";""
"202400052815";"155688871";"A01";"2";"32";"0";"1";"1";"26";"1";""
"202400052816";"155688869";"A01";"2";"1";"0";"2";"1";"1";"5";""
"202400052816";"155688873";"B01";"3";"10";"0";"2";"2";"1";"1";""
"202400052817";"155688868";"A01";"3";"1";"0";"0";"0";"1";"5";""
"202400052818";"155688874";"B01";"2";"50";"0";"2";"1";"1";"3";""
"202400052818";"155688881";"A01";"1";"1";"0";"2";"1";"17";"5";""
"202400052819";"155688865";"A01";"3";"10";"0";"2";"3";"15";"1";""
"202400052819";"155688870";"B01";"3";"33";"0";"2";"1";"1";"1";""
"202400052820";"155688866";"A01";"2";"7";"0";"2";"4";"2";"1";""
"202400052820";"155688872";"B01";"2";"7";"0";"2";"1";"2";"1";""
"202400052821";"155688864";"B01";"2";"7";"0";"2";"5";"2";"1";""
"202400052821";"155688867";"A01";"2";"1";"0";"2";"8";"2";"5";""
"202400052822";"155688856";"A01";"2";"7";"8";"0";"1";"14";"1";""
"202400052823";"155688855";"A01";"1";"7";"0";"2";"7";"20";"1";""
"202400052823";"155688860";"B01";"1";"1";"0";"2";"1";"1";"5";""
"202400052824";"155688859";"A01";"3";"80";"12";"0";"1";"14";"3";""
"202400052825";"155688857";"A01";"1";"30";"0";"2";"1";"5";"1";""
"202400052825";"155688862";"B01";"1";"7";"0";"2";"2";"20";"2";""
"202400052826";"155688851";"A01";"1";"10";"0";"1";"1";"15";"1";""
"202400052827";"155688849";"A01";"2";"33";"0";"2";"1";"26";"1";""
"202400052827";"155688854";"B01";"2";"33";"0";"2";"4";"1";"1";""
"202400052828";"155688848";"B01";"2";"33";"0";"2";"1";"1";"1";""
"202400052828";"155688858";"A01";"1";"7";"0";"2";"2";"15";"1";""
"202400052829";"155688846";"A01";"1";"7";"0";"2";"5";"1";"1";""
"202400052829";"155688863";"B01";"1";"37";"0";"2";"2";"1";"1";"1"
"202400052830";"155688843";"A01";"1";"7";"0";"0";"9";"1";"1";""
"202400052831";"155688844";"C01";"2";"7";"0";"2";"4";"1";"1";""
"202400052831";"155688847";"D01";"2";"7";"0";"2";"4";"2";"2";""
"202400052831";"155688853";"A01";"2";"10";"0";"2";"1";"2";"1";""
"202400052831";"155688861";"B01";"2";"7";"0";"2";"4";"2";"1";""
"202400052832";"155688839";"A01";"2";"33";"0";"1";"1";"7";"1";""
"202400052833";"155688840";"A01";"1";"7";"0";"2";"3";"1";"1";""
"202400052833";"155688850";"B01";"2";"7";"0";"0";"1";"15";"1";""
"202400052833";"155688852";"C01";"2";"7";"0";"0";"6";"1";"1";""
"202400052834";"155688836";"B01";"1";"7";"0";"2";"1";"1";"1";""
"202400052834";"155688845";"A01";"1";"7";"0";"2";"7";"1";"1";""
"202400052835";"155688835";"A01";"1";"7";"0";"1";"1";"1";"2";""
"202400052836";"155688838";"A01";"3";"7";"0";"1";"2";"15";"1";""
"202400052837";"155688832";"A01";"1";"7";"0";"2";"2";"1";"1";""
"202400052837";"155688841";"B01";"2";"1";"0";"2";"1";"15";"5";""
"202400052838";"155688837";"A01";"1";"10";"0";"2";"6";"20";"1";""
"202400052838";"155688842";"B01";"1";"33";"0";"2";"0";"17";"1";""
"202400052839";"155688829";"B01";"2";"10";"0";"2";"1";"1";"1";""
"202400052839";"155688833";"A01";"2";"7";"0";"2";"5";"1";"2";""
"202400052840";"155688830";"A01";"2";"7";"9";"2";"2";"26";"1";""
"202400052840";"155688834";"B01";"1";"7";"9";"2";"8";"2";"1";""
"202400052841";"155688827";"A01";"2";"7";"8";"2";"1";"0";"1";""
"202400052842";"155688828";"A01";"3";"21";"0";"2";"2";"1";"1";""
"202400052842";"155688831";"B01";"3";"33";"0";"2";"6";"23";"1";""
"202400052843";"155688826";"A01";"2";"7";"2";"0";"1";"1";"1";""
"202400052844";"155688825";"A01";"2";"7";"0";"1";"2";"1";"1";""
"202400052845";"155688819";"B01";"2";"7";"0";"2";"6";"1";"1";""
"202400052845";"155688824";"A01";"2";"32";"0";"2";"5";"18";"1";""
"202400052846";"155688815";"A01";"2";"7";"0";"2";"6";"1";"1";""
"202400052846";"155688822";"Z01";"2";"15";"0";"2";"1";"12";"0";""
"202400052847";"155688821";"A01";"2";"7";"0";"1";"1";"1";"1";""
"202400052848";"155688814";"A01";"3";"7";"0";"1";"1";"26";"1";""
"202400052849";"155688813";"A01";"1";"7";"8";"0";"9";"1";"1";""
"202400052850";"155688811";"A01";"1";"7";"0";"2";"1";"1";"1";""
"202400052850";"155688817";"B01";"1";"7";"0";"2";"4";"23";"1";""
"202400052850";"155688823";"C01";"1";"7";"0";"2";"4";"23";"1";""
"202400052851";"155688808";"A01";"0";"7";"0";"2";"3";"19";"1";""
"202400052851";"155688816";"B01";"0";"1";"0";"2";"1";"1";"5";""
"202400052852";"155688812";"B01";"2";"7";"0";"2";"1";"15";"1";""
"202400052852";"155688818";"A01";"1";"32";"0";"2";"8";"7";"3";""
"202400052853";"155688807";"A01";"3";"7";"0";"2";"3";"1";"1";""
"202400052853";"155688809";"B01";"3";"1";"0";"2";"1";"14";"5";""
"202400052854";"155688804";"A01";"3";"7";"0";"1";"2";"1";"1";""
"202400052855";"155688801";"A01";"2";"15";"0";"2";"2";"12";"1";""
"202400052855";"155688806";"B01";"2";"7";"0";"2";"6";"0";"1";""
"202400052856";"155688803";"A01";"1";"10";"1";"0";"1";"20";"1";""
"202400052857";"155688800";"A01";"2";"10";"5";"0";"2";"1";"1";""
"202400052858";"155688802";"A01";"1";"33";"0";"0";"8";"2";"1";""
"202400052859";"155688796";"B01";"2";"7";"8";"2";"1";"1";"1";""
"202400052859";"155688799";"A01";"1";"7";"0";"2";"1";"1";"1";""
"202400052860";"155688793";"A01";"1";"10";"0";"2";"2";"5";"1";""
"202400052860";"155688798";"B01";"2";"3";"0";"2";"1";"1";"1";""
"202400052861";"155688791";"A01";"2";"7";"0";"2";"1";"1";"1";""
"202400052861";"155688795";"B01";"2";"7";"0";"2";"1";"11";"1";""
"202400052862";"155688788";"A01";"2";"7";"0";"1";"3";"15";"0";""
"202400052863";"155688790";"A01";"2";"7";"3";"0";"8";"26";"1";""
"202400052864";"155688794";"A01";"1";"34";"0";"2";"1";"17";"1";""
"202400052864";"155688805";"B01";"1";"7";"0";"2";"8";"15";"1";""
"202400052865";"155688792";"B01";"3";"7";"0";"2";"6";"16";"1";""
"202400052865";"155688797";"A01";"3";"7";"0";"2";"1";"2";"2";""
"202400052866";"155688787";"A01";"2";"7";"4";"0";"3";"0";"1";""
"202400052867";"155688786";"A01";"1";"7";"16";"0";"1";"1";"1";""
"202400052868";"155688782";"A01";"1";"7";"0";"2";"0";"1";"2";""
"202400052868";"155688789";"B01";"1";"7";"0";"2";"0";"0";"1";""
"202400052869";"155688778";"A01";"3";"7";"8";"0";"8";"4";"1";""
"202400052870";"155688775";"A01";"1";"33";"0";"2";"1";"2";"1";""
"202400052870";"155688781";"B01";"1";"7";"1";"0";"4";"1";"1";""
"202400052871";"155688776";"B01";"2";"33";"0";"2";"2";"17";"1";""
"202400052871";"155688784";"A01";"2";"7";"0";"2";"3";"10";"1";""
"202400052872";"155688774";"A01";"0";"7";"2";"0";"1";"0";"1";""
"202400052873";"155688771";"A01";"1";"33";"0";"2";"1";"2";"1";""
"202400052873";"155688779";"B01";"1";"7";"0";"2";"4";"2";"1";""
"202400052874";"155688769";"A01";"1";"33";"7";"0";"2";"1";"1";""
"202400052875";"155688770";"A01";"2";"13";"0";"2";"2";"12";"1";""
"202400052875";"155688777";"B01";"2";"7";"0";"2";"3";"1";"1";""
"202400052876";"155688768";"D01";"1";"7";"0";"2";"4";"2";"1";""
"202400052876";"155688772";"A01";"1";"7";"0";"2";"1";"2";"1";""
"202400052876";"155688780";"B01";"1";"7";"0";"2";"4";"2";"1";""
"202400052876";"155688785";"C01";"1";"7";"0";"2";"4";"2";"1";""
"202400052877";"155688764";"A01";"3";"7";"2";"0";"9";"1";"1";""
"202400052878";"155688765";"A01";"3";"30";"0";"1";"1";"0";"3";""
"202400052879";"155688762";"A01";"1";"33";"0";"2";"2";"3";"1";""
"202400052879";"155688766";"B01";"1";"7";"0";"2";"3";"11";"1";""
"202400052880";"155688759";"A01";"2";"7";"0";"1";"2";"1";"2";""
"202400052881";"155688761";"A01";"2";"7";"0";"1";"3";"1";"1";""
"202400052882";"155688757";"A01";"1";"31";"0";"2";"1";"1";"1";""
"202400052882";"155688763";"B01";"1";"7";"0";"2";"4";"1";"1";""
"202400052883";"155688755";"A01";"1";"7";"0";"2";"7";"12";"1";""
"202400052883";"155688760";"B01";"1";"33";"0";"2";"8";"2";"1";""
"202400052884";"155688753";"A01";"2";"7";"3";"0";"3";"1";"1";""
"202400052884";"155688758";"B01";"2";"7";"0";"2";"2";"2";"1";""
"202400052885";"155688754";"A01";"3";"7";"0";"1";"0";"0";"0";""
"202400052886";"155688752";"A01";"1";"7";"0";"1";"0";"14";"1";""
"202400052887";"155688751";"A01";"1";"7";"9";"0";"1";"1";"1";""
"202400052888";"155688748";"A01";"2";"7";"0";"2";"3";"9";"1";""
"202400052888";"155688756";"B01";"2";"7";"0";"2";"2";"0";"1";""
"202400052889";"155688747";"A01";"1";"7";"3";"0";"1";"0";"1";""
"202400052890";"155688744";"A01";"3";"37";"0";"2";"6";"24";"0";"1"
"202400052890";"155688750";"B01";"3";"10";"0";"2";"2";"1";"1";""
"202400052891";"155688743";"A01";"1";"7";"0";"1";"3";"17";"1";""
"202400052892";"155688742";"B01";"2";"7";"0";"2";"4";"4";"1";""
"202400052892";"155688746";"A01";"2";"7";"0";"2";"1";"1";"0";""
"202400052893";"155688741";"A01";"1";"30";"0";"2";"2";"3";"1";""
"202400052893";"155688745";"B01";"1";"7";"0";"2";"6";"1";"1";""
"202400052894";"155688740";"A01";"2";"7";"0";"2";"1";"13";"1";""
"202400052894";"155688749";"B01";"2";"10";"8";"2";"1";"1";"1";""
"202400052895";"155688735";"A01";"1";"10";"3";"2";"1";"0";"1";""
"202400052895";"155688738";"B01";"1";"7";"3";"2";"1";"0";"1";""
"202400052896";"155688736";"A01";"3";"7";"0";"1";"1";"1";"2";""