"Num_Acc";"id_vehicule";"num_veh";"senc";"catv";"obs";"obsm";"choc";"manv";"motor";"occutc"
"202400052897";"155688734";"B01";"2";"2";"0";"2";"1";"0";"1";""
"202400052897";"155688739";"A01";"1";"10";"0";"2";"2";"0";"1";""
"202400052898";"155688732";"B01";"2";"7";"0";"2";"4";"2";"1";""
"202400052898";"155688737";"A01";"2";"7";"0";"2";"1";"2";"1";""
"202400052899";"155688728";"A01";"1";"7";"12";"0";"9";"1";"1";""
"202400052900";"155688731";"A01";"3";"14";"0";"1";"4";"26";"1";""
"202400052901";"155688729";"A01";"2";"33";"16";"0";"1";"14";"1";""
"202400052902";"155688726";"B01";"1";"7";"0";"2";"7";"12";"2";""
"202400052902";"155688730";"A01";"1";"30";"0";"2";"3";"3";"3";""
"202400052903";"155688725";"A01";"3";"7";"0";"2";"2";"15";"1";""
"202400052903";"155688727";"B01";"3";"37";"0";"2";"2";"1";"6";"5"
"202400052904";"155688723";"A01";"2";"7";"0";"2";"3";"19";"1";""
"202400052904";"155688733";"B01";"3";"7";"0";"2";"0";"0";"2";""
"202400052905";"155688721";"A01";"2";"7";"0";"2";"3";"19";"1";""
"202400052905";"155688724";"B01";"1";"2";"0";"2";"1";"1";"1";""
"202400052906";"155688718";"B01";"2";"7";"0";"2";"6";"11";"1";""
"202400052906";"155688722";"A01";"2";"43";"0";"2";"1";"2";"1";""
"202400052907";"155688716";"A01";"3";"7";"9";"0";"3";"15";"0";""
"202400052908";"155688720";"A01";"3";"7";"0";"1";"3";"15";"1";""
"202400052909";"155688715";"A01";"1";"7";"0";"2";"3";"15";"3";""
"202400052909";"155688719";"B01";"1";"2";"0";"2";"1";"1";"1";""
"202400052910";"155688713";"A01";"2";"1";"0";"2";"4";"2";"5";""
"202400052910";"155688717";"B01";"2";"7";"0";"2";"1";"2";"1";""
"202400052911";"155688712";"A01";"2";"30";"0";"0";"7";"1";"1";""
"202400052912";"155688709";"B01";"1";"7";"0";"2";"1";"1";"1";""
"202400052912";"155688714";"A01";"2";"7";"0";"2";"7";"1";"1";""
"202400052913";"155688711";"A01";"1";"7";"0";"1";"1";"1";"2";""
"202400052914";"155688706";"B01";"2";"7";"0";"2";"3";"0";"1";""
"202400052914";"155688707";"A01";"2";"7";"0";"2";"0";"0";"1";""
"202400052915";"155688702";"A01";"1";"32";"0";"0";"1";"0";"1";""
"202400052915";"155688710";"B01";"1";"7";"0";"0";"3";"0";"1";""
"202400052916";"155688700";"A01";"1";"7";"0";"2";"1";"2";"1";""
"202400052916";"155688708";"B01";"1";"7";"0";"2";"4";"2";"1";""
"202400052917";"155688698";"B01";"1";"7";"0";"2";"8";"17";"1";""
"202400052917";"155688703";"A01";"2";"7";"0";"2";"1";"1";"1";""
"202400052918";"155688696";"B01";"3";"1";"0";"2";"7";"1";"5";""
"202400052918";"155688704";"A01";"3";"10";"0";"2";"1";"9";"3";""
"202400052919";"155688694";"A01";"1";"7";"0";"2";"2";"15";"1";""
"202400052919";"155688705";"B01";"2";"50";"0";"2";"1";"1";"3";""
"202400052920";"155688692";"B01";"2";"7";"0";"2";"1";"1";"1";""
"202400052920";"155688701";"A01";"2";"2";"0";"2";"3";"9";"1";""
"202400052921";"155688688";"A01";"1";"7";"4";"0";"2";"0";"1";""
"202400052922";"155688691";"B01";"1";"7";"0";"2";"2";"1";"3";""
"202400052922";"155688695";"A01";"1";"1";"0";"2";"3";"3";"5";""
"202400052923";"155688687";"A01";"2";"7";"0";"2";"7";"14";"1";""
"202400052923";"155688693";"C01";"2";"7";"0";"2";"1";"2";"1";""
"202400052923";"155688699";"B01";"2";"10";"0";"2";"6";"1";"1";""
"202400052924";"155688685";"A01";"3";"1";"0";"0";"0";"0";"5";""
"202400052925";"155688684";"A01";"1";"32";"0";"2";"1";"3";"1";""
"202400052925";"155688686";"B01";"1";"7";"0";"2";"5";"12";"1";""
"202400052926";"155688681";"A01";"3";"7";"0";"2";"4";"23";"1";""
"202400052926";"155688689";"B01";"3";"7";"14";"2";"1";"2";"1";""
"202400052927";"155688682";"A01";"1";"7";"13";"0";"1";"0";"1";""
"202400052928";"155688679";"A01";"0";"7";"3";"0";"1";"6";"1";""
"202400052929";"155688678";"A01";"3";"7";"0";"2";"2";"15";"1";""
"202400052929";"155688683";"B01";"3";"2";"0";"2";"1";"1";"1";""
"202400052930";"155688675";"A01";"2";"33";"4";"0";"1";"13";"1";""
"202400052931";"155688673";"A01";"1";"7";"3";"0";"1";"1";"1";""
"202400052932";"155688671";"A01";"2";"7";"0";"2";"3";"5";"1";""
"202400052932";"155688676";"B01";"1";"2";"0";"2";"3";"1";"1";""
"202400052933";"155688672";"A01";"1";"7";"0";"2";"1";"17";"1";""
"202400052933";"155688677";"B01";"2";"7";"0";"2";"1";"1";"1";""
"202400052934";"155688674";"A01";"1";"50";"1";"0";"7";"1";"3";""
"202400052934";"155688680";"B01";"3";"7";"0";"2";"0";"22";"1";""
"202400052935";"155688669";"A01";"2";"2";"0";"0";"9";"16";"1";""
"202400052936";"155688668";"A01";"3";"2";"14";"0";"1";"1";"1";""
"202400052937";"155688666";"A01";"2";"33";"0";"1";"1";"1";"1";""
"202400052938";"155688664";"A01";"3";"7";"0";"2";"1";"1";"1";""
"202400052938";"155688667";"B01";"3";"7";"0";"2";"7";"15";"2";""
"202400052939";"155688665";"B01";"1";"1";"0";"0";"1";"0";"5";""
"202400052939";"155688670";"A01";"1";"37";"0";"2";"1";"16";"3";"3"
"202400052940";"155688663";"A01";"0";"2";"0";"0";"0";"0";"1";""
"202400052941";"155688658";"A01";"2";"7";"16";"0";"1";"1";"1";""
"202400052942";"155688656";"A01";"2";"7";"0";"2";"8";"11";"1";""
"202400052942";"155688661";"B01";"2";"34";"0";"2";"1";"3";"1";""
"202400052943";"155688652";"A01";"3";"13";"0";"0";"6";"15";"0";""
"202400052944";"155688654";"A01";"2";"7";"0";"2";"1";"2";"1";""
"202400052944";"155688657";"B01";"2";"7";"0";"2";"4";"2";"1";""
"202400052944";"155688662";"C01";"2";"10";"0";"2";"4";"1";"1";""
"202400052945";"155688653";"A01";"1";"7";"0";"1";"3";"15";"1";""
"202400052946";"155688655";"A01";"1";"33";"0";"2";"1";"15";"1";""
"202400052946";"155688660";"B01";"1";"7";"0";"2";"7";"1";"1";""
"202400052947";"155688650";"A01";"1";"7";"0";"1";"2";"1";"1";""
"202400052948";"155688649";"A01";"1";"33";"0";"1";"1";"1";"1";""
"202400052949";"155688645";"A01";"2";"10";"10";"2";"3";"17";"1";""
"202400052949";"155688648";"B01";"1";"10";"3";"2";"3";"15";"1";""
"202400052950";"155688647";"A01";"3";"10";"0";"2";"3";"11";"1";""
"202400052950";"155688651";"B01";"3";"33";"0";"2";"7";"2";"1";""
"202400052951";"155688644";"A01";"1";"7";"6";"0";"1";"21";"1";""
"202400052952";"155688642";"A01";"1";"7";"0";"9";"5";"2";"1";""
"202400052952";"155688646";"B01";"0";"1";"0";"2";"1";"0";"5";""
"202400052953";"155688641";"A01";"1";"10";"0";"1";"2";"1";"1";""
"202400052954";"155688639";"B01";"2";"32";"0";"2";"8";"0";"1";""
"202400052954";"155688643";"A01";"2";"7";"1";"0";"1";"13";"1";""
"202400052955";"155688638";"A01";"0";"7";"0";"1";"0";"0";"0";""
"202400052956";"155688637";"A01";"1";"2";"1";"0";"1";"1";"1";""
"202400052957";"155688636";"A01";"1";"7";"0";"1";"3";"1";"1";""
"202400052958";"155688634";"A01";"1";"7";"0";"2";"3";"20";"1";""
"202400052958";"155688640";"B01";"1";"50";"0";"2";"1";"2";"3";""
"202400052959";"155688633";"A01";"1";"33";"13";"0";"1";"12";"1";""
"202400052960";"155688630";"A01";"3";"7";"8";"0";"1";"15";"1";""
"202400052961";"155688629";"A01";"1";"7";"0";"1";"1";"1";"1";""
"202400052962";"155688628";"B01";"2";"33";"0";"0";"8";"15";"1";""
"202400052962";"155688631";"A01";"2";"7";"0";"0";"1";"1";"1";""
"202400052963";"155688627";"B01";"2";"7";"0";"2";"6";"1";"1";""
"202400052963";"155688632";"A01";"1";"2";"0";"2";"1";"1";"1";""
"202400052964";"155688622";"A01";"2";"7";"0";"2";"1";"1";"1";""
"202400052964";"155688635";"B01";"2";"7";"3";"2";"4";"1";"1";""
"202400052965";"155688619";"B01";"2";"7";"0";"2";"2";"1";"1";""
"202400052965";"155688623";"A01";"1";"7";"0";"2";"2";"17";"1";""
"202400052966";"155688620";"A01";"1";"7";"0";"2";"2";"1";"1";""
"202400052966";"155688625";"B01";"1";"7";"0";"2";"1";"1";"1";""
"202400052967";"155688618";"B01";"1";"10";"0";"2";"2";"1";"1";""
"202400052967";"155688626";"A01";"3";"7";"13";"2";"5";"19";"1";""
"202400052968";"155688614";"A01";"1";"7";"2";"0";"7";"1";"1";""
"202400052969";"155688613";"A01";"0";"7";"0";"2";"3";"15";"1";""
"202400052969";"155688624";"B01";"0";"7";"0";"2";"7";"1";"0";""
"202400052970";"155688609";"B01";"1";"30";"0";"2";"1";"1";"1";""
"202400052970";"155688615";"A01";"3";"7";"0";"2";"6";"26";"1";""
"202400052971";"155688607";"A01";"1";"10";"0";"2";"7";"12";"1";""
"202400052971";"155688611";"C01";"1";"10";"0";"2";"4";"2";"1";""
"202400052971";"155688616";"D01";"1";"33";"0";"2";"1";"2";"1";""
"202400052971";"155688621";"B01";"1";"7";"0";"2";"8";"1";"1";""
"202400052972";"155688606";"B01";"0";"7";"0";"9";"2";"1";"1";""
"202400052972";"155688617";"A01";"0";"1";"0";"2";"8";"1";"5";""
"202400052973";"155688605";"A01";"1";"7";"0";"2";"1";"15";"2";""
"202400052973";"155688610";"B01";"2";"1";"0";"2";"1";"1";"5";""
"202400052974";"155688603";"A01";"3";"2";"0";"2";"1";"13";"1";""
"202400052974";"155688612";"B01";"1";"7";"0";"2";"3";"1";"1";""
"202400052975";"155688600";"A01";"1";"7";"0";"1";"2";"1";"1";""
"202400052976";"155688599";"A01";"3";"7";"0";"1";"3";"2";"1";""
"202400052977";"155688601";"A01";"3";"1";"0";"0";"0";"1";"5";""
"202400052978";"155688597";"A01";"1";"7";"0";"2";"4";"1";"1";""
"202400052978";"155688602";"B01";"1";"7";"0";"2";"4";"10";"1";""
"202400052978";"155688608";"C01";"1";"7";"0";"2";"1";"1";"1";""
"202400052979";"155688595";"C01";"2";"7";"0";"2";"3";"23";"1";""
"202400052979";"155688598";"A01";"1";"10";"0";"2";"5";"19";"1";""
"202400052979";"155688604";"B01";"1";"17";"0";"2";"1";"1";"1";""
"202400052980";"155688594";"A01";"2";"7";"0";"1";"1";"1";"1";""
"202400052981";"155688593";"A01";"3";"10";"0";"1";"2";"1";"1";""
"202400052982";"155688591";"A01";"2";"7";"6";"1";"1";"26";"2";""
"202400052983";"155688590";"A01";"2";"7";"0";"2";"2";"0";"0";""
"202400052983";"155688596";"B01";"3";"7";"0";"2";"3";"2";"1";""
"202400052984";"155688587";"A01";"3";"7";"17";"0";"2";"0";"1";""
"202400052985";"155688585";"A01";"1";"33";"0";"2";"0";"2";"1";""
"202400052985";"155688589";"B01";"1";"7";"0";"0";"5";"26";"2";""
"202400052986";"155688584";"A01";"2";"33";"8";"0";"0";"14";"1";""
"202400052987";"155688583";"A01";"1";"30";"0";"2";"1";"2";"3";""
"202400052987";"155688592";"B01";"2";"7";"0";"0";"4";"26";"2";""
"202400052988";"155688582";"A01";"2";"7";"0";"2";"3";"0";"1";""
"202400052988";"155688588";"B01";"2";"34";"0";"2";"3";"0";"1";""
"202400052989";"155688581";"A01";"2";"7";"0";"2";"2";"1";"1";""
"202400052989";"155688586";"B01";"1";"10";"0";"2";"1";"1";"1";""
"202400052990";"155688580";"A01";"2";"7";"13";"0";"1";"1";"1";""
"202400052991";"155688579";"A01";"1";"7";"0";"1";"0";"15";"1";""
"202400052992";"155688573";"A01";"1";"10";"0";"2";"1";"2";"1";""
"202400052992";"155688578";"B01";"1";"14";"0";"2";"4";"2";"1";""
"202400052993";"155688568";"C01";"1";"40";"0";"2";"2";"1";"3";""
"202400052993";"155688574";"A01";"1";"7";"0";"4";"8";"1";"1";""
"202400052994";"155688564";"C01";"1";"33";"0";"2";"1";"3";"1";""
"202400052994";"155688571";"B01";"1";"7";"0";"2";"5";"1";"1";""
"202400052994";"155688575";"A01";"1";"7";"0";"2";"3";"1";"2";""
"202400052995";"155688566";"A01";"1";"7";"0";"1";"3";"1";"1";""
"202400052996";"155688570";"A01";"2";"1";"0";"1";"2";"0";"5";""
"202400052997";"155688563";"A01";"1";"10";"0";"2";"3";"2";"1";""
"202400052997";"155688572";"C01";"1";"7";"0";"2";"4";"15";"1";""
"202400052997";"155688576";"B01";"2";"7";"0";"2";"1";"1";"1";""
"202400052998";"155688562";"B01";"1";"1";"0";"2";"2";"26";"5";""
"202400052998";"155688567";"A01";"2";"7";"0";"0";"8";"1";"1";""
"202400052999";"155688560";"B01";"2";"80";"0";"2";"4";"1";"3";""
"202400052999";"155688569";"A01";"1";"7";"0";"2";"3";"16";"1";""
"202400053000";"155688561";"A01";"1";"7";"1";"1";"1";"1";"3";""
"202400053001";"155688551";"A01";"1";"7";"0";"2";"1";"1";"1";""
"202400053001";"155688555";"B01";"1";"7";"0";"2";"4";"1";"1";""
"202400053002";"155688554";"B01";"1";"1";"0";"2";"0";"1";"5";""
"202400053002";"155688557";"A01";"1";"7";"0";"2";"0";"26";"1";""
"202400053003";"155688553";"B01";"1";"7";"0";"2";"7";"2";"1";""
"202400053003";"155688558";"A01";"1";"10";"0";"2";"1";"1";"1";""
"202400053004";"155688549";"A01";"3";"2";"0";"0";"0";"0";"1";""
"202400053005";"155688550";"A01";"2";"7";"0";"1";"1";"1";"1";""
"202400053006";"155688544";"B01";"1";"50";"0";"2";"4";"2";"3";""
"202400053006";"155688548";"A01";"1";"7";"0";"9";"2";"2";"1";""
"202400053007";"155688542";"B01";"3";"1";"0";"2";"3";"1";"5";""
"202400053007";"155688547";"A01";"3";"7";"0";"2";"2";"1";"1";""
"202400053008";"155688537";"B01";"1";"13";"0";"2";"3";"0";"1";""
"202400053008";"155688545";"A01";"2";"13";"0";"2";"3";"1";"1";""
"202400053009";"155688534";"A01";"3";"7";"0";"2";"7";"1";"1";""
"202400053009";"155688543";"B01";"3";"37";"0";"2";"1";"9";"2";"1"
"202400053010";"155688539";"D01";"2";"10";"0";"2";"4";"23";"1";""
"202400053010";"155688546";"B01";"2";"7";"0";"0";"4";"23";"1";""
"202400053010";"155688552";"A01";"2";"13";"0";"2";"1";"2";"1";""
"202400053010";"155688556";"C01";"2";"7";"0";"0";"0";"0";"1";""
"202400053011";"155688533";"A01";"1";"33";"0";"2";"0";"0";"1";""
"202400053011";"155688540";"B01";"1";"7";"0";"2";"0";"26";"1";""
"202400053012";"155688529";"A01";"0";"32";"9";"0";"0";"0";"3";""
"202400053013";"155688530";"A01";"1";"2";"0";"2";"7";"14";"1";""
"202400053013";"155688535";"B01";"1";"33";"0";"2";"8";"2";"1";""
"202400053014";"155688520";"B01";"2";"7";"0";"2";"4";"1";"1";""
"202400053014";"155688528";"D01";"2";"7";"0";"2";"2";"1";"1";""
"202400053014";"155688531";"A01";"2";"7";"0";"2";"1";"1";"1";""
"202400053014";"155688538";"C01";"2";"7";"0";"2";"4";"1";"1";""
"202400053015";"155688525";"B01";"1";"33";"0";"2";"8";"1";"1";""
"202400053015";"155688532";"A01";"2";"7";"0";"2";"2";"1";"1";""
"202400053016";"155688521";"A01";"3";"7";"0";"2";"3";"1";"1";""
"202400053016";"155688527";"B01";"3";"7";"0";"2";"3";"1";"1";""
"202400053017";"155688518";"A01";"1";"7";"0";"2";"3";"13";"1";""
"202400053017";"155688526";"B01";"2";"17";"0";"2";"8";"1";"1";""
"202400053018";"155688519";"A01";"1";"7";"2";"0";"3";"1";"1";""
"202400053019";"155688516";"A01";"1";"2";"0";"2";"0";"13";"1";""
"202400053019";"155688524";"B01";"1";"7";"0";"2";"0";"1";"1";""
"202400053020";"155688517";"A01";"1";"7";"0";"2";"1";"2";"1";""
"202400053020";"155688522";"B01";"1";"7";"0";"2";"4";"2";"1";""
"202400053021";"155688514";"B01";"0";"7";"0";"2";"3";"9";"1";""
"202400053021";"155688523";"A01";"3";"31";"0";"2";"2";"2";"1";""
"202400053022";"155688512";"A01";"2";"7";"0";"2";"1";"13";"1";""
"202400053022";"155688515";"B01";"1";"7";"0";"2";"1";"1";"1";""
"202400053023";"155688511";"A01";"1";"31";"0";"0";"0";"1";"1";""
"202400053024";"155688509";"B01";"1";"1";"0";"2";"4";"26";"5";""
"202400053024";"155688513";"A01";"1";"7";"0";"9";"1";"9";"2";""
"202400053025";"155688506";"A01";"1";"7";"0";"0";"3";"17";"1";""
"202400053026";"155688507";"Z01";"3";"0";"0";"1";"3";"26";"0";""
"202400053027";"155688504";"A01";"1";"1";"0";"1";"1";"1";"5";""
"202400053028";"155688502";"B01";"1";"7";"0";"2";"4";"1";"1";""
"202400053028";"155688505";"A01";"1";"7";"0";"2";"1";"1";"1";""
"202400053028";"155688510";"C01";"1";"7";"0";"2";"4";"0";"1";""
"202400053029";"155688499";"A01";"2";"7";"0";"1";"1";"1";"1";""
"202400053030";"155688498";"A01";"0";"7";"0";"1";"2";"16";"2";""
"202400053031";"155688503";"A01";"2";"7";"1";"2";"2";"1";"1";""
"202400053031";"155688508";"B01";"2";"7";"0";"2";"6";"24";"1";""
"202400053032";"155688497";"A01";"2";"7";"7";"0";"1";"1";"1";""
"202400053033";"155688496";"B01";"1";"7";"0";"2";"2";"2";"1";""
"202400053033";"155688500";"A01";"1";"1";"0";"0";"4";"2";"5";""
"202400053034";"155688494";"B01";"2";"7";"0";"2";"1";"9";"0";""
"202400053034";"155688501";"A01";"2";"7";"3";"0";"4";"1";"1";""
"202400053035";"155688493";"A01";"2";"17";"0";"0";"5";"26";"6";""
"202400053035";"155688495";"B01";"2";"7";"0";"2";"1";"1";"1";""
"202400053036";"155688492";"A01";"1";"80";"0";"1";"1";"1";"3";""
"202400053037";"155688487";"A01";"2";"33";"0";"0";"4";"1";"1";""
"202400053037";"155688490";"B01";"2";"10";"0";"2";"1";"0";"1";""
"202400053038";"155688483";"B01";"2";"32";"0";"2";"5";"1";"1";""
"202400053038";"155688489";"A01";"2";"10";"0";"2";"8";"15";"1";""
"202400053039";"155688482";"B01";"0";"7";"0";"2";"6";"1";"1";""
"202400053039";"155688491";"A01";"0";"1";"0";"2";"1";"1";"5";""
"202400053040";"155688479";"A01";"3";"7";"0";"9";"3";"15";"1";""
"202400053040";"155688488";"B01";"3";"1";"0";"2";"1";"1";"5";""
"202400053041";"155688480";"A01";"3";"7";"0";"2";"8";"16";"1";""
"202400053041";"155688486";"B01";"3";"50";"0";"2";"1";"5";"3";""
"202400053042";"155688478";"A01";"3";"7";"0";"2";"3";"5";"2";""
"202400053042";"155688481";"B01";"3";"7";"0";"2";"1";"1";"1";""
"202400053043";"155688477";"B01";"1";"7";"0";"0";"2";"15";"1";""
"202400053043";"155688485";"A01";"1";"7";"0";"2";"3";"1";"1";""
"202400053044";"155688476";"A01";"2";"7";"4";"0";"1";"9";"1";""
"202400053045";"155688472";"A01";"1";"1";"0";"0";"1";"21";"5";""
"202400053046";"155688470";"A01";"1";"7";"0";"2";"9";"16";"1";""
"202400053046";"155688475";"B01";"2";"7";"0";"2";"1";"1";"1";""
"202400053047";"155688474";"A01";"3";"36";"6";"0";"1";"1";"1";""
"202400053048";"155688468";"A01";"1";"33";"0";"6";"0";"1";"1";""
"202400053049";"155688466";"A01";"1";"7";"0";"0";"0";"1";"1";""
"202400053050";"155688469";"A01";"2";"7";"0";"2";"1";"2";"1";""
"202400053050";"155688473";"B01";"2";"7";"0";"2";"4";"2";"1";""
"202400053051";"155688467";"A01";"1";"7";"0";"2";"1";"2";"1";""
"202400053051";"155688471";"B01";"1";"7";"0";"2";"4";"2";"1";""
"202400053052";"155688463";"A01";"2";"7";"0";"1";"4";"4";"1";""
"202400053053";"155688460";"A01";"2";"7";"0";"2";"9";"13";"1";""
"202400053053";"155688464";"B01";"2";"7";"0";"2";"8";"1";"1";""
"202400053054";"155688456";"A01";"1";"7";"0";"0";"1";"1";"1";""
"202400053055";"155688453";"B01";"2";"1";"0";"0";"4";"2";"5";""
"202400053055";"155688459";"A01";"2";"7";"0";"2";"2";"2";"1";""
"202400053056";"155688458";"B01";"2";"7";"0";"2";"3";"15";"1";""
"202400053056";"155688465";"A01";"1";"33";"0";"2";"1";"1";"1";""
"202400053057";"155688451";"A01";"2";"7";"0";"2";"1";"13";"1";""
"202400053057";"155688457";"B01";"1";"7";"0";"2";"1";"1";"1";""
"202400053058";"155688455";"B01";"1";"31";"0";"2";"4";"1";"1";""
"202400053058";"155688462";"A01";"3";"10";"0";"2";"1";"1";"3";""
"202400053059";"155688448";"A01";"1";"7";"0";"2";"3";"13";"1";""
"202400053059";"155688450";"B01";"2";"7";"0";"2";"6";"1";"1";""
"202400053059";"155688461";"C01";"2";"7";"4";"2";"1";"1";"1";""
"202400053060";"155688446";"B01";"0";"7";"0";"2";"3";"15";"1";""
"202400053060";"155688454";"A01";"0";"7";"0";"2";"2";"1";"1";""
"202400053061";"155688445";"A01";"1";"33";"0";"2";"1";"1";"1";""
"202400053061";"155688449";"B01";"2";"7";"0";"2";"7";"19";"1";""
"202400053062";"155688444";"A01";"3";"7";"0";"2";"3";"1";"1";""
"202400053062";"155688452";"B01";"0";"1";"0";"2";"7";"1";"5";""
"202400053063";"155688443";"B01";"2";"7";"0";"2";"4";"2";"2";""
"202400053063";"155688447";"A01";"2";"33";"0";"2";"1";"2";"1";""
"202400053064";"155688442";"A01";"2";"7";"8";"0";"8";"13";"1";""
"202400053065";"155688437";"A01";"2";"7";"13";"0";"7";"14";"0";""
"202400053066";"155688440";"A01";"2";"7";"0";"1";"1";"1";"1";""
"202400053067";"155688435";"A01";"3";"7";"1";"0";"9";"1";"1";""
"202400053068";"155688434";"A01";"2";"7";"0";"2";"3";"13";"1";""
"202400053068";"155688439";"B01";"1";"7";"0";"2";"3";"1";"1";""
"202400053069";"155688433";"B01";"2";"7";"0";"0";"1";"1";"1";""
"202400053069";"155688438";"A01";"1";"7";"3";"2";"1";"13";"1";""
"202400053070";"155688432";"A01";"1";"7";"4";"0";"1";"1";"1";""
"202400053071";"155688431";"A01";"3";"50";"0";"2";"8";"1";"3";""
"202400053071";"155688436";"B01";"3";"7";"0";"2";"2";"1";"1";""
"202400053072";"155688429";"B01";"2";"2";"0";"2";"2";"1";"1";""
"202400053072";"155688441";"A01";"2";"10";"0";"2";"3";"13";"1";""
"202400053073";"155688427";"A01";"2";"33";"0";"2";"3";"3";"1";""
"202400053073";"155688430";"B01";"2";"7";"0";"2";"5";"12";"1";""
"202400053074";"155688423";"A01";"2";"7";"0";"2";"3";"15";"1";""
"202400053074";"155688428";"B01";"1";"33";"0";"2";"8";"1";"1";""
"202400053075";"155688416";"B01";"1";"31";"0";"2";"1";"5";"6";""
"202400053075";"155688422";"A01";"2";"7";"0";"2";"1";"0";"1";""
"202400053076";"155688419";"A01";"3";"7";"0";"2";"3";"15";"1";""
"202400053076";"155688425";"B01";"3";"7";"0";"2";"8";"26";"1";""
"202400053077";"155688408";"A01";"1";"7";"0";"2";"1";"9";"1";""
"202400053077";"155688420";"B01";"1";"1";"0";"2";"8";"1";"5";""
"202400053078";"155688409";"A01";"3";"7";"0";"2";"2";"2";"3";""
"202400053078";"155688417";"B01";"3";"2";"0";"2";"4";"2";"3";""
"202400053079";"155688407";"A01";"2";"7";"0";"2";"2";"9";"1";""
"202400053079";"155688415";"B01";"1";"10";"0";"2";"3";"23";"1";""
"202400053079";"155688426";"C01";"2";"7";"0";"2";"1";"1";"1";""
"202400053080";"155688414";"B01";"1";"7";"0";"2";"0";"0";"0";""
"202400053080";"155688424";"A01";"1";"7";"0";"2";"2";"1";"1";""
"202400053081";"155688404";"A01";"2";"7";"0";"2";"1";"1";"1";""
"202400053081";"155688411";"B01";"1";"7";"0";"2";"3";"1";"1";""
"202400053081";"155688421";"C01";"1";"7";"0";"2";"1";"1";"1";""
"202400053082";"155688406";"A01";"1";"7";"0";"2";"3";"15";"1";""
"202400053082";"155688410";"B01";"2";"80";"0";"2";"3";"1";"3";""
"202400053083";"155688403";"D01";"1";"7";"0";"9";"3";"1";"1";""
"202400053083";"155688405";"A01";"1";"7";"3";"2";"8";"1";"3";""
"202400053083";"155688413";"B01";"1";"7";"4";"2";"7";"1";"2";""
"202400053083";"155688418";"C01";"1";"10";"0";"2";"6";"1";"1";""
"202400053084";"155688401";"B01";"2";"7";"0";"2";"6";"11";"1";""
"202400053084";"155688412";"A01";"2";"33";"0";"2";"1";"3";"1";""
"202400053085";"155688400";"A01";"3";"7";"6";"0";"3";"13";"1";""
"202400053086";"155688398";"A01";"1";"7";"2";"0";"1";"14";"1";""
"202400053087";"155688396";"A01";"2";"10";"0";"2";"1";"1";"1";""
"202400053087";"155688402";"B01";"2";"2";"0";"2";"5";"23";"1";""
"202400053088";"155688395";"A01";"3";"3";"0";"1";"1";"1";"3";""
"202400053089";"155688392";"A01";"0";"7";"13";"0";"1";"1";"1";""
"202400053090";"155688390";"A01";"1";"7";"0";"2";"1";"1";"1";""
"202400053090";"155688397";"B01";"1";"7";"0";"2";"8";"1";"1";""
"202400053091";"155688394";"A01";"1";"7";"1";"0";"3";"22";"1";""
"202400053091";"155688399";"B01";"1";"1";"1";"0";"2";"2";"5";""
"202400053092";"155688386";"A01";"1";"7";"0";"1";"1";"1";"3";""
"202400053093";"155688385";"B01";"0";"33";"0";"2";"4";"1";"1";""
"202400053093";"155688391";"A01";"0";"7";"0";"2";"2";"17";"1";""
"202400053094";"155688384";"A01";"0";"7";"6";"0";"2";"1";"1";""
"202400053095";"155688381";"A01";"1";"7";"0";"2";"1";"1";"1";""
"202400053095";"155688393";"B01";"0";"7";"0";"2";"8";"1";"1";""
"202400053096";"155688382";"A01";"2";"7";"0";"2";"1";"5";"1";""
"202400053096";"155688388";"B01";"1";"1";"0";"2";"8";"19";"0";""
"202400053097";"155688380";"A01";"1";"7";"0";"2";"3";"15";"1";""
"202400053097";"155688387";"B01";"1";"7";"0";"2";"2";"17";"1";""
"202400053098";"155688377";"C01";"1";"7";"0";"2";"4";"2";"2";""
"202400053098";"155688383";"B01";"1";"7";"0";"2";"4";"2";"1";""
"202400053098";"155688389";"A01";"1";"7";"0";"2";"1";"2";"1";""
"202400053099";"155688374";"B01";"2";"7";"0";"2";"3";"1";"1";""
"202400053099";"155688379";"A01";"1";"13";"0";"2";"6";"1";"1";""
"202400053100";"155688376";"A01";"1";"7";"0";"2";"2";"2";"2";""
"202400053101";"155688373";"A01";"1";"7";"2";"0";"1";"1";"1";""
"202400053102";"155688372";"A01";"1";"33";"0";"2";"2";"17";"1";""
"202400053102";"155688375";"B01";"1";"99";"0";"2";"3";"15";"1";""
"202400053103";"155688369";"A01";"1";"1";"0";"2";"1";"2";"5";""
"202400053103";"155688378";"B01";"2";"7";"0";"9";"3";"0";"1";""
"202400053104";"155688370";"A01";"1";"31";"3";"0";"0";"1";"1";""
"202400053105";"155688367";"A01";"0";"7";"2";"0";"3";"1";"1";""
"202400053106";"155688365";"A01";"2";"43";"13";"0";"0";"13";"1";""
"202400053107";"155688364";"A01";"1";"7";"0";"2";"2";"9";"1";""
"202400053107";"155688371";"B01";"1";"30";"0";"2";"8";"26";"1";""
"202400053108";"155688362";"B01";"1";"33";"0";"2";"2";"1";"1";""
"202400053108";"155688366";"A01";"1";"7";"0";"2";"3";"11";"1";""
"202400053109";"155688361";"A01";"1";"7";"6";"0";"2";"15";"1";""
"202400053110";"155688363";"B01";"1";"32";"0";"2";"5";"0";"1";""
"202400053110";"155688368";"A01";"1";"10";"0";"2";"3";"0";"0";""