"Num_Acc";"id_vehicule";"num_veh";"senc";"catv";"obs";"obsm";"choc";"manv";"motor";"occutc"
"202400053111";"155688360";"A01";"2";"1";"0";"1";"1";"1";"5";""
"202400053112";"155688353";"A01";"2";"31";"0";"2";"1";"2";"1";""
"202400053112";"155688356";"B01";"2";"31";"0";"0";"8";"15";"1";""
"202400053113";"155688354";"A01";"1";"33";"0";"2";"8";"1";"1";""
"202400053113";"155688357";"B01";"1";"33";"0";"2";"7";"1";"1";""
"202400053113";"155688359";"C01";"2";"7";"0";"2";"3";"1";"1";""
"202400053114";"155688351";"B01";"1";"7";"0";"2";"2";"15";"1";""
"202400053114";"155688358";"A01";"1";"7";"9";"2";"1";"9";"1";""
"202400053115";"155688349";"Z01";"3";"0";"0";"1";"2";"1";"0";""
"202400053116";"155688346";"A01";"2";"7";"0";"2";"7";"13";"1";""
"202400053116";"155688355";"B01";"1";"15";"0";"2";"1";"1";"1";""
"202400053117";"155688345";"A01";"1";"7";"0";"2";"7";"17";"1";""
"202400053117";"155688352";"B01";"1";"10";"3";"2";"8";"1";"1";""
"202400053118";"155688344";"A01";"1";"33";"0";"2";"1";"3";"1";""
"202400053118";"155688350";"B01";"1";"7";"0";"2";"5";"1";"1";""
"202400053119";"155688340";"A01";"1";"34";"0";"0";"0";"0";"1";""
"202400053120";"155688338";"A01";"1";"7";"0";"1";"3";"1";"1";""
"202400053121";"155688341";"A01";"2";"7";"0";"2";"1";"9";"1";""
"202400053121";"155688348";"B01";"1";"7";"0";"2";"1";"1";"1";""
"202400053122";"155688335";"A01";"0";"7";"0";"2";"1";"1";"1";""
"202400053122";"155688339";"B01";"0";"17";"0";"0";"6";"9";"1";""
"202400053123";"155688334";"A01";"2";"1";"0";"0";"1";"1";"5";""
"202400053124";"155688337";"A01";"1";"31";"8";"2";"1";"9";"1";""
"202400053124";"155688343";"B01";"2";"7";"8";"2";"7";"15";"0";""
"202400053125";"155688330";"A01";"1";"7";"0";"2";"5";"1";"1";""
"202400053125";"155688333";"B01";"1";"33";"0";"2";"1";"1";"1";""
"202400053126";"155688328";"D01";"2";"7";"0";"2";"3";"1";"1";""
"202400053126";"155688336";"B01";"2";"31";"0";"2";"7";"3";"1";""
"202400053126";"155688342";"C01";"2";"7";"0";"2";"5";"1";"3";""
"202400053126";"155688347";"A01";"2";"10";"0";"2";"6";"13";"1";""
"202400053127";"155688327";"A01";"1";"2";"14";"9";"1";"1";"1";""
"202400053128";"155688326";"B01";"3";"7";"0";"2";"3";"2";"1";""
"202400053128";"155688332";"A01";"3";"7";"0";"2";"3";"2";"3";""
"202400053129";"155688323";"A01";"1";"7";"0";"2";"3";"1";"1";""
"202400053129";"155688331";"Z01";"1";"7";"0";"2";"1";"15";"1";""
"202400053130";"155688322";"A01";"3";"36";"6";"0";"3";"1";"1";""
"202400053131";"155688320";"A01";"2";"33";"0";"0";"3";"1";"1";""
"202400053132";"155688319";"A01";"1";"2";"0";"2";"1";"2";"1";""
"202400053132";"155688324";"B01";"1";"2";"0";"2";"4";"2";"1";""
"202400053133";"155688315";"A01";"2";"7";"2";"0";"0";"1";"1";""
"202400053134";"155688314";"A01";"2";"7";"0";"2";"1";"9";"1";""
"202400053134";"155688325";"B01";"2";"7";"0";"2";"5";"23";"1";""
"202400053134";"155688329";"C01";"2";"2";"0";"2";"2";"1";"1";""
"202400053135";"155688317";"A01";"1";"37";"0";"2";"1";"2";"1";"1"
"202400053135";"155688321";"B01";"1";"7";"0";"2";"4";"1";"1";""
"202400053136";"155688313";"A01";"1";"7";"0";"1";"2";"1";"1";""
"202400053137";"155688312";"B01";"2";"10";"0";"2";"2";"17";"0";""
"202400053137";"155688318";"A01";"2";"2";"0";"0";"4";"1";"1";""
"202400053138";"155688311";"A01";"1";"32";"0";"2";"1";"1";"1";""
"202400053138";"155688316";"B01";"1";"7";"0";"2";"6";"15";"1";""
"202400053139";"155688309";"A01";"3";"7";"4";"0";"0";"0";"0";""
"202400053140";"155688307";"A01";"2";"33";"0";"2";"0";"13";"1";""
"202400053140";"155688310";"B01";"1";"30";"0";"2";"3";"1";"1";""
"202400053141";"155688304";"A01";"1";"7";"0";"2";"1";"1";"1";""
"202400053141";"155688308";"B01";"1";"50";"0";"2";"7";"1";"3";""
"202400053142";"155688301";"A01";"3";"38";"0";"1";"3";"1";"1";"1"
"202400053143";"155688300";"A01";"2";"7";"0";"2";"4";"2";"1";""
"202400053143";"155688306";"B01";"2";"7";"0";"2";"4";"2";"1";""
"202400053144";"155688299";"B01";"1";"7";"0";"2";"4";"0";"0";""
"202400053144";"155688305";"A01";"1";"10";"0";"2";"1";"0";"0";""
"202400053145";"155688298";"A01";"3";"7";"0";"2";"2";"13";"1";""
"202400053145";"155688303";"B01";"3";"7";"0";"2";"2";"1";"1";""
"202400053146";"155688297";"A01";"1";"7";"0";"1";"1";"1";"1";""
"202400053147";"155688296";"B01";"2";"7";"0";"2";"3";"1";"1";""
"202400053147";"155688302";"A01";"1";"33";"0";"2";"1";"13";"1";""
"202400053148";"155688294";"A01";"2";"7";"0";"1";"2";"1";"1";""
"202400053149";"155688291";"A01";"1";"43";"0";"2";"1";"0";"1";""
"202400053149";"155688295";"B01";"2";"10";"0";"2";"2";"11";"1";""
"202400053150";"155688287";"A01";"2";"7";"0";"2";"7";"2";"1";""
"202400053150";"155688292";"B01";"2";"2";"0";"2";"7";"1";"1";""
"202400053151";"155688284";"A01";"1";"7";"6";"0";"1";"1";"1";""
"202400053152";"155688289";"A01";"1";"7";"0";"1";"2";"16";"1";""
"202400053153";"155688280";"B01";"1";"33";"0";"2";"7";"17";"1";""
"202400053153";"155688285";"A01";"1";"7";"0";"2";"8";"15";"3";""
"202400053154";"155688281";"A01";"1";"7";"14";"0";"7";"1";"1";""
"202400053155";"155688279";"B01";"2";"7";"0";"2";"4";"1";"1";""
"202400053155";"155688290";"C01";"2";"7";"0";"2";"4";"1";"1";""
"202400053155";"155688293";"A01";"2";"7";"0";"2";"1";"1";"1";""
"202400053156";"155688276";"A01";"3";"7";"0";"2";"3";"15";"1";""
"202400053156";"155688283";"B01";"3";"7";"0";"2";"3";"7";"1";""
"202400053157";"155688275";"A01";"2";"33";"0";"2";"2";"3";"1";""
"202400053157";"155688282";"B01";"2";"7";"0";"2";"6";"11";"1";""
"202400053158";"155688272";"A01";"1";"7";"0";"1";"7";"1";"1";""
"202400053159";"155688273";"A01";"2";"7";"13";"0";"2";"1";"1";""
"202400053160";"155688271";"A01";"1";"7";"0";"2";"3";"26";"2";""
"202400053160";"155688277";"B01";"3";"60";"0";"2";"2";"19";"5";""
"202400053161";"155688274";"B01";"2";"7";"0";"2";"4";"1";"1";""
"202400053161";"155688278";"C01";"2";"7";"12";"0";"4";"23";"1";""
"202400053161";"155688288";"A01";"2";"7";"0";"2";"1";"1";"1";""
"202400053162";"155688265";"A01";"1";"1";"0";"0";"8";"1";"5";""
"202400053162";"155688270";"B01";"2";"7";"0";"2";"2";"1";"1";""
"202400053163";"155688266";"A01";"3";"7";"0";"2";"1";"0";"1";""
"202400053163";"155688269";"B01";"3";"1";"0";"2";"4";"0";"5";""
"202400053164";"155688268";"A01";"1";"7";"2";"0";"1";"14";"1";""
"202400053165";"155688264";"A01";"0";"7";"0";"1";"2";"9";"1";""
"202400053166";"155688263";"B01";"1";"7";"0";"2";"4";"1";"2";""
"202400053166";"155688267";"A01";"1";"7";"0";"2";"1";"2";"1";""
"202400053167";"155688260";"A01";"2";"7";"0";"1";"3";"1";"1";""
"202400053168";"155688258";"A01";"1";"7";"2";"0";"1";"13";"1";""
"202400053169";"155688256";"A01";"1";"7";"0";"2";"2";"1";"1";""
"202400053169";"155688262";"B01";"1";"14";"0";"2";"3";"19";"1";""
"202400053170";"155688257";"A01";"2";"7";"0";"0";"5";"15";"1";""
"202400053170";"155688261";"B01";"2";"2";"0";"2";"1";"0";"1";""
"202400053171";"155688254";"A01";"3";"7";"13";"0";"9";"2";"1";""
"202400053172";"155688251";"A01";"1";"7";"0";"2";"1";"19";"1";""
"202400053172";"155688259";"B01";"1";"7";"0";"2";"6";"9";"1";""
"202400053173";"155688250";"A01";"3";"7";"0";"2";"6";"13";"1";""
"202400053173";"155688252";"B01";"3";"31";"0";"2";"1";"17";"1";""
"202400053174";"155688248";"A01";"2";"33";"0";"2";"8";"17";"1";""
"202400053174";"155688253";"B01";"1";"7";"0";"2";"8";"1";"1";""
"202400053175";"155688249";"A01";"0";"7";"0";"1";"2";"26";"1";""
"202400053175";"155688255";"Y01";"1";"7";" -1";"0";" -1";"26";" -1";""
"202400053176";"155688243";"A01";"3";"7";"0";"2";"1";"2";"1";""
"202400053176";"155688247";"B01";"3";"7";"0";"2";"4";"2";"1";""
"202400053177";"155688242";"A01";"1";"7";"13";"0";"9";"26";"1";""
"202400053178";"155688240";"A01";"2";"7";"0";"2";"2";"1";"1";""
"202400053178";"155688246";"B01";"3";"1";"0";"2";"8";"19";"5";""
"202400053179";"155688241";"A01";"2";"7";"0";"2";"1";"1";"1";""
"202400053179";"155688245";"B01";"1";"1";"0";"2";"4";"16";"5";""
"202400053180";"155688237";"A01";"2";"7";"0";"2";"6";"2";"1";""
"202400053180";"155688244";"B01";"2";"13";"0";"2";"2";"1";"3";""
"202400053181";"155688236";"A01";"1";"7";"0";"2";"3";"15";"1";""
"202400053181";"155688239";"B01";"2";"31";"0";"2";"8";"1";"1";""
"202400053182";"155688232";"A01";"3";"7";"0";"2";"2";"13";"1";""
"202400053182";"155688235";"B01";"3";"1";"0";"2";"1";"1";"5";""
"202400053183";"155688233";"A01";"1";"7";"0";"2";"2";"1";"1";""
"202400053183";"155688238";"B01";"1";"33";"0";"0";"4";"23";"1";""
"202400053184";"155688230";"A01";"2";"14";"0";"2";"2";"17";"1";""
"202400053184";"155688234";"B01";"2";"7";"8";"2";"8";"15";"1";""
"202400053185";"155688227";"A01";"1";"50";"8";"0";"0";"1";"3";""
"202400053186";"155688226";"A01";"3";"7";"0";"2";"2";"9";"1";""
"202400053186";"155688229";"B01";"3";"50";"0";"2";"1";"26";"3";""
"202400053187";"155688225";"A01";"2";"7";"0";"2";"3";"2";"1";""
"202400053187";"155688231";"B01";"2";"7";"0";"2";"5";"2";"1";""
"202400053188";"155688224";"A01";"1";"33";"0";"0";"0";"3";"1";""
"202400053189";"155688223";"A01";"0";"7";"5";"9";"2";"2";"1";""
"202400053189";"155688228";"B01";"3";"1";"0";"2";"4";"23";"5";""
"202400053190";"155688221";"A01";"1";"10";"0";"1";"2";"2";"0";""
"202400053191";"155688220";"A01";"1";"7";"0";"2";"6";"13";"1";""
"202400053191";"155688222";"B01";"1";"30";"0";"2";"2";"11";"1";""
"202400053192";"155688215";"A01";"1";"7";"0";"1";"1";"1";"1";""
"202400053193";"155688214";"A01";"1";"80";"0";"2";"1";"21";"3";""
"202400053193";"155688219";"B01";"1";"7";"0";"2";"6";"16";"2";""
"202400053194";"155688211";"A01";"1";"7";"0";"2";"1";"2";"1";""
"202400053194";"155688216";"B01";"1";"7";"0";"2";"4";"2";"1";""
"202400053195";"155688209";"A01";"1";"7";"0";"0";"3";"9";"1";""
"202400053195";"155688217";"B01";"1";"14";"0";"2";"1";"1";"1";""
"202400053196";"155688203";"A01";"1";"7";"0";"2";"0";"1";"1";""
"202400053196";"155688206";"B01";"1";"1";"0";"2";"0";"1";"5";""
"202400053197";"155688202";"B01";"1";"7";"8";"2";"7";"1";"1";""
"202400053197";"155688210";"A01";"0";"7";"0";"2";"1";"9";"1";""
"202400053198";"155688201";"A01";"3";"30";"16";"0";"0";"26";"1";""
"202400053199";"155688198";"A01";"1";"10";"0";"1";"3";"9";"2";""
"202400053200";"155688199";"D01";"2";"7";"0";"2";"6";"23";"1";""
"202400053200";"155688205";"C01";"2";"7";"0";"2";"2";"21";"1";""
"202400053200";"155688207";"A01";"2";"7";"4";"2";"3";"13";"1";""
"202400053200";"155688212";"B01";"2";"7";"0";"2";"1";"2";"1";""
"202400053201";"155688197";"B01";"1";"10";"0";"2";"2";"1";"1";""
"202400053201";"155688208";"A01";"1";"7";"0";"2";"3";"1";"1";""
"202400053202";"155688196";"A01";"1";"7";"0";"2";"5";"4";"1";""
"202400053202";"155688200";"B01";"2";"7";"0";"2";"3";"1";"1";""
"202400053203";"155688195";"A01";"3";"2";"0";"2";"8";"1";"1";""
"202400053203";"155688204";"B01";"3";"7";"0";"2";"1";"1";"1";""
"202400053204";"155688189";"A01";"1";"7";"0";"2";"3";"16";"1";""
"202400053204";"155688194";"B01";"1";"7";"0";"2";"1";"2";"3";""
"202400053205";"155688187";"A01";"0";"10";"15";"0";"2";"2";"1";""
"202400053206";"155688185";"A01";"3";"33";"1";"0";"1";"2";"1";""
"202400053206";"155688190";"B01";"3";"7";"0";"2";"3";"20";"1";""
"202400053207";"155688183";"B01";"1";"7";"0";"2";"4";"1";"3";""
"202400053207";"155688192";"A01";"1";"7";"0";"2";"1";"1";"1";""
"202400053208";"155688182";"A01";"1";"33";"0";"0";"0";"1";"1";""
"202400053209";"155688186";"A01";"1";"7";"0";"2";"1";"13";"1";""
"202400053209";"155688191";"B01";"2";"15";"0";"2";"1";"1";"1";""
"202400053210";"155688184";"A01";"1";"30";"0";"2";"1";"1";"1";""
"202400053210";"155688193";"B01";"2";"7";"0";"2";"1";"15";"1";""
"202400053211";"155688181";"B01";"1";"7";"0";"2";"4";"2";"1";""
"202400053211";"155688188";"A01";"1";"7";"0";"2";"1";"2";"1";""
"202400053212";"155688180";"A01";"2";"7";"0";"1";"2";"1";"1";""
"202400053213";"155688179";"A01";"2";"38";"13";"0";"3";"1";"1";"50"
"202400053214";"155688178";"A01";"0";"31";"0";"0";"0";"1";"1";""
"202400053215";"155688173";"A01";"2";"7";"0";"1";"3";"1";"1";""
"202400053216";"155688172";"A01";"1";"7";"7";"0";"2";"1";"1";""
"202400053217";"155688169";"A01";"1";"33";"16";"0";"1";"3";"1";""
"202400053217";"155688174";"B01";"1";"7";"0";"0";"0";"11";"1";""
"202400053218";"155688175";"A01";"3";"33";"12";"0";"1";"13";"1";""
"202400053219";"155688170";"A01";"1";"7";"0";"2";"3";"19";"1";""
"202400053219";"155688176";"B01";"2";"31";"0";"2";"1";"1";"1";""
"202400053220";"155688168";"A01";"1";"33";"0";"2";"1";"1";"1";""
"202400053220";"155688171";"B01";"2";"7";"0";"2";"2";"15";"1";""
"202400053221";"155688167";"B01";"2";"7";"0";"2";"3";"1";"1";""
"202400053221";"155688177";"A01";"2";"7";"0";"2";"7";"1";"1";""
"202400053222";"155688166";"A01";"3";"32";"9";"0";"7";"15";"1";""
"202400053223";"155688160";"B01";"1";"7";"0";"2";"5";"15";"1";""
"202400053223";"155688165";"A01";"1";"43";"0";"2";"5";"1";"1";""
"202400053224";"155688164";"A01";"0";"7";"0";"1";"1";"16";"0";""
"202400053225";"155688157";"A01";"2";"7";"0";"1";"2";"1";"1";""
"202400053226";"155688158";"B01";"0";"7";"0";"2";"5";"10";"0";""
"202400053226";"155688162";"A01";"0";"7";"0";"2";"1";"1";"1";""
"202400053227";"155688154";"A01";"1";"7";"0";"1";"1";"1";"2";""
"202400053228";"155688156";"B01";"2";"10";"0";"2";"4";"1";"1";""
"202400053228";"155688161";"A01";"2";"43";"0";"2";"1";"1";"1";""
"202400053229";"155688152";"A01";"1";"7";"0";"2";"1";"2";"2";""
"202400053229";"155688155";"B01";"1";"10";"0";"2";"4";"1";"1";""
"202400053230";"155688159";"A01";"2";"7";"0";"9";"3";"26";"0";""
"202400053230";"155688163";"B01";"1";"2";"0";"2";"1";"1";"0";""
"202400053231";"155688151";"A01";"1";"33";"0";"1";"0";"17";"1";""
"202400053232";"155688150";"A01";"3";"7";"0";"2";"3";"15";"1";""
"202400053232";"155688153";"B01";"3";"2";"0";"2";"1";"5";"1";""
"202400053233";"155688145";"A01";"0";"33";"14";"0";"1";"1";"1";""
"202400053234";"155688142";"B01";"1";"50";"0";"2";"1";"1";"3";""
"202400053234";"155688147";"A01";"1";"7";"0";"2";"2";"16";"1";""
"202400053235";"155688139";"A01";"0";"7";"0";"2";"1";"1";"1";""
"202400053235";"155688144";"B01";"0";"7";"0";"2";"4";"1";"1";""
"202400053235";"155688148";"C01";"0";"7";"0";"2";"4";"1";"1";""
"202400053236";"155688141";"A01";"1";"7";"4";"0";"2";"1";"1";""
"202400053237";"155688137";"A01";"1";"7";"0";"0";"2";"2";"1";""
"202400053237";"155688146";"B01";"1";"1";"0";"2";"4";"2";"5";""
"202400053238";"155688131";"A01";"2";"7";"0";"2";"3";"15";"1";""
"202400053238";"155688149";"B01";"1";"7";"0";"0";"3";"1";"1";""
"202400053239";"155688134";"A01";"2";"7";"0";"2";"2";"12";"1";""
"202400053239";"155688140";"B01";"2";"7";"0";"2";"3";"1";"1";""
"202400053239";"155688143";"C01";"2";"33";"0";"2";"1";"1";"1";""
"202400053240";"155688132";"A01";"2";"7";"0";"2";"1";"15";"1";""
"202400053240";"155688136";"B01";"2";"1";"0";"2";"4";"0";"5";""
"202400053241";"155688129";"A01";"1";"7";"0";"2";"1";"5";"1";""
"202400053241";"155688138";"B01";"2";"10";"0";"2";"1";"0";"1";""
"202400053242";"155688127";"A01";"2";"7";"0";"2";"1";"2";"1";""
"202400053242";"155688130";"B01";"2";"7";"0";"2";"4";"2";"1";""
"202400053242";"155688135";"D01";"2";"7";"0";"1";"1";"2";"1";""
"202400053243";"155688124";"A01";"2";"7";"0";"2";"1";"9";"3";""
"202400053243";"155688128";"B01";"2";"7";"0";"2";"4";"1";"2";""
"202400053244";"155688117";"A01";"1";"10";"0";"1";"6";"15";"1";""
"202400053245";"155688115";"C01";"1";"7";"0";"2";"0";"0";"0";""
"202400053245";"155688122";"A01";"2";"10";"0";"2";"1";"19";"6";""
"202400053245";"155688126";"B01";"2";"7";"0";"2";"0";"0";"0";""
"202400053246";"155688114";"A01";"2";"10";"0";"2";"7";"12";"1";""
"202400053246";"155688121";"B01";"2";"31";"0";"2";"8";"3";"0";""
"202400053247";"155688120";"A01";"1";"7";"6";"0";"1";"1";"1";""
"202400053248";"155688111";"A01";"0";"7";"0";"2";"1";"1";"1";""
"202400053248";"155688118";"B01";"0";"34";"0";"2";"5";"1";"1";""
"202400053249";"155688106";"A01";"1";"33";"0";"2";"1";"17";"1";""
"202400053249";"155688112";"B01";"1";"7";"0";"2";"1";"1";"1";""
"202400053249";"155688119";"C01";"1";"7";"0";"2";"6";"1";"1";""
"202400053249";"155688123";"D01";"1";"7";"0";"2";"5";"0";"3";""
"202400053250";"155688107";"B01";"2";"32";"0";"2";"4";"0";"0";""
"202400053250";"155688113";"A01";"2";"7";"0";"2";"1";"1";"1";""
"202400053251";"155688110";"B01";"1";"10";"0";"2";"1";"1";"1";""
"202400053251";"155688116";"A01";"2";"7";"0";"2";"2";"15";"0";""
"202400053252";"155688105";"A01";"1";"7";"8";"0";"1";"17";"1";""
"202400053253";"155688102";"B01";"1";"80";"0";"2";"7";"1";"5";""
"202400053253";"155688109";"A01";"1";"7";"0";"2";"1";"9";"3";""
"202400053254";"155688104";"A01";"2";"7";"3";"0";"0";"0";"1";""
"202400053255";"155688101";"A01";"2";"7";"2";"0";"3";"13";"1";""
"202400053256";"155688099";"B01";"3";"1";"0";"2";"0";"1";"6";""
"202400053256";"155688108";"A01";"3";"7";"0";"2";"3";"15";"1";""
"202400053257";"155688098";"B01";"1";"1";"0";"2";"1";"1";"5";""
"202400053257";"155688103";"A01";"1";"7";"0";"2";"3";"15";"1";""
"202400053258";"155688097";"A01";"3";"7";"0";"1";"4";"0";"3";""
"202400053259";"155688091";"B01";"1";"7";"0";"2";"6";"1";"2";""
"202400053259";"155688096";"A01";"1";"7";"0";"2";"1";"21";"1";""
"202400053260";"155688092";"A01";"1";"32";"0";"2";"1";"1";"1";""
"202400053260";"155688100";"B01";"1";"10";"0";"2";"2";"1";"3";""
"202400053261";"155688089";"A01";"2";"33";"14";"0";"0";"1";"1";""
"202400053262";"155688088";"B01";"1";"7";"0";"2";"6";"11";"1";""
"202400053262";"155688093";"A01";"1";"33";"0";"2";"1";"3";"1";""
"202400053263";"155688087";"A01";"1";"7";"0";"2";"1";"13";"1";""
"202400053263";"155688095";"B01";"2";"7";"0";"2";"1";"1";"1";""
"202400053264";"155688085";"A01";"3";"1";"0";"2";"1";"26";"5";""
"202400053265";"155688082";"A01";"2";"7";"0";"0";"4";"26";"2";""
"202400053265";"155688086";"B01";"2";"7";"0";"2";"1";"0";"1";""
"202400053265";"155688094";"C01";"2";"7";"0";"0";"0";"0";"1";""
"202400053266";"155688083";"A01";"1";"7";"3";"0";"0";"26";"1";""
"202400053267";"155688081";"Z01";"3";"7";"0";"1";"1";"1";"1";""
"202400053268";"155688080";"A01";"3";"7";"0";"2";"3";"15";"1";""
"202400053268";"155688090";"B01";"2";"7";"0";"2";"2";"0";"1";""
"202400053269";"155688078";"A01";"1";"10";"0";"1";"1";"15";"1";""
"202400053270";"155688077";"B01";"2";"1";"0";"2";"1";"1";"5";""
"202400053270";"155688084";"A01";"2";"10";"0";"2";"7";"16";"1";""
"202400053271";"155688075";"A01";"1";"7";"0";"2";"3";"0";"1";""
"202400053271";"155688079";"B01";"2";"7";"0";"2";"3";"21";"1";""
"202400053272";"155688072";"A01";"2";"7";"0";"2";"1";"2";"1";""
"202400053272";"155688076";"B01";"2";"10";"0";"2";"4";"2";"1";""
"202400053273";"155688074";"A01";"0";"7";"10";"0";"1";"13";"1";""
"202400053274";"155688069";"A01";"1";"7";"0";"1";"1";"2";"2";""
"202400053275";"155688070";"A01";"1";"1";"0";"2";"3";"17";"5";""
"202400053275";"155688073";"B01";"1";"7";"0";"2";"8";"20";"1";""
"202400053276";"155688068";"A01";"1";"7";"1";"0";"1";"1";"3";""
"202400053277";"155688067";"A01";"2";"7";"13";"0";"1";"1";"1";""
"202400053278";"155688060";"B01";"1";"7";"0";"2";"1";"19";"1";""
"202400053278";"155688065";"A01";"1";"33";"0";"2";"9";"0";"1";""
"202400053279";"155688059";"A01";"1";"7";"6";"0";"8";"1";"1";""
"202400053280";"155688054";"A01";"3";"7";"14";"0";"1";"26";"1";""
"202400053281";"155688055";"A01";"2";"10";"0";"2";"3";"2";"1";""
"202400053281";"155688062";"B01";"2";"7";"0";"2";"5";"2";"1";""
"202400053282";"155688057";"A01";"1";"7";"0";"2";"3";"19";"1";""
"202400053282";"155688063";"B01";"1";"7";"0";"2";"2";"1";"1";""
"202400053282";"155688071";"C01";"2";"7";"0";"2";"1";"1";"1";""
"202400053283";"155688061";"A01";"2";"33";"0";"2";"1";"1";"1";""
"202400053283";"155688066";"B01";"2";"30";"0";"2";"8";"1";"3";""
"202400053284";"155688053";"A01";"1";"7";"2";"0";"9";"1";"2";""
"202400053285";"155688058";"B01";"2";"1";"0";"2";"1";"1";"5";""
"202400053285";"155688064";"A01";"2";"10";"0";"9";"6";"10";"1";""
"202400053286";"155688049";"A01";"3";"7";"8";"0";"1";"1";"1";""
"202400053287";"155688051";"B01";"2";"2";"0";"2";"8";"19";"1";""
"202400053287";"155688056";"A01";"1";"7";"0";"2";"2";"1";"1";""
"202400053288";"155688047";"A01";"3";"7";"0";"0";"5";"16";"3";""
"202400053288";"155688052";"B01";"3";"7";"0";"0";"5";"26";"1";""
"202400053289";"155688042";"A01";"2";"30";"0";"2";"4";"1";"1";""
"202400053289";"155688048";"B01";"2";"0";"0";"2";"1";"1";"0";""
"202400053290";"155688040";"B01";"1";"7";"0";"2";"1";"1";"1";""
"202400053290";"155688046";"A01";"2";"7";"0";"2";"1";"15";"1";""
"202400053291";"155688036";"B01";"2";"7";"0";"2";"1";"1";"1";""
"202400053291";"155688044";"A01";"1";"7";"0";"2";"1";"13";"2";""
"202400053292";"155688035";"B01";"2";"31";"0";"2";"2";"17";"1";""
"202400053292";"155688039";"A01";"2";"7";"0";"2";"8";"15";"1";""
"202400053293";"155688032";"A01";"1";"15";"2";"0";"1";"1";"1";""
"202400053294";"155688034";"B01";"3";"7";"0";"2";"3";"1";"1";""
"202400053294";"155688043";"A01";"0";"7";"0";"2";"2";"26";"1";""
"202400053295";"155688030";"A01";"3";"37";"0";"1";"1";"1";"6";"1"
"202400053296";"155688031";"B01";"1";"7";"0";"2";"4";"2";"1";""
"202400053296";"155688038";"C01";"1";"10";"0";"2";"3";"11";"1";""
"202400053296";"155688041";"D01";"1";"10";"0";"2";"8";"2";"1";""
"202400053296";"155688050";"A01";"1";"7";"0";"2";"1";"2";"2";""
"202400053297";"155688027";"A01";"2";"7";"0";"9";"2";"1";"1";""
"202400053297";"155688033";"B01";"2";"1";"0";"2";"4";"1";"5";""
"202400053298";"155688025";"A01";"2";"7";"0";"2";"1";"2";"1";""
"202400053298";"155688029";"B01";"2";"10";"0";"2";"4";"2";"1";""
"202400053298";"155688037";"C01";"2";"7";"0";"2";"4";"2";"1";""
"202400053299";"155688024";"A01";"2";"7";"1";"0";"1";"2";"2";""
"202400053299";"155688028";"B01";"2";"7";"1";"0";"6";"24";"1";""
"202400053300";"155688023";"A01";"1";"7";"2";"0";"5";"0";"1";""
"202400053301";"155688022";"A01";"1";"7";"0";"2";"1";"13";"1";""
"202400053301";"155688026";"B01";"2";"7";"0";"2";"1";"1";"1";""
"202400053302";"155688020";"A01";"1";"7";"4";"0";"2";"1";"1";""
"202400053303";"155688017";"A01";"1";"37";"0";"1";"2";"16";"2";"1"
"202400053304";"155688019";"A01";"2";"30";"12";"0";"1";"13";"1";""
"202400053305";"155688013";"A01";"2";"1";"0";"2";"1";"25";"5";""
"202400053305";"155688018";"B01";"1";"7";"0";"2";"6";"4";"1";""
"202400053306";"155688012";"A01";"2";"7";"0";"2";"1";"2";"0";""
"202400053306";"155688016";"B01";"2";"1";"0";"2";"4";"2";"5";""
"202400053307";"155688011";"A01";"2";"7";"0";"0";"9";"1";"1";""
"202400053308";"155688007";"A01";"1";"7";"0";"2";"5";"15";"1";""
"202400053308";"155688015";"B01";"1";"7";"0";"2";"5";"2";"1";""
"202400053308";"155688021";"C01";"1";"7";"0";"2";"2";"2";"1";""
"202400053309";"155688009";"A01";"1";"7";"0";"1";"8";"15";"2";""
"202400053310";"155688005";"A01";"2";"17";"0";"2";"4";"2";"1";""
"202400053310";"155688008";"B01";"2";"17";"0";"2";"1";"2";"1";""
"202400053311";"155688006";"A01";"1";"7";"0";"2";"2";"20";"1";""
"202400053311";"155688010";"B01";"1";"7";"0";"2";"4";"1";"1";""
"202400053312";"155688004";"B01";"2";"30";"0";"2";"1";"1";"1";""
"202400053312";"155688014";"A01";"3";"7";"0";"2";"2";"1";"1";""
"202400053313";"155688001";"A01";"1";"7";"0";"0";"9";"0";"1";""
"202400053314";"155688000";"A01";"1";"33";"13";"0";"0";"17";"1";""
"202400053315";"155687998";"A01";"2";"80";"0";"1";"1";"2";"3";""
"202400053316";"155687999";"A01";"0";"30";"0";"0";"0";"1";"1";""
"202400053317";"155687995";"B01";"2";"7";"0";"2";"1";"1";"1";""
"202400053317";"155688002";"A01";"1";"7";"0";"2";"1";"13";"1";""
"202400053318";"155687993";"A01";"3";"30";"0";"0";"7";"1";"1";""
"202400053319";"155687994";"B01";"2";"33";"0";"2";"0";"0";"1";""
"202400053319";"155688003";"A01";"2";"7";"0";"2";"2";"12";"1";""
"202400053320";"155687991";"A01";"1";"7";"0";"2";"2";"15";"1";""
"202400053320";"155687997";"B01";"2";"7";"0";"2";"1";"1";"1";""
"202400053321";"155687992";"A01";"1";"7";"0";"2";"1";"17";"1";""
"202400053321";"155687996";"B01";"2";"7";"0";"2";"1";"1";"1";""
"202400053322";"155687990";"A01";"1";"33";"0";"0";"8";"2";"1";""
"202400053323";"155687986";"B01";"1";"7";"8";"2";"4";"15";"1";""
"202400053323";"155687989";"A01";"1";"7";"0";"2";"1";"1";"1";""