"Num_Acc";"id_vehicule";"num_veh";"senc";"catv";"obs";"obsm";"choc";"manv";"motor";"occutc"
"202400053324";"155687983";"B01";"3";"7";"0";"2";"0";"1";"2";""
"202400053324";"155687987";"A01";"3";"1";"0";"2";"1";"9";"5";""
"202400053325";"155687980";"A01";"2";"7";"0";"2";"2";"1";"1";""
"202400053325";"155687988";"B01";"1";"7";"0";"2";"1";"9";"1";""
"202400053326";"155687979";"A01";"1";"2";"0";"2";"3";"18";"3";""
"202400053326";"155687985";"B01";"1";"7";"0";"2";"5";"1";"2";""
"202400053327";"155687977";"A01";"3";"2";"0";"1";"1";"13";"1";""
"202400053328";"155687974";"A01";"3";"33";"0";"0";"0";"26";"1";""
"202400053329";"155687976";"B01";"0";"1";"0";"2";"1";"1";"5";""
"202400053329";"155687984";"A01";"0";"7";"0";"9";"5";"26";"1";""
"202400053330";"155687975";"A01";"2";"7";"0";"2";"1";"19";"1";""
"202400053330";"155687981";"B01";"1";"1";"0";"2";"7";"1";"5";""
"202400053331";"155687972";"B01";"2";"50";"0";"2";"1";"1";"3";""
"202400053331";"155687978";"A01";"1";"80";"0";"2";"1";"1";"3";""
"202400053332";"155687973";"A01";"0";"50";"0";"2";"7";"19";"3";""
"202400053332";"155687982";"B01";"0";"7";"0";"2";"1";"1";"1";""
"202400053333";"155687970";"A01";"0";"1";"0";"0";"0";"1";"5";""
"202400053334";"155687969";"B01";"2";"32";"0";"2";"3";"26";"1";""
"202400053334";"155687971";"A01";"1";"7";"0";"2";"2";"1";"0";""
"202400053335";"155687968";"A01";"1";"33";"0";"0";"1";"26";"1";""
"202400053336";"155687966";"A01";"1";"7";"13";"0";"0";"12";"1";""
"202400053337";"155687965";"A01";"3";"2";"12";"0";"8";"17";"1";""
"202400053338";"155687962";"A01";"1";"7";"16";"0";"1";"16";"1";""
"202400053339";"155687963";"A01";"1";"33";"0";"0";"8";"0";"1";""
"202400053340";"155687961";"A01";"2";"7";"0";"1";"2";"1";"1";""
"202400053341";"155687960";"A01";"3";"7";"6";"0";"1";"14";"1";""
"202400053342";"155687959";"A01";"2";"32";"0";"2";"1";"5";"1";""
"202400053342";"155687967";"B01";"1";"21";"0";"2";"1";"0";"1";""
"202400053343";"155687958";"A01";"1";"7";"0";"2";"3";"16";"1";""
"202400053343";"155687964";"B01";"1";"50";"0";"2";"1";"1";"3";""
"202400053344";"155687955";"A01";"1";"7";"2";"0";"0";"0";"1";""
"202400053345";"155687954";"A01";"3";"10";"1";"2";"3";"20";"1";""
"202400053345";"155687957";"B01";"3";"7";"0";"0";"0";"0";"1";""
"202400053346";"155687950";"A01";"3";"50";"1";"0";"9";"1";"3";""
"202400053347";"155687948";"A01";"2";"1";"0";"0";"9";"0";"5";""
"202400053348";"155687951";"B01";"1";"7";"13";"2";"2";"13";"1";""
"202400053348";"155687956";"A01";"2";"10";"0";"2";"8";"1";"1";""
"202400053349";"155687946";"A01";"2";"7";"0";"2";"3";"15";"1";""
"202400053349";"155687953";"B01";"1";"1";"0";"2";"1";"1";"5";""
"202400053350";"155687952";"A01";"1";"7";"12";"0";"2";"26";"1";""
"202400053351";"155687943";"A01";"3";"36";"2";"0";"9";"0";"1";""
"202400053352";"155687941";"A01";"3";"1";"0";"2";"1";"1";"5";""
"202400053352";"155687947";"B01";"3";"7";"0";"2";"4";"1";"1";""
"202400053353";"155687939";"A01";"3";"30";"0";"2";"1";"13";"1";""
"202400053353";"155687945";"B01";"3";"7";"0";"2";"1";"1";"1";""
"202400053354";"155687938";"A01";"1";"33";"0";"6";"1";"1";"1";""
"202400053355";"155687940";"A01";"1";"7";"0";"2";"1";"1";"1";""
"202400053355";"155687944";"B01";"1";"7";"0";"2";"4";"23";"1";""
"202400053355";"155687949";"C01";"1";"7";"0";"2";"4";"23";"1";""
"202400053356";"155687933";"A01";"2";"7";"0";"2";"1";"5";"1";""
"202400053356";"155687937";"B01";"1";"20";"0";"2";"3";"1";"1";""
"202400053357";"155687932";"A01";"3";"7";"9";"0";"0";"13";"1";""
"202400053358";"155687929";"A01";"1";"7";"0";"1";"1";"1";"1";""
"202400053359";"155687928";"A01";"1";"7";"13";"0";"1";"1";"1";""
"202400053360";"155687931";"A01";"2";"50";"0";"2";"7";"13";"3";""
"202400053360";"155687935";"B01";"2";"7";"0";"2";"3";"15";"1";""
"202400053361";"155687926";"B01";"1";"30";"0";"2";"1";"1";"1";""
"202400053361";"155687934";"A01";"1";"10";"0";"2";"1";"15";"1";""
"202400053362";"155687927";"A01";"2";"7";"0";"2";"7";"1";"0";""
"202400053362";"155687936";"B01";"2";"7";"0";"2";"3";"1";"1";""
"202400053363";"155687930";"Z01";"3";"0";"0";"1";"0";"0";"6";""
"202400053364";"155687924";"A01";"1";"7";"0";"2";"8";"13";"1";""
"202400053364";"155687925";"B01";"1";"30";"0";"2";"5";"1";"1";""
"202400053365";"155687923";"A01";"1";"7";"2";"0";"1";"26";"1";""
"202400053366";"155687918";"A01";"3";"7";"2";"0";"1";"0";"1";""
"202400053367";"155687917";"A01";"1";"7";"0";"2";"1";"13";"1";""
"202400053367";"155687922";"B01";"2";"7";"0";"2";"3";"1";"1";""
"202400053368";"155687916";"A01";"0";"0";"0";"1";"1";"26";"0";""
"202400053369";"155687915";"A01";"0";"7";"0";"0";"1";"21";"1";""
"202400053370";"155687913";"B01";"1";"33";"0";"2";"3";"1";"1";""
"202400053370";"155687920";"A01";"2";"7";"0";"9";"1";"15";"2";""
"202400053371";"155687912";"B01";"2";"7";"0";"2";"1";"1";"1";""
"202400053371";"155687921";"A01";"3";"7";"0";"2";"3";"19";"1";""
"202400053372";"155687911";"A01";"2";"7";"14";"0";"2";"1";"1";""
"202400053373";"155687909";"A01";"3";"31";"0";"2";"7";"0";"1";""
"202400053373";"155687914";"B01";"3";"7";"0";"2";"1";"9";"1";""
"202400053374";"155687910";"B01";"0";"7";"0";"2";"7";"1";"2";""
"202400053374";"155687919";"A01";"0";"7";"0";"2";"1";"15";"1";""
"202400053375";"155687905";"A01";"3";"7";"0";"0";"0";"1";"0";""
"202400053376";"155687902";"A01";"2";"7";"0";"2";"1";"2";"2";""
"202400053376";"155687906";"B01";"2";"15";"0";"0";"4";"2";"1";""
"202400053377";"155687903";"A01";"3";"7";"0";"1";"1";"20";"1";""
"202400053378";"155687901";"A01";"3";"7";"0";"1";"1";"15";"1";""
"202400053379";"155687900";"A01";"0";"7";"0";"0";"4";"2";"1";""
"202400053379";"155687904";"B01";"0";"7";"0";"2";"1";"2";"2";""
"202400053379";"155687908";"C01";"3";"7";"0";"2";"1";"2";"1";""
"202400053380";"155687899";"A01";"2";"7";"0";"1";"1";"1";"1";""
"202400053381";"155687897";"B01";"1";"7";"15";"0";"5";"23";"1";""
"202400053381";"155687907";"A01";"1";"10";"0";"2";"3";"2";"1";""
"202400053382";"155687895";"A01";"3";"1";"0";"0";"1";"1";"5";""
"202400053383";"155687893";"A01";"1";"7";"0";"2";"1";"1";"1";""
"202400053383";"155687898";"B01";"2";"7";"0";"2";"3";"1";"1";""
"202400053384";"155687892";"A01";"2";"7";"8";"0";"0";"0";"1";""
"202400053385";"155687889";"A01";"2";"7";"0";"2";"7";"15";"1";""
"202400053385";"155687896";"B01";"1";"3";"0";"2";"1";"1";"1";""
"202400053386";"155687886";"A01";"3";"7";"0";"1";"1";"1";"1";""
"202400053387";"155687885";"A01";"2";"7";"1";"0";"2";"1";"3";""
"202400053387";"155687891";"B01";"2";"7";"0";"0";"3";"24";"1";""
"202400053388";"155687882";"A01";"3";"10";"0";"2";"7";"12";"1";""
"202400053388";"155687887";"B01";"3";"33";"0";"2";"7";"1";"1";""
"202400053389";"155687881";"A01";"2";"7";"0";"2";"1";"2";"1";""
"202400053389";"155687890";"B01";"2";"7";"0";"2";"4";"2";"1";""
"202400053389";"155687894";"C01";"2";"7";"0";"2";"1";"2";"1";""
"202400053390";"155687880";"A01";"1";"2";"8";"0";"8";"13";"1";""
"202400053391";"155687878";"B01";"1";"31";"0";"2";"4";"2";"1";""
"202400053391";"155687884";"A01";"2";"7";"0";"2";"1";"2";"2";""
"202400053392";"155687879";"B01";"1";"7";"15";"0";"0";"0";"0";""
"202400053392";"155687883";"C01";"1";"7";"0";"2";"1";"1";"0";""
"202400053392";"155687888";"A01";"1";"7";"0";"2";"1";"26";"0";""
"202400053393";"155687876";"A01";"1";"7";"2";"0";"2";"15";"1";""
"202400053394";"155687871";"A01";"3";"21";"0";"1";"3";"15";"0";""
"202400053395";"155687872";"A01";"1";"7";"0";"2";"6";"11";"1";""
"202400053395";"155687875";"B01";"1";"32";"0";"2";"1";"17";"1";""
"202400053396";"155687869";"A01";"2";"7";"0";"2";"0";"9";"1";""
"202400053396";"155687877";"B01";"1";"1";"0";"2";"0";"1";"5";""
"202400053397";"155687866";"A01";"2";"7";"0";"1";"2";"1";"3";""
"202400053398";"155687870";"A01";"3";"50";"0";"0";"3";"1";"3";""
"202400053399";"155687864";"A01";"1";"7";"6";"0";"7";"1";"1";""
"202400053400";"155687861";"B01";"3";"7";"0";"2";"1";"1";"1";""
"202400053400";"155687868";"C01";"3";"7";"0";"0";"4";"1";"1";""
"202400053400";"155687873";"A01";"3";"7";"0";"2";"3";"1";"1";""
"202400053401";"155687863";"A01";"1";"3";"0";"2";"8";"1";"1";""
"202400053401";"155687874";"B01";"2";"7";"0";"2";"1";"1";"1";""
"202400053402";"155687858";"A01";"3";"10";"0";"2";"1";"2";"1";""
"202400053402";"155687862";"B01";"3";"7";"0";"2";"4";"15";"1";""
"202400053402";"155687867";"C01";"3";"7";"0";"2";"1";"1";"1";""
"202400053403";"155687859";"A01";"1";"30";"0";"2";"1";"1";"1";""
"202400053403";"155687865";"B01";"2";"30";"0";"2";"5";"15";"1";""
"202400053404";"155687853";"A01";"1";"36";"0";"0";"1";"0";"1";""
"202400053405";"155687851";"A01";"2";"7";"0";"0";"2";"1";"1";""
"202400053405";"155687860";"B01";"1";"2";"0";"2";"1";"1";"1";""
"202400053406";"155687850";"B01";"2";"7";"0";"2";"4";"20";"1";""
"202400053406";"155687856";"A01";"2";"50";"0";"2";"1";"1";"3";""
"202400053407";"155687849";"A01";"2";"7";"0";"2";"1";"1";"1";""
"202400053407";"155687854";"B01";"2";"7";"0";"2";"2";"15";"1";""
"202400053408";"155687848";"A01";"1";"36";"0";"0";"0";"13";"1";""
"202400053409";"155687847";"B01";"3";"80";"0";"2";"5";"2";"3";""
"202400053409";"155687852";"A01";"2";"32";"0";"2";"0";"2";"1";""
"202400053410";"155687845";"A01";"2";"7";"0";"2";"0";"9";"1";""
"202400053410";"155687857";"B01";"1";"1";"0";"2";"0";"1";"5";""
"202400053411";"155687842";"A01";"1";"7";"0";"2";"2";"1";"1";""
"202400053411";"155687855";"B01";"1";"7";"0";"2";"1";"1";"1";""
"202400053412";"155687841";"B01";"1";"7";"0";"9";"4";"23";"1";""
"202400053412";"155687844";"A01";"1";"50";"0";"2";"1";"1";"3";""
"202400053413";"155687840";"A01";"1";"33";"14";"0";"1";"1";"1";""
"202400053414";"155687838";"A01";"3";"10";"0";"2";"1";"2";"1";""
"202400053414";"155687843";"B01";"3";"7";"0";"2";"4";"15";"1";""
"202400053414";"155687846";"C01";"3";"7";"0";"2";"1";"26";"1";""
"202400053415";"155687835";"A01";"1";"7";"3";"0";"1";"1";"2";""
"202400053416";"155687832";"A01";"2";"33";"0";"2";"1";"2";"1";""
"202400053416";"155687839";"B01";"2";"7";"0";"2";"6";"2";"1";""
"202400053417";"155687831";"A01";"2";"2";"0";"2";"1";"1";"1";""
"202400053417";"155687837";"B01";"1";"7";"0";"2";"2";"15";"1";""
"202400053418";"155687830";"B01";"3";"33";"0";"2";"7";"17";"1";""
"202400053418";"155687836";"A01";"3";"7";"0";"2";"6";"13";"1";""
"202400053419";"155687828";"A01";"1";"33";"3";"0";"8";"17";"1";""
"202400053420";"155687829";"B01";"3";"0";" -1";" -1";" -1";"1";" -1";""
"202400053420";"155687834";"A01";"3";"7";"0";"9";"3";"9";"1";""
"202400053421";"155687825";"A01";"1";"7";"13";"0";"1";"26";"1";""
"202400053422";"155687824";"A01";"3";"7";"0";"2";"1";"2";"1";""
"202400053422";"155687827";"B01";"3";"7";"0";"2";"4";"1";"1";""
"202400053423";"155687820";"A01";"2";"33";"0";"0";"7";"1";"1";""
"202400053424";"155687822";"B01";"2";"50";"0";"2";"1";"2";"3";""
"202400053424";"155687826";"A01";"2";"7";"14";"2";"5";"2";"1";""
"202400053425";"155687816";"Z01";"1";"7";"0";"2";"0";"2";"6";""
"202400053425";"155687821";"A01";"1";"2";"0";"2";"4";"1";"1";""
"202400053426";"155687818";"A01";"3";"10";"0";"1";"4";"26";"0";""
"202400053427";"155687815";"A01";"2";"7";"1";"0";"2";"14";"1";""
"202400053428";"155687817";"A01";"1";"7";"0";"2";"7";"13";"1";""
"202400053428";"155687823";"B01";"1";"37";"0";"2";"1";"1";"1";"1"
"202400053429";"155687812";"A01";"1";"33";"0";"0";"8";"26";"1";""
"202400053430";"155687807";"A01";"1";"7";"0";"2";"1";"2";"1";""
"202400053430";"155687819";"B01";"1";"7";"0";"2";"4";"2";"1";""
"202400053431";"155687805";"A01";"1";"7";"9";"0";"0";"9";"1";""
"202400053432";"155687809";"A01";"2";"7";"6";"0";"1";"15";"1";""
"202400053433";"155687811";"A01";"2";"33";"0";"2";"8";"1";"1";""
"202400053433";"155687814";"B01";"1";"7";"0";"2";"2";"15";"1";""
"202400053434";"155687804";"A01";"1";"10";"0";"2";"2";"20";"1";""
"202400053434";"155687810";"B01";"1";"30";"0";"2";"1";"1";"0";""
"202400053435";"155687808";"A01";"2";"7";"0";"0";"1";"11";"1";""
"202400053435";"155687813";"B01";"1";"7";"0";"0";"1";"0";"1";""
"202400053436";"155687801";"A01";"1";"7";"0";"2";"2";"26";"1";""
"202400053436";"155687806";"B01";"1";"32";"0";"2";"1";"26";"1";""
"202400053437";"155687799";"B01";"1";"1";"0";"2";"8";"0";"5";""
"202400053437";"155687803";"A01";"1";"7";"0";"2";"3";"1";"3";""
"202400053438";"155687800";"A01";"2";"10";"0";"2";"5";"16";"1";""
"202400053438";"155687802";"B01";"2";"50";"0";"2";"1";"2";"3";""
"202400053439";"155687797";"A01";"1";"33";"12";"0";"1";"1";"1";""
"202400053440";"155687792";"A01";"1";"32";"0";"0";"7";"1";"1";""
"202400053441";"155687795";"A01";"2";"7";"0";"2";"3";"1";"1";""
"202400053441";"155687798";"B01";"1";"30";"0";"2";"2";"15";"1";""
"202400053442";"155687791";"A01";"1";"7";"2";"0";"1";"1";"1";""
"202400053443";"155687789";"B01";"2";"3";"0";"0";"4";"2";"1";""
"202400053443";"155687794";"A01";"2";"10";"0";"2";"2";"12";"1";""
"202400053444";"155687788";"A01";"1";"7";"4";"0";"9";"1";"1";""
"202400053445";"155687786";"A01";"3";"7";"0";"2";"3";"15";"3";""
"202400053445";"155687796";"B01";"3";"50";"0";"2";"0";"0";"3";""
"202400053446";"155687783";"A01";"2";"15";"0";"1";"7";"16";"1";""
"202400053447";"155687787";"A01";"1";"7";"0";"0";"5";"15";"1";""
"202400053447";"155687793";"B01";"1";"33";"0";"2";"1";"1";"1";""
"202400053448";"155687779";"A01";"3";"7";"0";"2";"1";"2";"1";""
"202400053448";"155687784";"B01";"3";"34";"0";"2";"4";"2";"1";""
"202400053449";"155687777";"A01";"1";"31";"0";"2";"8";"1";"1";""
"202400053450";"155687778";"A01";"3";"7";"0";"2";"3";"9";"1";""
"202400053450";"155687782";"B01";"1";"7";"0";"2";"2";"1";"2";""
"202400053451";"155687768";"A01";"2";"7";"0";"2";"1";"13";"1";""
"202400053451";"155687775";"B01";"1";"7";"0";"2";"1";"1";"2";""
"202400053452";"155687772";"A01";"0";"10";"0";"0";"8";"4";"1";""
"202400053453";"155687770";"A01";"2";"10";"0";"2";"8";"16";"1";""
"202400053453";"155687781";"B01";"1";"7";"0";"2";"2";"1";"1";""
"202400053454";"155687771";"A01";"1";"10";"0";"1";"1";"1";"1";""
"202400053454";"155687774";"Y01";"1";"60";"0";"2";"8";"19";"5";""
"202400053455";"155687767";"A01";"3";"7";"0";"9";"1";"19";"1";""
"202400053455";"155687773";"B01";"2";"1";"0";"2";"8";"1";"5";""
"202400053455";"155687780";"C01";"2";"7";"0";"9";"8";"0";"1";""
"202400053456";"155687766";"A01";"1";"7";"0";"2";"1";"1";"1";""
"202400053456";"155687776";"B01";"1";"17";"0";"2";"4";"1";"1";""
"202400053457";"155687762";"A01";"1";"7";"0";"2";"2";"15";"1";""
"202400053457";"155687769";"B01";"2";"0";"0";"2";"1";"26";"0";""
"202400053458";"155687761";"A01";"1";"10";"0";"2";"5";"24";"1";""
"202400053458";"155687765";"B01";"1";"2";"0";"2";"1";"2";"1";""
"202400053459";"155687757";"A01";"1";"7";"0";"2";"2";"1";"1";""
"202400053459";"155687764";"B01";"1";"1";"0";"2";"1";"9";"5";""
"202400053460";"155687759";"A01";"1";"33";"13";"0";"0";"1";"1";""
"202400053461";"155687754";"B01";"1";"33";"0";"2";"1";"1";"1";""
"202400053461";"155687763";"A01";"2";"7";"0";"2";"8";"15";"1";""
"202400053462";"155687755";"A01";"2";"33";"8";"0";"1";"1";"1";""
"202400053463";"155687750";"A01";"1";"7";"0";"2";"2";"17";"1";""
"202400053463";"155687753";"B01";"2";"7";"0";"2";"3";"1";"1";""
"202400053463";"155687760";"C01";"1";"7";"0";"2";"1";"1";"1";""
"202400053464";"155687751";"Y01";"2";"1";"0";"2";"8";"1";"5";""
"202400053464";"155687758";"A01";"2";"7";"0";"2";"7";"16";"1";""
"202400053465";"155687748";"A01";"2";"7";"2";"0";"3";"6";"1";""
"202400053466";"155687746";"B01";"3";"1";"0";"2";"1";"0";"5";""
"202400053466";"155687756";"A01";"3";"7";"0";"9";"3";"9";"1";""
"202400053467";"155687745";"A01";"1";"7";"0";"2";"1";"1";"1";""
"202400053467";"155687749";"B01";"1";"50";"0";"2";"7";"19";"3";""
"202400053468";"155687747";"B01";"2";"7";"0";"2";"5";"23";"1";""
"202400053468";"155687752";"A01";"2";"1";"0";"2";"1";"26";"5";""
"202400053469";"155687742";"A01";"2";"7";"0";"0";"1";"1";"1";""
"202400053470";"155687740";"A01";"1";"7";"13";"0";"2";"1";"1";""
"202400053471";"155687739";"A01";"1";"7";"0";"1";"1";"1";"2";""
"202400053472";"155687736";"A01";"1";"7";"0";"2";"7";"16";"2";""
"202400053472";"155687744";"B01";"1";"80";"0";"2";"8";"1";"3";""
"202400053473";"155687737";"B01";"1";"2";"0";"2";"1";"1";"1";""
"202400053473";"155687741";"A01";"2";"7";"0";"2";"2";"15";"1";""
"202400053474";"155687733";"B01";"3";"7";"0";"2";"6";"15";"1";""
"202400053474";"155687738";"A01";"3";"33";"0";"2";"2";"17";"1";""
"202400053475";"155687734";"A01";"1";"2";"0";"0";"0";"0";"1";""
"202400053476";"155687727";"B01";"2";"7";"0";"2";"1";"1";"1";""
"202400053476";"155687732";"A01";"1";"7";"0";"2";"2";"15";"1";""
"202400053477";"155687728";"A01";"1";"33";"0";"0";"1";"26";"1";""
"202400053478";"155687723";"A01";"2";"10";"0";"2";"3";"19";"1";""
"202400053478";"155687731";"B01";"1";"7";"15";"2";"7";"1";"1";""
"202400053479";"155687724";"A01";"2";"7";"15";"0";"1";"13";"1";""
"202400053480";"155687718";"A01";"3";"7";"0";"2";"3";"9";"1";""
"202400053480";"155687725";"B01";"2";"2";"0";"2";"1";"1";"1";""
"202400053481";"155687720";"A01";"2";"7";"12";"0";"2";"14";"1";""
"202400053482";"155687721";"A01";"1";"7";"13";"2";"3";"1";"1";""
"202400053482";"155687726";"B01";"1";"7";"13";"2";"6";"1";"2";""
"202400053483";"155687719";"B01";"2";"30";"0";"2";"7";"1";"1";""
"202400053483";"155687729";"A01";"3";"10";"0";"2";"1";"19";"1";""
"202400053484";"155687715";"A01";"2";"7";"6";"0";"1";"1";"1";""
"202400053485";"155687716";"C01";"1";"7";"0";"2";"3";"0";"1";""
"202400053485";"155687722";"A01";"1";"7";"0";"2";"1";"9";"1";""
"202400053485";"155687730";"B01";"1";"7";"0";"2";"8";"0";"1";""
"202400053485";"155687735";"D01";"1";"7";"0";"2";"2";"1";"1";""
"202400053486";"155687713";"B01";"0";"33";"0";"2";"1";"5";"1";""
"202400053486";"155687717";"A01";"0";"7";"0";"2";"3";"5";"1";""
"202400053487";"155687710";"B01";"2";"3";"0";"2";"4";"2";"1";""
"202400053487";"155687714";"A01";"2";"7";"0";"2";"1";"2";"1";""
"202400053488";"155687704";"A01";"3";"31";"0";"0";"7";"0";"1";""
"202400053489";"155687706";"A01";"2";"7";"0";"2";"1";"1";"1";""
"202400053489";"155687712";"B01";"1";"7";"0";"2";"1";"15";"1";""
"202400053490";"155687701";"B01";"1";"1";"0";"2";"8";"0";"5";""
"202400053490";"155687709";"A01";"1";"7";"0";"2";"1";"13";"1";""
"202400053491";"155687703";"A01";"2";"7";"0";"2";"7";"16";"1";""
"202400053491";"155687707";"B01";"2";"1";"0";"2";"8";"1";"5";""
"202400053492";"155687698";"A01";"3";"33";"0";"1";"1";"1";"1";""
"202400053493";"155687700";"A01";"2";"7";"0";"2";"1";"1";"1";""
"202400053493";"155687705";"B01";"2";"10";"0";"2";"4";"1";"1";""
"202400053494";"155687699";"B01";"0";"2";"0";"2";"8";"15";"3";""
"202400053494";"155687708";"A01";"3";"7";"0";"2";"1";"17";"1";""
"202400053495";"155687695";"A01";"2";"7";"0";"2";"1";"15";"3";""
"202400053495";"155687702";"B01";"1";"33";"0";"2";"1";"1";"1";""
"202400053496";"155687697";"A01";"2";"7";"0";"2";"4";"1";"1";""
"202400053496";"155687711";"Z01";"2";"7";"0";"2";"1";"0";"1";""
"202400053497";"155687690";"A01";"1";"7";"5";"0";"2";"14";"1";""
"202400053498";"155687691";"A01";"1";"7";"3";"0";"0";"2";"1";""
"202400053499";"155687685";"B01";"1";"80";"0";"2";"4";"1";"3";""
"202400053499";"155687692";"C01";"0";"10";"0";"2";"1";"1";"1";""
"202400053499";"155687696";"A01";"0";"7";"0";"2";"2";"2";"1";""
"202400053500";"155687689";"A01";"1";"7";"0";"2";"7";"15";"1";""
"202400053500";"155687694";"B01";"2";"2";"0";"2";"1";"1";"3";""
"202400053501";"155687687";"A01";"1";"15";"0";"2";"7";"16";"1";""
"202400053501";"155687693";"B01";"1";"43";"0";"2";"1";"18";"1";""
"202400053502";"155687684";"A01";"2";"7";"0";"2";"3";"10";"1";""
"202400053502";"155687688";"D01";"2";"33";"0";"0";"4";"1";"1";""
"202400053503";"155687683";"A01";"1";"7";"0";"1";"8";"16";"1";""
"202400053504";"155687682";"A01";"1";"10";"0";"1";"1";"1";"1";""
"202400053505";"155687681";"B01";"2";"7";"0";"9";"8";"1";"1";""
"202400053505";"155687686";"A01";"1";"7";"2";"0";"9";"1";"1";""
"202400053506";"155687680";"A01";"1";"7";"0";"0";"9";"0";"1";""
"202400053507";"155687676";"A01";"1";"7";"3";"0";"1";"1";"1";""
"202400053508";"155687678";"A01";"1";"7";"0";"1";"2";"1";"1";""
"202400053509";"155687665";"A01";"1";"34";"0";"2";"1";"1";"1";""
"202400053509";"155687672";"B01";"1";"7";"0";"2";"6";"1";"1";""
"202400053510";"155687673";"A01";"2";"7";"0";"2";"1";"5";"1";""
"202400053510";"155687677";"B01";"1";"7";"0";"2";"1";"1";"1";""
"202400053511";"155687670";"A01";"1";"17";"0";"1";"1";"1";"1";""
"202400053512";"155687666";"A01";"2";"7";"0";"2";"3";"1";"1";""
"202400053512";"155687674";"B01";"1";"7";"0";"2";"7";"15";"1";""
"202400053513";"155687660";"B01";"1";"7";"0";"2";"3";"1";"1";""
"202400053513";"155687671";"A01";"2";"7";"0";"2";"1";"13";"1";""
"202400053514";"155687659";"A01";"1";"7";"0";"2";"1";"1";"1";""
"202400053514";"155687661";"C01";"1";"33";"0";"2";"4";"1";"1";""
"202400053514";"155687663";"D01";"1";"7";"0";"2";"4";"1";"1";""
"202400053514";"155687668";"B01";"1";"33";"0";"2";"4";"18";"1";""
"202400053515";"155687658";"A01";"2";"33";"0";"2";"8";"17";"1";""
"202400053515";"155687662";"B01";"1";"10";"0";"2";"8";"1";"1";""
"202400053516";"155687657";"A01";"2";"7";"0";"2";"2";"17";"1";""
"202400053516";"155687664";"B01";"2";"7";"4";"2";"6";"1";"1";""
"202400053517";"155687654";"A01";"3";"7";"0";"2";"5";"12";"1";""
"202400053517";"155687669";"B01";"3";"33";"0";"2";"1";"1";"1";""
"202400053518";"155687653";"A01";"0";"7";"0";"2";"6";"15";"2";""
"202400053518";"155687655";"B01";"1";"43";"0";"2";"2";"17";"1";""
"202400053519";"155687650";"A01";"1";"7";"0";"2";"2";"1";"2";""
"202400053520";"155687651";"B01";"3";"50";"0";"1";"1";"2";"3";""
"202400053521";"155687647";"A01";"1";"2";"0";"2";"1";"1";"1";""
"202400053521";"155687652";"B01";"0";"1";"0";"0";"0";"0";"5";""
"202400053522";"155687644";"B01";"1";"33";"0";"2";"8";"12";"1";""
"202400053522";"155687649";"A01";"1";"7";"0";"2";"7";"12";"2";""
"202400053523";"155687645";"A01";"2";"7";"0";"2";"9";"1";"1";""
"202400053524";"155687643";"A01";"3";"2";"0";"2";"1";"0";"1";""
"202400053524";"155687656";"B01";"3";"10";"0";"2";"2";"0";"1";""
"202400053525";"155687640";"A01";"1";"7";"0";"1";"3";"1";"1";""
"202400053526";"155687642";"A01";"2";"7";"0";"2";"1";"13";"1";""
"202400053526";"155687648";"B01";"1";"7";"0";"2";"3";"1";"1";""
"202400053527";"155687638";"A01";"3";"37";"0";"1";"7";"9";"1";"1"
"202400053528";"155687635";"A01";"1";"33";"0";"1";"1";"17";"1";""
"202400053529";"155687632";"A01";"1";"17";"4";"0";"3";"6";"1";""
"202400053530";"155687634";"B01";"1";"7";"15";"2";"6";"9";"1";""
"202400053530";"155687646";"A01";"2";"7";"15";"2";"1";"1";"1";""
"202400053531";"155687633";"A01";"1";"7";"0";"2";"5";"15";"1";""
"202400053531";"155687639";"B01";"2";"31";"0";"2";"1";"1";"1";""
"202400053532";"155687630";"B01";"2";"7";"0";"2";"8";"1";"1";""
"202400053532";"155687641";"A01";"2";"7";"0";"2";"1";"19";"3";""
"202400053533";"155687629";"A01";"0";"1";"12";"0";"7";"26";"5";""
"202400053534";"155687628";"A01";"2";"30";"0";"2";"1";"1";"1";""
"202400053534";"155687636";"B01";"2";"7";"0";"2";"4";"1";"1";""
"202400053535";"155687626";"C01";"2";"10";"0";"2";"7";"1";"1";""
"202400053535";"155687631";"B01";"2";"7";"0";"2";"4";"2";"1";""
"202400053535";"155687637";"A01";"2";"7";"0";"2";"1";"2";"2";""
"202400053536";"155687625";"A01";"0";"10";"0";"1";"5";"26";"1";""
"202400053537";"155687622";"A01";"1";"10";"13";"0";"1";"13";"1";""
"202400053538";"155687624";"A01";"1";"7";"0";"1";"3";"15";"1";""
"202400053539";"155687616";"B01";"3";"7";"1";"2";"7";"2";"1";""
"202400053539";"155687620";"A01";"2";"7";"1";"2";"3";"11";"1";""
"202400053540";"155687618";"A01";"3";"7";"0";"2";"2";"16";"1";""
"202400053540";"155687621";"B01";"3";"1";"0";"2";"6";"2";"5";""
"202400053541";"155687613";"B01";"1";"7";"1";"2";"1";"1";"1";""
"202400053541";"155687619";"A01";"1";"7";"0";"2";"7";"26";"1";""
"202400053542";"155687611";"A01";"2";"2";"0";"2";"1";"11";"1";""
"202400053542";"155687615";"B01";"2";"7";"0";"2";"8";"2";"2";""
"202400053543";"155687612";"A01";"2";"10";"0";"2";"1";"1";"1";""
"202400053543";"155687617";"B01";"2";"7";"0";"2";"4";"1";"1";""