"Num_Acc";"id_vehicule";"num_veh";"senc";"catv";"obs";"obsm";"choc";"manv";"motor";"occutc"
"202400053543";"155687627";"C01";"2";"7";"0";"0";"4";"1";"1";""
"202400053544";"155687608";"A01";"1";"10";"2";"0";"3";"0";"1";""
"202400053545";"155687607";"A01";"1";"32";"8";"2";"0";"21";"1";""
"202400053546";"155687605";"A01";"1";"7";"2";"0";"1";"19";"1";""
"202400053547";"155687604";"A01";"1";"7";"0";"2";"1";"15";"1";""
"202400053547";"155687623";"B01";"2";"7";"0";"2";"1";"1";"1";""
"202400053548";"155687606";"A01";"2";"32";"0";"0";"7";"1";"1";""
"202400053549";"155687602";"C01";"1";"7";"0";"2";"1";"1";"1";""
"202400053549";"155687609";"A01";"1";"7";"0";"2";"1";"0";"1";""
"202400053549";"155687614";"B01";"1";"7";"0";"2";"4";"1";"1";""
"202400053550";"155687598";"A01";"2";"7";"0";"2";"1";"1";"2";""
"202400053550";"155687603";"B01";"2";"31";"0";"2";"4";"11";"1";""
"202400053551";"155687601";"A01";"2";"7";"0";"2";"2";"9";"1";""
"202400053551";"155687610";"B01";"2";"2";"3";"2";"2";"21";"1";""
"202400053552";"155687597";"A01";"3";"7";"0";"2";"3";"15";"1";""
"202400053552";"155687600";"B01";"3";"33";"0";"2";"1";"17";"1";""
"202400053553";"155687596";"A01";"1";"21";"5";"0";"1";"2";"1";""
"202400053554";"155687593";"A01";"3";"7";"0";"0";"1";"1";"1";""
"202400053555";"155687591";"A01";"1";"7";"0";"2";"2";"12";"2";""
"202400053555";"155687594";"B01";"1";"50";"0";"2";"8";"16";"3";""
"202400053556";"155687588";"A01";"2";"17";"0";"2";"5";"1";"1";""
"202400053556";"155687592";"B01";"2";"17";"0";"2";"3";"21";"1";""
"202400053557";"155687584";"B01";"2";"7";"0";"0";"3";"15";"1";""
"202400053557";"155687590";"A01";"1";"7";"0";"2";"1";"26";"1";""
"202400053558";"155687582";"A01";"1";"7";"1";"0";"2";"14";"1";""
"202400053558";"155687586";"B01";"1";"15";"0";"2";"8";"23";"1";""
"202400053559";"155687580";"A01";"1";"33";"4";"0";"7";"0";"1";""
"202400053560";"155687576";"A01";"1";"7";"0";"2";"1";"13";"1";""
"202400053560";"155687581";"B01";"2";"10";"0";"2";"1";"1";"2";""
"202400053561";"155687577";"A01";"0";"10";"0";"2";"1";"0";"1";""
"202400053561";"155687589";"B01";"0";"7";"0";"2";"7";"0";"1";""
"202400053562";"155687575";"A01";"2";"7";"0";"2";"1";"13";"1";""
"202400053562";"155687583";"B01";"1";"7";"0";"2";"8";"1";"1";""
"202400053563";"155687574";"A01";"2";"32";"4";"2";"8";"1";"1";""
"202400053563";"155687578";"B01";"2";"7";"4";"2";"7";"1";"1";""
"202400053564";"155687573";"B01";"1";"7";"14";"0";"4";"23";"1";""
"202400053564";"155687579";"C01";"1";"7";"14";"0";"1";"0";"1";""
"202400053564";"155687585";"A01";"1";"7";"0";"2";"4";"23";"2";""
"202400053565";"155687571";"A01";"1";"7";"0";"2";"7";"1";"2";""
"202400053565";"155687587";"B01";"2";"7";"0";"2";"1";"1";"2";""
"202400053566";"155687570";"A01";"2";"7";"4";"0";"3";"16";"1";""
"202400053567";"155687567";"A01";"2";"7";"12";"0";"1";"1";"1";""
"202400053568";"155687566";"A01";"1";"33";"0";"1";"1";"1";"1";""
"202400053569";"155687565";"A01";"2";"7";"0";"1";"1";"0";"1";""
"202400053570";"155687564";"A01";"0";"7";"13";"0";"4";"2";"1";""
"202400053571";"155687563";"A01";"0";"30";"0";"0";"7";"1";"1";""
"202400053572";"155687562";"A01";"3";"7";"0";"9";"1";"1";"1";""
"202400053572";"155687572";"B01";"3";"60";"0";"2";"1";"1";"5";""
"202400053573";"155687561";"A01";"1";"7";"0";"2";"3";"13";"1";""
"202400053573";"155687568";"B01";"2";"7";"0";"2";"8";"1";"1";""
"202400053574";"155687558";"A01";"2";"7";"0";"2";"3";"2";"1";""
"202400053574";"155687569";"B01";"2";"7";"0";"2";"5";"2";"1";""
"202400053575";"155687557";"A01";"2";"1";"0";"2";"4";"1";"5";""
"202400053575";"155687559";"Z01";"2";"30";"0";"2";"1";"5";"0";""
"202400053576";"155687552";"A01";"1";"7";"9";"0";"1";"13";"1";""
"202400053577";"155687549";"B01";"2";"7";"0";"2";"4";"2";"1";""
"202400053577";"155687560";"A01";"2";"10";"0";"2";"1";"2";"1";""
"202400053578";"155687551";"A01";"2";"7";"0";"2";"1";"10";"1";""
"202400053578";"155687555";"B01";"2";"31";"0";"2";"7";"1";"1";""
"202400053579";"155687547";"A01";"1";"7";"6";"0";"1";"0";"1";""
"202400053580";"155687546";"A01";"3";"7";"0";"0";"0";"0";"4";""
"202400053581";"155687548";"A01";"1";"7";"0";"2";"1";"5";"1";""
"202400053581";"155687554";"B01";"2";"33";"0";"2";"1";"5";"1";""
"202400053582";"155687545";"A01";"1";"7";"0";"2";"5";"15";"2";""
"202400053582";"155687553";"B01";"1";"7";"0";"2";"3";"2";"1";""
"202400053583";"155687544";"B01";"3";"7";"0";"2";"7";"0";"1";""
"202400053583";"155687556";"A01";"3";"30";"0";"2";"1";"1";"1";""
"202400053584";"155687542";"A01";"1";"7";"0";"9";"3";"9";"1";""
"202400053584";"155687550";"B01";"3";"50";"0";"2";"4";"1";"3";""
"202400053585";"155687541";"B01";"1";"7";"0";"2";"5";"1";"1";""
"202400053585";"155687543";"A01";"1";"7";"0";"2";"8";"11";"1";""
"202400053586";"155687539";"A01";"3";"31";"0";"0";"1";"0";"1";""
"202400053587";"155687535";"A01";"3";"7";"0";"2";"3";"15";"1";""
"202400053587";"155687538";"B01";"3";"2";"0";"2";"2";"17";"1";""
"202400053588";"155687534";"A01";"2";"7";"16";"0";"3";"1";"1";""
"202400053589";"155687529";"A01";"2";"10";"0";"2";"1";"1";"1";""
"202400053589";"155687537";"B01";"1";"7";"0";"2";"1";"1";"1";""
"202400053590";"155687527";"A01";"1";"7";"0";"2";"4";"2";"1";""
"202400053590";"155687536";"B01";"1";"10";"0";"2";"1";"2";"1";""
"202400053590";"155687540";"C01";"1";"7";"0";"2";"1";"2";"1";""
"202400053591";"155687526";"A01";"1";"33";"0";"2";"1";"17";"1";""
"202400053591";"155687533";"B01";"1";"7";"0";"2";"8";"15";"1";""
"202400053592";"155687524";"B01";"3";"1";"0";"2";"8";"1";"5";""
"202400053592";"155687530";"A01";"3";"10";"0";"9";"3";"15";"1";""
"202400053593";"155687522";"Z01";"3";"7";"0";"1";"3";"0";"0";""
"202400053594";"155687523";"A01";"1";"7";"0";"1";"8";"15";"1";""
"202400053595";"155687521";"A01";"3";"7";"15";"2";"1";"1";"1";""
"202400053595";"155687532";"B01";"1";"7";"0";"2";"5";"1";"1";""
"202400053596";"155687520";"A01";"1";"33";"13";"0";"1";"14";"1";""
"202400053597";"155687519";"B01";"1";"43";"0";"2";"4";"2";"1";""
"202400053597";"155687528";"A01";"1";"7";"0";"2";"1";"2";"0";""
"202400053598";"155687518";"C01";"3";"7";"0";"9";"4";"1";"1";""
"202400053598";"155687525";"B01";"3";"7";"0";"2";"4";"1";"1";""
"202400053598";"155687531";"A01";"3";"10";"0";"2";"1";"1";"1";""
"202400053599";"155687513";"A01";"1";"32";"0";"2";"7";"3";"1";""
"202400053600";"155687511";"A01";"0";"7";"0";"0";"9";"1";"1";""
"202400053601";"155687509";"A01";"1";"7";"0";"2";"3";"14";"1";""
"202400053601";"155687515";"B01";"1";"50";"0";"2";"1";"13";"3";""
"202400053602";"155687508";"A01";"2";"7";"0";"2";"1";"11";"1";""
"202400053602";"155687514";"B01";"2";"7";"0";"2";"4";"0";"1";""
"202400053603";"155687507";"A01";"1";"30";"0";"2";"1";"26";"1";""
"202400053603";"155687512";"B01";"1";"10";"0";"2";"4";"1";"1";""
"202400053604";"155687505";"A01";"1";"10";"0";"1";"2";"16";"1";""
"202400053605";"155687506";"A01";"1";"14";"0";"2";"1";"0";"1";""
"202400053605";"155687510";"B01";"2";"7";"8";"2";"8";"0";"1";""
"202400053605";"155687517";"C01";"2";"10";"0";"2";"1";"0";"1";""
"202400053606";"155687504";"A01";"2";"10";"0";"2";"2";"17";"1";""
"202400053606";"155687516";"B01";"2";"7";"0";"0";"6";"15";"1";""
"202400053607";"155687503";"A01";"2";"7";"0";"1";"2";"15";"2";""
"202400053608";"155687496";"A01";"2";"7";"0";"2";"1";"1";"1";""
"202400053608";"155687502";"B01";"2";"1";"0";"2";"8";"19";"5";""
"202400053609";"155687499";"A01";"2";"31";"0";"2";"1";"2";"1";""
"202400053609";"155687501";"B01";"2";"7";"0";"2";"5";"2";"1";""
"202400053610";"155687497";"A01";"1";"50";"12";"0";"1";"1";"3";""
"202400053611";"155687495";"B01";"1";"1";"1";"0";"1";"1";"5";""
"202400053611";"155687500";"A01";"1";"7";"0";"2";"3";"22";"1";""
"202400053612";"155687491";"A01";"1";"7";"2";"0";"1";"14";"2";""
"202400053613";"155687492";"A01";"2";"30";"0";"1";"1";"1";"1";""
"202400053614";"155687490";"A01";"2";"33";"0";"2";"2";"13";"1";""
"202400053614";"155687498";"B01";"2";"7";"0";"2";"6";"1";"1";""
"202400053615";"155687488";"A01";"1";"50";"9";"0";"1";"26";"3";""
"202400053616";"155687489";"B01";"1";"33";"0";"2";"3";"1";"1";""
"202400053616";"155687494";"A01";"2";"10";"0";"2";"7";"15";"0";""
"202400053617";"155687486";"A01";"3";"7";"1";"0";"1";"13";"1";""
"202400053618";"155687482";"A01";"2";"31";"0";"2";"1";"1";"1";""
"202400053618";"155687487";"B01";"2";"10";"0";"2";"5";"1";"1";""
"202400053619";"155687479";"A01";"2";"7";"0";"2";"1";"0";"1";""
"202400053619";"155687483";"B01";"2";"7";"0";"0";"4";"1";"1";""
"202400053620";"155687476";"A01";"3";"7";"0";"2";"6";"16";"1";""
"202400053620";"155687484";"B01";"1";"1";"0";"2";"2";"1";"5";""
"202400053621";"155687477";"A01";"2";"7";"0";"2";"1";"1";"1";""
"202400053621";"155687485";"B01";"3";"3";"0";"2";"1";"5";"1";""
"202400053622";"155687478";"A01";"1";"7";"4";"2";"9";"1";"1";""
"202400053622";"155687481";"B01";"1";"7";"0";"0";"4";"1";"2";""
"202400053623";"155687474";"B01";"1";"7";"3";"2";"4";"1";"1";""
"202400053623";"155687480";"C01";"1";"7";"3";"2";"4";"1";"1";""
"202400053624";"155687468";"A01";"1";"7";"0";"2";"1";"15";"1";""
"202400053624";"155687473";"Y01";"1";"50";"0";"2";"8";"1";"3";""
"202400053625";"155687467";"A01";"1";"7";"13";"0";"3";"1";"1";""
"202400053626";"155687465";"Z01";"3";"7";"0";"2";"3";"15";"0";""
"202400053626";"155687471";"B01";"3";"31";"0";"2";"1";"1";"1";""
"202400053627";"155687462";"B01";"1";"1";"0";"2";"0";"0";"5";""
"202400053627";"155687470";"A01";"1";"7";"0";"2";"3";"15";"2";""
"202400053628";"155687463";"A01";"2";"34";"0";"2";"2";"1";"1";""
"202400053628";"155687469";"B01";"2";"21";"0";"2";"6";"9";"1";""
"202400053629";"155687460";"B01";"0";"7";"0";"0";"0";"0";"0";""
"202400053629";"155687472";"C01";"0";"7";"0";"0";"0";"0";"0";""
"202400053629";"155687475";"A01";"0";"7";"0";"2";"1";"13";"0";""
"202400053630";"155687459";"B01";"3";"7";"0";"2";"0";"0";"0";""
"202400053630";"155687466";"A01";"1";"7";"0";"2";"0";"0";"0";""
"202400053631";"155687457";"A01";"1";"7";"0";"2";"1";"1";"1";""
"202400053631";"155687461";"B01";"1";"7";"0";"2";"0";"0";"1";""
"202400053632";"155687456";"A01";"1";"7";"2";"0";"1";"1";"1";""
"202400053633";"155687453";"A01";"3";"33";"16";"0";"8";"1";"1";""
"202400053634";"155687452";"B01";"2";"80";"0";"2";"7";"15";"3";""
"202400053634";"155687455";"A01";"1";"32";"0";"2";"1";"19";"1";""
"202400053635";"155687450";"A01";"2";"7";"1";"0";"9";"1";"2";""
"202400053636";"155687448";"A01";"2";"7";"0";"2";"3";"15";"1";""
"202400053636";"155687451";"B01";"2";"2";"0";"2";"1";"17";"1";""
"202400053637";"155687443";"A01";"1";"7";"0";"2";"3";"9";"2";""
"202400053637";"155687447";"B01";"1";"7";"0";"2";"5";"2";"1";""
"202400053638";"155687444";"B01";"1";"30";"0";"2";"7";"16";"3";""
"202400053638";"155687449";"A01";"1";"37";"0";"2";"8";"13";"1";"1"
"202400053639";"155687439";"A01";"1";"7";"9";"0";"1";"11";"1";""
"202400053640";"155687440";"A01";"3";"7";"0";"1";"2";"1";"3";""
"202400053641";"155687438";"A01";"1";"1";"1";"0";"2";"1";"5";""
"202400053641";"155687442";"B01";"1";"7";"0";"2";"3";"22";"1";""
"202400053642";"155687434";"B01";"3";"7";"0";"2";"3";"23";"0";""
"202400053642";"155687437";"A01";"1";"7";"0";"2";"7";"19";"0";""
"202400053642";"155687446";"C01";"1";"7";"0";"2";"1";"1";"0";""
"202400053643";"155687436";"A01";"2";"10";"1";"0";"8";"24";"3";""
"202400053643";"155687441";"B01";"2";"1";"1";"0";"2";"7";"5";""
"202400053644";"155687433";"A01";"1";"7";"0";"0";"0";"1";"1";""
"202400053645";"155687431";"A01";"2";"7";"0";"2";"1";"2";"1";""
"202400053645";"155687435";"B01";"2";"7";"0";"2";"4";"23";"1";""
"202400053646";"155687432";"B01";"2";"7";"0";"0";"6";"1";"1";""
"202400053646";"155687445";"A01";"2";"7";"0";"2";"3";"9";"1";""
"202400053647";"155687425";"A01";"2";"33";"0";"2";"1";"18";"1";""
"202400053647";"155687429";"B01";"2";"33";"0";"2";"4";"1";"1";""
"202400053648";"155687423";"A01";"2";"7";"13";"0";"2";"1";"1";""
"202400053649";"155687422";"A01";"1";"7";"4";"0";"1";"1";"1";""
"202400053650";"155687420";"A01";"0";"10";"0";"2";"1";"26";"1";""
"202400053650";"155687426";"B01";"0";"33";"0";"2";"1";"1";"1";""
"202400053651";"155687419";"C01";"1";"7";"0";"2";"4";"2";"1";""
"202400053651";"155687427";"A01";"1";"7";"0";"0";"1";"1";"0";""
"202400053651";"155687430";"B01";"1";"7";"0";"0";"4";"23";"0";""
"202400053652";"155687415";"A01";"2";"33";"15";"2";"8";"1";"1";""
"202400053652";"155687421";"B01";"1";"17";"0";"2";"8";"13";"0";""
"202400053653";"155687418";"A01";"1";"7";"0";"2";"6";"15";"1";""
"202400053653";"155687428";"B01";"1";"43";"0";"2";"1";"1";"1";""
"202400053654";"155687416";"B01";"2";"10";"0";"2";"2";"15";"1";""
"202400053654";"155687424";"A01";"1";"31";"0";"2";"2";"1";"3";""
"202400053655";"155687414";"B01";"2";"33";"0";"2";"4";"2";"1";""
"202400053655";"155687417";"A01";"2";"33";"0";"2";"1";"2";"1";""
"202400053656";"155687410";"A01";"1";"38";"0";"1";"1";"1";"1";"1"
"202400053657";"155687405";"B01";"0";"1";"0";"9";"1";"1";"5";""
"202400053657";"155687411";"A01";"0";"1";"0";"9";"1";"1";"5";""
"202400053658";"155687407";"A01";"1";"13";"0";"9";"3";"0";"1";""
"202400053658";"155687413";"B01";"1";"1";"0";"0";"2";"0";"5";""
"202400053659";"155687406";"A01";"1";"33";"0";"2";"1";"3";"1";""
"202400053659";"155687412";"B01";"1";"7";"0";"2";"5";"12";"2";""
"202400053660";"155687403";"A01";"1";"7";"2";"0";"1";"13";"0";""
"202400053661";"155687399";"A01";"3";"7";"8";"0";"1";"1";"1";""
"202400053661";"155687404";"B01";"3";"7";"1";"0";"4";"24";"1";""
"202400053662";"155687400";"B01";"2";"15";"0";"2";"1";"1";"1";""
"202400053662";"155687409";"A01";"1";"10";"0";"0";"8";"9";"1";""
"202400053663";"155687401";"A01";"1";"1";"0";"1";"1";"26";"5";""
"202400053664";"155687398";"A01";"2";"7";"0";"0";"1";"13";"1";""
"202400053665";"155687397";"A01";"3";"7";"0";"2";"1";"1";"1";""
"202400053665";"155687402";"B01";"3";"7";"0";"2";"7";"1";"2";""
"202400053666";"155687390";"A01";"2";"7";"0";"2";"2";"15";"1";""
"202400053666";"155687395";"B01";"1";"31";"0";"2";"1";"1";"1";""
"202400053667";"155687389";"A01";"2";"10";"0";"2";"4";"23";"1";""
"202400053667";"155687394";"B01";"2";"33";"0";"2";"1";"3";"1";""
"202400053668";"155687391";"A01";"1";"7";"0";"2";"6";"1";"1";""
"202400053668";"155687396";"B01";"1";"7";"0";"2";"1";"1";"1";""
"202400053669";"155687388";"B01";"3";"7";"0";"2";"2";"2";"1";""
"202400053669";"155687393";"A01";"3";"33";"0";"2";"4";"18";"1";""
"202400053670";"155687386";"B01";"1";"50";"0";"2";"0";"0";"3";""
"202400053670";"155687392";"A01";"1";"10";"0";"9";"6";"0";"1";""
"202400053671";"155687383";"A01";"2";"7";"0";"2";"0";"13";"1";""
"202400053671";"155687387";"B01";"1";"10";"0";"2";"0";"1";"1";""
"202400053672";"155687381";"A01";"2";"7";"0";"2";"3";"13";"1";""
"202400053672";"155687385";"B01";"1";"7";"0";"2";"3";"1";"1";""
"202400053673";"155687380";"A01";"1";"10";"0";"2";"1";"15";"3";""
"202400053673";"155687384";"Z01";"1";"43";"0";"1";"1";"23";"1";""
"202400053674";"155687379";"A01";"2";"37";"0";"2";"1";"1";"0";"1"
"202400053674";"155687382";"B01";"2";"37";"0";"2";"4";"0";"0";"1"
"202400053675";"155687376";"A01";"1";"7";"0";"1";"1";"1";"1";""
"202400053676";"155687373";"A01";"2";"3";"8";"0";"7";"0";"1";""
"202400053677";"155687372";"B01";"1";"7";"0";"2";"7";"1";"1";""
"202400053677";"155687377";"A01";"1";"7";"0";"2";"8";"13";"1";""
"202400053678";"155687374";"A01";"0";"7";"0";"2";"1";"16";"1";""
"202400053678";"155687378";"B01";"0";"7";"0";"2";"8";"1";"1";""
"202400053679";"155687370";"A01";"2";"7";"5";"0";"1";"1";"1";""
"202400053680";"155687369";"A01";"1";"31";"0";"2";"2";"21";"3";""
"202400053681";"155687367";"A01";"2";"15";"0";"2";"8";"11";"1";""
"202400053681";"155687371";"B01";"2";"7";"3";"2";"7";"1";"1";""
"202400053682";"155687366";"B01";"2";"7";"0";"2";"1";"2";"1";""
"202400053682";"155687375";"A01";"2";"7";"0";"0";"4";"2";"1";""
"202400053683";"155687364";"A01";"1";"50";"0";"1";"1";"25";"3";""
"202400053684";"155687365";"Z01";"3";"1";"0";"2";"3";"19";"5";""
"202400053684";"155687368";"B01";"1";"37";"0";"2";"2";"8";"2";"4"
"202400053685";"155687361";"A01";"2";"7";"0";"1";"2";"21";"1";""
"202400053686";"155687357";"A01";"2";"7";"0";"2";"1";"1";"1";""
"202400053686";"155687362";"B01";"2";"7";"0";"2";"4";"1";"1";""
"202400053687";"155687352";"A01";"1";"7";"3";"0";"4";"2";"1";""
"202400053687";"155687358";"B01";"1";"15";"0";"2";"1";"1";"1";""
"202400053688";"155687355";"A01";"0";"7";"0";"1";"3";"19";"1";""
"202400053689";"155687354";"Z01";"0";"50";"0";"1";"0";"0";"3";""
"202400053690";"155687351";"A01";"1";"7";"0";"2";"3";"13";"1";""
"202400053690";"155687360";"B01";"2";"7";"0";"2";"2";"1";"1";""
"202400053691";"155687350";"A01";"2";"7";"8";"0";"1";"1";"1";""
"202400053692";"155687348";"D01";"2";"7";"0";"2";"1";"2";"1";""
"202400053692";"155687353";"A01";"2";"7";"0";"2";"4";"2";"1";""
"202400053692";"155687359";"C01";"2";"7";"0";"2";"9";"2";"1";""
"202400053692";"155687363";"B01";"2";"7";"0";"2";"4";"2";"1";""
"202400053693";"155687349";"A01";"1";"7";"0";"2";"1";"13";"1";""
"202400053693";"155687356";"B01";"2";"7";"0";"2";"1";"1";"2";""
"202400053694";"155687345";"A01";"1";"30";"3";"0";"1";"26";"1";""
"202400053695";"155687343";"B01";"1";"50";"0";"2";"3";"1";"3";""
"202400053695";"155687346";"A01";"1";"7";"0";"2";"2";"12";"1";""
"202400053696";"155687344";"A01";"1";"7";"0";"2";"2";"20";"1";""
"202400053696";"155687347";"B01";"1";"32";"0";"2";"1";"18";"1";""
"202400053697";"155687336";"A01";"2";"10";"6";"0";"1";"14";"1";""
"202400053698";"155687340";"A01";"3";"7";"1";"0";"1";"16";"1";""
"202400053699";"155687335";"A01";"0";"7";"0";"2";"6";"17";"1";""
"202400053699";"155687342";"B01";"0";"1";"0";"2";"8";"0";"5";""
"202400053700";"155687333";"A01";"1";"33";"0";"2";"1";"0";"1";""
"202400053700";"155687338";"B01";"1";"7";"0";"0";"6";"0";"1";""
"202400053701";"155687334";"A01";"2";"7";"0";"0";"7";"15";"0";""
"202400053701";"155687341";"B01";"1";"2";"0";"0";"1";"1";"0";""
"202400053702";"155687332";"A01";"1";"60";"0";"0";"1";"1";"5";""
"202400053703";"155687328";"A01";"1";"33";"0";"2";"2";"17";"1";""
"202400053703";"155687337";"B01";"1";"36";"0";"2";"3";"15";"1";""
"202400053704";"155687324";"A01";"2";"2";"14";"0";"7";"17";"3";""
"202400053705";"155687322";"A01";"2";"7";"4";"0";"3";"1";"1";""
"202400053706";"155687326";"B01";"1";"50";"0";"2";"8";"2";"3";""
"202400053706";"155687329";"A01";"1";"7";"0";"2";"2";"1";"1";""
"202400053707";"155687325";"B01";"1";"7";"0";"2";"1";"1";"1";""
"202400053707";"155687330";"A01";"2";"7";"2";"2";"1";"13";"2";""
"202400053708";"155687323";"A01";"2";"7";"4";"2";"1";"1";"1";""
"202400053708";"155687331";"B01";"2";"7";"4";"2";"4";"1";"1";""
"202400053709";"155687327";"A01";"1";"10";"0";"1";"1";"1";"3";""
"202400053710";"155687321";"A01";"2";"7";"3";"0";"3";"1";"1";""
"202400053711";"155687318";"A01";"3";"7";"0";"1";"1";"1";"1";""
"202400053712";"155687316";"B01";"1";"7";"0";"0";"4";"26";"1";""
"202400053712";"155687319";"A01";"1";"10";"0";"2";"1";"26";"1";""
"202400053713";"155687315";"A01";"1";"7";"0";"2";"1";"17";"1";""
"202400053713";"155687320";"B01";"1";"7";"0";"2";"5";"17";"1";""
"202400053714";"155687310";"B01";"1";"7";"0";"2";"3";"0";"1";""
"202400053714";"155687314";"A01";"2";"10";"0";"2";"3";"0";"1";""
"202400053715";"155687309";"A01";"3";"7";"0";"1";"1";"26";"1";""
"202400053716";"155687307";"A01";"2";"7";"0";"1";"2";"1";"1";""
"202400053717";"155687311";"A01";"2";"80";"0";"2";"1";"1";"3";""
"202400053717";"155687317";"Z01";"1";"80";"0";"2";"1";"10";"3";""
"202400053718";"155687308";"A01";"2";"33";"0";"2";"3";"13";"1";""
"202400053718";"155687313";"B01";"1";"7";"0";"2";"3";"1";"1";""
"202400053719";"155687306";"A01";"2";"14";"0";"2";"1";"2";"1";""
"202400053719";"155687312";"B01";"2";"10";"0";"2";"4";"2";"1";""
"202400053720";"155687302";"A01";"2";"7";"0";"1";"2";"1";"2";""
"202400053721";"155687300";"B01";"2";"7";"0";"2";"6";"2";"0";""
"202400053721";"155687304";"A01";"2";"7";"0";"2";"6";"0";"1";""
"202400053722";"155687303";"A01";"2";"7";"0";"9";"5";"16";"1";""
"202400053722";"155687305";"B01";"2";"1";"0";"2";"1";"1";"5";""
"202400053723";"155687301";"A01";"1";"7";"0";"1";"1";"1";"1";""
"202400053724";"155687296";"A01";"3";"33";"13";"0";"3";"0";"1";""
"202400053725";"155687294";"A01";"2";"7";"0";"2";"1";"5";"1";""
"202400053725";"155687299";"B01";"1";"7";"0";"2";"1";"1";"1";""
"202400053726";"155687289";"A01";"2";"7";"0";"2";"3";"15";"1";""
"202400053726";"155687295";"B01";"1";"32";"0";"2";"1";"1";"1";""
"202400053727";"155687291";"A01";"1";"7";"0";"2";"1";"1";"1";""
"202400053727";"155687297";"B01";"1";"7";"0";"2";"4";"23";"1";""
"202400053728";"155687287";"A01";"3";"80";"0";"2";"1";"1";"2";""
"202400053728";"155687298";"B01";"2";"7";"0";"2";"3";"9";"2";""
"202400053729";"155687285";"A01";"1";"7";"13";"0";"7";"19";"1";""
"202400053729";"155687293";"B01";"1";"31";"0";"2";"1";"1";"1";""
"202400053730";"155687283";"B01";"1";"7";"0";"2";"1";"1";"3";""
"202400053730";"155687290";"A01";"2";"7";"0";"2";"1";"5";"1";""
"202400053731";"155687281";"A01";"1";"7";"0";"0";"0";"0";"1";""
"202400053731";"155687292";"B01";"0";"50";"0";"2";"1";"2";"3";""
"202400053732";"155687279";"B01";"2";"7";"0";"2";"3";"20";"1";""
"202400053732";"155687284";"A01";"2";"33";"0";"2";"1";"0";"1";""
"202400053733";"155687280";"A01";"3";"7";"0";"1";"1";"15";"1";""
"202400053734";"155687282";"B01";"3";"1";"0";"2";"3";"19";"5";""
"202400053734";"155687288";"A01";"3";"7";"0";"2";"3";"1";"1";""
"202400053735";"155687278";"A01";"1";"33";"0";"1";"1";"1";"1";""
"202400053736";"155687277";"A01";"1";"32";"0";"0";"0";"1";"1";""
"202400053737";"155687268";"A01";"2";"33";"0";"0";"8";"26";"1";""
"202400053738";"155687269";"B01";"2";"7";"3";"2";"1";"14";"1";""
"202400053738";"155687274";"C01";"1";"15";"0";"2";"3";"1";"1";""
"202400053738";"155687276";"A01";"2";"7";"3";"2";"3";"13";"1";""
"202400053739";"155687266";"A01";"0";"50";"0";"2";"1";"5";"3";""
"202400053739";"155687273";"B01";"1";"1";"0";"2";"1";"1";"5";""
"202400053740";"155687264";"A01";"1";"7";"8";"0";"1";"2";"1";""
"202400053741";"155687265";"A01";"2";"7";"0";"2";"2";"2";"1";""
"202400053742";"155687262";"A01";"2";"33";"0";"2";"1";"1";"1";""
"202400053742";"155687271";"B01";"1";"1";"0";"2";"1";"5";"5";""
"202400053743";"155687260";"A01";"3";"7";"0";"2";"1";"1";"1";""
"202400053743";"155687267";"B01";"3";"7";"0";"2";"1";"0";"1";""
"202400053744";"155687261";"A01";"1";"10";"0";"2";"3";"26";"1";""
"202400053744";"155687270";"B01";"1";"7";"0";"2";"4";"16";"1";""
"202400053745";"155687259";"A01";"3";"7";"0";"2";"1";"5";"1";""
"202400053745";"155687272";"B01";"1";"7";"0";"2";"1";"1";"1";""
"202400053746";"155687258";"A01";"1";"7";"0";"2";"1";"13";"1";""
"202400053746";"155687263";"B01";"2";"7";"0";"2";"1";"0";"1";""
"202400053747";"155687257";"A01";"1";"7";"5";"0";"1";"2";"1";""
"202400053748";"155687255";"A01";"3";"7";"2";"0";"2";"1";"2";""
"202400053749";"155687256";"A01";"1";"33";"0";"0";"0";"15";"1";""
"202400053750";"155687250";"A01";"2";"7";"0";"1";"2";"1";"2";""
"202400053751";"155687249";"A01";"1";"43";"0";"2";"8";"18";"1";""
"202400053751";"155687253";"B01";"1";"7";"0";"2";"7";"1";"1";""
"202400053752";"155687252";"A01";"2";"33";"0";"2";"1";"26";"1";""
"202400053752";"155687254";"B01";"2";"7";"0";"2";"4";"2";"2";""
"202400053753";"155687247";"A01";"1";"7";"0";"1";"3";"12";"1";""
"202400053754";"155687246";"A01";"2";"7";"0";"2";"1";"2";"1";""
"202400053754";"155687251";"B01";"2";"15";"0";"0";"4";"2";"1";""
"202400053755";"155687243";"A01";"2";"7";"8";"0";"3";"0";"1";""
"202400053756";"155687241";"B01";"2";"33";"0";"2";"0";"0";"1";""
"202400053756";"155687245";"A01";"1";"7";"0";"2";"2";"15";"1";""
"202400053757";"155687240";"A01";"1";"31";"0";"2";"1";"16";"1";""
"202400053757";"155687244";"B01";"2";"10";"0";"2";"3";"15";"1";""
"202400053758";"155687248";"A01";"1";"7";"0";"1";"1";"1";"1";""
"202400053759";"155687239";"A01";"1";"15";"0";"2";"2";"2";"1";""
"202400053759";"155687242";"B01";"1";"7";"14";"0";"8";"23";"1";""
"202400053760";"155687236";"A01";"3";"50";"15";"0";"1";"1";"3";""