"Num_Acc";"id_vehicule";"num_veh";"senc";"catv";"obs";"obsm";"choc";"manv";"motor";"occutc"
"202400053761";"155687232";"A01";"1";"1";"0";"9";"1";"1";"5";""
"202400053761";"155687237";"B01";"1";"50";"0";"9";"1";"1";"3";""
"202400053762";"155687229";"B01";"1";"7";"0";"2";"1";"0";"6";""
"202400053762";"155687233";"A01";"1";"7";"0";"2";"1";"15";"6";""
"202400053763";"155687230";"A01";"1";"32";"0";"2";"2";"3";"1";""
"202400053763";"155687238";"B01";"1";"7";"0";"2";"8";"11";"1";""
"202400053764";"155687220";"Z01";"1";"0";"0";"1";"2";"1";"0";""
"202400053765";"155687224";"A01";"3";"7";"13";"0";"1";"15";"1";""
"202400053766";"155687214";"B01";"1";"7";"0";"2";"8";"16";"0";""
"202400053766";"155687223";"A01";"0";"1";"0";"2";"1";"1";"5";""
"202400053767";"155687225";"B01";"1";"7";"1";"0";"8";"22";"1";""
"202400053767";"155687228";"A01";"1";"50";"1";"0";"1";"1";"3";""
"202400053768";"155687219";"A01";"2";"7";"0";"2";"1";"17";"1";""
"202400053768";"155687226";"B01";"1";"7";"0";"2";"1";"1";"1";""
"202400053769";"155687218";"A01";"2";"7";"0";"2";"3";"26";"1";""
"202400053769";"155687235";"B01";"2";"80";"0";"2";"2";"26";"3";""
"202400053770";"155687216";"A01";"1";"32";"0";"1";"7";"1";"1";""
"202400053771";"155687212";"B01";"2";"7";"0";"2";"1";"1";"1";""
"202400053771";"155687222";"C01";"2";"14";"0";"2";"1";"2";"1";""
"202400053771";"155687227";"A01";"2";"7";"4";"2";"2";"1";"1";""
"202400053771";"155687231";"Z01";"2";"7";"0";"0";"0";"0";"0";""
"202400053772";"155687215";"A01";"1";"50";"0";"2";"1";"0";"3";""
"202400053772";"155687221";"Z01";"1";"50";"0";"2";"0";"12";"3";""
"202400053773";"155687213";"A01";"1";"7";"0";"2";"1";"2";"1";""
"202400053773";"155687217";"B01";"1";"7";"0";"2";"4";"2";"1";""
"202400053774";"155687211";"A01";"1";"33";"12";"0";"5";"1";"1";""
"202400053775";"155687210";"A01";"3";"36";"2";"0";"1";"0";"1";""
"202400053776";"155687205";"A01";"2";"30";"0";"0";"0";"1";"1";""
"202400053777";"155687203";"A01";"1";"7";"0";"2";"1";"1";"1";""
"202400053777";"155687209";"B01";"2";"10";"0";"2";"8";"1";"1";""
"202400053778";"155687204";"B01";"0";"50";"0";"2";"0";"2";"3";""
"202400053778";"155687208";"A01";"0";"7";"0";"0";"2";"1";"1";""
"202400053779";"155687202";"A01";"2";"7";"4";"0";"1";"1";"1";""
"202400053780";"155687199";"A01";"2";"50";"8";"0";"1";"25";"3";""
"202400053781";"155687197";"A01";"3";"1";"0";"1";"4";"12";"5";""
"202400053782";"155687198";"A01";"1";"50";"0";"2";"1";"1";"3";""
"202400053782";"155687206";"B01";"1";"7";"0";"2";"8";"19";"2";""
"202400053783";"155687200";"A01";"1";"14";"0";"2";"5";"16";"0";""
"202400053783";"155687207";"B01";"1";"1";"0";"2";"3";"2";"5";""
"202400053784";"155687194";"B01";"1";"2";"0";"2";"7";"1";"1";""
"202400053784";"155687201";"A01";"1";"7";"0";"2";"8";"0";"1";""
"202400053785";"155687191";"A01";"0";"30";"0";"2";"3";"0";"1";""
"202400053785";"155687196";"B01";"0";"7";"0";"2";"3";"0";"1";""
"202400053786";"155687185";"A01";"3";"10";"0";"2";"3";"13";"0";""
"202400053786";"155687193";"B01";"3";"7";"6";"0";"7";"16";"1";""
"202400053787";"155687186";"B01";"1";"7";"0";"2";"1";"1";"1";""
"202400053787";"155687195";"A01";"1";"32";"0";"2";"6";"19";"1";""
"202400053788";"155687183";"A01";"2";"7";"0";"2";"2";"2";"1";""
"202400053788";"155687189";"B01";"2";"2";"0";"2";"3";"13";"1";""
"202400053789";"155687182";"A01";"1";"10";"0";"2";"1";"2";"1";""
"202400053789";"155687190";"B01";"1";"14";"0";"2";"4";"2";"1";""
"202400053790";"155687178";"A01";"1";"7";"0";"2";"5";"16";"0";""
"202400053790";"155687184";"B01";"1";"50";"0";"2";"1";"2";"3";""
"202400053791";"155687179";"B01";"2";"1";"0";"2";"2";"13";"5";""
"202400053791";"155687187";"A01";"2";"7";"0";"9";"2";"2";"1";""
"202400053792";"155687174";"A01";"2";"7";"0";"1";"3";"2";"1";""
"202400053793";"155687175";"B01";"2";"2";"0";"2";"8";"1";"3";""
"202400053793";"155687181";"A01";"2";"7";"0";"2";"5";"16";"1";""
"202400053794";"155687176";"A01";"1";"7";"0";"2";"1";"26";"1";""
"202400053794";"155687180";"B01";"1";"7";"0";"2";"3";"0";"1";""
"202400053795";"155687173";"A01";"1";"7";"0";"2";"2";"14";"1";""
"202400053796";"155687171";"A01";"1";"1";"0";"1";"1";"0";"5";""
"202400053797";"155687168";"A01";"2";"7";"0";"0";"9";"1";"1";""
"202400053798";"155687166";"A01";"2";"7";"0";"2";"1";"2";"1";""
"202400053798";"155687170";"B01";"2";"7";"0";"2";"4";"2";"1";""
"202400053799";"155687164";"A01";"1";"7";"0";"1";"1";"1";"1";""
"202400053800";"155687165";"A01";"2";"7";"0";"2";"4";"1";"1";""
"202400053800";"155687169";"B01";"2";"7";"0";"2";"4";"1";"1";""
"202400053800";"155687177";"C01";"2";"10";"0";"2";"1";"2";"1";""
"202400053801";"155687161";"A01";"1";"7";"0";"2";"7";"21";"1";""
"202400053801";"155687167";"B01";"1";"33";"0";"2";"8";"1";"1";""
"202400053801";"155687172";"C01";"1";"10";"14";"0";"0";"26";"1";""
"202400053802";"155687157";"A01";"1";"7";"14";"2";"1";"19";"1";""
"202400053802";"155687162";"B01";"1";"7";"14";"2";"3";"1";"1";""
"202400053803";"155687155";"B01";"3";"32";"0";"2";"1";"1";"1";""
"202400053803";"155687160";"A01";"1";"7";"0";"2";"8";"15";"1";""
"202400053804";"155687158";"A01";"1";"7";"0";"2";"1";"1";"1";""
"202400053805";"155687159";"B01";"2";"50";"0";"2";"1";"0";"3";""
"202400053805";"155687163";"A01";"2";"7";"0";"9";"3";"1";"1";""
"202400053806";"155687152";"A01";"2";"7";"0";"2";"6";"17";"2";""
"202400053806";"155687156";"B01";"2";"32";"0";"2";"1";"3";"1";""
"202400053807";"155687148";"A01";"3";"15";"12";"2";"2";"16";"0";""
"202400053807";"155687154";"B01";"3";"2";"12";"2";"8";"18";"0";""
"202400053808";"155687147";"A01";"1";"7";"0";"0";"2";"26";"1";""
"202400053808";"155687151";"B01";"1";"33";"1";"2";"1";"14";"1";""
"202400053809";"155687144";"A01";"2";"80";"0";"0";"0";"1";"3";""
"202400053810";"155687141";"A01";"1";"10";"0";"2";"0";"1";"1";""
"202400053810";"155687146";"C01";"1";"10";"0";"2";"3";"1";"1";""
"202400053810";"155687150";"B01";"1";"7";"14";"2";"5";"21";"1";""
"202400053811";"155687142";"A01";"2";"7";"11";"0";"2";"1";"1";""
"202400053812";"155687137";"A01";"0";"7";"0";"1";"3";"1";"2";""
"202400053813";"155687138";"B01";"2";"7";"0";"2";"3";"1";"1";""
"202400053813";"155687153";"A01";"1";"32";"0";"2";"1";"13";"1";""
"202400053814";"155687136";"A01";"1";"7";"0";"2";"1";"2";"1";""
"202400053814";"155687145";"B01";"1";"7";"0";"2";"4";"2";"1";""
"202400053814";"155687149";"C01";"1";"10";"0";"2";"4";"2";"1";""
"202400053815";"155687139";"A01";"2";"34";"0";"2";"1";"2";"1";""
"202400053815";"155687143";"B01";"2";"43";"0";"2";"1";"15";"1";""
"202400053816";"155687135";"B01";"1";"1";"0";"2";"1";"19";"5";""
"202400053816";"155687140";"A01";"1";"7";"1";"2";"2";"1";"2";""
"202400053817";"155687131";"A01";"2";"7";"4";"0";"2";"1";"1";""
"202400053818";"155687130";"A01";"3";"7";"0";"2";"1";"1";"1";""
"202400053818";"155687134";"B01";"3";"2";"0";"2";"0";"0";"1";""
"202400053819";"155687126";"B01";"2";"7";"0";"2";"8";"15";"1";""
"202400053819";"155687132";"A01";"2";"31";"0";"2";"7";"3";"1";""
"202400053820";"155687125";"A01";"1";"7";"2";"0";"9";"0";"1";""
"202400053821";"155687120";"A01";"2";"7";"0";"2";"1";"16";"1";""
"202400053821";"155687129";"B01";"2";"33";"0";"2";"4";"1";"1";""
"202400053822";"155687123";"A01";"1";"13";"0";"2";"1";"1";"1";""
"202400053822";"155687128";"B01";"1";"7";"0";"2";"4";"1";"1";""
"202400053823";"155687121";"B01";"1";"33";"0";"2";"7";"1";"1";""
"202400053823";"155687127";"A01";"1";"7";"0";"2";"3";"9";"1";""
"202400053823";"155687133";"C01";"2";"7";"0";"2";"6";"1";"1";""
"202400053824";"155687119";"A01";"1";"10";"0";"1";"3";"1";"1";""
"202400053825";"155687118";"B01";"1";"33";"0";"2";"7";"1";"1";""
"202400053825";"155687124";"A01";"1";"7";"0";"2";"3";"11";"1";""
"202400053826";"155687116";"B01";"2";"7";"0";"2";"1";"11";"1";""
"202400053826";"155687122";"A01";"2";"33";"0";"2";"5";"17";"1";""
"202400053827";"155687109";"A01";"1";"15";"0";"2";"3";"2";"1";""
"202400053827";"155687114";"B01";"1";"7";"0";"2";"4";"2";"1";""
"202400053827";"155687117";"C01";"1";"7";"0";"2";"4";"2";"2";""
"202400053828";"155687115";"A01";"2";"14";"0";"1";"2";"19";"1";""
"202400053829";"155687108";"A01";"3";"7";"0";"2";"1";"0";"1";""
"202400053829";"155687113";"B01";"3";"7";"0";"2";"6";"15";"1";""
"202400053830";"155687110";"A01";"0";"31";"14";"0";"1";"1";" -1";""
"202400053831";"155687107";"A01";"1";"7";"0";"1";"1";"16";"1";""
"202400053832";"155687105";"A01";"1";"7";"0";"2";"3";"2";"1";""
"202400053832";"155687112";"B01";"1";"21";"0";"0";"6";"1";"1";""
"202400053833";"155687102";"A01";"2";"7";"0";"2";"1";"2";"1";""
"202400053833";"155687111";"B01";"2";"10";"0";"2";"8";"26";"1";""
"202400053834";"155687103";"A01";"1";"2";"11";"0";"1";"1";"1";""
"202400053835";"155687099";"B01";"2";"7";"0";"2";"1";"1";"1";""
"202400053835";"155687104";"A01";"1";"7";"9";"2";"7";"15";"1";""
"202400053836";"155687098";"A01";"1";"30";"0";"2";"1";"2";"1";""
"202400053836";"155687101";"B01";"1";"7";"0";"2";"4";"2";"1";""
"202400053837";"155687092";"A01";"1";"7";"0";"2";"1";"1";"1";""
"202400053837";"155687097";"B01";"1";"7";"0";"2";"6";"1";"1";""
"202400053837";"155687100";"C01";"1";"33";"0";"2";"4";"1";"1";""
"202400053837";"155687106";"D01";"1";"10";"0";"2";"2";"1";"1";""
"202400053838";"155687091";"B01";"1";"30";"0";"2";"4";"0";"1";""
"202400053838";"155687096";"A01";"1";"0";"0";"2";"0";"0";"0";""
"202400053839";"155687090";"A01";"2";"33";"12";"0";"7";"26";"1";""
"202400053840";"155687089";"A01";"1";"7";"0";"2";"7";"22";"1";""
"202400053840";"155687094";"Y01";"1";"1";"0";"2";"0";"0";"5";""
"202400053841";"155687086";"B01";"3";"7";"0";"2";"3";"1";"1";""
"202400053841";"155687095";"A01";"3";"7";"0";"2";"1";"5";"1";""
"202400053842";"155687087";"A01";"1";"7";"13";"0";"1";"1";"1";""
"202400053843";"155687081";"A01";"1";"30";"13";"0";"7";"21";"1";""
"202400053844";"155687080";"A01";"2";"33";"0";"2";"6";"1";"1";""
"202400053844";"155687088";"B01";"3";"7";"0";"2";"1";"19";"2";""
"202400053845";"155687082";"A01";"2";"43";"4";"0";"3";"0";"1";""
"202400053846";"155687079";"A01";"1";"7";"0";"2";"8";"9";"1";""
"202400053846";"155687085";"B01";"2";"7";"0";"2";"1";"1";"1";""
"202400053847";"155687078";"A01";"1";"7";"0";"0";"7";"1";"1";""
"202400053847";"155687084";"B01";"1";"7";"0";"0";"1";"1";"1";""
"202400053848";"155687077";"A01";"1";"7";"0";"2";"3";"9";"1";""
"202400053848";"155687083";"B01";"1";"32";"0";"2";"1";"2";"1";""
"202400053849";"155687074";"A01";"3";"7";"0";"1";"3";"1";"1";""
"202400053850";"155687069";"A01";"0";"7";"2";"0";"1";"0";"1";""
"202400053851";"155687066";"A01";"0";"7";"0";"2";"2";"15";"1";""
"202400053851";"155687071";"B01";"0";"2";"0";"2";"1";"1";"1";""
"202400053852";"155687061";"A01";"1";"1";"14";"0";"1";"15";"5";""
"202400053852";"155687067";"B01";"2";"1";"14";"0";"8";"1";"5";""
"202400053853";"155687064";"C01";"1";"7";"0";"2";"8";"16";"1";""
"202400053853";"155687073";"A01";"2";"10";"0";"2";"1";"1";"1";""
"202400053853";"155687076";"B01";"2";"10";"0";"2";"1";"1";"1";""
"202400053854";"155687059";"A01";"2";"7";"0";"2";"2";"9";"1";""
"202400053854";"155687070";"B01";"2";"30";"0";"2";"7";"1";"1";""
"202400053855";"155687057";"D01";"1";"7";"0";"2";"4";"2";"1";""
"202400053855";"155687065";"A01";"1";"7";"0";"2";"1";"2";"1";""
"202400053855";"155687072";"B01";"1";"7";"0";"2";"4";"2";"1";""
"202400053855";"155687075";"C01";"1";"7";"0";"2";"4";"2";"1";""
"202400053856";"155687056";"A01";"3";"7";"0";"2";"1";"9";"1";""
"202400053856";"155687062";"B01";"3";"7";"0";"2";"7";"0";"1";""
"202400053857";"155687054";"A01";"2";"7";"0";"2";"2";"26";"1";""
"202400053857";"155687060";"B01";"3";"7";"0";"2";"6";"26";"1";""
"202400053858";"155687055";"A01";"2";"32";"0";"2";"1";"2";"1";""
"202400053858";"155687058";"B01";"2";"33";"0";"2";"1";"21";"1";""
"202400053858";"155687068";"C01";"2";"7";"0";"2";"4";"1";"1";""
"202400053859";"155687052";"B01";"1";"10";"8";"2";"0";"0";"0";""
"202400053859";"155687063";"A01";"1";"10";"6";"0";"3";"1";"0";""
"202400053860";"155687048";"A01";"1";"15";"0";"2";"1";"13";"1";""
"202400053860";"155687053";"B01";"2";"7";"0";"2";"1";"1";"1";""
"202400053861";"155687046";"B01";"1";"7";"0";"2";"2";"19";"2";""
"202400053861";"155687051";"A01";"2";"7";"0";"2";"1";"1";"1";""
"202400053862";"155687040";"A01";"2";"15";"0";"2";"2";"12";"1";""
"202400053862";"155687047";"B01";"2";"7";"0";"2";"6";"1";"1";""
"202400053863";"155687042";"A01";"2";"31";"0";"0";"0";"2";"1";""
"202400053864";"155687041";"A01";"3";"7";"0";"2";"5";"15";"1";""
"202400053864";"155687050";"B01";"3";"33";"0";"2";"1";"1";"1";""
"202400053865";"155687038";"A01";"3";"7";"0";"2";"1";"1";"1";""
"202400053865";"155687044";"B01";"3";"7";"0";"2";"1";"1";"1";""
"202400053866";"155687043";"A01";"1";"10";"0";"1";"1";"16";"1";""
"202400053867";"155687036";"B01";"2";"7";"0";"2";"3";"15";"1";""
"202400053867";"155687045";"A01";"1";"1";"0";"2";"1";"1";"5";""
"202400053868";"155687031";"A01";"1";"7";"0";"2";"1";"13";"3";""
"202400053868";"155687035";"B01";"2";"7";"0";"2";"3";"1";"1";""
"202400053869";"155687028";"D01";"2";"7";"0";"9";"3";"1";"1";""
"202400053869";"155687034";"A01";"2";"7";"0";"2";"1";"1";"1";""
"202400053869";"155687039";"C01";"2";"10";"0";"2";"8";"1";"1";""
"202400053869";"155687049";"B01";"3";"7";"0";"2";"1";"15";"1";""
"202400053870";"155687027";"A01";"2";"7";"2";"0";"1";"0";"1";""
"202400053871";"155687026";"A01";"2";"7";"0";"2";"8";"11";"1";""
"202400053871";"155687032";"B01";"2";"33";"0";"2";"7";"1";"1";""
"202400053872";"155687033";"A01";"3";"7";"0";"2";"3";"15";"1";""
"202400053872";"155687037";"B01";"3";"32";"0";"2";"2";"1";"1";""
"202400053873";"155687023";"A01";"1";"33";"8";"0";"9";"1";"1";""
"202400053874";"155687025";"A01";"2";"10";"0";"2";"1";"2";"1";""
"202400053874";"155687029";"B01";"2";"10";"0";"2";"4";"2";"1";""
"202400053875";"155687021";"A01";"2";"33";"6";"0";"7";"15";"1";""
"202400053876";"155687019";"A01";"2";"7";"0";"2";"4";"1";"1";""
"202400053876";"155687022";"B01";"2";"7";"0";"2";"1";"1";"1";""
"202400053877";"155687020";"B01";"3";"2";"0";"2";"1";"1";"1";""
"202400053877";"155687030";"A01";"3";"7";"0";"2";"3";"2";"1";""
"202400053878";"155687015";"A01";"3";"2";"0";"2";"8";"0";"1";""
"202400053878";"155687017";"B01";"3";"7";"0";"9";"2";"2";"1";""
"202400053879";"155687014";"A01";"1";"30";"0";"2";"8";"1";"1";""
"202400053879";"155687018";"Z01";"1";"10";"0";"0";"0";"0";"0";""
"202400053880";"155687013";"A01";"2";"7";"0";"2";"2";"2";"1";""
"202400053880";"155687016";"B01";"2";"7";"0";"2";"3";"26";"1";""
"202400053881";"155687010";"A01";"2";"2";"17";"0";"1";"1";"1";""
"202400053882";"155687008";"A01";"3";"50";"0";"0";"0";"25";"3";""
"202400053883";"155687007";"A01";"2";"7";"0";"2";"7";"14";"1";""
"202400053883";"155687012";"B01";"2";"33";"0";"2";"8";"1";"1";""
"202400053884";"155687006";"A01";"1";"7";"0";"2";"1";"1";"1";""
"202400053884";"155687011";"B01";"1";"7";"0";"2";"4";"1";"2";""
"202400053885";"155687002";"A01";"2";"33";"0";"0";"9";"1";"1";""
"202400053886";"155687003";"A01";"1";"7";"14";"0";"1";"6";"1";""
"202400053887";"155687001";"A01";"2";"31";"0";"0";"8";"3";"1";""
"202400053888";"155687000";"A01";"1";"32";"0";"2";"1";"17";"1";""
"202400053888";"155687005";"B01";"2";"7";"0";"2";"3";"1";"1";""
"202400053888";"155687009";"C01";"1";"7";"0";"2";"3";"23";"1";""
"202400053889";"155686997";"A01";"1";"7";"0";"2";"5";"15";"1";""
"202400053889";"155687004";"B01";"1";"33";"0";"2";"1";"1";"1";""
"202400053890";"155686998";"A01";"3";"7";"0";"1";"0";"1";"1";""
"202400053891";"155686995";"A01";"2";"7";"0";"2";"2";"15";"1";""
"202400053891";"155686999";"B01";"2";"2";"0";"2";"1";"18";"1";""
"202400053892";"155686993";"A01";"1";"7";"15";"0";"7";"1";"1";""
"202400053893";"155686992";"A01";"2";"7";"0";"2";"8";"11";"1";""
"202400053893";"155686994";"B01";"2";"33";"0";"2";"7";"1";"1";""
"202400053894";"155686991";"B01";"3";"7";"0";"2";"8";"15";"1";""
"202400053894";"155686996";"A01";"3";"33";"0";"2";"1";"13";"1";""
"202400053895";"155686987";"A01";"1";"7";"6";"0";"1";"14";"1";""
"202400053896";"155686986";"A01";"2";"33";"0";"1";"1";"17";"1";""
"202400053897";"155686985";"A01";"1";"14";"0";"2";"7";"16";"6";""
"202400053897";"155686990";"B01";"1";"32";"12";"0";"6";"2";"1";""
"202400053898";"155686983";"A01";"2";"7";"0";"2";"1";"1";"1";""
"202400053898";"155686989";"B01";"2";"7";"0";"2";"4";"1";"1";""
"202400053899";"155686981";"A01";"2";"7";"0";"1";"7";"2";"1";""
"202400053900";"155686980";"A01";"3";"7";"0";"9";"8";"2";"2";""
"202400053901";"155686978";"A01";"1";"33";"4";"0";"1";"1";"1";""
"202400053902";"155686979";"A01";"2";"17";"0";"0";"8";"14";"1";""
"202400053903";"155686976";"A01";"2";"1";"0";"2";"8";"19";"5";""
"202400053903";"155686982";"B01";"1";"33";"0";"9";"2";"1";"1";""
"202400053904";"155686974";"Z01";"0";"7";"0";"1";"1";"26";"0";""
"202400053905";"155686973";"A01";"2";"7";"3";"0";"1";"1";"1";""
"202400053906";"155686971";"A01";"1";"7";"12";"0";"3";"2";"1";""
"202400053907";"155686970";"A01";"1";"10";"0";"9";"3";"13";"1";""
"202400053907";"155686975";"B01";"1";"32";"0";"2";"2";"13";"1";""
"202400053908";"155686968";"B01";"2";"50";"0";"2";"0";"15";"3";""
"202400053908";"155686977";"A01";"1";"7";"0";"9";"0";"1";"1";""
"202400053909";"155686966";"A01";"2";"10";"0";"2";"4";"11";"0";""
"202400053909";"155686969";"B01";"2";"33";"0";"2";"1";"1";"1";""
"202400053910";"155686956";"B01";"2";"33";"0";"2";"7";"3";"1";""
"202400053910";"155686962";"A01";"2";"7";"0";"2";"3";"11";"1";""
"202400053910";"155686965";"C01";"2";"7";"0";"2";"5";"1";"1";""
"202400053911";"155686955";"A01";"1";"32";"0";"2";"1";"2";"1";""
"202400053911";"155686961";"B01";"1";"7";"0";"0";"4";"1";"1";""
"202400053911";"155686964";"C01";"2";"7";"0";"2";"1";"1";"1";""
"202400053912";"155686954";"A01";"2";"7";"0";"2";"3";"11";"1";""
"202400053912";"155686960";"B01";"2";"31";"0";"2";"2";"3";"1";""
"202400053913";"155686951";"A01";"2";"7";"0";"2";"1";"5";"0";""
"202400053913";"155686958";"B01";"1";"7";"0";"2";"1";"1";"1";""
"202400053914";"155686947";"A01";"2";"7";"0";"2";"1";"13";"1";""
"202400053914";"155686952";"B01";"1";"38";"0";"2";"1";"1";"1";"3"
"202400053915";"155686953";"B01";"0";"7";"0";"2";"6";"15";"1";""
"202400053915";"155686959";"A01";"0";"33";"14";"2";"1";"1";"1";""
"202400053916";"155686950";"A01";"0";"7";"0";"2";"3";"15";"1";""
"202400053916";"155686963";"B01";"0";"33";"0";"2";"1";"1";"1";""
"202400053917";"155686948";"A01";"0";"7";"0";"2";"0";"14";"0";""
"202400053917";"155686957";"B01";"0";"7";"0";"2";"0";"1";"3";""
"202400053918";"155686945";"A01";"0";"33";"0";"2";"0";"2";"1";""
"202400053918";"155686949";"B01";"0";"7";"0";"2";"6";"1";"1";""
"202400053919";"155686943";"A01";"1";"2";"7";"0";"1";"13";"1";""
"202400053920";"155686942";"B01";"1";"14";"0";"2";"3";"1";"1";""
"202400053920";"155686946";"A01";"2";"7";"0";"2";"3";"13";"1";""
"202400053921";"155686941";"A01";"1";"7";"2";"0";"2";"14";"1";""
"202400053922";"155686938";"B01";"1";"10";"0";"2";"5";"14";"1";""
"202400053922";"155686944";"A01";"1";"33";"0";"2";"1";"21";"1";""
"202400053923";"155686940";"A01";"1";"7";"1";"0";"3";"26";"2";""
"202400053924";"155686937";"A01";"1";"13";"0";"1";"1";"1";"1";""
"202400053925";"155686936";"A01";"3";"7";"0";"0";"1";"0";"1";""
"202400053926";"155686933";"A01";"1";"7";"2";"0";"1";"0";"1";""
"202400053927";"155686931";"A01";"2";"7";"0";"0";"7";"1";"1";""
"202400053928";"155686932";"A01";"2";"7";"0";"2";"1";"2";"1";""
"202400053928";"155686935";"B01";"2";"7";"0";"2";"4";"1";"1";""
"202400053928";"155686939";"C01";"2";"7";"0";"2";"4";"2";"1";""
"202400053929";"155686926";"A01";"1";"7";"0";"2";"2";"12";"1";""
"202400053929";"155686928";"B01";"1";"32";"0";"2";"8";"3";"1";""
"202400053930";"155686924";"A01";"3";"1";"0";"0";"0";"1";"5";""
"202400053931";"155686925";"A01";"1";"7";"0";"2";"2";"1";"1";""
"202400053931";"155686934";"B01";"1";"7";"0";"2";"6";"1";"1";""
"202400053932";"155686921";"A01";"3";"7";"16";"0";"9";"1";"1";""
"202400053933";"155686922";"A01";"1";"7";"0";"2";"1";"0";"1";""
"202400053933";"155686930";"B01";"1";"7";"0";"2";"4";"0";"1";""
"202400053934";"155686918";"A01";"1";"7";"13";"0";"2";"1";"1";""
"202400053935";"155686920";"A01";"2";"43";"0";"0";"1";"21";"1";""
"202400053936";"155686923";"A01";"2";"33";"0";"2";"2";"1";"1";""
"202400053936";"155686927";"B01";"2";"21";"0";"0";"3";"2";"1";""
"202400053937";"155686917";"A01";"1";"33";"0";"0";"7";"1";"1";""
"202400053938";"155686916";"A01";"3";"80";"0";"0";"0";"1";"3";""
"202400053939";"155686914";"A01";"1";"7";"0";"2";"2";"15";"1";""
"202400053939";"155686919";"B01";"0";"32";"0";"2";"3";"1";"1";""
"202400053940";"155686913";"A01";"3";"7";"0";"2";"1";"2";"1";""
"202400053941";"155686909";"A01";"2";"15";"13";"0";"2";"20";"1";""
"202400053942";"155686907";"A01";"1";"15";"0";"2";"4";"1";"1";""
"202400053942";"155686912";"B01";"1";"15";"0";"2";"1";"1";"1";""
"202400053943";"155686906";"A01";"2";"7";"1";"0";"1";"1";"1";""
"202400053943";"155686911";"B01";"2";"7";"0";"2";"8";"1";"1";""
"202400053944";"155686904";"A01";"1";"7";"2";"9";"5";"1";"1";""
"202400053945";"155686903";"A01";"0";"10";"0";"2";"8";"22";"1";""
"202400053945";"155686908";"B01";"0";"1";"0";"2";"1";"1";"5";""
"202400053946";"155686902";"A01";"1";"7";"0";"2";"1";"17";"1";""
"202400053946";"155686910";"B01";"2";"7";"0";"2";"1";"1";"1";""
"202400053947";"155686900";"B01";"2";"7";"0";"2";"1";"1";"3";""
"202400053947";"155686915";"A01";"1";"7";"0";"2";"4";"13";"1";""
"202400053948";"155686898";"A01";"3";"7";"0";"2";"3";"15";"1";""
"202400053948";"155686905";"B01";"0";"32";"0";"2";"2";"3";"1";""
"202400053949";"155686895";"A01";"3";"7";"0";"1";"1";"1";"1";""
"202400053949";"155686899";"B01";"3";"7";"0";"2";"4";"1";"1";""
"202400053950";"155686890";"A01";"1";"36";"2";"0";"1";"16";"1";""
"202400053951";"155686892";"A01";"2";"7";"0";"2";"2";"12";"1";""
"202400053951";"155686896";"B01";"2";"43";"0";"2";"3";"1";"1";""
"202400053952";"155686893";"A01";"2";"10";"0";"2";"2";"17";"1";""
"202400053952";"155686897";"B01";"2";"1";"0";"2";"6";"1";"5";""
"202400053953";"155686887";"C01";"3";"7";"0";"2";"4";"2";"1";""
"202400053953";"155686894";"A01";"3";"7";"0";"2";"1";"2";"1";""
"202400053953";"155686901";"B01";"3";"7";"0";"2";"4";"2";"1";""
"202400053954";"155686884";"A01";"1";"14";"0";"2";"2";"12";"1";""
"202400053954";"155686891";"B01";"2";"7";"0";"2";"6";"1";"1";""
"202400053955";"155686886";"A01";"2";"7";"13";"0";"7";"1";"1";""
"202400053956";"155686883";"A01";"1";"7";"0";"0";"0";"26";"1";""
"202400053957";"155686881";"B01";"2";"1";"0";"2";"8";"1";"5";""
"202400053957";"155686889";"A01";"1";"7";"0";"2";"3";"15";"1";""
"202400053958";"155686882";"A01";"1";"7";"0";"2";"4";"26";"1";""
"202400053958";"155686885";"B01";"1";"37";"0";"2";"1";"1";"3";"1"
"202400053959";"155686880";"B01";"2";"2";"0";"2";"1";"0";"1";""
"202400053959";"155686888";"A01";"1";"7";"0";"2";"1";"1";"1";""
"202400053960";"155686877";"A01";"1";"21";"6";"1";"0";"1";"1";""
"202400053961";"155686875";"A01";"2";"1";"0";"2";"1";"2";"5";""
"202400053961";"155686879";"B01";"2";"10";"0";"0";"6";"2";"1";""
"202400053962";"155686871";"A01";"1";"7";"0";"2";"1";"11";"3";""
"202400053962";"155686878";"B01";"1";"7";"0";"2";"6";"2";"2";""
"202400053963";"155686869";"B01";"0";"1";"0";"2";"4";"15";"5";""
"202400053963";"155686874";"C01";"0";"7";"0";"9";"3";"1";"1";""
"202400053964";"155686870";"A01";"3";"1";"0";"0";"1";"1";"5";""
"202400053965";"155686868";"A01";"2";"33";"0";"2";"2";"0";"1";""
"202400053965";"155686872";"B01";"2";"7";"0";"2";"8";"1";"2";""
"202400053966";"155686864";"A01";"1";"7";"13";"0";"3";"1";"1";""
"202400053967";"155686861";"B01";"1";"7";"0";"2";"4";"2";"2";""
"202400053967";"155686866";"C01";"1";"7";"0";"2";"4";"1";"1";""
"202400053967";"155686876";"A01";"1";"7";"0";"2";"1";"2";"1";""
"202400053968";"155686863";"A01";"0";"10";"0";"2";"1";"1";"1";""
"202400053968";"155686867";"B01";"0";"7";"0";"2";"1";"2";"1";""
"202400053969";"155686859";"A01";"2";"7";"0";"2";"3";"0";"1";""
"202400053969";"155686865";"B01";"1";"15";"0";"2";"3";"1";"1";""