"Num_Acc";"id_vehicule";"num_veh";"senc";"catv";"obs";"obsm";"choc";"manv";"motor";"occutc"
"202400053970";"155686857";"B01";"2";"7";"0";"2";"1";"1";"1";""
"202400053970";"155686862";"A01";"2";"7";"0";"2";"1";"5";"1";""
"202400053971";"155686854";"B01";"1";"7";"0";"2";"4";"0";"1";""
"202400053971";"155686858";"A01";"1";"7";"0";"2";"1";"1";"1";""
"202400053972";"155686848";"A01";"1";"7";"15";"0";"1";"1";"1";""
"202400053973";"155686850";"B01";"2";"7";"0";"2";"1";"0";"1";""
"202400053973";"155686855";"A01";"1";"7";"15";"2";"2";"5";"3";""
"202400053974";"155686852";"B01";"2";"50";"0";"2";"7";"1";"3";""
"202400053974";"155686856";"A01";"1";"7";"0";"2";"3";"9";"1";""
"202400053975";"155686849";"A01";"1";"7";"0";"2";"1";"1";"1";""
"202400053975";"155686860";"B01";"2";"7";"0";"2";"8";"0";"2";""
"202400053976";"155686846";"A01";"1";"33";"0";"2";"1";"1";"1";""
"202400053976";"155686853";"B01";"2";"7";"0";"2";"1";"15";"1";""
"202400053977";"155686844";"A01";"3";"7";"0";"1";"3";"26";"1";""
"202400053978";"155686842";"A01";"3";"10";"0";"2";"2";"1";"1";""
"202400053978";"155686847";"B01";"3";"2";"0";"2";"1";"13";"3";""
"202400053979";"155686840";"A01";"1";"7";"0";"2";"9";"1";"1";""
"202400053979";"155686843";"B01";"2";"10";"0";"0";"8";"1";"1";""
"202400053979";"155686851";"C01";"2";"10";"0";"0";"2";"21";"1";""
"202400053980";"155686838";"A01";"1";"7";"8";"0";"1";"1";"0";""
"202400053981";"155686837";"B01";"1";"7";"0";"2";"4";"2";"1";""
"202400053981";"155686841";"A01";"1";"10";"0";"2";"1";"2";"1";""
"202400053982";"155686839";"B01";"2";"10";"0";"2";"3";"21";"1";""
"202400053982";"155686845";"A01";"2";"7";"0";"0";"5";"15";"1";""
"202400053983";"155686834";"A01";"3";"7";"0";"1";"2";"1";"1";""
"202400053984";"155686831";"A01";"2";"7";"0";"1";"3";"1";"2";""
"202400053985";"155686829";"B01";"1";"2";"0";"2";"1";"1";"1";""
"202400053985";"155686835";"A01";"1";"10";"0";"2";"7";"15";"1";""
"202400053986";"155686832";"RB01";"2";"33";"0";"2";"1";"1";"1";""
"202400053986";"155686836";"A01";"1";"7";"0";"2";"7";"15";"1";""
"202400053987";"155686828";"A01";"3";"2";"8";"0";"2";"0";"1";""
"202400053988";"155686826";"A01";"2";"7";"0";"2";"1";"5";"1";""
"202400053988";"155686833";"B01";"1";"7";"0";"2";"1";"1";"1";""
"202400053989";"155686825";"A01";"3";"2";"0";"2";"7";"1";"1";""
"202400053989";"155686830";"B01";"3";"7";"0";"2";"3";"1";"1";""
"202400053990";"155686824";"A01";"1";"7";"4";"0";"1";"11";"1";""
"202400053991";"155686822";"A01";"2";"7";"0";"2";"1";"1";"1";""
"202400053991";"155686827";"B01";"1";"7";"0";"2";"1";"1";"1";""
"202400053992";"155686817";"A01";"1";"3";"11";"0";"2";"1";"1";""
"202400053993";"155686815";"A01";"1";"3";"15";"0";"3";"13";"1";""
"202400053994";"155686818";"A01";"2";"33";"3";"2";"1";"18";"1";""
"202400053994";"155686821";"B01";"2";"7";"0";"2";"4";"1";"1";""
"202400053995";"155686811";"A01";"1";"7";"13";"0";"3";"0";"1";""
"202400053996";"155686814";"B01";"2";"7";"0";"2";"1";"15";"1";""
"202400053996";"155686820";"A01";"1";"31";"0";"2";"1";"8";"1";""
"202400053997";"155686807";"A01";"1";"10";"0";"2";"8";"15";"1";""
"202400053997";"155686812";"B01";"1";"1";"0";"2";"0";"0";"5";""
"202400053998";"155686808";"A01";"1";"7";"0";"2";"3";"9";"1";""
"202400053998";"155686816";"B01";"1";"33";"0";"2";"1";"1";"1";""
"202400053999";"155686804";"A01";"1";"7";"0";"2";"0";"2";"1";""
"202400053999";"155686809";"B01";"1";"10";"0";"2";"7";"2";"1";""
"202400053999";"155686813";"C01";"1";"17";"0";"2";"0";"2";"1";""
"202400054000";"155686803";"A01";"2";"1";"0";"0";"0";"1";"5";""
"202400054001";"155686801";"B01";"3";"1";"0";"2";"7";"1";"5";""
"202400054001";"155686806";"A01";"2";"7";"0";"2";"7";"9";"1";""
"202400054002";"155686800";"A01";"2";"7";"8";"2";"5";"1";"1";""
"202400054002";"155686810";"B01";"2";"10";"0";"2";"3";"9";"1";""
"202400054003";"155686798";"A01";"2";"7";"0";"2";"1";"15";"1";""
"202400054003";"155686802";"B01";"1";"1";"0";"2";"1";"1";"5";""
"202400054004";"155686796";"A01";"1";"33";"0";"2";"1";"1";"1";""
"202400054004";"155686799";"B01";"1";"17";"0";"2";"5";"4";"1";""
"202400054005";"155686797";"B01";"1";"7";"0";"2";"0";"13";"0";""
"202400054005";"155686805";"A01";"2";"33";"0";"2";"0";"1";"1";""
"202400054006";"155686793";"A01";"2";"7";"3";"0";"2";"14";"1";""
"202400054007";"155686790";"A01";"2";"7";"4";"2";"8";"1";"1";""
"202400054007";"155686795";"B01";"2";"17";"0";"2";"1";"12";"1";""
"202400054008";"155686789";"A01";"2";"7";"0";"2";"2";"1";"1";""
"202400054008";"155686792";"B01";"2";"50";"0";"2";"4";"1";"3";""
"202400054009";"155686786";"B01";"1";"7";"0";"2";"7";"2";"1";""
"202400054009";"155686794";"A01";"1";"7";"0";"2";"7";"11";"1";""
"202400054010";"155686787";"A01";"1";"7";"0";"2";"1";"2";"1";""
"202400054010";"155686791";"B01";"1";"7";"0";"2";"4";"23";"1";""
"202400054011";"155686784";"A01";"2";"15";"0";"1";"1";"1";"1";""
"202400054012";"155686785";"A01";"1";"7";"10";"0";"1";"14";"1";""
"202400054013";"155686781";"B01";"1";"40";"0";"2";"3";"1";"3";""
"202400054013";"155686788";"A01";"1";"50";"0";"4";"1";"16";"3";""
"202400054014";"155686777";"A01";"1";"7";"4";"0";"1";"14";"1";""
"202400054015";"155686774";"C01";"2";"10";"0";"2";"5";"2";"1";""
"202400054015";"155686776";"A01";"2";"7";"0";"2";"1";"11";"1";""
"202400054015";"155686783";"B01";"2";"33";"0";"2";"1";"3";"1";""
"202400054016";"155686770";"A01";"2";"7";"2";"0";"1";"1";"1";""
"202400054017";"155686769";"A01";"1";"33";"0";"2";"7";"21";"1";""
"202400054018";"155686772";"A01";"2";"7";"2";"0";"7";"1";"1";""
"202400054019";"155686773";"B01";"2";"1";"0";"2";"1";"1";"5";""
"202400054019";"155686780";"A01";"1";"10";"0";"2";"3";"15";"1";""
"202400054020";"155686767";"A01";"2";"7";"0";"2";"2";"16";"1";""
"202400054020";"155686775";"B01";"2";"30";"0";"2";"8";"18";"1";""
"202400054021";"155686768";"B01";"3";"7";"0";"2";"2";"0";"1";""
"202400054021";"155686778";"C01";"3";"7";"0";"2";"1";"0";"1";""
"202400054021";"155686782";"A01";"3";"7";"0";"2";"3";"11";"1";""
"202400054022";"155686766";"A01";"1";"17";"0";"0";"4";"9";"1";""
"202400054022";"155686771";"B01";"1";"10";"0";"2";"1";"2";"1";""
"202400054023";"155686761";"A01";"2";"7";"0";"1";"2";"1";"1";""
"202400054024";"155686763";"B01";"1";"7";"0";"2";"1";"1";"1";""
"202400054024";"155686765";"C01";"1";"7";"3";"2";"6";"1";"1";""
"202400054024";"155686779";"A01";"2";"7";"0";"2";"3";"13";"1";""
"202400054025";"155686759";"A01";"2";"10";"3";"0";"2";"14";"1";""
"202400054026";"155686758";"B01";"2";"17";"0";"2";"1";"1";"0";""
"202400054026";"155686762";"A01";"3";"7";"0";"2";"3";"19";"1";""
"202400054027";"155686752";"A01";"2";"7";"0";"1";"2";"26";"1";""
"202400054028";"155686754";"A01";"1";"7";"10";"0";"1";"2";"1";""
"202400054029";"155686751";"C01";"2";"7";"0";"2";"4";"1";"1";""
"202400054029";"155686756";"A01";"2";"7";"0";"2";"1";"1";"2";""
"202400054029";"155686760";"B01";"2";"7";"0";"2";"4";"1";"1";""
"202400054030";"155686750";"B01";"2";"7";"0";"2";"4";"1";"0";""
"202400054030";"155686757";"C01";"2";"7";"0";"2";"4";"1";"0";""
"202400054030";"155686764";"A01";"2";"7";"0";"2";"1";"1";"0";""
"202400054031";"155686749";"A01";"1";"33";"0";"0";"9";"1";"1";""
"202400054032";"155686745";"A01";"1";"33";"0";"2";"1";"1";"1";""
"202400054032";"155686753";"B01";"1";"7";"0";"2";"8";"15";"1";""
"202400054033";"155686744";"B01";"1";"50";"0";"2";"1";"1";"3";""
"202400054033";"155686755";"A01";"3";"7";"0";"2";"3";"9";"1";""
"202400054034";"155686741";"A01";"2";"33";"11";"0";"1";"1";"1";""
"202400054035";"155686740";"A01";"2";"7";"0";"2";"3";"9";"1";""
"202400054035";"155686748";"B01";"1";"7";"0";"2";"1";"1";"1";""
"202400054036";"155686743";"A01";"0";"7";"0";"2";"3";"18";"1";""
"202400054036";"155686747";"B01";"2";"7";"0";"2";"5";"12";"1";""
"202400054037";"155686739";"A01";"1";"7";"3";"0";"3";"1";"1";""
"202400054038";"155686742";"B01";"1";"1";"0";"0";"0";"1";"5";""
"202400054038";"155686746";"A01";"1";"7";"0";"0";"0";"12";"1";""
"202400054039";"155686737";"A01";"1";"7";"2";"0";"7";"1";"1";""
"202400054040";"155686734";"B01";"1";"50";"0";"2";"1";"1";"3";""
"202400054040";"155686738";"A01";"1";"7";"0";"2";"3";"15";"1";""
"202400054041";"155686731";"A01";"0";"7";"0";"2";"3";"23";"1";""
"202400054041";"155686736";"B01";"0";"7";"1";"0";"1";"1";"0";""
"202400054042";"155686729";"A01";"1";"37";"0";"1";"7";"16";"3";"1"
"202400054043";"155686727";"A01";"0";"7";"0";"2";"2";"1";"1";""
"202400054043";"155686732";"B01";"0";"1";"0";"2";"1";"14";"5";""
"202400054044";"155686728";"A01";"2";"10";"0";"2";"2";"15";"1";""
"202400054044";"155686735";"B01";"1";"7";"0";"2";"2";"1";"1";""
"202400054045";"155686725";"B01";"2";"1";"0";"2";"1";"1";"5";""
"202400054045";"155686733";"A01";"2";"7";"0";"2";"3";"15";"1";""
"202400054046";"155686720";"A01";"2";"1";"0";"1";"1";"1";"5";""
"202400054047";"155686723";"A01";"0";"7";"0";"9";"1";"19";"1";""
"202400054047";"155686730";"B01";"1";"1";"0";"2";"5";"1";"5";""
"202400054048";"155686718";"B01";"1";"7";"0";"2";"1";"1";"1";""
"202400054048";"155686722";"A01";"1";"7";"0";"2";"1";"13";"1";""
"202400054049";"155686719";"A01";"1";"7";"0";"0";"4";"1";"1";""
"202400054049";"155686724";"B01";"1";"10";"0";"2";"1";"1";"1";""
"202400054050";"155686712";"B01";"1";"80";"1";"0";"1";"1";"3";""
"202400054050";"155686715";"A01";"1";"7";"0";"2";"3";"22";"1";""
"202400054051";"155686713";"A01";"2";"7";"0";"2";"1";"2";"1";""
"202400054051";"155686716";"B01";"2";"7";"0";"2";"4";"2";"1";""
"202400054051";"155686721";"C01";"2";"7";"3";"0";"3";"21";"1";""
"202400054051";"155686726";"D01";"2";"7";"0";"2";"7";"21";"1";""
"202400054052";"155686709";"A01";"2";"32";"0";"2";"3";"18";"1";""
"202400054052";"155686711";"B01";"2";"10";"0";"2";"2";"16";"1";""
"202400054052";"155686717";"C01";"2";"7";"0";"0";"3";"26";"1";""
"202400054053";"155686706";"A01";"1";"7";"2";"0";"9";"1";"1";""
"202400054054";"155686704";"A01";"1";"7";"0";"1";"3";"16";"1";""
"202400054055";"155686703";"A01";"2";"7";"15";"0";"1";"2";"1";""
"202400054056";"155686701";"Z01";"1";"7";"0";"2";"4";"1";"0";""
"202400054056";"155686705";"B01";"1";"30";"0";"2";"1";"2";"1";""
"202400054057";"155686702";"C01";"1";"33";"0";"2";"2";"3";"1";""
"202400054057";"155686710";"A01";"1";"7";"0";"2";"8";"2";"1";""
"202400054057";"155686714";"B01";"2";"7";"0";"2";"1";"2";"1";""
"202400054058";"155686697";"A01";"1";"7";"0";"1";"3";"15";"1";""
"202400054059";"155686699";"A01";"1";"33";"0";"2";"8";"17";"1";""
"202400054059";"155686707";"B01";"1";"7";"0";"2";"7";"17";"1";""
"202400054060";"155686695";"A01";"1";"2";"14";"0";"1";"1";"1";""
"202400054061";"155686698";"A01";"2";"7";"0";"2";"8";"10";"1";""
"202400054061";"155686708";"B01";"2";"7";"0";"2";"1";"1";"1";""
"202400054062";"155686693";"A01";"1";"10";"0";"1";"1";"1";"1";""
"202400054063";"155686694";"A01";"1";"7";"4";"0";"1";"14";"2";""
"202400054064";"155686692";"A01";"1";"1";"5";"0";"2";"1";"5";""
"202400054065";"155686691";"A01";"1";"50";"16";"0";"0";"1";"3";""
"202400054066";"155686682";"A01";"3";"7";"0";"2";"2";"15";"1";""
"202400054066";"155686688";"B01";"1";"30";"0";"2";"8";"1";"1";""
"202400054067";"155686684";"A01";"1";"36";"13";"0";"7";"1";"1";""
"202400054068";"155686678";"A01";"1";"2";"0";"2";"1";"17";"3";""
"202400054068";"155686683";"B01";"1";"7";"0";"2";"3";"15";"1";""
"202400054069";"155686681";"C01";"3";"7";"0";"2";"4";"2";"1";""
"202400054069";"155686687";"A01";"3";"7";"0";"2";"1";"2";"1";""
"202400054069";"155686689";"B01";"3";"7";"0";"2";"4";"2";"1";""
"202400054070";"155686676";"A01";"1";"2";"16";"0";"0";"1";"1";""
"202400054071";"155686675";"A01";"2";"7";"0";"2";"1";"13";"1";""
"202400054071";"155686680";"B01";"1";"7";"0";"2";"1";"1";"1";""
"202400054072";"155686674";"A01";"2";"7";"13";"0";"9";"1";"1";""
"202400054073";"155686672";"A01";"1";"10";"1";"0";"8";"0";"0";""
"202400054073";"155686679";"B01";"0";"7";"1";"0";"0";"0";"1";""
"202400054073";"155686686";"C01";"0";"7";"1";"0";"0";"0";"1";""
"202400054074";"155686673";"A01";"2";"7";"0";"2";"7";"1";"1";""
"202400054074";"155686685";"B01";"1";"7";"0";"2";"1";"1";"1";""
"202400054075";"155686669";"A01";"3";"10";"13";"0";"2";"16";"1";""
"202400054076";"155686666";"B01";"1";"7";"0";"2";"4";"2";"1";""
"202400054076";"155686671";"C01";"1";"7";"0";"2";"4";"2";"1";""
"202400054076";"155686677";"A01";"1";"10";"0";"2";"1";"2";"1";""
"202400054077";"155686668";"A01";"2";"33";"0";"2";"8";"18";"1";""
"202400054077";"155686670";"B01";"2";"1";"0";"2";"7";"14";"5";""
"202400054078";"155686663";"A01";"2";"7";"2";"0";"1";"13";"1";""
"202400054079";"155686662";"A01";"2";"7";"2";"0";"9";"26";"1";""
"202400054080";"155686659";"A01";"1";"7";"2";"0";"1";"0";"1";""
"202400054081";"155686658";"A01";"2";"7";"0";"2";"0";"0";"0";""
"202400054081";"155686665";"B01";"2";"7";"0";"0";"0";"0";"1";""
"202400054082";"155686657";"A01";"3";"7";"0";"2";"1";"13";"1";""
"202400054082";"155686664";"B01";"3";"7";"0";"2";"1";"1";"1";""
"202400054083";"155686656";"B01";"3";"50";"0";"2";"4";"2";"3";""
"202400054083";"155686661";"A01";"3";"7";"0";"2";"3";"2";"1";""
"202400054084";"155686660";"B01";"1";"7";"0";"0";"0";"0";"0";""
"202400054084";"155686667";"A01";"1";"2";"0";"2";"7";"12";"1";""
"202400054085";"155686655";"A01";"3";"31";"0";"0";"7";"21";"1";""
"202400054086";"155686652";"A01";"2";"7";"2";"0";"7";"21";"1";""
"202400054087";"155686650";"B01";"2";"7";"0";"2";"4";"2";"1";""
"202400054087";"155686654";"A01";"2";"33";"0";"2";"1";"2";"1";""
"202400054088";"155686651";"A01";"1";"7";"2";"0";"7";"11";"1";""
"202400054089";"155686647";"B01";"1";"7";"0";"2";"5";"26";"1";""
"202400054089";"155686653";"A01";"1";"1";"0";"2";"8";"1";"5";""
"202400054090";"155686646";"A01";"3";"99";"0";"1";"0";"2";"0";""
"202400054091";"155686644";"A01";"1";"33";"0";"2";"2";"2";"1";""
"202400054091";"155686649";"B01";"1";"33";"0";"2";"6";"2";"1";""
"202400054092";"155686641";"B01";"3";"7";"0";"2";"3";"1";"2";""
"202400054092";"155686648";"A01";"3";"1";"0";"2";"1";"1";"5";""
"202400054093";"155686639";"A01";"1";"7";"0";"2";"1";"16";"1";""
"202400054093";"155686643";"B01";"1";"32";"0";"2";"2";"1";"1";""
"202400054094";"155686640";"A01";"2";"7";"0";"2";"0";"1";"1";""
"202400054094";"155686645";"B01";"2";"7";"0";"2";"0";"16";"1";""
"202400054095";"155686636";"A01";"1";"10";"0";"1";"3";"1";"3";""
"202400054096";"155686634";"A01";"1";"7";"2";"0";"2";"1";"1";""
"202400054097";"155686633";"B01";"2";"7";"0";"2";"1";"1";"1";""
"202400054097";"155686638";"A01";"1";"10";"0";"2";"7";"26";"1";""
"202400054098";"155686637";"A01";"2";"7";"0";"2";"3";"1";"1";""
"202400054098";"155686642";"B01";"1";"7";"0";"2";"2";"15";"1";""
"202400054099";"155686631";"A01";"2";"10";"6";"0";"1";"1";"1";""
"202400054100";"155686630";"A01";"1";"33";"6";"0";"1";"0";"1";""
"202400054101";"155686628";"A01";"3";"10";"0";"2";"8";"1";"0";""
"202400054101";"155686635";"B01";"3";"7";"0";"2";"1";"1";"1";""
"202400054102";"155686624";"A01";"2";"7";"6";"0";"1";"15";"1";""
"202400054103";"155686627";"A01";"1";"7";"17";"0";"2";"14";"1";""
"202400054104";"155686625";"A01";"1";"7";"0";"1";"0";"16";"2";""
"202400054105";"155686629";"A01";"1";"7";"0";"2";"1";"19";"1";""
"202400054105";"155686632";"B01";"1";"7";"0";"2";"1";"1";"1";""
"202400054106";"155686623";"A01";"2";"80";"0";"0";"0";"2";"3";""
"202400054107";"155686622";"A01";"2";"7";"0";"2";"3";"5";"1";""
"202400054107";"155686626";"B01";"1";"1";"0";"2";"1";"1";"5";""
"202400054108";"155686620";"A01";"0";"36";"0";"0";"0";"1";"1";""
"202400054109";"155686618";"A01";"1";"7";"6";"0";"1";"13";"1";""
"202400054110";"155686614";"A01";"1";"7";"2";"0";"1";"0";"1";""
"202400054111";"155686617";"A01";"2";"2";"0";"2";"3";"16";"1";""
"202400054111";"155686621";"B01";"2";"14";"0";"2";"2";"1";"1";""
"202400054112";"155686612";"B01";"1";"32";"0";"2";"8";"1";"1";""
"202400054112";"155686616";"A01";"2";"7";"0";"2";"1";"15";"1";""
"202400054113";"155686611";"A01";"2";"7";"0";"2";"2";"15";"3";""
"202400054113";"155686619";"B01";"1";"1";"0";"2";"1";"25";"5";""
"202400054114";"155686608";"A01";"1";"33";"0";"5";"1";"0";"1";""
"202400054115";"155686607";"B01";"1";"50";"0";"2";"1";"1";"3";""
"202400054115";"155686615";"A01";"3";"7";"0";"2";"3";"1";"1";""
"202400054116";"155686606";"A01";"2";"7";"0";"2";"3";"1";"1";""
"202400054116";"155686613";"B01";"1";"1";"0";"2";"1";"19";"5";""
"202400054117";"155686603";"A01";"2";"7";"2";"0";"3";"13";"1";""
"202400054118";"155686605";"A01";"2";"7";"0";"2";"2";"1";"1";""
"202400054118";"155686610";"B01";"2";"43";"0";"2";"1";"11";"1";""
"202400054119";"155686604";"B01";"2";"7";"0";"2";"1";"0";"1";""
"202400054119";"155686609";"A01";"3";"1";"0";"2";"3";"0";"5";""
"202400054120";"155686600";"A01";"1";"7";"0";"1";"1";"1";"1";""
"202400054121";"155686598";"A01";"1";"7";"4";"0";"1";"13";"1";""
"202400054122";"155686596";"A01";"1";"7";"0";"2";"2";"1";"1";""
"202400054122";"155686601";"B01";"1";"1";"0";"2";"4";"1";"5";""
"202400054123";"155686594";"A01";"0";"7";"0";"2";"3";"15";"1";""
"202400054123";"155686602";"B01";"2";"33";"13";"2";"1";"1";"1";""
"202400054124";"155686592";"A01";"1";"7";"0";"2";"1";"13";"1";""
"202400054124";"155686595";"B01";"2";"7";"0";"2";"1";"1";"1";""
"202400054125";"155686589";"A01";"1";"7";"0";"0";"9";"1";"1";""
"202400054126";"155686591";"B01";"1";"1";"0";"2";"1";"2";"5";""
"202400054126";"155686597";"A01";"1";"7";"0";"9";"4";"23";"1";""
"202400054127";"155686588";"B01";"1";"7";"0";"2";"2";"15";"1";""
"202400054127";"155686599";"A01";"2";"7";"3";"2";"6";"1";"1";""
"202400054128";"155686587";"A01";"1";"7";"0";"2";"5";"12";"1";""
"202400054128";"155686593";"B01";"1";"31";"0";"0";"8";"1";"1";""
"202400054129";"155686583";"A01";"2";"7";"12";"0";"3";"1";"1";""
"202400054130";"155686586";"A01";"2";"7";"0";"2";"2";"15";"2";""
"202400054130";"155686590";"B01";"1";"30";"0";"2";"1";"1";"1";""
"202400054131";"155686581";"B01";"3";"50";"0";"2";"4";"1";"3";""
"202400054131";"155686584";"A01";"2";"7";"0";"2";"1";"1";"0";""
"202400054132";"155686578";"A01";"0";"7";"0";"2";"1";"16";"1";""
"202400054132";"155686585";"B01";"2";"33";"0";"2";"1";"1";"1";""
"202400054133";"155686577";"A01";"1";"7";"13";"0";"3";"14";"1";""
"202400054134";"155686574";"A01";"2";"7";"6";"0";"1";"0";"1";""
"202400054135";"155686573";"C01";"3";"7";"0";"2";"4";"1";"1";""
"202400054135";"155686575";"D01";"3";"7";"0";"2";"1";"2";"1";""
"202400054135";"155686580";"B01";"3";"7";"0";"2";"4";"2";"1";""
"202400054136";"155686572";"A01";"1";"50";"0";"2";"1";"0";"3";""
"202400054136";"155686579";"B01";"1";"1";"0";"2";"1";"0";"5";""
"202400054137";"155686569";"A01";"2";"7";"0";"2";"1";"1";"1";""
"202400054137";"155686576";"B01";"3";"7";"0";"2";"7";"15";"1";""
"202400054137";"155686582";"C01";"1";"7";"0";"2";"2";"23";"1";""
"202400054138";"155686567";"A01";"2";"7";"0";"2";"8";"13";"1";""
"202400054138";"155686571";"B01";"1";"33";"0";"2";"7";"17";"1";""
"202400054139";"155686568";"A01";"1";"31";"7";"0";"0";"1";"1";""
"202400054140";"155686565";"A01";"2";"10";"0";"2";"3";"10";"1";""
"202400054140";"155686570";"B01";"1";"33";"0";"2";"1";"2";"1";""
"202400054141";"155686564";"A01";"3";"7";"0";"1";"3";"1";"1";""
"202400054142";"155686563";"A01";"1";"2";"0";"2";"1";"2";"3";""
"202400054142";"155686566";"B01";"1";"10";"0";"2";"4";"1";"1";""
"202400054143";"155686561";"A01";"1";"7";"6";"0";"1";"1";"1";""
"202400054144";"155686556";"B01";"2";"7";"0";"2";"1";"1";"1";""
"202400054144";"155686559";"A01";"2";"31";"0";"2";"4";"15";"3";""
"202400054145";"155686552";"A01";"1";"7";"0";"0";"8";"10";"1";""
"202400054145";"155686558";"B01";"1";"32";"0";"2";"1";"2";"1";""
"202400054146";"155686553";"A01";"2";"7";"0";"2";"3";"13";"1";""
"202400054146";"155686560";"B01";"1";"7";"0";"2";"3";"1";"2";""
"202400054147";"155686546";"A01";"0";"36";"0";"2";"1";"1";"1";""
"202400054147";"155686555";"B01";"3";"10";"0";"2";"7";"1";"1";""
"202400054148";"155686554";"A01";"0";"15";"0";"9";"4";"1";"0";""
"202400054148";"155686557";"B01";"0";"7";"0";"9";"1";"1";"1";""
"202400054149";"155686547";"B01";"3";"1";"0";"2";"1";"1";"5";""
"202400054149";"155686551";"A01";"0";"7";"0";"2";"2";"1";"1";""
"202400054150";"155686548";"A01";"1";"7";"0";"1";"2";"1";"1";""
"202400054151";"155686544";"A01";"1";"33";"2";"0";"1";"0";"1";""
"202400054152";"155686545";"A01";"2";"1";"1";"0";"1";"26";"5";""
"202400054152";"155686549";"B01";"2";"13";"0";"2";"5";"24";"1";""
"202400054153";"155686535";"A01";"1";"7";"2";"0";"1";"14";"1";""
"202400054154";"155686533";"A01";"2";"7";"0";"2";"2";"2";"1";""
"202400054154";"155686539";"B01";"2";"80";"0";"0";"4";"2";"3";""
"202400054155";"155686532";"A01";"1";"10";"7";"2";"1";"19";"1";""
"202400054155";"155686542";"B01";"2";"7";"8";"2";"3";"1";"1";""
"202400054156";"155686531";"A01";"1";"7";"0";"2";"1";"19";"1";""
"202400054156";"155686540";"B01";"1";"7";"0";"2";"7";"1";"1";""
"202400054157";"155686527";"A01";"2";"33";"0";"2";"7";"1";"1";""
"202400054157";"155686534";"B01";"2";"7";"0";"2";"3";"17";"1";""
"202400054158";"155686529";"A01";"1";"7";"0";"2";"2";"1";"1";""
"202400054158";"155686536";"B01";"1";"7";"4";"0";"6";"1";"1";""
"202400054159";"155686528";"A01";"2";"7";"0";"2";"1";"9";"1";""
"202400054159";"155686537";"D01";"2";"7";"0";"2";"1";"2";"1";""
"202400054159";"155686541";"B01";"1";"7";"0";"2";"7";"2";"1";""
"202400054159";"155686543";"C01";"2";"7";"0";"2";"1";"2";"1";""
"202400054160";"155686526";"B01";"3";"31";"0";"2";"8";"18";"1";""
"202400054160";"155686530";"A01";"3";"7";"0";"2";"2";"12";"1";""
"202400054161";"155686523";"A01";"1";"7";"4";"0";"1";"1";"1";""
"202400054162";"155686524";"A01";"0";"33";"0";"0";"7";"1";"1";""
"202400054163";"155686520";"A01";"2";"7";"0";"1";"3";"0";"1";""
"202400054164";"155686522";"A01";"2";"33";"16";"0";"7";"26";"1";""
"202400054165";"155686518";"A01";"1";"7";"0";"2";"1";"13";"1";""
"202400054165";"155686525";"B01";"1";"7";"0";"2";"1";"1";"2";""
"202400054165";"155686538";"C01";"1";"7";"0";"2";"8";"1";"2";""
"202400054166";"155686516";"A01";"2";"7";"0";"1";"4";"26";"1";""
"202400054167";"155686517";"A01";"3";"2";"0";"2";"2";"1";"1";""
"202400054167";"155686521";"B01";"0";"7";"0";"2";"8";"1";"1";""
"202400054168";"155686515";"B01";"0";"7";"0";"2";"1";"1";"1";""
"202400054168";"155686519";"Z01";"3";"7";"0";"2";"1";"13";"1";""
"202400054169";"155686513";"A01";"3";"2";"11";"0";"0";"0";"1";""
"202400054170";"155686510";"A01";"1";"7";"4";"0";"2";"1";"1";""
"202400054171";"155686511";"A01";"2";"7";"1";"0";"3";"24";"1";""
"202400054171";"155686514";"B01";"2";"1";"1";"2";"1";"1";"5";""
"202400054172";"155686507";"A01";"1";"1";"0";"2";"1";"2";"5";""
"202400054172";"155686509";"B01";"1";"7";"0";"0";"4";"23";"1";""
"202400054173";"155686503";"A01";"0";"7";"8";"0";"3";"13";"1";""
"202400054174";"155686504";"B01";"1";"7";"0";"2";"3";"1";"1";""
"202400054174";"155686512";"A01";"1";"7";"0";"2";"2";"1";"1";""
"202400054175";"155686502";"B01";"1";"1";"0";"2";"1";"1";"5";""
"202400054175";"155686506";"A01";"1";"7";"0";"2";"3";"1";"1";""
"202400054176";"155686496";"B01";"3";"7";"0";"2";"1";"1";"2";""
"202400054176";"155686505";"A01";"3";"7";"0";"2";"3";"1";"1";""
"202400054177";"155686499";"A01";"1";"7";"0";"0";"4";"1";"1";""
"202400054177";"155686508";"B01";"2";"7";"0";"0";"1";"13";"1";""
"202400054178";"155686498";"A01";"2";"7";"1";"0";"2";"9";"2";""
"202400054179";"155686494";"A01";"1";"7";"0";"2";"3";"10";"2";""
"202400054179";"155686500";"B01";"2";"33";"0";"2";"1";"1";"1";""
"202400054180";"155686495";"A01";"2";"7";"13";"0";"1";"1";"1";""
"202400054181";"155686490";"B01";"1";"60";"0";"2";"0";"1";"5";""
"202400054181";"155686491";"A01";"1";"50";"0";"0";"0";"0";"3";""
"202400054182";"155686489";"A01";"2";"7";"0";"2";"4";"0";"1";""
"202400054182";"155686493";"B01";"2";"50";"0";"2";"1";"0";"3";""
"202400054183";"155686487";"A01";"1";"7";"13";"0";"9";"1";"1";""
"202400054184";"155686488";"B01";"1";"7";"0";"2";"3";"2";"1";""
"202400054184";"155686492";"A01";"1";"30";"1";"2";"7";"2";"1";""
"202400054185";"155686485";"A01";"1";"33";"0";"0";"0";"0";"1";""
"202400054186";"155686484";"A01";"1";"2";"10";"0";"1";"1";"1";""