"Num_Acc";"id_vehicule";"num_veh";"senc";"catv";"obs";"obsm";"choc";"manv";"motor";"occutc"
"202400054187";"155686483";"A01";"2";"10";"1";"0";"8";"22";"1";""
"202400054187";"155686486";"B01";"2";"37";"1";"2";"7";"0";"3";"1"
"202400054188";"155686477";"A01";"3";"7";"0";"2";"7";"1";"1";""
"202400054188";"155686481";"B01";"3";"7";"0";"2";"1";"1";"1";""
"202400054189";"155686479";"A01";"1";"30";"0";"0";"0";"1";"1";""
"202400054190";"155686472";"A01";"0";"7";"0";"2";"1";"2";"1";""
"202400054190";"155686476";"B01";"0";"7";"0";"0";"4";"1";"1";""
"202400054191";"155686474";"B01";"1";"10";"0";"2";"3";"13";"1";""
"202400054191";"155686478";"A01";"2";"7";"0";"2";"3";"0";"1";""
"202400054192";"155686480";"A01";"2";"7";"0";"2";"4";"2";"1";""
"202400054192";"155686482";"B01";"2";"30";"0";"2";"1";"2";"1";""
"202400054193";"155686471";"A01";"1";"33";"0";"2";"1";"17";"1";""
"202400054193";"155686475";"B01";"1";"7";"0";"0";"6";"15";"1";""
"202400054194";"155686469";"A01";"2";"7";"1";"2";"3";"19";"1";""
"202400054194";"155686473";"B01";"1";"7";"0";"2";"1";"1";"1";""
"202400054195";"155686468";"B01";"1";"33";"0";"2";"3";"1";"1";""
"202400054195";"155686470";"A01";"2";"7";"0";"2";"3";"13";"1";""
"202400054196";"155686467";"A01";"0";"7";"1";"1";"2";"1";"1";""
"202400054197";"155686466";"A01";"0";"7";"0";"1";"0";"1";"1";""
"202400054198";"155686464";"A01";"1";"7";"0";"1";"1";"1";"1";""
"202400054199";"155686465";"A01";"2";"50";"0";"1";"4";"1";"3";""
"202400054200";"155686463";"A01";"1";"7";"13";"0";"3";"1";"1";""
"202400054201";"155686462";"A01";"0";"7";"0";"1";"2";"1";"1";""
"202400054202";"155686461";"A01";"2";"7";"6";"0";"1";"1";"1";""
"202400054203";"155686460";"A01";"1";"21";"0";"0";"1";"1";"1";""
"202400054204";"155686456";"A01";"1";"99";"0";"0";"8";"16";"1";""
"202400054205";"155686453";"B01";"3";"50";"0";"2";"8";"19";"3";""
"202400054205";"155686458";"A01";"2";"7";"0";"2";"1";"9";"2";""
"202400054206";"155686454";"A01";"2";"10";"0";"2";"2";"16";"1";""
"202400054206";"155686459";"B01";"2";"80";"0";"2";"1";"1";"3";""
"202400054207";"155686449";"A01";"3";"10";"16";"0";"0";"1";"1";""
"202400054208";"155686451";"B01";"1";"7";"3";"2";"3";"1";"1";""
"202400054208";"155686457";"A01";"2";"7";"0";"2";"3";"13";"1";""
"202400054209";"155686447";"B01";"2";"43";"0";"2";"1";"1";"1";""
"202400054209";"155686455";"A01";"3";"7";"0";"2";"7";"19";"1";""
"202400054210";"155686443";"A01";"1";"13";"0";"2";"2";"2";"3";""
"202400054210";"155686446";"B01";"1";"33";"0";"2";"6";"2";"1";""
"202400054210";"155686450";"C01";"1";"7";"0";"2";"5";"2";"2";""
"202400054211";"155686442";"B01";"2";"7";"0";"2";"3";"12";"1";""
"202400054211";"155686452";"A01";"1";"7";"0";"2";"3";"5";"1";""
"202400054212";"155686440";"A01";"2";"43";"0";"1";"1";"1";"1";""
"202400054213";"155686439";"A01";"1";"7";"13";"0";"3";"1";"1";""
"202400054214";"155686445";"A01";"2";"10";"0";"2";"3";"15";"1";""
"202400054214";"155686448";"B01";"1";"33";"0";"2";"1";"21";"1";""
"202400054215";"155686438";"B01";"2";"7";"0";"2";"1";"15";"1";""
"202400054215";"155686444";"A01";"1";"33";"0";"2";"2";"26";"1";""
"202400054216";"155686437";"A01";"0";"50";"8";"0";"1";"0";"3";""
"202400054217";"155686436";"A01";"1";"7";"0";"9";"3";"2";"3";""
"202400054217";"155686441";"B01";"2";"50";"0";"2";"1";"17";"3";""
"202400054218";"155686433";"A01";"3";"1";"0";"0";"0";"0";"5";""
"202400054219";"155686431";"A01";"3";"7";"0";"1";"1";"15";"1";""
"202400054220";"155686432";"A01";"1";"7";"14";"0";"1";"2";"1";""
"202400054221";"155686429";"A01";"2";"7";"0";"2";"1";"1";"1";""
"202400054221";"155686434";"B01";"2";"7";"0";"0";"4";"23";"1";""
"202400054222";"155686428";"A01";"1";"10";"0";"2";"1";"1";"1";""
"202400054222";"155686430";"B01";"1";"7";"0";"2";"4";"2";"1";""
"202400054222";"155686435";"C01";"1";"7";"0";"2";"4";"2";"1";""
"202400054223";"155686425";"A01";"1";"31";"0";"1";"1";"1";"1";""
"202400054224";"155686426";"A01";"2";"7";"0";"1";"3";"26";"2";""
"202400054225";"155686422";"A01";"1";"99";"0";"2";"1";"0";"6";""
"202400054225";"155686427";"B01";"1";"7";"5";"1";"3";"26";"1";""
"202400054226";"155686421";"A01";"1";"30";"9";"0";"1";"1";"1";""
"202400054227";"155686420";"A01";"1";"7";"0";"2";"1";"1";"1";""
"202400054227";"155686423";"B01";"3";"1";"0";"2";"7";"1";"5";""
"202400054228";"155686418";"A01";"0";"32";"0";"0";"0";"0";"1";""
"202400054229";"155686416";"B01";"1";"7";"0";"2";"5";"2";"2";""
"202400054229";"155686424";"A01";"2";"7";"0";"2";"1";"2";"1";""
"202400054230";"155686415";"A01";"2";"31";"0";"1";"4";"4";"1";""
"202400054231";"155686413";"A01";"3";"7";"0";"2";"2";"1";"1";""
"202400054231";"155686419";"B01";"0";"7";"0";"0";"0";"0";"1";""
"202400054232";"155686414";"B01";"0";"7";"0";"2";"1";"1";"1";""
"202400054232";"155686417";"A01";"0";"7";"0";"2";"4";"26";"1";""
"202400054233";"155686412";"A01";"2";"7";"9";"0";"2";"14";"1";""
"202400054234";"155686411";"A01";"3";"33";"0";"0";"0";"1";"1";""
"202400054235";"155686410";"A01";"2";"7";"0";"1";"2";"2";"1";""
"202400054236";"155686407";"A01";"3";"7";"0";"1";"1";"1";"0";""
"202400054237";"155686409";"A01";"1";"33";"3";"0";"0";"1";"1";""
"202400054238";"155686404";"A01";"1";"30";"0";"0";"3";"15";"3";""
"202400054239";"155686399";"A01";"1";"30";"0";"2";"3";"1";"1";""
"202400054239";"155686406";"Z01";"1";"7";"0";"2";"1";"1";"1";""
"202400054240";"155686402";"A01";"0";"7";"0";"0";"0";"13";"1";""
"202400054241";"155686401";"A01";"2";"7";"0";"2";"4";"0";"1";""
"202400054241";"155686403";"B01";"2";"7";"0";"2";"4";"0";"1";""
"202400054241";"155686408";"C01";"2";"7";"0";"2";"1";"0";"2";""
"202400054242";"155686400";"A01";"2";"7";"0";"2";"1";"1";"1";""
"202400054242";"155686405";"B01";"2";"7";"0";"2";"6";"1";"1";""
"202400054243";"155686396";"A01";"3";"7";"0";"1";"5";"1";"1";""
"202400054244";"155686398";"A01";"2";"10";"2";"0";"8";"1";"1";""
"202400054245";"155686395";"A01";"2";"7";"0";"1";"0";"1";"1";""
"202400054246";"155686394";"A01";"0";"32";"1";"0";"1";"14";"1";""
"202400054247";"155686389";"A01";"2";"7";"0";"1";"1";"1";"1";""
"202400054248";"155686387";"A01";"1";"7";"0";"2";"1";"5";"1";""
"202400054248";"155686390";"B01";"2";"7";"0";"2";"1";"1";"1";""
"202400054249";"155686386";"A01";"0";"7";"0";"2";"1";"19";"1";""
"202400054249";"155686392";"B01";"0";"2";"0";"2";"1";"1";"1";""
"202400054250";"155686385";"A01";"1";"7";"0";"2";"2";"1";"1";""
"202400054250";"155686391";"B01";"1";"7";"0";"0";"6";"1";"1";""
"202400054250";"155686397";"C01";"1";"7";"0";"2";"1";"1";"1";""
"202400054251";"155686383";"B01";"2";"7";"0";"2";"4";"11";"3";""
"202400054251";"155686388";"C01";"2";"7";"0";"2";"3";"1";"1";""
"202400054251";"155686393";"A01";"2";"33";"0";"2";"4";"3";"1";""
"202400054252";"155686380";"A01";"0";"2";"0";"2";"1";"1";"1";""
"202400054252";"155686382";"B01";"0";"7";"0";"2";"6";"1";"1";""
"202400054253";"155686378";"A01";"2";"10";"0";"1";"1";"15";"1";""
"202400054254";"155686375";"B01";"3";"30";"0";"2";"7";"1";"1";""
"202400054254";"155686381";"A01";"3";"7";"0";"2";"2";"9";"1";""
"202400054255";"155686377";"A01";"1";"7";"0";"1";"1";"15";"2";""
"202400054256";"155686373";"A01";"1";"33";"13";"2";"8";"17";"1";""
"202400054256";"155686376";"B01";"2";"7";"0";"2";"3";"1";"1";""
"202400054257";"155686374";"A01";"1";"13";"0";"0";"1";"1";"1";""
"202400054258";"155686371";"A01";"1";"34";"13";"0";"7";"26";"1";""
"202400054259";"155686369";"B01";"2";"7";"4";"2";"4";"2";"1";""
"202400054259";"155686379";"C01";"2";"7";"0";"2";"3";"2";"1";""
"202400054259";"155686384";"A01";"2";"10";"0";"2";"1";"2";"1";""
"202400054260";"155686367";"A01";"3";"10";"0";"2";"2";"15";"0";""
"202400054260";"155686370";"B01";"3";"7";"0";"2";"8";"1";"0";""
"202400054261";"155686365";"A01";"3";"43";"0";"2";"2";"17";"1";""
"202400054261";"155686368";"B01";"3";"7";"0";"2";"8";"15";"1";""
"202400054262";"155686363";"B01";"3";"7";"0";"2";"7";"16";"1";""
"202400054262";"155686366";"A01";"3";"1";"0";"2";"1";"5";"5";""
"202400054263";"155686362";"A01";"2";"7";"13";"0";"2";"2";"1";""
"202400054264";"155686361";"A01";"1";"7";"0";"2";"3";"1";"1";""
"202400054264";"155686372";"B01";"2";"7";"0";"2";"2";"1";"1";""
"202400054265";"155686360";"A01";"0";"30";"16";"0";"0";"0";"1";""
"202400054266";"155686355";"A01";"3";"7";"0";"2";"1";"1";"1";""
"202400054266";"155686364";"B01";"3";"7";"0";"2";"3";"15";"2";""
"202400054267";"155686353";"B01";"1";"7";"0";"2";"4";"2";"1";""
"202400054267";"155686357";"A01";"1";"7";"0";"2";"1";"2";"1";""
"202400054268";"155686354";"A01";"2";"7";"8";"0";"0";"1";"1";""
"202400054269";"155686351";"A01";"1";"7";"0";"1";"4";"20";"1";""
"202400054270";"155686349";"A01";"1";"7";"0";"2";"4";"23";"1";""
"202400054270";"155686356";"B01";"1";"7";"0";"2";"1";"0";"1";""
"202400054271";"155686347";"B01";"2";"33";"0";"2";"7";"1";"1";""
"202400054271";"155686352";"A01";"2";"7";"0";"2";"1";"15";"1";""
"202400054272";"155686358";"A01";"1";"7";"0";"0";"3";"15";"1";""
"202400054272";"155686359";"B01";"1";"7";"0";"2";"2";"17";"1";""
"202400054273";"155686348";"B01";"1";"80";"0";"9";"1";"17";"3";""
"202400054273";"155686350";"A01";"1";"1";"0";"2";"8";"26";"5";""
"202400054274";"155686342";"B01";"1";"7";"0";"2";"3";"10";"1";""
"202400054274";"155686346";"A01";"1";"37";"0";"2";"2";"21";"1";"1"
"202400054275";"155686341";"A01";"1";"7";"0";"2";"5";"12";"1";""
"202400054275";"155686345";"B01";"1";"31";"0";"2";"1";"3";"1";""
"202400054276";"155686338";"B01";"0";"2";"0";"2";"4";"13";"1";""
"202400054276";"155686344";"A01";"3";"7";"0";"2";"2";"17";"1";""
"202400054277";"155686335";"B01";"1";"1";"0";"0";"0";"1";"5";""
"202400054277";"155686339";"A01";"1";"1";"0";"0";"0";"1";"5";""
"202400054277";"155686343";"C01";"1";"1";"0";"0";"0";"1";"5";""
"202400054278";"155686333";"B01";"0";"7";"0";"2";"1";"1";"1";""
"202400054278";"155686340";"A01";"0";"7";"0";"2";"5";"1";"1";""
"202400054279";"155686334";"A01";"2";"7";"0";"2";"1";"5";"1";""
"202400054279";"155686337";"B01";"1";"7";"12";"2";"3";"1";"2";""
"202400054280";"155686329";"B01";"2";"1";"0";"2";"1";"1";"5";""
"202400054280";"155686332";"A01";"1";"10";"0";"2";"5";"20";"1";""
"202400054281";"155686326";"B01";"1";"7";"0";"2";"1";"1";"2";""
"202400054281";"155686336";"A01";"1";"30";"0";"2";"7";"26";"1";""
"202400054282";"155686328";"A01";"1";"7";"13";"0";"6";"1";"1";""
"202400054283";"155686327";"B01";"2";"80";"0";"4";"3";"19";"3";""
"202400054283";"155686330";"A01";"2";"40";"0";"2";"1";"1";"3";""
"202400054284";"155686325";"A01";"3";"50";"0";"0";"0";"21";"3";""
"202400054285";"155686323";"A01";"2";"2";"0";"0";"0";"1";"1";""
"202400054286";"155686324";"A01";"1";"7";"0";"2";"3";"1";"1";""
"202400054286";"155686331";"B01";"1";"1";"0";"2";"7";"2";"5";""
"202400054287";"155686321";"B01";"3";"30";"0";"2";"1";"1";"1";""
"202400054287";"155686322";"A01";"3";"7";"3";"2";"6";"1";"2";""
"202400054288";"155686319";"A01";"1";"33";"2";"0";"1";"2";"1";""
"202400054289";"155686316";"A01";"2";"7";"12";"0";"6";"1";"1";""
"202400054290";"155686315";"A01";"2";"7";"0";"1";"3";"1";"1";""
"202400054291";"155686313";"A01";"1";"43";"11";"0";"1";"14";"1";""
"202400054292";"155686314";"B01";"1";"1";"0";"2";"4";"5";"5";""
"202400054292";"155686320";"A01";"3";"7";"0";"2";"2";"16";"1";""
"202400054293";"155686312";"A01";"2";"7";"0";"2";"7";"10";"0";""
"202400054293";"155686318";"B01";"2";"33";"0";"2";"2";"17";"1";""
"202400054294";"155686311";"B01";"0";"30";"0";"2";"2";"1";"1";""
"202400054294";"155686317";"A01";"0";"7";"0";"2";"3";"9";"1";""
"202400054295";"155686306";"A01";"2";"7";"1";"1";"1";"20";"1";""
"202400054296";"155686304";"A01";"1";"7";"0";"9";"2";"12";"1";""
"202400054296";"155686310";"B01";"3";"1";"0";"0";"0";"0";"5";""
"202400054297";"155686302";"A01";"1";"31";"0";"0";"7";"1";"1";""
"202400054298";"155686303";"B01";"1";"1";"0";"2";"8";"2";"5";""
"202400054298";"155686309";"A01";"2";"7";"0";"9";"7";"17";"1";""
"202400054299";"155686301";"A01";"1";"7";"0";"2";"1";"14";"1";""
"202400054299";"155686307";"B01";"1";"7";"0";"2";"8";"1";"5";""
"202400054300";"155686300";"A01";"1";"1";"0";"2";"4";"1";"5";""
"202400054300";"155686308";"B01";"1";"7";"0";"2";"1";"1";"1";""
"202400054301";"155686295";"B01";"2";"7";"0";"2";"5";"2";"1";""
"202400054301";"155686299";"A01";"2";"30";"0";"2";"1";"2";"3";""
"202400054302";"155686298";"B01";"1";"7";"0";"2";"5";"15";"1";""
"202400054302";"155686305";"A01";"1";"33";"0";"2";"1";"1";"1";""
"202400054303";"155686293";"B01";"1";"1";"0";"2";"4";"1";"5";""
"202400054303";"155686294";"A01";"1";"33";"0";"2";"1";"2";"1";""
"202400054304";"155686291";"A01";"3";"7";"0";"2";"3";"15";"1";""
"202400054304";"155686296";"B01";"3";"50";"0";"2";"1";"5";"3";""
"202400054305";"155686292";"A01";"0";"32";"0";"0";"0";"0";"1";""
"202400054305";"155686297";"B01";"0";"2";"0";"0";"4";"7";"1";""
"202400054306";"155686285";"B01";"1";"33";"0";"2";"1";"1";"1";""
"202400054306";"155686289";"A01";"2";"7";"0";"2";"2";"1";"1";""
"202400054307";"155686287";"B01";"1";"33";"0";"2";"5";"21";"1";""
"202400054307";"155686288";"A01";"3";"31";"0";"2";"1";"20";"1";""
"202400054308";"155686283";"A01";"2";"7";"0";"0";"9";"0";"1";""
"202400054309";"155686280";"A01";"2";"7";"0";"2";"1";"13";"1";""
"202400054309";"155686286";"B01";"1";"7";"0";"2";"1";"1";"1";""
"202400054309";"155686290";"C01";"1";"7";"0";"2";"1";"1";"1";""
"202400054310";"155686281";"A01";"0";"7";"15";"0";"1";"1";"1";""
"202400054311";"155686278";"B01";"2";"50";"0";"2";"3";"0";"3";""
"202400054311";"155686284";"A01";"2";"0";"0";"2";"7";"2";"1";""
"202400054312";"155686277";"B01";"3";"7";"0";"2";"2";"1";"2";""
"202400054312";"155686282";"A01";"3";"7";"0";"2";"3";"10";"1";""
"202400054313";"155686279";"A01";"3";"7";"0";"1";"4";"4";"1";""
"202400054314";"155686275";"A01";"3";"7";"0";"1";"1";"26";"1";""
"202400054315";"155686272";"A01";"2";"7";"2";"0";"1";"13";"1";""
"202400054316";"155686270";"A01";"1";"33";"0";"2";"1";"13";"1";""
"202400054316";"155686273";"B01";"2";"7";"0";"2";"8";"1";"1";""
"202400054317";"155686274";"A01";"2";"30";"0";"2";"8";"18";"3";""
"202400054317";"155686276";"B01";"2";"7";"0";"2";"7";"16";"1";""
"202400054318";"155686267";"B01";"0";"7";"0";"2";"6";"1";"1";""
"202400054318";"155686271";"A01";"0";"32";"0";"2";"1";"17";"1";""
"202400054319";"155686265";"B01";"1";"7";"0";"2";"1";"0";"0";""
"202400054319";"155686268";"A01";"1";"3";"0";"2";"2";"9";"1";""
"202400054320";"155686266";"A01";"3";"40";"0";"1";"3";"1";"3";""
"202400054321";"155686264";"B01";"1";"32";"0";"2";"3";"0";"1";""
"202400054321";"155686269";"A01";"1";"7";"0";"2";"7";"16";"2";""
"202400054322";"155686260";"A01";"2";"7";"0";"1";"3";"15";"1";""
"202400054323";"155686259";"A01";"1";"7";"0";"1";"1";"16";"1";""
"202400054324";"155686261";"B01";"1";"2";"0";"2";"3";"1";"0";""
"202400054324";"155686263";"A01";"2";"7";"0";"2";"3";"15";"3";""
"202400054325";"155686262";"A01";"3";"7";"0";"1";"2";"16";"1";""
"202400054326";"155686256";"A01";"1";"10";"0";"2";"3";"1";"1";""
"202400054326";"155686258";"B01";"1";"7";"0";"2";"6";"1";"2";""
"202400054327";"155686255";"A01";"3";"7";"0";"2";"2";"1";"1";""
"202400054327";"155686257";"B01";"0";"50";"0";"2";"8";"19";"3";""
"202400054328";"155686254";"A01";"3";"10";"0";"1";"2";"1";"1";""
"202400054329";"155686253";"A01";"1";"33";"0";"0";"1";"1";"1";""
"202400054330";"155686251";"A01";"2";"33";"0";"0";"6";"0";"1";""
"202400054330";"155686252";"B01";"2";"33";"0";"2";"2";"2";"1";""
"202400054331";"155686249";"A01";"3";"50";"0";"0";"0";"1";"3";""
"202400054332";"155686245";"A01";"2";"7";"0";"2";"3";"13";" -1";""
"202400054332";"155686248";"B01";"1";"33";"0";"2";"8";"1";"0";""
"202400054333";"155686243";"A01";"3";"7";"0";"2";"1";"2";"2";""
"202400054333";"155686250";"B01";"3";"7";"0";"2";"6";"23";"1";""
"202400054334";"155686246";"A01";"3";"7";"0";"0";"1";"26";"1";""
"202400054335";"155686242";"A01";"2";"7";"13";"0";"2";"1";"1";""
"202400054336";"155686244";"B01";"1";"7";"13";"2";"1";"1";"1";""
"202400054336";"155686247";"A01";"1";"3";"13";"2";"2";"1";"1";""
"202400054337";"155686240";"A01";"2";"30";"0";"0";"2";"1";"1";""
"202400054338";"155686239";"A01";"2";"7";"0";"2";"3";"11";"1";""
"202400054338";"155686241";"B01";"2";"33";"0";"2";"1";"17";"1";""
"202400054339";"155686237";"A01";"3";"7";"8";"0";"1";"1";"1";""
"202400054340";"155686233";"A01";"3";"7";"13";"0";"1";"13";"2";""
"202400054341";"155686235";"B01";"1";"7";"0";"2";"5";"23";"1";""
"202400054341";"155686238";"A01";"1";"7";"0";"2";"1";"9";"1";""
"202400054342";"155686232";"A01";"2";"7";"0";"2";"1";"1";"1";""
"202400054342";"155686234";"B01";"2";"7";"0";"0";"4";"1";"1";""
"202400054343";"155686231";"B01";"3";"99";"0";"2";"1";"1";"0";""
"202400054343";"155686236";"A01";"3";"7";"1";"2";"3";"15";"1";""
"202400054344";"155686230";"A01";"2";"7";"5";"0";"1";"1";"1";""
"202400054345";"155686228";"A01";"2";"33";"0";"2";"1";"17";"1";""
"202400054345";"155686229";"B01";"2";"7";"0";"0";"6";"1";"3";""
"202400054346";"155686225";"A01";"1";"60";"0";"2";"1";"1";"5";""
"202400054346";"155686227";"B01";"2";"1";"0";"2";"1";"1";"5";""
"202400054347";"155686223";"B01";"3";"15";"0";"2";"1";"24";"1";""
"202400054347";"155686226";"A01";"1";"7";"1";"0";"3";"13";"1";""
"202400054348";"155686221";"A01";"1";"31";"0";"0";"1";"17";"1";""
"202400054349";"155686216";"A01";"2";"7";"0";"2";"6";"18";"1";""
"202400054349";"155686219";"B01";"2";"15";"0";"2";"2";"1";"1";""
"202400054349";"155686220";"D01";"2";"7";"0";"2";"1";"1";"2";""
"202400054349";"155686222";"C01";"2";"7";"0";"2";"5";"1";"2";""
"202400054350";"155686215";"A01";"1";"7";"0";"9";"2";"1";"1";""
"202400054350";"155686218";"B01";"1";"1";"0";"2";"3";"9";"5";""
"202400054351";"155686212";"A01";"2";"50";"0";"2";"1";"26";"3";""
"202400054351";"155686217";"B01";"2";"7";"0";"2";"7";"1";"2";""
"202400054352";"155686210";"A01";"2";"7";"0";"2";"1";"2";"1";""
"202400054352";"155686213";"B01";"2";"7";"0";"2";"4";"23";"1";""
"202400054353";"155686209";"B01";"2";"7";"14";"0";"2";"0";"1";""
"202400054353";"155686211";"A01";"2";"10";"3";"0";"1";"1";"1";""
"202400054353";"155686214";"C01";"2";"10";"14";"0";"1";"1";"1";""
"202400054354";"155686205";"A01";"1";"7";"0";"1";"5";"4";"1";""
"202400054355";"155686206";"Z01";"1";"7";"0";"1";"1";"1";"2";""
"202400054356";"155686202";"A01";"2";"33";"0";"0";"8";"6";"1";""
"202400054357";"155686201";"A01";"1";"7";"0";"2";"3";"17";"1";""
"202400054357";"155686207";"B01";"2";"7";"0";"2";"1";"1";"1";""
"202400054357";"155686208";"C01";"1";"7";"0";"2";"3";"1";"1";""
"202400054358";"155686197";"A01";"1";"10";"0";"2";"1";"5";"1";""
"202400054358";"155686200";"B01";"1";"60";"0";"2";"8";"19";"5";""
"202400054359";"155686196";"A01";"2";"1";"1";"0";"2";"1";"5";""
"202400054359";"155686199";"Z01";"1";"1";"1";"0";"3";"15";"5";""
"202400054360";"155686198";"B01";"2";"7";"0";"2";"4";"2";"1";""
"202400054360";"155686203";"A01";"2";"7";"0";"2";"1";"2";"1";""
"202400054360";"155686204";"C01";"2";"14";"0";"2";"4";"2";"1";""
"202400054361";"155686192";"A01";"2";"33";"0";"2";"9";"17";"1";""
"202400054361";"155686194";"B01";"2";"38";"0";"2";"8";"2";"1";"1"
"202400054361";"155686195";"C01";"1";"7";"0";"2";"3";"1";"1";""
"202400054362";"155686189";"A01";"1";"14";"0";"2";"8";"22";"1";""
"202400054362";"155686193";"B01";"1";"50";"1";"0";"2";"1";"3";""
"202400054363";"155686188";"A01";"1";"7";"0";"2";"3";"1";"1";""
"202400054363";"155686190";"B01";"2";"33";"0";"2";"3";"5";"1";""
"202400054364";"155686191";"A01";"1";"1";"0";"1";"1";"16";"5";""
"202400054365";"155686184";"A01";"2";"7";"0";"2";"2";"13";"1";""
"202400054365";"155686187";"B01";"2";"1";"0";"2";"4";"2";"5";""
"202400054366";"155686183";"A01";"2";"17";"0";"1";"2";"1";"1";""
"202400054367";"155686186";"B01";"1";"1";"0";"1";"2";"1";"5";""
"202400054368";"155686182";"B01";"1";"1";"0";"2";"4";"23";"5";""
"202400054368";"155686185";"A01";"1";"1";"14";"2";"1";"1";"5";""
"202400054369";"155686181";"A01";"2";"2";"0";"0";"8";"1";"1";""
"202400054370";"155686178";"A01";"2";"7";"0";"2";"1";"15";"3";""
"202400054370";"155686179";"B01";"2";"32";"0";"2";"7";"17";"1";""
"202400054371";"155686175";"B01";"1";"7";"0";"0";"5";"15";"1";""
"202400054371";"155686177";"C01";"2";"7";"0";"2";"3";"0";"1";""
"202400054371";"155686180";"A01";"1";"10";"0";"2";"3";"2";"1";""
"202400054372";"155686173";"A01";"2";"10";"0";"9";"8";"1";"1";""
"202400054372";"155686176";"B01";"2";"1";"0";"2";"4";"15";"5";""
"202400054373";"155686170";"A01";"0";"7";"0";"1";"4";"4";"1";""
"202400054374";"155686171";"B01";"1";"7";"0";"2";"0";"0";"0";""
"202400054374";"155686174";"A01";"1";"7";"0";"2";"1";"0";"0";""
"202400054375";"155686169";"B01";"2";"7";"0";"2";"2";"1";"1";""
"202400054375";"155686172";"A01";"2";"1";"0";"0";"4";"11";"5";""
"202400054376";"155686167";"A01";"1";"7";"0";"2";"1";"13";"1";""
"202400054376";"155686168";"B01";"2";"21";"0";"2";"1";"1";"1";""
"202400054377";"155686166";"A01";"2";"1";"4";"0";"1";"15";"5";""
"202400054378";"155686165";"A01";"1";"7";"0";"1";"1";"26";"1";""
"202400054379";"155686164";"A01";"3";"7";"0";"1";"1";"1";"1";""
"202400054380";"155686162";"A01";"3";"7";"1";"0";"1";"1";"1";""
"202400054381";"155686160";"A01";"2";"7";"0";"2";"1";"0";"1";""
"202400054381";"155686163";"B01";"1";"7";"0";"2";"1";"1";"1";""
"202400054382";"155686158";"A01";"1";"10";"0";"2";"1";"13";"1";""
"202400054382";"155686161";"B01";"2";"7";"0";"2";"1";"1";"1";""
"202400054383";"155686157";"A01";"1";"7";"1";"0";"3";"13";"1";""
"202400054384";"155686156";"B01";"1";"33";"0";"2";"8";"1";"1";""
"202400054384";"155686159";"Z01";"1";"10";"0";"2";"2";"12";"1";""
"202400054385";"155686153";"A01";"1";"1";"0";"2";"1";"1";"5";""
"202400054385";"155686154";"B01";"1";"7";"0";"2";"1";"1";"1";""
"202400054386";"155686152";"A01";"1";"7";"0";"2";"3";"19";"1";""
"202400054386";"155686155";"B01";"2";"33";"0";"2";"1";"1";"1";""
"202400054387";"155686150";"A01";"2";"7";"0";"2";"0";"0";"1";""
"202400054387";"155686151";"B01";"2";"7";"9";"2";"0";"0";"1";""
"202400054388";"155686148";"A01";"1";"32";"0";"2";"3";"1";"1";""
"202400054388";"155686149";"B01";"1";"7";"0";"0";"5";"23";"2";""
"202400054389";"155686145";"A01";"1";"7";"0";"1";"2";"1";"0";""
"202400054390";"155686144";"B01";"2";"7";"0";"2";"1";"13";"1";""
"202400054390";"155686146";"C01";"2";"7";"14";"0";"2";"1";"1";""
"202400054390";"155686147";"A01";"1";"7";"0";"2";"3";"0";"1";""
"202400054391";"155686142";"A01";"1";"32";"0";"2";"1";"1";"1";""
"202400054391";"155686143";"B01";"1";"80";"0";"2";"4";"11";"3";""
"202400054392";"155686141";"B01";"1";"10";"0";"1";"4";"20";"0";""
"202400054393";"155686136";"B01";"2";"32";"0";"2";"2";"16";"1";""
"202400054393";"155686139";"A01";"2";"30";"0";"2";"1";"1";"1";""
"202400054394";"155686133";"A01";"3";"7";"0";"2";"0";"0";"0";""
"202400054394";"155686134";"B01";"2";"50";"0";"2";"0";"0";"3";""
"202400054395";"155686128";"A01";"3";"1";"0";"2";"0";"0";"5";""
"202400054395";"155686131";"B01";"3";"50";"0";"2";"0";"0";"3";""
"202400054396";"155686130";"A01";"2";"7";"0";"2";"3";"11";"3";""
"202400054396";"155686137";"B01";"2";"1";"0";"2";"7";"2";"5";""
"202400054397";"155686127";"A01";"1";"10";"0";"0";"4";"23";"1";""
"202400054397";"155686129";"D01";"1";"7";"0";"2";"4";"23";"1";""
"202400054397";"155686132";"C01";"1";"7";"0";"2";"4";"23";"1";""
"202400054397";"155686135";"B01";"1";"7";"0";"2";"4";"23";"1";""
"202400054397";"155686138";"E01";"1";"7";"2";"0";"4";"23";"1";""
"202400054397";"155686140";"F01";"1";"10";"0";"2";"1";"1";"1";""
"202400054398";"155686126";"A01";"2";"32";"8";"0";"1";"14";"1";""
"202400054399";"155686125";"A01";"3";"7";"1";"0";"3";"0";"1";""
"202400054400";"155686122";"A01";"1";"10";"0";"0";"7";"23";"1";""
"202400054400";"155686124";"B01";"1";"7";"1";"0";"3";"2";"1";""
"202400054401";"155686119";"Y01";"1";"60";"1";"2";"7";"0";"5";""
"202400054401";"155686120";"A01";"1";"33";"1";"2";"1";"1";"1";""
"202400054402";"155686118";"A01";"1";"10";"0";"2";"1";"2";"1";""
"202400054402";"155686121";"B01";"1";"7";"0";"2";"4";"2";"1";""
"202400054402";"155686123";"C01";"1";"7";"0";"2";"5";"2";"1";""